Time (UTC),12/26/25,12/27/25,12/28/25,12/29/25,12/30/25,12/31/25,01/01/26,01/02/26,01/03/26,01/04/26,01/05/26,01/06/26,01/07/26,01/08/26,01/09/26,01/10/26,01/11/26,01/12/26,01/13/26,01/14/26,01/15/26,01/16/26,01/17/26,01/18/26,01/19/26,01/20/26,01/21/26,01/22/26,01/23/26,01/24/26,01/25/26,01/26/26,01/27/26,01/28/26,01/29/26,01/30/26,01/31/26,02/01/26,02/02/26,02/03/26,02/04/26,02/05/26,02/06/26,02/07/26,02/08/26,02/09/26,02/10/26,02/11/26,02/12/26,02/13/26,02/14/26,02/15/26,02/16/26,02/17/26,02/18/26,02/19/26,02/20/26,02/21/26,02/22/26,02/23/26,02/24/26,02/25/26,02/26/26,02/27/26,02/28/26,03/01/26,03/02/26,03/03/26,03/04/26,03/05/26,03/06/26,03/07/26,03/08/26,03/09/26,03/10/26,03/11/26,03/12/26,03/13/26,03/14/26,03/15/26,03/16/26,03/17/26,03/18/26,03/19/26,03/20/26,03/21/26,03/22/26,03/23/26,03/24/26,03/25/26,03/26/26,03/27/26,03/28/26,03/29/26,03/30/26,03/31/26,04/01/26,04/02/26,04/03/26,04/04/26,04/05/26,04/06/26,04/07/26,04/08/26,04/09/26,04/10/26,04/11/26,04/12/26,04/13/26,04/14/26,04/15/26,04/16/26,04/17/26,04/18/26,04/19/26,04/20/26,04/21/26,04/22/26,04/23/26,04/24/26,04/25/26,04/26/26,04/27/26,04/28/26,04/29/26,04/30/26,05/01/26,05/02/26,05/03/26,05/04/26,05/05/26,05/06/26,05/07/26,05/08/26,05/09/26,05/10/26,05/11/26,05/12/26,05/13/26,05/14/26,05/15/26,05/16/26,05/17/26,05/18/26,05/19/26,05/20/26,05/21/26,05/22/26,05/23/26,05/24/26,05/25/26,05/26/26,05/27/26,05/28/26,05/29/26,05/30/26,05/31/26,06/01/26,06/02/26,06/03/26,06/04/26,06/05/26,06/06/26,06/07/26,06/08/26,06/09/26,06/10/26,06/11/26,06/12/26,06/13/26,06/14/26,06/15/26,06/16/26,06/17/26,06/18/26,06/19/26,06/20/26,06/21/26,06/22/26,06/23/26,06/24/26,06/25/26,06/26/26,06/27/26,06/28/26,06/29/26,06/30/26,07/01/26,07/02/26,07/03/26,07/04/26,07/05/26,07/06/26,07/07/26,07/08/26,07/09/26,07/10/26,07/11/26,07/12/26,07/13/26,07/14/26,07/15/26,07/16/26,07/17/26,07/18/26,07/19/26,07/20/26,07/21/26,07/22/26,07/23/26,07/24/26,07/25/26,07/26/26,07/27/26,07/28/26,07/29/26,07/30/26,07/31/26,08/01/26,08/02/26,08/03/26,08/04/26,08/05/26,08/06/26,08/07/26,08/08/26,08/09/26,08/10/26,08/11/26,08/12/26,08/13/26
00:00,,0.0,0.0,0.0,0.0,0.0,0.0,0.13333333333333333,0.0,0.0,0.0,0.0,0.0,0.0,0.19999999999999998,0.0,0.0,0.0,0.0,0.0,0.0,0.0,0.0,0.0,0.0,0.0,0.0,0.0,0.0,0.0,0.06666666666666667,0.0,0.0,0.0,0.0,,0.0,0.0,0.0,0.0,0.0,0.0,0.13333333333333333,0.0,0.0,0.0,0.0,0.06666666666666667,0.0,0.0,0.0,0.06666666666666667,0.0,0.0,0.0,0.06666666666666667,0.0,0.0,0.0,0.0,0.0,0.0,0.13333333333333333,0.0,0.0,0.06666666666666667,0.06666666666666667,0.0,0.0,0.0,0.06666666666666667,0.0,0.0,0.0,0.06666666666666667,0.0,0.06666666666666667,0.06666666666666667,0.0,0.0,0.0,0.0,0.06666666666666667,0.0,0.0,0.0,0.06666666666666667,0.06666666666666667,0.06666666666666667,0.0,0.0,0.0,0.0,0.0,0.06666666666666667,0.0,0.0,0.0,0.0,0.0,0.0,0.13333333333333333,0.0,0.06666666666666667,0.06666666666666667,0.0,0.26666666666666666,0.0,0.06666666666666667,0.06666666666666667,0.13333333333333333,0.5333333333333333,0.0,0.0,0.5333333333333333,0.39999999999999997,0.0,0.0,0.0,0.0,0.06666666666666667,0.06666666666666667,0.0,0.0,0.0,0.26666666666666666,0.0,0.06666666666666667,0.06666666666666667,0.26666666666666666,,,,,,,,,,,,,,,0.0,0.0,0.0,0.0,0.06666666666666667,0.0,0.06666666666666667,0.06666666666666667,0.13333333333333333,0.0,0.0,0.0,0.0,,0.13333333333333333,0.0,0.0,0.0,0.0,0.0,0.0,,,0.0,0.06666666666666667,0.13333333333333333,0.0,0.0,0.13333333333333333,0.06666666666666667,0.13333333333333333,0.3333333333333333,0.13333333333333333,0.06666666666666667,0.13333333333333333,0.06666666666666667,0.06666666666666667,0.13333333333333333,0.13333333333333333,0.06666666666666667,0.06666666666666667,0.06666666666666667,0.26666666666666666,0.0,0.3333333333333333,0.13333333333333333,0.39999999999999997,0.9333333333333335,0.13333333333333333,0.13333333333333333,0.06666666666666667,0.06666666666666667,0.20000000000000004,0.20000000000000004,0.0,0.0,0.06666666666666667,0.0,0.3333333333333333,0.06666666666666667,0.13333333333333333,0.26666666666666666,0.3333333333333333,0.0,0.13333333333333333,0.3333333333333333,,0.20000000000000004,0.26666666666666666,0.06666666666666667,0.13333333333333333,0.3333333333333333,0.06666666666666667,0.06666666666666667,0.13333333333333333,0.0,0.06666666666666667,0.0,0.13333333333333333,0.20000000000000004,0.26666666666666666,0.0,0.13333333333333333,0.20000000000000004,0.20000000000000004,0.13333333333333333,0.26666666666666666
00:30,,0.0,0.0,0.0,0.0,0.0,0.0,0.06666666666666667,0.0,0.0,0.0,0.0,0.0,0.0,0.0,0.0,0.0,0.0,0.0,0.0,0.0,0.0,0.0,0.0,0.0,0.0,0.06666666666666667,0.0,0.0,0.0,0.0,0.0,0.0,0.0,0.0,,0.0,0.0,0.0,0.0,0.0,0.0,0.0,0.06666666666666667,0.0,0.0,0.0,0.0,0.0,0.06666666666666667,0.0,0.26666666666666666,0.0,0.0,0.06666666666666667,0.06666666666666667,0.0,0.0,0.0,0.0,0.0,0.0,0.0,0.06666666666666667,0.06666666666666667,0.0,0.0,0.0,0.0,0.0,0.0,0.26666666666666666,0.0,0.0,0.0,0.0,0.06666666666666667,0.0,0.0,0.0,0.06666666666666667,0.0,0.13333333333333333,0.0,0.13333333333333333,0.06666666666666667,0.0,0.13333333333333333,0.0,0.0,0.0,0.0,0.0,0.0,0.06666666666666667,0.0,0.0,0.13333333333333333,0.0,0.0,0.39999999999999997,0.39999999999999997,0.06666666666666667,0.13333333333333333,0.13333333333333333,0.13333333333333333,0.0,0.0,0.13333333333333333,0.0,0.20000000000000004,0.7333333333333334,0.0,0.0,0.3333333333333333,0.26666666666666666,0.0,0.0,0.06666666666666667,0.0,0.0,0.0,0.0,0.06666666666666667,0.0,0.0,0.0,0.0,0.0,0.06666666666666667,,,,,,,,,,,,,,,0.0,0.0,0.0,0.06666666666666667,0.06666666666666667,0.0,0.13333333333333333,0.0,0.06666666666666667,0.0,0.26666666666666666,0.06666666666666667,0.0,,0.13333333333333333,0.0,0.0,0.0,0.0,0.0,0.0,,,0.0,0.0,0.0,0.06666666666666667,0.13333333333333333,0.06666666666666667,0.06666666666666667,0.0,0.26666666666666666,0.20000000000000004,0.06666666666666667,0.20000000000000004,0.13333333333333333,0.0,0.06666666666666667,0.20000000000000004,0.06666666666666667,0.06666666666666667,0.13333333333333333,0.13333333333333333,0.13333333333333333,0.13333333333333333,0.13333333333333333,0.39999999999999997,0.26666666666666666,0.26666666666666666,0.20000000000000004,0.26666666666666666,0.0,0.39999999999999997,0.39999999999999997,0.06666666666666667,0.0,0.06666666666666667,0.06666666666666667,0.13333333333333333,0.4666666666666666,0.13333333333333333,0.20000000000000004,0.26666666666666666,0.0,0.3333333333333333,0.06666666666666667,,0.19999999999999998,0.0,0.0,0.13333333333333333,0.13333333333333333,0.06666666666666667,0.0,0.0,0.06666666666666667,0.26666666666666666,0.0,0.0,0.26666666666666666,0.26666666666666666,0.06666666666666667,0.13333333333333333,0.06666666666666667,0.0,0.0,0.3333333333333333
01:00,,0.0,0.06666666666666667,0.0,0.0,0.0,0.0,0.0,0.0,0.0,0.0,0.0,0.0,0.0,0.0,0.0,0.0,0.0,0.0,0.0,0.0,0.0,0.0,0.0,0.0,0.0,0.06666666666666667,0.0,0.0,0.0,0.0,0.0,0.0,0.0,0.0,,0.0,0.0,0.0,0.06666666666666667,0.0,0.0,0.06666666666666667,0.0,0.0,0.0,0.0,0.0,0.13333333333333333,0.06666666666666667,0.0,0.06666666666666667,0.06666666666666667,0.0,0.0,0.0,0.06666666666666667,0.0,0.0,0.0,0.20000000000000004,0.0,0.0,0.06666666666666667,0.0,0.0,0.0,0.06666666666666667,0.0,0.0,0.06666666666666667,0.06666666666666667,0.0,0.0,0.06666666666666667,0.0,0.0,0.0,0.0,0.0,0.0,0.0,0.0,0.0,0.0,0.0,0.13333333333333333,0.0,0.0,0.13333333333333333,0.06666666666666667,0.0,0.0,0.0,0.20000000000000004,0.0,0.0,0.19999999999999998,0.0,0.0,0.0,0.06666666666666667,0.13333333333333333,0.26666666666666666,0.26666666666666666,0.06666666666666667,0.06666666666666667,0.0,0.0,0.0,0.20000000000000004,0.13333333333333333,0.0,0.0,0.0,0.19999999999999998,0.0,0.06666666666666667,0.0,0.0,0.19999999999999998,0.06666666666666667,0.06666666666666667,0.0,0.0,0.06666666666666667,0.06666666666666667,0.13333333333333333,0.0,0.06666666666666667,,,,,,,,,,,,,,,0.0,0.0,0.06666666666666667,0.0,0.39999999999999997,0.0,0.06666666666666667,0.0,0.0,0.0,0.13333333333333333,0.0,0.0,,0.20000000000000004,0.0,0.0,0.06666666666666667,0.0,0.0,0.0,,,0.0,0.0,0.06666666666666667,0.0,0.0,0.06666666666666667,0.26666666666666666,0.06666666666666667,0.20000000000000004,0.3333333333333333,0.06666666666666667,0.06666666666666667,0.13333333333333333,0.06666666666666667,0.20000000000000004,0.26666666666666666,0.0,0.0,0.13333333333333333,0.26666666666666666,0.20000000000000004,0.26666666666666666,0.06666666666666667,0.13333333333333333,0.39999999999999997,0.13333333333333333,0.26666666666666666,0.26666666666666666,0.06666666666666667,0.5333333333333333,0.26666666666666666,0.26666666666666666,0.20000000000000004,0.13333333333333333,0.0,0.39999999999999997,0.26666666666666666,0.13333333333333333,0.4666666666666666,0.13333333333333333,0.13333333333333333,0.4666666666666666,0.06666666666666667,,0.19999999999999998,0.13333333333333333,0.0,0.13333333333333333,0.0,0.06666666666666667,0.13333333333333333,0.0,0.0,0.06666666666666667,0.06666666666666667,0.20000000000000004,0.39999999999999997,0.06666666666666667,0.06666666666666667,0.13333333333333333,0.20000000000000004,0.13333333333333333,0.06666666666666667,0.3333333333333333
01:30,,0.0,0.0,0.0,0.0,0.06666666666666667,0.0,0.0,0.0,0.0,0.0,0.0,0.0,0.0,0.0,0.0,0.0,0.0,0.0,0.0,0.0,0.0,0.0,0.0,0.0,0.0,0.0,0.0,0.0,0.0,0.0,0.0,0.0,0.0,0.0,,0.0,0.0,0.0,0.0,0.0,0.0,0.0,0.0,0.06666666666666667,0.0,0.0,0.0,0.0,0.0,0.0,0.20000000000000004,0.4666666666666666,0.13333333333333333,0.26666666666666666,0.06666666666666667,0.3333333333333333,0.0,0.0,0.20000000000000004,0.0,0.0,0.0,0.0,0.13333333333333333,0.06666666666666667,0.13333333333333333,0.0,0.0,0.0,0.06666666666666667,0.0,0.0,0.0,0.0,0.06666666666666667,0.06666666666666667,0.0,0.0,0.0,0.06666666666666667,0.0,0.06666666666666667,0.0,0.0,0.0,0.0,0.0,0.20000000000000004,0.0,0.0,0.0,0.0,0.0,0.06666666666666667,0.0,0.13333333333333333,0.0,0.0,0.0,0.0,0.0,0.13333333333333333,0.0,0.20000000000000004,0.6666666666666666,0.0,0.06666666666666667,0.20000000000000004,0.0,0.06666666666666667,0.4000000000000001,0.13333333333333333,0.0,0.3333333333333333,0.20000000000000004,0.06666666666666667,0.0,0.0,0.0,0.06666666666666667,0.06666666666666667,0.06666666666666667,0.0,0.0,0.06666666666666667,0.0,0.06666666666666667,0.0,0.0,,,,,,,,,,,,,,,0.0,0.0,0.0,0.0,0.06666666666666667,0.13333333333333333,0.06666666666666667,0.13333333333333333,0.06666666666666667,0.0,0.06666666666666667,0.06666666666666667,0.0,,0.06666666666666667,0.06666666666666667,0.0,0.0,0.06666666666666667,0.0,0.0,,,0.0,0.06666666666666667,0.26666666666666666,0.0,0.0,0.0,0.0,0.39999999999999997,0.0,0.13333333333333333,0.0,0.13333333333333333,0.06666666666666667,0.06666666666666667,0.13333333333333333,0.20000000000000004,0.06666666666666667,0.0,0.06666666666666667,0.0,0.20000000000000004,0.06666666666666667,0.06666666666666667,0.4666666666666666,0.4666666666666666,0.13333333333333333,0.5333333333333333,0.0,0.0,0.4666666666666666,0.4000000000000001,0.0,0.13333333333333333,0.0,0.19999999999999998,0.06666666666666667,0.13333333333333333,0.8666666666666667,0.6666666666666666,0.3333333333333333,0.06666666666666667,0.4666666666666666,0.06666666666666667,,0.3333333333333333,0.0,0.13333333333333333,0.13333333333333333,0.0,0.0,0.06666666666666667,0.0,0.0,0.26666666666666666,0.20000000000000004,0.13333333333333333,0.13333333333333333,0.26666666666666666,0.06666666666666667,0.06666666666666667,0.06666666666666667,0.26666666666666666,0.20000000000000004,0.0
02:00,,0.0,0.0,0.0,0.0,0.0,0.0,0.0,0.0,0.0,0.0,0.0,0.0,0.0,0.0,0.0,0.0,0.0,0.0,0.0,0.0,0.0,0.0,0.0,0.0,0.0,0.0,0.0,0.0,0.0,0.0,0.0,0.0,0.0,0.0,,0.0,0.0,0.06666666666666667,0.0,0.06666666666666667,0.0,0.0,0.0,0.0,0.0,0.0,0.06666666666666667,0.0,0.0,0.0,0.0,0.06666666666666667,0.13333333333333333,0.0,0.06666666666666667,0.0,0.0,0.06666666666666667,0.06666666666666667,0.0,0.13333333333333333,0.06666666666666667,0.0,0.0,0.06666666666666667,0.0,0.0,0.06666666666666667,0.0,0.0,0.06666666666666667,0.06666666666666667,0.0,0.0,0.0,0.26666666666666666,0.06666666666666667,0.0,0.0,0.20000000000000004,0.0,0.0,0.0,0.06666666666666667,0.0,0.0,0.0,0.0,0.13333333333333333,0.0,0.0,0.0,0.0,0.0,0.0,0.0,0.13333333333333333,0.0,0.06666666666666667,0.0,0.0,0.19999999999999998,0.20000000000000004,0.13333333333333333,0.13333333333333333,0.0,0.0,0.6,0.0,0.06666666666666667,0.39999999999999997,0.0,0.0,0.20000000000000004,0.20000000000000004,0.0,0.06666666666666667,0.0,0.0,0.0,0.0,0.06666666666666667,0.06666666666666667,0.0,0.0,0.0,0.0,0.20000000000000004,0.0,,,,,,,,,,,,,,,0.0,0.0,0.06666666666666667,0.0,0.06666666666666667,0.0,0.20000000000000004,0.0,0.20000000000000004,0.06666666666666667,0.0,0.0,0.0,,0.06666666666666667,0.0,0.06666666666666667,0.13333333333333333,0.0,0.06666666666666667,0.0,,,0.0,0.06666666666666667,0.0,0.06666666666666667,0.13333333333333333,0.06666666666666667,0.06666666666666667,0.13333333333333333,0.06666666666666667,0.06666666666666667,0.20000000000000004,0.06666666666666667,0.13333333333333333,0.06666666666666667,0.0,0.0,0.0,0.06666666666666667,0.06666666666666667,0.20000000000000004,0.0,0.4000000000000001,0.0,0.6,0.26666666666666666,0.39999999999999997,0.13333333333333333,0.13333333333333333,0.06666666666666667,0.6,0.3333333333333333,0.20000000000000004,0.0,0.20000000000000004,0.06666666666666667,0.4666666666666666,0.06666666666666667,0.4666666666666666,0.4000000000000001,0.19999999999999998,0.20000000000000004,0.5333333333333333,0.0,,0.39999999999999997,0.06666666666666667,0.0,0.13333333333333333,0.0,0.06666666666666667,0.13333333333333333,0.06666666666666667,0.06666666666666667,0.20000000000000004,0.06666666666666667,0.20000000000000004,0.20000000000000004,0.3333333333333333,0.06666666666666667,0.06666666666666667,0.13333333333333333,0.13333333333333333,0.20000000000000004,0.0
02:30,,0.0,0.0,0.0,0.0,0.0,0.0,0.0,0.0,0.0,0.0,0.0,0.0,0.0,0.0,0.0,0.0,0.0,0.0,0.0,0.0,0.0,0.0,0.0,0.0,0.0,0.0,0.06666666666666667,0.0,0.0,0.0,0.0,0.0,0.0,0.0,,0.0,0.0,0.0,0.0,0.0,0.0,0.06666666666666667,0.0,0.0,0.0,0.0,0.0,0.06666666666666667,0.06666666666666667,0.0,0.06666666666666667,0.06666666666666667,0.06666666666666667,0.0,0.06666666666666667,0.0,0.0,0.0,0.0,0.0,0.0,0.06666666666666667,0.0,0.0,0.0,8.799999999999999,4.933333333333334,2.0,0.0,0.0,0.06666666666666667,0.0,0.0,0.0,0.0,0.26666666666666666,0.06666666666666667,0.0,0.0,0.0,11.266666666666666,0.0,0.19999999999999998,0.0,0.0,0.0,0.06666666666666667,0.0,0.0,0.06666666666666667,0.0,0.0,0.06666666666666667,0.06666666666666667,0.0,0.06666666666666667,0.06666666666666667,0.0,0.0,0.06666666666666667,0.0,0.0,0.0,0.7333333333333334,0.06666666666666667,0.13333333333333333,0.06666666666666667,0.13333333333333333,0.06666666666666667,0.0,0.26666666666666666,0.0,0.06666666666666667,0.3333333333333333,0.06666666666666667,0.06666666666666667,0.0,0.0,0.0,0.0,0.0,0.0,0.0,0.0,0.0,0.0,0.0,0.06666666666666667,0.0,,,,,,,,,,,,,,,0.13333333333333333,0.0,0.0,0.06666666666666667,0.13333333333333333,0.06666666666666667,0.06666666666666667,0.0,0.06666666666666667,0.13333333333333333,0.06666666666666667,0.0,0.06666666666666667,,0.06666666666666667,0.20000000000000004,0.0,0.06666666666666667,0.0,0.0,0.0,,,0.0,0.0,0.0,0.06666666666666667,0.0,0.0,0.13333333333333333,0.06666666666666667,0.20000000000000004,0.06666666666666667,0.0,0.13333333333333333,0.13333333333333333,0.06666666666666667,0.0,0.26666666666666666,0.06666666666666667,0.13333333333333333,0.20000000000000004,0.06666666666666667,0.20000000000000004,0.39999999999999997,0.13333333333333333,0.39999999999999997,0.20000000000000004,0.13333333333333333,0.26666666666666666,0.0,0.0,0.3333333333333333,0.26666666666666666,0.13333333333333333,0.26666666666666666,0.0,0.26666666666666666,0.39999999999999997,0.06666666666666667,0.13333333333333333,0.20000000000000004,0.20000000000000004,0.13333333333333333,0.26666666666666666,0.13333333333333333,,0.4666666666666666,0.13333333333333333,0.0,0.06666666666666667,0.13333333333333333,0.13333333333333333,0.0,0.0,0.0,0.20000000000000004,0.0,0.06666666666666667,0.4666666666666666,0.13333333333333333,0.06666666666666667,0.26666666666666666,0.13333333333333333,0.06666666666666667,0.13333333333333333,0.13333333333333333
03:00,,0.0,0.0,0.0,0.0,0.0,0.0,0.0,0.0,0.0,0.0,0.0,0.0,0.0,0.0,0.0,0.0,0.0,0.0,0.0,0.0,0.0,0.0,0.0,0.0,0.0,0.0,0.0,0.0,0.0,0.0,12.6,0.0,0.0,0.0,,0.0,0.0,0.0,0.0,0.0,0.0,0.0,0.0,0.0,0.0,0.0,0.0,0.06666666666666667,0.0,0.0,0.0,0.06666666666666667,0.06666666666666667,0.0,0.20000000000000004,0.0,0.06666666666666667,0.0,0.0,0.0,0.0,0.0,0.0,0.0,0.0,15.333333333333334,7.066666666666666,4.333333333333333,0.0,0.0,0.13333333333333333,0.0,0.0,0.0,0.0,0.06666666666666667,0.0,0.0,0.0,0.0,17.866666666666664,0.0,0.06666666666666667,2.0,1.6666666666666667,6.2,0.06666666666666667,0.06666666666666667,0.0,1.1333333333333333,11.266666666666666,4.8,3.533333333333333,0.0,2.3333333333333335,18.533333333333335,0.20000000000000004,1.5999999999999999,37.53333333333333,20.2,43.0,34.6,0.0,0.06666666666666667,8.0,0.06666666666666667,0.0,2.0,0.13333333333333333,0.06666666666666667,0.0,0.0,0.06666666666666667,0.13333333333333333,0.0,0.0,0.0,0.06666666666666667,0.0,0.0,0.0,0.0,0.0,0.06666666666666667,0.0,0.0,0.0,0.0,0.06666666666666667,,,,,,,,,,,,,,,0.06666666666666667,0.0,0.0,0.0,0.19999999999999998,0.06666666666666667,0.06666666666666667,0.0,0.13333333333333333,0.06666666666666667,0.3333333333333333,0.0,0.06666666666666667,,0.0,0.06666666666666667,0.0,0.06666666666666667,0.0,0.0,,,,0.0,0.0,0.0,0.06666666666666667,0.0,0.0,0.06666666666666667,0.13333333333333333,0.06666666666666667,0.26666666666666666,0.0,0.0,0.0,0.06666666666666667,0.13333333333333333,0.26666666666666666,0.0,0.3333333333333333,0.20000000000000004,0.20000000000000004,0.13333333333333333,0.0,0.0,0.3333333333333333,0.7333333333333334,0.26666666666666666,0.20000000000000004,0.13333333333333333,0.20000000000000004,0.5333333333333333,0.20000000000000004,0.0,0.06666666666666667,0.0,0.06666666666666667,0.13333333333333333,0.26666666666666666,0.6666666666666666,0.06666666666666667,0.06666666666666667,0.0,0.06666666666666667,0.13333333333333333,,0.26666666666666666,0.06666666666666667,0.0,0.06666666666666667,0.0,0.20000000000000004,0.5333333333333333,0.20000000000000004,0.06666666666666667,0.13333333333333333,0.13333333333333333,0.06666666666666667,0.5333333333333333,0.20000000000000004,0.06666666666666667,0.06666666666666667,0.20000000000000004,0.0,0.0,0.20000000000000004
03:30,,0.0,0.0,0.0,0.0,0.0,0.0,0.0,0.0,0.0,0.0,0.0,0.0,0.0,0.0,0.0,0.0,0.0,0.0,0.0,0.0,0.0,0.0,0.0,0.0,0.0,0.0,0.0,0.0,0.0,0.0,0.0,0.0,0.0,0.0,,0.0,0.0,0.0,0.0,0.0,3.3333333333333335,0.0,0.0,0.0,0.0,0.0,0.0,0.06666666666666667,0.0,0.0,0.0,0.06666666666666667,0.0,0.0,0.0,0.0,0.0,0.0,0.0,0.0,0.0,0.0,0.0,0.0,0.06666666666666667,0.0,0.0,0.0,0.0,0.0,0.26666666666666666,0.0,0.0,0.06666666666666667,0.0,0.06666666666666667,0.13333333333333333,0.0,0.0,0.13333333333333333,0.39999999999999997,0.0,5.2,0.06666666666666667,12.799999999999999,3.0,2.1333333333333333,0.0,0.06666666666666667,0.0,7.266666666666666,2.9333333333333336,3.266666666666666,0.0,0.6,19.53333333333333,0.26666666666666666,8.266666666666667,70.46666666666667,18.53333333333333,114.26666666666667,49.13333333333333,12.533333333333333,7.533333333333334,3.6666666666666665,33.733333333333334,5.666666666666667,0.0,12.933333333333335,0.0,0.06666666666666667,7.866666666666667,11.533333333333333,110.53333333333335,24.133333333333336,56.199999999999996,17.666666666666668,0.0,0.0,1.8,4.666666666666667,0.0,0.0,0.0,11.666666666666666,2.6666666666666665,36.733333333333334,0.0,0.0,,,,,,,,,,,,,,,0.0,0.0,0.0,0.0,0.06666666666666667,0.9333333333333332,0.06666666666666667,0.06666666666666667,0.0,0.20000000000000004,0.0,0.0,0.0,,0.19999999999999998,0.0,0.0,0.0,0.0,0.0,0.0,,,0.0,0.06666666666666667,0.0,0.06666666666666667,0.06666666666666667,0.06666666666666667,0.20000000000000004,0.0,0.26666666666666666,0.13333333333333333,0.0,0.13333333333333333,0.0,0.13333333333333333,0.0,0.0,0.26666666666666666,0.13333333333333333,0.13333333333333333,0.13333333333333333,0.26666666666666666,0.0,0.13333333333333333,0.3333333333333333,0.06666666666666667,0.26666666666666666,0.3333333333333333,0.06666666666666667,0.20000000000000004,0.20000000000000004,0.19999999999999998,0.13333333333333333,0.13333333333333333,0.0,0.06666666666666667,0.26666666666666666,0.06666666666666667,0.19999999999999998,0.06666666666666667,0.06666666666666667,0.0,0.13333333333333333,0.20000000000000004,,0.20000000000000004,0.13333333333333333,0.0,0.06666666666666667,0.0,0.06666666666666667,0.06666666666666667,0.13333333333333333,0.06666666666666667,0.0,0.0,0.06666666666666667,0.20000000000000004,0.06666666666666667,0.13333333333333333,0.0,0.20000000000000004,0.20000000000000004,0.26666666666666666,0.0
04:00,,0.06666666666666667,0.0,0.0,0.0,0.0,0.0,0.0,0.0,0.0,0.0,0.0,0.0,0.0,0.0,0.0,0.0,0.0,0.0,0.0,0.0,0.0,0.0,0.0,0.0,0.0,0.06666666666666667,0.0,0.0,0.0,0.0,0.0,0.0,0.0,0.06666666666666667,,0.0,0.0,0.0,0.0,0.0,0.0,0.0,0.0,0.0,0.0,0.0,0.0,0.0,0.0,0.0,0.0,0.0,0.0,0.13333333333333333,0.0,0.06666666666666667,0.0,0.0,0.0,0.0,0.0,0.0,0.0,0.0,0.0,0.13333333333333333,0.20000000000000004,0.0,0.0,0.0,0.20000000000000004,0.0,0.0,0.0,0.06666666666666667,0.13333333333333333,0.06666666666666667,0.0,0.0,0.0,4.866666666666666,0.0,0.0,11.333333333333334,0.0,4.2,0.0,0.0,0.13333333333333333,0.0,4.8,4.466666666666667,6.666666666666667,0.0,0.0,45.800000000000004,0.5333333333333333,0.8666666666666667,9.533333333333333,7.8,19.8,4.133333333333333,0.0,0.7333333333333334,0.6666666666666666,1.9333333333333333,0.7999999999999999,1.2666666666666668,0.13333333333333333,0.06666666666666667,0.0,4.866666666666666,29.2,105.06666666666666,24.733333333333334,167.6,10.4,1.4000000000000001,0.0,0.06666666666666667,92.73333333333333,0.3333333333333333,21.666666666666668,2.066666666666667,21.400000000000002,221.46666666666667,117.86666666666666,101.33333333333333,82.2,,,,,,,,,,,,,,,59.4,14.666666666666666,6.866666666666666,0.0,0.0,20.333333333333332,3.3333333333333335,0.06666666666666667,0.06666666666666667,0.06666666666666667,0.06666666666666667,0.06666666666666667,0.06666666666666667,,0.13333333333333333,0.0,0.0,0.0,0.0,0.1,0.06666666666666667,,,0.0,0.06666666666666667,0.0,0.0,0.19999999999999998,0.0,0.0,0.0,0.13333333333333333,0.0,0.0,0.0,0.0,0.0,0.13333333333333333,0.06666666666666667,0.20000000000000004,0.0,0.06666666666666667,0.0,0.13333333333333333,0.13333333333333333,0.0,0.3333333333333333,0.0,0.39999999999999997,0.46666666666666673,0.0,0.20000000000000004,0.20000000000000004,0.13333333333333333,0.06666666666666667,0.0,0.06666666666666667,0.06666666666666667,0.13333333333333333,0.13333333333333333,0.06666666666666667,0.26666666666666666,0.5333333333333333,0.0,0.06666666666666667,0.13333333333333333,,0.13333333333333333,0.26666666666666666,2.2666666666666666,0.3333333333333333,0.20000000000000004,0.06666666666666667,0.13333333333333333,0.13333333333333333,0.13333333333333333,0.0,0.06666666666666667,0.0,4.6,0.06666666666666667,0.26666666666666666,1.866666666666667,0.26666666666666666,28.333333333333332,12.933333333333332,0.7999999999999999
04:30,,0.0,0.0,0.0,0.0,0.0,0.0,0.06666666666666667,0.0,0.0,0.0,0.0,0.0,0.0,0.0,0.0,0.0,0.0,0.0,0.0,0.0,0.0,0.0,0.0,0.0,0.0,0.0,0.0,0.0,0.0,0.0,0.0,0.0,0.0,0.0,,0.0,0.0,0.0,0.0,0.0,0.0,0.0,0.0,0.06666666666666667,0.0,0.0,0.0,0.0,0.0,0.0,0.0,0.13333333333333333,0.06666666666666667,0.0,0.0,0.0,0.0,0.0,0.0,0.0,0.06666666666666667,0.06666666666666667,0.0,0.0,0.0,0.0,0.0,0.6666666666666666,0.0,0.0,0.0,0.0,0.0,0.0,0.0,0.06666666666666667,0.0,0.0,0.0,0.0,2.1333333333333333,0.0,0.06666666666666667,0.0,0.3333333333333333,1.1333333333333333,0.0,0.06666666666666667,0.0,0.06666666666666667,4.066666666666666,5.266666666666667,0.0,0.06666666666666667,0.0,31.26666666666667,0.20000000000000004,0.0,5.733333333333333,3.0,6.266666666666667,4.933333333333334,0.8666666666666667,0.0,9.0,1.6666666666666667,0.0,2.3333333333333335,0.0,0.13333333333333333,0.20000000000000004,2.0666666666666664,2.2666666666666666,27.333333333333332,44.4,32.199999999999996,7.2,0.0,1.2666666666666668,9.733333333333334,203.66666666666666,72.8,14.933333333333332,0.0,9.200000000000001,286.26666666666665,50.800000000000004,34.13333333333333,256.73333333333335,,,,,,,,,,,,,,,68.0,56.0,134.73333333333332,420.6666666666667,269.6666666666667,58.6,270.59999999999997,26.933333333333334,27.066666666666666,208.6,41.4,0.5333333333333333,1.0,,59.26666666666667,23.666666666666668,74.73333333333333,8.066666666666666,4.6000000000000005,8.200000000000001,0.7333333333333334,,,0.0,0.0,0.13333333333333333,0.3333333333333333,0.7333333333333334,0.06666666666666667,0.06666666666666667,0.0,0.06666666666666667,0.06666666666666667,0.0,0.0,0.0,0.0,0.13333333333333333,2.466666666666667,0.06666666666666667,0.06666666666666667,0.06666666666666667,0.0,0.06666666666666667,0.06666666666666667,0.6666666666666666,0.20000000000000004,0.06666666666666667,0.39999999999999997,0.06666666666666667,0.06666666666666667,0.06666666666666667,0.20000000000000004,0.26666666666666666,0.13333333333333333,0.13333333333333333,0.13333333333333333,0.0,1.5999999999999999,2.6,0.4666666666666666,0.8666666666666667,0.0,17.333333333333332,0.13333333333333333,,,0.0,0.9333333333333332,3.3333333333333335,7.8,0.0,0.0,5.066666666666666,5.533333333333334,0.13333333333333333,5.466666666666668,6.066666666666667,1.9333333333333333,15.799999999999999,0.6,7.666666666666667,8.133333333333333,0.9333333333333335,7.933333333333334,9.466666666666667,7.199999999999999
05:00,,0.0,0.0,0.0,0.0,0.0,0.0,0.0,0.0,0.0,0.0,0.0,0.0,0.0,0.0,0.0,0.0,0.0,0.0,0.0,0.0,0.0,0.0,0.0,0.0,0.0,0.0,0.0,0.0,0.0,0.0,0.0,0.0,0.0,0.0,,0.0,0.0,0.0,0.0,0.0,0.06666666666666667,0.0,0.0,0.0,0.0,0.0,0.0,0.0,0.19999999999999998,0.0,0.0,0.0,0.0,0.0,0.13333333333333333,0.0,0.0,0.0,0.0,0.0,0.0,0.0,0.0,0.0,0.06666666666666667,0.06666666666666667,0.06666666666666667,0.0,0.0,0.0,0.06666666666666667,0.06666666666666667,0.0,0.0,0.0,0.0,0.0,0.0,0.0,0.0,0.06666666666666667,0.0,0.13333333333333333,0.06666666666666667,0.4000000000000001,0.0,0.13333333333333333,0.06666666666666667,0.13333333333333333,0.0,0.3333333333333333,5.2,0.0,0.0,0.0,0.0,0.6,0.06666666666666667,0.0,7.333333333333333,8.533333333333333,3.733333333333333,0.0,0.06666666666666667,0.0,6.666666666666667,2.5333333333333337,0.4000000000000001,0.13333333333333333,0.06666666666666667,0.3333333333333333,0.06666666666666667,0.06666666666666667,11.466666666666667,29.133333333333336,21.133333333333333,6.0,0.0,0.0,42.333333333333336,50.46666666666667,8.466666666666667,9.799999999999999,0.06666666666666667,121.33333333333333,241.4666666666667,16.933333333333334,1.5333333333333334,255.26666666666665,,,,,,,,,,,,,,,15.066666666666668,22.599999999999998,29.333333333333332,178.46666666666667,130.13333333333333,7.733333333333333,206.33333333333334,50.800000000000004,40.13333333333333,226.20000000000002,32.93333333333333,2.7999999999999994,8.799999999999999,,193.9333333333333,80.39999999999999,178.0666666666667,6.2,22.46666666666667,78.26666666666667,,,,8.266666666666667,2.6666666666666665,9.133333333333333,0.20000000000000004,29.066666666666666,5.6000000000000005,1.5999999999999999,1.0,5.3999999999999995,23.0,7.333333333333333,5.066666666666666,2.066666666666667,3.1333333333333333,0.13333333333333333,5.466666666666668,6.6000000000000005,0.06666666666666667,0.0,0.06666666666666667,0.06666666666666667,1.2,0.13333333333333333,2.4,0.06666666666666667,0.20000000000000004,0.0,1.0666666666666667,3.1999999999999997,0.06666666666666667,0.0,0.20000000000000004,0.06666666666666667,0.6666666666666666,7.466666666666668,5.2,10.266666666666667,2.6,0.26666666666666666,41.2,12.266666666666666,7.466666666666666,,,5.933333333333334,15.199999999999998,9.733333333333333,11.333333333333334,4.666666666666667,8.533333333333333,17.133333333333333,5.333333333333333,8.0,4.666666666666667,13.666666666666666,16.666666666666668,17.066666666666666,3.6666666666666665,3.1333333333333333,3.266666666666667,8.733333333333333,1.4000000000000001,1.7333333333333334,
05:30,,0.0,0.0,0.0,0.0,0.0,0.0,0.0,0.0,0.0,0.0,0.0,0.0,0.0,0.0,0.0,0.0,0.0,0.0,0.0,0.0,0.0,0.06666666666666667,0.0,0.0,0.0,0.0,0.0,0.0,0.0,0.0,0.0,0.0,0.0,0.0,,0.0,0.0,0.0,0.0,0.0,0.0,0.06666666666666667,0.0,0.0,0.0,0.0,0.0,0.06666666666666667,0.0,0.26666666666666666,0.0,0.0,0.06666666666666667,0.0,0.0,0.0,0.0,0.0,0.0,0.0,0.0,0.0,0.0,0.0,0.0,0.20000000000000004,0.0,0.0,0.0,0.0,0.0,0.0,0.0,0.0,0.0,0.0,0.0,0.0,0.0,0.0,0.0,0.06666666666666667,0.20000000000000004,0.0,0.3333333333333333,0.13333333333333333,0.13333333333333333,0.06666666666666667,0.06666666666666667,0.0,0.06666666666666667,0.7333333333333334,0.0,0.0,0.0,0.06666666666666667,0.13333333333333333,0.06666666666666667,0.0,0.0,6.666666666666667,2.1333333333333333,0.13333333333333333,0.06666666666666667,0.0,5.933333333333334,0.0,0.3333333333333333,0.20000000000000004,1.5333333333333332,0.6,0.13333333333333333,0.26666666666666666,3.6,5.666666666666667,6.2,0.0,0.06666666666666667,0.06666666666666667,8.333333333333334,49.666666666666664,53.0,3.8000000000000003,0.0,120.2,125.13333333333333,9.933333333333332,39.333333333333336,141.6,,,,,,,,,,,,,,,14.666666666666666,1.7999999999999998,28.2,135.0,64.66666666666667,12.0,181.86666666666667,53.06666666666666,1.8,31.0,139.4,0.0,0.06666666666666667,,86.2,40.199999999999996,78.2,3.466666666666667,10.666666666666666,17.933333333333334,,,,40.53333333333333,0.3333333333333333,3.266666666666666,9.4,11.933333333333332,22.0,4.866666666666666,8.066666666666666,0.06666666666666667,16.666666666666668,19.599999999999998,9.333333333333334,9.333333333333334,8.466666666666667,10.666666666666666,3.3333333333333335,2.5333333333333337,28.733333333333334,0.20000000000000004,0.13333333333333333,5.666666666666667,0.20000000000000004,3.7999999999999994,0.13333333333333333,2.066666666666667,1.6666666666666667,1.4666666666666668,4.0,3.3333333333333335,18.133333333333333,11.799999999999999,16.666666666666668,0.8666666666666667,10.133333333333333,12.066666666666665,6.133333333333333,47.73333333333333,16.599999999999998,12.266666666666666,7.266666666666667,25.400000000000002,51.79999999999999,,,4.133333333333333,15.666666666666666,20.466666666666665,9.266666666666667,1.7333333333333334,7.133333333333333,4.0,19.133333333333336,5.066666666666666,1.7333333333333334,2.2,18.8,8.866666666666667,2.266666666666667,10.6,1.9333333333333333,6.0,1.2666666666666668,1.1333333333333333,
06:00,,0.0,0.0,0.0,0.0,0.0,0.0,0.0,0.0,0.0,0.0,0.0,0.0,0.0,0.0,0.0,0.06666666666666667,0.0,0.0,0.0,0.0,0.0,0.0,0.06666666666666667,0.0,0.0,0.0,0.0,0.0,0.0,0.0,0.0,0.0,0.0,0.0,,0.0,0.0,0.0,0.0,0.0,0.0,0.0,0.0,0.0,0.0,0.06666666666666667,0.0,0.0,0.0,0.13333333333333333,0.0,0.06666666666666667,0.0,0.06666666666666667,0.0,0.06666666666666667,0.0,0.0,0.0,0.0,0.0,0.0,0.0,0.0,0.0,0.06666666666666667,0.0,0.0,0.0,0.0,0.0,0.0,0.0,0.0,0.0,0.06666666666666667,0.0,0.0,0.0,0.0,0.0,0.0,0.13333333333333333,0.0,0.19999999999999998,0.0,0.19999999999999998,0.20000000000000004,0.06666666666666667,0.0,0.0,0.6,0.0,0.0,0.0,0.0,0.20000000000000004,0.0,0.0,0.39999999999999997,0.06666666666666667,3.3333333333333335,0.06666666666666667,0.13333333333333333,0.0,16.666666666666668,0.0,0.26666666666666666,0.06666666666666667,0.7999999999999999,0.4666666666666666,0.13333333333333333,0.06666666666666667,4.933333333333334,180.0,1.0,0.06666666666666667,14.266666666666666,3.0,2.3333333333333335,8.6,134.6,0.0,0.06666666666666667,205.79999999999998,201.79999999999998,0.0,27.133333333333336,212.33333333333334,,,,,,,,,,,,,,,10.799999999999999,1.9333333333333333,140.06666666666666,103.06666666666666,40.53333333333333,2.4,100.46666666666665,27.066666666666666,0.06666666666666667,21.933333333333334,176.0,0.06666666666666667,0.0,,84.39999999999999,5.8,28.133333333333336,0.06666666666666667,0.39999999999999997,0.0,,,,3.6,0.0,13.200000000000001,17.666666666666668,13.333333333333334,18.400000000000002,22.333333333333332,30.933333333333337,15.066666666666668,9.266666666666667,14.733333333333334,27.13333333333333,2.933333333333333,18.2,11.0,11.133333333333335,5.3999999999999995,16.466666666666665,19.133333333333333,12.466666666666667,5.466666666666666,3.6,19.133333333333333,15.399999999999999,1.0666666666666667,29.400000000000002,1.7333333333333334,6.666666666666667,4.866666666666666,3.733333333333333,1.0666666666666667,24.8,12.666666666666666,14.866666666666665,3.533333333333333,24.53333333333333,6.866666666666667,4.466666666666667,4.6,5.6000000000000005,12.733333333333334,4.3999999999999995,,,16.2,8.866666666666667,1.2,34.666666666666664,1.0666666666666667,2.066666666666667,6.0,1.8,4.6,0.0,0.26666666666666666,4.0,2.6666666666666665,2.1333333333333333,3.8000000000000003,6.6000000000000005,0.13333333333333333,0.26666666666666666,0.06666666666666667,
06:30,,0.0,0.0,0.0,1.7333333333333334,0.0,0.0,0.0,0.0,0.0,0.0,0.0,0.0,0.0,0.0,0.0,0.0,0.0,0.0,0.0,0.0,0.0,0.0,0.0,0.0,0.0,0.0,0.0,0.0,0.0,0.0,0.0,0.0,0.06666666666666667,0.0,,0.0,0.0,0.0,0.0,0.0,0.0,0.0,0.0,0.0,0.0,0.0,0.0,0.06666666666666667,0.0,0.20000000000000004,0.06666666666666667,0.0,0.06666666666666667,0.0,0.06666666666666667,0.0,0.0,0.0,0.13333333333333333,0.06666666666666667,0.0,0.0,0.0,0.0,0.0,0.0,0.13333333333333333,0.06666666666666667,0.0,0.0,0.0,0.0,0.0,0.0,0.0,0.0,0.0,0.0,0.0,0.06666666666666667,0.0,0.0,0.13333333333333333,0.13333333333333333,0.13333333333333333,0.20000000000000004,0.13333333333333333,0.06666666666666667,0.0,0.0,0.0,0.0,0.0,0.0,0.0,0.06666666666666667,0.13333333333333333,0.0,0.06666666666666667,0.06666666666666667,0.39999999999999997,4.0,0.3333333333333333,0.0,0.0,22.266666666666666,2.466666666666667,0.6666666666666666,0.06666666666666667,1.2666666666666666,0.19999999999999998,0.13333333333333333,0.06666666666666667,2.066666666666667,76.73333333333333,59.800000000000004,0.0,0.0,0.0,0.0,16.266666666666666,37.46666666666667,0.0,0.0,18.400000000000002,62.53333333333334,13.066666666666668,14.6,393.8666666666666,,,,,,,,,,,,,,,16.400000000000002,0.13333333333333333,43.13333333333333,109.2,20.0,11.666666666666666,16.066666666666666,5.533333333333332,0.0,0.7999999999999999,156.2,0.0,0.0,,119.06666666666668,47.53333333333333,2.6666666666666665,4.8,0.0,2.066666666666667,,,,3.533333333333333,6.0,2.466666666666667,0.9333333333333332,6.666666666666667,5.333333333333333,8.733333333333333,4.466666666666667,0.5333333333333333,12.600000000000001,6.866666666666667,23.400000000000002,0.5333333333333333,3.1333333333333333,12.799999999999999,0.26666666666666666,10.6,5.8,0.26666666666666666,7.866666666666666,1.5333333333333334,2.066666666666667,10.866666666666665,7.6000000000000005,0.3333333333333333,10.4,10.866666666666667,4.266666666666667,1.6000000000000003,11.0,0.4666666666666666,3.9333333333333336,10.533333333333333,2.6666666666666665,7.066666666666667,19.2,13.866666666666667,4.6,0.06666666666666667,7.066666666666667,7.933333333333333,0.13333333333333333,,,0.4666666666666666,32.800000000000004,1.0000000000000002,23.066666666666666,1.1333333333333335,7.333333333333333,2.2,3.6,2.3333333333333335,0.06666666666666667,2.2666666666666666,8.4,8.333333333333334,0.13333333333333333,0.20000000000000004,2.6666666666666665,0.19999999999999998,4.466666666666667,0.13333333333333333,
07:00,,0.0,0.0,0.0,0.0,0.0,0.0,0.06666666666666667,0.0,0.0,0.0,0.0,0.0,0.0,0.0,0.0,0.0,0.0,0.0,0.0,0.0,0.0,0.0,0.0,0.0,0.0,0.0,0.0,0.0,0.0,0.0,0.0,0.0,0.0,0.0,,0.0,0.0,0.0,0.0,0.0,0.0,0.0,0.06666666666666667,0.0,0.0,0.0,0.06666666666666667,0.06666666666666667,0.0,0.0,0.0,0.0,0.0,0.0,0.0,0.06666666666666667,0.0,0.0,0.06666666666666667,0.0,0.0,0.06666666666666667,0.0,0.0,0.0,0.0,0.06666666666666667,0.13333333333333333,0.0,0.0,0.0,0.0,0.0,0.0,0.0,0.0,0.0,0.0,0.06666666666666667,0.06666666666666667,0.0,0.0,0.0,0.0,0.26666666666666666,0.20000000000000004,0.06666666666666667,0.06666666666666667,0.06666666666666667,0.0,0.06666666666666667,0.0,0.0,0.0,0.06666666666666667,0.06666666666666667,0.20000000000000004,0.0,0.13333333333333333,0.06666666666666667,4.0,0.0,0.06666666666666667,0.06666666666666667,5.066666666666666,1.4666666666666668,0.0,0.4000000000000001,0.0,0.8666666666666667,0.13333333333333333,3.933333333333333,3.466666666666667,0.13333333333333333,18.266666666666666,85.73333333333333,0.0,0.0,0.0,2.066666666666667,4.6000000000000005,21.933333333333334,18.0,0.0,6.933333333333334,0.26666666666666666,3.466666666666667,42.73333333333333,230.13333333333333,,,,,,,,,,,,,,,1.9333333333333333,3.6,3.6,75.66666666666667,2.6,4.866666666666667,16.533333333333335,0.9333333333333332,0.06666666666666667,6.0,29.266666666666666,0.0,0.13333333333333333,,79.8,18.2,0.0,0.0,0.0,0.0,,,,0.0,7.0,12.133333333333333,0.13333333333333333,0.6,3.4,1.2,1.0666666666666667,0.06666666666666667,25.599999999999998,11.066666666666668,3.733333333333333,12.466666666666667,5.266666666666667,23.533333333333335,0.20000000000000004,0.3333333333333333,1.1333333333333333,0.26666666666666666,4.0,0.0,5.466666666666666,6.933333333333334,0.20000000000000004,0.0,0.13333333333333333,0.20000000000000004,0.13333333333333333,1.866666666666667,1.7333333333333334,0.0,10.066666666666666,0.0,4.066666666666666,1.2,2.466666666666667,3.3333333333333335,4.0,1.5333333333333332,0.13333333333333333,5.733333333333333,2.6666666666666665,,,13.333333333333334,16.0,1.5999999999999999,7.866666666666667,2.4,0.06666666666666667,3.5333333333333337,11.666666666666666,1.9333333333333333,0.13333333333333333,0.0,15.733333333333334,0.20000000000000004,0.13333333333333333,5.133333333333334,2.2666666666666666,1.9333333333333336,0.0,1.3999999999999997,
07:30,,0.0,0.0,0.0,0.0,0.0,0.0,0.0,0.0,0.0,0.0,0.0,0.0,0.0,0.0,0.0,0.0,0.0,0.0,0.0,0.0,0.0,0.06666666666666667,0.0,0.0,0.0,0.0,0.0,0.0,0.0,0.0,0.0,0.0,0.0,0.0,,0.0,0.0,0.0,0.0,0.0,0.0,0.0,0.0,0.0,0.0,0.0,0.06666666666666667,0.0,0.06666666666666667,0.0,0.0,0.0,0.06666666666666667,0.0,0.06666666666666667,0.0,0.13333333333333333,0.0,0.06666666666666667,0.0,0.0,0.0,0.0,0.0,0.0,0.06666666666666667,0.0,0.06666666666666667,0.0,0.06666666666666667,0.0,0.0,0.06666666666666667,0.06666666666666667,0.0,0.0,0.13333333333333333,0.0,0.0,0.0,0.06666666666666667,0.06666666666666667,0.19999999999999998,0.0,0.20000000000000004,0.0,0.06666666666666667,0.13333333333333333,0.0,0.0,0.0,0.06666666666666667,0.0,0.0,0.06666666666666667,0.0,0.26666666666666666,0.0,0.13333333333333333,0.06666666666666667,2.7999999999999994,0.0,0.0,0.0,4.933333333333334,19.066666666666666,0.06666666666666667,3.1999999999999997,0.13333333333333333,1.6666666666666667,0.20000000000000004,0.13333333333333333,0.0,10.200000000000001,35.46666666666667,70.46666666666665,0.06666666666666667,0.0,0.0,0.06666666666666667,2.1999999999999997,2.7999999999999994,0.0,0.06666666666666667,3.8000000000000003,2.3333333333333335,3.0,72.53333333333333,148.53333333333333,,,,,,,,,,,,,,,0.06666666666666667,2.533333333333333,1.4000000000000001,38.4,1.4666666666666668,0.26666666666666666,8.0,0.06666666666666667,0.0,8.4,33.46666666666667,0.06666666666666667,2.2666666666666666,,15.4,44.13333333333333,2.2666666666666666,0.06666666666666667,0.0,0.0,,,,0.0,0.0,14.266666666666666,0.0,0.0,3.9333333333333336,3.0666666666666664,0.13333333333333333,2.8666666666666667,52.86666666666667,15.533333333333333,0.0,13.6,22.066666666666666,0.0,0.26666666666666666,0.20000000000000004,12.333333333333334,0.06666666666666667,3.3333333333333335,0.13333333333333333,0.20000000000000004,11.933333333333332,2.6666666666666665,6.3999999999999995,2.733333333333333,0.20000000000000004,2.0,0.3333333333333333,5.133333333333334,0.19999999999999998,0.20000000000000004,0.06666666666666667,0.0,1.2666666666666668,11.666666666666666,0.13333333333333333,10.799999999999999,0.06666666666666667,0.6666666666666666,1.4000000000000001,17.866666666666667,,,9.866666666666665,3.266666666666667,0.13333333333333333,2.4,0.0,0.06666666666666667,0.13333333333333333,2.4,0.13333333333333333,1.0,0.13333333333333333,0.13333333333333333,0.8000000000000002,0.26666666666666666,0.3333333333333333,0.13333333333333333,0.4666666666666666,0.13333333333333333,0.4666666666666666,
08:00,,0.0,0.0,0.0,0.0,0.0,0.0,0.06666666666666667,0.0,0.0,0.0,0.0,0.0,0.0,0.0,0.0,0.0,0.0,0.0,0.0,0.0,0.0,0.0,0.0,0.0,0.0,0.0,0.0,0.0,0.0,0.0,0.0,0.0,0.0,0.0,,0.0,0.0,0.0,0.0,0.0,0.0,0.0,0.0,0.0,0.0,0.0,0.0,0.0,0.0,0.0,0.0,0.0,0.0,0.0,0.0,0.0,0.0,0.06666666666666667,0.0,0.0,0.0,0.0,0.0,0.0,0.0,0.06666666666666667,0.06666666666666667,0.13333333333333333,0.0,0.0,0.0,0.06666666666666667,0.06666666666666667,0.06666666666666667,0.0,0.0,0.06666666666666667,0.0,0.0,0.0,0.0,0.0,0.06666666666666667,0.0,0.20000000000000004,0.13333333333333333,0.26666666666666666,0.13333333333333333,0.13333333333333333,0.0,0.20000000000000004,0.0,0.06666666666666667,0.06666666666666667,0.06666666666666667,0.13333333333333333,0.20000000000000004,5.6000000000000005,0.06666666666666667,0.0,18.2,0.0,0.06666666666666667,0.0,3.266666666666666,37.53333333333333,0.13333333333333333,0.19999999999999998,0.06666666666666667,3.3333333333333335,1.2666666666666666,0.0,0.20000000000000004,0.26666666666666666,8.733333333333334,97.93333333333334,0.0,6.133333333333333,2.533333333333333,2.9333333333333336,2.4,24.133333333333336,0.0,0.0,15.333333333333334,0.0,0.06666666666666667,88.8,151.73333333333335,,,,,,,,,,,,,,,3.266666666666667,6.0,0.0,40.199999999999996,3.6666666666666665,0.39999999999999997,21.533333333333335,0.06666666666666667,0.0,15.066666666666668,4.933333333333334,0.20000000000000004,0.06666666666666667,,6.333333333333333,141.4,0.9333333333333332,0.06666666666666667,0.0,0.0,,,,1.0,0.9333333333333332,2.5999999999999996,1.4,0.20000000000000004,0.0,7.733333333333333,2.466666666666667,1.3333333333333333,46.13333333333333,19.466666666666665,3.266666666666666,10.133333333333333,3.4,0.7333333333333334,0.06666666666666667,0.06666666666666667,3.0,0.0,0.13333333333333333,0.0,0.26666666666666666,0.06666666666666667,0.6,0.0,0.3333333333333333,0.06666666666666667,0.19999999999999998,0.06666666666666667,3.0666666666666664,0.13333333333333333,4.066666666666666,0.0,0.26666666666666666,2.9333333333333336,8.066666666666668,3.1999999999999997,0.19999999999999998,4.6,0.5333333333333333,1.4666666666666668,14.799999999999999,,,1.4000000000000001,4.6000000000000005,0.0,8.0,0.13333333333333333,0.0,0.13333333333333333,2.8000000000000003,0.06666666666666667,0.0,4.866666666666666,2.2666666666666666,14.133333333333335,0.13333333333333333,0.8666666666666667,0.20000000000000004,0.13333333333333333,3.4,0.06666666666666667,
08:30,,0.0,0.0,0.0,0.0,0.06666666666666667,0.0,0.0,0.0,0.0,0.0,0.0,0.0,0.0,0.0,0.0,0.0,0.0,0.0,0.0,0.0,0.0,0.0,0.0,0.0,0.0,0.0,0.0,0.0,0.0,0.0,0.0,0.0,0.06666666666666667,0.06666666666666667,,0.0,0.0,0.0,0.0,0.0,0.0,0.0,0.0,0.0,0.0,0.0,0.0,0.0,0.0,0.20000000000000004,0.0,0.0,0.0,0.06666666666666667,0.0,0.0,0.0,0.06666666666666667,0.0,0.06666666666666667,0.0,0.0,0.0,0.0,0.0,0.06666666666666667,0.0,0.13333333333333333,0.0,0.06666666666666667,0.0,0.0,0.0,0.0,0.0,0.0,0.0,0.0,0.0,0.0,0.0,0.06666666666666667,0.06666666666666667,0.0,0.20000000000000004,0.06666666666666667,0.39999999999999997,0.06666666666666667,0.06666666666666667,0.0,0.06666666666666667,0.0,0.13333333333333333,0.0,0.0,0.06666666666666667,0.39999999999999997,0.13333333333333333,0.0,0.13333333333333333,5.8,0.06666666666666667,0.13333333333333333,0.0,0.0,0.06666666666666667,3.1999999999999997,0.46666666666666673,0.0,2.733333333333333,1.3333333333333333,0.06666666666666667,0.13333333333333333,0.06666666666666667,15.0,59.0,0.0,0.0,0.06666666666666667,0.0,2.6666666666666665,1.3333333333333333,0.0,0.8000000000000002,1.8666666666666665,1.3333333333333333,1.0,80.8,301.2,,,,,,,,,,,,,,,0.7333333333333334,2.3333333333333335,0.06666666666666667,0.0,0.4666666666666666,0.06666666666666667,13.133333333333333,0.20000000000000004,0.06666666666666667,6.066666666666666,2.066666666666667,0.13333333333333333,0.0,,0.6,75.73333333333333,0.0,0.06666666666666667,0.0,0.0,,,,0.0,2.1333333333333333,2.6666666666666665,2.466666666666667,1.0666666666666667,0.8666666666666667,0.06666666666666667,4.6,1.0666666666666667,34.06666666666667,35.0,0.0,0.0,0.26666666666666666,2.0,0.3333333333333333,7.466666666666666,0.26666666666666666,0.13333333333333333,0.0,0.13333333333333333,0.20000000000000004,0.4666666666666666,0.3333333333333333,0.0,0.19999999999999998,3.0,0.13333333333333333,0.06666666666666667,5.533333333333332,3.6666666666666665,10.2,0.0,2.1333333333333333,5.533333333333334,0.5333333333333333,0.3333333333333333,0.20000000000000004,0.0,5.599999999999999,0.13333333333333333,6.666666666666667,,,0.06666666666666667,0.13333333333333333,2.533333333333333,3.4,1.2666666666666666,0.13333333333333333,0.13333333333333333,5.466666666666666,0.3333333333333333,0.13333333333333333,0.06666666666666667,0.06666666666666667,0.06666666666666667,0.06666666666666667,0.06666666666666667,0.13333333333333333,0.0,0.06666666666666667,0.13333333333333333,
09:00,,0.0,0.0,0.06666666666666667,0.0,0.0,0.0,0.0,0.0,0.0,0.0,0.0,0.0,0.0,0.0,0.0,0.0,0.0,0.0,0.0,0.0,0.0,0.0,0.06666666666666667,0.0,0.0,0.0,0.0,0.0,0.0,0.0,0.0,0.0,0.0,0.0,,0.0,0.0,0.0,0.0,0.0,0.0,0.0,0.0,0.0,0.0,0.0,0.0,0.0,0.06666666666666667,0.06666666666666667,0.0,0.13333333333333333,0.0,0.06666666666666667,0.0,0.0,0.0,0.06666666666666667,0.0,0.06666666666666667,0.0,0.0,0.0,0.0,0.0,0.0,0.0,0.20000000000000004,0.0,0.06666666666666667,0.06666666666666667,0.0,0.0,0.0,0.0,0.0,0.0,0.0,0.0,0.0,0.13333333333333333,0.06666666666666667,0.0,0.06666666666666667,0.6,0.26666666666666666,0.6,0.13333333333333333,0.13333333333333333,0.06666666666666667,0.06666666666666667,0.0,0.06666666666666667,0.0,0.0,0.06666666666666667,0.6666666666666666,0.06666666666666667,0.20000000000000004,0.13333333333333333,3.266666666666667,0.0,0.19999999999999998,0.0,0.0,1.8,0.0,0.4000000000000001,0.13333333333333333,1.5333333333333332,2.0,0.0,0.20000000000000004,1.5333333333333334,15.866666666666667,69.26666666666667,0.06666666666666667,5.0,0.06666666666666667,4.266666666666667,0.7999999999999999,0.8666666666666667,0.06666666666666667,2.3333333333333335,0.06666666666666667,0.0,0.0,72.8,176.73333333333335,,,,,,,,,,,,,,,2.733333333333334,0.0,0.6,0.4666666666666666,0.13333333333333333,3.8666666666666667,9.933333333333334,0.0,0.0,2.3333333333333335,0.0,0.0,0.0,,2.733333333333333,22.933333333333334,0.06666666666666667,2.0,0.0,0.0,,,,8.866666666666667,0.0,5.133333333333334,0.6,3.266666666666667,8.933333333333334,1.8666666666666665,0.0,0.13333333333333333,72.39999999999999,42.86666666666667,0.0,0.0,3.0666666666666664,2.533333333333333,0.39999999999999997,0.06666666666666667,0.13333333333333333,0.06666666666666667,0.06666666666666667,0.19999999999999998,2.466666666666667,0.06666666666666667,0.20000000000000004,0.06666666666666667,0.3333333333333333,0.06666666666666667,0.13333333333333333,0.19999999999999998,0.13333333333333333,0.20000000000000004,3.266666666666667,0.06666666666666667,1.8666666666666665,0.5333333333333333,4.533333333333334,0.9333333333333332,0.6666666666666666,0.39999999999999997,0.06666666666666667,5.733333333333333,0.06666666666666667,,,0.9333333333333335,0.20000000000000004,0.06666666666666667,4.933333333333334,1.5999999999999999,0.0,1.8,6.933333333333334,0.0,0.13333333333333333,0.4000000000000001,4.866666666666666,4.0,6.3999999999999995,1.3333333333333333,0.8666666666666667,1.5999999999999999,0.20000000000000004,0.3333333333333333,
09:30,,0.0,0.0,0.0,0.0,0.0,0.0,0.0,0.0,0.0,0.0,0.0,0.0,0.0,0.0,0.0,0.0,0.0,0.0,0.0,0.0,0.0,0.0,0.0,0.0,0.0,0.0,0.0,0.0,0.0,0.06666666666666667,0.0,0.0,0.0,0.0,,0.0,0.0,0.0,0.0,0.0,0.0,0.0,0.0,0.0,0.0,0.0,0.06666666666666667,0.0,0.13333333333333333,0.0,0.0,0.06666666666666667,0.06666666666666667,0.0,0.0,0.0,0.0,0.0,0.0,0.0,0.0,0.0,0.0,0.0,0.06666666666666667,0.06666666666666667,0.0,0.20000000000000004,0.0,0.06666666666666667,0.0,0.06666666666666667,0.0,0.0,0.13333333333333333,0.0,0.06666666666666667,0.0,0.0,0.13333333333333333,0.0,0.06666666666666667,0.06666666666666667,0.0,0.20000000000000004,0.06666666666666667,0.20000000000000004,0.06666666666666667,0.06666666666666667,0.0,0.06666666666666667,0.06666666666666667,0.06666666666666667,0.0,0.0,0.06666666666666667,0.13333333333333333,0.0,0.06666666666666667,0.0,0.0,0.06666666666666667,0.06666666666666667,0.13333333333333333,0.0,6.3999999999999995,0.06666666666666667,0.13333333333333333,0.20000000000000004,2.6666666666666665,1.3333333333333333,0.3333333333333333,0.0,0.20000000000000004,6.666666666666667,237.66666666666666,0.0,0.0,0.06666666666666667,0.0,0.19999999999999998,0.0,0.0,0.06666666666666667,0.5333333333333333,0.0,3.0,36.333333333333336,197.6,,,,,,,,,,,,,,,1.5999999999999999,0.13333333333333333,0.0,1.2,0.0,0.06666666666666667,0.5333333333333333,0.06666666666666667,0.06666666666666667,0.7333333333333334,0.26666666666666666,0.0,0.0,,0.06666666666666667,31.133333333333336,0.0,0.20000000000000004,0.0,0.0,,,,0.0,6.133333333333333,4.933333333333334,5.3999999999999995,0.5333333333333333,2.4,0.13333333333333333,0.0,0.1,40.733333333333334,2.1333333333333333,0.13333333333333333,0.26666666666666666,1.0666666666666667,0.13333333333333333,0.06666666666666667,0.20000000000000004,0.13333333333333333,0.26666666666666666,0.3333333333333333,0.06666666666666667,1.1333333333333335,2.1333333333333333,0.3333333333333333,0.06666666666666667,0.13333333333333333,2.2,9.733333333333334,0.20000000000000004,1.5999999999999999,1.0666666666666667,0.26666666666666666,0.13333333333333333,0.5333333333333333,8.266666666666667,0.06666666666666667,0.0,0.4000000000000001,0.06666666666666667,0.0,4.333333333333333,0.26666666666666666,,,2.9333333333333336,0.06666666666666667,0.13333333333333333,0.06666666666666667,0.13333333333333333,0.06666666666666667,0.19999999999999998,1.0,0.13333333333333333,0.0,0.20000000000000004,0.0,6.533333333333334,0.26666666666666666,2.6666666666666665,0.13333333333333333,0.06666666666666667,0.20000000000000004,0.20000000000000004,
10:00,,0.0,0.0,0.0,0.0,0.0,0.0,0.0,0.0,0.0,0.0,0.0,0.0,0.0,0.0,0.0,0.0,0.0,0.0,0.0,0.0,0.0,0.0,0.0,0.0,0.0,0.0,0.0,0.0,0.0,0.06666666666666667,0.0,0.0,0.0,0.06666666666666667,,0.0,0.0,0.0,0.06666666666666667,0.0,0.0,0.0,0.06666666666666667,0.0,0.0,0.0,0.0,0.0,0.0,0.0,0.0,0.0,0.06666666666666667,0.0,0.0,0.06666666666666667,0.0,0.0,0.0,0.0,0.0,0.0,0.0,0.0,0.0,0.06666666666666667,0.0,0.06666666666666667,0.0,0.06666666666666667,0.0,0.0,0.0,0.0,0.0,0.0,0.0,0.0,0.06666666666666667,0.0,0.0,0.0,0.06666666666666667,0.0,0.26666666666666666,0.20000000000000004,0.20000000000000004,0.13333333333333333,0.0,0.13333333333333333,0.0,0.06666666666666667,0.0,0.0,0.0,0.13333333333333333,0.6,0.0,0.20000000000000004,0.06666666666666667,0.06666666666666667,0.0,0.06666666666666667,0.06666666666666667,0.06666666666666667,0.06666666666666667,0.0,0.06666666666666667,0.0,2.8000000000000003,1.866666666666667,0.4000000000000001,0.13333333333333333,0.4666666666666666,2.533333333333333,112.39999999999999,0.0,0.0,0.20000000000000004,0.0,1.5999999999999999,0.0,0.0,0.0,2.466666666666667,0.9333333333333335,0.0,3.3333333333333335,105.26666666666665,,,,,,,,,,,,,,,0.8666666666666667,1.2,0.0,1.8,0.7333333333333334,2.0,0.0,0.0,0.13333333333333333,1.2,0.26666666666666666,0.06666666666666667,,,0.0,6.866666666666667,0.0,0.0,0.0,0.0,,,,0.0,0.0,0.06666666666666667,11.533333333333331,4.066666666666666,8.866666666666665,0.0,0.06666666666666667,6.533333333333334,29.53333333333333,3.6,0.06666666666666667,2.2,1.0666666666666667,0.06666666666666667,0.06666666666666667,0.0,0.13333333333333333,0.13333333333333333,0.19999999999999998,0.20000000000000004,0.13333333333333333,6.933333333333334,0.3333333333333333,0.0,1.6666666666666667,0.39999999999999997,0.5333333333333333,0.20000000000000004,1.4000000000000001,0.26666666666666666,0.4666666666666666,0.06666666666666667,0.0,1.9333333333333333,0.20000000000000004,0.20000000000000004,0.4000000000000001,0.06666666666666667,0.26666666666666666,0.3333333333333333,2.3333333333333335,,,0.20000000000000004,0.13333333333333333,0.06666666666666667,4.733333333333333,0.19999999999999998,0.3333333333333333,0.06666666666666667,0.06666666666666667,0.13333333333333333,0.0,0.13333333333333333,1.9333333333333333,1.4000000000000001,1.0,0.0,0.06666666666666667,0.20000000000000004,1.2666666666666666,0.4666666666666666,
10:30,,0.0,0.0,0.0,0.0,0.0,0.0,0.0,0.0,0.0,0.0,0.0,0.0,0.0,0.0,0.0,0.0,0.0,0.0,0.0,0.0,0.0,0.0,0.0,0.0,0.0,0.0,0.06666666666666667,0.0,0.0,0.06666666666666667,0.06666666666666667,0.0,0.0,0.0,,0.0,0.0,0.0,0.0,0.0,0.0,0.0,0.0,0.0,0.0,0.0,0.0,0.0,0.06666666666666667,0.06666666666666667,0.06666666666666667,0.06666666666666667,0.13333333333333333,0.0,0.0,0.0,0.0,0.0,0.0,0.0,0.0,0.0,0.0,0.0,0.0,0.0,0.0,0.13333333333333333,0.0,0.0,0.0,0.0,0.0,0.06666666666666667,0.0,0.0,0.0,0.0,0.0,0.0,0.0,0.0,0.13333333333333333,0.0,0.0,0.06666666666666667,0.6,0.06666666666666667,0.0,0.0,0.0,0.0,0.13333333333333333,0.0,0.0,0.13333333333333333,0.39999999999999997,0.0,0.13333333333333333,0.13333333333333333,0.06666666666666667,0.0,0.0,3.266666666666667,0.06666666666666667,0.20000000000000004,0.06666666666666667,0.0,0.06666666666666667,1.2666666666666666,1.0666666666666667,0.06666666666666667,0.20000000000000004,0.06666666666666667,0.0,91.66666666666667,0.13333333333333333,0.0,0.0,0.0,0.0,0.0,0.06666666666666667,0.0,0.26666666666666666,0.0,5.533333333333332,9.933333333333334,54.53333333333334,,,,,,,,,,,,,,,1.2666666666666666,5.866666666666667,0.0,0.0,1.8,0.0,3.7999999999999994,0.0,0.0,0.6,0.39999999999999997,0.0,,,0.0,0.06666666666666667,0.0,0.0,0.13333333333333333,0.06666666666666667,,,,0.0,0.0,0.06666666666666667,0.5333333333333333,0.0,0.39999999999999997,0.13333333333333333,0.0,19.599999999999998,0.0,0.13333333333333333,0.0,2.933333333333333,0.06666666666666667,0.0,0.06666666666666667,1.1333333333333333,0.8000000000000002,0.19999999999999998,0.3333333333333333,0.0,0.6666666666666666,0.06666666666666667,1.6666666666666667,0.13333333333333333,5.733333333333333,0.39999999999999997,0.20000000000000004,0.13333333333333333,0.26666666666666666,5.3999999999999995,0.26666666666666666,0.0,0.0,0.20000000000000004,0.39999999999999997,0.0,3.0666666666666664,0.13333333333333333,1.0,6.933333333333333,1.1333333333333333,,,0.13333333333333333,0.06666666666666667,1.0,0.06666666666666667,2.0,0.0,0.20000000000000004,1.8666666666666665,0.13333333333333333,0.06666666666666667,0.06666666666666667,3.1999999999999997,0.13333333333333333,2.1333333333333333,0.06666666666666667,0.06666666666666667,0.20000000000000004,0.20000000000000004,3.3333333333333335,
11:00,,0.0,0.0,0.0,0.0,0.0,0.0,0.0,0.0,0.0,0.0,0.0,0.0,0.0,0.0,0.0,0.0,0.0,0.0,0.0,0.0,0.0,0.06666666666666667,0.0,0.0,0.0,0.0,0.0,0.0,0.0,0.0,0.0,0.0,0.0,0.0,,0.0,0.0,0.0,0.0,0.0,0.0,0.0,0.0,0.0,0.0,0.0,0.06666666666666667,0.06666666666666667,0.0,0.13333333333333333,0.0,0.06666666666666667,0.0,0.0,0.0,0.6666666666666666,0.0,0.0,0.0,0.0,0.0,0.0,0.0,0.0,0.0,0.06666666666666667,0.06666666666666667,0.06666666666666667,0.06666666666666667,0.13333333333333333,0.0,0.0,0.0,0.0,0.0,0.0,0.0,0.0,0.0,0.0,0.1,0.0,0.0,0.0,0.06666666666666667,0.06666666666666667,0.13333333333333333,0.06666666666666667,0.0,0.20000000000000004,0.06666666666666667,0.0,0.06666666666666667,0.06666666666666667,0.0,0.06666666666666667,0.4000000000000001,0.0,0.13333333333333333,0.06666666666666667,0.20000000000000004,0.0,0.0,0.06666666666666667,2.4,0.0,0.13333333333333333,0.26666666666666666,0.06666666666666667,0.4666666666666666,1.0,0.06666666666666667,0.13333333333333333,4.133333333333334,1.7999999999999998,87.53333333333335,0.06666666666666667,0.0,0.06666666666666667,0.0,2.8000000000000003,0.0,0.0,0.0,0.0,0.0,0.0,10.6,16.866666666666667,,,,,,,,,,,,,,,0.0,2.8666666666666667,0.06666666666666667,1.2666666666666666,0.06666666666666667,0.06666666666666667,4.2,0.06666666666666667,0.13333333333333333,0.06666666666666667,0.06666666666666667,0.0,,,1.2666666666666666,9.200000000000001,0.0,0.06666666666666667,0.0,0.0,,,,0.0,0.0,0.19999999999999998,2.4,0.06666666666666667,0.0,0.06666666666666667,0.0,0.06666666666666667,0.06666666666666667,0.06666666666666667,0.06666666666666667,1.9333333333333333,2.466666666666667,0.13333333333333333,0.0,0.19999999999999998,0.06666666666666667,0.06666666666666667,0.06666666666666667,0.06666666666666667,0.6,0.13333333333333333,0.06666666666666667,0.26666666666666666,1.4666666666666668,0.13333333333333333,0.4666666666666666,18.933333333333334,0.6,0.13333333333333333,1.0,0.0,0.06666666666666667,0.06666666666666667,0.26666666666666666,0.26666666666666666,0.26666666666666666,0.06666666666666667,0.06666666666666667,0.20000000000000004,0.5333333333333333,,,0.13333333333333333,0.06666666666666667,0.3333333333333333,1.3333333333333333,0.0,0.13333333333333333,0.13333333333333333,0.0,0.0,0.0,0.20000000000000004,0.26666666666666666,0.06666666666666667,0.13333333333333333,0.13333333333333333,0.26666666666666666,0.06666666666666667,0.6,0.39999999999999997,
11:30,,0.0,0.0,0.0,0.0,0.0,0.0,0.0,0.0,0.0,0.0,0.0,0.0,0.0,0.0,0.0,0.0,0.0,0.0,0.0,0.0,0.0,0.0,0.0,0.0,0.0,0.0,0.06666666666666667,0.0,0.0,0.06666666666666667,0.0,0.0,0.0,0.0,,0.0,0.0,0.0,0.0,0.0,0.0,0.0,0.0,0.0,0.0,0.0,0.0,0.0,0.0,0.0,0.0,0.13333333333333333,0.0,0.0,0.06666666666666667,0.0,0.0,0.0,0.0,0.0,0.0,0.0,0.0,0.0,0.06666666666666667,0.06666666666666667,0.0,0.19999999999999998,0.06666666666666667,0.0,0.0,0.0,0.0,0.0,0.0,0.0,0.0,0.0,0.0,0.0,0.06666666666666667,0.0,0.13333333333333333,0.0,0.0,0.26666666666666666,0.13333333333333333,0.06666666666666667,0.0,0.06666666666666667,0.0,0.13333333333333333,0.20000000000000004,0.0,0.06666666666666667,0.06666666666666667,0.39999999999999997,0.06666666666666667,0.0,0.13333333333333333,0.13333333333333333,0.0,0.0,0.06666666666666667,0.0,0.0,0.0,0.39999999999999997,0.06666666666666667,0.20000000000000004,0.26666666666666666,0.13333333333333333,0.0,1.2,1.0666666666666667,30.53333333333333,0.0,0.0,0.06666666666666667,0.0,0.0,0.0,0.06666666666666667,0.0,3.0,5.3999999999999995,0.0,7.933333333333334,5.3999999999999995,,,,,,,,,,,,,,,0.0,0.0,0.06666666666666667,0.0,0.06666666666666667,0.06666666666666667,0.06666666666666667,0.20000000000000004,0.0,0.0,6.666666666666667,0.06666666666666667,,,0.0,0.0,0.0,0.0,0.06666666666666667,0.0,,,,0.0,0.0,0.06666666666666667,0.0,0.0,0.13333333333333333,0.0,0.13333333333333333,0.06666666666666667,0.3333333333333333,0.0,0.06666666666666667,0.13333333333333333,0.0,0.06666666666666667,0.06666666666666667,0.13333333333333333,0.06666666666666667,0.0,0.3333333333333333,0.13333333333333333,0.06666666666666667,0.13333333333333333,0.06666666666666667,0.13333333333333333,0.20000000000000004,0.13333333333333333,0.13333333333333333,0.06666666666666667,0.26666666666666666,0.06666666666666667,0.13333333333333333,0.06666666666666667,0.06666666666666667,0.2,0.13333333333333333,0.13333333333333333,0.26666666666666666,0.06666666666666667,0.06666666666666667,0.20000000000000004,0.06666666666666667,,,0.20000000000000004,0.06666666666666667,0.06666666666666667,0.0,0.06666666666666667,0.0,1.3333333333333333,0.20000000000000004,0.06666666666666667,0.0,0.13333333333333333,0.06666666666666667,0.13333333333333333,0.26666666666666666,0.26666666666666666,0.4000000000000001,0.3333333333333333,0.13333333333333333,0.4000000000000001,
12:00,,0.0,0.0,0.0,0.0,0.0,0.0,0.0,0.0,0.0,0.0,0.0,0.0,0.0,0.0,0.0,0.0,0.0,0.0,0.0,0.0,0.0,0.0,0.0,0.0,0.0,0.0,0.0,0.0,0.0,0.0,0.06666666666666667,0.0,0.0,0.06666666666666667,,0.0,0.0,0.0,0.0,0.0,0.0,0.06666666666666667,0.0,0.0,0.06666666666666667,0.0,0.0,0.0,0.0,0.0,0.13333333333333333,0.06666666666666667,0.06666666666666667,0.0,0.06666666666666667,0.0,0.0,0.13333333333333333,0.0,0.0,0.0,0.0,0.0,0.0,0.0,0.26666666666666666,0.0,0.0,0.0,0.06666666666666667,0.0,0.0,0.0,0.0,0.0,0.0,0.0,0.0,0.0,0.0,0.06666666666666667,0.0,0.0,0.0,0.06666666666666667,0.06666666666666667,0.06666666666666667,0.06666666666666667,0.0,0.0,0.0,0.13333333333333333,0.0,0.0,0.06666666666666667,0.06666666666666667,0.4666666666666666,0.06666666666666667,0.06666666666666667,0.06666666666666667,0.06666666666666667,0.0,0.13333333333333333,0.0,0.0,0.06666666666666667,0.0,0.4666666666666666,0.0,6.866666666666667,0.7999999999999999,0.06666666666666667,0.20000000000000004,0.13333333333333333,0.06666666666666667,0.5333333333333333,0.13333333333333333,0.0,0.0,0.06666666666666667,0.0,0.0,0.0,0.0,0.0,6.2,0.0,0.13333333333333333,0.0,,,,,,,,,,,,,,,0.0,0.0,0.0,0.0,0.26666666666666666,0.06666666666666667,0.13333333333333333,0.0,0.06666666666666667,0.0,0.13333333333333333,0.13333333333333333,,,0.0,0.0,0.06666666666666667,0.0,0.0,0.0,,,,0.0,0.06666666666666667,0.0,0.06666666666666667,0.06666666666666667,0.06666666666666667,0.0,0.13333333333333333,0.0,0.06666666666666667,0.06666666666666667,0.06666666666666667,0.0,0.0,0.0,0.06666666666666667,0.0,0.13333333333333333,0.06666666666666667,0.06666666666666667,0.13333333333333333,0.5333333333333333,0.06666666666666667,0.13333333333333333,0.26666666666666666,0.06666666666666667,0.13333333333333333,0.0,0.13333333333333333,0.26666666666666666,0.06666666666666667,0.06666666666666667,0.06666666666666667,0.0,0.0,0.13333333333333333,0.26666666666666666,0.20000000000000004,0.26666666666666666,0.26666666666666666,0.06666666666666667,0.13333333333333333,,,0.26666666666666666,0.20000000000000004,0.06666666666666667,0.06666666666666667,0.19999999999999998,0.13333333333333333,0.0,0.0,0.06666666666666667,0.0,0.13333333333333333,0.20000000000000004,0.06666666666666667,0.0,0.0,0.20000000000000004,0.06666666666666667,0.06666666666666667,0.20000000000000004,
12:30,,0.0,0.0,0.06666666666666667,0.0,0.0,0.0,0.0,0.0,0.0,0.0,0.0,0.0,0.0,0.0,0.0,0.0,0.0,0.0,0.0,0.0,0.0,0.0,0.0,0.0,0.0,0.06666666666666667,0.0,0.0,0.0,0.0,0.0,0.0,0.0,0.0,,0.0,0.0,0.0,0.0,0.0,0.0,0.20000000000000004,0.0,0.0,0.0,0.0,0.0,0.0,0.0,0.06666666666666667,0.13333333333333333,0.06666666666666667,0.06666666666666667,0.0,0.0,0.13333333333333333,0.0,0.06666666666666667,0.0,0.06666666666666667,0.0,0.0,0.0,0.0,0.0,0.20000000000000004,0.0,0.0,0.06666666666666667,0.0,0.0,0.0,0.0,0.0,0.0,0.06666666666666667,0.0,0.0,0.0,0.06666666666666667,0.13333333333333333,0.0,0.0,0.0,0.06666666666666667,0.20000000000000004,0.13333333333333333,0.0,0.13333333333333333,0.06666666666666667,0.0,0.06666666666666667,0.06666666666666667,0.0,0.0,0.06666666666666667,0.4666666666666666,0.0,0.13333333333333333,0.0,0.0,0.0,0.0,0.0,0.0,0.0,0.0,0.20000000000000004,0.06666666666666667,7.733333333333333,0.26666666666666666,0.06666666666666667,0.0,0.0,0.06666666666666667,0.13333333333333333,0.06666666666666667,0.06666666666666667,0.06666666666666667,0.0,0.06666666666666667,0.0,0.13333333333333333,0.06666666666666667,0.3333333333333333,0.0,0.26666666666666666,0.06666666666666667,0.20000000000000004,,,,,,,,,,,,,,,0.0,0.06666666666666667,0.0,0.13333333333333333,0.0,0.0,0.06666666666666667,0.0,0.0,0.06666666666666667,0.06666666666666667,0.20000000000000004,,,0.0,0.0,0.0,0.0,0.06666666666666667,0.06666666666666667,,,,0.0,0.0,0.0,0.0,0.06666666666666667,0.13333333333333333,0.06666666666666667,0.13333333333333333,0.0,0.13333333333333333,0.06666666666666667,0.0,0.0,0.06666666666666667,0.13333333333333333,0.0,0.0,0.20000000000000004,0.06666666666666667,0.13333333333333333,0.5333333333333333,0.06666666666666667,0.19999999999999998,0.3333333333333333,0.20000000000000004,0.13333333333333333,0.0,0.39999999999999997,0.26666666666666666,0.0,0.26666666666666666,0.20000000000000004,0.06666666666666667,0.13333333333333333,0.06666666666666667,0.06666666666666667,0.06666666666666667,0.06666666666666667,0.13333333333333333,0.06666666666666667,0.19999999999999998,0.0,,,0.13333333333333333,0.06666666666666667,0.0,0.13333333333333333,0.0,0.06666666666666667,0.19999999999999998,0.06666666666666667,0.06666666666666667,0.0,0.0,0.0,0.06666666666666667,0.13333333333333333,0.13333333333333333,0.13333333333333333,0.26666666666666666,0.06666666666666667,0.20000000000000004,
13:00,,0.0,0.0,0.0,0.0,0.0,0.0,0.0,0.0,0.0,0.0,0.0,0.0,0.0,0.0,0.0,0.0,0.0,0.0,0.0,0.0,0.0,0.0,0.0,0.0,0.0,0.0,0.0,0.06666666666666667,0.06666666666666667,0.0,0.0,0.0,0.0,0.0,,0.0,0.0,0.0,0.0,0.0,0.0,0.0,0.0,0.0,0.06666666666666667,0.0,0.0,0.0,0.06666666666666667,0.06666666666666667,0.0,0.0,0.06666666666666667,0.0,0.0,0.06666666666666667,0.0,0.0,0.0,0.0,0.0,0.0,0.0,0.0,0.0,0.0,0.0,0.0,0.06666666666666667,0.13333333333333333,0.0,0.0,0.06666666666666667,0.0,0.0,0.06666666666666667,0.0,0.0,0.0,0.0,0.06666666666666667,0.0,0.0,0.0,0.20000000000000004,0.0,0.06666666666666667,0.0,0.0,0.0,0.0,0.06666666666666667,0.13333333333333333,0.06666666666666667,0.0,0.06666666666666667,0.26666666666666666,0.13333333333333333,0.13333333333333333,0.26666666666666666,0.13333333333333333,0.06666666666666667,0.13333333333333333,0.0,0.13333333333333333,0.06666666666666667,0.06666666666666667,0.06666666666666667,0.06666666666666667,6.466666666666666,0.6,0.06666666666666667,0.13333333333333333,0.06666666666666667,0.13333333333333333,0.06666666666666667,0.13333333333333333,0.0,0.0,0.06666666666666667,0.06666666666666667,0.0,0.06666666666666667,0.0,0.0,0.06666666666666667,0.0,0.0,0.06666666666666667,,,,,,,,,,,,,,,0.3333333333333333,0.20000000000000004,0.0,0.26666666666666666,0.3333333333333333,0.13333333333333333,0.13333333333333333,0.0,0.0,0.06666666666666667,0.06666666666666667,0.0,,,0.06666666666666667,0.0,0.0,0.0,0.0,0.0,,,,0.0,0.0,0.0,0.0,0.0,0.06666666666666667,0.5333333333333333,0.13333333333333333,0.0,0.13333333333333333,0.06666666666666667,0.0,0.06666666666666667,0.0,0.06666666666666667,0.06666666666666667,0.06666666666666667,0.06666666666666667,0.06666666666666667,0.26666666666666666,0.20000000000000004,0.06666666666666667,0.13333333333333333,0.20000000000000004,0.26666666666666666,0.39999999999999997,0.26666666666666666,0.13333333333333333,0.20000000000000004,0.26666666666666666,0.13333333333333333,0.13333333333333333,0.0,0.0,0.06666666666666667,0.26666666666666666,0.13333333333333333,0.13333333333333333,0.4000000000000001,0.3333333333333333,0.0,0.26666666666666666,,,0.0,0.06666666666666667,0.0,0.0,0.06666666666666667,0.0,0.13333333333333333,0.20000000000000004,0.0,0.0,0.13333333333333333,0.0,0.13333333333333333,0.06666666666666667,0.3333333333333333,0.0,0.06666666666666667,0.3333333333333333,0.5333333333333333,
13:30,,0.0,0.0,0.0,0.0,0.0,0.0,0.0,0.0,0.0,0.0,0.0,0.0,0.0,0.0,0.0,0.0,0.0,0.0,0.0,0.0,0.0,0.0,0.0,0.0,0.0,0.0,0.0,0.06666666666666667,0.06666666666666667,0.0,0.0,0.0,0.0,0.0,,0.0,0.0,0.0,0.0,0.0,0.0,0.0,0.0,0.0,0.0,0.0,0.0,0.0,0.0,0.13333333333333333,0.0,0.0,0.0,0.0,0.0,0.0,0.0,0.0,0.0,0.0,0.06666666666666667,0.13333333333333333,0.0,0.0,0.0,0.13333333333333333,0.0,0.0,0.0,0.06666666666666667,0.0,0.0,0.0,0.0,0.0,0.13333333333333333,0.0,0.0,0.0,0.0,0.13333333333333333,0.0,0.0,0.0,0.0,0.13333333333333333,0.06666666666666667,0.06666666666666667,0.0,0.06666666666666667,0.06666666666666667,0.0,0.0,0.0,0.06666666666666667,0.0,0.46666666666666673,0.0,0.0,0.0,0.26666666666666666,0.0,0.06666666666666667,0.13333333333333333,0.13333333333333333,0.06666666666666667,0.4000000000000001,0.19999999999999998,0.06666666666666667,3.6,0.4000000000000001,0.06666666666666667,0.06666666666666667,0.06666666666666667,0.06666666666666667,0.0,0.39999999999999997,0.06666666666666667,0.0,0.0,0.0,0.0,0.06666666666666667,0.06666666666666667,0.13333333333333333,0.06666666666666667,0.06666666666666667,0.0,0.0,,,,,,,,,,,,,,,0.06666666666666667,0.0,0.06666666666666667,0.0,0.13333333333333333,0.13333333333333333,0.06666666666666667,0.0,0.06666666666666667,0.20000000000000004,0.20000000000000004,0.13333333333333333,,,0.0,0.0,0.06666666666666667,0.0,0.0,0.0,,,,0.0,0.0,0.0,0.0,0.06666666666666667,0.0,0.06666666666666667,0.0,0.06666666666666667,0.0,0.06666666666666667,0.0,0.0,0.0,0.0,0.06666666666666667,0.0,0.0,0.06666666666666667,0.13333333333333333,0.0,0.0,0.13333333333333333,0.20000000000000004,0.13333333333333333,0.13333333333333333,0.26666666666666666,0.06666666666666667,0.06666666666666667,0.3333333333333333,0.13333333333333333,0.20000000000000004,0.0,0.13333333333333333,0.26666666666666666,0.0,0.0,0.20000000000000004,0.20000000000000004,0.06666666666666667,0.06666666666666667,0.3333333333333333,,,0.13333333333333333,0.19999999999999998,0.06666666666666667,0.20000000000000004,0.0,0.06666666666666667,0.06666666666666667,0.06666666666666667,0.06666666666666667,0.0,0.13333333333333333,0.13333333333333333,0.06666666666666667,0.0,0.06666666666666667,0.13333333333333333,0.26666666666666666,0.3333333333333333,0.06666666666666667,
14:00,,0.0,0.0,0.0,0.0,0.0,0.06666666666666667,0.0,0.0,0.0,0.0,0.0,0.0,0.0,0.0,0.0,0.0,0.0,0.0,0.0,0.0,0.0,0.0,0.0,0.0,0.0,0.06666666666666667,0.0,0.0,0.0,0.0,0.0,0.0,0.0,0.0,,0.0,0.0,0.0,0.0,0.0,0.0,0.0,0.0,0.0,0.0,0.0,0.06666666666666667,0.0,0.06666666666666667,0.0,0.0,0.0,0.06666666666666667,0.0,0.06666666666666667,0.0,0.06666666666666667,0.0,0.0,0.06666666666666667,0.06666666666666667,0.0,0.0,0.0,0.0,0.0,0.0,0.0,0.19999999999999998,0.0,0.7333333333333334,0.06666666666666667,0.0,0.0,0.0,0.06666666666666667,0.0,0.0,0.06666666666666667,0.0,0.0,0.19999999999999998,0.0,0.0,0.06666666666666667,0.13333333333333333,0.19999999999999998,0.06666666666666667,0.0,0.0,0.0,0.06666666666666667,0.0,0.1,0.0,0.0,0.26666666666666666,0.06666666666666667,0.0,0.6,1.0666666666666667,0.0,0.0,0.06666666666666667,0.4666666666666666,0.13333333333333333,0.0,0.06666666666666667,0.0,1.0666666666666667,0.3333333333333333,0.06666666666666667,0.13333333333333333,0.06666666666666667,0.06666666666666667,0.0,0.20000000000000004,0.06666666666666667,0.0,0.13333333333333333,0.13333333333333333,0.06666666666666667,0.0,0.06666666666666667,0.06666666666666667,0.0,0.0,0.0,0.0,,,,,,,,,,,,,,,0.0,0.0,0.0,0.0,0.06666666666666667,0.13333333333333333,0.13333333333333333,0.06666666666666667,0.06666666666666667,0.0,0.13333333333333333,0.0,,,0.06666666666666667,0.0,0.0,0.26666666666666666,0.13333333333333333,0.0,,,,0.0,0.0,0.0,0.0,0.06666666666666667,0.0,0.0,0.0,0.0,0.20000000000000004,0.9333333333333332,0.0,0.06666666666666667,0.20000000000000004,0.20000000000000004,0.13333333333333333,0.20000000000000004,0.13333333333333333,0.06666666666666667,0.0,0.3333333333333333,0.20000000000000004,0.13333333333333333,0.26666666666666666,0.20000000000000004,0.3333333333333333,0.06666666666666667,0.06666666666666667,0.13333333333333333,0.4000000000000001,0.0,0.0,0.06666666666666667,0.0,0.06666666666666667,0.0,0.20000000000000004,0.3333333333333333,0.3333333333333333,0.13333333333333333,0.06666666666666667,0.26666666666666666,,,0.20000000000000004,0.0,0.06666666666666667,0.0,0.0,0.0,0.13333333333333333,0.13333333333333333,0.0,0.13333333333333333,0.26666666666666666,0.20000000000000004,0.26666666666666666,0.06666666666666667,0.06666666666666667,0.13333333333333333,0.0,0.3333333333333333,0.06666666666666667,
14:30,,0.0,0.0,0.0,0.0,0.0,0.0,0.0,0.06666666666666667,0.0,0.0,0.0,0.0,0.0,0.0,0.0,0.0,0.0,0.0,0.0,0.0,0.0,0.0,0.0,0.0,0.0,0.0,0.0,0.0,0.0,0.0,0.0,0.06666666666666667,0.0,0.0,,0.0,0.0,0.0,0.0,0.0,0.0,0.0,0.0,0.0,0.0,0.06666666666666667,0.3333333333333333,0.0,0.13333333333333333,0.0,0.0,1.3333333333333333,1.4000000000000001,0.06666666666666667,0.19999999999999998,0.0,0.0,0.0,0.0,0.06666666666666667,0.0,0.4666666666666666,0.0,0.0,0.0,0.3333333333333333,0.0,0.0,0.0,0.0,0.0,0.0,0.0,0.0,0.0,0.0,0.0,0.19999999999999998,0.06666666666666667,0.06666666666666667,0.0,0.0,0.0,0.06666666666666667,0.0,0.13333333333333333,0.06666666666666667,0.0,0.0,0.06666666666666667,0.06666666666666667,0.06666666666666667,0.0,0.0,0.06666666666666667,0.0,0.3333333333333333,0.13333333333333333,0.0,0.13333333333333333,0.06666666666666667,0.0,0.0,0.20000000000000004,0.20000000000000004,0.0,0.06666666666666667,0.0,0.0,1.3333333333333333,0.06666666666666667,0.06666666666666667,0.06666666666666667,0.4000000000000001,0.0,0.0,0.4000000000000001,0.06666666666666667,0.06666666666666667,0.06666666666666667,0.0,0.0,0.0,0.0,0.0,0.06666666666666667,0.0,0.0,0.13333333333333333,,,,,,,,,,,,,,,0.0,0.0,0.0,0.13333333333333333,0.13333333333333333,0.0,0.06666666666666667,0.0,0.0,0.06666666666666667,0.13333333333333333,0.06666666666666667,,,0.0,0.0,0.0,0.0,0.0,0.06666666666666667,,,,0.06666666666666667,0.06666666666666667,0.0,0.0,0.06666666666666667,0.0,0.0,0.19999999999999998,0.06666666666666667,0.19999999999999998,0.0,0.0,0.0,0.06666666666666667,0.06666666666666667,0.0,0.0,0.0,0.0,0.13333333333333333,0.13333333333333333,0.20000000000000004,0.13333333333333333,0.13333333333333333,0.20000000000000004,0.06666666666666667,0.13333333333333333,0.06666666666666667,0.13333333333333333,0.3333333333333333,0.13333333333333333,0.20000000000000004,0.0,0.13333333333333333,0.13333333333333333,0.06666666666666667,0.06666666666666667,0.20000000000000004,0.3333333333333333,0.3333333333333333,0.26666666666666666,1.2666666666666666,,,0.26666666666666666,0.06666666666666667,0.13333333333333333,0.0,0.0,0.26666666666666666,0.06666666666666667,0.13333333333333333,0.06666666666666667,0.0,0.06666666666666667,0.0,0.13333333333333333,0.06666666666666667,0.3333333333333333,0.13333333333333333,0.6,0.39999999999999997,0.46666666666666673,
15:00,,0.06666666666666667,0.0,0.0,0.0,0.0,0.0,0.0,0.0,0.0,0.0,0.0,0.0,0.0,0.0,0.0,0.0,0.0,0.0,0.0,0.0,0.0,0.0,0.0,0.13333333333333333,0.0,0.26666666666666666,0.0,0.0,0.0,0.0,0.0,0.0,0.0,0.0,,0.0,0.0,0.0,0.06666666666666667,0.13333333333333333,0.13333333333333333,0.06666666666666667,0.26666666666666666,1.1333333333333333,0.5333333333333333,0.6666666666666666,0.7999999999999999,0.13333333333333333,0.06666666666666667,0.13333333333333333,0.06666666666666667,0.06666666666666667,0.06666666666666667,0.06666666666666667,0.06666666666666667,0.0,0.0,0.0,0.0,0.19999999999999998,0.06666666666666667,0.13333333333333333,0.0,0.0,0.1,0.06666666666666667,0.26666666666666666,0.0,0.0,0.0,0.0,0.0,0.06666666666666667,0.0,0.06666666666666667,0.0,0.0,0.0,0.0,0.06666666666666667,0.06666666666666667,0.13333333333333333,0.0,0.0,0.0,0.0,0.26666666666666666,0.0,0.06666666666666667,0.0,0.0,0.0,0.06666666666666667,0.06666666666666667,0.13333333333333333,0.0,0.06666666666666667,0.0,0.06666666666666667,0.0,1.4666666666666668,0.06666666666666667,0.20000000000000004,2.3333333333333335,0.0,0.06666666666666667,0.0,0.13333333333333333,0.06666666666666667,0.06666666666666667,0.13333333333333333,0.0,0.0,0.0,0.0,0.06666666666666667,0.0,0.0,0.06666666666666667,0.0,0.0,0.06666666666666667,0.0,0.0,0.06666666666666667,0.0,0.0,0.0,0.13333333333333333,,,,,,,,,,,,,,,0.0,0.06666666666666667,0.0,0.06666666666666667,0.0,0.0,0.06666666666666667,0.13333333333333333,0.0,0.13333333333333333,0.0,0.20000000000000004,,,0.06666666666666667,0.0,0.0,0.0,0.0,0.0,,,,0.0,0.13333333333333333,0.0,0.06666666666666667,0.13333333333333333,0.0,0.06666666666666667,0.0,0.0,0.06666666666666667,0.0,0.0,0.06666666666666667,0.0,0.0,0.0,0.13333333333333333,0.0,0.13333333333333333,0.06666666666666667,0.13333333333333333,0.20000000000000004,0.06666666666666667,0.9333333333333332,0.26666666666666666,0.06666666666666667,0.20000000000000004,0.06666666666666667,0.13333333333333333,0.20000000000000004,0.06666666666666667,0.20000000000000004,0.06666666666666667,0.13333333333333333,0.13333333333333333,0.06666666666666667,0.13333333333333333,0.0,0.26666666666666666,0.20000000000000004,0.06666666666666667,0.06666666666666667,,,0.7999999999999999,0.26666666666666666,0.06666666666666667,0.06666666666666667,0.06666666666666667,0.06666666666666667,0.06666666666666667,0.26666666666666666,0.06666666666666667,0.0,0.0,0.13333333333333333,0.20000000000000004,0.19999999999999998,0.26666666666666666,0.06666666666666667,0.20000000000000004,0.0,0.20000000000000004,
15:30,,0.0,0.0,0.0,0.0,0.0,0.0,0.0,0.06666666666666667,0.0,0.0,0.0,0.0,0.0,0.0,0.0,0.0,0.0,0.0,0.0,0.0,0.0,0.0,0.06666666666666667,0.19999999999999998,0.0,0.0,0.06666666666666667,0.06666666666666667,0.0,0.0,0.0,0.0,0.0,0.0,,0.0,0.0,0.0,0.26666666666666666,0.26666666666666666,0.0,0.0,0.3333333333333333,0.0,0.0,0.5333333333333333,0.0,0.06666666666666667,0.13333333333333333,0.0,0.13333333333333333,0.06666666666666667,0.0,0.06666666666666667,0.0,0.0,0.0,0.0,0.06666666666666667,0.06666666666666667,0.13333333333333333,0.06666666666666667,0.0,0.39999999999999997,0.06666666666666667,0.06666666666666667,0.0,0.0,0.06666666666666667,0.0,0.0,0.0,0.0,0.0,0.06666666666666667,0.06666666666666667,0.0,0.0,0.0,0.13333333333333333,0.0,0.0,0.0,0.13333333333333333,0.0,0.0,0.3333333333333333,0.06666666666666667,0.06666666666666667,0.06666666666666667,0.0,0.0,0.06666666666666667,0.20000000000000004,0.06666666666666667,0.0,0.0,0.0,0.0,0.06666666666666667,0.0,0.06666666666666667,0.0,1.0666666666666667,0.0,0.0,0.06666666666666667,0.13333333333333333,0.0,0.19999999999999998,0.13333333333333333,0.06666666666666667,0.06666666666666667,0.13333333333333333,0.0,0.0,0.06666666666666667,0.0,0.0,0.06666666666666667,0.0,0.0,0.0,0.0,0.0,0.06666666666666667,0.06666666666666667,0.06666666666666667,0.06666666666666667,,,,,,,,,,,,,,,0.0,0.13333333333333333,0.06666666666666667,0.0,0.0,0.13333333333333333,0.0,0.06666666666666667,0.0,0.0,0.13333333333333333,0.0,,,0.0,0.06666666666666667,0.0,0.0,0.0,0.0,,,,0.0,0.0,0.0,0.06666666666666667,0.0,0.0,0.0,0.06666666666666667,0.0,0.06666666666666667,0.0,0.0,0.0,0.06666666666666667,0.06666666666666667,0.0,0.13333333333333333,0.06666666666666667,0.13333333333333333,0.06666666666666667,0.0,0.06666666666666667,0.13333333333333333,0.06666666666666667,0.13333333333333333,0.20000000000000004,0.19999999999999998,0.06666666666666667,0.13333333333333333,0.0,0.06666666666666667,0.0,0.06666666666666667,0.06666666666666667,0.20000000000000004,0.0,0.0,0.0,0.20000000000000004,0.20000000000000004,0.06666666666666667,0.0,,,0.0,0.06666666666666667,0.06666666666666667,0.06666666666666667,0.13333333333333333,0.20000000000000004,0.0,0.13333333333333333,0.0,0.06666666666666667,0.06666666666666667,0.06666666666666667,0.26666666666666666,0.13333333333333333,0.20000000000000004,0.13333333333333333,0.20000000000000004,0.20000000000000004,0.06666666666666667,
16:00,,0.06666666666666667,0.0,0.0,0.0,0.0,0.06666666666666667,0.0,0.0,0.0,0.0,0.0,0.0,0.0,0.0,0.0,0.0,0.0,0.0,0.0,0.0,0.0,0.0,0.0,0.13333333333333333,0.0,0.06666666666666667,0.0,0.0,0.13333333333333333,0.0,0.0,0.0,0.0,,,0.0,0.0,0.0,0.0,0.0,0.0,0.13333333333333333,0.0,0.0,0.0,0.0,0.06666666666666667,0.3333333333333333,0.13333333333333333,0.13333333333333333,0.6,0.0,0.6666666666666666,0.06666666666666667,0.0,0.0,0.0,0.0,0.0,0.13333333333333333,0.0,0.13333333333333333,0.0,0.06666666666666667,0.06666666666666667,0.0,0.06666666666666667,0.0,0.06666666666666667,0.0,0.0,0.0,0.06666666666666667,0.0,0.0,0.06666666666666667,0.0,0.06666666666666667,0.0,0.0,0.06666666666666667,0.0,0.0,0.0,0.0,0.0,0.13333333333333333,0.0,0.0,0.0,0.0,0.0,0.0,0.0,0.0,0.0,0.0,0.0,0.0,0.26666666666666666,0.0,0.20000000000000004,0.06666666666666667,0.13333333333333333,0.0,0.4666666666666666,0.19999999999999998,0.06666666666666667,0.0,0.4666666666666666,0.06666666666666667,0.06666666666666667,0.20000000000000004,0.0,0.0,0.0,0.0,0.0,0.0,0.0,0.0,0.0,0.0,0.0,0.0,0.0,0.06666666666666667,0.0,0.06666666666666667,,,,,,,,,,,,,,,0.06666666666666667,0.0,0.0,0.0,0.0,0.06666666666666667,0.06666666666666667,0.06666666666666667,0.0,0.06666666666666667,0.0,0.0,,,0.0,0.0,0.0,0.0,0.13333333333333333,0.06666666666666667,,,,0.0,0.13333333333333333,0.0,0.0,0.0,0.0,0.0,0.26666666666666666,0.06666666666666667,0.13333333333333333,0.0,0.0,0.06666666666666667,0.06666666666666667,0.06666666666666667,0.26666666666666666,0.06666666666666667,0.0,0.06666666666666667,0.06666666666666667,0.06666666666666667,0.06666666666666667,0.19999999999999998,0.6,0.0,0.0,0.13333333333333333,0.20000000000000004,0.06666666666666667,0.4000000000000001,0.06666666666666667,0.0,0.0,0.0,0.13333333333333333,0.0,0.13333333333333333,0.13333333333333333,0.06666666666666667,0.3333333333333333,0.20000000000000004,0.0,,,0.0,0.06666666666666667,0.0,0.13333333333333333,0.0,0.0,0.06666666666666667,0.0,0.13333333333333333,0.06666666666666667,0.0,0.0,0.06666666666666667,0.06666666666666667,0.06666666666666667,0.20000000000000004,0.26666666666666666,0.20000000000000004,0.19999999999999998,
16:30,,0.0,0.0,0.0,0.0,0.0,0.0,0.0,0.0,0.0,0.0,0.0,0.0,0.0,0.0,0.0,0.06666666666666667,0.0,0.0,0.0,0.0,0.0,0.06666666666666667,0.0,0.0,0.0,0.0,0.0,0.0,0.0,0.0,0.0,0.0,0.0,,,0.06666666666666667,0.0,0.0,0.13333333333333333,0.06666666666666667,0.0,0.0,0.0,0.06666666666666667,0.0,0.0,0.0,0.06666666666666667,0.06666666666666667,0.0,0.06666666666666667,0.13333333333333333,0.06666666666666667,0.0,0.13333333333333333,0.0,0.06666666666666667,0.0,0.0,0.06666666666666667,0.3333333333333333,0.06666666666666667,0.0,0.06666666666666667,0.0,0.06666666666666667,0.13333333333333333,0.0,0.0,0.0,0.0,0.13333333333333333,0.0,0.5333333333333333,0.0,0.0,0.0,0.0,0.0,0.06666666666666667,0.0,0.0,0.0,0.0,0.06666666666666667,0.06666666666666667,0.06666666666666667,0.0,0.13333333333333333,0.0,0.0,0.0,0.0,0.0,0.0,0.13333333333333333,0.20000000000000004,0.0,0.0,0.0,0.0,0.06666666666666667,0.26666666666666666,0.0,0.0,0.13333333333333333,0.0,0.19999999999999998,0.06666666666666667,0.8666666666666667,0.06666666666666667,0.06666666666666667,0.0,0.13333333333333333,0.0,0.0,0.0,0.0,0.0,0.0,0.0,0.0,0.0,0.0,0.0,0.0,0.06666666666666667,0.0,0.0,,,,,,,,,,,,,,,0.06666666666666667,0.06666666666666667,0.0,0.0,0.06666666666666667,0.0,0.06666666666666667,0.0,0.06666666666666667,0.06666666666666667,0.06666666666666667,0.13333333333333333,,,0.0,0.0,0.0,0.0,0.06666666666666667,0.13333333333333333,,,,0.06666666666666667,0.0,0.06666666666666667,0.0,0.0,0.0,0.06666666666666667,0.06666666666666667,0.0,0.0,0.06666666666666667,0.06666666666666667,0.06666666666666667,0.06666666666666667,0.13333333333333333,0.06666666666666667,0.0,0.0,0.20000000000000004,0.0,0.06666666666666667,0.0,0.0,0.26666666666666666,0.0,0.19999999999999998,0.20000000000000004,0.13333333333333333,0.06666666666666667,0.13333333333333333,0.13333333333333333,0.0,0.26666666666666666,0.13333333333333333,0.06666666666666667,0.13333333333333333,0.39999999999999997,0.13333333333333333,0.20000000000000004,0.13333333333333333,0.13333333333333333,0.06666666666666667,,,0.0,0.06666666666666667,0.06666666666666667,0.06666666666666667,0.20000000000000004,0.13333333333333333,0.0,0.26666666666666666,0.06666666666666667,0.13333333333333333,0.0,0.13333333333333333,0.06666666666666667,0.20000000000000004,0.13333333333333333,0.06666666666666667,0.13333333333333333,0.06666666666666667,0.06666666666666667,
17:00,,0.0,0.06666666666666667,0.0,0.0,0.06666666666666667,0.0,0.0,0.0,0.0,0.0,0.0,0.0,0.0,0.0,0.0,0.0,0.0,0.06666666666666667,0.0,0.0,0.0,0.0,0.0,0.0,0.26666666666666666,0.06666666666666667,0.0,0.0,0.0,0.0,0.0,0.0,0.0,,,0.0,0.0,0.0,0.0,0.0,0.13333333333333333,0.06666666666666667,0.0,0.0,0.0,0.26666666666666666,0.0,0.0,0.6666666666666666,0.13333333333333333,0.06666666666666667,0.0,0.0,0.39999999999999997,0.06666666666666667,0.0,0.0,0.0,0.0,0.06666666666666667,0.0,0.0,0.0,0.0,0.0,0.0,0.20000000000000004,0.20000000000000004,0.0,0.06666666666666667,0.06666666666666667,0.0,0.0,0.0,0.06666666666666667,0.0,0.0,0.0,0.0,0.0,0.0,0.0,0.0,0.0,0.0,0.0,0.06666666666666667,0.0,0.0,0.0,0.0,0.0,0.06666666666666667,0.0,0.0,0.0,0.39999999999999997,0.0,1.3333333333333333,0.4666666666666666,0.0,0.06666666666666667,0.0,0.3333333333333333,1.0,0.0,0.7333333333333334,0.3333333333333333,0.0,4.8,0.0,0.0,0.0,0.0,0.06666666666666667,0.0,0.06666666666666667,0.06666666666666667,0.0,0.0,0.0,0.0,0.0,0.0,0.0,0.06666666666666667,0.0,0.0,0.06666666666666667,,,,,,,,,,,,,,,0.06666666666666667,0.0,0.06666666666666667,0.0,0.06666666666666667,0.06666666666666667,0.0,0.06666666666666667,0.0,0.13333333333333333,0.0,0.0,,,0.0,0.0,0.0,0.13333333333333333,0.0,0.0,,,,0.06666666666666667,0.0,0.0,0.0,0.0,0.0,0.06666666666666667,0.13333333333333333,0.13333333333333333,0.0,0.0,0.0,0.13333333333333333,0.0,0.0,0.13333333333333333,0.0,0.20000000000000004,0.06666666666666667,0.06666666666666667,0.13333333333333333,0.0,0.0,0.3333333333333333,0.13333333333333333,0.06666666666666667,0.06666666666666667,0.13333333333333333,0.19999999999999998,0.06666666666666667,0.7333333333333334,0.0,0.06666666666666667,0.13333333333333333,0.06666666666666667,0.0,0.13333333333333333,0.13333333333333333,0.3333333333333333,0.13333333333333333,0.06666666666666667,0.06666666666666667,,,0.13333333333333333,0.06666666666666667,0.0,0.13333333333333333,0.06666666666666667,0.13333333333333333,0.06666666666666667,0.06666666666666667,0.0,0.13333333333333333,0.06666666666666667,0.3333333333333333,0.06666666666666667,0.0,0.13333333333333333,0.13333333333333333,0.20000000000000004,0.06666666666666667,0.06666666666666667,
17:30,,0.0,0.0,0.0,0.0,0.0,0.0,0.0,0.0,0.0,0.0,0.06666666666666667,0.0,0.0,0.0,0.0,0.0,0.0,0.0,0.0,0.0,0.0,0.0,0.0,0.0,0.13333333333333333,0.0,0.0,0.0,0.0,0.0,0.06666666666666667,0.0,0.0,,,0.06666666666666667,0.0,0.0,0.0,0.0,0.0,0.0,0.0,0.0,0.0,0.13333333333333333,0.13333333333333333,0.06666666666666667,0.06666666666666667,0.0,0.0,0.19999999999999998,0.20000000000000004,0.13333333333333333,0.13333333333333333,0.13333333333333333,0.0,0.0,0.0,0.26666666666666666,0.0,0.0,0.0,0.0,0.0,0.06666666666666667,0.0,0.06666666666666667,0.06666666666666667,0.06666666666666667,0.13333333333333333,0.0,0.0,0.0,0.0,0.0,0.0,0.06666666666666667,0.0,0.0,0.13333333333333333,0.0,0.0,0.0,0.0,0.0,0.0,0.0,0.0,0.0,0.0,0.20000000000000004,0.06666666666666667,0.0,0.0,0.0,0.0,0.0,0.0,0.0,0.0,0.0,0.0,0.13333333333333333,0.06666666666666667,0.19999999999999998,0.06666666666666667,0.3333333333333333,0.5333333333333333,2.866666666666667,0.0,0.0,0.06666666666666667,0.13333333333333333,0.26666666666666666,0.0,0.06666666666666667,0.0,0.0,0.0,0.0,0.0,0.0,0.06666666666666667,0.0,0.0,0.0,0.0,0.0,,,,,,,,,,,,,,,0.0,0.0,0.0,0.0,0.0,0.0,0.06666666666666667,0.06666666666666667,0.13333333333333333,0.13333333333333333,0.13333333333333333,0.0,,,0.0,0.06666666666666667,0.06666666666666667,0.06666666666666667,0.0,0.0,,,,0.06666666666666667,0.0,0.06666666666666667,0.0,0.06666666666666667,0.0,0.0,0.13333333333333333,0.13333333333333333,0.0,0.06666666666666667,0.0,0.0,0.0,0.13333333333333333,0.06666666666666667,0.0,0.06666666666666667,0.0,0.06666666666666667,0.0,0.13333333333333333,0.13333333333333333,0.26666666666666666,0.3333333333333333,0.26666666666666666,0.3333333333333333,0.06666666666666667,0.06666666666666667,0.0,0.0,0.06666666666666667,0.26666666666666666,0.0,0.13333333333333333,0.06666666666666667,0.20000000000000004,0.0,0.20000000000000004,0.13333333333333333,0.06666666666666667,0.39999999999999997,,0.06666666666666667,0.06666666666666667,0.0,0.13333333333333333,0.13333333333333333,0.06666666666666667,0.06666666666666667,0.0,0.13333333333333333,0.06666666666666667,0.06666666666666667,0.06666666666666667,0.20000000000000004,0.26666666666666666,0.0,0.0,0.06666666666666667,0.0,0.3333333333333333,0.06666666666666667,
18:00,,0.0,0.0,0.0,0.0,0.0,0.0,0.0,0.0,0.0,0.0,0.0,0.0,0.0,0.0,0.0,0.0,0.0,0.0,0.0,0.0,0.0,0.0,0.19999999999999998,0.06666666666666667,0.0,0.0,0.0,0.0,0.0,0.06666666666666667,0.0,0.0,0.0,,,0.0,0.0,0.0,0.0,0.0,0.0,0.0,0.0,0.0,0.0,0.0,0.0,0.0,0.0,0.06666666666666667,0.06666666666666667,0.06666666666666667,0.0,0.13333333333333333,0.0,0.0,0.0,0.6,0.13333333333333333,0.0,0.0,0.13333333333333333,0.06666666666666667,0.06666666666666667,0.13333333333333333,0.0,0.0,0.0,0.06666666666666667,0.13333333333333333,0.0,0.20000000000000004,0.0,0.0,0.0,0.06666666666666667,0.0,0.0,0.0,0.0,0.06666666666666667,0.06666666666666667,0.0,0.0,0.06666666666666667,0.0,0.0,0.0,0.0,0.0,0.0,0.0,0.06666666666666667,0.0,0.06666666666666667,0.0,0.0,0.0,0.0,0.0,0.0,0.0,0.0,0.5333333333333333,0.0,0.19999999999999998,0.0,0.20000000000000004,0.19999999999999998,0.5333333333333333,0.0,0.0,0.0,0.0,0.26666666666666666,0.06666666666666667,0.0,0.0,0.0,0.0,0.0,0.0,0.0,0.0,0.06666666666666667,0.0,0.0,0.06666666666666667,0.0,,,,,,,,,,,,,,,0.0,0.0,0.0,0.06666666666666667,0.0,0.0,0.06666666666666667,0.0,0.06666666666666667,0.26666666666666666,0.0,0.06666666666666667,,,0.0,0.0,0.06666666666666667,0.13333333333333333,0.0,0.0,,,,0.0,0.0,0.26666666666666666,0.06666666666666667,0.06666666666666667,0.0,0.0,0.13333333333333333,0.0,0.13333333333333333,0.06666666666666667,0.20000000000000004,0.5333333333333333,0.06666666666666667,0.06666666666666667,0.20000000000000004,0.0,0.0,0.06666666666666667,0.13333333333333333,0.20000000000000004,0.06666666666666667,0.0,0.06666666666666667,0.13333333333333333,0.26666666666666666,0.0,0.20000000000000004,0.0,0.13333333333333333,0.06666666666666667,0.0,0.06666666666666667,0.06666666666666667,0.26666666666666666,0.06666666666666667,0.06666666666666667,0.0,0.20000000000000004,0.13333333333333333,0.06666666666666667,0.39999999999999997,,0.13333333333333333,0.19999999999999998,0.20000000000000004,0.13333333333333333,0.0,0.0,0.06666666666666667,0.0,0.06666666666666667,0.06666666666666667,0.13333333333333333,0.13333333333333333,0.13333333333333333,0.13333333333333333,0.13333333333333333,0.26666666666666666,0.06666666666666667,0.20000000000000004,0.20000000000000004,0.26666666666666666,
18:30,,0.06666666666666667,0.0,0.0,0.0,0.0,0.0,0.06666666666666667,0.0,0.0,0.0,0.0,0.0,0.0,0.0,0.0,0.0,0.0,0.0,0.0,0.0,0.0,0.0,0.20000000000000004,0.0,0.0,0.0,0.0,0.06666666666666667,0.0,0.0,0.06666666666666667,0.0,0.0,,,0.0,0.0,0.0,0.0,0.0,0.0,0.06666666666666667,0.0,0.06666666666666667,0.0,0.06666666666666667,0.0,0.13333333333333333,0.0,0.20000000000000004,0.13333333333333333,0.13333333333333333,0.06666666666666667,0.3333333333333333,0.13333333333333333,0.0,0.0,0.06666666666666667,0.0,0.0,0.0,0.0,0.0,0.0,0.06666666666666667,0.06666666666666667,0.0,0.13333333333333333,0.06666666666666667,0.0,0.0,0.13333333333333333,0.0,0.0,0.0,0.0,0.0,0.0,0.0,0.0,0.0,0.0,0.0,0.0,0.06666666666666667,0.0,0.0,0.0,0.0,0.0,0.0,0.0,0.06666666666666667,0.0,0.0,0.0,0.0,0.0,0.6,0.0,0.0,0.06666666666666667,0.13333333333333333,0.0,0.0,0.0,0.13333333333333333,0.06666666666666667,0.0,0.5333333333333333,0.06666666666666667,0.0,0.0,0.06666666666666667,0.26666666666666666,0.0,0.4000000000000001,0.0,0.0,0.20000000000000004,0.0,0.0,0.0,0.0,0.0,0.0,0.0,0.06666666666666667,0.0,,,,,,,,,,,,,,,0.0,0.0,0.0,0.0,0.0,0.0,0.06666666666666667,0.0,0.0,0.06666666666666667,0.13333333333333333,0.0,,,0.0,0.0,0.0,0.0,0.06666666666666667,0.0,,,0.0,0.0,0.0,0.13333333333333333,0.0,0.06666666666666667,0.0,0.0,0.0,0.06666666666666667,0.0,0.06666666666666667,0.0,0.06666666666666667,0.1,0.20000000000000004,0.06666666666666667,0.06666666666666667,0.0,0.0,0.0,0.0,0.0,0.06666666666666667,0.26666666666666666,0.46666666666666673,0.26666666666666666,0.4000000000000001,0.13333333333333333,0.0,0.13333333333333333,0.13333333333333333,0.13333333333333333,0.06666666666666667,0.0,0.13333333333333333,0.26666666666666666,0.13333333333333333,0.19999999999999998,0.13333333333333333,0.0,0.0,0.4000000000000001,,0.20000000000000004,0.20000000000000004,0.20000000000000004,0.06666666666666667,0.06666666666666667,0.06666666666666667,0.13333333333333333,0.06666666666666667,0.0,0.13333333333333333,0.06666666666666667,0.0,0.13333333333333333,0.06666666666666667,0.13333333333333333,0.13333333333333333,0.13333333333333333,0.3333333333333333,0.20000000000000004,0.20000000000000004,
19:00,,0.0,0.0,0.0,0.0,0.0,0.0,0.0,0.0,0.0,0.0,0.0,0.0,0.0,0.0,0.13333333333333333,0.0,0.0,0.0,0.0,0.0,0.0,0.0,0.0,0.13333333333333333,0.0,0.0,0.0,0.0,0.06666666666666667,0.0,0.0,0.0,0.0,,,0.0,0.0,0.0,0.0,0.0,0.0,0.0,0.0,0.0,0.0,0.0,0.0,0.0,0.26666666666666666,0.0,0.06666666666666667,0.0,0.13333333333333333,0.0,0.06666666666666667,0.13333333333333333,0.0,0.0,0.0,0.0,0.0,0.0,0.0,0.0,0.06666666666666667,0.0,0.06666666666666667,0.13333333333333333,0.0,0.0,0.0,0.0,0.0,0.0,0.0,0.0,0.0,0.0,0.0,0.0,0.0,0.0,0.0,0.0,0.06666666666666667,0.0,0.0,0.0,0.0,0.0,0.0,0.0,0.06666666666666667,0.0,0.0,0.20000000000000004,0.06666666666666667,0.0,0.0,0.0,0.4666666666666666,0.0,0.06666666666666667,0.13333333333333333,0.0,0.0,0.0,0.13333333333333333,0.0,1.8666666666666665,0.0,0.0,0.06666666666666667,0.20000000000000004,0.20000000000000004,0.0,0.13333333333333333,0.0,0.0,0.0,0.0,0.0,0.0,0.06666666666666667,0.0,0.0,0.0,0.13333333333333333,0.0,,,,,,,,,,,,,,,0.0,0.06666666666666667,0.0,0.0,0.0,0.06666666666666667,0.20000000000000004,0.06666666666666667,0.06666666666666667,0.0,0.0,0.0,,0.0,0.0,0.0,0.06666666666666667,0.0,0.0,0.06666666666666667,,,0.20000000000000004,0.0,0.0,0.06666666666666667,0.06666666666666667,0.06666666666666667,0.0,0.0,0.13333333333333333,0.06666666666666667,0.0,0.13333333333333333,0.13333333333333333,0.26666666666666666,0.13333333333333333,0.06666666666666667,0.20000000000000004,0.13333333333333333,0.13333333333333333,0.0,0.06666666666666667,0.06666666666666667,0.06666666666666667,0.20000000000000004,0.06666666666666667,0.20000000000000004,0.06666666666666667,0.26666666666666666,0.06666666666666667,0.0,0.3333333333333333,0.13333333333333333,0.0,0.06666666666666667,0.06666666666666667,0.0,0.0,0.06666666666666667,0.13333333333333333,0.4666666666666666,0.0,0.3333333333333333,0.5333333333333333,,0.4666666666666666,0.0,0.06666666666666667,0.13333333333333333,0.0,0.0,0.20000000000000004,0.06666666666666667,0.13333333333333333,0.13333333333333333,0.20000000000000004,0.0,0.13333333333333333,0.20000000000000004,0.0,0.20000000000000004,0.20000000000000004,0.13333333333333333,0.06666666666666667,0.13333333333333333,
19:30,,0.0,0.0,0.0,0.0,0.0,0.13333333333333333,0.0,0.0,0.0,0.0,0.0,0.0,0.0,0.0,0.0,0.0,0.0,0.0,0.0,0.0,0.0,0.0,0.0,0.0,0.0,0.0,0.0,0.0,0.0,0.06666666666666667,0.0,0.06666666666666667,0.0,,,0.0,0.0,0.0,0.06666666666666667,0.0,0.0,0.0,0.0,0.0,0.0,0.0,0.0,0.0,0.0,0.0,0.06666666666666667,0.06666666666666667,0.0,0.0,0.0,0.0,0.0,0.0,0.0,0.0,0.0,0.0,0.0,0.20000000000000004,0.0,0.0,0.06666666666666667,0.06666666666666667,0.0,0.0,0.0,0.0,0.0,0.06666666666666667,0.20000000000000004,0.13333333333333333,0.0,0.0,0.06666666666666667,0.0,0.0,0.0,0.0,0.0,0.0,0.0,0.0,0.06666666666666667,0.06666666666666667,0.0,0.0,0.0,0.0,0.0,0.0,0.06666666666666667,0.0,0.0,0.0,0.0,0.0,0.06666666666666667,0.13333333333333333,0.06666666666666667,0.06666666666666667,0.0,0.0,0.0,0.06666666666666667,2.466666666666667,0.0,0.0,0.06666666666666667,0.26666666666666666,0.39999999999999997,0.06666666666666667,0.06666666666666667,0.0,0.0,0.0,0.0,0.0,0.0,0.0,0.0,0.0,0.0,0.06666666666666667,0.0,,,,,,,,,,,,,,0.0,0.0,0.0,0.06666666666666667,0.0,0.0,0.20000000000000004,0.06666666666666667,0.20000000000000004,0.0,0.0,0.20000000000000004,0.0,,0.26666666666666666,0.06666666666666667,0.06666666666666667,0.13333333333333333,0.13333333333333333,0.0,0.06666666666666667,,,0.13333333333333333,0.06666666666666667,0.06666666666666667,0.13333333333333333,0.06666666666666667,0.0,0.20000000000000004,0.0,0.20000000000000004,0.13333333333333333,0.0,0.0,0.13333333333333333,0.13333333333333333,0.20000000000000004,0.0,0.3333333333333333,0.06666666666666667,0.26666666666666666,0.13333333333333333,0.06666666666666667,0.20000000000000004,0.13333333333333333,0.0,0.06666666666666667,0.4666666666666666,0.3333333333333333,0.13333333333333333,0.1,0.13333333333333333,0.26666666666666666,0.46666666666666673,0.0,0.0,0.13333333333333333,0.0,0.06666666666666667,0.13333333333333333,0.06666666666666667,0.7999999999999999,0.06666666666666667,0.0,0.26666666666666666,,0.06666666666666667,0.13333333333333333,0.06666666666666667,0.26666666666666666,0.13333333333333333,0.20000000000000004,0.06666666666666667,0.13333333333333333,0.20000000000000004,0.06666666666666667,0.13333333333333333,0.06666666666666667,0.0,0.06666666666666667,0.0,0.06666666666666667,0.26666666666666666,0.13333333333333333,0.06666666666666667,0.26666666666666666,
20:00,0.4,0.0,0.0,0.0,0.0,0.06666666666666667,0.06666666666666667,0.06666666666666667,0.0,0.0,0.0,0.0,0.0,0.0,0.0,0.0,0.0,0.0,0.0,0.0,0.0,0.0,0.0,0.0,0.0,0.0,0.06666666666666667,0.0,0.0,0.0,0.0,0.0,0.0,0.0,,,0.0,0.0,0.0,0.0,0.0,0.0,0.0,0.0,0.06666666666666667,0.0,0.0,0.0,0.0,0.0,0.0,0.13333333333333333,0.19999999999999998,0.0,0.06666666666666667,0.0,0.0,0.0,0.06666666666666667,0.06666666666666667,0.06666666666666667,0.0,0.0,0.0,0.0,0.0,0.13333333333333333,0.06666666666666667,0.0,0.0,0.0,0.06666666666666667,0.0,0.0,0.0,0.06666666666666667,0.0,0.0,0.0,0.0,0.0,0.0,0.06666666666666667,0.0,0.0,0.0,0.06666666666666667,0.0,0.13333333333333333,0.0,0.4666666666666666,0.0,0.0,0.20000000000000004,0.06666666666666667,0.06666666666666667,0.39999999999999997,0.0,0.0,0.0,0.0,0.0,0.0,0.06666666666666667,0.06666666666666667,0.06666666666666667,0.13333333333333333,0.13333333333333333,0.06666666666666667,0.06666666666666667,1.9333333333333333,0.0,0.06666666666666667,0.06666666666666667,0.06666666666666667,0.3333333333333333,0.13333333333333333,0.06666666666666667,0.0,0.0,0.0,0.0,0.0,0.0,0.0,0.06666666666666667,0.06666666666666667,0.0,0.06666666666666667,0.0,,,,,,,,,,,,,,0.0,0.0,0.0,0.0,0.0,0.06666666666666667,0.0,0.20000000000000004,0.06666666666666667,0.0,0.13333333333333333,0.06666666666666667,0.06666666666666667,,0.26666666666666666,0.0,0.06666666666666667,0.13333333333333333,0.0,0.06666666666666667,0.13333333333333333,,,0.13333333333333333,0.0,0.06666666666666667,0.13333333333333333,0.0,0.0,0.0,0.06666666666666667,0.06666666666666667,0.13333333333333333,0.0,0.0,0.26666666666666666,0.0,0.06666666666666667,0.13333333333333333,0.26666666666666666,0.06666666666666667,0.06666666666666667,0.06666666666666667,0.0,0.13333333333333333,0.13333333333333333,0.06666666666666667,0.4666666666666666,0.13333333333333333,0.20000000000000004,0.13333333333333333,0.06666666666666667,0.0,0.4000000000000001,0.13333333333333333,0.0,0.20000000000000004,0.06666666666666667,0.06666666666666667,0.26666666666666666,0.0,0.0,0.26666666666666666,0.26666666666666666,0.3333333333333333,0.3333333333333333,,0.13333333333333333,0.06666666666666667,0.06666666666666667,0.26666666666666666,0.3333333333333333,0.20000000000000004,0.0,0.13333333333333333,0.0,0.06666666666666667,0.06666666666666667,0.06666666666666667,0.20000000000000004,0.26666666666666666,0.26666666666666666,0.06666666666666667,0.26666666666666666,0.06666666666666667,0.13333333333333333,0.0,
20:30,0.6,0.0,0.0,0.0,0.0,0.0,0.0,0.0,0.0,0.0,0.0,0.0,0.0,0.0,0.0,0.0,0.0,0.0,0.0,0.0,0.0,0.0,0.0,0.0,0.0,0.0,0.0,0.0,0.0,0.06666666666666667,0.06666666666666667,0.0,0.0,0.0,,,0.0,0.0,0.0,0.06666666666666667,0.0,0.0,0.0,0.0,0.0,0.0,0.06666666666666667,0.0,0.0,0.13333333333333333,0.0,0.0,0.0,0.0,0.0,0.13333333333333333,0.0,0.06666666666666667,0.0,0.06666666666666667,0.0,0.0,0.0,0.0,0.0,0.0,0.0,0.0,0.0,0.0,0.0,0.0,0.0,0.0,0.0,0.06666666666666667,0.0,0.0,0.0,0.0,0.0,0.0,0.0,0.0,0.0,0.0,0.0,0.0,0.0,0.0,0.0,0.0,0.0,0.06666666666666667,0.0,0.0,0.20000000000000004,0.0,0.0,0.0,0.39999999999999997,0.0,0.06666666666666667,0.13333333333333333,0.06666666666666667,0.9333333333333332,0.0,0.06666666666666667,0.06666666666666667,0.0,1.8,0.0,0.0,0.0,0.06666666666666667,0.3333333333333333,0.0,0.0,0.0,0.0,0.0,0.0,0.0,0.0,0.0,0.0,0.0,0.0,0.06666666666666667,0.0,,,,,,,,,,,,,,0.06666666666666667,0.0,0.0,0.06666666666666667,0.13333333333333333,0.0,0.0,0.13333333333333333,0.0,0.06666666666666667,0.06666666666666667,0.0,0.0,,0.4000000000000001,0.0,0.06666666666666667,0.06666666666666667,0.0,0.06666666666666667,0.0,,,0.06666666666666667,0.0,0.0,0.13333333333333333,0.0,0.0,0.13333333333333333,0.0,0.0,0.0,0.0,0.06666666666666667,0.06666666666666667,0.0,0.13333333333333333,0.06666666666666667,0.0,0.13333333333333333,0.0,0.0,1.8,0.26666666666666666,0.13333333333333333,0.13333333333333333,0.3333333333333333,0.06666666666666667,0.13333333333333333,0.06666666666666667,0.0,0.20000000000000004,0.3333333333333333,0.4000000000000001,0.0,0.06666666666666667,0.06666666666666667,0.20000000000000004,0.13333333333333333,0.26666666666666666,0.20000000000000004,0.20000000000000004,0.20000000000000004,0.13333333333333333,0.20000000000000004,,0.13333333333333333,0.13333333333333333,0.26666666666666666,0.3333333333333333,0.13333333333333333,0.13333333333333333,0.0,0.26666666666666666,0.06666666666666667,0.06666666666666667,0.13333333333333333,0.3333333333333333,0.13333333333333333,0.13333333333333333,0.13333333333333333,0.20000000000000004,0.20000000000000004,0.26666666666666666,0.06666666666666667,0.20000000000000004,
21:00,1.4000000000000001,0.0,0.0,0.0,0.0,0.0,0.0,0.0,0.0,0.0,0.0,0.0,0.0,0.0,0.0,0.0,0.0,0.0,0.0,0.0,0.0,0.0,0.0,0.0,0.0,0.0,0.0,0.0,0.0,0.0,0.3333333333333333,0.0,0.0,0.0,,,0.0,0.0,0.0,0.0,0.0,0.0,0.0,0.0,0.0,0.0,0.0,0.0,0.06666666666666667,0.0,0.0,0.13333333333333333,0.13333333333333333,0.06666666666666667,0.0,0.2,0.06666666666666667,0.0,0.0,0.0,0.0,0.0,0.0,0.0,0.06666666666666667,0.0,0.0,0.0,0.0,0.0,0.0,0.26666666666666666,0.0,0.06666666666666667,0.0,0.06666666666666667,0.0,0.0,0.0,0.0,0.0,0.0,0.0,0.0,0.0,0.0,0.0,0.0,0.0,0.06666666666666667,0.0,0.13333333333333333,0.0,0.0,0.0,0.0,0.3333333333333333,0.0,0.0,0.0,0.0,0.0,0.20000000000000004,0.0,0.06666666666666667,0.0,0.13333333333333333,0.13333333333333333,0.06666666666666667,0.06666666666666667,0.13333333333333333,0.06666666666666667,0.0,0.06666666666666667,0.26666666666666666,0.06666666666666667,0.0,0.3333333333333333,0.0,0.0,0.06666666666666667,0.0,0.06666666666666667,0.06666666666666667,0.0,0.06666666666666667,0.06666666666666667,0.26666666666666666,0.06666666666666667,0.0,,,,,,,,,,,,,,0.0,0.0,0.0,0.0,0.13333333333333333,0.06666666666666667,0.0,0.0,0.13333333333333333,0.06666666666666667,0.13333333333333333,0.06666666666666667,0.0,,0.39999999999999997,0.0,0.0,0.0,0.0,0.06666666666666667,0.0,,,0.0,0.06666666666666667,0.06666666666666667,0.0,0.0,0.0,0.0,0.0,0.06666666666666667,0.13333333333333333,0.0,0.0,0.06666666666666667,0.06666666666666667,0.0,0.0,0.06666666666666667,0.06666666666666667,0.06666666666666667,0.0,0.13333333333333333,0.0,0.0,0.06666666666666667,0.5333333333333333,0.06666666666666667,0.4666666666666666,0.13333333333333333,0.0,0.26666666666666666,0.13333333333333333,0.4000000000000001,0.06666666666666667,0.06666666666666667,0.0,0.39999999999999997,0.06666666666666667,0.20000000000000004,0.26666666666666666,0.20000000000000004,0.20000000000000004,0.3333333333333333,0.13333333333333333,,0.13333333333333333,0.13333333333333333,0.0,0.3333333333333333,0.0,0.06666666666666667,0.06666666666666667,0.0,0.20000000000000004,0.06666666666666667,0.06666666666666667,0.13333333333333333,0.06666666666666667,0.06666666666666667,0.0,0.26666666666666666,0.13333333333333333,0.20000000000000004,0.13333333333333333,0.0,
21:30,0.0,0.0,0.0,0.0,0.0,0.0,0.0,0.0,0.0,0.0,0.0,0.0,0.0,0.0,0.0,0.0,0.0,0.0,0.0,0.0,0.0,0.06666666666666667,0.0,0.0,0.06666666666666667,0.0,0.0,0.0,0.0,0.0,0.0,0.06666666666666667,0.0,0.0,,0.0,0.0,0.0,0.0,0.0,0.13333333333333333,0.0,0.0,0.0,0.0,0.0,0.0,0.0,0.19999999999999998,0.0,0.0,0.0,0.0,0.26666666666666666,0.0,0.0,0.0,0.06666666666666667,0.26666666666666666,0.0,0.0,0.0,0.0,0.0,0.06666666666666667,0.06666666666666667,0.0,0.0,0.0,0.0,0.0,0.06666666666666667,0.0,0.0,0.0,0.0,0.19999999999999998,0.0,0.0,0.0,0.0,0.0,0.0,0.0,0.0,0.06666666666666667,0.0,0.0,0.0,0.06666666666666667,0.0,0.06666666666666667,0.0,0.06666666666666667,0.06666666666666667,0.06666666666666667,0.13333333333333333,0.0,0.0,0.0,0.0,0.06666666666666667,0.20000000000000004,0.13333333333333333,0.06666666666666667,0.06666666666666667,0.20000000000000004,0.06666666666666667,0.06666666666666667,0.06666666666666667,0.20000000000000004,0.0,0.13333333333333333,0.13333333333333333,0.20000000000000004,0.0,0.0,0.6666666666666666,0.0,0.06666666666666667,0.0,0.06666666666666667,0.0,0.0,0.0,0.06666666666666667,0.0,0.06666666666666667,0.0,0.06666666666666667,,,,,,,,,,,,,,0.0,0.0,0.06666666666666667,0.06666666666666667,0.06666666666666667,0.0,0.0,0.0,0.0,0.13333333333333333,0.0,0.0,0.13333333333333333,,0.6666666666666666,0.13333333333333333,0.0,0.0,0.39999999999999997,0.0,0.0,,,0.0,0.0,0.0,0.0,0.06666666666666667,0.06666666666666667,0.0,0.0,0.06666666666666667,0.0,0.0,0.13333333333333333,0.06666666666666667,0.06666666666666667,0.0,0.20000000000000004,0.3333333333333333,0.13333333333333333,0.0,0.13333333333333333,0.13333333333333333,0.13333333333333333,0.13333333333333333,0.0,0.20000000000000004,0.06666666666666667,0.13333333333333333,0.26666666666666666,0.0,0.13333333333333333,0.3333333333333333,0.20000000000000004,0.13333333333333333,0.0,0.0,0.13333333333333333,0.13333333333333333,0.3333333333333333,0.0,0.26666666666666666,0.06666666666666667,0.20000000000000004,0.06666666666666667,,0.13333333333333333,0.0,0.0,0.26666666666666666,0.19999999999999998,0.3333333333333333,0.13333333333333333,0.13333333333333333,0.13333333333333333,0.0,0.06666666666666667,0.13333333333333333,0.13333333333333333,0.39999999999999997,0.06666666666666667,0.06666666666666667,0.20000000000000004,0.0,0.0,0.06666666666666667,
22:00,0.0,0.13333333333333333,0.0,0.0,0.0,0.0,0.0,0.0,0.0,0.0,0.0,0.0,0.0,0.0,0.0,0.0,0.0,0.0,0.0,0.06666666666666667,0.0,0.0,0.0,0.06666666666666667,0.06666666666666667,0.0,0.0,0.0,0.0,0.0,0.0,0.0,0.0,0.0,,0.13333333333333333,0.0,0.0,0.0,0.0,0.0,0.06666666666666667,0.19999999999999998,0.0,0.0,0.0,0.0,0.0,0.0,0.0,0.06666666666666667,0.0,0.0,0.0,0.06666666666666667,0.0,0.0,0.0,0.0,0.0,0.0,0.0,0.0,0.0,0.0,0.13333333333333333,0.13333333333333333,0.06666666666666667,0.0,0.0,0.0,0.0,0.0,0.06666666666666667,0.0,0.06666666666666667,0.06666666666666667,0.0,0.0,0.13333333333333333,0.0,0.0,0.0,0.0,0.0,0.0,0.13333333333333333,0.0,0.0,0.0,0.0,0.0,0.0,0.06666666666666667,0.0,0.13333333333333333,0.20000000000000004,0.0,0.0,0.0,0.0,1.8,0.20000000000000004,0.20000000000000004,0.0,1.0666666666666667,0.06666666666666667,0.0,0.06666666666666667,0.06666666666666667,0.3333333333333333,0.0,0.06666666666666667,0.13333333333333333,0.13333333333333333,0.0,0.0,0.06666666666666667,0.0,0.0,0.0,0.0,0.0,0.0,0.0,0.20000000000000004,0.06666666666666667,0.06666666666666667,0.13333333333333333,0.0,,,,,,,,,,,,,,0.06666666666666667,0.0,0.13333333333333333,0.06666666666666667,0.0,0.06666666666666667,0.0,0.06666666666666667,0.06666666666666667,0.19999999999999998,0.3333333333333333,0.06666666666666667,0.0,,0.20000000000000004,0.06666666666666667,0.0,0.0,0.0,0.0,0.06666666666666667,,,0.0,0.0,0.0,0.06666666666666667,0.06666666666666667,0.0,0.0,0.20000000000000004,0.06666666666666667,0.0,0.0,0.0,0.06666666666666667,0.0,0.20000000000000004,0.06666666666666667,0.4000000000000001,0.13333333333333333,0.0,0.13333333333333333,0.0,0.3333333333333333,0.13333333333333333,0.06666666666666667,0.06666666666666667,0.26666666666666666,0.20000000000000004,0.39999999999999997,0.0,0.26666666666666666,0.19999999999999998,0.06666666666666667,0.06666666666666667,0.0,0.13333333333333333,0.4000000000000001,0.06666666666666667,0.0,0.0,0.06666666666666667,0.13333333333333333,0.5333333333333333,0.13333333333333333,,0.20000000000000004,0.13333333333333333,0.13333333333333333,0.0,0.26666666666666666,0.06666666666666667,0.06666666666666667,0.0,0.06666666666666667,0.20000000000000004,0.06666666666666667,0.06666666666666667,0.13333333333333333,0.39999999999999997,0.13333333333333333,0.20000000000000004,0.20000000000000004,0.06666666666666667,0.06666666666666667,0.26666666666666666,
22:30,0.0,0.0,0.06666666666666667,0.13333333333333333,0.0,0.0,0.20000000000000004,0.0,0.0,0.0,0.0,0.0,0.0,0.0,0.0,0.0,0.0,0.0,0.0,0.0,0.0,0.0,0.0,0.0,0.0,0.0,0.0,0.0,0.06666666666666667,0.06666666666666667,0.0,0.0,0.0,0.0,,0.0,0.0,0.0,0.0,0.0,0.0,0.0,0.0,0.0,0.0,0.06666666666666667,0.06666666666666667,0.19999999999999998,0.13333333333333333,0.0,0.0,0.26666666666666666,0.0,0.06666666666666667,0.0,0.0,0.06666666666666667,0.06666666666666667,0.0,0.0,0.0,0.0,0.0,0.0,0.0,0.0,0.0,0.20000000000000004,0.0,0.0,0.06666666666666667,0.06666666666666667,0.06666666666666667,0.0,0.0,0.06666666666666667,0.13333333333333333,0.0,0.0,0.0,0.0,0.13333333333333333,0.0,0.0,0.0,0.0,0.06666666666666667,0.06666666666666667,0.06666666666666667,0.0,0.0,0.0,0.0,0.13333333333333333,0.0,0.0,0.06666666666666667,0.0,0.0,0.0,0.8000000000000002,0.0,0.4666666666666666,0.0,0.13333333333333333,0.0,0.0,0.0,0.0,0.13333333333333333,0.06666666666666667,0.0,0.6,0.20000000000000004,0.13333333333333333,0.0,0.06666666666666667,0.0,0.0,0.0,0.06666666666666667,0.0,0.06666666666666667,0.0,0.0,0.06666666666666667,0.0,0.0,0.06666666666666667,0.13333333333333333,,,,,,,,,,,,,,0.0,0.0,0.13333333333333333,0.0,0.06666666666666667,0.06666666666666667,0.0,0.06666666666666667,0.0,0.13333333333333333,0.20000000000000004,0.0,0.0,,0.19999999999999998,0.0,0.0,0.0,0.06666666666666667,0.06666666666666667,0.0,,,0.06666666666666667,0.0,0.06666666666666667,0.0,0.0,0.13333333333333333,0.06666666666666667,0.06666666666666667,0.06666666666666667,0.26666666666666666,0.0,0.06666666666666667,0.0,0.06666666666666667,0.19999999999999998,0.20000000000000004,0.0,0.0,0.20000000000000004,0.13333333333333333,0.3333333333333333,0.06666666666666667,0.06666666666666667,0.06666666666666667,0.26666666666666666,0.4000000000000001,0.3333333333333333,0.26666666666666666,0.0,0.06666666666666667,0.6,0.4666666666666666,0.06666666666666667,0.06666666666666667,0.0,0.39999999999999997,0.06666666666666667,0.06666666666666667,0.0,0.3333333333333333,0.39999999999999997,0.26666666666666666,0.13333333333333333,,0.06666666666666667,0.0,0.13333333333333333,0.4666666666666666,0.26666666666666666,0.06666666666666667,0.06666666666666667,0.06666666666666667,0.0,0.0,0.19999999999999998,0.26666666666666666,0.20000000000000004,0.39999999999999997,0.0,0.20000000000000004,0.06666666666666667,0.0,0.19999999999999998,0.26666666666666666,
23:00,0.0,0.0,0.0,0.0,0.06666666666666667,0.0,0.0,0.0,0.0,0.0,0.0,0.0,0.0,0.0,0.0,0.0,0.0,0.0,0.0,0.0,0.0,0.0,0.0,0.3333333333333333,0.0,0.0,0.0,0.0,0.0,0.0,0.19999999999999998,0.0,0.0,0.0,,0.0,0.0,0.0,0.0,0.0,0.0,0.0,0.19999999999999998,0.0,0.0,0.0,0.0,0.0,0.06666666666666667,0.0,0.0,0.0,0.0,0.13333333333333333,0.0,0.0,0.0,0.0,0.06666666666666667,0.0,0.0,0.0,0.0,0.0,0.06666666666666667,0.06666666666666667,0.06666666666666667,0.06666666666666667,0.0,0.0,0.06666666666666667,0.0,0.0,0.0,0.0,0.0,0.0,0.0,0.0,0.06666666666666667,0.06666666666666667,0.06666666666666667,0.0,0.0,0.0,0.0,0.0,0.0,0.06666666666666667,0.0,0.0,0.06666666666666667,0.0,0.06666666666666667,0.0,0.06666666666666667,0.06666666666666667,0.0,0.0,0.0,0.0,0.0,0.20000000000000004,0.13333333333333333,0.0,0.06666666666666667,0.0,0.0,0.0,0.0,0.0,0.0,0.0,0.0,0.13333333333333333,0.0,0.06666666666666667,0.0,0.0,0.06666666666666667,0.0,0.06666666666666667,0.0,0.0,0.0,0.0,0.0,0.0,0.06666666666666667,,,,,,,,,,,,,,,0.0,0.0,0.13333333333333333,0.06666666666666667,0.0,0.13333333333333333,0.0,0.06666666666666667,0.20000000000000004,0.0,0.6,0.0,0.0,,0.20000000000000004,0.0,0.06666666666666667,0.0,0.0,0.0,0.0,,,0.0,0.0,0.06666666666666667,0.0,0.06666666666666667,0.06666666666666667,0.06666666666666667,0.06666666666666667,0.13333333333333333,0.06666666666666667,0.0,0.0,0.13333333333333333,0.0,0.13333333333333333,0.20000000000000004,0.13333333333333333,0.0,0.06666666666666667,0.06666666666666667,0.0,0.13333333333333333,0.06666666666666667,0.06666666666666667,0.19999999999999998,0.3333333333333333,0.6,0.5333333333333333,0.0,0.3333333333333333,0.19999999999999998,0.06666666666666667,0.06666666666666667,0.0,0.13333333333333333,0.20000000000000004,0.06666666666666667,0.06666666666666667,0.3333333333333333,0.20000000000000004,0.26666666666666666,0.3333333333333333,0.13333333333333333,,0.06666666666666667,0.13333333333333333,0.0,0.13333333333333333,0.0,0.20000000000000004,0.20000000000000004,0.0,0.06666666666666667,0.06666666666666667,0.06666666666666667,0.06666666666666667,0.13333333333333333,0.13333333333333333,0.19999999999999998,0.20000000000000004,0.20000000000000004,0.13333333333333333,0.06666666666666667,0.06666666666666667,
23:30,0.0,0.06666666666666667,0.0,0.0,0.0,0.0,0.0,0.0,0.0,0.0,0.0,0.0,0.0,0.0,0.0,0.0,0.0,0.0,0.0,0.0,0.0,0.0,0.0,0.0,0.06666666666666667,0.0,0.0,0.0,0.0,0.0,0.0,0.0,0.06666666666666667,0.0,,0.0,0.0,0.0,0.0,0.0,0.0,0.0,0.0,0.0,0.0,0.0,0.0,0.0,0.0,0.0,0.06666666666666667,0.06666666666666667,0.0,0.0,0.0,0.06666666666666667,0.0,0.13333333333333333,0.06666666666666667,0.06666666666666667,0.0,0.0,0.0,0.0,0.13333333333333333,0.06666666666666667,0.0,0.0,0.0,0.0,0.06666666666666667,0.0,0.0,0.0,0.0,0.06666666666666667,0.06666666666666667,0.0,0.0,0.0,0.0,0.0,0.0,0.06666666666666667,0.0,0.0,0.06666666666666667,0.0,0.0,0.0,0.0,0.0,0.0,0.0,0.0,0.06666666666666667,0.13333333333333333,0.0,0.0,0.19999999999999998,0.20000000000000004,0.0,0.06666666666666667,0.0,0.06666666666666667,0.06666666666666667,0.0,0.0,0.0,0.26666666666666666,0.7333333333333334,0.0,0.0,0.13333333333333333,0.13333333333333333,0.06666666666666667,0.13333333333333333,0.0,0.0,0.0,0.0,0.06666666666666667,0.0,0.0,0.0,0.06666666666666667,0.0,0.13333333333333333,0.0,,,,,,,,,,,,,,,0.0,0.0,0.06666666666666667,0.06666666666666667,0.0,0.0,0.0,0.06666666666666667,0.06666666666666667,0.13333333333333333,0.9333333333333332,0.0,0.0,,0.5333333333333333,0.06666666666666667,0.0,0.0,0.0,0.0,0.0,,,0.13333333333333333,0.0,0.0,0.13333333333333333,0.13333333333333333,0.0,0.06666666666666667,0.13333333333333333,0.20000000000000004,0.0,0.0,0.0,0.13333333333333333,0.0,0.13333333333333333,0.20000000000000004,0.20000000000000004,0.0,0.06666666666666667,0.13333333333333333,0.0,0.06666666666666667,0.13333333333333333,0.26666666666666666,0.3333333333333333,0.13333333333333333,0.39999999999999997,0.13333333333333333,0.13333333333333333,0.3333333333333333,0.13333333333333333,0.0,0.0,0.0,0.0,0.3333333333333333,0.13333333333333333,0.0,0.13333333333333333,0.6,0.26666666666666666,0.0,0.13333333333333333,,0.06666666666666667,0.0,0.0,0.5333333333333333,0.26666666666666666,0.13333333333333333,0.13333333333333333,0.06666666666666667,0.20000000000000004,0.06666666666666667,0.13333333333333333,0.26666666666666666,0.0,0.13333333333333333,0.13333333333333333,0.06666666666666667,0.13333333333333333,0.0,0.13333333333333333,0.26666666666666666,
