Selection	View	Channel	Begin Time (s)	End Time (s)	Low Freq (Hz)	High Freq (Hz)	Manually-Verified Phonic Group	peak_frequency_time_SPECTROGRAM	peak_frequency_SPECTROGRAM	peak_frequency_WELCH	SNR	class	class_prob	det_prob	individual	Annotation	sampling_rate	input_file
1	Waveform 1	1	4.441500000	4.447900000	52109.000	59097.000	HF	4.444933333333332	52500.0	51840.0	8.891129956720473	Pipistrellus pipistrellus	0.02	0.037	-1	Echolocation	192000	/home/adkris/Documents/mila-human-wav-txt/20220826_070000.WAV
1	Spectrogram 1	1	4.441500000	4.447900000	52109.000	59097.000	HF	4.444933333333332	52500.0	51840.0	8.891129956720473	Pipistrellus pipistrellus	0.02	0.037	-1	Echolocation	192000	/home/adkris/Documents/mila-human-wav-txt/20220826_070000.WAV
2	Waveform 1	1	5.150500000	5.156200000	33203.000	74284.000	HF	5.154633333333333	50250.0	48000.0	8.709493726322197	Myotis mystacinus	0.011	0.023	-1	Echolocation	192000	/home/adkris/Documents/mila-human-wav-txt/20220826_070000.WAV
2	Spectrogram 1	1	5.150500000	5.156200000	33203.000	74284.000	HF	5.154633333333333	50250.0	48000.0	8.709493726322197	Myotis mystacinus	0.011	0.023	-1	Echolocation	192000	/home/adkris/Documents/mila-human-wav-txt/20220826_070000.WAV
3	Waveform 1	1	31.776500000	31.784400000	52109.000	59220.000	HF	31.780766666666665	56250.0	52800.00000000001	5.642220733497067	Pipistrellus pygmaeus	0.029	0.06	-1	Echolocation	192000	/home/adkris/Documents/mila-human-wav-txt/20220826_070000.WAV
3	Spectrogram 1	1	31.776500000	31.784400000	52109.000	59220.000	HF	31.780766666666665	56250.0	52800.00000000001	5.642220733497067	Pipistrellus pygmaeus	0.029	0.06	-1	Echolocation	192000	/home/adkris/Documents/mila-human-wav-txt/20220826_070000.WAV
4	Waveform 1	1	63.766500000	63.771400000	48671.000	58561.000	HF	63.77026666666666	52500.0	52800.00000000001	5.597649940075067	Pipistrellus pipistrellus	0.069	0.082	-1	Echolocation	192000	/home/adkris/Documents/mila-human-wav-txt/20220826_070000.WAV
4	Spectrogram 1	1	63.766500000	63.771400000	48671.000	58561.000	HF	63.77026666666666	52500.0	52800.00000000001	5.597649940075067	Pipistrellus pipistrellus	0.069	0.082	-1	Echolocation	192000	/home/adkris/Documents/mila-human-wav-txt/20220826_070000.WAV
5	Waveform 1	1	64.095500000	64.101400000	33203.000	68060.000	HF	64.09826666666666	49500.0	48960.0	5.208450496394232	Myotis daubentonii	0.009	0.027	-1	Echolocation	192000	/home/adkris/Documents/mila-human-wav-txt/20220826_070000.WAV
5	Spectrogram 1	1	64.095500000	64.101400000	33203.000	68060.000	HF	64.09826666666666	49500.0	48960.0	5.208450496394232	Myotis daubentonii	0.009	0.027	-1	Echolocation	192000	/home/adkris/Documents/mila-human-wav-txt/20220826_070000.WAV
6	Waveform 1	1	64.782500000	64.787600000	32343.000	70241.000	HF	64.78373333333333	53250.0	49920.0	5.707355455641218	Myotis mystacinus	0.013	0.036	-1	Echolocation	192000	/home/adkris/Documents/mila-human-wav-txt/20220826_070000.WAV
6	Spectrogram 1	1	64.782500000	64.787600000	32343.000	70241.000	HF	64.78373333333333	53250.0	49920.0	5.707355455641218	Myotis mystacinus	0.013	0.036	-1	Echolocation	192000	/home/adkris/Documents/mila-human-wav-txt/20220826_070000.WAV
7	Waveform 1	1	65.252500000	65.257800000	32343.000	73273.000	HF	65.2547	54000.0	52800.00000000001	5.273869229018863	Myotis mystacinus	0.011	0.032	-1	Echolocation	192000	/home/adkris/Documents/mila-human-wav-txt/20220826_070000.WAV
7	Spectrogram 1	1	65.252500000	65.257800000	32343.000	73273.000	HF	65.2547	54000.0	52800.00000000001	5.273869229018863	Myotis mystacinus	0.011	0.032	-1	Echolocation	192000	/home/adkris/Documents/mila-human-wav-txt/20220826_070000.WAV
8	Waveform 1	1	65.298500000	65.304200000	33203.000	68106.000	HF	65.30146666666667	54750.0	51840.0	5.606975835145026	Myotis brandtii	0.008	0.024	-1	Echolocation	192000	/home/adkris/Documents/mila-human-wav-txt/20220826_070000.WAV
8	Spectrogram 1	1	65.298500000	65.304200000	33203.000	68106.000	HF	65.30146666666667	54750.0	51840.0	5.606975835145026	Myotis brandtii	0.008	0.024	-1	Echolocation	192000	/home/adkris/Documents/mila-human-wav-txt/20220826_070000.WAV
9	Waveform 1	1	65.455500000	65.460700000	30625.000	74085.000	HF	65.45779999999999	48000.0	47040.0	8.950842919759074	Myotis mystacinus	0.014	0.039	-1	Echolocation	192000	/home/adkris/Documents/mila-human-wav-txt/20220826_070000.WAV
9	Spectrogram 1	1	65.455500000	65.460700000	30625.000	74085.000	HF	65.45779999999999	48000.0	47040.0	8.950842919759074	Myotis mystacinus	0.014	0.039	-1	Echolocation	192000	/home/adkris/Documents/mila-human-wav-txt/20220826_070000.WAV
10	Waveform 1	1	95.675500000	95.682700000	53828.000	63895.000	HF	95.6793	54000.0	53760.00000000001	5.0322160422714335	Pipistrellus pygmaeus	0.121	0.129	-1	Echolocation	192000	/home/adkris/Documents/mila-human-wav-txt/20220826_070000.WAV
10	Spectrogram 1	1	95.675500000	95.682700000	53828.000	63895.000	HF	95.6793	54000.0	53760.00000000001	5.0322160422714335	Pipistrellus pygmaeus	0.121	0.129	-1	Echolocation	192000	/home/adkris/Documents/mila-human-wav-txt/20220826_070000.WAV
11	Waveform 1	1	95.817500000	95.823100000	33203.000	65387.000	HF	95.8194	55500.0	55679.99999999999	5.151890068573062	Myotis brandtii	0.011	0.031	-1	Echolocation	192000	/home/adkris/Documents/mila-human-wav-txt/20220826_070000.WAV
11	Spectrogram 1	1	95.817500000	95.823100000	33203.000	65387.000	HF	95.8194	55500.0	55679.99999999999	5.151890068573062	Myotis brandtii	0.011	0.031	-1	Echolocation	192000	/home/adkris/Documents/mila-human-wav-txt/20220826_070000.WAV
12	Waveform 1	1	97.071500000	97.076300000	57265.000	66149.000	HF	97.07653333333332	62250.0	56640.0	22.578655979066315	Pipistrellus pygmaeus	0.022	0.041	-1	Echolocation	192000	/home/adkris/Documents/mila-human-wav-txt/20220826_070000.WAV
12	Spectrogram 1	1	97.071500000	97.076300000	57265.000	66149.000	HF	97.07653333333332	62250.0	56640.0	22.578655979066315	Pipistrellus pygmaeus	0.022	0.041	-1	Echolocation	192000	/home/adkris/Documents/mila-human-wav-txt/20220826_070000.WAV
13	Waveform 1	1	97.175500000	97.183300000	55546.000	63122.000	HF	97.18336666666669	58500.0	52800.00000000001	20.88464213619642	Myotis alcathoe	0.01	0.026	-1	Echolocation	192000	/home/adkris/Documents/mila-human-wav-txt/20220826_070000.WAV
13	Spectrogram 1	1	97.175500000	97.183300000	55546.000	63122.000	HF	97.18336666666669	58500.0	52800.00000000001	20.88464213619642	Myotis alcathoe	0.01	0.026	-1	Echolocation	192000	/home/adkris/Documents/mila-human-wav-txt/20220826_070000.WAV
14	Waveform 1	1	97.354500000	97.359300000	31484.000	76391.000	HF	97.35603333333331	52500.0	54719.99999999999	12.4457237743579	Myotis mystacinus	0.022	0.049	-1	Echolocation	192000	/home/adkris/Documents/mila-human-wav-txt/20220826_070000.WAV
14	Spectrogram 1	1	97.354500000	97.359300000	31484.000	76391.000	HF	97.35603333333331	52500.0	54719.99999999999	12.4457237743579	Myotis mystacinus	0.022	0.049	-1	Echolocation	192000	/home/adkris/Documents/mila-human-wav-txt/20220826_070000.WAV
15	Waveform 1	1	97.689500000	97.695500000	29765.000	74872.000	HF	97.69216666666668	50250.0	47040.0	8.416298733734976	Myotis daubentonii	0.009	0.025	-1	Echolocation	192000	/home/adkris/Documents/mila-human-wav-txt/20220826_070000.WAV
15	Spectrogram 1	1	97.689500000	97.695500000	29765.000	74872.000	HF	97.69216666666668	50250.0	47040.0	8.416298733734976	Myotis daubentonii	0.009	0.025	-1	Echolocation	192000	/home/adkris/Documents/mila-human-wav-txt/20220826_070000.WAV
16	Waveform 1	1	98.963500000	98.967700000	45234.000	66296.000	HF	98.96563333333332	56250.0	52800.00000000001	5.794541985319718	Myotis alcathoe	0.106	0.179	-1	Echolocation	192000	/home/adkris/Documents/mila-human-wav-txt/20220826_070000.WAV
16	Spectrogram 1	1	98.963500000	98.967700000	45234.000	66296.000	HF	98.96563333333332	56250.0	52800.00000000001	5.794541985319718	Myotis alcathoe	0.106	0.179	-1	Echolocation	192000	/home/adkris/Documents/mila-human-wav-txt/20220826_070000.WAV
17	Waveform 1	1	123.780500000	123.785400000	33203.000	73182.000	HF	123.78193333333331	49500.0	55679.99999999999	6.406818965252531	Myotis mystacinus	0.014	0.036	-1	Echolocation	192000	/home/adkris/Documents/mila-human-wav-txt/20220826_070000.WAV
17	Spectrogram 1	1	123.780500000	123.785400000	33203.000	73182.000	HF	123.78193333333331	49500.0	55679.99999999999	6.406818965252531	Myotis mystacinus	0.014	0.036	-1	Echolocation	192000	/home/adkris/Documents/mila-human-wav-txt/20220826_070000.WAV
18	Waveform 1	1	124.001500000	124.012700000	58125.000	65475.000	HF	124.0083	60000.0	57600.0	6.985010311877245	Pipistrellus pygmaeus	0.06	0.063	-1	Echolocation	192000	/home/adkris/Documents/mila-human-wav-txt/20220826_070000.WAV
18	Spectrogram 1	1	124.001500000	124.012700000	58125.000	65475.000	HF	124.0083	60000.0	57600.0	6.985010311877245	Pipistrellus pygmaeus	0.06	0.063	-1	Echolocation	192000	/home/adkris/Documents/mila-human-wav-txt/20220826_070000.WAV
19	Waveform 1	1	158.886500000	158.907000000	25468.000	30777.000	LF	158.90266666666668	25500.0	25920.0	7.549824625120948	Nyctalus leisleri	0.067	0.137	-1	Echolocation	192000	/home/adkris/Documents/mila-human-wav-txt/20220826_070000.WAV
19	Spectrogram 1	1	158.886500000	158.907000000	25468.000	30777.000	LF	158.90266666666668	25500.0	25920.0	7.549824625120948	Nyctalus leisleri	0.067	0.137	-1	Echolocation	192000	/home/adkris/Documents/mila-human-wav-txt/20220826_070000.WAV
20	Waveform 1	1	160.432500000	160.450300000	26328.000	30888.000	LF	160.44786666666667	27000.0	26880.000000000004	6.871527156825199	Nyctalus leisleri	0.081	0.149	-1	Echolocation	192000	/home/adkris/Documents/mila-human-wav-txt/20220826_070000.WAV
20	Spectrogram 1	1	160.432500000	160.450300000	26328.000	30888.000	LF	160.44786666666667	27000.0	26880.000000000004	6.871527156825199	Nyctalus leisleri	0.081	0.149	-1	Echolocation	192000	/home/adkris/Documents/mila-human-wav-txt/20220826_070000.WAV
21	Waveform 1	1	162.027500000	162.033800000	17734.000	28599.000	LF	162.02986666666666	21000.0	20160.0	9.001799771772646	Plecotus austriacus	0.059	0.097	-1	Echolocation	192000	/home/adkris/Documents/mila-human-wav-txt/20220826_070000.WAV
21	Spectrogram 1	1	162.027500000	162.033800000	17734.000	28599.000	LF	162.02986666666666	21000.0	20160.0	9.001799771772646	Plecotus austriacus	0.059	0.097	-1	Echolocation	192000	/home/adkris/Documents/mila-human-wav-txt/20220826_070000.WAV
22	Waveform 1	1	163.845500000	163.852400000	56406.000	64698.000	HF	163.8496	57750.0	56640.0	16.090333723167305	Pipistrellus pygmaeus	0.045	0.053	-1	Echolocation	192000	/home/adkris/Documents/mila-human-wav-txt/20220826_070000.WAV
22	Spectrogram 1	1	163.845500000	163.852400000	56406.000	64698.000	HF	163.8496	57750.0	56640.0	16.090333723167305	Pipistrellus pygmaeus	0.045	0.053	-1	Echolocation	192000	/home/adkris/Documents/mila-human-wav-txt/20220826_070000.WAV
23	Waveform 1	1	164.200500000	164.208100000	46093.000	60496.000	HF	164.2039	52500.0	48960.0	5.531179304457805	Pipistrellus pipistrellus	0.08	0.103	-1	Echolocation	192000	/home/adkris/Documents/mila-human-wav-txt/20220826_070000.WAV
23	Spectrogram 1	1	164.200500000	164.208100000	46093.000	60496.000	HF	164.2039	52500.0	48960.0	5.531179304457805	Pipistrellus pipistrellus	0.08	0.103	-1	Echolocation	192000	/home/adkris/Documents/mila-human-wav-txt/20220826_070000.WAV
24	Waveform 1	1	169.357500000	169.374900000	25468.000	31452.000	LF	169.37326666666667	25500.0	25920.0	6.923357815126087	Nyctalus leisleri	0.043	0.108	-1	Echolocation	192000	/home/adkris/Documents/mila-human-wav-txt/20220826_070000.WAV
24	Spectrogram 1	1	169.357500000	169.374900000	25468.000	31452.000	LF	169.37326666666667	25500.0	25920.0	6.923357815126087	Nyctalus leisleri	0.043	0.108	-1	Echolocation	192000	/home/adkris/Documents/mila-human-wav-txt/20220826_070000.WAV
25	Waveform 1	1	182.292500000	182.298500000	28046.000	53174.000	HF	182.2975	43500.0	43200.0	10.145213652913846	Myotis daubentonii	0.017	0.028	-1	Echolocation	192000	/home/adkris/Documents/mila-human-wav-txt/20220826_070000.WAV
25	Spectrogram 1	1	182.292500000	182.298500000	28046.000	53174.000	HF	182.2975	43500.0	43200.0	10.145213652913846	Myotis daubentonii	0.017	0.028	-1	Echolocation	192000	/home/adkris/Documents/mila-human-wav-txt/20220826_070000.WAV
26	Waveform 1	1	182.484500000	182.490400000	49531.000	54062.000	HF	182.4861	49500.0	48960.0	6.279850610594479	Pipistrellus pipistrellus	0.014	0.025	-1	Echolocation	192000	/home/adkris/Documents/mila-human-wav-txt/20220826_070000.WAV
26	Spectrogram 1	1	182.484500000	182.490400000	49531.000	54062.000	HF	182.4861	49500.0	48960.0	6.279850610594479	Pipistrellus pipistrellus	0.014	0.025	-1	Echolocation	192000	/home/adkris/Documents/mila-human-wav-txt/20220826_070000.WAV
27	Waveform 1	1	191.671500000	191.676900000	37500.000	65830.000	HF	191.6759333333333	52500.0	52800.00000000001	5.319628138927685	Myotis mystacinus	0.01	0.028	-1	Echolocation	192000	/home/adkris/Documents/mila-human-wav-txt/20220826_070000.WAV
27	Spectrogram 1	1	191.671500000	191.676900000	37500.000	65830.000	HF	191.6759333333333	52500.0	52800.00000000001	5.319628138927685	Myotis mystacinus	0.01	0.028	-1	Echolocation	192000	/home/adkris/Documents/mila-human-wav-txt/20220826_070000.WAV
28	Waveform 1	1	191.739500000	191.747900000	56406.000	64915.000	HF	191.7421	57000.0	56640.0	7.924753033168645	Pipistrellus pygmaeus	0.024	0.026	-1	Echolocation	192000	/home/adkris/Documents/mila-human-wav-txt/20220826_070000.WAV
28	Spectrogram 1	1	191.739500000	191.747900000	56406.000	64915.000	HF	191.7421	57000.0	56640.0	7.924753033168645	Pipistrellus pygmaeus	0.024	0.026	-1	Echolocation	192000	/home/adkris/Documents/mila-human-wav-txt/20220826_070000.WAV
29	Waveform 1	1	193.972500000	193.977100000	46093.000	66421.000	HF	193.9754	52500.0	48960.0	9.40761055996226	Pipistrellus pipistrellus	0.08	0.2	-1	Echolocation	192000	/home/adkris/Documents/mila-human-wav-txt/20220826_070000.WAV
29	Spectrogram 1	1	193.972500000	193.977100000	46093.000	66421.000	HF	193.9754	52500.0	48960.0	9.40761055996226	Pipistrellus pipistrellus	0.08	0.2	-1	Echolocation	192000	/home/adkris/Documents/mila-human-wav-txt/20220826_070000.WAV
30	Waveform 1	1	194.025500000	194.031200000	32343.000	70028.000	HF	194.0273	48750.0	48960.0	9.1733365269933	Myotis brandtii	0.012	0.03	-1	Echolocation	192000	/home/adkris/Documents/mila-human-wav-txt/20220826_070000.WAV
30	Spectrogram 1	1	194.025500000	194.031200000	32343.000	70028.000	HF	194.0273	48750.0	48960.0	9.1733365269933	Myotis brandtii	0.012	0.03	-1	Echolocation	192000	/home/adkris/Documents/mila-human-wav-txt/20220826_070000.WAV
31	Waveform 1	1	194.185500000	194.190400000	30625.000	70488.000	HF	194.1881	55500.0	55679.99999999999	7.968958967030635	Myotis mystacinus	0.011	0.031	-1	Echolocation	192000	/home/adkris/Documents/mila-human-wav-txt/20220826_070000.WAV
31	Spectrogram 1	1	194.185500000	194.190400000	30625.000	70488.000	HF	194.1881	55500.0	55679.99999999999	7.968958967030635	Myotis mystacinus	0.011	0.031	-1	Echolocation	192000	/home/adkris/Documents/mila-human-wav-txt/20220826_070000.WAV
32	Waveform 1	1	194.263500000	194.268400000	32343.000	80510.000	HF	194.26493333333332	52500.0	52800.00000000001	8.979958245277288	Myotis mystacinus	0.022	0.056	-1	Echolocation	192000	/home/adkris/Documents/mila-human-wav-txt/20220826_070000.WAV
32	Spectrogram 1	1	194.263500000	194.268400000	32343.000	80510.000	HF	194.26493333333332	52500.0	52800.00000000001	8.979958245277288	Myotis mystacinus	0.022	0.056	-1	Echolocation	192000	/home/adkris/Documents/mila-human-wav-txt/20220826_070000.WAV
33	Waveform 1	1	194.303500000	194.308300000	31484.000	81363.000	HF	194.3050333333333	47250.0	54719.99999999999	9.18533511133604	Myotis mystacinus	0.022	0.054	-1	Echolocation	192000	/home/adkris/Documents/mila-human-wav-txt/20220826_070000.WAV
33	Spectrogram 1	1	194.303500000	194.308300000	31484.000	81363.000	HF	194.3050333333333	47250.0	54719.99999999999	9.18533511133604	Myotis mystacinus	0.022	0.054	-1	Echolocation	192000	/home/adkris/Documents/mila-human-wav-txt/20220826_070000.WAV
34	Waveform 1	1	194.429500000	194.433400000	43515.000	65048.000	HF	194.43076666666667	54000.0	48000.0	6.780548966052845	Myotis alcathoe	0.07	0.188	-1	Echolocation	192000	/home/adkris/Documents/mila-human-wav-txt/20220826_070000.WAV
34	Spectrogram 1	1	194.429500000	194.433400000	43515.000	65048.000	HF	194.43076666666667	54000.0	48000.0	6.780548966052845	Myotis alcathoe	0.07	0.188	-1	Echolocation	192000	/home/adkris/Documents/mila-human-wav-txt/20220826_070000.WAV
35	Waveform 1	1	194.466500000	194.472700000	52109.000	57672.000	HF	194.46896666666663	53250.0	52800.00000000001	5.623921980688866	Pipistrellus pipistrellus	0.107	0.153	-1	Echolocation	192000	/home/adkris/Documents/mila-human-wav-txt/20220826_070000.WAV
35	Spectrogram 1	1	194.466500000	194.472700000	52109.000	57672.000	HF	194.46896666666663	53250.0	52800.00000000001	5.623921980688866	Pipistrellus pipistrellus	0.107	0.153	-1	Echolocation	192000	/home/adkris/Documents/mila-human-wav-txt/20220826_070000.WAV
36	Waveform 1	1	195.274500000	195.281800000	58984.000	66404.000	HF	195.2782	60000.0	59520.0	10.601937105101625	Pipistrellus pygmaeus	0.02	0.025	-1	Echolocation	192000	/home/adkris/Documents/mila-human-wav-txt/20220826_070000.WAV
36	Spectrogram 1	1	195.274500000	195.281800000	58984.000	66404.000	HF	195.2782	60000.0	59520.0	10.601937105101625	Pipistrellus pygmaeus	0.02	0.025	-1	Echolocation	192000	/home/adkris/Documents/mila-human-wav-txt/20220826_070000.WAV
37	Waveform 1	1	195.436500000	195.442100000	33203.000	63222.000	HF	195.44073333333333	49500.0	48960.0	18.74216305568928	Myotis brandtii	0.008	0.025	-1	Echolocation	192000	/home/adkris/Documents/mila-human-wav-txt/20220826_070000.WAV
37	Spectrogram 1	1	195.436500000	195.442100000	33203.000	63222.000	HF	195.44073333333333	49500.0	48960.0	18.74216305568928	Myotis brandtii	0.008	0.025	-1	Echolocation	192000	/home/adkris/Documents/mila-human-wav-txt/20220826_070000.WAV
38	Waveform 1	1	196.025500000	196.031000000	34921.000	64509.000	HF	196.02983333333333	48750.0	48960.0	5.76417455970688	Myotis bechsteinii	0.009	0.031	-1	Echolocation	192000	/home/adkris/Documents/mila-human-wav-txt/20220826_070000.WAV
38	Spectrogram 1	1	196.025500000	196.031000000	34921.000	64509.000	HF	196.02983333333333	48750.0	48960.0	5.76417455970688	Myotis bechsteinii	0.009	0.031	-1	Echolocation	192000	/home/adkris/Documents/mila-human-wav-txt/20220826_070000.WAV
39	Waveform 1	1	203.676500000	203.680400000	45234.000	58967.000	HF	203.67776666666668	54000.0	53760.00000000001	5.59383134994296	Pipistrellus pipistrellus	0.097	0.198	-1	Echolocation	192000	/home/adkris/Documents/mila-human-wav-txt/20220826_070000.WAV
39	Spectrogram 1	1	203.676500000	203.680400000	45234.000	58967.000	HF	203.67776666666668	54000.0	53760.00000000001	5.59383134994296	Pipistrellus pipistrellus	0.097	0.198	-1	Echolocation	192000	/home/adkris/Documents/mila-human-wav-txt/20220826_070000.WAV
40	Waveform 1	1	203.752500000	203.779800000	23750.000	28131.000	LF	203.7747	24750.0	24960.0	5.762665211609778	Nyctalus leisleri	0.088	0.196	-1	Echolocation	192000	/home/adkris/Documents/mila-human-wav-txt/20220826_070000.WAV
40	Spectrogram 1	1	203.752500000	203.779800000	23750.000	28131.000	LF	203.7747	24750.0	24960.0	5.762665211609778	Nyctalus leisleri	0.088	0.196	-1	Echolocation	192000	/home/adkris/Documents/mila-human-wav-txt/20220826_070000.WAV
41	Waveform 1	1	204.552500000	204.557500000	52109.000	62058.000	HF	204.55383333333333	54750.0	54719.99999999999	8.791782456282531	Pipistrellus pygmaeus	0.124	0.153	-1	Echolocation	192000	/home/adkris/Documents/mila-human-wav-txt/20220826_070000.WAV
41	Spectrogram 1	1	204.552500000	204.557500000	52109.000	62058.000	HF	204.55383333333333	54750.0	54719.99999999999	8.791782456282531	Pipistrellus pygmaeus	0.124	0.153	-1	Echolocation	192000	/home/adkris/Documents/mila-human-wav-txt/20220826_070000.WAV
42	Waveform 1	1	204.585500000	204.589500000	48671.000	61065.000	HF	204.58666666666667	57750.0	57600.0	6.331789316800686	Pipistrellus pipistrellus	0.126	0.167	-1	Echolocation	192000	/home/adkris/Documents/mila-human-wav-txt/20220826_070000.WAV
42	Spectrogram 1	1	204.585500000	204.589500000	48671.000	61065.000	HF	204.58666666666667	57750.0	57600.0	6.331789316800686	Pipistrellus pipistrellus	0.126	0.167	-1	Echolocation	192000	/home/adkris/Documents/mila-human-wav-txt/20220826_070000.WAV
43	Waveform 1	1	204.662500000	204.668400000	55546.000	61328.000	HF	204.6629333333333	55500.0	55679.99999999999	9.616125163721016	Pipistrellus pygmaeus	0.062	0.065	-1	Echolocation	192000	/home/adkris/Documents/mila-human-wav-txt/20220826_070000.WAV
43	Spectrogram 1	1	204.662500000	204.668400000	55546.000	61328.000	HF	204.6629333333333	55500.0	55679.99999999999	9.616125163721016	Pipistrellus pygmaeus	0.062	0.065	-1	Echolocation	192000	/home/adkris/Documents/mila-human-wav-txt/20220826_070000.WAV
44	Waveform 1	1	213.325500000	213.332200000	50390.000	61504.000	HF	213.3298	53250.0	53760.00000000001	5.515363322491891	Pipistrellus pipistrellus	0.083	0.124	-1	Echolocation	192000	/home/adkris/Documents/mila-human-wav-txt/20220826_070000.WAV
44	Spectrogram 1	1	213.325500000	213.332200000	50390.000	61504.000	HF	213.3298	53250.0	53760.00000000001	5.515363322491891	Pipistrellus pipistrellus	0.083	0.124	-1	Echolocation	192000	/home/adkris/Documents/mila-human-wav-txt/20220826_070000.WAV
45	Waveform 1	1	213.657500000	213.664800000	48671.000	60940.000	HF	213.66003333333333	56250.0	55679.99999999999	5.413842105640512	Pipistrellus pipistrellus	0.134	0.192	-1	Echolocation	192000	/home/adkris/Documents/mila-human-wav-txt/20220826_070000.WAV
45	Spectrogram 1	1	213.657500000	213.664800000	48671.000	60940.000	HF	213.66003333333333	56250.0	55679.99999999999	5.413842105640512	Pipistrellus pipistrellus	0.134	0.192	-1	Echolocation	192000	/home/adkris/Documents/mila-human-wav-txt/20220826_070000.WAV
46	Waveform 1	1	230.278500000	230.284400000	33203.000	62774.000	HF	230.28243333333333	48750.0	48960.0	8.908816314353595	Myotis brandtii	0.007	0.023	-1	Echolocation	192000	/home/adkris/Documents/mila-human-wav-txt/20220826_070000.WAV
46	Spectrogram 1	1	230.278500000	230.284400000	33203.000	62774.000	HF	230.28243333333333	48750.0	48960.0	8.908816314353595	Myotis brandtii	0.007	0.023	-1	Echolocation	192000	/home/adkris/Documents/mila-human-wav-txt/20220826_070000.WAV
47	Waveform 1	1	230.660500000	230.665900000	56406.000	66011.000	HF	230.6626	59250.0	57600.0	8.524910871016832	Pipistrellus pygmaeus	0.087	0.091	-1	Echolocation	192000	/home/adkris/Documents/mila-human-wav-txt/20220826_070000.WAV
47	Spectrogram 1	1	230.660500000	230.665900000	56406.000	66011.000	HF	230.6626	59250.0	57600.0	8.524910871016832	Pipistrellus pygmaeus	0.087	0.091	-1	Echolocation	192000	/home/adkris/Documents/mila-human-wav-txt/20220826_070000.WAV
48	Waveform 1	1	231.415500000	231.419900000	57265.000	63916.000	HF	231.41743333333332	57750.0	62400.0	6.476839826620057	Myotis mystacinus	0.009	0.023	-1	Echolocation	192000	/home/adkris/Documents/mila-human-wav-txt/20220826_070000.WAV
48	Spectrogram 1	1	231.415500000	231.419900000	57265.000	63916.000	HF	231.41743333333332	57750.0	62400.0	6.476839826620057	Myotis mystacinus	0.009	0.023	-1	Echolocation	192000	/home/adkris/Documents/mila-human-wav-txt/20220826_070000.WAV
49	Waveform 1	1	231.932500000	231.937900000	34062.000	71443.000	HF	231.9346	53250.0	54719.99999999999	7.72869851079864	Myotis brandtii	0.01	0.028	-1	Echolocation	192000	/home/adkris/Documents/mila-human-wav-txt/20220826_070000.WAV
49	Spectrogram 1	1	231.932500000	231.937900000	34062.000	71443.000	HF	231.9346	53250.0	54719.99999999999	7.72869851079864	Myotis brandtii	0.01	0.028	-1	Echolocation	192000	/home/adkris/Documents/mila-human-wav-txt/20220826_070000.WAV
50	Waveform 1	1	236.135500000	236.142100000	47812.000	51797.000	HF	236.1364	48750.0	48000.0	6.363119926296895	Pipistrellus pipistrellus	0.017	0.029	-1	Echolocation	192000	/home/adkris/Documents/mila-human-wav-txt/20220826_070000.WAV
50	Spectrogram 1	1	236.135500000	236.142100000	47812.000	51797.000	HF	236.1364	48750.0	48000.0	6.363119926296895	Pipistrellus pipistrellus	0.017	0.029	-1	Echolocation	192000	/home/adkris/Documents/mila-human-wav-txt/20220826_070000.WAV
51	Waveform 1	1	245.909500000	245.918400000	55546.000	63336.000	HF	245.9116	56250.0	56640.0	8.076084426847746	Pipistrellus pygmaeus	0.063	0.066	-1	Echolocation	192000	/home/adkris/Documents/mila-human-wav-txt/20220826_070000.WAV
51	Spectrogram 1	1	245.909500000	245.918400000	55546.000	63336.000	HF	245.9116	56250.0	56640.0	8.076084426847746	Pipistrellus pygmaeus	0.063	0.066	-1	Echolocation	192000	/home/adkris/Documents/mila-human-wav-txt/20220826_070000.WAV
52	Waveform 1	1	258.948500000	258.954000000	35781.000	60273.000	HF	258.95166666666665	54750.0	52800.00000000001	6.908743502692587	Myotis mystacinus	0.007	0.026	-1	Echolocation	192000	/home/adkris/Documents/mila-human-wav-txt/20220826_070000.WAV
52	Spectrogram 1	1	258.948500000	258.954000000	35781.000	60273.000	HF	258.95166666666665	54750.0	52800.00000000001	6.908743502692587	Myotis mystacinus	0.007	0.026	-1	Echolocation	192000	/home/adkris/Documents/mila-human-wav-txt/20220826_070000.WAV
53	Waveform 1	1	259.135500000	259.141500000	52968.000	60287.000	HF	259.1381666666667	55500.0	54719.99999999999	5.628988816541996	Pipistrellus pygmaeus	0.13	0.153	-1	Echolocation	192000	/home/adkris/Documents/mila-human-wav-txt/20220826_070000.WAV
53	Spectrogram 1	1	259.135500000	259.141500000	52968.000	60287.000	HF	259.1381666666667	55500.0	54719.99999999999	5.628988816541996	Pipistrellus pygmaeus	0.13	0.153	-1	Echolocation	192000	/home/adkris/Documents/mila-human-wav-txt/20220826_070000.WAV
54	Waveform 1	1	260.268500000	260.274300000	54687.000	61908.000	HF	260.27136666666667	55500.0	55679.99999999999	5.1614641036428575	Pipistrellus pygmaeus	0.127	0.146	-1	Echolocation	192000	/home/adkris/Documents/mila-human-wav-txt/20220826_070000.WAV
54	Spectrogram 1	1	260.268500000	260.274300000	54687.000	61908.000	HF	260.27136666666667	55500.0	55679.99999999999	5.1614641036428575	Pipistrellus pygmaeus	0.127	0.146	-1	Echolocation	192000	/home/adkris/Documents/mila-human-wav-txt/20220826_070000.WAV
55	Waveform 1	1	260.565500000	260.572200000	46093.000	57924.000	HF	260.5674666666667	55500.0	55679.99999999999	6.569228373866	Pipistrellus pipistrellus	0.153	0.191	-1	Echolocation	192000	/home/adkris/Documents/mila-human-wav-txt/20220826_070000.WAV
55	Spectrogram 1	1	260.565500000	260.572200000	46093.000	57924.000	HF	260.5674666666667	55500.0	55679.99999999999	6.569228373866	Pipistrellus pipistrellus	0.153	0.191	-1	Echolocation	192000	/home/adkris/Documents/mila-human-wav-txt/20220826_070000.WAV
56	Waveform 1	1	271.542500000	271.548300000	54687.000	62071.000	HF	271.5430333333333	57000.0	54719.99999999999	6.521331907635521	Pipistrellus pygmaeus	0.049	0.053	-1	Echolocation	192000	/home/adkris/Documents/mila-human-wav-txt/20220826_070000.WAV
56	Spectrogram 1	1	271.542500000	271.548300000	54687.000	62071.000	HF	271.5430333333333	57000.0	54719.99999999999	6.521331907635521	Pipistrellus pygmaeus	0.049	0.053	-1	Echolocation	192000	/home/adkris/Documents/mila-human-wav-txt/20220826_070000.WAV
57	Waveform 1	1	272.034500000	272.041200000	53828.000	61784.000	HF	272.03996666666666	55500.0	55679.99999999999	12.111032981570029	Pipistrellus pipistrellus	0.014	0.032	-1	Echolocation	192000	/home/adkris/Documents/mila-human-wav-txt/20220826_070000.WAV
57	Spectrogram 1	1	272.034500000	272.041200000	53828.000	61784.000	HF	272.03996666666666	55500.0	55679.99999999999	12.111032981570029	Pipistrellus pipistrellus	0.014	0.032	-1	Echolocation	192000	/home/adkris/Documents/mila-human-wav-txt/20220826_070000.WAV
58	Waveform 1	1	272.535500000	272.540900000	34062.000	68500.000	HF	272.5376	53250.0	52800.00000000001	7.449574405420672	Myotis mystacinus	0.016	0.045	-1	Echolocation	192000	/home/adkris/Documents/mila-human-wav-txt/20220826_070000.WAV
58	Spectrogram 1	1	272.535500000	272.540900000	34062.000	68500.000	HF	272.5376	53250.0	52800.00000000001	7.449574405420672	Myotis mystacinus	0.016	0.045	-1	Echolocation	192000	/home/adkris/Documents/mila-human-wav-txt/20220826_070000.WAV
59	Waveform 1	1	292.724500000	292.738700000	25468.000	31255.000	LF	292.73296666666664	24750.0	25920.0	7.389972083196909	Eptesicus serotinus	0.064	0.135	-1	Echolocation	192000	/home/adkris/Documents/mila-human-wav-txt/20220826_070000.WAV
59	Spectrogram 1	1	292.724500000	292.738700000	25468.000	31255.000	LF	292.73296666666664	24750.0	25920.0	7.389972083196909	Eptesicus serotinus	0.064	0.135	-1	Echolocation	192000	/home/adkris/Documents/mila-human-wav-txt/20220826_070000.WAV
60	Waveform 1	1	297.021500000	297.027000000	34921.000	64178.000	HF	297.0235	54750.0	55679.99999999999	5.615788910159689	Myotis mystacinus	0.009	0.028	-1	Echolocation	192000	/home/adkris/Documents/mila-human-wav-txt/20220826_070000.WAV
60	Spectrogram 1	1	297.021500000	297.027000000	34921.000	64178.000	HF	297.0235	54750.0	55679.99999999999	5.615788910159689	Myotis mystacinus	0.009	0.028	-1	Echolocation	192000	/home/adkris/Documents/mila-human-wav-txt/20220826_070000.WAV
61	Waveform 1	1	309.627500000	309.646600000	24609.000	28939.000	LF	309.6462333333333	23250.0	24960.0	8.275653677685884	Nyctalus leisleri	0.063	0.137	-1	Echolocation	192000	/home/adkris/Documents/mila-human-wav-txt/20220826_070000.WAV
61	Spectrogram 1	1	309.627500000	309.646600000	24609.000	28939.000	LF	309.6462333333333	23250.0	24960.0	8.275653677685884	Nyctalus leisleri	0.063	0.137	-1	Echolocation	192000	/home/adkris/Documents/mila-human-wav-txt/20220826_070000.WAV
62	Waveform 1	1	311.389500000	311.408600000	24609.000	28889.000	LF	311.4035666666667	25500.0	25920.0	6.186568811618827	Nyctalus leisleri	0.066	0.131	-1	Echolocation	192000	/home/adkris/Documents/mila-human-wav-txt/20220826_070000.WAV
62	Spectrogram 1	1	311.389500000	311.408600000	24609.000	28889.000	LF	311.4035666666667	25500.0	25920.0	6.186568811618827	Nyctalus leisleri	0.066	0.131	-1	Echolocation	192000	/home/adkris/Documents/mila-human-wav-txt/20220826_070000.WAV
63	Waveform 1	1	347.486500000	347.495200000	39218.000	45768.000	HF	347.4911333333333	39000.0	41280.0	5.84737172419782	Pipistrellus nathusii	0.098	0.146	-1	Echolocation	192000	/home/adkris/Documents/mila-human-wav-txt/20220826_070000.WAV
63	Spectrogram 1	1	347.486500000	347.495200000	39218.000	45768.000	HF	347.4911333333333	39000.0	41280.0	5.84737172419782	Pipistrellus nathusii	0.098	0.146	-1	Echolocation	192000	/home/adkris/Documents/mila-human-wav-txt/20220826_070000.WAV
64	Waveform 1	1	366.154500000	366.169000000	24609.000	30295.000	LF	366.16266666666667	25500.0	25920.0	5.875609075042108	Nyctalus leisleri	0.074	0.166	-1	Echolocation	192000	/home/adkris/Documents/mila-human-wav-txt/20220826_070000.WAV
64	Spectrogram 1	1	366.154500000	366.169000000	24609.000	30295.000	LF	366.16266666666667	25500.0	25920.0	5.875609075042108	Nyctalus leisleri	0.074	0.166	-1	Echolocation	192000	/home/adkris/Documents/mila-human-wav-txt/20220826_070000.WAV
65	Waveform 1	1	366.669500000	366.690700000	24609.000	29003.000	LF	366.68146666666667	25500.0	24960.0	6.834919188376343	Nyctalus leisleri	0.062	0.127	-1	Echolocation	192000	/home/adkris/Documents/mila-human-wav-txt/20220826_070000.WAV
65	Spectrogram 1	1	366.669500000	366.690700000	24609.000	29003.000	LF	366.68146666666667	25500.0	24960.0	6.834919188376343	Nyctalus leisleri	0.062	0.127	-1	Echolocation	192000	/home/adkris/Documents/mila-human-wav-txt/20220826_070000.WAV
66	Waveform 1	1	367.007500000	367.013800000	49531.000	53065.000	HF	367.0122	48750.0	48960.0	11.394244954609958	Pipistrellus pipistrellus	0.014	0.027	-1	Echolocation	192000	/home/adkris/Documents/mila-human-wav-txt/20220826_070000.WAV
66	Spectrogram 1	1	367.007500000	367.013800000	49531.000	53065.000	HF	367.0122	48750.0	48960.0	11.394244954609958	Pipistrellus pipistrellus	0.014	0.027	-1	Echolocation	192000	/home/adkris/Documents/mila-human-wav-txt/20220826_070000.WAV
67	Waveform 1	1	367.215500000	367.221700000	48671.000	52703.000	HF	367.2191333333333	48750.0	48000.0	16.498303561419437	Pipistrellus pipistrellus	0.018	0.03	-1	Echolocation	192000	/home/adkris/Documents/mila-human-wav-txt/20220826_070000.WAV
67	Spectrogram 1	1	367.215500000	367.221700000	48671.000	52703.000	HF	367.2191333333333	48750.0	48000.0	16.498303561419437	Pipistrellus pipistrellus	0.018	0.03	-1	Echolocation	192000	/home/adkris/Documents/mila-human-wav-txt/20220826_070000.WAV
68	Waveform 1	1	367.315500000	367.323000000	52109.000	55690.000	HF	367.3213333333333	52500.0	51840.0	6.734776768335726	Pipistrellus pygmaeus	0.018	0.027	-1	Echolocation	192000	/home/adkris/Documents/mila-human-wav-txt/20220826_070000.WAV
68	Spectrogram 1	1	367.315500000	367.323000000	52109.000	55690.000	HF	367.3213333333333	52500.0	51840.0	6.734776768335726	Pipistrellus pygmaeus	0.018	0.027	-1	Echolocation	192000	/home/adkris/Documents/mila-human-wav-txt/20220826_070000.WAV
69	Waveform 1	1	367.525500000	367.534700000	53828.000	58648.000	HF	367.5273	55500.0	52800.00000000001	6.096444006896352	Pipistrellus pygmaeus	0.026	0.029	-1	Echolocation	192000	/home/adkris/Documents/mila-human-wav-txt/20220826_070000.WAV
69	Spectrogram 1	1	367.525500000	367.534700000	53828.000	58648.000	HF	367.5273	55500.0	52800.00000000001	6.096444006896352	Pipistrellus pygmaeus	0.026	0.029	-1	Echolocation	192000	/home/adkris/Documents/mila-human-wav-txt/20220826_070000.WAV
70	Waveform 1	1	367.620500000	367.626400000	50390.000	56775.000	HF	367.6256	48000.0	48960.0	12.443166444581037	Pipistrellus pipistrellus	0.015	0.027	-1	Echolocation	192000	/home/adkris/Documents/mila-human-wav-txt/20220826_070000.WAV
70	Spectrogram 1	1	367.620500000	367.626400000	50390.000	56775.000	HF	367.6256	48000.0	48960.0	12.443166444581037	Pipistrellus pipistrellus	0.015	0.027	-1	Echolocation	192000	/home/adkris/Documents/mila-human-wav-txt/20220826_070000.WAV
71	Waveform 1	1	368.084500000	368.093700000	54687.000	61124.000	HF	368.0933	57000.0	54719.99999999999	7.731194355956057	Pipistrellus pygmaeus	0.022	0.023	-1	Echolocation	192000	/home/adkris/Documents/mila-human-wav-txt/20220826_070000.WAV
71	Spectrogram 1	1	368.084500000	368.093700000	54687.000	61124.000	HF	368.0933	57000.0	54719.99999999999	7.731194355956057	Pipistrellus pygmaeus	0.022	0.023	-1	Echolocation	192000	/home/adkris/Documents/mila-human-wav-txt/20220826_070000.WAV
72	Waveform 1	1	368.189500000	368.200100000	55546.000	62078.000	HF	368.1945666666667	55500.0	55679.99999999999	9.2914675487895	Pipistrellus pygmaeus	0.025	0.025	-1	Echolocation	192000	/home/adkris/Documents/mila-human-wav-txt/20220826_070000.WAV
72	Spectrogram 1	1	368.189500000	368.200100000	55546.000	62078.000	HF	368.1945666666667	55500.0	55679.99999999999	9.2914675487895	Pipistrellus pygmaeus	0.025	0.025	-1	Echolocation	192000	/home/adkris/Documents/mila-human-wav-txt/20220826_070000.WAV
73	Waveform 1	1	368.748500000	368.758900000	49531.000	57048.000	HF	368.7526	54000.0	48960.0	21.61992618556896	Pipistrellus pipistrellus	0.023	0.042	-1	Echolocation	192000	/home/adkris/Documents/mila-human-wav-txt/20220826_070000.WAV
73	Spectrogram 1	1	368.748500000	368.758900000	49531.000	57048.000	HF	368.7526	54000.0	48960.0	21.61992618556896	Pipistrellus pipistrellus	0.023	0.042	-1	Echolocation	192000	/home/adkris/Documents/mila-human-wav-txt/20220826_070000.WAV
74	Waveform 1	1	368.847500000	368.852900000	48671.000	55621.000	HF	368.8484333333333	48750.0	48960.0	11.027409921429738	Pipistrellus pipistrellus	0.025	0.042	-1	Echolocation	192000	/home/adkris/Documents/mila-human-wav-txt/20220826_070000.WAV
74	Spectrogram 1	1	368.847500000	368.852900000	48671.000	55621.000	HF	368.8484333333333	48750.0	48960.0	11.027409921429738	Pipistrellus pipistrellus	0.025	0.042	-1	Echolocation	192000	/home/adkris/Documents/mila-human-wav-txt/20220826_070000.WAV
75	Waveform 1	1	369.054500000	369.060700000	49531.000	56760.000	HF	369.05696666666665	52500.0	48960.0	18.25482315008347	Pipistrellus pipistrellus	0.041	0.07	-1	Echolocation	192000	/home/adkris/Documents/mila-human-wav-txt/20220826_070000.WAV
75	Spectrogram 1	1	369.054500000	369.060700000	49531.000	56760.000	HF	369.05696666666665	52500.0	48960.0	18.25482315008347	Pipistrellus pipistrellus	0.041	0.07	-1	Echolocation	192000	/home/adkris/Documents/mila-human-wav-txt/20220826_070000.WAV
76	Waveform 1	1	369.231500000	369.238400000	46953.000	56707.000	HF	369.23676666666665	48000.0	47040.0	21.09761920809643	Pipistrellus pipistrellus	0.034	0.06	-1	Echolocation	192000	/home/adkris/Documents/mila-human-wav-txt/20220826_070000.WAV
76	Spectrogram 1	1	369.231500000	369.238400000	46953.000	56707.000	HF	369.23676666666665	48000.0	47040.0	21.09761920809643	Pipistrellus pipistrellus	0.034	0.06	-1	Echolocation	192000	/home/adkris/Documents/mila-human-wav-txt/20220826_070000.WAV
77	Waveform 1	1	369.323500000	369.329600000	45234.000	57092.000	HF	369.3272333333333	45750.0	45120.0	20.599848844473456	Pipistrellus nathusii	0.073	0.104	-1	Echolocation	192000	/home/adkris/Documents/mila-human-wav-txt/20220826_070000.WAV
77	Spectrogram 1	1	369.323500000	369.329600000	45234.000	57092.000	HF	369.3272333333333	45750.0	45120.0	20.599848844473456	Pipistrellus nathusii	0.073	0.104	-1	Echolocation	192000	/home/adkris/Documents/mila-human-wav-txt/20220826_070000.WAV
78	Waveform 1	1	369.590500000	369.596200000	47812.000	53464.000	HF	369.59113333333335	47250.0	47040.0	14.010711117402211	Pipistrellus pipistrellus	0.016	0.032	-1	Echolocation	192000	/home/adkris/Documents/mila-human-wav-txt/20220826_070000.WAV
78	Spectrogram 1	1	369.590500000	369.596200000	47812.000	53464.000	HF	369.59113333333335	47250.0	47040.0	14.010711117402211	Pipistrellus pipistrellus	0.016	0.032	-1	Echolocation	192000	/home/adkris/Documents/mila-human-wav-txt/20220826_070000.WAV
79	Waveform 1	1	371.830500000	371.846500000	22890.000	25530.000	LF	371.836	24000.0	24000.0	7.82024764128816	Nyctalus leisleri	0.048	0.1	-1	Echolocation	192000	/home/adkris/Documents/mila-human-wav-txt/20220826_070000.WAV
79	Spectrogram 1	1	371.830500000	371.846500000	22890.000	25530.000	LF	371.836	24000.0	24000.0	7.82024764128816	Nyctalus leisleri	0.048	0.1	-1	Echolocation	192000	/home/adkris/Documents/mila-human-wav-txt/20220826_070000.WAV
80	Waveform 1	1	372.660500000	372.674400000	22890.000	28795.000	LF	372.6716	24000.0	24000.0	5.493825924152262	Nyctalus leisleri	0.017	0.04	-1	Echolocation	192000	/home/adkris/Documents/mila-human-wav-txt/20220826_070000.WAV
80	Spectrogram 1	1	372.660500000	372.674400000	22890.000	28795.000	LF	372.6716	24000.0	24000.0	5.493825924152262	Nyctalus leisleri	0.017	0.04	-1	Echolocation	192000	/home/adkris/Documents/mila-human-wav-txt/20220826_070000.WAV
81	Waveform 1	1	397.554500000	397.562200000	17734.000	27243.000	LF	397.5566333333333	20250.0	20160.0	18.11892506286605	Plecotus austriacus	0.032	0.05	-1	Echolocation	192000	/home/adkris/Documents/mila-human-wav-txt/20220826_070000.WAV
81	Spectrogram 1	1	397.554500000	397.562200000	17734.000	27243.000	LF	397.5566333333333	20250.0	20160.0	18.11892506286605	Plecotus austriacus	0.032	0.05	-1	Echolocation	192000	/home/adkris/Documents/mila-human-wav-txt/20220826_070000.WAV
82	Waveform 1	1	397.672500000	397.691500000	23750.000	28869.000	LF	397.6913333333333	24750.0	24960.0	6.888549620182118	Nyctalus leisleri	0.078	0.197	-1	Echolocation	192000	/home/adkris/Documents/mila-human-wav-txt/20220826_070000.WAV
82	Spectrogram 1	1	397.672500000	397.691500000	23750.000	28869.000	LF	397.6913333333333	24750.0	24960.0	6.888549620182118	Nyctalus leisleri	0.078	0.197	-1	Echolocation	192000	/home/adkris/Documents/mila-human-wav-txt/20220826_070000.WAV
83	Waveform 1	1	399.822500000	399.838200000	25468.000	29810.000	LF	399.83296666666666	26250.0	26880.000000000004	5.413852906004887	Nyctalus leisleri	0.093	0.169	-1	Echolocation	192000	/home/adkris/Documents/mila-human-wav-txt/20220826_070000.WAV
83	Spectrogram 1	1	399.822500000	399.838200000	25468.000	29810.000	LF	399.83296666666666	26250.0	26880.000000000004	5.413852906004887	Nyctalus leisleri	0.093	0.169	-1	Echolocation	192000	/home/adkris/Documents/mila-human-wav-txt/20220826_070000.WAV
84	Waveform 1	1	401.196500000	401.204500000	39218.000	44984.000	HF	401.2006666666667	41250.0	41280.0	7.73730940969227	Pipistrellus nathusii	0.111	0.188	-1	Echolocation	192000	/home/adkris/Documents/mila-human-wav-txt/20220826_070000.WAV
84	Spectrogram 1	1	401.196500000	401.204500000	39218.000	44984.000	HF	401.2006666666667	41250.0	41280.0	7.73730940969227	Pipistrellus nathusii	0.111	0.188	-1	Echolocation	192000	/home/adkris/Documents/mila-human-wav-txt/20220826_070000.WAV
85	Waveform 1	1	407.147500000	407.165400000	26328.000	30328.000	LF	407.1581	27000.0	26880.000000000004	6.762462898512941	Nyctalus leisleri	0.093	0.162	-1	Echolocation	192000	/home/adkris/Documents/mila-human-wav-txt/20220826_070000.WAV
85	Spectrogram 1	1	407.147500000	407.165400000	26328.000	30328.000	LF	407.1581	27000.0	26880.000000000004	6.762462898512941	Nyctalus leisleri	0.093	0.162	-1	Echolocation	192000	/home/adkris/Documents/mila-human-wav-txt/20220826_070000.WAV
86	Waveform 1	1	408.690500000	408.704600000	27187.000	30980.000	LF	408.70023333333336	26250.0	28800.0	6.324796106623153	Nyctalus leisleri	0.069	0.11	-1	Echolocation	192000	/home/adkris/Documents/mila-human-wav-txt/20220826_070000.WAV
86	Spectrogram 1	1	408.690500000	408.704600000	27187.000	30980.000	LF	408.70023333333336	26250.0	28800.0	6.324796106623153	Nyctalus leisleri	0.069	0.11	-1	Echolocation	192000	/home/adkris/Documents/mila-human-wav-txt/20220826_070000.WAV
87	Waveform 1	1	423.928500000	423.933800000	35781.000	65091.000	HF	423.9307	53250.0	52800.00000000001	6.37747378279612	Myotis mystacinus	0.01	0.03	-1	Echolocation	192000	/home/adkris/Documents/mila-human-wav-txt/20220826_070000.WAV
87	Spectrogram 1	1	423.928500000	423.933800000	35781.000	65091.000	HF	423.9307	53250.0	52800.00000000001	6.37747378279612	Myotis mystacinus	0.01	0.03	-1	Echolocation	192000	/home/adkris/Documents/mila-human-wav-txt/20220826_070000.WAV
88	Waveform 1	1	424.178500000	424.183700000	45234.000	62148.000	HF	424.18196666666665	48000.0	48000.0	7.055864956235841	Pipistrellus pipistrellus	0.052	0.172	-1	Echolocation	192000	/home/adkris/Documents/mila-human-wav-txt/20220826_070000.WAV
88	Spectrogram 1	1	424.178500000	424.183700000	45234.000	62148.000	HF	424.18196666666665	48000.0	48000.0	7.055864956235841	Pipistrellus pipistrellus	0.052	0.172	-1	Echolocation	192000	/home/adkris/Documents/mila-human-wav-txt/20220826_070000.WAV
89	Waveform 1	1	433.540500000	433.545800000	34921.000	67645.000	HF	433.5427	54750.0	56640.0	5.532362783968537	Myotis brandtii	0.008	0.023	-1	Echolocation	192000	/home/adkris/Documents/mila-human-wav-txt/20220826_070000.WAV
89	Spectrogram 1	1	433.540500000	433.545800000	34921.000	67645.000	HF	433.5427	54750.0	56640.0	5.532362783968537	Myotis brandtii	0.008	0.023	-1	Echolocation	192000	/home/adkris/Documents/mila-human-wav-txt/20220826_070000.WAV
90	Waveform 1	1	433.603500000	433.608700000	35781.000	69130.000	HF	433.60696666666666	51000.0	50880.0	5.2087688793387965	Myotis mystacinus	0.013	0.033	-1	Echolocation	192000	/home/adkris/Documents/mila-human-wav-txt/20220826_070000.WAV
90	Spectrogram 1	1	433.603500000	433.608700000	35781.000	69130.000	HF	433.60696666666666	51000.0	50880.0	5.2087688793387965	Myotis mystacinus	0.013	0.033	-1	Echolocation	192000	/home/adkris/Documents/mila-human-wav-txt/20220826_070000.WAV
91	Waveform 1	1	471.292500000	471.318400000	23750.000	27383.000	LF	471.3102666666667	24750.0	24960.0	5.5772718387532825	Nyctalus leisleri	0.095	0.187	-1	Echolocation	192000	/home/adkris/Documents/mila-human-wav-txt/20220826_070000.WAV
91	Spectrogram 1	1	471.292500000	471.318400000	23750.000	27383.000	LF	471.3102666666667	24750.0	24960.0	5.5772718387532825	Nyctalus leisleri	0.095	0.187	-1	Echolocation	192000	/home/adkris/Documents/mila-human-wav-txt/20220826_070000.WAV
92	Waveform 1	1	475.698500000	475.716600000	24609.000	29199.000	LF	475.7030666666666	26250.0	25920.0	6.465480937552765	Nyctalus leisleri	0.123	0.195	-1	Echolocation	192000	/home/adkris/Documents/mila-human-wav-txt/20220826_070000.WAV
92	Spectrogram 1	1	475.698500000	475.716600000	24609.000	29199.000	LF	475.7030666666666	26250.0	25920.0	6.465480937552765	Nyctalus leisleri	0.123	0.195	-1	Echolocation	192000	/home/adkris/Documents/mila-human-wav-txt/20220826_070000.WAV
93	Waveform 1	1	475.773500000	475.779800000	45234.000	59157.000	HF	475.7758666666667	53250.0	54719.99999999999	5.017472410013997	Pipistrellus pipistrellus	0.06	0.08	-1	Echolocation	192000	/home/adkris/Documents/mila-human-wav-txt/20220826_070000.WAV
93	Spectrogram 1	1	475.773500000	475.779800000	45234.000	59157.000	HF	475.7758666666667	53250.0	54719.99999999999	5.017472410013997	Pipistrellus pipistrellus	0.06	0.08	-1	Echolocation	192000	/home/adkris/Documents/mila-human-wav-txt/20220826_070000.WAV
94	Waveform 1	1	476.099500000	476.103700000	41796.000	66815.000	HF	476.10046666666665	56250.0	55679.99999999999	6.93257166848224	Myotis mystacinus	0.024	0.086	-1	Echolocation	192000	/home/adkris/Documents/mila-human-wav-txt/20220826_070000.WAV
94	Spectrogram 1	1	476.099500000	476.103700000	41796.000	66815.000	HF	476.10046666666665	56250.0	55679.99999999999	6.93257166848224	Myotis mystacinus	0.024	0.086	-1	Echolocation	192000	/home/adkris/Documents/mila-human-wav-txt/20220826_070000.WAV
95	Waveform 1	1	476.138500000	476.144700000	46093.000	62275.000	HF	476.1421333333333	54750.0	53760.00000000001	7.404724034825428	Pipistrellus pipistrellus	0.026	0.074	-1	Echolocation	192000	/home/adkris/Documents/mila-human-wav-txt/20220826_070000.WAV
95	Spectrogram 1	1	476.138500000	476.144700000	46093.000	62275.000	HF	476.1421333333333	54750.0	53760.00000000001	7.404724034825428	Pipistrellus pipistrellus	0.026	0.074	-1	Echolocation	192000	/home/adkris/Documents/mila-human-wav-txt/20220826_070000.WAV
96	Waveform 1	1	476.183500000	476.188100000	49531.000	61660.000	HF	476.1864	54750.0	53760.00000000001	8.827185496079608	Pipistrellus pipistrellus	0.102	0.153	-1	Echolocation	192000	/home/adkris/Documents/mila-human-wav-txt/20220826_070000.WAV
96	Spectrogram 1	1	476.183500000	476.188100000	49531.000	61660.000	HF	476.1864	54750.0	53760.00000000001	8.827185496079608	Pipistrellus pipistrellus	0.102	0.153	-1	Echolocation	192000	/home/adkris/Documents/mila-human-wav-txt/20220826_070000.WAV
97	Waveform 1	1	481.381500000	481.397400000	25468.000	31595.000	LF	481.3964333333333	26250.0	26880.000000000004	5.952467575847206	Nyctalus leisleri	0.015	0.037	-1	Echolocation	192000	/home/adkris/Documents/mila-human-wav-txt/20220826_070000.WAV
97	Spectrogram 1	1	481.381500000	481.397400000	25468.000	31595.000	LF	481.3964333333333	26250.0	26880.000000000004	5.952467575847206	Nyctalus leisleri	0.015	0.037	-1	Echolocation	192000	/home/adkris/Documents/mila-human-wav-txt/20220826_070000.WAV
98	Waveform 1	1	482.330500000	482.346400000	22890.000	25278.000	LF	482.3384333333333	24750.0	24960.0	5.22248004493758	Nyctalus leisleri	0.031	0.046	-1	Echolocation	192000	/home/adkris/Documents/mila-human-wav-txt/20220826_070000.WAV
98	Spectrogram 1	1	482.330500000	482.346400000	22890.000	25278.000	LF	482.3384333333333	24750.0	24960.0	5.22248004493758	Nyctalus leisleri	0.031	0.046	-1	Echolocation	192000	/home/adkris/Documents/mila-human-wav-txt/20220826_070000.WAV
99	Waveform 1	1	487.274500000	487.294000000	22031.000	25689.000	LF	487.2928333333333	26250.0	25920.0	12.332809786176696	Nyctalus leisleri	0.014	0.027	-1	Echolocation	192000	/home/adkris/Documents/mila-human-wav-txt/20220826_070000.WAV
99	Spectrogram 1	1	487.274500000	487.294000000	22031.000	25689.000	LF	487.2928333333333	26250.0	25920.0	12.332809786176696	Nyctalus leisleri	0.014	0.027	-1	Echolocation	192000	/home/adkris/Documents/mila-human-wav-txt/20220826_070000.WAV
100	Waveform 1	1	521.563500000	521.569500000	47812.000	58827.000	HF	521.5661666666666	48750.0	49920.0	6.1635938343907455	Pipistrellus pipistrellus	0.123	0.137	-1	Echolocation	192000	/home/adkris/Documents/mila-human-wav-txt/20220826_070000.WAV
100	Spectrogram 1	1	521.563500000	521.569500000	47812.000	58827.000	HF	521.5661666666666	48750.0	49920.0	6.1635938343907455	Pipistrellus pipistrellus	0.123	0.137	-1	Echolocation	192000	/home/adkris/Documents/mila-human-wav-txt/20220826_070000.WAV
101	Waveform 1	1	529.736500000	529.740900000	47812.000	59138.000	HF	529.7396	52500.0	52800.00000000001	8.377510649946476	Pipistrellus pipistrellus	0.157	0.182	-1	Echolocation	192000	/home/adkris/Documents/mila-human-wav-txt/20220826_070000.WAV
101	Spectrogram 1	1	529.736500000	529.740900000	47812.000	59138.000	HF	529.7396	52500.0	52800.00000000001	8.377510649946476	Pipistrellus pipistrellus	0.157	0.182	-1	Echolocation	192000	/home/adkris/Documents/mila-human-wav-txt/20220826_070000.WAV
102	Waveform 1	1	530.141500000	530.148500000	54687.000	60931.000	HF	530.1443333333333	53250.0	55679.99999999999	10.816166035093032	Pipistrellus pygmaeus	0.048	0.052	-1	Echolocation	192000	/home/adkris/Documents/mila-human-wav-txt/20220826_070000.WAV
102	Spectrogram 1	1	530.141500000	530.148500000	54687.000	60931.000	HF	530.1443333333333	53250.0	55679.99999999999	10.816166035093032	Pipistrellus pygmaeus	0.048	0.052	-1	Echolocation	192000	/home/adkris/Documents/mila-human-wav-txt/20220826_070000.WAV
103	Waveform 1	1	551.314500000	551.332000000	24609.000	28448.000	LF	551.322	26250.0	25920.0	6.80654499493728	Nyctalus leisleri	0.073	0.153	-1	Echolocation	192000	/home/adkris/Documents/mila-human-wav-txt/20220826_070000.WAV
103	Spectrogram 1	1	551.314500000	551.332000000	24609.000	28448.000	LF	551.322	26250.0	25920.0	6.80654499493728	Nyctalus leisleri	0.073	0.153	-1	Echolocation	192000	/home/adkris/Documents/mila-human-wav-txt/20220826_070000.WAV
104	Waveform 1	1	553.948500000	553.968500000	24609.000	28485.000	LF	553.9581666666667	24000.0	24000.0	5.122648009259057	Nyctalus leisleri	0.11	0.188	-1	Echolocation	192000	/home/adkris/Documents/mila-human-wav-txt/20220826_070000.WAV
104	Spectrogram 1	1	553.948500000	553.968500000	24609.000	28485.000	LF	553.9581666666667	24000.0	24000.0	5.122648009259057	Nyctalus leisleri	0.11	0.188	-1	Echolocation	192000	/home/adkris/Documents/mila-human-wav-txt/20220826_070000.WAV
105	Waveform 1	1	574.215500000	574.221200000	34062.000	66215.000	HF	574.2173	55500.0	48960.0	7.169396363133147	Myotis brandtii	0.01	0.03	-1	Echolocation	192000	/home/adkris/Documents/mila-human-wav-txt/20220826_070000.WAV
105	Spectrogram 1	1	574.215500000	574.221200000	34062.000	66215.000	HF	574.2173	55500.0	48960.0	7.169396363133147	Myotis brandtii	0.01	0.03	-1	Echolocation	192000	/home/adkris/Documents/mila-human-wav-txt/20220826_070000.WAV
106	Waveform 1	1	574.301500000	574.305800000	48671.000	57668.000	HF	574.3035333333333	54750.0	54719.99999999999	5.267106817548514	Pipistrellus pipistrellus	0.116	0.135	-1	Echolocation	192000	/home/adkris/Documents/mila-human-wav-txt/20220826_070000.WAV
106	Spectrogram 1	1	574.301500000	574.305800000	48671.000	57668.000	HF	574.3035333333333	54750.0	54719.99999999999	5.267106817548514	Pipistrellus pipistrellus	0.116	0.135	-1	Echolocation	192000	/home/adkris/Documents/mila-human-wav-txt/20220826_070000.WAV
107	Waveform 1	1	605.210500000	605.216500000	57265.000	66630.000	HF	605.2143333333333	57000.0	55679.99999999999	11.411971081334098	Pipistrellus pygmaeus	0.061	0.065	-1	Echolocation	192000	/home/adkris/Documents/mila-human-wav-txt/20220826_070000.WAV
107	Spectrogram 1	1	605.210500000	605.216500000	57265.000	66630.000	HF	605.2143333333333	57000.0	55679.99999999999	11.411971081334098	Pipistrellus pygmaeus	0.061	0.065	-1	Echolocation	192000	/home/adkris/Documents/mila-human-wav-txt/20220826_070000.WAV
108	Waveform 1	1	605.583500000	605.589600000	34062.000	65119.000	HF	605.5860666666666	51000.0	54719.99999999999	6.680169143481445	Myotis daubentonii	0.012	0.03	-1	Echolocation	192000	/home/adkris/Documents/mila-human-wav-txt/20220826_070000.WAV
108	Spectrogram 1	1	605.583500000	605.589600000	34062.000	65119.000	HF	605.5860666666666	51000.0	54719.99999999999	6.680169143481445	Myotis daubentonii	0.012	0.03	-1	Echolocation	192000	/home/adkris/Documents/mila-human-wav-txt/20220826_070000.WAV
109	Waveform 1	1	654.346500000	654.354800000	55546.000	63211.000	HF	654.3492	56250.0	55679.99999999999	8.24835212335208	Pipistrellus pygmaeus	0.029	0.031	-1	Echolocation	192000	/home/adkris/Documents/mila-human-wav-txt/20220826_070000.WAV
109	Spectrogram 1	1	654.346500000	654.354800000	55546.000	63211.000	HF	654.3492	56250.0	55679.99999999999	8.24835212335208	Pipistrellus pygmaeus	0.029	0.031	-1	Echolocation	192000	/home/adkris/Documents/mila-human-wav-txt/20220826_070000.WAV
110	Waveform 1	1	654.965500000	654.972200000	53828.000	58883.000	HF	654.9674666666666	55500.0	55679.99999999999	5.038223044528972	Pipistrellus pygmaeus	0.099	0.109	-1	Echolocation	192000	/home/adkris/Documents/mila-human-wav-txt/20220826_070000.WAV
110	Spectrogram 1	1	654.965500000	654.972200000	53828.000	58883.000	HF	654.9674666666666	55500.0	55679.99999999999	5.038223044528972	Pipistrellus pygmaeus	0.099	0.109	-1	Echolocation	192000	/home/adkris/Documents/mila-human-wav-txt/20220826_070000.WAV
111	Waveform 1	1	710.142500000	710.169400000	23750.000	28630.000	LF	710.1604333333333	24750.0	24960.0	6.706448402208887	Nyctalus leisleri	0.077	0.198	-1	Echolocation	192000	/home/adkris/Documents/mila-human-wav-txt/20220826_070000.WAV
111	Spectrogram 1	1	710.142500000	710.169400000	23750.000	28630.000	LF	710.1604333333333	24750.0	24960.0	6.706448402208887	Nyctalus leisleri	0.077	0.198	-1	Echolocation	192000	/home/adkris/Documents/mila-human-wav-txt/20220826_070000.WAV
112	Waveform 1	1	775.235500000	775.240700000	34062.000	77502.000	HF	775.2378	54000.0	51840.0	8.434913141331839	Myotis mystacinus	0.012	0.033	-1	Echolocation	192000	/home/adkris/Documents/mila-human-wav-txt/20220826_070000.WAV
112	Spectrogram 1	1	775.235500000	775.240700000	34062.000	77502.000	HF	775.2378	54000.0	51840.0	8.434913141331839	Myotis mystacinus	0.012	0.033	-1	Echolocation	192000	/home/adkris/Documents/mila-human-wav-txt/20220826_070000.WAV
113	Waveform 1	1	783.952500000	783.956900000	47812.000	56375.000	HF	783.9544333333333	49500.0	52800.00000000001	5.398028548873772	Pipistrellus pipistrellus	0.038	0.041	-1	Echolocation	192000	/home/adkris/Documents/mila-human-wav-txt/20220826_070000.WAV
113	Spectrogram 1	1	783.952500000	783.956900000	47812.000	56375.000	HF	783.9544333333333	49500.0	52800.00000000001	5.398028548873772	Pipistrellus pipistrellus	0.038	0.041	-1	Echolocation	192000	/home/adkris/Documents/mila-human-wav-txt/20220826_070000.WAV
114	Waveform 1	1	786.050500000	786.056900000	50390.000	55895.000	HF	786.0539333333334	54000.0	52800.00000000001	7.213513581360931	Pipistrellus pipistrellus	0.11	0.16	-1	Echolocation	192000	/home/adkris/Documents/mila-human-wav-txt/20220826_070000.WAV
114	Spectrogram 1	1	786.050500000	786.056900000	50390.000	55895.000	HF	786.0539333333334	54000.0	52800.00000000001	7.213513581360931	Pipistrellus pipistrellus	0.11	0.16	-1	Echolocation	192000	/home/adkris/Documents/mila-human-wav-txt/20220826_070000.WAV
115	Waveform 1	1	808.001500000	808.013900000	22890.000	28317.000	LF	808.0106	24750.0	25920.0	7.980068924021822	Nyctalus leisleri	0.019	0.04	-1	Echolocation	192000	/home/adkris/Documents/mila-human-wav-txt/20220826_070000.WAV
115	Spectrogram 1	1	808.001500000	808.013900000	22890.000	28317.000	LF	808.0106	24750.0	25920.0	7.980068924021822	Nyctalus leisleri	0.019	0.04	-1	Echolocation	192000	/home/adkris/Documents/mila-human-wav-txt/20220826_070000.WAV
116	Waveform 1	1	818.089500000	818.095200000	47812.000	56378.000	HF	818.0913	53250.0	48960.0	5.974237457699738	Pipistrellus pipistrellus	0.102	0.132	-1	Echolocation	192000	/home/adkris/Documents/mila-human-wav-txt/20220826_070000.WAV
116	Spectrogram 1	1	818.089500000	818.095200000	47812.000	56378.000	HF	818.0913	53250.0	48960.0	5.974237457699738	Pipistrellus pipistrellus	0.102	0.132	-1	Echolocation	192000	/home/adkris/Documents/mila-human-wav-txt/20220826_070000.WAV
117	Waveform 1	1	862.778500000	862.784100000	46093.000	60217.000	HF	862.7827333333333	48750.0	54719.99999999999	5.1064675241224124	Pipistrellus pipistrellus	0.029	0.093	-1	Echolocation	192000	/home/adkris/Documents/mila-human-wav-txt/20220826_070000.WAV
117	Spectrogram 1	1	862.778500000	862.784100000	46093.000	60217.000	HF	862.7827333333333	48750.0	54719.99999999999	5.1064675241224124	Pipistrellus pipistrellus	0.029	0.093	-1	Echolocation	192000	/home/adkris/Documents/mila-human-wav-txt/20220826_070000.WAV
118	Waveform 1	1	863.814500000	863.819800000	51250.000	60739.000	HF	863.8178666666666	56250.0	55679.99999999999	5.760708809280728	Pipistrellus pipistrellus	0.141	0.193	-1	Echolocation	192000	/home/adkris/Documents/mila-human-wav-txt/20220826_070000.WAV
118	Spectrogram 1	1	863.814500000	863.819800000	51250.000	60739.000	HF	863.8178666666666	56250.0	55679.99999999999	5.760708809280728	Pipistrellus pipistrellus	0.141	0.193	-1	Echolocation	192000	/home/adkris/Documents/mila-human-wav-txt/20220826_070000.WAV
119	Waveform 1	1	964.001500000	964.005600000	46953.000	56969.000	HF	964.0025666666668	49500.0	48960.0	5.3268098030429964	Pipistrellus pipistrellus	0.089	0.105	-1	Echolocation	192000	/home/adkris/Documents/mila-human-wav-txt/20220826_070000.WAV
119	Spectrogram 1	1	964.001500000	964.005600000	46953.000	56969.000	HF	964.0025666666668	49500.0	48960.0	5.3268098030429964	Pipistrellus pipistrellus	0.089	0.105	-1	Echolocation	192000	/home/adkris/Documents/mila-human-wav-txt/20220826_070000.WAV
120	Waveform 1	1	964.661500000	964.667000000	34921.000	74798.000	HF	964.6646666666668	54750.0	52800.00000000001	8.472604669842172	Myotis brandtii	0.008	0.025	-1	Echolocation	192000	/home/adkris/Documents/mila-human-wav-txt/20220826_070000.WAV
120	Spectrogram 1	1	964.661500000	964.667000000	34921.000	74798.000	HF	964.6646666666668	54750.0	52800.00000000001	8.472604669842172	Myotis brandtii	0.008	0.025	-1	Echolocation	192000	/home/adkris/Documents/mila-human-wav-txt/20220826_070000.WAV
121	Waveform 1	1	965.433500000	965.441500000	58125.000	64176.000	HF	965.44	55500.0	56640.0	14.530560986662824	Pipistrellus pygmaeus	0.026	0.028	-1	Echolocation	192000	/home/adkris/Documents/mila-human-wav-txt/20220826_070000.WAV
121	Spectrogram 1	1	965.433500000	965.441500000	58125.000	64176.000	HF	965.44	55500.0	56640.0	14.530560986662824	Pipistrellus pygmaeus	0.026	0.028	-1	Echolocation	192000	/home/adkris/Documents/mila-human-wav-txt/20220826_070000.WAV
122	Waveform 1	1	965.912500000	965.919200000	55546.000	64403.000	HF	965.9156333333332	56250.0	57600.0	18.27773233581385	Pipistrellus pygmaeus	0.035	0.038	-1	Echolocation	192000	/home/adkris/Documents/mila-human-wav-txt/20220826_070000.WAV
122	Spectrogram 1	1	965.912500000	965.919200000	55546.000	64403.000	HF	965.9156333333332	56250.0	57600.0	18.27773233581385	Pipistrellus pygmaeus	0.035	0.038	-1	Echolocation	192000	/home/adkris/Documents/mila-human-wav-txt/20220826_070000.WAV
123	Waveform 1	1	966.001500000	966.014400000	48671.000	59476.000	HF	966.0124333333332	55500.0	52800.00000000001	6.04928318412597	Pipistrellus pipistrellus	0.081	0.111	-1	Echolocation	192000	/home/adkris/Documents/mila-human-wav-txt/20220826_070000.WAV
123	Spectrogram 1	1	966.001500000	966.014400000	48671.000	59476.000	HF	966.0124333333332	55500.0	52800.00000000001	6.04928318412597	Pipistrellus pipistrellus	0.081	0.111	-1	Echolocation	192000	/home/adkris/Documents/mila-human-wav-txt/20220826_070000.WAV
124	Waveform 1	1	991.287500000	991.293100000	54687.000	61945.000	HF	991.2905666666668	55500.0	55679.99999999999	6.637283628422086	Pipistrellus pygmaeus	0.103	0.115	-1	Echolocation	192000	/home/adkris/Documents/mila-human-wav-txt/20220826_070000.WAV
124	Spectrogram 1	1	991.287500000	991.293100000	54687.000	61945.000	HF	991.2905666666668	55500.0	55679.99999999999	6.637283628422086	Pipistrellus pygmaeus	0.103	0.115	-1	Echolocation	192000	/home/adkris/Documents/mila-human-wav-txt/20220826_070000.WAV
125	Waveform 1	1	996.423500000	996.427300000	46093.000	62409.000	HF	996.4248666666666	55500.0	52800.00000000001	5.912865185311783	Myotis alcathoe	0.054	0.139	-1	Echolocation	192000	/home/adkris/Documents/mila-human-wav-txt/20220826_070000.WAV
125	Spectrogram 1	1	996.423500000	996.427300000	46093.000	62409.000	HF	996.4248666666666	55500.0	52800.00000000001	5.912865185311783	Myotis alcathoe	0.054	0.139	-1	Echolocation	192000	/home/adkris/Documents/mila-human-wav-txt/20220826_070000.WAV
126	Waveform 1	1	996.642500000	996.647500000	35781.000	64396.000	HF	996.645	53250.0	52800.00000000001	5.52282743918027	Myotis brandtii	0.011	0.031	-1	Echolocation	192000	/home/adkris/Documents/mila-human-wav-txt/20220826_070000.WAV
126	Spectrogram 1	1	996.642500000	996.647500000	35781.000	64396.000	HF	996.645	53250.0	52800.00000000001	5.52282743918027	Myotis brandtii	0.011	0.031	-1	Echolocation	192000	/home/adkris/Documents/mila-human-wav-txt/20220826_070000.WAV
127	Waveform 1	1	1038.641500000	1038.646900000	48671.000	60926.000	HF	1038.6447666666668	53250.0	52800.00000000001	5.927000996373796	Pipistrellus pipistrellus	0.058	0.089	-1	Echolocation	192000	/home/adkris/Documents/mila-human-wav-txt/20220826_070000.WAV
127	Spectrogram 1	1	1038.641500000	1038.646900000	48671.000	60926.000	HF	1038.6447666666668	53250.0	52800.00000000001	5.927000996373796	Pipistrellus pipistrellus	0.058	0.089	-1	Echolocation	192000	/home/adkris/Documents/mila-human-wav-txt/20220826_070000.WAV
128	Waveform 1	1	1050.167500000	1050.171200000	48671.000	56728.000	HF	1050.1689666666666	52500.0	52800.00000000001	10.777176946859836	Pipistrellus pipistrellus	0.133	0.141	-1	Echolocation	192000	/home/adkris/Documents/mila-human-wav-txt/20220826_070000.WAV
128	Spectrogram 1	1	1050.167500000	1050.171200000	48671.000	56728.000	HF	1050.1689666666666	52500.0	52800.00000000001	10.777176946859836	Pipistrellus pipistrellus	0.133	0.141	-1	Echolocation	192000	/home/adkris/Documents/mila-human-wav-txt/20220826_070000.WAV
129	Waveform 1	1	1064.251500000	1064.258500000	55546.000	61937.000	HF	1064.2543333333333	56250.0	56640.0	10.325356353779432	Pipistrellus pygmaeus	0.134	0.139	-1	Echolocation	192000	/home/adkris/Documents/mila-human-wav-txt/20220826_070000.WAV
129	Spectrogram 1	1	1064.251500000	1064.258500000	55546.000	61937.000	HF	1064.2543333333333	56250.0	56640.0	10.325356353779432	Pipistrellus pygmaeus	0.134	0.139	-1	Echolocation	192000	/home/adkris/Documents/mila-human-wav-txt/20220826_070000.WAV
130	Waveform 1	1	1081.316500000	1081.321600000	49531.000	59048.000	HF	1081.320066666667	52500.0	54719.99999999999	6.276445347465845	Pipistrellus pipistrellus	0.07	0.099	-1	Echolocation	192000	/home/adkris/Documents/mila-human-wav-txt/20220826_070000.WAV
130	Spectrogram 1	1	1081.316500000	1081.321600000	49531.000	59048.000	HF	1081.320066666667	52500.0	54719.99999999999	6.276445347465845	Pipistrellus pipistrellus	0.07	0.099	-1	Echolocation	192000	/home/adkris/Documents/mila-human-wav-txt/20220826_070000.WAV
131	Waveform 1	1	1081.651500000	1081.656700000	49531.000	59602.000	HF	1081.6538	54750.0	53760.00000000001	8.80619293708615	Pipistrellus pipistrellus	0.056	0.095	-1	Echolocation	192000	/home/adkris/Documents/mila-human-wav-txt/20220826_070000.WAV
131	Spectrogram 1	1	1081.651500000	1081.656700000	49531.000	59602.000	HF	1081.6538	54750.0	53760.00000000001	8.80619293708615	Pipistrellus pipistrellus	0.056	0.095	-1	Echolocation	192000	/home/adkris/Documents/mila-human-wav-txt/20220826_070000.WAV
132	Waveform 1	1	1093.235500000	1093.241500000	55546.000	67735.000	HF	1093.2393333333334	57750.0	55679.99999999999	8.953495443673258	Pipistrellus pygmaeus	0.029	0.031	-1	Echolocation	192000	/home/adkris/Documents/mila-human-wav-txt/20220826_070000.WAV
132	Spectrogram 1	1	1093.235500000	1093.241500000	55546.000	67735.000	HF	1093.2393333333334	57750.0	55679.99999999999	8.953495443673258	Pipistrellus pygmaeus	0.029	0.031	-1	Echolocation	192000	/home/adkris/Documents/mila-human-wav-txt/20220826_070000.WAV
133	Waveform 1	1	1119.028500000	1119.033700000	34062.000	68480.000	HF	1119.031966666667	49500.0	54719.99999999999	5.893723535142426	Myotis mystacinus	0.009	0.028	-1	Echolocation	192000	/home/adkris/Documents/mila-human-wav-txt/20220826_070000.WAV
133	Spectrogram 1	1	1119.028500000	1119.033700000	34062.000	68480.000	HF	1119.031966666667	49500.0	54719.99999999999	5.893723535142426	Myotis mystacinus	0.009	0.028	-1	Echolocation	192000	/home/adkris/Documents/mila-human-wav-txt/20220826_070000.WAV
134	Waveform 1	1	1122.528500000	1122.534400000	51250.000	58292.000	HF	1122.5312666666666	56250.0	54719.99999999999	6.246147887788168	Pipistrellus pipistrellus	0.07	0.114	-1	Echolocation	192000	/home/adkris/Documents/mila-human-wav-txt/20220826_070000.WAV
134	Spectrogram 1	1	1122.528500000	1122.534400000	51250.000	58292.000	HF	1122.5312666666666	56250.0	54719.99999999999	6.246147887788168	Pipistrellus pipistrellus	0.07	0.114	-1	Echolocation	192000	/home/adkris/Documents/mila-human-wav-txt/20220826_070000.WAV
135	Waveform 1	1	1122.847500000	1122.852200000	46093.000	56122.000	HF	1122.8491333333334	51750.0	49920.0	6.566532394136553	Pipistrellus pipistrellus	0.152	0.191	-1	Echolocation	192000	/home/adkris/Documents/mila-human-wav-txt/20220826_070000.WAV
135	Spectrogram 1	1	1122.847500000	1122.852200000	46093.000	56122.000	HF	1122.8491333333334	51750.0	49920.0	6.566532394136553	Pipistrellus pipistrellus	0.152	0.191	-1	Echolocation	192000	/home/adkris/Documents/mila-human-wav-txt/20220826_070000.WAV
136	Waveform 1	1	1134.791500000	1134.798600000	15156.000	28266.000	LF	1134.7930666666666	19500.0	17280.0	10.198714106226316	Plecotus auritus	0.019	0.032	-1	Echolocation	192000	/home/adkris/Documents/mila-human-wav-txt/20220826_070000.WAV
136	Spectrogram 1	1	1134.791500000	1134.798600000	15156.000	28266.000	LF	1134.7930666666666	19500.0	17280.0	10.198714106226316	Plecotus auritus	0.019	0.032	-1	Echolocation	192000	/home/adkris/Documents/mila-human-wav-txt/20220826_070000.WAV
137	Waveform 1	1	1135.576500000	1135.584100000	52109.000	57321.000	HF	1135.5810666666666	53250.0	52800.00000000001	5.353264400241865	Pipistrellus pipistrellus	0.105	0.155	-1	Echolocation	192000	/home/adkris/Documents/mila-human-wav-txt/20220826_070000.WAV
137	Spectrogram 1	1	1135.576500000	1135.584100000	52109.000	57321.000	HF	1135.5810666666666	53250.0	52800.00000000001	5.353264400241865	Pipistrellus pipistrellus	0.105	0.155	-1	Echolocation	192000	/home/adkris/Documents/mila-human-wav-txt/20220826_070000.WAV
138	Waveform 1	1	1138.239500000	1138.245500000	34062.000	68822.000	HF	1138.243333333333	51750.0	48960.0	9.005628304661615	Myotis mystacinus	0.009	0.023	-1	Echolocation	192000	/home/adkris/Documents/mila-human-wav-txt/20220826_070000.WAV
138	Spectrogram 1	1	1138.239500000	1138.245500000	34062.000	68822.000	HF	1138.243333333333	51750.0	48960.0	9.005628304661615	Myotis mystacinus	0.009	0.023	-1	Echolocation	192000	/home/adkris/Documents/mila-human-wav-txt/20220826_070000.WAV
139	Waveform 1	1	1138.675500000	1138.684000000	52109.000	59138.000	HF	1138.6826666666666	56250.0	53760.00000000001	10.821463065363302	Pipistrellus pygmaeus	0.109	0.133	-1	Echolocation	192000	/home/adkris/Documents/mila-human-wav-txt/20220826_070000.WAV
139	Spectrogram 1	1	1138.675500000	1138.684000000	52109.000	59138.000	HF	1138.6826666666666	56250.0	53760.00000000001	10.821463065363302	Pipistrellus pygmaeus	0.109	0.133	-1	Echolocation	192000	/home/adkris/Documents/mila-human-wav-txt/20220826_070000.WAV
140	Waveform 1	1	1139.165500000	1139.172600000	55546.000	65802.000	HF	1139.168233333333	57000.0	56640.0	11.704690474687052	Pipistrellus pygmaeus	0.029	0.031	-1	Echolocation	192000	/home/adkris/Documents/mila-human-wav-txt/20220826_070000.WAV
140	Spectrogram 1	1	1139.165500000	1139.172600000	55546.000	65802.000	HF	1139.168233333333	57000.0	56640.0	11.704690474687052	Pipistrellus pygmaeus	0.029	0.031	-1	Echolocation	192000	/home/adkris/Documents/mila-human-wav-txt/20220826_070000.WAV
141	Waveform 1	1	1139.664500000	1139.673400000	56406.000	62462.000	HF	1139.6724333333334	55500.0	55679.99999999999	10.22223039725846	Pipistrellus pygmaeus	0.032	0.035	-1	Echolocation	192000	/home/adkris/Documents/mila-human-wav-txt/20220826_070000.WAV
141	Spectrogram 1	1	1139.664500000	1139.673400000	56406.000	62462.000	HF	1139.6724333333334	55500.0	55679.99999999999	10.22223039725846	Pipistrellus pygmaeus	0.032	0.035	-1	Echolocation	192000	/home/adkris/Documents/mila-human-wav-txt/20220826_070000.WAV
142	Waveform 1	1	1139.775500000	1139.781200000	33203.000	72348.000	HF	1139.7784666666666	53250.0	49920.0	7.354171378361546	Myotis mystacinus	0.014	0.031	-1	Echolocation	192000	/home/adkris/Documents/mila-human-wav-txt/20220826_070000.WAV
142	Spectrogram 1	1	1139.775500000	1139.781200000	33203.000	72348.000	HF	1139.7784666666666	53250.0	49920.0	7.354171378361546	Myotis mystacinus	0.014	0.031	-1	Echolocation	192000	/home/adkris/Documents/mila-human-wav-txt/20220826_070000.WAV
143	Waveform 1	1	1140.151500000	1140.160200000	58125.000	64293.000	HF	1140.1526333333334	59250.0	58560.0	11.146496980362784	Pipistrellus pygmaeus	0.023	0.024	-1	Echolocation	192000	/home/adkris/Documents/mila-human-wav-txt/20220826_070000.WAV
143	Spectrogram 1	1	1140.151500000	1140.160200000	58125.000	64293.000	HF	1140.1526333333334	59250.0	58560.0	11.146496980362784	Pipistrellus pygmaeus	0.023	0.024	-1	Echolocation	192000	/home/adkris/Documents/mila-human-wav-txt/20220826_070000.WAV
144	Waveform 1	1	1194.727500000	1194.733300000	30625.000	58638.000	HF	1194.7315333333331	40500.0	40320.0	8.588922942816	Myotis brandtii	0.013	0.03	-1	Echolocation	192000	/home/adkris/Documents/mila-human-wav-txt/20220826_070000.WAV
144	Spectrogram 1	1	1194.727500000	1194.733300000	30625.000	58638.000	HF	1194.7315333333331	40500.0	40320.0	8.588922942816	Myotis brandtii	0.013	0.03	-1	Echolocation	192000	/home/adkris/Documents/mila-human-wav-txt/20220826_070000.WAV
145	Waveform 1	1	1195.047500000	1195.052800000	30625.000	61465.000	HF	1195.0520333333334	44250.0	45120.0	16.842029553384254	Myotis brandtii	0.015	0.026	-1	Echolocation	192000	/home/adkris/Documents/mila-human-wav-txt/20220826_070000.WAV
145	Spectrogram 1	1	1195.047500000	1195.052800000	30625.000	61465.000	HF	1195.0520333333334	44250.0	45120.0	16.842029553384254	Myotis brandtii	0.015	0.026	-1	Echolocation	192000	/home/adkris/Documents/mila-human-wav-txt/20220826_070000.WAV
146	Waveform 1	1	1195.460500000	1195.468800000	52968.000	57210.000	HF	1195.4632	53250.0	52800.00000000001	6.803013691202137	Pipistrellus pygmaeus	0.028	0.034	-1	Echolocation	192000	/home/adkris/Documents/mila-human-wav-txt/20220826_070000.WAV
146	Spectrogram 1	1	1195.460500000	1195.468800000	52968.000	57210.000	HF	1195.4632	53250.0	52800.00000000001	6.803013691202137	Pipistrellus pygmaeus	0.028	0.034	-1	Echolocation	192000	/home/adkris/Documents/mila-human-wav-txt/20220826_070000.WAV
147	Waveform 1	1	1195.561500000	1195.568800000	49531.000	54153.000	HF	1195.566366666667	48000.0	48000.0	13.706945070279906	Pipistrellus pipistrellus	0.021	0.036	-1	Echolocation	192000	/home/adkris/Documents/mila-human-wav-txt/20220826_070000.WAV
147	Spectrogram 1	1	1195.561500000	1195.568800000	49531.000	54153.000	HF	1195.566366666667	48000.0	48000.0	13.706945070279906	Pipistrellus pipistrellus	0.021	0.036	-1	Echolocation	192000	/home/adkris/Documents/mila-human-wav-txt/20220826_070000.WAV
148	Waveform 1	1	1195.778500000	1195.785900000	49531.000	56883.000	HF	1195.7856	48000.0	48000.0	12.700297347295557	Pipistrellus pipistrellus	0.015	0.028	-1	Echolocation	192000	/home/adkris/Documents/mila-human-wav-txt/20220826_070000.WAV
148	Spectrogram 1	1	1195.778500000	1195.785900000	49531.000	56883.000	HF	1195.7856	48000.0	48000.0	12.700297347295557	Pipistrellus pipistrellus	0.015	0.028	-1	Echolocation	192000	/home/adkris/Documents/mila-human-wav-txt/20220826_070000.WAV
149	Waveform 1	1	1196.078500000	1196.085400000	49531.000	55721.000	HF	1196.0849333333333	48750.0	48000.0	11.024655496273157	Pipistrellus pipistrellus	0.015	0.027	-1	Echolocation	192000	/home/adkris/Documents/mila-human-wav-txt/20220826_070000.WAV
149	Spectrogram 1	1	1196.078500000	1196.085400000	49531.000	55721.000	HF	1196.0849333333333	48750.0	48000.0	11.024655496273157	Pipistrellus pipistrellus	0.015	0.027	-1	Echolocation	192000	/home/adkris/Documents/mila-human-wav-txt/20220826_070000.WAV
150	Waveform 1	1	1196.262500000	1196.270200000	52109.000	58088.000	HF	1196.2669666666666	51750.0	51840.0	17.354382207285695	Pipistrellus pygmaeus	0.055	0.063	-1	Echolocation	192000	/home/adkris/Documents/mila-human-wav-txt/20220826_070000.WAV
150	Spectrogram 1	1	1196.262500000	1196.270200000	52109.000	58088.000	HF	1196.2669666666666	51750.0	51840.0	17.354382207285695	Pipistrellus pygmaeus	0.055	0.063	-1	Echolocation	192000	/home/adkris/Documents/mila-human-wav-txt/20220826_070000.WAV
151	Waveform 1	1	1196.363500000	1196.371200000	55546.000	62207.000	HF	1196.3691333333334	53250.0	55679.99999999999	12.425619584324938	Pipistrellus pygmaeus	0.035	0.038	-1	Echolocation	192000	/home/adkris/Documents/mila-human-wav-txt/20220826_070000.WAV
151	Spectrogram 1	1	1196.363500000	1196.371200000	55546.000	62207.000	HF	1196.3691333333334	53250.0	55679.99999999999	12.425619584324938	Pipistrellus pygmaeus	0.035	0.038	-1	Echolocation	192000	/home/adkris/Documents/mila-human-wav-txt/20220826_070000.WAV
152	Waveform 1	1	1196.460500000	1196.468600000	54687.000	61952.000	HF	1196.4634	55500.0	54719.99999999999	9.854827576584343	Pipistrellus pygmaeus	0.024	0.026	-1	Echolocation	192000	/home/adkris/Documents/mila-human-wav-txt/20220826_070000.WAV
152	Spectrogram 1	1	1196.460500000	1196.468600000	54687.000	61952.000	HF	1196.4634	55500.0	54719.99999999999	9.854827576584343	Pipistrellus pygmaeus	0.024	0.026	-1	Echolocation	192000	/home/adkris/Documents/mila-human-wav-txt/20220826_070000.WAV
153	Waveform 1	1	1196.659500000	1196.665600000	49531.000	60599.000	HF	1196.6632333333334	47250.0	48000.0	17.618724249661167	Pipistrellus pipistrellus	0.019	0.037	-1	Echolocation	192000	/home/adkris/Documents/mila-human-wav-txt/20220826_070000.WAV
153	Spectrogram 1	1	1196.659500000	1196.665600000	49531.000	60599.000	HF	1196.6632333333334	47250.0	48000.0	17.618724249661167	Pipistrellus pipistrellus	0.019	0.037	-1	Echolocation	192000	/home/adkris/Documents/mila-human-wav-txt/20220826_070000.WAV
154	Waveform 1	1	1196.754500000	1196.760600000	51250.000	59403.000	HF	1196.7582333333332	53250.0	52800.00000000001	21.06039227861215	Pipistrellus pipistrellus	0.026	0.046	-1	Echolocation	192000	/home/adkris/Documents/mila-human-wav-txt/20220826_070000.WAV
154	Spectrogram 1	1	1196.754500000	1196.760600000	51250.000	59403.000	HF	1196.7582333333332	53250.0	52800.00000000001	21.06039227861215	Pipistrellus pipistrellus	0.026	0.046	-1	Echolocation	192000	/home/adkris/Documents/mila-human-wav-txt/20220826_070000.WAV
155	Waveform 1	1	1197.235500000	1197.245100000	53828.000	59683.000	HF	1197.2427333333333	54000.0	53760.00000000001	19.50675376197692	Pipistrellus pygmaeus	0.069	0.072	-1	Echolocation	192000	/home/adkris/Documents/mila-human-wav-txt/20220826_070000.WAV
155	Spectrogram 1	1	1197.235500000	1197.245100000	53828.000	59683.000	HF	1197.2427333333333	54000.0	53760.00000000001	19.50675376197692	Pipistrellus pygmaeus	0.069	0.072	-1	Echolocation	192000	/home/adkris/Documents/mila-human-wav-txt/20220826_070000.WAV
156	Waveform 1	1	1197.580500000	1197.589200000	40937.000	53397.000	HF	1197.5839666666666	43500.0	44160.0	11.20426670592282	Pipistrellus nathusii	0.102	0.194	-1	Echolocation	192000	/home/adkris/Documents/mila-human-wav-txt/20220826_070000.WAV
156	Spectrogram 1	1	1197.580500000	1197.589200000	40937.000	53397.000	HF	1197.5839666666666	43500.0	44160.0	11.20426670592282	Pipistrellus nathusii	0.102	0.194	-1	Echolocation	192000	/home/adkris/Documents/mila-human-wav-txt/20220826_070000.WAV
157	Waveform 1	1	1197.630500000	1197.640300000	42656.000	53384.000	HF	1197.6398666666666	45000.0	45120.0	11.952538922301752	Pipistrellus nathusii	0.128	0.176	-1	Echolocation	192000	/home/adkris/Documents/mila-human-wav-txt/20220826_070000.WAV
157	Spectrogram 1	1	1197.630500000	1197.640300000	42656.000	53384.000	HF	1197.6398666666666	45000.0	45120.0	11.952538922301752	Pipistrellus nathusii	0.128	0.176	-1	Echolocation	192000	/home/adkris/Documents/mila-human-wav-txt/20220826_070000.WAV
158	Waveform 1	1	1198.151500000	1198.157100000	31484.000	73010.000	HF	1198.1545666666666	47250.0	46080.0	8.39071627440108	Myotis brandtii	0.019	0.041	-1	Echolocation	192000	/home/adkris/Documents/mila-human-wav-txt/20220826_070000.WAV
158	Spectrogram 1	1	1198.151500000	1198.157100000	31484.000	73010.000	HF	1198.1545666666666	47250.0	46080.0	8.39071627440108	Myotis brandtii	0.019	0.041	-1	Echolocation	192000	/home/adkris/Documents/mila-human-wav-txt/20220826_070000.WAV
159	Waveform 1	1	1198.217500000	1198.229400000	52968.000	59005.000	HF	1198.2201	53250.0	52800.00000000001	17.86453178609458	Pipistrellus pygmaeus	0.036	0.042	-1	Echolocation	192000	/home/adkris/Documents/mila-human-wav-txt/20220826_070000.WAV
159	Spectrogram 1	1	1198.217500000	1198.229400000	52968.000	59005.000	HF	1198.2201	53250.0	52800.00000000001	17.86453178609458	Pipistrellus pygmaeus	0.036	0.042	-1	Echolocation	192000	/home/adkris/Documents/mila-human-wav-txt/20220826_070000.WAV
160	Waveform 1	1	1198.699500000	1198.706100000	28906.000	52564.000	HF	1198.7039	42000.0	42240.0	16.810039622538195	Myotis daubentonii	0.012	0.024	-1	Echolocation	192000	/home/adkris/Documents/mila-human-wav-txt/20220826_070000.WAV
160	Spectrogram 1	1	1198.699500000	1198.706100000	28906.000	52564.000	HF	1198.7039	42000.0	42240.0	16.810039622538195	Myotis daubentonii	0.012	0.024	-1	Echolocation	192000	/home/adkris/Documents/mila-human-wav-txt/20220826_070000.WAV
161	Waveform 1	1	1199.126500000	1199.134400000	54687.000	59774.000	HF	1199.130766666667	57000.0	54719.99999999999	6.46285241199748	Pipistrellus pygmaeus	0.056	0.059	-1	Echolocation	192000	/home/adkris/Documents/mila-human-wav-txt/20220826_070000.WAV
161	Spectrogram 1	1	1199.126500000	1199.134400000	54687.000	59774.000	HF	1199.130766666667	57000.0	54719.99999999999	6.46285241199748	Pipistrellus pygmaeus	0.056	0.059	-1	Echolocation	192000	/home/adkris/Documents/mila-human-wav-txt/20220826_070000.WAV
162	Waveform 1	1	1199.592500000	1199.598300000	29765.000	58600.000	HF	1199.5977	40500.0	40320.0	19.244518231871066	Myotis daubentonii	0.014	0.027	-1	Echolocation	192000	/home/adkris/Documents/mila-human-wav-txt/20220826_070000.WAV
162	Spectrogram 1	1	1199.592500000	1199.598300000	29765.000	58600.000	HF	1199.5977	40500.0	40320.0	19.244518231871066	Myotis daubentonii	0.014	0.027	-1	Echolocation	192000	/home/adkris/Documents/mila-human-wav-txt/20220826_070000.WAV
163	Waveform 1	1	1199.920500000	1199.926200000	29765.000	55042.000	HF	1199.9223	40500.0	40320.0	10.79180458736117	Myotis daubentonii	0.013	0.026	-1	Echolocation	192000	/home/adkris/Documents/mila-human-wav-txt/20220826_070000.WAV
163	Spectrogram 1	1	1199.920500000	1199.926200000	29765.000	55042.000	HF	1199.9223	40500.0	40320.0	10.79180458736117	Myotis daubentonii	0.013	0.026	-1	Echolocation	192000	/home/adkris/Documents/mila-human-wav-txt/20220826_070000.WAV
164	Waveform 1	1	1200.097500000	1200.107500000	39218.000	47737.000	HF	1200.102	45750.0	44160.0	5.406096508039907	Pipistrellus nathusii	0.167	0.193	-1	Echolocation	192000	/home/adkris/Documents/mila-human-wav-txt/20220826_070000.WAV
164	Spectrogram 1	1	1200.097500000	1200.107500000	39218.000	47737.000	HF	1200.102	45750.0	44160.0	5.406096508039907	Pipistrellus nathusii	0.167	0.193	-1	Echolocation	192000	/home/adkris/Documents/mila-human-wav-txt/20220826_070000.WAV
165	Waveform 1	1	1208.535500000	1208.542200000	49531.000	58515.000	HF	1208.5398	47250.0	48960.0	16.970591642938537	Pipistrellus pipistrellus	0.013	0.027	-1	Echolocation	192000	/home/adkris/Documents/mila-human-wav-txt/20220826_070000.WAV
165	Spectrogram 1	1	1208.535500000	1208.542200000	49531.000	58515.000	HF	1208.5398	47250.0	48960.0	16.970591642938537	Pipistrellus pipistrellus	0.013	0.027	-1	Echolocation	192000	/home/adkris/Documents/mila-human-wav-txt/20220826_070000.WAV
166	Waveform 1	1	1208.722500000	1208.730400000	56406.000	61680.000	HF	1208.726766666667	61500.0	53760.00000000001	5.570249344233101	Pipistrellus pygmaeus	0.048	0.049	-1	Echolocation	192000	/home/adkris/Documents/mila-human-wav-txt/20220826_070000.WAV
166	Spectrogram 1	1	1208.722500000	1208.730400000	56406.000	61680.000	HF	1208.726766666667	61500.0	53760.00000000001	5.570249344233101	Pipistrellus pygmaeus	0.048	0.049	-1	Echolocation	192000	/home/adkris/Documents/mila-human-wav-txt/20220826_070000.WAV
167	Waveform 1	1	1208.930500000	1208.937100000	52109.000	57371.000	HF	1208.9337333333333	54000.0	53760.00000000001	13.953270133854314	Pipistrellus pipistrellus	0.021	0.038	-1	Echolocation	192000	/home/adkris/Documents/mila-human-wav-txt/20220826_070000.WAV
167	Spectrogram 1	1	1208.930500000	1208.937100000	52109.000	57371.000	HF	1208.9337333333333	54000.0	53760.00000000001	13.953270133854314	Pipistrellus pipistrellus	0.021	0.038	-1	Echolocation	192000	/home/adkris/Documents/mila-human-wav-txt/20220826_070000.WAV
168	Waveform 1	1	1209.019500000	1209.027500000	53828.000	58455.000	HF	1209.026	54750.0	53760.00000000001	12.33623471469848	Pipistrellus pygmaeus	0.023	0.026	-1	Echolocation	192000	/home/adkris/Documents/mila-human-wav-txt/20220826_070000.WAV
168	Spectrogram 1	1	1209.019500000	1209.027500000	53828.000	58455.000	HF	1209.026	54750.0	53760.00000000001	12.33623471469848	Pipistrellus pygmaeus	0.023	0.026	-1	Echolocation	192000	/home/adkris/Documents/mila-human-wav-txt/20220826_070000.WAV
169	Waveform 1	1	1209.112500000	1209.118800000	51250.000	57817.000	HF	1209.1160333333332	54750.0	52800.00000000001	23.469226576311897	Pipistrellus pygmaeus	0.015	0.031	-1	Echolocation	192000	/home/adkris/Documents/mila-human-wav-txt/20220826_070000.WAV
169	Spectrogram 1	1	1209.112500000	1209.118800000	51250.000	57817.000	HF	1209.1160333333332	54750.0	52800.00000000001	23.469226576311897	Pipistrellus pygmaeus	0.015	0.031	-1	Echolocation	192000	/home/adkris/Documents/mila-human-wav-txt/20220826_070000.WAV
170	Waveform 1	1	1209.206500000	1209.212700000	52109.000	57391.000	HF	1209.2089666666666	53250.0	52800.00000000001	12.471322519779912	Pipistrellus pygmaeus	0.014	0.027	-1	Echolocation	192000	/home/adkris/Documents/mila-human-wav-txt/20220826_070000.WAV
170	Spectrogram 1	1	1209.206500000	1209.212700000	52109.000	57391.000	HF	1209.2089666666666	53250.0	52800.00000000001	12.471322519779912	Pipistrellus pygmaeus	0.014	0.027	-1	Echolocation	192000	/home/adkris/Documents/mila-human-wav-txt/20220826_070000.WAV
171	Waveform 1	1	1209.293500000	1209.305700000	57265.000	63793.000	HF	1209.3028	54750.0	56640.0	8.608712988035784	Pipistrellus pygmaeus	0.03	0.031	-1	Echolocation	192000	/home/adkris/Documents/mila-human-wav-txt/20220826_070000.WAV
171	Spectrogram 1	1	1209.293500000	1209.305700000	57265.000	63793.000	HF	1209.3028	54750.0	56640.0	8.608712988035784	Pipistrellus pygmaeus	0.03	0.031	-1	Echolocation	192000	/home/adkris/Documents/mila-human-wav-txt/20220826_070000.WAV
172	Waveform 1	1	1209.388500000	1209.396200000	52968.000	61569.000	HF	1209.3929666666668	53250.0	53760.00000000001	9.630833387754452	Pipistrellus pygmaeus	0.045	0.05	-1	Echolocation	192000	/home/adkris/Documents/mila-human-wav-txt/20220826_070000.WAV
172	Spectrogram 1	1	1209.388500000	1209.396200000	52968.000	61569.000	HF	1209.3929666666668	53250.0	53760.00000000001	9.630833387754452	Pipistrellus pygmaeus	0.045	0.05	-1	Echolocation	192000	/home/adkris/Documents/mila-human-wav-txt/20220826_070000.WAV
173	Waveform 1	1	1209.665500000	1209.672000000	50390.000	58928.000	HF	1209.67	50250.0	52800.00000000001	25.073329350344597	Pipistrellus pipistrellus	0.033	0.064	-1	Echolocation	192000	/home/adkris/Documents/mila-human-wav-txt/20220826_070000.WAV
173	Spectrogram 1	1	1209.665500000	1209.672000000	50390.000	58928.000	HF	1209.67	50250.0	52800.00000000001	25.073329350344597	Pipistrellus pipistrellus	0.033	0.064	-1	Echolocation	192000	/home/adkris/Documents/mila-human-wav-txt/20220826_070000.WAV
174	Waveform 1	1	1209.752500000	1209.759200000	52968.000	60717.000	HF	1209.7568	53250.0	52800.00000000001	17.99847131439286	Pipistrellus pygmaeus	0.027	0.034	-1	Echolocation	192000	/home/adkris/Documents/mila-human-wav-txt/20220826_070000.WAV
174	Spectrogram 1	1	1209.752500000	1209.759200000	52968.000	60717.000	HF	1209.7568	53250.0	52800.00000000001	17.99847131439286	Pipistrellus pygmaeus	0.027	0.034	-1	Echolocation	192000	/home/adkris/Documents/mila-human-wav-txt/20220826_070000.WAV
175	Waveform 1	1	1209.837500000	1209.847800000	58125.000	65617.000	HF	1209.8452	57750.0	57600.0	14.104943533374517	Pipistrellus pygmaeus	0.042	0.042	-1	Echolocation	192000	/home/adkris/Documents/mila-human-wav-txt/20220826_070000.WAV
175	Spectrogram 1	1	1209.837500000	1209.847800000	58125.000	65617.000	HF	1209.8452	57750.0	57600.0	14.104943533374517	Pipistrellus pygmaeus	0.042	0.042	-1	Echolocation	192000	/home/adkris/Documents/mila-human-wav-txt/20220826_070000.WAV
176	Waveform 1	1	1209.912500000	1209.921600000	53828.000	58661.000	HF	1209.9167333333332	53250.0	52800.00000000001	12.924438797432192	Pipistrellus pygmaeus	0.041	0.045	-1	Echolocation	192000	/home/adkris/Documents/mila-human-wav-txt/20220826_070000.WAV
176	Spectrogram 1	1	1209.912500000	1209.921600000	53828.000	58661.000	HF	1209.9167333333332	53250.0	52800.00000000001	12.924438797432192	Pipistrellus pygmaeus	0.041	0.045	-1	Echolocation	192000	/home/adkris/Documents/mila-human-wav-txt/20220826_070000.WAV
177	Waveform 1	1	1210.240500000	1210.245900000	28906.000	71376.000	HF	1210.2437666666667	44250.0	44160.0	10.0066251331992	Myotis brandtii	0.017	0.038	-1	Echolocation	192000	/home/adkris/Documents/mila-human-wav-txt/20220826_070000.WAV
177	Spectrogram 1	1	1210.240500000	1210.245900000	28906.000	71376.000	HF	1210.2437666666667	44250.0	44160.0	10.0066251331992	Myotis brandtii	0.017	0.038	-1	Echolocation	192000	/home/adkris/Documents/mila-human-wav-txt/20220826_070000.WAV
178	Waveform 1	1	1210.457500000	1210.463100000	29765.000	71408.000	HF	1210.4617333333333	41250.0	46080.0	7.501433319706755	Myotis brandtii	0.023	0.043	-1	Echolocation	192000	/home/adkris/Documents/mila-human-wav-txt/20220826_070000.WAV
178	Spectrogram 1	1	1210.457500000	1210.463100000	29765.000	71408.000	HF	1210.4617333333333	41250.0	46080.0	7.501433319706755	Myotis brandtii	0.023	0.043	-1	Echolocation	192000	/home/adkris/Documents/mila-human-wav-txt/20220826_070000.WAV
179	Waveform 1	1	1210.923500000	1210.929000000	29765.000	70206.000	HF	1210.9266666666667	45750.0	46080.0	8.59649022929857	Myotis brandtii	0.025	0.043	-1	Echolocation	192000	/home/adkris/Documents/mila-human-wav-txt/20220826_070000.WAV
179	Spectrogram 1	1	1210.923500000	1210.929000000	29765.000	70206.000	HF	1210.9266666666667	45750.0	46080.0	8.59649022929857	Myotis brandtii	0.025	0.043	-1	Echolocation	192000	/home/adkris/Documents/mila-human-wav-txt/20220826_070000.WAV
180	Waveform 1	1	1210.981500000	1210.987000000	28906.000	76451.000	HF	1210.9835	46500.0	45120.0	12.142647389232383	Myotis brandtii	0.025	0.062	-1	Echolocation	192000	/home/adkris/Documents/mila-human-wav-txt/20220826_070000.WAV
180	Spectrogram 1	1	1210.981500000	1210.987000000	28906.000	76451.000	HF	1210.9835	46500.0	45120.0	12.142647389232383	Myotis brandtii	0.025	0.062	-1	Echolocation	192000	/home/adkris/Documents/mila-human-wav-txt/20220826_070000.WAV
181	Waveform 1	1	1211.054500000	1211.062200000	51250.000	55798.000	HF	1211.0578	53250.0	52800.00000000001	11.974429762053171	Pipistrellus pygmaeus	0.028	0.041	-1	Echolocation	192000	/home/adkris/Documents/mila-human-wav-txt/20220826_070000.WAV
181	Spectrogram 1	1	1211.054500000	1211.062200000	51250.000	55798.000	HF	1211.0578	53250.0	52800.00000000001	11.974429762053171	Pipistrellus pygmaeus	0.028	0.041	-1	Echolocation	192000	/home/adkris/Documents/mila-human-wav-txt/20220826_070000.WAV
182	Waveform 1	1	1211.135500000	1211.140900000	28906.000	69799.000	HF	1211.1399333333334	45000.0	44160.0	19.192408558601933	Myotis brandtii	0.019	0.039	-1	Echolocation	192000	/home/adkris/Documents/mila-human-wav-txt/20220826_070000.WAV
182	Spectrogram 1	1	1211.135500000	1211.140900000	28906.000	69799.000	HF	1211.1399333333334	45000.0	44160.0	19.192408558601933	Myotis brandtii	0.019	0.039	-1	Echolocation	192000	/home/adkris/Documents/mila-human-wav-txt/20220826_070000.WAV
183	Waveform 1	1	1213.244500000	1213.250900000	50390.000	54933.000	HF	1213.2467666666666	52500.0	49920.0	5.611051813464777	Pipistrellus pipistrellus	0.015	0.028	-1	Echolocation	192000	/home/adkris/Documents/mila-human-wav-txt/20220826_070000.WAV
183	Spectrogram 1	1	1213.244500000	1213.250900000	50390.000	54933.000	HF	1213.2467666666666	52500.0	49920.0	5.611051813464777	Pipistrellus pipistrellus	0.015	0.028	-1	Echolocation	192000	/home/adkris/Documents/mila-human-wav-txt/20220826_070000.WAV
184	Waveform 1	1	1214.397500000	1214.404200000	39218.000	46453.000	HF	1214.4006333333334	44250.0	43200.0	5.981846734868493	Barbastellus barbastellus	0.118	0.175	-1	Echolocation	192000	/home/adkris/Documents/mila-human-wav-txt/20220826_070000.WAV
184	Spectrogram 1	1	1214.397500000	1214.404200000	39218.000	46453.000	HF	1214.4006333333334	44250.0	43200.0	5.981846734868493	Barbastellus barbastellus	0.118	0.175	-1	Echolocation	192000	/home/adkris/Documents/mila-human-wav-txt/20220826_070000.WAV
185	Waveform 1	1	1227.706500000	1227.713200000	49531.000	54737.000	HF	1227.7108	48750.0	48960.0	6.188986400493713	Pipistrellus pipistrellus	0.016	0.031	-1	Echolocation	192000	/home/adkris/Documents/mila-human-wav-txt/20220826_070000.WAV
185	Spectrogram 1	1	1227.706500000	1227.713200000	49531.000	54737.000	HF	1227.7108	48750.0	48960.0	6.188986400493713	Pipistrellus pipistrellus	0.016	0.031	-1	Echolocation	192000	/home/adkris/Documents/mila-human-wav-txt/20220826_070000.WAV
186	Waveform 1	1	1228.404500000	1228.411100000	49531.000	53508.000	HF	1228.4065666666663	48750.0	48960.0	8.313811054026457	Pipistrellus pipistrellus	0.014	0.025	-1	Echolocation	192000	/home/adkris/Documents/mila-human-wav-txt/20220826_070000.WAV
186	Spectrogram 1	1	1228.404500000	1228.411100000	49531.000	53508.000	HF	1228.4065666666663	48750.0	48960.0	8.313811054026457	Pipistrellus pipistrellus	0.014	0.025	-1	Echolocation	192000	/home/adkris/Documents/mila-human-wav-txt/20220826_070000.WAV
187	Waveform 1	1	1229.262500000	1229.269000000	49531.000	52974.000	HF	1229.2658333333334	48000.0	48960.0	10.848434346037529	Pipistrellus pipistrellus	0.015	0.023	-1	Echolocation	192000	/home/adkris/Documents/mila-human-wav-txt/20220826_070000.WAV
187	Spectrogram 1	1	1229.262500000	1229.269000000	49531.000	52974.000	HF	1229.2658333333334	48000.0	48960.0	10.848434346037529	Pipistrellus pipistrellus	0.015	0.023	-1	Echolocation	192000	/home/adkris/Documents/mila-human-wav-txt/20220826_070000.WAV
188	Waveform 1	1	1276.413500000	1276.419700000	49531.000	59128.000	HF	1276.4171333333334	52500.0	53760.00000000001	8.970361915949818	Pipistrellus pipistrellus	0.098	0.176	-1	Echolocation	192000	/home/adkris/Documents/mila-human-wav-txt/20220826_070000.WAV
188	Spectrogram 1	1	1276.413500000	1276.419700000	49531.000	59128.000	HF	1276.4171333333334	52500.0	53760.00000000001	8.970361915949818	Pipistrellus pipistrellus	0.098	0.176	-1	Echolocation	192000	/home/adkris/Documents/mila-human-wav-txt/20220826_070000.WAV
189	Waveform 1	1	1276.462500000	1276.467200000	46953.000	59412.000	HF	1276.4653	51750.0	51840.0	6.757507956468367	Pipistrellus pipistrellus	0.139	0.183	-1	Echolocation	192000	/home/adkris/Documents/mila-human-wav-txt/20220826_070000.WAV
189	Spectrogram 1	1	1276.462500000	1276.467200000	46953.000	59412.000	HF	1276.4653	51750.0	51840.0	6.757507956468367	Pipistrellus pipistrellus	0.139	0.183	-1	Echolocation	192000	/home/adkris/Documents/mila-human-wav-txt/20220826_070000.WAV
190	Waveform 1	1	1287.251500000	1287.258000000	29765.000	46071.000	HF	1287.256	42000.0	43200.0	11.494505321116538	Myotis daubentonii	0.011	0.025	-1	Echolocation	192000	/home/adkris/Documents/mila-human-wav-txt/20220826_070000.WAV
190	Spectrogram 1	1	1287.251500000	1287.258000000	29765.000	46071.000	HF	1287.256	42000.0	43200.0	11.494505321116538	Myotis daubentonii	0.011	0.025	-1	Echolocation	192000	/home/adkris/Documents/mila-human-wav-txt/20220826_070000.WAV
191	Waveform 1	1	1396.166500000	1396.170900000	48671.000	59915.000	HF	1396.1684333333333	55500.0	53760.00000000001	6.158642425226515	Pipistrellus pipistrellus	0.086	0.112	-1	Echolocation	192000	/home/adkris/Documents/mila-human-wav-txt/20220826_070000.WAV
191	Spectrogram 1	1	1396.166500000	1396.170900000	48671.000	59915.000	HF	1396.1684333333333	55500.0	53760.00000000001	6.158642425226515	Pipistrellus pipistrellus	0.086	0.112	-1	Echolocation	192000	/home/adkris/Documents/mila-human-wav-txt/20220826_070000.WAV
192	Waveform 1	1	1406.245500000	1406.250500000	50390.000	58254.000	HF	1406.248	53250.0	53760.00000000001	7.150080678553373	Pipistrellus pipistrellus	0.055	0.069	-1	Echolocation	192000	/home/adkris/Documents/mila-human-wav-txt/20220826_070000.WAV
192	Spectrogram 1	1	1406.245500000	1406.250500000	50390.000	58254.000	HF	1406.248	53250.0	53760.00000000001	7.150080678553373	Pipistrellus pipistrellus	0.055	0.069	-1	Echolocation	192000	/home/adkris/Documents/mila-human-wav-txt/20220826_070000.WAV
193	Waveform 1	1	1426.491500000	1426.498500000	29765.000	51251.000	HF	1426.494333333333	44250.0	45120.0	5.582083241384822	Myotis daubentonii	0.01	0.025	-1	Echolocation	192000	/home/adkris/Documents/mila-human-wav-txt/20220826_070000.WAV
193	Spectrogram 1	1	1426.491500000	1426.498500000	29765.000	51251.000	HF	1426.494333333333	44250.0	45120.0	5.582083241384822	Myotis daubentonii	0.01	0.025	-1	Echolocation	192000	/home/adkris/Documents/mila-human-wav-txt/20220826_070000.WAV
194	Waveform 1	1	1426.935500000	1426.941800000	29765.000	44644.000	LF	1426.9402	42000.0	39360.0	6.87893410157395	Barbastellus barbastellus	0.007	0.025	-1	Echolocation	192000	/home/adkris/Documents/mila-human-wav-txt/20220826_070000.WAV
194	Spectrogram 1	1	1426.935500000	1426.941800000	29765.000	44644.000	LF	1426.9402	42000.0	39360.0	6.87893410157395	Barbastellus barbastellus	0.007	0.025	-1	Echolocation	192000	/home/adkris/Documents/mila-human-wav-txt/20220826_070000.WAV
195	Waveform 1	1	1427.661500000	1427.668900000	27187.000	42168.000	LF	1427.6674333333333	42750.0	44160.0	7.647546987508579	Eptesicus serotinus	0.007	0.022	-1	Echolocation	192000	/home/adkris/Documents/mila-human-wav-txt/20220826_070000.WAV
195	Spectrogram 1	1	1427.661500000	1427.668900000	27187.000	42168.000	LF	1427.6674333333333	42750.0	44160.0	7.647546987508579	Eptesicus serotinus	0.007	0.022	-1	Echolocation	192000	/home/adkris/Documents/mila-human-wav-txt/20220826_070000.WAV
196	Waveform 1	1	1446.001500000	1446.008200000	30625.000	55695.000	HF	1446.0046333333332	45750.0	45120.0	10.68050476174644	Myotis daubentonii	0.007	0.024	-1	Echolocation	192000	/home/adkris/Documents/mila-human-wav-txt/20220826_070000.WAV
196	Spectrogram 1	1	1446.001500000	1446.008200000	30625.000	55695.000	HF	1446.0046333333332	45750.0	45120.0	10.68050476174644	Myotis daubentonii	0.007	0.024	-1	Echolocation	192000	/home/adkris/Documents/mila-human-wav-txt/20220826_070000.WAV
197	Waveform 1	1	1446.515500000	1446.523500000	53828.000	61809.000	HF	1446.5185	52500.0	53760.00000000001	6.62351659288892	Pipistrellus pygmaeus	0.049	0.051	-1	Echolocation	192000	/home/adkris/Documents/mila-human-wav-txt/20220826_070000.WAV
197	Spectrogram 1	1	1446.515500000	1446.523500000	53828.000	61809.000	HF	1446.5185	52500.0	53760.00000000001	6.62351659288892	Pipistrellus pygmaeus	0.049	0.051	-1	Echolocation	192000	/home/adkris/Documents/mila-human-wav-txt/20220826_070000.WAV
198	Waveform 1	1	1459.972500000	1459.978900000	49531.000	57036.000	HF	1459.9759333333334	48750.0	48000.0	9.227555476930588	Pipistrellus pipistrellus	0.038	0.056	-1	Echolocation	192000	/home/adkris/Documents/mila-human-wav-txt/20220826_070000.WAV
198	Spectrogram 1	1	1459.972500000	1459.978900000	49531.000	57036.000	HF	1459.9759333333334	48750.0	48000.0	9.227555476930588	Pipistrellus pipistrellus	0.038	0.056	-1	Echolocation	192000	/home/adkris/Documents/mila-human-wav-txt/20220826_070000.WAV
199	Waveform 1	1	1460.155500000	1460.162200000	53828.000	60466.000	HF	1460.1574666666668	53250.0	53760.00000000001	5.613912306104592	Pipistrellus pygmaeus	0.094	0.099	-1	Echolocation	192000	/home/adkris/Documents/mila-human-wav-txt/20220826_070000.WAV
199	Spectrogram 1	1	1460.155500000	1460.162200000	53828.000	60466.000	HF	1460.1574666666668	53250.0	53760.00000000001	5.613912306104592	Pipistrellus pygmaeus	0.094	0.099	-1	Echolocation	192000	/home/adkris/Documents/mila-human-wav-txt/20220826_070000.WAV
200	Waveform 1	1	1460.426500000	1460.432000000	29765.000	58680.000	HF	1460.430833333333	45000.0	45120.0	17.406981101438568	Myotis brandtii	0.012	0.027	-1	Echolocation	192000	/home/adkris/Documents/mila-human-wav-txt/20220826_070000.WAV
200	Spectrogram 1	1	1460.426500000	1460.432000000	29765.000	58680.000	HF	1460.430833333333	45000.0	45120.0	17.406981101438568	Myotis brandtii	0.012	0.027	-1	Echolocation	192000	/home/adkris/Documents/mila-human-wav-txt/20220826_070000.WAV
201	Waveform 1	1	1460.702500000	1460.708400000	30625.000	57417.000	HF	1460.7076	47250.0	45120.0	16.009718997605006	Myotis brandtii	0.008	0.025	-1	Echolocation	192000	/home/adkris/Documents/mila-human-wav-txt/20220826_070000.WAV
201	Spectrogram 1	1	1460.702500000	1460.708400000	30625.000	57417.000	HF	1460.7076	47250.0	45120.0	16.009718997605006	Myotis brandtii	0.008	0.025	-1	Echolocation	192000	/home/adkris/Documents/mila-human-wav-txt/20220826_070000.WAV
202	Waveform 1	1	1461.283500000	1461.289300000	49531.000	56418.000	HF	1461.2852	48000.0	48960.0	8.65456978807367	Pipistrellus pipistrellus	0.024	0.04	-1	Echolocation	192000	/home/adkris/Documents/mila-human-wav-txt/20220826_070000.WAV
202	Spectrogram 1	1	1461.283500000	1461.289300000	49531.000	56418.000	HF	1461.2852	48000.0	48960.0	8.65456978807367	Pipistrellus pipistrellus	0.024	0.04	-1	Echolocation	192000	/home/adkris/Documents/mila-human-wav-txt/20220826_070000.WAV
203	Waveform 1	1	1462.884500000	1462.900400000	19453.000	23984.000	LF	1462.8854333333334	20250.0	21120.0	11.38060129012409	Nyctalus noctula	0.043	0.075	-1	Echolocation	192000	/home/adkris/Documents/mila-human-wav-txt/20220826_070000.WAV
203	Spectrogram 1	1	1462.884500000	1462.900400000	19453.000	23984.000	LF	1462.8854333333334	20250.0	21120.0	11.38060129012409	Nyctalus noctula	0.043	0.075	-1	Echolocation	192000	/home/adkris/Documents/mila-human-wav-txt/20220826_070000.WAV
204	Waveform 1	1	1464.350500000	1464.373300000	24609.000	27689.000	LF	1464.364366666667	24000.0	24960.0	5.292140611602068	Nyctalus leisleri	0.081	0.156	-1	Echolocation	192000	/home/adkris/Documents/mila-human-wav-txt/20220826_070000.WAV
204	Spectrogram 1	1	1464.350500000	1464.373300000	24609.000	27689.000	LF	1464.364366666667	24000.0	24960.0	5.292140611602068	Nyctalus leisleri	0.081	0.156	-1	Echolocation	192000	/home/adkris/Documents/mila-human-wav-txt/20220826_070000.WAV
205	Waveform 1	1	1464.547500000	1464.570300000	23750.000	27870.000	LF	1464.5578666666668	25500.0	25920.0	6.429624014093776	Nyctalus leisleri	0.108	0.196	-1	Echolocation	192000	/home/adkris/Documents/mila-human-wav-txt/20220826_070000.WAV
205	Spectrogram 1	1	1464.547500000	1464.570300000	23750.000	27870.000	LF	1464.5578666666668	25500.0	25920.0	6.429624014093776	Nyctalus leisleri	0.108	0.196	-1	Echolocation	192000	/home/adkris/Documents/mila-human-wav-txt/20220826_070000.WAV
206	Waveform 1	1	1464.699500000	1464.704300000	53828.000	64963.000	HF	1464.7033666666666	55500.0	54719.99999999999	8.50983733494072	Pipistrellus pipistrellus	0.038	0.059	-1	Echolocation	192000	/home/adkris/Documents/mila-human-wav-txt/20220826_070000.WAV
206	Spectrogram 1	1	1464.699500000	1464.704300000	53828.000	64963.000	HF	1464.7033666666666	55500.0	54719.99999999999	8.50983733494072	Pipistrellus pipistrellus	0.038	0.059	-1	Echolocation	192000	/home/adkris/Documents/mila-human-wav-txt/20220826_070000.WAV
207	Waveform 1	1	1464.775500000	1464.781000000	55546.000	63683.000	HF	1464.7798333333333	57000.0	55679.99999999999	10.72032648894401	Pipistrellus pygmaeus	0.03	0.038	-1	Echolocation	192000	/home/adkris/Documents/mila-human-wav-txt/20220826_070000.WAV
207	Spectrogram 1	1	1464.775500000	1464.781000000	55546.000	63683.000	HF	1464.7798333333333	57000.0	55679.99999999999	10.72032648894401	Pipistrellus pygmaeus	0.03	0.038	-1	Echolocation	192000	/home/adkris/Documents/mila-human-wav-txt/20220826_070000.WAV
208	Waveform 1	1	1464.867500000	1464.873100000	55546.000	66654.000	HF	1464.8705666666667	56250.0	56640.0	8.200620587730288	Pipistrellus pygmaeus	0.039	0.042	-1	Echolocation	192000	/home/adkris/Documents/mila-human-wav-txt/20220826_070000.WAV
208	Spectrogram 1	1	1464.867500000	1464.873100000	55546.000	66654.000	HF	1464.8705666666667	56250.0	56640.0	8.200620587730288	Pipistrellus pygmaeus	0.039	0.042	-1	Echolocation	192000	/home/adkris/Documents/mila-human-wav-txt/20220826_070000.WAV
209	Waveform 1	1	1465.302500000	1465.309500000	56406.000	68407.000	HF	1465.3065	56250.0	56640.0	17.439351148351378	Pipistrellus pygmaeus	0.037	0.044	-1	Echolocation	192000	/home/adkris/Documents/mila-human-wav-txt/20220826_070000.WAV
209	Spectrogram 1	1	1465.302500000	1465.309500000	56406.000	68407.000	HF	1465.3065	56250.0	56640.0	17.439351148351378	Pipistrellus pygmaeus	0.037	0.044	-1	Echolocation	192000	/home/adkris/Documents/mila-human-wav-txt/20220826_070000.WAV
210	Waveform 1	1	1465.520500000	1465.525200000	54687.000	67956.000	HF	1465.5244666666667	56250.0	55679.99999999999	18.16580454940804	Pipistrellus pipistrellus	0.036	0.065	-1	Echolocation	192000	/home/adkris/Documents/mila-human-wav-txt/20220826_070000.WAV
210	Spectrogram 1	1	1465.520500000	1465.525200000	54687.000	67956.000	HF	1465.5244666666667	56250.0	55679.99999999999	18.16580454940804	Pipistrellus pipistrellus	0.036	0.065	-1	Echolocation	192000	/home/adkris/Documents/mila-human-wav-txt/20220826_070000.WAV
211	Waveform 1	1	1465.578500000	1465.584100000	56406.000	66938.000	HF	1465.5815666666667	60000.0	59520.0	14.23159092417663	Pipistrellus pygmaeus	0.057	0.092	-1	Echolocation	192000	/home/adkris/Documents/mila-human-wav-txt/20220826_070000.WAV
211	Spectrogram 1	1	1465.578500000	1465.584100000	56406.000	66938.000	HF	1465.5815666666667	60000.0	59520.0	14.23159092417663	Pipistrellus pygmaeus	0.057	0.092	-1	Echolocation	192000	/home/adkris/Documents/mila-human-wav-txt/20220826_070000.WAV
212	Waveform 1	1	1465.769500000	1465.775900000	54687.000	67131.000	HF	1465.7729333333334	58500.0	57600.0	15.98996957862452	Pipistrellus pipistrellus	0.044	0.078	-1	Echolocation	192000	/home/adkris/Documents/mila-human-wav-txt/20220826_070000.WAV
212	Spectrogram 1	1	1465.769500000	1465.775900000	54687.000	67131.000	HF	1465.7729333333334	58500.0	57600.0	15.98996957862452	Pipistrellus pipistrellus	0.044	0.078	-1	Echolocation	192000	/home/adkris/Documents/mila-human-wav-txt/20220826_070000.WAV
213	Waveform 1	1	1466.191500000	1466.197000000	32343.000	83231.000	HF	1466.1946666666668	53250.0	53760.00000000001	11.147746258793328	Myotis mystacinus	0.018	0.046	-1	Echolocation	192000	/home/adkris/Documents/mila-human-wav-txt/20220826_070000.WAV
213	Spectrogram 1	1	1466.191500000	1466.197000000	32343.000	83231.000	HF	1466.1946666666668	53250.0	53760.00000000001	11.147746258793328	Myotis mystacinus	0.018	0.046	-1	Echolocation	192000	/home/adkris/Documents/mila-human-wav-txt/20220826_070000.WAV
214	Waveform 1	1	1466.409500000	1466.416700000	57265.000	62885.000	HF	1466.4144666666666	57750.0	57600.0	5.254512366581396	Pipistrellus pygmaeus	0.03	0.033	-1	Echolocation	192000	/home/adkris/Documents/mila-human-wav-txt/20220826_070000.WAV
214	Spectrogram 1	1	1466.409500000	1466.416700000	57265.000	62885.000	HF	1466.4144666666666	57750.0	57600.0	5.254512366581396	Pipistrellus pygmaeus	0.03	0.033	-1	Echolocation	192000	/home/adkris/Documents/mila-human-wav-txt/20220826_070000.WAV
215	Waveform 1	1	1466.662500000	1466.674300000	55546.000	61972.000	HF	1466.6698666666666	54750.0	53760.00000000001	13.509926938829125	Pipistrellus pygmaeus	0.033	0.034	-1	Echolocation	192000	/home/adkris/Documents/mila-human-wav-txt/20220826_070000.WAV
215	Spectrogram 1	1	1466.662500000	1466.674300000	55546.000	61972.000	HF	1466.6698666666666	54750.0	53760.00000000001	13.509926938829125	Pipistrellus pygmaeus	0.033	0.034	-1	Echolocation	192000	/home/adkris/Documents/mila-human-wav-txt/20220826_070000.WAV
216	Waveform 1	1	1468.628500000	1468.634400000	34921.000	62314.000	HF	1468.6336	53250.0	52800.00000000001	6.607295620407125	Myotis brandtii	0.007	0.023	-1	Echolocation	192000	/home/adkris/Documents/mila-human-wav-txt/20220826_070000.WAV
216	Spectrogram 1	1	1468.628500000	1468.634400000	34921.000	62314.000	HF	1468.6336	53250.0	52800.00000000001	6.607295620407125	Myotis brandtii	0.007	0.023	-1	Echolocation	192000	/home/adkris/Documents/mila-human-wav-txt/20220826_070000.WAV
217	Waveform 1	1	1481.560500000	1481.565700000	32343.000	79344.000	HF	1481.5628	48750.0	48960.0	6.980190313491478	Myotis mystacinus	0.03	0.077	-1	Echolocation	192000	/home/adkris/Documents/mila-human-wav-txt/20220826_070000.WAV
217	Spectrogram 1	1	1481.560500000	1481.565700000	32343.000	79344.000	HF	1481.5628	48750.0	48960.0	6.980190313491478	Myotis mystacinus	0.03	0.077	-1	Echolocation	192000	/home/adkris/Documents/mila-human-wav-txt/20220826_070000.WAV
218	Waveform 1	1	1481.612500000	1481.618000000	28906.000	56259.000	HF	1481.6168333333333	46500.0	48960.0	8.93993259325001	Myotis daubentonii	0.015	0.028	-1	Echolocation	192000	/home/adkris/Documents/mila-human-wav-txt/20220826_070000.WAV
218	Spectrogram 1	1	1481.612500000	1481.618000000	28906.000	56259.000	HF	1481.6168333333333	46500.0	48960.0	8.93993259325001	Myotis daubentonii	0.015	0.028	-1	Echolocation	192000	/home/adkris/Documents/mila-human-wav-txt/20220826_070000.WAV
219	Waveform 1	1	1482.069500000	1482.077100000	56406.000	62252.000	HF	1482.0752333333332	56250.0	56640.0	8.704865872446558	Pipistrellus pygmaeus	0.071	0.078	-1	Echolocation	192000	/home/adkris/Documents/mila-human-wav-txt/20220826_070000.WAV
219	Spectrogram 1	1	1482.069500000	1482.077100000	56406.000	62252.000	HF	1482.0752333333332	56250.0	56640.0	8.704865872446558	Pipistrellus pygmaeus	0.071	0.078	-1	Echolocation	192000	/home/adkris/Documents/mila-human-wav-txt/20220826_070000.WAV
220	Waveform 1	1	1482.322500000	1482.329600000	52109.000	59487.000	HF	1482.3264	54000.0	53760.00000000001	5.010148071878373	Pipistrellus pipistrellus	0.068	0.096	-1	Echolocation	192000	/home/adkris/Documents/mila-human-wav-txt/20220826_070000.WAV
220	Spectrogram 1	1	1482.322500000	1482.329600000	52109.000	59487.000	HF	1482.3264	54000.0	53760.00000000001	5.010148071878373	Pipistrellus pipistrellus	0.068	0.096	-1	Echolocation	192000	/home/adkris/Documents/mila-human-wav-txt/20220826_070000.WAV
221	Waveform 1	1	1490.605500000	1490.617100000	39218.000	47569.000	HF	1490.6072333333334	44250.0	43200.0	5.030900686807488	Pipistrellus nathusii	0.098	0.116	-1	Echolocation	192000	/home/adkris/Documents/mila-human-wav-txt/20220826_070000.WAV
221	Spectrogram 1	1	1490.605500000	1490.617100000	39218.000	47569.000	HF	1490.6072333333334	44250.0	43200.0	5.030900686807488	Pipistrellus nathusii	0.098	0.116	-1	Echolocation	192000	/home/adkris/Documents/mila-human-wav-txt/20220826_070000.WAV
222	Waveform 1	1	1490.803500000	1490.813700000	40078.000	47819.000	HF	1490.8066333333334	44250.0	44160.0	6.500418427800173	Pipistrellus nathusii	0.137	0.176	-1	Echolocation	192000	/home/adkris/Documents/mila-human-wav-txt/20220826_070000.WAV
222	Spectrogram 1	1	1490.803500000	1490.813700000	40078.000	47819.000	HF	1490.8066333333334	44250.0	44160.0	6.500418427800173	Pipistrellus nathusii	0.137	0.176	-1	Echolocation	192000	/home/adkris/Documents/mila-human-wav-txt/20220826_070000.WAV
223	Waveform 1	1	1491.308500000	1491.314100000	30625.000	58336.000	HF	1491.3139	45750.0	41280.0	6.362180514293218	Myotis brandtii	0.015	0.03	-1	Echolocation	192000	/home/adkris/Documents/mila-human-wav-txt/20220826_070000.WAV
223	Spectrogram 1	1	1491.308500000	1491.314100000	30625.000	58336.000	HF	1491.3139	45750.0	41280.0	6.362180514293218	Myotis brandtii	0.015	0.03	-1	Echolocation	192000	/home/adkris/Documents/mila-human-wav-txt/20220826_070000.WAV
224	Waveform 1	1	1492.378500000	1492.384100000	48671.000	59807.000	HF	1492.3827333333334	48000.0	48960.0	13.6006120100124	Pipistrellus pipistrellus	0.035	0.066	-1	Echolocation	192000	/home/adkris/Documents/mila-human-wav-txt/20220826_070000.WAV
224	Spectrogram 1	1	1492.378500000	1492.384100000	48671.000	59807.000	HF	1492.3827333333334	48000.0	48960.0	13.6006120100124	Pipistrellus pipistrellus	0.035	0.066	-1	Echolocation	192000	/home/adkris/Documents/mila-human-wav-txt/20220826_070000.WAV
225	Waveform 1	1	1492.491500000	1492.498500000	29765.000	44768.000	HF	1492.4955	45000.0	39360.0	5.170518163338275	Myotis bechsteinii	0.006	0.028	-1	Echolocation	192000	/home/adkris/Documents/mila-human-wav-txt/20220826_070000.WAV
225	Spectrogram 1	1	1492.491500000	1492.498500000	29765.000	44768.000	HF	1492.4955	45000.0	39360.0	5.170518163338275	Myotis bechsteinii	0.006	0.028	-1	Echolocation	192000	/home/adkris/Documents/mila-human-wav-txt/20220826_070000.WAV
226	Waveform 1	1	1492.599500000	1492.605900000	29765.000	48928.000	HF	1492.6041	41250.0	41280.0	19.732123420747318	Myotis bechsteinii	0.006	0.025	-1	Echolocation	192000	/home/adkris/Documents/mila-human-wav-txt/20220826_070000.WAV
226	Spectrogram 1	1	1492.599500000	1492.605900000	29765.000	48928.000	HF	1492.6041	41250.0	41280.0	19.732123420747318	Myotis bechsteinii	0.006	0.025	-1	Echolocation	192000	/home/adkris/Documents/mila-human-wav-txt/20220826_070000.WAV
227	Waveform 1	1	1492.709500000	1492.717700000	30625.000	43538.000	LF	1492.7158	42000.0	41280.0	11.708966444353578	Myotis bechsteinii	0.005	0.024	-1	Echolocation	192000	/home/adkris/Documents/mila-human-wav-txt/20220826_070000.WAV
227	Spectrogram 1	1	1492.709500000	1492.717700000	30625.000	43538.000	LF	1492.7158	42000.0	41280.0	11.708966444353578	Myotis bechsteinii	0.005	0.024	-1	Echolocation	192000	/home/adkris/Documents/mila-human-wav-txt/20220826_070000.WAV
228	Waveform 1	1	1493.023500000	1493.030000000	27187.000	41585.000	LF	1493.028	42000.0	41280.0	15.728432068822167	Myotis nattereri	0.005	0.024	-1	Echolocation	192000	/home/adkris/Documents/mila-human-wav-txt/20220826_070000.WAV
228	Spectrogram 1	1	1493.023500000	1493.030000000	27187.000	41585.000	LF	1493.028	42000.0	41280.0	15.728432068822167	Myotis nattereri	0.005	0.024	-1	Echolocation	192000	/home/adkris/Documents/mila-human-wav-txt/20220826_070000.WAV
229	Waveform 1	1	1493.229500000	1493.235400000	51250.000	59203.000	HF	1493.2346	52500.0	51840.0	20.13105772231292	Pipistrellus pipistrellus	0.019	0.033	-1	Echolocation	192000	/home/adkris/Documents/mila-human-wav-txt/20220826_070000.WAV
229	Spectrogram 1	1	1493.229500000	1493.235400000	51250.000	59203.000	HF	1493.2346	52500.0	51840.0	20.13105772231292	Pipistrellus pipistrellus	0.019	0.033	-1	Echolocation	192000	/home/adkris/Documents/mila-human-wav-txt/20220826_070000.WAV
230	Waveform 1	1	1493.562500000	1493.568800000	31484.000	53643.000	HF	1493.5683666666666	48000.0	43200.0	21.04001097901749	Myotis brandtii	0.008	0.025	-1	Echolocation	192000	/home/adkris/Documents/mila-human-wav-txt/20220826_070000.WAV
230	Spectrogram 1	1	1493.562500000	1493.568800000	31484.000	53643.000	HF	1493.5683666666666	48000.0	43200.0	21.04001097901749	Myotis brandtii	0.008	0.025	-1	Echolocation	192000	/home/adkris/Documents/mila-human-wav-txt/20220826_070000.WAV
231	Waveform 1	1	1493.788500000	1493.794600000	49531.000	58484.000	HF	1493.7922333333331	48750.0	48000.0	12.60218866296382	Pipistrellus pipistrellus	0.029	0.05	-1	Echolocation	192000	/home/adkris/Documents/mila-human-wav-txt/20220826_070000.WAV
231	Spectrogram 1	1	1493.788500000	1493.794600000	49531.000	58484.000	HF	1493.7922333333331	48750.0	48000.0	12.60218866296382	Pipistrellus pipistrellus	0.029	0.05	-1	Echolocation	192000	/home/adkris/Documents/mila-human-wav-txt/20220826_070000.WAV
232	Waveform 1	1	1494.106500000	1494.112300000	29765.000	53715.000	HF	1494.1093666666666	49500.0	45120.0	17.475114941755624	Myotis daubentonii	0.009	0.029	-1	Echolocation	192000	/home/adkris/Documents/mila-human-wav-txt/20220826_070000.WAV
232	Spectrogram 1	1	1494.106500000	1494.112300000	29765.000	53715.000	HF	1494.1093666666666	49500.0	45120.0	17.475114941755624	Myotis daubentonii	0.009	0.029	-1	Echolocation	192000	/home/adkris/Documents/mila-human-wav-txt/20220826_070000.WAV
233	Waveform 1	1	1494.583500000	1494.590800000	56406.000	65367.000	HF	1494.5860333333333	59250.0	55679.99999999999	6.124068552340733	Pipistrellus pygmaeus	0.058	0.062	-1	Echolocation	192000	/home/adkris/Documents/mila-human-wav-txt/20220826_070000.WAV
233	Spectrogram 1	1	1494.583500000	1494.590800000	56406.000	65367.000	HF	1494.5860333333333	59250.0	55679.99999999999	6.124068552340733	Pipistrellus pygmaeus	0.058	0.062	-1	Echolocation	192000	/home/adkris/Documents/mila-human-wav-txt/20220826_070000.WAV
234	Waveform 1	1	1494.646500000	1494.651800000	56406.000	63815.000	HF	1494.6498666666666	59250.0	59520.0	6.614619702470406	Pipistrellus pygmaeus	0.143	0.147	-1	Echolocation	192000	/home/adkris/Documents/mila-human-wav-txt/20220826_070000.WAV
234	Spectrogram 1	1	1494.646500000	1494.651800000	56406.000	63815.000	HF	1494.6498666666666	59250.0	59520.0	6.614619702470406	Pipistrellus pygmaeus	0.143	0.147	-1	Echolocation	192000	/home/adkris/Documents/mila-human-wav-txt/20220826_070000.WAV
235	Waveform 1	1	1494.711500000	1494.716900000	56406.000	66716.000	HF	1494.7147666666667	56250.0	58560.0	5.428774613577991	Pipistrellus pygmaeus	0.096	0.102	-1	Echolocation	192000	/home/adkris/Documents/mila-human-wav-txt/20220826_070000.WAV
235	Spectrogram 1	1	1494.711500000	1494.716900000	56406.000	66716.000	HF	1494.7147666666667	56250.0	58560.0	5.428774613577991	Pipistrellus pygmaeus	0.096	0.102	-1	Echolocation	192000	/home/adkris/Documents/mila-human-wav-txt/20220826_070000.WAV
236	Waveform 1	1	1494.783500000	1494.790900000	58125.000	65690.000	HF	1494.7871	59250.0	58560.0	7.722336614224584	Pipistrellus pygmaeus	0.036	0.038	-1	Echolocation	192000	/home/adkris/Documents/mila-human-wav-txt/20220826_070000.WAV
236	Spectrogram 1	1	1494.783500000	1494.790900000	58125.000	65690.000	HF	1494.7871	59250.0	58560.0	7.722336614224584	Pipistrellus pygmaeus	0.036	0.038	-1	Echolocation	192000	/home/adkris/Documents/mila-human-wav-txt/20220826_070000.WAV
237	Waveform 1	1	1500.170500000	1500.176800000	48671.000	55080.000	HF	1500.1752	46500.0	46080.0	9.211375876135843	Pipistrellus pipistrellus	0.013	0.025	-1	Echolocation	192000	/home/adkris/Documents/mila-human-wav-txt/20220826_070000.WAV
237	Spectrogram 1	1	1500.170500000	1500.176800000	48671.000	55080.000	HF	1500.1752	46500.0	46080.0	9.211375876135843	Pipistrellus pipistrellus	0.013	0.025	-1	Echolocation	192000	/home/adkris/Documents/mila-human-wav-txt/20220826_070000.WAV
238	Waveform 1	1	1500.284500000	1500.290000000	29765.000	64306.000	HF	1500.29	46500.0	46080.0	6.663563002397397	Myotis daubentonii	0.03	0.06	-1	Echolocation	192000	/home/adkris/Documents/mila-human-wav-txt/20220826_070000.WAV
238	Spectrogram 1	1	1500.284500000	1500.290000000	29765.000	64306.000	HF	1500.29	46500.0	46080.0	6.663563002397397	Myotis daubentonii	0.03	0.06	-1	Echolocation	192000	/home/adkris/Documents/mila-human-wav-txt/20220826_070000.WAV
239	Waveform 1	1	1500.950500000	1500.956700000	26328.000	42979.000	LF	1500.9564666666668	46500.0	44160.0	9.290335041310454	Myotis nattereri	0.006	0.022	-1	Echolocation	192000	/home/adkris/Documents/mila-human-wav-txt/20220826_070000.WAV
239	Spectrogram 1	1	1500.950500000	1500.956700000	26328.000	42979.000	LF	1500.9564666666668	46500.0	44160.0	9.290335041310454	Myotis nattereri	0.006	0.022	-1	Echolocation	192000	/home/adkris/Documents/mila-human-wav-txt/20220826_070000.WAV
240	Waveform 1	1	1501.053500000	1501.059600000	29765.000	49014.000	HF	1501.0584	45000.0	41280.0	10.84553806452002	Myotis bechsteinii	0.005	0.023	-1	Echolocation	192000	/home/adkris/Documents/mila-human-wav-txt/20220826_070000.WAV
240	Spectrogram 1	1	1501.053500000	1501.059600000	29765.000	49014.000	HF	1501.0584	45000.0	41280.0	10.84553806452002	Myotis bechsteinii	0.005	0.023	-1	Echolocation	192000	/home/adkris/Documents/mila-human-wav-txt/20220826_070000.WAV
241	Waveform 1	1	1501.339500000	1501.346100000	46953.000	55830.000	HF	1501.3439	45000.0	47040.0	13.369769764906849	Pipistrellus pipistrellus	0.012	0.026	-1	Echolocation	192000	/home/adkris/Documents/mila-human-wav-txt/20220826_070000.WAV
241	Spectrogram 1	1	1501.339500000	1501.346100000	46953.000	55830.000	HF	1501.3439	45000.0	47040.0	13.369769764906849	Pipistrellus pipistrellus	0.012	0.026	-1	Echolocation	192000	/home/adkris/Documents/mila-human-wav-txt/20220826_070000.WAV
242	Waveform 1	1	1501.773500000	1501.780000000	47812.000	53753.000	HF	1501.7768333333331	48750.0	47040.0	13.061130067509184	Pipistrellus pipistrellus	0.013	0.023	-1	Echolocation	192000	/home/adkris/Documents/mila-human-wav-txt/20220826_070000.WAV
242	Spectrogram 1	1	1501.773500000	1501.780000000	47812.000	53753.000	HF	1501.7768333333331	48750.0	47040.0	13.061130067509184	Pipistrellus pipistrellus	0.013	0.023	-1	Echolocation	192000	/home/adkris/Documents/mila-human-wav-txt/20220826_070000.WAV
243	Waveform 1	1	1502.419500000	1502.425400000	49531.000	54439.000	HF	1502.4246	48000.0	48000.0	13.547521508996576	Pipistrellus pipistrellus	0.035	0.057	-1	Echolocation	192000	/home/adkris/Documents/mila-human-wav-txt/20220826_070000.WAV
243	Spectrogram 1	1	1502.419500000	1502.425400000	49531.000	54439.000	HF	1502.4246	48000.0	48000.0	13.547521508996576	Pipistrellus pipistrellus	0.035	0.057	-1	Echolocation	192000	/home/adkris/Documents/mila-human-wav-txt/20220826_070000.WAV
244	Waveform 1	1	1502.531500000	1502.537900000	28906.000	50972.000	HF	1502.533766666667	45000.0	41280.0	13.383766640653816	Myotis daubentonii	0.011	0.022	-1	Echolocation	192000	/home/adkris/Documents/mila-human-wav-txt/20220826_070000.WAV
244	Spectrogram 1	1	1502.531500000	1502.537900000	28906.000	50972.000	HF	1502.533766666667	45000.0	41280.0	13.383766640653816	Myotis daubentonii	0.011	0.022	-1	Echolocation	192000	/home/adkris/Documents/mila-human-wav-txt/20220826_070000.WAV
245	Waveform 1	1	1512.065500000	1512.070700000	34062.000	73928.000	HF	1512.0678	57000.0	47040.0	9.727224348209496	Myotis mystacinus	0.014	0.033	-1	Echolocation	192000	/home/adkris/Documents/mila-human-wav-txt/20220826_070000.WAV
245	Spectrogram 1	1	1512.065500000	1512.070700000	34062.000	73928.000	HF	1512.0678	57000.0	47040.0	9.727224348209496	Myotis mystacinus	0.014	0.033	-1	Echolocation	192000	/home/adkris/Documents/mila-human-wav-txt/20220826_070000.WAV
246	Waveform 1	1	1521.954500000	1521.963000000	56406.000	66493.000	HF	1521.9558333333334	58500.0	57600.0	15.55428304687965	Pipistrellus pygmaeus	0.024	0.025	-1	Echolocation	192000	/home/adkris/Documents/mila-human-wav-txt/20220826_070000.WAV
246	Spectrogram 1	1	1521.954500000	1521.963000000	56406.000	66493.000	HF	1521.9558333333334	58500.0	57600.0	15.55428304687965	Pipistrellus pygmaeus	0.024	0.025	-1	Echolocation	192000	/home/adkris/Documents/mila-human-wav-txt/20220826_070000.WAV
247	Waveform 1	1	1531.619500000	1531.625100000	34921.000	63082.000	HF	1531.6237333333331	49500.0	48960.0	8.18819464038749	Myotis mystacinus	0.008	0.026	-1	Echolocation	192000	/home/adkris/Documents/mila-human-wav-txt/20220826_070000.WAV
247	Spectrogram 1	1	1531.619500000	1531.625100000	34921.000	63082.000	HF	1531.6237333333331	49500.0	48960.0	8.18819464038749	Myotis mystacinus	0.008	0.026	-1	Echolocation	192000	/home/adkris/Documents/mila-human-wav-txt/20220826_070000.WAV
248	Waveform 1	1	1551.904500000	1551.909600000	34921.000	62319.000	HF	1551.9080666666666	47250.0	47040.0	7.013007456280246	Myotis bechsteinii	0.009	0.026	-1	Echolocation	192000	/home/adkris/Documents/mila-human-wav-txt/20220826_070000.WAV
248	Spectrogram 1	1	1551.904500000	1551.909600000	34921.000	62319.000	HF	1551.9080666666666	47250.0	47040.0	7.013007456280246	Myotis bechsteinii	0.009	0.026	-1	Echolocation	192000	/home/adkris/Documents/mila-human-wav-txt/20220826_070000.WAV
249	Waveform 1	1	1551.981500000	1551.986600000	37500.000	59966.000	HF	1551.9862333333333	54750.0	52800.00000000001	5.45965211312608	Myotis bechsteinii	0.013	0.035	-1	Echolocation	192000	/home/adkris/Documents/mila-human-wav-txt/20220826_070000.WAV
249	Spectrogram 1	1	1551.981500000	1551.986600000	37500.000	59966.000	HF	1551.9862333333333	54750.0	52800.00000000001	5.45965211312608	Myotis bechsteinii	0.013	0.035	-1	Echolocation	192000	/home/adkris/Documents/mila-human-wav-txt/20220826_070000.WAV
250	Waveform 1	1	1558.136500000	1558.142300000	54687.000	63841.000	HF	1558.1417	53250.0	53760.00000000001	8.257717884768237	Pipistrellus pipistrellus	0.013	0.028	-1	Echolocation	192000	/home/adkris/Documents/mila-human-wav-txt/20220826_070000.WAV
250	Spectrogram 1	1	1558.136500000	1558.142300000	54687.000	63841.000	HF	1558.1417	53250.0	53760.00000000001	8.257717884768237	Pipistrellus pipistrellus	0.013	0.028	-1	Echolocation	192000	/home/adkris/Documents/mila-human-wav-txt/20220826_070000.WAV
251	Waveform 1	1	1558.245500000	1558.250900000	34921.000	65034.000	HF	1558.2487666666666	52500.0	49920.0	6.065447056369225	Myotis mystacinus	0.009	0.029	-1	Echolocation	192000	/home/adkris/Documents/mila-human-wav-txt/20220826_070000.WAV
251	Spectrogram 1	1	1558.245500000	1558.250900000	34921.000	65034.000	HF	1558.2487666666666	52500.0	49920.0	6.065447056369225	Myotis mystacinus	0.009	0.029	-1	Echolocation	192000	/home/adkris/Documents/mila-human-wav-txt/20220826_070000.WAV
252	Waveform 1	1	1567.389500000	1567.396700000	46953.000	53083.000	HF	1567.3933	48750.0	48960.0	5.396350241622951	Pipistrellus pipistrellus	0.175	0.195	-1	Echolocation	192000	/home/adkris/Documents/mila-human-wav-txt/20220826_070000.WAV
252	Spectrogram 1	1	1567.389500000	1567.396700000	46953.000	53083.000	HF	1567.3933	48750.0	48960.0	5.396350241622951	Pipistrellus pipistrellus	0.175	0.195	-1	Echolocation	192000	/home/adkris/Documents/mila-human-wav-txt/20220826_070000.WAV
253	Waveform 1	1	1584.006500000	1584.019100000	39218.000	44704.000	HF	1584.0084	41250.0	39360.0	7.598413136491372	Pipistrellus nathusii	0.163	0.17	-1	Echolocation	192000	/home/adkris/Documents/mila-human-wav-txt/20220826_070000.WAV
253	Spectrogram 1	1	1584.006500000	1584.019100000	39218.000	44704.000	HF	1584.0084	41250.0	39360.0	7.598413136491372	Pipistrellus nathusii	0.163	0.17	-1	Echolocation	192000	/home/adkris/Documents/mila-human-wav-txt/20220826_070000.WAV
254	Waveform 1	1	1584.702500000	1584.708300000	30625.000	54826.000	HF	1584.7077	42000.0	45120.0	9.609386145272538	Myotis brandtii	0.012	0.038	-1	Echolocation	192000	/home/adkris/Documents/mila-human-wav-txt/20220826_070000.WAV
254	Spectrogram 1	1	1584.702500000	1584.708300000	30625.000	54826.000	HF	1584.7077	42000.0	45120.0	9.609386145272538	Myotis brandtii	0.012	0.038	-1	Echolocation	192000	/home/adkris/Documents/mila-human-wav-txt/20220826_070000.WAV
255	Waveform 1	1	1584.807500000	1584.813700000	30625.000	47287.000	HF	1584.8134666666667	47250.0	46080.0	7.186069153813167	Myotis bechsteinii	0.005	0.025	-1	Echolocation	192000	/home/adkris/Documents/mila-human-wav-txt/20220826_070000.WAV
255	Spectrogram 1	1	1584.807500000	1584.813700000	30625.000	47287.000	HF	1584.8134666666667	47250.0	46080.0	7.186069153813167	Myotis bechsteinii	0.005	0.025	-1	Echolocation	192000	/home/adkris/Documents/mila-human-wav-txt/20220826_070000.WAV
256	Waveform 1	1	1585.008500000	1585.014800000	30625.000	53771.000	HF	1585.0143666666668	43500.0	43200.0	11.29969998708874	Myotis bechsteinii	0.012	0.03	-1	Echolocation	192000	/home/adkris/Documents/mila-human-wav-txt/20220826_070000.WAV
256	Spectrogram 1	1	1585.008500000	1585.014800000	30625.000	53771.000	HF	1585.0143666666668	43500.0	43200.0	11.29969998708874	Myotis bechsteinii	0.012	0.03	-1	Echolocation	192000	/home/adkris/Documents/mila-human-wav-txt/20220826_070000.WAV
257	Waveform 1	1	1585.255500000	1585.261600000	30625.000	44111.000	LF	1585.2569	43500.0	43200.0	5.645199709185543	Myotis brandtii	0.009	0.025	-1	Echolocation	192000	/home/adkris/Documents/mila-human-wav-txt/20220826_070000.WAV
257	Spectrogram 1	1	1585.255500000	1585.261600000	30625.000	44111.000	LF	1585.2569	43500.0	43200.0	5.645199709185543	Myotis brandtii	0.009	0.025	-1	Echolocation	192000	/home/adkris/Documents/mila-human-wav-txt/20220826_070000.WAV
258	Waveform 1	1	1585.615500000	1585.623800000	31484.000	51481.000	HF	1585.6217	45000.0	41280.0	17.79466199089384	Myotis bechsteinii	0.012	0.028	-1	Echolocation	192000	/home/adkris/Documents/mila-human-wav-txt/20220826_070000.WAV
258	Spectrogram 1	1	1585.615500000	1585.623800000	31484.000	51481.000	HF	1585.6217	45000.0	41280.0	17.79466199089384	Myotis bechsteinii	0.012	0.028	-1	Echolocation	192000	/home/adkris/Documents/mila-human-wav-txt/20220826_070000.WAV
259	Waveform 1	1	1585.823500000	1585.830200000	30625.000	50666.000	HF	1585.8289666666667	41250.0	41280.0	13.320047229946898	Myotis brandtii	0.008	0.024	-1	Echolocation	192000	/home/adkris/Documents/mila-human-wav-txt/20220826_070000.WAV
259	Spectrogram 1	1	1585.823500000	1585.830200000	30625.000	50666.000	HF	1585.8289666666667	41250.0	41280.0	13.320047229946898	Myotis brandtii	0.008	0.024	-1	Echolocation	192000	/home/adkris/Documents/mila-human-wav-txt/20220826_070000.WAV
260	Waveform 1	1	1586.337500000	1586.352300000	38359.000	43915.000	HF	1586.3418666666666	38250.0	40320.0	5.566318532303195	Pipistrellus nathusii	0.158	0.168	-1	Echolocation	192000	/home/adkris/Documents/mila-human-wav-txt/20220826_070000.WAV
260	Spectrogram 1	1	1586.337500000	1586.352300000	38359.000	43915.000	HF	1586.3418666666666	38250.0	40320.0	5.566318532303195	Pipistrellus nathusii	0.158	0.168	-1	Echolocation	192000	/home/adkris/Documents/mila-human-wav-txt/20220826_070000.WAV
261	Waveform 1	1	1587.145500000	1587.153000000	29765.000	47091.000	HF	1587.149	42000.0	41280.0	9.620731501924784	Myotis daubentonii	0.004	0.023	-1	Echolocation	192000	/home/adkris/Documents/mila-human-wav-txt/20220826_070000.WAV
261	Spectrogram 1	1	1587.145500000	1587.153000000	29765.000	47091.000	HF	1587.149	42000.0	41280.0	9.620731501924784	Myotis daubentonii	0.004	0.023	-1	Echolocation	192000	/home/adkris/Documents/mila-human-wav-txt/20220826_070000.WAV
262	Waveform 1	1	1587.542500000	1587.548800000	28906.000	50152.000	HF	1587.5472	42750.0	42240.0	5.64579150843934	Myotis daubentonii	0.012	0.026	-1	Echolocation	192000	/home/adkris/Documents/mila-human-wav-txt/20220826_070000.WAV
262	Spectrogram 1	1	1587.542500000	1587.548800000	28906.000	50152.000	HF	1587.5472	42750.0	42240.0	5.64579150843934	Myotis daubentonii	0.012	0.026	-1	Echolocation	192000	/home/adkris/Documents/mila-human-wav-txt/20220826_070000.WAV
263	Waveform 1	1	1597.920500000	1597.925700000	34062.000	74000.000	HF	1597.9228	51000.0	48960.0	5.838696602814925	Myotis brandtii	0.014	0.035	-1	Echolocation	192000	/home/adkris/Documents/mila-human-wav-txt/20220826_070000.WAV
263	Spectrogram 1	1	1597.920500000	1597.925700000	34062.000	74000.000	HF	1597.9228	51000.0	48960.0	5.838696602814925	Myotis brandtii	0.014	0.035	-1	Echolocation	192000	/home/adkris/Documents/mila-human-wav-txt/20220826_070000.WAV
264	Waveform 1	1	1602.659500000	1602.666300000	28906.000	45135.000	LF	1602.6648666666667	42750.0	42240.0	7.841098366341397	Myotis daubentonii	0.005	0.023	-1	Echolocation	192000	/home/adkris/Documents/mila-human-wav-txt/20220826_070000.WAV
264	Spectrogram 1	1	1602.659500000	1602.666300000	28906.000	45135.000	LF	1602.6648666666667	42750.0	42240.0	7.841098366341397	Myotis daubentonii	0.005	0.023	-1	Echolocation	192000	/home/adkris/Documents/mila-human-wav-txt/20220826_070000.WAV
265	Waveform 1	1	1603.354500000	1603.360400000	46093.000	55572.000	HF	1603.3572666666666	45000.0	46080.0	6.992297510024424	Pipistrellus pipistrellus	0.007	0.022	-1	Echolocation	192000	/home/adkris/Documents/mila-human-wav-txt/20220826_070000.WAV
265	Spectrogram 1	1	1603.354500000	1603.360400000	46093.000	55572.000	HF	1603.3572666666666	45000.0	46080.0	6.992297510024424	Pipistrellus pipistrellus	0.007	0.022	-1	Echolocation	192000	/home/adkris/Documents/mila-human-wav-txt/20220826_070000.WAV
266	Waveform 1	1	1614.524500000	1614.531300000	30625.000	53219.000	HF	1614.5275333333334	45000.0	42240.0	9.871467328053525	Myotis brandtii	0.011	0.028	-1	Echolocation	192000	/home/adkris/Documents/mila-human-wav-txt/20220826_070000.WAV
266	Spectrogram 1	1	1614.524500000	1614.531300000	30625.000	53219.000	HF	1614.5275333333334	45000.0	42240.0	9.871467328053525	Myotis brandtii	0.011	0.028	-1	Echolocation	192000	/home/adkris/Documents/mila-human-wav-txt/20220826_070000.WAV
267	Waveform 1	1	1614.806500000	1614.813800000	32343.000	58672.000	HF	1614.8113666666666	47250.0	43200.0	9.586552352727498	Myotis bechsteinii	0.009	0.026	-1	Echolocation	192000	/home/adkris/Documents/mila-human-wav-txt/20220826_070000.WAV
267	Spectrogram 1	1	1614.806500000	1614.813800000	32343.000	58672.000	HF	1614.8113666666666	47250.0	43200.0	9.586552352727498	Myotis bechsteinii	0.009	0.026	-1	Echolocation	192000	/home/adkris/Documents/mila-human-wav-txt/20220826_070000.WAV
268	Waveform 1	1	1614.911500000	1614.918200000	30625.000	55382.000	HF	1614.9181333333331	44250.0	43200.0	10.248866429472468	Myotis brandtii	0.009	0.026	-1	Echolocation	192000	/home/adkris/Documents/mila-human-wav-txt/20220826_070000.WAV
268	Spectrogram 1	1	1614.911500000	1614.918200000	30625.000	55382.000	HF	1614.9181333333331	44250.0	43200.0	10.248866429472468	Myotis brandtii	0.009	0.026	-1	Echolocation	192000	/home/adkris/Documents/mila-human-wav-txt/20220826_070000.WAV
269	Waveform 1	1	1615.019500000	1615.026300000	31484.000	54767.000	HF	1615.0248666666666	42000.0	44160.0	16.458486800006845	Myotis brandtii	0.008	0.023	-1	Echolocation	192000	/home/adkris/Documents/mila-human-wav-txt/20220826_070000.WAV
269	Spectrogram 1	1	1615.019500000	1615.026300000	31484.000	54767.000	HF	1615.0248666666666	42000.0	44160.0	16.458486800006845	Myotis brandtii	0.008	0.023	-1	Echolocation	192000	/home/adkris/Documents/mila-human-wav-txt/20220826_070000.WAV
270	Waveform 1	1	1615.230500000	1615.236200000	52109.000	58087.000	HF	1615.2311333333332	54750.0	50880.0	5.329595573629068	Pipistrellus pygmaeus	0.023	0.031	-1	Echolocation	192000	/home/adkris/Documents/mila-human-wav-txt/20220826_070000.WAV
270	Spectrogram 1	1	1615.230500000	1615.236200000	52109.000	58087.000	HF	1615.2311333333332	54750.0	50880.0	5.329595573629068	Pipistrellus pygmaeus	0.023	0.031	-1	Echolocation	192000	/home/adkris/Documents/mila-human-wav-txt/20220826_070000.WAV
271	Waveform 1	1	1615.401500000	1615.407900000	52968.000	59131.000	HF	1615.4037666666666	53250.0	53760.00000000001	5.305225579733247	Pipistrellus pygmaeus	0.033	0.036	-1	Echolocation	192000	/home/adkris/Documents/mila-human-wav-txt/20220826_070000.WAV
271	Spectrogram 1	1	1615.401500000	1615.407900000	52968.000	59131.000	HF	1615.4037666666666	53250.0	53760.00000000001	5.305225579733247	Pipistrellus pygmaeus	0.033	0.036	-1	Echolocation	192000	/home/adkris/Documents/mila-human-wav-txt/20220826_070000.WAV
272	Waveform 1	1	1615.703500000	1615.709800000	30625.000	55828.000	HF	1615.705866666667	42750.0	42240.0	17.082234420759622	Myotis bechsteinii	0.009	0.026	-1	Echolocation	192000	/home/adkris/Documents/mila-human-wav-txt/20220826_070000.WAV
272	Spectrogram 1	1	1615.703500000	1615.709800000	30625.000	55828.000	HF	1615.705866666667	42750.0	42240.0	17.082234420759622	Myotis bechsteinii	0.009	0.026	-1	Echolocation	192000	/home/adkris/Documents/mila-human-wav-txt/20220826_070000.WAV
273	Waveform 1	1	1615.790500000	1615.796100000	31484.000	51685.000	HF	1615.7959	45750.0	43200.0	10.362607155251366	Myotis brandtii	0.01	0.027	-1	Echolocation	192000	/home/adkris/Documents/mila-human-wav-txt/20220826_070000.WAV
273	Spectrogram 1	1	1615.790500000	1615.796100000	31484.000	51685.000	HF	1615.7959	45750.0	43200.0	10.362607155251366	Myotis brandtii	0.01	0.027	-1	Echolocation	192000	/home/adkris/Documents/mila-human-wav-txt/20220826_070000.WAV
274	Waveform 1	1	1615.879500000	1615.885500000	33203.000	53465.000	HF	1615.881	46500.0	47040.0	5.442798817050452	Myotis brandtii	0.011	0.029	-1	Echolocation	192000	/home/adkris/Documents/mila-human-wav-txt/20220826_070000.WAV
274	Spectrogram 1	1	1615.879500000	1615.885500000	33203.000	53465.000	HF	1615.881	46500.0	47040.0	5.442798817050452	Myotis brandtii	0.011	0.029	-1	Echolocation	192000	/home/adkris/Documents/mila-human-wav-txt/20220826_070000.WAV
275	Waveform 1	1	1616.090500000	1616.096400000	30625.000	51604.000	HF	1616.0956	46500.0	43200.0	15.84552665076151	Myotis bechsteinii	0.008	0.028	-1	Echolocation	192000	/home/adkris/Documents/mila-human-wav-txt/20220826_070000.WAV
275	Spectrogram 1	1	1616.090500000	1616.096400000	30625.000	51604.000	HF	1616.0956	46500.0	43200.0	15.84552665076151	Myotis bechsteinii	0.008	0.028	-1	Echolocation	192000	/home/adkris/Documents/mila-human-wav-txt/20220826_070000.WAV
276	Waveform 1	1	1616.185500000	1616.192100000	31484.000	56399.000	HF	1616.1899	45750.0	45120.0	17.31115936441508	Myotis bechsteinii	0.009	0.027	-1	Echolocation	192000	/home/adkris/Documents/mila-human-wav-txt/20220826_070000.WAV
276	Spectrogram 1	1	1616.185500000	1616.192100000	31484.000	56399.000	HF	1616.1899	45750.0	45120.0	17.31115936441508	Myotis bechsteinii	0.009	0.027	-1	Echolocation	192000	/home/adkris/Documents/mila-human-wav-txt/20220826_070000.WAV
277	Waveform 1	1	1616.446500000	1616.454700000	52968.000	58020.000	HF	1616.448133333333	51750.0	52800.00000000001	10.659722600124466	Pipistrellus pygmaeus	0.03	0.033	-1	Echolocation	192000	/home/adkris/Documents/mila-human-wav-txt/20220826_070000.WAV
277	Spectrogram 1	1	1616.446500000	1616.454700000	52968.000	58020.000	HF	1616.448133333333	51750.0	52800.00000000001	10.659722600124466	Pipistrellus pygmaeus	0.03	0.033	-1	Echolocation	192000	/home/adkris/Documents/mila-human-wav-txt/20220826_070000.WAV
278	Waveform 1	1	1616.649500000	1616.654800000	31484.000	59501.000	HF	1616.6540333333332	44250.0	44160.0	12.775219839213586	Myotis brandtii	0.011	0.026	-1	Echolocation	192000	/home/adkris/Documents/mila-human-wav-txt/20220826_070000.WAV
278	Spectrogram 1	1	1616.649500000	1616.654800000	31484.000	59501.000	HF	1616.6540333333332	44250.0	44160.0	12.775219839213586	Myotis brandtii	0.011	0.026	-1	Echolocation	192000	/home/adkris/Documents/mila-human-wav-txt/20220826_070000.WAV
279	Waveform 1	1	1616.995500000	1617.002400000	30625.000	53658.000	HF	1617.0019333333332	41250.0	46080.0	19.578153116310176	Myotis bechsteinii	0.009	0.027	-1	Echolocation	192000	/home/adkris/Documents/mila-human-wav-txt/20220826_070000.WAV
279	Spectrogram 1	1	1616.995500000	1617.002400000	30625.000	53658.000	HF	1617.0019333333332	41250.0	46080.0	19.578153116310176	Myotis bechsteinii	0.009	0.027	-1	Echolocation	192000	/home/adkris/Documents/mila-human-wav-txt/20220826_070000.WAV
280	Waveform 1	1	1617.242500000	1617.249000000	32343.000	53984.000	HF	1617.2481666666667	47250.0	45120.0	16.153918095854834	Myotis brandtii	0.008	0.023	-1	Echolocation	192000	/home/adkris/Documents/mila-human-wav-txt/20220826_070000.WAV
280	Spectrogram 1	1	1617.242500000	1617.249000000	32343.000	53984.000	HF	1617.2481666666667	47250.0	45120.0	16.153918095854834	Myotis brandtii	0.008	0.023	-1	Echolocation	192000	/home/adkris/Documents/mila-human-wav-txt/20220826_070000.WAV
281	Waveform 1	1	1630.023500000	1630.029500000	30625.000	52121.000	HF	1630.0285	42000.0	43200.0	13.018198309198246	Myotis brandtii	0.008	0.023	-1	Echolocation	192000	/home/adkris/Documents/mila-human-wav-txt/20220826_070000.WAV
281	Spectrogram 1	1	1630.023500000	1630.029500000	30625.000	52121.000	HF	1630.0285	42000.0	43200.0	13.018198309198246	Myotis brandtii	0.008	0.023	-1	Echolocation	192000	/home/adkris/Documents/mila-human-wav-txt/20220826_070000.WAV
282	Waveform 1	1	1630.119500000	1630.125800000	47812.000	56891.000	HF	1630.1218666666666	47250.0	48000.0	9.00210197018087	Pipistrellus pipistrellus	0.013	0.026	-1	Echolocation	192000	/home/adkris/Documents/mila-human-wav-txt/20220826_070000.WAV
282	Spectrogram 1	1	1630.119500000	1630.125800000	47812.000	56891.000	HF	1630.1218666666666	47250.0	48000.0	9.00210197018087	Pipistrellus pipistrellus	0.013	0.026	-1	Echolocation	192000	/home/adkris/Documents/mila-human-wav-txt/20220826_070000.WAV
283	Waveform 1	1	1630.301500000	1630.307900000	30625.000	56784.000	HF	1630.3072666666667	41250.0	43200.0	15.493044554294482	Myotis brandtii	0.009	0.024	-1	Echolocation	192000	/home/adkris/Documents/mila-human-wav-txt/20220826_070000.WAV
283	Spectrogram 1	1	1630.301500000	1630.307900000	30625.000	56784.000	HF	1630.3072666666667	41250.0	43200.0	15.493044554294482	Myotis brandtii	0.009	0.024	-1	Echolocation	192000	/home/adkris/Documents/mila-human-wav-txt/20220826_070000.WAV
284	Waveform 1	1	1630.501500000	1630.507800000	31484.000	54058.000	HF	1630.5062	47250.0	42240.0	10.437086120066182	Myotis brandtii	0.009	0.023	-1	Echolocation	192000	/home/adkris/Documents/mila-human-wav-txt/20220826_070000.WAV
284	Spectrogram 1	1	1630.501500000	1630.507800000	31484.000	54058.000	HF	1630.5062	47250.0	42240.0	10.437086120066182	Myotis brandtii	0.009	0.023	-1	Echolocation	192000	/home/adkris/Documents/mila-human-wav-txt/20220826_070000.WAV
285	Waveform 1	1	1630.703500000	1630.710300000	30625.000	58695.000	HF	1630.7077	45750.0	45120.0	11.877140340959157	Myotis bechsteinii	0.015	0.033	-1	Echolocation	192000	/home/adkris/Documents/mila-human-wav-txt/20220826_070000.WAV
285	Spectrogram 1	1	1630.703500000	1630.710300000	30625.000	58695.000	HF	1630.7077	45750.0	45120.0	11.877140340959157	Myotis bechsteinii	0.015	0.033	-1	Echolocation	192000	/home/adkris/Documents/mila-human-wav-txt/20220826_070000.WAV
286	Waveform 1	1	1630.804500000	1630.810800000	48671.000	55571.000	HF	1630.8057	48000.0	48000.0	9.098933270774497	Pipistrellus pipistrellus	0.016	0.028	-1	Echolocation	192000	/home/adkris/Documents/mila-human-wav-txt/20220826_070000.WAV
286	Spectrogram 1	1	1630.804500000	1630.810800000	48671.000	55571.000	HF	1630.8057	48000.0	48000.0	9.098933270774497	Pipistrellus pipistrellus	0.016	0.028	-1	Echolocation	192000	/home/adkris/Documents/mila-human-wav-txt/20220826_070000.WAV
287	Waveform 1	1	1631.006500000	1631.011800000	49531.000	57437.000	HF	1631.0075333333334	49500.0	48000.0	7.0966105580492975	Pipistrellus pygmaeus	0.025	0.039	-1	Echolocation	192000	/home/adkris/Documents/mila-human-wav-txt/20220826_070000.WAV
287	Spectrogram 1	1	1631.006500000	1631.011800000	49531.000	57437.000	HF	1631.0075333333334	49500.0	48000.0	7.0966105580492975	Pipistrellus pygmaeus	0.025	0.039	-1	Echolocation	192000	/home/adkris/Documents/mila-human-wav-txt/20220826_070000.WAV
288	Waveform 1	1	1631.104500000	1631.111600000	51250.000	56394.000	HF	1631.1095666666668	51000.0	49920.0	9.0151506897765	Pipistrellus pygmaeus	0.02	0.031	-1	Echolocation	192000	/home/adkris/Documents/mila-human-wav-txt/20220826_070000.WAV
288	Spectrogram 1	1	1631.104500000	1631.111600000	51250.000	56394.000	HF	1631.1095666666668	51000.0	49920.0	9.0151506897765	Pipistrellus pygmaeus	0.02	0.031	-1	Echolocation	192000	/home/adkris/Documents/mila-human-wav-txt/20220826_070000.WAV
289	Waveform 1	1	1631.309500000	1631.316500000	47812.000	55094.000	HF	1631.3146666666669	48000.0	48000.0	7.740823632208241	Pipistrellus pipistrellus	0.017	0.03	-1	Echolocation	192000	/home/adkris/Documents/mila-human-wav-txt/20220826_070000.WAV
289	Spectrogram 1	1	1631.309500000	1631.316500000	47812.000	55094.000	HF	1631.3146666666669	48000.0	48000.0	7.740823632208241	Pipistrellus pipistrellus	0.017	0.03	-1	Echolocation	192000	/home/adkris/Documents/mila-human-wav-txt/20220826_070000.WAV
290	Waveform 1	1	1631.411500000	1631.418900000	52968.000	58479.000	HF	1631.4139333333333	54000.0	53760.00000000001	6.490038133330849	Pipistrellus pygmaeus	0.032	0.033	-1	Echolocation	192000	/home/adkris/Documents/mila-human-wav-txt/20220826_070000.WAV
290	Spectrogram 1	1	1631.411500000	1631.418900000	52968.000	58479.000	HF	1631.4139333333333	54000.0	53760.00000000001	6.490038133330849	Pipistrellus pygmaeus	0.032	0.033	-1	Echolocation	192000	/home/adkris/Documents/mila-human-wav-txt/20220826_070000.WAV
291	Waveform 1	1	1631.619500000	1631.626300000	48671.000	55880.000	HF	1631.6225333333334	48750.0	48000.0	5.374628523112934	Pipistrellus pipistrellus	0.016	0.025	-1	Echolocation	192000	/home/adkris/Documents/mila-human-wav-txt/20220826_070000.WAV
291	Spectrogram 1	1	1631.619500000	1631.626300000	48671.000	55880.000	HF	1631.6225333333334	48750.0	48000.0	5.374628523112934	Pipistrellus pipistrellus	0.016	0.025	-1	Echolocation	192000	/home/adkris/Documents/mila-human-wav-txt/20220826_070000.WAV
292	Waveform 1	1	1631.709500000	1631.717100000	52109.000	60112.000	HF	1631.7105666666666	52500.0	51840.0	5.252466298675824	Pipistrellus pygmaeus	0.033	0.037	-1	Echolocation	192000	/home/adkris/Documents/mila-human-wav-txt/20220826_070000.WAV
292	Spectrogram 1	1	1631.709500000	1631.717100000	52109.000	60112.000	HF	1631.7105666666666	52500.0	51840.0	5.252466298675824	Pipistrellus pygmaeus	0.033	0.037	-1	Echolocation	192000	/home/adkris/Documents/mila-human-wav-txt/20220826_070000.WAV
293	Waveform 1	1	1631.795500000	1631.801600000	31484.000	51730.000	HF	1631.8004	48750.0	45120.0	10.390235901729575	Myotis brandtii	0.008	0.021	-1	Echolocation	192000	/home/adkris/Documents/mila-human-wav-txt/20220826_070000.WAV
293	Spectrogram 1	1	1631.795500000	1631.801600000	31484.000	51730.000	HF	1631.8004	48750.0	45120.0	10.390235901729575	Myotis brandtii	0.008	0.021	-1	Echolocation	192000	/home/adkris/Documents/mila-human-wav-txt/20220826_070000.WAV
294	Waveform 1	1	1631.894500000	1631.901900000	30625.000	49251.000	HF	1631.9016	42750.0	43200.0	17.177241791187505	Myotis bechsteinii	0.009	0.027	-1	Echolocation	192000	/home/adkris/Documents/mila-human-wav-txt/20220826_070000.WAV
294	Spectrogram 1	1	1631.894500000	1631.901900000	30625.000	49251.000	HF	1631.9016	42750.0	43200.0	17.177241791187505	Myotis bechsteinii	0.009	0.027	-1	Echolocation	192000	/home/adkris/Documents/mila-human-wav-txt/20220826_070000.WAV
295	Waveform 1	1	1632.052500000	1632.058300000	49531.000	58619.000	HF	1632.0553666666667	49500.0	48000.0	10.835084672045072	Pipistrellus pipistrellus	0.024	0.04	-1	Echolocation	192000	/home/adkris/Documents/mila-human-wav-txt/20220826_070000.WAV
295	Spectrogram 1	1	1632.052500000	1632.058300000	49531.000	58619.000	HF	1632.0553666666667	49500.0	48000.0	10.835084672045072	Pipistrellus pipistrellus	0.024	0.04	-1	Echolocation	192000	/home/adkris/Documents/mila-human-wav-txt/20220826_070000.WAV
296	Waveform 1	1	1632.371500000	1632.379200000	50390.000	55794.000	HF	1632.3783	50250.0	48960.0	10.63624741764838	Pipistrellus pipistrellus	0.016	0.028	-1	Echolocation	192000	/home/adkris/Documents/mila-human-wav-txt/20220826_070000.WAV
296	Spectrogram 1	1	1632.371500000	1632.379200000	50390.000	55794.000	HF	1632.3783	50250.0	48960.0	10.63624741764838	Pipistrellus pipistrellus	0.016	0.028	-1	Echolocation	192000	/home/adkris/Documents/mila-human-wav-txt/20220826_070000.WAV
297	Waveform 1	1	1633.031500000	1633.037400000	30625.000	64741.000	HF	1633.0331	45750.0	45120.0	12.207448628376556	Myotis brandtii	0.016	0.033	-1	Echolocation	192000	/home/adkris/Documents/mila-human-wav-txt/20220826_070000.WAV
297	Spectrogram 1	1	1633.031500000	1633.037400000	30625.000	64741.000	HF	1633.0331	45750.0	45120.0	12.207448628376556	Myotis brandtii	0.016	0.033	-1	Echolocation	192000	/home/adkris/Documents/mila-human-wav-txt/20220826_070000.WAV
298	Waveform 1	1	1634.247500000	1634.253900000	28046.000	42682.000	LF	1634.2532666666666	42750.0	40320.0	5.13989457899521	Eptesicus serotinus	0.005	0.021	-1	Echolocation	192000	/home/adkris/Documents/mila-human-wav-txt/20220826_070000.WAV
298	Spectrogram 1	1	1634.247500000	1634.253900000	28046.000	42682.000	LF	1634.2532666666666	42750.0	40320.0	5.13989457899521	Eptesicus serotinus	0.005	0.021	-1	Echolocation	192000	/home/adkris/Documents/mila-human-wav-txt/20220826_070000.WAV
299	Waveform 1	1	1636.831500000	1636.836900000	37500.000	70017.000	HF	1636.8347666666666	48750.0	48960.0	6.295540601085317	Myotis brandtii	0.012	0.038	-1	Echolocation	192000	/home/adkris/Documents/mila-human-wav-txt/20220826_070000.WAV
299	Spectrogram 1	1	1636.831500000	1636.836900000	37500.000	70017.000	HF	1636.8347666666666	48750.0	48960.0	6.295540601085317	Myotis brandtii	0.012	0.038	-1	Echolocation	192000	/home/adkris/Documents/mila-human-wav-txt/20220826_070000.WAV
300	Waveform 1	1	1637.168500000	1637.173800000	46953.000	61115.000	HF	1637.1707	53250.0	52800.00000000001	6.129490964333781	Pipistrellus pipistrellus	0.161	0.198	-1	Echolocation	192000	/home/adkris/Documents/mila-human-wav-txt/20220826_070000.WAV
300	Spectrogram 1	1	1637.168500000	1637.173800000	46953.000	61115.000	HF	1637.1707	53250.0	52800.00000000001	6.129490964333781	Pipistrellus pipistrellus	0.161	0.198	-1	Echolocation	192000	/home/adkris/Documents/mila-human-wav-txt/20220826_070000.WAV
301	Waveform 1	1	1654.747500000	1654.751400000	46093.000	64175.000	HF	1654.7487666666666	54000.0	54719.99999999999	5.000558952884616	Myotis mystacinus	0.054	0.154	-1	Echolocation	192000	/home/adkris/Documents/mila-human-wav-txt/20220826_070000.WAV
301	Spectrogram 1	1	1654.747500000	1654.751400000	46093.000	64175.000	HF	1654.7487666666666	54000.0	54719.99999999999	5.000558952884616	Myotis mystacinus	0.054	0.154	-1	Echolocation	192000	/home/adkris/Documents/mila-human-wav-txt/20220826_070000.WAV
302	Waveform 1	1	1654.858500000	1654.863800000	47812.000	58293.000	HF	1654.8607	54000.0	49920.0	6.632998409339992	Pipistrellus pipistrellus	0.151	0.179	-1	Echolocation	192000	/home/adkris/Documents/mila-human-wav-txt/20220826_070000.WAV
302	Spectrogram 1	1	1654.858500000	1654.863800000	47812.000	58293.000	HF	1654.8607	54000.0	49920.0	6.632998409339992	Pipistrellus pipistrellus	0.151	0.179	-1	Echolocation	192000	/home/adkris/Documents/mila-human-wav-txt/20220826_070000.WAV
303	Waveform 1	1	1692.671500000	1692.682100000	40078.000	45689.000	HF	1692.6765666666668	41250.0	41280.0	5.968163581923065	Pipistrellus nathusii	0.059	0.075	-1	Echolocation	192000	/home/adkris/Documents/mila-human-wav-txt/20220826_070000.WAV
303	Spectrogram 1	1	1692.671500000	1692.682100000	40078.000	45689.000	HF	1692.6765666666668	41250.0	41280.0	5.968163581923065	Pipistrellus nathusii	0.059	0.075	-1	Echolocation	192000	/home/adkris/Documents/mila-human-wav-txt/20220826_070000.WAV
304	Waveform 1	1	1693.206500000	1693.212700000	35781.000	62539.000	HF	1693.2124666666666	47250.0	47040.0	11.72875694140962	Myotis brandtii	0.009	0.025	-1	Echolocation	192000	/home/adkris/Documents/mila-human-wav-txt/20220826_070000.WAV
304	Spectrogram 1	1	1693.206500000	1693.212700000	35781.000	62539.000	HF	1693.2124666666666	47250.0	47040.0	11.72875694140962	Myotis brandtii	0.009	0.025	-1	Echolocation	192000	/home/adkris/Documents/mila-human-wav-txt/20220826_070000.WAV
305	Waveform 1	1	1693.433500000	1693.439400000	31484.000	57401.000	HF	1693.4386	46500.0	46080.0	5.841377458671182	Myotis brandtii	0.011	0.025	-1	Echolocation	192000	/home/adkris/Documents/mila-human-wav-txt/20220826_070000.WAV
305	Spectrogram 1	1	1693.433500000	1693.439400000	31484.000	57401.000	HF	1693.4386	46500.0	46080.0	5.841377458671182	Myotis brandtii	0.011	0.025	-1	Echolocation	192000	/home/adkris/Documents/mila-human-wav-txt/20220826_070000.WAV
306	Waveform 1	1	1694.015500000	1694.021700000	30625.000	56388.000	HF	1694.0203	45000.0	45120.0	13.779599644708576	Myotis brandtii	0.016	0.036	-1	Echolocation	192000	/home/adkris/Documents/mila-human-wav-txt/20220826_070000.WAV
306	Spectrogram 1	1	1694.015500000	1694.021700000	30625.000	56388.000	HF	1694.0203	45000.0	45120.0	13.779599644708576	Myotis brandtii	0.016	0.036	-1	Echolocation	192000	/home/adkris/Documents/mila-human-wav-txt/20220826_070000.WAV
307	Waveform 1	1	1694.218500000	1694.226900000	52109.000	55595.000	HF	1694.2211	52500.0	52800.00000000001	9.20376797314011	Pipistrellus pygmaeus	0.057	0.066	-1	Echolocation	192000	/home/adkris/Documents/mila-human-wav-txt/20220826_070000.WAV
307	Spectrogram 1	1	1694.218500000	1694.226900000	52109.000	55595.000	HF	1694.2211	52500.0	52800.00000000001	9.20376797314011	Pipistrellus pygmaeus	0.057	0.066	-1	Echolocation	192000	/home/adkris/Documents/mila-human-wav-txt/20220826_070000.WAV
308	Waveform 1	1	1694.323500000	1694.330200000	31484.000	48047.000	HF	1694.3289666666667	45000.0	42240.0	5.970084867225961	Myotis brandtii	0.01	0.027	-1	Echolocation	192000	/home/adkris/Documents/mila-human-wav-txt/20220826_070000.WAV
308	Spectrogram 1	1	1694.323500000	1694.330200000	31484.000	48047.000	HF	1694.3289666666667	45000.0	42240.0	5.970084867225961	Myotis brandtii	0.01	0.027	-1	Echolocation	192000	/home/adkris/Documents/mila-human-wav-txt/20220826_070000.WAV
309	Waveform 1	1	1694.634500000	1694.641500000	53828.000	58862.000	HF	1694.635	54000.0	53760.00000000001	7.907911720379542	Pipistrellus pygmaeus	0.102	0.105	-1	Echolocation	192000	/home/adkris/Documents/mila-human-wav-txt/20220826_070000.WAV
309	Spectrogram 1	1	1694.634500000	1694.641500000	53828.000	58862.000	HF	1694.635	54000.0	53760.00000000001	7.907911720379542	Pipistrellus pygmaeus	0.102	0.105	-1	Echolocation	192000	/home/adkris/Documents/mila-human-wav-txt/20220826_070000.WAV
310	Waveform 1	1	1694.927500000	1694.934900000	52968.000	58930.000	HF	1694.929933333333	52500.0	52800.00000000001	8.326823087272912	Pipistrellus pygmaeus	0.054	0.06	-1	Echolocation	192000	/home/adkris/Documents/mila-human-wav-txt/20220826_070000.WAV
310	Spectrogram 1	1	1694.927500000	1694.934900000	52968.000	58930.000	HF	1694.929933333333	52500.0	52800.00000000001	8.326823087272912	Pipistrellus pygmaeus	0.054	0.06	-1	Echolocation	192000	/home/adkris/Documents/mila-human-wav-txt/20220826_070000.WAV
311	Waveform 1	1	1695.030500000	1695.036300000	30625.000	57780.000	HF	1695.0357	45000.0	45120.0	13.965962844822752	Myotis brandtii	0.012	0.028	-1	Echolocation	192000	/home/adkris/Documents/mila-human-wav-txt/20220826_070000.WAV
311	Spectrogram 1	1	1695.030500000	1695.036300000	30625.000	57780.000	HF	1695.0357	45000.0	45120.0	13.965962844822752	Myotis brandtii	0.012	0.028	-1	Echolocation	192000	/home/adkris/Documents/mila-human-wav-txt/20220826_070000.WAV
312	Waveform 1	1	1695.480500000	1695.487200000	48671.000	57281.000	HF	1695.4859666666666	47250.0	48960.0	11.77436515843544	Pipistrellus pipistrellus	0.027	0.046	-1	Echolocation	192000	/home/adkris/Documents/mila-human-wav-txt/20220826_070000.WAV
312	Spectrogram 1	1	1695.480500000	1695.487200000	48671.000	57281.000	HF	1695.4859666666666	47250.0	48960.0	11.77436515843544	Pipistrellus pipistrellus	0.027	0.046	-1	Echolocation	192000	/home/adkris/Documents/mila-human-wav-txt/20220826_070000.WAV
313	Waveform 1	1	1695.716500000	1695.723600000	49531.000	55023.000	HF	1695.7215666666666	48000.0	48960.0	12.684288957579785	Pipistrellus pipistrellus	0.025	0.038	-1	Echolocation	192000	/home/adkris/Documents/mila-human-wav-txt/20220826_070000.WAV
313	Spectrogram 1	1	1695.716500000	1695.723600000	49531.000	55023.000	HF	1695.7215666666666	48000.0	48960.0	12.684288957579785	Pipistrellus pipistrellus	0.025	0.038	-1	Echolocation	192000	/home/adkris/Documents/mila-human-wav-txt/20220826_070000.WAV
314	Waveform 1	1	1695.934500000	1695.946400000	38359.000	44531.000	HF	1695.9429333333333	40500.0	40320.0	6.378479319831061	Pipistrellus nathusii	0.119	0.14	-1	Echolocation	192000	/home/adkris/Documents/mila-human-wav-txt/20220826_070000.WAV
314	Spectrogram 1	1	1695.934500000	1695.946400000	38359.000	44531.000	HF	1695.9429333333333	40500.0	40320.0	6.378479319831061	Pipistrellus nathusii	0.119	0.14	-1	Echolocation	192000	/home/adkris/Documents/mila-human-wav-txt/20220826_070000.WAV
315	Waveform 1	1	1696.788500000	1696.797600000	40078.000	52848.000	HF	1696.7904	45000.0	45120.0	6.397366251970796	Pipistrellus nathusii	0.086	0.141	-1	Echolocation	192000	/home/adkris/Documents/mila-human-wav-txt/20220826_070000.WAV
315	Spectrogram 1	1	1696.788500000	1696.797600000	40078.000	52848.000	HF	1696.7904	45000.0	45120.0	6.397366251970796	Pipistrellus nathusii	0.086	0.141	-1	Echolocation	192000	/home/adkris/Documents/mila-human-wav-txt/20220826_070000.WAV
316	Waveform 1	1	1696.977500000	1696.986900000	40078.000	49952.000	HF	1696.9849333333334	42000.0	42240.0	6.340148310449617	Pipistrellus nathusii	0.111	0.163	-1	Echolocation	192000	/home/adkris/Documents/mila-human-wav-txt/20220826_070000.WAV
316	Spectrogram 1	1	1696.977500000	1696.986900000	40078.000	49952.000	HF	1696.9849333333334	42000.0	42240.0	6.340148310449617	Pipistrellus nathusii	0.111	0.163	-1	Echolocation	192000	/home/adkris/Documents/mila-human-wav-txt/20220826_070000.WAV
317	Waveform 1	1	1697.400500000	1697.410900000	39218.000	50292.000	HF	1697.4034333333334	43500.0	41280.0	6.8672611463143385	Pipistrellus nathusii	0.093	0.126	-1	Echolocation	192000	/home/adkris/Documents/mila-human-wav-txt/20220826_070000.WAV
317	Spectrogram 1	1	1697.400500000	1697.410900000	39218.000	50292.000	HF	1697.4034333333334	43500.0	41280.0	6.8672611463143385	Pipistrellus nathusii	0.093	0.126	-1	Echolocation	192000	/home/adkris/Documents/mila-human-wav-txt/20220826_070000.WAV
318	Waveform 1	1	1703.733500000	1703.739800000	37500.000	50813.000	HF	1703.737033333333	43500.0	44160.0	6.5785216000321896	Myotis brandtii	0.025	0.077	-1	Echolocation	192000	/home/adkris/Documents/mila-human-wav-txt/20220826_070000.WAV
318	Spectrogram 1	1	1703.733500000	1703.739800000	37500.000	50813.000	HF	1703.737033333333	43500.0	44160.0	6.5785216000321896	Myotis brandtii	0.025	0.077	-1	Echolocation	192000	/home/adkris/Documents/mila-human-wav-txt/20220826_070000.WAV
319	Waveform 1	1	1704.627500000	1704.633700000	31484.000	53081.000	HF	1704.633466666667	50250.0	47040.0	8.097788990009851	Myotis brandtii	0.011	0.025	-1	Echolocation	192000	/home/adkris/Documents/mila-human-wav-txt/20220826_070000.WAV
319	Spectrogram 1	1	1704.627500000	1704.633700000	31484.000	53081.000	HF	1704.633466666667	50250.0	47040.0	8.097788990009851	Myotis brandtii	0.011	0.025	-1	Echolocation	192000	/home/adkris/Documents/mila-human-wav-txt/20220826_070000.WAV
320	Waveform 1	1	1705.068500000	1705.074900000	46953.000	55939.000	HF	1705.0696	48000.0	48000.0	18.40616025369692	Pipistrellus pipistrellus	0.04	0.059	-1	Echolocation	192000	/home/adkris/Documents/mila-human-wav-txt/20220826_070000.WAV
320	Spectrogram 1	1	1705.068500000	1705.074900000	46953.000	55939.000	HF	1705.0696	48000.0	48000.0	18.40616025369692	Pipistrellus pipistrellus	0.04	0.059	-1	Echolocation	192000	/home/adkris/Documents/mila-human-wav-txt/20220826_070000.WAV
321	Waveform 1	1	1705.364500000	1705.370500000	29765.000	51125.000	HF	1705.366	45000.0	45120.0	5.238522030308337	Barbastellus barbastellus	0.01	0.039	-1	Echolocation	192000	/home/adkris/Documents/mila-human-wav-txt/20220826_070000.WAV
321	Spectrogram 1	1	1705.364500000	1705.370500000	29765.000	51125.000	HF	1705.366	45000.0	45120.0	5.238522030308337	Barbastellus barbastellus	0.01	0.039	-1	Echolocation	192000	/home/adkris/Documents/mila-human-wav-txt/20220826_070000.WAV
322	Waveform 1	1	1705.592500000	1705.598000000	30625.000	52309.000	HF	1705.598	44250.0	44160.0	13.85630163533066	Myotis bechsteinii	0.01	0.029	-1	Echolocation	192000	/home/adkris/Documents/mila-human-wav-txt/20220826_070000.WAV
322	Spectrogram 1	1	1705.592500000	1705.598000000	30625.000	52309.000	HF	1705.598	44250.0	44160.0	13.85630163533066	Myotis bechsteinii	0.01	0.029	-1	Echolocation	192000	/home/adkris/Documents/mila-human-wav-txt/20220826_070000.WAV
323	Waveform 1	1	1705.814500000	1705.821200000	50390.000	56015.000	HF	1705.8199666666667	49500.0	48960.0	15.187264818052157	Pipistrellus pipistrellus	0.031	0.053	-1	Echolocation	192000	/home/adkris/Documents/mila-human-wav-txt/20220826_070000.WAV
323	Spectrogram 1	1	1705.814500000	1705.821200000	50390.000	56015.000	HF	1705.8199666666667	49500.0	48960.0	15.187264818052157	Pipistrellus pipistrellus	0.031	0.053	-1	Echolocation	192000	/home/adkris/Documents/mila-human-wav-txt/20220826_070000.WAV
324	Waveform 1	1	1706.222500000	1706.230300000	52968.000	58000.000	HF	1706.2268666666666	51750.0	51840.0	9.73820832127946	Pipistrellus pygmaeus	0.1	0.102	-1	Echolocation	192000	/home/adkris/Documents/mila-human-wav-txt/20220826_070000.WAV
324	Spectrogram 1	1	1706.222500000	1706.230300000	52968.000	58000.000	HF	1706.2268666666666	51750.0	51840.0	9.73820832127946	Pipistrellus pygmaeus	0.1	0.102	-1	Echolocation	192000	/home/adkris/Documents/mila-human-wav-txt/20220826_070000.WAV
325	Waveform 1	1	1706.321500000	1706.329900000	53828.000	60743.000	HF	1706.3241	54000.0	52800.00000000001	8.93085747874498	Pipistrellus pygmaeus	0.093	0.098	-1	Echolocation	192000	/home/adkris/Documents/mila-human-wav-txt/20220826_070000.WAV
325	Spectrogram 1	1	1706.321500000	1706.329900000	53828.000	60743.000	HF	1706.3241	54000.0	52800.00000000001	8.93085747874498	Pipistrellus pygmaeus	0.093	0.098	-1	Echolocation	192000	/home/adkris/Documents/mila-human-wav-txt/20220826_070000.WAV
326	Waveform 1	1	1706.532500000	1706.539800000	55546.000	62580.000	HF	1706.5362	57000.0	53760.00000000001	5.461997503477143	Pipistrellus pygmaeus	0.054	0.055	-1	Echolocation	192000	/home/adkris/Documents/mila-human-wav-txt/20220826_070000.WAV
326	Spectrogram 1	1	1706.532500000	1706.539800000	55546.000	62580.000	HF	1706.5362	57000.0	53760.00000000001	5.461997503477143	Pipistrellus pygmaeus	0.054	0.055	-1	Echolocation	192000	/home/adkris/Documents/mila-human-wav-txt/20220826_070000.WAV
327	Waveform 1	1	1707.060500000	1707.067400000	52968.000	58822.000	HF	1707.0646	51000.0	52800.00000000001	10.652457367336972	Pipistrellus pygmaeus	0.047	0.055	-1	Echolocation	192000	/home/adkris/Documents/mila-human-wav-txt/20220826_070000.WAV
327	Spectrogram 1	1	1707.060500000	1707.067400000	52968.000	58822.000	HF	1707.0646	51000.0	52800.00000000001	10.652457367336972	Pipistrellus pygmaeus	0.047	0.055	-1	Echolocation	192000	/home/adkris/Documents/mila-human-wav-txt/20220826_070000.WAV
328	Waveform 1	1	1707.279500000	1707.286100000	30625.000	52265.000	HF	1707.2850666666666	47250.0	47040.0	14.973723675747063	Myotis bechsteinii	0.009	0.027	-1	Echolocation	192000	/home/adkris/Documents/mila-human-wav-txt/20220826_070000.WAV
328	Spectrogram 1	1	1707.279500000	1707.286100000	30625.000	52265.000	HF	1707.2850666666666	47250.0	47040.0	14.973723675747063	Myotis bechsteinii	0.009	0.027	-1	Echolocation	192000	/home/adkris/Documents/mila-human-wav-txt/20220826_070000.WAV
329	Waveform 1	1	1707.357500000	1707.364000000	32343.000	51434.000	HF	1707.3631666666668	45000.0	44160.0	15.586032862230416	Myotis brandtii	0.009	0.024	-1	Echolocation	192000	/home/adkris/Documents/mila-human-wav-txt/20220826_070000.WAV
329	Spectrogram 1	1	1707.357500000	1707.364000000	32343.000	51434.000	HF	1707.3631666666668	45000.0	44160.0	15.586032862230416	Myotis brandtii	0.009	0.024	-1	Echolocation	192000	/home/adkris/Documents/mila-human-wav-txt/20220826_070000.WAV
330	Waveform 1	1	1707.432500000	1707.439200000	50390.000	57622.000	HF	1707.4368	52500.0	48960.0	14.97651313331288	Pipistrellus pipistrellus	0.029	0.052	-1	Echolocation	192000	/home/adkris/Documents/mila-human-wav-txt/20220826_070000.WAV
330	Spectrogram 1	1	1707.432500000	1707.439200000	50390.000	57622.000	HF	1707.4368	52500.0	48960.0	14.97651313331288	Pipistrellus pipistrellus	0.029	0.052	-1	Echolocation	192000	/home/adkris/Documents/mila-human-wav-txt/20220826_070000.WAV
331	Waveform 1	1	1707.511500000	1707.517700000	49531.000	53924.000	HF	1707.517466666667	48750.0	48000.0	12.383337605064485	Pipistrellus pipistrellus	0.03	0.056	-1	Echolocation	192000	/home/adkris/Documents/mila-human-wav-txt/20220826_070000.WAV
331	Spectrogram 1	1	1707.511500000	1707.517700000	49531.000	53924.000	HF	1707.517466666667	48750.0	48000.0	12.383337605064485	Pipistrellus pipistrellus	0.03	0.056	-1	Echolocation	192000	/home/adkris/Documents/mila-human-wav-txt/20220826_070000.WAV
332	Waveform 1	1	1707.671500000	1707.678600000	53828.000	60711.000	HF	1707.6742333333334	52500.0	54719.99999999999	5.9708582686844025	Pipistrellus pygmaeus	0.033	0.035	-1	Echolocation	192000	/home/adkris/Documents/mila-human-wav-txt/20220826_070000.WAV
332	Spectrogram 1	1	1707.671500000	1707.678600000	53828.000	60711.000	HF	1707.6742333333334	52500.0	54719.99999999999	5.9708582686844025	Pipistrellus pygmaeus	0.033	0.035	-1	Echolocation	192000	/home/adkris/Documents/mila-human-wav-txt/20220826_070000.WAV
333	Waveform 1	1	1708.428500000	1708.437200000	54687.000	59764.000	HF	1708.4319666666668	55500.0	55679.99999999999	10.572371187431193	Pipistrellus pygmaeus	0.042	0.044	-1	Echolocation	192000	/home/adkris/Documents/mila-human-wav-txt/20220826_070000.WAV
333	Spectrogram 1	1	1708.428500000	1708.437200000	54687.000	59764.000	HF	1708.4319666666668	55500.0	55679.99999999999	10.572371187431193	Pipistrellus pygmaeus	0.042	0.044	-1	Echolocation	192000	/home/adkris/Documents/mila-human-wav-txt/20220826_070000.WAV
334	Waveform 1	1	1710.187500000	1710.198300000	38359.000	50964.000	HF	1710.193533333333	41250.0	41280.0	9.331197978558922	Pipistrellus nathusii	0.115	0.19	-1	Echolocation	192000	/home/adkris/Documents/mila-human-wav-txt/20220826_070000.WAV
334	Spectrogram 1	1	1710.187500000	1710.198300000	38359.000	50964.000	HF	1710.193533333333	41250.0	41280.0	9.331197978558922	Pipistrellus nathusii	0.115	0.19	-1	Echolocation	192000	/home/adkris/Documents/mila-human-wav-txt/20220826_070000.WAV
335	Waveform 1	1	1710.484500000	1710.496900000	41796.000	46787.000	HF	1710.4936	43500.0	43200.0	7.668819329550231	Pipistrellus nathusii	0.054	0.069	-1	Echolocation	192000	/home/adkris/Documents/mila-human-wav-txt/20220826_070000.WAV
335	Spectrogram 1	1	1710.484500000	1710.496900000	41796.000	46787.000	HF	1710.4936	43500.0	43200.0	7.668819329550231	Pipistrellus nathusii	0.054	0.069	-1	Echolocation	192000	/home/adkris/Documents/mila-human-wav-txt/20220826_070000.WAV
336	Waveform 1	1	1710.651500000	1710.660900000	39218.000	51213.000	HF	1710.6577666666667	45750.0	45120.0	5.7908369916154445	Pipistrellus nathusii	0.048	0.083	-1	Echolocation	192000	/home/adkris/Documents/mila-human-wav-txt/20220826_070000.WAV
336	Spectrogram 1	1	1710.651500000	1710.660900000	39218.000	51213.000	HF	1710.6577666666667	45750.0	45120.0	5.7908369916154445	Pipistrellus nathusii	0.048	0.083	-1	Echolocation	192000	/home/adkris/Documents/mila-human-wav-txt/20220826_070000.WAV
337	Waveform 1	1	1711.227500000	1711.239900000	40078.000	46858.000	HF	1711.2342666666666	45000.0	45120.0	6.045719391029656	Pipistrellus nathusii	0.149	0.176	-1	Echolocation	192000	/home/adkris/Documents/mila-human-wav-txt/20220826_070000.WAV
337	Spectrogram 1	1	1711.227500000	1711.239900000	40078.000	46858.000	HF	1711.2342666666666	45000.0	45120.0	6.045719391029656	Pipistrellus nathusii	0.149	0.176	-1	Echolocation	192000	/home/adkris/Documents/mila-human-wav-txt/20220826_070000.WAV
338	Waveform 1	1	1711.661500000	1711.672400000	37500.000	43872.000	HF	1711.6651	38250.0	40320.0	5.609150893157353	Pipistrellus nathusii	0.082	0.104	-1	Echolocation	192000	/home/adkris/Documents/mila-human-wav-txt/20220826_070000.WAV
338	Spectrogram 1	1	1711.661500000	1711.672400000	37500.000	43872.000	HF	1711.6651	38250.0	40320.0	5.609150893157353	Pipistrellus nathusii	0.082	0.104	-1	Echolocation	192000	/home/adkris/Documents/mila-human-wav-txt/20220826_070000.WAV
339	Waveform 1	1	1739.840500000	1739.846500000	35781.000	62022.000	HF	1739.8455	53250.0	48000.0	5.244081208929725	Myotis bechsteinii	0.01	0.027	-1	Echolocation	192000	/home/adkris/Documents/mila-human-wav-txt/20220826_070000.WAV
339	Spectrogram 1	1	1739.840500000	1739.846500000	35781.000	62022.000	HF	1739.8455	53250.0	48000.0	5.244081208929725	Myotis bechsteinii	0.01	0.027	-1	Echolocation	192000	/home/adkris/Documents/mila-human-wav-txt/20220826_070000.WAV
340	Waveform 1	1	1742.272500000	1742.280000000	54687.000	64021.000	HF	1742.2748333333334	54750.0	54719.99999999999	8.838842040362223	Pipistrellus pygmaeus	0.027	0.029	-1	Echolocation	192000	/home/adkris/Documents/mila-human-wav-txt/20220826_070000.WAV
340	Spectrogram 1	1	1742.272500000	1742.280000000	54687.000	64021.000	HF	1742.2748333333334	54750.0	54719.99999999999	8.838842040362223	Pipistrellus pygmaeus	0.027	0.029	-1	Echolocation	192000	/home/adkris/Documents/mila-human-wav-txt/20220826_070000.WAV
341	Waveform 1	1	1745.632500000	1745.639500000	57265.000	63275.000	HF	1745.6341666666667	57750.0	56640.0	8.127295664898412	Pipistrellus pygmaeus	0.035	0.036	-1	Echolocation	192000	/home/adkris/Documents/mila-human-wav-txt/20220826_070000.WAV
341	Spectrogram 1	1	1745.632500000	1745.639500000	57265.000	63275.000	HF	1745.6341666666667	57750.0	56640.0	8.127295664898412	Pipistrellus pygmaeus	0.035	0.036	-1	Echolocation	192000	/home/adkris/Documents/mila-human-wav-txt/20220826_070000.WAV
342	Waveform 1	1	1745.828500000	1745.838000000	40078.000	48919.000	HF	1745.838166666667	50250.0	48960.0	12.345778684519155	Pipistrellus nathusii	0.096	0.127	-1	Echolocation	192000	/home/adkris/Documents/mila-human-wav-txt/20220826_070000.WAV
342	Spectrogram 1	1	1745.828500000	1745.838000000	40078.000	48919.000	HF	1745.838166666667	50250.0	48960.0	12.345778684519155	Pipistrellus nathusii	0.096	0.127	-1	Echolocation	192000	/home/adkris/Documents/mila-human-wav-txt/20220826_070000.WAV
343	Waveform 1	1	1746.168500000	1746.177400000	55546.000	63142.000	HF	1746.1717666666666	56250.0	55679.99999999999	10.045728454537372	Pipistrellus pygmaeus	0.025	0.027	-1	Echolocation	192000	/home/adkris/Documents/mila-human-wav-txt/20220826_070000.WAV
343	Spectrogram 1	1	1746.168500000	1746.177400000	55546.000	63142.000	HF	1746.1717666666666	56250.0	55679.99999999999	10.045728454537372	Pipistrellus pygmaeus	0.025	0.027	-1	Echolocation	192000	/home/adkris/Documents/mila-human-wav-txt/20220826_070000.WAV
344	Waveform 1	1	1746.460500000	1746.467900000	27187.000	45021.000	LF	1746.4641	43500.0	43200.0	6.152998285965097	Eptesicus serotinus	0.007	0.027	-1	Echolocation	192000	/home/adkris/Documents/mila-human-wav-txt/20220826_070000.WAV
344	Spectrogram 1	1	1746.460500000	1746.467900000	27187.000	45021.000	LF	1746.4641	43500.0	43200.0	6.152998285965097	Eptesicus serotinus	0.007	0.027	-1	Echolocation	192000	/home/adkris/Documents/mila-human-wav-txt/20220826_070000.WAV
345	Waveform 1	1	1746.513500000	1746.519000000	34062.000	68750.000	HF	1746.5166666666669	48750.0	48960.0	6.062707349561753	Myotis brandtii	0.011	0.029	-1	Echolocation	192000	/home/adkris/Documents/mila-human-wav-txt/20220826_070000.WAV
345	Spectrogram 1	1	1746.513500000	1746.519000000	34062.000	68750.000	HF	1746.5166666666669	48750.0	48960.0	6.062707349561753	Myotis brandtii	0.011	0.029	-1	Echolocation	192000	/home/adkris/Documents/mila-human-wav-txt/20220826_070000.WAV
346	Waveform 1	1	1756.128500000	1756.152600000	65000.000	73370.000	HF	1756.1294	65250.0	65280.00000000001	11.344636253321156	Rhinolophus ferrumequinum	0.035	0.04	-1	Echolocation	192000	/home/adkris/Documents/mila-human-wav-txt/20220826_070000.WAV
346	Spectrogram 1	1	1756.128500000	1756.152600000	65000.000	73370.000	HF	1756.1294	65250.0	65280.00000000001	11.344636253321156	Rhinolophus ferrumequinum	0.035	0.04	-1	Echolocation	192000	/home/adkris/Documents/mila-human-wav-txt/20220826_070000.WAV
347	Waveform 1	1	1757.063500000	1757.070000000	58125.000	65620.000	HF	1757.0645	59250.0	60480.0	7.819007727468454	Pipistrellus pygmaeus	0.053	0.055	-1	Echolocation	192000	/home/adkris/Documents/mila-human-wav-txt/20220826_070000.WAV
347	Spectrogram 1	1	1757.063500000	1757.070000000	58125.000	65620.000	HF	1757.0645	59250.0	60480.0	7.819007727468454	Pipistrellus pygmaeus	0.053	0.055	-1	Echolocation	192000	/home/adkris/Documents/mila-human-wav-txt/20220826_070000.WAV
348	Waveform 1	1	1765.007500000	1765.012700000	33203.000	74443.000	HF	1765.0121333333334	48000.0	48000.0	13.885598491118692	Myotis bechsteinii	0.011	0.032	-1	Echolocation	192000	/home/adkris/Documents/mila-human-wav-txt/20220826_070000.WAV
348	Spectrogram 1	1	1765.007500000	1765.012700000	33203.000	74443.000	HF	1765.0121333333334	48000.0	48000.0	13.885598491118692	Myotis bechsteinii	0.011	0.032	-1	Echolocation	192000	/home/adkris/Documents/mila-human-wav-txt/20220826_070000.WAV
349	Waveform 1	1	1768.283500000	1768.290800000	28046.000	42145.000	LF	1768.2907	41250.0	42240.0	5.141977578824043	Eptesicus serotinus	0.007	0.023	-1	Echolocation	192000	/home/adkris/Documents/mila-human-wav-txt/20220826_070000.WAV
349	Spectrogram 1	1	1768.283500000	1768.290800000	28046.000	42145.000	LF	1768.2907	41250.0	42240.0	5.141977578824043	Eptesicus serotinus	0.007	0.023	-1	Echolocation	192000	/home/adkris/Documents/mila-human-wav-txt/20220826_070000.WAV
350	Waveform 1	1	1775.767500000	1775.773900000	27187.000	53540.000	HF	1775.7697666666666	22500.0	46080.0	6.346186554464028	Myotis daubentonii	0.009	0.027	-1	Echolocation	192000	/home/adkris/Documents/mila-human-wav-txt/20220826_070000.WAV
350	Spectrogram 1	1	1775.767500000	1775.773900000	27187.000	53540.000	HF	1775.7697666666666	22500.0	46080.0	6.346186554464028	Myotis daubentonii	0.009	0.027	-1	Echolocation	192000	/home/adkris/Documents/mila-human-wav-txt/20220826_070000.WAV
351	Waveform 1	1	1776.467500000	1776.474200000	28046.000	46282.000	HF	1776.4741333333334	43500.0	44160.0	6.836744185655201	Myotis daubentonii	0.016	0.032	-1	Echolocation	192000	/home/adkris/Documents/mila-human-wav-txt/20220826_070000.WAV
351	Spectrogram 1	1	1776.467500000	1776.474200000	28046.000	46282.000	HF	1776.4741333333334	43500.0	44160.0	6.836744185655201	Myotis daubentonii	0.016	0.032	-1	Echolocation	192000	/home/adkris/Documents/mila-human-wav-txt/20220826_070000.WAV
352	Waveform 1	1	1776.660500000	1776.666700000	28906.000	49314.000	HF	1776.6664666666666	42000.0	42240.0	7.897088246085016	Myotis daubentonii	0.012	0.024	-1	Echolocation	192000	/home/adkris/Documents/mila-human-wav-txt/20220826_070000.WAV
352	Spectrogram 1	1	1776.660500000	1776.666700000	28906.000	49314.000	HF	1776.6664666666666	42000.0	42240.0	7.897088246085016	Myotis daubentonii	0.012	0.024	-1	Echolocation	192000	/home/adkris/Documents/mila-human-wav-txt/20220826_070000.WAV
353	Waveform 1	1	1788.212500000	1788.219700000	29765.000	41499.000	LF	1788.2174666666667	40500.0	40320.0	6.420729787133155	Myotis daubentonii	0.008	0.026	-1	Echolocation	192000	/home/adkris/Documents/mila-human-wav-txt/20220826_070000.WAV
353	Spectrogram 1	1	1788.212500000	1788.219700000	29765.000	41499.000	LF	1788.2174666666667	40500.0	40320.0	6.420729787133155	Myotis daubentonii	0.008	0.026	-1	Echolocation	192000	/home/adkris/Documents/mila-human-wav-txt/20220826_070000.WAV
