Manually-Verified Phonic Group	peak_frequency_time_SPECTROGRAM	peak_frequency_SPECTROGRAM	peak_frequency_WELCH	SNR	Begin Time (s)	End Time (s)	Low Freq (Hz)	High Freq (Hz)	class	class_prob	det_prob	individual	Annotation	sampling_rate	input_file	Selection	View	Channel
HF	1.7329	47250.0	47040.0	3.57042163371621	1.7295	1.7371	46953	51351	Pipistrellus pipistrellus	0.388	0.428	-1	Echolocation	192000	/home/adkris/Documents/mila-human-wav-txt/20220826_070000.WAV	1	Waveform 1	1
HF	3.773733333333334	46500.0	46080.0	6.879404199032511	3.7705	3.7771	45234	54096	Pipistrellus pipistrellus	0.466	0.512	-1	Echolocation	192000	/home/adkris/Documents/mila-human-wav-txt/20220826_070000.WAV	2	Waveform 1	1
HF	4.166333333333332	48000.0	48000.0	3.4636463658013983	4.1625	4.1685	45234	59329	Pipistrellus pipistrellus	0.218	0.312	-1	Echolocation	192000	/home/adkris/Documents/mila-human-wav-txt/20220826_070000.WAV	3	Waveform 1	1
HF	4.444933333333332	52500.0	51840.0	8.891129956720473	4.4415	4.4479	52109	59097	Pipistrellus pipistrellus	0.02	0.037	-1	Echolocation	192000	/home/adkris/Documents/mila-human-wav-txt/20220826_070000.WAV	4	Waveform 1	1
HF	4.576766666666667	48750.0	48960.0	12.421702178090792	4.5735	4.5789	44375	59685	Pipistrellus pipistrellus	0.324	0.446	-1	Echolocation	192000	/home/adkris/Documents/mila-human-wav-txt/20220826_070000.WAV	5	Waveform 1	1
HF	4.710766666666665	51750.0	51840.0	12.128914408508468	4.7075	4.7129	45234	65641	Pipistrellus pipistrellus	0.284	0.408	-1	Echolocation	192000	/home/adkris/Documents/mila-human-wav-txt/20220826_070000.WAV	6	Waveform 1	1
HF	4.8527	54000.0	53760.00000000001	16.070444925845464	4.8505	4.8558	45234	62030	Pipistrellus pipistrellus	0.427	0.524	-1	Echolocation	192000	/home/adkris/Documents/mila-human-wav-txt/20220826_070000.WAV	7	Waveform 1	1
HF	5.154633333333333	50250.0	48000.0	8.709493726322197	5.1505	5.1562	33203	74284	Myotis mystacinus	0.011	0.023	-1	Echolocation	192000	/home/adkris/Documents/mila-human-wav-txt/20220826_070000.WAV	8	Waveform 1	1
HF	5.2758666666666665	48000.0	52800.00000000001	8.885770107561884	5.2725	5.2778	46093	61346	Pipistrellus pipistrellus	0.563	0.629	-1	Echolocation	192000	/home/adkris/Documents/mila-human-wav-txt/20220826_070000.WAV	9	Waveform 1	1
HF	5.4246	54000.0	52800.00000000001	12.765737449736818	5.4225	5.4279	47812	60207	Pipistrellus pipistrellus	0.342	0.417	-1	Echolocation	192000	/home/adkris/Documents/mila-human-wav-txt/20220826_070000.WAV	10	Waveform 1	1
HF	5.515866666666666	55500.0	51840.0	9.414422117880203	5.5135	5.5198	50390	57852	Pipistrellus pipistrellus	0.359	0.418	-1	Echolocation	192000	/home/adkris/Documents/mila-human-wav-txt/20220826_070000.WAV	11	Waveform 1	1
HF	5.648766666666667	48750.0	48960.0	8.277214867935648	5.6455	5.6509	46953	56683	Pipistrellus pipistrellus	0.393	0.41	-1	Echolocation	192000	/home/adkris/Documents/mila-human-wav-txt/20220826_070000.WAV	12	Waveform 1	1
HF	5.926133333333333	46500.0	46080.0	3.8761202640736823	5.9215	5.9267	34921	71559	Myotis mystacinus	0.012	0.023	-1	Echolocation	192000	/home/adkris/Documents/mila-human-wav-txt/20220826_070000.WAV	13	Waveform 1	1
HF	6.222766666666666	45750.0	46080.0	2.5106105555850364	6.2185	6.2264	44375	57292	Pipistrellus pipistrellus	0.125	0.203	-1	Echolocation	192000	/home/adkris/Documents/mila-human-wav-txt/20220826_070000.WAV	14	Waveform 1	1
HF	7.254466666666667	48000.0	48960.0	3.308504181941165	7.2515	7.2572	37500	64690	Myotis brandtii	0.009	0.025	-1	Echolocation	192000	/home/adkris/Documents/mila-human-wav-txt/20220826_070000.WAV	15	Waveform 1	1
HF	8.286066666666667	40500.0	40320.0	4.727553591602637	8.2815	8.2891	38359	48021	Pipistrellus nathusii	0.471	0.594	-1	Echolocation	192000	/home/adkris/Documents/mila-human-wav-txt/20220826_070000.WAV	16	Waveform 1	1
HF	8.577966666666665	41250.0	41280.0	4.962142906974971	8.5735	8.5812	39218	47453	Pipistrellus nathusii	0.393	0.47	-1	Echolocation	192000	/home/adkris/Documents/mila-human-wav-txt/20220826_070000.WAV	17	Waveform 1	1
HF	8.778499999999998	41250.0	40320.0	2.5402033748733848	8.7755	8.7835	38359	44413	Pipistrellus nathusii	0.211	0.283	-1	Echolocation	192000	/home/adkris/Documents/mila-human-wav-txt/20220826_070000.WAV	18	Waveform 1	1
HF	8.874733333333333	41250.0	41280.0	1.4039071670441006	8.8705	8.8796	39218	46194	Pipistrellus nathusii	0.428	0.495	-1	Echolocation	192000	/home/adkris/Documents/mila-human-wav-txt/20220826_070000.WAV	19	Waveform 1	1
HF	9.065533333333333	41250.0	41280.0	3.0348557741171485	9.0605	9.0688	40078	47781	Pipistrellus nathusii	0.309	0.362	-1	Echolocation	192000	/home/adkris/Documents/mila-human-wav-txt/20220826_070000.WAV	20	Waveform 1	1
HF	9.163199999999998	41250.0	40320.0	9.59146671235048	9.1595	9.1668	38359	48562	Pipistrellus nathusii	0.475	0.543	-1	Echolocation	192000	/home/adkris/Documents/mila-human-wav-txt/20220826_070000.WAV	21	Waveform 1	1
HF	9.213599999999998	44250.0	45120.0	1.7975263533507095	9.2105	9.2184	37500	49310	Pipistrellus nathusii	0.025	0.067	-1	Echolocation	192000	/home/adkris/Documents/mila-human-wav-txt/20220826_070000.WAV	22	Waveform 1	1
HF	9.342566666666668	41250.0	41280.0	6.163414107363296	9.3375	9.3446	39218	48591	Pipistrellus nathusii	0.284	0.374	-1	Echolocation	192000	/home/adkris/Documents/mila-human-wav-txt/20220826_070000.WAV	23	Waveform 1	1
HF	9.607033333333332	42750.0	40320.0	8.975467115222646	9.6025	9.6113	38359	49321	Pipistrellus nathusii	0.443	0.528	-1	Echolocation	192000	/home/adkris/Documents/mila-human-wav-txt/20220826_070000.WAV	24	Waveform 1	1
HF	9.80193333333333	39000.0	43200.0	4.765250516278451	9.7945	9.8039	36640	43970	Pipistrellus nathusii	0.068	0.146	-1	Echolocation	192000	/home/adkris/Documents/mila-human-wav-txt/20220826_070000.WAV	25	Waveform 1	1
HF	9.884366666666669	39750.0	41280.0	8.346901579993949	9.8805	9.8888	38359	49182	Pipistrellus nathusii	0.369	0.479	-1	Echolocation	192000	/home/adkris/Documents/mila-human-wav-txt/20220826_070000.WAV	26	Waveform 1	1
HF	10.124766666666668	41250.0	41280.0	9.344992172244488	10.1205	10.1284	39218	45357	Pipistrellus nathusii	0.403	0.454	-1	Echolocation	192000	/home/adkris/Documents/mila-human-wav-txt/20220826_070000.WAV	27	Waveform 1	1
HF	10.215766666666664	41250.0	41280.0	8.928716396818544	10.2105	10.2209	38359	48682	Pipistrellus nathusii	0.236	0.336	-1	Echolocation	192000	/home/adkris/Documents/mila-human-wav-txt/20220826_070000.WAV	28	Waveform 1	1
HF	10.491833333333332	41250.0	39360.0	3.488090637317317	10.4895	10.5005	37500	43089	Pipistrellus nathusii	0.181	0.257	-1	Echolocation	192000	/home/adkris/Documents/mila-human-wav-txt/20220826_070000.WAV	29	Waveform 1	1
HF	10.8699	39750.0	40320.0	3.814897045830289	10.8665	10.8741	38359	47741	Pipistrellus nathusii	0.446	0.477	-1	Echolocation	192000	/home/adkris/Documents/mila-human-wav-txt/20220826_070000.WAV	30	Waveform 1	1
LF	30.788266666666665	24750.0	24960.0	1.580215627910896	30.7805	30.7954	23750	29173	Nyctalus leisleri	0.026	0.071	-1	Echolocation	192000	/home/adkris/Documents/mila-human-wav-txt/20220826_070000.WAV	31	Waveform 1	1
HF	31.474233333333338	45750.0	46080.0	3.901125634528337	31.4725	31.4771	41796	61837	Myotis mystacinus	0.023	0.073	-1	Echolocation	192000	/home/adkris/Documents/mila-human-wav-txt/20220826_070000.WAV	32	Waveform 1	1
HF	31.574	54000.0	53760.00000000001	3.1338142604596575	31.5695	31.576	51250	57801	Pipistrellus pipistrellus	0.032	0.041	-1	Echolocation	192000	/home/adkris/Documents/mila-human-wav-txt/20220826_070000.WAV	33	Waveform 1	1
HF	31.6761	54000.0	45120.0	2.094401191511464	31.6735	31.6784	37500	60606	Myotis bechsteinii	0.009	0.027	-1	Echolocation	192000	/home/adkris/Documents/mila-human-wav-txt/20220826_070000.WAV	34	Waveform 1	1
LF	31.769033333333333	24750.0	24960.0	1.2320027773987554	31.7585	31.7753	24609	29107	Nyctalus leisleri	0.103	0.242	-1	Echolocation	192000	/home/adkris/Documents/mila-human-wav-txt/20220826_070000.WAV	35	Waveform 1	1
HF	31.780766666666665	56250.0	52800.00000000001	5.642220733497067	31.7765	31.7844	52109	59220	Pipistrellus pygmaeus	0.029	0.06	-1	Echolocation	192000	/home/adkris/Documents/mila-human-wav-txt/20220826_070000.WAV	36	Waveform 1	1
HF	31.89143333333333	52500.0	52800.00000000001	5.3539897612163045	31.8875	31.8934	51250	59464	Pipistrellus pipistrellus	0.108	0.188	-1	Echolocation	192000	/home/adkris/Documents/mila-human-wav-txt/20220826_070000.WAV	37	Waveform 1	1
LF	32.1997	22500.0	23040.0	0.7811882273111583	32.1895	32.2008	23750	30161	Nyctalus leisleri	0.017	0.049	-1	Echolocation	192000	/home/adkris/Documents/mila-human-wav-txt/20220826_070000.WAV	38	Waveform 1	1
HF	32.407466666666664	53250.0	52800.00000000001	3.425227475189481	32.4045	32.4102	49531	57731	Pipistrellus pipistrellus	0.078	0.083	-1	Echolocation	192000	/home/adkris/Documents/mila-human-wav-txt/20220826_070000.WAV	39	Waveform 1	1
LF	32.6223	26250.0	25920.0	5.0335918714737975	32.6175	32.6342	24609	28640	Nyctalus leisleri	0.365	0.571	-1	Echolocation	192000	/home/adkris/Documents/mila-human-wav-txt/20220826_070000.WAV	40	Waveform 1	1
HF	32.6311	49500.0	48960.0	5.202418632244392	32.6285	32.6334	46953	59101	Pipistrellus pipistrellus	0.462	0.504	-1	Echolocation	192000	/home/adkris/Documents/mila-human-wav-txt/20220826_070000.WAV	41	Waveform 1	1
LF	33.09373333333333	25500.0	25920.0	3.8181958975563535	33.0855	33.1011	24609	28287	Nyctalus leisleri	0.215	0.37	-1	Echolocation	192000	/home/adkris/Documents/mila-human-wav-txt/20220826_070000.WAV	42	Waveform 1	1
LF	33.788466666666665	24000.0	24960.0	4.613169139673461	33.7805	33.7987	24609	28572	Nyctalus leisleri	0.118	0.226	-1	Echolocation	192000	/home/adkris/Documents/mila-human-wav-txt/20220826_070000.WAV	43	Waveform 1	1
LF	34.2221	24000.0	25920.0	2.106444185050079	34.2045	34.2224	24609	28639	Nyctalus leisleri	0.103	0.211	-1	Echolocation	192000	/home/adkris/Documents/mila-human-wav-txt/20220826_070000.WAV	44	Waveform 1	1
LF	34.652033333333335	24000.0	24960.0	2.959255500378444	34.6315	34.6523	23750	27664	Nyctalus leisleri	0.048	0.114	-1	Echolocation	192000	/home/adkris/Documents/mila-human-wav-txt/20220826_070000.WAV	45	Waveform 1	1
LF	35.4981	24000.0	24000.0	1.7814593522706978	35.4815	35.5004	24609	28846	Nyctalus leisleri	0.079	0.164	-1	Echolocation	192000	/home/adkris/Documents/mila-human-wav-txt/20220826_070000.WAV	46	Waveform 1	1
LF	35.670033333333336	24000.0	24000.0	3.977927782743567	35.6515	35.6708	23750	29076	Nyctalus leisleri	0.061	0.147	-1	Echolocation	192000	/home/adkris/Documents/mila-human-wav-txt/20220826_070000.WAV	47	Waveform 1	1
LF	35.91673333333333	26250.0	25920.0	9.152187528592378	35.9125	35.9321	25468	28460	Nyctalus leisleri	0.273	0.345	-1	Echolocation	192000	/home/adkris/Documents/mila-human-wav-txt/20220826_070000.WAV	48	Waveform 1	1
LF	36.790733333333336	25500.0	25920.0	8.441226737105625	36.7825	36.7981	24609	29404	Nyctalus leisleri	0.433	0.532	-1	Echolocation	192000	/home/adkris/Documents/mila-human-wav-txt/20220826_070000.WAV	49	Waveform 1	1
LF	37.039966666666665	24000.0	25920.0	12.88280686562903	37.0215	37.0432	24609	28610	Nyctalus leisleri	0.235	0.36	-1	Echolocation	192000	/home/adkris/Documents/mila-human-wav-txt/20220826_070000.WAV	50	Waveform 1	1
LF	37.12376666666667	24000.0	24000.0	1.824965959633423	37.1125	37.1309	23750	28446	Nyctalus leisleri	0.101	0.245	-1	Echolocation	192000	/home/adkris/Documents/mila-human-wav-txt/20220826_070000.WAV	51	Waveform 1	1
LF	37.32196666666667	24000.0	24000.0	9.806527739662602	37.3135	37.3277	23750	28005	Nyctalus leisleri	0.361	0.523	-1	Echolocation	192000	/home/adkris/Documents/mila-human-wav-txt/20220826_070000.WAV	52	Waveform 1	1
LF	37.638	24000.0	24000.0	4.010467869107613	37.6205	37.6385	23750	29345	Nyctalus leisleri	0.207	0.385	-1	Echolocation	192000	/home/adkris/Documents/mila-human-wav-txt/20220826_070000.WAV	53	Waveform 1	1
LF	37.9252	26250.0	25920.0	11.927846773276912	37.9195	37.9353	24609	28349	Nyctalus leisleri	0.371	0.564	-1	Echolocation	192000	/home/adkris/Documents/mila-human-wav-txt/20220826_070000.WAV	54	Waveform 1	1
LF	38.35756666666667	24000.0	24000.0	5.616123854570657	38.3505	38.3696	22890	28231	Nyctalus leisleri	0.234	0.392	-1	Echolocation	192000	/home/adkris/Documents/mila-human-wav-txt/20220826_070000.WAV	55	Waveform 1	1
LF	38.64093333333334	25500.0	25920.0	20.363205811169777	38.6305	38.6474	23750	29405	Nyctalus leisleri	0.368	0.586	-1	Echolocation	192000	/home/adkris/Documents/mila-human-wav-txt/20220826_070000.WAV	56	Waveform 1	1
LF	38.941833333333335	24000.0	24000.0	5.998239860730513	38.9305	38.9465	23750	28934	Nyctalus leisleri	0.347	0.499	-1	Echolocation	192000	/home/adkris/Documents/mila-human-wav-txt/20220826_070000.WAV	57	Waveform 1	1
LF	39.37766666666666	25500.0	25920.0	17.00086827691397	39.3685	39.389	23750	28838	Nyctalus leisleri	0.26	0.44	-1	Echolocation	192000	/home/adkris/Documents/mila-human-wav-txt/20220826_070000.WAV	58	Waveform 1	1
LF	39.80963333333333	25500.0	24960.0	5.835740420929572	39.7945	39.8137	24609	28249	Nyctalus leisleri	0.405	0.486	-1	Echolocation	192000	/home/adkris/Documents/mila-human-wav-txt/20220826_070000.WAV	59	Waveform 1	1
LF	40.24216666666667	24750.0	25920.0	10.452991658417226	40.2255	40.2455	24609	28076	Nyctalus leisleri	0.382	0.534	-1	Echolocation	192000	/home/adkris/Documents/mila-human-wav-txt/20220826_070000.WAV	60	Waveform 1	1
LF	40.55806666666667	24750.0	25920.0	6.015493568148892	40.5385	40.5591	24609	27464	Nyctalus leisleri	0.367	0.463	-1	Echolocation	192000	/home/adkris/Documents/mila-human-wav-txt/20220826_070000.WAV	61	Waveform 1	1
HF	40.83833333333333	53250.0	54719.99999999999	7.03528835691351	40.8365	40.841	48671	58027	Pipistrellus pipistrellus	0.488	0.52	-1	Echolocation	192000	/home/adkris/Documents/mila-human-wav-txt/20220826_070000.WAV	62	Waveform 1	1
HF	40.954433333333334	49500.0	48960.0	10.546725046036196	40.9505	40.9564	46093	63152	Pipistrellus pipistrellus	0.438	0.564	-1	Echolocation	192000	/home/adkris/Documents/mila-human-wav-txt/20220826_070000.WAV	63	Waveform 1	1
LF	40.977	24750.0	25920.0	10.93654051347534	40.9605	40.9795	24609	28308	Nyctalus leisleri	0.422	0.566	-1	Echolocation	192000	/home/adkris/Documents/mila-human-wav-txt/20220826_070000.WAV	64	Waveform 1	1
HF	41.05806666666667	57000.0	49920.0	15.090213155342118	41.0555	41.0616	46093	63025	Pipistrellus pipistrellus	0.458	0.618	-1	Echolocation	192000	/home/adkris/Documents/mila-human-wav-txt/20220826_070000.WAV	65	Waveform 1	1
LF	41.27883333333333	24750.0	24000.0	4.245125021557935	41.2635	41.2895	22890	27860	Nyctalus leisleri	0.113	0.253	-1	Echolocation	192000	/home/adkris/Documents/mila-human-wav-txt/20220826_070000.WAV	66	Waveform 1	1
LF	41.716233333333335	24750.0	24960.0	13.272172295570616	41.6995	41.7171	23750	28580	Nyctalus leisleri	0.336	0.472	-1	Echolocation	192000	/home/adkris/Documents/mila-human-wav-txt/20220826_070000.WAV	67	Waveform 1	1
LF	41.9707	27000.0	25920.0	6.0055444092888095	41.9615	41.9773	25468	30401	Nyctalus leisleri	0.285	0.417	-1	Echolocation	192000	/home/adkris/Documents/mila-human-wav-txt/20220826_070000.WAV	68	Waveform 1	1
LF	42.1005	25500.0	25920.0	2.770193711752073	42.0965	42.1105	23750	28708	Eptesicus serotinus	0.112	0.3	-1	Echolocation	192000	/home/adkris/Documents/mila-human-wav-txt/20220826_070000.WAV	69	Waveform 1	1
LF	43.39406666666667	24750.0	24000.0	9.33450071454562	43.3725	43.3946	24609	29528	Nyctalus leisleri	0.208	0.384	-1	Echolocation	192000	/home/adkris/Documents/mila-human-wav-txt/20220826_070000.WAV	70	Waveform 1	1
LF	43.8968	24000.0	24000.0	17.22197156727782	43.8805	43.8997	23750	28482	Nyctalus leisleri	0.254	0.357	-1	Echolocation	192000	/home/adkris/Documents/mila-human-wav-txt/20220826_070000.WAV	71	Waveform 1	1
LF	44.1788	24750.0	24000.0	9.860810135836042	44.1615	44.1832	23750	27580	Nyctalus leisleri	0.284	0.382	-1	Echolocation	192000	/home/adkris/Documents/mila-human-wav-txt/20220826_070000.WAV	72	Waveform 1	1
LF	44.714733333333335	24750.0	24960.0	16.4482661036944	44.7005	44.7171	24609	27700	Nyctalus leisleri	0.446	0.565	-1	Echolocation	192000	/home/adkris/Documents/mila-human-wav-txt/20220826_070000.WAV	73	Waveform 1	1
LF	45.0132	24000.0	24000.0	8.433143307769653	44.9925	45.0143	24609	28593	Nyctalus leisleri	0.238	0.338	-1	Echolocation	192000	/home/adkris/Documents/mila-human-wav-txt/20220826_070000.WAV	74	Waveform 1	1
HF	45.3109	41250.0	41280.0	2.2239396983991506	45.3075	45.3151	39218	44878	Pipistrellus nathusii	0.467	0.501	-1	Echolocation	192000	/home/adkris/Documents/mila-human-wav-txt/20220826_070000.WAV	75	Waveform 1	1
LF	45.4339	24750.0	25920.0	14.043546596848998	45.4145	45.4341	24609	28644	Nyctalus leisleri	0.327	0.446	-1	Echolocation	192000	/home/adkris/Documents/mila-human-wav-txt/20220826_070000.WAV	76	Waveform 1	1
LF	45.73063333333333	23250.0	24000.0	4.456095142909067	45.7115	45.7372	23750	27693	Nyctalus leisleri	0.146	0.219	-1	Echolocation	192000	/home/adkris/Documents/mila-human-wav-txt/20220826_070000.WAV	77	Waveform 1	1
HF	45.80426666666667	40500.0	41280.0	4.978987145578461	45.8015	45.8109	39218	43411	Pipistrellus nathusii	0.322	0.347	-1	Echolocation	192000	/home/adkris/Documents/mila-human-wav-txt/20220826_070000.WAV	78	Waveform 1	1
HF	46.1519	43500.0	40320.0	4.1232030295602105	46.1495	46.158100000000005	40078	45256	Pipistrellus nathusii	0.319	0.375	-1	Echolocation	192000	/home/adkris/Documents/mila-human-wav-txt/20220826_070000.WAV	79	Waveform 1	1
LF	46.4253	41250.0	41280.0	3.2988067214497594	46.4205	46.4267	28906	42065	Myotis daubentonii	0.011	0.031	-1	Echolocation	192000	/home/adkris/Documents/mila-human-wav-txt/20220826_070000.WAV	80	Waveform 1	1
HF	46.59486666666666	40500.0	40320.0	3.150172737673389	46.5915	46.6003	37500	44205	Pipistrellus nathusii	0.236	0.315	-1	Echolocation	192000	/home/adkris/Documents/mila-human-wav-txt/20220826_070000.WAV	81	Waveform 1	1
LF	46.6525	24750.0	25920.0	17.139126859467893	46.6375	46.6545	24609	29911	Nyctalus leisleri	0.323	0.531	-1	Echolocation	192000	/home/adkris/Documents/mila-human-wav-txt/20220826_070000.WAV	82	Waveform 1	1
LF	46.943533333333335	23250.0	23040.0	4.849755777114222	46.9265	46.9473	22890	27696	Nyctalus leisleri	0.215	0.366	-1	Echolocation	192000	/home/adkris/Documents/mila-human-wav-txt/20220826_070000.WAV	83	Waveform 1	1
HF	47.04676666666667	40500.0	41280.0	3.9594225131277834	47.0415	47.0519	39218	43852	Pipistrellus nathusii	0.319	0.382	-1	Echolocation	192000	/home/adkris/Documents/mila-human-wav-txt/20220826_070000.WAV	84	Waveform 1	1
LF	47.484566666666666	24750.0	24960.0	18.05996565541967	47.4655	47.4866	24609	27948	Nyctalus leisleri	0.283	0.408	-1	Echolocation	192000	/home/adkris/Documents/mila-human-wav-txt/20220826_070000.WAV	85	Waveform 1	1
LF	47.9091	24000.0	24960.0	3.1215886518498315	47.8975	47.9179	23750	27763	Nyctalus leisleri	0.126	0.235	-1	Echolocation	192000	/home/adkris/Documents/mila-human-wav-txt/20220826_070000.WAV	86	Waveform 1	1
LF	48.3432	24000.0	23040.0	1.3494452270967152	48.3285	48.3493	22890	26490	Nyctalus noctula	0.065	0.144	-1	Echolocation	192000	/home/adkris/Documents/mila-human-wav-txt/20220826_070000.WAV	87	Waveform 1	1
LF	49.05363333333334	25500.0	25920.0	4.430242345828452	49.0425	49.0657	24609	28453	Nyctalus leisleri	0.224	0.3	-1	Echolocation	192000	/home/adkris/Documents/mila-human-wav-txt/20220826_070000.WAV	88	Waveform 1	1
LF	49.46856666666667	24750.0	25920.0	14.816566908100835	49.4555	49.4721	24609	28414	Nyctalus leisleri	0.464	0.614	-1	Echolocation	192000	/home/adkris/Documents/mila-human-wav-txt/20220826_070000.WAV	89	Waveform 1	1
LF	50.32036666666667	25500.0	24960.0	9.377243330971174	50.3045	50.3253	24609	27630	Nyctalus leisleri	0.334	0.426	-1	Echolocation	192000	/home/adkris/Documents/mila-human-wav-txt/20220826_070000.WAV	90	Waveform 1	1
LF	50.76083333333333	23250.0	23040.0	1.8815176052002205	50.7475	50.765	22890	27228	Nyctalus leisleri	0.05	0.112	-1	Echolocation	192000	/home/adkris/Documents/mila-human-wav-txt/20220826_070000.WAV	91	Waveform 1	1
LF	51.05136666666667	24750.0	24960.0	8.519030323301706	51.0385	51.058800000000005	23750	27470	Nyctalus leisleri	0.442	0.538	-1	Echolocation	192000	/home/adkris/Documents/mila-human-wav-txt/20220826_070000.WAV	92	Waveform 1	1
LF	51.50203333333334	23250.0	23040.0	1.1774944265599436	51.4965	51.5078	22031	27016	Nyctalus leisleri	0.133	0.283	-1	Echolocation	192000	/home/adkris/Documents/mila-human-wav-txt/20220826_070000.WAV	93	Waveform 1	1
LF	51.78856666666667	24750.0	24960.0	7.001780064548406	51.7775	51.7961	23750	27950	Nyctalus leisleri	0.364	0.464	-1	Echolocation	192000	/home/adkris/Documents/mila-human-wav-txt/20220826_070000.WAV	94	Waveform 1	1
LF	52.64106666666667	24750.0	24960.0	7.709575862767598	52.6315	52.6516	22890	27686	Nyctalus leisleri	0.196	0.405	-1	Echolocation	192000	/home/adkris/Documents/mila-human-wav-txt/20220826_070000.WAV	95	Waveform 1	1
LF	52.83446666666667	24750.0	25920.0	7.489740617824664	52.816500000000005	52.8352	24609	28281	Nyctalus leisleri	0.435	0.604	-1	Echolocation	192000	/home/adkris/Documents/mila-human-wav-txt/20220826_070000.WAV	96	Waveform 1	1
LF	53.11403333333333	23250.0	23040.0	1.9512730134781695	53.0995	53.1193	23750	27010	Nyctalus leisleri	0.035	0.075	-1	Echolocation	192000	/home/adkris/Documents/mila-human-wav-txt/20220826_070000.WAV	97	Waveform 1	1
HF	63.71606666666667	49500.0	48960.0	2.854328482644582	63.7125	63.7176	47812	56906	Pipistrellus pipistrellus	0.142	0.164	-1	Echolocation	192000	/home/adkris/Documents/mila-human-wav-txt/20220826_070000.WAV	98	Waveform 1	1
HF	63.770266666666664	52500.0	52800.00000000001	5.597649940075067	63.7665	63.7714	48671	58561	Pipistrellus pipistrellus	0.069	0.082	-1	Echolocation	192000	/home/adkris/Documents/mila-human-wav-txt/20220826_070000.WAV	99	Waveform 1	1
HF	63.96543333333334	48750.0	48960.0	5.854408136263968	63.9615	63.9674	47812	56498	Pipistrellus pipistrellus	0.332	0.41	-1	Echolocation	192000	/home/adkris/Documents/mila-human-wav-txt/20220826_070000.WAV	100	Waveform 1	1
HF	64.0417	49500.0	48960.0	1.930784091397363	64.0395	64.0448	34062	59954	Myotis mystacinus	0.01	0.033	-1	Echolocation	192000	/home/adkris/Documents/mila-human-wav-txt/20220826_070000.WAV	101	Waveform 1	1
HF	64.09826666666666	49500.0	48960.0	5.2084504963942315	64.0955	64.1014	33203	68060	Myotis daubentonii	0.009	0.027	-1	Echolocation	192000	/home/adkris/Documents/mila-human-wav-txt/20220826_070000.WAV	102	Waveform 1	1
HF	64.2948	50250.0	50880.0	0.4670187646512821	64.2925	64.2977	32343	69945	Myotis mystacinus	0.012	0.032	-1	Echolocation	192000	/home/adkris/Documents/mila-human-wav-txt/20220826_070000.WAV	103	Waveform 1	1
HF	64.33936666666666	47250.0	47040.0	1.8646238869588476	64.3345	64.3418	46093	64088	Pipistrellus pipistrellus	0.013	0.027	-1	Echolocation	192000	/home/adkris/Documents/mila-human-wav-txt/20220826_070000.WAV	104	Waveform 1	1
HF	64.52823333333333	52500.0	53760.00000000001	6.2955152456433305	64.5265	64.5311	47812	59677	Pipistrellus pipistrellus	0.536	0.57	-1	Echolocation	192000	/home/adkris/Documents/mila-human-wav-txt/20220826_070000.WAV	105	Waveform 1	1
HF	64.5644	44250.0	27839.999999999996	1.0813088902382382	64.5615	64.5661	27187	47040	Myotis nattereri	0.023	0.054	-1	Echolocation	192000	/home/adkris/Documents/mila-human-wav-txt/20220826_070000.WAV	106	Waveform 1	1
HF	64.63553333333333	49500.0	52800.00000000001	8.795938460568458	64.6335	64.6378	47812	62623	Pipistrellus pipistrellus	0.525	0.577	-1	Echolocation	192000	/home/adkris/Documents/mila-human-wav-txt/20220826_070000.WAV	107	Waveform 1	1
HF	64.78396666666667	56250.0	56640.0	3.583006772887894	64.7825	64.7897	56406	62648	Pipistrellus pygmaeus	0.027	0.028	-1	Echolocation	192000	/home/adkris/Documents/mila-human-wav-txt/20220826_070000.WAV	108	Waveform 1	1
HF	64.83133333333333	49500.0	49920.0	7.034239126473521	64.8295	64.834	47812	58894	Pipistrellus pipistrellus	0.519	0.535	-1	Echolocation	192000	/home/adkris/Documents/mila-human-wav-txt/20220826_070000.WAV	109	Waveform 1	1
HF	64.8743	48000.0	48960.0	7.295430618107947	64.8715	64.8762	46953	59184	Pipistrellus pipistrellus	0.295	0.322	-1	Echolocation	192000	/home/adkris/Documents/mila-human-wav-txt/20220826_070000.WAV	110	Waveform 1	1
HF	64.94546666666666	51750.0	48000.0	2.123565679397092	64.9425	64.9482	46953	57695	Pipistrellus pipistrellus	0.067	0.09	-1	Echolocation	192000	/home/adkris/Documents/mila-human-wav-txt/20220826_070000.WAV	111	Waveform 1	1
HF	64.96653333333333	46500.0	46080.0	2.861725699179509	64.9645	64.9688	46093	59294	Pipistrellus pipistrellus	0.397	0.424	-1	Echolocation	192000	/home/adkris/Documents/mila-human-wav-txt/20220826_070000.WAV	112	Waveform 1	1
HF	65.00789999999999	45750.0	48960.0	2.3425157847166593	65.0055	65.0106	31484	75180	Myotis mystacinus	0.027	0.066	-1	Echolocation	192000	/home/adkris/Documents/mila-human-wav-txt/20220826_070000.WAV	113	Waveform 1	1
HF	65.0526	55500.0	48960.0	3.202486628431696	65.0505	65.0559	33203	68694	Myotis mystacinus	0.01	0.028	-1	Echolocation	192000	/home/adkris/Documents/mila-human-wav-txt/20220826_070000.WAV	114	Waveform 1	1
HF	65.09943333333334	46500.0	46080.0	3.6010589607897128	65.0975	65.1019	44375	64988	Pipistrellus pipistrellus	0.209	0.468	-1	Echolocation	192000	/home/adkris/Documents/mila-human-wav-txt/20220826_070000.WAV	115	Waveform 1	1
HF	65.20573333333333	53250.0	52800.00000000001	10.301103674505798	65.2035	65.2076	50390	58076	Pipistrellus pipistrellus	0.363	0.399	-1	Echolocation	192000	/home/adkris/Documents/mila-human-wav-txt/20220826_070000.WAV	116	Waveform 1	1
HF	65.2547	54000.0	52800.00000000001	5.273869229018863	65.2525	65.2578	32343	73273	Myotis mystacinus	0.011	0.032	-1	Echolocation	192000	/home/adkris/Documents/mila-human-wav-txt/20220826_070000.WAV	117	Waveform 1	1
HF	65.30146666666667	54750.0	51840.0	5.606975835145026	65.2985	65.3042	33203	68106	Myotis brandtii	0.008	0.024	-1	Echolocation	192000	/home/adkris/Documents/mila-human-wav-txt/20220826_070000.WAV	118	Waveform 1	1
HF	65.34956666666666	48750.0	48960.0	15.477521658778016	65.3465	65.35210000000001	46953	62745	Pipistrellus pipistrellus	0.55	0.628	-1	Echolocation	192000	/home/adkris/Documents/mila-human-wav-txt/20220826_070000.WAV	119	Waveform 1	1
HF	65.40553333333334	50250.0	48960.0	16.14745534652354	65.4035	65.4078	47812	64357	Pipistrellus pipistrellus	0.549	0.6	-1	Echolocation	192000	/home/adkris/Documents/mila-human-wav-txt/20220826_070000.WAV	120	Waveform 1	1
HF	65.45779999999999	48000.0	47040.0	8.950842919759074	65.4555	65.4607	30625	74085	Myotis mystacinus	0.014	0.039	-1	Echolocation	192000	/home/adkris/Documents/mila-human-wav-txt/20220826_070000.WAV	121	Waveform 1	1
HF	65.53083333333333	48000.0	47040.0	2.506141919862064	65.5295	65.5345	46953	53975	Pipistrellus pipistrellus	0.319	0.325	-1	Echolocation	192000	/home/adkris/Documents/mila-human-wav-txt/20220826_070000.WAV	122	Waveform 1	1
HF	65.56893333333333	54000.0	53760.00000000001	5.07569295964871	65.5675	65.5724	52109	62741	Pipistrellus pipistrellus	0.075	0.087	-1	Echolocation	192000	/home/adkris/Documents/mila-human-wav-txt/20220826_070000.WAV	123	Waveform 1	1
HF	65.69806666666666	54000.0	52800.00000000001	4.695395839015825	65.6955	65.7016	51250	60146	Pipistrellus pipistrellus	0.219	0.239	-1	Echolocation	192000	/home/adkris/Documents/mila-human-wav-txt/20220826_070000.WAV	124	Waveform 1	1
HF	65.76143333333333	53250.0	52800.00000000001	13.308732243216651	65.7595	65.7639	48671	61727	Pipistrellus pipistrellus	0.516	0.572	-1	Echolocation	192000	/home/adkris/Documents/mila-human-wav-txt/20220826_070000.WAV	125	Waveform 1	1
HF	66.95806666666667	48000.0	48000.0	10.03832591711168	66.9535	66.9611	46953	54676	Pipistrellus pipistrellus	0.33	0.389	-1	Echolocation	192000	/home/adkris/Documents/mila-human-wav-txt/20220826_070000.WAV	126	Waveform 1	1
HF	67.285	48000.0	48000.0	3.9445170104759497	67.2815	67.289	46953	53609	Pipistrellus pipistrellus	0.374	0.416	-1	Echolocation	192000	/home/adkris/Documents/mila-human-wav-txt/20220826_070000.WAV	127	Waveform 1	1
HF	67.4731	48750.0	48960.0	3.067278470971712	67.4695	67.4769	46953	52593	Pipistrellus pipistrellus	0.308	0.328	-1	Echolocation	192000	/home/adkris/Documents/mila-human-wav-txt/20220826_070000.WAV	128	Waveform 1	1
HF	81.51746666666668	43500.0	46080.0	2.6675102443967713	81.5145	81.5202	36640	49895	Myotis daubentonii	0.053	0.157	-1	Echolocation	192000	/home/adkris/Documents/mila-human-wav-txt/20220826_070000.WAV	129	Waveform 1	1
HF	81.6868	44250.0	44160.0	1.018064615711624	81.6835	81.6912	40937	48823	Pipistrellus nathusii	0.036	0.111	-1	Echolocation	192000	/home/adkris/Documents/mila-human-wav-txt/20220826_070000.WAV	130	Waveform 1	1
HF	81.77276666666666	45000.0	44160.0	2.200724197356822	81.7705	81.7769	40078	52495	Pipistrellus nathusii	0.081	0.171	-1	Echolocation	192000	/home/adkris/Documents/mila-human-wav-txt/20220826_070000.WAV	131	Waveform 1	1
HF	81.8472	46500.0	46080.0	3.1078269394518534	81.8455	81.8513	40078	51651	Pipistrellus nathusii	0.289	0.401	-1	Echolocation	192000	/home/adkris/Documents/mila-human-wav-txt/20220826_070000.WAV	132	Waveform 1	1
HF	81.94046666666667	43500.0	45120.0	4.351910535930591	81.9375	81.9432	38359	50295	Myotis daubentonii	0.033	0.077	-1	Echolocation	192000	/home/adkris/Documents/mila-human-wav-txt/20220826_070000.WAV	133	Waveform 1	1
HF	82.09909999999999	42000.0	41280.0	7.021679382524162	82.0955	82.1029	40078	50479	Pipistrellus nathusii	0.47	0.533	-1	Echolocation	192000	/home/adkris/Documents/mila-human-wav-txt/20220826_070000.WAV	134	Waveform 1	1
HF	82.19196666666667	41250.0	40320.0	1.4848462095783983	82.1895	82.1957	37500	44404	Barbastellus barbastellus	0.109	0.17	-1	Echolocation	192000	/home/adkris/Documents/mila-human-wav-txt/20220826_070000.WAV	135	Waveform 1	1
HF	82.28343333333333	43500.0	42240.0	7.106878245154531	82.2795	82.2854	38359	52817	Pipistrellus nathusii	0.128	0.375	-1	Echolocation	192000	/home/adkris/Documents/mila-human-wav-txt/20220826_070000.WAV	136	Waveform 1	1
HF	82.37406666666666	41250.0	40320.0	4.299968478732154	82.3695	82.3771	36640	44949	Barbastellus barbastellus	0.141	0.352	-1	Echolocation	192000	/home/adkris/Documents/mila-human-wav-txt/20220826_070000.WAV	137	Waveform 1	1
HF	82.4732	40500.0	43200.0	6.088100909275945	82.4675	82.4763	38359	47288	Pipistrellus nathusii	0.256	0.405	-1	Echolocation	192000	/home/adkris/Documents/mila-human-wav-txt/20220826_070000.WAV	138	Waveform 1	1
HF	82.65066666666667	43500.0	39360.0	3.0714361808290884	82.64750000000001	82.6565	38359	49247	Pipistrellus nathusii	0.009	0.031	-1	Echolocation	192000	/home/adkris/Documents/mila-human-wav-txt/20220826_070000.WAV	139	Waveform 1	1
HF	82.84259999999999	41250.0	41280.0	1.1520556093664105	82.8375	82.8469	39218	43912	Pipistrellus nathusii	0.048	0.097	-1	Echolocation	192000	/home/adkris/Documents/mila-human-wav-txt/20220826_070000.WAV	140	Waveform 1	1
HF	82.99386666666666	41250.0	42240.0	4.302650403449212	82.98949999999999	82.9973	40078	47339	Pipistrellus nathusii	0.205	0.294	-1	Echolocation	192000	/home/adkris/Documents/mila-human-wav-txt/20220826_070000.WAV	141	Waveform 1	1
HF	93.28263333333334	41250.0	41280.0	3.659818087242414	93.2795	93.2862	40937	50368	Pipistrellus nathusii	0.451	0.473	-1	Echolocation	192000	/home/adkris/Documents/mila-human-wav-txt/20220826_070000.WAV	142	Waveform 1	1
HF	93.49393333333332	41250.0	41280.0	5.542135297357373	93.4895	93.4984	39218	48000	Pipistrellus nathusii	0.47	0.513	-1	Echolocation	192000	/home/adkris/Documents/mila-human-wav-txt/20220826_070000.WAV	143	Waveform 1	1
HF	93.88943333333332	41250.0	41280.0	4.609518014080333	93.8845	93.8929	40078	48347	Pipistrellus nathusii	0.538	0.596	-1	Echolocation	192000	/home/adkris/Documents/mila-human-wav-txt/20220826_070000.WAV	144	Waveform 1	1
HF	93.98383333333334	41250.0	41280.0	8.414629584119687	93.9795	93.9885	40078	49915	Pipistrellus nathusii	0.532	0.618	-1	Echolocation	192000	/home/adkris/Documents/mila-human-wav-txt/20220826_070000.WAV	145	Waveform 1	1
HF	94.07723333333334	42000.0	41280.0	10.314041368513331	94.0745	94.0816	38359	47937	Pipistrellus nathusii	0.569	0.609	-1	Echolocation	192000	/home/adkris/Documents/mila-human-wav-txt/20220826_070000.WAV	146	Waveform 1	1
HF	94.1631	42000.0	41280.0	5.551030034809406	94.1595	94.1669	39218	48338	Pipistrellus nathusii	0.416	0.514	-1	Echolocation	192000	/home/adkris/Documents/mila-human-wav-txt/20220826_070000.WAV	147	Waveform 1	1
HF	94.3394	41250.0	41280.0	4.342541090298134	94.3355	94.3426	40078	50171	Pipistrellus nathusii	0.211	0.31	-1	Echolocation	192000	/home/adkris/Documents/mila-human-wav-txt/20220826_070000.WAV	148	Waveform 1	1
HF	94.43483333333332	40500.0	41280.0	6.821571958718094	94.4305	94.4395	39218	45748	Pipistrellus nathusii	0.352	0.464	-1	Echolocation	192000	/home/adkris/Documents/mila-human-wav-txt/20220826_070000.WAV	149	Waveform 1	1
HF	94.536	41250.0	40320.0	4.737512073859787	94.5325	94.54	38359	44624	Pipistrellus nathusii	0.331	0.471	-1	Echolocation	192000	/home/adkris/Documents/mila-human-wav-txt/20220826_070000.WAV	150	Waveform 1	1
HF	94.63366666666668	49500.0	51840.0	2.1817901954801355	94.6305	94.636	48671	57703	Pipistrellus pipistrellus	0.034	0.046	-1	Echolocation	192000	/home/adkris/Documents/mila-human-wav-txt/20220826_070000.WAV	151	Waveform 1	1
HF	94.7359	52500.0	49920.0	1.6353493740850886	94.7335	94.7386	49531	56583	Pipistrellus pipistrellus	0.092	0.117	-1	Echolocation	192000	/home/adkris/Documents/mila-human-wav-txt/20220826_070000.WAV	152	Waveform 1	1
HF	94.78873333333333	53250.0	52800.00000000001	3.2485928168024243	94.7875	94.7926	35781	61975	Myotis mystacinus	0.011	0.037	-1	Echolocation	192000	/home/adkris/Documents/mila-human-wav-txt/20220826_070000.WAV	153	Waveform 1	1
HF	94.9237	43500.0	43200.0	10.439810725392578	94.9205	94.9283	39218	47471	Pipistrellus nathusii	0.435	0.513	-1	Echolocation	192000	/home/adkris/Documents/mila-human-wav-txt/20220826_070000.WAV	154	Waveform 1	1
HF	95.04823333333331	55500.0	55679.99999999999	5.714891972505494	95.0445	95.0506	52968	62173	Pipistrellus pygmaeus	0.265	0.298	-1	Echolocation	192000	/home/adkris/Documents/mila-human-wav-txt/20220826_070000.WAV	155	Waveform 1	1
HF	95.3144	57000.0	56640.0	2.1360745550391504	95.3125	95.3181	55546	65223	Pipistrellus pygmaeus	0.175	0.177	-1	Echolocation	192000	/home/adkris/Documents/mila-human-wav-txt/20220826_070000.WAV	156	Waveform 1	1
HF	95.42966666666666	56250.0	55679.99999999999	7.293183820251519	95.4265	95.432	53828	61936	Pipistrellus pygmaeus	0.307	0.464	-1	Echolocation	192000	/home/adkris/Documents/mila-human-wav-txt/20220826_070000.WAV	157	Waveform 1	1
HF	95.55136666666668	56250.0	55679.99999999999	3.5584626405425075	95.5485	95.5543	54687	63396	Pipistrellus pygmaeus	0.434	0.476	-1	Echolocation	192000	/home/adkris/Documents/mila-human-wav-txt/20220826_070000.WAV	158	Waveform 1	1
HF	95.6793	54000.0	53760.00000000001	5.0322160422714335	95.6755	95.6827	53828	63895	Pipistrellus pygmaeus	0.121	0.129	-1	Echolocation	192000	/home/adkris/Documents/mila-human-wav-txt/20220826_070000.WAV	159	Waveform 1	1
HF	95.7216	53250.0	52800.00000000001	3.738082444020041	95.7175	95.7244	47812	60802	Pipistrellus pygmaeus	0.127	0.25	-1	Echolocation	192000	/home/adkris/Documents/mila-human-wav-txt/20220826_070000.WAV	160	Waveform 1	1
HF	95.8194	55500.0	55679.99999999999	5.151890068573062	95.8175	95.8231	33203	65387	Myotis brandtii	0.011	0.031	-1	Echolocation	192000	/home/adkris/Documents/mila-human-wav-txt/20220826_070000.WAV	161	Waveform 1	1
HF	95.87463333333334	56250.0	56640.0	8.443241464344846	95.8725	95.8767	48671	63738	Pipistrellus pipistrellus	0.176	0.343	-1	Echolocation	192000	/home/adkris/Documents/mila-human-wav-txt/20220826_070000.WAV	162	Waveform 1	1
HF	96.01493333333332	50250.0	49920.0	3.1242501958545437	96.0015	96.0154	47812	56054	Pipistrellus pipistrellus	0.025	0.035	-1	Echolocation	192000	/home/adkris/Documents/mila-human-wav-txt/20220826_070000.WAV	163	Waveform 1	1
HF	96.0603	48750.0	56640.0	4.391538455425857	96.0575	96.0622	47812	63114	Pipistrellus pipistrellus	0.217	0.37	-1	Echolocation	192000	/home/adkris/Documents/mila-human-wav-txt/20220826_070000.WAV	164	Waveform 1	1
HF	96.09556666666668	51000.0	48000.0	-0.4656902198397333	96.0945	96.0986	45234	63411	Pipistrellus pipistrellus	0.03	0.1	-1	Echolocation	192000	/home/adkris/Documents/mila-human-wav-txt/20220826_070000.WAV	165	Waveform 1	1
HF	96.55983333333332	49500.0	54719.99999999999	16.143096265666525	96.5555	96.561	46953	71073	Pipistrellus pipistrellus	0.236	0.422	-1	Echolocation	192000	/home/adkris/Documents/mila-human-wav-txt/20220826_070000.WAV	166	Waveform 1	1
HF	96.61143333333334	54000.0	54719.99999999999	22.29414695091622	96.6085	96.6154	47812	69544	Pipistrellus pipistrellus	0.306	0.478	-1	Echolocation	192000	/home/adkris/Documents/mila-human-wav-txt/20220826_070000.WAV	167	Waveform 1	1
HF	96.66083333333331	80250.0	78720.0	0.5622963379362597	96.6595	96.696	68437	81686	Rhinolophus ferrumequinum	0.026	0.026	-1	Echolocation	192000	/home/adkris/Documents/mila-human-wav-txt/20220826_070000.WAV	168	Waveform 1	1
HF	96.7375	53250.0	52800.00000000001	11.868715513840812	96.7335	96.7405	48671	68251	Pipistrellus pipistrellus	0.446	0.546	-1	Echolocation	192000	/home/adkris/Documents/mila-human-wav-txt/20220826_070000.WAV	169	Waveform 1	1
HF	96.81323333333332	54750.0	54719.99999999999	23.70473863599805	96.8095	96.8156	46093	76052	Myotis alcathoe	0.217	0.499	-1	Echolocation	192000	/home/adkris/Documents/mila-human-wav-txt/20220826_070000.WAV	170	Waveform 1	1
HF	96.89423333333332	54000.0	55679.99999999999	16.803036746233825	96.8905	96.8966	46093	76263	Pipistrellus pipistrellus	0.251	0.539	-1	Echolocation	192000	/home/adkris/Documents/mila-human-wav-txt/20220826_070000.WAV	171	Waveform 1	1
HF	96.94836666666669	56250.0	52800.00000000001	17.11396375789466	96.9455	96.9513	46093	78112	Pipistrellus pipistrellus	0.257	0.509	-1	Echolocation	192000	/home/adkris/Documents/mila-human-wav-txt/20220826_070000.WAV	172	Waveform 1	1
HF	97.00153333333331	73500.0	71040.0	1.7855486770622575	96.9725	97.0128	68437	82417	Rhinolophus ferrumequinum	0.028	0.028	-1	Echolocation	192000	/home/adkris/Documents/mila-human-wav-txt/20220826_070000.WAV	173	Waveform 1	1
HF	97.07653333333332	62250.0	56640.0	22.578655979066315	97.0715	97.0763	57265	66149	Pipistrellus pygmaeus	0.022	0.041	-1	Echolocation	192000	/home/adkris/Documents/mila-human-wav-txt/20220826_070000.WAV	174	Waveform 1	1
HF	97.13276666666668	55500.0	53760.00000000001	26.42991194525205	97.1295	97.1349	46953	77648	Pipistrellus pipistrellus	0.359	0.503	-1	Echolocation	192000	/home/adkris/Documents/mila-human-wav-txt/20220826_070000.WAV	175	Waveform 1	1
HF	97.18336666666669	58500.0	52800.00000000001	20.88464213619642	97.1755	97.1833	55546	63122	Myotis alcathoe	0.01	0.026	-1	Echolocation	192000	/home/adkris/Documents/mila-human-wav-txt/20220826_070000.WAV	176	Waveform 1	1
HF	97.25473333333332	78750.0	72000.0	2.357955299700418	97.2515	97.2966	68437	83851	Rhinolophus ferrumequinum	0.027	0.027	-1	Echolocation	192000	/home/adkris/Documents/mila-human-wav-txt/20220826_070000.WAV	177	Waveform 1	1
HF	97.3092	54000.0	53760.00000000001	21.82941414027197	97.3065	97.3113	46093	69398	Pipistrellus pipistrellus	0.464	0.594	-1	Echolocation	192000	/home/adkris/Documents/mila-human-wav-txt/20220826_070000.WAV	178	Waveform 1	1
HF	97.35603333333331	52500.0	54719.99999999999	12.4457237743579	97.3545	97.3593	31484	76391	Myotis mystacinus	0.022	0.049	-1	Echolocation	192000	/home/adkris/Documents/mila-human-wav-txt/20220826_070000.WAV	179	Waveform 1	1
HF	97.43803333333334	81750.0	78720.0	1.4208577687481705	97.4075	97.4463	68437	81540	Rhinolophus ferrumequinum	0.031	0.031	-1	Echolocation	192000	/home/adkris/Documents/mila-human-wav-txt/20220826_070000.WAV	180	Waveform 1	1
HF	97.5093	51000.0	51840.0	22.369969226891858	97.5065	97.5112	47812	68300	Pipistrellus pipistrellus	0.477	0.522	-1	Echolocation	192000	/home/adkris/Documents/mila-human-wav-txt/20220826_070000.WAV	181	Waveform 1	1
HF	97.55926666666667	53250.0	52800.00000000001	21.731385827848435	97.5555	97.5604	47812	70742	Pipistrellus pipistrellus	0.462	0.578	-1	Echolocation	192000	/home/adkris/Documents/mila-human-wav-txt/20220826_070000.WAV	182	Waveform 1	1
HF	97.61283333333331	70500.0	69120.0	-0.246386748679415	97.5855	97.6275	68437	82768	Rhinolophus ferrumequinum	0.035	0.035	-1	Echolocation	192000	/home/adkris/Documents/mila-human-wav-txt/20220826_070000.WAV	183	Waveform 1	1
HF	97.69216666666668	50250.0	47040.0	8.416298733734976	97.6895	97.6955	29765	74872	Myotis daubentonii	0.009	0.025	-1	Echolocation	192000	/home/adkris/Documents/mila-human-wav-txt/20220826_070000.WAV	184	Waveform 1	1
HF	97.74936666666667	48000.0	48960.0	6.511331280044546	97.7465	97.7523	46953	56703	Pipistrellus pipistrellus	0.344	0.369	-1	Echolocation	192000	/home/adkris/Documents/mila-human-wav-txt/20220826_070000.WAV	185	Waveform 1	1
HF	98.03666666666666	48000.0	47040.0	0.8383047991133972	98.0345	98.041	46953	54685	Pipistrellus pipistrellus	0.175	0.181	-1	Echolocation	192000	/home/adkris/Documents/mila-human-wav-txt/20220826_070000.WAV	186	Waveform 1	1
HF	98.0862	50250.0	47040.0	3.439627817406766	98.0845	98.0903	46093	56676	Pipistrellus pipistrellus	0.044	0.052	-1	Echolocation	192000	/home/adkris/Documents/mila-human-wav-txt/20220826_070000.WAV	187	Waveform 1	1
HF	98.1441	51750.0	54719.99999999999	12.263477537562071	98.1415	98.1464	46093	60759	Pipistrellus pipistrellus	0.508	0.563	-1	Echolocation	192000	/home/adkris/Documents/mila-human-wav-txt/20220826_070000.WAV	188	Waveform 1	1
HF	98.39303333333334	48000.0	48000.0	3.903566244206522	98.3885	98.3973	46953	56909	Pipistrellus pipistrellus	0.35	0.421	-1	Echolocation	192000	/home/adkris/Documents/mila-human-wav-txt/20220826_070000.WAV	189	Waveform 1	1
HF	98.68933333333334	48000.0	47040.0	3.085011152139962	98.6865	98.6935	46093	52075	Pipistrellus pipistrellus	0.452	0.481	-1	Echolocation	192000	/home/adkris/Documents/mila-human-wav-txt/20220826_070000.WAV	190	Waveform 1	1
HF	99.16723333333331	53250.0	52800.00000000001	3.554902798888734	99.1625	99.1711	51250	57023	Pipistrellus pipistrellus	0.185	0.273	-1	Echolocation	192000	/home/adkris/Documents/mila-human-wav-txt/20220826_070000.WAV	191	Waveform 1	1
HF	99.20836666666666	48000.0	46080.0	4.708484600134816	99.2055	99.2113	44375	53865	Pipistrellus pipistrellus	0.476	0.526	-1	Echolocation	192000	/home/adkris/Documents/mila-human-wav-txt/20220826_070000.WAV	192	Waveform 1	1
HF	99.601	50250.0	49920.0	3.313783088958138	99.5985	99.6035	48671	60222	Pipistrellus pipistrellus	0.108	0.118	-1	Echolocation	192000	/home/adkris/Documents/mila-human-wav-txt/20220826_070000.WAV	193	Waveform 1	1
HF	99.6468	53250.0	52800.00000000001	5.540629189864533	99.6435	99.6512	47812	60608	Pipistrellus pipistrellus	0.193	0.228	-1	Echolocation	192000	/home/adkris/Documents/mila-human-wav-txt/20220826_070000.WAV	194	Waveform 1	1
HF	99.8025	54750.0	54719.99999999999	4.2916235919287935	99.7985	99.8055	52109	58811	Pipistrellus pygmaeus	0.078	0.14	-1	Echolocation	192000	/home/adkris/Documents/mila-human-wav-txt/20220826_070000.WAV	195	Waveform 1	1
HF	111.55076666666666	52500.0	47040.0	2.023279192882085	111.5475	111.5529	34062	68173	Myotis brandtii	0.008	0.027	-1	Echolocation	192000	/home/adkris/Documents/mila-human-wav-txt/20220826_070000.WAV	196	Waveform 1	1
HF	121.78676666666668	51750.0	51840.0	3.843443754302786	121.7835	121.7889	48671	58676	Pipistrellus pipistrellus	0.075	0.083	-1	Echolocation	192000	/home/adkris/Documents/mila-human-wav-txt/20220826_070000.WAV	197	Waveform 1	1
HF	122.6734	49500.0	48000.0	15.242006055101983	122.6695	122.6766	46953	58708	Pipistrellus pipistrellus	0.396	0.597	-1	Echolocation	192000	/home/adkris/Documents/mila-human-wav-txt/20220826_070000.WAV	198	Waveform 1	1
HF	122.84336666666668	49500.0	48960.0	2.077780869145359	122.8405	122.8463	33203	67059	Myotis brandtii	0.009	0.026	-1	Echolocation	192000	/home/adkris/Documents/mila-human-wav-txt/20220826_070000.WAV	199	Waveform 1	1
HF	122.9346	49500.0	52800.00000000001	6.835252048512848	122.9305	122.9374	46953	61469	Pipistrellus pipistrellus	0.198	0.282	-1	Echolocation	192000	/home/adkris/Documents/mila-human-wav-txt/20220826_070000.WAV	200	Waveform 1	1
HF	122.9997	49500.0	52800.00000000001	11.147317110990024	122.9965	123.0008	47812	62431	Pipistrellus pipistrellus	0.27	0.376	-1	Echolocation	192000	/home/adkris/Documents/mila-human-wav-txt/20220826_070000.WAV	201	Waveform 1	1
HF	123.05466666666666	57000.0	56640.0	3.1091149579052546	123.0525	123.059	55546	63050	Pipistrellus pygmaeus	0.19	0.191	-1	Echolocation	192000	/home/adkris/Documents/mila-human-wav-txt/20220826_070000.WAV	202	Waveform 1	1
HF	123.19863333333332	55500.0	53760.00000000001	8.7475903495029	123.1965	123.2007	48671	61073	Pipistrellus pipistrellus	0.17	0.322	-1	Echolocation	192000	/home/adkris/Documents/mila-human-wav-txt/20220826_070000.WAV	203	Waveform 1	1
HF	123.26483333333331	42750.0	51840.0	4.688615150704639	123.2645	123.2705	34062	58964	Myotis mystacinus	0.011	0.032	-1	Echolocation	192000	/home/adkris/Documents/mila-human-wav-txt/20220826_070000.WAV	204	Waveform 1	1
HF	123.34626666666666	52500.0	52800.00000000001	4.943746572322608	123.3415	123.3489	52109	58863	Pipistrellus pygmaeus	0.147	0.319	-1	Echolocation	192000	/home/adkris/Documents/mila-human-wav-txt/20220826_070000.WAV	205	Waveform 1	1
HF	123.51156666666668	48750.0	48960.0	2.661133840355842	123.5085	123.5141	34062	71246	Myotis mystacinus	0.014	0.033	-1	Echolocation	192000	/home/adkris/Documents/mila-human-wav-txt/20220826_070000.WAV	206	Waveform 1	1
HF	123.64183333333334	49500.0	49920.0	1.2049082984373372	123.6405	123.6455	32343	70840	Myotis mystacinus	0.014	0.032	-1	Echolocation	192000	/home/adkris/Documents/mila-human-wav-txt/20220826_070000.WAV	207	Waveform 1	1
HF	123.70263333333334	48750.0	48960.0	0.0739063671090074	123.7015	123.7067	47812	55796	Pipistrellus pipistrellus	0.103	0.112	-1	Echolocation	192000	/home/adkris/Documents/mila-human-wav-txt/20220826_070000.WAV	208	Waveform 1	1
HF	123.71916666666668	50250.0	46080.0	2.8108586590489475	123.7175	123.721	43515	63206	Myotis mystacinus	0.052	0.121	-1	Echolocation	192000	/home/adkris/Documents/mila-human-wav-txt/20220826_070000.WAV	209	Waveform 1	1
HF	123.74973333333334	54000.0	52800.00000000001	9.12465815040336	123.7475	123.7516	46953	63320	Myotis alcathoe	0.163	0.304	-1	Echolocation	192000	/home/adkris/Documents/mila-human-wav-txt/20220826_070000.WAV	210	Waveform 1	1
HF	123.78193333333331	49500.0	55679.99999999999	6.406818965252531	123.7805	123.7854	33203	73182	Myotis mystacinus	0.014	0.036	-1	Echolocation	192000	/home/adkris/Documents/mila-human-wav-txt/20220826_070000.WAV	211	Waveform 1	1
HF	123.81593333333332	54750.0	55679.99999999999	14.699091157240868	123.8135	123.8174	49531	62719	Pipistrellus pygmaeus	0.164	0.368	-1	Echolocation	192000	/home/adkris/Documents/mila-human-wav-txt/20220826_070000.WAV	212	Waveform 1	1
HF	123.85396666666666	53250.0	53760.00000000001	10.344471148114373	123.8505	123.8557	52109	63515	Pipistrellus pipistrellus	0.254	0.457	-1	Echolocation	192000	/home/adkris/Documents/mila-human-wav-txt/20220826_070000.WAV	213	Waveform 1	1
HF	123.9639	53250.0	52800.00000000001	9.625832580361946	123.9615	123.9666	52109	58430	Pipistrellus pygmaeus	0.293	0.402	-1	Echolocation	192000	/home/adkris/Documents/mila-human-wav-txt/20220826_070000.WAV	214	Waveform 1	1
HF	124.06883333333332	54000.0	52800.00000000001	15.51021904331542	124.0665	124.0705	48671	62470	Pipistrellus pipistrellus	0.254	0.322	-1	Echolocation	192000	/home/adkris/Documents/mila-human-wav-txt/20220826_070000.WAV	215	Waveform 1	1
HF	124.15746666666666	51000.0	51840.0	13.991400335054111	124.1545	124.1602	48671	59813	Pipistrellus pipistrellus	0.379	0.448	-1	Echolocation	192000	/home/adkris/Documents/mila-human-wav-txt/20220826_070000.WAV	216	Waveform 1	1
HF	124.2456	50250.0	48960.0	3.0296758227736333	124.2435	124.2489	33203	65786	Myotis brandtii	0.009	0.023	-1	Echolocation	192000	/home/adkris/Documents/mila-human-wav-txt/20220826_070000.WAV	217	Waveform 1	1
HF	124.32806666666669	48750.0	47040.0	4.347089644251231	124.3245	124.3296	46093	59654	Pipistrellus pipistrellus	0.234	0.294	-1	Echolocation	192000	/home/adkris/Documents/mila-human-wav-txt/20220826_070000.WAV	218	Waveform 1	1
HF	124.40943333333334	48750.0	48960.0	13.60146511805791	124.4055	124.4114	46953	59560	Pipistrellus pipistrellus	0.451	0.628	-1	Echolocation	192000	/home/adkris/Documents/mila-human-wav-txt/20220826_070000.WAV	219	Waveform 1	1
HF	124.46163333333334	46500.0	46080.0	5.652320955387306	124.4575	124.4632	45234	59885	Pipistrellus pipistrellus	0.208	0.397	-1	Echolocation	192000	/home/adkris/Documents/mila-human-wav-txt/20220826_070000.WAV	220	Waveform 1	1
HF	124.53653333333334	56250.0	52800.00000000001	4.234487054432567	124.5335	124.5403	49531	57936	Pipistrellus pipistrellus	0.055	0.071	-1	Echolocation	192000	/home/adkris/Documents/mila-human-wav-txt/20220826_070000.WAV	221	Waveform 1	1
HF	137.1246	43500.0	43200.0	5.223109782569714	137.1205	137.1274	39218	47706	Pipistrellus nathusii	0.368	0.512	-1	Echolocation	192000	/home/adkris/Documents/mila-human-wav-txt/20220826_070000.WAV	222	Waveform 1	1
HF	137.51443333333333	39750.0	39360.0	4.519567335584441	137.5095	137.5179	39218	47720	Pipistrellus nathusii	0.452	0.573	-1	Echolocation	192000	/home/adkris/Documents/mila-human-wav-txt/20220826_070000.WAV	223	Waveform 1	1
HF	137.87956666666668	44250.0	43200.0	6.705262000532645	137.8755	137.8836	39218	46841	Pipistrellus nathusii	0.25	0.4	-1	Echolocation	192000	/home/adkris/Documents/mila-human-wav-txt/20220826_070000.WAV	224	Waveform 1	1
HF	138.0568	45000.0	42240.0	4.080441056629288	138.0535	138.0612	40078	48057	Pipistrellus nathusii	0.269	0.316	-1	Echolocation	192000	/home/adkris/Documents/mila-human-wav-txt/20220826_070000.WAV	225	Waveform 1	1
HF	138.15463333333332	45000.0	45120.0	9.491002657368616	138.1505	138.1597	40078	52656	Pipistrellus nathusii	0.37	0.444	-1	Echolocation	192000	/home/adkris/Documents/mila-human-wav-txt/20220826_070000.WAV	226	Waveform 1	1
HF	138.33596666666665	40500.0	41280.0	7.718109792060269	138.3285	138.3367	40078	53793	Pipistrellus nathusii	0.362	0.473	-1	Echolocation	192000	/home/adkris/Documents/mila-human-wav-txt/20220826_070000.WAV	227	Waveform 1	1
HF	138.4292	41250.0	41280.0	7.90017796362974	138.4235	138.4323	39218	46124	Pipistrellus nathusii	0.526	0.571	-1	Echolocation	192000	/home/adkris/Documents/mila-human-wav-txt/20220826_070000.WAV	228	Waveform 1	1
HF	138.60146666666668	42000.0	41280.0	10.897829680828425	138.59550000000002	138.6052	38359	52003	Pipistrellus nathusii	0.365	0.451	-1	Echolocation	192000	/home/adkris/Documents/mila-human-wav-txt/20220826_070000.WAV	229	Waveform 1	1
HF	138.6938	41250.0	41280.0	9.67536555185008	138.6875	138.6957	39218	51966	Pipistrellus nathusii	0.342	0.502	-1	Echolocation	192000	/home/adkris/Documents/mila-human-wav-txt/20220826_070000.WAV	230	Waveform 1	1
HF	138.7763	42000.0	40320.0	9.501061177014448	138.7705	138.7792	39218	53204	Pipistrellus nathusii	0.46	0.542	-1	Echolocation	192000	/home/adkris/Documents/mila-human-wav-txt/20220826_070000.WAV	231	Waveform 1	1
HF	138.95386666666667	40500.0	40320.0	5.691083076973782	138.9505	138.95929999999998	37500	44107	Pipistrellus nathusii	0.265	0.34	-1	Echolocation	192000	/home/adkris/Documents/mila-human-wav-txt/20220826_070000.WAV	232	Waveform 1	1
HF	139.2333	41250.0	41280.0	7.6716575608584225	139.2275	139.2362	40078	48826	Pipistrellus nathusii	0.292	0.391	-1	Echolocation	192000	/home/adkris/Documents/mila-human-wav-txt/20220826_070000.WAV	233	Waveform 1	1
HF	149.25953333333334	48000.0	48000.0	6.985763910356164	149.2555	149.2613	46953	55791	Pipistrellus pipistrellus	0.194	0.21	-1	Echolocation	192000	/home/adkris/Documents/mila-human-wav-txt/20220826_070000.WAV	234	Waveform 1	1
HF	149.31753333333333	54750.0	53760.00000000001	5.890012892442906	149.3145	149.3213	47812	56626	Pipistrellus pipistrellus	0.27	0.343	-1	Echolocation	192000	/home/adkris/Documents/mila-human-wav-txt/20220826_070000.WAV	235	Waveform 1	1
HF	149.64286666666666	48000.0	48000.0	1.850489412926952	149.6395	149.6448	38359	62156	Myotis bechsteinii	0.01	0.027	-1	Echolocation	192000	/home/adkris/Documents/mila-human-wav-txt/20220826_070000.WAV	236	Waveform 1	1
HF	150.0202	49500.0	48960.0	6.624952885517908	150.0175	150.0223	46953	57097	Pipistrellus pipistrellus	0.379	0.424	-1	Echolocation	192000	/home/adkris/Documents/mila-human-wav-txt/20220826_070000.WAV	237	Waveform 1	1
HF	150.0826	52500.0	47040.0	2.542237100634784	150.0805	150.0859	46953	57371	Pipistrellus pipistrellus	0.214	0.247	-1	Echolocation	192000	/home/adkris/Documents/mila-human-wav-txt/20220826_070000.WAV	238	Waveform 1	1
HF	150.3449	52500.0	52800.00000000001	2.682000871522777	150.3425	150.3476	31484	61756	Myotis daubentonii	0.013	0.024	-1	Echolocation	192000	/home/adkris/Documents/mila-human-wav-txt/20220826_070000.WAV	239	Waveform 1	1
HF	150.39666666666668	55500.0	54719.99999999999	9.54599589574718	150.3935	150.399	51250	59095	Pipistrellus pipistrellus	0.196	0.362	-1	Echolocation	192000	/home/adkris/Documents/mila-human-wav-txt/20220826_070000.WAV	240	Waveform 1	1
HF	150.4671	52500.0	53760.00000000001	17.24500180369359	150.4645	150.4694	47812	59282	Pipistrellus pipistrellus	0.449	0.563	-1	Echolocation	192000	/home/adkris/Documents/mila-human-wav-txt/20220826_070000.WAV	241	Waveform 1	1
HF	150.5493	48000.0	48960.0	6.133504023153538	150.5465	150.5512	46953	58919	Pipistrellus pipistrellus	0.249	0.287	-1	Echolocation	192000	/home/adkris/Documents/mila-human-wav-txt/20220826_070000.WAV	242	Waveform 1	1
HF	150.63486666666665	52500.0	52800.00000000001	1.5894819899145791	150.6315	150.6368	35781	62832	Myotis mystacinus	0.009	0.026	-1	Echolocation	192000	/home/adkris/Documents/mila-human-wav-txt/20220826_070000.WAV	243	Waveform 1	1
HF	150.7101	31500.0	48000.0	1.568887022860611	150.7085	150.7144	28046	47247	Myotis nattereri	0.006	0.025	-1	Echolocation	192000	/home/adkris/Documents/mila-human-wav-txt/20220826_070000.WAV	244	Waveform 1	1
HF	150.90553333333332	46500.0	46080.0	5.52392916196562	150.9035	150.9078	45234	58534	Pipistrellus pipistrellus	0.183	0.212	-1	Echolocation	192000	/home/adkris/Documents/mila-human-wav-txt/20220826_070000.WAV	245	Waveform 1	1
HF	150.9769	48750.0	48960.0	9.460812356637373	150.9725	150.9791	48671	61069	Pipistrellus pipistrellus	0.368	0.576	-1	Echolocation	192000	/home/adkris/Documents/mila-human-wav-txt/20220826_070000.WAV	246	Waveform 1	1
LF	155.06086666666667	27750.0	27839.999999999996	3.9623717694160945	155.0555	155.0658	27187	33328	Nyctalus leisleri	0.321	0.522	-1	Echolocation	192000	/home/adkris/Documents/mila-human-wav-txt/20220826_070000.WAV	247	Waveform 1	1
LF	157.3226	24000.0	24960.0	8.116190323688885	157.3035	157.3269	23750	28633	Nyctalus leisleri	0.098	0.219	-1	Echolocation	192000	/home/adkris/Documents/mila-human-wav-txt/20220826_070000.WAV	248	Waveform 1	1
LF	158.0537	24750.0	25920.0	10.394969537471558	158.0365	158.0583	24609	28860	Nyctalus leisleri	0.194	0.344	-1	Echolocation	192000	/home/adkris/Documents/mila-human-wav-txt/20220826_070000.WAV	249	Waveform 1	1
LF	158.49426666666668	25500.0	25920.0	2.4748934781635548	158.4815	158.4984	25468	30169	Eptesicus serotinus	0.027	0.069	-1	Echolocation	192000	/home/adkris/Documents/mila-human-wav-txt/20220826_070000.WAV	250	Waveform 1	1
LF	158.90266666666668	25500.0	25920.0	7.549824625120948	158.8865	158.907	25468	30777	Nyctalus leisleri	0.067	0.137	-1	Echolocation	192000	/home/adkris/Documents/mila-human-wav-txt/20220826_070000.WAV	251	Waveform 1	1
LF	159.75353333333334	27000.0	26880.000000000004	8.009502386714587	159.7425	159.7623	25468	31392	Nyctalus leisleri	0.113	0.243	-1	Echolocation	192000	/home/adkris/Documents/mila-human-wav-txt/20220826_070000.WAV	252	Waveform 1	1
LF	160.44786666666667	27000.0	26880.000000000004	6.8715271568251985	160.4325	160.4503	26328	30888	Nyctalus leisleri	0.081	0.149	-1	Echolocation	192000	/home/adkris/Documents/mila-human-wav-txt/20220826_070000.WAV	253	Waveform 1	1
LF	160.88666666666666	25500.0	24960.0	4.056247385109621	160.8795	160.895	24609	28257	Nyctalus leisleri	0.113	0.203	-1	Echolocation	192000	/home/adkris/Documents/mila-human-wav-txt/20220826_070000.WAV	254	Waveform 1	1
HF	161.1069	50250.0	48960.0	6.773040119282859	161.1045	161.1096	47812	55273	Pipistrellus pipistrellus	0.431	0.471	-1	Echolocation	192000	/home/adkris/Documents/mila-human-wav-txt/20220826_070000.WAV	255	Waveform 1	1
LF	161.6275	23250.0	24000.0	6.797904977881604	161.6145	161.6335	22890	26449	Nyctalus leisleri	0.356	0.413	-1	Echolocation	192000	/home/adkris/Documents/mila-human-wav-txt/20220826_070000.WAV	256	Waveform 1	1
HF	161.88386666666668	48000.0	48960.0	4.052326187967486	161.8805	161.8858	46953	56987	Pipistrellus pipistrellus	0.273	0.292	-1	Echolocation	192000	/home/adkris/Documents/mila-human-wav-txt/20220826_070000.WAV	257	Waveform 1	1
HF	162.0254	56250.0	52800.00000000001	4.778985410255769	162.0205	162.0266	34921	57339	Myotis daubentonii	0.007	0.025	-1	Echolocation	192000	/home/adkris/Documents/mila-human-wav-txt/20220826_070000.WAV	258	Waveform 1	1
HF	162.2842	54000.0	54719.99999999999	5.801085697240945	162.2805	162.2878	46953	62048	Pipistrellus pipistrellus	0.261	0.354	-1	Echolocation	192000	/home/adkris/Documents/mila-human-wav-txt/20220826_070000.WAV	259	Waveform 1	1
HF	162.58033333333333	48000.0	48960.0	5.683270805906616	162.5765	162.5825	46953	60014	Pipistrellus pipistrellus	0.402	0.441	-1	Echolocation	192000	/home/adkris/Documents/mila-human-wav-txt/20220826_070000.WAV	260	Waveform 1	1
HF	162.63426666666666	53250.0	52800.00000000001	4.666328191158295	162.6315	162.6374	47812	62340	Pipistrellus pipistrellus	0.147	0.226	-1	Echolocation	192000	/home/adkris/Documents/mila-human-wav-txt/20220826_070000.WAV	261	Waveform 1	1
HF	162.69446666666667	49500.0	49920.0	3.5332023198276024	162.6895	162.6967	48671	63113	Pipistrellus pipistrellus	0.239	0.289	-1	Echolocation	192000	/home/adkris/Documents/mila-human-wav-txt/20220826_070000.WAV	262	Waveform 1	1
LF	162.78346666666667	25500.0	25920.0	10.353102666555788	162.7675	162.7882	24609	29517	Nyctalus leisleri	0.226	0.332	-1	Echolocation	192000	/home/adkris/Documents/mila-human-wav-txt/20220826_070000.WAV	263	Waveform 1	1
HF	162.77116666666666	51750.0	49920.0	4.9545621491871135	162.7685	162.7745	48671	57610	Pipistrellus pipistrellus	0.233	0.248	-1	Echolocation	192000	/home/adkris/Documents/mila-human-wav-txt/20220826_070000.WAV	264	Waveform 1	1
HF	162.86793333333333	48750.0	48960.0	19.455688274638785	162.8625	162.8704	47812	61765	Pipistrellus pipistrellus	0.521	0.684	-1	Echolocation	192000	/home/adkris/Documents/mila-human-wav-txt/20220826_070000.WAV	265	Waveform 1	1
HF	162.95693333333332	49500.0	48960.0	9.847744840154755	162.9535	162.9599	46093	64107	Pipistrellus pipistrellus	0.452	0.576	-1	Echolocation	192000	/home/adkris/Documents/mila-human-wav-txt/20220826_070000.WAV	266	Waveform 1	1
HF	163.05096666666665	49500.0	49920.0	6.751722453617064	163.0475	163.0527	46953	59284	Pipistrellus pipistrellus	0.498	0.564	-1	Echolocation	192000	/home/adkris/Documents/mila-human-wav-txt/20220826_070000.WAV	267	Waveform 1	1
LF	163.06813333333332	26250.0	25920.0	16.434684474485444	163.0505	163.0707	25468	30176	Nyctalus leisleri	0.193	0.323	-1	Echolocation	192000	/home/adkris/Documents/mila-human-wav-txt/20220826_070000.WAV	268	Waveform 1	1
HF	163.13203333333334	79500.0	79680.0	0.0739369431777908	163.1305	163.1738	68437	82709	Rhinolophus ferrumequinum	0.029	0.029	-1	Echolocation	192000	/home/adkris/Documents/mila-human-wav-txt/20220826_070000.WAV	269	Waveform 1	1
HF	163.2093	49500.0	48960.0	10.036223844254302	163.2065	163.2112	46953	61571	Pipistrellus pipistrellus	0.287	0.334	-1	Echolocation	192000	/home/adkris/Documents/mila-human-wav-txt/20220826_070000.WAV	270	Waveform 1	1
HF	163.25366666666667	48000.0	48960.0	3.8913678041734134	163.2505	163.256	33203	69558	Myotis mystacinus	0.009	0.026	-1	Echolocation	192000	/home/adkris/Documents/mila-human-wav-txt/20220826_070000.WAV	271	Waveform 1	1
HF	163.2828	46500.0	46080.0	2.685381340525577	163.2785	163.2852	45234	59735	Pipistrellus pipistrellus	0.06	0.11	-1	Echolocation	192000	/home/adkris/Documents/mila-human-wav-txt/20220826_070000.WAV	272	Waveform 1	1
HF	163.437	50250.0	48960.0	14.01548950840727	163.4325	163.439	47812	62780	Pipistrellus pipistrellus	0.498	0.584	-1	Echolocation	192000	/home/adkris/Documents/mila-human-wav-txt/20220826_070000.WAV	273	Waveform 1	1
HF	163.49416666666667	48750.0	48960.0	23.28054187309741	163.4895	163.497	46093	66433	Pipistrellus pipistrellus	0.572	0.674	-1	Echolocation	192000	/home/adkris/Documents/mila-human-wav-txt/20220826_070000.WAV	274	Waveform 1	1
LF	163.64136666666667	25500.0	25920.0	10.986357727112551	163.6255	163.6428	25468	31545	Nyctalus leisleri	0.245	0.478	-1	Echolocation	192000	/home/adkris/Documents/mila-human-wav-txt/20220826_070000.WAV	275	Waveform 1	1
HF	163.7125	53250.0	55679.99999999999	10.939003064842652	163.7105	163.716	46953	61842	Pipistrellus pipistrellus	0.475	0.56	-1	Echolocation	192000	/home/adkris/Documents/mila-human-wav-txt/20220826_070000.WAV	276	Waveform 1	1
HF	163.7852	53250.0	52800.00000000001	18.954218132681785	163.7815	163.7888	47812	66914	Pipistrellus pipistrellus	0.504	0.668	-1	Echolocation	192000	/home/adkris/Documents/mila-human-wav-txt/20220826_070000.WAV	277	Waveform 1	1
HF	163.8496	57750.0	56640.0	16.090333723167305	163.8455	163.8524	56406	64698	Pipistrellus pygmaeus	0.045	0.053	-1	Echolocation	192000	/home/adkris/Documents/mila-human-wav-txt/20220826_070000.WAV	278	Waveform 1	1
HF	163.92753333333334	49500.0	48960.0	26.63781837125441	163.9235	163.9293	45234	71737	Pipistrellus pipistrellus	0.442	0.591	-1	Echolocation	192000	/home/adkris/Documents/mila-human-wav-txt/20220826_070000.WAV	279	Waveform 1	1
HF	164.0254	48750.0	48960.0	23.63895275377044	164.0195	164.0281	46093	63961	Pipistrellus pipistrellus	0.237	0.469	-1	Echolocation	192000	/home/adkris/Documents/mila-human-wav-txt/20220826_070000.WAV	280	Waveform 1	1
LF	164.09236666666666	24000.0	24000.0	4.428708391611664	164.0725	164.0963	23750	28632	Nyctalus leisleri	0.114	0.282	-1	Echolocation	192000	/home/adkris/Documents/mila-human-wav-txt/20220826_070000.WAV	281	Waveform 1	1
HF	164.1544	53250.0	51840.0	4.208547260583897	164.1525	164.1581	47812	57910	Pipistrellus pipistrellus	0.325	0.343	-1	Echolocation	192000	/home/adkris/Documents/mila-human-wav-txt/20220826_070000.WAV	282	Waveform 1	1
HF	164.2475	51000.0	48000.0	0.6361181896371291	164.2455	164.251	34921	65320	Myotis mystacinus	0.01	0.027	-1	Echolocation	192000	/home/adkris/Documents/mila-human-wav-txt/20220826_070000.WAV	283	Waveform 1	1
HF	164.43796666666665	49500.0	49920.0	11.354675223121095	164.4345	164.4397	47812	60571	Pipistrellus pipistrellus	0.499	0.559	-1	Echolocation	192000	/home/adkris/Documents/mila-human-wav-txt/20220826_070000.WAV	284	Waveform 1	1
HF	164.77179999999998	47250.0	47040.0	11.715378029137248	164.7675	164.7742	46093	59301	Pipistrellus pipistrellus	0.39	0.596	-1	Echolocation	192000	/home/adkris/Documents/mila-human-wav-txt/20220826_070000.WAV	285	Waveform 1	1
HF	165.06006666666667	48000.0	48960.0	3.282218499822694	165.0565	165.0616	46093	59533	Pipistrellus pipistrellus	0.383	0.47	-1	Echolocation	192000	/home/adkris/Documents/mila-human-wav-txt/20220826_070000.WAV	286	Waveform 1	1
LF	165.38663333333332	21750.0	22080.0	6.197046705251237	165.3855	165.3942	19453	24501	Plecotus austriacus	0.03	0.054	-1	Echolocation	192000	/home/adkris/Documents/mila-human-wav-txt/20220826_070000.WAV	287	Waveform 1	1
LF	165.8071	24750.0	24960.0	12.314150389947171	165.7985	165.8184	24609	28876	Nyctalus leisleri	0.279	0.393	-1	Echolocation	192000	/home/adkris/Documents/mila-human-wav-txt/20220826_070000.WAV	288	Waveform 1	1
LF	166.1048	24000.0	24000.0	6.220146574492657	166.0925	166.1087	23750	28455	Nyctalus leisleri	0.287	0.445	-1	Echolocation	192000	/home/adkris/Documents/mila-human-wav-txt/20220826_070000.WAV	289	Waveform 1	1
LF	166.41863333333333	25500.0	25920.0	11.00425401381884	166.3995	166.4217	25468	29414	Nyctalus leisleri	0.191	0.269	-1	Echolocation	192000	/home/adkris/Documents/mila-human-wav-txt/20220826_070000.WAV	290	Waveform 1	1
LF	166.55203333333333	27000.0	26880.000000000004	11.013667562717092	166.5385	166.5558	25468	31079	Nyctalus leisleri	0.318	0.525	-1	Echolocation	192000	/home/adkris/Documents/mila-human-wav-txt/20220826_070000.WAV	291	Waveform 1	1
LF	166.72413333333333	26250.0	25920.0	10.19467656291626	166.7105	166.7277	25468	29810	Nyctalus leisleri	0.379	0.508	-1	Echolocation	192000	/home/adkris/Documents/mila-human-wav-txt/20220826_070000.WAV	292	Waveform 1	1
LF	166.91649999999998	25500.0	25920.0	12.07949342160248	166.8995	166.918	24609	31191	Nyctalus leisleri	0.24	0.428	-1	Echolocation	192000	/home/adkris/Documents/mila-human-wav-txt/20220826_070000.WAV	293	Waveform 1	1
LF	167.1168	25500.0	25920.0	11.832361885052736	167.1035	167.1187	25468	31835	Nyctalus leisleri	0.154	0.326	-1	Echolocation	192000	/home/adkris/Documents/mila-human-wav-txt/20220826_070000.WAV	294	Waveform 1	1
LF	167.27986666666666	27000.0	25920.0	8.779279258437656	167.2755	167.2903	25468	30923	Nyctalus leisleri	0.375	0.53	-1	Echolocation	192000	/home/adkris/Documents/mila-human-wav-txt/20220826_070000.WAV	295	Waveform 1	1
LF	167.43423333333334	26250.0	26880.000000000004	12.889758109787554	167.4265	167.4391	25468	32773	Nyctalus leisleri	0.261	0.562	-1	Echolocation	192000	/home/adkris/Documents/mila-human-wav-txt/20220826_070000.WAV	296	Waveform 1	1
LF	168.5328	26250.0	26880.000000000004	15.4514147068869	168.5135	168.5332	25468	30250	Nyctalus leisleri	0.293	0.456	-1	Echolocation	192000	/home/adkris/Documents/mila-human-wav-txt/20220826_070000.WAV	297	Waveform 1	1
LF	169.1004	25500.0	25920.0	29.050881497481218	169.0795	169.1011	24609	30230	Nyctalus leisleri	0.142	0.381	-1	Echolocation	192000	/home/adkris/Documents/mila-human-wav-txt/20220826_070000.WAV	298	Waveform 1	1
LF	169.38693333333333	24000.0	24960.0	15.516027298894324	169.3725	169.3924	23750	27774	Nyctalus leisleri	0.196	0.348	-1	Echolocation	192000	/home/adkris/Documents/mila-human-wav-txt/20220826_070000.WAV	299	Waveform 1	1
LF	169.7925	25500.0	25920.0	18.97859529647471	169.7835	169.7995	24609	30766	Nyctalus leisleri	0.268	0.455	-1	Echolocation	192000	/home/adkris/Documents/mila-human-wav-txt/20220826_070000.WAV	300	Waveform 1	1
LF	170.20333333333332	24750.0	24960.0	11.502345013117328	170.1895	170.2135	23750	28106	Nyctalus leisleri	0.254	0.345	-1	Echolocation	192000	/home/adkris/Documents/mila-human-wav-txt/20220826_070000.WAV	301	Waveform 1	1
LF	170.4795	25500.0	25920.0	19.195855024853103	170.4655	170.487	23750	30758	Eptesicus serotinus	0.148	0.4	-1	Echolocation	192000	/home/adkris/Documents/mila-human-wav-txt/20220826_070000.WAV	302	Waveform 1	1
LF	170.89943333333332	24750.0	24960.0	9.33047767812629	170.8865	170.9114	23750	27640	Nyctalus leisleri	0.248	0.336	-1	Echolocation	192000	/home/adkris/Documents/mila-human-wav-txt/20220826_070000.WAV	303	Waveform 1	1
LF	171.76633333333334	24750.0	24960.0	10.209758498020332	171.7515	171.7745	23750	28141	Nyctalus leisleri	0.195	0.306	-1	Echolocation	192000	/home/adkris/Documents/mila-human-wav-txt/20220826_070000.WAV	304	Waveform 1	1
LF	172.3161	26250.0	26880.000000000004	7.585893533120599	172.3095	172.3244	26328	30579	Nyctalus leisleri	0.177	0.302	-1	Echolocation	192000	/home/adkris/Documents/mila-human-wav-txt/20220826_070000.WAV	305	Waveform 1	1
LF	173.04783333333333	28500.0	28800.0	4.226047065331403	173.0365	173.049	27187	32339	Eptesicus serotinus	0.124	0.217	-1	Echolocation	192000	/home/adkris/Documents/mila-human-wav-txt/20220826_070000.WAV	306	Waveform 1	1
LF	173.1892	27750.0	27839.999999999996	5.547761509200254	173.1755	173.1903	27187	32924	Eptesicus serotinus	0.144	0.295	-1	Echolocation	192000	/home/adkris/Documents/mila-human-wav-txt/20220826_070000.WAV	307	Waveform 1	1
LF	174.40096666666668	26250.0	25920.0	17.01393117877761	174.3895	174.4042	25468	32209	Eptesicus serotinus	0.198	0.42	-1	Echolocation	192000	/home/adkris/Documents/mila-human-wav-txt/20220826_070000.WAV	308	Waveform 1	1
LF	174.54546666666667	25500.0	25920.0	16.44559791897838	174.5355	174.5517	24609	28699	Nyctalus leisleri	0.418	0.543	-1	Echolocation	192000	/home/adkris/Documents/mila-human-wav-txt/20220826_070000.WAV	309	Waveform 1	1
LF	174.77393333333333	25500.0	25920.0	10.281328699384405	174.7565	174.7804	24609	29273	Nyctalus leisleri	0.152	0.26	-1	Echolocation	192000	/home/adkris/Documents/mila-human-wav-txt/20220826_070000.WAV	310	Waveform 1	1
LF	175.41373333333334	24000.0	24960.0	8.571974563931246	175.4035	175.4206	24609	29269	Nyctalus leisleri	0.146	0.292	-1	Echolocation	192000	/home/adkris/Documents/mila-human-wav-txt/20220826_070000.WAV	311	Waveform 1	1
LF	175.8209	25500.0	25920.0	15.286002798601931	175.8095	175.82659999999998	23750	29685	Nyctalus leisleri	0.243	0.452	-1	Echolocation	192000	/home/adkris/Documents/mila-human-wav-txt/20220826_070000.WAV	312	Waveform 1	1
LF	176.23666666666668	25500.0	25920.0	7.761440222328705	176.22050000000002	176.2375	25468	29371	Nyctalus leisleri	0.396	0.492	-1	Echolocation	192000	/home/adkris/Documents/mila-human-wav-txt/20220826_070000.WAV	313	Waveform 1	1
LF	176.6509	24750.0	25920.0	13.96345476973303	176.6375	176.6526	24609	30438	Nyctalus leisleri	0.232	0.533	-1	Echolocation	192000	/home/adkris/Documents/mila-human-wav-txt/20220826_070000.WAV	314	Waveform 1	1
LF	177.06629999999998	24750.0	24960.0	8.846056336187901	177.0525	177.0742	23750	28503	Nyctalus leisleri	0.246	0.379	-1	Echolocation	192000	/home/adkris/Documents/mila-human-wav-txt/20220826_070000.WAV	315	Waveform 1	1
LF	177.3526	25500.0	25920.0	12.834722294167635	177.3405	177.3569	24609	28661	Nyctalus leisleri	0.398	0.501	-1	Echolocation	192000	/home/adkris/Documents/mila-human-wav-txt/20220826_070000.WAV	316	Waveform 1	1
LF	178.045	25500.0	25920.0	11.48541937526036	178.0355	178.051	24609	29014	Nyctalus leisleri	0.308	0.506	-1	Echolocation	192000	/home/adkris/Documents/mila-human-wav-txt/20220826_070000.WAV	317	Waveform 1	1
LF	178.4588	24000.0	24000.0	1.325274734119108	178.4495	178.4687	23750	27383	Nyctalus leisleri	0.028	0.057	-1	Echolocation	192000	/home/adkris/Documents/mila-human-wav-txt/20220826_070000.WAV	318	Waveform 1	1
LF	178.8757	25500.0	24960.0	6.7185527266714695	178.85750000000002	178.8783	24609	30628	Nyctalus leisleri	0.15	0.356	-1	Echolocation	192000	/home/adkris/Documents/mila-human-wav-txt/20220826_070000.WAV	319	Waveform 1	1
LF	179.3084	26250.0	29760.0	0.0918974357779372	179.2995	179.3086	27187	38790	Eptesicus serotinus	0.01	0.023	-1	Echolocation	192000	/home/adkris/Documents/mila-human-wav-txt/20220826_070000.WAV	320	Waveform 1	1
LF	179.9495	24750.0	24960.0	14.440977920169242	179.9395	179.9545	23750	31013	Eptesicus serotinus	0.287	0.493	-1	Echolocation	192000	/home/adkris/Documents/mila-human-wav-txt/20220826_070000.WAV	321	Waveform 1	1
LF	180.113	24750.0	25920.0	3.891652986290643	180.1025	180.117	25468	30538	Nyctalus leisleri	0.303	0.508	-1	Echolocation	192000	/home/adkris/Documents/mila-human-wav-txt/20220826_070000.WAV	322	Waveform 1	1
HF	180.28183333333337	42000.0	41280.0	3.714107569594275	180.2775	180.2865	40937	51558	Pipistrellus nathusii	0.211	0.241	-1	Echolocation	192000	/home/adkris/Documents/mila-human-wav-txt/20220826_070000.WAV	323	Waveform 1	1
HF	180.483	42000.0	40320.0	3.372910601087655	180.4795	180.487	40078	47375	Pipistrellus nathusii	0.507	0.544	-1	Echolocation	192000	/home/adkris/Documents/mila-human-wav-txt/20220826_070000.WAV	324	Waveform 1	1
HF	180.67226666666667	45000.0	41280.0	4.71285021545316	180.6695	180.6789	38359	49514	Pipistrellus nathusii	0.419	0.525	-1	Echolocation	192000	/home/adkris/Documents/mila-human-wav-txt/20220826_070000.WAV	325	Waveform 1	1
HF	180.86256666666668	40500.0	41280.0	6.916331185323436	180.8575	180.8681	39218	52389	Pipistrellus nathusii	0.493	0.563	-1	Echolocation	192000	/home/adkris/Documents/mila-human-wav-txt/20220826_070000.WAV	326	Waveform 1	1
HF	180.9559	41250.0	41280.0	3.648995854977881	180.9525	180.9601	38359	48275	Pipistrellus nathusii	0.324	0.4	-1	Echolocation	192000	/home/adkris/Documents/mila-human-wav-txt/20220826_070000.WAV	327	Waveform 1	1
HF	181.04866666666663	40500.0	41280.0	5.359911211265467	181.0425	181.052	39218	50843	Pipistrellus nathusii	0.477	0.578	-1	Echolocation	192000	/home/adkris/Documents/mila-human-wav-txt/20220826_070000.WAV	328	Waveform 1	1
HF	181.14573333333337	41250.0	41280.0	3.3339356893007417	181.1415	181.1506	39218	46406	Pipistrellus nathusii	0.319	0.36	-1	Echolocation	192000	/home/adkris/Documents/mila-human-wav-txt/20220826_070000.WAV	329	Waveform 1	1
HF	181.2402	40500.0	41280.0	5.10818011376943	181.2345	181.2433	39218	48505	Pipistrellus nathusii	0.464	0.538	-1	Echolocation	192000	/home/adkris/Documents/mila-human-wav-txt/20220826_070000.WAV	330	Waveform 1	1
HF	181.3306	41250.0	41280.0	7.926435987004722	181.3275	181.3354	39218	51501	Pipistrellus nathusii	0.624	0.653	-1	Echolocation	192000	/home/adkris/Documents/mila-human-wav-txt/20220826_070000.WAV	331	Waveform 1	1
HF	181.4211	42000.0	41280.0	5.316783618579385	181.4175	181.4249	40078	48800	Pipistrellus nathusii	0.548	0.605	-1	Echolocation	192000	/home/adkris/Documents/mila-human-wav-txt/20220826_070000.WAV	332	Waveform 1	1
HF	181.5229	42000.0	41280.0	6.8628102795140045	181.5195	181.5271	39218	46577	Pipistrellus nathusii	0.507	0.545	-1	Echolocation	192000	/home/adkris/Documents/mila-human-wav-txt/20220826_070000.WAV	333	Waveform 1	1
HF	181.62246666666667	41250.0	41280.0	5.372072483985539	181.6175	181.6247	40078	50713	Pipistrellus nathusii	0.474	0.57	-1	Echolocation	192000	/home/adkris/Documents/mila-human-wav-txt/20220826_070000.WAV	334	Waveform 1	1
HF	181.72246666666663	41250.0	41280.0	11.870478350975066	181.7185	181.7267	39218	54684	Pipistrellus nathusii	0.531	0.621	-1	Echolocation	192000	/home/adkris/Documents/mila-human-wav-txt/20220826_070000.WAV	335	Waveform 1	1
HF	181.82353333333333	44250.0	41280.0	5.131424801726787	181.8185	181.8268	40078	52326	Pipistrellus nathusii	0.503	0.581	-1	Echolocation	192000	/home/adkris/Documents/mila-human-wav-txt/20220826_070000.WAV	336	Waveform 1	1
HF	181.91363333333337	48000.0	48960.0	4.589205229516331	181.9115	181.9192	48671	52709	Pipistrellus pipistrellus	0.019	0.033	-1	Echolocation	192000	/home/adkris/Documents/mila-human-wav-txt/20220826_070000.WAV	337	Waveform 1	1
HF	182.11026666666663	42750.0	40320.0	10.902687047962626	182.1055	182.1129	38359	51182	Pipistrellus nathusii	0.232	0.437	-1	Echolocation	192000	/home/adkris/Documents/mila-human-wav-txt/20220826_070000.WAV	338	Waveform 1	1
HF	182.4861	49500.0	48960.0	6.279850610594479	182.4845	182.4904	49531	54062	Pipistrellus pipistrellus	0.014	0.025	-1	Echolocation	192000	/home/adkris/Documents/mila-human-wav-txt/20220826_070000.WAV	339	Waveform 1	1
HF	182.75473333333332	41250.0	41280.0	7.827372804372736	182.7495	182.7576	40078	48610	Pipistrellus nathusii	0.371	0.437	-1	Echolocation	192000	/home/adkris/Documents/mila-human-wav-txt/20220826_070000.WAV	340	Waveform 1	1
HF	183.02013333333335	42000.0	43200.0	4.693606587517225	183.0165	183.0262	36640	46784	Pipistrellus nathusii	0.303	0.4	-1	Echolocation	192000	/home/adkris/Documents/mila-human-wav-txt/20220826_070000.WAV	341	Waveform 1	1
HF	183.09813333333332	39750.0	39360.0	5.114116311939152	183.0915	183.1017	37500	43530	Pipistrellus nathusii	0.169	0.227	-1	Echolocation	192000	/home/adkris/Documents/mila-human-wav-txt/20220826_070000.WAV	342	Waveform 1	1
HF	183.16986666666668	39000.0	39360.0	2.494112381515732	183.1655	183.1733	37500	44318	Pipistrellus nathusii	0.291	0.402	-1	Echolocation	192000	/home/adkris/Documents/mila-human-wav-txt/20220826_070000.WAV	343	Waveform 1	1
HF	186.2894	42000.0	42240.0	4.299719997262533	186.2865	186.2946	37500	45554	Pipistrellus nathusii	0.233	0.346	-1	Echolocation	192000	/home/adkris/Documents/mila-human-wav-txt/20220826_070000.WAV	344	Waveform 1	1
HF	186.62576666666664	42750.0	45120.0	3.076343929221519	186.6235	186.6299	37500	49770	Pipistrellus nathusii	0.21	0.369	-1	Echolocation	192000	/home/adkris/Documents/mila-human-wav-txt/20220826_070000.WAV	345	Waveform 1	1
HF	186.7949	45750.0	45120.0	7.141603559352748	186.7915	186.7991	40078	50495	Pipistrellus nathusii	0.223	0.302	-1	Echolocation	192000	/home/adkris/Documents/mila-human-wav-txt/20220826_070000.WAV	346	Waveform 1	1
HF	187.05286666666663	46500.0	45120.0	10.104003448104343	187.0505	187.0568	35781	50139	Pipistrellus nathusii	0.113	0.333	-1	Echolocation	192000	/home/adkris/Documents/mila-human-wav-txt/20220826_070000.WAV	347	Waveform 1	1
HF	187.2356	45750.0	45120.0	3.3499348216104967	187.2325	187.2404	40937	51512	Pipistrellus nathusii	0.259	0.343	-1	Echolocation	192000	/home/adkris/Documents/mila-human-wav-txt/20220826_070000.WAV	348	Waveform 1	1
HF	187.3708	42750.0	44160.0	6.976546148906245	187.3675	187.3752	38359	50000	Pipistrellus nathusii	0.448	0.529	-1	Echolocation	192000	/home/adkris/Documents/mila-human-wav-txt/20220826_070000.WAV	349	Waveform 1	1
HF	187.5334333333333	41250.0	42240.0	4.370416266050536	187.5285	187.5369	40078	49326	Pipistrellus nathusii	0.403	0.439	-1	Echolocation	192000	/home/adkris/Documents/mila-human-wav-txt/20220826_070000.WAV	350	Waveform 1	1
HF	187.6282	40500.0	40320.0	10.417911164251892	187.6215	187.6293	38359	49598	Pipistrellus nathusii	0.4	0.504	-1	Echolocation	192000	/home/adkris/Documents/mila-human-wav-txt/20220826_070000.WAV	351	Waveform 1	1
HF	187.72126666666668	41250.0	40320.0	16.728620807744477	187.7165	187.7239	37500	52406	Pipistrellus nathusii	0.239	0.516	-1	Echolocation	192000	/home/adkris/Documents/mila-human-wav-txt/20220826_070000.WAV	352	Waveform 1	1
HF	187.8167	42000.0	41280.0	8.715819523968317	187.8115	187.8173	38359	52347	Pipistrellus nathusii	0.197	0.412	-1	Echolocation	192000	/home/adkris/Documents/mila-human-wav-txt/20220826_070000.WAV	353	Waveform 1	1
HF	187.90706666666668	41250.0	41280.0	7.477745532528022	187.9025	187.9101	40078	52322	Pipistrellus nathusii	0.209	0.314	-1	Echolocation	192000	/home/adkris/Documents/mila-human-wav-txt/20220826_070000.WAV	354	Waveform 1	1
HF	188.1724	40500.0	39360.0	11.162136257817588	188.1685	188.1756	37500	51783	Pipistrellus nathusii	0.332	0.482	-1	Echolocation	192000	/home/adkris/Documents/mila-human-wav-txt/20220826_070000.WAV	355	Waveform 1	1
HF	188.26743333333337	42750.0	41280.0	7.276632399218168	188.2625	188.2709	37500	48144	Pipistrellus nathusii	0.338	0.519	-1	Echolocation	192000	/home/adkris/Documents/mila-human-wav-txt/20220826_070000.WAV	356	Waveform 1	1
HF	188.46173333333337	42000.0	42240.0	9.097803440137632	188.4585	188.4651	36640	51095	Pipistrellus nathusii	0.1	0.325	-1	Echolocation	192000	/home/adkris/Documents/mila-human-wav-txt/20220826_070000.WAV	357	Waveform 1	1
HF	188.6437	40500.0	40320.0	8.11011064476728	188.6375	188.6458	39218	48032	Pipistrellus nathusii	0.408	0.488	-1	Echolocation	192000	/home/adkris/Documents/mila-human-wav-txt/20220826_070000.WAV	358	Waveform 1	1
HF	188.7347	42000.0	40320.0	2.2030659249731537	188.7315	188.7393	38359	44480	Pipistrellus nathusii	0.286	0.366	-1	Echolocation	192000	/home/adkris/Documents/mila-human-wav-txt/20220826_070000.WAV	359	Waveform 1	1
HF	188.8266	44250.0	44160.0	1.505523219245978	188.8255	188.8319	35781	46704	Barbastellus barbastellus	0.02	0.046	-1	Echolocation	192000	/home/adkris/Documents/mila-human-wav-txt/20220826_070000.WAV	360	Waveform 1	1
HF	188.92783333333333	40500.0	43200.0	6.206225805166655	188.9225	188.9305	39218	49777	Pipistrellus nathusii	0.258	0.398	-1	Echolocation	192000	/home/adkris/Documents/mila-human-wav-txt/20220826_070000.WAV	361	Waveform 1	1
HF	189.022	39000.0	39360.0	7.840038117103316	189.0175	189.024	37500	48447	Pipistrellus nathusii	0.226	0.473	-1	Echolocation	192000	/home/adkris/Documents/mila-human-wav-txt/20220826_070000.WAV	362	Waveform 1	1
HF	189.21866666666668	46500.0	46080.0	6.561851909439258	189.2175	189.225	40078	48915	Pipistrellus nathusii	0.146	0.209	-1	Echolocation	192000	/home/adkris/Documents/mila-human-wav-txt/20220826_070000.WAV	363	Waveform 1	1
HF	189.40186666666668	43500.0	42240.0	2.8109716179411057	189.3975	189.4053	40078	46822	Pipistrellus nathusii	0.26	0.34	-1	Echolocation	192000	/home/adkris/Documents/mila-human-wav-txt/20220826_070000.WAV	364	Waveform 1	1
HF	190.9613	48750.0	48960.0	5.656846466936346	190.9575	190.9647	47812	56589	Pipistrellus pipistrellus	0.486	0.535	-1	Echolocation	192000	/home/adkris/Documents/mila-human-wav-txt/20220826_070000.WAV	365	Waveform 1	1
HF	191.10596666666663	53250.0	55679.99999999999	4.691571557506389	191.1025	191.1077	47812	59778	Pipistrellus pipistrellus	0.074	0.092	-1	Echolocation	192000	/home/adkris/Documents/mila-human-wav-txt/20220826_070000.WAV	366	Waveform 1	1
HF	191.32333333333332	52500.0	50880.0	1.660757561631427	191.3205	191.3275	50390	56885	Pipistrellus pipistrellus	0.114	0.144	-1	Echolocation	192000	/home/adkris/Documents/mila-human-wav-txt/20220826_070000.WAV	367	Waveform 1	1
HF	191.37943333333337	49500.0	49920.0	6.938829055718102	191.3755	191.3814	48671	61881	Pipistrellus pipistrellus	0.535	0.641	-1	Echolocation	192000	/home/adkris/Documents/mila-human-wav-txt/20220826_070000.WAV	368	Waveform 1	1
HF	191.44273333333336	50250.0	49920.0	9.01013221507768	191.4395	191.4461	47812	58932	Pipistrellus pipistrellus	0.517	0.605	-1	Echolocation	192000	/home/adkris/Documents/mila-human-wav-txt/20220826_070000.WAV	369	Waveform 1	1
HF	191.7421	57000.0	56640.0	7.924753033168645	191.7395	191.7479	56406	64915	Pipistrellus pygmaeus	0.024	0.026	-1	Echolocation	192000	/home/adkris/Documents/mila-human-wav-txt/20220826_070000.WAV	370	Waveform 1	1
HF	191.81193333333337	51750.0	52800.00000000001	12.232465055878324	191.8085	191.8149	47812	61195	Pipistrellus pipistrellus	0.461	0.541	-1	Echolocation	192000	/home/adkris/Documents/mila-human-wav-txt/20220826_070000.WAV	371	Waveform 1	1
HF	191.90786666666668	49500.0	52800.00000000001	2.1745973362138	191.9055	191.9118	48671	54834	Pipistrellus pipistrellus	0.414	0.43	-1	Echolocation	192000	/home/adkris/Documents/mila-human-wav-txt/20220826_070000.WAV	372	Waveform 1	1
HF	191.9687	56250.0	55679.99999999999	3.97047950059687	191.9645	191.9713	54687	63527	Pipistrellus pipistrellus	0.14	0.22	-1	Echolocation	192000	/home/adkris/Documents/mila-human-wav-txt/20220826_070000.WAV	373	Waveform 1	1
HF	192.05423333333337	55500.0	55679.99999999999	9.020995840500015	192.0505	192.0601	50390	65244	Pipistrellus pygmaeus	0.257	0.523	-1	Echolocation	192000	/home/adkris/Documents/mila-human-wav-txt/20220826_070000.WAV	374	Waveform 1	1
HF	192.3104	54750.0	54719.99999999999	1.5064174374152837	192.3065	192.3136	52109	60231	Pipistrellus pipistrellus	0.053	0.071	-1	Echolocation	192000	/home/adkris/Documents/mila-human-wav-txt/20220826_070000.WAV	375	Waveform 1	1
HF	192.5152	50250.0	49920.0	14.09105418739742	192.5105	192.5168	48671	71379	Pipistrellus pipistrellus	0.509	0.68	-1	Echolocation	192000	/home/adkris/Documents/mila-human-wav-txt/20220826_070000.WAV	376	Waveform 1	1
HF	192.65926666666667	71250.0	71040.0	0.8931827025481989	192.6465	192.6844	68437	82141	Rhinolophus ferrumequinum	0.027	0.027	-1	Echolocation	192000	/home/adkris/Documents/mila-human-wav-txt/20220826_070000.WAV	377	Waveform 1	1
HF	192.74143333333333	57000.0	56640.0	20.453607469556587	192.7385	192.7454	48671	73128	Pipistrellus pipistrellus	0.537	0.688	-1	Echolocation	192000	/home/adkris/Documents/mila-human-wav-txt/20220826_070000.WAV	378	Waveform 1	1
HF	192.7979	57000.0	56640.0	18.131168307363247	192.7955	192.8006	48671	72578	Pipistrellus pipistrellus	0.396	0.532	-1	Echolocation	192000	/home/adkris/Documents/mila-human-wav-txt/20220826_070000.WAV	379	Waveform 1	1
HF	192.9451	68250.0	68160.0	1.1056026168771584	192.9365	192.9739	68437	82046	Rhinolophus ferrumequinum	0.029	0.029	-1	Echolocation	192000	/home/adkris/Documents/mila-human-wav-txt/20220826_070000.WAV	380	Waveform 1	1
HF	193.01126666666667	67500.0	67200.0	0.1565204677448777	192.9815	193.0199	68437	81864	Rhinolophus ferrumequinum	0.023	0.023	-1	Echolocation	192000	/home/adkris/Documents/mila-human-wav-txt/20220826_070000.WAV	381	Waveform 1	1
HF	193.08576666666667	54000.0	54719.99999999999	10.825337595588586	193.0825	193.0879	45234	72954	Myotis alcathoe	0.232	0.459	-1	Echolocation	192000	/home/adkris/Documents/mila-human-wav-txt/20220826_070000.WAV	382	Waveform 1	1
HF	193.16683333333333	55500.0	54719.99999999999	9.950900749907095	193.1655	193.1705	43515	71285	Myotis alcathoe	0.189	0.442	-1	Echolocation	192000	/home/adkris/Documents/mila-human-wav-txt/20220826_070000.WAV	383	Waveform 1	1
HF	193.18833333333333	50250.0	46080.0	2.8179034250314023	193.1855	193.1925	45234	61170	Pipistrellus pipistrellus	0.066	0.104	-1	Echolocation	192000	/home/adkris/Documents/mila-human-wav-txt/20220826_070000.WAV	384	Waveform 1	1
HF	193.23803333333333	56250.0	54719.99999999999	21.204545463603253	193.2345	193.2408	47812	74142	Pipistrellus pipistrellus	0.415	0.606	-1	Echolocation	192000	/home/adkris/Documents/mila-human-wav-txt/20220826_070000.WAV	385	Waveform 1	1
HF	193.28863333333337	71250.0	75840.0	2.340306019475543	193.2835	193.3267	68437	83016	Rhinolophus ferrumequinum	0.036	0.036	-1	Echolocation	192000	/home/adkris/Documents/mila-human-wav-txt/20220826_070000.WAV	386	Waveform 1	1
HF	193.35586666666663	70500.0	71040.0	-2.135746288065292	193.3235	193.3663	68437	82639	Rhinolophus ferrumequinum	0.028	0.028	-1	Echolocation	192000	/home/adkris/Documents/mila-human-wav-txt/20220826_070000.WAV	387	Waveform 1	1
HF	193.5281	54000.0	55679.99999999999	20.11520873960302	193.5255	193.5304	46093	65437	Pipistrellus pipistrellus	0.459	0.547	-1	Echolocation	192000	/home/adkris/Documents/mila-human-wav-txt/20220826_070000.WAV	388	Waveform 1	1
HF	193.61516666666668	54000.0	53760.00000000001	9.879334793430475	193.6125	193.6185	47812	57979	Pipistrellus pipistrellus	0.379	0.438	-1	Echolocation	192000	/home/adkris/Documents/mila-human-wav-txt/20220826_070000.WAV	389	Waveform 1	1
HF	193.9754	52500.0	48960.0	9.40761055996226	193.9725	193.9771	46093	66421	Pipistrellus pipistrellus	0.08	0.2	-1	Echolocation	192000	/home/adkris/Documents/mila-human-wav-txt/20220826_070000.WAV	390	Waveform 1	1
HF	194.00533333333337	56250.0	55679.99999999999	4.163858353749611	194.0015	194.0145	56406	64537	Pipistrellus pygmaeus	0.042	0.047	-1	Echolocation	192000	/home/adkris/Documents/mila-human-wav-txt/20220826_070000.WAV	391	Waveform 1	1
HF	194.0273	48750.0	48960.0	9.1733365269933	194.0255	194.0312	32343	70028	Myotis brandtii	0.012	0.03	-1	Echolocation	192000	/home/adkris/Documents/mila-human-wav-txt/20220826_070000.WAV	392	Waveform 1	1
HF	194.10463333333337	48750.0	53760.00000000001	10.883389749413972	194.1035	194.1087	30625	69358	Myotis mystacinus	0.017	0.049	-1	Echolocation	192000	/home/adkris/Documents/mila-human-wav-txt/20220826_070000.WAV	393	Waveform 1	1
HF	194.14906666666667	48750.0	53760.00000000001	9.320746290669952	194.1475	194.1511	46093	68452	Myotis alcathoe	0.226	0.529	-1	Echolocation	192000	/home/adkris/Documents/mila-human-wav-txt/20220826_070000.WAV	394	Waveform 1	1
HF	194.22766666666664	53250.0	52800.00000000001	14.011767473222871	194.2265	194.2305	45234	69818	Myotis alcathoe	0.249	0.468	-1	Echolocation	192000	/home/adkris/Documents/mila-human-wav-txt/20220826_070000.WAV	395	Waveform 1	1
HF	194.26493333333335	52500.0	52800.00000000001	8.979958245277288	194.2635	194.2684	32343	80510	Myotis mystacinus	0.022	0.056	-1	Echolocation	192000	/home/adkris/Documents/mila-human-wav-txt/20220826_070000.WAV	396	Waveform 1	1
HF	194.3046	53250.0	54719.99999999999	14.286784463689974	194.3035	194.3099	52968	63871	Pipistrellus pygmaeus	0.091	0.112	-1	Echolocation	192000	/home/adkris/Documents/mila-human-wav-txt/20220826_070000.WAV	397	Waveform 1	1
HF	194.34676666666667	47250.0	47040.0	2.768525151439347	194.3435	194.3489	29765	72475	Myotis mystacinus	0.011	0.033	-1	Echolocation	192000	/home/adkris/Documents/mila-human-wav-txt/20220826_070000.WAV	398	Waveform 1	1
HF	194.43076666666667	54000.0	48000.0	6.780548966052845	194.4295	194.4334	43515	65048	Myotis alcathoe	0.07	0.188	-1	Echolocation	192000	/home/adkris/Documents/mila-human-wav-txt/20220826_070000.WAV	399	Waveform 1	1
HF	195.0734	48750.0	48960.0	16.64619004368562	195.0705	195.0751	46953	59211	Pipistrellus pipistrellus	0.46	0.578	-1	Echolocation	192000	/home/adkris/Documents/mila-human-wav-txt/20220826_070000.WAV	400	Waveform 1	1
HF	195.16063333333332	52500.0	51840.0	12.763113952069192	195.1585	195.1627	48671	62553	Pipistrellus pipistrellus	0.483	0.575	-1	Echolocation	192000	/home/adkris/Documents/mila-human-wav-txt/20220826_070000.WAV	401	Waveform 1	1
HF	195.20706666666663	53250.0	52800.00000000001	13.764987382539571	195.2055	195.2091	49531	62999	Pipistrellus pipistrellus	0.509	0.594	-1	Echolocation	192000	/home/adkris/Documents/mila-human-wav-txt/20220826_070000.WAV	402	Waveform 1	1
HF	195.2782	60000.0	59520.0	10.601937105101625	195.2745	195.2818	58984	66404	Pipistrellus pygmaeus	0.02	0.025	-1	Echolocation	192000	/home/adkris/Documents/mila-human-wav-txt/20220826_070000.WAV	403	Waveform 1	1
HF	195.35643333333337	52500.0	52800.00000000001	11.964638145000318	195.3525	195.3584	46953	57824	Pipistrellus pipistrellus	0.13	0.315	-1	Echolocation	192000	/home/adkris/Documents/mila-human-wav-txt/20220826_070000.WAV	404	Waveform 1	1
HF	195.44073333333333	49500.0	48960.0	18.74216305568928	195.4365	195.4421	33203	63222	Myotis brandtii	0.008	0.025	-1	Echolocation	192000	/home/adkris/Documents/mila-human-wav-txt/20220826_070000.WAV	405	Waveform 1	1
HF	195.9752	47250.0	49920.0	10.413782973451928	195.9705	195.9768	46953	65723	Pipistrellus pipistrellus	0.233	0.455	-1	Echolocation	192000	/home/adkris/Documents/mila-human-wav-txt/20220826_070000.WAV	406	Waveform 1	1
HF	196.02983333333333	48750.0	48960.0	5.76417455970688	196.0255	196.031	34921	64509	Myotis bechsteinii	0.009	0.031	-1	Echolocation	192000	/home/adkris/Documents/mila-human-wav-txt/20220826_070000.WAV	407	Waveform 1	1
HF	196.1036333333333	48000.0	48000.0	10.597521401985327	196.0995	196.1052	46093	59548	Pipistrellus pipistrellus	0.423	0.47	-1	Echolocation	192000	/home/adkris/Documents/mila-human-wav-txt/20220826_070000.WAV	408	Waveform 1	1
LF	197.73593333333332	24000.0	24000.0	9.120089225503984	197.7195	197.7409	23750	27385	Nyctalus leisleri	0.234	0.317	-1	Echolocation	192000	/home/adkris/Documents/mila-human-wav-txt/20220826_070000.WAV	409	Waveform 1	1
HF	198.00436666666667	49500.0	48960.0	4.441965270973504	198.0015	198.0073	40078	58705	Myotis brandtii	0.011	0.028	-1	Echolocation	192000	/home/adkris/Documents/mila-human-wav-txt/20220826_070000.WAV	410	Waveform 1	1
LF	198.153	24000.0	24000.0	2.626532229723976	198.1375	198.1575	24609	28713	Nyctalus leisleri	0.031	0.081	-1	Echolocation	192000	/home/adkris/Documents/mila-human-wav-txt/20220826_070000.WAV	411	Waveform 1	1
LF	198.97133333333332	24000.0	24960.0	4.980509064665144	198.9595	198.9785	23750	28464	Nyctalus leisleri	0.346	0.478	-1	Echolocation	192000	/home/adkris/Documents/mila-human-wav-txt/20220826_070000.WAV	412	Waveform 1	1
LF	199.38863333333333	24750.0	25920.0	14.895125654514947	199.3755	199.3932	24609	28134	Nyctalus leisleri	0.464	0.567	-1	Echolocation	192000	/home/adkris/Documents/mila-human-wav-txt/20220826_070000.WAV	413	Waveform 1	1
LF	200.24613333333332	24000.0	24960.0	16.78597843094845	200.2305	200.2492	24609	27339	Nyctalus leisleri	0.415	0.494	-1	Echolocation	192000	/home/adkris/Documents/mila-human-wav-txt/20220826_070000.WAV	414	Waveform 1	1
LF	200.66223333333332	24750.0	24960.0	7.879981323655074	200.6515	200.6716	23750	28698	Nyctalus leisleri	0.314	0.44	-1	Echolocation	192000	/home/adkris/Documents/mila-human-wav-txt/20220826_070000.WAV	415	Waveform 1	1
LF	201.0944	24750.0	24960.0	17.633742887168825	201.0795	201.1001	24609	27587	Nyctalus leisleri	0.27	0.341	-1	Echolocation	192000	/home/adkris/Documents/mila-human-wav-txt/20220826_070000.WAV	416	Waveform 1	1
LF	201.51556666666667	24000.0	24960.0	8.576005347938132	201.4925	201.5201	24609	28077	Nyctalus leisleri	0.2	0.27	-1	Echolocation	192000	/home/adkris/Documents/mila-human-wav-txt/20220826_070000.WAV	417	Waveform 1	1
LF	201.79903333333337	25500.0	25920.0	20.217342666643276	201.7905	201.8128	23750	27673	Nyctalus leisleri	0.329	0.442	-1	Echolocation	192000	/home/adkris/Documents/mila-human-wav-txt/20220826_070000.WAV	418	Waveform 1	1
LF	202.0903	24000.0	24960.0	12.74111390085668	202.0735	202.0922	24609	27840	Nyctalus leisleri	0.383	0.463	-1	Echolocation	192000	/home/adkris/Documents/mila-human-wav-txt/20220826_070000.WAV	419	Waveform 1	1
LF	202.51053333333337	25500.0	25920.0	23.543859068785498	202.5025	202.5218	24609	27218	Nyctalus leisleri	0.448	0.542	-1	Echolocation	192000	/home/adkris/Documents/mila-human-wav-txt/20220826_070000.WAV	420	Waveform 1	1
LF	202.9335	24750.0	25920.0	10.039705622205702	202.9235	202.942	24609	28120	Nyctalus leisleri	0.323	0.416	-1	Echolocation	192000	/home/adkris/Documents/mila-human-wav-txt/20220826_070000.WAV	421	Waveform 1	1
HF	202.9632333333333	45750.0	43200.0	3.0777312964801995	202.9615	202.9696	37500	49221	Pipistrellus nathusii	0.066	0.162	-1	Echolocation	192000	/home/adkris/Documents/mila-human-wav-txt/20220826_070000.WAV	422	Waveform 1	1
HF	203.14386666666667	41250.0	41280.0	5.8672216120714875	203.1405	203.1493	38359	43846	Pipistrellus nathusii	0.238	0.306	-1	Echolocation	192000	/home/adkris/Documents/mila-human-wav-txt/20220826_070000.WAV	423	Waveform 1	1
HF	203.30983333333333	41250.0	41280.0	5.3793966111805	203.3045	203.3125	38359	45052	Pipistrellus nathusii	0.182	0.423	-1	Echolocation	192000	/home/adkris/Documents/mila-human-wav-txt/20220826_070000.WAV	424	Waveform 1	1
LF	203.35403333333332	24750.0	24960.0	19.2420560417114	203.3375	203.3623	24609	27310	Nyctalus leisleri	0.258	0.324	-1	Echolocation	192000	/home/adkris/Documents/mila-human-wav-txt/20220826_070000.WAV	425	Waveform 1	1
HF	203.60463333333337	49500.0	49920.0	4.129976764522965	203.6015	203.6082	47812	54408	Pipistrellus pipistrellus	0.203	0.233	-1	Echolocation	192000	/home/adkris/Documents/mila-human-wav-txt/20220826_070000.WAV	426	Waveform 1	1
HF	203.67776666666668	54000.0	53760.00000000001	5.59383134994296	203.6765	203.6804	45234	58967	Pipistrellus pipistrellus	0.097	0.198	-1	Echolocation	192000	/home/adkris/Documents/mila-human-wav-txt/20220826_070000.WAV	427	Waveform 1	1
LF	203.7747	24750.0	24960.0	5.762665211609778	203.7525	203.7798	23750	28131	Nyctalus leisleri	0.088	0.196	-1	Echolocation	192000	/home/adkris/Documents/mila-human-wav-txt/20220826_070000.WAV	428	Waveform 1	1
HF	204.4179	55500.0	52800.00000000001	8.438083310316644	204.4155	204.4206	52109	61388	Pipistrellus pygmaeus	0.162	0.221	-1	Echolocation	192000	/home/adkris/Documents/mila-human-wav-txt/20220826_070000.WAV	429	Waveform 1	1
HF	204.55383333333333	54750.0	54719.99999999999	8.791782456282531	204.5525	204.5575	52109	62058	Pipistrellus pygmaeus	0.124	0.153	-1	Echolocation	192000	/home/adkris/Documents/mila-human-wav-txt/20220826_070000.WAV	430	Waveform 1	1
LF	204.62483333333333	24000.0	24000.0	8.620880120787282	204.6035	204.6305	23750	27668	Nyctalus leisleri	0.156	0.294	-1	Echolocation	192000	/home/adkris/Documents/mila-human-wav-txt/20220826_070000.WAV	431	Waveform 1	1
HF	204.6075	52500.0	51840.0	0.1791402556357574	204.6055	204.611	34921	71040	Myotis brandtii	0.009	0.028	-1	Echolocation	192000	/home/adkris/Documents/mila-human-wav-txt/20220826_070000.WAV	432	Waveform 1	1
HF	204.66293333333337	55500.0	55679.99999999999	9.616125163721016	204.6625	204.6684	55546	61328	Pipistrellus pygmaeus	0.062	0.065	-1	Echolocation	192000	/home/adkris/Documents/mila-human-wav-txt/20220826_070000.WAV	433	Waveform 1	1
HF	204.7369	55500.0	56640.0	0.0187540338300238	204.7355	204.7451	55546	63547	Pipistrellus pygmaeus	0.044	0.044	-1	Echolocation	192000	/home/adkris/Documents/mila-human-wav-txt/20220826_070000.WAV	434	Waveform 1	1
HF	204.8048333333333	53250.0	48960.0	4.573665625557404	204.8035	204.8085	46953	56193	Pipistrellus pipistrellus	0.234	0.255	-1	Echolocation	192000	/home/adkris/Documents/mila-human-wav-txt/20220826_070000.WAV	435	Waveform 1	1
LF	205.4568	24000.0	24960.0	6.392916312107431	205.4375	205.4642	23750	27401	Nyctalus leisleri	0.175	0.275	-1	Echolocation	192000	/home/adkris/Documents/mila-human-wav-txt/20220826_070000.WAV	436	Waveform 1	1
LF	206.4348	24000.0	24960.0	7.593631767910486	206.4215	206.4437	23750	27634	Nyctalus leisleri	0.382	0.449	-1	Echolocation	192000	/home/adkris/Documents/mila-human-wav-txt/20220826_070000.WAV	437	Waveform 1	1
LF	206.8593	25500.0	25920.0	18.009723046759667	206.8525	206.8742	24609	27268	Nyctalus leisleri	0.276	0.336	-1	Echolocation	192000	/home/adkris/Documents/mila-human-wav-txt/20220826_070000.WAV	438	Waveform 1	1
LF	207.28976666666665	24750.0	24000.0	2.5544761824510767	207.2735	207.2904	23750	28135	Nyctalus leisleri	0.023	0.041	-1	Echolocation	192000	/home/adkris/Documents/mila-human-wav-txt/20220826_070000.WAV	439	Waveform 1	1
LF	207.7378	24750.0	24960.0	18.357958363988107	207.7255	207.7487	23750	28388	Nyctalus leisleri	0.277	0.376	-1	Echolocation	192000	/home/adkris/Documents/mila-human-wav-txt/20220826_070000.WAV	440	Waveform 1	1
LF	208.59943333333337	24750.0	24960.0	9.798395078221082	208.5875	208.6029	24609	28000	Nyctalus leisleri	0.467	0.565	-1	Echolocation	192000	/home/adkris/Documents/mila-human-wav-txt/20220826_070000.WAV	441	Waveform 1	1
LF	209.2575	24000.0	24000.0	0.3230918137359242	209.2485	209.2645	22890	26279	Nyctalus leisleri	0.056	0.098	-1	Echolocation	192000	/home/adkris/Documents/mila-human-wav-txt/20220826_070000.WAV	442	Waveform 1	1
LF	209.46043333333333	25500.0	25920.0	5.712217659490654	209.4505	209.4749	24609	28209	Nyctalus leisleri	0.14	0.25	-1	Echolocation	192000	/home/adkris/Documents/mila-human-wav-txt/20220826_070000.WAV	443	Waveform 1	1
LF	210.46646666666663	24750.0	25920.0	4.5462196822438035	210.4505	210.4677	24609	27645	Nyctalus leisleri	0.472	0.546	-1	Echolocation	192000	/home/adkris/Documents/mila-human-wav-txt/20220826_070000.WAV	444	Waveform 1	1
LF	211.04176666666663	24750.0	25920.0	4.203398662386006	211.0235	211.0419	25468	30000	Nyctalus leisleri	0.085	0.168	-1	Echolocation	192000	/home/adkris/Documents/mila-human-wav-txt/20220826_070000.WAV	445	Waveform 1	1
LF	211.4767	24750.0	23040.0	0.5850949454768347	211.4685	211.4853	23750	28498	Nyctalus leisleri	0.017	0.036	-1	Echolocation	192000	/home/adkris/Documents/mila-human-wav-txt/20220826_070000.WAV	446	Waveform 1	1
LF	211.60723333333337	24000.0	24960.0	6.0121706516799005	211.5935	211.6106	23750	27996	Nyctalus leisleri	0.373	0.496	-1	Echolocation	192000	/home/adkris/Documents/mila-human-wav-txt/20220826_070000.WAV	447	Waveform 1	1
LF	211.76653333333337	24750.0	24960.0	8.25104343032383	211.7555	211.7718	23750	28701	Nyctalus leisleri	0.307	0.472	-1	Echolocation	192000	/home/adkris/Documents/mila-human-wav-txt/20220826_070000.WAV	448	Waveform 1	1
LF	213.21233333333333	23250.0	24000.0	3.1528438980740026	213.1955	213.2165	22890	27634	Nyctalus leisleri	0.278	0.393	-1	Echolocation	192000	/home/adkris/Documents/mila-human-wav-txt/20220826_070000.WAV	449	Waveform 1	1
HF	213.2808	55500.0	55679.99999999999	3.982131145522032	213.2795	213.2857	54687	60072	Pipistrellus pygmaeus	0.12	0.125	-1	Echolocation	192000	/home/adkris/Documents/mila-human-wav-txt/20220826_070000.WAV	450	Waveform 1	1
HF	213.3298	53250.0	53760.00000000001	5.515363322491891	213.3255	213.3322	50390	61504	Pipistrellus pipistrellus	0.083	0.124	-1	Echolocation	192000	/home/adkris/Documents/mila-human-wav-txt/20220826_070000.WAV	451	Waveform 1	1
HF	213.41993333333335	56250.0	52800.00000000001	1.6487653708423733	213.4125	213.4219	50390	59258	Pipistrellus pipistrellus	0.029	0.037	-1	Echolocation	192000	/home/adkris/Documents/mila-human-wav-txt/20220826_070000.WAV	452	Waveform 1	1
HF	213.47496666666663	55500.0	56640.0	7.2170613565411745	213.4725	213.4787	46093	61030	Pipistrellus pipistrellus	0.176	0.314	-1	Echolocation	192000	/home/adkris/Documents/mila-human-wav-txt/20220826_070000.WAV	453	Waveform 1	1
HF	213.66003333333333	56250.0	55679.99999999999	5.413842105640512	213.6575	213.6648	48671	60940	Pipistrellus pipistrellus	0.134	0.192	-1	Echolocation	192000	/home/adkris/Documents/mila-human-wav-txt/20220826_070000.WAV	454	Waveform 1	1
HF	213.7233	48750.0	48960.0	2.276774006956483	213.7205	213.7252	47812	58666	Pipistrellus pipistrellus	0.196	0.212	-1	Echolocation	192000	/home/adkris/Documents/mila-human-wav-txt/20220826_070000.WAV	455	Waveform 1	1
HF	229.17303333333336	51750.0	52800.00000000001	4.125257014360082	229.1695	229.1758	50390	57304	Pipistrellus pipistrellus	0.034	0.039	-1	Echolocation	192000	/home/adkris/Documents/mila-human-wav-txt/20220826_070000.WAV	456	Waveform 1	1
HF	229.47916666666663	51000.0	48000.0	2.2174898809677797	229.4755	229.4805	38359	71463	Myotis bechsteinii	0.016	0.044	-1	Echolocation	192000	/home/adkris/Documents/mila-human-wav-txt/20220826_070000.WAV	457	Waveform 1	1
HF	229.53376666666668	54750.0	54719.99999999999	4.143732415107866	229.5305	229.5359	51250	58265	Pipistrellus pipistrellus	0.101	0.116	-1	Echolocation	192000	/home/adkris/Documents/mila-human-wav-txt/20220826_070000.WAV	458	Waveform 1	1
HF	229.59656666666663	55500.0	55679.99999999999	0.6029946211009481	229.5875	229.5976	55546	62610	Pipistrellus pygmaeus	0.019	0.021	-1	Echolocation	192000	/home/adkris/Documents/mila-human-wav-txt/20220826_070000.WAV	459	Waveform 1	1
HF	229.66656666666665	48750.0	48960.0	2.339528572017505	229.6635	229.6691	46953	56650	Pipistrellus pipistrellus	0.077	0.082	-1	Echolocation	192000	/home/adkris/Documents/mila-human-wav-txt/20220826_070000.WAV	460	Waveform 1	1
HF	229.7303	51750.0	49920.0	5.193782430421827	229.7275	229.7322	47812	59621	Pipistrellus pipistrellus	0.401	0.437	-1	Echolocation	192000	/home/adkris/Documents/mila-human-wav-txt/20220826_070000.WAV	461	Waveform 1	1
HF	229.98993333333337	48750.0	48960.0	3.856689962419544	229.9855	229.9909	36640	59823	Myotis brandtii	0.008	0.024	-1	Echolocation	192000	/home/adkris/Documents/mila-human-wav-txt/20220826_070000.WAV	462	Waveform 1	1
HF	230.4701	53250.0	48960.0	3.642125124133027	230.4665	230.4739	48671	61218	Pipistrellus pipistrellus	0.113	0.134	-1	Echolocation	192000	/home/adkris/Documents/mila-human-wav-txt/20220826_070000.WAV	463	Waveform 1	1
HF	230.51666666666668	55500.0	55679.99999999999	3.1180183693460695	230.5135	230.519	51250	61485	Pipistrellus pipistrellus	0.125	0.154	-1	Echolocation	192000	/home/adkris/Documents/mila-human-wav-txt/20220826_070000.WAV	464	Waveform 1	1
HF	230.6626	59250.0	57600.0	8.524910871016832	230.6605	230.6659	56406	66011	Pipistrellus pygmaeus	0.087	0.091	-1	Echolocation	192000	/home/adkris/Documents/mila-human-wav-txt/20220826_070000.WAV	465	Waveform 1	1
HF	230.72076666666663	55500.0	54719.99999999999	9.911886165702857	230.7185	230.7249	48671	61907	Pipistrellus pipistrellus	0.33	0.401	-1	Echolocation	192000	/home/adkris/Documents/mila-human-wav-txt/20220826_070000.WAV	466	Waveform 1	1
HF	230.9622	54750.0	55679.99999999999	8.935190062524825	230.9595	230.9643	50390	60102	Pipistrellus pipistrellus	0.381	0.504	-1	Echolocation	192000	/home/adkris/Documents/mila-human-wav-txt/20220826_070000.WAV	467	Waveform 1	1
HF	231.01006666666663	54750.0	54719.99999999999	7.639511892218069	231.0065	231.0116	50390	62801	Pipistrellus pipistrellus	0.278	0.381	-1	Echolocation	192000	/home/adkris/Documents/mila-human-wav-txt/20220826_070000.WAV	468	Waveform 1	1
HF	231.05203333333333	54750.0	54719.99999999999	6.884654833042391	231.0485	231.0548	53828	61942	Pipistrellus pipistrellus	0.332	0.542	-1	Echolocation	192000	/home/adkris/Documents/mila-human-wav-txt/20220826_070000.WAV	469	Waveform 1	1
HF	231.26606666666663	58500.0	58560.0	2.9034194822313126	231.2625	231.2711	56406	62423	Pipistrellus pygmaeus	0.031	0.033	-1	Echolocation	192000	/home/adkris/Documents/mila-human-wav-txt/20220826_070000.WAV	470	Waveform 1	1
HF	231.3084	54750.0	48960.0	3.8087389643327594	231.3065	231.3121	35781	71919	Myotis mystacinus	0.015	0.033	-1	Echolocation	192000	/home/adkris/Documents/mila-human-wav-txt/20220826_070000.WAV	471	Waveform 1	1
HF	231.41743333333335	57750.0	62400.0	6.476839826620057	231.4155	231.4199	57265	63916	Myotis mystacinus	0.009	0.023	-1	Echolocation	192000	/home/adkris/Documents/mila-human-wav-txt/20220826_070000.WAV	472	Waveform 1	1
HF	231.56976666666668	54750.0	52800.00000000001	13.506985538190552	231.5675	231.5739	48671	61946	Pipistrellus pipistrellus	0.509	0.593	-1	Echolocation	192000	/home/adkris/Documents/mila-human-wav-txt/20220826_070000.WAV	473	Waveform 1	1
HF	231.72053333333332	48750.0	48960.0	7.182957936262819	231.7175	231.7243	47812	56965	Pipistrellus pipistrellus	0.261	0.284	-1	Echolocation	192000	/home/adkris/Documents/mila-human-wav-txt/20220826_070000.WAV	474	Waveform 1	1
HF	231.8794	52500.0	52800.00000000001	7.732383916191865	231.8765	231.8811	46953	61056	Pipistrellus pipistrellus	0.182	0.291	-1	Echolocation	192000	/home/adkris/Documents/mila-human-wav-txt/20220826_070000.WAV	475	Waveform 1	1
HF	231.9346	53250.0	54719.99999999999	7.72869851079864	231.9325	231.9379	34062	71443	Myotis brandtii	0.01	0.028	-1	Echolocation	192000	/home/adkris/Documents/mila-human-wav-txt/20220826_070000.WAV	476	Waveform 1	1
HF	231.9705	52500.0	51840.0	7.316104189192503	231.9675	231.972	50390	62631	Pipistrellus pipistrellus	0.382	0.439	-1	Echolocation	192000	/home/adkris/Documents/mila-human-wav-txt/20220826_070000.WAV	477	Waveform 1	1
HF	232.01493333333335	53250.0	52800.00000000001	4.4715314187696	232.0015	232.0154	48671	58877	Pipistrellus pipistrellus	0.036	0.049	-1	Echolocation	192000	/home/adkris/Documents/mila-human-wav-txt/20220826_070000.WAV	478	Waveform 1	1
HF	232.06663333333333	52500.0	48000.0	9.923369683290462	232.0635	232.0702	46953	58402	Pipistrellus pipistrellus	0.34	0.438	-1	Echolocation	192000	/home/adkris/Documents/mila-human-wav-txt/20220826_070000.WAV	479	Waveform 1	1
HF	232.13806666666667	51750.0	48960.0	5.549583591315153	232.1355	232.1416	47812	61602	Pipistrellus pipistrellus	0.492	0.585	-1	Echolocation	192000	/home/adkris/Documents/mila-human-wav-txt/20220826_070000.WAV	480	Waveform 1	1
HF	232.59636666666665	50250.0	48960.0	6.719645927633273	232.5925	232.6008	47812	53905	Pipistrellus pipistrellus	0.368	0.62	-1	Echolocation	192000	/home/adkris/Documents/mila-human-wav-txt/20220826_070000.WAV	481	Waveform 1	1
HF	235.18596666666667	40500.0	41280.0	7.274307211507629	235.1815	235.1892	39218	48624	Pipistrellus nathusii	0.472	0.525	-1	Echolocation	192000	/home/adkris/Documents/mila-human-wav-txt/20220826_070000.WAV	482	Waveform 1	1
HF	235.27386666666663	42000.0	40320.0	3.0366608727072117	235.2705	235.2793	38359	46550	Pipistrellus nathusii	0.128	0.184	-1	Echolocation	192000	/home/adkris/Documents/mila-human-wav-txt/20220826_070000.WAV	483	Waveform 1	1
HF	235.3713	40500.0	41280.0	10.118217435678718	235.3675	235.3747	38359	49319	Pipistrellus nathusii	0.54	0.582	-1	Echolocation	192000	/home/adkris/Documents/mila-human-wav-txt/20220826_070000.WAV	484	Waveform 1	1
HF	235.56796666666668	40500.0	41280.0	9.006067078687025	235.5635	235.5712	38359	47595	Pipistrellus nathusii	0.262	0.385	-1	Echolocation	192000	/home/adkris/Documents/mila-human-wav-txt/20220826_070000.WAV	485	Waveform 1	1
HF	235.66486666666663	42000.0	41280.0	8.12368324971975	235.6605	235.6683	39218	49699	Pipistrellus nathusii	0.379	0.518	-1	Echolocation	192000	/home/adkris/Documents/mila-human-wav-txt/20220826_070000.WAV	486	Waveform 1	1
HF	235.86406666666667	41250.0	41280.0	9.854322819453758	235.8595	235.8671	38359	51692	Pipistrellus nathusii	0.382	0.52	-1	Echolocation	192000	/home/adkris/Documents/mila-human-wav-txt/20220826_070000.WAV	487	Waveform 1	1
HF	235.96636666666663	40500.0	40320.0	5.153863771298139	235.9635	235.9728	36640	42619	Pipistrellus nathusii	0.337	0.396	-1	Echolocation	192000	/home/adkris/Documents/mila-human-wav-txt/20220826_070000.WAV	488	Waveform 1	1
HF	236.14186666666663	40500.0	40320.0	11.999316451031788	236.1355	236.1448	39218	52087	Pipistrellus nathusii	0.391	0.52	-1	Echolocation	192000	/home/adkris/Documents/mila-human-wav-txt/20220826_070000.WAV	489	Waveform 1	1
HF	236.19313333333332	44250.0	42240.0	3.803756920990141	236.1895	236.1957	40078	48829	Pipistrellus nathusii	0.161	0.246	-1	Echolocation	192000	/home/adkris/Documents/mila-human-wav-txt/20220826_070000.WAV	490	Waveform 1	1
HF	236.3304	41250.0	41280.0	5.743472100442562	236.3255	236.3351	38359	44297	Pipistrellus nathusii	0.272	0.365	-1	Echolocation	192000	/home/adkris/Documents/mila-human-wav-txt/20220826_070000.WAV	491	Waveform 1	1
HF	245.03026666666668	49500.0	48960.0	6.495424248417933	245.0275	245.0334	47812	58402	Pipistrellus pipistrellus	0.427	0.449	-1	Echolocation	192000	/home/adkris/Documents/mila-human-wav-txt/20220826_070000.WAV	492	Waveform 1	1
HF	245.26026666666667	54750.0	54719.99999999999	3.189730978178895	245.2575	245.2634	52109	59064	Pipistrellus pipistrellus	0.314	0.379	-1	Echolocation	192000	/home/adkris/Documents/mila-human-wav-txt/20220826_070000.WAV	493	Waveform 1	1
HF	245.4358	52500.0	51840.0	1.5123937066622863	245.4335	245.4387	50390	56047	Pipistrellus pipistrellus	0.223	0.243	-1	Echolocation	192000	/home/adkris/Documents/mila-human-wav-txt/20220826_070000.WAV	494	Waveform 1	1
HF	245.5288	51750.0	49920.0	12.822112010509551	245.5265	245.5317	47812	58889	Pipistrellus pipistrellus	0.518	0.593	-1	Echolocation	192000	/home/adkris/Documents/mila-human-wav-txt/20220826_070000.WAV	495	Waveform 1	1
HF	245.61433333333332	52500.0	52800.00000000001	8.241934152306264	245.6125	245.617	49531	59567	Pipistrellus pipistrellus	0.454	0.514	-1	Echolocation	192000	/home/adkris/Documents/mila-human-wav-txt/20220826_070000.WAV	496	Waveform 1	1
HF	245.66973333333337	49500.0	56640.0	6.150620549228193	245.6655	245.6711	46953	65953	Myotis alcathoe	0.142	0.34	-1	Echolocation	192000	/home/adkris/Documents/mila-human-wav-txt/20220826_070000.WAV	497	Waveform 1	1
HF	245.72493333333333	58500.0	58560.0	6.190112276086557	245.7225	245.7299	56406	64904	Pipistrellus pygmaeus	0.027	0.029	-1	Echolocation	192000	/home/adkris/Documents/mila-human-wav-txt/20220826_070000.WAV	498	Waveform 1	1
HF	245.7784	46500.0	56640.0	7.640508039505983	245.7755	245.7801	46093	61117	Pipistrellus pipistrellus	0.437	0.531	-1	Echolocation	192000	/home/adkris/Documents/mila-human-wav-txt/20220826_070000.WAV	499	Waveform 1	1
HF	245.9116	56250.0	56640.0	8.076084426847746	245.9095	245.9184	55546	63336	Pipistrellus pygmaeus	0.063	0.066	-1	Echolocation	192000	/home/adkris/Documents/mila-human-wav-txt/20220826_070000.WAV	500	Waveform 1	1
HF	246.00726666666668	49500.0	52800.00000000001	15.985300028549052	246.0035	246.0084	48671	62628	Pipistrellus pipistrellus	0.506	0.564	-1	Echolocation	192000	/home/adkris/Documents/mila-human-wav-txt/20220826_070000.WAV	501	Waveform 1	1
HF	246.06613333333337	49500.0	49920.0	11.278540167977354	246.0615	246.0667	46953	61629	Pipistrellus pipistrellus	0.356	0.627	-1	Echolocation	192000	/home/adkris/Documents/mila-human-wav-txt/20220826_070000.WAV	502	Waveform 1	1
HF	246.127	49500.0	51840.0	10.28354758963058	246.1235	246.1275	47812	62946	Pipistrellus pipistrellus	0.411	0.473	-1	Echolocation	192000	/home/adkris/Documents/mila-human-wav-txt/20220826_070000.WAV	503	Waveform 1	1
HF	246.1661	42000.0	42240.0	4.735245153136665	246.1615	246.1679	40078	53021	Pipistrellus nathusii	0.204	0.354	-1	Echolocation	192000	/home/adkris/Documents/mila-human-wav-txt/20220826_070000.WAV	504	Waveform 1	1
HF	246.19833333333332	51750.0	51840.0	7.083200513998319	246.1945	246.2005	51250	61162	Pipistrellus pipistrellus	0.268	0.475	-1	Echolocation	192000	/home/adkris/Documents/mila-human-wav-txt/20220826_070000.WAV	505	Waveform 1	1
HF	246.2841	50250.0	48960.0	18.760449637262	246.2805	246.2879	47812	66612	Pipistrellus pipistrellus	0.404	0.589	-1	Echolocation	192000	/home/adkris/Documents/mila-human-wav-txt/20220826_070000.WAV	506	Waveform 1	1
HF	246.338	42000.0	42240.0	3.3651053004287186	246.3335	246.34	40937	49510	Pipistrellus nathusii	0.212	0.418	-1	Echolocation	192000	/home/adkris/Documents/mila-human-wav-txt/20220826_070000.WAV	507	Waveform 1	1
HF	246.38053333333335	51000.0	49920.0	11.218021894260405	246.3765	246.3823	48671	61460	Pipistrellus pipistrellus	0.378	0.555	-1	Echolocation	192000	/home/adkris/Documents/mila-human-wav-txt/20220826_070000.WAV	508	Waveform 1	1
HF	246.45333333333332	53250.0	52800.00000000001	9.040158322313545	246.4515	246.456	47812	60697	Pipistrellus pipistrellus	0.338	0.424	-1	Echolocation	192000	/home/adkris/Documents/mila-human-wav-txt/20220826_070000.WAV	509	Waveform 1	1
HF	246.52183333333335	41250.0	41280.0	7.423444775886051	246.5175	246.523	40937	51516	Pipistrellus nathusii	0.267	0.343	-1	Echolocation	192000	/home/adkris/Documents/mila-human-wav-txt/20220826_070000.WAV	510	Waveform 1	1
HF	246.5449	52500.0	51840.0	8.281801420480448	246.5425	246.5476	49531	57845	Pipistrellus pipistrellus	0.242	0.345	-1	Echolocation	192000	/home/adkris/Documents/mila-human-wav-txt/20220826_070000.WAV	511	Waveform 1	1
HF	246.6271	51750.0	49920.0	10.557385586380269	246.6245	246.6294	48671	60970	Pipistrellus pipistrellus	0.51	0.635	-1	Echolocation	192000	/home/adkris/Documents/mila-human-wav-txt/20220826_070000.WAV	512	Waveform 1	1
HF	246.70606666666663	48750.0	48960.0	13.514113354646351	246.7025	246.7076	46953	61617	Pipistrellus pipistrellus	0.464	0.543	-1	Echolocation	192000	/home/adkris/Documents/mila-human-wav-txt/20220826_070000.WAV	513	Waveform 1	1
HF	246.75453333333337	52500.0	48960.0	9.732014578818555	246.7525	246.7568	46953	60821	Pipistrellus pipistrellus	0.477	0.568	-1	Echolocation	192000	/home/adkris/Documents/mila-human-wav-txt/20220826_070000.WAV	514	Waveform 1	1
HF	246.80496666666667	47250.0	47040.0	3.110321415519795	246.8015	246.8067	46093	59384	Pipistrellus pipistrellus	0.432	0.499	-1	Echolocation	192000	/home/adkris/Documents/mila-human-wav-txt/20220826_070000.WAV	515	Waveform 1	1
HF	246.8541	49500.0	54719.99999999999	9.81167209022688	246.8515	246.8564	48671	58646	Pipistrellus pipistrellus	0.321	0.397	-1	Echolocation	192000	/home/adkris/Documents/mila-human-wav-txt/20220826_070000.WAV	516	Waveform 1	1
HF	246.86143333333337	41250.0	43200.0	5.742471802487813	246.8565	246.8649	39218	48200	Barbastellus barbastellus	0.071	0.243	-1	Echolocation	192000	/home/adkris/Documents/mila-human-wav-txt/20220826_070000.WAV	517	Waveform 1	1
HF	246.896	54000.0	52800.00000000001	4.880547483723844	246.8935	246.8985	48671	56742	Pipistrellus pipistrellus	0.166	0.236	-1	Echolocation	192000	/home/adkris/Documents/mila-human-wav-txt/20220826_070000.WAV	518	Waveform 1	1
HF	246.92683333333332	53250.0	52800.00000000001	1.5509791642514157	246.9235	246.93	51250	57755	Pipistrellus pygmaeus	0.09	0.156	-1	Echolocation	192000	/home/adkris/Documents/mila-human-wav-txt/20220826_070000.WAV	519	Waveform 1	1
HF	247.006	55500.0	55679.99999999999	3.0747741499171255	247.0015	247.008	54687	62002	Pipistrellus pygmaeus	0.206	0.229	-1	Echolocation	192000	/home/adkris/Documents/mila-human-wav-txt/20220826_070000.WAV	520	Waveform 1	1
HF	247.1184	44250.0	44160.0	6.30532459434891	247.1125	247.1211	40078	51613	Pipistrellus nathusii	0.181	0.282	-1	Echolocation	192000	/home/adkris/Documents/mila-human-wav-txt/20220826_070000.WAV	521	Waveform 1	1
HF	247.17246666666668	52500.0	52800.00000000001	10.03297202688046	247.1695	247.1752	47812	59842	Pipistrellus pipistrellus	0.353	0.473	-1	Echolocation	192000	/home/adkris/Documents/mila-human-wav-txt/20220826_070000.WAV	522	Waveform 1	1
HF	247.21083333333337	44250.0	44160.0	9.8903038967726	247.2075	247.214	38359	50471	Pipistrellus nathusii	0.196	0.407	-1	Echolocation	192000	/home/adkris/Documents/mila-human-wav-txt/20220826_070000.WAV	523	Waveform 1	1
HF	247.30326666666667	40500.0	40320.0	2.6653828662793746	247.2985	247.3059	37500	45849	Barbastellus barbastellus	0.129	0.319	-1	Echolocation	192000	/home/adkris/Documents/mila-human-wav-txt/20220826_070000.WAV	524	Waveform 1	1
HF	247.36533333333333	43500.0	43200.0	-0.936245187571748	247.3615	247.371	42656	46984	Pipistrellus nathusii	0.05	0.076	-1	Echolocation	192000	/home/adkris/Documents/mila-human-wav-txt/20220826_070000.WAV	525	Waveform 1	1
HF	247.4589333333333	44250.0	44160.0	8.983861123589996	247.4555	247.4619	41796	49170	Pipistrellus nathusii	0.196	0.264	-1	Echolocation	192000	/home/adkris/Documents/mila-human-wav-txt/20220826_070000.WAV	526	Waveform 1	1
HF	247.54896666666667	43500.0	43200.0	9.96276634776316	247.5445	247.5522	41796	48990	Pipistrellus nathusii	0.3	0.342	-1	Echolocation	192000	/home/adkris/Documents/mila-human-wav-txt/20220826_070000.WAV	527	Waveform 1	1
HF	247.60786666666667	44250.0	44160.0	4.045876054707263	247.6035	247.6113	41796	48465	Pipistrellus nathusii	0.21	0.386	-1	Echolocation	192000	/home/adkris/Documents/mila-human-wav-txt/20220826_070000.WAV	528	Waveform 1	1
HF	247.70853333333332	44250.0	44160.0	6.32791432354895	247.7025	247.7098	40937	50056	Pipistrellus nathusii	0.234	0.38	-1	Echolocation	192000	/home/adkris/Documents/mila-human-wav-txt/20220826_070000.WAV	529	Waveform 1	1
HF	247.78483333333332	46500.0	45120.0	2.818598077934122	247.7805	247.7895	43515	49684	Pipistrellus nathusii	0.275	0.333	-1	Echolocation	192000	/home/adkris/Documents/mila-human-wav-txt/20220826_070000.WAV	530	Waveform 1	1
HF	247.87976666666663	42750.0	42240.0	9.686487774310446	247.8755	247.8834	40078	49134	Pipistrellus nathusii	0.423	0.512	-1	Echolocation	192000	/home/adkris/Documents/mila-human-wav-txt/20220826_070000.WAV	531	Waveform 1	1
HF	247.94853333333333	44250.0	47040.0	4.41422672491933	247.9425	247.9498	43515	52639	Pipistrellus nathusii	0.106	0.176	-1	Echolocation	192000	/home/adkris/Documents/mila-human-wav-txt/20220826_070000.WAV	532	Waveform 1	1
HF	247.986	31500.0	31680.0	2.4340379753457286	247.9845	247.9905	30625	44363	Myotis daubentonii	0.011	0.03	-1	Echolocation	192000	/home/adkris/Documents/mila-human-wav-txt/20220826_070000.WAV	533	Waveform 1	1
HF	248.1346	43500.0	43200.0	1.4561142563495406	248.1295	248.1389	43515	50353	Pipistrellus nathusii	0.013	0.031	-1	Echolocation	192000	/home/adkris/Documents/mila-human-wav-txt/20220826_070000.WAV	534	Waveform 1	1
HF	248.23193333333333	45000.0	45120.0	9.581527420124525	248.2285	248.2349	38359	53156	Pipistrellus nathusii	0.162	0.373	-1	Echolocation	192000	/home/adkris/Documents/mila-human-wav-txt/20220826_070000.WAV	535	Waveform 1	1
HF	248.32303333333337	40500.0	40320.0	4.739045057605212	248.3185	248.3273	37500	43977	Pipistrellus nathusii	0.249	0.36	-1	Echolocation	192000	/home/adkris/Documents/mila-human-wav-txt/20220826_070000.WAV	536	Waveform 1	1
HF	248.34366666666668	43500.0	43200.0	4.697740587911079	248.3395	248.3475	41796	48188	Pipistrellus nathusii	0.338	0.38	-1	Echolocation	192000	/home/adkris/Documents/mila-human-wav-txt/20220826_070000.WAV	537	Waveform 1	1
HF	248.45	43500.0	43200.0	6.903294040045802	248.4445	248.4535	41796	53073	Pipistrellus nathusii	0.349	0.425	-1	Echolocation	192000	/home/adkris/Documents/mila-human-wav-txt/20220826_070000.WAV	538	Waveform 1	1
HF	248.49213333333333	40500.0	40320.0	5.655392018331945	248.4885	248.4982	37500	43406	Pipistrellus nathusii	0.215	0.334	-1	Echolocation	192000	/home/adkris/Documents/mila-human-wav-txt/20220826_070000.WAV	539	Waveform 1	1
HF	248.55553333333333	42750.0	44160.0	3.497433458240495	248.5505	248.5588	41796	48372	Pipistrellus nathusii	0.428	0.511	-1	Echolocation	192000	/home/adkris/Documents/mila-human-wav-txt/20220826_070000.WAV	540	Waveform 1	1
HF	252.71853333333337	45000.0	40320.0	5.2101501559996235	252.7165	252.7243	39218	48960	Pipistrellus nathusii	0.449	0.533	-1	Echolocation	192000	/home/adkris/Documents/mila-human-wav-txt/20220826_070000.WAV	541	Waveform 1	1
HF	258.1089	49500.0	47040.0	3.681704580077717	258.1065	258.1116	34921	64602	Myotis mystacinus	0.012	0.033	-1	Echolocation	192000	/home/adkris/Documents/mila-human-wav-txt/20220826_070000.WAV	542	Waveform 1	1
HF	258.29293333333334	49500.0	48960.0	7.838343974221457	258.2895	258.2959	46953	56149	Pipistrellus pipistrellus	0.437	0.522	-1	Echolocation	192000	/home/adkris/Documents/mila-human-wav-txt/20220826_070000.WAV	543	Waveform 1	1
HF	258.3863	48750.0	48960.0	7.729374699282738	258.3835	258.3882	45234	54067	Pipistrellus pipistrellus	0.289	0.316	-1	Echolocation	192000	/home/adkris/Documents/mila-human-wav-txt/20220826_070000.WAV	544	Waveform 1	1
HF	258.75	48000.0	48000.0	1.779049965546553	258.7465	258.754	47812	56190	Pipistrellus pipistrellus	0.081	0.088	-1	Echolocation	192000	/home/adkris/Documents/mila-human-wav-txt/20220826_070000.WAV	545	Waveform 1	1
HF	258.8663	53250.0	48000.0	0.3571889812164709	258.8625	258.8697	46093	57511	Pipistrellus pipistrellus	0.103	0.13	-1	Echolocation	192000	/home/adkris/Documents/mila-human-wav-txt/20220826_070000.WAV	546	Waveform 1	1
HF	258.95166666666665	54750.0	52800.00000000001	6.908743502692587	258.9485	258.954	35781	60273	Myotis mystacinus	0.007	0.026	-1	Echolocation	192000	/home/adkris/Documents/mila-human-wav-txt/20220826_070000.WAV	547	Waveform 1	1
HF	259.04613333333333	52500.0	53760.00000000001	2.658546304354386	259.0415	259.0502	51250	56020	Pipistrellus pygmaeus	0.037	0.069	-1	Echolocation	192000	/home/adkris/Documents/mila-human-wav-txt/20220826_070000.WAV	548	Waveform 1	1
HF	259.1381666666667	55500.0	54719.99999999999	5.6289888165419955	259.1355	259.1415	52968	60287	Pipistrellus pygmaeus	0.13	0.153	-1	Echolocation	192000	/home/adkris/Documents/mila-human-wav-txt/20220826_070000.WAV	549	Waveform 1	1
HF	259.42283333333336	46500.0	48000.0	6.728037937306112	259.4185	259.424	45234	57788	Pipistrellus pipistrellus	0.408	0.48	-1	Echolocation	192000	/home/adkris/Documents/mila-human-wav-txt/20220826_070000.WAV	550	Waveform 1	1
HF	259.52116666666666	48000.0	48960.0	11.851838337511587	259.5175	259.5225	47812	59881	Pipistrellus pipistrellus	0.506	0.551	-1	Echolocation	192000	/home/adkris/Documents/mila-human-wav-txt/20220826_070000.WAV	551	Waveform 1	1
HF	259.6127	49500.0	48000.0	17.626163922367507	259.6085	259.6153	46953	56912	Pipistrellus pipistrellus	0.463	0.54	-1	Echolocation	192000	/home/adkris/Documents/mila-human-wav-txt/20220826_070000.WAV	552	Waveform 1	1
HF	259.69846666666666	48750.0	48000.0	11.05107336344992	259.6955	259.7012	46953	57351	Pipistrellus pipistrellus	0.5	0.557	-1	Echolocation	192000	/home/adkris/Documents/mila-human-wav-txt/20220826_070000.WAV	553	Waveform 1	1
HF	259.89296666666667	49500.0	48960.0	2.763071141215211	259.8905	259.8967	47812	55529	Pipistrellus pipistrellus	0.396	0.418	-1	Echolocation	192000	/home/adkris/Documents/mila-human-wav-txt/20220826_070000.WAV	554	Waveform 1	1
HF	260.09163333333333	46500.0	46080.0	3.6884187329455176	260.0875	260.0932	45234	59439	Pipistrellus pipistrellus	0.221	0.37	-1	Echolocation	192000	/home/adkris/Documents/mila-human-wav-txt/20220826_070000.WAV	555	Waveform 1	1
HF	260.22423333333336	54750.0	55679.99999999999	1.5193796075437764	260.2215	260.22860000000003	51250	57251	Pipistrellus pipistrellus	0.036	0.041	-1	Echolocation	192000	/home/adkris/Documents/mila-human-wav-txt/20220826_070000.WAV	556	Waveform 1	1
HF	260.42676666666665	51750.0	51840.0	3.725583273581488	260.4225	260.4304	51250	64417	Pipistrellus pipistrellus	0.143	0.248	-1	Echolocation	192000	/home/adkris/Documents/mila-human-wav-txt/20220826_070000.WAV	557	Waveform 1	1
HF	260.4766666666667	57750.0	54719.99999999999	9.110234103935388	260.4735	260.479	52109	64914	Pipistrellus pipistrellus	0.241	0.401	-1	Echolocation	192000	/home/adkris/Documents/mila-human-wav-txt/20220826_070000.WAV	558	Waveform 1	1
HF	260.5674666666667	55500.0	55679.99999999999	6.569228373866	260.5655	260.5722	46093	57924	Pipistrellus pipistrellus	0.153	0.191	-1	Echolocation	192000	/home/adkris/Documents/mila-human-wav-txt/20220826_070000.WAV	559	Waveform 1	1
HF	260.64506666666665	57750.0	57600.0	4.498495048801044	260.6415	260.6466	41796	66456	Myotis mystacinus	0.02	0.04	-1	Echolocation	192000	/home/adkris/Documents/mila-human-wav-txt/20220826_070000.WAV	560	Waveform 1	1
HF	260.7587	56250.0	54719.99999999999	11.800457338133974	260.7565	260.7618	46093	66775	Myotis alcathoe	0.166	0.374	-1	Echolocation	192000	/home/adkris/Documents/mila-human-wav-txt/20220826_070000.WAV	561	Waveform 1	1
HF	260.83276666666666	55500.0	55679.99999999999	9.671037784874873	260.8315	260.8354	48671	59688	Pipistrellus pipistrellus	0.378	0.439	-1	Echolocation	192000	/home/adkris/Documents/mila-human-wav-txt/20220826_070000.WAV	562	Waveform 1	1
HF	261.0054666666667	48000.0	48000.0	12.049001318995066	261.0025	261.0082	46093	53028	Pipistrellus pipistrellus	0.486	0.499	-1	Echolocation	192000	/home/adkris/Documents/mila-human-wav-txt/20220826_070000.WAV	563	Waveform 1	1
HF	261.08413333333334	49500.0	48000.0	13.922346835716583	261.08050000000003	261.0867	47812	57685	Pipistrellus pipistrellus	0.522	0.659	-1	Echolocation	192000	/home/adkris/Documents/mila-human-wav-txt/20220826_070000.WAV	564	Waveform 1	1
HF	261.1542333333333	48750.0	48000.0	7.875671589423946	261.1505	261.1566	46953	58215	Pipistrellus pipistrellus	0.31	0.434	-1	Echolocation	192000	/home/adkris/Documents/mila-human-wav-txt/20220826_070000.WAV	565	Waveform 1	1
HF	261.2429	54000.0	52800.00000000001	16.319899670997614	261.2405	261.2456	48671	61465	Pipistrellus pipistrellus	0.333	0.432	-1	Echolocation	192000	/home/adkris/Documents/mila-human-wav-txt/20220826_070000.WAV	566	Waveform 1	1
HF	261.32553333333334	52500.0	51840.0	7.855301922212476	261.3225	261.3293	46093	59836	Pipistrellus pipistrellus	0.348	0.458	-1	Echolocation	192000	/home/adkris/Documents/mila-human-wav-txt/20220826_070000.WAV	567	Waveform 1	1
HF	263.1109333333333	54000.0	52800.00000000001	6.775523141464324	263.1085	263.1124	50390	60385	Pipistrellus pipistrellus	0.317	0.441	-1	Echolocation	192000	/home/adkris/Documents/mila-human-wav-txt/20220826_070000.WAV	568	Waveform 1	1
HF	263.17353333333335	56250.0	53760.00000000001	0.4894057602093269	263.16949999999997	263.1753	51250	61046	Pipistrellus pipistrellus	0.1	0.159	-1	Echolocation	192000	/home/adkris/Documents/mila-human-wav-txt/20220826_070000.WAV	569	Waveform 1	1
HF	263.23766666666666	54000.0	55679.99999999999	11.549418068100724	263.2345	263.24	52109	58556	Pipistrellus pipistrellus	0.184	0.33	-1	Echolocation	192000	/home/adkris/Documents/mila-human-wav-txt/20220826_070000.WAV	570	Waveform 1	1
HF	263.28973333333334	54000.0	53760.00000000001	2.844628164679821	263.2865	263.2931	52109	59905	Pipistrellus pygmaeus	0.148	0.169	-1	Echolocation	192000	/home/adkris/Documents/mila-human-wav-txt/20220826_070000.WAV	571	Waveform 1	1
HF	263.3496666666667	50250.0	49920.0	1.963380802953583	263.3465	263.352	32343	67239	Myotis brandtii	0.014	0.035	-1	Echolocation	192000	/home/adkris/Documents/mila-human-wav-txt/20220826_070000.WAV	572	Waveform 1	1
HF	263.40066666666667	53250.0	52800.00000000001	6.221676198434674	263.3975	263.403	51250	57507	Pipistrellus pygmaeus	0.204	0.301	-1	Echolocation	192000	/home/adkris/Documents/mila-human-wav-txt/20220826_070000.WAV	573	Waveform 1	1
HF	263.72253333333333	40500.0	41280.0	4.040768648378271	263.7195	263.7263	39218	49067	Pipistrellus nathusii	0.472	0.493	-1	Echolocation	192000	/home/adkris/Documents/mila-human-wav-txt/20220826_070000.WAV	574	Waveform 1	1
LF	263.9209333333333	40500.0	41280.0	3.464596517095722	263.9145	263.9214	29765	43791	Myotis daubentonii	0.008	0.026	-1	Echolocation	192000	/home/adkris/Documents/mila-human-wav-txt/20220826_070000.WAV	575	Waveform 1	1
HF	264.07116666666667	40500.0	41280.0	5.122235676983301	264.0665	264.074	38359	45306	Pipistrellus nathusii	0.229	0.367	-1	Echolocation	192000	/home/adkris/Documents/mila-human-wav-txt/20220826_070000.WAV	576	Waveform 1	1
HF	264.16179999999997	39750.0	40320.0	8.458897541123132	264.1575	264.1642	38359	45543	Pipistrellus nathusii	0.318	0.465	-1	Echolocation	192000	/home/adkris/Documents/mila-human-wav-txt/20220826_070000.WAV	577	Waveform 1	1
HF	264.2412	41250.0	41280.0	6.7169142303852265	264.2375	264.2448	37500	48011	Pipistrellus nathusii	0.111	0.324	-1	Echolocation	192000	/home/adkris/Documents/mila-human-wav-txt/20220826_070000.WAV	578	Waveform 1	1
HF	264.32963333333333	40500.0	41280.0	3.3969119209864647	264.3255	264.3347	38359	46359	Pipistrellus nathusii	0.283	0.346	-1	Echolocation	192000	/home/adkris/Documents/mila-human-wav-txt/20220826_070000.WAV	579	Waveform 1	1
HF	264.4242	40500.0	40320.0	5.528013608396395	264.4205	264.4278	38359	45348	Pipistrellus nathusii	0.285	0.383	-1	Echolocation	192000	/home/adkris/Documents/mila-human-wav-txt/20220826_070000.WAV	580	Waveform 1	1
HF	264.5296	42750.0	43200.0	6.8830521673135205	264.5255	264.5324	37500	45645	Pipistrellus nathusii	0.086	0.26	-1	Echolocation	192000	/home/adkris/Documents/mila-human-wav-txt/20220826_070000.WAV	581	Waveform 1	1
HF	264.6182333333333	42000.0	41280.0	5.930818761449493	264.6125	264.6201	38359	46753	Pipistrellus nathusii	0.156	0.33	-1	Echolocation	192000	/home/adkris/Documents/mila-human-wav-txt/20220826_070000.WAV	582	Waveform 1	1
HF	264.71656666666667	42000.0	42240.0	6.40399760592551	264.7125	264.7206	39218	48332	Pipistrellus nathusii	0.217	0.281	-1	Echolocation	192000	/home/adkris/Documents/mila-human-wav-txt/20220826_070000.WAV	583	Waveform 1	1
HF	264.89046666666667	41250.0	40320.0	5.181263420535782	264.8865	264.8947	39218	44973	Pipistrellus nathusii	0.291	0.336	-1	Echolocation	192000	/home/adkris/Documents/mila-human-wav-txt/20220826_070000.WAV	584	Waveform 1	1
HF	265.0962	41250.0	41280.0	2.1687122708933786	265.0905	265.09929999999997	36640	48043	Pipistrellus nathusii	0.104	0.22	-1	Echolocation	192000	/home/adkris/Documents/mila-human-wav-txt/20220826_070000.WAV	585	Waveform 1	1
HF	265.29066666666665	41250.0	43200.0	3.237022926193787	265.2845	265.294	40078	48757	Pipistrellus nathusii	0.086	0.117	-1	Echolocation	192000	/home/adkris/Documents/mila-human-wav-txt/20220826_070000.WAV	586	Waveform 1	1
HF	270.29176666666666	53250.0	49920.0	-0.4842060630208699	270.2885	270.2939	34062	66467	Myotis mystacinus	0.011	0.028	-1	Echolocation	192000	/home/adkris/Documents/mila-human-wav-txt/20220826_070000.WAV	587	Waveform 1	1
HF	270.49	55500.0	52800.00000000001	6.165796674016198	270.4875	270.4925	48671	58908	Pipistrellus pipistrellus	0.365	0.406	-1	Echolocation	192000	/home/adkris/Documents/mila-human-wav-txt/20220826_070000.WAV	588	Waveform 1	1
HF	270.5806333333333	49500.0	48960.0	2.3934234718651655	270.5775	270.5842	42656	58650	Pipistrellus pipistrellus	0.064	0.136	-1	Echolocation	192000	/home/adkris/Documents/mila-human-wav-txt/20220826_070000.WAV	589	Waveform 1	1
HF	270.86993333333334	50250.0	48960.0	1.2369586110897908	270.8655	270.8709	36640	57448	Myotis mystacinus	0.006	0.023	-1	Echolocation	192000	/home/adkris/Documents/mila-human-wav-txt/20220826_070000.WAV	590	Waveform 1	1
HF	271.07	48750.0	48000.0	9.501351122895692	271.0655	271.072	47812	58926	Pipistrellus pipistrellus	0.497	0.586	-1	Echolocation	192000	/home/adkris/Documents/mila-human-wav-txt/20220826_070000.WAV	591	Waveform 1	1
HF	271.1215666666667	49500.0	48960.0	4.407975327933564	271.1185	271.1241	47812	59737	Pipistrellus pipistrellus	0.357	0.392	-1	Echolocation	192000	/home/adkris/Documents/mila-human-wav-txt/20220826_070000.WAV	592	Waveform 1	1
HF	271.2106333333333	49500.0	51840.0	1.7236188708350515	271.2085	271.2127	48671	60359	Pipistrellus pipistrellus	0.196	0.207	-1	Echolocation	192000	/home/adkris/Documents/mila-human-wav-txt/20220826_070000.WAV	593	Waveform 1	1
HF	271.45343333333335	49500.0	53760.00000000001	13.8564637246579	271.4495	271.4554	47812	60572	Pipistrellus pipistrellus	0.577	0.633	-1	Echolocation	192000	/home/adkris/Documents/mila-human-wav-txt/20220826_070000.WAV	594	Waveform 1	1
HF	271.5430333333333	57000.0	54719.99999999999	6.521331907635521	271.5425	271.5483	54687	62071	Pipistrellus pygmaeus	0.049	0.053	-1	Echolocation	192000	/home/adkris/Documents/mila-human-wav-txt/20220826_070000.WAV	595	Waveform 1	1
HF	271.6435333333333	50250.0	49920.0	16.307904982816346	271.6415	271.6458	48671	62178	Pipistrellus pipistrellus	0.55	0.588	-1	Echolocation	192000	/home/adkris/Documents/mila-human-wav-txt/20220826_070000.WAV	596	Waveform 1	1
HF	271.7348333333333	49500.0	49920.0	10.658869555043353	271.7315	271.738	48671	57707	Pipistrellus pipistrellus	0.504	0.588	-1	Echolocation	192000	/home/adkris/Documents/mila-human-wav-txt/20220826_070000.WAV	597	Waveform 1	1
HF	271.9039	50250.0	49920.0	13.060952128121182	271.9015	271.9066	44375	62910	Pipistrellus pipistrellus	0.489	0.581	-1	Echolocation	192000	/home/adkris/Documents/mila-human-wav-txt/20220826_070000.WAV	598	Waveform 1	1
HF	271.9846	54000.0	53760.00000000001	8.883776566651672	271.9825	271.9879	47812	63482	Pipistrellus pipistrellus	0.352	0.457	-1	Echolocation	192000	/home/adkris/Documents/mila-human-wav-txt/20220826_070000.WAV	599	Waveform 1	1
HF	272.03996666666666	55500.0	55679.99999999999	12.111032981570029	272.0345	272.0412	53828	61784	Pipistrellus pipistrellus	0.014	0.032	-1	Echolocation	192000	/home/adkris/Documents/mila-human-wav-txt/20220826_070000.WAV	600	Waveform 1	1
HF	272.0978666666667	49500.0	52800.00000000001	11.116659121502456	272.0945	272.0998	46093	62363	Pipistrellus pipistrellus	0.491	0.584	-1	Echolocation	192000	/home/adkris/Documents/mila-human-wav-txt/20220826_070000.WAV	601	Waveform 1	1
HF	272.17766666666665	54000.0	52800.00000000001	7.1427272144326	272.1745	272.18	50390	60148	Pipistrellus pipistrellus	0.301	0.369	-1	Echolocation	192000	/home/adkris/Documents/mila-human-wav-txt/20220826_070000.WAV	602	Waveform 1	1
HF	272.25503333333336	54750.0	52800.00000000001	12.04246277833565	272.2535	272.2583	47812	60701	Pipistrellus pipistrellus	0.542	0.587	-1	Echolocation	192000	/home/adkris/Documents/mila-human-wav-txt/20220826_070000.WAV	603	Waveform 1	1
HF	272.3313	51000.0	50880.0	1.3866158456481812	272.3285	272.3332	48671	59882	Pipistrellus pipistrellus	0.208	0.219	-1	Echolocation	192000	/home/adkris/Documents/mila-human-wav-txt/20220826_070000.WAV	604	Waveform 1	1
HF	272.4309333333333	46500.0	32640.000000000004	0.3028060064237499	272.4275	272.4339	27187	47282	Myotis nattereri	0.009	0.025	-1	Echolocation	192000	/home/adkris/Documents/mila-human-wav-txt/20220826_070000.WAV	605	Waveform 1	1
HF	272.48546666666664	49500.0	48960.0	6.2325803117791265	272.4825	272.4882	47812	58424	Pipistrellus pipistrellus	0.45	0.47	-1	Echolocation	192000	/home/adkris/Documents/mila-human-wav-txt/20220826_070000.WAV	606	Waveform 1	1
HF	272.5376	53250.0	52800.00000000001	7.449574405420672	272.5355	272.5409	34062	68500	Myotis mystacinus	0.016	0.045	-1	Echolocation	192000	/home/adkris/Documents/mila-human-wav-txt/20220826_070000.WAV	607	Waveform 1	1
HF	272.6299	54000.0	52800.00000000001	7.734612184634651	272.6275	272.6326	46953	57637	Pipistrellus pipistrellus	0.365	0.409	-1	Echolocation	192000	/home/adkris/Documents/mila-human-wav-txt/20220826_070000.WAV	608	Waveform 1	1
LF	280.62853333333334	24750.0	24960.0	2.917140007845994	280.6215	280.6383	23750	28543	Nyctalus leisleri	0.066	0.184	-1	Echolocation	192000	/home/adkris/Documents/mila-human-wav-txt/20220826_070000.WAV	609	Waveform 1	1
HF	280.9846	49500.0	49920.0	2.2801742872643764	280.9805	280.9874	49531	60359	Pipistrellus pipistrellus	0.186	0.217	-1	Echolocation	192000	/home/adkris/Documents/mila-human-wav-txt/20220826_070000.WAV	610	Waveform 1	1
HF	281.1271	50250.0	52800.00000000001	0.8641278613560387	281.1245	281.1294	34921	70216	Myotis mystacinus	0.012	0.035	-1	Echolocation	192000	/home/adkris/Documents/mila-human-wav-txt/20220826_070000.WAV	611	Waveform 1	1
LF	281.1847333333333	25500.0	24960.0	1.739809337457312	281.1825	281.1936	23750	29349	Nyctalus leisleri	0.009	0.023	-1	Echolocation	192000	/home/adkris/Documents/mila-human-wav-txt/20220826_070000.WAV	612	Waveform 1	1
HF	281.3017	51000.0	48000.0	4.439515595592927	281.29449999999997	281.3053	46953	55974	Pipistrellus pipistrellus	0.182	0.212	-1	Echolocation	192000	/home/adkris/Documents/mila-human-wav-txt/20220826_070000.WAV	613	Waveform 1	1
HF	281.6381	54000.0	53760.00000000001	5.097180810373536	281.6355	281.6404	48671	62652	Pipistrellus pipistrellus	0.308	0.36	-1	Echolocation	192000	/home/adkris/Documents/mila-human-wav-txt/20220826_070000.WAV	614	Waveform 1	1
HF	281.7066	50250.0	51840.0	7.252424098126729	281.7035	281.7079	47812	59092	Pipistrellus pipistrellus	0.405	0.437	-1	Echolocation	192000	/home/adkris/Documents/mila-human-wav-txt/20220826_070000.WAV	615	Waveform 1	1
HF	281.84343333333334	48000.0	48960.0	3.9967665167837656	281.8395	281.8454	46953	55766	Pipistrellus pipistrellus	0.154	0.167	-1	Echolocation	192000	/home/adkris/Documents/mila-human-wav-txt/20220826_070000.WAV	616	Waveform 1	1
HF	281.94433333333336	47250.0	47040.0	2.235731715999561	281.9415	281.9485	46093	50938	Pipistrellus pipistrellus	0.072	0.074	-1	Echolocation	192000	/home/adkris/Documents/mila-human-wav-txt/20220826_070000.WAV	617	Waveform 1	1
HF	281.9888	52500.0	51840.0	0.7252216484715367	281.9845	281.9947	49531	57521	Pipistrellus pipistrellus	0.041	0.049	-1	Echolocation	192000	/home/adkris/Documents/mila-human-wav-txt/20220826_070000.WAV	618	Waveform 1	1
HF	282.0792	50250.0	49920.0	10.719335666792311	282.0765	282.0813	46953	57628	Pipistrellus pipistrellus	0.538	0.564	-1	Echolocation	192000	/home/adkris/Documents/mila-human-wav-txt/20220826_070000.WAV	619	Waveform 1	1
HF	282.1632333333333	51750.0	49920.0	6.141530098249297	282.1615	282.16610000000003	47812	57054	Pipistrellus pipistrellus	0.467	0.479	-1	Echolocation	192000	/home/adkris/Documents/mila-human-wav-txt/20220826_070000.WAV	620	Waveform 1	1
HF	282.41246666666666	36750.0	33600.0	0.5138775240054059	282.4115	282.4157	32343	46027	Myotis daubentonii	0.013	0.047	-1	Echolocation	192000	/home/adkris/Documents/mila-human-wav-txt/20220826_070000.WAV	621	Waveform 1	1
HF	282.4951	52500.0	51840.0	10.195478841758083	282.4925	282.4974	48671	62476	Pipistrellus pipistrellus	0.561	0.617	-1	Echolocation	192000	/home/adkris/Documents/mila-human-wav-txt/20220826_070000.WAV	622	Waveform 1	1
HF	282.6087333333333	51750.0	52800.00000000001	2.9430315986269444	282.6055	282.6121	50390	58930	Pipistrellus pipistrellus	0.254	0.273	-1	Echolocation	192000	/home/adkris/Documents/mila-human-wav-txt/20220826_070000.WAV	623	Waveform 1	1
HF	282.6898	48000.0	48000.0	1.117679405452619	282.6855	282.6922	46093	56277	Pipistrellus pipistrellus	0.095	0.117	-1	Echolocation	192000	/home/adkris/Documents/mila-human-wav-txt/20220826_070000.WAV	624	Waveform 1	1
HF	282.896	48750.0	49920.0	2.356189948929593	282.8935	282.8985	38359	57891	Myotis nattereri	0.007	0.026	-1	Echolocation	192000	/home/adkris/Documents/mila-human-wav-txt/20220826_070000.WAV	625	Waveform 1	1
HF	282.9523	54000.0	52800.00000000001	5.817465422137635	282.9495	282.9542	49531	58808	Pipistrellus pipistrellus	0.43	0.442	-1	Echolocation	192000	/home/adkris/Documents/mila-human-wav-txt/20220826_070000.WAV	626	Waveform 1	1
HF	283.0492	52500.0	52800.00000000001	11.042629134014062	283.0465	283.0513	48671	61484	Pipistrellus pipistrellus	0.486	0.543	-1	Echolocation	192000	/home/adkris/Documents/mila-human-wav-txt/20220826_070000.WAV	627	Waveform 1	1
HF	283.1014666666667	53250.0	53760.00000000001	6.174870916036788	283.0985	283.1042	48671	58382	Pipistrellus pipistrellus	0.384	0.419	-1	Echolocation	192000	/home/adkris/Documents/mila-human-wav-txt/20220826_070000.WAV	628	Waveform 1	1
HF	283.26056666666665	53250.0	48960.0	2.1368724176142937	283.2585	283.2651	48671	57070	Pipistrellus pipistrellus	0.056	0.059	-1	Echolocation	192000	/home/adkris/Documents/mila-human-wav-txt/20220826_070000.WAV	629	Waveform 1	1
HF	283.4311333333333	49500.0	49920.0	12.294769466208749	283.4275	283.4337	46953	58586	Pipistrellus pipistrellus	0.548	0.63	-1	Echolocation	192000	/home/adkris/Documents/mila-human-wav-txt/20220826_070000.WAV	630	Waveform 1	1
LF	283.6727333333333	25500.0	24960.0	2.3784945542966227	283.6675	283.6896	24609	27894	Nyctalus leisleri	0.065	0.11	-1	Echolocation	192000	/home/adkris/Documents/mila-human-wav-txt/20220826_070000.WAV	631	Waveform 1	1
LF	284.3399	25500.0	25920.0	3.082818712755638	284.3285	284.3421	23750	28455	Nyctalus leisleri	0.017	0.035	-1	Echolocation	192000	/home/adkris/Documents/mila-human-wav-txt/20220826_070000.WAV	632	Waveform 1	1
LF	285.1021333333333	24750.0	24960.0	4.632324525519576	285.0865	285.1087	24609	27625	Nyctalus leisleri	0.131	0.194	-1	Echolocation	192000	/home/adkris/Documents/mila-human-wav-txt/20220826_070000.WAV	633	Waveform 1	1
LF	285.6838666666667	21750.0	22080.0	0.4025262900867881	285.6755	285.6898	22890	27482	Nyctalus leisleri	0.018	0.043	-1	Echolocation	192000	/home/adkris/Documents/mila-human-wav-txt/20220826_070000.WAV	634	Waveform 1	1
LF	286.7468333333333	25500.0	25920.0	0.8403871865621542	286.7375	286.7555	24609	28812	Nyctalus leisleri	0.109	0.206	-1	Echolocation	192000	/home/adkris/Documents/mila-human-wav-txt/20220826_070000.WAV	635	Waveform 1	1
LF	287.07346666666666	25500.0	25920.0	7.642868807751999	287.0645	287.0782	24609	29119	Nyctalus leisleri	0.325	0.492	-1	Echolocation	192000	/home/adkris/Documents/mila-human-wav-txt/20220826_070000.WAV	636	Waveform 1	1
LF	287.4082	24750.0	25920.0	1.1047682069367666	287.3935	287.4178	23750	27333	Nyctalus leisleri	0.107	0.176	-1	Echolocation	192000	/home/adkris/Documents/mila-human-wav-txt/20220826_070000.WAV	637	Waveform 1	1
HF	287.48283333333336	39750.0	41280.0	4.254785191366331	287.4775	287.4855	39218	45179	Barbastellus barbastellus	0.018	0.061	-1	Echolocation	192000	/home/adkris/Documents/mila-human-wav-txt/20220826_070000.WAV	638	Waveform 1	1
LF	287.75263333333334	25500.0	25920.0	6.837387552127739	287.7435	287.7582	25468	30153	Nyctalus leisleri	0.339	0.57	-1	Echolocation	192000	/home/adkris/Documents/mila-human-wav-txt/20220826_070000.WAV	639	Waveform 1	1
HF	287.8482333333333	39750.0	41280.0	4.204580254451055	287.8435	287.8521	38359	44039	Pipistrellus nathusii	0.286	0.418	-1	Echolocation	192000	/home/adkris/Documents/mila-human-wav-txt/20220826_070000.WAV	640	Waveform 1	1
HF	288.0360333333333	40500.0	41280.0	6.273688117313087	288.0315	288.0403	37500	44026	Pipistrellus nathusii	0.234	0.382	-1	Echolocation	192000	/home/adkris/Documents/mila-human-wav-txt/20220826_070000.WAV	641	Waveform 1	1
LF	288.1052666666667	26250.0	25920.0	1.8382034260443845	288.1005	288.1184	24609	28546	Nyctalus leisleri	0.094	0.194	-1	Echolocation	192000	/home/adkris/Documents/mila-human-wav-txt/20220826_070000.WAV	642	Waveform 1	1
HF	288.1288666666667	42000.0	41280.0	3.486229981265287	288.1245	288.1323	39218	45206	Pipistrellus nathusii	0.055	0.138	-1	Echolocation	192000	/home/adkris/Documents/mila-human-wav-txt/20220826_070000.WAV	643	Waveform 1	1
HF	288.2978	41250.0	41280.0	3.998601444763747	288.29449999999997	288.30219999999997	36640	46856	Pipistrellus nathusii	0.119	0.284	-1	Echolocation	192000	/home/adkris/Documents/mila-human-wav-txt/20220826_070000.WAV	644	Waveform 1	1
LF	288.51463333333334	24750.0	24960.0	8.481048777010821	288.4945	288.5157	24609	28477	Nyctalus leisleri	0.304	0.448	-1	Echolocation	192000	/home/adkris/Documents/mila-human-wav-txt/20220826_070000.WAV	645	Waveform 1	1
HF	288.57273333333336	41250.0	40320.0	8.227170858402948	288.5695	288.5761	37500	45962	Pipistrellus nathusii	0.203	0.398	-1	Echolocation	192000	/home/adkris/Documents/mila-human-wav-txt/20220826_070000.WAV	646	Waveform 1	1
HF	288.66603333333336	41250.0	41280.0	5.629749168538424	288.6625	288.6688	36640	46620	Barbastellus barbastellus	0.088	0.222	-1	Echolocation	192000	/home/adkris/Documents/mila-human-wav-txt/20220826_070000.WAV	647	Waveform 1	1
LF	288.7887333333333	24750.0	25920.0	5.255373472294723	288.77049999999997	288.7936	24609	27752	Nyctalus leisleri	0.238	0.327	-1	Echolocation	192000	/home/adkris/Documents/mila-human-wav-txt/20220826_070000.WAV	648	Waveform 1	1
HF	288.8409	39750.0	39360.0	8.84136496266474	288.8365	288.8431	37500	46210	Barbastellus barbastellus	0.094	0.229	-1	Echolocation	192000	/home/adkris/Documents/mila-human-wav-txt/20220826_070000.WAV	649	Waveform 1	1
LF	289.09686666666664	24750.0	25920.0	4.068309673765481	289.0785	289.1003	24609	28745	Nyctalus leisleri	0.23	0.348	-1	Echolocation	192000	/home/adkris/Documents/mila-human-wav-txt/20220826_070000.WAV	650	Waveform 1	1
HF	289.10563333333334	41250.0	39360.0	3.834288370836179	289.1015	289.1107	36640	42903	Pipistrellus nathusii	0.138	0.251	-1	Echolocation	192000	/home/adkris/Documents/mila-human-wav-txt/20220826_070000.WAV	651	Waveform 1	1
LF	289.5871	25500.0	25920.0	4.6192661710323595	289.5765	289.5909	25468	29875	Nyctalus leisleri	0.303	0.458	-1	Echolocation	192000	/home/adkris/Documents/mila-human-wav-txt/20220826_070000.WAV	652	Waveform 1	1
LF	289.9012	24750.0	24960.0	2.2983931319495263	289.8885	289.9113	24609	28064	Nyctalus leisleri	0.166	0.249	-1	Echolocation	192000	/home/adkris/Documents/mila-human-wav-txt/20220826_070000.WAV	653	Waveform 1	1
LF	291.00756666666666	26250.0	25920.0	9.03888613857992	290.9955	291.0096	25468	30383	Nyctalus leisleri	0.206	0.377	-1	Echolocation	192000	/home/adkris/Documents/mila-human-wav-txt/20220826_070000.WAV	654	Waveform 1	1
LF	291.81396666666666	25500.0	25920.0	8.016350117629912	291.8015	291.8257	24609	28389	Nyctalus leisleri	0.2	0.307	-1	Echolocation	192000	/home/adkris/Documents/mila-human-wav-txt/20220826_070000.WAV	655	Waveform 1	1
LF	292.1274666666667	25500.0	25920.0	2.049222964025844	292.1195	292.1342	24609	28344	Nyctalus leisleri	0.339	0.472	-1	Echolocation	192000	/home/adkris/Documents/mila-human-wav-txt/20220826_070000.WAV	656	Waveform 1	1
LF	292.4316	25500.0	25920.0	3.0297589265991096	292.4145	292.4329	24609	28856	Nyctalus leisleri	0.205	0.33	-1	Echolocation	192000	/home/adkris/Documents/mila-human-wav-txt/20220826_070000.WAV	657	Waveform 1	1
LF	292.73296666666664	24750.0	25920.0	7.389972083196909	292.7245	292.7387	25468	31255	Eptesicus serotinus	0.064	0.135	-1	Echolocation	192000	/home/adkris/Documents/mila-human-wav-txt/20220826_070000.WAV	658	Waveform 1	1
LF	293.05983333333336	23250.0	23040.0	2.105584426076272	293.0545	293.073	23750	28403	Nyctalus leisleri	0.034	0.081	-1	Echolocation	192000	/home/adkris/Documents/mila-human-wav-txt/20220826_070000.WAV	659	Waveform 1	1
LF	293.2019	27000.0	26880.000000000004	5.794851335238926	293.1905	293.2041	25468	30572	Nyctalus leisleri	0.41	0.566	-1	Echolocation	192000	/home/adkris/Documents/mila-human-wav-txt/20220826_070000.WAV	660	Waveform 1	1
LF	293.3731333333333	24750.0	24960.0	13.867988404850172	293.35450000000003	293.3737	24609	28454	Nyctalus leisleri	0.261	0.449	-1	Echolocation	192000	/home/adkris/Documents/mila-human-wav-txt/20220826_070000.WAV	661	Waveform 1	1
LF	293.8790666666667	24750.0	25920.0	7.129109161724836	293.8695	293.8861	24609	29167	Nyctalus leisleri	0.316	0.483	-1	Echolocation	192000	/home/adkris/Documents/mila-human-wav-txt/20220826_070000.WAV	662	Waveform 1	1
LF	294.2011	24750.0	25920.0	1.8266293115893208	294.1895	294.2099	24609	27888	Nyctalus leisleri	0.097	0.178	-1	Echolocation	192000	/home/adkris/Documents/mila-human-wav-txt/20220826_070000.WAV	663	Waveform 1	1
LF	294.4762333333333	25500.0	25920.0	3.0864042165318746	294.4655	294.4856	24609	29144	Nyctalus leisleri	0.11	0.254	-1	Echolocation	192000	/home/adkris/Documents/mila-human-wav-txt/20220826_070000.WAV	664	Waveform 1	1
HF	294.66003333333333	48750.0	48000.0	4.055444500465304	294.6565	294.6628	47812	55929	Pipistrellus pipistrellus	0.392	0.519	-1	Echolocation	192000	/home/adkris/Documents/mila-human-wav-txt/20220826_070000.WAV	665	Waveform 1	1
LF	295.259	24750.0	24960.0	5.096828067058427	295.2445	295.2655	24609	28811	Nyctalus leisleri	0.138	0.251	-1	Echolocation	192000	/home/adkris/Documents/mila-human-wav-txt/20220826_070000.WAV	666	Waveform 1	1
HF	295.2942	51000.0	49920.0	3.0647979332438577	295.2905	295.2978	47812	55318	Pipistrellus pipistrellus	0.157	0.217	-1	Echolocation	192000	/home/adkris/Documents/mila-human-wav-txt/20220826_070000.WAV	667	Waveform 1	1
HF	295.59073333333333	52500.0	55679.99999999999	3.899884770300016	295.5875	295.5941	47812	59545	Pipistrellus pipistrellus	0.099	0.113	-1	Echolocation	192000	/home/adkris/Documents/mila-human-wav-txt/20220826_070000.WAV	668	Waveform 1	1
LF	295.9196	24000.0	24960.0	0.5403551497984501	295.9105	295.9264	23750	27728	Nyctalus leisleri	0.024	0.047	-1	Echolocation	192000	/home/adkris/Documents/mila-human-wav-txt/20220826_070000.WAV	669	Waveform 1	1
HF	295.98206666666664	51000.0	53760.00000000001	4.109406950981683	295.9775	295.9851	50390	55823	Pipistrellus pipistrellus	0.168	0.21	-1	Echolocation	192000	/home/adkris/Documents/mila-human-wav-txt/20220826_070000.WAV	670	Waveform 1	1
HF	296.3999	52500.0	51840.0	2.9840832787220775	296.3975	296.4026	34062	64556	Myotis mystacinus	0.012	0.029	-1	Echolocation	192000	/home/adkris/Documents/mila-human-wav-txt/20220826_070000.WAV	671	Waveform 1	1
HF	296.5281	53250.0	52800.00000000001	3.8646298531978154	296.5255	296.5304	45234	59597	Pipistrellus pipistrellus	0.199	0.326	-1	Echolocation	192000	/home/adkris/Documents/mila-human-wav-txt/20220826_070000.WAV	672	Waveform 1	1
LF	296.55133333333333	25500.0	25920.0	2.1168269181669612	296.5425	296.5575	25468	29633	Nyctalus leisleri	0.027	0.066	-1	Echolocation	192000	/home/adkris/Documents/mila-human-wav-txt/20220826_070000.WAV	673	Waveform 1	1
HF	296.6705333333333	48000.0	48960.0	2.8202546730574634	296.6665	296.6723	46953	61327	Pipistrellus pipistrellus	0.175	0.221	-1	Echolocation	192000	/home/adkris/Documents/mila-human-wav-txt/20220826_070000.WAV	674	Waveform 1	1
HF	296.71883333333335	48000.0	48960.0	1.7594123619942048	296.7145	296.72	32343	66910	Myotis mystacinus	0.009	0.027	-1	Echolocation	192000	/home/adkris/Documents/mila-human-wav-txt/20220826_070000.WAV	675	Waveform 1	1
LF	296.75603333333333	24000.0	24000.0	1.8322074212044877	296.7475	296.76279999999997	23750	27863	Nyctalus leisleri	0.098	0.204	-1	Echolocation	192000	/home/adkris/Documents/mila-human-wav-txt/20220826_070000.WAV	676	Waveform 1	1
HF	296.8029666666667	55500.0	48960.0	2.1951647086398456	296.8005	296.8067	47812	60437	Pipistrellus pipistrellus	0.16	0.216	-1	Echolocation	192000	/home/adkris/Documents/mila-human-wav-txt/20220826_070000.WAV	677	Waveform 1	1
LF	296.8497	24000.0	24960.0	3.1941608792745613	296.8425	296.8673	22890	26760	Nyctalus leisleri	0.072	0.163	-1	Echolocation	192000	/home/adkris/Documents/mila-human-wav-txt/20220826_070000.WAV	678	Waveform 1	1
HF	296.9277	55500.0	50880.0	5.379836933428751	296.9255	296.9308	46953	59831	Pipistrellus pipistrellus	0.234	0.332	-1	Echolocation	192000	/home/adkris/Documents/mila-human-wav-txt/20220826_070000.WAV	679	Waveform 1	1
HF	296.97406666666666	52500.0	51840.0	-0.9011093587488744	296.9715	296.9776	36640	64770	Myotis mystacinus	0.01	0.024	-1	Echolocation	192000	/home/adkris/Documents/mila-human-wav-txt/20220826_070000.WAV	680	Waveform 1	1
HF	297.0235	54750.0	55679.99999999999	5.615788910159689	297.0215	297.027	34921	64178	Myotis mystacinus	0.009	0.028	-1	Echolocation	192000	/home/adkris/Documents/mila-human-wav-txt/20220826_070000.WAV	681	Waveform 1	1
HF	297.1376333333333	52500.0	52800.00000000001	5.296376867897	297.1355	297.1397	49531	61426	Pipistrellus pipistrellus	0.346	0.362	-1	Echolocation	192000	/home/adkris/Documents/mila-human-wav-txt/20220826_070000.WAV	682	Waveform 1	1
LF	297.1578	24000.0	24000.0	2.486559818943795	297.14549999999997	297.1652	23750	28485	Nyctalus leisleri	0.203	0.326	-1	Echolocation	192000	/home/adkris/Documents/mila-human-wav-txt/20220826_070000.WAV	683	Waveform 1	1
HF	297.21566666666666	51000.0	49920.0	7.434120923309326	297.2125	297.218	49531	61119	Pipistrellus pipistrellus	0.546	0.64	-1	Echolocation	192000	/home/adkris/Documents/mila-human-wav-txt/20220826_070000.WAV	684	Waveform 1	1
HF	297.76433333333335	53250.0	51840.0	11.349977152060834	297.7625	297.767	47812	58812	Pipistrellus pipistrellus	0.516	0.541	-1	Echolocation	192000	/home/adkris/Documents/mila-human-wav-txt/20220826_070000.WAV	685	Waveform 1	1
LF	297.91333333333336	24750.0	24960.0	1.8783249489447131	297.9065	297.92	23750	28170	Nyctalus leisleri	0.394	0.506	-1	Echolocation	192000	/home/adkris/Documents/mila-human-wav-txt/20220826_070000.WAV	686	Waveform 1	1
HF	298.02909999999997	48000.0	48000.0	13.601250761943522	298.0245	298.0309	46953	60539	Pipistrellus pipistrellus	0.3	0.496	-1	Echolocation	192000	/home/adkris/Documents/mila-human-wav-txt/20220826_070000.WAV	687	Waveform 1	1
LF	298.18983333333335	24000.0	24960.0	4.59582140073931	298.1805	298.1985	23750	27690	Nyctalus leisleri	0.322	0.415	-1	Echolocation	192000	/home/adkris/Documents/mila-human-wav-txt/20220826_070000.WAV	688	Waveform 1	1
LF	298.45713333333333	23250.0	24000.0	3.241855955276722	298.4495	298.4622	23750	28988	Nyctalus leisleri	0.226	0.444	-1	Echolocation	192000	/home/adkris/Documents/mila-human-wav-txt/20220826_070000.WAV	689	Waveform 1	1
LF	298.99156666666664	24000.0	24000.0	2.475659599673622	298.9845	299.0001	23750	28438	Nyctalus leisleri	0.091	0.223	-1	Echolocation	192000	/home/adkris/Documents/mila-human-wav-txt/20220826_070000.WAV	690	Waveform 1	1
LF	299.3797666666667	24750.0	24960.0	2.40709538086757	299.3705	299.3944	23750	27647	Nyctalus noctula	0.031	0.068	-1	Echolocation	192000	/home/adkris/Documents/mila-human-wav-txt/20220826_070000.WAV	691	Waveform 1	1
LF	299.64813333333336	24750.0	24960.0	2.737376655481319	299.6415	299.6587	23750	28085	Nyctalus leisleri	0.072	0.161	-1	Echolocation	192000	/home/adkris/Documents/mila-human-wav-txt/20220826_070000.WAV	692	Waveform 1	1
LF	299.8037	25500.0	24960.0	3.484572450111619	299.7965	299.8108	24609	28801	Nyctalus leisleri	0.289	0.442	-1	Echolocation	192000	/home/adkris/Documents/mila-human-wav-txt/20220826_070000.WAV	693	Waveform 1	1
HF	299.8324333333333	48000.0	49920.0	3.8375512973214887	299.8285	299.8344	48671	55894	Pipistrellus pipistrellus	0.249	0.274	-1	Echolocation	192000	/home/adkris/Documents/mila-human-wav-txt/20220826_070000.WAV	694	Waveform 1	1
LF	300.2013	24000.0	24960.0	1.3522360488867122	300.1925	300.2087	24609	28777	Nyctalus leisleri	0.066	0.132	-1	Echolocation	192000	/home/adkris/Documents/mila-human-wav-txt/20220826_070000.WAV	695	Waveform 1	1
LF	300.4669666666667	24750.0	24960.0	8.614836983592042	300.4565	300.4687	24609	29851	Nyctalus leisleri	0.386	0.609	-1	Echolocation	192000	/home/adkris/Documents/mila-human-wav-txt/20220826_070000.WAV	696	Waveform 1	1
LF	300.7293	24750.0	24000.0	2.2819053862340706	300.7155	300.7302	22890	27967	Nyctalus leisleri	0.022	0.053	-1	Echolocation	192000	/home/adkris/Documents/mila-human-wav-txt/20220826_070000.WAV	697	Waveform 1	1
LF	300.9908	25500.0	24960.0	9.409991581516936	300.9835	300.9977	23750	29140	Nyctalus leisleri	0.162	0.394	-1	Echolocation	192000	/home/adkris/Documents/mila-human-wav-txt/20220826_070000.WAV	698	Waveform 1	1
LF	301.0436	41250.0	41280.0	1.5112739630382868	301.0395	301.0464	29765	41641	Myotis daubentonii	0.008	0.028	-1	Echolocation	192000	/home/adkris/Documents/mila-human-wav-txt/20220826_070000.WAV	699	Waveform 1	1
LF	301.2484333333333	24750.0	24000.0	7.760820812340306	301.2435	301.2589	23750	27217	Nyctalus leisleri	0.5	0.591	-1	Echolocation	192000	/home/adkris/Documents/mila-human-wav-txt/20220826_070000.WAV	700	Waveform 1	1
LF	301.52383333333336	25500.0	25920.0	6.967095737710096	301.5135	301.5305	24609	28899	Nyctalus leisleri	0.175	0.326	-1	Echolocation	192000	/home/adkris/Documents/mila-human-wav-txt/20220826_070000.WAV	701	Waveform 1	1
HF	301.51893333333334	41250.0	41280.0	4.370024705236001	301.5145	301.5234	40078	46552	Pipistrellus nathusii	0.327	0.456	-1	Echolocation	192000	/home/adkris/Documents/mila-human-wav-txt/20220826_070000.WAV	702	Waveform 1	1
HF	301.69346666666667	42000.0	41280.0	2.356207347439983	301.6905	301.6997	39218	42962	Pipistrellus nathusii	0.14	0.192	-1	Echolocation	192000	/home/adkris/Documents/mila-human-wav-txt/20220826_070000.WAV	703	Waveform 1	1
HF	301.7817	41250.0	41280.0	-1.475495360237181	301.7765	301.7823	30625	44708	Myotis daubentonii	0.011	0.024	-1	Echolocation	192000	/home/adkris/Documents/mila-human-wav-txt/20220826_070000.WAV	704	Waveform 1	1
LF	301.7947	24750.0	24960.0	6.816993268217479	301.7845	301.7993	24609	28434	Nyctalus leisleri	0.352	0.503	-1	Echolocation	192000	/home/adkris/Documents/mila-human-wav-txt/20220826_070000.WAV	705	Waveform 1	1
HF	301.8709666666667	41250.0	42240.0	7.250668866137971	301.8665	301.8742	39218	48166	Pipistrellus nathusii	0.501	0.586	-1	Echolocation	192000	/home/adkris/Documents/mila-human-wav-txt/20220826_070000.WAV	706	Waveform 1	1
HF	302.03153333333336	46500.0	41280.0	2.608612463320028	302.0295	302.0373	40078	45724	Pipistrellus nathusii	0.063	0.094	-1	Echolocation	192000	/home/adkris/Documents/mila-human-wav-txt/20220826_070000.WAV	707	Waveform 1	1
HF	302.1208	45000.0	41280.0	6.41736071510244	302.1175	302.1252	40078	52347	Pipistrellus nathusii	0.385	0.519	-1	Echolocation	192000	/home/adkris/Documents/mila-human-wav-txt/20220826_070000.WAV	708	Waveform 1	1
LF	302.1879666666667	25500.0	25920.0	11.02041682369754	302.1805	302.1957	24609	27738	Nyctalus leisleri	0.374	0.482	-1	Echolocation	192000	/home/adkris/Documents/mila-human-wav-txt/20220826_070000.WAV	709	Waveform 1	1
HF	302.2887	42750.0	42240.0	3.111579228713646	302.2875	302.2938	40937	46725	Pipistrellus nathusii	0.171	0.195	-1	Echolocation	192000	/home/adkris/Documents/mila-human-wav-txt/20220826_070000.WAV	710	Waveform 1	1
HF	302.3803	40500.0	41280.0	5.4848180217161175	302.3765	302.3837	39218	50369	Pipistrellus nathusii	0.363	0.417	-1	Echolocation	192000	/home/adkris/Documents/mila-human-wav-txt/20220826_070000.WAV	711	Waveform 1	1
LF	302.4707666666667	24750.0	24960.0	5.812828292100793	302.4635	302.4789	23750	28048	Nyctalus leisleri	0.303	0.459	-1	Echolocation	192000	/home/adkris/Documents/mila-human-wav-txt/20220826_070000.WAV	712	Waveform 1	1
HF	302.54716666666667	42000.0	41280.0	8.794685898807169	302.5425	302.55	39218	54083	Pipistrellus nathusii	0.246	0.4	-1	Echolocation	192000	/home/adkris/Documents/mila-human-wav-txt/20220826_070000.WAV	713	Waveform 1	1
LF	302.6111	24750.0	25920.0	5.211216969707678	302.6035	302.6174	24609	28188	Nyctalus leisleri	0.399	0.535	-1	Echolocation	192000	/home/adkris/Documents/mila-human-wav-txt/20220826_070000.WAV	714	Waveform 1	1
HF	302.7223	41250.0	40320.0	5.257031632980151	302.7185	302.7257	38359	46843	Pipistrellus nathusii	0.352	0.423	-1	Echolocation	192000	/home/adkris/Documents/mila-human-wav-txt/20220826_070000.WAV	715	Waveform 1	1
LF	302.75853333333333	25500.0	25920.0	6.073997331524806	302.7495	302.7643	24609	29688	Nyctalus leisleri	0.326	0.545	-1	Echolocation	192000	/home/adkris/Documents/mila-human-wav-txt/20220826_070000.WAV	716	Waveform 1	1
HF	302.8125333333333	42000.0	41280.0	4.521450016367695	302.8095	302.8163	39218	48015	Pipistrellus nathusii	0.481	0.551	-1	Echolocation	192000	/home/adkris/Documents/mila-human-wav-txt/20220826_070000.WAV	717	Waveform 1	1
HF	303.0003	41250.0	41280.0	7.80186736802758	302.9965	303.0037	40078	51533	Pipistrellus nathusii	0.251	0.353	-1	Echolocation	192000	/home/adkris/Documents/mila-human-wav-txt/20220826_070000.WAV	718	Waveform 1	1
LF	303.01296666666667	24750.0	24960.0	5.202005228457079	303.0085	303.0267	23750	27796	Nyctalus leisleri	0.216	0.318	-1	Echolocation	192000	/home/adkris/Documents/mila-human-wav-txt/20220826_070000.WAV	719	Waveform 1	1
HF	303.0984	41250.0	41280.0	11.10185471010796	303.0945	303.1016	38359	50080	Pipistrellus nathusii	0.474	0.58	-1	Echolocation	192000	/home/adkris/Documents/mila-human-wav-txt/20220826_070000.WAV	720	Waveform 1	1
HF	303.1970333333333	41250.0	40320.0	11.997784742829914	303.1925	303.2013	38359	52125	Pipistrellus nathusii	0.341	0.468	-1	Echolocation	192000	/home/adkris/Documents/mila-human-wav-txt/20220826_070000.WAV	721	Waveform 1	1
HF	303.2933	42750.0	41280.0	12.067735948034972	303.2875	303.2962	39218	52702	Pipistrellus nathusii	0.334	0.453	-1	Echolocation	192000	/home/adkris/Documents/mila-human-wav-txt/20220826_070000.WAV	722	Waveform 1	1
HF	303.3899333333333	40500.0	40320.0	14.364838130675995	303.3825	303.3919	38359	52521	Pipistrellus nathusii	0.364	0.487	-1	Echolocation	192000	/home/adkris/Documents/mila-human-wav-txt/20220826_070000.WAV	723	Waveform 1	1
LF	303.4209	24750.0	24960.0	14.047787340575915	303.4105	303.4251	23750	28644	Nyctalus leisleri	0.411	0.558	-1	Echolocation	192000	/home/adkris/Documents/mila-human-wav-txt/20220826_070000.WAV	724	Waveform 1	1
HF	303.4821333333333	41250.0	41280.0	9.454657656274566	303.4755	303.4857	40078	55574	Pipistrellus nathusii	0.49	0.543	-1	Echolocation	192000	/home/adkris/Documents/mila-human-wav-txt/20220826_070000.WAV	725	Waveform 1	1
HF	303.7542	42000.0	42240.0	11.6345011433874	303.7505	303.7578	39218	51880	Pipistrellus nathusii	0.317	0.335	-1	Echolocation	192000	/home/adkris/Documents/mila-human-wav-txt/20220826_070000.WAV	726	Waveform 1	1
LF	303.8127	24000.0	24000.0	13.497152388202494	303.7995	303.8148	23750	28891	Nyctalus leisleri	0.415	0.596	-1	Echolocation	192000	/home/adkris/Documents/mila-human-wav-txt/20220826_070000.WAV	727	Waveform 1	1
HF	303.8512666666667	42000.0	40320.0	4.481946737167343	303.8475	303.8559	38359	48136	Pipistrellus nathusii	0.305	0.343	-1	Echolocation	192000	/home/adkris/Documents/mila-human-wav-txt/20220826_070000.WAV	728	Waveform 1	1
HF	304.03363333333334	42750.0	41280.0	6.734179883029377	304.0295	304.0387	39218	47625	Pipistrellus nathusii	0.32	0.372	-1	Echolocation	192000	/home/adkris/Documents/mila-human-wav-txt/20220826_070000.WAV	729	Waveform 1	1
LF	304.0823	26250.0	25920.0	16.231824912107932	304.0765	304.0922	23750	29168	Nyctalus leisleri	0.316	0.509	-1	Echolocation	192000	/home/adkris/Documents/mila-human-wav-txt/20220826_070000.WAV	730	Waveform 1	1
HF	304.28926666666666	39750.0	40320.0	4.135229344000312	304.2845	304.2919	38359	45900	Barbastellus barbastellus	0.047	0.118	-1	Echolocation	192000	/home/adkris/Documents/mila-human-wav-txt/20220826_070000.WAV	731	Waveform 1	1
LF	304.35333333333335	25500.0	25920.0	6.829937768261967	304.3465	304.36	24609	28406	Nyctalus leisleri	0.446	0.572	-1	Echolocation	192000	/home/adkris/Documents/mila-human-wav-txt/20220826_070000.WAV	732	Waveform 1	1
LF	304.4884666666667	26250.0	25920.0	8.565512571341356	304.4765	304.4907	25468	31406	Nyctalus leisleri	0.31	0.526	-1	Echolocation	192000	/home/adkris/Documents/mila-human-wav-txt/20220826_070000.WAV	733	Waveform 1	1
HF	304.58816666666667	40500.0	40320.0	6.2787293602024175	304.5845	304.593	38359	44006	Pipistrellus nathusii	0.264	0.395	-1	Echolocation	192000	/home/adkris/Documents/mila-human-wav-txt/20220826_070000.WAV	734	Waveform 1	1
LF	304.76166666666666	26250.0	25920.0	8.885913779990284	304.7545	304.77	24609	29270	Nyctalus leisleri	0.318	0.561	-1	Echolocation	192000	/home/adkris/Documents/mila-human-wav-txt/20220826_070000.WAV	735	Waveform 1	1
HF	304.78226666666666	41250.0	41280.0	6.1960358337988355	304.7775	304.7884	38359	42715	Pipistrellus nathusii	0.176	0.207	-1	Echolocation	192000	/home/adkris/Documents/mila-human-wav-txt/20220826_070000.WAV	736	Waveform 1	1
LF	305.0396333333333	25500.0	25920.0	18.973056331699297	305.0305	305.0452	23750	30162	Nyctalus leisleri	0.343	0.565	-1	Echolocation	192000	/home/adkris/Documents/mila-human-wav-txt/20220826_070000.WAV	737	Waveform 1	1
LF	305.31176666666664	23250.0	24960.0	17.095388168273956	305.2955	305.3124	23750	29966	Nyctalus leisleri	0.242	0.551	-1	Echolocation	192000	/home/adkris/Documents/mila-human-wav-txt/20220826_070000.WAV	738	Waveform 1	1
LF	305.5645333333333	24000.0	24000.0	9.835635997591924	305.5525	305.5678	23750	29186	Nyctalus leisleri	0.3	0.556	-1	Echolocation	192000	/home/adkris/Documents/mila-human-wav-txt/20220826_070000.WAV	739	Waveform 1	1
LF	305.6465666666667	25500.0	25920.0	0.0006026549399112	305.6285	305.6471	25468	29963	Nyctalus leisleri	0.055	0.133	-1	Echolocation	192000	/home/adkris/Documents/mila-human-wav-txt/20220826_070000.WAV	740	Waveform 1	1
LF	305.71703333333335	25500.0	25920.0	9.78926106906837	305.7045	305.7193	24609	30719	Nyctalus leisleri	0.284	0.469	-1	Echolocation	192000	/home/adkris/Documents/mila-human-wav-txt/20220826_070000.WAV	741	Waveform 1	1
LF	305.8623333333333	26250.0	25920.0	17.07015998513846	305.8505	305.866	24609	31045	Nyctalus leisleri	0.317	0.562	-1	Echolocation	192000	/home/adkris/Documents/mila-human-wav-txt/20220826_070000.WAV	742	Waveform 1	1
LF	306.1238	25500.0	25920.0	14.453829289516706	306.1145	306.1302	24609	29681	Nyctalus leisleri	0.256	0.444	-1	Echolocation	192000	/home/adkris/Documents/mila-human-wav-txt/20220826_070000.WAV	743	Waveform 1	1
LF	306.2594	26250.0	24960.0	14.588459635262488	306.2485	306.2626	24609	29613	Nyctalus leisleri	0.239	0.458	-1	Echolocation	192000	/home/adkris/Documents/mila-human-wav-txt/20220826_070000.WAV	744	Waveform 1	1
LF	306.40723333333335	27000.0	25920.0	16.331882141467077	306.3965	306.4096	24609	31907	Eptesicus serotinus	0.231	0.526	-1	Echolocation	192000	/home/adkris/Documents/mila-human-wav-txt/20220826_070000.WAV	745	Waveform 1	1
LF	306.58456666666666	24000.0	23040.0	1.2685504301410175	306.5825	306.5926	22890	28141	Nyctalus leisleri	0.01	0.023	-1	Echolocation	192000	/home/adkris/Documents/mila-human-wav-txt/20220826_070000.WAV	746	Waveform 1	1
LF	306.66513333333336	25500.0	24960.0	10.803656153058403	306.6535	306.6692	24609	29529	Nyctalus leisleri	0.304	0.47	-1	Echolocation	192000	/home/adkris/Documents/mila-human-wav-txt/20220826_070000.WAV	747	Waveform 1	1
LF	306.9834666666667	25500.0	25920.0	0.9982045132847828	306.9745	306.9882	25468	29602	Nyctalus leisleri	0.032	0.072	-1	Echolocation	192000	/home/adkris/Documents/mila-human-wav-txt/20220826_070000.WAV	748	Waveform 1	1
LF	307.3109333333333	24750.0	24960.0	12.476848499694722	307.3015	307.3194	23750	30293	Eptesicus serotinus	0.157	0.368	-1	Echolocation	192000	/home/adkris/Documents/mila-human-wav-txt/20220826_070000.WAV	749	Waveform 1	1
LF	307.593	25500.0	25920.0	18.00166365111588	307.5765	307.599	22890	30447	Nyctalus noctula	0.198	0.461	-1	Echolocation	192000	/home/adkris/Documents/mila-human-wav-txt/20220826_070000.WAV	750	Waveform 1	1
LF	307.8602	24750.0	24960.0	12.256186977480578	307.8505	307.8693	23750	28807	Nyctalus leisleri	0.277	0.481	-1	Echolocation	192000	/home/adkris/Documents/mila-human-wav-txt/20220826_070000.WAV	751	Waveform 1	1
LF	308.2737333333333	23250.0	24000.0	21.484292474618645	308.2515	308.2741	23750	28589	Nyctalus leisleri	0.18	0.354	-1	Echolocation	192000	/home/adkris/Documents/mila-human-wav-txt/20220826_070000.WAV	752	Waveform 1	1
LF	308.42033333333336	24750.0	24960.0	16.723082311723	308.3985	308.4215	23750	30871	Eptesicus serotinus	0.191	0.391	-1	Echolocation	192000	/home/adkris/Documents/mila-human-wav-txt/20220826_070000.WAV	753	Waveform 1	1
LF	308.5751666666667	25500.0	24000.0	12.082235504255332	308.5625	308.5795	23750	29446	Nyctalus leisleri	0.325	0.532	-1	Echolocation	192000	/home/adkris/Documents/mila-human-wav-txt/20220826_070000.WAV	754	Waveform 1	1
LF	308.8442	25500.0	24000.0	20.906803797795575	308.8295	308.8503	22890	29665	Nyctalus noctula	0.218	0.424	-1	Echolocation	192000	/home/adkris/Documents/mila-human-wav-txt/20220826_070000.WAV	755	Waveform 1	1
LF	309.02503333333334	25500.0	25920.0	1.049372031677522	309.0105	309.0268	23750	28397	Nyctalus leisleri	0.014	0.031	-1	Echolocation	192000	/home/adkris/Documents/mila-human-wav-txt/20220826_070000.WAV	756	Waveform 1	1
LF	309.12760000000003	24000.0	24000.0	17.476342128735084	309.1125	309.1294	23750	28503	Nyctalus leisleri	0.211	0.397	-1	Echolocation	192000	/home/adkris/Documents/mila-human-wav-txt/20220826_070000.WAV	757	Waveform 1	1
LF	309.34593333333333	25500.0	25920.0	2.427200530721386	309.3295	309.3509	24609	29637	Nyctalus leisleri	0.125	0.252	-1	Echolocation	192000	/home/adkris/Documents/mila-human-wav-txt/20220826_070000.WAV	758	Waveform 1	1
LF	309.4026666666667	24000.0	24000.0	19.608024076924593	309.3895	309.406	23750	29963	Nyctalus leisleri	0.244	0.42	-1	Echolocation	192000	/home/adkris/Documents/mila-human-wav-txt/20220826_070000.WAV	759	Waveform 1	1
LF	309.54243333333335	25500.0	25920.0	18.64902779630836	309.5325	309.5464	24609	33075	Eptesicus serotinus	0.304	0.539	-1	Echolocation	192000	/home/adkris/Documents/mila-human-wav-txt/20220826_070000.WAV	760	Waveform 1	1
LF	309.6462333333333	23250.0	24960.0	8.275653677685884	309.6275	309.6466	24609	28939	Nyctalus leisleri	0.063	0.137	-1	Echolocation	192000	/home/adkris/Documents/mila-human-wav-txt/20220826_070000.WAV	761	Waveform 1	1
LF	309.80916666666667	24000.0	24960.0	20.829025697907714	309.7935	309.811	23750	31660	Eptesicus serotinus	0.24	0.437	-1	Echolocation	192000	/home/adkris/Documents/mila-human-wav-txt/20220826_070000.WAV	762	Waveform 1	1
LF	309.9594666666667	24000.0	24000.0	11.707146721564843	309.9455	309.9647	23750	27340	Nyctalus leisleri	0.254	0.329	-1	Echolocation	192000	/home/adkris/Documents/mila-human-wav-txt/20220826_070000.WAV	763	Waveform 1	1
LF	310.17466666666667	25500.0	25920.0	-0.432576678967129	310.1665	310.1775	22890	27748	Nyctalus leisleri	0.011	0.023	-1	Echolocation	192000	/home/adkris/Documents/mila-human-wav-txt/20220826_070000.WAV	764	Waveform 1	1
LF	310.36223333333334	24000.0	24000.0	19.574800657400797	310.3425	310.3641	23750	28561	Nyctalus leisleri	0.201	0.421	-1	Echolocation	192000	/home/adkris/Documents/mila-human-wav-txt/20220826_070000.WAV	765	Waveform 1	1
LF	310.4516	24750.0	24960.0	0.239153873772705	310.4365	310.4604	23750	27419	Nyctalus leisleri	0.027	0.061	-1	Echolocation	192000	/home/adkris/Documents/mila-human-wav-txt/20220826_070000.WAV	766	Waveform 1	1
LF	310.6311	24750.0	24000.0	9.93346713752405	310.6225	310.6389	23750	28207	Nyctalus leisleri	0.317	0.477	-1	Echolocation	192000	/home/adkris/Documents/mila-human-wav-txt/20220826_070000.WAV	767	Waveform 1	1
LF	310.65676666666667	26250.0	25920.0	-0.7551427586348183	310.6475	310.6644	26328	29666	Nyctalus leisleri	0.24	0.34	-1	Echolocation	192000	/home/adkris/Documents/mila-human-wav-txt/20220826_070000.WAV	768	Waveform 1	1
LF	310.76093333333336	24750.0	24960.0	5.612881541381814	310.7415	310.7634	24609	27875	Nyctalus leisleri	0.259	0.341	-1	Echolocation	192000	/home/adkris/Documents/mila-human-wav-txt/20220826_070000.WAV	769	Waveform 1	1
LF	310.78589999999997	24750.0	24960.0	3.1936138888002312	310.7715	310.7926	23750	29025	Nyctalus leisleri	0.144	0.331	-1	Echolocation	192000	/home/adkris/Documents/mila-human-wav-txt/20220826_070000.WAV	770	Waveform 1	1
LF	311.2006333333333	24000.0	24000.0	6.4507886085339186	311.1835	311.2077	23750	28127	Nyctalus leisleri	0.094	0.217	-1	Echolocation	192000	/home/adkris/Documents/mila-human-wav-txt/20220826_070000.WAV	771	Waveform 1	1
LF	311.2386	26250.0	25920.0	2.5448296204018157	311.2275	311.2449	25468	29868	Nyctalus leisleri	0.283	0.497	-1	Echolocation	192000	/home/adkris/Documents/mila-human-wav-txt/20220826_070000.WAV	772	Waveform 1	1
LF	311.4035666666667	25500.0	25920.0	6.186568811618827	311.3895	311.4086	24609	28889	Nyctalus leisleri	0.066	0.131	-1	Echolocation	192000	/home/adkris/Documents/mila-human-wav-txt/20220826_070000.WAV	773	Waveform 1	1
HF	311.509	47250.0	48000.0	5.950715764068498	311.5045	311.511	46093	52341	Pipistrellus pipistrellus	0.251	0.299	-1	Echolocation	192000	/home/adkris/Documents/mila-human-wav-txt/20220826_070000.WAV	774	Waveform 1	1
LF	311.5865	24000.0	24000.0	12.663843170994715	311.5665	311.589	22890	29410	Nyctalus noctula	0.157	0.341	-1	Echolocation	192000	/home/adkris/Documents/mila-human-wav-txt/20220826_070000.WAV	775	Waveform 1	1
LF	311.85453333333334	24000.0	24000.0	6.444475812015858	311.8415	311.8663	22890	27781	Nyctalus leisleri	0.133	0.317	-1	Echolocation	192000	/home/adkris/Documents/mila-human-wav-txt/20220826_070000.WAV	776	Waveform 1	1
LF	312.179	25500.0	25920.0	4.844326580019506	312.1635	312.18	24609	29863	Nyctalus leisleri	0.271	0.424	-1	Echolocation	192000	/home/adkris/Documents/mila-human-wav-txt/20220826_070000.WAV	777	Waveform 1	1
LF	312.26523333333336	24000.0	24000.0	15.55930694409511	312.2575	312.2736	23750	28445	Nyctalus leisleri	0.227	0.398	-1	Echolocation	192000	/home/adkris/Documents/mila-human-wav-txt/20220826_070000.WAV	778	Waveform 1	1
LF	312.3432	25500.0	25920.0	1.890350824319712	312.3325	312.3468	25468	29674	Nyctalus leisleri	0.194	0.312	-1	Echolocation	192000	/home/adkris/Documents/mila-human-wav-txt/20220826_070000.WAV	779	Waveform 1	1
LF	312.49756666666667	25500.0	25920.0	1.2383443828862803	312.4895	312.5076	24609	28624	Nyctalus leisleri	0.192	0.36	-1	Echolocation	192000	/home/adkris/Documents/mila-human-wav-txt/20220826_070000.WAV	780	Waveform 1	1
HF	312.49626666666666	48750.0	48960.0	9.373338355316545	312.4935	312.4994	46953	53203	Pipistrellus pipistrellus	0.268	0.295	-1	Echolocation	192000	/home/adkris/Documents/mila-human-wav-txt/20220826_070000.WAV	781	Waveform 1	1
LF	312.5335333333333	24750.0	24000.0	3.005922981440708	312.5275	312.5488	22890	26773	Nyctalus leisleri	0.109	0.203	-1	Echolocation	192000	/home/adkris/Documents/mila-human-wav-txt/20220826_070000.WAV	782	Waveform 1	1
HF	312.56826666666666	49500.0	48960.0	4.782893097680231	312.5655	312.5714	48671	55160	Pipistrellus pipistrellus	0.321	0.343	-1	Echolocation	192000	/home/adkris/Documents/mila-human-wav-txt/20220826_070000.WAV	783	Waveform 1	1
LF	312.6372666666667	25500.0	25920.0	5.58222611997048	312.6245	312.6414	25468	29907	Nyctalus leisleri	0.37	0.516	-1	Echolocation	192000	/home/adkris/Documents/mila-human-wav-txt/20220826_070000.WAV	784	Waveform 1	1
LF	312.6691	24000.0	24000.0	5.888738169654961	312.6545	312.6754	22890	26692	Nyctalus leisleri	0.329	0.397	-1	Echolocation	192000	/home/adkris/Documents/mila-human-wav-txt/20220826_070000.WAV	785	Waveform 1	1
HF	312.67423333333335	45750.0	45120.0	-0.1853007345488619	312.6705	312.6766	32343	51746	Myotis daubentonii	0.018	0.028	-1	Echolocation	192000	/home/adkris/Documents/mila-human-wav-txt/20220826_070000.WAV	786	Waveform 1	1
HF	312.76706666666666	52500.0	48960.0	3.024803809793726	312.7625	312.7701	48671	58699	Pipistrellus pipistrellus	0.037	0.041	-1	Echolocation	192000	/home/adkris/Documents/mila-human-wav-txt/20220826_070000.WAV	787	Waveform 1	1
LF	312.78653333333335	24750.0	24960.0	4.233384573377977	312.7775	312.7958	23750	28671	Nyctalus leisleri	0.131	0.249	-1	Echolocation	192000	/home/adkris/Documents/mila-human-wav-txt/20220826_070000.WAV	788	Waveform 1	1
HF	312.80646666666667	34500.0	34560.0	0.0480046449984427	312.8045	312.8112	31484	44273	Myotis daubentonii	0.015	0.04	-1	Echolocation	192000	/home/adkris/Documents/mila-human-wav-txt/20220826_070000.WAV	789	Waveform 1	1
LF	312.9081	24000.0	24000.0	4.6925181685286175	312.8915	312.9104	24609	28857	Nyctalus leisleri	0.135	0.245	-1	Echolocation	192000	/home/adkris/Documents/mila-human-wav-txt/20220826_070000.WAV	790	Waveform 1	1
HF	313.0299	52500.0	52800.00000000001	0.2679812094711831	313.0275	313.0326	37500	67841	Myotis mystacinus	0.016	0.042	-1	Echolocation	192000	/home/adkris/Documents/mila-human-wav-txt/20220826_070000.WAV	791	Waveform 1	1
HF	313.06283333333334	55500.0	53760.00000000001	4.429452998996031	313.0615	313.0665	50390	57271	Pipistrellus pipistrellus	0.045	0.05	-1	Echolocation	192000	/home/adkris/Documents/mila-human-wav-txt/20220826_070000.WAV	792	Waveform 1	1
LF	313.1298	26250.0	25920.0	4.989167160188202	313.1155	313.1367	25468	29287	Nyctalus leisleri	0.115	0.247	-1	Echolocation	192000	/home/adkris/Documents/mila-human-wav-txt/20220826_070000.WAV	793	Waveform 1	1
HF	313.1954	54750.0	54719.99999999999	0.4644696619853273	313.1915	313.1986	50390	57753	Pipistrellus pipistrellus	0.036	0.041	-1	Echolocation	192000	/home/adkris/Documents/mila-human-wav-txt/20220826_070000.WAV	794	Waveform 1	1
LF	313.3534666666667	25500.0	25920.0	4.773247183605004	313.3425	313.3612	25468	29179	Nyctalus leisleri	0.129	0.201	-1	Echolocation	192000	/home/adkris/Documents/mila-human-wav-txt/20220826_070000.WAV	795	Waveform 1	1
LF	313.38533333333334	24750.0	24960.0	6.195865123501555	313.3735	313.3925	24609	29736	Nyctalus leisleri	0.125	0.263	-1	Echolocation	192000	/home/adkris/Documents/mila-human-wav-txt/20220826_070000.WAV	796	Waveform 1	1
LF	313.65046666666666	27750.0	26880.000000000004	3.34910742287641	313.6445	313.6577	26328	30628	Nyctalus leisleri	0.208	0.326	-1	Echolocation	192000	/home/adkris/Documents/mila-human-wav-txt/20220826_070000.WAV	797	Waveform 1	1
LF	313.6877333333333	24000.0	24960.0	1.492990256837202	313.6745	313.6921	23750	28391	Nyctalus leisleri	0.156	0.33	-1	Echolocation	192000	/home/adkris/Documents/mila-human-wav-txt/20220826_070000.WAV	798	Waveform 1	1
LF	313.9294	26250.0	25920.0	9.582947985755094	313.9155	313.9301	26328	30271	Nyctalus leisleri	0.262	0.393	-1	Echolocation	192000	/home/adkris/Documents/mila-human-wav-txt/20220826_070000.WAV	799	Waveform 1	1
LF	313.9755333333333	25500.0	24960.0	9.864424099295494	313.9625	313.9803	23750	27168	Nyctalus leisleri	0.304	0.372	-1	Echolocation	192000	/home/adkris/Documents/mila-human-wav-txt/20220826_070000.WAV	800	Waveform 1	1
LF	314.0596	25500.0	25920.0	4.819207923552711	314.0425	314.0644	25468	29608	Nyctalus leisleri	0.107	0.188	-1	Echolocation	192000	/home/adkris/Documents/mila-human-wav-txt/20220826_070000.WAV	801	Waveform 1	1
LF	314.09116666666665	27000.0	26880.000000000004	-1.8054285040341504	314.0775	314.0935	26328	30787	Nyctalus leisleri	0.159	0.283	-1	Echolocation	192000	/home/adkris/Documents/mila-human-wav-txt/20220826_070000.WAV	802	Waveform 1	1
LF	314.4739333333333	23250.0	24960.0	1.4989508970575147	314.4605	314.4814	24609	28100	Nyctalus leisleri	0.036	0.073	-1	Echolocation	192000	/home/adkris/Documents/mila-human-wav-txt/20220826_070000.WAV	803	Waveform 1	1
LF	314.5302	24000.0	24000.0	7.298435328132083	314.5185	314.5423	23750	27885	Nyctalus leisleri	0.167	0.276	-1	Echolocation	192000	/home/adkris/Documents/mila-human-wav-txt/20220826_070000.WAV	804	Waveform 1	1
LF	314.75866666666667	25500.0	25920.0	6.749444981587565	314.7495	314.77	24609	28180	Nyctalus leisleri	0.161	0.248	-1	Echolocation	192000	/home/adkris/Documents/mila-human-wav-txt/20220826_070000.WAV	805	Waveform 1	1
LF	315.0126333333333	25500.0	25920.0	8.445207091689	315.0015	315.0212	25468	28753	Nyctalus leisleri	0.172	0.258	-1	Echolocation	192000	/home/adkris/Documents/mila-human-wav-txt/20220826_070000.WAV	806	Waveform 1	1
LF	315.08296666666666	23250.0	24000.0	1.1985695189869503	315.0735	315.0937	23750	27374	Nyctalus leisleri	0.176	0.255	-1	Echolocation	192000	/home/adkris/Documents/mila-human-wav-txt/20220826_070000.WAV	807	Waveform 1	1
LF	315.2019666666667	26250.0	26880.000000000004	3.3245042734964994	315.1915	315.2072	25468	30190	Nyctalus leisleri	0.383	0.575	-1	Echolocation	192000	/home/adkris/Documents/mila-human-wav-txt/20220826_070000.WAV	808	Waveform 1	1
LF	315.4823	26250.0	24000.0	12.18423165504285	315.4645	315.4857	23750	28456	Nyctalus leisleri	0.26	0.408	-1	Echolocation	192000	/home/adkris/Documents/mila-human-wav-txt/20220826_070000.WAV	809	Waveform 1	1
LF	315.51643333333334	26250.0	26880.000000000004	-1.3176215052344014	315.5065	315.5204	26328	29851	Nyctalus leisleri	0.203	0.312	-1	Echolocation	192000	/home/adkris/Documents/mila-human-wav-txt/20220826_070000.WAV	810	Waveform 1	1
LF	315.83953333333335	25500.0	25920.0	3.35862325770425	315.8285	315.8448	25468	29805	Nyctalus leisleri	0.363	0.522	-1	Echolocation	192000	/home/adkris/Documents/mila-human-wav-txt/20220826_070000.WAV	811	Waveform 1	1
LF	316.14816666666667	26250.0	25920.0	9.356049862300276	316.1415	316.161	25468	29237	Nyctalus leisleri	0.193	0.275	-1	Echolocation	192000	/home/adkris/Documents/mila-human-wav-txt/20220826_070000.WAV	812	Waveform 1	1
LF	316.1964	25500.0	25920.0	5.041931102237202	316.1825	316.2006	24609	29527	Nyctalus leisleri	0.126	0.266	-1	Echolocation	192000	/home/adkris/Documents/mila-human-wav-txt/20220826_070000.WAV	813	Waveform 1	1
LF	316.3287	27000.0	26880.000000000004	4.320433034449024	316.3115	316.3298	26328	30091	Nyctalus leisleri	0.193	0.286	-1	Echolocation	192000	/home/adkris/Documents/mila-human-wav-txt/20220826_070000.WAV	814	Waveform 1	1
LF	316.5782	26250.0	25920.0	3.784052808228242	316.5685	316.5838	25468	30224	Nyctalus leisleri	0.027	0.057	-1	Echolocation	192000	/home/adkris/Documents/mila-human-wav-txt/20220826_070000.WAV	815	Waveform 1	1
LF	316.61156666666665	24000.0	24000.0	1.3233080446532015	316.6005	316.6226	22031	24800	Nyctalus leisleri	0.021	0.039	-1	Echolocation	192000	/home/adkris/Documents/mila-human-wav-txt/20220826_070000.WAV	816	Waveform 1	1
LF	316.7734	24000.0	24000.0	6.290243508667203	316.7595	316.7846	23750	28064	Nyctalus leisleri	0.113	0.25	-1	Echolocation	192000	/home/adkris/Documents/mila-human-wav-txt/20220826_070000.WAV	817	Waveform 1	1
LF	317.0575333333333	27000.0	26880.000000000004	5.808700723881012	317.0515	317.0693	24609	28956	Nyctalus leisleri	0.119	0.239	-1	Echolocation	192000	/home/adkris/Documents/mila-human-wav-txt/20220826_070000.WAV	818	Waveform 1	1
LF	317.1838666666667	26250.0	26880.000000000004	9.3391176846662	317.1785	317.1958	25468	29830	Nyctalus leisleri	0.282	0.365	-1	Echolocation	192000	/home/adkris/Documents/mila-human-wav-txt/20220826_070000.WAV	819	Waveform 1	1
LF	317.3781333333333	24750.0	25920.0	3.863472810015809	317.3615	317.3827	24609	27762	Nyctalus leisleri	0.137	0.22	-1	Echolocation	192000	/home/adkris/Documents/mila-human-wav-txt/20220826_070000.WAV	820	Waveform 1	1
LF	317.50576666666666	26250.0	25920.0	5.565889485082989	317.5005	317.5179	25468	29084	Nyctalus leisleri	0.225	0.345	-1	Echolocation	192000	/home/adkris/Documents/mila-human-wav-txt/20220826_070000.WAV	821	Waveform 1	1
LF	317.66456666666664	24750.0	25920.0	3.844818248734126	317.6595	317.6841	23750	26978	Nyctalus leisleri	0.079	0.143	-1	Echolocation	192000	/home/adkris/Documents/mila-human-wav-txt/20220826_070000.WAV	822	Waveform 1	1
LF	317.98063333333334	25500.0	25920.0	12.557973963859094	317.9645	317.9862	25468	28818	Nyctalus leisleri	0.199	0.287	-1	Echolocation	192000	/home/adkris/Documents/mila-human-wav-txt/20220826_070000.WAV	823	Waveform 1	1
LF	318.03926666666666	23250.0	23040.0	3.697573702078092	318.0325	318.0484	22031	25897	Nyctalus leisleri	0.395	0.471	-1	Echolocation	192000	/home/adkris/Documents/mila-human-wav-txt/20220826_070000.WAV	824	Waveform 1	1
LF	318.16763333333336	25500.0	25920.0	15.531682987533156	318.1525	318.1752	25468	28745	Nyctalus leisleri	0.219	0.323	-1	Echolocation	192000	/home/adkris/Documents/mila-human-wav-txt/20220826_070000.WAV	825	Waveform 1	1
LF	318.5124	26250.0	25920.0	14.936878080429086	318.4955	318.5176	25468	30440	Nyctalus leisleri	0.123	0.338	-1	Echolocation	192000	/home/adkris/Documents/mila-human-wav-txt/20220826_070000.WAV	826	Waveform 1	1
LF	318.6722	26250.0	25920.0	15.0738884953073	318.6515	318.6733	25468	31592	Eptesicus serotinus	0.129	0.335	-1	Echolocation	192000	/home/adkris/Documents/mila-human-wav-txt/20220826_070000.WAV	827	Waveform 1	1
LF	318.8430666666667	25500.0	25920.0	16.592747127728032	318.8295	318.8491	24609	29392	Nyctalus leisleri	0.306	0.443	-1	Echolocation	192000	/home/adkris/Documents/mila-human-wav-txt/20220826_070000.WAV	828	Waveform 1	1
LF	319.01623333333333	27000.0	26880.000000000004	17.178857820667655	319.0005	319.0191	25468	31303	Nyctalus leisleri	0.226	0.445	-1	Echolocation	192000	/home/adkris/Documents/mila-human-wav-txt/20220826_070000.WAV	829	Waveform 1	1
LF	319.3496	25500.0	25920.0	12.60332337751781	319.3335	319.3564	23750	29789	Eptesicus serotinus	0.122	0.316	-1	Echolocation	192000	/home/adkris/Documents/mila-human-wav-txt/20220826_070000.WAV	830	Waveform 1	1
LF	319.5036333333333	26250.0	26880.000000000004	11.462342478362883	319.4925	319.5087	25468	29675	Nyctalus leisleri	0.221	0.327	-1	Echolocation	192000	/home/adkris/Documents/mila-human-wav-txt/20220826_070000.WAV	831	Waveform 1	1
LF	319.6809666666667	25500.0	25920.0	4.635888464824993	319.6675	319.6872	24609	28217	Nyctalus leisleri	0.218	0.325	-1	Echolocation	192000	/home/adkris/Documents/mila-human-wav-txt/20220826_070000.WAV	832	Waveform 1	1
LF	319.98653333333334	25500.0	25920.0	19.6318545910202	319.9755	319.9918	24609	29315	Nyctalus leisleri	0.461	0.563	-1	Echolocation	192000	/home/adkris/Documents/mila-human-wav-txt/20220826_070000.WAV	833	Waveform 1	1
LF	320.43196666666665	24750.0	24960.0	5.1499046686164665	320.4215	320.4442	23750	27782	Nyctalus leisleri	0.148	0.271	-1	Echolocation	192000	/home/adkris/Documents/mila-human-wav-txt/20220826_070000.WAV	834	Waveform 1	1
LF	320.75606666666664	26250.0	25920.0	17.14071290562163	320.7415	320.7601	23750	30059	Nyctalus leisleri	0.244	0.483	-1	Echolocation	192000	/home/adkris/Documents/mila-human-wav-txt/20220826_070000.WAV	835	Waveform 1	1
LF	321.3600333333333	24750.0	25920.0	4.983810793789802	321.3415	321.3643	25468	28830	Nyctalus leisleri	0.083	0.148	-1	Echolocation	192000	/home/adkris/Documents/mila-human-wav-txt/20220826_070000.WAV	836	Waveform 1	1
LF	321.5285666666667	24750.0	24960.0	20.72072386234394	321.5155	321.5356	24609	27801	Nyctalus leisleri	0.32	0.384	-1	Echolocation	192000	/home/adkris/Documents/mila-human-wav-txt/20220826_070000.WAV	837	Waveform 1	1
LF	322.1678333333333	26250.0	24960.0	4.510660957219895	322.1565	322.1795	24609	28512	Nyctalus leisleri	0.216	0.337	-1	Echolocation	192000	/home/adkris/Documents/mila-human-wav-txt/20220826_070000.WAV	838	Waveform 1	1
LF	322.44646666666665	25500.0	25920.0	17.847521969453997	322.4345	322.4522	24609	27825	Nyctalus leisleri	0.356	0.478	-1	Echolocation	192000	/home/adkris/Documents/mila-human-wav-txt/20220826_070000.WAV	839	Waveform 1	1
LF	322.7332	25500.0	25920.0	7.610693318357971	322.7245	322.7408	25468	27948	Nyctalus leisleri	0.392	0.463	-1	Echolocation	192000	/home/adkris/Documents/mila-human-wav-txt/20220826_070000.WAV	840	Waveform 1	1
LF	323.04296666666664	25500.0	25920.0	4.155504778949743	323.0295	323.0527	24609	28495	Nyctalus leisleri	0.132	0.244	-1	Echolocation	192000	/home/adkris/Documents/mila-human-wav-txt/20220826_070000.WAV	841	Waveform 1	1
LF	323.18873333333335	24750.0	24960.0	14.896803469868074	323.1755	323.1966	24609	28019	Nyctalus leisleri	0.275	0.36	-1	Echolocation	192000	/home/adkris/Documents/mila-human-wav-txt/20220826_070000.WAV	842	Waveform 1	1
LF	323.4719	24750.0	24960.0	5.198222230525658	323.45550000000003	323.4781	24609	28828	Nyctalus leisleri	0.18	0.263	-1	Echolocation	192000	/home/adkris/Documents/mila-human-wav-txt/20220826_070000.WAV	843	Waveform 1	1
LF	323.6498	24750.0	24960.0	2.1787991249327563	323.6385	323.6592	23750	27826	Nyctalus leisleri	0.232	0.336	-1	Echolocation	192000	/home/adkris/Documents/mila-human-wav-txt/20220826_070000.WAV	844	Waveform 1	1
LF	324.1025333333333	24750.0	24960.0	15.033622990124735	324.0935	324.1118	23750	27804	Nyctalus leisleri	0.368	0.474	-1	Echolocation	192000	/home/adkris/Documents/mila-human-wav-txt/20220826_070000.WAV	845	Waveform 1	1
LF	324.1817	24750.0	24960.0	2.2009355100944825	324.16949999999997	324.1858	23750	28365	Nyctalus leisleri	0.02	0.044	-1	Echolocation	192000	/home/adkris/Documents/mila-human-wav-txt/20220826_070000.WAV	846	Waveform 1	1
LF	324.5634333333333	24750.0	24960.0	1.9341308052478632	324.5495	324.5699	24609	27918	Nyctalus leisleri	0.242	0.313	-1	Echolocation	192000	/home/adkris/Documents/mila-human-wav-txt/20220826_070000.WAV	847	Waveform 1	1
LF	324.9094	24750.0	24960.0	2.640077706820647	324.8995	324.9181	23750	28000	Nyctalus leisleri	0.031	0.073	-1	Echolocation	192000	/home/adkris/Documents/mila-human-wav-txt/20220826_070000.WAV	848	Waveform 1	1
LF	325.0056333333333	25500.0	25920.0	7.3638297215947155	325.0015	325.0177	24609	28063	Nyctalus leisleri	0.273	0.378	-1	Echolocation	192000	/home/adkris/Documents/mila-human-wav-txt/20220826_070000.WAV	849	Waveform 1	1
HF	325.1103333333333	41250.0	41280.0	7.497115267938797	325.1055	325.114	39218	49241	Pipistrellus nathusii	0.449	0.57	-1	Echolocation	192000	/home/adkris/Documents/mila-human-wav-txt/20220826_070000.WAV	850	Waveform 1	1
LF	325.1697	26250.0	25920.0	8.549641953338412	325.1595	325.1743	26328	29741	Nyctalus leisleri	0.329	0.462	-1	Echolocation	192000	/home/adkris/Documents/mila-human-wav-txt/20220826_070000.WAV	851	Waveform 1	1
HF	325.2979	48750.0	48960.0	2.467548799560791	325.2935	325.3001	48671	55685	Pipistrellus pipistrellus	0.015	0.022	-1	Echolocation	192000	/home/adkris/Documents/mila-human-wav-txt/20220826_070000.WAV	852	Waveform 1	1
HF	325.48446666666666	41250.0	41280.0	7.494666542396217	325.4805	325.4887	38359	46564	Pipistrellus nathusii	0.49	0.564	-1	Echolocation	192000	/home/adkris/Documents/mila-human-wav-txt/20220826_070000.WAV	853	Waveform 1	1
HF	325.5775	40500.0	41280.0	7.344673293774674	325.5715	325.58	39218	49623	Pipistrellus nathusii	0.447	0.515	-1	Echolocation	192000	/home/adkris/Documents/mila-human-wav-txt/20220826_070000.WAV	854	Waveform 1	1
HF	325.6660333333333	40500.0	41280.0	1.341688764617018	325.6615	325.6703	40078	45469	Pipistrellus nathusii	0.425	0.439	-1	Echolocation	192000	/home/adkris/Documents/mila-human-wav-txt/20220826_070000.WAV	855	Waveform 1	1
LF	325.7703333333333	25500.0	25920.0	6.300518903976551	325.7625	325.7785	24609	27685	Nyctalus leisleri	0.387	0.51	-1	Echolocation	192000	/home/adkris/Documents/mila-human-wav-txt/20220826_070000.WAV	856	Waveform 1	1
HF	325.8399333333333	41250.0	41280.0	5.336089453462938	325.8375	325.8449	39218	46219	Pipistrellus nathusii	0.496	0.514	-1	Echolocation	192000	/home/adkris/Documents/mila-human-wav-txt/20220826_070000.WAV	857	Waveform 1	1
HF	325.928	42750.0	41280.0	10.433199168132418	325.9245	325.932	39218	49341	Pipistrellus nathusii	0.366	0.477	-1	Echolocation	192000	/home/adkris/Documents/mila-human-wav-txt/20220826_070000.WAV	858	Waveform 1	1
LF	325.9735	24750.0	24960.0	1.5733297902157906	325.9725	325.979	24609	41976	Plecotus austriacus	0.011	0.038	-1	Echolocation	192000	/home/adkris/Documents/mila-human-wav-txt/20220826_070000.WAV	859	Waveform 1	1
HF	326.09043333333335	41250.0	41280.0	4.738301256232608	326.0865	326.0924	40078	52108	Pipistrellus nathusii	0.238	0.349	-1	Echolocation	192000	/home/adkris/Documents/mila-human-wav-txt/20220826_070000.WAV	860	Waveform 1	1
HF	326.1819	41250.0	41280.0	11.319978551778576	326.1775	326.1841	39218	49777	Pipistrellus nathusii	0.348	0.463	-1	Echolocation	192000	/home/adkris/Documents/mila-human-wav-txt/20220826_070000.WAV	861	Waveform 1	1
LF	326.2350333333333	25500.0	25920.0	4.410482985051915	326.2135	326.2368	24609	28915	Nyctalus leisleri	0.092	0.181	-1	Echolocation	192000	/home/adkris/Documents/mila-human-wav-txt/20220826_070000.WAV	862	Waveform 1	1
HF	326.36193333333335	42000.0	42240.0	7.900103712153404	326.3565	326.3644	40078	50098	Pipistrellus nathusii	0.318	0.406	-1	Echolocation	192000	/home/adkris/Documents/mila-human-wav-txt/20220826_070000.WAV	863	Waveform 1	1
HF	326.5226333333333	42750.0	40320.0	9.269357256271364	326.5175	326.52570000000003	39218	51934	Pipistrellus nathusii	0.303	0.451	-1	Echolocation	192000	/home/adkris/Documents/mila-human-wav-txt/20220826_070000.WAV	864	Waveform 1	1
HF	326.6076	44250.0	43200.0	14.87142728603118	326.60450000000003	326.6124	38359	55269	Pipistrellus nathusii	0.273	0.374	-1	Echolocation	192000	/home/adkris/Documents/mila-human-wav-txt/20220826_070000.WAV	865	Waveform 1	1
HF	326.7031	40500.0	41280.0	4.9561231858525066	326.6975	326.7064	37500	49252	Pipistrellus nathusii	0.346	0.49	-1	Echolocation	192000	/home/adkris/Documents/mila-human-wav-txt/20220826_070000.WAV	866	Waveform 1	1
HF	326.7964666666667	48000.0	48000.0	3.0838987703404226	326.7905	326.7967	49531	53180	Pipistrellus pipistrellus	0.015	0.025	-1	Echolocation	192000	/home/adkris/Documents/mila-human-wav-txt/20220826_070000.WAV	867	Waveform 1	1
HF	326.88806666666665	41250.0	41280.0	3.3137723352609685	326.8835	326.8911	39218	48233	Pipistrellus nathusii	0.415	0.483	-1	Echolocation	192000	/home/adkris/Documents/mila-human-wav-txt/20220826_070000.WAV	868	Waveform 1	1
LF	326.9844	25500.0	25920.0	2.9117684738086123	326.9775	326.9921	24609	29263	Nyctalus leisleri	0.284	0.462	-1	Echolocation	192000	/home/adkris/Documents/mila-human-wav-txt/20220826_070000.WAV	869	Waveform 1	1
HF	327.1541666666667	45000.0	40320.0	2.6592930116458384	327.1505	327.159	38359	49048	Pipistrellus nathusii	0.345	0.432	-1	Echolocation	192000	/home/adkris/Documents/mila-human-wav-txt/20220826_070000.WAV	870	Waveform 1	1
LF	328.5348	22500.0	23040.0	0.6139289126043497	328.5315	328.5427	22031	26265	Nyctalus leisleri	0.012	0.023	-1	Echolocation	192000	/home/adkris/Documents/mila-human-wav-txt/20220826_070000.WAV	871	Waveform 1	1
LF	332.08323333333334	24750.0	24960.0	2.8594399759204943	332.0765	332.0901	23750	28348	Nyctalus leisleri	0.263	0.453	-1	Echolocation	192000	/home/adkris/Documents/mila-human-wav-txt/20220826_070000.WAV	872	Waveform 1	1
HF	346.03703333333334	48750.0	48960.0	0.9857550137301716	346.0325	346.0413	45234	51000	Pipistrellus nathusii	0.226	0.304	-1	Echolocation	192000	/home/adkris/Documents/mila-human-wav-txt/20220826_070000.WAV	873	Waveform 1	1
HF	346.0603	33000.0	42240.0	2.881162633079689	346.0595	346.0662	29765	45178	Myotis daubentonii	0.012	0.027	-1	Echolocation	192000	/home/adkris/Documents/mila-human-wav-txt/20220826_070000.WAV	874	Waveform 1	1
HF	346.269	41250.0	41280.0	4.465626360506036	346.2655	346.273	40078	48560	Pipistrellus nathusii	0.307	0.38	-1	Echolocation	192000	/home/adkris/Documents/mila-human-wav-txt/20220826_070000.WAV	875	Waveform 1	1
HF	346.3551	49500.0	48960.0	2.6079726814732447	346.3535	346.3594	48671	55313	Pipistrellus pipistrellus	0.044	0.078	-1	Echolocation	192000	/home/adkris/Documents/mila-human-wav-txt/20220826_070000.WAV	876	Waveform 1	1
HF	346.43993333333333	53250.0	51840.0	0.1118080752146966	346.4365	346.4429	49531	57960	Pipistrellus pipistrellus	0.037	0.053	-1	Echolocation	192000	/home/adkris/Documents/mila-human-wav-txt/20220826_070000.WAV	877	Waveform 1	1
HF	346.5328	49500.0	49920.0	2.0011891329376525	346.5285	346.5352	48671	59849	Pipistrellus pipistrellus	0.18	0.322	-1	Echolocation	192000	/home/adkris/Documents/mila-human-wav-txt/20220826_070000.WAV	878	Waveform 1	1
HF	346.6254333333333	40500.0	41280.0	7.260080419425234	346.6205	346.6289	39218	46114	Pipistrellus nathusii	0.34	0.505	-1	Echolocation	192000	/home/adkris/Documents/mila-human-wav-txt/20220826_070000.WAV	879	Waveform 1	1
HF	346.8136666666667	40500.0	41280.0	1.250708798393232	346.8105	346.8195	39218	44213	Pipistrellus nathusii	0.222	0.256	-1	Echolocation	192000	/home/adkris/Documents/mila-human-wav-txt/20220826_070000.WAV	880	Waveform 1	1
HF	346.9094666666667	41250.0	41280.0	7.31148405054582	346.9055	346.9137	38359	46565	Pipistrellus nathusii	0.265	0.449	-1	Echolocation	192000	/home/adkris/Documents/mila-human-wav-txt/20220826_070000.WAV	881	Waveform 1	1
HF	347.0128666666667	39750.0	41280.0	5.690440861034876	347.0085	347.0163	38359	45666	Pipistrellus nathusii	0.147	0.29	-1	Echolocation	192000	/home/adkris/Documents/mila-human-wav-txt/20220826_070000.WAV	882	Waveform 1	1
HF	347.0285333333333	55500.0	52800.00000000001	3.9243636729891502	347.0225	347.0298	49531	58994	Pipistrellus pipistrellus	0.029	0.038	-1	Echolocation	192000	/home/adkris/Documents/mila-human-wav-txt/20220826_070000.WAV	883	Waveform 1	1
HF	347.11293333333333	41250.0	41280.0	9.953764251976953	347.1075	347.1154	37500	49107	Pipistrellus nathusii	0.25	0.409	-1	Echolocation	192000	/home/adkris/Documents/mila-human-wav-txt/20220826_070000.WAV	884	Waveform 1	1
HF	347.1768666666667	52500.0	49920.0	2.994969874153095	347.1735	347.1788	47812	57399	Pipistrellus pipistrellus	0.185	0.287	-1	Echolocation	192000	/home/adkris/Documents/mila-human-wav-txt/20220826_070000.WAV	885	Waveform 1	1
HF	347.203	40500.0	41280.0	8.927240234125227	347.1995	347.207	39218	53387	Pipistrellus nathusii	0.278	0.384	-1	Echolocation	192000	/home/adkris/Documents/mila-human-wav-txt/20220826_070000.WAV	886	Waveform 1	1
HF	347.297	41250.0	41280.0	13.951192754646026	347.2935	347.301	37500	49207	Pipistrellus nathusii	0.274	0.481	-1	Echolocation	192000	/home/adkris/Documents/mila-human-wav-txt/20220826_070000.WAV	887	Waveform 1	1
HF	347.3903666666667	43500.0	43200.0	6.363259253020969	347.3865	347.3948	38359	53984	Pipistrellus nathusii	0.278	0.442	-1	Echolocation	192000	/home/adkris/Documents/mila-human-wav-txt/20220826_070000.WAV	888	Waveform 1	1
HF	347.4911333333333	39000.0	41280.0	5.84737172419782	347.4865	347.4952	39218	45768	Pipistrellus nathusii	0.098	0.146	-1	Echolocation	192000	/home/adkris/Documents/mila-human-wav-txt/20220826_070000.WAV	889	Waveform 1	1
HF	347.5733	42000.0	40320.0	5.842871633976703	347.5665	347.5777	39218	48143	Pipistrellus nathusii	0.33	0.404	-1	Echolocation	192000	/home/adkris/Documents/mila-human-wav-txt/20220826_070000.WAV	890	Waveform 1	1
HF	347.6486	41250.0	41280.0	2.9576842148699267	347.6435	347.6529	36640	43564	Pipistrellus nathusii	0.189	0.295	-1	Echolocation	192000	/home/adkris/Documents/mila-human-wav-txt/20220826_070000.WAV	891	Waveform 1	1
HF	348.8904	41250.0	41280.0	4.356165065202485	348.8855	348.8916	27187	45642	Myotis daubentonii	0.021	0.051	-1	Echolocation	192000	/home/adkris/Documents/mila-human-wav-txt/20220826_070000.WAV	892	Waveform 1	1
HF	348.97113333333334	41250.0	41280.0	6.362780068601382	348.9655	348.9732	36640	49852	Pipistrellus nathusii	0.221	0.446	-1	Echolocation	192000	/home/adkris/Documents/mila-human-wav-txt/20220826_070000.WAV	893	Waveform 1	1
HF	349.0674333333333	42750.0	42240.0	3.8151038513724833	349.0625	349.0709	40078	47462	Pipistrellus nathusii	0.335	0.434	-1	Echolocation	192000	/home/adkris/Documents/mila-human-wav-txt/20220826_070000.WAV	894	Waveform 1	1
HF	349.13483333333335	41250.0	41280.0	6.425075283946909	349.1285	349.1355	37500	53750	Pipistrellus nathusii	0.177	0.334	-1	Echolocation	192000	/home/adkris/Documents/mila-human-wav-txt/20220826_070000.WAV	895	Waveform 1	1
HF	349.24646666666666	41250.0	41280.0	5.3881884158827145	349.2425	349.2507	39218	49123	Pipistrellus nathusii	0.235	0.398	-1	Echolocation	192000	/home/adkris/Documents/mila-human-wav-txt/20220826_070000.WAV	896	Waveform 1	1
HF	349.3607666666667	41250.0	41280.0	5.9763189264614365	349.3565	349.3644	39218	51048	Pipistrellus nathusii	0.397	0.498	-1	Echolocation	192000	/home/adkris/Documents/mila-human-wav-txt/20220826_070000.WAV	897	Waveform 1	1
HF	349.42356666666666	40500.0	41280.0	6.278156337072569	349.41949999999997	349.4276	39218	51810	Pipistrellus nathusii	0.182	0.282	-1	Echolocation	192000	/home/adkris/Documents/mila-human-wav-txt/20220826_070000.WAV	898	Waveform 1	1
HF	349.61469999999997	41250.0	42240.0	3.308268453114402	349.6085	349.6168	38359	46283	Pipistrellus nathusii	0.232	0.398	-1	Echolocation	192000	/home/adkris/Documents/mila-human-wav-txt/20220826_070000.WAV	899	Waveform 1	1
HF	349.7497333333333	39000.0	44160.0	3.705338923938105	349.7455	349.7546	37500	47922	Pipistrellus nathusii	0.204	0.318	-1	Echolocation	192000	/home/adkris/Documents/mila-human-wav-txt/20220826_070000.WAV	900	Waveform 1	1
HF	349.89886666666666	40500.0	40320.0	5.2120397833541325	349.8935	349.9003	38359	50892	Pipistrellus nathusii	0.235	0.354	-1	Echolocation	192000	/home/adkris/Documents/mila-human-wav-txt/20220826_070000.WAV	901	Waveform 1	1
HF	349.9909666666667	44250.0	40320.0	4.579320198282513	349.9875	349.9962	38359	48514	Pipistrellus nathusii	0.402	0.484	-1	Echolocation	192000	/home/adkris/Documents/mila-human-wav-txt/20220826_070000.WAV	902	Waveform 1	1
HF	350.1504	41250.0	41280.0	5.3113567389080405	350.1465	350.1536	40937	48547	Pipistrellus nathusii	0.275	0.314	-1	Echolocation	192000	/home/adkris/Documents/mila-human-wav-txt/20220826_070000.WAV	903	Waveform 1	1
HF	350.8106333333333	41250.0	41280.0	5.128002203237008	350.8065	350.8157	40078	47100	Pipistrellus nathusii	0.34	0.445	-1	Echolocation	192000	/home/adkris/Documents/mila-human-wav-txt/20220826_070000.WAV	904	Waveform 1	1
HF	351.0893	39750.0	40320.0	5.600739727762435	351.0855	351.0927	38359	48727	Pipistrellus nathusii	0.311	0.48	-1	Echolocation	192000	/home/adkris/Documents/mila-human-wav-txt/20220826_070000.WAV	905	Waveform 1	1
HF	351.2982333333333	41250.0	40320.0	3.989764472978542	351.29449999999997	351.3041	36640	44183	Pipistrellus nathusii	0.304	0.428	-1	Echolocation	192000	/home/adkris/Documents/mila-human-wav-txt/20220826_070000.WAV	906	Waveform 1	1
HF	351.5063333333333	41250.0	41280.0	5.152648915072011	351.5015	351.51	37500	44593	Pipistrellus nathusii	0.123	0.23	-1	Echolocation	192000	/home/adkris/Documents/mila-human-wav-txt/20220826_070000.WAV	907	Waveform 1	1
HF	358.86266666666666	50250.0	49920.0	4.7651188146410215	358.8595	358.865	47812	57685	Pipistrellus pipistrellus	0.192	0.241	-1	Echolocation	192000	/home/adkris/Documents/mila-human-wav-txt/20220826_070000.WAV	908	Waveform 1	1
HF	358.9307	48750.0	48000.0	3.3987448428987936	358.9285	358.9338	47812	53436	Pipistrellus pipistrellus	0.073	0.078	-1	Echolocation	192000	/home/adkris/Documents/mila-human-wav-txt/20220826_070000.WAV	909	Waveform 1	1
LF	363.82366666666667	25500.0	24960.0	2.8600377027281123	363.8175	363.834	24609	28731	Nyctalus leisleri	0.119	0.23	-1	Echolocation	192000	/home/adkris/Documents/mila-human-wav-txt/20220826_070000.WAV	910	Waveform 1	1
LF	364.1043333333334	24750.0	24960.0	3.4257248471859505	364.0945	364.1155	23750	27623	Nyctalus leisleri	0.025	0.064	-1	Echolocation	192000	/home/adkris/Documents/mila-human-wav-txt/20220826_070000.WAV	911	Waveform 1	1
HF	364.5995	41250.0	41280.0	3.3259885240605156	364.5965	364.6045	39218	45815	Pipistrellus nathusii	0.475	0.504	-1	Echolocation	192000	/home/adkris/Documents/mila-human-wav-txt/20220826_070000.WAV	912	Waveform 1	1
HF	364.698	42000.0	41280.0	4.114436362646885	364.6945	364.702	39218	45850	Pipistrellus nathusii	0.297	0.4	-1	Echolocation	192000	/home/adkris/Documents/mila-human-wav-txt/20220826_070000.WAV	913	Waveform 1	1
HF	364.89346666666665	42000.0	40320.0	3.1359668881668057	364.8895	364.8977	39218	47229	Pipistrellus nathusii	0.457	0.511	-1	Echolocation	192000	/home/adkris/Documents/mila-human-wav-txt/20220826_070000.WAV	914	Waveform 1	1
LF	365.1820666666667	40500.0	32640.000000000004	2.034865931804162	365.1805	365.1876	30625	42642	Myotis daubentonii	0.01	0.031	-1	Echolocation	192000	/home/adkris/Documents/mila-human-wav-txt/20220826_070000.WAV	915	Waveform 1	1
HF	365.2877	40500.0	41280.0	3.702054310411518	365.2845	365.2923	38359	44795	Pipistrellus nathusii	0.31	0.345	-1	Echolocation	192000	/home/adkris/Documents/mila-human-wav-txt/20220826_070000.WAV	916	Waveform 1	1
LF	365.4723	30750.0	29760.0	1.9564506953107628	365.4715	365.4782	28906	39421	Barbastellus barbastellus	0.017	0.045	-1	Echolocation	192000	/home/adkris/Documents/mila-human-wav-txt/20220826_070000.WAV	917	Waveform 1	1
HF	365.575	42000.0	41280.0	3.6912082251410623	365.5715	365.579	40078	48213	Pipistrellus nathusii	0.473	0.516	-1	Echolocation	192000	/home/adkris/Documents/mila-human-wav-txt/20220826_070000.WAV	918	Waveform 1	1
HF	365.6718	41250.0	41280.0	9.338009781401777	365.6685	365.6762	39218	47302	Pipistrellus nathusii	0.599	0.645	-1	Echolocation	192000	/home/adkris/Documents/mila-human-wav-txt/20220826_070000.WAV	919	Waveform 1	1
HF	365.7697666666666	41250.0	41280.0	4.4556692919085625	365.7655	365.7734	40078	48101	Pipistrellus nathusii	0.449	0.519	-1	Echolocation	192000	/home/adkris/Documents/mila-human-wav-txt/20220826_070000.WAV	920	Waveform 1	1
HF	365.8645333333333	40500.0	41280.0	9.703281017546963	365.8595	365.8678	40078	50802	Pipistrellus nathusii	0.476	0.597	-1	Echolocation	192000	/home/adkris/Documents/mila-human-wav-txt/20220826_070000.WAV	921	Waveform 1	1
HF	365.9631	42000.0	41280.0	4.771313451720743	365.9595	365.9669	40078	47806	Pipistrellus nathusii	0.295	0.355	-1	Echolocation	192000	/home/adkris/Documents/mila-human-wav-txt/20220826_070000.WAV	922	Waveform 1	1
LF	366.00606666666664	25500.0	25920.0	6.4803486024084656	366.0015	366.0126	22890	27809	Nyctalus leisleri	0.021	0.052	-1	Echolocation	192000	/home/adkris/Documents/mila-human-wav-txt/20220826_070000.WAV	923	Waveform 1	1
HF	366.0571	48750.0	48960.0	4.1164162568531735	366.0525	366.0589	48671	54645	Pipistrellus pipistrellus	0.015	0.024	-1	Echolocation	192000	/home/adkris/Documents/mila-human-wav-txt/20220826_070000.WAV	924	Waveform 1	1
LF	366.16266666666667	25500.0	25920.0	5.875609075042108	366.1545	366.169	24609	30295	Nyctalus leisleri	0.074	0.166	-1	Echolocation	192000	/home/adkris/Documents/mila-human-wav-txt/20220826_070000.WAV	925	Waveform 1	1
HF	366.25853333333333	43500.0	41280.0	6.125320949769951	366.2555	366.2623	40078	50546	Pipistrellus nathusii	0.214	0.235	-1	Echolocation	192000	/home/adkris/Documents/mila-human-wav-txt/20220826_070000.WAV	926	Waveform 1	1
HF	366.4361666666667	44250.0	41280.0	8.077287204115146	366.4325	366.441	40078	52981	Pipistrellus nathusii	0.466	0.502	-1	Echolocation	192000	/home/adkris/Documents/mila-human-wav-txt/20220826_070000.WAV	927	Waveform 1	1
HF	366.6094	41250.0	41280.0	6.60233743883129	366.6055	366.6126	39218	51620	Pipistrellus nathusii	0.314	0.368	-1	Echolocation	192000	/home/adkris/Documents/mila-human-wav-txt/20220826_070000.WAV	928	Waveform 1	1
LF	366.68146666666667	25500.0	24960.0	6.834919188376343	366.6695	366.6907	24609	29003	Nyctalus leisleri	0.062	0.127	-1	Echolocation	192000	/home/adkris/Documents/mila-human-wav-txt/20220826_070000.WAV	929	Waveform 1	1
HF	366.70936666666665	41250.0	40320.0	13.317168221663929	366.7055	366.7138	38359	53644	Pipistrellus nathusii	0.48	0.61	-1	Echolocation	192000	/home/adkris/Documents/mila-human-wav-txt/20220826_070000.WAV	930	Waveform 1	1
HF	366.8260333333333	40500.0	40320.0	11.164889611414283	366.8205	366.8283	39218	51674	Pipistrellus nathusii	0.457	0.494	-1	Echolocation	192000	/home/adkris/Documents/mila-human-wav-txt/20220826_070000.WAV	931	Waveform 1	1
HF	366.9110333333333	48000.0	48960.0	3.9477044677916737	366.9075	366.9138	49531	52951	Pipistrellus pipistrellus	0.013	0.024	-1	Echolocation	192000	/home/adkris/Documents/mila-human-wav-txt/20220826_070000.WAV	932	Waveform 1	1
LF	366.9587333333333	24750.0	24960.0	3.695386294801458	366.9435	366.9626	23750	27743	Nyctalus leisleri	0.07	0.147	-1	Echolocation	192000	/home/adkris/Documents/mila-human-wav-txt/20220826_070000.WAV	933	Waveform 1	1
HF	367.0122	48750.0	48960.0	11.394244954609958	367.0075	367.0138	49531	53065	Pipistrellus pipistrellus	0.014	0.027	-1	Echolocation	192000	/home/adkris/Documents/mila-human-wav-txt/20220826_070000.WAV	934	Waveform 1	1
HF	367.12033333333335	41250.0	41280.0	14.138643788313912	367.1155	367.124	39218	53330	Pipistrellus nathusii	0.383	0.419	-1	Echolocation	192000	/home/adkris/Documents/mila-human-wav-txt/20220826_070000.WAV	935	Waveform 1	1
LF	367.2191	25500.0	24960.0	4.305277380165411	367.2085	367.2299	23750	27667	Nyctalus leisleri	0.024	0.053	-1	Echolocation	192000	/home/adkris/Documents/mila-human-wav-txt/20220826_070000.WAV	936	Waveform 1	1
HF	367.21913333333333	48750.0	48000.0	16.498303561419437	367.2155	367.2217	48671	52703	Pipistrellus pipistrellus	0.018	0.03	-1	Echolocation	192000	/home/adkris/Documents/mila-human-wav-txt/20220826_070000.WAV	937	Waveform 1	1
HF	367.3213333333333	52500.0	51840.0	6.734776768335726	367.3155	367.323	52109	55690	Pipistrellus pygmaeus	0.018	0.027	-1	Echolocation	192000	/home/adkris/Documents/mila-human-wav-txt/20220826_070000.WAV	938	Waveform 1	1
HF	367.4192	53250.0	53760.00000000001	4.7559065295614715	367.4145	367.4243	53828	58919	Pipistrellus pygmaeus	0.024	0.025	-1	Echolocation	192000	/home/adkris/Documents/mila-human-wav-txt/20220826_070000.WAV	939	Waveform 1	1
LF	367.5126	24000.0	24000.0	13.39257082536231	367.4975	367.5179	23750	28134	Nyctalus leisleri	0.254	0.354	-1	Echolocation	192000	/home/adkris/Documents/mila-human-wav-txt/20220826_070000.WAV	940	Waveform 1	1
HF	367.5273	55500.0	52800.00000000001	6.096444006896352	367.5255	367.5347	53828	58648	Pipistrellus pygmaeus	0.026	0.029	-1	Echolocation	192000	/home/adkris/Documents/mila-human-wav-txt/20220826_070000.WAV	941	Waveform 1	1
HF	367.6256	48000.0	48960.0	12.443166444581037	367.6205	367.6264	50390	56775	Pipistrellus pipistrellus	0.015	0.027	-1	Echolocation	192000	/home/adkris/Documents/mila-human-wav-txt/20220826_070000.WAV	942	Waveform 1	1
HF	367.72343333333333	41250.0	41280.0	20.11072772036417	367.7205	367.7274	39218	60380	Pipistrellus nathusii	0.614	0.653	-1	Echolocation	192000	/home/adkris/Documents/mila-human-wav-txt/20220826_070000.WAV	943	Waveform 1	1
LF	367.79723333333334	24000.0	24000.0	5.277150026831831	367.7825	367.8021	23750	27724	Nyctalus leisleri	0.112	0.227	-1	Echolocation	192000	/home/adkris/Documents/mila-human-wav-txt/20220826_070000.WAV	944	Waveform 1	1
HF	367.821	41250.0	40320.0	22.95162412269569	367.8155	367.8245	38359	60444	Pipistrellus nathusii	0.683	0.701	-1	Echolocation	192000	/home/adkris/Documents/mila-human-wav-txt/20220826_070000.WAV	945	Waveform 1	1
HF	367.91676666666666	41250.0	41280.0	27.719168439781782	367.9125	367.9204	38359	62782	Pipistrellus nathusii	0.471	0.534	-1	Echolocation	192000	/home/adkris/Documents/mila-human-wav-txt/20220826_070000.WAV	946	Waveform 1	1
HF	368.0933	57000.0	54719.99999999999	7.731194355956057	368.0845	368.0937	54687	61124	Pipistrellus pygmaeus	0.022	0.023	-1	Echolocation	192000	/home/adkris/Documents/mila-human-wav-txt/20220826_070000.WAV	947	Waveform 1	1
LF	368.2087	24750.0	24960.0	13.578137234523297	368.1975	368.2148	24609	29140	Nyctalus leisleri	0.209	0.295	-1	Echolocation	192000	/home/adkris/Documents/mila-human-wav-txt/20220826_070000.WAV	948	Waveform 1	1
HF	368.2959	40500.0	40320.0	28.840200824658083	368.2915	368.3016	37500	57939	Pipistrellus nathusii	0.425	0.489	-1	Echolocation	192000	/home/adkris/Documents/mila-human-wav-txt/20220826_070000.WAV	949	Waveform 1	1
HF	368.7526	54000.0	48960.0	21.619926185568957	368.7485	368.7589	49531	57048	Pipistrellus pipistrellus	0.023	0.042	-1	Echolocation	192000	/home/adkris/Documents/mila-human-wav-txt/20220826_070000.WAV	950	Waveform 1	1
HF	368.84843333333333	48750.0	48960.0	11.027409921429738	368.8475	368.8529	48671	55621	Pipistrellus pipistrellus	0.025	0.042	-1	Echolocation	192000	/home/adkris/Documents/mila-human-wav-txt/20220826_070000.WAV	951	Waveform 1	1
LF	368.91653333333335	20250.0	24000.0	1.486772229125556	368.9115	368.9268	19453	24013	Nyctalus noctula	0.015	0.031	-1	Echolocation	192000	/home/adkris/Documents/mila-human-wav-txt/20220826_070000.WAV	952	Waveform 1	1
HF	369.05696666666665	52500.0	48960.0	18.25482315008347	369.0545	369.0607	49531	56760	Pipistrellus pipistrellus	0.041	0.07	-1	Echolocation	192000	/home/adkris/Documents/mila-human-wav-txt/20220826_070000.WAV	953	Waveform 1	1
HF	369.23676666666665	48000.0	47040.0	21.09761920809643	369.2315	369.2384	46953	56707	Pipistrellus pipistrellus	0.034	0.06	-1	Echolocation	192000	/home/adkris/Documents/mila-human-wav-txt/20220826_070000.WAV	954	Waveform 1	1
HF	369.3257	40500.0	40320.0	20.98327635030373	369.3235	369.3323	37500	54740	Pipistrellus nathusii	0.425	0.47	-1	Echolocation	192000	/home/adkris/Documents/mila-human-wav-txt/20220826_070000.WAV	955	Waveform 1	1
HF	369.42353333333335	40500.0	40320.0	8.103119409793159	369.4185	369.4268	37500	50550	Pipistrellus nathusii	0.219	0.305	-1	Echolocation	192000	/home/adkris/Documents/mila-human-wav-txt/20220826_070000.WAV	956	Waveform 1	1
HF	369.59113333333335	47250.0	47040.0	14.010711117402211	369.5905	369.5962	47812	53464	Pipistrellus pipistrellus	0.016	0.032	-1	Echolocation	192000	/home/adkris/Documents/mila-human-wav-txt/20220826_070000.WAV	957	Waveform 1	1
HF	369.69466666666665	39000.0	38400.0	5.71096563673887	369.6875	369.696	37500	44371	Pipistrellus nathusii	0.385	0.491	-1	Echolocation	192000	/home/adkris/Documents/mila-human-wav-txt/20220826_070000.WAV	958	Waveform 1	1
HF	369.9678333333333	41250.0	40320.0	5.642605080493837	369.9655	369.973	38359	45196	Pipistrellus nathusii	0.518	0.543	-1	Echolocation	192000	/home/adkris/Documents/mila-human-wav-txt/20220826_070000.WAV	959	Waveform 1	1
HF	370.0709	41250.0	41280.0	9.307178380755971	370.0655	370.0746	37500	51392	Pipistrellus nathusii	0.43	0.542	-1	Echolocation	192000	/home/adkris/Documents/mila-human-wav-txt/20220826_070000.WAV	960	Waveform 1	1
LF	370.14736666666664	24750.0	24960.0	7.837085845128096	370.1325	370.1543	24609	27878	Nyctalus leisleri	0.193	0.291	-1	Echolocation	192000	/home/adkris/Documents/mila-human-wav-txt/20220826_070000.WAV	961	Waveform 1	1
HF	370.1678666666666	41250.0	39360.0	6.479810819857434	370.1635	370.1713	38359	46883	Pipistrellus nathusii	0.467	0.493	-1	Echolocation	192000	/home/adkris/Documents/mila-human-wav-txt/20220826_070000.WAV	962	Waveform 1	1
HF	370.2687333333334	40500.0	39360.0	12.565771078143923	370.2635	370.2716	37500	50989	Pipistrellus nathusii	0.432	0.517	-1	Echolocation	192000	/home/adkris/Documents/mila-human-wav-txt/20220826_070000.WAV	963	Waveform 1	1
HF	370.3695333333333	41250.0	40320.0	1.3704880249219236	370.3635	370.3743	40078	44780	Pipistrellus nathusii	0.03	0.04	-1	Echolocation	192000	/home/adkris/Documents/mila-human-wav-txt/20220826_070000.WAV	964	Waveform 1	1
HF	370.4698	43500.0	45120.0	10.693336179717868	370.4645	370.4737	37500	47423	Pipistrellus nathusii	0.276	0.421	-1	Echolocation	192000	/home/adkris/Documents/mila-human-wav-txt/20220826_070000.WAV	965	Waveform 1	1
HF	370.57433333333336	42000.0	41280.0	5.570460562087297	370.5695	370.578	38359	48405	Pipistrellus nathusii	0.258	0.327	-1	Echolocation	192000	/home/adkris/Documents/mila-human-wav-txt/20220826_070000.WAV	966	Waveform 1	1
LF	370.70346666666666	24000.0	24960.0	4.987682726523437	370.6855	370.7112	23750	28009	Nyctalus leisleri	0.128	0.224	-1	Echolocation	192000	/home/adkris/Documents/mila-human-wav-txt/20220826_070000.WAV	967	Waveform 1	1
HF	370.88183333333336	42000.0	40320.0	10.87229721051095	370.8765	370.8845	38359	49858	Pipistrellus nathusii	0.49	0.57	-1	Echolocation	192000	/home/adkris/Documents/mila-human-wav-txt/20220826_070000.WAV	968	Waveform 1	1
LF	370.9898	24000.0	24000.0	4.727520535896359	370.9765	370.9987	23750	27180	Nyctalus leisleri	0.074	0.161	-1	Echolocation	192000	/home/adkris/Documents/mila-human-wav-txt/20220826_070000.WAV	969	Waveform 1	1
HF	370.98946666666666	41250.0	40320.0	2.298822891839016	370.9855	370.9937	39218	46316	Pipistrellus nathusii	0.052	0.078	-1	Echolocation	192000	/home/adkris/Documents/mila-human-wav-txt/20220826_070000.WAV	970	Waveform 1	1
HF	371.2061	40500.0	40320.0	7.637749827065457	371.1995	371.2074	38359	47298	Pipistrellus nathusii	0.448	0.498	-1	Echolocation	192000	/home/adkris/Documents/mila-human-wav-txt/20220826_070000.WAV	971	Waveform 1	1
HF	371.30966666666666	42000.0	41280.0	9.102975988303482	371.3035	371.313	39218	52438	Pipistrellus nathusii	0.443	0.525	-1	Echolocation	192000	/home/adkris/Documents/mila-human-wav-txt/20220826_070000.WAV	972	Waveform 1	1
HF	371.5294	41250.0	41280.0	9.927688742967296	371.5235	371.5321	38359	47335	Pipistrellus nathusii	0.354	0.424	-1	Echolocation	192000	/home/adkris/Documents/mila-human-wav-txt/20220826_070000.WAV	973	Waveform 1	1
HF	371.63666666666666	39000.0	42240.0	8.443577681037173	371.6325	371.6405	37500	47667	Pipistrellus nathusii	0.42	0.478	-1	Echolocation	192000	/home/adkris/Documents/mila-human-wav-txt/20220826_070000.WAV	974	Waveform 1	1
LF	371.836	24000.0	24000.0	7.82024764128816	371.8305	371.8465	22890	25530	Nyctalus leisleri	0.048	0.1	-1	Echolocation	192000	/home/adkris/Documents/mila-human-wav-txt/20220826_070000.WAV	975	Waveform 1	1
HF	371.93336666666664	39750.0	41280.0	8.513802071590455	371.9295	371.9378	36640	47373	Pipistrellus nathusii	0.222	0.359	-1	Echolocation	192000	/home/adkris/Documents/mila-human-wav-txt/20220826_070000.WAV	976	Waveform 1	1
HF	372.1351333333334	39750.0	40320.0	6.248461018109184	372.1305	372.1392	37500	46425	Pipistrellus nathusii	0.33	0.476	-1	Echolocation	192000	/home/adkris/Documents/mila-human-wav-txt/20220826_070000.WAV	977	Waveform 1	1
HF	372.41813333333334	40500.0	41280.0	2.111305667027368	372.4155	372.4227	39218	47618	Pipistrellus nathusii	0.162	0.214	-1	Echolocation	192000	/home/adkris/Documents/mila-human-wav-txt/20220826_070000.WAV	978	Waveform 1	1
HF	372.71726666666666	40500.0	41280.0	3.8619627338578737	372.7135	372.7219	37500	47117	Pipistrellus nathusii	0.21	0.298	-1	Echolocation	192000	/home/adkris/Documents/mila-human-wav-txt/20220826_070000.WAV	979	Waveform 1	1
LF	373.39453333333336	25500.0	25920.0	2.957323556299294	373.3745	373.3958	23750	28291	Nyctalus leisleri	0.029	0.085	-1	Echolocation	192000	/home/adkris/Documents/mila-human-wav-txt/20220826_070000.WAV	980	Waveform 1	1
LF	374.27116666666666	24000.0	24000.0	3.170522244982807	374.2555	374.28	22031	25684	Nyctalus noctula	0.046	0.089	-1	Echolocation	192000	/home/adkris/Documents/mila-human-wav-txt/20220826_070000.WAV	981	Waveform 1	1
LF	374.9896	24000.0	24000.0	5.244981796740432	374.9825	375.0039	23750	27075	Nyctalus leisleri	0.203	0.274	-1	Echolocation	192000	/home/adkris/Documents/mila-human-wav-txt/20220826_070000.WAV	982	Waveform 1	1
LF	375.1175	24000.0	24960.0	1.9160684416700589	375.1045	375.12	24609	30234	Nyctalus leisleri	0.152	0.34	-1	Echolocation	192000	/home/adkris/Documents/mila-human-wav-txt/20220826_070000.WAV	983	Waveform 1	1
LF	375.57806666666664	23250.0	24000.0	3.4001966825814165	375.5615	375.5816	22890	27370	Nyctalus noctula	0.076	0.188	-1	Echolocation	192000	/home/adkris/Documents/mila-human-wav-txt/20220826_070000.WAV	984	Waveform 1	1
LF	376.18056666666666	24000.0	24000.0	2.002947434023497	376.1655	376.1836	23750	27930	Nyctalus leisleri	0.016	0.034	-1	Echolocation	192000	/home/adkris/Documents/mila-human-wav-txt/20220826_070000.WAV	985	Waveform 1	1
LF	377.1487666666667	24750.0	24960.0	2.621642486208071	377.1375	377.1524	24609	29119	Nyctalus leisleri	0.239	0.397	-1	Echolocation	192000	/home/adkris/Documents/mila-human-wav-txt/20220826_070000.WAV	986	Waveform 1	1
LF	379.00873333333334	24000.0	24000.0	1.2715349876834936	378.9975	379.0136	24609	28251	Nyctalus leisleri	0.17	0.277	-1	Echolocation	192000	/home/adkris/Documents/mila-human-wav-txt/20220826_070000.WAV	987	Waveform 1	1
LF	379.32663333333335	24750.0	25920.0	3.1031160270302545	379.3165	379.3337	24609	29102	Nyctalus leisleri	0.224	0.374	-1	Echolocation	192000	/home/adkris/Documents/mila-human-wav-txt/20220826_070000.WAV	988	Waveform 1	1
LF	379.61446666666666	23250.0	23040.0	1.666994863454225	379.6085	379.6252	22890	27113	Nyctalus leisleri	0.02	0.038	-1	Echolocation	192000	/home/adkris/Documents/mila-human-wav-txt/20220826_070000.WAV	989	Waveform 1	1
LF	380.71726666666666	24000.0	25920.0	1.505828629828582	380.7075	380.7239	23750	28832	Eptesicus serotinus	0.074	0.182	-1	Echolocation	192000	/home/adkris/Documents/mila-human-wav-txt/20220826_070000.WAV	990	Waveform 1	1
LF	394.50143333333335	21000.0	22080.0	4.504356678655252	394.4965	394.5119	22031	26930	Nyctalus leisleri	0.023	0.062	-1	Echolocation	192000	/home/adkris/Documents/mila-human-wav-txt/20220826_070000.WAV	991	Waveform 1	1
LF	394.81423333333333	24750.0	24000.0	3.088247320805867	394.8045	394.8221	23750	27850	Nyctalus leisleri	0.145	0.28	-1	Echolocation	192000	/home/adkris/Documents/mila-human-wav-txt/20220826_070000.WAV	992	Waveform 1	1
LF	395.36853333333335	24750.0	24000.0	2.824422253962045	395.3625	395.3733	23750	30147	Nyctalus leisleri	0.015	0.044	-1	Echolocation	192000	/home/adkris/Documents/mila-human-wav-txt/20220826_070000.WAV	993	Waveform 1	1
LF	395.6725333333333	24000.0	24000.0	5.4946073741915065	395.6645	395.6838	23750	27436	Nyctalus leisleri	0.201	0.276	-1	Echolocation	192000	/home/adkris/Documents/mila-human-wav-txt/20220826_070000.WAV	994	Waveform 1	1
LF	395.82213333333334	27000.0	26880.000000000004	0.6711673046045031	395.8165	395.8277	25468	31386	Nyctalus leisleri	0.045	0.126	-1	Echolocation	192000	/home/adkris/Documents/mila-human-wav-txt/20220826_070000.WAV	995	Waveform 1	1
LF	395.9721333333333	24000.0	24960.0	5.308882555212531	395.9635	395.9787	23750	28694	Nyctalus leisleri	0.385	0.499	-1	Echolocation	192000	/home/adkris/Documents/mila-human-wav-txt/20220826_070000.WAV	996	Waveform 1	1
LF	396.1481333333333	23250.0	23040.0	1.409541429900309	396.1445	396.1542	22031	28227	Plecotus austriacus	0.007	0.021	-1	Echolocation	192000	/home/adkris/Documents/mila-human-wav-txt/20220826_070000.WAV	997	Waveform 1	1
LF	396.26846666666665	24000.0	24000.0	7.387845727972825	396.2535	396.2787	23750	27553	Nyctalus leisleri	0.25	0.333	-1	Echolocation	192000	/home/adkris/Documents/mila-human-wav-txt/20220826_070000.WAV	998	Waveform 1	1
LF	396.4883	25500.0	25920.0	1.601067593961608	396.4805	396.4942	24609	28617	Nyctalus leisleri	0.212	0.352	-1	Echolocation	192000	/home/adkris/Documents/mila-human-wav-txt/20220826_070000.WAV	999	Waveform 1	1
LF	396.5586333333333	24000.0	24000.0	3.545396065137961	396.5445	396.5682	23750	27942	Nyctalus leisleri	0.088	0.162	-1	Echolocation	192000	/home/adkris/Documents/mila-human-wav-txt/20220826_070000.WAV	1000	Waveform 1	1
LF	396.9710333333333	24000.0	24000.0	8.765017555131521	396.9585	396.9838	24609	27718	Nyctalus leisleri	0.138	0.212	-1	Echolocation	192000	/home/adkris/Documents/mila-human-wav-txt/20220826_070000.WAV	1001	Waveform 1	1
LF	397.5566333333333	20250.0	20160.0	18.11892506286605	397.5545	397.5622	17734	27243	Plecotus austriacus	0.032	0.05	-1	Echolocation	192000	/home/adkris/Documents/mila-human-wav-txt/20220826_070000.WAV	1002	Waveform 1	1
LF	397.6951	24000.0	24000.0	13.61041112560123	397.6875	397.7084	23750	27341	Nyctalus leisleri	0.181	0.256	-1	Echolocation	192000	/home/adkris/Documents/mila-human-wav-txt/20220826_070000.WAV	1003	Waveform 1	1
LF	397.9895333333333	24000.0	24000.0	6.790642294024124	397.9755	397.9993	23750	28353	Nyctalus leisleri	0.091	0.21	-1	Echolocation	192000	/home/adkris/Documents/mila-human-wav-txt/20220826_070000.WAV	1004	Waveform 1	1
LF	398.5844333333333	25500.0	24000.0	12.557374408704913	398.5685	398.5939	23750	28338	Nyctalus leisleri	0.215	0.338	-1	Echolocation	192000	/home/adkris/Documents/mila-human-wav-txt/20220826_070000.WAV	1005	Waveform 1	1
LF	398.8632666666667	24750.0	24960.0	10.85536872741272	398.8555	398.8739	23750	28253	Nyctalus leisleri	0.371	0.501	-1	Echolocation	192000	/home/adkris/Documents/mila-human-wav-txt/20220826_070000.WAV	1006	Waveform 1	1
LF	398.9999333333334	27000.0	26880.000000000004	5.992296782320221	398.9895	399.0029	26328	32393	Nyctalus leisleri	0.271	0.452	-1	Echolocation	192000	/home/adkris/Documents/mila-human-wav-txt/20220826_070000.WAV	1007	Waveform 1	1
LF	399.1548666666667	24000.0	24000.0	7.365322826307099	399.1385	399.1623	23750	27025	Nyctalus leisleri	0.191	0.239	-1	Echolocation	192000	/home/adkris/Documents/mila-human-wav-txt/20220826_070000.WAV	1008	Waveform 1	1
LF	399.462	21750.0	21120.0	4.250927755306399	399.4595	399.4715	20312	23106	Nyctalus leisleri	0.021	0.039	-1	Echolocation	192000	/home/adkris/Documents/mila-human-wav-txt/20220826_070000.WAV	1009	Waveform 1	1
LF	399.7277	24750.0	24000.0	15.59024820872006	399.7115	399.7308	23750	28342	Nyctalus leisleri	0.287	0.442	-1	Echolocation	192000	/home/adkris/Documents/mila-human-wav-txt/20220826_070000.WAV	1010	Waveform 1	1
LF	399.83296666666666	26250.0	26880.000000000004	5.413852906004887	399.8225	399.8382	25468	29810	Nyctalus leisleri	0.093	0.169	-1	Echolocation	192000	/home/adkris/Documents/mila-human-wav-txt/20220826_070000.WAV	1011	Waveform 1	1
LF	400.02316666666667	24750.0	24960.0	4.556173831944564	400.0015	400.0235	23750	29085	Nyctalus noctula	0.056	0.115	-1	Echolocation	192000	/home/adkris/Documents/mila-human-wav-txt/20220826_070000.WAV	1012	Waveform 1	1
LF	400.1012	27000.0	26880.000000000004	7.899535259620367	400.0935	400.1073	25468	29923	Nyctalus leisleri	0.305	0.521	-1	Echolocation	192000	/home/adkris/Documents/mila-human-wav-txt/20220826_070000.WAV	1013	Waveform 1	1
LF	400.3267333333333	24750.0	24960.0	6.88838625607535	400.3125	400.3326	24609	28727	Nyctalus leisleri	0.265	0.39	-1	Echolocation	192000	/home/adkris/Documents/mila-human-wav-txt/20220826_070000.WAV	1014	Waveform 1	1
LF	400.4662666666667	25500.0	25920.0	7.858774761941446	400.4545	400.4689	25468	31508	Nyctalus leisleri	0.263	0.465	-1	Echolocation	192000	/home/adkris/Documents/mila-human-wav-txt/20220826_070000.WAV	1015	Waveform 1	1
LF	400.6246	25500.0	24960.0	15.395423694845674	400.6095	400.6264	24609	29422	Nyctalus leisleri	0.19	0.4	-1	Echolocation	192000	/home/adkris/Documents/mila-human-wav-txt/20220826_070000.WAV	1016	Waveform 1	1
HF	400.74486666666667	39750.0	41280.0	3.309192777251562	400.7405	400.7483	38359	44010	Barbastellus barbastellus	0.16	0.246	-1	Echolocation	192000	/home/adkris/Documents/mila-human-wav-txt/20220826_070000.WAV	1017	Waveform 1	1
LF	400.77313333333336	24750.0	25920.0	9.6851125886769	400.7575	400.7762	24609	30055	Nyctalus leisleri	0.261	0.407	-1	Echolocation	192000	/home/adkris/Documents/mila-human-wav-txt/20220826_070000.WAV	1018	Waveform 1	1
LF	400.93583333333333	25500.0	25920.0	13.035889211725522	400.9245	400.9405	24609	28006	Nyctalus leisleri	0.446	0.52	-1	Echolocation	192000	/home/adkris/Documents/mila-human-wav-txt/20220826_070000.WAV	1019	Waveform 1	1
LF	401.2081333333333	30000.0	24960.0	9.34031466783398	401.1965	401.2087	25468	33848	Nyctalus leisleri	0.203	0.351	-1	Echolocation	192000	/home/adkris/Documents/mila-human-wav-txt/20220826_070000.WAV	1020	Waveform 1	1
HF	401.47433333333333	41250.0	41280.0	8.188880009127649	401.4695	401.478	38359	50109	Pipistrellus nathusii	0.273	0.453	-1	Echolocation	192000	/home/adkris/Documents/mila-human-wav-txt/20220826_070000.WAV	1021	Waveform 1	1
HF	401.5690333333333	41250.0	41280.0	3.9735939532360143	401.5645	401.5733	39218	44285	Pipistrellus nathusii	0.269	0.342	-1	Echolocation	192000	/home/adkris/Documents/mila-human-wav-txt/20220826_070000.WAV	1022	Waveform 1	1
LF	401.6627	24750.0	24000.0	8.738584293279333	401.6555	401.6733	23750	27350	Nyctalus leisleri	0.45	0.558	-1	Echolocation	192000	/home/adkris/Documents/mila-human-wav-txt/20220826_070000.WAV	1023	Waveform 1	1
HF	401.74406666666664	40500.0	41280.0	4.492606355452593	401.7395	401.7471	39218	45419	Pipistrellus nathusii	0.127	0.252	-1	Echolocation	192000	/home/adkris/Documents/mila-human-wav-txt/20220826_070000.WAV	1024	Waveform 1	1
LF	401.82166666666666	24000.0	24960.0	15.330617581612737	401.8105	401.8255	23750	29438	Nyctalus leisleri	0.461	0.612	-1	Echolocation	192000	/home/adkris/Documents/mila-human-wav-txt/20220826_070000.WAV	1025	Waveform 1	1
HF	401.82913333333335	48750.0	48960.0	4.036422684500549	401.8245	401.8332	47812	52283	Pipistrellus pipistrellus	0.27	0.33	-1	Echolocation	192000	/home/adkris/Documents/mila-human-wav-txt/20220826_070000.WAV	1026	Waveform 1	1
LF	401.9142	26250.0	26880.000000000004	15.46262176706373	401.9035	401.9178	25468	31550	Eptesicus serotinus	0.207	0.318	-1	Echolocation	192000	/home/adkris/Documents/mila-human-wav-txt/20220826_070000.WAV	1027	Waveform 1	1
HF	401.9359333333333	41250.0	40320.0	8.011223680127765	401.9305	401.9384	38359	52541	Pipistrellus nathusii	0.269	0.424	-1	Echolocation	192000	/home/adkris/Documents/mila-human-wav-txt/20220826_070000.WAV	1028	Waveform 1	1
LF	401.96636666666666	26250.0	25920.0	14.505692179604155	401.9635	401.9763	24609	29339	Nyctalus leisleri	0.554	0.679	-1	Echolocation	192000	/home/adkris/Documents/mila-human-wav-txt/20220826_070000.WAV	1029	Waveform 1	1
HF	402.0337666666667	41250.0	40320.0	11.854221741921158	402.0295	402.0374	37500	47929	Pipistrellus nathusii	0.298	0.5	-1	Echolocation	192000	/home/adkris/Documents/mila-human-wav-txt/20220826_070000.WAV	1030	Waveform 1	1
LF	402.1299	24750.0	24960.0	7.319141061420458	402.1135	402.1326	24609	29263	Nyctalus leisleri	0.158	0.28	-1	Echolocation	192000	/home/adkris/Documents/mila-human-wav-txt/20220826_070000.WAV	1031	Waveform 1	1
HF	402.1282	41250.0	40320.0	7.934530615238931	402.1245	402.1318	39218	49153	Pipistrellus nathusii	0.352	0.455	-1	Echolocation	192000	/home/adkris/Documents/mila-human-wav-txt/20220826_070000.WAV	1032	Waveform 1	1
LF	402.1924666666667	27000.0	25920.0	2.9711706751764213	402.1865	402.2032	25468	29455	Nyctalus leisleri	0.182	0.294	-1	Echolocation	192000	/home/adkris/Documents/mila-human-wav-txt/20220826_070000.WAV	1033	Waveform 1	1
HF	402.3123	41250.0	40320.0	4.2516344930138725	402.3075	402.3172	39218	43440	Pipistrellus nathusii	0.17	0.228	-1	Echolocation	192000	/home/adkris/Documents/mila-human-wav-txt/20220826_070000.WAV	1034	Waveform 1	1
LF	402.41923333333335	24000.0	24000.0	18.62145681381698	402.3995	402.4211	22890	29292	Nyctalus noctula	0.177	0.396	-1	Echolocation	192000	/home/adkris/Documents/mila-human-wav-txt/20220826_070000.WAV	1035	Waveform 1	1
HF	402.4084	41250.0	41280.0	10.674009244646022	402.4045	402.4116	39218	47542	Pipistrellus nathusii	0.15	0.21	-1	Echolocation	192000	/home/adkris/Documents/mila-human-wav-txt/20220826_070000.WAV	1036	Waveform 1	1
LF	402.4782333333333	26250.0	26880.000000000004	10.789097471774523	402.4675	402.4806	26328	31399	Nyctalus leisleri	0.212	0.394	-1	Echolocation	192000	/home/adkris/Documents/mila-human-wav-txt/20220826_070000.WAV	1037	Waveform 1	1
LF	402.6267	27750.0	27839.999999999996	3.50374632746974	402.6165	402.6313	28046	32082	Eptesicus serotinus	0.116	0.214	-1	Echolocation	192000	/home/adkris/Documents/mila-human-wav-txt/20220826_070000.WAV	1038	Waveform 1	1
LF	402.66653333333335	41250.0	41280.0	3.1225256208401464	402.6605	402.6678	27187	42099	Myotis daubentonii	0.008	0.031	-1	Echolocation	192000	/home/adkris/Documents/mila-human-wav-txt/20220826_070000.WAV	1039	Waveform 1	1
LF	402.69073333333336	23250.0	24000.0	12.4727235949744	402.6785	402.6971	23750	27953	Nyctalus leisleri	0.195	0.393	-1	Echolocation	192000	/home/adkris/Documents/mila-human-wav-txt/20220826_070000.WAV	1040	Waveform 1	1
LF	402.7204	25500.0	25920.0	-3.952731526928006	402.7065	402.7246	26328	29359	Nyctalus leisleri	0.164	0.257	-1	Echolocation	192000	/home/adkris/Documents/mila-human-wav-txt/20220826_070000.WAV	1041	Waveform 1	1
LF	402.8985	26250.0	26880.000000000004	5.578707754433838	402.8915	402.906	25468	29776	Nyctalus leisleri	0.357	0.499	-1	Echolocation	192000	/home/adkris/Documents/mila-human-wav-txt/20220826_070000.WAV	1042	Waveform 1	1
LF	403.13186666666667	24750.0	25920.0	4.936799373918111	403.1195	403.1368	24609	28610	Nyctalus leisleri	0.292	0.39	-1	Echolocation	192000	/home/adkris/Documents/mila-human-wav-txt/20220826_070000.WAV	1043	Waveform 1	1
LF	403.1820666666667	26250.0	26880.000000000004	8.094674880333152	403.1675	403.1826	26328	31687	Nyctalus leisleri	0.183	0.375	-1	Echolocation	192000	/home/adkris/Documents/mila-human-wav-txt/20220826_070000.WAV	1044	Waveform 1	1
LF	403.2848666666667	24750.0	24960.0	11.653478217075843	403.2705	403.2858	23750	29370	Nyctalus leisleri	0.439	0.66	-1	Echolocation	192000	/home/adkris/Documents/mila-human-wav-txt/20220826_070000.WAV	1045	Waveform 1	1
LF	403.4377333333333	24000.0	24960.0	10.153614014723107	403.4275	403.4411	23750	29127	Nyctalus leisleri	0.425	0.649	-1	Echolocation	192000	/home/adkris/Documents/mila-human-wav-txt/20220826_070000.WAV	1046	Waveform 1	1
LF	403.4608333333333	27000.0	26880.000000000004	-1.7482359160264995	403.4505	403.4675	26328	30649	Nyctalus leisleri	0.106	0.179	-1	Echolocation	192000	/home/adkris/Documents/mila-human-wav-txt/20220826_070000.WAV	1047	Waveform 1	1
LF	403.7067333333333	24750.0	24960.0	5.629644701634482	403.6985	403.7141	23750	28494	Nyctalus leisleri	0.339	0.555	-1	Echolocation	192000	/home/adkris/Documents/mila-human-wav-txt/20220826_070000.WAV	1048	Waveform 1	1
LF	403.7366	25500.0	25920.0	-1.0931488693971811	403.7245	403.7374	25468	30826	Eptesicus serotinus	0.036	0.096	-1	Echolocation	192000	/home/adkris/Documents/mila-human-wav-txt/20220826_070000.WAV	1049	Waveform 1	1
LF	404.0214	27750.0	27839.999999999996	-0.63376147052862	404.0155	404.0311	27187	29533	Nyctalus leisleri	0.159	0.218	-1	Echolocation	192000	/home/adkris/Documents/mila-human-wav-txt/20220826_070000.WAV	1050	Waveform 1	1
LF	404.1705666666667	23250.0	24000.0	2.286128593154024	404.1585	404.1761	22031	26072	Nyctalus leisleri	0.032	0.068	-1	Echolocation	192000	/home/adkris/Documents/mila-human-wav-txt/20220826_070000.WAV	1051	Waveform 1	1
LF	404.34706666666665	25500.0	24960.0	1.7354491189148622	404.3435	404.3626	23750	27790	Nyctalus leisleri	0.175	0.313	-1	Echolocation	192000	/home/adkris/Documents/mila-human-wav-txt/20220826_070000.WAV	1052	Waveform 1	1
LF	404.47363333333334	27000.0	26880.000000000004	1.4003784195461513	404.4675	404.4782	26328	31622	Nyctalus leisleri	0.148	0.33	-1	Echolocation	192000	/home/adkris/Documents/mila-human-wav-txt/20220826_070000.WAV	1053	Waveform 1	1
LF	404.59076666666664	27000.0	27839.999999999996	5.509489969446464	404.5865	404.5979	26328	32174	Nyctalus leisleri	0.369	0.603	-1	Echolocation	192000	/home/adkris/Documents/mila-human-wav-txt/20220826_070000.WAV	1054	Waveform 1	1
LF	404.7421	24000.0	24000.0	6.6443866775327365	404.7315	404.7459	23750	29697	Nyctalus leisleri	0.358	0.611	-1	Echolocation	192000	/home/adkris/Documents/mila-human-wav-txt/20220826_070000.WAV	1055	Waveform 1	1
LF	404.8977	24750.0	25920.0	2.9598765687749236	404.8895	404.9028	24609	30059	Nyctalus leisleri	0.195	0.476	-1	Echolocation	192000	/home/adkris/Documents/mila-human-wav-txt/20220826_070000.WAV	1056	Waveform 1	1
LF	404.9207333333333	26250.0	25920.0	9.271817747081418	404.9045	404.9226	26328	30481	Nyctalus leisleri	0.132	0.247	-1	Echolocation	192000	/home/adkris/Documents/mila-human-wav-txt/20220826_070000.WAV	1057	Waveform 1	1
LF	405.03813333333335	25500.0	25920.0	5.789375462237181	405.0335	405.0457	22890	28461	Nyctalus leisleri	0.231	0.571	-1	Echolocation	192000	/home/adkris/Documents/mila-human-wav-txt/20220826_070000.WAV	1058	Waveform 1	1
LF	405.07036666666664	26250.0	24960.0	1.8060170564732012	405.0655	405.0763	24609	32212	Nyctalus leisleri	0.019	0.049	-1	Echolocation	192000	/home/adkris/Documents/mila-human-wav-txt/20220826_070000.WAV	1059	Waveform 1	1
LF	405.2087666666667	25500.0	25920.0	4.244226313283575	405.1965	405.2104	24609	30103	Nyctalus leisleri	0.114	0.249	-1	Echolocation	192000	/home/adkris/Documents/mila-human-wav-txt/20220826_070000.WAV	1060	Waveform 1	1
LF	405.31233333333336	25500.0	24000.0	1.8395918239456843	405.3075	405.3265	24609	28439	Nyctalus leisleri	0.142	0.248	-1	Echolocation	192000	/home/adkris/Documents/mila-human-wav-txt/20220826_070000.WAV	1061	Waveform 1	1
LF	405.48443333333336	24000.0	24000.0	10.043405692068648	405.4725	405.4914	23750	29927	Nyctalus leisleri	0.204	0.422	-1	Echolocation	192000	/home/adkris/Documents/mila-human-wav-txt/20220826_070000.WAV	1062	Waveform 1	1
LF	405.7828	24000.0	24000.0	6.952832885110269	405.7715	405.7852	23750	29212	Nyctalus leisleri	0.417	0.631	-1	Echolocation	192000	/home/adkris/Documents/mila-human-wav-txt/20220826_070000.WAV	1063	Waveform 1	1
LF	405.9029	24750.0	24960.0	2.444859492109592	405.8925	405.9071	24609	29019	Nyctalus leisleri	0.057	0.118	-1	Echolocation	192000	/home/adkris/Documents/mila-human-wav-txt/20220826_070000.WAV	1064	Waveform 1	1
LF	406.0812	24000.0	24000.0	7.3341598408317346	406.0635	406.0883	22890	28443	Nyctalus noctula	0.124	0.32	-1	Echolocation	192000	/home/adkris/Documents/mila-human-wav-txt/20220826_070000.WAV	1065	Waveform 1	1
LF	406.1278	24750.0	24960.0	3.137353579828406	406.1125	406.1327	24609	28793	Nyctalus leisleri	0.263	0.437	-1	Echolocation	192000	/home/adkris/Documents/mila-human-wav-txt/20220826_070000.WAV	1066	Waveform 1	1
LF	406.2406	24000.0	24000.0	2.4255652764518816	406.2275	406.2464	23750	27199	Nyctalus leisleri	0.204	0.29	-1	Echolocation	192000	/home/adkris/Documents/mila-human-wav-txt/20220826_070000.WAV	1067	Waveform 1	1
LF	406.2916	27750.0	27839.999999999996	6.644687198692731	406.2805	406.2979	27187	31020	Nyctalus leisleri	0.131	0.226	-1	Echolocation	192000	/home/adkris/Documents/mila-human-wav-txt/20220826_070000.WAV	1068	Waveform 1	1
LF	406.3699	27000.0	26880.000000000004	6.11960990150048	406.3645	406.3771	25468	30405	Nyctalus leisleri	0.384	0.618	-1	Echolocation	192000	/home/adkris/Documents/mila-human-wav-txt/20220826_070000.WAV	1069	Waveform 1	1
LF	406.5421666666667	24000.0	24000.0	1.8569748372241643	406.5385	406.554	23750	28290	Nyctalus leisleri	0.156	0.309	-1	Echolocation	192000	/home/adkris/Documents/mila-human-wav-txt/20220826_070000.WAV	1070	Waveform 1	1
LF	406.5821666666667	26250.0	25920.0	2.430864336545265	406.5765	406.5935	24609	28236	Nyctalus leisleri	0.109	0.209	-1	Echolocation	192000	/home/adkris/Documents/mila-human-wav-txt/20220826_070000.WAV	1071	Waveform 1	1
LF	406.662	24750.0	25920.0	2.9799717783038053	406.6495	406.6655	24609	28858	Nyctalus leisleri	0.335	0.531	-1	Echolocation	192000	/home/adkris/Documents/mila-human-wav-txt/20220826_070000.WAV	1072	Waveform 1	1
LF	406.8445	24000.0	24000.0	2.801719088118097	406.8335	406.851	23750	28164	Nyctalus leisleri	0.103	0.211	-1	Echolocation	192000	/home/adkris/Documents/mila-human-wav-txt/20220826_070000.WAV	1073	Waveform 1	1
HF	406.83936666666665	44250.0	46080.0	7.26045913600649	406.8355	406.8438	40078	50414	Pipistrellus nathusii	0.335	0.457	-1	Echolocation	192000	/home/adkris/Documents/mila-human-wav-txt/20220826_070000.WAV	1074	Waveform 1	1
HF	406.92496666666665	45750.0	43200.0	1.6554482180152033	406.9235	406.9307	42656	47090	Pipistrellus nathusii	0.103	0.116	-1	Echolocation	192000	/home/adkris/Documents/mila-human-wav-txt/20220826_070000.WAV	1075	Waveform 1	1
HF	407.0106	44250.0	44160.0	0.7574304905184971	407.0075	407.0154	40937	48570	Pipistrellus nathusii	0.132	0.183	-1	Echolocation	192000	/home/adkris/Documents/mila-human-wav-txt/20220826_070000.WAV	1076	Waveform 1	1
LF	407.1381333333333	23250.0	24000.0	4.6825042605685905	407.1285	407.1462	23750	27679	Nyctalus leisleri	0.177	0.33	-1	Echolocation	192000	/home/adkris/Documents/mila-human-wav-txt/20220826_070000.WAV	1077	Waveform 1	1
LF	407.1581	27000.0	26880.000000000004	6.762462898512941	407.1475	407.1654	26328	30328	Nyctalus leisleri	0.093	0.162	-1	Echolocation	192000	/home/adkris/Documents/mila-human-wav-txt/20220826_070000.WAV	1078	Waveform 1	1
HF	407.1885	41250.0	43200.0	2.547562074918555	407.1845	407.1915	39218	47878	Pipistrellus nathusii	0.189	0.308	-1	Echolocation	192000	/home/adkris/Documents/mila-human-wav-txt/20220826_070000.WAV	1079	Waveform 1	1
HF	407.2711	45750.0	44160.0	4.070800738069995	407.2675	407.2749	40078	51502	Pipistrellus nathusii	0.435	0.543	-1	Echolocation	192000	/home/adkris/Documents/mila-human-wav-txt/20220826_070000.WAV	1080	Waveform 1	1
HF	407.3550666666667	41250.0	41280.0	3.772312229623554	407.3505	407.3581	40078	50798	Pipistrellus nathusii	0.441	0.551	-1	Echolocation	192000	/home/adkris/Documents/mila-human-wav-txt/20220826_070000.WAV	1081	Waveform 1	1
LF	407.44626666666665	24000.0	24000.0	7.238652817107437	407.4305	407.4479	23750	29395	Nyctalus leisleri	0.139	0.318	-1	Echolocation	192000	/home/adkris/Documents/mila-human-wav-txt/20220826_070000.WAV	1082	Waveform 1	1
HF	407.44413333333335	41250.0	41280.0	3.7714259880528256	407.4405	407.4467	29765	52169	Myotis daubentonii	0.029	0.045	-1	Echolocation	192000	/home/adkris/Documents/mila-human-wav-txt/20220826_070000.WAV	1083	Waveform 1	1
LF	407.6016333333333	25500.0	24000.0	2.535705863173919	407.5915	407.6122	22890	27247	Nyctalus noctula	0.039	0.092	-1	Echolocation	192000	/home/adkris/Documents/mila-human-wav-txt/20220826_070000.WAV	1084	Waveform 1	1
HF	407.6014	41250.0	41280.0	4.7382063059356145	407.5965	407.6026	29765	49630	Myotis daubentonii	0.021	0.039	-1	Echolocation	192000	/home/adkris/Documents/mila-human-wav-txt/20220826_070000.WAV	1085	Waveform 1	1
HF	407.69236666666666	41250.0	40320.0	2.631357699216796	407.6885	407.6968	38359	47309	Pipistrellus nathusii	0.5	0.542	-1	Echolocation	192000	/home/adkris/Documents/mila-human-wav-txt/20220826_070000.WAV	1086	Waveform 1	1
HF	407.7859	44250.0	45120.0	5.19858099518726	407.7825	407.7901	39218	46911	Pipistrellus nathusii	0.328	0.385	-1	Echolocation	192000	/home/adkris/Documents/mila-human-wav-txt/20220826_070000.WAV	1087	Waveform 1	1
LF	407.8648	27000.0	26880.000000000004	4.328984677396115	407.8515	407.8667	26328	31431	Nyctalus leisleri	0.117	0.24	-1	Echolocation	192000	/home/adkris/Documents/mila-human-wav-txt/20220826_070000.WAV	1088	Waveform 1	1
HF	407.9622	41250.0	41280.0	5.476608232515785	407.9585	407.9658	40078	52316	Pipistrellus nathusii	0.382	0.462	-1	Echolocation	192000	/home/adkris/Documents/mila-human-wav-txt/20220826_070000.WAV	1089	Waveform 1	1
HF	408.0480666666666	42000.0	41280.0	6.228887692444004	408.0435	408.0511	37500	45688	Pipistrellus nathusii	0.274	0.466	-1	Echolocation	192000	/home/adkris/Documents/mila-human-wav-txt/20220826_070000.WAV	1090	Waveform 1	1
LF	408.1082	25500.0	25920.0	5.40637991213365	408.0965	408.1133	24609	29421	Nyctalus leisleri	0.308	0.532	-1	Echolocation	192000	/home/adkris/Documents/mila-human-wav-txt/20220826_070000.WAV	1091	Waveform 1	1
LF	408.1354	27000.0	26880.000000000004	2.471750886872319	408.1265	408.1426	27187	31252	Nyctalus leisleri	0.165	0.271	-1	Echolocation	192000	/home/adkris/Documents/mila-human-wav-txt/20220826_070000.WAV	1092	Waveform 1	1
HF	408.1392	41250.0	41280.0	3.9889687430030696	408.1365	408.1413	36640	45900	Barbastellus barbastellus	0.205	0.289	-1	Echolocation	192000	/home/adkris/Documents/mila-human-wav-txt/20220826_070000.WAV	1093	Waveform 1	1
HF	408.3106666666667	45000.0	44160.0	3.595215177395617	408.3045	408.314	39218	49750	Pipistrellus nathusii	0.103	0.134	-1	Echolocation	192000	/home/adkris/Documents/mila-human-wav-txt/20220826_070000.WAV	1094	Waveform 1	1
LF	408.3717	24750.0	25920.0	5.187062112470247	408.3595	408.3793	24609	28177	Nyctalus leisleri	0.333	0.435	-1	Echolocation	192000	/home/adkris/Documents/mila-human-wav-txt/20220826_070000.WAV	1095	Waveform 1	1
LF	408.4999	24750.0	24960.0	4.465908382104641	408.4885	408.5021	24609	29359	Nyctalus leisleri	0.285	0.504	-1	Echolocation	192000	/home/adkris/Documents/mila-human-wav-txt/20220826_070000.WAV	1096	Waveform 1	1
HF	408.5679333333333	41250.0	45120.0	3.7283179967507953	408.5635	408.5724	39218	45309	Pipistrellus nathusii	0.395	0.457	-1	Echolocation	192000	/home/adkris/Documents/mila-human-wav-txt/20220826_070000.WAV	1097	Waveform 1	1
LF	408.6293666666666	24750.0	25920.0	8.039972010053994	408.6175	408.6353	24609	28049	Nyctalus leisleri	0.287	0.402	-1	Echolocation	192000	/home/adkris/Documents/mila-human-wav-txt/20220826_070000.WAV	1098	Waveform 1	1
LF	408.70023333333336	26250.0	28800.0	6.324796106623153	408.6905	408.7046	27187	30980	Nyctalus leisleri	0.069	0.11	-1	Echolocation	192000	/home/adkris/Documents/mila-human-wav-txt/20220826_070000.WAV	1099	Waveform 1	1
LF	408.8278	24750.0	24960.0	2.1049043048918334	408.8175	408.8357	23750	28352	Nyctalus leisleri	0.207	0.396	-1	Echolocation	192000	/home/adkris/Documents/mila-human-wav-txt/20220826_070000.WAV	1100	Waveform 1	1
LF	408.90433333333334	25500.0	24960.0	8.679852208674728	408.8935	408.9135	24609	28943	Nyctalus leisleri	0.22	0.33	-1	Echolocation	192000	/home/adkris/Documents/mila-human-wav-txt/20220826_070000.WAV	1101	Waveform 1	1
LF	409.12676666666664	24750.0	25920.0	2.500164670844223	409.1155	409.1304	23750	28746	Nyctalus leisleri	0.02	0.04	-1	Echolocation	192000	/home/adkris/Documents/mila-human-wav-txt/20220826_070000.WAV	1102	Waveform 1	1
LF	409.16693333333336	25500.0	25920.0	1.2463654548227694	409.1555	409.1714	25468	30136	Nyctalus leisleri	0.149	0.294	-1	Echolocation	192000	/home/adkris/Documents/mila-human-wav-txt/20220826_070000.WAV	1103	Waveform 1	1
LF	409.1942333333334	24000.0	24000.0	2.386738168302768	409.1845	409.1951	23750	28898	Nyctalus leisleri	0.013	0.027	-1	Echolocation	192000	/home/adkris/Documents/mila-human-wav-txt/20220826_070000.WAV	1104	Waveform 1	1
LF	409.43053333333336	24750.0	25920.0	6.961662842637781	409.4145	409.4328	24609	29153	Nyctalus leisleri	0.122	0.263	-1	Echolocation	192000	/home/adkris/Documents/mila-human-wav-txt/20220826_070000.WAV	1105	Waveform 1	1
LF	409.5009	25500.0	25920.0	4.784844217658062	409.4905	409.5086	24609	28426	Nyctalus leisleri	0.34	0.474	-1	Echolocation	192000	/home/adkris/Documents/mila-human-wav-txt/20220826_070000.WAV	1106	Waveform 1	1
LF	409.7051666666667	24750.0	24960.0	9.994537394200414	409.6875	409.7065	24609	27915	Nyctalus leisleri	0.292	0.403	-1	Echolocation	192000	/home/adkris/Documents/mila-human-wav-txt/20220826_070000.WAV	1107	Waveform 1	1
LF	409.7581	24750.0	24960.0	4.0693666953957734	409.7535	409.7704	23750	28211	Nyctalus leisleri	0.361	0.461	-1	Echolocation	192000	/home/adkris/Documents/mila-human-wav-txt/20220826_070000.WAV	1108	Waveform 1	1
LF	409.8542	24750.0	24960.0	1.781630888192274	409.8425	409.8593	24609	28319	Nyctalus leisleri	0.122	0.231	-1	Echolocation	192000	/home/adkris/Documents/mila-human-wav-txt/20220826_070000.WAV	1109	Waveform 1	1
LF	409.9456333333333	25500.0	24960.0	1.31782603723129	409.9385	409.9552	24609	28251	Nyctalus leisleri	0.073	0.138	-1	Echolocation	192000	/home/adkris/Documents/mila-human-wav-txt/20220826_070000.WAV	1110	Waveform 1	1
LF	409.9719333333333	24750.0	24960.0	1.211311917441959	409.9675	409.9799	23750	27964	Nyctalus leisleri	0.021	0.039	-1	Echolocation	192000	/home/adkris/Documents/mila-human-wav-txt/20220826_070000.WAV	1111	Waveform 1	1
LF	410.0742333333333	27000.0	24960.0	2.906667272364551	410.0705	410.0836	24609	29513	Eptesicus serotinus	0.131	0.327	-1	Echolocation	192000	/home/adkris/Documents/mila-human-wav-txt/20220826_070000.WAV	1112	Waveform 1	1
LF	410.0994	24750.0	24960.0	1.034692741507354	410.0905	410.1066	23750	28435	Nyctalus leisleri	0.071	0.184	-1	Echolocation	192000	/home/adkris/Documents/mila-human-wav-txt/20220826_070000.WAV	1113	Waveform 1	1
LF	410.34506666666664	25500.0	25920.0	2.5892858145862334	410.3355	410.3486	24609	30146	Nyctalus leisleri	0.212	0.52	-1	Echolocation	192000	/home/adkris/Documents/mila-human-wav-txt/20220826_070000.WAV	1114	Waveform 1	1
LF	410.5052333333333	27000.0	24960.0	5.5642478192763	410.4975	410.5136	25468	28907	Nyctalus leisleri	0.225	0.29	-1	Echolocation	192000	/home/adkris/Documents/mila-human-wav-txt/20220826_070000.WAV	1115	Waveform 1	1
LF	410.6617	24750.0	24960.0	4.013021076352958	410.6495	410.6693	23750	28178	Nyctalus leisleri	0.32	0.447	-1	Echolocation	192000	/home/adkris/Documents/mila-human-wav-txt/20220826_070000.WAV	1116	Waveform 1	1
LF	410.79496666666665	24750.0	24960.0	-1.015510662039941	410.7875	410.8027	23750	28473	Nyctalus leisleri	0.03	0.065	-1	Echolocation	192000	/home/adkris/Documents/mila-human-wav-txt/20220826_070000.WAV	1117	Waveform 1	1
LF	410.8517	26250.0	25920.0	1.3246650650567116	410.8425	410.8618	25468	29767	Nyctalus leisleri	0.053	0.108	-1	Echolocation	192000	/home/adkris/Documents/mila-human-wav-txt/20220826_070000.WAV	1118	Waveform 1	1
LF	411.04406666666665	26250.0	25920.0	7.531727435283497	411.0355	411.0496	25468	30762	Nyctalus leisleri	0.261	0.487	-1	Echolocation	192000	/home/adkris/Documents/mila-human-wav-txt/20220826_070000.WAV	1119	Waveform 1	1
LF	411.1156	24000.0	24000.0	8.304026889510116	411.1055	411.1204	23750	28645	Nyctalus leisleri	0.424	0.561	-1	Echolocation	192000	/home/adkris/Documents/mila-human-wav-txt/20220826_070000.WAV	1120	Waveform 1	1
LF	411.4252	24000.0	24960.0	5.353475568713822	411.4125	411.4283	24609	28790	Nyctalus leisleri	0.346	0.513	-1	Echolocation	192000	/home/adkris/Documents/mila-human-wav-txt/20220826_070000.WAV	1121	Waveform 1	1
LF	411.58453333333335	24750.0	24000.0	2.278681456686645	411.5775	411.5943	23750	27399	Nyctalus leisleri	0.116	0.237	-1	Echolocation	192000	/home/adkris/Documents/mila-human-wav-txt/20220826_070000.WAV	1122	Waveform 1	1
LF	411.7042	24750.0	24960.0	9.208161764391322	411.6925	411.7058	24609	29568	Nyctalus leisleri	0.287	0.533	-1	Echolocation	192000	/home/adkris/Documents/mila-human-wav-txt/20220826_070000.WAV	1123	Waveform 1	1
LF	411.7728	24750.0	25920.0	2.653196728813044	411.7615	411.7752	25468	29501	Nyctalus leisleri	0.07	0.112	-1	Echolocation	192000	/home/adkris/Documents/mila-human-wav-txt/20220826_070000.WAV	1124	Waveform 1	1
LF	412.9115	24750.0	24960.0	1.259761044190701	412.9025	412.9185	23750	27985	Nyctalus leisleri	0.09	0.21	-1	Echolocation	192000	/home/adkris/Documents/mila-human-wav-txt/20220826_070000.WAV	1125	Waveform 1	1
LF	413.08933333333334	26250.0	25920.0	2.6801077582369026	413.0845	413.0965	25468	30329	Nyctalus leisleri	0.158	0.319	-1	Echolocation	192000	/home/adkris/Documents/mila-human-wav-txt/20220826_070000.WAV	1126	Waveform 1	1
LF	413.2130666666667	24750.0	24960.0	-1.7878445113010295	413.2005	413.2211	23750	27797	Nyctalus leisleri	0.07	0.179	-1	Echolocation	192000	/home/adkris/Documents/mila-human-wav-txt/20220826_070000.WAV	1127	Waveform 1	1
LF	413.48353333333336	24750.0	24960.0	3.708244154039686	413.4775	413.4953	23750	27803	Nyctalus leisleri	0.215	0.343	-1	Echolocation	192000	/home/adkris/Documents/mila-human-wav-txt/20220826_070000.WAV	1128	Waveform 1	1
LF	413.5853333333333	24000.0	24000.0	8.34938810542801	413.5755	413.5895	23750	28379	Nyctalus leisleri	0.557	0.664	-1	Echolocation	192000	/home/adkris/Documents/mila-human-wav-txt/20220826_070000.WAV	1129	Waveform 1	1
LF	413.9291333333333	24000.0	24960.0	8.513512888052338	413.9205	413.9357	23750	28424	Nyctalus leisleri	0.366	0.51	-1	Echolocation	192000	/home/adkris/Documents/mila-human-wav-txt/20220826_070000.WAV	1130	Waveform 1	1
LF	414.26253333333335	24000.0	24000.0	7.241230291201461	414.2505	414.2658	23750	28559	Nyctalus leisleri	0.479	0.621	-1	Echolocation	192000	/home/adkris/Documents/mila-human-wav-txt/20220826_070000.WAV	1131	Waveform 1	1
LF	414.41093333333333	24750.0	24960.0	4.061109618711278	414.3985	414.4134	24609	28627	Nyctalus leisleri	0.357	0.581	-1	Echolocation	192000	/home/adkris/Documents/mila-human-wav-txt/20220826_070000.WAV	1132	Waveform 1	1
LF	414.5409666666667	24750.0	24960.0	3.283805891437219	414.5345	414.5542	23750	27628	Nyctalus leisleri	0.124	0.226	-1	Echolocation	192000	/home/adkris/Documents/mila-human-wav-txt/20220826_070000.WAV	1133	Waveform 1	1
LF	414.86266666666666	24750.0	24960.0	9.32867470110385	414.8545	414.869	23750	28098	Nyctalus leisleri	0.423	0.571	-1	Echolocation	192000	/home/adkris/Documents/mila-human-wav-txt/20220826_070000.WAV	1134	Waveform 1	1
LF	415.51253333333335	24750.0	24960.0	1.463514805618458	415.5025	415.5198	23750	27909	Nyctalus leisleri	0.212	0.342	-1	Echolocation	192000	/home/adkris/Documents/mila-human-wav-txt/20220826_070000.WAV	1135	Waveform 1	1
LF	415.64826666666664	24000.0	24000.0	8.621652986194864	415.6375	415.6529	23750	27372	Nyctalus leisleri	0.514	0.637	-1	Echolocation	192000	/home/adkris/Documents/mila-human-wav-txt/20220826_070000.WAV	1136	Waveform 1	1
LF	415.98383333333334	24750.0	24960.0	9.453023981899287	415.9735	415.9905	23750	27697	Nyctalus leisleri	0.43	0.577	-1	Echolocation	192000	/home/adkris/Documents/mila-human-wav-txt/20220826_070000.WAV	1137	Waveform 1	1
LF	416.2029666666666	26250.0	25920.0	1.8858027058816815	416.1975	416.2077	24609	31403	Nyctalus leisleri	0.011	0.027	-1	Echolocation	192000	/home/adkris/Documents/mila-human-wav-txt/20220826_070000.WAV	1138	Waveform 1	1
LF	416.4469	26250.0	25920.0	0.994660614089774	416.4405	416.4521	25468	30050	Eptesicus serotinus	0.117	0.279	-1	Echolocation	192000	/home/adkris/Documents/mila-human-wav-txt/20220826_070000.WAV	1139	Waveform 1	1
LF	417.03136666666666	24000.0	24960.0	2.494921430680633	417.0195	417.0338	24609	28803	Nyctalus leisleri	0.276	0.43	-1	Echolocation	192000	/home/adkris/Documents/mila-human-wav-txt/20220826_070000.WAV	1140	Waveform 1	1
LF	417.09043333333335	24750.0	25920.0	10.163131025026145	417.0755	417.0914	24609	28293	Nyctalus leisleri	0.467	0.608	-1	Echolocation	192000	/home/adkris/Documents/mila-human-wav-txt/20220826_070000.WAV	1141	Waveform 1	1
LF	417.5395	24750.0	24960.0	3.430898945535602	417.5285	417.546	23750	28786	Nyctalus leisleri	0.334	0.517	-1	Echolocation	192000	/home/adkris/Documents/mila-human-wav-txt/20220826_070000.WAV	1142	Waveform 1	1
LF	417.5844333333333	24000.0	24960.0	-0.2817284164625499	417.5765	417.5924	24609	29749	Nyctalus leisleri	0.023	0.054	-1	Echolocation	192000	/home/adkris/Documents/mila-human-wav-txt/20220826_070000.WAV	1143	Waveform 1	1
LF	417.85526666666664	24000.0	24960.0	12.307792885966036	417.8435	417.8579	23750	28858	Nyctalus leisleri	0.517	0.687	-1	Echolocation	192000	/home/adkris/Documents/mila-human-wav-txt/20220826_070000.WAV	1144	Waveform 1	1
LF	418.19016666666664	24750.0	24960.0	12.36535911109804	418.1775	418.1945	24609	27512	Nyctalus leisleri	0.434	0.53	-1	Echolocation	192000	/home/adkris/Documents/mila-human-wav-txt/20220826_070000.WAV	1145	Waveform 1	1
LF	418.66816666666665	24750.0	25920.0	0.2220585825730235	418.6565	418.6745	25468	29453	Nyctalus leisleri	0.149	0.239	-1	Echolocation	192000	/home/adkris/Documents/mila-human-wav-txt/20220826_070000.WAV	1146	Waveform 1	1
LF	418.98626666666667	24750.0	24960.0	5.045853945544171	418.9735	418.9869	24609	30251	Nyctalus leisleri	0.305	0.625	-1	Echolocation	192000	/home/adkris/Documents/mila-human-wav-txt/20220826_070000.WAV	1147	Waveform 1	1
LF	419.4599666666667	24000.0	24960.0	14.987271692921254	419.4465	419.4627	23750	28868	Nyctalus leisleri	0.491	0.638	-1	Echolocation	192000	/home/adkris/Documents/mila-human-wav-txt/20220826_070000.WAV	1148	Waveform 1	1
LF	419.79313333333334	24750.0	24960.0	7.205473760518525	419.7825	419.7957	24609	29792	Nyctalus leisleri	0.469	0.655	-1	Echolocation	192000	/home/adkris/Documents/mila-human-wav-txt/20220826_070000.WAV	1149	Waveform 1	1
LF	420.003	27000.0	24960.0	5.731431818198809	420.0015	420.0151	24609	28735	Nyctalus leisleri	0.257	0.335	-1	Echolocation	192000	/home/adkris/Documents/mila-human-wav-txt/20220826_070000.WAV	1150	Waveform 1	1
LF	420.22003333333333	24750.0	24960.0	3.8130272653923183	420.2135	420.2343	23750	27824	Nyctalus leisleri	0.157	0.27	-1	Echolocation	192000	/home/adkris/Documents/mila-human-wav-txt/20220826_070000.WAV	1151	Waveform 1	1
LF	420.9966333333333	24000.0	24960.0	8.964733838088165	420.9845	420.9997	23750	28191	Nyctalus leisleri	0.533	0.671	-1	Echolocation	192000	/home/adkris/Documents/mila-human-wav-txt/20220826_070000.WAV	1152	Waveform 1	1
LF	421.7028666666667	24750.0	24960.0	4.10752541576168	421.6905	421.7043	24609	31176	Nyctalus leisleri	0.264	0.537	-1	Echolocation	192000	/home/adkris/Documents/mila-human-wav-txt/20220826_070000.WAV	1153	Waveform 1	1
LF	421.7685	24000.0	24000.0	2.9115477806231036	421.7615	421.7795	23750	26996	Nyctalus leisleri	0.154	0.225	-1	Echolocation	192000	/home/adkris/Documents/mila-human-wav-txt/20220826_070000.WAV	1154	Waveform 1	1
LF	422.3847333333333	24000.0	24000.0	2.4467685651702853	422.3735	422.3896	23750	27950	Nyctalus leisleri	0.189	0.329	-1	Echolocation	192000	/home/adkris/Documents/mila-human-wav-txt/20220826_070000.WAV	1155	Waveform 1	1
LF	422.44436666666667	24750.0	24960.0	3.245220487328926	422.4345	422.4543	23750	27847	Nyctalus leisleri	0.16	0.28	-1	Echolocation	192000	/home/adkris/Documents/mila-human-wav-txt/20220826_070000.WAV	1156	Waveform 1	1
LF	423.3815666666667	24750.0	25920.0	3.580224929543606	423.3675	423.3901	24609	28281	Nyctalus leisleri	0.167	0.248	-1	Echolocation	192000	/home/adkris/Documents/mila-human-wav-txt/20220826_070000.WAV	1157	Waveform 1	1
LF	423.5679	25500.0	25920.0	4.9448033577186905	423.5605	423.5746	25468	29738	Nyctalus leisleri	0.225	0.347	-1	Echolocation	192000	/home/adkris/Documents/mila-human-wav-txt/20220826_070000.WAV	1158	Waveform 1	1
LF	423.6532	24000.0	24960.0	1.33825811946633	423.6405	423.6598	23750	28158	Nyctalus leisleri	0.135	0.264	-1	Echolocation	192000	/home/adkris/Documents/mila-human-wav-txt/20220826_070000.WAV	1159	Waveform 1	1
LF	423.72113333333334	25500.0	24960.0	7.240970233821184	423.7155	423.7302	23750	28764	Nyctalus leisleri	0.439	0.577	-1	Echolocation	192000	/home/adkris/Documents/mila-human-wav-txt/20220826_070000.WAV	1160	Waveform 1	1
HF	423.86513333333335	52500.0	52800.00000000001	3.5360730799408673	423.8635	423.8682	48671	53781	Pipistrellus pipistrellus	0.056	0.059	-1	Echolocation	192000	/home/adkris/Documents/mila-human-wav-txt/20220826_070000.WAV	1161	Waveform 1	1
HF	423.9307	53250.0	52800.00000000001	6.37747378279612	423.9285	423.9338	35781	65091	Myotis mystacinus	0.01	0.03	-1	Echolocation	192000	/home/adkris/Documents/mila-human-wav-txt/20220826_070000.WAV	1162	Waveform 1	1
HF	423.9873	42000.0	45120.0	2.4392657495161254	423.9825	423.9887	34062	45448	Barbastellus barbastellus	0.009	0.024	-1	Echolocation	192000	/home/adkris/Documents/mila-human-wav-txt/20220826_070000.WAV	1163	Waveform 1	1
LF	424.0122	24000.0	24000.0	4.262618321094937	424.0015	424.0193	24609	30154	Nyctalus leisleri	0.124	0.257	-1	Echolocation	192000	/home/adkris/Documents/mila-human-wav-txt/20220826_070000.WAV	1164	Waveform 1	1
LF	424.03293333333335	24750.0	24960.0	2.4377223461537008	424.0225	424.0359	24609	29428	Nyctalus leisleri	0.215	0.409	-1	Echolocation	192000	/home/adkris/Documents/mila-human-wav-txt/20220826_070000.WAV	1165	Waveform 1	1
HF	424.0369	53250.0	52800.00000000001	4.941519972669758	424.0345	424.0396	47812	59599	Pipistrellus pipistrellus	0.125	0.154	-1	Echolocation	192000	/home/adkris/Documents/mila-human-wav-txt/20220826_070000.WAV	1166	Waveform 1	1
HF	424.18196666666665	48000.0	48000.0	7.055864956235841	424.1785	424.1837	45234	62148	Pipistrellus pipistrellus	0.052	0.172	-1	Echolocation	192000	/home/adkris/Documents/mila-human-wav-txt/20220826_070000.WAV	1167	Waveform 1	1
LF	424.19876666666664	24750.0	24960.0	7.224901075353465	424.1845	424.1999	24609	30727	Nyctalus leisleri	0.156	0.385	-1	Echolocation	192000	/home/adkris/Documents/mila-human-wav-txt/20220826_070000.WAV	1168	Waveform 1	1
LF	424.3215666666667	24000.0	24000.0	0.2923872030611941	424.3205	424.3281	24609	35823	Plecotus austriacus	0.009	0.026	-1	Echolocation	192000	/home/adkris/Documents/mila-human-wav-txt/20220826_070000.WAV	1169	Waveform 1	1
HF	424.39866666666666	54750.0	53760.00000000001	3.9716656304463784	424.3965	424.403	48671	55915	Pipistrellus pipistrellus	0.026	0.029	-1	Echolocation	192000	/home/adkris/Documents/mila-human-wav-txt/20220826_070000.WAV	1170	Waveform 1	1
LF	424.494	26250.0	25920.0	4.256094832472138	424.4825	424.496	25468	32014	Eptesicus serotinus	0.157	0.344	-1	Echolocation	192000	/home/adkris/Documents/mila-human-wav-txt/20220826_070000.WAV	1171	Waveform 1	1
HF	424.5106	47250.0	48000.0	1.0756071080830885	424.5085	424.5139	33203	66971	Myotis brandtii	0.01	0.03	-1	Echolocation	192000	/home/adkris/Documents/mila-human-wav-txt/20220826_070000.WAV	1172	Waveform 1	1
HF	424.61893333333336	54000.0	53760.00000000001	7.597396998999523	424.6155	424.6219	51250	57181	Pipistrellus pipistrellus	0.156	0.223	-1	Echolocation	192000	/home/adkris/Documents/mila-human-wav-txt/20220826_070000.WAV	1173	Waveform 1	1
LF	424.80803333333336	24750.0	24960.0	3.6337906329231062	424.7975	424.8143	24609	27593	Nyctalus leisleri	0.263	0.372	-1	Echolocation	192000	/home/adkris/Documents/mila-human-wav-txt/20220826_070000.WAV	1174	Waveform 1	1
LF	424.83566666666667	25500.0	25920.0	3.5558656562129114	424.8275	424.842	24609	28263	Nyctalus leisleri	0.268	0.398	-1	Echolocation	192000	/home/adkris/Documents/mila-human-wav-txt/20220826_070000.WAV	1175	Waveform 1	1
LF	425.26463333333334	24750.0	24960.0	12.177891934905984	425.2535	425.2697	24609	28647	Nyctalus leisleri	0.326	0.449	-1	Echolocation	192000	/home/adkris/Documents/mila-human-wav-txt/20220826_070000.WAV	1176	Waveform 1	1
LF	425.4886	25500.0	24960.0	5.049821733448555	425.4815	425.4994	23750	28753	Nyctalus leisleri	0.185	0.335	-1	Echolocation	192000	/home/adkris/Documents/mila-human-wav-txt/20220826_070000.WAV	1177	Waveform 1	1
LF	425.7214333333333	24750.0	24960.0	6.760560147721073	425.7135	425.7294	23750	28138	Nyctalus leisleri	0.402	0.541	-1	Echolocation	192000	/home/adkris/Documents/mila-human-wav-txt/20220826_070000.WAV	1178	Waveform 1	1
LF	426.02793333333335	26250.0	25920.0	8.300508114070018	426.0225	426.0374	23750	28048	Nyctalus leisleri	0.173	0.455	-1	Echolocation	192000	/home/adkris/Documents/mila-human-wav-txt/20220826_070000.WAV	1179	Waveform 1	1
LF	426.3186666666667	24750.0	25920.0	4.33616769865824	426.3085	426.321	24609	29249	Nyctalus leisleri	0.237	0.487	-1	Echolocation	192000	/home/adkris/Documents/mila-human-wav-txt/20220826_070000.WAV	1180	Waveform 1	1
LF	426.6105666666666	24000.0	24960.0	5.393894711649649	426.5995	426.6146	23750	28943	Nyctalus leisleri	0.274	0.515	-1	Echolocation	192000	/home/adkris/Documents/mila-human-wav-txt/20220826_070000.WAV	1181	Waveform 1	1
LF	426.78246666666666	24000.0	24000.0	2.71270271170934	426.7715	426.7867	23750	28850	Nyctalus leisleri	0.232	0.39	-1	Echolocation	192000	/home/adkris/Documents/mila-human-wav-txt/20220826_070000.WAV	1182	Waveform 1	1
LF	427.57073333333335	24000.0	24960.0	3.605855762381988	427.5555	427.5711	24609	29573	Nyctalus leisleri	0.163	0.31	-1	Echolocation	192000	/home/adkris/Documents/mila-human-wav-txt/20220826_070000.WAV	1183	Waveform 1	1
LF	427.9609	24000.0	24000.0	9.133316606666927	427.9505	427.9686	23750	26971	Nyctalus leisleri	0.365	0.457	-1	Echolocation	192000	/home/adkris/Documents/mila-human-wav-txt/20220826_070000.WAV	1184	Waveform 1	1
LF	428.2589	24000.0	24000.0	2.040279446487036	428.2485	428.2666	23750	28390	Nyctalus leisleri	0.075	0.198	-1	Echolocation	192000	/home/adkris/Documents/mila-human-wav-txt/20220826_070000.WAV	1185	Waveform 1	1
LF	428.5987666666667	24750.0	24960.0	3.3906245512042976	428.5835	428.6014	24609	28878	Nyctalus leisleri	0.072	0.143	-1	Echolocation	192000	/home/adkris/Documents/mila-human-wav-txt/20220826_070000.WAV	1186	Waveform 1	1
LF	429.65796666666665	25500.0	25920.0	2.8464099419488074	429.6505	429.6622	25468	30736	Nyctalus leisleri	0.264	0.481	-1	Echolocation	192000	/home/adkris/Documents/mila-human-wav-txt/20220826_070000.WAV	1187	Waveform 1	1
LF	429.9225666666667	23250.0	23040.0	0.697120727031557	429.9115	429.9301	22890	25813	Nyctalus leisleri	0.031	0.051	-1	Echolocation	192000	/home/adkris/Documents/mila-human-wav-txt/20220826_070000.WAV	1188	Waveform 1	1
LF	430.20026666666666	24000.0	24960.0	2.697879779247485	430.1875	430.2044	24609	28941	Nyctalus leisleri	0.164	0.303	-1	Echolocation	192000	/home/adkris/Documents/mila-human-wav-txt/20220826_070000.WAV	1189	Waveform 1	1
LF	430.35223333333334	24000.0	24000.0	2.6145704076371152	430.3465	430.3576	23750	29981	Nyctalus leisleri	0.015	0.033	-1	Echolocation	192000	/home/adkris/Documents/mila-human-wav-txt/20220826_070000.WAV	1190	Waveform 1	1
HF	431.9814666666667	50250.0	48960.0	4.147148405628693	431.9785	431.9842	47812	55102	Pipistrellus pipistrellus	0.197	0.217	-1	Echolocation	192000	/home/adkris/Documents/mila-human-wav-txt/20220826_070000.WAV	1191	Waveform 1	1
HF	432.0389	50250.0	48960.0	2.9543264178055866	432.0335	432.0391	35781	61747	Myotis mystacinus	0.009	0.027	-1	Echolocation	192000	/home/adkris/Documents/mila-human-wav-txt/20220826_070000.WAV	1192	Waveform 1	1
HF	433.08073333333334	48750.0	48960.0	2.695509988350321	433.0775	433.0841	47812	56328	Pipistrellus pipistrellus	0.134	0.142	-1	Echolocation	192000	/home/adkris/Documents/mila-human-wav-txt/20220826_070000.WAV	1193	Waveform 1	1
HF	433.1324333333333	49500.0	50880.0	2.3670877147392972	433.1285	433.1344	47812	60864	Pipistrellus pipistrellus	0.101	0.107	-1	Echolocation	192000	/home/adkris/Documents/mila-human-wav-txt/20220826_070000.WAV	1194	Waveform 1	1
HF	433.181	53250.0	50880.0	5.22076715215419	433.1785	433.1835	48671	61526	Pipistrellus pipistrellus	0.484	0.517	-1	Echolocation	192000	/home/adkris/Documents/mila-human-wav-txt/20220826_070000.WAV	1195	Waveform 1	1
HF	433.4911666666667	57000.0	56640.0	4.919364256818984	433.4885	433.4945	49531	65653	Pipistrellus pipistrellus	0.387	0.482	-1	Echolocation	192000	/home/adkris/Documents/mila-human-wav-txt/20220826_070000.WAV	1196	Waveform 1	1
HF	433.5427	54750.0	56640.0	5.532362783968537	433.5405	433.5458	34921	67645	Myotis brandtii	0.008	0.023	-1	Echolocation	192000	/home/adkris/Documents/mila-human-wav-txt/20220826_070000.WAV	1197	Waveform 1	1
HF	433.7063	50250.0	48960.0	12.188828949477369	433.7025	433.7097	48671	63173	Pipistrellus pipistrellus	0.393	0.496	-1	Echolocation	192000	/home/adkris/Documents/mila-human-wav-txt/20220826_070000.WAV	1198	Waveform 1	1
HF	433.7863	51750.0	54719.99999999999	3.1822657739720035	433.7835	433.7882	45234	63388	Myotis alcathoe	0.078	0.195	-1	Echolocation	192000	/home/adkris/Documents/mila-human-wav-txt/20220826_070000.WAV	1199	Waveform 1	1
HF	433.93853333333334	52500.0	48960.0	10.621676479096296	433.9345	433.9403	47812	66792	Pipistrellus pipistrellus	0.493	0.6	-1	Echolocation	192000	/home/adkris/Documents/mila-human-wav-txt/20220826_070000.WAV	1200	Waveform 1	1
HF	434.2079	52500.0	52800.00000000001	14.423115950782336	434.2055	434.2106	47812	61892	Pipistrellus pipistrellus	0.466	0.548	-1	Echolocation	192000	/home/adkris/Documents/mila-human-wav-txt/20220826_070000.WAV	1201	Waveform 1	1
HF	434.27163333333334	48000.0	48000.0	0.2698581746119757	434.2675	434.2732	36640	59647	Myotis bechsteinii	0.007	0.026	-1	Echolocation	192000	/home/adkris/Documents/mila-human-wav-txt/20220826_070000.WAV	1202	Waveform 1	1
HF	434.3489	50250.0	49920.0	4.782529404103479	434.3465	434.3516	46953	57446	Pipistrellus pipistrellus	0.272	0.28	-1	Echolocation	192000	/home/adkris/Documents/mila-human-wav-txt/20220826_070000.WAV	1203	Waveform 1	1
HF	434.4655666666667	52500.0	47040.0	2.4310935921334305	434.4605	434.4676	40937	55696	Myotis brandtii	0.007	0.031	-1	Echolocation	192000	/home/adkris/Documents/mila-human-wav-txt/20220826_070000.WAV	1204	Waveform 1	1
HF	434.8991	49500.0	51840.0	3.4302376916516475	434.8965	434.9014	48671	56376	Pipistrellus pipistrellus	0.271	0.286	-1	Echolocation	192000	/home/adkris/Documents/mila-human-wav-txt/20220826_070000.WAV	1205	Waveform 1	1
HF	440.3369666666667	41250.0	41280.0	2.942036066840306	440.3335	440.3422	39218	47099	Pipistrellus nathusii	0.417	0.454	-1	Echolocation	192000	/home/adkris/Documents/mila-human-wav-txt/20220826_070000.WAV	1206	Waveform 1	1
HF	441.3102	42000.0	41280.0	5.428397854794058	441.3075	441.3158	39218	48786	Pipistrellus nathusii	0.516	0.564	-1	Echolocation	192000	/home/adkris/Documents/mila-human-wav-txt/20220826_070000.WAV	1207	Waveform 1	1
HF	441.4981333333333	42000.0	41280.0	6.872809251177774	441.4945	441.5007	40078	52726	Pipistrellus nathusii	0.457	0.521	-1	Echolocation	192000	/home/adkris/Documents/mila-human-wav-txt/20220826_070000.WAV	1208	Waveform 1	1
HF	441.59593333333333	40500.0	41280.0	2.1495888819247497	441.5915	441.6004	40078	48683	Pipistrellus nathusii	0.305	0.365	-1	Echolocation	192000	/home/adkris/Documents/mila-human-wav-txt/20220826_070000.WAV	1209	Waveform 1	1
HF	441.6838666666667	40500.0	41280.0	11.215758122051628	441.6795	441.6873	38359	50130	Pipistrellus nathusii	0.472	0.587	-1	Echolocation	192000	/home/adkris/Documents/mila-human-wav-txt/20220826_070000.WAV	1210	Waveform 1	1
HF	441.94596666666666	39750.0	41280.0	7.847275285269788	441.9415	441.9492	38359	48093	Pipistrellus nathusii	0.483	0.568	-1	Echolocation	192000	/home/adkris/Documents/mila-human-wav-txt/20220826_070000.WAV	1211	Waveform 1	1
HF	441.97366666666665	53250.0	54719.99999999999	8.86024806259925	441.9705	441.976	51250	56907	Pipistrellus pygmaeus	0.193	0.229	-1	Echolocation	192000	/home/adkris/Documents/mila-human-wav-txt/20220826_070000.WAV	1212	Waveform 1	1
HF	442.037	41250.0	40320.0	8.819036390563777	442.0335	442.041	39218	49004	Pipistrellus nathusii	0.375	0.507	-1	Echolocation	192000	/home/adkris/Documents/mila-human-wav-txt/20220826_070000.WAV	1213	Waveform 1	1
LF	442.3009666666667	39750.0	39360.0	3.646810760654175	442.2965	442.3077	37500	41585	Pipistrellus nathusii	0.096	0.133	-1	Echolocation	192000	/home/adkris/Documents/mila-human-wav-txt/20220826_070000.WAV	1214	Waveform 1	1
HF	442.4739666666667	41250.0	42240.0	5.21272776954488	442.4705	442.4792	38359	45412	Pipistrellus nathusii	0.418	0.48	-1	Echolocation	192000	/home/adkris/Documents/mila-human-wav-txt/20220826_070000.WAV	1215	Waveform 1	1
HF	442.6608	42750.0	41280.0	2.741127099530902	442.6575	442.6652	38359	44819	Pipistrellus nathusii	0.137	0.212	-1	Echolocation	192000	/home/adkris/Documents/mila-human-wav-txt/20220826_070000.WAV	1216	Waveform 1	1
HF	456.09316666666666	41250.0	41280.0	5.931537497864923	456.0885	456.096	40078	48147	Pipistrellus nathusii	0.408	0.473	-1	Echolocation	192000	/home/adkris/Documents/mila-human-wav-txt/20220826_070000.WAV	1217	Waveform 1	1
HF	456.2786	41250.0	41280.0	6.86491991501218	456.2755	456.2834	39218	49630	Pipistrellus nathusii	0.462	0.493	-1	Echolocation	192000	/home/adkris/Documents/mila-human-wav-txt/20220826_070000.WAV	1218	Waveform 1	1
HF	456.6347666666667	42000.0	41280.0	7.626548502412044	456.6305	456.6384	40078	50486	Pipistrellus nathusii	0.505	0.595	-1	Echolocation	192000	/home/adkris/Documents/mila-human-wav-txt/20220826_070000.WAV	1219	Waveform 1	1
HF	456.7262	41250.0	41280.0	3.4450223611456936	456.7225	456.7298	37500	49550	Pipistrellus nathusii	0.024	0.1	-1	Echolocation	192000	/home/adkris/Documents/mila-human-wav-txt/20220826_070000.WAV	1220	Waveform 1	1
HF	456.82036666666664	45750.0	45120.0	6.523471615351576	456.8185	456.8253	40078	50907	Pipistrellus nathusii	0.339	0.437	-1	Echolocation	192000	/home/adkris/Documents/mila-human-wav-txt/20220826_070000.WAV	1221	Waveform 1	1
LF	456.9125666666667	44250.0	42240.0	2.2714511383616474	456.9065	456.9126	30625	44195	Barbastellus barbastellus	0.011	0.03	-1	Echolocation	192000	/home/adkris/Documents/mila-human-wav-txt/20220826_070000.WAV	1222	Waveform 1	1
LF	456.9993666666667	27000.0	26880.000000000004	0.716917560973145	456.9955	457.0038	27187	36346	Eptesicus serotinus	0.01	0.025	-1	Echolocation	192000	/home/adkris/Documents/mila-human-wav-txt/20220826_070000.WAV	1223	Waveform 1	1
HF	457.21546666666666	41250.0	41280.0	9.604939247820257	457.2115	457.2197	39218	49980	Pipistrellus nathusii	0.517	0.582	-1	Echolocation	192000	/home/adkris/Documents/mila-human-wav-txt/20220826_070000.WAV	1224	Waveform 1	1
HF	457.4148666666667	41250.0	41280.0	5.401443655155269	457.4105	457.4183	39218	46061	Pipistrellus nathusii	0.261	0.376	-1	Echolocation	192000	/home/adkris/Documents/mila-human-wav-txt/20220826_070000.WAV	1225	Waveform 1	1
HF	457.51486666666665	41250.0	41280.0	8.483227472870842	457.5105	457.5183	40078	53017	Pipistrellus nathusii	0.261	0.385	-1	Echolocation	192000	/home/adkris/Documents/mila-human-wav-txt/20220826_070000.WAV	1226	Waveform 1	1
HF	457.6007333333333	39750.0	40320.0	8.981275224180086	457.5955	457.6036	38359	51333	Pipistrellus nathusii	0.412	0.548	-1	Echolocation	192000	/home/adkris/Documents/mila-human-wav-txt/20220826_070000.WAV	1227	Waveform 1	1
HF	457.69536666666664	40500.0	40320.0	14.250246374482806	457.6905	457.6978	37500	51516	Pipistrellus nathusii	0.37	0.542	-1	Echolocation	192000	/home/adkris/Documents/mila-human-wav-txt/20220826_070000.WAV	1228	Waveform 1	1
HF	457.7943333333333	43500.0	41280.0	10.593721870016338	457.7895	457.798	38359	49452	Pipistrellus nathusii	0.334	0.492	-1	Echolocation	192000	/home/adkris/Documents/mila-human-wav-txt/20220826_070000.WAV	1229	Waveform 1	1
HF	457.89	39000.0	41280.0	6.718307232633767	457.8845	457.8935	38359	46326	Pipistrellus nathusii	0.294	0.363	-1	Echolocation	192000	/home/adkris/Documents/mila-human-wav-txt/20220826_070000.WAV	1230	Waveform 1	1
HF	458.0691	41250.0	39360.0	9.709453885911987	458.0635	458.0724	39218	49858	Pipistrellus nathusii	0.34	0.449	-1	Echolocation	192000	/home/adkris/Documents/mila-human-wav-txt/20220826_070000.WAV	1231	Waveform 1	1
LF	458.1585333333333	33000.0	28800.0	2.420600950007196	458.1525	458.1598	28046	37063	Eptesicus serotinus	0.006	0.021	-1	Echolocation	192000	/home/adkris/Documents/mila-human-wav-txt/20220826_070000.WAV	1232	Waveform 1	1
HF	458.43013333333334	41250.0	40320.0	2.738419936773528	458.4255	458.4342	38359	45022	Pipistrellus nathusii	0.119	0.23	-1	Echolocation	192000	/home/adkris/Documents/mila-human-wav-txt/20220826_070000.WAV	1233	Waveform 1	1
LF	461.2038333333333	25500.0	24960.0	3.623540365116313	461.1995	461.2155	23750	29139	Nyctalus leisleri	0.165	0.326	-1	Echolocation	192000	/home/adkris/Documents/mila-human-wav-txt/20220826_070000.WAV	1234	Waveform 1	1
LF	461.89273333333335	24000.0	24000.0	2.150086833860075	461.8835	461.8981	23750	27824	Nyctalus leisleri	0.272	0.41	-1	Echolocation	192000	/home/adkris/Documents/mila-human-wav-txt/20220826_070000.WAV	1235	Waveform 1	1
LF	464.4173	24750.0	24960.0	2.674338474214189	464.4065	464.4207	24609	29531	Nyctalus leisleri	0.302	0.492	-1	Echolocation	192000	/home/adkris/Documents/mila-human-wav-txt/20220826_070000.WAV	1236	Waveform 1	1
LF	465.40906666666666	25500.0	25920.0	2.7118146986134124	465.4045	465.4226	24609	28081	Nyctalus leisleri	0.127	0.206	-1	Echolocation	192000	/home/adkris/Documents/mila-human-wav-txt/20220826_070000.WAV	1237	Waveform 1	1
LF	467.07346666666666	24000.0	25920.0	1.576827702570658	467.0605	467.0807	24609	28182	Nyctalus leisleri	0.123	0.2	-1	Echolocation	192000	/home/adkris/Documents/mila-human-wav-txt/20220826_070000.WAV	1238	Waveform 1	1
LF	467.3609333333333	25500.0	25920.0	1.482819388057737	467.3545	467.3684	24609	28594	Nyctalus leisleri	0.093	0.191	-1	Echolocation	192000	/home/adkris/Documents/mila-human-wav-txt/20220826_070000.WAV	1239	Waveform 1	1
LF	467.6389	24000.0	24000.0	3.0505207807831565	467.6315	467.6491	23750	27483	Nyctalus leisleri	0.175	0.261	-1	Echolocation	192000	/home/adkris/Documents/mila-human-wav-txt/20220826_070000.WAV	1240	Waveform 1	1
LF	467.9516	24750.0	24960.0	1.5926680649542349	467.9415	467.9599	24609	28171	Nyctalus leisleri	0.188	0.264	-1	Echolocation	192000	/home/adkris/Documents/mila-human-wav-txt/20220826_070000.WAV	1241	Waveform 1	1
LF	468.2461666666667	24750.0	24960.0	1.9055897139371136	468.2385	468.257	24609	28142	Nyctalus leisleri	0.123	0.215	-1	Echolocation	192000	/home/adkris/Documents/mila-human-wav-txt/20220826_070000.WAV	1242	Waveform 1	1
LF	468.54443333333336	24750.0	24960.0	1.5878907410748224	468.5365	468.5489	24609	30489	Nyctalus leisleri	0.013	0.031	-1	Echolocation	192000	/home/adkris/Documents/mila-human-wav-txt/20220826_070000.WAV	1243	Waveform 1	1
LF	468.6727333333333	24750.0	24960.0	2.2820176738276245	468.6635	468.6781	23750	28618	Nyctalus leisleri	0.019	0.038	-1	Echolocation	192000	/home/adkris/Documents/mila-human-wav-txt/20220826_070000.WAV	1244	Waveform 1	1
LF	468.98463333333336	24750.0	24960.0	1.54701520556755	468.9785	468.9997	22890	26600	Nyctalus noctula	0.051	0.109	-1	Echolocation	192000	/home/adkris/Documents/mila-human-wav-txt/20220826_070000.WAV	1245	Waveform 1	1
LF	469.28903333333335	24750.0	24960.0	0.6689549271541949	469.2835	469.2913	24609	33374	Plecotus austriacus	0.006	0.021	-1	Echolocation	192000	/home/adkris/Documents/mila-human-wav-txt/20220826_070000.WAV	1246	Waveform 1	1
LF	470.1698333333333	25500.0	24960.0	4.4736265423456345	470.1655	470.185	23750	27263	Nyctalus leisleri	0.348	0.419	-1	Echolocation	192000	/home/adkris/Documents/mila-human-wav-txt/20220826_070000.WAV	1247	Waveform 1	1
LF	470.87326666666667	25500.0	24960.0	4.855788594425803	470.8645	470.8889	24609	27770	Nyctalus leisleri	0.114	0.19	-1	Echolocation	192000	/home/adkris/Documents/mila-human-wav-txt/20220826_070000.WAV	1248	Waveform 1	1
LF	471.3102666666667	24750.0	24960.0	5.5772718387532825	471.2925	471.3184	23750	27383	Nyctalus leisleri	0.095	0.187	-1	Echolocation	192000	/home/adkris/Documents/mila-human-wav-txt/20220826_070000.WAV	1249	Waveform 1	1
LF	471.4734	24750.0	24960.0	5.9501794847274905	471.4595	471.4811	24609	27920	Nyctalus leisleri	0.199	0.271	-1	Echolocation	192000	/home/adkris/Documents/mila-human-wav-txt/20220826_070000.WAV	1250	Waveform 1	1
LF	471.6123333333333	24750.0	24960.0	2.461251646930614	471.5965	471.6185	24609	28501	Nyctalus leisleri	0.084	0.164	-1	Echolocation	192000	/home/adkris/Documents/mila-human-wav-txt/20220826_070000.WAV	1251	Waveform 1	1
LF	472.4729	25500.0	24960.0	4.120284368602529	472.4525	472.4746	23750	28014	Nyctalus leisleri	0.075	0.135	-1	Echolocation	192000	/home/adkris/Documents/mila-human-wav-txt/20220826_070000.WAV	1252	Waveform 1	1
LF	472.64823333333334	25500.0	25920.0	4.955599803701226	472.6365	472.6556	25468	29347	Nyctalus leisleri	0.322	0.426	-1	Echolocation	192000	/home/adkris/Documents/mila-human-wav-txt/20220826_070000.WAV	1253	Waveform 1	1
LF	472.92293333333333	25500.0	25920.0	18.108000691529465	472.9145	472.9334	23750	27895	Nyctalus leisleri	0.447	0.538	-1	Echolocation	192000	/home/adkris/Documents/mila-human-wav-txt/20220826_070000.WAV	1254	Waveform 1	1
LF	473.1019666666666	24000.0	24000.0	2.9807868181980206	473.0865	473.1077	23750	27606	Nyctalus leisleri	0.131	0.197	-1	Echolocation	192000	/home/adkris/Documents/mila-human-wav-txt/20220826_070000.WAV	1255	Waveform 1	1
LF	473.35113333333334	24750.0	25920.0	5.590394842540539	473.3385	473.3637	24609	27983	Nyctalus leisleri	0.228	0.323	-1	Echolocation	192000	/home/adkris/Documents/mila-human-wav-txt/20220826_070000.WAV	1256	Waveform 1	1
LF	473.41153333333335	24750.0	24960.0	7.185125103891568	473.4035	473.4193	24609	28711	Nyctalus leisleri	0.26	0.367	-1	Echolocation	192000	/home/adkris/Documents/mila-human-wav-txt/20220826_070000.WAV	1257	Waveform 1	1
LF	473.7957666666667	25500.0	25920.0	13.74559041364244	473.7895	473.8094	24609	27362	Nyctalus leisleri	0.4	0.482	-1	Echolocation	192000	/home/adkris/Documents/mila-human-wav-txt/20220826_070000.WAV	1258	Waveform 1	1
LF	474.1653666666666	25500.0	25920.0	8.54382605776436	474.1445	474.1673	24609	28369	Nyctalus leisleri	0.181	0.265	-1	Echolocation	192000	/home/adkris/Documents/mila-human-wav-txt/20220826_070000.WAV	1259	Waveform 1	1
LF	474.2384666666667	24000.0	24960.0	13.538318969718368	474.2215	474.2412	24609	26522	Nyctalus leisleri	0.453	0.512	-1	Echolocation	192000	/home/adkris/Documents/mila-human-wav-txt/20220826_070000.WAV	1260	Waveform 1	1
LF	475.0120333333333	24750.0	24960.0	8.361813706056665	475.0015	475.0148	24609	30182	Nyctalus leisleri	0.412	0.58	-1	Echolocation	192000	/home/adkris/Documents/mila-human-wav-txt/20220826_070000.WAV	1261	Waveform 1	1
LF	475.1648333333333	24750.0	25920.0	10.37745377463612	475.1545	475.168	24609	29226	Nyctalus leisleri	0.307	0.53	-1	Echolocation	192000	/home/adkris/Documents/mila-human-wav-txt/20220826_070000.WAV	1262	Waveform 1	1
LF	475.28746666666666	24750.0	25920.0	8.076079864149655	475.2675	475.2912	25468	29026	Nyctalus leisleri	0.146	0.22	-1	Echolocation	192000	/home/adkris/Documents/mila-human-wav-txt/20220826_070000.WAV	1263	Waveform 1	1
LF	475.4662333333333	24750.0	25920.0	11.849043013214066	475.4555	475.4686	24609	30024	Nyctalus leisleri	0.326	0.598	-1	Echolocation	192000	/home/adkris/Documents/mila-human-wav-txt/20220826_070000.WAV	1264	Waveform 1	1
LF	475.5987666666667	25500.0	25920.0	15.59297594178207	475.5885	475.6009	24609	30561	Eptesicus serotinus	0.251	0.547	-1	Echolocation	192000	/home/adkris/Documents/mila-human-wav-txt/20220826_070000.WAV	1265	Waveform 1	1
HF	475.5995	48750.0	49920.0	4.197363399870903	475.5955	475.6025	48671	56840	Pipistrellus pipistrellus	0.083	0.107	-1	Echolocation	192000	/home/adkris/Documents/mila-human-wav-txt/20220826_070000.WAV	1266	Waveform 1	1
LF	475.7214666666667	24000.0	24960.0	5.689878002688006	475.7105	475.7327	23750	27558	Nyctalus leisleri	0.13	0.21	-1	Echolocation	192000	/home/adkris/Documents/mila-human-wav-txt/20220826_070000.WAV	1267	Waveform 1	1
HF	475.7758666666667	53250.0	54719.99999999999	5.017472410013997	475.7735	475.7798	45234	59157	Pipistrellus pipistrellus	0.06	0.08	-1	Echolocation	192000	/home/adkris/Documents/mila-human-wav-txt/20220826_070000.WAV	1268	Waveform 1	1
HF	475.95826666666665	54000.0	52800.00000000001	4.890282923291798	475.9555	475.9614	46093	59083	Pipistrellus pipistrellus	0.04	0.057	-1	Echolocation	192000	/home/adkris/Documents/mila-human-wav-txt/20220826_070000.WAV	1269	Waveform 1	1
HF	476.0399	49500.0	55679.99999999999	3.834881088174859	476.0375	476.0426	47812	57088	Pipistrellus pipistrellus	0.191	0.212	-1	Echolocation	192000	/home/adkris/Documents/mila-human-wav-txt/20220826_070000.WAV	1270	Waveform 1	1
HF	476.14213333333333	54750.0	53760.00000000001	7.404724034825428	476.1385	476.1447	46093	62275	Pipistrellus pipistrellus	0.026	0.074	-1	Echolocation	192000	/home/adkris/Documents/mila-human-wav-txt/20220826_070000.WAV	1271	Waveform 1	1
HF	476.1864	54750.0	53760.00000000001	8.827185496079608	476.1835	476.1881	49531	61660	Pipistrellus pipistrellus	0.102	0.153	-1	Echolocation	192000	/home/adkris/Documents/mila-human-wav-txt/20220826_070000.WAV	1272	Waveform 1	1
LF	476.2969	24000.0	24000.0	3.7867869396225857	476.2885	476.3051	23750	27212	Nyctalus leisleri	0.209	0.31	-1	Echolocation	192000	/home/adkris/Documents/mila-human-wav-txt/20220826_070000.WAV	1273	Waveform 1	1
LF	476.4362	25500.0	25920.0	9.386621229293056	476.4265	476.4453	24609	28014	Nyctalus leisleri	0.38	0.467	-1	Echolocation	192000	/home/adkris/Documents/mila-human-wav-txt/20220826_070000.WAV	1274	Waveform 1	1
LF	476.6182333333333	25500.0	25920.0	6.462578884595754	476.6115	476.6251	24609	28277	Nyctalus leisleri	0.42	0.602	-1	Echolocation	192000	/home/adkris/Documents/mila-human-wav-txt/20220826_070000.WAV	1275	Waveform 1	1
LF	477.06106666666665	24000.0	24960.0	11.904518210510345	477.0445	477.0646	23750	30144	Eptesicus serotinus	0.167	0.437	-1	Echolocation	192000	/home/adkris/Documents/mila-human-wav-txt/20220826_070000.WAV	1276	Waveform 1	1
LF	477.36243333333334	21000.0	21120.0	2.77007198066611	477.3605	477.3719	20312	24761	Nyctalus leisleri	0.009	0.024	-1	Echolocation	192000	/home/adkris/Documents/mila-human-wav-txt/20220826_070000.WAV	1277	Waveform 1	1
LF	477.7952333333334	24000.0	24960.0	12.30650393652599	477.7805	477.8001	23750	28535	Nyctalus leisleri	0.276	0.4	-1	Echolocation	192000	/home/adkris/Documents/mila-human-wav-txt/20220826_070000.WAV	1278	Waveform 1	1
LF	478.0842	24750.0	24960.0	4.271744942485004	478.0765	478.0938	23750	27658	Nyctalus leisleri	0.182	0.301	-1	Echolocation	192000	/home/adkris/Documents/mila-human-wav-txt/20220826_070000.WAV	1279	Waveform 1	1
LF	478.39593333333335	24000.0	24960.0	6.24040816103573	478.3845	478.4039	23750	28110	Nyctalus leisleri	0.247	0.348	-1	Echolocation	192000	/home/adkris/Documents/mila-human-wav-txt/20220826_070000.WAV	1280	Waveform 1	1
LF	478.5355333333333	24750.0	24960.0	9.069346866860531	478.5225	478.5473	23750	28082	Nyctalus leisleri	0.154	0.281	-1	Echolocation	192000	/home/adkris/Documents/mila-human-wav-txt/20220826_070000.WAV	1281	Waveform 1	1
LF	478.86926666666665	24750.0	26880.000000000004	2.2288364936945015	478.8545	478.8694	25468	29384	Nyctalus leisleri	0.114	0.173	-1	Echolocation	192000	/home/adkris/Documents/mila-human-wav-txt/20220826_070000.WAV	1282	Waveform 1	1
LF	478.94783333333334	25500.0	25920.0	5.02736249483294	478.9465	478.9655	24609	27468	Nyctalus leisleri	0.271	0.345	-1	Echolocation	192000	/home/adkris/Documents/mila-human-wav-txt/20220826_070000.WAV	1283	Waveform 1	1
LF	479.3944666666667	25500.0	24960.0	13.460814065628137	479.3875	479.4102	23750	27794	Nyctalus leisleri	0.275	0.386	-1	Echolocation	192000	/home/adkris/Documents/mila-human-wav-txt/20220826_070000.WAV	1284	Waveform 1	1
LF	479.66346666666664	25500.0	25920.0	5.269540177557339	479.6545	479.6717	24609	28902	Nyctalus leisleri	0.279	0.42	-1	Echolocation	192000	/home/adkris/Documents/mila-human-wav-txt/20220826_070000.WAV	1285	Waveform 1	1
LF	479.6942333333334	24750.0	24960.0	0.1791502245430671	479.6835	479.7036	24609	28316	Nyctalus leisleri	0.074	0.155	-1	Echolocation	192000	/home/adkris/Documents/mila-human-wav-txt/20220826_070000.WAV	1286	Waveform 1	1
LF	479.92263333333335	24750.0	24960.0	5.087389345337487	479.9025	479.9237	24609	28770	Nyctalus leisleri	0.223	0.347	-1	Echolocation	192000	/home/adkris/Documents/mila-human-wav-txt/20220826_070000.WAV	1287	Waveform 1	1
LF	479.98966666666666	24750.0	24960.0	11.824563765805529	479.9805	479.9985	24609	27533	Nyctalus leisleri	0.369	0.452	-1	Echolocation	192000	/home/adkris/Documents/mila-human-wav-txt/20220826_070000.WAV	1288	Waveform 1	1
LF	480.2053666666667	26250.0	25920.0	12.621322326472235	480.1895	480.2103	24609	29886	Nyctalus leisleri	0.189	0.391	-1	Echolocation	192000	/home/adkris/Documents/mila-human-wav-txt/20220826_070000.WAV	1289	Waveform 1	1
LF	480.2905333333333	24750.0	25920.0	9.022286092812529	480.2785	480.2938	24609	27886	Nyctalus leisleri	0.503	0.599	-1	Echolocation	192000	/home/adkris/Documents/mila-human-wav-txt/20220826_070000.WAV	1290	Waveform 1	1
LF	480.43	26250.0	25920.0	6.23815032878724	480.4235	480.435	25468	29796	Nyctalus leisleri	0.348	0.5	-1	Echolocation	192000	/home/adkris/Documents/mila-human-wav-txt/20220826_070000.WAV	1291	Waveform 1	1
LF	480.5198	24750.0	24960.0	7.447751998642349	480.5075	480.5237	23750	28098	Nyctalus leisleri	0.374	0.546	-1	Echolocation	192000	/home/adkris/Documents/mila-human-wav-txt/20220826_070000.WAV	1292	Waveform 1	1
LF	480.84243333333336	25500.0	25920.0	12.425961004815584	480.8295	480.8474	24609	29076	Nyctalus leisleri	0.277	0.47	-1	Echolocation	192000	/home/adkris/Documents/mila-human-wav-txt/20220826_070000.WAV	1293	Waveform 1	1
LF	481.0658333333334	25500.0	25920.0	16.366023677283973	481.0535	481.0685	24609	30187	Nyctalus leisleri	0.324	0.617	-1	Echolocation	192000	/home/adkris/Documents/mila-human-wav-txt/20220826_070000.WAV	1294	Waveform 1	1
LF	481.1231333333333	24750.0	24960.0	9.047579972507975	481.1115	481.1272	24609	28006	Nyctalus leisleri	0.462	0.594	-1	Echolocation	192000	/home/adkris/Documents/mila-human-wav-txt/20220826_070000.WAV	1295	Waveform 1	1
LF	481.34023333333334	24750.0	24960.0	6.488510276967425	481.3375	481.3516	24609	29460	Nyctalus leisleri	0.276	0.415	-1	Echolocation	192000	/home/adkris/Documents/mila-human-wav-txt/20220826_070000.WAV	1296	Waveform 1	1
LF	481.39643333333333	26250.0	26880.000000000004	5.952467575847206	481.3815	481.3974	25468	31595	Nyctalus leisleri	0.015	0.037	-1	Echolocation	192000	/home/adkris/Documents/mila-human-wav-txt/20220826_070000.WAV	1297	Waveform 1	1
LF	481.6277	24750.0	25920.0	8.27462054351594	481.6155	481.6318	24609	28902	Nyctalus leisleri	0.357	0.547	-1	Echolocation	192000	/home/adkris/Documents/mila-human-wav-txt/20220826_070000.WAV	1298	Waveform 1	1
LF	481.7069333333333	24750.0	25920.0	11.857110156935544	481.6955	481.7114	24609	28019	Nyctalus leisleri	0.365	0.475	-1	Echolocation	192000	/home/adkris/Documents/mila-human-wav-txt/20220826_070000.WAV	1299	Waveform 1	1
LF	481.92386666666664	25500.0	25920.0	10.466348856441885	481.9125	481.9308	24609	28847	Nyctalus leisleri	0.257	0.425	-1	Echolocation	192000	/home/adkris/Documents/mila-human-wav-txt/20220826_070000.WAV	1300	Waveform 1	1
LF	482.31213333333335	24750.0	25920.0	12.823067396621036	482.2995	482.3177	24609	28066	Nyctalus leisleri	0.33	0.484	-1	Echolocation	192000	/home/adkris/Documents/mila-human-wav-txt/20220826_070000.WAV	1301	Waveform 1	1
LF	482.33843333333334	24750.0	24960.0	-5.22248004493758	482.3305	482.3464	22890	25278	Nyctalus leisleri	0.031	0.046	-1	Echolocation	192000	/home/adkris/Documents/mila-human-wav-txt/20220826_070000.WAV	1302	Waveform 1	1
LF	482.6017	24750.0	24960.0	16.425891364416557	482.5875	482.6053	24609	28237	Nyctalus leisleri	0.371	0.449	-1	Echolocation	192000	/home/adkris/Documents/mila-human-wav-txt/20220826_070000.WAV	1303	Waveform 1	1
LF	482.6241	26250.0	25920.0	-7.606169054211134	482.6165	482.6304	25468	29661	Nyctalus leisleri	0.143	0.246	-1	Echolocation	192000	/home/adkris/Documents/mila-human-wav-txt/20220826_070000.WAV	1304	Waveform 1	1
LF	482.9307	23250.0	24000.0	3.106746370476129	482.9175	482.9363	23750	28076	Nyctalus leisleri	0.085	0.171	-1	Echolocation	192000	/home/adkris/Documents/mila-human-wav-txt/20220826_070000.WAV	1305	Waveform 1	1
LF	483.1663	24750.0	24960.0	15.711942964301278	483.1525	483.1707	24609	28777	Nyctalus leisleri	0.325	0.442	-1	Echolocation	192000	/home/adkris/Documents/mila-human-wav-txt/20220826_070000.WAV	1306	Waveform 1	1
LF	483.3485	26250.0	25920.0	6.773375191138545	483.3315	483.3535	24609	28935	Nyctalus leisleri	0.146	0.245	-1	Echolocation	192000	/home/adkris/Documents/mila-human-wav-txt/20220826_070000.WAV	1307	Waveform 1	1
LF	483.47246666666666	24750.0	25920.0	15.840363392388443	483.4565	483.4737	23750	31568	Eptesicus serotinus	0.24	0.504	-1	Echolocation	192000	/home/adkris/Documents/mila-human-wav-txt/20220826_070000.WAV	1308	Waveform 1	1
LF	483.841	26250.0	26880.000000000004	3.485958074561975	483.8315	483.8435	26328	33715	Eptesicus serotinus	0.013	0.029	-1	Echolocation	192000	/home/adkris/Documents/mila-human-wav-txt/20220826_070000.WAV	1309	Waveform 1	1
LF	484.082	25500.0	25920.0	21.04601461108335	484.0685	484.0905	24609	28320	Nyctalus leisleri	0.24	0.322	-1	Echolocation	192000	/home/adkris/Documents/mila-human-wav-txt/20220826_070000.WAV	1310	Waveform 1	1
LF	484.5151	24750.0	24960.0	18.53928852674799	484.5005	484.5249	23750	28281	Nyctalus leisleri	0.233	0.385	-1	Echolocation	192000	/home/adkris/Documents/mila-human-wav-txt/20220826_070000.WAV	1311	Waveform 1	1
LF	485.39343333333335	25500.0	25920.0	22.418874567276035	485.3805	485.3984	24609	28745	Nyctalus leisleri	0.388	0.514	-1	Echolocation	192000	/home/adkris/Documents/mila-human-wav-txt/20220826_070000.WAV	1312	Waveform 1	1
LF	485.70253333333335	26250.0	25920.0	28.010223979121335	485.6915	485.7113	24609	27602	Nyctalus leisleri	0.393	0.449	-1	Echolocation	192000	/home/adkris/Documents/mila-human-wav-txt/20220826_070000.WAV	1313	Waveform 1	1
LF	485.8665	27750.0	26880.000000000004	21.462205172785485	485.8515	485.8685	25468	34505	Eptesicus serotinus	0.276	0.474	-1	Echolocation	192000	/home/adkris/Documents/mila-human-wav-txt/20220826_070000.WAV	1314	Waveform 1	1
LF	486.0190666666667	28500.0	28800.0	10.69453650094844	486.0045	486.0196	26328	36417	Eptesicus serotinus	0.267	0.416	-1	Echolocation	192000	/home/adkris/Documents/mila-human-wav-txt/20220826_070000.WAV	1315	Waveform 1	1
LF	486.28133333333335	25500.0	25920.0	12.68767298775498	486.2685	486.2865	25468	29705	Nyctalus leisleri	0.321	0.457	-1	Echolocation	192000	/home/adkris/Documents/mila-human-wav-txt/20220826_070000.WAV	1316	Waveform 1	1
LF	486.3731666666667	24750.0	25920.0	4.536896834170051	486.3635	486.3765	23750	28636	Nyctalus leisleri	0.182	0.329	-1	Echolocation	192000	/home/adkris/Documents/mila-human-wav-txt/20220826_070000.WAV	1317	Waveform 1	1
LF	486.5788333333333	25500.0	25920.0	21.475144524161223	486.5625	486.5805	25468	29621	Nyctalus leisleri	0.255	0.358	-1	Echolocation	192000	/home/adkris/Documents/mila-human-wav-txt/20220826_070000.WAV	1318	Waveform 1	1
LF	487.0070333333333	25500.0	25920.0	17.656100799764737	486.9925	487.0158	24609	28687	Nyctalus leisleri	0.219	0.329	-1	Echolocation	192000	/home/adkris/Documents/mila-human-wav-txt/20220826_070000.WAV	1319	Waveform 1	1
LF	487.3872	25500.0	25920.0	-1.7146236467739298	487.3765	487.3908	26328	29839	Nyctalus leisleri	0.242	0.33	-1	Echolocation	192000	/home/adkris/Documents/mila-human-wav-txt/20220826_070000.WAV	1320	Waveform 1	1
LF	487.6138666666667	24000.0	24000.0	20.46592782996366	487.5925	487.6218	23750	27803	Nyctalus leisleri	0.121	0.239	-1	Echolocation	192000	/home/adkris/Documents/mila-human-wav-txt/20220826_070000.WAV	1321	Waveform 1	1
LF	487.9105666666667	24750.0	24960.0	34.0380287179441	487.8885	487.9136	23750	27323	Nyctalus leisleri	0.306	0.414	-1	Echolocation	192000	/home/adkris/Documents/mila-human-wav-txt/20220826_070000.WAV	1322	Waveform 1	1
LF	488.16426666666666	25500.0	25920.0	23.89744981554053	488.1575	488.1734	24609	29661	Nyctalus leisleri	0.378	0.539	-1	Echolocation	192000	/home/adkris/Documents/mila-human-wav-txt/20220826_070000.WAV	1323	Waveform 1	1
LF	488.4261333333333	25500.0	24960.0	5.647415226654326	488.4185	488.4347	23750	29193	Nyctalus leisleri	0.234	0.479	-1	Echolocation	192000	/home/adkris/Documents/mila-human-wav-txt/20220826_070000.WAV	1324	Waveform 1	1
LF	488.47093333333333	24000.0	24000.0	7.571350743487228	488.4505	488.4749	23750	27706	Nyctalus leisleri	0.223	0.344	-1	Echolocation	192000	/home/adkris/Documents/mila-human-wav-txt/20220826_070000.WAV	1325	Waveform 1	1
LF	489.2121666666667	25500.0	24000.0	2.2420373452347913	489.2005	489.2185	24609	29009	Nyctalus leisleri	0.218	0.383	-1	Echolocation	192000	/home/adkris/Documents/mila-human-wav-txt/20220826_070000.WAV	1326	Waveform 1	1
LF	489.315	24750.0	24960.0	9.630354256189136	489.3055	489.328	23750	28091	Nyctalus leisleri	0.229	0.357	-1	Echolocation	192000	/home/adkris/Documents/mila-human-wav-txt/20220826_070000.WAV	1327	Waveform 1	1
LF	489.4658666666666	24000.0	24960.0	0.6949844425927538	489.4605	489.4708	23750	29871	Nyctalus leisleri	0.01	0.025	-1	Echolocation	192000	/home/adkris/Documents/mila-human-wav-txt/20220826_070000.WAV	1328	Waveform 1	1
LF	489.55443333333335	26250.0	24960.0	2.9421743121440547	489.5495	489.5649	24609	29186	Nyctalus leisleri	0.076	0.185	-1	Echolocation	192000	/home/adkris/Documents/mila-human-wav-txt/20220826_070000.WAV	1329	Waveform 1	1
LF	489.9814	24750.0	24000.0	3.991010218668328	489.9755	489.9946	22890	26711	Nyctalus leisleri	0.094	0.2	-1	Echolocation	192000	/home/adkris/Documents/mila-human-wav-txt/20220826_070000.WAV	1330	Waveform 1	1
LF	490.8433	24750.0	24960.0	3.43422475306706	490.8335	490.8592	23750	28022	Nyctalus leisleri	0.099	0.192	-1	Echolocation	192000	/home/adkris/Documents/mila-human-wav-txt/20220826_070000.WAV	1331	Waveform 1	1
LF	491.12086666666664	25500.0	24960.0	2.6591775720655746	491.1075	491.1273	24609	28579	Nyctalus leisleri	0.167	0.278	-1	Echolocation	192000	/home/adkris/Documents/mila-human-wav-txt/20220826_070000.WAV	1332	Waveform 1	1
LF	491.5198	26250.0	25920.0	6.851673843237713	491.5135	491.5322	24609	29821	Nyctalus leisleri	0.288	0.501	-1	Echolocation	192000	/home/adkris/Documents/mila-human-wav-txt/20220826_070000.WAV	1333	Waveform 1	1
LF	491.8103	26250.0	25920.0	2.9504382694947444	491.8035	491.8217	24609	28673	Nyctalus leisleri	0.196	0.336	-1	Echolocation	192000	/home/adkris/Documents/mila-human-wav-txt/20220826_070000.WAV	1334	Waveform 1	1
LF	492.1174	25500.0	25920.0	4.916638464938191	492.1045	492.1271	24609	28864	Nyctalus leisleri	0.116	0.215	-1	Echolocation	192000	/home/adkris/Documents/mila-human-wav-txt/20220826_070000.WAV	1335	Waveform 1	1
LF	492.3808666666667	24750.0	25920.0	9.590012208336278	492.3655	492.3833	24609	30264	Nyctalus leisleri	0.172	0.417	-1	Echolocation	192000	/home/adkris/Documents/mila-human-wav-txt/20220826_070000.WAV	1336	Waveform 1	1
LF	492.80443333333335	24000.0	24000.0	2.701946847529588	492.7865	492.8099	24609	28196	Nyctalus leisleri	0.101	0.156	-1	Echolocation	192000	/home/adkris/Documents/mila-human-wav-txt/20220826_070000.WAV	1337	Waveform 1	1
LF	493.0966	25500.0	25920.0	9.700110345477928	493.0775	493.0974	24609	28700	Nyctalus leisleri	0.293	0.436	-1	Echolocation	192000	/home/adkris/Documents/mila-human-wav-txt/20220826_070000.WAV	1338	Waveform 1	1
LF	493.22683333333333	27000.0	26880.000000000004	3.8540636784844744	493.2225	493.235	25468	31069	Nyctalus leisleri	0.109	0.247	-1	Echolocation	192000	/home/adkris/Documents/mila-human-wav-txt/20220826_070000.WAV	1339	Waveform 1	1
LF	493.63	25500.0	24960.0	3.5413612876139515	493.6155	493.633	23750	27947	Nyctalus leisleri	0.128	0.248	-1	Echolocation	192000	/home/adkris/Documents/mila-human-wav-txt/20220826_070000.WAV	1340	Waveform 1	1
LF	493.8002666666667	27000.0	26880.000000000004	3.0446127162629115	493.7885	493.8064	25468	29658	Nyctalus leisleri	0.116	0.23	-1	Echolocation	192000	/home/adkris/Documents/mila-human-wav-txt/20220826_070000.WAV	1341	Waveform 1	1
LF	494.24833333333333	24750.0	24960.0	10.167937649629978	494.2355	494.257	23750	28007	Nyctalus noctula	0.069	0.203	-1	Echolocation	192000	/home/adkris/Documents/mila-human-wav-txt/20220826_070000.WAV	1342	Waveform 1	1
LF	494.42766666666665	25500.0	25920.0	2.8684341130326936	494.4115	494.4285	24609	30028	Nyctalus leisleri	0.015	0.037	-1	Echolocation	192000	/home/adkris/Documents/mila-human-wav-txt/20220826_070000.WAV	1343	Waveform 1	1
LF	494.68763333333334	24750.0	25920.0	4.036699394588447	494.6765	494.6892	24609	29395	Nyctalus leisleri	0.139	0.314	-1	Echolocation	192000	/home/adkris/Documents/mila-human-wav-txt/20220826_070000.WAV	1344	Waveform 1	1
LF	496.7502	24750.0	24960.0	4.907165237888813	496.7405	496.7558	24609	28016	Nyctalus leisleri	0.278	0.403	-1	Echolocation	192000	/home/adkris/Documents/mila-human-wav-txt/20220826_070000.WAV	1345	Waveform 1	1
HF	521.3285	50250.0	52800.00000000001	3.5559509390102995	521.3215	521.329	49531	58889	Pipistrellus pipistrellus	0.023	0.029	-1	Echolocation	192000	/home/adkris/Documents/mila-human-wav-txt/20220826_070000.WAV	1346	Waveform 1	1
HF	521.3964	49500.0	48960.0	2.8769308937936886	521.3925	521.3996	48671	59888	Pipistrellus pipistrellus	0.173	0.197	-1	Echolocation	192000	/home/adkris/Documents/mila-human-wav-txt/20220826_070000.WAV	1347	Waveform 1	1
HF	521.4559666666667	52500.0	52800.00000000001	2.3076915272787843	521.4525	521.4577	48671	57752	Pipistrellus pipistrellus	0.043	0.047	-1	Echolocation	192000	/home/adkris/Documents/mila-human-wav-txt/20220826_070000.WAV	1348	Waveform 1	1
HF	521.6326666666666	48750.0	48960.0	2.46245234289253	521.6295	521.635	38359	71429	Myotis mystacinus	0.008	0.025	-1	Echolocation	192000	/home/adkris/Documents/mila-human-wav-txt/20220826_070000.WAV	1349	Waveform 1	1
HF	521.6888	52500.0	51840.0	1.646658878488024	521.6865	521.6917	50390	59437	Pipistrellus pipistrellus	0.025	0.029	-1	Echolocation	192000	/home/adkris/Documents/mila-human-wav-txt/20220826_070000.WAV	1350	Waveform 1	1
HF	521.7382666666666	54750.0	54719.99999999999	2.6901830387466914	521.7355	521.7414	50390	61081	Pipistrellus pipistrellus	0.184	0.277	-1	Echolocation	192000	/home/adkris/Documents/mila-human-wav-txt/20220826_070000.WAV	1351	Waveform 1	1
HF	521.805	51000.0	50880.0	7.388735187753045	521.8025	521.8075	49531	60913	Pipistrellus pipistrellus	0.234	0.258	-1	Echolocation	192000	/home/adkris/Documents/mila-human-wav-txt/20220826_070000.WAV	1352	Waveform 1	1
HF	521.8725	51750.0	50880.0	3.2890725862010366	521.8685	521.8755	47812	62230	Pipistrellus pipistrellus	0.023	0.047	-1	Echolocation	192000	/home/adkris/Documents/mila-human-wav-txt/20220826_070000.WAV	1353	Waveform 1	1
HF	521.9173333333333	43500.0	44160.0	0.4354292497976811	521.9115	521.9225	43515	45687	Pipistrellus pipistrellus	0.026	0.032	-1	Echolocation	192000	/home/adkris/Documents/mila-human-wav-txt/20220826_070000.WAV	1354	Waveform 1	1
HF	521.9780666666667	49500.0	49920.0	8.444531951811593	521.9745	521.9796	47812	64172	Pipistrellus pipistrellus	0.254	0.402	-1	Echolocation	192000	/home/adkris/Documents/mila-human-wav-txt/20220826_070000.WAV	1355	Waveform 1	1
HF	522.1294	48750.0	48960.0	5.930718705609092	522.1255	522.1326	46093	58000	Pipistrellus pipistrellus	0.239	0.282	-1	Echolocation	192000	/home/adkris/Documents/mila-human-wav-txt/20220826_070000.WAV	1356	Waveform 1	1
HF	522.2934333333334	50250.0	49920.0	5.10877598356292	522.2905	522.2974	48671	55396	Pipistrellus pipistrellus	0.401	0.475	-1	Echolocation	192000	/home/adkris/Documents/mila-human-wav-txt/20220826_070000.WAV	1357	Waveform 1	1
HF	522.3718666666666	48000.0	48960.0	1.652296757417687	522.3685	522.3738	34921	74786	Myotis bechsteinii	0.01	0.029	-1	Echolocation	192000	/home/adkris/Documents/mila-human-wav-txt/20220826_070000.WAV	1358	Waveform 1	1
HF	522.7196333333334	48750.0	48000.0	5.405644590918941	522.7165	522.7232	47812	53315	Pipistrellus pipistrellus	0.288	0.305	-1	Echolocation	192000	/home/adkris/Documents/mila-human-wav-txt/20220826_070000.WAV	1359	Waveform 1	1
HF	529.5305333333333	52500.0	49920.0	3.2029601754157766	529.5275	529.5343	35781	61628	Myotis mystacinus	0.007	0.023	-1	Echolocation	192000	/home/adkris/Documents/mila-human-wav-txt/20220826_070000.WAV	1360	Waveform 1	1
HF	529.7932	53250.0	49920.0	4.980674080487821	529.7905	529.7953	47812	56585	Pipistrellus pipistrellus	0.331	0.352	-1	Echolocation	192000	/home/adkris/Documents/mila-human-wav-txt/20220826_070000.WAV	1361	Waveform 1	1
HF	529.8493	53250.0	52800.00000000001	9.783514913229563	529.8465	529.8512	49531	59749	Pipistrellus pipistrellus	0.431	0.506	-1	Echolocation	192000	/home/adkris/Documents/mila-human-wav-txt/20220826_070000.WAV	1362	Waveform 1	1
HF	530.0827333333333	52500.0	56640.0	2.6899006397040273	530.0805	530.0846	48671	60621	Pipistrellus pipistrellus	0.132	0.17	-1	Echolocation	192000	/home/adkris/Documents/mila-human-wav-txt/20220826_070000.WAV	1363	Waveform 1	1
HF	530.1436	56250.0	53760.00000000001	8.852568294552476	530.1415	530.1469	46953	61670	Pipistrellus pipistrellus	0.145	0.218	-1	Echolocation	192000	/home/adkris/Documents/mila-human-wav-txt/20220826_070000.WAV	1364	Waveform 1	1
HF	530.2703666666666	55500.0	55679.99999999999	5.854580484891626	530.2675	530.2733	50390	58902	Pipistrellus pipistrellus	0.223	0.317	-1	Echolocation	192000	/home/adkris/Documents/mila-human-wav-txt/20220826_070000.WAV	1365	Waveform 1	1
HF	530.3321666666667	55500.0	55679.99999999999	2.5165658486641886	530.3305	530.3375	55546	62981	Pipistrellus pygmaeus	0.024	0.025	-1	Echolocation	192000	/home/adkris/Documents/mila-human-wav-txt/20220826_070000.WAV	1366	Waveform 1	1
HF	530.4626666666667	48750.0	51840.0	2.408967568924401	530.4595	530.465	47812	62862	Pipistrellus pipistrellus	0.043	0.076	-1	Echolocation	192000	/home/adkris/Documents/mila-human-wav-txt/20220826_070000.WAV	1367	Waveform 1	1
HF	530.6016666666667	56250.0	54719.99999999999	8.771326243610487	530.5995	530.606	46093	62783	Pipistrellus pipistrellus	0.254	0.512	-1	Echolocation	192000	/home/adkris/Documents/mila-human-wav-txt/20220826_070000.WAV	1368	Waveform 1	1
HF	530.6788333333334	54750.0	54719.99999999999	5.227354817096249	530.6755	530.682	50390	59330	Pipistrellus pipistrellus	0.236	0.301	-1	Echolocation	192000	/home/adkris/Documents/mila-human-wav-txt/20220826_070000.WAV	1369	Waveform 1	1
HF	530.7562	52500.0	52800.00000000001	8.664346972330506	530.7525	530.7598	47812	65462	Pipistrellus pipistrellus	0.259	0.45	-1	Echolocation	192000	/home/adkris/Documents/mila-human-wav-txt/20220826_070000.WAV	1370	Waveform 1	1
LF	536.8704666666666	25500.0	25920.0	5.433555398728787	536.8625	536.8772	24609	29408	Nyctalus leisleri	0.398	0.601	-1	Echolocation	192000	/home/adkris/Documents/mila-human-wav-txt/20220826_070000.WAV	1371	Waveform 1	1
LF	537.0359333333333	25500.0	25920.0	0.590907970275923	537.0225	537.0434	25468	28756	Nyctalus leisleri	0.122	0.185	-1	Echolocation	192000	/home/adkris/Documents/mila-human-wav-txt/20220826_070000.WAV	1372	Waveform 1	1
LF	537.7989	25500.0	24960.0	2.506546259528382	537.7945	537.8081	24609	28892	Nyctalus leisleri	0.123	0.281	-1	Echolocation	192000	/home/adkris/Documents/mila-human-wav-txt/20220826_070000.WAV	1373	Waveform 1	1
LF	538.4824666666667	25500.0	25920.0	6.000791028305601	538.4755	538.4877	24609	29307	Nyctalus leisleri	0.398	0.587	-1	Echolocation	192000	/home/adkris/Documents/mila-human-wav-txt/20220826_070000.WAV	1374	Waveform 1	1
LF	539.1697333333333	24750.0	24960.0	3.666345240069027	539.1625	539.1756	24609	29004	Nyctalus leisleri	0.153	0.317	-1	Echolocation	192000	/home/adkris/Documents/mila-human-wav-txt/20220826_070000.WAV	1375	Waveform 1	1
LF	539.3271666666667	25500.0	25920.0	2.9346992193719683	539.3195	539.3345	24609	28288	Nyctalus leisleri	0.289	0.423	-1	Echolocation	192000	/home/adkris/Documents/mila-human-wav-txt/20220826_070000.WAV	1376	Waveform 1	1
LF	540.2825333333334	26250.0	25920.0	11.32422158768988	540.2755	540.2888	24609	30234	Nyctalus leisleri	0.454	0.654	-1	Echolocation	192000	/home/adkris/Documents/mila-human-wav-txt/20220826_070000.WAV	1377	Waveform 1	1
LF	540.7086666666667	24750.0	24960.0	3.334280153468654	540.6995	540.7165	23750	28102	Nyctalus leisleri	0.233	0.396	-1	Echolocation	192000	/home/adkris/Documents/mila-human-wav-txt/20220826_070000.WAV	1378	Waveform 1	1
LF	540.9915	25500.0	25920.0	14.62793646391553	540.9785	540.994	24609	29470	Nyctalus leisleri	0.328	0.583	-1	Echolocation	192000	/home/adkris/Documents/mila-human-wav-txt/20220826_070000.WAV	1379	Waveform 1	1
LF	541.5784333333334	24750.0	24960.0	1.6095626121431392	541.5695	541.5879	24609	27709	Nyctalus leisleri	0.124	0.215	-1	Echolocation	192000	/home/adkris/Documents/mila-human-wav-txt/20220826_070000.WAV	1380	Waveform 1	1
LF	542.7151666666666	25500.0	25920.0	4.972122020331912	542.7075	542.719	24609	29787	Nyctalus leisleri	0.188	0.403	-1	Echolocation	192000	/home/adkris/Documents/mila-human-wav-txt/20220826_070000.WAV	1381	Waveform 1	1
LF	542.9859666666666	25500.0	24000.0	2.226822393538651	542.9745	542.9927	23750	28614	Nyctalus leisleri	0.099	0.23	-1	Echolocation	192000	/home/adkris/Documents/mila-human-wav-txt/20220826_070000.WAV	1382	Waveform 1	1
LF	543.2571333333333	26250.0	25920.0	9.765835276908843	543.2495	543.2657	24609	30168	Nyctalus leisleri	0.248	0.463	-1	Echolocation	192000	/home/adkris/Documents/mila-human-wav-txt/20220826_070000.WAV	1383	Waveform 1	1
LF	543.5329	25500.0	25920.0	2.5433411263830212	543.5245	543.5411	25468	29269	Nyctalus leisleri	0.248	0.353	-1	Echolocation	192000	/home/adkris/Documents/mila-human-wav-txt/20220826_070000.WAV	1384	Waveform 1	1
LF	543.6806333333334	26250.0	25920.0	11.890252301741654	543.6725	543.6882	24609	30643	Nyctalus leisleri	0.312	0.588	-1	Echolocation	192000	/home/adkris/Documents/mila-human-wav-txt/20220826_070000.WAV	1385	Waveform 1	1
LF	544.4114666666667	27000.0	25920.0	12.158075155916055	544.4075	544.4227	24609	28529	Nyctalus leisleri	0.339	0.469	-1	Echolocation	192000	/home/adkris/Documents/mila-human-wav-txt/20220826_070000.WAV	1386	Waveform 1	1
LF	544.846	25500.0	25920.0	18.057107555453857	544.8345	544.8515	24609	29004	Nyctalus leisleri	0.344	0.543	-1	Echolocation	192000	/home/adkris/Documents/mila-human-wav-txt/20220826_070000.WAV	1387	Waveform 1	1
LF	545.1309666666667	25500.0	24960.0	4.51533733463324	545.1185	545.1392	24609	28656	Nyctalus leisleri	0.271	0.427	-1	Echolocation	192000	/home/adkris/Documents/mila-human-wav-txt/20220826_070000.WAV	1388	Waveform 1	1
LF	545.4084	26250.0	25920.0	14.07642404766101	545.4015	545.4196	23750	29626	Nyctalus leisleri	0.246	0.526	-1	Echolocation	192000	/home/adkris/Documents/mila-human-wav-txt/20220826_070000.WAV	1389	Waveform 1	1
LF	545.7064333333333	24750.0	24960.0	9.011806427456346	545.6945	545.7099	23750	29361	Nyctalus leisleri	0.261	0.523	-1	Echolocation	192000	/home/adkris/Documents/mila-human-wav-txt/20220826_070000.WAV	1390	Waveform 1	1
LF	545.9773333333334	24750.0	24960.0	4.3089758243861995	545.9675	545.985	23750	28470	Nyctalus leisleri	0.201	0.342	-1	Echolocation	192000	/home/adkris/Documents/mila-human-wav-txt/20220826_070000.WAV	1391	Waveform 1	1
LF	546.0972666666667	24750.0	24960.0	1.8313705026962703	546.0885	546.1024	25468	29707	Nyctalus leisleri	0.176	0.328	-1	Echolocation	192000	/home/adkris/Documents/mila-human-wav-txt/20220826_070000.WAV	1392	Waveform 1	1
LF	546.3776333333333	26250.0	25920.0	10.511129114487725	546.3715	546.3857	24609	28526	Nyctalus leisleri	0.388	0.522	-1	Echolocation	192000	/home/adkris/Documents/mila-human-wav-txt/20220826_070000.WAV	1393	Waveform 1	1
LF	546.6653666666666	24750.0	24000.0	3.683402393189575	546.6565	546.6738	23750	28587	Nyctalus leisleri	0.238	0.42	-1	Echolocation	192000	/home/adkris/Documents/mila-human-wav-txt/20220826_070000.WAV	1394	Waveform 1	1
LF	546.9298	26250.0	25920.0	12.821155514030076	546.9235	546.9387	24609	29728	Nyctalus leisleri	0.322	0.515	-1	Echolocation	192000	/home/adkris/Documents/mila-human-wav-txt/20220826_070000.WAV	1395	Waveform 1	1
LF	547.1075333333333	24750.0	25920.0	10.102230708922498	547.0975	547.1113	24609	29282	Nyctalus leisleri	0.169	0.371	-1	Echolocation	192000	/home/adkris/Documents/mila-human-wav-txt/20220826_070000.WAV	1396	Waveform 1	1
LF	547.3812666666666	25500.0	25920.0	3.774229932819422	547.3735	547.3884	24609	28102	Nyctalus leisleri	0.355	0.489	-1	Echolocation	192000	/home/adkris/Documents/mila-human-wav-txt/20220826_070000.WAV	1397	Waveform 1	1
LF	547.8041666666667	24750.0	25920.0	11.328519937110793	547.7915	547.8085	24609	29391	Nyctalus leisleri	0.287	0.42	-1	Echolocation	192000	/home/adkris/Documents/mila-human-wav-txt/20220826_070000.WAV	1398	Waveform 1	1
LF	547.8398333333333	24750.0	24960.0	1.348409530878054	547.8345	547.846	23750	28795	Nyctalus leisleri	0.017	0.033	-1	Echolocation	192000	/home/adkris/Documents/mila-human-wav-txt/20220826_070000.WAV	1399	Waveform 1	1
LF	548.2189333333333	24000.0	24960.0	3.3985489260527872	548.2085	548.2254	23750	28794	Nyctalus leisleri	0.199	0.358	-1	Echolocation	192000	/home/adkris/Documents/mila-human-wav-txt/20220826_070000.WAV	1400	Waveform 1	1
LF	548.3170333333334	24750.0	24960.0	2.466270380974532	548.3115	548.3298	23750	27399	Nyctalus leisleri	0.178	0.29	-1	Echolocation	192000	/home/adkris/Documents/mila-human-wav-txt/20220826_070000.WAV	1401	Waveform 1	1
LF	548.7924333333333	25500.0	25920.0	5.990658200159996	548.7855	548.8024	24609	29256	Nyctalus leisleri	0.098	0.208	-1	Echolocation	192000	/home/adkris/Documents/mila-human-wav-txt/20220826_070000.WAV	1402	Waveform 1	1
LF	549.0996666666666	24000.0	24960.0	2.8765045318711606	549.0845	549.1095	23750	28274	Nyctalus leisleri	0.114	0.222	-1	Echolocation	192000	/home/adkris/Documents/mila-human-wav-txt/20220826_070000.WAV	1403	Waveform 1	1
LF	549.3941666666667	24750.0	24960.0	12.034009806278153	549.3785	549.396	24609	29959	Nyctalus leisleri	0.24	0.419	-1	Echolocation	192000	/home/adkris/Documents/mila-human-wav-txt/20220826_070000.WAV	1404	Waveform 1	1
LF	549.6818333333333	24750.0	24960.0	8.583399871414494	549.6725	549.6905	24609	28203	Nyctalus leisleri	0.277	0.366	-1	Echolocation	192000	/home/adkris/Documents/mila-human-wav-txt/20220826_070000.WAV	1405	Waveform 1	1
LF	549.8578333333334	24750.0	24960.0	7.57372737535333	549.8455	549.864	23750	28526	Nyctalus leisleri	0.241	0.399	-1	Echolocation	192000	/home/adkris/Documents/mila-human-wav-txt/20220826_070000.WAV	1406	Waveform 1	1
LF	550.1079333333333	24750.0	25920.0	6.229152840821723	550.0965	550.1159	24609	28200	Nyctalus leisleri	0.18	0.288	-1	Echolocation	192000	/home/adkris/Documents/mila-human-wav-txt/20220826_070000.WAV	1407	Waveform 1	1
LF	550.4598666666667	24750.0	24960.0	6.90796603273223	550.4445	550.4658	23750	27456	Nyctalus leisleri	0.158	0.318	-1	Echolocation	192000	/home/adkris/Documents/mila-human-wav-txt/20220826_070000.WAV	1408	Waveform 1	1
LF	550.7602333333333	24000.0	24000.0	2.4297523891708668	550.7485	550.7676	23750	26582	Nyctalus leisleri	0.067	0.123	-1	Echolocation	192000	/home/adkris/Documents/mila-human-wav-txt/20220826_070000.WAV	1409	Waveform 1	1
LF	550.8858	26250.0	25920.0	5.693719121686881	550.8795	550.8947000000001	24609	28759	Nyctalus leisleri	0.265	0.455	-1	Echolocation	192000	/home/adkris/Documents/mila-human-wav-txt/20220826_070000.WAV	1410	Waveform 1	1
LF	551.0694666666667	24000.0	24960.0	8.687776249441633	551.0525	551.0722	23750	26976	Nyctalus leisleri	0.324	0.383	-1	Echolocation	192000	/home/adkris/Documents/mila-human-wav-txt/20220826_070000.WAV	1411	Waveform 1	1
LF	551.2489	24000.0	24960.0	5.813085531113368	551.2245	551.2496	24609	28893	Nyctalus leisleri	0.113	0.214	-1	Echolocation	192000	/home/adkris/Documents/mila-human-wav-txt/20220826_070000.WAV	1412	Waveform 1	1
LF	551.322	26250.0	25920.0	6.80654499493728	551.3145	551.332	24609	28448	Nyctalus leisleri	0.073	0.153	-1	Echolocation	192000	/home/adkris/Documents/mila-human-wav-txt/20220826_070000.WAV	1413	Waveform 1	1
LF	552.0058	24000.0	24000.0	-1.7463104451414693	552.0015	552.0117	21171	25616	Nyctalus leisleri	0.017	0.034	-1	Echolocation	192000	/home/adkris/Documents/mila-human-wav-txt/20220826_070000.WAV	1414	Waveform 1	1
LF	552.6042666666667	24000.0	24960.0	7.216218912811322	552.5895	552.6149	23750	27579	Nyctalus leisleri	0.23	0.297	-1	Echolocation	192000	/home/adkris/Documents/mila-human-wav-txt/20220826_070000.WAV	1415	Waveform 1	1
LF	553.3577333333334	24750.0	24960.0	5.628336088244584	553.3455	553.3676	23750	28264	Nyctalus leisleri	0.176	0.295	-1	Echolocation	192000	/home/adkris/Documents/mila-human-wav-txt/20220826_070000.WAV	1416	Waveform 1	1
LF	553.4602333333333	24750.0	24960.0	2.7250523676206813	553.4445	553.4666	24609	29233	Nyctalus leisleri	0.064	0.143	-1	Echolocation	192000	/home/adkris/Documents/mila-human-wav-txt/20220826_070000.WAV	1417	Waveform 1	1
LF	554.0638	24000.0	24000.0	0.9465980554947532	554.0485	554.0687	23750	27772	Nyctalus leisleri	0.112	0.19	-1	Echolocation	192000	/home/adkris/Documents/mila-human-wav-txt/20220826_070000.WAV	1418	Waveform 1	1
LF	554.5625333333334	24000.0	24000.0	3.67689997390268	554.5555	554.5758	23750	27752	Nyctalus leisleri	0.051	0.144	-1	Echolocation	192000	/home/adkris/Documents/mila-human-wav-txt/20220826_070000.WAV	1419	Waveform 1	1
LF	554.7349666666667	25500.0	25920.0	3.956911753943793	554.7265	554.7442	24609	28362	Nyctalus leisleri	0.123	0.251	-1	Echolocation	192000	/home/adkris/Documents/mila-human-wav-txt/20220826_070000.WAV	1420	Waveform 1	1
LF	555.0046333333333	24000.0	24000.0	3.549046646809224	554.9945	555.0152	23750	27952	Nyctalus leisleri	0.105	0.202	-1	Echolocation	192000	/home/adkris/Documents/mila-human-wav-txt/20220826_070000.WAV	1421	Waveform 1	1
LF	555.1799	24750.0	24960.0	3.798046092249922	555.1695	555.1911	23750	27944	Nyctalus leisleri	0.09	0.215	-1	Echolocation	192000	/home/adkris/Documents/mila-human-wav-txt/20220826_070000.WAV	1422	Waveform 1	1
LF	555.6802	25500.0	24960.0	4.975519266401345	555.6755	555.6888	24609	28171	Nyctalus leisleri	0.117	0.265	-1	Echolocation	192000	/home/adkris/Documents/mila-human-wav-txt/20220826_070000.WAV	1423	Waveform 1	1
LF	556.3798666666667	24750.0	24960.0	4.546408051319833	556.3695	556.3853	23750	28477	Nyctalus leisleri	0.119	0.261	-1	Echolocation	192000	/home/adkris/Documents/mila-human-wav-txt/20220826_070000.WAV	1424	Waveform 1	1
LF	556.661	26250.0	25920.0	6.633088639644534	556.6545	556.666	25468	30573	Nyctalus leisleri	0.149	0.332	-1	Echolocation	192000	/home/adkris/Documents/mila-human-wav-txt/20220826_070000.WAV	1425	Waveform 1	1
LF	557.2156666666667	26250.0	24960.0	4.843536635075032	557.2105	557.2245	24609	29021	Nyctalus leisleri	0.294	0.428	-1	Echolocation	192000	/home/adkris/Documents/mila-human-wav-txt/20220826_070000.WAV	1426	Waveform 1	1
LF	559.1000333333334	23250.0	24000.0	1.5495928010016866	559.0915	559.1103	22890	26413	Nyctalus leisleri	0.035	0.079	-1	Echolocation	192000	/home/adkris/Documents/mila-human-wav-txt/20220826_070000.WAV	1427	Waveform 1	1
LF	562.3665666666667	24750.0	24960.0	3.5451630236440574	562.3575	562.3711	23750	28577	Nyctalus leisleri	0.466	0.614	-1	Echolocation	192000	/home/adkris/Documents/mila-human-wav-txt/20220826_070000.WAV	1428	Waveform 1	1
LF	563.1475666666666	24000.0	24000.0	-1.2232775167118448	563.1335	563.1526	23750	28240	Nyctalus leisleri	0.189	0.364	-1	Echolocation	192000	/home/adkris/Documents/mila-human-wav-txt/20220826_070000.WAV	1429	Waveform 1	1
LF	563.9101333333333	24750.0	24960.0	2.6751887026333785	563.9014999999999	563.9202	23750	27730	Nyctalus leisleri	0.151	0.242	-1	Echolocation	192000	/home/adkris/Documents/mila-human-wav-txt/20220826_070000.WAV	1430	Waveform 1	1
LF	564.8496	24000.0	24000.0	3.2216707867129313	564.8315	564.8524	23750	27480	Nyctalus leisleri	0.035	0.073	-1	Echolocation	192000	/home/adkris/Documents/mila-human-wav-txt/20220826_070000.WAV	1431	Waveform 1	1
LF	565.5346333333333	24000.0	24000.0	1.8490559211263475	565.5295	565.5482	22890	25914	Nyctalus leisleri	0.159	0.238	-1	Echolocation	192000	/home/adkris/Documents/mila-human-wav-txt/20220826_070000.WAV	1432	Waveform 1	1
LF	565.9461	24000.0	24000.0	2.1588975850796053	565.9345	565.9549	23750	27829	Nyctalus leisleri	0.113	0.198	-1	Echolocation	192000	/home/adkris/Documents/mila-human-wav-txt/20220826_070000.WAV	1433	Waveform 1	1
LF	566.3406333333334	23250.0	24000.0	3.219714834328968	566.3315	566.3497	22890	26666	Nyctalus leisleri	0.287	0.376	-1	Echolocation	192000	/home/adkris/Documents/mila-human-wav-txt/20220826_070000.WAV	1434	Waveform 1	1
LF	566.61	24000.0	24000.0	6.157687198447411	566.5995	566.6175	23750	27100	Nyctalus leisleri	0.431	0.509	-1	Echolocation	192000	/home/adkris/Documents/mila-human-wav-txt/20220826_070000.WAV	1435	Waveform 1	1
LF	568.3367333333333	23250.0	23040.0	0.7473858993431548	568.3215	568.3406	22890	28020	Nyctalus leisleri	0.23	0.411	-1	Echolocation	192000	/home/adkris/Documents/mila-human-wav-txt/20220826_070000.WAV	1436	Waveform 1	1
HF	573.6446666666667	53250.0	52800.00000000001	3.293672547330707	573.6415	573.647	49531	61423	Pipistrellus pipistrellus	0.286	0.323	-1	Echolocation	192000	/home/adkris/Documents/mila-human-wav-txt/20220826_070000.WAV	1437	Waveform 1	1
HF	573.8728	52500.0	49920.0	3.797100267713869	573.8705	573.8757	47812	54327	Pipistrellus pipistrellus	0.109	0.114	-1	Echolocation	192000	/home/adkris/Documents/mila-human-wav-txt/20220826_070000.WAV	1438	Waveform 1	1
HF	573.9799	51750.0	49920.0	9.046747276574282	573.9775	573.9826	48671	61317	Pipistrellus pipistrellus	0.507	0.546	-1	Echolocation	192000	/home/adkris/Documents/mila-human-wav-txt/20220826_070000.WAV	1439	Waveform 1	1
HF	574.047	49500.0	52800.00000000001	5.27289918623765	574.0445	574.0495	47812	57387	Pipistrellus pipistrellus	0.314	0.331	-1	Echolocation	192000	/home/adkris/Documents/mila-human-wav-txt/20220826_070000.WAV	1440	Waveform 1	1
HF	574.1348	51750.0	51840.0	4.779533843625494	574.1325	574.1377	46093	55974	Pipistrellus pipistrellus	0.298	0.312	-1	Echolocation	192000	/home/adkris/Documents/mila-human-wav-txt/20220826_070000.WAV	1441	Waveform 1	1
HF	574.2173	55500.0	48960.0	7.169396363133147	574.2155	574.2212	34062	66215	Myotis brandtii	0.01	0.03	-1	Echolocation	192000	/home/adkris/Documents/mila-human-wav-txt/20220826_070000.WAV	1442	Waveform 1	1
HF	574.3035333333333	54750.0	54719.99999999999	5.267106817548514	574.3015	574.3058	48671	57668	Pipistrellus pipistrellus	0.116	0.135	-1	Echolocation	192000	/home/adkris/Documents/mila-human-wav-txt/20220826_070000.WAV	1443	Waveform 1	1
HF	603.6153	48750.0	48960.0	6.4088161761098394	603.6125	603.6172	47812	57483	Pipistrellus pipistrellus	0.425	0.44	-1	Echolocation	192000	/home/adkris/Documents/mila-human-wav-txt/20220826_070000.WAV	1444	Waveform 1	1
HF	603.6819	53250.0	54719.99999999999	7.744365490059088	603.6795	603.6846	48671	60132	Pipistrellus pipistrellus	0.469	0.534	-1	Echolocation	192000	/home/adkris/Documents/mila-human-wav-txt/20220826_070000.WAV	1445	Waveform 1	1
HF	604.0535666666667	50250.0	48960.0	10.870119283999117	604.0505	604.0561	47812	56890	Pipistrellus pipistrellus	0.512	0.564	-1	Echolocation	192000	/home/adkris/Documents/mila-human-wav-txt/20220826_070000.WAV	1446	Waveform 1	1
HF	604.1227666666666	48000.0	48000.0	3.6802063807962377	604.1195	604.1249	46093	57561	Pipistrellus pipistrellus	0.222	0.243	-1	Echolocation	192000	/home/adkris/Documents/mila-human-wav-txt/20220826_070000.WAV	1447	Waveform 1	1
HF	604.1779	58500.0	58560.0	0.3457262390245518	604.1745	604.1821	58125	63500	Pipistrellus pygmaeus	0.024	0.024	-1	Echolocation	192000	/home/adkris/Documents/mila-human-wav-txt/20220826_070000.WAV	1448	Waveform 1	1
HF	604.2515666666667	50250.0	49920.0	12.14405798882686	604.2485	604.2541	47812	60357	Pipistrellus pipistrellus	0.533	0.568	-1	Echolocation	192000	/home/adkris/Documents/mila-human-wav-txt/20220826_070000.WAV	1449	Waveform 1	1
HF	604.4284666666666	52500.0	52800.00000000001	11.78288464548742	604.4255	604.4312	48671	60336	Pipistrellus pipistrellus	0.493	0.565	-1	Echolocation	192000	/home/adkris/Documents/mila-human-wav-txt/20220826_070000.WAV	1450	Waveform 1	1
HF	604.6196333333334	57750.0	62400.0	0.4596099887208484	604.6165	604.6232	57265	64609	Pipistrellus pygmaeus	0.022	0.023	-1	Echolocation	192000	/home/adkris/Documents/mila-human-wav-txt/20220826_070000.WAV	1451	Waveform 1	1
HF	604.7038666666666	48750.0	48960.0	8.143231808534612	604.7005	604.7058	46093	59225	Pipistrellus pipistrellus	0.51	0.569	-1	Echolocation	192000	/home/adkris/Documents/mila-human-wav-txt/20220826_070000.WAV	1452	Waveform 1	1
HF	604.7881333333333	50250.0	49920.0	13.253453761760165	604.7845	604.7907	48671	62769	Pipistrellus pipistrellus	0.528	0.596	-1	Echolocation	192000	/home/adkris/Documents/mila-human-wav-txt/20220826_070000.WAV	1453	Waveform 1	1
HF	604.8755333333334	56250.0	55679.99999999999	9.331757760787331	604.8745	604.8798	45234	65023	Pipistrellus pipistrellus	0.243	0.449	-1	Echolocation	192000	/home/adkris/Documents/mila-human-wav-txt/20220826_070000.WAV	1454	Waveform 1	1
HF	604.9626666666667	55500.0	55679.99999999999	5.973781756075849	604.9605	604.967	47812	60336	Pipistrellus pipistrellus	0.353	0.421	-1	Echolocation	192000	/home/adkris/Documents/mila-human-wav-txt/20220826_070000.WAV	1455	Waveform 1	1
HF	605.0469	51750.0	48960.0	12.961992186062048	605.0435	605.0511	46953	63677	Pipistrellus pipistrellus	0.458	0.643	-1	Echolocation	192000	/home/adkris/Documents/mila-human-wav-txt/20220826_070000.WAV	1456	Waveform 1	1
HF	605.1278666666667	50250.0	48960.0	17.00143041568029	605.1245	605.1298	46953	63306	Pipistrellus pipistrellus	0.574	0.678	-1	Echolocation	192000	/home/adkris/Documents/mila-human-wav-txt/20220826_070000.WAV	1457	Waveform 1	1
HF	605.2143333333333	57000.0	55679.99999999999	11.411971081334098	605.2105	605.2165	57265	66630	Pipistrellus pygmaeus	0.061	0.065	-1	Echolocation	192000	/home/adkris/Documents/mila-human-wav-txt/20220826_070000.WAV	1458	Waveform 1	1
HF	605.4523666666666	48750.0	48960.0	6.96425723258561	605.4475	605.4548	47812	61393	Pipistrellus pipistrellus	0.534	0.642	-1	Echolocation	192000	/home/adkris/Documents/mila-human-wav-txt/20220826_070000.WAV	1459	Waveform 1	1
HF	605.5179666666667	52500.0	53760.00000000001	13.862533301386115	605.5145	605.5197000000001	50390	57671	Pipistrellus pipistrellus	0.301	0.403	-1	Echolocation	192000	/home/adkris/Documents/mila-human-wav-txt/20220826_070000.WAV	1460	Waveform 1	1
HF	605.5860666666666	51000.0	54719.99999999999	6.680169143481445	605.5835	605.5896	34062	65119	Myotis daubentonii	0.012	0.03	-1	Echolocation	192000	/home/adkris/Documents/mila-human-wav-txt/20220826_070000.WAV	1461	Waveform 1	1
HF	605.6514999999999	48750.0	48960.0	3.73281971486635	605.6495	605.655	48671	58499	Pipistrellus pipistrellus	0.404	0.423	-1	Echolocation	192000	/home/adkris/Documents/mila-human-wav-txt/20220826_070000.WAV	1462	Waveform 1	1
HF	605.6909	50250.0	49920.0	4.641587378790126	605.6885	605.6936	49531	59702	Pipistrellus pipistrellus	0.408	0.443	-1	Echolocation	192000	/home/adkris/Documents/mila-human-wav-txt/20220826_070000.WAV	1463	Waveform 1	1
HF	606.4448666666667	48000.0	47040.0	-0.0568071215029464	606.4395	606.4463	28046	49179	Myotis nattereri	0.006	0.022	-1	Echolocation	192000	/home/adkris/Documents/mila-human-wav-txt/20220826_070000.WAV	1464	Waveform 1	1
LF	614.4584333333333	25500.0	25920.0	3.1742611682721704	614.4525	614.4704	24609	28443	Nyctalus leisleri	0.307	0.455	-1	Echolocation	192000	/home/adkris/Documents/mila-human-wav-txt/20220826_070000.WAV	1465	Waveform 1	1
LF	616.5937666666666	26250.0	25920.0	3.825148270897338	616.5865	616.6019	24609	29793	Nyctalus leisleri	0.25	0.498	-1	Echolocation	192000	/home/adkris/Documents/mila-human-wav-txt/20220826_070000.WAV	1466	Waveform 1	1
HF	624.4077	54000.0	48960.0	6.104780120260593	624.4055	624.4108	47812	57043	Pipistrellus pipistrellus	0.397	0.431	-1	Echolocation	192000	/home/adkris/Documents/mila-human-wav-txt/20220826_070000.WAV	1467	Waveform 1	1
HF	625.4364333333333	55500.0	48960.0	3.014422163997246	625.4335	625.4404	48671	63525	Pipistrellus pipistrellus	0.353	0.425	-1	Echolocation	192000	/home/adkris/Documents/mila-human-wav-txt/20220826_070000.WAV	1468	Waveform 1	1
HF	625.6454333333334	50250.0	49920.0	6.649663796428092	625.6435	625.6479	47812	58470	Pipistrellus pipistrellus	0.414	0.427	-1	Echolocation	192000	/home/adkris/Documents/mila-human-wav-txt/20220826_070000.WAV	1469	Waveform 1	1
HF	625.8112	55500.0	55679.99999999999	3.373410665494025	625.8085	625.8133	51250	62997	Pipistrellus pipistrellus	0.288	0.344	-1	Echolocation	192000	/home/adkris/Documents/mila-human-wav-txt/20220826_070000.WAV	1470	Waveform 1	1
HF	625.9685666666667	56250.0	55679.99999999999	9.404427641370482	625.9655	625.9711	52109	62213	Pipistrellus pipistrellus	0.279	0.373	-1	Echolocation	192000	/home/adkris/Documents/mila-human-wav-txt/20220826_070000.WAV	1471	Waveform 1	1
HF	626.0208666666666	60750.0	59520.0	6.528545916752884	626.0185	626.0248	49531	65793	Pipistrellus pipistrellus	0.101	0.228	-1	Echolocation	192000	/home/adkris/Documents/mila-human-wav-txt/20220826_070000.WAV	1472	Waveform 1	1
HF	626.0727333333333	56250.0	55679.99999999999	8.935763498155048	626.0705	626.0746	48671	63430	Pipistrellus pipistrellus	0.244	0.403	-1	Echolocation	192000	/home/adkris/Documents/mila-human-wav-txt/20220826_070000.WAV	1473	Waveform 1	1
HF	626.1202333333333	57750.0	56640.0	9.153275664981985	626.1185	626.1231	48671	65528	Pipistrellus pipistrellus	0.088	0.216	-1	Echolocation	192000	/home/adkris/Documents/mila-human-wav-txt/20220826_070000.WAV	1474	Waveform 1	1
HF	626.1524000000001	57000.0	56640.0	3.4830727571301727	626.1505	626.1561	34062	66995	Myotis brandtii	0.009	0.027	-1	Echolocation	192000	/home/adkris/Documents/mila-human-wav-txt/20220826_070000.WAV	1475	Waveform 1	1
HF	626.1690333333333	56250.0	55679.99999999999	3.766269012339593	626.1675	626.1723	37500	71131	Myotis mystacinus	0.027	0.061	-1	Echolocation	192000	/home/adkris/Documents/mila-human-wav-txt/20220826_070000.WAV	1476	Waveform 1	1
HF	626.1958333333333	53250.0	53760.00000000001	7.6387155870537695	626.1935	626.1975	51250	63633	Pipistrellus pipistrellus	0.275	0.358	-1	Echolocation	192000	/home/adkris/Documents/mila-human-wav-txt/20220826_070000.WAV	1477	Waveform 1	1
HF	626.2524666666667	50250.0	49920.0	10.48105365221292	626.2475	626.2547	48671	62834	Pipistrellus pipistrellus	0.496	0.615	-1	Echolocation	192000	/home/adkris/Documents/mila-human-wav-txt/20220826_070000.WAV	1478	Waveform 1	1
HF	626.3250666666667	51000.0	50880.0	14.244831329323556	626.3205	626.3281	48671	64023	Pipistrellus pipistrellus	0.477	0.67	-1	Echolocation	192000	/home/adkris/Documents/mila-human-wav-txt/20220826_070000.WAV	1479	Waveform 1	1
HF	626.3769	54750.0	54719.99999999999	12.921199090499709	626.3735	626.3811	48671	64857	Pipistrellus pipistrellus	0.361	0.478	-1	Echolocation	192000	/home/adkris/Documents/mila-human-wav-txt/20220826_070000.WAV	1480	Waveform 1	1
HF	626.4367666666667	52500.0	52800.00000000001	8.797677972739555	626.4325	626.4404	46093	67505	Pipistrellus pipistrellus	0.253	0.423	-1	Echolocation	192000	/home/adkris/Documents/mila-human-wav-txt/20220826_070000.WAV	1481	Waveform 1	1
LF	650.3231333333333	24750.0	25920.0	5.052513394034122	650.3105	650.3287	23750	29120	Nyctalus leisleri	0.169	0.382	-1	Echolocation	192000	/home/adkris/Documents/mila-human-wav-txt/20220826_070000.WAV	1482	Waveform 1	1
LF	650.4964	26250.0	25920.0	3.833787326009291	650.4915	650.5046	25468	30209	Nyctalus leisleri	0.258	0.443	-1	Echolocation	192000	/home/adkris/Documents/mila-human-wav-txt/20220826_070000.WAV	1483	Waveform 1	1
LF	650.6747333333333	25500.0	25920.0	0.8784369138272884	650.6645	650.6816	25468	30351	Nyctalus leisleri	0.041	0.104	-1	Echolocation	192000	/home/adkris/Documents/mila-human-wav-txt/20220826_070000.WAV	1484	Waveform 1	1
LF	652.0442	24000.0	24960.0	2.2418274810197545	652.0325	652.0493	23750	27888	Nyctalus leisleri	0.285	0.4	-1	Echolocation	192000	/home/adkris/Documents/mila-human-wav-txt/20220826_070000.WAV	1485	Waveform 1	1
LF	652.2391666666666	24000.0	24000.0	2.561057086297847	652.2265	652.247	23750	27962	Nyctalus leisleri	0.246	0.339	-1	Echolocation	192000	/home/adkris/Documents/mila-human-wav-txt/20220826_070000.WAV	1486	Waveform 1	1
HF	652.7444333333333	50250.0	49920.0	4.60610315294526	652.7425	652.7469	46953	58106	Pipistrellus pipistrellus	0.215	0.232	-1	Echolocation	192000	/home/adkris/Documents/mila-human-wav-txt/20220826_070000.WAV	1487	Waveform 1	1
LF	652.8615666666667	24750.0	24960.0	3.256388592853785	652.8535	652.8716	23750	27617	Nyctalus leisleri	0.316	0.44	-1	Echolocation	192000	/home/adkris/Documents/mila-human-wav-txt/20220826_070000.WAV	1488	Waveform 1	1
HF	653.1584333333333	54000.0	53760.00000000001	4.006826776811531	653.1545	653.1604	50390	60026	Pipistrellus pipistrellus	0.147	0.3	-1	Echolocation	192000	/home/adkris/Documents/mila-human-wav-txt/20220826_070000.WAV	1489	Waveform 1	1
HF	653.3286333333333	56250.0	55679.99999999999	5.2625903179048015	653.3275	653.3327	52109	60327	Pipistrellus pygmaeus	0.375	0.412	-1	Echolocation	192000	/home/adkris/Documents/mila-human-wav-txt/20220826_070000.WAV	1490	Waveform 1	1
HF	653.3804	54750.0	54719.99999999999	7.166706030532167	653.3765	653.3836	52109	57845	Pipistrellus pipistrellus	0.187	0.296	-1	Echolocation	192000	/home/adkris/Documents/mila-human-wav-txt/20220826_070000.WAV	1491	Waveform 1	1
HF	653.4339333333334	53250.0	52800.00000000001	1.5799299760178056	653.4325	653.4374	47812	55616	Pipistrellus pipistrellus	0.183	0.2	-1	Echolocation	192000	/home/adkris/Documents/mila-human-wav-txt/20220826_070000.WAV	1492	Waveform 1	1
HF	653.5480333333334	54000.0	52800.00000000001	6.204857917710724	653.5445	653.5543	47812	59246	Pipistrellus pipistrellus	0.27	0.389	-1	Echolocation	192000	/home/adkris/Documents/mila-human-wav-txt/20220826_070000.WAV	1493	Waveform 1	1
HF	653.6276	56250.0	48960.0	9.924797241052506	653.6255	653.6344	46953	59017	Pipistrellus pipistrellus	0.412	0.619	-1	Echolocation	192000	/home/adkris/Documents/mila-human-wav-txt/20220826_070000.WAV	1494	Waveform 1	1
HF	653.8967	49500.0	48960.0	8.025719425015179	653.8925	653.8993	47812	59232	Pipistrellus pipistrellus	0.449	0.632	-1	Echolocation	192000	/home/adkris/Documents/mila-human-wav-txt/20220826_070000.WAV	1495	Waveform 1	1
HF	653.9922333333334	49500.0	48960.0	6.65973428981359	653.9885	653.9946	47812	58668	Pipistrellus pipistrellus	0.372	0.565	-1	Echolocation	192000	/home/adkris/Documents/mila-human-wav-txt/20220826_070000.WAV	1496	Waveform 1	1
HF	654.1601333333333	55500.0	55679.99999999999	6.7706918859394225	654.1575	654.1647	55546	62571	Pipistrellus pygmaeus	0.05	0.053	-1	Echolocation	192000	/home/adkris/Documents/mila-human-wav-txt/20220826_070000.WAV	1497	Waveform 1	1
HF	654.2696	49500.0	48960.0	8.476062221752176	654.2655	654.2724	47812	57468	Pipistrellus pipistrellus	0.453	0.567	-1	Echolocation	192000	/home/adkris/Documents/mila-human-wav-txt/20220826_070000.WAV	1498	Waveform 1	1
HF	654.3492	56250.0	55679.99999999999	8.24835212335208	654.3465	654.3548	55546	63211	Pipistrellus pygmaeus	0.029	0.031	-1	Echolocation	192000	/home/adkris/Documents/mila-human-wav-txt/20220826_070000.WAV	1499	Waveform 1	1
HF	654.5232	52500.0	51840.0	13.040312014834065	654.5205	654.5253	49531	62269	Pipistrellus pipistrellus	0.495	0.568	-1	Echolocation	192000	/home/adkris/Documents/mila-human-wav-txt/20220826_070000.WAV	1500	Waveform 1	1
HF	654.7037	50250.0	49920.0	4.465878974714734	654.7015	654.7068	48671	57592	Pipistrellus pipistrellus	0.492	0.558	-1	Echolocation	192000	/home/adkris/Documents/mila-human-wav-txt/20220826_070000.WAV	1501	Waveform 1	1
HF	654.7874333333333	48750.0	48960.0	2.823660149433043	654.7845	654.7914	46953	51526	Pipistrellus pipistrellus	0.096	0.103	-1	Echolocation	192000	/home/adkris/Documents/mila-human-wav-txt/20220826_070000.WAV	1502	Waveform 1	1
HF	654.8694666666667	53250.0	47040.0	3.4009961881988997	654.8655	654.8702	37500	58088	Myotis mystacinus	0.009	0.024	-1	Echolocation	192000	/home/adkris/Documents/mila-human-wav-txt/20220826_070000.WAV	1503	Waveform 1	1
HF	654.9674666666666	55500.0	55679.99999999999	5.038223044528972	654.9655	654.9722	53828	58883	Pipistrellus pygmaeus	0.099	0.109	-1	Echolocation	192000	/home/adkris/Documents/mila-human-wav-txt/20220826_070000.WAV	1504	Waveform 1	1
HF	660.9118666666667	48750.0	49920.0	4.400646650637581	660.9095	660.9158	46953	53389	Pipistrellus pipistrellus	0.069	0.074	-1	Echolocation	192000	/home/adkris/Documents/mila-human-wav-txt/20220826_070000.WAV	1505	Waveform 1	1
HF	660.9754	49500.0	48960.0	2.843561579987079	660.9715	660.9786	42656	56981	Pipistrellus pipistrellus	0.019	0.06	-1	Echolocation	192000	/home/adkris/Documents/mila-human-wav-txt/20220826_070000.WAV	1506	Waveform 1	1
HF	661.0623666666667	49500.0	48960.0	3.892476748197817	661.0585	661.0668	47812	54679	Pipistrellus pipistrellus	0.062	0.069	-1	Echolocation	192000	/home/adkris/Documents/mila-human-wav-txt/20220826_070000.WAV	1507	Waveform 1	1
HF	661.2648	55500.0	53760.00000000001	4.274543181007124	661.2625	661.2677	48671	59185	Pipistrellus pipistrellus	0.082	0.115	-1	Echolocation	192000	/home/adkris/Documents/mila-human-wav-txt/20220826_070000.WAV	1508	Waveform 1	1
HF	670.6597666666667	52500.0	54719.99999999999	1.433505818104276	670.6565	670.6619	52109	58829	Pipistrellus pipistrellus	0.048	0.083	-1	Echolocation	192000	/home/adkris/Documents/mila-human-wav-txt/20220826_070000.WAV	1509	Waveform 1	1
HF	670.9400333333333	55500.0	53760.00000000001	2.789181548752913	670.9365	670.9428	52109	59526	Pipistrellus pipistrellus	0.255	0.381	-1	Echolocation	192000	/home/adkris/Documents/mila-human-wav-txt/20220826_070000.WAV	1510	Waveform 1	1
HF	671.0942666666666	48000.0	48000.0	8.748005342614357	671.0905	671.0954	46953	57664	Pipistrellus pipistrellus	0.329	0.35	-1	Echolocation	192000	/home/adkris/Documents/mila-human-wav-txt/20220826_070000.WAV	1511	Waveform 1	1
HF	671.1671666666666	49500.0	48960.0	9.43705082866616	671.1635	671.1685	46953	59414	Pipistrellus pipistrellus	0.409	0.436	-1	Echolocation	192000	/home/adkris/Documents/mila-human-wav-txt/20220826_070000.WAV	1512	Waveform 1	1
HF	671.3987666666667	49500.0	48960.0	8.16527680532082	671.3955	671.4009	47812	60657	Pipistrellus pipistrellus	0.574	0.599	-1	Echolocation	192000	/home/adkris/Documents/mila-human-wav-txt/20220826_070000.WAV	1513	Waveform 1	1
HF	671.7823333333333	49500.0	49920.0	4.25859275178731	671.7795	671.7865	48671	54906	Pipistrellus pipistrellus	0.41	0.444	-1	Echolocation	192000	/home/adkris/Documents/mila-human-wav-txt/20220826_070000.WAV	1514	Waveform 1	1
HF	671.9069666666667	56250.0	56640.0	3.261349064243335	671.9045	671.9142	56406	62885	Pipistrellus pygmaeus	0.022	0.023	-1	Echolocation	192000	/home/adkris/Documents/mila-human-wav-txt/20220826_070000.WAV	1515	Waveform 1	1
LF	691.0129	24750.0	24960.0	2.973401306646667	690.9945	691.0151	24609	28183	Nyctalus leisleri	0.097	0.178	-1	Echolocation	192000	/home/adkris/Documents/mila-human-wav-txt/20220826_070000.WAV	1516	Waveform 1	1
LF	691.9911333333333	24750.0	25920.0	1.8383813639877025	691.9815	691.9992	24609	28095	Nyctalus leisleri	0.254	0.333	-1	Echolocation	192000	/home/adkris/Documents/mila-human-wav-txt/20220826_070000.WAV	1517	Waveform 1	1
LF	692.2594	22500.0	22080.0	0.0281457775923443	692.2585	692.2791	22890	27348	Nyctalus noctula	0.057	0.133	-1	Echolocation	192000	/home/adkris/Documents/mila-human-wav-txt/20220826_070000.WAV	1518	Waveform 1	1
LF	693.5008333333334	25500.0	25920.0	3.5131490507949175	693.4925	693.5115	24609	28597	Nyctalus leisleri	0.12	0.206	-1	Echolocation	192000	/home/adkris/Documents/mila-human-wav-txt/20220826_070000.WAV	1519	Waveform 1	1
LF	694.9132333333333	26250.0	24960.0	1.3910552157420275	694.9045	694.9266	24609	28052	Nyctalus leisleri	0.053	0.108	-1	Echolocation	192000	/home/adkris/Documents/mila-human-wav-txt/20220826_070000.WAV	1520	Waveform 1	1
LF	695.7262	24750.0	24960.0	8.498223927076479	695.7115	695.7288	24609	28298	Nyctalus leisleri	0.392	0.538	-1	Echolocation	192000	/home/adkris/Documents/mila-human-wav-txt/20220826_070000.WAV	1521	Waveform 1	1
LF	695.9842	24750.0	24000.0	4.269700583137205	695.9755	695.9918	23750	29344	Nyctalus leisleri	0.274	0.459	-1	Echolocation	192000	/home/adkris/Documents/mila-human-wav-txt/20220826_070000.WAV	1522	Waveform 1	1
LF	696.3931333333334	24000.0	24960.0	11.703756138148876	696.3765	696.3977	23750	28659	Nyctalus leisleri	0.279	0.512	-1	Echolocation	192000	/home/adkris/Documents/mila-human-wav-txt/20220826_070000.WAV	1523	Waveform 1	1
LF	696.9305333333333	24000.0	24000.0	1.5451357877138194	696.9235	696.9438	22890	27103	Nyctalus leisleri	0.149	0.228	-1	Echolocation	192000	/home/adkris/Documents/mila-human-wav-txt/20220826_070000.WAV	1524	Waveform 1	1
LF	697.2156666666667	24000.0	24960.0	6.90401023573588	697.2025	697.2225	23750	27788	Nyctalus leisleri	0.28	0.41	-1	Echolocation	192000	/home/adkris/Documents/mila-human-wav-txt/20220826_070000.WAV	1525	Waveform 1	1
LF	697.4981666666666	24000.0	24960.0	3.86651838001947	697.4855	697.5025	23750	27765	Nyctalus leisleri	0.405	0.531	-1	Echolocation	192000	/home/adkris/Documents/mila-human-wav-txt/20220826_070000.WAV	1526	Waveform 1	1
LF	698.3091333333333	24000.0	24000.0	4.83873047929312	698.2895	698.3147	24609	28609	Nyctalus leisleri	0.167	0.259	-1	Echolocation	192000	/home/adkris/Documents/mila-human-wav-txt/20220826_070000.WAV	1527	Waveform 1	1
LF	698.4507	24000.0	24000.0	4.742090500745649	698.4345	698.4538	23750	27335	Nyctalus leisleri	0.23	0.328	-1	Echolocation	192000	/home/adkris/Documents/mila-human-wav-txt/20220826_070000.WAV	1528	Waveform 1	1
LF	698.623	24000.0	24000.0	5.056154101594769	698.6105	698.63	23750	27173	Nyctalus leisleri	0.315	0.38	-1	Echolocation	192000	/home/adkris/Documents/mila-human-wav-txt/20220826_070000.WAV	1529	Waveform 1	1
LF	698.8307666666667	24000.0	24960.0	8.86739511487524	698.8175	698.8339	24609	28653	Nyctalus leisleri	0.3	0.408	-1	Echolocation	192000	/home/adkris/Documents/mila-human-wav-txt/20220826_070000.WAV	1530	Waveform 1	1
LF	698.9545333333333	24750.0	24960.0	1.0179383826203248	698.9455	698.9638	23750	28251	Nyctalus leisleri	0.06	0.152	-1	Echolocation	192000	/home/adkris/Documents/mila-human-wav-txt/20220826_070000.WAV	1531	Waveform 1	1
LF	699.1705333333333	24000.0	24960.0	6.124988765458034	699.1605	699.1743	23750	28851	Nyctalus leisleri	0.277	0.484	-1	Echolocation	192000	/home/adkris/Documents/mila-human-wav-txt/20220826_070000.WAV	1532	Waveform 1	1
LF	699.4407	26250.0	24960.0	3.37033712690537	699.4345	699.4533	24609	29553	Nyctalus leisleri	0.239	0.403	-1	Echolocation	192000	/home/adkris/Documents/mila-human-wav-txt/20220826_070000.WAV	1533	Waveform 1	1
LF	700.6470666666667	24750.0	24000.0	3.102883751984246	700.6425	700.6641	23750	26998	Nyctalus leisleri	0.076	0.144	-1	Echolocation	192000	/home/adkris/Documents/mila-human-wav-txt/20220826_070000.WAV	1534	Waveform 1	1
LF	701.0109	24000.0	24000.0	8.334864759067868	700.9995	701.0166	23750	27098	Nyctalus leisleri	0.416	0.523	-1	Echolocation	192000	/home/adkris/Documents/mila-human-wav-txt/20220826_070000.WAV	1535	Waveform 1	1
LF	701.2812666666666	25500.0	24960.0	7.922989986009529	701.2665	701.2884	24609	29160	Nyctalus leisleri	0.111	0.268	-1	Echolocation	192000	/home/adkris/Documents/mila-human-wav-txt/20220826_070000.WAV	1536	Waveform 1	1
LF	701.5571	24000.0	24000.0	5.545746853835175	701.5445	701.5604	23750	28748	Nyctalus leisleri	0.327	0.536	-1	Echolocation	192000	/home/adkris/Documents/mila-human-wav-txt/20220826_070000.WAV	1537	Waveform 1	1
LF	701.9633	25500.0	25920.0	10.437343548649809	701.9545	701.9742	23750	28444	Nyctalus leisleri	0.277	0.496	-1	Echolocation	192000	/home/adkris/Documents/mila-human-wav-txt/20220826_070000.WAV	1538	Waveform 1	1
LF	702.1128666666667	26250.0	25920.0	4.958570110341559	702.1075	702.1213	25468	28550	Nyctalus leisleri	0.426	0.542	-1	Echolocation	192000	/home/adkris/Documents/mila-human-wav-txt/20220826_070000.WAV	1539	Waveform 1	1
LF	702.3766666666667	24000.0	24000.0	6.625290571523111	702.3645	702.382	23750	28056	Nyctalus leisleri	0.436	0.559	-1	Echolocation	192000	/home/adkris/Documents/mila-human-wav-txt/20220826_070000.WAV	1540	Waveform 1	1
LF	702.6192	24000.0	24000.0	5.910518912768799	702.6105	702.6268	23750	27463	Nyctalus leisleri	0.471	0.538	-1	Echolocation	192000	/home/adkris/Documents/mila-human-wav-txt/20220826_070000.WAV	1541	Waveform 1	1
LF	702.8960333333333	24750.0	24960.0	7.115113025076052	702.8865	702.9043	24609	29108	Nyctalus leisleri	0.191	0.31	-1	Echolocation	192000	/home/adkris/Documents/mila-human-wav-txt/20220826_070000.WAV	1542	Waveform 1	1
LF	703.1676666666667	25500.0	24960.0	10.058331182347189	703.1575	703.1735	24609	29067	Nyctalus leisleri	0.24	0.39	-1	Echolocation	192000	/home/adkris/Documents/mila-human-wav-txt/20220826_070000.WAV	1543	Waveform 1	1
LF	703.4497	24750.0	24960.0	3.7762878185874458	703.4445	703.4643	23750	27558	Nyctalus leisleri	0.27	0.352	-1	Echolocation	192000	/home/adkris/Documents/mila-human-wav-txt/20220826_070000.WAV	1544	Waveform 1	1
LF	703.7320666666667	24750.0	24960.0	7.636837791181183	703.7245	703.7396	24609	28756	Nyctalus leisleri	0.341	0.469	-1	Echolocation	192000	/home/adkris/Documents/mila-human-wav-txt/20220826_070000.WAV	1545	Waveform 1	1
LF	704.0322666666667	24000.0	24960.0	7.97612257193169	704.0175	704.0359	23750	28373	Nyctalus leisleri	0.357	0.517	-1	Echolocation	192000	/home/adkris/Documents/mila-human-wav-txt/20220826_070000.WAV	1546	Waveform 1	1
LF	704.3339	24750.0	24960.0	5.393068288809603	704.3225	704.3431	23750	28410	Nyctalus leisleri	0.133	0.282	-1	Echolocation	192000	/home/adkris/Documents/mila-human-wav-txt/20220826_070000.WAV	1547	Waveform 1	1
LF	704.6362333333333	24000.0	24000.0	4.513418903858356	704.6215	704.6446	23750	27187	Nyctalus leisleri	0.17	0.233	-1	Echolocation	192000	/home/adkris/Documents/mila-human-wav-txt/20220826_070000.WAV	1548	Waveform 1	1
LF	704.9494333333333	24750.0	25920.0	6.598042161914819	704.9305	704.9529	24609	29446	Nyctalus leisleri	0.175	0.337	-1	Echolocation	192000	/home/adkris/Documents/mila-human-wav-txt/20220826_070000.WAV	1549	Waveform 1	1
LF	705.1269666666667	25500.0	25920.0	9.76534473940578	705.1155	705.1302	24609	30575	Nyctalus leisleri	0.297	0.594	-1	Echolocation	192000	/home/adkris/Documents/mila-human-wav-txt/20220826_070000.WAV	1550	Waveform 1	1
LF	705.4166666666666	24000.0	24960.0	2.7531500298514757	705.4065	705.426	23750	27232	Nyctalus leisleri	0.109	0.177	-1	Echolocation	192000	/home/adkris/Documents/mila-human-wav-txt/20220826_070000.WAV	1551	Waveform 1	1
LF	705.6873333333333	27000.0	25920.0	5.224643643344955	705.6805	705.6975	25468	29066	Nyctalus leisleri	0.307	0.437	-1	Echolocation	192000	/home/adkris/Documents/mila-human-wav-txt/20220826_070000.WAV	1552	Waveform 1	1
LF	706.1443	24750.0	25920.0	2.8648764897320427	706.1385	706.1577	24609	28144	Nyctalus leisleri	0.132	0.232	-1	Echolocation	192000	/home/adkris/Documents/mila-human-wav-txt/20220826_070000.WAV	1553	Waveform 1	1
LF	706.4535666666667	25500.0	25920.0	10.219874752696327	706.4405	706.4571	24609	28871	Nyctalus leisleri	0.264	0.5	-1	Echolocation	192000	/home/adkris/Documents/mila-human-wav-txt/20220826_070000.WAV	1554	Waveform 1	1
LF	706.7377666666666	24000.0	24000.0	3.813717840420492	706.7195	706.7414	23750	27267	Nyctalus leisleri	0.069	0.137	-1	Echolocation	192000	/home/adkris/Documents/mila-human-wav-txt/20220826_070000.WAV	1555	Waveform 1	1
LF	707.1852666666666	24750.0	24960.0	5.7816347500871235	707.1715	707.1909	24609	27788	Nyctalus leisleri	0.291	0.382	-1	Echolocation	192000	/home/adkris/Documents/mila-human-wav-txt/20220826_070000.WAV	1556	Waveform 1	1
LF	707.4702333333333	24750.0	24960.0	12.77274764519479	707.4585	707.4776	24609	28671	Nyctalus leisleri	0.275	0.415	-1	Echolocation	192000	/home/adkris/Documents/mila-human-wav-txt/20220826_070000.WAV	1557	Waveform 1	1
LF	707.7564333333333	24750.0	24960.0	4.866829947155704	707.7445	707.7634	23750	28267	Nyctalus leisleri	0.287	0.43	-1	Echolocation	192000	/home/adkris/Documents/mila-human-wav-txt/20220826_070000.WAV	1558	Waveform 1	1
LF	708.0460333333333	24750.0	24960.0	7.807910791315226	708.0345	708.0503	24609	28584	Nyctalus leisleri	0.391	0.561	-1	Echolocation	192000	/home/adkris/Documents/mila-human-wav-txt/20220826_070000.WAV	1559	Waveform 1	1
LF	708.6403666666666	24750.0	25920.0	6.703578005069243	708.6285	708.6498	24609	29399	Nyctalus leisleri	0.15	0.273	-1	Echolocation	192000	/home/adkris/Documents/mila-human-wav-txt/20220826_070000.WAV	1560	Waveform 1	1
LF	708.9398	24750.0	24960.0	2.8186534080013503	708.9275	708.9437	25468	29238	Nyctalus leisleri	0.044	0.098	-1	Echolocation	192000	/home/adkris/Documents/mila-human-wav-txt/20220826_070000.WAV	1561	Waveform 1	1
LF	709.2415666666667	25500.0	25920.0	4.745091465486361	709.2235000000001	709.2421	25468	29847	Nyctalus leisleri	0.099	0.17	-1	Echolocation	192000	/home/adkris/Documents/mila-human-wav-txt/20220826_070000.WAV	1562	Waveform 1	1
LF	710.1604333333333	24750.0	24960.0	6.706448402208887	710.1425	710.1694	23750	28630	Nyctalus leisleri	0.077	0.198	-1	Echolocation	192000	/home/adkris/Documents/mila-human-wav-txt/20220826_070000.WAV	1563	Waveform 1	1
LF	710.4560666666666	25500.0	24960.0	2.3384469416757954	710.4445	710.4591	23750	29913	Nyctalus leisleri	0.034	0.077	-1	Echolocation	192000	/home/adkris/Documents/mila-human-wav-txt/20220826_070000.WAV	1564	Waveform 1	1
LF	710.9203333333334	24750.0	24960.0	8.23699442392064	710.9055	710.925	24609	28071	Nyctalus leisleri	0.387	0.497	-1	Echolocation	192000	/home/adkris/Documents/mila-human-wav-txt/20220826_070000.WAV	1565	Waveform 1	1
LF	711.2019	24000.0	24000.0	3.640706724666805	711.1895	711.2126	23750	27617	Nyctalus leisleri	0.109	0.19	-1	Echolocation	192000	/home/adkris/Documents/mila-human-wav-txt/20220826_070000.WAV	1566	Waveform 1	1
LF	711.7561666666667	25500.0	25920.0	7.236191697618128	711.7465	711.763	24609	28717	Nyctalus leisleri	0.287	0.407	-1	Echolocation	192000	/home/adkris/Documents/mila-human-wav-txt/20220826_070000.WAV	1567	Waveform 1	1
LF	712.3480333333333	24750.0	24960.0	2.64167591456125	712.3385	712.3563	24609	30373	Nyctalus leisleri	0.091	0.211	-1	Echolocation	192000	/home/adkris/Documents/mila-human-wav-txt/20220826_070000.WAV	1568	Waveform 1	1
LF	712.9166333333334	25500.0	25920.0	2.71518515630015	712.9005	712.9187	25468	30639	Nyctalus leisleri	0.083	0.159	-1	Echolocation	192000	/home/adkris/Documents/mila-human-wav-txt/20220826_070000.WAV	1569	Waveform 1	1
HF	712.9545	48750.0	49920.0	3.908109663498323	712.9515	712.956	47812	55901	Pipistrellus pipistrellus	0.221	0.243	-1	Echolocation	192000	/home/adkris/Documents/mila-human-wav-txt/20220826_070000.WAV	1570	Waveform 1	1
HF	713.0546333333333	48750.0	48960.0	3.1254753499714227	713.0525	713.0567	45234	61138	Myotis mystacinus	0.032	0.081	-1	Echolocation	192000	/home/adkris/Documents/mila-human-wav-txt/20220826_070000.WAV	1571	Waveform 1	1
HF	713.1837333333333	54000.0	53760.00000000001	3.5574007404512797	713.1805	713.1871	50390	58467	Pipistrellus pipistrellus	0.062	0.107	-1	Echolocation	192000	/home/adkris/Documents/mila-human-wav-txt/20220826_070000.WAV	1572	Waveform 1	1
LF	713.5210333333333	24750.0	25920.0	4.298746787192665	713.5115	713.5293	24609	28983	Nyctalus leisleri	0.245	0.354	-1	Echolocation	192000	/home/adkris/Documents/mila-human-wav-txt/20220826_070000.WAV	1573	Waveform 1	1
LF	715.1819666666667	25500.0	25920.0	2.088276396937488	715.1695	715.1831999999999	25468	31886	Nyctalus leisleri	0.029	0.073	-1	Echolocation	192000	/home/adkris/Documents/mila-human-wav-txt/20220826_070000.WAV	1574	Waveform 1	1
LF	715.4673	25500.0	24960.0	3.991070319277909	715.4605	715.4822	23750	27930	Nyctalus noctula	0.028	0.067	-1	Echolocation	192000	/home/adkris/Documents/mila-human-wav-txt/20220826_070000.WAV	1575	Waveform 1	1
LF	716.0796	24750.0	25920.0	3.6998013217378745	716.0665	716.0889	24609	27948	Nyctalus leisleri	0.098	0.183	-1	Echolocation	192000	/home/adkris/Documents/mila-human-wav-txt/20220826_070000.WAV	1576	Waveform 1	1
LF	717.1801333333333	27000.0	26880.000000000004	2.8247208714935432	717.1755	717.1877	26328	30307	Nyctalus leisleri	0.222	0.344	-1	Echolocation	192000	/home/adkris/Documents/mila-human-wav-txt/20220826_070000.WAV	1577	Waveform 1	1
LF	717.4484333333334	25500.0	26880.000000000004	2.2147854858601375	717.4395	717.4544	25468	29678	Nyctalus leisleri	0.134	0.22	-1	Echolocation	192000	/home/adkris/Documents/mila-human-wav-txt/20220826_070000.WAV	1578	Waveform 1	1
LF	717.6060666666667	26250.0	25920.0	6.158740008908815	717.6015	717.6196	24609	28243	Nyctalus leisleri	0.327	0.434	-1	Echolocation	192000	/home/adkris/Documents/mila-human-wav-txt/20220826_070000.WAV	1579	Waveform 1	1
LF	717.7153333333333	27000.0	26880.000000000004	3.4532737804223657	717.7105	717.7225	26328	29958	Nyctalus leisleri	0.282	0.438	-1	Echolocation	192000	/home/adkris/Documents/mila-human-wav-txt/20220826_070000.WAV	1580	Waveform 1	1
LF	717.9694	26250.0	26880.000000000004	1.4142403584534036	717.9575	717.9741	26328	30509	Nyctalus leisleri	0.21	0.342	-1	Echolocation	192000	/home/adkris/Documents/mila-human-wav-txt/20220826_070000.WAV	1581	Waveform 1	1
LF	718.2523666666667	27000.0	26880.000000000004	12.472412539997393	718.2455	718.2578	26328	31289	Nyctalus leisleri	0.519	0.677	-1	Echolocation	192000	/home/adkris/Documents/mila-human-wav-txt/20220826_070000.WAV	1582	Waveform 1	1
LF	718.5209666666667	26250.0	26880.000000000004	4.491440135535992	718.5105	718.5227	26328	30473	Nyctalus leisleri	0.46	0.616	-1	Echolocation	192000	/home/adkris/Documents/mila-human-wav-txt/20220826_070000.WAV	1583	Waveform 1	1
LF	718.7884	27000.0	26880.000000000004	7.428864672112176	718.7825	718.7946	27187	30865	Nyctalus leisleri	0.457	0.603	-1	Echolocation	192000	/home/adkris/Documents/mila-human-wav-txt/20220826_070000.WAV	1584	Waveform 1	1
LF	719.0447333333333	26250.0	26880.000000000004	8.013381239938994	719.0335	719.0461	26328	31619	Nyctalus leisleri	0.32	0.616	-1	Echolocation	192000	/home/adkris/Documents/mila-human-wav-txt/20220826_070000.WAV	1585	Waveform 1	1
LF	719.1286666666666	25500.0	25920.0	4.352745188102349	719.1225	719.1425	24609	28175	Nyctalus leisleri	0.302	0.394	-1	Echolocation	192000	/home/adkris/Documents/mila-human-wav-txt/20220826_070000.WAV	1586	Waveform 1	1
LF	719.3040666666667	26250.0	26880.000000000004	14.046671932568	719.2935	719.3056	26328	31912	Nyctalus leisleri	0.379	0.675	-1	Echolocation	192000	/home/adkris/Documents/mila-human-wav-txt/20220826_070000.WAV	1587	Waveform 1	1
LF	719.5480666666666	27750.0	26880.000000000004	9.847976875035108	719.5425	719.5561	26328	30304	Nyctalus leisleri	0.512	0.665	-1	Echolocation	192000	/home/adkris/Documents/mila-human-wav-txt/20220826_070000.WAV	1588	Waveform 1	1
LF	719.8074666666666	27000.0	26880.000000000004	18.73661523194161	719.8005	719.8127	26328	32002	Nyctalus leisleri	0.447	0.678	-1	Echolocation	192000	/home/adkris/Documents/mila-human-wav-txt/20220826_070000.WAV	1589	Waveform 1	1
LF	719.9157	28500.0	27839.999999999996	12.01898405461474	719.9115	719.9218	27187	33163	Nyctalus leisleri	0.551	0.731	-1	Echolocation	192000	/home/adkris/Documents/mila-human-wav-txt/20220826_070000.WAV	1590	Waveform 1	1
LF	721.2421333333333	27000.0	26880.000000000004	11.62170959114084	721.2315	721.2447	26328	31393	Nyctalus leisleri	0.296	0.593	-1	Echolocation	192000	/home/adkris/Documents/mila-human-wav-txt/20220826_070000.WAV	1591	Waveform 1	1
LF	721.4606333333334	27000.0	26880.000000000004	13.765514199310909	721.4525	721.4682	25468	30002	Nyctalus leisleri	0.401	0.603	-1	Echolocation	192000	/home/adkris/Documents/mila-human-wav-txt/20220826_070000.WAV	1592	Waveform 1	1
LF	721.948	27000.0	26880.000000000004	21.89241898400045	721.9405	721.9545	26328	30309	Nyctalus leisleri	0.301	0.495	-1	Echolocation	192000	/home/adkris/Documents/mila-human-wav-txt/20220826_070000.WAV	1593	Waveform 1	1
LF	722.1370000000001	27000.0	26880.000000000004	14.493050217970572	722.1255	722.139	26328	31942	Nyctalus leisleri	0.358	0.648	-1	Echolocation	192000	/home/adkris/Documents/mila-human-wav-txt/20220826_070000.WAV	1594	Waveform 1	1
LF	722.3899333333334	26250.0	26880.000000000004	15.452553424649446	722.3805	722.3949	25468	31105	Nyctalus leisleri	0.355	0.573	-1	Echolocation	192000	/home/adkris/Documents/mila-human-wav-txt/20220826_070000.WAV	1595	Waveform 1	1
LF	722.6612	26250.0	26880.000000000004	18.54008552268194	722.6495	722.6628	26328	31477	Nyctalus leisleri	0.441	0.644	-1	Echolocation	192000	/home/adkris/Documents/mila-human-wav-txt/20220826_070000.WAV	1596	Waveform 1	1
LF	722.8158666666667	27000.0	26880.000000000004	18.90367610362852	722.8065	722.8198	26328	30802	Nyctalus leisleri	0.442	0.593	-1	Echolocation	192000	/home/adkris/Documents/mila-human-wav-txt/20220826_070000.WAV	1597	Waveform 1	1
LF	723.0650666666667	27000.0	26880.000000000004	17.97757404572004	723.0555	723.0686	26328	30998	Nyctalus leisleri	0.498	0.621	-1	Echolocation	192000	/home/adkris/Documents/mila-human-wav-txt/20220826_070000.WAV	1598	Waveform 1	1
LF	723.3501	27750.0	27839.999999999996	13.966601685215808	723.3465	723.3574	26328	32367	Nyctalus leisleri	0.571	0.677	-1	Echolocation	192000	/home/adkris/Documents/mila-human-wav-txt/20220826_070000.WAV	1599	Waveform 1	1
LF	723.6131	27000.0	26880.000000000004	14.75929255657559	723.6055	723.6194	26328	31227	Nyctalus leisleri	0.339	0.537	-1	Echolocation	192000	/home/adkris/Documents/mila-human-wav-txt/20220826_070000.WAV	1600	Waveform 1	1
LF	724.0333	26250.0	25920.0	17.083089363088458	724.0225	724.0367	25468	30481	Nyctalus leisleri	0.313	0.534	-1	Echolocation	192000	/home/adkris/Documents/mila-human-wav-txt/20220826_070000.WAV	1601	Waveform 1	1
LF	724.2017666666667	27000.0	26880.000000000004	8.417225044776618	724.1935	724.2079	26328	30824	Nyctalus leisleri	0.292	0.47	-1	Echolocation	192000	/home/adkris/Documents/mila-human-wav-txt/20220826_070000.WAV	1602	Waveform 1	1
LF	724.4550666666667	27000.0	26880.000000000004	8.724860313367543	724.4505	724.4651	25468	30265	Nyctalus leisleri	0.366	0.488	-1	Echolocation	192000	/home/adkris/Documents/mila-human-wav-txt/20220826_070000.WAV	1603	Waveform 1	1
LF	724.9826	26250.0	26880.000000000004	11.568623096505991	724.9735	724.9894	25468	30685	Nyctalus leisleri	0.317	0.554	-1	Echolocation	192000	/home/adkris/Documents/mila-human-wav-txt/20220826_070000.WAV	1604	Waveform 1	1
LF	725.2504333333334	27000.0	26880.000000000004	9.980727940836902	725.2445	725.2589	26328	30215	Nyctalus leisleri	0.301	0.439	-1	Echolocation	192000	/home/adkris/Documents/mila-human-wav-txt/20220826_070000.WAV	1605	Waveform 1	1
LF	725.4316	27000.0	26880.000000000004	10.430602649326683	725.4245	725.4389	26328	30388	Nyctalus leisleri	0.297	0.416	-1	Echolocation	192000	/home/adkris/Documents/mila-human-wav-txt/20220826_070000.WAV	1606	Waveform 1	1
LF	725.7134	26250.0	26880.000000000004	13.129708393173578	725.7015	725.7181	26328	30245	Nyctalus leisleri	0.171	0.265	-1	Echolocation	192000	/home/adkris/Documents/mila-human-wav-txt/20220826_070000.WAV	1607	Waveform 1	1
LF	725.8997	27000.0	26880.000000000004	10.466155225260376	725.8955	725.9128	26328	29720	Nyctalus leisleri	0.217	0.315	-1	Echolocation	192000	/home/adkris/Documents/mila-human-wav-txt/20220826_070000.WAV	1608	Waveform 1	1
LF	726.1159666666666	26250.0	26880.000000000004	12.899790509181807	726.1055	726.1212	25468	32339	Nyctalus leisleri	0.226	0.455	-1	Echolocation	192000	/home/adkris/Documents/mila-human-wav-txt/20220826_070000.WAV	1609	Waveform 1	1
LF	726.2989666666666	27000.0	26880.000000000004	4.265277412237812	726.2925	726.3052	26328	30802	Nyctalus leisleri	0.136	0.263	-1	Echolocation	192000	/home/adkris/Documents/mila-human-wav-txt/20220826_070000.WAV	1610	Waveform 1	1
LF	726.5624	26250.0	26880.000000000004	12.51661740602475	726.5525	726.5676	25468	30058	Nyctalus leisleri	0.365	0.561	-1	Echolocation	192000	/home/adkris/Documents/mila-human-wav-txt/20220826_070000.WAV	1611	Waveform 1	1
LF	727.0861666666667	28500.0	26880.000000000004	5.331937520499332	727.0825	727.0945	27187	32040	Eptesicus serotinus	0.209	0.462	-1	Echolocation	192000	/home/adkris/Documents/mila-human-wav-txt/20220826_070000.WAV	1612	Waveform 1	1
LF	727.5156666666667	26250.0	26880.000000000004	9.17108830852467	727.5045	727.5195	25468	30484	Nyctalus leisleri	0.419	0.607	-1	Echolocation	192000	/home/adkris/Documents/mila-human-wav-txt/20220826_070000.WAV	1613	Waveform 1	1
LF	727.7593333333333	27000.0	26880.000000000004	8.944810445864203	727.7465	727.761	25468	30068	Nyctalus leisleri	0.4	0.504	-1	Echolocation	192000	/home/adkris/Documents/mila-human-wav-txt/20220826_070000.WAV	1614	Waveform 1	1
LF	727.9176333333334	26250.0	26880.000000000004	1.409298894539234	727.9075	727.9212	26328	29689	Nyctalus leisleri	0.017	0.038	-1	Echolocation	192000	/home/adkris/Documents/mila-human-wav-txt/20220826_070000.WAV	1615	Waveform 1	1
LF	728.0633666666666	27000.0	26880.000000000004	1.50809655158723	728.0585	728.0693	24609	31747	Nyctalus leisleri	0.01	0.025	-1	Echolocation	192000	/home/adkris/Documents/mila-human-wav-txt/20220826_070000.WAV	1616	Waveform 1	1
LF	728.4605333333334	25500.0	25920.0	3.3198508030971463	728.4435	728.4608	25468	30108	Nyctalus leisleri	0.044	0.108	-1	Echolocation	192000	/home/adkris/Documents/mila-human-wav-txt/20220826_070000.WAV	1617	Waveform 1	1
LF	728.8477	27000.0	26880.000000000004	1.6540390753002112	728.8355	728.8483	28046	35100	Eptesicus serotinus	0.023	0.043	-1	Echolocation	192000	/home/adkris/Documents/mila-human-wav-txt/20220826_070000.WAV	1618	Waveform 1	1
HF	745.4646666666666	48750.0	49920.0	4.88399196466391	745.4615	745.467	47812	56004	Pipistrellus pipistrellus	0.512	0.537	-1	Echolocation	192000	/home/adkris/Documents/mila-human-wav-txt/20220826_070000.WAV	1619	Waveform 1	1
HF	745.5527333333333	51000.0	48960.0	2.067537845608473	745.5495	745.5561	46953	53562	Pipistrellus pipistrellus	0.131	0.137	-1	Echolocation	192000	/home/adkris/Documents/mila-human-wav-txt/20220826_070000.WAV	1620	Waveform 1	1
HF	745.7030333333333	53250.0	52800.00000000001	1.7230249542357434	745.6985	745.7073	50390	59372	Pipistrellus pipistrellus	0.071	0.089	-1	Echolocation	192000	/home/adkris/Documents/mila-human-wav-txt/20220826_070000.WAV	1621	Waveform 1	1
HF	745.8629999999999	50250.0	49920.0	6.35393532997285	745.8605	745.8655	46953	55229	Pipistrellus pipistrellus	0.309	0.32	-1	Echolocation	192000	/home/adkris/Documents/mila-human-wav-txt/20220826_070000.WAV	1622	Waveform 1	1
HF	746.1624333333333	49500.0	48960.0	8.32065558908086	746.1595	746.1664	48671	57406	Pipistrellus pipistrellus	0.441	0.597	-1	Echolocation	192000	/home/adkris/Documents/mila-human-wav-txt/20220826_070000.WAV	1623	Waveform 1	1
HF	746.5010666666667	57750.0	55679.99999999999	3.874601267936895	746.4995	746.5066	54687	59766	Pipistrellus pygmaeus	0.115	0.12	-1	Echolocation	192000	/home/adkris/Documents/mila-human-wav-txt/20220826_070000.WAV	1624	Waveform 1	1
HF	746.6662666666666	51000.0	50880.0	1.862804578049484	746.6635	746.6694	37500	68149	Myotis mystacinus	0.009	0.026	-1	Echolocation	192000	/home/adkris/Documents/mila-human-wav-txt/20220826_070000.WAV	1625	Waveform 1	1
HF	746.7401666666667	66750.0	74880.0	0.885349270354781	746.7145	746.7535	68437	82684	Rhinolophus ferrumequinum	0.032	0.032	-1	Echolocation	192000	/home/adkris/Documents/mila-human-wav-txt/20220826_070000.WAV	1626	Waveform 1	1
HF	746.8181	56250.0	55679.99999999999	7.623637413758249	746.8155	746.8204	51250	60592	Pipistrellus pipistrellus	0.338	0.462	-1	Echolocation	192000	/home/adkris/Documents/mila-human-wav-txt/20220826_070000.WAV	1627	Waveform 1	1
HF	746.8891	55500.0	55679.99999999999	11.080045123796518	746.8865	746.8914	49531	65162	Pipistrellus pipistrellus	0.377	0.539	-1	Echolocation	192000	/home/adkris/Documents/mila-human-wav-txt/20220826_070000.WAV	1628	Waveform 1	1
HF	746.9583666666666	57000.0	49920.0	12.974628498955523	746.9555	746.9613	49531	65193	Pipistrellus pipistrellus	0.474	0.6	-1	Echolocation	192000	/home/adkris/Documents/mila-human-wav-txt/20220826_070000.WAV	1629	Waveform 1	1
HF	747.0842666666666	55500.0	53760.00000000001	3.3762403703632575	747.0815	747.0874	46953	63059	Pipistrellus pipistrellus	0.135	0.205	-1	Echolocation	192000	/home/adkris/Documents/mila-human-wav-txt/20220826_070000.WAV	1630	Waveform 1	1
HF	747.3237666666666	52500.0	51840.0	8.59033484936261	747.3205	747.3259	51250	59776	Pipistrellus pipistrellus	0.343	0.455	-1	Echolocation	192000	/home/adkris/Documents/mila-human-wav-txt/20220826_070000.WAV	1631	Waveform 1	1
HF	747.4729666666667	48750.0	48960.0	4.525670791700923	747.4695	747.4747	46953	56935	Pipistrellus pipistrellus	0.228	0.241	-1	Echolocation	192000	/home/adkris/Documents/mila-human-wav-txt/20220826_070000.WAV	1632	Waveform 1	1
HF	747.6431666666666	54000.0	53760.00000000001	8.910445946992766	747.6405	747.6465	47812	59624	Pipistrellus pipistrellus	0.409	0.49	-1	Echolocation	192000	/home/adkris/Documents/mila-human-wav-txt/20220826_070000.WAV	1633	Waveform 1	1
HF	747.9888333333333	53250.0	48000.0	3.3942491097000262	747.9855	747.992	35781	61516	Myotis brandtii	0.007	0.024	-1	Echolocation	192000	/home/adkris/Documents/mila-human-wav-txt/20220826_070000.WAV	1634	Waveform 1	1
HF	758.3084	48000.0	48000.0	3.817037901089622	758.3035	758.3096	46953	58962	Pipistrellus pipistrellus	0.452	0.514	-1	Echolocation	192000	/home/adkris/Documents/mila-human-wav-txt/20220826_070000.WAV	1635	Waveform 1	1
HF	759.1449333333334	50250.0	48960.0	2.8578637340778528	759.1385	759.1454	47812	56196	Pipistrellus pipistrellus	0.064	0.068	-1	Echolocation	192000	/home/adkris/Documents/mila-human-wav-txt/20220826_070000.WAV	1636	Waveform 1	1
HF	759.5157	52500.0	49920.0	12.170091801806326	759.5135	759.5188	46953	57655	Pipistrellus pipistrellus	0.424	0.452	-1	Echolocation	192000	/home/adkris/Documents/mila-human-wav-txt/20220826_070000.WAV	1637	Waveform 1	1
HF	759.6103666666667	52500.0	52800.00000000001	2.8172596890967023	759.6075	759.6133	49531	55335	Pipistrellus pipistrellus	0.109	0.117	-1	Echolocation	192000	/home/adkris/Documents/mila-human-wav-txt/20220826_070000.WAV	1638	Waveform 1	1
HF	759.6721666666666	50250.0	49920.0	4.872250828644332	759.6685	759.6735	49531	58606	Pipistrellus pipistrellus	0.472	0.496	-1	Echolocation	192000	/home/adkris/Documents/mila-human-wav-txt/20220826_070000.WAV	1639	Waveform 1	1
HF	759.7499	49500.0	49920.0	14.6593250516594	759.7455	759.7521	48671	58377	Pipistrellus pipistrellus	0.428	0.513	-1	Echolocation	192000	/home/adkris/Documents/mila-human-wav-txt/20220826_070000.WAV	1640	Waveform 1	1
HF	760.2079666666667	48750.0	48960.0	2.016478657088247	760.2045	760.2097	47812	63272	Pipistrellus pipistrellus	0.192	0.265	-1	Echolocation	192000	/home/adkris/Documents/mila-human-wav-txt/20220826_070000.WAV	1641	Waveform 1	1
HF	760.3373333333334	51000.0	50880.0	5.100622833060948	760.3345	760.3415	49531	56244	Pipistrellus pipistrellus	0.427	0.489	-1	Echolocation	192000	/home/adkris/Documents/mila-human-wav-txt/20220826_070000.WAV	1642	Waveform 1	1
HF	760.5037	54000.0	51840.0	6.807232464992062	760.5015	760.5068	48671	63613	Pipistrellus pipistrellus	0.386	0.462	-1	Echolocation	192000	/home/adkris/Documents/mila-human-wav-txt/20220826_070000.WAV	1643	Waveform 1	1
HF	760.6668999999999	48750.0	46080.0	3.894536727495847	760.6625	760.6691	45234	56266	Pipistrellus pipistrellus	0.217	0.253	-1	Echolocation	192000	/home/adkris/Documents/mila-human-wav-txt/20220826_070000.WAV	1644	Waveform 1	1
HF	760.7218333333333	48750.0	46080.0	2.7359889728723297	760.7195	760.727	46093	52542	Pipistrellus pipistrellus	0.111	0.116	-1	Echolocation	192000	/home/adkris/Documents/mila-human-wav-txt/20220826_070000.WAV	1645	Waveform 1	1
HF	760.7726666666666	51750.0	51840.0	3.8801465467767753	760.7695	760.775	46953	61236	Pipistrellus pipistrellus	0.138	0.232	-1	Echolocation	192000	/home/adkris/Documents/mila-human-wav-txt/20220826_070000.WAV	1646	Waveform 1	1
HF	760.8369	50250.0	51840.0	10.121080879376606	760.8325	760.8391	48671	61742	Pipistrellus pipistrellus	0.371	0.484	-1	Echolocation	192000	/home/adkris/Documents/mila-human-wav-txt/20220826_070000.WAV	1647	Waveform 1	1
HF	760.9151666666667	49500.0	48000.0	6.7843061662449635	760.9125	760.9185	47812	56606	Pipistrellus pipistrellus	0.496	0.554	-1	Echolocation	192000	/home/adkris/Documents/mila-human-wav-txt/20220826_070000.WAV	1648	Waveform 1	1
HF	760.9805333333334	54000.0	52800.00000000001	9.071508914632824	760.9785	760.9828	47812	59336	Pipistrellus pipistrellus	0.389	0.442	-1	Echolocation	192000	/home/adkris/Documents/mila-human-wav-txt/20220826_070000.WAV	1649	Waveform 1	1
HF	761.2488	54000.0	48960.0	5.4470821638523965	761.2475	761.2537	47812	57772	Pipistrellus pipistrellus	0.33	0.363	-1	Echolocation	192000	/home/adkris/Documents/mila-human-wav-txt/20220826_070000.WAV	1650	Waveform 1	1
HF	774.4131666666667	51000.0	49920.0	6.408256384145476	774.4105	774.4165	48671	56258	Pipistrellus pipistrellus	0.502	0.526	-1	Echolocation	192000	/home/adkris/Documents/mila-human-wav-txt/20220826_070000.WAV	1651	Waveform 1	1
HF	774.4963	52500.0	50880.0	1.9904454419971516	774.4945	774.5002	36640	63333	Myotis mystacinus	0.009	0.023	-1	Echolocation	192000	/home/adkris/Documents/mila-human-wav-txt/20220826_070000.WAV	1652	Waveform 1	1
HF	774.5917666666667	52500.0	49920.0	0.710786602851275	774.5885	774.5939	36640	64700	Myotis mystacinus	0.007	0.022	-1	Echolocation	192000	/home/adkris/Documents/mila-human-wav-txt/20220826_070000.WAV	1653	Waveform 1	1
HF	774.8757	50250.0	49920.0	5.358778223308718	774.8735	774.8788	48671	57156	Pipistrellus pipistrellus	0.548	0.566	-1	Echolocation	192000	/home/adkris/Documents/mila-human-wav-txt/20220826_070000.WAV	1654	Waveform 1	1
HF	775.0579	52500.0	52800.00000000001	6.354314591044395	775.0555	775.0606	46953	60109	Pipistrellus pipistrellus	0.45	0.479	-1	Echolocation	192000	/home/adkris/Documents/mila-human-wav-txt/20220826_070000.WAV	1655	Waveform 1	1
HF	775.1547333333333	49500.0	51840.0	8.117377353364851	775.1514999999999	775.1581	48671	60730	Pipistrellus pipistrellus	0.609	0.687	-1	Echolocation	192000	/home/adkris/Documents/mila-human-wav-txt/20220826_070000.WAV	1656	Waveform 1	1
HF	775.2378	54000.0	51840.0	8.434913141331839	775.2355	775.2407	34062	77502	Myotis mystacinus	0.012	0.033	-1	Echolocation	192000	/home/adkris/Documents/mila-human-wav-txt/20220826_070000.WAV	1657	Waveform 1	1
HF	775.4282333333333	55500.0	53760.00000000001	9.808416869948545	775.4255	775.4326	49531	62002	Pipistrellus pipistrellus	0.393	0.455	-1	Echolocation	192000	/home/adkris/Documents/mila-human-wav-txt/20220826_070000.WAV	1658	Waveform 1	1
HF	775.7998666666666	48750.0	46080.0	2.1935380380999767	775.7975	775.8038	46093	54690	Pipistrellus pipistrellus	0.316	0.324	-1	Echolocation	192000	/home/adkris/Documents/mila-human-wav-txt/20220826_070000.WAV	1659	Waveform 1	1
HF	775.9692666666666	51000.0	49920.0	6.152867204350282	775.9665	775.9724	48671	57695	Pipistrellus pipistrellus	0.442	0.505	-1	Echolocation	192000	/home/adkris/Documents/mila-human-wav-txt/20220826_070000.WAV	1660	Waveform 1	1
LF	779.4661666666667	24750.0	24960.0	3.436577142600897	779.4495	779.473	24609	28904	Nyctalus leisleri	0.086	0.215	-1	Echolocation	192000	/home/adkris/Documents/mila-human-wav-txt/20220826_070000.WAV	1661	Waveform 1	1
LF	780.0632333333333	24750.0	24960.0	3.051987870653294	780.0595	780.0761	23750	27703	Nyctalus leisleri	0.087	0.171	-1	Echolocation	192000	/home/adkris/Documents/mila-human-wav-txt/20220826_070000.WAV	1662	Waveform 1	1
LF	781.4709333333333	24000.0	24000.0	2.1954319280688117	781.4505	781.4714	24609	27847	Nyctalus leisleri	0.08	0.114	-1	Echolocation	192000	/home/adkris/Documents/mila-human-wav-txt/20220826_070000.WAV	1663	Waveform 1	1
LF	783.8002333333334	25500.0	24960.0	2.1304409079351156	783.7965	783.8166	23750	27305	Nyctalus leisleri	0.141	0.231	-1	Echolocation	192000	/home/adkris/Documents/mila-human-wav-txt/20220826_070000.WAV	1664	Waveform 1	1
HF	783.8965666666667	52500.0	52800.00000000001	4.898163497082296	783.8935	783.8991	50390	55634	Pipistrellus pipistrellus	0.15	0.161	-1	Echolocation	192000	/home/adkris/Documents/mila-human-wav-txt/20220826_070000.WAV	1665	Waveform 1	1
HF	783.9544333333333	49500.0	52800.00000000001	5.398028548873772	783.9525	783.9569	47812	56375	Pipistrellus pipistrellus	0.038	0.041	-1	Echolocation	192000	/home/adkris/Documents/mila-human-wav-txt/20220826_070000.WAV	1666	Waveform 1	1
LF	784.0534	24750.0	24960.0	4.977132666291622	784.0385	784.0626	23750	28198	Nyctalus leisleri	0.124	0.248	-1	Echolocation	192000	/home/adkris/Documents/mila-human-wav-txt/20220826_070000.WAV	1667	Waveform 1	1
HF	784.1268	50250.0	49920.0	13.78925109013344	784.1225	784.1292	48671	60372	Pipistrellus pipistrellus	0.453	0.583	-1	Echolocation	192000	/home/adkris/Documents/mila-human-wav-txt/20220826_070000.WAV	1668	Waveform 1	1
HF	784.4670333333333	49500.0	54719.99999999999	4.717368016080382	784.4635	784.4698	48671	61221	Pipistrellus pipistrellus	0.215	0.267	-1	Echolocation	192000	/home/adkris/Documents/mila-human-wav-txt/20220826_070000.WAV	1669	Waveform 1	1
HF	784.8957333333333	54000.0	53760.00000000001	4.142792364169447	784.8915	784.8971	49531	65612	Pipistrellus pipistrellus	0.178	0.288	-1	Echolocation	192000	/home/adkris/Documents/mila-human-wav-txt/20220826_070000.WAV	1670	Waveform 1	1
HF	784.9514333333333	50250.0	49920.0	8.983798820488271	784.9475	784.9534	47812	61606	Pipistrellus pipistrellus	0.311	0.394	-1	Echolocation	192000	/home/adkris/Documents/mila-human-wav-txt/20220826_070000.WAV	1671	Waveform 1	1
HF	785.0166333333333	54000.0	52800.00000000001	9.071412075750644	785.0135	785.0202	47812	64296	Pipistrellus pipistrellus	0.436	0.563	-1	Echolocation	192000	/home/adkris/Documents/mila-human-wav-txt/20220826_070000.WAV	1672	Waveform 1	1
HF	785.0859666666666	52500.0	53760.00000000001	2.9242287177296644	785.0815	785.0892	52109	58402	Pipistrellus pipistrellus	0.184	0.261	-1	Echolocation	192000	/home/adkris/Documents/mila-human-wav-txt/20220826_070000.WAV	1673	Waveform 1	1
HF	785.2641333333333	55500.0	55679.99999999999	7.2042949007407096	785.2625	785.2672	47812	60506	Pipistrellus pipistrellus	0.195	0.272	-1	Echolocation	192000	/home/adkris/Documents/mila-human-wav-txt/20220826_070000.WAV	1674	Waveform 1	1
HF	785.3423	55500.0	55679.99999999999	7.681234069053148	785.3395	785.3442	47812	61208	Pipistrellus pipistrellus	0.25	0.332	-1	Echolocation	192000	/home/adkris/Documents/mila-human-wav-txt/20220826_070000.WAV	1675	Waveform 1	1
HF	786.0539333333334	54000.0	52800.00000000001	7.213513581360931	786.0505	786.0569	50390	55895	Pipistrellus pipistrellus	0.11	0.16	-1	Echolocation	192000	/home/adkris/Documents/mila-human-wav-txt/20220826_070000.WAV	1676	Waveform 1	1
LF	800.5802666666667	24750.0	24960.0	1.8573277730171387	800.5715	800.5889	23750	27807	Nyctalus leisleri	0.296	0.403	-1	Echolocation	192000	/home/adkris/Documents/mila-human-wav-txt/20220826_070000.WAV	1677	Waveform 1	1
LF	801.2252333333333	23250.0	24960.0	2.3464987053612396	801.2145	801.2311	23750	28237	Nyctalus leisleri	0.106	0.247	-1	Echolocation	192000	/home/adkris/Documents/mila-human-wav-txt/20220826_070000.WAV	1678	Waveform 1	1
LF	801.5263333333334	24750.0	24960.0	2.954866270599952	801.5135	801.535	23750	28046	Nyctalus leisleri	0.297	0.413	-1	Echolocation	192000	/home/adkris/Documents/mila-human-wav-txt/20220826_070000.WAV	1679	Waveform 1	1
LF	802.1134333333333	24750.0	24960.0	2.686810219454594	802.1045	802.1229	23750	27445	Nyctalus leisleri	0.205	0.296	-1	Echolocation	192000	/home/adkris/Documents/mila-human-wav-txt/20220826_070000.WAV	1680	Waveform 1	1
LF	802.8422	25500.0	25920.0	6.886574685969105	802.8325	802.8513	24609	27346	Nyctalus leisleri	0.508	0.584	-1	Echolocation	192000	/home/adkris/Documents/mila-human-wav-txt/20220826_070000.WAV	1681	Waveform 1	1
LF	803.5521333333334	26250.0	25920.0	13.38434752867137	803.5475	803.5632	24609	28302	Nyctalus leisleri	0.463	0.601	-1	Echolocation	192000	/home/adkris/Documents/mila-human-wav-txt/20220826_070000.WAV	1682	Waveform 1	1
LF	803.9743	24750.0	24960.0	4.190455284653739	803.9625	803.9827	23750	27815	Nyctalus leisleri	0.274	0.389	-1	Echolocation	192000	/home/adkris/Documents/mila-human-wav-txt/20220826_070000.WAV	1683	Waveform 1	1
LF	804.6870333333334	24750.0	24960.0	5.320542683933022	804.6735	804.6943	23750	28063	Nyctalus leisleri	0.257	0.411	-1	Echolocation	192000	/home/adkris/Documents/mila-human-wav-txt/20220826_070000.WAV	1684	Waveform 1	1
LF	805.1228	24000.0	24960.0	13.768602144547462	805.1095	805.1352	23750	27581	Nyctalus leisleri	0.332	0.414	-1	Echolocation	192000	/home/adkris/Documents/mila-human-wav-txt/20220826_070000.WAV	1685	Waveform 1	1
LF	805.5455	24750.0	24960.0	3.3414652075303	805.5305	805.5545	23750	28196	Nyctalus leisleri	0.217	0.329	-1	Echolocation	192000	/home/adkris/Documents/mila-human-wav-txt/20220826_070000.WAV	1686	Waveform 1	1
LF	805.9829666666667	24750.0	24960.0	17.744168665100148	805.9705	805.9912	23750	27723	Nyctalus leisleri	0.373	0.521	-1	Echolocation	192000	/home/adkris/Documents/mila-human-wav-txt/20220826_070000.WAV	1687	Waveform 1	1
LF	806.2564666666667	24750.0	24960.0	10.549718919858194	806.2455	806.2712	23750	27197	Nyctalus leisleri	0.242	0.286	-1	Echolocation	192000	/home/adkris/Documents/mila-human-wav-txt/20220826_070000.WAV	1688	Waveform 1	1
LF	806.6877333333333	24000.0	24960.0	5.49944903018398	806.6795	806.6951	23750	26464	Nyctalus leisleri	0.456	0.517	-1	Echolocation	192000	/home/adkris/Documents/mila-human-wav-txt/20220826_070000.WAV	1689	Waveform 1	1
LF	806.9846333333334	24000.0	24960.0	17.433819009412773	806.9695	806.9922	23750	27665	Nyctalus leisleri	0.361	0.458	-1	Echolocation	192000	/home/adkris/Documents/mila-human-wav-txt/20220826_070000.WAV	1690	Waveform 1	1
LF	807.5507333333334	24000.0	24960.0	5.394908595791473	807.5345	807.5596	23750	27966	Nyctalus leisleri	0.287	0.362	-1	Echolocation	192000	/home/adkris/Documents/mila-human-wav-txt/20220826_070000.WAV	1691	Waveform 1	1
LF	808.0106	24750.0	25920.0	7.980068924021822	808.0015	808.0139	22890	28317	Nyctalus leisleri	0.019	0.04	-1	Echolocation	192000	/home/adkris/Documents/mila-human-wav-txt/20220826_070000.WAV	1692	Waveform 1	1
LF	808.4432	24000.0	25920.0	4.597789702989982	808.4245	808.4448	25468	29095	Nyctalus leisleri	0.199	0.289	-1	Echolocation	192000	/home/adkris/Documents/mila-human-wav-txt/20220826_070000.WAV	1693	Waveform 1	1
LF	809.4630333333333	25500.0	25920.0	5.194851746761435	809.4535	809.4713	24609	28786	Nyctalus leisleri	0.153	0.32	-1	Echolocation	192000	/home/adkris/Documents/mila-human-wav-txt/20220826_070000.WAV	1694	Waveform 1	1
LF	811.5989666666667	25500.0	24960.0	9.844358019893368	811.5895	811.6062	24609	27965	Nyctalus leisleri	0.349	0.468	-1	Echolocation	192000	/home/adkris/Documents/mila-human-wav-txt/20220826_070000.WAV	1695	Waveform 1	1
LF	812.4618	24750.0	24960.0	10.455183703264176	812.4535	812.4772	23750	27761	Nyctalus leisleri	0.264	0.352	-1	Echolocation	192000	/home/adkris/Documents/mila-human-wav-txt/20220826_070000.WAV	1696	Waveform 1	1
LF	813.3887333333333	26250.0	25920.0	7.613967936394827	813.3835	813.4021	24609	27605	Nyctalus leisleri	0.247	0.346	-1	Echolocation	192000	/home/adkris/Documents/mila-human-wav-txt/20220826_070000.WAV	1697	Waveform 1	1
LF	814.1506666666667	24750.0	24960.0	6.054589617964426	814.1335	814.153	25468	28944	Nyctalus leisleri	0.119	0.211	-1	Echolocation	192000	/home/adkris/Documents/mila-human-wav-txt/20220826_070000.WAV	1698	Waveform 1	1
LF	814.9271333333334	24000.0	24960.0	4.472261615099792	814.9055	814.9322	23750	27999	Nyctalus leisleri	0.178	0.279	-1	Echolocation	192000	/home/adkris/Documents/mila-human-wav-txt/20220826_070000.WAV	1699	Waveform 1	1
HF	814.9769666666666	48000.0	52800.00000000001	2.265222608624955	814.9755	814.9862	47812	56352	Pipistrellus pipistrellus	0.03	0.036	-1	Echolocation	192000	/home/adkris/Documents/mila-human-wav-txt/20220826_070000.WAV	1700	Waveform 1	1
HF	815.0777333333333	55500.0	48960.0	4.402252858775209	815.0745	815.0811	46953	58088	Pipistrellus pipistrellus	0.083	0.092	-1	Echolocation	192000	/home/adkris/Documents/mila-human-wav-txt/20220826_070000.WAV	1701	Waveform 1	1
HF	815.1723	54750.0	48000.0	1.962121767224116	815.1715	815.1782	46093	56001	Pipistrellus pipistrellus	0.02	0.023	-1	Echolocation	192000	/home/adkris/Documents/mila-human-wav-txt/20220826_070000.WAV	1702	Waveform 1	1
HF	815.2975333333334	48750.0	48960.0	4.022034159156168	815.2955	815.2998	47812	56966	Pipistrellus pipistrellus	0.156	0.165	-1	Echolocation	192000	/home/adkris/Documents/mila-human-wav-txt/20220826_070000.WAV	1703	Waveform 1	1
HF	815.5778	50250.0	48960.0	10.114744234460224	815.5755	815.5807	47812	57204	Pipistrellus pipistrellus	0.467	0.507	-1	Echolocation	192000	/home/adkris/Documents/mila-human-wav-txt/20220826_070000.WAV	1704	Waveform 1	1
HF	815.6582	51000.0	49920.0	8.158996745852491	815.6555	815.6603	47812	59016	Pipistrellus pipistrellus	0.36	0.385	-1	Echolocation	192000	/home/adkris/Documents/mila-human-wav-txt/20220826_070000.WAV	1705	Waveform 1	1
LF	815.6979666666666	24750.0	24960.0	4.828047443959787	815.6885	815.7122	23750	27892	Nyctalus leisleri	0.162	0.238	-1	Echolocation	192000	/home/adkris/Documents/mila-human-wav-txt/20220826_070000.WAV	1706	Waveform 1	1
HF	815.7572333333334	48000.0	49920.0	3.0967533802757297	815.7535	815.7596	47812	56828	Pipistrellus pipistrellus	0.426	0.446	-1	Echolocation	192000	/home/adkris/Documents/mila-human-wav-txt/20220826_070000.WAV	1707	Waveform 1	1
HF	815.9588333333334	49500.0	49920.0	5.0068752119078805	815.9545	815.96	48671	58896	Pipistrellus pipistrellus	0.311	0.341	-1	Echolocation	192000	/home/adkris/Documents/mila-human-wav-txt/20220826_070000.WAV	1708	Waveform 1	1
HF	816.0561	58500.0	58560.0	2.1734619451529884	816.0545	816.0604	58125	65029	Pipistrellus pygmaeus	0.052	0.053	-1	Echolocation	192000	/home/adkris/Documents/mila-human-wav-txt/20220826_070000.WAV	1709	Waveform 1	1
HF	816.2027666666667	49500.0	49920.0	8.81792806911934	816.1995	816.2049	48671	59862	Pipistrellus pipistrellus	0.438	0.51	-1	Echolocation	192000	/home/adkris/Documents/mila-human-wav-txt/20220826_070000.WAV	1710	Waveform 1	1
HF	816.2677666666667	52500.0	49920.0	11.919293452763142	816.2645	816.2699	46953	60576	Pipistrellus pipistrellus	0.346	0.403	-1	Echolocation	192000	/home/adkris/Documents/mila-human-wav-txt/20220826_070000.WAV	1711	Waveform 1	1
HF	816.3576	52500.0	55679.99999999999	3.3339612375472223	816.3535	816.3604	52109	60920	Pipistrellus pipistrellus	0.207	0.316	-1	Echolocation	192000	/home/adkris/Documents/mila-human-wav-txt/20220826_070000.WAV	1712	Waveform 1	1
LF	816.4428333333333	24750.0	24960.0	2.022940157838424	816.4295	816.4505	23750	29063	Nyctalus leisleri	0.086	0.225	-1	Echolocation	192000	/home/adkris/Documents/mila-human-wav-txt/20220826_070000.WAV	1713	Waveform 1	1
HF	816.5563333333333	49500.0	48960.0	11.851525916533843	816.5525	816.5585	48671	60139	Pipistrellus pipistrellus	0.483	0.594	-1	Echolocation	192000	/home/adkris/Documents/mila-human-wav-txt/20220826_070000.WAV	1714	Waveform 1	1
HF	816.646	50250.0	49920.0	5.417349769560308	816.6435	816.6485	48671	59839	Pipistrellus pipistrellus	0.535	0.591	-1	Echolocation	192000	/home/adkris/Documents/mila-human-wav-txt/20220826_070000.WAV	1715	Waveform 1	1
HF	816.7152333333333	50250.0	49920.0	6.905549850979207	816.7125	816.7161	48671	67672	Pipistrellus pipistrellus	0.309	0.412	-1	Echolocation	192000	/home/adkris/Documents/mila-human-wav-txt/20220826_070000.WAV	1716	Waveform 1	1
HF	816.7708333333334	51750.0	49920.0	3.3874889419304215	816.7675	816.774	47812	62948	Pipistrellus pipistrellus	0.415	0.514	-1	Echolocation	192000	/home/adkris/Documents/mila-human-wav-txt/20220826_070000.WAV	1717	Waveform 1	1
HF	816.9701	55500.0	49920.0	4.950239343685668	816.9675	816.9724	48671	63207	Pipistrellus pipistrellus	0.412	0.493	-1	Echolocation	192000	/home/adkris/Documents/mila-human-wav-txt/20220826_070000.WAV	1718	Waveform 1	1
HF	817.017	57000.0	53760.00000000001	6.1423195137287045	817.0145	817.0195	49531	63839	Pipistrellus pipistrellus	0.279	0.401	-1	Echolocation	192000	/home/adkris/Documents/mila-human-wav-txt/20220826_070000.WAV	1719	Waveform 1	1
HF	817.0752666666667	57000.0	55679.99999999999	9.58821834699954	817.0725	817.0784	52968	63392	Pipistrellus pipistrellus	0.343	0.504	-1	Echolocation	192000	/home/adkris/Documents/mila-human-wav-txt/20220826_070000.WAV	1720	Waveform 1	1
HF	817.1642	57000.0	55679.99999999999	9.679042037804493	817.1615	817.1663	51250	66515	Pipistrellus pipistrellus	0.131	0.23	-1	Echolocation	192000	/home/adkris/Documents/mila-human-wav-txt/20220826_070000.WAV	1721	Waveform 1	1
LF	817.2168	25500.0	25920.0	3.6086813808417895	817.2115	817.2312	23750	27931	Nyctalus leisleri	0.157	0.352	-1	Echolocation	192000	/home/adkris/Documents/mila-human-wav-txt/20220826_070000.WAV	1722	Waveform 1	1
HF	817.3285666666667	57000.0	52800.00000000001	3.861199344958352	817.3255	817.3311	51250	62141	Pipistrellus pipistrellus	0.158	0.23	-1	Echolocation	192000	/home/adkris/Documents/mila-human-wav-txt/20220826_070000.WAV	1723	Waveform 1	1
HF	817.4149	54000.0	53760.00000000001	10.205725394517486	817.4105	817.4171	51250	64084	Pipistrellus pipistrellus	0.213	0.356	-1	Echolocation	192000	/home/adkris/Documents/mila-human-wav-txt/20220826_070000.WAV	1724	Waveform 1	1
HF	817.5432	52500.0	47040.0	3.852196142607465	817.5395	817.5468	44375	58533	Pipistrellus pipistrellus	0.146	0.237	-1	Echolocation	192000	/home/adkris/Documents/mila-human-wav-txt/20220826_070000.WAV	1725	Waveform 1	1
HF	817.6759666666667	50250.0	49920.0	5.138324909073988	817.6735	817.6797	47812	57009	Pipistrellus pipistrellus	0.452	0.486	-1	Echolocation	192000	/home/adkris/Documents/mila-human-wav-txt/20220826_070000.WAV	1726	Waveform 1	1
HF	817.7350666666666	49500.0	49920.0	11.647625408446412	817.7315	817.7366	48671	61734	Pipistrellus pipistrellus	0.497	0.539	-1	Echolocation	192000	/home/adkris/Documents/mila-human-wav-txt/20220826_070000.WAV	1727	Waveform 1	1
HF	818.0913	53250.0	48960.0	5.974237457699738	818.0895	818.0952	47812	56378	Pipistrellus pipistrellus	0.102	0.132	-1	Echolocation	192000	/home/adkris/Documents/mila-human-wav-txt/20220826_070000.WAV	1728	Waveform 1	1
HF	818.7317	54750.0	52800.00000000001	5.721292548391739	818.7275	818.7343	51250	61110	Pipistrellus pipistrellus	0.194	0.343	-1	Echolocation	192000	/home/adkris/Documents/mila-human-wav-txt/20220826_070000.WAV	1729	Waveform 1	1
HF	863.2409	52500.0	52800.00000000001	0.9944194373098716	863.2385	863.2436	48671	55556	Pipistrellus pipistrellus	0.056	0.059	-1	Echolocation	192000	/home/adkris/Documents/mila-human-wav-txt/20220826_070000.WAV	1730	Waveform 1	1
HF	863.3026	49500.0	49920.0	11.0591536986428	863.2985	863.3054	48671	60305	Pipistrellus pipistrellus	0.37	0.567	-1	Echolocation	192000	/home/adkris/Documents/mila-human-wav-txt/20220826_070000.WAV	1731	Waveform 1	1
HF	863.7542333333333	56250.0	48960.0	8.892465750278234	863.7525	863.7571	47812	60315	Pipistrellus pipistrellus	0.462	0.521	-1	Echolocation	192000	/home/adkris/Documents/mila-human-wav-txt/20220826_070000.WAV	1732	Waveform 1	1
HF	863.8178666666666	56250.0	55679.99999999999	5.760708809280728	863.8145	863.8198	51250	60739	Pipistrellus pipistrellus	0.141	0.193	-1	Echolocation	192000	/home/adkris/Documents/mila-human-wav-txt/20220826_070000.WAV	1733	Waveform 1	1
HF	876.6768	48750.0	48960.0	4.889108070133156	876.6725	876.6792	47812	53987	Pipistrellus pipistrellus	0.159	0.184	-1	Echolocation	192000	/home/adkris/Documents/mila-human-wav-txt/20220826_070000.WAV	1734	Waveform 1	1
HF	876.7621666666666	49500.0	48960.0	4.379684326862573	876.7595	876.7655	47812	55039	Pipistrellus pipistrellus	0.101	0.108	-1	Echolocation	192000	/home/adkris/Documents/mila-human-wav-txt/20220826_070000.WAV	1735	Waveform 1	1
HF	903.9663666666668	49500.0	48960.0	6.092889226798283	903.9635	903.9693	47812	55807	Pipistrellus pipistrellus	0.397	0.436	-1	Echolocation	192000	/home/adkris/Documents/mila-human-wav-txt/20220826_070000.WAV	1736	Waveform 1	1
HF	904.2331	53250.0	53760.00000000001	2.855390929306573	904.2305	904.2354	48671	58922	Pipistrellus pipistrellus	0.214	0.296	-1	Echolocation	192000	/home/adkris/Documents/mila-human-wav-txt/20220826_070000.WAV	1737	Waveform 1	1
HF	904.4575333333332	54000.0	52800.00000000001	1.8461130129520271	904.4565	904.4618	49531	58917	Pipistrellus pygmaeus	0.141	0.252	-1	Echolocation	192000	/home/adkris/Documents/mila-human-wav-txt/20220826_070000.WAV	1738	Waveform 1	1
HF	904.5429666666666	54000.0	53760.00000000001	7.603249626028685	904.5395	904.5447	48671	59000	Pipistrellus pipistrellus	0.297	0.367	-1	Echolocation	192000	/home/adkris/Documents/mila-human-wav-txt/20220826_070000.WAV	1739	Waveform 1	1
HF	904.6316	52500.0	53760.00000000001	7.30953035061424	904.6285	904.6329	49531	59453	Pipistrellus pipistrellus	0.332	0.46	-1	Echolocation	192000	/home/adkris/Documents/mila-human-wav-txt/20220826_070000.WAV	1740	Waveform 1	1
HF	904.7376333333332	54000.0	52800.00000000001	2.965908266929469	904.7345	904.7412	50390	59074	Pipistrellus pygmaeus	0.105	0.148	-1	Echolocation	192000	/home/adkris/Documents/mila-human-wav-txt/20220826_070000.WAV	1741	Waveform 1	1
HF	904.9076666666666	52500.0	53760.00000000001	8.744221426665346	904.9045	904.91	52109	59833	Pipistrellus pygmaeus	0.377	0.444	-1	Echolocation	192000	/home/adkris/Documents/mila-human-wav-txt/20220826_070000.WAV	1742	Waveform 1	1
HF	904.964	52500.0	52800.00000000001	2.2921000562901135	904.9615	904.9665	49531	58033	Pipistrellus pipistrellus	0.104	0.112	-1	Echolocation	192000	/home/adkris/Documents/mila-human-wav-txt/20220826_070000.WAV	1743	Waveform 1	1
HF	905.2375333333332	53250.0	52800.00000000001	14.50341574503721	905.2355	905.2398	49531	58585	Pipistrellus pipistrellus	0.387	0.522	-1	Echolocation	192000	/home/adkris/Documents/mila-human-wav-txt/20220826_070000.WAV	1744	Waveform 1	1
HF	905.3254	52500.0	49920.0	12.198905921213992	905.3215	905.3286	48671	60491	Pipistrellus pipistrellus	0.407	0.596	-1	Echolocation	192000	/home/adkris/Documents/mila-human-wav-txt/20220826_070000.WAV	1745	Waveform 1	1
HF	905.4116333333334	52500.0	51840.0	3.644466565984307	905.4095	905.4137	49531	59973	Pipistrellus pipistrellus	0.308	0.366	-1	Echolocation	192000	/home/adkris/Documents/mila-human-wav-txt/20220826_070000.WAV	1746	Waveform 1	1
HF	905.4974333333332	53250.0	54719.99999999999	10.62339889200035	905.4955	905.4999	47812	60133	Pipistrellus pipistrellus	0.422	0.532	-1	Echolocation	192000	/home/adkris/Documents/mila-human-wav-txt/20220826_070000.WAV	1747	Waveform 1	1
HF	905.5861666666668	53250.0	52800.00000000001	6.1510479898555275	905.5825	905.5875	48671	59384	Pipistrellus pipistrellus	0.141	0.23	-1	Echolocation	192000	/home/adkris/Documents/mila-human-wav-txt/20220826_070000.WAV	1748	Waveform 1	1
HF	905.6754666666668	54750.0	48960.0	3.7879126945316512	905.6735	905.6802	46953	58791	Pipistrellus pipistrellus	0.377	0.502	-1	Echolocation	192000	/home/adkris/Documents/mila-human-wav-txt/20220826_070000.WAV	1749	Waveform 1	1
HF	962.5539	52500.0	52800.00000000001	7.467841131772443	962.5515	962.5601	49531	61457	Pipistrellus pipistrellus	0.45	0.558	-1	Echolocation	192000	/home/adkris/Documents/mila-human-wav-txt/20220826_070000.WAV	1750	Waveform 1	1
HF	962.6411333333332	51750.0	49920.0	1.3776298954208892	962.6365	962.6452	48671	54932	Pipistrellus pipistrellus	0.129	0.14	-1	Echolocation	192000	/home/adkris/Documents/mila-human-wav-txt/20220826_070000.WAV	1751	Waveform 1	1
HF	962.7287	53250.0	52800.00000000001	11.048035678493694	962.7255	962.7333	49531	62468	Pipistrellus pipistrellus	0.378	0.514	-1	Echolocation	192000	/home/adkris/Documents/mila-human-wav-txt/20220826_070000.WAV	1752	Waveform 1	1
HF	962.8412	51750.0	51840.0	5.782317415019714	962.8375	962.8448	49531	57744	Pipistrellus pipistrellus	0.347	0.422	-1	Echolocation	192000	/home/adkris/Documents/mila-human-wav-txt/20220826_070000.WAV	1753	Waveform 1	1
HF	963.0203	53250.0	52800.00000000001	12.076560954676502	963.0165	963.0237	49531	60249	Pipistrellus pipistrellus	0.417	0.491	-1	Echolocation	192000	/home/adkris/Documents/mila-human-wav-txt/20220826_070000.WAV	1754	Waveform 1	1
HF	963.1069	53250.0	52800.00000000001	13.481353034919728	963.1015	963.1106	48671	61666	Pipistrellus pipistrellus	0.375	0.535	-1	Echolocation	192000	/home/adkris/Documents/mila-human-wav-txt/20220826_070000.WAV	1755	Waveform 1	1
HF	963.2032333333332	51000.0	50880.0	7.870520894981605	963.1965	963.2066	48671	60834	Pipistrellus pipistrellus	0.372	0.514	-1	Echolocation	192000	/home/adkris/Documents/mila-human-wav-txt/20220826_070000.WAV	1756	Waveform 1	1
HF	963.3684	53250.0	52800.00000000001	16.37661272802497	963.3645	963.3751	47812	62388	Pipistrellus pipistrellus	0.352	0.544	-1	Echolocation	192000	/home/adkris/Documents/mila-human-wav-txt/20220826_070000.WAV	1757	Waveform 1	1
HF	963.4852666666668	49500.0	49920.0	2.9844006383448174	963.4825	963.4884	34921	72020	Myotis mystacinus	0.016	0.04	-1	Echolocation	192000	/home/adkris/Documents/mila-human-wav-txt/20220826_070000.WAV	1758	Waveform 1	1
HF	963.5450333333332	48750.0	48960.0	14.825944418966165	963.5375	963.5468	46953	64198	Pipistrellus pipistrellus	0.409	0.558	-1	Echolocation	192000	/home/adkris/Documents/mila-human-wav-txt/20220826_070000.WAV	1759	Waveform 1	1
HF	963.6572	49500.0	51840.0	10.103873880787004	963.6485	963.6578	48671	61028	Pipistrellus pipistrellus	0.36	0.531	-1	Echolocation	192000	/home/adkris/Documents/mila-human-wav-txt/20220826_070000.WAV	1760	Waveform 1	1
HF	963.7348333333332	57000.0	56640.0	12.69457731644194	963.7295	963.7375	57265	64603	Pipistrellus pygmaeus	0.026	0.029	-1	Echolocation	192000	/home/adkris/Documents/mila-human-wav-txt/20220826_070000.WAV	1761	Waveform 1	1
HF	963.8127	53250.0	53760.00000000001	17.481576186184814	963.8055	963.8128	47812	65518	Pipistrellus pipistrellus	0.423	0.505	-1	Echolocation	192000	/home/adkris/Documents/mila-human-wav-txt/20220826_070000.WAV	1762	Waveform 1	1
HF	963.8654333333334	53250.0	52800.00000000001	9.062902778654973	963.8645	963.8699	48671	61777	Pipistrellus pipistrellus	0.316	0.364	-1	Echolocation	192000	/home/adkris/Documents/mila-human-wav-txt/20220826_070000.WAV	1763	Waveform 1	1
HF	964.0524333333332	54750.0	54719.99999999999	15.87839139388337	964.0475	964.0559	49531	65111	Pipistrellus pipistrellus	0.246	0.432	-1	Echolocation	192000	/home/adkris/Documents/mila-human-wav-txt/20220826_070000.WAV	1764	Waveform 1	1
HF	964.1011	54000.0	52800.00000000001	15.26964145132318	964.0955	964.1044	52109	65681	Pipistrellus pipistrellus	0.2	0.343	-1	Echolocation	192000	/home/adkris/Documents/mila-human-wav-txt/20220826_070000.WAV	1765	Waveform 1	1
HF	964.1562	53250.0	52800.00000000001	11.480284428131696	964.1495	964.1608	52109	64723	Pipistrellus pipistrellus	0.252	0.549	-1	Echolocation	192000	/home/adkris/Documents/mila-human-wav-txt/20220826_070000.WAV	1766	Waveform 1	1
HF	964.2183666666666	53250.0	52800.00000000001	9.35572639329653	964.2165	964.2233	48671	66763	Pipistrellus pipistrellus	0.337	0.475	-1	Echolocation	192000	/home/adkris/Documents/mila-human-wav-txt/20220826_070000.WAV	1767	Waveform 1	1
HF	964.2882333333332	53250.0	52800.00000000001	15.504515031460208	964.2835	964.2921	47812	64523	Pipistrellus pipistrellus	0.429	0.575	-1	Echolocation	192000	/home/adkris/Documents/mila-human-wav-txt/20220826_070000.WAV	1768	Waveform 1	1
HF	964.3402666666668	53250.0	52800.00000000001	22.51106382140705	964.3375	964.3434	48671	70778	Pipistrellus pipistrellus	0.441	0.613	-1	Echolocation	192000	/home/adkris/Documents/mila-human-wav-txt/20220826_070000.WAV	1769	Waveform 1	1
HF	964.4665666666668	54750.0	52800.00000000001	14.534385428766832	964.4625	964.4671	50390	65573	Pipistrellus pipistrellus	0.503	0.64	-1	Echolocation	192000	/home/adkris/Documents/mila-human-wav-txt/20220826_070000.WAV	1770	Waveform 1	1
HF	964.5952333333332	54000.0	53760.00000000001	16.157596496263615	964.5905	964.5956	49531	66091	Pipistrellus pipistrellus	0.467	0.537	-1	Echolocation	192000	/home/adkris/Documents/mila-human-wav-txt/20220826_070000.WAV	1771	Waveform 1	1
HF	964.6646666666668	54750.0	52800.00000000001	8.472604669842172	964.6615	964.667	34921	74798	Myotis brandtii	0.008	0.025	-1	Echolocation	192000	/home/adkris/Documents/mila-human-wav-txt/20220826_070000.WAV	1772	Waveform 1	1
HF	964.7388333333332	54750.0	53760.00000000001	21.35829342928357	964.7345	964.74	47812	68451	Pipistrellus pipistrellus	0.354	0.484	-1	Echolocation	192000	/home/adkris/Documents/mila-human-wav-txt/20220826_070000.WAV	1773	Waveform 1	1
HF	964.8100666666668	54000.0	52800.00000000001	22.54909488985146	964.8055	964.8131	47812	71851	Pipistrellus pipistrellus	0.384	0.497	-1	Echolocation	192000	/home/adkris/Documents/mila-human-wav-txt/20220826_070000.WAV	1774	Waveform 1	1
HF	964.8717666666666	54750.0	52800.00000000001	19.636035264755197	964.8685	964.8739	47812	66101	Pipistrellus pipistrellus	0.382	0.524	-1	Echolocation	192000	/home/adkris/Documents/mila-human-wav-txt/20220826_070000.WAV	1775	Waveform 1	1
HF	964.9387333333332	54000.0	53760.00000000001	12.96900151590724	964.9355	964.9421	48671	63186	Pipistrellus pipistrellus	0.451	0.55	-1	Echolocation	192000	/home/adkris/Documents/mila-human-wav-txt/20220826_070000.WAV	1776	Waveform 1	1
HF	964.9980333333332	54000.0	53760.00000000001	25.351596471631368	964.9955	965.0028	48671	65527	Pipistrellus pipistrellus	0.357	0.464	-1	Echolocation	192000	/home/adkris/Documents/mila-human-wav-txt/20220826_070000.WAV	1777	Waveform 1	1
HF	965.0840333333332	52500.0	52800.00000000001	15.963625450703905	965.0785	965.0863	47812	64382	Pipistrellus pipistrellus	0.432	0.581	-1	Echolocation	192000	/home/adkris/Documents/mila-human-wav-txt/20220826_070000.WAV	1778	Waveform 1	1
HF	965.1721333333334	53250.0	52800.00000000001	24.873238929078497	965.1665	965.1742	46953	65323	Pipistrellus pipistrellus	0.434	0.583	-1	Echolocation	192000	/home/adkris/Documents/mila-human-wav-txt/20220826_070000.WAV	1779	Waveform 1	1
HF	965.2628333333332	52500.0	52800.00000000001	16.358774376746585	965.2595	965.2695	48671	64597	Pipistrellus pipistrellus	0.274	0.518	-1	Echolocation	192000	/home/adkris/Documents/mila-human-wav-txt/20220826_070000.WAV	1780	Waveform 1	1
HF	965.3504666666666	53250.0	52800.00000000001	25.268808114395288	965.3475	965.3567	47812	66140	Pipistrellus pipistrellus	0.428	0.708	-1	Echolocation	192000	/home/adkris/Documents/mila-human-wav-txt/20220826_070000.WAV	1781	Waveform 1	1
HF	965.44	55500.0	56640.0	14.530560986662824	965.4335	965.4415	58125	64176	Pipistrellus pygmaeus	0.026	0.028	-1	Echolocation	192000	/home/adkris/Documents/mila-human-wav-txt/20220826_070000.WAV	1782	Waveform 1	1
HF	965.5489	53250.0	52800.00000000001	29.158793621011373	965.5405	965.5501	48671	63756	Pipistrellus pipistrellus	0.437	0.628	-1	Echolocation	192000	/home/adkris/Documents/mila-human-wav-txt/20220826_070000.WAV	1783	Waveform 1	1
HF	965.9156333333332	56250.0	57600.0	18.277732335813855	965.9125	965.9192	55546	64403	Pipistrellus pygmaeus	0.035	0.038	-1	Echolocation	192000	/home/adkris/Documents/mila-human-wav-txt/20220826_070000.WAV	1784	Waveform 1	1
HF	966.0124333333332	55500.0	52800.00000000001	6.04928318412597	966.0015	966.0144	48671	59476	Pipistrellus pipistrellus	0.081	0.111	-1	Echolocation	192000	/home/adkris/Documents/mila-human-wav-txt/20220826_070000.WAV	1785	Waveform 1	1
HF	966.1017	48750.0	48960.0	23.835756257993022	966.0975	966.1078	46953	64077	Pipistrellus pipistrellus	0.44	0.673	-1	Echolocation	192000	/home/adkris/Documents/mila-human-wav-txt/20220826_070000.WAV	1786	Waveform 1	1
HF	966.2012	57750.0	55679.99999999999	4.9444507407074845	966.1965	966.2028	56406	63824	Pipistrellus pygmaeus	0.026	0.028	-1	Echolocation	192000	/home/adkris/Documents/mila-human-wav-txt/20220826_070000.WAV	1787	Waveform 1	1
HF	966.2919666666668	54000.0	52800.00000000001	20.3553218019643	966.2865	966.2967	46953	60185	Pipistrellus pipistrellus	0.359	0.51	-1	Echolocation	192000	/home/adkris/Documents/mila-human-wav-txt/20220826_070000.WAV	1788	Waveform 1	1
HF	966.3740333333334	52500.0	52800.00000000001	22.01956262855464	966.3685	966.3763	46953	65067	Pipistrellus pipistrellus	0.471	0.666	-1	Echolocation	192000	/home/adkris/Documents/mila-human-wav-txt/20220826_070000.WAV	1789	Waveform 1	1
HF	966.5559	49500.0	52800.00000000001	13.7958334495825	966.5485	966.5591	46953	60349	Pipistrellus pipistrellus	0.288	0.506	-1	Echolocation	192000	/home/adkris/Documents/mila-human-wav-txt/20220826_070000.WAV	1790	Waveform 1	1
HF	966.6501333333332	49500.0	48960.0	2.489989841168882	966.6425	966.6517	47812	59684	Pipistrellus pipistrellus	0.241	0.268	-1	Echolocation	192000	/home/adkris/Documents/mila-human-wav-txt/20220826_070000.WAV	1791	Waveform 1	1
HF	966.8129	49500.0	48960.0	11.484736726668697	966.8075	966.8166	47812	59424	Pipistrellus pipistrellus	0.363	0.522	-1	Echolocation	192000	/home/adkris/Documents/mila-human-wav-txt/20220826_070000.WAV	1792	Waveform 1	1
HF	966.9009666666668	50250.0	49920.0	6.490865357787997	966.8935	966.9017	48671	59685	Pipistrellus pipistrellus	0.354	0.47	-1	Echolocation	192000	/home/adkris/Documents/mila-human-wav-txt/20220826_070000.WAV	1793	Waveform 1	1
HF	966.9899333333332	48750.0	52800.00000000001	13.355313604410131	966.9805	966.9914	48671	63578	Pipistrellus pipistrellus	0.316	0.537	-1	Echolocation	192000	/home/adkris/Documents/mila-human-wav-txt/20220826_070000.WAV	1794	Waveform 1	1
HF	967.0815	48750.0	48960.0	9.487066314685404	967.0735	967.0835	47812	61135	Pipistrellus pipistrellus	0.351	0.578	-1	Echolocation	192000	/home/adkris/Documents/mila-human-wav-txt/20220826_070000.WAV	1795	Waveform 1	1
HF	967.1816666666666	48750.0	49920.0	11.305737348428435	967.1735	967.1845	47812	62479	Pipistrellus pipistrellus	0.309	0.59	-1	Echolocation	192000	/home/adkris/Documents/mila-human-wav-txt/20220826_070000.WAV	1796	Waveform 1	1
HF	967.5364333333332	49500.0	48960.0	16.295854225557488	967.5295	967.5394	46953	63738	Pipistrellus pipistrellus	0.417	0.578	-1	Echolocation	192000	/home/adkris/Documents/mila-human-wav-txt/20220826_070000.WAV	1797	Waveform 1	1
HF	967.6372333333334	50250.0	48960.0	10.365158113360811	967.6325	967.6411	48671	63631	Pipistrellus pipistrellus	0.359	0.601	-1	Echolocation	192000	/home/adkris/Documents/mila-human-wav-txt/20220826_070000.WAV	1798	Waveform 1	1
HF	967.7469	49500.0	48960.0	21.577451902182503	967.7425	967.7526	47812	65098	Pipistrellus pipistrellus	0.381	0.674	-1	Echolocation	192000	/home/adkris/Documents/mila-human-wav-txt/20220826_070000.WAV	1799	Waveform 1	1
HF	967.862	48750.0	48960.0	19.120554440090142	967.8565	967.8655	47812	62188	Pipistrellus pipistrellus	0.424	0.595	-1	Echolocation	192000	/home/adkris/Documents/mila-human-wav-txt/20220826_070000.WAV	1800	Waveform 1	1
HF	967.9752666666668	49500.0	52800.00000000001	21.10956428006594	967.9685	967.9774	47812	62872	Pipistrellus pipistrellus	0.443	0.601	-1	Echolocation	192000	/home/adkris/Documents/mila-human-wav-txt/20220826_070000.WAV	1801	Waveform 1	1
HF	968.1704	48750.0	48960.0	15.117386938134032	968.1625	968.1726	46093	61842	Pipistrellus pipistrellus	0.396	0.585	-1	Echolocation	192000	/home/adkris/Documents/mila-human-wav-txt/20220826_070000.WAV	1802	Waveform 1	1
HF	968.2591666666668	48750.0	48960.0	23.048873077970505	968.2525	968.2615	46953	64422	Pipistrellus pipistrellus	0.494	0.641	-1	Echolocation	192000	/home/adkris/Documents/mila-human-wav-txt/20220826_070000.WAV	1803	Waveform 1	1
HF	968.6392	54000.0	48960.0	19.797930792417013	968.6355	968.6463	46953	63391	Pipistrellus pipistrellus	0.373	0.596	-1	Echolocation	192000	/home/adkris/Documents/mila-human-wav-txt/20220826_070000.WAV	1804	Waveform 1	1
HF	968.7543666666668	49500.0	48960.0	4.396364026745003	968.7525	968.7593	48671	53575	Pipistrellus pipistrellus	0.461	0.523	-1	Echolocation	192000	/home/adkris/Documents/mila-human-wav-txt/20220826_070000.WAV	1805	Waveform 1	1
HF	968.8541	49500.0	48960.0	15.292787480834471	968.8505	968.8614	46093	61441	Pipistrellus pipistrellus	0.335	0.461	-1	Echolocation	192000	/home/adkris/Documents/mila-human-wav-txt/20220826_070000.WAV	1806	Waveform 1	1
HF	969.2937666666668	48750.0	48960.0	12.689639190727505	969.2875	969.2969	47812	58151	Pipistrellus pipistrellus	0.346	0.602	-1	Echolocation	192000	/home/adkris/Documents/mila-human-wav-txt/20220826_070000.WAV	1807	Waveform 1	1
HF	969.7431666666666	49500.0	48960.0	6.293607186340119	969.7385	969.746	46093	58115	Pipistrellus pipistrellus	0.313	0.359	-1	Echolocation	192000	/home/adkris/Documents/mila-human-wav-txt/20220826_070000.WAV	1808	Waveform 1	1
HF	977.3503333333332	49500.0	52800.00000000001	3.1135834518240637	977.3465	977.3525	47812	57147	Pipistrellus pipistrellus	0.197	0.214	-1	Echolocation	192000	/home/adkris/Documents/mila-human-wav-txt/20220826_070000.WAV	1809	Waveform 1	1
HF	977.4558	53250.0	53760.00000000001	3.2086689844365446	977.4535	977.4587	49531	56688	Pipistrellus pipistrellus	0.261	0.289	-1	Echolocation	192000	/home/adkris/Documents/mila-human-wav-txt/20220826_070000.WAV	1810	Waveform 1	1
HF	977.5428333333332	53250.0	53760.00000000001	4.7573678535233865	977.5385	977.544	49531	60591	Pipistrellus pipistrellus	0.105	0.144	-1	Echolocation	192000	/home/adkris/Documents/mila-human-wav-txt/20220826_070000.WAV	1811	Waveform 1	1
HF	991.1821666666668	48750.0	48960.0	1.6043543583505628	991.1795	991.1855	47812	54944	Pipistrellus pipistrellus	0.021	0.026	-1	Echolocation	192000	/home/adkris/Documents/mila-human-wav-txt/20220826_070000.WAV	1812	Waveform 1	1
HF	991.2376666666668	48750.0	48960.0	4.414577989657086	991.2345	991.24	45234	57991	Pipistrellus pipistrellus	0.122	0.152	-1	Echolocation	192000	/home/adkris/Documents/mila-human-wav-txt/20220826_070000.WAV	1813	Waveform 1	1
HF	991.2905666666668	55500.0	55679.99999999999	6.637283628422086	991.2875	991.2931	54687	61945	Pipistrellus pygmaeus	0.103	0.115	-1	Echolocation	192000	/home/adkris/Documents/mila-human-wav-txt/20220826_070000.WAV	1814	Waveform 1	1
HF	991.3738	55500.0	52800.00000000001	2.3504410902302437	991.3705	991.3782	50390	55985	Pipistrellus pipistrellus	0.045	0.052	-1	Echolocation	192000	/home/adkris/Documents/mila-human-wav-txt/20220826_070000.WAV	1815	Waveform 1	1
HF	991.5586666666668	54750.0	53760.00000000001	4.196704445534253	991.5565	991.563	46953	59804	Pipistrellus pipistrellus	0.197	0.267	-1	Echolocation	192000	/home/adkris/Documents/mila-human-wav-txt/20220826_070000.WAV	1816	Waveform 1	1
HF	994.4307	49500.0	47040.0	1.6963751728910248	994.4285	994.4338	35781	66428	Myotis mystacinus	0.01	0.024	-1	Echolocation	192000	/home/adkris/Documents/mila-human-wav-txt/20220826_070000.WAV	1817	Waveform 1	1
HF	994.5111	48000.0	48000.0	4.694864159751232	994.5085	994.5134	46953	58099	Pipistrellus pipistrellus	0.271	0.283	-1	Echolocation	192000	/home/adkris/Documents/mila-human-wav-txt/20220826_070000.WAV	1818	Waveform 1	1
HF	994.6961666666666	52500.0	49920.0	3.609743150649259	994.6915	994.699	48671	59142	Pipistrellus pipistrellus	0.26	0.282	-1	Echolocation	192000	/home/adkris/Documents/mila-human-wav-txt/20220826_070000.WAV	1819	Waveform 1	1
HF	994.7892333333332	48000.0	48000.0	10.197831946159976	994.7855	994.7916	46953	58509	Pipistrellus pipistrellus	0.525	0.589	-1	Echolocation	192000	/home/adkris/Documents/mila-human-wav-txt/20220826_070000.WAV	1820	Waveform 1	1
HF	995.2140333333332	49500.0	48960.0	10.696393124002878	995.2105	995.2168	46953	57034	Pipistrellus pipistrellus	0.481	0.613	-1	Echolocation	192000	/home/adkris/Documents/mila-human-wav-txt/20220826_070000.WAV	1821	Waveform 1	1
HF	995.3778	54000.0	52800.00000000001	5.425758328400809	995.3755	995.3807	46953	58531	Pipistrellus pipistrellus	0.337	0.367	-1	Echolocation	192000	/home/adkris/Documents/mila-human-wav-txt/20220826_070000.WAV	1822	Waveform 1	1
HF	995.5459666666668	54000.0	48960.0	5.827882389751748	995.5435	995.5497	46093	62153	Pipistrellus pipistrellus	0.376	0.486	-1	Echolocation	192000	/home/adkris/Documents/mila-human-wav-txt/20220826_070000.WAV	1823	Waveform 1	1
HF	995.6426333333334	50250.0	53760.00000000001	3.171578627263804	995.6385	995.6442	46093	62663	Pipistrellus pipistrellus	0.161	0.262	-1	Echolocation	192000	/home/adkris/Documents/mila-human-wav-txt/20220826_070000.WAV	1824	Waveform 1	1
HF	995.847	48750.0	48960.0	2.8481433341380695	995.8415	995.8505	48671	53837	Pipistrellus pipistrellus	0.159	0.169	-1	Echolocation	192000	/home/adkris/Documents/mila-human-wav-txt/20220826_070000.WAV	1825	Waveform 1	1
HF	996.4248666666666	55500.0	52800.00000000001	5.912865185311783	996.4235	996.4273	46093	62409	Myotis alcathoe	0.054	0.139	-1	Echolocation	192000	/home/adkris/Documents/mila-human-wav-txt/20220826_070000.WAV	1826	Waveform 1	1
HF	996.645	53250.0	52800.00000000001	5.52282743918027	996.6425	996.6475	35781	64396	Myotis brandtii	0.011	0.031	-1	Echolocation	192000	/home/adkris/Documents/mila-human-wav-txt/20220826_070000.WAV	1827	Waveform 1	1
LF	1002.9358	25500.0	25920.0	7.519668818038488	1002.9285	1002.9462	24609	28004	Nyctalus leisleri	0.391	0.496	-1	Echolocation	192000	/home/adkris/Documents/mila-human-wav-txt/20220826_070000.WAV	1828	Waveform 1	1
LF	1003.2034666666668	25500.0	25920.0	10.351291208087648	1003.1935	1003.2132	24609	28091	Nyctalus leisleri	0.392	0.491	-1	Echolocation	192000	/home/adkris/Documents/mila-human-wav-txt/20220826_070000.WAV	1829	Waveform 1	1
LF	1003.3763333333334	25500.0	25920.0	3.363863683076143	1003.3635	1003.385	24609	28545	Nyctalus leisleri	0.082	0.172	-1	Echolocation	192000	/home/adkris/Documents/mila-human-wav-txt/20220826_070000.WAV	1830	Waveform 1	1
LF	1003.6251666666668	25500.0	25920.0	9.730738058483322	1003.6155	1003.6285	25468	28895	Nyctalus leisleri	0.463	0.626	-1	Echolocation	192000	/home/adkris/Documents/mila-human-wav-txt/20220826_070000.WAV	1831	Waveform 1	1
LF	1004.2708	25500.0	25920.0	4.5487791832706215	1004.2605	1004.2787	24609	28886	Nyctalus leisleri	0.333	0.462	-1	Echolocation	192000	/home/adkris/Documents/mila-human-wav-txt/20220826_070000.WAV	1832	Waveform 1	1
LF	1004.6574666666668	26250.0	25920.0	11.47221351648074	1004.6525	1004.6667	25468	28351	Nyctalus leisleri	0.457	0.599	-1	Echolocation	192000	/home/adkris/Documents/mila-human-wav-txt/20220826_070000.WAV	1833	Waveform 1	1
LF	1005.0409	25500.0	25920.0	17.33023822173448	1005.0305	1005.0451	24609	28234	Nyctalus leisleri	0.465	0.623	-1	Echolocation	192000	/home/adkris/Documents/mila-human-wav-txt/20220826_070000.WAV	1834	Waveform 1	1
LF	1005.4148666666666	25500.0	25920.0	13.861516259880222	1005.4035	1005.4183	25468	28490	Nyctalus leisleri	0.445	0.574	-1	Echolocation	192000	/home/adkris/Documents/mila-human-wav-txt/20220826_070000.WAV	1835	Waveform 1	1
LF	1005.7936333333332	25500.0	25920.0	21.21276967183654	1005.7845	1005.7992	25468	27972	Nyctalus leisleri	0.423	0.62	-1	Echolocation	192000	/home/adkris/Documents/mila-human-wav-txt/20220826_070000.WAV	1836	Waveform 1	1
LF	1006.4292333333332	25500.0	25920.0	19.99478301656549	1006.4195	1006.4336	25468	29425	Nyctalus leisleri	0.45	0.606	-1	Echolocation	192000	/home/adkris/Documents/mila-human-wav-txt/20220826_070000.WAV	1837	Waveform 1	1
LF	1006.7899333333334	25500.0	25920.0	17.883916977234044	1006.7775	1006.7924	25468	28945	Nyctalus leisleri	0.482	0.587	-1	Echolocation	192000	/home/adkris/Documents/mila-human-wav-txt/20220826_070000.WAV	1838	Waveform 1	1
LF	1007.4934666666668	26250.0	26880.000000000004	16.214343148067574	1007.4845	1007.4982	25468	29058	Nyctalus leisleri	0.505	0.654	-1	Echolocation	192000	/home/adkris/Documents/mila-human-wav-txt/20220826_070000.WAV	1839	Waveform 1	1
LF	1008.1947666666666	25500.0	25920.0	23.08742378807567	1008.1865	1008.2009	24609	28790	Nyctalus leisleri	0.47	0.579	-1	Echolocation	192000	/home/adkris/Documents/mila-human-wav-txt/20220826_070000.WAV	1840	Waveform 1	1
LF	1008.9576	25500.0	25920.0	21.94733778436753	1008.9485	1008.9644	24609	28526	Nyctalus leisleri	0.473	0.541	-1	Echolocation	192000	/home/adkris/Documents/mila-human-wav-txt/20220826_070000.WAV	1841	Waveform 1	1
LF	1009.2070333333334	25500.0	25920.0	23.376874042843223	1009.1945	1009.2093	25468	29147	Nyctalus leisleri	0.578	0.65	-1	Echolocation	192000	/home/adkris/Documents/mila-human-wav-txt/20220826_070000.WAV	1842	Waveform 1	1
LF	1009.5810666666666	26250.0	25920.0	25.0075120907647	1009.5675	1009.5836	25468	28983	Nyctalus leisleri	0.536	0.655	-1	Echolocation	192000	/home/adkris/Documents/mila-human-wav-txt/20220826_070000.WAV	1843	Waveform 1	1
LF	1009.9407	25500.0	25920.0	29.422338970613566	1009.9275	1009.9463	24609	27634	Nyctalus leisleri	0.469	0.582	-1	Echolocation	192000	/home/adkris/Documents/mila-human-wav-txt/20220826_070000.WAV	1844	Waveform 1	1
LF	1010.3026	25500.0	25920.0	33.18774430935048	1010.2915	1010.3089	24609	27942	Nyctalus leisleri	0.428	0.537	-1	Echolocation	192000	/home/adkris/Documents/mila-human-wav-txt/20220826_070000.WAV	1845	Waveform 1	1
LF	1011.0377333333332	25500.0	25920.0	39.61212918689137	1011.0255	1011.0406	24609	27681	Nyctalus leisleri	0.711	0.783	-1	Echolocation	192000	/home/adkris/Documents/mila-human-wav-txt/20220826_070000.WAV	1846	Waveform 1	1
LF	1011.8058	26250.0	26880.000000000004	31.198127486383388	1011.7985	1011.8127	25468	31095	Nyctalus leisleri	0.691	0.764	-1	Echolocation	192000	/home/adkris/Documents/mila-human-wav-txt/20220826_070000.WAV	1847	Waveform 1	1
LF	1012.565	26250.0	25920.0	31.961857300971825	1012.5545	1012.569	25468	29069	Nyctalus leisleri	0.682	0.743	-1	Echolocation	192000	/home/adkris/Documents/mila-human-wav-txt/20220826_070000.WAV	1848	Waveform 1	1
LF	1012.7956	26250.0	25920.0	27.17026005161358	1012.7855	1012.8004	25468	31699	Nyctalus leisleri	0.574	0.648	-1	Echolocation	192000	/home/adkris/Documents/mila-human-wav-txt/20220826_070000.WAV	1849	Waveform 1	1
LF	1013.1746333333332	26250.0	26880.000000000004	28.478499295040184	1013.1685	1013.1827	25468	30514	Nyctalus leisleri	0.545	0.611	-1	Echolocation	192000	/home/adkris/Documents/mila-human-wav-txt/20220826_070000.WAV	1850	Waveform 1	1
LF	1013.6577333333332	27000.0	26880.000000000004	33.90641278546633	1013.6485	1013.6631	25468	29401	Nyctalus leisleri	0.656	0.714	-1	Echolocation	192000	/home/adkris/Documents/mila-human-wav-txt/20220826_070000.WAV	1851	Waveform 1	1
LF	1014.1594666666666	26250.0	26880.000000000004	34.681239421125696	1014.1525	1014.1682	25468	29299	Nyctalus leisleri	0.579	0.642	-1	Echolocation	192000	/home/adkris/Documents/mila-human-wav-txt/20220826_070000.WAV	1852	Waveform 1	1
LF	1015.1458	26250.0	25920.0	19.772817827820152	1015.1365	1015.1522	25468	30387	Nyctalus leisleri	0.514	0.621	-1	Echolocation	192000	/home/adkris/Documents/mila-human-wav-txt/20220826_070000.WAV	1853	Waveform 1	1
LF	1015.4940666666666	26250.0	25920.0	26.58509092956212	1015.4805	1015.4966	25468	30268	Nyctalus leisleri	0.495	0.582	-1	Echolocation	192000	/home/adkris/Documents/mila-human-wav-txt/20220826_070000.WAV	1854	Waveform 1	1
LF	1015.7651	25500.0	25920.0	23.056232979965777	1015.7525	1015.7684	25468	30423	Nyctalus leisleri	0.372	0.484	-1	Echolocation	192000	/home/adkris/Documents/mila-human-wav-txt/20220826_070000.WAV	1855	Waveform 1	1
LF	1016.0321666666666	25500.0	25920.0	-0.0193462176492591	1016.0275	1016.0385	24609	30983	Nyctalus leisleri	0.01	0.028	-1	Echolocation	192000	/home/adkris/Documents/mila-human-wav-txt/20220826_070000.WAV	1856	Waveform 1	1
LF	1016.2108666666668	26250.0	26880.000000000004	8.307044330321794	1016.1975	1016.2173	25468	30349	Nyctalus leisleri	0.109	0.211	-1	Echolocation	192000	/home/adkris/Documents/mila-human-wav-txt/20220826_070000.WAV	1857	Waveform 1	1
LF	1016.4041	26250.0	26880.000000000004	14.540920837244682	1016.3975	1016.4124	26328	32099	Eptesicus serotinus	0.172	0.321	-1	Echolocation	192000	/home/adkris/Documents/mila-human-wav-txt/20220826_070000.WAV	1858	Waveform 1	1
LF	1016.6616666666666	26250.0	25920.0	6.824892723885144	1016.6475	1016.6665	25468	30417	Nyctalus leisleri	0.135	0.237	-1	Echolocation	192000	/home/adkris/Documents/mila-human-wav-txt/20220826_070000.WAV	1859	Waveform 1	1
LF	1016.8116	27000.0	26880.000000000004	9.645391771482632	1016.8035	1016.8169	25468	32474	Eptesicus serotinus	0.19	0.298	-1	Echolocation	192000	/home/adkris/Documents/mila-human-wav-txt/20220826_070000.WAV	1860	Waveform 1	1
LF	1017.1251333333332	22500.0	22080.0	6.592457545899992	1017.1205	1017.1292	18593	26995	Plecotus austriacus	0.034	0.055	-1	Echolocation	192000	/home/adkris/Documents/mila-human-wav-txt/20220826_070000.WAV	1861	Waveform 1	1
LF	1017.2598333333332	27000.0	26880.000000000004	4.871007611751493	1017.2475	1017.266	25468	30625	Eptesicus serotinus	0.072	0.164	-1	Echolocation	192000	/home/adkris/Documents/mila-human-wav-txt/20220826_070000.WAV	1862	Waveform 1	1
LF	1017.4143666666666	27750.0	27839.999999999996	0.7122436498947964	1017.4095	1017.4168	28906	39279	Eptesicus serotinus	0.007	0.025	-1	Echolocation	192000	/home/adkris/Documents/mila-human-wav-txt/20220826_070000.WAV	1863	Waveform 1	1
LF	1017.5247333333332	27750.0	26880.000000000004	2.3205699521417444	1017.5185	1017.5291	25468	32056	Nyctalus leisleri	0.012	0.034	-1	Echolocation	192000	/home/adkris/Documents/mila-human-wav-txt/20220826_070000.WAV	1864	Waveform 1	1
LF	1017.6644666666666	23250.0	26880.000000000004	2.0164349961409727	1017.6505	1017.6662	24609	29112	Nyctalus leisleri	0.013	0.031	-1	Echolocation	192000	/home/adkris/Documents/mila-human-wav-txt/20220826_070000.WAV	1865	Waveform 1	1
HF	1037.8213666666666	48750.0	49920.0	3.718910864935379	1037.8185	1037.8243	48671	53348	Pipistrellus pipistrellus	0.039	0.041	-1	Echolocation	192000	/home/adkris/Documents/mila-human-wav-txt/20220826_070000.WAV	1866	Waveform 1	1
HF	1039.0041666666666	52500.0	52800.00000000001	7.023767339287082	1039.0015	1039.0075	48671	60594	Pipistrellus pipistrellus	0.333	0.384	-1	Echolocation	192000	/home/adkris/Documents/mila-human-wav-txt/20220826_070000.WAV	1867	Waveform 1	1
HF	1039.0585	54750.0	53760.00000000001	9.009096847662404	1039.0555	1039.0635	48671	63633	Pipistrellus pipistrellus	0.37	0.487	-1	Echolocation	192000	/home/adkris/Documents/mila-human-wav-txt/20220826_070000.WAV	1868	Waveform 1	1
HF	1039.1226333333334	49500.0	53760.00000000001	8.850739675556094	1039.1205	1039.1247	46093	66716	Myotis alcathoe	0.174	0.358	-1	Echolocation	192000	/home/adkris/Documents/mila-human-wav-txt/20220826_070000.WAV	1869	Waveform 1	1
HF	1039.186	54000.0	48960.0	11.47157253783253	1039.1835	1039.1885	47812	61996	Pipistrellus pipistrellus	0.451	0.515	-1	Echolocation	192000	/home/adkris/Documents/mila-human-wav-txt/20220826_070000.WAV	1870	Waveform 1	1
HF	1039.2428	47250.0	48000.0	3.436461576494327	1039.2405	1039.2457	33203	72625	Myotis mystacinus	0.016	0.04	-1	Echolocation	192000	/home/adkris/Documents/mila-human-wav-txt/20220826_070000.WAV	1871	Waveform 1	1
HF	1039.788366666667	51750.0	52800.00000000001	9.051673929877346	1039.7855	1039.7913	46953	58022	Pipistrellus pipistrellus	0.19	0.269	-1	Echolocation	192000	/home/adkris/Documents/mila-human-wav-txt/20220826_070000.WAV	1872	Waveform 1	1
HF	1040.1535	49500.0	48960.0	4.247421590422765	1040.1505	1040.1585	47812	56564	Pipistrellus pipistrellus	0.078	0.087	-1	Echolocation	192000	/home/adkris/Documents/mila-human-wav-txt/20220826_070000.WAV	1873	Waveform 1	1
HF	1040.2085	49500.0	49920.0	2.9169091315680213	1040.2065	1040.212	48671	55720	Pipistrellus pipistrellus	0.048	0.052	-1	Echolocation	192000	/home/adkris/Documents/mila-human-wav-txt/20220826_070000.WAV	1874	Waveform 1	1
HF	1040.2856333333334	55500.0	52800.00000000001	14.41314157352667	1040.2825	1040.2892	47812	63508	Pipistrellus pipistrellus	0.381	0.49	-1	Echolocation	192000	/home/adkris/Documents/mila-human-wav-txt/20220826_070000.WAV	1875	Waveform 1	1
HF	1040.3609333333334	55500.0	48960.0	3.993911827093486	1040.3575	1040.3639	47812	62803	Pipistrellus pipistrellus	0.114	0.161	-1	Echolocation	192000	/home/adkris/Documents/mila-human-wav-txt/20220826_070000.WAV	1876	Waveform 1	1
HF	1040.4190333333331	45750.0	26880.000000000004	2.1203797631586565	1040.4145	1040.4198	25468	49726	Myotis nattereri	0.026	0.04	-1	Echolocation	192000	/home/adkris/Documents/mila-human-wav-txt/20220826_070000.WAV	1877	Waveform 1	1
HF	1040.5008666666668	47250.0	47040.0	5.9154442915147225	1040.4975	1040.5028	46093	59897	Pipistrellus pipistrellus	0.461	0.527	-1	Echolocation	192000	/home/adkris/Documents/mila-human-wav-txt/20220826_070000.WAV	1878	Waveform 1	1
HF	1040.9883666666667	54750.0	52800.00000000001	1.929158190813721	1040.9845	1040.9928	51250	56291	Pipistrellus pipistrellus	0.19	0.305	-1	Echolocation	192000	/home/adkris/Documents/mila-human-wav-txt/20220826_070000.WAV	1879	Waveform 1	1
HF	1041.3682666666666	50250.0	49920.0	3.6152160565628826	1041.3665	1041.3734	46953	51815	Pipistrellus pipistrellus	0.07	0.074	-1	Echolocation	192000	/home/adkris/Documents/mila-human-wav-txt/20220826_070000.WAV	1880	Waveform 1	1
HF	1041.4728333333333	49500.0	48960.0	9.614504986658076	1041.4695	1041.476	47812	57913	Pipistrellus pipistrellus	0.393	0.475	-1	Echolocation	192000	/home/adkris/Documents/mila-human-wav-txt/20220826_070000.WAV	1881	Waveform 1	1
HF	1041.6295333333333	52500.0	48960.0	3.735580818336218	1041.6245	1041.6328	48671	59963	Pipistrellus pipistrellus	0.079	0.092	-1	Echolocation	192000	/home/adkris/Documents/mila-human-wav-txt/20220826_070000.WAV	1882	Waveform 1	1
HF	1041.7806333333333	52500.0	48960.0	5.483536721864915	1041.7775	1041.7842	47812	58602	Pipistrellus pipistrellus	0.341	0.384	-1	Echolocation	192000	/home/adkris/Documents/mila-human-wav-txt/20220826_070000.WAV	1883	Waveform 1	1
HF	1041.8555666666666	49500.0	48960.0	5.815048455144614	1041.8525	1041.8581	46953	55900	Pipistrellus pipistrellus	0.349	0.373	-1	Echolocation	192000	/home/adkris/Documents/mila-human-wav-txt/20220826_070000.WAV	1884	Waveform 1	1
HF	1047.5399333333332	53250.0	52800.00000000001	4.255206933269566	1047.5355	1047.5409	34062	61471	Myotis mystacinus	0.01	0.028	-1	Echolocation	192000	/home/adkris/Documents/mila-human-wav-txt/20220826_070000.WAV	1885	Waveform 1	1
HF	1047.612933333333	48750.0	49920.0	10.286967772740594	1047.6095	1047.6159	47812	53289	Pipistrellus pipistrellus	0.332	0.375	-1	Echolocation	192000	/home/adkris/Documents/mila-human-wav-txt/20220826_070000.WAV	1886	Waveform 1	1
HF	1047.6684	48000.0	48960.0	7.909125114116824	1047.6655	1047.6701	46953	58183	Pipistrellus pipistrellus	0.364	0.38	-1	Echolocation	192000	/home/adkris/Documents/mila-human-wav-txt/20220826_070000.WAV	1887	Waveform 1	1
HF	1047.8353333333334	49500.0	48960.0	5.257279661011446	1047.8335	1047.838	46093	56180	Pipistrellus pipistrellus	0.445	0.463	-1	Echolocation	192000	/home/adkris/Documents/mila-human-wav-txt/20220826_070000.WAV	1888	Waveform 1	1
HF	1047.9034333333334	55500.0	55679.99999999999	4.514022345674141	1047.9015	1047.9059	46953	60694	Pipistrellus pipistrellus	0.127	0.171	-1	Echolocation	192000	/home/adkris/Documents/mila-human-wav-txt/20220826_070000.WAV	1889	Waveform 1	1
HF	1048.0349	56250.0	52800.00000000001	7.634060860096224	1048.0325	1048.0376	48671	59710	Pipistrellus pipistrellus	0.152	0.203	-1	Echolocation	192000	/home/adkris/Documents/mila-human-wav-txt/20220826_070000.WAV	1890	Waveform 1	1
HF	1048.2933666666668	48000.0	48000.0	3.0942595448554764	1048.2905	1048.2963	48671	57095	Pipistrellus pipistrellus	0.19	0.217	-1	Echolocation	192000	/home/adkris/Documents/mila-human-wav-txt/20220826_070000.WAV	1891	Waveform 1	1
HF	1048.5009333333333	55500.0	55679.99999999999	8.135549101231275	1048.4995	1048.5044	46953	60538	Pipistrellus pipistrellus	0.236	0.29	-1	Echolocation	192000	/home/adkris/Documents/mila-human-wav-txt/20220826_070000.WAV	1892	Waveform 1	1
HF	1048.6876666666667	49500.0	49920.0	2.7049740947997836	1048.6845	1048.69	48671	58147	Pipistrellus pipistrellus	0.124	0.138	-1	Echolocation	192000	/home/adkris/Documents/mila-human-wav-txt/20220826_070000.WAV	1893	Waveform 1	1
HF	1048.8709666666666	52500.0	52800.00000000001	9.370300577232168	1048.8675	1048.8727	49531	60447	Pipistrellus pipistrellus	0.234	0.362	-1	Echolocation	192000	/home/adkris/Documents/mila-human-wav-txt/20220826_070000.WAV	1894	Waveform 1	1
HF	1049.1123333333333	50250.0	49920.0	5.395401064355298	1049.1095	1049.1165	48671	55195	Pipistrellus pipistrellus	0.259	0.311	-1	Echolocation	192000	/home/adkris/Documents/mila-human-wav-txt/20220826_070000.WAV	1895	Waveform 1	1
HF	1049.4949	55500.0	54719.99999999999	5.243191192188186	1049.4925	1049.5011	46953	57644	Pipistrellus pipistrellus	0.292	0.377	-1	Echolocation	192000	/home/adkris/Documents/mila-human-wav-txt/20220826_070000.WAV	1896	Waveform 1	1
HF	1050.2227333333333	54000.0	54719.99999999999	10.457766136171706	1050.2205	1050.2246	46093	60159	Pipistrellus pipistrellus	0.21	0.304	-1	Echolocation	192000	/home/adkris/Documents/mila-human-wav-txt/20220826_070000.WAV	1897	Waveform 1	1
HF	1051.2078333333334	57000.0	51840.0	6.207923976315133	1051.2065	1051.2115	48671	57233	Pipistrellus pipistrellus	0.2	0.225	-1	Echolocation	192000	/home/adkris/Documents/mila-human-wav-txt/20220826_070000.WAV	1898	Waveform 1	1
HF	1051.2624	58500.0	57600.0	3.9474293738174016	1051.2615	1051.2681	56406	61691	Pipistrellus pygmaeus	0.03	0.031	-1	Echolocation	192000	/home/adkris/Documents/mila-human-wav-txt/20220826_070000.WAV	1899	Waveform 1	1
HF	1057.2455	49500.0	48960.0	3.764691811960706	1057.2425	1057.247	46953	57380	Pipistrellus pipistrellus	0.17	0.192	-1	Echolocation	192000	/home/adkris/Documents/mila-human-wav-txt/20220826_070000.WAV	1900	Waveform 1	1
HF	1063.1389	54750.0	54719.99999999999	0.985160284186624	1063.1365	1063.1416	50390	58011	Pipistrellus pipistrellus	0.208	0.232	-1	Echolocation	192000	/home/adkris/Documents/mila-human-wav-txt/20220826_070000.WAV	1901	Waveform 1	1
HF	1063.2191	50250.0	49920.0	10.494901835731358	1063.2165	1063.2214	46093	59235	Pipistrellus pipistrellus	0.398	0.468	-1	Echolocation	192000	/home/adkris/Documents/mila-human-wav-txt/20220826_070000.WAV	1902	Waveform 1	1
HF	1063.3007666666667	54750.0	54719.99999999999	9.607881403184082	1063.2995	1063.3034	46093	60549	Pipistrellus pipistrellus	0.327	0.438	-1	Echolocation	192000	/home/adkris/Documents/mila-human-wav-txt/20220826_070000.WAV	1903	Waveform 1	1
HF	1063.3849	48750.0	48960.0	6.448900915240664	1063.3825	1063.3876	47812	56736	Pipistrellus pipistrellus	0.461	0.483	-1	Echolocation	192000	/home/adkris/Documents/mila-human-wav-txt/20220826_070000.WAV	1904	Waveform 1	1
HF	1063.7022333333334	54750.0	54719.99999999999	4.178071682196104	1063.7005	1063.7051	45234	63747	Pipistrellus pipistrellus	0.123	0.255	-1	Echolocation	192000	/home/adkris/Documents/mila-human-wav-txt/20220826_070000.WAV	1905	Waveform 1	1
HF	1063.7789	47250.0	46080.0	4.069372394968655	1063.7765	1063.7816	45234	58746	Pipistrellus pipistrellus	0.411	0.463	-1	Echolocation	192000	/home/adkris/Documents/mila-human-wav-txt/20220826_070000.WAV	1906	Waveform 1	1
HF	1063.8196666666668	51750.0	53760.00000000001	2.577882152636777	1063.8165	1063.822	46953	64903	Pipistrellus pipistrellus	0.111	0.253	-1	Echolocation	192000	/home/adkris/Documents/mila-human-wav-txt/20220826_070000.WAV	1907	Waveform 1	1
HF	1063.8808	47250.0	48000.0	4.1666622530680435	1063.8765	1063.8832	44375	56037	Pipistrellus pipistrellus	0.234	0.332	-1	Echolocation	192000	/home/adkris/Documents/mila-human-wav-txt/20220826_070000.WAV	1908	Waveform 1	1
HF	1063.9698666666666	54000.0	52800.00000000001	6.485600243740501	1063.9685	1063.9723	47812	58973	Pipistrellus pipistrellus	0.374	0.424	-1	Echolocation	192000	/home/adkris/Documents/mila-human-wav-txt/20220826_070000.WAV	1909	Waveform 1	1
HF	1064.0894666666666	48000.0	52800.00000000001	3.1816673406892235	1064.0865	1064.0922	47812	58784	Pipistrellus pipistrellus	0.106	0.127	-1	Echolocation	192000	/home/adkris/Documents/mila-human-wav-txt/20220826_070000.WAV	1910	Waveform 1	1
HF	1064.4369333333334	52500.0	52800.00000000001	1.8071713437432364	1064.4335	1064.4434	51250	56548	Pipistrellus pipistrellus	0.06	0.074	-1	Echolocation	192000	/home/adkris/Documents/mila-human-wav-txt/20220826_070000.WAV	1911	Waveform 1	1
HF	1064.5731	54000.0	53760.00000000001	5.7371018698285345	1064.5705	1064.5754	50390	57377	Pipistrellus pipistrellus	0.25	0.31	-1	Echolocation	192000	/home/adkris/Documents/mila-human-wav-txt/20220826_070000.WAV	1912	Waveform 1	1
HF	1064.6603666666667	49500.0	49920.0	11.993429804602322	1064.6575	1064.6633	48671	59275	Pipistrellus pipistrellus	0.483	0.543	-1	Echolocation	192000	/home/adkris/Documents/mila-human-wav-txt/20220826_070000.WAV	1913	Waveform 1	1
HF	1064.7513333333334	56250.0	53760.00000000001	4.103335368372841	1064.7485	1064.7555	47812	61538	Pipistrellus pipistrellus	0.137	0.2	-1	Echolocation	192000	/home/adkris/Documents/mila-human-wav-txt/20220826_070000.WAV	1914	Waveform 1	1
HF	1064.8436333333334	52500.0	52800.00000000001	7.199178790008473	1064.8405	1064.8472	45234	62939	Pipistrellus pipistrellus	0.279	0.495	-1	Echolocation	192000	/home/adkris/Documents/mila-human-wav-txt/20220826_070000.WAV	1915	Waveform 1	1
HF	1064.9455333333333	48750.0	48960.0	2.6519864786537295	1064.9425	1064.9493	47812	55884	Pipistrellus pipistrellus	0.212	0.226	-1	Echolocation	192000	/home/adkris/Documents/mila-human-wav-txt/20220826_070000.WAV	1916	Waveform 1	1
HF	1065.0270333333333	48000.0	47040.0	2.53998641038598	1065.0215	1065.0293	46093	55923	Pipistrellus pipistrellus	0.022	0.035	-1	Echolocation	192000	/home/adkris/Documents/mila-human-wav-txt/20220826_070000.WAV	1917	Waveform 1	1
HF	1081.8501333333334	54750.0	54719.99999999999	1.931380312594177	1081.8455	1081.8507	36640	60324	Myotis brandtii	0.008	0.022	-1	Echolocation	192000	/home/adkris/Documents/mila-human-wav-txt/20220826_070000.WAV	1918	Waveform 1	1
HF	1082.0083	48750.0	48960.0	-0.0613928983134741	1082.0015	1082.0092	46953	54786	Pipistrellus pipistrellus	0.02	0.037	-1	Echolocation	192000	/home/adkris/Documents/mila-human-wav-txt/20220826_070000.WAV	1919	Waveform 1	1
HF	1082.1987666666666	50250.0	49920.0	5.672384203156891	1082.1955	1082.2009	48671	60122	Pipistrellus pipistrellus	0.349	0.368	-1	Echolocation	192000	/home/adkris/Documents/mila-human-wav-txt/20220826_070000.WAV	1920	Waveform 1	1
HF	1082.290166666667	54000.0	53760.00000000001	12.696189617231717	1082.2875	1082.2935	48671	63715	Pipistrellus pipistrellus	0.568	0.652	-1	Echolocation	192000	/home/adkris/Documents/mila-human-wav-txt/20220826_070000.WAV	1921	Waveform 1	1
HF	1082.3866	52500.0	51840.0	11.52526827328362	1082.3825	1082.3894	45234	63191	Pipistrellus pipistrellus	0.329	0.527	-1	Echolocation	192000	/home/adkris/Documents/mila-human-wav-txt/20220826_070000.WAV	1922	Waveform 1	1
HF	1082.5224	54000.0	53760.00000000001	2.7871207870517005	1082.5175	1082.5236	35781	62449	Myotis mystacinus	0.01	0.024	-1	Echolocation	192000	/home/adkris/Documents/mila-human-wav-txt/20220826_070000.WAV	1923	Waveform 1	1
HF	1082.5824666666667	52500.0	51840.0	7.745593212308512	1082.5795	1082.5852	50390	61169	Pipistrellus pipistrellus	0.257	0.321	-1	Echolocation	192000	/home/adkris/Documents/mila-human-wav-txt/20220826_070000.WAV	1924	Waveform 1	1
HF	1082.8318	54750.0	53760.00000000001	13.074154746667183	1082.8295	1082.8347	47812	61280	Pipistrellus pipistrellus	0.51	0.568	-1	Echolocation	192000	/home/adkris/Documents/mila-human-wav-txt/20220826_070000.WAV	1925	Waveform 1	1
HF	1082.8934	49500.0	49920.0	7.232496344492823	1082.8895	1082.8966	46953	57166	Pipistrellus pipistrellus	0.37	0.393	-1	Echolocation	192000	/home/adkris/Documents/mila-human-wav-txt/20220826_070000.WAV	1926	Waveform 1	1
HF	1082.9553	54000.0	52800.00000000001	6.226708115420729	1082.9505	1082.9567	46953	64052	Pipistrellus pipistrellus	0.201	0.368	-1	Echolocation	192000	/home/adkris/Documents/mila-human-wav-txt/20220826_070000.WAV	1927	Waveform 1	1
HF	1083.0823333333333	48000.0	51840.0	9.059709040772608	1083.0785	1083.0845	46953	62995	Pipistrellus pipistrellus	0.497	0.605	-1	Echolocation	192000	/home/adkris/Documents/mila-human-wav-txt/20220826_070000.WAV	1928	Waveform 1	1
HF	1083.161466666667	49500.0	48960.0	8.096185054646352	1083.1565	1083.1637	47812	60946	Pipistrellus pipistrellus	0.427	0.539	-1	Echolocation	192000	/home/adkris/Documents/mila-human-wav-txt/20220826_070000.WAV	1929	Waveform 1	1
HF	1083.2205666666666	47250.0	47040.0	3.277570653684479	1083.2165	1083.2246	46093	58652	Pipistrellus pipistrellus	0.068	0.082	-1	Echolocation	192000	/home/adkris/Documents/mila-human-wav-txt/20220826_070000.WAV	1930	Waveform 1	1
HF	1083.2866	47250.0	48000.0	3.493307985445402	1083.2835	1083.2914	44375	57362	Pipistrellus pipistrellus	0.024	0.036	-1	Echolocation	192000	/home/adkris/Documents/mila-human-wav-txt/20220826_070000.WAV	1931	Waveform 1	1
HF	1083.3750333333332	50250.0	49920.0	3.172328357057917	1083.3715	1083.3778	47812	59133	Pipistrellus pipistrellus	0.066	0.072	-1	Echolocation	192000	/home/adkris/Documents/mila-human-wav-txt/20220826_070000.WAV	1932	Waveform 1	1
HF	1091.9004666666667	49500.0	49920.0	9.294740634435902	1091.8975	1091.9032	46953	55133	Pipistrellus pipistrellus	0.391	0.408	-1	Echolocation	192000	/home/adkris/Documents/mila-human-wav-txt/20220826_070000.WAV	1933	Waveform 1	1
HF	1092.0570666666667	49500.0	48960.0	1.0609298782594054	1092.0525	1092.0636	47812	55325	Pipistrellus pipistrellus	0.118	0.135	-1	Echolocation	192000	/home/adkris/Documents/mila-human-wav-txt/20220826_070000.WAV	1934	Waveform 1	1
HF	1092.1606	54750.0	43200.0	2.884158990923445	1092.1585	1092.1639	36640	66137	Myotis mystacinus	0.01	0.027	-1	Echolocation	192000	/home/adkris/Documents/mila-human-wav-txt/20220826_070000.WAV	1935	Waveform 1	1
HF	1092.2450666666666	47250.0	48960.0	14.039053967006431	1092.2395	1092.2461	47812	59727	Pipistrellus pipistrellus	0.419	0.54	-1	Echolocation	192000	/home/adkris/Documents/mila-human-wav-txt/20220826_070000.WAV	1936	Waveform 1	1
HF	1092.3753	54750.0	53760.00000000001	1.3245255263848237	1092.3725	1092.3807	50390	58103	Pipistrellus pipistrellus	0.119	0.153	-1	Echolocation	192000	/home/adkris/Documents/mila-human-wav-txt/20220826_070000.WAV	1937	Waveform 1	1
HF	1092.4460333333334	53250.0	52800.00000000001	5.600615758395893	1092.4425	1092.4488	50390	57627	Pipistrellus pipistrellus	0.267	0.363	-1	Echolocation	192000	/home/adkris/Documents/mila-human-wav-txt/20220826_070000.WAV	1938	Waveform 1	1
HF	1092.6345666666666	49500.0	53760.00000000001	9.52800545610705	1092.6295	1092.6366	46093	61507	Pipistrellus pipistrellus	0.292	0.417	-1	Echolocation	192000	/home/adkris/Documents/mila-human-wav-txt/20220826_070000.WAV	1939	Waveform 1	1
HF	1092.735	54000.0	53760.00000000001	16.545486379740364	1092.7315	1092.739	47812	64798	Pipistrellus pipistrellus	0.408	0.553	-1	Echolocation	192000	/home/adkris/Documents/mila-human-wav-txt/20220826_070000.WAV	1940	Waveform 1	1
HF	1092.8297	51000.0	48960.0	11.026380217942505	1092.8265	1092.8343	47812	60579	Pipistrellus pipistrellus	0.472	0.6	-1	Echolocation	192000	/home/adkris/Documents/mila-human-wav-txt/20220826_070000.WAV	1941	Waveform 1	1
HF	1093.0427666666667	51750.0	49920.0	17.60256871368391	1093.0385	1093.0464	46953	63387	Pipistrellus pipistrellus	0.473	0.594	-1	Echolocation	192000	/home/adkris/Documents/mila-human-wav-txt/20220826_070000.WAV	1942	Waveform 1	1
HF	1093.1357666666668	51750.0	49920.0	15.319113465778011	1093.1325	1093.1379	46953	65274	Pipistrellus pipistrellus	0.537	0.63	-1	Echolocation	192000	/home/adkris/Documents/mila-human-wav-txt/20220826_070000.WAV	1943	Waveform 1	1
HF	1093.2393333333334	57750.0	55679.99999999999	8.953495443673258	1093.2355	1093.2415	55546	67735	Pipistrellus pygmaeus	0.029	0.031	-1	Echolocation	192000	/home/adkris/Documents/mila-human-wav-txt/20220826_070000.WAV	1944	Waveform 1	1
HF	1093.3301333333334	79500.0	78720.0	0.71604672826924	1093.3125	1093.3467	68437	81256	Rhinolophus ferrumequinum	0.021	0.021	-1	Echolocation	192000	/home/adkris/Documents/mila-human-wav-txt/20220826_070000.WAV	1945	Waveform 1	1
HF	1093.4369333333334	53250.0	52800.00000000001	14.544219702321003	1093.4335	1093.4399	46953	65074	Pipistrellus pipistrellus	0.469	0.581	-1	Echolocation	192000	/home/adkris/Documents/mila-human-wav-txt/20220826_070000.WAV	1946	Waveform 1	1
HF	1094.0307333333333	51750.0	49920.0	4.3225961193771365	1094.0275	1094.0341	47812	57542	Pipistrellus pipistrellus	0.1	0.116	-1	Echolocation	192000	/home/adkris/Documents/mila-human-wav-txt/20220826_070000.WAV	1947	Waveform 1	1
HF	1118.7924666666668	49500.0	47040.0	2.81290187469381	1118.7895	1118.7952	45234	56469	Pipistrellus pipistrellus	0.253	0.303	-1	Echolocation	192000	/home/adkris/Documents/mila-human-wav-txt/20220826_070000.WAV	1948	Waveform 1	1
HF	1119.031966666667	49500.0	54719.99999999999	5.893723535142426	1119.0285	1119.0337	34062	68480	Myotis mystacinus	0.009	0.028	-1	Echolocation	192000	/home/adkris/Documents/mila-human-wav-txt/20220826_070000.WAV	1949	Waveform 1	1
HF	1119.113466666667	51000.0	44160.0	3.192104099662221	1119.1105	1119.1162	43515	58940	Pipistrellus pipistrellus	0.014	0.054	-1	Echolocation	192000	/home/adkris/Documents/mila-human-wav-txt/20220826_070000.WAV	1950	Waveform 1	1
HF	1119.1939	54750.0	53760.00000000001	3.409860808733653	1119.1915	1119.1966	47812	59116	Pipistrellus pipistrellus	0.174	0.207	-1	Echolocation	192000	/home/adkris/Documents/mila-human-wav-txt/20220826_070000.WAV	1951	Waveform 1	1
HF	1119.277833333333	48000.0	48960.0	3.2091345461210237	1119.2735	1119.279	34921	71072	Myotis mystacinus	0.01	0.029	-1	Echolocation	192000	/home/adkris/Documents/mila-human-wav-txt/20220826_070000.WAV	1952	Waveform 1	1
HF	1119.4568	48750.0	48000.0	6.742930692999174	1119.4545	1119.4597	46093	55533	Pipistrellus pipistrellus	0.367	0.383	-1	Echolocation	192000	/home/adkris/Documents/mila-human-wav-txt/20220826_070000.WAV	1953	Waveform 1	1
HF	1119.5418666666667	48750.0	46080.0	3.698209516177548	1119.5395	1119.5458	45234	55072	Pipistrellus pipistrellus	0.351	0.37	-1	Echolocation	192000	/home/adkris/Documents/mila-human-wav-txt/20220826_070000.WAV	1954	Waveform 1	1
HF	1119.6193666666666	48000.0	48960.0	11.475531252583384	1119.6155	1119.6203	46093	58674	Pipistrellus pipistrellus	0.471	0.515	-1	Echolocation	192000	/home/adkris/Documents/mila-human-wav-txt/20220826_070000.WAV	1955	Waveform 1	1
HF	1119.7055666666668	48750.0	47040.0	10.15359374379576	1119.7025	1119.7081	46953	56707	Pipistrellus pipistrellus	0.465	0.509	-1	Echolocation	192000	/home/adkris/Documents/mila-human-wav-txt/20220826_070000.WAV	1956	Waveform 1	1
HF	1120.1752666666666	49500.0	46080.0	4.929860409805376	1120.1725	1120.1784	45234	56280	Pipistrellus pipistrellus	0.321	0.336	-1	Echolocation	192000	/home/adkris/Documents/mila-human-wav-txt/20220826_070000.WAV	1957	Waveform 1	1
HF	1120.756666666667	49500.0	48960.0	0.7134589024652473	1120.7535	1120.759	34921	65872	Myotis brandtii	0.007	0.023	-1	Echolocation	192000	/home/adkris/Documents/mila-human-wav-txt/20220826_070000.WAV	1958	Waveform 1	1
HF	1120.9547333333333	48750.0	48960.0	5.29204585042298	1120.9515	1120.9581	47812	53494	Pipistrellus pipistrellus	0.392	0.429	-1	Echolocation	192000	/home/adkris/Documents/mila-human-wav-txt/20220826_070000.WAV	1959	Waveform 1	1
HF	1121.0514666666666	48750.0	48960.0	6.17155457348728	1121.0485	1121.0542	47812	58277	Pipistrellus pipistrellus	0.487	0.571	-1	Echolocation	192000	/home/adkris/Documents/mila-human-wav-txt/20220826_070000.WAV	1960	Waveform 1	1
HF	1122.5312666666666	56250.0	54719.99999999999	6.246147887788168	1122.5285	1122.5344	51250	58292	Pipistrellus pipistrellus	0.07	0.114	-1	Echolocation	192000	/home/adkris/Documents/mila-human-wav-txt/20220826_070000.WAV	1961	Waveform 1	1
HF	1122.6072333333334	49500.0	48960.0	4.199365854828717	1122.6055	1122.6101	47812	56326	Pipistrellus pipistrellus	0.103	0.113	-1	Echolocation	192000	/home/adkris/Documents/mila-human-wav-txt/20220826_070000.WAV	1962	Waveform 1	1
HF	1122.686333333333	49500.0	48960.0	2.582985644025288	1122.6855	1122.691	47812	53403	Pipistrellus pipistrellus	0.087	0.091	-1	Echolocation	192000	/home/adkris/Documents/mila-human-wav-txt/20220826_070000.WAV	1963	Waveform 1	1
HF	1122.7666666666669	49500.0	51840.0	4.5612799122018535	1122.7635	1122.769	48671	55907	Pipistrellus pipistrellus	0.329	0.444	-1	Echolocation	192000	/home/adkris/Documents/mila-human-wav-txt/20220826_070000.WAV	1964	Waveform 1	1
HF	1122.8491333333334	51750.0	49920.0	6.566532394136553	1122.8475	1122.8522	46093	56122	Pipistrellus pipistrellus	0.152	0.191	-1	Echolocation	192000	/home/adkris/Documents/mila-human-wav-txt/20220826_070000.WAV	1965	Waveform 1	1
HF	1123.1171333333334	54000.0	53760.00000000001	6.26500788557908	1123.1135	1123.1197	52109	58087	Pipistrellus pipistrellus	0.149	0.293	-1	Echolocation	192000	/home/adkris/Documents/mila-human-wav-txt/20220826_070000.WAV	1966	Waveform 1	1
LF	1125.8109333333334	27000.0	26880.000000000004	2.674471849036464	1125.8025	1125.8179	25468	30400	Nyctalus leisleri	0.09	0.201	-1	Echolocation	192000	/home/adkris/Documents/mila-human-wav-txt/20220826_070000.WAV	1967	Waveform 1	1
LF	1126.1797333333334	26250.0	26880.000000000004	4.2821035543897255	1126.1705	1126.1851	25468	30437	Nyctalus leisleri	0.327	0.523	-1	Echolocation	192000	/home/adkris/Documents/mila-human-wav-txt/20220826_070000.WAV	1968	Waveform 1	1
LF	1126.4298666666666	28500.0	28800.0	3.559683332594483	1126.4245	1126.4383	26328	31849	Eptesicus serotinus	0.248	0.535	-1	Echolocation	192000	/home/adkris/Documents/mila-human-wav-txt/20220826_070000.WAV	1969	Waveform 1	1
LF	1126.8090666666667	27000.0	26880.000000000004	2.842383691918303	1126.8005	1126.8146	26328	30870	Nyctalus leisleri	0.323	0.483	-1	Echolocation	192000	/home/adkris/Documents/mila-human-wav-txt/20220826_070000.WAV	1970	Waveform 1	1
LF	1127.0730333333331	27750.0	26880.000000000004	8.26733496414059	1127.0685	1127.0808	26328	30824	Nyctalus leisleri	0.441	0.598	-1	Echolocation	192000	/home/adkris/Documents/mila-human-wav-txt/20220826_070000.WAV	1971	Waveform 1	1
LF	1127.3235	27000.0	26880.000000000004	10.366308287660395	1127.3185	1127.3315	26328	30090	Nyctalus leisleri	0.478	0.607	-1	Echolocation	192000	/home/adkris/Documents/mila-human-wav-txt/20220826_070000.WAV	1972	Waveform 1	1
LF	1127.8818	26250.0	27839.999999999996	9.931006355464165	1127.8735	1127.8867	26328	31264	Nyctalus leisleri	0.42	0.533	-1	Echolocation	192000	/home/adkris/Documents/mila-human-wav-txt/20220826_070000.WAV	1973	Waveform 1	1
LF	1128.4106	27000.0	26880.000000000004	16.021250379027347	1128.4045	1128.4164	26328	32641	Nyctalus leisleri	0.475	0.676	-1	Echolocation	192000	/home/adkris/Documents/mila-human-wav-txt/20220826_070000.WAV	1974	Waveform 1	1
LF	1128.7052666666666	28500.0	27839.999999999996	10.683654879309348	1128.7025	1128.7154	26328	31098	Nyctalus leisleri	0.4	0.609	-1	Echolocation	192000	/home/adkris/Documents/mila-human-wav-txt/20220826_070000.WAV	1975	Waveform 1	1
LF	1129.0932333333333	26250.0	26880.000000000004	19.74904415483377	1129.0855	1129.0981	25468	31551	Nyctalus leisleri	0.414	0.585	-1	Echolocation	192000	/home/adkris/Documents/mila-human-wav-txt/20220826_070000.WAV	1976	Waveform 1	1
LF	1129.3505	26250.0	26880.000000000004	23.865434240458576	1129.3395	1129.3535	26328	31440	Nyctalus leisleri	0.458	0.688	-1	Echolocation	192000	/home/adkris/Documents/mila-human-wav-txt/20220826_070000.WAV	1977	Waveform 1	1
LF	1129.7262666666666	26250.0	26880.000000000004	28.02358949021282	1129.7165	1129.7294	25468	33293	Nyctalus leisleri	0.405	0.704	-1	Echolocation	192000	/home/adkris/Documents/mila-human-wav-txt/20220826_070000.WAV	1978	Waveform 1	1
LF	1129.9826333333333	27000.0	27839.999999999996	24.621562982167813	1129.9735	1129.9882	26328	31531	Nyctalus leisleri	0.489	0.631	-1	Echolocation	192000	/home/adkris/Documents/mila-human-wav-txt/20220826_070000.WAV	1979	Waveform 1	1
LF	1130.2648666666666	26250.0	26880.000000000004	29.65737338858204	1130.2565	1130.2708	25468	31284	Nyctalus leisleri	0.497	0.622	-1	Echolocation	192000	/home/adkris/Documents/mila-human-wav-txt/20220826_070000.WAV	1980	Waveform 1	1
LF	1130.786833333333	26250.0	26880.000000000004	28.533007770337235	1130.7785	1130.794	25468	30862	Nyctalus leisleri	0.509	0.612	-1	Echolocation	192000	/home/adkris/Documents/mila-human-wav-txt/20220826_070000.WAV	1981	Waveform 1	1
LF	1131.2913333333331	28500.0	28800.0	38.665626262628095	1131.2875	1131.3005	26328	34514	Nyctalus leisleri	0.634	0.709	-1	Echolocation	192000	/home/adkris/Documents/mila-human-wav-txt/20220826_070000.WAV	1982	Waveform 1	1
LF	1131.5704333333333	25500.0	25920.0	22.50094372351515	1131.5595	1131.5724	25468	31976	Nyctalus leisleri	0.392	0.644	-1	Echolocation	192000	/home/adkris/Documents/mila-human-wav-txt/20220826_070000.WAV	1983	Waveform 1	1
LF	1131.7121333333334	27000.0	27839.999999999996	19.036191681167647	1131.7095	1131.7202	26328	31586	Nyctalus leisleri	0.542	0.617	-1	Echolocation	192000	/home/adkris/Documents/mila-human-wav-txt/20220826_070000.WAV	1984	Waveform 1	1
LF	1131.8830666666668	27000.0	27839.999999999996	28.94101270310532	1131.8765	1131.8891	27187	34242	Nyctalus leisleri	0.602	0.673	-1	Echolocation	192000	/home/adkris/Documents/mila-human-wav-txt/20220826_070000.WAV	1985	Waveform 1	1
LF	1132.4080666666666	27750.0	27839.999999999996	29.886104324821865	1132.3975	1132.4131	26328	30983	Nyctalus leisleri	0.42	0.561	-1	Echolocation	192000	/home/adkris/Documents/mila-human-wav-txt/20220826_070000.WAV	1986	Waveform 1	1
LF	1132.6721666666667	26250.0	26880.000000000004	32.75127930334619	1132.6605	1132.675	26328	34724	Nyctalus leisleri	0.289	0.58	-1	Echolocation	192000	/home/adkris/Documents/mila-human-wav-txt/20220826_070000.WAV	1987	Waveform 1	1
LF	1132.9339333333332	26250.0	25920.0	23.594169604492915	1132.9235	1132.9369	25468	31860	Nyctalus leisleri	0.324	0.601	-1	Echolocation	192000	/home/adkris/Documents/mila-human-wav-txt/20220826_070000.WAV	1988	Waveform 1	1
LF	1133.1855333333333	27000.0	26880.000000000004	29.59498994911156	1133.1755	1133.1893	27187	33325	Nyctalus leisleri	0.427	0.648	-1	Echolocation	192000	/home/adkris/Documents/mila-human-wav-txt/20220826_070000.WAV	1989	Waveform 1	1
LF	1133.6887666666669	28500.0	28800.0	26.87374720935233	1133.6835	1133.6974	26328	35089	Eptesicus serotinus	0.294	0.643	-1	Echolocation	192000	/home/adkris/Documents/mila-human-wav-txt/20220826_070000.WAV	1990	Waveform 1	1
LF	1134.252066666667	27000.0	27839.999999999996	27.457281577296	1134.2395	1134.2566	26328	30211	Nyctalus leisleri	0.352	0.448	-1	Echolocation	192000	/home/adkris/Documents/mila-human-wav-txt/20220826_070000.WAV	1991	Waveform 1	1
LF	1134.5348	27750.0	27839.999999999996	33.9690887973186	1134.5225	1134.5387	26328	32002	Nyctalus leisleri	0.33	0.515	-1	Echolocation	192000	/home/adkris/Documents/mila-human-wav-txt/20220826_070000.WAV	1992	Waveform 1	1
LF	1134.8080333333332	26250.0	25920.0	14.708267939186063	1134.7955	1134.8138	25468	32142	Eptesicus serotinus	0.191	0.352	-1	Echolocation	192000	/home/adkris/Documents/mila-human-wav-txt/20220826_070000.WAV	1993	Waveform 1	1
LF	1135.069066666667	27000.0	26880.000000000004	30.852888360416483	1135.0565	1135.0736	26328	30698	Nyctalus leisleri	0.306	0.483	-1	Echolocation	192000	/home/adkris/Documents/mila-human-wav-txt/20220826_070000.WAV	1994	Waveform 1	1
LF	1135.2558666666666	26250.0	26880.000000000004	27.25248943720001	1135.2445	1135.2593	26328	33361	Nyctalus leisleri	0.219	0.46	-1	Echolocation	192000	/home/adkris/Documents/mila-human-wav-txt/20220826_070000.WAV	1995	Waveform 1	1
HF	1135.3638	53250.0	53760.00000000001	4.297401744438323	1135.3615	1135.3667	46093	60404	Pipistrellus pipistrellus	0.03	0.076	-1	Echolocation	192000	/home/adkris/Documents/mila-human-wav-txt/20220826_070000.WAV	1996	Waveform 1	1
LF	1135.4953333333333	26250.0	26880.000000000004	1.1066935444584238	1135.4935	1135.5015	26328	40924	Myotis nattereri	0.011	0.032	-1	Echolocation	192000	/home/adkris/Documents/mila-human-wav-txt/20220826_070000.WAV	1997	Waveform 1	1
LF	1135.526033333333	26250.0	26880.000000000004	9.07556833529338	1135.5115	1135.5278	28046	34184	Eptesicus serotinus	0.103	0.206	-1	Echolocation	192000	/home/adkris/Documents/mila-human-wav-txt/20220826_070000.WAV	1998	Waveform 1	1
HF	1135.5810666666666	53250.0	52800.00000000001	5.353264400241865	1135.5765	1135.5841	52109	57321	Pipistrellus pipistrellus	0.105	0.155	-1	Echolocation	192000	/home/adkris/Documents/mila-human-wav-txt/20220826_070000.WAV	1999	Waveform 1	1
LF	1135.7806	27000.0	26880.000000000004	29.404902942248444	1135.7675	1135.7829	26328	32873	Nyctalus leisleri	0.222	0.429	-1	Echolocation	192000	/home/adkris/Documents/mila-human-wav-txt/20220826_070000.WAV	2000	Waveform 1	1
LF	1136.0585333333331	27000.0	26880.000000000004	27.27470622301263	1136.0465	1136.0618	26328	35348	Eptesicus serotinus	0.305	0.519	-1	Echolocation	192000	/home/adkris/Documents/mila-human-wav-txt/20220826_070000.WAV	2001	Waveform 1	1
LF	1136.3305666666668	26250.0	26880.000000000004	14.267619711744413	1136.3145	1136.3316	26328	31441	Nyctalus leisleri	0.207	0.371	-1	Echolocation	192000	/home/adkris/Documents/mila-human-wav-txt/20220826_070000.WAV	2002	Waveform 1	1
LF	1136.7110666666667	26250.0	26880.000000000004	28.761655300898504	1136.6985	1136.7156	26328	31968	Nyctalus leisleri	0.286	0.527	-1	Echolocation	192000	/home/adkris/Documents/mila-human-wav-txt/20220826_070000.WAV	2003	Waveform 1	1
LF	1136.991266666667	25500.0	26880.000000000004	13.696026394695462	1136.9755	1136.9929	25468	33490	Eptesicus serotinus	0.222	0.454	-1	Echolocation	192000	/home/adkris/Documents/mila-human-wav-txt/20220826_070000.WAV	2004	Waveform 1	1
LF	1137.3139333333334	27000.0	27839.999999999996	0.4574626645950757	1137.3085	1137.3164	27187	44803	Eptesicus serotinus	0.008	0.023	-1	Echolocation	192000	/home/adkris/Documents/mila-human-wav-txt/20220826_070000.WAV	2005	Waveform 1	1
LF	1137.3898	27000.0	26880.000000000004	32.22624426879081	1137.3735	1137.3927	26328	30145	Nyctalus leisleri	0.188	0.297	-1	Echolocation	192000	/home/adkris/Documents/mila-human-wav-txt/20220826_070000.WAV	2006	Waveform 1	1
LF	1137.670933333333	26250.0	25920.0	14.012753485901154	1137.6585	1137.6734	25468	31906	Eptesicus serotinus	0.203	0.401	-1	Echolocation	192000	/home/adkris/Documents/mila-human-wav-txt/20220826_070000.WAV	2007	Waveform 1	1
LF	1137.9456333333333	27000.0	26880.000000000004	34.19797255205267	1137.9305	1137.9497	26328	30530	Nyctalus leisleri	0.192	0.315	-1	Echolocation	192000	/home/adkris/Documents/mila-human-wav-txt/20220826_070000.WAV	2008	Waveform 1	1
HF	1138.0943	52500.0	49920.0	5.452183605451408	1138.0925	1138.0982	48671	56019	Pipistrellus pipistrellus	0.278	0.285	-1	Echolocation	192000	/home/adkris/Documents/mila-human-wav-txt/20220826_070000.WAV	2009	Waveform 1	1
LF	1138.1333666666667	27000.0	26880.000000000004	26.528001164564294	1138.1195	1138.1353	26328	36463	Nyctalus leisleri	0.178	0.394	-1	Echolocation	192000	/home/adkris/Documents/mila-human-wav-txt/20220826_070000.WAV	2010	Waveform 1	1
HF	1138.1348	53250.0	53760.00000000001	7.7005833583017935	1138.1305	1138.1407	53828	57375	Pipistrellus pygmaeus	0.246	0.277	-1	Echolocation	192000	/home/adkris/Documents/mila-human-wav-txt/20220826_070000.WAV	2011	Waveform 1	1
HF	1138.243333333333	51750.0	48960.0	9.005628304661615	1138.2395	1138.2455	34062	68822	Myotis mystacinus	0.009	0.023	-1	Echolocation	192000	/home/adkris/Documents/mila-human-wav-txt/20220826_070000.WAV	2012	Waveform 1	1
HF	1138.3102	52500.0	51840.0	8.814837923885646	1138.3075	1138.3123	48671	62421	Pipistrellus pipistrellus	0.394	0.426	-1	Echolocation	192000	/home/adkris/Documents/mila-human-wav-txt/20220826_070000.WAV	2013	Waveform 1	1
HF	1138.3798	49500.0	49920.0	10.64887146538748	1138.3775	1138.3827	48671	58019	Pipistrellus pipistrellus	0.588	0.631	-1	Echolocation	192000	/home/adkris/Documents/mila-human-wav-txt/20220826_070000.WAV	2014	Waveform 1	1
LF	1138.4048333333333	25500.0	26880.000000000004	13.351306470597546	1138.3915	1138.4055	25468	33746	Eptesicus serotinus	0.243	0.424	-1	Echolocation	192000	/home/adkris/Documents/mila-human-wav-txt/20220826_070000.WAV	2015	Waveform 1	1
HF	1138.4525333333331	49500.0	46080.0	2.680541383343718	1138.4485	1138.4543	33203	74114	Myotis mystacinus	0.014	0.028	-1	Echolocation	192000	/home/adkris/Documents/mila-human-wav-txt/20220826_070000.WAV	2016	Waveform 1	1
LF	1138.6795	27000.0	26880.000000000004	30.702924446135825	1138.6645	1138.685	26328	31308	Nyctalus leisleri	0.162	0.33	-1	Echolocation	192000	/home/adkris/Documents/mila-human-wav-txt/20220826_070000.WAV	2017	Waveform 1	1
HF	1138.6826666666666	56250.0	53760.00000000001	10.821463065363302	1138.6755	1138.684	52109	59138	Pipistrellus pygmaeus	0.109	0.133	-1	Echolocation	192000	/home/adkris/Documents/mila-human-wav-txt/20220826_070000.WAV	2018	Waveform 1	1
HF	1138.8557666666666	49500.0	49920.0	11.5571324598026	1138.8525	1138.8579	47812	58983	Pipistrellus pipistrellus	0.551	0.588	-1	Echolocation	192000	/home/adkris/Documents/mila-human-wav-txt/20220826_070000.WAV	2019	Waveform 1	1
HF	1139.0617	50250.0	48960.0	9.004077758429947	1139.0595	1139.0648	47812	59506	Pipistrellus pipistrellus	0.518	0.531	-1	Echolocation	192000	/home/adkris/Documents/mila-human-wav-txt/20220826_070000.WAV	2020	Waveform 1	1
HF	1139.168233333333	57000.0	56640.0	11.704690474687052	1139.1655	1139.1726	55546	65802	Pipistrellus pygmaeus	0.029	0.031	-1	Echolocation	192000	/home/adkris/Documents/mila-human-wav-txt/20220826_070000.WAV	2021	Waveform 1	1
HF	1139.3885666666667	53250.0	52800.00000000001	15.26006497139392	1139.3855	1139.3911	51250	58581	Pipistrellus pipistrellus	0.357	0.453	-1	Echolocation	192000	/home/adkris/Documents/mila-human-wav-txt/20220826_070000.WAV	2022	Waveform 1	1
HF	1139.4628	51750.0	51840.0	21.526679167949226	1139.4605	1139.4657	46953	63984	Pipistrellus pipistrellus	0.646	0.694	-1	Echolocation	192000	/home/adkris/Documents/mila-human-wav-txt/20220826_070000.WAV	2023	Waveform 1	1
HF	1139.5563	48750.0	48960.0	12.559339670215358	1139.5535	1139.5582	47812	61472	Pipistrellus pipistrellus	0.568	0.605	-1	Echolocation	192000	/home/adkris/Documents/mila-human-wav-txt/20220826_070000.WAV	2024	Waveform 1	1
HF	1139.6724333333334	55500.0	55679.99999999999	10.22223039725846	1139.6645	1139.6734	56406	62462	Pipistrellus pygmaeus	0.032	0.035	-1	Echolocation	192000	/home/adkris/Documents/mila-human-wav-txt/20220826_070000.WAV	2025	Waveform 1	1
LF	1139.741166666667	25500.0	25920.0	8.840293057897137	1139.7295	1139.7475	25468	29786	Nyctalus leisleri	0.234	0.378	-1	Echolocation	192000	/home/adkris/Documents/mila-human-wav-txt/20220826_070000.WAV	2026	Waveform 1	1
HF	1139.8718	52500.0	52800.00000000001	11.281190184628302	1139.8695	1139.8747	44375	61124	Pipistrellus pipistrellus	0.255	0.455	-1	Echolocation	192000	/home/adkris/Documents/mila-human-wav-txt/20220826_070000.WAV	2027	Waveform 1	1
HF	1140.057366666667	49500.0	48960.0	4.891205617682247	1140.0545	1140.0603	34062	64313	Myotis brandtii	0.007	0.023	-1	Echolocation	192000	/home/adkris/Documents/mila-human-wav-txt/20220826_070000.WAV	2028	Waveform 1	1
HF	1140.5548666666666	49500.0	54719.99999999999	11.865178979244874	1140.5505	1140.5583	46953	61052	Pipistrellus pipistrellus	0.487	0.64	-1	Echolocation	192000	/home/adkris/Documents/mila-human-wav-txt/20220826_070000.WAV	2029	Waveform 1	1
LF	1140.9392666666668	26250.0	25920.0	21.84683169030412	1140.9275	1140.9454	25468	30220	Nyctalus leisleri	0.324	0.419	-1	Echolocation	192000	/home/adkris/Documents/mila-human-wav-txt/20220826_070000.WAV	2030	Waveform 1	1
LF	1141.2069	26250.0	25920.0	7.103733968078583	1141.1955	1141.2126	25468	30108	Nyctalus leisleri	0.22	0.342	-1	Echolocation	192000	/home/adkris/Documents/mila-human-wav-txt/20220826_070000.WAV	2031	Waveform 1	1
LF	1141.8622666666668	26250.0	26880.000000000004	16.79882964488107	1141.8455	1141.8654	26328	30129	Nyctalus leisleri	0.249	0.415	-1	Echolocation	192000	/home/adkris/Documents/mila-human-wav-txt/20220826_070000.WAV	2032	Waveform 1	1
LF	1142.0545666666667	25500.0	24960.0	1.4549818444892608	1142.0465	1142.0611	24609	29299	Nyctalus leisleri	0.283	0.431	-1	Echolocation	192000	/home/adkris/Documents/mila-human-wav-txt/20220826_070000.WAV	2033	Waveform 1	1
LF	1142.5062666666668	27000.0	26880.000000000004	14.389937309163294	1142.4935	1142.5104	26328	30039	Nyctalus leisleri	0.397	0.487	-1	Echolocation	192000	/home/adkris/Documents/mila-human-wav-txt/20220826_070000.WAV	2034	Waveform 1	1
LF	1142.767	27000.0	26880.000000000004	10.491127726152088	1142.7535	1142.772	26328	31033	Nyctalus leisleri	0.23	0.334	-1	Echolocation	192000	/home/adkris/Documents/mila-human-wav-txt/20220826_070000.WAV	2035	Waveform 1	1
LF	1143.2958333333331	27000.0	26880.000000000004	6.297658273361854	1143.2845	1143.304	26328	31061	Nyctalus leisleri	0.142	0.247	-1	Echolocation	192000	/home/adkris/Documents/mila-human-wav-txt/20220826_070000.WAV	2036	Waveform 1	1
LF	1143.5648333333334	27000.0	26880.000000000004	3.769950572182691	1143.5495	1143.565	27187	32443	Nyctalus leisleri	0.07	0.154	-1	Echolocation	192000	/home/adkris/Documents/mila-human-wav-txt/20220826_070000.WAV	2037	Waveform 1	1
LF	1144.0791666666669	27750.0	26880.000000000004	5.235404127588069	1144.0705	1144.088	26328	29955	Nyctalus leisleri	0.125	0.219	-1	Echolocation	192000	/home/adkris/Documents/mila-human-wav-txt/20220826_070000.WAV	2038	Waveform 1	1
LF	1144.2549666666666	27000.0	26880.000000000004	4.5361220247562	1144.2435	1144.2617	26328	29712	Nyctalus leisleri	0.123	0.21	-1	Echolocation	192000	/home/adkris/Documents/mila-human-wav-txt/20220826_070000.WAV	2039	Waveform 1	1
LF	1144.7571	27000.0	26880.000000000004	4.11290328355789	1144.7475	1144.7629	26328	30896	Nyctalus leisleri	0.102	0.232	-1	Echolocation	192000	/home/adkris/Documents/mila-human-wav-txt/20220826_070000.WAV	2040	Waveform 1	1
LF	1144.892	27000.0	26880.000000000004	4.681567920758566	1144.8825	1144.9015	26328	29747	Nyctalus leisleri	0.148	0.225	-1	Echolocation	192000	/home/adkris/Documents/mila-human-wav-txt/20220826_070000.WAV	2041	Waveform 1	1
LF	1145.0664666666669	33000.0	26880.000000000004	-0.4732604681980825	1145.0595	1145.0717	28046	34494	Eptesicus serotinus	0.014	0.031	-1	Echolocation	192000	/home/adkris/Documents/mila-human-wav-txt/20220826_070000.WAV	2042	Waveform 1	1
LF	1145.4937666666667	25500.0	25920.0	4.333748057490869	1145.4835	1145.4994	24609	28377	Nyctalus leisleri	0.37	0.551	-1	Echolocation	192000	/home/adkris/Documents/mila-human-wav-txt/20220826_070000.WAV	2043	Waveform 1	1
HF	1145.8685	42750.0	43200.0	3.157782894362258	1145.8615	1145.8725	41796	45110	Pipistrellus nathusii	0.037	0.053	-1	Echolocation	192000	/home/adkris/Documents/mila-human-wav-txt/20220826_070000.WAV	2044	Waveform 1	1
HF	1145.9800333333333	43500.0	44160.0	5.814237850227051	1145.9755	1145.9843	40937	49370	Pipistrellus nathusii	0.418	0.457	-1	Echolocation	192000	/home/adkris/Documents/mila-human-wav-txt/20220826_070000.WAV	2045	Waveform 1	1
HF	1146.051333333333	43500.0	44160.0	5.409087375676046	1146.0445	1146.0545	43515	52233	Pipistrellus nathusii	0.242	0.337	-1	Echolocation	192000	/home/adkris/Documents/mila-human-wav-txt/20220826_070000.WAV	2046	Waveform 1	1
HF	1146.2059666666669	44250.0	45120.0	2.4504920353511057	1146.2005	1146.2107	41796	46784	Pipistrellus nathusii	0.184	0.221	-1	Echolocation	192000	/home/adkris/Documents/mila-human-wav-txt/20220826_070000.WAV	2047	Waveform 1	1
LF	1146.3138333333334	42750.0	44160.0	4.381462017944822	1146.3105	1146.317	29765	43008	Myotis daubentonii	0.01	0.028	-1	Echolocation	192000	/home/adkris/Documents/mila-human-wav-txt/20220826_070000.WAV	2048	Waveform 1	1
HF	1146.411	42750.0	44160.0	5.536888462248502	1146.4055	1146.4145	40937	52867	Pipistrellus nathusii	0.527	0.567	-1	Echolocation	192000	/home/adkris/Documents/mila-human-wav-txt/20220826_070000.WAV	2049	Waveform 1	1
HF	1146.4745333333333	43500.0	44160.0	5.159964382762732	1146.4695	1146.4778	43515	50468	Pipistrellus nathusii	0.243	0.309	-1	Echolocation	192000	/home/adkris/Documents/mila-human-wav-txt/20220826_070000.WAV	2050	Waveform 1	1
HF	1151.4447333333333	42000.0	41280.0	2.23816095099345	1151.4405	1151.4496	40937	48442	Pipistrellus nathusii	0.175	0.201	-1	Echolocation	192000	/home/adkris/Documents/mila-human-wav-txt/20220826_070000.WAV	2051	Waveform 1	1
HF	1151.7391666666667	41250.0	45120.0	1.9254997509276408	1151.7355	1151.744	40937	47294	Pipistrellus nathusii	0.048	0.063	-1	Echolocation	192000	/home/adkris/Documents/mila-human-wav-txt/20220826_070000.WAV	2052	Waveform 1	1
HF	1151.8288	46500.0	44160.0	4.157214662878139	1151.8265	1151.8352	40937	51164	Pipistrellus nathusii	0.335	0.402	-1	Echolocation	192000	/home/adkris/Documents/mila-human-wav-txt/20220826_070000.WAV	2053	Waveform 1	1
HF	1152.1294333333333	41250.0	44160.0	5.479924684068395	1152.1245	1152.1329	40078	53023	Pipistrellus nathusii	0.413	0.475	-1	Echolocation	192000	/home/adkris/Documents/mila-human-wav-txt/20220826_070000.WAV	2054	Waveform 1	1
HF	1152.309166666667	45000.0	42240.0	3.3297878945877644	1152.3045	1152.312	41796	51538	Pipistrellus nathusii	0.218	0.257	-1	Echolocation	192000	/home/adkris/Documents/mila-human-wav-txt/20220826_070000.WAV	2055	Waveform 1	1
LF	1152.395166666667	26250.0	24960.0	0.3289824552593831	1152.3905	1152.398	26328	40234	Eptesicus serotinus	0.007	0.023	-1	Echolocation	192000	/home/adkris/Documents/mila-human-wav-txt/20220826_070000.WAV	2056	Waveform 1	1
HF	1152.5677666666666	45750.0	44160.0	5.040440776575269	1152.5655	1152.5719	40937	51292	Pipistrellus nathusii	0.194	0.255	-1	Echolocation	192000	/home/adkris/Documents/mila-human-wav-txt/20220826_070000.WAV	2057	Waveform 1	1
HF	1152.6686666666667	44250.0	44160.0	2.749449591278865	1152.6645	1152.6725	41796	50071	Pipistrellus nathusii	0.299	0.411	-1	Echolocation	192000	/home/adkris/Documents/mila-human-wav-txt/20220826_070000.WAV	2058	Waveform 1	1
HF	1152.7518	44250.0	44160.0	4.691871297223528	1152.7485	1152.7562	41796	50723	Pipistrellus nathusii	0.416	0.46	-1	Echolocation	192000	/home/adkris/Documents/mila-human-wav-txt/20220826_070000.WAV	2059	Waveform 1	1
HF	1152.843	44250.0	45120.0	12.429294684843669	1152.8395	1152.847	40937	57252	Pipistrellus nathusii	0.403	0.538	-1	Echolocation	192000	/home/adkris/Documents/mila-human-wav-txt/20220826_070000.WAV	2060	Waveform 1	1
HF	1152.9347	45000.0	45120.0	4.230290468277013	1152.9315	1152.9393	40937	51448	Pipistrellus nathusii	0.29	0.353	-1	Echolocation	192000	/home/adkris/Documents/mila-human-wav-txt/20220826_070000.WAV	2061	Waveform 1	1
HF	1153.0338	41250.0	42240.0	7.093290162139328	1153.0285	1153.0377	40937	51627	Pipistrellus nathusii	0.453	0.557	-1	Echolocation	192000	/home/adkris/Documents/mila-human-wav-txt/20220826_070000.WAV	2062	Waveform 1	1
HF	1153.14	42000.0	41280.0	7.627651578476971	1153.1345	1153.1435	40937	52399	Pipistrellus nathusii	0.498	0.573	-1	Echolocation	192000	/home/adkris/Documents/mila-human-wav-txt/20220826_070000.WAV	2063	Waveform 1	1
HF	1153.2452666666666	41250.0	43200.0	8.137190290050366	1153.2415	1153.2499	40078	53902	Pipistrellus nathusii	0.509	0.602	-1	Echolocation	192000	/home/adkris/Documents/mila-human-wav-txt/20220826_070000.WAV	2064	Waveform 1	1
HF	1153.3603	41250.0	42240.0	9.2662119667216	1153.3545	1153.3632	40078	51363	Pipistrellus nathusii	0.499	0.584	-1	Echolocation	192000	/home/adkris/Documents/mila-human-wav-txt/20220826_070000.WAV	2065	Waveform 1	1
HF	1153.462	43500.0	43200.0	16.56085565920109	1153.4575	1153.4675	40078	56840	Pipistrellus nathusii	0.505	0.573	-1	Echolocation	192000	/home/adkris/Documents/mila-human-wav-txt/20220826_070000.WAV	2066	Waveform 1	1
HF	1153.6513666666667	44250.0	45120.0	14.874161985141798	1153.6485	1153.6578	40937	53550	Pipistrellus nathusii	0.47	0.582	-1	Echolocation	192000	/home/adkris/Documents/mila-human-wav-txt/20220826_070000.WAV	2067	Waveform 1	1
HF	1153.7579333333333	41250.0	41280.0	8.251464997261838	1153.7505	1153.7599	40078	50846	Pipistrellus nathusii	0.513	0.6	-1	Echolocation	192000	/home/adkris/Documents/mila-human-wav-txt/20220826_070000.WAV	2068	Waveform 1	1
HF	1153.8728333333331	41250.0	41280.0	13.909211876614652	1153.8655	1153.875	40078	54966	Pipistrellus nathusii	0.532	0.631	-1	Echolocation	192000	/home/adkris/Documents/mila-human-wav-txt/20220826_070000.WAV	2069	Waveform 1	1
HF	1153.9640333333334	42000.0	42240.0	8.59643122325072	1153.9585	1153.9663	40937	49059	Pipistrellus nathusii	0.504	0.548	-1	Echolocation	192000	/home/adkris/Documents/mila-human-wav-txt/20220826_070000.WAV	2070	Waveform 1	1
HF	1154.1497	47250.0	42240.0	2.9985678784917384	1154.1475	1154.1598	40937	50723	Pipistrellus nathusii	0.261	0.284	-1	Echolocation	192000	/home/adkris/Documents/mila-human-wav-txt/20220826_070000.WAV	2071	Waveform 1	1
HF	1154.2603	45000.0	45120.0	9.742730689723292	1154.2555	1154.2652	40078	51542	Pipistrellus nathusii	0.447	0.533	-1	Echolocation	192000	/home/adkris/Documents/mila-human-wav-txt/20220826_070000.WAV	2072	Waveform 1	1
HF	1154.7824333333333	42000.0	41280.0	4.416683642127114	1154.7785	1154.7879	40078	44112	Pipistrellus nathusii	0.247	0.277	-1	Echolocation	192000	/home/adkris/Documents/mila-human-wav-txt/20220826_070000.WAV	2073	Waveform 1	1
HF	1155.0965	42000.0	40320.0	5.898755060560944	1155.0915	1155.101	39218	45256	Pipistrellus nathusii	0.344	0.381	-1	Echolocation	192000	/home/adkris/Documents/mila-human-wav-txt/20220826_070000.WAV	2074	Waveform 1	1
LF	1178.8712333333333	24750.0	25920.0	4.250818834529456	1178.8605	1178.8771	24609	28493	Nyctalus leisleri	0.358	0.482	-1	Echolocation	192000	/home/adkris/Documents/mila-human-wav-txt/20220826_070000.WAV	2075	Waveform 1	1
LF	1179.2909	24000.0	24960.0	1.9403159243581865	1179.2815	1179.3006	23750	28606	Nyctalus leisleri	0.139	0.275	-1	Echolocation	192000	/home/adkris/Documents/mila-human-wav-txt/20220826_070000.WAV	2076	Waveform 1	1
LF	1179.5667666666666	24750.0	24960.0	2.390191625093417	1179.5575	1179.5744	24609	29540	Eptesicus serotinus	0.062	0.131	-1	Echolocation	192000	/home/adkris/Documents/mila-human-wav-txt/20220826_070000.WAV	2077	Waveform 1	1
LF	1180.3939	25500.0	25920.0	5.636503008722342	1180.3845	1180.4036	23750	28571	Nyctalus leisleri	0.26	0.421	-1	Echolocation	192000	/home/adkris/Documents/mila-human-wav-txt/20220826_070000.WAV	2078	Waveform 1	1
LF	1180.9371	25500.0	25920.0	3.5172700817374714	1180.9305	1180.9454	23750	28305	Nyctalus leisleri	0.228	0.402	-1	Echolocation	192000	/home/adkris/Documents/mila-human-wav-txt/20220826_070000.WAV	2079	Waveform 1	1
LF	1181.3413666666668	26250.0	25920.0	13.123101750331482	1181.3345	1181.3503	24609	28542	Nyctalus leisleri	0.429	0.542	-1	Echolocation	192000	/home/adkris/Documents/mila-human-wav-txt/20220826_070000.WAV	2080	Waveform 1	1
LF	1181.8883	24750.0	24960.0	1.9566643038260725	1181.8735	1181.8942	24609	28659	Nyctalus leisleri	0.094	0.18	-1	Echolocation	192000	/home/adkris/Documents/mila-human-wav-txt/20220826_070000.WAV	2081	Waveform 1	1
LF	1183.0975	24750.0	25920.0	6.760887266309476	1183.0855	1183.1055	24609	28817	Nyctalus leisleri	0.249	0.342	-1	Echolocation	192000	/home/adkris/Documents/mila-human-wav-txt/20220826_070000.WAV	2082	Waveform 1	1
LF	1183.5036	24000.0	24960.0	3.2342633964543657	1183.4945	1183.5104	24609	28382	Nyctalus leisleri	0.223	0.343	-1	Echolocation	192000	/home/adkris/Documents/mila-human-wav-txt/20220826_070000.WAV	2083	Waveform 1	1
LF	1183.9033333333334	25500.0	25920.0	8.136671837412976	1183.8975	1183.912	23750	28878	Nyctalus leisleri	0.29	0.492	-1	Echolocation	192000	/home/adkris/Documents/mila-human-wav-txt/20220826_070000.WAV	2084	Waveform 1	1
LF	1184.4245666666666	25500.0	25920.0	4.268427793016684	1184.4165	1184.4311	24609	28962	Nyctalus leisleri	0.39	0.569	-1	Echolocation	192000	/home/adkris/Documents/mila-human-wav-txt/20220826_070000.WAV	2085	Waveform 1	1
LF	1184.6801	25500.0	25920.0	4.800915815696657	1184.6705	1184.6894	24609	28708	Nyctalus leisleri	0.206	0.327	-1	Echolocation	192000	/home/adkris/Documents/mila-human-wav-txt/20220826_070000.WAV	2086	Waveform 1	1
LF	1185.4848333333334	25500.0	25920.0	9.14794482013018	1185.4745	1185.4915	23750	29087	Nyctalus leisleri	0.245	0.469	-1	Echolocation	192000	/home/adkris/Documents/mila-human-wav-txt/20220826_070000.WAV	2087	Waveform 1	1
LF	1185.6575333333333	26250.0	25920.0	10.527884456927303	1185.6475	1185.6648	25468	29189	Nyctalus leisleri	0.321	0.422	-1	Echolocation	192000	/home/adkris/Documents/mila-human-wav-txt/20220826_070000.WAV	2088	Waveform 1	1
LF	1185.9261	24750.0	26880.000000000004	4.2093476665902845	1185.9135	1185.9294	25468	29550	Nyctalus leisleri	0.212	0.322	-1	Echolocation	192000	/home/adkris/Documents/mila-human-wav-txt/20220826_070000.WAV	2089	Waveform 1	1
LF	1186.2068333333334	24000.0	24000.0	0.6722827241895313	1186.2045	1186.212	22890	32762	Plecotus austriacus	0.015	0.029	-1	Echolocation	192000	/home/adkris/Documents/mila-human-wav-txt/20220826_070000.WAV	2090	Waveform 1	1
LF	1187.38	25500.0	25920.0	6.1661471061812545	1187.3695	1187.384	24609	30644	Eptesicus serotinus	0.232	0.513	-1	Echolocation	192000	/home/adkris/Documents/mila-human-wav-txt/20220826_070000.WAV	2091	Waveform 1	1
LF	1187.7676666666666	24750.0	24000.0	2.2620189988409214	1187.7575	1187.7735	23750	29662	Nyctalus leisleri	0.198	0.442	-1	Echolocation	192000	/home/adkris/Documents/mila-human-wav-txt/20220826_070000.WAV	2092	Waveform 1	1
LF	1188.1524333333334	26250.0	25920.0	9.43094586147158	1188.1495	1188.1634	24609	27964	Nyctalus leisleri	0.491	0.595	-1	Echolocation	192000	/home/adkris/Documents/mila-human-wav-txt/20220826_070000.WAV	2093	Waveform 1	1
LF	1188.7945333333332	25500.0	25920.0	8.146699783129804	1188.7795	1188.7953	24609	29501	Nyctalus leisleri	0.359	0.541	-1	Echolocation	192000	/home/adkris/Documents/mila-human-wav-txt/20220826_070000.WAV	2094	Waveform 1	1
LF	1189.1842666666666	27000.0	26880.000000000004	5.759433822171052	1189.1715	1189.1884	25468	30569	Nyctalus leisleri	0.247	0.438	-1	Echolocation	192000	/home/adkris/Documents/mila-human-wav-txt/20220826_070000.WAV	2095	Waveform 1	1
LF	1189.8504666666668	26250.0	25920.0	5.888589145846015	1189.8335	1189.8567	25468	29042	Nyctalus leisleri	0.13	0.224	-1	Echolocation	192000	/home/adkris/Documents/mila-human-wav-txt/20220826_070000.WAV	2096	Waveform 1	1
LF	1190.7738	25500.0	25920.0	7.763690164044688	1190.7575	1190.7802	25468	29020	Nyctalus leisleri	0.144	0.238	-1	Echolocation	192000	/home/adkris/Documents/mila-human-wav-txt/20220826_070000.WAV	2097	Waveform 1	1
LF	1191.4255333333333	26250.0	25920.0	4.976283201799308	1191.4205	1191.4393	23750	28813	Nyctalus leisleri	0.159	0.335	-1	Echolocation	192000	/home/adkris/Documents/mila-human-wav-txt/20220826_070000.WAV	2098	Waveform 1	1
LF	1191.7924666666668	33000.0	29760.0	0.1731843701597304	1191.7915	1191.7992	27187	38915	Eptesicus serotinus	0.008	0.024	-1	Echolocation	192000	/home/adkris/Documents/mila-human-wav-txt/20220826_070000.WAV	2099	Waveform 1	1
LF	1192.0748333333331	24750.0	25920.0	5.484775528132262	1192.0625	1192.081	24609	29689	Eptesicus serotinus	0.103	0.223	-1	Echolocation	192000	/home/adkris/Documents/mila-human-wav-txt/20220826_070000.WAV	2100	Waveform 1	1
HF	1192.2908666666667	44250.0	44160.0	6.304375535030761	1192.2865	1192.2943	40937	54661	Pipistrellus nathusii	0.479	0.562	-1	Echolocation	192000	/home/adkris/Documents/mila-human-wav-txt/20220826_070000.WAV	2101	Waveform 1	1
HF	1192.4014	41250.0	41280.0	2.3113893192237605	1192.3965	1192.4061	40078	46962	Pipistrellus nathusii	0.267	0.296	-1	Echolocation	192000	/home/adkris/Documents/mila-human-wav-txt/20220826_070000.WAV	2102	Waveform 1	1
HF	1192.7201	41250.0	41280.0	11.614227844704356	1192.7145	1192.7234	40937	53608	Pipistrellus nathusii	0.504	0.598	-1	Echolocation	192000	/home/adkris/Documents/mila-human-wav-txt/20220826_070000.WAV	2103	Waveform 1	1
HF	1192.8210666666666	41250.0	41280.0	3.2581920820385117	1192.8175	1192.8261	40078	46187	Pipistrellus nathusii	0.305	0.328	-1	Echolocation	192000	/home/adkris/Documents/mila-human-wav-txt/20220826_070000.WAV	2104	Waveform 1	1
HF	1192.9260666666669	44250.0	41280.0	9.11136721245484	1192.9225	1192.9311	40937	52570	Pipistrellus nathusii	0.54	0.608	-1	Echolocation	192000	/home/adkris/Documents/mila-human-wav-txt/20220826_070000.WAV	2105	Waveform 1	1
LF	1192.9891	26250.0	24960.0	3.116921256795445	1192.9835	1193.0029	24609	28014	Nyctalus leisleri	0.178	0.26	-1	Echolocation	192000	/home/adkris/Documents/mila-human-wav-txt/20220826_070000.WAV	2106	Waveform 1	1
LF	1193.0225666666668	39750.0	27839.999999999996	0.4188328671772277	1193.0215	1193.0291	27187	40337	Eptesicus serotinus	0.011	0.026	-1	Echolocation	192000	/home/adkris/Documents/mila-human-wav-txt/20220826_070000.WAV	2107	Waveform 1	1
HF	1193.1272666666666	44250.0	41280.0	3.80229651121361	1193.1245	1193.1339	40937	47933	Pipistrellus nathusii	0.519	0.593	-1	Echolocation	192000	/home/adkris/Documents/mila-human-wav-txt/20220826_070000.WAV	2108	Waveform 1	1
HF	1193.5208	42000.0	42240.0	1.024814093188226	1193.5175	1193.5252	40078	45898	Pipistrellus nathusii	0.298	0.323	-1	Echolocation	192000	/home/adkris/Documents/mila-human-wav-txt/20220826_070000.WAV	2109	Waveform 1	1
HF	1193.6195	42000.0	41280.0	5.005215796223888	1193.6155	1193.6225	40078	50812	Pipistrellus nathusii	0.395	0.486	-1	Echolocation	192000	/home/adkris/Documents/mila-human-wav-txt/20220826_070000.WAV	2110	Waveform 1	1
HF	1193.7041666666669	40500.0	41280.0	9.824588725540377	1193.6995	1193.707	40078	51569	Pipistrellus nathusii	0.571	0.616	-1	Echolocation	192000	/home/adkris/Documents/mila-human-wav-txt/20220826_070000.WAV	2111	Waveform 1	1
HF	1193.7994666666666	45750.0	41280.0	6.311202914596525	1193.7955	1193.8037	40937	48808	Pipistrellus nathusii	0.347	0.393	-1	Echolocation	192000	/home/adkris/Documents/mila-human-wav-txt/20220826_070000.WAV	2112	Waveform 1	1
HF	1193.8987333333334	41250.0	41280.0	10.756202564087754	1193.8935	1193.9016	40937	53150	Pipistrellus nathusii	0.509	0.607	-1	Echolocation	192000	/home/adkris/Documents/mila-human-wav-txt/20220826_070000.WAV	2113	Waveform 1	1
HF	1194.2118666666668	41250.0	41280.0	10.601177046435428	1194.2085	1194.2173	40078	52008	Pipistrellus nathusii	0.38	0.4	-1	Echolocation	192000	/home/adkris/Documents/mila-human-wav-txt/20220826_070000.WAV	2114	Waveform 1	1
HF	1194.3171	42750.0	40320.0	12.874542075931558	1194.3125	1194.3224	40078	51206	Pipistrellus nathusii	0.49	0.527	-1	Echolocation	192000	/home/adkris/Documents/mila-human-wav-txt/20220826_070000.WAV	2115	Waveform 1	1
HF	1194.4097666666669	42750.0	40320.0	10.53130069955692	1194.4055	1194.4134	40078	52896	Pipistrellus nathusii	0.477	0.522	-1	Echolocation	192000	/home/adkris/Documents/mila-human-wav-txt/20220826_070000.WAV	2116	Waveform 1	1
HF	1194.5149	43500.0	40320.0	11.538142348150512	1194.5105	1194.5206	40078	52907	Pipistrellus nathusii	0.412	0.445	-1	Echolocation	192000	/home/adkris/Documents/mila-human-wav-txt/20220826_070000.WAV	2117	Waveform 1	1
HF	1194.6232666666667	43500.0	40320.0	14.339941855128073	1194.6195	1194.6279	40078	54186	Pipistrellus nathusii	0.605	0.668	-1	Echolocation	192000	/home/adkris/Documents/mila-human-wav-txt/20220826_070000.WAV	2118	Waveform 1	1
HF	1194.7315333333331	40500.0	40320.0	8.588922942816	1194.7275	1194.7333	30625	58638	Myotis brandtii	0.013	0.03	-1	Echolocation	192000	/home/adkris/Documents/mila-human-wav-txt/20220826_070000.WAV	2119	Waveform 1	1
HF	1194.8450333333333	40500.0	40320.0	11.453564388199869	1194.8415	1194.8513	40078	47793	Pipistrellus nathusii	0.423	0.448	-1	Echolocation	192000	/home/adkris/Documents/mila-human-wav-txt/20220826_070000.WAV	2120	Waveform 1	1
HF	1194.9535666666666	42000.0	40320.0	14.394988667442105	1194.9475	1194.9571	40078	59384	Pipistrellus nathusii	0.616	0.661	-1	Echolocation	192000	/home/adkris/Documents/mila-human-wav-txt/20220826_070000.WAV	2121	Waveform 1	1
HF	1195.0520333333334	44250.0	45120.0	16.842029553384254	1195.0475	1195.0528	30625	61465	Myotis brandtii	0.015	0.026	-1	Echolocation	192000	/home/adkris/Documents/mila-human-wav-txt/20220826_070000.WAV	2122	Waveform 1	1
HF	1195.1556666666668	44250.0	41280.0	14.078211145482884	1195.1505	1195.161	40078	55911	Pipistrellus nathusii	0.519	0.564	-1	Echolocation	192000	/home/adkris/Documents/mila-human-wav-txt/20220826_070000.WAV	2123	Waveform 1	1
HF	1195.2581666666667	54000.0	53760.00000000001	3.780850374975509	1195.2535	1195.261	53828	59428	Pipistrellus pygmaeus	0.033	0.035	-1	Echolocation	192000	/home/adkris/Documents/mila-human-wav-txt/20220826_070000.WAV	2124	Waveform 1	1
HF	1195.3745333333334	41250.0	40320.0	23.169539890071334	1195.3675	1195.3773	40078	57600	Pipistrellus nathusii	0.535	0.614	-1	Echolocation	192000	/home/adkris/Documents/mila-human-wav-txt/20220826_070000.WAV	2125	Waveform 1	1
HF	1195.4632	53250.0	52800.00000000001	6.803013691202137	1195.4605	1195.4688	52968	57210	Pipistrellus pygmaeus	0.028	0.034	-1	Echolocation	192000	/home/adkris/Documents/mila-human-wav-txt/20220826_070000.WAV	2126	Waveform 1	1
HF	1195.566366666667	48000.0	48000.0	13.706945070279906	1195.5615	1195.5688	49531	54153	Pipistrellus pipistrellus	0.021	0.036	-1	Echolocation	192000	/home/adkris/Documents/mila-human-wav-txt/20220826_070000.WAV	2127	Waveform 1	1
HF	1195.7856	48000.0	48000.0	12.700297347295557	1195.7785	1195.7859	49531	56883	Pipistrellus pipistrellus	0.015	0.028	-1	Echolocation	192000	/home/adkris/Documents/mila-human-wav-txt/20220826_070000.WAV	2128	Waveform 1	1
HF	1195.8913333333333	41250.0	40320.0	23.345124794589264	1195.8875	1195.897	39218	61658	Pipistrellus nathusii	0.622	0.653	-1	Echolocation	192000	/home/adkris/Documents/mila-human-wav-txt/20220826_070000.WAV	2129	Waveform 1	1
HF	1195.9872	42000.0	41280.0	17.889314966666504	1195.9815	1195.9903	40078	58078	Pipistrellus nathusii	0.643	0.698	-1	Echolocation	192000	/home/adkris/Documents/mila-human-wav-txt/20220826_070000.WAV	2130	Waveform 1	1
HF	1196.0849333333333	48750.0	48000.0	11.024655496273157	1196.0785	1196.0854	49531	55721	Pipistrellus pipistrellus	0.015	0.027	-1	Echolocation	192000	/home/adkris/Documents/mila-human-wav-txt/20220826_070000.WAV	2131	Waveform 1	1
HF	1196.1708333333331	45000.0	41280.0	21.383923698137025	1196.1695	1196.178	40078	61501	Pipistrellus nathusii	0.658	0.683	-1	Echolocation	192000	/home/adkris/Documents/mila-human-wav-txt/20220826_070000.WAV	2132	Waveform 1	1
HF	1196.2669666666666	51750.0	51840.0	17.354382207285695	1196.2625	1196.2702	52109	58088	Pipistrellus pygmaeus	0.055	0.063	-1	Echolocation	192000	/home/adkris/Documents/mila-human-wav-txt/20220826_070000.WAV	2133	Waveform 1	1
HF	1196.3691333333334	53250.0	55679.99999999999	12.425619584324938	1196.3635	1196.3712	55546	62207	Pipistrellus pygmaeus	0.035	0.038	-1	Echolocation	192000	/home/adkris/Documents/mila-human-wav-txt/20220826_070000.WAV	2134	Waveform 1	1
HF	1196.4634	55500.0	54719.99999999999	9.854827576584343	1196.4605	1196.4686	54687	61952	Pipistrellus pygmaeus	0.024	0.026	-1	Echolocation	192000	/home/adkris/Documents/mila-human-wav-txt/20220826_070000.WAV	2135	Waveform 1	1
HF	1196.5660333333333	45750.0	46080.0	24.32736772085122	1196.5615	1196.5703	39218	63038	Pipistrellus nathusii	0.473	0.566	-1	Echolocation	192000	/home/adkris/Documents/mila-human-wav-txt/20220826_070000.WAV	2136	Waveform 1	1
HF	1196.6632333333334	47250.0	48000.0	17.618724249661167	1196.6595	1196.6656	49531	60599	Pipistrellus pipistrellus	0.019	0.037	-1	Echolocation	192000	/home/adkris/Documents/mila-human-wav-txt/20220826_070000.WAV	2137	Waveform 1	1
HF	1196.7582333333332	53250.0	52800.00000000001	21.06039227861215	1196.7545	1196.7606	51250	59403	Pipistrellus pipistrellus	0.026	0.046	-1	Echolocation	192000	/home/adkris/Documents/mila-human-wav-txt/20220826_070000.WAV	2138	Waveform 1	1
HF	1196.8489	43500.0	45120.0	26.00147487798551	1196.8445	1196.8546	40078	65786	Pipistrellus nathusii	0.505	0.593	-1	Echolocation	192000	/home/adkris/Documents/mila-human-wav-txt/20220826_070000.WAV	2139	Waveform 1	1
HF	1196.9485666666667	47250.0	46080.0	37.03550007057604	1196.9455	1196.9546	40078	67511	Pipistrellus nathusii	0.567	0.639	-1	Echolocation	192000	/home/adkris/Documents/mila-human-wav-txt/20220826_070000.WAV	2140	Waveform 1	1
HF	1197.0474666666669	46500.0	45120.0	40.070311748392726	1197.0445	1197.0537	40078	64673	Pipistrellus nathusii	0.538	0.601	-1	Echolocation	192000	/home/adkris/Documents/mila-human-wav-txt/20220826_070000.WAV	2141	Waveform 1	1
HF	1197.1506333333334	45000.0	45120.0	42.95468436460026	1197.1425	1197.1512	40078	64741	Pipistrellus nathusii	0.462	0.52	-1	Echolocation	192000	/home/adkris/Documents/mila-human-wav-txt/20220826_070000.WAV	2142	Waveform 1	1
HF	1197.2427333333333	54000.0	53760.00000000001	19.50675376197692	1197.2355	1197.2451	53828	59683	Pipistrellus pygmaeus	0.069	0.072	-1	Echolocation	192000	/home/adkris/Documents/mila-human-wav-txt/20220826_070000.WAV	2143	Waveform 1	1
HF	1197.3106333333333	48750.0	48000.0	22.981621723494705	1197.3075	1197.3142	40078	61978	Pipistrellus nathusii	0.223	0.354	-1	Echolocation	192000	/home/adkris/Documents/mila-human-wav-txt/20220826_070000.WAV	2144	Waveform 1	1
HF	1197.3720666666666	48000.0	47040.0	20.68906468226432	1197.3695	1197.3756	40937	58206	Pipistrellus nathusii	0.206	0.412	-1	Echolocation	192000	/home/adkris/Documents/mila-human-wav-txt/20220826_070000.WAV	2145	Waveform 1	1
HF	1197.4311	46500.0	45120.0	17.13200553488284	1197.4275	1197.4349	40937	57110	Pipistrellus nathusii	0.193	0.349	-1	Echolocation	192000	/home/adkris/Documents/mila-human-wav-txt/20220826_070000.WAV	2146	Waveform 1	1
HF	1197.484	45750.0	46080.0	16.32328544066929	1197.4805	1197.488	42656	55132	Pipistrellus nathusii	0.338	0.426	-1	Echolocation	192000	/home/adkris/Documents/mila-human-wav-txt/20220826_070000.WAV	2147	Waveform 1	1
HF	1197.5353666666667	45000.0	46080.0	16.53006578134546	1197.5315	1197.5398	41796	55265	Pipistrellus nathusii	0.171	0.272	-1	Echolocation	192000	/home/adkris/Documents/mila-human-wav-txt/20220826_070000.WAV	2148	Waveform 1	1
HF	1197.5839666666666	43500.0	44160.0	11.20426670592282	1197.5805	1197.5892	40937	53397	Pipistrellus nathusii	0.102	0.194	-1	Echolocation	192000	/home/adkris/Documents/mila-human-wav-txt/20220826_070000.WAV	2149	Waveform 1	1
HF	1197.6398666666666	45000.0	45120.0	11.952538922301752	1197.6305	1197.6403	42656	53384	Pipistrellus nathusii	0.128	0.176	-1	Echolocation	192000	/home/adkris/Documents/mila-human-wav-txt/20220826_070000.WAV	2150	Waveform 1	1
HF	1197.6864	47250.0	46080.0	8.501406984944174	1197.6835	1197.6916	41796	54312	Pipistrellus nathusii	0.236	0.305	-1	Echolocation	192000	/home/adkris/Documents/mila-human-wav-txt/20220826_070000.WAV	2151	Waveform 1	1
HF	1197.7422333333334	44250.0	48000.0	6.697634564474643	1197.7395	1197.7466	40937	54976	Pipistrellus nathusii	0.118	0.242	-1	Echolocation	192000	/home/adkris/Documents/mila-human-wav-txt/20220826_070000.WAV	2152	Waveform 1	1
HF	1197.7982333333334	46500.0	46080.0	3.653348958829106	1197.7945	1197.8006	40937	54974	Myotis brandtii	0.03	0.105	-1	Echolocation	192000	/home/adkris/Documents/mila-human-wav-txt/20220826_070000.WAV	2153	Waveform 1	1
HF	1198.1545666666666	47250.0	46080.0	8.39071627440108	1198.1515	1198.1571	31484	73010	Myotis brandtii	0.019	0.041	-1	Echolocation	192000	/home/adkris/Documents/mila-human-wav-txt/20220826_070000.WAV	2154	Waveform 1	1
HF	1198.2201	53250.0	52800.00000000001	17.86453178609458	1198.2175	1198.2294	52968	59005	Pipistrellus pygmaeus	0.036	0.042	-1	Echolocation	192000	/home/adkris/Documents/mila-human-wav-txt/20220826_070000.WAV	2155	Waveform 1	1
HF	1198.3005333333333	44250.0	43200.0	17.128373286258114	1198.2955	1198.3038	41796	66426	Pipistrellus nathusii	0.434	0.499	-1	Echolocation	192000	/home/adkris/Documents/mila-human-wav-txt/20220826_070000.WAV	2156	Waveform 1	1
HF	1198.3943	47250.0	45120.0	38.18096177317191	1198.3915	1198.3997	40078	62977	Pipistrellus nathusii	0.495	0.591	-1	Echolocation	192000	/home/adkris/Documents/mila-human-wav-txt/20220826_070000.WAV	2157	Waveform 1	1
HF	1198.4915	46500.0	45120.0	21.012740855278864	1198.4885	1198.4965	40937	62199	Pipistrellus nathusii	0.407	0.509	-1	Echolocation	192000	/home/adkris/Documents/mila-human-wav-txt/20220826_070000.WAV	2158	Waveform 1	1
HF	1198.597166666667	47250.0	43200.0	36.75060886798265	1198.5945	1198.604	40078	63118	Pipistrellus nathusii	0.499	0.585	-1	Echolocation	192000	/home/adkris/Documents/mila-human-wav-txt/20220826_070000.WAV	2159	Waveform 1	1
HF	1198.8159666666666	44250.0	44160.0	29.409026748026825	1198.8095	1198.8187	39218	59852	Pipistrellus nathusii	0.52	0.561	-1	Echolocation	192000	/home/adkris/Documents/mila-human-wav-txt/20220826_070000.WAV	2160	Waveform 1	1
LF	1198.91	27000.0	27839.999999999996	-0.0993289285101592	1198.9065	1198.914	27187	40255	Eptesicus serotinus	0.007	0.024	-1	Echolocation	192000	/home/adkris/Documents/mila-human-wav-txt/20220826_070000.WAV	2161	Waveform 1	1
HF	1199.0268	47250.0	46080.0	25.907541722512555	1199.0215	1199.0307	38359	60658	Pipistrellus nathusii	0.526	0.58	-1	Echolocation	192000	/home/adkris/Documents/mila-human-wav-txt/20220826_070000.WAV	2162	Waveform 1	1
HF	1199.130766666667	57000.0	54719.99999999999	6.4628524119974795	1199.1265	1199.1344	54687	59774	Pipistrellus pygmaeus	0.056	0.059	-1	Echolocation	192000	/home/adkris/Documents/mila-human-wav-txt/20220826_070000.WAV	2163	Waveform 1	1
HF	1199.3407	40500.0	40320.0	20.174340058960844	1199.3375	1199.3453	37500	60474	Pipistrellus nathusii	0.417	0.495	-1	Echolocation	192000	/home/adkris/Documents/mila-human-wav-txt/20220826_070000.WAV	2164	Waveform 1	1
HF	1199.4846	39750.0	39360.0	5.964128077753318	1199.4815	1199.4894	38359	48306	Pipistrellus nathusii	0.429	0.455	-1	Echolocation	192000	/home/adkris/Documents/mila-human-wav-txt/20220826_070000.WAV	2165	Waveform 1	1
HF	1199.5970333333332	42000.0	40320.0	19.249821056252483	1199.5925	1199.6013	39218	57014	Pipistrellus nathusii	0.564	0.584	-1	Echolocation	192000	/home/adkris/Documents/mila-human-wav-txt/20220826_070000.WAV	2166	Waveform 1	1
HF	1199.7088	39750.0	40320.0	3.5894492082575535	1199.7065	1199.7152	39218	50601	Pipistrellus nathusii	0.403	0.45	-1	Echolocation	192000	/home/adkris/Documents/mila-human-wav-txt/20220826_070000.WAV	2167	Waveform 1	1
HF	1199.8164	41250.0	40320.0	15.673636945395907	1199.8135	1199.8216	39218	54598	Pipistrellus nathusii	0.592	0.639	-1	Echolocation	192000	/home/adkris/Documents/mila-human-wav-txt/20220826_070000.WAV	2168	Waveform 1	1
HF	1199.9223	40500.0	40320.0	10.79180458736117	1199.9205	1199.9262	29765	55042	Myotis daubentonii	0.013	0.026	-1	Echolocation	192000	/home/adkris/Documents/mila-human-wav-txt/20220826_070000.WAV	2169	Waveform 1	1
HF	1200.0263666666667	42000.0	40320.0	6.337758874449216	1200.0225	1200.0308	39218	48231	Pipistrellus nathusii	0.426	0.54	-1	Echolocation	192000	/home/adkris/Documents/mila-human-wav-txt/20220826_070000.WAV	2170	Waveform 1	1
HF	1200.102	45750.0	44160.0	5.406096508039907	1200.0975	1200.1075	39218	47737	Pipistrellus nathusii	0.167	0.193	-1	Echolocation	192000	/home/adkris/Documents/mila-human-wav-txt/20220826_070000.WAV	2171	Waveform 1	1
HF	1200.2234	41250.0	40320.0	14.394626300970486	1200.2205	1200.2286	40078	53004	Pipistrellus nathusii	0.616	0.653	-1	Echolocation	192000	/home/adkris/Documents/mila-human-wav-txt/20220826_070000.WAV	2172	Waveform 1	1
HF	1200.4253666666666	39750.0	41280.0	7.237444711288548	1200.4215	1200.4298	38359	45734	Pipistrellus nathusii	0.503	0.553	-1	Echolocation	192000	/home/adkris/Documents/mila-human-wav-txt/20220826_070000.WAV	2173	Waveform 1	1
HF	1200.5319	41250.0	45120.0	8.643951786763193	1200.5295	1200.5381	39218	50099	Pipistrellus nathusii	0.53	0.564	-1	Echolocation	192000	/home/adkris/Documents/mila-human-wav-txt/20220826_070000.WAV	2174	Waveform 1	1
HF	1200.7227666666668	40500.0	41280.0	5.8947444407612135	1200.7185	1200.7264	40078	49543	Pipistrellus nathusii	0.572	0.617	-1	Echolocation	192000	/home/adkris/Documents/mila-human-wav-txt/20220826_070000.WAV	2175	Waveform 1	1
HF	1200.8265666666666	42000.0	41280.0	2.2336824817264525	1200.8235	1200.8326	39218	45806	Pipistrellus nathusii	0.494	0.514	-1	Echolocation	192000	/home/adkris/Documents/mila-human-wav-txt/20220826_070000.WAV	2176	Waveform 1	1
HF	1200.9315	40500.0	41280.0	6.495004850654466	1200.9285	1200.9365	39218	46864	Pipistrellus nathusii	0.509	0.542	-1	Echolocation	192000	/home/adkris/Documents/mila-human-wav-txt/20220826_070000.WAV	2177	Waveform 1	1
HF	1201.3667666666668	41250.0	41280.0	3.8359814544118818	1201.3635	1201.3724	39218	45635	Pipistrellus nathusii	0.338	0.369	-1	Echolocation	192000	/home/adkris/Documents/mila-human-wav-txt/20220826_070000.WAV	2178	Waveform 1	1
HF	1201.696233333333	41250.0	41280.0	4.8163793608622	1201.6915	1201.7001	39218	45117	Pipistrellus nathusii	0.434	0.447	-1	Echolocation	192000	/home/adkris/Documents/mila-human-wav-txt/20220826_070000.WAV	2179	Waveform 1	1
LF	1202.0160666666666	41250.0	40320.0	0.7797514723567418	1202.0085	1202.0166	28046	40163	Eptesicus serotinus	0.007	0.022	-1	Echolocation	192000	/home/adkris/Documents/mila-human-wav-txt/20220826_070000.WAV	2180	Waveform 1	1
HF	1202.1215666666667	40500.0	41280.0	5.579244031319965	1202.1175	1202.1256	39218	45772	Pipistrellus nathusii	0.421	0.444	-1	Echolocation	192000	/home/adkris/Documents/mila-human-wav-txt/20220826_070000.WAV	2181	Waveform 1	1
HF	1206.7631666666666	41250.0	41280.0	4.27457159066594	1206.7585	1206.766	40078	51113	Pipistrellus nathusii	0.524	0.601	-1	Echolocation	192000	/home/adkris/Documents/mila-human-wav-txt/20220826_070000.WAV	2182	Waveform 1	1
HF	1206.8540666666668	42000.0	47040.0	2.2087335549042035	1206.8495	1206.8571	40078	52084	Pipistrellus nathusii	0.274	0.332	-1	Echolocation	192000	/home/adkris/Documents/mila-human-wav-txt/20220826_070000.WAV	2183	Waveform 1	1
HF	1206.9294	41250.0	41280.0	6.1306760531120394	1206.9255	1206.9326	40937	51273	Pipistrellus nathusii	0.531	0.612	-1	Echolocation	192000	/home/adkris/Documents/mila-human-wav-txt/20220826_070000.WAV	2184	Waveform 1	1
HF	1207.2287666666666	47250.0	45120.0	4.121148007716925	1207.2255	1207.2344	41796	53248	Pipistrellus nathusii	0.348	0.403	-1	Echolocation	192000	/home/adkris/Documents/mila-human-wav-txt/20220826_070000.WAV	2185	Waveform 1	1
HF	1207.3167	42000.0	42240.0	5.205396685749498	1207.3125	1207.3193	41796	50077	Pipistrellus nathusii	0.28	0.381	-1	Echolocation	192000	/home/adkris/Documents/mila-human-wav-txt/20220826_070000.WAV	2186	Waveform 1	1
HF	1207.4066	47250.0	42240.0	10.066564403825822	1207.4035	1207.4114	40937	49942	Pipistrellus nathusii	0.377	0.501	-1	Echolocation	192000	/home/adkris/Documents/mila-human-wav-txt/20220826_070000.WAV	2187	Waveform 1	1
HF	1207.4965	41250.0	42240.0	5.382194876051043	1207.4925	1207.4995	40078	48256	Pipistrellus nathusii	0.291	0.409	-1	Echolocation	192000	/home/adkris/Documents/mila-human-wav-txt/20220826_070000.WAV	2188	Waveform 1	1
HF	1207.5869	45000.0	42240.0	6.478775559193478	1207.5845	1207.5931	40937	51524	Pipistrellus nathusii	0.344	0.374	-1	Echolocation	192000	/home/adkris/Documents/mila-human-wav-txt/20220826_070000.WAV	2189	Waveform 1	1
HF	1207.6740666666667	45000.0	44160.0	1.4966401987892406	1207.6715	1207.6776	31484	54409	Myotis brandtii	0.012	0.024	-1	Echolocation	192000	/home/adkris/Documents/mila-human-wav-txt/20220826_070000.WAV	2190	Waveform 1	1
HF	1207.7616666666668	42750.0	44160.0	4.358384158263515	1207.7575	1207.7655	40078	51415	Pipistrellus nathusii	0.186	0.298	-1	Echolocation	192000	/home/adkris/Documents/mila-human-wav-txt/20220826_070000.WAV	2191	Waveform 1	1
HF	1207.8620666666666	41250.0	42240.0	12.897185205696788	1207.8575	1207.8651	40078	51052	Pipistrellus nathusii	0.503	0.58	-1	Echolocation	192000	/home/adkris/Documents/mila-human-wav-txt/20220826_070000.WAV	2192	Waveform 1	1
HF	1207.9512666666667	42750.0	42240.0	5.233498878875316	1207.9475	1207.9559	40937	51896	Pipistrellus nathusii	0.339	0.391	-1	Echolocation	192000	/home/adkris/Documents/mila-human-wav-txt/20220826_070000.WAV	2193	Waveform 1	1
HF	1208.0457333333334	41250.0	41280.0	15.364354156158257	1208.0415	1208.0506	40078	51639	Pipistrellus nathusii	0.501	0.573	-1	Echolocation	192000	/home/adkris/Documents/mila-human-wav-txt/20220826_070000.WAV	2194	Waveform 1	1
HF	1208.1466666666668	41250.0	41280.0	11.889798936161815	1208.1425	1208.1505	40937	53836	Pipistrellus nathusii	0.469	0.523	-1	Echolocation	192000	/home/adkris/Documents/mila-human-wav-txt/20220826_070000.WAV	2195	Waveform 1	1
HF	1208.2497666666666	45000.0	41280.0	20.534019938288708	1208.2465	1208.2554	40078	59054	Pipistrellus nathusii	0.562	0.628	-1	Echolocation	192000	/home/adkris/Documents/mila-human-wav-txt/20220826_070000.WAV	2196	Waveform 1	1
HF	1208.3553333333334	41250.0	41280.0	12.239645200824045	1208.3525	1208.3595	40937	53174	Pipistrellus nathusii	0.542	0.554	-1	Echolocation	192000	/home/adkris/Documents/mila-human-wav-txt/20220826_070000.WAV	2197	Waveform 1	1
HF	1208.4507	48750.0	48960.0	4.301790908268766	1208.4465	1208.4533	50390	55133	Pipistrellus pipistrellus	0.013	0.024	-1	Echolocation	192000	/home/adkris/Documents/mila-human-wav-txt/20220826_070000.WAV	2198	Waveform 1	1
HF	1208.5398333333333	46500.0	46080.0	21.593209812715045	1208.5355	1208.541	30625	65903	Myotis brandtii	0.013	0.025	-1	Echolocation	192000	/home/adkris/Documents/mila-human-wav-txt/20220826_070000.WAV	2199	Waveform 1	1
HF	1208.6371333333334	42000.0	44160.0	13.7141909418629	1208.6325	1208.6412	40078	56711	Pipistrellus nathusii	0.473	0.558	-1	Echolocation	192000	/home/adkris/Documents/mila-human-wav-txt/20220826_070000.WAV	2200	Waveform 1	1
HF	1208.726766666667	61500.0	53760.00000000001	5.570249344233101	1208.7225	1208.7304	56406	61680	Pipistrellus pygmaeus	0.048	0.049	-1	Echolocation	192000	/home/adkris/Documents/mila-human-wav-txt/20220826_070000.WAV	2201	Waveform 1	1
HF	1208.8325666666667	46500.0	46080.0	16.346843253351878	1208.8295	1208.8386	40078	58188	Pipistrellus nathusii	0.531	0.581	-1	Echolocation	192000	/home/adkris/Documents/mila-human-wav-txt/20220826_070000.WAV	2202	Waveform 1	1
HF	1208.9337333333333	54000.0	53760.00000000001	13.953270133854314	1208.9305	1208.9371	52109	57371	Pipistrellus pipistrellus	0.021	0.038	-1	Echolocation	192000	/home/adkris/Documents/mila-human-wav-txt/20220826_070000.WAV	2203	Waveform 1	1
HF	1209.1160333333332	54750.0	52800.00000000001	23.469226576311897	1209.1125	1209.1188	51250	57817	Pipistrellus pygmaeus	0.015	0.031	-1	Echolocation	192000	/home/adkris/Documents/mila-human-wav-txt/20220826_070000.WAV	2204	Waveform 1	1
HF	1209.2089666666666	53250.0	52800.00000000001	12.471322519779912	1209.2065	1209.2127	52109	57391	Pipistrellus pygmaeus	0.014	0.027	-1	Echolocation	192000	/home/adkris/Documents/mila-human-wav-txt/20220826_070000.WAV	2205	Waveform 1	1
HF	1209.3028	54750.0	56640.0	8.608712988035784	1209.2935	1209.3057	57265	63793	Pipistrellus pygmaeus	0.03	0.031	-1	Echolocation	192000	/home/adkris/Documents/mila-human-wav-txt/20220826_070000.WAV	2206	Waveform 1	1
HF	1209.3929666666668	53250.0	53760.00000000001	9.630833387754452	1209.3885	1209.3962	52968	61569	Pipistrellus pygmaeus	0.045	0.05	-1	Echolocation	192000	/home/adkris/Documents/mila-human-wav-txt/20220826_070000.WAV	2207	Waveform 1	1
HF	1209.4868666666666	45750.0	45120.0	29.831696085081575	1209.4835	1209.4923	40078	66936	Pipistrellus nathusii	0.511	0.551	-1	Echolocation	192000	/home/adkris/Documents/mila-human-wav-txt/20220826_070000.WAV	2208	Waveform 1	1
HF	1209.5771	45000.0	46080.0	27.689916352306195	1209.5735	1209.5809	40937	65388	Pipistrellus nathusii	0.469	0.53	-1	Echolocation	192000	/home/adkris/Documents/mila-human-wav-txt/20220826_070000.WAV	2209	Waveform 1	1
HF	1209.67	50250.0	52800.00000000001	25.073329350344594	1209.6655	1209.672	50390	58928	Pipistrellus pipistrellus	0.033	0.064	-1	Echolocation	192000	/home/adkris/Documents/mila-human-wav-txt/20220826_070000.WAV	2210	Waveform 1	1
HF	1209.7568	53250.0	52800.00000000001	17.99847131439286	1209.7525	1209.7592	52968	60717	Pipistrellus pygmaeus	0.027	0.034	-1	Echolocation	192000	/home/adkris/Documents/mila-human-wav-txt/20220826_070000.WAV	2211	Waveform 1	1
HF	1209.8452	57750.0	57600.0	14.104943533374517	1209.8375	1209.8478	58125	65617	Pipistrellus pygmaeus	0.042	0.042	-1	Echolocation	192000	/home/adkris/Documents/mila-human-wav-txt/20220826_070000.WAV	2212	Waveform 1	1
HF	1209.9167333333332	53250.0	52800.00000000001	12.924438797432192	1209.9125	1209.9216	53828	58661	Pipistrellus pygmaeus	0.041	0.045	-1	Echolocation	192000	/home/adkris/Documents/mila-human-wav-txt/20220826_070000.WAV	2213	Waveform 1	1
HF	1209.9871333333333	43500.0	43200.0	17.407311542855496	1209.9815	1209.9892	41796	53743	Pipistrellus nathusii	0.363	0.419	-1	Echolocation	192000	/home/adkris/Documents/mila-human-wav-txt/20220826_070000.WAV	2214	Waveform 1	1
HF	1210.075833333333	45000.0	45120.0	3.624985775100656	1210.0715	1210.077	31484	59309	Myotis brandtii	0.014	0.028	-1	Echolocation	192000	/home/adkris/Documents/mila-human-wav-txt/20220826_070000.WAV	2215	Waveform 1	1
HF	1210.1445	46500.0	43200.0	7.168097341044022	1210.1385	1210.147	41796	52109	Pipistrellus nathusii	0.231	0.331	-1	Echolocation	192000	/home/adkris/Documents/mila-human-wav-txt/20220826_070000.WAV	2216	Waveform 1	1
HF	1210.2437666666667	44250.0	44160.0	10.0066251331992	1210.2405	1210.2459	28906	71376	Myotis brandtii	0.017	0.038	-1	Echolocation	192000	/home/adkris/Documents/mila-human-wav-txt/20220826_070000.WAV	2217	Waveform 1	1
HF	1210.3069	44250.0	46080.0	6.235876427357592	1210.3045	1210.3096	29765	77217	Myotis brandtii	0.027	0.06	-1	Echolocation	192000	/home/adkris/Documents/mila-human-wav-txt/20220826_070000.WAV	2218	Waveform 1	1
HF	1210.4065333333333	46500.0	46080.0	5.141466874766584	1210.4035	1210.4103	40078	52388	Pipistrellus nathusii	0.177	0.357	-1	Echolocation	192000	/home/adkris/Documents/mila-human-wav-txt/20220826_070000.WAV	2219	Waveform 1	1
HF	1210.4617333333333	41250.0	46080.0	7.501433319706755	1210.4575	1210.4631	29765	71408	Myotis brandtii	0.023	0.043	-1	Echolocation	192000	/home/adkris/Documents/mila-human-wav-txt/20220826_070000.WAV	2220	Waveform 1	1
HF	1210.9266666666667	45750.0	46080.0	8.59649022929857	1210.9235	1210.929	29765	70206	Myotis brandtii	0.025	0.043	-1	Echolocation	192000	/home/adkris/Documents/mila-human-wav-txt/20220826_070000.WAV	2221	Waveform 1	1
HF	1210.9835	46500.0	45120.0	12.142647389232383	1210.9815	1210.987	28906	76451	Myotis brandtii	0.025	0.062	-1	Echolocation	192000	/home/adkris/Documents/mila-human-wav-txt/20220826_070000.WAV	2222	Waveform 1	1
HF	1211.0578	53250.0	52800.00000000001	11.974429762053171	1211.0545	1211.0622	51250	55798	Pipistrellus pygmaeus	0.028	0.041	-1	Echolocation	192000	/home/adkris/Documents/mila-human-wav-txt/20220826_070000.WAV	2223	Waveform 1	1
LF	1211.1318666666666	33000.0	26880.000000000004	2.0310758140251397	1211.1285	1211.1338	26328	38438	Plecotus auritus	0.012	0.03	-1	Echolocation	192000	/home/adkris/Documents/mila-human-wav-txt/20220826_070000.WAV	2224	Waveform 1	1
HF	1211.2236333333333	45750.0	45120.0	14.171592201027654	1211.2205	1211.2272	40937	53450	Pipistrellus nathusii	0.28	0.447	-1	Echolocation	192000	/home/adkris/Documents/mila-human-wav-txt/20220826_070000.WAV	2225	Waveform 1	1
HF	1211.4706	44250.0	43200.0	15.11549565490008	1211.4675	1211.4754	40937	58887	Pipistrellus nathusii	0.492	0.584	-1	Echolocation	192000	/home/adkris/Documents/mila-human-wav-txt/20220826_070000.WAV	2226	Waveform 1	1
HF	1211.5689666666667	45750.0	44160.0	17.248687618267937	1211.5635	1211.5702	39218	58389	Pipistrellus nathusii	0.41	0.579	-1	Echolocation	192000	/home/adkris/Documents/mila-human-wav-txt/20220826_070000.WAV	2227	Waveform 1	1
HF	1211.654	47250.0	46080.0	4.273058015826532	1211.6515	1211.66	40937	48730	Pipistrellus nathusii	0.315	0.347	-1	Echolocation	192000	/home/adkris/Documents/mila-human-wav-txt/20220826_070000.WAV	2228	Waveform 1	1
HF	1211.7381	45000.0	46080.0	18.174788430572868	1211.7335	1211.7399	40078	55478	Pipistrellus nathusii	0.274	0.465	-1	Echolocation	192000	/home/adkris/Documents/mila-human-wav-txt/20220826_070000.WAV	2229	Waveform 1	1
HF	1211.8272333333334	45750.0	46080.0	1.9955551630654944	1211.8235	1211.8296	32343	61232	Myotis brandtii	0.019	0.033	-1	Echolocation	192000	/home/adkris/Documents/mila-human-wav-txt/20220826_070000.WAV	2230	Waveform 1	1
HF	1211.9215333333334	41250.0	41280.0	10.13004463192978	1211.9165	1211.9248	40078	50348	Pipistrellus nathusii	0.366	0.51	-1	Echolocation	192000	/home/adkris/Documents/mila-human-wav-txt/20220826_070000.WAV	2231	Waveform 1	1
HF	1212.117166666667	42000.0	41280.0	8.416549462861958	1212.1135	1212.122	40078	49310	Pipistrellus nathusii	0.48	0.533	-1	Echolocation	192000	/home/adkris/Documents/mila-human-wav-txt/20220826_070000.WAV	2232	Waveform 1	1
HF	1212.3288333333333	43500.0	43200.0	7.683154779722816	1212.3235	1212.3315	41796	53306	Pipistrellus nathusii	0.464	0.525	-1	Echolocation	192000	/home/adkris/Documents/mila-human-wav-txt/20220826_070000.WAV	2233	Waveform 1	1
HF	1212.5181	42750.0	41280.0	12.8259051098206	1212.5125	1212.5214	39218	52276	Pipistrellus nathusii	0.344	0.464	-1	Echolocation	192000	/home/adkris/Documents/mila-human-wav-txt/20220826_070000.WAV	2234	Waveform 1	1
HF	1212.6090333333334	42000.0	42240.0	7.471122696738375	1212.6035	1212.6113	40937	51153	Pipistrellus nathusii	0.457	0.504	-1	Echolocation	192000	/home/adkris/Documents/mila-human-wav-txt/20220826_070000.WAV	2235	Waveform 1	1
HF	1212.8890333333334	45750.0	45120.0	10.62672121283068	1212.8855	1212.8953	40937	54115	Pipistrellus nathusii	0.516	0.614	-1	Echolocation	192000	/home/adkris/Documents/mila-human-wav-txt/20220826_070000.WAV	2236	Waveform 1	1
HF	1212.9808	41250.0	41280.0	6.723921790282309	1212.9755	1212.9847	40078	49087	Pipistrellus nathusii	0.488	0.524	-1	Echolocation	192000	/home/adkris/Documents/mila-human-wav-txt/20220826_070000.WAV	2237	Waveform 1	1
HF	1213.0759333333333	42000.0	41280.0	3.8196263993724178	1213.0715	1213.0804	40078	46488	Pipistrellus nathusii	0.359	0.395	-1	Echolocation	192000	/home/adkris/Documents/mila-human-wav-txt/20220826_070000.WAV	2238	Waveform 1	1
HF	1213.2467666666666	52500.0	49920.0	5.611051813464777	1213.2445	1213.2509	50390	54933	Pipistrellus pipistrellus	0.015	0.028	-1	Echolocation	192000	/home/adkris/Documents/mila-human-wav-txt/20220826_070000.WAV	2239	Waveform 1	1
HF	1213.3386	42750.0	45120.0	12.246189476275031	1213.3355	1213.3434	40937	58358	Pipistrellus nathusii	0.543	0.563	-1	Echolocation	192000	/home/adkris/Documents/mila-human-wav-txt/20220826_070000.WAV	2240	Waveform 1	1
HF	1213.4383333333333	41250.0	41280.0	9.75585944447719	1213.4345	1213.444	40078	49941	Pipistrellus nathusii	0.37	0.439	-1	Echolocation	192000	/home/adkris/Documents/mila-human-wav-txt/20220826_070000.WAV	2241	Waveform 1	1
HF	1213.5311333333334	41250.0	40320.0	6.50696065895433	1213.5275	1213.5372	40078	46857	Pipistrellus nathusii	0.337	0.377	-1	Echolocation	192000	/home/adkris/Documents/mila-human-wav-txt/20220826_070000.WAV	2242	Waveform 1	1
HF	1213.8144666666667	42750.0	41280.0	17.12190175296655	1213.8075	1213.8162	40078	54017	Pipistrellus nathusii	0.428	0.55	-1	Echolocation	192000	/home/adkris/Documents/mila-human-wav-txt/20220826_070000.WAV	2243	Waveform 1	1
HF	1213.9180333333334	41250.0	41280.0	9.1735422087431	1213.9135	1213.9223	40078	49778	Pipistrellus nathusii	0.501	0.596	-1	Echolocation	192000	/home/adkris/Documents/mila-human-wav-txt/20220826_070000.WAV	2244	Waveform 1	1
HF	1214.0171666666668	45750.0	41280.0	11.723176077511814	1214.0135	1214.022	40078	49632	Pipistrellus nathusii	0.441	0.525	-1	Echolocation	192000	/home/adkris/Documents/mila-human-wav-txt/20220826_070000.WAV	2245	Waveform 1	1
HF	1214.1251	41250.0	44160.0	10.797813113079895	1214.1195	1214.1284	40078	46488	Pipistrellus nathusii	0.322	0.369	-1	Echolocation	192000	/home/adkris/Documents/mila-human-wav-txt/20220826_070000.WAV	2246	Waveform 1	1
HF	1214.2987	45000.0	45120.0	10.714776594632118	1214.2955	1214.3033	40078	50252	Pipistrellus nathusii	0.426	0.48	-1	Echolocation	192000	/home/adkris/Documents/mila-human-wav-txt/20220826_070000.WAV	2247	Waveform 1	1
HF	1214.4006333333334	44250.0	43200.0	5.981846734868493	1214.3975	1214.4042	39218	46453	Barbastellus barbastellus	0.118	0.175	-1	Echolocation	192000	/home/adkris/Documents/mila-human-wav-txt/20220826_070000.WAV	2248	Waveform 1	1
HF	1214.5678666666668	44250.0	44160.0	6.646700400816524	1214.5645	1214.5733	40937	50265	Pipistrellus nathusii	0.233	0.317	-1	Echolocation	192000	/home/adkris/Documents/mila-human-wav-txt/20220826_070000.WAV	2249	Waveform 1	1
HF	1214.7550666666666	45000.0	44160.0	6.2687970601521625	1214.7515	1214.7601	40078	46161	Pipistrellus nathusii	0.155	0.234	-1	Echolocation	192000	/home/adkris/Documents/mila-human-wav-txt/20220826_070000.WAV	2250	Waveform 1	1
HF	1227.1167666666668	45750.0	45120.0	2.542196943378558	1227.1075	1227.1174	45234	52493	Pipistrellus pipistrellus	0.028	0.035	-1	Echolocation	192000	/home/adkris/Documents/mila-human-wav-txt/20220826_070000.WAV	2251	Waveform 1	1
HF	1227.2052	45750.0	44160.0	3.9912669633288047	1227.2015	1227.2088	41796	53270	Pipistrellus nathusii	0.366	0.482	-1	Echolocation	192000	/home/adkris/Documents/mila-human-wav-txt/20220826_070000.WAV	2252	Waveform 1	1
HF	1227.3648666666666	46500.0	43200.0	6.923668508664756	1227.3615	1227.3703	42656	50081	Pipistrellus nathusii	0.452	0.502	-1	Echolocation	192000	/home/adkris/Documents/mila-human-wav-txt/20220826_070000.WAV	2253	Waveform 1	1
HF	1227.5349	45750.0	46080.0	5.831194916515537	1227.5315	1227.5391	40078	50974	Pipistrellus nathusii	0.32	0.412	-1	Echolocation	192000	/home/adkris/Documents/mila-human-wav-txt/20220826_070000.WAV	2254	Waveform 1	1
HF	1227.6210333333331	45750.0	44160.0	11.662568167268317	1227.6175	1227.6238	40937	53922	Pipistrellus nathusii	0.21	0.356	-1	Echolocation	192000	/home/adkris/Documents/mila-human-wav-txt/20220826_070000.WAV	2255	Waveform 1	1
HF	1227.7108	48750.0	48960.0	6.188986400493713	1227.7065	1227.7132	49531	54737	Pipistrellus pipistrellus	0.016	0.031	-1	Echolocation	192000	/home/adkris/Documents/mila-human-wav-txt/20220826_070000.WAV	2256	Waveform 1	1
HF	1227.7955	42000.0	43200.0	10.4071139873735	1227.7915	1227.7985	40937	51911	Pipistrellus nathusii	0.457	0.525	-1	Echolocation	192000	/home/adkris/Documents/mila-human-wav-txt/20220826_070000.WAV	2257	Waveform 1	1
HF	1227.8818	42750.0	44160.0	15.61273100479172	1227.8775	1227.8842	41796	54172	Pipistrellus nathusii	0.504	0.572	-1	Echolocation	192000	/home/adkris/Documents/mila-human-wav-txt/20220826_070000.WAV	2258	Waveform 1	1
HF	1227.9676	45750.0	46080.0	13.24895658382736	1227.9645	1227.9724	41796	52416	Pipistrellus nathusii	0.354	0.497	-1	Echolocation	192000	/home/adkris/Documents/mila-human-wav-txt/20220826_070000.WAV	2259	Waveform 1	1
HF	1228.0555333333334	45000.0	46080.0	12.825700658208788	1228.0525	1228.0593	40937	52658	Pipistrellus nathusii	0.428	0.514	-1	Echolocation	192000	/home/adkris/Documents/mila-human-wav-txt/20220826_070000.WAV	2260	Waveform 1	1
HF	1228.1389	53250.0	52800.00000000001	2.975426432416825	1228.1385	1228.1456	52109	57204	Pipistrellus pygmaeus	0.03	0.035	-1	Echolocation	192000	/home/adkris/Documents/mila-human-wav-txt/20220826_070000.WAV	2261	Waveform 1	1
HF	1228.2309333333333	45000.0	45120.0	13.765859614844	1228.2275	1228.2339	40937	58756	Pipistrellus nathusii	0.54	0.563	-1	Echolocation	192000	/home/adkris/Documents/mila-human-wav-txt/20220826_070000.WAV	2262	Waveform 1	1
HF	1228.3186666666666	45750.0	46080.0	17.84393509935308	1228.3145	1228.3225	40937	58396	Pipistrellus nathusii	0.473	0.555	-1	Echolocation	192000	/home/adkris/Documents/mila-human-wav-txt/20220826_070000.WAV	2263	Waveform 1	1
HF	1228.4065666666663	48750.0	48960.0	8.313811054026457	1228.4045	1228.4111	49531	53508	Pipistrellus pipistrellus	0.014	0.025	-1	Echolocation	192000	/home/adkris/Documents/mila-human-wav-txt/20220826_070000.WAV	2264	Waveform 1	1
HF	1228.5739666666666	43500.0	43200.0	17.961165203633644	1228.5695	1228.5772	41796	61079	Pipistrellus nathusii	0.561	0.604	-1	Echolocation	192000	/home/adkris/Documents/mila-human-wav-txt/20220826_070000.WAV	2265	Waveform 1	1
HF	1228.6684	42750.0	42240.0	16.840529374687957	1228.6645	1228.6716	40937	56140	Pipistrellus nathusii	0.531	0.565	-1	Echolocation	192000	/home/adkris/Documents/mila-human-wav-txt/20220826_070000.WAV	2266	Waveform 1	1
HF	1228.7577666666666	43500.0	42240.0	15.227420057388752	1228.7535	1228.7614	40937	55217	Pipistrellus nathusii	0.531	0.588	-1	Echolocation	192000	/home/adkris/Documents/mila-human-wav-txt/20220826_070000.WAV	2267	Waveform 1	1
HF	1228.8388	45750.0	43200.0	13.292041703689891	1228.8355	1228.8432	40078	50693	Pipistrellus nathusii	0.413	0.459	-1	Echolocation	192000	/home/adkris/Documents/mila-human-wav-txt/20220826_070000.WAV	2268	Waveform 1	1
HF	1228.9228	45750.0	44160.0	11.50521741612357	1228.9195	1228.9272	40937	51091	Pipistrellus nathusii	0.445	0.483	-1	Echolocation	192000	/home/adkris/Documents/mila-human-wav-txt/20220826_070000.WAV	2269	Waveform 1	1
HF	1229.0837666666666	54000.0	52800.00000000001	1.0252590408731912	1229.0825	1229.0899	53828	58250	Pipistrellus pygmaeus	0.025	0.027	-1	Echolocation	192000	/home/adkris/Documents/mila-human-wav-txt/20220826_070000.WAV	2270	Waveform 1	1
HF	1229.1776333333332	40500.0	40320.0	15.832824861502491	1229.1725	1229.1807	40078	52545	Pipistrellus nathusii	0.357	0.466	-1	Echolocation	192000	/home/adkris/Documents/mila-human-wav-txt/20220826_070000.WAV	2271	Waveform 1	1
HF	1229.2658333333334	48000.0	48960.0	10.848434346037529	1229.2625	1229.269	49531	52974	Pipistrellus pipistrellus	0.015	0.023	-1	Echolocation	192000	/home/adkris/Documents/mila-human-wav-txt/20220826_070000.WAV	2272	Waveform 1	1
HF	1229.4361333333334	44250.0	43200.0	12.35936594871886	1229.4315	1229.4402	40078	55938	Pipistrellus nathusii	0.497	0.545	-1	Echolocation	192000	/home/adkris/Documents/mila-human-wav-txt/20220826_070000.WAV	2273	Waveform 1	1
HF	1229.5257	45000.0	43200.0	15.20942840694832	1229.5225	1229.5303	40078	52112	Pipistrellus nathusii	0.402	0.477	-1	Echolocation	192000	/home/adkris/Documents/mila-human-wav-txt/20220826_070000.WAV	2274	Waveform 1	1
HF	1229.6132	43500.0	43200.0	19.56705121882162	1229.6075	1229.6163	40078	56974	Pipistrellus nathusii	0.444	0.533	-1	Echolocation	192000	/home/adkris/Documents/mila-human-wav-txt/20220826_070000.WAV	2275	Waveform 1	1
HF	1229.7028666666668	45000.0	45120.0	17.50746399536012	1229.7005	1229.7068	40078	53155	Pipistrellus nathusii	0.511	0.522	-1	Echolocation	192000	/home/adkris/Documents/mila-human-wav-txt/20220826_070000.WAV	2276	Waveform 1	1
HF	1229.879	40500.0	41280.0	13.402913972359816	1229.8725	1229.8805	40078	50189	Pipistrellus nathusii	0.463	0.523	-1	Echolocation	192000	/home/adkris/Documents/mila-human-wav-txt/20220826_070000.WAV	2277	Waveform 1	1
HF	1229.9660333333334	42000.0	41280.0	15.6277256882731	1229.9605	1229.9683	40078	54380	Pipistrellus nathusii	0.453	0.595	-1	Echolocation	192000	/home/adkris/Documents/mila-human-wav-txt/20220826_070000.WAV	2278	Waveform 1	1
HF	1230.0516333333333	41250.0	41280.0	11.062913161009662	1230.0465	1230.0547	40078	46083	Pipistrellus nathusii	0.374	0.425	-1	Echolocation	192000	/home/adkris/Documents/mila-human-wav-txt/20220826_070000.WAV	2279	Waveform 1	1
HF	1230.2203	43500.0	40320.0	9.816164345942845	1230.2155	1230.2252	40078	53668	Pipistrellus nathusii	0.439	0.517	-1	Echolocation	192000	/home/adkris/Documents/mila-human-wav-txt/20220826_070000.WAV	2280	Waveform 1	1
HF	1230.3053333333332	41250.0	43200.0	14.508531810288606	1230.3005	1230.309	40078	56273	Pipistrellus nathusii	0.478	0.595	-1	Echolocation	192000	/home/adkris/Documents/mila-human-wav-txt/20220826_070000.WAV	2281	Waveform 1	1
HF	1230.3979	41250.0	41280.0	5.3145413493751565	1230.3925	1230.4016	40078	47944	Pipistrellus nathusii	0.248	0.291	-1	Echolocation	192000	/home/adkris/Documents/mila-human-wav-txt/20220826_070000.WAV	2282	Waveform 1	1
HF	1230.5684333333334	41250.0	41280.0	12.242905826815214	1230.5635	1230.5719	40078	53436	Pipistrellus nathusii	0.541	0.643	-1	Echolocation	192000	/home/adkris/Documents/mila-human-wav-txt/20220826_070000.WAV	2283	Waveform 1	1
LF	1230.6547666666668	29250.0	28800.0	-0.9084090783113956	1230.6535	1230.6609	27187	38978	Eptesicus serotinus	0.007	0.022	-1	Echolocation	192000	/home/adkris/Documents/mila-human-wav-txt/20220826_070000.WAV	2284	Waveform 1	1
HF	1230.7548	43500.0	44160.0	2.9485080131875296	1230.7515	1230.7592	39218	45498	Pipistrellus nathusii	0.118	0.192	-1	Echolocation	192000	/home/adkris/Documents/mila-human-wav-txt/20220826_070000.WAV	2285	Waveform 1	1
HF	1230.9186333333334	43500.0	43200.0	6.0689018760406634	1230.9145	1230.9237	40078	49623	Pipistrellus nathusii	0.414	0.509	-1	Echolocation	192000	/home/adkris/Documents/mila-human-wav-txt/20220826_070000.WAV	2286	Waveform 1	1
HF	1231.1011666666666	44250.0	45120.0	5.343311473307153	1231.0985	1231.108	40078	49629	Pipistrellus nathusii	0.354	0.394	-1	Echolocation	192000	/home/adkris/Documents/mila-human-wav-txt/20220826_070000.WAV	2287	Waveform 1	1
HF	1231.3857333333333	42750.0	42240.0	3.259690332008644	1231.3815	1231.3906	40937	48055	Pipistrellus nathusii	0.157	0.184	-1	Echolocation	192000	/home/adkris/Documents/mila-human-wav-txt/20220826_070000.WAV	2288	Waveform 1	1
HF	1265.6148333333333	41250.0	41280.0	2.91459746355259	1265.6105	1265.6195	40078	45311	Pipistrellus nathusii	0.32	0.372	-1	Echolocation	192000	/home/adkris/Documents/mila-human-wav-txt/20220826_070000.WAV	2289	Waveform 1	1
HF	1265.7236333333333	40500.0	40320.0	1.4835281906089262	1265.7205	1265.7307	40078	44357	Pipistrellus nathusii	0.27	0.28	-1	Echolocation	192000	/home/adkris/Documents/mila-human-wav-txt/20220826_070000.WAV	2290	Waveform 1	1
LF	1265.8291666666669	41250.0	41280.0	1.9810590244970827	1265.8145	1265.8295	35781	40267	Pipistrellus nathusii	0.067	0.077	-1	Echolocation	192000	/home/adkris/Documents/mila-human-wav-txt/20220826_070000.WAV	2291	Waveform 1	1
HF	1265.9358666666667	41250.0	41280.0	3.319265757262966	1265.9325	1265.9413	40078	45199	Pipistrellus nathusii	0.379	0.411	-1	Echolocation	192000	/home/adkris/Documents/mila-human-wav-txt/20220826_070000.WAV	2292	Waveform 1	1
HF	1266.1521666666667	42750.0	41280.0	3.601024716797228	1266.1495	1266.159	40937	46065	Pipistrellus nathusii	0.386	0.4	-1	Echolocation	192000	/home/adkris/Documents/mila-human-wav-txt/20220826_070000.WAV	2293	Waveform 1	1
HF	1266.254	42000.0	41280.0	2.2315545861338335	1266.2505	1266.258	39218	46265	Pipistrellus nathusii	0.415	0.5	-1	Echolocation	192000	/home/adkris/Documents/mila-human-wav-txt/20220826_070000.WAV	2294	Waveform 1	1
HF	1266.3558666666668	40500.0	41280.0	5.067851876830871	1266.3515	1266.3628	39218	45463	Pipistrellus nathusii	0.264	0.309	-1	Echolocation	192000	/home/adkris/Documents/mila-human-wav-txt/20220826_070000.WAV	2295	Waveform 1	1
HF	1266.5594333333331	40500.0	41280.0	7.002950550469115	1266.5555	1266.5649	38359	44890	Pipistrellus nathusii	0.285	0.342	-1	Echolocation	192000	/home/adkris/Documents/mila-human-wav-txt/20220826_070000.WAV	2296	Waveform 1	1
HF	1266.6551333333334	40500.0	40320.0	5.351805791452875	1266.6505	1266.6592	38359	45517	Pipistrellus nathusii	0.418	0.522	-1	Echolocation	192000	/home/adkris/Documents/mila-human-wav-txt/20220826_070000.WAV	2297	Waveform 1	1
HF	1272.7302	48000.0	47040.0	1.864713570362	1272.7265	1272.7338	46953	55533	Pipistrellus pipistrellus	0.028	0.03	-1	Echolocation	192000	/home/adkris/Documents/mila-human-wav-txt/20220826_070000.WAV	2298	Waveform 1	1
HF	1272.9278	47250.0	52800.00000000001	2.956606467771051	1272.9235	1272.9302	45234	61034	Pipistrellus pipistrellus	0.092	0.144	-1	Echolocation	192000	/home/adkris/Documents/mila-human-wav-txt/20220826_070000.WAV	2299	Waveform 1	1
HF	1273.0007666666668	55500.0	56640.0	1.4274696594630634	1272.9925	1273.0034	56406	61746	Pipistrellus pygmaeus	0.024	0.025	-1	Echolocation	192000	/home/adkris/Documents/mila-human-wav-txt/20220826_070000.WAV	2300	Waveform 1	1
HF	1273.2138666666667	33750.0	41280.0	1.6189608240113416	1273.2115	1273.2178	31484	45615	Myotis daubentonii	0.009	0.028	-1	Echolocation	192000	/home/adkris/Documents/mila-human-wav-txt/20220826_070000.WAV	2301	Waveform 1	1
HF	1273.2612	50250.0	48000.0	2.942131912050927	1273.2595	1273.2653	45234	61075	Pipistrellus pipistrellus	0.056	0.116	-1	Echolocation	192000	/home/adkris/Documents/mila-human-wav-txt/20220826_070000.WAV	2302	Waveform 1	1
HF	1273.3102	54750.0	53760.00000000001	2.214861357024269	1273.3085	1273.3143	48671	58826	Pipistrellus pipistrellus	0.035	0.039	-1	Echolocation	192000	/home/adkris/Documents/mila-human-wav-txt/20220826_070000.WAV	2303	Waveform 1	1
HF	1273.455866666667	48750.0	48960.0	3.8634890191516247	1273.4535	1273.4598	47812	54434	Pipistrellus pipistrellus	0.439	0.457	-1	Echolocation	192000	/home/adkris/Documents/mila-human-wav-txt/20220826_070000.WAV	2304	Waveform 1	1
HF	1273.5351	48000.0	48960.0	10.829613554104034	1273.5305	1273.5369	46093	62602	Pipistrellus pipistrellus	0.256	0.391	-1	Echolocation	192000	/home/adkris/Documents/mila-human-wav-txt/20220826_070000.WAV	2305	Waveform 1	1
HF	1276.2456	52500.0	53760.00000000001	3.920995425387982	1276.2375	1276.2474	50390	58114	Pipistrellus pipistrellus	0.177	0.263	-1	Echolocation	192000	/home/adkris/Documents/mila-human-wav-txt/20220826_070000.WAV	2306	Waveform 1	1
HF	1276.2979666666668	54000.0	53760.00000000001	5.641003125319566	1276.2945	1276.2997	48671	58282	Pipistrellus pipistrellus	0.176	0.242	-1	Echolocation	192000	/home/adkris/Documents/mila-human-wav-txt/20220826_070000.WAV	2307	Waveform 1	1
HF	1276.3704	51750.0	53760.00000000001	5.108437185277378	1276.3675	1276.3721	49531	58688	Pipistrellus pipistrellus	0.267	0.325	-1	Echolocation	192000	/home/adkris/Documents/mila-human-wav-txt/20220826_070000.WAV	2308	Waveform 1	1
HF	1276.4653	51750.0	51840.0	6.757507956468367	1276.4625	1276.4672	46953	59412	Pipistrellus pipistrellus	0.139	0.183	-1	Echolocation	192000	/home/adkris/Documents/mila-human-wav-txt/20220826_070000.WAV	2309	Waveform 1	1
HF	1276.5527333333334	54750.0	54719.99999999999	10.388614684072564	1276.5515	1276.5566	46953	59667	Pipistrellus pipistrellus	0.251	0.366	-1	Echolocation	192000	/home/adkris/Documents/mila-human-wav-txt/20220826_070000.WAV	2310	Waveform 1	1
HF	1276.6563	46500.0	46080.0	4.32089630727062	1276.6535	1276.6582	43515	59492	Myotis alcathoe	0.098	0.319	-1	Echolocation	192000	/home/adkris/Documents/mila-human-wav-txt/20220826_070000.WAV	2311	Waveform 1	1
HF	1276.831	49500.0	49920.0	3.216416994232066	1276.8255	1276.831	36640	61344	Myotis brandtii	0.009	0.024	-1	Echolocation	192000	/home/adkris/Documents/mila-human-wav-txt/20220826_070000.WAV	2312	Waveform 1	1
HF	1286.3648333333333	42000.0	42240.0	3.8105219900935423	1286.3615	1286.368	40937	53284	Pipistrellus nathusii	0.547	0.577	-1	Echolocation	192000	/home/adkris/Documents/mila-human-wav-txt/20220826_070000.WAV	2313	Waveform 1	1
HF	1286.4649333333334	48000.0	46080.0	7.114046429233033	1286.4625	1286.4699	40937	52019	Pipistrellus nathusii	0.555	0.638	-1	Echolocation	192000	/home/adkris/Documents/mila-human-wav-txt/20220826_070000.WAV	2314	Waveform 1	1
HF	1286.5686666666666	42000.0	41280.0	5.937667530363689	1286.5645	1286.5725	40937	49368	Pipistrellus nathusii	0.54	0.586	-1	Echolocation	192000	/home/adkris/Documents/mila-human-wav-txt/20220826_070000.WAV	2315	Waveform 1	1
HF	1286.6652	47250.0	45120.0	3.363158615060187	1286.6615	1286.6688	40937	48175	Pipistrellus nathusii	0.309	0.399	-1	Echolocation	192000	/home/adkris/Documents/mila-human-wav-txt/20220826_070000.WAV	2316	Waveform 1	1
HF	1286.7613	44250.0	44160.0	7.8666930920510065	1286.7575	1286.7647	40937	49885	Pipistrellus nathusii	0.311	0.364	-1	Echolocation	192000	/home/adkris/Documents/mila-human-wav-txt/20220826_070000.WAV	2317	Waveform 1	1
HF	1286.8333333333333	44250.0	43200.0	10.126210263048083	1286.8275	1286.835	42656	50976	Pipistrellus nathusii	0.446	0.527	-1	Echolocation	192000	/home/adkris/Documents/mila-human-wav-txt/20220826_070000.WAV	2318	Waveform 1	1
HF	1286.899766666667	44250.0	44160.0	11.09896674499379	1286.8945	1286.9014	42656	57040	Pipistrellus nathusii	0.275	0.43	-1	Echolocation	192000	/home/adkris/Documents/mila-human-wav-txt/20220826_070000.WAV	2319	Waveform 1	1
HF	1286.9838	44250.0	44160.0	8.04322318888399	1286.9805	1286.9882	41796	48907	Pipistrellus nathusii	0.484	0.54	-1	Echolocation	192000	/home/adkris/Documents/mila-human-wav-txt/20220826_070000.WAV	2320	Waveform 1	1
HF	1287.0593333333334	36750.0	38400.0	0.0339035370738604	1287.0515	1287.0605	37500	43173	Pipistrellus nathusii	0.012	0.026	-1	Echolocation	192000	/home/adkris/Documents/mila-human-wav-txt/20220826_070000.WAV	2321	Waveform 1	1
HF	1287.1694666666667	44250.0	45120.0	9.285644636705712	1287.1655	1287.1737	41796	50631	Pipistrellus nathusii	0.372	0.422	-1	Echolocation	192000	/home/adkris/Documents/mila-human-wav-txt/20220826_070000.WAV	2322	Waveform 1	1
HF	1287.256	42000.0	43200.0	11.494505321116538	1287.2515	1287.258	29765	46071	Myotis daubentonii	0.011	0.025	-1	Echolocation	192000	/home/adkris/Documents/mila-human-wav-txt/20220826_070000.WAV	2323	Waveform 1	1
HF	1287.3591666666666	43500.0	43200.0	7.519422901896997	1287.3545	1287.362	41796	51689	Pipistrellus nathusii	0.347	0.402	-1	Echolocation	192000	/home/adkris/Documents/mila-human-wav-txt/20220826_070000.WAV	2324	Waveform 1	1
HF	1287.5300666666667	44250.0	44160.0	11.025446257254206	1287.5255	1287.5331	41796	51019	Pipistrellus nathusii	0.399	0.451	-1	Echolocation	192000	/home/adkris/Documents/mila-human-wav-txt/20220826_070000.WAV	2325	Waveform 1	1
HF	1287.6802666666667	44250.0	45120.0	6.1809945208336945	1287.6755	1287.6829	41796	48712	Pipistrellus nathusii	0.37	0.463	-1	Echolocation	192000	/home/adkris/Documents/mila-human-wav-txt/20220826_070000.WAV	2326	Waveform 1	1
HF	1287.7676666666666	45750.0	45120.0	4.712127671759523	1287.7655	1287.772	40078	50460	Pipistrellus nathusii	0.182	0.288	-1	Echolocation	192000	/home/adkris/Documents/mila-human-wav-txt/20220826_070000.WAV	2327	Waveform 1	1
HF	1287.8307	46500.0	46080.0	5.337186311643527	1287.8265	1287.8333	43515	52746	Pipistrellus nathusii	0.408	0.497	-1	Echolocation	192000	/home/adkris/Documents/mila-human-wav-txt/20220826_070000.WAV	2328	Waveform 1	1
HF	1287.8908	43500.0	43200.0	2.548598515998848	1287.8875	1287.8952	41796	49271	Pipistrellus nathusii	0.214	0.268	-1	Echolocation	192000	/home/adkris/Documents/mila-human-wav-txt/20220826_070000.WAV	2329	Waveform 1	1
HF	1287.9351333333334	47250.0	47040.0	3.62289959542796	1287.9315	1287.9412	44375	49994	Pipistrellus nathusii	0.127	0.145	-1	Echolocation	192000	/home/adkris/Documents/mila-human-wav-txt/20220826_070000.WAV	2330	Waveform 1	1
HF	1372.7322333333334	41250.0	40320.0	1.81535297823793	1372.7265	1372.7376	40078	44912	Pipistrellus nathusii	0.276	0.298	-1	Echolocation	192000	/home/adkris/Documents/mila-human-wav-txt/20220826_070000.WAV	2331	Waveform 1	1
HF	1372.8379	41250.0	41280.0	5.400577858366327	1372.8315	1372.8396	40078	49693	Pipistrellus nathusii	0.507	0.55	-1	Echolocation	192000	/home/adkris/Documents/mila-human-wav-txt/20220826_070000.WAV	2332	Waveform 1	1
HF	1373.0061	39750.0	40320.0	3.9876854471836287	1373.0005	1373.0094	38359	44373	Pipistrellus nathusii	0.28	0.422	-1	Echolocation	192000	/home/adkris/Documents/mila-human-wav-txt/20220826_070000.WAV	2333	Waveform 1	1
HF	1396.1684333333333	55500.0	53760.00000000001	6.158642425226515	1396.1665	1396.1709	48671	59915	Pipistrellus pipistrellus	0.086	0.112	-1	Echolocation	192000	/home/adkris/Documents/mila-human-wav-txt/20220826_070000.WAV	2334	Waveform 1	1
HF	1396.2467	48000.0	47040.0	6.126090758979979	1396.2445	1396.2498	44375	53481	Pipistrellus pipistrellus	0.225	0.251	-1	Echolocation	192000	/home/adkris/Documents/mila-human-wav-txt/20220826_070000.WAV	2335	Waveform 1	1
HF	1396.323133333333	49500.0	48960.0	4.286384308997325	1396.3195	1396.3257	48671	55768	Pipistrellus pipistrellus	0.337	0.373	-1	Echolocation	192000	/home/adkris/Documents/mila-human-wav-txt/20220826_070000.WAV	2336	Waveform 1	1
HF	1396.4066666666668	52500.0	52800.00000000001	0.5940687239862676	1396.4035	1396.409	34062	68694	Myotis daubentonii	0.014	0.043	-1	Echolocation	192000	/home/adkris/Documents/mila-human-wav-txt/20220826_070000.WAV	2337	Waveform 1	1
HF	1396.6259	54000.0	53760.00000000001	5.064275001162356	1396.6235	1396.6286	44375	59439	Pipistrellus pipistrellus	0.171	0.411	-1	Echolocation	192000	/home/adkris/Documents/mila-human-wav-txt/20220826_070000.WAV	2338	Waveform 1	1
HF	1396.7099	52500.0	53760.00000000001	2.6327314530938093	1396.7055	1396.7121	50390	57444	Pipistrellus pipistrellus	0.105	0.126	-1	Echolocation	192000	/home/adkris/Documents/mila-human-wav-txt/20220826_070000.WAV	2339	Waveform 1	1
HF	1396.7908666666667	54000.0	53760.00000000001	3.1806538068468586	1396.7865	1396.7943	52109	58603	Pipistrellus pygmaeus	0.026	0.045	-1	Echolocation	192000	/home/adkris/Documents/mila-human-wav-txt/20220826_070000.WAV	2340	Waveform 1	1
HF	1396.961	49500.0	48960.0	5.338069601788621	1396.9585	1396.9635	47812	54977	Pipistrellus pipistrellus	0.5	0.53	-1	Echolocation	192000	/home/adkris/Documents/mila-human-wav-txt/20220826_070000.WAV	2341	Waveform 1	1
HF	1401.0924333333332	49500.0	48960.0	4.406284343868942	1401.0895	1401.0964	47812	57047	Pipistrellus pipistrellus	0.326	0.35	-1	Echolocation	192000	/home/adkris/Documents/mila-human-wav-txt/20220826_070000.WAV	2342	Waveform 1	1
HF	1401.3367666666666	55500.0	54719.99999999999	5.0526653766379095	1401.3345	1401.3409	46953	61960	Pipistrellus pipistrellus	0.249	0.373	-1	Echolocation	192000	/home/adkris/Documents/mila-human-wav-txt/20220826_070000.WAV	2343	Waveform 1	1
HF	1401.7812666666666	49500.0	48960.0	5.00541595227082	1401.7775	1401.7859	47812	60011	Pipistrellus pipistrellus	0.156	0.253	-1	Echolocation	192000	/home/adkris/Documents/mila-human-wav-txt/20220826_070000.WAV	2344	Waveform 1	1
HF	1401.8414333333333	49500.0	48960.0	8.38624625397079	1401.8375	1401.8434	47812	58874	Pipistrellus pipistrellus	0.469	0.564	-1	Echolocation	192000	/home/adkris/Documents/mila-human-wav-txt/20220826_070000.WAV	2345	Waveform 1	1
HF	1401.892833333333	49500.0	48960.0	4.810709023696111	1401.8885	1401.8975	47812	59590	Pipistrellus pipistrellus	0.262	0.345	-1	Echolocation	192000	/home/adkris/Documents/mila-human-wav-txt/20220826_070000.WAV	2346	Waveform 1	1
HF	1401.9383	51000.0	50880.0	5.272771405568598	1401.9355	1401.9402	46093	63510	Myotis alcathoe	0.105	0.292	-1	Echolocation	192000	/home/adkris/Documents/mila-human-wav-txt/20220826_070000.WAV	2347	Waveform 1	1
HF	1401.9814666666666	54000.0	53760.00000000001	4.097397767074334	1401.9785	1401.9842	46953	62552	Pipistrellus pipistrellus	0.068	0.126	-1	Echolocation	192000	/home/adkris/Documents/mila-human-wav-txt/20220826_070000.WAV	2348	Waveform 1	1
HF	1402.0295333333331	48000.0	48960.0	2.947006216687054	1402.0255	1402.0313	46953	60872	Pipistrellus pipistrellus	0.231	0.303	-1	Echolocation	192000	/home/adkris/Documents/mila-human-wav-txt/20220826_070000.WAV	2349	Waveform 1	1
HF	1402.071333333333	54000.0	53760.00000000001	4.0252141606770655	1402.0695	1402.074	46093	62347	Pipistrellus pipistrellus	0.077	0.153	-1	Echolocation	192000	/home/adkris/Documents/mila-human-wav-txt/20220826_070000.WAV	2350	Waveform 1	1
HF	1402.1126333333334	46500.0	46080.0	1.7518095257412898	1402.1105	1402.1147	45234	62295	Pipistrellus pipistrellus	0.069	0.198	-1	Echolocation	192000	/home/adkris/Documents/mila-human-wav-txt/20220826_070000.WAV	2351	Waveform 1	1
HF	1402.2904666666666	56250.0	48960.0	7.699368744329634	1402.2875	1402.2932	46953	62475	Pipistrellus pipistrellus	0.405	0.5	-1	Echolocation	192000	/home/adkris/Documents/mila-human-wav-txt/20220826_070000.WAV	2352	Waveform 1	1
HF	1402.4066	52500.0	49920.0	8.04752680257881	1402.4045	1402.4099	47812	58289	Pipistrellus pipistrellus	0.284	0.313	-1	Echolocation	192000	/home/adkris/Documents/mila-human-wav-txt/20220826_070000.WAV	2353	Waveform 1	1
HF	1402.6409333333334	50250.0	47040.0	2.863850712044607	1402.6385	1402.6459	46953	53107	Pipistrellus pipistrellus	0.023	0.024	-1	Echolocation	192000	/home/adkris/Documents/mila-human-wav-txt/20220826_070000.WAV	2354	Waveform 1	1
HF	1402.8769	53250.0	52800.00000000001	8.739457680645483	1402.8745	1402.8796	45234	59382	Pipistrellus pipistrellus	0.322	0.39	-1	Echolocation	192000	/home/adkris/Documents/mila-human-wav-txt/20220826_070000.WAV	2355	Waveform 1	1
HF	1403.1715333333334	48750.0	48960.0	3.8976702362855393	1403.1675	1403.1733	46953	60414	Pipistrellus pipistrellus	0.444	0.521	-1	Echolocation	192000	/home/adkris/Documents/mila-human-wav-txt/20220826_070000.WAV	2356	Waveform 1	1
HF	1406.1439	48000.0	47040.0	0.1051725495391288	1406.1415	1406.1466	32343	73586	Myotis brandtii	0.02	0.069	-1	Echolocation	192000	/home/adkris/Documents/mila-human-wav-txt/20220826_070000.WAV	2357	Waveform 1	1
HF	1406.2054333333333	50250.0	53760.00000000001	3.1950845749012724	1406.2015	1406.2074	46953	62967	Pipistrellus pipistrellus	0.106	0.184	-1	Echolocation	192000	/home/adkris/Documents/mila-human-wav-txt/20220826_070000.WAV	2358	Waveform 1	1
HF	1406.2944	52500.0	49920.0	3.52989029134297	1406.2915	1406.2961	49531	61244	Pipistrellus pipistrellus	0.075	0.088	-1	Echolocation	192000	/home/adkris/Documents/mila-human-wav-txt/20220826_070000.WAV	2359	Waveform 1	1
HF	1406.3383	54750.0	53760.00000000001	4.337508139384583	1406.3335	1406.3397	51250	60683	Pipistrellus pipistrellus	0.099	0.134	-1	Echolocation	192000	/home/adkris/Documents/mila-human-wav-txt/20220826_070000.WAV	2360	Waveform 1	1
HF	1406.8876333333333	49500.0	48960.0	4.377636950773789	1406.8835	1406.8892	33203	62991	Myotis brandtii	0.009	0.025	-1	Echolocation	192000	/home/adkris/Documents/mila-human-wav-txt/20220826_070000.WAV	2361	Waveform 1	1
HF	1407.0393666666666	49500.0	48000.0	3.667029418602574	1407.0375	1407.0443	46953	54512	Pipistrellus pipistrellus	0.363	0.385	-1	Echolocation	192000	/home/adkris/Documents/mila-human-wav-txt/20220826_070000.WAV	2362	Waveform 1	1
HF	1407.1124666666667	54000.0	48000.0	4.192922826837576	1407.1105	1407.1172	47812	57833	Pipistrellus pipistrellus	0.211	0.249	-1	Echolocation	192000	/home/adkris/Documents/mila-human-wav-txt/20220826_070000.WAV	2363	Waveform 1	1
HF	1407.2847666666669	49500.0	49920.0	6.430500204950605	1407.2815	1407.2869	46093	61800	Pipistrellus pipistrellus	0.238	0.303	-1	Echolocation	192000	/home/adkris/Documents/mila-human-wav-txt/20220826_070000.WAV	2364	Waveform 1	1
HF	1407.7937	51000.0	48000.0	3.0239210360498534	1407.7915	1407.7968	36640	68699	Myotis brandtii	0.01	0.029	-1	Echolocation	192000	/home/adkris/Documents/mila-human-wav-txt/20220826_070000.WAV	2365	Waveform 1	1
HF	1425.5889	41250.0	39360.0	4.706867955867258	1425.5855	1425.5931	39218	45556	Pipistrellus nathusii	0.526	0.552	-1	Echolocation	192000	/home/adkris/Documents/mila-human-wav-txt/20220826_070000.WAV	2366	Waveform 1	1
HF	1425.8814333333332	40500.0	40320.0	3.5603723173273005	1425.8765	1425.8849	40078	48003	Pipistrellus nathusii	0.567	0.63	-1	Echolocation	192000	/home/adkris/Documents/mila-human-wav-txt/20220826_070000.WAV	2367	Waveform 1	1
HF	1425.9813333333334	42750.0	40320.0	7.663076166985484	1425.9775	1425.987	40078	49202	Pipistrellus nathusii	0.493	0.614	-1	Echolocation	192000	/home/adkris/Documents/mila-human-wav-txt/20220826_070000.WAV	2368	Waveform 1	1
HF	1426.1781666666666	42000.0	42240.0	3.2923258259786463	1426.1745	1426.183	40078	46908	Pipistrellus nathusii	0.538	0.578	-1	Echolocation	192000	/home/adkris/Documents/mila-human-wav-txt/20220826_070000.WAV	2369	Waveform 1	1
HF	1426.3822666666667	45000.0	39360.0	4.379186559413427	1426.3805	1426.3909	40078	50831	Pipistrellus nathusii	0.4	0.429	-1	Echolocation	192000	/home/adkris/Documents/mila-human-wav-txt/20220826_070000.WAV	2370	Waveform 1	1
HF	1426.6113666666668	42000.0	45120.0	5.01725268036481	1426.6055	1426.6153	40078	48293	Pipistrellus nathusii	0.463	0.502	-1	Echolocation	192000	/home/adkris/Documents/mila-human-wav-txt/20220826_070000.WAV	2371	Waveform 1	1
HF	1426.7135	42000.0	41280.0	11.1973211718492	1426.7105	1426.7185	39218	47866	Pipistrellus nathusii	0.637	0.651	-1	Echolocation	192000	/home/adkris/Documents/mila-human-wav-txt/20220826_070000.WAV	2372	Waveform 1	1
HF	1426.8353333333334	40500.0	40320.0	7.4101858389414845	1426.8305	1426.839	40078	50563	Pipistrellus nathusii	0.675	0.703	-1	Echolocation	192000	/home/adkris/Documents/mila-human-wav-txt/20220826_070000.WAV	2373	Waveform 1	1
LF	1426.9402	42000.0	39360.0	6.87893410157395	1426.9355	1426.9418	29765	44644	Barbastellus barbastellus	0.007	0.025	-1	Echolocation	192000	/home/adkris/Documents/mila-human-wav-txt/20220826_070000.WAV	2374	Waveform 1	1
HF	1427.1269666666667	42750.0	43200.0	7.783353427873617	1427.1245	1427.1342	39218	49004	Pipistrellus nathusii	0.608	0.652	-1	Echolocation	192000	/home/adkris/Documents/mila-human-wav-txt/20220826_070000.WAV	2375	Waveform 1	1
HF	1427.2301666666667	41250.0	41280.0	13.942884580262191	1427.2245	1427.2345	39218	52612	Pipistrellus nathusii	0.577	0.643	-1	Echolocation	192000	/home/adkris/Documents/mila-human-wav-txt/20220826_070000.WAV	2376	Waveform 1	1
HF	1427.3125666666667	41250.0	42240.0	12.02960522436554	1427.3085	1427.3166	39218	50642	Pipistrellus nathusii	0.555	0.643	-1	Echolocation	192000	/home/adkris/Documents/mila-human-wav-txt/20220826_070000.WAV	2377	Waveform 1	1
HF	1427.3669	42750.0	44160.0	5.679257986474896	1427.3645	1427.3696	39218	50463	Pipistrellus nathusii	0.101	0.246	-1	Echolocation	192000	/home/adkris/Documents/mila-human-wav-txt/20220826_070000.WAV	2378	Waveform 1	1
LF	1427.5683	26250.0	40320.0	2.6568166432404268	1427.5675	1427.5742	27187	40031	Eptesicus serotinus	0.006	0.023	-1	Echolocation	192000	/home/adkris/Documents/mila-human-wav-txt/20220826_070000.WAV	2379	Waveform 1	1
HF	1427.7614	43500.0	41280.0	8.215000550915295	1427.7575	1427.7646	40078	50600	Pipistrellus nathusii	0.651	0.681	-1	Echolocation	192000	/home/adkris/Documents/mila-human-wav-txt/20220826_070000.WAV	2380	Waveform 1	1
HF	1427.8502666666666	41250.0	41280.0	8.906683586995047	1427.8475	1427.8569	40078	49694	Pipistrellus nathusii	0.548	0.618	-1	Echolocation	192000	/home/adkris/Documents/mila-human-wav-txt/20220826_070000.WAV	2381	Waveform 1	1
HF	1428.0998333333334	39000.0	44160.0	3.732179722172772	1428.0935	1428.104	38359	45574	Pipistrellus nathusii	0.506	0.545	-1	Echolocation	192000	/home/adkris/Documents/mila-human-wav-txt/20220826_070000.WAV	2382	Waveform 1	1
HF	1428.2577333333334	41250.0	39360.0	9.96133752553912	1428.2545	1428.2646	39218	52673	Pipistrellus nathusii	0.573	0.63	-1	Echolocation	192000	/home/adkris/Documents/mila-human-wav-txt/20220826_070000.WAV	2383	Waveform 1	1
HF	1429.790533333333	44250.0	44160.0	5.2219738800850815	1429.7885	1429.7963	40078	50223	Pipistrellus nathusii	0.603	0.649	-1	Echolocation	192000	/home/adkris/Documents/mila-human-wav-txt/20220826_070000.WAV	2384	Waveform 1	1
HF	1429.8681666666666	42000.0	43200.0	3.0815404196641154	1429.8645	1429.873	40078	48830	Pipistrellus nathusii	0.405	0.505	-1	Echolocation	192000	/home/adkris/Documents/mila-human-wav-txt/20220826_070000.WAV	2385	Waveform 1	1
HF	1429.9592333333333	39750.0	41280.0	2.40651286252303	1429.9545	1429.9631	38359	47608	Pipistrellus nathusii	0.445	0.513	-1	Echolocation	192000	/home/adkris/Documents/mila-human-wav-txt/20220826_070000.WAV	2386	Waveform 1	1
HF	1437.6057666666666	49500.0	47040.0	1.9415632393892004	1437.6015	1437.6094	46093	56626	Pipistrellus pipistrellus	0.029	0.042	-1	Echolocation	192000	/home/adkris/Documents/mila-human-wav-txt/20220826_070000.WAV	2387	Waveform 1	1
HF	1437.6544333333334	54750.0	47040.0	0.4468118132453425	1437.6535	1437.6589	32343	72648	Myotis brandtii	0.013	0.041	-1	Echolocation	192000	/home/adkris/Documents/mila-human-wav-txt/20220826_070000.WAV	2388	Waveform 1	1
HF	1437.7042666666666	55500.0	48000.0	2.9870137901795712	1437.7035	1437.7079	46953	59073	Pipistrellus pipistrellus	0.138	0.237	-1	Echolocation	192000	/home/adkris/Documents/mila-human-wav-txt/20220826_070000.WAV	2389	Waveform 1	1
HF	1437.9789666666666	46500.0	46080.0	1.3921841052763178	1437.9785	1437.9832	32343	66804	Myotis mystacinus	0.011	0.036	-1	Echolocation	192000	/home/adkris/Documents/mila-human-wav-txt/20220826_070000.WAV	2390	Waveform 1	1
HF	1438.0268	52500.0	52800.00000000001	2.08228791786468	1438.0245	1438.0297	50390	58477	Pipistrellus pipistrellus	0.064	0.073	-1	Echolocation	192000	/home/adkris/Documents/mila-human-wav-txt/20220826_070000.WAV	2391	Waveform 1	1
HF	1438.202	53250.0	53760.00000000001	7.182991366832789	1438.1995	1438.2045	46093	61798	Pipistrellus pipistrellus	0.195	0.319	-1	Echolocation	192000	/home/adkris/Documents/mila-human-wav-txt/20220826_070000.WAV	2392	Waveform 1	1
HF	1438.2473	48750.0	48960.0	11.904541400231714	1438.2445	1438.2492	46093	61848	Pipistrellus pipistrellus	0.496	0.562	-1	Echolocation	192000	/home/adkris/Documents/mila-human-wav-txt/20220826_070000.WAV	2393	Waveform 1	1
HF	1438.3214333333333	49500.0	48960.0	8.429601423298077	1438.3175	1438.3234	46953	57968	Pipistrellus pipistrellus	0.398	0.497	-1	Echolocation	192000	/home/adkris/Documents/mila-human-wav-txt/20220826_070000.WAV	2394	Waveform 1	1
HF	1438.3746666666666	47250.0	47040.0	5.195242564077064	1438.3715	1438.377	45234	56218	Pipistrellus pipistrellus	0.237	0.259	-1	Echolocation	192000	/home/adkris/Documents/mila-human-wav-txt/20220826_070000.WAV	2395	Waveform 1	1
HF	1438.4283333333333	52500.0	52800.00000000001	3.9901316117861567	1438.4255	1438.4325	51250	56621	Pipistrellus pipistrellus	0.069	0.081	-1	Echolocation	192000	/home/adkris/Documents/mila-human-wav-txt/20220826_070000.WAV	2396	Waveform 1	1
HF	1444.104	43500.0	42240.0	3.765752215946596	1444.1005	1444.108	39218	49089	Pipistrellus nathusii	0.181	0.269	-1	Echolocation	192000	/home/adkris/Documents/mila-human-wav-txt/20220826_070000.WAV	2397	Waveform 1	1
HF	1444.1953	41250.0	46080.0	5.1013144381412365	1444.1915	1444.1987	40078	50663	Pipistrellus nathusii	0.531	0.581	-1	Echolocation	192000	/home/adkris/Documents/mila-human-wav-txt/20220826_070000.WAV	2398	Waveform 1	1
HF	1444.2845666666667	42000.0	42240.0	4.858434789283428	1444.2815	1444.2906	40078	49235	Pipistrellus nathusii	0.489	0.559	-1	Echolocation	192000	/home/adkris/Documents/mila-human-wav-txt/20220826_070000.WAV	2399	Waveform 1	1
HF	1444.4728333333333	45750.0	46080.0	5.78373521292818	1444.4705	1444.478	40937	50632	Pipistrellus nathusii	0.457	0.527	-1	Echolocation	192000	/home/adkris/Documents/mila-human-wav-txt/20220826_070000.WAV	2400	Waveform 1	1
HF	1444.9570333333334	46500.0	42240.0	7.173339782940112	1444.9555	1444.9638	40937	54986	Pipistrellus nathusii	0.622	0.691	-1	Echolocation	192000	/home/adkris/Documents/mila-human-wav-txt/20220826_070000.WAV	2401	Waveform 1	1
HF	1445.0463666666667	40500.0	40320.0	3.5380421468112493	1445.0405	1445.0468	29765	46673	Myotis daubentonii	0.008	0.024	-1	Echolocation	192000	/home/adkris/Documents/mila-human-wav-txt/20220826_070000.WAV	2402	Waveform 1	1
LF	1445.2456666666667	42000.0	39360.0	4.360813412190708	1445.2405	1445.2475	28906	41880	Myotis daubentonii	0.007	0.028	-1	Echolocation	192000	/home/adkris/Documents/mila-human-wav-txt/20220826_070000.WAV	2403	Waveform 1	1
HF	1445.3445	41250.0	41280.0	12.530923778598034	1445.3385	1445.347	39218	50981	Pipistrellus nathusii	0.624	0.668	-1	Echolocation	192000	/home/adkris/Documents/mila-human-wav-txt/20220826_070000.WAV	2404	Waveform 1	1
HF	1445.5135666666667	41250.0	41280.0	10.739611706590235	1445.5075	1445.5171	40078	53074	Pipistrellus nathusii	0.641	0.709	-1	Echolocation	192000	/home/adkris/Documents/mila-human-wav-txt/20220826_070000.WAV	2405	Waveform 1	1
HF	1445.6123333333333	41250.0	41280.0	11.702373360753018	1445.6075	1445.616	40078	53681	Pipistrellus nathusii	0.678	0.724	-1	Echolocation	192000	/home/adkris/Documents/mila-human-wav-txt/20220826_070000.WAV	2406	Waveform 1	1
HF	1445.6938333333333	48000.0	48960.0	4.306051188191106	1445.6905	1445.697	47812	57693	Pipistrellus pipistrellus	0.196	0.235	-1	Echolocation	192000	/home/adkris/Documents/mila-human-wav-txt/20220826_070000.WAV	2407	Waveform 1	1
HF	1445.7112	41250.0	41280.0	11.070374978885852	1445.7065	1445.7163	39218	50925	Pipistrellus nathusii	0.594	0.637	-1	Echolocation	192000	/home/adkris/Documents/mila-human-wav-txt/20220826_070000.WAV	2408	Waveform 1	1
HF	1445.7968666666666	49500.0	48960.0	5.604220615430828	1445.7925	1445.8003	46093	61672	Pipistrellus pipistrellus	0.104	0.303	-1	Echolocation	192000	/home/adkris/Documents/mila-human-wav-txt/20220826_070000.WAV	2409	Waveform 1	1
HF	1445.8137666666669	48750.0	48960.0	2.0100304217348315	1445.8115	1445.8179	50390	56650	Pipistrellus pipistrellus	0.015	0.025	-1	Echolocation	192000	/home/adkris/Documents/mila-human-wav-txt/20220826_070000.WAV	2410	Waveform 1	1
HF	1445.9137666666666	41250.0	39360.0	9.49600594141164	1445.9085	1445.9189	39218	48772	Pipistrellus nathusii	0.581	0.626	-1	Echolocation	192000	/home/adkris/Documents/mila-human-wav-txt/20220826_070000.WAV	2411	Waveform 1	1
HF	1445.9251333333334	48750.0	52800.00000000001	-5.152809994292198	1445.9235	1445.9282	36640	70360	Myotis mystacinus	0.017	0.045	-1	Echolocation	192000	/home/adkris/Documents/mila-human-wav-txt/20220826_070000.WAV	2412	Waveform 1	1
HF	1446.1113666666668	39750.0	39360.0	10.988252730091832	1446.1055	1446.1153	39218	50200	Pipistrellus nathusii	0.546	0.591	-1	Echolocation	192000	/home/adkris/Documents/mila-human-wav-txt/20220826_070000.WAV	2413	Waveform 1	1
HF	1446.2727333333332	54750.0	48960.0	3.979251767390608	1446.2695	1446.2761	45234	61613	Pipistrellus pipistrellus	0.144	0.384	-1	Echolocation	192000	/home/adkris/Documents/mila-human-wav-txt/20220826_070000.WAV	2414	Waveform 1	1
HF	1446.3049666666666	42750.0	39360.0	14.845925009958911	1446.3005	1446.3117	39218	49466	Pipistrellus nathusii	0.544	0.575	-1	Echolocation	192000	/home/adkris/Documents/mila-human-wav-txt/20220826_070000.WAV	2415	Waveform 1	1
HF	1446.3675333333333	50250.0	48960.0	2.3968639831260132	1446.3635	1446.3693	34921	70508	Myotis brandtii	0.015	0.05	-1	Echolocation	192000	/home/adkris/Documents/mila-human-wav-txt/20220826_070000.WAV	2416	Waveform 1	1
HF	1446.3993333333333	52500.0	53760.00000000001	4.2712916678737	1446.3985	1446.404	51250	57478	Pipistrellus pipistrellus	0.015	0.026	-1	Echolocation	192000	/home/adkris/Documents/mila-human-wav-txt/20220826_070000.WAV	2417	Waveform 1	1
HF	1446.4275666666667	57750.0	57600.0	3.047112192213083	1446.4225	1446.4296	55546	62864	Pipistrellus pygmaeus	0.024	0.026	-1	Echolocation	192000	/home/adkris/Documents/mila-human-wav-txt/20220826_070000.WAV	2418	Waveform 1	1
HF	1446.5009333333333	40500.0	40320.0	14.877271897594186	1446.4985	1446.5094	39218	53114	Pipistrellus nathusii	0.568	0.638	-1	Echolocation	192000	/home/adkris/Documents/mila-human-wav-txt/20220826_070000.WAV	2419	Waveform 1	1
HF	1446.5185	52500.0	53760.00000000001	6.62351659288892	1446.5155	1446.5235	53828	61809	Pipistrellus pygmaeus	0.049	0.051	-1	Echolocation	192000	/home/adkris/Documents/mila-human-wav-txt/20220826_070000.WAV	2420	Waveform 1	1
HF	1446.6455666666666	45750.0	43200.0	10.440252674119275	1446.6445	1446.6521	40937	50158	Pipistrellus nathusii	0.621	0.639	-1	Echolocation	192000	/home/adkris/Documents/mila-human-wav-txt/20220826_070000.WAV	2421	Waveform 1	1
HF	1446.7284666666667	42000.0	41280.0	7.596195711613149	1446.7215	1446.7302	39218	50175	Pipistrellus nathusii	0.26	0.343	-1	Echolocation	192000	/home/adkris/Documents/mila-human-wav-txt/20220826_070000.WAV	2422	Waveform 1	1
HF	1446.877066666667	41250.0	41280.0	12.116228041451912	1446.8725	1446.8801	40937	52592	Pipistrellus nathusii	0.595	0.624	-1	Echolocation	192000	/home/adkris/Documents/mila-human-wav-txt/20220826_070000.WAV	2423	Waveform 1	1
HF	1446.9848	43500.0	41280.0	11.612867640989402	1446.9845	1446.9952	38359	47823	Pipistrellus nathusii	0.565	0.587	-1	Echolocation	192000	/home/adkris/Documents/mila-human-wav-txt/20220826_070000.WAV	2424	Waveform 1	1
HF	1447.0862666666667	42000.0	41280.0	17.74328977034107	1447.0805	1447.0904	39218	54686	Pipistrellus nathusii	0.63	0.659	-1	Echolocation	192000	/home/adkris/Documents/mila-human-wav-txt/20220826_070000.WAV	2425	Waveform 1	1
HF	1447.2472333333333	40500.0	40320.0	11.221840615927936	1447.2425	1447.2546	39218	49573	Pipistrellus nathusii	0.535	0.574	-1	Echolocation	192000	/home/adkris/Documents/mila-human-wav-txt/20220826_070000.WAV	2426	Waveform 1	1
HF	1447.3996333333334	53250.0	52800.00000000001	2.3137918871408356	1447.3915	1447.4002	53828	59467	Pipistrellus pygmaeus	0.046	0.047	-1	Echolocation	192000	/home/adkris/Documents/mila-human-wav-txt/20220826_070000.WAV	2427	Waveform 1	1
HF	1447.4899333333333	40500.0	39360.0	3.631653501840293	1447.4875	1447.4984	38359	44826	Pipistrellus nathusii	0.494	0.511	-1	Echolocation	192000	/home/adkris/Documents/mila-human-wav-txt/20220826_070000.WAV	2428	Waveform 1	1
HF	1447.6503666666667	45750.0	39360.0	11.231060612824116	1447.6455	1447.6563	39218	51262	Pipistrellus nathusii	0.512	0.568	-1	Echolocation	192000	/home/adkris/Documents/mila-human-wav-txt/20220826_070000.WAV	2429	Waveform 1	1
LF	1447.7518333333333	39750.0	39360.0	1.7299592376552426	1447.7455	1447.7525	27187	42301	Eptesicus serotinus	0.005	0.024	-1	Echolocation	192000	/home/adkris/Documents/mila-human-wav-txt/20220826_070000.WAV	2430	Waveform 1	1
HF	1447.8441	43500.0	43200.0	10.749946806296036	1447.8435	1447.8539	38359	46220	Pipistrellus nathusii	0.548	0.571	-1	Echolocation	192000	/home/adkris/Documents/mila-human-wav-txt/20220826_070000.WAV	2431	Waveform 1	1
HF	1448.1403666666668	40500.0	41280.0	12.641902579781084	1448.1385	1448.1488	39218	47574	Pipistrellus nathusii	0.538	0.569	-1	Echolocation	192000	/home/adkris/Documents/mila-human-wav-txt/20220826_070000.WAV	2432	Waveform 1	1
HF	1448.4408	45000.0	44160.0	10.789877874707264	1448.4385	1448.4472	38359	49546	Pipistrellus nathusii	0.537	0.603	-1	Echolocation	192000	/home/adkris/Documents/mila-human-wav-txt/20220826_070000.WAV	2433	Waveform 1	1
HF	1448.751533333333	44250.0	43200.0	8.440320561372749	1448.7505	1448.7593	39218	48255	Pipistrellus nathusii	0.576	0.636	-1	Echolocation	192000	/home/adkris/Documents/mila-human-wav-txt/20220826_070000.WAV	2434	Waveform 1	1
HF	1449.0541333333333	39750.0	46080.0	8.269995605322954	1449.0505	1449.0602	38359	48579	Pipistrellus nathusii	0.524	0.619	-1	Echolocation	192000	/home/adkris/Documents/mila-human-wav-txt/20220826_070000.WAV	2435	Waveform 1	1
HF	1454.5176	42750.0	44160.0	2.4865833374310244	1454.5145	1454.5224	39218	48683	Pipistrellus nathusii	0.279	0.306	-1	Echolocation	192000	/home/adkris/Documents/mila-human-wav-txt/20220826_070000.WAV	2436	Waveform 1	1
HF	1454.7101	41250.0	41280.0	3.811000651372958	1454.7045	1454.7134	40937	47728	Pipistrellus nathusii	0.541	0.559	-1	Echolocation	192000	/home/adkris/Documents/mila-human-wav-txt/20220826_070000.WAV	2437	Waveform 1	1
HF	1454.902466666667	42750.0	40320.0	2.508694932888424	1454.9005	1454.9107	39218	45026	Pipistrellus nathusii	0.529	0.549	-1	Echolocation	192000	/home/adkris/Documents/mila-human-wav-txt/20220826_070000.WAV	2438	Waveform 1	1
HF	1455.370766666667	42000.0	41280.0	2.9243561859106264	1455.3665	1455.3779	40078	47662	Pipistrellus nathusii	0.431	0.471	-1	Echolocation	192000	/home/adkris/Documents/mila-human-wav-txt/20220826_070000.WAV	2439	Waveform 1	1
HF	1455.4719333333333	43500.0	43200.0	7.337045710298758	1455.4685	1455.4784	40078	50342	Pipistrellus nathusii	0.48	0.558	-1	Echolocation	192000	/home/adkris/Documents/mila-human-wav-txt/20220826_070000.WAV	2440	Waveform 1	1
HF	1455.6523666666667	45000.0	43200.0	6.903802138630172	1455.6495	1455.6588	40078	49715	Pipistrellus nathusii	0.547	0.6	-1	Echolocation	192000	/home/adkris/Documents/mila-human-wav-txt/20220826_070000.WAV	2441	Waveform 1	1
HF	1455.8656666666666	40500.0	40320.0	5.636950460865133	1455.8595	1455.869	40078	50377	Pipistrellus nathusii	0.529	0.632	-1	Echolocation	192000	/home/adkris/Documents/mila-human-wav-txt/20220826_070000.WAV	2442	Waveform 1	1
HF	1455.9682333333333	42000.0	42240.0	9.44796364718404	1455.9635	1455.9721	40078	52934	Pipistrellus nathusii	0.61	0.696	-1	Echolocation	192000	/home/adkris/Documents/mila-human-wav-txt/20220826_070000.WAV	2443	Waveform 1	1
HF	1456.064566666667	44250.0	45120.0	8.012960180656739	1456.0615	1456.0706	40078	52847	Pipistrellus nathusii	0.536	0.642	-1	Echolocation	192000	/home/adkris/Documents/mila-human-wav-txt/20220826_070000.WAV	2444	Waveform 1	1
HF	1456.1639	39750.0	39360.0	9.73637186470956	1456.1585	1456.1676	40078	51510	Pipistrellus nathusii	0.594	0.667	-1	Echolocation	192000	/home/adkris/Documents/mila-human-wav-txt/20220826_070000.WAV	2445	Waveform 1	1
HF	1456.3347	43500.0	44160.0	8.089048158738928	1456.3325	1456.3413	40078	49656	Pipistrellus nathusii	0.609	0.668	-1	Echolocation	192000	/home/adkris/Documents/mila-human-wav-txt/20220826_070000.WAV	2446	Waveform 1	1
HF	1456.4337	41250.0	41280.0	8.889326394828892	1456.4295	1456.4398	40078	50235	Pipistrellus nathusii	0.545	0.614	-1	Echolocation	192000	/home/adkris/Documents/mila-human-wav-txt/20220826_070000.WAV	2447	Waveform 1	1
HF	1456.6045666666666	43500.0	43200.0	4.378270071662461	1456.6025	1456.6126	40078	49041	Pipistrellus nathusii	0.565	0.616	-1	Echolocation	192000	/home/adkris/Documents/mila-human-wav-txt/20220826_070000.WAV	2448	Waveform 1	1
HF	1456.702266666667	45000.0	40320.0	4.205732696419012	1456.6995	1456.7089	40078	49530	Pipistrellus nathusii	0.483	0.612	-1	Echolocation	192000	/home/adkris/Documents/mila-human-wav-txt/20220826_070000.WAV	2449	Waveform 1	1
HF	1456.8013666666666	42000.0	42240.0	2.5802483364978257	1456.8005	1456.8118	39218	43314	Pipistrellus nathusii	0.226	0.235	-1	Echolocation	192000	/home/adkris/Documents/mila-human-wav-txt/20220826_070000.WAV	2450	Waveform 1	1
HF	1456.8908666666666	43500.0	40320.0	6.888778204757116	1456.8875	1456.8963	40078	51051	Pipistrellus nathusii	0.486	0.532	-1	Echolocation	192000	/home/adkris/Documents/mila-human-wav-txt/20220826_070000.WAV	2451	Waveform 1	1
HF	1456.994866666667	39750.0	39360.0	6.406484972904823	1456.9895	1456.9998	39218	46361	Pipistrellus nathusii	0.523	0.583	-1	Echolocation	192000	/home/adkris/Documents/mila-human-wav-txt/20220826_070000.WAV	2452	Waveform 1	1
HF	1457.0989	40500.0	40320.0	8.302174246120039	1457.0885	1457.0996	40078	50507	Pipistrellus nathusii	0.489	0.543	-1	Echolocation	192000	/home/adkris/Documents/mila-human-wav-txt/20220826_070000.WAV	2453	Waveform 1	1
HF	1457.1706666666666	44250.0	46080.0	1.2692014800551896	1457.1675	1457.173	30625	62729	Myotis daubentonii	0.017	0.04	-1	Echolocation	192000	/home/adkris/Documents/mila-human-wav-txt/20220826_070000.WAV	2454	Waveform 1	1
HF	1457.2754	44250.0	41280.0	8.159128452702582	1457.2725	1457.2841	40937	50807	Pipistrellus nathusii	0.428	0.465	-1	Echolocation	192000	/home/adkris/Documents/mila-human-wav-txt/20220826_070000.WAV	2455	Waveform 1	1
HF	1457.4560666666666	41250.0	40320.0	9.500490395007608	1457.4525	1457.4611	40078	51153	Pipistrellus nathusii	0.618	0.68	-1	Echolocation	192000	/home/adkris/Documents/mila-human-wav-txt/20220826_070000.WAV	2456	Waveform 1	1
HF	1457.5295333333331	42750.0	44160.0	3.309174366103949	1457.5255	1457.5383	42656	47241	Pipistrellus nathusii	0.298	0.312	-1	Echolocation	192000	/home/adkris/Documents/mila-human-wav-txt/20220826_070000.WAV	2457	Waveform 1	1
HF	1457.5541333333333	39750.0	40320.0	0.5917973527996495	1457.5475	1457.5577	40078	43829	Pipistrellus nathusii	0.183	0.196	-1	Echolocation	192000	/home/adkris/Documents/mila-human-wav-txt/20220826_070000.WAV	2458	Waveform 1	1
HF	1457.6012666666666	42750.0	42240.0	8.262467343186387	1457.5975	1457.6059	40937	50123	Pipistrellus nathusii	0.601	0.674	-1	Echolocation	192000	/home/adkris/Documents/mila-human-wav-txt/20220826_070000.WAV	2459	Waveform 1	1
HF	1457.6601	40500.0	41280.0	5.823786036827392	1457.6545	1457.6634	40078	49088	Pipistrellus nathusii	0.567	0.631	-1	Echolocation	192000	/home/adkris/Documents/mila-human-wav-txt/20220826_070000.WAV	2460	Waveform 1	1
HF	1457.7686	42750.0	41280.0	10.717146963188302	1457.7615	1457.7724	40078	55191	Pipistrellus nathusii	0.538	0.608	-1	Echolocation	192000	/home/adkris/Documents/mila-human-wav-txt/20220826_070000.WAV	2461	Waveform 1	1
HF	1457.842666666667	44250.0	44160.0	12.157045275669043	1457.8385	1457.8465	40937	52615	Pipistrellus nathusii	0.498	0.611	-1	Echolocation	192000	/home/adkris/Documents/mila-human-wav-txt/20220826_070000.WAV	2462	Waveform 1	1
HF	1457.9156666666668	47250.0	46080.0	5.553101971166411	1457.9145	1457.922	40078	50847	Pipistrellus nathusii	0.587	0.616	-1	Echolocation	192000	/home/adkris/Documents/mila-human-wav-txt/20220826_070000.WAV	2463	Waveform 1	1
HF	1458.0910666666666	45000.0	43200.0	5.035092403862046	1458.0885	1458.0981	40937	50894	Pipistrellus nathusii	0.392	0.416	-1	Echolocation	192000	/home/adkris/Documents/mila-human-wav-txt/20220826_070000.WAV	2464	Waveform 1	1
HF	1458.1134333333334	40500.0	40320.0	1.4646523146290522	1458.1115	1458.1194	40078	45947	Pipistrellus nathusii	0.278	0.297	-1	Echolocation	192000	/home/adkris/Documents/mila-human-wav-txt/20220826_070000.WAV	2465	Waveform 1	1
HF	1458.1870666666666	42000.0	41280.0	7.424719884363887	1458.1835	1458.1921	40078	48823	Pipistrellus nathusii	0.597	0.652	-1	Echolocation	192000	/home/adkris/Documents/mila-human-wav-txt/20220826_070000.WAV	2466	Waveform 1	1
HF	1458.3094	44250.0	43200.0	3.7713416357588345	1458.3055	1458.3126	40937	49710	Pipistrellus nathusii	0.283	0.357	-1	Echolocation	192000	/home/adkris/Documents/mila-human-wav-txt/20220826_070000.WAV	2467	Waveform 1	1
HF	1458.3572	45750.0	46080.0	7.629654600113636	1458.3555	1458.3648	40937	48683	Pipistrellus nathusii	0.525	0.544	-1	Echolocation	192000	/home/adkris/Documents/mila-human-wav-txt/20220826_070000.WAV	2468	Waveform 1	1
HF	1458.4322	44250.0	44160.0	6.389577117088602	1458.4315	1458.4418	40078	50118	Pipistrellus nathusii	0.278	0.312	-1	Echolocation	192000	/home/adkris/Documents/mila-human-wav-txt/20220826_070000.WAV	2469	Waveform 1	1
HF	1458.4488666666666	42000.0	40320.0	7.235741860058223	1458.4455	1458.4543	40078	49096	Pipistrellus nathusii	0.49	0.517	-1	Echolocation	192000	/home/adkris/Documents/mila-human-wav-txt/20220826_070000.WAV	2470	Waveform 1	1
HF	1458.7239	48000.0	43200.0	6.681695286066343	1458.7215	1458.7336	40937	55809	Pipistrellus nathusii	0.455	0.513	-1	Echolocation	192000	/home/adkris/Documents/mila-human-wav-txt/20220826_070000.WAV	2471	Waveform 1	1
HF	1458.9932333333334	41250.0	41280.0	8.967564583147825	1458.9895	1458.9991	40937	50222	Pipistrellus nathusii	0.532	0.553	-1	Echolocation	192000	/home/adkris/Documents/mila-human-wav-txt/20220826_070000.WAV	2472	Waveform 1	1
HF	1459.0726666666667	43500.0	43200.0	5.879583129019559	1459.0615	1459.073	41796	51272	Pipistrellus nathusii	0.534	0.564	-1	Echolocation	192000	/home/adkris/Documents/mila-human-wav-txt/20220826_070000.WAV	2473	Waveform 1	1
HF	1459.0945333333334	42750.0	42240.0	3.4285891831471504	1459.0875	1459.0973	40078	50784	Pipistrellus nathusii	0.488	0.549	-1	Echolocation	192000	/home/adkris/Documents/mila-human-wav-txt/20220826_070000.WAV	2474	Waveform 1	1
HF	1459.1726333333334	42750.0	45120.0	12.79531201847526	1459.1665	1459.1772	40937	53815	Pipistrellus nathusii	0.457	0.501	-1	Echolocation	192000	/home/adkris/Documents/mila-human-wav-txt/20220826_070000.WAV	2475	Waveform 1	1
HF	1459.2152333333331	42750.0	41280.0	4.242660406667096	1459.2105	1459.2191	39218	47059	Pipistrellus nathusii	0.27	0.307	-1	Echolocation	192000	/home/adkris/Documents/mila-human-wav-txt/20220826_070000.WAV	2476	Waveform 1	1
HF	1459.3166	41250.0	41280.0	6.43350129807737	1459.3125	1459.3229	40078	49363	Pipistrellus nathusii	0.56	0.616	-1	Echolocation	192000	/home/adkris/Documents/mila-human-wav-txt/20220826_070000.WAV	2477	Waveform 1	1
HF	1459.3431666666663	45750.0	45120.0	8.697745387511382	1459.3405	1459.35	40937	54429	Pipistrellus nathusii	0.408	0.436	-1	Echolocation	192000	/home/adkris/Documents/mila-human-wav-txt/20220826_070000.WAV	2478	Waveform 1	1
HF	1459.4337666666668	55500.0	54719.99999999999	1.847901713877818	1459.4285	1459.4354	55546	61144	Pipistrellus pygmaeus	0.026	0.027	-1	Echolocation	192000	/home/adkris/Documents/mila-human-wav-txt/20220826_070000.WAV	2479	Waveform 1	1
HF	1459.5301333333334	42000.0	40320.0	10.687361004587782	1459.5185	1459.5307	40078	49611	Pipistrellus nathusii	0.465	0.527	-1	Echolocation	192000	/home/adkris/Documents/mila-human-wav-txt/20220826_070000.WAV	2480	Waveform 1	1
HF	1459.573666666667	42750.0	44160.0	6.662285570059137	1459.5715	1459.5815	41796	49679	Pipistrellus nathusii	0.286	0.309	-1	Echolocation	192000	/home/adkris/Documents/mila-human-wav-txt/20220826_070000.WAV	2481	Waveform 1	1
HF	1459.6357666666668	41250.0	41280.0	6.617644120062504	1459.6335	1459.6434	39218	46842	Pipistrellus nathusii	0.486	0.522	-1	Echolocation	192000	/home/adkris/Documents/mila-human-wav-txt/20220826_070000.WAV	2482	Waveform 1	1
HF	1459.706766666667	44250.0	44160.0	13.153944444639215	1459.6985	1459.7094	41796	55053	Pipistrellus nathusii	0.448	0.537	-1	Echolocation	192000	/home/adkris/Documents/mila-human-wav-txt/20220826_070000.WAV	2483	Waveform 1	1
HF	1459.7730333333334	43500.0	45120.0	6.657054309707013	1459.7635	1459.7743	40078	52396	Pipistrellus nathusii	0.489	0.55	-1	Echolocation	192000	/home/adkris/Documents/mila-human-wav-txt/20220826_070000.WAV	2484	Waveform 1	1
HF	1459.8075666666666	41250.0	45120.0	12.358161208315796	1459.8005	1459.8126	41796	53839	Pipistrellus nathusii	0.431	0.462	-1	Echolocation	192000	/home/adkris/Documents/mila-human-wav-txt/20220826_070000.WAV	2485	Waveform 1	1
HF	1459.9637333333333	41250.0	41280.0	5.962972434653028	1459.9605	1459.9706	39218	47943	Pipistrellus nathusii	0.528	0.556	-1	Echolocation	192000	/home/adkris/Documents/mila-human-wav-txt/20220826_070000.WAV	2486	Waveform 1	1
HF	1459.9759333333334	48750.0	48000.0	9.227555476930588	1459.9725	1459.9789	49531	57036	Pipistrellus pipistrellus	0.038	0.056	-1	Echolocation	192000	/home/adkris/Documents/mila-human-wav-txt/20220826_070000.WAV	2487	Waveform 1	1
HF	1460.0710666666666	40500.0	40320.0	12.35912850015338	1460.0635	1460.0751	40078	52161	Pipistrellus nathusii	0.457	0.492	-1	Echolocation	192000	/home/adkris/Documents/mila-human-wav-txt/20220826_070000.WAV	2488	Waveform 1	1
HF	1460.1574666666668	53250.0	53760.00000000001	5.613912306104592	1460.1555	1460.1622	53828	60466	Pipistrellus pygmaeus	0.094	0.099	-1	Echolocation	192000	/home/adkris/Documents/mila-human-wav-txt/20220826_070000.WAV	2489	Waveform 1	1
HF	1460.2617	40500.0	41280.0	10.559927804151847	1460.2545	1460.2653	40078	50763	Pipistrellus nathusii	0.526	0.561	-1	Echolocation	192000	/home/adkris/Documents/mila-human-wav-txt/20220826_070000.WAV	2490	Waveform 1	1
HF	1460.5323	41250.0	41280.0	9.908066436260288	1460.5265	1460.5387	39218	49789	Pipistrellus nathusii	0.466	0.492	-1	Echolocation	192000	/home/adkris/Documents/mila-human-wav-txt/20220826_070000.WAV	2491	Waveform 1	1
LF	1460.6999	25500.0	24960.0	4.201765876259681	1460.6785	1460.7031	23750	28068	Nyctalus leisleri	0.07	0.164	-1	Echolocation	192000	/home/adkris/Documents/mila-human-wav-txt/20220826_070000.WAV	2492	Waveform 1	1
HF	1460.7076	47250.0	45120.0	16.009718997605006	1460.7025	1460.7084	30625	57417	Myotis brandtii	0.008	0.025	-1	Echolocation	192000	/home/adkris/Documents/mila-human-wav-txt/20220826_070000.WAV	2493	Waveform 1	1
HF	1460.8061666666667	40500.0	41280.0	6.222904634633355	1460.8025	1460.8145	39218	45406	Pipistrellus nathusii	0.523	0.537	-1	Echolocation	192000	/home/adkris/Documents/mila-human-wav-txt/20220826_070000.WAV	2494	Waveform 1	1
HF	1460.8338333333334	41250.0	44160.0	3.30805278687793	1460.8295	1460.8385	41796	48609	Pipistrellus nathusii	0.193	0.223	-1	Echolocation	192000	/home/adkris/Documents/mila-human-wav-txt/20220826_070000.WAV	2495	Waveform 1	1
HF	1460.8922666666667	53250.0	52800.00000000001	3.324399480733221	1460.8905	1460.8974	52968	57634	Pipistrellus pygmaeus	0.029	0.033	-1	Echolocation	192000	/home/adkris/Documents/mila-human-wav-txt/20220826_070000.WAV	2496	Waveform 1	1
HF	1460.9938	39750.0	40320.0	13.757438984707118	1460.9885	1460.9977	40078	50067	Pipistrellus nathusii	0.624	0.673	-1	Echolocation	192000	/home/adkris/Documents/mila-human-wav-txt/20220826_070000.WAV	2497	Waveform 1	1
HF	1461.1005666666667	42000.0	40320.0	4.526845664738736	1461.0935	1461.1056	39218	46508	Pipistrellus nathusii	0.335	0.349	-1	Echolocation	192000	/home/adkris/Documents/mila-human-wav-txt/20220826_070000.WAV	2498	Waveform 1	1
HF	1461.1306	46500.0	47040.0	1.6497930580214957	1461.1205	1461.1319	46953	49745	Pipistrellus pipistrellus	0.062	0.074	-1	Echolocation	192000	/home/adkris/Documents/mila-human-wav-txt/20220826_070000.WAV	2499	Waveform 1	1
HF	1461.1946333333333	39750.0	40320.0	9.415116257346032	1461.1855	1461.1967	39218	52311	Pipistrellus nathusii	0.458	0.529	-1	Echolocation	192000	/home/adkris/Documents/mila-human-wav-txt/20220826_070000.WAV	2500	Waveform 1	1
HF	1461.2852	48000.0	48960.0	8.65456978807367	1461.2835	1461.2893	49531	56418	Pipistrellus pipistrellus	0.024	0.04	-1	Echolocation	192000	/home/adkris/Documents/mila-human-wav-txt/20220826_070000.WAV	2501	Waveform 1	1
HF	1461.3799	45000.0	45120.0	12.739910024824272	1461.3715	1461.3811	40937	56072	Pipistrellus nathusii	0.579	0.647	-1	Echolocation	192000	/home/adkris/Documents/mila-human-wav-txt/20220826_070000.WAV	2502	Waveform 1	1
HF	1461.4788666666666	39750.0	40320.0	3.7737777821060465	1461.4755	1461.4843	38359	44099	Pipistrellus nathusii	0.285	0.304	-1	Echolocation	192000	/home/adkris/Documents/mila-human-wav-txt/20220826_070000.WAV	2503	Waveform 1	1
LF	1461.684533333333	26250.0	25920.0	5.168150091592429	1461.6635	1461.6873	24609	28299	Nyctalus leisleri	0.211	0.304	-1	Echolocation	192000	/home/adkris/Documents/mila-human-wav-txt/20220826_070000.WAV	2504	Waveform 1	1
HF	1461.7200333333333	43500.0	40320.0	4.591088516321289	1461.7185	1461.7303	40078	45709	Pipistrellus nathusii	0.172	0.187	-1	Echolocation	192000	/home/adkris/Documents/mila-human-wav-txt/20220826_070000.WAV	2505	Waveform 1	1
LF	1461.8527666666666	24750.0	25920.0	5.127811608369722	1461.8375	1461.8589	24609	28422	Nyctalus leisleri	0.141	0.21	-1	Echolocation	192000	/home/adkris/Documents/mila-human-wav-txt/20220826_070000.WAV	2506	Waveform 1	1
HF	1461.867433333333	43500.0	40320.0	16.930727585999627	1461.8665	1461.8754	39218	51452	Pipistrellus nathusii	0.664	0.681	-1	Echolocation	192000	/home/adkris/Documents/mila-human-wav-txt/20220826_070000.WAV	2507	Waveform 1	1
HF	1461.9850333333334	39750.0	41280.0	2.621334061246696	1461.9775	1461.9903	38359	43698	Pipistrellus nathusii	0.347	0.356	-1	Echolocation	192000	/home/adkris/Documents/mila-human-wav-txt/20220826_070000.WAV	2508	Waveform 1	1
HF	1462.0370666666668	41250.0	43200.0	5.183497414104215	1462.0325	1462.0471	40937	46186	Pipistrellus nathusii	0.247	0.261	-1	Echolocation	192000	/home/adkris/Documents/mila-human-wav-txt/20220826_070000.WAV	2509	Waveform 1	1
LF	1462.1577	23250.0	24000.0	1.6983931172162623	1462.1435	1462.1648	22031	25435	Nyctalus leisleri	0.035	0.074	-1	Echolocation	192000	/home/adkris/Documents/mila-human-wav-txt/20220826_070000.WAV	2510	Waveform 1	1
HF	1462.1668333333334	43500.0	41280.0	11.328203572935994	1462.1665	1462.176	40078	49105	Pipistrellus nathusii	0.591	0.616	-1	Echolocation	192000	/home/adkris/Documents/mila-human-wav-txt/20220826_070000.WAV	2511	Waveform 1	1
HF	1462.2689333333333	39000.0	39360.0	12.03387977753997	1462.2615	1462.2709	39218	50382	Pipistrellus nathusii	0.587	0.624	-1	Echolocation	192000	/home/adkris/Documents/mila-human-wav-txt/20220826_070000.WAV	2512	Waveform 1	1
HF	1462.3519	51000.0	48960.0	2.75601427791488	1462.3505	1462.3566	50390	55812	Pipistrellus pipistrellus	0.021	0.029	-1	Echolocation	192000	/home/adkris/Documents/mila-human-wav-txt/20220826_070000.WAV	2513	Waveform 1	1
HF	1462.6382	44250.0	41280.0	7.746782390792276	1462.6345	1462.6453	39218	50005	Pipistrellus nathusii	0.498	0.525	-1	Echolocation	192000	/home/adkris/Documents/mila-human-wav-txt/20220826_070000.WAV	2514	Waveform 1	1
HF	1462.7069666666666	41250.0	41280.0	3.813995391449466	1462.6985	1462.7127	40937	44530	Pipistrellus nathusii	0.091	0.098	-1	Echolocation	192000	/home/adkris/Documents/mila-human-wav-txt/20220826_070000.WAV	2515	Waveform 1	1
LF	1462.9086	26250.0	24960.0	4.30225247494358	1462.8915	1462.9099	24609	29316	Nyctalus leisleri	0.052	0.123	-1	Echolocation	192000	/home/adkris/Documents/mila-human-wav-txt/20220826_070000.WAV	2516	Waveform 1	1
HF	1463.1418666666666	42750.0	40320.0	5.193711648537944	1463.1395	1463.1493	39218	48053	Pipistrellus nathusii	0.591	0.633	-1	Echolocation	192000	/home/adkris/Documents/mila-human-wav-txt/20220826_070000.WAV	2517	Waveform 1	1
LF	1463.2016666666666	24750.0	25920.0	4.036237019143995	1463.1825	1463.2035	24609	28060	Nyctalus leisleri	0.099	0.162	-1	Echolocation	192000	/home/adkris/Documents/mila-human-wav-txt/20220826_070000.WAV	2518	Waveform 1	1
HF	1463.3349	42000.0	40320.0	10.808128363695465	1463.3295	1463.3386	39218	50436	Pipistrellus nathusii	0.618	0.644	-1	Echolocation	192000	/home/adkris/Documents/mila-human-wav-txt/20220826_070000.WAV	2519	Waveform 1	1
HF	1463.5862666666667	42750.0	43200.0	3.61132850541993	1463.5845	1463.5914	29765	44925	Myotis daubentonii	0.011	0.027	-1	Echolocation	192000	/home/adkris/Documents/mila-human-wav-txt/20220826_070000.WAV	2520	Waveform 1	1
HF	1463.9364666666668	39750.0	39360.0	4.831820645446114	1463.9285	1463.9397	39218	46073	Pipistrellus nathusii	0.587	0.623	-1	Echolocation	192000	/home/adkris/Documents/mila-human-wav-txt/20220826_070000.WAV	2521	Waveform 1	1
HF	1463.944433333333	48750.0	48960.0	4.678766430237918	1463.9415	1463.9484	47812	54381	Pipistrellus pipistrellus	0.29	0.35	-1	Echolocation	192000	/home/adkris/Documents/mila-human-wav-txt/20220826_070000.WAV	2522	Waveform 1	1
HF	1464.0243666666668	47250.0	47040.0	2.4150244960594622	1464.0215	1464.0273	33203	81680	Myotis mystacinus	0.028	0.056	-1	Echolocation	192000	/home/adkris/Documents/mila-human-wav-txt/20220826_070000.WAV	2523	Waveform 1	1
HF	1464.2343	48750.0	48960.0	10.68175687653314	1464.2295	1464.2357	46953	58838	Pipistrellus pipistrellus	0.517	0.596	-1	Echolocation	192000	/home/adkris/Documents/mila-human-wav-txt/20220826_070000.WAV	2524	Waveform 1	1
LF	1464.364366666667	24000.0	24960.0	5.292140611602068	1464.3505	1464.3733	24609	27689	Nyctalus leisleri	0.081	0.156	-1	Echolocation	192000	/home/adkris/Documents/mila-human-wav-txt/20220826_070000.WAV	2525	Waveform 1	1
HF	1464.3576333333333	48750.0	49920.0	4.7322436600362705	1464.3545	1464.3612	47812	55635	Pipistrellus pipistrellus	0.39	0.409	-1	Echolocation	192000	/home/adkris/Documents/mila-human-wav-txt/20220826_070000.WAV	2526	Waveform 1	1
HF	1464.4305	48750.0	48960.0	6.242128296201328	1464.4265	1464.4335	46953	57581	Pipistrellus pipistrellus	0.367	0.394	-1	Echolocation	192000	/home/adkris/Documents/mila-human-wav-txt/20220826_070000.WAV	2527	Waveform 1	1
HF	1464.6137	48750.0	48000.0	11.601781264121	1464.6085	1464.6178	46093	63487	Pipistrellus pipistrellus	0.491	0.653	-1	Echolocation	192000	/home/adkris/Documents/mila-human-wav-txt/20220826_070000.WAV	2528	Waveform 1	1
HF	1464.7033666666666	55500.0	54719.99999999999	8.50983733494072	1464.6995	1464.7043	53828	64963	Pipistrellus pipistrellus	0.038	0.059	-1	Echolocation	192000	/home/adkris/Documents/mila-human-wav-txt/20220826_070000.WAV	2529	Waveform 1	1
LF	1464.7556333333334	24000.0	24000.0	4.614504679852671	1464.7365	1464.7587	23750	28218	Nyctalus leisleri	0.054	0.132	-1	Echolocation	192000	/home/adkris/Documents/mila-human-wav-txt/20220826_070000.WAV	2530	Waveform 1	1
HF	1464.7798333333333	57000.0	55679.99999999999	10.72032648894401	1464.7755	1464.781	55546	63683	Pipistrellus pygmaeus	0.03	0.038	-1	Echolocation	192000	/home/adkris/Documents/mila-human-wav-txt/20220826_070000.WAV	2531	Waveform 1	1
HF	1464.9584333333332	48000.0	48960.0	16.366361021705032	1464.9545	1464.9604	45234	58782	Pipistrellus pipistrellus	0.473	0.57	-1	Echolocation	192000	/home/adkris/Documents/mila-human-wav-txt/20220826_070000.WAV	2532	Waveform 1	1
HF	1465.0468	49500.0	48960.0	17.349270625161747	1465.0425	1465.0527	46093	65997	Pipistrellus pipistrellus	0.42	0.612	-1	Echolocation	192000	/home/adkris/Documents/mila-human-wav-txt/20220826_070000.WAV	2533	Waveform 1	1
HF	1465.216233333333	70500.0	73920.0	0.9046459018608196	1465.1815	1465.2196	68437	82409	Rhinolophus ferrumequinum	0.023	0.023	-1	Echolocation	192000	/home/adkris/Documents/mila-human-wav-txt/20220826_070000.WAV	2534	Waveform 1	1
HF	1465.3065	56250.0	56640.0	17.439351148351378	1465.3025	1465.3095	56406	68407	Pipistrellus pygmaeus	0.037	0.044	-1	Echolocation	192000	/home/adkris/Documents/mila-human-wav-txt/20220826_070000.WAV	2535	Waveform 1	1
HF	1465.3722333333333	72750.0	69120.0	-0.9117510372178856	1465.3345	1465.3731	68437	82149	Rhinolophus ferrumequinum	0.024	0.024	-1	Echolocation	192000	/home/adkris/Documents/mila-human-wav-txt/20220826_070000.WAV	2536	Waveform 1	1
HF	1465.4523333333334	72000.0	72000.0	1.5656869523771042	1465.4395	1465.482	68437	83232	Rhinolophus ferrumequinum	0.039	0.039	-1	Echolocation	192000	/home/adkris/Documents/mila-human-wav-txt/20220826_070000.WAV	2537	Waveform 1	1
LF	1465.4865666666667	24750.0	24960.0	3.7122297008204934	1465.4675	1465.4921	23750	28413	Nyctalus noctula	0.025	0.063	-1	Echolocation	192000	/home/adkris/Documents/mila-human-wav-txt/20220826_070000.WAV	2538	Waveform 1	1
HF	1465.5244666666667	56250.0	55679.99999999999	18.165804549408037	1465.5205	1465.5252	54687	67956	Pipistrellus pipistrellus	0.036	0.065	-1	Echolocation	192000	/home/adkris/Documents/mila-human-wav-txt/20220826_070000.WAV	2539	Waveform 1	1
HF	1465.5815666666667	60000.0	59520.0	14.23159092417663	1465.5785	1465.5841	56406	66938	Pipistrellus pygmaeus	0.057	0.092	-1	Echolocation	192000	/home/adkris/Documents/mila-human-wav-txt/20220826_070000.WAV	2540	Waveform 1	1
HF	1465.641933333333	49500.0	52800.00000000001	15.200323036368212	1465.6385	1465.6449	43515	72693	Pipistrellus pipistrellus	0.197	0.429	-1	Echolocation	192000	/home/adkris/Documents/mila-human-wav-txt/20220826_070000.WAV	2541	Waveform 1	1
HF	1465.7124	49500.0	52800.00000000001	10.89560391546078	1465.7095	1465.7176	47812	65845	Pipistrellus pipistrellus	0.433	0.51	-1	Echolocation	192000	/home/adkris/Documents/mila-human-wav-txt/20220826_070000.WAV	2542	Waveform 1	1
HF	1465.7729333333334	58500.0	57600.0	15.98996957862452	1465.7695	1465.7759	54687	67131	Pipistrellus pipistrellus	0.044	0.078	-1	Echolocation	192000	/home/adkris/Documents/mila-human-wav-txt/20220826_070000.WAV	2543	Waveform 1	1
HF	1465.8219666666666	54750.0	53760.00000000001	10.051792967545929	1465.8195	1465.8257	46093	67112	Pipistrellus pipistrellus	0.288	0.471	-1	Echolocation	192000	/home/adkris/Documents/mila-human-wav-txt/20220826_070000.WAV	2544	Waveform 1	1
HF	1465.8692	66000.0	70080.0	0.7897889542893098	1465.8645	1465.9023	68437	80899	Rhinolophus ferrumequinum	0.024	0.024	-1	Echolocation	192000	/home/adkris/Documents/mila-human-wav-txt/20220826_070000.WAV	2545	Waveform 1	1
HF	1465.9110333333333	67500.0	70080.0	-0.6211436661235482	1465.9015	1465.9403	68437	81809	Rhinolophus ferrumequinum	0.027	0.027	-1	Echolocation	192000	/home/adkris/Documents/mila-human-wav-txt/20220826_070000.WAV	2546	Waveform 1	1
HF	1465.9525333333331	53250.0	53760.00000000001	11.702394057242325	1465.9495	1465.9563	47812	63437	Pipistrellus pipistrellus	0.437	0.537	-1	Echolocation	192000	/home/adkris/Documents/mila-human-wav-txt/20220826_070000.WAV	2547	Waveform 1	1
HF	1466.0023333333334	54000.0	52800.00000000001	-4.302250135863696	1466.0015	1466.007	38359	58108	Myotis brandtii	0.011	0.036	-1	Echolocation	192000	/home/adkris/Documents/mila-human-wav-txt/20220826_070000.WAV	2548	Waveform 1	1
HF	1466.0472666666667	54750.0	52800.00000000001	21.16532991429361	1466.0445	1466.0504	45234	74228	Pipistrellus pipistrellus	0.371	0.552	-1	Echolocation	192000	/home/adkris/Documents/mila-human-wav-txt/20220826_070000.WAV	2549	Waveform 1	1
HF	1466.0882333333334	42000.0	43200.0	3.557418402770676	1466.0855	1466.0926	40937	47822	Pipistrellus nathusii	0.228	0.42	-1	Echolocation	192000	/home/adkris/Documents/mila-human-wav-txt/20220826_070000.WAV	2550	Waveform 1	1
HF	1466.1394666666667	54000.0	53760.00000000001	20.803632443751813	1466.1365	1466.1422	51250	69946	Pipistrellus pipistrellus	0.161	0.203	-1	Echolocation	192000	/home/adkris/Documents/mila-human-wav-txt/20220826_070000.WAV	2551	Waveform 1	1
LF	1466.1977333333334	24000.0	24960.0	4.575024115924965	1466.1865	1466.2061	23750	27981	Nyctalus leisleri	0.143	0.265	-1	Echolocation	192000	/home/adkris/Documents/mila-human-wav-txt/20220826_070000.WAV	2552	Waveform 1	1
HF	1466.1946666666668	53250.0	53760.00000000001	11.147746258793328	1466.1915	1466.197	32343	83231	Myotis mystacinus	0.018	0.046	-1	Echolocation	192000	/home/adkris/Documents/mila-human-wav-txt/20220826_070000.WAV	2553	Waveform 1	1
HF	1466.2638333333334	79500.0	72000.0	1.504083332973425	1466.2315	1466.265	68437	80779	Rhinolophus ferrumequinum	0.023	0.023	-1	Echolocation	192000	/home/adkris/Documents/mila-human-wav-txt/20220826_070000.WAV	2554	Waveform 1	1
HF	1466.3119	53250.0	52800.00000000001	13.330541006487822	1466.3095	1466.3146	46953	61570	Pipistrellus pipistrellus	0.488	0.516	-1	Echolocation	192000	/home/adkris/Documents/mila-human-wav-txt/20220826_070000.WAV	2555	Waveform 1	1
HF	1466.3489	46500.0	46080.0	7.075222254763808	1466.3465	1466.3516	40078	62661	Myotis alcathoe	0.098	0.286	-1	Echolocation	192000	/home/adkris/Documents/mila-human-wav-txt/20220826_070000.WAV	2556	Waveform 1	1
HF	1466.4144666666666	57750.0	57600.0	5.254512366581396	1466.4095	1466.4167	57265	62885	Pipistrellus pygmaeus	0.03	0.033	-1	Echolocation	192000	/home/adkris/Documents/mila-human-wav-txt/20220826_070000.WAV	2557	Waveform 1	1
HF	1466.4779	81000.0	80640.0	1.7296230415570577	1466.4505	1466.4901	68437	82148	Rhinolophus ferrumequinum	0.024	0.024	-1	Echolocation	192000	/home/adkris/Documents/mila-human-wav-txt/20220826_070000.WAV	2558	Waveform 1	1
HF	1466.5296666666666	48000.0	48000.0	12.675951036987248	1466.5265	1466.532	46953	58531	Pipistrellus pipistrellus	0.515	0.555	-1	Echolocation	192000	/home/adkris/Documents/mila-human-wav-txt/20220826_070000.WAV	2559	Waveform 1	1
HF	1466.59	51750.0	52800.00000000001	15.734536171741157	1466.5875	1466.5925	46953	63098	Pipistrellus pipistrellus	0.591	0.648	-1	Echolocation	192000	/home/adkris/Documents/mila-human-wav-txt/20220826_070000.WAV	2560	Waveform 1	1
HF	1466.6698666666666	54750.0	53760.00000000001	13.509926938829125	1466.6625	1466.6743	55546	61972	Pipistrellus pygmaeus	0.033	0.034	-1	Echolocation	192000	/home/adkris/Documents/mila-human-wav-txt/20220826_070000.WAV	2561	Waveform 1	1
HF	1466.7499333333333	55500.0	55679.99999999999	4.429071860907596	1466.7445	1466.7559	55546	61532	Pipistrellus pygmaeus	0.024	0.026	-1	Echolocation	192000	/home/adkris/Documents/mila-human-wav-txt/20220826_070000.WAV	2562	Waveform 1	1
HF	1466.9409666666666	48750.0	48960.0	7.685104231457441	1466.9385	1466.9447	47812	54254	Pipistrellus pipistrellus	0.479	0.496	-1	Echolocation	192000	/home/adkris/Documents/mila-human-wav-txt/20220826_070000.WAV	2563	Waveform 1	1
HF	1467.0158666666666	48750.0	48960.0	2.1624660460118683	1467.0135	1467.0198	47812	55505	Pipistrellus pipistrellus	0.387	0.396	-1	Echolocation	192000	/home/adkris/Documents/mila-human-wav-txt/20220826_070000.WAV	2564	Waveform 1	1
HF	1467.1396666666667	49500.0	48960.0	10.92139884537646	1467.1365	1467.142	47812	59815	Pipistrellus pipistrellus	0.61	0.652	-1	Echolocation	192000	/home/adkris/Documents/mila-human-wav-txt/20220826_070000.WAV	2565	Waveform 1	1
HF	1467.3732666666667	51000.0	48960.0	2.3254282141833023	1467.3705	1467.3764	48671	57418	Pipistrellus pipistrellus	0.272	0.279	-1	Echolocation	192000	/home/adkris/Documents/mila-human-wav-txt/20220826_070000.WAV	2566	Waveform 1	1
HF	1467.7289666666666	47250.0	47040.0	1.8496503698348663	1467.7255	1467.7342	46953	53875	Pipistrellus pipistrellus	0.217	0.225	-1	Echolocation	192000	/home/adkris/Documents/mila-human-wav-txt/20220826_070000.WAV	2567	Waveform 1	1
HF	1467.7823	48000.0	47040.0	0.1912008290130415	1467.7805	1467.7862	34062	71568	Myotis mystacinus	0.012	0.031	-1	Echolocation	192000	/home/adkris/Documents/mila-human-wav-txt/20220826_070000.WAV	2568	Waveform 1	1
LF	1467.8624666666667	24750.0	25920.0	3.857464489533038	1467.8555	1467.8712	24609	28634	Nyctalus leisleri	0.04	0.082	-1	Echolocation	192000	/home/adkris/Documents/mila-human-wav-txt/20220826_070000.WAV	2569	Waveform 1	1
HF	1467.9021666666667	47250.0	46080.0	3.034085297612934	1467.8995	1467.9055	45234	56259	Pipistrellus pipistrellus	0.336	0.353	-1	Echolocation	192000	/home/adkris/Documents/mila-human-wav-txt/20220826_070000.WAV	2570	Waveform 1	1
HF	1467.9603	49500.0	48000.0	10.558599739677632	1467.9575	1467.9622	46953	57201	Pipistrellus pipistrellus	0.464	0.477	-1	Echolocation	192000	/home/adkris/Documents/mila-human-wav-txt/20220826_070000.WAV	2571	Waveform 1	1
LF	1468.6742333333334	24000.0	24000.0	1.2698820920096618	1468.6635	1468.6801	23750	26733	Nyctalus leisleri	0.016	0.026	-1	Echolocation	192000	/home/adkris/Documents/mila-human-wav-txt/20220826_070000.WAV	2572	Waveform 1	1
HF	1468.732166666667	45750.0	46080.0	2.745445836092404	1468.7275	1468.735	45234	52357	Pipistrellus pipistrellus	0.278	0.295	-1	Echolocation	192000	/home/adkris/Documents/mila-human-wav-txt/20220826_070000.WAV	2573	Waveform 1	1
HF	1469.9405333333334	48750.0	48960.0	9.493884384239731	1469.9375	1469.9443	46953	54602	Pipistrellus pipistrellus	0.548	0.571	-1	Echolocation	192000	/home/adkris/Documents/mila-human-wav-txt/20220826_070000.WAV	2574	Waveform 1	1
HF	1470.2323333333334	48750.0	48960.0	3.567657718012696	1470.2295	1470.2365	46953	51587	Pipistrellus pipistrellus	0.263	0.277	-1	Echolocation	192000	/home/adkris/Documents/mila-human-wav-txt/20220826_070000.WAV	2575	Waveform 1	1
HF	1470.5328333333334	47250.0	48000.0	6.360036138586535	1470.5295	1470.536	46953	53505	Pipistrellus pipistrellus	0.501	0.537	-1	Echolocation	192000	/home/adkris/Documents/mila-human-wav-txt/20220826_070000.WAV	2576	Waveform 1	1
HF	1476.447233333333	48000.0	48000.0	3.3260966340996494	1476.4425	1476.4511	47812	55811	Pipistrellus pipistrellus	0.25	0.271	-1	Echolocation	192000	/home/adkris/Documents/mila-human-wav-txt/20220826_070000.WAV	2577	Waveform 1	1
HF	1476.640133333333	48000.0	48000.0	6.171214584897228	1476.6365	1476.6427	46953	56989	Pipistrellus pipistrellus	0.547	0.623	-1	Echolocation	192000	/home/adkris/Documents/mila-human-wav-txt/20220826_070000.WAV	2578	Waveform 1	1
HF	1476.8809	47250.0	47040.0	1.8296656018083832	1476.8775	1476.8851	45234	53204	Pipistrellus pipistrellus	0.157	0.163	-1	Echolocation	192000	/home/adkris/Documents/mila-human-wav-txt/20220826_070000.WAV	2579	Waveform 1	1
HF	1479.3830333333333	42000.0	42240.0	2.799347243212667	1479.3785	1479.3873	40937	46721	Pipistrellus nathusii	0.4	0.506	-1	Echolocation	192000	/home/adkris/Documents/mila-human-wav-txt/20220826_070000.WAV	2580	Waveform 1	1
HF	1479.4940666666666	42000.0	42240.0	1.835143347973211	1479.4905	1479.4991	40937	46357	Pipistrellus nathusii	0.341	0.379	-1	Echolocation	192000	/home/adkris/Documents/mila-human-wav-txt/20220826_070000.WAV	2581	Waveform 1	1
HF	1479.5987666666667	45000.0	39360.0	0.8428521980894099	1479.5955	1479.6044	39218	46007	Myotis daubentonii	0.006	0.024	-1	Echolocation	192000	/home/adkris/Documents/mila-human-wav-txt/20220826_070000.WAV	2582	Waveform 1	1
HF	1479.703533333333	42750.0	44160.0	3.307628575055584	1479.6965	1479.7063	41796	47890	Pipistrellus nathusii	0.403	0.45	-1	Echolocation	192000	/home/adkris/Documents/mila-human-wav-txt/20220826_070000.WAV	2583	Waveform 1	1
HF	1479.9038666666668	44250.0	43200.0	5.445054437689415	1479.9025	1479.9133	40078	49234	Pipistrellus nathusii	0.432	0.531	-1	Echolocation	192000	/home/adkris/Documents/mila-human-wav-txt/20220826_070000.WAV	2584	Waveform 1	1
HF	1480.0490333333332	40500.0	40320.0	4.964641367916244	1480.0465	1480.0538	40078	46867	Pipistrellus nathusii	0.482	0.502	-1	Echolocation	192000	/home/adkris/Documents/mila-human-wav-txt/20220826_070000.WAV	2585	Waveform 1	1
HF	1480.1378	40500.0	40320.0	4.447652756651557	1480.1335	1480.1437	40078	45301	Pipistrellus nathusii	0.454	0.488	-1	Echolocation	192000	/home/adkris/Documents/mila-human-wav-txt/20220826_070000.WAV	2586	Waveform 1	1
HF	1480.2210666666667	40500.0	41280.0	5.963004192241713	1480.2165	1480.2241	40078	51183	Pipistrellus nathusii	0.643	0.676	-1	Echolocation	192000	/home/adkris/Documents/mila-human-wav-txt/20220826_070000.WAV	2587	Waveform 1	1
HF	1480.320966666667	40500.0	41280.0	3.9404202622478888	1480.3175	1480.3262	40078	46391	Pipistrellus nathusii	0.435	0.478	-1	Echolocation	192000	/home/adkris/Documents/mila-human-wav-txt/20220826_070000.WAV	2588	Waveform 1	1
HF	1480.6294666666668	42750.0	41280.0	6.515997300355751	1480.6255	1480.6337	40078	49288	Pipistrellus nathusii	0.601	0.622	-1	Echolocation	192000	/home/adkris/Documents/mila-human-wav-txt/20220826_070000.WAV	2589	Waveform 1	1
HF	1480.7332666666666	39750.0	39360.0	2.1951361038436854	1480.7245	1480.7349	39218	45084	Pipistrellus nathusii	0.466	0.479	-1	Echolocation	192000	/home/adkris/Documents/mila-human-wav-txt/20220826_070000.WAV	2590	Waveform 1	1
HF	1480.801866666667	39750.0	39360.0	4.306095765665247	1480.7955	1480.8048	39218	45446	Pipistrellus nathusii	0.317	0.349	-1	Echolocation	192000	/home/adkris/Documents/mila-human-wav-txt/20220826_070000.WAV	2591	Waveform 1	1
HF	1480.8823	44250.0	45120.0	4.479506617401066	1480.8805	1480.8862	40937	48637	Pipistrellus nathusii	0.438	0.474	-1	Echolocation	192000	/home/adkris/Documents/mila-human-wav-txt/20220826_070000.WAV	2592	Waveform 1	1
HF	1481.546	45750.0	45120.0	4.68077018896426	1481.5425	1481.55	40937	49992	Pipistrellus nathusii	0.481	0.511	-1	Echolocation	192000	/home/adkris/Documents/mila-human-wav-txt/20220826_070000.WAV	2593	Waveform 1	1
HF	1481.5628	48750.0	48960.0	6.980190313491478	1481.5605	1481.5657	32343	79344	Myotis mystacinus	0.03	0.077	-1	Echolocation	192000	/home/adkris/Documents/mila-human-wav-txt/20220826_070000.WAV	2594	Waveform 1	1
HF	1481.6168333333333	46500.0	48960.0	8.93993259325001	1481.6125	1481.618	28906	56259	Myotis daubentonii	0.015	0.028	-1	Echolocation	192000	/home/adkris/Documents/mila-human-wav-txt/20220826_070000.WAV	2595	Waveform 1	1
HF	1481.6731333333332	52500.0	48960.0	8.943385835040287	1481.6715	1481.6762	46093	59095	Pipistrellus pipistrellus	0.396	0.49	-1	Echolocation	192000	/home/adkris/Documents/mila-human-wav-txt/20220826_070000.WAV	2596	Waveform 1	1
HF	1481.7221333333334	40500.0	40320.0	2.05746886051262	1481.7175	1481.7262	39218	46305	Pipistrellus nathusii	0.23	0.287	-1	Echolocation	192000	/home/adkris/Documents/mila-human-wav-txt/20220826_070000.WAV	2597	Waveform 1	1
HF	1481.7816333333333	47250.0	47040.0	11.574707996610911	1481.7775	1481.7832	44375	63993	Pipistrellus pipistrellus	0.342	0.577	-1	Echolocation	192000	/home/adkris/Documents/mila-human-wav-txt/20220826_070000.WAV	2598	Waveform 1	1
HF	1481.8479	50250.0	46080.0	4.390440547825507	1481.8455	1481.8506	45234	60482	Pipistrellus pipistrellus	0.201	0.408	-1	Echolocation	192000	/home/adkris/Documents/mila-human-wav-txt/20220826_070000.WAV	2599	Waveform 1	1
HF	1481.891933333333	45750.0	43200.0	3.5506612247323344	1481.8855	1481.8924	31484	62882	Myotis brandtii	0.011	0.037	-1	Echolocation	192000	/home/adkris/Documents/mila-human-wav-txt/20220826_070000.WAV	2600	Waveform 1	1
HF	1481.9732666666666	56250.0	54719.99999999999	1.4511788544461273	1481.9685	1481.9759	54687	60716	Pipistrellus pygmaeus	0.041	0.042	-1	Echolocation	192000	/home/adkris/Documents/mila-human-wav-txt/20220826_070000.WAV	2601	Waveform 1	1
HF	1481.9896666666666	41250.0	40320.0	9.713514303428132	1481.9875	1481.9975	39218	50351	Pipistrellus nathusii	0.593	0.633	-1	Echolocation	192000	/home/adkris/Documents/mila-human-wav-txt/20220826_070000.WAV	2602	Waveform 1	1
HF	1482.0223666666666	51000.0	50880.0	8.488441176279194	1482.0195	1482.0253	46953	60601	Pipistrellus pipistrellus	0.418	0.47	-1	Echolocation	192000	/home/adkris/Documents/mila-human-wav-txt/20220826_070000.WAV	2603	Waveform 1	1
HF	1482.0752333333332	56250.0	56640.0	8.704865872446558	1482.0695	1482.0771	56406	62252	Pipistrellus pygmaeus	0.071	0.078	-1	Echolocation	192000	/home/adkris/Documents/mila-human-wav-txt/20220826_070000.WAV	2604	Waveform 1	1
HF	1482.2636	49500.0	48960.0	7.271773192565155	1482.2595	1482.2664	46093	61130	Pipistrellus pipistrellus	0.391	0.457	-1	Echolocation	192000	/home/adkris/Documents/mila-human-wav-txt/20220826_070000.WAV	2605	Waveform 1	1
HF	1482.2748666666666	39000.0	39360.0	3.888535655145111	1482.2695	1482.2798	38359	43517	Pipistrellus nathusii	0.23	0.334	-1	Echolocation	192000	/home/adkris/Documents/mila-human-wav-txt/20220826_070000.WAV	2606	Waveform 1	1
HF	1482.4464	48000.0	48000.0	8.852398207540856	1482.4425	1482.4496	47812	56054	Pipistrellus pipistrellus	0.518	0.562	-1	Echolocation	192000	/home/adkris/Documents/mila-human-wav-txt/20220826_070000.WAV	2607	Waveform 1	1
HF	1482.598	40500.0	42240.0	2.2856906655955216	1482.5935	1482.6035	39218	45060	Pipistrellus nathusii	0.352	0.437	-1	Echolocation	192000	/home/adkris/Documents/mila-human-wav-txt/20220826_070000.WAV	2608	Waveform 1	1
HF	1482.6238666666666	50250.0	48960.0	10.068075690897093	1482.6215	1482.6278	47812	59978	Pipistrellus pipistrellus	0.611	0.687	-1	Echolocation	192000	/home/adkris/Documents/mila-human-wav-txt/20220826_070000.WAV	2609	Waveform 1	1
HF	1482.9015	43500.0	43200.0	5.749951161782361	1482.8985	1482.9065	39218	46547	Pipistrellus nathusii	0.459	0.532	-1	Echolocation	192000	/home/adkris/Documents/mila-human-wav-txt/20220826_070000.WAV	2610	Waveform 1	1
HF	1483.0201333333334	49500.0	49920.0	6.989529025373752	1483.0175	1483.0247	48671	56890	Pipistrellus pipistrellus	0.604	0.663	-1	Echolocation	192000	/home/adkris/Documents/mila-human-wav-txt/20220826_070000.WAV	2611	Waveform 1	1
HF	1484.2457	42750.0	41280.0	3.427274719461153	1484.2435	1484.2523	38359	46152	Pipistrellus nathusii	0.503	0.538	-1	Echolocation	192000	/home/adkris/Documents/mila-human-wav-txt/20220826_070000.WAV	2612	Waveform 1	1
HF	1488.8446	45750.0	43200.0	4.731853537105288	1488.8405	1488.8509	41796	47906	Pipistrellus nathusii	0.03	0.054	-1	Echolocation	192000	/home/adkris/Documents/mila-human-wav-txt/20220826_070000.WAV	2613	Waveform 1	1
HF	1490.3246666666666	45750.0	45120.0	6.074879570287594	1490.3145	1490.327	40078	48125	Pipistrellus nathusii	0.32	0.333	-1	Echolocation	192000	/home/adkris/Documents/mila-human-wav-txt/20220826_070000.WAV	2614	Waveform 1	1
HF	1490.4223	41250.0	44160.0	3.337254153744537	1490.4125	1490.4242	40078	46899	Pipistrellus nathusii	0.063	0.077	-1	Echolocation	192000	/home/adkris/Documents/mila-human-wav-txt/20220826_070000.WAV	2615	Waveform 1	1
HF	1490.6072333333334	44250.0	43200.0	5.030900686807488	1490.6055	1490.6171	39218	47569	Pipistrellus nathusii	0.098	0.116	-1	Echolocation	192000	/home/adkris/Documents/mila-human-wav-txt/20220826_070000.WAV	2616	Waveform 1	1
HF	1490.7133333333334	39750.0	45120.0	6.759864686228503	1490.7025	1490.7155	40078	48865	Pipistrellus nathusii	0.337	0.355	-1	Echolocation	192000	/home/adkris/Documents/mila-human-wav-txt/20220826_070000.WAV	2617	Waveform 1	1
HF	1490.8190333333334	39750.0	45120.0	0.0436938504693672	1490.8145	1490.8233	40078	46225	Pipistrellus nathusii	0.022	0.037	-1	Echolocation	192000	/home/adkris/Documents/mila-human-wav-txt/20220826_070000.WAV	2618	Waveform 1	1
HF	1490.9077666666667	41250.0	44160.0	6.4710114269967995	1490.9045	1490.9134	39218	51540	Pipistrellus nathusii	0.12	0.179	-1	Echolocation	192000	/home/adkris/Documents/mila-human-wav-txt/20220826_070000.WAV	2619	Waveform 1	1
HF	1491.1194	43500.0	45120.0	6.454846779616114	1491.1125	1491.1236	40078	50397	Pipistrellus nathusii	0.277	0.319	-1	Echolocation	192000	/home/adkris/Documents/mila-human-wav-txt/20220826_070000.WAV	2620	Waveform 1	1
HF	1491.3139	45750.0	41280.0	6.362180514293218	1491.3085	1491.3141	30625	58336	Myotis brandtii	0.015	0.03	-1	Echolocation	192000	/home/adkris/Documents/mila-human-wav-txt/20220826_070000.WAV	2621	Waveform 1	1
HF	1491.4092	41250.0	43200.0	7.717714107232033	1491.4015	1491.4118	40937	50051	Pipistrellus nathusii	0.268	0.314	-1	Echolocation	192000	/home/adkris/Documents/mila-human-wav-txt/20220826_070000.WAV	2622	Waveform 1	1
HF	1491.5161	42000.0	41280.0	11.122346948585207	1491.5075	1491.5169	40078	57368	Pipistrellus nathusii	0.354	0.427	-1	Echolocation	192000	/home/adkris/Documents/mila-human-wav-txt/20220826_070000.WAV	2623	Waveform 1	1
HF	1491.613466666667	44250.0	41280.0	7.094222816431948	1491.6075	1491.6172	38359	49653	Pipistrellus nathusii	0.214	0.293	-1	Echolocation	192000	/home/adkris/Documents/mila-human-wav-txt/20220826_070000.WAV	2624	Waveform 1	1
HF	1491.7660666666666	45000.0	45120.0	13.3347156520313	1491.7595	1491.7686	40937	55826	Pipistrellus nathusii	0.486	0.517	-1	Echolocation	192000	/home/adkris/Documents/mila-human-wav-txt/20220826_070000.WAV	2625	Waveform 1	1
HF	1491.852033333333	40500.0	41280.0	11.201595398219988	1491.8445	1491.8538	39218	48677	Pipistrellus nathusii	0.263	0.343	-1	Echolocation	192000	/home/adkris/Documents/mila-human-wav-txt/20220826_070000.WAV	2626	Waveform 1	1
HF	1491.9547333333333	46500.0	46080.0	18.639785742793983	1491.9505	1491.9596	40078	59756	Pipistrellus nathusii	0.5	0.597	-1	Echolocation	192000	/home/adkris/Documents/mila-human-wav-txt/20220826_070000.WAV	2627	Waveform 1	1
HF	1492.0780666666667	40500.0	40320.0	12.736042278077582	1492.0675	1492.0796	39218	50973	Pipistrellus nathusii	0.506	0.534	-1	Echolocation	192000	/home/adkris/Documents/mila-human-wav-txt/20220826_070000.WAV	2628	Waveform 1	1
HF	1492.177233333333	42000.0	41280.0	22.71133830348672	1492.1735	1492.1831	39218	59212	Pipistrellus nathusii	0.635	0.677	-1	Echolocation	192000	/home/adkris/Documents/mila-human-wav-txt/20220826_070000.WAV	2629	Waveform 1	1
HF	1492.2918666666667	40500.0	40320.0	15.947351369914449	1492.2825	1492.2958	38359	53941	Pipistrellus nathusii	0.419	0.446	-1	Echolocation	192000	/home/adkris/Documents/mila-human-wav-txt/20220826_070000.WAV	2630	Waveform 1	1
HF	1492.3827333333334	48000.0	48960.0	13.6006120100124	1492.3785	1492.3841	48671	59807	Pipistrellus pipistrellus	0.035	0.066	-1	Echolocation	192000	/home/adkris/Documents/mila-human-wav-txt/20220826_070000.WAV	2631	Waveform 1	1
HF	1492.5055333333332	39750.0	39360.0	7.876953207538526	1492.4945	1492.5073	38359	49453	Pipistrellus nathusii	0.489	0.535	-1	Echolocation	192000	/home/adkris/Documents/mila-human-wav-txt/20220826_070000.WAV	2632	Waveform 1	1
LF	1492.7158	42000.0	41280.0	11.708966444353578	1492.7095	1492.7177	30625	43538	Myotis bechsteinii	0.005	0.024	-1	Echolocation	192000	/home/adkris/Documents/mila-human-wav-txt/20220826_070000.WAV	2633	Waveform 1	1
HF	1492.9230333333333	45750.0	41280.0	24.729858467121957	1492.9135	1492.9243	38359	59878	Pipistrellus nathusii	0.419	0.491	-1	Echolocation	192000	/home/adkris/Documents/mila-human-wav-txt/20220826_070000.WAV	2634	Waveform 1	1
LF	1493.028	42000.0	41280.0	15.728432068822167	1493.0235	1493.03	27187	41585	Myotis nattereri	0.005	0.024	-1	Echolocation	192000	/home/adkris/Documents/mila-human-wav-txt/20220826_070000.WAV	2635	Waveform 1	1
HF	1493.2346	52500.0	51840.0	20.13105772231292	1493.2295	1493.2354	51250	59203	Pipistrellus pipistrellus	0.019	0.033	-1	Echolocation	192000	/home/adkris/Documents/mila-human-wav-txt/20220826_070000.WAV	2636	Waveform 1	1
HF	1493.5683666666666	48000.0	43200.0	21.04001097901749	1493.5625	1493.5688	31484	53643	Myotis brandtii	0.008	0.025	-1	Echolocation	192000	/home/adkris/Documents/mila-human-wav-txt/20220826_070000.WAV	2637	Waveform 1	1
HF	1493.9112666666667	45000.0	40320.0	12.043222124547878	1493.9045	1493.9169	38359	49362	Pipistrellus nathusii	0.477	0.541	-1	Echolocation	192000	/home/adkris/Documents/mila-human-wav-txt/20220826_070000.WAV	2638	Waveform 1	1
HF	1494.0167	46500.0	48960.0	8.219354272418904	1494.0125	1494.0193	42656	59638	Pipistrellus pipistrellus	0.328	0.514	-1	Echolocation	192000	/home/adkris/Documents/mila-human-wav-txt/20220826_070000.WAV	2639	Waveform 1	1
HF	1494.1093666666666	49500.0	45120.0	17.475114941755624	1494.1065	1494.1123	29765	53715	Myotis daubentonii	0.009	0.029	-1	Echolocation	192000	/home/adkris/Documents/mila-human-wav-txt/20220826_070000.WAV	2640	Waveform 1	1
HF	1494.2421333333334	39750.0	39360.0	9.302897537639778	1494.2335	1494.2452	38359	47002	Pipistrellus nathusii	0.412	0.473	-1	Echolocation	192000	/home/adkris/Documents/mila-human-wav-txt/20220826_070000.WAV	2641	Waveform 1	1
HF	1494.3660333333332	43500.0	43200.0	19.37918197917925	1494.3595	1494.3698	38359	52828	Pipistrellus nathusii	0.388	0.458	-1	Echolocation	192000	/home/adkris/Documents/mila-human-wav-txt/20220826_070000.WAV	2642	Waveform 1	1
HF	1494.464433333333	43500.0	41280.0	13.16820508257577	1494.4565	1494.4654	40078	51252	Pipistrellus nathusii	0.454	0.543	-1	Echolocation	192000	/home/adkris/Documents/mila-human-wav-txt/20220826_070000.WAV	2643	Waveform 1	1
HF	1494.5171	53250.0	52800.00000000001	5.230258260478653	1494.5135	1494.5244	46953	63575	Pipistrellus pipistrellus	0.262	0.384	-1	Echolocation	192000	/home/adkris/Documents/mila-human-wav-txt/20220826_070000.WAV	2644	Waveform 1	1
HF	1494.5592333333334	40500.0	41280.0	10.604082314166607	1494.5515	1494.5606	38359	46640	Pipistrellus nathusii	0.462	0.508	-1	Echolocation	192000	/home/adkris/Documents/mila-human-wav-txt/20220826_070000.WAV	2645	Waveform 1	1
HF	1494.5860333333333	59250.0	55679.99999999999	6.124068552340733	1494.5835	1494.5908	56406	65367	Pipistrellus pygmaeus	0.058	0.062	-1	Echolocation	192000	/home/adkris/Documents/mila-human-wav-txt/20220826_070000.WAV	2646	Waveform 1	1
HF	1494.6498666666666	59250.0	59520.0	6.614619702470406	1494.6465	1494.6518	56406	63815	Pipistrellus pygmaeus	0.143	0.147	-1	Echolocation	192000	/home/adkris/Documents/mila-human-wav-txt/20220826_070000.WAV	2647	Waveform 1	1
HF	1494.6529333333333	49500.0	48960.0	12.682089387859657	1494.6495	1494.6559	47812	60976	Pipistrellus pipistrellus	0.315	0.382	-1	Echolocation	192000	/home/adkris/Documents/mila-human-wav-txt/20220826_070000.WAV	2648	Waveform 1	1
HF	1494.7147666666667	56250.0	58560.0	5.428774613577991	1494.7115	1494.7169	56406	66716	Pipistrellus pygmaeus	0.096	0.102	-1	Echolocation	192000	/home/adkris/Documents/mila-human-wav-txt/20220826_070000.WAV	2649	Waveform 1	1
HF	1494.7753	39750.0	39360.0	3.982567718846336	1494.7705	1494.7767	29765	48505	Myotis daubentonii	0.019	0.035	-1	Echolocation	192000	/home/adkris/Documents/mila-human-wav-txt/20220826_070000.WAV	2650	Waveform 1	1
HF	1494.7871	59250.0	58560.0	7.722336614224584	1494.7835	1494.7909	58125	65690	Pipistrellus pygmaeus	0.036	0.038	-1	Echolocation	192000	/home/adkris/Documents/mila-human-wav-txt/20220826_070000.WAV	2651	Waveform 1	1
HF	1494.8585	51750.0	51840.0	13.00047129734086	1494.8565	1494.862	47812	61166	Pipistrellus pipistrellus	0.623	0.71	-1	Echolocation	192000	/home/adkris/Documents/mila-human-wav-txt/20220826_070000.WAV	2652	Waveform 1	1
HF	1494.8921333333333	42750.0	39360.0	15.250747239600402	1494.8915	1494.9007	38359	46624	Pipistrellus nathusii	0.602	0.641	-1	Echolocation	192000	/home/adkris/Documents/mila-human-wav-txt/20220826_070000.WAV	2653	Waveform 1	1
HF	1494.9165	49500.0	48960.0	12.007740654813524	1494.9125	1494.9195	47812	61168	Pipistrellus pipistrellus	0.528	0.643	-1	Echolocation	192000	/home/adkris/Documents/mila-human-wav-txt/20220826_070000.WAV	2654	Waveform 1	1
HF	1494.9758333333334	51000.0	48000.0	4.523670179704778	1494.9735	1494.981	46953	58665	Pipistrellus pipistrellus	0.462	0.605	-1	Echolocation	192000	/home/adkris/Documents/mila-human-wav-txt/20220826_070000.WAV	2655	Waveform 1	1
HF	1495.0059666666666	39000.0	38400.0	4.814446815546501	1495.0025	1495.0112	38359	44272	Pipistrellus nathusii	0.359	0.407	-1	Echolocation	192000	/home/adkris/Documents/mila-human-wav-txt/20220826_070000.WAV	2656	Waveform 1	1
HF	1495.0352	50250.0	49920.0	8.005090463735527	1495.0315	1495.0388	46953	63716	Pipistrellus pipistrellus	0.443	0.577	-1	Echolocation	192000	/home/adkris/Documents/mila-human-wav-txt/20220826_070000.WAV	2657	Waveform 1	1
HF	1495.1763666666666	44250.0	41280.0	15.312540284143932	1495.1705	1495.1803	39218	52311	Pipistrellus nathusii	0.371	0.469	-1	Echolocation	192000	/home/adkris/Documents/mila-human-wav-txt/20220826_070000.WAV	2658	Waveform 1	1
HF	1495.2837	39000.0	40320.0	2.5370397299770397	1495.2795	1495.2863	29765	48184	Myotis daubentonii	0.014	0.032	-1	Echolocation	192000	/home/adkris/Documents/mila-human-wav-txt/20220826_070000.WAV	2659	Waveform 1	1
HF	1495.3908	41250.0	40320.0	3.543795706108797	1495.3855	1495.3947	39218	43614	Pipistrellus nathusii	0.248	0.274	-1	Echolocation	192000	/home/adkris/Documents/mila-human-wav-txt/20220826_070000.WAV	2660	Waveform 1	1
HF	1495.4235	49500.0	48960.0	7.948760572111308	1495.4195	1495.4265	46093	60661	Pipistrellus pipistrellus	0.481	0.586	-1	Echolocation	192000	/home/adkris/Documents/mila-human-wav-txt/20220826_070000.WAV	2661	Waveform 1	1
HF	1495.4859	43500.0	43200.0	5.66943156497305	1495.4825	1495.4901	40078	48030	Pipistrellus nathusii	0.379	0.407	-1	Echolocation	192000	/home/adkris/Documents/mila-human-wav-txt/20220826_070000.WAV	2662	Waveform 1	1
HF	1495.5779	41250.0	40320.0	12.814618214196225	1495.5755	1495.5841	39218	52106	Pipistrellus nathusii	0.553	0.588	-1	Echolocation	192000	/home/adkris/Documents/mila-human-wav-txt/20220826_070000.WAV	2663	Waveform 1	1
HF	1495.776933333333	56250.0	57600.0	3.589606289397333	1495.7715	1495.7794	58125	64416	Pipistrellus pygmaeus	0.027	0.028	-1	Echolocation	192000	/home/adkris/Documents/mila-human-wav-txt/20220826_070000.WAV	2664	Waveform 1	1
HF	1495.865366666667	48750.0	48960.0	4.497775568151975	1495.8625	1495.8683	46953	54606	Pipistrellus pipistrellus	0.389	0.445	-1	Echolocation	192000	/home/adkris/Documents/mila-human-wav-txt/20220826_070000.WAV	2665	Waveform 1	1
HF	1495.9054333333331	39750.0	40320.0	12.47157282893943	1495.9015	1495.9109	39218	47125	Pipistrellus nathusii	0.446	0.577	-1	Echolocation	192000	/home/adkris/Documents/mila-human-wav-txt/20220826_070000.WAV	2666	Waveform 1	1
HF	1495.967	46500.0	46080.0	3.044910418346311	1495.9625	1495.969	45234	57966	Pipistrellus pipistrellus	0.374	0.431	-1	Echolocation	192000	/home/adkris/Documents/mila-human-wav-txt/20220826_070000.WAV	2667	Waveform 1	1
HF	1496.0595	48750.0	48960.0	9.882804639383098	1496.0555	1496.0625	46953	55466	Pipistrellus pipistrellus	0.397	0.547	-1	Echolocation	192000	/home/adkris/Documents/mila-human-wav-txt/20220826_070000.WAV	2668	Waveform 1	1
HF	1496.148866666667	48750.0	46080.0	0.7715403694109972	1496.1455	1496.1543	45234	51544	Pipistrellus pipistrellus	0.192	0.209	-1	Echolocation	192000	/home/adkris/Documents/mila-human-wav-txt/20220826_070000.WAV	2669	Waveform 1	1
HF	1496.2358666666669	39750.0	41280.0	8.864687291270108	1496.2325	1496.2413	39218	50377	Pipistrellus nathusii	0.335	0.484	-1	Echolocation	192000	/home/adkris/Documents/mila-human-wav-txt/20220826_070000.WAV	2670	Waveform 1	1
HF	1496.5239	41250.0	40320.0	7.98644082374257	1496.5185	1496.5276	39218	49427	Pipistrellus nathusii	0.373	0.506	-1	Echolocation	192000	/home/adkris/Documents/mila-human-wav-txt/20220826_070000.WAV	2671	Waveform 1	1
HF	1496.8213666666666	39750.0	39360.0	5.579901301146394	1496.8155	1496.8253	38359	44862	Pipistrellus nathusii	0.456	0.549	-1	Echolocation	192000	/home/adkris/Documents/mila-human-wav-txt/20220826_070000.WAV	2672	Waveform 1	1
HF	1496.9162666666666	48000.0	48000.0	4.370216289394407	1496.9115	1496.9189	46953	55710	Pipistrellus pipistrellus	0.394	0.507	-1	Echolocation	192000	/home/adkris/Documents/mila-human-wav-txt/20220826_070000.WAV	2673	Waveform 1	1
HF	1497.119233333333	39750.0	40320.0	6.2420428950396465	1497.1145	1497.1231	38359	42983	Pipistrellus nathusii	0.387	0.418	-1	Echolocation	192000	/home/adkris/Documents/mila-human-wav-txt/20220826_070000.WAV	2674	Waveform 1	1
HF	1497.3884333333333	41250.0	39360.0	2.293035215249434	1497.3825	1497.3934	38359	43266	Pipistrellus nathusii	0.321	0.364	-1	Echolocation	192000	/home/adkris/Documents/mila-human-wav-txt/20220826_070000.WAV	2675	Waveform 1	1
HF	1497.7453333333333	39750.0	39360.0	1.5895735004336051	1497.7395	1497.7505	38359	43123	Pipistrellus nathusii	0.247	0.282	-1	Echolocation	192000	/home/adkris/Documents/mila-human-wav-txt/20220826_070000.WAV	2676	Waveform 1	1
HF	1497.8397666666667	39750.0	39360.0	1.4648134875839494	1497.8345	1497.8449	38359	43065	Pipistrellus nathusii	0.064	0.089	-1	Echolocation	192000	/home/adkris/Documents/mila-human-wav-txt/20220826_070000.WAV	2677	Waveform 1	1
HF	1497.9383666666668	39750.0	39360.0	2.7903829282738135	1497.9355	1497.9448	38359	42922	Pipistrellus nathusii	0.377	0.407	-1	Echolocation	192000	/home/adkris/Documents/mila-human-wav-txt/20220826_070000.WAV	2678	Waveform 1	1
LF	1498.0269	30750.0	30720.0	0.8147250955727935	1498.0255	1498.0316	29765	44902	Myotis daubentonii	0.01	0.032	-1	Echolocation	192000	/home/adkris/Documents/mila-human-wav-txt/20220826_070000.WAV	2679	Waveform 1	1
HF	1498.1368666666667	40500.0	40320.0	2.750882148562523	1498.1335	1498.1423	38359	45184	Pipistrellus nathusii	0.44	0.478	-1	Echolocation	192000	/home/adkris/Documents/mila-human-wav-txt/20220826_070000.WAV	2680	Waveform 1	1
HF	1498.2372333333333	41250.0	40320.0	6.417538560823934	1498.2335	1498.2431	39218	49273	Pipistrellus nathusii	0.575	0.663	-1	Echolocation	192000	/home/adkris/Documents/mila-human-wav-txt/20220826_070000.WAV	2681	Waveform 1	1
HF	1498.3131666666666	47250.0	48000.0	1.8456929101521904	1498.3095	1498.318	45234	48970	Pipistrellus pipistrellus	0.096	0.152	-1	Echolocation	192000	/home/adkris/Documents/mila-human-wav-txt/20220826_070000.WAV	2682	Waveform 1	1
HF	1498.3358333333333	42000.0	40320.0	4.7575240164225825	1498.3335	1498.341	40078	46307	Pipistrellus nathusii	0.488	0.511	-1	Echolocation	192000	/home/adkris/Documents/mila-human-wav-txt/20220826_070000.WAV	2683	Waveform 1	1
HF	1498.4266333333333	40500.0	40320.0	1.0022974429957796	1498.4235	1498.4337	39218	45166	Pipistrellus nathusii	0.386	0.402	-1	Echolocation	192000	/home/adkris/Documents/mila-human-wav-txt/20220826_070000.WAV	2684	Waveform 1	1
HF	1498.5154666666667	41250.0	41280.0	7.046100553055283	1498.5115	1498.5197	40078	50910	Pipistrellus nathusii	0.571	0.631	-1	Echolocation	192000	/home/adkris/Documents/mila-human-wav-txt/20220826_070000.WAV	2685	Waveform 1	1
HF	1498.6043666666667	41250.0	40320.0	7.643587213798764	1498.6005	1498.6088	39218	48924	Pipistrellus nathusii	0.51	0.565	-1	Echolocation	192000	/home/adkris/Documents/mila-human-wav-txt/20220826_070000.WAV	2686	Waveform 1	1
HF	1498.7025	40500.0	40320.0	3.165512179592738	1498.6985	1498.709	40078	44618	Pipistrellus nathusii	0.182	0.204	-1	Echolocation	192000	/home/adkris/Documents/mila-human-wav-txt/20220826_070000.WAV	2687	Waveform 1	1
HF	1498.7955333333334	43500.0	40320.0	6.491849589546327	1498.7905	1498.7988	40078	52202	Pipistrellus nathusii	0.528	0.59	-1	Echolocation	192000	/home/adkris/Documents/mila-human-wav-txt/20220826_070000.WAV	2688	Waveform 1	1
HF	1498.8895666666667	42000.0	44160.0	2.268400558398969	1498.8855	1498.8936	40937	47065	Pipistrellus nathusii	0.123	0.181	-1	Echolocation	192000	/home/adkris/Documents/mila-human-wav-txt/20220826_070000.WAV	2689	Waveform 1	1
HF	1499.0657	43500.0	43200.0	5.850394398449704	1499.0615	1499.0683	40937	48118	Pipistrellus nathusii	0.328	0.443	-1	Echolocation	192000	/home/adkris/Documents/mila-human-wav-txt/20220826_070000.WAV	2690	Waveform 1	1
HF	1499.1712666666667	41250.0	40320.0	5.017577183569827	1499.1675	1499.1759	39218	50229	Pipistrellus nathusii	0.378	0.483	-1	Echolocation	192000	/home/adkris/Documents/mila-human-wav-txt/20220826_070000.WAV	2691	Waveform 1	1
HF	1499.2652666666668	43500.0	43200.0	5.3012130493881084	1499.2635	1499.2704	41796	49608	Pipistrellus nathusii	0.398	0.444	-1	Echolocation	192000	/home/adkris/Documents/mila-human-wav-txt/20220826_070000.WAV	2692	Waveform 1	1
HF	1499.3706	45000.0	45120.0	10.15306970423433	1499.3685	1499.3739	40937	51641	Pipistrellus nathusii	0.265	0.285	-1	Echolocation	192000	/home/adkris/Documents/mila-human-wav-txt/20220826_070000.WAV	2693	Waveform 1	1
HF	1499.4663666666668	45750.0	43200.0	5.087367346736958	1499.4615	1499.4688	40937	50114	Pipistrellus nathusii	0.148	0.264	-1	Echolocation	192000	/home/adkris/Documents/mila-human-wav-txt/20220826_070000.WAV	2694	Waveform 1	1
HF	1499.6631	45750.0	45120.0	4.210122824822758	1499.6585	1499.6649	39218	48017	Myotis daubentonii	0.042	0.118	-1	Echolocation	192000	/home/adkris/Documents/mila-human-wav-txt/20220826_070000.WAV	2695	Waveform 1	1
HF	1499.7435333333333	43500.0	43200.0	6.6053602743663955	1499.7395	1499.7488	40937	53552	Pipistrellus nathusii	0.396	0.462	-1	Echolocation	192000	/home/adkris/Documents/mila-human-wav-txt/20220826_070000.WAV	2696	Waveform 1	1
HF	1499.8689	45750.0	45120.0	6.893435377283389	1499.8655	1499.8731	38359	47809	Pipistrellus nathusii	0.27	0.356	-1	Echolocation	192000	/home/adkris/Documents/mila-human-wav-txt/20220826_070000.WAV	2697	Waveform 1	1
HF	1499.9617	45750.0	45120.0	12.796388468041194	1499.9585	1499.9663	39218	50401	Pipistrellus nathusii	0.487	0.545	-1	Echolocation	192000	/home/adkris/Documents/mila-human-wav-txt/20220826_070000.WAV	2698	Waveform 1	1
HF	1500.0694666666666	45000.0	45120.0	6.691996664971606	1500.0655	1500.0737	38359	50282	Pipistrellus nathusii	0.206	0.275	-1	Echolocation	192000	/home/adkris/Documents/mila-human-wav-txt/20220826_070000.WAV	2699	Waveform 1	1
HF	1500.1752	46500.0	46080.0	9.211375876135843	1500.1705	1500.1768	48671	55080	Pipistrellus pipistrellus	0.013	0.025	-1	Echolocation	192000	/home/adkris/Documents/mila-human-wav-txt/20220826_070000.WAV	2700	Waveform 1	1
HF	1500.29	46500.0	46080.0	6.663563002397397	1500.2845	1500.29	29765	64306	Myotis daubentonii	0.03	0.06	-1	Echolocation	192000	/home/adkris/Documents/mila-human-wav-txt/20220826_070000.WAV	2701	Waveform 1	1
HF	1500.5247333333334	39750.0	39360.0	12.703212836013169	1500.5205	1500.5296	38359	57139	Pipistrellus nathusii	0.485	0.59	-1	Echolocation	192000	/home/adkris/Documents/mila-human-wav-txt/20220826_070000.WAV	2702	Waveform 1	1
HF	1500.6119666666666	46500.0	46080.0	4.634426467811809	1500.6095	1500.6157	46953	53193	Pipistrellus pipistrellus	0.016	0.028	-1	Echolocation	192000	/home/adkris/Documents/mila-human-wav-txt/20220826_070000.WAV	2703	Waveform 1	1
HF	1500.7024666666666	39750.0	41280.0	12.33048228188858	1500.6995	1500.7087	37500	52814	Pipistrellus nathusii	0.55	0.588	-1	Echolocation	192000	/home/adkris/Documents/mila-human-wav-txt/20220826_070000.WAV	2704	Waveform 1	1
HF	1500.8637333333334	41250.0	40320.0	18.46017732059724	1500.8605	1500.8706	37500	56414	Pipistrellus nathusii	0.527	0.571	-1	Echolocation	192000	/home/adkris/Documents/mila-human-wav-txt/20220826_070000.WAV	2705	Waveform 1	1
LF	1500.9564666666668	46500.0	44160.0	9.290335041310454	1500.9505	1500.9567	26328	42979	Myotis nattereri	0.006	0.022	-1	Echolocation	192000	/home/adkris/Documents/mila-human-wav-txt/20220826_070000.WAV	2706	Waveform 1	1
HF	1501.0584	45000.0	41280.0	10.84553806452002	1501.0535	1501.0596	29765	49014	Myotis bechsteinii	0.005	0.023	-1	Echolocation	192000	/home/adkris/Documents/mila-human-wav-txt/20220826_070000.WAV	2707	Waveform 1	1
HF	1501.3439	45000.0	47040.0	13.369769764906849	1501.3395	1501.3461	46953	55830	Pipistrellus pipistrellus	0.012	0.026	-1	Echolocation	192000	/home/adkris/Documents/mila-human-wav-txt/20220826_070000.WAV	2708	Waveform 1	1
HF	1501.4554666666668	41250.0	41280.0	26.119126153789463	1501.4495	1501.4592	38359	57173	Pipistrellus nathusii	0.558	0.626	-1	Echolocation	192000	/home/adkris/Documents/mila-human-wav-txt/20220826_070000.WAV	2709	Waveform 1	1
HF	1501.57	41250.0	40320.0	13.499813861699488	1501.5645	1501.5735	38359	52869	Pipistrellus nathusii	0.543	0.597	-1	Echolocation	192000	/home/adkris/Documents/mila-human-wav-txt/20220826_070000.WAV	2710	Waveform 1	1
HF	1501.8903333333333	39750.0	40320.0	18.803830230002724	1501.8865	1501.896	39218	54601	Pipistrellus nathusii	0.611	0.657	-1	Echolocation	192000	/home/adkris/Documents/mila-human-wav-txt/20220826_070000.WAV	2711	Waveform 1	1
HF	1502.2951	39750.0	40320.0	18.43981035081929	1502.2905	1502.3004	37500	53135	Pipistrellus nathusii	0.552	0.606	-1	Echolocation	192000	/home/adkris/Documents/mila-human-wav-txt/20220826_070000.WAV	2712	Waveform 1	1
HF	1502.4246	48000.0	48000.0	13.547521508996576	1502.4195	1502.4254	49531	54439	Pipistrellus pipistrellus	0.035	0.057	-1	Echolocation	192000	/home/adkris/Documents/mila-human-wav-txt/20220826_070000.WAV	2713	Waveform 1	1
HF	1502.533766666667	45000.0	41280.0	13.383766640653816	1502.5315	1502.5379	28906	50972	Myotis daubentonii	0.011	0.022	-1	Echolocation	192000	/home/adkris/Documents/mila-human-wav-txt/20220826_070000.WAV	2714	Waveform 1	1
HF	1502.884633333333	42750.0	39360.0	15.157111401197795	1502.8805	1502.8897	38359	52999	Pipistrellus nathusii	0.459	0.547	-1	Echolocation	192000	/home/adkris/Documents/mila-human-wav-txt/20220826_070000.WAV	2715	Waveform 1	1
HF	1502.9959	41250.0	41280.0	13.891155079861544	1502.9905	1502.9996	39218	52531	Pipistrellus nathusii	0.577	0.624	-1	Echolocation	192000	/home/adkris/Documents/mila-human-wav-txt/20220826_070000.WAV	2716	Waveform 1	1
HF	1503.2457	45000.0	45120.0	11.535279295483589	1503.2435	1503.2523	40078	50842	Pipistrellus nathusii	0.347	0.419	-1	Echolocation	192000	/home/adkris/Documents/mila-human-wav-txt/20220826_070000.WAV	2717	Waveform 1	1
HF	1503.361666666667	44250.0	43200.0	11.180168772873127	1503.3575	1503.3655	40078	50461	Pipistrellus nathusii	0.294	0.352	-1	Echolocation	192000	/home/adkris/Documents/mila-human-wav-txt/20220826_070000.WAV	2718	Waveform 1	1
HF	1503.4315333333334	42000.0	42240.0	6.624130781413476	1503.4265	1503.4348	40078	50575	Pipistrellus nathusii	0.246	0.308	-1	Echolocation	192000	/home/adkris/Documents/mila-human-wav-txt/20220826_070000.WAV	2719	Waveform 1	1
HF	1503.5322666666666	41250.0	41280.0	2.7528022913617582	1503.5295	1503.5389	40078	45000	Pipistrellus nathusii	0.382	0.404	-1	Echolocation	192000	/home/adkris/Documents/mila-human-wav-txt/20220826_070000.WAV	2720	Waveform 1	1
HF	1503.6287	42750.0	40320.0	6.806457383246012	1503.6245	1503.6348	39218	49889	Pipistrellus nathusii	0.465	0.523	-1	Echolocation	192000	/home/adkris/Documents/mila-human-wav-txt/20220826_070000.WAV	2721	Waveform 1	1
HF	1503.704066666667	41250.0	41280.0	2.528804078874591	1503.7005	1503.7091	39218	45307	Pipistrellus nathusii	0.306	0.356	-1	Echolocation	192000	/home/adkris/Documents/mila-human-wav-txt/20220826_070000.WAV	2722	Waveform 1	1
HF	1503.8107666666667	47250.0	45120.0	6.166207137390725	1503.8085	1503.8184	40078	53628	Pipistrellus nathusii	0.465	0.533	-1	Echolocation	192000	/home/adkris/Documents/mila-human-wav-txt/20220826_070000.WAV	2723	Waveform 1	1
HF	1504.244	40500.0	40320.0	5.3057671420862205	1504.2385	1504.2475	38359	48013	Pipistrellus nathusii	0.25	0.373	-1	Echolocation	192000	/home/adkris/Documents/mila-human-wav-txt/20220826_070000.WAV	2724	Waveform 1	1
HF	1504.3433666666667	41250.0	40320.0	2.509569972556882	1504.3405	1504.3498	38359	43482	Pipistrellus nathusii	0.116	0.154	-1	Echolocation	192000	/home/adkris/Documents/mila-human-wav-txt/20220826_070000.WAV	2725	Waveform 1	1
HF	1505.0143	40500.0	39360.0	3.0118071678517797	1505.0105	1505.0177	37500	44517	Pipistrellus nathusii	0.17	0.319	-1	Echolocation	192000	/home/adkris/Documents/mila-human-wav-txt/20220826_070000.WAV	2726	Waveform 1	1
HF	1510.6045333333334	47250.0	48960.0	2.1430396754714707	1510.5995	1510.6078	46093	56581	Pipistrellus pipistrellus	0.265	0.288	-1	Echolocation	192000	/home/adkris/Documents/mila-human-wav-txt/20220826_070000.WAV	2727	Waveform 1	1
HF	1510.8876	53250.0	48000.0	3.5603390532764068	1510.8835	1510.8939	47812	57380	Pipistrellus pipistrellus	0.114	0.129	-1	Echolocation	192000	/home/adkris/Documents/mila-human-wav-txt/20220826_070000.WAV	2728	Waveform 1	1
HF	1511.0547	48750.0	48960.0	1.403719010007705	1511.0495	1511.0553	37500	63255	Myotis mystacinus	0.01	0.027	-1	Echolocation	192000	/home/adkris/Documents/mila-human-wav-txt/20220826_070000.WAV	2729	Waveform 1	1
HF	1511.2736333333332	49500.0	48000.0	7.0964207927826255	1511.2695	1511.2787	46953	57100	Pipistrellus pipistrellus	0.425	0.573	-1	Echolocation	192000	/home/adkris/Documents/mila-human-wav-txt/20220826_070000.WAV	2730	Waveform 1	1
HF	1511.4073	48750.0	48000.0	9.168258098213697	1511.4035	1511.4107	45234	59094	Pipistrellus pipistrellus	0.41	0.474	-1	Echolocation	192000	/home/adkris/Documents/mila-human-wav-txt/20220826_070000.WAV	2731	Waveform 1	1
HF	1511.5052666666666	48750.0	48960.0	6.121468472645879	1511.4995	1511.5094	47812	60639	Pipistrellus pipistrellus	0.385	0.464	-1	Echolocation	192000	/home/adkris/Documents/mila-human-wav-txt/20220826_070000.WAV	2732	Waveform 1	1
HF	1511.5860333333333	49500.0	48960.0	7.879521387645029	1511.5825	1511.5888	47812	56897	Pipistrellus pipistrellus	0.514	0.555	-1	Echolocation	192000	/home/adkris/Documents/mila-human-wav-txt/20220826_070000.WAV	2733	Waveform 1	1
HF	1511.6877333333334	54000.0	47040.0	9.63553993431633	1511.6855	1511.6931	45234	61272	Pipistrellus pipistrellus	0.441	0.593	-1	Echolocation	192000	/home/adkris/Documents/mila-human-wav-txt/20220826_070000.WAV	2734	Waveform 1	1
HF	1511.7861666666668	49500.0	48960.0	11.1898172425648	1511.7815	1511.789	46093	61646	Pipistrellus pipistrellus	0.517	0.656	-1	Echolocation	192000	/home/adkris/Documents/mila-human-wav-txt/20220826_070000.WAV	2735	Waveform 1	1
HF	1511.8822	47250.0	47040.0	14.17606186106766	1511.8745	1511.8848	46953	64846	Pipistrellus pipistrellus	0.279	0.526	-1	Echolocation	192000	/home/adkris/Documents/mila-human-wav-txt/20220826_070000.WAV	2736	Waveform 1	1
HF	1511.9768666666666	48000.0	47040.0	4.852657315352787	1511.9715	1511.9783	28906	47591	Myotis daubentonii	0.006	0.023	-1	Echolocation	192000	/home/adkris/Documents/mila-human-wav-txt/20220826_070000.WAV	2737	Waveform 1	1
HF	1512.1695666666667	54000.0	48960.0	14.222720447159096	1512.1665	1512.1756	46093	62260	Pipistrellus pipistrellus	0.448	0.632	-1	Echolocation	192000	/home/adkris/Documents/mila-human-wav-txt/20220826_070000.WAV	2738	Waveform 1	1
HF	1512.2574	48000.0	48000.0	11.92562469444347	1512.2535	1512.2606	46953	59555	Pipistrellus pipistrellus	0.526	0.636	-1	Echolocation	192000	/home/adkris/Documents/mila-human-wav-txt/20220826_070000.WAV	2739	Waveform 1	1
HF	1512.4414333333334	48750.0	48960.0	15.767754271195646	1512.4375	1512.4434	45234	64296	Pipistrellus pipistrellus	0.421	0.62	-1	Echolocation	192000	/home/adkris/Documents/mila-human-wav-txt/20220826_070000.WAV	2740	Waveform 1	1
HF	1512.5897333333332	49500.0	48960.0	10.312003211594508	1512.5855	1512.5946	47812	62774	Pipistrellus pipistrellus	0.405	0.565	-1	Echolocation	192000	/home/adkris/Documents/mila-human-wav-txt/20220826_070000.WAV	2741	Waveform 1	1
HF	1512.635633333333	46500.0	48960.0	3.4573285850018487	1512.6305	1512.6387	44375	59483	Pipistrellus pipistrellus	0.103	0.211	-1	Echolocation	192000	/home/adkris/Documents/mila-human-wav-txt/20220826_070000.WAV	2742	Waveform 1	1
HF	1512.6907333333334	49500.0	49920.0	3.2919822518709196	1512.6875	1512.6941	45234	57962	Pipistrellus pipistrellus	0.157	0.239	-1	Echolocation	192000	/home/adkris/Documents/mila-human-wav-txt/20220826_070000.WAV	2743	Waveform 1	1
HF	1512.7766333333334	49500.0	52800.00000000001	5.936398165522972	1512.7725	1512.7782	47812	58971	Pipistrellus pipistrellus	0.341	0.385	-1	Echolocation	192000	/home/adkris/Documents/mila-human-wav-txt/20220826_070000.WAV	2744	Waveform 1	1
HF	1513.1211666666666	49500.0	48960.0	16.021021102660534	1513.1165	1513.124	46953	60599	Pipistrellus pipistrellus	0.5	0.684	-1	Echolocation	192000	/home/adkris/Documents/mila-human-wav-txt/20220826_070000.WAV	2745	Waveform 1	1
HF	1513.2058333333334	48750.0	48000.0	1.2726918092977588	1513.2015	1513.207	34921	69052	Myotis mystacinus	0.013	0.038	-1	Echolocation	192000	/home/adkris/Documents/mila-human-wav-txt/20220826_070000.WAV	2746	Waveform 1	1
HF	1513.3006	48000.0	48000.0	6.847507731781162	1513.2965	1513.3034	46093	55757	Pipistrellus pipistrellus	0.474	0.568	-1	Echolocation	192000	/home/adkris/Documents/mila-human-wav-txt/20220826_070000.WAV	2747	Waveform 1	1
HF	1513.3833333333334	48000.0	48000.0	3.683582838038913	1513.3805	1513.3875	45234	51211	Pipistrellus pipistrellus	0.141	0.149	-1	Echolocation	192000	/home/adkris/Documents/mila-human-wav-txt/20220826_070000.WAV	2748	Waveform 1	1
HF	1513.5642	48750.0	48960.0	11.84889817211567	1513.5605	1513.5678	47812	58729	Pipistrellus pipistrellus	0.507	0.61	-1	Echolocation	192000	/home/adkris/Documents/mila-human-wav-txt/20220826_070000.WAV	2749	Waveform 1	1
HF	1520.5370666666668	53250.0	49920.0	4.8144435457881665	1520.5355	1520.5426	48671	55119	Pipistrellus pipistrellus	0.483	0.52	-1	Echolocation	192000	/home/adkris/Documents/mila-human-wav-txt/20220826_070000.WAV	2750	Waveform 1	1
HF	1520.6187666666667	48000.0	48960.0	4.193998097074584	1520.6155	1520.6244	47812	55886	Pipistrellus pipistrellus	0.233	0.241	-1	Echolocation	192000	/home/adkris/Documents/mila-human-wav-txt/20220826_070000.WAV	2751	Waveform 1	1
HF	1521.1315333333334	49500.0	49920.0	6.190606468210484	1521.1285	1521.1353	47812	54349	Pipistrellus pipistrellus	0.457	0.486	-1	Echolocation	192000	/home/adkris/Documents/mila-human-wav-txt/20220826_070000.WAV	2752	Waveform 1	1
HF	1521.4204	50250.0	49920.0	8.234992601635417	1521.4165	1521.4236	46953	63632	Pipistrellus pipistrellus	0.5	0.623	-1	Echolocation	192000	/home/adkris/Documents/mila-human-wav-txt/20220826_070000.WAV	2753	Waveform 1	1
HF	1521.4854666666668	49500.0	48960.0	11.725505116964303	1521.4825	1521.4882	46953	58282	Pipistrellus pipistrellus	0.539	0.602	-1	Echolocation	192000	/home/adkris/Documents/mila-human-wav-txt/20220826_070000.WAV	2754	Waveform 1	1
HF	1521.5456666666666	48750.0	48960.0	10.982848078197042	1521.5425	1521.548	33203	71601	Myotis brandtii	0.008	0.026	-1	Echolocation	192000	/home/adkris/Documents/mila-human-wav-txt/20220826_070000.WAV	2755	Waveform 1	1
HF	1521.6817	52500.0	48960.0	6.164862509728925	1521.6795	1521.6848	48671	58323	Pipistrellus pipistrellus	0.407	0.416	-1	Echolocation	192000	/home/adkris/Documents/mila-human-wav-txt/20220826_070000.WAV	2756	Waveform 1	1
HF	1521.7433666666666	51750.0	52800.00000000001	6.624745595637497	1521.7405	1521.7463	47812	62919	Pipistrellus pipistrellus	0.399	0.455	-1	Echolocation	192000	/home/adkris/Documents/mila-human-wav-txt/20220826_070000.WAV	2757	Waveform 1	1
HF	1521.8201	48750.0	48000.0	15.858336959171671	1521.8145	1521.8234	47812	64841	Pipistrellus pipistrellus	0.443	0.644	-1	Echolocation	192000	/home/adkris/Documents/mila-human-wav-txt/20220826_070000.WAV	2758	Waveform 1	1
HF	1521.8813333333333	54000.0	52800.00000000001	13.517220895468308	1521.8775	1521.887	47812	66638	Pipistrellus pipistrellus	0.41	0.629	-1	Echolocation	192000	/home/adkris/Documents/mila-human-wav-txt/20220826_070000.WAV	2759	Waveform 1	1
HF	1521.9601	49500.0	52800.00000000001	19.78249752191591	1521.9545	1521.9634	46953	65788	Pipistrellus pipistrellus	0.5	0.659	-1	Echolocation	192000	/home/adkris/Documents/mila-human-wav-txt/20220826_070000.WAV	2760	Waveform 1	1
HF	1522.0424	49500.0	47040.0	20.183802761246618	1522.0385	1522.0456	42656	68157	Pipistrellus pipistrellus	0.29	0.586	-1	Echolocation	192000	/home/adkris/Documents/mila-human-wav-txt/20220826_070000.WAV	2761	Waveform 1	1
HF	1522.0960333333333	49500.0	49920.0	8.122867639035569	1522.0925	1522.0988	46093	61085	Pipistrellus pipistrellus	0.328	0.388	-1	Echolocation	192000	/home/adkris/Documents/mila-human-wav-txt/20220826_070000.WAV	2762	Waveform 1	1
HF	1522.148233333333	48750.0	48960.0	4.471977448276794	1522.1445	1522.1506	47812	59927	Pipistrellus pipistrellus	0.444	0.48	-1	Echolocation	192000	/home/adkris/Documents/mila-human-wav-txt/20220826_070000.WAV	2763	Waveform 1	1
HF	1522.2011	54750.0	48960.0	3.062849774271278	1522.1995	1522.2054	48671	57649	Pipistrellus pipistrellus	0.304	0.313	-1	Echolocation	192000	/home/adkris/Documents/mila-human-wav-txt/20220826_070000.WAV	2764	Waveform 1	1
HF	1522.3193	55500.0	55679.99999999999	3.4419624777474267	1522.3175	1522.3232	46093	59963	Pipistrellus pipistrellus	0.244	0.314	-1	Echolocation	192000	/home/adkris/Documents/mila-human-wav-txt/20220826_070000.WAV	2765	Waveform 1	1
HF	1522.5911333333331	46500.0	46080.0	1.5639820086186855	1522.5865	1522.5952	45234	57622	Pipistrellus pipistrellus	0.14	0.162	-1	Echolocation	192000	/home/adkris/Documents/mila-human-wav-txt/20220826_070000.WAV	2766	Waveform 1	1
HF	1522.8477	48750.0	48960.0	3.465299101512183	1522.8435	1522.8503	46953	54754	Pipistrellus pipistrellus	0.438	0.471	-1	Echolocation	192000	/home/adkris/Documents/mila-human-wav-txt/20220826_070000.WAV	2767	Waveform 1	1
HF	1522.9277	46500.0	37440.0	1.3095976656836592	1522.9235	1522.9303	28906	46632	Myotis daubentonii	0.006	0.023	-1	Echolocation	192000	/home/adkris/Documents/mila-human-wav-txt/20220826_070000.WAV	2768	Waveform 1	1
HF	1523.0176	48000.0	48000.0	4.488885134012548	1523.0135	1523.0204	45234	57886	Pipistrellus pipistrellus	0.272	0.34	-1	Echolocation	192000	/home/adkris/Documents/mila-human-wav-txt/20220826_070000.WAV	2769	Waveform 1	1
HF	1523.1076	46500.0	47040.0	1.6669648690694965	1523.1045	1523.1124	46093	50788	Pipistrellus pipistrellus	0.145	0.149	-1	Echolocation	192000	/home/adkris/Documents/mila-human-wav-txt/20220826_070000.WAV	2770	Waveform 1	1
HF	1523.2042666666666	47250.0	47040.0	5.93189644097857	1523.1985	1523.2084	46093	60526	Pipistrellus pipistrellus	0.385	0.56	-1	Echolocation	192000	/home/adkris/Documents/mila-human-wav-txt/20220826_070000.WAV	2771	Waveform 1	1
HF	1523.494333333333	48000.0	48960.0	1.9050753342338824	1523.4885	1523.496	47812	61007	Pipistrellus pipistrellus	0.389	0.422	-1	Echolocation	192000	/home/adkris/Documents/mila-human-wav-txt/20220826_070000.WAV	2772	Waveform 1	1
HF	1523.7825666666668	47250.0	46080.0	6.463863031935379	1523.7785	1523.7866	45234	52736	Pipistrellus pipistrellus	0.499	0.58	-1	Echolocation	192000	/home/adkris/Documents/mila-human-wav-txt/20220826_070000.WAV	2773	Waveform 1	1
HF	1531.1228333333331	50250.0	49920.0	2.933832002026234	1531.1195	1531.126	47812	60267	Pipistrellus pipistrellus	0.317	0.346	-1	Echolocation	192000	/home/adkris/Documents/mila-human-wav-txt/20220826_070000.WAV	2774	Waveform 1	1
HF	1531.1858	54000.0	53760.00000000001	7.8171694649368595	1531.1835	1531.1887	47812	61566	Pipistrellus pipistrellus	0.351	0.451	-1	Echolocation	192000	/home/adkris/Documents/mila-human-wav-txt/20220826_070000.WAV	2775	Waveform 1	1
HF	1531.2643666666668	48750.0	47040.0	5.295233725957015	1531.2595	1531.2668	46953	60140	Pipistrellus pipistrellus	0.394	0.417	-1	Echolocation	192000	/home/adkris/Documents/mila-human-wav-txt/20220826_070000.WAV	2776	Waveform 1	1
HF	1531.3605	50250.0	48960.0	10.282605496105448	1531.3565	1531.3635	47812	60433	Pipistrellus pipistrellus	0.454	0.53	-1	Echolocation	192000	/home/adkris/Documents/mila-human-wav-txt/20220826_070000.WAV	2777	Waveform 1	1
HF	1531.463533333333	49500.0	49920.0	2.992687822602872	1531.4595	1531.4653	47812	58263	Pipistrellus pipistrellus	0.189	0.201	-1	Echolocation	192000	/home/adkris/Documents/mila-human-wav-txt/20220826_070000.WAV	2778	Waveform 1	1
HF	1531.6237333333331	49500.0	48960.0	8.18819464038749	1531.6195	1531.6251	34921	63082	Myotis mystacinus	0.008	0.026	-1	Echolocation	192000	/home/adkris/Documents/mila-human-wav-txt/20220826_070000.WAV	2779	Waveform 1	1
HF	1531.7203333333334	47250.0	48960.0	3.158669345677331	1531.7175	1531.7245	47812	56000	Pipistrellus pipistrellus	0.068	0.073	-1	Echolocation	192000	/home/adkris/Documents/mila-human-wav-txt/20220826_070000.WAV	2780	Waveform 1	1
HF	1531.9489333333331	49500.0	48960.0	3.864525818987316	1531.9455	1531.9519	46953	55898	Pipistrellus pipistrellus	0.21	0.22	-1	Echolocation	192000	/home/adkris/Documents/mila-human-wav-txt/20220826_070000.WAV	2781	Waveform 1	1
HF	1540.2546666666667	47250.0	48000.0	4.96249707362187	1540.2505	1540.2585	46093	58522	Pipistrellus pipistrellus	0.252	0.298	-1	Echolocation	192000	/home/adkris/Documents/mila-human-wav-txt/20220826_070000.WAV	2782	Waveform 1	1
HF	1540.4605333333334	50250.0	48960.0	4.395063369657959	1540.4575	1540.4643	47812	57426	Pipistrellus pipistrellus	0.462	0.55	-1	Echolocation	192000	/home/adkris/Documents/mila-human-wav-txt/20220826_070000.WAV	2783	Waveform 1	1
HF	1540.5488666666668	48750.0	48960.0	12.161270423104138	1540.5455	1540.5508	46093	56453	Pipistrellus pipistrellus	0.553	0.59	-1	Echolocation	192000	/home/adkris/Documents/mila-human-wav-txt/20220826_070000.WAV	2784	Waveform 1	1
HF	1540.6393	47250.0	48000.0	5.854444905551882	1540.6355	1540.6427	46093	54632	Pipistrellus pipistrellus	0.275	0.306	-1	Echolocation	192000	/home/adkris/Documents/mila-human-wav-txt/20220826_070000.WAV	2785	Waveform 1	1
HF	1540.7027	49500.0	48960.0	6.383200392640955	1540.6985	1540.7053	46093	61746	Pipistrellus pipistrellus	0.246	0.317	-1	Echolocation	192000	/home/adkris/Documents/mila-human-wav-txt/20220826_070000.WAV	2786	Waveform 1	1
HF	1540.752433333333	46500.0	46080.0	3.656027192705525	1540.7505	1540.7549	42656	61565	Myotis nattereri	0.027	0.073	-1	Echolocation	192000	/home/adkris/Documents/mila-human-wav-txt/20220826_070000.WAV	2787	Waveform 1	1
HF	1540.8130333333334	49500.0	48960.0	5.365854640100003	1540.8095	1540.8158	48671	58335	Pipistrellus pipistrellus	0.242	0.284	-1	Echolocation	192000	/home/adkris/Documents/mila-human-wav-txt/20220826_070000.WAV	2788	Waveform 1	1
HF	1551.5620333333334	48000.0	48000.0	5.364134326619014	1551.5575	1551.5663	46093	54107	Pipistrellus pipistrellus	0.258	0.307	-1	Echolocation	192000	/home/adkris/Documents/mila-human-wav-txt/20220826_070000.WAV	2789	Waveform 1	1
HF	1551.6498666666666	48000.0	48000.0	3.828280527778316	1551.6455	1551.6568	46953	52955	Pipistrellus pipistrellus	0.201	0.224	-1	Echolocation	192000	/home/adkris/Documents/mila-human-wav-txt/20220826_070000.WAV	2790	Waveform 1	1
HF	1551.8142333333333	49500.0	48960.0	7.495185148723388	1551.8115	1551.8186	46953	56343	Pipistrellus pipistrellus	0.263	0.276	-1	Echolocation	192000	/home/adkris/Documents/mila-human-wav-txt/20220826_070000.WAV	2791	Waveform 1	1
HF	1551.9080666666666	47250.0	47040.0	7.013007456280246	1551.9045	1551.9096	34921	62319	Myotis bechsteinii	0.009	0.026	-1	Echolocation	192000	/home/adkris/Documents/mila-human-wav-txt/20220826_070000.WAV	2792	Waveform 1	1
HF	1551.9862333333333	54750.0	52800.00000000001	5.45965211312608	1551.9815	1551.9866	37500	59966	Myotis bechsteinii	0.013	0.035	-1	Echolocation	192000	/home/adkris/Documents/mila-human-wav-txt/20220826_070000.WAV	2793	Waveform 1	1
HF	1552.0744333333332	47250.0	48960.0	7.272427274170791	1552.0705	1552.0764	46093	59340	Pipistrellus pipistrellus	0.211	0.267	-1	Echolocation	192000	/home/adkris/Documents/mila-human-wav-txt/20220826_070000.WAV	2794	Waveform 1	1
HF	1557.6118333333334	52500.0	53760.00000000001	3.465620497958942	1557.6095	1557.617	48671	60982	Pipistrellus pipistrellus	0.257	0.281	-1	Echolocation	192000	/home/adkris/Documents/mila-human-wav-txt/20220826_070000.WAV	2795	Waveform 1	1
HF	1557.7672333333333	49500.0	48960.0	5.627429166023311	1557.7635	1557.7696	46093	60497	Pipistrellus pipistrellus	0.278	0.365	-1	Echolocation	192000	/home/adkris/Documents/mila-human-wav-txt/20220826_070000.WAV	2796	Waveform 1	1
HF	1557.8635	49500.0	48960.0	5.7897350219947885	1557.8595	1557.8665	46953	57718	Pipistrellus pipistrellus	0.376	0.448	-1	Echolocation	192000	/home/adkris/Documents/mila-human-wav-txt/20220826_070000.WAV	2797	Waveform 1	1
HF	1557.9503	46500.0	49920.0	9.736662440377335	1557.9455	1557.9517	44375	60368	Pipistrellus pipistrellus	0.118	0.361	-1	Echolocation	192000	/home/adkris/Documents/mila-human-wav-txt/20220826_070000.WAV	2798	Waveform 1	1
HF	1558.0458666666666	50250.0	49920.0	2.1951460343102087	1558.0425	1558.0478	33203	62393	Myotis mystacinus	0.007	0.026	-1	Echolocation	192000	/home/adkris/Documents/mila-human-wav-txt/20220826_070000.WAV	2799	Waveform 1	1
HF	1558.1417	53250.0	53760.00000000001	8.257717884768237	1558.1365	1558.1423	54687	63841	Pipistrellus pipistrellus	0.013	0.028	-1	Echolocation	192000	/home/adkris/Documents/mila-human-wav-txt/20220826_070000.WAV	2800	Waveform 1	1
HF	1558.3323333333333	47250.0	48960.0	7.381799325252427	1558.3275	1558.336	46093	61515	Pipistrellus pipistrellus	0.352	0.479	-1	Echolocation	192000	/home/adkris/Documents/mila-human-wav-txt/20220826_070000.WAV	2801	Waveform 1	1
HF	1558.4207333333334	48000.0	48000.0	8.866802220072936	1558.4165	1558.4221	46093	57575	Pipistrellus pipistrellus	0.429	0.538	-1	Echolocation	192000	/home/adkris/Documents/mila-human-wav-txt/20220826_070000.WAV	2802	Waveform 1	1
HF	1558.4965	49500.0	48960.0	5.846241151283759	1558.4925	1558.4995	45234	59231	Pipistrellus pipistrellus	0.325	0.391	-1	Echolocation	192000	/home/adkris/Documents/mila-human-wav-txt/20220826_070000.WAV	2803	Waveform 1	1
HF	1559.1364333333331	47250.0	47040.0	4.318257492213934	1559.1315	1559.1399	46953	58414	Pipistrellus pipistrellus	0.368	0.484	-1	Echolocation	192000	/home/adkris/Documents/mila-human-wav-txt/20220826_070000.WAV	2804	Waveform 1	1
HF	1559.4879666666666	48000.0	47040.0	4.318495613413338	1559.4835	1559.4912	45234	57624	Pipistrellus pipistrellus	0.336	0.382	-1	Echolocation	192000	/home/adkris/Documents/mila-human-wav-txt/20220826_070000.WAV	2805	Waveform 1	1
HF	1559.6748	45750.0	46080.0	1.861173697335224	1559.6695	1559.6787	44375	53231	Pipistrellus pipistrellus	0.016	0.023	-1	Echolocation	192000	/home/adkris/Documents/mila-human-wav-txt/20220826_070000.WAV	2806	Waveform 1	1
HF	1564.3922666666667	41250.0	41280.0	2.0878048943544942	1564.3875	1564.3984	38359	45802	Pipistrellus nathusii	0.24	0.263	-1	Echolocation	192000	/home/adkris/Documents/mila-human-wav-txt/20220826_070000.WAV	2807	Waveform 1	1
HF	1564.7370666666666	39000.0	40320.0	3.029500011621278	1564.7315	1564.7416	37500	43980	Pipistrellus nathusii	0.404	0.462	-1	Echolocation	192000	/home/adkris/Documents/mila-human-wav-txt/20220826_070000.WAV	2808	Waveform 1	1
HF	1564.9297666666666	39000.0	39360.0	5.948451257484878	1564.9255	1564.9334	37500	43484	Pipistrellus nathusii	0.129	0.244	-1	Echolocation	192000	/home/adkris/Documents/mila-human-wav-txt/20220826_070000.WAV	2809	Waveform 1	1
HF	1565.0408666666667	39750.0	39360.0	2.5039504984552337	1565.0375	1565.0463	38359	43159	Pipistrellus nathusii	0.281	0.337	-1	Echolocation	192000	/home/adkris/Documents/mila-human-wav-txt/20220826_070000.WAV	2810	Waveform 1	1
HF	1567.4769333333334	48750.0	48960.0	5.949020681120358	1567.4735	1567.4799	47812	60496	Pipistrellus pipistrellus	0.349	0.416	-1	Echolocation	192000	/home/adkris/Documents/mila-human-wav-txt/20220826_070000.WAV	2811	Waveform 1	1
HF	1567.5717333333334	48750.0	48960.0	6.8336281444327405	1567.5685	1567.5751	47812	55653	Pipistrellus pipistrellus	0.414	0.473	-1	Echolocation	192000	/home/adkris/Documents/mila-human-wav-txt/20220826_070000.WAV	2812	Waveform 1	1
HF	1582.9648666666667	48000.0	48000.0	3.8366648015004263	1582.9615	1582.9703	47812	57109	Pipistrellus pipistrellus	0.263	0.287	-1	Echolocation	192000	/home/adkris/Documents/mila-human-wav-txt/20220826_070000.WAV	2813	Waveform 1	1
HF	1583.0234333333333	48000.0	48000.0	2.707184289721866	1583.0205	1583.0274	46093	53384	Pipistrellus pipistrellus	0.129	0.138	-1	Echolocation	192000	/home/adkris/Documents/mila-human-wav-txt/20220826_070000.WAV	2814	Waveform 1	1
HF	1583.1678333333334	48000.0	48000.0	7.318834889746927	1583.1645	1583.171	45234	53328	Pipistrellus pipistrellus	0.44	0.624	-1	Echolocation	192000	/home/adkris/Documents/mila-human-wav-txt/20220826_070000.WAV	2815	Waveform 1	1
HF	1583.2339	48000.0	48000.0	2.2807341860581194	1583.2305	1583.2381	47812	57088	Pipistrellus pipistrellus	0.037	0.044	-1	Echolocation	192000	/home/adkris/Documents/mila-human-wav-txt/20220826_070000.WAV	2816	Waveform 1	1
HF	1583.4497666666666	46500.0	46080.0	6.6118391715628295	1583.4475	1583.4574	40937	52877	Pipistrellus nathusii	0.406	0.53	-1	Echolocation	192000	/home/adkris/Documents/mila-human-wav-txt/20220826_070000.WAV	2817	Waveform 1	1
HF	1583.6418	45000.0	43200.0	6.4535375343852985	1583.6405	1583.6502	40937	46415	Pipistrellus nathusii	0.206	0.238	-1	Echolocation	192000	/home/adkris/Documents/mila-human-wav-txt/20220826_070000.WAV	2818	Waveform 1	1
HF	1583.8223	41250.0	41280.0	3.916555207480731	1583.8165	1583.8287	39218	43683	Pipistrellus nathusii	0.098	0.112	-1	Echolocation	192000	/home/adkris/Documents/mila-human-wav-txt/20220826_070000.WAV	2819	Waveform 1	1
HF	1583.9132	42750.0	43200.0	7.095703290931049	1583.9115	1583.9208	39218	48160	Pipistrellus nathusii	0.491	0.541	-1	Echolocation	192000	/home/adkris/Documents/mila-human-wav-txt/20220826_070000.WAV	2820	Waveform 1	1
HF	1584.1175333333333	41250.0	42240.0	6.789942596917102	1584.1065	1584.1193	39218	50264	Pipistrellus nathusii	0.446	0.481	-1	Echolocation	192000	/home/adkris/Documents/mila-human-wav-txt/20220826_070000.WAV	2821	Waveform 1	1
HF	1584.2208666666666	41250.0	40320.0	8.613502205942803	1584.2185	1584.2318	39218	44898	Pipistrellus nathusii	0.538	0.56	-1	Echolocation	192000	/home/adkris/Documents/mila-human-wav-txt/20220826_070000.WAV	2822	Waveform 1	1
HF	1584.4148	42000.0	40320.0	8.561225753903356	1584.4085	1584.4202	39218	51534	Pipistrellus nathusii	0.521	0.569	-1	Echolocation	192000	/home/adkris/Documents/mila-human-wav-txt/20220826_070000.WAV	2823	Waveform 1	1
HF	1584.5174	43500.0	41280.0	6.481896029389493	1584.5125	1584.5186	30625	49255	Myotis brandtii	0.009	0.029	-1	Echolocation	192000	/home/adkris/Documents/mila-human-wav-txt/20220826_070000.WAV	2824	Waveform 1	1
HF	1584.7077	42000.0	45120.0	9.609386145272538	1584.7025	1584.7083	30625	54826	Myotis brandtii	0.012	0.038	-1	Echolocation	192000	/home/adkris/Documents/mila-human-wav-txt/20220826_070000.WAV	2825	Waveform 1	1
HF	1584.8134666666667	47250.0	46080.0	7.1860691538131665	1584.8075	1584.8137	30625	47287	Myotis bechsteinii	0.005	0.025	-1	Echolocation	192000	/home/adkris/Documents/mila-human-wav-txt/20220826_070000.WAV	2826	Waveform 1	1
HF	1585.0143666666668	43500.0	43200.0	11.29969998708874	1585.0085	1585.0148	30625	53771	Myotis bechsteinii	0.012	0.03	-1	Echolocation	192000	/home/adkris/Documents/mila-human-wav-txt/20220826_070000.WAV	2827	Waveform 1	1
HF	1585.118333333333	43500.0	40320.0	10.568966977561804	1585.1165	1585.128	39218	49673	Pipistrellus nathusii	0.574	0.589	-1	Echolocation	192000	/home/adkris/Documents/mila-human-wav-txt/20220826_070000.WAV	2828	Waveform 1	1
HF	1585.1968333333334	44250.0	44160.0	9.6767504081719	1585.1885	1585.2005	39218	46612	Pipistrellus nathusii	0.252	0.266	-1	Echolocation	192000	/home/adkris/Documents/mila-human-wav-txt/20220826_070000.WAV	2829	Waveform 1	1
LF	1585.2569	43500.0	43200.0	5.645199709185543	1585.2555	1585.2616	30625	44111	Myotis brandtii	0.009	0.025	-1	Echolocation	192000	/home/adkris/Documents/mila-human-wav-txt/20220826_070000.WAV	2830	Waveform 1	1
HF	1585.3445	51750.0	52800.00000000001	4.9075017176374125	1585.3415	1585.3495	52968	57501	Pipistrellus pygmaeus	0.032	0.036	-1	Echolocation	192000	/home/adkris/Documents/mila-human-wav-txt/20220826_070000.WAV	2831	Waveform 1	1
HF	1585.4479666666666	39750.0	39360.0	11.906009275729428	1585.4425	1585.4527	39218	47541	Pipistrellus nathusii	0.59	0.604	-1	Echolocation	192000	/home/adkris/Documents/mila-human-wav-txt/20220826_070000.WAV	2832	Waveform 1	1
HF	1585.6217	45000.0	41280.0	17.79466199089384	1585.6155	1585.6238	31484	51481	Myotis bechsteinii	0.012	0.028	-1	Echolocation	192000	/home/adkris/Documents/mila-human-wav-txt/20220826_070000.WAV	2833	Waveform 1	1
HF	1585.7281333333333	38250.0	38400.0	6.144121240251508	1585.7235	1585.7357	38359	44768	Pipistrellus nathusii	0.464	0.478	-1	Echolocation	192000	/home/adkris/Documents/mila-human-wav-txt/20220826_070000.WAV	2834	Waveform 1	1
HF	1585.8289666666667	41250.0	41280.0	13.320047229946898	1585.8235	1585.8302	30625	50666	Myotis brandtii	0.008	0.024	-1	Echolocation	192000	/home/adkris/Documents/mila-human-wav-txt/20220826_070000.WAV	2835	Waveform 1	1
HF	1585.9406	39750.0	40320.0	7.381066880124249	1585.9365	1585.9469	38359	49073	Pipistrellus nathusii	0.591	0.604	-1	Echolocation	192000	/home/adkris/Documents/mila-human-wav-txt/20220826_070000.WAV	2836	Waveform 1	1
HF	1586.5288666666668	41250.0	41280.0	13.23556970714944	1586.5245	1586.5358	38359	53345	Pipistrellus nathusii	0.564	0.643	-1	Echolocation	192000	/home/adkris/Documents/mila-human-wav-txt/20220826_070000.WAV	2837	Waveform 1	1
HF	1586.7477666666666	39000.0	42240.0	4.64441175747503	1586.7395	1586.7504	39218	47817	Pipistrellus nathusii	0.481	0.534	-1	Echolocation	192000	/home/adkris/Documents/mila-human-wav-txt/20220826_070000.WAV	2838	Waveform 1	1
HF	1586.846633333333	38250.0	38400.0	5.673701766127033	1586.8385	1586.8507	37500	46261	Pipistrellus nathusii	0.393	0.445	-1	Echolocation	192000	/home/adkris/Documents/mila-human-wav-txt/20220826_070000.WAV	2839	Waveform 1	1
HF	1587.149	42000.0	41280.0	9.620731501924784	1587.1455	1587.153	29765	47091	Myotis daubentonii	0.004	0.023	-1	Echolocation	192000	/home/adkris/Documents/mila-human-wav-txt/20220826_070000.WAV	2840	Waveform 1	1
HF	1587.2543333333333	41250.0	40320.0	6.277063547237969	1587.2505	1587.26	38359	49863	Pipistrellus nathusii	0.528	0.577	-1	Echolocation	192000	/home/adkris/Documents/mila-human-wav-txt/20220826_070000.WAV	2841	Waveform 1	1
HF	1587.5472	42750.0	42240.0	5.6457915084393395	1587.5425	1587.5488	28906	50152	Myotis daubentonii	0.012	0.026	-1	Echolocation	192000	/home/adkris/Documents/mila-human-wav-txt/20220826_070000.WAV	2842	Waveform 1	1
HF	1587.862033333333	45750.0	41280.0	5.062516483432357	1587.8595	1587.8703	38359	51905	Pipistrellus nathusii	0.512	0.575	-1	Echolocation	192000	/home/adkris/Documents/mila-human-wav-txt/20220826_070000.WAV	2843	Waveform 1	1
HF	1588.6915333333334	40500.0	40320.0	2.5234635252230797	1588.6885	1588.6988	39218	43915	Pipistrellus nathusii	0.424	0.441	-1	Echolocation	192000	/home/adkris/Documents/mila-human-wav-txt/20220826_070000.WAV	2844	Waveform 1	1
HF	1589.641566666667	41250.0	40320.0	7.260979625326859	1589.6375	1589.6456	39218	49166	Pipistrellus nathusii	0.49	0.546	-1	Echolocation	192000	/home/adkris/Documents/mila-human-wav-txt/20220826_070000.WAV	2845	Waveform 1	1
HF	1589.973	41250.0	41280.0	5.353228922867616	1589.9695	1589.977	40078	50123	Pipistrellus nathusii	0.592	0.635	-1	Echolocation	192000	/home/adkris/Documents/mila-human-wav-txt/20220826_070000.WAV	2846	Waveform 1	1
HF	1590.029266666667	42750.0	41280.0	3.314214348983861	1590.0265	1590.0324	36640	48968	Myotis brandtii	0.036	0.124	-1	Echolocation	192000	/home/adkris/Documents/mila-human-wav-txt/20220826_070000.WAV	2847	Waveform 1	1
HF	1597.6737	48000.0	48960.0	4.199576661336593	1597.6705	1597.6783	47812	55163	Pipistrellus pipistrellus	0.264	0.351	-1	Echolocation	192000	/home/adkris/Documents/mila-human-wav-txt/20220826_070000.WAV	2848	Waveform 1	1
HF	1597.853566666667	48750.0	48960.0	10.506224271395752	1597.8505	1597.8561	46953	56463	Pipistrellus pipistrellus	0.248	0.266	-1	Echolocation	192000	/home/adkris/Documents/mila-human-wav-txt/20220826_070000.WAV	2849	Waveform 1	1
HF	1597.9228	51000.0	48960.0	5.838696602814925	1597.9205	1597.9257	34062	74000	Myotis brandtii	0.014	0.035	-1	Echolocation	192000	/home/adkris/Documents/mila-human-wav-txt/20220826_070000.WAV	2850	Waveform 1	1
HF	1597.9887	48750.0	48960.0	5.334763510898881	1597.9855	1597.9933	47812	59849	Pipistrellus pipistrellus	0.345	0.507	-1	Echolocation	192000	/home/adkris/Documents/mila-human-wav-txt/20220826_070000.WAV	2851	Waveform 1	1
HF	1598.0691333333334	51750.0	51840.0	9.72004656320762	1598.0645	1598.0732	46953	61042	Pipistrellus pipistrellus	0.43	0.609	-1	Echolocation	192000	/home/adkris/Documents/mila-human-wav-txt/20220826_070000.WAV	2852	Waveform 1	1
HF	1598.3423333333333	50250.0	49920.0	14.624227632415003	1598.3395	1598.3465	48671	57879	Pipistrellus pipistrellus	0.494	0.616	-1	Echolocation	192000	/home/adkris/Documents/mila-human-wav-txt/20220826_070000.WAV	2853	Waveform 1	1
HF	1598.6101	48000.0	48000.0	9.009174021183895	1598.6055	1598.6154	46953	58340	Pipistrellus pipistrellus	0.313	0.389	-1	Echolocation	192000	/home/adkris/Documents/mila-human-wav-txt/20220826_070000.WAV	2854	Waveform 1	1
HF	1598.6819666666668	49500.0	49920.0	8.560218657294898	1598.6775	1598.6852	46953	61502	Pipistrellus pipistrellus	0.417	0.534	-1	Echolocation	192000	/home/adkris/Documents/mila-human-wav-txt/20220826_070000.WAV	2855	Waveform 1	1
HF	1599.8675	53250.0	53760.00000000001	6.654711769116882	1599.8645	1599.8725	46953	58962	Pipistrellus pipistrellus	0.241	0.282	-1	Echolocation	192000	/home/adkris/Documents/mila-human-wav-txt/20220826_070000.WAV	2856	Waveform 1	1
HF	1600.1414666666667	48000.0	48000.0	4.432092639222255	1600.1365	1600.1437	46093	50988	Pipistrellus pipistrellus	0.193	0.219	-1	Echolocation	192000	/home/adkris/Documents/mila-human-wav-txt/20220826_070000.WAV	2857	Waveform 1	1
HF	1601.9575333333332	43500.0	45120.0	2.174381965564654	1601.9525	1601.9608	38359	50451	Myotis bechsteinii	0.005	0.024	-1	Echolocation	192000	/home/adkris/Documents/mila-human-wav-txt/20220826_070000.WAV	2858	Waveform 1	1
HF	1602.2546	45000.0	40320.0	4.55911410203158	1602.2525	1602.2614	39218	48581	Pipistrellus nathusii	0.485	0.54	-1	Echolocation	192000	/home/adkris/Documents/mila-human-wav-txt/20220826_070000.WAV	2859	Waveform 1	1
HF	1602.4551666666666	41250.0	42240.0	3.254295764814788	1602.4495	1602.4595	39218	45793	Pipistrellus nathusii	0.351	0.366	-1	Echolocation	192000	/home/adkris/Documents/mila-human-wav-txt/20220826_070000.WAV	2860	Waveform 1	1
HF	1602.8603	43500.0	42240.0	0.7537669581144312	1602.8555	1602.8617	34921	58011	Myotis bechsteinii	0.008	0.024	-1	Echolocation	192000	/home/adkris/Documents/mila-human-wav-txt/20220826_070000.WAV	2861	Waveform 1	1
HF	1602.9786666666666	39750.0	39360.0	3.696303870823317	1602.9695	1602.9795	39218	45682	Pipistrellus nathusii	0.529	0.542	-1	Echolocation	192000	/home/adkris/Documents/mila-human-wav-txt/20220826_070000.WAV	2862	Waveform 1	1
HF	1603.0814	44250.0	39360.0	6.2165651790264596	1603.0785	1603.0866	38359	45303	Pipistrellus nathusii	0.468	0.499	-1	Echolocation	192000	/home/adkris/Documents/mila-human-wav-txt/20220826_070000.WAV	2863	Waveform 1	1
HF	1603.2632	40500.0	39360.0	4.586747445303781	1603.2585	1603.2683	39218	47231	Pipistrellus nathusii	0.45	0.514	-1	Echolocation	192000	/home/adkris/Documents/mila-human-wav-txt/20220826_070000.WAV	2864	Waveform 1	1
HF	1603.3572666666666	45000.0	46080.0	6.992297510024424	1603.3545	1603.3604	46093	55572	Pipistrellus pipistrellus	0.007	0.022	-1	Echolocation	192000	/home/adkris/Documents/mila-human-wav-txt/20220826_070000.WAV	2865	Waveform 1	1
HF	1603.5512	39750.0	39360.0	4.7156349654192145	1603.5465	1603.5563	39218	47055	Pipistrellus nathusii	0.467	0.494	-1	Echolocation	192000	/home/adkris/Documents/mila-human-wav-txt/20220826_070000.WAV	2866	Waveform 1	1
HF	1603.6463666666666	41250.0	41280.0	8.777962685853513	1603.6405	1603.6503	40078	48580	Pipistrellus nathusii	0.625	0.651	-1	Echolocation	192000	/home/adkris/Documents/mila-human-wav-txt/20220826_070000.WAV	2867	Waveform 1	1
HF	1603.931466666667	41250.0	41280.0	11.732123346742348	1603.9255	1603.9352	39218	49233	Pipistrellus nathusii	0.551	0.592	-1	Echolocation	192000	/home/adkris/Documents/mila-human-wav-txt/20220826_070000.WAV	2868	Waveform 1	1
HF	1604.1923	42750.0	42240.0	12.052363620692644	1604.1875	1604.1972	40078	50633	Pipistrellus nathusii	0.554	0.618	-1	Echolocation	192000	/home/adkris/Documents/mila-human-wav-txt/20220826_070000.WAV	2869	Waveform 1	1
HF	1604.2853666666667	39750.0	39360.0	12.625484225173476	1604.2795	1604.2893	39218	48415	Pipistrellus nathusii	0.615	0.656	-1	Echolocation	192000	/home/adkris/Documents/mila-human-wav-txt/20220826_070000.WAV	2870	Waveform 1	1
HF	1604.4551333333334	43500.0	42240.0	16.26743217841078	1604.4515	1604.4612	39218	51543	Pipistrellus nathusii	0.677	0.694	-1	Echolocation	192000	/home/adkris/Documents/mila-human-wav-txt/20220826_070000.WAV	2871	Waveform 1	1
HF	1604.5489	43500.0	43200.0	9.002839624036518	1604.5465	1604.5551	40078	50073	Pipistrellus nathusii	0.524	0.558	-1	Echolocation	192000	/home/adkris/Documents/mila-human-wav-txt/20220826_070000.WAV	2872	Waveform 1	1
HF	1604.7121666666667	42750.0	43200.0	11.625201771164347	1604.7065	1604.7165	40078	54308	Pipistrellus nathusii	0.514	0.574	-1	Echolocation	192000	/home/adkris/Documents/mila-human-wav-txt/20220826_070000.WAV	2873	Waveform 1	1
HF	1604.9674333333332	41250.0	39360.0	11.408875795026775	1604.9655	1604.9734	39218	50028	Pipistrellus nathusii	0.659	0.674	-1	Echolocation	192000	/home/adkris/Documents/mila-human-wav-txt/20220826_070000.WAV	2874	Waveform 1	1
HF	1605.058266666667	44250.0	45120.0	7.208055211768199	1605.0535	1605.0609	40078	48920	Pipistrellus nathusii	0.509	0.534	-1	Echolocation	192000	/home/adkris/Documents/mila-human-wav-txt/20220826_070000.WAV	2875	Waveform 1	1
HF	1605.3290333333334	39750.0	40320.0	3.813364403604791	1605.3235	1605.3348	39218	44670	Pipistrellus nathusii	0.369	0.376	-1	Echolocation	192000	/home/adkris/Documents/mila-human-wav-txt/20220826_070000.WAV	2876	Waveform 1	1
HF	1605.6051666666667	42000.0	42240.0	4.0611515650243675	1605.6015	1605.61	39218	45864	Pipistrellus nathusii	0.175	0.192	-1	Echolocation	192000	/home/adkris/Documents/mila-human-wav-txt/20220826_070000.WAV	2877	Waveform 1	1
HF	1605.6812	42750.0	45120.0	5.3912023967931155	1605.6775	1605.6848	40078	48916	Pipistrellus nathusii	0.427	0.479	-1	Echolocation	192000	/home/adkris/Documents/mila-human-wav-txt/20220826_070000.WAV	2878	Waveform 1	1
HF	1605.752966666667	45750.0	41280.0	2.658798253194357	1605.7475	1605.7542	31484	45054	Myotis daubentonii	0.009	0.024	-1	Echolocation	192000	/home/adkris/Documents/mila-human-wav-txt/20220826_070000.WAV	2879	Waveform 1	1
HF	1612.4861	39750.0	39360.0	3.766715211907255	1612.4775	1612.4869	40078	48239	Pipistrellus nathusii	0.344	0.38	-1	Echolocation	192000	/home/adkris/Documents/mila-human-wav-txt/20220826_070000.WAV	2880	Waveform 1	1
HF	1612.5745333333334	45000.0	45120.0	5.108894454714557	1612.5705	1612.5798	40078	49200	Pipistrellus nathusii	0.425	0.455	-1	Echolocation	192000	/home/adkris/Documents/mila-human-wav-txt/20220826_070000.WAV	2881	Waveform 1	1
HF	1612.8772	40500.0	40320.0	1.3846876071415817	1612.8745	1612.8863	39218	44415	Pipistrellus nathusii	0.184	0.196	-1	Echolocation	192000	/home/adkris/Documents/mila-human-wav-txt/20220826_070000.WAV	2882	Waveform 1	1
HF	1612.9817	39750.0	40320.0	2.326128676041087	1612.9715	1612.9828	37500	42964	Pipistrellus nathusii	0.077	0.091	-1	Echolocation	192000	/home/adkris/Documents/mila-human-wav-txt/20220826_070000.WAV	2883	Waveform 1	1
HF	1613.1921	41250.0	41280.0	3.83850134308465	1613.1845	1613.1949	39218	49683	Pipistrellus nathusii	0.44	0.491	-1	Echolocation	192000	/home/adkris/Documents/mila-human-wav-txt/20220826_070000.WAV	2884	Waveform 1	1
HF	1613.3626666666669	39750.0	39360.0	7.570013389437717	1613.3565	1613.366	39218	47670	Pipistrellus nathusii	0.473	0.595	-1	Echolocation	192000	/home/adkris/Documents/mila-human-wav-txt/20220826_070000.WAV	2885	Waveform 1	1
HF	1613.4624	39750.0	40320.0	3.942588589765057	1613.4575	1613.4671	39218	47391	Pipistrellus nathusii	0.547	0.584	-1	Echolocation	192000	/home/adkris/Documents/mila-human-wav-txt/20220826_070000.WAV	2886	Waveform 1	1
HF	1613.7583333333334	43500.0	41280.0	5.381884035452015	1613.7525	1613.7635	40078	52785	Pipistrellus nathusii	0.488	0.562	-1	Echolocation	192000	/home/adkris/Documents/mila-human-wav-txt/20220826_070000.WAV	2887	Waveform 1	1
HF	1613.864733333333	46500.0	41280.0	10.397604212449457	1613.8615	1613.8716	40078	51653	Pipistrellus nathusii	0.556	0.609	-1	Echolocation	192000	/home/adkris/Documents/mila-human-wav-txt/20220826_070000.WAV	2888	Waveform 1	1
HF	1614.2521333333334	42000.0	41280.0	15.12127540856502	1614.2465	1614.2577	38359	54022	Pipistrellus nathusii	0.511	0.573	-1	Echolocation	192000	/home/adkris/Documents/mila-human-wav-txt/20220826_070000.WAV	2889	Waveform 1	1
HF	1614.4256666666668	44250.0	40320.0	4.214614846165162	1614.4205	1614.4275	30625	50611	Myotis brandtii	0.006	0.023	-1	Echolocation	192000	/home/adkris/Documents/mila-human-wav-txt/20220826_070000.WAV	2890	Waveform 1	1
HF	1614.5275333333334	45000.0	42240.0	9.871467328053525	1614.5245	1614.5313	30625	53219	Myotis brandtii	0.011	0.028	-1	Echolocation	192000	/home/adkris/Documents/mila-human-wav-txt/20220826_070000.WAV	2891	Waveform 1	1
HF	1614.9181333333331	44250.0	43200.0	10.248866429472468	1614.9115	1614.9182	30625	55382	Myotis brandtii	0.009	0.026	-1	Echolocation	192000	/home/adkris/Documents/mila-human-wav-txt/20220826_070000.WAV	2892	Waveform 1	1
HF	1615.0248666666666	42000.0	44160.0	16.458486800006845	1615.0195	1615.0263	31484	54767	Myotis brandtii	0.008	0.023	-1	Echolocation	192000	/home/adkris/Documents/mila-human-wav-txt/20220826_070000.WAV	2893	Waveform 1	1
HF	1615.1455666666666	46500.0	41280.0	15.542614810129812	1615.1425	1615.1516	40078	55947	Pipistrellus nathusii	0.686	0.719	-1	Echolocation	192000	/home/adkris/Documents/mila-human-wav-txt/20220826_070000.WAV	2894	Waveform 1	1
HF	1615.2311333333332	54750.0	50880.0	5.329595573629068	1615.2305	1615.2362	52109	58087	Pipistrellus pygmaeus	0.023	0.031	-1	Echolocation	192000	/home/adkris/Documents/mila-human-wav-txt/20220826_070000.WAV	2895	Waveform 1	1
HF	1615.4037666666666	53250.0	53760.00000000001	5.305225579733247	1615.4015	1615.4079	52968	59131	Pipistrellus pygmaeus	0.033	0.036	-1	Echolocation	192000	/home/adkris/Documents/mila-human-wav-txt/20220826_070000.WAV	2896	Waveform 1	1
HF	1615.6040333333333	54750.0	47040.0	6.553962320269784	1615.5975	1615.6043	32343	56232	Myotis brandtii	0.012	0.03	-1	Echolocation	192000	/home/adkris/Documents/mila-human-wav-txt/20220826_070000.WAV	2897	Waveform 1	1
HF	1615.7959	45750.0	43200.0	10.362607155251366	1615.7905	1615.7961	31484	51685	Myotis brandtii	0.01	0.027	-1	Echolocation	192000	/home/adkris/Documents/mila-human-wav-txt/20220826_070000.WAV	2898	Waveform 1	1
HF	1616.0081666666667	52500.0	53760.00000000001	3.150331848240832	1616.0015	1616.0105	52968	60103	Pipistrellus pygmaeus	0.041	0.051	-1	Echolocation	192000	/home/adkris/Documents/mila-human-wav-txt/20220826_070000.WAV	2899	Waveform 1	1
HF	1616.1899	45750.0	45120.0	17.31115936441508	1616.1855	1616.1921	31484	56399	Myotis bechsteinii	0.009	0.027	-1	Echolocation	192000	/home/adkris/Documents/mila-human-wav-txt/20220826_070000.WAV	2900	Waveform 1	1
HF	1616.454066666667	46500.0	46080.0	21.892991084485956	1616.4465	1616.4546	40078	59736	Pipistrellus nathusii	0.485	0.525	-1	Echolocation	192000	/home/adkris/Documents/mila-human-wav-txt/20220826_070000.WAV	2901	Waveform 1	1
HF	1616.5021	42750.0	46080.0	12.88338001243303	1616.4985	1616.5059	40937	56151	Pipistrellus nathusii	0.261	0.365	-1	Echolocation	192000	/home/adkris/Documents/mila-human-wav-txt/20220826_070000.WAV	2902	Waveform 1	1
HF	1616.6540333333332	44250.0	44160.0	12.775219839213586	1616.6495	1616.6548	31484	59501	Myotis brandtii	0.011	0.026	-1	Echolocation	192000	/home/adkris/Documents/mila-human-wav-txt/20220826_070000.WAV	2903	Waveform 1	1
HF	1616.7339333333334	54000.0	52800.00000000001	4.995190460365126	1616.7315	1616.7389	53828	59937	Pipistrellus pygmaeus	0.055	0.059	-1	Echolocation	192000	/home/adkris/Documents/mila-human-wav-txt/20220826_070000.WAV	2904	Waveform 1	1
HF	1616.8320333333334	39750.0	39360.0	14.38538610389334	1616.8265	1616.8378	39218	51259	Pipistrellus nathusii	0.574	0.613	-1	Echolocation	192000	/home/adkris/Documents/mila-human-wav-txt/20220826_070000.WAV	2905	Waveform 1	1
HF	1617.0019333333332	41250.0	46080.0	19.578153116310176	1616.9955	1617.0024	30625	53658	Myotis bechsteinii	0.009	0.027	-1	Echolocation	192000	/home/adkris/Documents/mila-human-wav-txt/20220826_070000.WAV	2906	Waveform 1	1
HF	1617.2481666666667	47250.0	45120.0	16.153918095854834	1617.2425	1617.249	32343	53984	Myotis brandtii	0.008	0.023	-1	Echolocation	192000	/home/adkris/Documents/mila-human-wav-txt/20220826_070000.WAV	2907	Waveform 1	1
HF	1617.3506666666667	41250.0	39360.0	6.196686538648262	1617.3405	1617.353	39218	48837	Pipistrellus nathusii	0.411	0.451	-1	Echolocation	192000	/home/adkris/Documents/mila-human-wav-txt/20220826_070000.WAV	2908	Waveform 1	1
HF	1617.5059666666666	40500.0	40320.0	19.223533736172907	1617.5025	1617.5112	37500	48703	Pipistrellus nathusii	0.71	0.738	-1	Echolocation	192000	/home/adkris/Documents/mila-human-wav-txt/20220826_070000.WAV	2909	Waveform 1	1
HF	1617.6013333333333	40500.0	40320.0	5.847662027110974	1617.5985	1617.609	38359	45372	Pipistrellus nathusii	0.616	0.632	-1	Echolocation	192000	/home/adkris/Documents/mila-human-wav-txt/20220826_070000.WAV	2910	Waveform 1	1
HF	1617.7009666666668	39000.0	38400.0	16.003939803855026	1617.6955	1617.7057	38359	50174	Pipistrellus nathusii	0.7	0.731	-1	Echolocation	192000	/home/adkris/Documents/mila-human-wav-txt/20220826_070000.WAV	2911	Waveform 1	1
HF	1617.985	44250.0	39360.0	13.912009518846526	1617.9795	1617.992	38359	51043	Pipistrellus nathusii	0.488	0.512	-1	Echolocation	192000	/home/adkris/Documents/mila-human-wav-txt/20220826_070000.WAV	2912	Waveform 1	1
HF	1618.1867666666667	42000.0	45120.0	12.738134112348776	1618.1845	1618.1944	40078	52237	Pipistrellus nathusii	0.592	0.61	-1	Echolocation	192000	/home/adkris/Documents/mila-human-wav-txt/20220826_070000.WAV	2913	Waveform 1	1
HF	1618.4764666666667	47250.0	43200.0	12.514179441612711	1618.4735	1618.4827	38359	52162	Pipistrellus nathusii	0.581	0.616	-1	Echolocation	192000	/home/adkris/Documents/mila-human-wav-txt/20220826_070000.WAV	2914	Waveform 1	1
HF	1618.5773	45000.0	40320.0	4.646400967870804	1618.5755	1618.5847	38359	46012	Pipistrellus nathusii	0.537	0.583	-1	Echolocation	192000	/home/adkris/Documents/mila-human-wav-txt/20220826_070000.WAV	2915	Waveform 1	1
HF	1618.7931	41250.0	40320.0	4.291537145086268	1618.7915	1618.8009	38359	44216	Pipistrellus nathusii	0.395	0.414	-1	Echolocation	192000	/home/adkris/Documents/mila-human-wav-txt/20220826_070000.WAV	2916	Waveform 1	1
HF	1618.9719666666667	39750.0	39360.0	11.771491545149736	1618.9655	1618.9747	38359	46921	Pipistrellus nathusii	0.522	0.589	-1	Echolocation	192000	/home/adkris/Documents/mila-human-wav-txt/20220826_070000.WAV	2917	Waveform 1	1
HF	1619.2722	42000.0	42240.0	7.661243567930038	1619.2665	1619.2753	38359	48264	Pipistrellus nathusii	0.522	0.592	-1	Echolocation	192000	/home/adkris/Documents/mila-human-wav-txt/20220826_070000.WAV	2918	Waveform 1	1
HF	1619.5614666666668	45000.0	45120.0	3.7924977714401207	1619.5595	1619.5697	39218	48910	Pipistrellus nathusii	0.471	0.539	-1	Echolocation	192000	/home/adkris/Documents/mila-human-wav-txt/20220826_070000.WAV	2919	Waveform 1	1
HF	1619.9813333333334	43500.0	43200.0	5.366200203254589	1619.9755	1619.9865	40078	50240	Pipistrellus nathusii	0.493	0.548	-1	Echolocation	192000	/home/adkris/Documents/mila-human-wav-txt/20220826_070000.WAV	2920	Waveform 1	1
HF	1620.0673333333334	40500.0	40320.0	3.588106458620808	1620.0625	1620.071	40078	51015	Pipistrellus nathusii	0.459	0.573	-1	Echolocation	192000	/home/adkris/Documents/mila-human-wav-txt/20220826_070000.WAV	2921	Waveform 1	1
HF	1620.2881666666667	39750.0	39360.0	4.944894579097483	1620.2825	1620.2925	38359	44423	Pipistrellus nathusii	0.318	0.365	-1	Echolocation	192000	/home/adkris/Documents/mila-human-wav-txt/20220826_070000.WAV	2922	Waveform 1	1
HF	1620.5134333333333	40500.0	40320.0	3.433217689279009	1620.5095	1620.5189	38359	43003	Pipistrellus nathusii	0.296	0.326	-1	Echolocation	192000	/home/adkris/Documents/mila-human-wav-txt/20220826_070000.WAV	2923	Waveform 1	1
HF	1627.5759	39750.0	39360.0	4.564457435642456	1627.5705	1627.5796	39218	45483	Pipistrellus nathusii	0.471	0.521	-1	Echolocation	192000	/home/adkris/Documents/mila-human-wav-txt/20220826_070000.WAV	2924	Waveform 1	1
HF	1628.3638666666666	40500.0	40320.0	2.4563270540807873	1628.3595	1628.3673	40078	48246	Pipistrellus nathusii	0.369	0.403	-1	Echolocation	192000	/home/adkris/Documents/mila-human-wav-txt/20220826_070000.WAV	2925	Waveform 1	1
HF	1628.719466666667	42750.0	43200.0	4.318261845466949	1628.7155	1628.7237	40078	50253	Pipistrellus nathusii	0.407	0.52	-1	Echolocation	192000	/home/adkris/Documents/mila-human-wav-txt/20220826_070000.WAV	2926	Waveform 1	1
HF	1628.8463	45000.0	45120.0	4.6360801824771265	1628.8435	1628.8517	41796	51363	Pipistrellus nathusii	0.526	0.572	-1	Echolocation	192000	/home/adkris/Documents/mila-human-wav-txt/20220826_070000.WAV	2927	Waveform 1	1
HF	1628.9184	41250.0	41280.0	5.7468123421957875	1628.9135	1628.9231	40937	52918	Pipistrellus nathusii	0.379	0.411	-1	Echolocation	192000	/home/adkris/Documents/mila-human-wav-txt/20220826_070000.WAV	2928	Waveform 1	1
HF	1629.0055	45000.0	45120.0	4.829383782325832	1629.0035	1629.0125	40078	50692	Pipistrellus nathusii	0.513	0.56	-1	Echolocation	192000	/home/adkris/Documents/mila-human-wav-txt/20220826_070000.WAV	2929	Waveform 1	1
HF	1629.1013666666668	45000.0	45120.0	2.8776424448201583	1629.0955	1629.1018	31484	45242	Barbastellus barbastellus	0.009	0.027	-1	Echolocation	192000	/home/adkris/Documents/mila-human-wav-txt/20220826_070000.WAV	2930	Waveform 1	1
HF	1629.2049	40500.0	41280.0	7.10643142766341	1629.1995	1629.2086	39218	47623	Pipistrellus nathusii	0.462	0.505	-1	Echolocation	192000	/home/adkris/Documents/mila-human-wav-txt/20220826_070000.WAV	2931	Waveform 1	1
HF	1629.3055	40500.0	41280.0	6.4097580958557385	1629.2995	1629.308	40078	51215	Pipistrellus nathusii	0.574	0.619	-1	Echolocation	192000	/home/adkris/Documents/mila-human-wav-txt/20220826_070000.WAV	2932	Waveform 1	1
HF	1629.3887666666667	42000.0	42240.0	5.023414980612049	1629.3845	1629.3924	40937	50412	Pipistrellus nathusii	0.577	0.608	-1	Echolocation	192000	/home/adkris/Documents/mila-human-wav-txt/20220826_070000.WAV	2933	Waveform 1	1
HF	1629.4807	40500.0	40320.0	9.52255058129315	1629.4755	1629.4848	40078	54965	Pipistrellus nathusii	0.521	0.62	-1	Echolocation	192000	/home/adkris/Documents/mila-human-wav-txt/20220826_070000.WAV	2934	Waveform 1	1
HF	1629.5771666666667	39750.0	40320.0	8.513122592931136	1629.5715	1629.5815	40078	55727	Pipistrellus nathusii	0.536	0.613	-1	Echolocation	192000	/home/adkris/Documents/mila-human-wav-txt/20220826_070000.WAV	2935	Waveform 1	1
HF	1629.6710333333333	40500.0	40320.0	11.037615727604017	1629.6665	1629.6753	40078	51341	Pipistrellus nathusii	0.603	0.678	-1	Echolocation	192000	/home/adkris/Documents/mila-human-wav-txt/20220826_070000.WAV	2936	Waveform 1	1
HF	1629.7581	46500.0	40320.0	9.546304507762882	1629.7555	1629.7639	40078	53331	Pipistrellus nathusii	0.566	0.683	-1	Echolocation	192000	/home/adkris/Documents/mila-human-wav-txt/20220826_070000.WAV	2937	Waveform 1	1
HF	1629.8553333333334	43500.0	43200.0	18.679915086011466	1629.8515	1629.861	39218	56857	Pipistrellus nathusii	0.586	0.684	-1	Echolocation	192000	/home/adkris/Documents/mila-human-wav-txt/20220826_070000.WAV	2938	Waveform 1	1
HF	1630.0285	42000.0	43200.0	13.018198309198246	1630.0235	1630.0295	30625	52121	Myotis brandtii	0.008	0.023	-1	Echolocation	192000	/home/adkris/Documents/mila-human-wav-txt/20220826_070000.WAV	2939	Waveform 1	1
HF	1630.1218666666666	47250.0	48000.0	9.00210197018087	1630.1195	1630.1258	47812	56891	Pipistrellus pipistrellus	0.013	0.026	-1	Echolocation	192000	/home/adkris/Documents/mila-human-wav-txt/20220826_070000.WAV	2940	Waveform 1	1
HF	1630.3072666666667	41250.0	43200.0	15.493044554294482	1630.3015	1630.3079	30625	56784	Myotis brandtii	0.009	0.024	-1	Echolocation	192000	/home/adkris/Documents/mila-human-wav-txt/20220826_070000.WAV	2941	Waveform 1	1
HF	1630.4097333333334	42750.0	42240.0	15.391925051295006	1630.4055	1630.4146	39218	55505	Pipistrellus nathusii	0.636	0.658	-1	Echolocation	192000	/home/adkris/Documents/mila-human-wav-txt/20220826_070000.WAV	2942	Waveform 1	1
LF	1630.504766666667	30750.0	28800.0	2.576634937882442	1630.4995	1630.5064	27187	41250	Eptesicus serotinus	0.005	0.021	-1	Echolocation	192000	/home/adkris/Documents/mila-human-wav-txt/20220826_070000.WAV	2943	Waveform 1	1
HF	1630.6094666666668	54000.0	52800.00000000001	-0.4453261172620305	1630.6055	1630.6137	52968	60344	Pipistrellus pygmaeus	0.019	0.022	-1	Echolocation	192000	/home/adkris/Documents/mila-human-wav-txt/20220826_070000.WAV	2944	Waveform 1	1
HF	1630.7077	45750.0	45120.0	11.877140340959157	1630.7035	1630.7103	30625	58695	Myotis bechsteinii	0.015	0.033	-1	Echolocation	192000	/home/adkris/Documents/mila-human-wav-txt/20220826_070000.WAV	2945	Waveform 1	1
HF	1630.8061333333333	45750.0	43200.0	9.620679228145752	1630.7995	1630.8062	30625	46982	Myotis bechsteinii	0.005	0.025	-1	Echolocation	192000	/home/adkris/Documents/mila-human-wav-txt/20220826_070000.WAV	2946	Waveform 1	1
HF	1631.0075333333334	49500.0	48000.0	7.0966105580492975	1631.0065	1631.0118	49531	57437	Pipistrellus pygmaeus	0.025	0.039	-1	Echolocation	192000	/home/adkris/Documents/mila-human-wav-txt/20220826_070000.WAV	2947	Waveform 1	1
HF	1631.1095666666668	51000.0	49920.0	9.0151506897765	1631.1045	1631.1116	51250	56394	Pipistrellus pygmaeus	0.02	0.031	-1	Echolocation	192000	/home/adkris/Documents/mila-human-wav-txt/20220826_070000.WAV	2948	Waveform 1	1
HF	1631.2193666666667	44250.0	41280.0	18.18221859459314	1631.2145	1631.2253	40078	53813	Pipistrellus nathusii	0.562	0.595	-1	Echolocation	192000	/home/adkris/Documents/mila-human-wav-txt/20220826_070000.WAV	2949	Waveform 1	1
HF	1631.3146666666669	48000.0	48000.0	7.740823632208241	1631.3095	1631.3165	47812	55094	Pipistrellus pipistrellus	0.017	0.03	-1	Echolocation	192000	/home/adkris/Documents/mila-human-wav-txt/20220826_070000.WAV	2950	Waveform 1	1
HF	1631.4139333333333	54000.0	53760.00000000001	6.490038133330849	1631.4115	1631.4189	52968	58479	Pipistrellus pygmaeus	0.032	0.033	-1	Echolocation	192000	/home/adkris/Documents/mila-human-wav-txt/20220826_070000.WAV	2951	Waveform 1	1
HF	1631.5303333333334	42750.0	43200.0	17.69788626952471	1631.5295	1631.542	39218	50790	Pipistrellus nathusii	0.562	0.601	-1	Echolocation	192000	/home/adkris/Documents/mila-human-wav-txt/20220826_070000.WAV	2952	Waveform 1	1
HF	1631.6225333333334	48750.0	48000.0	5.374628523112934	1631.6195	1631.6263	48671	55880	Pipistrellus pipistrellus	0.016	0.025	-1	Echolocation	192000	/home/adkris/Documents/mila-human-wav-txt/20220826_070000.WAV	2953	Waveform 1	1
HF	1631.8004	48750.0	45120.0	10.390235901729575	1631.7955	1631.8016	31484	51730	Myotis brandtii	0.008	0.021	-1	Echolocation	192000	/home/adkris/Documents/mila-human-wav-txt/20220826_070000.WAV	2954	Waveform 1	1
HF	1632.0553666666667	49500.0	48000.0	10.835084672045072	1632.0525	1632.0583	49531	58619	Pipistrellus pipistrellus	0.024	0.04	-1	Echolocation	192000	/home/adkris/Documents/mila-human-wav-txt/20220826_070000.WAV	2955	Waveform 1	1
HF	1632.155166666667	39750.0	39360.0	13.45478299532389	1632.1465	1632.157	39218	46078	Pipistrellus nathusii	0.504	0.539	-1	Echolocation	192000	/home/adkris/Documents/mila-human-wav-txt/20220826_070000.WAV	2956	Waveform 1	1
HF	1632.2173666666667	41250.0	39360.0	1.8356369437089992	1632.2115	1632.2178	36640	56613	Myotis brandtii	0.01	0.027	-1	Echolocation	192000	/home/adkris/Documents/mila-human-wav-txt/20220826_070000.WAV	2957	Waveform 1	1
HF	1632.3783	50250.0	48960.0	10.63624741764838	1632.3715	1632.3792	50390	55794	Pipistrellus pipistrellus	0.016	0.028	-1	Echolocation	192000	/home/adkris/Documents/mila-human-wav-txt/20220826_070000.WAV	2958	Waveform 1	1
HF	1632.881	47250.0	44160.0	18.71120393333399	1632.8765	1632.883	40937	59334	Pipistrellus nathusii	0.37	0.42	-1	Echolocation	192000	/home/adkris/Documents/mila-human-wav-txt/20220826_070000.WAV	2959	Waveform 1	1
HF	1632.9523	43500.0	43200.0	7.925208018309443	1632.9495	1632.9577	38359	50330	Pipistrellus nathusii	0.47	0.56	-1	Echolocation	192000	/home/adkris/Documents/mila-human-wav-txt/20220826_070000.WAV	2960	Waveform 1	1
HF	1633.1205666666667	39750.0	40320.0	3.6508467600274415	1633.1185	1633.1286	39218	45393	Pipistrellus nathusii	0.221	0.243	-1	Echolocation	192000	/home/adkris/Documents/mila-human-wav-txt/20220826_070000.WAV	2961	Waveform 1	1
HF	1633.3534666666667	47250.0	45120.0	1.924881014840511	1633.3475	1633.3537	34062	55610	Myotis brandtii	0.015	0.031	-1	Echolocation	192000	/home/adkris/Documents/mila-human-wav-txt/20220826_070000.WAV	2962	Waveform 1	1
HF	1633.4602333333332	45750.0	45120.0	11.790812367240498	1633.4545	1633.4621	39218	50470	Pipistrellus nathusii	0.552	0.576	-1	Echolocation	192000	/home/adkris/Documents/mila-human-wav-txt/20220826_070000.WAV	2963	Waveform 1	1
HF	1633.5451666666668	40500.0	41280.0	1.9103617317861872	1633.5415	1633.55	39218	48609	Pipistrellus nathusii	0.412	0.437	-1	Echolocation	192000	/home/adkris/Documents/mila-human-wav-txt/20220826_070000.WAV	2964	Waveform 1	1
HF	1633.6423	42750.0	43200.0	10.657851407517176	1633.6375	1633.6437	40078	51652	Pipistrellus nathusii	0.565	0.593	-1	Echolocation	192000	/home/adkris/Documents/mila-human-wav-txt/20220826_070000.WAV	2965	Waveform 1	1
HF	1633.8328	45750.0	45120.0	12.411713063719358	1633.8305	1633.8392	38359	50784	Pipistrellus nathusii	0.552	0.621	-1	Echolocation	192000	/home/adkris/Documents/mila-human-wav-txt/20220826_070000.WAV	2966	Waveform 1	1
HF	1634.245	48000.0	46080.0	2.6638642344547954	1634.2405	1634.247	40937	62044	Myotis mystacinus	0.007	0.021	-1	Echolocation	192000	/home/adkris/Documents/mila-human-wav-txt/20220826_070000.WAV	2967	Waveform 1	1
HF	1634.5832666666668	41250.0	40320.0	10.918763689488578	1634.5795	1634.5879	39218	51884	Pipistrellus nathusii	0.589	0.65	-1	Echolocation	192000	/home/adkris/Documents/mila-human-wav-txt/20220826_070000.WAV	2968	Waveform 1	1
HF	1634.8944333333334	39750.0	39360.0	5.048237440019571	1634.8875	1634.8974	38359	45277	Pipistrellus nathusii	0.561	0.613	-1	Echolocation	192000	/home/adkris/Documents/mila-human-wav-txt/20220826_070000.WAV	2969	Waveform 1	1
HF	1635.2010333333333	41250.0	41280.0	3.8309280769717056	1635.1985	1635.2093	38359	44557	Pipistrellus nathusii	0.376	0.393	-1	Echolocation	192000	/home/adkris/Documents/mila-human-wav-txt/20220826_070000.WAV	2970	Waveform 1	1
HF	1635.7601666666667	41250.0	41280.0	3.162160554478657	1635.7585	1635.7655	40078	46079	Pipistrellus nathusii	0.497	0.516	-1	Echolocation	192000	/home/adkris/Documents/mila-human-wav-txt/20220826_070000.WAV	2971	Waveform 1	1
HF	1636.414266666667	49500.0	48960.0	7.005393166613101	1636.4095	1636.4169	47812	61504	Pipistrellus pipistrellus	0.429	0.588	-1	Echolocation	192000	/home/adkris/Documents/mila-human-wav-txt/20220826_070000.WAV	2972	Waveform 1	1
HF	1636.4941333333334	52500.0	47040.0	4.233380287265412	1636.4905	1636.4967	47812	63117	Pipistrellus pipistrellus	0.333	0.404	-1	Echolocation	192000	/home/adkris/Documents/mila-human-wav-txt/20220826_070000.WAV	2973	Waveform 1	1
HF	1636.6114666666667	42000.0	41280.0	11.46113236129314	1636.6075	1636.6157	39218	52457	Pipistrellus nathusii	0.552	0.635	-1	Echolocation	192000	/home/adkris/Documents/mila-human-wav-txt/20220826_070000.WAV	2974	Waveform 1	1
HF	1636.6577	48750.0	48960.0	10.008504194647864	1636.6535	1636.6603	46953	62482	Pipistrellus pipistrellus	0.446	0.643	-1	Echolocation	192000	/home/adkris/Documents/mila-human-wav-txt/20220826_070000.WAV	2975	Waveform 1	1
HF	1636.7464333333332	48000.0	48000.0	17.27072449578177	1636.7425	1636.7484	46093	62167	Pipistrellus pipistrellus	0.458	0.561	-1	Echolocation	192000	/home/adkris/Documents/mila-human-wav-txt/20220826_070000.WAV	2976	Waveform 1	1
HF	1636.7468666666666	47250.0	48960.0	13.97368018342885	1636.7435	1636.7488	34062	73893	Myotis mystacinus	0.015	0.046	-1	Echolocation	192000	/home/adkris/Documents/mila-human-wav-txt/20220826_070000.WAV	2977	Waveform 1	1
HF	1636.8347	48750.0	48960.0	8.328807918071819	1636.8315	1636.8393	46953	61887	Pipistrellus pipistrellus	0.44	0.568	-1	Echolocation	192000	/home/adkris/Documents/mila-human-wav-txt/20220826_070000.WAV	2978	Waveform 1	1
HF	1636.8536	39750.0	42240.0	4.641582236524876	1636.8485	1636.8579	39218	47137	Pipistrellus nathusii	0.496	0.62	-1	Echolocation	192000	/home/adkris/Documents/mila-human-wav-txt/20220826_070000.WAV	2979	Waveform 1	1
HF	1636.9141666666667	49500.0	48960.0	9.264412622716009	1636.9115	1636.9175	47812	60632	Pipistrellus pipistrellus	0.503	0.611	-1	Echolocation	192000	/home/adkris/Documents/mila-human-wav-txt/20220826_070000.WAV	2980	Waveform 1	1
HF	1636.9438666666667	40500.0	41280.0	8.555096205044112	1636.9405	1636.9493	40078	50208	Pipistrellus nathusii	0.522	0.599	-1	Echolocation	192000	/home/adkris/Documents/mila-human-wav-txt/20220826_070000.WAV	2981	Waveform 1	1
HF	1636.9960666666666	49500.0	48960.0	7.790904270723621	1636.9905	1637.0006	47812	63198	Pipistrellus pipistrellus	0.393	0.559	-1	Echolocation	192000	/home/adkris/Documents/mila-human-wav-txt/20220826_070000.WAV	2982	Waveform 1	1
HF	1637.0289333333333	42000.0	42240.0	8.209607145776628	1637.0255	1637.0354	38359	48212	Pipistrellus nathusii	0.58	0.625	-1	Echolocation	192000	/home/adkris/Documents/mila-human-wav-txt/20220826_070000.WAV	2983	Waveform 1	1
HF	1637.0657333333334	49500.0	48960.0	6.314029882025498	1637.0625	1637.0691	48671	58109	Pipistrellus pipistrellus	0.379	0.435	-1	Echolocation	192000	/home/adkris/Documents/mila-human-wav-txt/20220826_070000.WAV	2984	Waveform 1	1
HF	1637.1250333333332	41250.0	40320.0	4.570529814006109	1637.1185	1637.1253	29765	52392	Myotis daubentonii	0.007	0.023	-1	Echolocation	192000	/home/adkris/Documents/mila-human-wav-txt/20220826_070000.WAV	2985	Waveform 1	1
HF	1637.1707	53250.0	52800.00000000001	6.129490964333781	1637.1685	1637.1738	46953	61115	Pipistrellus pipistrellus	0.161	0.198	-1	Echolocation	192000	/home/adkris/Documents/mila-human-wav-txt/20220826_070000.WAV	2986	Waveform 1	1
HF	1637.2963333333332	48750.0	48960.0	4.319787338356608	1637.2935	1637.3005	48671	60050	Pipistrellus pipistrellus	0.429	0.502	-1	Echolocation	192000	/home/adkris/Documents/mila-human-wav-txt/20220826_070000.WAV	2987	Waveform 1	1
HF	1637.5995333333333	47250.0	48000.0	3.2869902744506656	1637.5955	1637.6013	46953	56506	Pipistrellus pipistrellus	0.438	0.484	-1	Echolocation	192000	/home/adkris/Documents/mila-human-wav-txt/20220826_070000.WAV	2988	Waveform 1	1
LF	1637.6812666666667	39750.0	39360.0	1.8838464330777749	1637.6755	1637.6819	28046	43907	Myotis daubentonii	0.007	0.023	-1	Echolocation	192000	/home/adkris/Documents/mila-human-wav-txt/20220826_070000.WAV	2989	Waveform 1	1
HF	1637.8424333333332	47250.0	47040.0	6.1036918127633655	1637.8385	1637.8444	46953	53817	Pipistrellus pipistrellus	0.503	0.595	-1	Echolocation	192000	/home/adkris/Documents/mila-human-wav-txt/20220826_070000.WAV	2990	Waveform 1	1
HF	1638.1173666666666	47250.0	48000.0	3.198499790875577	1638.1125	1638.1198	47812	54736	Pipistrellus pipistrellus	0.281	0.324	-1	Echolocation	192000	/home/adkris/Documents/mila-human-wav-txt/20220826_070000.WAV	2991	Waveform 1	1
HF	1646.1028666666666	49500.0	48960.0	3.590259858293484	1646.1005	1646.1068	47812	59245	Pipistrellus pipistrellus	0.365	0.385	-1	Echolocation	192000	/home/adkris/Documents/mila-human-wav-txt/20220826_070000.WAV	2992	Waveform 1	1
HF	1646.1878666666669	56250.0	49920.0	3.310009655104201	1646.1855	1646.1918	49531	59719	Pipistrellus pipistrellus	0.181	0.206	-1	Echolocation	192000	/home/adkris/Documents/mila-human-wav-txt/20220826_070000.WAV	2993	Waveform 1	1
HF	1646.2767333333334	49500.0	49920.0	4.945399690752779	1646.2735	1646.2801	48671	56145	Pipistrellus pipistrellus	0.463	0.549	-1	Echolocation	192000	/home/adkris/Documents/mila-human-wav-txt/20220826_070000.WAV	2994	Waveform 1	1
HF	1646.3525666666667	49500.0	48960.0	4.363846796137998	1646.3495	1646.3551	34921	70261	Myotis mystacinus	0.011	0.029	-1	Echolocation	192000	/home/adkris/Documents/mila-human-wav-txt/20220826_070000.WAV	2995	Waveform 1	1
HF	1647.8697666666667	47250.0	47040.0	4.910669212313369	1647.8655	1647.8734	46093	53227	Pipistrellus pipistrellus	0.256	0.272	-1	Echolocation	192000	/home/adkris/Documents/mila-human-wav-txt/20220826_070000.WAV	2996	Waveform 1	1
HF	1649.0556	40500.0	39360.0	2.701245996527109	1649.0525	1649.0639	38359	42103	Pipistrellus nathusii	0.16	0.179	-1	Echolocation	192000	/home/adkris/Documents/mila-human-wav-txt/20220826_070000.WAV	2997	Waveform 1	1
HF	1649.2339333333334	40500.0	40320.0	3.8178418667292178	1649.2295	1649.2384	38359	43324	Pipistrellus nathusii	0.254	0.299	-1	Echolocation	192000	/home/adkris/Documents/mila-human-wav-txt/20220826_070000.WAV	2998	Waveform 1	1
LF	1649.4769333333334	40500.0	40320.0	2.4192133250765364	1649.4705	1649.4774	27187	40020	Eptesicus serotinus	0.008	0.027	-1	Echolocation	192000	/home/adkris/Documents/mila-human-wav-txt/20220826_070000.WAV	2999	Waveform 1	1
HF	1654.216	49500.0	48960.0	2.0845602662414846	1654.2145	1654.2205	47812	53394	Pipistrellus pipistrellus	0.063	0.066	-1	Echolocation	192000	/home/adkris/Documents/mila-human-wav-txt/20220826_070000.WAV	3000	Waveform 1	1
HF	1654.3668666666667	57750.0	57600.0	1.3100658669770486	1654.3655	1654.3728	57265	62681	Pipistrellus pygmaeus	0.024	0.025	-1	Echolocation	192000	/home/adkris/Documents/mila-human-wav-txt/20220826_070000.WAV	3001	Waveform 1	1
HF	1654.8043	49500.0	53760.00000000001	9.005236138688673	1654.7995	1654.8057	47812	61437	Pipistrellus pipistrellus	0.267	0.432	-1	Echolocation	192000	/home/adkris/Documents/mila-human-wav-txt/20220826_070000.WAV	3002	Waveform 1	1
HF	1654.8607	54000.0	49920.0	6.632998409339992	1654.8585	1654.8638	47812	58293	Pipistrellus pipistrellus	0.151	0.179	-1	Echolocation	192000	/home/adkris/Documents/mila-human-wav-txt/20220826_070000.WAV	3003	Waveform 1	1
HF	1662.2121333333334	39750.0	40320.0	6.334064691176863	1662.2075	1662.2162	38359	46647	Pipistrellus nathusii	0.481	0.555	-1	Echolocation	192000	/home/adkris/Documents/mila-human-wav-txt/20220826_070000.WAV	3004	Waveform 1	1
HF	1662.3068	41250.0	42240.0	3.9752334716492936	1662.3035	1662.3112	39218	46973	Pipistrellus nathusii	0.528	0.578	-1	Echolocation	192000	/home/adkris/Documents/mila-human-wav-txt/20220826_070000.WAV	3005	Waveform 1	1
HF	1662.4742	41250.0	40320.0	5.70285118440144	1662.4665	1662.4768	38359	50379	Pipistrellus nathusii	0.396	0.526	-1	Echolocation	192000	/home/adkris/Documents/mila-human-wav-txt/20220826_070000.WAV	3006	Waveform 1	1
HF	1663.1545333333331	54750.0	50880.0	4.368708894113019	1663.1535	1663.1588	49531	57143	Pipistrellus pipistrellus	0.332	0.34	-1	Echolocation	192000	/home/adkris/Documents/mila-human-wav-txt/20220826_070000.WAV	3007	Waveform 1	1
HF	1663.293233333333	49500.0	48960.0	8.565608245924416	1663.2885	1663.2971	47812	56760	Pipistrellus pipistrellus	0.35	0.577	-1	Echolocation	192000	/home/adkris/Documents/mila-human-wav-txt/20220826_070000.WAV	3008	Waveform 1	1
HF	1663.4681333333333	49500.0	48960.0	9.459179279772306	1663.4635	1663.4722	47812	59932	Pipistrellus pipistrellus	0.343	0.501	-1	Echolocation	192000	/home/adkris/Documents/mila-human-wav-txt/20220826_070000.WAV	3009	Waveform 1	1
HF	1671.9701666666667	49500.0	48960.0	2.8249430183045847	1671.9665	1671.9715	36640	64068	Myotis bechsteinii	0.009	0.031	-1	Echolocation	192000	/home/adkris/Documents/mila-human-wav-txt/20220826_070000.WAV	3010	Waveform 1	1
HF	1672.167866666667	46500.0	46080.0	4.63215599720826	1672.1625	1672.1693	44375	60132	Pipistrellus pipistrellus	0.142	0.25	-1	Echolocation	192000	/home/adkris/Documents/mila-human-wav-txt/20220826_070000.WAV	3011	Waveform 1	1
HF	1672.2815333333333	47250.0	48000.0	3.758341740193575	1672.2775	1672.2833	45234	63868	Pipistrellus pipistrellus	0.222	0.434	-1	Echolocation	192000	/home/adkris/Documents/mila-human-wav-txt/20220826_070000.WAV	3012	Waveform 1	1
HF	1672.3404333333333	50250.0	49920.0	7.997674460908217	1672.3365	1672.3424	47812	62876	Pipistrellus pipistrellus	0.487	0.593	-1	Echolocation	192000	/home/adkris/Documents/mila-human-wav-txt/20220826_070000.WAV	3013	Waveform 1	1
HF	1672.4311	54000.0	52800.00000000001	3.040007515183248	1672.4285	1672.4334	47812	61973	Pipistrellus pipistrellus	0.329	0.413	-1	Echolocation	192000	/home/adkris/Documents/mila-human-wav-txt/20220826_070000.WAV	3014	Waveform 1	1
HF	1672.5506666666668	49500.0	48960.0	11.442299835922965	1672.5465	1672.5545	47812	61950	Pipistrellus pipistrellus	0.35	0.443	-1	Echolocation	192000	/home/adkris/Documents/mila-human-wav-txt/20220826_070000.WAV	3015	Waveform 1	1
HF	1672.6248666666668	51000.0	48960.0	9.140761301811652	1672.6225	1672.6288	47812	57482	Pipistrellus pipistrellus	0.575	0.645	-1	Echolocation	192000	/home/adkris/Documents/mila-human-wav-txt/20220826_070000.WAV	3016	Waveform 1	1
HF	1672.7808666666667	48000.0	47040.0	10.721098256206488	1672.7775	1672.7828	46093	58566	Pipistrellus pipistrellus	0.484	0.554	-1	Echolocation	192000	/home/adkris/Documents/mila-human-wav-txt/20220826_070000.WAV	3017	Waveform 1	1
HF	1683.7179333333331	45000.0	45120.0	2.0258260480356434	1683.7155	1683.7229	44375	48145	Pipistrellus pipistrellus	0.026	0.029	-1	Echolocation	192000	/home/adkris/Documents/mila-human-wav-txt/20220826_070000.WAV	3018	Waveform 1	1
HF	1684.2043	45750.0	46080.0	1.6228523832891797	1684.2025	1684.2117	40937	48657	Pipistrellus nathusii	0.117	0.134	-1	Echolocation	192000	/home/adkris/Documents/mila-human-wav-txt/20220826_070000.WAV	3019	Waveform 1	1
HF	1684.3020666666666	42000.0	42240.0	5.089095979523757	1684.2965	1684.3066	40937	49637	Pipistrellus nathusii	0.467	0.514	-1	Echolocation	192000	/home/adkris/Documents/mila-human-wav-txt/20220826_070000.WAV	3020	Waveform 1	1
HF	1684.3876333333333	42000.0	43200.0	5.579924786042789	1684.3855	1684.3932	40937	48076	Pipistrellus nathusii	0.463	0.478	-1	Echolocation	192000	/home/adkris/Documents/mila-human-wav-txt/20220826_070000.WAV	3021	Waveform 1	1
HF	1684.4722	44250.0	44160.0	4.173929247174924	1684.4685	1684.4793	40078	47389	Pipistrellus nathusii	0.291	0.315	-1	Echolocation	192000	/home/adkris/Documents/mila-human-wav-txt/20220826_070000.WAV	3022	Waveform 1	1
HF	1684.6559333333332	42000.0	41280.0	5.21068031520808	1684.6515	1684.6604	40937	52128	Pipistrellus nathusii	0.508	0.575	-1	Echolocation	192000	/home/adkris/Documents/mila-human-wav-txt/20220826_070000.WAV	3023	Waveform 1	1
HF	1684.7487666666666	42750.0	40320.0	6.742601190674943	1684.7455	1684.7544	40078	48602	Pipistrellus nathusii	0.573	0.65	-1	Echolocation	192000	/home/adkris/Documents/mila-human-wav-txt/20220826_070000.WAV	3024	Waveform 1	1
HF	1684.8393	41250.0	41280.0	8.095315181510784	1684.8335	1684.8422	40937	51141	Pipistrellus nathusii	0.602	0.625	-1	Echolocation	192000	/home/adkris/Documents/mila-human-wav-txt/20220826_070000.WAV	3025	Waveform 1	1
HF	1684.9948333333334	42750.0	42240.0	10.980169904539242	1684.9895	1684.9975	40937	53470	Pipistrellus nathusii	0.557	0.642	-1	Echolocation	192000	/home/adkris/Documents/mila-human-wav-txt/20220826_070000.WAV	3026	Waveform 1	1
HF	1685.4421	39750.0	42240.0	2.7262630249235187	1685.4365	1685.4454	39218	45130	Pipistrellus nathusii	0.281	0.32	-1	Echolocation	192000	/home/adkris/Documents/mila-human-wav-txt/20220826_070000.WAV	3027	Waveform 1	1
HF	1691.0684333333334	40500.0	40320.0	3.1693235915044027	1691.0595	1691.0709	38359	43823	Pipistrellus nathusii	0.334	0.36	-1	Echolocation	192000	/home/adkris/Documents/mila-human-wav-txt/20220826_070000.WAV	3028	Waveform 1	1
HF	1691.1671	41250.0	45120.0	5.292666415949797	1691.1625	1691.1724	38359	46657	Pipistrellus nathusii	0.406	0.515	-1	Echolocation	192000	/home/adkris/Documents/mila-human-wav-txt/20220826_070000.WAV	3029	Waveform 1	1
HF	1691.9007333333334	40500.0	40320.0	2.4371446109362815	1691.8945	1691.9051	39218	44080	Pipistrellus nathusii	0.061	0.075	-1	Echolocation	192000	/home/adkris/Documents/mila-human-wav-txt/20220826_070000.WAV	3030	Waveform 1	1
HF	1692.0107666666668	43500.0	46080.0	0.9687472355338084	1692.0015	1692.0114	38359	51433	Myotis brandtii	0.008	0.028	-1	Echolocation	192000	/home/adkris/Documents/mila-human-wav-txt/20220826_070000.WAV	3031	Waveform 1	1
HF	1692.1255	40500.0	40320.0	4.350390765411818	1692.1195	1692.1315	39218	44549	Pipistrellus nathusii	0.137	0.16	-1	Echolocation	192000	/home/adkris/Documents/mila-human-wav-txt/20220826_070000.WAV	3032	Waveform 1	1
LF	1692.3472333333334	29250.0	43200.0	0.457137663452335	1692.3465	1692.3521	28906	44108	Myotis daubentonii	0.011	0.026	-1	Echolocation	192000	/home/adkris/Documents/mila-human-wav-txt/20220826_070000.WAV	3033	Waveform 1	1
HF	1692.4599333333333	43500.0	45120.0	4.418865799324277	1692.4575	1692.4719	41796	46515	Pipistrellus nathusii	0.083	0.093	-1	Echolocation	192000	/home/adkris/Documents/mila-human-wav-txt/20220826_070000.WAV	3034	Waveform 1	1
HF	1692.5666	45750.0	40320.0	5.290154315309183	1692.5595	1692.5704	40078	48765	Pipistrellus nathusii	0.186	0.213	-1	Echolocation	192000	/home/adkris/Documents/mila-human-wav-txt/20220826_070000.WAV	3035	Waveform 1	1
HF	1692.6538666666668	36750.0	43200.0	2.899035602677489	1692.6495	1692.6573	34921	45148	Myotis brandtii	0.008	0.022	-1	Echolocation	192000	/home/adkris/Documents/mila-human-wav-txt/20220826_070000.WAV	3036	Waveform 1	1
HF	1692.6765666666668	41250.0	41280.0	5.968163581923065	1692.6715	1692.6821	40078	45689	Pipistrellus nathusii	0.059	0.075	-1	Echolocation	192000	/home/adkris/Documents/mila-human-wav-txt/20220826_070000.WAV	3037	Waveform 1	1
LF	1692.7879	25500.0	29760.0	0.3223543733703883	1692.7845	1692.7921	27187	38347	Eptesicus serotinus	0.007	0.024	-1	Echolocation	192000	/home/adkris/Documents/mila-human-wav-txt/20220826_070000.WAV	3038	Waveform 1	1
HF	1692.8480333333334	47250.0	48000.0	3.4881369181653055	1692.8435	1692.8523	46953	52497	Pipistrellus pipistrellus	0.257	0.327	-1	Echolocation	192000	/home/adkris/Documents/mila-human-wav-txt/20220826_070000.WAV	3039	Waveform 1	1
HF	1692.9035666666666	41250.0	41280.0	7.289782323160119	1692.8995	1692.9111	40078	49836	Pipistrellus nathusii	0.251	0.275	-1	Echolocation	192000	/home/adkris/Documents/mila-human-wav-txt/20220826_070000.WAV	3040	Waveform 1	1
HF	1692.946	48000.0	48000.0	5.884470373922817	1692.9385	1692.949	47812	61916	Pipistrellus pipistrellus	0.342	0.558	-1	Echolocation	192000	/home/adkris/Documents/mila-human-wav-txt/20220826_070000.WAV	3041	Waveform 1	1
HF	1693.0164	40500.0	41280.0	8.373179596897353	1693.0105	1693.0226	40078	48460	Pipistrellus nathusii	0.215	0.235	-1	Echolocation	192000	/home/adkris/Documents/mila-human-wav-txt/20220826_070000.WAV	3042	Waveform 1	1
HF	1693.2124666666666	47250.0	47040.0	11.72875694140962	1693.2065	1693.2127	35781	62539	Myotis brandtii	0.009	0.025	-1	Echolocation	192000	/home/adkris/Documents/mila-human-wav-txt/20220826_070000.WAV	3043	Waveform 1	1
HF	1693.2226666666666	42000.0	47040.0	-1.1572660874025298	1693.2195	1693.225	37500	57550	Myotis daubentonii	0.021	0.048	-1	Echolocation	192000	/home/adkris/Documents/mila-human-wav-txt/20220826_070000.WAV	3044	Waveform 1	1
HF	1693.3033666666668	48750.0	48960.0	3.5427124397962824	1693.2995	1693.3078	47812	55023	Pipistrellus pipistrellus	0.375	0.434	-1	Echolocation	192000	/home/adkris/Documents/mila-human-wav-txt/20220826_070000.WAV	3045	Waveform 1	1
HF	1693.337	40500.0	41280.0	7.116677842288985	1693.3315	1693.3405	38359	48935	Pipistrellus nathusii	0.274	0.339	-1	Echolocation	192000	/home/adkris/Documents/mila-human-wav-txt/20220826_070000.WAV	3046	Waveform 1	1
HF	1693.4027333333331	48750.0	48000.0	7.826138776456604	1693.3975	1693.4091	46953	61556	Pipistrellus nathusii	0.214	0.398	-1	Echolocation	192000	/home/adkris/Documents/mila-human-wav-txt/20220826_070000.WAV	3047	Waveform 1	1
HF	1693.5016	48750.0	48960.0	12.871516357374077	1693.4965	1693.5059	46953	62796	Pipistrellus pipistrellus	0.427	0.685	-1	Echolocation	192000	/home/adkris/Documents/mila-human-wav-txt/20220826_070000.WAV	3048	Waveform 1	1
HF	1693.5789333333332	49500.0	48960.0	10.916192461667622	1693.5755	1693.5819	46953	60846	Pipistrellus pipistrellus	0.42	0.58	-1	Echolocation	192000	/home/adkris/Documents/mila-human-wav-txt/20220826_070000.WAV	3049	Waveform 1	1
HF	1693.6281666666666	41250.0	44160.0	7.752903151065189	1693.6195	1693.63	40937	53784	Pipistrellus nathusii	0.367	0.449	-1	Echolocation	192000	/home/adkris/Documents/mila-human-wav-txt/20220826_070000.WAV	3050	Waveform 1	1
HF	1693.6700666666666	48750.0	48960.0	3.6611273432288103	1693.6665	1693.6751	48671	56278	Pipistrellus pipistrellus	0.127	0.159	-1	Echolocation	192000	/home/adkris/Documents/mila-human-wav-txt/20220826_070000.WAV	3051	Waveform 1	1
HF	1693.7222	45000.0	42240.0	13.678708415744246	1693.7185	1693.7293	40937	55228	Pipistrellus nathusii	0.364	0.428	-1	Echolocation	192000	/home/adkris/Documents/mila-human-wav-txt/20220826_070000.WAV	3052	Waveform 1	1
HF	1693.7390333333333	49500.0	48960.0	1.9899260042177829	1693.7355	1693.7418	47812	58650	Pipistrellus pipistrellus	0.355	0.416	-1	Echolocation	192000	/home/adkris/Documents/mila-human-wav-txt/20220826_070000.WAV	3053	Waveform 1	1
HF	1693.7996	49500.0	48000.0	4.058097919223575	1693.7955	1693.8024	44375	57083	Pipistrellus pipistrellus	0.085	0.175	-1	Echolocation	192000	/home/adkris/Documents/mila-human-wav-txt/20220826_070000.WAV	3054	Waveform 1	1
HF	1693.8367666666666	45000.0	41280.0	10.207655007911017	1693.8345	1693.8479	40078	48217	Pipistrellus nathusii	0.305	0.362	-1	Echolocation	192000	/home/adkris/Documents/mila-human-wav-txt/20220826_070000.WAV	3055	Waveform 1	1
HF	1693.9355	40500.0	41280.0	8.748000583584075	1693.9235	1693.9365	40078	49611	Pipistrellus nathusii	0.299	0.348	-1	Echolocation	192000	/home/adkris/Documents/mila-human-wav-txt/20220826_070000.WAV	3056	Waveform 1	1
HF	1694.0203	45000.0	45120.0	13.779599644708576	1694.0155	1694.0217	30625	56388	Myotis brandtii	0.016	0.036	-1	Echolocation	192000	/home/adkris/Documents/mila-human-wav-txt/20220826_070000.WAV	3057	Waveform 1	1
HF	1694.1287333333332	39000.0	41280.0	4.293250056564305	1694.1225	1694.1331	38359	44480	Pipistrellus nathusii	0.331	0.349	-1	Echolocation	192000	/home/adkris/Documents/mila-human-wav-txt/20220826_070000.WAV	3058	Waveform 1	1
HF	1694.2029	42750.0	42240.0	4.386691899684962	1694.1995	1694.2071	40078	50211	Pipistrellus nathusii	0.409	0.432	-1	Echolocation	192000	/home/adkris/Documents/mila-human-wav-txt/20220826_070000.WAV	3059	Waveform 1	1
HF	1694.2951666666668	41250.0	41280.0	5.567833306824289	1694.2885	1694.2975	40078	50376	Pipistrellus nathusii	0.458	0.512	-1	Echolocation	192000	/home/adkris/Documents/mila-human-wav-txt/20220826_070000.WAV	3060	Waveform 1	1
HF	1694.3289666666667	45000.0	42240.0	5.970084867225961	1694.3235	1694.3302	31484	48047	Myotis brandtii	0.01	0.027	-1	Echolocation	192000	/home/adkris/Documents/mila-human-wav-txt/20220826_070000.WAV	3061	Waveform 1	1
HF	1694.4377	45750.0	46080.0	18.681983384203097	1694.4325	1694.4418	40078	58178	Pipistrellus nathusii	0.558	0.605	-1	Echolocation	192000	/home/adkris/Documents/mila-human-wav-txt/20220826_070000.WAV	3062	Waveform 1	1
HF	1694.5439	44250.0	43200.0	10.712612535835202	1694.5355	1694.5451	40078	54262	Pipistrellus nathusii	0.588	0.609	-1	Echolocation	192000	/home/adkris/Documents/mila-human-wav-txt/20220826_070000.WAV	3063	Waveform 1	1
LF	1694.5478333333333	41250.0	41280.0	3.642638351911928	1694.5435	1694.549	29765	40978	Myotis daubentonii	0.01	0.03	-1	Echolocation	192000	/home/adkris/Documents/mila-human-wav-txt/20220826_070000.WAV	3064	Waveform 1	1
HF	1694.635	54000.0	53760.00000000001	7.907911720379542	1694.6345	1694.6415	53828	58862	Pipistrellus pygmaeus	0.102	0.105	-1	Echolocation	192000	/home/adkris/Documents/mila-human-wav-txt/20220826_070000.WAV	3065	Waveform 1	1
HF	1694.6898333333334	43500.0	44160.0	7.57127074928448	1694.6875	1694.695	40937	52691	Pipistrellus nathusii	0.468	0.511	-1	Echolocation	192000	/home/adkris/Documents/mila-human-wav-txt/20220826_070000.WAV	3066	Waveform 1	1
HF	1694.7419666666667	43500.0	41280.0	10.07671072462552	1694.7375	1694.7487	40078	55230	Pipistrellus nathusii	0.577	0.614	-1	Echolocation	192000	/home/adkris/Documents/mila-human-wav-txt/20220826_070000.WAV	3067	Waveform 1	1
HF	1694.8340666666666	45750.0	48000.0	12.840665046814689	1694.8305	1694.8391	40078	53840	Pipistrellus nathusii	0.443	0.474	-1	Echolocation	192000	/home/adkris/Documents/mila-human-wav-txt/20220826_070000.WAV	3068	Waveform 1	1
HF	1694.929933333333	52500.0	52800.00000000001	8.326823087272912	1694.9275	1694.9349	52968	58930	Pipistrellus pygmaeus	0.054	0.06	-1	Echolocation	192000	/home/adkris/Documents/mila-human-wav-txt/20220826_070000.WAV	3069	Waveform 1	1
HF	1695.0357	45000.0	45120.0	13.965962844822752	1695.0305	1695.0363	30625	57780	Myotis brandtii	0.012	0.028	-1	Echolocation	192000	/home/adkris/Documents/mila-human-wav-txt/20220826_070000.WAV	3070	Waveform 1	1
HF	1695.0936333333334	44250.0	46080.0	3.369063100602783	1695.0935	1695.0997	40937	48157	Pipistrellus nathusii	0.309	0.326	-1	Echolocation	192000	/home/adkris/Documents/mila-human-wav-txt/20220826_070000.WAV	3071	Waveform 1	1
HF	1695.1369666666667	43500.0	43200.0	14.62265555502725	1695.1355	1695.1427	40078	54713	Pipistrellus nathusii	0.63	0.639	-1	Echolocation	192000	/home/adkris/Documents/mila-human-wav-txt/20220826_070000.WAV	3072	Waveform 1	1
HF	1695.2836666666667	45000.0	46080.0	14.654451103388396	1695.2795	1695.291	40937	57256	Pipistrellus nathusii	0.443	0.468	-1	Echolocation	192000	/home/adkris/Documents/mila-human-wav-txt/20220826_070000.WAV	3073	Waveform 1	1
HF	1695.3829666666666	40500.0	41280.0	11.215714758187616	1695.3725	1695.3847	38359	46454	Pipistrellus nathusii	0.401	0.417	-1	Echolocation	192000	/home/adkris/Documents/mila-human-wav-txt/20220826_070000.WAV	3074	Waveform 1	1
HF	1695.4859666666666	47250.0	48960.0	11.77436515843544	1695.4805	1695.4872	48671	57281	Pipistrellus pipistrellus	0.027	0.046	-1	Echolocation	192000	/home/adkris/Documents/mila-human-wav-txt/20220826_070000.WAV	3075	Waveform 1	1
HF	1695.6067666666668	44250.0	41280.0	10.527479433161522	1695.5965	1695.6089	39218	50020	Pipistrellus nathusii	0.492	0.526	-1	Echolocation	192000	/home/adkris/Documents/mila-human-wav-txt/20220826_070000.WAV	3076	Waveform 1	1
HF	1695.7215666666666	48000.0	48960.0	12.684288957579785	1695.7165	1695.7236	49531	55023	Pipistrellus pipistrellus	0.025	0.038	-1	Echolocation	192000	/home/adkris/Documents/mila-human-wav-txt/20220826_070000.WAV	3077	Waveform 1	1
HF	1695.8296	44250.0	44160.0	3.306663088673088	1695.8245	1695.8304	29765	51808	Myotis brandtii	0.008	0.03	-1	Echolocation	192000	/home/adkris/Documents/mila-human-wav-txt/20220826_070000.WAV	3078	Waveform 1	1
HF	1695.9429333333333	40500.0	40320.0	6.378479319831061	1695.9345	1695.9464	38359	44531	Pipistrellus nathusii	0.119	0.14	-1	Echolocation	192000	/home/adkris/Documents/mila-human-wav-txt/20220826_070000.WAV	3079	Waveform 1	1
HF	1696.0547	42750.0	43200.0	14.015755394177138	1696.0485	1696.0603	36640	53840	Pipistrellus nathusii	0.227	0.294	-1	Echolocation	192000	/home/adkris/Documents/mila-human-wav-txt/20220826_070000.WAV	3080	Waveform 1	1
HF	1696.1677333333332	42000.0	42240.0	10.710848345173684	1696.1605	1696.1701	37500	46090	Pipistrellus nathusii	0.215	0.273	-1	Echolocation	192000	/home/adkris/Documents/mila-human-wav-txt/20220826_070000.WAV	3081	Waveform 1	1
HF	1696.2645333333332	41250.0	40320.0	4.595162602002329	1696.2615	1696.2683	28906	48659	Myotis daubentonii	0.006	0.021	-1	Echolocation	192000	/home/adkris/Documents/mila-human-wav-txt/20220826_070000.WAV	3082	Waveform 1	1
HF	1696.361666666667	39750.0	39360.0	7.4972486059494114	1696.3585	1696.3675	38359	48494	Pipistrellus nathusii	0.233	0.288	-1	Echolocation	192000	/home/adkris/Documents/mila-human-wav-txt/20220826_070000.WAV	3083	Waveform 1	1
HF	1696.5774	45000.0	45120.0	3.6023325975392972	1696.5695	1696.5831	41796	45853	Pipistrellus nathusii	0.147	0.164	-1	Echolocation	192000	/home/adkris/Documents/mila-human-wav-txt/20220826_070000.WAV	3084	Waveform 1	1
HF	1696.7904	45000.0	45120.0	6.397366251970796	1696.7885	1696.7976	40078	52848	Pipistrellus nathusii	0.086	0.141	-1	Echolocation	192000	/home/adkris/Documents/mila-human-wav-txt/20220826_070000.WAV	3085	Waveform 1	1
HF	1696.9849333333334	42000.0	42240.0	6.340148310449617	1696.9775	1696.9869	40078	49952	Pipistrellus nathusii	0.111	0.163	-1	Echolocation	192000	/home/adkris/Documents/mila-human-wav-txt/20220826_070000.WAV	3086	Waveform 1	1
HF	1697.1785	46500.0	44160.0	6.335890234832593	1697.1765	1697.1855	40078	52540	Pipistrellus nathusii	0.327	0.367	-1	Echolocation	192000	/home/adkris/Documents/mila-human-wav-txt/20220826_070000.WAV	3087	Waveform 1	1
HF	1697.4034333333334	43500.0	41280.0	6.8672611463143385	1697.4005	1697.4109	39218	50292	Pipistrellus nathusii	0.093	0.126	-1	Echolocation	192000	/home/adkris/Documents/mila-human-wav-txt/20220826_070000.WAV	3088	Waveform 1	1
HF	1697.8390333333334	39000.0	41280.0	4.488283727449527	1697.8335	1697.8448	38359	44199	Pipistrellus nathusii	0.182	0.209	-1	Echolocation	192000	/home/adkris/Documents/mila-human-wav-txt/20220826_070000.WAV	3089	Waveform 1	1
HF	1702.7652	39000.0	43200.0	1.493192050710299	1702.7605	1702.7703	38359	44941	Pipistrellus nathusii	0.309	0.328	-1	Echolocation	192000	/home/adkris/Documents/mila-human-wav-txt/20220826_070000.WAV	3090	Waveform 1	1
HF	1702.9629666666667	45750.0	43200.0	7.098834825725399	1702.9605	1702.9702	39218	50388	Pipistrellus nathusii	0.46	0.521	-1	Echolocation	192000	/home/adkris/Documents/mila-human-wav-txt/20220826_070000.WAV	3091	Waveform 1	1
HF	1703.0709333333334	40500.0	40320.0	5.2853586988967045	1703.0665	1703.0754	39218	46330	Pipistrellus nathusii	0.466	0.516	-1	Echolocation	192000	/home/adkris/Documents/mila-human-wav-txt/20220826_070000.WAV	3092	Waveform 1	1
HF	1703.1751666666669	40500.0	41280.0	5.470147148108277	1703.1695	1703.1795	38359	45136	Pipistrellus nathusii	0.223	0.251	-1	Echolocation	192000	/home/adkris/Documents/mila-human-wav-txt/20220826_070000.WAV	3093	Waveform 1	1
HF	1703.2827	40500.0	39360.0	7.400016835320739	1703.2775	1703.2868	38359	45796	Pipistrellus nathusii	0.544	0.611	-1	Echolocation	192000	/home/adkris/Documents/mila-human-wav-txt/20220826_070000.WAV	3094	Waveform 1	1
HF	1703.4797666666666	40500.0	41280.0	3.3399090739242814	1703.4755	1703.4869	39218	46184	Pipistrellus nathusii	0.452	0.471	-1	Echolocation	192000	/home/adkris/Documents/mila-human-wav-txt/20220826_070000.WAV	3095	Waveform 1	1
HF	1703.520533333333	43500.0	43200.0	4.746505988694799	1703.5165	1703.5258	41796	47414	Pipistrellus nathusii	0.282	0.306	-1	Echolocation	192000	/home/adkris/Documents/mila-human-wav-txt/20220826_070000.WAV	3096	Waveform 1	1
HF	1703.5751	44250.0	43200.0	4.334016006764371	1703.5715	1703.5824	40937	53355	Pipistrellus nathusii	0.493	0.561	-1	Echolocation	192000	/home/adkris/Documents/mila-human-wav-txt/20220826_070000.WAV	3097	Waveform 1	1
HF	1703.6827	39750.0	39360.0	6.131348374019312	1703.6775	1703.6868	39218	46044	Pipistrellus nathusii	0.481	0.547	-1	Echolocation	192000	/home/adkris/Documents/mila-human-wav-txt/20220826_070000.WAV	3098	Waveform 1	1
HF	1703.737033333333	43500.0	44160.0	6.5785216000321896	1703.7335	1703.7398	37500	50813	Myotis brandtii	0.025	0.077	-1	Echolocation	192000	/home/adkris/Documents/mila-human-wav-txt/20220826_070000.WAV	3099	Waveform 1	1
HF	1703.8316666666667	42750.0	45120.0	4.063636086704724	1703.8285	1703.8375	40937	46872	Pipistrellus nathusii	0.349	0.379	-1	Echolocation	192000	/home/adkris/Documents/mila-human-wav-txt/20220826_070000.WAV	3100	Waveform 1	1
HF	1703.8534	45750.0	44160.0	5.181616692655842	1703.8505	1703.8586	40078	51520	Pipistrellus nathusii	0.543	0.568	-1	Echolocation	192000	/home/adkris/Documents/mila-human-wav-txt/20220826_070000.WAV	3101	Waveform 1	1
HF	1703.9241333333334	43500.0	44160.0	4.848883152957438	1703.9205	1703.9302	40937	49738	Pipistrellus nathusii	0.246	0.284	-1	Echolocation	192000	/home/adkris/Documents/mila-human-wav-txt/20220826_070000.WAV	3102	Waveform 1	1
HF	1703.9508666666666	41250.0	43200.0	7.318139175189774	1703.9445	1703.9538	40078	50129	Pipistrellus nathusii	0.519	0.559	-1	Echolocation	192000	/home/adkris/Documents/mila-human-wav-txt/20220826_070000.WAV	3103	Waveform 1	1
HF	1704.1228666666666	41250.0	40320.0	8.383154075798393	1704.1185	1704.1263	40078	52537	Pipistrellus nathusii	0.525	0.595	-1	Echolocation	192000	/home/adkris/Documents/mila-human-wav-txt/20220826_070000.WAV	3104	Waveform 1	1
HF	1704.2224666666666	39750.0	39360.0	13.067269409799088	1704.2165	1704.2262	39218	51653	Pipistrellus nathusii	0.606	0.676	-1	Echolocation	192000	/home/adkris/Documents/mila-human-wav-txt/20220826_070000.WAV	3105	Waveform 1	1
HF	1704.2537333333332	42750.0	43200.0	5.729793160130847	1704.2475	1704.2581	40078	47780	Pipistrellus nathusii	0.208	0.219	-1	Echolocation	192000	/home/adkris/Documents/mila-human-wav-txt/20220826_070000.WAV	3106	Waveform 1	1
HF	1704.3460333333333	44250.0	45120.0	3.0948578885499827	1704.3395	1704.3463	32343	47999	Myotis brandtii	0.009	0.024	-1	Echolocation	192000	/home/adkris/Documents/mila-human-wav-txt/20220826_070000.WAV	3107	Waveform 1	1
HF	1704.4544	45750.0	41280.0	8.812621818089003	1704.4515	1704.4631	38359	50676	Pipistrellus nathusii	0.525	0.568	-1	Echolocation	192000	/home/adkris/Documents/mila-human-wav-txt/20220826_070000.WAV	3108	Waveform 1	1
HF	1704.4773666666667	47250.0	46080.0	8.181831510541805	1704.4755	1704.4858	40078	56593	Pipistrellus nathusii	0.612	0.694	-1	Echolocation	192000	/home/adkris/Documents/mila-human-wav-txt/20220826_070000.WAV	3109	Waveform 1	1
HF	1704.5278666666666	46500.0	43200.0	2.9490685335458595	1704.5245	1704.5333	41796	49498	Pipistrellus nathusii	0.097	0.131	-1	Echolocation	192000	/home/adkris/Documents/mila-human-wav-txt/20220826_070000.WAV	3110	Waveform 1	1
HF	1704.633466666667	50250.0	47040.0	8.097788990009851	1704.6275	1704.6337	31484	53081	Myotis brandtii	0.011	0.025	-1	Echolocation	192000	/home/adkris/Documents/mila-human-wav-txt/20220826_070000.WAV	3111	Waveform 1	1
HF	1704.6584	42000.0	42240.0	1.225918297505488	1704.6565	1704.6656	40937	46282	Pipistrellus nathusii	0.214	0.228	-1	Echolocation	192000	/home/adkris/Documents/mila-human-wav-txt/20220826_070000.WAV	3112	Waveform 1	1
HF	1704.7291333333333	42750.0	42240.0	9.18564316077766	1704.7245	1704.7332	40078	49994	Pipistrellus nathusii	0.58	0.619	-1	Echolocation	192000	/home/adkris/Documents/mila-human-wav-txt/20220826_070000.WAV	3113	Waveform 1	1
HF	1704.7589333333333	40500.0	40320.0	14.175729800945971	1704.7555	1704.7654	39218	49976	Pipistrellus nathusii	0.528	0.564	-1	Echolocation	192000	/home/adkris/Documents/mila-human-wav-txt/20220826_070000.WAV	3114	Waveform 1	1
HF	1704.8604333333333	40500.0	44160.0	13.515877232454764	1704.8565	1704.8659	39218	58101	Pipistrellus nathusii	0.453	0.487	-1	Echolocation	192000	/home/adkris/Documents/mila-human-wav-txt/20220826_070000.WAV	3115	Waveform 1	1
HF	1704.8742333333332	43500.0	43200.0	0.0559639825622294	1704.8735	1704.8791	30625	56059	Myotis brandtii	0.01	0.025	-1	Echolocation	192000	/home/adkris/Documents/mila-human-wav-txt/20220826_070000.WAV	3116	Waveform 1	1
HF	1704.9637666666667	42750.0	43200.0	16.825783819858593	1704.9595	1704.9674	40078	52040	Pipistrellus nathusii	0.609	0.63	-1	Echolocation	192000	/home/adkris/Documents/mila-human-wav-txt/20220826_070000.WAV	3117	Waveform 1	1
HF	1705.042333333333	42750.0	43200.0	5.273240647667349	1705.0395	1705.0465	40078	50279	Pipistrellus nathusii	0.508	0.547	-1	Echolocation	192000	/home/adkris/Documents/mila-human-wav-txt/20220826_070000.WAV	3118	Waveform 1	1
HF	1705.0696	48000.0	48000.0	18.40616025369692	1705.0685	1705.0749	46953	55939	Pipistrellus pipistrellus	0.04	0.059	-1	Echolocation	192000	/home/adkris/Documents/mila-human-wav-txt/20220826_070000.WAV	3119	Waveform 1	1
HF	1705.1798666666666	39750.0	42240.0	13.11182444737029	1705.1745	1705.1848	38359	50706	Pipistrellus nathusii	0.602	0.632	-1	Echolocation	192000	/home/adkris/Documents/mila-human-wav-txt/20220826_070000.WAV	3120	Waveform 1	1
HF	1705.290166666667	40500.0	45120.0	19.53145038797617	1705.2845	1705.2945	39218	56511	Pipistrellus nathusii	0.59	0.661	-1	Echolocation	192000	/home/adkris/Documents/mila-human-wav-txt/20220826_070000.WAV	3121	Waveform 1	1
HF	1705.366	45000.0	45120.0	5.238522030308337	1705.3645	1705.3705	29765	51125	Barbastellus barbastellus	0.01	0.039	-1	Echolocation	192000	/home/adkris/Documents/mila-human-wav-txt/20220826_070000.WAV	3122	Waveform 1	1
HF	1705.4101333333333	41250.0	41280.0	17.36219883788745	1705.3985	1705.4107	38359	57399	Pipistrellus nathusii	0.47	0.545	-1	Echolocation	192000	/home/adkris/Documents/mila-human-wav-txt/20220826_070000.WAV	3123	Waveform 1	1
HF	1705.598	44250.0	44160.0	13.85630163533066	1705.5925	1705.598	30625	52309	Myotis bechsteinii	0.01	0.029	-1	Echolocation	192000	/home/adkris/Documents/mila-human-wav-txt/20220826_070000.WAV	3124	Waveform 1	1
HF	1705.6413333333333	42750.0	43200.0	1.9006283856345323	1705.6395	1705.6475	37500	45047	Pipistrellus nathusii	0.211	0.233	-1	Echolocation	192000	/home/adkris/Documents/mila-human-wav-txt/20220826_070000.WAV	3125	Waveform 1	1
HF	1705.7071	44250.0	44160.0	15.163937502032212	1705.7035	1705.7144	38359	53233	Pipistrellus nathusii	0.508	0.583	-1	Echolocation	192000	/home/adkris/Documents/mila-human-wav-txt/20220826_070000.WAV	3126	Waveform 1	1
HF	1705.8199666666667	49500.0	48960.0	15.187264818052157	1705.8145	1705.8212	50390	56015	Pipistrellus pipistrellus	0.031	0.053	-1	Echolocation	192000	/home/adkris/Documents/mila-human-wav-txt/20220826_070000.WAV	3127	Waveform 1	1
HF	1706.0286	42750.0	43200.0	26.126649756720894	1706.0185	1706.0299	38359	59317	Pipistrellus nathusii	0.293	0.398	-1	Echolocation	192000	/home/adkris/Documents/mila-human-wav-txt/20220826_070000.WAV	3128	Waveform 1	1
HF	1706.1335333333334	39000.0	43200.0	13.622456873201418	1706.1225	1706.1353	35781	52624	Pipistrellus nathusii	0.21	0.284	-1	Echolocation	192000	/home/adkris/Documents/mila-human-wav-txt/20220826_070000.WAV	3129	Waveform 1	1
HF	1706.3241	54000.0	52800.00000000001	8.93085747874498	1706.3215	1706.3299	53828	60743	Pipistrellus pygmaeus	0.093	0.098	-1	Echolocation	192000	/home/adkris/Documents/mila-human-wav-txt/20220826_070000.WAV	3130	Waveform 1	1
HF	1706.428666666667	42000.0	40320.0	12.93933349887319	1706.4245	1706.436	38359	52264	Pipistrellus nathusii	0.433	0.508	-1	Echolocation	192000	/home/adkris/Documents/mila-human-wav-txt/20220826_070000.WAV	3131	Waveform 1	1
HF	1706.5362	57000.0	53760.00000000001	5.461997503477143	1706.5325	1706.5398	55546	62580	Pipistrellus pygmaeus	0.054	0.055	-1	Echolocation	192000	/home/adkris/Documents/mila-human-wav-txt/20220826_070000.WAV	3132	Waveform 1	1
HF	1706.6554	43500.0	41280.0	12.842005723356246	1706.6525	1706.6641	37500	50844	Pipistrellus nathusii	0.496	0.53	-1	Echolocation	192000	/home/adkris/Documents/mila-human-wav-txt/20220826_070000.WAV	3133	Waveform 1	1
HF	1706.8663666666666	42750.0	43200.0	21.26847262566113	1706.8585	1706.8698	37500	56146	Pipistrellus nathusii	0.45	0.518	-1	Echolocation	192000	/home/adkris/Documents/mila-human-wav-txt/20220826_070000.WAV	3134	Waveform 1	1
HF	1707.0646	51000.0	52800.00000000001	10.652457367336972	1707.0605	1707.0674	52968	58822	Pipistrellus pygmaeus	0.047	0.055	-1	Echolocation	192000	/home/adkris/Documents/mila-human-wav-txt/20220826_070000.WAV	3135	Waveform 1	1
HF	1707.1698666666666	38250.0	45120.0	2.4112186834928795	1707.1695	1707.1743	30625	48563	Barbastellus barbastellus	0.011	0.043	-1	Echolocation	192000	/home/adkris/Documents/mila-human-wav-txt/20220826_070000.WAV	3136	Waveform 1	1
HF	1707.2850666666666	47250.0	47040.0	14.973723675747063	1707.2795	1707.2861	30625	52265	Myotis bechsteinii	0.009	0.027	-1	Echolocation	192000	/home/adkris/Documents/mila-human-wav-txt/20220826_070000.WAV	3137	Waveform 1	1
HF	1707.3631666666668	45000.0	44160.0	15.586032862230416	1707.3575	1707.364	32343	51434	Myotis brandtii	0.009	0.024	-1	Echolocation	192000	/home/adkris/Documents/mila-human-wav-txt/20220826_070000.WAV	3138	Waveform 1	1
HF	1707.4368	52500.0	48960.0	14.97651313331288	1707.4325	1707.4392	50390	57622	Pipistrellus pipistrellus	0.029	0.052	-1	Echolocation	192000	/home/adkris/Documents/mila-human-wav-txt/20220826_070000.WAV	3139	Waveform 1	1
HF	1707.517466666667	48750.0	48000.0	12.383337605064485	1707.5115	1707.5177	49531	53924	Pipistrellus pipistrellus	0.03	0.056	-1	Echolocation	192000	/home/adkris/Documents/mila-human-wav-txt/20220826_070000.WAV	3140	Waveform 1	1
HF	1707.6742333333334	52500.0	54719.99999999999	5.9708582686844025	1707.6715	1707.6786	53828	60711	Pipistrellus pygmaeus	0.033	0.035	-1	Echolocation	192000	/home/adkris/Documents/mila-human-wav-txt/20220826_070000.WAV	3141	Waveform 1	1
HF	1707.7441	47250.0	43200.0	14.671309389752023	1707.7415	1707.7499	40078	57463	Pipistrellus nathusii	0.26	0.354	-1	Echolocation	192000	/home/adkris/Documents/mila-human-wav-txt/20220826_070000.WAV	3142	Waveform 1	1
HF	1707.8302	45750.0	46080.0	14.640226325514895	1707.8235	1707.8313	40937	59809	Pipistrellus nathusii	0.448	0.514	-1	Echolocation	192000	/home/adkris/Documents/mila-human-wav-txt/20220826_070000.WAV	3143	Waveform 1	1
HF	1707.9068	46500.0	44160.0	14.59227993952213	1707.9045	1707.9132	40937	59342	Pipistrellus nathusii	0.36	0.421	-1	Echolocation	192000	/home/adkris/Documents/mila-human-wav-txt/20220826_070000.WAV	3144	Waveform 1	1
HF	1707.9856333333332	44250.0	44160.0	13.303555753461945	1707.9825	1707.9892	40078	57240	Pipistrellus nathusii	0.18	0.264	-1	Echolocation	192000	/home/adkris/Documents/mila-human-wav-txt/20220826_070000.WAV	3145	Waveform 1	1
HF	1708.0597333333333	45750.0	45120.0	10.741521463577008	1708.0575	1708.0651	41796	54111	Pipistrellus nathusii	0.42	0.468	-1	Echolocation	192000	/home/adkris/Documents/mila-human-wav-txt/20220826_070000.WAV	3146	Waveform 1	1
HF	1708.1539666666667	47250.0	45120.0	16.458512310235385	1708.1515	1708.1577	40937	59067	Pipistrellus nathusii	0.331	0.413	-1	Echolocation	192000	/home/adkris/Documents/mila-human-wav-txt/20220826_070000.WAV	3147	Waveform 1	1
HF	1708.2472333333333	45000.0	45120.0	11.344025988887791	1708.2445	1708.2551	40078	52548	Pipistrellus nathusii	0.515	0.551	-1	Echolocation	192000	/home/adkris/Documents/mila-human-wav-txt/20220826_070000.WAV	3148	Waveform 1	1
HF	1708.343033333333	41250.0	45120.0	19.465621051392127	1708.3385	1708.3473	40078	59944	Pipistrellus nathusii	0.507	0.595	-1	Echolocation	192000	/home/adkris/Documents/mila-human-wav-txt/20220826_070000.WAV	3149	Waveform 1	1
HF	1708.4319666666668	55500.0	55679.99999999999	10.572371187431193	1708.4285	1708.4372	54687	59764	Pipistrellus pygmaeus	0.042	0.044	-1	Echolocation	192000	/home/adkris/Documents/mila-human-wav-txt/20220826_070000.WAV	3150	Waveform 1	1
HF	1708.536466666667	42750.0	40320.0	11.56314020144044	1708.5305	1708.5402	39218	50971	Pipistrellus nathusii	0.504	0.525	-1	Echolocation	192000	/home/adkris/Documents/mila-human-wav-txt/20220826_070000.WAV	3151	Waveform 1	1
HF	1708.6323666666667	42750.0	42240.0	18.97727025522849	1708.6275	1708.6383	39218	57364	Pipistrellus nathusii	0.585	0.614	-1	Echolocation	192000	/home/adkris/Documents/mila-human-wav-txt/20220826_070000.WAV	3152	Waveform 1	1
HF	1708.7415666666666	46500.0	40320.0	12.023402687994851	1708.7325	1708.7426	38359	50839	Pipistrellus nathusii	0.291	0.346	-1	Echolocation	192000	/home/adkris/Documents/mila-human-wav-txt/20220826_070000.WAV	3153	Waveform 1	1
HF	1708.9158666666667	40500.0	41280.0	19.976991771620437	1708.9115	1708.9193	38359	58347	Pipistrellus nathusii	0.496	0.568	-1	Echolocation	192000	/home/adkris/Documents/mila-human-wav-txt/20220826_070000.WAV	3154	Waveform 1	1
HF	1709.0187	38250.0	38400.0	6.875836155381493	1709.0145	1709.0213	36640	48176	Pipistrellus nathusii	0.567	0.62	-1	Echolocation	192000	/home/adkris/Documents/mila-human-wav-txt/20220826_070000.WAV	3155	Waveform 1	1
HF	1709.2061666666666	40500.0	41280.0	16.47974380403158	1709.2015	1709.2125	39218	55036	Pipistrellus nathusii	0.499	0.578	-1	Echolocation	192000	/home/adkris/Documents/mila-human-wav-txt/20220826_070000.WAV	3156	Waveform 1	1
HF	1709.3158	41250.0	41280.0	10.802214322819568	1709.3065	1709.3187	39218	44875	Pipistrellus nathusii	0.408	0.417	-1	Echolocation	192000	/home/adkris/Documents/mila-human-wav-txt/20220826_070000.WAV	3157	Waveform 1	1
HF	1709.6061333333332	41250.0	39360.0	7.6890667246522115	1709.6025	1709.6122	37500	44017	Pipistrellus nathusii	0.403	0.467	-1	Echolocation	192000	/home/adkris/Documents/mila-human-wav-txt/20220826_070000.WAV	3158	Waveform 1	1
HF	1709.7867333333334	44250.0	44160.0	16.006677174383597	1709.7805	1709.7946	37500	52587	Pipistrellus nathusii	0.302	0.332	-1	Echolocation	192000	/home/adkris/Documents/mila-human-wav-txt/20220826_070000.WAV	3159	Waveform 1	1
HF	1709.883733333333	41250.0	40320.0	4.745927129144258	1709.8795	1709.8886	38359	48259	Pipistrellus nathusii	0.386	0.425	-1	Echolocation	192000	/home/adkris/Documents/mila-human-wav-txt/20220826_070000.WAV	3160	Waveform 1	1
HF	1709.9810666666667	39000.0	47040.0	11.642954752907151	1709.9765	1709.9876	39218	55535	Pipistrellus nathusii	0.383	0.463	-1	Echolocation	192000	/home/adkris/Documents/mila-human-wav-txt/20220826_070000.WAV	3161	Waveform 1	1
HF	1710.088	39750.0	41280.0	3.547679390404192	1710.0855	1710.0975	38359	43259	Pipistrellus nathusii	0.102	0.137	-1	Echolocation	192000	/home/adkris/Documents/mila-human-wav-txt/20220826_070000.WAV	3162	Waveform 1	1
HF	1710.193533333333	41250.0	41280.0	9.331197978558922	1710.1875	1710.1983	38359	50964	Pipistrellus nathusii	0.115	0.19	-1	Echolocation	192000	/home/adkris/Documents/mila-human-wav-txt/20220826_070000.WAV	3163	Waveform 1	1
HF	1710.2976666666666	42000.0	40320.0	3.735582900896648	1710.2915	1710.3045	38359	42531	Pipistrellus nathusii	0.111	0.132	-1	Echolocation	192000	/home/adkris/Documents/mila-human-wav-txt/20220826_070000.WAV	3164	Waveform 1	1
HF	1710.4936	43500.0	43200.0	7.668819329550231	1710.4845	1710.4969	41796	46787	Pipistrellus nathusii	0.054	0.069	-1	Echolocation	192000	/home/adkris/Documents/mila-human-wav-txt/20220826_070000.WAV	3165	Waveform 1	1
HF	1710.5558666666666	47250.0	46080.0	3.336193163886059	1710.5505	1710.5608	41796	48828	Pipistrellus nathusii	0.031	0.044	-1	Echolocation	192000	/home/adkris/Documents/mila-human-wav-txt/20220826_070000.WAV	3166	Waveform 1	1
HF	1710.6577666666667	45750.0	45120.0	5.7908369916154445	1710.6515	1710.6609	39218	51213	Pipistrellus nathusii	0.048	0.083	-1	Echolocation	192000	/home/adkris/Documents/mila-human-wav-txt/20220826_070000.WAV	3167	Waveform 1	1
LF	1710.9657666666667	39750.0	24960.0	2.2974137887037234	1710.9615	1710.9694	26328	38937	Eptesicus serotinus	0.008	0.024	-1	Echolocation	192000	/home/adkris/Documents/mila-human-wav-txt/20220826_070000.WAV	3168	Waveform 1	1
HF	1711.1406	42750.0	42240.0	5.786359959526721	1711.1355	1711.1449	40937	47814	Pipistrellus nathusii	0.258	0.333	-1	Echolocation	192000	/home/adkris/Documents/mila-human-wav-txt/20220826_070000.WAV	3169	Waveform 1	1
HF	1711.2342666666666	45000.0	45120.0	6.045719391029656	1711.2275	1711.2399	40078	46858	Pipistrellus nathusii	0.149	0.176	-1	Echolocation	192000	/home/adkris/Documents/mila-human-wav-txt/20220826_070000.WAV	3170	Waveform 1	1
HF	1711.4541666666669	39000.0	41280.0	2.436312607065842	1711.4475	1711.4565	38359	44092	Pipistrellus nathusii	0.058	0.086	-1	Echolocation	192000	/home/adkris/Documents/mila-human-wav-txt/20220826_070000.WAV	3171	Waveform 1	1
HF	1711.6651	38250.0	40320.0	5.609150893157353	1711.6615	1711.6724	37500	43872	Pipistrellus nathusii	0.082	0.104	-1	Echolocation	192000	/home/adkris/Documents/mila-human-wav-txt/20220826_070000.WAV	3172	Waveform 1	1
HF	1713.8925	45000.0	45120.0	3.396418729014635	1713.8855	1713.8965	39218	47602	Pipistrellus nathusii	0.014	0.025	-1	Echolocation	192000	/home/adkris/Documents/mila-human-wav-txt/20220826_070000.WAV	3173	Waveform 1	1
HF	1714.104833333333	44250.0	44160.0	4.724532737057482	1714.0995	1714.1075	37500	50953	Myotis brandtii	0.01	0.034	-1	Echolocation	192000	/home/adkris/Documents/mila-human-wav-txt/20220826_070000.WAV	3174	Waveform 1	1
HF	1714.436333333333	39000.0	42240.0	7.160277339091479	1714.4285	1714.4375	38359	43970	Pipistrellus nathusii	0.182	0.278	-1	Echolocation	192000	/home/adkris/Documents/mila-human-wav-txt/20220826_070000.WAV	3175	Waveform 1	1
HF	1723.9882666666667	42000.0	39360.0	8.049035023497888	1723.9845	1723.9929	39218	46140	Pipistrellus nathusii	0.516	0.58	-1	Echolocation	192000	/home/adkris/Documents/mila-human-wav-txt/20220826_070000.WAV	3176	Waveform 1	1
HF	1724.240366666667	43500.0	42240.0	7.93771652428842	1724.2365	1724.2448	40078	47733	Pipistrellus nathusii	0.495	0.61	-1	Echolocation	192000	/home/adkris/Documents/mila-human-wav-txt/20220826_070000.WAV	3177	Waveform 1	1
HF	1729.7277666666666	36000.0	35520.0	1.0484175916373613	1729.7255	1729.7319	32343	49011	Myotis daubentonii	0.005	0.023	-1	Echolocation	192000	/home/adkris/Documents/mila-human-wav-txt/20220826_070000.WAV	3178	Waveform 1	1
LF	1729.8388	27750.0	27839.999999999996	2.0926415330685657	1729.8355	1729.8432	27187	41173	Eptesicus serotinus	0.013	0.032	-1	Echolocation	192000	/home/adkris/Documents/mila-human-wav-txt/20220826_070000.WAV	3179	Waveform 1	1
HF	1729.9505666666666	41250.0	41280.0	8.228652895039133	1729.9445	1729.9541	39218	48309	Pipistrellus nathusii	0.461	0.503	-1	Echolocation	192000	/home/adkris/Documents/mila-human-wav-txt/20220826_070000.WAV	3180	Waveform 1	1
HF	1730.1127666666666	41250.0	41280.0	1.0110038457849857	1730.1095	1730.1184	39218	46050	Pipistrellus nathusii	0.462	0.491	-1	Echolocation	192000	/home/adkris/Documents/mila-human-wav-txt/20220826_070000.WAV	3181	Waveform 1	1
HF	1730.1932333333334	45000.0	45120.0	3.624053483139649	1730.1915	1730.1996	40078	48930	Pipistrellus nathusii	0.506	0.527	-1	Echolocation	192000	/home/adkris/Documents/mila-human-wav-txt/20220826_070000.WAV	3182	Waveform 1	1
LF	1730.3605	27000.0	27839.999999999996	1.2885245454469318	1730.3595	1730.366	26328	38761	Plecotus auritus	0.006	0.028	-1	Echolocation	192000	/home/adkris/Documents/mila-human-wav-txt/20220826_070000.WAV	3183	Waveform 1	1
HF	1730.4588666666666	43500.0	43200.0	3.832949134221724	1730.4555	1730.4643	40937	50884	Pipistrellus nathusii	0.425	0.458	-1	Echolocation	192000	/home/adkris/Documents/mila-human-wav-txt/20220826_070000.WAV	3184	Waveform 1	1
HF	1730.553666666667	41250.0	41280.0	4.272800954054462	1730.5515	1730.558	40937	49539	Pipistrellus nathusii	0.435	0.45	-1	Echolocation	192000	/home/adkris/Documents/mila-human-wav-txt/20220826_070000.WAV	3185	Waveform 1	1
HF	1730.6390666666666	40500.0	41280.0	2.66994568670503	1730.6345	1730.6421	40078	49171	Pipistrellus nathusii	0.332	0.361	-1	Echolocation	192000	/home/adkris/Documents/mila-human-wav-txt/20220826_070000.WAV	3186	Waveform 1	1
HF	1731.2266	44250.0	43200.0	1.4842126598908385	1731.2235	1731.2314	41796	48711	Pipistrellus nathusii	0.224	0.255	-1	Echolocation	192000	/home/adkris/Documents/mila-human-wav-txt/20220826_070000.WAV	3187	Waveform 1	1
HF	1731.3321	44250.0	44160.0	10.96901827559786	1731.3295	1731.3379	40078	50320	Pipistrellus nathusii	0.515	0.63	-1	Echolocation	192000	/home/adkris/Documents/mila-human-wav-txt/20220826_070000.WAV	3188	Waveform 1	1
HF	1731.5684333333334	43500.0	44160.0	6.254735930636313	1731.5655	1731.5724	41796	49255	Pipistrellus nathusii	0.586	0.623	-1	Echolocation	192000	/home/adkris/Documents/mila-human-wav-txt/20220826_070000.WAV	3189	Waveform 1	1
HF	1731.6562666666666	49500.0	52800.00000000001	2.3002267831026564	1731.6535	1731.6594	51250	58304	Pipistrellus pygmaeus	0.021	0.039	-1	Echolocation	192000	/home/adkris/Documents/mila-human-wav-txt/20220826_070000.WAV	3190	Waveform 1	1
HF	1731.8356666666666	45000.0	45120.0	9.488835030087015	1731.8335	1731.8435	40078	53623	Pipistrellus nathusii	0.626	0.712	-1	Echolocation	192000	/home/adkris/Documents/mila-human-wav-txt/20220826_070000.WAV	3191	Waveform 1	1
HF	1731.9294666666667	46500.0	46080.0	12.493695222843789	1731.9275	1731.9377	39218	52700	Pipistrellus nathusii	0.602	0.656	-1	Echolocation	192000	/home/adkris/Documents/mila-human-wav-txt/20220826_070000.WAV	3192	Waveform 1	1
HF	1732.0986	41250.0	41280.0	11.29642410522622	1732.0935	1732.1029	40078	53058	Pipistrellus nathusii	0.557	0.596	-1	Echolocation	192000	/home/adkris/Documents/mila-human-wav-txt/20220826_070000.WAV	3193	Waveform 1	1
HF	1732.1861333333334	41250.0	41280.0	9.31848168388512	1732.1795	1732.1897	39218	51870	Pipistrellus nathusii	0.575	0.625	-1	Echolocation	192000	/home/adkris/Documents/mila-human-wav-txt/20220826_070000.WAV	3194	Waveform 1	1
HF	1732.3336333333334	43500.0	43200.0	12.89692616226592	1732.3295	1732.3387	39218	53840	Pipistrellus nathusii	0.531	0.633	-1	Echolocation	192000	/home/adkris/Documents/mila-human-wav-txt/20220826_070000.WAV	3195	Waveform 1	1
HF	1732.4187333333334	42750.0	42240.0	4.1326998013405944	1732.4165	1732.4241	39218	48428	Pipistrellus nathusii	0.449	0.48	-1	Echolocation	192000	/home/adkris/Documents/mila-human-wav-txt/20220826_070000.WAV	3196	Waveform 1	1
HF	1732.5712	42000.0	42240.0	16.997670970939552	1732.5675	1732.5748	39218	53039	Pipistrellus nathusii	0.575	0.617	-1	Echolocation	192000	/home/adkris/Documents/mila-human-wav-txt/20220826_070000.WAV	3197	Waveform 1	1
LF	1732.7485666666666	40500.0	39360.0	2.521098578276674	1732.7435	1732.7506	29765	40446	Barbastellus barbastellus	0.009	0.029	-1	Echolocation	192000	/home/adkris/Documents/mila-human-wav-txt/20220826_070000.WAV	3198	Waveform 1	1
HF	1732.8347	43500.0	45120.0	12.774660913175763	1732.8315	1732.8393	39218	52119	Pipistrellus nathusii	0.563	0.656	-1	Echolocation	192000	/home/adkris/Documents/mila-human-wav-txt/20220826_070000.WAV	3199	Waveform 1	1
HF	1733.1094333333333	42750.0	39360.0	8.571036206990735	1733.1075	1733.1154	39218	49583	Pipistrellus nathusii	0.59	0.644	-1	Echolocation	192000	/home/adkris/Documents/mila-human-wav-txt/20220826_070000.WAV	3200	Waveform 1	1
HF	1733.4392333333333	39000.0	40320.0	3.722941304156983	1733.4345	1733.4431	38359	47765	Pipistrellus nathusii	0.412	0.445	-1	Echolocation	192000	/home/adkris/Documents/mila-human-wav-txt/20220826_070000.WAV	3201	Waveform 1	1
HF	1735.4910333333332	48750.0	48960.0	5.739462911214251	1735.4875	1735.4938	46953	53148	Pipistrellus pipistrellus	0.224	0.234	-1	Echolocation	192000	/home/adkris/Documents/mila-human-wav-txt/20220826_070000.WAV	3202	Waveform 1	1
HF	1735.7314333333334	48000.0	47040.0	14.416901614790984	1735.7275	1735.7334	46093	57739	Pipistrellus pipistrellus	0.325	0.471	-1	Echolocation	192000	/home/adkris/Documents/mila-human-wav-txt/20220826_070000.WAV	3203	Waveform 1	1
HF	1735.8514	48000.0	48960.0	5.689328254956646	1735.8455	1735.8541	46093	56660	Pipistrellus pipistrellus	0.245	0.448	-1	Echolocation	192000	/home/adkris/Documents/mila-human-wav-txt/20220826_070000.WAV	3204	Waveform 1	1
HF	1735.9620333333332	48750.0	48960.0	8.70168135829365	1735.9555	1735.9658	45234	61006	Pipistrellus nathusii	0.141	0.307	-1	Echolocation	192000	/home/adkris/Documents/mila-human-wav-txt/20220826_070000.WAV	3205	Waveform 1	1
HF	1736.0756666666666	47250.0	48000.0	10.13530268674982	1736.0685	1736.0805	46093	59996	Pipistrellus pipistrellus	0.322	0.542	-1	Echolocation	192000	/home/adkris/Documents/mila-human-wav-txt/20220826_070000.WAV	3206	Waveform 1	1
HF	1736.1846333333333	54750.0	52800.00000000001	4.496899058033704	1736.1825	1736.1902	46953	61913	Pipistrellus pipistrellus	0.326	0.37	-1	Echolocation	192000	/home/adkris/Documents/mila-human-wav-txt/20220826_070000.WAV	3207	Waveform 1	1
HF	1736.3310666666666	49500.0	48000.0	5.874720647138428	1736.3295	1736.3366	46093	59636	Pipistrellus pipistrellus	0.453	0.498	-1	Echolocation	192000	/home/adkris/Documents/mila-human-wav-txt/20220826_070000.WAV	3208	Waveform 1	1
HF	1736.568166666667	47250.0	46080.0	13.924397155938149	1736.5615	1736.5705	46093	57068	Pipistrellus pipistrellus	0.449	0.635	-1	Echolocation	192000	/home/adkris/Documents/mila-human-wav-txt/20220826_070000.WAV	3209	Waveform 1	1
HF	1736.6730666666667	52500.0	52800.00000000001	5.56047573495483	1736.6685	1736.6761	51250	59666	Pipistrellus pipistrellus	0.289	0.411	-1	Echolocation	192000	/home/adkris/Documents/mila-human-wav-txt/20220826_070000.WAV	3210	Waveform 1	1
HF	1737.0399	48750.0	48960.0	4.326290024053339	1737.0345	1737.0401	34921	64115	Myotis mystacinus	0.007	0.023	-1	Echolocation	192000	/home/adkris/Documents/mila-human-wav-txt/20220826_070000.WAV	3211	Waveform 1	1
HF	1737.1497333333334	49500.0	48960.0	2.851979349989021	1737.1465	1737.1566	46953	56255	Pipistrellus pipistrellus	0.213	0.232	-1	Echolocation	192000	/home/adkris/Documents/mila-human-wav-txt/20220826_070000.WAV	3212	Waveform 1	1
HF	1737.4470666666666	49500.0	48960.0	6.864101527107625	1737.4425	1737.4501	47812	55936	Pipistrellus pipistrellus	0.462	0.51	-1	Echolocation	192000	/home/adkris/Documents/mila-human-wav-txt/20220826_070000.WAV	3213	Waveform 1	1
HF	1737.771966666667	49500.0	48960.0	3.926394127432748	1737.7675	1737.7752	46953	58430	Pipistrellus pipistrellus	0.293	0.316	-1	Echolocation	192000	/home/adkris/Documents/mila-human-wav-txt/20220826_070000.WAV	3214	Waveform 1	1
HF	1737.9835	48000.0	48000.0	14.61666538593636	1737.9795	1737.9865	45234	58100	Pipistrellus pipistrellus	0.562	0.629	-1	Echolocation	192000	/home/adkris/Documents/mila-human-wav-txt/20220826_070000.WAV	3215	Waveform 1	1
HF	1738.4738333333332	47250.0	47040.0	1.992475343386211	1738.4695	1738.4785	46953	52413	Pipistrellus pipistrellus	0.344	0.364	-1	Echolocation	192000	/home/adkris/Documents/mila-human-wav-txt/20220826_070000.WAV	3216	Waveform 1	1
HF	1738.7136666666668	48750.0	47040.0	5.0993171316453365	1738.7095	1738.7175	46093	53820	Pipistrellus pipistrellus	0.346	0.407	-1	Echolocation	192000	/home/adkris/Documents/mila-human-wav-txt/20220826_070000.WAV	3217	Waveform 1	1
HF	1739.1694666666667	47250.0	46080.0	11.391811315201496	1739.1665	1739.1757	46093	55202	Pipistrellus pipistrellus	0.427	0.591	-1	Echolocation	192000	/home/adkris/Documents/mila-human-wav-txt/20220826_070000.WAV	3218	Waveform 1	1
HF	1739.2774	46500.0	48000.0	3.824650550438742	1739.2705	1739.2816	46953	52519	Pipistrellus pipistrellus	0.386	0.41	-1	Echolocation	192000	/home/adkris/Documents/mila-human-wav-txt/20220826_070000.WAV	3219	Waveform 1	1
HF	1739.348	40500.0	40320.0	2.2030748705666783	1739.3435	1739.3535	38359	43966	Nyctalus leisleri	0.013	0.052	-1	Echolocation	192000	/home/adkris/Documents/mila-human-wav-txt/20220826_070000.WAV	3220	Waveform 1	1
HF	1739.3929666666666	48750.0	48960.0	4.765386680588787	1739.3905	1739.4002	46953	53112	Pipistrellus pipistrellus	0.424	0.455	-1	Echolocation	192000	/home/adkris/Documents/mila-human-wav-txt/20220826_070000.WAV	3221	Waveform 1	1
HF	1739.6166666666666	45750.0	43200.0	3.20578142125915	1739.6135	1739.6225	40078	47949	Pipistrellus nathusii	0.064	0.154	-1	Echolocation	192000	/home/adkris/Documents/mila-human-wav-txt/20220826_070000.WAV	3222	Waveform 1	1
HF	1739.8785666666668	40500.0	40320.0	2.702972227061094	1739.8735	1739.8841	39218	45399	Pipistrellus nathusii	0.021	0.083	-1	Echolocation	192000	/home/adkris/Documents/mila-human-wav-txt/20220826_070000.WAV	3223	Waveform 1	1
HF	1740.0609333333334	40500.0	40320.0	2.367242185960179	1740.0565	1740.0654	39218	45448	Pipistrellus nathusii	0.397	0.464	-1	Echolocation	192000	/home/adkris/Documents/mila-human-wav-txt/20220826_070000.WAV	3224	Waveform 1	1
HF	1740.257833333333	54000.0	52800.00000000001	11.2662602787872	1740.2545	1740.261	47812	59977	Pipistrellus pipistrellus	0.41	0.499	-1	Echolocation	192000	/home/adkris/Documents/mila-human-wav-txt/20220826_070000.WAV	3225	Waveform 1	1
HF	1740.7569666666666	48000.0	48000.0	12.34709429674368	1740.7505	1740.7597	46093	60651	Pipistrellus pipistrellus	0.425	0.554	-1	Echolocation	192000	/home/adkris/Documents/mila-human-wav-txt/20220826_070000.WAV	3226	Waveform 1	1
HF	1740.8612333333333	47250.0	47040.0	11.93533524196588	1740.8545	1740.8646	46953	63195	Pipistrellus pipistrellus	0.427	0.621	-1	Echolocation	192000	/home/adkris/Documents/mila-human-wav-txt/20220826_070000.WAV	3227	Waveform 1	1
HF	1740.9687666666666	49500.0	46080.0	7.933218718146686	1740.9625	1740.9719	45234	61530	Pipistrellus pipistrellus	0.268	0.445	-1	Echolocation	192000	/home/adkris/Documents/mila-human-wav-txt/20220826_070000.WAV	3228	Waveform 1	1
HF	1741.0812	54000.0	53760.00000000001	14.375827522353797	1741.0725	1741.0818	47812	63611	Pipistrellus pipistrellus	0.381	0.476	-1	Echolocation	192000	/home/adkris/Documents/mila-human-wav-txt/20220826_070000.WAV	3229	Waveform 1	1
HF	1741.4646	54000.0	52800.00000000001	15.336115111216468	1741.4565	1741.4664	47812	64267	Pipistrellus pipistrellus	0.361	0.475	-1	Echolocation	192000	/home/adkris/Documents/mila-human-wav-txt/20220826_070000.WAV	3230	Waveform 1	1
HF	1741.6018333333334	52500.0	48960.0	17.280388177339162	1741.5925	1741.6035	46953	64643	Pipistrellus pipistrellus	0.342	0.565	-1	Echolocation	192000	/home/adkris/Documents/mila-human-wav-txt/20220826_070000.WAV	3231	Waveform 1	1
HF	1741.7165333333332	48750.0	48960.0	9.786646400809325	1741.7095	1741.7193	46953	58956	Pipistrellus pipistrellus	0.286	0.359	-1	Echolocation	192000	/home/adkris/Documents/mila-human-wav-txt/20220826_070000.WAV	3232	Waveform 1	1
HF	1741.8279	50250.0	48960.0	13.696952457006134	1741.8215	1741.8331	46953	62161	Pipistrellus pipistrellus	0.384	0.56	-1	Echolocation	192000	/home/adkris/Documents/mila-human-wav-txt/20220826_070000.WAV	3233	Waveform 1	1
HF	1741.9330666666667	54000.0	51840.0	7.270426326288551	1741.9315	1741.9386	46953	61476	Pipistrellus pipistrellus	0.342	0.406	-1	Echolocation	192000	/home/adkris/Documents/mila-human-wav-txt/20220826_070000.WAV	3234	Waveform 1	1
HF	1742.0536333333334	52500.0	48960.0	11.99552264844825	1742.0465	1742.0562	44375	59219	Pipistrellus pipistrellus	0.231	0.371	-1	Echolocation	192000	/home/adkris/Documents/mila-human-wav-txt/20220826_070000.WAV	3235	Waveform 1	1
HF	1742.1698	48000.0	48000.0	10.228551379140695	1742.1675	1742.1727	46093	56959	Pipistrellus pipistrellus	0.48	0.523	-1	Echolocation	192000	/home/adkris/Documents/mila-human-wav-txt/20220826_070000.WAV	3236	Waveform 1	1
HF	1742.7284	51750.0	52800.00000000001	6.152913957081707	1742.7235	1742.7296	49531	58548	Pipistrellus pipistrellus	0.184	0.224	-1	Echolocation	192000	/home/adkris/Documents/mila-human-wav-txt/20220826_070000.WAV	3237	Waveform 1	1
HF	1743.186	48750.0	48960.0	9.02052215423326	1743.1815	1743.188	47812	57558	Pipistrellus pipistrellus	0.415	0.522	-1	Echolocation	192000	/home/adkris/Documents/mila-human-wav-txt/20220826_070000.WAV	3238	Waveform 1	1
HF	1743.574033333333	48750.0	48960.0	4.833654341025323	1743.5705	1743.5768	46093	52427	Pipistrellus pipistrellus	0.368	0.39	-1	Echolocation	192000	/home/adkris/Documents/mila-human-wav-txt/20220826_070000.WAV	3239	Waveform 1	1
HF	1743.9301333333333	47250.0	47040.0	0.0314789489093544	1743.9285	1743.9332	29765	48587	Myotis nattereri	0.02	0.038	-1	Echolocation	192000	/home/adkris/Documents/mila-human-wav-txt/20220826_070000.WAV	3240	Waveform 1	1
HF	1744.0443	47250.0	48000.0	2.78640594813024	1744.0405	1744.0477	47812	56809	Pipistrellus pipistrellus	0.342	0.358	-1	Echolocation	192000	/home/adkris/Documents/mila-human-wav-txt/20220826_070000.WAV	3241	Waveform 1	1
HF	1744.1469333333334	47250.0	47040.0	4.351757267336517	1744.1435	1744.1534	46953	55206	Pipistrellus pipistrellus	0.237	0.272	-1	Echolocation	192000	/home/adkris/Documents/mila-human-wav-txt/20220826_070000.WAV	3242	Waveform 1	1
HF	1744.266	48000.0	48000.0	6.186151003338393	1744.2605	1744.2695	46953	57960	Pipistrellus pipistrellus	0.38	0.471	-1	Echolocation	192000	/home/adkris/Documents/mila-human-wav-txt/20220826_070000.WAV	3243	Waveform 1	1
HF	1744.4194666666667	48000.0	48960.0	5.364542866964336	1744.4135	1744.4232	46953	51379	Pipistrellus pipistrellus	0.338	0.399	-1	Echolocation	192000	/home/adkris/Documents/mila-human-wav-txt/20220826_070000.WAV	3244	Waveform 1	1
HF	1744.5387	48750.0	48000.0	6.480600612744993	1744.5345	1744.5413	46953	53639	Pipistrellus pipistrellus	0.486	0.531	-1	Echolocation	192000	/home/adkris/Documents/mila-human-wav-txt/20220826_070000.WAV	3245	Waveform 1	1
HF	1744.6678333333334	48750.0	48960.0	7.587045769136129	1744.6635	1744.6725	47812	55893	Pipistrellus pipistrellus	0.407	0.519	-1	Echolocation	192000	/home/adkris/Documents/mila-human-wav-txt/20220826_070000.WAV	3246	Waveform 1	1
HF	1744.7927333333334	47250.0	47040.0	4.374210123980898	1744.7885	1744.7941	33203	68493	Myotis mystacinus	0.008	0.029	-1	Echolocation	192000	/home/adkris/Documents/mila-human-wav-txt/20220826_070000.WAV	3247	Waveform 1	1
HF	1744.919	48000.0	48000.0	10.596109727565706	1744.9155	1744.923	46093	55310	Pipistrellus pipistrellus	0.476	0.592	-1	Echolocation	192000	/home/adkris/Documents/mila-human-wav-txt/20220826_070000.WAV	3248	Waveform 1	1
HF	1744.996	44250.0	44160.0	5.566419194276286	1744.9925	1745.0	41796	47010	Pipistrellus nathusii	0.269	0.411	-1	Echolocation	192000	/home/adkris/Documents/mila-human-wav-txt/20220826_070000.WAV	3249	Waveform 1	1
HF	1745.0213666666666	47250.0	48000.0	11.64410475615528	1745.0165	1745.0238	46953	57029	Pipistrellus pipistrellus	0.449	0.575	-1	Echolocation	192000	/home/adkris/Documents/mila-human-wav-txt/20220826_070000.WAV	3250	Waveform 1	1
HF	1745.1097666666667	52500.0	48960.0	8.492640814667334	1745.1075	1745.1139	47812	58108	Pipistrellus pipistrellus	0.511	0.551	-1	Echolocation	192000	/home/adkris/Documents/mila-human-wav-txt/20220826_070000.WAV	3251	Waveform 1	1
HF	1745.2359333333334	51750.0	48960.0	7.069286583925537	1745.2325	1745.2424	46953	58871	Pipistrellus pipistrellus	0.29	0.397	-1	Echolocation	192000	/home/adkris/Documents/mila-human-wav-txt/20220826_070000.WAV	3252	Waveform 1	1
HF	1745.3969333333334	54750.0	53760.00000000001	5.942255952424535	1745.3955	1745.4039	48671	59755	Pipistrellus pipistrellus	0.25	0.309	-1	Echolocation	192000	/home/adkris/Documents/mila-human-wav-txt/20220826_070000.WAV	3253	Waveform 1	1
HF	1745.5386	49500.0	48960.0	8.062554689927957	1745.5315	1745.5424	46953	62529	Pipistrellus pipistrellus	0.401	0.524	-1	Echolocation	192000	/home/adkris/Documents/mila-human-wav-txt/20220826_070000.WAV	3254	Waveform 1	1
HF	1745.6341666666667	57750.0	56640.0	8.127295664898412	1745.6325	1745.6395	57265	63275	Pipistrellus pygmaeus	0.035	0.036	-1	Echolocation	192000	/home/adkris/Documents/mila-human-wav-txt/20220826_070000.WAV	3255	Waveform 1	1
HF	1745.838166666667	50250.0	48960.0	12.345778684519155	1745.8285	1745.838	40078	48919	Pipistrellus nathusii	0.096	0.127	-1	Echolocation	192000	/home/adkris/Documents/mila-human-wav-txt/20220826_070000.WAV	3256	Waveform 1	1
HF	1745.9392	56250.0	55679.99999999999	12.145446162333034	1745.9375	1745.9433	54687	61634	Pipistrellus pygmaeus	0.062	0.069	-1	Echolocation	192000	/home/adkris/Documents/mila-human-wav-txt/20220826_070000.WAV	3257	Waveform 1	1
HF	1746.0555	53250.0	48960.0	17.96090842015937	1746.0485	1746.0595	46953	63745	Pipistrellus pipistrellus	0.25	0.507	-1	Echolocation	192000	/home/adkris/Documents/mila-human-wav-txt/20220826_070000.WAV	3258	Waveform 1	1
HF	1746.1717666666666	56250.0	55679.99999999999	10.045728454537372	1746.1685	1746.1774	55546	63142	Pipistrellus pygmaeus	0.025	0.027	-1	Echolocation	192000	/home/adkris/Documents/mila-human-wav-txt/20220826_070000.WAV	3259	Waveform 1	1
HF	1746.3714666666667	42750.0	39360.0	5.495784759615407	1746.3685	1746.3777	39218	50218	Pipistrellus nathusii	0.548	0.628	-1	Echolocation	192000	/home/adkris/Documents/mila-human-wav-txt/20220826_070000.WAV	3260	Waveform 1	1
HF	1746.3990666666666	48750.0	48960.0	18.971993091612035	1746.3925	1746.4016	46953	63799	Pipistrellus pipistrellus	0.362	0.527	-1	Echolocation	192000	/home/adkris/Documents/mila-human-wav-txt/20220826_070000.WAV	3261	Waveform 1	1
LF	1746.4641	43500.0	43200.0	6.152998285965097	1746.4605	1746.4679	27187	45021	Eptesicus serotinus	0.007	0.027	-1	Echolocation	192000	/home/adkris/Documents/mila-human-wav-txt/20220826_070000.WAV	3262	Waveform 1	1
HF	1746.5166666666669	48750.0	48960.0	6.062707349561753	1746.5135	1746.519	34062	68750	Myotis brandtii	0.011	0.029	-1	Echolocation	192000	/home/adkris/Documents/mila-human-wav-txt/20220826_070000.WAV	3263	Waveform 1	1
HF	1746.7362333333333	43500.0	42240.0	5.61926789056126	1746.7335	1746.7441	39218	48570	Pipistrellus nathusii	0.56	0.598	-1	Echolocation	192000	/home/adkris/Documents/mila-human-wav-txt/20220826_070000.WAV	3264	Waveform 1	1
HF	1746.8066	48750.0	52800.00000000001	-0.6648012809109392	1746.8015	1746.8074	37500	65282	Myotis brandtii	0.01	0.028	-1	Echolocation	192000	/home/adkris/Documents/mila-human-wav-txt/20220826_070000.WAV	3265	Waveform 1	1
HF	1746.819	40500.0	40320.0	10.305744717050189	1746.8145	1746.8245	40078	49026	Pipistrellus nathusii	0.497	0.563	-1	Echolocation	192000	/home/adkris/Documents/mila-human-wav-txt/20220826_070000.WAV	3266	Waveform 1	1
HF	1747.0091	42750.0	42240.0	6.381530248591755	1747.0075	1747.0169	39218	45588	Pipistrellus nathusii	0.453	0.478	-1	Echolocation	192000	/home/adkris/Documents/mila-human-wav-txt/20220826_070000.WAV	3267	Waveform 1	1
HF	1747.0167	49500.0	48000.0	4.20493288192867	1747.0155	1747.0218	47812	53790	Pipistrellus pipistrellus	0.127	0.219	-1	Echolocation	192000	/home/adkris/Documents/mila-human-wav-txt/20220826_070000.WAV	3268	Waveform 1	1
HF	1747.144266666667	48000.0	48000.0	14.780386973340583	1747.1395	1747.1469	46953	58552	Pipistrellus pipistrellus	0.336	0.581	-1	Echolocation	192000	/home/adkris/Documents/mila-human-wav-txt/20220826_070000.WAV	3269	Waveform 1	1
HF	1747.1669333333334	40500.0	40320.0	1.944043605379533	1747.1625	1747.1714	40078	48196	Pipistrellus nathusii	0.502	0.532	-1	Echolocation	192000	/home/adkris/Documents/mila-human-wav-txt/20220826_070000.WAV	3270	Waveform 1	1
HF	1747.2689333333333	48000.0	49920.0	3.791963686887744	1747.2635	1747.2714	46093	53883	Pipistrellus pipistrellus	0.205	0.35	-1	Echolocation	192000	/home/adkris/Documents/mila-human-wav-txt/20220826_070000.WAV	3271	Waveform 1	1
HF	1747.3340333333333	45750.0	43200.0	7.341010884238653	1747.3315	1747.3423	39218	53747	Pipistrellus nathusii	0.499	0.58	-1	Echolocation	192000	/home/adkris/Documents/mila-human-wav-txt/20220826_070000.WAV	3272	Waveform 1	1
HF	1747.3812	47250.0	48000.0	10.403729503619529	1747.3745	1747.3823	46953	58984	Pipistrellus pipistrellus	0.392	0.568	-1	Echolocation	192000	/home/adkris/Documents/mila-human-wav-txt/20220826_070000.WAV	3273	Waveform 1	1
HF	1747.5048666666669	41250.0	42240.0	9.991612246614045	1747.4995	1747.5098	39218	51642	Pipistrellus nathusii	0.514	0.578	-1	Echolocation	192000	/home/adkris/Documents/mila-human-wav-txt/20220826_070000.WAV	3274	Waveform 1	1
HF	1747.5929333333331	42750.0	42240.0	4.063263149185142	1747.5905	1747.6014	39218	47381	Pipistrellus nathusii	0.397	0.425	-1	Echolocation	192000	/home/adkris/Documents/mila-human-wav-txt/20220826_070000.WAV	3275	Waveform 1	1
HF	1747.6175666666666	49500.0	47040.0	4.073194107388753	1747.6165	1747.6241	46953	59026	Pipistrellus pipistrellus	0.098	0.146	-1	Echolocation	192000	/home/adkris/Documents/mila-human-wav-txt/20220826_070000.WAV	3276	Waveform 1	1
HF	1747.7626666666667	41250.0	41280.0	11.22984757458093	1747.7575	1747.768	39218	52674	Pipistrellus nathusii	0.571	0.615	-1	Echolocation	192000	/home/adkris/Documents/mila-human-wav-txt/20220826_070000.WAV	3277	Waveform 1	1
HF	1747.8487	48000.0	48000.0	10.43110375823202	1747.8435	1747.8528	46093	59398	Pipistrellus pipistrellus	0.339	0.498	-1	Echolocation	192000	/home/adkris/Documents/mila-human-wav-txt/20220826_070000.WAV	3278	Waveform 1	1
HF	1748.1382	45000.0	41280.0	5.244700418401724	1748.1365	1748.1458	39218	46445	Pipistrellus nathusii	0.468	0.563	-1	Echolocation	192000	/home/adkris/Documents/mila-human-wav-txt/20220826_070000.WAV	3279	Waveform 1	1
HF	1748.8885666666667	41250.0	41280.0	3.3509609481476934	1748.8835	1748.8941	38359	45200	Pipistrellus nathusii	0.454	0.48	-1	Echolocation	192000	/home/adkris/Documents/mila-human-wav-txt/20220826_070000.WAV	3280	Waveform 1	1
HF	1754.4325	50250.0	49920.0	7.049557590803557	1754.4305	1754.436	48671	57662	Pipistrellus pipistrellus	0.429	0.443	-1	Echolocation	192000	/home/adkris/Documents/mila-human-wav-txt/20220826_070000.WAV	3281	Waveform 1	1
HF	1754.5402333333334	50250.0	52800.00000000001	10.665505808037176	1754.5365	1754.5426	50390	58261	Pipistrellus pipistrellus	0.535	0.579	-1	Echolocation	192000	/home/adkris/Documents/mila-human-wav-txt/20220826_070000.WAV	3282	Waveform 1	1
HF	1754.6521	53250.0	52800.00000000001	10.84200047248272	1754.6495	1754.6544	48671	62782	Pipistrellus pipistrellus	0.577	0.611	-1	Echolocation	192000	/home/adkris/Documents/mila-human-wav-txt/20220826_070000.WAV	3283	Waveform 1	1
HF	1754.7544666666668	53250.0	49920.0	9.587335898594892	1754.7535	1754.7612	48671	59785	Pipistrellus pipistrellus	0.527	0.621	-1	Echolocation	192000	/home/adkris/Documents/mila-human-wav-txt/20220826_070000.WAV	3284	Waveform 1	1
HF	1755.1795	48750.0	48960.0	10.710856343722138	1755.1745	1755.1805	47812	60825	Pipistrellus pipistrellus	0.49	0.561	-1	Echolocation	192000	/home/adkris/Documents/mila-human-wav-txt/20220826_070000.WAV	3285	Waveform 1	1
HF	1755.2720333333334	50250.0	49920.0	16.581777469643953	1755.2675	1755.2728	47812	62246	Pipistrellus pipistrellus	0.543	0.596	-1	Echolocation	192000	/home/adkris/Documents/mila-human-wav-txt/20220826_070000.WAV	3286	Waveform 1	1
HF	1755.3968333333332	54000.0	52800.00000000001	15.177513828768522	1755.3945	1755.402	46093	63864	Pipistrellus pipistrellus	0.362	0.543	-1	Echolocation	192000	/home/adkris/Documents/mila-human-wav-txt/20220826_070000.WAV	3287	Waveform 1	1
HF	1755.5155333333332	52500.0	53760.00000000001	17.75812186377487	1755.5115	1755.5173	48671	65861	Pipistrellus pipistrellus	0.474	0.575	-1	Echolocation	192000	/home/adkris/Documents/mila-human-wav-txt/20220826_070000.WAV	3288	Waveform 1	1
HF	1755.6361	53250.0	52800.00000000001	16.116173208200223	1755.6325	1755.6399	46953	66956	Pipistrellus pipistrellus	0.474	0.622	-1	Echolocation	192000	/home/adkris/Documents/mila-human-wav-txt/20220826_070000.WAV	3289	Waveform 1	1
HF	1755.7344333333333	54000.0	52800.00000000001	25.091595509496116	1755.7315	1755.7384	47812	68147	Pipistrellus pipistrellus	0.411	0.549	-1	Echolocation	192000	/home/adkris/Documents/mila-human-wav-txt/20220826_070000.WAV	3290	Waveform 1	1
HF	1755.8414333333333	48750.0	48960.0	27.493567868362405	1755.8365	1755.8449	46953	65618	Pipistrellus pipistrellus	0.445	0.645	-1	Echolocation	192000	/home/adkris/Documents/mila-human-wav-txt/20220826_070000.WAV	3291	Waveform 1	1
HF	1756.0238333333334	64500.0	70080.0	2.6881489400544645	1756.0125	1756.046	68437	82046	Rhinolophus ferrumequinum	0.025	0.025	-1	Echolocation	192000	/home/adkris/Documents/mila-human-wav-txt/20220826_070000.WAV	3292	Waveform 1	1
HF	1756.1335	48000.0	48000.0	32.04981286325276	1756.1285	1756.1345	46953	73506	Pipistrellus pipistrellus	0.386	0.462	-1	Echolocation	192000	/home/adkris/Documents/mila-human-wav-txt/20220826_070000.WAV	3293	Waveform 1	1
HF	1756.2374666666667	66750.0	80640.0	2.676264007769493	1756.2115	1756.2467	68437	81279	Rhinolophus ferrumequinum	0.023	0.023	-1	Echolocation	192000	/home/adkris/Documents/mila-human-wav-txt/20220826_070000.WAV	3294	Waveform 1	1
HF	1756.3490666666669	48000.0	48000.0	31.48580738499532	1756.3435	1756.3501	45234	68086	Pipistrellus pipistrellus	0.434	0.57	-1	Echolocation	192000	/home/adkris/Documents/mila-human-wav-txt/20220826_070000.WAV	3295	Waveform 1	1
HF	1756.4414	77250.0	82560.0	3.19271965913222	1756.4125	1756.4506	68437	82630	Rhinolophus ferrumequinum	0.023	0.023	-1	Echolocation	192000	/home/adkris/Documents/mila-human-wav-txt/20220826_070000.WAV	3296	Waveform 1	1
HF	1756.6815333333334	49500.0	48960.0	24.18950669519514	1756.6735	1756.6823	46093	62396	Pipistrellus pipistrellus	0.419	0.505	-1	Echolocation	192000	/home/adkris/Documents/mila-human-wav-txt/20220826_070000.WAV	3297	Waveform 1	1
HF	1756.7907333333333	48750.0	48960.0	13.575545074197317	1756.7825	1756.7911	46953	58547	Pipistrellus pipistrellus	0.36	0.41	-1	Echolocation	192000	/home/adkris/Documents/mila-human-wav-txt/20220826_070000.WAV	3298	Waveform 1	1
HF	1756.8885	48000.0	48000.0	26.766852197655485	1756.8795	1756.8885	46093	63508	Pipistrellus pipistrellus	0.464	0.645	-1	Echolocation	192000	/home/adkris/Documents/mila-human-wav-txt/20220826_070000.WAV	3299	Waveform 1	1
HF	1757.0645	59250.0	60480.0	7.819007727468454	1757.0635	1757.07	58125	65620	Pipistrellus pygmaeus	0.053	0.055	-1	Echolocation	192000	/home/adkris/Documents/mila-human-wav-txt/20220826_070000.WAV	3300	Waveform 1	1
HF	1757.1746333333333	51000.0	48960.0	7.389874419555574	1757.1725	1757.1802	48671	61221	Pipistrellus pipistrellus	0.499	0.569	-1	Echolocation	192000	/home/adkris/Documents/mila-human-wav-txt/20220826_070000.WAV	3301	Waveform 1	1
HF	1757.2880666666667	48750.0	48960.0	18.6211651746514	1757.2825	1757.2891	47812	58728	Pipistrellus pipistrellus	0.431	0.557	-1	Echolocation	192000	/home/adkris/Documents/mila-human-wav-txt/20220826_070000.WAV	3302	Waveform 1	1
HF	1757.4262	49500.0	48960.0	11.342267357906426	1757.4205	1757.4293	47812	56357	Pipistrellus pipistrellus	0.4	0.433	-1	Echolocation	192000	/home/adkris/Documents/mila-human-wav-txt/20220826_070000.WAV	3303	Waveform 1	1
HF	1757.5093	47250.0	47040.0	24.634678145903127	1757.5025	1757.5102	46953	58961	Pipistrellus pipistrellus	0.492	0.622	-1	Echolocation	192000	/home/adkris/Documents/mila-human-wav-txt/20220826_070000.WAV	3304	Waveform 1	1
HF	1757.8420333333331	48000.0	48000.0	20.66049876065378	1757.8375	1757.8463	46953	58089	Pipistrellus pipistrellus	0.421	0.501	-1	Echolocation	192000	/home/adkris/Documents/mila-human-wav-txt/20220826_070000.WAV	3305	Waveform 1	1
HF	1758.114366666667	49500.0	49920.0	7.495448415579455	1758.1125	1758.1193	46953	57089	Pipistrellus pipistrellus	0.444	0.538	-1	Echolocation	192000	/home/adkris/Documents/mila-human-wav-txt/20220826_070000.WAV	3306	Waveform 1	1
HF	1758.2283	48000.0	48960.0	19.04576907455955	1758.2255	1758.2337	46953	57272	Pipistrellus pipistrellus	0.462	0.569	-1	Echolocation	192000	/home/adkris/Documents/mila-human-wav-txt/20220826_070000.WAV	3307	Waveform 1	1
HF	1758.3452	47250.0	48960.0	7.465295641987071	1758.3405	1758.3468	46953	56402	Pipistrellus pipistrellus	0.403	0.45	-1	Echolocation	192000	/home/adkris/Documents/mila-human-wav-txt/20220826_070000.WAV	3308	Waveform 1	1
HF	1758.4758	48000.0	48000.0	14.412145275583848	1758.4715	1758.4782	46093	55932	Pipistrellus pipistrellus	0.535	0.603	-1	Echolocation	192000	/home/adkris/Documents/mila-human-wav-txt/20220826_070000.WAV	3309	Waveform 1	1
HF	1758.5955666666666	48000.0	48000.0	2.5182660807526194	1758.5945	1758.6021	46953	52293	Pipistrellus pipistrellus	0.071	0.074	-1	Echolocation	192000	/home/adkris/Documents/mila-human-wav-txt/20220826_070000.WAV	3310	Waveform 1	1
HF	1758.7245333333333	48000.0	48960.0	8.950834480206527	1758.7195	1758.7278	46093	55811	Pipistrellus pipistrellus	0.426	0.525	-1	Echolocation	192000	/home/adkris/Documents/mila-human-wav-txt/20220826_070000.WAV	3311	Waveform 1	1
HF	1758.8309	46500.0	46080.0	12.276886937632788	1758.8265	1758.8331	46093	58744	Pipistrellus pipistrellus	0.5	0.578	-1	Echolocation	192000	/home/adkris/Documents/mila-human-wav-txt/20220826_070000.WAV	3312	Waveform 1	1
HF	1758.9259333333334	48000.0	48000.0	10.942269347420083	1758.9195	1758.9299	46093	58161	Pipistrellus pipistrellus	0.393	0.573	-1	Echolocation	192000	/home/adkris/Documents/mila-human-wav-txt/20220826_070000.WAV	3313	Waveform 1	1
HF	1759.1434	47250.0	47040.0	3.7899311320576894	1759.1395	1759.1466	46953	54267	Pipistrellus pipistrellus	0.229	0.241	-1	Echolocation	192000	/home/adkris/Documents/mila-human-wav-txt/20220826_070000.WAV	3314	Waveform 1	1
HF	1759.489	39750.0	40320.0	1.5410178602329352	1759.4845	1759.4945	39218	42508	Pipistrellus nathusii	0.04	0.09	-1	Echolocation	192000	/home/adkris/Documents/mila-human-wav-txt/20220826_070000.WAV	3315	Waveform 1	1
HF	1759.5855333333334	39750.0	40320.0	5.298560022286968	1759.5805	1759.5888	38359	44995	Pipistrellus nathusii	0.425	0.487	-1	Echolocation	192000	/home/adkris/Documents/mila-human-wav-txt/20220826_070000.WAV	3316	Waveform 1	1
HF	1759.7617666666667	40500.0	41280.0	3.626879783917296	1759.7575	1759.7654	39218	45097	Pipistrellus nathusii	0.452	0.496	-1	Echolocation	192000	/home/adkris/Documents/mila-human-wav-txt/20220826_070000.WAV	3317	Waveform 1	1
HF	1760.0248666666666	40500.0	40320.0	8.662418614072372	1760.0205	1760.0283	39218	46747	Pipistrellus nathusii	0.525	0.588	-1	Echolocation	192000	/home/adkris/Documents/mila-human-wav-txt/20220826_070000.WAV	3318	Waveform 1	1
HF	1760.2486666666666	42000.0	39360.0	3.7597074906357806	1760.2455	1760.2545	39218	45879	Pipistrellus nathusii	0.495	0.542	-1	Echolocation	192000	/home/adkris/Documents/mila-human-wav-txt/20220826_070000.WAV	3319	Waveform 1	1
HF	1760.3347	44250.0	40320.0	1.68472969117165	1760.3325	1760.3413	39218	45365	Pipistrellus nathusii	0.411	0.47	-1	Echolocation	192000	/home/adkris/Documents/mila-human-wav-txt/20220826_070000.WAV	3320	Waveform 1	1
HF	1760.4886	39750.0	39360.0	4.554367620281802	1760.4835	1760.4929	38359	46136	Pipistrellus nathusii	0.456	0.538	-1	Echolocation	192000	/home/adkris/Documents/mila-human-wav-txt/20220826_070000.WAV	3321	Waveform 1	1
HF	1763.8803666666668	48750.0	48960.0	5.822554388431803	1763.8745	1763.8843	46953	56434	Pipistrellus pipistrellus	0.224	0.303	-1	Echolocation	192000	/home/adkris/Documents/mila-human-wav-txt/20220826_070000.WAV	3322	Waveform 1	1
HF	1764.2173666666667	54000.0	54719.99999999999	2.101909858585498	1764.2105	1764.2228	49531	58847	Pipistrellus pipistrellus	0.072	0.082	-1	Echolocation	192000	/home/adkris/Documents/mila-human-wav-txt/20220826_070000.WAV	3323	Waveform 1	1
HF	1764.323133333333	53250.0	48960.0	3.609439628658093	1764.3185	1764.3272	47812	59850	Pipistrellus pipistrellus	0.349	0.426	-1	Echolocation	192000	/home/adkris/Documents/mila-human-wav-txt/20220826_070000.WAV	3324	Waveform 1	1
HF	1764.4295333333334	49500.0	48960.0	5.077095489378571	1764.4245	1764.4328	48671	56201	Pipistrellus pipistrellus	0.179	0.206	-1	Echolocation	192000	/home/adkris/Documents/mila-human-wav-txt/20220826_070000.WAV	3325	Waveform 1	1
HF	1764.5352	48750.0	48960.0	6.994149834704931	1764.5285	1764.5398	46093	62430	Pipistrellus pipistrellus	0.324	0.481	-1	Echolocation	192000	/home/adkris/Documents/mila-human-wav-txt/20220826_070000.WAV	3326	Waveform 1	1
HF	1764.6414666666667	54750.0	48960.0	5.370812418552861	1764.6385	1764.6477	48671	60557	Pipistrellus pipistrellus	0.251	0.322	-1	Echolocation	192000	/home/adkris/Documents/mila-human-wav-txt/20220826_070000.WAV	3327	Waveform 1	1
HF	1765.141	49500.0	48960.0	8.182133809253504	1765.1385	1765.147	48671	60580	Pipistrellus pipistrellus	0.437	0.515	-1	Echolocation	192000	/home/adkris/Documents/mila-human-wav-txt/20220826_070000.WAV	3328	Waveform 1	1
HF	1765.2400333333333	55500.0	55679.99999999999	8.598234979615837	1765.2375	1765.2448	49531	63684	Pipistrellus pipistrellus	0.321	0.411	-1	Echolocation	192000	/home/adkris/Documents/mila-human-wav-txt/20220826_070000.WAV	3329	Waveform 1	1
HF	1765.3429333333331	51000.0	48000.0	14.84131947335555	1765.3375	1765.3489	46093	65702	Pipistrellus pipistrellus	0.379	0.6	-1	Echolocation	192000	/home/adkris/Documents/mila-human-wav-txt/20220826_070000.WAV	3330	Waveform 1	1
HF	1765.5584333333334	48750.0	48960.0	18.509812929986616	1765.5545	1765.5639	46953	67707	Pipistrellus pipistrellus	0.422	0.621	-1	Echolocation	192000	/home/adkris/Documents/mila-human-wav-txt/20220826_070000.WAV	3331	Waveform 1	1
HF	1765.6628	48000.0	52800.00000000001	20.484556099889524	1765.6575	1765.6632	46093	64355	Pipistrellus pipistrellus	0.558	0.681	-1	Echolocation	192000	/home/adkris/Documents/mila-human-wav-txt/20220826_070000.WAV	3332	Waveform 1	1
HF	1765.7531	78750.0	73920.0	1.1106799806392933	1765.7485	1765.7899	68437	82513	Rhinolophus ferrumequinum	0.03	0.03	-1	Echolocation	192000	/home/adkris/Documents/mila-human-wav-txt/20220826_070000.WAV	3333	Waveform 1	1
HF	1765.8503333333333	53250.0	48960.0	20.684758959387448	1765.8445	1765.852	47812	62241	Pipistrellus pipistrellus	0.342	0.562	-1	Echolocation	192000	/home/adkris/Documents/mila-human-wav-txt/20220826_070000.WAV	3334	Waveform 1	1
HF	1766.060433333333	50250.0	48960.0	21.42196963415661	1766.0565	1766.0659	46093	60752	Pipistrellus pipistrellus	0.393	0.572	-1	Echolocation	192000	/home/adkris/Documents/mila-human-wav-txt/20220826_070000.WAV	3335	Waveform 1	1
HF	1766.1601	49500.0	48960.0	18.635155207348088	1766.1555	1766.1654	46093	58816	Pipistrellus pipistrellus	0.225	0.454	-1	Echolocation	192000	/home/adkris/Documents/mila-human-wav-txt/20220826_070000.WAV	3336	Waveform 1	1
HF	1766.294133333333	48750.0	48960.0	23.693706211229877	1766.2905	1766.3002	46093	65977	Pipistrellus pipistrellus	0.377	0.513	-1	Echolocation	192000	/home/adkris/Documents/mila-human-wav-txt/20220826_070000.WAV	3337	Waveform 1	1
HF	1766.5945	48750.0	48960.0	15.98325505082876	1766.5865	1766.5965	46953	61482	Pipistrellus pipistrellus	0.315	0.452	-1	Echolocation	192000	/home/adkris/Documents/mila-human-wav-txt/20220826_070000.WAV	3338	Waveform 1	1
HF	1766.8009	47250.0	46080.0	16.781070956954945	1766.7955	1766.8046	44375	60714	Pipistrellus pipistrellus	0.511	0.683	-1	Echolocation	192000	/home/adkris/Documents/mila-human-wav-txt/20220826_070000.WAV	3339	Waveform 1	1
HF	1766.9007666666666	47250.0	47040.0	4.210143515718417	1766.8965	1766.9044	43515	54951	Pipistrellus pipistrellus	0.169	0.196	-1	Echolocation	192000	/home/adkris/Documents/mila-human-wav-txt/20220826_070000.WAV	3340	Waveform 1	1
HF	1767.6593	48000.0	47040.0	3.882043518586589	1767.6555	1767.6627	46953	53687	Pipistrellus pipistrellus	0.41	0.445	-1	Echolocation	192000	/home/adkris/Documents/mila-human-wav-txt/20220826_070000.WAV	3341	Waveform 1	1
HF	1767.7564666666667	47250.0	47040.0	6.7791594986271475	1767.7515	1767.7587	46093	53567	Pipistrellus pipistrellus	0.429	0.474	-1	Echolocation	192000	/home/adkris/Documents/mila-human-wav-txt/20220826_070000.WAV	3342	Waveform 1	1
LF	1767.7993666666666	39750.0	39360.0	1.7798817810062293	1767.7955	1767.8038	28046	38426	Eptesicus serotinus	0.009	0.025	-1	Echolocation	192000	/home/adkris/Documents/mila-human-wav-txt/20220826_070000.WAV	3343	Waveform 1	1
HF	1767.8563	48000.0	48000.0	2.89575122961057	1767.8535	1767.8617	46953	58329	Pipistrellus pipistrellus	0.322	0.355	-1	Echolocation	192000	/home/adkris/Documents/mila-human-wav-txt/20220826_070000.WAV	3344	Waveform 1	1
HF	1768.2072333333333	49500.0	48960.0	4.866839403933135	1768.2025	1768.2111	48671	57207	Pipistrellus pipistrellus	0.452	0.536	-1	Echolocation	192000	/home/adkris/Documents/mila-human-wav-txt/20220826_070000.WAV	3345	Waveform 1	1
LF	1768.2907	41250.0	42240.0	5.141977578824043	1768.2835	1768.2908	28046	42145	Eptesicus serotinus	0.007	0.023	-1	Echolocation	192000	/home/adkris/Documents/mila-human-wav-txt/20220826_070000.WAV	3346	Waveform 1	1
HF	1768.3114	48000.0	48960.0	7.777347818742726	1768.3055	1768.3141	47812	57703	Pipistrellus pipistrellus	0.333	0.396	-1	Echolocation	192000	/home/adkris/Documents/mila-human-wav-txt/20220826_070000.WAV	3347	Waveform 1	1
HF	1768.4328	48750.0	48000.0	11.388590756747083	1768.4295	1768.4372	46953	53753	Pipistrellus pipistrellus	0.416	0.456	-1	Echolocation	192000	/home/adkris/Documents/mila-human-wav-txt/20220826_070000.WAV	3348	Waveform 1	1
HF	1768.5264333333334	50250.0	48000.0	2.516357802040359	1768.5205	1768.5279	35781	59518	Myotis mystacinus	0.009	0.028	-1	Echolocation	192000	/home/adkris/Documents/mila-human-wav-txt/20220826_070000.WAV	3349	Waveform 1	1
HF	1768.6294333333333	48000.0	47040.0	6.67427102435012	1768.6235	1768.6344	46953	57095	Pipistrellus pipistrellus	0.315	0.48	-1	Echolocation	192000	/home/adkris/Documents/mila-human-wav-txt/20220826_070000.WAV	3350	Waveform 1	1
HF	1768.7394666666669	48000.0	47040.0	3.5710636585559703	1768.7345	1768.7452	46093	49933	Pipistrellus pipistrellus	0.266	0.301	-1	Echolocation	192000	/home/adkris/Documents/mila-human-wav-txt/20220826_070000.WAV	3351	Waveform 1	1
HF	1768.7723666666666	39750.0	40320.0	4.654972370498173	1768.7675	1768.7748	39218	46055	Pipistrellus nathusii	0.446	0.492	-1	Echolocation	192000	/home/adkris/Documents/mila-human-wav-txt/20220826_070000.WAV	3352	Waveform 1	1
HF	1768.864	48000.0	48000.0	4.665735001700008	1768.8585	1768.8675	47812	56246	Pipistrellus pipistrellus	0.508	0.571	-1	Echolocation	192000	/home/adkris/Documents/mila-human-wav-txt/20220826_070000.WAV	3353	Waveform 1	1
HF	1768.9732333333334	48750.0	48960.0	6.024395112994093	1768.9685	1768.9771	47812	57405	Pipistrellus pipistrellus	0.411	0.54	-1	Echolocation	192000	/home/adkris/Documents/mila-human-wav-txt/20220826_070000.WAV	3354	Waveform 1	1
HF	1769.0758	47250.0	47040.0	7.382834394116111	1769.0725	1769.0802	46953	58737	Pipistrellus pipistrellus	0.475	0.537	-1	Echolocation	192000	/home/adkris/Documents/mila-human-wav-txt/20220826_070000.WAV	3355	Waveform 1	1
HF	1769.382833333333	48000.0	48000.0	4.6665055242085804	1769.3805	1769.388	46953	55828	Pipistrellus pipistrellus	0.406	0.422	-1	Echolocation	192000	/home/adkris/Documents/mila-human-wav-txt/20220826_070000.WAV	3356	Waveform 1	1
HF	1769.5383	48000.0	48000.0	6.256080959898476	1769.5345	1769.5417	45234	55417	Pipistrellus pipistrellus	0.244	0.291	-1	Echolocation	192000	/home/adkris/Documents/mila-human-wav-txt/20220826_070000.WAV	3357	Waveform 1	1
HF	1769.6487666666667	47250.0	47040.0	3.5186420020621667	1769.6425	1769.6519	46093	57620	Pipistrellus pipistrellus	0.225	0.278	-1	Echolocation	192000	/home/adkris/Documents/mila-human-wav-txt/20220826_070000.WAV	3358	Waveform 1	1
HF	1769.7634	48750.0	48960.0	6.800840589073189	1769.7575	1769.7661	46953	57566	Pipistrellus pipistrellus	0.29	0.372	-1	Echolocation	192000	/home/adkris/Documents/mila-human-wav-txt/20220826_070000.WAV	3359	Waveform 1	1
HF	1769.8723666666667	48750.0	48960.0	7.424317523610727	1769.8665	1769.8763	47812	61162	Pipistrellus pipistrellus	0.362	0.447	-1	Echolocation	192000	/home/adkris/Documents/mila-human-wav-txt/20220826_070000.WAV	3360	Waveform 1	1
HF	1770.0902666666666	50250.0	49920.0	5.846853117034425	1770.0855	1770.0964	48671	56069	Pipistrellus pipistrellus	0.323	0.368	-1	Echolocation	192000	/home/adkris/Documents/mila-human-wav-txt/20220826_070000.WAV	3361	Waveform 1	1
HF	1770.192633333333	46500.0	47040.0	6.237665025199192	1770.1875	1770.1957	46093	53946	Pipistrellus pipistrellus	0.369	0.403	-1	Echolocation	192000	/home/adkris/Documents/mila-human-wav-txt/20220826_070000.WAV	3362	Waveform 1	1
HF	1770.6227666666666	49500.0	48960.0	7.398228550988487	1770.6165	1770.6259	47812	61449	Pipistrellus pipistrellus	0.346	0.446	-1	Echolocation	192000	/home/adkris/Documents/mila-human-wav-txt/20220826_070000.WAV	3363	Waveform 1	1
HF	1770.7827666666667	54750.0	54719.99999999999	6.504071729841455	1770.7795	1770.7884	47812	61232	Pipistrellus pipistrellus	0.42	0.473	-1	Echolocation	192000	/home/adkris/Documents/mila-human-wav-txt/20220826_070000.WAV	3364	Waveform 1	1
HF	1770.8863666666666	48750.0	48000.0	14.883966635686768	1770.8815	1770.8888	46953	60943	Pipistrellus pipistrellus	0.467	0.605	-1	Echolocation	192000	/home/adkris/Documents/mila-human-wav-txt/20220826_070000.WAV	3365	Waveform 1	1
HF	1771.114	53250.0	52800.00000000001	6.0300376563474885	1771.1095	1771.116	51250	56666	Pipistrellus pipistrellus	0.287	0.407	-1	Echolocation	192000	/home/adkris/Documents/mila-human-wav-txt/20220826_070000.WAV	3366	Waveform 1	1
HF	1771.1767666666667	54000.0	54719.99999999999	4.647155007898834	1771.1745	1771.1809	46953	58228	Pipistrellus pipistrellus	0.299	0.353	-1	Echolocation	192000	/home/adkris/Documents/mila-human-wav-txt/20220826_070000.WAV	3367	Waveform 1	1
HF	1771.3301666666666	48000.0	48000.0	5.072613709900143	1771.3255	1771.333	46953	57263	Pipistrellus pipistrellus	0.335	0.37	-1	Echolocation	192000	/home/adkris/Documents/mila-human-wav-txt/20220826_070000.WAV	3368	Waveform 1	1
HF	1771.7170666666666	46500.0	47040.0	6.373702687451316	1771.7125	1771.7201	46093	56905	Pipistrellus pipistrellus	0.41	0.456	-1	Echolocation	192000	/home/adkris/Documents/mila-human-wav-txt/20220826_070000.WAV	3369	Waveform 1	1
HF	1774.631	45000.0	44160.0	5.766362734610368	1774.6285	1774.637	40937	52193	Pipistrellus nathusii	0.46	0.512	-1	Echolocation	192000	/home/adkris/Documents/mila-human-wav-txt/20220826_070000.WAV	3370	Waveform 1	1
HF	1775.0196	40500.0	41280.0	3.855356341849685	1775.0135	1775.0219	39218	45384	Pipistrellus nathusii	0.364	0.411	-1	Echolocation	192000	/home/adkris/Documents/mila-human-wav-txt/20220826_070000.WAV	3371	Waveform 1	1
HF	1775.2072	43500.0	44160.0	2.9882515870638997	1775.2015	1775.2103	40937	50392	Pipistrellus nathusii	0.156	0.197	-1	Echolocation	192000	/home/adkris/Documents/mila-human-wav-txt/20220826_070000.WAV	3372	Waveform 1	1
HF	1775.2995	45000.0	45120.0	2.301788212104519	1775.2965	1775.3045	41796	50420	Pipistrellus nathusii	0.448	0.48	-1	Echolocation	192000	/home/adkris/Documents/mila-human-wav-txt/20220826_070000.WAV	3373	Waveform 1	1
HF	1775.3924	45750.0	45120.0	4.06725632087686	1775.3875	1775.3971	42656	51404	Pipistrellus nathusii	0.264	0.289	-1	Echolocation	192000	/home/adkris/Documents/mila-human-wav-txt/20220826_070000.WAV	3374	Waveform 1	1
HF	1775.5037666666667	45000.0	41280.0	3.357000016257372	1775.5005	1775.5094	40078	47803	Pipistrellus nathusii	0.441	0.477	-1	Echolocation	192000	/home/adkris/Documents/mila-human-wav-txt/20220826_070000.WAV	3375	Waveform 1	1
HF	1775.5869333333333	44250.0	44160.0	3.842874902131829	1775.5845	1775.5919	40937	47424	Pipistrellus nathusii	0.415	0.468	-1	Echolocation	192000	/home/adkris/Documents/mila-human-wav-txt/20220826_070000.WAV	3376	Waveform 1	1
HF	1775.6829	43500.0	43200.0	2.2279136089018894	1775.6775	1775.6866	41796	46096	Pipistrellus nathusii	0.198	0.227	-1	Echolocation	192000	/home/adkris/Documents/mila-human-wav-txt/20220826_070000.WAV	3377	Waveform 1	1
HF	1775.7697666666666	22500.0	46080.0	6.346186554464028	1775.7675	1775.7739	27187	53540	Myotis daubentonii	0.009	0.027	-1	Echolocation	192000	/home/adkris/Documents/mila-human-wav-txt/20220826_070000.WAV	3378	Waveform 1	1
HF	1775.872566666667	42750.0	39360.0	5.179357468768985	1775.8695	1775.8786	38359	48499	Pipistrellus nathusii	0.538	0.593	-1	Echolocation	192000	/home/adkris/Documents/mila-human-wav-txt/20220826_070000.WAV	3379	Waveform 1	1
HF	1776.0616666666667	42750.0	40320.0	6.883000958669761	1776.0585	1776.0675	39218	49358	Pipistrellus nathusii	0.528	0.603	-1	Echolocation	192000	/home/adkris/Documents/mila-human-wav-txt/20220826_070000.WAV	3380	Waveform 1	1
HF	1776.1564	45750.0	45120.0	10.597123254706842	1776.1545	1776.1636	40937	52724	Pipistrellus nathusii	0.499	0.574	-1	Echolocation	192000	/home/adkris/Documents/mila-human-wav-txt/20220826_070000.WAV	3381	Waveform 1	1
HF	1776.2584333333334	40500.0	39360.0	6.975993581880657	1776.2535	1776.2654	40078	47093	Pipistrellus nathusii	0.315	0.355	-1	Echolocation	192000	/home/adkris/Documents/mila-human-wav-txt/20220826_070000.WAV	3382	Waveform 1	1
HF	1776.3831666666667	40500.0	40320.0	11.982454219477404	1776.3795	1776.388	39218	54599	Pipistrellus nathusii	0.529	0.586	-1	Echolocation	192000	/home/adkris/Documents/mila-human-wav-txt/20220826_070000.WAV	3383	Waveform 1	1
HF	1776.4741333333334	43500.0	44160.0	6.836744185655201	1776.4675	1776.4742	28046	46282	Myotis daubentonii	0.016	0.032	-1	Echolocation	192000	/home/adkris/Documents/mila-human-wav-txt/20220826_070000.WAV	3384	Waveform 1	1
HF	1776.6664666666666	42000.0	42240.0	7.897088246085016	1776.6605	1776.6667	28906	49314	Myotis daubentonii	0.012	0.024	-1	Echolocation	192000	/home/adkris/Documents/mila-human-wav-txt/20220826_070000.WAV	3385	Waveform 1	1
HF	1776.7589	41250.0	42240.0	13.802549010021853	1776.7535	1776.7626	40078	53727	Pipistrellus nathusii	0.549	0.616	-1	Echolocation	192000	/home/adkris/Documents/mila-human-wav-txt/20220826_070000.WAV	3386	Waveform 1	1
HF	1776.8557	41250.0	41280.0	14.820138831798428	1776.8505	1776.8598	39218	51933	Pipistrellus nathusii	0.557	0.643	-1	Echolocation	192000	/home/adkris/Documents/mila-human-wav-txt/20220826_070000.WAV	3387	Waveform 1	1
HF	1777.0368	54000.0	52800.00000000001	4.978612074681475	1777.0325	1777.0392	52109	57472	Pipistrellus pygmaeus	0.022	0.033	-1	Echolocation	192000	/home/adkris/Documents/mila-human-wav-txt/20220826_070000.WAV	3388	Waveform 1	1
HF	1777.2721666666666	42750.0	43200.0	12.709118988840936	1777.2685	1777.277	40078	53964	Pipistrellus nathusii	0.638	0.654	-1	Echolocation	192000	/home/adkris/Documents/mila-human-wav-txt/20220826_070000.WAV	3389	Waveform 1	1
HF	1777.3751333333332	42000.0	42240.0	5.688464312990372	1777.3705	1777.3792	40078	49700	Pipistrellus nathusii	0.549	0.599	-1	Echolocation	192000	/home/adkris/Documents/mila-human-wav-txt/20220826_070000.WAV	3390	Waveform 1	1
HF	1777.4638	43500.0	42240.0	13.2291628534551	1777.4625	1777.4687	39218	54163	Pipistrellus nathusii	0.376	0.426	-1	Echolocation	192000	/home/adkris/Documents/mila-human-wav-txt/20220826_070000.WAV	3391	Waveform 1	1
HF	1777.553666666667	47250.0	49920.0	0.7512572813161387	1777.5485	1777.5555	48671	55780	Pipistrellus pipistrellus	0.013	0.023	-1	Echolocation	192000	/home/adkris/Documents/mila-human-wav-txt/20220826_070000.WAV	3392	Waveform 1	1
HF	1777.6394333333333	42750.0	43200.0	8.47844838692123	1777.6375	1777.6454	39218	53918	Pipistrellus nathusii	0.528	0.563	-1	Echolocation	192000	/home/adkris/Documents/mila-human-wav-txt/20220826_070000.WAV	3393	Waveform 1	1
HF	1777.8213666666666	42000.0	43200.0	7.174985471419996	1777.8175	1777.8258	38359	51833	Pipistrellus nathusii	0.536	0.618	-1	Echolocation	192000	/home/adkris/Documents/mila-human-wav-txt/20220826_070000.WAV	3394	Waveform 1	1
HF	1786.7641333333331	39750.0	39360.0	4.073511407571063	1786.7595	1786.7682	37500	45452	Pipistrellus nathusii	0.523	0.554	-1	Echolocation	192000	/home/adkris/Documents/mila-human-wav-txt/20220826_070000.WAV	3395	Waveform 1	1
HF	1787.1511333333333	44250.0	39360.0	3.3302142816106266	1787.1495	1787.1577	39218	47324	Pipistrellus nathusii	0.513	0.543	-1	Echolocation	192000	/home/adkris/Documents/mila-human-wav-txt/20220826_070000.WAV	3396	Waveform 1	1
HF	1787.2637333333332	40500.0	39360.0	4.4900469342471006	1787.2595	1787.2686	38359	45558	Pipistrellus nathusii	0.555	0.597	-1	Echolocation	192000	/home/adkris/Documents/mila-human-wav-txt/20220826_070000.WAV	3397	Waveform 1	1
HF	1787.4818333333333	45000.0	44160.0	1.9709630930403508	1787.4815	1787.491	38359	44446	Pipistrellus nathusii	0.441	0.462	-1	Echolocation	192000	/home/adkris/Documents/mila-human-wav-txt/20220826_070000.WAV	3398	Waveform 1	1
HF	1787.9641	40500.0	40320.0	6.562988406478033	1787.9595	1787.9694	37500	45913	Pipistrellus nathusii	0.537	0.591	-1	Echolocation	192000	/home/adkris/Documents/mila-human-wav-txt/20220826_070000.WAV	3399	Waveform 1	1
LF	1788.2174666666667	40500.0	40320.0	6.420729787133155	1788.2125	1788.2197	29765	41499	Myotis daubentonii	0.008	0.026	-1	Echolocation	192000	/home/adkris/Documents/mila-human-wav-txt/20220826_070000.WAV	3400	Waveform 1	1
HF	1788.419	41250.0	41280.0	5.583952728315962	1788.4135	1788.4225	40078	49982	Pipistrellus nathusii	0.441	0.566	-1	Echolocation	192000	/home/adkris/Documents/mila-human-wav-txt/20220826_070000.WAV	3401	Waveform 1	1
HF	1788.4997666666666	41250.0	40320.0	4.144408116254132	1788.4955	1788.5034	38359	47881	Pipistrellus nathusii	0.419	0.56	-1	Echolocation	192000	/home/adkris/Documents/mila-human-wav-txt/20220826_070000.WAV	3402	Waveform 1	1
