Manually-Verified Phonic Group	peak_frequency_time_SPECTROGRAM	peak_frequency_SPECTROGRAM	peak_frequency_WELCH	SNR	Begin Time (s)	End Time (s)	Low Freq (Hz)	High Freq (Hz)	class	class_prob	det_prob	individual	Annotation	sampling_rate	input_file	Selection	View	Channel
HF	4.0455	52500.0	48000.0	2.673958169047056	4.0445	4.051	46953	53999	Pipistrellus pipistrellus	0.046	0.048	-1	Echolocation	192000	/home/adkris/Documents/mila-human-wav-txt/20220826_070000.WAV	1	Waveform 1	1
HF	4.444933333333332	52500.0	51840.0	8.891129956720473	4.4415	4.4479	52109	59097	Pipistrellus pipistrellus	0.02	0.037	-1	Echolocation	192000	/home/adkris/Documents/mila-human-wav-txt/20220826_070000.WAV	2	Waveform 1	1
HF	5.0048	52500.0	51840.0	11.564706821427407	5.0035	5.0097	52109	58867	Pipistrellus pygmaeus	0.02	0.035	-1	Echolocation	192000	/home/adkris/Documents/mila-human-wav-txt/20220826_070000.WAV	3	Waveform 1	1
HF	5.154633333333333	50250.0	48000.0	8.709493726322197	5.1505	5.1562	33203	74284	Myotis mystacinus	0.011	0.023	-1	Echolocation	192000	/home/adkris/Documents/mila-human-wav-txt/20220826_070000.WAV	4	Waveform 1	1
HF	5.926133333333333	46500.0	46080.0	3.876120264073682	5.9215	5.9267	34921	71559	Myotis mystacinus	0.012	0.023	-1	Echolocation	192000	/home/adkris/Documents/mila-human-wav-txt/20220826_070000.WAV	5	Waveform 1	1
HF	7.254466666666667	48000.0	48960.0	3.308504181941165	7.2515	7.2572	37500	64690	Myotis brandtii	0.009	0.025	-1	Echolocation	192000	/home/adkris/Documents/mila-human-wav-txt/20220826_070000.WAV	6	Waveform 1	1
LF	8.971999999999998	40500.0	40320.0	2.6101260423372152	8.9675	8.974	28906	40847	Myotis daubentonii	0.006	0.022	-1	Echolocation	192000	/home/adkris/Documents/mila-human-wav-txt/20220826_070000.WAV	7	Waveform 1	1
HF	31.4629	52500.0	55679.99999999999	3.633207890638994	31.4625	31.4731	50390	57516	Pipistrellus pipistrellus	0.014	0.021	-1	Echolocation	192000	/home/adkris/Documents/mila-human-wav-txt/20220826_070000.WAV	8	Waveform 1	1
HF	31.574	54000.0	53760.00000000001	3.133814260459657	31.5695	31.576	51250	57801	Pipistrellus pipistrellus	0.032	0.041	-1	Echolocation	192000	/home/adkris/Documents/mila-human-wav-txt/20220826_070000.WAV	9	Waveform 1	1
HF	31.780766666666665	56250.0	52800.00000000001	5.642220733497067	31.7765	31.7844	52109	59220	Pipistrellus pygmaeus	0.029	0.06	-1	Echolocation	192000	/home/adkris/Documents/mila-human-wav-txt/20220826_070000.WAV	10	Waveform 1	1
HF	32.407466666666664	53250.0	52800.00000000001	3.425227475189481	32.4045	32.4102	49531	57731	Pipistrellus pipistrellus	0.078	0.083	-1	Echolocation	192000	/home/adkris/Documents/mila-human-wav-txt/20220826_070000.WAV	11	Waveform 1	1
HF	32.5547	53250.0	52800.00000000001	4.510693907772513	32.5515	32.5593	52109	57301	Pipistrellus pygmaeus	0.057	0.086	-1	Echolocation	192000	/home/adkris/Documents/mila-human-wav-txt/20220826_070000.WAV	12	Waveform 1	1
LF	34.652033333333335	24000.0	24960.0	2.959255500378444	34.6315	34.6523	23750	27664	Nyctalus leisleri	0.048	0.114	-1	Echolocation	192000	/home/adkris/Documents/mila-human-wav-txt/20220826_070000.WAV	13	Waveform 1	1
LF	46.4253	41250.0	41280.0	3.2988067214497594	46.4205	46.4267	28906	42065	Myotis daubentonii	0.011	0.031	-1	Echolocation	192000	/home/adkris/Documents/mila-human-wav-txt/20220826_070000.WAV	14	Waveform 1	1
HF	63.77026666666666	52500.0	52800.00000000001	5.597649940075067	63.7665	63.7714	48671	58561	Pipistrellus pipistrellus	0.069	0.082	-1	Echolocation	192000	/home/adkris/Documents/mila-human-wav-txt/20220826_070000.WAV	15	Waveform 1	1
HF	64.09826666666666	49500.0	48960.0	5.208450496394232	64.0955	64.1014	33203	68060	Myotis daubentonii	0.009	0.027	-1	Echolocation	192000	/home/adkris/Documents/mila-human-wav-txt/20220826_070000.WAV	16	Waveform 1	1
HF	64.78396666666667	56250.0	56640.0	3.5830067728878934	64.7825	64.7897	56406	62648	Pipistrellus pygmaeus	0.027	0.028	-1	Echolocation	192000	/home/adkris/Documents/mila-human-wav-txt/20220826_070000.WAV	17	Waveform 1	1
HF	64.89673333333333	49500.0	46080.0	3.015593542965047	64.8955	64.9006	31484	73989	Myotis mystacinus	0.02	0.059	-1	Echolocation	192000	/home/adkris/Documents/mila-human-wav-txt/20220826_070000.WAV	18	Waveform 1	1
HF	64.94546666666666	51750.0	48000.0	2.123565679397092	64.9425	64.9482	46953	57695	Pipistrellus pipistrellus	0.067	0.09	-1	Echolocation	192000	/home/adkris/Documents/mila-human-wav-txt/20220826_070000.WAV	19	Waveform 1	1
HF	65.00789999999999	45750.0	48960.0	2.3425157847166598	65.0055	65.0106	31484	75180	Myotis mystacinus	0.027	0.066	-1	Echolocation	192000	/home/adkris/Documents/mila-human-wav-txt/20220826_070000.WAV	20	Waveform 1	1
HF	65.0526	55500.0	48960.0	3.202486628431696	65.0505	65.0559	33203	68694	Myotis mystacinus	0.01	0.028	-1	Echolocation	192000	/home/adkris/Documents/mila-human-wav-txt/20220826_070000.WAV	21	Waveform 1	1
HF	65.2547	54000.0	52800.00000000001	5.273869229018863	65.2525	65.2578	32343	73273	Myotis mystacinus	0.011	0.032	-1	Echolocation	192000	/home/adkris/Documents/mila-human-wav-txt/20220826_070000.WAV	22	Waveform 1	1
HF	65.30146666666667	54750.0	51840.0	5.606975835145026	65.2985	65.3042	33203	68106	Myotis brandtii	0.008	0.024	-1	Echolocation	192000	/home/adkris/Documents/mila-human-wav-txt/20220826_070000.WAV	23	Waveform 1	1
HF	65.45779999999999	48000.0	47040.0	8.950842919759074	65.4555	65.4607	30625	74085	Myotis mystacinus	0.014	0.039	-1	Echolocation	192000	/home/adkris/Documents/mila-human-wav-txt/20220826_070000.WAV	24	Waveform 1	1
HF	65.49723333333333	48750.0	48960.0	3.0124250251359737	65.4935	65.4996	32343	67746	Myotis mystacinus	0.011	0.033	-1	Echolocation	192000	/home/adkris/Documents/mila-human-wav-txt/20220826_070000.WAV	25	Waveform 1	1
HF	65.56893333333333	54000.0	53760.00000000001	5.07569295964871	65.5675	65.5724	52109	62741	Pipistrellus pipistrellus	0.075	0.087	-1	Echolocation	192000	/home/adkris/Documents/mila-human-wav-txt/20220826_070000.WAV	26	Waveform 1	1
HF	81.94046666666667	43500.0	45120.0	4.351910535930591	81.9375	81.9432	38359	50295	Myotis daubentonii	0.033	0.077	-1	Echolocation	192000	/home/adkris/Documents/mila-human-wav-txt/20220826_070000.WAV	27	Waveform 1	1
HF	82.65066666666667	43500.0	39360.0	3.0714361808290884	82.64750000000001	82.6565	38359	49247	Pipistrellus nathusii	0.009	0.031	-1	Echolocation	192000	/home/adkris/Documents/mila-human-wav-txt/20220826_070000.WAV	28	Waveform 1	1
HF	94.63366666666668	49500.0	51840.0	2.1817901954801355	94.6305	94.636	48671	57703	Pipistrellus pipistrellus	0.034	0.046	-1	Echolocation	192000	/home/adkris/Documents/mila-human-wav-txt/20220826_070000.WAV	29	Waveform 1	1
HF	94.78873333333333	53250.0	52800.00000000001	3.2485928168024243	94.7875	94.7926	35781	61975	Myotis mystacinus	0.011	0.037	-1	Echolocation	192000	/home/adkris/Documents/mila-human-wav-txt/20220826_070000.WAV	30	Waveform 1	1
HF	95.8194	55500.0	55679.99999999999	5.151890068573062	95.8175	95.8231	33203	65387	Myotis brandtii	0.011	0.031	-1	Echolocation	192000	/home/adkris/Documents/mila-human-wav-txt/20220826_070000.WAV	31	Waveform 1	1
HF	96.01493333333332	50250.0	49920.0	3.124250195854544	96.0015	96.0154	47812	56054	Pipistrellus pipistrellus	0.025	0.035	-1	Echolocation	192000	/home/adkris/Documents/mila-human-wav-txt/20220826_070000.WAV	32	Waveform 1	1
HF	96.11383333333332	53250.0	53760.00000000001	3.822824032154797	96.1105	96.117	51250	59495	Pipistrellus pipistrellus	0.027	0.034	-1	Echolocation	192000	/home/adkris/Documents/mila-human-wav-txt/20220826_070000.WAV	33	Waveform 1	1
HF	96.1346	57750.0	55679.99999999999	2.60834751260108	96.1335	96.1399	33203	66112	Myotis brandtii	0.009	0.024	-1	Echolocation	192000	/home/adkris/Documents/mila-human-wav-txt/20220826_070000.WAV	34	Waveform 1	1
HF	97.07653333333332	62250.0	56640.0	22.578655979066315	97.0715	97.0763	57265	66149	Pipistrellus pygmaeus	0.022	0.041	-1	Echolocation	192000	/home/adkris/Documents/mila-human-wav-txt/20220826_070000.WAV	35	Waveform 1	1
HF	97.18336666666669	58500.0	52800.00000000001	20.88464213619642	97.1755	97.1833	55546	63122	Myotis alcathoe	0.01	0.026	-1	Echolocation	192000	/home/adkris/Documents/mila-human-wav-txt/20220826_070000.WAV	36	Waveform 1	1
HF	97.25473333333332	78750.0	72000.0	2.357955299700418	97.2515	97.2966	68437	83851	Rhinolophus ferrumequinum	0.027	0.027	-1	Echolocation	192000	/home/adkris/Documents/mila-human-wav-txt/20220826_070000.WAV	37	Waveform 1	1
HF	97.35603333333331	52500.0	54719.99999999999	12.4457237743579	97.3545	97.3593	31484	76391	Myotis mystacinus	0.022	0.049	-1	Echolocation	192000	/home/adkris/Documents/mila-human-wav-txt/20220826_070000.WAV	38	Waveform 1	1
HF	97.69216666666668	50250.0	47040.0	8.416298733734976	97.6895	97.6955	29765	74872	Myotis daubentonii	0.009	0.025	-1	Echolocation	192000	/home/adkris/Documents/mila-human-wav-txt/20220826_070000.WAV	39	Waveform 1	1
HF	98.0862	50250.0	47040.0	3.439627817406766	98.0845	98.0903	46093	56676	Pipistrellus pipistrellus	0.044	0.052	-1	Echolocation	192000	/home/adkris/Documents/mila-human-wav-txt/20220826_070000.WAV	40	Waveform 1	1
HF	99.601	50250.0	49920.0	3.313783088958138	99.5985	99.6035	48671	60222	Pipistrellus pipistrellus	0.108	0.118	-1	Echolocation	192000	/home/adkris/Documents/mila-human-wav-txt/20220826_070000.WAV	41	Waveform 1	1
HF	111.55076666666666	52500.0	47040.0	2.023279192882085	111.5475	111.5529	34062	68173	Myotis brandtii	0.008	0.027	-1	Echolocation	192000	/home/adkris/Documents/mila-human-wav-txt/20220826_070000.WAV	42	Waveform 1	1
HF	121.78676666666668	51750.0	51840.0	3.843443754302786	121.7835	121.7889	48671	58676	Pipistrellus pipistrellus	0.075	0.083	-1	Echolocation	192000	/home/adkris/Documents/mila-human-wav-txt/20220826_070000.WAV	43	Waveform 1	1
HF	122.15053333333331	55500.0	54719.99999999999	3.2008773366955348	122.1445	122.1518	54687	64985	Pipistrellus pygmaeus	0.08	0.082	-1	Echolocation	192000	/home/adkris/Documents/mila-human-wav-txt/20220826_070000.WAV	44	Waveform 1	1
HF	123.26483333333331	42750.0	51840.0	4.688615150704639	123.2645	123.2705	34062	58964	Myotis mystacinus	0.011	0.032	-1	Echolocation	192000	/home/adkris/Documents/mila-human-wav-txt/20220826_070000.WAV	45	Waveform 1	1
HF	123.51156666666668	48750.0	48960.0	2.661133840355842	123.5085	123.5141	34062	71246	Myotis mystacinus	0.014	0.033	-1	Echolocation	192000	/home/adkris/Documents/mila-human-wav-txt/20220826_070000.WAV	46	Waveform 1	1
HF	123.78193333333331	49500.0	55679.99999999999	6.406818965252531	123.7805	123.7854	33203	73182	Myotis mystacinus	0.014	0.036	-1	Echolocation	192000	/home/adkris/Documents/mila-human-wav-txt/20220826_070000.WAV	47	Waveform 1	1
HF	124.0083	60000.0	57600.0	6.985010311877245	124.0015	124.0127	58125	65475	Pipistrellus pygmaeus	0.06	0.063	-1	Echolocation	192000	/home/adkris/Documents/mila-human-wav-txt/20220826_070000.WAV	48	Waveform 1	1
HF	124.2456	50250.0	48960.0	3.0296758227736333	124.2435	124.2489	33203	65786	Myotis brandtii	0.009	0.023	-1	Echolocation	192000	/home/adkris/Documents/mila-human-wav-txt/20220826_070000.WAV	49	Waveform 1	1
HF	124.53653333333334	56250.0	52800.00000000001	4.234487054432567	124.5335	124.5403	49531	57936	Pipistrellus pipistrellus	0.055	0.071	-1	Echolocation	192000	/home/adkris/Documents/mila-human-wav-txt/20220826_070000.WAV	50	Waveform 1	1
LF	158.49426666666668	25500.0	25920.0	2.4748934781635548	158.4815	158.4984	25468	30169	Eptesicus serotinus	0.027	0.069	-1	Echolocation	192000	/home/adkris/Documents/mila-human-wav-txt/20220826_070000.WAV	51	Waveform 1	1
HF	160.60603333333333	48750.0	48000.0	2.1293833546914174	160.6025	160.6088	34921	58700	Myotis mystacinus	0.008	0.028	-1	Echolocation	192000	/home/adkris/Documents/mila-human-wav-txt/20220826_070000.WAV	52	Waveform 1	1
HF	162.0254	56250.0	52800.00000000001	4.778985410255769	162.0205	162.0266	34921	57339	Myotis daubentonii	0.007	0.025	-1	Echolocation	192000	/home/adkris/Documents/mila-human-wav-txt/20220826_070000.WAV	53	Waveform 1	1
LF	162.02986666666666	21000.0	20160.0	9.001799771772646	162.0275	162.0338	17734	28599	Plecotus austriacus	0.059	0.097	-1	Echolocation	192000	/home/adkris/Documents/mila-human-wav-txt/20220826_070000.WAV	54	Waveform 1	1
HF	163.25366666666667	48000.0	48960.0	3.891367804173413	163.2505	163.256	33203	69558	Myotis mystacinus	0.009	0.026	-1	Echolocation	192000	/home/adkris/Documents/mila-human-wav-txt/20220826_070000.WAV	55	Waveform 1	1
HF	163.2828	46500.0	46080.0	2.685381340525577	163.2785	163.2852	45234	59735	Pipistrellus pipistrellus	0.06	0.11	-1	Echolocation	192000	/home/adkris/Documents/mila-human-wav-txt/20220826_070000.WAV	56	Waveform 1	1
HF	163.8496	57750.0	56640.0	16.090333723167305	163.8455	163.8524	56406	64698	Pipistrellus pygmaeus	0.045	0.053	-1	Echolocation	192000	/home/adkris/Documents/mila-human-wav-txt/20220826_070000.WAV	57	Waveform 1	1
HF	164.2039	52500.0	48960.0	5.531179304457805	164.2005	164.2081	46093	60496	Pipistrellus pipistrellus	0.08	0.103	-1	Echolocation	192000	/home/adkris/Documents/mila-human-wav-txt/20220826_070000.WAV	58	Waveform 1	1
LF	169.37326666666667	25500.0	25920.0	6.923357815126087	169.35750000000002	169.3749	25468	31452	Nyctalus leisleri	0.043	0.108	-1	Echolocation	192000	/home/adkris/Documents/mila-human-wav-txt/20220826_070000.WAV	59	Waveform 1	1
LF	179.2824	24750.0	24960.0	2.5533903643674662	179.2695	179.2886	23750	28105	Nyctalus leisleri	0.032	0.073	-1	Echolocation	192000	/home/adkris/Documents/mila-human-wav-txt/20220826_070000.WAV	60	Waveform 1	1
HF	181.9136333333333	48000.0	48960.0	4.589205229516331	181.9115	181.9192	48671	52709	Pipistrellus pipistrellus	0.019	0.033	-1	Echolocation	192000	/home/adkris/Documents/mila-human-wav-txt/20220826_070000.WAV	61	Waveform 1	1
HF	182.2975	43500.0	43200.0	10.145213652913846	182.2925	182.2985	28046	53174	Myotis daubentonii	0.017	0.028	-1	Echolocation	192000	/home/adkris/Documents/mila-human-wav-txt/20220826_070000.WAV	62	Waveform 1	1
HF	182.4861	49500.0	48960.0	6.279850610594479	182.4845	182.4904	49531	54062	Pipistrellus pipistrellus	0.014	0.025	-1	Echolocation	192000	/home/adkris/Documents/mila-human-wav-txt/20220826_070000.WAV	63	Waveform 1	1
HF	191.10596666666663	53250.0	55679.99999999999	4.691571557506389	191.1025	191.1077	47812	59778	Pipistrellus pipistrellus	0.074	0.092	-1	Echolocation	192000	/home/adkris/Documents/mila-human-wav-txt/20220826_070000.WAV	64	Waveform 1	1
HF	191.6759333333333	52500.0	52800.00000000001	5.319628138927685	191.6715	191.6769	37500	65830	Myotis mystacinus	0.01	0.028	-1	Echolocation	192000	/home/adkris/Documents/mila-human-wav-txt/20220826_070000.WAV	65	Waveform 1	1
HF	191.7421	57000.0	56640.0	7.924753033168645	191.7395	191.7479	56406	64915	Pipistrellus pygmaeus	0.024	0.026	-1	Echolocation	192000	/home/adkris/Documents/mila-human-wav-txt/20220826_070000.WAV	66	Waveform 1	1
HF	192.11846666666668	55500.0	55679.99999999999	5.800351992296815	192.1165	192.1232	33203	60766	Myotis daubentonii	0.009	0.026	-1	Echolocation	192000	/home/adkris/Documents/mila-human-wav-txt/20220826_070000.WAV	67	Waveform 1	1
HF	193.18833333333333	50250.0	46080.0	2.8179034250314023	193.1855	193.1925	45234	61170	Pipistrellus pipistrellus	0.066	0.104	-1	Echolocation	192000	/home/adkris/Documents/mila-human-wav-txt/20220826_070000.WAV	68	Waveform 1	1
HF	193.2886333333333	71250.0	75840.0	2.340306019475543	193.2835	193.3267	68437	83016	Rhinolophus ferrumequinum	0.036	0.036	-1	Echolocation	192000	/home/adkris/Documents/mila-human-wav-txt/20220826_070000.WAV	69	Waveform 1	1
HF	194.0053333333333	56250.0	55679.99999999999	4.163858353749611	194.0015	194.0145	56406	64537	Pipistrellus pygmaeus	0.042	0.047	-1	Echolocation	192000	/home/adkris/Documents/mila-human-wav-txt/20220826_070000.WAV	70	Waveform 1	1
HF	194.0273	48750.0	48960.0	9.1733365269933	194.0255	194.0312	32343	70028	Myotis brandtii	0.012	0.03	-1	Echolocation	192000	/home/adkris/Documents/mila-human-wav-txt/20220826_070000.WAV	71	Waveform 1	1
HF	194.1046333333333	48750.0	53760.00000000001	10.883389749413972	194.1035	194.1087	30625	69358	Myotis mystacinus	0.017	0.049	-1	Echolocation	192000	/home/adkris/Documents/mila-human-wav-txt/20220826_070000.WAV	72	Waveform 1	1
HF	194.1881	55500.0	55679.99999999999	7.968958967030635	194.1855	194.1904	30625	70488	Myotis mystacinus	0.011	0.031	-1	Echolocation	192000	/home/adkris/Documents/mila-human-wav-txt/20220826_070000.WAV	73	Waveform 1	1
HF	194.26493333333332	52500.0	52800.00000000001	8.979958245277288	194.2635	194.2684	32343	80510	Myotis mystacinus	0.022	0.056	-1	Echolocation	192000	/home/adkris/Documents/mila-human-wav-txt/20220826_070000.WAV	74	Waveform 1	1
HF	194.3046	53250.0	54719.99999999999	14.286784463689974	194.3035	194.3099	52968	63871	Pipistrellus pygmaeus	0.091	0.112	-1	Echolocation	192000	/home/adkris/Documents/mila-human-wav-txt/20220826_070000.WAV	75	Waveform 1	1
HF	194.34676666666667	47250.0	47040.0	2.768525151439347	194.3435	194.3489	29765	72475	Myotis mystacinus	0.011	0.033	-1	Echolocation	192000	/home/adkris/Documents/mila-human-wav-txt/20220826_070000.WAV	76	Waveform 1	1
HF	195.2782	60000.0	59520.0	10.601937105101625	195.2745	195.2818	58984	66404	Pipistrellus pygmaeus	0.02	0.025	-1	Echolocation	192000	/home/adkris/Documents/mila-human-wav-txt/20220826_070000.WAV	77	Waveform 1	1
HF	195.44073333333333	49500.0	48960.0	18.74216305568928	195.4365	195.4421	33203	63222	Myotis brandtii	0.008	0.025	-1	Echolocation	192000	/home/adkris/Documents/mila-human-wav-txt/20220826_070000.WAV	78	Waveform 1	1
HF	196.02983333333333	48750.0	48960.0	5.76417455970688	196.0255	196.031	34921	64509	Myotis bechsteinii	0.009	0.031	-1	Echolocation	192000	/home/adkris/Documents/mila-human-wav-txt/20220826_070000.WAV	79	Waveform 1	1
HF	196.26676666666663	54750.0	48000.0	4.365720645082599	196.2635	196.2724	47812	60511	Pipistrellus pipistrellus	0.063	0.082	-1	Echolocation	192000	/home/adkris/Documents/mila-human-wav-txt/20220826_070000.WAV	80	Waveform 1	1
HF	198.00436666666667	49500.0	48960.0	4.441965270973504	198.0015	198.0073	40078	58705	Myotis brandtii	0.011	0.028	-1	Echolocation	192000	/home/adkris/Documents/mila-human-wav-txt/20220826_070000.WAV	81	Waveform 1	1
LF	198.153	24000.0	24000.0	2.626532229723976	198.1375	198.1575	24609	28713	Nyctalus leisleri	0.031	0.081	-1	Echolocation	192000	/home/adkris/Documents/mila-human-wav-txt/20220826_070000.WAV	82	Waveform 1	1
HF	204.5866333333333	57750.0	57600.0	2.912384223087286	204.5855	204.5907	34921	67108	Myotis mystacinus	0.02	0.044	-1	Echolocation	192000	/home/adkris/Documents/mila-human-wav-txt/20220826_070000.WAV	83	Waveform 1	1
HF	204.6629333333333	55500.0	55679.99999999999	9.616125163721016	204.6625	204.6684	55546	61328	Pipistrellus pygmaeus	0.062	0.065	-1	Echolocation	192000	/home/adkris/Documents/mila-human-wav-txt/20220826_070000.WAV	84	Waveform 1	1
LF	207.26976666666667	21750.0	24000.0	2.290950394822799	207.2665	207.2859	22890	26306	Nyctalus leisleri	0.02	0.034	-1	Echolocation	192000	/home/adkris/Documents/mila-human-wav-txt/20220826_070000.WAV	85	Waveform 1	1
HF	213.37596666666667	54000.0	55679.99999999999	2.2125082751067318	213.3715	213.3792	52968	58610	Pipistrellus pygmaeus	0.049	0.071	-1	Echolocation	192000	/home/adkris/Documents/mila-human-wav-txt/20220826_070000.WAV	86	Waveform 1	1
HF	229.1730333333333	51750.0	52800.00000000001	4.125257014360082	229.1695	229.1758	50390	57304	Pipistrellus pipistrellus	0.034	0.039	-1	Echolocation	192000	/home/adkris/Documents/mila-human-wav-txt/20220826_070000.WAV	87	Waveform 1	1
HF	229.27596666666668	48750.0	48960.0	3.0026520005308632	229.2725	229.2777	34921	67028	Myotis bechsteinii	0.017	0.038	-1	Echolocation	192000	/home/adkris/Documents/mila-human-wav-txt/20220826_070000.WAV	88	Waveform 1	1
HF	229.3272333333333	49500.0	47040.0	3.348154823501404	229.3255	229.3301	44375	64095	Myotis alcathoe	0.045	0.114	-1	Echolocation	192000	/home/adkris/Documents/mila-human-wav-txt/20220826_070000.WAV	89	Waveform 1	1
HF	229.47916666666663	51000.0	48000.0	2.21748988096778	229.4755	229.4805	38359	71463	Myotis bechsteinii	0.016	0.044	-1	Echolocation	192000	/home/adkris/Documents/mila-human-wav-txt/20220826_070000.WAV	90	Waveform 1	1
HF	229.53376666666668	54750.0	54719.99999999999	4.143732415107866	229.5305	229.5359	51250	58265	Pipistrellus pipistrellus	0.101	0.116	-1	Echolocation	192000	/home/adkris/Documents/mila-human-wav-txt/20220826_070000.WAV	91	Waveform 1	1
HF	229.66656666666665	48750.0	48960.0	2.339528572017505	229.6635	229.6691	46953	56650	Pipistrellus pipistrellus	0.077	0.082	-1	Echolocation	192000	/home/adkris/Documents/mila-human-wav-txt/20220826_070000.WAV	92	Waveform 1	1
HF	229.9899333333333	48750.0	48960.0	3.856689962419544	229.9855	229.9909	36640	59823	Myotis brandtii	0.008	0.024	-1	Echolocation	192000	/home/adkris/Documents/mila-human-wav-txt/20220826_070000.WAV	93	Waveform 1	1
HF	230.28243333333333	48750.0	48960.0	8.908816314353595	230.2785	230.2844	33203	62774	Myotis brandtii	0.007	0.023	-1	Echolocation	192000	/home/adkris/Documents/mila-human-wav-txt/20220826_070000.WAV	94	Waveform 1	1
HF	230.6626	59250.0	57600.0	8.524910871016832	230.6605	230.6659	56406	66011	Pipistrellus pygmaeus	0.087	0.091	-1	Echolocation	192000	/home/adkris/Documents/mila-human-wav-txt/20220826_070000.WAV	95	Waveform 1	1
HF	231.26606666666663	58500.0	58560.0	2.9034194822313126	231.2625	231.2711	56406	62423	Pipistrellus pygmaeus	0.031	0.033	-1	Echolocation	192000	/home/adkris/Documents/mila-human-wav-txt/20220826_070000.WAV	96	Waveform 1	1
HF	231.3084	54750.0	48960.0	3.80873896433276	231.3065	231.3121	35781	71919	Myotis mystacinus	0.015	0.033	-1	Echolocation	192000	/home/adkris/Documents/mila-human-wav-txt/20220826_070000.WAV	97	Waveform 1	1
HF	231.41743333333332	57750.0	62400.0	6.476839826620057	231.4155	231.4199	57265	63916	Myotis mystacinus	0.009	0.023	-1	Echolocation	192000	/home/adkris/Documents/mila-human-wav-txt/20220826_070000.WAV	98	Waveform 1	1
HF	231.9346	53250.0	54719.99999999999	7.72869851079864	231.9325	231.9379	34062	71443	Myotis brandtii	0.01	0.028	-1	Echolocation	192000	/home/adkris/Documents/mila-human-wav-txt/20220826_070000.WAV	99	Waveform 1	1
HF	232.01493333333332	53250.0	52800.00000000001	4.4715314187696	232.0015	232.0154	48671	58877	Pipistrellus pipistrellus	0.036	0.049	-1	Echolocation	192000	/home/adkris/Documents/mila-human-wav-txt/20220826_070000.WAV	100	Waveform 1	1
HF	245.72493333333333	58500.0	58560.0	6.190112276086557	245.7225	245.7299	56406	64904	Pipistrellus pygmaeus	0.027	0.029	-1	Echolocation	192000	/home/adkris/Documents/mila-human-wav-txt/20220826_070000.WAV	101	Waveform 1	1
HF	245.9116	56250.0	56640.0	8.076084426847746	245.9095	245.9184	55546	63336	Pipistrellus pygmaeus	0.063	0.066	-1	Echolocation	192000	/home/adkris/Documents/mila-human-wav-txt/20220826_070000.WAV	102	Waveform 1	1
HF	247.986	31500.0	31680.0	2.4340379753457286	247.9845	247.9905	30625	44363	Myotis daubentonii	0.011	0.03	-1	Echolocation	192000	/home/adkris/Documents/mila-human-wav-txt/20220826_070000.WAV	103	Waveform 1	1
HF	258.1089	49500.0	47040.0	3.681704580077717	258.1065	258.1116	34921	64602	Myotis mystacinus	0.012	0.033	-1	Echolocation	192000	/home/adkris/Documents/mila-human-wav-txt/20220826_070000.WAV	104	Waveform 1	1
HF	258.95166666666665	54750.0	52800.00000000001	6.908743502692587	258.9485	258.954	35781	60273	Myotis mystacinus	0.007	0.026	-1	Echolocation	192000	/home/adkris/Documents/mila-human-wav-txt/20220826_070000.WAV	105	Waveform 1	1
HF	259.04613333333333	52500.0	53760.00000000001	2.658546304354386	259.0415	259.0502	51250	56020	Pipistrellus pygmaeus	0.037	0.069	-1	Echolocation	192000	/home/adkris/Documents/mila-human-wav-txt/20220826_070000.WAV	106	Waveform 1	1
HF	260.1723333333333	55500.0	51840.0	2.164893323210934	260.1675	260.176	50390	58045	Pipistrellus pipistrellus	0.044	0.051	-1	Echolocation	192000	/home/adkris/Documents/mila-human-wav-txt/20220826_070000.WAV	107	Waveform 1	1
HF	260.64506666666665	57750.0	57600.0	4.498495048801044	260.6415	260.6466	41796	66456	Myotis mystacinus	0.02	0.04	-1	Echolocation	192000	/home/adkris/Documents/mila-human-wav-txt/20220826_070000.WAV	108	Waveform 1	1
LF	263.9209333333333	40500.0	41280.0	3.464596517095722	263.9145	263.9214	29765	43791	Myotis daubentonii	0.008	0.026	-1	Echolocation	192000	/home/adkris/Documents/mila-human-wav-txt/20220826_070000.WAV	109	Waveform 1	1
LF	265.28073333333333	31500.0	30720.0	2.568426394191729	265.2755	265.2836	27187	40169	Eptesicus serotinus	0.011	0.028	-1	Echolocation	192000	/home/adkris/Documents/mila-human-wav-txt/20220826_070000.WAV	110	Waveform 1	1
HF	271.3704666666667	50250.0	48960.0	3.887797439135499	271.3675	271.3732	34921	62715	Myotis mystacinus	0.009	0.023	-1	Echolocation	192000	/home/adkris/Documents/mila-human-wav-txt/20220826_070000.WAV	111	Waveform 1	1
HF	271.5430333333333	57000.0	54719.99999999999	6.521331907635521	271.5425	271.5483	54687	62071	Pipistrellus pygmaeus	0.049	0.053	-1	Echolocation	192000	/home/adkris/Documents/mila-human-wav-txt/20220826_070000.WAV	112	Waveform 1	1
HF	271.8069	49500.0	49920.0	3.193264549056456	271.8045	271.8096	34062	75330	Myotis mystacinus	0.014	0.035	-1	Echolocation	192000	/home/adkris/Documents/mila-human-wav-txt/20220826_070000.WAV	113	Waveform 1	1
HF	272.03996666666666	55500.0	55679.99999999999	12.111032981570029	272.0345	272.0412	53828	61784	Pipistrellus pipistrellus	0.014	0.032	-1	Echolocation	192000	/home/adkris/Documents/mila-human-wav-txt/20220826_070000.WAV	114	Waveform 1	1
HF	272.5376	53250.0	52800.00000000001	7.449574405420672	272.5355	272.5409	34062	68500	Myotis mystacinus	0.016	0.045	-1	Echolocation	192000	/home/adkris/Documents/mila-human-wav-txt/20220826_070000.WAV	115	Waveform 1	1
HF	281.7778666666667	50250.0	49920.0	2.978152592018276	281.7755	281.7818	49531	54096	Pipistrellus pipistrellus	0.088	0.093	-1	Echolocation	192000	/home/adkris/Documents/mila-human-wav-txt/20220826_070000.WAV	116	Waveform 1	1
HF	281.94433333333336	47250.0	47040.0	2.235731715999561	281.9415	281.9485	46093	50938	Pipistrellus pipistrellus	0.072	0.074	-1	Echolocation	192000	/home/adkris/Documents/mila-human-wav-txt/20220826_070000.WAV	117	Waveform 1	1
HF	282.5572666666667	57000.0	48960.0	2.064161981147846	282.5545	282.5604	36640	64419	Myotis mystacinus	0.007	0.022	-1	Echolocation	192000	/home/adkris/Documents/mila-human-wav-txt/20220826_070000.WAV	118	Waveform 1	1
HF	282.896	48750.0	49920.0	2.356189948929593	282.8935	282.8985	38359	57891	Myotis nattereri	0.007	0.026	-1	Echolocation	192000	/home/adkris/Documents/mila-human-wav-txt/20220826_070000.WAV	119	Waveform 1	1
HF	283.26056666666665	53250.0	48960.0	2.1368724176142937	283.2585	283.2651	48671	57070	Pipistrellus pipistrellus	0.056	0.059	-1	Echolocation	192000	/home/adkris/Documents/mila-human-wav-txt/20220826_070000.WAV	120	Waveform 1	1
LF	283.6727333333333	25500.0	24960.0	2.3784945542966227	283.6675	283.6896	24609	27894	Nyctalus leisleri	0.065	0.11	-1	Echolocation	192000	/home/adkris/Documents/mila-human-wav-txt/20220826_070000.WAV	121	Waveform 1	1
LF	284.3399	25500.0	25920.0	3.082818712755638	284.3285	284.3421	23750	28455	Nyctalus leisleri	0.017	0.035	-1	Echolocation	192000	/home/adkris/Documents/mila-human-wav-txt/20220826_070000.WAV	122	Waveform 1	1
HF	287.48283333333336	39750.0	41280.0	4.254785191366331	287.4775	287.4855	39218	45179	Barbastellus barbastellus	0.018	0.061	-1	Echolocation	192000	/home/adkris/Documents/mila-human-wav-txt/20220826_070000.WAV	123	Waveform 1	1
LF	291.4886666666667	25500.0	25920.0	2.1867134455047137	291.4835	291.501	24609	29570	Nyctalus leisleri	0.038	0.086	-1	Echolocation	192000	/home/adkris/Documents/mila-human-wav-txt/20220826_070000.WAV	124	Waveform 1	1
LF	293.05983333333336	23250.0	23040.0	2.105584426076272	293.0545	293.073	23750	28403	Nyctalus leisleri	0.034	0.081	-1	Echolocation	192000	/home/adkris/Documents/mila-human-wav-txt/20220826_070000.WAV	125	Waveform 1	1
HF	295.59073333333333	52500.0	55679.99999999999	3.899884770300016	295.5875	295.5941	47812	59545	Pipistrellus pipistrellus	0.099	0.113	-1	Echolocation	192000	/home/adkris/Documents/mila-human-wav-txt/20220826_070000.WAV	126	Waveform 1	1
HF	296.3999	52500.0	51840.0	2.984083278722077	296.3975	296.4026	34062	64556	Myotis mystacinus	0.012	0.029	-1	Echolocation	192000	/home/adkris/Documents/mila-human-wav-txt/20220826_070000.WAV	127	Waveform 1	1
LF	296.55133333333333	25500.0	25920.0	2.116826918166961	296.5425	296.5575	25468	29633	Nyctalus leisleri	0.027	0.066	-1	Echolocation	192000	/home/adkris/Documents/mila-human-wav-txt/20220826_070000.WAV	128	Waveform 1	1
HF	297.0235	54750.0	55679.99999999999	5.615788910159689	297.0215	297.027	34921	64178	Myotis mystacinus	0.009	0.028	-1	Echolocation	192000	/home/adkris/Documents/mila-human-wav-txt/20220826_070000.WAV	129	Waveform 1	1
LF	299.3797666666667	24750.0	24960.0	2.40709538086757	299.3705	299.3944	23750	27647	Nyctalus noctula	0.031	0.068	-1	Echolocation	192000	/home/adkris/Documents/mila-human-wav-txt/20220826_070000.WAV	130	Waveform 1	1
LF	300.7293	24750.0	24000.0	2.2819053862340706	300.7155	300.7302	22890	27967	Nyctalus leisleri	0.022	0.053	-1	Echolocation	192000	/home/adkris/Documents/mila-human-wav-txt/20220826_070000.WAV	131	Waveform 1	1
HF	302.03153333333336	46500.0	41280.0	2.608612463320028	302.0295	302.0373	40078	45724	Pipistrellus nathusii	0.063	0.094	-1	Echolocation	192000	/home/adkris/Documents/mila-human-wav-txt/20220826_070000.WAV	132	Waveform 1	1
HF	304.28926666666666	39750.0	40320.0	4.135229344000312	304.2845	304.2919	38359	45900	Barbastellus barbastellus	0.047	0.118	-1	Echolocation	192000	/home/adkris/Documents/mila-human-wav-txt/20220826_070000.WAV	133	Waveform 1	1
HF	312.62573333333336	55500.0	54719.99999999999	2.4574837217205427	312.6225	312.6291	50390	57475	Pipistrellus pipistrellus	0.073	0.087	-1	Echolocation	192000	/home/adkris/Documents/mila-human-wav-txt/20220826_070000.WAV	134	Waveform 1	1
HF	312.76706666666666	52500.0	48960.0	3.024803809793726	312.7625	312.7701	48671	58699	Pipistrellus pipistrellus	0.037	0.041	-1	Echolocation	192000	/home/adkris/Documents/mila-human-wav-txt/20220826_070000.WAV	135	Waveform 1	1
HF	313.06283333333334	55500.0	53760.00000000001	4.429452998996031	313.0615	313.0665	50390	57271	Pipistrellus pipistrellus	0.045	0.05	-1	Echolocation	192000	/home/adkris/Documents/mila-human-wav-txt/20220826_070000.WAV	136	Waveform 1	1
LF	316.5782	26250.0	25920.0	3.784052808228242	316.5685	316.5838	25468	30224	Nyctalus leisleri	0.027	0.057	-1	Echolocation	192000	/home/adkris/Documents/mila-human-wav-txt/20220826_070000.WAV	137	Waveform 1	1
LF	324.1817	24750.0	24960.0	2.2009355100944825	324.1695	324.1858	23750	28365	Nyctalus leisleri	0.02	0.044	-1	Echolocation	192000	/home/adkris/Documents/mila-human-wav-txt/20220826_070000.WAV	138	Waveform 1	1
LF	324.9094	24750.0	24960.0	2.640077706820647	324.8995	324.9181	23750	28000	Nyctalus leisleri	0.031	0.073	-1	Echolocation	192000	/home/adkris/Documents/mila-human-wav-txt/20220826_070000.WAV	139	Waveform 1	1
HF	325.2979	48750.0	48960.0	2.467548799560791	325.2935	325.3001	48671	55685	Pipistrellus pipistrellus	0.015	0.022	-1	Echolocation	192000	/home/adkris/Documents/mila-human-wav-txt/20220826_070000.WAV	140	Waveform 1	1
HF	326.7964666666667	48000.0	48000.0	3.0838987703404226	326.7905	326.7967	49531	53180	Pipistrellus pipistrellus	0.015	0.025	-1	Echolocation	192000	/home/adkris/Documents/mila-human-wav-txt/20220826_070000.WAV	141	Waveform 1	1
HF	346.0603	33000.0	42240.0	2.881162633079689	346.0595	346.0662	29765	45178	Myotis daubentonii	0.012	0.027	-1	Echolocation	192000	/home/adkris/Documents/mila-human-wav-txt/20220826_070000.WAV	142	Waveform 1	1
HF	346.3551	49500.0	48960.0	2.6079726814732447	346.3535	346.3594	48671	55313	Pipistrellus pipistrellus	0.044	0.078	-1	Echolocation	192000	/home/adkris/Documents/mila-human-wav-txt/20220826_070000.WAV	143	Waveform 1	1
HF	347.0285333333333	55500.0	52800.00000000001	3.924363672989151	347.0225	347.0298	49531	58994	Pipistrellus pipistrellus	0.029	0.038	-1	Echolocation	192000	/home/adkris/Documents/mila-human-wav-txt/20220826_070000.WAV	144	Waveform 1	1
LF	349.81336666666664	35250.0	34560.0	2.2346663576861685	349.8085	349.8193	33203	40594	Pipistrellus nathusii	0.016	0.039	-1	Echolocation	192000	/home/adkris/Documents/mila-human-wav-txt/20220826_070000.WAV	145	Waveform 1	1
HF	358.9307	48750.0	48000.0	3.3987448428987936	358.9285	358.9338	47812	53436	Pipistrellus pipistrellus	0.073	0.078	-1	Echolocation	192000	/home/adkris/Documents/mila-human-wav-txt/20220826_070000.WAV	146	Waveform 1	1
LF	364.1043333333333	24750.0	24960.0	3.4257248471859505	364.0945	364.1155	23750	27623	Nyctalus leisleri	0.025	0.064	-1	Echolocation	192000	/home/adkris/Documents/mila-human-wav-txt/20220826_070000.WAV	147	Waveform 1	1
LF	365.1820666666667	40500.0	32640.000000000004	2.034865931804162	365.1805	365.1876	30625	42642	Myotis daubentonii	0.01	0.031	-1	Echolocation	192000	/home/adkris/Documents/mila-human-wav-txt/20220826_070000.WAV	148	Waveform 1	1
LF	366.0060666666666	25500.0	25920.0	6.4803486024084656	366.0015	366.0126	22890	27809	Nyctalus leisleri	0.021	0.052	-1	Echolocation	192000	/home/adkris/Documents/mila-human-wav-txt/20220826_070000.WAV	149	Waveform 1	1
HF	366.0571	48750.0	48960.0	4.1164162568531735	366.0525	366.0589	48671	54645	Pipistrellus pipistrellus	0.015	0.024	-1	Echolocation	192000	/home/adkris/Documents/mila-human-wav-txt/20220826_070000.WAV	150	Waveform 1	1
HF	366.9110333333333	48000.0	48960.0	3.947704467791673	366.9075	366.9138	49531	52951	Pipistrellus pipistrellus	0.013	0.024	-1	Echolocation	192000	/home/adkris/Documents/mila-human-wav-txt/20220826_070000.WAV	151	Waveform 1	1
HF	367.0122	48750.0	48960.0	11.394244954609958	367.0075	367.0138	49531	53065	Pipistrellus pipistrellus	0.014	0.027	-1	Echolocation	192000	/home/adkris/Documents/mila-human-wav-txt/20220826_070000.WAV	152	Waveform 1	1
LF	367.2191	25500.0	24960.0	4.305277380165411	367.2085	367.2299	23750	27667	Nyctalus leisleri	0.024	0.053	-1	Echolocation	192000	/home/adkris/Documents/mila-human-wav-txt/20220826_070000.WAV	153	Waveform 1	1
HF	367.2191333333333	48750.0	48000.0	16.498303561419437	367.2155	367.2217	48671	52703	Pipistrellus pipistrellus	0.018	0.03	-1	Echolocation	192000	/home/adkris/Documents/mila-human-wav-txt/20220826_070000.WAV	154	Waveform 1	1
HF	367.3213333333333	52500.0	51840.0	6.734776768335726	367.3155	367.323	52109	55690	Pipistrellus pygmaeus	0.018	0.027	-1	Echolocation	192000	/home/adkris/Documents/mila-human-wav-txt/20220826_070000.WAV	155	Waveform 1	1
HF	367.4192	53250.0	53760.00000000001	4.755906529561472	367.4145	367.4243	53828	58919	Pipistrellus pygmaeus	0.024	0.025	-1	Echolocation	192000	/home/adkris/Documents/mila-human-wav-txt/20220826_070000.WAV	156	Waveform 1	1
HF	367.5273	55500.0	52800.00000000001	6.096444006896352	367.5255	367.5347	53828	58648	Pipistrellus pygmaeus	0.026	0.029	-1	Echolocation	192000	/home/adkris/Documents/mila-human-wav-txt/20220826_070000.WAV	157	Waveform 1	1
HF	367.6256	48000.0	48960.0	12.443166444581037	367.6205	367.6264	50390	56775	Pipistrellus pipistrellus	0.015	0.027	-1	Echolocation	192000	/home/adkris/Documents/mila-human-wav-txt/20220826_070000.WAV	158	Waveform 1	1
HF	368.0933	57000.0	54719.99999999999	7.731194355956057	368.0845	368.0937	54687	61124	Pipistrellus pygmaeus	0.022	0.023	-1	Echolocation	192000	/home/adkris/Documents/mila-human-wav-txt/20220826_070000.WAV	159	Waveform 1	1
HF	368.1945666666667	55500.0	55679.99999999999	9.2914675487895	368.1895	368.2001	55546	62078	Pipistrellus pygmaeus	0.025	0.025	-1	Echolocation	192000	/home/adkris/Documents/mila-human-wav-txt/20220826_070000.WAV	160	Waveform 1	1
HF	368.7526	54000.0	48960.0	21.61992618556896	368.7485	368.7589	49531	57048	Pipistrellus pipistrellus	0.023	0.042	-1	Echolocation	192000	/home/adkris/Documents/mila-human-wav-txt/20220826_070000.WAV	161	Waveform 1	1
HF	368.8484333333333	48750.0	48960.0	11.027409921429738	368.8475	368.8529	48671	55621	Pipistrellus pipistrellus	0.025	0.042	-1	Echolocation	192000	/home/adkris/Documents/mila-human-wav-txt/20220826_070000.WAV	162	Waveform 1	1
HF	369.05696666666665	52500.0	48960.0	18.25482315008347	369.0545	369.0607	49531	56760	Pipistrellus pipistrellus	0.041	0.07	-1	Echolocation	192000	/home/adkris/Documents/mila-human-wav-txt/20220826_070000.WAV	163	Waveform 1	1
HF	369.23676666666665	48000.0	47040.0	21.09761920809643	369.2315	369.2384	46953	56707	Pipistrellus pipistrellus	0.034	0.06	-1	Echolocation	192000	/home/adkris/Documents/mila-human-wav-txt/20220826_070000.WAV	164	Waveform 1	1
HF	369.59113333333335	47250.0	47040.0	14.010711117402211	369.5905	369.5962	47812	53464	Pipistrellus pipistrellus	0.016	0.032	-1	Echolocation	192000	/home/adkris/Documents/mila-human-wav-txt/20220826_070000.WAV	165	Waveform 1	1
LF	370.4076	24000.0	24000.0	2.9058546890146344	370.3995	370.4234	22890	26252	Nyctalus noctula	0.038	0.085	-1	Echolocation	192000	/home/adkris/Documents/mila-human-wav-txt/20220826_070000.WAV	166	Waveform 1	1
HF	370.98946666666666	41250.0	40320.0	2.298822891839016	370.9855	370.9937	39218	46316	Pipistrellus nathusii	0.052	0.078	-1	Echolocation	192000	/home/adkris/Documents/mila-human-wav-txt/20220826_070000.WAV	167	Waveform 1	1
LF	371.836	24000.0	24000.0	7.82024764128816	371.8305	371.8465	22890	25530	Nyctalus leisleri	0.048	0.1	-1	Echolocation	192000	/home/adkris/Documents/mila-human-wav-txt/20220826_070000.WAV	168	Waveform 1	1
LF	372.6716	24000.0	24000.0	5.493825924152262	372.6605	372.6744	22890	28795	Nyctalus leisleri	0.017	0.04	-1	Echolocation	192000	/home/adkris/Documents/mila-human-wav-txt/20220826_070000.WAV	169	Waveform 1	1
LF	373.39453333333336	25500.0	25920.0	2.957323556299294	373.3745	373.3958	23750	28291	Nyctalus leisleri	0.029	0.085	-1	Echolocation	192000	/home/adkris/Documents/mila-human-wav-txt/20220826_070000.WAV	170	Waveform 1	1
LF	374.27116666666666	24000.0	24000.0	3.1705222449828074	374.2555	374.28	22031	25684	Nyctalus noctula	0.046	0.089	-1	Echolocation	192000	/home/adkris/Documents/mila-human-wav-txt/20220826_070000.WAV	171	Waveform 1	1
LF	376.18056666666666	24000.0	24000.0	2.002947434023497	376.1655	376.1836	23750	27930	Nyctalus leisleri	0.016	0.034	-1	Echolocation	192000	/home/adkris/Documents/mila-human-wav-txt/20220826_070000.WAV	172	Waveform 1	1
LF	394.50143333333335	21000.0	22080.0	4.504356678655252	394.4965	394.5119	22031	26930	Nyctalus leisleri	0.023	0.062	-1	Echolocation	192000	/home/adkris/Documents/mila-human-wav-txt/20220826_070000.WAV	173	Waveform 1	1
LF	395.36853333333335	24750.0	24000.0	2.824422253962045	395.3625	395.3733	23750	30147	Nyctalus leisleri	0.015	0.044	-1	Echolocation	192000	/home/adkris/Documents/mila-human-wav-txt/20220826_070000.WAV	174	Waveform 1	1
LF	397.5566333333333	20250.0	20160.0	18.11892506286605	397.5545	397.5622	17734	27243	Plecotus austriacus	0.032	0.05	-1	Echolocation	192000	/home/adkris/Documents/mila-human-wav-txt/20220826_070000.WAV	175	Waveform 1	1
LF	399.2763	25500.0	25920.0	3.8980166894934176	399.2645	399.2777	25468	32294	Nyctalus leisleri	0.018	0.044	-1	Echolocation	192000	/home/adkris/Documents/mila-human-wav-txt/20220826_070000.WAV	176	Waveform 1	1
LF	400.02316666666667	24750.0	24960.0	4.556173831944564	400.0015	400.0235	23750	29085	Nyctalus noctula	0.056	0.115	-1	Echolocation	192000	/home/adkris/Documents/mila-human-wav-txt/20220826_070000.WAV	177	Waveform 1	1
HF	401.3727	50250.0	49920.0	2.0328557050178446	401.3695	401.3773	49531	53852	Pipistrellus pygmaeus	0.033	0.058	-1	Echolocation	192000	/home/adkris/Documents/mila-human-wav-txt/20220826_070000.WAV	178	Waveform 1	1
LF	402.66653333333335	41250.0	41280.0	3.1225256208401464	402.6605	402.6678	27187	42099	Myotis daubentonii	0.008	0.031	-1	Echolocation	192000	/home/adkris/Documents/mila-human-wav-txt/20220826_070000.WAV	179	Waveform 1	1
LF	404.1705666666667	23250.0	24000.0	2.286128593154024	404.1585	404.1761	22031	26072	Nyctalus leisleri	0.032	0.068	-1	Echolocation	192000	/home/adkris/Documents/mila-human-wav-txt/20220826_070000.WAV	180	Waveform 1	1
LF	405.9029	24750.0	24960.0	2.444859492109592	405.8925	405.9071	24609	29019	Nyctalus leisleri	0.057	0.118	-1	Echolocation	192000	/home/adkris/Documents/mila-human-wav-txt/20220826_070000.WAV	181	Waveform 1	1
HF	407.44413333333335	41250.0	41280.0	3.7714259880528256	407.4405	407.4467	29765	52169	Myotis daubentonii	0.029	0.045	-1	Echolocation	192000	/home/adkris/Documents/mila-human-wav-txt/20220826_070000.WAV	182	Waveform 1	1
LF	407.6016333333333	25500.0	24000.0	2.535705863173919	407.5915	407.6122	22890	27247	Nyctalus noctula	0.039	0.092	-1	Echolocation	192000	/home/adkris/Documents/mila-human-wav-txt/20220826_070000.WAV	183	Waveform 1	1
HF	407.6014	41250.0	41280.0	4.738206305935615	407.5965	407.6026	29765	49630	Myotis daubentonii	0.021	0.039	-1	Echolocation	192000	/home/adkris/Documents/mila-human-wav-txt/20220826_070000.WAV	184	Waveform 1	1
LF	408.70023333333336	26250.0	28800.0	6.324796106623153	408.6905	408.7046	27187	30980	Nyctalus leisleri	0.069	0.11	-1	Echolocation	192000	/home/adkris/Documents/mila-human-wav-txt/20220826_070000.WAV	185	Waveform 1	1
LF	409.1267666666666	24750.0	25920.0	2.500164670844223	409.1155	409.1304	23750	28746	Nyctalus leisleri	0.02	0.04	-1	Echolocation	192000	/home/adkris/Documents/mila-human-wav-txt/20220826_070000.WAV	186	Waveform 1	1
LF	409.1942333333333	24000.0	24000.0	2.386738168302768	409.1845	409.1951	23750	28898	Nyctalus leisleri	0.013	0.027	-1	Echolocation	192000	/home/adkris/Documents/mila-human-wav-txt/20220826_070000.WAV	187	Waveform 1	1
HF	411.2218	48750.0	48000.0	3.437566122400552	411.2175	411.2242	46953	52855	Pipistrellus pipistrellus	0.074	0.086	-1	Echolocation	192000	/home/adkris/Documents/mila-human-wav-txt/20220826_070000.WAV	188	Waveform 1	1
LF	411.7728	24750.0	25920.0	2.653196728813044	411.7615	411.7752	25468	29501	Nyctalus leisleri	0.07	0.112	-1	Echolocation	192000	/home/adkris/Documents/mila-human-wav-txt/20220826_070000.WAV	189	Waveform 1	1
LF	413.6326	26250.0	25920.0	3.591299180679984	413.6305	413.6429	24609	27992	Nyctalus leisleri	0.057	0.099	-1	Echolocation	192000	/home/adkris/Documents/mila-human-wav-txt/20220826_070000.WAV	190	Waveform 1	1
HF	423.86513333333335	52500.0	52800.00000000001	3.5360730799408677	423.8635	423.8682	48671	53781	Pipistrellus pipistrellus	0.056	0.059	-1	Echolocation	192000	/home/adkris/Documents/mila-human-wav-txt/20220826_070000.WAV	191	Waveform 1	1
HF	423.9307	53250.0	52800.00000000001	6.37747378279612	423.9285	423.9338	35781	65091	Myotis mystacinus	0.01	0.03	-1	Echolocation	192000	/home/adkris/Documents/mila-human-wav-txt/20220826_070000.WAV	192	Waveform 1	1
HF	423.9873	42000.0	45120.0	2.4392657495161254	423.9825	423.9887	34062	45448	Barbastellus barbastellus	0.009	0.024	-1	Echolocation	192000	/home/adkris/Documents/mila-human-wav-txt/20220826_070000.WAV	193	Waveform 1	1
HF	424.3036333333333	50250.0	49920.0	4.6743105276260986	424.3005	424.3072	47812	54050	Pipistrellus pipistrellus	0.097	0.106	-1	Echolocation	192000	/home/adkris/Documents/mila-human-wav-txt/20220826_070000.WAV	194	Waveform 1	1
HF	424.39866666666666	54750.0	53760.00000000001	3.9716656304463775	424.3965	424.403	48671	55915	Pipistrellus pipistrellus	0.026	0.029	-1	Echolocation	192000	/home/adkris/Documents/mila-human-wav-txt/20220826_070000.WAV	195	Waveform 1	1
LF	430.3522333333333	24000.0	24000.0	2.6145704076371152	430.3465	430.3576	23750	29981	Nyctalus leisleri	0.015	0.033	-1	Echolocation	192000	/home/adkris/Documents/mila-human-wav-txt/20220826_070000.WAV	196	Waveform 1	1
HF	432.0389	50250.0	48960.0	2.9543264178055866	432.0335	432.0391	35781	61747	Myotis mystacinus	0.009	0.027	-1	Echolocation	192000	/home/adkris/Documents/mila-human-wav-txt/20220826_070000.WAV	197	Waveform 1	1
HF	432.90993333333336	49500.0	48960.0	4.45930508928275	432.9055	432.9109	34062	68901	Myotis mystacinus	0.008	0.022	-1	Echolocation	192000	/home/adkris/Documents/mila-human-wav-txt/20220826_070000.WAV	198	Waveform 1	1
HF	433.1324333333333	49500.0	50880.0	2.367087714739297	433.1285	433.1344	47812	60864	Pipistrellus pipistrellus	0.101	0.107	-1	Echolocation	192000	/home/adkris/Documents/mila-human-wav-txt/20220826_070000.WAV	199	Waveform 1	1
HF	433.5427	54750.0	56640.0	5.532362783968537	433.5405	433.5458	34921	67645	Myotis brandtii	0.008	0.023	-1	Echolocation	192000	/home/adkris/Documents/mila-human-wav-txt/20220826_070000.WAV	200	Waveform 1	1
HF	433.60696666666666	51000.0	50880.0	5.2087688793387965	433.6035	433.6087	35781	69130	Myotis mystacinus	0.013	0.033	-1	Echolocation	192000	/home/adkris/Documents/mila-human-wav-txt/20220826_070000.WAV	201	Waveform 1	1
HF	434.4655666666667	52500.0	47040.0	2.4310935921334305	434.4605	434.4676	40937	55696	Myotis brandtii	0.007	0.031	-1	Echolocation	192000	/home/adkris/Documents/mila-human-wav-txt/20220826_070000.WAV	202	Waveform 1	1
HF	456.7262	41250.0	41280.0	3.4450223611456936	456.7225	456.7298	37500	49550	Pipistrellus nathusii	0.024	0.1	-1	Echolocation	192000	/home/adkris/Documents/mila-human-wav-txt/20220826_070000.WAV	203	Waveform 1	1
LF	456.9125666666667	44250.0	42240.0	2.271451138361648	456.9065	456.9126	30625	44195	Barbastellus barbastellus	0.011	0.03	-1	Echolocation	192000	/home/adkris/Documents/mila-human-wav-txt/20220826_070000.WAV	204	Waveform 1	1
LF	458.1585333333333	33000.0	28800.0	2.420600950007196	458.1525	458.1598	28046	37063	Eptesicus serotinus	0.006	0.021	-1	Echolocation	192000	/home/adkris/Documents/mila-human-wav-txt/20220826_070000.WAV	205	Waveform 1	1
LF	468.6727333333333	24750.0	24960.0	2.2820176738276245	468.6635	468.6781	23750	28618	Nyctalus leisleri	0.019	0.038	-1	Echolocation	192000	/home/adkris/Documents/mila-human-wav-txt/20220826_070000.WAV	206	Waveform 1	1
LF	471.1655333333333	24000.0	24960.0	3.400090224792678	471.1595	471.1668	23750	32893	Plecotus austriacus	0.01	0.023	-1	Echolocation	192000	/home/adkris/Documents/mila-human-wav-txt/20220826_070000.WAV	207	Waveform 1	1
LF	472.3455333333333	24750.0	24960.0	2.5073340647123867	472.3445	472.3533	23750	32842	Plecotus austriacus	0.013	0.032	-1	Echolocation	192000	/home/adkris/Documents/mila-human-wav-txt/20220826_070000.WAV	208	Waveform 1	1
HF	475.5995	48750.0	49920.0	4.197363399870903	475.5955	475.6025	48671	56840	Pipistrellus pipistrellus	0.083	0.107	-1	Echolocation	192000	/home/adkris/Documents/mila-human-wav-txt/20220826_070000.WAV	209	Waveform 1	1
HF	475.7758666666667	53250.0	54719.99999999999	5.017472410013997	475.7735	475.7798	45234	59157	Pipistrellus pipistrellus	0.06	0.08	-1	Echolocation	192000	/home/adkris/Documents/mila-human-wav-txt/20220826_070000.WAV	210	Waveform 1	1
HF	475.95826666666665	54000.0	52800.00000000001	4.890282923291798	475.9555	475.9614	46093	59083	Pipistrellus pipistrellus	0.04	0.057	-1	Echolocation	192000	/home/adkris/Documents/mila-human-wav-txt/20220826_070000.WAV	211	Waveform 1	1
HF	476.10046666666665	56250.0	55679.99999999999	6.93257166848224	476.0995	476.1037	41796	66815	Myotis mystacinus	0.024	0.086	-1	Echolocation	192000	/home/adkris/Documents/mila-human-wav-txt/20220826_070000.WAV	212	Waveform 1	1
HF	476.1421333333333	54750.0	53760.00000000001	7.404724034825428	476.1385	476.1447	46093	62275	Pipistrellus pipistrellus	0.026	0.074	-1	Echolocation	192000	/home/adkris/Documents/mila-human-wav-txt/20220826_070000.WAV	213	Waveform 1	1
LF	481.3964333333333	26250.0	26880.000000000004	5.952467575847206	481.3815	481.3974	25468	31595	Nyctalus leisleri	0.015	0.037	-1	Echolocation	192000	/home/adkris/Documents/mila-human-wav-txt/20220826_070000.WAV	214	Waveform 1	1
LF	483.841	26250.0	26880.000000000004	3.485958074561975	483.8315	483.8435	26328	33715	Eptesicus serotinus	0.013	0.029	-1	Echolocation	192000	/home/adkris/Documents/mila-human-wav-txt/20220826_070000.WAV	215	Waveform 1	1
LF	487.2928333333333	26250.0	25920.0	12.332809786176696	487.2745	487.294	22031	25689	Nyctalus leisleri	0.014	0.027	-1	Echolocation	192000	/home/adkris/Documents/mila-human-wav-txt/20220826_070000.WAV	216	Waveform 1	1
LF	489.4538	25500.0	24960.0	2.614042750843609	489.4445	489.4637	24609	28830	Nyctalus leisleri	0.048	0.098	-1	Echolocation	192000	/home/adkris/Documents/mila-human-wav-txt/20220826_070000.WAV	217	Waveform 1	1
LF	494.42766666666665	25500.0	25920.0	2.8684341130326936	494.4115	494.4285	24609	30028	Nyctalus leisleri	0.015	0.037	-1	Echolocation	192000	/home/adkris/Documents/mila-human-wav-txt/20220826_070000.WAV	218	Waveform 1	1
HF	521.3285	50250.0	52800.00000000001	3.5559509390102995	521.3215	521.329	49531	58889	Pipistrellus pipistrellus	0.023	0.029	-1	Echolocation	192000	/home/adkris/Documents/mila-human-wav-txt/20220826_070000.WAV	219	Waveform 1	1
HF	521.4559666666667	52500.0	52800.00000000001	2.3076915272787843	521.4525	521.4577	48671	57752	Pipistrellus pipistrellus	0.043	0.047	-1	Echolocation	192000	/home/adkris/Documents/mila-human-wav-txt/20220826_070000.WAV	220	Waveform 1	1
HF	521.6326666666666	48750.0	48960.0	2.46245234289253	521.6295	521.635	38359	71429	Myotis mystacinus	0.008	0.025	-1	Echolocation	192000	/home/adkris/Documents/mila-human-wav-txt/20220826_070000.WAV	221	Waveform 1	1
HF	521.8725	51750.0	50880.0	3.2890725862010366	521.8685	521.8755	47812	62230	Pipistrellus pipistrellus	0.023	0.047	-1	Echolocation	192000	/home/adkris/Documents/mila-human-wav-txt/20220826_070000.WAV	222	Waveform 1	1
HF	529.5305333333333	52500.0	49920.0	3.2029601754157766	529.5275	529.5343	35781	61628	Myotis mystacinus	0.007	0.023	-1	Echolocation	192000	/home/adkris/Documents/mila-human-wav-txt/20220826_070000.WAV	223	Waveform 1	1
HF	530.3321666666667	55500.0	55679.99999999999	2.5165658486641886	530.3305	530.3375	55546	62981	Pipistrellus pygmaeus	0.024	0.025	-1	Echolocation	192000	/home/adkris/Documents/mila-human-wav-txt/20220826_070000.WAV	224	Waveform 1	1
HF	530.4626666666667	48750.0	51840.0	2.408967568924401	530.4595	530.465	47812	62862	Pipistrellus pipistrellus	0.043	0.076	-1	Echolocation	192000	/home/adkris/Documents/mila-human-wav-txt/20220826_070000.WAV	225	Waveform 1	1
LF	551.2041666666667	21000.0	20160.0	3.9146369208516254	551.2015	551.2145	20312	24375	Nyctalus leisleri	0.017	0.039	-1	Echolocation	192000	/home/adkris/Documents/mila-human-wav-txt/20220826_070000.WAV	226	Waveform 1	1
LF	564.8496	24000.0	24000.0	3.2216707867129317	564.8315	564.8524	23750	27480	Nyctalus leisleri	0.035	0.073	-1	Echolocation	192000	/home/adkris/Documents/mila-human-wav-txt/20220826_070000.WAV	227	Waveform 1	1
LF	567.0300333333333	24000.0	24000.0	2.197656634933564	567.0175	567.0393	22890	27280	Nyctalus noctula	0.025	0.063	-1	Echolocation	192000	/home/adkris/Documents/mila-human-wav-txt/20220826_070000.WAV	228	Waveform 1	1
HF	573.8728	52500.0	49920.0	3.797100267713869	573.8705	573.8757	47812	54327	Pipistrellus pipistrellus	0.109	0.114	-1	Echolocation	192000	/home/adkris/Documents/mila-human-wav-txt/20220826_070000.WAV	229	Waveform 1	1
HF	574.2173	55500.0	48960.0	7.169396363133147	574.2155	574.2212	34062	66215	Myotis brandtii	0.01	0.03	-1	Echolocation	192000	/home/adkris/Documents/mila-human-wav-txt/20220826_070000.WAV	230	Waveform 1	1
HF	605.2143333333333	57000.0	55679.99999999999	11.411971081334098	605.2105	605.2165	57265	66630	Pipistrellus pygmaeus	0.061	0.065	-1	Echolocation	192000	/home/adkris/Documents/mila-human-wav-txt/20220826_070000.WAV	231	Waveform 1	1
HF	605.5860666666666	51000.0	54719.99999999999	6.680169143481445	605.5835	605.5896	34062	65119	Myotis daubentonii	0.012	0.03	-1	Echolocation	192000	/home/adkris/Documents/mila-human-wav-txt/20220826_070000.WAV	232	Waveform 1	1
HF	625.2654666666666	53250.0	52800.00000000001	2.699747487304186	625.2625	625.2682	37500	71218	Myotis mystacinus	0.015	0.031	-1	Echolocation	192000	/home/adkris/Documents/mila-human-wav-txt/20220826_070000.WAV	233	Waveform 1	1
HF	625.9024333333333	57750.0	56640.0	4.604700360738356	625.9005	625.9049	48671	61608	Pipistrellus pipistrellus	0.067	0.103	-1	Echolocation	192000	/home/adkris/Documents/mila-human-wav-txt/20220826_070000.WAV	234	Waveform 1	1
HF	626.1524000000001	57000.0	56640.0	3.4830727571301727	626.1505	626.1561	34062	66995	Myotis brandtii	0.009	0.027	-1	Echolocation	192000	/home/adkris/Documents/mila-human-wav-txt/20220826_070000.WAV	235	Waveform 1	1
HF	626.1690333333333	56250.0	55679.99999999999	3.766269012339593	626.1675	626.1723	37500	71131	Myotis mystacinus	0.027	0.061	-1	Echolocation	192000	/home/adkris/Documents/mila-human-wav-txt/20220826_070000.WAV	236	Waveform 1	1
HF	653.8034333333334	56250.0	55679.99999999999	3.080885997162377	653.8015	653.8094	56406	65818	Pipistrellus pygmaeus	0.026	0.027	-1	Echolocation	192000	/home/adkris/Documents/mila-human-wav-txt/20220826_070000.WAV	237	Waveform 1	1
HF	654.1601333333333	55500.0	55679.99999999999	6.770691885939423	654.1575	654.1647	55546	62571	Pipistrellus pygmaeus	0.05	0.053	-1	Echolocation	192000	/home/adkris/Documents/mila-human-wav-txt/20220826_070000.WAV	238	Waveform 1	1
HF	654.3492	56250.0	55679.99999999999	8.24835212335208	654.3465	654.3548	55546	63211	Pipistrellus pygmaeus	0.029	0.031	-1	Echolocation	192000	/home/adkris/Documents/mila-human-wav-txt/20220826_070000.WAV	239	Waveform 1	1
HF	654.7874333333333	48750.0	48960.0	2.823660149433043	654.7845	654.7914	46953	51526	Pipistrellus pipistrellus	0.096	0.103	-1	Echolocation	192000	/home/adkris/Documents/mila-human-wav-txt/20220826_070000.WAV	240	Waveform 1	1
HF	654.8694666666667	53250.0	47040.0	3.4009961881989	654.8655	654.8702	37500	58088	Myotis mystacinus	0.009	0.024	-1	Echolocation	192000	/home/adkris/Documents/mila-human-wav-txt/20220826_070000.WAV	241	Waveform 1	1
HF	654.9674666666666	55500.0	55679.99999999999	5.038223044528972	654.9655	654.9722	53828	58883	Pipistrellus pygmaeus	0.099	0.109	-1	Echolocation	192000	/home/adkris/Documents/mila-human-wav-txt/20220826_070000.WAV	242	Waveform 1	1
HF	660.9118666666667	48750.0	49920.0	4.400646650637581	660.9095	660.9158	46953	53389	Pipistrellus pipistrellus	0.069	0.074	-1	Echolocation	192000	/home/adkris/Documents/mila-human-wav-txt/20220826_070000.WAV	243	Waveform 1	1
HF	660.9754	49500.0	48960.0	2.843561579987079	660.9715	660.9786	42656	56981	Pipistrellus pipistrellus	0.019	0.06	-1	Echolocation	192000	/home/adkris/Documents/mila-human-wav-txt/20220826_070000.WAV	244	Waveform 1	1
HF	661.0623666666667	49500.0	48960.0	3.892476748197817	661.0585	661.0668	47812	54679	Pipistrellus pipistrellus	0.062	0.069	-1	Echolocation	192000	/home/adkris/Documents/mila-human-wav-txt/20220826_070000.WAV	245	Waveform 1	1
HF	661.2648	55500.0	53760.00000000001	4.274543181007124	661.2625	661.2677	48671	59185	Pipistrellus pipistrellus	0.082	0.115	-1	Echolocation	192000	/home/adkris/Documents/mila-human-wav-txt/20220826_070000.WAV	246	Waveform 1	1
HF	670.7993	51000.0	49920.0	2.951418695691167	670.7955	670.8027	38359	54546	Myotis brandtii	0.008	0.041	-1	Echolocation	192000	/home/adkris/Documents/mila-human-wav-txt/20220826_070000.WAV	247	Waveform 1	1
HF	671.8398	50250.0	52800.00000000001	3.8306357296746554	671.8335	671.8417	51250	57632	Pipistrellus pipistrellus	0.044	0.053	-1	Echolocation	192000	/home/adkris/Documents/mila-human-wav-txt/20220826_070000.WAV	248	Waveform 1	1
HF	671.9069666666667	56250.0	56640.0	3.261349064243335	671.9045	671.9142	56406	62885	Pipistrellus pygmaeus	0.022	0.023	-1	Echolocation	192000	/home/adkris/Documents/mila-human-wav-txt/20220826_070000.WAV	249	Waveform 1	1
LF	691.6496	24750.0	24960.0	2.963977268352273	691.6395	691.6544	24609	30998	Nyctalus leisleri	0.017	0.04	-1	Echolocation	192000	/home/adkris/Documents/mila-human-wav-txt/20220826_070000.WAV	250	Waveform 1	1
LF	708.3565666666667	24000.0	24960.0	2.5944680597819367	708.3425	708.3581	23750	29840	Nyctalus leisleri	0.034	0.09	-1	Echolocation	192000	/home/adkris/Documents/mila-human-wav-txt/20220826_070000.WAV	251	Waveform 1	1
LF	708.9398	24750.0	24960.0	2.8186534080013503	708.9275	708.9437	25468	29238	Nyctalus leisleri	0.044	0.098	-1	Echolocation	192000	/home/adkris/Documents/mila-human-wav-txt/20220826_070000.WAV	252	Waveform 1	1
LF	710.4560666666666	25500.0	24960.0	2.338446941675796	710.4445	710.4591	23750	29913	Nyctalus leisleri	0.034	0.077	-1	Echolocation	192000	/home/adkris/Documents/mila-human-wav-txt/20220826_070000.WAV	253	Waveform 1	1
HF	713.0546333333333	48750.0	48960.0	3.1254753499714227	713.0525	713.0567	45234	61138	Myotis mystacinus	0.032	0.081	-1	Echolocation	192000	/home/adkris/Documents/mila-human-wav-txt/20220826_070000.WAV	254	Waveform 1	1
HF	713.1837333333333	54000.0	53760.00000000001	3.55740074045128	713.1805	713.1871	50390	58467	Pipistrellus pipistrellus	0.062	0.107	-1	Echolocation	192000	/home/adkris/Documents/mila-human-wav-txt/20220826_070000.WAV	255	Waveform 1	1
LF	715.1819666666667	25500.0	25920.0	2.088276396937488	715.1695	715.1831999999999	25468	31886	Nyctalus leisleri	0.029	0.073	-1	Echolocation	192000	/home/adkris/Documents/mila-human-wav-txt/20220826_070000.WAV	256	Waveform 1	1
LF	715.4673	25500.0	24960.0	3.991070319277909	715.4605	715.4822	23750	27930	Nyctalus noctula	0.028	0.067	-1	Echolocation	192000	/home/adkris/Documents/mila-human-wav-txt/20220826_070000.WAV	257	Waveform 1	1
LF	728.4605333333334	25500.0	25920.0	3.3198508030971463	728.4435	728.4608	25468	30108	Nyctalus leisleri	0.044	0.108	-1	Echolocation	192000	/home/adkris/Documents/mila-human-wav-txt/20220826_070000.WAV	258	Waveform 1	1
HF	746.5010666666667	57750.0	55679.99999999999	3.874601267936895	746.4995	746.5066	54687	59766	Pipistrellus pygmaeus	0.115	0.12	-1	Echolocation	192000	/home/adkris/Documents/mila-human-wav-txt/20220826_070000.WAV	259	Waveform 1	1
HF	747.9888333333333	53250.0	48000.0	3.3942491097000262	747.9855	747.992	35781	61516	Myotis brandtii	0.007	0.024	-1	Echolocation	192000	/home/adkris/Documents/mila-human-wav-txt/20220826_070000.WAV	260	Waveform 1	1
HF	759.1449333333334	50250.0	48960.0	2.8578637340778528	759.1385	759.1454	47812	56196	Pipistrellus pipistrellus	0.064	0.068	-1	Echolocation	192000	/home/adkris/Documents/mila-human-wav-txt/20220826_070000.WAV	261	Waveform 1	1
HF	759.3290666666667	51000.0	48960.0	2.8143209032669967	759.3285	759.3331	46953	57438	Pipistrellus pipistrellus	0.102	0.115	-1	Echolocation	192000	/home/adkris/Documents/mila-human-wav-txt/20220826_070000.WAV	262	Waveform 1	1
HF	759.6103666666667	52500.0	52800.00000000001	2.8172596890967023	759.6075	759.6133	49531	55335	Pipistrellus pipistrellus	0.109	0.117	-1	Echolocation	192000	/home/adkris/Documents/mila-human-wav-txt/20220826_070000.WAV	263	Waveform 1	1
HF	759.8300666666667	50250.0	52800.00000000001	3.354401075261935	759.8265	759.8351	50390	56036	Pipistrellus pipistrellus	0.091	0.101	-1	Echolocation	192000	/home/adkris/Documents/mila-human-wav-txt/20220826_070000.WAV	264	Waveform 1	1
HF	760.7218333333333	48750.0	46080.0	2.7359889728723297	760.7195	760.727	46093	52542	Pipistrellus pipistrellus	0.111	0.116	-1	Echolocation	192000	/home/adkris/Documents/mila-human-wav-txt/20220826_070000.WAV	265	Waveform 1	1
HF	775.2378	54000.0	51840.0	8.434913141331839	775.2355	775.2407	34062	77502	Myotis mystacinus	0.012	0.033	-1	Echolocation	192000	/home/adkris/Documents/mila-human-wav-txt/20220826_070000.WAV	266	Waveform 1	1
LF	781.4709333333333	24000.0	24000.0	2.195431928068812	781.4505	781.4714	24609	27847	Nyctalus leisleri	0.08	0.114	-1	Echolocation	192000	/home/adkris/Documents/mila-human-wav-txt/20220826_070000.WAV	267	Waveform 1	1
HF	783.9544333333333	49500.0	52800.00000000001	5.398028548873772	783.9525	783.9569	47812	56375	Pipistrellus pipistrellus	0.038	0.041	-1	Echolocation	192000	/home/adkris/Documents/mila-human-wav-txt/20220826_070000.WAV	268	Waveform 1	1
LF	809.4491333333333	14250.0	23040.0	2.8854615051038266	809.4455	809.4517	13437	32616	Plecotus auritus	0.039	0.045	-1	Echolocation	192000	/home/adkris/Documents/mila-human-wav-txt/20220826_070000.WAV	269	Waveform 1	1
HF	814.9769666666666	48000.0	52800.00000000001	2.265222608624955	814.9755	814.9862	47812	56352	Pipistrellus pipistrellus	0.03	0.036	-1	Echolocation	192000	/home/adkris/Documents/mila-human-wav-txt/20220826_070000.WAV	270	Waveform 1	1
HF	815.0777333333333	55500.0	48960.0	4.402252858775209	815.0745	815.0811	46953	58088	Pipistrellus pipistrellus	0.083	0.092	-1	Echolocation	192000	/home/adkris/Documents/mila-human-wav-txt/20220826_070000.WAV	271	Waveform 1	1
HF	816.0561	58500.0	58560.0	2.1734619451529884	816.0545	816.0604	58125	65029	Pipistrellus pygmaeus	0.052	0.053	-1	Echolocation	192000	/home/adkris/Documents/mila-human-wav-txt/20220826_070000.WAV	272	Waveform 1	1
HF	862.7827333333333	48750.0	54719.99999999999	5.1064675241224124	862.7785	862.7841	46093	60217	Pipistrellus pipistrellus	0.029	0.093	-1	Echolocation	192000	/home/adkris/Documents/mila-human-wav-txt/20220826_070000.WAV	273	Waveform 1	1
HF	876.7621666666666	49500.0	48960.0	4.379684326862573	876.7595	876.7655	47812	55039	Pipistrellus pipistrellus	0.101	0.108	-1	Echolocation	192000	/home/adkris/Documents/mila-human-wav-txt/20220826_070000.WAV	274	Waveform 1	1
HF	904.964	52500.0	52800.00000000001	2.292100056290113	904.9615	904.9665	49531	58033	Pipistrellus pipistrellus	0.104	0.112	-1	Echolocation	192000	/home/adkris/Documents/mila-human-wav-txt/20220826_070000.WAV	275	Waveform 1	1
HF	963.4852666666668	49500.0	49920.0	2.9844006383448174	963.4825	963.4884	34921	72020	Myotis mystacinus	0.016	0.04	-1	Echolocation	192000	/home/adkris/Documents/mila-human-wav-txt/20220826_070000.WAV	276	Waveform 1	1
HF	963.7255333333334	54750.0	52800.00000000001	4.564855196198977	963.7245	963.7298	37500	65255	Myotis brandtii	0.01	0.03	-1	Echolocation	192000	/home/adkris/Documents/mila-human-wav-txt/20220826_070000.WAV	277	Waveform 1	1
HF	964.6646666666668	54750.0	52800.00000000001	8.472604669842172	964.6615	964.667	34921	74798	Myotis brandtii	0.008	0.025	-1	Echolocation	192000	/home/adkris/Documents/mila-human-wav-txt/20220826_070000.WAV	278	Waveform 1	1
HF	965.44	55500.0	56640.0	14.530560986662824	965.4335	965.4415	58125	64176	Pipistrellus pygmaeus	0.026	0.028	-1	Echolocation	192000	/home/adkris/Documents/mila-human-wav-txt/20220826_070000.WAV	279	Waveform 1	1
HF	965.7307333333332	83250.0	76800.0	4.129664296348691	965.7225	965.7591	69296	81916	Rhinolophus ferrumequinum	0.023	0.023	-1	Echolocation	192000	/home/adkris/Documents/mila-human-wav-txt/20220826_070000.WAV	280	Waveform 1	1
HF	965.9156333333332	56250.0	57600.0	18.27773233581385	965.9125	965.9192	55546	64403	Pipistrellus pygmaeus	0.035	0.038	-1	Echolocation	192000	/home/adkris/Documents/mila-human-wav-txt/20220826_070000.WAV	281	Waveform 1	1
HF	966.0124333333332	55500.0	52800.00000000001	6.04928318412597	966.0015	966.0144	48671	59476	Pipistrellus pipistrellus	0.081	0.111	-1	Echolocation	192000	/home/adkris/Documents/mila-human-wav-txt/20220826_070000.WAV	282	Waveform 1	1
HF	966.2012	57750.0	55679.99999999999	4.9444507407074845	966.1965	966.2028	56406	63824	Pipistrellus pygmaeus	0.026	0.028	-1	Echolocation	192000	/home/adkris/Documents/mila-human-wav-txt/20220826_070000.WAV	283	Waveform 1	1
HF	991.2905666666668	55500.0	55679.99999999999	6.637283628422086	991.2875	991.2931	54687	61945	Pipistrellus pygmaeus	0.103	0.115	-1	Echolocation	192000	/home/adkris/Documents/mila-human-wav-txt/20220826_070000.WAV	284	Waveform 1	1
HF	991.3738	55500.0	52800.00000000001	2.350441090230244	991.3705	991.3782	50390	55985	Pipistrellus pipistrellus	0.045	0.052	-1	Echolocation	192000	/home/adkris/Documents/mila-human-wav-txt/20220826_070000.WAV	285	Waveform 1	1
HF	996.645	53250.0	52800.00000000001	5.52282743918027	996.6425	996.6475	35781	64396	Myotis brandtii	0.011	0.031	-1	Echolocation	192000	/home/adkris/Documents/mila-human-wav-txt/20220826_070000.WAV	286	Waveform 1	1
LF	1017.1005333333334	25500.0	26880.000000000004	2.7613988770718434	1017.0895	1017.1023	25468	31609	Eptesicus serotinus	0.04	0.075	-1	Echolocation	192000	/home/adkris/Documents/mila-human-wav-txt/20220826_070000.WAV	287	Waveform 1	1
LF	1017.5247333333332	27750.0	26880.000000000004	2.3205699521417444	1017.5185	1017.5291	25468	32056	Nyctalus leisleri	0.012	0.034	-1	Echolocation	192000	/home/adkris/Documents/mila-human-wav-txt/20220826_070000.WAV	288	Waveform 1	1
LF	1017.6644666666666	23250.0	26880.000000000004	2.0164349961409727	1017.6505	1017.6662	24609	29112	Nyctalus leisleri	0.013	0.031	-1	Echolocation	192000	/home/adkris/Documents/mila-human-wav-txt/20220826_070000.WAV	289	Waveform 1	1
HF	1037.8213666666666	48750.0	49920.0	3.718910864935379	1037.8185	1037.8243	48671	53348	Pipistrellus pipistrellus	0.039	0.041	-1	Echolocation	192000	/home/adkris/Documents/mila-human-wav-txt/20220826_070000.WAV	290	Waveform 1	1
HF	1038.6447666666668	53250.0	52800.00000000001	5.927000996373796	1038.6415	1038.6469	48671	60926	Pipistrellus pipistrellus	0.058	0.089	-1	Echolocation	192000	/home/adkris/Documents/mila-human-wav-txt/20220826_070000.WAV	291	Waveform 1	1
HF	1039.2428	47250.0	48000.0	3.436461576494327	1039.2405	1039.2457	33203	72625	Myotis mystacinus	0.016	0.04	-1	Echolocation	192000	/home/adkris/Documents/mila-human-wav-txt/20220826_070000.WAV	292	Waveform 1	1
HF	1040.1535	49500.0	48960.0	4.247421590422765	1040.1505	1040.1585	47812	56564	Pipistrellus pipistrellus	0.078	0.087	-1	Echolocation	192000	/home/adkris/Documents/mila-human-wav-txt/20220826_070000.WAV	293	Waveform 1	1
HF	1040.2085	49500.0	49920.0	2.9169091315680213	1040.2065	1040.212	48671	55720	Pipistrellus pipistrellus	0.048	0.052	-1	Echolocation	192000	/home/adkris/Documents/mila-human-wav-txt/20220826_070000.WAV	294	Waveform 1	1
HF	1040.4190333333331	45750.0	26880.000000000004	2.1203797631586565	1040.4145	1040.4198	25468	49726	Myotis nattereri	0.026	0.04	-1	Echolocation	192000	/home/adkris/Documents/mila-human-wav-txt/20220826_070000.WAV	295	Waveform 1	1
HF	1041.3682666666666	50250.0	49920.0	3.6152160565628826	1041.3665	1041.3734	46953	51815	Pipistrellus pipistrellus	0.07	0.074	-1	Echolocation	192000	/home/adkris/Documents/mila-human-wav-txt/20220826_070000.WAV	296	Waveform 1	1
HF	1041.6295333333333	52500.0	48960.0	3.735580818336218	1041.6245	1041.6328	48671	59963	Pipistrellus pipistrellus	0.079	0.092	-1	Echolocation	192000	/home/adkris/Documents/mila-human-wav-txt/20220826_070000.WAV	297	Waveform 1	1
HF	1051.2624	58500.0	57600.0	3.9474293738174016	1051.2615	1051.2681	56406	61691	Pipistrellus pygmaeus	0.03	0.031	-1	Echolocation	192000	/home/adkris/Documents/mila-human-wav-txt/20220826_070000.WAV	298	Waveform 1	1
HF	1064.5173333333332	52500.0	46080.0	3.6747669091476034	1064.5125	1064.521	46093	59543	Pipistrellus pipistrellus	0.067	0.091	-1	Echolocation	192000	/home/adkris/Documents/mila-human-wav-txt/20220826_070000.WAV	299	Waveform 1	1
HF	1065.0270333333333	48000.0	47040.0	2.53998641038598	1065.0215	1065.0293	46093	55923	Pipistrellus pipistrellus	0.022	0.035	-1	Echolocation	192000	/home/adkris/Documents/mila-human-wav-txt/20220826_070000.WAV	300	Waveform 1	1
HF	1081.320066666667	52500.0	54719.99999999999	6.276445347465845	1081.3165	1081.3216	49531	59048	Pipistrellus pipistrellus	0.07	0.099	-1	Echolocation	192000	/home/adkris/Documents/mila-human-wav-txt/20220826_070000.WAV	301	Waveform 1	1
HF	1081.6538	54750.0	53760.00000000001	8.80619293708615	1081.6515	1081.6567	49531	59602	Pipistrellus pipistrellus	0.056	0.095	-1	Echolocation	192000	/home/adkris/Documents/mila-human-wav-txt/20220826_070000.WAV	302	Waveform 1	1
HF	1082.5224	54000.0	53760.00000000001	2.7871207870517005	1082.5175	1082.5236	35781	62449	Myotis mystacinus	0.01	0.024	-1	Echolocation	192000	/home/adkris/Documents/mila-human-wav-txt/20220826_070000.WAV	303	Waveform 1	1
HF	1083.2205666666666	47250.0	47040.0	3.277570653684479	1083.2165	1083.2246	46093	58652	Pipistrellus pipistrellus	0.068	0.082	-1	Echolocation	192000	/home/adkris/Documents/mila-human-wav-txt/20220826_070000.WAV	304	Waveform 1	1
HF	1083.2866	47250.0	48000.0	3.493307985445402	1083.2835	1083.2914	44375	57362	Pipistrellus pipistrellus	0.024	0.036	-1	Echolocation	192000	/home/adkris/Documents/mila-human-wav-txt/20220826_070000.WAV	305	Waveform 1	1
HF	1083.3750333333332	50250.0	49920.0	3.172328357057917	1083.3715	1083.3778	47812	59133	Pipistrellus pipistrellus	0.066	0.072	-1	Echolocation	192000	/home/adkris/Documents/mila-human-wav-txt/20220826_070000.WAV	306	Waveform 1	1
HF	1091.9527666666668	54000.0	53760.00000000001	3.3723721798158346	1091.9495	1091.9584	47812	56182	Pipistrellus pipistrellus	0.083	0.088	-1	Echolocation	192000	/home/adkris/Documents/mila-human-wav-txt/20220826_070000.WAV	307	Waveform 1	1
HF	1092.1606	54750.0	43200.0	2.884158990923445	1092.1585	1092.1639	36640	66137	Myotis mystacinus	0.01	0.027	-1	Echolocation	192000	/home/adkris/Documents/mila-human-wav-txt/20220826_070000.WAV	308	Waveform 1	1
HF	1093.2393333333334	57750.0	55679.99999999999	8.953495443673258	1093.2355	1093.2415	55546	67735	Pipistrellus pygmaeus	0.029	0.031	-1	Echolocation	192000	/home/adkris/Documents/mila-human-wav-txt/20220826_070000.WAV	309	Waveform 1	1
HF	1094.0307333333333	51750.0	49920.0	4.3225961193771365	1094.0275	1094.0341	47812	57542	Pipistrellus pipistrellus	0.1	0.116	-1	Echolocation	192000	/home/adkris/Documents/mila-human-wav-txt/20220826_070000.WAV	310	Waveform 1	1
HF	1118.9427333333333	54750.0	54719.99999999999	4.768466594001211	1118.9385	1118.9476	47812	59848	Pipistrellus pipistrellus	0.053	0.072	-1	Echolocation	192000	/home/adkris/Documents/mila-human-wav-txt/20220826_070000.WAV	311	Waveform 1	1
HF	1119.031966666667	49500.0	54719.99999999999	5.893723535142426	1119.0285	1119.0337	34062	68480	Myotis mystacinus	0.009	0.028	-1	Echolocation	192000	/home/adkris/Documents/mila-human-wav-txt/20220826_070000.WAV	312	Waveform 1	1
HF	1119.113466666667	51000.0	44160.0	3.192104099662221	1119.1105	1119.1162	43515	58940	Pipistrellus pipistrellus	0.014	0.054	-1	Echolocation	192000	/home/adkris/Documents/mila-human-wav-txt/20220826_070000.WAV	313	Waveform 1	1
HF	1119.277833333333	48000.0	48960.0	3.209134546121024	1119.2735	1119.279	34921	71072	Myotis mystacinus	0.01	0.029	-1	Echolocation	192000	/home/adkris/Documents/mila-human-wav-txt/20220826_070000.WAV	314	Waveform 1	1
HF	1122.5312666666666	56250.0	54719.99999999999	6.246147887788168	1122.5285	1122.5344	51250	58292	Pipistrellus pipistrellus	0.07	0.114	-1	Echolocation	192000	/home/adkris/Documents/mila-human-wav-txt/20220826_070000.WAV	315	Waveform 1	1
HF	1122.6072333333334	49500.0	48960.0	4.199365854828717	1122.6055	1122.6101	47812	56326	Pipistrellus pipistrellus	0.103	0.113	-1	Echolocation	192000	/home/adkris/Documents/mila-human-wav-txt/20220826_070000.WAV	316	Waveform 1	1
LF	1134.7930666666666	19500.0	17280.0	10.198714106226316	1134.7915	1134.7986	15156	28266	Plecotus auritus	0.019	0.032	-1	Echolocation	192000	/home/adkris/Documents/mila-human-wav-txt/20220826_070000.WAV	317	Waveform 1	1
HF	1135.3638	53250.0	53760.00000000001	4.297401744438323	1135.3615	1135.3667	46093	60404	Pipistrellus pipistrellus	0.03	0.076	-1	Echolocation	192000	/home/adkris/Documents/mila-human-wav-txt/20220826_070000.WAV	318	Waveform 1	1
HF	1138.243333333333	51750.0	48960.0	9.005628304661615	1138.2395	1138.2455	34062	68822	Myotis mystacinus	0.009	0.023	-1	Echolocation	192000	/home/adkris/Documents/mila-human-wav-txt/20220826_070000.WAV	319	Waveform 1	1
HF	1139.168233333333	57000.0	56640.0	11.704690474687052	1139.1655	1139.1726	55546	65802	Pipistrellus pygmaeus	0.029	0.031	-1	Echolocation	192000	/home/adkris/Documents/mila-human-wav-txt/20220826_070000.WAV	320	Waveform 1	1
HF	1139.6724333333334	55500.0	55679.99999999999	10.22223039725846	1139.6645	1139.6734	56406	62462	Pipistrellus pygmaeus	0.032	0.035	-1	Echolocation	192000	/home/adkris/Documents/mila-human-wav-txt/20220826_070000.WAV	321	Waveform 1	1
HF	1139.7784666666666	53250.0	49920.0	7.354171378361546	1139.7755	1139.7812	33203	72348	Myotis mystacinus	0.014	0.031	-1	Echolocation	192000	/home/adkris/Documents/mila-human-wav-txt/20220826_070000.WAV	322	Waveform 1	1
HF	1140.057366666667	49500.0	48960.0	4.891205617682247	1140.0545	1140.0603	34062	64313	Myotis brandtii	0.007	0.023	-1	Echolocation	192000	/home/adkris/Documents/mila-human-wav-txt/20220826_070000.WAV	323	Waveform 1	1
HF	1140.1526333333334	59250.0	58560.0	11.146496980362784	1140.1515	1140.1602	58125	64293	Pipistrellus pygmaeus	0.023	0.024	-1	Echolocation	192000	/home/adkris/Documents/mila-human-wav-txt/20220826_070000.WAV	324	Waveform 1	1
LF	1143.0281666666667	26250.0	25920.0	2.7806735186410503	1143.0235	1143.038	25468	29414	Nyctalus leisleri	0.052	0.096	-1	Echolocation	192000	/home/adkris/Documents/mila-human-wav-txt/20220826_070000.WAV	325	Waveform 1	1
HF	1145.8685	42750.0	43200.0	3.157782894362258	1145.8615	1145.8725	41796	45110	Pipistrellus nathusii	0.037	0.053	-1	Echolocation	192000	/home/adkris/Documents/mila-human-wav-txt/20220826_070000.WAV	326	Waveform 1	1
LF	1146.3138333333334	42750.0	44160.0	4.381462017944822	1146.3105	1146.317	29765	43008	Myotis daubentonii	0.01	0.028	-1	Echolocation	192000	/home/adkris/Documents/mila-human-wav-txt/20220826_070000.WAV	327	Waveform 1	1
HF	1191.8901	43500.0	46080.0	3.328524175164225	1191.8845	1191.8934	41796	48515	Pipistrellus nathusii	0.059	0.095	-1	Echolocation	192000	/home/adkris/Documents/mila-human-wav-txt/20220826_070000.WAV	328	Waveform 1	1
HF	1194.7315333333331	40500.0	40320.0	8.588922942816	1194.7275	1194.7333	30625	58638	Myotis brandtii	0.013	0.03	-1	Echolocation	192000	/home/adkris/Documents/mila-human-wav-txt/20220826_070000.WAV	329	Waveform 1	1
HF	1195.0520333333334	44250.0	45120.0	16.842029553384254	1195.0475	1195.0528	30625	61465	Myotis brandtii	0.015	0.026	-1	Echolocation	192000	/home/adkris/Documents/mila-human-wav-txt/20220826_070000.WAV	330	Waveform 1	1
HF	1195.2581666666667	54000.0	53760.00000000001	3.780850374975509	1195.2535	1195.261	53828	59428	Pipistrellus pygmaeus	0.033	0.035	-1	Echolocation	192000	/home/adkris/Documents/mila-human-wav-txt/20220826_070000.WAV	331	Waveform 1	1
HF	1195.4632	53250.0	52800.00000000001	6.803013691202137	1195.4605	1195.4688	52968	57210	Pipistrellus pygmaeus	0.028	0.034	-1	Echolocation	192000	/home/adkris/Documents/mila-human-wav-txt/20220826_070000.WAV	332	Waveform 1	1
HF	1195.566366666667	48000.0	48000.0	13.706945070279906	1195.5615	1195.5688	49531	54153	Pipistrellus pipistrellus	0.021	0.036	-1	Echolocation	192000	/home/adkris/Documents/mila-human-wav-txt/20220826_070000.WAV	333	Waveform 1	1
HF	1195.7856	48000.0	48000.0	12.700297347295557	1195.7785	1195.7859	49531	56883	Pipistrellus pipistrellus	0.015	0.028	-1	Echolocation	192000	/home/adkris/Documents/mila-human-wav-txt/20220826_070000.WAV	334	Waveform 1	1
HF	1196.0849333333333	48750.0	48000.0	11.024655496273157	1196.0785	1196.0854	49531	55721	Pipistrellus pipistrellus	0.015	0.027	-1	Echolocation	192000	/home/adkris/Documents/mila-human-wav-txt/20220826_070000.WAV	335	Waveform 1	1
HF	1196.2669666666666	51750.0	51840.0	17.354382207285695	1196.2625	1196.2702	52109	58088	Pipistrellus pygmaeus	0.055	0.063	-1	Echolocation	192000	/home/adkris/Documents/mila-human-wav-txt/20220826_070000.WAV	336	Waveform 1	1
HF	1196.3691333333334	53250.0	55679.99999999999	12.425619584324938	1196.3635	1196.3712	55546	62207	Pipistrellus pygmaeus	0.035	0.038	-1	Echolocation	192000	/home/adkris/Documents/mila-human-wav-txt/20220826_070000.WAV	337	Waveform 1	1
HF	1196.4634	55500.0	54719.99999999999	9.854827576584343	1196.4605	1196.4686	54687	61952	Pipistrellus pygmaeus	0.024	0.026	-1	Echolocation	192000	/home/adkris/Documents/mila-human-wav-txt/20220826_070000.WAV	338	Waveform 1	1
HF	1196.6632333333334	47250.0	48000.0	17.618724249661167	1196.6595	1196.6656	49531	60599	Pipistrellus pipistrellus	0.019	0.037	-1	Echolocation	192000	/home/adkris/Documents/mila-human-wav-txt/20220826_070000.WAV	339	Waveform 1	1
HF	1196.7582333333332	53250.0	52800.00000000001	21.06039227861215	1196.7545	1196.7606	51250	59403	Pipistrellus pipistrellus	0.026	0.046	-1	Echolocation	192000	/home/adkris/Documents/mila-human-wav-txt/20220826_070000.WAV	340	Waveform 1	1
HF	1197.2427333333333	54000.0	53760.00000000001	19.50675376197692	1197.2355	1197.2451	53828	59683	Pipistrellus pygmaeus	0.069	0.072	-1	Echolocation	192000	/home/adkris/Documents/mila-human-wav-txt/20220826_070000.WAV	341	Waveform 1	1
HF	1197.7982333333334	46500.0	46080.0	3.653348958829106	1197.7945	1197.8006	40937	54974	Myotis brandtii	0.03	0.105	-1	Echolocation	192000	/home/adkris/Documents/mila-human-wav-txt/20220826_070000.WAV	342	Waveform 1	1
HF	1198.1545666666666	47250.0	46080.0	8.39071627440108	1198.1515	1198.1571	31484	73010	Myotis brandtii	0.019	0.041	-1	Echolocation	192000	/home/adkris/Documents/mila-human-wav-txt/20220826_070000.WAV	343	Waveform 1	1
HF	1198.2201	53250.0	52800.00000000001	17.86453178609458	1198.2175	1198.2294	52968	59005	Pipistrellus pygmaeus	0.036	0.042	-1	Echolocation	192000	/home/adkris/Documents/mila-human-wav-txt/20220826_070000.WAV	344	Waveform 1	1
HF	1198.7039	42000.0	42240.0	16.810039622538195	1198.6995	1198.7061	28906	52564	Myotis daubentonii	0.012	0.024	-1	Echolocation	192000	/home/adkris/Documents/mila-human-wav-txt/20220826_070000.WAV	345	Waveform 1	1
HF	1199.130766666667	57000.0	54719.99999999999	6.46285241199748	1199.1265	1199.1344	54687	59774	Pipistrellus pygmaeus	0.056	0.059	-1	Echolocation	192000	/home/adkris/Documents/mila-human-wav-txt/20220826_070000.WAV	346	Waveform 1	1
HF	1199.9223	40500.0	40320.0	10.79180458736117	1199.9205	1199.9262	29765	55042	Myotis daubentonii	0.013	0.026	-1	Echolocation	192000	/home/adkris/Documents/mila-human-wav-txt/20220826_070000.WAV	347	Waveform 1	1
HF	1208.4507	48750.0	48960.0	4.301790908268766	1208.4465	1208.4533	50390	55133	Pipistrellus pipistrellus	0.013	0.024	-1	Echolocation	192000	/home/adkris/Documents/mila-human-wav-txt/20220826_070000.WAV	348	Waveform 1	1
HF	1208.5398333333333	46500.0	46080.0	21.593209812715045	1208.5355	1208.541	30625	65903	Myotis brandtii	0.013	0.025	-1	Echolocation	192000	/home/adkris/Documents/mila-human-wav-txt/20220826_070000.WAV	349	Waveform 1	1
HF	1208.726766666667	61500.0	53760.00000000001	5.570249344233101	1208.7225	1208.7304	56406	61680	Pipistrellus pygmaeus	0.048	0.049	-1	Echolocation	192000	/home/adkris/Documents/mila-human-wav-txt/20220826_070000.WAV	350	Waveform 1	1
HF	1208.9337333333333	54000.0	53760.00000000001	13.953270133854314	1208.9305	1208.9371	52109	57371	Pipistrellus pipistrellus	0.021	0.038	-1	Echolocation	192000	/home/adkris/Documents/mila-human-wav-txt/20220826_070000.WAV	351	Waveform 1	1
HF	1209.026	54750.0	53760.00000000001	12.33623471469848	1209.0195	1209.0275	53828	58455	Pipistrellus pygmaeus	0.023	0.026	-1	Echolocation	192000	/home/adkris/Documents/mila-human-wav-txt/20220826_070000.WAV	352	Waveform 1	1
HF	1209.1160333333332	54750.0	52800.00000000001	23.469226576311897	1209.1125	1209.1188	51250	57817	Pipistrellus pygmaeus	0.015	0.031	-1	Echolocation	192000	/home/adkris/Documents/mila-human-wav-txt/20220826_070000.WAV	353	Waveform 1	1
HF	1209.2089666666666	53250.0	52800.00000000001	12.471322519779912	1209.2065	1209.2127	52109	57391	Pipistrellus pygmaeus	0.014	0.027	-1	Echolocation	192000	/home/adkris/Documents/mila-human-wav-txt/20220826_070000.WAV	354	Waveform 1	1
HF	1209.3028	54750.0	56640.0	8.608712988035784	1209.2935	1209.3057	57265	63793	Pipistrellus pygmaeus	0.03	0.031	-1	Echolocation	192000	/home/adkris/Documents/mila-human-wav-txt/20220826_070000.WAV	355	Waveform 1	1
HF	1209.3929666666668	53250.0	53760.00000000001	9.630833387754452	1209.3885	1209.3962	52968	61569	Pipistrellus pygmaeus	0.045	0.05	-1	Echolocation	192000	/home/adkris/Documents/mila-human-wav-txt/20220826_070000.WAV	356	Waveform 1	1
HF	1209.67	50250.0	52800.00000000001	25.073329350344597	1209.6655	1209.672	50390	58928	Pipistrellus pipistrellus	0.033	0.064	-1	Echolocation	192000	/home/adkris/Documents/mila-human-wav-txt/20220826_070000.WAV	357	Waveform 1	1
HF	1209.7568	53250.0	52800.00000000001	17.99847131439286	1209.7525	1209.7592	52968	60717	Pipistrellus pygmaeus	0.027	0.034	-1	Echolocation	192000	/home/adkris/Documents/mila-human-wav-txt/20220826_070000.WAV	358	Waveform 1	1
HF	1209.8452	57750.0	57600.0	14.104943533374517	1209.8375	1209.8478	58125	65617	Pipistrellus pygmaeus	0.042	0.042	-1	Echolocation	192000	/home/adkris/Documents/mila-human-wav-txt/20220826_070000.WAV	359	Waveform 1	1
HF	1209.9167333333332	53250.0	52800.00000000001	12.924438797432192	1209.9125	1209.9216	53828	58661	Pipistrellus pygmaeus	0.041	0.045	-1	Echolocation	192000	/home/adkris/Documents/mila-human-wav-txt/20220826_070000.WAV	360	Waveform 1	1
HF	1210.075833333333	45000.0	45120.0	3.624985775100656	1210.0715	1210.077	31484	59309	Myotis brandtii	0.014	0.028	-1	Echolocation	192000	/home/adkris/Documents/mila-human-wav-txt/20220826_070000.WAV	361	Waveform 1	1
HF	1210.2437666666667	44250.0	44160.0	10.0066251331992	1210.2405	1210.2459	28906	71376	Myotis brandtii	0.017	0.038	-1	Echolocation	192000	/home/adkris/Documents/mila-human-wav-txt/20220826_070000.WAV	362	Waveform 1	1
HF	1210.3069	44250.0	46080.0	6.235876427357592	1210.3045	1210.3096	29765	77217	Myotis brandtii	0.027	0.06	-1	Echolocation	192000	/home/adkris/Documents/mila-human-wav-txt/20220826_070000.WAV	363	Waveform 1	1
HF	1210.4617333333333	41250.0	46080.0	7.501433319706755	1210.4575	1210.4631	29765	71408	Myotis brandtii	0.023	0.043	-1	Echolocation	192000	/home/adkris/Documents/mila-human-wav-txt/20220826_070000.WAV	364	Waveform 1	1
HF	1210.9266666666667	45750.0	46080.0	8.59649022929857	1210.9235	1210.929	29765	70206	Myotis brandtii	0.025	0.043	-1	Echolocation	192000	/home/adkris/Documents/mila-human-wav-txt/20220826_070000.WAV	365	Waveform 1	1
HF	1210.9835	46500.0	45120.0	12.142647389232383	1210.9815	1210.987	28906	76451	Myotis brandtii	0.025	0.062	-1	Echolocation	192000	/home/adkris/Documents/mila-human-wav-txt/20220826_070000.WAV	366	Waveform 1	1
HF	1211.0578	53250.0	52800.00000000001	11.974429762053171	1211.0545	1211.0622	51250	55798	Pipistrellus pygmaeus	0.028	0.041	-1	Echolocation	192000	/home/adkris/Documents/mila-human-wav-txt/20220826_070000.WAV	367	Waveform 1	1
HF	1211.1399333333334	45000.0	44160.0	19.192408558601933	1211.1355	1211.1409	28906	69799	Myotis brandtii	0.019	0.039	-1	Echolocation	192000	/home/adkris/Documents/mila-human-wav-txt/20220826_070000.WAV	368	Waveform 1	1
HF	1213.2467666666666	52500.0	49920.0	5.611051813464777	1213.2445	1213.2509	50390	54933	Pipistrellus pipistrellus	0.015	0.028	-1	Echolocation	192000	/home/adkris/Documents/mila-human-wav-txt/20220826_070000.WAV	369	Waveform 1	1
HF	1227.1167666666668	45750.0	45120.0	2.542196943378558	1227.1075	1227.1174	45234	52493	Pipistrellus pipistrellus	0.028	0.035	-1	Echolocation	192000	/home/adkris/Documents/mila-human-wav-txt/20220826_070000.WAV	370	Waveform 1	1
HF	1227.7108	48750.0	48960.0	6.188986400493713	1227.7065	1227.7132	49531	54737	Pipistrellus pipistrellus	0.016	0.031	-1	Echolocation	192000	/home/adkris/Documents/mila-human-wav-txt/20220826_070000.WAV	371	Waveform 1	1
HF	1228.1389	53250.0	52800.00000000001	2.975426432416825	1228.1385	1228.1456	52109	57204	Pipistrellus pygmaeus	0.03	0.035	-1	Echolocation	192000	/home/adkris/Documents/mila-human-wav-txt/20220826_070000.WAV	372	Waveform 1	1
HF	1228.4065666666663	48750.0	48960.0	8.313811054026457	1228.4045	1228.4111	49531	53508	Pipistrellus pipistrellus	0.014	0.025	-1	Echolocation	192000	/home/adkris/Documents/mila-human-wav-txt/20220826_070000.WAV	373	Waveform 1	1
HF	1229.2658333333334	48000.0	48960.0	10.848434346037529	1229.2625	1229.269	49531	52974	Pipistrellus pipistrellus	0.015	0.023	-1	Echolocation	192000	/home/adkris/Documents/mila-human-wav-txt/20220826_070000.WAV	374	Waveform 1	1
HF	1273.1647333333333	53250.0	52800.00000000001	2.517312819235909	1273.1635	1273.1686	31484	73258	Myotis mystacinus	0.017	0.054	-1	Echolocation	192000	/home/adkris/Documents/mila-human-wav-txt/20220826_070000.WAV	375	Waveform 1	1
HF	1273.2612	50250.0	48000.0	2.942131912050927	1273.2595	1273.2653	45234	61075	Pipistrellus pipistrellus	0.056	0.116	-1	Echolocation	192000	/home/adkris/Documents/mila-human-wav-txt/20220826_070000.WAV	376	Waveform 1	1
HF	1273.3102	54750.0	53760.00000000001	2.214861357024269	1273.3085	1273.3143	48671	58826	Pipistrellus pipistrellus	0.035	0.039	-1	Echolocation	192000	/home/adkris/Documents/mila-human-wav-txt/20220826_070000.WAV	377	Waveform 1	1
HF	1273.7008666666666	54000.0	53760.00000000001	2.8790261451775656	1273.6985	1273.7048	50390	58502	Pipistrellus pipistrellus	0.09	0.104	-1	Echolocation	192000	/home/adkris/Documents/mila-human-wav-txt/20220826_070000.WAV	378	Waveform 1	1
HF	1276.831	49500.0	49920.0	3.216416994232066	1276.8255	1276.831	36640	61344	Myotis brandtii	0.009	0.024	-1	Echolocation	192000	/home/adkris/Documents/mila-human-wav-txt/20220826_070000.WAV	379	Waveform 1	1
HF	1287.256	42000.0	43200.0	11.494505321116538	1287.2515	1287.258	29765	46071	Myotis daubentonii	0.011	0.025	-1	Echolocation	192000	/home/adkris/Documents/mila-human-wav-txt/20220826_070000.WAV	380	Waveform 1	1
HF	1396.1684333333333	55500.0	53760.00000000001	6.158642425226515	1396.1665	1396.1709	48671	59915	Pipistrellus pipistrellus	0.086	0.112	-1	Echolocation	192000	/home/adkris/Documents/mila-human-wav-txt/20220826_070000.WAV	381	Waveform 1	1
HF	1396.7908666666667	54000.0	53760.00000000001	3.1806538068468586	1396.7865	1396.7943	52109	58603	Pipistrellus pygmaeus	0.026	0.045	-1	Echolocation	192000	/home/adkris/Documents/mila-human-wav-txt/20220826_070000.WAV	382	Waveform 1	1
HF	1402.3401666666666	50250.0	49920.0	3.1714813771228307	1402.3375	1402.3435	33203	63415	Myotis brandtii	0.009	0.025	-1	Echolocation	192000	/home/adkris/Documents/mila-human-wav-txt/20220826_070000.WAV	383	Waveform 1	1
HF	1402.5839666666666	52500.0	52800.00000000001	4.017881551182553	1402.5815	1402.5877	46953	52880	Pipistrellus pipistrellus	0.048	0.055	-1	Echolocation	192000	/home/adkris/Documents/mila-human-wav-txt/20220826_070000.WAV	384	Waveform 1	1
HF	1406.248	53250.0	53760.00000000001	7.150080678553373	1406.2455	1406.2505	50390	58254	Pipistrellus pipistrellus	0.055	0.069	-1	Echolocation	192000	/home/adkris/Documents/mila-human-wav-txt/20220826_070000.WAV	385	Waveform 1	1
HF	1406.2944	52500.0	49920.0	3.52989029134297	1406.2915	1406.2961	49531	61244	Pipistrellus pipistrellus	0.075	0.088	-1	Echolocation	192000	/home/adkris/Documents/mila-human-wav-txt/20220826_070000.WAV	386	Waveform 1	1
HF	1406.8876333333333	49500.0	48960.0	4.377636950773789	1406.8835	1406.8892	33203	62991	Myotis brandtii	0.009	0.025	-1	Echolocation	192000	/home/adkris/Documents/mila-human-wav-txt/20220826_070000.WAV	387	Waveform 1	1
HF	1407.7937	51000.0	48000.0	3.0239210360498534	1407.7915	1407.7968	36640	68699	Myotis brandtii	0.01	0.029	-1	Echolocation	192000	/home/adkris/Documents/mila-human-wav-txt/20220826_070000.WAV	388	Waveform 1	1
HF	1426.494333333333	44250.0	45120.0	5.582083241384822	1426.4915	1426.4985	29765	51251	Myotis daubentonii	0.01	0.025	-1	Echolocation	192000	/home/adkris/Documents/mila-human-wav-txt/20220826_070000.WAV	389	Waveform 1	1
LF	1426.9402	42000.0	39360.0	6.87893410157395	1426.9355	1426.9418	29765	44644	Barbastellus barbastellus	0.007	0.025	-1	Echolocation	192000	/home/adkris/Documents/mila-human-wav-txt/20220826_070000.WAV	390	Waveform 1	1
LF	1427.5683	26250.0	40320.0	2.6568166432404268	1427.5675	1427.5742	27187	40031	Eptesicus serotinus	0.006	0.023	-1	Echolocation	192000	/home/adkris/Documents/mila-human-wav-txt/20220826_070000.WAV	391	Waveform 1	1
LF	1427.6674333333333	42750.0	44160.0	7.647546987508579	1427.6615	1427.6689	27187	42168	Eptesicus serotinus	0.007	0.022	-1	Echolocation	192000	/home/adkris/Documents/mila-human-wav-txt/20220826_070000.WAV	392	Waveform 1	1
HF	1438.0268	52500.0	52800.00000000001	2.08228791786468	1438.0245	1438.0297	50390	58477	Pipistrellus pipistrellus	0.064	0.073	-1	Echolocation	192000	/home/adkris/Documents/mila-human-wav-txt/20220826_070000.WAV	393	Waveform 1	1
HF	1443.935066666667	42750.0	43200.0	2.474204105611087	1443.9295	1443.9396	41796	46116	Pipistrellus nathusii	0.055	0.105	-1	Echolocation	192000	/home/adkris/Documents/mila-human-wav-txt/20220826_070000.WAV	394	Waveform 1	1
HF	1444.092133333333	42750.0	46080.0	2.117023210767837	1444.0905	1444.1022	40937	49429	Pipistrellus nathusii	0.018	0.027	-1	Echolocation	192000	/home/adkris/Documents/mila-human-wav-txt/20220826_070000.WAV	395	Waveform 1	1
HF	1445.0463666666667	40500.0	40320.0	3.5380421468112493	1445.0405	1445.0468	29765	46673	Myotis daubentonii	0.008	0.024	-1	Echolocation	192000	/home/adkris/Documents/mila-human-wav-txt/20220826_070000.WAV	396	Waveform 1	1
LF	1445.2456666666667	42000.0	39360.0	4.360813412190708	1445.2405	1445.2475	28906	41880	Myotis daubentonii	0.007	0.028	-1	Echolocation	192000	/home/adkris/Documents/mila-human-wav-txt/20220826_070000.WAV	397	Waveform 1	1
HF	1445.8137666666669	48750.0	48960.0	2.0100304217348315	1445.8115	1445.8179	50390	56650	Pipistrellus pipistrellus	0.015	0.025	-1	Echolocation	192000	/home/adkris/Documents/mila-human-wav-txt/20220826_070000.WAV	398	Waveform 1	1
HF	1445.9815333333331	56250.0	55679.99999999999	2.998942374598648	1445.9775	1445.9903	55546	64242	Pipistrellus pygmaeus	0.057	0.059	-1	Echolocation	192000	/home/adkris/Documents/mila-human-wav-txt/20220826_070000.WAV	399	Waveform 1	1
HF	1446.0046333333332	45750.0	45120.0	10.68050476174644	1446.0015	1446.0082	30625	55695	Myotis daubentonii	0.007	0.024	-1	Echolocation	192000	/home/adkris/Documents/mila-human-wav-txt/20220826_070000.WAV	400	Waveform 1	1
HF	1446.3675333333333	50250.0	48960.0	2.396863983126013	1446.3635	1446.3693	34921	70508	Myotis brandtii	0.015	0.05	-1	Echolocation	192000	/home/adkris/Documents/mila-human-wav-txt/20220826_070000.WAV	401	Waveform 1	1
HF	1446.3993333333333	52500.0	53760.00000000001	4.2712916678737	1446.3985	1446.404	51250	57478	Pipistrellus pipistrellus	0.015	0.026	-1	Echolocation	192000	/home/adkris/Documents/mila-human-wav-txt/20220826_070000.WAV	402	Waveform 1	1
HF	1446.4275666666667	57750.0	57600.0	3.047112192213083	1446.4225	1446.4296	55546	62864	Pipistrellus pygmaeus	0.024	0.026	-1	Echolocation	192000	/home/adkris/Documents/mila-human-wav-txt/20220826_070000.WAV	403	Waveform 1	1
HF	1446.5185	52500.0	53760.00000000001	6.62351659288892	1446.5155	1446.5235	53828	61809	Pipistrellus pygmaeus	0.049	0.051	-1	Echolocation	192000	/home/adkris/Documents/mila-human-wav-txt/20220826_070000.WAV	404	Waveform 1	1
HF	1447.3996333333334	53250.0	52800.00000000001	2.313791887140836	1447.3915	1447.4002	53828	59467	Pipistrellus pygmaeus	0.046	0.047	-1	Echolocation	192000	/home/adkris/Documents/mila-human-wav-txt/20220826_070000.WAV	405	Waveform 1	1
HF	1459.9759333333334	48750.0	48000.0	9.227555476930588	1459.9725	1459.9789	49531	57036	Pipistrellus pipistrellus	0.038	0.056	-1	Echolocation	192000	/home/adkris/Documents/mila-human-wav-txt/20220826_070000.WAV	406	Waveform 1	1
HF	1460.1574666666668	53250.0	53760.00000000001	5.613912306104592	1460.1555	1460.1622	53828	60466	Pipistrellus pygmaeus	0.094	0.099	-1	Echolocation	192000	/home/adkris/Documents/mila-human-wav-txt/20220826_070000.WAV	407	Waveform 1	1
HF	1460.430833333333	45000.0	45120.0	17.406981101438568	1460.4265	1460.432	29765	58680	Myotis brandtii	0.012	0.027	-1	Echolocation	192000	/home/adkris/Documents/mila-human-wav-txt/20220826_070000.WAV	408	Waveform 1	1
HF	1460.6155666666666	42000.0	42240.0	5.203542875706174	1460.6125	1460.6181	29765	45783	Myotis daubentonii	0.008	0.023	-1	Echolocation	192000	/home/adkris/Documents/mila-human-wav-txt/20220826_070000.WAV	409	Waveform 1	1
HF	1460.7076	47250.0	45120.0	16.009718997605006	1460.7025	1460.7084	30625	57417	Myotis brandtii	0.008	0.025	-1	Echolocation	192000	/home/adkris/Documents/mila-human-wav-txt/20220826_070000.WAV	410	Waveform 1	1
HF	1460.8922666666667	53250.0	52800.00000000001	3.324399480733221	1460.8905	1460.8974	52968	57634	Pipistrellus pygmaeus	0.029	0.033	-1	Echolocation	192000	/home/adkris/Documents/mila-human-wav-txt/20220826_070000.WAV	411	Waveform 1	1
HF	1461.2852	48000.0	48960.0	8.65456978807367	1461.2835	1461.2893	49531	56418	Pipistrellus pipistrellus	0.024	0.04	-1	Echolocation	192000	/home/adkris/Documents/mila-human-wav-txt/20220826_070000.WAV	412	Waveform 1	1
HF	1462.3519	51000.0	48960.0	2.75601427791488	1462.3505	1462.3566	50390	55812	Pipistrellus pipistrellus	0.021	0.029	-1	Echolocation	192000	/home/adkris/Documents/mila-human-wav-txt/20220826_070000.WAV	413	Waveform 1	1
HF	1462.7069666666666	41250.0	41280.0	3.813995391449466	1462.6985	1462.7127	40937	44530	Pipistrellus nathusii	0.091	0.098	-1	Echolocation	192000	/home/adkris/Documents/mila-human-wav-txt/20220826_070000.WAV	414	Waveform 1	1
LF	1462.8854333333334	20250.0	21120.0	11.38060129012409	1462.8845	1462.9004	19453	23984	Nyctalus noctula	0.043	0.075	-1	Echolocation	192000	/home/adkris/Documents/mila-human-wav-txt/20220826_070000.WAV	415	Waveform 1	1
HF	1463.5862666666667	42750.0	43200.0	3.611328505419929	1463.5845	1463.5914	29765	44925	Myotis daubentonii	0.011	0.027	-1	Echolocation	192000	/home/adkris/Documents/mila-human-wav-txt/20220826_070000.WAV	416	Waveform 1	1
HF	1464.0243666666668	47250.0	47040.0	2.4150244960594622	1464.0215	1464.0273	33203	81680	Myotis mystacinus	0.028	0.056	-1	Echolocation	192000	/home/adkris/Documents/mila-human-wav-txt/20220826_070000.WAV	417	Waveform 1	1
HF	1464.5157333333334	56250.0	54719.99999999999	4.194351488016953	1464.5095	1464.5166	55546	62005	Pipistrellus pygmaeus	0.03	0.035	-1	Echolocation	192000	/home/adkris/Documents/mila-human-wav-txt/20220826_070000.WAV	418	Waveform 1	1
HF	1464.7033666666666	55500.0	54719.99999999999	8.50983733494072	1464.6995	1464.7043	53828	64963	Pipistrellus pipistrellus	0.038	0.059	-1	Echolocation	192000	/home/adkris/Documents/mila-human-wav-txt/20220826_070000.WAV	419	Waveform 1	1
HF	1464.7798333333333	57000.0	55679.99999999999	10.72032648894401	1464.7755	1464.781	55546	63683	Pipistrellus pygmaeus	0.03	0.038	-1	Echolocation	192000	/home/adkris/Documents/mila-human-wav-txt/20220826_070000.WAV	420	Waveform 1	1
HF	1464.8705666666667	56250.0	56640.0	8.200620587730288	1464.8675	1464.8731	55546	66654	Pipistrellus pygmaeus	0.039	0.042	-1	Echolocation	192000	/home/adkris/Documents/mila-human-wav-txt/20220826_070000.WAV	421	Waveform 1	1
HF	1465.3065	56250.0	56640.0	17.439351148351378	1465.3025	1465.3095	56406	68407	Pipistrellus pygmaeus	0.037	0.044	-1	Echolocation	192000	/home/adkris/Documents/mila-human-wav-txt/20220826_070000.WAV	422	Waveform 1	1
HF	1465.3770333333334	71250.0	68160.0	2.869780966262174	1465.3725	1465.4128	68437	82014	Rhinolophus ferrumequinum	0.035	0.035	-1	Echolocation	192000	/home/adkris/Documents/mila-human-wav-txt/20220826_070000.WAV	423	Waveform 1	1
LF	1465.4865666666667	24750.0	24960.0	3.712229700820493	1465.4675	1465.4921	23750	28413	Nyctalus noctula	0.025	0.063	-1	Echolocation	192000	/home/adkris/Documents/mila-human-wav-txt/20220826_070000.WAV	424	Waveform 1	1
HF	1465.5244666666667	56250.0	55679.99999999999	18.16580454940804	1465.5205	1465.5252	54687	67956	Pipistrellus pipistrellus	0.036	0.065	-1	Echolocation	192000	/home/adkris/Documents/mila-human-wav-txt/20220826_070000.WAV	425	Waveform 1	1
HF	1465.5815666666667	60000.0	59520.0	14.23159092417663	1465.5785	1465.5841	56406	66938	Pipistrellus pygmaeus	0.057	0.092	-1	Echolocation	192000	/home/adkris/Documents/mila-human-wav-txt/20220826_070000.WAV	426	Waveform 1	1
HF	1465.7729333333334	58500.0	57600.0	15.98996957862452	1465.7695	1465.7759	54687	67131	Pipistrellus pipistrellus	0.044	0.078	-1	Echolocation	192000	/home/adkris/Documents/mila-human-wav-txt/20220826_070000.WAV	427	Waveform 1	1
HF	1466.1946666666668	53250.0	53760.00000000001	11.147746258793328	1466.1915	1466.197	32343	83231	Myotis mystacinus	0.018	0.046	-1	Echolocation	192000	/home/adkris/Documents/mila-human-wav-txt/20220826_070000.WAV	428	Waveform 1	1
HF	1466.4144666666666	57750.0	57600.0	5.254512366581396	1466.4095	1466.4167	57265	62885	Pipistrellus pygmaeus	0.03	0.033	-1	Echolocation	192000	/home/adkris/Documents/mila-human-wav-txt/20220826_070000.WAV	429	Waveform 1	1
HF	1466.6698666666666	54750.0	53760.00000000001	13.509926938829125	1466.6625	1466.6743	55546	61972	Pipistrellus pygmaeus	0.033	0.034	-1	Echolocation	192000	/home/adkris/Documents/mila-human-wav-txt/20220826_070000.WAV	430	Waveform 1	1
HF	1466.7499333333333	55500.0	55679.99999999999	4.429071860907596	1466.7445	1466.7559	55546	61532	Pipistrellus pygmaeus	0.024	0.026	-1	Echolocation	192000	/home/adkris/Documents/mila-human-wav-txt/20220826_070000.WAV	431	Waveform 1	1
LF	1467.8624666666667	24750.0	25920.0	3.857464489533038	1467.8555	1467.8712	24609	28634	Nyctalus leisleri	0.04	0.082	-1	Echolocation	192000	/home/adkris/Documents/mila-human-wav-txt/20220826_070000.WAV	432	Waveform 1	1
HF	1468.6336	53250.0	52800.00000000001	6.607295620407125	1468.6285	1468.6344	34921	62314	Myotis brandtii	0.007	0.023	-1	Echolocation	192000	/home/adkris/Documents/mila-human-wav-txt/20220826_070000.WAV	433	Waveform 1	1
HF	1468.9328	46500.0	48000.0	4.541334978354732	1468.9275	1468.9332	35781	60241	Myotis brandtii	0.007	0.023	-1	Echolocation	192000	/home/adkris/Documents/mila-human-wav-txt/20220826_070000.WAV	434	Waveform 1	1
HF	1480.9418	44250.0	44160.0	3.299318994429181	1480.9365	1480.9422	28906	50885	Myotis daubentonii	0.018	0.031	-1	Echolocation	192000	/home/adkris/Documents/mila-human-wav-txt/20220826_070000.WAV	435	Waveform 1	1
HF	1481.5628	48750.0	48960.0	6.980190313491478	1481.5605	1481.5657	32343	79344	Myotis mystacinus	0.03	0.077	-1	Echolocation	192000	/home/adkris/Documents/mila-human-wav-txt/20220826_070000.WAV	436	Waveform 1	1
HF	1481.6168333333333	46500.0	48960.0	8.93993259325001	1481.6125	1481.618	28906	56259	Myotis daubentonii	0.015	0.028	-1	Echolocation	192000	/home/adkris/Documents/mila-human-wav-txt/20220826_070000.WAV	437	Waveform 1	1
HF	1482.0752333333332	56250.0	56640.0	8.704865872446558	1482.0695	1482.0771	56406	62252	Pipistrellus pygmaeus	0.071	0.078	-1	Echolocation	192000	/home/adkris/Documents/mila-human-wav-txt/20220826_070000.WAV	438	Waveform 1	1
HF	1482.3264	54000.0	53760.00000000001	5.010148071878373	1482.3225	1482.3296	52109	59487	Pipistrellus pipistrellus	0.068	0.096	-1	Echolocation	192000	/home/adkris/Documents/mila-human-wav-txt/20220826_070000.WAV	439	Waveform 1	1
LF	1484.5442333333333	39000.0	38400.0	2.192946896704904	1484.5385	1484.5461	27187	40531	Eptesicus serotinus	0.007	0.025	-1	Echolocation	192000	/home/adkris/Documents/mila-human-wav-txt/20220826_070000.WAV	440	Waveform 1	1
HF	1488.8446	45750.0	43200.0	4.731853537105288	1488.8405	1488.8509	41796	47906	Pipistrellus nathusii	0.03	0.054	-1	Echolocation	192000	/home/adkris/Documents/mila-human-wav-txt/20220826_070000.WAV	441	Waveform 1	1
HF	1490.4223	41250.0	44160.0	3.337254153744537	1490.4125	1490.4242	40078	46899	Pipistrellus nathusii	0.063	0.077	-1	Echolocation	192000	/home/adkris/Documents/mila-human-wav-txt/20220826_070000.WAV	442	Waveform 1	1
HF	1490.6072333333334	44250.0	43200.0	5.030900686807488	1490.6055	1490.6171	39218	47569	Pipistrellus nathusii	0.098	0.116	-1	Echolocation	192000	/home/adkris/Documents/mila-human-wav-txt/20220826_070000.WAV	443	Waveform 1	1
HF	1491.3139	45750.0	41280.0	6.362180514293218	1491.3085	1491.3141	30625	58336	Myotis brandtii	0.015	0.03	-1	Echolocation	192000	/home/adkris/Documents/mila-human-wav-txt/20220826_070000.WAV	444	Waveform 1	1
HF	1492.3827333333334	48000.0	48960.0	13.6006120100124	1492.3785	1492.3841	48671	59807	Pipistrellus pipistrellus	0.035	0.066	-1	Echolocation	192000	/home/adkris/Documents/mila-human-wav-txt/20220826_070000.WAV	445	Waveform 1	1
HF	1492.4955	45000.0	39360.0	5.170518163338275	1492.4915	1492.4985	29765	44768	Myotis bechsteinii	0.006	0.028	-1	Echolocation	192000	/home/adkris/Documents/mila-human-wav-txt/20220826_070000.WAV	446	Waveform 1	1
HF	1492.6041	41250.0	41280.0	19.732123420747318	1492.5995	1492.6059	29765	48928	Myotis bechsteinii	0.006	0.025	-1	Echolocation	192000	/home/adkris/Documents/mila-human-wav-txt/20220826_070000.WAV	447	Waveform 1	1
LF	1492.7158	42000.0	41280.0	11.708966444353578	1492.7095	1492.7177	30625	43538	Myotis bechsteinii	0.005	0.024	-1	Echolocation	192000	/home/adkris/Documents/mila-human-wav-txt/20220826_070000.WAV	448	Waveform 1	1
LF	1493.028	42000.0	41280.0	15.728432068822167	1493.0235	1493.03	27187	41585	Myotis nattereri	0.005	0.024	-1	Echolocation	192000	/home/adkris/Documents/mila-human-wav-txt/20220826_070000.WAV	449	Waveform 1	1
HF	1493.2346	52500.0	51840.0	20.13105772231292	1493.2295	1493.2354	51250	59203	Pipistrellus pipistrellus	0.019	0.033	-1	Echolocation	192000	/home/adkris/Documents/mila-human-wav-txt/20220826_070000.WAV	450	Waveform 1	1
HF	1493.5683666666666	48000.0	43200.0	21.04001097901749	1493.5625	1493.5688	31484	53643	Myotis brandtii	0.008	0.025	-1	Echolocation	192000	/home/adkris/Documents/mila-human-wav-txt/20220826_070000.WAV	451	Waveform 1	1
HF	1493.7922333333331	48750.0	48000.0	12.60218866296382	1493.7885	1493.7946	49531	58484	Pipistrellus pipistrellus	0.029	0.05	-1	Echolocation	192000	/home/adkris/Documents/mila-human-wav-txt/20220826_070000.WAV	452	Waveform 1	1
HF	1494.1093666666666	49500.0	45120.0	17.475114941755624	1494.1065	1494.1123	29765	53715	Myotis daubentonii	0.009	0.029	-1	Echolocation	192000	/home/adkris/Documents/mila-human-wav-txt/20220826_070000.WAV	453	Waveform 1	1
HF	1494.5860333333333	59250.0	55679.99999999999	6.124068552340733	1494.5835	1494.5908	56406	65367	Pipistrellus pygmaeus	0.058	0.062	-1	Echolocation	192000	/home/adkris/Documents/mila-human-wav-txt/20220826_070000.WAV	454	Waveform 1	1
HF	1494.7147666666667	56250.0	58560.0	5.428774613577991	1494.7115	1494.7169	56406	66716	Pipistrellus pygmaeus	0.096	0.102	-1	Echolocation	192000	/home/adkris/Documents/mila-human-wav-txt/20220826_070000.WAV	455	Waveform 1	1
HF	1494.7753	39750.0	39360.0	3.982567718846336	1494.7705	1494.7767	29765	48505	Myotis daubentonii	0.019	0.035	-1	Echolocation	192000	/home/adkris/Documents/mila-human-wav-txt/20220826_070000.WAV	456	Waveform 1	1
HF	1494.7871	59250.0	58560.0	7.722336614224584	1494.7835	1494.7909	58125	65690	Pipistrellus pygmaeus	0.036	0.038	-1	Echolocation	192000	/home/adkris/Documents/mila-human-wav-txt/20220826_070000.WAV	457	Waveform 1	1
HF	1495.2837	39000.0	40320.0	2.53703972997704	1495.2795	1495.2863	29765	48184	Myotis daubentonii	0.014	0.032	-1	Echolocation	192000	/home/adkris/Documents/mila-human-wav-txt/20220826_070000.WAV	458	Waveform 1	1
HF	1495.776933333333	56250.0	57600.0	3.589606289397333	1495.7715	1495.7794	58125	64416	Pipistrellus pygmaeus	0.027	0.028	-1	Echolocation	192000	/home/adkris/Documents/mila-human-wav-txt/20220826_070000.WAV	459	Waveform 1	1
HF	1499.6631	45750.0	45120.0	4.210122824822758	1499.6585	1499.6649	39218	48017	Myotis daubentonii	0.042	0.118	-1	Echolocation	192000	/home/adkris/Documents/mila-human-wav-txt/20220826_070000.WAV	460	Waveform 1	1
HF	1500.1752	46500.0	46080.0	9.211375876135843	1500.1705	1500.1768	48671	55080	Pipistrellus pipistrellus	0.013	0.025	-1	Echolocation	192000	/home/adkris/Documents/mila-human-wav-txt/20220826_070000.WAV	461	Waveform 1	1
HF	1500.29	46500.0	46080.0	6.663563002397397	1500.2845	1500.29	29765	64306	Myotis daubentonii	0.03	0.06	-1	Echolocation	192000	/home/adkris/Documents/mila-human-wav-txt/20220826_070000.WAV	462	Waveform 1	1
HF	1500.6119666666666	46500.0	46080.0	4.634426467811809	1500.6095	1500.6157	46953	53193	Pipistrellus pipistrellus	0.016	0.028	-1	Echolocation	192000	/home/adkris/Documents/mila-human-wav-txt/20220826_070000.WAV	463	Waveform 1	1
LF	1500.9564666666668	46500.0	44160.0	9.290335041310454	1500.9505	1500.9567	26328	42979	Myotis nattereri	0.006	0.022	-1	Echolocation	192000	/home/adkris/Documents/mila-human-wav-txt/20220826_070000.WAV	464	Waveform 1	1
HF	1501.0584	45000.0	41280.0	10.84553806452002	1501.0535	1501.0596	29765	49014	Myotis bechsteinii	0.005	0.023	-1	Echolocation	192000	/home/adkris/Documents/mila-human-wav-txt/20220826_070000.WAV	465	Waveform 1	1
HF	1501.3439	45000.0	47040.0	13.369769764906849	1501.3395	1501.3461	46953	55830	Pipistrellus pipistrellus	0.012	0.026	-1	Echolocation	192000	/home/adkris/Documents/mila-human-wav-txt/20220826_070000.WAV	466	Waveform 1	1
HF	1501.7768333333331	48750.0	47040.0	13.061130067509184	1501.7735	1501.78	47812	53753	Pipistrellus pipistrellus	0.013	0.023	-1	Echolocation	192000	/home/adkris/Documents/mila-human-wav-txt/20220826_070000.WAV	467	Waveform 1	1
HF	1502.4246	48000.0	48000.0	13.547521508996576	1502.4195	1502.4254	49531	54439	Pipistrellus pipistrellus	0.035	0.057	-1	Echolocation	192000	/home/adkris/Documents/mila-human-wav-txt/20220826_070000.WAV	468	Waveform 1	1
HF	1502.533766666667	45000.0	41280.0	13.383766640653816	1502.5315	1502.5379	28906	50972	Myotis daubentonii	0.011	0.022	-1	Echolocation	192000	/home/adkris/Documents/mila-human-wav-txt/20220826_070000.WAV	469	Waveform 1	1
HF	1511.9768666666666	48000.0	47040.0	4.852657315352787	1511.9715	1511.9783	28906	47591	Myotis daubentonii	0.006	0.023	-1	Echolocation	192000	/home/adkris/Documents/mila-human-wav-txt/20220826_070000.WAV	470	Waveform 1	1
HF	1512.0678	57000.0	47040.0	9.727224348209496	1512.0655	1512.0707	34062	73928	Myotis mystacinus	0.014	0.033	-1	Echolocation	192000	/home/adkris/Documents/mila-human-wav-txt/20220826_070000.WAV	471	Waveform 1	1
HF	1521.5456666666666	48750.0	48960.0	10.982848078197042	1521.5425	1521.548	33203	71601	Myotis brandtii	0.008	0.026	-1	Echolocation	192000	/home/adkris/Documents/mila-human-wav-txt/20220826_070000.WAV	472	Waveform 1	1
HF	1531.6237333333331	49500.0	48960.0	8.18819464038749	1531.6195	1531.6251	34921	63082	Myotis mystacinus	0.008	0.026	-1	Echolocation	192000	/home/adkris/Documents/mila-human-wav-txt/20220826_070000.WAV	473	Waveform 1	1
HF	1531.7203333333334	47250.0	48960.0	3.158669345677331	1531.7175	1531.7245	47812	56000	Pipistrellus pipistrellus	0.068	0.073	-1	Echolocation	192000	/home/adkris/Documents/mila-human-wav-txt/20220826_070000.WAV	474	Waveform 1	1
HF	1540.752433333333	46500.0	46080.0	3.656027192705525	1540.7505	1540.7549	42656	61565	Myotis nattereri	0.027	0.073	-1	Echolocation	192000	/home/adkris/Documents/mila-human-wav-txt/20220826_070000.WAV	475	Waveform 1	1
HF	1551.9080666666666	47250.0	47040.0	7.013007456280246	1551.9045	1551.9096	34921	62319	Myotis bechsteinii	0.009	0.026	-1	Echolocation	192000	/home/adkris/Documents/mila-human-wav-txt/20220826_070000.WAV	476	Waveform 1	1
HF	1551.9862333333333	54750.0	52800.00000000001	5.45965211312608	1551.9815	1551.9866	37500	59966	Myotis bechsteinii	0.013	0.035	-1	Echolocation	192000	/home/adkris/Documents/mila-human-wav-txt/20220826_070000.WAV	477	Waveform 1	1
HF	1558.1417	53250.0	53760.00000000001	8.257717884768237	1558.1365	1558.1423	54687	63841	Pipistrellus pipistrellus	0.013	0.028	-1	Echolocation	192000	/home/adkris/Documents/mila-human-wav-txt/20220826_070000.WAV	478	Waveform 1	1
HF	1558.2487666666666	52500.0	49920.0	6.065447056369225	1558.2455	1558.2509	34921	65034	Myotis mystacinus	0.009	0.029	-1	Echolocation	192000	/home/adkris/Documents/mila-human-wav-txt/20220826_070000.WAV	479	Waveform 1	1
HF	1567.2975333333334	50250.0	49920.0	3.355100030258039	1567.2945	1567.3013	48671	53114	Pipistrellus pipistrellus	0.029	0.031	-1	Echolocation	192000	/home/adkris/Documents/mila-human-wav-txt/20220826_070000.WAV	480	Waveform 1	1
HF	1583.2339	48000.0	48000.0	2.2807341860581194	1583.2305	1583.2381	47812	57088	Pipistrellus pipistrellus	0.037	0.044	-1	Echolocation	192000	/home/adkris/Documents/mila-human-wav-txt/20220826_070000.WAV	481	Waveform 1	1
HF	1583.8223	41250.0	41280.0	3.916555207480732	1583.8165	1583.8287	39218	43683	Pipistrellus nathusii	0.098	0.112	-1	Echolocation	192000	/home/adkris/Documents/mila-human-wav-txt/20220826_070000.WAV	482	Waveform 1	1
HF	1584.7077	42000.0	45120.0	9.609386145272538	1584.7025	1584.7083	30625	54826	Myotis brandtii	0.012	0.038	-1	Echolocation	192000	/home/adkris/Documents/mila-human-wav-txt/20220826_070000.WAV	483	Waveform 1	1
HF	1584.8134666666667	47250.0	46080.0	7.186069153813167	1584.8075	1584.8137	30625	47287	Myotis bechsteinii	0.005	0.025	-1	Echolocation	192000	/home/adkris/Documents/mila-human-wav-txt/20220826_070000.WAV	484	Waveform 1	1
HF	1585.0143666666668	43500.0	43200.0	11.29969998708874	1585.0085	1585.0148	30625	53771	Myotis bechsteinii	0.012	0.03	-1	Echolocation	192000	/home/adkris/Documents/mila-human-wav-txt/20220826_070000.WAV	485	Waveform 1	1
LF	1585.2569	43500.0	43200.0	5.645199709185543	1585.2555	1585.2616	30625	44111	Myotis brandtii	0.009	0.025	-1	Echolocation	192000	/home/adkris/Documents/mila-human-wav-txt/20220826_070000.WAV	486	Waveform 1	1
HF	1585.3445	51750.0	52800.00000000001	4.9075017176374125	1585.3415	1585.3495	52968	57501	Pipistrellus pygmaeus	0.032	0.036	-1	Echolocation	192000	/home/adkris/Documents/mila-human-wav-txt/20220826_070000.WAV	487	Waveform 1	1
HF	1585.6217	45000.0	41280.0	17.79466199089384	1585.6155	1585.6238	31484	51481	Myotis bechsteinii	0.012	0.028	-1	Echolocation	192000	/home/adkris/Documents/mila-human-wav-txt/20220826_070000.WAV	488	Waveform 1	1
HF	1585.8289666666667	41250.0	41280.0	13.320047229946898	1585.8235	1585.8302	30625	50666	Myotis brandtii	0.008	0.024	-1	Echolocation	192000	/home/adkris/Documents/mila-human-wav-txt/20220826_070000.WAV	489	Waveform 1	1
HF	1587.149	42000.0	41280.0	9.620731501924784	1587.1455	1587.153	29765	47091	Myotis daubentonii	0.004	0.023	-1	Echolocation	192000	/home/adkris/Documents/mila-human-wav-txt/20220826_070000.WAV	490	Waveform 1	1
HF	1587.5472	42750.0	42240.0	5.64579150843934	1587.5425	1587.5488	28906	50152	Myotis daubentonii	0.012	0.026	-1	Echolocation	192000	/home/adkris/Documents/mila-human-wav-txt/20220826_070000.WAV	491	Waveform 1	1
HF	1597.7648	48750.0	48960.0	2.2425932682031933	1597.7605	1597.7672	47812	56385	Pipistrellus pipistrellus	0.031	0.034	-1	Echolocation	192000	/home/adkris/Documents/mila-human-wav-txt/20220826_070000.WAV	492	Waveform 1	1
HF	1597.9228	51000.0	48960.0	5.838696602814925	1597.9205	1597.9257	34062	74000	Myotis brandtii	0.014	0.035	-1	Echolocation	192000	/home/adkris/Documents/mila-human-wav-txt/20220826_070000.WAV	493	Waveform 1	1
LF	1602.6648666666667	42750.0	42240.0	7.841098366341397	1602.6595	1602.6663	28906	45135	Myotis daubentonii	0.005	0.023	-1	Echolocation	192000	/home/adkris/Documents/mila-human-wav-txt/20220826_070000.WAV	494	Waveform 1	1
HF	1603.3572666666666	45000.0	46080.0	6.992297510024424	1603.3545	1603.3604	46093	55572	Pipistrellus pipistrellus	0.007	0.022	-1	Echolocation	192000	/home/adkris/Documents/mila-human-wav-txt/20220826_070000.WAV	495	Waveform 1	1
HF	1605.752966666667	45750.0	41280.0	2.658798253194357	1605.7475	1605.7542	31484	45054	Myotis daubentonii	0.009	0.024	-1	Echolocation	192000	/home/adkris/Documents/mila-human-wav-txt/20220826_070000.WAV	496	Waveform 1	1
HF	1612.9817	39750.0	40320.0	2.326128676041087	1612.9715	1612.9828	37500	42964	Pipistrellus nathusii	0.077	0.091	-1	Echolocation	192000	/home/adkris/Documents/mila-human-wav-txt/20220826_070000.WAV	497	Waveform 1	1
HF	1614.4256666666668	44250.0	40320.0	4.214614846165162	1614.4205	1614.4275	30625	50611	Myotis brandtii	0.006	0.023	-1	Echolocation	192000	/home/adkris/Documents/mila-human-wav-txt/20220826_070000.WAV	498	Waveform 1	1
HF	1614.5275333333334	45000.0	42240.0	9.871467328053525	1614.5245	1614.5313	30625	53219	Myotis brandtii	0.011	0.028	-1	Echolocation	192000	/home/adkris/Documents/mila-human-wav-txt/20220826_070000.WAV	499	Waveform 1	1
HF	1614.8113666666666	47250.0	43200.0	9.586552352727498	1614.8065	1614.8138	32343	58672	Myotis bechsteinii	0.009	0.026	-1	Echolocation	192000	/home/adkris/Documents/mila-human-wav-txt/20220826_070000.WAV	500	Waveform 1	1
HF	1614.9181333333331	44250.0	43200.0	10.248866429472468	1614.9115	1614.9182	30625	55382	Myotis brandtii	0.009	0.026	-1	Echolocation	192000	/home/adkris/Documents/mila-human-wav-txt/20220826_070000.WAV	501	Waveform 1	1
HF	1615.0248666666666	42000.0	44160.0	16.458486800006845	1615.0195	1615.0263	31484	54767	Myotis brandtii	0.008	0.023	-1	Echolocation	192000	/home/adkris/Documents/mila-human-wav-txt/20220826_070000.WAV	502	Waveform 1	1
HF	1615.2311333333332	54750.0	50880.0	5.329595573629068	1615.2305	1615.2362	52109	58087	Pipistrellus pygmaeus	0.023	0.031	-1	Echolocation	192000	/home/adkris/Documents/mila-human-wav-txt/20220826_070000.WAV	503	Waveform 1	1
HF	1615.4037666666666	53250.0	53760.00000000001	5.305225579733247	1615.4015	1615.4079	52968	59131	Pipistrellus pygmaeus	0.033	0.036	-1	Echolocation	192000	/home/adkris/Documents/mila-human-wav-txt/20220826_070000.WAV	504	Waveform 1	1
HF	1615.5014	55500.0	52800.00000000001	3.402483728908748	1615.5005	1615.5071	52968	59945	Pipistrellus pygmaeus	0.022	0.026	-1	Echolocation	192000	/home/adkris/Documents/mila-human-wav-txt/20220826_070000.WAV	505	Waveform 1	1
HF	1615.6096	52500.0	52800.00000000001	3.5502846501605045	1615.6025	1615.6099	52968	60009	Pipistrellus pygmaeus	0.032	0.034	-1	Echolocation	192000	/home/adkris/Documents/mila-human-wav-txt/20220826_070000.WAV	506	Waveform 1	1
HF	1615.705866666667	42750.0	42240.0	17.082234420759622	1615.7035	1615.7098	30625	55828	Myotis bechsteinii	0.009	0.026	-1	Echolocation	192000	/home/adkris/Documents/mila-human-wav-txt/20220826_070000.WAV	507	Waveform 1	1
HF	1615.7959	45750.0	43200.0	10.362607155251366	1615.7905	1615.7961	31484	51685	Myotis brandtii	0.01	0.027	-1	Echolocation	192000	/home/adkris/Documents/mila-human-wav-txt/20220826_070000.WAV	508	Waveform 1	1
HF	1615.881	46500.0	47040.0	5.442798817050452	1615.8795	1615.8855	33203	53465	Myotis brandtii	0.011	0.029	-1	Echolocation	192000	/home/adkris/Documents/mila-human-wav-txt/20220826_070000.WAV	509	Waveform 1	1
HF	1616.0081666666667	52500.0	53760.00000000001	3.150331848240832	1616.0015	1616.0105	52968	60103	Pipistrellus pygmaeus	0.041	0.051	-1	Echolocation	192000	/home/adkris/Documents/mila-human-wav-txt/20220826_070000.WAV	510	Waveform 1	1
HF	1616.0956	46500.0	43200.0	15.84552665076151	1616.0905	1616.0964	30625	51604	Myotis bechsteinii	0.008	0.028	-1	Echolocation	192000	/home/adkris/Documents/mila-human-wav-txt/20220826_070000.WAV	511	Waveform 1	1
HF	1616.1899	45750.0	45120.0	17.31115936441508	1616.1855	1616.1921	31484	56399	Myotis bechsteinii	0.009	0.027	-1	Echolocation	192000	/home/adkris/Documents/mila-human-wav-txt/20220826_070000.WAV	512	Waveform 1	1
HF	1616.3697	56250.0	56640.0	3.439856915382398	1616.3665	1616.3743	54687	61528	Pipistrellus pygmaeus	0.055	0.056	-1	Echolocation	192000	/home/adkris/Documents/mila-human-wav-txt/20220826_070000.WAV	513	Waveform 1	1
HF	1616.6540333333332	44250.0	44160.0	12.775219839213586	1616.6495	1616.6548	31484	59501	Myotis brandtii	0.011	0.026	-1	Echolocation	192000	/home/adkris/Documents/mila-human-wav-txt/20220826_070000.WAV	514	Waveform 1	1
HF	1616.7339333333334	54000.0	52800.00000000001	4.995190460365126	1616.7315	1616.7389	53828	59937	Pipistrellus pygmaeus	0.055	0.059	-1	Echolocation	192000	/home/adkris/Documents/mila-human-wav-txt/20220826_070000.WAV	515	Waveform 1	1
HF	1617.0019333333332	41250.0	46080.0	19.578153116310176	1616.9955	1617.0024	30625	53658	Myotis bechsteinii	0.009	0.027	-1	Echolocation	192000	/home/adkris/Documents/mila-human-wav-txt/20220826_070000.WAV	516	Waveform 1	1
HF	1617.2481666666667	47250.0	45120.0	16.153918095854834	1617.2425	1617.249	32343	53984	Myotis brandtii	0.008	0.023	-1	Echolocation	192000	/home/adkris/Documents/mila-human-wav-txt/20220826_070000.WAV	517	Waveform 1	1
HF	1629.1013666666668	45000.0	45120.0	2.8776424448201583	1629.0955	1629.1018	31484	45242	Barbastellus barbastellus	0.009	0.027	-1	Echolocation	192000	/home/adkris/Documents/mila-human-wav-txt/20220826_070000.WAV	518	Waveform 1	1
HF	1630.0285	42000.0	43200.0	13.018198309198246	1630.0235	1630.0295	30625	52121	Myotis brandtii	0.008	0.023	-1	Echolocation	192000	/home/adkris/Documents/mila-human-wav-txt/20220826_070000.WAV	519	Waveform 1	1
HF	1630.1218666666666	47250.0	48000.0	9.00210197018087	1630.1195	1630.1258	47812	56891	Pipistrellus pipistrellus	0.013	0.026	-1	Echolocation	192000	/home/adkris/Documents/mila-human-wav-txt/20220826_070000.WAV	520	Waveform 1	1
HF	1630.3072666666667	41250.0	43200.0	15.493044554294482	1630.3015	1630.3079	30625	56784	Myotis brandtii	0.009	0.024	-1	Echolocation	192000	/home/adkris/Documents/mila-human-wav-txt/20220826_070000.WAV	521	Waveform 1	1
HF	1630.5062	47250.0	42240.0	10.437086120066182	1630.5015	1630.5078	31484	54058	Myotis brandtii	0.009	0.023	-1	Echolocation	192000	/home/adkris/Documents/mila-human-wav-txt/20220826_070000.WAV	522	Waveform 1	1
HF	1630.7077	45750.0	45120.0	11.877140340959157	1630.7035	1630.7103	30625	58695	Myotis bechsteinii	0.015	0.033	-1	Echolocation	192000	/home/adkris/Documents/mila-human-wav-txt/20220826_070000.WAV	523	Waveform 1	1
HF	1630.8057	48000.0	48000.0	9.098933270774497	1630.8045	1630.8108	48671	55571	Pipistrellus pipistrellus	0.016	0.028	-1	Echolocation	192000	/home/adkris/Documents/mila-human-wav-txt/20220826_070000.WAV	524	Waveform 1	1
HF	1630.9042	53250.0	54719.99999999999	2.091210732556525	1630.9035	1630.9103	52968	61785	Pipistrellus pygmaeus	0.037	0.039	-1	Echolocation	192000	/home/adkris/Documents/mila-human-wav-txt/20220826_070000.WAV	525	Waveform 1	1
HF	1631.0075333333334	49500.0	48000.0	7.0966105580492975	1631.0065	1631.0118	49531	57437	Pipistrellus pygmaeus	0.025	0.039	-1	Echolocation	192000	/home/adkris/Documents/mila-human-wav-txt/20220826_070000.WAV	526	Waveform 1	1
HF	1631.1095666666668	51000.0	49920.0	9.0151506897765	1631.1045	1631.1116	51250	56394	Pipistrellus pygmaeus	0.02	0.031	-1	Echolocation	192000	/home/adkris/Documents/mila-human-wav-txt/20220826_070000.WAV	527	Waveform 1	1
HF	1631.3146666666669	48000.0	48000.0	7.740823632208241	1631.3095	1631.3165	47812	55094	Pipistrellus pipistrellus	0.017	0.03	-1	Echolocation	192000	/home/adkris/Documents/mila-human-wav-txt/20220826_070000.WAV	528	Waveform 1	1
HF	1631.4139333333333	54000.0	53760.00000000001	6.490038133330849	1631.4115	1631.4189	52968	58479	Pipistrellus pygmaeus	0.032	0.033	-1	Echolocation	192000	/home/adkris/Documents/mila-human-wav-txt/20220826_070000.WAV	529	Waveform 1	1
HF	1631.6225333333334	48750.0	48000.0	5.374628523112934	1631.6195	1631.6263	48671	55880	Pipistrellus pipistrellus	0.016	0.025	-1	Echolocation	192000	/home/adkris/Documents/mila-human-wav-txt/20220826_070000.WAV	530	Waveform 1	1
HF	1631.7105666666666	52500.0	51840.0	5.252466298675824	1631.7095	1631.7171	52109	60112	Pipistrellus pygmaeus	0.033	0.037	-1	Echolocation	192000	/home/adkris/Documents/mila-human-wav-txt/20220826_070000.WAV	531	Waveform 1	1
HF	1631.8004	48750.0	45120.0	10.390235901729575	1631.7955	1631.8016	31484	51730	Myotis brandtii	0.008	0.021	-1	Echolocation	192000	/home/adkris/Documents/mila-human-wav-txt/20220826_070000.WAV	532	Waveform 1	1
HF	1631.9016	42750.0	43200.0	17.177241791187505	1631.8945	1631.9019	30625	49251	Myotis bechsteinii	0.009	0.027	-1	Echolocation	192000	/home/adkris/Documents/mila-human-wav-txt/20220826_070000.WAV	533	Waveform 1	1
HF	1632.0553666666667	49500.0	48000.0	10.835084672045072	1632.0525	1632.0583	49531	58619	Pipistrellus pipistrellus	0.024	0.04	-1	Echolocation	192000	/home/adkris/Documents/mila-human-wav-txt/20220826_070000.WAV	534	Waveform 1	1
HF	1632.3783	50250.0	48960.0	10.63624741764838	1632.3715	1632.3792	50390	55794	Pipistrellus pipistrellus	0.016	0.028	-1	Echolocation	192000	/home/adkris/Documents/mila-human-wav-txt/20220826_070000.WAV	535	Waveform 1	1
HF	1633.0331	45750.0	45120.0	12.207448628376556	1633.0315	1633.0374	30625	64741	Myotis brandtii	0.016	0.033	-1	Echolocation	192000	/home/adkris/Documents/mila-human-wav-txt/20220826_070000.WAV	536	Waveform 1	1
LF	1634.2532666666666	42750.0	40320.0	5.13989457899521	1634.2475	1634.2539	28046	42682	Eptesicus serotinus	0.005	0.021	-1	Echolocation	192000	/home/adkris/Documents/mila-human-wav-txt/20220826_070000.WAV	537	Waveform 1	1
HF	1637.1250333333332	41250.0	40320.0	4.570529814006109	1637.1185	1637.1253	29765	52392	Myotis daubentonii	0.007	0.023	-1	Echolocation	192000	/home/adkris/Documents/mila-human-wav-txt/20220826_070000.WAV	538	Waveform 1	1
LF	1649.4769333333334	40500.0	40320.0	2.4192133250765364	1649.4705	1649.4774	27187	40020	Eptesicus serotinus	0.008	0.027	-1	Echolocation	192000	/home/adkris/Documents/mila-human-wav-txt/20220826_070000.WAV	539	Waveform 1	1
HF	1654.216	49500.0	48960.0	2.0845602662414846	1654.2145	1654.2205	47812	53394	Pipistrellus pipistrellus	0.063	0.066	-1	Echolocation	192000	/home/adkris/Documents/mila-human-wav-txt/20220826_070000.WAV	540	Waveform 1	1
HF	1671.9701666666667	49500.0	48960.0	2.8249430183045847	1671.9665	1671.9715	36640	64068	Myotis bechsteinii	0.009	0.031	-1	Echolocation	192000	/home/adkris/Documents/mila-human-wav-txt/20220826_070000.WAV	541	Waveform 1	1
HF	1683.7179333333331	45000.0	45120.0	2.025826048035644	1683.7155	1683.7229	44375	48145	Pipistrellus pipistrellus	0.026	0.029	-1	Echolocation	192000	/home/adkris/Documents/mila-human-wav-txt/20220826_070000.WAV	542	Waveform 1	1
HF	1691.6887	43500.0	45120.0	3.94789286027649	1691.6855	1691.6968	41796	46245	Pipistrellus nathusii	0.041	0.052	-1	Echolocation	192000	/home/adkris/Documents/mila-human-wav-txt/20220826_070000.WAV	543	Waveform 1	1
HF	1691.9007333333334	40500.0	40320.0	2.437144610936281	1691.8945	1691.9051	39218	44080	Pipistrellus nathusii	0.061	0.075	-1	Echolocation	192000	/home/adkris/Documents/mila-human-wav-txt/20220826_070000.WAV	544	Waveform 1	1
HF	1692.4599333333333	43500.0	45120.0	4.418865799324277	1692.4575	1692.4719	41796	46515	Pipistrellus nathusii	0.083	0.093	-1	Echolocation	192000	/home/adkris/Documents/mila-human-wav-txt/20220826_070000.WAV	545	Waveform 1	1
HF	1692.6765666666668	41250.0	41280.0	5.968163581923065	1692.6715	1692.6821	40078	45689	Pipistrellus nathusii	0.059	0.075	-1	Echolocation	192000	/home/adkris/Documents/mila-human-wav-txt/20220826_070000.WAV	546	Waveform 1	1
HF	1693.0051	49500.0	48000.0	2.0794476059941966	1693.0045	1693.0114	47812	61732	Pipistrellus pipistrellus	0.02	0.031	-1	Echolocation	192000	/home/adkris/Documents/mila-human-wav-txt/20220826_070000.WAV	547	Waveform 1	1
HF	1693.2124666666666	47250.0	47040.0	11.72875694140962	1693.2065	1693.2127	35781	62539	Myotis brandtii	0.009	0.025	-1	Echolocation	192000	/home/adkris/Documents/mila-human-wav-txt/20220826_070000.WAV	548	Waveform 1	1
HF	1693.4386	46500.0	46080.0	5.841377458671182	1693.4335	1693.4394	31484	57401	Myotis brandtii	0.011	0.025	-1	Echolocation	192000	/home/adkris/Documents/mila-human-wav-txt/20220826_070000.WAV	549	Waveform 1	1
HF	1693.5185666666666	41250.0	42240.0	2.0005005493754555	1693.5165	1693.5266	39218	43367	Pipistrellus nathusii	0.074	0.082	-1	Echolocation	192000	/home/adkris/Documents/mila-human-wav-txt/20220826_070000.WAV	550	Waveform 1	1
HF	1694.0203	45000.0	45120.0	13.779599644708576	1694.0155	1694.0217	30625	56388	Myotis brandtii	0.016	0.036	-1	Echolocation	192000	/home/adkris/Documents/mila-human-wav-txt/20220826_070000.WAV	551	Waveform 1	1
HF	1694.2211	52500.0	52800.00000000001	9.20376797314011	1694.2185	1694.2269	52109	55595	Pipistrellus pygmaeus	0.057	0.066	-1	Echolocation	192000	/home/adkris/Documents/mila-human-wav-txt/20220826_070000.WAV	552	Waveform 1	1
HF	1694.3289666666667	45000.0	42240.0	5.970084867225961	1694.3235	1694.3302	31484	48047	Myotis brandtii	0.01	0.027	-1	Echolocation	192000	/home/adkris/Documents/mila-human-wav-txt/20220826_070000.WAV	553	Waveform 1	1
HF	1694.4264666666666	55500.0	53760.00000000001	3.053768027172929	1694.4235	1694.4327	55546	60905	Pipistrellus pygmaeus	0.036	0.037	-1	Echolocation	192000	/home/adkris/Documents/mila-human-wav-txt/20220826_070000.WAV	554	Waveform 1	1
LF	1694.5478333333333	41250.0	41280.0	3.642638351911928	1694.5435	1694.549	29765	40978	Myotis daubentonii	0.01	0.03	-1	Echolocation	192000	/home/adkris/Documents/mila-human-wav-txt/20220826_070000.WAV	555	Waveform 1	1
HF	1694.635	54000.0	53760.00000000001	7.907911720379542	1694.6345	1694.6415	53828	58862	Pipistrellus pygmaeus	0.102	0.105	-1	Echolocation	192000	/home/adkris/Documents/mila-human-wav-txt/20220826_070000.WAV	556	Waveform 1	1
HF	1694.929933333333	52500.0	52800.00000000001	8.326823087272912	1694.9275	1694.9349	52968	58930	Pipistrellus pygmaeus	0.054	0.06	-1	Echolocation	192000	/home/adkris/Documents/mila-human-wav-txt/20220826_070000.WAV	557	Waveform 1	1
HF	1695.0357	45000.0	45120.0	13.965962844822752	1695.0305	1695.0363	30625	57780	Myotis brandtii	0.012	0.028	-1	Echolocation	192000	/home/adkris/Documents/mila-human-wav-txt/20220826_070000.WAV	558	Waveform 1	1
HF	1695.4859666666666	47250.0	48960.0	11.77436515843544	1695.4805	1695.4872	48671	57281	Pipistrellus pipistrellus	0.027	0.046	-1	Echolocation	192000	/home/adkris/Documents/mila-human-wav-txt/20220826_070000.WAV	559	Waveform 1	1
HF	1695.7215666666666	48000.0	48960.0	12.684288957579785	1695.7165	1695.7236	49531	55023	Pipistrellus pipistrellus	0.025	0.038	-1	Echolocation	192000	/home/adkris/Documents/mila-human-wav-txt/20220826_070000.WAV	560	Waveform 1	1
HF	1695.8296	44250.0	44160.0	3.306663088673088	1695.8245	1695.8304	29765	51808	Myotis brandtii	0.008	0.03	-1	Echolocation	192000	/home/adkris/Documents/mila-human-wav-txt/20220826_070000.WAV	561	Waveform 1	1
HF	1696.2645333333332	41250.0	40320.0	4.595162602002329	1696.2615	1696.2683	28906	48659	Myotis daubentonii	0.006	0.021	-1	Echolocation	192000	/home/adkris/Documents/mila-human-wav-txt/20220826_070000.WAV	562	Waveform 1	1
HF	1696.4954666666667	45000.0	44160.0	4.519387164657297	1696.4895	1696.4992	40078	46225	Pipistrellus nathusii	0.037	0.057	-1	Echolocation	192000	/home/adkris/Documents/mila-human-wav-txt/20220826_070000.WAV	563	Waveform 1	1
HF	1696.8919	40500.0	40320.0	4.445620354801912	1696.8845	1696.8986	39218	43927	Pipistrellus nathusii	0.09	0.099	-1	Echolocation	192000	/home/adkris/Documents/mila-human-wav-txt/20220826_070000.WAV	564	Waveform 1	1
HF	1703.737033333333	43500.0	44160.0	6.5785216000321896	1703.7335	1703.7398	37500	50813	Myotis brandtii	0.025	0.077	-1	Echolocation	192000	/home/adkris/Documents/mila-human-wav-txt/20220826_070000.WAV	565	Waveform 1	1
LF	1704.2120333333332	27750.0	46080.0	3.277333366931508	1704.2115	1704.2173	27187	43119	Plecotus auritus	0.007	0.027	-1	Echolocation	192000	/home/adkris/Documents/mila-human-wav-txt/20220826_070000.WAV	566	Waveform 1	1
HF	1704.3460333333333	44250.0	45120.0	3.0948578885499827	1704.3395	1704.3463	32343	47999	Myotis brandtii	0.009	0.024	-1	Echolocation	192000	/home/adkris/Documents/mila-human-wav-txt/20220826_070000.WAV	567	Waveform 1	1
HF	1704.633466666667	50250.0	47040.0	8.097788990009851	1704.6275	1704.6337	31484	53081	Myotis brandtii	0.011	0.025	-1	Echolocation	192000	/home/adkris/Documents/mila-human-wav-txt/20220826_070000.WAV	568	Waveform 1	1
HF	1705.0696	48000.0	48000.0	18.40616025369692	1705.0685	1705.0749	46953	55939	Pipistrellus pipistrellus	0.04	0.059	-1	Echolocation	192000	/home/adkris/Documents/mila-human-wav-txt/20220826_070000.WAV	569	Waveform 1	1
HF	1705.366	45000.0	45120.0	5.238522030308337	1705.3645	1705.3705	29765	51125	Barbastellus barbastellus	0.01	0.039	-1	Echolocation	192000	/home/adkris/Documents/mila-human-wav-txt/20220826_070000.WAV	570	Waveform 1	1
HF	1705.598	44250.0	44160.0	13.85630163533066	1705.5925	1705.598	30625	52309	Myotis bechsteinii	0.01	0.029	-1	Echolocation	192000	/home/adkris/Documents/mila-human-wav-txt/20220826_070000.WAV	571	Waveform 1	1
HF	1705.8199666666667	49500.0	48960.0	15.187264818052157	1705.8145	1705.8212	50390	56015	Pipistrellus pipistrellus	0.031	0.053	-1	Echolocation	192000	/home/adkris/Documents/mila-human-wav-txt/20220826_070000.WAV	572	Waveform 1	1
HF	1706.2268666666666	51750.0	51840.0	9.73820832127946	1706.2225	1706.2303	52968	58000	Pipistrellus pygmaeus	0.1	0.102	-1	Echolocation	192000	/home/adkris/Documents/mila-human-wav-txt/20220826_070000.WAV	573	Waveform 1	1
HF	1706.3241	54000.0	52800.00000000001	8.93085747874498	1706.3215	1706.3299	53828	60743	Pipistrellus pygmaeus	0.093	0.098	-1	Echolocation	192000	/home/adkris/Documents/mila-human-wav-txt/20220826_070000.WAV	574	Waveform 1	1
HF	1706.5362	57000.0	53760.00000000001	5.461997503477143	1706.5325	1706.5398	55546	62580	Pipistrellus pygmaeus	0.054	0.055	-1	Echolocation	192000	/home/adkris/Documents/mila-human-wav-txt/20220826_070000.WAV	575	Waveform 1	1
HF	1707.0646	51000.0	52800.00000000001	10.652457367336972	1707.0605	1707.0674	52968	58822	Pipistrellus pygmaeus	0.047	0.055	-1	Echolocation	192000	/home/adkris/Documents/mila-human-wav-txt/20220826_070000.WAV	576	Waveform 1	1
HF	1707.1698666666666	38250.0	45120.0	2.4112186834928795	1707.1695	1707.1743	30625	48563	Barbastellus barbastellus	0.011	0.043	-1	Echolocation	192000	/home/adkris/Documents/mila-human-wav-txt/20220826_070000.WAV	577	Waveform 1	1
HF	1707.2850666666666	47250.0	47040.0	14.973723675747063	1707.2795	1707.2861	30625	52265	Myotis bechsteinii	0.009	0.027	-1	Echolocation	192000	/home/adkris/Documents/mila-human-wav-txt/20220826_070000.WAV	578	Waveform 1	1
HF	1707.3631666666668	45000.0	44160.0	15.586032862230416	1707.3575	1707.364	32343	51434	Myotis brandtii	0.009	0.024	-1	Echolocation	192000	/home/adkris/Documents/mila-human-wav-txt/20220826_070000.WAV	579	Waveform 1	1
HF	1707.4368	52500.0	48960.0	14.97651313331288	1707.4325	1707.4392	50390	57622	Pipistrellus pipistrellus	0.029	0.052	-1	Echolocation	192000	/home/adkris/Documents/mila-human-wav-txt/20220826_070000.WAV	580	Waveform 1	1
HF	1707.517466666667	48750.0	48000.0	12.383337605064485	1707.5115	1707.5177	49531	53924	Pipistrellus pipistrellus	0.03	0.056	-1	Echolocation	192000	/home/adkris/Documents/mila-human-wav-txt/20220826_070000.WAV	581	Waveform 1	1
HF	1707.6742333333334	52500.0	54719.99999999999	5.9708582686844025	1707.6715	1707.6786	53828	60711	Pipistrellus pygmaeus	0.033	0.035	-1	Echolocation	192000	/home/adkris/Documents/mila-human-wav-txt/20220826_070000.WAV	582	Waveform 1	1
HF	1707.8197666666667	48750.0	52800.00000000001	4.438488930379867	1707.8175	1707.8239	49531	56880	Pipistrellus pipistrellus	0.021	0.029	-1	Echolocation	192000	/home/adkris/Documents/mila-human-wav-txt/20220826_070000.WAV	583	Waveform 1	1
HF	1708.4319666666668	55500.0	55679.99999999999	10.572371187431193	1708.4285	1708.4372	54687	59764	Pipistrellus pygmaeus	0.042	0.044	-1	Echolocation	192000	/home/adkris/Documents/mila-human-wav-txt/20220826_070000.WAV	584	Waveform 1	1
HF	1710.4936	43500.0	43200.0	7.668819329550231	1710.4845	1710.4969	41796	46787	Pipistrellus nathusii	0.054	0.069	-1	Echolocation	192000	/home/adkris/Documents/mila-human-wav-txt/20220826_070000.WAV	585	Waveform 1	1
HF	1710.5558666666666	47250.0	46080.0	3.336193163886059	1710.5505	1710.5608	41796	48828	Pipistrellus nathusii	0.031	0.044	-1	Echolocation	192000	/home/adkris/Documents/mila-human-wav-txt/20220826_070000.WAV	586	Waveform 1	1
HF	1710.6577666666667	45750.0	45120.0	5.7908369916154445	1710.6515	1710.6609	39218	51213	Pipistrellus nathusii	0.048	0.083	-1	Echolocation	192000	/home/adkris/Documents/mila-human-wav-txt/20220826_070000.WAV	587	Waveform 1	1
LF	1710.9657666666667	39750.0	24960.0	2.297413788703724	1710.9615	1710.9694	26328	38937	Eptesicus serotinus	0.008	0.024	-1	Echolocation	192000	/home/adkris/Documents/mila-human-wav-txt/20220826_070000.WAV	588	Waveform 1	1
HF	1711.6651	38250.0	40320.0	5.609150893157353	1711.6615	1711.6724	37500	43872	Pipistrellus nathusii	0.082	0.104	-1	Echolocation	192000	/home/adkris/Documents/mila-human-wav-txt/20220826_070000.WAV	589	Waveform 1	1
HF	1713.8925	45000.0	45120.0	3.396418729014635	1713.8855	1713.8965	39218	47602	Pipistrellus nathusii	0.014	0.025	-1	Echolocation	192000	/home/adkris/Documents/mila-human-wav-txt/20220826_070000.WAV	590	Waveform 1	1
HF	1714.104833333333	44250.0	44160.0	4.724532737057482	1714.0995	1714.1075	37500	50953	Myotis brandtii	0.01	0.034	-1	Echolocation	192000	/home/adkris/Documents/mila-human-wav-txt/20220826_070000.WAV	591	Waveform 1	1
LF	1729.8388	27750.0	27840.0	2.0926415330685657	1729.8355	1729.8432	27187	41173	Eptesicus serotinus	0.013	0.032	-1	Echolocation	192000	/home/adkris/Documents/mila-human-wav-txt/20220826_070000.WAV	592	Waveform 1	1
HF	1731.6562666666666	49500.0	52800.00000000001	2.3002267831026564	1731.6535	1731.6594	51250	58304	Pipistrellus pygmaeus	0.021	0.039	-1	Echolocation	192000	/home/adkris/Documents/mila-human-wav-txt/20220826_070000.WAV	593	Waveform 1	1
LF	1732.7485666666666	40500.0	39360.0	2.521098578276674	1732.7435	1732.7506	29765	40446	Barbastellus barbastellus	0.009	0.029	-1	Echolocation	192000	/home/adkris/Documents/mila-human-wav-txt/20220826_070000.WAV	594	Waveform 1	1
HF	1737.0399	48750.0	48960.0	4.326290024053339	1737.0345	1737.0401	34921	64115	Myotis mystacinus	0.007	0.023	-1	Echolocation	192000	/home/adkris/Documents/mila-human-wav-txt/20220826_070000.WAV	595	Waveform 1	1
HF	1738.8225	48000.0	46080.0	3.086016150761812	1738.8175	1738.8235	34921	65326	Myotis bechsteinii	0.01	0.029	-1	Echolocation	192000	/home/adkris/Documents/mila-human-wav-txt/20220826_070000.WAV	596	Waveform 1	1
HF	1739.348	40500.0	40320.0	2.2030748705666783	1739.3435	1739.3535	38359	43966	Nyctalus leisleri	0.013	0.052	-1	Echolocation	192000	/home/adkris/Documents/mila-human-wav-txt/20220826_070000.WAV	597	Waveform 1	1
HF	1739.8455	53250.0	48000.0	5.244081208929725	1739.8405	1739.8465	35781	62022	Myotis bechsteinii	0.01	0.027	-1	Echolocation	192000	/home/adkris/Documents/mila-human-wav-txt/20220826_070000.WAV	598	Waveform 1	1
HF	1739.8785666666668	40500.0	40320.0	2.702972227061094	1739.8735	1739.8841	39218	45399	Pipistrellus nathusii	0.021	0.083	-1	Echolocation	192000	/home/adkris/Documents/mila-human-wav-txt/20220826_070000.WAV	599	Waveform 1	1
HF	1742.2748333333334	54750.0	54719.99999999999	8.838842040362223	1742.2725	1742.28	54687	64021	Pipistrellus pygmaeus	0.027	0.029	-1	Echolocation	192000	/home/adkris/Documents/mila-human-wav-txt/20220826_070000.WAV	600	Waveform 1	1
HF	1744.7927333333334	47250.0	47040.0	4.374210123980898	1744.7885	1744.7941	33203	68493	Myotis mystacinus	0.008	0.029	-1	Echolocation	192000	/home/adkris/Documents/mila-human-wav-txt/20220826_070000.WAV	601	Waveform 1	1
HF	1745.6341666666667	57750.0	56640.0	8.127295664898412	1745.6325	1745.6395	57265	63275	Pipistrellus pygmaeus	0.035	0.036	-1	Echolocation	192000	/home/adkris/Documents/mila-human-wav-txt/20220826_070000.WAV	602	Waveform 1	1
HF	1745.9392	56250.0	55679.99999999999	12.145446162333034	1745.9375	1745.9433	54687	61634	Pipistrellus pygmaeus	0.062	0.069	-1	Echolocation	192000	/home/adkris/Documents/mila-human-wav-txt/20220826_070000.WAV	603	Waveform 1	1
HF	1746.1717666666666	56250.0	55679.99999999999	10.045728454537372	1746.1685	1746.1774	55546	63142	Pipistrellus pygmaeus	0.025	0.027	-1	Echolocation	192000	/home/adkris/Documents/mila-human-wav-txt/20220826_070000.WAV	604	Waveform 1	1
LF	1746.4641	43500.0	43200.0	6.152998285965097	1746.4605	1746.4679	27187	45021	Eptesicus serotinus	0.007	0.027	-1	Echolocation	192000	/home/adkris/Documents/mila-human-wav-txt/20220826_070000.WAV	605	Waveform 1	1
HF	1746.5166666666669	48750.0	48960.0	6.062707349561753	1746.5135	1746.519	34062	68750	Myotis brandtii	0.011	0.029	-1	Echolocation	192000	/home/adkris/Documents/mila-human-wav-txt/20220826_070000.WAV	606	Waveform 1	1
HF	1748.5937666666666	51750.0	49920.0	2.181385946382343	1748.5905	1748.5994	48671	58699	Pipistrellus pipistrellus	0.046	0.058	-1	Echolocation	192000	/home/adkris/Documents/mila-human-wav-txt/20220826_070000.WAV	607	Waveform 1	1
HF	1756.0238333333334	64500.0	70080.0	2.6881489400544645	1756.0125	1756.046	68437	82046	Rhinolophus ferrumequinum	0.025	0.025	-1	Echolocation	192000	/home/adkris/Documents/mila-human-wav-txt/20220826_070000.WAV	608	Waveform 1	1
HF	1756.2374666666667	66750.0	80640.0	2.676264007769493	1756.2115	1756.2467	68437	81279	Rhinolophus ferrumequinum	0.023	0.023	-1	Echolocation	192000	/home/adkris/Documents/mila-human-wav-txt/20220826_070000.WAV	609	Waveform 1	1
HF	1756.4414	77250.0	82560.0	3.19271965913222	1756.4125	1756.4506	68437	82630	Rhinolophus ferrumequinum	0.023	0.023	-1	Echolocation	192000	/home/adkris/Documents/mila-human-wav-txt/20220826_070000.WAV	610	Waveform 1	1
HF	1757.0645	59250.0	60480.0	7.819007727468454	1757.0635	1757.07	58125	65620	Pipistrellus pygmaeus	0.053	0.055	-1	Echolocation	192000	/home/adkris/Documents/mila-human-wav-txt/20220826_070000.WAV	611	Waveform 1	1
HF	1758.5955666666666	48000.0	48000.0	2.51826608075262	1758.5945	1758.6021	46953	52293	Pipistrellus pipistrellus	0.071	0.074	-1	Echolocation	192000	/home/adkris/Documents/mila-human-wav-txt/20220826_070000.WAV	612	Waveform 1	1
LF	1759.3794	40500.0	39360.0	2.036973631188425	1759.3725	1759.3801	28046	39514	Eptesicus serotinus	0.007	0.022	-1	Echolocation	192000	/home/adkris/Documents/mila-human-wav-txt/20220826_070000.WAV	613	Waveform 1	1
HF	1764.2173666666667	54000.0	54719.99999999999	2.101909858585498	1764.2105	1764.2228	49531	58847	Pipistrellus pipistrellus	0.072	0.082	-1	Echolocation	192000	/home/adkris/Documents/mila-human-wav-txt/20220826_070000.WAV	614	Waveform 1	1
HF	1765.0121333333334	48000.0	48000.0	13.885598491118692	1765.0075	1765.0127	33203	74443	Myotis bechsteinii	0.011	0.032	-1	Echolocation	192000	/home/adkris/Documents/mila-human-wav-txt/20220826_070000.WAV	615	Waveform 1	1
LF	1768.2907	41250.0	42240.0	5.141977578824043	1768.2835	1768.2908	28046	42145	Eptesicus serotinus	0.007	0.023	-1	Echolocation	192000	/home/adkris/Documents/mila-human-wav-txt/20220826_070000.WAV	616	Waveform 1	1
HF	1768.5264333333334	50250.0	48000.0	2.516357802040359	1768.5205	1768.5279	35781	59518	Myotis mystacinus	0.009	0.028	-1	Echolocation	192000	/home/adkris/Documents/mila-human-wav-txt/20220826_070000.WAV	617	Waveform 1	1
HF	1770.285	56250.0	53760.00000000001	3.0511011856794075	1770.2805	1770.287	52109	60413	Pipistrellus pipistrellus	0.056	0.064	-1	Echolocation	192000	/home/adkris/Documents/mila-human-wav-txt/20220826_070000.WAV	618	Waveform 1	1
HF	1775.7697666666666	22500.0	46080.0	6.346186554464028	1775.7675	1775.7739	27187	53540	Myotis daubentonii	0.009	0.027	-1	Echolocation	192000	/home/adkris/Documents/mila-human-wav-txt/20220826_070000.WAV	619	Waveform 1	1
HF	1776.4741333333334	43500.0	44160.0	6.836744185655201	1776.4675	1776.4742	28046	46282	Myotis daubentonii	0.016	0.032	-1	Echolocation	192000	/home/adkris/Documents/mila-human-wav-txt/20220826_070000.WAV	620	Waveform 1	1
HF	1776.6664666666666	42000.0	42240.0	7.897088246085016	1776.6605	1776.6667	28906	49314	Myotis daubentonii	0.012	0.024	-1	Echolocation	192000	/home/adkris/Documents/mila-human-wav-txt/20220826_070000.WAV	621	Waveform 1	1
HF	1777.0368	54000.0	52800.00000000001	4.978612074681475	1777.0325	1777.0392	52109	57472	Pipistrellus pygmaeus	0.022	0.033	-1	Echolocation	192000	/home/adkris/Documents/mila-human-wav-txt/20220826_070000.WAV	622	Waveform 1	1
HF	1778.0145666666667	42750.0	41280.0	4.082780655059786	1778.0025	1778.0166	41796	45567	Pipistrellus pipistrellus	0.032	0.047	-1	Echolocation	192000	/home/adkris/Documents/mila-human-wav-txt/20220826_070000.WAV	623	Waveform 1	1
LF	1788.2174666666667	40500.0	40320.0	6.420729787133155	1788.2125	1788.2197	29765	41499	Myotis daubentonii	0.008	0.026	-1	Echolocation	192000	/home/adkris/Documents/mila-human-wav-txt/20220826_070000.WAV	624	Waveform 1	1
