Manually-Verified Phonic Group	peak_frequency_time_SPECTROGRAM	peak_frequency_SPECTROGRAM	peak_frequency_WELCH	SNR	Begin Time (s)	End Time (s)	Low Freq (Hz)	High Freq (Hz)	class	class_prob	det_prob	individual	Annotation	sampling_rate	input_file	Selection	View	Channel
LF	0.4026333333333333	21000.0	21120.0	7.615996044198811	0.3995	0.4062	17734	28032	Plecotus austriacus	0.065	0.091	-1	Echolocation	192000	/home/adkris/Documents/mila-human-wav-txt/20220826_070000.WAV	1	Waveform 1	1
LF	0.9022	18750.0	19200.0	12.459551666423966	0.9005	0.9133	17734	24233	Nyctalus noctula	0.028	0.044	-1	Echolocation	192000	/home/adkris/Documents/mila-human-wav-txt/20220826_070000.WAV	2	Waveform 1	1
LF	1.1257	20250.0	19200.0	8.172554795834095	1.1235	1.1358	18593	24007	Nyctalus noctula	0.01	0.025	-1	Echolocation	192000	/home/adkris/Documents/mila-human-wav-txt/20220826_070000.WAV	3	Waveform 1	1
HF	4.444933333333332	52500.0	51840.0	8.891129956720473	4.4415	4.4479	52109	59097	Pipistrellus pipistrellus	0.02	0.037	-1	Echolocation	192000	/home/adkris/Documents/mila-human-wav-txt/20220826_070000.WAV	4	Waveform 1	1
HF	4.444733333333334	52500.0	47040.0	9.223380451931677	4.4435	4.4486	32343	72289	Myotis mystacinus	0.013	0.028	-1	Echolocation	192000	/home/adkris/Documents/mila-human-wav-txt/20220826_070000.WAV	5	Waveform 1	1
HF	4.577233333333333	48750.0	48960.0	9.581957501611992	4.5755	4.5801	32343	71338	Myotis mystacinus	0.017	0.051	-1	Echolocation	192000	/home/adkris/Documents/mila-human-wav-txt/20220826_070000.WAV	6	Waveform 1	1
HF	4.709966666666667	53250.0	51840.0	10.440122062786369	4.7095	4.7142	28906	57738	Myotis nattereri	0.059	0.081	-1	Echolocation	192000	/home/adkris/Documents/mila-human-wav-txt/20220826_070000.WAV	7	Waveform 1	1
HF	4.854699999999999	49500.0	53760.00000000001	12.220725975415336	4.8525	4.8578	32343	72545	Myotis mystacinus	0.013	0.041	-1	Echolocation	192000	/home/adkris/Documents/mila-human-wav-txt/20220826_070000.WAV	8	Waveform 1	1
HF	5.0048	52500.0	51840.0	11.564706821427407	5.0035	5.0097	52109	58867	Pipistrellus pygmaeus	0.02	0.035	-1	Echolocation	192000	/home/adkris/Documents/mila-human-wav-txt/20220826_070000.WAV	9	Waveform 1	1
HF	5.154633333333333	50250.0	48000.0	8.709493726322197	5.1505	5.1562	33203	74284	Myotis mystacinus	0.011	0.023	-1	Echolocation	192000	/home/adkris/Documents/mila-human-wav-txt/20220826_070000.WAV	10	Waveform 1	1
LF	8.5521	21000.0	21120.0	13.048624651977416	8.5495	8.5579	19453	26239	Plecotus austriacus	0.042	0.106	-1	Echolocation	192000	/home/adkris/Documents/mila-human-wav-txt/20220826_070000.WAV	11	Waveform 1	1
LF	11.396833333333332	21000.0	21120.0	8.95205964840413	11.3925	11.4015	18593	25483	Plecotus austriacus	0.045	0.089	-1	Echolocation	192000	/home/adkris/Documents/mila-human-wav-txt/20220826_070000.WAV	12	Waveform 1	1
LF	14.748266666666666	21000.0	21120.0	7.186015867640686	14.7465	14.7534	14296	25570	Plecotus auritus	0.027	0.043	-1	Echolocation	192000	/home/adkris/Documents/mila-human-wav-txt/20220826_070000.WAV	13	Waveform 1	1
LF	18.52163333333333	15000.0	15360.0	15.403352127397495	18.5195	18.5272	13437	24271	Plecotus auritus	0.008	0.03	-1	Echolocation	192000	/home/adkris/Documents/mila-human-wav-txt/20220826_070000.WAV	14	Waveform 1	1
LF	24.02843333333333	20250.0	20160.0	9.327306708156485	24.0255	24.0359	19453	23538	Plecotus austriacus	0.011	0.032	-1	Echolocation	192000	/home/adkris/Documents/mila-human-wav-txt/20220826_070000.WAV	15	Waveform 1	1
LF	25.6189	15750.0	16320.000000000002	7.526024721766198	25.6175	25.6236	13437	27024	Plecotus auritus	0.022	0.027	-1	Echolocation	192000	/home/adkris/Documents/mila-human-wav-txt/20220826_070000.WAV	16	Waveform 1	1
HF	40.9545	49500.0	48960.0	8.167662722842033	40.9525	40.958	35781	63520	Myotis mystacinus	0.009	0.031	-1	Echolocation	192000	/home/adkris/Documents/mila-human-wav-txt/20220826_070000.WAV	17	Waveform 1	1
HF	41.0597	49500.0	49920.0	11.85665478696546	41.0575	41.0628	33203	69333	Myotis mystacinus	0.013	0.037	-1	Echolocation	192000	/home/adkris/Documents/mila-human-wav-txt/20220826_070000.WAV	18	Waveform 1	1
LF	41.65566666666666	17250.0	17280.0	7.567294399606559	41.6535	41.66	13437	25370	Plecotus auritus	0.042	0.058	-1	Echolocation	192000	/home/adkris/Documents/mila-human-wav-txt/20220826_070000.WAV	19	Waveform 1	1
LF	45.275400000000005	19500.0	20160.0	13.140798847004731	45.2725	45.2806	16875	25105	Plecotus austriacus	0.029	0.059	-1	Echolocation	192000	/home/adkris/Documents/mila-human-wav-txt/20220826_070000.WAV	20	Waveform 1	1
LF	46.655766666666665	25500.0	25920.0	12.896733403177905	46.6465	46.6634	24609	27896	Nyctalus leisleri	0.042	0.065	-1	Echolocation	192000	/home/adkris/Documents/mila-human-wav-txt/20220826_070000.WAV	21	Waveform 1	1
LF	50.625	20250.0	20160.0	11.459474634414926	50.6235	50.633	18593	23961	Plecotus austriacus	0.03	0.074	-1	Echolocation	192000	/home/adkris/Documents/mila-human-wav-txt/20220826_070000.WAV	22	Waveform 1	1
LF	57.263333333333335	21750.0	22080.0	7.572418435006555	57.2585	57.267	20312	27518	Plecotus austriacus	0.03	0.079	-1	Echolocation	192000	/home/adkris/Documents/mila-human-wav-txt/20220826_070000.WAV	23	Waveform 1	1
LF	58.04253333333333	21000.0	21120.0	13.717975856768383	58.0385	58.0478	18593	25021	Plecotus austriacus	0.041	0.089	-1	Echolocation	192000	/home/adkris/Documents/mila-human-wav-txt/20220826_070000.WAV	24	Waveform 1	1
LF	59.72906666666667	21750.0	21120.0	8.293994606466397	59.7275	59.7346	18593	28192	Plecotus austriacus	0.066	0.102	-1	Echolocation	192000	/home/adkris/Documents/mila-human-wav-txt/20220826_070000.WAV	25	Waveform 1	1
HF	65.34909999999999	51750.0	48960.0	11.50976474278881	65.3475	65.3534	31484	61274	Myotis daubentonii	0.009	0.027	-1	Echolocation	192000	/home/adkris/Documents/mila-human-wav-txt/20220826_070000.WAV	26	Waveform 1	1
HF	65.4059	49500.0	48960.0	11.86473400184903	65.4035	65.4086	32343	71606	Myotis mystacinus	0.015	0.037	-1	Echolocation	192000	/home/adkris/Documents/mila-human-wav-txt/20220826_070000.WAV	27	Waveform 1	1
HF	65.40633333333334	53250.0	57600.0	14.040684214436876	65.4045	65.409	54687	61611	Pipistrellus pygmaeus	0.043	0.047	-1	Echolocation	192000	/home/adkris/Documents/mila-human-wav-txt/20220826_070000.WAV	28	Waveform 1	1
HF	65.45779999999999	48000.0	47040.0	8.950842919759074	65.4555	65.4607	30625	74085	Myotis mystacinus	0.014	0.039	-1	Echolocation	192000	/home/adkris/Documents/mila-human-wav-txt/20220826_070000.WAV	29	Waveform 1	1
LF	66.60876666666667	20250.0	20160.0	11.182255688657996	66.6075	66.6149	17734	26752	Plecotus austriacus	0.079	0.113	-1	Echolocation	192000	/home/adkris/Documents/mila-human-wav-txt/20220826_070000.WAV	30	Waveform 1	1
LF	66.72183333333334	18000.0	17280.0	7.746439978501199	66.7205	66.736	16015	20422	Nyctalus noctula	0.061	0.079	-1	Echolocation	192000	/home/adkris/Documents/mila-human-wav-txt/20220826_070000.WAV	31	Waveform 1	1
LF	69.78376666666666	20250.0	20160.0	9.48866845595496	69.7785	69.7924	17734	22562	Nyctalus noctula	0.027	0.047	-1	Echolocation	192000	/home/adkris/Documents/mila-human-wav-txt/20220826_070000.WAV	32	Waveform 1	1
LF	71.73910000000001	21000.0	20160.0	7.840217120382771	71.7375	71.7469	19453	24537	Plecotus austriacus	0.012	0.032	-1	Echolocation	192000	/home/adkris/Documents/mila-human-wav-txt/20220826_070000.WAV	33	Waveform 1	1
LF	73.34270000000001	21750.0	22080.0	7.810868655914378	73.3375	73.3468	18593	24387	Plecotus austriacus	0.017	0.039	-1	Echolocation	192000	/home/adkris/Documents/mila-human-wav-txt/20220826_070000.WAV	34	Waveform 1	1
LF	79.56766666666667	21000.0	20160.0	7.741974221886467	79.5655	79.572	17734	29078	Plecotus austriacus	0.025	0.037	-1	Echolocation	192000	/home/adkris/Documents/mila-human-wav-txt/20220826_070000.WAV	35	Waveform 1	1
LF	82.42376666666667	14250.0	14400.0	9.984341181941325	82.42150000000001	82.4279	12578	31053	Plecotus auritus	0.022	0.029	-1	Echolocation	192000	/home/adkris/Documents/mila-human-wav-txt/20220826_070000.WAV	36	Waveform 1	1
LF	84.00506666666666	16500.0	15360.0	11.254896404414056	84.0015	84.0171	16875	20878	Nyctalus leisleri	0.017	0.035	-1	Echolocation	192000	/home/adkris/Documents/mila-human-wav-txt/20220826_070000.WAV	37	Waveform 1	1
LF	91.772	21000.0	21120.0	18.233963668308416	91.7695	91.778	18593	24984	Plecotus austriacus	0.054	0.093	-1	Echolocation	192000	/home/adkris/Documents/mila-human-wav-txt/20220826_070000.WAV	38	Waveform 1	1
HF	95.96043333333331	57000.0	56640.0	7.47898533033826	95.9595	95.9649	53828	64213	Pipistrellus pygmaeus	0.108	0.111	-1	Echolocation	192000	/home/adkris/Documents/mila-human-wav-txt/20220826_070000.WAV	39	Waveform 1	1
HF	96.55823333333332	54750.0	48000.0	13.443916343076808	96.5575	96.5631	30625	73853	Myotis daubentonii	0.009	0.025	-1	Echolocation	192000	/home/adkris/Documents/mila-human-wav-txt/20220826_070000.WAV	40	Waveform 1	1
HF	96.6107	56250.0	54719.99999999999	19.34865217506526	96.6085	96.6138	33203	74650	Myotis mystacinus	0.008	0.024	-1	Echolocation	192000	/home/adkris/Documents/mila-human-wav-txt/20220826_070000.WAV	41	Waveform 1	1
HF	96.61063333333334	56250.0	54719.99999999999	17.58813595532541	96.6095	96.6147	28046	57986	Myotis daubentonii	0.011	0.025	-1	Echolocation	192000	/home/adkris/Documents/mila-human-wav-txt/20220826_070000.WAV	42	Waveform 1	1
HF	96.66453333333334	51750.0	56640.0	12.559591975152342	96.6635	96.6688	30625	72836	Myotis daubentonii	0.009	0.032	-1	Echolocation	192000	/home/adkris/Documents/mila-human-wav-txt/20220826_070000.WAV	43	Waveform 1	1
HF	96.8134	54750.0	54719.99999999999	20.70856709969349	96.8115	96.8171	29765	78743	Myotis mystacinus	0.016	0.039	-1	Echolocation	192000	/home/adkris/Documents/mila-human-wav-txt/20220826_070000.WAV	44	Waveform 1	1
HF	96.89373333333332	56250.0	55679.99999999999	13.697163972376815	96.8925	96.8976	31484	76640	Myotis mystacinus	0.015	0.042	-1	Echolocation	192000	/home/adkris/Documents/mila-human-wav-txt/20220826_070000.WAV	45	Waveform 1	1
HF	96.9491	53250.0	52800.00000000001	13.4172160824886	96.9475	96.9534	31484	72607	Myotis mystacinus	0.011	0.032	-1	Echolocation	192000	/home/adkris/Documents/mila-human-wav-txt/20220826_070000.WAV	46	Waveform 1	1
HF	97.07653333333332	62250.0	56640.0	22.578655979066315	97.0715	97.0763	57265	66149	Pipistrellus pygmaeus	0.022	0.041	-1	Echolocation	192000	/home/adkris/Documents/mila-human-wav-txt/20220826_070000.WAV	47	Waveform 1	1
HF	97.07786666666668	52500.0	55679.99999999999	20.034974384625546	97.0775	97.0823	30625	75327	Myotis mystacinus	0.018	0.045	-1	Echolocation	192000	/home/adkris/Documents/mila-human-wav-txt/20220826_070000.WAV	48	Waveform 1	1
HF	97.13176666666666	65250.0	64320.00000000001	8.633158777101524	97.1305	97.1554	65000	75429	Rhinolophus ferrumequinum	0.019	0.024	-1	Echolocation	192000	/home/adkris/Documents/mila-human-wav-txt/20220826_070000.WAV	49	Waveform 1	1
HF	97.1336	54000.0	53760.00000000001	22.289722915513856	97.1315	97.1369	32343	74535	Myotis mystacinus	0.009	0.024	-1	Echolocation	192000	/home/adkris/Documents/mila-human-wav-txt/20220826_070000.WAV	50	Waveform 1	1
HF	97.13303333333332	54750.0	53760.00000000001	18.788493000888444	97.1325	97.1383	28046	54073	Myotis daubentonii	0.012	0.024	-1	Echolocation	192000	/home/adkris/Documents/mila-human-wav-txt/20220826_070000.WAV	51	Waveform 1	1
HF	97.18336666666669	58500.0	52800.00000000001	20.88464213619642	97.1755	97.1833	55546	63122	Myotis alcathoe	0.01	0.026	-1	Echolocation	192000	/home/adkris/Documents/mila-human-wav-txt/20220826_070000.WAV	52	Waveform 1	1
HF	97.25703333333334	53250.0	52800.00000000001	17.353685450502066	97.2555	97.2603	31484	74582	Myotis mystacinus	0.01	0.029	-1	Echolocation	192000	/home/adkris/Documents/mila-human-wav-txt/20220826_070000.WAV	53	Waveform 1	1
HF	97.3095	54000.0	53760.00000000001	18.010605655697667	97.3075	97.313	31484	76533	Myotis mystacinus	0.012	0.034	-1	Echolocation	192000	/home/adkris/Documents/mila-human-wav-txt/20220826_070000.WAV	54	Waveform 1	1
HF	97.35603333333331	52500.0	54719.99999999999	12.4457237743579	97.3545	97.3593	31484	76391	Myotis mystacinus	0.022	0.049	-1	Echolocation	192000	/home/adkris/Documents/mila-human-wav-txt/20220826_070000.WAV	55	Waveform 1	1
HF	97.43733333333331	55500.0	53760.00000000001	20.7259366558046	97.4365	97.442	30625	72748	Myotis daubentonii	0.01	0.029	-1	Echolocation	192000	/home/adkris/Documents/mila-human-wav-txt/20220826_070000.WAV	56	Waveform 1	1
LF	97.47923333333333	18750.0	20160.0	11.882659189189075	97.4775	97.4891	16875	22489	Nyctalus noctula	0.023	0.04	-1	Echolocation	192000	/home/adkris/Documents/mila-human-wav-txt/20220826_070000.WAV	57	Waveform 1	1
HF	97.5092	51750.0	50880.0	17.58672626805294	97.5075	97.5133	30625	68945	Myotis daubentonii	0.015	0.032	-1	Echolocation	192000	/home/adkris/Documents/mila-human-wav-txt/20220826_070000.WAV	58	Waveform 1	1
HF	97.69216666666668	50250.0	47040.0	8.416298733734976	97.6895	97.6955	29765	74872	Myotis daubentonii	0.009	0.025	-1	Echolocation	192000	/home/adkris/Documents/mila-human-wav-txt/20220826_070000.WAV	59	Waveform 1	1
HF	98.14383333333332	52500.0	53760.00000000001	10.033172132134183	98.1425	98.1475	34921	69159	Myotis mystacinus	0.018	0.056	-1	Echolocation	192000	/home/adkris/Documents/mila-human-wav-txt/20220826_070000.WAV	60	Waveform 1	1
HF	99.48726666666668	15000.0	15360.0	13.563924913264824	99.4855	99.4924	11718	67422	Myotis nattereri	0.011	0.026	-1	Echolocation	192000	/home/adkris/Documents/mila-human-wav-txt/20220826_070000.WAV	61	Waveform 1	1
LF	101.98423333333334	20250.0	20160.0	10.77083897219	101.9825	101.9906	15156	26540	Plecotus auritus	0.023	0.037	-1	Echolocation	192000	/home/adkris/Documents/mila-human-wav-txt/20220826_070000.WAV	62	Waveform 1	1
LF	102.29463333333334	20250.0	22080.0	12.498038088844188	102.2935	102.3022	19453	24596	Plecotus austriacus	0.039	0.085	-1	Echolocation	192000	/home/adkris/Documents/mila-human-wav-txt/20220826_070000.WAV	63	Waveform 1	1
HF	104.57646666666666	15000.0	16320.000000000002	11.020415087283158	104.5745	104.5812	11718	69495	Myotis nattereri	0.009	0.022	-1	Echolocation	192000	/home/adkris/Documents/mila-human-wav-txt/20220826_070000.WAV	64	Waveform 1	1
LF	107.53303333333334	20250.0	20160.0	7.455210307457365	107.5315	107.5433	19453	22489	Nyctalus leisleri	0.021	0.047	-1	Echolocation	192000	/home/adkris/Documents/mila-human-wav-txt/20220826_070000.WAV	65	Waveform 1	1
LF	108.2941	14250.0	14400.0	7.892866513480468	108.2915	108.2999	13437	18631	Plecotus auritus	0.015	0.055	-1	Echolocation	192000	/home/adkris/Documents/mila-human-wav-txt/20220826_070000.WAV	66	Waveform 1	1
LF	109.35356666666668	14250.0	14400.0	7.921753720723802	109.3505	109.3596	13437	16590	Nyctalus leisleri	0.012	0.031	-1	Echolocation	192000	/home/adkris/Documents/mila-human-wav-txt/20220826_070000.WAV	67	Waveform 1	1
LF	111.64403333333334	20250.0	20160.0	20.27145851119553	111.6415	111.6488	16875	25841	Plecotus austriacus	0.061	0.095	-1	Echolocation	192000	/home/adkris/Documents/mila-human-wav-txt/20220826_070000.WAV	68	Waveform 1	1
LF	112.42736666666669	21000.0	21120.0	10.491570238025652	112.4255	112.4323	17734	27277	Plecotus austriacus	0.06	0.081	-1	Echolocation	192000	/home/adkris/Documents/mila-human-wav-txt/20220826_070000.WAV	69	Waveform 1	1
LF	115.24616666666668	16500.0	16320.000000000002	8.078268208290751	115.2445	115.2515	13437	26740	Plecotus auritus	0.013	0.021	-1	Echolocation	192000	/home/adkris/Documents/mila-human-wav-txt/20220826_070000.WAV	70	Waveform 1	1
LF	115.96336666666669	21000.0	22080.0	11.129131684226454	115.9625	115.9668	15156	34823	Plecotus auritus	0.027	0.056	-1	Echolocation	192000	/home/adkris/Documents/mila-human-wav-txt/20220826_070000.WAV	71	Waveform 1	1
LF	118.16443333333332	19500.0	20160.0	9.902585435711902	118.1605	118.1734	17734	23101	Nyctalus noctula	0.018	0.041	-1	Echolocation	192000	/home/adkris/Documents/mila-human-wav-txt/20220826_070000.WAV	72	Waveform 1	1
LF	119.0036	13500.0	13440.000000000002	8.327531446090921	119.0015	119.0104	12578	17975	Nyctalus leisleri	0.039	0.055	-1	Echolocation	192000	/home/adkris/Documents/mila-human-wav-txt/20220826_070000.WAV	73	Waveform 1	1
LF	122.06806666666668	18750.0	20160.0	15.23824336443078	122.0655	122.0751	17734	24137	Plecotus austriacus	0.037	0.068	-1	Echolocation	192000	/home/adkris/Documents/mila-human-wav-txt/20220826_070000.WAV	74	Waveform 1	1
HF	122.99923333333334	53250.0	52800.00000000001	7.478039118804141	122.9975	123.0021	33203	67025	Myotis mystacinus	0.026	0.056	-1	Echolocation	192000	/home/adkris/Documents/mila-human-wav-txt/20220826_070000.WAV	75	Waveform 1	1
HF	123.42873333333334	53250.0	52800.00000000001	7.418381553557335	123.4275	123.4326	32343	72651	Myotis mystacinus	0.017	0.046	-1	Echolocation	192000	/home/adkris/Documents/mila-human-wav-txt/20220826_070000.WAV	76	Waveform 1	1
HF	123.81546666666668	54750.0	55679.99999999999	9.4050051038712	123.8155	123.8207	34062	63455	Myotis mystacinus	0.011	0.029	-1	Echolocation	192000	/home/adkris/Documents/mila-human-wav-txt/20220826_070000.WAV	77	Waveform 1	1
HF	124.00913333333334	56250.0	57600.0	8.977793167825238	124.0085	124.0142	57265	64015	Pipistrellus pygmaeus	0.025	0.026	-1	Echolocation	192000	/home/adkris/Documents/mila-human-wav-txt/20220826_070000.WAV	78	Waveform 1	1
HF	124.06913333333333	53250.0	52800.00000000001	10.87711794628386	124.0675	124.0722	33203	71402	Myotis mystacinus	0.012	0.041	-1	Echolocation	192000	/home/adkris/Documents/mila-human-wav-txt/20220826_070000.WAV	79	Waveform 1	1
HF	124.40943333333334	48750.0	48960.0	9.743110822835856	124.4055	124.4114	32343	62853	Myotis daubentonii	0.007	0.021	-1	Echolocation	192000	/home/adkris/Documents/mila-human-wav-txt/20220826_070000.WAV	80	Waveform 1	1
LF	125.20913333333333	22500.0	20160.0	8.736121724380359	125.2065	125.2137	17734	27657	Plecotus austriacus	0.048	0.065	-1	Echolocation	192000	/home/adkris/Documents/mila-human-wav-txt/20220826_070000.WAV	81	Waveform 1	1
LF	129.3953	17250.0	20160.0	9.15443508394725	129.3935	129.3992	14296	32128	Plecotus auritus	0.06	0.08	-1	Echolocation	192000	/home/adkris/Documents/mila-human-wav-txt/20220826_070000.WAV	82	Waveform 1	1
LF	132.7139	22500.0	21120.0	10.61126277474909	132.7035	132.7181	19453	23694	Nyctalus noctula	0.022	0.041	-1	Echolocation	192000	/home/adkris/Documents/mila-human-wav-txt/20220826_070000.WAV	83	Waveform 1	1
LF	133.59613333333334	21750.0	21120.0	10.107449916686214	133.5945	133.6027	17734	25930	Plecotus austriacus	0.051	0.079	-1	Echolocation	192000	/home/adkris/Documents/mila-human-wav-txt/20220826_070000.WAV	84	Waveform 1	1
LF	134.41903333333337	19500.0	19200.0	7.347437516722596	134.4145	134.4268	18593	23645	Nyctalus noctula	0.02	0.048	-1	Echolocation	192000	/home/adkris/Documents/mila-human-wav-txt/20220826_070000.WAV	85	Waveform 1	1
LF	135.5654	20250.0	20160.0	8.65169179768355	135.5635	135.5691	14296	28095	Plecotus auritus	0.015	0.023	-1	Echolocation	192000	/home/adkris/Documents/mila-human-wav-txt/20220826_070000.WAV	86	Waveform 1	1
LF	135.565	21000.0	20160.0	7.902879927387461	135.5635	135.5765	20312	24203	Nyctalus leisleri	0.012	0.031	-1	Echolocation	192000	/home/adkris/Documents/mila-human-wav-txt/20220826_070000.WAV	87	Waveform 1	1
LF	135.75226666666666	22500.0	22080.0	9.503247987311276	135.7495	135.7624	21171	23171	Nyctalus leisleri	0.026	0.041	-1	Echolocation	192000	/home/adkris/Documents/mila-human-wav-txt/20220826_070000.WAV	88	Waveform 1	1
LF	136.78526666666667	14250.0	14400.0	17.038960786855803	136.7825	136.7919	13437	17197	Nyctalus leisleri	0.014	0.031	-1	Echolocation	192000	/home/adkris/Documents/mila-human-wav-txt/20220826_070000.WAV	89	Waveform 1	1
LF	137.8466	21750.0	22080.0	8.169905187395548	137.8425	137.8529	19453	24664	Plecotus austriacus	0.011	0.031	-1	Echolocation	192000	/home/adkris/Documents/mila-human-wav-txt/20220826_070000.WAV	90	Waveform 1	1
LF	137.90093333333334	20250.0	21120.0	8.825836535381523	137.8975	137.9074	18593	25015	Plecotus austriacus	0.035	0.096	-1	Echolocation	192000	/home/adkris/Documents/mila-human-wav-txt/20220826_070000.WAV	91	Waveform 1	1
LF	148.2269333333333	21750.0	22080.0	8.875587714120858	148.2225	148.2314	20312	27203	Plecotus austriacus	0.034	0.082	-1	Echolocation	192000	/home/adkris/Documents/mila-human-wav-txt/20220826_070000.WAV	92	Waveform 1	1
LF	149.69146666666666	20250.0	21120.0	10.811002966959771	149.6885	149.6977	19453	26495	Plecotus austriacus	0.048	0.086	-1	Echolocation	192000	/home/adkris/Documents/mila-human-wav-txt/20220826_070000.WAV	93	Waveform 1	1
HF	150.46646666666666	53250.0	53760.00000000001	12.41376566546198	150.4665	150.4717	34062	69323	Myotis mystacinus	0.014	0.038	-1	Echolocation	192000	/home/adkris/Documents/mila-human-wav-txt/20220826_070000.WAV	94	Waveform 1	1
LF	153.3127	13500.0	13440.000000000002	9.636373304182715	153.3105	153.3193	13437	17234	Nyctalus leisleri	0.011	0.024	-1	Echolocation	192000	/home/adkris/Documents/mila-human-wav-txt/20220826_070000.WAV	95	Waveform 1	1
LF	156.10836666666663	19500.0	20160.0	8.658684552266118	156.1035	156.1178	20312	24754	Nyctalus leisleri	0.01	0.026	-1	Echolocation	192000	/home/adkris/Documents/mila-human-wav-txt/20220826_070000.WAV	96	Waveform 1	1
LF	160.49206666666666	20250.0	21120.0	8.139062714928661	160.4905	160.4976	15156	27234	Plecotus auritus	0.022	0.041	-1	Echolocation	192000	/home/adkris/Documents/mila-human-wav-txt/20220826_070000.WAV	97	Waveform 1	1
LF	162.02986666666666	21000.0	20160.0	9.001799771772646	162.0275	162.0338	17734	28599	Plecotus austriacus	0.059	0.097	-1	Echolocation	192000	/home/adkris/Documents/mila-human-wav-txt/20220826_070000.WAV	98	Waveform 1	1
HF	162.185	54750.0	55679.99999999999	9.419386411400748	162.1835	162.1895	33203	67619	Myotis mystacinus	0.014	0.038	-1	Echolocation	192000	/home/adkris/Documents/mila-human-wav-txt/20220826_070000.WAV	99	Waveform 1	1
HF	163.13453333333334	56250.0	54719.99999999999	12.076123234595112	163.1335	163.1388	31484	78793	Myotis mystacinus	0.015	0.04	-1	Echolocation	192000	/home/adkris/Documents/mila-human-wav-txt/20220826_070000.WAV	100	Waveform 1	1
HF	163.4369	50250.0	48960.0	10.51164748691686	163.4345	163.4396	34062	72309	Myotis mystacinus	0.022	0.048	-1	Echolocation	192000	/home/adkris/Documents/mila-human-wav-txt/20220826_070000.WAV	101	Waveform 1	1
LF	163.48533333333333	20250.0	20160.0	7.14060930982583	163.4805	163.4925	18593	24100	Nyctalus noctula	0.022	0.06	-1	Echolocation	192000	/home/adkris/Documents/mila-human-wav-txt/20220826_070000.WAV	102	Waveform 1	1
HF	163.49093333333334	57000.0	55679.99999999999	18.064805508219653	163.4905	163.4999	54687	67410	Pipistrellus pygmaeus	0.04	0.043	-1	Echolocation	192000	/home/adkris/Documents/mila-human-wav-txt/20220826_070000.WAV	103	Waveform 1	1
HF	163.49463333333333	48000.0	48960.0	21.71689751201442	163.4905	163.4962	32343	73436	Myotis mystacinus	0.012	0.028	-1	Echolocation	192000	/home/adkris/Documents/mila-human-wav-txt/20220826_070000.WAV	104	Waveform 1	1
LF	163.50816666666665	21750.0	22080.0	8.827334616004906	163.5055	163.5115	16875	30050	Plecotus austriacus	0.038	0.06	-1	Echolocation	192000	/home/adkris/Documents/mila-human-wav-txt/20220826_070000.WAV	105	Waveform 1	1
HF	163.71243333333334	54000.0	53760.00000000001	7.733424190261513	163.7115	163.7169	32343	69563	Myotis mystacinus	0.008	0.023	-1	Echolocation	192000	/home/adkris/Documents/mila-human-wav-txt/20220826_070000.WAV	106	Waveform 1	1
HF	163.7851	54000.0	52800.00000000001	16.746026441600705	163.7835	163.7894	33203	68473	Myotis mystacinus	0.01	0.025	-1	Echolocation	192000	/home/adkris/Documents/mila-human-wav-txt/20220826_070000.WAV	107	Waveform 1	1
HF	163.8496	57750.0	56640.0	16.090333723167305	163.8455	163.8524	56406	64698	Pipistrellus pygmaeus	0.045	0.053	-1	Echolocation	192000	/home/adkris/Documents/mila-human-wav-txt/20220826_070000.WAV	108	Waveform 1	1
HF	163.92776666666666	49500.0	48960.0	23.710362465517825	163.9245	163.9299	31484	78430	Myotis mystacinus	0.017	0.034	-1	Echolocation	192000	/home/adkris/Documents/mila-human-wav-txt/20220826_070000.WAV	109	Waveform 1	1
HF	163.9277	48750.0	48960.0	22.749740406902585	163.9255	163.9308	27187	62104	Myotis nattereri	0.021	0.031	-1	Echolocation	192000	/home/adkris/Documents/mila-human-wav-txt/20220826_070000.WAV	110	Waveform 1	1
HF	164.10263333333333	52500.0	52800.00000000001	11.766761137977683	164.1015	164.1067	33203	68327	Myotis mystacinus	0.014	0.038	-1	Echolocation	192000	/home/adkris/Documents/mila-human-wav-txt/20220826_070000.WAV	111	Waveform 1	1
HF	164.6915	47250.0	47040.0	8.59966773294879	164.6895	164.695	32343	68724	Myotis mystacinus	0.016	0.042	-1	Echolocation	192000	/home/adkris/Documents/mila-human-wav-txt/20220826_070000.WAV	112	Waveform 1	1
HF	169.098	51750.0	51840.0	8.470376840085859	169.0885	169.10399999999998	48671	60334	Pipistrellus pipistrellus	0.031	0.052	-1	Echolocation	192000	/home/adkris/Documents/mila-human-wav-txt/20220826_070000.WAV	113	Waveform 1	1
LF	169.10216666666668	24750.0	25920.0	17.615708770870896	169.0915	169.107	24609	28517	Nyctalus leisleri	0.085	0.123	-1	Echolocation	192000	/home/adkris/Documents/mila-human-wav-txt/20220826_070000.WAV	114	Waveform 1	1
LF	169.88436666666666	19500.0	19200.0	8.721304895716981	169.8795	169.8938	18593	23470	Nyctalus noctula	0.01	0.023	-1	Echolocation	192000	/home/adkris/Documents/mila-human-wav-txt/20220826_070000.WAV	115	Waveform 1	1
LF	170.39516666666668	24000.0	23040.0	12.871155530774107	170.3905	170.4015	22890	27153	Nyctalus leisleri	0.028	0.067	-1	Echolocation	192000	/home/adkris/Documents/mila-human-wav-txt/20220826_070000.WAV	116	Waveform 1	1
LF	170.3944	20250.0	20160.0	15.972449471032837	170.39249999999998	170.3981	16015	34125	Plecotus austriacus	0.055	0.092	-1	Echolocation	192000	/home/adkris/Documents/mila-human-wav-txt/20220826_070000.WAV	117	Waveform 1	1
LF	170.80696666666665	21000.0	21120.0	19.458049846248752	170.8045	170.8107	16875	32183	Plecotus austriacus	0.056	0.081	-1	Echolocation	192000	/home/adkris/Documents/mila-human-wav-txt/20220826_070000.WAV	118	Waveform 1	1
HF	171.34633333333335	48000.0	48000.0	7.183268184174303	171.33350000000002	171.3515	47812	52663	Pipistrellus pipistrellus	0.072	0.086	-1	Echolocation	192000	/home/adkris/Documents/mila-human-wav-txt/20220826_070000.WAV	119	Waveform 1	1
LF	173.3324	17250.0	17280.0	9.76957638684301	173.3295	173.3376	14296	21684	Plecotus auritus	0.022	0.035	-1	Echolocation	192000	/home/adkris/Documents/mila-human-wav-txt/20220826_070000.WAV	120	Waveform 1	1
LF	177.77216666666666	21750.0	22080.0	8.27883250600641	177.7705	177.7775	17734	29665	Plecotus austriacus	0.075	0.094	-1	Echolocation	192000	/home/adkris/Documents/mila-human-wav-txt/20220826_070000.WAV	121	Waveform 1	1
HF	182.2975	43500.0	43200.0	10.145213652913846	182.2925	182.2985	28046	53174	Myotis daubentonii	0.017	0.028	-1	Echolocation	192000	/home/adkris/Documents/mila-human-wav-txt/20220826_070000.WAV	122	Waveform 1	1
LF	186.41943333333333	20250.0	20160.0	7.352300820028543	186.4185	186.4344	19453	23771	Nyctalus noctula	0.03	0.051	-1	Echolocation	192000	/home/adkris/Documents/mila-human-wav-txt/20220826_070000.WAV	123	Waveform 1	1
LF	187.27156666666667	14250.0	14400.0	9.45600333163944	187.2695	187.2761	12578	26620	Plecotus auritus	0.02	0.025	-1	Echolocation	192000	/home/adkris/Documents/mila-human-wav-txt/20220826_070000.WAV	124	Waveform 1	1
HF	187.72006666666667	48000.0	47040.0	12.469370528835428	187.7175	187.7236	48671	52628	Pipistrellus pipistrellus	0.024	0.038	-1	Echolocation	192000	/home/adkris/Documents/mila-human-wav-txt/20220826_070000.WAV	125	Waveform 1	1
HF	191.7421	57000.0	56640.0	7.924753033168645	191.7395	191.7479	56406	64915	Pipistrellus pygmaeus	0.024	0.026	-1	Echolocation	192000	/home/adkris/Documents/mila-human-wav-txt/20220826_070000.WAV	126	Waveform 1	1
LF	192.3148	17250.0	17280.0	7.293682959219142	192.3125	192.3212	15156	21728	Plecotus auritus	0.021	0.036	-1	Echolocation	192000	/home/adkris/Documents/mila-human-wav-txt/20220826_070000.WAV	127	Waveform 1	1
HF	192.42316666666667	63750.0	59520.0	8.931761366109418	192.4215	192.4285	58125	68731	Pipistrellus pygmaeus	0.03	0.031	-1	Echolocation	192000	/home/adkris/Documents/mila-human-wav-txt/20220826_070000.WAV	128	Waveform 1	1
HF	192.4254	53250.0	49920.0	11.764119740332832	192.4235	192.4291	33203	70451	Myotis brandtii	0.008	0.023	-1	Echolocation	192000	/home/adkris/Documents/mila-human-wav-txt/20220826_070000.WAV	129	Waveform 1	1
HF	192.6603	59250.0	58560.0	9.262778072897971	192.6545	192.6632	60703	67103	Pipistrellus pygmaeus	0.027	0.029	-1	Echolocation	192000	/home/adkris/Documents/mila-human-wav-txt/20220826_070000.WAV	130	Waveform 1	1
HF	192.6617666666667	52500.0	49920.0	11.089702175019791	192.6595	192.6659	29765	61284	Myotis daubentonii	0.014	0.024	-1	Echolocation	192000	/home/adkris/Documents/mila-human-wav-txt/20220826_070000.WAV	131	Waveform 1	1
HF	192.79823333333331	56250.0	56640.0	14.479048996083538	192.7975	192.8031	32343	69692	Myotis brandtii	0.01	0.028	-1	Echolocation	192000	/home/adkris/Documents/mila-human-wav-txt/20220826_070000.WAV	132	Waveform 1	1
HF	192.9466	60000.0	59520.0	13.531562329852278	192.9425	192.9494	58984	68599	Pipistrellus pygmaeus	0.025	0.027	-1	Echolocation	192000	/home/adkris/Documents/mila-human-wav-txt/20220826_070000.WAV	133	Waveform 1	1
HF	192.94756666666663	54750.0	54719.99999999999	14.088820097061207	192.9445	192.9501	34062	78227	Myotis brandtii	0.012	0.026	-1	Echolocation	192000	/home/adkris/Documents/mila-human-wav-txt/20220826_070000.WAV	134	Waveform 1	1
HF	193.0133333333333	55500.0	55679.99999999999	16.55181707058075	193.0125	193.018	33203	70153	Myotis mystacinus	0.011	0.033	-1	Echolocation	192000	/home/adkris/Documents/mila-human-wav-txt/20220826_070000.WAV	135	Waveform 1	1
HF	193.08563333333333	54000.0	54719.99999999999	9.306557195298485	193.0845	193.0897	33203	80838	Myotis mystacinus	0.014	0.037	-1	Echolocation	192000	/home/adkris/Documents/mila-human-wav-txt/20220826_070000.WAV	136	Waveform 1	1
HF	193.23843333333332	54750.0	49920.0	17.594475581829656	193.2375	193.2429	32343	68550	Myotis brandtii	0.009	0.025	-1	Echolocation	192000	/home/adkris/Documents/mila-human-wav-txt/20220826_070000.WAV	137	Waveform 1	1
HF	193.29096666666663	57750.0	56640.0	17.946673227008297	193.2865	193.2942	58984	68323	Pipistrellus pygmaeus	0.041	0.044	-1	Echolocation	192000	/home/adkris/Documents/mila-human-wav-txt/20220826_070000.WAV	138	Waveform 1	1
HF	193.52723333333333	55500.0	54719.99999999999	17.01327376186842	193.5265	193.5321	32343	70937	Myotis mystacinus	0.013	0.034	-1	Echolocation	192000	/home/adkris/Documents/mila-human-wav-txt/20220826_070000.WAV	139	Waveform 1	1
HF	194.0052333333333	52500.0	49920.0	8.782170295663285	194.0035	194.0081	35781	86962	Myotis alcathoe	0.029	0.068	-1	Echolocation	192000	/home/adkris/Documents/mila-human-wav-txt/20220826_070000.WAV	140	Waveform 1	1
HF	194.0273	48750.0	48960.0	9.1733365269933	194.0255	194.0312	32343	70028	Myotis brandtii	0.012	0.03	-1	Echolocation	192000	/home/adkris/Documents/mila-human-wav-txt/20220826_070000.WAV	141	Waveform 1	1
HF	194.06496666666663	49500.0	48960.0	11.467882256749151	194.0645	194.0692	31484	80425	Myotis mystacinus	0.031	0.064	-1	Echolocation	192000	/home/adkris/Documents/mila-human-wav-txt/20220826_070000.WAV	142	Waveform 1	1
HF	194.1046333333333	48750.0	53760.00000000001	10.883389749413972	194.1035	194.1087	30625	69358	Myotis mystacinus	0.017	0.049	-1	Echolocation	192000	/home/adkris/Documents/mila-human-wav-txt/20220826_070000.WAV	143	Waveform 1	1
HF	194.1881	55500.0	55679.99999999999	7.968958967030635	194.1855	194.1904	30625	70488	Myotis mystacinus	0.011	0.031	-1	Echolocation	192000	/home/adkris/Documents/mila-human-wav-txt/20220826_070000.WAV	144	Waveform 1	1
HF	194.22836666666663	52500.0	52800.00000000001	11.006071296812593	194.2275	194.2318	31484	79478	Myotis mystacinus	0.022	0.052	-1	Echolocation	192000	/home/adkris/Documents/mila-human-wav-txt/20220826_070000.WAV	145	Waveform 1	1
HF	194.26493333333332	52500.0	52800.00000000001	8.979958245277288	194.2635	194.2684	32343	80510	Myotis mystacinus	0.022	0.056	-1	Echolocation	192000	/home/adkris/Documents/mila-human-wav-txt/20220826_070000.WAV	146	Waveform 1	1
HF	194.3046	53250.0	54719.99999999999	14.286784463689974	194.3035	194.3099	52968	63871	Pipistrellus pygmaeus	0.091	0.112	-1	Echolocation	192000	/home/adkris/Documents/mila-human-wav-txt/20220826_070000.WAV	147	Waveform 1	1
HF	194.3050333333333	47250.0	54719.99999999999	9.18533511133604	194.3035	194.3083	31484	81363	Myotis mystacinus	0.022	0.054	-1	Echolocation	192000	/home/adkris/Documents/mila-human-wav-txt/20220826_070000.WAV	148	Waveform 1	1
HF	194.3891333333333	53250.0	52800.00000000001	10.075817162779222	194.3875	194.3922	52109	57873	Pipistrellus pipistrellus	0.074	0.123	-1	Echolocation	192000	/home/adkris/Documents/mila-human-wav-txt/20220826_070000.WAV	149	Waveform 1	1
HF	195.20756666666665	52500.0	52800.00000000001	8.818443846195292	195.2075	195.2126	33203	65674	Myotis brandtii	0.009	0.028	-1	Echolocation	192000	/home/adkris/Documents/mila-human-wav-txt/20220826_070000.WAV	150	Waveform 1	1
HF	195.2782	60000.0	59520.0	10.601937105101625	195.2745	195.2818	58984	66404	Pipistrellus pygmaeus	0.02	0.025	-1	Echolocation	192000	/home/adkris/Documents/mila-human-wav-txt/20220826_070000.WAV	151	Waveform 1	1
HF	195.35596666666663	54000.0	48960.0	8.622745645512456	195.3555	195.3602	32343	71910	Myotis brandtii	0.021	0.063	-1	Echolocation	192000	/home/adkris/Documents/mila-human-wav-txt/20220826_070000.WAV	152	Waveform 1	1
HF	195.44073333333333	49500.0	48960.0	18.74216305568928	195.4365	195.4421	33203	63222	Myotis brandtii	0.008	0.025	-1	Echolocation	192000	/home/adkris/Documents/mila-human-wav-txt/20220826_070000.WAV	153	Waveform 1	1
HF	195.44096666666667	49500.0	48960.0	15.188156667542476	195.4385	195.4447	27187	49453	Myotis nattereri	0.014	0.026	-1	Echolocation	192000	/home/adkris/Documents/mila-human-wav-txt/20220826_070000.WAV	154	Waveform 1	1
HF	195.97493333333333	47250.0	47040.0	8.502358033059496	195.9735	195.9784	31484	67504	Myotis mystacinus	0.017	0.039	-1	Echolocation	192000	/home/adkris/Documents/mila-human-wav-txt/20220826_070000.WAV	155	Waveform 1	1
LF	196.21203333333327	24750.0	24000.0	7.144755386672179	196.2085	196.2183	23750	29520	Nyctalus leisleri	0.031	0.101	-1	Echolocation	192000	/home/adkris/Documents/mila-human-wav-txt/20220826_070000.WAV	156	Waveform 1	1
LF	198.0704	21750.0	22080.0	8.74662552886687	198.0695	198.0761	17734	30249	Plecotus austriacus	0.038	0.05	-1	Echolocation	192000	/home/adkris/Documents/mila-human-wav-txt/20220826_070000.WAV	157	Waveform 1	1
HF	201.79626666666667	51750.0	50880.0	7.315159169276448	201.7905	201.8039	50390	54071	Pipistrellus pygmaeus	0.05	0.091	-1	Echolocation	192000	/home/adkris/Documents/mila-human-wav-txt/20220826_070000.WAV	158	Waveform 1	1
HF	204.6629333333333	55500.0	55679.99999999999	9.616125163721016	204.6625	204.6684	55546	61328	Pipistrellus pygmaeus	0.062	0.065	-1	Echolocation	192000	/home/adkris/Documents/mila-human-wav-txt/20220826_070000.WAV	159	Waveform 1	1
LF	205.96336666666667	18750.0	20160.0	7.935471692948535	205.9615	205.9683	15156	26843	Plecotus austriacus	0.026	0.051	-1	Echolocation	192000	/home/adkris/Documents/mila-human-wav-txt/20220826_070000.WAV	160	Waveform 1	1
LF	207.56193333333331	19500.0	20160.0	15.973011908637943	207.5595	207.5669	17734	29073	Plecotus austriacus	0.051	0.072	-1	Echolocation	192000	/home/adkris/Documents/mila-human-wav-txt/20220826_070000.WAV	161	Waveform 1	1
LF	212.4397333333333	21000.0	21120.0	12.256163376822055	212.4385	212.4506	20312	24586	Nyctalus leisleri	0.02	0.043	-1	Echolocation	192000	/home/adkris/Documents/mila-human-wav-txt/20220826_070000.WAV	162	Waveform 1	1
HF	213.47476666666665	56250.0	55679.99999999999	8.141288562530828	213.4735	213.4809	54687	61932	Pipistrellus pygmaeus	0.04	0.042	-1	Echolocation	192000	/home/adkris/Documents/mila-human-wav-txt/20220826_070000.WAV	163	Waveform 1	1
LF	216.87573333333333	12750.0	12480.0	15.044209313309649	216.8745	216.8831	12578	18024	Nyctalus leisleri	0.013	0.026	-1	Echolocation	192000	/home/adkris/Documents/mila-human-wav-txt/20220826_070000.WAV	164	Waveform 1	1
LF	217.47476666666665	17250.0	17280.0	7.744094369832863	217.4735	217.4844	16015	20881	Nyctalus noctula	0.01	0.022	-1	Echolocation	192000	/home/adkris/Documents/mila-human-wav-txt/20220826_070000.WAV	165	Waveform 1	1
LF	220.35636666666667	20250.0	20160.0	8.617130599782893	220.3515	220.3623	18593	23351	Nyctalus noctula	0.017	0.06	-1	Echolocation	192000	/home/adkris/Documents/mila-human-wav-txt/20220826_070000.WAV	166	Waveform 1	1
LF	222.30173333333332	20250.0	20160.0	8.46359683472472	222.3005	222.3056	15156	33225	Plecotus auritus	0.058	0.103	-1	Echolocation	192000	/home/adkris/Documents/mila-human-wav-txt/20220826_070000.WAV	167	Waveform 1	1
LF	222.9917	19500.0	19200.0	7.759124116747773	222.9905	222.9968	15156	26493	Plecotus auritus	0.02	0.03	-1	Echolocation	192000	/home/adkris/Documents/mila-human-wav-txt/20220826_070000.WAV	168	Waveform 1	1
LF	224.0443	21750.0	22080.0	7.103609142716882	224.0415	224.0532	22031	25133	Nyctalus leisleri	0.017	0.031	-1	Echolocation	192000	/home/adkris/Documents/mila-human-wav-txt/20220826_070000.WAV	169	Waveform 1	1
LF	224.90976666666663	20250.0	20160.0	11.316636304615024	224.9055	224.9169	18593	24532	Nyctalus noctula	0.024	0.066	-1	Echolocation	192000	/home/adkris/Documents/mila-human-wav-txt/20220826_070000.WAV	170	Waveform 1	1
LF	227.3712333333333	19500.0	20160.0	8.055447897953442	227.3675	227.3771	18593	24032	Plecotus austriacus	0.029	0.084	-1	Echolocation	192000	/home/adkris/Documents/mila-human-wav-txt/20220826_070000.WAV	171	Waveform 1	1
LF	228.1942	18000.0	18240.0	12.650979065383252	228.1925	228.2088	18593	23472	Nyctalus noctula	0.013	0.025	-1	Echolocation	192000	/home/adkris/Documents/mila-human-wav-txt/20220826_070000.WAV	172	Waveform 1	1
HF	230.16866666666667	49500.0	49920.0	8.265559900190059	230.1655	230.171	34921	67629	Myotis mystacinus	0.016	0.04	-1	Echolocation	192000	/home/adkris/Documents/mila-human-wav-txt/20220826_070000.WAV	173	Waveform 1	1
HF	230.28243333333333	48750.0	48960.0	8.908816314353595	230.2785	230.2844	33203	62774	Myotis brandtii	0.007	0.023	-1	Echolocation	192000	/home/adkris/Documents/mila-human-wav-txt/20220826_070000.WAV	174	Waveform 1	1
HF	230.6626	59250.0	57600.0	8.524910871016832	230.6605	230.6659	56406	66011	Pipistrellus pygmaeus	0.087	0.091	-1	Echolocation	192000	/home/adkris/Documents/mila-human-wav-txt/20220826_070000.WAV	175	Waveform 1	1
HF	231.36586666666668	48750.0	51840.0	14.708579070780273	231.3625	231.3678	32343	76756	Myotis mystacinus	0.02	0.046	-1	Echolocation	192000	/home/adkris/Documents/mila-human-wav-txt/20220826_070000.WAV	176	Waveform 1	1
HF	231.42243333333332	55500.0	48960.0	18.91254208634852	231.4215	231.4269	31484	75280	Myotis mystacinus	0.02	0.051	-1	Echolocation	192000	/home/adkris/Documents/mila-human-wav-txt/20220826_070000.WAV	177	Waveform 1	1
LF	231.47296666666665	20250.0	20160.0	18.178060288410745	231.4715	231.4822	16875	23017	Plecotus austriacus	0.023	0.049	-1	Echolocation	192000	/home/adkris/Documents/mila-human-wav-txt/20220826_070000.WAV	178	Waveform 1	1
HF	231.5718	48750.0	48960.0	7.697940560225862	231.5705	231.5767	29765	51681	Myotis daubentonii	0.011	0.024	-1	Echolocation	192000	/home/adkris/Documents/mila-human-wav-txt/20220826_070000.WAV	179	Waveform 1	1
HF	231.91516666666664	55500.0	55679.99999999999	8.916643271543752	231.9145	231.919	34921	64787	Myotis mystacinus	0.022	0.055	-1	Echolocation	192000	/home/adkris/Documents/mila-human-wav-txt/20220826_070000.WAV	180	Waveform 1	1
HF	231.91566666666665	52500.0	55679.99999999999	7.45969492297462	231.9145	231.9185	27187	57937	Myotis nattereri	0.045	0.071	-1	Echolocation	192000	/home/adkris/Documents/mila-human-wav-txt/20220826_070000.WAV	181	Waveform 1	1
HF	231.9346	53250.0	54719.99999999999	7.72869851079864	231.9325	231.9379	34062	71443	Myotis brandtii	0.01	0.028	-1	Echolocation	192000	/home/adkris/Documents/mila-human-wav-txt/20220826_070000.WAV	182	Waveform 1	1
HF	232.068	48000.0	48000.0	7.139718582864944	232.0655	232.0705	36640	64442	Myotis mystacinus	0.012	0.032	-1	Echolocation	192000	/home/adkris/Documents/mila-human-wav-txt/20220826_070000.WAV	183	Waveform 1	1
LF	236.43176666666668	41250.0	41280.0	8.121882370195014	236.4295	236.4359	28906	43596	Myotis daubentonii	0.006	0.022	-1	Echolocation	192000	/home/adkris/Documents/mila-human-wav-txt/20220826_070000.WAV	184	Waveform 1	1
LF	237.07873333333333	21750.0	22080.0	7.439786730638795	237.0745	237.0836	18593	24896	Plecotus austriacus	0.022	0.046	-1	Echolocation	192000	/home/adkris/Documents/mila-human-wav-txt/20220826_070000.WAV	185	Waveform 1	1
LF	237.23433333333327	21000.0	21120.0	19.523142068494018	237.2335	237.2425	17734	24945	Plecotus austriacus	0.023	0.046	-1	Echolocation	192000	/home/adkris/Documents/mila-human-wav-txt/20220826_070000.WAV	186	Waveform 1	1
LF	239.0447	21750.0	20160.0	7.298699715253015	239.0405	239.0508	18593	24411	Plecotus austriacus	0.028	0.083	-1	Echolocation	192000	/home/adkris/Documents/mila-human-wav-txt/20220826_070000.WAV	187	Waveform 1	1
LF	239.7453	21000.0	20160.0	7.073114031556976	239.7415	239.7522	19453	23556	Nyctalus leisleri	0.022	0.071	-1	Echolocation	192000	/home/adkris/Documents/mila-human-wav-txt/20220826_070000.WAV	188	Waveform 1	1
LF	241.63446666666667	21000.0	21120.0	7.962029882056436	241.6325	241.6392	16875	29905	Plecotus austriacus	0.037	0.054	-1	Echolocation	192000	/home/adkris/Documents/mila-human-wav-txt/20220826_070000.WAV	189	Waveform 1	1
LF	245.2757	21750.0	22080.0	7.489213229924233	245.2715	245.2818	19453	24833	Plecotus austriacus	0.016	0.04	-1	Echolocation	192000	/home/adkris/Documents/mila-human-wav-txt/20220826_070000.WAV	190	Waveform 1	1
HF	245.7769	57000.0	56640.0	9.072826583048466	245.7755	245.7816	54687	61987	Pipistrellus pygmaeus	0.085	0.092	-1	Echolocation	192000	/home/adkris/Documents/mila-human-wav-txt/20220826_070000.WAV	191	Waveform 1	1
HF	245.9116	56250.0	56640.0	8.076084426847746	245.9095	245.9184	55546	63336	Pipistrellus pygmaeus	0.063	0.066	-1	Echolocation	192000	/home/adkris/Documents/mila-human-wav-txt/20220826_070000.WAV	192	Waveform 1	1
LF	247.54956666666664	41250.0	43200.0	7.467519890491171	247.5465	247.5521	30625	44615	Myotis daubentonii	0.014	0.034	-1	Echolocation	192000	/home/adkris/Documents/mila-human-wav-txt/20220826_070000.WAV	193	Waveform 1	1
LF	254.77896666666663	20250.0	20160.0	7.750437141634451	254.7745	254.7892	19453	23366	Nyctalus noctula	0.03	0.054	-1	Echolocation	192000	/home/adkris/Documents/mila-human-wav-txt/20220826_070000.WAV	194	Waveform 1	1
LF	255.9619	17250.0	17280.0	8.85041465341949	255.9605	255.9736	16015	20442	Nyctalus noctula	0.056	0.076	-1	Echolocation	192000	/home/adkris/Documents/mila-human-wav-txt/20220826_070000.WAV	195	Waveform 1	1
LF	256.6731	20250.0	20160.0	11.778208569031534	256.6715	256.6809	18593	24211	Plecotus austriacus	0.015	0.032	-1	Echolocation	192000	/home/adkris/Documents/mila-human-wav-txt/20220826_070000.WAV	196	Waveform 1	1
HF	259.5202	51000.0	49920.0	8.151389884346656	259.5185	259.5243	34921	62604	Myotis mystacinus	0.008	0.024	-1	Echolocation	192000	/home/adkris/Documents/mila-human-wav-txt/20220826_070000.WAV	197	Waveform 1	1
LF	259.7601	17250.0	17280.0	7.962233035683434	259.7585	259.7644	13437	30639	Plecotus auritus	0.039	0.043	-1	Echolocation	192000	/home/adkris/Documents/mila-human-wav-txt/20220826_070000.WAV	198	Waveform 1	1
LF	259.9560333333333	18750.0	19200.0	12.751913190278344	259.9505	259.9653	17734	23879	Nyctalus noctula	0.032	0.05	-1	Echolocation	192000	/home/adkris/Documents/mila-human-wav-txt/20220826_070000.WAV	199	Waveform 1	1
HF	260.5676	54750.0	54719.99999999999	7.253409511491595	260.5665	260.5729	54687	60009	Pipistrellus pygmaeus	0.051	0.061	-1	Echolocation	192000	/home/adkris/Documents/mila-human-wav-txt/20220826_070000.WAV	200	Waveform 1	1
HF	260.6055	58500.0	54719.99999999999	9.307027618847917	260.60450000000003	260.611	54687	61962	Pipistrellus pygmaeus	0.076	0.078	-1	Echolocation	192000	/home/adkris/Documents/mila-human-wav-txt/20220826_070000.WAV	201	Waveform 1	1
HF	260.75873333333334	56250.0	54719.99999999999	8.586461633902776	260.7575	260.7626	34062	75653	Myotis mystacinus	0.012	0.032	-1	Echolocation	192000	/home/adkris/Documents/mila-human-wav-txt/20220826_070000.WAV	202	Waveform 1	1
LF	263.458	21000.0	21120.0	13.807687053948436	263.4565	263.4625	16875	29583	Plecotus austriacus	0.081	0.124	-1	Echolocation	192000	/home/adkris/Documents/mila-human-wav-txt/20220826_070000.WAV	203	Waveform 1	1
LF	264.7126	21000.0	21120.0	7.825450944978904	264.7115	264.7179	17734	27654	Plecotus austriacus	0.036	0.061	-1	Echolocation	192000	/home/adkris/Documents/mila-human-wav-txt/20220826_070000.WAV	204	Waveform 1	1
HF	271.5448333333333	48750.0	48960.0	8.17422864640448	271.5435	271.5485	33203	74222	Myotis mystacinus	0.017	0.047	-1	Echolocation	192000	/home/adkris/Documents/mila-human-wav-txt/20220826_070000.WAV	205	Waveform 1	1
HF	271.6438	49500.0	49920.0	11.59494770174212	271.6415	271.6467	34062	69988	Myotis mystacinus	0.01	0.026	-1	Echolocation	192000	/home/adkris/Documents/mila-human-wav-txt/20220826_070000.WAV	206	Waveform 1	1
HF	271.9039333333333	50250.0	49920.0	10.915862770467918	271.9025	271.9074	32343	78550	Myotis mystacinus	0.027	0.061	-1	Echolocation	192000	/home/adkris/Documents/mila-human-wav-txt/20220826_070000.WAV	207	Waveform 1	1
HF	272.03996666666666	55500.0	55679.99999999999	12.111032981570029	272.0345	272.0412	53828	61784	Pipistrellus pipistrellus	0.014	0.032	-1	Echolocation	192000	/home/adkris/Documents/mila-human-wav-txt/20220826_070000.WAV	208	Waveform 1	1
HF	272.5376	53250.0	52800.00000000001	7.449574405420672	272.5355	272.5409	34062	68500	Myotis mystacinus	0.016	0.045	-1	Echolocation	192000	/home/adkris/Documents/mila-human-wav-txt/20220826_070000.WAV	209	Waveform 1	1
LF	272.8630333333333	21000.0	21120.0	8.010237592834489	272.8615	272.8698	19453	26510	Plecotus austriacus	0.067	0.113	-1	Echolocation	192000	/home/adkris/Documents/mila-human-wav-txt/20220826_070000.WAV	210	Waveform 1	1
LF	274.238	19500.0	19200.0	9.165560227930538	274.2315	274.2465	18593	23704	Nyctalus noctula	0.023	0.041	-1	Echolocation	192000	/home/adkris/Documents/mila-human-wav-txt/20220826_070000.WAV	211	Waveform 1	1
LF	274.26913333333334	21000.0	21120.0	11.36365641957675	274.2645	274.2732	19453	27232	Plecotus austriacus	0.05	0.097	-1	Echolocation	192000	/home/adkris/Documents/mila-human-wav-txt/20220826_070000.WAV	212	Waveform 1	1
LF	274.38166666666666	21000.0	22080.0	15.487434926860832	274.3775	274.389	18593	23804	Nyctalus noctula	0.029	0.08	-1	Echolocation	192000	/home/adkris/Documents/mila-human-wav-txt/20220826_070000.WAV	213	Waveform 1	1
LF	279.10336666666666	20250.0	21120.0	14.147856359368678	279.1015	279.1083	16875	30088	Plecotus austriacus	0.021	0.031	-1	Echolocation	192000	/home/adkris/Documents/mila-human-wav-txt/20220826_070000.WAV	214	Waveform 1	1
LF	281.2109	20250.0	20160.0	9.21310281754876	281.2095	281.2191	19453	24698	Plecotus austriacus	0.034	0.093	-1	Echolocation	192000	/home/adkris/Documents/mila-human-wav-txt/20220826_070000.WAV	215	Waveform 1	1
HF	282.0794666666667	49500.0	49920.0	7.257690848821266	282.0765	282.0822	35781	67119	Myotis mystacinus	0.008	0.026	-1	Echolocation	192000	/home/adkris/Documents/mila-human-wav-txt/20220826_070000.WAV	216	Waveform 1	1
LF	284.25776666666667	21000.0	21120.0	8.492723324979874	284.2545	284.2634	18593	24956	Plecotus austriacus	0.033	0.06	-1	Echolocation	192000	/home/adkris/Documents/mila-human-wav-txt/20220826_070000.WAV	217	Waveform 1	1
LF	284.83773333333335	19500.0	20160.0	7.004176158459482	284.8365	284.8416	14296	32674	Plecotus auritus	0.03	0.05	-1	Echolocation	192000	/home/adkris/Documents/mila-human-wav-txt/20220826_070000.WAV	218	Waveform 1	1
LF	285.0062	19500.0	20160.0	19.434575940286063	285.0045	285.0173	18593	24223	Nyctalus noctula	0.042	0.068	-1	Echolocation	192000	/home/adkris/Documents/mila-human-wav-txt/20220826_070000.WAV	219	Waveform 1	1
LF	288.69503333333336	19500.0	20160.0	7.606002355779183	288.6905	288.7063	19453	24230	Nyctalus noctula	0.028	0.049	-1	Echolocation	192000	/home/adkris/Documents/mila-human-wav-txt/20220826_070000.WAV	220	Waveform 1	1
LF	294.3996666666667	19500.0	20160.0	15.81833044751954	294.3945	294.405	18593	24236	Plecotus austriacus	0.026	0.075	-1	Echolocation	192000	/home/adkris/Documents/mila-human-wav-txt/20220826_070000.WAV	221	Waveform 1	1
LF	294.9967	19500.0	20160.0	12.917187267562335	294.9955	295.0053	16015	21929	Nyctalus noctula	0.028	0.05	-1	Echolocation	192000	/home/adkris/Documents/mila-human-wav-txt/20220826_070000.WAV	222	Waveform 1	1
LF	296.47426666666667	21000.0	20160.0	7.051218081315706	296.4715	296.4879	19453	23493	Nyctalus noctula	0.028	0.054	-1	Echolocation	192000	/home/adkris/Documents/mila-human-wav-txt/20220826_070000.WAV	223	Waveform 1	1
LF	297.71253333333334	21000.0	21120.0	9.33605075485712	297.7105	297.7183	17734	27424	Plecotus austriacus	0.055	0.07	-1	Echolocation	192000	/home/adkris/Documents/mila-human-wav-txt/20220826_070000.WAV	224	Waveform 1	1
HF	303.19593333333336	48750.0	48960.0	7.056039489916962	303.1925	303.1989	49531	53215	Pipistrellus pipistrellus	0.016	0.028	-1	Echolocation	192000	/home/adkris/Documents/mila-human-wav-txt/20220826_070000.WAV	225	Waveform 1	1
HF	308.2712666666667	48000.0	48000.0	8.027885612765811	308.2635	308.2784	46953	52401	Pipistrellus pipistrellus	0.079	0.103	-1	Echolocation	192000	/home/adkris/Documents/mila-human-wav-txt/20220826_070000.WAV	226	Waveform 1	1
LF	309.2744666666667	20250.0	20160.0	8.178921632666702	309.2705	309.2787	17734	25819	Plecotus austriacus	0.05	0.084	-1	Echolocation	192000	/home/adkris/Documents/mila-human-wav-txt/20220826_070000.WAV	227	Waveform 1	1
HF	309.80216666666666	51750.0	49920.0	7.960878239974035	309.7975	309.805	49531	55699	Pipistrellus pipistrellus	0.022	0.038	-1	Echolocation	192000	/home/adkris/Documents/mila-human-wav-txt/20220826_070000.WAV	228	Waveform 1	1
LF	312.1027	15000.0	16320.000000000002	7.362835952216181	312.1015	312.1078	13437	30898	Plecotus auritus	0.016	0.025	-1	Echolocation	192000	/home/adkris/Documents/mila-human-wav-txt/20220826_070000.WAV	229	Waveform 1	1
LF	313.73193333333336	17250.0	17280.0	7.39278531295514	313.7315	313.7374	13437	31002	Plecotus auritus	0.017	0.032	-1	Echolocation	192000	/home/adkris/Documents/mila-human-wav-txt/20220826_070000.WAV	230	Waveform 1	1
LF	320.67813333333334	19500.0	20160.0	11.957350350558777	320.6695	320.6812	19453	24551	Plecotus austriacus	0.007	0.023	-1	Echolocation	192000	/home/adkris/Documents/mila-human-wav-txt/20220826_070000.WAV	231	Waveform 1	1
LF	321.9099	20250.0	20160.0	8.91723186633286	321.9085	321.9146	14296	32547	Plecotus auritus	0.027	0.033	-1	Echolocation	192000	/home/adkris/Documents/mila-human-wav-txt/20220826_070000.WAV	232	Waveform 1	1
LF	324.53253333333333	21000.0	21120.0	7.916805738304568	324.5295	324.5398	18593	24226	Plecotus austriacus	0.024	0.05	-1	Echolocation	192000	/home/adkris/Documents/mila-human-wav-txt/20220826_070000.WAV	233	Waveform 1	1
LF	326.03833333333336	20250.0	20160.0	8.18692621142001	326.0345	326.0475	19453	24652	Nyctalus noctula	0.022	0.052	-1	Echolocation	192000	/home/adkris/Documents/mila-human-wav-txt/20220826_070000.WAV	234	Waveform 1	1
LF	328.9185	21000.0	21120.0	11.787722205901463	328.9135	328.923	18593	24704	Plecotus austriacus	0.02	0.053	-1	Echolocation	192000	/home/adkris/Documents/mila-human-wav-txt/20220826_070000.WAV	235	Waveform 1	1
LF	329.7106	19500.0	19200.0	13.502626419474	329.7095	329.7194	16875	22948	Plecotus austriacus	0.018	0.041	-1	Echolocation	192000	/home/adkris/Documents/mila-human-wav-txt/20220826_070000.WAV	236	Waveform 1	1
LF	338.1374666666667	18750.0	20160.0	8.445496792465796	338.1355	338.1422	16015	26069	Plecotus austriacus	0.018	0.035	-1	Echolocation	192000	/home/adkris/Documents/mila-human-wav-txt/20220826_070000.WAV	237	Waveform 1	1
LF	346.17126666666667	18000.0	16320.000000000002	8.871754392987292	346.1685	346.1744	12578	31616	Barbastellus barbastellus	0.079	0.104	-1	Echolocation	192000	/home/adkris/Documents/mila-human-wav-txt/20220826_070000.WAV	238	Waveform 1	1
LF	353.4334	17250.0	17280.0	7.2763982234988545	353.4325	353.4391	14296	28075	Plecotus auritus	0.018	0.031	-1	Echolocation	192000	/home/adkris/Documents/mila-human-wav-txt/20220826_070000.WAV	239	Waveform 1	1
LF	354.0366666666667	21750.0	22080.0	8.297951245383716	354.0315	354.04200000000003	22031	26646	Nyctalus leisleri	0.017	0.049	-1	Echolocation	192000	/home/adkris/Documents/mila-human-wav-txt/20220826_070000.WAV	240	Waveform 1	1
LF	356.2515666666667	21000.0	20160.0	7.614586827362374	356.2485	356.2576	18593	25049	Plecotus austriacus	0.031	0.061	-1	Echolocation	192000	/home/adkris/Documents/mila-human-wav-txt/20220826_070000.WAV	241	Waveform 1	1
LF	356.65913333333333	20250.0	20160.0	7.167806354956409	356.6565	356.6672	19453	23443	Nyctalus leisleri	0.023	0.066	-1	Echolocation	192000	/home/adkris/Documents/mila-human-wav-txt/20220826_070000.WAV	242	Waveform 1	1
LF	357.25093333333336	21750.0	22080.0	10.009503270122035	357.2495	357.2579	20312	26002	Plecotus austriacus	0.03	0.083	-1	Echolocation	192000	/home/adkris/Documents/mila-human-wav-txt/20220826_070000.WAV	243	Waveform 1	1
LF	357.8559333333333	24000.0	24000.0	7.035630852317118	357.8505	357.8584	20312	27878	Plecotus austriacus	0.012	0.025	-1	Echolocation	192000	/home/adkris/Documents/mila-human-wav-txt/20220826_070000.WAV	244	Waveform 1	1
LF	358.4473	20250.0	20160.0	7.899356695367201	358.4455	358.4547	18593	24083	Plecotus austriacus	0.023	0.044	-1	Echolocation	192000	/home/adkris/Documents/mila-human-wav-txt/20220826_070000.WAV	245	Waveform 1	1
LF	358.6884333333333	21750.0	22080.0	7.416197137925408	358.6875	358.6929	17734	33865	Plecotus austriacus	0.057	0.09	-1	Echolocation	192000	/home/adkris/Documents/mila-human-wav-txt/20220826_070000.WAV	246	Waveform 1	1
LF	358.9139333333333	21750.0	20160.0	12.158125930144834	358.9115	358.9189	17734	26475	Plecotus austriacus	0.067	0.106	-1	Echolocation	192000	/home/adkris/Documents/mila-human-wav-txt/20220826_070000.WAV	247	Waveform 1	1
LF	364.6357	24000.0	20160.0	8.933329814150294	364.6345	364.6408	17734	31257	Plecotus austriacus	0.026	0.042	-1	Echolocation	192000	/home/adkris/Documents/mila-human-wav-txt/20220826_070000.WAV	248	Waveform 1	1
HF	367.0122	48750.0	48960.0	11.394244954609958	367.0075	367.0138	49531	53065	Pipistrellus pipistrellus	0.014	0.027	-1	Echolocation	192000	/home/adkris/Documents/mila-human-wav-txt/20220826_070000.WAV	249	Waveform 1	1
HF	367.2191333333333	48750.0	48000.0	16.498303561419437	367.2155	367.2217	48671	52703	Pipistrellus pipistrellus	0.018	0.03	-1	Echolocation	192000	/home/adkris/Documents/mila-human-wav-txt/20220826_070000.WAV	250	Waveform 1	1
HF	367.6256	48000.0	48960.0	12.443166444581037	367.6205	367.6264	50390	56775	Pipistrellus pipistrellus	0.015	0.027	-1	Echolocation	192000	/home/adkris/Documents/mila-human-wav-txt/20220826_070000.WAV	251	Waveform 1	1
HF	367.9171666666667	40500.0	41280.0	25.83336543582305	367.9145	367.9205	29765	53340	Barbastellus barbastellus	0.044	0.073	-1	Echolocation	192000	/home/adkris/Documents/mila-human-wav-txt/20220826_070000.WAV	252	Waveform 1	1
HF	368.0169333333333	41250.0	45120.0	23.270198182118733	368.0125	368.0179	30625	60637	Barbastellus barbastellus	0.034	0.085	-1	Echolocation	192000	/home/adkris/Documents/mila-human-wav-txt/20220826_070000.WAV	253	Waveform 1	1
HF	368.0154	44250.0	45120.0	12.689373800936202	368.0145	368.0211	23750	49445	Myotis nattereri	0.027	0.045	-1	Echolocation	192000	/home/adkris/Documents/mila-human-wav-txt/20220826_070000.WAV	254	Waveform 1	1
HF	368.0933	57000.0	54719.99999999999	7.731194355956057	368.0845	368.0937	54687	61124	Pipistrellus pygmaeus	0.022	0.023	-1	Echolocation	192000	/home/adkris/Documents/mila-human-wav-txt/20220826_070000.WAV	255	Waveform 1	1
HF	368.0924	48750.0	48960.0	17.280918803595696	368.0875	368.0936	49531	55779	Pipistrellus pipistrellus	0.014	0.026	-1	Echolocation	192000	/home/adkris/Documents/mila-human-wav-txt/20220826_070000.WAV	256	Waveform 1	1
HF	368.0957	41250.0	45120.0	7.976628514855115	368.0935	368.0988	25468	63381	Myotis nattereri	0.021	0.043	-1	Echolocation	192000	/home/adkris/Documents/mila-human-wav-txt/20220826_070000.WAV	257	Waveform 1	1
HF	368.1945666666667	55500.0	55679.99999999999	9.2914675487895	368.1895	368.2001	55546	62078	Pipistrellus pygmaeus	0.025	0.025	-1	Echolocation	192000	/home/adkris/Documents/mila-human-wav-txt/20220826_070000.WAV	258	Waveform 1	1
HF	368.29066666666665	57750.0	55679.99999999999	8.098557301423334	368.2855	368.296	56406	62343	Pipistrellus pygmaeus	0.029	0.029	-1	Echolocation	192000	/home/adkris/Documents/mila-human-wav-txt/20220826_070000.WAV	259	Waveform 1	1
LF	368.2977333333333	43500.0	40320.0	8.718000647756206	368.2975	368.3036	23750	46670	Myotis nattereri	0.014	0.03	-1	Echolocation	192000	/home/adkris/Documents/mila-human-wav-txt/20220826_070000.WAV	260	Waveform 1	1
HF	368.7526	54000.0	48960.0	21.61992618556896	368.7485	368.7589	49531	57048	Pipistrellus pipistrellus	0.023	0.042	-1	Echolocation	192000	/home/adkris/Documents/mila-human-wav-txt/20220826_070000.WAV	261	Waveform 1	1
HF	368.8484333333333	48750.0	48960.0	11.027409921429738	368.8475	368.8529	48671	55621	Pipistrellus pipistrellus	0.025	0.042	-1	Echolocation	192000	/home/adkris/Documents/mila-human-wav-txt/20220826_070000.WAV	262	Waveform 1	1
HF	369.05696666666665	52500.0	48960.0	18.25482315008347	369.0545	369.0607	49531	56760	Pipistrellus pipistrellus	0.041	0.07	-1	Echolocation	192000	/home/adkris/Documents/mila-human-wav-txt/20220826_070000.WAV	263	Waveform 1	1
HF	369.05893333333336	44250.0	44160.0	24.27684642906717	369.0555	369.0619	31484	64972	Myotis bechsteinii	0.031	0.068	-1	Echolocation	192000	/home/adkris/Documents/mila-human-wav-txt/20220826_070000.WAV	264	Waveform 1	1
HF	369.23676666666665	48000.0	47040.0	21.09761920809643	369.2315	369.2384	46953	56707	Pipistrellus pipistrellus	0.034	0.06	-1	Echolocation	192000	/home/adkris/Documents/mila-human-wav-txt/20220826_070000.WAV	265	Waveform 1	1
HF	369.3272333333333	45750.0	45120.0	20.599848844473456	369.3235	369.3296	45234	57092	Pipistrellus nathusii	0.073	0.104	-1	Echolocation	192000	/home/adkris/Documents/mila-human-wav-txt/20220826_070000.WAV	266	Waveform 1	1
HF	369.59113333333335	47250.0	47040.0	14.010711117402211	369.5905	369.5962	47812	53464	Pipistrellus pipistrellus	0.016	0.032	-1	Echolocation	192000	/home/adkris/Documents/mila-human-wav-txt/20220826_070000.WAV	267	Waveform 1	1
HF	369.8682333333333	49500.0	48960.0	9.51279275110707	369.8675	369.8731	48671	53354	Pipistrellus pipistrellus	0.026	0.05	-1	Echolocation	192000	/home/adkris/Documents/mila-human-wav-txt/20220826_070000.WAV	268	Waveform 1	1
LF	369.8716666666666	39750.0	40320.0	7.922722047672476	369.8695	369.876	24609	45319	Myotis nattereri	0.015	0.028	-1	Echolocation	192000	/home/adkris/Documents/mila-human-wav-txt/20220826_070000.WAV	269	Waveform 1	1
LF	371.79196666666667	19500.0	20160.0	7.874715577451501	371.7895	371.7957	14296	26464	Plecotus auritus	0.031	0.035	-1	Echolocation	192000	/home/adkris/Documents/mila-human-wav-txt/20220826_070000.WAV	270	Waveform 1	1
LF	371.836	24000.0	24000.0	7.82024764128816	371.8305	371.8465	22890	25530	Nyctalus leisleri	0.048	0.1	-1	Echolocation	192000	/home/adkris/Documents/mila-human-wav-txt/20220826_070000.WAV	271	Waveform 1	1
LF	375.45346666666666	20250.0	20160.0	7.777071816655614	375.4515	375.4617	20312	24031	Nyctalus leisleri	0.011	0.028	-1	Echolocation	192000	/home/adkris/Documents/mila-human-wav-txt/20220826_070000.WAV	272	Waveform 1	1
LF	382.8368	21000.0	22080.0	11.436400177955456	382.8325	382.8427	18593	24126	Plecotus austriacus	0.026	0.067	-1	Echolocation	192000	/home/adkris/Documents/mila-human-wav-txt/20220826_070000.WAV	273	Waveform 1	1
LF	383.1	19500.0	20160.0	9.605555619418984	383.0975	383.106	16015	23187	Plecotus austriacus	0.016	0.036	-1	Echolocation	192000	/home/adkris/Documents/mila-human-wav-txt/20220826_070000.WAV	274	Waveform 1	1
LF	384.5231	21750.0	22080.0	8.98804548416101	384.5215	384.5274	18593	32877	Plecotus austriacus	0.071	0.099	-1	Echolocation	192000	/home/adkris/Documents/mila-human-wav-txt/20220826_070000.WAV	275	Waveform 1	1
LF	386.7741333333333	13500.0	13440.000000000002	8.301014140077896	386.7705	386.7802	12578	16263	Nyctalus leisleri	0.012	0.035	-1	Echolocation	192000	/home/adkris/Documents/mila-human-wav-txt/20220826_070000.WAV	276	Waveform 1	1
LF	387.0541333333333	21000.0	21120.0	11.894520024162317	387.0525	387.0607	17734	26092	Plecotus austriacus	0.055	0.08	-1	Echolocation	192000	/home/adkris/Documents/mila-human-wav-txt/20220826_070000.WAV	277	Waveform 1	1
LF	389.17106666666666	21000.0	22080.0	8.290507903185931	389.1685	389.1816	21171	24346	Nyctalus leisleri	0.021	0.042	-1	Echolocation	192000	/home/adkris/Documents/mila-human-wav-txt/20220826_070000.WAV	278	Waveform 1	1
LF	397.5566333333333	20250.0	20160.0	18.11892506286605	397.5545	397.5622	17734	27243	Plecotus austriacus	0.032	0.05	-1	Echolocation	192000	/home/adkris/Documents/mila-human-wav-txt/20220826_070000.WAV	279	Waveform 1	1
HF	402.4071333333333	27750.0	27840.0	9.631484561248843	402.4045	402.4082	29765	47909	Myotis daubentonii	0.066	0.11	-1	Echolocation	192000	/home/adkris/Documents/mila-human-wav-txt/20220826_070000.WAV	280	Waveform 1	1
LF	407.1961	21000.0	21120.0	7.327369028691397	407.1925	407.1999	16875	24269	Plecotus auritus	0.041	0.07	-1	Echolocation	192000	/home/adkris/Documents/mila-human-wav-txt/20220826_070000.WAV	281	Waveform 1	1
LF	417.80986666666666	19500.0	18240.0	8.771025818459496	417.8095	417.8213	16875	22715	Nyctalus noctula	0.019	0.035	-1	Echolocation	192000	/home/adkris/Documents/mila-human-wav-txt/20220826_070000.WAV	282	Waveform 1	1
LF	422.6154	19500.0	19200.0	11.164344127324084	422.6085	422.6301	19453	25124	Nyctalus noctula	0.029	0.04	-1	Echolocation	192000	/home/adkris/Documents/mila-human-wav-txt/20220826_070000.WAV	283	Waveform 1	1
LF	423.7903333333333	20250.0	20160.0	8.359720411286256	423.7885	423.8	18593	23737	Nyctalus noctula	0.014	0.041	-1	Echolocation	192000	/home/adkris/Documents/mila-human-wav-txt/20220826_070000.WAV	284	Waveform 1	1
HF	433.35653333333335	50250.0	49920.0	8.653861601235741	433.3525	433.3583	34062	67072	Myotis brandtii	0.007	0.021	-1	Echolocation	192000	/home/adkris/Documents/mila-human-wav-txt/20220826_070000.WAV	285	Waveform 1	1
HF	433.93826666666666	52500.0	48960.0	8.126440564199031	433.9355	433.9414	34921	66071	Myotis mystacinus	0.008	0.025	-1	Echolocation	192000	/home/adkris/Documents/mila-human-wav-txt/20220826_070000.WAV	286	Waveform 1	1
HF	434.2085666666667	50250.0	52800.00000000001	11.457156211474764	434.2055	434.2111	35781	62123	Myotis brandtii	0.009	0.021	-1	Echolocation	192000	/home/adkris/Documents/mila-human-wav-txt/20220826_070000.WAV	287	Waveform 1	1
LF	434.22473333333335	17250.0	20160.0	9.229974813088113	434.2225	434.2301	15156	26026	Plecotus auritus	0.039	0.057	-1	Echolocation	192000	/home/adkris/Documents/mila-human-wav-txt/20220826_070000.WAV	288	Waveform 1	1
LF	444.9772333333333	21750.0	22080.0	11.36541885094747	444.9725	444.9811	20312	27712	Plecotus austriacus	0.032	0.099	-1	Echolocation	192000	/home/adkris/Documents/mila-human-wav-txt/20220826_070000.WAV	289	Waveform 1	1
LF	446.3661	20250.0	20160.0	9.688503597945564	446.3605	446.3729	18593	23993	Nyctalus noctula	0.015	0.036	-1	Echolocation	192000	/home/adkris/Documents/mila-human-wav-txt/20220826_070000.WAV	290	Waveform 1	1
LF	449.0265	21750.0	22080.0	8.523782998435063	449.0215	449.031	19453	24831	Plecotus austriacus	0.014	0.043	-1	Echolocation	192000	/home/adkris/Documents/mila-human-wav-txt/20220826_070000.WAV	291	Waveform 1	1
LF	449.3736	20250.0	20160.0	10.867736591415548	449.3725	449.3789	14296	28550	Plecotus auritus	0.035	0.053	-1	Echolocation	192000	/home/adkris/Documents/mila-human-wav-txt/20220826_070000.WAV	292	Waveform 1	1
LF	451.5300666666666	21000.0	21120.0	7.564964094279887	451.5255	451.5366	19453	24234	Plecotus austriacus	0.008	0.028	-1	Echolocation	192000	/home/adkris/Documents/mila-human-wav-txt/20220826_070000.WAV	293	Waveform 1	1
LF	451.83506666666665	15000.0	15360.0	7.00561570228532	451.8335	451.8406	13437	20170	Plecotus auritus	0.021	0.029	-1	Echolocation	192000	/home/adkris/Documents/mila-human-wav-txt/20220826_070000.WAV	294	Waveform 1	1
LF	455.3697	20250.0	20160.0	13.064112381425756	455.3675	455.3763	18593	25008	Plecotus austriacus	0.041	0.096	-1	Echolocation	192000	/home/adkris/Documents/mila-human-wav-txt/20220826_070000.WAV	295	Waveform 1	1
LF	458.8306	18750.0	19200.0	7.220852708761022	458.8275	458.8354	16015	23592	Plecotus auritus	0.025	0.046	-1	Echolocation	192000	/home/adkris/Documents/mila-human-wav-txt/20220826_070000.WAV	296	Waveform 1	1
LF	460.4008333333333	21000.0	20160.0	13.19004264500003	460.3995	460.408	19453	25182	Plecotus austriacus	0.045	0.105	-1	Echolocation	192000	/home/adkris/Documents/mila-human-wav-txt/20220826_070000.WAV	297	Waveform 1	1
LF	465.6134333333333	20250.0	20160.0	14.453511890021923	465.6085	465.6204	18593	23610	Nyctalus noctula	0.018	0.049	-1	Echolocation	192000	/home/adkris/Documents/mila-human-wav-txt/20220826_070000.WAV	298	Waveform 1	1
LF	473.2433333333333	21750.0	22080.0	7.217696749337571	473.2425	473.248	15156	31243	Plecotus austriacus	0.017	0.031	-1	Echolocation	192000	/home/adkris/Documents/mila-human-wav-txt/20220826_070000.WAV	299	Waveform 1	1
HF	476.1421333333333	54750.0	53760.00000000001	7.404724034825428	476.1385	476.1447	46093	62275	Pipistrellus pipistrellus	0.026	0.074	-1	Echolocation	192000	/home/adkris/Documents/mila-human-wav-txt/20220826_070000.WAV	300	Waveform 1	1
LF	479.0189	21000.0	21120.0	10.361976686450042	479.0145	479.0246	18593	24106	Plecotus austriacus	0.022	0.055	-1	Echolocation	192000	/home/adkris/Documents/mila-human-wav-txt/20220826_070000.WAV	301	Waveform 1	1
LF	481.8003	21000.0	21120.0	7.270569025033291	481.7975	481.8057	18593	26866	Plecotus austriacus	0.064	0.099	-1	Echolocation	192000	/home/adkris/Documents/mila-human-wav-txt/20220826_070000.WAV	302	Waveform 1	1
HF	484.0749333333333	53250.0	52800.00000000001	7.252984276677573	484.0695	484.0844	51250	55693	Pipistrellus pipistrellus	0.088	0.122	-1	Echolocation	192000	/home/adkris/Documents/mila-human-wav-txt/20220826_070000.WAV	303	Waveform 1	1
HF	484.8068333333333	74250.0	75840.0	8.382041724438945	484.7835	484.819	68437	81595	Rhinolophus ferrumequinum	0.023	0.023	-1	Echolocation	192000	/home/adkris/Documents/mila-human-wav-txt/20220826_070000.WAV	304	Waveform 1	1
HF	484.8042333333333	50250.0	49920.0	8.628958752508595	484.7875	484.8051	48671	58625	Pipistrellus pipistrellus	0.018	0.028	-1	Echolocation	192000	/home/adkris/Documents/mila-human-wav-txt/20220826_070000.WAV	305	Waveform 1	1
HF	485.1079333333333	50250.0	51840.0	8.965297609266864	485.0945	485.1119	49531	58273	Rhinolophus ferrumequinum	0.011	0.028	-1	Echolocation	192000	/home/adkris/Documents/mila-human-wav-txt/20220826_070000.WAV	306	Waveform 1	1
HF	485.6938333333333	53250.0	52800.00000000001	7.520429340966576	485.6905	485.704	52109	55470	Pipistrellus pygmaeus	0.069	0.091	-1	Echolocation	192000	/home/adkris/Documents/mila-human-wav-txt/20220826_070000.WAV	307	Waveform 1	1
HF	486.5756	50250.0	49920.0	8.861346350026302	486.5725	486.5909	48671	56226	Pipistrellus pipistrellus	0.094	0.116	-1	Echolocation	192000	/home/adkris/Documents/mila-human-wav-txt/20220826_070000.WAV	308	Waveform 1	1
LF	487.2928333333333	26250.0	25920.0	12.332809786176696	487.2745	487.294	22031	25689	Nyctalus leisleri	0.014	0.027	-1	Echolocation	192000	/home/adkris/Documents/mila-human-wav-txt/20220826_070000.WAV	309	Waveform 1	1
HF	487.30786666666665	50250.0	49920.0	12.398475479277849	487.2915	487.3083	50390	53589	Pipistrellus pygmaeus	0.047	0.064	-1	Echolocation	192000	/home/adkris/Documents/mila-human-wav-txt/20220826_070000.WAV	310	Waveform 1	1
LF	487.6154	23250.0	24000.0	7.866576955647648	487.6065	487.6226	22890	24858	Nyctalus leisleri	0.08	0.093	-1	Echolocation	192000	/home/adkris/Documents/mila-human-wav-txt/20220826_070000.WAV	311	Waveform 1	1
HF	488.8881	50250.0	49920.0	9.478880447543144	488.8755	488.8949	49531	55860	Rhinolophus ferrumequinum	0.023	0.035	-1	Echolocation	192000	/home/adkris/Documents/mila-human-wav-txt/20220826_070000.WAV	312	Waveform 1	1
HF	488.88233333333335	78000.0	75840.0	8.21788258191363	488.8755	488.91	67578	80081	Rhinolophus ferrumequinum	0.028	0.028	-1	Echolocation	192000	/home/adkris/Documents/mila-human-wav-txt/20220826_070000.WAV	313	Waveform 1	1
LF	490.2412	14250.0	14400.0	9.830243496616555	490.2395	490.2488	13437	17433	Nyctalus leisleri	0.03	0.047	-1	Echolocation	192000	/home/adkris/Documents/mila-human-wav-txt/20220826_070000.WAV	314	Waveform 1	1
LF	491.62826666666666	20250.0	20160.0	13.005775895211936	491.6245	491.6329	17734	25883	Plecotus austriacus	0.05	0.084	-1	Echolocation	192000	/home/adkris/Documents/mila-human-wav-txt/20220826_070000.WAV	315	Waveform 1	1
LF	500.9557	20250.0	20160.0	11.180554512216732	500.9505	500.9598	19453	25192	Plecotus austriacus	0.024	0.064	-1	Echolocation	192000	/home/adkris/Documents/mila-human-wav-txt/20220826_070000.WAV	316	Waveform 1	1
LF	503.63306666666665	12750.0	13440.000000000002	7.084698987163208	503.6315	503.6386	12578	23138	Plecotus auritus	0.011	0.036	-1	Echolocation	192000	/home/adkris/Documents/mila-human-wav-txt/20220826_070000.WAV	317	Waveform 1	1
LF	505.8600666666667	19500.0	20160.0	7.4299992921623055	505.8585	505.8656	14296	28267	Plecotus auritus	0.02	0.028	-1	Echolocation	192000	/home/adkris/Documents/mila-human-wav-txt/20220826_070000.WAV	318	Waveform 1	1
LF	506.2026333333333	21000.0	22080.0	7.659017652229264	506.2015	506.2102	19453	24959	Plecotus austriacus	0.018	0.037	-1	Echolocation	192000	/home/adkris/Documents/mila-human-wav-txt/20220826_070000.WAV	319	Waveform 1	1
LF	507.2253	19500.0	20160.0	13.84331836913438	507.2205	507.2302	18593	24310	Plecotus austriacus	0.04	0.092	-1	Echolocation	192000	/home/adkris/Documents/mila-human-wav-txt/20220826_070000.WAV	320	Waveform 1	1
LF	507.3666333333333	20250.0	20160.0	7.394928902079371	507.3655	507.3742	20312	24345	Plecotus austriacus	0.011	0.025	-1	Echolocation	192000	/home/adkris/Documents/mila-human-wav-txt/20220826_070000.WAV	321	Waveform 1	1
LF	509.1786	20250.0	22080.0	7.8286745522986	509.1755	509.1834	17734	25814	Plecotus austriacus	0.039	0.073	-1	Echolocation	192000	/home/adkris/Documents/mila-human-wav-txt/20220826_070000.WAV	322	Waveform 1	1
LF	512.3678666666667	20250.0	20160.0	17.059469965627912	512.3665	512.3773	18593	24081	Nyctalus noctula	0.017	0.039	-1	Echolocation	192000	/home/adkris/Documents/mila-human-wav-txt/20220826_070000.WAV	323	Waveform 1	1
LF	519.9461	17250.0	20160.0	8.692318305004141	519.9435	519.9519	16015	23337	Plecotus austriacus	0.023	0.052	-1	Echolocation	192000	/home/adkris/Documents/mila-human-wav-txt/20220826_070000.WAV	324	Waveform 1	1
LF	526.0952333333333	17250.0	20160.0	8.906248659433322	526.0935	526.1051	16015	21417	Nyctalus noctula	0.04	0.061	-1	Echolocation	192000	/home/adkris/Documents/mila-human-wav-txt/20220826_070000.WAV	325	Waveform 1	1
LF	527.0700666666667	20250.0	20160.0	12.955306839946562	527.0685	527.0756	17734	27315	Plecotus austriacus	0.073	0.108	-1	Echolocation	192000	/home/adkris/Documents/mila-human-wav-txt/20220826_070000.WAV	326	Waveform 1	1
HF	530.1443333333333	53250.0	55679.99999999999	10.816166035093032	530.1415	530.1485	54687	60931	Pipistrellus pygmaeus	0.048	0.052	-1	Echolocation	192000	/home/adkris/Documents/mila-human-wav-txt/20220826_070000.WAV	327	Waveform 1	1
HF	530.4128666666667	54750.0	55679.99999999999	7.4258518642673454	530.4105	530.4168	53828	61962	Pipistrellus pygmaeus	0.1	0.108	-1	Echolocation	192000	/home/adkris/Documents/mila-human-wav-txt/20220826_070000.WAV	328	Waveform 1	1
HF	530.757	48750.0	52800.00000000001	7.405050750593551	530.7545	530.7595	33203	69074	Myotis mystacinus	0.021	0.054	-1	Echolocation	192000	/home/adkris/Documents/mila-human-wav-txt/20220826_070000.WAV	329	Waveform 1	1
LF	531.2200333333333	19500.0	20160.0	8.006458937799914	531.2175	531.2283	18593	24476	Plecotus austriacus	0.034	0.108	-1	Echolocation	192000	/home/adkris/Documents/mila-human-wav-txt/20220826_070000.WAV	330	Waveform 1	1
LF	531.8451	19500.0	20160.0	10.0390004653688	531.8405	531.8504	18593	24665	Plecotus austriacus	0.04	0.094	-1	Echolocation	192000	/home/adkris/Documents/mila-human-wav-txt/20220826_070000.WAV	331	Waveform 1	1
LF	538.0345333333333	21000.0	21120.0	11.200061903450916	538.0335	538.0423	19453	24417	Plecotus austriacus	0.023	0.051	-1	Echolocation	192000	/home/adkris/Documents/mila-human-wav-txt/20220826_070000.WAV	332	Waveform 1	1
LF	543.4831	21750.0	22080.0	9.520266406118528	543.4785	543.4884	19453	24630	Plecotus austriacus	0.024	0.071	-1	Echolocation	192000	/home/adkris/Documents/mila-human-wav-txt/20220826_070000.WAV	333	Waveform 1	1
LF	549.6286333333334	18750.0	20160.0	8.798308494554476	549.6235	549.6352	18593	23822	Nyctalus noctula	0.013	0.04	-1	Echolocation	192000	/home/adkris/Documents/mila-human-wav-txt/20220826_070000.WAV	334	Waveform 1	1
LF	550.5896	18750.0	19200.0	8.934994034285797	550.5845	550.5974	18593	23963	Nyctalus noctula	0.023	0.055	-1	Echolocation	192000	/home/adkris/Documents/mila-human-wav-txt/20220826_070000.WAV	335	Waveform 1	1
LF	553.3358333333333	12750.0	12480.0	8.208645445185724	553.3325	553.3425	12578	16417	Nyctalus leisleri	0.01	0.021	-1	Echolocation	192000	/home/adkris/Documents/mila-human-wav-txt/20220826_070000.WAV	336	Waveform 1	1
LF	554.389	19500.0	20160.0	8.481728783374958	554.3875	554.3935	15156	26220	Plecotus auritus	0.054	0.076	-1	Echolocation	192000	/home/adkris/Documents/mila-human-wav-txt/20220826_070000.WAV	337	Waveform 1	1
LF	555.5304333333333	20250.0	20160.0	13.885392523857051	555.5265	555.5359	18593	24178	Plecotus austriacus	0.035	0.094	-1	Echolocation	192000	/home/adkris/Documents/mila-human-wav-txt/20220826_070000.WAV	338	Waveform 1	1
LF	556.0057666666667	20250.0	22080.0	11.99531669470594	556.0015	556.0129	16875	23998	Nyctalus noctula	0.016	0.04	-1	Echolocation	192000	/home/adkris/Documents/mila-human-wav-txt/20220826_070000.WAV	339	Waveform 1	1
LF	556.0134	21750.0	22080.0	13.511324245743404	556.0085	556.0181	19453	25566	Plecotus austriacus	0.028	0.081	-1	Echolocation	192000	/home/adkris/Documents/mila-human-wav-txt/20220826_070000.WAV	340	Waveform 1	1
LF	559.5817666666667	19500.0	20160.0	12.36048411651536	559.5795	559.5859	15156	27903	Plecotus auritus	0.072	0.098	-1	Echolocation	192000	/home/adkris/Documents/mila-human-wav-txt/20220826_070000.WAV	341	Waveform 1	1
LF	563.0118666666667	21750.0	22080.0	8.15826666452295	563.0075	563.0223	22031	26537	Nyctalus leisleri	0.011	0.023	-1	Echolocation	192000	/home/adkris/Documents/mila-human-wav-txt/20220826_070000.WAV	342	Waveform 1	1
LF	565.6431	19500.0	20160.0	8.023623787365842	565.6415	565.6474	14296	29498	Plecotus auritus	0.023	0.03	-1	Echolocation	192000	/home/adkris/Documents/mila-human-wav-txt/20220826_070000.WAV	343	Waveform 1	1
LF	566.3908333333334	13500.0	14400.0	7.256405686320483	566.3895	566.398	13437	23284	Plecotus auritus	0.008	0.026	-1	Echolocation	192000	/home/adkris/Documents/mila-human-wav-txt/20220826_070000.WAV	344	Waveform 1	1
LF	568.7899666666667	19500.0	20160.0	13.667630604454596	568.7885	568.7957	13437	27118	Plecotus auritus	0.019	0.029	-1	Echolocation	192000	/home/adkris/Documents/mila-human-wav-txt/20220826_070000.WAV	345	Waveform 1	1
HF	574.2173	55500.0	48960.0	7.169396363133147	574.2155	574.2212	34062	66215	Myotis brandtii	0.01	0.03	-1	Echolocation	192000	/home/adkris/Documents/mila-human-wav-txt/20220826_070000.WAV	346	Waveform 1	1
LF	575.5977666666666	19500.0	19200.0	7.736523367115945	575.5945	575.6034	17734	25501	Plecotus austriacus	0.037	0.078	-1	Echolocation	192000	/home/adkris/Documents/mila-human-wav-txt/20220826_070000.WAV	347	Waveform 1	1
LF	577.2928	20250.0	20160.0	11.041098143921378	577.2895	577.2972	16875	26135	Plecotus austriacus	0.048	0.095	-1	Echolocation	192000	/home/adkris/Documents/mila-human-wav-txt/20220826_070000.WAV	348	Waveform 1	1
LF	586.9397666666666	19500.0	20160.0	9.048520844326632	586.9335	586.9499	18593	23973	Nyctalus noctula	0.021	0.032	-1	Echolocation	192000	/home/adkris/Documents/mila-human-wav-txt/20220826_070000.WAV	349	Waveform 1	1
LF	586.9402	18750.0	19200.0	9.975684496265943	586.9385	586.9443	14296	28629	Plecotus auritus	0.025	0.032	-1	Echolocation	192000	/home/adkris/Documents/mila-human-wav-txt/20220826_070000.WAV	350	Waveform 1	1
LF	588.7107666666667	15000.0	14400.0	9.6087993379567	588.7085	588.7184	12578	17994	Nyctalus leisleri	0.019	0.034	-1	Echolocation	192000	/home/adkris/Documents/mila-human-wav-txt/20220826_070000.WAV	351	Waveform 1	1
LF	591.4752	19500.0	19200.0	7.950313444233876	591.4705	591.4768	14296	30306	Plecotus auritus	0.023	0.03	-1	Echolocation	192000	/home/adkris/Documents/mila-human-wav-txt/20220826_070000.WAV	352	Waveform 1	1
LF	595.8981333333334	22500.0	23040.0	9.244813537226488	595.8975	595.9067	22890	26441	Nyctalus leisleri	0.019	0.037	-1	Echolocation	192000	/home/adkris/Documents/mila-human-wav-txt/20220826_070000.WAV	353	Waveform 1	1
LF	595.8987333333333	23250.0	23040.0	8.630168489501003	595.8975	595.9026	15156	33095	Plecotus auritus	0.032	0.063	-1	Echolocation	192000	/home/adkris/Documents/mila-human-wav-txt/20220826_070000.WAV	354	Waveform 1	1
LF	602.7073333333333	20250.0	20160.0	12.468663134440982	602.7055	602.7135	16875	24980	Plecotus austriacus	0.045	0.072	-1	Echolocation	192000	/home/adkris/Documents/mila-human-wav-txt/20220826_070000.WAV	355	Waveform 1	1
HF	604.2510666666667	52500.0	49920.0	7.578898885492195	604.2485	604.2546	31484	52084	Myotis daubentonii	0.017	0.031	-1	Echolocation	192000	/home/adkris/Documents/mila-human-wav-txt/20220826_070000.WAV	356	Waveform 1	1
HF	605.0478333333333	49500.0	48960.0	9.329065556591525	605.0465	605.0515	29765	63087	Myotis daubentonii	0.019	0.03	-1	Echolocation	192000	/home/adkris/Documents/mila-human-wav-txt/20220826_070000.WAV	357	Waveform 1	1
HF	605.1267	55500.0	56640.0	14.182006717934414	605.1265	605.1338	54687	67231	Pipistrellus pygmaeus	0.04	0.045	-1	Echolocation	192000	/home/adkris/Documents/mila-human-wav-txt/20220826_070000.WAV	358	Waveform 1	1
HF	605.1277	51000.0	48960.0	13.410242413757365	605.1265	605.1328	32343	64356	Myotis daubentonii	0.011	0.023	-1	Echolocation	192000	/home/adkris/Documents/mila-human-wav-txt/20220826_070000.WAV	359	Waveform 1	1
HF	605.2143333333333	57000.0	55679.99999999999	11.411971081334098	605.2105	605.2165	57265	66630	Pipistrellus pygmaeus	0.061	0.065	-1	Echolocation	192000	/home/adkris/Documents/mila-human-wav-txt/20220826_070000.WAV	360	Waveform 1	1
HF	605.5174	53250.0	52800.00000000001	8.423105663991137	605.5155	605.5211	34921	68705	Myotis mystacinus	0.011	0.029	-1	Echolocation	192000	/home/adkris/Documents/mila-human-wav-txt/20220826_070000.WAV	361	Waveform 1	1
LF	607.6114666666666	18000.0	19200.0	7.376238960761886	607.6095	607.6232	16875	22138	Nyctalus noctula	0.016	0.025	-1	Echolocation	192000	/home/adkris/Documents/mila-human-wav-txt/20220826_070000.WAV	362	Waveform 1	1
LF	608.3286666666667	19500.0	20160.0	11.64840120377551	608.3265	608.333	16875	30964	Plecotus austriacus	0.084	0.125	-1	Echolocation	192000	/home/adkris/Documents/mila-human-wav-txt/20220826_070000.WAV	363	Waveform 1	1
LF	608.6554666666667	21000.0	21120.0	19.25298330216947	608.6535	608.6602	17734	27642	Plecotus austriacus	0.069	0.101	-1	Echolocation	192000	/home/adkris/Documents/mila-human-wav-txt/20220826_070000.WAV	364	Waveform 1	1
LF	609.8691333333334	14250.0	14400.0	7.54022727412962	609.8675	609.8757	13437	17885	Nyctalus noctula	0.015	0.05	-1	Echolocation	192000	/home/adkris/Documents/mila-human-wav-txt/20220826_070000.WAV	365	Waveform 1	1
LF	612.2903333333334	20250.0	20160.0	13.949335296047956	612.2885	612.2965	17734	26508	Plecotus austriacus	0.064	0.099	-1	Echolocation	192000	/home/adkris/Documents/mila-human-wav-txt/20220826_070000.WAV	366	Waveform 1	1
LF	614.4282	19500.0	20160.0	7.570826899467074	614.4245	614.4388	17734	22691	Nyctalus noctula	0.029	0.053	-1	Echolocation	192000	/home/adkris/Documents/mila-human-wav-txt/20220826_070000.WAV	367	Waveform 1	1
LF	615.2370666666667	21750.0	21120.0	8.2150875953946	615.2345	615.2476	20312	23568	Nyctalus leisleri	0.025	0.05	-1	Echolocation	192000	/home/adkris/Documents/mila-human-wav-txt/20220826_070000.WAV	368	Waveform 1	1
LF	626.1192	13500.0	14400.0	9.619221406887108	626.1175	626.1268	12578	19420	Nyctalus leisleri	0.017	0.04	-1	Echolocation	192000	/home/adkris/Documents/mila-human-wav-txt/20220826_070000.WAV	369	Waveform 1	1
HF	626.1526666666666	56250.0	56640.0	7.292026624962324	626.1525	626.1575	55546	61912	Pipistrellus pygmaeus	0.029	0.031	-1	Echolocation	192000	/home/adkris/Documents/mila-human-wav-txt/20220826_070000.WAV	370	Waveform 1	1
HF	626.2523666666667	50250.0	49920.0	7.221013420013432	626.2495	626.2553	33203	65740	Myotis mystacinus	0.009	0.029	-1	Echolocation	192000	/home/adkris/Documents/mila-human-wav-txt/20220826_070000.WAV	371	Waveform 1	1
HF	626.3769333333333	54750.0	54719.99999999999	9.486862463901254	626.3765	626.3824	33203	66705	Myotis mystacinus	0.009	0.025	-1	Echolocation	192000	/home/adkris/Documents/mila-human-wav-txt/20220826_070000.WAV	372	Waveform 1	1
LF	627.8404	21000.0	21120.0	8.5703239125111	627.8375	627.8526	20312	24567	Nyctalus noctula	0.024	0.049	-1	Echolocation	192000	/home/adkris/Documents/mila-human-wav-txt/20220826_070000.WAV	373	Waveform 1	1
LF	633.2196333333334	20250.0	20160.0	7.348968325958579	633.2175	633.2252	17734	25709	Plecotus austriacus	0.037	0.056	-1	Echolocation	192000	/home/adkris/Documents/mila-human-wav-txt/20220826_070000.WAV	374	Waveform 1	1
LF	635.3744	20250.0	21120.0	9.37025059915756	635.3715	635.3831	19453	23382	Nyctalus noctula	0.013	0.041	-1	Echolocation	192000	/home/adkris/Documents/mila-human-wav-txt/20220826_070000.WAV	375	Waveform 1	1
LF	637.9667	19500.0	20160.0	9.97756123526457	637.9615	637.9743	18593	23688	Nyctalus noctula	0.013	0.027	-1	Echolocation	192000	/home/adkris/Documents/mila-human-wav-txt/20220826_070000.WAV	376	Waveform 1	1
LF	637.9668333333333	19500.0	20160.0	7.164781431450676	637.9665	637.976	19453	24786	Plecotus austriacus	0.013	0.028	-1	Echolocation	192000	/home/adkris/Documents/mila-human-wav-txt/20220826_070000.WAV	377	Waveform 1	1
LF	639.6961333333334	21000.0	22080.0	11.288770831943086	639.6945	639.7027	18593	26777	Plecotus austriacus	0.066	0.098	-1	Echolocation	192000	/home/adkris/Documents/mila-human-wav-txt/20220826_070000.WAV	378	Waveform 1	1
LF	644.3880666666666	18000.0	19200.0	9.155667327995726	644.3865	644.3936	14296	26782	Plecotus auritus	0.023	0.037	-1	Echolocation	192000	/home/adkris/Documents/mila-human-wav-txt/20220826_070000.WAV	379	Waveform 1	1
LF	646.3855	20250.0	20160.0	10.746901480466091	646.3815	646.3955	17734	22758	Nyctalus noctula	0.038	0.061	-1	Echolocation	192000	/home/adkris/Documents/mila-human-wav-txt/20220826_070000.WAV	380	Waveform 1	1
LF	647.7775	17250.0	19200.0	7.317494416961557	647.7755	647.7845	16015	22849	Nyctalus noctula	0.027	0.083	-1	Echolocation	192000	/home/adkris/Documents/mila-human-wav-txt/20220826_070000.WAV	381	Waveform 1	1
LF	650.3589333333333	21750.0	22080.0	8.154695620289726	650.3445	650.3644	19453	22404	Nyctalus leisleri	0.018	0.037	-1	Echolocation	192000	/home/adkris/Documents/mila-human-wav-txt/20220826_070000.WAV	382	Waveform 1	1
LF	650.3591	21750.0	22080.0	10.522076182112489	650.3575	650.3634	16875	30772	Plecotus austriacus	0.036	0.048	-1	Echolocation	192000	/home/adkris/Documents/mila-human-wav-txt/20220826_070000.WAV	383	Waveform 1	1
LF	651.1924333333334	19500.0	20160.0	8.212615780165159	651.1905	651.2019	19453	24531	Nyctalus noctula	0.013	0.037	-1	Echolocation	192000	/home/adkris/Documents/mila-human-wav-txt/20220826_070000.WAV	384	Waveform 1	1
HF	654.1606	51000.0	48960.0	8.80017337679368	654.1585	654.1639	33203	70624	Myotis mystacinus	0.013	0.034	-1	Echolocation	192000	/home/adkris/Documents/mila-human-wav-txt/20220826_070000.WAV	385	Waveform 1	1
HF	654.3492	56250.0	55679.99999999999	8.24835212335208	654.3465	654.3548	55546	63211	Pipistrellus pygmaeus	0.029	0.031	-1	Echolocation	192000	/home/adkris/Documents/mila-human-wav-txt/20220826_070000.WAV	386	Waveform 1	1
HF	654.3521666666667	49500.0	48960.0	10.357410503977572	654.3485000000001	654.3535	35781	65878	Myotis bechsteinii	0.009	0.029	-1	Echolocation	192000	/home/adkris/Documents/mila-human-wav-txt/20220826_070000.WAV	387	Waveform 1	1
HF	654.5235	50250.0	51840.0	9.359638287419545	654.5215	654.527	34921	65212	Myotis mystacinus	0.013	0.034	-1	Echolocation	192000	/home/adkris/Documents/mila-human-wav-txt/20220826_070000.WAV	388	Waveform 1	1
LF	656.0126	20250.0	20160.0	10.076663543753613	656.0115	656.0179	13437	27231	Plecotus auritus	0.024	0.027	-1	Echolocation	192000	/home/adkris/Documents/mila-human-wav-txt/20220826_070000.WAV	389	Waveform 1	1
LF	657.596	19500.0	20160.0	7.789508695040105	657.5915	657.605	18593	23003	Nyctalus noctula	0.024	0.054	-1	Echolocation	192000	/home/adkris/Documents/mila-human-wav-txt/20220826_070000.WAV	390	Waveform 1	1
LF	657.8391	20250.0	20160.0	7.52193808750013	657.8375	657.8469	19453	24828	Plecotus austriacus	0.025	0.062	-1	Echolocation	192000	/home/adkris/Documents/mila-human-wav-txt/20220826_070000.WAV	391	Waveform 1	1
LF	661.3467	15000.0	14400.0	9.62588353272734	661.3455	661.3553	13437	15866	Nyctalus leisleri	0.021	0.045	-1	Echolocation	192000	/home/adkris/Documents/mila-human-wav-txt/20220826_070000.WAV	392	Waveform 1	1
LF	668.5693666666667	20250.0	20160.0	9.741136759101575	668.5675	668.5743	17734	27302	Plecotus austriacus	0.065	0.093	-1	Echolocation	192000	/home/adkris/Documents/mila-human-wav-txt/20220826_070000.WAV	393	Waveform 1	1
LF	668.8453333333333	21000.0	21120.0	11.4675860216044	668.8435	668.8515	18593	25975	Plecotus austriacus	0.063	0.1	-1	Echolocation	192000	/home/adkris/Documents/mila-human-wav-txt/20220826_070000.WAV	394	Waveform 1	1
LF	670.0138	20250.0	20160.0	12.842877085670295	670.0015	670.0142	18593	27914	Nyctalus noctula	0.014	0.033	-1	Echolocation	192000	/home/adkris/Documents/mila-human-wav-txt/20220826_070000.WAV	395	Waveform 1	1
LF	670.0138333333333	20250.0	20160.0	16.051532626719634	670.0115	670.019	16875	25901	Plecotus austriacus	0.037	0.062	-1	Echolocation	192000	/home/adkris/Documents/mila-human-wav-txt/20220826_070000.WAV	396	Waveform 1	1
HF	671.9085666666666	49500.0	48960.0	9.982197250019528	671.9055	671.9111	32343	62532	Myotis brandtii	0.007	0.023	-1	Echolocation	192000	/home/adkris/Documents/mila-human-wav-txt/20220826_070000.WAV	397	Waveform 1	1
LF	678.2242333333334	19500.0	19200.0	7.109231869453303	678.2205	678.2371	16875	21843	Nyctalus noctula	0.036	0.05	-1	Echolocation	192000	/home/adkris/Documents/mila-human-wav-txt/20220826_070000.WAV	398	Waveform 1	1
LF	682.2757333333334	21000.0	21120.0	12.468043610502493	682.2725	682.2826	18593	24664	Plecotus austriacus	0.037	0.071	-1	Echolocation	192000	/home/adkris/Documents/mila-human-wav-txt/20220826_070000.WAV	399	Waveform 1	1
LF	682.3127	21000.0	20160.0	8.646262195628621	682.3095	682.3208	19453	24470	Plecotus austriacus	0.021	0.06	-1	Echolocation	192000	/home/adkris/Documents/mila-human-wav-txt/20220826_070000.WAV	400	Waveform 1	1
LF	690.6257666666667	21000.0	17280.0	9.05883967764184	690.6245	690.6319	15156	27577	Plecotus austriacus	0.017	0.036	-1	Echolocation	192000	/home/adkris/Documents/mila-human-wav-txt/20220826_070000.WAV	401	Waveform 1	1
LF	695.3895	20250.0	20160.0	12.96135030452817	695.3885	695.402	17734	22955	Nyctalus noctula	0.048	0.07	-1	Echolocation	192000	/home/adkris/Documents/mila-human-wav-txt/20220826_070000.WAV	402	Waveform 1	1
LF	695.6246333333333	22500.0	23040.0	9.842745280620813	695.6215	695.6317	20312	25591	Plecotus austriacus	0.016	0.05	-1	Echolocation	192000	/home/adkris/Documents/mila-human-wav-txt/20220826_070000.WAV	403	Waveform 1	1
LF	696.8426333333333	21000.0	22080.0	11.468117982668044	696.8415	696.8537	21171	24772	Nyctalus leisleri	0.018	0.038	-1	Echolocation	192000	/home/adkris/Documents/mila-human-wav-txt/20220826_070000.WAV	404	Waveform 1	1
LF	700.4208	20250.0	20160.0	12.916755015902543	700.4165	700.4267	18593	24872	Plecotus austriacus	0.034	0.094	-1	Echolocation	192000	/home/adkris/Documents/mila-human-wav-txt/20220826_070000.WAV	405	Waveform 1	1
LF	702.2745666666667	22500.0	23040.0	9.872537980833616	702.2705	702.2786	21171	28008	Plecotus austriacus	0.039	0.091	-1	Echolocation	192000	/home/adkris/Documents/mila-human-wav-txt/20220826_070000.WAV	406	Waveform 1	1
LF	704.2145666666667	20250.0	20160.0	8.796171295390373	704.2095	704.2236	17734	22867	Nyctalus noctula	0.033	0.061	-1	Echolocation	192000	/home/adkris/Documents/mila-human-wav-txt/20220826_070000.WAV	407	Waveform 1	1
LF	706.9009	21750.0	22080.0	10.609801056378728	706.8975	706.9086	19453	24538	Plecotus austriacus	0.017	0.05	-1	Echolocation	192000	/home/adkris/Documents/mila-human-wav-txt/20220826_070000.WAV	408	Waveform 1	1
LF	707.3726666666666	21000.0	22080.0	8.493614515265131	707.3715	707.379	18593	27908	Plecotus austriacus	0.029	0.041	-1	Echolocation	192000	/home/adkris/Documents/mila-human-wav-txt/20220826_070000.WAV	409	Waveform 1	1
LF	707.5437333333333	17250.0	17280.0	9.47280701773196	707.5425	707.5581	16015	19207	Nyctalus noctula	0.01	0.022	-1	Echolocation	192000	/home/adkris/Documents/mila-human-wav-txt/20220826_070000.WAV	410	Waveform 1	1
LF	707.625	21750.0	21120.0	9.406188290892752	707.6205	707.6305	18593	24656	Plecotus austriacus	0.032	0.064	-1	Echolocation	192000	/home/adkris/Documents/mila-human-wav-txt/20220826_070000.WAV	411	Waveform 1	1
LF	710.5058	21000.0	21120.0	11.949371914581842	710.5035	710.5122	18593	26025	Plecotus austriacus	0.041	0.066	-1	Echolocation	192000	/home/adkris/Documents/mila-human-wav-txt/20220826_070000.WAV	412	Waveform 1	1
LF	711.1075	21000.0	21120.0	10.181739417838804	711.1065	711.113	15156	33886	Plecotus auritus	0.012	0.025	-1	Echolocation	192000	/home/adkris/Documents/mila-human-wav-txt/20220826_070000.WAV	413	Waveform 1	1
LF	712.8947000000001	19500.0	19200.0	12.667266368281243	712.8935	712.8998	14296	29286	Plecotus auritus	0.02	0.029	-1	Echolocation	192000	/home/adkris/Documents/mila-human-wav-txt/20220826_070000.WAV	414	Waveform 1	1
LF	716.8195	18750.0	20160.0	13.255736613555074	716.8175	716.8265	18593	25832	Plecotus austriacus	0.042	0.073	-1	Echolocation	192000	/home/adkris/Documents/mila-human-wav-txt/20220826_070000.WAV	415	Waveform 1	1
LF	721.5393	20250.0	21120.0	11.348188734111844	721.5355	721.5462	18593	23690	Plecotus austriacus	0.019	0.058	-1	Echolocation	192000	/home/adkris/Documents/mila-human-wav-txt/20220826_070000.WAV	416	Waveform 1	1
LF	721.9368666666667	15000.0	15360.0	13.872085312557122	721.9345	721.9443	13437	19896	Nyctalus leisleri	0.01	0.027	-1	Echolocation	192000	/home/adkris/Documents/mila-human-wav-txt/20220826_070000.WAV	417	Waveform 1	1
LF	722.7194	20250.0	20160.0	7.486168020432182	722.7175	722.7301	19453	25024	Nyctalus noctula	0.017	0.04	-1	Echolocation	192000	/home/adkris/Documents/mila-human-wav-txt/20220826_070000.WAV	418	Waveform 1	1
LF	732.8354	17250.0	20160.0	10.104045997493888	732.8335	732.8426	16015	22675	Plecotus austriacus	0.016	0.035	-1	Echolocation	192000	/home/adkris/Documents/mila-human-wav-txt/20220826_070000.WAV	419	Waveform 1	1
LF	738.0599	21750.0	22080.0	19.82263100854758	738.0585	738.0681	21171	23752	Nyctalus leisleri	0.04	0.065	-1	Echolocation	192000	/home/adkris/Documents/mila-human-wav-txt/20220826_070000.WAV	420	Waveform 1	1
LF	738.4409666666667	23250.0	22080.0	9.00430643301793	738.4395	738.4502	22890	26843	Nyctalus leisleri	0.013	0.025	-1	Echolocation	192000	/home/adkris/Documents/mila-human-wav-txt/20220826_070000.WAV	421	Waveform 1	1
LF	740.9238	21000.0	22080.0	8.901449745417086	740.9215	740.9302	19453	26432	Plecotus austriacus	0.041	0.085	-1	Echolocation	192000	/home/adkris/Documents/mila-human-wav-txt/20220826_070000.WAV	422	Waveform 1	1
LF	746.0493	21000.0	20160.0	17.92812651476612	746.0475	746.0567	18593	24370	Plecotus austriacus	0.04	0.088	-1	Echolocation	192000	/home/adkris/Documents/mila-human-wav-txt/20220826_070000.WAV	423	Waveform 1	1
HF	746.7438333333333	48000.0	49920.0	12.914146122205263	746.7395	746.745	34062	68020	Myotis brandtii	0.008	0.027	-1	Echolocation	192000	/home/adkris/Documents/mila-human-wav-txt/20220826_070000.WAV	424	Waveform 1	1
HF	746.8894	54750.0	53760.00000000001	7.06043202470193	746.8875	746.8931	35781	70993	Myotis brandtii	0.008	0.025	-1	Echolocation	192000	/home/adkris/Documents/mila-human-wav-txt/20220826_070000.WAV	425	Waveform 1	1
LF	752.1898	19500.0	20160.0	14.084114937293442	752.1885	752.1947	14296	30167	Plecotus auritus	0.037	0.054	-1	Echolocation	192000	/home/adkris/Documents/mila-human-wav-txt/20220826_070000.WAV	426	Waveform 1	1
HF	759.5159333333334	52500.0	49920.0	8.815806525214274	759.5145	759.5194	34921	66798	Myotis mystacinus	0.015	0.036	-1	Echolocation	192000	/home/adkris/Documents/mila-human-wav-txt/20220826_070000.WAV	427	Waveform 1	1
LF	760.4922666666666	19500.0	19200.0	13.014461004213144	760.4915	760.5029	16015	21810	Nyctalus noctula	0.05	0.075	-1	Echolocation	192000	/home/adkris/Documents/mila-human-wav-txt/20220826_070000.WAV	428	Waveform 1	1
LF	760.571	22500.0	23040.0	7.753723455235802	760.5655	760.578	23750	28908	Nyctalus leisleri	0.012	0.026	-1	Echolocation	192000	/home/adkris/Documents/mila-human-wav-txt/20220826_070000.WAV	429	Waveform 1	1
HF	760.8365666666666	51750.0	49920.0	7.257541969386291	760.8335	760.8391	34921	66748	Myotis brandtii	0.008	0.024	-1	Echolocation	192000	/home/adkris/Documents/mila-human-wav-txt/20220826_070000.WAV	430	Waveform 1	1
LF	760.8766333333333	20250.0	20160.0	10.64451987898978	760.8745	760.8822	17734	26674	Plecotus austriacus	0.08	0.111	-1	Echolocation	192000	/home/adkris/Documents/mila-human-wav-txt/20220826_070000.WAV	431	Waveform 1	1
LF	762.8057333333334	21750.0	21120.0	7.752211954009043	762.8035	762.8146	19453	23300	Nyctalus leisleri	0.014	0.043	-1	Echolocation	192000	/home/adkris/Documents/mila-human-wav-txt/20220826_070000.WAV	432	Waveform 1	1
LF	766.3887666666667	21750.0	22080.0	12.00895359499273	766.3845	766.3924	17734	29627	Plecotus austriacus	0.03	0.049	-1	Echolocation	192000	/home/adkris/Documents/mila-human-wav-txt/20220826_070000.WAV	433	Waveform 1	1
LF	766.3886	21000.0	22080.0	12.178607883521764	766.3875	766.3974	22031	26398	Nyctalus leisleri	0.021	0.049	-1	Echolocation	192000	/home/adkris/Documents/mila-human-wav-txt/20220826_070000.WAV	434	Waveform 1	1
LF	767.9192	20250.0	20160.0	15.326340492579424	767.9125	767.9308	20312	24968	Nyctalus noctula	0.019	0.031	-1	Echolocation	192000	/home/adkris/Documents/mila-human-wav-txt/20220826_070000.WAV	435	Waveform 1	1
LF	767.92	18750.0	19200.0	17.04387496717857	767.9175	767.926	16875	27071	Plecotus austriacus	0.017	0.031	-1	Echolocation	192000	/home/adkris/Documents/mila-human-wav-txt/20220826_070000.WAV	436	Waveform 1	1
LF	767.9200666666667	20250.0	20160.0	15.733949282250432	767.9195	767.9276	21171	27551	Plecotus austriacus	0.011	0.03	-1	Echolocation	192000	/home/adkris/Documents/mila-human-wav-txt/20220826_070000.WAV	437	Waveform 1	1
LF	771.2800666666667	12750.0	12480.0	9.984003240331845	771.2775	771.2871	12578	17396	Nyctalus leisleri	0.025	0.041	-1	Echolocation	192000	/home/adkris/Documents/mila-human-wav-txt/20220826_070000.WAV	438	Waveform 1	1
LF	773.0911333333333	21000.0	22080.0	16.494480492682055	773.0905	773.0997	22031	24727	Nyctalus leisleri	0.036	0.056	-1	Echolocation	192000	/home/adkris/Documents/mila-human-wav-txt/20220826_070000.WAV	439	Waveform 1	1
LF	773.0919333333334	21750.0	22080.0	15.963437186143022	773.0905	773.0954	14296	47314	Myotis nattereri	0.04	0.048	-1	Echolocation	192000	/home/adkris/Documents/mila-human-wav-txt/20220826_070000.WAV	440	Waveform 1	1
LF	774.9368	21000.0	22080.0	7.578835323146573	774.9355	774.9452	20312	24670	Nyctalus leisleri	0.026	0.069	-1	Echolocation	192000	/home/adkris/Documents/mila-human-wav-txt/20220826_070000.WAV	441	Waveform 1	1
HF	775.2378	54000.0	51840.0	8.434913141331839	775.2355	775.2407	34062	77502	Myotis mystacinus	0.012	0.033	-1	Echolocation	192000	/home/adkris/Documents/mila-human-wav-txt/20220826_070000.WAV	442	Waveform 1	1
LF	777.0746333333333	21750.0	22080.0	11.000455636936268	777.0705	777.0797	18593	25026	Plecotus austriacus	0.043	0.1	-1	Echolocation	192000	/home/adkris/Documents/mila-human-wav-txt/20220826_070000.WAV	443	Waveform 1	1
LF	782.6663	22500.0	22080.0	11.794258511395135	782.6645	782.6702	16875	32141	Plecotus austriacus	0.061	0.084	-1	Echolocation	192000	/home/adkris/Documents/mila-human-wav-txt/20220826_070000.WAV	444	Waveform 1	1
LF	782.8889666666666	17250.0	20160.0	8.03940902624533	782.8835	782.8972	18593	23436	Nyctalus noctula	0.023	0.045	-1	Echolocation	192000	/home/adkris/Documents/mila-human-wav-txt/20220826_070000.WAV	445	Waveform 1	1
LF	784.5793	19500.0	19200.0	17.02719521693773	784.5775	784.5867	17734	24932	Plecotus austriacus	0.056	0.093	-1	Echolocation	192000	/home/adkris/Documents/mila-human-wav-txt/20220826_070000.WAV	446	Waveform 1	1
LF	786.9333	20250.0	21120.0	13.724925131304548	786.9285	786.9382	18593	25273	Plecotus austriacus	0.043	0.088	-1	Echolocation	192000	/home/adkris/Documents/mila-human-wav-txt/20220826_070000.WAV	447	Waveform 1	1
LF	792.0793	19500.0	19200.0	12.934616120196878	792.0745	792.0877	17734	22824	Nyctalus noctula	0.024	0.047	-1	Echolocation	192000	/home/adkris/Documents/mila-human-wav-txt/20220826_070000.WAV	448	Waveform 1	1
LF	796.4585666666667	19500.0	20160.0	19.31386275511987	796.4495	796.4596	18593	23996	Plecotus austriacus	0.011	0.029	-1	Echolocation	192000	/home/adkris/Documents/mila-human-wav-txt/20220826_070000.WAV	449	Waveform 1	1
LF	796.4584333333333	19500.0	20160.0	15.926692536320788	796.4575	796.4664	18593	24535	Plecotus austriacus	0.013	0.028	-1	Echolocation	192000	/home/adkris/Documents/mila-human-wav-txt/20220826_070000.WAV	450	Waveform 1	1
LF	808.0106	24750.0	25920.0	7.980068924021822	808.0015	808.0139	22890	28317	Nyctalus leisleri	0.019	0.04	-1	Echolocation	192000	/home/adkris/Documents/mila-human-wav-txt/20220826_070000.WAV	451	Waveform 1	1
LF	814.0956	17250.0	20160.0	8.2428021458969	814.0935	814.0989	14296	29127	Plecotus auritus	0.041	0.055	-1	Echolocation	192000	/home/adkris/Documents/mila-human-wav-txt/20220826_070000.WAV	452	Waveform 1	1
LF	814.2456666666667	15000.0	14400.0	8.144191757823645	814.2435	814.25	13437	29737	Plecotus auritus	0.041	0.059	-1	Echolocation	192000	/home/adkris/Documents/mila-human-wav-txt/20220826_070000.WAV	453	Waveform 1	1
HF	816.2687666666667	49500.0	49920.0	8.396609017648561	816.2655	816.2709	34921	69198	Myotis mystacinus	0.008	0.026	-1	Echolocation	192000	/home/adkris/Documents/mila-human-wav-txt/20220826_070000.WAV	454	Waveform 1	1
LF	816.5839	18750.0	17280.0	7.01676757708349	816.5825	816.5921	16875	23534	Plecotus austriacus	0.037	0.075	-1	Echolocation	192000	/home/adkris/Documents/mila-human-wav-txt/20220826_070000.WAV	455	Waveform 1	1
HF	817.2226666666667	50250.0	49920.0	7.083104129084635	817.2195	817.225	34921	67437	Myotis brandtii	0.008	0.024	-1	Echolocation	192000	/home/adkris/Documents/mila-human-wav-txt/20220826_070000.WAV	456	Waveform 1	1
LF	821.1016333333333	20250.0	20160.0	12.345499761474112	821.0965	821.1117	18593	23188	Nyctalus noctula	0.041	0.07	-1	Echolocation	192000	/home/adkris/Documents/mila-human-wav-txt/20220826_070000.WAV	457	Waveform 1	1
LF	823.1962333333333	22500.0	22080.0	7.861501133557716	823.1925	823.2021	19453	25386	Plecotus austriacus	0.026	0.059	-1	Echolocation	192000	/home/adkris/Documents/mila-human-wav-txt/20220826_070000.WAV	458	Waveform 1	1
LF	824.6903	21750.0	20160.0	8.500232522338614	824.6885	824.6977	17734	23826	Plecotus austriacus	0.031	0.063	-1	Echolocation	192000	/home/adkris/Documents/mila-human-wav-txt/20220826_070000.WAV	459	Waveform 1	1
LF	832.5808	21750.0	22080.0	7.012173507250506	832.5765	832.5867	19453	25229	Plecotus austriacus	0.027	0.079	-1	Echolocation	192000	/home/adkris/Documents/mila-human-wav-txt/20220826_070000.WAV	460	Waveform 1	1
LF	832.7172333333333	21000.0	22080.0	12.281965685620598	832.7045	832.7226	17734	21677	Nyctalus noctula	0.019	0.03	-1	Echolocation	192000	/home/adkris/Documents/mila-human-wav-txt/20220826_070000.WAV	461	Waveform 1	1
LF	832.7176333333333	21750.0	22080.0	11.532225241179932	832.7165	832.7252	19453	25480	Plecotus austriacus	0.019	0.04	-1	Echolocation	192000	/home/adkris/Documents/mila-human-wav-txt/20220826_070000.WAV	462	Waveform 1	1
LF	834.5743666666667	20250.0	22080.0	10.43253756494231	834.5685	834.5783	19453	25183	Plecotus austriacus	0.015	0.044	-1	Echolocation	192000	/home/adkris/Documents/mila-human-wav-txt/20220826_070000.WAV	463	Waveform 1	1
LF	836.7325333333333	20250.0	20160.0	7.984206762396308	836.7305	836.7383	15156	24874	Plecotus auritus	0.023	0.032	-1	Echolocation	192000	/home/adkris/Documents/mila-human-wav-txt/20220826_070000.WAV	464	Waveform 1	1
LF	839.2196	17250.0	17280.0	8.146622784389859	839.2135	839.2289	18593	23179	Nyctalus noctula	0.012	0.022	-1	Echolocation	192000	/home/adkris/Documents/mila-human-wav-txt/20220826_070000.WAV	465	Waveform 1	1
LF	839.2194666666667	20250.0	17280.0	8.877162883371634	839.2175	839.2242	14296	28280	Plecotus auritus	0.018	0.022	-1	Echolocation	192000	/home/adkris/Documents/mila-human-wav-txt/20220826_070000.WAV	466	Waveform 1	1
LF	841.0262333333334	20250.0	20160.0	11.188509709730292	841.0245	841.0326	17734	25494	Plecotus austriacus	0.055	0.083	-1	Echolocation	192000	/home/adkris/Documents/mila-human-wav-txt/20220826_070000.WAV	467	Waveform 1	1
LF	842.6027	22500.0	22080.0	7.25304801020412	842.6015	842.6113	22031	26369	Nyctalus leisleri	0.012	0.028	-1	Echolocation	192000	/home/adkris/Documents/mila-human-wav-txt/20220826_070000.WAV	468	Waveform 1	1
LF	843.3919333333333	21750.0	22080.0	16.882379151926838	843.3895	843.3969	17734	27890	Plecotus austriacus	0.052	0.077	-1	Echolocation	192000	/home/adkris/Documents/mila-human-wav-txt/20220826_070000.WAV	469	Waveform 1	1
LF	845.5989	20250.0	20160.0	7.330280558279649	845.5975	845.6036	16015	25731	Plecotus auritus	0.054	0.087	-1	Echolocation	192000	/home/adkris/Documents/mila-human-wav-txt/20220826_070000.WAV	470	Waveform 1	1
LF	847.7633333333333	21000.0	21120.0	7.627626811313204	847.7595	847.769	17734	24711	Plecotus austriacus	0.024	0.045	-1	Echolocation	192000	/home/adkris/Documents/mila-human-wav-txt/20220826_070000.WAV	471	Waveform 1	1
LF	848.4391	21750.0	22080.0	8.973484606544433	848.4345	848.4444	19453	24954	Plecotus austriacus	0.02	0.05	-1	Echolocation	192000	/home/adkris/Documents/mila-human-wav-txt/20220826_070000.WAV	472	Waveform 1	1
LF	848.5047333333333	21000.0	20160.0	20.541882503051045	848.5025	848.5101	16875	26950	Plecotus austriacus	0.072	0.104	-1	Echolocation	192000	/home/adkris/Documents/mila-human-wav-txt/20220826_070000.WAV	473	Waveform 1	1
LF	852.8635333333333	18750.0	19200.0	7.262602248293196	852.8585	852.8703	18593	23370	Nyctalus noctula	0.016	0.043	-1	Echolocation	192000	/home/adkris/Documents/mila-human-wav-txt/20220826_070000.WAV	474	Waveform 1	1
LF	853.2792	20250.0	20160.0	8.650259710055284	853.2775	853.2833	16015	25214	Plecotus auritus	0.06	0.084	-1	Echolocation	192000	/home/adkris/Documents/mila-human-wav-txt/20220826_070000.WAV	475	Waveform 1	1
LF	856.1483333333333	21750.0	22080.0	9.556498350248496	856.1465	856.158	19453	23163	Nyctalus leisleri	0.02	0.051	-1	Echolocation	192000	/home/adkris/Documents/mila-human-wav-txt/20220826_070000.WAV	476	Waveform 1	1
LF	856.8550666666666	21750.0	22080.0	12.197629676762492	856.8535	856.8606	17734	27625	Plecotus austriacus	0.046	0.06	-1	Echolocation	192000	/home/adkris/Documents/mila-human-wav-txt/20220826_070000.WAV	477	Waveform 1	1
LF	860.1043	20250.0	20160.0	13.370911442636748	860.1035	860.1137	17734	23411	Nyctalus noctula	0.032	0.075	-1	Echolocation	192000	/home/adkris/Documents/mila-human-wav-txt/20220826_070000.WAV	478	Waveform 1	1
LF	861.2990333333333	16500.0	16320.000000000002	7.574445650408368	861.2935	861.3013	13437	27116	Plecotus auritus	0.013	0.022	-1	Echolocation	192000	/home/adkris/Documents/mila-human-wav-txt/20220826_070000.WAV	479	Waveform 1	1
LF	863.0155666666667	20250.0	20160.0	8.644143614700441	863.0135	863.0236	18593	24660	Plecotus austriacus	0.033	0.071	-1	Echolocation	192000	/home/adkris/Documents/mila-human-wav-txt/20220826_070000.WAV	480	Waveform 1	1
LF	863.1505666666667	16500.0	17280.0	8.468409108389407	863.1485	863.1551	13437	29212	Plecotus auritus	0.044	0.055	-1	Echolocation	192000	/home/adkris/Documents/mila-human-wav-txt/20220826_070000.WAV	481	Waveform 1	1
LF	865.5062	19500.0	17280.0	10.76078920408898	865.5025	865.5168	17734	23193	Nyctalus noctula	0.026	0.046	-1	Echolocation	192000	/home/adkris/Documents/mila-human-wav-txt/20220826_070000.WAV	482	Waveform 1	1
LF	867.9413	21750.0	21120.0	11.00696729007472	867.9365	867.9462	19453	25348	Plecotus austriacus	0.024	0.062	-1	Echolocation	192000	/home/adkris/Documents/mila-human-wav-txt/20220826_070000.WAV	483	Waveform 1	1
LF	871.5109333333334	21000.0	22080.0	8.485930278634761	871.5095	871.5179	19453	26011	Plecotus austriacus	0.036	0.058	-1	Echolocation	192000	/home/adkris/Documents/mila-human-wav-txt/20220826_070000.WAV	484	Waveform 1	1
LF	872.0558666666667	20250.0	21120.0	18.963105400116817	872.0535	872.0598	16875	34333	Plecotus austriacus	0.046	0.07	-1	Echolocation	192000	/home/adkris/Documents/mila-human-wav-txt/20220826_070000.WAV	485	Waveform 1	1
LF	872.9298666666666	18000.0	18240.0	8.42503440981474	872.9275	872.9373	16015	21479	Plecotus austriacus	0.008	0.024	-1	Echolocation	192000	/home/adkris/Documents/mila-human-wav-txt/20220826_070000.WAV	486	Waveform 1	1
LF	879.3148333333334	20250.0	20160.0	9.158132602737696	879.3135	879.322	18593	25221	Plecotus austriacus	0.055	0.119	-1	Echolocation	192000	/home/adkris/Documents/mila-human-wav-txt/20220826_070000.WAV	487	Waveform 1	1
LF	881.5234	19500.0	20160.0	7.370638694285295	881.5185	881.5316	18593	23343	Nyctalus noctula	0.025	0.055	-1	Echolocation	192000	/home/adkris/Documents/mila-human-wav-txt/20220826_070000.WAV	488	Waveform 1	1
LF	885.9059666666667	19500.0	19200.0	7.219361601729519	885.9045	885.9117	16015	26669	Plecotus austriacus	0.05	0.076	-1	Echolocation	192000	/home/adkris/Documents/mila-human-wav-txt/20220826_070000.WAV	489	Waveform 1	1
LF	887.2855333333333	20250.0	20160.0	20.03236660905424	887.2835	887.2913	16015	30477	Plecotus austriacus	0.022	0.035	-1	Echolocation	192000	/home/adkris/Documents/mila-human-wav-txt/20220826_070000.WAV	490	Waveform 1	1
LF	887.6937	21750.0	21120.0	7.216133899498369	887.6915	887.6968	15156	28576	Plecotus auritus	0.06	0.079	-1	Echolocation	192000	/home/adkris/Documents/mila-human-wav-txt/20220826_070000.WAV	491	Waveform 1	1
LF	891.7043	14250.0	14400.0	14.55403456943115	891.7025	891.7117	12578	20512	Nyctalus leisleri	0.031	0.044	-1	Echolocation	192000	/home/adkris/Documents/mila-human-wav-txt/20220826_070000.WAV	492	Waveform 1	1
LF	893.5984	21750.0	22080.0	9.686582733273204	893.5935	893.6031	19453	25853	Plecotus austriacus	0.024	0.075	-1	Echolocation	192000	/home/adkris/Documents/mila-human-wav-txt/20220826_070000.WAV	493	Waveform 1	1
LF	894.2446666666667	20250.0	19200.0	8.03315443930752	894.2405	894.2555	18593	24019	Nyctalus noctula	0.014	0.027	-1	Echolocation	192000	/home/adkris/Documents/mila-human-wav-txt/20220826_070000.WAV	494	Waveform 1	1
LF	894.3145	20250.0	22080.0	8.06737713430374	894.3085	894.317	19453	26989	Plecotus austriacus	0.019	0.044	-1	Echolocation	192000	/home/adkris/Documents/mila-human-wav-txt/20220826_070000.WAV	495	Waveform 1	1
LF	894.3154666666667	22500.0	22080.0	7.362461575484228	894.3135	894.3202	17734	27798	Plecotus austriacus	0.031	0.044	-1	Echolocation	192000	/home/adkris/Documents/mila-human-wav-txt/20220826_070000.WAV	496	Waveform 1	1
LF	894.8864666666667	18750.0	20160.0	10.255662944343324	894.8845	894.8912	15156	26495	Plecotus auritus	0.026	0.048	-1	Echolocation	192000	/home/adkris/Documents/mila-human-wav-txt/20220826_070000.WAV	497	Waveform 1	1
LF	895.1889666666667	22500.0	22080.0	9.912033823679735	895.1865	895.1927	16875	32221	Plecotus austriacus	0.047	0.07	-1	Echolocation	192000	/home/adkris/Documents/mila-human-wav-txt/20220826_070000.WAV	498	Waveform 1	1
LF	898.9860666666667	20250.0	20160.0	15.7980274008195	898.9855	898.9936	16875	29856	Plecotus austriacus	0.024	0.037	-1	Echolocation	192000	/home/adkris/Documents/mila-human-wav-txt/20220826_070000.WAV	499	Waveform 1	1
LF	899.4278666666667	21750.0	22080.0	12.03669940190907	899.4255	899.4353	18593	24618	Plecotus austriacus	0.033	0.082	-1	Echolocation	192000	/home/adkris/Documents/mila-human-wav-txt/20220826_070000.WAV	500	Waveform 1	1
LF	903.1797	19500.0	17280.0	13.01384612052204	903.1785	903.1883	16015	22619	Nyctalus noctula	0.019	0.036	-1	Echolocation	192000	/home/adkris/Documents/mila-human-wav-txt/20220826_070000.WAV	501	Waveform 1	1
LF	903.4251666666668	21750.0	22080.0	8.21943745355913	903.4245	903.4325	20312	27557	Plecotus austriacus	0.019	0.034	-1	Echolocation	192000	/home/adkris/Documents/mila-human-wav-txt/20220826_070000.WAV	502	Waveform 1	1
LF	904.1380666666666	22500.0	22080.0	11.393624156794562	904.1325	904.1426	19453	26536	Plecotus austriacus	0.035	0.063	-1	Echolocation	192000	/home/adkris/Documents/mila-human-wav-txt/20220826_070000.WAV	503	Waveform 1	1
LF	904.9999666666666	12750.0	13440.000000000002	10.336208096014705	904.9975	905.0072	12578	20743	Nyctalus leisleri	0.03	0.045	-1	Echolocation	192000	/home/adkris/Documents/mila-human-wav-txt/20220826_070000.WAV	504	Waveform 1	1
HF	905.2377	53250.0	52800.00000000001	9.2889375947501	905.2355	905.2408	36640	68935	Myotis mystacinus	0.01	0.027	-1	Echolocation	192000	/home/adkris/Documents/mila-human-wav-txt/20220826_070000.WAV	505	Waveform 1	1
LF	907.3126666666668	21000.0	20160.0	9.94567879050302	907.3105	907.317	16015	26390	Plecotus auritus	0.063	0.108	-1	Echolocation	192000	/home/adkris/Documents/mila-human-wav-txt/20220826_070000.WAV	506	Waveform 1	1
LF	908.5796666666666	17250.0	17280.0	8.271498589070115	908.5785	908.586	15156	24256	Plecotus auritus	0.03	0.062	-1	Echolocation	192000	/home/adkris/Documents/mila-human-wav-txt/20220826_070000.WAV	507	Waveform 1	1
LF	909.0836666666668	20250.0	20160.0	10.993813361532096	909.0825	909.09	17734	26623	Plecotus austriacus	0.058	0.093	-1	Echolocation	192000	/home/adkris/Documents/mila-human-wav-txt/20220826_070000.WAV	508	Waveform 1	1
LF	910.6242666666668	21750.0	22080.0	17.374445573380083	910.6215	910.6309	19453	25437	Plecotus austriacus	0.036	0.067	-1	Echolocation	192000	/home/adkris/Documents/mila-human-wav-txt/20220826_070000.WAV	509	Waveform 1	1
LF	911.0434	19500.0	20160.0	19.081550912293025	911.0415	911.0506	16875	24674	Plecotus austriacus	0.027	0.046	-1	Echolocation	192000	/home/adkris/Documents/mila-human-wav-txt/20220826_070000.WAV	510	Waveform 1	1
LF	911.4631	20250.0	20160.0	13.98004062573409	911.4615	911.4709	19453	25138	Plecotus austriacus	0.039	0.103	-1	Echolocation	192000	/home/adkris/Documents/mila-human-wav-txt/20220826_070000.WAV	511	Waveform 1	1
LF	912.9041666666668	21000.0	21120.0	7.30078312336582	912.9005	912.909	19453	26498	Plecotus austriacus	0.044	0.099	-1	Echolocation	192000	/home/adkris/Documents/mila-human-wav-txt/20220826_070000.WAV	512	Waveform 1	1
LF	913.2009666666668	21000.0	21120.0	10.578311759129132	913.1995	913.2067	18593	26752	Plecotus austriacus	0.064	0.098	-1	Echolocation	192000	/home/adkris/Documents/mila-human-wav-txt/20220826_070000.WAV	513	Waveform 1	1
LF	917.4284	19500.0	19200.0	10.844000194516934	917.4245	917.4351	18593	23445	Nyctalus noctula	0.027	0.085	-1	Echolocation	192000	/home/adkris/Documents/mila-human-wav-txt/20220826_070000.WAV	514	Waveform 1	1
LF	917.7923333333332	20250.0	20160.0	8.36359080844065	917.7885	917.798	19453	25802	Plecotus austriacus	0.03	0.088	-1	Echolocation	192000	/home/adkris/Documents/mila-human-wav-txt/20220826_070000.WAV	515	Waveform 1	1
LF	918.7499666666666	21750.0	22080.0	7.585888396639513	918.7445	918.7547	18593	24231	Plecotus austriacus	0.023	0.076	-1	Echolocation	192000	/home/adkris/Documents/mila-human-wav-txt/20220826_070000.WAV	516	Waveform 1	1
LF	923.0467666666668	19500.0	20160.0	16.31245193739219	923.0415	923.0519	18593	24166	Plecotus austriacus	0.018	0.051	-1	Echolocation	192000	/home/adkris/Documents/mila-human-wav-txt/20220826_070000.WAV	517	Waveform 1	1
LF	927.5113333333334	16500.0	17280.0	7.44619807671565	927.5095	927.5175	14296	26181	Plecotus auritus	0.01	0.024	-1	Echolocation	192000	/home/adkris/Documents/mila-human-wav-txt/20220826_070000.WAV	518	Waveform 1	1
LF	928.3115	18750.0	19200.0	7.509125564253328	928.3055	928.321	19453	24352	Nyctalus noctula	0.012	0.022	-1	Echolocation	192000	/home/adkris/Documents/mila-human-wav-txt/20220826_070000.WAV	519	Waveform 1	1
LF	928.3117666666668	18000.0	18240.0	10.268570854771216	928.3095	928.3159	14296	32203	Plecotus auritus	0.016	0.022	-1	Echolocation	192000	/home/adkris/Documents/mila-human-wav-txt/20220826_070000.WAV	520	Waveform 1	1
LF	928.3118333333332	18000.0	18240.0	9.687394209845833	928.3105	928.3225	18593	22951	Nyctalus noctula	0.009	0.023	-1	Echolocation	192000	/home/adkris/Documents/mila-human-wav-txt/20220826_070000.WAV	521	Waveform 1	1
LF	929.0830666666668	21750.0	22080.0	16.994448414459647	929.0815	929.0921	22031	24746	Nyctalus leisleri	0.049	0.076	-1	Echolocation	192000	/home/adkris/Documents/mila-human-wav-txt/20220826_070000.WAV	522	Waveform 1	1
LF	931.9446333333332	21750.0	21120.0	7.69112973581576	931.9435	931.9487	17734	31297	Plecotus austriacus	0.073	0.096	-1	Echolocation	192000	/home/adkris/Documents/mila-human-wav-txt/20220826_070000.WAV	523	Waveform 1	1
LF	935.7621	21750.0	21120.0	14.159664172439497	935.7605	935.7699	19453	24475	Plecotus austriacus	0.04	0.1	-1	Echolocation	192000	/home/adkris/Documents/mila-human-wav-txt/20220826_070000.WAV	524	Waveform 1	1
LF	936.0703333333332	20250.0	20160.0	7.633984265692508	936.0685	936.0765	16875	24754	Plecotus austriacus	0.024	0.048	-1	Echolocation	192000	/home/adkris/Documents/mila-human-wav-txt/20220826_070000.WAV	525	Waveform 1	1
LF	939.8743333333332	21750.0	22080.0	12.015660194406678	939.8715	939.8785	17734	31278	Plecotus austriacus	0.09	0.125	-1	Echolocation	192000	/home/adkris/Documents/mila-human-wav-txt/20220826_070000.WAV	526	Waveform 1	1
LF	942.8767333333332	22500.0	23040.0	8.39108342697422	942.8745	942.8821	22890	37750	Plecotus austriacus	0.009	0.027	-1	Echolocation	192000	/home/adkris/Documents/mila-human-wav-txt/20220826_070000.WAV	527	Waveform 1	1
LF	945.3631666666666	21750.0	22080.0	14.130371685682528	945.3615	945.3685	17734	27244	Plecotus austriacus	0.055	0.071	-1	Echolocation	192000	/home/adkris/Documents/mila-human-wav-txt/20220826_070000.WAV	528	Waveform 1	1
LF	947.074	20250.0	20160.0	9.133995287683604	947.0705	947.0815	18593	23566	Nyctalus noctula	0.027	0.079	-1	Echolocation	192000	/home/adkris/Documents/mila-human-wav-txt/20220826_070000.WAV	529	Waveform 1	1
LF	950.5283666666668	20250.0	20160.0	14.299069612097794	950.5255	950.5348	17734	25194	Plecotus austriacus	0.045	0.068	-1	Echolocation	192000	/home/adkris/Documents/mila-human-wav-txt/20220826_070000.WAV	530	Waveform 1	1
HF	963.5446333333332	48750.0	48960.0	11.04610866793298	963.5405	963.5462	33203	76554	Myotis mystacinus	0.011	0.033	-1	Echolocation	192000	/home/adkris/Documents/mila-human-wav-txt/20220826_070000.WAV	531	Waveform 1	1
HF	963.7348333333332	57000.0	56640.0	12.69457731644194	963.7295	963.7375	57265	64603	Pipistrellus pygmaeus	0.026	0.029	-1	Echolocation	192000	/home/adkris/Documents/mila-human-wav-txt/20220826_070000.WAV	532	Waveform 1	1
HF	964.0519333333332	54750.0	54719.99999999999	8.717990541651309	964.0515	964.0574	36640	67777	Myotis mystacinus	0.008	0.023	-1	Echolocation	192000	/home/adkris/Documents/mila-human-wav-txt/20220826_070000.WAV	533	Waveform 1	1
HF	964.0531333333332	52500.0	54719.99999999999	7.514209731872155	964.0525	964.0582	29765	62261	Myotis daubentonii	0.014	0.025	-1	Echolocation	192000	/home/adkris/Documents/mila-human-wav-txt/20220826_070000.WAV	534	Waveform 1	1
HF	964.1017333333332	53250.0	52800.00000000001	11.200616594093518	964.0975	964.1031	36640	72668	Myotis brandtii	0.008	0.025	-1	Echolocation	192000	/home/adkris/Documents/mila-human-wav-txt/20220826_070000.WAV	535	Waveform 1	1
HF	964.2882	53250.0	52800.00000000001	9.735423725765092	964.2865	964.2923	33203	68560	Myotis daubentonii	0.009	0.026	-1	Echolocation	192000	/home/adkris/Documents/mila-human-wav-txt/20220826_070000.WAV	536	Waveform 1	1
HF	964.343	54000.0	52800.00000000001	8.79321122554843	964.3415	964.3475	34921	71219	Myotis mystacinus	0.01	0.027	-1	Echolocation	192000	/home/adkris/Documents/mila-human-wav-txt/20220826_070000.WAV	537	Waveform 1	1
HF	964.3992333333332	54000.0	52800.00000000001	12.669084188149778	964.3955	964.4016	34062	70444	Myotis brandtii	0.007	0.022	-1	Echolocation	192000	/home/adkris/Documents/mila-human-wav-txt/20220826_070000.WAV	538	Waveform 1	1
HF	964.4666666666668	54000.0	52800.00000000001	9.807180187379483	964.4635	964.469	36640	77095	Myotis brandtii	0.009	0.023	-1	Echolocation	192000	/home/adkris/Documents/mila-human-wav-txt/20220826_070000.WAV	539	Waveform 1	1
HF	964.5323666666668	55500.0	55679.99999999999	10.1582325702684	964.5295	964.5353	34062	80671	Myotis mystacinus	0.011	0.033	-1	Echolocation	192000	/home/adkris/Documents/mila-human-wav-txt/20220826_070000.WAV	540	Waveform 1	1
HF	964.6646666666668	54750.0	52800.00000000001	8.472604669842172	964.6615	964.667	34921	74798	Myotis brandtii	0.008	0.025	-1	Echolocation	192000	/home/adkris/Documents/mila-human-wav-txt/20220826_070000.WAV	541	Waveform 1	1
HF	964.8103333333332	53250.0	53760.00000000001	19.066801376103303	964.8065	964.8125	33203	74211	Myotis mystacinus	0.009	0.027	-1	Echolocation	192000	/home/adkris/Documents/mila-human-wav-txt/20220826_070000.WAV	542	Waveform 1	1
HF	964.8721	53250.0	52800.00000000001	13.887557945326131	964.8705	964.8764	33203	80968	Myotis mystacinus	0.013	0.033	-1	Echolocation	192000	/home/adkris/Documents/mila-human-wav-txt/20220826_070000.WAV	543	Waveform 1	1
HF	965.0017333333332	53250.0	52800.00000000001	15.456167676751244	964.9985	965.0051	27187	51898	Myotis nattereri	0.008	0.023	-1	Echolocation	192000	/home/adkris/Documents/mila-human-wav-txt/20220826_070000.WAV	544	Waveform 1	1
HF	965.1724	53250.0	52800.00000000001	22.74419518136476	965.1675	965.1736	33203	71737	Myotis daubentonii	0.008	0.028	-1	Echolocation	192000	/home/adkris/Documents/mila-human-wav-txt/20220826_070000.WAV	545	Waveform 1	1
HF	965.3540666666668	54000.0	52800.00000000001	13.32658123557307	965.3515	965.3576	29765	60752	Myotis daubentonii	0.014	0.023	-1	Echolocation	192000	/home/adkris/Documents/mila-human-wav-txt/20220826_070000.WAV	546	Waveform 1	1
HF	965.44	55500.0	56640.0	14.530560986662824	965.4335	965.4415	58125	64176	Pipistrellus pygmaeus	0.026	0.028	-1	Echolocation	192000	/home/adkris/Documents/mila-human-wav-txt/20220826_070000.WAV	547	Waveform 1	1
HF	965.5436333333332	55500.0	55679.99999999999	23.766230437354658	965.5425	965.5512	56406	67888	Pipistrellus pygmaeus	0.029	0.031	-1	Echolocation	192000	/home/adkris/Documents/mila-human-wav-txt/20220826_070000.WAV	548	Waveform 1	1
HF	965.9156333333332	56250.0	57600.0	18.27773233581385	965.9125	965.9192	55546	64403	Pipistrellus pygmaeus	0.035	0.038	-1	Echolocation	192000	/home/adkris/Documents/mila-human-wav-txt/20220826_070000.WAV	549	Waveform 1	1
HF	967.3575	48000.0	52800.00000000001	11.747927624837358	967.3525	967.3585	28046	56515	Myotis nattereri	0.01	0.022	-1	Echolocation	192000	/home/adkris/Documents/mila-human-wav-txt/20220826_070000.WAV	550	Waveform 1	1
HF	967.5366333333334	48750.0	48960.0	10.17079632130491	967.5335	967.5402	28906	52691	Myotis nattereri	0.008	0.026	-1	Echolocation	192000	/home/adkris/Documents/mila-human-wav-txt/20220826_070000.WAV	551	Waveform 1	1
HF	968.1643666666666	55500.0	54719.99999999999	7.384950006278077	968.1635	968.1713	56406	65142	Pipistrellus pygmaeus	0.023	0.024	-1	Echolocation	192000	/home/adkris/Documents/mila-human-wav-txt/20220826_070000.WAV	552	Waveform 1	1
LF	974.0261666666668	17250.0	17280.0	7.541547157284151	974.0245	974.035	16015	21347	Nyctalus noctula	0.016	0.032	-1	Echolocation	192000	/home/adkris/Documents/mila-human-wav-txt/20220826_070000.WAV	553	Waveform 1	1
LF	975.4062666666666	19500.0	20160.0	13.675460990443035	975.4045	975.4114	16015	24962	Plecotus auritus	0.038	0.077	-1	Echolocation	192000	/home/adkris/Documents/mila-human-wav-txt/20220826_070000.WAV	554	Waveform 1	1
LF	980.7587333333332	20250.0	20160.0	10.112168790825296	980.7565	980.7641	17734	26525	Plecotus austriacus	0.066	0.096	-1	Echolocation	192000	/home/adkris/Documents/mila-human-wav-txt/20220826_070000.WAV	555	Waveform 1	1
LF	981.2377	24000.0	24960.0	7.348653773402997	981.2355	981.2443	22890	28943	Plecotus austriacus	0.013	0.03	-1	Echolocation	192000	/home/adkris/Documents/mila-human-wav-txt/20220826_070000.WAV	556	Waveform 1	1
LF	981.6700333333332	17250.0	20160.0	14.97061711711298	981.6685	981.6838	16875	22508	Nyctalus noctula	0.028	0.039	-1	Echolocation	192000	/home/adkris/Documents/mila-human-wav-txt/20220826_070000.WAV	557	Waveform 1	1
LF	983.3096	24000.0	21120.0	7.034114576782637	983.3075	983.3129	17734	31794	Plecotus austriacus	0.067	0.093	-1	Echolocation	192000	/home/adkris/Documents/mila-human-wav-txt/20220826_070000.WAV	558	Waveform 1	1
LF	983.5536666666668	21750.0	22080.0	11.623118553634686	983.5525	983.5635	22031	24037	Nyctalus leisleri	0.025	0.041	-1	Echolocation	192000	/home/adkris/Documents/mila-human-wav-txt/20220826_070000.WAV	559	Waveform 1	1
LF	988.8286666666668	18750.0	20160.0	11.45712059238565	988.8265	988.8365	19453	24412	Plecotus austriacus	0.013	0.037	-1	Echolocation	192000	/home/adkris/Documents/mila-human-wav-txt/20220826_070000.WAV	560	Waveform 1	1
LF	990.6881	21750.0	21120.0	11.609542593972108	990.6855	990.6904	16015	34914	Plecotus austriacus	0.053	0.096	-1	Echolocation	192000	/home/adkris/Documents/mila-human-wav-txt/20220826_070000.WAV	561	Waveform 1	1
LF	993.1022666666668	20250.0	22080.0	11.65695595866846	993.0965	993.1064	18593	24527	Plecotus austriacus	0.018	0.044	-1	Echolocation	192000	/home/adkris/Documents/mila-human-wav-txt/20220826_070000.WAV	562	Waveform 1	1
LF	995.2577333333334	17250.0	18240.0	9.028310502639558	995.2565	995.2686	16015	21626	Nyctalus noctula	0.029	0.042	-1	Echolocation	192000	/home/adkris/Documents/mila-human-wav-txt/20220826_070000.WAV	563	Waveform 1	1
LF	995.8284	19500.0	22080.0	7.420349839600463	995.8265	995.8321	15156	32446	Plecotus auritus	0.023	0.05	-1	Echolocation	192000	/home/adkris/Documents/mila-human-wav-txt/20220826_070000.WAV	564	Waveform 1	1
LF	997.2685	18750.0	19200.0	8.290438597876669	997.2675	997.2775	16015	21799	Nyctalus noctula	0.02	0.035	-1	Echolocation	192000	/home/adkris/Documents/mila-human-wav-txt/20220826_070000.WAV	565	Waveform 1	1
LF	999.1457333333332	20250.0	20160.0	10.05644533343503	999.1425	999.1526	18593	24469	Plecotus austriacus	0.035	0.087	-1	Echolocation	192000	/home/adkris/Documents/mila-human-wav-txt/20220826_070000.WAV	566	Waveform 1	1
LF	999.8561	14250.0	15360.0	7.258622307838804	999.8535	999.8619	13437	17492	Plecotus auritus	0.014	0.037	-1	Echolocation	192000	/home/adkris/Documents/mila-human-wav-txt/20220826_070000.WAV	567	Waveform 1	1
LF	1001.5474333333332	21000.0	22080.0	18.22970466902366	1001.5465	1001.5554	21171	24827	Nyctalus leisleri	0.023	0.043	-1	Echolocation	192000	/home/adkris/Documents/mila-human-wav-txt/20220826_070000.WAV	568	Waveform 1	1
LF	1007.3016666666666	20250.0	21120.0	9.417859608607657	1007.2965	1007.307	19453	25227	Plecotus austriacus	0.023	0.063	-1	Echolocation	192000	/home/adkris/Documents/mila-human-wav-txt/20220826_070000.WAV	569	Waveform 1	1
HF	1008.9580666666668	51000.0	51840.0	7.378794242028773	1008.9505	1008.9656	51250	54452	Pipistrellus pygmaeus	0.06	0.093	-1	Echolocation	192000	/home/adkris/Documents/mila-human-wav-txt/20220826_070000.WAV	570	Waveform 1	1
LF	1009.2641666666668	22500.0	22080.0	7.562696631321472	1009.2625	1009.2695	17734	31209	Plecotus austriacus	0.047	0.06	-1	Echolocation	192000	/home/adkris/Documents/mila-human-wav-txt/20220826_070000.WAV	571	Waveform 1	1
HF	1009.9445333333332	50250.0	50880.0	8.124772606266413	1009.9305	1009.9473	50390	55197	Pipistrellus pygmaeus	0.054	0.098	-1	Echolocation	192000	/home/adkris/Documents/mila-human-wav-txt/20220826_070000.WAV	572	Waveform 1	1
HF	1010.3026	51000.0	50880.0	11.81093191396766	1010.2915	1010.3054	51250	58833	Pipistrellus pygmaeus	0.036	0.059	-1	Echolocation	192000	/home/adkris/Documents/mila-human-wav-txt/20220826_070000.WAV	573	Waveform 1	1
LF	1011.0293333333332	27000.0	26880.000000000004	14.4285686149824	1011.0285	1011.034	31484	40698	Myotis daubentonii	0.021	0.032	-1	Echolocation	192000	/home/adkris/Documents/mila-human-wav-txt/20220826_070000.WAV	574	Waveform 1	1
LF	1011.3570666666668	21750.0	22080.0	11.268634673790237	1011.3525	1011.3636	18593	23829	Nyctalus noctula	0.029	0.087	-1	Echolocation	192000	/home/adkris/Documents/mila-human-wav-txt/20220826_070000.WAV	575	Waveform 1	1
HF	1011.7994333333334	57750.0	52800.00000000001	9.591395801208694	1011.7975	1011.8089	52109	59548	Pipistrellus pygmaeus	0.056	0.071	-1	Echolocation	192000	/home/adkris/Documents/mila-human-wav-txt/20220826_070000.WAV	576	Waveform 1	1
HF	1012.1983	77250.0	77760.0	7.197051808349341	1012.1615	1012.1987	68437	82292	Rhinolophus ferrumequinum	0.033	0.033	-1	Echolocation	192000	/home/adkris/Documents/mila-human-wav-txt/20220826_070000.WAV	577	Waveform 1	1
HF	1012.1933333333334	78750.0	75840.0	9.545880968705395	1012.1715	1012.205	68437	81316	Rhinolophus ferrumequinum	0.023	0.023	-1	Echolocation	192000	/home/adkris/Documents/mila-human-wav-txt/20220826_070000.WAV	578	Waveform 1	1
LF	1012.1764333333332	21750.0	26880.000000000004	10.906058065997552	1012.1735	1012.1909	20312	23681	Nyctalus noctula	0.02	0.046	-1	Echolocation	192000	/home/adkris/Documents/mila-human-wav-txt/20220826_070000.WAV	579	Waveform 1	1
HF	1012.7850666666668	57000.0	55679.99999999999	10.222811943663864	1012.7845	1012.7926	53828	62230	Pipistrellus pygmaeus	0.076	0.088	-1	Echolocation	192000	/home/adkris/Documents/mila-human-wav-txt/20220826_070000.WAV	580	Waveform 1	1
LF	1013.3187	21750.0	22080.0	16.326176367380597	1013.3175	1013.3273	21171	24551	Nyctalus leisleri	0.054	0.094	-1	Echolocation	192000	/home/adkris/Documents/mila-human-wav-txt/20220826_070000.WAV	581	Waveform 1	1
HF	1013.6573333333332	80250.0	78720.0	8.773483470462146	1013.6245	1013.661	68437	82130	Rhinolophus ferrumequinum	0.026	0.026	-1	Echolocation	192000	/home/adkris/Documents/mila-human-wav-txt/20220826_070000.WAV	582	Waveform 1	1
HF	1013.6569333333332	80250.0	78720.0	9.065968700736567	1013.6465	1013.6879	68437	82350	Rhinolophus ferrumequinum	0.026	0.026	-1	Echolocation	192000	/home/adkris/Documents/mila-human-wav-txt/20220826_070000.WAV	583	Waveform 1	1
HF	1014.1556	80250.0	78720.0	10.659813668687704	1014.1445	1014.1829	68437	82231	Rhinolophus ferrumequinum	0.026	0.026	-1	Echolocation	192000	/home/adkris/Documents/mila-human-wav-txt/20220826_070000.WAV	584	Waveform 1	1
HF	1014.1549	54000.0	53760.00000000001	12.722861816553795	1014.1515	1014.1626	52968	57919	Pipistrellus pygmaeus	0.092	0.113	-1	Echolocation	192000	/home/adkris/Documents/mila-human-wav-txt/20220826_070000.WAV	585	Waveform 1	1
HF	1014.1549333333334	81000.0	77760.0	10.585202364872844	1014.1535	1014.1934	68437	82558	Rhinolophus ferrumequinum	0.026	0.026	-1	Echolocation	192000	/home/adkris/Documents/mila-human-wav-txt/20220826_070000.WAV	586	Waveform 1	1
HF	1014.7099666666668	80250.0	77760.0	7.67183603924	1014.6815	1014.7212	68437	82086	Rhinolophus ferrumequinum	0.024	0.024	-1	Echolocation	192000	/home/adkris/Documents/mila-human-wav-txt/20220826_070000.WAV	587	Waveform 1	1
HF	1014.7166	77250.0	77760.0	8.693264629976238	1014.6985	1014.7369	68437	81740	Rhinolophus ferrumequinum	0.021	0.022	-1	Echolocation	192000	/home/adkris/Documents/mila-human-wav-txt/20220826_070000.WAV	588	Waveform 1	1
LF	1016.7243666666668	21750.0	22080.0	10.789813102820329	1016.7225	1016.7363	21171	24584	Nyctalus leisleri	0.019	0.035	-1	Echolocation	192000	/home/adkris/Documents/mila-human-wav-txt/20220826_070000.WAV	589	Waveform 1	1
LF	1018.5324	21750.0	22080.0	8.530570221740547	1018.5305	1018.5361	16015	31328	Plecotus austriacus	0.051	0.106	-1	Echolocation	192000	/home/adkris/Documents/mila-human-wav-txt/20220826_070000.WAV	590	Waveform 1	1
LF	1022.7570666666668	20250.0	20160.0	14.153420222435374	1022.7555	1022.7661	18593	24134	Nyctalus noctula	0.039	0.094	-1	Echolocation	192000	/home/adkris/Documents/mila-human-wav-txt/20220826_070000.WAV	591	Waveform 1	1
LF	1023.3295	19500.0	20160.0	13.23705083367539	1023.3265	1023.3345	17734	25137	Plecotus austriacus	0.054	0.091	-1	Echolocation	192000	/home/adkris/Documents/mila-human-wav-txt/20220826_070000.WAV	592	Waveform 1	1
LF	1028.1758666666667	21000.0	22080.0	7.031627619462619	1028.1725	1028.1813	19453	26286	Plecotus austriacus	0.032	0.075	-1	Echolocation	192000	/home/adkris/Documents/mila-human-wav-txt/20220826_070000.WAV	593	Waveform 1	1
LF	1028.8465666666666	21750.0	22080.0	8.86968772073714	1028.8405	1028.8501	19453	25612	Plecotus austriacus	0.018	0.044	-1	Echolocation	192000	/home/adkris/Documents/mila-human-wav-txt/20220826_070000.WAV	594	Waveform 1	1
LF	1032.4943	21750.0	22080.0	7.120262694131933	1032.4895	1032.4992	19453	25389	Plecotus austriacus	0.034	0.095	-1	Echolocation	192000	/home/adkris/Documents/mila-human-wav-txt/20220826_070000.WAV	595	Waveform 1	1
LF	1032.9535666666666	20250.0	22080.0	17.391048420421914	1032.9515	1032.9581	17734	28127	Plecotus austriacus	0.081	0.114	-1	Echolocation	192000	/home/adkris/Documents/mila-human-wav-txt/20220826_070000.WAV	596	Waveform 1	1
LF	1035.4417	19500.0	20160.0	16.924241125935907	1035.4395	1035.4483	16875	24486	Plecotus austriacus	0.033	0.055	-1	Echolocation	192000	/home/adkris/Documents/mila-human-wav-txt/20220826_070000.WAV	597	Waveform 1	1
LF	1038.5046333333332	21750.0	22080.0	8.887262432077662	1038.5035	1038.5192	22031	25124	Nyctalus leisleri	0.029	0.059	-1	Echolocation	192000	/home/adkris/Documents/mila-human-wav-txt/20220826_070000.WAV	598	Waveform 1	1
LF	1038.6475	21000.0	21120.0	12.594396474670802	1038.6455	1038.651	15156	30790	Plecotus austriacus	0.037	0.075	-1	Echolocation	192000	/home/adkris/Documents/mila-human-wav-txt/20220826_070000.WAV	599	Waveform 1	1
HF	1039.0608333333334	50250.0	53760.00000000001	7.383185005608458	1039.0595	1039.0645	34062	68055	Myotis mystacinus	0.012	0.03	-1	Echolocation	192000	/home/adkris/Documents/mila-human-wav-txt/20220826_070000.WAV	600	Waveform 1	1
HF	1039.1863	49500.0	48960.0	8.485245676226624	1039.1845	1039.1902	34062	63896	Myotis mystacinus	0.011	0.031	-1	Echolocation	192000	/home/adkris/Documents/mila-human-wav-txt/20220826_070000.WAV	601	Waveform 1	1
LF	1040.0029333333334	21000.0	21120.0	8.473726267384016	1040.0015	1040.0099	21171	28476	Plecotus austriacus	0.008	0.029	-1	Echolocation	192000	/home/adkris/Documents/mila-human-wav-txt/20220826_070000.WAV	602	Waveform 1	1
LF	1043.2707	21750.0	22080.0	10.651021562944772	1043.2665	1043.2768	19453	24874	Plecotus austriacus	0.026	0.083	-1	Echolocation	192000	/home/adkris/Documents/mila-human-wav-txt/20220826_070000.WAV	603	Waveform 1	1
LF	1045.9399	20250.0	20160.0	7.287458909759911	1045.9365	1045.9476	19453	23717	Nyctalus leisleri	0.02	0.061	-1	Echolocation	192000	/home/adkris/Documents/mila-human-wav-txt/20220826_070000.WAV	604	Waveform 1	1
LF	1047.5226	24000.0	22080.0	7.592391798122778	1047.5205	1047.5259	16875	33027	Plecotus austriacus	0.028	0.047	-1	Echolocation	192000	/home/adkris/Documents/mila-human-wav-txt/20220826_070000.WAV	605	Waveform 1	1
LF	1047.7944666666667	17250.0	17280.0	9.712817899437065	1047.7925	1047.7992	14296	30595	Plecotus auritus	0.014	0.021	-1	Echolocation	192000	/home/adkris/Documents/mila-human-wav-txt/20220826_070000.WAV	606	Waveform 1	1
HF	1048.501533333333	54000.0	54719.99999999999	9.67874336046167	1048.5005	1048.5058	53828	60492	Pipistrellus pygmaeus	0.048	0.052	-1	Echolocation	192000	/home/adkris/Documents/mila-human-wav-txt/20220826_070000.WAV	607	Waveform 1	1
LF	1049.2832	19500.0	19200.0	10.243929050083407	1049.2825	1049.2893	15156	26268	Plecotus austriacus	0.021	0.044	-1	Echolocation	192000	/home/adkris/Documents/mila-human-wav-txt/20220826_070000.WAV	608	Waveform 1	1
LF	1055.2621333333334	21750.0	21120.0	10.2604265426854	1055.2565	1055.2677	18593	24039	Nyctalus noctula	0.025	0.073	-1	Echolocation	192000	/home/adkris/Documents/mila-human-wav-txt/20220826_070000.WAV	609	Waveform 1	1
LF	1058.472	21750.0	21120.0	16.91641275691486	1058.4695	1058.478	19453	25085	Plecotus austriacus	0.048	0.089	-1	Echolocation	192000	/home/adkris/Documents/mila-human-wav-txt/20220826_070000.WAV	610	Waveform 1	1
LF	1060.7944333333332	20250.0	20160.0	7.329901097378276	1060.7895	1060.8014	18593	23933	Nyctalus noctula	0.017	0.044	-1	Echolocation	192000	/home/adkris/Documents/mila-human-wav-txt/20220826_070000.WAV	611	Waveform 1	1
LF	1063.0747666666666	20250.0	20160.0	18.20587265568074	1063.0735	1063.0809	17734	26732	Plecotus austriacus	0.096	0.121	-1	Echolocation	192000	/home/adkris/Documents/mila-human-wav-txt/20220826_070000.WAV	612	Waveform 1	1
HF	1063.2196666666666	47250.0	49920.0	7.126622442196796	1063.2165	1063.222	32343	70773	Myotis mystacinus	0.017	0.041	-1	Echolocation	192000	/home/adkris/Documents/mila-human-wav-txt/20220826_070000.WAV	613	Waveform 1	1
LF	1064.1528666666666	21000.0	21120.0	9.186355991879848	1064.1515	1064.1658	20312	22794	Nyctalus leisleri	0.031	0.044	-1	Echolocation	192000	/home/adkris/Documents/mila-human-wav-txt/20220826_070000.WAV	614	Waveform 1	1
HF	1064.1701333333333	52500.0	51840.0	9.32350726807888	1064.1685	1064.1732	32343	80763	Myotis mystacinus	0.041	0.093	-1	Echolocation	192000	/home/adkris/Documents/mila-human-wav-txt/20220826_070000.WAV	615	Waveform 1	1
HF	1064.2548333333334	52500.0	49920.0	9.600473745831486	1064.2535	1064.2585	32343	73814	Myotis mystacinus	0.023	0.055	-1	Echolocation	192000	/home/adkris/Documents/mila-human-wav-txt/20220826_070000.WAV	616	Waveform 1	1
HF	1064.3485	49500.0	49920.0	8.698597876532705	1064.3465	1064.352	34062	65538	Myotis mystacinus	0.009	0.026	-1	Echolocation	192000	/home/adkris/Documents/mila-human-wav-txt/20220826_070000.WAV	617	Waveform 1	1
LF	1066.702633333333	19500.0	19200.0	10.768599142704383	1066.7015	1066.7172	17734	23257	Nyctalus noctula	0.014	0.022	-1	Echolocation	192000	/home/adkris/Documents/mila-human-wav-txt/20220826_070000.WAV	618	Waveform 1	1
LF	1067.072233333333	20250.0	15360.0	8.814823288071272	1067.0705	1067.0786	13437	28312	Plecotus auritus	0.035	0.062	-1	Echolocation	192000	/home/adkris/Documents/mila-human-wav-txt/20220826_070000.WAV	619	Waveform 1	1
LF	1067.9201666666668	19500.0	20160.0	10.690345323372233	1067.9185	1067.9255	14296	31378	Plecotus auritus	0.016	0.026	-1	Echolocation	192000	/home/adkris/Documents/mila-human-wav-txt/20220826_070000.WAV	620	Waveform 1	1
LF	1069.2887666666666	21750.0	22080.0	7.122609327367325	1069.2835	1069.2939	22890	27358	Nyctalus leisleri	0.009	0.022	-1	Echolocation	192000	/home/adkris/Documents/mila-human-wav-txt/20220826_070000.WAV	621	Waveform 1	1
LF	1069.2890333333332	17250.0	20160.0	10.56001215216448	1069.2865	1069.2938	14296	31660	Plecotus auritus	0.028	0.046	-1	Echolocation	192000	/home/adkris/Documents/mila-human-wav-txt/20220826_070000.WAV	622	Waveform 1	1
LF	1073.6234333333334	19500.0	20160.0	7.541396089023301	1073.6155	1073.6314	18593	23262	Nyctalus noctula	0.034	0.052	-1	Echolocation	192000	/home/adkris/Documents/mila-human-wav-txt/20220826_070000.WAV	623	Waveform 1	1
LF	1074.602933333333	15000.0	15360.0	11.174604987128491	1074.6015	1074.6099	12578	23713	Nyctalus leisleri	0.025	0.033	-1	Echolocation	192000	/home/adkris/Documents/mila-human-wav-txt/20220826_070000.WAV	624	Waveform 1	1
LF	1075.831233333333	21000.0	21120.0	9.030010241590787	1075.8305	1075.8396	19453	25676	Plecotus austriacus	0.025	0.055	-1	Echolocation	192000	/home/adkris/Documents/mila-human-wav-txt/20220826_070000.WAV	625	Waveform 1	1
LF	1080.1175666666666	21000.0	21120.0	14.161609464267467	1080.1135	1080.1216	17734	29863	Plecotus austriacus	0.055	0.082	-1	Echolocation	192000	/home/adkris/Documents/mila-human-wav-txt/20220826_070000.WAV	626	Waveform 1	1
HF	1081.6538	54750.0	53760.00000000001	8.80619293708615	1081.6515	1081.6567	49531	59602	Pipistrellus pipistrellus	0.056	0.095	-1	Echolocation	192000	/home/adkris/Documents/mila-human-wav-txt/20220826_070000.WAV	627	Waveform 1	1
HF	1082.017466666667	47250.0	53760.00000000001	8.215954839151	1082.0145	1082.0202	33203	75757	Myotis mystacinus	0.012	0.035	-1	Echolocation	192000	/home/adkris/Documents/mila-human-wav-txt/20220826_070000.WAV	628	Waveform 1	1
HF	1082.3867666666667	46500.0	51840.0	8.971041664417502	1082.3835	1082.3889	33203	74414	Myotis mystacinus	0.016	0.034	-1	Echolocation	192000	/home/adkris/Documents/mila-human-wav-txt/20220826_070000.WAV	629	Waveform 1	1
LF	1082.722166666667	20250.0	20160.0	7.161237757543889	1082.7205	1082.7275	17734	27834	Plecotus austriacus	0.068	0.087	-1	Echolocation	192000	/home/adkris/Documents/mila-human-wav-txt/20220826_070000.WAV	630	Waveform 1	1
LF	1083.1266333333333	17250.0	17280.0	19.715330490024204	1083.1235	1083.1407	16875	20563	Nyctalus noctula	0.012	0.023	-1	Echolocation	192000	/home/adkris/Documents/mila-human-wav-txt/20220826_070000.WAV	631	Waveform 1	1
LF	1084.1372666666666	21000.0	21120.0	7.981182569898398	1084.1355	1084.1494	21171	23965	Nyctalus leisleri	0.022	0.041	-1	Echolocation	192000	/home/adkris/Documents/mila-human-wav-txt/20220826_070000.WAV	632	Waveform 1	1
LF	1084.9040666666667	21750.0	22080.0	14.670917735361598	1084.9025	1084.9096	18593	27597	Plecotus austriacus	0.08	0.12	-1	Echolocation	192000	/home/adkris/Documents/mila-human-wav-txt/20220826_070000.WAV	633	Waveform 1	1
LF	1087.1756	20250.0	21120.0	13.789009116523893	1087.1745	1087.1809	17734	28964	Plecotus austriacus	0.061	0.081	-1	Echolocation	192000	/home/adkris/Documents/mila-human-wav-txt/20220826_070000.WAV	634	Waveform 1	1
LF	1087.8985	20250.0	20160.0	13.0376098112236	1087.8935	1087.903	19453	24803	Plecotus austriacus	0.026	0.081	-1	Echolocation	192000	/home/adkris/Documents/mila-human-wav-txt/20220826_070000.WAV	635	Waveform 1	1
LF	1092.0833	22500.0	22080.0	14.525872957509607	1092.0815	1092.0872	16875	33388	Plecotus austriacus	0.055	0.078	-1	Echolocation	192000	/home/adkris/Documents/mila-human-wav-txt/20220826_070000.WAV	636	Waveform 1	1
HF	1092.6335	52500.0	53760.00000000001	8.00775548052736	1092.6315	1092.637	34062	65102	Myotis mystacinus	0.006	0.02	-1	Echolocation	192000	/home/adkris/Documents/mila-human-wav-txt/20220826_070000.WAV	637	Waveform 1	1
HF	1093.1364	50250.0	49920.0	12.28370238601035	1093.1345	1093.1401	33203	74647	Myotis mystacinus	0.017	0.039	-1	Echolocation	192000	/home/adkris/Documents/mila-human-wav-txt/20220826_070000.WAV	638	Waveform 1	1
HF	1093.2393333333334	57750.0	55679.99999999999	8.953495443673258	1093.2355	1093.2415	55546	67735	Pipistrellus pygmaeus	0.029	0.031	-1	Echolocation	192000	/home/adkris/Documents/mila-human-wav-txt/20220826_070000.WAV	639	Waveform 1	1
HF	1093.2417666666668	52500.0	51840.0	9.623066531158075	1093.2385	1093.2439	33203	80040	Myotis mystacinus	0.013	0.032	-1	Echolocation	192000	/home/adkris/Documents/mila-human-wav-txt/20220826_070000.WAV	640	Waveform 1	1
HF	1093.4377	49500.0	52800.00000000001	11.832956338659711	1093.4355	1093.4408	33203	71930	Myotis mystacinus	0.011	0.026	-1	Echolocation	192000	/home/adkris/Documents/mila-human-wav-txt/20220826_070000.WAV	641	Waveform 1	1
HF	1093.5256	54000.0	53760.00000000001	10.166827027894204	1093.5235	1093.5289	34062	66346	Myotis mystacinus	0.008	0.02	-1	Echolocation	192000	/home/adkris/Documents/mila-human-wav-txt/20220826_070000.WAV	642	Waveform 1	1
LF	1098.1622333333332	21750.0	22080.0	10.956526261379429	1098.1575	1098.1661	17734	25053	Plecotus austriacus	0.024	0.061	-1	Echolocation	192000	/home/adkris/Documents/mila-human-wav-txt/20220826_070000.WAV	643	Waveform 1	1
LF	1101.5695	21750.0	22080.0	18.05219365476769	1101.5675	1101.5765	19453	25667	Plecotus austriacus	0.045	0.094	-1	Echolocation	192000	/home/adkris/Documents/mila-human-wav-txt/20220826_070000.WAV	644	Waveform 1	1
LF	1102.5144	20250.0	20160.0	11.298993188846405	1102.5095	1102.5191	18593	24424	Plecotus austriacus	0.033	0.087	-1	Echolocation	192000	/home/adkris/Documents/mila-human-wav-txt/20220826_070000.WAV	645	Waveform 1	1
LF	1106.3491666666666	17250.0	17280.0	7.826371109751521	1106.3465	1106.37	16875	20509	Nyctalus noctula	0.064	0.081	-1	Echolocation	192000	/home/adkris/Documents/mila-human-wav-txt/20220826_070000.WAV	646	Waveform 1	1
LF	1106.8088333333333	20250.0	20160.0	13.697973399115607	1106.8075	1106.816	17734	25104	Plecotus austriacus	0.04	0.061	-1	Echolocation	192000	/home/adkris/Documents/mila-human-wav-txt/20220826_070000.WAV	647	Waveform 1	1
LF	1107.3384666666666	21000.0	22080.0	8.87161329467585	1107.3375	1107.3452	14296	25193	Plecotus auritus	0.009	0.024	-1	Echolocation	192000	/home/adkris/Documents/mila-human-wav-txt/20220826_070000.WAV	648	Waveform 1	1
LF	1108.3671	20250.0	20160.0	8.772534530614678	1108.3625	1108.3724	19453	24524	Plecotus austriacus	0.019	0.055	-1	Echolocation	192000	/home/adkris/Documents/mila-human-wav-txt/20220826_070000.WAV	649	Waveform 1	1
LF	1115.9306666666666	21000.0	22080.0	7.187551899111818	1115.9295	1115.937	19453	26837	Plecotus austriacus	0.042	0.079	-1	Echolocation	192000	/home/adkris/Documents/mila-human-wav-txt/20220826_070000.WAV	650	Waveform 1	1
LF	1129.1449	20250.0	20160.0	19.59661630134956	1129.1445	1129.1551	16875	23891	Nyctalus noctula	0.015	0.031	-1	Echolocation	192000	/home/adkris/Documents/mila-human-wav-txt/20220826_070000.WAV	651	Waveform 1	1
LF	1129.146966666667	21750.0	21120.0	17.245311410891915	1129.1455	1129.1562	22031	25022	Nyctalus leisleri	0.015	0.026	-1	Echolocation	192000	/home/adkris/Documents/mila-human-wav-txt/20220826_070000.WAV	652	Waveform 1	1
HF	1129.727	52500.0	51840.0	9.212365692664	1129.7175	1129.7295	52109	58758	Pipistrellus pygmaeus	0.049	0.064	-1	Echolocation	192000	/home/adkris/Documents/mila-human-wav-txt/20220826_070000.WAV	653	Waveform 1	1
HF	1130.26	55500.0	54719.99999999999	9.998029808555048	1130.2555	1130.2655	52968	60578	Pipistrellus pygmaeus	0.038	0.046	-1	Echolocation	192000	/home/adkris/Documents/mila-human-wav-txt/20220826_070000.WAV	654	Waveform 1	1
HF	1130.5171666666668	56250.0	55679.99999999999	12.66761286185044	1130.5135	1130.522	54687	59755	Pipistrellus pygmaeus	0.106	0.114	-1	Echolocation	192000	/home/adkris/Documents/mila-human-wav-txt/20220826_070000.WAV	655	Waveform 1	1
HF	1131.0301	54750.0	54719.99999999999	9.074533443978057	1131.0235	1131.0349	54687	60687	Pipistrellus pygmaeus	0.045	0.051	-1	Echolocation	192000	/home/adkris/Documents/mila-human-wav-txt/20220826_070000.WAV	656	Waveform 1	1
LF	1131.1672	21000.0	21120.0	7.048991408054252	1131.1665	1131.1838	20312	23649	Nyctalus noctula	0.026	0.055	-1	Echolocation	192000	/home/adkris/Documents/mila-human-wav-txt/20220826_070000.WAV	657	Waveform 1	1
HF	1131.2904	57750.0	57600.0	11.936811235482882	1131.2885	1131.2976	57265	65570	Pipistrellus pygmaeus	0.043	0.044	-1	Echolocation	192000	/home/adkris/Documents/mila-human-wav-txt/20220826_070000.WAV	658	Waveform 1	1
LF	1131.5150666666666	19500.0	20160.0	11.718809973607158	1131.5105	1131.5251	19453	24362	Nyctalus noctula	0.03	0.058	-1	Echolocation	192000	/home/adkris/Documents/mila-human-wav-txt/20220826_070000.WAV	659	Waveform 1	1
HF	1131.5708333333334	51000.0	51840.0	8.442375333949562	1131.5625	1131.5745	51250	55705	Pipistrellus pipistrellus	0.067	0.11	-1	Echolocation	192000	/home/adkris/Documents/mila-human-wav-txt/20220826_070000.WAV	660	Waveform 1	1
HF	1132.1435	57000.0	53760.00000000001	8.230088011965533	1132.1405	1132.152	52968	58535	Pipistrellus pygmaeus	0.067	0.08	-1	Echolocation	192000	/home/adkris/Documents/mila-human-wav-txt/20220826_070000.WAV	661	Waveform 1	1
HF	1132.3996333333334	57750.0	55679.99999999999	11.282546945827212	1132.3975	1132.4087	54687	60827	Pipistrellus pygmaeus	0.108	0.114	-1	Echolocation	192000	/home/adkris/Documents/mila-human-wav-txt/20220826_070000.WAV	662	Waveform 1	1
HF	1132.6763666666666	54000.0	53760.00000000001	9.303061533437068	1132.6615	1132.6798	49531	60576	Pipistrellus pipistrellus	0.018	0.031	-1	Echolocation	192000	/home/adkris/Documents/mila-human-wav-txt/20220826_070000.WAV	663	Waveform 1	1
LF	1133.2450666666666	18750.0	20160.0	8.871741087812442	1133.2405	1133.2551	18593	23837	Nyctalus noctula	0.039	0.065	-1	Echolocation	192000	/home/adkris/Documents/mila-human-wav-txt/20220826_070000.WAV	664	Waveform 1	1
HF	1134.2470666666666	56250.0	55679.99999999999	10.805937784389045	1134.2385	1134.2526	53828	61047	Pipistrellus pygmaeus	0.092	0.1	-1	Echolocation	192000	/home/adkris/Documents/mila-human-wav-txt/20220826_070000.WAV	665	Waveform 1	1
HF	1134.2486333333334	82500.0	81600.0	7.4231489451970045	1134.2435	1134.2937	68437	83367	Rhinolophus ferrumequinum	0.096	0.096	-1	Echolocation	192000	/home/adkris/Documents/mila-human-wav-txt/20220826_070000.WAV	666	Waveform 1	1
HF	1134.5342333333333	82500.0	80640.0	7.17767855093728	1134.5285	1134.5781	68437	83524	Rhinolophus ferrumequinum	0.055	0.055	-1	Echolocation	192000	/home/adkris/Documents/mila-human-wav-txt/20220826_070000.WAV	667	Waveform 1	1
LF	1134.7930666666666	19500.0	17280.0	10.198714106226316	1134.7915	1134.7986	15156	28266	Plecotus auritus	0.019	0.032	-1	Echolocation	192000	/home/adkris/Documents/mila-human-wav-txt/20220826_070000.WAV	668	Waveform 1	1
HF	1135.0737333333334	53250.0	52800.00000000001	10.498251915462944	1135.0605	1135.0781	52109	60090	Pipistrellus pygmaeus	0.066	0.087	-1	Echolocation	192000	/home/adkris/Documents/mila-human-wav-txt/20220826_070000.WAV	669	Waveform 1	1
HF	1135.2567666666666	53250.0	52800.00000000001	8.56726130979419	1135.2495	1135.2649	52968	59487	Pipistrellus pygmaeus	0.057	0.093	-1	Echolocation	192000	/home/adkris/Documents/mila-human-wav-txt/20220826_070000.WAV	670	Waveform 1	1
LF	1135.6033333333332	17250.0	17280.0	7.436458985439927	1135.6025	1135.608	13437	32506	Plecotus auritus	0.034	0.046	-1	Echolocation	192000	/home/adkris/Documents/mila-human-wav-txt/20220826_070000.WAV	671	Waveform 1	1
HF	1136.0648666666666	54750.0	54719.99999999999	7.021256324040978	1136.0525	1136.0663	52968	64416	Pipistrellus pipistrellus	0.048	0.079	-1	Echolocation	192000	/home/adkris/Documents/mila-human-wav-txt/20220826_070000.WAV	672	Waveform 1	1
HF	1137.378866666667	55500.0	55679.99999999999	7.512988991037717	1137.3745	1137.3928	53828	58535	Pipistrellus pygmaeus	0.076	0.089	-1	Echolocation	192000	/home/adkris/Documents/mila-human-wav-txt/20220826_070000.WAV	673	Waveform 1	1
HF	1137.3928	80250.0	79680.0	8.087788214312072	1137.3795	1137.4227	68437	82431	Rhinolophus ferrumequinum	0.028	0.028	-1	Echolocation	192000	/home/adkris/Documents/mila-human-wav-txt/20220826_070000.WAV	674	Waveform 1	1
HF	1137.9456333333333	80250.0	79680.0	8.591788824597472	1137.9125	1137.9487	68437	82347	Rhinolophus ferrumequinum	0.024	0.024	-1	Echolocation	192000	/home/adkris/Documents/mila-human-wav-txt/20220826_070000.WAV	675	Waveform 1	1
HF	1137.945333333333	80250.0	79680.0	8.628402719767315	1137.9375	1137.978	68437	82359	Rhinolophus ferrumequinum	0.031	0.031	-1	Echolocation	192000	/home/adkris/Documents/mila-human-wav-txt/20220826_070000.WAV	676	Waveform 1	1
HF	1137.9458333333334	54000.0	52800.00000000001	10.16730008616574	1137.9395	1137.9535	52109	57557	Pipistrellus pipistrellus	0.044	0.072	-1	Echolocation	192000	/home/adkris/Documents/mila-human-wav-txt/20220826_070000.WAV	677	Waveform 1	1
LF	1138.0819666666666	21000.0	21120.0	10.997689057062823	1138.0805	1138.0877	17734	28574	Plecotus austriacus	0.078	0.099	-1	Echolocation	192000	/home/adkris/Documents/mila-human-wav-txt/20220826_070000.WAV	678	Waveform 1	1
HF	1138.1229666666666	40500.0	40320.0	7.7058535792051135	1138.1205	1138.1267	36640	45673	Barbastellus barbastellus	0.035	0.06	-1	Echolocation	192000	/home/adkris/Documents/mila-human-wav-txt/20220826_070000.WAV	679	Waveform 1	1
HF	1138.243333333333	51750.0	48960.0	9.005628304661615	1138.2395	1138.2455	34062	68822	Myotis mystacinus	0.009	0.023	-1	Echolocation	192000	/home/adkris/Documents/mila-human-wav-txt/20220826_070000.WAV	680	Waveform 1	1
HF	1139.168233333333	57000.0	56640.0	11.704690474687052	1139.1655	1139.1726	55546	65802	Pipistrellus pygmaeus	0.029	0.031	-1	Echolocation	192000	/home/adkris/Documents/mila-human-wav-txt/20220826_070000.WAV	681	Waveform 1	1
HF	1139.556466666667	48750.0	48960.0	7.903956049695293	1139.5535	1139.5592	32343	67730	Myotis mystacinus	0.011	0.023	-1	Echolocation	192000	/home/adkris/Documents/mila-human-wav-txt/20220826_070000.WAV	682	Waveform 1	1
HF	1139.6724333333334	55500.0	55679.99999999999	10.22223039725846	1139.6645	1139.6734	56406	62462	Pipistrellus pygmaeus	0.032	0.035	-1	Echolocation	192000	/home/adkris/Documents/mila-human-wav-txt/20220826_070000.WAV	683	Waveform 1	1
HF	1139.7784666666666	53250.0	49920.0	7.354171378361546	1139.7755	1139.7812	33203	72348	Myotis mystacinus	0.014	0.031	-1	Echolocation	192000	/home/adkris/Documents/mila-human-wav-txt/20220826_070000.WAV	684	Waveform 1	1
LF	1139.9393333333333	17250.0	20160.0	9.411361681048248	1139.9385	1139.9475	16015	22578	Plecotus austriacus	0.018	0.034	-1	Echolocation	192000	/home/adkris/Documents/mila-human-wav-txt/20220826_070000.WAV	685	Waveform 1	1
HF	1140.1526333333334	59250.0	58560.0	11.146496980362784	1140.1515	1140.1602	58125	64293	Pipistrellus pygmaeus	0.023	0.024	-1	Echolocation	192000	/home/adkris/Documents/mila-human-wav-txt/20220826_070000.WAV	686	Waveform 1	1
HF	1140.1558666666667	48750.0	48960.0	18.40454984899171	1140.1525	1140.1578	32343	73774	Myotis mystacinus	0.015	0.037	-1	Echolocation	192000	/home/adkris/Documents/mila-human-wav-txt/20220826_070000.WAV	687	Waveform 1	1
LF	1140.2614	20250.0	20160.0	12.060130558125357	1140.2565	1140.2661	18593	24845	Plecotus austriacus	0.039	0.105	-1	Echolocation	192000	/home/adkris/Documents/mila-human-wav-txt/20220826_070000.WAV	688	Waveform 1	1
LF	1141.2563	21750.0	22080.0	13.229671572788003	1141.2545	1141.2602	17734	30666	Plecotus austriacus	0.076	0.111	-1	Echolocation	192000	/home/adkris/Documents/mila-human-wav-txt/20220826_070000.WAV	689	Waveform 1	1
LF	1142.6178333333332	20250.0	20160.0	9.4027274955406	1142.6165	1142.625	18593	25450	Plecotus austriacus	0.014	0.028	-1	Echolocation	192000	/home/adkris/Documents/mila-human-wav-txt/20220826_070000.WAV	690	Waveform 1	1
LF	1145.1869666666666	19500.0	20160.0	14.55619453057306	1145.1825	1145.1972	18593	23662	Nyctalus noctula	0.028	0.05	-1	Echolocation	192000	/home/adkris/Documents/mila-human-wav-txt/20220826_070000.WAV	691	Waveform 1	1
LF	1145.560433333333	20250.0	20160.0	10.239950869841914	1145.5585	1145.5664	17734	26777	Plecotus austriacus	0.028	0.043	-1	Echolocation	192000	/home/adkris/Documents/mila-human-wav-txt/20220826_070000.WAV	692	Waveform 1	1
LF	1146.1304333333333	22500.0	23040.0	8.134056081617501	1146.1275	1146.1344	17734	29413	Plecotus austriacus	0.04	0.069	-1	Echolocation	192000	/home/adkris/Documents/mila-human-wav-txt/20220826_070000.WAV	693	Waveform 1	1
LF	1147.887	18000.0	19200.0	8.384055219854597	1147.8855	1147.8915	15156	27899	Plecotus auritus	0.02	0.039	-1	Echolocation	192000	/home/adkris/Documents/mila-human-wav-txt/20220826_070000.WAV	694	Waveform 1	1
LF	1149.4181666666666	21000.0	22080.0	9.034318986352666	1149.4165	1149.4235	17734	27674	Plecotus austriacus	0.061	0.09	-1	Echolocation	192000	/home/adkris/Documents/mila-human-wav-txt/20220826_070000.WAV	695	Waveform 1	1
LF	1150.9235333333334	21750.0	22080.0	10.68748204851456	1150.9215	1150.9293	18593	26558	Plecotus austriacus	0.047	0.072	-1	Echolocation	192000	/home/adkris/Documents/mila-human-wav-txt/20220826_070000.WAV	696	Waveform 1	1
LF	1154.0034666666666	24000.0	22080.0	7.423084321954974	1154.0015	1154.0082	16875	26361	Plecotus austriacus	0.033	0.102	-1	Echolocation	192000	/home/adkris/Documents/mila-human-wav-txt/20220826_070000.WAV	697	Waveform 1	1
LF	1155.2288	15000.0	15360.0	12.590705396623605	1155.2265	1155.2352	13437	20037	Plecotus austriacus	0.009	0.037	-1	Echolocation	192000	/home/adkris/Documents/mila-human-wav-txt/20220826_070000.WAV	698	Waveform 1	1
LF	1160.2549	21000.0	21120.0	7.526400325931996	1160.2535	1160.2596	15156	30376	Plecotus austriacus	0.015	0.032	-1	Echolocation	192000	/home/adkris/Documents/mila-human-wav-txt/20220826_070000.WAV	699	Waveform 1	1
LF	1163.590333333333	20250.0	20160.0	9.634568815038204	1163.5865	1163.596	17734	23769	Plecotus austriacus	0.021	0.032	-1	Echolocation	192000	/home/adkris/Documents/mila-human-wav-txt/20220826_070000.WAV	700	Waveform 1	1
LF	1164.9968333333334	19500.0	20160.0	9.047511478578944	1164.9925	1165.0085	20312	24021	Nyctalus noctula	0.016	0.033	-1	Echolocation	192000	/home/adkris/Documents/mila-human-wav-txt/20220826_070000.WAV	701	Waveform 1	1
LF	1168.4362	21750.0	22080.0	18.23496349220532	1168.4335	1168.4418	18593	26816	Plecotus austriacus	0.046	0.066	-1	Echolocation	192000	/home/adkris/Documents/mila-human-wav-txt/20220826_070000.WAV	702	Waveform 1	1
LF	1169.9684666666667	20250.0	20160.0	11.812155232577837	1169.9675	1169.9752	16875	26663	Plecotus austriacus	0.03	0.043	-1	Echolocation	192000	/home/adkris/Documents/mila-human-wav-txt/20220826_070000.WAV	703	Waveform 1	1
LF	1172.6639	18750.0	20160.0	8.71472742340236	1172.6615	1172.6701	16875	28002	Plecotus austriacus	0.02	0.038	-1	Echolocation	192000	/home/adkris/Documents/mila-human-wav-txt/20220826_070000.WAV	704	Waveform 1	1
LF	1178.9618	20250.0	20160.0	11.42846333609332	1178.9595	1178.9682	17734	25239	Plecotus austriacus	0.06	0.116	-1	Echolocation	192000	/home/adkris/Documents/mila-human-wav-txt/20220826_070000.WAV	705	Waveform 1	1
LF	1180.8681666666666	19500.0	20160.0	12.361762593552076	1180.8625	1180.876	18593	23908	Nyctalus noctula	0.012	0.029	-1	Echolocation	192000	/home/adkris/Documents/mila-human-wav-txt/20220826_070000.WAV	706	Waveform 1	1
LF	1186.7435333333333	21000.0	21120.0	7.211309791210031	1186.7415	1186.7493	18593	27188	Plecotus austriacus	0.035	0.054	-1	Echolocation	192000	/home/adkris/Documents/mila-human-wav-txt/20220826_070000.WAV	707	Waveform 1	1
LF	1187.0268666666666	17250.0	19200.0	12.48367102761434	1187.0255	1187.0328	15156	30423	Plecotus austriacus	0.014	0.027	-1	Echolocation	192000	/home/adkris/Documents/mila-human-wav-txt/20220826_070000.WAV	708	Waveform 1	1
LF	1187.1593	18750.0	19200.0	8.705170604013528	1187.1545	1187.1642	17734	23408	Plecotus austriacus	0.022	0.044	-1	Echolocation	192000	/home/adkris/Documents/mila-human-wav-txt/20220826_070000.WAV	709	Waveform 1	1
LF	1189.6003	20250.0	20160.0	7.951937792882298	1189.5985	1189.6077	18593	24727	Plecotus austriacus	0.032	0.056	-1	Echolocation	192000	/home/adkris/Documents/mila-human-wav-txt/20220826_070000.WAV	710	Waveform 1	1
LF	1190.2436	20250.0	20160.0	9.089671057732918	1190.2415	1190.2504	19453	24648	Plecotus austriacus	0.03	0.086	-1	Echolocation	192000	/home/adkris/Documents/mila-human-wav-txt/20220826_070000.WAV	711	Waveform 1	1
LF	1190.373833333333	20250.0	20160.0	8.097471714857916	1190.3705	1190.3805	18593	24215	Plecotus austriacus	0.026	0.058	-1	Echolocation	192000	/home/adkris/Documents/mila-human-wav-txt/20220826_070000.WAV	712	Waveform 1	1
LF	1191.5347333333334	21750.0	22080.0	11.27149063912322	1191.5295	1191.5376	17734	25171	Plecotus austriacus	0.03	0.054	-1	Echolocation	192000	/home/adkris/Documents/mila-human-wav-txt/20220826_070000.WAV	713	Waveform 1	1
LF	1192.0807666666667	19500.0	19200.0	8.337854083052058	1192.0775	1192.0864	16875	22704	Plecotus auritus	0.02	0.064	-1	Echolocation	192000	/home/adkris/Documents/mila-human-wav-txt/20220826_070000.WAV	714	Waveform 1	1
LF	1192.7857666666666	21750.0	22080.0	9.629331187206915	1192.7845	1192.7919	16875	23804	Plecotus auritus	0.024	0.058	-1	Echolocation	192000	/home/adkris/Documents/mila-human-wav-txt/20220826_070000.WAV	715	Waveform 1	1
HF	1194.7315333333331	40500.0	40320.0	8.588922942816	1194.7275	1194.7333	30625	58638	Myotis brandtii	0.013	0.03	-1	Echolocation	192000	/home/adkris/Documents/mila-human-wav-txt/20220826_070000.WAV	716	Waveform 1	1
HF	1195.0520333333334	44250.0	45120.0	16.842029553384254	1195.0475	1195.0528	30625	61465	Myotis brandtii	0.015	0.026	-1	Echolocation	192000	/home/adkris/Documents/mila-human-wav-txt/20220826_070000.WAV	717	Waveform 1	1
LF	1195.157	41250.0	41280.0	11.530331713993505	1195.1555	1195.1615	29765	44036	Myotis daubentonii	0.01	0.024	-1	Echolocation	192000	/home/adkris/Documents/mila-human-wav-txt/20220826_070000.WAV	718	Waveform 1	1
HF	1195.3704	48750.0	48960.0	13.99871744302868	1195.3685	1195.3741	49531	55843	Pipistrellus pipistrellus	0.011	0.026	-1	Echolocation	192000	/home/adkris/Documents/mila-human-wav-txt/20220826_070000.WAV	719	Waveform 1	1
HF	1195.566366666667	48000.0	48000.0	13.706945070279906	1195.5615	1195.5688	49531	54153	Pipistrellus pipistrellus	0.021	0.036	-1	Echolocation	192000	/home/adkris/Documents/mila-human-wav-txt/20220826_070000.WAV	720	Waveform 1	1
LF	1195.675066666667	40500.0	41280.0	17.322251881124448	1195.6725	1195.6786	30625	43368	Myotis daubentonii	0.011	0.022	-1	Echolocation	192000	/home/adkris/Documents/mila-human-wav-txt/20220826_070000.WAV	721	Waveform 1	1
HF	1195.7856	48000.0	48000.0	12.700297347295557	1195.7785	1195.7859	49531	56883	Pipistrellus pipistrellus	0.015	0.028	-1	Echolocation	192000	/home/adkris/Documents/mila-human-wav-txt/20220826_070000.WAV	722	Waveform 1	1
HF	1195.9876	41250.0	41280.0	17.87079552784315	1195.9825	1195.9884	28906	50289	Myotis daubentonii	0.012	0.024	-1	Echolocation	192000	/home/adkris/Documents/mila-human-wav-txt/20220826_070000.WAV	723	Waveform 1	1
HF	1196.0849333333333	48750.0	48000.0	11.024655496273157	1196.0785	1196.0854	49531	55721	Pipistrellus pipistrellus	0.015	0.027	-1	Echolocation	192000	/home/adkris/Documents/mila-human-wav-txt/20220826_070000.WAV	724	Waveform 1	1
HF	1196.085733333333	41250.0	41280.0	17.791946099340173	1196.0815	1196.0871	30625	60313	Myotis brandtii	0.014	0.027	-1	Echolocation	192000	/home/adkris/Documents/mila-human-wav-txt/20220826_070000.WAV	725	Waveform 1	1
HF	1196.2669666666666	51750.0	51840.0	17.354382207285695	1196.2625	1196.2702	52109	58088	Pipistrellus pygmaeus	0.055	0.063	-1	Echolocation	192000	/home/adkris/Documents/mila-human-wav-txt/20220826_070000.WAV	726	Waveform 1	1
HF	1196.3691333333334	53250.0	55679.99999999999	12.425619584324938	1196.3635	1196.3712	55546	62207	Pipistrellus pygmaeus	0.035	0.038	-1	Echolocation	192000	/home/adkris/Documents/mila-human-wav-txt/20220826_070000.WAV	727	Waveform 1	1
HF	1196.3703333333333	47250.0	41280.0	10.44266297323724	1196.3695	1196.375	28046	62504	Myotis daubentonii	0.016	0.027	-1	Echolocation	192000	/home/adkris/Documents/mila-human-wav-txt/20220826_070000.WAV	728	Waveform 1	1
HF	1196.4634	55500.0	54719.99999999999	9.854827576584343	1196.4605	1196.4686	54687	61952	Pipistrellus pygmaeus	0.024	0.026	-1	Echolocation	192000	/home/adkris/Documents/mila-human-wav-txt/20220826_070000.WAV	729	Waveform 1	1
LF	1196.5681333333334	41250.0	41280.0	9.781942419215088	1196.5655	1196.5727	22031	39005	Myotis nattereri	0.011	0.024	-1	Echolocation	192000	/home/adkris/Documents/mila-human-wav-txt/20220826_070000.WAV	730	Waveform 1	1
HF	1196.6632333333334	47250.0	48000.0	17.618724249661167	1196.6595	1196.6656	49531	60599	Pipistrellus pipistrellus	0.019	0.037	-1	Echolocation	192000	/home/adkris/Documents/mila-human-wav-txt/20220826_070000.WAV	731	Waveform 1	1
HF	1196.7572	58500.0	56640.0	11.541873950831608	1196.7495	1196.7598	57265	62859	Pipistrellus pygmaeus	0.044	0.045	-1	Echolocation	192000	/home/adkris/Documents/mila-human-wav-txt/20220826_070000.WAV	732	Waveform 1	1
HF	1196.7582333333332	53250.0	52800.00000000001	21.06039227861215	1196.7545	1196.7606	51250	59403	Pipistrellus pipistrellus	0.026	0.046	-1	Echolocation	192000	/home/adkris/Documents/mila-human-wav-txt/20220826_070000.WAV	733	Waveform 1	1
HF	1196.8504666666668	52500.0	51840.0	20.986033581876026	1196.8465	1196.8512	50390	60111	Pipistrellus pipistrellus	0.025	0.053	-1	Echolocation	192000	/home/adkris/Documents/mila-human-wav-txt/20220826_070000.WAV	734	Waveform 1	1
HF	1196.9482666666668	48000.0	53760.00000000001	24.139241592485256	1196.9475	1196.9554	52109	64147	Pipistrellus pipistrellus	0.021	0.043	-1	Echolocation	192000	/home/adkris/Documents/mila-human-wav-txt/20220826_070000.WAV	735	Waveform 1	1
HF	1197.047	47250.0	46080.0	40.14408270723031	1197.0455	1197.0515	31484	54790	Myotis brandtii	0.017	0.043	-1	Echolocation	192000	/home/adkris/Documents/mila-human-wav-txt/20220826_070000.WAV	736	Waveform 1	1
HF	1197.2427333333333	54000.0	53760.00000000001	19.50675376197692	1197.2355	1197.2451	53828	59683	Pipistrellus pygmaeus	0.069	0.072	-1	Echolocation	192000	/home/adkris/Documents/mila-human-wav-txt/20220826_070000.WAV	737	Waveform 1	1
HF	1197.2443666666666	46500.0	46080.0	35.416978726570306	1197.2415	1197.2473	28046	55853	Myotis daubentonii	0.017	0.034	-1	Echolocation	192000	/home/adkris/Documents/mila-human-wav-txt/20220826_070000.WAV	738	Waveform 1	1
HF	1197.3107666666667	48000.0	48000.0	25.14212823357649	1197.3085	1197.3149	47812	57001	Pipistrellus pipistrellus	0.038	0.066	-1	Echolocation	192000	/home/adkris/Documents/mila-human-wav-txt/20220826_070000.WAV	739	Waveform 1	1
HF	1197.3789	43500.0	46080.0	18.388246355742886	1197.3735	1197.3791	29765	74795	Myotis brandtii	0.023	0.048	-1	Echolocation	192000	/home/adkris/Documents/mila-human-wav-txt/20220826_070000.WAV	740	Waveform 1	1
HF	1197.4894333333334	45750.0	46080.0	12.815842040319689	1197.4855	1197.4914	30625	63165	Myotis brandtii	0.016	0.037	-1	Echolocation	192000	/home/adkris/Documents/mila-human-wav-txt/20220826_070000.WAV	741	Waveform 1	1
HF	1197.5407333333333	44250.0	46080.0	8.410540694808047	1197.5365	1197.5421	30625	62339	Myotis daubentonii	0.02	0.045	-1	Echolocation	192000	/home/adkris/Documents/mila-human-wav-txt/20220826_070000.WAV	742	Waveform 1	1
HF	1197.639233333333	44250.0	44160.0	7.3156425912616	1197.6355	1197.6416	30625	71364	Myotis brandtii	0.027	0.07	-1	Echolocation	192000	/home/adkris/Documents/mila-human-wav-txt/20220826_070000.WAV	743	Waveform 1	1
LF	1198.0626666666667	20250.0	20160.0	19.82434418277979	1198.0615	1198.069	15156	35790	Plecotus auritus	0.016	0.037	-1	Echolocation	192000	/home/adkris/Documents/mila-human-wav-txt/20220826_070000.WAV	744	Waveform 1	1
HF	1198.1545666666666	47250.0	46080.0	8.39071627440108	1198.1515	1198.1571	31484	73010	Myotis brandtii	0.019	0.041	-1	Echolocation	192000	/home/adkris/Documents/mila-human-wav-txt/20220826_070000.WAV	745	Waveform 1	1
HF	1198.2201	53250.0	52800.00000000001	17.86453178609458	1198.2175	1198.2294	52968	59005	Pipistrellus pygmaeus	0.036	0.042	-1	Echolocation	192000	/home/adkris/Documents/mila-human-wav-txt/20220826_070000.WAV	746	Waveform 1	1
HF	1198.3953	45000.0	45120.0	37.07340877750328	1198.3935	1198.3992	32343	63457	Myotis brandtii	0.024	0.057	-1	Echolocation	192000	/home/adkris/Documents/mila-human-wav-txt/20220826_070000.WAV	747	Waveform 1	1
HF	1198.494233333333	41250.0	41280.0	19.37098202009854	1198.4895	1198.4946	29765	64738	Myotis daubentonii	0.015	0.035	-1	Echolocation	192000	/home/adkris/Documents/mila-human-wav-txt/20220826_070000.WAV	748	Waveform 1	1
HF	1198.7039	42000.0	42240.0	16.810039622538195	1198.6995	1198.7061	28906	52564	Myotis daubentonii	0.012	0.024	-1	Echolocation	192000	/home/adkris/Documents/mila-human-wav-txt/20220826_070000.WAV	749	Waveform 1	1
HF	1199.2390666666668	47250.0	39360.0	7.349446755367145	1199.2365	1199.2426	30625	60458	Myotis daubentonii	0.021	0.038	-1	Echolocation	192000	/home/adkris/Documents/mila-human-wav-txt/20220826_070000.WAV	750	Waveform 1	1
HF	1199.2388666666666	48000.0	47040.0	8.647845774287497	1199.2365	1199.2428	46953	54372	Pipistrellus pipistrellus	0.051	0.09	-1	Echolocation	192000	/home/adkris/Documents/mila-human-wav-txt/20220826_070000.WAV	751	Waveform 1	1
LF	1199.3436333333334	40500.0	40320.0	11.289548963357326	1199.3415	1199.3492	22890	39464	Myotis nattereri	0.011	0.026	-1	Echolocation	192000	/home/adkris/Documents/mila-human-wav-txt/20220826_070000.WAV	752	Waveform 1	1
HF	1199.5977	40500.0	40320.0	19.244518231871066	1199.5925	1199.5983	29765	58600	Myotis daubentonii	0.014	0.027	-1	Echolocation	192000	/home/adkris/Documents/mila-human-wav-txt/20220826_070000.WAV	753	Waveform 1	1
HF	1199.9223	40500.0	40320.0	10.79180458736117	1199.9205	1199.9262	29765	55042	Myotis daubentonii	0.013	0.026	-1	Echolocation	192000	/home/adkris/Documents/mila-human-wav-txt/20220826_070000.WAV	754	Waveform 1	1
LF	1201.4834	20250.0	20160.0	16.435930002443335	1201.4815	1201.4906	19453	24490	Plecotus austriacus	0.028	0.076	-1	Echolocation	192000	/home/adkris/Documents/mila-human-wav-txt/20220826_070000.WAV	755	Waveform 1	1
LF	1202.1346	20250.0	20160.0	7.563896222154488	1202.1285	1202.1439	18593	23962	Nyctalus noctula	0.018	0.033	-1	Echolocation	192000	/home/adkris/Documents/mila-human-wav-txt/20220826_070000.WAV	756	Waveform 1	1
LF	1203.1983	20250.0	20160.0	7.412103170927249	1203.1965	1203.2022	13437	29851	Plecotus auritus	0.044	0.049	-1	Echolocation	192000	/home/adkris/Documents/mila-human-wav-txt/20220826_070000.WAV	757	Waveform 1	1
LF	1204.5237333333334	15750.0	16320.000000000002	7.1090792756043	1204.5215	1204.5291	13437	22446	Plecotus auritus	0.014	0.023	-1	Echolocation	192000	/home/adkris/Documents/mila-human-wav-txt/20220826_070000.WAV	758	Waveform 1	1
LF	1205.028366666667	13500.0	13440.000000000002	7.359970768904432	1205.0265	1205.0368	12578	18803	Nyctalus leisleri	0.025	0.032	-1	Echolocation	192000	/home/adkris/Documents/mila-human-wav-txt/20220826_070000.WAV	759	Waveform 1	1
LF	1207.397333333333	19500.0	20160.0	7.9985562552573155	1207.3955	1207.4035	16015	23455	Plecotus austriacus	0.015	0.034	-1	Echolocation	192000	/home/adkris/Documents/mila-human-wav-txt/20220826_070000.WAV	760	Waveform 1	1
HF	1208.5398333333333	46500.0	46080.0	21.593209812715045	1208.5355	1208.541	30625	65903	Myotis brandtii	0.013	0.025	-1	Echolocation	192000	/home/adkris/Documents/mila-human-wav-txt/20220826_070000.WAV	761	Waveform 1	1
HF	1208.5398	47250.0	48960.0	16.970591642938537	1208.5355	1208.5422	49531	58515	Pipistrellus pipistrellus	0.013	0.027	-1	Echolocation	192000	/home/adkris/Documents/mila-human-wav-txt/20220826_070000.WAV	762	Waveform 1	1
HF	1208.9337333333333	54000.0	53760.00000000001	13.953270133854314	1208.9305	1208.9371	52109	57371	Pipistrellus pipistrellus	0.021	0.038	-1	Echolocation	192000	/home/adkris/Documents/mila-human-wav-txt/20220826_070000.WAV	763	Waveform 1	1
HF	1209.026	54750.0	53760.00000000001	12.33623471469848	1209.0195	1209.0275	53828	58455	Pipistrellus pygmaeus	0.023	0.026	-1	Echolocation	192000	/home/adkris/Documents/mila-human-wav-txt/20220826_070000.WAV	764	Waveform 1	1
HF	1209.1160333333332	54750.0	52800.00000000001	23.469226576311897	1209.1125	1209.1188	51250	57817	Pipistrellus pygmaeus	0.015	0.031	-1	Echolocation	192000	/home/adkris/Documents/mila-human-wav-txt/20220826_070000.WAV	765	Waveform 1	1
HF	1209.2089666666666	53250.0	52800.00000000001	12.471322519779912	1209.2065	1209.2127	52109	57391	Pipistrellus pygmaeus	0.014	0.027	-1	Echolocation	192000	/home/adkris/Documents/mila-human-wav-txt/20220826_070000.WAV	766	Waveform 1	1
HF	1209.3028	54750.0	56640.0	8.608712988035784	1209.2935	1209.3057	57265	63793	Pipistrellus pygmaeus	0.03	0.031	-1	Echolocation	192000	/home/adkris/Documents/mila-human-wav-txt/20220826_070000.WAV	767	Waveform 1	1
HF	1209.3929666666668	53250.0	53760.00000000001	9.630833387754452	1209.3885	1209.3962	52968	61569	Pipistrellus pygmaeus	0.045	0.05	-1	Echolocation	192000	/home/adkris/Documents/mila-human-wav-txt/20220826_070000.WAV	768	Waveform 1	1
HF	1209.3949	43500.0	45120.0	16.184282141136727	1209.3895	1209.3951	30625	64716	Myotis brandtii	0.016	0.027	-1	Echolocation	192000	/home/adkris/Documents/mila-human-wav-txt/20220826_070000.WAV	769	Waveform 1	1
HF	1209.575833333333	50250.0	52800.00000000001	22.935981605311092	1209.5755	1209.5815	51250	59384	Pipistrellus pipistrellus	0.015	0.03	-1	Echolocation	192000	/home/adkris/Documents/mila-human-wav-txt/20220826_070000.WAV	770	Waveform 1	1
HF	1209.67	50250.0	52800.00000000001	25.073329350344597	1209.6655	1209.672	50390	58928	Pipistrellus pipistrellus	0.033	0.064	-1	Echolocation	192000	/home/adkris/Documents/mila-human-wav-txt/20220826_070000.WAV	771	Waveform 1	1
HF	1209.7568	53250.0	52800.00000000001	17.99847131439286	1209.7525	1209.7592	52968	60717	Pipistrellus pygmaeus	0.027	0.034	-1	Echolocation	192000	/home/adkris/Documents/mila-human-wav-txt/20220826_070000.WAV	772	Waveform 1	1
HF	1209.8452	57750.0	57600.0	14.104943533374517	1209.8375	1209.8478	58125	65617	Pipistrellus pygmaeus	0.042	0.042	-1	Echolocation	192000	/home/adkris/Documents/mila-human-wav-txt/20220826_070000.WAV	773	Waveform 1	1
HF	1209.9167333333332	53250.0	52800.00000000001	12.924438797432192	1209.9125	1209.9216	53828	58661	Pipistrellus pygmaeus	0.041	0.045	-1	Echolocation	192000	/home/adkris/Documents/mila-human-wav-txt/20220826_070000.WAV	774	Waveform 1	1
LF	1210.0834	18750.0	20160.0	12.199178135783642	1210.0795	1210.0866	16015	26316	Plecotus austriacus	0.029	0.063	-1	Echolocation	192000	/home/adkris/Documents/mila-human-wav-txt/20220826_070000.WAV	775	Waveform 1	1
HF	1210.2437666666667	44250.0	44160.0	10.0066251331992	1210.2405	1210.2459	28906	71376	Myotis brandtii	0.017	0.038	-1	Echolocation	192000	/home/adkris/Documents/mila-human-wav-txt/20220826_070000.WAV	776	Waveform 1	1
HF	1210.4617333333333	41250.0	46080.0	7.501433319706755	1210.4575	1210.4631	29765	71408	Myotis brandtii	0.023	0.043	-1	Echolocation	192000	/home/adkris/Documents/mila-human-wav-txt/20220826_070000.WAV	777	Waveform 1	1
HF	1210.9266666666667	45750.0	46080.0	8.59649022929857	1210.9235	1210.929	29765	70206	Myotis brandtii	0.025	0.043	-1	Echolocation	192000	/home/adkris/Documents/mila-human-wav-txt/20220826_070000.WAV	778	Waveform 1	1
HF	1210.9835	46500.0	45120.0	12.142647389232383	1210.9815	1210.987	28906	76451	Myotis brandtii	0.025	0.062	-1	Echolocation	192000	/home/adkris/Documents/mila-human-wav-txt/20220826_070000.WAV	779	Waveform 1	1
HF	1211.0578	53250.0	52800.00000000001	11.974429762053171	1211.0545	1211.0622	51250	55798	Pipistrellus pygmaeus	0.028	0.041	-1	Echolocation	192000	/home/adkris/Documents/mila-human-wav-txt/20220826_070000.WAV	780	Waveform 1	1
HF	1211.0591	45750.0	48000.0	18.61762019566974	1211.0565	1211.0614	28046	72875	Myotis bechsteinii	0.028	0.067	-1	Echolocation	192000	/home/adkris/Documents/mila-human-wav-txt/20220826_070000.WAV	781	Waveform 1	1
HF	1211.1399333333334	45000.0	44160.0	19.192408558601933	1211.1355	1211.1409	28906	69799	Myotis brandtii	0.019	0.039	-1	Echolocation	192000	/home/adkris/Documents/mila-human-wav-txt/20220826_070000.WAV	782	Waveform 1	1
HF	1211.1422666666667	48750.0	48000.0	19.560573337294866	1211.1395	1211.1454	48671	56674	Pipistrellus pipistrellus	0.021	0.049	-1	Echolocation	192000	/home/adkris/Documents/mila-human-wav-txt/20220826_070000.WAV	783	Waveform 1	1
HF	1211.2236666666668	45000.0	45120.0	11.019005237143553	1211.2205	1211.226	29765	66467	Myotis brandtii	0.019	0.033	-1	Echolocation	192000	/home/adkris/Documents/mila-human-wav-txt/20220826_070000.WAV	784	Waveform 1	1
LF	1211.5484333333334	22500.0	22080.0	9.353047292441753	1211.5465	1211.5544	17734	26098	Plecotus austriacus	0.036	0.049	-1	Echolocation	192000	/home/adkris/Documents/mila-human-wav-txt/20220826_070000.WAV	785	Waveform 1	1
LF	1211.702633333333	20250.0	22080.0	8.482908383649768	1211.7015	1211.7102	20312	26104	Plecotus austriacus	0.02	0.044	-1	Echolocation	192000	/home/adkris/Documents/mila-human-wav-txt/20220826_070000.WAV	786	Waveform 1	1
HF	1211.7378333333334	45750.0	46080.0	15.701522296344212	1211.7335	1211.739	29765	67610	Myotis brandtii	0.017	0.037	-1	Echolocation	192000	/home/adkris/Documents/mila-human-wav-txt/20220826_070000.WAV	787	Waveform 1	1
HF	1212.5159	48750.0	48960.0	7.526420942259029	1212.5145	1212.5206	48671	51890	Pipistrellus pipistrellus	0.014	0.024	-1	Echolocation	192000	/home/adkris/Documents/mila-human-wav-txt/20220826_070000.WAV	788	Waveform 1	1
LF	1213.339433333333	41250.0	41280.0	9.2223909658149	1213.3365	1213.3434	28906	42996	Myotis daubentonii	0.01	0.023	-1	Echolocation	192000	/home/adkris/Documents/mila-human-wav-txt/20220826_070000.WAV	789	Waveform 1	1
LF	1213.5777666666668	19500.0	20160.0	11.046755439512442	1213.5765	1213.5839	15156	25624	Plecotus auritus	0.018	0.033	-1	Echolocation	192000	/home/adkris/Documents/mila-human-wav-txt/20220826_070000.WAV	790	Waveform 1	1
LF	1213.778	20250.0	21120.0	7.937510393983997	1213.7775	1213.7845	17734	27890	Plecotus austriacus	0.016	0.029	-1	Echolocation	192000	/home/adkris/Documents/mila-human-wav-txt/20220826_070000.WAV	791	Waveform 1	1
LF	1215.1178	21000.0	20160.0	11.782576652823906	1215.1125	1215.1287	19453	23534	Nyctalus noctula	0.037	0.061	-1	Echolocation	192000	/home/adkris/Documents/mila-human-wav-txt/20220826_070000.WAV	792	Waveform 1	1
LF	1218.3831666666667	21750.0	22080.0	7.222181557481821	1218.3785	1218.3895	18593	24092	Nyctalus noctula	0.014	0.046	-1	Echolocation	192000	/home/adkris/Documents/mila-human-wav-txt/20220826_070000.WAV	793	Waveform 1	1
LF	1218.4783333333332	19500.0	19200.0	8.686338614213934	1218.4775	1218.49	16875	22520	Nyctalus noctula	0.018	0.03	-1	Echolocation	192000	/home/adkris/Documents/mila-human-wav-txt/20220826_070000.WAV	794	Waveform 1	1
LF	1219.4364333333333	19500.0	19200.0	9.994621663309166	1219.4325	1219.4419	17734	24025	Plecotus austriacus	0.037	0.08	-1	Echolocation	192000	/home/adkris/Documents/mila-human-wav-txt/20220826_070000.WAV	795	Waveform 1	1
LF	1225.3383666666666	18000.0	19200.0	7.659563722848119	1225.3375	1225.3453	15156	27206	Plecotus auritus	0.012	0.033	-1	Echolocation	192000	/home/adkris/Documents/mila-human-wav-txt/20220826_070000.WAV	796	Waveform 1	1
LF	1225.5113333333334	21000.0	22080.0	9.636764514857616	1225.5095	1225.5175	18593	26915	Plecotus austriacus	0.025	0.037	-1	Echolocation	192000	/home/adkris/Documents/mila-human-wav-txt/20220826_070000.WAV	797	Waveform 1	1
LF	1226.8374666666666	20250.0	20160.0	12.336613520895526	1226.8335	1226.8417	17734	26866	Plecotus austriacus	0.071	0.104	-1	Echolocation	192000	/home/adkris/Documents/mila-human-wav-txt/20220826_070000.WAV	798	Waveform 1	1
HF	1227.7953	43500.0	43200.0	8.846059527360255	1227.7935	1227.7992	29765	47109	Barbastellus barbastellus	0.013	0.042	-1	Echolocation	192000	/home/adkris/Documents/mila-human-wav-txt/20220826_070000.WAV	799	Waveform 1	1
HF	1227.8799666666666	49500.0	48960.0	11.171060217187506	1227.8775	1227.8837	49531	54052	Pipistrellus pipistrellus	0.027	0.043	-1	Echolocation	192000	/home/adkris/Documents/mila-human-wav-txt/20220826_070000.WAV	800	Waveform 1	1
HF	1228.4065666666663	48750.0	48960.0	8.313811054026457	1228.4045	1228.4111	49531	53508	Pipistrellus pipistrellus	0.014	0.025	-1	Echolocation	192000	/home/adkris/Documents/mila-human-wav-txt/20220826_070000.WAV	801	Waveform 1	1
LF	1228.8043666666667	17250.0	17280.0	9.178933955197197	1228.8015	1228.8108	15156	19923	Nyctalus noctula	0.02	0.051	-1	Echolocation	192000	/home/adkris/Documents/mila-human-wav-txt/20220826_070000.WAV	802	Waveform 1	1
LF	1229.1769333333334	40500.0	40320.0	7.70348545317497	1229.1765	1229.1824	28906	38879	Barbastellus barbastellus	0.011	0.031	-1	Echolocation	192000	/home/adkris/Documents/mila-human-wav-txt/20220826_070000.WAV	803	Waveform 1	1
HF	1229.2658333333334	48000.0	48960.0	10.848434346037529	1229.2625	1229.269	49531	52974	Pipistrellus pipistrellus	0.015	0.023	-1	Echolocation	192000	/home/adkris/Documents/mila-human-wav-txt/20220826_070000.WAV	804	Waveform 1	1
HF	1230.0511666666666	41250.0	41280.0	7.710590451891992	1230.0485	1230.0545	28046	48719	Myotis daubentonii	0.018	0.032	-1	Echolocation	192000	/home/adkris/Documents/mila-human-wav-txt/20220826_070000.WAV	805	Waveform 1	1
LF	1230.1754	20250.0	20160.0	13.282302416904132	1230.1735	1230.1826	18593	24556	Plecotus austriacus	0.039	0.083	-1	Echolocation	192000	/home/adkris/Documents/mila-human-wav-txt/20220826_070000.WAV	806	Waveform 1	1
HF	1230.2200666666668	40500.0	40320.0	8.510721178478923	1230.2175	1230.2236	28906	54401	Myotis daubentonii	0.016	0.027	-1	Echolocation	192000	/home/adkris/Documents/mila-human-wav-txt/20220826_070000.WAV	807	Waveform 1	1
LF	1231.4348333333332	20250.0	20160.0	8.50824749298969	1231.4335	1231.442	18593	27397	Plecotus austriacus	0.032	0.054	-1	Echolocation	192000	/home/adkris/Documents/mila-human-wav-txt/20220826_070000.WAV	808	Waveform 1	1
LF	1231.4858	20250.0	20160.0	8.74700123034045	1231.4815	1231.4917	18593	24673	Plecotus austriacus	0.023	0.063	-1	Echolocation	192000	/home/adkris/Documents/mila-human-wav-txt/20220826_070000.WAV	809	Waveform 1	1
LF	1233.7142	20250.0	20160.0	7.304615482802682	1233.7135	1233.7203	14296	29554	Plecotus auritus	0.019	0.028	-1	Echolocation	192000	/home/adkris/Documents/mila-human-wav-txt/20220826_070000.WAV	810	Waveform 1	1
LF	1234.3617333333334	20250.0	17280.0	11.64833100863232	1234.3615	1234.3746	16015	21292	Nyctalus noctula	0.018	0.028	-1	Echolocation	192000	/home/adkris/Documents/mila-human-wav-txt/20220826_070000.WAV	811	Waveform 1	1
LF	1234.5072666666667	20250.0	20160.0	14.842799748756814	1234.5025	1234.5134	18593	23427	Nyctalus noctula	0.025	0.07	-1	Echolocation	192000	/home/adkris/Documents/mila-human-wav-txt/20220826_070000.WAV	812	Waveform 1	1
LF	1235.0316333333333	20250.0	20160.0	19.10013505384526	1235.0295	1235.0372	16875	26015	Plecotus austriacus	0.038	0.056	-1	Echolocation	192000	/home/adkris/Documents/mila-human-wav-txt/20220826_070000.WAV	813	Waveform 1	1
LF	1235.9668	19500.0	19200.0	15.632972284269496	1235.9655	1235.9822	16875	21275	Nyctalus noctula	0.015	0.025	-1	Echolocation	192000	/home/adkris/Documents/mila-human-wav-txt/20220826_070000.WAV	814	Waveform 1	1
LF	1238.8468333333333	20250.0	21120.0	7.512620653531801	1238.8425	1238.8515	17734	24647	Plecotus austriacus	0.037	0.057	-1	Echolocation	192000	/home/adkris/Documents/mila-human-wav-txt/20220826_070000.WAV	815	Waveform 1	1
LF	1240.7377333333334	21750.0	22080.0	17.066559136094597	1240.7365	1240.7486	22031	24149	Nyctalus leisleri	0.041	0.066	-1	Echolocation	192000	/home/adkris/Documents/mila-human-wav-txt/20220826_070000.WAV	816	Waveform 1	1
LF	1240.8483666666666	18750.0	19200.0	7.346899455861667	1240.8465	1240.8533	15156	33291	Plecotus auritus	0.03	0.045	-1	Echolocation	192000	/home/adkris/Documents/mila-human-wav-txt/20220826_070000.WAV	817	Waveform 1	1
LF	1243.1718666666666	15750.0	16320.000000000002	12.761509312149805	1243.1695	1243.1758	13437	31517	Plecotus auritus	0.018	0.024	-1	Echolocation	192000	/home/adkris/Documents/mila-human-wav-txt/20220826_070000.WAV	818	Waveform 1	1
LF	1246.2123666666666	19500.0	20160.0	10.149692979926046	1246.2085	1246.2168	15156	23657	Plecotus auritus	0.013	0.023	-1	Echolocation	192000	/home/adkris/Documents/mila-human-wav-txt/20220826_070000.WAV	819	Waveform 1	1
LF	1246.9902333333334	19500.0	20160.0	8.218039510052595	1246.9895	1246.9986	18593	23683	Plecotus austriacus	0.012	0.02	-1	Echolocation	192000	/home/adkris/Documents/mila-human-wav-txt/20220826_070000.WAV	820	Waveform 1	1
LF	1250.3606666666667	19500.0	19200.0	7.971845008067123	1250.3575	1250.3735	17734	22363	Nyctalus noctula	0.04	0.057	-1	Echolocation	192000	/home/adkris/Documents/mila-human-wav-txt/20220826_070000.WAV	821	Waveform 1	1
LF	1250.4927666666667	20250.0	20160.0	8.304456377061237	1250.4905	1250.4969	16875	33344	Plecotus austriacus	0.035	0.052	-1	Echolocation	192000	/home/adkris/Documents/mila-human-wav-txt/20220826_070000.WAV	822	Waveform 1	1
LF	1252.1106	19500.0	20160.0	13.546173491637362	1252.1045	1252.1164	18593	24317	Nyctalus noctula	0.02	0.052	-1	Echolocation	192000	/home/adkris/Documents/mila-human-wav-txt/20220826_070000.WAV	823	Waveform 1	1
LF	1252.7595666666666	20250.0	20160.0	19.406590744732437	1252.7525	1252.7646	20312	24759	Nyctalus leisleri	0.012	0.034	-1	Echolocation	192000	/home/adkris/Documents/mila-human-wav-txt/20220826_070000.WAV	824	Waveform 1	1
LF	1252.759	20250.0	20160.0	19.94377826657977	1252.7575	1252.767	21171	25300	Nyctalus leisleri	0.018	0.039	-1	Echolocation	192000	/home/adkris/Documents/mila-human-wav-txt/20220826_070000.WAV	825	Waveform 1	1
LF	1256.0845333333334	17250.0	17280.0	9.362767266882074	1256.0825	1256.0903	13437	26701	Plecotus auritus	0.013	0.023	-1	Echolocation	192000	/home/adkris/Documents/mila-human-wav-txt/20220826_070000.WAV	826	Waveform 1	1
LF	1256.6047	17250.0	17280.0	7.645602116489333	1256.6025	1256.6218	16015	20186	Nyctalus noctula	0.043	0.054	-1	Echolocation	192000	/home/adkris/Documents/mila-human-wav-txt/20220826_070000.WAV	827	Waveform 1	1
LF	1258.9552666666666	15750.0	17280.0	7.753692842265655	1258.9525	1258.9619	14296	20209	Nyctalus noctula	0.009	0.026	-1	Echolocation	192000	/home/adkris/Documents/mila-human-wav-txt/20220826_070000.WAV	828	Waveform 1	1
LF	1260.4878	21750.0	21120.0	7.984372655544672	1260.4855	1260.4942	19453	26402	Plecotus austriacus	0.028	0.056	-1	Echolocation	192000	/home/adkris/Documents/mila-human-wav-txt/20220826_070000.WAV	829	Waveform 1	1
LF	1261.0051	20250.0	20160.0	9.850240250675666	1261.0005	1261.0104	18593	24703	Plecotus austriacus	0.035	0.113	-1	Echolocation	192000	/home/adkris/Documents/mila-human-wav-txt/20220826_070000.WAV	830	Waveform 1	1
LF	1261.4148	19500.0	20160.0	7.173137235062484	1261.4125	1261.4177	13437	33267	Plecotus auritus	0.072	0.086	-1	Echolocation	192000	/home/adkris/Documents/mila-human-wav-txt/20220826_070000.WAV	831	Waveform 1	1
LF	1261.9575666666667	21750.0	20160.0	8.740852741765199	1261.9555	1261.9656	18593	24214	Plecotus austriacus	0.01	0.025	-1	Echolocation	192000	/home/adkris/Documents/mila-human-wav-txt/20220826_070000.WAV	832	Waveform 1	1
LF	1263.0631666666666	20250.0	20160.0	9.310481698963756	1263.0615	1263.0685	18593	27411	Plecotus austriacus	0.087	0.113	-1	Echolocation	192000	/home/adkris/Documents/mila-human-wav-txt/20220826_070000.WAV	833	Waveform 1	1
LF	1264.7483666666667	20250.0	20160.0	7.582015964191827	1264.7445	1264.7598	18593	23742	Nyctalus noctula	0.027	0.044	-1	Echolocation	192000	/home/adkris/Documents/mila-human-wav-txt/20220826_070000.WAV	834	Waveform 1	1
LF	1266.9678	19500.0	19200.0	12.084416895942349	1266.9665	1266.9797	17734	22252	Nyctalus noctula	0.018	0.031	-1	Echolocation	192000	/home/adkris/Documents/mila-human-wav-txt/20220826_070000.WAV	835	Waveform 1	1
LF	1267.969	19500.0	20160.0	12.84775381758834	1267.9675	1267.977	17734	23455	Plecotus austriacus	0.038	0.099	-1	Echolocation	192000	/home/adkris/Documents/mila-human-wav-txt/20220826_070000.WAV	836	Waveform 1	1
LF	1269.708033333333	21000.0	22080.0	10.156833712583438	1269.7055	1269.7163	22031	24797	Nyctalus leisleri	0.022	0.04	-1	Echolocation	192000	/home/adkris/Documents/mila-human-wav-txt/20220826_070000.WAV	837	Waveform 1	1
LF	1271.315	17250.0	17280.0	9.317681594918875	1271.3135	1271.323	16015	21351	Nyctalus noctula	0.016	0.036	-1	Echolocation	192000	/home/adkris/Documents/mila-human-wav-txt/20220826_070000.WAV	838	Waveform 1	1
LF	1272.3930666666668	20250.0	20160.0	12.103508346206834	1272.3905	1272.4001	18593	25021	Plecotus austriacus	0.052	0.116	-1	Echolocation	192000	/home/adkris/Documents/mila-human-wav-txt/20220826_070000.WAV	839	Waveform 1	1
LF	1272.8406666666667	20250.0	20160.0	7.321947866594687	1272.8375	1272.8465	18593	25907	Plecotus austriacus	0.028	0.046	-1	Echolocation	192000	/home/adkris/Documents/mila-human-wav-txt/20220826_070000.WAV	840	Waveform 1	1
HF	1273.5349	48000.0	48960.0	7.394794743124874	1273.5325	1273.5376	31484	74707	Myotis brandtii	0.019	0.062	-1	Echolocation	192000	/home/adkris/Documents/mila-human-wav-txt/20220826_070000.WAV	841	Waveform 1	1
LF	1276.2117	19500.0	20160.0	10.68948320478446	1276.2105	1276.2203	16875	24919	Plecotus austriacus	0.04	0.097	-1	Echolocation	192000	/home/adkris/Documents/mila-human-wav-txt/20220826_070000.WAV	842	Waveform 1	1
HF	1276.507833333333	54000.0	53760.00000000001	9.04793284165381	1276.5065	1276.5115	43515	63556	Myotis mystacinus	0.024	0.089	-1	Echolocation	192000	/home/adkris/Documents/mila-human-wav-txt/20220826_070000.WAV	843	Waveform 1	1
HF	1276.6029	54750.0	54719.99999999999	7.242478907534377	1276.6005	1276.6056	34921	66819	Myotis mystacinus	0.014	0.036	-1	Echolocation	192000	/home/adkris/Documents/mila-human-wav-txt/20220826_070000.WAV	844	Waveform 1	1
LF	1277.202266666667	19500.0	17280.0	7.630416862788502	1277.2005	1277.2074	14296	26523	Plecotus auritus	0.019	0.026	-1	Echolocation	192000	/home/adkris/Documents/mila-human-wav-txt/20220826_070000.WAV	845	Waveform 1	1
LF	1279.5871	19500.0	20160.0	17.13113865408989	1279.5825	1279.5924	17734	23429	Plecotus austriacus	0.034	0.084	-1	Echolocation	192000	/home/adkris/Documents/mila-human-wav-txt/20220826_070000.WAV	846	Waveform 1	1
LF	1282.4979666666666	19500.0	20160.0	12.503404942946368	1282.4965	1282.5037	16015	25732	Plecotus auritus	0.044	0.084	-1	Echolocation	192000	/home/adkris/Documents/mila-human-wav-txt/20220826_070000.WAV	847	Waveform 1	1
LF	1282.7747333333334	21750.0	23040.0	9.060191305675326	1282.7745	1282.7806	17734	30366	Plecotus austriacus	0.037	0.052	-1	Echolocation	192000	/home/adkris/Documents/mila-human-wav-txt/20220826_070000.WAV	848	Waveform 1	1
LF	1282.9579	20250.0	20160.0	10.101145799040763	1282.9455	1282.9581	21171	25918	Nyctalus leisleri	0.013	0.025	-1	Echolocation	192000	/home/adkris/Documents/mila-human-wav-txt/20220826_070000.WAV	849	Waveform 1	1
LF	1282.9573666666668	19500.0	20160.0	11.914514888079438	1282.9555	1282.9658	17734	23737	Plecotus austriacus	0.014	0.031	-1	Echolocation	192000	/home/adkris/Documents/mila-human-wav-txt/20220826_070000.WAV	850	Waveform 1	1
LF	1285.8172	22500.0	22080.0	9.288301801928874	1285.8125	1285.8258	22031	25695	Nyctalus leisleri	0.032	0.076	-1	Echolocation	192000	/home/adkris/Documents/mila-human-wav-txt/20220826_070000.WAV	851	Waveform 1	1
HF	1287.256	42000.0	43200.0	11.494505321116538	1287.2515	1287.258	29765	46071	Myotis daubentonii	0.011	0.025	-1	Echolocation	192000	/home/adkris/Documents/mila-human-wav-txt/20220826_070000.WAV	852	Waveform 1	1
HF	1287.5293666666666	45000.0	44160.0	8.247233654528273	1287.5275	1287.5343	30625	45558	Barbastellus barbastellus	0.009	0.026	-1	Echolocation	192000	/home/adkris/Documents/mila-human-wav-txt/20220826_070000.WAV	853	Waveform 1	1
LF	1293.3142666666668	21750.0	22080.0	11.953682147604136	1293.3125	1293.3194	17734	26929	Plecotus austriacus	0.053	0.078	-1	Echolocation	192000	/home/adkris/Documents/mila-human-wav-txt/20220826_070000.WAV	854	Waveform 1	1
LF	1295.7818	20250.0	20160.0	11.71299887883681	1295.7785	1295.7862	17734	26679	Plecotus austriacus	0.051	0.076	-1	Echolocation	192000	/home/adkris/Documents/mila-human-wav-txt/20220826_070000.WAV	855	Waveform 1	1
LF	1295.9026	21000.0	21120.0	7.28726971046732	1295.8955	1295.9064	22031	27764	Nyctalus leisleri	0.008	0.024	-1	Echolocation	192000	/home/adkris/Documents/mila-human-wav-txt/20220826_070000.WAV	856	Waveform 1	1
LF	1295.9022333333332	21000.0	20160.0	9.03888228476556	1295.9015	1295.9106	18593	25082	Plecotus austriacus	0.014	0.027	-1	Echolocation	192000	/home/adkris/Documents/mila-human-wav-txt/20220826_070000.WAV	857	Waveform 1	1
LF	1296.036	22500.0	22080.0	11.284757303539983	1296.0305	1296.0395	19453	25985	Plecotus austriacus	0.014	0.04	-1	Echolocation	192000	/home/adkris/Documents/mila-human-wav-txt/20220826_070000.WAV	858	Waveform 1	1
LF	1298.3106666666667	20250.0	20160.0	11.646209330091269	1298.3055	1298.316	18593	23868	Plecotus austriacus	0.02	0.066	-1	Echolocation	192000	/home/adkris/Documents/mila-human-wav-txt/20220826_070000.WAV	859	Waveform 1	1
LF	1300.9796	19500.0	19200.0	10.486134572958498	1300.9745	1300.9874	17734	22835	Nyctalus noctula	0.016	0.035	-1	Echolocation	192000	/home/adkris/Documents/mila-human-wav-txt/20220826_070000.WAV	860	Waveform 1	1
LF	1301.4193	18750.0	19200.0	15.052100156542242	1301.4145	1301.4277	17734	22863	Nyctalus noctula	0.033	0.063	-1	Echolocation	192000	/home/adkris/Documents/mila-human-wav-txt/20220826_070000.WAV	861	Waveform 1	1
LF	1302.3623666666667	21000.0	21120.0	9.36932137232814	1302.3605	1302.3708	19453	24058	Plecotus austriacus	0.021	0.058	-1	Echolocation	192000	/home/adkris/Documents/mila-human-wav-txt/20220826_070000.WAV	862	Waveform 1	1
LF	1304.675	20250.0	20160.0	7.808208994896794	1304.6705	1304.6805	18593	24203	Plecotus austriacus	0.016	0.038	-1	Echolocation	192000	/home/adkris/Documents/mila-human-wav-txt/20220826_070000.WAV	863	Waveform 1	1
LF	1305.0318333333332	20250.0	20160.0	8.261323616815845	1305.0285	1305.0385	18593	24020	Plecotus austriacus	0.026	0.055	-1	Echolocation	192000	/home/adkris/Documents/mila-human-wav-txt/20220826_070000.WAV	864	Waveform 1	1
LF	1308.7474333333334	21000.0	22080.0	13.33833779620316	1308.7455	1308.7534	18593	26480	Plecotus austriacus	0.04	0.081	-1	Echolocation	192000	/home/adkris/Documents/mila-human-wav-txt/20220826_070000.WAV	865	Waveform 1	1
LF	1311.3028	21000.0	21120.0	10.774882573817212	1311.3015	1311.3112	19453	24679	Plecotus austriacus	0.021	0.057	-1	Echolocation	192000	/home/adkris/Documents/mila-human-wav-txt/20220826_070000.WAV	866	Waveform 1	1
LF	1312.2927	20250.0	20160.0	9.793664543154122	1312.2885	1312.2988	18593	24427	Plecotus austriacus	0.034	0.091	-1	Echolocation	192000	/home/adkris/Documents/mila-human-wav-txt/20220826_070000.WAV	867	Waveform 1	1
LF	1313.3652	23250.0	23040.0	9.148869988196337	1313.3635	1313.3728	22890	26869	Nyctalus leisleri	0.014	0.031	-1	Echolocation	192000	/home/adkris/Documents/mila-human-wav-txt/20220826_070000.WAV	868	Waveform 1	1
LF	1314.4772333333333	17250.0	17280.0	8.750314952483881	1314.4755	1314.4871	16015	20986	Nyctalus noctula	0.041	0.073	-1	Echolocation	192000	/home/adkris/Documents/mila-human-wav-txt/20220826_070000.WAV	869	Waveform 1	1
LF	1321.3944333333334	20250.0	17280.0	8.97806532300419	1321.3935	1321.4059	15156	19921	Nyctalus noctula	0.017	0.027	-1	Echolocation	192000	/home/adkris/Documents/mila-human-wav-txt/20220826_070000.WAV	870	Waveform 1	1
LF	1324.0598	19500.0	20160.0	14.691547508598488	1324.0555	1324.0692	18593	23681	Nyctalus noctula	0.019	0.043	-1	Echolocation	192000	/home/adkris/Documents/mila-human-wav-txt/20220826_070000.WAV	871	Waveform 1	1
LF	1324.3968666666667	21000.0	21120.0	9.974408928840583	1324.3955	1324.4063	19453	24437	Plecotus austriacus	0.008	0.024	-1	Echolocation	192000	/home/adkris/Documents/mila-human-wav-txt/20220826_070000.WAV	872	Waveform 1	1
LF	1325.0665666666666	21000.0	21120.0	15.22495652234323	1325.0645	1325.0746	19453	24469	Nyctalus leisleri	0.036	0.101	-1	Echolocation	192000	/home/adkris/Documents/mila-human-wav-txt/20220826_070000.WAV	873	Waveform 1	1
LF	1325.4970666666666	22500.0	24000.0	11.008493030656318	1325.4965	1325.5081	22031	24839	Nyctalus leisleri	0.02	0.034	-1	Echolocation	192000	/home/adkris/Documents/mila-human-wav-txt/20220826_070000.WAV	874	Waveform 1	1
LF	1327.0306333333333	21750.0	22080.0	11.938113815254026	1327.0295	1327.0382	19453	26308	Plecotus austriacus	0.03	0.069	-1	Echolocation	192000	/home/adkris/Documents/mila-human-wav-txt/20220826_070000.WAV	875	Waveform 1	1
LF	1329.5356333333334	20250.0	20160.0	8.991615396805173	1329.5325	1329.5427	18593	24091	Plecotus austriacus	0.028	0.075	-1	Echolocation	192000	/home/adkris/Documents/mila-human-wav-txt/20220826_070000.WAV	876	Waveform 1	1
LF	1329.5757333333331	16500.0	17280.0	7.251857325227286	1329.5745	1329.5831	14296	20197	Nyctalus noctula	0.012	0.03	-1	Echolocation	192000	/home/adkris/Documents/mila-human-wav-txt/20220826_070000.WAV	877	Waveform 1	1
LF	1333.6315333333334	20250.0	20160.0	10.99079109991099	1333.6295	1333.6373	18593	26719	Plecotus austriacus	0.071	0.108	-1	Echolocation	192000	/home/adkris/Documents/mila-human-wav-txt/20220826_070000.WAV	878	Waveform 1	1
LF	1334.1732	20250.0	20160.0	10.28189314688505	1334.1685	1334.1783	18593	24759	Plecotus austriacus	0.034	0.089	-1	Echolocation	192000	/home/adkris/Documents/mila-human-wav-txt/20220826_070000.WAV	879	Waveform 1	1
LF	1337.2050666666669	19500.0	20160.0	7.773053665581513	1337.2035	1337.2176	17734	23172	Nyctalus noctula	0.032	0.05	-1	Echolocation	192000	/home/adkris/Documents/mila-human-wav-txt/20220826_070000.WAV	880	Waveform 1	1
LF	1338.4549333333334	20250.0	20160.0	16.963633043080975	1338.4535	1338.4619	18593	25759	Plecotus austriacus	0.051	0.084	-1	Echolocation	192000	/home/adkris/Documents/mila-human-wav-txt/20220826_070000.WAV	881	Waveform 1	1
LF	1340.1712	19500.0	16320.000000000002	8.250863028794328	1340.1705	1340.1773	13437	27679	Plecotus auritus	0.018	0.026	-1	Echolocation	192000	/home/adkris/Documents/mila-human-wav-txt/20220826_070000.WAV	882	Waveform 1	1
LF	1340.7301	12750.0	12480.0	12.105436119459831	1340.7285	1340.7379	12578	16596	Nyctalus leisleri	0.02	0.035	-1	Echolocation	192000	/home/adkris/Documents/mila-human-wav-txt/20220826_070000.WAV	883	Waveform 1	1
LF	1341.4442333333334	20250.0	20160.0	8.271028675901565	1341.4425	1341.4471	14296	35757	Plecotus auritus	0.026	0.037	-1	Echolocation	192000	/home/adkris/Documents/mila-human-wav-txt/20220826_070000.WAV	884	Waveform 1	1
LF	1342.2021666666667	18000.0	18240.0	9.368148346458431	1342.2015	1342.2165	16875	22124	Nyctalus noctula	0.018	0.027	-1	Echolocation	192000	/home/adkris/Documents/mila-human-wav-txt/20220826_070000.WAV	885	Waveform 1	1
LF	1344.9744333333333	20250.0	20160.0	15.23413657931492	1344.9705	1344.9799	18593	24831	Plecotus austriacus	0.042	0.097	-1	Echolocation	192000	/home/adkris/Documents/mila-human-wav-txt/20220826_070000.WAV	886	Waveform 1	1
LF	1347.8972	20250.0	20160.0	12.02516746618548	1347.8965	1347.9033	14296	28375	Plecotus auritus	0.012	0.024	-1	Echolocation	192000	/home/adkris/Documents/mila-human-wav-txt/20220826_070000.WAV	887	Waveform 1	1
LF	1355.7378333333334	20250.0	20160.0	14.587596006214266	1355.7355	1355.743	16875	25863	Plecotus austriacus	0.06	0.097	-1	Echolocation	192000	/home/adkris/Documents/mila-human-wav-txt/20220826_070000.WAV	888	Waveform 1	1
LF	1356.2122	20250.0	21120.0	13.21143850345317	1356.2085	1356.2193	19453	24271	Nyctalus leisleri	0.027	0.086	-1	Echolocation	192000	/home/adkris/Documents/mila-human-wav-txt/20220826_070000.WAV	889	Waveform 1	1
LF	1357.0853	19500.0	19200.0	12.278389341462326	1357.0805	1357.0972	18593	23321	Nyctalus noctula	0.055	0.08	-1	Echolocation	192000	/home/adkris/Documents/mila-human-wav-txt/20220826_070000.WAV	890	Waveform 1	1
LF	1357.7909666666667	17250.0	17280.0	8.299948837219274	1357.7855	1357.8027	17734	22866	Nyctalus noctula	0.02	0.031	-1	Echolocation	192000	/home/adkris/Documents/mila-human-wav-txt/20220826_070000.WAV	891	Waveform 1	1
LF	1360.1264	21000.0	23040.0	11.3032340555548	1360.1225	1360.1296	18593	32115	Plecotus austriacus	0.045	0.076	-1	Echolocation	192000	/home/adkris/Documents/mila-human-wav-txt/20220826_070000.WAV	892	Waveform 1	1
LF	1360.4748	21000.0	21120.0	12.654102360171342	1360.4705	1360.4807	18593	23941	Plecotus austriacus	0.023	0.069	-1	Echolocation	192000	/home/adkris/Documents/mila-human-wav-txt/20220826_070000.WAV	893	Waveform 1	1
LF	1361.305	20250.0	20160.0	8.246716706883587	1361.2915	1361.31	21171	24209	Nyctalus leisleri	0.017	0.031	-1	Echolocation	192000	/home/adkris/Documents/mila-human-wav-txt/20220826_070000.WAV	894	Waveform 1	1
LF	1361.3055333333334	19500.0	20160.0	10.160413335386622	1361.3035	1361.3113	17734	26086	Plecotus austriacus	0.053	0.092	-1	Echolocation	192000	/home/adkris/Documents/mila-human-wav-txt/20220826_070000.WAV	895	Waveform 1	1
LF	1363.4209	20250.0	22080.0	12.007748747557038	1363.4165	1363.4266	19453	24934	Plecotus austriacus	0.029	0.084	-1	Echolocation	192000	/home/adkris/Documents/mila-human-wav-txt/20220826_070000.WAV	896	Waveform 1	1
LF	1367.6028666666666	19500.0	20160.0	19.158036495150416	1367.5975	1367.6078	18593	23928	Plecotus austriacus	0.032	0.108	-1	Echolocation	192000	/home/adkris/Documents/mila-human-wav-txt/20220826_070000.WAV	897	Waveform 1	1
LF	1367.7049	21000.0	21120.0	7.787070199299091	1367.6995	1367.7086	19453	25772	Plecotus austriacus	0.025	0.057	-1	Echolocation	192000	/home/adkris/Documents/mila-human-wav-txt/20220826_070000.WAV	898	Waveform 1	1
LF	1369.4152333333334	21000.0	20160.0	11.01237431382616	1369.4095	1369.4171	15156	28209	Plecotus auritus	0.03	0.062	-1	Echolocation	192000	/home/adkris/Documents/mila-human-wav-txt/20220826_070000.WAV	899	Waveform 1	1
LF	1369.9940666666666	22500.0	22080.0	13.937415344090104	1369.9895	1369.9971	16875	26068	Plecotus austriacus	0.023	0.042	-1	Echolocation	192000	/home/adkris/Documents/mila-human-wav-txt/20220826_070000.WAV	900	Waveform 1	1
LF	1370.7462666666668	21750.0	21120.0	13.902710695530477	1370.7445	1370.7514	17734	27765	Plecotus austriacus	0.061	0.086	-1	Echolocation	192000	/home/adkris/Documents/mila-human-wav-txt/20220826_070000.WAV	901	Waveform 1	1
LF	1373.0923	17250.0	17280.0	8.1174512160856	1373.0905	1373.0997	16015	23032	Nyctalus noctula	0.016	0.043	-1	Echolocation	192000	/home/adkris/Documents/mila-human-wav-txt/20220826_070000.WAV	902	Waveform 1	1
LF	1376.7277666666666	20250.0	20160.0	16.878037240031524	1376.7265	1376.7339	17734	30181	Plecotus austriacus	0.046	0.065	-1	Echolocation	192000	/home/adkris/Documents/mila-human-wav-txt/20220826_070000.WAV	903	Waveform 1	1
LF	1378.4469	20250.0	20160.0	8.709115100611209	1378.4455	1378.4516	14296	31611	Plecotus auritus	0.019	0.023	-1	Echolocation	192000	/home/adkris/Documents/mila-human-wav-txt/20220826_070000.WAV	904	Waveform 1	1
LF	1380.6147	20250.0	20160.0	7.142821078629485	1380.6145	1380.6218	15156	25105	Plecotus austriacus	0.02	0.049	-1	Echolocation	192000	/home/adkris/Documents/mila-human-wav-txt/20220826_070000.WAV	905	Waveform 1	1
LF	1382.0300333333332	13500.0	13440.000000000002	7.654838684163641	1382.0275	1382.0383	12578	16979	Nyctalus leisleri	0.026	0.033	-1	Echolocation	192000	/home/adkris/Documents/mila-human-wav-txt/20220826_070000.WAV	906	Waveform 1	1
LF	1382.108966666667	20250.0	20160.0	15.83313068969536	1382.1075	1382.1147	16875	26220	Plecotus austriacus	0.064	0.09	-1	Echolocation	192000	/home/adkris/Documents/mila-human-wav-txt/20220826_070000.WAV	907	Waveform 1	1
LF	1385.9392666666668	20250.0	20160.0	19.25315770745764	1385.9335	1385.9434	18593	24446	Plecotus austriacus	0.024	0.074	-1	Echolocation	192000	/home/adkris/Documents/mila-human-wav-txt/20220826_070000.WAV	908	Waveform 1	1
LF	1391.1243	20250.0	20160.0	13.593189826941646	1391.1205	1391.1312	18593	23927	Plecotus austriacus	0.021	0.059	-1	Echolocation	192000	/home/adkris/Documents/mila-human-wav-txt/20220826_070000.WAV	909	Waveform 1	1
LF	1396.3793666666666	21000.0	21120.0	9.11156162501134	1396.3645	1396.3828	17734	22490	Nyctalus noctula	0.018	0.025	-1	Echolocation	192000	/home/adkris/Documents/mila-human-wav-txt/20220826_070000.WAV	910	Waveform 1	1
LF	1396.3791333333334	21000.0	21120.0	9.659813711211108	1396.3775	1396.3892	21171	23914	Nyctalus leisleri	0.021	0.036	-1	Echolocation	192000	/home/adkris/Documents/mila-human-wav-txt/20220826_070000.WAV	911	Waveform 1	1
HF	1397.0384666666666	49500.0	49920.0	10.461635695968251	1397.0355	1397.0412	32343	67540	Myotis brandtii	0.011	0.031	-1	Echolocation	192000	/home/adkris/Documents/mila-human-wav-txt/20220826_070000.WAV	912	Waveform 1	1
LF	1398.6288	21750.0	22080.0	10.576883066263044	1398.6245	1398.6347	18593	25231	Plecotus austriacus	0.037	0.082	-1	Echolocation	192000	/home/adkris/Documents/mila-human-wav-txt/20220826_070000.WAV	913	Waveform 1	1
LF	1400.7300333333333	20250.0	20160.0	16.57553075228713	1400.7275	1400.7348	16875	25207	Plecotus austriacus	0.065	0.122	-1	Echolocation	192000	/home/adkris/Documents/mila-human-wav-txt/20220826_070000.WAV	914	Waveform 1	1
HF	1406.248	53250.0	53760.00000000001	7.150080678553373	1406.2455	1406.2505	50390	58254	Pipistrellus pipistrellus	0.055	0.069	-1	Echolocation	192000	/home/adkris/Documents/mila-human-wav-txt/20220826_070000.WAV	915	Waveform 1	1
LF	1408.8066333333334	17250.0	17280.0	7.038868719685385	1408.8015	1408.8167	16875	22163	Nyctalus noctula	0.014	0.023	-1	Echolocation	192000	/home/adkris/Documents/mila-human-wav-txt/20220826_070000.WAV	916	Waveform 1	1
LF	1409.6386333333332	17250.0	20160.0	13.179888907407127	1409.6375	1409.6427	14296	34071	Plecotus auritus	0.072	0.113	-1	Echolocation	192000	/home/adkris/Documents/mila-human-wav-txt/20220826_070000.WAV	917	Waveform 1	1
LF	1411.5481	21000.0	21120.0	8.524219043181576	1411.5425	1411.5584	19453	23922	Nyctalus noctula	0.033	0.061	-1	Echolocation	192000	/home/adkris/Documents/mila-human-wav-txt/20220826_070000.WAV	918	Waveform 1	1
LF	1412.7745	19500.0	20160.0	11.265424282700224	1412.7695	1412.786	19453	23671	Nyctalus noctula	0.014	0.029	-1	Echolocation	192000	/home/adkris/Documents/mila-human-wav-txt/20220826_070000.WAV	919	Waveform 1	1
LF	1413.6363	21750.0	22080.0	8.887836242435585	1413.6305	1413.6392	19453	26803	Plecotus austriacus	0.027	0.055	-1	Echolocation	192000	/home/adkris/Documents/mila-human-wav-txt/20220826_070000.WAV	920	Waveform 1	1
LF	1421.7851666666666	21000.0	20160.0	13.328741309883313	1421.7795	1421.7965	20312	25187	Nyctalus noctula	0.015	0.027	-1	Echolocation	192000	/home/adkris/Documents/mila-human-wav-txt/20220826_070000.WAV	921	Waveform 1	1
LF	1421.7855333333334	20250.0	20160.0	12.821781199019354	1421.7855	1421.8023	20312	24607	Nyctalus noctula	0.015	0.03	-1	Echolocation	192000	/home/adkris/Documents/mila-human-wav-txt/20220826_070000.WAV	922	Waveform 1	1
LF	1421.971	21000.0	21120.0	9.540201815519143	1421.9695	1421.9755	15156	32152	Plecotus auritus	0.029	0.049	-1	Echolocation	192000	/home/adkris/Documents/mila-human-wav-txt/20220826_070000.WAV	923	Waveform 1	1
LF	1422.5997333333332	20250.0	20160.0	7.02451099623158	1422.5985	1422.6071	15156	22316	Plecotus auritus	0.02	0.042	-1	Echolocation	192000	/home/adkris/Documents/mila-human-wav-txt/20220826_070000.WAV	924	Waveform 1	1
LF	1424.9436	17250.0	15360.0	8.201809304865144	1424.9425	1424.9489	13437	25833	Plecotus auritus	0.015	0.026	-1	Echolocation	192000	/home/adkris/Documents/mila-human-wav-txt/20220826_070000.WAV	925	Waveform 1	1
LF	1426.6146666666666	20250.0	20160.0	7.1500937609835535	1426.6145	1426.623	15156	19650	Nyctalus noctula	0.011	0.03	-1	Echolocation	192000	/home/adkris/Documents/mila-human-wav-txt/20220826_070000.WAV	926	Waveform 1	1
LF	1427.6674333333333	42750.0	44160.0	7.647546987508579	1427.6615	1427.6689	27187	42168	Eptesicus serotinus	0.007	0.022	-1	Echolocation	192000	/home/adkris/Documents/mila-human-wav-txt/20220826_070000.WAV	927	Waveform 1	1
HF	1427.6694666666667	45750.0	47040.0	11.648247819082032	1427.6635	1427.6697	46093	57192	Pipistrellus pipistrellus	0.017	0.037	-1	Echolocation	192000	/home/adkris/Documents/mila-human-wav-txt/20220826_070000.WAV	928	Waveform 1	1
LF	1431.881566666667	21750.0	22080.0	12.949544090808152	1431.8795	1431.8861	17734	26954	Plecotus austriacus	0.067	0.092	-1	Echolocation	192000	/home/adkris/Documents/mila-human-wav-txt/20220826_070000.WAV	929	Waveform 1	1
HF	1438.2476	46500.0	48960.0	7.79369252844057	1438.2455	1438.2509	31484	73632	Myotis mystacinus	0.016	0.037	-1	Echolocation	192000	/home/adkris/Documents/mila-human-wav-txt/20220826_070000.WAV	930	Waveform 1	1
LF	1440.2673333333332	21000.0	21120.0	8.478421850115678	1440.2665	1440.272	14296	32979	Plecotus auritus	0.078	0.099	-1	Echolocation	192000	/home/adkris/Documents/mila-human-wav-txt/20220826_070000.WAV	931	Waveform 1	1
LF	1441.4143666666666	20250.0	20160.0	10.624446177168938	1441.4085	1441.4253	19453	23612	Nyctalus noctula	0.015	0.027	-1	Echolocation	192000	/home/adkris/Documents/mila-human-wav-txt/20220826_070000.WAV	932	Waveform 1	1
HF	1446.0046333333332	45750.0	45120.0	10.68050476174644	1446.0015	1446.0082	30625	55695	Myotis daubentonii	0.007	0.024	-1	Echolocation	192000	/home/adkris/Documents/mila-human-wav-txt/20220826_070000.WAV	933	Waveform 1	1
LF	1446.3299	21000.0	21120.0	9.23049298276376	1446.3275	1446.3361	18593	25530	Plecotus austriacus	0.039	0.083	-1	Echolocation	192000	/home/adkris/Documents/mila-human-wav-txt/20220826_070000.WAV	934	Waveform 1	1
HF	1447.3957333333333	47250.0	46080.0	8.69223432177873	1447.3915	1447.3971	28906	52326	Myotis daubentonii	0.012	0.024	-1	Echolocation	192000	/home/adkris/Documents/mila-human-wav-txt/20220826_070000.WAV	935	Waveform 1	1
LF	1449.5927666666666	19500.0	20160.0	7.755311331028702	1449.5905	1449.6039	19453	24262	Nyctalus noctula	0.014	0.031	-1	Echolocation	192000	/home/adkris/Documents/mila-human-wav-txt/20220826_070000.WAV	936	Waveform 1	1
LF	1454.1788333333334	21750.0	22080.0	11.992918706691452	1454.1745	1454.1835	18593	25271	Plecotus austriacus	0.027	0.064	-1	Echolocation	192000	/home/adkris/Documents/mila-human-wav-txt/20220826_070000.WAV	937	Waveform 1	1
LF	1456.2173666666667	20250.0	20160.0	9.383251196604236	1456.2155	1456.2223	17734	27641	Plecotus austriacus	0.061	0.083	-1	Echolocation	192000	/home/adkris/Documents/mila-human-wav-txt/20220826_070000.WAV	938	Waveform 1	1
LF	1456.2749333333334	20250.0	20160.0	14.109896456377346	1456.2735	1456.2819	17734	23759	Plecotus austriacus	0.032	0.088	-1	Echolocation	192000	/home/adkris/Documents/mila-human-wav-txt/20220826_070000.WAV	939	Waveform 1	1
LF	1457.0338	20250.0	20160.0	9.92496129349137	1457.0315	1457.0402	17734	24101	Plecotus austriacus	0.025	0.05	-1	Echolocation	192000	/home/adkris/Documents/mila-human-wav-txt/20220826_070000.WAV	940	Waveform 1	1
LF	1457.7664333333332	40500.0	42240.0	9.51966527761957	1457.7625	1457.7684	30625	42945	Barbastellus barbastellus	0.015	0.035	-1	Echolocation	192000	/home/adkris/Documents/mila-human-wav-txt/20220826_070000.WAV	941	Waveform 1	1
HF	1458.0088666666666	39750.0	39360.0	7.416299146165091	1458.0045	1458.0123	28906	49032	Myotis daubentonii	0.013	0.027	-1	Echolocation	192000	/home/adkris/Documents/mila-human-wav-txt/20220826_070000.WAV	942	Waveform 1	1
LF	1458.0141	20250.0	20160.0	15.900307186335198	1458.0125	1458.0184	16015	27825	Plecotus auritus	0.045	0.081	-1	Echolocation	192000	/home/adkris/Documents/mila-human-wav-txt/20220826_070000.WAV	943	Waveform 1	1
LF	1458.2762333333333	19500.0	20160.0	9.667602990203449	1458.2745	1458.2826	16015	22783	Plecotus auritus	0.03	0.054	-1	Echolocation	192000	/home/adkris/Documents/mila-human-wav-txt/20220826_070000.WAV	944	Waveform 1	1
HF	1459.9759333333334	48750.0	48000.0	9.227555476930588	1459.9725	1459.9789	49531	57036	Pipistrellus pipistrellus	0.038	0.056	-1	Echolocation	192000	/home/adkris/Documents/mila-human-wav-txt/20220826_070000.WAV	945	Waveform 1	1
HF	1460.430833333333	45000.0	45120.0	17.406981101438568	1460.4265	1460.432	29765	58680	Myotis brandtii	0.012	0.027	-1	Echolocation	192000	/home/adkris/Documents/mila-human-wav-txt/20220826_070000.WAV	946	Waveform 1	1
HF	1460.4302333333333	52500.0	52800.00000000001	9.271057778021758	1460.4275	1460.4346	52968	57277	Pipistrellus pygmaeus	0.07	0.083	-1	Echolocation	192000	/home/adkris/Documents/mila-human-wav-txt/20220826_070000.WAV	947	Waveform 1	1
HF	1460.7076	47250.0	45120.0	16.009718997605006	1460.7025	1460.7084	30625	57417	Myotis brandtii	0.008	0.025	-1	Echolocation	192000	/home/adkris/Documents/mila-human-wav-txt/20220826_070000.WAV	948	Waveform 1	1
HF	1460.7056333333333	52500.0	52800.00000000001	8.539410051219367	1460.7055	1460.7117	52109	56763	Pipistrellus pygmaeus	0.044	0.055	-1	Echolocation	192000	/home/adkris/Documents/mila-human-wav-txt/20220826_070000.WAV	949	Waveform 1	1
HF	1461.2852	48000.0	48960.0	8.65456978807367	1461.2835	1461.2893	49531	56418	Pipistrellus pipistrellus	0.024	0.04	-1	Echolocation	192000	/home/adkris/Documents/mila-human-wav-txt/20220826_070000.WAV	950	Waveform 1	1
LF	1462.2304333333334	24750.0	20160.0	7.787467089178382	1462.2275	1462.2344	18593	32172	Plecotus austriacus	0.073	0.111	-1	Echolocation	192000	/home/adkris/Documents/mila-human-wav-txt/20220826_070000.WAV	951	Waveform 1	1
LF	1462.8854333333334	20250.0	21120.0	11.38060129012409	1462.8845	1462.9004	19453	23984	Nyctalus noctula	0.043	0.075	-1	Echolocation	192000	/home/adkris/Documents/mila-human-wav-txt/20220826_070000.WAV	952	Waveform 1	1
LF	1463.9798	19500.0	19200.0	8.023396965555566	1463.9785	1463.9882	16875	23003	Plecotus austriacus	0.021	0.064	-1	Echolocation	192000	/home/adkris/Documents/mila-human-wav-txt/20220826_070000.WAV	953	Waveform 1	1
LF	1464.4201333333333	21750.0	22080.0	7.1910417253757055	1464.4165	1464.4262	19453	25182	Plecotus austriacus	0.02	0.055	-1	Echolocation	192000	/home/adkris/Documents/mila-human-wav-txt/20220826_070000.WAV	954	Waveform 1	1
HF	1464.5164	49500.0	48960.0	9.70088092915485	1464.5145	1464.5201	32343	75159	Myotis mystacinus	0.02	0.039	-1	Echolocation	192000	/home/adkris/Documents/mila-human-wav-txt/20220826_070000.WAV	955	Waveform 1	1
HF	1464.6107333333334	57000.0	57600.0	8.442338651037018	1464.6105	1464.6166	53828	64423	Pipistrellus pygmaeus	0.031	0.037	-1	Echolocation	192000	/home/adkris/Documents/mila-human-wav-txt/20220826_070000.WAV	956	Waveform 1	1
HF	1464.7033666666666	55500.0	54719.99999999999	8.50983733494072	1464.6995	1464.7043	53828	64963	Pipistrellus pipistrellus	0.038	0.059	-1	Echolocation	192000	/home/adkris/Documents/mila-human-wav-txt/20220826_070000.WAV	957	Waveform 1	1
HF	1464.7798333333333	57000.0	55679.99999999999	10.72032648894401	1464.7755	1464.781	55546	63683	Pipistrellus pygmaeus	0.03	0.038	-1	Echolocation	192000	/home/adkris/Documents/mila-human-wav-txt/20220826_070000.WAV	958	Waveform 1	1
HF	1464.7833666666666	48750.0	48960.0	7.8230874909213055	1464.7805	1464.7863	33203	69245	Myotis mystacinus	0.012	0.029	-1	Echolocation	192000	/home/adkris/Documents/mila-human-wav-txt/20220826_070000.WAV	959	Waveform 1	1
HF	1464.8705666666667	56250.0	56640.0	8.200620587730288	1464.8675	1464.8731	55546	66654	Pipistrellus pygmaeus	0.039	0.042	-1	Echolocation	192000	/home/adkris/Documents/mila-human-wav-txt/20220826_070000.WAV	960	Waveform 1	1
HF	1464.9586666666669	47250.0	48960.0	12.723067146919808	1464.9555	1464.961	32343	72417	Myotis mystacinus	0.011	0.029	-1	Echolocation	192000	/home/adkris/Documents/mila-human-wav-txt/20220826_070000.WAV	961	Waveform 1	1
HF	1465.0467	49500.0	48960.0	15.875387778197734	1465.0445	1465.0498	31484	73894	Myotis mystacinus	0.017	0.038	-1	Echolocation	192000	/home/adkris/Documents/mila-human-wav-txt/20220826_070000.WAV	962	Waveform 1	1
HF	1465.3065	56250.0	56640.0	17.439351148351378	1465.3025	1465.3095	56406	68407	Pipistrellus pygmaeus	0.037	0.044	-1	Echolocation	192000	/home/adkris/Documents/mila-human-wav-txt/20220826_070000.WAV	963	Waveform 1	1
HF	1465.3097333333333	48750.0	48960.0	12.110005673538016	1465.3085	1465.3136	28046	64147	Myotis nattereri	0.013	0.023	-1	Echolocation	192000	/home/adkris/Documents/mila-human-wav-txt/20220826_070000.WAV	964	Waveform 1	1
HF	1465.3798333333334	56250.0	56640.0	18.065684157036934	1465.3735	1465.3805	58125	65751	Pipistrellus pygmaeus	0.042	0.048	-1	Echolocation	192000	/home/adkris/Documents/mila-human-wav-txt/20220826_070000.WAV	965	Waveform 1	1
HF	1465.4565	49500.0	48960.0	18.78812965576796	1465.4545	1465.46	29765	79501	Myotis mystacinus	0.016	0.035	-1	Echolocation	192000	/home/adkris/Documents/mila-human-wav-txt/20220826_070000.WAV	966	Waveform 1	1
HF	1465.5244666666667	56250.0	55679.99999999999	18.16580454940804	1465.5205	1465.5252	54687	67956	Pipistrellus pipistrellus	0.036	0.065	-1	Echolocation	192000	/home/adkris/Documents/mila-human-wav-txt/20220826_070000.WAV	967	Waveform 1	1
HF	1465.5264	49500.0	47040.0	18.80760409702283	1465.5245	1465.5301	30625	81683	Myotis mystacinus	0.022	0.039	-1	Echolocation	192000	/home/adkris/Documents/mila-human-wav-txt/20220826_070000.WAV	968	Waveform 1	1
HF	1465.5815666666667	60000.0	59520.0	14.23159092417663	1465.5785	1465.5841	56406	66938	Pipistrellus pygmaeus	0.057	0.092	-1	Echolocation	192000	/home/adkris/Documents/mila-human-wav-txt/20220826_070000.WAV	969	Waveform 1	1
HF	1465.5835	48750.0	48960.0	13.90588626776041	1465.5815	1465.587	29765	79831	Myotis mystacinus	0.018	0.038	-1	Echolocation	192000	/home/adkris/Documents/mila-human-wav-txt/20220826_070000.WAV	970	Waveform 1	1
HF	1465.6426	44250.0	52800.00000000001	13.262418983226317	1465.6405	1465.6459	30625	82251	Myotis mystacinus	0.023	0.042	-1	Echolocation	192000	/home/adkris/Documents/mila-human-wav-txt/20220826_070000.WAV	971	Waveform 1	1
HF	1465.7124	49500.0	52800.00000000001	7.680735444845792	1465.7105	1465.7161	31484	76151	Myotis mystacinus	0.014	0.032	-1	Echolocation	192000	/home/adkris/Documents/mila-human-wav-txt/20220826_070000.WAV	972	Waveform 1	1
HF	1465.7729333333334	58500.0	57600.0	15.98996957862452	1465.7695	1465.7759	54687	67131	Pipistrellus pipistrellus	0.044	0.078	-1	Echolocation	192000	/home/adkris/Documents/mila-human-wav-txt/20220826_070000.WAV	973	Waveform 1	1
HF	1465.773233333333	57750.0	58560.0	12.792148054665889	1465.7725	1465.7781	31484	74807	Myotis mystacinus	0.019	0.037	-1	Echolocation	192000	/home/adkris/Documents/mila-human-wav-txt/20220826_070000.WAV	974	Waveform 1	1
HF	1465.8225333333332	54000.0	53760.00000000001	7.660100851540763	1465.8215	1465.8268	32343	76540	Myotis mystacinus	0.014	0.032	-1	Echolocation	192000	/home/adkris/Documents/mila-human-wav-txt/20220826_070000.WAV	975	Waveform 1	1
HF	1465.8707333333334	48750.0	53760.00000000001	14.086433706122037	1465.8695	1465.8746	34062	78306	Myotis mystacinus	0.023	0.046	-1	Echolocation	192000	/home/adkris/Documents/mila-human-wav-txt/20220826_070000.WAV	976	Waveform 1	1
HF	1465.9113333333332	59250.0	54719.99999999999	9.983557443623758	1465.9105	1465.916	32343	77605	Myotis mystacinus	0.016	0.035	-1	Echolocation	192000	/home/adkris/Documents/mila-human-wav-txt/20220826_070000.WAV	977	Waveform 1	1
HF	1465.9123	55500.0	58560.0	12.09315083452832	1465.9115	1465.9182	57265	64774	Pipistrellus pygmaeus	0.027	0.028	-1	Echolocation	192000	/home/adkris/Documents/mila-human-wav-txt/20220826_070000.WAV	978	Waveform 1	1
HF	1465.9513	59250.0	59520.0	7.594999732631353	1465.9505	1465.9572	58984	67591	Pipistrellus pygmaeus	0.028	0.029	-1	Echolocation	192000	/home/adkris/Documents/mila-human-wav-txt/20220826_070000.WAV	979	Waveform 1	1
HF	1465.9522333333334	54000.0	53760.00000000001	8.425118740743446	1465.9515	1465.9571	33203	72449	Myotis mystacinus	0.02	0.038	-1	Echolocation	192000	/home/adkris/Documents/mila-human-wav-txt/20220826_070000.WAV	980	Waveform 1	1
HF	1466.0475	54000.0	52800.00000000001	18.12880734373143	1466.0455	1466.051	30625	79414	Myotis mystacinus	0.018	0.037	-1	Echolocation	192000	/home/adkris/Documents/mila-human-wav-txt/20220826_070000.WAV	981	Waveform 1	1
HF	1466.046833333333	59250.0	59520.0	16.524848893091264	1466.0465	1466.0525	58125	65809	Pipistrellus pygmaeus	0.073	0.076	-1	Echolocation	192000	/home/adkris/Documents/mila-human-wav-txt/20220826_070000.WAV	982	Waveform 1	1
HF	1466.0964333333334	53250.0	54719.99999999999	16.59049015715693	1466.0955	1466.1009	29765	74385	Myotis mystacinus	0.012	0.024	-1	Echolocation	192000	/home/adkris/Documents/mila-human-wav-txt/20220826_070000.WAV	983	Waveform 1	1
HF	1466.1396	54000.0	53760.00000000001	15.83282062424857	1466.1375	1466.1429	29765	81205	Myotis mystacinus	0.013	0.028	-1	Echolocation	192000	/home/adkris/Documents/mila-human-wav-txt/20220826_070000.WAV	984	Waveform 1	1
HF	1466.1946666666668	53250.0	53760.00000000001	11.147746258793328	1466.1915	1466.197	32343	83231	Myotis mystacinus	0.018	0.046	-1	Echolocation	192000	/home/adkris/Documents/mila-human-wav-txt/20220826_070000.WAV	985	Waveform 1	1
HF	1466.2580666666668	61500.0	59520.0	18.78014262316132	1466.2555	1466.2616	58125	63837	Pipistrellus pygmaeus	0.023	0.026	-1	Echolocation	192000	/home/adkris/Documents/mila-human-wav-txt/20220826_070000.WAV	986	Waveform 1	1
HF	1466.2649666666666	52500.0	51840.0	21.143991252818083	1466.2615	1466.2667	30625	77809	Myotis mystacinus	0.015	0.031	-1	Echolocation	192000	/home/adkris/Documents/mila-human-wav-txt/20220826_070000.WAV	987	Waveform 1	1
HF	1466.2643333333333	52500.0	55679.99999999999	25.210574783936742	1466.2635	1466.269	54687	65140	Pipistrellus pygmaeus	0.044	0.056	-1	Echolocation	192000	/home/adkris/Documents/mila-human-wav-txt/20220826_070000.WAV	988	Waveform 1	1
HF	1466.3117333333334	53250.0	52800.00000000001	9.351142948214772	1466.3105	1466.3156	29765	62684	Myotis daubentonii	0.014	0.029	-1	Echolocation	192000	/home/adkris/Documents/mila-human-wav-txt/20220826_070000.WAV	989	Waveform 1	1
HF	1466.4162333333334	46500.0	53760.00000000001	8.764075585668783	1466.4155	1466.4211	32343	76558	Myotis mystacinus	0.016	0.035	-1	Echolocation	192000	/home/adkris/Documents/mila-human-wav-txt/20220826_070000.WAV	990	Waveform 1	1
HF	1466.4785	54000.0	53760.00000000001	19.211952651207994	1466.4765	1466.482	30625	84020	Myotis mystacinus	0.017	0.039	-1	Echolocation	192000	/home/adkris/Documents/mila-human-wav-txt/20220826_070000.WAV	991	Waveform 1	1
HF	1466.5299	48000.0	48960.0	8.85545660574258	1466.5275	1466.5326	33203	72209	Myotis mystacinus	0.018	0.042	-1	Echolocation	192000	/home/adkris/Documents/mila-human-wav-txt/20220826_070000.WAV	992	Waveform 1	1
LF	1466.6100333333334	21750.0	22080.0	7.581843085513718	1466.6095	1466.6153	17734	30346	Plecotus austriacus	0.045	0.067	-1	Echolocation	192000	/home/adkris/Documents/mila-human-wav-txt/20220826_070000.WAV	993	Waveform 1	1
HF	1466.6698666666666	54750.0	53760.00000000001	13.509926938829125	1466.6625	1466.6743	55546	61972	Pipistrellus pygmaeus	0.033	0.034	-1	Echolocation	192000	/home/adkris/Documents/mila-human-wav-txt/20220826_070000.WAV	994	Waveform 1	1
HF	1467.4744666666666	52500.0	51840.0	10.938896452353104	1467.4715	1467.4772	32343	70666	Myotis mystacinus	0.009	0.024	-1	Echolocation	192000	/home/adkris/Documents/mila-human-wav-txt/20220826_070000.WAV	995	Waveform 1	1
LF	1469.3487	21000.0	22080.0	8.299169492533194	1469.3455	1469.3533	17734	31077	Plecotus austriacus	0.055	0.078	-1	Echolocation	192000	/home/adkris/Documents/mila-human-wav-txt/20220826_070000.WAV	996	Waveform 1	1
LF	1470.1499	20250.0	20160.0	9.54604782760364	1470.1475	1470.1561	16875	25479	Plecotus austriacus	0.041	0.064	-1	Echolocation	192000	/home/adkris/Documents/mila-human-wav-txt/20220826_070000.WAV	997	Waveform 1	1
LF	1472.533	24000.0	23040.0	7.696958349511114	1472.5285	1472.5385	23750	28658	Nyctalus leisleri	0.019	0.053	-1	Echolocation	192000	/home/adkris/Documents/mila-human-wav-txt/20220826_070000.WAV	998	Waveform 1	1
LF	1472.5329	24000.0	23040.0	8.140246354581933	1472.5305	1472.5391	18593	27767	Plecotus austriacus	0.03	0.056	-1	Echolocation	192000	/home/adkris/Documents/mila-human-wav-txt/20220826_070000.WAV	999	Waveform 1	1
LF	1477.7347666666667	20250.0	20160.0	8.462068347763095	1477.7335	1477.7409	15156	26375	Plecotus auritus	0.016	0.036	-1	Echolocation	192000	/home/adkris/Documents/mila-human-wav-txt/20220826_070000.WAV	1000	Waveform 1	1
HF	1480.5257	42000.0	42240.0	7.665891788514467	1480.5205	1480.5263	28046	52004	Myotis daubentonii	0.017	0.031	-1	Echolocation	192000	/home/adkris/Documents/mila-human-wav-txt/20220826_070000.WAV	1001	Waveform 1	1
HF	1481.6168333333333	46500.0	48960.0	8.93993259325001	1481.6125	1481.618	28906	56259	Myotis daubentonii	0.015	0.028	-1	Echolocation	192000	/home/adkris/Documents/mila-human-wav-txt/20220826_070000.WAV	1002	Waveform 1	1
HF	1481.7809	49500.0	48960.0	8.838784170004477	1481.7785	1481.7836	31484	77963	Myotis daubentonii	0.04	0.122	-1	Echolocation	192000	/home/adkris/Documents/mila-human-wav-txt/20220826_070000.WAV	1003	Waveform 1	1
HF	1482.0752333333332	56250.0	56640.0	8.704865872446558	1482.0695	1482.0771	56406	62252	Pipistrellus pygmaeus	0.071	0.078	-1	Echolocation	192000	/home/adkris/Documents/mila-human-wav-txt/20220826_070000.WAV	1004	Waveform 1	1
HF	1482.0769	48750.0	48960.0	10.361809545334154	1482.0745	1482.0796	33203	75413	Myotis mystacinus	0.03	0.07	-1	Echolocation	192000	/home/adkris/Documents/mila-human-wav-txt/20220826_070000.WAV	1005	Waveform 1	1
LF	1482.2721333333334	15750.0	15360.0	10.561129570638249	1482.2705	1482.2787	13437	20656	Nyctalus leisleri	0.021	0.049	-1	Echolocation	192000	/home/adkris/Documents/mila-human-wav-txt/20220826_070000.WAV	1006	Waveform 1	1
LF	1485.2970333333333	17250.0	20160.0	8.179967834442314	1485.2945	1485.3053	17734	23856	Nyctalus noctula	0.039	0.093	-1	Echolocation	192000	/home/adkris/Documents/mila-human-wav-txt/20220826_070000.WAV	1007	Waveform 1	1
LF	1485.5402333333334	23250.0	21120.0	10.008487919062963	1485.5375	1485.5446	17734	28338	Plecotus austriacus	0.074	0.101	-1	Echolocation	192000	/home/adkris/Documents/mila-human-wav-txt/20220826_070000.WAV	1008	Waveform 1	1
LF	1486.1447666666666	17250.0	17280.0	7.670723734921951	1486.1425	1486.1594	16015	19168	Nyctalus noctula	0.033	0.051	-1	Echolocation	192000	/home/adkris/Documents/mila-human-wav-txt/20220826_070000.WAV	1009	Waveform 1	1
LF	1488.4962666666668	22500.0	23040.0	8.895093718826683	1488.4905	1488.5004	22031	27228	Nyctalus leisleri	0.015	0.046	-1	Echolocation	192000	/home/adkris/Documents/mila-human-wav-txt/20220826_070000.WAV	1010	Waveform 1	1
LF	1489.2238	20250.0	20160.0	7.941033856250959	1489.2215	1489.2302	17734	25331	Plecotus austriacus	0.043	0.064	-1	Echolocation	192000	/home/adkris/Documents/mila-human-wav-txt/20220826_070000.WAV	1011	Waveform 1	1
LF	1492.072133333333	40500.0	41280.0	11.685856056625664	1492.0695	1492.0767	29765	42903	Myotis daubentonii	0.007	0.022	-1	Echolocation	192000	/home/adkris/Documents/mila-human-wav-txt/20220826_070000.WAV	1012	Waveform 1	1
HF	1492.1752666666666	49500.0	47040.0	15.410769158042296	1492.1735	1492.1804	48671	58675	Pipistrellus pipistrellus	0.032	0.058	-1	Echolocation	192000	/home/adkris/Documents/mila-human-wav-txt/20220826_070000.WAV	1013	Waveform 1	1
HF	1492.3827333333334	48000.0	48960.0	13.6006120100124	1492.3785	1492.3841	48671	59807	Pipistrellus pipistrellus	0.035	0.066	-1	Echolocation	192000	/home/adkris/Documents/mila-human-wav-txt/20220826_070000.WAV	1014	Waveform 1	1
HF	1492.3884	54000.0	52800.00000000001	11.603076252052896	1492.3805	1492.3906	53828	59135	Pipistrellus pygmaeus	0.047	0.049	-1	Echolocation	192000	/home/adkris/Documents/mila-human-wav-txt/20220826_070000.WAV	1015	Waveform 1	1
HF	1492.3905333333332	45750.0	45120.0	8.163266014297758	1492.3875	1492.3943	24609	52180	Myotis nattereri	0.02	0.03	-1	Echolocation	192000	/home/adkris/Documents/mila-human-wav-txt/20220826_070000.WAV	1016	Waveform 1	1
LF	1492.4464666666668	20250.0	20160.0	11.96862884040165	1492.4445	1492.4512	15156	28513	Plecotus auritus	0.04	0.078	-1	Echolocation	192000	/home/adkris/Documents/mila-human-wav-txt/20220826_070000.WAV	1017	Waveform 1	1
HF	1492.6041	41250.0	41280.0	19.732123420747318	1492.5995	1492.6059	29765	48928	Myotis bechsteinii	0.006	0.025	-1	Echolocation	192000	/home/adkris/Documents/mila-human-wav-txt/20220826_070000.WAV	1018	Waveform 1	1
HF	1492.6031	48750.0	48000.0	11.953527075524498	1492.6015	1492.6074	48671	56144	Pipistrellus pipistrellus	0.019	0.037	-1	Echolocation	192000	/home/adkris/Documents/mila-human-wav-txt/20220826_070000.WAV	1019	Waveform 1	1
LF	1492.7158	42000.0	41280.0	11.708966444353578	1492.7095	1492.7177	30625	43538	Myotis bechsteinii	0.005	0.024	-1	Echolocation	192000	/home/adkris/Documents/mila-human-wav-txt/20220826_070000.WAV	1020	Waveform 1	1
HF	1492.9151	50250.0	49920.0	13.76841286627992	1492.9115	1492.9189	50390	57888	Pipistrellus pygmaeus	0.059	0.076	-1	Echolocation	192000	/home/adkris/Documents/mila-human-wav-txt/20220826_070000.WAV	1021	Waveform 1	1
LF	1493.028	42000.0	41280.0	15.728432068822167	1493.0235	1493.03	27187	41585	Myotis nattereri	0.005	0.024	-1	Echolocation	192000	/home/adkris/Documents/mila-human-wav-txt/20220826_070000.WAV	1022	Waveform 1	1
HF	1493.2346	52500.0	51840.0	20.13105772231292	1493.2295	1493.2354	51250	59203	Pipistrellus pipistrellus	0.019	0.033	-1	Echolocation	192000	/home/adkris/Documents/mila-human-wav-txt/20220826_070000.WAV	1023	Waveform 1	1
HF	1493.2344666666668	55500.0	55679.99999999999	11.860135290569092	1493.2305	1493.2387	56406	62383	Pipistrellus pygmaeus	0.029	0.031	-1	Echolocation	192000	/home/adkris/Documents/mila-human-wav-txt/20220826_070000.WAV	1024	Waveform 1	1
LF	1493.246133333333	19500.0	20160.0	9.520716277324029	1493.2445	1493.2527	16875	26325	Plecotus austriacus	0.02	0.038	-1	Echolocation	192000	/home/adkris/Documents/mila-human-wav-txt/20220826_070000.WAV	1025	Waveform 1	1
HF	1493.5683666666666	48000.0	43200.0	21.04001097901749	1493.5625	1493.5688	31484	53643	Myotis brandtii	0.008	0.025	-1	Echolocation	192000	/home/adkris/Documents/mila-human-wav-txt/20220826_070000.WAV	1026	Waveform 1	1
HF	1493.7922333333331	48750.0	48000.0	12.60218866296382	1493.7885	1493.7946	49531	58484	Pipistrellus pipistrellus	0.029	0.05	-1	Echolocation	192000	/home/adkris/Documents/mila-human-wav-txt/20220826_070000.WAV	1027	Waveform 1	1
HF	1494.1093666666666	49500.0	45120.0	17.475114941755624	1494.1065	1494.1123	29765	53715	Myotis daubentonii	0.009	0.029	-1	Echolocation	192000	/home/adkris/Documents/mila-human-wav-txt/20220826_070000.WAV	1028	Waveform 1	1
LF	1494.3273	21750.0	22080.0	16.41301988302006	1494.3255	1494.3347	21171	25987	Plecotus austriacus	0.025	0.066	-1	Echolocation	192000	/home/adkris/Documents/mila-human-wav-txt/20220826_070000.WAV	1029	Waveform 1	1
HF	1494.7871	59250.0	58560.0	7.722336614224584	1494.7835	1494.7909	58125	65690	Pipistrellus pygmaeus	0.036	0.038	-1	Echolocation	192000	/home/adkris/Documents/mila-human-wav-txt/20220826_070000.WAV	1030	Waveform 1	1
HF	1494.8590333333334	50250.0	50880.0	8.60468451151187	1494.8585	1494.8643	29765	59674	Myotis daubentonii	0.016	0.029	-1	Echolocation	192000	/home/adkris/Documents/mila-human-wav-txt/20220826_070000.WAV	1031	Waveform 1	1
LF	1495.5804333333333	44250.0	40320.0	8.533377651753808	1495.5795	1495.5849	30625	45161	Myotis daubentonii	0.017	0.026	-1	Echolocation	192000	/home/adkris/Documents/mila-human-wav-txt/20220826_070000.WAV	1032	Waveform 1	1
LF	1496.2384333333334	41250.0	40320.0	7.266757410336528	1496.2355	1496.2424	29765	43673	Myotis daubentonii	0.014	0.028	-1	Echolocation	192000	/home/adkris/Documents/mila-human-wav-txt/20220826_070000.WAV	1033	Waveform 1	1
LF	1498.0248666666666	21750.0	22080.0	8.410156277452238	1498.0235	1498.0308	19453	30425	Plecotus austriacus	0.016	0.033	-1	Echolocation	192000	/home/adkris/Documents/mila-human-wav-txt/20220826_070000.WAV	1034	Waveform 1	1
HF	1500.1752	46500.0	46080.0	9.211375876135843	1500.1705	1500.1768	48671	55080	Pipistrellus pipistrellus	0.013	0.025	-1	Echolocation	192000	/home/adkris/Documents/mila-human-wav-txt/20220826_070000.WAV	1035	Waveform 1	1
LF	1500.285933333333	18000.0	18240.0	10.317034695228829	1500.2805	1500.2989	18593	21845	Nyctalus noctula	0.016	0.032	-1	Echolocation	192000	/home/adkris/Documents/mila-human-wav-txt/20220826_070000.WAV	1036	Waveform 1	1
LF	1500.9564666666668	46500.0	44160.0	9.290335041310454	1500.9505	1500.9567	26328	42979	Myotis nattereri	0.006	0.022	-1	Echolocation	192000	/home/adkris/Documents/mila-human-wav-txt/20220826_070000.WAV	1037	Waveform 1	1
HF	1500.9564	46500.0	44160.0	16.94469120633898	1500.9515	1500.9576	30625	54522	Myotis brandtii	0.007	0.023	-1	Echolocation	192000	/home/adkris/Documents/mila-human-wav-txt/20220826_070000.WAV	1038	Waveform 1	1
HF	1500.9588333333334	48000.0	48000.0	11.813052241913557	1500.9575	1500.9625	48671	54416	Pipistrellus pipistrellus	0.012	0.027	-1	Echolocation	192000	/home/adkris/Documents/mila-human-wav-txt/20220826_070000.WAV	1039	Waveform 1	1
HF	1501.0584	45000.0	41280.0	10.84553806452002	1501.0535	1501.0596	29765	49014	Myotis bechsteinii	0.005	0.023	-1	Echolocation	192000	/home/adkris/Documents/mila-human-wav-txt/20220826_070000.WAV	1040	Waveform 1	1
LF	1501.0634	41250.0	41280.0	13.901808998817254	1501.0585	1501.0646	29765	44741	Myotis daubentonii	0.011	0.023	-1	Echolocation	192000	/home/adkris/Documents/mila-human-wav-txt/20220826_070000.WAV	1041	Waveform 1	1
HF	1501.3439	45000.0	47040.0	13.369769764906849	1501.3395	1501.3461	46953	55830	Pipistrellus pipistrellus	0.012	0.026	-1	Echolocation	192000	/home/adkris/Documents/mila-human-wav-txt/20220826_070000.WAV	1042	Waveform 1	1
HF	1501.5696	42000.0	40320.0	13.571816944542366	1501.5645	1501.5704	29765	47088	Myotis daubentonii	0.012	0.026	-1	Echolocation	192000	/home/adkris/Documents/mila-human-wav-txt/20220826_070000.WAV	1043	Waveform 1	1
HF	1501.7768333333331	48750.0	47040.0	13.061130067509184	1501.7735	1501.78	47812	53753	Pipistrellus pipistrellus	0.013	0.023	-1	Echolocation	192000	/home/adkris/Documents/mila-human-wav-txt/20220826_070000.WAV	1044	Waveform 1	1
HF	1502.4246	48000.0	48000.0	13.547521508996576	1502.4195	1502.4254	49531	54439	Pipistrellus pipistrellus	0.035	0.057	-1	Echolocation	192000	/home/adkris/Documents/mila-human-wav-txt/20220826_070000.WAV	1045	Waveform 1	1
HF	1502.533766666667	45000.0	41280.0	13.383766640653816	1502.5315	1502.5379	28906	50972	Myotis daubentonii	0.011	0.022	-1	Echolocation	192000	/home/adkris/Documents/mila-human-wav-txt/20220826_070000.WAV	1046	Waveform 1	1
HF	1502.7431666666666	46500.0	47040.0	12.633392606618852	1502.7415	1502.7485	48671	54830	Pipistrellus pipistrellus	0.015	0.026	-1	Echolocation	192000	/home/adkris/Documents/mila-human-wav-txt/20220826_070000.WAV	1047	Waveform 1	1
HF	1503.1565333333333	48000.0	47040.0	14.63756784973887	1503.1505	1503.1578	48671	53543	Pipistrellus pipistrellus	0.013	0.022	-1	Echolocation	192000	/home/adkris/Documents/mila-human-wav-txt/20220826_070000.WAV	1048	Waveform 1	1
HF	1503.247033333333	46500.0	45120.0	9.025263735850611	1503.2435	1503.2498	28906	52598	Myotis daubentonii	0.014	0.025	-1	Echolocation	192000	/home/adkris/Documents/mila-human-wav-txt/20220826_070000.WAV	1049	Waveform 1	1
HF	1503.3615333333332	44250.0	43200.0	8.144956751466161	1503.3575	1503.3633	30625	66445	Myotis brandtii	0.014	0.033	-1	Echolocation	192000	/home/adkris/Documents/mila-human-wav-txt/20220826_070000.WAV	1050	Waveform 1	1
LF	1506.7659666666666	15000.0	15360.0	8.294534155329512	1506.7635	1506.7732	13437	17549	Nyctalus leisleri	0.018	0.052	-1	Echolocation	192000	/home/adkris/Documents/mila-human-wav-txt/20220826_070000.WAV	1051	Waveform 1	1
LF	1506.8865	17250.0	17280.0	7.656669914083618	1506.8855	1506.892	13437	22134	Plecotus auritus	0.032	0.045	-1	Echolocation	192000	/home/adkris/Documents/mila-human-wav-txt/20220826_070000.WAV	1052	Waveform 1	1
LF	1506.9992333333332	21000.0	21120.0	10.646141162976916	1506.9975	1507.0056	18593	26331	Plecotus austriacus	0.076	0.12	-1	Echolocation	192000	/home/adkris/Documents/mila-human-wav-txt/20220826_070000.WAV	1053	Waveform 1	1
LF	1507.7797	19500.0	21120.0	14.295296028206794	1507.7785	1507.7848	16875	29833	Plecotus austriacus	0.071	0.096	-1	Echolocation	192000	/home/adkris/Documents/mila-human-wav-txt/20220826_070000.WAV	1054	Waveform 1	1
LF	1508.2090333333333	20250.0	19200.0	7.038531999830976	1508.2035	1508.2113	14296	30052	Plecotus auritus	0.017	0.023	-1	Echolocation	192000	/home/adkris/Documents/mila-human-wav-txt/20220826_070000.WAV	1055	Waveform 1	1
HF	1511.339433333333	47250.0	47040.0	8.094681094375158	1511.3365	1511.3434	30625	52235	Myotis nattereri	0.011	0.03	-1	Echolocation	192000	/home/adkris/Documents/mila-human-wav-txt/20220826_070000.WAV	1056	Waveform 1	1
HF	1511.408233333333	47250.0	48000.0	7.670615664998949	1511.4075	1511.4131	28906	55333	Myotis nattereri	0.011	0.025	-1	Echolocation	192000	/home/adkris/Documents/mila-human-wav-txt/20220826_070000.WAV	1057	Waveform 1	1
HF	1511.6877333333334	54000.0	53760.00000000001	11.450861652208191	1511.6865	1511.6916	53828	62879	Pipistrellus pygmaeus	0.021	0.038	-1	Echolocation	192000	/home/adkris/Documents/mila-human-wav-txt/20220826_070000.WAV	1058	Waveform 1	1
HF	1511.6878333333334	54000.0	53760.00000000001	8.337584413756538	1511.6865	1511.6915	34921	76520	Myotis mystacinus	0.017	0.048	-1	Echolocation	192000	/home/adkris/Documents/mila-human-wav-txt/20220826_070000.WAV	1059	Waveform 1	1
HF	1511.785933333333	49500.0	48000.0	7.383163622328564	1511.7855	1511.7914	31484	60968	Myotis daubentonii	0.007	0.021	-1	Echolocation	192000	/home/adkris/Documents/mila-human-wav-txt/20220826_070000.WAV	1060	Waveform 1	1
HF	1512.0678	57000.0	47040.0	9.727224348209496	1512.0655	1512.0707	34062	73928	Myotis mystacinus	0.014	0.033	-1	Echolocation	192000	/home/adkris/Documents/mila-human-wav-txt/20220826_070000.WAV	1061	Waveform 1	1
LF	1512.1932	21000.0	22080.0	13.995847419184742	1512.1925	1512.1993	18593	29331	Plecotus austriacus	0.067	0.097	-1	Echolocation	192000	/home/adkris/Documents/mila-human-wav-txt/20220826_070000.WAV	1062	Waveform 1	1
HF	1512.2574666666667	48000.0	48000.0	8.719013325690907	1512.2545	1512.2602	34062	66068	Myotis brandtii	0.006	0.022	-1	Echolocation	192000	/home/adkris/Documents/mila-human-wav-txt/20220826_070000.WAV	1063	Waveform 1	1
HF	1512.3486666666668	54750.0	53760.00000000001	15.865360308525773	1512.3445	1512.349	53828	64584	Pipistrellus pipistrellus	0.019	0.039	-1	Echolocation	192000	/home/adkris/Documents/mila-human-wav-txt/20220826_070000.WAV	1064	Waveform 1	1
HF	1512.3510333333334	48750.0	47040.0	13.783143715254775	1512.3465	1512.3518	33203	69233	Myotis brandtii	0.007	0.023	-1	Echolocation	192000	/home/adkris/Documents/mila-human-wav-txt/20220826_070000.WAV	1065	Waveform 1	1
HF	1512.439	57000.0	57600.0	9.93098159448626	1512.4375	1512.4435	56406	64930	Pipistrellus pygmaeus	0.077	0.079	-1	Echolocation	192000	/home/adkris/Documents/mila-human-wav-txt/20220826_070000.WAV	1066	Waveform 1	1
HF	1512.4407333333334	49500.0	48960.0	13.015496714807917	1512.4395	1512.4446	32343	79191	Myotis mystacinus	0.017	0.042	-1	Echolocation	192000	/home/adkris/Documents/mila-human-wav-txt/20220826_070000.WAV	1067	Waveform 1	1
LF	1514.6436666666666	21750.0	22080.0	9.706370443734176	1514.6415	1514.648	19453	31118	Plecotus austriacus	0.081	0.124	-1	Echolocation	192000	/home/adkris/Documents/mila-human-wav-txt/20220826_070000.WAV	1068	Waveform 1	1
LF	1515.1521333333333	21750.0	22080.0	14.827440478546986	1515.1495	1515.1567	18593	28236	Plecotus austriacus	0.087	0.12	-1	Echolocation	192000	/home/adkris/Documents/mila-human-wav-txt/20220826_070000.WAV	1069	Waveform 1	1
LF	1519.3330666666666	19500.0	20160.0	11.058936012345008	1519.3325	1519.3476	19453	24297	Nyctalus noctula	0.024	0.042	-1	Echolocation	192000	/home/adkris/Documents/mila-human-wav-txt/20220826_070000.WAV	1070	Waveform 1	1
LF	1520.7098	21750.0	22080.0	8.253652094263007	1520.7085	1520.7182	18593	24736	Plecotus austriacus	0.014	0.032	-1	Echolocation	192000	/home/adkris/Documents/mila-human-wav-txt/20220826_070000.WAV	1071	Waveform 1	1
HF	1521.4184666666667	57000.0	57600.0	8.584818591163826	1521.4185	1521.4237	55546	62500	Pipistrellus pygmaeus	0.019	0.025	-1	Echolocation	192000	/home/adkris/Documents/mila-human-wav-txt/20220826_070000.WAV	1072	Waveform 1	1
HF	1521.5456666666666	48750.0	48960.0	10.982848078197042	1521.5425	1521.548	33203	71601	Myotis brandtii	0.008	0.026	-1	Echolocation	192000	/home/adkris/Documents/mila-human-wav-txt/20220826_070000.WAV	1073	Waveform 1	1
HF	1521.8168333333333	57000.0	56640.0	9.331553052614014	1521.8155	1521.824	56406	67899	Pipistrellus pygmaeus	0.021	0.022	-1	Echolocation	192000	/home/adkris/Documents/mila-human-wav-txt/20220826_070000.WAV	1074	Waveform 1	1
HF	1521.9558333333334	58500.0	57600.0	15.55428304687965	1521.9545	1521.963	56406	66493	Pipistrellus pygmaeus	0.024	0.025	-1	Echolocation	192000	/home/adkris/Documents/mila-human-wav-txt/20220826_070000.WAV	1075	Waveform 1	1
HF	1522.0427	49500.0	47040.0	18.26599475506808	1522.0405	1522.0458	27187	65591	Myotis nattereri	0.019	0.033	-1	Echolocation	192000	/home/adkris/Documents/mila-human-wav-txt/20220826_070000.WAV	1076	Waveform 1	1
HF	1522.0409	56250.0	55679.99999999999	15.36690670682617	1522.0405	1522.0476	54687	62287	Pipistrellus pygmaeus	0.033	0.041	-1	Echolocation	192000	/home/adkris/Documents/mila-human-wav-txt/20220826_070000.WAV	1077	Waveform 1	1
HF	1522.0434666666667	47250.0	47040.0	19.097918315358086	1522.0405	1522.0462	31484	78014	Myotis mystacinus	0.014	0.035	-1	Echolocation	192000	/home/adkris/Documents/mila-human-wav-txt/20220826_070000.WAV	1078	Waveform 1	1
LF	1523.0929	20250.0	20160.0	12.217818791052087	1523.0915	1523.1011	19453	24915	Plecotus austriacus	0.025	0.052	-1	Echolocation	192000	/home/adkris/Documents/mila-human-wav-txt/20220826_070000.WAV	1079	Waveform 1	1
LF	1523.4127	19500.0	20160.0	15.528683053354603	1523.4105	1523.4193	16875	29262	Plecotus austriacus	0.057	0.088	-1	Echolocation	192000	/home/adkris/Documents/mila-human-wav-txt/20220826_070000.WAV	1080	Waveform 1	1
LF	1526.4231333333332	19500.0	20160.0	11.090183107494136	1526.4215	1526.4297	16875	25424	Plecotus austriacus	0.032	0.063	-1	Echolocation	192000	/home/adkris/Documents/mila-human-wav-txt/20220826_070000.WAV	1081	Waveform 1	1
LF	1529.3206	21000.0	21120.0	12.672497141887291	1529.3175	1529.3254	17734	27718	Plecotus austriacus	0.078	0.12	-1	Echolocation	192000	/home/adkris/Documents/mila-human-wav-txt/20220826_070000.WAV	1082	Waveform 1	1
HF	1531.360766666667	49500.0	48960.0	7.71920422824283	1531.3575	1531.3629	35781	64448	Myotis brandtii	0.007	0.022	-1	Echolocation	192000	/home/adkris/Documents/mila-human-wav-txt/20220826_070000.WAV	1083	Waveform 1	1
HF	1531.6237333333331	49500.0	48960.0	8.18819464038749	1531.6195	1531.6251	34921	63082	Myotis mystacinus	0.008	0.026	-1	Echolocation	192000	/home/adkris/Documents/mila-human-wav-txt/20220826_070000.WAV	1084	Waveform 1	1
LF	1534.6002	19500.0	20160.0	7.922004524398081	1534.5985	1534.6078	18593	24524	Plecotus austriacus	0.022	0.044	-1	Echolocation	192000	/home/adkris/Documents/mila-human-wav-txt/20220826_070000.WAV	1085	Waveform 1	1
LF	1536.9251	18000.0	18240.0	9.267147278339982	1536.9205	1536.9374	19453	22919	Nyctalus noctula	0.015	0.035	-1	Echolocation	192000	/home/adkris/Documents/mila-human-wav-txt/20220826_070000.WAV	1086	Waveform 1	1
LF	1537.7917333333332	19500.0	17280.0	9.39627422990422	1537.7905	1537.7991	15156	23227	Plecotus auritus	0.01	0.022	-1	Echolocation	192000	/home/adkris/Documents/mila-human-wav-txt/20220826_070000.WAV	1087	Waveform 1	1
LF	1539.346266666667	20250.0	20160.0	14.557281922523828	1539.3425	1539.3544	19453	24375	Nyctalus noctula	0.03	0.074	-1	Echolocation	192000	/home/adkris/Documents/mila-human-wav-txt/20220826_070000.WAV	1088	Waveform 1	1
LF	1539.5595666666666	21750.0	22080.0	21.00280282305924	1539.5575	1539.5641	18593	28960	Plecotus austriacus	0.071	0.094	-1	Echolocation	192000	/home/adkris/Documents/mila-human-wav-txt/20220826_070000.WAV	1089	Waveform 1	1
LF	1542.3824333333334	20250.0	20160.0	14.943122001323498	1542.3785	1542.3879	18593	24430	Plecotus austriacus	0.028	0.059	-1	Echolocation	192000	/home/adkris/Documents/mila-human-wav-txt/20220826_070000.WAV	1090	Waveform 1	1
LF	1542.8776666666668	17250.0	20160.0	7.576671400219506	1542.8755	1542.8855	17734	23701	Plecotus austriacus	0.016	0.032	-1	Echolocation	192000	/home/adkris/Documents/mila-human-wav-txt/20220826_070000.WAV	1091	Waveform 1	1
LF	1544.1159333333333	21000.0	22080.0	8.635150426291936	1544.1125	1544.1224	19453	25902	Plecotus austriacus	0.021	0.055	-1	Echolocation	192000	/home/adkris/Documents/mila-human-wav-txt/20220826_070000.WAV	1092	Waveform 1	1
HF	1551.9080666666666	47250.0	47040.0	7.013007456280246	1551.9045	1551.9096	34921	62319	Myotis bechsteinii	0.009	0.026	-1	Echolocation	192000	/home/adkris/Documents/mila-human-wav-txt/20220826_070000.WAV	1093	Waveform 1	1
LF	1555.2258333333334	20250.0	20160.0	7.085889726898383	1555.2205	1555.232	18593	23791	Nyctalus noctula	0.016	0.042	-1	Echolocation	192000	/home/adkris/Documents/mila-human-wav-txt/20220826_070000.WAV	1094	Waveform 1	1
LF	1555.7510333333332	19500.0	20160.0	9.468087156307517	1555.7495	1555.7578	17734	25409	Plecotus austriacus	0.037	0.053	-1	Echolocation	192000	/home/adkris/Documents/mila-human-wav-txt/20220826_070000.WAV	1095	Waveform 1	1
LF	1556.5886	21000.0	21120.0	8.226240507544334	1556.5845	1556.5949	19453	24718	Plecotus austriacus	0.038	0.113	-1	Echolocation	192000	/home/adkris/Documents/mila-human-wav-txt/20220826_070000.WAV	1096	Waveform 1	1
LF	1556.925	17250.0	20160.0	7.139531945322135	1556.9225	1556.931	15156	26343	Plecotus auritus	0.018	0.032	-1	Echolocation	192000	/home/adkris/Documents/mila-human-wav-txt/20220826_070000.WAV	1097	Waveform 1	1
HF	1557.9501333333333	47250.0	48960.0	7.74022794639494	1557.9485	1557.9532	32343	73720	Myotis bechsteinii	0.012	0.041	-1	Echolocation	192000	/home/adkris/Documents/mila-human-wav-txt/20220826_070000.WAV	1098	Waveform 1	1
HF	1558.1417	53250.0	53760.00000000001	8.257717884768237	1558.1365	1558.1423	54687	63841	Pipistrellus pipistrellus	0.013	0.028	-1	Echolocation	192000	/home/adkris/Documents/mila-human-wav-txt/20220826_070000.WAV	1099	Waveform 1	1
HF	1558.1420333333333	50250.0	48960.0	11.585114695456816	1558.1405	1558.1453	32343	76272	Myotis bechsteinii	0.017	0.048	-1	Echolocation	192000	/home/adkris/Documents/mila-human-wav-txt/20220826_070000.WAV	1100	Waveform 1	1
LF	1559.7884333333334	22500.0	22080.0	7.957766807546669	1559.7855	1559.7959	20312	24917	Nyctalus leisleri	0.014	0.037	-1	Echolocation	192000	/home/adkris/Documents/mila-human-wav-txt/20220826_070000.WAV	1101	Waveform 1	1
LF	1562.6157	21750.0	22080.0	17.092712271345306	1562.6135	1562.6223	20312	25892	Plecotus austriacus	0.038	0.078	-1	Echolocation	192000	/home/adkris/Documents/mila-human-wav-txt/20220826_070000.WAV	1102	Waveform 1	1
LF	1565.9250333333334	21750.0	22080.0	14.297937630356374	1565.9205	1565.9293	19453	26531	Plecotus austriacus	0.04	0.096	-1	Echolocation	192000	/home/adkris/Documents/mila-human-wav-txt/20220826_070000.WAV	1103	Waveform 1	1
LF	1565.9724	21000.0	22080.0	7.717969154949882	1565.9675	1565.9771	19453	25690	Plecotus austriacus	0.022	0.053	-1	Echolocation	192000	/home/adkris/Documents/mila-human-wav-txt/20220826_070000.WAV	1104	Waveform 1	1
LF	1567.7608	24000.0	22080.0	14.934700735369915	1567.7595	1567.7657	17734	30906	Plecotus austriacus	0.057	0.074	-1	Echolocation	192000	/home/adkris/Documents/mila-human-wav-txt/20220826_070000.WAV	1105	Waveform 1	1
LF	1569.0470333333333	21750.0	21120.0	9.961000743387295	1569.0445	1569.0518	14296	28327	Plecotus auritus	0.011	0.023	-1	Echolocation	192000	/home/adkris/Documents/mila-human-wav-txt/20220826_070000.WAV	1106	Waveform 1	1
LF	1570.7234	21750.0	22080.0	9.106718977802537	1570.7215	1570.7271	17734	32147	Plecotus austriacus	0.065	0.093	-1	Echolocation	192000	/home/adkris/Documents/mila-human-wav-txt/20220826_070000.WAV	1107	Waveform 1	1
LF	1573.8208	20250.0	20160.0	9.686405233535968	1573.8165	1573.8267	18593	24654	Plecotus austriacus	0.036	0.106	-1	Echolocation	192000	/home/adkris/Documents/mila-human-wav-txt/20220826_070000.WAV	1108	Waveform 1	1
LF	1576.1179	16500.0	16320.000000000002	7.748085771548666	1576.1165	1576.1226	13437	30164	Plecotus auritus	0.034	0.046	-1	Echolocation	192000	/home/adkris/Documents/mila-human-wav-txt/20220826_070000.WAV	1109	Waveform 1	1
LF	1576.212266666667	21750.0	22080.0	13.918010751772394	1576.2105	1576.2174	17734	29515	Plecotus austriacus	0.08	0.108	-1	Echolocation	192000	/home/adkris/Documents/mila-human-wav-txt/20220826_070000.WAV	1110	Waveform 1	1
LF	1581.8677333333333	20250.0	20160.0	10.060056043744598	1581.8625	1581.8741	18593	23812	Nyctalus noctula	0.021	0.058	-1	Echolocation	192000	/home/adkris/Documents/mila-human-wav-txt/20220826_070000.WAV	1111	Waveform 1	1
LF	1584.640133333333	21750.0	22080.0	9.29647573171769	1584.6365	1584.6462	19453	24498	Plecotus austriacus	0.019	0.059	-1	Echolocation	192000	/home/adkris/Documents/mila-human-wav-txt/20220826_070000.WAV	1112	Waveform 1	1
HF	1584.7077	42000.0	45120.0	9.609386145272538	1584.7025	1584.7083	30625	54826	Myotis brandtii	0.012	0.038	-1	Echolocation	192000	/home/adkris/Documents/mila-human-wav-txt/20220826_070000.WAV	1113	Waveform 1	1
HF	1584.8134666666667	47250.0	46080.0	7.186069153813167	1584.8075	1584.8137	30625	47287	Myotis bechsteinii	0.005	0.025	-1	Echolocation	192000	/home/adkris/Documents/mila-human-wav-txt/20220826_070000.WAV	1114	Waveform 1	1
HF	1584.8130666666666	47250.0	47040.0	8.998429237809486	1584.8105	1584.8166	47812	51481	Pipistrellus pipistrellus	0.014	0.024	-1	Echolocation	192000	/home/adkris/Documents/mila-human-wav-txt/20220826_070000.WAV	1115	Waveform 1	1
HF	1585.0143666666668	43500.0	43200.0	11.29969998708874	1585.0085	1585.0148	30625	53771	Myotis bechsteinii	0.012	0.03	-1	Echolocation	192000	/home/adkris/Documents/mila-human-wav-txt/20220826_070000.WAV	1116	Waveform 1	1
HF	1585.0153666666668	47250.0	48960.0	8.086026726741371	1585.0095	1585.0158	49531	55303	Pipistrellus pipistrellus	0.033	0.054	-1	Echolocation	192000	/home/adkris/Documents/mila-human-wav-txt/20220826_070000.WAV	1117	Waveform 1	1
LF	1585.0537	20250.0	20160.0	11.79618465128318	1585.0525	1585.0623	16015	21499	Nyctalus noctula	0.031	0.051	-1	Echolocation	192000	/home/adkris/Documents/mila-human-wav-txt/20220826_070000.WAV	1118	Waveform 1	1
LF	1585.3523333333333	15000.0	16320.000000000002	8.88116265491792	1585.3505	1585.3585	12578	31455	Barbastellus barbastellus	0.021	0.026	-1	Echolocation	192000	/home/adkris/Documents/mila-human-wav-txt/20220826_070000.WAV	1119	Waveform 1	1
HF	1585.6217	45000.0	41280.0	17.79466199089384	1585.6155	1585.6238	31484	51481	Myotis bechsteinii	0.012	0.028	-1	Echolocation	192000	/home/adkris/Documents/mila-human-wav-txt/20220826_070000.WAV	1120	Waveform 1	1
LF	1585.624366666667	40500.0	40320.0	8.619616421008756	1585.6185	1585.6248	26328	37483	Myotis nattereri	0.005	0.024	-1	Echolocation	192000	/home/adkris/Documents/mila-human-wav-txt/20220826_070000.WAV	1121	Waveform 1	1
HF	1585.8289666666667	41250.0	41280.0	13.320047229946898	1585.8235	1585.8302	30625	50666	Myotis brandtii	0.008	0.024	-1	Echolocation	192000	/home/adkris/Documents/mila-human-wav-txt/20220826_070000.WAV	1122	Waveform 1	1
LF	1586.528733333333	41250.0	41280.0	9.249085729901532	1586.5255	1586.5321	27187	40174	Eptesicus serotinus	0.006	0.024	-1	Echolocation	192000	/home/adkris/Documents/mila-human-wav-txt/20220826_070000.WAV	1123	Waveform 1	1
HF	1587.149	42000.0	41280.0	9.620731501924784	1587.1455	1587.153	29765	47091	Myotis daubentonii	0.004	0.023	-1	Echolocation	192000	/home/adkris/Documents/mila-human-wav-txt/20220826_070000.WAV	1124	Waveform 1	1
LF	1587.6427333333334	19500.0	17280.0	13.837474645654035	1587.6425	1587.6556	16875	22729	Nyctalus noctula	0.017	0.027	-1	Echolocation	192000	/home/adkris/Documents/mila-human-wav-txt/20220826_070000.WAV	1125	Waveform 1	1
LF	1587.643366666667	25500.0	25920.0	7.794908476377095	1587.6425	1587.6503	25468	33364	Eptesicus serotinus	0.006	0.022	-1	Echolocation	192000	/home/adkris/Documents/mila-human-wav-txt/20220826_070000.WAV	1126	Waveform 1	1
LF	1588.5608666666667	20250.0	21120.0	16.062904423149586	1588.5585	1588.5648	16875	31636	Plecotus austriacus	0.061	0.111	-1	Echolocation	192000	/home/adkris/Documents/mila-human-wav-txt/20220826_070000.WAV	1127	Waveform 1	1
LF	1589.6187	19500.0	20160.0	13.544089408157634	1589.6135	1589.6228	18593	24379	Plecotus austriacus	0.025	0.078	-1	Echolocation	192000	/home/adkris/Documents/mila-human-wav-txt/20220826_070000.WAV	1128	Waveform 1	1
LF	1592.2570333333333	20250.0	20160.0	15.79101919192766	1592.2555	1592.2638	17734	25463	Plecotus austriacus	0.062	0.092	-1	Echolocation	192000	/home/adkris/Documents/mila-human-wav-txt/20220826_070000.WAV	1129	Waveform 1	1
LF	1597.6945333333333	20250.0	20160.0	11.19392484623505	1597.6925	1597.7003	18593	28020	Plecotus austriacus	0.077	0.112	-1	Echolocation	192000	/home/adkris/Documents/mila-human-wav-txt/20220826_070000.WAV	1130	Waveform 1	1
HF	1598.159666666667	47250.0	47040.0	10.297049994268813	1598.1565	1598.162	33203	67181	Myotis mystacinus	0.008	0.022	-1	Echolocation	192000	/home/adkris/Documents/mila-human-wav-txt/20220826_070000.WAV	1131	Waveform 1	1
LF	1598.3317	19500.0	20160.0	8.521446519348503	1598.3185	1598.3373	16875	21831	Nyctalus noctula	0.015	0.022	-1	Echolocation	192000	/home/adkris/Documents/mila-human-wav-txt/20220826_070000.WAV	1132	Waveform 1	1
LF	1598.3322	20250.0	20160.0	9.21818687641944	1598.3285	1598.3393	19453	23960	Plecotus austriacus	0.012	0.036	-1	Echolocation	192000	/home/adkris/Documents/mila-human-wav-txt/20220826_070000.WAV	1133	Waveform 1	1
HF	1598.6818	49500.0	49920.0	7.416426813973721	1598.6795	1598.6847	34062	70061	Myotis mystacinus	0.011	0.028	-1	Echolocation	192000	/home/adkris/Documents/mila-human-wav-txt/20220826_070000.WAV	1134	Waveform 1	1
LF	1599.441	19500.0	20160.0	7.278189394120103	1599.4365	1599.4465	18593	24104	Plecotus austriacus	0.027	0.07	-1	Echolocation	192000	/home/adkris/Documents/mila-human-wav-txt/20220826_070000.WAV	1135	Waveform 1	1
LF	1602.6648666666667	42750.0	42240.0	7.841098366341397	1602.6595	1602.6663	28906	45135	Myotis daubentonii	0.005	0.023	-1	Echolocation	192000	/home/adkris/Documents/mila-human-wav-txt/20220826_070000.WAV	1136	Waveform 1	1
LF	1607.941366666667	21750.0	22080.0	7.288413101147682	1607.9385	1607.9443	15156	31360	Plecotus auritus	0.027	0.04	-1	Echolocation	192000	/home/adkris/Documents/mila-human-wav-txt/20220826_070000.WAV	1137	Waveform 1	1
LF	1607.9405	21000.0	21120.0	8.183425117317167	1607.9395	1607.9495	20312	24798	Plecotus austriacus	0.014	0.043	-1	Echolocation	192000	/home/adkris/Documents/mila-human-wav-txt/20220826_070000.WAV	1138	Waveform 1	1
LF	1612.4765	18750.0	20160.0	10.640134294514958	1612.4735	1612.4815	16875	24022	Plecotus auritus	0.033	0.119	-1	Echolocation	192000	/home/adkris/Documents/mila-human-wav-txt/20220826_070000.WAV	1139	Waveform 1	1
HF	1614.5275333333334	45000.0	42240.0	9.871467328053525	1614.5245	1614.5313	30625	53219	Myotis brandtii	0.011	0.028	-1	Echolocation	192000	/home/adkris/Documents/mila-human-wav-txt/20220826_070000.WAV	1140	Waveform 1	1
HF	1614.8113666666666	47250.0	43200.0	9.586552352727498	1614.8065	1614.8138	32343	58672	Myotis bechsteinii	0.009	0.026	-1	Echolocation	192000	/home/adkris/Documents/mila-human-wav-txt/20220826_070000.WAV	1141	Waveform 1	1
HF	1614.9181333333331	44250.0	43200.0	10.248866429472468	1614.9115	1614.9182	30625	55382	Myotis brandtii	0.009	0.026	-1	Echolocation	192000	/home/adkris/Documents/mila-human-wav-txt/20220826_070000.WAV	1142	Waveform 1	1
HF	1615.0248666666666	42000.0	44160.0	16.458486800006845	1615.0195	1615.0263	31484	54767	Myotis brandtii	0.008	0.023	-1	Echolocation	192000	/home/adkris/Documents/mila-human-wav-txt/20220826_070000.WAV	1143	Waveform 1	1
HF	1615.705866666667	42750.0	42240.0	17.082234420759622	1615.7035	1615.7098	30625	55828	Myotis bechsteinii	0.009	0.026	-1	Echolocation	192000	/home/adkris/Documents/mila-human-wav-txt/20220826_070000.WAV	1144	Waveform 1	1
HF	1615.7959	45750.0	43200.0	10.362607155251366	1615.7905	1615.7961	31484	51685	Myotis brandtii	0.01	0.027	-1	Echolocation	192000	/home/adkris/Documents/mila-human-wav-txt/20220826_070000.WAV	1145	Waveform 1	1
HF	1615.7989	51000.0	49920.0	8.44483626889575	1615.7935	1615.7991	50390	59691	Pipistrellus pygmaeus	0.053	0.061	-1	Echolocation	192000	/home/adkris/Documents/mila-human-wav-txt/20220826_070000.WAV	1146	Waveform 1	1
HF	1616.0956	46500.0	43200.0	15.84552665076151	1616.0905	1616.0964	30625	51604	Myotis bechsteinii	0.008	0.028	-1	Echolocation	192000	/home/adkris/Documents/mila-human-wav-txt/20220826_070000.WAV	1147	Waveform 1	1
HF	1616.0948	49500.0	48960.0	7.097404498613389	1616.0905	1616.0972	50390	57297	Pipistrellus pipistrellus	0.02	0.032	-1	Echolocation	192000	/home/adkris/Documents/mila-human-wav-txt/20220826_070000.WAV	1148	Waveform 1	1
HF	1616.1899	45750.0	45120.0	17.31115936441508	1616.1855	1616.1921	31484	56399	Myotis bechsteinii	0.009	0.027	-1	Echolocation	192000	/home/adkris/Documents/mila-human-wav-txt/20220826_070000.WAV	1149	Waveform 1	1
HF	1616.1883333333333	54000.0	53760.00000000001	9.387230628900454	1616.1865	1616.1945	52968	58828	Pipistrellus pygmaeus	0.035	0.041	-1	Echolocation	192000	/home/adkris/Documents/mila-human-wav-txt/20220826_070000.WAV	1150	Waveform 1	1
HF	1616.3746	41250.0	41280.0	17.85288254424505	1616.3675	1616.3749	31484	56418	Myotis bechsteinii	0.013	0.031	-1	Echolocation	192000	/home/adkris/Documents/mila-human-wav-txt/20220826_070000.WAV	1151	Waveform 1	1
HF	1616.448133333333	51750.0	52800.00000000001	10.659722600124466	1616.4465	1616.4547	52968	58020	Pipistrellus pygmaeus	0.03	0.033	-1	Echolocation	192000	/home/adkris/Documents/mila-human-wav-txt/20220826_070000.WAV	1152	Waveform 1	1
HF	1616.6540333333332	44250.0	44160.0	12.775219839213586	1616.6495	1616.6548	31484	59501	Myotis brandtii	0.011	0.026	-1	Echolocation	192000	/home/adkris/Documents/mila-human-wav-txt/20220826_070000.WAV	1153	Waveform 1	1
HF	1617.0019333333332	41250.0	46080.0	19.578153116310176	1616.9955	1617.0024	30625	53658	Myotis bechsteinii	0.009	0.027	-1	Echolocation	192000	/home/adkris/Documents/mila-human-wav-txt/20220826_070000.WAV	1154	Waveform 1	1
HF	1616.9979666666666	51750.0	51840.0	9.649040717168376	1616.9965	1617.0037	52109	59744	Pipistrellus pygmaeus	0.033	0.043	-1	Echolocation	192000	/home/adkris/Documents/mila-human-wav-txt/20220826_070000.WAV	1155	Waveform 1	1
HF	1617.2481666666667	47250.0	45120.0	16.153918095854834	1617.2425	1617.249	32343	53984	Myotis brandtii	0.008	0.023	-1	Echolocation	192000	/home/adkris/Documents/mila-human-wav-txt/20220826_070000.WAV	1156	Waveform 1	1
HF	1617.2480666666668	47250.0	47040.0	9.67021408027609	1617.2455	1617.2516	49531	57547	Pipistrellus pipistrellus	0.018	0.029	-1	Echolocation	192000	/home/adkris/Documents/mila-human-wav-txt/20220826_070000.WAV	1157	Waveform 1	1
HF	1618.1907333333334	43500.0	42240.0	7.471241247780314	1618.1875	1618.1941	30625	47370	Myotis daubentonii	0.008	0.026	-1	Echolocation	192000	/home/adkris/Documents/mila-human-wav-txt/20220826_070000.WAV	1158	Waveform 1	1
LF	1621.7716333333333	17250.0	20160.0	13.685107812539476	1621.7695	1621.7772	16015	23690	Plecotus auritus	0.022	0.052	-1	Echolocation	192000	/home/adkris/Documents/mila-human-wav-txt/20220826_070000.WAV	1159	Waveform 1	1
LF	1624.0397333333333	20250.0	20160.0	13.453865774179238	1624.0375	1624.0451	18593	26342	Plecotus austriacus	0.077	0.108	-1	Echolocation	192000	/home/adkris/Documents/mila-human-wav-txt/20220826_070000.WAV	1160	Waveform 1	1
LF	1625.7332	19500.0	19200.0	8.97612248069376	1625.7315	1625.7408	17734	24187	Plecotus austriacus	0.033	0.073	-1	Echolocation	192000	/home/adkris/Documents/mila-human-wav-txt/20220826_070000.WAV	1161	Waveform 1	1
LF	1627.2288	17250.0	17280.0	10.11465711670565	1627.2275	1627.2512	16015	21780	Nyctalus noctula	0.023	0.029	-1	Echolocation	192000	/home/adkris/Documents/mila-human-wav-txt/20220826_070000.WAV	1162	Waveform 1	1
LF	1627.4464	21000.0	21120.0	7.712727961128232	1627.4415	1627.4511	19453	24990	Plecotus austriacus	0.022	0.058	-1	Echolocation	192000	/home/adkris/Documents/mila-human-wav-txt/20220826_070000.WAV	1163	Waveform 1	1
LF	1628.1575	20250.0	20160.0	11.227843302466734	1628.1555	1628.168	19453	24621	Nyctalus noctula	0.036	0.075	-1	Echolocation	192000	/home/adkris/Documents/mila-human-wav-txt/20220826_070000.WAV	1164	Waveform 1	1
HF	1630.0285	42000.0	43200.0	13.018198309198246	1630.0235	1630.0295	30625	52121	Myotis brandtii	0.008	0.023	-1	Echolocation	192000	/home/adkris/Documents/mila-human-wav-txt/20220826_070000.WAV	1165	Waveform 1	1
HF	1630.1218666666666	47250.0	48000.0	9.00210197018087	1630.1195	1630.1258	47812	56891	Pipistrellus pipistrellus	0.013	0.026	-1	Echolocation	192000	/home/adkris/Documents/mila-human-wav-txt/20220826_070000.WAV	1166	Waveform 1	1
HF	1630.3072666666667	41250.0	43200.0	15.493044554294482	1630.3015	1630.3079	30625	56784	Myotis brandtii	0.009	0.024	-1	Echolocation	192000	/home/adkris/Documents/mila-human-wav-txt/20220826_070000.WAV	1167	Waveform 1	1
HF	1630.3085666666666	44250.0	46080.0	13.725918483503188	1630.3055	1630.3111	46093	57245	Myotis brandtii	0.007	0.028	-1	Echolocation	192000	/home/adkris/Documents/mila-human-wav-txt/20220826_070000.WAV	1168	Waveform 1	1
HF	1630.4095333333332	42750.0	42240.0	14.142706814060393	1630.4055	1630.4113	29765	50528	Myotis daubentonii	0.008	0.025	-1	Echolocation	192000	/home/adkris/Documents/mila-human-wav-txt/20220826_070000.WAV	1169	Waveform 1	1
HF	1630.5062	47250.0	42240.0	10.437086120066182	1630.5015	1630.5078	31484	54058	Myotis brandtii	0.009	0.023	-1	Echolocation	192000	/home/adkris/Documents/mila-human-wav-txt/20220826_070000.WAV	1170	Waveform 1	1
HF	1630.5059	48750.0	45120.0	8.269232887060518	1630.5045	1630.5106	46953	55462	Pipistrellus pipistrellus	0.014	0.027	-1	Echolocation	192000	/home/adkris/Documents/mila-human-wav-txt/20220826_070000.WAV	1171	Waveform 1	1
HF	1630.7077	45750.0	45120.0	11.877140340959157	1630.7035	1630.7103	30625	58695	Myotis bechsteinii	0.015	0.033	-1	Echolocation	192000	/home/adkris/Documents/mila-human-wav-txt/20220826_070000.WAV	1172	Waveform 1	1
HF	1630.8061333333333	45750.0	43200.0	9.620679228145752	1630.7995	1630.8062	30625	46982	Myotis bechsteinii	0.005	0.025	-1	Echolocation	192000	/home/adkris/Documents/mila-human-wav-txt/20220826_070000.WAV	1173	Waveform 1	1
HF	1630.8057	48000.0	48000.0	9.098933270774497	1630.8045	1630.8108	48671	55571	Pipistrellus pipistrellus	0.016	0.028	-1	Echolocation	192000	/home/adkris/Documents/mila-human-wav-txt/20220826_070000.WAV	1174	Waveform 1	1
HF	1631.0075333333334	49500.0	48000.0	7.0966105580492975	1631.0065	1631.0118	49531	57437	Pipistrellus pygmaeus	0.025	0.039	-1	Echolocation	192000	/home/adkris/Documents/mila-human-wav-txt/20220826_070000.WAV	1175	Waveform 1	1
HF	1631.1095666666668	51000.0	49920.0	9.0151506897765	1631.1045	1631.1116	51250	56394	Pipistrellus pygmaeus	0.02	0.031	-1	Echolocation	192000	/home/adkris/Documents/mila-human-wav-txt/20220826_070000.WAV	1176	Waveform 1	1
HF	1631.1111666666666	45750.0	45120.0	21.93384998145269	1631.1055	1631.112	28906	52883	Myotis daubentonii	0.008	0.023	-1	Echolocation	192000	/home/adkris/Documents/mila-human-wav-txt/20220826_070000.WAV	1177	Waveform 1	1
HF	1631.3146666666669	48000.0	48000.0	7.740823632208241	1631.3095	1631.3165	47812	55094	Pipistrellus pipistrellus	0.017	0.03	-1	Echolocation	192000	/home/adkris/Documents/mila-human-wav-txt/20220826_070000.WAV	1178	Waveform 1	1
LF	1631.3176666666666	41250.0	41280.0	9.6747957262493	1631.3105	1631.319	28046	39682	Eptesicus serotinus	0.006	0.022	-1	Echolocation	192000	/home/adkris/Documents/mila-human-wav-txt/20220826_070000.WAV	1179	Waveform 1	1
HF	1631.8004	48750.0	45120.0	10.390235901729575	1631.7955	1631.8016	31484	51730	Myotis brandtii	0.008	0.021	-1	Echolocation	192000	/home/adkris/Documents/mila-human-wav-txt/20220826_070000.WAV	1180	Waveform 1	1
HF	1631.9016	42750.0	43200.0	17.177241791187505	1631.8945	1631.9019	30625	49251	Myotis bechsteinii	0.009	0.027	-1	Echolocation	192000	/home/adkris/Documents/mila-human-wav-txt/20220826_070000.WAV	1181	Waveform 1	1
HF	1631.8998	48000.0	48960.0	11.168545452564477	1631.8985	1631.9047	49531	57289	Pipistrellus pipistrellus	0.016	0.031	-1	Echolocation	192000	/home/adkris/Documents/mila-human-wav-txt/20220826_070000.WAV	1182	Waveform 1	1
HF	1632.0553666666667	49500.0	48000.0	10.835084672045072	1632.0525	1632.0583	49531	58619	Pipistrellus pipistrellus	0.024	0.04	-1	Echolocation	192000	/home/adkris/Documents/mila-human-wav-txt/20220826_070000.WAV	1183	Waveform 1	1
HF	1632.3783	50250.0	48960.0	10.63624741764838	1632.3715	1632.3792	50390	55794	Pipistrellus pipistrellus	0.016	0.028	-1	Echolocation	192000	/home/adkris/Documents/mila-human-wav-txt/20220826_070000.WAV	1184	Waveform 1	1
LF	1632.6227666666666	19500.0	20160.0	11.385370118955205	1632.6215	1632.6289	13437	27155	Plecotus auritus	0.012	0.036	-1	Echolocation	192000	/home/adkris/Documents/mila-human-wav-txt/20220826_070000.WAV	1185	Waveform 1	1
HF	1633.0331	45750.0	45120.0	12.207448628376556	1633.0315	1633.0374	30625	64741	Myotis brandtii	0.016	0.033	-1	Echolocation	192000	/home/adkris/Documents/mila-human-wav-txt/20220826_070000.WAV	1186	Waveform 1	1
LF	1633.2747	43500.0	40320.0	10.220096201217515	1633.2695	1633.2753	26328	44551	Myotis nattereri	0.008	0.025	-1	Echolocation	192000	/home/adkris/Documents/mila-human-wav-txt/20220826_070000.WAV	1187	Waveform 1	1
LF	1634.2814	19500.0	20160.0	8.675130871343054	1634.2795	1634.2886	17734	23665	Plecotus austriacus	0.033	0.08	-1	Echolocation	192000	/home/adkris/Documents/mila-human-wav-txt/20220826_070000.WAV	1188	Waveform 1	1
LF	1634.9673666666667	18000.0	20160.0	9.020944445045048	1634.9625	1634.9768	17734	23036	Nyctalus noctula	0.048	0.08	-1	Echolocation	192000	/home/adkris/Documents/mila-human-wav-txt/20220826_070000.WAV	1189	Waveform 1	1
HF	1636.6576666666667	48750.0	48960.0	8.327906524494953	1636.6545	1636.66	34921	62570	Myotis mystacinus	0.008	0.025	-1	Echolocation	192000	/home/adkris/Documents/mila-human-wav-txt/20220826_070000.WAV	1190	Waveform 1	1
HF	1636.7468666666666	47250.0	48960.0	13.97368018342885	1636.7435	1636.7488	34062	73893	Myotis mystacinus	0.015	0.046	-1	Echolocation	192000	/home/adkris/Documents/mila-human-wav-txt/20220826_070000.WAV	1191	Waveform 1	1
LF	1643.447	21750.0	22080.0	12.748226188079627	1643.4405	1643.4555	19453	24107	Nyctalus noctula	0.029	0.054	-1	Echolocation	192000	/home/adkris/Documents/mila-human-wav-txt/20220826_070000.WAV	1192	Waveform 1	1
LF	1644.1825666666666	19500.0	20160.0	9.321432336398583	1644.1775	1644.1881	18593	23973	Nyctalus noctula	0.021	0.072	-1	Echolocation	192000	/home/adkris/Documents/mila-human-wav-txt/20220826_070000.WAV	1193	Waveform 1	1
LF	1645.6119333333334	18750.0	20160.0	14.20986363158444	1645.6095	1645.6169	17734	25892	Plecotus austriacus	0.061	0.094	-1	Echolocation	192000	/home/adkris/Documents/mila-human-wav-txt/20220826_070000.WAV	1194	Waveform 1	1
LF	1649.7179666666666	17250.0	20160.0	11.41803357817948	1649.7165	1649.7307	17734	21428	Nyctalus noctula	0.012	0.024	-1	Echolocation	192000	/home/adkris/Documents/mila-human-wav-txt/20220826_070000.WAV	1195	Waveform 1	1
LF	1650.0846	19500.0	19200.0	9.362044724433986	1650.0785	1650.0939	18593	23582	Nyctalus noctula	0.022	0.039	-1	Echolocation	192000	/home/adkris/Documents/mila-human-wav-txt/20220826_070000.WAV	1196	Waveform 1	1
LF	1652.9731	18750.0	20160.0	16.12664882796695	1652.9705	1652.9789	16875	26274	Plecotus austriacus	0.059	0.092	-1	Echolocation	192000	/home/adkris/Documents/mila-human-wav-txt/20220826_070000.WAV	1197	Waveform 1	1
LF	1662.5900333333334	19500.0	19200.0	9.565046698690471	1662.5845	1662.5993	17734	22824	Nyctalus noctula	0.021	0.036	-1	Echolocation	192000	/home/adkris/Documents/mila-human-wav-txt/20220826_070000.WAV	1198	Waveform 1	1
LF	1664.5653333333332	17250.0	20160.0	10.865062686393625	1664.5635	1664.575	16875	21997	Nyctalus noctula	0.018	0.04	-1	Echolocation	192000	/home/adkris/Documents/mila-human-wav-txt/20220826_070000.WAV	1199	Waveform 1	1
LF	1666.3358333333333	20250.0	20160.0	8.83937538917844	1666.3245	1666.344	17734	22471	Nyctalus noctula	0.017	0.024	-1	Echolocation	192000	/home/adkris/Documents/mila-human-wav-txt/20220826_070000.WAV	1200	Waveform 1	1
LF	1666.3361	20250.0	20160.0	9.971205894944594	1666.3325	1666.3434	19453	23578	Nyctalus leisleri	0.017	0.054	-1	Echolocation	192000	/home/adkris/Documents/mila-human-wav-txt/20220826_070000.WAV	1201	Waveform 1	1
LF	1667.5353333333333	20250.0	20160.0	14.200724727022374	1667.5335	1667.5415	18593	25926	Plecotus austriacus	0.065	0.096	-1	Echolocation	192000	/home/adkris/Documents/mila-human-wav-txt/20220826_070000.WAV	1202	Waveform 1	1
HF	1672.5512666666666	49500.0	48960.0	8.583907605104946	1672.5485	1672.5544	36640	64604	Myotis mystacinus	0.02	0.054	-1	Echolocation	192000	/home/adkris/Documents/mila-human-wav-txt/20220826_070000.WAV	1203	Waveform 1	1
LF	1672.5526666666667	19500.0	20160.0	13.905688696227084	1672.5515	1672.566	16875	23513	Nyctalus noctula	0.078	0.099	-1	Echolocation	192000	/home/adkris/Documents/mila-human-wav-txt/20220826_070000.WAV	1204	Waveform 1	1
LF	1672.5897666666667	21000.0	23040.0	9.51900821526304	1672.5875	1672.5939	18593	33168	Plecotus austriacus	0.06	0.083	-1	Echolocation	192000	/home/adkris/Documents/mila-human-wav-txt/20220826_070000.WAV	1205	Waveform 1	1
LF	1673.9905666666666	20250.0	20160.0	9.575495951016658	1673.9885	1673.9951	16875	33037	Plecotus austriacus	0.066	0.086	-1	Echolocation	192000	/home/adkris/Documents/mila-human-wav-txt/20220826_070000.WAV	1206	Waveform 1	1
LF	1674.7501333333332	18750.0	19200.0	11.45517716573104	1674.7485	1674.7637	16015	23791	Nyctalus noctula	0.04	0.049	-1	Echolocation	192000	/home/adkris/Documents/mila-human-wav-txt/20220826_070000.WAV	1207	Waveform 1	1
LF	1676.8853333333334	19500.0	20160.0	10.42784268672337	1676.8835	1676.8915	15156	23024	Plecotus auritus	0.02	0.044	-1	Echolocation	192000	/home/adkris/Documents/mila-human-wav-txt/20220826_070000.WAV	1208	Waveform 1	1
LF	1679.3437666666666	20250.0	21120.0	17.77291278254235	1679.3415	1679.3479	17734	28652	Plecotus austriacus	0.031	0.049	-1	Echolocation	192000	/home/adkris/Documents/mila-human-wav-txt/20220826_070000.WAV	1209	Waveform 1	1
LF	1680.6018	21750.0	22080.0	9.283061547452911	1680.5995	1680.6082	19453	25386	Plecotus austriacus	0.033	0.072	-1	Echolocation	192000	/home/adkris/Documents/mila-human-wav-txt/20220826_070000.WAV	1210	Waveform 1	1
LF	1681.2301	21000.0	20160.0	17.536822208739448	1681.2265	1681.2339	17734	26730	Plecotus austriacus	0.058	0.102	-1	Echolocation	192000	/home/adkris/Documents/mila-human-wav-txt/20220826_070000.WAV	1211	Waveform 1	1
LF	1682.245233333333	18750.0	19200.0	7.7195620422560225	1682.2435	1682.2551	16875	23251	Nyctalus noctula	0.018	0.035	-1	Echolocation	192000	/home/adkris/Documents/mila-human-wav-txt/20220826_070000.WAV	1212	Waveform 1	1
LF	1685.831766666667	20250.0	20160.0	7.580463837554037	1685.8295	1685.8394	18593	23854	Plecotus austriacus	0.01	0.027	-1	Echolocation	192000	/home/adkris/Documents/mila-human-wav-txt/20220826_070000.WAV	1213	Waveform 1	1
LF	1691.8379333333332	20250.0	20160.0	13.850169894749108	1691.8365	1691.8449	17734	25368	Plecotus austriacus	0.052	0.089	-1	Echolocation	192000	/home/adkris/Documents/mila-human-wav-txt/20220826_070000.WAV	1214	Waveform 1	1
LF	1692.8845333333334	21000.0	22080.0	8.727642468121878	1692.8805	1692.8898	19453	25852	Plecotus austriacus	0.034	0.081	-1	Echolocation	192000	/home/adkris/Documents/mila-human-wav-txt/20220826_070000.WAV	1215	Waveform 1	1
LF	1692.914266666667	21750.0	22080.0	10.612382582768058	1692.9125	1692.9194	17734	27105	Plecotus austriacus	0.055	0.087	-1	Echolocation	192000	/home/adkris/Documents/mila-human-wav-txt/20220826_070000.WAV	1216	Waveform 1	1
HF	1693.2124666666666	47250.0	47040.0	11.72875694140962	1693.2065	1693.2127	35781	62539	Myotis brandtii	0.009	0.025	-1	Echolocation	192000	/home/adkris/Documents/mila-human-wav-txt/20220826_070000.WAV	1217	Waveform 1	1
HF	1693.5018	48750.0	48960.0	9.264235754696802	1693.5005	1693.5067	31484	50514	Myotis daubentonii	0.011	0.023	-1	Echolocation	192000	/home/adkris/Documents/mila-human-wav-txt/20220826_070000.WAV	1218	Waveform 1	1
HF	1693.8386	42000.0	42240.0	8.20304980665094	1693.8365	1693.8419	28906	51195	Myotis daubentonii	0.009	0.022	-1	Echolocation	192000	/home/adkris/Documents/mila-human-wav-txt/20220826_070000.WAV	1219	Waveform 1	1
HF	1694.0203	45000.0	45120.0	13.779599644708576	1694.0155	1694.0217	30625	56388	Myotis brandtii	0.016	0.036	-1	Echolocation	192000	/home/adkris/Documents/mila-human-wav-txt/20220826_070000.WAV	1220	Waveform 1	1
HF	1694.0179666666668	52500.0	53760.00000000001	7.918917218127084	1694.0165	1694.0237	52109	58632	Pipistrellus pygmaeus	0.047	0.057	-1	Echolocation	192000	/home/adkris/Documents/mila-human-wav-txt/20220826_070000.WAV	1221	Waveform 1	1
HF	1694.2211	52500.0	52800.00000000001	9.20376797314011	1694.2185	1694.2269	52109	55595	Pipistrellus pygmaeus	0.057	0.066	-1	Echolocation	192000	/home/adkris/Documents/mila-human-wav-txt/20220826_070000.WAV	1222	Waveform 1	1
HF	1694.4375	54000.0	53760.00000000001	9.279816992783632	1694.4335	1694.4405	52109	56584	Pipistrellus pygmaeus	0.036	0.057	-1	Echolocation	192000	/home/adkris/Documents/mila-human-wav-txt/20220826_070000.WAV	1223	Waveform 1	1
HF	1694.635	54000.0	53760.00000000001	7.907911720379542	1694.6345	1694.6415	53828	58862	Pipistrellus pygmaeus	0.102	0.105	-1	Echolocation	192000	/home/adkris/Documents/mila-human-wav-txt/20220826_070000.WAV	1224	Waveform 1	1
HF	1694.8392	52500.0	52800.00000000001	10.355905376683465	1694.8385	1694.8453	52109	58460	Pipistrellus pygmaeus	0.03	0.043	-1	Echolocation	192000	/home/adkris/Documents/mila-human-wav-txt/20220826_070000.WAV	1225	Waveform 1	1
HF	1694.84	47250.0	43200.0	12.775814158813606	1694.8385	1694.8445	30625	57030	Myotis brandtii	0.015	0.028	-1	Echolocation	192000	/home/adkris/Documents/mila-human-wav-txt/20220826_070000.WAV	1226	Waveform 1	1
HF	1694.929933333333	52500.0	52800.00000000001	8.326823087272912	1694.9275	1694.9349	52968	58930	Pipistrellus pygmaeus	0.054	0.06	-1	Echolocation	192000	/home/adkris/Documents/mila-human-wav-txt/20220826_070000.WAV	1227	Waveform 1	1
HF	1695.0357	45000.0	45120.0	13.965962844822752	1695.0305	1695.0363	30625	57780	Myotis brandtii	0.012	0.028	-1	Echolocation	192000	/home/adkris/Documents/mila-human-wav-txt/20220826_070000.WAV	1228	Waveform 1	1
HF	1695.4859666666666	47250.0	48960.0	11.77436515843544	1695.4805	1695.4872	48671	57281	Pipistrellus pipistrellus	0.027	0.046	-1	Echolocation	192000	/home/adkris/Documents/mila-human-wav-txt/20220826_070000.WAV	1229	Waveform 1	1
HF	1695.7215666666666	48000.0	48960.0	12.684288957579785	1695.7165	1695.7236	49531	55023	Pipistrellus pipistrellus	0.025	0.038	-1	Echolocation	192000	/home/adkris/Documents/mila-human-wav-txt/20220826_070000.WAV	1230	Waveform 1	1
LF	1699.6994333333332	23250.0	23040.0	8.166876121128592	1699.6985	1699.7074	22890	30921	Plecotus austriacus	0.008	0.024	-1	Echolocation	192000	/home/adkris/Documents/mila-human-wav-txt/20220826_070000.WAV	1231	Waveform 1	1
LF	1699.7094	20250.0	20160.0	11.958719509263494	1699.7075	1699.7166	16875	23667	Plecotus austriacus	0.026	0.044	-1	Echolocation	192000	/home/adkris/Documents/mila-human-wav-txt/20220826_070000.WAV	1232	Waveform 1	1
LF	1700.1398	20250.0	20160.0	8.03404136571931	1700.1375	1700.1427	15156	33359	Plecotus auritus	0.083	0.108	-1	Echolocation	192000	/home/adkris/Documents/mila-human-wav-txt/20220826_070000.WAV	1233	Waveform 1	1
LF	1701.634366666667	22500.0	22080.0	9.68883714821594	1701.6315	1701.6373	16875	33066	Plecotus austriacus	0.032	0.059	-1	Echolocation	192000	/home/adkris/Documents/mila-human-wav-txt/20220826_070000.WAV	1234	Waveform 1	1
LF	1703.9623333333334	20250.0	20160.0	8.075499765917533	1703.9575	1703.9695	19453	23988	Nyctalus noctula	0.013	0.037	-1	Echolocation	192000	/home/adkris/Documents/mila-human-wav-txt/20220826_070000.WAV	1235	Waveform 1	1
HF	1704.633466666667	50250.0	47040.0	8.097788990009851	1704.6275	1704.6337	31484	53081	Myotis brandtii	0.011	0.025	-1	Echolocation	192000	/home/adkris/Documents/mila-human-wav-txt/20220826_070000.WAV	1236	Waveform 1	1
LF	1704.6403	41250.0	40320.0	7.487218401353772	1704.6385	1704.6442	29765	40971	Myotis daubentonii	0.007	0.023	-1	Echolocation	192000	/home/adkris/Documents/mila-human-wav-txt/20220826_070000.WAV	1237	Waveform 1	1
LF	1704.7293666666667	42000.0	40320.0	7.329231404350599	1704.7265	1704.7323	29765	41046	Myotis daubentonii	0.009	0.022	-1	Echolocation	192000	/home/adkris/Documents/mila-human-wav-txt/20220826_070000.WAV	1238	Waveform 1	1
HF	1704.8608333333334	39750.0	40320.0	11.73927337464206	1704.8565	1704.862	30625	63847	Myotis brandtii	0.017	0.04	-1	Echolocation	192000	/home/adkris/Documents/mila-human-wav-txt/20220826_070000.WAV	1239	Waveform 1	1
HF	1705.0696	48000.0	48000.0	18.40616025369692	1705.0685	1705.0749	46953	55939	Pipistrellus pipistrellus	0.04	0.059	-1	Echolocation	192000	/home/adkris/Documents/mila-human-wav-txt/20220826_070000.WAV	1240	Waveform 1	1
HF	1705.2866333333334	49500.0	48960.0	11.98373004136807	1705.2855	1705.2907	50390	55937	Pipistrellus pipistrellus	0.017	0.032	-1	Echolocation	192000	/home/adkris/Documents/mila-human-wav-txt/20220826_070000.WAV	1241	Waveform 1	1
LF	1705.4097666666669	41250.0	41280.0	9.36695141616487	1705.4065	1705.4119	27187	39722	Plecotus auritus	0.004	0.024	-1	Echolocation	192000	/home/adkris/Documents/mila-human-wav-txt/20220826_070000.WAV	1242	Waveform 1	1
LF	1705.4777333333334	24750.0	24960.0	7.141040847270683	1705.4725	1705.4841	24609	28261	Nyctalus leisleri	0.031	0.081	-1	Echolocation	192000	/home/adkris/Documents/mila-human-wav-txt/20220826_070000.WAV	1243	Waveform 1	1
HF	1705.598	44250.0	44160.0	13.85630163533066	1705.5925	1705.598	30625	52309	Myotis bechsteinii	0.01	0.029	-1	Echolocation	192000	/home/adkris/Documents/mila-human-wav-txt/20220826_070000.WAV	1244	Waveform 1	1
HF	1705.8199666666667	49500.0	48960.0	15.187264818052157	1705.8145	1705.8212	50390	56015	Pipistrellus pipistrellus	0.031	0.053	-1	Echolocation	192000	/home/adkris/Documents/mila-human-wav-txt/20220826_070000.WAV	1245	Waveform 1	1
HF	1706.0268666666666	48000.0	48960.0	19.3471777561524	1706.0205	1706.0298	48671	54721	Pipistrellus pipistrellus	0.018	0.05	-1	Echolocation	192000	/home/adkris/Documents/mila-human-wav-txt/20220826_070000.WAV	1246	Waveform 1	1
HF	1706.2268666666666	51750.0	51840.0	9.73820832127946	1706.2225	1706.2303	52968	58000	Pipistrellus pygmaeus	0.1	0.102	-1	Echolocation	192000	/home/adkris/Documents/mila-human-wav-txt/20220826_070000.WAV	1247	Waveform 1	1
HF	1706.3241	54000.0	52800.00000000001	8.93085747874498	1706.3215	1706.3299	53828	60743	Pipistrellus pygmaeus	0.093	0.098	-1	Echolocation	192000	/home/adkris/Documents/mila-human-wav-txt/20220826_070000.WAV	1248	Waveform 1	1
HF	1706.5404	42750.0	43200.0	19.31251201917048	1706.5355	1706.5416	30625	64118	Myotis bechsteinii	0.022	0.045	-1	Echolocation	192000	/home/adkris/Documents/mila-human-wav-txt/20220826_070000.WAV	1249	Waveform 1	1
HF	1706.8640333333333	53250.0	52800.00000000001	9.25704416948914	1706.8585	1706.8663	52968	58483	Pipistrellus pygmaeus	0.054	0.058	-1	Echolocation	192000	/home/adkris/Documents/mila-human-wav-txt/20220826_070000.WAV	1250	Waveform 1	1
HF	1707.0646	51000.0	52800.00000000001	10.652457367336972	1707.0605	1707.0674	52968	58822	Pipistrellus pygmaeus	0.047	0.055	-1	Echolocation	192000	/home/adkris/Documents/mila-human-wav-txt/20220826_070000.WAV	1251	Waveform 1	1
HF	1707.2850666666666	47250.0	47040.0	14.973723675747063	1707.2795	1707.2861	30625	52265	Myotis bechsteinii	0.009	0.027	-1	Echolocation	192000	/home/adkris/Documents/mila-human-wav-txt/20220826_070000.WAV	1252	Waveform 1	1
HF	1707.3631666666668	45000.0	44160.0	15.586032862230416	1707.3575	1707.364	32343	51434	Myotis brandtii	0.009	0.024	-1	Echolocation	192000	/home/adkris/Documents/mila-human-wav-txt/20220826_070000.WAV	1253	Waveform 1	1
HF	1707.3651	48750.0	48960.0	10.94308880621096	1707.3605	1707.3669	49531	59364	Pipistrellus pipistrellus	0.014	0.026	-1	Echolocation	192000	/home/adkris/Documents/mila-human-wav-txt/20220826_070000.WAV	1254	Waveform 1	1
HF	1707.4368	52500.0	48960.0	14.97651313331288	1707.4325	1707.4392	50390	57622	Pipistrellus pipistrellus	0.029	0.052	-1	Echolocation	192000	/home/adkris/Documents/mila-human-wav-txt/20220826_070000.WAV	1255	Waveform 1	1
HF	1707.4387333333334	43500.0	44160.0	21.11752261733304	1707.4345	1707.4401	31484	68150	Myotis bechsteinii	0.026	0.057	-1	Echolocation	192000	/home/adkris/Documents/mila-human-wav-txt/20220826_070000.WAV	1256	Waveform 1	1
HF	1707.517466666667	48750.0	48000.0	12.383337605064485	1707.5115	1707.5177	49531	53924	Pipistrellus pipistrellus	0.03	0.056	-1	Echolocation	192000	/home/adkris/Documents/mila-human-wav-txt/20220826_070000.WAV	1257	Waveform 1	1
LF	1707.5221	20250.0	20160.0	13.74507177363954	1707.5175	1707.5274	19453	23619	Nyctalus leisleri	0.026	0.097	-1	Echolocation	192000	/home/adkris/Documents/mila-human-wav-txt/20220826_070000.WAV	1258	Waveform 1	1
HF	1707.5968	52500.0	52800.00000000001	7.384421598223461	1707.5955	1707.6052	52109	58044	Pipistrellus pygmaeus	0.095	0.105	-1	Echolocation	192000	/home/adkris/Documents/mila-human-wav-txt/20220826_070000.WAV	1259	Waveform 1	1
HF	1708.2499	41250.0	45120.0	9.0908608837645	1708.2445	1708.2501	30625	52984	Myotis brandtii	0.012	0.027	-1	Echolocation	192000	/home/adkris/Documents/mila-human-wav-txt/20220826_070000.WAV	1260	Waveform 1	1
HF	1708.3416333333334	52500.0	52800.00000000001	8.67136039396577	1708.3395	1708.3472	52968	57906	Pipistrellus pygmaeus	0.033	0.036	-1	Echolocation	192000	/home/adkris/Documents/mila-human-wav-txt/20220826_070000.WAV	1261	Waveform 1	1
HF	1708.4319666666668	55500.0	55679.99999999999	10.572371187431193	1708.4285	1708.4372	54687	59764	Pipistrellus pygmaeus	0.042	0.044	-1	Echolocation	192000	/home/adkris/Documents/mila-human-wav-txt/20220826_070000.WAV	1262	Waveform 1	1
HF	1708.6303666666668	49500.0	49920.0	9.628726314524544	1708.6285	1708.6353	50390	54347	Pipistrellus pygmaeus	0.034	0.056	-1	Echolocation	192000	/home/adkris/Documents/mila-human-wav-txt/20220826_070000.WAV	1263	Waveform 1	1
HF	1708.9127	54000.0	52800.00000000001	7.48165845423756	1708.9115	1708.9178	52968	58039	Pipistrellus pygmaeus	0.039	0.052	-1	Echolocation	192000	/home/adkris/Documents/mila-human-wav-txt/20220826_070000.WAV	1264	Waveform 1	1
HF	1709.497033333333	48000.0	47040.0	11.478698918819235	1709.4945	1709.5018	48671	52903	Pipistrellus pipistrellus	0.019	0.032	-1	Echolocation	192000	/home/adkris/Documents/mila-human-wav-txt/20220826_070000.WAV	1265	Waveform 1	1
HF	1710.4936	43500.0	43200.0	7.668819329550231	1710.4845	1710.4969	41796	46787	Pipistrellus nathusii	0.054	0.069	-1	Echolocation	192000	/home/adkris/Documents/mila-human-wav-txt/20220826_070000.WAV	1266	Waveform 1	1
LF	1711.4006	17250.0	17280.0	11.3819135978611	1711.3965	1711.4069	16875	22464	Plecotus austriacus	0.012	0.034	-1	Echolocation	192000	/home/adkris/Documents/mila-human-wav-txt/20220826_070000.WAV	1267	Waveform 1	1
LF	1712.0407333333333	21750.0	22080.0	8.108036819290698	1712.0365	1712.0456	20312	26443	Plecotus austriacus	0.019	0.044	-1	Echolocation	192000	/home/adkris/Documents/mila-human-wav-txt/20220826_070000.WAV	1268	Waveform 1	1
LF	1713.3092	20250.0	20160.0	8.944770884811241	1713.3045	1713.3143	18593	25249	Plecotus austriacus	0.037	0.085	-1	Echolocation	192000	/home/adkris/Documents/mila-human-wav-txt/20220826_070000.WAV	1269	Waveform 1	1
LF	1716.8045	20250.0	20160.0	13.467071548499645	1716.8005	1716.811	18593	23954	Plecotus austriacus	0.026	0.066	-1	Echolocation	192000	/home/adkris/Documents/mila-human-wav-txt/20220826_070000.WAV	1270	Waveform 1	1
LF	1717.696233333333	16500.0	17280.0	8.990911242443122	1717.6935	1717.7006	14296	32291	Plecotus auritus	0.021	0.026	-1	Echolocation	192000	/home/adkris/Documents/mila-human-wav-txt/20220826_070000.WAV	1271	Waveform 1	1
LF	1720.052233333333	21750.0	22080.0	15.02201075001846	1720.0505	1720.0656	22031	25082	Nyctalus leisleri	0.024	0.043	-1	Echolocation	192000	/home/adkris/Documents/mila-human-wav-txt/20220826_070000.WAV	1272	Waveform 1	1
LF	1720.9704	18750.0	21120.0	8.117730366732571	1720.9695	1720.9761	15156	31676	Plecotus austriacus	0.024	0.049	-1	Echolocation	192000	/home/adkris/Documents/mila-human-wav-txt/20220826_070000.WAV	1273	Waveform 1	1
LF	1722.0234	21000.0	22080.0	9.131328563698307	1722.0215	1722.0306	21171	26732	Nyctalus leisleri	0.025	0.076	-1	Echolocation	192000	/home/adkris/Documents/mila-human-wav-txt/20220826_070000.WAV	1274	Waveform 1	1
LF	1723.6886333333334	19500.0	20160.0	12.25952617843111	1723.6875	1723.6962	14296	22587	Nyctalus noctula	0.025	0.05	-1	Echolocation	192000	/home/adkris/Documents/mila-human-wav-txt/20220826_070000.WAV	1275	Waveform 1	1
LF	1724.8222666666666	17250.0	17280.0	10.67135846855138	1724.8205	1724.8274	14296	26310	Plecotus auritus	0.023	0.034	-1	Echolocation	192000	/home/adkris/Documents/mila-human-wav-txt/20220826_070000.WAV	1276	Waveform 1	1
LF	1725.5136666666667	21000.0	20160.0	20.39782823268624	1725.5115	1725.518	16875	32093	Plecotus austriacus	0.059	0.089	-1	Echolocation	192000	/home/adkris/Documents/mila-human-wav-txt/20220826_070000.WAV	1277	Waveform 1	1
LF	1727.6536	22500.0	22080.0	11.491631725826156	1727.6485	1727.6579	19453	25847	Plecotus austriacus	0.033	0.085	-1	Echolocation	192000	/home/adkris/Documents/mila-human-wav-txt/20220826_070000.WAV	1278	Waveform 1	1
HF	1728.072766666667	14250.0	15360.0	11.44618995436771	1728.0705	1728.0769	11718	65145	Myotis bechsteinii	0.014	0.031	-1	Echolocation	192000	/home/adkris/Documents/mila-human-wav-txt/20220826_070000.WAV	1279	Waveform 1	1
LF	1732.302766666667	21750.0	22080.0	17.278888565013194	1732.3005	1732.3069	17734	32688	Plecotus austriacus	0.061	0.084	-1	Echolocation	192000	/home/adkris/Documents/mila-human-wav-txt/20220826_070000.WAV	1280	Waveform 1	1
HF	1732.5717333333334	41250.0	42240.0	15.511548751680008	1732.5685	1732.5751	29765	45997	Myotis daubentonii	0.012	0.024	-1	Echolocation	192000	/home/adkris/Documents/mila-human-wav-txt/20220826_070000.WAV	1281	Waveform 1	1
LF	1732.899133333333	20250.0	20160.0	7.831823627491598	1732.8965	1732.9037	16015	24849	Plecotus auritus	0.033	0.054	-1	Echolocation	192000	/home/adkris/Documents/mila-human-wav-txt/20220826_070000.WAV	1282	Waveform 1	1
LF	1734.6002	19500.0	20160.0	18.130362810717628	1734.5985	1734.6078	16875	27970	Plecotus austriacus	0.065	0.115	-1	Echolocation	192000	/home/adkris/Documents/mila-human-wav-txt/20220826_070000.WAV	1283	Waveform 1	1
LF	1734.6567333333332	20250.0	20160.0	8.726708036178103	1734.6545	1734.6656	19453	24122	Nyctalus leisleri	0.028	0.084	-1	Echolocation	192000	/home/adkris/Documents/mila-human-wav-txt/20220826_070000.WAV	1284	Waveform 1	1
HF	1735.9565	55500.0	55679.99999999999	7.027676969509064	1735.9555	1735.962	54687	61614	Pipistrellus pygmaeus	0.034	0.036	-1	Echolocation	192000	/home/adkris/Documents/mila-human-wav-txt/20220826_070000.WAV	1285	Waveform 1	1
HF	1736.0692	55500.0	54719.99999999999	8.168739192162093	1736.0685	1736.0753	54687	60801	Pipistrellus pygmaeus	0.04	0.045	-1	Echolocation	192000	/home/adkris/Documents/mila-human-wav-txt/20220826_070000.WAV	1286	Waveform 1	1
LF	1736.2510333333332	19500.0	20160.0	10.588742647971069	1736.2485	1736.2558	15156	25323	Plecotus auritus	0.058	0.077	-1	Echolocation	192000	/home/adkris/Documents/mila-human-wav-txt/20220826_070000.WAV	1287	Waveform 1	1
LF	1736.4451666666666	21750.0	22080.0	15.05681248140414	1736.4435	1736.4505	17734	30853	Plecotus austriacus	0.031	0.046	-1	Echolocation	192000	/home/adkris/Documents/mila-human-wav-txt/20220826_070000.WAV	1288	Waveform 1	1
HF	1739.9507666666666	53250.0	52800.00000000001	7.776870322448227	1739.9475	1739.9529	34062	72705	Myotis mystacinus	0.011	0.031	-1	Echolocation	192000	/home/adkris/Documents/mila-human-wav-txt/20220826_070000.WAV	1289	Waveform 1	1
HF	1740.3835666666666	52500.0	52800.00000000001	7.9795457941439905	1740.3805	1740.3861	34921	67439	Myotis mystacinus	0.009	0.021	-1	Echolocation	192000	/home/adkris/Documents/mila-human-wav-txt/20220826_070000.WAV	1290	Waveform 1	1
HF	1740.494333333333	54000.0	53760.00000000001	7.233414086203032	1740.4935	1740.499	34062	72895	Myotis mystacinus	0.012	0.03	-1	Echolocation	192000	/home/adkris/Documents/mila-human-wav-txt/20220826_070000.WAV	1291	Waveform 1	1
HF	1740.5946	54000.0	52800.00000000001	7.062712525732238	1740.5925	1740.5979	34921	69682	Myotis mystacinus	0.012	0.03	-1	Echolocation	192000	/home/adkris/Documents/mila-human-wav-txt/20220826_070000.WAV	1292	Waveform 1	1
HF	1740.6625666666666	56250.0	53760.00000000001	7.039618761096531	1740.6595	1740.6651	35781	70609	Myotis mystacinus	0.01	0.025	-1	Echolocation	192000	/home/adkris/Documents/mila-human-wav-txt/20220826_070000.WAV	1293	Waveform 1	1
LF	1741.0289333333333	21750.0	22080.0	9.926190357931038	1741.0265	1741.0374	20312	24449	Nyctalus leisleri	0.024	0.059	-1	Echolocation	192000	/home/adkris/Documents/mila-human-wav-txt/20220826_070000.WAV	1294	Waveform 1	1
HF	1741.8256	56250.0	54719.99999999999	8.37494271935835	1741.8245	1741.8309	54687	62507	Pipistrellus pygmaeus	0.053	0.057	-1	Echolocation	192000	/home/adkris/Documents/mila-human-wav-txt/20220826_070000.WAV	1295	Waveform 1	1
HF	1742.2748333333334	54750.0	54719.99999999999	8.838842040362223	1742.2725	1742.28	54687	64021	Pipistrellus pygmaeus	0.027	0.029	-1	Echolocation	192000	/home/adkris/Documents/mila-human-wav-txt/20220826_070000.WAV	1296	Waveform 1	1
LF	1744.8816333333334	21000.0	22080.0	8.74832748472414	1744.8815	1744.8912	22031	25758	Nyctalus leisleri	0.013	0.028	-1	Echolocation	192000	/home/adkris/Documents/mila-human-wav-txt/20220826_070000.WAV	1297	Waveform 1	1
HF	1745.6341666666667	57750.0	56640.0	8.127295664898412	1745.6325	1745.6395	57265	63275	Pipistrellus pygmaeus	0.035	0.036	-1	Echolocation	192000	/home/adkris/Documents/mila-human-wav-txt/20220826_070000.WAV	1298	Waveform 1	1
HF	1745.7417	48000.0	48960.0	12.81085855337151	1745.7395	1745.7448	34062	69369	Myotis bechsteinii	0.008	0.023	-1	Echolocation	192000	/home/adkris/Documents/mila-human-wav-txt/20220826_070000.WAV	1299	Waveform 1	1
HF	1745.9392	56250.0	55679.99999999999	12.145446162333034	1745.9375	1745.9433	54687	61634	Pipistrellus pygmaeus	0.062	0.069	-1	Echolocation	192000	/home/adkris/Documents/mila-human-wav-txt/20220826_070000.WAV	1300	Waveform 1	1
HF	1746.1717666666666	56250.0	55679.99999999999	10.045728454537372	1746.1685	1746.1774	55546	63142	Pipistrellus pygmaeus	0.025	0.027	-1	Echolocation	192000	/home/adkris/Documents/mila-human-wav-txt/20220826_070000.WAV	1301	Waveform 1	1
HF	1746.1803	48000.0	48000.0	9.91095243570162	1746.1785	1746.1842	29765	60820	Myotis nattereri	0.011	0.024	-1	Echolocation	192000	/home/adkris/Documents/mila-human-wav-txt/20220826_070000.WAV	1302	Waveform 1	1
HF	1746.3985666666667	49500.0	48960.0	13.491381113102149	1746.3955	1746.4011	34062	69308	Myotis bechsteinii	0.009	0.03	-1	Echolocation	192000	/home/adkris/Documents/mila-human-wav-txt/20220826_070000.WAV	1303	Waveform 1	1
HF	1746.9078333333334	48000.0	48000.0	12.496494823432274	1746.9035	1746.909	34062	63403	Myotis mystacinus	0.008	0.028	-1	Echolocation	192000	/home/adkris/Documents/mila-human-wav-txt/20220826_070000.WAV	1304	Waveform 1	1
LF	1747.7622	42000.0	41280.0	9.78236543171992	1747.7575	1747.7638	29765	44582	Myotis daubentonii	0.009	0.025	-1	Echolocation	192000	/home/adkris/Documents/mila-human-wav-txt/20220826_070000.WAV	1305	Waveform 1	1
HF	1747.847166666667	53250.0	48000.0	8.102735026142646	1747.8445	1747.8505	33203	64888	Myotis brandtii	0.01	0.031	-1	Echolocation	192000	/home/adkris/Documents/mila-human-wav-txt/20220826_070000.WAV	1306	Waveform 1	1
LF	1749.9193	18750.0	20160.0	7.184316589859319	1749.9085	1749.9227	17734	22456	Nyctalus noctula	0.022	0.038	-1	Echolocation	192000	/home/adkris/Documents/mila-human-wav-txt/20220826_070000.WAV	1307	Waveform 1	1
LF	1752.0819333333334	21750.0	21120.0	7.497472631692538	1752.0815	1752.0909	18593	24203	Plecotus austriacus	0.014	0.029	-1	Echolocation	192000	/home/adkris/Documents/mila-human-wav-txt/20220826_070000.WAV	1308	Waveform 1	1
HF	1755.272066666667	50250.0	49920.0	13.26199743185972	1755.2695	1755.2756	39218	58612	Myotis bechsteinii	0.006	0.027	-1	Echolocation	192000	/home/adkris/Documents/mila-human-wav-txt/20220826_070000.WAV	1309	Waveform 1	1
HF	1755.5147333333334	54000.0	53760.00000000001	14.7972691570123	1755.5135	1755.5186	34921	70268	Myotis bechsteinii	0.009	0.027	-1	Echolocation	192000	/home/adkris/Documents/mila-human-wav-txt/20220826_070000.WAV	1310	Waveform 1	1
HF	1755.5153333333333	52500.0	52800.00000000001	13.25919269342169	1755.5145	1755.52	28906	58955	Myotis daubentonii	0.011	0.023	-1	Echolocation	192000	/home/adkris/Documents/mila-human-wav-txt/20220826_070000.WAV	1311	Waveform 1	1
HF	1755.7353	52500.0	52800.00000000001	22.13379261504993	1755.7335	1755.7392	33203	72380	Myotis mystacinus	0.008	0.024	-1	Echolocation	192000	/home/adkris/Documents/mila-human-wav-txt/20220826_070000.WAV	1312	Waveform 1	1
LF	1755.8451666666667	48750.0	48960.0	8.895953974748215	1755.8425	1755.8485	16875	45189	Myotis nattereri	0.033	0.039	-1	Echolocation	192000	/home/adkris/Documents/mila-human-wav-txt/20220826_070000.WAV	1313	Waveform 1	1
HF	1756.0248333333334	60000.0	59520.0	15.39660773512196	1756.0215	1756.028	58984	67286	Pipistrellus pygmaeus	0.04	0.045	-1	Echolocation	192000	/home/adkris/Documents/mila-human-wav-txt/20220826_070000.WAV	1314	Waveform 1	1
HF	1756.0279	47250.0	48960.0	22.17469117114879	1756.0255	1756.0306	33203	90748	Myotis bechsteinii	0.019	0.041	-1	Echolocation	192000	/home/adkris/Documents/mila-human-wav-txt/20220826_070000.WAV	1315	Waveform 1	1
HF	1756.1291666666666	69750.0	70080.0	7.000712312635122	1756.1195	1756.1605	68437	82441	Rhinolophus ferrumequinum	0.036	0.036	-1	Echolocation	192000	/home/adkris/Documents/mila-human-wav-txt/20220826_070000.WAV	1316	Waveform 1	1
HF	1756.1294	65250.0	65280.00000000001	11.344636253321156	1756.1285	1756.1526	65000	73370	Rhinolophus ferrumequinum	0.035	0.04	-1	Echolocation	192000	/home/adkris/Documents/mila-human-wav-txt/20220826_070000.WAV	1317	Waveform 1	1
HF	1756.133833333333	48000.0	48000.0	20.874065494809024	1756.1325	1756.1375	34062	84413	Myotis nattereri	0.018	0.065	-1	Echolocation	192000	/home/adkris/Documents/mila-human-wav-txt/20220826_070000.WAV	1318	Waveform 1	1
HF	1756.2417	47250.0	48000.0	24.54096937438464	1756.2395	1756.2448	32343	78987	Myotis bechsteinii	0.009	0.028	-1	Echolocation	192000	/home/adkris/Documents/mila-human-wav-txt/20220826_070000.WAV	1319	Waveform 1	1
HF	1756.4429333333333	49500.0	48960.0	26.023338107001397	1756.4415	1756.4464	29765	72482	Myotis nattereri	0.025	0.037	-1	Echolocation	192000	/home/adkris/Documents/mila-human-wav-txt/20220826_070000.WAV	1320	Waveform 1	1
HF	1756.6779666666666	48750.0	54719.99999999999	19.81597418916317	1756.6745	1756.6797	34062	75290	Myotis bechsteinii	0.008	0.023	-1	Echolocation	192000	/home/adkris/Documents/mila-human-wav-txt/20220826_070000.WAV	1321	Waveform 1	1
HF	1757.0645	59250.0	60480.0	7.819007727468454	1757.0635	1757.07	58125	65620	Pipistrellus pygmaeus	0.053	0.055	-1	Echolocation	192000	/home/adkris/Documents/mila-human-wav-txt/20220826_070000.WAV	1322	Waveform 1	1
LF	1761.7358333333334	23250.0	23040.0	7.594419074016104	1761.7345	1761.7395	16875	34745	Plecotus austriacus	0.078	0.113	-1	Echolocation	192000	/home/adkris/Documents/mila-human-wav-txt/20220826_070000.WAV	1323	Waveform 1	1
LF	1764.5549	20250.0	21120.0	15.486759998450106	1764.5535	1764.5596	16875	30484	Plecotus austriacus	0.072	0.102	-1	Echolocation	192000	/home/adkris/Documents/mila-human-wav-txt/20220826_070000.WAV	1324	Waveform 1	1
HF	1765.0121333333334	48000.0	48000.0	13.885598491118692	1765.0075	1765.0127	33203	74443	Myotis bechsteinii	0.011	0.032	-1	Echolocation	192000	/home/adkris/Documents/mila-human-wav-txt/20220826_070000.WAV	1325	Waveform 1	1
HF	1765.662733333333	48000.0	48000.0	16.946734887246848	1765.6585	1765.6641	32343	76352	Myotis brandtii	0.009	0.029	-1	Echolocation	192000	/home/adkris/Documents/mila-human-wav-txt/20220826_070000.WAV	1326	Waveform 1	1
LF	1766.3575666666666	19500.0	20160.0	8.727507325438793	1766.3565	1766.3711	16875	22321	Nyctalus noctula	0.051	0.069	-1	Echolocation	192000	/home/adkris/Documents/mila-human-wav-txt/20220826_070000.WAV	1327	Waveform 1	1
HF	1766.5936	49500.0	48960.0	13.513252529960456	1766.5885	1766.5944	34921	66522	Myotis mystacinus	0.007	0.022	-1	Echolocation	192000	/home/adkris/Documents/mila-human-wav-txt/20220826_070000.WAV	1328	Waveform 1	1
HF	1767.0134333333333	48750.0	48960.0	11.80730857777144	1767.0095	1767.0154	34062	66767	Myotis mystacinus	0.008	0.026	-1	Echolocation	192000	/home/adkris/Documents/mila-human-wav-txt/20220826_070000.WAV	1329	Waveform 1	1
LF	1767.2246333333333	21000.0	21120.0	14.191739473859675	1767.2205	1767.2297	18593	29700	Plecotus austriacus	0.022	0.042	-1	Echolocation	192000	/home/adkris/Documents/mila-human-wav-txt/20220826_070000.WAV	1330	Waveform 1	1
LF	1770.1773	17250.0	20160.0	9.581407526682938	1770.1755	1770.1882	16875	22952	Nyctalus noctula	0.022	0.036	-1	Echolocation	192000	/home/adkris/Documents/mila-human-wav-txt/20220826_070000.WAV	1331	Waveform 1	1
HF	1770.5046666666667	48000.0	48000.0	7.82187532907777	1770.5015	1770.507	34062	69559	Myotis mystacinus	0.01	0.026	-1	Echolocation	192000	/home/adkris/Documents/mila-human-wav-txt/20220826_070000.WAV	1332	Waveform 1	1
LF	1770.6973	19500.0	19200.0	11.26243287438902	1770.6955	1770.7047	17734	23735	Plecotus austriacus	0.043	0.084	-1	Echolocation	192000	/home/adkris/Documents/mila-human-wav-txt/20220826_070000.WAV	1333	Waveform 1	1
HF	1771.0680333333332	48000.0	48960.0	13.411927032334663	1771.0675	1771.0733	28906	56256	Myotis nattereri	0.013	0.026	-1	Echolocation	192000	/home/adkris/Documents/mila-human-wav-txt/20220826_070000.WAV	1334	Waveform 1	1
LF	1771.1641333333334	20250.0	19200.0	11.854356364826607	1771.1625	1771.1742	17734	23427	Nyctalus noctula	0.026	0.06	-1	Echolocation	192000	/home/adkris/Documents/mila-human-wav-txt/20220826_070000.WAV	1335	Waveform 1	1
LF	1771.7797333333333	19500.0	20160.0	8.305634661782637	1771.7755	1771.7846	18593	24740	Plecotus austriacus	0.026	0.056	-1	Echolocation	192000	/home/adkris/Documents/mila-human-wav-txt/20220826_070000.WAV	1336	Waveform 1	1
LF	1773.6251	21000.0	20160.0	7.118429233229566	1773.6205	1773.6304	19453	25314	Plecotus austriacus	0.022	0.057	-1	Echolocation	192000	/home/adkris/Documents/mila-human-wav-txt/20220826_070000.WAV	1337	Waveform 1	1
LF	1775.756033333333	21750.0	22080.0	9.508559577332448	1775.7525	1775.7623	19453	24928	Nyctalus leisleri	0.017	0.063	-1	Echolocation	192000	/home/adkris/Documents/mila-human-wav-txt/20220826_070000.WAV	1338	Waveform 1	1
LF	1775.7677	21000.0	22080.0	9.423759743215326	1775.7665	1775.7728	17734	29322	Plecotus austriacus	0.059	0.088	-1	Echolocation	192000	/home/adkris/Documents/mila-human-wav-txt/20220826_070000.WAV	1339	Waveform 1	1
LF	1776.0424	20250.0	20160.0	10.900018305970994	1776.0415	1776.0481	13437	30015	Plecotus auritus	0.018	0.022	-1	Echolocation	192000	/home/adkris/Documents/mila-human-wav-txt/20220826_070000.WAV	1340	Waveform 1	1
LF	1776.0808333333334	19500.0	20160.0	10.529641484541902	1776.0795	1776.088	18593	24793	Plecotus austriacus	0.022	0.052	-1	Echolocation	192000	/home/adkris/Documents/mila-human-wav-txt/20220826_070000.WAV	1341	Waveform 1	1
LF	1776.4760666666666	20250.0	20160.0	8.522707181536534	1776.4735	1776.4831	18593	23948	Nyctalus leisleri	0.023	0.081	-1	Echolocation	192000	/home/adkris/Documents/mila-human-wav-txt/20220826_070000.WAV	1342	Waveform 1	1
HF	1776.6664666666666	42000.0	42240.0	7.897088246085016	1776.6605	1776.6667	28906	49314	Myotis daubentonii	0.012	0.024	-1	Echolocation	192000	/home/adkris/Documents/mila-human-wav-txt/20220826_070000.WAV	1343	Waveform 1	1
LF	1778.1002666666666	17250.0	20160.0	7.4220930849491324	1778.0985	1778.1054	13437	24905	Plecotus auritus	0.024	0.029	-1	Echolocation	192000	/home/adkris/Documents/mila-human-wav-txt/20220826_070000.WAV	1344	Waveform 1	1
LF	1778.5658	21000.0	21120.0	12.40842978189776	1778.5605	1778.5732	18593	23989	Nyctalus noctula	0.031	0.066	-1	Echolocation	192000	/home/adkris/Documents/mila-human-wav-txt/20220826_070000.WAV	1345	Waveform 1	1
LF	1779.3491	20250.0	20160.0	12.486742473638714	1779.3475	1779.3569	16015	22310	Plecotus austriacus	0.017	0.036	-1	Echolocation	192000	/home/adkris/Documents/mila-human-wav-txt/20220826_070000.WAV	1346	Waveform 1	1
LF	1780.803766666667	24000.0	24000.0	8.044574081435567	1780.7975	1780.8069	23750	31249	Eptesicus serotinus	0.021	0.056	-1	Echolocation	192000	/home/adkris/Documents/mila-human-wav-txt/20220826_070000.WAV	1347	Waveform 1	1
LF	1780.8035666666667	24000.0	21120.0	7.411320309136417	1780.8015	1780.8081	19453	32257	Plecotus austriacus	0.044	0.064	-1	Echolocation	192000	/home/adkris/Documents/mila-human-wav-txt/20220826_070000.WAV	1348	Waveform 1	1
LF	1785.0948666666666	22500.0	24000.0	8.22353293537304	1785.0895	1785.0998	22031	27836	Nyctalus leisleri	0.013	0.045	-1	Echolocation	192000	/home/adkris/Documents/mila-human-wav-txt/20220826_070000.WAV	1349	Waveform 1	1
LF	1793.1483333333333	20250.0	20160.0	9.523287149446398	1793.1445	1793.1575	18593	23934	Nyctalus noctula	0.046	0.083	-1	Echolocation	192000	/home/adkris/Documents/mila-human-wav-txt/20220826_070000.WAV	1350	Waveform 1	1
LF	1794.9205	12750.0	12480.0	11.896093058635074	1794.9185	1794.9275	12578	19181	Nyctalus leisleri	0.018	0.024	-1	Echolocation	192000	/home/adkris/Documents/mila-human-wav-txt/20220826_070000.WAV	1351	Waveform 1	1
