Manually-Verified Phonic Group	peak_frequency_time_SPECTROGRAM	peak_frequency_SPECTROGRAM	peak_frequency_WELCH	SNR	Begin Time (s)	End Time (s)	Low Freq (Hz)	High Freq (Hz)	class	class_prob	det_prob	individual	Annotation	sampling_rate	input_file	Selection	View	Channel
HF	0.0739	21000.0	20160.0	5.142153383116202	0.0725	0.0786	11718	63812	Myotis bechsteinii	0.009	0.025	-1	Echolocation	192000	/home/adkris/Documents/mila-human-wav-txt/20220826_070000.WAV	1	Waveform 1	1
LF	0.4026333333333333	21000.0	21120.0	7.615996044198811	0.3995	0.4062	17734	28032	Plecotus austriacus	0.065	0.091	-1	Echolocation	192000	/home/adkris/Documents/mila-human-wav-txt/20220826_070000.WAV	2	Waveform 1	1
LF	0.9022	18750.0	19200.0	12.459551666423966	0.9005	0.9133	17734	24233	Nyctalus noctula	0.028	0.044	-1	Echolocation	192000	/home/adkris/Documents/mila-human-wav-txt/20220826_070000.WAV	3	Waveform 1	1
LF	1.1257	20250.0	19200.0	8.172554795834095	1.1235	1.1358	18593	24007	Nyctalus noctula	0.01	0.025	-1	Echolocation	192000	/home/adkris/Documents/mila-human-wav-txt/20220826_070000.WAV	4	Waveform 1	1
LF	2.432366666666667	17250.0	17280.0	5.433548833719417	2.4305	2.4373	13437	25179	Plecotus auritus	0.035	0.043	-1	Echolocation	192000	/home/adkris/Documents/mila-human-wav-txt/20220826_070000.WAV	5	Waveform 1	1
HF	4.3106	48000.0	47040.0	6.475758928566968	4.3085	4.3139	32343	74501	Myotis mystacinus	0.015	0.028	-1	Echolocation	192000	/home/adkris/Documents/mila-human-wav-txt/20220826_070000.WAV	6	Waveform 1	1
HF	4.444933333333332	52500.0	51840.0	8.891129956720473	4.4415	4.4479	52109	59097	Pipistrellus pipistrellus	0.02	0.037	-1	Echolocation	192000	/home/adkris/Documents/mila-human-wav-txt/20220826_070000.WAV	7	Waveform 1	1
HF	4.444733333333334	52500.0	47040.0	9.223380451931677	4.4435	4.4486	32343	72289	Myotis mystacinus	0.013	0.028	-1	Echolocation	192000	/home/adkris/Documents/mila-human-wav-txt/20220826_070000.WAV	8	Waveform 1	1
HF	4.577233333333333	48750.0	48960.0	9.581957501611992	4.5755	4.5801	32343	71338	Myotis mystacinus	0.017	0.051	-1	Echolocation	192000	/home/adkris/Documents/mila-human-wav-txt/20220826_070000.WAV	9	Waveform 1	1
HF	4.709966666666667	53250.0	51840.0	10.440122062786369	4.7095	4.7142	28906	57738	Myotis nattereri	0.059	0.081	-1	Echolocation	192000	/home/adkris/Documents/mila-human-wav-txt/20220826_070000.WAV	10	Waveform 1	1
HF	4.854699999999999	49500.0	53760.00000000001	12.220725975415336	4.8525	4.8578	32343	72545	Myotis mystacinus	0.013	0.041	-1	Echolocation	192000	/home/adkris/Documents/mila-human-wav-txt/20220826_070000.WAV	11	Waveform 1	1
HF	5.0048	52500.0	51840.0	11.564706821427407	5.0035	5.0097	52109	58867	Pipistrellus pygmaeus	0.02	0.035	-1	Echolocation	192000	/home/adkris/Documents/mila-human-wav-txt/20220826_070000.WAV	12	Waveform 1	1
HF	5.154633333333333	50250.0	48000.0	8.709493726322197	5.1505	5.1562	33203	74284	Myotis mystacinus	0.011	0.023	-1	Echolocation	192000	/home/adkris/Documents/mila-human-wav-txt/20220826_070000.WAV	13	Waveform 1	1
HF	5.2762	46500.0	53760.00000000001	5.838023110168437	5.2735	5.2783	33203	76675	Myotis mystacinus	0.013	0.033	-1	Echolocation	192000	/home/adkris/Documents/mila-human-wav-txt/20220826_070000.WAV	14	Waveform 1	1
HF	5.649166666666668	49500.0	48960.0	5.860061730942126	5.6485	5.653	31484	62179	Myotis nattereri	0.02	0.033	-1	Echolocation	192000	/home/adkris/Documents/mila-human-wav-txt/20220826_070000.WAV	15	Waveform 1	1
HF	6.654933333333333	47250.0	48000.0	5.185652742655767	6.6505	6.6559	46953	54271	Pipistrellus pipistrellus	0.087	0.098	-1	Echolocation	192000	/home/adkris/Documents/mila-human-wav-txt/20220826_070000.WAV	16	Waveform 1	1
LF	8.1312	24000.0	22080.0	6.95930493040763	8.1265	8.1398	22890	26924	Nyctalus leisleri	0.013	0.028	-1	Echolocation	192000	/home/adkris/Documents/mila-human-wav-txt/20220826_070000.WAV	17	Waveform 1	1
LF	8.5521	21000.0	21120.0	13.048624651977416	8.5495	8.5579	19453	26239	Plecotus austriacus	0.042	0.106	-1	Echolocation	192000	/home/adkris/Documents/mila-human-wav-txt/20220826_070000.WAV	18	Waveform 1	1
LF	8.683499999999999	18750.0	19200.0	6.874485189152399	8.6785	8.6915	18593	23655	Nyctalus noctula	0.017	0.04	-1	Echolocation	192000	/home/adkris/Documents/mila-human-wav-txt/20220826_070000.WAV	19	Waveform 1	1
LF	11.396833333333332	21000.0	21120.0	8.95205964840413	11.3925	11.4015	18593	25483	Plecotus austriacus	0.045	0.089	-1	Echolocation	192000	/home/adkris/Documents/mila-human-wav-txt/20220826_070000.WAV	20	Waveform 1	1
LF	14.517599999999998	14250.0	14400.0	6.73255528598156	14.5155	14.5244	13437	17166	Nyctalus leisleri	0.015	0.045	-1	Echolocation	192000	/home/adkris/Documents/mila-human-wav-txt/20220826_070000.WAV	21	Waveform 1	1
LF	14.748266666666666	21000.0	21120.0	7.186015867640686	14.7465	14.7534	14296	25570	Plecotus auritus	0.027	0.043	-1	Echolocation	192000	/home/adkris/Documents/mila-human-wav-txt/20220826_070000.WAV	22	Waveform 1	1
LF	14.786566666666667	17250.0	18240.0	5.61576928938762	14.7855	14.7931	14296	25800	Plecotus auritus	0.02	0.031	-1	Echolocation	192000	/home/adkris/Documents/mila-human-wav-txt/20220826_070000.WAV	23	Waveform 1	1
LF	15.241733333333332	21750.0	22080.0	5.314789144781901	15.2385	15.2451	18593	31237	Plecotus austriacus	0.054	0.1	-1	Echolocation	192000	/home/adkris/Documents/mila-human-wav-txt/20220826_070000.WAV	24	Waveform 1	1
LF	15.407733333333333	21000.0	21120.0	6.347876926035379	15.4055	15.4131	19453	27533	Plecotus austriacus	0.09	0.185	-1	Echolocation	192000	/home/adkris/Documents/mila-human-wav-txt/20220826_070000.WAV	25	Waveform 1	1
LF	16.11656666666667	17250.0	17280.0	6.563352624912669	16.1155	16.1301	16015	20975	Nyctalus noctula	0.021	0.03	-1	Echolocation	192000	/home/adkris/Documents/mila-human-wav-txt/20220826_070000.WAV	26	Waveform 1	1
LF	18.52163333333333	15000.0	15360.0	15.403352127397495	18.5195	18.5272	13437	24271	Plecotus auritus	0.008	0.03	-1	Echolocation	192000	/home/adkris/Documents/mila-human-wav-txt/20220826_070000.WAV	27	Waveform 1	1
LF	22.9325	19500.0	19200.0	5.688726654568008	22.9295	22.9375	16015	31704	Plecotus austriacus	0.011	0.023	-1	Echolocation	192000	/home/adkris/Documents/mila-human-wav-txt/20220826_070000.WAV	28	Waveform 1	1
LF	24.02843333333333	20250.0	20160.0	9.327306708156485	24.0255	24.0359	19453	23538	Plecotus austriacus	0.011	0.032	-1	Echolocation	192000	/home/adkris/Documents/mila-human-wav-txt/20220826_070000.WAV	29	Waveform 1	1
LF	24.375999999999998	21750.0	21120.0	5.414224313959429	24.3725	24.3835	19453	23401	Nyctalus leisleri	0.014	0.04	-1	Echolocation	192000	/home/adkris/Documents/mila-human-wav-txt/20220826_070000.WAV	30	Waveform 1	1
LF	25.6189	15750.0	16320.000000000002	7.526024721766198	25.6175	25.6236	13437	27024	Plecotus auritus	0.022	0.027	-1	Echolocation	192000	/home/adkris/Documents/mila-human-wav-txt/20220826_070000.WAV	31	Waveform 1	1
LF	25.82586666666667	20250.0	20160.0	6.389752204762608	25.8225	25.8313	17734	24044	Plecotus austriacus	0.025	0.042	-1	Echolocation	192000	/home/adkris/Documents/mila-human-wav-txt/20220826_070000.WAV	32	Waveform 1	1
LF	28.2828	21000.0	21120.0	6.620018241188792	28.2765	28.2917	17734	22320	Nyctalus noctula	0.023	0.037	-1	Echolocation	192000	/home/adkris/Documents/mila-human-wav-txt/20220826_070000.WAV	33	Waveform 1	1
LF	29.909166666666664	14250.0	14400.0	5.809486091187907	29.9075	29.918	13437	17591	Nyctalus leisleri	0.023	0.051	-1	Echolocation	192000	/home/adkris/Documents/mila-human-wav-txt/20220826_070000.WAV	34	Waveform 1	1
HF	31.780766666666665	56250.0	52800.00000000001	5.642220733497067	31.7765	31.7844	52109	59220	Pipistrellus pygmaeus	0.029	0.06	-1	Echolocation	192000	/home/adkris/Documents/mila-human-wav-txt/20220826_070000.WAV	35	Waveform 1	1
HF	31.89143333333333	52500.0	52800.00000000001	5.3539897612163045	31.8875	31.8934	51250	59464	Pipistrellus pipistrellus	0.108	0.188	-1	Echolocation	192000	/home/adkris/Documents/mila-human-wav-txt/20220826_070000.WAV	36	Waveform 1	1
LF	35.748	21000.0	22080.0	5.261088637354972	35.7465	35.7525	15156	31914	Plecotus auritus	0.013	0.028	-1	Echolocation	192000	/home/adkris/Documents/mila-human-wav-txt/20220826_070000.WAV	37	Waveform 1	1
LF	37.03973333333333	24000.0	24000.0	5.139569364423994	37.0345	37.0496	23750	26880	Nyctalus leisleri	0.116	0.152	-1	Echolocation	192000	/home/adkris/Documents/mila-human-wav-txt/20220826_070000.WAV	38	Waveform 1	1
LF	37.6759	20250.0	22080.0	8.599293956823441	37.6735	37.6821	19453	25898	Plecotus austriacus	0.061	0.144	-1	Echolocation	192000	/home/adkris/Documents/mila-human-wav-txt/20220826_070000.WAV	39	Waveform 1	1
HF	38.64423333333333	50250.0	49920.0	5.403573654257109	38.6315	38.6461	47812	56039	Pipistrellus pipistrellus	0.013	0.025	-1	Echolocation	192000	/home/adkris/Documents/mila-human-wav-txt/20220826_070000.WAV	40	Waveform 1	1
LF	38.6436	25500.0	24960.0	5.478371675698723	38.6415	38.6539	23750	27174	Nyctalus leisleri	0.028	0.043	-1	Echolocation	192000	/home/adkris/Documents/mila-human-wav-txt/20220826_070000.WAV	41	Waveform 1	1
LF	38.674733333333336	24000.0	24000.0	8.884321605255174	38.6655	38.6766	22890	26831	Nyctalus leisleri	0.015	0.025	-1	Echolocation	192000	/home/adkris/Documents/mila-human-wav-txt/20220826_070000.WAV	42	Waveform 1	1
LF	39.01896666666667	20250.0	20160.0	17.303005557349092	39.0175	39.0247	17734	25769	Plecotus austriacus	0.08	0.129	-1	Echolocation	192000	/home/adkris/Documents/mila-human-wav-txt/20220826_070000.WAV	43	Waveform 1	1
HF	39.3815	50250.0	50880.0	5.288288364285383	39.3715	39.3865	49531	54643	Pipistrellus pipistrellus	0.066	0.127	-1	Echolocation	192000	/home/adkris/Documents/mila-human-wav-txt/20220826_070000.WAV	44	Waveform 1	1
HF	40.9545	49500.0	48960.0	8.167662722842033	40.9525	40.958	35781	63520	Myotis mystacinus	0.009	0.031	-1	Echolocation	192000	/home/adkris/Documents/mila-human-wav-txt/20220826_070000.WAV	45	Waveform 1	1
HF	41.0597	49500.0	49920.0	11.85665478696546	41.0575	41.0628	33203	69333	Myotis mystacinus	0.013	0.037	-1	Echolocation	192000	/home/adkris/Documents/mila-human-wav-txt/20220826_070000.WAV	46	Waveform 1	1
HF	41.4457	52500.0	48960.0	6.209463998474445	41.4435	41.4488	34921	65426	Myotis mystacinus	0.012	0.039	-1	Echolocation	192000	/home/adkris/Documents/mila-human-wav-txt/20220826_070000.WAV	47	Waveform 1	1
LF	41.65566666666666	17250.0	17280.0	7.567294399606559	41.6535	41.66	13437	25370	Plecotus auritus	0.042	0.058	-1	Echolocation	192000	/home/adkris/Documents/mila-human-wav-txt/20220826_070000.WAV	48	Waveform 1	1
LF	41.8579	22500.0	25920.0	6.666368476214018	41.8575	41.8681	22031	26821	Nyctalus leisleri	0.011	0.024	-1	Echolocation	192000	/home/adkris/Documents/mila-human-wav-txt/20220826_070000.WAV	49	Waveform 1	1
LF	43.395633333333336	24000.0	24000.0	8.9063672446824	43.3845	43.4042	23750	27196	Nyctalus leisleri	0.099	0.154	-1	Echolocation	192000	/home/adkris/Documents/mila-human-wav-txt/20220826_070000.WAV	50	Waveform 1	1
LF	43.916066666666666	23250.0	24000.0	5.165961058022908	43.9155	43.9271	21171	25967	Nyctalus leisleri	0.015	0.027	-1	Echolocation	192000	/home/adkris/Documents/mila-human-wav-txt/20220826_070000.WAV	51	Waveform 1	1
LF	44.02586666666667	18000.0	18240.0	6.519895177732065	44.0225	44.0383	16875	21255	Nyctalus noctula	0.013	0.023	-1	Echolocation	192000	/home/adkris/Documents/mila-human-wav-txt/20220826_070000.WAV	52	Waveform 1	1
LF	45.275400000000005	19500.0	20160.0	13.140798847004731	45.2725	45.2806	16875	25105	Plecotus austriacus	0.029	0.059	-1	Echolocation	192000	/home/adkris/Documents/mila-human-wav-txt/20220826_070000.WAV	53	Waveform 1	1
LF	46.655766666666665	25500.0	25920.0	12.896733403177905	46.6465	46.6634	24609	27896	Nyctalus leisleri	0.042	0.065	-1	Echolocation	192000	/home/adkris/Documents/mila-human-wav-txt/20220826_070000.WAV	54	Waveform 1	1
LF	46.6641	24750.0	24960.0	8.76954395302231	46.6635	46.6739	22031	26362	Nyctalus leisleri	0.012	0.022	-1	Echolocation	192000	/home/adkris/Documents/mila-human-wav-txt/20220826_070000.WAV	55	Waveform 1	1
LF	47.51943333333334	24000.0	24960.0	5.257382842149437	47.5085	47.5214	22031	25607	Nyctalus leisleri	0.021	0.033	-1	Echolocation	192000	/home/adkris/Documents/mila-human-wav-txt/20220826_070000.WAV	56	Waveform 1	1
LF	47.57803333333334	21000.0	21120.0	5.395615166976988	47.5745	47.5878	19453	23828	Nyctalus leisleri	0.026	0.072	-1	Echolocation	192000	/home/adkris/Documents/mila-human-wav-txt/20220826_070000.WAV	57	Waveform 1	1
LF	48.6283	24000.0	24000.0	6.115052535127322	48.6235	48.636700000000005	22890	26342	Nyctalus leisleri	0.041	0.061	-1	Echolocation	192000	/home/adkris/Documents/mila-human-wav-txt/20220826_070000.WAV	58	Waveform 1	1
LF	50.320166666666665	25500.0	24960.0	8.676091377712421	50.3155	50.3335	23750	26662	Nyctalus leisleri	0.118	0.142	-1	Echolocation	192000	/home/adkris/Documents/mila-human-wav-txt/20220826_070000.WAV	59	Waveform 1	1
LF	50.625	20250.0	20160.0	11.459474634414926	50.6235	50.633	18593	23961	Plecotus austriacus	0.03	0.074	-1	Echolocation	192000	/home/adkris/Documents/mila-human-wav-txt/20220826_070000.WAV	60	Waveform 1	1
LF	50.72943333333333	17250.0	17280.0	5.8687864539327705	50.7245	50.7399	16875	21212	Nyctalus noctula	0.032	0.049	-1	Echolocation	192000	/home/adkris/Documents/mila-human-wav-txt/20220826_070000.WAV	61	Waveform 1	1
LF	52.78263333333334	20250.0	21120.0	6.24988646290352	52.7815	52.7902	20312	26163	Plecotus austriacus	0.017	0.039	-1	Echolocation	192000	/home/adkris/Documents/mila-human-wav-txt/20220826_070000.WAV	62	Waveform 1	1
LF	52.84803333333333	22500.0	24000.0	6.026000953320956	52.8315	52.8528	22890	25138	Nyctalus leisleri	0.051	0.07	-1	Echolocation	192000	/home/adkris/Documents/mila-human-wav-txt/20220826_070000.WAV	63	Waveform 1	1
LF	56.512033333333335	20250.0	20160.0	5.623024387177015	56.5095	56.5203	19453	23549	Nyctalus leisleri	0.01	0.029	-1	Echolocation	192000	/home/adkris/Documents/mila-human-wav-txt/20220826_070000.WAV	64	Waveform 1	1
LF	57.263333333333335	21750.0	22080.0	7.572418435006555	57.2585	57.267	20312	27518	Plecotus austriacus	0.03	0.079	-1	Echolocation	192000	/home/adkris/Documents/mila-human-wav-txt/20220826_070000.WAV	65	Waveform 1	1
LF	58.04253333333333	21000.0	21120.0	13.717975856768383	58.0385	58.0478	18593	25021	Plecotus austriacus	0.041	0.089	-1	Echolocation	192000	/home/adkris/Documents/mila-human-wav-txt/20220826_070000.WAV	66	Waveform 1	1
LF	59.72906666666667	21750.0	21120.0	8.293994606466397	59.7275	59.7346	18593	28192	Plecotus austriacus	0.066	0.102	-1	Echolocation	192000	/home/adkris/Documents/mila-human-wav-txt/20220826_070000.WAV	67	Waveform 1	1
LF	62.795433333333335	20250.0	20160.0	12.800574769402491	62.7935	62.8014	18593	25582	Plecotus austriacus	0.081	0.129	-1	Echolocation	192000	/home/adkris/Documents/mila-human-wav-txt/20220826_070000.WAV	68	Waveform 1	1
HF	63.77026666666666	52500.0	52800.00000000001	5.597649940075067	63.7665	63.7714	48671	58561	Pipistrellus pipistrellus	0.069	0.082	-1	Echolocation	192000	/home/adkris/Documents/mila-human-wav-txt/20220826_070000.WAV	69	Waveform 1	1
HF	64.09826666666666	49500.0	48960.0	5.208450496394232	64.0955	64.1014	33203	68060	Myotis daubentonii	0.009	0.027	-1	Echolocation	192000	/home/adkris/Documents/mila-human-wav-txt/20220826_070000.WAV	70	Waveform 1	1
HF	64.78373333333333	53250.0	49920.0	5.707355455641218	64.7825	64.7876	32343	70241	Myotis mystacinus	0.013	0.036	-1	Echolocation	192000	/home/adkris/Documents/mila-human-wav-txt/20220826_070000.WAV	71	Waveform 1	1
HF	65.15333333333334	54000.0	53760.00000000001	5.17089341128738	65.1525	65.158	33203	66681	Myotis mystacinus	0.008	0.025	-1	Echolocation	192000	/home/adkris/Documents/mila-human-wav-txt/20220826_070000.WAV	72	Waveform 1	1
HF	65.2547	54000.0	52800.00000000001	5.273869229018863	65.2525	65.2578	32343	73273	Myotis mystacinus	0.011	0.032	-1	Echolocation	192000	/home/adkris/Documents/mila-human-wav-txt/20220826_070000.WAV	73	Waveform 1	1
HF	65.30146666666667	54750.0	51840.0	5.606975835145026	65.2985	65.3042	33203	68106	Myotis brandtii	0.008	0.024	-1	Echolocation	192000	/home/adkris/Documents/mila-human-wav-txt/20220826_070000.WAV	74	Waveform 1	1
HF	65.34909999999999	51750.0	48960.0	11.50976474278881	65.3475	65.3534	31484	61274	Myotis daubentonii	0.009	0.027	-1	Echolocation	192000	/home/adkris/Documents/mila-human-wav-txt/20220826_070000.WAV	75	Waveform 1	1
HF	65.4059	49500.0	48960.0	11.86473400184903	65.4035	65.4086	32343	71606	Myotis mystacinus	0.015	0.037	-1	Echolocation	192000	/home/adkris/Documents/mila-human-wav-txt/20220826_070000.WAV	76	Waveform 1	1
HF	65.40633333333334	53250.0	57600.0	14.040684214436876	65.4045	65.409	54687	61611	Pipistrellus pygmaeus	0.043	0.047	-1	Echolocation	192000	/home/adkris/Documents/mila-human-wav-txt/20220826_070000.WAV	77	Waveform 1	1
HF	65.45779999999999	48000.0	47040.0	8.950842919759074	65.4555	65.4607	30625	74085	Myotis mystacinus	0.014	0.039	-1	Echolocation	192000	/home/adkris/Documents/mila-human-wav-txt/20220826_070000.WAV	78	Waveform 1	1
HF	65.56893333333333	54000.0	53760.00000000001	5.07569295964871	65.5675	65.5724	52109	62741	Pipistrellus pipistrellus	0.075	0.087	-1	Echolocation	192000	/home/adkris/Documents/mila-human-wav-txt/20220826_070000.WAV	79	Waveform 1	1
LF	66.60876666666667	20250.0	20160.0	11.182255688657996	66.6075	66.6149	17734	26752	Plecotus austriacus	0.079	0.113	-1	Echolocation	192000	/home/adkris/Documents/mila-human-wav-txt/20220826_070000.WAV	80	Waveform 1	1
LF	66.72183333333334	18000.0	17280.0	7.746439978501199	66.7205	66.736	16015	20422	Nyctalus noctula	0.061	0.079	-1	Echolocation	192000	/home/adkris/Documents/mila-human-wav-txt/20220826_070000.WAV	81	Waveform 1	1
LF	69.78376666666666	20250.0	20160.0	9.48866845595496	69.7785	69.7924	17734	22562	Nyctalus noctula	0.027	0.047	-1	Echolocation	192000	/home/adkris/Documents/mila-human-wav-txt/20220826_070000.WAV	82	Waveform 1	1
LF	71.73910000000001	21000.0	20160.0	7.840217120382771	71.7375	71.7469	19453	24537	Plecotus austriacus	0.012	0.032	-1	Echolocation	192000	/home/adkris/Documents/mila-human-wav-txt/20220826_070000.WAV	83	Waveform 1	1
LF	73.34270000000001	21750.0	22080.0	7.810868655914378	73.3375	73.3468	18593	24387	Plecotus austriacus	0.017	0.039	-1	Echolocation	192000	/home/adkris/Documents/mila-human-wav-txt/20220826_070000.WAV	84	Waveform 1	1
LF	75.67776666666667	18750.0	18240.0	5.635045820446165	75.6765	75.6839	15156	27598	Plecotus auritus	0.013	0.025	-1	Echolocation	192000	/home/adkris/Documents/mila-human-wav-txt/20220826_070000.WAV	85	Waveform 1	1
LF	75.94436666666667	24000.0	23040.0	5.331345005497933	75.9395	75.9503	23750	28594	Nyctalus leisleri	0.011	0.023	-1	Echolocation	192000	/home/adkris/Documents/mila-human-wav-txt/20220826_070000.WAV	86	Waveform 1	1
LF	77.58619999999999	19500.0	20160.0	5.874538578367733	77.58449999999999	77.5938	18593	24153	Plecotus austriacus	0.019	0.037	-1	Echolocation	192000	/home/adkris/Documents/mila-human-wav-txt/20220826_070000.WAV	87	Waveform 1	1
LF	79.56683333333334	21750.0	22080.0	5.887032594011194	79.5625	79.5715	22890	30004	Plecotus austriacus	0.009	0.036	-1	Echolocation	192000	/home/adkris/Documents/mila-human-wav-txt/20220826_070000.WAV	88	Waveform 1	1
LF	79.56766666666667	21000.0	20160.0	7.741974221886467	79.5655	79.572	17734	29078	Plecotus austriacus	0.025	0.037	-1	Echolocation	192000	/home/adkris/Documents/mila-human-wav-txt/20220826_070000.WAV	89	Waveform 1	1
LF	82.42376666666667	14250.0	14400.0	9.984341181941325	82.42150000000001	82.4279	12578	31053	Plecotus auritus	0.022	0.029	-1	Echolocation	192000	/home/adkris/Documents/mila-human-wav-txt/20220826_070000.WAV	90	Waveform 1	1
LF	84.00506666666666	16500.0	15360.0	11.254896404414056	84.0015	84.0171	16875	20878	Nyctalus leisleri	0.017	0.035	-1	Echolocation	192000	/home/adkris/Documents/mila-human-wav-txt/20220826_070000.WAV	91	Waveform 1	1
LF	85.74289999999999	24000.0	22080.0	6.646433804720608	85.7415	85.7476	19453	31863	Plecotus austriacus	0.068	0.103	-1	Echolocation	192000	/home/adkris/Documents/mila-human-wav-txt/20220826_070000.WAV	92	Waveform 1	1
LF	87.4926	21750.0	22080.0	6.554407849373423	87.4915	87.4979	18593	29447	Plecotus austriacus	0.026	0.041	-1	Echolocation	192000	/home/adkris/Documents/mila-human-wav-txt/20220826_070000.WAV	93	Waveform 1	1
HF	91.73946666666669	50250.0	48960.0	5.5781170926257815	91.7365	91.7422	47812	55934	Pipistrellus pipistrellus	0.169	0.182	-1	Echolocation	192000	/home/adkris/Documents/mila-human-wav-txt/20220826_070000.WAV	94	Waveform 1	1
LF	91.772	21000.0	21120.0	18.233963668308416	91.7695	91.778	18593	24984	Plecotus austriacus	0.054	0.093	-1	Echolocation	192000	/home/adkris/Documents/mila-human-wav-txt/20220826_070000.WAV	95	Waveform 1	1
HF	95.6793	54000.0	53760.00000000001	5.0322160422714335	95.6755	95.6827	53828	63895	Pipistrellus pygmaeus	0.121	0.129	-1	Echolocation	192000	/home/adkris/Documents/mila-human-wav-txt/20220826_070000.WAV	96	Waveform 1	1
HF	95.8194	55500.0	55679.99999999999	5.151890068573062	95.8175	95.8231	33203	65387	Myotis brandtii	0.011	0.031	-1	Echolocation	192000	/home/adkris/Documents/mila-human-wav-txt/20220826_070000.WAV	97	Waveform 1	1
HF	95.87423333333334	57750.0	55679.99999999999	5.074598873880007	95.8735	95.8791	33203	65834	Myotis brandtii	0.011	0.028	-1	Echolocation	192000	/home/adkris/Documents/mila-human-wav-txt/20220826_070000.WAV	98	Waveform 1	1
HF	95.9184	55500.0	54719.99999999999	5.4250850588857205	95.9155	95.9201	48671	65642	Pipistrellus pipistrellus	0.093	0.198	-1	Echolocation	192000	/home/adkris/Documents/mila-human-wav-txt/20220826_070000.WAV	99	Waveform 1	1
HF	95.9178	55500.0	54719.99999999999	6.202405047438818	95.9155	95.9207	53828	66142	Pipistrellus pygmaeus	0.137	0.145	-1	Echolocation	192000	/home/adkris/Documents/mila-human-wav-txt/20220826_070000.WAV	100	Waveform 1	1
HF	95.96043333333331	57000.0	56640.0	7.47898533033826	95.9595	95.9649	53828	64213	Pipistrellus pygmaeus	0.108	0.111	-1	Echolocation	192000	/home/adkris/Documents/mila-human-wav-txt/20220826_070000.WAV	101	Waveform 1	1
HF	96.24176666666666	54000.0	53760.00000000001	5.568046546084986	96.2405	96.2444	52968	68312	Pipistrellus pipistrellus	0.051	0.094	-1	Echolocation	192000	/home/adkris/Documents/mila-human-wav-txt/20220826_070000.WAV	102	Waveform 1	1
HF	96.33936666666666	44250.0	45120.0	5.467462907358945	96.3385	96.3428	37500	49174	Myotis nattereri	0.017	0.077	-1	Echolocation	192000	/home/adkris/Documents/mila-human-wav-txt/20220826_070000.WAV	103	Waveform 1	1
HF	96.55823333333332	54750.0	48000.0	13.443916343076808	96.5575	96.5631	30625	73853	Myotis daubentonii	0.009	0.025	-1	Echolocation	192000	/home/adkris/Documents/mila-human-wav-txt/20220826_070000.WAV	104	Waveform 1	1
HF	96.6107	56250.0	54719.99999999999	19.34865217506526	96.6085	96.6138	33203	74650	Myotis mystacinus	0.008	0.024	-1	Echolocation	192000	/home/adkris/Documents/mila-human-wav-txt/20220826_070000.WAV	105	Waveform 1	1
HF	96.61063333333334	56250.0	54719.99999999999	17.58813595532541	96.6095	96.6147	28046	57986	Myotis daubentonii	0.011	0.025	-1	Echolocation	192000	/home/adkris/Documents/mila-human-wav-txt/20220826_070000.WAV	106	Waveform 1	1
HF	96.66453333333334	51750.0	56640.0	12.559591975152342	96.6635	96.6688	30625	72836	Myotis daubentonii	0.009	0.032	-1	Echolocation	192000	/home/adkris/Documents/mila-human-wav-txt/20220826_070000.WAV	107	Waveform 1	1
HF	96.8134	54750.0	54719.99999999999	20.70856709969349	96.8115	96.8171	29765	78743	Myotis mystacinus	0.016	0.039	-1	Echolocation	192000	/home/adkris/Documents/mila-human-wav-txt/20220826_070000.WAV	108	Waveform 1	1
HF	96.89373333333332	56250.0	55679.99999999999	13.697163972376815	96.8925	96.8976	31484	76640	Myotis mystacinus	0.015	0.042	-1	Echolocation	192000	/home/adkris/Documents/mila-human-wav-txt/20220826_070000.WAV	109	Waveform 1	1
HF	96.9491	53250.0	52800.00000000001	13.4172160824886	96.9475	96.9534	31484	72607	Myotis mystacinus	0.011	0.032	-1	Echolocation	192000	/home/adkris/Documents/mila-human-wav-txt/20220826_070000.WAV	110	Waveform 1	1
HF	97.07653333333332	62250.0	56640.0	22.578655979066315	97.0715	97.0763	57265	66149	Pipistrellus pygmaeus	0.022	0.041	-1	Echolocation	192000	/home/adkris/Documents/mila-human-wav-txt/20220826_070000.WAV	111	Waveform 1	1
HF	97.07786666666668	52500.0	55679.99999999999	20.034974384625546	97.0775	97.0823	30625	75327	Myotis mystacinus	0.018	0.045	-1	Echolocation	192000	/home/adkris/Documents/mila-human-wav-txt/20220826_070000.WAV	112	Waveform 1	1
HF	97.13176666666666	65250.0	64320.00000000001	8.633158777101524	97.1305	97.1554	65000	75429	Rhinolophus ferrumequinum	0.019	0.024	-1	Echolocation	192000	/home/adkris/Documents/mila-human-wav-txt/20220826_070000.WAV	113	Waveform 1	1
HF	97.1336	54000.0	53760.00000000001	22.289722915513856	97.1315	97.1369	32343	74535	Myotis mystacinus	0.009	0.024	-1	Echolocation	192000	/home/adkris/Documents/mila-human-wav-txt/20220826_070000.WAV	114	Waveform 1	1
HF	97.13303333333332	54750.0	53760.00000000001	18.788493000888444	97.1325	97.1383	28046	54073	Myotis daubentonii	0.012	0.024	-1	Echolocation	192000	/home/adkris/Documents/mila-human-wav-txt/20220826_070000.WAV	115	Waveform 1	1
HF	97.18336666666669	58500.0	52800.00000000001	20.88464213619642	97.1755	97.1833	55546	63122	Myotis alcathoe	0.01	0.026	-1	Echolocation	192000	/home/adkris/Documents/mila-human-wav-txt/20220826_070000.WAV	116	Waveform 1	1
HF	97.25703333333334	53250.0	52800.00000000001	17.353685450502066	97.2555	97.2603	31484	74582	Myotis mystacinus	0.01	0.029	-1	Echolocation	192000	/home/adkris/Documents/mila-human-wav-txt/20220826_070000.WAV	117	Waveform 1	1
HF	97.3095	54000.0	53760.00000000001	18.010605655697667	97.3075	97.313	31484	76533	Myotis mystacinus	0.012	0.034	-1	Echolocation	192000	/home/adkris/Documents/mila-human-wav-txt/20220826_070000.WAV	118	Waveform 1	1
HF	97.35603333333331	52500.0	54719.99999999999	12.4457237743579	97.3545	97.3593	31484	76391	Myotis mystacinus	0.022	0.049	-1	Echolocation	192000	/home/adkris/Documents/mila-human-wav-txt/20220826_070000.WAV	119	Waveform 1	1
HF	97.43733333333331	55500.0	53760.00000000001	20.7259366558046	97.4365	97.442	30625	72748	Myotis daubentonii	0.01	0.029	-1	Echolocation	192000	/home/adkris/Documents/mila-human-wav-txt/20220826_070000.WAV	120	Waveform 1	1
LF	97.47923333333333	18750.0	20160.0	11.882659189189075	97.4775	97.4891	16875	22489	Nyctalus noctula	0.023	0.04	-1	Echolocation	192000	/home/adkris/Documents/mila-human-wav-txt/20220826_070000.WAV	121	Waveform 1	1
HF	97.5092	51750.0	50880.0	17.58672626805294	97.5075	97.5133	30625	68945	Myotis daubentonii	0.015	0.032	-1	Echolocation	192000	/home/adkris/Documents/mila-human-wav-txt/20220826_070000.WAV	122	Waveform 1	1
HF	97.69216666666668	50250.0	47040.0	8.416298733734976	97.6895	97.6955	29765	74872	Myotis daubentonii	0.009	0.025	-1	Echolocation	192000	/home/adkris/Documents/mila-human-wav-txt/20220826_070000.WAV	123	Waveform 1	1
HF	97.8034	49500.0	48000.0	6.461448684570533	97.8015	97.8071	33203	71375	Myotis brandtii	0.01	0.031	-1	Echolocation	192000	/home/adkris/Documents/mila-human-wav-txt/20220826_070000.WAV	124	Waveform 1	1
HF	98.14383333333332	52500.0	53760.00000000001	10.033172132134183	98.1425	98.1475	34921	69159	Myotis mystacinus	0.018	0.056	-1	Echolocation	192000	/home/adkris/Documents/mila-human-wav-txt/20220826_070000.WAV	125	Waveform 1	1
HF	98.96563333333332	56250.0	52800.00000000001	5.794541985319718	98.9635	98.9677	45234	66296	Myotis alcathoe	0.106	0.179	-1	Echolocation	192000	/home/adkris/Documents/mila-human-wav-txt/20220826_070000.WAV	126	Waveform 1	1
HF	99.48726666666668	15000.0	15360.0	13.563924913264824	99.4855	99.4924	11718	67422	Myotis nattereri	0.011	0.026	-1	Echolocation	192000	/home/adkris/Documents/mila-human-wav-txt/20220826_070000.WAV	127	Waveform 1	1
LF	101.1224	21750.0	22080.0	5.575664405544295	101.1215	101.1316	22031	25202	Nyctalus leisleri	0.02	0.038	-1	Echolocation	192000	/home/adkris/Documents/mila-human-wav-txt/20220826_070000.WAV	128	Waveform 1	1
LF	101.98423333333334	20250.0	20160.0	10.77083897219	101.9825	101.9906	15156	26540	Plecotus auritus	0.023	0.037	-1	Echolocation	192000	/home/adkris/Documents/mila-human-wav-txt/20220826_070000.WAV	129	Waveform 1	1
LF	102.29463333333334	20250.0	22080.0	12.498038088844188	102.2935	102.3022	19453	24596	Plecotus austriacus	0.039	0.085	-1	Echolocation	192000	/home/adkris/Documents/mila-human-wav-txt/20220826_070000.WAV	130	Waveform 1	1
LF	103.80023333333334	20250.0	23040.0	5.873950273661919	103.7955	103.8041	20312	27488	Plecotus austriacus	0.023	0.048	-1	Echolocation	192000	/home/adkris/Documents/mila-human-wav-txt/20220826_070000.WAV	131	Waveform 1	1
LF	104.57543333333334	20250.0	21120.0	5.908001015886709	104.5705	104.5824	21171	25620	Nyctalus leisleri	0.009	0.02	-1	Echolocation	192000	/home/adkris/Documents/mila-human-wav-txt/20220826_070000.WAV	132	Waveform 1	1
HF	104.57646666666666	15000.0	16320.000000000002	11.020415087283158	104.5745	104.5812	11718	69495	Myotis nattereri	0.009	0.022	-1	Echolocation	192000	/home/adkris/Documents/mila-human-wav-txt/20220826_070000.WAV	133	Waveform 1	1
LF	106.09533333333331	18000.0	18240.0	5.026433559955104	106.0935	106.1015	14296	24146	Plecotus auritus	0.016	0.03	-1	Echolocation	192000	/home/adkris/Documents/mila-human-wav-txt/20220826_070000.WAV	134	Waveform 1	1
LF	106.23393333333334	18750.0	20160.0	5.935246501376673	106.2305	106.2369	16015	27938	Plecotus auritus	0.045	0.079	-1	Echolocation	192000	/home/adkris/Documents/mila-human-wav-txt/20220826_070000.WAV	135	Waveform 1	1
LF	106.43003333333334	19500.0	18240.0	5.018113358026183	106.4295	106.4353	15156	32533	Plecotus austriacus	0.036	0.076	-1	Echolocation	192000	/home/adkris/Documents/mila-human-wav-txt/20220826_070000.WAV	136	Waveform 1	1
LF	106.99536666666668	18750.0	19200.0	5.452738926715877	106.9935	107.0003	15156	29496	Plecotus austriacus	0.012	0.027	-1	Echolocation	192000	/home/adkris/Documents/mila-human-wav-txt/20220826_070000.WAV	137	Waveform 1	1
LF	107.53303333333334	20250.0	20160.0	7.455210307457365	107.5315	107.5433	19453	22489	Nyctalus leisleri	0.021	0.047	-1	Echolocation	192000	/home/adkris/Documents/mila-human-wav-txt/20220826_070000.WAV	138	Waveform 1	1
LF	107.96093333333332	20250.0	20160.0	6.203310064826111	107.9595	107.9679	18593	25681	Plecotus austriacus	0.017	0.024	-1	Echolocation	192000	/home/adkris/Documents/mila-human-wav-txt/20220826_070000.WAV	139	Waveform 1	1
LF	108.2941	14250.0	14400.0	7.892866513480468	108.2915	108.2999	13437	18631	Plecotus auritus	0.015	0.055	-1	Echolocation	192000	/home/adkris/Documents/mila-human-wav-txt/20220826_070000.WAV	140	Waveform 1	1
LF	109.35356666666668	14250.0	14400.0	7.921753720723802	109.3505	109.3596	13437	16590	Nyctalus leisleri	0.012	0.031	-1	Echolocation	192000	/home/adkris/Documents/mila-human-wav-txt/20220826_070000.WAV	141	Waveform 1	1
LF	109.83563333333332	21000.0	21120.0	6.702593773300175	109.8325	109.8392	16015	24623	Plecotus auritus	0.044	0.06	-1	Echolocation	192000	/home/adkris/Documents/mila-human-wav-txt/20220826_070000.WAV	142	Waveform 1	1
LF	111.64403333333334	20250.0	20160.0	20.27145851119553	111.6415	111.6488	16875	25841	Plecotus austriacus	0.061	0.095	-1	Echolocation	192000	/home/adkris/Documents/mila-human-wav-txt/20220826_070000.WAV	143	Waveform 1	1
LF	111.65913333333332	20250.0	20160.0	16.256373155370877	111.6545	111.6667	20312	24337	Nyctalus leisleri	0.016	0.026	-1	Echolocation	192000	/home/adkris/Documents/mila-human-wav-txt/20220826_070000.WAV	144	Waveform 1	1
LF	112.42736666666669	21000.0	21120.0	10.491570238025652	112.4255	112.4323	17734	27277	Plecotus austriacus	0.06	0.081	-1	Echolocation	192000	/home/adkris/Documents/mila-human-wav-txt/20220826_070000.WAV	145	Waveform 1	1
LF	113.28463333333332	20250.0	20160.0	16.458772643158213	113.2805	113.2897	18593	25029	Plecotus austriacus	0.051	0.164	-1	Echolocation	192000	/home/adkris/Documents/mila-human-wav-txt/20220826_070000.WAV	146	Waveform 1	1
LF	115.24616666666668	16500.0	16320.000000000002	8.078268208290751	115.2445	115.2515	13437	26740	Plecotus auritus	0.013	0.021	-1	Echolocation	192000	/home/adkris/Documents/mila-human-wav-txt/20220826_070000.WAV	147	Waveform 1	1
LF	115.96336666666669	21000.0	22080.0	11.129131684226454	115.9625	115.9668	15156	34823	Plecotus auritus	0.027	0.056	-1	Echolocation	192000	/home/adkris/Documents/mila-human-wav-txt/20220826_070000.WAV	148	Waveform 1	1
LF	116.0033	20250.0	20160.0	8.360434115436812	116.0025	116.0127	17734	22423	Nyctalus noctula	0.067	0.144	-1	Echolocation	192000	/home/adkris/Documents/mila-human-wav-txt/20220826_070000.WAV	149	Waveform 1	1
LF	118.16443333333332	19500.0	20160.0	9.902585435711902	118.1605	118.1734	17734	23101	Nyctalus noctula	0.018	0.041	-1	Echolocation	192000	/home/adkris/Documents/mila-human-wav-txt/20220826_070000.WAV	150	Waveform 1	1
LF	119.0036	13500.0	13440.000000000002	8.327531446090921	119.0015	119.0104	12578	17975	Nyctalus leisleri	0.039	0.055	-1	Echolocation	192000	/home/adkris/Documents/mila-human-wav-txt/20220826_070000.WAV	151	Waveform 1	1
LF	122.06806666666668	18750.0	20160.0	15.23824336443078	122.0655	122.0751	17734	24137	Plecotus austriacus	0.037	0.068	-1	Echolocation	192000	/home/adkris/Documents/mila-human-wav-txt/20220826_070000.WAV	152	Waveform 1	1
LF	122.22593333333332	20250.0	20160.0	5.4809246250995205	122.2215	122.2304	17734	27345	Plecotus austriacus	0.016	0.026	-1	Echolocation	192000	/home/adkris/Documents/mila-human-wav-txt/20220826_070000.WAV	153	Waveform 1	1
HF	122.75103333333334	54750.0	55679.99999999999	6.3520960543284986	122.7495	122.7543	34921	66408	Myotis mystacinus	0.018	0.046	-1	Echolocation	192000	/home/adkris/Documents/mila-human-wav-txt/20220826_070000.WAV	154	Waveform 1	1
HF	122.99923333333334	53250.0	52800.00000000001	7.478039118804141	122.9975	123.0021	33203	67025	Myotis mystacinus	0.026	0.056	-1	Echolocation	192000	/home/adkris/Documents/mila-human-wav-txt/20220826_070000.WAV	155	Waveform 1	1
LF	123.03353333333334	18750.0	19200.0	6.110582511892128	123.0275	123.0488	18593	23729	Nyctalus noctula	0.029	0.039	-1	Echolocation	192000	/home/adkris/Documents/mila-human-wav-txt/20220826_070000.WAV	156	Waveform 1	1
HF	123.27286666666669	49500.0	49920.0	5.021874833940928	123.2705	123.2768	32343	61034	Myotis mystacinus	0.011	0.033	-1	Echolocation	192000	/home/adkris/Documents/mila-human-wav-txt/20220826_070000.WAV	157	Waveform 1	1
HF	123.42873333333334	53250.0	52800.00000000001	7.418381553557335	123.4275	123.4326	32343	72651	Myotis mystacinus	0.017	0.046	-1	Echolocation	192000	/home/adkris/Documents/mila-human-wav-txt/20220826_070000.WAV	158	Waveform 1	1
HF	123.58823333333332	58500.0	56640.0	6.729657339580025	123.5875	123.5966	56406	63236	Pipistrellus pygmaeus	0.042	0.043	-1	Echolocation	192000	/home/adkris/Documents/mila-human-wav-txt/20220826_070000.WAV	159	Waveform 1	1
HF	123.66096666666668	49500.0	48960.0	6.06532380514661	123.6585	123.6647	47812	59817	Pipistrellus pipistrellus	0.16	0.185	-1	Echolocation	192000	/home/adkris/Documents/mila-human-wav-txt/20220826_070000.WAV	160	Waveform 1	1
HF	123.75053333333334	52500.0	52800.00000000001	6.859618732523574	123.7495	123.7548	33203	69737	Myotis mystacinus	0.014	0.041	-1	Echolocation	192000	/home/adkris/Documents/mila-human-wav-txt/20220826_070000.WAV	161	Waveform 1	1
HF	123.78193333333331	49500.0	55679.99999999999	6.406818965252531	123.7805	123.7854	33203	73182	Myotis mystacinus	0.014	0.036	-1	Echolocation	192000	/home/adkris/Documents/mila-human-wav-txt/20220826_070000.WAV	162	Waveform 1	1
HF	123.7813	55500.0	55679.99999999999	9.458691894910658	123.7805	123.7837	46093	67881	Myotis alcathoe	0.097	0.172	-1	Echolocation	192000	/home/adkris/Documents/mila-human-wav-txt/20220826_070000.WAV	163	Waveform 1	1
LF	123.81366666666666	16500.0	16320.000000000002	5.5314420678710166	123.8115	123.818	13437	26252	Plecotus auritus	0.022	0.03	-1	Echolocation	192000	/home/adkris/Documents/mila-human-wav-txt/20220826_070000.WAV	164	Waveform 1	1
HF	123.81546666666668	54750.0	55679.99999999999	9.4050051038712	123.8155	123.8207	34062	63455	Myotis mystacinus	0.011	0.029	-1	Echolocation	192000	/home/adkris/Documents/mila-human-wav-txt/20220826_070000.WAV	165	Waveform 1	1
HF	123.85456666666668	52500.0	52800.00000000001	5.760338405944061	123.8515	123.8571	34062	63319	Myotis brandtii	0.01	0.026	-1	Echolocation	192000	/home/adkris/Documents/mila-human-wav-txt/20220826_070000.WAV	166	Waveform 1	1
HF	124.0083	60000.0	57600.0	6.985010311877245	124.0015	124.0127	58125	65475	Pipistrellus pygmaeus	0.06	0.063	-1	Echolocation	192000	/home/adkris/Documents/mila-human-wav-txt/20220826_070000.WAV	167	Waveform 1	1
HF	124.00913333333334	56250.0	57600.0	8.977793167825238	124.0085	124.0142	57265	64015	Pipistrellus pygmaeus	0.025	0.026	-1	Echolocation	192000	/home/adkris/Documents/mila-human-wav-txt/20220826_070000.WAV	168	Waveform 1	1
HF	124.06913333333333	53250.0	52800.00000000001	10.87711794628386	124.0675	124.0722	33203	71402	Myotis mystacinus	0.012	0.041	-1	Echolocation	192000	/home/adkris/Documents/mila-human-wav-txt/20220826_070000.WAV	169	Waveform 1	1
HF	124.40943333333334	48750.0	48960.0	9.743110822835856	124.4055	124.4114	32343	62853	Myotis daubentonii	0.007	0.021	-1	Echolocation	192000	/home/adkris/Documents/mila-human-wav-txt/20220826_070000.WAV	170	Waveform 1	1
LF	125.20913333333333	22500.0	20160.0	8.736121724380359	125.2065	125.2137	17734	27657	Plecotus austriacus	0.048	0.065	-1	Echolocation	192000	/home/adkris/Documents/mila-human-wav-txt/20220826_070000.WAV	171	Waveform 1	1
LF	126.92483333333334	21750.0	20160.0	6.635938565248577	126.9205	126.933	18593	24009	Nyctalus noctula	0.025	0.059	-1	Echolocation	192000	/home/adkris/Documents/mila-human-wav-txt/20220826_070000.WAV	172	Waveform 1	1
LF	127.0731	24000.0	23040.0	5.675321314959351	127.0695	127.0769	18593	27886	Plecotus austriacus	0.041	0.066	-1	Echolocation	192000	/home/adkris/Documents/mila-human-wav-txt/20220826_070000.WAV	173	Waveform 1	1
LF	129.3953	17250.0	20160.0	9.15443508394725	129.3935	129.3992	14296	32128	Plecotus auritus	0.06	0.08	-1	Echolocation	192000	/home/adkris/Documents/mila-human-wav-txt/20220826_070000.WAV	174	Waveform 1	1
LF	132.7139	22500.0	21120.0	10.61126277474909	132.7035	132.7181	19453	23694	Nyctalus noctula	0.022	0.041	-1	Echolocation	192000	/home/adkris/Documents/mila-human-wav-txt/20220826_070000.WAV	175	Waveform 1	1
LF	132.73173333333332	24000.0	23040.0	5.143415339849545	132.7295	132.7406	23750	29573	Nyctalus leisleri	0.011	0.023	-1	Echolocation	192000	/home/adkris/Documents/mila-human-wav-txt/20220826_070000.WAV	176	Waveform 1	1
LF	133.59613333333334	21750.0	21120.0	10.107449916686214	133.5945	133.6027	17734	25930	Plecotus austriacus	0.051	0.079	-1	Echolocation	192000	/home/adkris/Documents/mila-human-wav-txt/20220826_070000.WAV	177	Waveform 1	1
LF	134.41903333333337	19500.0	19200.0	7.347437516722596	134.4145	134.4268	18593	23645	Nyctalus noctula	0.02	0.048	-1	Echolocation	192000	/home/adkris/Documents/mila-human-wav-txt/20220826_070000.WAV	178	Waveform 1	1
LF	135.565	21000.0	20160.0	7.902879927387461	135.5635	135.5765	20312	24203	Nyctalus leisleri	0.012	0.031	-1	Echolocation	192000	/home/adkris/Documents/mila-human-wav-txt/20220826_070000.WAV	179	Waveform 1	1
LF	135.5654	20250.0	20160.0	8.65169179768355	135.5635	135.5691	14296	28095	Plecotus auritus	0.015	0.023	-1	Echolocation	192000	/home/adkris/Documents/mila-human-wav-txt/20220826_070000.WAV	180	Waveform 1	1
LF	135.75226666666666	22500.0	22080.0	9.503247987311276	135.7495	135.7624	21171	23171	Nyctalus leisleri	0.026	0.041	-1	Echolocation	192000	/home/adkris/Documents/mila-human-wav-txt/20220826_070000.WAV	181	Waveform 1	1
LF	136.78526666666667	14250.0	14400.0	17.038960786855803	136.7825	136.7919	13437	17197	Nyctalus leisleri	0.014	0.031	-1	Echolocation	192000	/home/adkris/Documents/mila-human-wav-txt/20220826_070000.WAV	182	Waveform 1	1
LF	137.84693333333334	22500.0	22080.0	5.297794099018153	137.8375	137.8519	23750	28177	Nyctalus leisleri	0.013	0.031	-1	Echolocation	192000	/home/adkris/Documents/mila-human-wav-txt/20220826_070000.WAV	183	Waveform 1	1
LF	137.8466	21750.0	22080.0	8.169905187395548	137.8425	137.8529	19453	24664	Plecotus austriacus	0.011	0.031	-1	Echolocation	192000	/home/adkris/Documents/mila-human-wav-txt/20220826_070000.WAV	184	Waveform 1	1
LF	137.90093333333334	20250.0	21120.0	8.825836535381523	137.8975	137.9074	18593	25015	Plecotus austriacus	0.035	0.096	-1	Echolocation	192000	/home/adkris/Documents/mila-human-wav-txt/20220826_070000.WAV	185	Waveform 1	1
HF	138.59720000000002	48750.0	48960.0	5.032930538157513	138.59550000000002	138.6013	48671	54403	Pipistrellus pipistrellus	0.014	0.026	-1	Echolocation	192000	/home/adkris/Documents/mila-human-wav-txt/20220826_070000.WAV	186	Waveform 1	1
LF	138.74106666666663	21000.0	21120.0	6.196140046756878	138.7295	138.7441	18593	22952	Nyctalus noctula	0.024	0.045	-1	Echolocation	192000	/home/adkris/Documents/mila-human-wav-txt/20220826_070000.WAV	187	Waveform 1	1
LF	139.23356666666666	41250.0	41280.0	6.782171940579036	139.2315	139.2381	28906	41689	Barbastellus barbastellus	0.009	0.026	-1	Echolocation	192000	/home/adkris/Documents/mila-human-wav-txt/20220826_070000.WAV	188	Waveform 1	1
LF	148.2269333333333	21750.0	22080.0	8.875587714120858	148.2225	148.2314	20312	27203	Plecotus austriacus	0.034	0.082	-1	Echolocation	192000	/home/adkris/Documents/mila-human-wav-txt/20220826_070000.WAV	189	Waveform 1	1
LF	149.4735	18000.0	19200.0	5.853749175147787	149.4685	149.4815	16875	22460	Nyctalus noctula	0.012	0.025	-1	Echolocation	192000	/home/adkris/Documents/mila-human-wav-txt/20220826_070000.WAV	190	Waveform 1	1
LF	149.69146666666666	20250.0	21120.0	10.811002966959771	149.6885	149.6977	19453	26495	Plecotus austriacus	0.048	0.086	-1	Echolocation	192000	/home/adkris/Documents/mila-human-wav-txt/20220826_070000.WAV	191	Waveform 1	1
HF	150.3971	54000.0	53760.00000000001	5.596758326072879	150.3945	150.3994	37500	62898	Myotis bechsteinii	0.01	0.038	-1	Echolocation	192000	/home/adkris/Documents/mila-human-wav-txt/20220826_070000.WAV	192	Waveform 1	1
HF	150.46646666666666	53250.0	53760.00000000001	12.41376566546198	150.4665	150.4717	34062	69323	Myotis mystacinus	0.014	0.038	-1	Echolocation	192000	/home/adkris/Documents/mila-human-wav-txt/20220826_070000.WAV	193	Waveform 1	1
LF	153.3127	13500.0	13440.000000000002	9.636373304182715	153.3105	153.3193	13437	17234	Nyctalus leisleri	0.011	0.024	-1	Echolocation	192000	/home/adkris/Documents/mila-human-wav-txt/20220826_070000.WAV	194	Waveform 1	1
LF	156.10836666666663	19500.0	20160.0	8.658684552266118	156.1035	156.1178	20312	24754	Nyctalus leisleri	0.01	0.026	-1	Echolocation	192000	/home/adkris/Documents/mila-human-wav-txt/20220826_070000.WAV	195	Waveform 1	1
LF	157.33356666666666	24000.0	25920.0	5.490088811943588	157.3295	157.3411	22031	26213	Nyctalus leisleri	0.012	0.022	-1	Echolocation	192000	/home/adkris/Documents/mila-human-wav-txt/20220826_070000.WAV	196	Waveform 1	1
LF	158.90266666666668	25500.0	25920.0	7.549824625120948	158.8865	158.907	25468	30777	Nyctalus leisleri	0.067	0.137	-1	Echolocation	192000	/home/adkris/Documents/mila-human-wav-txt/20220826_070000.WAV	197	Waveform 1	1
LF	160.09253333333334	19500.0	20160.0	5.974923173668475	160.0895	160.0998	17734	23560	Nyctalus noctula	0.048	0.138	-1	Echolocation	192000	/home/adkris/Documents/mila-human-wav-txt/20220826_070000.WAV	198	Waveform 1	1
LF	160.44786666666667	27000.0	26880.000000000004	6.871527156825199	160.4325	160.4503	26328	30888	Nyctalus leisleri	0.081	0.149	-1	Echolocation	192000	/home/adkris/Documents/mila-human-wav-txt/20220826_070000.WAV	199	Waveform 1	1
LF	160.44786666666667	27000.0	26880.000000000004	6.02485543375903	160.4395	160.4573	25468	30019	Nyctalus leisleri	0.082	0.161	-1	Echolocation	192000	/home/adkris/Documents/mila-human-wav-txt/20220826_070000.WAV	200	Waveform 1	1
LF	160.49206666666666	20250.0	21120.0	8.139062714928661	160.4905	160.4976	15156	27234	Plecotus auritus	0.022	0.041	-1	Echolocation	192000	/home/adkris/Documents/mila-human-wav-txt/20220826_070000.WAV	201	Waveform 1	1
HF	161.1981	48750.0	48960.0	6.551772515649131	161.1955	161.2004	46953	56211	Pipistrellus pipistrellus	0.108	0.121	-1	Echolocation	192000	/home/adkris/Documents/mila-human-wav-txt/20220826_070000.WAV	202	Waveform 1	1
LF	162.02986666666666	21000.0	20160.0	9.001799771772646	162.0275	162.0338	17734	28599	Plecotus austriacus	0.059	0.097	-1	Echolocation	192000	/home/adkris/Documents/mila-human-wav-txt/20220826_070000.WAV	203	Waveform 1	1
LF	162.15676666666667	21000.0	21120.0	14.44923581751646	162.1545	162.1609	17734	33563	Plecotus austriacus	0.14	0.173	-1	Echolocation	192000	/home/adkris/Documents/mila-human-wav-txt/20220826_070000.WAV	204	Waveform 1	1
LF	162.16433333333333	22500.0	23040.0	11.268966632719016	162.1625	162.1705	22890	32370	Plecotus austriacus	0.01	0.023	-1	Echolocation	192000	/home/adkris/Documents/mila-human-wav-txt/20220826_070000.WAV	205	Waveform 1	1
HF	162.185	54750.0	55679.99999999999	9.419386411400748	162.1835	162.1895	33203	67619	Myotis mystacinus	0.014	0.038	-1	Echolocation	192000	/home/adkris/Documents/mila-human-wav-txt/20220826_070000.WAV	206	Waveform 1	1
HF	162.95543333333333	56250.0	48960.0	6.566423981159648	162.9545	162.9599	31484	71514	Myotis mystacinus	0.013	0.032	-1	Echolocation	192000	/home/adkris/Documents/mila-human-wav-txt/20220826_070000.WAV	207	Waveform 1	1
HF	163.13453333333334	56250.0	54719.99999999999	12.076123234595112	163.1335	163.1388	31484	78793	Myotis mystacinus	0.015	0.04	-1	Echolocation	192000	/home/adkris/Documents/mila-human-wav-txt/20220826_070000.WAV	208	Waveform 1	1
HF	163.4369	50250.0	48960.0	10.51164748691686	163.4345	163.4396	34062	72309	Myotis mystacinus	0.022	0.048	-1	Echolocation	192000	/home/adkris/Documents/mila-human-wav-txt/20220826_070000.WAV	209	Waveform 1	1
LF	163.48533333333333	20250.0	20160.0	7.14060930982583	163.4805	163.4925	18593	24100	Nyctalus noctula	0.022	0.06	-1	Echolocation	192000	/home/adkris/Documents/mila-human-wav-txt/20220826_070000.WAV	210	Waveform 1	1
HF	163.49093333333334	57000.0	55679.99999999999	18.064805508219653	163.4905	163.4999	54687	67410	Pipistrellus pygmaeus	0.04	0.043	-1	Echolocation	192000	/home/adkris/Documents/mila-human-wav-txt/20220826_070000.WAV	211	Waveform 1	1
HF	163.49463333333333	48000.0	48960.0	21.71689751201442	163.4905	163.4962	32343	73436	Myotis mystacinus	0.012	0.028	-1	Echolocation	192000	/home/adkris/Documents/mila-human-wav-txt/20220826_070000.WAV	212	Waveform 1	1
LF	163.50816666666665	21750.0	22080.0	8.827334616004906	163.5055	163.5115	16875	30050	Plecotus austriacus	0.038	0.06	-1	Echolocation	192000	/home/adkris/Documents/mila-human-wav-txt/20220826_070000.WAV	213	Waveform 1	1
HF	163.71243333333334	54000.0	53760.00000000001	7.733424190261513	163.7115	163.7169	32343	69563	Myotis mystacinus	0.008	0.023	-1	Echolocation	192000	/home/adkris/Documents/mila-human-wav-txt/20220826_070000.WAV	214	Waveform 1	1
HF	163.7851	54000.0	52800.00000000001	16.746026441600705	163.7835	163.7894	33203	68473	Myotis mystacinus	0.01	0.025	-1	Echolocation	192000	/home/adkris/Documents/mila-human-wav-txt/20220826_070000.WAV	215	Waveform 1	1
HF	163.8496	57750.0	56640.0	16.090333723167305	163.8455	163.8524	56406	64698	Pipistrellus pygmaeus	0.045	0.053	-1	Echolocation	192000	/home/adkris/Documents/mila-human-wav-txt/20220826_070000.WAV	216	Waveform 1	1
HF	163.92776666666666	49500.0	48960.0	23.710362465517825	163.9245	163.9299	31484	78430	Myotis mystacinus	0.017	0.034	-1	Echolocation	192000	/home/adkris/Documents/mila-human-wav-txt/20220826_070000.WAV	217	Waveform 1	1
HF	163.9277	48750.0	48960.0	22.749740406902585	163.9255	163.9308	27187	62104	Myotis nattereri	0.021	0.031	-1	Echolocation	192000	/home/adkris/Documents/mila-human-wav-txt/20220826_070000.WAV	218	Waveform 1	1
HF	164.10263333333333	52500.0	52800.00000000001	11.766761137977683	164.1015	164.1067	33203	68327	Myotis mystacinus	0.014	0.038	-1	Echolocation	192000	/home/adkris/Documents/mila-human-wav-txt/20220826_070000.WAV	219	Waveform 1	1
HF	164.2039	52500.0	48960.0	5.531179304457805	164.2005	164.2081	46093	60496	Pipistrellus pipistrellus	0.08	0.103	-1	Echolocation	192000	/home/adkris/Documents/mila-human-wav-txt/20220826_070000.WAV	220	Waveform 1	1
HF	164.37393333333333	46500.0	48960.0	5.492842596003696	164.3705	164.3769	44375	56329	Pipistrellus pipistrellus	0.096	0.132	-1	Echolocation	192000	/home/adkris/Documents/mila-human-wav-txt/20220826_070000.WAV	221	Waveform 1	1
HF	164.6915	47250.0	47040.0	8.59966773294879	164.6895	164.695	32343	68724	Myotis mystacinus	0.016	0.042	-1	Echolocation	192000	/home/adkris/Documents/mila-human-wav-txt/20220826_070000.WAV	222	Waveform 1	1
LF	165.38663333333332	21750.0	22080.0	6.197046705251237	165.3855	165.3942	19453	24501	Plecotus austriacus	0.03	0.054	-1	Echolocation	192000	/home/adkris/Documents/mila-human-wav-txt/20220826_070000.WAV	223	Waveform 1	1
LF	165.40606666666667	24750.0	24960.0	7.159408496715991	165.4015	165.4126	21171	26527	Nyctalus leisleri	0.01	0.024	-1	Echolocation	192000	/home/adkris/Documents/mila-human-wav-txt/20220826_070000.WAV	224	Waveform 1	1
LF	167.4671	27750.0	26880.000000000004	5.272647779667877	167.4635	167.4709	28046	36906	Eptesicus serotinus	0.01	0.027	-1	Echolocation	192000	/home/adkris/Documents/mila-human-wav-txt/20220826_070000.WAV	225	Waveform 1	1
HF	169.098	51750.0	51840.0	8.470376840085859	169.0885	169.10399999999998	48671	60334	Pipistrellus pipistrellus	0.031	0.052	-1	Echolocation	192000	/home/adkris/Documents/mila-human-wav-txt/20220826_070000.WAV	226	Waveform 1	1
LF	169.10216666666668	24750.0	25920.0	17.615708770870896	169.0915	169.107	24609	28517	Nyctalus leisleri	0.085	0.123	-1	Echolocation	192000	/home/adkris/Documents/mila-human-wav-txt/20220826_070000.WAV	227	Waveform 1	1
HF	169.11863333333332	76500.0	75840.0	7.443714185900952	169.1115	169.1422	68437	81451	Rhinolophus ferrumequinum	0.035	0.035	-1	Echolocation	192000	/home/adkris/Documents/mila-human-wav-txt/20220826_070000.WAV	228	Waveform 1	1
LF	169.1184	24750.0	24960.0	15.48701370592456	169.1155	169.12709999999998	22031	25482	Nyctalus leisleri	0.017	0.027	-1	Echolocation	192000	/home/adkris/Documents/mila-human-wav-txt/20220826_070000.WAV	229	Waveform 1	1
LF	169.37326666666667	25500.0	25920.0	6.923357815126087	169.35750000000002	169.3749	25468	31452	Nyctalus leisleri	0.043	0.108	-1	Echolocation	192000	/home/adkris/Documents/mila-human-wav-txt/20220826_070000.WAV	230	Waveform 1	1
LF	169.88436666666666	19500.0	19200.0	8.721304895716981	169.8795	169.8938	18593	23470	Nyctalus noctula	0.01	0.023	-1	Echolocation	192000	/home/adkris/Documents/mila-human-wav-txt/20220826_070000.WAV	231	Waveform 1	1
LF	170.39516666666668	24000.0	23040.0	12.871155530774107	170.3905	170.4015	22890	27153	Nyctalus leisleri	0.028	0.067	-1	Echolocation	192000	/home/adkris/Documents/mila-human-wav-txt/20220826_070000.WAV	232	Waveform 1	1
LF	170.3944	20250.0	20160.0	15.972449471032837	170.39249999999998	170.3981	16015	34125	Plecotus austriacus	0.055	0.092	-1	Echolocation	192000	/home/adkris/Documents/mila-human-wav-txt/20220826_070000.WAV	233	Waveform 1	1
LF	170.40743333333333	21000.0	20160.0	14.802020239916942	170.4055	170.4169	19453	23262	Nyctalus leisleri	0.015	0.024	-1	Echolocation	192000	/home/adkris/Documents/mila-human-wav-txt/20220826_070000.WAV	234	Waveform 1	1
LF	170.50573333333332	25500.0	25920.0	5.8339469106348325	170.5025	170.5091	28046	39620	Plecotus austriacus	0.004	0.023	-1	Echolocation	192000	/home/adkris/Documents/mila-human-wav-txt/20220826_070000.WAV	235	Waveform 1	1
LF	170.72586666666666	16500.0	17280.0	5.021036409809058	170.7235	170.7438	16015	19910	Nyctalus noctula	0.028	0.039	-1	Echolocation	192000	/home/adkris/Documents/mila-human-wav-txt/20220826_070000.WAV	236	Waveform 1	1
LF	170.80696666666665	21000.0	21120.0	19.458049846248752	170.8045	170.8107	16875	32183	Plecotus austriacus	0.056	0.081	-1	Echolocation	192000	/home/adkris/Documents/mila-human-wav-txt/20220826_070000.WAV	237	Waveform 1	1
LF	170.82416666666666	20250.0	21120.0	15.28603761306331	170.8165	170.828	17734	21742	Nyctalus leisleri	0.012	0.024	-1	Echolocation	192000	/home/adkris/Documents/mila-human-wav-txt/20220826_070000.WAV	238	Waveform 1	1
HF	171.34633333333335	48000.0	48000.0	7.183268184174303	171.33350000000002	171.3515	47812	52663	Pipistrellus pipistrellus	0.072	0.086	-1	Echolocation	192000	/home/adkris/Documents/mila-human-wav-txt/20220826_070000.WAV	239	Waveform 1	1
LF	173.3324	17250.0	17280.0	9.76957638684301	173.3295	173.3376	14296	21684	Plecotus auritus	0.022	0.035	-1	Echolocation	192000	/home/adkris/Documents/mila-human-wav-txt/20220826_070000.WAV	240	Waveform 1	1
LF	174.4166	25500.0	25920.0	11.28644572933807	174.41649999999998	174.4274	22031	25819	Nyctalus leisleri	0.015	0.024	-1	Echolocation	192000	/home/adkris/Documents/mila-human-wav-txt/20220826_070000.WAV	241	Waveform 1	1
LF	175.775	16500.0	16320.000000000002	5.180274009363104	175.7735	175.77949999999998	13437	30908	Plecotus auritus	0.021	0.026	-1	Echolocation	192000	/home/adkris/Documents/mila-human-wav-txt/20220826_070000.WAV	242	Waveform 1	1
LF	177.77216666666666	21750.0	22080.0	8.27883250600641	177.7705	177.7775	17734	29665	Plecotus austriacus	0.075	0.094	-1	Echolocation	192000	/home/adkris/Documents/mila-human-wav-txt/20220826_070000.WAV	243	Waveform 1	1
LF	179.1078	24000.0	24000.0	6.60602962876844	179.1035	179.1137	23750	30180	Nyctalus leisleri	0.014	0.044	-1	Echolocation	192000	/home/adkris/Documents/mila-human-wav-txt/20220826_070000.WAV	244	Waveform 1	1
LF	182.1414	17250.0	17280.0	5.440888482655577	182.1395	182.1451	13437	38070	Plecotus auritus	0.021	0.025	-1	Echolocation	192000	/home/adkris/Documents/mila-human-wav-txt/20220826_070000.WAV	245	Waveform 1	1
LF	182.23376666666667	19500.0	20160.0	8.648072765798185	182.2315	182.2379	17734	26401	Plecotus austriacus	0.061	0.132	-1	Echolocation	192000	/home/adkris/Documents/mila-human-wav-txt/20220826_070000.WAV	246	Waveform 1	1
HF	182.2975	43500.0	43200.0	10.145213652913846	182.2925	182.2985	28046	53174	Myotis daubentonii	0.017	0.028	-1	Echolocation	192000	/home/adkris/Documents/mila-human-wav-txt/20220826_070000.WAV	247	Waveform 1	1
HF	182.4861	49500.0	48960.0	6.279850610594479	182.4845	182.4904	49531	54062	Pipistrellus pipistrellus	0.014	0.025	-1	Echolocation	192000	/home/adkris/Documents/mila-human-wav-txt/20220826_070000.WAV	248	Waveform 1	1
HF	182.7547333333333	41250.0	41280.0	5.167391107499161	182.7515	182.7581	28046	48822	Myotis daubentonii	0.013	0.027	-1	Echolocation	192000	/home/adkris/Documents/mila-human-wav-txt/20220826_070000.WAV	249	Waveform 1	1
LF	186.41943333333333	20250.0	20160.0	7.352300820028543	186.4185	186.4344	19453	23771	Nyctalus noctula	0.03	0.051	-1	Echolocation	192000	/home/adkris/Documents/mila-human-wav-txt/20220826_070000.WAV	250	Waveform 1	1
LF	187.27156666666667	14250.0	14400.0	9.45600333163944	187.2695	187.2761	12578	26620	Plecotus auritus	0.02	0.025	-1	Echolocation	192000	/home/adkris/Documents/mila-human-wav-txt/20220826_070000.WAV	251	Waveform 1	1
HF	187.72006666666667	48000.0	47040.0	12.469370528835428	187.7175	187.7236	48671	52628	Pipistrellus pipistrellus	0.024	0.038	-1	Echolocation	192000	/home/adkris/Documents/mila-human-wav-txt/20220826_070000.WAV	252	Waveform 1	1
LF	187.90893333333327	41250.0	41280.0	6.866266378074095	187.9055	187.9119	28046	43948	Myotis daubentonii	0.014	0.035	-1	Echolocation	192000	/home/adkris/Documents/mila-human-wav-txt/20220826_070000.WAV	253	Waveform 1	1
HF	188.0022	39750.0	40320.0	6.221596320298744	188.0015	188.0083	35781	44294	Pipistrellus nathusii	0.019	0.041	-1	Echolocation	192000	/home/adkris/Documents/mila-human-wav-txt/20220826_070000.WAV	254	Waveform 1	1
LF	188.12476666666663	22500.0	22080.0	5.2068004611098	188.1225	188.1359	21171	24465	Nyctalus leisleri	0.015	0.031	-1	Echolocation	192000	/home/adkris/Documents/mila-human-wav-txt/20220826_070000.WAV	255	Waveform 1	1
HF	191.6759333333333	52500.0	52800.00000000001	5.319628138927685	191.6715	191.6769	37500	65830	Myotis mystacinus	0.01	0.028	-1	Echolocation	192000	/home/adkris/Documents/mila-human-wav-txt/20220826_070000.WAV	256	Waveform 1	1
HF	191.7421	57000.0	56640.0	7.924753033168645	191.7395	191.7479	56406	64915	Pipistrellus pygmaeus	0.024	0.026	-1	Echolocation	192000	/home/adkris/Documents/mila-human-wav-txt/20220826_070000.WAV	257	Waveform 1	1
HF	192.11846666666668	55500.0	55679.99999999999	5.800351992296815	192.1165	192.1232	33203	60766	Myotis daubentonii	0.009	0.026	-1	Echolocation	192000	/home/adkris/Documents/mila-human-wav-txt/20220826_070000.WAV	258	Waveform 1	1
LF	192.3148	17250.0	17280.0	7.293682959219142	192.3125	192.3212	15156	21728	Plecotus auritus	0.021	0.036	-1	Echolocation	192000	/home/adkris/Documents/mila-human-wav-txt/20220826_070000.WAV	259	Waveform 1	1
HF	192.42316666666667	63750.0	59520.0	8.931761366109418	192.4215	192.4285	58125	68731	Pipistrellus pygmaeus	0.03	0.031	-1	Echolocation	192000	/home/adkris/Documents/mila-human-wav-txt/20220826_070000.WAV	260	Waveform 1	1
HF	192.4254	53250.0	49920.0	11.764119740332832	192.4235	192.4291	33203	70451	Myotis brandtii	0.008	0.023	-1	Echolocation	192000	/home/adkris/Documents/mila-human-wav-txt/20220826_070000.WAV	261	Waveform 1	1
HF	192.6603	59250.0	58560.0	9.262778072897971	192.6545	192.6632	60703	67103	Pipistrellus pygmaeus	0.027	0.029	-1	Echolocation	192000	/home/adkris/Documents/mila-human-wav-txt/20220826_070000.WAV	262	Waveform 1	1
HF	192.6617666666667	52500.0	49920.0	11.089702175019791	192.6595	192.6659	29765	61284	Myotis daubentonii	0.014	0.024	-1	Echolocation	192000	/home/adkris/Documents/mila-human-wav-txt/20220826_070000.WAV	263	Waveform 1	1
HF	192.79823333333331	56250.0	56640.0	14.479048996083538	192.7975	192.8031	32343	69692	Myotis brandtii	0.01	0.028	-1	Echolocation	192000	/home/adkris/Documents/mila-human-wav-txt/20220826_070000.WAV	264	Waveform 1	1
HF	192.9466	60000.0	59520.0	13.531562329852278	192.9425	192.9494	58984	68599	Pipistrellus pygmaeus	0.025	0.027	-1	Echolocation	192000	/home/adkris/Documents/mila-human-wav-txt/20220826_070000.WAV	265	Waveform 1	1
HF	192.94756666666663	54750.0	54719.99999999999	14.088820097061207	192.9445	192.9501	34062	78227	Myotis brandtii	0.012	0.026	-1	Echolocation	192000	/home/adkris/Documents/mila-human-wav-txt/20220826_070000.WAV	266	Waveform 1	1
HF	193.0133333333333	55500.0	55679.99999999999	16.55181707058075	193.0125	193.018	33203	70153	Myotis mystacinus	0.011	0.033	-1	Echolocation	192000	/home/adkris/Documents/mila-human-wav-txt/20220826_070000.WAV	267	Waveform 1	1
HF	193.08563333333333	54000.0	54719.99999999999	9.306557195298485	193.0845	193.0897	33203	80838	Myotis mystacinus	0.014	0.037	-1	Echolocation	192000	/home/adkris/Documents/mila-human-wav-txt/20220826_070000.WAV	268	Waveform 1	1
HF	193.12573333333333	55500.0	54719.99999999999	6.454366553456135	193.1255	193.1316	34921	66842	Myotis brandtii	0.011	0.03	-1	Echolocation	192000	/home/adkris/Documents/mila-human-wav-txt/20220826_070000.WAV	269	Waveform 1	1
HF	193.2398333333333	49500.0	49920.0	5.270670633172678	193.2375	193.245	27187	47203	Myotis daubentonii	0.007	0.026	-1	Echolocation	192000	/home/adkris/Documents/mila-human-wav-txt/20220826_070000.WAV	270	Waveform 1	1
HF	193.23843333333332	54750.0	49920.0	17.594475581829656	193.2375	193.2429	32343	68550	Myotis brandtii	0.009	0.025	-1	Echolocation	192000	/home/adkris/Documents/mila-human-wav-txt/20220826_070000.WAV	271	Waveform 1	1
HF	193.29096666666663	57750.0	56640.0	17.946673227008297	193.2865	193.2942	58984	68323	Pipistrellus pygmaeus	0.041	0.044	-1	Echolocation	192000	/home/adkris/Documents/mila-human-wav-txt/20220826_070000.WAV	272	Waveform 1	1
LF	193.2963333333333	22500.0	22080.0	5.058788368147109	193.2935	193.3005	16015	28620	Plecotus austriacus	0.028	0.049	-1	Echolocation	192000	/home/adkris/Documents/mila-human-wav-txt/20220826_070000.WAV	273	Waveform 1	1
HF	193.52723333333333	55500.0	54719.99999999999	17.01327376186842	193.5265	193.5321	32343	70937	Myotis mystacinus	0.013	0.034	-1	Echolocation	192000	/home/adkris/Documents/mila-human-wav-txt/20220826_070000.WAV	274	Waveform 1	1
HF	193.61513333333332	54000.0	53760.00000000001	6.304184748752961	193.6145	193.6202	31484	62959	Myotis daubentonii	0.012	0.024	-1	Echolocation	192000	/home/adkris/Documents/mila-human-wav-txt/20220826_070000.WAV	275	Waveform 1	1
HF	193.9754	52500.0	48960.0	9.40761055996226	193.9725	193.9771	46093	66421	Pipistrellus pipistrellus	0.08	0.2	-1	Echolocation	192000	/home/adkris/Documents/mila-human-wav-txt/20220826_070000.WAV	276	Waveform 1	1
HF	193.97446666666667	52500.0	48960.0	6.739139571103641	193.9745	193.9797	32343	69344	Myotis daubentonii	0.017	0.056	-1	Echolocation	192000	/home/adkris/Documents/mila-human-wav-txt/20220826_070000.WAV	277	Waveform 1	1
HF	194.0056	50250.0	49920.0	6.348026585746004	194.0015	194.0084	29765	67630	Myotis mystacinus	0.025	0.055	-1	Echolocation	192000	/home/adkris/Documents/mila-human-wav-txt/20220826_070000.WAV	278	Waveform 1	1
HF	194.0052333333333	52500.0	49920.0	8.782170295663285	194.0035	194.0081	35781	86962	Myotis alcathoe	0.029	0.068	-1	Echolocation	192000	/home/adkris/Documents/mila-human-wav-txt/20220826_070000.WAV	279	Waveform 1	1
HF	194.0273	48750.0	48960.0	9.1733365269933	194.0255	194.0312	32343	70028	Myotis brandtii	0.012	0.03	-1	Echolocation	192000	/home/adkris/Documents/mila-human-wav-txt/20220826_070000.WAV	280	Waveform 1	1
HF	194.0273666666667	48750.0	48960.0	11.665645232026208	194.0265	194.0308	44375	66185	Myotis mystacinus	0.042	0.132	-1	Echolocation	192000	/home/adkris/Documents/mila-human-wav-txt/20220826_070000.WAV	281	Waveform 1	1
HF	194.06496666666663	49500.0	48960.0	11.467882256749151	194.0645	194.0692	31484	80425	Myotis mystacinus	0.031	0.064	-1	Echolocation	192000	/home/adkris/Documents/mila-human-wav-txt/20220826_070000.WAV	282	Waveform 1	1
HF	194.1046333333333	48750.0	53760.00000000001	10.883389749413972	194.1035	194.1087	30625	69358	Myotis mystacinus	0.017	0.049	-1	Echolocation	192000	/home/adkris/Documents/mila-human-wav-txt/20220826_070000.WAV	283	Waveform 1	1
HF	194.14856666666668	47250.0	53760.00000000001	6.229688908586334	194.1475	194.1516	31484	79482	Myotis mystacinus	0.025	0.061	-1	Echolocation	192000	/home/adkris/Documents/mila-human-wav-txt/20220826_070000.WAV	284	Waveform 1	1
HF	194.1881	55500.0	55679.99999999999	7.968958967030635	194.1855	194.1904	30625	70488	Myotis mystacinus	0.011	0.031	-1	Echolocation	192000	/home/adkris/Documents/mila-human-wav-txt/20220826_070000.WAV	285	Waveform 1	1
HF	194.22836666666663	52500.0	52800.00000000001	11.006071296812593	194.2275	194.2318	31484	79478	Myotis mystacinus	0.022	0.052	-1	Echolocation	192000	/home/adkris/Documents/mila-human-wav-txt/20220826_070000.WAV	286	Waveform 1	1
HF	194.26493333333332	52500.0	52800.00000000001	8.979958245277288	194.2635	194.2684	32343	80510	Myotis mystacinus	0.022	0.056	-1	Echolocation	192000	/home/adkris/Documents/mila-human-wav-txt/20220826_070000.WAV	287	Waveform 1	1
HF	194.3050333333333	47250.0	54719.99999999999	9.18533511133604	194.3035	194.3083	31484	81363	Myotis mystacinus	0.022	0.054	-1	Echolocation	192000	/home/adkris/Documents/mila-human-wav-txt/20220826_070000.WAV	288	Waveform 1	1
HF	194.3046	53250.0	54719.99999999999	14.286784463689974	194.3035	194.3099	52968	63871	Pipistrellus pygmaeus	0.091	0.112	-1	Echolocation	192000	/home/adkris/Documents/mila-human-wav-txt/20220826_070000.WAV	289	Waveform 1	1
HF	194.3891333333333	53250.0	52800.00000000001	10.075817162779222	194.3875	194.3922	52109	57873	Pipistrellus pipistrellus	0.074	0.123	-1	Echolocation	192000	/home/adkris/Documents/mila-human-wav-txt/20220826_070000.WAV	290	Waveform 1	1
HF	194.3886666666667	54000.0	52800.00000000001	5.782250085534651	194.3885	194.3935	29765	76144	Myotis mystacinus	0.015	0.043	-1	Echolocation	192000	/home/adkris/Documents/mila-human-wav-txt/20220826_070000.WAV	291	Waveform 1	1
HF	194.43076666666667	54000.0	48000.0	6.780548966052845	194.4295	194.4334	43515	65048	Myotis alcathoe	0.07	0.188	-1	Echolocation	192000	/home/adkris/Documents/mila-human-wav-txt/20220826_070000.WAV	292	Waveform 1	1
HF	194.46896666666663	53250.0	52800.00000000001	5.623921980688866	194.4665	194.4727	52109	57672	Pipistrellus pipistrellus	0.107	0.153	-1	Echolocation	192000	/home/adkris/Documents/mila-human-wav-txt/20220826_070000.WAV	293	Waveform 1	1
HF	194.4692	47250.0	52800.00000000001	5.100302217624174	194.4685	194.4718	43515	66423	Myotis mystacinus	0.092	0.136	-1	Echolocation	192000	/home/adkris/Documents/mila-human-wav-txt/20220826_070000.WAV	294	Waveform 1	1
LF	194.89156666666668	20250.0	19200.0	6.513022005812129	194.8905	194.9016	17734	23336	Nyctalus noctula	0.02	0.038	-1	Echolocation	192000	/home/adkris/Documents/mila-human-wav-txt/20220826_070000.WAV	295	Waveform 1	1
HF	195.20756666666665	52500.0	52800.00000000001	8.818443846195292	195.2075	195.2126	33203	65674	Myotis brandtii	0.009	0.028	-1	Echolocation	192000	/home/adkris/Documents/mila-human-wav-txt/20220826_070000.WAV	296	Waveform 1	1
HF	195.2782	60000.0	59520.0	10.601937105101625	195.2745	195.2818	58984	66404	Pipistrellus pygmaeus	0.02	0.025	-1	Echolocation	192000	/home/adkris/Documents/mila-human-wav-txt/20220826_070000.WAV	297	Waveform 1	1
HF	195.35596666666663	54000.0	48960.0	8.622745645512456	195.3555	195.3602	32343	71910	Myotis brandtii	0.021	0.063	-1	Echolocation	192000	/home/adkris/Documents/mila-human-wav-txt/20220826_070000.WAV	298	Waveform 1	1
HF	195.44073333333333	49500.0	48960.0	18.74216305568928	195.4365	195.4421	33203	63222	Myotis brandtii	0.008	0.025	-1	Echolocation	192000	/home/adkris/Documents/mila-human-wav-txt/20220826_070000.WAV	299	Waveform 1	1
HF	195.44096666666667	49500.0	48960.0	15.188156667542476	195.4385	195.4447	27187	49453	Myotis nattereri	0.014	0.026	-1	Echolocation	192000	/home/adkris/Documents/mila-human-wav-txt/20220826_070000.WAV	300	Waveform 1	1
HF	195.97493333333333	47250.0	47040.0	8.502358033059496	195.9735	195.9784	31484	67504	Myotis mystacinus	0.017	0.039	-1	Echolocation	192000	/home/adkris/Documents/mila-human-wav-txt/20220826_070000.WAV	301	Waveform 1	1
HF	196.02983333333333	48750.0	48960.0	5.76417455970688	196.0255	196.031	34921	64509	Myotis bechsteinii	0.009	0.031	-1	Echolocation	192000	/home/adkris/Documents/mila-human-wav-txt/20220826_070000.WAV	302	Waveform 1	1
LF	196.21203333333327	24750.0	24000.0	7.144755386672179	196.2085	196.2183	23750	29520	Nyctalus leisleri	0.031	0.101	-1	Echolocation	192000	/home/adkris/Documents/mila-human-wav-txt/20220826_070000.WAV	303	Waveform 1	1
LF	196.66996666666665	21750.0	22080.0	5.546462472116413	196.6645	196.6747	21171	26212	Nyctalus leisleri	0.008	0.025	-1	Echolocation	192000	/home/adkris/Documents/mila-human-wav-txt/20220826_070000.WAV	304	Waveform 1	1
HF	198.00436666666667	49500.0	48960.0	5.916920674944933	198.0025	198.0093	47812	52202	Pipistrellus pipistrellus	0.149	0.184	-1	Echolocation	192000	/home/adkris/Documents/mila-human-wav-txt/20220826_070000.WAV	305	Waveform 1	1
LF	198.0704	21750.0	22080.0	8.74662552886687	198.0695	198.0761	17734	30249	Plecotus austriacus	0.038	0.05	-1	Echolocation	192000	/home/adkris/Documents/mila-human-wav-txt/20220826_070000.WAV	306	Waveform 1	1
LF	200.69256666666664	21000.0	21120.0	11.814287332544067	200.6905	200.6971	17734	29096	Plecotus austriacus	0.101	0.128	-1	Echolocation	192000	/home/adkris/Documents/mila-human-wav-txt/20220826_070000.WAV	307	Waveform 1	1
LF	200.70126666666667	21750.0	22080.0	10.905718322800466	200.7005	200.7119	19453	23251	Nyctalus leisleri	0.014	0.021	-1	Echolocation	192000	/home/adkris/Documents/mila-human-wav-txt/20220826_070000.WAV	308	Waveform 1	1
LF	201.11116666666663	24750.0	24960.0	9.198755104900762	201.1095	201.127	20312	23432	Nyctalus leisleri	0.016	0.029	-1	Echolocation	192000	/home/adkris/Documents/mila-human-wav-txt/20220826_070000.WAV	309	Waveform 1	1
HF	201.79626666666667	51750.0	50880.0	7.315159169276448	201.7905	201.8039	50390	54071	Pipistrellus pygmaeus	0.05	0.091	-1	Echolocation	192000	/home/adkris/Documents/mila-human-wav-txt/20220826_070000.WAV	310	Waveform 1	1
LF	202.04923333333332	18750.0	19200.0	5.166843664723575	202.0465	202.0606	17734	22044	Nyctalus noctula	0.03	0.056	-1	Echolocation	192000	/home/adkris/Documents/mila-human-wav-txt/20220826_070000.WAV	311	Waveform 1	1
LF	202.1102	21000.0	24000.0	6.422575549481126	202.1055	202.1258	20312	23340	Nyctalus leisleri	0.012	0.023	-1	Echolocation	192000	/home/adkris/Documents/mila-human-wav-txt/20220826_070000.WAV	312	Waveform 1	1
HF	202.51566666666668	50250.0	49920.0	6.896873499798807	202.5025	202.5225	49531	54453	Pipistrellus pipistrellus	0.062	0.119	-1	Echolocation	192000	/home/adkris/Documents/mila-human-wav-txt/20220826_070000.WAV	313	Waveform 1	1
LF	203.3763333333333	24750.0	24960.0	5.2283190718266646	203.3715	203.38	27187	40416	Eptesicus serotinus	0.007	0.03	-1	Echolocation	192000	/home/adkris/Documents/mila-human-wav-txt/20220826_070000.WAV	314	Waveform 1	1
HF	203.67776666666668	54000.0	53760.00000000001	5.59383134994296	203.6765	203.6804	45234	58967	Pipistrellus pipistrellus	0.097	0.198	-1	Echolocation	192000	/home/adkris/Documents/mila-human-wav-txt/20220826_070000.WAV	315	Waveform 1	1
LF	203.7747	24750.0	24960.0	5.762665211609778	203.7525	203.7798	23750	28131	Nyctalus leisleri	0.088	0.196	-1	Echolocation	192000	/home/adkris/Documents/mila-human-wav-txt/20220826_070000.WAV	316	Waveform 1	1
LF	203.7747	24750.0	24960.0	5.792055713446937	203.7585	203.7883	23750	27950	Nyctalus leisleri	0.11	0.2	-1	Echolocation	192000	/home/adkris/Documents/mila-human-wav-txt/20220826_070000.WAV	317	Waveform 1	1
HF	203.9277	53250.0	52800.00000000001	5.423918895142919	203.9245	203.9323	49531	55117	Pipistrellus pipistrellus	0.036	0.051	-1	Echolocation	192000	/home/adkris/Documents/mila-human-wav-txt/20220826_070000.WAV	318	Waveform 1	1
HF	204.4959333333333	55500.0	55679.99999999999	6.564850970609696	204.4955	204.5014	34062	61532	Myotis brandtii	0.008	0.025	-1	Echolocation	192000	/home/adkris/Documents/mila-human-wav-txt/20220826_070000.WAV	319	Waveform 1	1
HF	204.55383333333333	54750.0	54719.99999999999	8.791782456282531	204.5525	204.5575	52109	62058	Pipistrellus pygmaeus	0.124	0.153	-1	Echolocation	192000	/home/adkris/Documents/mila-human-wav-txt/20220826_070000.WAV	320	Waveform 1	1
HF	204.58666666666667	57750.0	57600.0	6.331789316800686	204.5855	204.5895	48671	61065	Pipistrellus pipistrellus	0.126	0.167	-1	Echolocation	192000	/home/adkris/Documents/mila-human-wav-txt/20220826_070000.WAV	321	Waveform 1	1
HF	204.6629333333333	55500.0	55679.99999999999	9.616125163721016	204.6625	204.6684	55546	61328	Pipistrellus pygmaeus	0.062	0.065	-1	Echolocation	192000	/home/adkris/Documents/mila-human-wav-txt/20220826_070000.WAV	322	Waveform 1	1
LF	205.91256666666663	24750.0	24000.0	6.9092093269922366	205.9095	205.9186	23750	31359	Plecotus austriacus	0.008	0.024	-1	Echolocation	192000	/home/adkris/Documents/mila-human-wav-txt/20220826_070000.WAV	323	Waveform 1	1
LF	205.96336666666667	18750.0	20160.0	7.935471692948535	205.9615	205.9683	15156	26843	Plecotus austriacus	0.026	0.051	-1	Echolocation	192000	/home/adkris/Documents/mila-human-wav-txt/20220826_070000.WAV	324	Waveform 1	1
LF	206.8901	24750.0	24960.0	5.493838802968437	206.8865	206.8974	21171	25335	Nyctalus leisleri	0.013	0.023	-1	Echolocation	192000	/home/adkris/Documents/mila-human-wav-txt/20220826_070000.WAV	325	Waveform 1	1
LF	207.56193333333331	19500.0	20160.0	15.973011908637943	207.5595	207.5669	17734	29073	Plecotus austriacus	0.051	0.072	-1	Echolocation	192000	/home/adkris/Documents/mila-human-wav-txt/20220826_070000.WAV	326	Waveform 1	1
LF	210.3969	21750.0	22080.0	6.192903013724767	210.3935	210.4011	16875	27635	Plecotus austriacus	0.039	0.056	-1	Echolocation	192000	/home/adkris/Documents/mila-human-wav-txt/20220826_070000.WAV	327	Waveform 1	1
LF	211.23283333333333	15750.0	16320.000000000002	5.203257014217023	211.2315	211.24	14296	21366	Plecotus auritus	0.008	0.023	-1	Echolocation	192000	/home/adkris/Documents/mila-human-wav-txt/20220826_070000.WAV	328	Waveform 1	1
LF	212.4397333333333	21000.0	21120.0	12.256163376822055	212.4385	212.4506	20312	24586	Nyctalus leisleri	0.02	0.043	-1	Echolocation	192000	/home/adkris/Documents/mila-human-wav-txt/20220826_070000.WAV	329	Waveform 1	1
HF	213.3298	53250.0	53760.00000000001	5.515363322491891	213.3255	213.3322	50390	61504	Pipistrellus pipistrellus	0.083	0.124	-1	Echolocation	192000	/home/adkris/Documents/mila-human-wav-txt/20220826_070000.WAV	330	Waveform 1	1
HF	213.47476666666665	56250.0	55679.99999999999	8.141288562530828	213.4735	213.4809	54687	61932	Pipistrellus pygmaeus	0.04	0.042	-1	Echolocation	192000	/home/adkris/Documents/mila-human-wav-txt/20220826_070000.WAV	331	Waveform 1	1
HF	213.4745333333333	56250.0	55679.99999999999	5.02337189796024	213.4735	213.4788	35781	67644	Myotis brandtii	0.013	0.033	-1	Echolocation	192000	/home/adkris/Documents/mila-human-wav-txt/20220826_070000.WAV	332	Waveform 1	1
HF	213.5493333333333	55500.0	54719.99999999999	6.1271161244694365	213.5485	213.554	55546	62441	Pipistrellus pygmaeus	0.031	0.032	-1	Echolocation	192000	/home/adkris/Documents/mila-human-wav-txt/20220826_070000.WAV	333	Waveform 1	1
HF	213.60006666666663	56250.0	55679.99999999999	5.7622020333891495	213.5975	213.6036	54687	63907	Pipistrellus pygmaeus	0.072	0.076	-1	Echolocation	192000	/home/adkris/Documents/mila-human-wav-txt/20220826_070000.WAV	334	Waveform 1	1
HF	213.66003333333333	56250.0	55679.99999999999	5.413842105640512	213.6575	213.6648	48671	60940	Pipistrellus pipistrellus	0.134	0.192	-1	Echolocation	192000	/home/adkris/Documents/mila-human-wav-txt/20220826_070000.WAV	335	Waveform 1	1
LF	213.8854	21750.0	22080.0	6.007763842921186	213.8815	213.8921	19453	24985	Plecotus austriacus	0.028	0.082	-1	Echolocation	192000	/home/adkris/Documents/mila-human-wav-txt/20220826_070000.WAV	336	Waveform 1	1
LF	214.19076666666663	20250.0	20160.0	5.08068847511379	214.1885	214.1949	15156	27294	Plecotus auritus	0.015	0.024	-1	Echolocation	192000	/home/adkris/Documents/mila-human-wav-txt/20220826_070000.WAV	337	Waveform 1	1
LF	214.1907	20250.0	20160.0	5.09259523713114	214.1895	214.1993	19453	24196	Plecotus austriacus	0.009	0.023	-1	Echolocation	192000	/home/adkris/Documents/mila-human-wav-txt/20220826_070000.WAV	338	Waveform 1	1
LF	216.87573333333333	12750.0	12480.0	15.044209313309649	216.8745	216.8831	12578	18024	Nyctalus leisleri	0.013	0.026	-1	Echolocation	192000	/home/adkris/Documents/mila-human-wav-txt/20220826_070000.WAV	339	Waveform 1	1
LF	217.47476666666665	17250.0	17280.0	7.744094369832863	217.4735	217.4844	16015	20881	Nyctalus noctula	0.01	0.022	-1	Echolocation	192000	/home/adkris/Documents/mila-human-wav-txt/20220826_070000.WAV	340	Waveform 1	1
LF	217.5912333333333	17250.0	18240.0	6.4607244560527874	217.5895	217.5976	15156	23720	Plecotus auritus	0.033	0.05	-1	Echolocation	192000	/home/adkris/Documents/mila-human-wav-txt/20220826_070000.WAV	341	Waveform 1	1
LF	220.35636666666667	20250.0	20160.0	8.617130599782893	220.3515	220.3623	18593	23351	Nyctalus noctula	0.017	0.06	-1	Echolocation	192000	/home/adkris/Documents/mila-human-wav-txt/20220826_070000.WAV	342	Waveform 1	1
LF	220.76883333333333	20250.0	20160.0	5.966526473159368	220.7655	220.7755	18593	24238	Plecotus austriacus	0.033	0.08	-1	Echolocation	192000	/home/adkris/Documents/mila-human-wav-txt/20220826_070000.WAV	343	Waveform 1	1
LF	221.5546	21000.0	21120.0	6.909203706820208	221.5495	221.5624	22031	26698	Nyctalus leisleri	0.012	0.032	-1	Echolocation	192000	/home/adkris/Documents/mila-human-wav-txt/20220826_070000.WAV	344	Waveform 1	1
LF	222.30173333333332	20250.0	20160.0	8.46359683472472	222.3005	222.3056	15156	33225	Plecotus auritus	0.058	0.103	-1	Echolocation	192000	/home/adkris/Documents/mila-human-wav-txt/20220826_070000.WAV	345	Waveform 1	1
LF	222.9917	19500.0	19200.0	7.759124116747773	222.9905	222.9968	15156	26493	Plecotus auritus	0.02	0.03	-1	Echolocation	192000	/home/adkris/Documents/mila-human-wav-txt/20220826_070000.WAV	346	Waveform 1	1
LF	224.0443	21750.0	22080.0	7.103609142716882	224.0415	224.0532	22031	25133	Nyctalus leisleri	0.017	0.031	-1	Echolocation	192000	/home/adkris/Documents/mila-human-wav-txt/20220826_070000.WAV	347	Waveform 1	1
LF	224.90976666666663	20250.0	20160.0	11.316636304615024	224.9055	224.9169	18593	24532	Nyctalus noctula	0.024	0.066	-1	Echolocation	192000	/home/adkris/Documents/mila-human-wav-txt/20220826_070000.WAV	348	Waveform 1	1
LF	224.92456666666664	21750.0	21120.0	10.086235095880012	224.9175	224.9296	21171	25388	Nyctalus leisleri	0.014	0.025	-1	Echolocation	192000	/home/adkris/Documents/mila-human-wav-txt/20220826_070000.WAV	349	Waveform 1	1
LF	227.1184	20250.0	20160.0	5.952995395623683	227.1145	227.1251	18593	24171	Plecotus austriacus	0.023	0.06	-1	Echolocation	192000	/home/adkris/Documents/mila-human-wav-txt/20220826_070000.WAV	350	Waveform 1	1
LF	227.3712333333333	19500.0	20160.0	8.055447897953442	227.3675	227.3771	18593	24032	Plecotus austriacus	0.029	0.084	-1	Echolocation	192000	/home/adkris/Documents/mila-human-wav-txt/20220826_070000.WAV	351	Waveform 1	1
LF	227.3883333333333	22500.0	22080.0	5.548387639995741	227.3855	227.396	20312	25308	Nyctalus leisleri	0.008	0.022	-1	Echolocation	192000	/home/adkris/Documents/mila-human-wav-txt/20220826_070000.WAV	352	Waveform 1	1
LF	228.1942	18000.0	18240.0	12.650979065383252	228.1925	228.2088	18593	23472	Nyctalus noctula	0.013	0.025	-1	Echolocation	192000	/home/adkris/Documents/mila-human-wav-txt/20220826_070000.WAV	353	Waveform 1	1
LF	228.2116333333333	22500.0	19200.0	9.63106937503397	228.2065	228.2182	19453	24548	Nyctalus leisleri	0.011	0.024	-1	Echolocation	192000	/home/adkris/Documents/mila-human-wav-txt/20220826_070000.WAV	354	Waveform 1	1
LF	229.19976666666668	21000.0	21120.0	5.363197078353012	229.1975	229.2074	19453	24317	Plecotus austriacus	0.014	0.043	-1	Echolocation	192000	/home/adkris/Documents/mila-human-wav-txt/20220826_070000.WAV	355	Waveform 1	1
HF	230.00313333333327	47250.0	47040.0	5.495307258680665	230.0015	230.0097	46953	51405	Pipistrellus pipistrellus	0.021	0.026	-1	Echolocation	192000	/home/adkris/Documents/mila-human-wav-txt/20220826_070000.WAV	356	Waveform 1	1
HF	230.16866666666667	49500.0	49920.0	8.265559900190059	230.1655	230.171	34921	67629	Myotis mystacinus	0.016	0.04	-1	Echolocation	192000	/home/adkris/Documents/mila-human-wav-txt/20220826_070000.WAV	357	Waveform 1	1
HF	230.28243333333333	48750.0	48960.0	8.908816314353595	230.2785	230.2844	33203	62774	Myotis brandtii	0.007	0.023	-1	Echolocation	192000	/home/adkris/Documents/mila-human-wav-txt/20220826_070000.WAV	358	Waveform 1	1
HF	230.6626	59250.0	57600.0	8.524910871016832	230.6605	230.6659	56406	66011	Pipistrellus pygmaeus	0.087	0.091	-1	Echolocation	192000	/home/adkris/Documents/mila-human-wav-txt/20220826_070000.WAV	359	Waveform 1	1
HF	230.6659	48750.0	48960.0	5.472155163018893	230.6635	230.6686	32343	80573	Myotis mystacinus	0.027	0.071	-1	Echolocation	192000	/home/adkris/Documents/mila-human-wav-txt/20220826_070000.WAV	360	Waveform 1	1
HF	230.78253333333333	49500.0	55679.99999999999	6.929734571827937	230.7815	230.7868	34062	68403	Myotis brandtii	0.009	0.027	-1	Echolocation	192000	/home/adkris/Documents/mila-human-wav-txt/20220826_070000.WAV	361	Waveform 1	1
HF	230.8518	59250.0	58560.0	6.819693669472741	230.8505	230.8567	56406	65156	Pipistrellus pygmaeus	0.063	0.064	-1	Echolocation	192000	/home/adkris/Documents/mila-human-wav-txt/20220826_070000.WAV	362	Waveform 1	1
HF	230.9624333333333	52500.0	55679.99999999999	5.738354723875382	230.9615	230.9669	36640	59673	Myotis mystacinus	0.01	0.029	-1	Echolocation	192000	/home/adkris/Documents/mila-human-wav-txt/20220826_070000.WAV	363	Waveform 1	1
HF	231.36586666666668	48750.0	51840.0	14.708579070780273	231.3625	231.3678	32343	76756	Myotis mystacinus	0.02	0.046	-1	Echolocation	192000	/home/adkris/Documents/mila-human-wav-txt/20220826_070000.WAV	364	Waveform 1	1
HF	231.41743333333332	57750.0	62400.0	6.476839826620057	231.4155	231.4199	57265	63916	Myotis mystacinus	0.009	0.023	-1	Echolocation	192000	/home/adkris/Documents/mila-human-wav-txt/20220826_070000.WAV	365	Waveform 1	1
HF	231.42243333333332	55500.0	48960.0	18.91254208634852	231.4215	231.4269	31484	75280	Myotis mystacinus	0.02	0.051	-1	Echolocation	192000	/home/adkris/Documents/mila-human-wav-txt/20220826_070000.WAV	366	Waveform 1	1
LF	231.47296666666665	20250.0	20160.0	18.178060288410745	231.4715	231.4822	16875	23017	Plecotus austriacus	0.023	0.049	-1	Echolocation	192000	/home/adkris/Documents/mila-human-wav-txt/20220826_070000.WAV	367	Waveform 1	1
LF	231.4906333333333	21000.0	20160.0	14.07824839041322	231.4855	231.4972	20312	25188	Nyctalus leisleri	0.011	0.023	-1	Echolocation	192000	/home/adkris/Documents/mila-human-wav-txt/20220826_070000.WAV	368	Waveform 1	1
HF	231.5718	48750.0	48960.0	7.697940560225862	231.5705	231.5767	29765	51681	Myotis daubentonii	0.011	0.024	-1	Echolocation	192000	/home/adkris/Documents/mila-human-wav-txt/20220826_070000.WAV	369	Waveform 1	1
HF	231.91516666666664	55500.0	55679.99999999999	8.916643271543752	231.9145	231.919	34921	64787	Myotis mystacinus	0.022	0.055	-1	Echolocation	192000	/home/adkris/Documents/mila-human-wav-txt/20220826_070000.WAV	370	Waveform 1	1
HF	231.91566666666665	52500.0	55679.99999999999	7.45969492297462	231.9145	231.9185	27187	57937	Myotis nattereri	0.045	0.071	-1	Echolocation	192000	/home/adkris/Documents/mila-human-wav-txt/20220826_070000.WAV	371	Waveform 1	1
HF	231.9346	53250.0	54719.99999999999	7.72869851079864	231.9325	231.9379	34062	71443	Myotis brandtii	0.01	0.028	-1	Echolocation	192000	/home/adkris/Documents/mila-human-wav-txt/20220826_070000.WAV	372	Waveform 1	1
HF	232.068	48000.0	48000.0	7.139718582864944	232.0655	232.0705	36640	64442	Myotis mystacinus	0.012	0.032	-1	Echolocation	192000	/home/adkris/Documents/mila-human-wav-txt/20220826_070000.WAV	373	Waveform 1	1
LF	232.3868	21750.0	21120.0	18.21016926991336	232.3855	232.3917	17734	27916	Plecotus austriacus	0.139	0.176	-1	Echolocation	192000	/home/adkris/Documents/mila-human-wav-txt/20220826_070000.WAV	374	Waveform 1	1
LF	235.3714	40500.0	40320.0	5.523498962233489	235.3695	235.3751	28906	39566	Barbastellus barbastellus	0.007	0.024	-1	Echolocation	192000	/home/adkris/Documents/mila-human-wav-txt/20220826_070000.WAV	375	Waveform 1	1
HF	236.1364	48750.0	48000.0	6.363119926296895	236.1355	236.1421	47812	51797	Pipistrellus pipistrellus	0.017	0.029	-1	Echolocation	192000	/home/adkris/Documents/mila-human-wav-txt/20220826_070000.WAV	376	Waveform 1	1
LF	236.43176666666668	41250.0	41280.0	8.121882370195014	236.4295	236.4359	28906	43596	Myotis daubentonii	0.006	0.022	-1	Echolocation	192000	/home/adkris/Documents/mila-human-wav-txt/20220826_070000.WAV	377	Waveform 1	1
LF	237.07873333333333	21750.0	22080.0	7.439786730638795	237.0745	237.0836	18593	24896	Plecotus austriacus	0.022	0.046	-1	Echolocation	192000	/home/adkris/Documents/mila-human-wav-txt/20220826_070000.WAV	378	Waveform 1	1
LF	237.23433333333327	21000.0	21120.0	19.523142068494018	237.2335	237.2425	17734	24945	Plecotus austriacus	0.023	0.046	-1	Echolocation	192000	/home/adkris/Documents/mila-human-wav-txt/20220826_070000.WAV	379	Waveform 1	1
LF	237.2605333333333	23250.0	23040.0	14.64737826621244	237.2525	237.2648	22890	28484	Nyctalus leisleri	0.033	0.086	-1	Echolocation	192000	/home/adkris/Documents/mila-human-wav-txt/20220826_070000.WAV	380	Waveform 1	1
LF	237.40746666666664	18000.0	18240.0	6.569145983135015	237.4055	237.4192	16015	20253	Nyctalus noctula	0.076	0.099	-1	Echolocation	192000	/home/adkris/Documents/mila-human-wav-txt/20220826_070000.WAV	381	Waveform 1	1
LF	237.74133333333333	20250.0	21120.0	5.139607842017435	237.7375	237.7505	19453	23878	Nyctalus noctula	0.012	0.032	-1	Echolocation	192000	/home/adkris/Documents/mila-human-wav-txt/20220826_070000.WAV	382	Waveform 1	1
LF	239.0447	21750.0	20160.0	7.298699715253015	239.0405	239.0508	18593	24411	Plecotus austriacus	0.028	0.083	-1	Echolocation	192000	/home/adkris/Documents/mila-human-wav-txt/20220826_070000.WAV	383	Waveform 1	1
LF	239.7453	21000.0	20160.0	7.073114031556976	239.7415	239.7522	19453	23556	Nyctalus leisleri	0.022	0.071	-1	Echolocation	192000	/home/adkris/Documents/mila-human-wav-txt/20220826_070000.WAV	384	Waveform 1	1
LF	240.06536666666668	20250.0	20160.0	16.404857449483416	240.0635	240.0703	17734	27267	Plecotus austriacus	0.105	0.14	-1	Echolocation	192000	/home/adkris/Documents/mila-human-wav-txt/20220826_070000.WAV	385	Waveform 1	1
LF	240.96643333333333	24000.0	22080.0	5.492367157440929	240.9645	240.9724	20312	27278	Plecotus austriacus	0.021	0.036	-1	Echolocation	192000	/home/adkris/Documents/mila-human-wav-txt/20220826_070000.WAV	386	Waveform 1	1
LF	240.9854	24750.0	22080.0	6.4832625678143625	240.9795	240.9916	21171	26366	Nyctalus leisleri	0.012	0.025	-1	Echolocation	192000	/home/adkris/Documents/mila-human-wav-txt/20220826_070000.WAV	387	Waveform 1	1
LF	241.63446666666667	21000.0	21120.0	7.962029882056436	241.6325	241.6392	16875	29905	Plecotus austriacus	0.037	0.054	-1	Echolocation	192000	/home/adkris/Documents/mila-human-wav-txt/20220826_070000.WAV	388	Waveform 1	1
LF	244.85303333333331	21000.0	22080.0	5.729617426318759	244.8525	244.8583	16015	31526	Plecotus austriacus	0.021	0.032	-1	Echolocation	192000	/home/adkris/Documents/mila-human-wav-txt/20220826_070000.WAV	389	Waveform 1	1
LF	245.2757	21750.0	22080.0	7.489213229924233	245.2715	245.2818	19453	24833	Plecotus austriacus	0.016	0.04	-1	Echolocation	192000	/home/adkris/Documents/mila-human-wav-txt/20220826_070000.WAV	390	Waveform 1	1
LF	245.3002	22500.0	22080.0	5.317803656759603	245.2845	245.3008	19453	22827	Nyctalus leisleri	0.015	0.025	-1	Echolocation	192000	/home/adkris/Documents/mila-human-wav-txt/20220826_070000.WAV	391	Waveform 1	1
HF	245.72493333333333	58500.0	58560.0	6.190112276086557	245.7225	245.7299	56406	64904	Pipistrellus pygmaeus	0.027	0.029	-1	Echolocation	192000	/home/adkris/Documents/mila-human-wav-txt/20220826_070000.WAV	392	Waveform 1	1
HF	245.7769	57000.0	56640.0	9.072826583048466	245.7755	245.7816	54687	61987	Pipistrellus pygmaeus	0.085	0.092	-1	Echolocation	192000	/home/adkris/Documents/mila-human-wav-txt/20220826_070000.WAV	393	Waveform 1	1
HF	245.78816666666663	46500.0	46080.0	5.100329484793349	245.7875	245.7955	45234	54498	Pipistrellus pipistrellus	0.018	0.026	-1	Echolocation	192000	/home/adkris/Documents/mila-human-wav-txt/20220826_070000.WAV	394	Waveform 1	1
HF	245.9116	56250.0	56640.0	8.076084426847746	245.9095	245.9184	55546	63336	Pipistrellus pygmaeus	0.063	0.066	-1	Echolocation	192000	/home/adkris/Documents/mila-human-wav-txt/20220826_070000.WAV	395	Waveform 1	1
LF	247.05996666666667	22500.0	22080.0	6.617575057634864	247.0595	247.0642	15156	31613	Plecotus auritus	0.062	0.1	-1	Echolocation	192000	/home/adkris/Documents/mila-human-wav-txt/20220826_070000.WAV	396	Waveform 1	1
HF	247.4613	42750.0	44160.0	5.85074395418022	247.4595	247.4652	29765	45229	Myotis daubentonii	0.011	0.024	-1	Echolocation	192000	/home/adkris/Documents/mila-human-wav-txt/20220826_070000.WAV	397	Waveform 1	1
LF	247.54956666666664	41250.0	43200.0	7.467519890491171	247.5465	247.5521	30625	44615	Myotis daubentonii	0.014	0.034	-1	Echolocation	192000	/home/adkris/Documents/mila-human-wav-txt/20220826_070000.WAV	398	Waveform 1	1
LF	248.65326666666667	22500.0	22080.0	9.727074210825316	248.6485	248.6594	19453	24932	Nyctalus leisleri	0.038	0.127	-1	Echolocation	192000	/home/adkris/Documents/mila-human-wav-txt/20220826_070000.WAV	399	Waveform 1	1
LF	252.81883333333332	20250.0	20160.0	5.308238088342559	252.8145	252.8235	18593	25111	Plecotus austriacus	0.032	0.087	-1	Echolocation	192000	/home/adkris/Documents/mila-human-wav-txt/20220826_070000.WAV	400	Waveform 1	1
LF	253.21213333333333	17250.0	17280.0	5.096772957507726	253.2095	253.2167	14296	24697	Plecotus auritus	0.019	0.025	-1	Echolocation	192000	/home/adkris/Documents/mila-human-wav-txt/20220826_070000.WAV	401	Waveform 1	1
LF	254.77896666666663	20250.0	20160.0	7.750437141634451	254.7745	254.7892	19453	23366	Nyctalus noctula	0.03	0.054	-1	Echolocation	192000	/home/adkris/Documents/mila-human-wav-txt/20220826_070000.WAV	402	Waveform 1	1
LF	254.79403333333332	23250.0	23040.0	5.353585324464959	254.7885	254.7998	22031	27251	Nyctalus leisleri	0.011	0.024	-1	Echolocation	192000	/home/adkris/Documents/mila-human-wav-txt/20220826_070000.WAV	403	Waveform 1	1
LF	255.9619	17250.0	17280.0	8.85041465341949	255.9605	255.9736	16015	20442	Nyctalus noctula	0.056	0.076	-1	Echolocation	192000	/home/adkris/Documents/mila-human-wav-txt/20220826_070000.WAV	404	Waveform 1	1
LF	256.6731	20250.0	20160.0	11.778208569031534	256.6715	256.6809	18593	24211	Plecotus austriacus	0.015	0.032	-1	Echolocation	192000	/home/adkris/Documents/mila-human-wav-txt/20220826_070000.WAV	405	Waveform 1	1
LF	257.2537	17250.0	17280.0	6.363194278456213	257.2525	257.2693	16875	21233	Nyctalus noctula	0.029	0.042	-1	Echolocation	192000	/home/adkris/Documents/mila-human-wav-txt/20220826_070000.WAV	406	Waveform 1	1
HF	258.95166666666665	54750.0	52800.00000000001	6.908743502692587	258.9485	258.954	35781	60273	Myotis mystacinus	0.007	0.026	-1	Echolocation	192000	/home/adkris/Documents/mila-human-wav-txt/20220826_070000.WAV	407	Waveform 1	1
HF	259.1381666666667	55500.0	54719.99999999999	5.628988816541996	259.1355	259.1415	52968	60287	Pipistrellus pygmaeus	0.13	0.153	-1	Echolocation	192000	/home/adkris/Documents/mila-human-wav-txt/20220826_070000.WAV	408	Waveform 1	1
LF	259.31396666666666	15000.0	15360.0	6.323092429913978	259.3075	259.3167	14296	20563	Nyctalus noctula	0.015	0.044	-1	Echolocation	192000	/home/adkris/Documents/mila-human-wav-txt/20220826_070000.WAV	409	Waveform 1	1
HF	259.5202	51000.0	49920.0	8.151389884346656	259.5185	259.5243	34921	62604	Myotis mystacinus	0.008	0.024	-1	Echolocation	192000	/home/adkris/Documents/mila-human-wav-txt/20220826_070000.WAV	410	Waveform 1	1
LF	259.7601	17250.0	17280.0	7.962233035683434	259.7585	259.7644	13437	30639	Plecotus auritus	0.039	0.043	-1	Echolocation	192000	/home/adkris/Documents/mila-human-wav-txt/20220826_070000.WAV	411	Waveform 1	1
LF	259.9560333333333	18750.0	19200.0	12.751913190278344	259.9505	259.9653	17734	23879	Nyctalus noctula	0.032	0.05	-1	Echolocation	192000	/home/adkris/Documents/mila-human-wav-txt/20220826_070000.WAV	412	Waveform 1	1
LF	259.9575	21750.0	22080.0	5.139681129486164	259.9565	259.963	23750	40541	Myotis nattereri	0.014	0.037	-1	Echolocation	192000	/home/adkris/Documents/mila-human-wav-txt/20220826_070000.WAV	413	Waveform 1	1
HF	260.27136666666667	55500.0	55679.99999999999	5.1614641036428575	260.2685	260.2743	54687	61908	Pipistrellus pygmaeus	0.127	0.146	-1	Echolocation	192000	/home/adkris/Documents/mila-human-wav-txt/20220826_070000.WAV	414	Waveform 1	1
HF	260.31510000000003	54750.0	55679.99999999999	5.2858802288668825	260.3135	260.3194	53828	61943	Pipistrellus pygmaeus	0.133	0.138	-1	Echolocation	192000	/home/adkris/Documents/mila-human-wav-txt/20220826_070000.WAV	415	Waveform 1	1
HF	260.4775333333333	54750.0	55679.99999999999	5.540695526420092	260.4765	260.4818	37500	62166	Myotis mystacinus	0.011	0.03	-1	Echolocation	192000	/home/adkris/Documents/mila-human-wav-txt/20220826_070000.WAV	416	Waveform 1	1
HF	260.5674666666667	55500.0	55679.99999999999	6.569228373866	260.5655	260.5722	46093	57924	Pipistrellus pipistrellus	0.153	0.191	-1	Echolocation	192000	/home/adkris/Documents/mila-human-wav-txt/20220826_070000.WAV	417	Waveform 1	1
HF	260.5676	54750.0	54719.99999999999	7.253409511491595	260.5665	260.5729	54687	60009	Pipistrellus pygmaeus	0.051	0.061	-1	Echolocation	192000	/home/adkris/Documents/mila-human-wav-txt/20220826_070000.WAV	418	Waveform 1	1
HF	260.6055	58500.0	54719.99999999999	9.307027618847917	260.60450000000003	260.611	54687	61962	Pipistrellus pygmaeus	0.076	0.078	-1	Echolocation	192000	/home/adkris/Documents/mila-human-wav-txt/20220826_070000.WAV	419	Waveform 1	1
HF	260.6443333333333	59250.0	57600.0	5.188981783783026	260.6425	260.647	49531	62614	Pipistrellus pipistrellus	0.058	0.077	-1	Echolocation	192000	/home/adkris/Documents/mila-human-wav-txt/20220826_070000.WAV	420	Waveform 1	1
HF	260.645	57750.0	57600.0	5.386244189487818	260.6435	260.6495	56406	63675	Pipistrellus pygmaeus	0.154	0.157	-1	Echolocation	192000	/home/adkris/Documents/mila-human-wav-txt/20220826_070000.WAV	421	Waveform 1	1
HF	260.75873333333334	56250.0	54719.99999999999	8.586461633902776	260.7575	260.7626	34062	75653	Myotis mystacinus	0.012	0.032	-1	Echolocation	192000	/home/adkris/Documents/mila-human-wav-txt/20220826_070000.WAV	422	Waveform 1	1
HF	262.2754333333333	55500.0	55679.99999999999	5.197748278118776	262.2745	262.2799	55546	61677	Pipistrellus pygmaeus	0.042	0.045	-1	Echolocation	192000	/home/adkris/Documents/mila-human-wav-txt/20220826_070000.WAV	423	Waveform 1	1
HF	263.2375	54750.0	54719.99999999999	6.203276079074612	263.2355	263.241	38359	67527	Myotis brandtii	0.016	0.035	-1	Echolocation	192000	/home/adkris/Documents/mila-human-wav-txt/20220826_070000.WAV	424	Waveform 1	1
LF	263.458	21000.0	21120.0	13.807687053948436	263.4565	263.4625	16875	29583	Plecotus austriacus	0.081	0.124	-1	Echolocation	192000	/home/adkris/Documents/mila-human-wav-txt/20220826_070000.WAV	425	Waveform 1	1
HF	264.62256666666667	49500.0	49920.0	5.01102235064681	264.6205	264.6271	47812	51669	Pipistrellus pipistrellus	0.078	0.104	-1	Echolocation	192000	/home/adkris/Documents/mila-human-wav-txt/20220826_070000.WAV	426	Waveform 1	1
LF	264.7126	21000.0	21120.0	7.825450944978904	264.7115	264.7179	17734	27654	Plecotus austriacus	0.036	0.061	-1	Echolocation	192000	/home/adkris/Documents/mila-human-wav-txt/20220826_070000.WAV	427	Waveform 1	1
LF	265.8641333333333	19500.0	21120.0	6.659627526341804	265.8625	265.8672	16015	33272	Plecotus auritus	0.038	0.069	-1	Echolocation	192000	/home/adkris/Documents/mila-human-wav-txt/20220826_070000.WAV	428	Waveform 1	1
HF	270.7733333333333	56250.0	56640.0	6.428484576216512	270.7725	270.778	54687	63029	Pipistrellus pygmaeus	0.039	0.041	-1	Echolocation	192000	/home/adkris/Documents/mila-human-wav-txt/20220826_070000.WAV	429	Waveform 1	1
LF	271.4481	21750.0	21120.0	5.348011003829659	271.4465	271.4559	19453	24310	Plecotus austriacus	0.014	0.028	-1	Echolocation	192000	/home/adkris/Documents/mila-human-wav-txt/20220826_070000.WAV	430	Waveform 1	1
HF	271.5430333333333	57000.0	54719.99999999999	6.521331907635521	271.5425	271.5483	54687	62071	Pipistrellus pygmaeus	0.049	0.053	-1	Echolocation	192000	/home/adkris/Documents/mila-human-wav-txt/20220826_070000.WAV	431	Waveform 1	1
HF	271.5448333333333	48750.0	48960.0	8.17422864640448	271.5435	271.5485	33203	74222	Myotis mystacinus	0.017	0.047	-1	Echolocation	192000	/home/adkris/Documents/mila-human-wav-txt/20220826_070000.WAV	432	Waveform 1	1
HF	271.6438	49500.0	49920.0	11.59494770174212	271.6415	271.6467	34062	69988	Myotis mystacinus	0.01	0.026	-1	Echolocation	192000	/home/adkris/Documents/mila-human-wav-txt/20220826_070000.WAV	433	Waveform 1	1
HF	271.9039333333333	50250.0	49920.0	10.915862770467918	271.9025	271.9074	32343	78550	Myotis mystacinus	0.027	0.061	-1	Echolocation	192000	/home/adkris/Documents/mila-human-wav-txt/20220826_070000.WAV	434	Waveform 1	1
HF	271.9847	53250.0	53760.00000000001	6.351678853977875	271.9825	271.9878	36640	72263	Myotis mystacinus	0.018	0.038	-1	Echolocation	192000	/home/adkris/Documents/mila-human-wav-txt/20220826_070000.WAV	435	Waveform 1	1
HF	272.03996666666666	55500.0	55679.99999999999	12.111032981570029	272.0345	272.0412	53828	61784	Pipistrellus pipistrellus	0.014	0.032	-1	Echolocation	192000	/home/adkris/Documents/mila-human-wav-txt/20220826_070000.WAV	436	Waveform 1	1
HF	272.5376	53250.0	52800.00000000001	7.449574405420672	272.5355	272.5409	34062	68500	Myotis mystacinus	0.016	0.045	-1	Echolocation	192000	/home/adkris/Documents/mila-human-wav-txt/20220826_070000.WAV	437	Waveform 1	1
LF	272.8630333333333	21000.0	21120.0	8.010237592834489	272.8615	272.8698	19453	26510	Plecotus austriacus	0.067	0.113	-1	Echolocation	192000	/home/adkris/Documents/mila-human-wav-txt/20220826_070000.WAV	438	Waveform 1	1
LF	274.238	19500.0	19200.0	9.165560227930538	274.2315	274.2465	18593	23704	Nyctalus noctula	0.023	0.041	-1	Echolocation	192000	/home/adkris/Documents/mila-human-wav-txt/20220826_070000.WAV	439	Waveform 1	1
LF	274.26913333333334	21000.0	21120.0	11.36365641957675	274.2645	274.2732	19453	27232	Plecotus austriacus	0.05	0.097	-1	Echolocation	192000	/home/adkris/Documents/mila-human-wav-txt/20220826_070000.WAV	440	Waveform 1	1
LF	274.38166666666666	21000.0	22080.0	15.487434926860832	274.3775	274.389	18593	23804	Nyctalus noctula	0.029	0.08	-1	Echolocation	192000	/home/adkris/Documents/mila-human-wav-txt/20220826_070000.WAV	441	Waveform 1	1
LF	279.10336666666666	20250.0	21120.0	14.147856359368678	279.1015	279.1083	16875	30088	Plecotus austriacus	0.021	0.031	-1	Echolocation	192000	/home/adkris/Documents/mila-human-wav-txt/20220826_070000.WAV	442	Waveform 1	1
LF	279.1276	21000.0	21120.0	11.774531242818805	279.1205	279.1349	22031	26127	Nyctalus leisleri	0.016	0.029	-1	Echolocation	192000	/home/adkris/Documents/mila-human-wav-txt/20220826_070000.WAV	443	Waveform 1	1
LF	281.2109	20250.0	20160.0	9.21310281754876	281.2095	281.2191	19453	24698	Plecotus austriacus	0.034	0.093	-1	Echolocation	192000	/home/adkris/Documents/mila-human-wav-txt/20220826_070000.WAV	444	Waveform 1	1
HF	282.0794666666667	49500.0	49920.0	7.257690848821266	282.0765	282.0822	35781	67119	Myotis mystacinus	0.008	0.026	-1	Echolocation	192000	/home/adkris/Documents/mila-human-wav-txt/20220826_070000.WAV	445	Waveform 1	1
HF	282.0796	49500.0	49920.0	6.802780705103938	282.0775	282.0829	30625	56938	Myotis daubentonii	0.011	0.024	-1	Echolocation	192000	/home/adkris/Documents/mila-human-wav-txt/20220826_070000.WAV	446	Waveform 1	1
LF	284.25776666666667	21000.0	21120.0	8.492723324979874	284.2545	284.2634	18593	24956	Plecotus austriacus	0.033	0.06	-1	Echolocation	192000	/home/adkris/Documents/mila-human-wav-txt/20220826_070000.WAV	447	Waveform 1	1
LF	284.83773333333335	19500.0	20160.0	7.004176158459482	284.8365	284.8416	14296	32674	Plecotus auritus	0.03	0.05	-1	Echolocation	192000	/home/adkris/Documents/mila-human-wav-txt/20220826_070000.WAV	448	Waveform 1	1
LF	285.0062	19500.0	20160.0	19.434575940286063	285.0045	285.0173	18593	24223	Nyctalus noctula	0.042	0.068	-1	Echolocation	192000	/home/adkris/Documents/mila-human-wav-txt/20220826_070000.WAV	449	Waveform 1	1
LF	285.9886	19500.0	20160.0	6.026198926177516	285.9845	285.9984	17734	22272	Nyctalus noctula	0.019	0.037	-1	Echolocation	192000	/home/adkris/Documents/mila-human-wav-txt/20220826_070000.WAV	450	Waveform 1	1
LF	288.69503333333336	19500.0	20160.0	7.606002355779183	288.6905	288.7063	19453	24230	Nyctalus noctula	0.028	0.049	-1	Echolocation	192000	/home/adkris/Documents/mila-human-wav-txt/20220826_070000.WAV	451	Waveform 1	1
LF	290.2256	24750.0	25920.0	5.262796123103866	290.2255	290.2329	24609	34240	Plecotus austriacus	0.011	0.025	-1	Echolocation	192000	/home/adkris/Documents/mila-human-wav-txt/20220826_070000.WAV	452	Waveform 1	1
LF	290.2747	21000.0	21120.0	5.511492356011834	290.2725	290.2778	16875	34143	Plecotus austriacus	0.061	0.096	-1	Echolocation	192000	/home/adkris/Documents/mila-human-wav-txt/20220826_070000.WAV	453	Waveform 1	1
LF	292.73296666666664	24750.0	25920.0	7.389972083196909	292.7245	292.7387	25468	31255	Eptesicus serotinus	0.064	0.135	-1	Echolocation	192000	/home/adkris/Documents/mila-human-wav-txt/20220826_070000.WAV	454	Waveform 1	1
LF	293.6591	21000.0	21120.0	6.201471255734726	293.6575	293.6669	19453	25022	Plecotus austriacus	0.021	0.048	-1	Echolocation	192000	/home/adkris/Documents/mila-human-wav-txt/20220826_070000.WAV	455	Waveform 1	1
LF	293.6784	20250.0	21120.0	5.460223175734726	293.6715	293.6861	21171	25058	Nyctalus leisleri	0.015	0.024	-1	Echolocation	192000	/home/adkris/Documents/mila-human-wav-txt/20220826_070000.WAV	456	Waveform 1	1
LF	294.3996666666667	19500.0	20160.0	15.81833044751954	294.3945	294.405	18593	24236	Plecotus austriacus	0.026	0.075	-1	Echolocation	192000	/home/adkris/Documents/mila-human-wav-txt/20220826_070000.WAV	457	Waveform 1	1
LF	294.9967	19500.0	20160.0	12.917187267562335	294.9955	295.0053	16015	21929	Nyctalus noctula	0.028	0.05	-1	Echolocation	192000	/home/adkris/Documents/mila-human-wav-txt/20220826_070000.WAV	458	Waveform 1	1
LF	295.01796666666667	23250.0	20160.0	7.922317087947724	295.0085	295.0252	20312	26320	Nyctalus noctula	0.015	0.03	-1	Echolocation	192000	/home/adkris/Documents/mila-human-wav-txt/20220826_070000.WAV	459	Waveform 1	1
LF	295.48583333333335	18000.0	18240.0	5.620622768831862	295.4815	295.4975	17734	22500	Nyctalus noctula	0.019	0.032	-1	Echolocation	192000	/home/adkris/Documents/mila-human-wav-txt/20220826_070000.WAV	460	Waveform 1	1
LF	296.20306666666664	17250.0	17280.0	5.815766566326857	296.2015	296.2156	16015	20505	Nyctalus noctula	0.053	0.077	-1	Echolocation	192000	/home/adkris/Documents/mila-human-wav-txt/20220826_070000.WAV	461	Waveform 1	1
LF	296.47426666666667	21000.0	20160.0	7.051218081315706	296.4715	296.4879	19453	23493	Nyctalus noctula	0.028	0.054	-1	Echolocation	192000	/home/adkris/Documents/mila-human-wav-txt/20220826_070000.WAV	462	Waveform 1	1
HF	296.62326666666667	56250.0	56640.0	5.154287206410636	296.6215	296.6284	55546	62160	Pipistrellus pygmaeus	0.037	0.039	-1	Echolocation	192000	/home/adkris/Documents/mila-human-wav-txt/20220826_070000.WAV	463	Waveform 1	1
HF	296.6234333333333	51000.0	49920.0	5.265457751667299	296.6225	296.6279	35781	66962	Myotis mystacinus	0.012	0.034	-1	Echolocation	192000	/home/adkris/Documents/mila-human-wav-txt/20220826_070000.WAV	464	Waveform 1	1
HF	297.0235	54750.0	55679.99999999999	5.615788910159689	297.0215	297.027	34921	64178	Myotis mystacinus	0.009	0.028	-1	Echolocation	192000	/home/adkris/Documents/mila-human-wav-txt/20220826_070000.WAV	465	Waveform 1	1
LF	297.71253333333334	21000.0	21120.0	9.33605075485712	297.7105	297.7183	17734	27424	Plecotus austriacus	0.055	0.07	-1	Echolocation	192000	/home/adkris/Documents/mila-human-wav-txt/20220826_070000.WAV	466	Waveform 1	1
HF	297.8253666666667	49500.0	48960.0	6.3475733916512445	297.8225	297.8283	33203	69353	Myotis mystacinus	0.013	0.032	-1	Echolocation	192000	/home/adkris/Documents/mila-human-wav-txt/20220826_070000.WAV	467	Waveform 1	1
HF	297.89796666666666	48000.0	48960.0	9.880682811814404	297.8955	297.9017	46093	59526	Pipistrellus pipistrellus	0.013	0.027	-1	Echolocation	192000	/home/adkris/Documents/mila-human-wav-txt/20220826_070000.WAV	468	Waveform 1	1
HF	303.19593333333336	48750.0	48960.0	7.056039489916962	303.1925	303.1989	49531	53215	Pipistrellus pipistrellus	0.016	0.028	-1	Echolocation	192000	/home/adkris/Documents/mila-human-wav-txt/20220826_070000.WAV	469	Waveform 1	1
HF	303.47766666666666	48000.0	48000.0	6.694231268140363	303.4755	303.482	48671	53955	Pipistrellus pipistrellus	0.016	0.029	-1	Echolocation	192000	/home/adkris/Documents/mila-human-wav-txt/20220826_070000.WAV	470	Waveform 1	1
LF	303.976	23250.0	24000.0	7.536408675630293	303.9715	303.9815	22031	28476	Eptesicus serotinus	0.037	0.133	-1	Echolocation	192000	/home/adkris/Documents/mila-human-wav-txt/20220826_070000.WAV	471	Waveform 1	1
HF	304.3974333333333	40500.0	41280.0	6.93149096204278	304.3965	304.4019	28906	46526	Myotis daubentonii	0.016	0.035	-1	Echolocation	192000	/home/adkris/Documents/mila-human-wav-txt/20220826_070000.WAV	472	Waveform 1	1
LF	305.05493333333334	25500.0	24960.0	10.458530486251066	305.0515	305.0614	22031	28047	Plecotus austriacus	0.008	0.022	-1	Echolocation	192000	/home/adkris/Documents/mila-human-wav-txt/20220826_070000.WAV	473	Waveform 1	1
HF	305.31356666666665	48750.0	48960.0	5.04319714791783	305.3055	305.3166	47812	50605	Pipistrellus pipistrellus	0.125	0.156	-1	Echolocation	192000	/home/adkris/Documents/mila-human-wav-txt/20220826_070000.WAV	474	Waveform 1	1
LF	305.3281666666667	24000.0	24960.0	8.787771358612623	305.3215	305.334	21171	24466	Nyctalus leisleri	0.016	0.027	-1	Echolocation	192000	/home/adkris/Documents/mila-human-wav-txt/20220826_070000.WAV	475	Waveform 1	1
LF	305.8807	24750.0	24960.0	7.292551339895521	305.8795	305.8893	22031	27348	Nyctalus leisleri	0.009	0.024	-1	Echolocation	192000	/home/adkris/Documents/mila-human-wav-txt/20220826_070000.WAV	476	Waveform 1	1
LF	306.28183333333334	20250.0	21120.0	5.492551950271953	306.2795	306.287	19453	26990	Plecotus austriacus	0.036	0.064	-1	Echolocation	192000	/home/adkris/Documents/mila-human-wav-txt/20220826_070000.WAV	477	Waveform 1	1
LF	306.4293666666667	25500.0	24960.0	11.490380894315004	306.4245	306.4353	22031	27755	Nyctalus leisleri	0.011	0.03	-1	Echolocation	192000	/home/adkris/Documents/mila-human-wav-txt/20220826_070000.WAV	478	Waveform 1	1
LF	306.928	24000.0	24960.0	5.52333106497104	306.9265	306.936	23750	31058	Nyctalus leisleri	0.014	0.03	-1	Echolocation	192000	/home/adkris/Documents/mila-human-wav-txt/20220826_070000.WAV	479	Waveform 1	1
HF	308.2712666666667	48000.0	48000.0	8.027885612765811	308.2635	308.2784	46953	52401	Pipistrellus pipistrellus	0.079	0.103	-1	Echolocation	192000	/home/adkris/Documents/mila-human-wav-txt/20220826_070000.WAV	480	Waveform 1	1
LF	308.31696666666664	24000.0	24000.0	6.154038396196729	308.3145	308.3242	23750	31141	Nyctalus leisleri	0.008	0.024	-1	Echolocation	192000	/home/adkris/Documents/mila-human-wav-txt/20220826_070000.WAV	481	Waveform 1	1
HF	308.4144	48750.0	48960.0	5.653231317228299	308.4125	308.4251	47812	54615	Pipistrellus pipistrellus	0.059	0.073	-1	Echolocation	192000	/home/adkris/Documents/mila-human-wav-txt/20220826_070000.WAV	482	Waveform 1	1
LF	308.4463333333333	24000.0	24000.0	7.217459805977649	308.4445	308.456	22031	26414	Nyctalus leisleri	0.013	0.024	-1	Echolocation	192000	/home/adkris/Documents/mila-human-wav-txt/20220826_070000.WAV	483	Waveform 1	1
HF	308.8392666666667	49500.0	48960.0	5.637760237932908	308.8375	308.8479	46953	57324	Pipistrellus pipistrellus	0.026	0.035	-1	Echolocation	192000	/home/adkris/Documents/mila-human-wav-txt/20220826_070000.WAV	484	Waveform 1	1
LF	308.86673333333334	24000.0	24000.0	11.519346219733722	308.8615	308.8696	23750	31920	Plecotus austriacus	0.01	0.025	-1	Echolocation	192000	/home/adkris/Documents/mila-human-wav-txt/20220826_070000.WAV	485	Waveform 1	1
LF	309.1431666666667	24000.0	24000.0	11.876598483379926	309.1415	309.152	22890	28660	Nyctalus leisleri	0.011	0.026	-1	Echolocation	192000	/home/adkris/Documents/mila-human-wav-txt/20220826_070000.WAV	486	Waveform 1	1
LF	309.2744666666667	20250.0	20160.0	8.178921632666702	309.2705	309.2787	17734	25819	Plecotus austriacus	0.05	0.084	-1	Echolocation	192000	/home/adkris/Documents/mila-human-wav-txt/20220826_070000.WAV	487	Waveform 1	1
LF	309.4189	24750.0	24000.0	12.583334078121611	309.4155	309.4266	22031	27208	Nyctalus leisleri	0.012	0.027	-1	Echolocation	192000	/home/adkris/Documents/mila-human-wav-txt/20220826_070000.WAV	488	Waveform 1	1
LF	309.41926666666666	25500.0	25920.0	5.692370490732577	309.4155	309.4239	28046	39702	Eptesicus serotinus	0.009	0.025	-1	Echolocation	192000	/home/adkris/Documents/mila-human-wav-txt/20220826_070000.WAV	489	Waveform 1	1
HF	309.5430666666667	51000.0	50880.0	6.350683171878417	309.5385	309.5461	49531	53030	Pipistrellus pipistrellus	0.117	0.195	-1	Echolocation	192000	/home/adkris/Documents/mila-human-wav-txt/20220826_070000.WAV	490	Waveform 1	1
LF	309.54363333333333	24750.0	25920.0	5.665950268132123	309.5425	309.5512	24609	30259	Nyctalus leisleri	0.013	0.027	-1	Echolocation	192000	/home/adkris/Documents/mila-human-wav-txt/20220826_070000.WAV	491	Waveform 1	1
LF	309.6462333333333	23250.0	24960.0	8.275653677685884	309.6275	309.6466	24609	28939	Nyctalus leisleri	0.063	0.137	-1	Echolocation	192000	/home/adkris/Documents/mila-human-wav-txt/20220826_070000.WAV	492	Waveform 1	1
HF	309.80216666666666	51750.0	49920.0	7.960878239974035	309.7975	309.805	49531	55699	Pipistrellus pipistrellus	0.022	0.038	-1	Echolocation	192000	/home/adkris/Documents/mila-human-wav-txt/20220826_070000.WAV	493	Waveform 1	1
HF	310.3593	49500.0	48000.0	5.683187052210451	310.3555	310.3662	46953	52259	Pipistrellus pipistrellus	0.049	0.063	-1	Echolocation	192000	/home/adkris/Documents/mila-human-wav-txt/20220826_070000.WAV	494	Waveform 1	1
LF	310.37896666666666	31500.0	27840.0	5.616767697541474	310.3705	310.3812	28906	35259	Eptesicus serotinus	0.013	0.026	-1	Echolocation	192000	/home/adkris/Documents/mila-human-wav-txt/20220826_070000.WAV	495	Waveform 1	1
LF	311.0529666666667	24000.0	24000.0	5.281368978996835	311.0485	311.0632	22890	25917	Nyctalus leisleri	0.035	0.054	-1	Echolocation	192000	/home/adkris/Documents/mila-human-wav-txt/20220826_070000.WAV	496	Waveform 1	1
LF	311.4035666666667	25500.0	25920.0	6.186568811618827	311.3895	311.4086	24609	28889	Nyctalus leisleri	0.066	0.131	-1	Echolocation	192000	/home/adkris/Documents/mila-human-wav-txt/20220826_070000.WAV	497	Waveform 1	1
LF	312.1027	15000.0	16320.000000000002	7.362835952216181	312.1015	312.1078	13437	30898	Plecotus auritus	0.016	0.025	-1	Echolocation	192000	/home/adkris/Documents/mila-human-wav-txt/20220826_070000.WAV	498	Waveform 1	1
HF	312.49676666666664	47250.0	48960.0	5.537464824711551	312.4935	312.4989	33203	60789	Myotis daubentonii	0.015	0.033	-1	Echolocation	192000	/home/adkris/Documents/mila-human-wav-txt/20220826_070000.WAV	499	Waveform 1	1
LF	313.73193333333336	17250.0	17280.0	7.39278531295514	313.7315	313.7374	13437	31002	Plecotus auritus	0.017	0.032	-1	Echolocation	192000	/home/adkris/Documents/mila-human-wav-txt/20220826_070000.WAV	500	Waveform 1	1
LF	314.0106	22500.0	24000.0	5.013106859051821	314.0015	314.0139	22031	27204	Nyctalus leisleri	0.017	0.035	-1	Echolocation	192000	/home/adkris/Documents/mila-human-wav-txt/20220826_070000.WAV	501	Waveform 1	1
LF	315.4865	25500.0	24960.0	5.759516631209437	315.4805	315.4925	25468	30234	Nyctalus leisleri	0.02	0.04	-1	Echolocation	192000	/home/adkris/Documents/mila-human-wav-txt/20220826_070000.WAV	502	Waveform 1	1
LF	315.6161333333333	20250.0	20160.0	5.952837682719441	315.6125	315.6222	19453	24915	Plecotus austriacus	0.023	0.063	-1	Echolocation	192000	/home/adkris/Documents/mila-human-wav-txt/20220826_070000.WAV	503	Waveform 1	1
LF	318.54586666666665	24750.0	24960.0	5.304467600267971	318.5455	318.5573	22031	25627	Nyctalus leisleri	0.02	0.033	-1	Echolocation	192000	/home/adkris/Documents/mila-human-wav-txt/20220826_070000.WAV	504	Waveform 1	1
LF	319.51826666666665	25500.0	25920.0	5.636388790415427	319.5175	319.5289	21171	25695	Nyctalus leisleri	0.012	0.024	-1	Echolocation	192000	/home/adkris/Documents/mila-human-wav-txt/20220826_070000.WAV	505	Waveform 1	1
HF	319.981	51750.0	51840.0	5.2033506308168125	319.9755	319.9915	51250	56687	Pipistrellus pipistrellus	0.061	0.114	-1	Echolocation	192000	/home/adkris/Documents/mila-human-wav-txt/20220826_070000.WAV	506	Waveform 1	1
LF	320.00446666666664	25500.0	25920.0	9.4192064105341	320.0015	320.0107	23750	30199	Nyctalus leisleri	0.021	0.052	-1	Echolocation	192000	/home/adkris/Documents/mila-human-wav-txt/20220826_070000.WAV	507	Waveform 1	1
LF	320.67813333333334	19500.0	20160.0	11.957350350558777	320.6695	320.6812	19453	24551	Plecotus austriacus	0.007	0.023	-1	Echolocation	192000	/home/adkris/Documents/mila-human-wav-txt/20220826_070000.WAV	508	Waveform 1	1
LF	320.70076666666665	19500.0	20160.0	9.939464485975355	320.6905	320.7029	20312	24681	Nyctalus leisleri	0.012	0.022	-1	Echolocation	192000	/home/adkris/Documents/mila-human-wav-txt/20220826_070000.WAV	509	Waveform 1	1
HF	321.5292333333333	49500.0	49920.0	6.162945395319703	321.5205	321.5356	49531	53042	Pipistrellus pipistrellus	0.036	0.058	-1	Echolocation	192000	/home/adkris/Documents/mila-human-wav-txt/20220826_070000.WAV	510	Waveform 1	1
HF	321.8275	51000.0	50880.0	5.626319166334149	321.8235	321.8375	50390	54454	Pipistrellus pipistrellus	0.057	0.105	-1	Echolocation	192000	/home/adkris/Documents/mila-human-wav-txt/20220826_070000.WAV	511	Waveform 1	1
LF	321.9099	20250.0	20160.0	8.91723186633286	321.9085	321.9146	14296	32547	Plecotus auritus	0.027	0.033	-1	Echolocation	192000	/home/adkris/Documents/mila-human-wav-txt/20220826_070000.WAV	512	Waveform 1	1
LF	324.117	28500.0	24960.0	6.879813948856333	324.1115	324.1205	28046	36221	Eptesicus serotinus	0.011	0.027	-1	Echolocation	192000	/home/adkris/Documents/mila-human-wav-txt/20220826_070000.WAV	513	Waveform 1	1
LF	324.53253333333333	21000.0	21120.0	7.916805738304568	324.5295	324.5398	18593	24226	Plecotus austriacus	0.024	0.05	-1	Echolocation	192000	/home/adkris/Documents/mila-human-wav-txt/20220826_070000.WAV	514	Waveform 1	1
LF	326.03833333333336	20250.0	20160.0	8.18692621142001	326.0345	326.0475	19453	24652	Nyctalus noctula	0.022	0.052	-1	Echolocation	192000	/home/adkris/Documents/mila-human-wav-txt/20220826_070000.WAV	515	Waveform 1	1
LF	326.4131333333333	21000.0	21120.0	5.069281156394362	326.4105	326.4177	15156	26283	Plecotus auritus	0.051	0.064	-1	Echolocation	192000	/home/adkris/Documents/mila-human-wav-txt/20220826_070000.WAV	516	Waveform 1	1
LF	326.66973333333334	17250.0	17280.0	5.061197233930229	326.6685	326.6771	15156	21252	Nyctalus noctula	0.017	0.045	-1	Echolocation	192000	/home/adkris/Documents/mila-human-wav-txt/20220826_070000.WAV	517	Waveform 1	1
LF	326.85273333333333	20250.0	20160.0	6.52239912900992	326.8485	326.8576	18593	24719	Plecotus austriacus	0.03	0.09	-1	Echolocation	192000	/home/adkris/Documents/mila-human-wav-txt/20220826_070000.WAV	518	Waveform 1	1
LF	328.9185	21000.0	21120.0	11.787722205901463	328.9135	328.923	18593	24704	Plecotus austriacus	0.02	0.053	-1	Echolocation	192000	/home/adkris/Documents/mila-human-wav-txt/20220826_070000.WAV	519	Waveform 1	1
LF	329.7106	19500.0	19200.0	13.502626419474	329.7095	329.7194	16875	22948	Plecotus austriacus	0.018	0.041	-1	Echolocation	192000	/home/adkris/Documents/mila-human-wav-txt/20220826_070000.WAV	520	Waveform 1	1
LF	337.5697333333333	24000.0	23040.0	5.597700397831913	337.5675	337.5751	21171	30444	Plecotus austriacus	0.041	0.066	-1	Echolocation	192000	/home/adkris/Documents/mila-human-wav-txt/20220826_070000.WAV	521	Waveform 1	1
LF	338.1374666666667	18750.0	20160.0	8.445496792465796	338.1355	338.1422	16015	26069	Plecotus austriacus	0.018	0.035	-1	Echolocation	192000	/home/adkris/Documents/mila-human-wav-txt/20220826_070000.WAV	522	Waveform 1	1
LF	339.5973666666667	21750.0	22080.0	5.067971892639399	339.5965	339.6008	16015	34969	Plecotus austriacus	0.038	0.069	-1	Echolocation	192000	/home/adkris/Documents/mila-human-wav-txt/20220826_070000.WAV	523	Waveform 1	1
LF	340.252	16500.0	17280.0	6.994375943196073	340.2495	340.258	14296	20770	Plecotus auritus	0.017	0.03	-1	Echolocation	192000	/home/adkris/Documents/mila-human-wav-txt/20220826_070000.WAV	524	Waveform 1	1
LF	346.17126666666667	18000.0	16320.000000000002	8.871754392987292	346.1685	346.1744	12578	31616	Barbastellus barbastellus	0.079	0.104	-1	Echolocation	192000	/home/adkris/Documents/mila-human-wav-txt/20220826_070000.WAV	525	Waveform 1	1
LF	346.5669	19500.0	20160.0	11.09146816011689	346.5615	346.5671	16015	28515	Plecotus auritus	0.142	0.174	-1	Echolocation	192000	/home/adkris/Documents/mila-human-wav-txt/20220826_070000.WAV	526	Waveform 1	1
LF	346.75626666666665	19500.0	20160.0	5.053067124779247	346.7545	346.7614	16015	28062	Plecotus auritus	0.055	0.087	-1	Echolocation	192000	/home/adkris/Documents/mila-human-wav-txt/20220826_070000.WAV	527	Waveform 1	1
LF	347.48463333333336	17250.0	20160.0	5.805853910463707	347.4825	347.4902	15156	22203	Plecotus auritus	0.027	0.035	-1	Echolocation	192000	/home/adkris/Documents/mila-human-wav-txt/20220826_070000.WAV	528	Waveform 1	1
HF	347.4911333333333	39000.0	41280.0	5.84737172419782	347.4865	347.4952	39218	45768	Pipistrellus nathusii	0.098	0.146	-1	Echolocation	192000	/home/adkris/Documents/mila-human-wav-txt/20220826_070000.WAV	529	Waveform 1	1
HF	347.6102333333333	54750.0	54719.99999999999	5.216805466575684	347.6065	347.6126	52109	58565	Pipistrellus pygmaeus	0.146	0.171	-1	Echolocation	192000	/home/adkris/Documents/mila-human-wav-txt/20220826_070000.WAV	530	Waveform 1	1
HF	348.8899	42000.0	41280.0	6.371868932118968	348.8855	348.8921	38359	51145	Pipistrellus nathusii	0.05	0.145	-1	Echolocation	192000	/home/adkris/Documents/mila-human-wav-txt/20220826_070000.WAV	531	Waveform 1	1
HF	349.423	44250.0	41280.0	5.50426231319276	349.4215	349.4275	28046	50315	Myotis daubentonii	0.016	0.035	-1	Echolocation	192000	/home/adkris/Documents/mila-human-wav-txt/20220826_070000.WAV	532	Waveform 1	1
LF	349.7454	15750.0	16320.000000000002	5.926273479714843	349.7425	349.7576	15156	17755	Nyctalus noctula	0.026	0.045	-1	Echolocation	192000	/home/adkris/Documents/mila-human-wav-txt/20220826_070000.WAV	533	Waveform 1	1
LF	353.4334	17250.0	17280.0	7.2763982234988545	353.4325	353.4391	14296	28075	Plecotus auritus	0.018	0.031	-1	Echolocation	192000	/home/adkris/Documents/mila-human-wav-txt/20220826_070000.WAV	534	Waveform 1	1
LF	354.0366666666667	21750.0	22080.0	8.297951245383716	354.0315	354.04200000000003	22031	26646	Nyctalus leisleri	0.017	0.049	-1	Echolocation	192000	/home/adkris/Documents/mila-human-wav-txt/20220826_070000.WAV	535	Waveform 1	1
LF	354.2395666666667	21000.0	22080.0	6.203974517842591	354.2365	354.2456	20312	26067	Plecotus austriacus	0.01	0.022	-1	Echolocation	192000	/home/adkris/Documents/mila-human-wav-txt/20220826_070000.WAV	536	Waveform 1	1
LF	355.2484333333333	19500.0	17280.0	5.677956219056819	355.2455	355.2524	14296	29779	Plecotus auritus	0.083	0.104	-1	Echolocation	192000	/home/adkris/Documents/mila-human-wav-txt/20220826_070000.WAV	537	Waveform 1	1
LF	356.2515666666667	21000.0	20160.0	7.614586827362374	356.2485	356.2576	18593	25049	Plecotus austriacus	0.031	0.061	-1	Echolocation	192000	/home/adkris/Documents/mila-human-wav-txt/20220826_070000.WAV	538	Waveform 1	1
LF	356.65913333333333	20250.0	20160.0	7.167806354956409	356.6565	356.6672	19453	23443	Nyctalus leisleri	0.023	0.066	-1	Echolocation	192000	/home/adkris/Documents/mila-human-wav-txt/20220826_070000.WAV	539	Waveform 1	1
LF	357.25093333333336	21750.0	22080.0	10.009503270122035	357.2495	357.2579	20312	26002	Plecotus austriacus	0.03	0.083	-1	Echolocation	192000	/home/adkris/Documents/mila-human-wav-txt/20220826_070000.WAV	540	Waveform 1	1
LF	357.8559333333333	24000.0	24000.0	7.035630852317118	357.8505	357.8584	20312	27878	Plecotus austriacus	0.012	0.025	-1	Echolocation	192000	/home/adkris/Documents/mila-human-wav-txt/20220826_070000.WAV	541	Waveform 1	1
LF	358.4473	20250.0	20160.0	7.899356695367201	358.4455	358.4547	18593	24083	Plecotus austriacus	0.023	0.044	-1	Echolocation	192000	/home/adkris/Documents/mila-human-wav-txt/20220826_070000.WAV	542	Waveform 1	1
LF	358.4601	21000.0	22080.0	6.011041975515541	358.4565	358.4674	21171	26955	Nyctalus leisleri	0.009	0.023	-1	Echolocation	192000	/home/adkris/Documents/mila-human-wav-txt/20220826_070000.WAV	543	Waveform 1	1
LF	358.6884333333333	21750.0	22080.0	7.416197137925408	358.6875	358.6929	17734	33865	Plecotus austriacus	0.057	0.09	-1	Echolocation	192000	/home/adkris/Documents/mila-human-wav-txt/20220826_070000.WAV	544	Waveform 1	1
LF	358.9139333333333	21750.0	20160.0	12.158125930144834	358.9115	358.9189	17734	26475	Plecotus austriacus	0.067	0.106	-1	Echolocation	192000	/home/adkris/Documents/mila-human-wav-txt/20220826_070000.WAV	545	Waveform 1	1
LF	359.2375333333333	21000.0	21120.0	5.4263866763559445	359.2335	359.2463	19453	23658	Nyctalus leisleri	0.022	0.065	-1	Echolocation	192000	/home/adkris/Documents/mila-human-wav-txt/20220826_070000.WAV	546	Waveform 1	1
LF	359.3068	16500.0	17280.0	5.985614651387346	359.3015	359.3212	16015	19222	Nyctalus noctula	0.062	0.09	-1	Echolocation	192000	/home/adkris/Documents/mila-human-wav-txt/20220826_070000.WAV	547	Waveform 1	1
LF	363.4793333333333	17250.0	20160.0	5.359399733326637	363.4775	363.4855	15156	23279	Plecotus auritus	0.019	0.042	-1	Echolocation	192000	/home/adkris/Documents/mila-human-wav-txt/20220826_070000.WAV	548	Waveform 1	1
LF	364.6357	24000.0	20160.0	8.933329814150294	364.6345	364.6408	17734	31257	Plecotus austriacus	0.026	0.042	-1	Echolocation	192000	/home/adkris/Documents/mila-human-wav-txt/20220826_070000.WAV	549	Waveform 1	1
LF	365.9515	17250.0	17280.0	5.693678884405048	365.9495	365.9655	16015	19581	Nyctalus noctula	0.04	0.058	-1	Echolocation	192000	/home/adkris/Documents/mila-human-wav-txt/20220826_070000.WAV	550	Waveform 1	1
LF	366.0060666666666	25500.0	25920.0	6.4803486024084656	366.0015	366.0126	22890	27809	Nyctalus leisleri	0.021	0.052	-1	Echolocation	192000	/home/adkris/Documents/mila-human-wav-txt/20220826_070000.WAV	551	Waveform 1	1
LF	366.16266666666667	25500.0	25920.0	5.875609075042108	366.1545	366.169	24609	30295	Nyctalus leisleri	0.074	0.166	-1	Echolocation	192000	/home/adkris/Documents/mila-human-wav-txt/20220826_070000.WAV	552	Waveform 1	1
LF	366.639	21750.0	22080.0	6.056669405974887	366.6375	366.6505	20312	23923	Nyctalus leisleri	0.014	0.034	-1	Echolocation	192000	/home/adkris/Documents/mila-human-wav-txt/20220826_070000.WAV	553	Waveform 1	1
LF	366.68146666666667	25500.0	24960.0	6.834919188376343	366.6695	366.6907	24609	29003	Nyctalus leisleri	0.062	0.127	-1	Echolocation	192000	/home/adkris/Documents/mila-human-wav-txt/20220826_070000.WAV	554	Waveform 1	1
LF	366.6892	24750.0	24960.0	9.278057421932806	366.6755	366.6938	25468	28110	Nyctalus leisleri	0.093	0.131	-1	Echolocation	192000	/home/adkris/Documents/mila-human-wav-txt/20220826_070000.WAV	555	Waveform 1	1
HF	367.0122	48750.0	48960.0	11.394244954609958	367.0075	367.0138	49531	53065	Pipistrellus pipistrellus	0.014	0.027	-1	Echolocation	192000	/home/adkris/Documents/mila-human-wav-txt/20220826_070000.WAV	556	Waveform 1	1
HF	367.2191333333333	48750.0	48000.0	16.498303561419437	367.2155	367.2217	48671	52703	Pipistrellus pipistrellus	0.018	0.03	-1	Echolocation	192000	/home/adkris/Documents/mila-human-wav-txt/20220826_070000.WAV	557	Waveform 1	1
HF	367.3213333333333	52500.0	51840.0	6.734776768335726	367.3155	367.323	52109	55690	Pipistrellus pygmaeus	0.018	0.027	-1	Echolocation	192000	/home/adkris/Documents/mila-human-wav-txt/20220826_070000.WAV	558	Waveform 1	1
LF	367.43573333333336	19500.0	20160.0	6.5594517719971375	367.4305	367.4421	19453	24350	Nyctalus noctula	0.023	0.069	-1	Echolocation	192000	/home/adkris/Documents/mila-human-wav-txt/20220826_070000.WAV	559	Waveform 1	1
HF	367.5273	55500.0	52800.00000000001	6.096444006896352	367.5255	367.5347	53828	58648	Pipistrellus pygmaeus	0.026	0.029	-1	Echolocation	192000	/home/adkris/Documents/mila-human-wav-txt/20220826_070000.WAV	560	Waveform 1	1
HF	367.6256	48000.0	48960.0	12.443166444581037	367.6205	367.6264	50390	56775	Pipistrellus pipistrellus	0.015	0.027	-1	Echolocation	192000	/home/adkris/Documents/mila-human-wav-txt/20220826_070000.WAV	561	Waveform 1	1
LF	367.6345	40500.0	40320.0	6.259431229808177	367.6325	367.638	31484	39218	Myotis daubentonii	0.011	0.023	-1	Echolocation	192000	/home/adkris/Documents/mila-human-wav-txt/20220826_070000.WAV	562	Waveform 1	1
LF	367.73246666666665	40500.0	39360.0	5.467682727406588	367.7295	367.7352	30625	38107	Myotis daubentonii	0.012	0.027	-1	Echolocation	192000	/home/adkris/Documents/mila-human-wav-txt/20220826_070000.WAV	563	Waveform 1	1
HF	367.9171666666667	40500.0	41280.0	25.83336543582305	367.9145	367.9205	29765	53340	Barbastellus barbastellus	0.044	0.073	-1	Echolocation	192000	/home/adkris/Documents/mila-human-wav-txt/20220826_070000.WAV	564	Waveform 1	1
LF	367.9246	39750.0	39360.0	8.544136967961444	367.9225	367.9279	30625	39774	Myotis daubentonii	0.01	0.022	-1	Echolocation	192000	/home/adkris/Documents/mila-human-wav-txt/20220826_070000.WAV	565	Waveform 1	1
HF	368.01276666666666	56250.0	53760.00000000001	6.784666961424022	368.0115	368.0189	53828	61049	Pipistrellus pygmaeus	0.024	0.028	-1	Echolocation	192000	/home/adkris/Documents/mila-human-wav-txt/20220826_070000.WAV	566	Waveform 1	1
HF	368.0169333333333	41250.0	45120.0	23.270198182118733	368.0125	368.0179	30625	60637	Barbastellus barbastellus	0.034	0.085	-1	Echolocation	192000	/home/adkris/Documents/mila-human-wav-txt/20220826_070000.WAV	567	Waveform 1	1
HF	368.0154	44250.0	45120.0	12.689373800936202	368.0145	368.0211	23750	49445	Myotis nattereri	0.027	0.045	-1	Echolocation	192000	/home/adkris/Documents/mila-human-wav-txt/20220826_070000.WAV	568	Waveform 1	1
LF	368.0228	40500.0	41280.0	11.857192426019584	368.0205	368.0257	32343	42772	Myotis daubentonii	0.01	0.025	-1	Echolocation	192000	/home/adkris/Documents/mila-human-wav-txt/20220826_070000.WAV	569	Waveform 1	1
HF	368.0933	57000.0	54719.99999999999	7.731194355956057	368.0845	368.0937	54687	61124	Pipistrellus pygmaeus	0.022	0.023	-1	Echolocation	192000	/home/adkris/Documents/mila-human-wav-txt/20220826_070000.WAV	570	Waveform 1	1
HF	368.0924	48750.0	48960.0	17.280918803595696	368.0875	368.0936	49531	55779	Pipistrellus pipistrellus	0.014	0.026	-1	Echolocation	192000	/home/adkris/Documents/mila-human-wav-txt/20220826_070000.WAV	571	Waveform 1	1
HF	368.0957	41250.0	45120.0	7.976628514855115	368.0935	368.0988	25468	63381	Myotis nattereri	0.021	0.043	-1	Echolocation	192000	/home/adkris/Documents/mila-human-wav-txt/20220826_070000.WAV	572	Waveform 1	1
HF	368.1945666666667	55500.0	55679.99999999999	9.2914675487895	368.1895	368.2001	55546	62078	Pipistrellus pygmaeus	0.025	0.025	-1	Echolocation	192000	/home/adkris/Documents/mila-human-wav-txt/20220826_070000.WAV	573	Waveform 1	1
HF	368.2003	45750.0	43200.0	21.698222354486525	368.1975	368.2022	30625	70130	Myotis brandtii	0.063	0.157	-1	Echolocation	192000	/home/adkris/Documents/mila-human-wav-txt/20220826_070000.WAV	574	Waveform 1	1
HF	368.29066666666665	57750.0	55679.99999999999	8.098557301423334	368.2855	368.296	56406	62343	Pipistrellus pygmaeus	0.029	0.029	-1	Echolocation	192000	/home/adkris/Documents/mila-human-wav-txt/20220826_070000.WAV	575	Waveform 1	1
HF	368.2961666666666	71250.0	79680.0	5.260967064177291	368.2945	368.3225	68437	81110	Rhinolophus ferrumequinum	0.024	0.024	-1	Echolocation	192000	/home/adkris/Documents/mila-human-wav-txt/20220826_070000.WAV	576	Waveform 1	1
LF	368.2977333333333	43500.0	40320.0	8.718000647756206	368.2975	368.3036	23750	46670	Myotis nattereri	0.014	0.03	-1	Echolocation	192000	/home/adkris/Documents/mila-human-wav-txt/20220826_070000.WAV	577	Waveform 1	1
HF	368.5744666666667	48750.0	48960.0	6.479460954762594	368.5725	368.5792	48671	52592	Pipistrellus pipistrellus	0.027	0.044	-1	Echolocation	192000	/home/adkris/Documents/mila-human-wav-txt/20220826_070000.WAV	578	Waveform 1	1
HF	368.7526	54000.0	48960.0	21.61992618556896	368.7485	368.7589	49531	57048	Pipistrellus pipistrellus	0.023	0.042	-1	Echolocation	192000	/home/adkris/Documents/mila-human-wav-txt/20220826_070000.WAV	579	Waveform 1	1
HF	368.7645	41250.0	42240.0	13.504400292229228	368.7625	368.768	34062	45824	Myotis brandtii	0.011	0.026	-1	Echolocation	192000	/home/adkris/Documents/mila-human-wav-txt/20220826_070000.WAV	580	Waveform 1	1
HF	368.8484333333333	48750.0	48960.0	11.027409921429738	368.8475	368.8529	48671	55621	Pipistrellus pipistrellus	0.025	0.042	-1	Echolocation	192000	/home/adkris/Documents/mila-human-wav-txt/20220826_070000.WAV	581	Waveform 1	1
HF	369.05696666666665	52500.0	48960.0	18.25482315008347	369.0545	369.0607	49531	56760	Pipistrellus pipistrellus	0.041	0.07	-1	Echolocation	192000	/home/adkris/Documents/mila-human-wav-txt/20220826_070000.WAV	582	Waveform 1	1
HF	369.05893333333336	44250.0	44160.0	24.27684642906717	369.0555	369.0619	31484	64972	Myotis bechsteinii	0.031	0.068	-1	Echolocation	192000	/home/adkris/Documents/mila-human-wav-txt/20220826_070000.WAV	583	Waveform 1	1
HF	369.0675	45000.0	40320.0	5.31936634740628	369.0655	369.071	34062	48683	Myotis brandtii	0.014	0.033	-1	Echolocation	192000	/home/adkris/Documents/mila-human-wav-txt/20220826_070000.WAV	584	Waveform 1	1
HF	369.23676666666665	48000.0	47040.0	21.09761920809643	369.2315	369.2384	46953	56707	Pipistrellus pipistrellus	0.034	0.06	-1	Echolocation	192000	/home/adkris/Documents/mila-human-wav-txt/20220826_070000.WAV	585	Waveform 1	1
HF	369.3272333333333	45750.0	45120.0	20.599848844473456	369.3235	369.3296	45234	57092	Pipistrellus nathusii	0.073	0.104	-1	Echolocation	192000	/home/adkris/Documents/mila-human-wav-txt/20220826_070000.WAV	586	Waveform 1	1
HF	369.4220333333333	47250.0	47040.0	5.220936259522835	369.4195	369.4268	46953	53624	Pipistrellus pipistrellus	0.021	0.035	-1	Echolocation	192000	/home/adkris/Documents/mila-human-wav-txt/20220826_070000.WAV	587	Waveform 1	1
HF	369.59113333333335	47250.0	47040.0	14.010711117402211	369.5905	369.5962	47812	53464	Pipistrellus pipistrellus	0.016	0.032	-1	Echolocation	192000	/home/adkris/Documents/mila-human-wav-txt/20220826_070000.WAV	588	Waveform 1	1
HF	369.8682333333333	49500.0	48960.0	9.51279275110707	369.8675	369.8731	48671	53354	Pipistrellus pipistrellus	0.026	0.05	-1	Echolocation	192000	/home/adkris/Documents/mila-human-wav-txt/20220826_070000.WAV	589	Waveform 1	1
LF	369.8716666666666	39750.0	40320.0	7.922722047672476	369.8695	369.876	24609	45319	Myotis nattereri	0.015	0.028	-1	Echolocation	192000	/home/adkris/Documents/mila-human-wav-txt/20220826_070000.WAV	590	Waveform 1	1
LF	371.79196666666667	19500.0	20160.0	7.874715577451501	371.7895	371.7957	14296	26464	Plecotus auritus	0.031	0.035	-1	Echolocation	192000	/home/adkris/Documents/mila-human-wav-txt/20220826_070000.WAV	591	Waveform 1	1
LF	371.836	24000.0	24000.0	7.82024764128816	371.8305	371.8465	22890	25530	Nyctalus leisleri	0.048	0.1	-1	Echolocation	192000	/home/adkris/Documents/mila-human-wav-txt/20220826_070000.WAV	592	Waveform 1	1
LF	372.6716	24000.0	24000.0	5.493825924152262	372.6605	372.6744	22890	28795	Nyctalus leisleri	0.017	0.04	-1	Echolocation	192000	/home/adkris/Documents/mila-human-wav-txt/20220826_070000.WAV	593	Waveform 1	1
LF	373.1275	16500.0	17280.0	5.165045673380474	373.1265	373.1365	15156	19686	Nyctalus noctula	0.033	0.068	-1	Echolocation	192000	/home/adkris/Documents/mila-human-wav-txt/20220826_070000.WAV	594	Waveform 1	1
LF	373.48943333333335	15000.0	14400.0	5.840269727718691	373.4875	373.4954	12578	22281	Barbastellus barbastellus	0.014	0.04	-1	Echolocation	192000	/home/adkris/Documents/mila-human-wav-txt/20220826_070000.WAV	595	Waveform 1	1
LF	375.45346666666666	20250.0	20160.0	7.777071816655614	375.4515	375.4617	20312	24031	Nyctalus leisleri	0.011	0.028	-1	Echolocation	192000	/home/adkris/Documents/mila-human-wav-txt/20220826_070000.WAV	596	Waveform 1	1
LF	376.2921	18750.0	19200.0	6.562708236374382	376.2895	376.2979	16015	22646	Plecotus auritus	0.027	0.057	-1	Echolocation	192000	/home/adkris/Documents/mila-human-wav-txt/20220826_070000.WAV	597	Waveform 1	1
LF	377.9381666666667	19500.0	20160.0	5.085052835158908	377.9345	377.943	17734	25728	Plecotus austriacus	0.033	0.052	-1	Echolocation	192000	/home/adkris/Documents/mila-human-wav-txt/20220826_070000.WAV	598	Waveform 1	1
LF	382.8368	21000.0	22080.0	11.436400177955456	382.8325	382.8427	18593	24126	Plecotus austriacus	0.026	0.067	-1	Echolocation	192000	/home/adkris/Documents/mila-human-wav-txt/20220826_070000.WAV	599	Waveform 1	1
LF	383.1	19500.0	20160.0	9.605555619418984	383.0975	383.106	16015	23187	Plecotus austriacus	0.016	0.036	-1	Echolocation	192000	/home/adkris/Documents/mila-human-wav-txt/20220826_070000.WAV	600	Waveform 1	1
LF	383.12266666666665	22500.0	23040.0	6.119995351626049	383.1125	383.1285	21171	24907	Nyctalus leisleri	0.015	0.024	-1	Echolocation	192000	/home/adkris/Documents/mila-human-wav-txt/20220826_070000.WAV	601	Waveform 1	1
LF	384.5231	21750.0	22080.0	8.98804548416101	384.5215	384.5274	18593	32877	Plecotus austriacus	0.071	0.099	-1	Echolocation	192000	/home/adkris/Documents/mila-human-wav-txt/20220826_070000.WAV	602	Waveform 1	1
LF	386.7741333333333	13500.0	13440.000000000002	8.301014140077896	386.7705	386.7802	12578	16263	Nyctalus leisleri	0.012	0.035	-1	Echolocation	192000	/home/adkris/Documents/mila-human-wav-txt/20220826_070000.WAV	603	Waveform 1	1
LF	387.0541333333333	21000.0	21120.0	11.894520024162317	387.0525	387.0607	17734	26092	Plecotus austriacus	0.055	0.08	-1	Echolocation	192000	/home/adkris/Documents/mila-human-wav-txt/20220826_070000.WAV	604	Waveform 1	1
LF	389.17106666666666	21000.0	22080.0	8.290507903185931	389.1685	389.1816	21171	24346	Nyctalus leisleri	0.021	0.042	-1	Echolocation	192000	/home/adkris/Documents/mila-human-wav-txt/20220826_070000.WAV	605	Waveform 1	1
LF	393.3586666666667	21000.0	21120.0	5.328559303667225	393.3565	393.363	17734	28764	Plecotus austriacus	0.046	0.08	-1	Echolocation	192000	/home/adkris/Documents/mila-human-wav-txt/20220826_070000.WAV	606	Waveform 1	1
LF	394.9111333333333	20250.0	20160.0	5.204521479523008	394.9095	394.9177	17734	25554	Plecotus austriacus	0.028	0.037	-1	Echolocation	192000	/home/adkris/Documents/mila-human-wav-txt/20220826_070000.WAV	607	Waveform 1	1
LF	397.5566333333333	20250.0	20160.0	18.11892506286605	397.5545	397.5622	17734	27243	Plecotus austriacus	0.032	0.05	-1	Echolocation	192000	/home/adkris/Documents/mila-human-wav-txt/20220826_070000.WAV	608	Waveform 1	1
LF	397.5733333333333	21750.0	22080.0	14.165937841909862	397.5685	397.584	20312	24007	Nyctalus leisleri	0.02	0.031	-1	Echolocation	192000	/home/adkris/Documents/mila-human-wav-txt/20220826_070000.WAV	609	Waveform 1	1
LF	397.6913333333333	24750.0	24960.0	6.888549620182118	397.6725	397.6915	23750	28869	Nyctalus leisleri	0.078	0.197	-1	Echolocation	192000	/home/adkris/Documents/mila-human-wav-txt/20220826_070000.WAV	610	Waveform 1	1
LF	399.83296666666666	26250.0	26880.000000000004	5.413852906004887	399.8225	399.8382	25468	29810	Nyctalus leisleri	0.093	0.169	-1	Echolocation	192000	/home/adkris/Documents/mila-human-wav-txt/20220826_070000.WAV	611	Waveform 1	1
LF	400.6524333333333	25500.0	25920.0	5.717078411685903	400.6475	400.6559	27187	37488	Eptesicus serotinus	0.009	0.025	-1	Echolocation	192000	/home/adkris/Documents/mila-human-wav-txt/20220826_070000.WAV	612	Waveform 1	1
HF	401.2006666666667	41250.0	41280.0	7.73730940969227	401.1965	401.2045	39218	44984	Pipistrellus nathusii	0.111	0.188	-1	Echolocation	192000	/home/adkris/Documents/mila-human-wav-txt/20220826_070000.WAV	613	Waveform 1	1
LF	401.2304	24750.0	24960.0	12.32383408681105	401.2275	401.2356	23750	32565	Plecotus austriacus	0.011	0.027	-1	Echolocation	192000	/home/adkris/Documents/mila-human-wav-txt/20220826_070000.WAV	614	Waveform 1	1
LF	401.92673333333335	26250.0	25920.0	11.573783562218004	401.9245	401.9356	21171	25999	Nyctalus leisleri	0.011	0.023	-1	Echolocation	192000	/home/adkris/Documents/mila-human-wav-txt/20220826_070000.WAV	615	Waveform 1	1
LF	402.1317666666667	24750.0	24960.0	6.867673009622967	402.1255	402.1384	23750	28163	Nyctalus leisleri	0.113	0.191	-1	Echolocation	192000	/home/adkris/Documents/mila-human-wav-txt/20220826_070000.WAV	616	Waveform 1	1
HF	402.4071333333333	27750.0	27840.0	9.631484561248843	402.4045	402.4082	29765	47909	Myotis daubentonii	0.066	0.11	-1	Echolocation	192000	/home/adkris/Documents/mila-human-wav-txt/20220826_070000.WAV	617	Waveform 1	1
LF	402.43966666666665	24750.0	24000.0	8.358458316015831	402.4345	402.445	25468	31089	Nyctalus leisleri	0.011	0.03	-1	Echolocation	192000	/home/adkris/Documents/mila-human-wav-txt/20220826_070000.WAV	618	Waveform 1	1
LF	402.91116666666665	19500.0	20160.0	5.06836786237396	402.9065	402.9175	17734	23726	Plecotus austriacus	0.011	0.034	-1	Echolocation	192000	/home/adkris/Documents/mila-human-wav-txt/20220826_070000.WAV	619	Waveform 1	1
LF	403.1987333333333	27000.0	26880.000000000004	5.840703623678306	403.1945	403.2036	28046	37792	Eptesicus serotinus	0.009	0.021	-1	Echolocation	192000	/home/adkris/Documents/mila-human-wav-txt/20220826_070000.WAV	620	Waveform 1	1
LF	403.67193333333336	21750.0	21120.0	5.203160477140441	403.6695	403.6804	20312	23814	Nyctalus leisleri	0.017	0.037	-1	Echolocation	192000	/home/adkris/Documents/mila-human-wav-txt/20220826_070000.WAV	621	Waveform 1	1
LF	405.5135666666667	26250.0	25920.0	6.1069801119256	405.5115	405.5181	25468	35379	Plecotus austriacus	0.018	0.038	-1	Echolocation	192000	/home/adkris/Documents/mila-human-wav-txt/20220826_070000.WAV	622	Waveform 1	1
LF	407.1581	27000.0	26880.000000000004	6.762462898512941	407.1475	407.1654	26328	30328	Nyctalus leisleri	0.093	0.162	-1	Echolocation	192000	/home/adkris/Documents/mila-human-wav-txt/20220826_070000.WAV	623	Waveform 1	1
LF	407.1961	21000.0	21120.0	7.327369028691397	407.1925	407.1999	16875	24269	Plecotus auritus	0.041	0.07	-1	Echolocation	192000	/home/adkris/Documents/mila-human-wav-txt/20220826_070000.WAV	624	Waveform 1	1
LF	408.70023333333336	26250.0	28800.0	6.324796106623153	408.6905	408.7046	27187	30980	Nyctalus leisleri	0.069	0.11	-1	Echolocation	192000	/home/adkris/Documents/mila-human-wav-txt/20220826_070000.WAV	625	Waveform 1	1
LF	413.1755666666666	22500.0	22080.0	5.993723925272122	413.1705	413.1811	20312	25905	Nyctalus leisleri	0.016	0.054	-1	Echolocation	192000	/home/adkris/Documents/mila-human-wav-txt/20220826_070000.WAV	626	Waveform 1	1
LF	414.2741333333333	24000.0	22080.0	6.0946865548086935	414.2715	414.2822	21171	26171	Nyctalus leisleri	0.01	0.021	-1	Echolocation	192000	/home/adkris/Documents/mila-human-wav-txt/20220826_070000.WAV	627	Waveform 1	1
LF	417.80986666666666	19500.0	18240.0	8.771025818459496	417.8095	417.8213	16875	22715	Nyctalus noctula	0.019	0.035	-1	Echolocation	192000	/home/adkris/Documents/mila-human-wav-txt/20220826_070000.WAV	628	Waveform 1	1
LF	422.6154	19500.0	19200.0	11.164344127324084	422.6085	422.6301	19453	25124	Nyctalus noctula	0.029	0.04	-1	Echolocation	192000	/home/adkris/Documents/mila-human-wav-txt/20220826_070000.WAV	629	Waveform 1	1
LF	423.7903333333333	20250.0	20160.0	8.359720411286256	423.7885	423.8	18593	23737	Nyctalus noctula	0.014	0.041	-1	Echolocation	192000	/home/adkris/Documents/mila-human-wav-txt/20220826_070000.WAV	630	Waveform 1	1
HF	423.9307	53250.0	52800.00000000001	6.37747378279612	423.9285	423.9338	35781	65091	Myotis mystacinus	0.01	0.03	-1	Echolocation	192000	/home/adkris/Documents/mila-human-wav-txt/20220826_070000.WAV	631	Waveform 1	1
HF	424.18196666666665	48000.0	48000.0	7.055864956235841	424.1785	424.1837	45234	62148	Pipistrellus pipistrellus	0.052	0.172	-1	Echolocation	192000	/home/adkris/Documents/mila-human-wav-txt/20220826_070000.WAV	632	Waveform 1	1
HF	424.1813666666667	49500.0	48000.0	5.32972366271186	424.1805	424.1848	34921	68465	Myotis bechsteinii	0.017	0.055	-1	Echolocation	192000	/home/adkris/Documents/mila-human-wav-txt/20220826_070000.WAV	633	Waveform 1	1
LF	424.3670333333333	21000.0	21120.0	6.234466569898652	424.3655	424.3738	19453	26755	Plecotus austriacus	0.038	0.067	-1	Echolocation	192000	/home/adkris/Documents/mila-human-wav-txt/20220826_070000.WAV	634	Waveform 1	1
LF	426.0512	22500.0	24000.0	5.390051440765568	426.0475	426.0583	22031	26752	Nyctalus leisleri	0.011	0.022	-1	Echolocation	192000	/home/adkris/Documents/mila-human-wav-txt/20220826_070000.WAV	635	Waveform 1	1
LF	427.0840666666667	21750.0	24000.0	6.095323479200991	427.0755	427.0896	21171	24506	Nyctalus leisleri	0.015	0.024	-1	Echolocation	192000	/home/adkris/Documents/mila-human-wav-txt/20220826_070000.WAV	636	Waveform 1	1
LF	431.936	22500.0	20160.0	6.301269173694719	431.9345	431.944	17734	24250	Plecotus austriacus	0.031	0.07	-1	Echolocation	192000	/home/adkris/Documents/mila-human-wav-txt/20220826_070000.WAV	637	Waveform 1	1
HF	433.35653333333335	50250.0	49920.0	8.653861601235741	433.3525	433.3583	34062	67072	Myotis brandtii	0.007	0.021	-1	Echolocation	192000	/home/adkris/Documents/mila-human-wav-txt/20220826_070000.WAV	638	Waveform 1	1
HF	433.4356666666667	58500.0	49920.0	5.363471762874719	433.4355	433.4405	35781	68874	Myotis mystacinus	0.011	0.032	-1	Echolocation	192000	/home/adkris/Documents/mila-human-wav-txt/20220826_070000.WAV	639	Waveform 1	1
LF	433.4616666666666	17250.0	17280.0	6.046054139856726	433.4605	433.468	13437	24234	Plecotus auritus	0.016	0.03	-1	Echolocation	192000	/home/adkris/Documents/mila-human-wav-txt/20220826_070000.WAV	640	Waveform 1	1
HF	433.5427	54750.0	56640.0	5.532362783968537	433.5405	433.5458	34921	67645	Myotis brandtii	0.008	0.023	-1	Echolocation	192000	/home/adkris/Documents/mila-human-wav-txt/20220826_070000.WAV	641	Waveform 1	1
HF	433.60696666666666	51000.0	50880.0	5.2087688793387965	433.6035	433.6087	35781	69130	Myotis mystacinus	0.013	0.033	-1	Echolocation	192000	/home/adkris/Documents/mila-human-wav-txt/20220826_070000.WAV	642	Waveform 1	1
HF	433.93826666666666	52500.0	48960.0	8.126440564199031	433.9355	433.9414	34921	66071	Myotis mystacinus	0.008	0.025	-1	Echolocation	192000	/home/adkris/Documents/mila-human-wav-txt/20220826_070000.WAV	643	Waveform 1	1
HF	434.2085666666667	50250.0	52800.00000000001	11.457156211474764	434.2055	434.2111	35781	62123	Myotis brandtii	0.009	0.021	-1	Echolocation	192000	/home/adkris/Documents/mila-human-wav-txt/20220826_070000.WAV	644	Waveform 1	1
LF	434.22473333333335	17250.0	20160.0	9.229974813088113	434.2225	434.2301	15156	26026	Plecotus auritus	0.039	0.057	-1	Echolocation	192000	/home/adkris/Documents/mila-human-wav-txt/20220826_070000.WAV	645	Waveform 1	1
LF	434.94826666666665	21000.0	20160.0	5.113841068817217	434.9465	434.9534	15156	27278	Plecotus auritus	0.014	0.022	-1	Echolocation	192000	/home/adkris/Documents/mila-human-wav-txt/20220826_070000.WAV	646	Waveform 1	1
LF	435.909	17250.0	17280.0	6.200518947824807	435.9075	435.9135	14296	33451	Plecotus auritus	0.012	0.022	-1	Echolocation	192000	/home/adkris/Documents/mila-human-wav-txt/20220826_070000.WAV	647	Waveform 1	1
LF	436.9924666666666	21000.0	21120.0	6.196643154980878	436.9905	436.9972	17734	26697	Plecotus austriacus	0.045	0.075	-1	Echolocation	192000	/home/adkris/Documents/mila-human-wav-txt/20220826_070000.WAV	648	Waveform 1	1
LF	440.2115333333333	24750.0	19200.0	5.124693617416924	440.2105	440.2193	16875	24070	Plecotus austriacus	0.024	0.047	-1	Echolocation	192000	/home/adkris/Documents/mila-human-wav-txt/20220826_070000.WAV	649	Waveform 1	1
LF	440.5867	20250.0	17280.0	5.706634216543435	440.5855	440.5953	15156	22113	Nyctalus noctula	0.014	0.029	-1	Echolocation	192000	/home/adkris/Documents/mila-human-wav-txt/20220826_070000.WAV	650	Waveform 1	1
HF	441.9729	55500.0	53760.00000000001	5.445521113910824	441.9715	441.9776	40937	58522	Pipistrellus nathusii	0.011	0.028	-1	Echolocation	192000	/home/adkris/Documents/mila-human-wav-txt/20220826_070000.WAV	651	Waveform 1	1
LF	442.0786	15750.0	16320.000000000002	6.641227440161055	442.0765	442.0854	14296	19609	Nyctalus noctula	0.015	0.047	-1	Echolocation	192000	/home/adkris/Documents/mila-human-wav-txt/20220826_070000.WAV	652	Waveform 1	1
LF	444.9772333333333	21750.0	22080.0	11.36541885094747	444.9725	444.9811	20312	27712	Plecotus austriacus	0.032	0.099	-1	Echolocation	192000	/home/adkris/Documents/mila-human-wav-txt/20220826_070000.WAV	653	Waveform 1	1
LF	445.0875	20250.0	20160.0	5.0886588713883	445.0855	445.098	20312	23772	Nyctalus leisleri	0.026	0.056	-1	Echolocation	192000	/home/adkris/Documents/mila-human-wav-txt/20220826_070000.WAV	654	Waveform 1	1
LF	446.3661	20250.0	20160.0	9.688503597945564	446.3605	446.3729	18593	23993	Nyctalus noctula	0.015	0.036	-1	Echolocation	192000	/home/adkris/Documents/mila-human-wav-txt/20220826_070000.WAV	655	Waveform 1	1
LF	448.2703	19500.0	19200.0	5.263858697014664	448.2645	448.2767	18593	23629	Nyctalus noctula	0.013	0.034	-1	Echolocation	192000	/home/adkris/Documents/mila-human-wav-txt/20220826_070000.WAV	656	Waveform 1	1
LF	449.0265	21750.0	22080.0	8.523782998435063	449.0215	449.031	19453	24831	Plecotus austriacus	0.014	0.043	-1	Echolocation	192000	/home/adkris/Documents/mila-human-wav-txt/20220826_070000.WAV	657	Waveform 1	1
LF	449.30696666666665	22500.0	22080.0	5.071861226514174	449.3015	449.3117	22031	27996	Nyctalus leisleri	0.013	0.048	-1	Echolocation	192000	/home/adkris/Documents/mila-human-wav-txt/20220826_070000.WAV	658	Waveform 1	1
LF	449.3736	20250.0	20160.0	10.867736591415548	449.3725	449.3789	14296	28550	Plecotus auritus	0.035	0.053	-1	Echolocation	192000	/home/adkris/Documents/mila-human-wav-txt/20220826_070000.WAV	659	Waveform 1	1
LF	451.5300666666666	21000.0	21120.0	7.564964094279887	451.5255	451.5366	19453	24234	Plecotus austriacus	0.008	0.028	-1	Echolocation	192000	/home/adkris/Documents/mila-human-wav-txt/20220826_070000.WAV	660	Waveform 1	1
LF	451.83506666666665	15000.0	15360.0	7.00561570228532	451.8335	451.8406	13437	20170	Plecotus auritus	0.021	0.029	-1	Echolocation	192000	/home/adkris/Documents/mila-human-wav-txt/20220826_070000.WAV	661	Waveform 1	1
LF	453.2873666666667	21750.0	22080.0	6.134095674689596	453.2865	453.2943	19453	26227	Plecotus austriacus	0.014	0.024	-1	Echolocation	192000	/home/adkris/Documents/mila-human-wav-txt/20220826_070000.WAV	662	Waveform 1	1
LF	455.3697	20250.0	20160.0	13.064112381425756	455.3675	455.3763	18593	25008	Plecotus austriacus	0.041	0.096	-1	Echolocation	192000	/home/adkris/Documents/mila-human-wav-txt/20220826_070000.WAV	663	Waveform 1	1
LF	458.8306	18750.0	19200.0	7.220852708761022	458.8275	458.8354	16015	23592	Plecotus auritus	0.025	0.046	-1	Echolocation	192000	/home/adkris/Documents/mila-human-wav-txt/20220826_070000.WAV	664	Waveform 1	1
LF	460.4008333333333	21000.0	20160.0	13.19004264500003	460.3995	460.408	19453	25182	Plecotus austriacus	0.045	0.105	-1	Echolocation	192000	/home/adkris/Documents/mila-human-wav-txt/20220826_070000.WAV	665	Waveform 1	1
LF	460.8518333333333	20250.0	20160.0	6.906607425047032	460.8485	460.8585	18593	24017	Plecotus austriacus	0.025	0.062	-1	Echolocation	192000	/home/adkris/Documents/mila-human-wav-txt/20220826_070000.WAV	666	Waveform 1	1
LF	462.76076666666665	15000.0	15360.0	6.348004035974695	462.7585	462.7684	14296	17950	Nyctalus noctula	0.007	0.023	-1	Echolocation	192000	/home/adkris/Documents/mila-human-wav-txt/20220826_070000.WAV	667	Waveform 1	1
LF	465.6134333333333	20250.0	20160.0	14.453511890021923	465.6085	465.6204	18593	23610	Nyctalus noctula	0.018	0.049	-1	Echolocation	192000	/home/adkris/Documents/mila-human-wav-txt/20220826_070000.WAV	668	Waveform 1	1
LF	465.6383666666667	20250.0	21120.0	13.721175588307648	465.6295	465.6398	21171	26611	Nyctalus leisleri	0.009	0.02	-1	Echolocation	192000	/home/adkris/Documents/mila-human-wav-txt/20220826_070000.WAV	669	Waveform 1	1
LF	466.7147	20250.0	20160.0	6.918907121526013	466.7105	466.7208	18593	23881	Plecotus austriacus	0.024	0.084	-1	Echolocation	192000	/home/adkris/Documents/mila-human-wav-txt/20220826_070000.WAV	670	Waveform 1	1
LF	467.7138	17250.0	17280.0	5.869005416244573	467.7115	467.7202	15156	20227	Plecotus auritus	0.016	0.03	-1	Echolocation	192000	/home/adkris/Documents/mila-human-wav-txt/20220826_070000.WAV	671	Waveform 1	1
LF	471.3102666666667	24750.0	24960.0	5.5772718387532825	471.2925	471.3184	23750	27383	Nyctalus leisleri	0.095	0.187	-1	Echolocation	192000	/home/adkris/Documents/mila-human-wav-txt/20220826_070000.WAV	672	Waveform 1	1
LF	473.24533333333335	21000.0	22080.0	6.43213093694486	473.2415	473.251	20312	24523	Nyctalus leisleri	0.01	0.028	-1	Echolocation	192000	/home/adkris/Documents/mila-human-wav-txt/20220826_070000.WAV	673	Waveform 1	1
LF	473.2433333333333	21750.0	22080.0	7.217696749337571	473.2425	473.248	15156	31243	Plecotus austriacus	0.017	0.031	-1	Echolocation	192000	/home/adkris/Documents/mila-human-wav-txt/20220826_070000.WAV	674	Waveform 1	1
LF	474.8624333333333	25500.0	24960.0	13.811159542601484	474.8595	474.8699	22031	28421	Plecotus austriacus	0.01	0.026	-1	Echolocation	192000	/home/adkris/Documents/mila-human-wav-txt/20220826_070000.WAV	675	Waveform 1	1
LF	475.0260666666667	26250.0	25920.0	7.901631006653692	475.0245	475.0316	24609	37202	Plecotus austriacus	0.014	0.033	-1	Echolocation	192000	/home/adkris/Documents/mila-human-wav-txt/20220826_070000.WAV	676	Waveform 1	1
LF	475.3283666666667	26250.0	24000.0	7.687941425467627	475.3225	475.3288	26328	39063	Myotis nattereri	0.012	0.034	-1	Echolocation	192000	/home/adkris/Documents/mila-human-wav-txt/20220826_070000.WAV	677	Waveform 1	1
LF	475.3444333333333	24000.0	24000.0	7.984552687985492	475.3355	475.3469	22890	27415	Nyctalus leisleri	0.014	0.026	-1	Echolocation	192000	/home/adkris/Documents/mila-human-wav-txt/20220826_070000.WAV	678	Waveform 1	1
LF	475.4865333333333	22500.0	23040.0	8.178083782559769	475.4805	475.4913	22031	26304	Nyctalus leisleri	0.013	0.025	-1	Echolocation	192000	/home/adkris/Documents/mila-human-wav-txt/20220826_070000.WAV	679	Waveform 1	1
LF	475.7030666666666	26250.0	25920.0	6.465480937552765	475.6985	475.7166	24609	29199	Nyctalus leisleri	0.123	0.195	-1	Echolocation	192000	/home/adkris/Documents/mila-human-wav-txt/20220826_070000.WAV	680	Waveform 1	1
HF	475.7758666666667	53250.0	54719.99999999999	5.017472410013997	475.7735	475.7798	45234	59157	Pipistrellus pipistrellus	0.06	0.08	-1	Echolocation	192000	/home/adkris/Documents/mila-human-wav-txt/20220826_070000.WAV	681	Waveform 1	1
HF	476.10046666666665	56250.0	55679.99999999999	6.93257166848224	476.0995	476.1037	41796	66815	Myotis mystacinus	0.024	0.086	-1	Echolocation	192000	/home/adkris/Documents/mila-human-wav-txt/20220826_070000.WAV	682	Waveform 1	1
HF	476.1421333333333	54750.0	53760.00000000001	7.404724034825428	476.1385	476.1447	46093	62275	Pipistrellus pipistrellus	0.026	0.074	-1	Echolocation	192000	/home/adkris/Documents/mila-human-wav-txt/20220826_070000.WAV	683	Waveform 1	1
HF	476.1428	53250.0	53760.00000000001	5.564467992925395	476.1405	476.1457	36640	63995	Myotis brandtii	0.007	0.025	-1	Echolocation	192000	/home/adkris/Documents/mila-human-wav-txt/20220826_070000.WAV	684	Waveform 1	1
HF	476.1864	54750.0	53760.00000000001	8.827185496079608	476.1835	476.1881	49531	61660	Pipistrellus pipistrellus	0.102	0.153	-1	Echolocation	192000	/home/adkris/Documents/mila-human-wav-txt/20220826_070000.WAV	685	Waveform 1	1
LF	478.9795666666666	21000.0	19200.0	6.34800458568177	478.9775	478.9841	15156	27558	Plecotus auritus	0.019	0.033	-1	Echolocation	192000	/home/adkris/Documents/mila-human-wav-txt/20220826_070000.WAV	686	Waveform 1	1
LF	479.0189	21000.0	21120.0	10.361976686450042	479.0145	479.0246	18593	24106	Plecotus austriacus	0.022	0.055	-1	Echolocation	192000	/home/adkris/Documents/mila-human-wav-txt/20220826_070000.WAV	687	Waveform 1	1
LF	479.0391666666667	23250.0	20160.0	8.475700946133632	479.0325	479.0485	20312	23958	Nyctalus leisleri	0.015	0.024	-1	Echolocation	192000	/home/adkris/Documents/mila-human-wav-txt/20220826_070000.WAV	688	Waveform 1	1
LF	480.44256666666666	24000.0	24000.0	5.174971761434556	480.4415	480.4491	24609	34767	Plecotus austriacus	0.013	0.029	-1	Echolocation	192000	/home/adkris/Documents/mila-human-wav-txt/20220826_070000.WAV	689	Waveform 1	1
LF	480.87213333333335	21750.0	22080.0	5.663385501095089	480.8605	480.8727	21171	25267	Nyctalus leisleri	0.013	0.024	-1	Echolocation	192000	/home/adkris/Documents/mila-human-wav-txt/20220826_070000.WAV	690	Waveform 1	1
LF	481.06446666666665	25500.0	25920.0	5.520081919008079	481.0635	481.0747	24609	28709	Nyctalus leisleri	0.026	0.039	-1	Echolocation	192000	/home/adkris/Documents/mila-human-wav-txt/20220826_070000.WAV	691	Waveform 1	1
LF	481.3964333333333	26250.0	26880.000000000004	5.952467575847206	481.3815	481.3974	25468	31595	Nyctalus leisleri	0.015	0.037	-1	Echolocation	192000	/home/adkris/Documents/mila-human-wav-txt/20220826_070000.WAV	692	Waveform 1	1
LF	481.41923333333335	25500.0	24960.0	9.445640284519287	481.4165	481.4271	22031	27679	Nyctalus leisleri	0.01	0.022	-1	Echolocation	192000	/home/adkris/Documents/mila-human-wav-txt/20220826_070000.WAV	693	Waveform 1	1
LF	481.8003	21000.0	21120.0	7.270569025033291	481.7975	481.8057	18593	26866	Plecotus austriacus	0.064	0.099	-1	Echolocation	192000	/home/adkris/Documents/mila-human-wav-txt/20220826_070000.WAV	694	Waveform 1	1
LF	481.9361333333333	26250.0	24960.0	6.489406468990376	481.9335	481.9442	22031	26905	Nyctalus leisleri	0.01	0.023	-1	Echolocation	192000	/home/adkris/Documents/mila-human-wav-txt/20220826_070000.WAV	695	Waveform 1	1
LF	482.0022666666667	27000.0	26880.000000000004	7.248553715608383	482.0015	482.0094	27187	36109	Nyctalus leisleri	0.021	0.053	-1	Echolocation	192000	/home/adkris/Documents/mila-human-wav-txt/20220826_070000.WAV	696	Waveform 1	1
LF	482.0105333333333	28500.0	29760.0	5.313304951933314	482.0065	482.0158	28906	35982	Eptesicus serotinus	0.01	0.024	-1	Echolocation	192000	/home/adkris/Documents/mila-human-wav-txt/20220826_070000.WAV	697	Waveform 1	1
LF	482.3384333333333	24750.0	24960.0	5.22248004493758	482.3305	482.3464	22890	25278	Nyctalus leisleri	0.031	0.046	-1	Echolocation	192000	/home/adkris/Documents/mila-human-wav-txt/20220826_070000.WAV	698	Waveform 1	1
LF	483.792	25500.0	25920.0	11.28136219412104	483.7815	483.7925	21171	25985	Nyctalus leisleri	0.01	0.022	-1	Echolocation	192000	/home/adkris/Documents/mila-human-wav-txt/20220826_070000.WAV	699	Waveform 1	1
HF	484.0749333333333	53250.0	52800.00000000001	7.252984276677573	484.0695	484.0844	51250	55693	Pipistrellus pipistrellus	0.088	0.122	-1	Echolocation	192000	/home/adkris/Documents/mila-human-wav-txt/20220826_070000.WAV	700	Waveform 1	1
HF	484.5156	49500.0	49920.0	6.3112239393437495	484.5055	484.5204	48671	53856	Pipistrellus pipistrellus	0.026	0.043	-1	Echolocation	192000	/home/adkris/Documents/mila-human-wav-txt/20220826_070000.WAV	701	Waveform 1	1
HF	484.8068333333333	74250.0	75840.0	8.382041724438945	484.7835	484.819	68437	81595	Rhinolophus ferrumequinum	0.023	0.023	-1	Echolocation	192000	/home/adkris/Documents/mila-human-wav-txt/20220826_070000.WAV	702	Waveform 1	1
HF	484.8042333333333	50250.0	49920.0	8.628958752508595	484.7875	484.8051	48671	58625	Pipistrellus pipistrellus	0.018	0.028	-1	Echolocation	192000	/home/adkris/Documents/mila-human-wav-txt/20220826_070000.WAV	703	Waveform 1	1
HF	484.8178	75000.0	73920.0	8.023191231341205	484.8155	484.8487	68437	81390	Rhinolophus ferrumequinum	0.027	0.027	-1	Echolocation	192000	/home/adkris/Documents/mila-human-wav-txt/20220826_070000.WAV	704	Waveform 1	1
HF	484.8489333333333	70500.0	80640.0	8.713325039465381	484.8285	484.8634	68437	81622	Rhinolophus ferrumequinum	0.021	0.021	-1	Echolocation	192000	/home/adkris/Documents/mila-human-wav-txt/20220826_070000.WAV	705	Waveform 1	1
HF	485.1079333333333	50250.0	51840.0	8.965297609266864	485.0945	485.1119	49531	58273	Rhinolophus ferrumequinum	0.011	0.028	-1	Echolocation	192000	/home/adkris/Documents/mila-human-wav-txt/20220826_070000.WAV	706	Waveform 1	1
HF	485.1274	73500.0	72000.0	11.81558262687016	485.1185	485.1486	68437	80320	Rhinolophus ferrumequinum	0.025	0.025	-1	Echolocation	192000	/home/adkris/Documents/mila-human-wav-txt/20220826_070000.WAV	707	Waveform 1	1
LF	485.1254666666667	25500.0	24960.0	15.05453609370872	485.1245	485.1357	22890	27300	Nyctalus leisleri	0.013	0.024	-1	Echolocation	192000	/home/adkris/Documents/mila-human-wav-txt/20220826_070000.WAV	708	Waveform 1	1
HF	485.39343333333335	51000.0	49920.0	5.484488372333659	485.3815	485.4004	49531	56467	Pipistrellus pipistrellus	0.025	0.064	-1	Echolocation	192000	/home/adkris/Documents/mila-human-wav-txt/20220826_070000.WAV	709	Waveform 1	1
LF	485.4085	24750.0	24960.0	9.677637236258938	485.4075	485.4175	22890	28684	Nyctalus leisleri	0.01	0.024	-1	Echolocation	192000	/home/adkris/Documents/mila-human-wav-txt/20220826_070000.WAV	710	Waveform 1	1
HF	485.6938333333333	53250.0	52800.00000000001	7.520429340966576	485.6905	485.704	52109	55470	Pipistrellus pygmaeus	0.069	0.091	-1	Echolocation	192000	/home/adkris/Documents/mila-human-wav-txt/20220826_070000.WAV	711	Waveform 1	1
LF	485.7346666666666	24750.0	24960.0	6.05250972166235	485.7335	485.7445	23750	27798	Nyctalus leisleri	0.013	0.025	-1	Echolocation	192000	/home/adkris/Documents/mila-human-wav-txt/20220826_070000.WAV	712	Waveform 1	1
HF	485.87033333333335	52500.0	51840.0	9.109739972925947	485.8665	485.8795	50390	54104	Pipistrellus pipistrellus	0.125	0.174	-1	Echolocation	192000	/home/adkris/Documents/mila-human-wav-txt/20220826_070000.WAV	713	Waveform 1	1
HF	486.5864	73500.0	74880.0	6.903241988011444	486.5685	486.6071	68437	81780	Rhinolophus ferrumequinum	0.025	0.025	-1	Echolocation	192000	/home/adkris/Documents/mila-human-wav-txt/20220826_070000.WAV	714	Waveform 1	1
HF	486.5756	50250.0	49920.0	8.861346350026302	486.5725	486.5909	48671	56226	Pipistrellus pipistrellus	0.094	0.116	-1	Echolocation	192000	/home/adkris/Documents/mila-human-wav-txt/20220826_070000.WAV	715	Waveform 1	1
HF	486.6435	79500.0	72000.0	6.050814612747251	486.6195	486.652	68437	81119	Rhinolophus ferrumequinum	0.023	0.023	-1	Echolocation	192000	/home/adkris/Documents/mila-human-wav-txt/20220826_070000.WAV	716	Waveform 1	1
LF	487.0423666666667	24000.0	24000.0	5.97734118470772	487.0375	487.0483	22890	28857	Nyctalus leisleri	0.011	0.025	-1	Echolocation	192000	/home/adkris/Documents/mila-human-wav-txt/20220826_070000.WAV	717	Waveform 1	1
LF	487.04876666666667	24000.0	24000.0	8.536691782244661	487.0455	487.0649	20312	23240	Nyctalus leisleri	0.014	0.023	-1	Echolocation	192000	/home/adkris/Documents/mila-human-wav-txt/20220826_070000.WAV	718	Waveform 1	1
LF	487.2928333333333	26250.0	25920.0	12.332809786176696	487.2745	487.294	22031	25689	Nyctalus leisleri	0.014	0.027	-1	Echolocation	192000	/home/adkris/Documents/mila-human-wav-txt/20220826_070000.WAV	719	Waveform 1	1
HF	487.30786666666665	50250.0	49920.0	12.398475479277849	487.2915	487.3083	50390	53589	Pipistrellus pygmaeus	0.047	0.064	-1	Echolocation	192000	/home/adkris/Documents/mila-human-wav-txt/20220826_070000.WAV	720	Waveform 1	1
HF	487.3233333333333	74250.0	72960.0	8.541423055232475	487.3215	487.3505	68437	80929	Rhinolophus ferrumequinum	0.022	0.023	-1	Echolocation	192000	/home/adkris/Documents/mila-human-wav-txt/20220826_070000.WAV	721	Waveform 1	1
HF	487.3293	72750.0	72960.0	11.50386582984557	487.3265	487.3592	68437	81394	Rhinolophus ferrumequinum	0.023	0.023	-1	Echolocation	192000	/home/adkris/Documents/mila-human-wav-txt/20220826_070000.WAV	722	Waveform 1	1
LF	487.3384	24750.0	24000.0	8.885457399019689	487.3345	487.3451	23750	28622	Nyctalus leisleri	0.012	0.024	-1	Echolocation	192000	/home/adkris/Documents/mila-human-wav-txt/20220826_070000.WAV	723	Waveform 1	1
HF	487.3464333333333	69750.0	72960.0	12.72855792229776	487.3425	487.3799	68437	82330	Rhinolophus ferrumequinum	0.024	0.024	-1	Echolocation	192000	/home/adkris/Documents/mila-human-wav-txt/20220826_070000.WAV	724	Waveform 1	1
LF	487.35673333333335	24000.0	24000.0	7.967229325415378	487.3505	487.3716	20312	23149	Nyctalus leisleri	0.017	0.033	-1	Echolocation	192000	/home/adkris/Documents/mila-human-wav-txt/20220826_070000.WAV	725	Waveform 1	1
HF	487.6141666666667	48000.0	48000.0	5.729892925591548	487.5975	487.6175	47812	52508	Pipistrellus pipistrellus	0.077	0.104	-1	Echolocation	192000	/home/adkris/Documents/mila-human-wav-txt/20220826_070000.WAV	726	Waveform 1	1
LF	487.6154	23250.0	24000.0	7.866576955647648	487.6065	487.6226	22890	24858	Nyctalus leisleri	0.08	0.093	-1	Echolocation	192000	/home/adkris/Documents/mila-human-wav-txt/20220826_070000.WAV	727	Waveform 1	1
HF	488.1636666666666	51750.0	51840.0	5.123137130127839	488.1585	488.169	51250	57239	Pipistrellus pygmaeus	0.04	0.059	-1	Echolocation	192000	/home/adkris/Documents/mila-human-wav-txt/20220826_070000.WAV	728	Waveform 1	1
LF	488.1917333333333	24750.0	24960.0	6.43549478933347	488.1915	488.2011	22890	28550	Nyctalus leisleri	0.009	0.023	-1	Echolocation	192000	/home/adkris/Documents/mila-human-wav-txt/20220826_070000.WAV	729	Waveform 1	1
HF	488.8881	50250.0	49920.0	9.478880447543144	488.8755	488.8949	49531	55860	Rhinolophus ferrumequinum	0.023	0.035	-1	Echolocation	192000	/home/adkris/Documents/mila-human-wav-txt/20220826_070000.WAV	730	Waveform 1	1
HF	488.88233333333335	78000.0	75840.0	8.21788258191363	488.8755	488.91	67578	80081	Rhinolophus ferrumequinum	0.028	0.028	-1	Echolocation	192000	/home/adkris/Documents/mila-human-wav-txt/20220826_070000.WAV	731	Waveform 1	1
LF	488.9195333333333	24750.0	24960.0	6.676010767231961	488.9135	488.9243	22031	26513	Nyctalus leisleri	0.012	0.024	-1	Echolocation	192000	/home/adkris/Documents/mila-human-wav-txt/20220826_070000.WAV	732	Waveform 1	1
LF	490.2412	14250.0	14400.0	9.830243496616555	490.2395	490.2488	13437	17433	Nyctalus leisleri	0.03	0.047	-1	Echolocation	192000	/home/adkris/Documents/mila-human-wav-txt/20220826_070000.WAV	733	Waveform 1	1
LF	490.27613333333335	24000.0	24000.0	5.553548207199298	490.2725	490.2892	22890	25250	Nyctalus leisleri	0.017	0.026	-1	Echolocation	192000	/home/adkris/Documents/mila-human-wav-txt/20220826_070000.WAV	734	Waveform 1	1
LF	490.7184333333333	21750.0	21120.0	5.27616354706911	490.7125	490.7234	18593	23987	Plecotus austriacus	0.01	0.03	-1	Echolocation	192000	/home/adkris/Documents/mila-human-wav-txt/20220826_070000.WAV	735	Waveform 1	1
LF	491.62826666666666	20250.0	20160.0	13.005775895211936	491.6245	491.6329	17734	25883	Plecotus austriacus	0.05	0.084	-1	Echolocation	192000	/home/adkris/Documents/mila-human-wav-txt/20220826_070000.WAV	736	Waveform 1	1
LF	491.64343333333335	21750.0	22080.0	10.118863317243662	491.6415	491.6529	22031	26414	Nyctalus leisleri	0.012	0.022	-1	Echolocation	192000	/home/adkris/Documents/mila-human-wav-txt/20220826_070000.WAV	737	Waveform 1	1
LF	495.5608333333333	21750.0	24960.0	5.76574886595025	495.5595	495.5645	17734	34817	Plecotus austriacus	0.048	0.073	-1	Echolocation	192000	/home/adkris/Documents/mila-human-wav-txt/20220826_070000.WAV	738	Waveform 1	1
LF	495.69303333333335	24000.0	24000.0	6.5133283198029	495.6915	495.6998	22890	30294	Plecotus austriacus	0.01	0.024	-1	Echolocation	192000	/home/adkris/Documents/mila-human-wav-txt/20220826_070000.WAV	739	Waveform 1	1
LF	495.7012	24000.0	22080.0	5.22772592070644	495.7005	495.7108	22031	27215	Nyctalus leisleri	0.01	0.023	-1	Echolocation	192000	/home/adkris/Documents/mila-human-wav-txt/20220826_070000.WAV	740	Waveform 1	1
LF	498.54173333333335	21000.0	21120.0	5.511075107449349	498.5375	498.5466	16875	23444	Plecotus austriacus	0.012	0.03	-1	Echolocation	192000	/home/adkris/Documents/mila-human-wav-txt/20220826_070000.WAV	741	Waveform 1	1
LF	499.3141	21750.0	22080.0	5.011955126339622	499.3115	499.3199	15156	24327	Plecotus auritus	0.023	0.048	-1	Echolocation	192000	/home/adkris/Documents/mila-human-wav-txt/20220826_070000.WAV	742	Waveform 1	1
LF	500.0893333333333	22500.0	22080.0	6.534034945005576	500.0885	500.0975	20312	24527	Plecotus austriacus	0.009	0.022	-1	Echolocation	192000	/home/adkris/Documents/mila-human-wav-txt/20220826_070000.WAV	743	Waveform 1	1
LF	500.9557	20250.0	20160.0	11.180554512216732	500.9505	500.9598	19453	25192	Plecotus austriacus	0.024	0.064	-1	Echolocation	192000	/home/adkris/Documents/mila-human-wav-txt/20220826_070000.WAV	744	Waveform 1	1
LF	501.91173333333336	21750.0	21120.0	5.239756178126606	501.9105	501.9156	15156	32974	Plecotus auritus	0.035	0.061	-1	Echolocation	192000	/home/adkris/Documents/mila-human-wav-txt/20220826_070000.WAV	745	Waveform 1	1
LF	503.63306666666665	12750.0	13440.000000000002	7.084698987163208	503.6315	503.6386	12578	23138	Plecotus auritus	0.011	0.036	-1	Echolocation	192000	/home/adkris/Documents/mila-human-wav-txt/20220826_070000.WAV	746	Waveform 1	1
LF	505.8600666666667	19500.0	20160.0	7.4299992921623055	505.8585	505.8656	14296	28267	Plecotus auritus	0.02	0.028	-1	Echolocation	192000	/home/adkris/Documents/mila-human-wav-txt/20220826_070000.WAV	747	Waveform 1	1
LF	506.2026333333333	21000.0	22080.0	7.659017652229264	506.2015	506.2102	19453	24959	Plecotus austriacus	0.018	0.037	-1	Echolocation	192000	/home/adkris/Documents/mila-human-wav-txt/20220826_070000.WAV	748	Waveform 1	1
LF	507.2253	19500.0	20160.0	13.84331836913438	507.2205	507.2302	18593	24310	Plecotus austriacus	0.04	0.092	-1	Echolocation	192000	/home/adkris/Documents/mila-human-wav-txt/20220826_070000.WAV	749	Waveform 1	1
LF	507.2514	24000.0	22080.0	6.838212331424126	507.2415	507.2531	22890	28503	Nyctalus leisleri	0.01	0.022	-1	Echolocation	192000	/home/adkris/Documents/mila-human-wav-txt/20220826_070000.WAV	750	Waveform 1	1
LF	507.3666333333333	20250.0	20160.0	7.394928902079371	507.3655	507.3742	20312	24345	Plecotus austriacus	0.011	0.025	-1	Echolocation	192000	/home/adkris/Documents/mila-human-wav-txt/20220826_070000.WAV	751	Waveform 1	1
LF	509.1786	20250.0	22080.0	7.8286745522986	509.1755	509.1834	17734	25814	Plecotus austriacus	0.039	0.073	-1	Echolocation	192000	/home/adkris/Documents/mila-human-wav-txt/20220826_070000.WAV	752	Waveform 1	1
LF	512.3678666666667	20250.0	20160.0	17.059469965627912	512.3665	512.3773	18593	24081	Nyctalus noctula	0.017	0.039	-1	Echolocation	192000	/home/adkris/Documents/mila-human-wav-txt/20220826_070000.WAV	753	Waveform 1	1
LF	512.3905666666667	20250.0	20160.0	16.31103182541175	512.3835	512.3956	21171	25374	Nyctalus leisleri	0.014	0.023	-1	Echolocation	192000	/home/adkris/Documents/mila-human-wav-txt/20220826_070000.WAV	754	Waveform 1	1
LF	512.6045666666666	19500.0	20160.0	5.175489688962801	512.5975	512.6061	16875	24877	Plecotus auritus	0.029	0.061	-1	Echolocation	192000	/home/adkris/Documents/mila-human-wav-txt/20220826_070000.WAV	755	Waveform 1	1
LF	513.0804666666667	16500.0	16320.000000000002	5.332705895593687	513.0785	513.0852	13437	27396	Plecotus auritus	0.041	0.049	-1	Echolocation	192000	/home/adkris/Documents/mila-human-wav-txt/20220826_070000.WAV	756	Waveform 1	1
LF	516.8262666666667	20250.0	20160.0	6.032597196311842	516.8205	516.8339	17734	22882	Nyctalus noctula	0.027	0.05	-1	Echolocation	192000	/home/adkris/Documents/mila-human-wav-txt/20220826_070000.WAV	757	Waveform 1	1
LF	517.142	17250.0	17280.0	5.876282687137766	517.1405	517.1535	16015	22764	Nyctalus noctula	0.022	0.032	-1	Echolocation	192000	/home/adkris/Documents/mila-human-wav-txt/20220826_070000.WAV	758	Waveform 1	1
LF	517.4408	16500.0	17280.0	5.420398366427789	517.4375	517.4487	15156	20026	Nyctalus noctula	0.019	0.036	-1	Echolocation	192000	/home/adkris/Documents/mila-human-wav-txt/20220826_070000.WAV	759	Waveform 1	1
LF	518.6526666666666	21750.0	22080.0	6.993541408194317	518.6515	518.659	17734	28468	Plecotus austriacus	0.034	0.048	-1	Echolocation	192000	/home/adkris/Documents/mila-human-wav-txt/20220826_070000.WAV	760	Waveform 1	1
LF	519.9461	17250.0	20160.0	8.692318305004141	519.9435	519.9519	16015	23337	Plecotus austriacus	0.023	0.052	-1	Echolocation	192000	/home/adkris/Documents/mila-human-wav-txt/20220826_070000.WAV	761	Waveform 1	1
LF	520.8334333333333	20250.0	20160.0	6.969463528542682	520.8315	520.8394	18593	27612	Plecotus austriacus	0.087	0.156	-1	Echolocation	192000	/home/adkris/Documents/mila-human-wav-txt/20220826_070000.WAV	762	Waveform 1	1
HF	521.5661666666666	48750.0	49920.0	6.1635938343907455	521.5635	521.5695	47812	58827	Pipistrellus pipistrellus	0.123	0.137	-1	Echolocation	192000	/home/adkris/Documents/mila-human-wav-txt/20220826_070000.WAV	763	Waveform 1	1
HF	521.9775	51750.0	49920.0	5.554400300951095	521.9755	521.981	35781	71930	Myotis brandtii	0.009	0.023	-1	Echolocation	192000	/home/adkris/Documents/mila-human-wav-txt/20220826_070000.WAV	764	Waveform 1	1
LF	526.0952333333333	17250.0	20160.0	8.906248659433322	526.0935	526.1051	16015	21417	Nyctalus noctula	0.04	0.061	-1	Echolocation	192000	/home/adkris/Documents/mila-human-wav-txt/20220826_070000.WAV	765	Waveform 1	1
LF	527.0700666666667	20250.0	20160.0	12.955306839946562	527.0685	527.0756	17734	27315	Plecotus austriacus	0.073	0.108	-1	Echolocation	192000	/home/adkris/Documents/mila-human-wav-txt/20220826_070000.WAV	766	Waveform 1	1
LF	527.0848	21000.0	22080.0	10.700858589261712	527.0815	527.0927	20312	24355	Nyctalus leisleri	0.013	0.023	-1	Echolocation	192000	/home/adkris/Documents/mila-human-wav-txt/20220826_070000.WAV	767	Waveform 1	1
LF	527.4100333333333	23250.0	23040.0	6.0317346902358775	527.4065	527.4163	21171	27633	Nyctalus leisleri	0.008	0.024	-1	Echolocation	192000	/home/adkris/Documents/mila-human-wav-txt/20220826_070000.WAV	768	Waveform 1	1
LF	529.5852	19500.0	20160.0	6.033449799359888	529.5825	529.5908	17734	25266	Plecotus austriacus	0.051	0.083	-1	Echolocation	192000	/home/adkris/Documents/mila-human-wav-txt/20220826_070000.WAV	769	Waveform 1	1
HF	529.7396	52500.0	52800.00000000001	8.377510649946476	529.7365	529.7409	47812	59138	Pipistrellus pipistrellus	0.157	0.182	-1	Echolocation	192000	/home/adkris/Documents/mila-human-wav-txt/20220826_070000.WAV	770	Waveform 1	1
HF	529.7398333333333	50250.0	52800.00000000001	6.630102665618876	529.7385	529.7435	38359	64932	Myotis mystacinus	0.013	0.039	-1	Echolocation	192000	/home/adkris/Documents/mila-human-wav-txt/20220826_070000.WAV	771	Waveform 1	1
LF	529.8765666666667	20250.0	20160.0	5.331355575624704	529.8735	529.8826	16875	24330	Plecotus austriacus	0.02	0.032	-1	Echolocation	192000	/home/adkris/Documents/mila-human-wav-txt/20220826_070000.WAV	772	Waveform 1	1
HF	530.0229333333333	53250.0	52800.00000000001	6.831285250944241	530.0215	530.0264	32343	76672	Myotis mystacinus	0.043	0.118	-1	Echolocation	192000	/home/adkris/Documents/mila-human-wav-txt/20220826_070000.WAV	773	Waveform 1	1
HF	530.1443333333333	53250.0	55679.99999999999	10.816166035093032	530.1415	530.1485	54687	60931	Pipistrellus pygmaeus	0.048	0.052	-1	Echolocation	192000	/home/adkris/Documents/mila-human-wav-txt/20220826_070000.WAV	774	Waveform 1	1
HF	530.1437666666667	55500.0	53760.00000000001	6.5925464695559945	530.1435	530.1484	34921	69180	Myotis mystacinus	0.025	0.061	-1	Echolocation	192000	/home/adkris/Documents/mila-human-wav-txt/20220826_070000.WAV	775	Waveform 1	1
HF	530.4128666666667	54750.0	55679.99999999999	7.4258518642673454	530.4105	530.4168	53828	61962	Pipistrellus pygmaeus	0.1	0.108	-1	Echolocation	192000	/home/adkris/Documents/mila-human-wav-txt/20220826_070000.WAV	776	Waveform 1	1
HF	530.6033333333334	49500.0	48960.0	6.005228775521535	530.6025	530.608	33203	71980	Myotis mystacinus	0.012	0.034	-1	Echolocation	192000	/home/adkris/Documents/mila-human-wav-txt/20220826_070000.WAV	777	Waveform 1	1
HF	530.757	48750.0	52800.00000000001	7.405050750593551	530.7545	530.7595	33203	69074	Myotis mystacinus	0.021	0.054	-1	Echolocation	192000	/home/adkris/Documents/mila-human-wav-txt/20220826_070000.WAV	778	Waveform 1	1
LF	531.2200333333333	19500.0	20160.0	8.006458937799914	531.2175	531.2283	18593	24476	Plecotus austriacus	0.034	0.108	-1	Echolocation	192000	/home/adkris/Documents/mila-human-wav-txt/20220826_070000.WAV	779	Waveform 1	1
LF	531.4338	19500.0	21120.0	5.366753945992013	531.4325	531.4387	17734	30847	Plecotus austriacus	0.029	0.04	-1	Echolocation	192000	/home/adkris/Documents/mila-human-wav-txt/20220826_070000.WAV	780	Waveform 1	1
LF	531.8451	19500.0	20160.0	10.0390004653688	531.8405	531.8504	18593	24665	Plecotus austriacus	0.04	0.094	-1	Echolocation	192000	/home/adkris/Documents/mila-human-wav-txt/20220826_070000.WAV	781	Waveform 1	1
LF	538.0345333333333	21000.0	21120.0	11.200061903450916	538.0335	538.0423	19453	24417	Plecotus austriacus	0.023	0.051	-1	Echolocation	192000	/home/adkris/Documents/mila-human-wav-txt/20220826_070000.WAV	782	Waveform 1	1
LF	539.0450666666667	21750.0	22080.0	5.29306289094603	539.0445	539.0491	14296	30578	Plecotus auritus	0.018	0.028	-1	Echolocation	192000	/home/adkris/Documents/mila-human-wav-txt/20220826_070000.WAV	783	Waveform 1	1
LF	543.4831	21750.0	22080.0	9.520266406118528	543.4785	543.4884	19453	24630	Plecotus austriacus	0.024	0.071	-1	Echolocation	192000	/home/adkris/Documents/mila-human-wav-txt/20220826_070000.WAV	784	Waveform 1	1
LF	543.4987	21000.0	22080.0	9.41796969967083	543.4925	543.5043	20312	23944	Nyctalus leisleri	0.015	0.024	-1	Echolocation	192000	/home/adkris/Documents/mila-human-wav-txt/20220826_070000.WAV	785	Waveform 1	1
LF	543.6957666666667	24000.0	24000.0	6.388161967184911	543.6935	543.7034	21171	27055	Plecotus austriacus	0.008	0.023	-1	Echolocation	192000	/home/adkris/Documents/mila-human-wav-txt/20220826_070000.WAV	786	Waveform 1	1
LF	546.4667333333333	20250.0	20160.0	5.755110065640602	546.4645	546.4721	16015	24391	Plecotus auritus	0.019	0.034	-1	Echolocation	192000	/home/adkris/Documents/mila-human-wav-txt/20220826_070000.WAV	787	Waveform 1	1
LF	547.0538666666666	17250.0	17280.0	5.235881814178883	547.0515	547.0578	13437	29322	Plecotus auritus	0.045	0.051	-1	Echolocation	192000	/home/adkris/Documents/mila-human-wav-txt/20220826_070000.WAV	788	Waveform 1	1
LF	549.6286333333334	18750.0	20160.0	8.798308494554476	549.6235	549.6352	18593	23822	Nyctalus noctula	0.013	0.04	-1	Echolocation	192000	/home/adkris/Documents/mila-human-wav-txt/20220826_070000.WAV	789	Waveform 1	1
LF	550.5896	18750.0	19200.0	8.934994034285797	550.5845	550.5974	18593	23963	Nyctalus noctula	0.023	0.055	-1	Echolocation	192000	/home/adkris/Documents/mila-human-wav-txt/20220826_070000.WAV	790	Waveform 1	1
LF	550.6026333333333	21750.0	23040.0	7.065366699123574	550.6005	550.6117	21171	25222	Nyctalus leisleri	0.013	0.023	-1	Echolocation	192000	/home/adkris/Documents/mila-human-wav-txt/20220826_070000.WAV	791	Waveform 1	1
LF	551.322	26250.0	25920.0	6.80654499493728	551.3145	551.332	24609	28448	Nyctalus leisleri	0.073	0.153	-1	Echolocation	192000	/home/adkris/Documents/mila-human-wav-txt/20220826_070000.WAV	792	Waveform 1	1
LF	552.5542333333333	17250.0	17280.0	6.210619231451564	552.5525	552.5606	14296	22328	Plecotus auritus	0.018	0.035	-1	Echolocation	192000	/home/adkris/Documents/mila-human-wav-txt/20220826_070000.WAV	793	Waveform 1	1
LF	552.8086666666667	17250.0	17280.0	5.952262754579119	552.8055	552.8145	14296	20640	Plecotus auritus	0.019	0.03	-1	Echolocation	192000	/home/adkris/Documents/mila-human-wav-txt/20220826_070000.WAV	794	Waveform 1	1
LF	553.3358333333333	12750.0	12480.0	8.208645445185724	553.3325	553.3425	12578	16417	Nyctalus leisleri	0.01	0.021	-1	Echolocation	192000	/home/adkris/Documents/mila-human-wav-txt/20220826_070000.WAV	795	Waveform 1	1
LF	553.9581666666667	24000.0	24000.0	5.122648009259057	553.9485	553.9685	24609	28485	Nyctalus leisleri	0.11	0.188	-1	Echolocation	192000	/home/adkris/Documents/mila-human-wav-txt/20220826_070000.WAV	796	Waveform 1	1
LF	554.389	19500.0	20160.0	8.481728783374958	554.3875	554.3935	15156	26220	Plecotus auritus	0.054	0.076	-1	Echolocation	192000	/home/adkris/Documents/mila-human-wav-txt/20220826_070000.WAV	797	Waveform 1	1
LF	555.5304333333333	20250.0	20160.0	13.885392523857051	555.5265	555.5359	18593	24178	Plecotus austriacus	0.035	0.094	-1	Echolocation	192000	/home/adkris/Documents/mila-human-wav-txt/20220826_070000.WAV	798	Waveform 1	1
LF	556.0057666666667	20250.0	22080.0	11.99531669470594	556.0015	556.0129	16875	23998	Nyctalus noctula	0.016	0.04	-1	Echolocation	192000	/home/adkris/Documents/mila-human-wav-txt/20220826_070000.WAV	799	Waveform 1	1
LF	556.0134	21750.0	22080.0	13.511324245743404	556.0085	556.0181	19453	25566	Plecotus austriacus	0.028	0.081	-1	Echolocation	192000	/home/adkris/Documents/mila-human-wav-txt/20220826_070000.WAV	800	Waveform 1	1
LF	559.5817666666667	19500.0	20160.0	12.36048411651536	559.5795	559.5859	15156	27903	Plecotus auritus	0.072	0.098	-1	Echolocation	192000	/home/adkris/Documents/mila-human-wav-txt/20220826_070000.WAV	801	Waveform 1	1
LF	560.0782	20250.0	17280.0	6.800075940474237	560.0775	560.0843	13437	24874	Plecotus auritus	0.064	0.087	-1	Echolocation	192000	/home/adkris/Documents/mila-human-wav-txt/20220826_070000.WAV	802	Waveform 1	1
LF	562.2081333333333	18750.0	19200.0	5.751587061080922	562.2035	562.2192	17734	22087	Nyctalus noctula	0.019	0.035	-1	Echolocation	192000	/home/adkris/Documents/mila-human-wav-txt/20220826_070000.WAV	803	Waveform 1	1
LF	562.7260333333334	17250.0	22080.0	6.897579340845019	562.7225	562.7323	15156	23947	Plecotus auritus	0.011	0.031	-1	Echolocation	192000	/home/adkris/Documents/mila-human-wav-txt/20220826_070000.WAV	804	Waveform 1	1
LF	562.7302	22500.0	22080.0	6.784274422660341	562.7285	562.7378	22031	28256	Eptesicus serotinus	0.012	0.045	-1	Echolocation	192000	/home/adkris/Documents/mila-human-wav-txt/20220826_070000.WAV	805	Waveform 1	1
LF	563.0118666666667	21750.0	22080.0	8.15826666452295	563.0075	563.0223	22031	26537	Nyctalus leisleri	0.011	0.023	-1	Echolocation	192000	/home/adkris/Documents/mila-human-wav-txt/20220826_070000.WAV	806	Waveform 1	1
LF	563.0257333333334	21000.0	23040.0	7.078713424051228	563.0195	563.0301	20312	25140	Nyctalus leisleri	0.009	0.02	-1	Echolocation	192000	/home/adkris/Documents/mila-human-wav-txt/20220826_070000.WAV	807	Waveform 1	1
LF	563.1101666666667	24000.0	23040.0	6.628767195954898	563.1045	563.1145	22890	28587	Nyctalus leisleri	0.012	0.041	-1	Echolocation	192000	/home/adkris/Documents/mila-human-wav-txt/20220826_070000.WAV	808	Waveform 1	1
LF	565.6431	19500.0	20160.0	8.023623787365842	565.6415	565.6474	14296	29498	Plecotus auritus	0.023	0.03	-1	Echolocation	192000	/home/adkris/Documents/mila-human-wav-txt/20220826_070000.WAV	809	Waveform 1	1
LF	566.3908333333334	13500.0	14400.0	7.256405686320483	566.3895	566.398	13437	23284	Plecotus auritus	0.008	0.026	-1	Echolocation	192000	/home/adkris/Documents/mila-human-wav-txt/20220826_070000.WAV	810	Waveform 1	1
LF	568.7899666666667	19500.0	20160.0	13.667630604454596	568.7885	568.7957	13437	27118	Plecotus auritus	0.019	0.029	-1	Echolocation	192000	/home/adkris/Documents/mila-human-wav-txt/20220826_070000.WAV	811	Waveform 1	1
LF	571.1810666666667	18750.0	19200.0	5.9258382091161375	571.1775	571.1896	18593	23939	Nyctalus noctula	0.023	0.057	-1	Echolocation	192000	/home/adkris/Documents/mila-human-wav-txt/20220826_070000.WAV	812	Waveform 1	1
HF	574.2173	55500.0	48960.0	7.169396363133147	574.2155	574.2212	34062	66215	Myotis brandtii	0.01	0.03	-1	Echolocation	192000	/home/adkris/Documents/mila-human-wav-txt/20220826_070000.WAV	813	Waveform 1	1
HF	574.3035333333333	54750.0	54719.99999999999	5.267106817548514	574.3015	574.3058	48671	57668	Pipistrellus pipistrellus	0.116	0.135	-1	Echolocation	192000	/home/adkris/Documents/mila-human-wav-txt/20220826_070000.WAV	814	Waveform 1	1
LF	574.4439666666667	13500.0	13440.000000000002	6.437312628994079	574.4415	574.4512	12578	17571	Nyctalus leisleri	0.011	0.026	-1	Echolocation	192000	/home/adkris/Documents/mila-human-wav-txt/20220826_070000.WAV	815	Waveform 1	1
LF	575.5977666666666	19500.0	19200.0	7.736523367115945	575.5945	575.6034	17734	25501	Plecotus austriacus	0.037	0.078	-1	Echolocation	192000	/home/adkris/Documents/mila-human-wav-txt/20220826_070000.WAV	816	Waveform 1	1
LF	576.6049333333333	14250.0	14400.0	5.00457791803435	576.5975	576.6069	13437	17926	Nyctalus leisleri	0.006	0.022	-1	Echolocation	192000	/home/adkris/Documents/mila-human-wav-txt/20220826_070000.WAV	817	Waveform 1	1
LF	576.9763	18750.0	20160.0	5.795820058291232	576.9725	576.9797	16875	25503	Plecotus auritus	0.035	0.062	-1	Echolocation	192000	/home/adkris/Documents/mila-human-wav-txt/20220826_070000.WAV	818	Waveform 1	1
LF	577.2928	20250.0	20160.0	11.041098143921378	577.2895	577.2972	16875	26135	Plecotus austriacus	0.048	0.095	-1	Echolocation	192000	/home/adkris/Documents/mila-human-wav-txt/20220826_070000.WAV	819	Waveform 1	1
LF	583.9683666666666	21750.0	22080.0	5.235226799100462	583.9665	583.9768	19453	24509	Plecotus austriacus	0.011	0.026	-1	Echolocation	192000	/home/adkris/Documents/mila-human-wav-txt/20220826_070000.WAV	820	Waveform 1	1
LF	586.9397666666666	19500.0	20160.0	9.048520844326632	586.9335	586.9499	18593	23973	Nyctalus noctula	0.021	0.032	-1	Echolocation	192000	/home/adkris/Documents/mila-human-wav-txt/20220826_070000.WAV	821	Waveform 1	1
LF	586.9402	18750.0	19200.0	9.975684496265943	586.9385	586.9443	14296	28629	Plecotus auritus	0.025	0.032	-1	Echolocation	192000	/home/adkris/Documents/mila-human-wav-txt/20220826_070000.WAV	822	Waveform 1	1
LF	587.0529	20250.0	19200.0	6.303392180890338	587.0515	587.0576	14296	30634	Plecotus auritus	0.023	0.042	-1	Echolocation	192000	/home/adkris/Documents/mila-human-wav-txt/20220826_070000.WAV	823	Waveform 1	1
LF	588.7107666666667	15000.0	14400.0	9.6087993379567	588.7085	588.7184	12578	17994	Nyctalus leisleri	0.019	0.034	-1	Echolocation	192000	/home/adkris/Documents/mila-human-wav-txt/20220826_070000.WAV	824	Waveform 1	1
LF	588.7749333333334	21750.0	23040.0	5.758466511443292	588.7735	588.7819	21171	27410	Plecotus austriacus	0.018	0.037	-1	Echolocation	192000	/home/adkris/Documents/mila-human-wav-txt/20220826_070000.WAV	825	Waveform 1	1
LF	590.2261	22500.0	22080.0	5.116494944324362	590.2235000000001	590.2319	19453	26865	Plecotus austriacus	0.017	0.032	-1	Echolocation	192000	/home/adkris/Documents/mila-human-wav-txt/20220826_070000.WAV	826	Waveform 1	1
LF	591.4752	19500.0	19200.0	7.950313444233876	591.4705	591.4768	14296	30306	Plecotus auritus	0.023	0.03	-1	Echolocation	192000	/home/adkris/Documents/mila-human-wav-txt/20220826_070000.WAV	827	Waveform 1	1
LF	591.4748	19500.0	19200.0	6.193070597413646	591.4735000000001	591.4832	19453	25095	Plecotus austriacus	0.012	0.027	-1	Echolocation	192000	/home/adkris/Documents/mila-human-wav-txt/20220826_070000.WAV	828	Waveform 1	1
LF	594.0248666666666	21750.0	21120.0	6.952747686451676	594.0235	594.0378	21171	24577	Nyctalus leisleri	0.016	0.032	-1	Echolocation	192000	/home/adkris/Documents/mila-human-wav-txt/20220826_070000.WAV	829	Waveform 1	1
LF	595.8987333333333	23250.0	23040.0	8.630168489501003	595.8975	595.9026	15156	33095	Plecotus auritus	0.032	0.063	-1	Echolocation	192000	/home/adkris/Documents/mila-human-wav-txt/20220826_070000.WAV	830	Waveform 1	1
LF	595.8981333333334	22500.0	23040.0	9.244813537226488	595.8975	595.9067	22890	26441	Nyctalus leisleri	0.019	0.037	-1	Echolocation	192000	/home/adkris/Documents/mila-human-wav-txt/20220826_070000.WAV	831	Waveform 1	1
LF	597.5186333333334	21750.0	21120.0	6.481303467191749	597.5145	597.5237	19453	26233	Plecotus austriacus	0.03	0.066	-1	Echolocation	192000	/home/adkris/Documents/mila-human-wav-txt/20220826_070000.WAV	832	Waveform 1	1
LF	602.7073333333333	20250.0	20160.0	12.468663134440982	602.7055	602.7135	16875	24980	Plecotus austriacus	0.045	0.072	-1	Echolocation	192000	/home/adkris/Documents/mila-human-wav-txt/20220826_070000.WAV	833	Waveform 1	1
HF	604.2510666666667	52500.0	49920.0	7.578898885492195	604.2485	604.2546	31484	52084	Myotis daubentonii	0.017	0.031	-1	Echolocation	192000	/home/adkris/Documents/mila-human-wav-txt/20220826_070000.WAV	834	Waveform 1	1
HF	604.7036	49500.0	49920.0	5.594899926022402	604.7015	604.7069	35781	66092	Myotis mystacinus	0.012	0.037	-1	Echolocation	192000	/home/adkris/Documents/mila-human-wav-txt/20220826_070000.WAV	835	Waveform 1	1
LF	605.0433666666667	20250.0	20160.0	8.893791021075616	605.0415	605.0483	16875	28286	Plecotus austriacus	0.104	0.129	-1	Echolocation	192000	/home/adkris/Documents/mila-human-wav-txt/20220826_070000.WAV	836	Waveform 1	1
HF	605.0478333333333	49500.0	48960.0	9.329065556591525	605.0465	605.0515	29765	63087	Myotis daubentonii	0.019	0.03	-1	Echolocation	192000	/home/adkris/Documents/mila-human-wav-txt/20220826_070000.WAV	837	Waveform 1	1
HF	605.1267	55500.0	56640.0	14.182006717934414	605.1265	605.1338	54687	67231	Pipistrellus pygmaeus	0.04	0.045	-1	Echolocation	192000	/home/adkris/Documents/mila-human-wav-txt/20220826_070000.WAV	838	Waveform 1	1
HF	605.1277	51000.0	48960.0	13.410242413757365	605.1265	605.1328	32343	64356	Myotis daubentonii	0.011	0.023	-1	Echolocation	192000	/home/adkris/Documents/mila-human-wav-txt/20220826_070000.WAV	839	Waveform 1	1
HF	605.2143333333333	57000.0	55679.99999999999	11.411971081334098	605.2105	605.2165	57265	66630	Pipistrellus pygmaeus	0.061	0.065	-1	Echolocation	192000	/home/adkris/Documents/mila-human-wav-txt/20220826_070000.WAV	840	Waveform 1	1
HF	605.217	48000.0	48000.0	5.583398682060881	605.2155	605.2215	28046	44948	Myotis nattereri	0.011	0.024	-1	Echolocation	192000	/home/adkris/Documents/mila-human-wav-txt/20220826_070000.WAV	841	Waveform 1	1
HF	605.5174	53250.0	52800.00000000001	8.423105663991137	605.5155	605.5211	34921	68705	Myotis mystacinus	0.011	0.029	-1	Echolocation	192000	/home/adkris/Documents/mila-human-wav-txt/20220826_070000.WAV	842	Waveform 1	1
HF	605.5860666666666	51000.0	54719.99999999999	6.680169143481445	605.5835	605.5896	34062	65119	Myotis daubentonii	0.012	0.03	-1	Echolocation	192000	/home/adkris/Documents/mila-human-wav-txt/20220826_070000.WAV	843	Waveform 1	1
LF	607.6114666666666	18000.0	19200.0	7.376238960761886	607.6095	607.6232	16875	22138	Nyctalus noctula	0.016	0.025	-1	Echolocation	192000	/home/adkris/Documents/mila-human-wav-txt/20220826_070000.WAV	844	Waveform 1	1
LF	608.3286666666667	19500.0	20160.0	11.64840120377551	608.3265	608.333	16875	30964	Plecotus austriacus	0.084	0.125	-1	Echolocation	192000	/home/adkris/Documents/mila-human-wav-txt/20220826_070000.WAV	845	Waveform 1	1
LF	608.6554666666667	21000.0	21120.0	19.25298330216947	608.6535	608.6602	17734	27642	Plecotus austriacus	0.069	0.101	-1	Echolocation	192000	/home/adkris/Documents/mila-human-wav-txt/20220826_070000.WAV	846	Waveform 1	1
LF	609.8691333333334	14250.0	14400.0	7.54022727412962	609.8675	609.8757	13437	17885	Nyctalus noctula	0.015	0.05	-1	Echolocation	192000	/home/adkris/Documents/mila-human-wav-txt/20220826_070000.WAV	847	Waveform 1	1
LF	610.2877333333333	21750.0	22080.0	5.382198049989934	610.2865	610.2951	19453	26361	Plecotus austriacus	0.018	0.032	-1	Echolocation	192000	/home/adkris/Documents/mila-human-wav-txt/20220826_070000.WAV	848	Waveform 1	1
LF	612.2903333333334	20250.0	20160.0	13.949335296047956	612.2885	612.2965	17734	26508	Plecotus austriacus	0.064	0.099	-1	Echolocation	192000	/home/adkris/Documents/mila-human-wav-txt/20220826_070000.WAV	849	Waveform 1	1
LF	613.0091666666667	17250.0	20160.0	6.296116423428495	613.0075	613.018	16015	21326	Nyctalus noctula	0.029	0.063	-1	Echolocation	192000	/home/adkris/Documents/mila-human-wav-txt/20220826_070000.WAV	850	Waveform 1	1
LF	613.3048333333334	21750.0	22080.0	5.417644838861221	613.3035	613.3155	21171	24670	Nyctalus leisleri	0.02	0.035	-1	Echolocation	192000	/home/adkris/Documents/mila-human-wav-txt/20220826_070000.WAV	851	Waveform 1	1
LF	614.4282	19500.0	20160.0	7.570826899467074	614.4245	614.4388	17734	22691	Nyctalus noctula	0.029	0.053	-1	Echolocation	192000	/home/adkris/Documents/mila-human-wav-txt/20220826_070000.WAV	852	Waveform 1	1
LF	615.2370666666667	21750.0	21120.0	8.2150875953946	615.2345	615.2476	20312	23568	Nyctalus leisleri	0.025	0.05	-1	Echolocation	192000	/home/adkris/Documents/mila-human-wav-txt/20220826_070000.WAV	853	Waveform 1	1
LF	615.2534666666667	22500.0	23040.0	6.186952160547788	615.2485	615.2592	22890	27395	Nyctalus leisleri	0.013	0.024	-1	Echolocation	192000	/home/adkris/Documents/mila-human-wav-txt/20220826_070000.WAV	854	Waveform 1	1
LF	616.2803	21000.0	20160.0	6.309536877776676	616.2764999999999	616.2907	19453	23737	Nyctalus noctula	0.02	0.047	-1	Echolocation	192000	/home/adkris/Documents/mila-human-wav-txt/20220826_070000.WAV	855	Waveform 1	1
LF	617.3200333333333	21750.0	22080.0	6.26740539033518	617.3125	617.3218	21171	25538	Nyctalus leisleri	0.012	0.029	-1	Echolocation	192000	/home/adkris/Documents/mila-human-wav-txt/20220826_070000.WAV	856	Waveform 1	1
LF	619.0073	17250.0	17280.0	6.0193775512284295	619.0035	619.0177	15156	20633	Nyctalus noctula	0.018	0.028	-1	Echolocation	192000	/home/adkris/Documents/mila-human-wav-txt/20220826_070000.WAV	857	Waveform 1	1
LF	622.0792	20250.0	17280.0	6.361559133292591	622.0775	622.0868	16015	23155	Plecotus austriacus	0.027	0.061	-1	Echolocation	192000	/home/adkris/Documents/mila-human-wav-txt/20220826_070000.WAV	858	Waveform 1	1
LF	624.524	21750.0	22080.0	11.291251530436028	624.5215	624.5264999999999	17734	31488	Plecotus austriacus	0.104	0.15	-1	Echolocation	192000	/home/adkris/Documents/mila-human-wav-txt/20220826_070000.WAV	859	Waveform 1	1
LF	625.3195	21000.0	22080.0	5.672942512703958	625.3185	625.325	17734	30886	Plecotus austriacus	0.029	0.041	-1	Echolocation	192000	/home/adkris/Documents/mila-human-wav-txt/20220826_070000.WAV	860	Waveform 1	1
LF	626.1192	13500.0	14400.0	9.619221406887108	626.1175	626.1268	12578	19420	Nyctalus leisleri	0.017	0.04	-1	Echolocation	192000	/home/adkris/Documents/mila-human-wav-txt/20220826_070000.WAV	861	Waveform 1	1
HF	626.1207333333333	56250.0	56640.0	6.012049999911433	626.1195	626.1246	36640	78411	Myotis mystacinus	0.027	0.051	-1	Echolocation	192000	/home/adkris/Documents/mila-human-wav-txt/20220826_070000.WAV	862	Waveform 1	1
HF	626.1526666666666	56250.0	56640.0	7.292026624962324	626.1525	626.1575	55546	61912	Pipistrellus pygmaeus	0.029	0.031	-1	Echolocation	192000	/home/adkris/Documents/mila-human-wav-txt/20220826_070000.WAV	863	Waveform 1	1
HF	626.1691	56250.0	55679.99999999999	5.3658532196803534	626.1675	626.1734	46953	57600	Pipistrellus pipistrellus	0.136	0.168	-1	Echolocation	192000	/home/adkris/Documents/mila-human-wav-txt/20220826_070000.WAV	864	Waveform 1	1
HF	626.2523666666667	50250.0	49920.0	7.221013420013432	626.2495	626.2553	33203	65740	Myotis mystacinus	0.009	0.029	-1	Echolocation	192000	/home/adkris/Documents/mila-human-wav-txt/20220826_070000.WAV	865	Waveform 1	1
HF	626.3769333333333	54750.0	54719.99999999999	9.486862463901254	626.3765	626.3824	33203	66705	Myotis mystacinus	0.009	0.025	-1	Echolocation	192000	/home/adkris/Documents/mila-human-wav-txt/20220826_070000.WAV	866	Waveform 1	1
LF	626.7600333333334	17250.0	17280.0	5.282920175745388	626.7575	626.7648	13437	27128	Plecotus auritus	0.029	0.037	-1	Echolocation	192000	/home/adkris/Documents/mila-human-wav-txt/20220826_070000.WAV	867	Waveform 1	1
LF	627.2313666666666	20250.0	20160.0	13.831871413120664	627.2285	627.2343	16875	28618	Plecotus austriacus	0.084	0.133	-1	Echolocation	192000	/home/adkris/Documents/mila-human-wav-txt/20220826_070000.WAV	868	Waveform 1	1
LF	627.8404	21000.0	21120.0	8.5703239125111	627.8375	627.8526	20312	24567	Nyctalus noctula	0.024	0.049	-1	Echolocation	192000	/home/adkris/Documents/mila-human-wav-txt/20220826_070000.WAV	869	Waveform 1	1
LF	629.0859	18000.0	18240.0	6.099850370156069	629.0845	629.0941	16015	22653	Nyctalus noctula	0.014	0.038	-1	Echolocation	192000	/home/adkris/Documents/mila-human-wav-txt/20220826_070000.WAV	870	Waveform 1	1
LF	633.2196333333334	20250.0	20160.0	7.348968325958579	633.2175	633.2252	17734	25709	Plecotus austriacus	0.037	0.056	-1	Echolocation	192000	/home/adkris/Documents/mila-human-wav-txt/20220826_070000.WAV	871	Waveform 1	1
LF	634.9523333333333	18750.0	20160.0	20.846956431635533	634.9495	634.9565	16875	27894	Plecotus austriacus	0.08	0.131	-1	Echolocation	192000	/home/adkris/Documents/mila-human-wav-txt/20220826_070000.WAV	872	Waveform 1	1
LF	635.0630666666667	20250.0	20160.0	5.611975864769832	635.0615	635.0721	18593	23663	Plecotus austriacus	0.011	0.031	-1	Echolocation	192000	/home/adkris/Documents/mila-human-wav-txt/20220826_070000.WAV	873	Waveform 1	1
LF	635.3744	20250.0	21120.0	9.37025059915756	635.3715	635.3831	19453	23382	Nyctalus noctula	0.013	0.041	-1	Echolocation	192000	/home/adkris/Documents/mila-human-wav-txt/20220826_070000.WAV	874	Waveform 1	1
LF	635.8766	20250.0	20160.0	5.797800325548507	635.8755	635.8854	18593	24235	Plecotus austriacus	0.021	0.045	-1	Echolocation	192000	/home/adkris/Documents/mila-human-wav-txt/20220826_070000.WAV	875	Waveform 1	1
LF	636.5665333333334	18750.0	22080.0	5.141325163016188	636.5655	636.5708	14296	31417	Plecotus auritus	0.013	0.022	-1	Echolocation	192000	/home/adkris/Documents/mila-human-wav-txt/20220826_070000.WAV	876	Waveform 1	1
LF	637.9667	19500.0	20160.0	9.97756123526457	637.9615	637.9743	18593	23688	Nyctalus noctula	0.013	0.027	-1	Echolocation	192000	/home/adkris/Documents/mila-human-wav-txt/20220826_070000.WAV	877	Waveform 1	1
LF	637.9668333333333	19500.0	20160.0	7.164781431450676	637.9665	637.976	19453	24786	Plecotus austriacus	0.013	0.028	-1	Echolocation	192000	/home/adkris/Documents/mila-human-wav-txt/20220826_070000.WAV	878	Waveform 1	1
LF	639.3293666666667	21750.0	21120.0	6.406365621151209	639.3275	639.3343	16875	29239	Plecotus austriacus	0.023	0.032	-1	Echolocation	192000	/home/adkris/Documents/mila-human-wav-txt/20220826_070000.WAV	879	Waveform 1	1
LF	639.6961333333334	21000.0	22080.0	11.288770831943086	639.6945	639.7027	18593	26777	Plecotus austriacus	0.066	0.098	-1	Echolocation	192000	/home/adkris/Documents/mila-human-wav-txt/20220826_070000.WAV	880	Waveform 1	1
LF	639.8	21000.0	20160.0	6.815654046777016	639.7955	639.8055	19453	25421	Plecotus austriacus	0.019	0.045	-1	Echolocation	192000	/home/adkris/Documents/mila-human-wav-txt/20220826_070000.WAV	881	Waveform 1	1
LF	641.2408333333333	21000.0	21120.0	11.610600218782402	641.2365	641.2455	18593	26310	Plecotus austriacus	0.076	0.144	-1	Echolocation	192000	/home/adkris/Documents/mila-human-wav-txt/20220826_070000.WAV	882	Waveform 1	1
LF	644.0672	24000.0	22080.0	5.774850600916127	644.0575	644.0693	22031	26489	Nyctalus leisleri	0.012	0.022	-1	Echolocation	192000	/home/adkris/Documents/mila-human-wav-txt/20220826_070000.WAV	883	Waveform 1	1
LF	644.3880666666666	18000.0	19200.0	9.155667327995726	644.3865	644.3936	14296	26782	Plecotus auritus	0.023	0.037	-1	Echolocation	192000	/home/adkris/Documents/mila-human-wav-txt/20220826_070000.WAV	884	Waveform 1	1
LF	646.3855	20250.0	20160.0	10.746901480466091	646.3815	646.3955	17734	22758	Nyctalus noctula	0.038	0.061	-1	Echolocation	192000	/home/adkris/Documents/mila-human-wav-txt/20220826_070000.WAV	885	Waveform 1	1
LF	647.7775	17250.0	19200.0	7.317494416961557	647.7755	647.7845	16015	22849	Nyctalus noctula	0.027	0.083	-1	Echolocation	192000	/home/adkris/Documents/mila-human-wav-txt/20220826_070000.WAV	886	Waveform 1	1
LF	650.1489333333334	14250.0	14400.0	5.961462084638417	650.1475	650.1559	13437	18132	Plecotus auritus	0.009	0.032	-1	Echolocation	192000	/home/adkris/Documents/mila-human-wav-txt/20220826_070000.WAV	887	Waveform 1	1
LF	650.3589333333333	21750.0	22080.0	8.154695620289726	650.3445	650.3644	19453	22404	Nyctalus leisleri	0.018	0.037	-1	Echolocation	192000	/home/adkris/Documents/mila-human-wav-txt/20220826_070000.WAV	888	Waveform 1	1
LF	650.3591	21750.0	22080.0	10.522076182112489	650.3575	650.3634	16875	30772	Plecotus austriacus	0.036	0.048	-1	Echolocation	192000	/home/adkris/Documents/mila-human-wav-txt/20220826_070000.WAV	889	Waveform 1	1
LF	650.3784	22500.0	22080.0	10.045422746847644	650.3685	650.3801	21171	25087	Nyctalus leisleri	0.014	0.022	-1	Echolocation	192000	/home/adkris/Documents/mila-human-wav-txt/20220826_070000.WAV	890	Waveform 1	1
LF	651.1924333333334	19500.0	20160.0	8.212615780165159	651.1905	651.2019	19453	24531	Nyctalus noctula	0.013	0.037	-1	Echolocation	192000	/home/adkris/Documents/mila-human-wav-txt/20220826_070000.WAV	891	Waveform 1	1
LF	652.8897333333333	20250.0	20160.0	5.793825044184055	652.8875	652.8951	16875	30219	Plecotus austriacus	0.039	0.054	-1	Echolocation	192000	/home/adkris/Documents/mila-human-wav-txt/20220826_070000.WAV	892	Waveform 1	1
LF	652.9018666666667	21750.0	23040.0	5.1494915703115405	652.9005	652.9113	22031	26857	Nyctalus leisleri	0.014	0.026	-1	Echolocation	192000	/home/adkris/Documents/mila-human-wav-txt/20220826_070000.WAV	893	Waveform 1	1
HF	653.8056666666666	49500.0	48960.0	6.909111728315766	653.8025	653.808	35781	59430	Myotis mystacinus	0.008	0.029	-1	Echolocation	192000	/home/adkris/Documents/mila-human-wav-txt/20220826_070000.WAV	894	Waveform 1	1
HF	654.0057666666667	46500.0	46080.0	7.088497504748621	654.0015	654.0094	46953	54087	Pipistrellus pipistrellus	0.025	0.031	-1	Echolocation	192000	/home/adkris/Documents/mila-human-wav-txt/20220826_070000.WAV	895	Waveform 1	1
HF	654.1601333333333	55500.0	55679.99999999999	6.770691885939423	654.1575	654.1647	55546	62571	Pipistrellus pygmaeus	0.05	0.053	-1	Echolocation	192000	/home/adkris/Documents/mila-human-wav-txt/20220826_070000.WAV	896	Waveform 1	1
HF	654.1606	51000.0	48960.0	8.80017337679368	654.1585	654.1639	33203	70624	Myotis mystacinus	0.013	0.034	-1	Echolocation	192000	/home/adkris/Documents/mila-human-wav-txt/20220826_070000.WAV	897	Waveform 1	1
HF	654.3492	56250.0	55679.99999999999	8.24835212335208	654.3465	654.3548	55546	63211	Pipistrellus pygmaeus	0.029	0.031	-1	Echolocation	192000	/home/adkris/Documents/mila-human-wav-txt/20220826_070000.WAV	898	Waveform 1	1
HF	654.3521666666667	49500.0	48960.0	10.357410503977572	654.3485000000001	654.3535	35781	65878	Myotis bechsteinii	0.009	0.029	-1	Echolocation	192000	/home/adkris/Documents/mila-human-wav-txt/20220826_070000.WAV	899	Waveform 1	1
HF	654.5235	50250.0	51840.0	9.359638287419545	654.5215	654.527	34921	65212	Myotis mystacinus	0.013	0.034	-1	Echolocation	192000	/home/adkris/Documents/mila-human-wav-txt/20220826_070000.WAV	900	Waveform 1	1
HF	654.9674666666666	55500.0	55679.99999999999	5.038223044528972	654.9655	654.9722	53828	58883	Pipistrellus pygmaeus	0.099	0.109	-1	Echolocation	192000	/home/adkris/Documents/mila-human-wav-txt/20220826_070000.WAV	901	Waveform 1	1
LF	656.0126	20250.0	20160.0	10.076663543753613	656.0115	656.0179	13437	27231	Plecotus auritus	0.024	0.027	-1	Echolocation	192000	/home/adkris/Documents/mila-human-wav-txt/20220826_070000.WAV	902	Waveform 1	1
LF	657.596	19500.0	20160.0	7.789508695040105	657.5915	657.605	18593	23003	Nyctalus noctula	0.024	0.054	-1	Echolocation	192000	/home/adkris/Documents/mila-human-wav-txt/20220826_070000.WAV	903	Waveform 1	1
LF	657.8391	20250.0	20160.0	7.52193808750013	657.8375	657.8469	19453	24828	Plecotus austriacus	0.025	0.062	-1	Echolocation	192000	/home/adkris/Documents/mila-human-wav-txt/20220826_070000.WAV	904	Waveform 1	1
LF	660.7321	22500.0	22080.0	5.140375084404818	660.7305	660.7364	13437	28759	Plecotus auritus	0.026	0.03	-1	Echolocation	192000	/home/adkris/Documents/mila-human-wav-txt/20220826_070000.WAV	905	Waveform 1	1
LF	661.3467	15000.0	14400.0	9.62588353272734	661.3455	661.3553	13437	15866	Nyctalus leisleri	0.021	0.045	-1	Echolocation	192000	/home/adkris/Documents/mila-human-wav-txt/20220826_070000.WAV	906	Waveform 1	1
LF	668.5693666666667	20250.0	20160.0	9.741136759101575	668.5675	668.5743	17734	27302	Plecotus austriacus	0.065	0.093	-1	Echolocation	192000	/home/adkris/Documents/mila-human-wav-txt/20220826_070000.WAV	907	Waveform 1	1
LF	668.8453333333333	21000.0	21120.0	11.4675860216044	668.8435	668.8515	18593	25975	Plecotus austriacus	0.063	0.1	-1	Echolocation	192000	/home/adkris/Documents/mila-human-wav-txt/20220826_070000.WAV	908	Waveform 1	1
LF	668.8601333333334	22500.0	22080.0	9.961464192311777	668.8545	668.8657	21171	25159	Nyctalus leisleri	0.013	0.022	-1	Echolocation	192000	/home/adkris/Documents/mila-human-wav-txt/20220826_070000.WAV	909	Waveform 1	1
LF	670.0138	20250.0	20160.0	12.842877085670295	670.0015	670.0142	18593	27914	Nyctalus noctula	0.014	0.033	-1	Echolocation	192000	/home/adkris/Documents/mila-human-wav-txt/20220826_070000.WAV	910	Waveform 1	1
LF	670.0138333333333	20250.0	20160.0	16.051532626719634	670.0115	670.019	16875	25901	Plecotus austriacus	0.037	0.062	-1	Echolocation	192000	/home/adkris/Documents/mila-human-wav-txt/20220826_070000.WAV	911	Waveform 1	1
HF	671.5916333333333	49500.0	48960.0	5.291218215503369	671.5905	671.5957	33203	73540	Myotis mystacinus	0.016	0.043	-1	Echolocation	192000	/home/adkris/Documents/mila-human-wav-txt/20220826_070000.WAV	912	Waveform 1	1
HF	671.9085666666666	49500.0	48960.0	9.982197250019528	671.9055	671.9111	32343	62532	Myotis brandtii	0.007	0.023	-1	Echolocation	192000	/home/adkris/Documents/mila-human-wav-txt/20220826_070000.WAV	913	Waveform 1	1
HF	671.9094666666666	47250.0	48960.0	5.617892097641503	671.9075	671.9142	28046	47077	Myotis nattereri	0.008	0.021	-1	Echolocation	192000	/home/adkris/Documents/mila-human-wav-txt/20220826_070000.WAV	914	Waveform 1	1
LF	678.2242333333334	19500.0	19200.0	7.109231869453303	678.2205	678.2371	16875	21843	Nyctalus noctula	0.036	0.05	-1	Echolocation	192000	/home/adkris/Documents/mila-human-wav-txt/20220826_070000.WAV	915	Waveform 1	1
LF	682.2757333333334	21000.0	21120.0	12.468043610502493	682.2725	682.2826	18593	24664	Plecotus austriacus	0.037	0.071	-1	Echolocation	192000	/home/adkris/Documents/mila-human-wav-txt/20220826_070000.WAV	916	Waveform 1	1
LF	682.3127	21000.0	20160.0	8.646262195628621	682.3095	682.3208	19453	24470	Plecotus austriacus	0.021	0.06	-1	Echolocation	192000	/home/adkris/Documents/mila-human-wav-txt/20220826_070000.WAV	917	Waveform 1	1
LF	684.4671	21000.0	21120.0	5.4867979814829	684.4655	684.4784	19453	23586	Nyctalus leisleri	0.016	0.044	-1	Echolocation	192000	/home/adkris/Documents/mila-human-wav-txt/20220826_070000.WAV	918	Waveform 1	1
LF	685.8445333333333	21750.0	21120.0	5.979972454949975	685.8385	685.8493	21171	25155	Nyctalus leisleri	0.012	0.026	-1	Echolocation	192000	/home/adkris/Documents/mila-human-wav-txt/20220826_070000.WAV	919	Waveform 1	1
LF	688.8971	20250.0	21120.0	6.4738435662200775	688.8955	688.9049	19453	24589	Plecotus austriacus	0.015	0.034	-1	Echolocation	192000	/home/adkris/Documents/mila-human-wav-txt/20220826_070000.WAV	920	Waveform 1	1
LF	690.6257666666667	21000.0	17280.0	9.05883967764184	690.6245	690.6319	15156	27577	Plecotus austriacus	0.017	0.036	-1	Echolocation	192000	/home/adkris/Documents/mila-human-wav-txt/20220826_070000.WAV	921	Waveform 1	1
LF	692.0358666666667	19500.0	19200.0	6.382476727574915	692.0335	692.0468	17734	22237	Nyctalus noctula	0.016	0.035	-1	Echolocation	192000	/home/adkris/Documents/mila-human-wav-txt/20220826_070000.WAV	922	Waveform 1	1
LF	695.3895	20250.0	20160.0	12.96135030452817	695.3885	695.402	17734	22955	Nyctalus noctula	0.048	0.07	-1	Echolocation	192000	/home/adkris/Documents/mila-human-wav-txt/20220826_070000.WAV	923	Waveform 1	1
LF	695.6246333333333	22500.0	23040.0	9.842745280620813	695.6215	695.6317	20312	25591	Plecotus austriacus	0.016	0.05	-1	Echolocation	192000	/home/adkris/Documents/mila-human-wav-txt/20220826_070000.WAV	924	Waveform 1	1
LF	696.8426333333333	21000.0	22080.0	11.468117982668044	696.8415	696.8537	21171	24772	Nyctalus leisleri	0.018	0.038	-1	Echolocation	192000	/home/adkris/Documents/mila-human-wav-txt/20220826_070000.WAV	925	Waveform 1	1
LF	698.8457	24750.0	25920.0	5.679301446490303	698.8405	698.8498	26328	34736	Eptesicus serotinus	0.009	0.022	-1	Echolocation	192000	/home/adkris/Documents/mila-human-wav-txt/20220826_070000.WAV	926	Waveform 1	1
LF	699.5849	20250.0	20160.0	5.43921248127484	699.5835	699.5931	18593	23673	Plecotus austriacus	0.011	0.026	-1	Echolocation	192000	/home/adkris/Documents/mila-human-wav-txt/20220826_070000.WAV	927	Waveform 1	1
LF	699.6091	23250.0	22080.0	5.343071482872155	699.5995	699.6114	22031	25850	Nyctalus leisleri	0.013	0.022	-1	Echolocation	192000	/home/adkris/Documents/mila-human-wav-txt/20220826_070000.WAV	928	Waveform 1	1
LF	700.4208	20250.0	20160.0	12.916755015902543	700.4165	700.4267	18593	24872	Plecotus austriacus	0.034	0.094	-1	Echolocation	192000	/home/adkris/Documents/mila-human-wav-txt/20220826_070000.WAV	929	Waveform 1	1
LF	701.0229333333333	24000.0	23040.0	7.801975409400519	701.0225	701.0319	23750	30070	Nyctalus leisleri	0.008	0.021	-1	Echolocation	192000	/home/adkris/Documents/mila-human-wav-txt/20220826_070000.WAV	930	Waveform 1	1
LF	701.7275333333333	18000.0	21120.0	5.047405463006644	701.7235	701.7363	15156	20134	Nyctalus noctula	0.012	0.021	-1	Echolocation	192000	/home/adkris/Documents/mila-human-wav-txt/20220826_070000.WAV	931	Waveform 1	1
LF	701.7367333333333	21000.0	21120.0	5.06200635970446	701.7345	701.7491	20312	23753	Nyctalus leisleri	0.018	0.043	-1	Echolocation	192000	/home/adkris/Documents/mila-human-wav-txt/20220826_070000.WAV	932	Waveform 1	1
LF	702.2745666666667	22500.0	23040.0	9.872537980833616	702.2705	702.2786	21171	28008	Plecotus austriacus	0.039	0.091	-1	Echolocation	192000	/home/adkris/Documents/mila-human-wav-txt/20220826_070000.WAV	933	Waveform 1	1
LF	702.7187333333334	24750.0	24000.0	5.258807098824595	702.7125	702.7231	23750	29177	Nyctalus leisleri	0.023	0.069	-1	Echolocation	192000	/home/adkris/Documents/mila-human-wav-txt/20220826_070000.WAV	934	Waveform 1	1
LF	703.1108	21750.0	22080.0	6.728748857824596	703.1095	703.1192	21171	25326	Nyctalus leisleri	0.015	0.038	-1	Echolocation	192000	/home/adkris/Documents/mila-human-wav-txt/20220826_070000.WAV	935	Waveform 1	1
LF	704.2145666666667	20250.0	20160.0	8.796171295390373	704.2095	704.2236	17734	22867	Nyctalus noctula	0.033	0.061	-1	Echolocation	192000	/home/adkris/Documents/mila-human-wav-txt/20220826_070000.WAV	936	Waveform 1	1
LF	705.7610999999999	21000.0	21120.0	5.386941864581583	705.7595	705.7689	20312	24680	Plecotus austriacus	0.013	0.035	-1	Echolocation	192000	/home/adkris/Documents/mila-human-wav-txt/20220826_070000.WAV	937	Waveform 1	1
LF	706.9009	21750.0	22080.0	10.609801056378728	706.8975	706.9086	19453	24538	Plecotus austriacus	0.017	0.05	-1	Echolocation	192000	/home/adkris/Documents/mila-human-wav-txt/20220826_070000.WAV	938	Waveform 1	1
LF	707.3726666666666	21000.0	22080.0	8.493614515265131	707.3715	707.379	18593	27908	Plecotus austriacus	0.029	0.041	-1	Echolocation	192000	/home/adkris/Documents/mila-human-wav-txt/20220826_070000.WAV	939	Waveform 1	1
LF	707.4879	24750.0	24960.0	5.48329802363245	707.4825	707.4916	23750	32751	Plecotus austriacus	0.01	0.026	-1	Echolocation	192000	/home/adkris/Documents/mila-human-wav-txt/20220826_070000.WAV	940	Waveform 1	1
LF	707.5437333333333	17250.0	17280.0	9.47280701773196	707.5425	707.5581	16015	19207	Nyctalus noctula	0.01	0.022	-1	Echolocation	192000	/home/adkris/Documents/mila-human-wav-txt/20220826_070000.WAV	941	Waveform 1	1
LF	707.625	21750.0	21120.0	9.406188290892752	707.6205	707.6305	18593	24656	Plecotus austriacus	0.032	0.064	-1	Echolocation	192000	/home/adkris/Documents/mila-human-wav-txt/20220826_070000.WAV	942	Waveform 1	1
LF	708.3024	18750.0	19200.0	5.613372237348933	708.2975	708.3106	18593	23889	Nyctalus noctula	0.025	0.054	-1	Echolocation	192000	/home/adkris/Documents/mila-human-wav-txt/20220826_070000.WAV	943	Waveform 1	1
LF	708.6591	24750.0	24960.0	5.689136451081916	708.6555	708.6629	25468	34361	Plecotus austriacus	0.007	0.024	-1	Echolocation	192000	/home/adkris/Documents/mila-human-wav-txt/20220826_070000.WAV	944	Waveform 1	1
LF	710.1604333333333	24750.0	24960.0	6.706448402208887	710.1425	710.1694	23750	28630	Nyctalus leisleri	0.077	0.198	-1	Echolocation	192000	/home/adkris/Documents/mila-human-wav-txt/20220826_070000.WAV	945	Waveform 1	1
LF	710.5058	21000.0	21120.0	11.949371914581842	710.5035	710.5122	18593	26025	Plecotus austriacus	0.041	0.066	-1	Echolocation	192000	/home/adkris/Documents/mila-human-wav-txt/20220826_070000.WAV	946	Waveform 1	1
LF	711.1075	21000.0	21120.0	10.181739417838804	711.1065	711.113	15156	33886	Plecotus auritus	0.012	0.025	-1	Echolocation	192000	/home/adkris/Documents/mila-human-wav-txt/20220826_070000.WAV	947	Waveform 1	1
LF	712.2443666666667	22500.0	22080.0	13.73587070676249	712.2395	712.2503	19453	25465	Nyctalus leisleri	0.008	0.024	-1	Echolocation	192000	/home/adkris/Documents/mila-human-wav-txt/20220826_070000.WAV	948	Waveform 1	1
LF	712.8947000000001	19500.0	19200.0	12.667266368281243	712.8935	712.8998	14296	29286	Plecotus auritus	0.02	0.029	-1	Echolocation	192000	/home/adkris/Documents/mila-human-wav-txt/20220826_070000.WAV	949	Waveform 1	1
LF	716.8195	18750.0	20160.0	13.255736613555074	716.8175	716.8265	18593	25832	Plecotus austriacus	0.042	0.073	-1	Echolocation	192000	/home/adkris/Documents/mila-human-wav-txt/20220826_070000.WAV	950	Waveform 1	1
LF	718.2693666666667	25500.0	25920.0	9.14866377508616	718.2655	718.2738	24609	33292	Plecotus austriacus	0.008	0.024	-1	Echolocation	192000	/home/adkris/Documents/mila-human-wav-txt/20220826_070000.WAV	951	Waveform 1	1
LF	718.4015666666667	21000.0	21120.0	5.756411751352406	718.3975	718.4056	18593	27387	Plecotus austriacus	0.031	0.044	-1	Echolocation	192000	/home/adkris/Documents/mila-human-wav-txt/20220826_070000.WAV	952	Waveform 1	1
LF	718.7578	20250.0	20160.0	13.051981166684769	718.7565	718.7627	17734	29102	Plecotus austriacus	0.145	0.187	-1	Echolocation	192000	/home/adkris/Documents/mila-human-wav-txt/20220826_070000.WAV	953	Waveform 1	1
LF	719.4193	21750.0	21120.0	6.97031357233779	719.4175	719.4267	20312	25901	Plecotus austriacus	0.021	0.043	-1	Echolocation	192000	/home/adkris/Documents/mila-human-wav-txt/20220826_070000.WAV	954	Waveform 1	1
LF	721.5393	20250.0	21120.0	11.348188734111844	721.5355	721.5462	18593	23690	Plecotus austriacus	0.019	0.058	-1	Echolocation	192000	/home/adkris/Documents/mila-human-wav-txt/20220826_070000.WAV	955	Waveform 1	1
LF	721.5513333333333	20250.0	22080.0	11.449231458350518	721.5495	721.561	20312	24300	Nyctalus leisleri	0.015	0.025	-1	Echolocation	192000	/home/adkris/Documents/mila-human-wav-txt/20220826_070000.WAV	956	Waveform 1	1
LF	721.9368666666667	15000.0	15360.0	13.872085312557122	721.9345	721.9443	13437	19896	Nyctalus leisleri	0.01	0.027	-1	Echolocation	192000	/home/adkris/Documents/mila-human-wav-txt/20220826_070000.WAV	957	Waveform 1	1
HF	721.9495333333333	53250.0	52800.00000000001	7.069854159227251	721.9405	721.9553	52968	56663	Pipistrellus pipistrellus	0.085	0.168	-1	Echolocation	192000	/home/adkris/Documents/mila-human-wav-txt/20220826_070000.WAV	958	Waveform 1	1
LF	721.9673	27750.0	26880.000000000004	11.79252090357732	721.9635	721.9707	28046	40879	Myotis nattereri	0.005	0.025	-1	Echolocation	192000	/home/adkris/Documents/mila-human-wav-txt/20220826_070000.WAV	959	Waveform 1	1
LF	722.6765	27000.0	26880.000000000004	11.754948162924403	722.6715	722.681	24609	32720	Eptesicus serotinus	0.006	0.022	-1	Echolocation	192000	/home/adkris/Documents/mila-human-wav-txt/20220826_070000.WAV	960	Waveform 1	1
LF	722.6797333333334	24000.0	26880.000000000004	7.621623297043953	722.6765	722.6866	22031	27244	Nyctalus leisleri	0.009	0.022	-1	Echolocation	192000	/home/adkris/Documents/mila-human-wav-txt/20220826_070000.WAV	961	Waveform 1	1
LF	722.7194	20250.0	20160.0	7.486168020432182	722.7175	722.7301	19453	25024	Nyctalus noctula	0.017	0.04	-1	Echolocation	192000	/home/adkris/Documents/mila-human-wav-txt/20220826_070000.WAV	962	Waveform 1	1
LF	722.7381666666666	22500.0	22080.0	5.1484932911183465	722.7325	722.746	22031	26302	Nyctalus leisleri	0.014	0.024	-1	Echolocation	192000	/home/adkris/Documents/mila-human-wav-txt/20220826_070000.WAV	963	Waveform 1	1
LF	723.3716	22500.0	23040.0	8.26074927083007	723.3645	723.3754	22890	27458	Nyctalus leisleri	0.02	0.035	-1	Echolocation	192000	/home/adkris/Documents/mila-human-wav-txt/20220826_070000.WAV	964	Waveform 1	1
LF	724.0492	20250.0	21120.0	8.119922778024044	724.0445	724.0543	19453	26126	Plecotus austriacus	0.015	0.039	-1	Echolocation	192000	/home/adkris/Documents/mila-human-wav-txt/20220826_070000.WAV	965	Waveform 1	1
LF	732.0616333333334	21000.0	22080.0	5.438943300615088	732.0605	732.0727	20312	24232	Nyctalus leisleri	0.011	0.03	-1	Echolocation	192000	/home/adkris/Documents/mila-human-wav-txt/20220826_070000.WAV	966	Waveform 1	1
LF	732.8354	17250.0	20160.0	10.104045997493888	732.8335	732.8426	16015	22675	Plecotus austriacus	0.016	0.035	-1	Echolocation	192000	/home/adkris/Documents/mila-human-wav-txt/20220826_070000.WAV	967	Waveform 1	1
LF	736.0288	21000.0	22080.0	6.00918810085042	736.0245	736.0347	19453	24765	Plecotus austriacus	0.023	0.089	-1	Echolocation	192000	/home/adkris/Documents/mila-human-wav-txt/20220826_070000.WAV	968	Waveform 1	1
LF	738.0599	21750.0	22080.0	19.82263100854758	738.0585	738.0681	21171	23752	Nyctalus leisleri	0.04	0.065	-1	Echolocation	192000	/home/adkris/Documents/mila-human-wav-txt/20220826_070000.WAV	969	Waveform 1	1
LF	738.4409666666667	23250.0	22080.0	9.00430643301793	738.4395	738.4502	22890	26843	Nyctalus leisleri	0.013	0.025	-1	Echolocation	192000	/home/adkris/Documents/mila-human-wav-txt/20220826_070000.WAV	970	Waveform 1	1
LF	740.9238	21000.0	22080.0	8.901449745417086	740.9215	740.9302	19453	26432	Plecotus austriacus	0.041	0.085	-1	Echolocation	192000	/home/adkris/Documents/mila-human-wav-txt/20220826_070000.WAV	971	Waveform 1	1
LF	744.4836	22500.0	22080.0	6.68049040199366	744.4815	744.4869	16875	33777	Plecotus austriacus	0.04	0.061	-1	Echolocation	192000	/home/adkris/Documents/mila-human-wav-txt/20220826_070000.WAV	972	Waveform 1	1
LF	746.0493	21000.0	20160.0	17.92812651476612	746.0475	746.0567	18593	24370	Plecotus austriacus	0.04	0.088	-1	Echolocation	192000	/home/adkris/Documents/mila-human-wav-txt/20220826_070000.WAV	973	Waveform 1	1
HF	746.7438333333333	48000.0	49920.0	12.914146122205263	746.7395	746.745	34062	68020	Myotis brandtii	0.008	0.027	-1	Echolocation	192000	/home/adkris/Documents/mila-human-wav-txt/20220826_070000.WAV	974	Waveform 1	1
HF	746.8894	54750.0	53760.00000000001	7.06043202470193	746.8875	746.8931	35781	70993	Myotis brandtii	0.008	0.025	-1	Echolocation	192000	/home/adkris/Documents/mila-human-wav-txt/20220826_070000.WAV	975	Waveform 1	1
LF	747.3032333333333	21750.0	22080.0	6.929774371034906	747.2985	747.3071	20312	26878	Plecotus austriacus	0.013	0.026	-1	Echolocation	192000	/home/adkris/Documents/mila-human-wav-txt/20220826_070000.WAV	976	Waveform 1	1
LF	750.3241333333333	21750.0	21120.0	5.358638657315515	750.3205	750.3337	20312	24832	Nyctalus noctula	0.011	0.029	-1	Echolocation	192000	/home/adkris/Documents/mila-human-wav-txt/20220826_070000.WAV	977	Waveform 1	1
LF	751.0507333333334	23250.0	23040.0	5.941071485641432	751.0465	751.0556	20312	25891	Plecotus austriacus	0.014	0.039	-1	Echolocation	192000	/home/adkris/Documents/mila-human-wav-txt/20220826_070000.WAV	978	Waveform 1	1
LF	752.1898	19500.0	20160.0	14.084114937293442	752.1885	752.1947	14296	30167	Plecotus auritus	0.037	0.054	-1	Echolocation	192000	/home/adkris/Documents/mila-human-wav-txt/20220826_070000.WAV	979	Waveform 1	1
LF	752.1991333333333	24000.0	23040.0	5.10670876665311	752.1945	752.2032	23750	35684	Nyctalus leisleri	0.005	0.021	-1	Echolocation	192000	/home/adkris/Documents/mila-human-wav-txt/20220826_070000.WAV	980	Waveform 1	1
LF	753.1279	17250.0	17280.0	5.982726267941214	753.1265	753.1326	14296	28032	Plecotus auritus	0.071	0.093	-1	Echolocation	192000	/home/adkris/Documents/mila-human-wav-txt/20220826_070000.WAV	981	Waveform 1	1
LF	754.4529333333334	21750.0	22080.0	5.009877302995388	754.4475	754.4624	20312	24497	Nyctalus noctula	0.01	0.024	-1	Echolocation	192000	/home/adkris/Documents/mila-human-wav-txt/20220826_070000.WAV	982	Waveform 1	1
LF	756.8407666666667	19500.0	19200.0	6.937394312035917	756.8395	756.8539	17734	23284	Nyctalus noctula	0.024	0.036	-1	Echolocation	192000	/home/adkris/Documents/mila-human-wav-txt/20220826_070000.WAV	983	Waveform 1	1
LF	757.5607333333334	16500.0	17280.0	6.01290766428331	757.5585	757.5661	14296	22492	Plecotus auritus	0.032	0.037	-1	Echolocation	192000	/home/adkris/Documents/mila-human-wav-txt/20220826_070000.WAV	984	Waveform 1	1
HF	759.5159333333334	52500.0	49920.0	8.815806525214274	759.5145	759.5194	34921	66798	Myotis mystacinus	0.015	0.036	-1	Echolocation	192000	/home/adkris/Documents/mila-human-wav-txt/20220826_070000.WAV	985	Waveform 1	1
HF	760.153	54750.0	54719.99999999999	5.280547925482227	760.1515	760.1575	36640	64515	Myotis mystacinus	0.007	0.022	-1	Echolocation	192000	/home/adkris/Documents/mila-human-wav-txt/20220826_070000.WAV	986	Waveform 1	1
LF	760.4922666666666	19500.0	19200.0	13.014461004213144	760.4915	760.5029	16015	21810	Nyctalus noctula	0.05	0.075	-1	Echolocation	192000	/home/adkris/Documents/mila-human-wav-txt/20220826_070000.WAV	987	Waveform 1	1
LF	760.571	22500.0	23040.0	7.753723455235802	760.5655	760.578	23750	28908	Nyctalus leisleri	0.012	0.026	-1	Echolocation	192000	/home/adkris/Documents/mila-human-wav-txt/20220826_070000.WAV	988	Waveform 1	1
HF	760.8365666666666	51750.0	49920.0	7.257541969386291	760.8335	760.8391	34921	66748	Myotis brandtii	0.008	0.024	-1	Echolocation	192000	/home/adkris/Documents/mila-human-wav-txt/20220826_070000.WAV	989	Waveform 1	1
LF	760.8766333333333	20250.0	20160.0	10.64451987898978	760.8745	760.8822	17734	26674	Plecotus austriacus	0.08	0.111	-1	Echolocation	192000	/home/adkris/Documents/mila-human-wav-txt/20220826_070000.WAV	990	Waveform 1	1
HF	760.9806333333333	53250.0	52800.00000000001	6.012695812192169	760.9795	760.9847	34062	68156	Myotis mystacinus	0.016	0.043	-1	Echolocation	192000	/home/adkris/Documents/mila-human-wav-txt/20220826_070000.WAV	991	Waveform 1	1
LF	762.8057333333334	21750.0	21120.0	7.752211954009043	762.8035	762.8146	19453	23300	Nyctalus leisleri	0.014	0.043	-1	Echolocation	192000	/home/adkris/Documents/mila-human-wav-txt/20220826_070000.WAV	992	Waveform 1	1
LF	763.4687666666666	17250.0	17280.0	5.924725452711953	763.4675	763.4784	15156	20902	Nyctalus noctula	0.017	0.028	-1	Echolocation	192000	/home/adkris/Documents/mila-human-wav-txt/20220826_070000.WAV	993	Waveform 1	1
LF	766.3887666666667	21750.0	22080.0	12.00895359499273	766.3845	766.3924	17734	29627	Plecotus austriacus	0.03	0.049	-1	Echolocation	192000	/home/adkris/Documents/mila-human-wav-txt/20220826_070000.WAV	994	Waveform 1	1
LF	766.3886	21000.0	22080.0	12.178607883521764	766.3875	766.3974	22031	26398	Nyctalus leisleri	0.021	0.049	-1	Echolocation	192000	/home/adkris/Documents/mila-human-wav-txt/20220826_070000.WAV	995	Waveform 1	1
LF	767.1151333333333	18750.0	17280.0	5.035135714896718	767.1095	767.1312	18593	22316	Nyctalus noctula	0.013	0.023	-1	Echolocation	192000	/home/adkris/Documents/mila-human-wav-txt/20220826_070000.WAV	996	Waveform 1	1
LF	767.9192	20250.0	20160.0	15.326340492579424	767.9125	767.9308	20312	24968	Nyctalus noctula	0.019	0.031	-1	Echolocation	192000	/home/adkris/Documents/mila-human-wav-txt/20220826_070000.WAV	997	Waveform 1	1
LF	767.92	18750.0	19200.0	17.04387496717857	767.9175	767.926	16875	27071	Plecotus austriacus	0.017	0.031	-1	Echolocation	192000	/home/adkris/Documents/mila-human-wav-txt/20220826_070000.WAV	998	Waveform 1	1
LF	767.9200666666667	20250.0	20160.0	15.733949282250432	767.9195	767.9276	21171	27551	Plecotus austriacus	0.011	0.03	-1	Echolocation	192000	/home/adkris/Documents/mila-human-wav-txt/20220826_070000.WAV	999	Waveform 1	1
LF	767.9495	21000.0	22080.0	6.480161784059925	767.9455	767.956	20312	24729	Nyctalus leisleri	0.012	0.035	-1	Echolocation	192000	/home/adkris/Documents/mila-human-wav-txt/20220826_070000.WAV	1000	Waveform 1	1
LF	768.5483333333333	17250.0	19200.0	5.13263299822739	768.5405	768.56	16875	20369	Nyctalus noctula	0.016	0.025	-1	Echolocation	192000	/home/adkris/Documents/mila-human-wav-txt/20220826_070000.WAV	1001	Waveform 1	1
LF	771.2800666666667	12750.0	12480.0	9.984003240331845	771.2775	771.2871	12578	17396	Nyctalus leisleri	0.025	0.041	-1	Echolocation	192000	/home/adkris/Documents/mila-human-wav-txt/20220826_070000.WAV	1002	Waveform 1	1
LF	772.9527333333333	17250.0	17280.0	6.1090056903410375	772.9475	772.9661	16875	20681	Nyctalus noctula	0.017	0.026	-1	Echolocation	192000	/home/adkris/Documents/mila-human-wav-txt/20220826_070000.WAV	1003	Waveform 1	1
LF	773.0919333333334	21750.0	22080.0	15.963437186143022	773.0905	773.0954	14296	47314	Myotis nattereri	0.04	0.048	-1	Echolocation	192000	/home/adkris/Documents/mila-human-wav-txt/20220826_070000.WAV	1004	Waveform 1	1
LF	773.0911333333333	21000.0	22080.0	16.494480492682055	773.0905	773.0997	22031	24727	Nyctalus leisleri	0.036	0.056	-1	Echolocation	192000	/home/adkris/Documents/mila-human-wav-txt/20220826_070000.WAV	1005	Waveform 1	1
LF	774.9368	21000.0	22080.0	7.578835323146573	774.9355	774.9452	20312	24670	Nyctalus leisleri	0.026	0.069	-1	Echolocation	192000	/home/adkris/Documents/mila-human-wav-txt/20220826_070000.WAV	1006	Waveform 1	1
HF	775.2378	54000.0	51840.0	8.434913141331839	775.2355	775.2407	34062	77502	Myotis mystacinus	0.012	0.033	-1	Echolocation	192000	/home/adkris/Documents/mila-human-wav-txt/20220826_070000.WAV	1007	Waveform 1	1
LF	776.3203	19500.0	20160.0	6.589021865912258	776.3175	776.3257	15156	24373	Plecotus auritus	0.015	0.022	-1	Echolocation	192000	/home/adkris/Documents/mila-human-wav-txt/20220826_070000.WAV	1008	Waveform 1	1
LF	777.0746333333333	21750.0	22080.0	11.000455636936268	777.0705	777.0797	18593	25026	Plecotus austriacus	0.043	0.1	-1	Echolocation	192000	/home/adkris/Documents/mila-human-wav-txt/20220826_070000.WAV	1009	Waveform 1	1
LF	780.7546333333333	22500.0	22080.0	5.376847630867932	780.7505	780.7597	19453	24836	Plecotus austriacus	0.011	0.022	-1	Echolocation	192000	/home/adkris/Documents/mila-human-wav-txt/20220826_070000.WAV	1010	Waveform 1	1
LF	782.6663	22500.0	22080.0	11.794258511395135	782.6645	782.6702	16875	32141	Plecotus austriacus	0.061	0.084	-1	Echolocation	192000	/home/adkris/Documents/mila-human-wav-txt/20220826_070000.WAV	1011	Waveform 1	1
LF	782.8889666666666	17250.0	20160.0	8.03940902624533	782.8835	782.8972	18593	23436	Nyctalus noctula	0.023	0.045	-1	Echolocation	192000	/home/adkris/Documents/mila-human-wav-txt/20220826_070000.WAV	1012	Waveform 1	1
LF	782.9057333333334	23250.0	22080.0	7.41463834156015	782.9005	782.9121	21171	25739	Nyctalus leisleri	0.012	0.022	-1	Echolocation	192000	/home/adkris/Documents/mila-human-wav-txt/20220826_070000.WAV	1013	Waveform 1	1
HF	783.9544333333333	49500.0	52800.00000000001	5.398028548873772	783.9525	783.9569	47812	56375	Pipistrellus pipistrellus	0.038	0.041	-1	Echolocation	192000	/home/adkris/Documents/mila-human-wav-txt/20220826_070000.WAV	1014	Waveform 1	1
LF	784.5793	19500.0	19200.0	17.02719521693773	784.5775	784.5867	17734	24932	Plecotus austriacus	0.056	0.093	-1	Echolocation	192000	/home/adkris/Documents/mila-human-wav-txt/20220826_070000.WAV	1015	Waveform 1	1
LF	784.601	21000.0	20160.0	14.86223799726627	784.5935	784.604	20312	26101	Nyctalus leisleri	0.009	0.022	-1	Echolocation	192000	/home/adkris/Documents/mila-human-wav-txt/20220826_070000.WAV	1016	Waveform 1	1
HF	785.0165333333333	54000.0	52800.00000000001	6.641821883055728	785.0155	785.0208	34062	66390	Myotis mystacinus	0.009	0.025	-1	Echolocation	192000	/home/adkris/Documents/mila-human-wav-txt/20220826_070000.WAV	1017	Waveform 1	1
HF	786.0539333333334	54000.0	52800.00000000001	7.213513581360931	786.0505	786.0569	50390	55895	Pipistrellus pipistrellus	0.11	0.16	-1	Echolocation	192000	/home/adkris/Documents/mila-human-wav-txt/20220826_070000.WAV	1018	Waveform 1	1
LF	786.9333	20250.0	21120.0	13.724925131304548	786.9285	786.9382	18593	25273	Plecotus austriacus	0.043	0.088	-1	Echolocation	192000	/home/adkris/Documents/mila-human-wav-txt/20220826_070000.WAV	1019	Waveform 1	1
LF	787.7927	19500.0	20160.0	6.321667666915203	787.7915	787.7978	16875	30154	Plecotus austriacus	0.036	0.05	-1	Echolocation	192000	/home/adkris/Documents/mila-human-wav-txt/20220826_070000.WAV	1020	Waveform 1	1
LF	788.4845	22500.0	22080.0	5.735790129719048	788.4825	788.4915	19453	26370	Plecotus austriacus	0.015	0.028	-1	Echolocation	192000	/home/adkris/Documents/mila-human-wav-txt/20220826_070000.WAV	1021	Waveform 1	1
LF	789.6212666666667	21000.0	20160.0	5.656660996175635	789.6195	789.6264	15156	27712	Plecotus auritus	0.025	0.044	-1	Echolocation	192000	/home/adkris/Documents/mila-human-wav-txt/20220826_070000.WAV	1022	Waveform 1	1
LF	792.0793	19500.0	19200.0	12.934616120196878	792.0745	792.0877	17734	22824	Nyctalus noctula	0.024	0.047	-1	Echolocation	192000	/home/adkris/Documents/mila-human-wav-txt/20220826_070000.WAV	1023	Waveform 1	1
LF	796.4585666666667	19500.0	20160.0	19.31386275511987	796.4495	796.4596	18593	23996	Plecotus austriacus	0.011	0.029	-1	Echolocation	192000	/home/adkris/Documents/mila-human-wav-txt/20220826_070000.WAV	1024	Waveform 1	1
LF	796.4584333333333	19500.0	20160.0	15.926692536320788	796.4575	796.4664	18593	24535	Plecotus austriacus	0.013	0.028	-1	Echolocation	192000	/home/adkris/Documents/mila-human-wav-txt/20220826_070000.WAV	1025	Waveform 1	1
LF	797.7350666666666	19500.0	19200.0	6.582094105689324	797.7295	797.7431	17734	23155	Nyctalus noctula	0.018	0.032	-1	Echolocation	192000	/home/adkris/Documents/mila-human-wav-txt/20220826_070000.WAV	1026	Waveform 1	1
LF	799.7705	20250.0	21120.0	5.050509860750712	799.7645	799.78	20312	24629	Nyctalus noctula	0.027	0.052	-1	Echolocation	192000	/home/adkris/Documents/mila-human-wav-txt/20220826_070000.WAV	1027	Waveform 1	1
LF	801.6771333333334	21750.0	23040.0	6.814187107001898	801.6735	801.6831999999999	20312	26072	Plecotus austriacus	0.011	0.023	-1	Echolocation	192000	/home/adkris/Documents/mila-human-wav-txt/20220826_070000.WAV	1028	Waveform 1	1
LF	801.6957	21750.0	22080.0	5.859246888784268	801.6855	801.6968	21171	25501	Nyctalus leisleri	0.011	0.021	-1	Echolocation	192000	/home/adkris/Documents/mila-human-wav-txt/20220826_070000.WAV	1029	Waveform 1	1
LF	802.0672	18000.0	19200.0	5.092347371363585	802.0655	802.0748	16875	23097	Plecotus austriacus	0.013	0.024	-1	Echolocation	192000	/home/adkris/Documents/mila-human-wav-txt/20220826_070000.WAV	1030	Waveform 1	1
LF	806.0041666666667	24000.0	24000.0	6.767570815612554	806.0015	806.011	22031	27287	Nyctalus leisleri	0.024	0.048	-1	Echolocation	192000	/home/adkris/Documents/mila-human-wav-txt/20220826_070000.WAV	1031	Waveform 1	1
LF	807.0025666666667	24750.0	24960.0	11.306862648157884	806.9985	807.0101	22031	25591	Nyctalus leisleri	0.014	0.023	-1	Echolocation	192000	/home/adkris/Documents/mila-human-wav-txt/20220826_070000.WAV	1032	Waveform 1	1
LF	808.0106	24750.0	25920.0	7.980068924021822	808.0015	808.0139	22890	28317	Nyctalus leisleri	0.019	0.04	-1	Echolocation	192000	/home/adkris/Documents/mila-human-wav-txt/20220826_070000.WAV	1033	Waveform 1	1
LF	808.2615	21000.0	21120.0	6.624809586588815	808.2595	808.272	19453	22675	Nyctalus leisleri	0.011	0.026	-1	Echolocation	192000	/home/adkris/Documents/mila-human-wav-txt/20220826_070000.WAV	1034	Waveform 1	1
LF	809.9004666666667	21000.0	21120.0	6.95682330847316	809.8975	809.9102	20312	23188	Nyctalus leisleri	0.044	0.079	-1	Echolocation	192000	/home/adkris/Documents/mila-human-wav-txt/20220826_070000.WAV	1035	Waveform 1	1
LF	810.559	15750.0	16320.000000000002	6.193439237419201	810.5585	810.5655	13437	28831	Plecotus auritus	0.022	0.026	-1	Echolocation	192000	/home/adkris/Documents/mila-human-wav-txt/20220826_070000.WAV	1036	Waveform 1	1
LF	812.8330666666667	14250.0	14400.0	6.710950573697549	812.8305	812.8436	13437	15035	Nyctalus leisleri	0.03	0.036	-1	Echolocation	192000	/home/adkris/Documents/mila-human-wav-txt/20220826_070000.WAV	1037	Waveform 1	1
LF	812.8913	19500.0	19200.0	5.4527747031450025	812.8875	812.9017	16875	21622	Nyctalus noctula	0.034	0.057	-1	Echolocation	192000	/home/adkris/Documents/mila-human-wav-txt/20220826_070000.WAV	1038	Waveform 1	1
LF	814.0956	17250.0	20160.0	8.2428021458969	814.0935	814.0989	14296	29127	Plecotus auritus	0.041	0.055	-1	Echolocation	192000	/home/adkris/Documents/mila-human-wav-txt/20220826_070000.WAV	1039	Waveform 1	1
LF	814.2456666666667	15000.0	14400.0	8.144191757823645	814.2435	814.25	13437	29737	Plecotus auritus	0.041	0.059	-1	Echolocation	192000	/home/adkris/Documents/mila-human-wav-txt/20220826_070000.WAV	1040	Waveform 1	1
HF	816.2687666666667	49500.0	49920.0	8.396609017648561	816.2655	816.2709	34921	69198	Myotis mystacinus	0.008	0.026	-1	Echolocation	192000	/home/adkris/Documents/mila-human-wav-txt/20220826_070000.WAV	1041	Waveform 1	1
LF	816.5839	18750.0	17280.0	7.01676757708349	816.5825	816.5921	16875	23534	Plecotus austriacus	0.037	0.075	-1	Echolocation	192000	/home/adkris/Documents/mila-human-wav-txt/20220826_070000.WAV	1042	Waveform 1	1
LF	816.8136666666667	20250.0	20160.0	5.152181898931863	816.8085	816.8225	17734	22971	Nyctalus noctula	0.034	0.062	-1	Echolocation	192000	/home/adkris/Documents/mila-human-wav-txt/20220826_070000.WAV	1043	Waveform 1	1
HF	817.1182	54750.0	55679.99999999999	5.052816021610563	817.1175	817.1243	36640	61008	Myotis mystacinus	0.009	0.026	-1	Echolocation	192000	/home/adkris/Documents/mila-human-wav-txt/20220826_070000.WAV	1044	Waveform 1	1
HF	817.1646333333333	56250.0	55679.99999999999	5.4247766708754055	817.1635	817.1687	35781	70919	Myotis mystacinus	0.01	0.026	-1	Echolocation	192000	/home/adkris/Documents/mila-human-wav-txt/20220826_070000.WAV	1045	Waveform 1	1
HF	817.2226666666667	50250.0	49920.0	7.083104129084635	817.2195	817.225	34921	67437	Myotis brandtii	0.008	0.024	-1	Echolocation	192000	/home/adkris/Documents/mila-human-wav-txt/20220826_070000.WAV	1046	Waveform 1	1
HF	818.0913	53250.0	48960.0	5.974237457699738	818.0895	818.0952	47812	56378	Pipistrellus pipistrellus	0.102	0.132	-1	Echolocation	192000	/home/adkris/Documents/mila-human-wav-txt/20220826_070000.WAV	1047	Waveform 1	1
LF	821.1016333333333	20250.0	20160.0	12.345499761474112	821.0965	821.1117	18593	23188	Nyctalus noctula	0.041	0.07	-1	Echolocation	192000	/home/adkris/Documents/mila-human-wav-txt/20220826_070000.WAV	1048	Waveform 1	1
LF	822.4974666666667	19500.0	19200.0	5.294703724541922	822.4915	822.5082	19453	24084	Nyctalus noctula	0.017	0.028	-1	Echolocation	192000	/home/adkris/Documents/mila-human-wav-txt/20220826_070000.WAV	1049	Waveform 1	1
LF	822.8556	23250.0	20160.0	6.925819098679627	822.8535	822.8589	17734	34576	Plecotus austriacus	0.051	0.076	-1	Echolocation	192000	/home/adkris/Documents/mila-human-wav-txt/20220826_070000.WAV	1050	Waveform 1	1
LF	823.1962333333333	22500.0	22080.0	7.861501133557716	823.1925	823.2021	19453	25386	Plecotus austriacus	0.026	0.059	-1	Echolocation	192000	/home/adkris/Documents/mila-human-wav-txt/20220826_070000.WAV	1051	Waveform 1	1
LF	824.6903	21750.0	20160.0	8.500232522338614	824.6885	824.6977	17734	23826	Plecotus austriacus	0.031	0.063	-1	Echolocation	192000	/home/adkris/Documents/mila-human-wav-txt/20220826_070000.WAV	1052	Waveform 1	1
LF	826.108	18000.0	18240.0	5.273590774116358	826.1065	826.1195	15156	20578	Nyctalus noctula	0.015	0.022	-1	Echolocation	192000	/home/adkris/Documents/mila-human-wav-txt/20220826_070000.WAV	1053	Waveform 1	1
LF	828.6323	20250.0	20160.0	6.304278869252771	828.6285	828.6392	18593	23794	Plecotus austriacus	0.018	0.043	-1	Echolocation	192000	/home/adkris/Documents/mila-human-wav-txt/20220826_070000.WAV	1054	Waveform 1	1
LF	829.1672	17250.0	17280.0	6.146858501493804	829.1655	829.1748	15156	21384	Nyctalus noctula	0.017	0.033	-1	Echolocation	192000	/home/adkris/Documents/mila-human-wav-txt/20220826_070000.WAV	1055	Waveform 1	1
LF	829.2260333333334	20250.0	20160.0	5.832263345175885	829.2215	829.2302999999999	16875	23801	Plecotus austriacus	0.012	0.023	-1	Echolocation	192000	/home/adkris/Documents/mila-human-wav-txt/20220826_070000.WAV	1056	Waveform 1	1
LF	830.8997333333333	18750.0	17280.0	5.727089570487381	830.8995	830.9091	15156	20658	Nyctalus noctula	0.048	0.073	-1	Echolocation	192000	/home/adkris/Documents/mila-human-wav-txt/20220826_070000.WAV	1057	Waveform 1	1
LF	830.9711666666667	21750.0	21120.0	5.302990826810005	830.9695	830.98	20312	23495	Nyctalus leisleri	0.028	0.056	-1	Echolocation	192000	/home/adkris/Documents/mila-human-wav-txt/20220826_070000.WAV	1058	Waveform 1	1
LF	831.8316	23250.0	23040.0	6.016980010770126	831.8275	831.8379	22031	27734	Nyctalus leisleri	0.012	0.031	-1	Echolocation	192000	/home/adkris/Documents/mila-human-wav-txt/20220826_070000.WAV	1059	Waveform 1	1
LF	832.5808	21750.0	22080.0	7.012173507250506	832.5765	832.5867	19453	25229	Plecotus austriacus	0.027	0.079	-1	Echolocation	192000	/home/adkris/Documents/mila-human-wav-txt/20220826_070000.WAV	1060	Waveform 1	1
LF	832.7172333333333	21000.0	22080.0	12.281965685620598	832.7045	832.7226	17734	21677	Nyctalus noctula	0.019	0.03	-1	Echolocation	192000	/home/adkris/Documents/mila-human-wav-txt/20220826_070000.WAV	1061	Waveform 1	1
LF	832.7176333333333	21750.0	22080.0	11.532225241179932	832.7165	832.7252	19453	25480	Plecotus austriacus	0.019	0.04	-1	Echolocation	192000	/home/adkris/Documents/mila-human-wav-txt/20220826_070000.WAV	1062	Waveform 1	1
LF	834.5743666666667	20250.0	22080.0	10.43253756494231	834.5685	834.5783	19453	25183	Plecotus austriacus	0.015	0.044	-1	Echolocation	192000	/home/adkris/Documents/mila-human-wav-txt/20220826_070000.WAV	1063	Waveform 1	1
LF	836.6312	21750.0	22080.0	5.2786173227563	836.6255	836.6343	20312	26165	Plecotus austriacus	0.01	0.024	-1	Echolocation	192000	/home/adkris/Documents/mila-human-wav-txt/20220826_070000.WAV	1064	Waveform 1	1
LF	836.7325333333333	20250.0	20160.0	7.984206762396308	836.7305	836.7383	15156	24874	Plecotus auritus	0.023	0.032	-1	Echolocation	192000	/home/adkris/Documents/mila-human-wav-txt/20220826_070000.WAV	1065	Waveform 1	1
LF	839.2196	17250.0	17280.0	8.146622784389859	839.2135	839.2289	18593	23179	Nyctalus noctula	0.012	0.022	-1	Echolocation	192000	/home/adkris/Documents/mila-human-wav-txt/20220826_070000.WAV	1066	Waveform 1	1
LF	839.2194666666667	20250.0	17280.0	8.877162883371634	839.2175	839.2242	14296	28280	Plecotus auritus	0.018	0.022	-1	Echolocation	192000	/home/adkris/Documents/mila-human-wav-txt/20220826_070000.WAV	1067	Waveform 1	1
LF	839.2200333333333	19500.0	20160.0	6.109355002180978	839.2195	839.2288	21171	26005	Nyctalus leisleri	0.008	0.023	-1	Echolocation	192000	/home/adkris/Documents/mila-human-wav-txt/20220826_070000.WAV	1068	Waveform 1	1
LF	839.2304666666666	23250.0	22080.0	5.470913724069931	839.2255	839.2362	21171	25955	Nyctalus leisleri	0.01	0.022	-1	Echolocation	192000	/home/adkris/Documents/mila-human-wav-txt/20220826_070000.WAV	1069	Waveform 1	1
LF	841.0262333333334	20250.0	20160.0	11.188509709730292	841.0245	841.0326	17734	25494	Plecotus austriacus	0.055	0.083	-1	Echolocation	192000	/home/adkris/Documents/mila-human-wav-txt/20220826_070000.WAV	1070	Waveform 1	1
LF	842.6027	22500.0	22080.0	7.25304801020412	842.6015	842.6113	22031	26369	Nyctalus leisleri	0.012	0.028	-1	Echolocation	192000	/home/adkris/Documents/mila-human-wav-txt/20220826_070000.WAV	1071	Waveform 1	1
LF	843.3919333333333	21750.0	22080.0	16.882379151926838	843.3895	843.3969	17734	27890	Plecotus austriacus	0.052	0.077	-1	Echolocation	192000	/home/adkris/Documents/mila-human-wav-txt/20220826_070000.WAV	1072	Waveform 1	1
LF	843.4062	21750.0	21120.0	14.19847413222202	843.4035	843.4153	20312	24163	Nyctalus leisleri	0.014	0.022	-1	Echolocation	192000	/home/adkris/Documents/mila-human-wav-txt/20220826_070000.WAV	1073	Waveform 1	1
LF	844.0184	20250.0	20160.0	6.694279640623536	844.0165	844.0221	17734	34108	Plecotus austriacus	0.04	0.062	-1	Echolocation	192000	/home/adkris/Documents/mila-human-wav-txt/20220826_070000.WAV	1074	Waveform 1	1
LF	844.3676	18750.0	17280.0	5.6800267083243	844.3665	844.3729	14296	27021	Plecotus auritus	0.059	0.075	-1	Echolocation	192000	/home/adkris/Documents/mila-human-wav-txt/20220826_070000.WAV	1075	Waveform 1	1
LF	845.5989	20250.0	20160.0	7.330280558279649	845.5975	845.6036	16015	25731	Plecotus auritus	0.054	0.087	-1	Echolocation	192000	/home/adkris/Documents/mila-human-wav-txt/20220826_070000.WAV	1076	Waveform 1	1
LF	847.0849333333333	20250.0	20160.0	5.796415966105563	847.0805	847.0929	18593	23915	Nyctalus noctula	0.031	0.074	-1	Echolocation	192000	/home/adkris/Documents/mila-human-wav-txt/20220826_070000.WAV	1077	Waveform 1	1
LF	847.7633333333333	21000.0	21120.0	7.627626811313204	847.7595	847.769	17734	24711	Plecotus austriacus	0.024	0.045	-1	Echolocation	192000	/home/adkris/Documents/mila-human-wav-txt/20220826_070000.WAV	1078	Waveform 1	1
LF	847.9282333333333	20250.0	21120.0	5.986749173855078	847.9245	847.9341	19453	25034	Plecotus austriacus	0.018	0.04	-1	Echolocation	192000	/home/adkris/Documents/mila-human-wav-txt/20220826_070000.WAV	1079	Waveform 1	1
LF	848.4391	21750.0	22080.0	8.973484606544433	848.4345	848.4444	19453	24954	Plecotus austriacus	0.02	0.05	-1	Echolocation	192000	/home/adkris/Documents/mila-human-wav-txt/20220826_070000.WAV	1080	Waveform 1	1
HF	848.5045666666666	62250.0	61440.0	5.103571783977875	848.4995	848.5101	59843	65949	Pipistrellus pygmaeus	0.015	0.022	-1	Echolocation	192000	/home/adkris/Documents/mila-human-wav-txt/20220826_070000.WAV	1081	Waveform 1	1
LF	848.5047333333333	21000.0	20160.0	20.541882503051045	848.5025	848.5101	16875	26950	Plecotus austriacus	0.072	0.104	-1	Echolocation	192000	/home/adkris/Documents/mila-human-wav-txt/20220826_070000.WAV	1082	Waveform 1	1
LF	849.0426666666667	21000.0	20160.0	6.761499250504324	849.0345	849.0455	20312	25450	Nyctalus leisleri	0.008	0.024	-1	Echolocation	192000	/home/adkris/Documents/mila-human-wav-txt/20220826_070000.WAV	1083	Waveform 1	1
LF	850.7197	19500.0	19200.0	5.2718254639181605	850.7175	850.7263	16875	23990	Plecotus austriacus	0.025	0.04	-1	Echolocation	192000	/home/adkris/Documents/mila-human-wav-txt/20220826_070000.WAV	1084	Waveform 1	1
LF	852.8635333333333	18750.0	19200.0	7.262602248293196	852.8585	852.8703	18593	23370	Nyctalus noctula	0.016	0.043	-1	Echolocation	192000	/home/adkris/Documents/mila-human-wav-txt/20220826_070000.WAV	1085	Waveform 1	1
LF	853.2792	20250.0	20160.0	8.650259710055284	853.2775	853.2833	16015	25214	Plecotus auritus	0.06	0.084	-1	Echolocation	192000	/home/adkris/Documents/mila-human-wav-txt/20220826_070000.WAV	1086	Waveform 1	1
LF	853.5266666666666	19500.0	20160.0	6.950821440938388	853.5245	853.531	16875	27056	Plecotus austriacus	0.053	0.099	-1	Echolocation	192000	/home/adkris/Documents/mila-human-wav-txt/20220826_070000.WAV	1087	Waveform 1	1
LF	853.8959	15750.0	17280.0	5.226947173907598	853.8935	853.9021	14296	19918	Plecotus auritus	0.019	0.029	-1	Echolocation	192000	/home/adkris/Documents/mila-human-wav-txt/20220826_070000.WAV	1088	Waveform 1	1
LF	853.9873666666666	22500.0	23040.0	6.756722699461722	853.9835	853.9953	23750	27664	Nyctalus leisleri	0.029	0.07	-1	Echolocation	192000	/home/adkris/Documents/mila-human-wav-txt/20220826_070000.WAV	1089	Waveform 1	1
LF	853.9879666666667	23250.0	22080.0	6.0475846260951895	853.9855	853.9917	17734	29990	Plecotus austriacus	0.033	0.055	-1	Echolocation	192000	/home/adkris/Documents/mila-human-wav-txt/20220826_070000.WAV	1090	Waveform 1	1
LF	854.0020666666667	24000.0	23040.0	6.193961332415505	854.0015	854.0096	23750	29643	Nyctalus leisleri	0.01	0.024	-1	Echolocation	192000	/home/adkris/Documents/mila-human-wav-txt/20220826_070000.WAV	1091	Waveform 1	1
LF	855.4523	21750.0	22080.0	5.292459049680112	855.4495	855.4612	21171	24999	Nyctalus leisleri	0.012	0.028	-1	Echolocation	192000	/home/adkris/Documents/mila-human-wav-txt/20220826_070000.WAV	1092	Waveform 1	1
LF	855.9361	17250.0	17280.0	5.8523819629916	855.9345	855.9404	13437	32322	Plecotus auritus	0.06	0.073	-1	Echolocation	192000	/home/adkris/Documents/mila-human-wav-txt/20220826_070000.WAV	1093	Waveform 1	1
LF	856.1483333333333	21750.0	22080.0	9.556498350248496	856.1465	856.158	19453	23163	Nyctalus leisleri	0.02	0.051	-1	Echolocation	192000	/home/adkris/Documents/mila-human-wav-txt/20220826_070000.WAV	1094	Waveform 1	1
LF	856.8550666666666	21750.0	22080.0	12.197629676762492	856.8535	856.8606	17734	27625	Plecotus austriacus	0.046	0.06	-1	Echolocation	192000	/home/adkris/Documents/mila-human-wav-txt/20220826_070000.WAV	1095	Waveform 1	1
LF	858.7897333333333	21750.0	21120.0	6.826587762730117	858.7875	858.7951	14296	27109	Plecotus auritus	0.025	0.032	-1	Echolocation	192000	/home/adkris/Documents/mila-human-wav-txt/20220826_070000.WAV	1096	Waveform 1	1
LF	860.1043	20250.0	20160.0	13.370911442636748	860.1035	860.1137	17734	23411	Nyctalus noctula	0.032	0.075	-1	Echolocation	192000	/home/adkris/Documents/mila-human-wav-txt/20220826_070000.WAV	1097	Waveform 1	1
LF	861.2990333333333	16500.0	16320.000000000002	7.574445650408368	861.2935	861.3013	13437	27116	Plecotus auritus	0.013	0.022	-1	Echolocation	192000	/home/adkris/Documents/mila-human-wav-txt/20220826_070000.WAV	1098	Waveform 1	1
HF	862.7827333333333	48750.0	54719.99999999999	5.1064675241224124	862.7785	862.7841	46093	60217	Pipistrellus pipistrellus	0.029	0.093	-1	Echolocation	192000	/home/adkris/Documents/mila-human-wav-txt/20220826_070000.WAV	1099	Waveform 1	1
LF	863.0155666666667	20250.0	20160.0	8.644143614700441	863.0135	863.0236	18593	24660	Plecotus austriacus	0.033	0.071	-1	Echolocation	192000	/home/adkris/Documents/mila-human-wav-txt/20220826_070000.WAV	1100	Waveform 1	1
LF	863.1505666666667	16500.0	17280.0	8.468409108389407	863.1485	863.1551	13437	29212	Plecotus auritus	0.044	0.055	-1	Echolocation	192000	/home/adkris/Documents/mila-human-wav-txt/20220826_070000.WAV	1101	Waveform 1	1
HF	863.7540333333334	57000.0	48960.0	5.8161576757814615	863.7535	863.7593	35781	63418	Myotis brandtii	0.007	0.021	-1	Echolocation	192000	/home/adkris/Documents/mila-human-wav-txt/20220826_070000.WAV	1102	Waveform 1	1
HF	863.8178666666666	56250.0	55679.99999999999	5.760708809280728	863.8145	863.8198	51250	60739	Pipistrellus pipistrellus	0.141	0.193	-1	Echolocation	192000	/home/adkris/Documents/mila-human-wav-txt/20220826_070000.WAV	1103	Waveform 1	1
LF	863.8424333333334	11250.0	11520.0	5.978398966302231	863.8375	863.8529	11718	18297	Nyctalus leisleri	0.022	0.035	-1	Echolocation	192000	/home/adkris/Documents/mila-human-wav-txt/20220826_070000.WAV	1104	Waveform 1	1
LF	865.4495	22500.0	22080.0	6.772145709575682	865.4465	865.451	16015	36891	Plecotus auritus	0.055	0.1	-1	Echolocation	192000	/home/adkris/Documents/mila-human-wav-txt/20220826_070000.WAV	1105	Waveform 1	1
LF	865.5062	19500.0	17280.0	10.76078920408898	865.5025	865.5168	17734	23193	Nyctalus noctula	0.026	0.046	-1	Echolocation	192000	/home/adkris/Documents/mila-human-wav-txt/20220826_070000.WAV	1106	Waveform 1	1
LF	867.9413	21750.0	21120.0	11.00696729007472	867.9365	867.9462	19453	25348	Plecotus austriacus	0.024	0.062	-1	Echolocation	192000	/home/adkris/Documents/mila-human-wav-txt/20220826_070000.WAV	1107	Waveform 1	1
LF	867.9555333333333	22500.0	23040.0	8.419030451593079	867.9545	867.9633	22031	29770	Plecotus austriacus	0.01	0.025	-1	Echolocation	192000	/home/adkris/Documents/mila-human-wav-txt/20220826_070000.WAV	1108	Waveform 1	1
LF	871.5109333333334	21000.0	22080.0	8.485930278634761	871.5095	871.5179	19453	26011	Plecotus austriacus	0.036	0.058	-1	Echolocation	192000	/home/adkris/Documents/mila-human-wav-txt/20220826_070000.WAV	1109	Waveform 1	1
LF	872.0558666666667	20250.0	21120.0	18.963105400116817	872.0535	872.0598	16875	34333	Plecotus austriacus	0.046	0.07	-1	Echolocation	192000	/home/adkris/Documents/mila-human-wav-txt/20220826_070000.WAV	1110	Waveform 1	1
LF	872.9298666666666	18000.0	18240.0	8.42503440981474	872.9275	872.9373	16015	21479	Plecotus austriacus	0.008	0.024	-1	Echolocation	192000	/home/adkris/Documents/mila-human-wav-txt/20220826_070000.WAV	1111	Waveform 1	1
LF	877.6055	21000.0	21120.0	5.604559814162583	877.6015	877.612	17734	23579	Plecotus austriacus	0.031	0.086	-1	Echolocation	192000	/home/adkris/Documents/mila-human-wav-txt/20220826_070000.WAV	1112	Waveform 1	1
LF	879.3148333333334	20250.0	20160.0	9.158132602737696	879.3135	879.322	18593	25221	Plecotus austriacus	0.055	0.119	-1	Echolocation	192000	/home/adkris/Documents/mila-human-wav-txt/20220826_070000.WAV	1113	Waveform 1	1
LF	881.5234	19500.0	20160.0	7.370638694285295	881.5185	881.5316	18593	23343	Nyctalus noctula	0.025	0.055	-1	Echolocation	192000	/home/adkris/Documents/mila-human-wav-txt/20220826_070000.WAV	1114	Waveform 1	1
LF	881.6152	17250.0	17280.0	5.113516896278989	881.6135	881.6263	15156	21453	Nyctalus noctula	0.016	0.025	-1	Echolocation	192000	/home/adkris/Documents/mila-human-wav-txt/20220826_070000.WAV	1115	Waveform 1	1
LF	881.8545	20250.0	21120.0	6.0745316002613245	881.8505	881.861	19453	24112	Plecotus austriacus	0.01	0.032	-1	Echolocation	192000	/home/adkris/Documents/mila-human-wav-txt/20220826_070000.WAV	1116	Waveform 1	1
LF	885.9059666666667	19500.0	19200.0	7.219361601729519	885.9045	885.9117	16015	26669	Plecotus austriacus	0.05	0.076	-1	Echolocation	192000	/home/adkris/Documents/mila-human-wav-txt/20220826_070000.WAV	1117	Waveform 1	1
LF	886.6146	24000.0	24000.0	5.016074178207445	886.6105	886.6209	22890	28489	Nyctalus leisleri	0.022	0.069	-1	Echolocation	192000	/home/adkris/Documents/mila-human-wav-txt/20220826_070000.WAV	1118	Waveform 1	1
LF	887.2855333333333	20250.0	20160.0	20.03236660905424	887.2835	887.2913	16015	30477	Plecotus austriacus	0.022	0.035	-1	Echolocation	192000	/home/adkris/Documents/mila-human-wav-txt/20220826_070000.WAV	1119	Waveform 1	1
LF	887.2964333333333	20250.0	20160.0	16.264179372938308	887.2945	887.3059	20312	24637	Nyctalus leisleri	0.014	0.023	-1	Echolocation	192000	/home/adkris/Documents/mila-human-wav-txt/20220826_070000.WAV	1120	Waveform 1	1
LF	887.6937	21750.0	21120.0	7.216133899498369	887.6915	887.6968	15156	28576	Plecotus auritus	0.06	0.079	-1	Echolocation	192000	/home/adkris/Documents/mila-human-wav-txt/20220826_070000.WAV	1121	Waveform 1	1
LF	888.4319333333333	15750.0	16320.000000000002	5.79678476257036	888.4295	888.4369	13437	21145	Plecotus auritus	0.023	0.032	-1	Echolocation	192000	/home/adkris/Documents/mila-human-wav-txt/20220826_070000.WAV	1122	Waveform 1	1
LF	889.9744666666667	17250.0	17280.0	5.094317687857983	889.9725	889.9792	13437	28491	Plecotus auritus	0.041	0.047	-1	Echolocation	192000	/home/adkris/Documents/mila-human-wav-txt/20220826_070000.WAV	1123	Waveform 1	1
LF	890.0344	21000.0	22080.0	5.864283986459014	890.0325	890.0381	16875	35689	Plecotus austriacus	0.053	0.091	-1	Echolocation	192000	/home/adkris/Documents/mila-human-wav-txt/20220826_070000.WAV	1124	Waveform 1	1
LF	890.1059666666666	21750.0	22080.0	5.203092665679834	890.1035	890.1097	18593	28897	Plecotus austriacus	0.049	0.078	-1	Echolocation	192000	/home/adkris/Documents/mila-human-wav-txt/20220826_070000.WAV	1125	Waveform 1	1
LF	891.7043	14250.0	14400.0	14.55403456943115	891.7025	891.7117	12578	20512	Nyctalus leisleri	0.031	0.044	-1	Echolocation	192000	/home/adkris/Documents/mila-human-wav-txt/20220826_070000.WAV	1126	Waveform 1	1
LF	893.5984	21750.0	22080.0	9.686582733273204	893.5935	893.6031	19453	25853	Plecotus austriacus	0.024	0.075	-1	Echolocation	192000	/home/adkris/Documents/mila-human-wav-txt/20220826_070000.WAV	1127	Waveform 1	1
LF	894.2446666666667	20250.0	19200.0	8.03315443930752	894.2405	894.2555	18593	24019	Nyctalus noctula	0.014	0.027	-1	Echolocation	192000	/home/adkris/Documents/mila-human-wav-txt/20220826_070000.WAV	1128	Waveform 1	1
LF	894.3145	20250.0	22080.0	8.06737713430374	894.3085	894.317	19453	26989	Plecotus austriacus	0.019	0.044	-1	Echolocation	192000	/home/adkris/Documents/mila-human-wav-txt/20220826_070000.WAV	1129	Waveform 1	1
LF	894.3154666666667	22500.0	22080.0	7.362461575484228	894.3135	894.3202	17734	27798	Plecotus austriacus	0.031	0.044	-1	Echolocation	192000	/home/adkris/Documents/mila-human-wav-txt/20220826_070000.WAV	1130	Waveform 1	1
LF	894.8864666666667	18750.0	20160.0	10.255662944343324	894.8845	894.8912	15156	26495	Plecotus auritus	0.026	0.048	-1	Echolocation	192000	/home/adkris/Documents/mila-human-wav-txt/20220826_070000.WAV	1131	Waveform 1	1
LF	895.1031666666667	16500.0	19200.0	5.5940364375835125	895.1015	895.1085	14296	24289	Plecotus auritus	0.019	0.026	-1	Echolocation	192000	/home/adkris/Documents/mila-human-wav-txt/20220826_070000.WAV	1132	Waveform 1	1
LF	895.1889666666667	22500.0	22080.0	9.912033823679735	895.1865	895.1927	16875	32221	Plecotus austriacus	0.047	0.07	-1	Echolocation	192000	/home/adkris/Documents/mila-human-wav-txt/20220826_070000.WAV	1133	Waveform 1	1
LF	895.2017	27000.0	24000.0	6.456473661533079	895.1975	895.2078	24609	32488	Nyctalus leisleri	0.019	0.047	-1	Echolocation	192000	/home/adkris/Documents/mila-human-wav-txt/20220826_070000.WAV	1134	Waveform 1	1
LF	898.9860666666667	20250.0	20160.0	15.7980274008195	898.9855	898.9936	16875	29856	Plecotus austriacus	0.024	0.037	-1	Echolocation	192000	/home/adkris/Documents/mila-human-wav-txt/20220826_070000.WAV	1135	Waveform 1	1
LF	898.9974	20250.0	21120.0	13.030735049682034	898.9945	899.0096	17734	22289	Nyctalus noctula	0.012	0.027	-1	Echolocation	192000	/home/adkris/Documents/mila-human-wav-txt/20220826_070000.WAV	1136	Waveform 1	1
LF	899.4278666666667	21750.0	22080.0	12.03669940190907	899.4255	899.4353	18593	24618	Plecotus austriacus	0.033	0.082	-1	Echolocation	192000	/home/adkris/Documents/mila-human-wav-txt/20220826_070000.WAV	1137	Waveform 1	1
LF	900.8014	20250.0	21120.0	6.536433385903627	900.7985	900.8066	16875	24879	Plecotus austriacus	0.031	0.061	-1	Echolocation	192000	/home/adkris/Documents/mila-human-wav-txt/20220826_070000.WAV	1138	Waveform 1	1
LF	903.1797	19500.0	17280.0	13.01384612052204	903.1785	903.1883	16015	22619	Nyctalus noctula	0.019	0.036	-1	Echolocation	192000	/home/adkris/Documents/mila-human-wav-txt/20220826_070000.WAV	1139	Waveform 1	1
LF	903.4251666666668	21750.0	22080.0	8.21943745355913	903.4245	903.4325	20312	27557	Plecotus austriacus	0.019	0.034	-1	Echolocation	192000	/home/adkris/Documents/mila-human-wav-txt/20220826_070000.WAV	1140	Waveform 1	1
LF	904.1380666666666	22500.0	22080.0	11.393624156794562	904.1325	904.1426	19453	26536	Plecotus austriacus	0.035	0.063	-1	Echolocation	192000	/home/adkris/Documents/mila-human-wav-txt/20220826_070000.WAV	1141	Waveform 1	1
LF	904.9999666666666	12750.0	13440.000000000002	10.336208096014705	904.9975	905.0072	12578	20743	Nyctalus leisleri	0.03	0.045	-1	Echolocation	192000	/home/adkris/Documents/mila-human-wav-txt/20220826_070000.WAV	1142	Waveform 1	1
HF	905.2377	53250.0	52800.00000000001	9.2889375947501	905.2355	905.2408	36640	68935	Myotis mystacinus	0.01	0.027	-1	Echolocation	192000	/home/adkris/Documents/mila-human-wav-txt/20220826_070000.WAV	1143	Waveform 1	1
LF	905.7268666666666	24000.0	24000.0	5.466494676770036	905.7235	905.7323	22031	30457	Plecotus austriacus	0.082	0.134	-1	Echolocation	192000	/home/adkris/Documents/mila-human-wav-txt/20220826_070000.WAV	1144	Waveform 1	1
LF	906.2265333333334	17250.0	17280.0	6.121282769779883	906.2245	906.2393	16015	20071	Nyctalus noctula	0.023	0.035	-1	Echolocation	192000	/home/adkris/Documents/mila-human-wav-txt/20220826_070000.WAV	1145	Waveform 1	1
LF	906.6234666666668	16500.0	17280.0	6.250874217131523	906.6215	906.6282	13437	28505	Plecotus auritus	0.07	0.082	-1	Echolocation	192000	/home/adkris/Documents/mila-human-wav-txt/20220826_070000.WAV	1146	Waveform 1	1
LF	907.3126666666668	21000.0	20160.0	9.94567879050302	907.3105	907.317	16015	26390	Plecotus auritus	0.063	0.108	-1	Echolocation	192000	/home/adkris/Documents/mila-human-wav-txt/20220826_070000.WAV	1147	Waveform 1	1
LF	908.5796666666666	17250.0	17280.0	8.271498589070115	908.5785	908.586	15156	24256	Plecotus auritus	0.03	0.062	-1	Echolocation	192000	/home/adkris/Documents/mila-human-wav-txt/20220826_070000.WAV	1148	Waveform 1	1
LF	908.8773666666668	15000.0	15360.0	6.734836660398923	908.8745	908.8838	13437	18936	Nyctalus leisleri	0.015	0.06	-1	Echolocation	192000	/home/adkris/Documents/mila-human-wav-txt/20220826_070000.WAV	1149	Waveform 1	1
LF	909.0836666666668	20250.0	20160.0	10.993813361532096	909.0825	909.09	17734	26623	Plecotus austriacus	0.058	0.093	-1	Echolocation	192000	/home/adkris/Documents/mila-human-wav-txt/20220826_070000.WAV	1150	Waveform 1	1
LF	910.2859333333332	22500.0	22080.0	6.693678324765661	910.2805	910.2919	21171	25593	Nyctalus leisleri	0.012	0.031	-1	Echolocation	192000	/home/adkris/Documents/mila-human-wav-txt/20220826_070000.WAV	1151	Waveform 1	1
LF	910.6242666666668	21750.0	22080.0	17.374445573380083	910.6215	910.6309	19453	25437	Plecotus austriacus	0.036	0.067	-1	Echolocation	192000	/home/adkris/Documents/mila-human-wav-txt/20220826_070000.WAV	1152	Waveform 1	1
LF	910.6418333333334	21000.0	21120.0	13.949324750690002	910.6335	910.6455	18593	22257	Nyctalus leisleri	0.014	0.022	-1	Echolocation	192000	/home/adkris/Documents/mila-human-wav-txt/20220826_070000.WAV	1153	Waveform 1	1
LF	911.0434	19500.0	20160.0	19.081550912293025	911.0415	911.0506	16875	24674	Plecotus austriacus	0.027	0.046	-1	Echolocation	192000	/home/adkris/Documents/mila-human-wav-txt/20220826_070000.WAV	1154	Waveform 1	1
LF	911.0584666666666	19500.0	20160.0	14.189286398115314	911.0575	911.0687	21171	26676	Nyctalus leisleri	0.011	0.025	-1	Echolocation	192000	/home/adkris/Documents/mila-human-wav-txt/20220826_070000.WAV	1155	Waveform 1	1
LF	911.2762333333334	20250.0	22080.0	6.6298718541233175	911.2725	911.2821	18593	25332	Plecotus austriacus	0.027	0.05	-1	Echolocation	192000	/home/adkris/Documents/mila-human-wav-txt/20220826_070000.WAV	1156	Waveform 1	1
LF	911.2893333333334	19500.0	21120.0	6.327092856566564	911.2875	911.299	20312	24454	Nyctalus leisleri	0.017	0.029	-1	Echolocation	192000	/home/adkris/Documents/mila-human-wav-txt/20220826_070000.WAV	1157	Waveform 1	1
LF	911.4631	20250.0	20160.0	13.98004062573409	911.4615	911.4709	19453	25138	Plecotus austriacus	0.039	0.103	-1	Echolocation	192000	/home/adkris/Documents/mila-human-wav-txt/20220826_070000.WAV	1158	Waveform 1	1
LF	911.5669333333332	22500.0	23040.0	6.464750241898072	911.5555	911.5679	22890	26900	Nyctalus leisleri	0.019	0.035	-1	Echolocation	192000	/home/adkris/Documents/mila-human-wav-txt/20220826_070000.WAV	1159	Waveform 1	1
LF	912.9041666666668	21000.0	21120.0	7.30078312336582	912.9005	912.909	19453	26498	Plecotus austriacus	0.044	0.099	-1	Echolocation	192000	/home/adkris/Documents/mila-human-wav-txt/20220826_070000.WAV	1160	Waveform 1	1
LF	913.2009666666668	21000.0	21120.0	10.578311759129132	913.1995	913.2067	18593	26752	Plecotus austriacus	0.064	0.098	-1	Echolocation	192000	/home/adkris/Documents/mila-human-wav-txt/20220826_070000.WAV	1161	Waveform 1	1
LF	913.2119666666666	25500.0	24960.0	5.212257865286202	913.2075	913.2152	23750	35740	Plecotus austriacus	0.008	0.023	-1	Echolocation	192000	/home/adkris/Documents/mila-human-wav-txt/20220826_070000.WAV	1162	Waveform 1	1
LF	914.2040666666668	20250.0	20160.0	6.504576600695351	914.1995	914.2106	18593	23809	Nyctalus noctula	0.022	0.063	-1	Echolocation	192000	/home/adkris/Documents/mila-human-wav-txt/20220826_070000.WAV	1163	Waveform 1	1
LF	914.885	21000.0	22080.0	14.11844161355984	914.8835	914.8895	16875	29763	Plecotus austriacus	0.096	0.143	-1	Echolocation	192000	/home/adkris/Documents/mila-human-wav-txt/20220826_070000.WAV	1164	Waveform 1	1
LF	917.4284	19500.0	19200.0	10.844000194516934	917.4245	917.4351	18593	23445	Nyctalus noctula	0.027	0.085	-1	Echolocation	192000	/home/adkris/Documents/mila-human-wav-txt/20220826_070000.WAV	1165	Waveform 1	1
LF	917.7923333333332	20250.0	20160.0	8.36359080844065	917.7885	917.798	19453	25802	Plecotus austriacus	0.03	0.088	-1	Echolocation	192000	/home/adkris/Documents/mila-human-wav-txt/20220826_070000.WAV	1166	Waveform 1	1
LF	918.7499666666666	21750.0	22080.0	7.585888396639513	918.7445	918.7547	18593	24231	Plecotus austriacus	0.023	0.076	-1	Echolocation	192000	/home/adkris/Documents/mila-human-wav-txt/20220826_070000.WAV	1167	Waveform 1	1
LF	922.2219666666666	13500.0	13440.000000000002	5.2534392108520205	922.2195	922.2292	13437	17347	Nyctalus leisleri	0.008	0.025	-1	Echolocation	192000	/home/adkris/Documents/mila-human-wav-txt/20220826_070000.WAV	1168	Waveform 1	1
LF	923.0467666666668	19500.0	20160.0	16.31245193739219	923.0415	923.0519	18593	24166	Plecotus austriacus	0.018	0.051	-1	Echolocation	192000	/home/adkris/Documents/mila-human-wav-txt/20220826_070000.WAV	1169	Waveform 1	1
LF	926.9964333333334	17250.0	17280.0	5.643722142298585	926.9955	927.0079	16875	21757	Nyctalus noctula	0.016	0.029	-1	Echolocation	192000	/home/adkris/Documents/mila-human-wav-txt/20220826_070000.WAV	1170	Waveform 1	1
LF	927.5113333333334	16500.0	17280.0	7.44619807671565	927.5095	927.5175	14296	26181	Plecotus auritus	0.01	0.024	-1	Echolocation	192000	/home/adkris/Documents/mila-human-wav-txt/20220826_070000.WAV	1171	Waveform 1	1
LF	928.3115	18750.0	19200.0	7.509125564253328	928.3055	928.321	19453	24352	Nyctalus noctula	0.012	0.022	-1	Echolocation	192000	/home/adkris/Documents/mila-human-wav-txt/20220826_070000.WAV	1172	Waveform 1	1
LF	928.3117666666668	18000.0	18240.0	10.268570854771216	928.3095	928.3159	14296	32203	Plecotus auritus	0.016	0.022	-1	Echolocation	192000	/home/adkris/Documents/mila-human-wav-txt/20220826_070000.WAV	1173	Waveform 1	1
LF	928.3118333333332	18000.0	18240.0	9.687394209845833	928.3105	928.3225	18593	22951	Nyctalus noctula	0.009	0.023	-1	Echolocation	192000	/home/adkris/Documents/mila-human-wav-txt/20220826_070000.WAV	1174	Waveform 1	1
LF	929.0830666666668	21750.0	22080.0	16.994448414459647	929.0815	929.0921	22031	24746	Nyctalus leisleri	0.049	0.076	-1	Echolocation	192000	/home/adkris/Documents/mila-human-wav-txt/20220826_070000.WAV	1175	Waveform 1	1
LF	931.9446333333332	21750.0	21120.0	7.69112973581576	931.9435	931.9487	17734	31297	Plecotus austriacus	0.073	0.096	-1	Echolocation	192000	/home/adkris/Documents/mila-human-wav-txt/20220826_070000.WAV	1176	Waveform 1	1
LF	933.3302333333334	15750.0	16320.000000000002	5.314072342920012	933.3295	933.3351	13437	31021	Plecotus auritus	0.02	0.036	-1	Echolocation	192000	/home/adkris/Documents/mila-human-wav-txt/20220826_070000.WAV	1177	Waveform 1	1
LF	935.7621	21750.0	21120.0	14.159664172439497	935.7605	935.7699	19453	24475	Plecotus austriacus	0.04	0.1	-1	Echolocation	192000	/home/adkris/Documents/mila-human-wav-txt/20220826_070000.WAV	1178	Waveform 1	1
LF	936.0703333333332	20250.0	20160.0	7.633984265692508	936.0685	936.0765	16875	24754	Plecotus austriacus	0.024	0.048	-1	Echolocation	192000	/home/adkris/Documents/mila-human-wav-txt/20220826_070000.WAV	1179	Waveform 1	1
LF	939.5708666666668	14250.0	14400.0	5.862607442996005	939.5685	939.5818	13437	15690	Nyctalus leisleri	0.013	0.023	-1	Echolocation	192000	/home/adkris/Documents/mila-human-wav-txt/20220826_070000.WAV	1180	Waveform 1	1
LF	939.8743333333332	21750.0	22080.0	12.015660194406678	939.8715	939.8785	17734	31278	Plecotus austriacus	0.09	0.125	-1	Echolocation	192000	/home/adkris/Documents/mila-human-wav-txt/20220826_070000.WAV	1181	Waveform 1	1
LF	940.2674666666668	17250.0	17280.0	5.0482687717201244	940.2655	940.2722	14296	30496	Plecotus auritus	0.013	0.025	-1	Echolocation	192000	/home/adkris/Documents/mila-human-wav-txt/20220826_070000.WAV	1182	Waveform 1	1
LF	942.8767333333332	22500.0	23040.0	8.39108342697422	942.8745	942.8821	22890	37750	Plecotus austriacus	0.009	0.027	-1	Echolocation	192000	/home/adkris/Documents/mila-human-wav-txt/20220826_070000.WAV	1183	Waveform 1	1
LF	945.1749666666668	21000.0	21120.0	6.839463949651215	945.1705	945.1817	20312	24650	Nyctalus leisleri	0.01	0.027	-1	Echolocation	192000	/home/adkris/Documents/mila-human-wav-txt/20220826_070000.WAV	1184	Waveform 1	1
LF	945.3631666666666	21750.0	22080.0	14.130371685682528	945.3615	945.3685	17734	27244	Plecotus austriacus	0.055	0.071	-1	Echolocation	192000	/home/adkris/Documents/mila-human-wav-txt/20220826_070000.WAV	1185	Waveform 1	1
LF	946.2368333333334	22500.0	23040.0	6.17248071840634	946.2355	946.244	21171	27822	Plecotus austriacus	0.017	0.031	-1	Echolocation	192000	/home/adkris/Documents/mila-human-wav-txt/20220826_070000.WAV	1186	Waveform 1	1
LF	946.2364	21000.0	23040.0	6.1206838867611415	946.2355	946.2421	16015	29336	Plecotus austriacus	0.019	0.029	-1	Echolocation	192000	/home/adkris/Documents/mila-human-wav-txt/20220826_070000.WAV	1187	Waveform 1	1
LF	947.074	20250.0	20160.0	9.133995287683604	947.0705	947.0815	18593	23566	Nyctalus noctula	0.027	0.079	-1	Echolocation	192000	/home/adkris/Documents/mila-human-wav-txt/20220826_070000.WAV	1188	Waveform 1	1
LF	950.0848	20250.0	20160.0	6.627941372935595	950.0805	950.0907	19453	24809	Plecotus austriacus	0.028	0.09	-1	Echolocation	192000	/home/adkris/Documents/mila-human-wav-txt/20220826_070000.WAV	1189	Waveform 1	1
LF	950.5283666666668	20250.0	20160.0	14.299069612097794	950.5255	950.5348	17734	25194	Plecotus austriacus	0.045	0.068	-1	Echolocation	192000	/home/adkris/Documents/mila-human-wav-txt/20220826_070000.WAV	1190	Waveform 1	1
LF	955.118	22500.0	22080.0	5.600607493194555	955.1125	955.1215	19453	26383	Plecotus austriacus	0.03	0.064	-1	Echolocation	192000	/home/adkris/Documents/mila-human-wav-txt/20220826_070000.WAV	1191	Waveform 1	1
LF	957.4146666666668	14250.0	14400.0	6.861950836680315	957.4125	957.4225	13437	26793	Nyctalus noctula	0.006	0.024	-1	Echolocation	192000	/home/adkris/Documents/mila-human-wav-txt/20220826_070000.WAV	1192	Waveform 1	1
LF	957.5786333333332	14250.0	20160.0	6.1019704338782255	957.5735	957.5817	14296	25458	Plecotus auritus	0.05	0.087	-1	Echolocation	192000	/home/adkris/Documents/mila-human-wav-txt/20220826_070000.WAV	1193	Waveform 1	1
LF	959.2876	22500.0	22080.0	5.614732746335585	959.2855	959.2909	16875	32134	Plecotus austriacus	0.046	0.073	-1	Echolocation	192000	/home/adkris/Documents/mila-human-wav-txt/20220826_070000.WAV	1194	Waveform 1	1
LF	963.4137666666668	21000.0	21120.0	6.569938014804984	963.4135	963.4184	16875	34771	Plecotus austriacus	0.022	0.039	-1	Echolocation	192000	/home/adkris/Documents/mila-human-wav-txt/20220826_070000.WAV	1195	Waveform 1	1
HF	963.5446333333332	48750.0	48960.0	11.04610866793298	963.5405	963.5462	33203	76554	Myotis mystacinus	0.011	0.033	-1	Echolocation	192000	/home/adkris/Documents/mila-human-wav-txt/20220826_070000.WAV	1196	Waveform 1	1
HF	963.7348333333332	57000.0	56640.0	12.69457731644194	963.7295	963.7375	57265	64603	Pipistrellus pygmaeus	0.026	0.029	-1	Echolocation	192000	/home/adkris/Documents/mila-human-wav-txt/20220826_070000.WAV	1197	Waveform 1	1
HF	963.8675	56250.0	52800.00000000001	5.830978277573707	963.8655	963.871	35781	72294	Myotis mystacinus	0.008	0.025	-1	Echolocation	192000	/home/adkris/Documents/mila-human-wav-txt/20220826_070000.WAV	1198	Waveform 1	1
LF	963.8908	20250.0	20160.0	9.132680405106528	963.8895	963.8957	18593	29655	Plecotus austriacus	0.087	0.129	-1	Echolocation	192000	/home/adkris/Documents/mila-human-wav-txt/20220826_070000.WAV	1199	Waveform 1	1
HF	964.0025666666668	49500.0	48960.0	5.3268098030429964	964.0015	964.0056	46953	56969	Pipistrellus pipistrellus	0.089	0.105	-1	Echolocation	192000	/home/adkris/Documents/mila-human-wav-txt/20220826_070000.WAV	1200	Waveform 1	1
HF	964.0519333333332	54750.0	54719.99999999999	8.717990541651309	964.0515	964.0574	36640	67777	Myotis mystacinus	0.008	0.023	-1	Echolocation	192000	/home/adkris/Documents/mila-human-wav-txt/20220826_070000.WAV	1201	Waveform 1	1
HF	964.0531333333332	52500.0	54719.99999999999	7.514209731872155	964.0525	964.0582	29765	62261	Myotis daubentonii	0.014	0.025	-1	Echolocation	192000	/home/adkris/Documents/mila-human-wav-txt/20220826_070000.WAV	1202	Waveform 1	1
HF	964.1017333333332	53250.0	52800.00000000001	11.200616594093518	964.0975	964.1031	36640	72668	Myotis brandtii	0.008	0.025	-1	Echolocation	192000	/home/adkris/Documents/mila-human-wav-txt/20220826_070000.WAV	1203	Waveform 1	1
HF	964.2209	55500.0	53760.00000000001	5.116283286070119	964.2195	964.2256	34062	70652	Myotis daubentonii	0.008	0.023	-1	Echolocation	192000	/home/adkris/Documents/mila-human-wav-txt/20220826_070000.WAV	1204	Waveform 1	1
HF	964.2882	53250.0	52800.00000000001	9.735423725765092	964.2865	964.2923	33203	68560	Myotis daubentonii	0.009	0.026	-1	Echolocation	192000	/home/adkris/Documents/mila-human-wav-txt/20220826_070000.WAV	1205	Waveform 1	1
HF	964.343	54000.0	52800.00000000001	8.79321122554843	964.3415	964.3475	34921	71219	Myotis mystacinus	0.01	0.027	-1	Echolocation	192000	/home/adkris/Documents/mila-human-wav-txt/20220826_070000.WAV	1206	Waveform 1	1
HF	964.3992333333332	54000.0	52800.00000000001	12.669084188149778	964.3955	964.4016	34062	70444	Myotis brandtii	0.007	0.022	-1	Echolocation	192000	/home/adkris/Documents/mila-human-wav-txt/20220826_070000.WAV	1207	Waveform 1	1
HF	964.4666666666668	54000.0	52800.00000000001	9.807180187379483	964.4635	964.469	36640	77095	Myotis brandtii	0.009	0.023	-1	Echolocation	192000	/home/adkris/Documents/mila-human-wav-txt/20220826_070000.WAV	1208	Waveform 1	1
HF	964.5323666666668	55500.0	55679.99999999999	10.1582325702684	964.5295	964.5353	34062	80671	Myotis mystacinus	0.011	0.033	-1	Echolocation	192000	/home/adkris/Documents/mila-human-wav-txt/20220826_070000.WAV	1209	Waveform 1	1
HF	964.6646666666668	54750.0	52800.00000000001	8.472604669842172	964.6615	964.667	34921	74798	Myotis brandtii	0.008	0.025	-1	Echolocation	192000	/home/adkris/Documents/mila-human-wav-txt/20220826_070000.WAV	1210	Waveform 1	1
HF	964.8103333333332	53250.0	53760.00000000001	19.066801376103303	964.8065	964.8125	33203	74211	Myotis mystacinus	0.009	0.027	-1	Echolocation	192000	/home/adkris/Documents/mila-human-wav-txt/20220826_070000.WAV	1211	Waveform 1	1
HF	964.8721	53250.0	52800.00000000001	13.887557945326131	964.8705	964.8764	33203	80968	Myotis mystacinus	0.013	0.033	-1	Echolocation	192000	/home/adkris/Documents/mila-human-wav-txt/20220826_070000.WAV	1212	Waveform 1	1
HF	964.8879666666668	44250.0	48960.0	11.898817667134294	964.8815	964.8907	44375	49453	Pipistrellus pipistrellus	0.019	0.028	-1	Echolocation	192000	/home/adkris/Documents/mila-human-wav-txt/20220826_070000.WAV	1213	Waveform 1	1
HF	965.0017333333332	53250.0	52800.00000000001	15.456167676751244	964.9985	965.0051	27187	51898	Myotis nattereri	0.008	0.023	-1	Echolocation	192000	/home/adkris/Documents/mila-human-wav-txt/20220826_070000.WAV	1214	Waveform 1	1
HF	965.1724	53250.0	52800.00000000001	22.74419518136476	965.1675	965.1736	33203	71737	Myotis daubentonii	0.008	0.028	-1	Echolocation	192000	/home/adkris/Documents/mila-human-wav-txt/20220826_070000.WAV	1215	Waveform 1	1
HF	965.1714	57000.0	56640.0	5.316474014265561	965.1695	965.1786	57265	65494	Pipistrellus pygmaeus	0.028	0.03	-1	Echolocation	192000	/home/adkris/Documents/mila-human-wav-txt/20220826_070000.WAV	1216	Waveform 1	1
HF	965.3540666666668	54000.0	52800.00000000001	13.32658123557307	965.3515	965.3576	29765	60752	Myotis daubentonii	0.014	0.023	-1	Echolocation	192000	/home/adkris/Documents/mila-human-wav-txt/20220826_070000.WAV	1217	Waveform 1	1
HF	965.44	55500.0	56640.0	14.530560986662824	965.4335	965.4415	58125	64176	Pipistrellus pygmaeus	0.026	0.028	-1	Echolocation	192000	/home/adkris/Documents/mila-human-wav-txt/20220826_070000.WAV	1218	Waveform 1	1
HF	965.5436333333332	55500.0	55679.99999999999	23.766230437354658	965.5425	965.5512	56406	67888	Pipistrellus pygmaeus	0.029	0.031	-1	Echolocation	192000	/home/adkris/Documents/mila-human-wav-txt/20220826_070000.WAV	1219	Waveform 1	1
HF	965.9156333333332	56250.0	57600.0	18.27773233581385	965.9125	965.9192	55546	64403	Pipistrellus pygmaeus	0.035	0.038	-1	Echolocation	192000	/home/adkris/Documents/mila-human-wav-txt/20220826_070000.WAV	1220	Waveform 1	1
HF	966.0124333333332	55500.0	52800.00000000001	6.04928318412597	966.0015	966.0144	48671	59476	Pipistrellus pipistrellus	0.081	0.111	-1	Echolocation	192000	/home/adkris/Documents/mila-human-wav-txt/20220826_070000.WAV	1221	Waveform 1	1
HF	967.3575	48000.0	52800.00000000001	11.747927624837358	967.3525	967.3585	28046	56515	Myotis nattereri	0.01	0.022	-1	Echolocation	192000	/home/adkris/Documents/mila-human-wav-txt/20220826_070000.WAV	1222	Waveform 1	1
HF	967.5366333333334	48750.0	48960.0	10.17079632130491	967.5335	967.5402	28906	52691	Myotis nattereri	0.008	0.026	-1	Echolocation	192000	/home/adkris/Documents/mila-human-wav-txt/20220826_070000.WAV	1223	Waveform 1	1
HF	968.0019	48750.0	48000.0	7.0940148878058285	968.0015	968.0086	47812	55759	Pipistrellus pipistrellus	0.021	0.027	-1	Echolocation	192000	/home/adkris/Documents/mila-human-wav-txt/20220826_070000.WAV	1224	Waveform 1	1
HF	968.1643666666666	55500.0	54719.99999999999	7.384950006278077	968.1635	968.1713	56406	65142	Pipistrellus pygmaeus	0.023	0.024	-1	Echolocation	192000	/home/adkris/Documents/mila-human-wav-txt/20220826_070000.WAV	1225	Waveform 1	1
HF	969.1215	52500.0	53760.00000000001	5.811735061144624	969.1195	969.125	36640	67835	Myotis bechsteinii	0.016	0.047	-1	Echolocation	192000	/home/adkris/Documents/mila-human-wav-txt/20220826_070000.WAV	1226	Waveform 1	1
LF	969.342	21000.0	21120.0	5.636203332284175	969.3405	969.35	20312	26239	Plecotus austriacus	0.014	0.028	-1	Echolocation	192000	/home/adkris/Documents/mila-human-wav-txt/20220826_070000.WAV	1227	Waveform 1	1
LF	970.9408	21750.0	22080.0	5.527046468964514	970.9365	970.9537	21171	24267	Nyctalus leisleri	0.018	0.038	-1	Echolocation	192000	/home/adkris/Documents/mila-human-wav-txt/20220826_070000.WAV	1228	Waveform 1	1
LF	974.0261666666668	17250.0	17280.0	7.541547157284151	974.0245	974.035	16015	21347	Nyctalus noctula	0.016	0.032	-1	Echolocation	192000	/home/adkris/Documents/mila-human-wav-txt/20220826_070000.WAV	1229	Waveform 1	1
LF	975.4062666666666	19500.0	20160.0	13.675460990443035	975.4045	975.4114	16015	24962	Plecotus auritus	0.038	0.077	-1	Echolocation	192000	/home/adkris/Documents/mila-human-wav-txt/20220826_070000.WAV	1230	Waveform 1	1
LF	975.7443333333332	15750.0	16320.000000000002	5.055422436071554	975.7425	975.7505	14296	20327	Plecotus auritus	0.018	0.032	-1	Echolocation	192000	/home/adkris/Documents/mila-human-wav-txt/20220826_070000.WAV	1231	Waveform 1	1
LF	980.7587333333332	20250.0	20160.0	10.112168790825296	980.7565	980.7641	17734	26525	Plecotus austriacus	0.066	0.096	-1	Echolocation	192000	/home/adkris/Documents/mila-human-wav-txt/20220826_070000.WAV	1232	Waveform 1	1
LF	981.2377	24000.0	24960.0	7.348653773402997	981.2355	981.2443	22890	28943	Plecotus austriacus	0.013	0.03	-1	Echolocation	192000	/home/adkris/Documents/mila-human-wav-txt/20220826_070000.WAV	1233	Waveform 1	1
LF	981.2369333333334	20250.0	20160.0	6.774570153677837	981.2355	981.2404	15156	46303	Myotis nattereri	0.022	0.027	-1	Echolocation	192000	/home/adkris/Documents/mila-human-wav-txt/20220826_070000.WAV	1234	Waveform 1	1
LF	981.6700333333332	17250.0	20160.0	14.97061711711298	981.6685	981.6838	16875	22508	Nyctalus noctula	0.028	0.039	-1	Echolocation	192000	/home/adkris/Documents/mila-human-wav-txt/20220826_070000.WAV	1235	Waveform 1	1
LF	981.6846333333332	21000.0	21120.0	10.90924754161529	981.6795	981.6912	21171	25285	Nyctalus leisleri	0.013	0.022	-1	Echolocation	192000	/home/adkris/Documents/mila-human-wav-txt/20220826_070000.WAV	1236	Waveform 1	1
LF	983.3091666666668	22500.0	24960.0	5.527591075514113	983.3045	983.3155	23750	27690	Nyctalus leisleri	0.033	0.082	-1	Echolocation	192000	/home/adkris/Documents/mila-human-wav-txt/20220826_070000.WAV	1237	Waveform 1	1
LF	983.3096	24000.0	21120.0	7.034114576782637	983.3075	983.3129	17734	31794	Plecotus austriacus	0.067	0.093	-1	Echolocation	192000	/home/adkris/Documents/mila-human-wav-txt/20220826_070000.WAV	1238	Waveform 1	1
LF	983.5536666666668	21750.0	22080.0	11.623118553634686	983.5525	983.5635	22031	24037	Nyctalus leisleri	0.025	0.041	-1	Echolocation	192000	/home/adkris/Documents/mila-human-wav-txt/20220826_070000.WAV	1239	Waveform 1	1
LF	984.2466333333332	18750.0	18240.0	6.2493448450081415	984.2455	984.2507	13437	30632	Plecotus auritus	0.098	0.124	-1	Echolocation	192000	/home/adkris/Documents/mila-human-wav-txt/20220826_070000.WAV	1240	Waveform 1	1
LF	988.2603	21750.0	22080.0	5.207668002884853	988.2565	988.2672	20312	24953	Nyctalus leisleri	0.014	0.046	-1	Echolocation	192000	/home/adkris/Documents/mila-human-wav-txt/20220826_070000.WAV	1241	Waveform 1	1
LF	988.2601666666668	21750.0	22080.0	5.807638229817571	988.2595	988.264	14296	31571	Plecotus auritus	0.032	0.046	-1	Echolocation	192000	/home/adkris/Documents/mila-human-wav-txt/20220826_070000.WAV	1242	Waveform 1	1
LF	988.8286666666668	18750.0	20160.0	11.45712059238565	988.8265	988.8365	19453	24412	Plecotus austriacus	0.013	0.037	-1	Echolocation	192000	/home/adkris/Documents/mila-human-wav-txt/20220826_070000.WAV	1243	Waveform 1	1
LF	990.6881	21750.0	21120.0	11.609542593972108	990.6855	990.6904	16015	34914	Plecotus austriacus	0.053	0.096	-1	Echolocation	192000	/home/adkris/Documents/mila-human-wav-txt/20220826_070000.WAV	1244	Waveform 1	1
HF	991.2905666666668	55500.0	55679.99999999999	6.637283628422086	991.2875	991.2931	54687	61945	Pipistrellus pygmaeus	0.103	0.115	-1	Echolocation	192000	/home/adkris/Documents/mila-human-wav-txt/20220826_070000.WAV	1245	Waveform 1	1
LF	993.1022666666668	20250.0	22080.0	11.65695595866846	993.0965	993.1064	18593	24527	Plecotus austriacus	0.018	0.044	-1	Echolocation	192000	/home/adkris/Documents/mila-human-wav-txt/20220826_070000.WAV	1246	Waveform 1	1
LF	993.1687333333332	17250.0	17280.0	6.315063288597965	993.1645	993.1806	17734	21976	Nyctalus noctula	0.028	0.042	-1	Echolocation	192000	/home/adkris/Documents/mila-human-wav-txt/20220826_070000.WAV	1247	Waveform 1	1
HF	994.7900666666668	48000.0	48000.0	5.796430462748701	994.7875	994.7936	28046	48590	Myotis nattereri	0.009	0.024	-1	Echolocation	192000	/home/adkris/Documents/mila-human-wav-txt/20220826_070000.WAV	1248	Waveform 1	1
LF	995.2577333333334	17250.0	18240.0	9.028310502639558	995.2565	995.2686	16015	21626	Nyctalus noctula	0.029	0.042	-1	Echolocation	192000	/home/adkris/Documents/mila-human-wav-txt/20220826_070000.WAV	1249	Waveform 1	1
LF	995.8284	19500.0	22080.0	7.420349839600463	995.8265	995.8321	15156	32446	Plecotus auritus	0.023	0.05	-1	Echolocation	192000	/home/adkris/Documents/mila-human-wav-txt/20220826_070000.WAV	1250	Waveform 1	1
HF	996.4248666666666	55500.0	52800.00000000001	5.912865185311783	996.4235	996.4273	46093	62409	Myotis alcathoe	0.054	0.139	-1	Echolocation	192000	/home/adkris/Documents/mila-human-wav-txt/20220826_070000.WAV	1251	Waveform 1	1
HF	996.645	53250.0	52800.00000000001	5.52282743918027	996.6425	996.6475	35781	64396	Myotis brandtii	0.011	0.031	-1	Echolocation	192000	/home/adkris/Documents/mila-human-wav-txt/20220826_070000.WAV	1252	Waveform 1	1
HF	996.6454666666668	53250.0	52800.00000000001	7.956253635560836	996.6425	996.6482	47812	58873	Pipistrellus pipistrellus	0.119	0.145	-1	Echolocation	192000	/home/adkris/Documents/mila-human-wav-txt/20220826_070000.WAV	1253	Waveform 1	1
LF	997.2685	18750.0	19200.0	8.290438597876669	997.2675	997.2775	16015	21799	Nyctalus noctula	0.02	0.035	-1	Echolocation	192000	/home/adkris/Documents/mila-human-wav-txt/20220826_070000.WAV	1254	Waveform 1	1
LF	999.1457333333332	20250.0	20160.0	10.05644533343503	999.1425	999.1526	18593	24469	Plecotus austriacus	0.035	0.087	-1	Echolocation	192000	/home/adkris/Documents/mila-human-wav-txt/20220826_070000.WAV	1255	Waveform 1	1
LF	999.8561	14250.0	15360.0	7.258622307838804	999.8535	999.8619	13437	17492	Plecotus auritus	0.014	0.037	-1	Echolocation	192000	/home/adkris/Documents/mila-human-wav-txt/20220826_070000.WAV	1256	Waveform 1	1
LF	1000.2372	22500.0	23040.0	6.122587936303856	1000.2325	1000.2423	23750	29515	Nyctalus leisleri	0.011	0.03	-1	Echolocation	192000	/home/adkris/Documents/mila-human-wav-txt/20220826_070000.WAV	1257	Waveform 1	1
LF	1001.5474333333332	21000.0	22080.0	18.22970466902366	1001.5465	1001.5554	21171	24827	Nyctalus leisleri	0.023	0.043	-1	Echolocation	192000	/home/adkris/Documents/mila-human-wav-txt/20220826_070000.WAV	1258	Waveform 1	1
LF	1001.6223	22500.0	22080.0	5.44175694187023	1001.6175	1001.6272	20312	25414	Plecotus austriacus	0.009	0.023	-1	Echolocation	192000	/home/adkris/Documents/mila-human-wav-txt/20220826_070000.WAV	1259	Waveform 1	1
LF	1004.0265	21000.0	22080.0	5.598794834070107	1004.0195	1004.0305	22031	26067	Nyctalus leisleri	0.012	0.022	-1	Echolocation	192000	/home/adkris/Documents/mila-human-wav-txt/20220826_070000.WAV	1260	Waveform 1	1
HF	1005.7901	52500.0	51840.0	5.263169453116157	1005.7855	1005.8024	51250	54491	Pipistrellus pygmaeus	0.077	0.153	-1	Echolocation	192000	/home/adkris/Documents/mila-human-wav-txt/20220826_070000.WAV	1261	Waveform 1	1
LF	1005.8090333333332	25500.0	25920.0	17.922667063924095	1005.8075	1005.8158	24609	33136	Plecotus austriacus	0.007	0.022	-1	Echolocation	192000	/home/adkris/Documents/mila-human-wav-txt/20220826_070000.WAV	1262	Waveform 1	1
LF	1007.2036333333332	21750.0	22080.0	7.237736931223731	1007.1945	1007.2057	22031	28395	Nyctalus leisleri	0.012	0.031	-1	Echolocation	192000	/home/adkris/Documents/mila-human-wav-txt/20220826_070000.WAV	1263	Waveform 1	1
LF	1007.3016666666666	20250.0	21120.0	9.417859608607657	1007.2965	1007.307	19453	25227	Plecotus austriacus	0.023	0.063	-1	Echolocation	192000	/home/adkris/Documents/mila-human-wav-txt/20220826_070000.WAV	1264	Waveform 1	1
HF	1007.9191	51750.0	51840.0	9.876000185631296	1007.9115	1007.9289	50390	54120	Pipistrellus pygmaeus	0.092	0.154	-1	Echolocation	192000	/home/adkris/Documents/mila-human-wav-txt/20220826_070000.WAV	1265	Waveform 1	1
LF	1007.9506	21750.0	25920.0	10.267159890960189	1007.9425	1007.9559	22890	27088	Nyctalus leisleri	0.015	0.027	-1	Echolocation	192000	/home/adkris/Documents/mila-human-wav-txt/20220826_070000.WAV	1266	Waveform 1	1
LF	1008.5143	21000.0	21120.0	5.417446493472657	1008.5135	1008.5237	20312	25172	Nyctalus leisleri	0.012	0.026	-1	Echolocation	192000	/home/adkris/Documents/mila-human-wav-txt/20220826_070000.WAV	1267	Waveform 1	1
HF	1008.5624	51000.0	50880.0	5.776287506309661	1008.5555	1008.5701	51250	54330	Pipistrellus pygmaeus	0.089	0.122	-1	Echolocation	192000	/home/adkris/Documents/mila-human-wav-txt/20220826_070000.WAV	1268	Waveform 1	1
HF	1008.9580666666668	51000.0	51840.0	7.378794242028773	1008.9505	1008.9656	51250	54452	Pipistrellus pygmaeus	0.06	0.093	-1	Echolocation	192000	/home/adkris/Documents/mila-human-wav-txt/20220826_070000.WAV	1269	Waveform 1	1
HF	1009.2070333333334	51000.0	51840.0	5.382207958289909	1009.1975	1009.2118	50390	54838	Pipistrellus pygmaeus	0.059	0.101	-1	Echolocation	192000	/home/adkris/Documents/mila-human-wav-txt/20220826_070000.WAV	1270	Waveform 1	1
LF	1009.2641666666668	22500.0	22080.0	7.562696631321472	1009.2625	1009.2695	17734	31209	Plecotus austriacus	0.047	0.06	-1	Echolocation	192000	/home/adkris/Documents/mila-human-wav-txt/20220826_070000.WAV	1271	Waveform 1	1
HF	1009.9445333333332	50250.0	50880.0	8.124772606266413	1009.9305	1009.9473	50390	55197	Pipistrellus pygmaeus	0.054	0.098	-1	Echolocation	192000	/home/adkris/Documents/mila-human-wav-txt/20220826_070000.WAV	1272	Waveform 1	1
HF	1009.9835	74250.0	72960.0	6.640922389316586	1009.9515	1009.99	68437	82128	Rhinolophus ferrumequinum	0.03	0.03	-1	Echolocation	192000	/home/adkris/Documents/mila-human-wav-txt/20220826_070000.WAV	1273	Waveform 1	1
LF	1009.9757333333332	25500.0	25920.0	7.383602151777645	1009.9735	1009.9846	22890	27492	Nyctalus leisleri	0.014	0.025	-1	Echolocation	192000	/home/adkris/Documents/mila-human-wav-txt/20220826_070000.WAV	1274	Waveform 1	1
HF	1010.3026	51000.0	50880.0	11.81093191396766	1010.2915	1010.3054	51250	58833	Pipistrellus pygmaeus	0.036	0.059	-1	Echolocation	192000	/home/adkris/Documents/mila-human-wav-txt/20220826_070000.WAV	1275	Waveform 1	1
HF	1010.3349333333332	78000.0	75840.0	8.825303728586224	1010.3115	1010.3469	68437	81842	Rhinolophus ferrumequinum	0.025	0.025	-1	Echolocation	192000	/home/adkris/Documents/mila-human-wav-txt/20220826_070000.WAV	1276	Waveform 1	1
LF	1010.3160333333332	25500.0	25920.0	15.834666849383831	1010.3145	1010.3228	28046	36067	Eptesicus serotinus	0.006	0.023	-1	Echolocation	192000	/home/adkris/Documents/mila-human-wav-txt/20220826_070000.WAV	1277	Waveform 1	1
LF	1010.3157333333334	25500.0	25920.0	18.11828121026789	1010.3155	1010.3251	22031	28472	Plecotus austriacus	0.01	0.024	-1	Echolocation	192000	/home/adkris/Documents/mila-human-wav-txt/20220826_070000.WAV	1278	Waveform 1	1
LF	1010.3361333333334	25500.0	25920.0	6.1688893700852425	1010.3335	1010.3442	22031	27462	Nyctalus leisleri	0.013	0.03	-1	Echolocation	192000	/home/adkris/Documents/mila-human-wav-txt/20220826_070000.WAV	1279	Waveform 1	1
HF	1010.3687666666668	69000.0	69120.0	7.992261962147196	1010.3335	1010.3734	68437	83292	Rhinolophus ferrumequinum	0.03	0.03	-1	Echolocation	192000	/home/adkris/Documents/mila-human-wav-txt/20220826_070000.WAV	1280	Waveform 1	1
HF	1010.6433333333332	78750.0	77760.0	5.5300484556901885	1010.6295	1010.664	68437	81340	Rhinolophus ferrumequinum	0.023	0.023	-1	Echolocation	192000	/home/adkris/Documents/mila-human-wav-txt/20220826_070000.WAV	1281	Waveform 1	1
HF	1010.6452333333332	51750.0	51840.0	6.5623187893953805	1010.6335	1010.6491	51250	58118	Pipistrellus pygmaeus	0.04	0.052	-1	Echolocation	192000	/home/adkris/Documents/mila-human-wav-txt/20220826_070000.WAV	1282	Waveform 1	1
LF	1010.6710666666668	26250.0	25920.0	8.051340549467817	1010.6705	1010.6786	26328	36060	Eptesicus serotinus	0.008	0.023	-1	Echolocation	192000	/home/adkris/Documents/mila-human-wav-txt/20220826_070000.WAV	1283	Waveform 1	1
HF	1011.0329333333332	51750.0	51840.0	16.148028748129096	1011.0255	1011.0384	51250	55606	Pipistrellus pygmaeus	0.133	0.169	-1	Echolocation	192000	/home/adkris/Documents/mila-human-wav-txt/20220826_070000.WAV	1284	Waveform 1	1
LF	1011.0293333333332	27000.0	26880.000000000004	14.4285686149824	1011.0285	1011.034	31484	40698	Myotis daubentonii	0.021	0.032	-1	Echolocation	192000	/home/adkris/Documents/mila-human-wav-txt/20220826_070000.WAV	1285	Waveform 1	1
HF	1011.0444	75750.0	75840.0	11.01421626715642	1011.0435	1011.0781	68437	81519	Rhinolophus ferrumequinum	0.024	0.024	-1	Echolocation	192000	/home/adkris/Documents/mila-human-wav-txt/20220826_070000.WAV	1286	Waveform 1	1
HF	1011.292	51750.0	51840.0	11.114948440854532	1011.2815	1011.296	51250	56357	Pipistrellus pygmaeus	0.083	0.14	-1	Echolocation	192000	/home/adkris/Documents/mila-human-wav-txt/20220826_070000.WAV	1287	Waveform 1	1
LF	1011.3570666666668	21750.0	22080.0	11.268634673790237	1011.3525	1011.3636	18593	23829	Nyctalus noctula	0.029	0.087	-1	Echolocation	192000	/home/adkris/Documents/mila-human-wav-txt/20220826_070000.WAV	1288	Waveform 1	1
LF	1011.3692666666668	22500.0	22080.0	10.711719573486423	1011.3655	1011.3774	20312	24127	Nyctalus leisleri	0.014	0.023	-1	Echolocation	192000	/home/adkris/Documents/mila-human-wav-txt/20220826_070000.WAV	1289	Waveform 1	1
LF	1011.4559666666668	23250.0	27840.0	8.567804512019075	1011.4535	1011.4667	23750	28512	Nyctalus leisleri	0.018	0.035	-1	Echolocation	192000	/home/adkris/Documents/mila-human-wav-txt/20220826_070000.WAV	1290	Waveform 1	1
HF	1011.5903666666668	57000.0	55679.99999999999	10.150679746282377	1011.5855	1011.5928	54687	61084	Pipistrellus pygmaeus	0.121	0.126	-1	Echolocation	192000	/home/adkris/Documents/mila-human-wav-txt/20220826_070000.WAV	1291	Waveform 1	1
HF	1011.8036333333332	80250.0	78720.0	6.228761665035465	1011.7705	1011.8102	68437	82458	Rhinolophus ferrumequinum	0.028	0.028	-1	Echolocation	192000	/home/adkris/Documents/mila-human-wav-txt/20220826_070000.WAV	1292	Waveform 1	1
HF	1011.7994333333334	57750.0	52800.00000000001	9.591395801208694	1011.7975	1011.8089	52109	59548	Pipistrellus pygmaeus	0.056	0.071	-1	Echolocation	192000	/home/adkris/Documents/mila-human-wav-txt/20220826_070000.WAV	1293	Waveform 1	1
HF	1011.8557	78000.0	70080.0	6.622734955081349	1011.8395	1011.8728	68437	81033	Rhinolophus ferrumequinum	0.023	0.023	-1	Echolocation	192000	/home/adkris/Documents/mila-human-wav-txt/20220826_070000.WAV	1294	Waveform 1	1
LF	1011.9539666666668	19500.0	20160.0	6.836274984968704	1011.9505	1011.9627	19453	24359	Nyctalus noctula	0.012	0.029	-1	Echolocation	192000	/home/adkris/Documents/mila-human-wav-txt/20220826_070000.WAV	1295	Waveform 1	1
HF	1012.1983	77250.0	77760.0	7.197051808349341	1012.1615	1012.1987	68437	82292	Rhinolophus ferrumequinum	0.033	0.033	-1	Echolocation	192000	/home/adkris/Documents/mila-human-wav-txt/20220826_070000.WAV	1296	Waveform 1	1
HF	1012.1933333333334	78750.0	75840.0	9.545880968705395	1012.1715	1012.205	68437	81316	Rhinolophus ferrumequinum	0.023	0.023	-1	Echolocation	192000	/home/adkris/Documents/mila-human-wav-txt/20220826_070000.WAV	1297	Waveform 1	1
LF	1012.1764333333332	21750.0	26880.000000000004	10.906058065997552	1012.1735	1012.1909	20312	23681	Nyctalus noctula	0.02	0.046	-1	Echolocation	192000	/home/adkris/Documents/mila-human-wav-txt/20220826_070000.WAV	1298	Waveform 1	1
HF	1012.1926666666668	52500.0	51840.0	13.332161924220149	1012.1875	1012.198	51250	57584	Pipistrellus pygmaeus	0.127	0.183	-1	Echolocation	192000	/home/adkris/Documents/mila-human-wav-txt/20220826_070000.WAV	1299	Waveform 1	1
LF	1012.2221333333332	25500.0	25920.0	12.591640156890689	1012.2185	1012.2282	26328	34032	Eptesicus serotinus	0.01	0.023	-1	Echolocation	192000	/home/adkris/Documents/mila-human-wav-txt/20220826_070000.WAV	1300	Waveform 1	1
HF	1012.5635	51750.0	51840.0	10.504081979872025	1012.5535	1012.565	51250	59142	Pipistrellus pygmaeus	0.087	0.155	-1	Echolocation	192000	/home/adkris/Documents/mila-human-wav-txt/20220826_070000.WAV	1301	Waveform 1	1
LF	1012.5756666666666	26250.0	25920.0	6.71651669237537	1012.5745	1012.5855	22890	27907	Nyctalus leisleri	0.013	0.026	-1	Echolocation	192000	/home/adkris/Documents/mila-human-wav-txt/20220826_070000.WAV	1302	Waveform 1	1
HF	1012.7850666666668	57000.0	55679.99999999999	10.222811943663864	1012.7845	1012.7926	53828	62230	Pipistrellus pygmaeus	0.076	0.088	-1	Echolocation	192000	/home/adkris/Documents/mila-human-wav-txt/20220826_070000.WAV	1303	Waveform 1	1
LF	1012.8168666666668	26250.0	25920.0	11.39134571853496	1012.8165	1012.8283	22890	27337	Nyctalus leisleri	0.019	0.034	-1	Echolocation	192000	/home/adkris/Documents/mila-human-wav-txt/20220826_070000.WAV	1304	Waveform 1	1
LF	1012.8279	26250.0	25920.0	5.213827576046455	1012.8275	1012.8381	23750	28865	Nyctalus leisleri	0.013	0.026	-1	Echolocation	192000	/home/adkris/Documents/mila-human-wav-txt/20220826_070000.WAV	1305	Waveform 1	1
LF	1012.9607	27000.0	26880.000000000004	7.961861822188667	1012.9585	1012.9673	28046	35673	Eptesicus serotinus	0.009	0.024	-1	Echolocation	192000	/home/adkris/Documents/mila-human-wav-txt/20220826_070000.WAV	1306	Waveform 1	1
HF	1013.1687	54750.0	54719.99999999999	10.681838384717302	1013.1655	1013.1768	52109	61472	Pipistrellus pygmaeus	0.153	0.192	-1	Echolocation	192000	/home/adkris/Documents/mila-human-wav-txt/20220826_070000.WAV	1307	Waveform 1	1
LF	1013.2001666666666	25500.0	25920.0	7.3728481192959165	1013.1975	1013.207	28046	37068	Nyctalus leisleri	0.007	0.024	-1	Echolocation	192000	/home/adkris/Documents/mila-human-wav-txt/20220826_070000.WAV	1308	Waveform 1	1
LF	1013.2013	26250.0	25920.0	5.204640204945797	1013.2005	1013.2107	21171	25776	Nyctalus leisleri	0.008	0.022	-1	Echolocation	192000	/home/adkris/Documents/mila-human-wav-txt/20220826_070000.WAV	1309	Waveform 1	1
HF	1013.2206666666668	72000.0	69120.0	9.435119773600151	1013.2095	1013.249	68437	81935	Rhinolophus ferrumequinum	0.026	0.026	-1	Echolocation	192000	/home/adkris/Documents/mila-human-wav-txt/20220826_070000.WAV	1310	Waveform 1	1
LF	1013.3187	21750.0	22080.0	16.326176367380597	1013.3175	1013.3273	21171	24551	Nyctalus leisleri	0.054	0.094	-1	Echolocation	192000	/home/adkris/Documents/mila-human-wav-txt/20220826_070000.WAV	1311	Waveform 1	1
HF	1013.4048666666666	53250.0	53760.00000000001	6.676511472943773	1013.4005	1013.4083	53828	57954	Pipistrellus pygmaeus	0.13	0.142	-1	Echolocation	192000	/home/adkris/Documents/mila-human-wav-txt/20220826_070000.WAV	1312	Waveform 1	1
LF	1013.4494666666668	27000.0	25920.0	7.782545696855427	1013.4445	1013.4552	22890	26999	Nyctalus leisleri	0.013	0.023	-1	Echolocation	192000	/home/adkris/Documents/mila-human-wav-txt/20220826_070000.WAV	1313	Waveform 1	1
HF	1013.6573333333332	80250.0	78720.0	8.773483470462146	1013.6245	1013.661	68437	82130	Rhinolophus ferrumequinum	0.026	0.026	-1	Echolocation	192000	/home/adkris/Documents/mila-human-wav-txt/20220826_070000.WAV	1314	Waveform 1	1
HF	1013.6569333333332	80250.0	78720.0	9.065968700736567	1013.6465	1013.6879	68437	82350	Rhinolophus ferrumequinum	0.026	0.026	-1	Echolocation	192000	/home/adkris/Documents/mila-human-wav-txt/20220826_070000.WAV	1315	Waveform 1	1
HF	1013.9016333333334	51000.0	50880.0	8.698965904627302	1013.8945	1013.9077	50390	55048	Pipistrellus pygmaeus	0.107	0.174	-1	Echolocation	192000	/home/adkris/Documents/mila-human-wav-txt/20220826_070000.WAV	1316	Waveform 1	1
HF	1013.9500333333332	71250.0	71040.0	5.339700748593696	1013.9415	1013.9778	68437	81599	Rhinolophus ferrumequinum	0.022	0.022	-1	Echolocation	192000	/home/adkris/Documents/mila-human-wav-txt/20220826_070000.WAV	1317	Waveform 1	1
HF	1014.1556	80250.0	78720.0	10.659813668687704	1014.1445	1014.1829	68437	82231	Rhinolophus ferrumequinum	0.026	0.026	-1	Echolocation	192000	/home/adkris/Documents/mila-human-wav-txt/20220826_070000.WAV	1318	Waveform 1	1
HF	1014.1549	54000.0	53760.00000000001	12.722861816553795	1014.1515	1014.1626	52968	57919	Pipistrellus pygmaeus	0.092	0.113	-1	Echolocation	192000	/home/adkris/Documents/mila-human-wav-txt/20220826_070000.WAV	1319	Waveform 1	1
HF	1014.1549333333334	81000.0	77760.0	10.585202364872844	1014.1535	1014.1934	68437	82558	Rhinolophus ferrumequinum	0.026	0.026	-1	Echolocation	192000	/home/adkris/Documents/mila-human-wav-txt/20220826_070000.WAV	1320	Waveform 1	1
HF	1014.2425	74250.0	71040.0	7.053390390896961	1014.2135	1014.255	68437	83257	Rhinolophus ferrumequinum	0.028	0.028	-1	Echolocation	192000	/home/adkris/Documents/mila-human-wav-txt/20220826_070000.WAV	1321	Waveform 1	1
HF	1014.4249	76500.0	75840.0	6.059155848823452	1014.4205	1014.4621	68437	81508	Rhinolophus ferrumequinum	0.022	0.022	-1	Echolocation	192000	/home/adkris/Documents/mila-human-wav-txt/20220826_070000.WAV	1322	Waveform 1	1
HF	1014.7099666666668	80250.0	77760.0	7.67183603924	1014.6815	1014.7212	68437	82086	Rhinolophus ferrumequinum	0.024	0.024	-1	Echolocation	192000	/home/adkris/Documents/mila-human-wav-txt/20220826_070000.WAV	1323	Waveform 1	1
HF	1014.7072	52500.0	52800.00000000001	9.484662082577994	1014.6985	1014.7148	52109	57349	Pipistrellus pygmaeus	0.092	0.13	-1	Echolocation	192000	/home/adkris/Documents/mila-human-wav-txt/20220826_070000.WAV	1324	Waveform 1	1
HF	1014.7166	77250.0	77760.0	8.693264629976238	1014.6985	1014.7369	68437	81740	Rhinolophus ferrumequinum	0.021	0.022	-1	Echolocation	192000	/home/adkris/Documents/mila-human-wav-txt/20220826_070000.WAV	1325	Waveform 1	1
LF	1014.7370666666668	26250.0	25920.0	6.645871756607216	1014.7365	1014.7446	28046	36183	Eptesicus serotinus	0.011	0.025	-1	Echolocation	192000	/home/adkris/Documents/mila-human-wav-txt/20220826_070000.WAV	1326	Waveform 1	1
LF	1014.764	25500.0	25920.0	8.71458514527646	1014.7625	1014.779	22890	25744	Nyctalus leisleri	0.021	0.035	-1	Echolocation	192000	/home/adkris/Documents/mila-human-wav-txt/20220826_070000.WAV	1327	Waveform 1	1
HF	1014.9173333333332	80250.0	80640.0	5.972300158604206	1014.8915	1014.9315	68437	82215	Rhinolophus ferrumequinum	0.026	0.026	-1	Echolocation	192000	/home/adkris/Documents/mila-human-wav-txt/20220826_070000.WAV	1328	Waveform 1	1
HF	1014.9174	80250.0	80640.0	5.908239738931292	1014.9005	1014.9401	68437	82313	Rhinolophus ferrumequinum	0.026	0.026	-1	Echolocation	192000	/home/adkris/Documents/mila-human-wav-txt/20220826_070000.WAV	1329	Waveform 1	1
HF	1014.9122	81750.0	80640.0	5.582156197617531	1014.9085	1014.9543	68437	82970	Rhinolophus ferrumequinum	0.037	0.037	-1	Echolocation	192000	/home/adkris/Documents/mila-human-wav-txt/20220826_070000.WAV	1330	Waveform 1	1
HF	1014.9201333333332	53250.0	52800.00000000001	9.339014167991737	1014.9085	1014.9277	52968	57622	Pipistrellus pygmaeus	0.107	0.14	-1	Echolocation	192000	/home/adkris/Documents/mila-human-wav-txt/20220826_070000.WAV	1331	Waveform 1	1
LF	1015.1872	25500.0	25920.0	5.600294842402342	1015.1835	1015.1943	23750	27637	Nyctalus leisleri	0.012	0.022	-1	Echolocation	192000	/home/adkris/Documents/mila-human-wav-txt/20220826_070000.WAV	1332	Waveform 1	1
HF	1015.7647666666668	51000.0	50880.0	6.495925879917714	1015.7545	1015.7739	51250	56952	Pipistrellus pygmaeus	0.054	0.093	-1	Echolocation	192000	/home/adkris/Documents/mila-human-wav-txt/20220826_070000.WAV	1333	Waveform 1	1
LF	1016.0690333333332	25500.0	25920.0	5.161526389639245	1016.0555	1016.0728	22031	25320	Nyctalus leisleri	0.018	0.032	-1	Echolocation	192000	/home/adkris/Documents/mila-human-wav-txt/20220826_070000.WAV	1334	Waveform 1	1
LF	1016.7243666666668	21750.0	22080.0	10.789813102820329	1016.7225	1016.7363	21171	24584	Nyctalus leisleri	0.019	0.035	-1	Echolocation	192000	/home/adkris/Documents/mila-human-wav-txt/20220826_070000.WAV	1335	Waveform 1	1
LF	1016.7443333333332	21750.0	22080.0	7.688546395249318	1016.7345	1016.7555	17734	20941	Nyctalus noctula	0.011	0.023	-1	Echolocation	192000	/home/adkris/Documents/mila-human-wav-txt/20220826_070000.WAV	1336	Waveform 1	1
LF	1017.1251333333332	22500.0	22080.0	6.592457545899992	1017.1205	1017.1292	18593	26995	Plecotus austriacus	0.034	0.055	-1	Echolocation	192000	/home/adkris/Documents/mila-human-wav-txt/20220826_070000.WAV	1337	Waveform 1	1
LF	1017.4726	13500.0	14400.0	6.412551853663678	1017.4695	1017.4774	12578	22973	Plecotus auritus	0.008	0.022	-1	Echolocation	192000	/home/adkris/Documents/mila-human-wav-txt/20220826_070000.WAV	1338	Waveform 1	1
LF	1017.5658333333332	18000.0	18240.0	6.453324001570813	1017.5655	1017.5785	16875	23003	Nyctalus noctula	0.013	0.022	-1	Echolocation	192000	/home/adkris/Documents/mila-human-wav-txt/20220826_070000.WAV	1339	Waveform 1	1
LF	1018.5324	21750.0	22080.0	8.530570221740547	1018.5305	1018.5361	16015	31328	Plecotus austriacus	0.051	0.106	-1	Echolocation	192000	/home/adkris/Documents/mila-human-wav-txt/20220826_070000.WAV	1340	Waveform 1	1
LF	1022.4453	19500.0	20160.0	6.237494048744021	1022.4405	1022.4537	18593	23046	Nyctalus noctula	0.047	0.095	-1	Echolocation	192000	/home/adkris/Documents/mila-human-wav-txt/20220826_070000.WAV	1341	Waveform 1	1
LF	1022.7570666666668	20250.0	20160.0	14.153420222435374	1022.7555	1022.7661	18593	24134	Nyctalus noctula	0.039	0.094	-1	Echolocation	192000	/home/adkris/Documents/mila-human-wav-txt/20220826_070000.WAV	1342	Waveform 1	1
LF	1022.7700666666668	21750.0	22080.0	10.000469932340303	1022.7655	1022.7766	22031	27416	Nyctalus leisleri	0.012	0.025	-1	Echolocation	192000	/home/adkris/Documents/mila-human-wav-txt/20220826_070000.WAV	1343	Waveform 1	1
LF	1023.3295	19500.0	20160.0	13.23705083367539	1023.3265	1023.3345	17734	25137	Plecotus austriacus	0.054	0.091	-1	Echolocation	192000	/home/adkris/Documents/mila-human-wav-txt/20220826_070000.WAV	1344	Waveform 1	1
LF	1025.633733333333	20250.0	20160.0	6.214633105925974	1025.6315	1025.6391	17734	26419	Plecotus austriacus	0.061	0.102	-1	Echolocation	192000	/home/adkris/Documents/mila-human-wav-txt/20220826_070000.WAV	1345	Waveform 1	1
LF	1027.126166666667	17250.0	17280.0	6.722065742117009	1027.1245	1027.1315	14296	29871	Plecotus auritus	0.02	0.033	-1	Echolocation	192000	/home/adkris/Documents/mila-human-wav-txt/20220826_070000.WAV	1346	Waveform 1	1
LF	1028.1766666666667	21750.0	22080.0	5.595816203167042	1028.1635	1028.1835	20312	23172	Nyctalus leisleri	0.017	0.034	-1	Echolocation	192000	/home/adkris/Documents/mila-human-wav-txt/20220826_070000.WAV	1347	Waveform 1	1
LF	1028.1758666666667	21000.0	22080.0	7.031627619462619	1028.1725	1028.1813	19453	26286	Plecotus austriacus	0.032	0.075	-1	Echolocation	192000	/home/adkris/Documents/mila-human-wav-txt/20220826_070000.WAV	1348	Waveform 1	1
LF	1028.8465666666666	21750.0	22080.0	8.86968772073714	1028.8405	1028.8501	19453	25612	Plecotus austriacus	0.018	0.044	-1	Echolocation	192000	/home/adkris/Documents/mila-human-wav-txt/20220826_070000.WAV	1349	Waveform 1	1
LF	1029.2291333333333	17250.0	17280.0	6.284322532210145	1029.2255	1029.2422	17734	22976	Nyctalus noctula	0.024	0.034	-1	Echolocation	192000	/home/adkris/Documents/mila-human-wav-txt/20220826_070000.WAV	1350	Waveform 1	1
LF	1032.4943	21750.0	22080.0	7.120262694131933	1032.4895	1032.4992	19453	25389	Plecotus austriacus	0.034	0.095	-1	Echolocation	192000	/home/adkris/Documents/mila-human-wav-txt/20220826_070000.WAV	1351	Waveform 1	1
LF	1032.8319333333334	20250.0	20160.0	6.515289465751182	1032.8315	1032.8409	17734	23924	Plecotus austriacus	0.014	0.026	-1	Echolocation	192000	/home/adkris/Documents/mila-human-wav-txt/20220826_070000.WAV	1352	Waveform 1	1
LF	1032.9535666666666	20250.0	22080.0	17.391048420421914	1032.9515	1032.9581	17734	28127	Plecotus austriacus	0.081	0.114	-1	Echolocation	192000	/home/adkris/Documents/mila-human-wav-txt/20220826_070000.WAV	1353	Waveform 1	1
LF	1035.4417	19500.0	20160.0	16.924241125935907	1035.4395	1035.4483	16875	24486	Plecotus austriacus	0.033	0.055	-1	Echolocation	192000	/home/adkris/Documents/mila-human-wav-txt/20220826_070000.WAV	1354	Waveform 1	1
LF	1037.9391	21750.0	22080.0	6.3022637429689565	1037.9385	1037.9454	17734	29339	Plecotus austriacus	0.03	0.044	-1	Echolocation	192000	/home/adkris/Documents/mila-human-wav-txt/20220826_070000.WAV	1355	Waveform 1	1
LF	1038.5046333333332	21750.0	22080.0	8.887262432077662	1038.5035	1038.5192	22031	25124	Nyctalus leisleri	0.029	0.059	-1	Echolocation	192000	/home/adkris/Documents/mila-human-wav-txt/20220826_070000.WAV	1356	Waveform 1	1
HF	1038.6447666666668	53250.0	52800.00000000001	5.927000996373796	1038.6415	1038.6469	48671	60926	Pipistrellus pipistrellus	0.058	0.089	-1	Echolocation	192000	/home/adkris/Documents/mila-human-wav-txt/20220826_070000.WAV	1357	Waveform 1	1
LF	1038.6475	21000.0	21120.0	12.594396474670802	1038.6455	1038.651	15156	30790	Plecotus austriacus	0.037	0.075	-1	Echolocation	192000	/home/adkris/Documents/mila-human-wav-txt/20220826_070000.WAV	1358	Waveform 1	1
HF	1039.0608333333334	50250.0	53760.00000000001	7.383185005608458	1039.0595	1039.0645	34062	68055	Myotis mystacinus	0.012	0.03	-1	Echolocation	192000	/home/adkris/Documents/mila-human-wav-txt/20220826_070000.WAV	1359	Waveform 1	1
HF	1039.1863	49500.0	48960.0	8.485245676226624	1039.1845	1039.1902	34062	63896	Myotis mystacinus	0.011	0.031	-1	Echolocation	192000	/home/adkris/Documents/mila-human-wav-txt/20220826_070000.WAV	1360	Waveform 1	1
HF	1039.2431	48750.0	48000.0	5.953900345720666	1039.2405	1039.2454	46953	59868	Pipistrellus pipistrellus	0.143	0.161	-1	Echolocation	192000	/home/adkris/Documents/mila-human-wav-txt/20220826_070000.WAV	1361	Waveform 1	1
HF	1039.7886	51750.0	52800.00000000001	6.142133345925433	1039.7865	1039.7919	34921	67003	Myotis mystacinus	0.012	0.03	-1	Echolocation	192000	/home/adkris/Documents/mila-human-wav-txt/20220826_070000.WAV	1362	Waveform 1	1
LF	1040.0029333333334	21000.0	21120.0	8.473726267384016	1040.0015	1040.0099	21171	28476	Plecotus austriacus	0.008	0.029	-1	Echolocation	192000	/home/adkris/Documents/mila-human-wav-txt/20220826_070000.WAV	1363	Waveform 1	1
LF	1040.6965	21750.0	22080.0	15.8941247698852	1040.6955	1040.702	17734	29435	Plecotus austriacus	0.102	0.126	-1	Echolocation	192000	/home/adkris/Documents/mila-human-wav-txt/20220826_070000.WAV	1364	Waveform 1	1
LF	1043.2707	21750.0	22080.0	10.651021562944772	1043.2665	1043.2768	19453	24874	Plecotus austriacus	0.026	0.083	-1	Echolocation	192000	/home/adkris/Documents/mila-human-wav-txt/20220826_070000.WAV	1365	Waveform 1	1
LF	1044.6047666666666	19500.0	20160.0	5.399666343535169	1044.6005	1044.6154	19453	23830	Nyctalus noctula	0.012	0.025	-1	Echolocation	192000	/home/adkris/Documents/mila-human-wav-txt/20220826_070000.WAV	1366	Waveform 1	1
LF	1045.9399	20250.0	20160.0	7.287458909759911	1045.9365	1045.9476	19453	23717	Nyctalus leisleri	0.02	0.061	-1	Echolocation	192000	/home/adkris/Documents/mila-human-wav-txt/20220826_070000.WAV	1367	Waveform 1	1
LF	1047.5226	24000.0	22080.0	7.592391798122778	1047.5205	1047.5259	16875	33027	Plecotus austriacus	0.028	0.047	-1	Echolocation	192000	/home/adkris/Documents/mila-human-wav-txt/20220826_070000.WAV	1368	Waveform 1	1
HF	1047.6124666666667	49500.0	49920.0	6.534018063619578	1047.6095	1047.6152	34921	59912	Myotis brandtii	0.007	0.023	-1	Echolocation	192000	/home/adkris/Documents/mila-human-wav-txt/20220826_070000.WAV	1369	Waveform 1	1
LF	1047.7944666666667	17250.0	17280.0	9.712817899437065	1047.7925	1047.7992	14296	30595	Plecotus auritus	0.014	0.021	-1	Echolocation	192000	/home/adkris/Documents/mila-human-wav-txt/20220826_070000.WAV	1370	Waveform 1	1
LF	1047.9494666666667	13500.0	13440.000000000002	5.275913128699322	1047.9475	1047.9577	12578	17875	Nyctalus leisleri	0.013	0.023	-1	Echolocation	192000	/home/adkris/Documents/mila-human-wav-txt/20220826_070000.WAV	1371	Waveform 1	1
HF	1048.501533333333	54000.0	54719.99999999999	9.67874336046167	1048.5005	1048.5058	53828	60492	Pipistrellus pygmaeus	0.048	0.052	-1	Echolocation	192000	/home/adkris/Documents/mila-human-wav-txt/20220826_070000.WAV	1372	Waveform 1	1
LF	1048.7319333333332	21000.0	22080.0	5.016399666221093	1048.7295	1048.7404	20312	25282	Plecotus austriacus	0.017	0.048	-1	Echolocation	192000	/home/adkris/Documents/mila-human-wav-txt/20220826_070000.WAV	1373	Waveform 1	1
LF	1049.2832	19500.0	19200.0	10.243929050083407	1049.2825	1049.2893	15156	26268	Plecotus austriacus	0.021	0.044	-1	Echolocation	192000	/home/adkris/Documents/mila-human-wav-txt/20220826_070000.WAV	1374	Waveform 1	1
HF	1050.1689666666666	52500.0	52800.00000000001	10.777176946859836	1050.1675	1050.1712	48671	56728	Pipistrellus pipistrellus	0.133	0.141	-1	Echolocation	192000	/home/adkris/Documents/mila-human-wav-txt/20220826_070000.WAV	1375	Waveform 1	1
HF	1050.1692333333333	52500.0	52800.00000000001	6.82480868700857	1050.1675	1050.1721	37500	61387	Myotis mystacinus	0.02	0.07	-1	Echolocation	192000	/home/adkris/Documents/mila-human-wav-txt/20220826_070000.WAV	1376	Waveform 1	1
LF	1050.6571	21000.0	20160.0	5.837128988567181	1050.6525	1050.6624	19453	25027	Plecotus austriacus	0.036	0.086	-1	Echolocation	192000	/home/adkris/Documents/mila-human-wav-txt/20220826_070000.WAV	1377	Waveform 1	1
LF	1052.3674666666666	20250.0	20160.0	6.175522133803031	1052.3665	1052.3777	19453	23369	Nyctalus leisleri	0.017	0.044	-1	Echolocation	192000	/home/adkris/Documents/mila-human-wav-txt/20220826_070000.WAV	1378	Waveform 1	1
LF	1052.5259333333331	19500.0	19200.0	6.920402387045135	1052.5215	1052.5339	18593	24288	Nyctalus noctula	0.016	0.041	-1	Echolocation	192000	/home/adkris/Documents/mila-human-wav-txt/20220826_070000.WAV	1379	Waveform 1	1
LF	1053.1588333333334	20250.0	20160.0	5.355860144288861	1053.1505	1053.166	18593	23427	Nyctalus noctula	0.02	0.037	-1	Echolocation	192000	/home/adkris/Documents/mila-human-wav-txt/20220826_070000.WAV	1380	Waveform 1	1
LF	1053.4243	19500.0	21120.0	6.008839484411372	1053.4175	1053.4287	18593	24209	Nyctalus noctula	0.025	0.075	-1	Echolocation	192000	/home/adkris/Documents/mila-human-wav-txt/20220826_070000.WAV	1381	Waveform 1	1
LF	1054.9688666666666	14250.0	16320.000000000002	5.818757011949499	1054.9665	1054.9728	13437	26152	Plecotus auritus	0.098	0.117	-1	Echolocation	192000	/home/adkris/Documents/mila-human-wav-txt/20220826_070000.WAV	1382	Waveform 1	1
LF	1055.2621333333334	21750.0	21120.0	10.2604265426854	1055.2565	1055.2677	18593	24039	Nyctalus noctula	0.025	0.073	-1	Echolocation	192000	/home/adkris/Documents/mila-human-wav-txt/20220826_070000.WAV	1383	Waveform 1	1
LF	1058.472	21750.0	21120.0	16.91641275691486	1058.4695	1058.478	19453	25085	Plecotus austriacus	0.048	0.089	-1	Echolocation	192000	/home/adkris/Documents/mila-human-wav-txt/20220826_070000.WAV	1384	Waveform 1	1
LF	1058.4872333333333	21750.0	22080.0	12.747785758173633	1058.4825	1058.4981	18593	21880	Nyctalus leisleri	0.017	0.027	-1	Echolocation	192000	/home/adkris/Documents/mila-human-wav-txt/20220826_070000.WAV	1385	Waveform 1	1
LF	1059.8578666666667	15750.0	16320.000000000002	6.6204472926190565	1059.8555	1059.8618	13437	30433	Plecotus auritus	0.024	0.029	-1	Echolocation	192000	/home/adkris/Documents/mila-human-wav-txt/20220826_070000.WAV	1386	Waveform 1	1
LF	1060.7944333333332	20250.0	20160.0	7.329901097378276	1060.7895	1060.8014	18593	23933	Nyctalus noctula	0.017	0.044	-1	Echolocation	192000	/home/adkris/Documents/mila-human-wav-txt/20220826_070000.WAV	1387	Waveform 1	1
LF	1063.0747666666666	20250.0	20160.0	18.20587265568074	1063.0735	1063.0809	17734	26732	Plecotus austriacus	0.096	0.121	-1	Echolocation	192000	/home/adkris/Documents/mila-human-wav-txt/20220826_070000.WAV	1388	Waveform 1	1
LF	1063.093033333333	21000.0	21120.0	15.861873310416442	1063.0885	1063.1008	20312	24478	Nyctalus leisleri	0.015	0.025	-1	Echolocation	192000	/home/adkris/Documents/mila-human-wav-txt/20220826_070000.WAV	1389	Waveform 1	1
HF	1063.2196666666666	47250.0	49920.0	7.126622442196796	1063.2165	1063.222	32343	70773	Myotis mystacinus	0.017	0.041	-1	Echolocation	192000	/home/adkris/Documents/mila-human-wav-txt/20220826_070000.WAV	1390	Waveform 1	1
HF	1063.301333333333	52500.0	54719.99999999999	6.820019732524055	1063.3005	1063.306	34062	65725	Myotis mystacinus	0.013	0.033	-1	Echolocation	192000	/home/adkris/Documents/mila-human-wav-txt/20220826_070000.WAV	1391	Waveform 1	1
LF	1064.1528666666666	21000.0	21120.0	9.186355991879848	1064.1515	1064.1658	20312	22794	Nyctalus leisleri	0.031	0.044	-1	Echolocation	192000	/home/adkris/Documents/mila-human-wav-txt/20220826_070000.WAV	1392	Waveform 1	1
HF	1064.1701333333333	52500.0	51840.0	9.32350726807888	1064.1685	1064.1732	32343	80763	Myotis mystacinus	0.041	0.093	-1	Echolocation	192000	/home/adkris/Documents/mila-human-wav-txt/20220826_070000.WAV	1393	Waveform 1	1
HF	1064.2543333333333	56250.0	56640.0	10.325356353779432	1064.2515	1064.2585	55546	61937	Pipistrellus pygmaeus	0.134	0.139	-1	Echolocation	192000	/home/adkris/Documents/mila-human-wav-txt/20220826_070000.WAV	1394	Waveform 1	1
HF	1064.2548333333334	52500.0	49920.0	9.600473745831486	1064.2535	1064.2585	32343	73814	Myotis mystacinus	0.023	0.055	-1	Echolocation	192000	/home/adkris/Documents/mila-human-wav-txt/20220826_070000.WAV	1395	Waveform 1	1
HF	1064.3485	49500.0	49920.0	8.698597876532705	1064.3465	1064.352	34062	65538	Myotis mystacinus	0.009	0.026	-1	Echolocation	192000	/home/adkris/Documents/mila-human-wav-txt/20220826_070000.WAV	1396	Waveform 1	1
LF	1066.702633333333	19500.0	19200.0	10.768599142704383	1066.7015	1066.7172	17734	23257	Nyctalus noctula	0.014	0.022	-1	Echolocation	192000	/home/adkris/Documents/mila-human-wav-txt/20220826_070000.WAV	1397	Waveform 1	1
LF	1067.072233333333	20250.0	15360.0	8.814823288071272	1067.0705	1067.0786	13437	28312	Plecotus auritus	0.035	0.062	-1	Echolocation	192000	/home/adkris/Documents/mila-human-wav-txt/20220826_070000.WAV	1398	Waveform 1	1
LF	1067.9201666666668	19500.0	20160.0	10.690345323372233	1067.9185	1067.9255	14296	31378	Plecotus auritus	0.016	0.026	-1	Echolocation	192000	/home/adkris/Documents/mila-human-wav-txt/20220826_070000.WAV	1399	Waveform 1	1
LF	1068.1229	21750.0	22080.0	5.295936506873473	1068.1215	1068.1276	17734	32341	Plecotus austriacus	0.036	0.051	-1	Echolocation	192000	/home/adkris/Documents/mila-human-wav-txt/20220826_070000.WAV	1400	Waveform 1	1
LF	1068.6345333333334	21750.0	22080.0	6.19154208226238	1068.6335	1068.6423	21171	25843	Plecotus austriacus	0.017	0.039	-1	Echolocation	192000	/home/adkris/Documents/mila-human-wav-txt/20220826_070000.WAV	1401	Waveform 1	1
LF	1069.2887666666666	21750.0	22080.0	7.122609327367325	1069.2835	1069.2939	22890	27358	Nyctalus leisleri	0.009	0.022	-1	Echolocation	192000	/home/adkris/Documents/mila-human-wav-txt/20220826_070000.WAV	1402	Waveform 1	1
LF	1069.2890333333332	17250.0	20160.0	10.56001215216448	1069.2865	1069.2938	14296	31660	Plecotus auritus	0.028	0.046	-1	Echolocation	192000	/home/adkris/Documents/mila-human-wav-txt/20220826_070000.WAV	1403	Waveform 1	1
LF	1073.6234333333334	19500.0	20160.0	7.541396089023301	1073.6155	1073.6314	18593	23262	Nyctalus noctula	0.034	0.052	-1	Echolocation	192000	/home/adkris/Documents/mila-human-wav-txt/20220826_070000.WAV	1404	Waveform 1	1
LF	1074.602933333333	15000.0	15360.0	11.174604987128491	1074.6015	1074.6099	12578	23713	Nyctalus leisleri	0.025	0.033	-1	Echolocation	192000	/home/adkris/Documents/mila-human-wav-txt/20220826_070000.WAV	1405	Waveform 1	1
LF	1075.831233333333	21000.0	21120.0	9.030010241590787	1075.8305	1075.8396	19453	25676	Plecotus austriacus	0.025	0.055	-1	Echolocation	192000	/home/adkris/Documents/mila-human-wav-txt/20220826_070000.WAV	1406	Waveform 1	1
LF	1076.3764333333334	20250.0	20160.0	6.505094958199615	1076.3755	1076.3844	16875	23406	Plecotus austriacus	0.015	0.028	-1	Echolocation	192000	/home/adkris/Documents/mila-human-wav-txt/20220826_070000.WAV	1407	Waveform 1	1
LF	1080.067633333333	22500.0	23040.0	5.154726205054175	1080.0615	1080.0722	21171	25419	Nyctalus leisleri	0.013	0.023	-1	Echolocation	192000	/home/adkris/Documents/mila-human-wav-txt/20220826_070000.WAV	1408	Waveform 1	1
LF	1080.1175666666666	21000.0	21120.0	14.161609464267467	1080.1135	1080.1216	17734	29863	Plecotus austriacus	0.055	0.082	-1	Echolocation	192000	/home/adkris/Documents/mila-human-wav-txt/20220826_070000.WAV	1409	Waveform 1	1
LF	1080.1311333333333	21750.0	22080.0	10.541669228095929	1080.1255	1080.1367	21171	26906	Nyctalus leisleri	0.008	0.022	-1	Echolocation	192000	/home/adkris/Documents/mila-human-wav-txt/20220826_070000.WAV	1410	Waveform 1	1
LF	1080.1315333333334	22500.0	22080.0	11.320006071511852	1080.1305	1080.1393	22031	30138	Plecotus austriacus	0.008	0.022	-1	Echolocation	192000	/home/adkris/Documents/mila-human-wav-txt/20220826_070000.WAV	1411	Waveform 1	1
LF	1081.0886	14250.0	14400.0	6.317211365332426	1081.0855	1081.0934	12578	20927	Plecotus auritus	0.007	0.021	-1	Echolocation	192000	/home/adkris/Documents/mila-human-wav-txt/20220826_070000.WAV	1412	Waveform 1	1
HF	1081.320066666667	52500.0	54719.99999999999	6.276445347465845	1081.3165	1081.3216	49531	59048	Pipistrellus pipistrellus	0.07	0.099	-1	Echolocation	192000	/home/adkris/Documents/mila-human-wav-txt/20220826_070000.WAV	1413	Waveform 1	1
HF	1081.6538	54750.0	53760.00000000001	8.80619293708615	1081.6515	1081.6567	49531	59602	Pipistrellus pipistrellus	0.056	0.095	-1	Echolocation	192000	/home/adkris/Documents/mila-human-wav-txt/20220826_070000.WAV	1414	Waveform 1	1
HF	1081.6540333333332	54000.0	52800.00000000001	6.163775321444847	1081.6525	1081.6573	43515	62821	Myotis bechsteinii	0.018	0.082	-1	Echolocation	192000	/home/adkris/Documents/mila-human-wav-txt/20220826_070000.WAV	1415	Waveform 1	1
HF	1082.017466666667	47250.0	53760.00000000001	8.215954839151	1082.0145	1082.0202	33203	75757	Myotis mystacinus	0.012	0.035	-1	Echolocation	192000	/home/adkris/Documents/mila-human-wav-txt/20220826_070000.WAV	1416	Waveform 1	1
HF	1082.3867666666667	46500.0	51840.0	8.971041664417502	1082.3835	1082.3889	33203	74414	Myotis mystacinus	0.016	0.034	-1	Echolocation	192000	/home/adkris/Documents/mila-human-wav-txt/20220826_070000.WAV	1417	Waveform 1	1
LF	1082.722166666667	20250.0	20160.0	7.161237757543889	1082.7205	1082.7275	17734	27834	Plecotus austriacus	0.068	0.087	-1	Echolocation	192000	/home/adkris/Documents/mila-human-wav-txt/20220826_070000.WAV	1418	Waveform 1	1
LF	1083.1266333333333	17250.0	17280.0	19.715330490024204	1083.1235	1083.1407	16875	20563	Nyctalus noctula	0.012	0.023	-1	Echolocation	192000	/home/adkris/Documents/mila-human-wav-txt/20220826_070000.WAV	1419	Waveform 1	1
LF	1083.2758	17250.0	17280.0	5.059324917841503	1083.2745	1083.2877	16015	20572	Nyctalus noctula	0.032	0.049	-1	Echolocation	192000	/home/adkris/Documents/mila-human-wav-txt/20220826_070000.WAV	1420	Waveform 1	1
LF	1083.451733333333	18750.0	21120.0	6.077027297560886	1083.4465	1083.4546	16015	23392	Plecotus auritus	0.013	0.024	-1	Echolocation	192000	/home/adkris/Documents/mila-human-wav-txt/20220826_070000.WAV	1421	Waveform 1	1
LF	1084.1372666666666	21000.0	21120.0	7.981182569898398	1084.1355	1084.1494	21171	23965	Nyctalus leisleri	0.022	0.041	-1	Echolocation	192000	/home/adkris/Documents/mila-human-wav-txt/20220826_070000.WAV	1422	Waveform 1	1
LF	1084.9040666666667	21750.0	22080.0	14.670917735361598	1084.9025	1084.9096	18593	27597	Plecotus austriacus	0.08	0.12	-1	Echolocation	192000	/home/adkris/Documents/mila-human-wav-txt/20220826_070000.WAV	1423	Waveform 1	1
LF	1085.8832	21000.0	21120.0	5.58377811055775	1085.8805	1085.8888	16015	24382	Plecotus auritus	0.021	0.04	-1	Echolocation	192000	/home/adkris/Documents/mila-human-wav-txt/20220826_070000.WAV	1424	Waveform 1	1
LF	1087.1756	20250.0	21120.0	13.789009116523893	1087.1745	1087.1809	17734	28964	Plecotus austriacus	0.061	0.081	-1	Echolocation	192000	/home/adkris/Documents/mila-human-wav-txt/20220826_070000.WAV	1425	Waveform 1	1
LF	1087.8985	20250.0	20160.0	13.0376098112236	1087.8935	1087.903	19453	24803	Plecotus austriacus	0.026	0.081	-1	Echolocation	192000	/home/adkris/Documents/mila-human-wav-txt/20220826_070000.WAV	1426	Waveform 1	1
LF	1088.1384	19500.0	22080.0	6.384669313904709	1088.1355	1088.1436	18593	27722	Plecotus austriacus	0.032	0.055	-1	Echolocation	192000	/home/adkris/Documents/mila-human-wav-txt/20220826_070000.WAV	1427	Waveform 1	1
LF	1090.7278666666666	21000.0	21120.0	5.063699208832853	1090.7265	1090.7338	16875	29483	Plecotus austriacus	0.026	0.036	-1	Echolocation	192000	/home/adkris/Documents/mila-human-wav-txt/20220826_070000.WAV	1428	Waveform 1	1
LF	1092.0833	22500.0	22080.0	14.525872957509607	1092.0815	1092.0872	16875	33388	Plecotus austriacus	0.055	0.078	-1	Echolocation	192000	/home/adkris/Documents/mila-human-wav-txt/20220826_070000.WAV	1429	Waveform 1	1
HF	1092.6335	52500.0	53760.00000000001	8.00775548052736	1092.6315	1092.637	34062	65102	Myotis mystacinus	0.006	0.02	-1	Echolocation	192000	/home/adkris/Documents/mila-human-wav-txt/20220826_070000.WAV	1430	Waveform 1	1
HF	1093.1364	50250.0	49920.0	12.28370238601035	1093.1345	1093.1401	33203	74647	Myotis mystacinus	0.017	0.039	-1	Echolocation	192000	/home/adkris/Documents/mila-human-wav-txt/20220826_070000.WAV	1431	Waveform 1	1
HF	1093.2393333333334	57750.0	55679.99999999999	8.953495443673258	1093.2355	1093.2415	55546	67735	Pipistrellus pygmaeus	0.029	0.031	-1	Echolocation	192000	/home/adkris/Documents/mila-human-wav-txt/20220826_070000.WAV	1432	Waveform 1	1
HF	1093.2417666666668	52500.0	51840.0	9.623066531158075	1093.2385	1093.2439	33203	80040	Myotis mystacinus	0.013	0.032	-1	Echolocation	192000	/home/adkris/Documents/mila-human-wav-txt/20220826_070000.WAV	1433	Waveform 1	1
HF	1093.4377	49500.0	52800.00000000001	11.832956338659711	1093.4355	1093.4408	33203	71930	Myotis mystacinus	0.011	0.026	-1	Echolocation	192000	/home/adkris/Documents/mila-human-wav-txt/20220826_070000.WAV	1434	Waveform 1	1
HF	1093.5256	54000.0	53760.00000000001	10.166827027894204	1093.5235	1093.5289	34062	66346	Myotis mystacinus	0.008	0.02	-1	Echolocation	192000	/home/adkris/Documents/mila-human-wav-txt/20220826_070000.WAV	1435	Waveform 1	1
LF	1094.5451	19500.0	20160.0	6.149459073211695	1094.5435	1094.5529	18593	24385	Plecotus austriacus	0.016	0.033	-1	Echolocation	192000	/home/adkris/Documents/mila-human-wav-txt/20220826_070000.WAV	1436	Waveform 1	1
LF	1098.1622333333332	21750.0	22080.0	10.956526261379429	1098.1575	1098.1661	17734	25053	Plecotus austriacus	0.024	0.061	-1	Echolocation	192000	/home/adkris/Documents/mila-human-wav-txt/20220826_070000.WAV	1437	Waveform 1	1
LF	1099.2457333333334	20250.0	21120.0	6.559077184884956	1099.2415	1099.2506	21171	26384	Plecotus austriacus	0.008	0.022	-1	Echolocation	192000	/home/adkris/Documents/mila-human-wav-txt/20220826_070000.WAV	1438	Waveform 1	1
LF	1099.2457333333334	20250.0	21120.0	6.861174711353129	1099.2445	1099.2496	14296	32252	Plecotus auritus	0.042	0.051	-1	Echolocation	192000	/home/adkris/Documents/mila-human-wav-txt/20220826_070000.WAV	1439	Waveform 1	1
LF	1101.5695	21750.0	22080.0	18.05219365476769	1101.5675	1101.5765	19453	25667	Plecotus austriacus	0.045	0.094	-1	Echolocation	192000	/home/adkris/Documents/mila-human-wav-txt/20220826_070000.WAV	1440	Waveform 1	1
LF	1102.5144	20250.0	20160.0	11.298993188846405	1102.5095	1102.5191	18593	24424	Plecotus austriacus	0.033	0.087	-1	Echolocation	192000	/home/adkris/Documents/mila-human-wav-txt/20220826_070000.WAV	1441	Waveform 1	1
LF	1106.3491666666666	17250.0	17280.0	7.826371109751521	1106.3465	1106.37	16875	20509	Nyctalus noctula	0.064	0.081	-1	Echolocation	192000	/home/adkris/Documents/mila-human-wav-txt/20220826_070000.WAV	1442	Waveform 1	1
LF	1106.8088333333333	20250.0	20160.0	13.697973399115607	1106.8075	1106.816	17734	25104	Plecotus austriacus	0.04	0.061	-1	Echolocation	192000	/home/adkris/Documents/mila-human-wav-txt/20220826_070000.WAV	1443	Waveform 1	1
LF	1107.3384666666666	21000.0	22080.0	8.87161329467585	1107.3375	1107.3452	14296	25193	Plecotus auritus	0.009	0.024	-1	Echolocation	192000	/home/adkris/Documents/mila-human-wav-txt/20220826_070000.WAV	1444	Waveform 1	1
LF	1108.3671	20250.0	20160.0	8.772534530614678	1108.3625	1108.3724	19453	24524	Plecotus austriacus	0.019	0.055	-1	Echolocation	192000	/home/adkris/Documents/mila-human-wav-txt/20220826_070000.WAV	1445	Waveform 1	1
LF	1108.3772	24750.0	21120.0	6.491513656235977	1108.3755	1108.3848	22031	29444	Plecotus austriacus	0.011	0.026	-1	Echolocation	192000	/home/adkris/Documents/mila-human-wav-txt/20220826_070000.WAV	1446	Waveform 1	1
LF	1109.4066666666668	16500.0	17280.0	5.846750356800783	1109.4035	1109.423	16015	19117	Nyctalus noctula	0.02	0.031	-1	Echolocation	192000	/home/adkris/Documents/mila-human-wav-txt/20220826_070000.WAV	1447	Waveform 1	1
LF	1110.8924	20250.0	21120.0	5.976652066048564	1110.8875	1110.8971	19453	25943	Plecotus austriacus	0.032	0.073	-1	Echolocation	192000	/home/adkris/Documents/mila-human-wav-txt/20220826_070000.WAV	1448	Waveform 1	1
LF	1111.5411333333334	21000.0	21120.0	5.880845006389516	1111.5345	1111.5447	20312	25194	Plecotus austriacus	0.009	0.027	-1	Echolocation	192000	/home/adkris/Documents/mila-human-wav-txt/20220826_070000.WAV	1449	Waveform 1	1
LF	1113.6236666666666	21750.0	22080.0	6.414052917697328	1113.6215	1113.628	17734	28732	Plecotus austriacus	0.081	0.106	-1	Echolocation	192000	/home/adkris/Documents/mila-human-wav-txt/20220826_070000.WAV	1450	Waveform 1	1
LF	1114.8781333333334	21000.0	22080.0	5.946138880089023	1114.8725	1114.8837	21171	26495	Nyctalus leisleri	0.008	0.024	-1	Echolocation	192000	/home/adkris/Documents/mila-human-wav-txt/20220826_070000.WAV	1451	Waveform 1	1
LF	1115.9306666666666	21000.0	22080.0	7.187551899111818	1115.9295	1115.937	19453	26837	Plecotus austriacus	0.042	0.079	-1	Echolocation	192000	/home/adkris/Documents/mila-human-wav-txt/20220826_070000.WAV	1452	Waveform 1	1
LF	1115.9439333333332	25500.0	23040.0	5.349807007442536	1115.9405	1115.9504	23750	29386	Nyctalus leisleri	0.011	0.027	-1	Echolocation	192000	/home/adkris/Documents/mila-human-wav-txt/20220826_070000.WAV	1453	Waveform 1	1
LF	1116.6966666666667	21750.0	22080.0	6.941485782917304	1116.6945	1116.701	18593	28956	Plecotus austriacus	0.07	0.098	-1	Echolocation	192000	/home/adkris/Documents/mila-human-wav-txt/20220826_070000.WAV	1454	Waveform 1	1
LF	1116.7204666666669	22500.0	23040.0	5.6158831291815225	1116.7095	1116.7212	22890	27778	Nyctalus leisleri	0.011	0.022	-1	Echolocation	192000	/home/adkris/Documents/mila-human-wav-txt/20220826_070000.WAV	1455	Waveform 1	1
HF	1119.031966666667	49500.0	54719.99999999999	5.893723535142426	1119.0285	1119.0337	34062	68480	Myotis mystacinus	0.009	0.028	-1	Echolocation	192000	/home/adkris/Documents/mila-human-wav-txt/20220826_070000.WAV	1456	Waveform 1	1
HF	1119.3618333333334	53250.0	52800.00000000001	6.039034939835393	1119.3605	1119.3655	34062	72333	Myotis mystacinus	0.017	0.043	-1	Echolocation	192000	/home/adkris/Documents/mila-human-wav-txt/20220826_070000.WAV	1457	Waveform 1	1
HF	1120.4130333333333	48750.0	48960.0	5.445832337943116	1120.4085	1120.4138	34062	66073	Myotis bechsteinii	0.008	0.028	-1	Echolocation	192000	/home/adkris/Documents/mila-human-wav-txt/20220826_070000.WAV	1458	Waveform 1	1
LF	1121.5359	19500.0	20160.0	6.580819127724659	1121.5345	1121.5441	18593	24422	Plecotus austriacus	0.016	0.03	-1	Echolocation	192000	/home/adkris/Documents/mila-human-wav-txt/20220826_070000.WAV	1459	Waveform 1	1
LF	1121.6661	19500.0	20160.0	5.505594838478025	1121.6645	1121.6739	16875	23675	Plecotus austriacus	0.023	0.05	-1	Echolocation	192000	/home/adkris/Documents/mila-human-wav-txt/20220826_070000.WAV	1460	Waveform 1	1
HF	1122.5312666666666	56250.0	54719.99999999999	6.246147887788168	1122.5285	1122.5344	51250	58292	Pipistrellus pipistrellus	0.07	0.114	-1	Echolocation	192000	/home/adkris/Documents/mila-human-wav-txt/20220826_070000.WAV	1461	Waveform 1	1
HF	1122.8491333333334	51750.0	49920.0	6.566532394136553	1122.8475	1122.8522	46093	56122	Pipistrellus pipistrellus	0.152	0.191	-1	Echolocation	192000	/home/adkris/Documents/mila-human-wav-txt/20220826_070000.WAV	1462	Waveform 1	1
LF	1123.1217666666666	20250.0	20160.0	6.595480307057758	1123.1205	1123.1279	16875	29199	Plecotus austriacus	0.032	0.044	-1	Echolocation	192000	/home/adkris/Documents/mila-human-wav-txt/20220826_070000.WAV	1463	Waveform 1	1
LF	1124.5082666666667	14250.0	14400.0	6.111774220228535	1124.5065	1124.5134	13437	23613	Plecotus auritus	0.032	0.063	-1	Echolocation	192000	/home/adkris/Documents/mila-human-wav-txt/20220826_070000.WAV	1464	Waveform 1	1
LF	1126.509366666667	24000.0	23040.0	5.110702795778096	1126.5045	1126.5153	22031	27070	Nyctalus leisleri	0.026	0.085	-1	Echolocation	192000	/home/adkris/Documents/mila-human-wav-txt/20220826_070000.WAV	1465	Waveform 1	1
LF	1127.595	27000.0	24000.0	5.306827810411393	1127.5935	1127.603	22890	30210	Plecotus austriacus	0.008	0.024	-1	Echolocation	192000	/home/adkris/Documents/mila-human-wav-txt/20220826_070000.WAV	1466	Waveform 1	1
LF	1128.2664333333332	24000.0	23040.0	5.424237375581179	1128.2645	1128.2759	23750	28686	Nyctalus leisleri	0.012	0.023	-1	Echolocation	192000	/home/adkris/Documents/mila-human-wav-txt/20220826_070000.WAV	1467	Waveform 1	1
LF	1128.2765333333334	21750.0	22080.0	6.433590228901263	1128.2745	1128.2858	22890	26444	Nyctalus leisleri	0.013	0.024	-1	Echolocation	192000	/home/adkris/Documents/mila-human-wav-txt/20220826_070000.WAV	1468	Waveform 1	1
LF	1129.1449	20250.0	20160.0	19.59661630134956	1129.1445	1129.1551	16875	23891	Nyctalus noctula	0.015	0.031	-1	Echolocation	192000	/home/adkris/Documents/mila-human-wav-txt/20220826_070000.WAV	1469	Waveform 1	1
LF	1129.146966666667	21750.0	21120.0	17.245311410891915	1129.1455	1129.1562	22031	25022	Nyctalus leisleri	0.015	0.026	-1	Echolocation	192000	/home/adkris/Documents/mila-human-wav-txt/20220826_070000.WAV	1470	Waveform 1	1
LF	1129.1606666666669	21000.0	21120.0	15.563615111792233	1129.1575	1129.17	21171	25150	Nyctalus leisleri	0.021	0.032	-1	Echolocation	192000	/home/adkris/Documents/mila-human-wav-txt/20220826_070000.WAV	1471	Waveform 1	1
HF	1129.3455	54750.0	54719.99999999999	6.9706472776713415	1129.3405	1129.35	52968	58900	Pipistrellus pygmaeus	0.045	0.051	-1	Echolocation	192000	/home/adkris/Documents/mila-human-wav-txt/20220826_070000.WAV	1472	Waveform 1	1
HF	1129.727	52500.0	51840.0	9.212365692664	1129.7175	1129.7295	52109	58758	Pipistrellus pygmaeus	0.049	0.064	-1	Echolocation	192000	/home/adkris/Documents/mila-human-wav-txt/20220826_070000.WAV	1473	Waveform 1	1
LF	1129.7434	26250.0	26880.000000000004	16.17434866388417	1129.7425	1129.7526	22031	27707	Nyctalus leisleri	0.01	0.025	-1	Echolocation	192000	/home/adkris/Documents/mila-human-wav-txt/20220826_070000.WAV	1474	Waveform 1	1
LF	1129.936333333333	20250.0	22080.0	6.055705502557032	1129.9355	1129.9445	19453	26582	Plecotus austriacus	0.011	0.023	-1	Echolocation	192000	/home/adkris/Documents/mila-human-wav-txt/20220826_070000.WAV	1475	Waveform 1	1
HF	1129.9823666666666	53250.0	52800.00000000001	5.244347892618274	1129.9745	1129.9858	53828	58971	Pipistrellus pygmaeus	0.044	0.054	-1	Echolocation	192000	/home/adkris/Documents/mila-human-wav-txt/20220826_070000.WAV	1476	Waveform 1	1
LF	1130.0062333333333	27750.0	27840.0	10.824033610044271	1130.0015	1130.0136	26328	32564	Nyctalus leisleri	0.013	0.032	-1	Echolocation	192000	/home/adkris/Documents/mila-human-wav-txt/20220826_070000.WAV	1477	Waveform 1	1
HF	1130.26	55500.0	54719.99999999999	9.998029808555048	1130.2555	1130.2655	52968	60578	Pipistrellus pygmaeus	0.038	0.046	-1	Echolocation	192000	/home/adkris/Documents/mila-human-wav-txt/20220826_070000.WAV	1478	Waveform 1	1
HF	1130.5171666666668	56250.0	55679.99999999999	12.66761286185044	1130.5135	1130.522	54687	59755	Pipistrellus pygmaeus	0.106	0.114	-1	Echolocation	192000	/home/adkris/Documents/mila-human-wav-txt/20220826_070000.WAV	1479	Waveform 1	1
LF	1130.6475333333333	19500.0	17280.0	6.896564758602893	1130.6425	1130.6578	17734	22588	Nyctalus noctula	0.012	0.022	-1	Echolocation	192000	/home/adkris/Documents/mila-human-wav-txt/20220826_070000.WAV	1480	Waveform 1	1
LF	1130.8089333333332	26250.0	26880.000000000004	9.223725883849893	1130.8085	1130.8179	23750	30291	Nyctalus leisleri	0.008	0.022	-1	Echolocation	192000	/home/adkris/Documents/mila-human-wav-txt/20220826_070000.WAV	1481	Waveform 1	1
HF	1131.0284	83250.0	81600.0	5.905408201719068	1131.0205	1131.0586	68437	81870	Rhinolophus ferrumequinum	0.022	0.022	-1	Echolocation	192000	/home/adkris/Documents/mila-human-wav-txt/20220826_070000.WAV	1482	Waveform 1	1
HF	1131.0301	54750.0	54719.99999999999	9.074533443978057	1131.0235	1131.0349	54687	60687	Pipistrellus pygmaeus	0.045	0.051	-1	Echolocation	192000	/home/adkris/Documents/mila-human-wav-txt/20220826_070000.WAV	1483	Waveform 1	1
LF	1131.0518333333334	27750.0	26880.000000000004	8.631568608585486	1131.0505	1131.059	24609	32314	Plecotus austriacus	0.009	0.024	-1	Echolocation	192000	/home/adkris/Documents/mila-human-wav-txt/20220826_070000.WAV	1484	Waveform 1	1
LF	1131.1587	24000.0	22080.0	5.916330465302097	1131.1575	1131.1673	22890	29636	Plecotus austriacus	0.01	0.027	-1	Echolocation	192000	/home/adkris/Documents/mila-human-wav-txt/20220826_070000.WAV	1485	Waveform 1	1
LF	1131.1672	21000.0	21120.0	7.048991408054252	1131.1665	1131.1838	20312	23649	Nyctalus noctula	0.026	0.055	-1	Echolocation	192000	/home/adkris/Documents/mila-human-wav-txt/20220826_070000.WAV	1486	Waveform 1	1
HF	1131.2904	57750.0	57600.0	11.936811235482882	1131.2885	1131.2976	57265	65570	Pipistrellus pygmaeus	0.043	0.044	-1	Echolocation	192000	/home/adkris/Documents/mila-human-wav-txt/20220826_070000.WAV	1487	Waveform 1	1
LF	1131.2979	26250.0	26880.000000000004	6.68364345785886	1131.2975	1131.3046	25468	33541	Nyctalus leisleri	0.014	0.041	-1	Echolocation	192000	/home/adkris/Documents/mila-human-wav-txt/20220826_070000.WAV	1488	Waveform 1	1
LF	1131.3241	19500.0	19200.0	6.613253462941287	1131.3205	1131.3349	17734	22969	Nyctalus noctula	0.024	0.045	-1	Echolocation	192000	/home/adkris/Documents/mila-human-wav-txt/20220826_070000.WAV	1489	Waveform 1	1
LF	1131.3338333333334	27000.0	26880.000000000004	6.503008314662994	1131.3275	1131.338	22890	29922	Nyctalus leisleri	0.011	0.031	-1	Echolocation	192000	/home/adkris/Documents/mila-human-wav-txt/20220826_070000.WAV	1490	Waveform 1	1
HF	1131.3376	81750.0	74880.0	9.47878701991316	1131.3335	1131.3719	68437	82962	Rhinolophus ferrumequinum	0.024	0.024	-1	Echolocation	192000	/home/adkris/Documents/mila-human-wav-txt/20220826_070000.WAV	1491	Waveform 1	1
LF	1131.5150666666666	19500.0	20160.0	11.718809973607158	1131.5105	1131.5251	19453	24362	Nyctalus noctula	0.03	0.058	-1	Echolocation	192000	/home/adkris/Documents/mila-human-wav-txt/20220826_070000.WAV	1492	Waveform 1	1
HF	1131.5708333333334	51000.0	51840.0	8.442375333949562	1131.5625	1131.5745	51250	55705	Pipistrellus pipistrellus	0.067	0.11	-1	Echolocation	192000	/home/adkris/Documents/mila-human-wav-txt/20220826_070000.WAV	1493	Waveform 1	1
LF	1131.5910666666666	26250.0	25920.0	8.73994666656227	1131.5865	1131.5976	22031	26830	Nyctalus leisleri	0.012	0.024	-1	Echolocation	192000	/home/adkris/Documents/mila-human-wav-txt/20220826_070000.WAV	1494	Waveform 1	1
HF	1131.8825333333334	54750.0	54719.99999999999	6.524764087480781	1131.8775	1131.8858	55546	62351	Pipistrellus pygmaeus	0.022	0.023	-1	Echolocation	192000	/home/adkris/Documents/mila-human-wav-txt/20220826_070000.WAV	1495	Waveform 1	1
LF	1131.9038	27000.0	26880.000000000004	13.825640800956096	1131.9005	1131.9117	22890	29579	Nyctalus leisleri	0.012	0.027	-1	Echolocation	192000	/home/adkris/Documents/mila-human-wav-txt/20220826_070000.WAV	1496	Waveform 1	1
HF	1132.1435	57000.0	53760.00000000001	8.230088011965533	1132.1405	1132.152	52968	58535	Pipistrellus pygmaeus	0.067	0.08	-1	Echolocation	192000	/home/adkris/Documents/mila-human-wav-txt/20220826_070000.WAV	1497	Waveform 1	1
HF	1132.3996333333334	57750.0	55679.99999999999	11.282546945827212	1132.3975	1132.4087	54687	60827	Pipistrellus pygmaeus	0.108	0.114	-1	Echolocation	192000	/home/adkris/Documents/mila-human-wav-txt/20220826_070000.WAV	1498	Waveform 1	1
LF	1132.450833333333	26250.0	26880.000000000004	6.926817154847544	1132.4485	1132.4595	22890	27154	Nyctalus leisleri	0.014	0.028	-1	Echolocation	192000	/home/adkris/Documents/mila-human-wav-txt/20220826_070000.WAV	1499	Waveform 1	1
HF	1132.6719666666668	80250.0	79680.0	6.100066839190089	1132.6525	1132.6907	68437	81199	Rhinolophus ferrumequinum	0.023	0.023	-1	Echolocation	192000	/home/adkris/Documents/mila-human-wav-txt/20220826_070000.WAV	1500	Waveform 1	1
HF	1132.6763666666666	54000.0	53760.00000000001	9.303061533437068	1132.6615	1132.6798	49531	60576	Pipistrellus pipistrellus	0.018	0.031	-1	Echolocation	192000	/home/adkris/Documents/mila-human-wav-txt/20220826_070000.WAV	1501	Waveform 1	1
LF	1132.6663	31500.0	31680.0	5.397862523041567	1132.6645	1132.6702	33203	43156	Myotis daubentonii	0.014	0.036	-1	Echolocation	192000	/home/adkris/Documents/mila-human-wav-txt/20220826_070000.WAV	1502	Waveform 1	1
LF	1132.6882333333333	26250.0	26880.000000000004	10.01263344536099	1132.6835	1132.6991	21171	24397	Nyctalus leisleri	0.021	0.033	-1	Echolocation	192000	/home/adkris/Documents/mila-human-wav-txt/20220826_070000.WAV	1503	Waveform 1	1
HF	1132.7287666666666	74250.0	72000.0	6.058284722629935	1132.7045	1132.7414	68437	82300	Rhinolophus ferrumequinum	0.021	0.021	-1	Echolocation	192000	/home/adkris/Documents/mila-human-wav-txt/20220826_070000.WAV	1504	Waveform 1	1
LF	1132.7097333333334	26250.0	26880.000000000004	6.526105543568839	1132.7075	1132.7151	27187	38082	Eptesicus serotinus	0.006	0.022	-1	Echolocation	192000	/home/adkris/Documents/mila-human-wav-txt/20220826_070000.WAV	1505	Waveform 1	1
LF	1132.941	27000.0	25920.0	7.39196251276021	1132.9405	1132.951	22031	26887	Nyctalus leisleri	0.01	0.022	-1	Echolocation	192000	/home/adkris/Documents/mila-human-wav-txt/20220826_070000.WAV	1506	Waveform 1	1
LF	1133.148233333333	19500.0	19200.0	5.099560933398223	1133.1445	1133.1681	17734	20947	Nyctalus noctula	0.039	0.057	-1	Echolocation	192000	/home/adkris/Documents/mila-human-wav-txt/20220826_070000.WAV	1507	Waveform 1	1
HF	1133.1782	58500.0	58560.0	6.9747686653326735	1133.1755	1133.1838	55546	64960	Pipistrellus pygmaeus	0.051	0.055	-1	Echolocation	192000	/home/adkris/Documents/mila-human-wav-txt/20220826_070000.WAV	1508	Waveform 1	1
HF	1133.1822666666667	83250.0	82560.0	5.151917189163806	1133.1765	1133.2249	68437	83231	Rhinolophus ferrumequinum	0.101	0.101	-1	Echolocation	192000	/home/adkris/Documents/mila-human-wav-txt/20220826_070000.WAV	1509	Waveform 1	1
LF	1133.2268	27000.0	26880.000000000004	8.506374054597178	1133.2185	1133.2317	23750	28550	Nyctalus leisleri	0.027	0.063	-1	Echolocation	192000	/home/adkris/Documents/mila-human-wav-txt/20220826_070000.WAV	1510	Waveform 1	1
LF	1133.2450666666666	18750.0	20160.0	8.871741087812442	1133.2405	1133.2551	18593	23837	Nyctalus noctula	0.039	0.065	-1	Echolocation	192000	/home/adkris/Documents/mila-human-wav-txt/20220826_070000.WAV	1511	Waveform 1	1
LF	1133.2591333333332	19500.0	22080.0	9.925993579094705	1133.2535	1133.2647	20312	24710	Nyctalus leisleri	0.012	0.022	-1	Echolocation	192000	/home/adkris/Documents/mila-human-wav-txt/20220826_070000.WAV	1512	Waveform 1	1
LF	1133.464433333333	26250.0	25920.0	6.325878201690549	1133.4635	1133.4724	28046	39038	Eptesicus serotinus	0.008	0.022	-1	Echolocation	192000	/home/adkris/Documents/mila-human-wav-txt/20220826_070000.WAV	1513	Waveform 1	1
HF	1133.6892666666668	56250.0	56640.0	6.5353913745726615	1133.6845	1133.6954	54687	63645	Pipistrellus pygmaeus	0.175	0.187	-1	Echolocation	192000	/home/adkris/Documents/mila-human-wav-txt/20220826_070000.WAV	1514	Waveform 1	1
HF	1133.7005	81000.0	81600.0	5.107283602570113	1133.6855	1133.727	68437	82494	Rhinolophus ferrumequinum	0.042	0.042	-1	Echolocation	192000	/home/adkris/Documents/mila-human-wav-txt/20220826_070000.WAV	1515	Waveform 1	1
LF	1133.7205666666666	27000.0	26880.000000000004	6.548906093790665	1133.7175	1133.7266	28046	35614	Eptesicus serotinus	0.008	0.021	-1	Echolocation	192000	/home/adkris/Documents/mila-human-wav-txt/20220826_070000.WAV	1516	Waveform 1	1
LF	1133.7306666666666	26250.0	26880.000000000004	6.296406611564835	1133.7295	1133.737	27187	38597	Eptesicus serotinus	0.005	0.024	-1	Echolocation	192000	/home/adkris/Documents/mila-human-wav-txt/20220826_070000.WAV	1517	Waveform 1	1
LF	1134.005666666667	26250.0	25920.0	5.7693755240957305	1134.0015	1134.0095	26328	37337	Nyctalus leisleri	0.006	0.025	-1	Echolocation	192000	/home/adkris/Documents/mila-human-wav-txt/20220826_070000.WAV	1518	Waveform 1	1
HF	1134.2470666666666	56250.0	55679.99999999999	10.805937784389045	1134.2385	1134.2526	53828	61047	Pipistrellus pygmaeus	0.092	0.1	-1	Echolocation	192000	/home/adkris/Documents/mila-human-wav-txt/20220826_070000.WAV	1519	Waveform 1	1
HF	1134.2486333333334	82500.0	81600.0	7.4231489451970045	1134.2435	1134.2937	68437	83367	Rhinolophus ferrumequinum	0.096	0.096	-1	Echolocation	192000	/home/adkris/Documents/mila-human-wav-txt/20220826_070000.WAV	1520	Waveform 1	1
LF	1134.2837	26250.0	26880.000000000004	6.239359482469573	1134.2805	1134.2883	27187	39676	Eptesicus serotinus	0.007	0.026	-1	Echolocation	192000	/home/adkris/Documents/mila-human-wav-txt/20220826_070000.WAV	1521	Waveform 1	1
HF	1134.5324333333333	55500.0	55679.99999999999	10.216363017907211	1134.5215	1134.5344	54687	65810	Pipistrellus pygmaeus	0.134	0.148	-1	Echolocation	192000	/home/adkris/Documents/mila-human-wav-txt/20220826_070000.WAV	1522	Waveform 1	1
HF	1134.5342333333333	82500.0	80640.0	7.17767855093728	1134.5285	1134.5781	68437	83524	Rhinolophus ferrumequinum	0.055	0.055	-1	Echolocation	192000	/home/adkris/Documents/mila-human-wav-txt/20220826_070000.WAV	1523	Waveform 1	1
LF	1134.5775666666666	26250.0	26880.000000000004	6.074570197515188	1134.5765	1134.5841	24609	33991	Plecotus austriacus	0.018	0.036	-1	Echolocation	192000	/home/adkris/Documents/mila-human-wav-txt/20220826_070000.WAV	1524	Waveform 1	1
HF	1134.6115666666667	69750.0	71040.0	7.260522844857138	1134.5795	1134.6191	68437	82758	Rhinolophus ferrumequinum	0.025	0.025	-1	Echolocation	192000	/home/adkris/Documents/mila-human-wav-txt/20220826_070000.WAV	1525	Waveform 1	1
LF	1134.6613333333332	19500.0	20160.0	6.249744206167961	1134.6575	1134.6705	18593	24408	Nyctalus noctula	0.023	0.053	-1	Echolocation	192000	/home/adkris/Documents/mila-human-wav-txt/20220826_070000.WAV	1526	Waveform 1	1
LF	1134.6771666666666	23250.0	21120.0	6.967103319070396	1134.6735	1134.6855	21171	26276	Nyctalus leisleri	0.012	0.025	-1	Echolocation	192000	/home/adkris/Documents/mila-human-wav-txt/20220826_070000.WAV	1527	Waveform 1	1
HF	1134.7604	56250.0	52800.00000000001	7.454938388779492	1134.7585	1134.7641	50390	56383	Pipistrellus pipistrellus	0.065	0.129	-1	Echolocation	192000	/home/adkris/Documents/mila-human-wav-txt/20220826_070000.WAV	1528	Waveform 1	1
LF	1134.7930666666666	19500.0	17280.0	10.198714106226316	1134.7915	1134.7986	15156	28266	Plecotus auritus	0.019	0.032	-1	Echolocation	192000	/home/adkris/Documents/mila-human-wav-txt/20220826_070000.WAV	1529	Waveform 1	1
LF	1134.8320666666666	26250.0	25920.0	8.80521198020482	1134.8235	1134.8341	22031	26884	Nyctalus leisleri	0.012	0.026	-1	Echolocation	192000	/home/adkris/Documents/mila-human-wav-txt/20220826_070000.WAV	1530	Waveform 1	1
HF	1135.0737333333334	53250.0	52800.00000000001	10.498251915462944	1135.0605	1135.0781	52109	60090	Pipistrellus pygmaeus	0.066	0.087	-1	Echolocation	192000	/home/adkris/Documents/mila-human-wav-txt/20220826_070000.WAV	1531	Waveform 1	1
HF	1135.0687666666668	81000.0	80640.0	6.504125324679056	1135.0615	1135.1049	68437	82721	Rhinolophus ferrumequinum	0.044	0.044	-1	Echolocation	192000	/home/adkris/Documents/mila-human-wav-txt/20220826_070000.WAV	1532	Waveform 1	1
HF	1135.2567666666666	53250.0	52800.00000000001	8.56726130979419	1135.2495	1135.2649	52968	59487	Pipistrellus pygmaeus	0.057	0.093	-1	Echolocation	192000	/home/adkris/Documents/mila-human-wav-txt/20220826_070000.WAV	1533	Waveform 1	1
HF	1135.3632	55500.0	55679.99999999999	5.651770277594781	1135.3615	1135.3673	54687	60650	Pipistrellus pygmaeus	0.046	0.05	-1	Echolocation	192000	/home/adkris/Documents/mila-human-wav-txt/20220826_070000.WAV	1534	Waveform 1	1
LF	1135.5306333333333	26250.0	25920.0	13.86643803034017	1135.5195	1135.5392	25468	29374	Nyctalus leisleri	0.081	0.162	-1	Echolocation	192000	/home/adkris/Documents/mila-human-wav-txt/20220826_070000.WAV	1535	Waveform 1	1
HF	1135.5810666666666	53250.0	52800.00000000001	5.353264400241865	1135.5765	1135.5841	52109	57321	Pipistrellus pipistrellus	0.105	0.155	-1	Echolocation	192000	/home/adkris/Documents/mila-human-wav-txt/20220826_070000.WAV	1536	Waveform 1	1
LF	1135.6033333333332	17250.0	17280.0	7.436458985439927	1135.6025	1135.608	13437	32506	Plecotus auritus	0.034	0.046	-1	Echolocation	192000	/home/adkris/Documents/mila-human-wav-txt/20220826_070000.WAV	1537	Waveform 1	1
HF	1135.7826	82500.0	80640.0	5.919545083879669	1135.7715	1135.8204	68437	83645	Rhinolophus ferrumequinum	0.071	0.071	-1	Echolocation	192000	/home/adkris/Documents/mila-human-wav-txt/20220826_070000.WAV	1538	Waveform 1	1
HF	1135.774766666667	56250.0	54719.99999999999	9.489564035270606	1135.7715	1135.7874	53828	60597	Pipistrellus pygmaeus	0.108	0.133	-1	Echolocation	192000	/home/adkris/Documents/mila-human-wav-txt/20220826_070000.WAV	1539	Waveform 1	1
LF	1135.8088666666667	27750.0	26880.000000000004	6.561393970157279	1135.8065	1135.8163	28046	36527	Eptesicus serotinus	0.01	0.024	-1	Echolocation	192000	/home/adkris/Documents/mila-human-wav-txt/20220826_070000.WAV	1540	Waveform 1	1
HF	1136.0648666666666	54750.0	54719.99999999999	7.021256324040978	1136.0525	1136.0663	52968	64416	Pipistrellus pipistrellus	0.048	0.079	-1	Echolocation	192000	/home/adkris/Documents/mila-human-wav-txt/20220826_070000.WAV	1541	Waveform 1	1
HF	1136.7210333333333	79500.0	80640.0	6.256781444261722	1136.6995	1136.7438	68437	82214	Rhinolophus ferrumequinum	0.056	0.056	-1	Echolocation	192000	/home/adkris/Documents/mila-human-wav-txt/20220826_070000.WAV	1542	Waveform 1	1
LF	1136.7066666666667	30750.0	30720.0	6.348464199233965	1136.7035	1136.709	32343	42581	Myotis daubentonii	0.012	0.023	-1	Echolocation	192000	/home/adkris/Documents/mila-human-wav-txt/20220826_070000.WAV	1543	Waveform 1	1
LF	1136.7364333333333	27000.0	26880.000000000004	6.823475024178473	1136.7325	1136.7419	28046	35818	Eptesicus serotinus	0.01	0.023	-1	Echolocation	192000	/home/adkris/Documents/mila-human-wav-txt/20220826_070000.WAV	1544	Waveform 1	1
HF	1137.378866666667	55500.0	55679.99999999999	7.512988991037717	1137.3745	1137.3928	53828	58535	Pipistrellus pygmaeus	0.076	0.089	-1	Echolocation	192000	/home/adkris/Documents/mila-human-wav-txt/20220826_070000.WAV	1545	Waveform 1	1
HF	1137.3928	80250.0	79680.0	8.087788214312072	1137.3795	1137.4227	68437	82431	Rhinolophus ferrumequinum	0.028	0.028	-1	Echolocation	192000	/home/adkris/Documents/mila-human-wav-txt/20220826_070000.WAV	1546	Waveform 1	1
HF	1137.9456333333333	80250.0	79680.0	8.591788824597472	1137.9125	1137.9487	68437	82347	Rhinolophus ferrumequinum	0.024	0.024	-1	Echolocation	192000	/home/adkris/Documents/mila-human-wav-txt/20220826_070000.WAV	1547	Waveform 1	1
HF	1137.945333333333	80250.0	79680.0	8.628402719767315	1137.9375	1137.978	68437	82359	Rhinolophus ferrumequinum	0.031	0.031	-1	Echolocation	192000	/home/adkris/Documents/mila-human-wav-txt/20220826_070000.WAV	1548	Waveform 1	1
HF	1137.9458333333334	54000.0	52800.00000000001	10.16730008616574	1137.9395	1137.9535	52109	57557	Pipistrellus pipistrellus	0.044	0.072	-1	Echolocation	192000	/home/adkris/Documents/mila-human-wav-txt/20220826_070000.WAV	1549	Waveform 1	1
LF	1138.0819666666666	21000.0	21120.0	10.997689057062823	1138.0805	1138.0877	17734	28574	Plecotus austriacus	0.078	0.099	-1	Echolocation	192000	/home/adkris/Documents/mila-human-wav-txt/20220826_070000.WAV	1550	Waveform 1	1
HF	1138.1229666666666	40500.0	40320.0	7.7058535792051135	1138.1205	1138.1267	36640	45673	Barbastellus barbastellus	0.035	0.06	-1	Echolocation	192000	/home/adkris/Documents/mila-human-wav-txt/20220826_070000.WAV	1551	Waveform 1	1
HF	1138.243333333333	51750.0	48960.0	9.005628304661615	1138.2395	1138.2455	34062	68822	Myotis mystacinus	0.009	0.023	-1	Echolocation	192000	/home/adkris/Documents/mila-human-wav-txt/20220826_070000.WAV	1552	Waveform 1	1
HF	1138.5266	56250.0	55679.99999999999	5.265309343923255	1138.5255	1138.5319	55546	62656	Pipistrellus pygmaeus	0.05	0.053	-1	Echolocation	192000	/home/adkris/Documents/mila-human-wav-txt/20220826_070000.WAV	1553	Waveform 1	1
HF	1138.6066	49500.0	48960.0	6.480494222535043	1138.6045	1138.6099	34062	69303	Myotis mystacinus	0.011	0.029	-1	Echolocation	192000	/home/adkris/Documents/mila-human-wav-txt/20220826_070000.WAV	1554	Waveform 1	1
HF	1138.6826666666666	56250.0	53760.00000000001	10.821463065363302	1138.6755	1138.684	52109	59138	Pipistrellus pygmaeus	0.109	0.133	-1	Echolocation	192000	/home/adkris/Documents/mila-human-wav-txt/20220826_070000.WAV	1555	Waveform 1	1
HF	1139.168233333333	57000.0	56640.0	11.704690474687052	1139.1655	1139.1726	55546	65802	Pipistrellus pygmaeus	0.029	0.031	-1	Echolocation	192000	/home/adkris/Documents/mila-human-wav-txt/20220826_070000.WAV	1556	Waveform 1	1
LF	1139.3385	30000.0	28800.0	5.374963669745605	1139.3335	1139.3395	32343	41939	Myotis daubentonii	0.013	0.026	-1	Echolocation	192000	/home/adkris/Documents/mila-human-wav-txt/20220826_070000.WAV	1557	Waveform 1	1
LF	1139.3490666666669	26250.0	26880.000000000004	5.334691401863126	1139.3405	1139.3581	24609	28445	Nyctalus leisleri	0.03	0.047	-1	Echolocation	192000	/home/adkris/Documents/mila-human-wav-txt/20220826_070000.WAV	1558	Waveform 1	1
LF	1139.3735	27000.0	26880.000000000004	7.345776661752303	1139.3695	1139.38	23750	29891	Nyctalus leisleri	0.01	0.026	-1	Echolocation	192000	/home/adkris/Documents/mila-human-wav-txt/20220826_070000.WAV	1559	Waveform 1	1
LF	1139.5269	21750.0	22080.0	6.536079974642533	1139.5265	1139.5336	18593	27964	Plecotus austriacus	0.038	0.052	-1	Echolocation	192000	/home/adkris/Documents/mila-human-wav-txt/20220826_070000.WAV	1560	Waveform 1	1
HF	1139.556466666667	48750.0	48960.0	7.903956049695293	1139.5535	1139.5592	32343	67730	Myotis mystacinus	0.011	0.023	-1	Echolocation	192000	/home/adkris/Documents/mila-human-wav-txt/20220826_070000.WAV	1561	Waveform 1	1
HF	1139.6724333333334	55500.0	55679.99999999999	10.22223039725846	1139.6645	1139.6734	56406	62462	Pipistrellus pygmaeus	0.032	0.035	-1	Echolocation	192000	/home/adkris/Documents/mila-human-wav-txt/20220826_070000.WAV	1562	Waveform 1	1
HF	1139.7784666666666	53250.0	49920.0	7.354171378361546	1139.7755	1139.7812	33203	72348	Myotis mystacinus	0.014	0.031	-1	Echolocation	192000	/home/adkris/Documents/mila-human-wav-txt/20220826_070000.WAV	1563	Waveform 1	1
LF	1139.9393333333333	17250.0	20160.0	9.411361681048248	1139.9385	1139.9475	16015	22578	Plecotus austriacus	0.018	0.034	-1	Echolocation	192000	/home/adkris/Documents/mila-human-wav-txt/20220826_070000.WAV	1564	Waveform 1	1
HF	1140.0018333333333	57750.0	52800.00000000001	5.590375774312174	1140.0015	1140.0172	52968	58434	Pipistrellus pygmaeus	0.021	0.026	-1	Echolocation	192000	/home/adkris/Documents/mila-human-wav-txt/20220826_070000.WAV	1565	Waveform 1	1
HF	1140.1526333333334	59250.0	58560.0	11.146496980362784	1140.1515	1140.1602	58125	64293	Pipistrellus pygmaeus	0.023	0.024	-1	Echolocation	192000	/home/adkris/Documents/mila-human-wav-txt/20220826_070000.WAV	1566	Waveform 1	1
HF	1140.1558666666667	48750.0	48960.0	18.40454984899171	1140.1525	1140.1578	32343	73774	Myotis mystacinus	0.015	0.037	-1	Echolocation	192000	/home/adkris/Documents/mila-human-wav-txt/20220826_070000.WAV	1567	Waveform 1	1
LF	1140.2614	20250.0	20160.0	12.060130558125357	1140.2565	1140.2661	18593	24845	Plecotus austriacus	0.039	0.105	-1	Echolocation	192000	/home/adkris/Documents/mila-human-wav-txt/20220826_070000.WAV	1568	Waveform 1	1
LF	1140.682366666667	27000.0	26880.000000000004	10.011062129613784	1140.6815	1140.6893	24609	33645	Plecotus austriacus	0.012	0.028	-1	Echolocation	192000	/home/adkris/Documents/mila-human-wav-txt/20220826_070000.WAV	1569	Waveform 1	1
LF	1141.2563	21750.0	22080.0	13.229671572788003	1141.2545	1141.2602	17734	30666	Plecotus austriacus	0.076	0.111	-1	Echolocation	192000	/home/adkris/Documents/mila-human-wav-txt/20220826_070000.WAV	1570	Waveform 1	1
LF	1142.6178333333332	20250.0	20160.0	9.4027274955406	1142.6165	1142.625	18593	25450	Plecotus austriacus	0.014	0.028	-1	Echolocation	192000	/home/adkris/Documents/mila-human-wav-txt/20220826_070000.WAV	1571	Waveform 1	1
LF	1143.5710666666666	27000.0	26880.000000000004	5.4157079598635	1143.5595	1143.5776	25468	28345	Nyctalus leisleri	0.047	0.066	-1	Echolocation	192000	/home/adkris/Documents/mila-human-wav-txt/20220826_070000.WAV	1572	Waveform 1	1
LF	1144.2062	22500.0	22080.0	6.7111902874002105	1144.2005	1144.2093	20312	26292	Plecotus austriacus	0.014	0.03	-1	Echolocation	192000	/home/adkris/Documents/mila-human-wav-txt/20220826_070000.WAV	1573	Waveform 1	1
LF	1145.1869666666666	19500.0	20160.0	14.55619453057306	1145.1825	1145.1972	18593	23662	Nyctalus noctula	0.028	0.05	-1	Echolocation	192000	/home/adkris/Documents/mila-human-wav-txt/20220826_070000.WAV	1574	Waveform 1	1
LF	1145.560433333333	20250.0	20160.0	10.239950869841914	1145.5585	1145.5664	17734	26777	Plecotus austriacus	0.028	0.043	-1	Echolocation	192000	/home/adkris/Documents/mila-human-wav-txt/20220826_070000.WAV	1575	Waveform 1	1
LF	1145.9275666666667	17250.0	17280.0	5.203243664633085	1145.9225	1145.9436	16875	20938	Nyctalus noctula	0.024	0.036	-1	Echolocation	192000	/home/adkris/Documents/mila-human-wav-txt/20220826_070000.WAV	1576	Waveform 1	1
LF	1146.1286333333333	43500.0	43200.0	5.5226164406211655	1146.1255	1146.1322	30625	42780	Myotis daubentonii	0.01	0.03	-1	Echolocation	192000	/home/adkris/Documents/mila-human-wav-txt/20220826_070000.WAV	1577	Waveform 1	1
LF	1146.1304333333333	22500.0	23040.0	8.134056081617501	1146.1275	1146.1344	17734	29413	Plecotus austriacus	0.04	0.069	-1	Echolocation	192000	/home/adkris/Documents/mila-human-wav-txt/20220826_070000.WAV	1578	Waveform 1	1
LF	1147.5884	20250.0	20160.0	6.01953291611134	1147.5835	1147.5966	19453	24382	Nyctalus noctula	0.021	0.047	-1	Echolocation	192000	/home/adkris/Documents/mila-human-wav-txt/20220826_070000.WAV	1579	Waveform 1	1
LF	1147.8866333333333	19500.0	20160.0	6.679880335289371	1147.8825	1147.8952	19453	24321	Nyctalus noctula	0.014	0.036	-1	Echolocation	192000	/home/adkris/Documents/mila-human-wav-txt/20220826_070000.WAV	1580	Waveform 1	1
LF	1147.887	18000.0	19200.0	8.384055219854597	1147.8855	1147.8915	15156	27899	Plecotus auritus	0.02	0.039	-1	Echolocation	192000	/home/adkris/Documents/mila-human-wav-txt/20220826_070000.WAV	1581	Waveform 1	1
LF	1148.0998	21750.0	22080.0	5.318816344462473	1148.0985	1148.1047	15156	28811	Plecotus auritus	0.041	0.056	-1	Echolocation	192000	/home/adkris/Documents/mila-human-wav-txt/20220826_070000.WAV	1582	Waveform 1	1
LF	1149.4181666666666	21000.0	22080.0	9.034318986352666	1149.4165	1149.4235	17734	27674	Plecotus austriacus	0.061	0.09	-1	Echolocation	192000	/home/adkris/Documents/mila-human-wav-txt/20220826_070000.WAV	1583	Waveform 1	1
LF	1149.5050333333334	21000.0	22080.0	5.962434215775957	1149.5005	1149.5093	18593	25545	Plecotus austriacus	0.031	0.071	-1	Echolocation	192000	/home/adkris/Documents/mila-human-wav-txt/20220826_070000.WAV	1584	Waveform 1	1
LF	1150.9235333333334	21750.0	22080.0	10.68748204851456	1150.9215	1150.9293	18593	26558	Plecotus austriacus	0.047	0.072	-1	Echolocation	192000	/home/adkris/Documents/mila-human-wav-txt/20220826_070000.WAV	1585	Waveform 1	1
LF	1150.9419333333333	21000.0	22080.0	10.580299615011256	1150.9335	1150.9454	19453	22685	Nyctalus leisleri	0.017	0.027	-1	Echolocation	192000	/home/adkris/Documents/mila-human-wav-txt/20220826_070000.WAV	1586	Waveform 1	1
LF	1153.1404666666667	41250.0	41280.0	6.822119243476993	1153.1345	1153.1407	30625	42970	Barbastellus barbastellus	0.019	0.04	-1	Echolocation	192000	/home/adkris/Documents/mila-human-wav-txt/20220826_070000.WAV	1587	Waveform 1	1
LF	1154.0034666666666	24000.0	22080.0	7.423084321954974	1154.0015	1154.0082	16875	26361	Plecotus austriacus	0.033	0.102	-1	Echolocation	192000	/home/adkris/Documents/mila-human-wav-txt/20220826_070000.WAV	1588	Waveform 1	1
LF	1155.2288	15000.0	15360.0	12.590705396623605	1155.2265	1155.2352	13437	20037	Plecotus austriacus	0.009	0.037	-1	Echolocation	192000	/home/adkris/Documents/mila-human-wav-txt/20220826_070000.WAV	1589	Waveform 1	1
LF	1159.2098	22500.0	21120.0	15.66868999371458	1159.2075	1159.2127	17734	31966	Plecotus austriacus	0.09	0.129	-1	Echolocation	192000	/home/adkris/Documents/mila-human-wav-txt/20220826_070000.WAV	1590	Waveform 1	1
LF	1160.2549	21000.0	21120.0	7.526400325931996	1160.2535	1160.2596	15156	30376	Plecotus austriacus	0.015	0.032	-1	Echolocation	192000	/home/adkris/Documents/mila-human-wav-txt/20220826_070000.WAV	1591	Waveform 1	1
LF	1160.8016333333333	21000.0	21120.0	5.668418439054511	1160.7995	1160.8107	19453	23212	Nyctalus leisleri	0.011	0.033	-1	Echolocation	192000	/home/adkris/Documents/mila-human-wav-txt/20220826_070000.WAV	1592	Waveform 1	1
LF	1162.3277333333333	20250.0	22080.0	7.218517797032804	1162.3265	1162.3316	17734	34229	Plecotus austriacus	0.112	0.161	-1	Echolocation	192000	/home/adkris/Documents/mila-human-wav-txt/20220826_070000.WAV	1593	Waveform 1	1
LF	1163.0190666666667	22500.0	22080.0	5.043577756408474	1163.0135	1163.0236	22890	29403	Nyctalus leisleri	0.008	0.026	-1	Echolocation	192000	/home/adkris/Documents/mila-human-wav-txt/20220826_070000.WAV	1594	Waveform 1	1
LF	1163.590333333333	20250.0	20160.0	9.634568815038204	1163.5865	1163.596	17734	23769	Plecotus austriacus	0.021	0.032	-1	Echolocation	192000	/home/adkris/Documents/mila-human-wav-txt/20220826_070000.WAV	1595	Waveform 1	1
LF	1164.9968333333334	19500.0	20160.0	9.047511478578944	1164.9925	1165.0085	20312	24021	Nyctalus noctula	0.016	0.033	-1	Echolocation	192000	/home/adkris/Documents/mila-human-wav-txt/20220826_070000.WAV	1596	Waveform 1	1
LF	1166.0844333333334	21750.0	22080.0	5.94830999563902	1166.0805	1166.0934	20312	24087	Nyctalus leisleri	0.014	0.028	-1	Echolocation	192000	/home/adkris/Documents/mila-human-wav-txt/20220826_070000.WAV	1597	Waveform 1	1
LF	1166.3073333333334	14250.0	15360.0	5.232147861083436	1166.3055	1166.3135	13437	21372	Plecotus auritus	0.014	0.025	-1	Echolocation	192000	/home/adkris/Documents/mila-human-wav-txt/20220826_070000.WAV	1598	Waveform 1	1
LF	1168.4362	21750.0	22080.0	18.23496349220532	1168.4335	1168.4418	18593	26816	Plecotus austriacus	0.046	0.066	-1	Echolocation	192000	/home/adkris/Documents/mila-human-wav-txt/20220826_070000.WAV	1599	Waveform 1	1
LF	1168.4504	21750.0	22080.0	14.68040213359034	1168.4465	1168.4571	19453	23401	Nyctalus leisleri	0.013	0.023	-1	Echolocation	192000	/home/adkris/Documents/mila-human-wav-txt/20220826_070000.WAV	1600	Waveform 1	1
LF	1169.9684666666667	20250.0	20160.0	11.812155232577837	1169.9675	1169.9752	16875	26663	Plecotus austriacus	0.03	0.043	-1	Echolocation	192000	/home/adkris/Documents/mila-human-wav-txt/20220826_070000.WAV	1601	Waveform 1	1
LF	1172.6639	18750.0	20160.0	8.71472742340236	1172.6615	1172.6701	16875	28002	Plecotus austriacus	0.02	0.038	-1	Echolocation	192000	/home/adkris/Documents/mila-human-wav-txt/20220826_070000.WAV	1602	Waveform 1	1
LF	1175.052233333333	20250.0	20160.0	5.815716615665468	1175.0485	1175.0581	17734	24619	Plecotus austriacus	0.023	0.039	-1	Echolocation	192000	/home/adkris/Documents/mila-human-wav-txt/20220826_070000.WAV	1603	Waveform 1	1
LF	1177.3963333333334	17250.0	20160.0	6.359228723513169	1177.3935	1177.4005	15156	25153	Plecotus auritus	0.053	0.074	-1	Echolocation	192000	/home/adkris/Documents/mila-human-wav-txt/20220826_070000.WAV	1604	Waveform 1	1
LF	1178.9618	20250.0	20160.0	11.42846333609332	1178.9595	1178.9682	17734	25239	Plecotus austriacus	0.06	0.116	-1	Echolocation	192000	/home/adkris/Documents/mila-human-wav-txt/20220826_070000.WAV	1605	Waveform 1	1
LF	1180.8681666666666	19500.0	20160.0	12.361762593552076	1180.8625	1180.876	18593	23908	Nyctalus noctula	0.012	0.029	-1	Echolocation	192000	/home/adkris/Documents/mila-human-wav-txt/20220826_070000.WAV	1606	Waveform 1	1
LF	1186.7435333333333	21000.0	21120.0	7.211309791210031	1186.7415	1186.7493	18593	27188	Plecotus austriacus	0.035	0.054	-1	Echolocation	192000	/home/adkris/Documents/mila-human-wav-txt/20220826_070000.WAV	1607	Waveform 1	1
LF	1187.0268666666666	17250.0	19200.0	12.48367102761434	1187.0255	1187.0328	15156	30423	Plecotus austriacus	0.014	0.027	-1	Echolocation	192000	/home/adkris/Documents/mila-human-wav-txt/20220826_070000.WAV	1608	Waveform 1	1
LF	1187.1593	18750.0	19200.0	8.705170604013528	1187.1545	1187.1642	17734	23408	Plecotus austriacus	0.022	0.044	-1	Echolocation	192000	/home/adkris/Documents/mila-human-wav-txt/20220826_070000.WAV	1609	Waveform 1	1
LF	1187.6282333333334	21750.0	22080.0	6.97464704889892	1187.6255	1187.6326	16875	26676	Plecotus austriacus	0.049	0.077	-1	Echolocation	192000	/home/adkris/Documents/mila-human-wav-txt/20220826_070000.WAV	1610	Waveform 1	1
LF	1188.3540666666668	18750.0	17280.0	6.783247049199855	1188.3485	1188.3691	16875	21565	Nyctalus noctula	0.019	0.027	-1	Echolocation	192000	/home/adkris/Documents/mila-human-wav-txt/20220826_070000.WAV	1611	Waveform 1	1
LF	1189.6003	20250.0	20160.0	7.951937792882298	1189.5985	1189.6077	18593	24727	Plecotus austriacus	0.032	0.056	-1	Echolocation	192000	/home/adkris/Documents/mila-human-wav-txt/20220826_070000.WAV	1612	Waveform 1	1
LF	1190.2436	20250.0	20160.0	9.089671057732918	1190.2415	1190.2504	19453	24648	Plecotus austriacus	0.03	0.086	-1	Echolocation	192000	/home/adkris/Documents/mila-human-wav-txt/20220826_070000.WAV	1613	Waveform 1	1
LF	1190.373833333333	20250.0	20160.0	8.097471714857916	1190.3705	1190.3805	18593	24215	Plecotus austriacus	0.026	0.058	-1	Echolocation	192000	/home/adkris/Documents/mila-human-wav-txt/20220826_070000.WAV	1614	Waveform 1	1
LF	1190.5084333333334	18750.0	20160.0	6.934906391796956	1190.5005	1190.5164	18593	23943	Nyctalus noctula	0.028	0.045	-1	Echolocation	192000	/home/adkris/Documents/mila-human-wav-txt/20220826_070000.WAV	1615	Waveform 1	1
LF	1191.5347333333334	21750.0	22080.0	11.27149063912322	1191.5295	1191.5376	17734	25171	Plecotus austriacus	0.03	0.054	-1	Echolocation	192000	/home/adkris/Documents/mila-human-wav-txt/20220826_070000.WAV	1616	Waveform 1	1
LF	1192.0807666666667	19500.0	19200.0	8.337854083052058	1192.0775	1192.0864	16875	22704	Plecotus auritus	0.02	0.064	-1	Echolocation	192000	/home/adkris/Documents/mila-human-wav-txt/20220826_070000.WAV	1617	Waveform 1	1
LF	1192.7857666666666	21750.0	22080.0	9.629331187206915	1192.7845	1192.7919	16875	23804	Plecotus auritus	0.024	0.058	-1	Echolocation	192000	/home/adkris/Documents/mila-human-wav-txt/20220826_070000.WAV	1618	Waveform 1	1
LF	1194.4023666666667	15000.0	14400.0	5.378363268656187	1194.4005	1194.4108	14296	16041	Nyctalus leisleri	0.028	0.047	-1	Echolocation	192000	/home/adkris/Documents/mila-human-wav-txt/20220826_070000.WAV	1619	Waveform 1	1
HF	1194.7315333333331	40500.0	40320.0	8.588922942816	1194.7275	1194.7333	30625	58638	Myotis brandtii	0.013	0.03	-1	Echolocation	192000	/home/adkris/Documents/mila-human-wav-txt/20220826_070000.WAV	1620	Waveform 1	1
HF	1195.0520333333334	44250.0	45120.0	16.842029553384254	1195.0475	1195.0528	30625	61465	Myotis brandtii	0.015	0.026	-1	Echolocation	192000	/home/adkris/Documents/mila-human-wav-txt/20220826_070000.WAV	1621	Waveform 1	1
LF	1195.157	41250.0	41280.0	11.530331713993505	1195.1555	1195.1615	29765	44036	Myotis daubentonii	0.01	0.024	-1	Echolocation	192000	/home/adkris/Documents/mila-human-wav-txt/20220826_070000.WAV	1622	Waveform 1	1
HF	1195.3704	48750.0	48960.0	13.99871744302868	1195.3685	1195.3741	49531	55843	Pipistrellus pipistrellus	0.011	0.026	-1	Echolocation	192000	/home/adkris/Documents/mila-human-wav-txt/20220826_070000.WAV	1623	Waveform 1	1
HF	1195.4632	53250.0	52800.00000000001	6.803013691202137	1195.4605	1195.4688	52968	57210	Pipistrellus pygmaeus	0.028	0.034	-1	Echolocation	192000	/home/adkris/Documents/mila-human-wav-txt/20220826_070000.WAV	1624	Waveform 1	1
HF	1195.566366666667	48000.0	48000.0	13.706945070279906	1195.5615	1195.5688	49531	54153	Pipistrellus pipistrellus	0.021	0.036	-1	Echolocation	192000	/home/adkris/Documents/mila-human-wav-txt/20220826_070000.WAV	1625	Waveform 1	1
LF	1195.675066666667	40500.0	41280.0	17.322251881124448	1195.6725	1195.6786	30625	43368	Myotis daubentonii	0.011	0.022	-1	Echolocation	192000	/home/adkris/Documents/mila-human-wav-txt/20220826_070000.WAV	1626	Waveform 1	1
HF	1195.7856	48000.0	48000.0	12.700297347295557	1195.7785	1195.7859	49531	56883	Pipistrellus pipistrellus	0.015	0.028	-1	Echolocation	192000	/home/adkris/Documents/mila-human-wav-txt/20220826_070000.WAV	1627	Waveform 1	1
HF	1195.9876	41250.0	41280.0	17.87079552784315	1195.9825	1195.9884	28906	50289	Myotis daubentonii	0.012	0.024	-1	Echolocation	192000	/home/adkris/Documents/mila-human-wav-txt/20220826_070000.WAV	1628	Waveform 1	1
HF	1196.0849333333333	48750.0	48000.0	11.024655496273157	1196.0785	1196.0854	49531	55721	Pipistrellus pipistrellus	0.015	0.027	-1	Echolocation	192000	/home/adkris/Documents/mila-human-wav-txt/20220826_070000.WAV	1629	Waveform 1	1
HF	1196.085733333333	41250.0	41280.0	17.791946099340173	1196.0815	1196.0871	30625	60313	Myotis brandtii	0.014	0.027	-1	Echolocation	192000	/home/adkris/Documents/mila-human-wav-txt/20220826_070000.WAV	1630	Waveform 1	1
HF	1196.2669666666666	51750.0	51840.0	17.354382207285695	1196.2625	1196.2702	52109	58088	Pipistrellus pygmaeus	0.055	0.063	-1	Echolocation	192000	/home/adkris/Documents/mila-human-wav-txt/20220826_070000.WAV	1631	Waveform 1	1
HF	1196.302866666667	41250.0	41280.0	5.857396018684984	1196.2985	1196.3063	36640	42223	Pipistrellus nathusii	0.017	0.034	-1	Echolocation	192000	/home/adkris/Documents/mila-human-wav-txt/20220826_070000.WAV	1632	Waveform 1	1
HF	1196.3691333333334	53250.0	55679.99999999999	12.425619584324938	1196.3635	1196.3712	55546	62207	Pipistrellus pygmaeus	0.035	0.038	-1	Echolocation	192000	/home/adkris/Documents/mila-human-wav-txt/20220826_070000.WAV	1633	Waveform 1	1
HF	1196.3703333333333	47250.0	41280.0	10.44266297323724	1196.3695	1196.375	28046	62504	Myotis daubentonii	0.016	0.027	-1	Echolocation	192000	/home/adkris/Documents/mila-human-wav-txt/20220826_070000.WAV	1634	Waveform 1	1
HF	1196.4634	55500.0	54719.99999999999	9.854827576584343	1196.4605	1196.4686	54687	61952	Pipistrellus pygmaeus	0.024	0.026	-1	Echolocation	192000	/home/adkris/Documents/mila-human-wav-txt/20220826_070000.WAV	1635	Waveform 1	1
LF	1196.5681333333334	41250.0	41280.0	9.781942419215088	1196.5655	1196.5727	22031	39005	Myotis nattereri	0.011	0.024	-1	Echolocation	192000	/home/adkris/Documents/mila-human-wav-txt/20220826_070000.WAV	1636	Waveform 1	1
LF	1196.6401666666666	22500.0	22080.0	5.367142321316749	1196.6315	1196.6455	20312	24533	Nyctalus leisleri	0.012	0.031	-1	Echolocation	192000	/home/adkris/Documents/mila-human-wav-txt/20220826_070000.WAV	1637	Waveform 1	1
HF	1196.6632333333334	47250.0	48000.0	17.618724249661167	1196.6595	1196.6656	49531	60599	Pipistrellus pipistrellus	0.019	0.037	-1	Echolocation	192000	/home/adkris/Documents/mila-human-wav-txt/20220826_070000.WAV	1638	Waveform 1	1
HF	1196.7572	58500.0	56640.0	11.541873950831608	1196.7495	1196.7598	57265	62859	Pipistrellus pygmaeus	0.044	0.045	-1	Echolocation	192000	/home/adkris/Documents/mila-human-wav-txt/20220826_070000.WAV	1639	Waveform 1	1
HF	1196.7582333333332	53250.0	52800.00000000001	21.06039227861215	1196.7545	1196.7606	51250	59403	Pipistrellus pipistrellus	0.026	0.046	-1	Echolocation	192000	/home/adkris/Documents/mila-human-wav-txt/20220826_070000.WAV	1640	Waveform 1	1
HF	1196.7880333333333	40500.0	45120.0	5.623165377767334	1196.7845	1196.7908	30625	49636	Myotis daubentonii	0.016	0.027	-1	Echolocation	192000	/home/adkris/Documents/mila-human-wav-txt/20220826_070000.WAV	1641	Waveform 1	1
HF	1196.8504666666668	52500.0	51840.0	20.986033581876026	1196.8465	1196.8512	50390	60111	Pipistrellus pipistrellus	0.025	0.053	-1	Echolocation	192000	/home/adkris/Documents/mila-human-wav-txt/20220826_070000.WAV	1642	Waveform 1	1
HF	1196.8615666666667	55500.0	54719.99999999999	13.443486398568886	1196.8565	1196.8636	53828	65850	Pipistrellus pygmaeus	0.026	0.027	-1	Echolocation	192000	/home/adkris/Documents/mila-human-wav-txt/20220826_070000.WAV	1643	Waveform 1	1
HF	1196.9482666666668	48000.0	53760.00000000001	24.139241592485256	1196.9475	1196.9554	52109	64147	Pipistrellus pipistrellus	0.021	0.043	-1	Echolocation	192000	/home/adkris/Documents/mila-human-wav-txt/20220826_070000.WAV	1644	Waveform 1	1
HF	1197.047	47250.0	46080.0	40.14408270723031	1197.0455	1197.0515	31484	54790	Myotis brandtii	0.017	0.043	-1	Echolocation	192000	/home/adkris/Documents/mila-human-wav-txt/20220826_070000.WAV	1645	Waveform 1	1
HF	1197.0877	40500.0	41280.0	5.590577006268904	1197.0875	1197.0948	28046	46669	Eptesicus serotinus	0.009	0.028	-1	Echolocation	192000	/home/adkris/Documents/mila-human-wav-txt/20220826_070000.WAV	1646	Waveform 1	1
HF	1197.2427333333333	54000.0	53760.00000000001	19.50675376197692	1197.2355	1197.2451	53828	59683	Pipistrellus pygmaeus	0.069	0.072	-1	Echolocation	192000	/home/adkris/Documents/mila-human-wav-txt/20220826_070000.WAV	1647	Waveform 1	1
HF	1197.2443666666666	46500.0	46080.0	35.416978726570306	1197.2415	1197.2473	28046	55853	Myotis daubentonii	0.017	0.034	-1	Echolocation	192000	/home/adkris/Documents/mila-human-wav-txt/20220826_070000.WAV	1648	Waveform 1	1
HF	1197.2517666666668	41250.0	44160.0	10.56529176247139	1197.2515	1197.2564	52109	78076	Myotis alcathoe	0.013	0.028	-1	Echolocation	192000	/home/adkris/Documents/mila-human-wav-txt/20220826_070000.WAV	1649	Waveform 1	1
HF	1197.3107666666667	48000.0	48000.0	25.14212823357649	1197.3085	1197.3149	47812	57001	Pipistrellus pipistrellus	0.038	0.066	-1	Echolocation	192000	/home/adkris/Documents/mila-human-wav-txt/20220826_070000.WAV	1650	Waveform 1	1
HF	1197.3789	43500.0	46080.0	18.388246355742886	1197.3735	1197.3791	29765	74795	Myotis brandtii	0.023	0.048	-1	Echolocation	192000	/home/adkris/Documents/mila-human-wav-txt/20220826_070000.WAV	1651	Waveform 1	1
HF	1197.4894333333334	45750.0	46080.0	12.815842040319689	1197.4855	1197.4914	30625	63165	Myotis brandtii	0.016	0.037	-1	Echolocation	192000	/home/adkris/Documents/mila-human-wav-txt/20220826_070000.WAV	1652	Waveform 1	1
HF	1197.4945	46500.0	45120.0	7.331122195506597	1197.4925	1197.498	30625	46592	Myotis daubentonii	0.021	0.037	-1	Echolocation	192000	/home/adkris/Documents/mila-human-wav-txt/20220826_070000.WAV	1653	Waveform 1	1
HF	1197.5407333333333	44250.0	46080.0	8.410540694808047	1197.5365	1197.5421	30625	62339	Myotis daubentonii	0.02	0.045	-1	Echolocation	192000	/home/adkris/Documents/mila-human-wav-txt/20220826_070000.WAV	1654	Waveform 1	1
HF	1197.54	46500.0	46080.0	5.492377682899871	1197.5385	1197.5445	25468	55072	Myotis nattereri	0.018	0.04	-1	Echolocation	192000	/home/adkris/Documents/mila-human-wav-txt/20220826_070000.WAV	1655	Waveform 1	1
HF	1197.5839666666666	43500.0	44160.0	11.20426670592282	1197.5805	1197.5892	40937	53397	Pipistrellus nathusii	0.102	0.194	-1	Echolocation	192000	/home/adkris/Documents/mila-human-wav-txt/20220826_070000.WAV	1656	Waveform 1	1
HF	1197.6398666666666	45000.0	45120.0	11.952538922301752	1197.6305	1197.6403	42656	53384	Pipistrellus nathusii	0.128	0.176	-1	Echolocation	192000	/home/adkris/Documents/mila-human-wav-txt/20220826_070000.WAV	1657	Waveform 1	1
HF	1197.639233333333	44250.0	44160.0	7.3156425912616	1197.6355	1197.6416	30625	71364	Myotis brandtii	0.027	0.07	-1	Echolocation	192000	/home/adkris/Documents/mila-human-wav-txt/20220826_070000.WAV	1658	Waveform 1	1
HF	1197.6885666666667	43500.0	46080.0	5.58386923150043	1197.6855	1197.6911	30625	64661	Myotis brandtii	0.017	0.039	-1	Echolocation	192000	/home/adkris/Documents/mila-human-wav-txt/20220826_070000.WAV	1659	Waveform 1	1
HF	1197.7422	44250.0	43200.0	5.548737058509738	1197.7405	1197.7463	31484	64050	Myotis brandtii	0.019	0.045	-1	Echolocation	192000	/home/adkris/Documents/mila-human-wav-txt/20220826_070000.WAV	1660	Waveform 1	1
LF	1198.0626666666667	20250.0	20160.0	19.82434418277979	1198.0615	1198.069	15156	35790	Plecotus auritus	0.016	0.037	-1	Echolocation	192000	/home/adkris/Documents/mila-human-wav-txt/20220826_070000.WAV	1661	Waveform 1	1
HF	1198.1545666666666	47250.0	46080.0	8.39071627440108	1198.1515	1198.1571	31484	73010	Myotis brandtii	0.019	0.041	-1	Echolocation	192000	/home/adkris/Documents/mila-human-wav-txt/20220826_070000.WAV	1662	Waveform 1	1
HF	1198.2201	53250.0	52800.00000000001	17.86453178609458	1198.2175	1198.2294	52968	59005	Pipistrellus pygmaeus	0.036	0.042	-1	Echolocation	192000	/home/adkris/Documents/mila-human-wav-txt/20220826_070000.WAV	1663	Waveform 1	1
HF	1198.296833333333	55500.0	55679.99999999999	6.6923615998990105	1198.2945	1198.302	52968	60978	Pipistrellus pygmaeus	0.076	0.082	-1	Echolocation	192000	/home/adkris/Documents/mila-human-wav-txt/20220826_070000.WAV	1664	Waveform 1	1
HF	1198.3953	45000.0	45120.0	37.07340877750328	1198.3935	1198.3992	32343	63457	Myotis brandtii	0.024	0.057	-1	Echolocation	192000	/home/adkris/Documents/mila-human-wav-txt/20220826_070000.WAV	1665	Waveform 1	1
HF	1198.494233333333	41250.0	41280.0	19.37098202009854	1198.4895	1198.4946	29765	64738	Myotis daubentonii	0.015	0.035	-1	Echolocation	192000	/home/adkris/Documents/mila-human-wav-txt/20220826_070000.WAV	1666	Waveform 1	1
HF	1198.7039	42000.0	42240.0	16.810039622538195	1198.6995	1198.7061	28906	52564	Myotis daubentonii	0.012	0.024	-1	Echolocation	192000	/home/adkris/Documents/mila-human-wav-txt/20220826_070000.WAV	1667	Waveform 1	1
HF	1199.130766666667	57000.0	54719.99999999999	6.46285241199748	1199.1265	1199.1344	54687	59774	Pipistrellus pygmaeus	0.056	0.059	-1	Echolocation	192000	/home/adkris/Documents/mila-human-wav-txt/20220826_070000.WAV	1668	Waveform 1	1
HF	1199.2390666666668	47250.0	39360.0	7.349446755367145	1199.2365	1199.2426	30625	60458	Myotis daubentonii	0.021	0.038	-1	Echolocation	192000	/home/adkris/Documents/mila-human-wav-txt/20220826_070000.WAV	1669	Waveform 1	1
HF	1199.2388666666666	48000.0	47040.0	8.647845774287497	1199.2365	1199.2428	46953	54372	Pipistrellus pipistrellus	0.051	0.09	-1	Echolocation	192000	/home/adkris/Documents/mila-human-wav-txt/20220826_070000.WAV	1670	Waveform 1	1
LF	1199.3436333333334	40500.0	40320.0	11.289548963357326	1199.3415	1199.3492	22890	39464	Myotis nattereri	0.011	0.026	-1	Echolocation	192000	/home/adkris/Documents/mila-human-wav-txt/20220826_070000.WAV	1671	Waveform 1	1
LF	1199.359866666667	40500.0	40320.0	5.11920339819085	1199.3595	1199.3678	27187	39869	Eptesicus serotinus	0.009	0.026	-1	Echolocation	192000	/home/adkris/Documents/mila-human-wav-txt/20220826_070000.WAV	1672	Waveform 1	1
HF	1199.5977	40500.0	40320.0	19.244518231871066	1199.5925	1199.5983	29765	58600	Myotis daubentonii	0.014	0.027	-1	Echolocation	192000	/home/adkris/Documents/mila-human-wav-txt/20220826_070000.WAV	1673	Waveform 1	1
HF	1199.9223	40500.0	40320.0	10.79180458736117	1199.9205	1199.9262	29765	55042	Myotis daubentonii	0.013	0.026	-1	Echolocation	192000	/home/adkris/Documents/mila-human-wav-txt/20220826_070000.WAV	1674	Waveform 1	1
HF	1199.9285333333332	40500.0	40320.0	5.999141425996964	1199.9285	1199.9348	30625	48892	Myotis daubentonii	0.015	0.026	-1	Echolocation	192000	/home/adkris/Documents/mila-human-wav-txt/20220826_070000.WAV	1675	Waveform 1	1
HF	1200.102	45750.0	44160.0	5.406096508039907	1200.0975	1200.1075	39218	47737	Pipistrellus nathusii	0.167	0.193	-1	Echolocation	192000	/home/adkris/Documents/mila-human-wav-txt/20220826_070000.WAV	1676	Waveform 1	1
LF	1200.3277	12750.0	13440.000000000002	5.524563754166643	1200.3235	1200.3303	12578	27273	Barbastellus barbastellus	0.029	0.036	-1	Echolocation	192000	/home/adkris/Documents/mila-human-wav-txt/20220826_070000.WAV	1677	Waveform 1	1
LF	1200.4452333333334	23250.0	23040.0	5.001860953137901	1200.4445	1200.4536	22031	28255	Plecotus austriacus	0.011	0.027	-1	Echolocation	192000	/home/adkris/Documents/mila-human-wav-txt/20220826_070000.WAV	1678	Waveform 1	1
LF	1201.4834	20250.0	20160.0	16.435930002443335	1201.4815	1201.4906	19453	24490	Plecotus austriacus	0.028	0.076	-1	Echolocation	192000	/home/adkris/Documents/mila-human-wav-txt/20220826_070000.WAV	1679	Waveform 1	1
LF	1201.4949333333334	20250.0	20160.0	11.934685922664851	1201.4935	1201.5054	21171	25362	Nyctalus leisleri	0.016	0.026	-1	Echolocation	192000	/home/adkris/Documents/mila-human-wav-txt/20220826_070000.WAV	1680	Waveform 1	1
LF	1201.5040666666666	21750.0	22080.0	12.624114476517727	1201.4995	1201.5106	22031	27164	Nyctalus leisleri	0.012	0.027	-1	Echolocation	192000	/home/adkris/Documents/mila-human-wav-txt/20220826_070000.WAV	1681	Waveform 1	1
LF	1202.0591333333334	20250.0	20160.0	5.579981351090574	1202.0555	1202.0652	18593	24365	Plecotus austriacus	0.023	0.073	-1	Echolocation	192000	/home/adkris/Documents/mila-human-wav-txt/20220826_070000.WAV	1682	Waveform 1	1
LF	1202.1346	20250.0	20160.0	7.563896222154488	1202.1285	1202.1439	18593	23962	Nyctalus noctula	0.018	0.033	-1	Echolocation	192000	/home/adkris/Documents/mila-human-wav-txt/20220826_070000.WAV	1683	Waveform 1	1
LF	1203.1983	20250.0	20160.0	7.412103170927249	1203.1965	1203.2022	13437	29851	Plecotus auritus	0.044	0.049	-1	Echolocation	192000	/home/adkris/Documents/mila-human-wav-txt/20220826_070000.WAV	1684	Waveform 1	1
LF	1204.5237333333334	15750.0	16320.000000000002	7.1090792756043	1204.5215	1204.5291	13437	22446	Plecotus auritus	0.014	0.023	-1	Echolocation	192000	/home/adkris/Documents/mila-human-wav-txt/20220826_070000.WAV	1685	Waveform 1	1
LF	1204.6997333333334	21000.0	21120.0	8.316428986738625	1204.6975	1204.7016	15156	38402	Plecotus auritus	0.108	0.176	-1	Echolocation	192000	/home/adkris/Documents/mila-human-wav-txt/20220826_070000.WAV	1686	Waveform 1	1
LF	1205.028366666667	13500.0	13440.000000000002	7.359970768904432	1205.0265	1205.0368	12578	18803	Nyctalus leisleri	0.025	0.032	-1	Echolocation	192000	/home/adkris/Documents/mila-human-wav-txt/20220826_070000.WAV	1687	Waveform 1	1
LF	1207.397333333333	19500.0	20160.0	7.9985562552573155	1207.3955	1207.4035	16015	23455	Plecotus austriacus	0.015	0.034	-1	Echolocation	192000	/home/adkris/Documents/mila-human-wav-txt/20220826_070000.WAV	1688	Waveform 1	1
HF	1208.2638333333334	47250.0	47040.0	8.315919094924467	1208.2635	1208.2695	46953	55187	Pipistrellus pipistrellus	0.024	0.034	-1	Echolocation	192000	/home/adkris/Documents/mila-human-wav-txt/20220826_070000.WAV	1689	Waveform 1	1
HF	1208.5398	47250.0	48960.0	16.970591642938537	1208.5355	1208.5422	49531	58515	Pipistrellus pipistrellus	0.013	0.027	-1	Echolocation	192000	/home/adkris/Documents/mila-human-wav-txt/20220826_070000.WAV	1690	Waveform 1	1
HF	1208.5398333333333	46500.0	46080.0	21.593209812715045	1208.5355	1208.541	30625	65903	Myotis brandtii	0.013	0.025	-1	Echolocation	192000	/home/adkris/Documents/mila-human-wav-txt/20220826_070000.WAV	1691	Waveform 1	1
HF	1208.726766666667	61500.0	53760.00000000001	5.570249344233101	1208.7225	1208.7304	56406	61680	Pipistrellus pygmaeus	0.048	0.049	-1	Echolocation	192000	/home/adkris/Documents/mila-human-wav-txt/20220826_070000.WAV	1692	Waveform 1	1
HF	1208.9337333333333	54000.0	53760.00000000001	13.953270133854314	1208.9305	1208.9371	52109	57371	Pipistrellus pipistrellus	0.021	0.038	-1	Echolocation	192000	/home/adkris/Documents/mila-human-wav-txt/20220826_070000.WAV	1693	Waveform 1	1
HF	1208.9684333333332	41250.0	37440.0	5.722705943454804	1208.9625	1208.9734	37500	41427	Pipistrellus nathusii	0.016	0.028	-1	Echolocation	192000	/home/adkris/Documents/mila-human-wav-txt/20220826_070000.WAV	1694	Waveform 1	1
HF	1209.026	54750.0	53760.00000000001	12.33623471469848	1209.0195	1209.0275	53828	58455	Pipistrellus pygmaeus	0.023	0.026	-1	Echolocation	192000	/home/adkris/Documents/mila-human-wav-txt/20220826_070000.WAV	1695	Waveform 1	1
HF	1209.1160333333332	54750.0	52800.00000000001	23.469226576311897	1209.1125	1209.1188	51250	57817	Pipistrellus pygmaeus	0.015	0.031	-1	Echolocation	192000	/home/adkris/Documents/mila-human-wav-txt/20220826_070000.WAV	1696	Waveform 1	1
LF	1209.1165	21000.0	22080.0	5.899793422640935	1209.1125	1209.1265	19453	24374	Nyctalus noctula	0.012	0.03	-1	Echolocation	192000	/home/adkris/Documents/mila-human-wav-txt/20220826_070000.WAV	1697	Waveform 1	1
HF	1209.2089666666666	53250.0	52800.00000000001	12.471322519779912	1209.2065	1209.2127	52109	57391	Pipistrellus pygmaeus	0.014	0.027	-1	Echolocation	192000	/home/adkris/Documents/mila-human-wav-txt/20220826_070000.WAV	1698	Waveform 1	1
HF	1209.3028	54750.0	56640.0	8.608712988035784	1209.2935	1209.3057	57265	63793	Pipistrellus pygmaeus	0.03	0.031	-1	Echolocation	192000	/home/adkris/Documents/mila-human-wav-txt/20220826_070000.WAV	1699	Waveform 1	1
HF	1209.3929666666668	53250.0	53760.00000000001	9.630833387754452	1209.3885	1209.3962	52968	61569	Pipistrellus pygmaeus	0.045	0.05	-1	Echolocation	192000	/home/adkris/Documents/mila-human-wav-txt/20220826_070000.WAV	1700	Waveform 1	1
HF	1209.3949	43500.0	45120.0	16.184282141136727	1209.3895	1209.3951	30625	64716	Myotis brandtii	0.016	0.027	-1	Echolocation	192000	/home/adkris/Documents/mila-human-wav-txt/20220826_070000.WAV	1701	Waveform 1	1
HF	1209.575833333333	50250.0	52800.00000000001	22.935981605311092	1209.5755	1209.5815	51250	59384	Pipistrellus pipistrellus	0.015	0.03	-1	Echolocation	192000	/home/adkris/Documents/mila-human-wav-txt/20220826_070000.WAV	1702	Waveform 1	1
HF	1209.67	50250.0	52800.00000000001	25.073329350344597	1209.6655	1209.672	50390	58928	Pipistrellus pipistrellus	0.033	0.064	-1	Echolocation	192000	/home/adkris/Documents/mila-human-wav-txt/20220826_070000.WAV	1703	Waveform 1	1
HF	1209.681833333333	57000.0	53760.00000000001	17.6814112477707	1209.6795	1209.687	54687	64675	Pipistrellus pygmaeus	0.03	0.031	-1	Echolocation	192000	/home/adkris/Documents/mila-human-wav-txt/20220826_070000.WAV	1704	Waveform 1	1
HF	1209.7568	53250.0	52800.00000000001	17.99847131439286	1209.7525	1209.7592	52968	60717	Pipistrellus pygmaeus	0.027	0.034	-1	Echolocation	192000	/home/adkris/Documents/mila-human-wav-txt/20220826_070000.WAV	1705	Waveform 1	1
HF	1209.8452	57750.0	57600.0	14.104943533374517	1209.8375	1209.8478	58125	65617	Pipistrellus pygmaeus	0.042	0.042	-1	Echolocation	192000	/home/adkris/Documents/mila-human-wav-txt/20220826_070000.WAV	1706	Waveform 1	1
HF	1209.9167333333332	53250.0	52800.00000000001	12.924438797432192	1209.9125	1209.9216	53828	58661	Pipistrellus pygmaeus	0.041	0.045	-1	Echolocation	192000	/home/adkris/Documents/mila-human-wav-txt/20220826_070000.WAV	1707	Waveform 1	1
LF	1210.0834	18750.0	20160.0	12.199178135783642	1210.0795	1210.0866	16015	26316	Plecotus austriacus	0.029	0.063	-1	Echolocation	192000	/home/adkris/Documents/mila-human-wav-txt/20220826_070000.WAV	1708	Waveform 1	1
HF	1210.2437666666667	44250.0	44160.0	10.0066251331992	1210.2405	1210.2459	28906	71376	Myotis brandtii	0.017	0.038	-1	Echolocation	192000	/home/adkris/Documents/mila-human-wav-txt/20220826_070000.WAV	1709	Waveform 1	1
HF	1210.3069	44250.0	46080.0	6.235876427357592	1210.3045	1210.3096	29765	77217	Myotis brandtii	0.027	0.06	-1	Echolocation	192000	/home/adkris/Documents/mila-human-wav-txt/20220826_070000.WAV	1710	Waveform 1	1
HF	1210.4617333333333	41250.0	46080.0	7.501433319706755	1210.4575	1210.4631	29765	71408	Myotis brandtii	0.023	0.043	-1	Echolocation	192000	/home/adkris/Documents/mila-human-wav-txt/20220826_070000.WAV	1711	Waveform 1	1
HF	1210.9266666666667	45750.0	46080.0	8.59649022929857	1210.9235	1210.929	29765	70206	Myotis brandtii	0.025	0.043	-1	Echolocation	192000	/home/adkris/Documents/mila-human-wav-txt/20220826_070000.WAV	1712	Waveform 1	1
HF	1210.9835	46500.0	45120.0	12.142647389232383	1210.9815	1210.987	28906	76451	Myotis brandtii	0.025	0.062	-1	Echolocation	192000	/home/adkris/Documents/mila-human-wav-txt/20220826_070000.WAV	1713	Waveform 1	1
HF	1211.0578	53250.0	52800.00000000001	11.974429762053171	1211.0545	1211.0622	51250	55798	Pipistrellus pygmaeus	0.028	0.041	-1	Echolocation	192000	/home/adkris/Documents/mila-human-wav-txt/20220826_070000.WAV	1714	Waveform 1	1
HF	1211.0591	45750.0	48000.0	18.61762019566974	1211.0565	1211.0614	28046	72875	Myotis bechsteinii	0.028	0.067	-1	Echolocation	192000	/home/adkris/Documents/mila-human-wav-txt/20220826_070000.WAV	1715	Waveform 1	1
HF	1211.1399333333334	45000.0	44160.0	19.192408558601933	1211.1355	1211.1409	28906	69799	Myotis brandtii	0.019	0.039	-1	Echolocation	192000	/home/adkris/Documents/mila-human-wav-txt/20220826_070000.WAV	1716	Waveform 1	1
HF	1211.1422666666667	48750.0	48000.0	19.560573337294866	1211.1395	1211.1454	48671	56674	Pipistrellus pipistrellus	0.021	0.049	-1	Echolocation	192000	/home/adkris/Documents/mila-human-wav-txt/20220826_070000.WAV	1717	Waveform 1	1
HF	1211.2236666666668	45000.0	45120.0	11.019005237143553	1211.2205	1211.226	29765	66467	Myotis brandtii	0.019	0.033	-1	Echolocation	192000	/home/adkris/Documents/mila-human-wav-txt/20220826_070000.WAV	1718	Waveform 1	1
HF	1211.3878666666667	42000.0	42240.0	11.208586812934	1211.3845	1211.3898	33203	43939	Myotis daubentonii	0.01	0.025	-1	Echolocation	192000	/home/adkris/Documents/mila-human-wav-txt/20220826_070000.WAV	1719	Waveform 1	1
HF	1211.4721	48750.0	48960.0	6.709386736417605	1211.4675	1211.4739	49531	54535	Pipistrellus pipistrellus	0.013	0.026	-1	Echolocation	192000	/home/adkris/Documents/mila-human-wav-txt/20220826_070000.WAV	1720	Waveform 1	1
LF	1211.5484333333334	22500.0	22080.0	9.353047292441753	1211.5465	1211.5544	17734	26098	Plecotus austriacus	0.036	0.049	-1	Echolocation	192000	/home/adkris/Documents/mila-human-wav-txt/20220826_070000.WAV	1721	Waveform 1	1
LF	1211.702633333333	20250.0	22080.0	8.482908383649768	1211.7015	1211.7102	20312	26104	Plecotus austriacus	0.02	0.044	-1	Echolocation	192000	/home/adkris/Documents/mila-human-wav-txt/20220826_070000.WAV	1722	Waveform 1	1
HF	1211.7378333333334	45750.0	46080.0	15.701522296344212	1211.7335	1211.739	29765	67610	Myotis brandtii	0.017	0.037	-1	Echolocation	192000	/home/adkris/Documents/mila-human-wav-txt/20220826_070000.WAV	1723	Waveform 1	1
HF	1212.5159	48750.0	48960.0	7.526420942259029	1212.5145	1212.5206	48671	51890	Pipistrellus pipistrellus	0.014	0.024	-1	Echolocation	192000	/home/adkris/Documents/mila-human-wav-txt/20220826_070000.WAV	1724	Waveform 1	1
HF	1213.2467666666666	52500.0	49920.0	5.611051813464777	1213.2445	1213.2509	50390	54933	Pipistrellus pipistrellus	0.015	0.028	-1	Echolocation	192000	/home/adkris/Documents/mila-human-wav-txt/20220826_070000.WAV	1725	Waveform 1	1
LF	1213.339433333333	41250.0	41280.0	9.2223909658149	1213.3365	1213.3434	28906	42996	Myotis daubentonii	0.01	0.023	-1	Echolocation	192000	/home/adkris/Documents/mila-human-wav-txt/20220826_070000.WAV	1726	Waveform 1	1
LF	1213.5777666666668	19500.0	20160.0	11.046755439512442	1213.5765	1213.5839	15156	25624	Plecotus auritus	0.018	0.033	-1	Echolocation	192000	/home/adkris/Documents/mila-human-wav-txt/20220826_070000.WAV	1727	Waveform 1	1
LF	1213.778	20250.0	21120.0	7.937510393983997	1213.7775	1213.7845	17734	27890	Plecotus austriacus	0.016	0.029	-1	Echolocation	192000	/home/adkris/Documents/mila-human-wav-txt/20220826_070000.WAV	1728	Waveform 1	1
HF	1214.4006333333334	44250.0	43200.0	5.981846734868493	1214.3975	1214.4042	39218	46453	Barbastellus barbastellus	0.118	0.175	-1	Echolocation	192000	/home/adkris/Documents/mila-human-wav-txt/20220826_070000.WAV	1729	Waveform 1	1
LF	1214.6716333333334	21000.0	21120.0	6.149469962403811	1214.6695	1214.6772	17734	26158	Plecotus austriacus	0.015	0.024	-1	Echolocation	192000	/home/adkris/Documents/mila-human-wav-txt/20220826_070000.WAV	1730	Waveform 1	1
LF	1215.1178	21000.0	20160.0	11.782576652823906	1215.1125	1215.1287	19453	23534	Nyctalus noctula	0.037	0.061	-1	Echolocation	192000	/home/adkris/Documents/mila-human-wav-txt/20220826_070000.WAV	1731	Waveform 1	1
LF	1218.3831666666667	21750.0	22080.0	7.222181557481821	1218.3785	1218.3895	18593	24092	Nyctalus noctula	0.014	0.046	-1	Echolocation	192000	/home/adkris/Documents/mila-human-wav-txt/20220826_070000.WAV	1732	Waveform 1	1
LF	1218.4783333333332	19500.0	19200.0	8.686338614213934	1218.4775	1218.49	16875	22520	Nyctalus noctula	0.018	0.03	-1	Echolocation	192000	/home/adkris/Documents/mila-human-wav-txt/20220826_070000.WAV	1733	Waveform 1	1
LF	1219.4364333333333	19500.0	19200.0	9.994621663309166	1219.4325	1219.4419	17734	24025	Plecotus austriacus	0.037	0.08	-1	Echolocation	192000	/home/adkris/Documents/mila-human-wav-txt/20220826_070000.WAV	1734	Waveform 1	1
LF	1221.765666666667	20250.0	20160.0	11.687568378968702	1221.7635	1221.77	16015	27529	Plecotus auritus	0.062	0.128	-1	Echolocation	192000	/home/adkris/Documents/mila-human-wav-txt/20220826_070000.WAV	1735	Waveform 1	1
LF	1225.3383666666666	18000.0	19200.0	7.659563722848119	1225.3375	1225.3453	15156	27206	Plecotus auritus	0.012	0.033	-1	Echolocation	192000	/home/adkris/Documents/mila-human-wav-txt/20220826_070000.WAV	1736	Waveform 1	1
LF	1225.5113333333334	21000.0	22080.0	9.636764514857616	1225.5095	1225.5175	18593	26915	Plecotus austriacus	0.025	0.037	-1	Echolocation	192000	/home/adkris/Documents/mila-human-wav-txt/20220826_070000.WAV	1737	Waveform 1	1
LF	1226.8374666666666	20250.0	20160.0	12.336613520895526	1226.8335	1226.8417	17734	26866	Plecotus austriacus	0.071	0.104	-1	Echolocation	192000	/home/adkris/Documents/mila-human-wav-txt/20220826_070000.WAV	1738	Waveform 1	1
HF	1227.7108	48750.0	48960.0	6.188986400493713	1227.7065	1227.7132	49531	54737	Pipistrellus pipistrellus	0.016	0.031	-1	Echolocation	192000	/home/adkris/Documents/mila-human-wav-txt/20220826_070000.WAV	1739	Waveform 1	1
HF	1227.7953	43500.0	43200.0	8.846059527360255	1227.7935	1227.7992	29765	47109	Barbastellus barbastellus	0.013	0.042	-1	Echolocation	192000	/home/adkris/Documents/mila-human-wav-txt/20220826_070000.WAV	1740	Waveform 1	1
HF	1227.8799666666666	49500.0	48960.0	11.171060217187506	1227.8775	1227.8837	49531	54052	Pipistrellus pipistrellus	0.027	0.043	-1	Echolocation	192000	/home/adkris/Documents/mila-human-wav-txt/20220826_070000.WAV	1741	Waveform 1	1
LF	1228.2137666666667	20250.0	21120.0	6.708778695640514	1228.2085	1228.2259	19453	23159	Nyctalus noctula	0.012	0.024	-1	Echolocation	192000	/home/adkris/Documents/mila-human-wav-txt/20220826_070000.WAV	1742	Waveform 1	1
HF	1228.4065666666663	48750.0	48960.0	8.313811054026457	1228.4045	1228.4111	49531	53508	Pipistrellus pipistrellus	0.014	0.025	-1	Echolocation	192000	/home/adkris/Documents/mila-human-wav-txt/20220826_070000.WAV	1743	Waveform 1	1
LF	1228.8043666666667	17250.0	17280.0	9.178933955197197	1228.8015	1228.8108	15156	19923	Nyctalus noctula	0.02	0.051	-1	Echolocation	192000	/home/adkris/Documents/mila-human-wav-txt/20220826_070000.WAV	1744	Waveform 1	1
LF	1229.1769333333334	40500.0	40320.0	7.70348545317497	1229.1765	1229.1824	28906	38879	Barbastellus barbastellus	0.011	0.031	-1	Echolocation	192000	/home/adkris/Documents/mila-human-wav-txt/20220826_070000.WAV	1745	Waveform 1	1
HF	1229.2658333333334	48000.0	48960.0	10.848434346037529	1229.2625	1229.269	49531	52974	Pipistrellus pipistrellus	0.015	0.023	-1	Echolocation	192000	/home/adkris/Documents/mila-human-wav-txt/20220826_070000.WAV	1746	Waveform 1	1
HF	1230.0511666666666	41250.0	41280.0	7.710590451891992	1230.0485	1230.0545	28046	48719	Myotis daubentonii	0.018	0.032	-1	Echolocation	192000	/home/adkris/Documents/mila-human-wav-txt/20220826_070000.WAV	1747	Waveform 1	1
LF	1230.1754	20250.0	20160.0	13.282302416904132	1230.1735	1230.1826	18593	24556	Plecotus austriacus	0.039	0.083	-1	Echolocation	192000	/home/adkris/Documents/mila-human-wav-txt/20220826_070000.WAV	1748	Waveform 1	1
LF	1230.1946666666668	23250.0	23040.0	7.43017293468113	1230.1915	1230.204	22890	27474	Nyctalus leisleri	0.015	0.032	-1	Echolocation	192000	/home/adkris/Documents/mila-human-wav-txt/20220826_070000.WAV	1749	Waveform 1	1
HF	1230.2200666666668	40500.0	40320.0	8.510721178478923	1230.2175	1230.2236	28906	54401	Myotis daubentonii	0.016	0.027	-1	Echolocation	192000	/home/adkris/Documents/mila-human-wav-txt/20220826_070000.WAV	1750	Waveform 1	1
LF	1231.4348333333332	20250.0	20160.0	8.50824749298969	1231.4335	1231.442	18593	27397	Plecotus austriacus	0.032	0.054	-1	Echolocation	192000	/home/adkris/Documents/mila-human-wav-txt/20220826_070000.WAV	1751	Waveform 1	1
LF	1231.4858	20250.0	20160.0	8.74700123034045	1231.4815	1231.4917	18593	24673	Plecotus austriacus	0.023	0.063	-1	Echolocation	192000	/home/adkris/Documents/mila-human-wav-txt/20220826_070000.WAV	1752	Waveform 1	1
LF	1233.7142	20250.0	20160.0	7.304615482802682	1233.7135	1233.7203	14296	29554	Plecotus auritus	0.019	0.028	-1	Echolocation	192000	/home/adkris/Documents/mila-human-wav-txt/20220826_070000.WAV	1753	Waveform 1	1
LF	1234.3617333333334	20250.0	17280.0	11.64833100863232	1234.3615	1234.3746	16015	21292	Nyctalus noctula	0.018	0.028	-1	Echolocation	192000	/home/adkris/Documents/mila-human-wav-txt/20220826_070000.WAV	1754	Waveform 1	1
LF	1234.5072666666667	20250.0	20160.0	14.842799748756814	1234.5025	1234.5134	18593	23427	Nyctalus noctula	0.025	0.07	-1	Echolocation	192000	/home/adkris/Documents/mila-human-wav-txt/20220826_070000.WAV	1755	Waveform 1	1
LF	1235.0316333333333	20250.0	20160.0	19.10013505384526	1235.0295	1235.0372	16875	26015	Plecotus austriacus	0.038	0.056	-1	Echolocation	192000	/home/adkris/Documents/mila-human-wav-txt/20220826_070000.WAV	1756	Waveform 1	1
LF	1235.9668	19500.0	19200.0	15.632972284269496	1235.9655	1235.9822	16875	21275	Nyctalus noctula	0.015	0.025	-1	Echolocation	192000	/home/adkris/Documents/mila-human-wav-txt/20220826_070000.WAV	1757	Waveform 1	1
LF	1238.7472666666667	18000.0	18240.0	5.949825894555953	1238.7405	1238.7564	16015	21235	Nyctalus noctula	0.016	0.023	-1	Echolocation	192000	/home/adkris/Documents/mila-human-wav-txt/20220826_070000.WAV	1758	Waveform 1	1
LF	1238.8468333333333	20250.0	21120.0	7.512620653531801	1238.8425	1238.8515	17734	24647	Plecotus austriacus	0.037	0.057	-1	Echolocation	192000	/home/adkris/Documents/mila-human-wav-txt/20220826_070000.WAV	1759	Waveform 1	1
LF	1239.5896666666667	18000.0	20160.0	5.305377393417013	1239.5845	1239.5985	18593	24155	Nyctalus noctula	0.022	0.04	-1	Echolocation	192000	/home/adkris/Documents/mila-human-wav-txt/20220826_070000.WAV	1760	Waveform 1	1
LF	1240.7377333333334	21750.0	22080.0	17.066559136094597	1240.7365	1240.7486	22031	24149	Nyctalus leisleri	0.041	0.066	-1	Echolocation	192000	/home/adkris/Documents/mila-human-wav-txt/20220826_070000.WAV	1761	Waveform 1	1
LF	1240.7464666666667	21750.0	22080.0	12.074273409437922	1240.7455	1240.7567	19453	23350	Nyctalus leisleri	0.013	0.021	-1	Echolocation	192000	/home/adkris/Documents/mila-human-wav-txt/20220826_070000.WAV	1762	Waveform 1	1
LF	1240.8483666666666	18750.0	19200.0	7.346899455861667	1240.8465	1240.8533	15156	33291	Plecotus auritus	0.03	0.045	-1	Echolocation	192000	/home/adkris/Documents/mila-human-wav-txt/20220826_070000.WAV	1763	Waveform 1	1
LF	1243.1718666666666	15750.0	16320.000000000002	12.761509312149805	1243.1695	1243.1758	13437	31517	Plecotus auritus	0.018	0.024	-1	Echolocation	192000	/home/adkris/Documents/mila-human-wav-txt/20220826_070000.WAV	1764	Waveform 1	1
LF	1243.3319666666666	22500.0	22080.0	6.676428763647816	1243.3295	1243.3427	20312	23769	Nyctalus leisleri	0.019	0.043	-1	Echolocation	192000	/home/adkris/Documents/mila-human-wav-txt/20220826_070000.WAV	1765	Waveform 1	1
LF	1244.9139333333333	19500.0	19200.0	5.020745194066353	1244.9095	1244.9219	17734	23159	Nyctalus noctula	0.021	0.046	-1	Echolocation	192000	/home/adkris/Documents/mila-human-wav-txt/20220826_070000.WAV	1766	Waveform 1	1
LF	1246.2123666666666	19500.0	20160.0	10.149692979926046	1246.2085	1246.2168	15156	23657	Plecotus auritus	0.013	0.023	-1	Echolocation	192000	/home/adkris/Documents/mila-human-wav-txt/20220826_070000.WAV	1767	Waveform 1	1
LF	1246.9902333333334	19500.0	20160.0	8.218039510052595	1246.9895	1246.9986	18593	23683	Plecotus austriacus	0.012	0.02	-1	Echolocation	192000	/home/adkris/Documents/mila-human-wav-txt/20220826_070000.WAV	1768	Waveform 1	1
LF	1249.768366666667	19500.0	19200.0	5.1119459933192175	1249.7665	1249.7733	15156	25654	Plecotus auritus	0.014	0.022	-1	Echolocation	192000	/home/adkris/Documents/mila-human-wav-txt/20220826_070000.WAV	1769	Waveform 1	1
LF	1250.3606666666667	19500.0	19200.0	7.971845008067123	1250.3575	1250.3735	17734	22363	Nyctalus noctula	0.04	0.057	-1	Echolocation	192000	/home/adkris/Documents/mila-human-wav-txt/20220826_070000.WAV	1770	Waveform 1	1
LF	1250.4924	22500.0	23040.0	5.616519034129704	1250.4885	1250.4991	23750	28365	Nyctalus leisleri	0.024	0.054	-1	Echolocation	192000	/home/adkris/Documents/mila-human-wav-txt/20220826_070000.WAV	1771	Waveform 1	1
LF	1250.4927666666667	20250.0	20160.0	8.304456377061237	1250.4905	1250.4969	16875	33344	Plecotus austriacus	0.035	0.052	-1	Echolocation	192000	/home/adkris/Documents/mila-human-wav-txt/20220826_070000.WAV	1772	Waveform 1	1
LF	1252.1106	19500.0	20160.0	13.546173491637362	1252.1045	1252.1164	18593	24317	Nyctalus noctula	0.02	0.052	-1	Echolocation	192000	/home/adkris/Documents/mila-human-wav-txt/20220826_070000.WAV	1773	Waveform 1	1
LF	1252.7133333333334	21000.0	21120.0	6.121352830938244	1252.7115	1252.7195	18593	26185	Plecotus austriacus	0.041	0.072	-1	Echolocation	192000	/home/adkris/Documents/mila-human-wav-txt/20220826_070000.WAV	1774	Waveform 1	1
LF	1252.7595666666666	20250.0	20160.0	19.406590744732437	1252.7525	1252.7646	20312	24759	Nyctalus leisleri	0.012	0.034	-1	Echolocation	192000	/home/adkris/Documents/mila-human-wav-txt/20220826_070000.WAV	1775	Waveform 1	1
HF	1252.7591666666667	61500.0	61440.0	6.1072561094002005	1252.7565	1252.7625	58984	65222	Pipistrellus pygmaeus	0.032	0.034	-1	Echolocation	192000	/home/adkris/Documents/mila-human-wav-txt/20220826_070000.WAV	1776	Waveform 1	1
LF	1252.759	20250.0	20160.0	19.94377826657977	1252.7575	1252.767	21171	25300	Nyctalus leisleri	0.018	0.039	-1	Echolocation	192000	/home/adkris/Documents/mila-human-wav-txt/20220826_070000.WAV	1777	Waveform 1	1
LF	1256.0845333333334	17250.0	17280.0	9.362767266882074	1256.0825	1256.0903	13437	26701	Plecotus auritus	0.013	0.023	-1	Echolocation	192000	/home/adkris/Documents/mila-human-wav-txt/20220826_070000.WAV	1778	Waveform 1	1
LF	1256.6047	17250.0	17280.0	7.645602116489333	1256.6025	1256.6218	16015	20186	Nyctalus noctula	0.043	0.054	-1	Echolocation	192000	/home/adkris/Documents/mila-human-wav-txt/20220826_070000.WAV	1779	Waveform 1	1
LF	1257.148	21750.0	22080.0	5.786649824416422	1257.1345	1257.153	21171	24887	Nyctalus leisleri	0.015	0.028	-1	Echolocation	192000	/home/adkris/Documents/mila-human-wav-txt/20220826_070000.WAV	1780	Waveform 1	1
LF	1257.1472	21000.0	22080.0	6.813497110164192	1257.1455	1257.1548	19453	26101	Plecotus austriacus	0.019	0.041	-1	Echolocation	192000	/home/adkris/Documents/mila-human-wav-txt/20220826_070000.WAV	1781	Waveform 1	1
LF	1257.4103	25500.0	25920.0	5.1414842251823405	1257.4065	1257.4172	23750	29799	Nyctalus leisleri	0.019	0.053	-1	Echolocation	192000	/home/adkris/Documents/mila-human-wav-txt/20220826_070000.WAV	1782	Waveform 1	1
LF	1257.4302666666667	23250.0	23040.0	5.313976389707204	1257.4255	1257.4364	22031	26908	Nyctalus leisleri	0.013	0.025	-1	Echolocation	192000	/home/adkris/Documents/mila-human-wav-txt/20220826_070000.WAV	1783	Waveform 1	1
LF	1258.9552666666666	15750.0	17280.0	7.753692842265655	1258.9525	1258.9619	14296	20209	Nyctalus noctula	0.009	0.026	-1	Echolocation	192000	/home/adkris/Documents/mila-human-wav-txt/20220826_070000.WAV	1784	Waveform 1	1
LF	1260.4878	21750.0	21120.0	7.984372655544672	1260.4855	1260.4942	19453	26402	Plecotus austriacus	0.028	0.056	-1	Echolocation	192000	/home/adkris/Documents/mila-human-wav-txt/20220826_070000.WAV	1785	Waveform 1	1
LF	1260.5074333333334	22500.0	22080.0	5.214299070079579	1260.5025	1260.5144	22890	26558	Nyctalus leisleri	0.014	0.023	-1	Echolocation	192000	/home/adkris/Documents/mila-human-wav-txt/20220826_070000.WAV	1786	Waveform 1	1
LF	1261.0051	20250.0	20160.0	9.850240250675666	1261.0005	1261.0104	18593	24703	Plecotus austriacus	0.035	0.113	-1	Echolocation	192000	/home/adkris/Documents/mila-human-wav-txt/20220826_070000.WAV	1787	Waveform 1	1
LF	1261.026933333333	21750.0	21120.0	8.62338487675679	1261.0155	1261.0279	21171	25559	Nyctalus leisleri	0.015	0.027	-1	Echolocation	192000	/home/adkris/Documents/mila-human-wav-txt/20220826_070000.WAV	1788	Waveform 1	1
LF	1261.4138333333333	21750.0	22080.0	6.184982446934124	1261.4075	1261.418	22031	27436	Nyctalus leisleri	0.013	0.032	-1	Echolocation	192000	/home/adkris/Documents/mila-human-wav-txt/20220826_070000.WAV	1789	Waveform 1	1
LF	1261.4148	19500.0	20160.0	7.173137235062484	1261.4125	1261.4177	13437	33267	Plecotus auritus	0.072	0.086	-1	Echolocation	192000	/home/adkris/Documents/mila-human-wav-txt/20220826_070000.WAV	1790	Waveform 1	1
LF	1261.9575666666667	21750.0	20160.0	8.740852741765199	1261.9555	1261.9656	18593	24214	Plecotus austriacus	0.01	0.025	-1	Echolocation	192000	/home/adkris/Documents/mila-human-wav-txt/20220826_070000.WAV	1791	Waveform 1	1
LF	1263.0631666666666	20250.0	20160.0	9.310481698963756	1263.0615	1263.0685	18593	27411	Plecotus austriacus	0.087	0.113	-1	Echolocation	192000	/home/adkris/Documents/mila-human-wav-txt/20220826_070000.WAV	1792	Waveform 1	1
LF	1263.0769666666667	22500.0	22080.0	6.83559607909702	1263.0725	1263.0837	22031	25929	Nyctalus leisleri	0.013	0.023	-1	Echolocation	192000	/home/adkris/Documents/mila-human-wav-txt/20220826_070000.WAV	1793	Waveform 1	1
LF	1263.3553	21750.0	22080.0	6.058187344957865	1263.3535	1263.3592	17734	32614	Plecotus austriacus	0.048	0.069	-1	Echolocation	192000	/home/adkris/Documents/mila-human-wav-txt/20220826_070000.WAV	1794	Waveform 1	1
LF	1264.7483666666667	20250.0	20160.0	7.582015964191827	1264.7445	1264.7598	18593	23742	Nyctalus noctula	0.027	0.044	-1	Echolocation	192000	/home/adkris/Documents/mila-human-wav-txt/20220826_070000.WAV	1795	Waveform 1	1
LF	1266.9678	19500.0	19200.0	12.084416895942349	1266.9665	1266.9797	17734	22252	Nyctalus noctula	0.018	0.031	-1	Echolocation	192000	/home/adkris/Documents/mila-human-wav-txt/20220826_070000.WAV	1796	Waveform 1	1
LF	1266.986	21000.0	23040.0	5.092885088477599	1266.9775	1266.987	22031	28538	Nyctalus leisleri	0.011	0.039	-1	Echolocation	192000	/home/adkris/Documents/mila-human-wav-txt/20220826_070000.WAV	1797	Waveform 1	1
LF	1267.969	19500.0	20160.0	12.84775381758834	1267.9675	1267.977	17734	23455	Plecotus austriacus	0.038	0.099	-1	Echolocation	192000	/home/adkris/Documents/mila-human-wav-txt/20220826_070000.WAV	1798	Waveform 1	1
LF	1269.708033333333	21000.0	22080.0	10.156833712583438	1269.7055	1269.7163	22031	24797	Nyctalus leisleri	0.022	0.04	-1	Echolocation	192000	/home/adkris/Documents/mila-human-wav-txt/20220826_070000.WAV	1799	Waveform 1	1
LF	1271.315	17250.0	17280.0	9.317681594918875	1271.3135	1271.323	16015	21351	Nyctalus noctula	0.016	0.036	-1	Echolocation	192000	/home/adkris/Documents/mila-human-wav-txt/20220826_070000.WAV	1800	Waveform 1	1
LF	1271.5174	21000.0	21120.0	6.324662612176828	1271.5125	1271.5256	19453	24405	Nyctalus noctula	0.026	0.061	-1	Echolocation	192000	/home/adkris/Documents/mila-human-wav-txt/20220826_070000.WAV	1801	Waveform 1	1
LF	1271.8187	21000.0	21120.0	6.764414439064804	1271.8145	1271.8248	18593	23954	Plecotus austriacus	0.022	0.06	-1	Echolocation	192000	/home/adkris/Documents/mila-human-wav-txt/20220826_070000.WAV	1802	Waveform 1	1
LF	1272.3930666666668	20250.0	20160.0	12.103508346206834	1272.3905	1272.4001	18593	25021	Plecotus austriacus	0.052	0.116	-1	Echolocation	192000	/home/adkris/Documents/mila-human-wav-txt/20220826_070000.WAV	1803	Waveform 1	1
LF	1272.8406666666667	20250.0	20160.0	7.321947866594687	1272.8375	1272.8465	18593	25907	Plecotus austriacus	0.028	0.046	-1	Echolocation	192000	/home/adkris/Documents/mila-human-wav-txt/20220826_070000.WAV	1804	Waveform 1	1
HF	1273.5349	48000.0	48960.0	7.394794743124874	1273.5325	1273.5376	31484	74707	Myotis brandtii	0.019	0.062	-1	Echolocation	192000	/home/adkris/Documents/mila-human-wav-txt/20220826_070000.WAV	1805	Waveform 1	1
LF	1276.2117	19500.0	20160.0	10.68948320478446	1276.2105	1276.2203	16875	24919	Plecotus austriacus	0.04	0.097	-1	Echolocation	192000	/home/adkris/Documents/mila-human-wav-txt/20220826_070000.WAV	1806	Waveform 1	1
HF	1276.4171333333334	52500.0	53760.00000000001	8.970361915949818	1276.4135	1276.4197	49531	59128	Pipistrellus pipistrellus	0.098	0.176	-1	Echolocation	192000	/home/adkris/Documents/mila-human-wav-txt/20220826_070000.WAV	1807	Waveform 1	1
LF	1276.4220333333333	18750.0	17280.0	5.411036013388831	1276.4175	1276.4333	18593	23487	Nyctalus noctula	0.011	0.022	-1	Echolocation	192000	/home/adkris/Documents/mila-human-wav-txt/20220826_070000.WAV	1808	Waveform 1	1
HF	1276.4653	51750.0	51840.0	6.757507956468367	1276.4625	1276.4672	46953	59412	Pipistrellus pipistrellus	0.139	0.183	-1	Echolocation	192000	/home/adkris/Documents/mila-human-wav-txt/20220826_070000.WAV	1809	Waveform 1	1
HF	1276.507833333333	54000.0	53760.00000000001	9.04793284165381	1276.5065	1276.5115	43515	63556	Myotis mystacinus	0.024	0.089	-1	Echolocation	192000	/home/adkris/Documents/mila-human-wav-txt/20220826_070000.WAV	1810	Waveform 1	1
HF	1276.6029	54750.0	54719.99999999999	7.242478907534377	1276.6005	1276.6056	34921	66819	Myotis mystacinus	0.014	0.036	-1	Echolocation	192000	/home/adkris/Documents/mila-human-wav-txt/20220826_070000.WAV	1811	Waveform 1	1
LF	1277.202266666667	19500.0	17280.0	7.630416862788502	1277.2005	1277.2074	14296	26523	Plecotus auritus	0.019	0.026	-1	Echolocation	192000	/home/adkris/Documents/mila-human-wav-txt/20220826_070000.WAV	1812	Waveform 1	1
LF	1279.5871	19500.0	20160.0	17.13113865408989	1279.5825	1279.5924	17734	23429	Plecotus austriacus	0.034	0.084	-1	Echolocation	192000	/home/adkris/Documents/mila-human-wav-txt/20220826_070000.WAV	1813	Waveform 1	1
LF	1279.5986	21000.0	21120.0	13.108821655420924	1279.5975	1279.6109	21171	24754	Nyctalus leisleri	0.024	0.036	-1	Echolocation	192000	/home/adkris/Documents/mila-human-wav-txt/20220826_070000.WAV	1814	Waveform 1	1
LF	1282.3973	21000.0	23040.0	5.182692524190214	1282.3965	1282.4032	18593	30571	Plecotus austriacus	0.036	0.052	-1	Echolocation	192000	/home/adkris/Documents/mila-human-wav-txt/20220826_070000.WAV	1815	Waveform 1	1
LF	1282.4979666666666	19500.0	20160.0	12.503404942946368	1282.4965	1282.5037	16015	25732	Plecotus auritus	0.044	0.084	-1	Echolocation	192000	/home/adkris/Documents/mila-human-wav-txt/20220826_070000.WAV	1816	Waveform 1	1
LF	1282.7747333333334	21750.0	23040.0	9.060191305675326	1282.7745	1282.7806	17734	30366	Plecotus austriacus	0.037	0.052	-1	Echolocation	192000	/home/adkris/Documents/mila-human-wav-txt/20220826_070000.WAV	1817	Waveform 1	1
LF	1282.9579	20250.0	20160.0	10.101145799040763	1282.9455	1282.9581	21171	25918	Nyctalus leisleri	0.013	0.025	-1	Echolocation	192000	/home/adkris/Documents/mila-human-wav-txt/20220826_070000.WAV	1818	Waveform 1	1
LF	1282.9573666666668	19500.0	20160.0	11.914514888079438	1282.9555	1282.9658	17734	23737	Plecotus austriacus	0.014	0.031	-1	Echolocation	192000	/home/adkris/Documents/mila-human-wav-txt/20220826_070000.WAV	1819	Waveform 1	1
LF	1282.9747	21000.0	21120.0	9.943032859617	1282.9675	1282.9783	21171	25956	Nyctalus leisleri	0.009	0.021	-1	Echolocation	192000	/home/adkris/Documents/mila-human-wav-txt/20220826_070000.WAV	1820	Waveform 1	1
LF	1283.0646	21000.0	22080.0	6.3318812438177385	1283.0605	1283.0709	19453	24718	Plecotus austriacus	0.012	0.039	-1	Echolocation	192000	/home/adkris/Documents/mila-human-wav-txt/20220826_070000.WAV	1821	Waveform 1	1
LF	1285.8172	22500.0	22080.0	9.288301801928874	1285.8125	1285.8258	22031	25695	Nyctalus leisleri	0.032	0.076	-1	Echolocation	192000	/home/adkris/Documents/mila-human-wav-txt/20220826_070000.WAV	1822	Waveform 1	1
LF	1286.3900666666666	21750.0	22080.0	5.468558621287778	1286.3845	1286.3981	19453	24650	Nyctalus noctula	0.014	0.037	-1	Echolocation	192000	/home/adkris/Documents/mila-human-wav-txt/20220826_070000.WAV	1823	Waveform 1	1
LF	1286.5135	19500.0	20160.0	6.419450983588807	1286.5085	1286.518	16875	22735	Plecotus auritus	0.011	0.035	-1	Echolocation	192000	/home/adkris/Documents/mila-human-wav-txt/20220826_070000.WAV	1824	Waveform 1	1
LF	1287.1188	21750.0	22080.0	6.397929029414199	1287.1175	1287.1237	19453	33022	Plecotus austriacus	0.023	0.044	-1	Echolocation	192000	/home/adkris/Documents/mila-human-wav-txt/20220826_070000.WAV	1825	Waveform 1	1
HF	1287.256	42000.0	43200.0	11.494505321116538	1287.2515	1287.258	29765	46071	Myotis daubentonii	0.011	0.025	-1	Echolocation	192000	/home/adkris/Documents/mila-human-wav-txt/20220826_070000.WAV	1826	Waveform 1	1
HF	1287.5293666666666	45000.0	44160.0	8.247233654528273	1287.5275	1287.5343	30625	45558	Barbastellus barbastellus	0.009	0.026	-1	Echolocation	192000	/home/adkris/Documents/mila-human-wav-txt/20220826_070000.WAV	1827	Waveform 1	1
LF	1293.3142666666668	21750.0	22080.0	11.953682147604136	1293.3125	1293.3194	17734	26929	Plecotus austriacus	0.053	0.078	-1	Echolocation	192000	/home/adkris/Documents/mila-human-wav-txt/20220826_070000.WAV	1828	Waveform 1	1
LF	1295.7818	20250.0	20160.0	11.71299887883681	1295.7785	1295.7862	17734	26679	Plecotus austriacus	0.051	0.076	-1	Echolocation	192000	/home/adkris/Documents/mila-human-wav-txt/20220826_070000.WAV	1829	Waveform 1	1
LF	1295.9026	21000.0	21120.0	7.28726971046732	1295.8955	1295.9064	22031	27764	Nyctalus leisleri	0.008	0.024	-1	Echolocation	192000	/home/adkris/Documents/mila-human-wav-txt/20220826_070000.WAV	1830	Waveform 1	1
LF	1295.9022333333332	21000.0	20160.0	9.03888228476556	1295.9015	1295.9106	18593	25082	Plecotus austriacus	0.014	0.027	-1	Echolocation	192000	/home/adkris/Documents/mila-human-wav-txt/20220826_070000.WAV	1831	Waveform 1	1
LF	1296.036	22500.0	22080.0	11.284757303539983	1296.0305	1296.0395	19453	25985	Plecotus austriacus	0.014	0.04	-1	Echolocation	192000	/home/adkris/Documents/mila-human-wav-txt/20220826_070000.WAV	1832	Waveform 1	1
LF	1298.0079	22500.0	23040.0	5.849824790337113	1298.0015	1298.0131	20312	26360	Nyctalus leisleri	0.017	0.046	-1	Echolocation	192000	/home/adkris/Documents/mila-human-wav-txt/20220826_070000.WAV	1833	Waveform 1	1
LF	1298.3106666666667	20250.0	20160.0	11.646209330091269	1298.3055	1298.316	18593	23868	Plecotus austriacus	0.02	0.066	-1	Echolocation	192000	/home/adkris/Documents/mila-human-wav-txt/20220826_070000.WAV	1834	Waveform 1	1
LF	1299.0618	16500.0	16320.000000000002	5.829699031015968	1299.0585	1299.0662	14296	21321	Plecotus auritus	0.02	0.025	-1	Echolocation	192000	/home/adkris/Documents/mila-human-wav-txt/20220826_070000.WAV	1835	Waveform 1	1
LF	1299.8500333333334	12750.0	13440.000000000002	6.427998771236761	1299.8475	1299.8548	12578	21438	Plecotus auritus	0.01	0.022	-1	Echolocation	192000	/home/adkris/Documents/mila-human-wav-txt/20220826_070000.WAV	1836	Waveform 1	1
LF	1300.9796	19500.0	19200.0	10.486134572958498	1300.9745	1300.9874	17734	22835	Nyctalus noctula	0.016	0.035	-1	Echolocation	192000	/home/adkris/Documents/mila-human-wav-txt/20220826_070000.WAV	1837	Waveform 1	1
LF	1301.4193	18750.0	19200.0	15.052100156542242	1301.4145	1301.4277	17734	22863	Nyctalus noctula	0.033	0.063	-1	Echolocation	192000	/home/adkris/Documents/mila-human-wav-txt/20220826_070000.WAV	1838	Waveform 1	1
LF	1301.9893	21000.0	21120.0	5.926247779669957	1301.9885	1301.9987	19453	24153	Plecotus austriacus	0.009	0.024	-1	Echolocation	192000	/home/adkris/Documents/mila-human-wav-txt/20220826_070000.WAV	1839	Waveform 1	1
LF	1302.0053	21750.0	22080.0	6.553128985806806	1302.0015	1302.0122	21171	27203	Nyctalus leisleri	0.013	0.029	-1	Echolocation	192000	/home/adkris/Documents/mila-human-wav-txt/20220826_070000.WAV	1840	Waveform 1	1
LF	1302.0623	15000.0	17280.0	6.231061940090497	1302.0605	1302.0662	13437	33470	Plecotus auritus	0.035	0.041	-1	Echolocation	192000	/home/adkris/Documents/mila-human-wav-txt/20220826_070000.WAV	1841	Waveform 1	1
LF	1302.3623666666667	21000.0	21120.0	9.36932137232814	1302.3605	1302.3708	19453	24058	Plecotus austriacus	0.021	0.058	-1	Echolocation	192000	/home/adkris/Documents/mila-human-wav-txt/20220826_070000.WAV	1842	Waveform 1	1
LF	1302.9192666666668	17250.0	17280.0	5.670319178398491	1302.9175	1302.9244	13437	29128	Plecotus auritus	0.017	0.026	-1	Echolocation	192000	/home/adkris/Documents/mila-human-wav-txt/20220826_070000.WAV	1843	Waveform 1	1
LF	1304.675	20250.0	20160.0	7.808208994896794	1304.6705	1304.6805	18593	24203	Plecotus austriacus	0.016	0.038	-1	Echolocation	192000	/home/adkris/Documents/mila-human-wav-txt/20220826_070000.WAV	1844	Waveform 1	1
LF	1305.0318333333332	20250.0	20160.0	8.261323616815845	1305.0285	1305.0385	18593	24020	Plecotus austriacus	0.026	0.055	-1	Echolocation	192000	/home/adkris/Documents/mila-human-wav-txt/20220826_070000.WAV	1845	Waveform 1	1
LF	1305.2054	14250.0	14400.0	5.6167391996266165	1305.2035	1305.2126	13437	17129	Nyctalus noctula	0.008	0.03	-1	Echolocation	192000	/home/adkris/Documents/mila-human-wav-txt/20220826_070000.WAV	1846	Waveform 1	1
LF	1305.4823333333334	16500.0	17280.0	5.596629183151647	1305.4805	1305.4885	14296	20985	Plecotus auritus	0.013	0.024	-1	Echolocation	192000	/home/adkris/Documents/mila-human-wav-txt/20220826_070000.WAV	1847	Waveform 1	1
LF	1307.3319333333334	19500.0	20160.0	6.064380861391872	1307.3265	1307.3414	18593	23896	Nyctalus noctula	0.02	0.035	-1	Echolocation	192000	/home/adkris/Documents/mila-human-wav-txt/20220826_070000.WAV	1848	Waveform 1	1
LF	1308.7474333333334	21000.0	22080.0	13.33833779620316	1308.7455	1308.7534	18593	26480	Plecotus austriacus	0.04	0.081	-1	Echolocation	192000	/home/adkris/Documents/mila-human-wav-txt/20220826_070000.WAV	1849	Waveform 1	1
LF	1309.2304	21750.0	22080.0	6.950855577872286	1309.2285	1309.2341	15156	32327	Plecotus auritus	0.03	0.056	-1	Echolocation	192000	/home/adkris/Documents/mila-human-wav-txt/20220826_070000.WAV	1850	Waveform 1	1
LF	1311.3028	21000.0	21120.0	10.774882573817212	1311.3015	1311.3112	19453	24679	Plecotus austriacus	0.021	0.057	-1	Echolocation	192000	/home/adkris/Documents/mila-human-wav-txt/20220826_070000.WAV	1851	Waveform 1	1
LF	1312.2927	20250.0	20160.0	9.793664543154122	1312.2885	1312.2988	18593	24427	Plecotus austriacus	0.034	0.091	-1	Echolocation	192000	/home/adkris/Documents/mila-human-wav-txt/20220826_070000.WAV	1852	Waveform 1	1
LF	1313.3652	23250.0	23040.0	9.148869988196337	1313.3635	1313.3728	22890	26869	Nyctalus leisleri	0.014	0.031	-1	Echolocation	192000	/home/adkris/Documents/mila-human-wav-txt/20220826_070000.WAV	1853	Waveform 1	1
LF	1314.4772333333333	17250.0	17280.0	8.750314952483881	1314.4755	1314.4871	16015	20986	Nyctalus noctula	0.041	0.073	-1	Echolocation	192000	/home/adkris/Documents/mila-human-wav-txt/20220826_070000.WAV	1854	Waveform 1	1
LF	1314.6413333333333	17250.0	20160.0	6.712358828940742	1314.6395	1314.6545	16875	20962	Nyctalus noctula	0.016	0.027	-1	Echolocation	192000	/home/adkris/Documents/mila-human-wav-txt/20220826_070000.WAV	1855	Waveform 1	1
LF	1315.1592	18000.0	20160.0	5.8828459559493655	1315.1585	1315.1688	15156	20289	Nyctalus noctula	0.013	0.024	-1	Echolocation	192000	/home/adkris/Documents/mila-human-wav-txt/20220826_070000.WAV	1856	Waveform 1	1
LF	1316.3264333333334	20250.0	17280.0	6.709087545409863	1316.3255	1316.3344	15156	21443	Nyctalus noctula	0.017	0.038	-1	Echolocation	192000	/home/adkris/Documents/mila-human-wav-txt/20220826_070000.WAV	1857	Waveform 1	1
LF	1317.1752	19500.0	19200.0	6.62807661804623	1317.1695	1317.1818	17734	23113	Nyctalus noctula	0.021	0.05	-1	Echolocation	192000	/home/adkris/Documents/mila-human-wav-txt/20220826_070000.WAV	1858	Waveform 1	1
LF	1319.2101333333333	19500.0	20160.0	5.534881613798412	1319.2075	1319.2147	16015	25055	Plecotus auritus	0.023	0.042	-1	Echolocation	192000	/home/adkris/Documents/mila-human-wav-txt/20220826_070000.WAV	1859	Waveform 1	1
LF	1321.3944333333334	20250.0	17280.0	8.97806532300419	1321.3935	1321.4059	15156	19921	Nyctalus noctula	0.017	0.027	-1	Echolocation	192000	/home/adkris/Documents/mila-human-wav-txt/20220826_070000.WAV	1860	Waveform 1	1
LF	1322.2786	21000.0	21120.0	6.683346096635977	1322.2775	1322.2874	20312	24442	Nyctalus leisleri	0.017	0.042	-1	Echolocation	192000	/home/adkris/Documents/mila-human-wav-txt/20220826_070000.WAV	1861	Waveform 1	1
LF	1323.0607	17250.0	17280.0	5.180631197279437	1323.0585	1323.0743	16875	21911	Nyctalus noctula	0.068	0.097	-1	Echolocation	192000	/home/adkris/Documents/mila-human-wav-txt/20220826_070000.WAV	1862	Waveform 1	1
LF	1324.0598	19500.0	20160.0	14.691547508598488	1324.0555	1324.0692	18593	23681	Nyctalus noctula	0.019	0.043	-1	Echolocation	192000	/home/adkris/Documents/mila-human-wav-txt/20220826_070000.WAV	1863	Waveform 1	1
LF	1324.0707333333332	20250.0	20160.0	11.427063161130302	1324.0695	1324.0816	21171	25716	Nyctalus leisleri	0.017	0.03	-1	Echolocation	192000	/home/adkris/Documents/mila-human-wav-txt/20220826_070000.WAV	1864	Waveform 1	1
LF	1324.3968666666667	21000.0	21120.0	9.974408928840583	1324.3955	1324.4063	19453	24437	Plecotus austriacus	0.008	0.024	-1	Echolocation	192000	/home/adkris/Documents/mila-human-wav-txt/20220826_070000.WAV	1865	Waveform 1	1
LF	1325.0665666666666	21000.0	21120.0	15.22495652234323	1325.0645	1325.0746	19453	24469	Nyctalus leisleri	0.036	0.101	-1	Echolocation	192000	/home/adkris/Documents/mila-human-wav-txt/20220826_070000.WAV	1866	Waveform 1	1
LF	1325.4970666666666	22500.0	24000.0	11.008493030656318	1325.4965	1325.5081	22031	24839	Nyctalus leisleri	0.02	0.034	-1	Echolocation	192000	/home/adkris/Documents/mila-human-wav-txt/20220826_070000.WAV	1867	Waveform 1	1
LF	1326.2112666666667	22500.0	22080.0	5.922280054620575	1326.2065	1326.2174	21171	26546	Nyctalus leisleri	0.02	0.07	-1	Echolocation	192000	/home/adkris/Documents/mila-human-wav-txt/20220826_070000.WAV	1868	Waveform 1	1
LF	1326.3493666666666	24000.0	22080.0	6.032214120364891	1326.3445	1326.3553	19453	25194	Plecotus austriacus	0.019	0.046	-1	Echolocation	192000	/home/adkris/Documents/mila-human-wav-txt/20220826_070000.WAV	1869	Waveform 1	1
LF	1326.5514666666666	19500.0	20160.0	6.986124272986829	1326.5505	1326.5617	18593	24103	Nyctalus noctula	0.012	0.029	-1	Echolocation	192000	/home/adkris/Documents/mila-human-wav-txt/20220826_070000.WAV	1870	Waveform 1	1
LF	1327.0306333333333	21750.0	22080.0	11.938113815254026	1327.0295	1327.0382	19453	26308	Plecotus austriacus	0.03	0.069	-1	Echolocation	192000	/home/adkris/Documents/mila-human-wav-txt/20220826_070000.WAV	1871	Waveform 1	1
LF	1327.7896	14250.0	14400.0	6.798499197288476	1327.7875	1327.7964	13437	18703	Plecotus auritus	0.008	0.025	-1	Echolocation	192000	/home/adkris/Documents/mila-human-wav-txt/20220826_070000.WAV	1872	Waveform 1	1
LF	1329.5356333333334	20250.0	20160.0	8.991615396805173	1329.5325	1329.5427	18593	24091	Plecotus austriacus	0.028	0.075	-1	Echolocation	192000	/home/adkris/Documents/mila-human-wav-txt/20220826_070000.WAV	1873	Waveform 1	1
LF	1329.5757333333331	16500.0	17280.0	7.251857325227286	1329.5745	1329.5831	14296	20197	Nyctalus noctula	0.012	0.03	-1	Echolocation	192000	/home/adkris/Documents/mila-human-wav-txt/20220826_070000.WAV	1874	Waveform 1	1
LF	1333.0195	21750.0	22080.0	6.327428570809542	1333.0185	1333.0285	20312	24111	Nyctalus leisleri	0.011	0.026	-1	Echolocation	192000	/home/adkris/Documents/mila-human-wav-txt/20220826_070000.WAV	1875	Waveform 1	1
LF	1333.6315333333334	20250.0	20160.0	10.99079109991099	1333.6295	1333.6373	18593	26719	Plecotus austriacus	0.071	0.108	-1	Echolocation	192000	/home/adkris/Documents/mila-human-wav-txt/20220826_070000.WAV	1876	Waveform 1	1
LF	1334.0188	19500.0	20160.0	6.226214926321839	1334.0175	1334.0272	20312	25532	Plecotus austriacus	0.009	0.028	-1	Echolocation	192000	/home/adkris/Documents/mila-human-wav-txt/20220826_070000.WAV	1877	Waveform 1	1
LF	1334.1732	20250.0	20160.0	10.28189314688505	1334.1685	1334.1783	18593	24759	Plecotus austriacus	0.034	0.089	-1	Echolocation	192000	/home/adkris/Documents/mila-human-wav-txt/20220826_070000.WAV	1878	Waveform 1	1
LF	1334.1901333333333	23250.0	23040.0	7.629660994682984	1334.1825	1334.1952	20312	24140	Nyctalus leisleri	0.015	0.024	-1	Echolocation	192000	/home/adkris/Documents/mila-human-wav-txt/20220826_070000.WAV	1879	Waveform 1	1
LF	1335.1652	20250.0	20160.0	6.307747977528808	1335.1615	1335.1758	18593	23621	Nyctalus noctula	0.025	0.046	-1	Echolocation	192000	/home/adkris/Documents/mila-human-wav-txt/20220826_070000.WAV	1880	Waveform 1	1
LF	1337.2050666666669	19500.0	20160.0	7.773053665581513	1337.2035	1337.2176	17734	23172	Nyctalus noctula	0.032	0.05	-1	Echolocation	192000	/home/adkris/Documents/mila-human-wav-txt/20220826_070000.WAV	1881	Waveform 1	1
LF	1338.4549333333334	20250.0	20160.0	16.963633043080975	1338.4535	1338.4619	18593	25759	Plecotus austriacus	0.051	0.084	-1	Echolocation	192000	/home/adkris/Documents/mila-human-wav-txt/20220826_070000.WAV	1882	Waveform 1	1
LF	1340.1712	19500.0	16320.000000000002	8.250863028794328	1340.1705	1340.1773	13437	27679	Plecotus auritus	0.018	0.026	-1	Echolocation	192000	/home/adkris/Documents/mila-human-wav-txt/20220826_070000.WAV	1883	Waveform 1	1
LF	1340.7301	12750.0	12480.0	12.105436119459831	1340.7285	1340.7379	12578	16596	Nyctalus leisleri	0.02	0.035	-1	Echolocation	192000	/home/adkris/Documents/mila-human-wav-txt/20220826_070000.WAV	1884	Waveform 1	1
LF	1341.2120333333332	21750.0	22080.0	10.165514555017134	1341.2075	1341.2163	19453	26872	Plecotus austriacus	0.05	0.127	-1	Echolocation	192000	/home/adkris/Documents/mila-human-wav-txt/20220826_070000.WAV	1885	Waveform 1	1
LF	1341.4438333333333	22500.0	24960.0	5.032765222788992	1341.4375	1341.448	23750	29284	Nyctalus leisleri	0.012	0.034	-1	Echolocation	192000	/home/adkris/Documents/mila-human-wav-txt/20220826_070000.WAV	1886	Waveform 1	1
LF	1341.4442333333334	20250.0	20160.0	8.271028675901565	1341.4425	1341.4471	14296	35757	Plecotus auritus	0.026	0.037	-1	Echolocation	192000	/home/adkris/Documents/mila-human-wav-txt/20220826_070000.WAV	1887	Waveform 1	1
LF	1342.2021666666667	18000.0	18240.0	9.368148346458431	1342.2015	1342.2165	16875	22124	Nyctalus noctula	0.018	0.027	-1	Echolocation	192000	/home/adkris/Documents/mila-human-wav-txt/20220826_070000.WAV	1888	Waveform 1	1
LF	1344.9744333333333	20250.0	20160.0	15.23413657931492	1344.9705	1344.9799	18593	24831	Plecotus austriacus	0.042	0.097	-1	Echolocation	192000	/home/adkris/Documents/mila-human-wav-txt/20220826_070000.WAV	1889	Waveform 1	1
LF	1347.8972	20250.0	20160.0	12.02516746618548	1347.8965	1347.9033	14296	28375	Plecotus auritus	0.012	0.024	-1	Echolocation	192000	/home/adkris/Documents/mila-human-wav-txt/20220826_070000.WAV	1890	Waveform 1	1
LF	1351.7193666666667	20250.0	20160.0	13.917155503142029	1351.7175	1351.7243	17734	27905	Plecotus austriacus	0.094	0.14	-1	Echolocation	192000	/home/adkris/Documents/mila-human-wav-txt/20220826_070000.WAV	1891	Waveform 1	1
LF	1353.3315	22500.0	23040.0	5.707037763756999	1353.3295	1353.335	15156	36849	Plecotus auritus	0.037	0.071	-1	Echolocation	192000	/home/adkris/Documents/mila-human-wav-txt/20220826_070000.WAV	1892	Waveform 1	1
LF	1353.6018	21750.0	22080.0	14.071820252119537	1353.5995	1353.6047	16875	31970	Plecotus austriacus	0.1	0.143	-1	Echolocation	192000	/home/adkris/Documents/mila-human-wav-txt/20220826_070000.WAV	1893	Waveform 1	1
LF	1354.102	23250.0	23040.0	6.427465940496017	1354.1005	1354.1065	18593	32072	Plecotus austriacus	0.038	0.055	-1	Echolocation	192000	/home/adkris/Documents/mila-human-wav-txt/20220826_070000.WAV	1894	Waveform 1	1
LF	1355.7378333333334	20250.0	20160.0	14.587596006214266	1355.7355	1355.743	16875	25863	Plecotus austriacus	0.06	0.097	-1	Echolocation	192000	/home/adkris/Documents/mila-human-wav-txt/20220826_070000.WAV	1895	Waveform 1	1
LF	1355.7650666666666	23250.0	23040.0	8.402930828589723	1355.7535	1355.7681	22031	26318	Nyctalus leisleri	0.014	0.025	-1	Echolocation	192000	/home/adkris/Documents/mila-human-wav-txt/20220826_070000.WAV	1896	Waveform 1	1
LF	1356.2122	20250.0	21120.0	13.21143850345317	1356.2085	1356.2193	19453	24271	Nyctalus leisleri	0.027	0.086	-1	Echolocation	192000	/home/adkris/Documents/mila-human-wav-txt/20220826_070000.WAV	1897	Waveform 1	1
LF	1356.8291333333334	24000.0	24000.0	6.629485360309204	1356.8275	1356.8357	22031	29243	Plecotus austriacus	0.072	0.153	-1	Echolocation	192000	/home/adkris/Documents/mila-human-wav-txt/20220826_070000.WAV	1898	Waveform 1	1
LF	1357.0853	19500.0	19200.0	12.278389341462326	1357.0805	1357.0972	18593	23321	Nyctalus noctula	0.055	0.08	-1	Echolocation	192000	/home/adkris/Documents/mila-human-wav-txt/20220826_070000.WAV	1899	Waveform 1	1
LF	1357.7909666666667	17250.0	17280.0	8.299948837219274	1357.7855	1357.8027	17734	22866	Nyctalus noctula	0.02	0.031	-1	Echolocation	192000	/home/adkris/Documents/mila-human-wav-txt/20220826_070000.WAV	1900	Waveform 1	1
LF	1360.1264	21000.0	23040.0	11.3032340555548	1360.1225	1360.1296	18593	32115	Plecotus austriacus	0.045	0.076	-1	Echolocation	192000	/home/adkris/Documents/mila-human-wav-txt/20220826_070000.WAV	1901	Waveform 1	1
LF	1360.1516666666666	18000.0	18240.0	6.598408716448283	1360.1475	1360.166	16875	20956	Nyctalus noctula	0.045	0.064	-1	Echolocation	192000	/home/adkris/Documents/mila-human-wav-txt/20220826_070000.WAV	1902	Waveform 1	1
LF	1360.4748	21000.0	21120.0	12.654102360171342	1360.4705	1360.4807	18593	23941	Plecotus austriacus	0.023	0.069	-1	Echolocation	192000	/home/adkris/Documents/mila-human-wav-txt/20220826_070000.WAV	1903	Waveform 1	1
LF	1361.305	20250.0	20160.0	8.246716706883587	1361.2915	1361.31	21171	24209	Nyctalus leisleri	0.017	0.031	-1	Echolocation	192000	/home/adkris/Documents/mila-human-wav-txt/20220826_070000.WAV	1904	Waveform 1	1
LF	1361.3055333333334	19500.0	20160.0	10.160413335386622	1361.3035	1361.3113	17734	26086	Plecotus austriacus	0.053	0.092	-1	Echolocation	192000	/home/adkris/Documents/mila-human-wav-txt/20220826_070000.WAV	1905	Waveform 1	1
LF	1363.4209	20250.0	22080.0	12.007748747557038	1363.4165	1363.4266	19453	24934	Plecotus austriacus	0.029	0.084	-1	Echolocation	192000	/home/adkris/Documents/mila-human-wav-txt/20220826_070000.WAV	1906	Waveform 1	1
LF	1363.9575666666667	21750.0	21120.0	9.497781774963938	1363.9525	1363.9631	19453	25208	Nyctalus noctula	0.034	0.127	-1	Echolocation	192000	/home/adkris/Documents/mila-human-wav-txt/20220826_070000.WAV	1907	Waveform 1	1
LF	1364.0704	20250.0	22080.0	5.070310853247061	1364.0655	1364.0751	20312	26423	Plecotus austriacus	0.014	0.03	-1	Echolocation	192000	/home/adkris/Documents/mila-human-wav-txt/20220826_070000.WAV	1908	Waveform 1	1
LF	1367.6028666666666	19500.0	20160.0	19.158036495150416	1367.5975	1367.6078	18593	23928	Plecotus austriacus	0.032	0.108	-1	Echolocation	192000	/home/adkris/Documents/mila-human-wav-txt/20220826_070000.WAV	1909	Waveform 1	1
LF	1367.7049	21000.0	21120.0	7.787070199299091	1367.6995	1367.7086	19453	25772	Plecotus austriacus	0.025	0.057	-1	Echolocation	192000	/home/adkris/Documents/mila-human-wav-txt/20220826_070000.WAV	1910	Waveform 1	1
LF	1369.4152333333334	21000.0	20160.0	11.01237431382616	1369.4095	1369.4171	15156	28209	Plecotus auritus	0.03	0.062	-1	Echolocation	192000	/home/adkris/Documents/mila-human-wav-txt/20220826_070000.WAV	1911	Waveform 1	1
LF	1369.432366666667	21750.0	22080.0	8.139940609264539	1369.4245	1369.4428	21171	25202	Nyctalus leisleri	0.012	0.024	-1	Echolocation	192000	/home/adkris/Documents/mila-human-wav-txt/20220826_070000.WAV	1912	Waveform 1	1
LF	1369.9940666666666	22500.0	22080.0	13.937415344090104	1369.9895	1369.9971	16875	26068	Plecotus austriacus	0.023	0.042	-1	Echolocation	192000	/home/adkris/Documents/mila-human-wav-txt/20220826_070000.WAV	1913	Waveform 1	1
LF	1370.7462666666668	21750.0	21120.0	13.902710695530477	1370.7445	1370.7514	17734	27765	Plecotus austriacus	0.061	0.086	-1	Echolocation	192000	/home/adkris/Documents/mila-human-wav-txt/20220826_070000.WAV	1914	Waveform 1	1
LF	1371.0933333333332	19500.0	20160.0	5.517342581116532	1371.0885	1371.1005	18593	23783	Nyctalus noctula	0.025	0.068	-1	Echolocation	192000	/home/adkris/Documents/mila-human-wav-txt/20220826_070000.WAV	1915	Waveform 1	1
LF	1372.7654	14250.0	14400.0	5.370230069025932	1372.7635	1372.7726	13437	19298	Plecotus auritus	0.01	0.021	-1	Echolocation	192000	/home/adkris/Documents/mila-human-wav-txt/20220826_070000.WAV	1916	Waveform 1	1
LF	1373.0923	17250.0	17280.0	8.1174512160856	1373.0905	1373.0997	16015	23032	Nyctalus noctula	0.016	0.043	-1	Echolocation	192000	/home/adkris/Documents/mila-human-wav-txt/20220826_070000.WAV	1917	Waveform 1	1
LF	1376.217133333333	19500.0	19200.0	5.044099832670782	1376.2135	1376.2232	17734	23740	Plecotus austriacus	0.032	0.084	-1	Echolocation	192000	/home/adkris/Documents/mila-human-wav-txt/20220826_070000.WAV	1918	Waveform 1	1
LF	1376.7277666666666	20250.0	20160.0	16.878037240031524	1376.7265	1376.7339	17734	30181	Plecotus austriacus	0.046	0.065	-1	Echolocation	192000	/home/adkris/Documents/mila-human-wav-txt/20220826_070000.WAV	1919	Waveform 1	1
LF	1377.8948	20250.0	20160.0	5.607041008590274	1377.8935	1377.9032	19453	24572	Plecotus austriacus	0.015	0.034	-1	Echolocation	192000	/home/adkris/Documents/mila-human-wav-txt/20220826_070000.WAV	1920	Waveform 1	1
LF	1378.3261	21000.0	21120.0	5.251604183481983	1378.3245	1378.3304	17734	31743	Plecotus austriacus	0.047	0.075	-1	Echolocation	192000	/home/adkris/Documents/mila-human-wav-txt/20220826_070000.WAV	1921	Waveform 1	1
LF	1378.4469	20250.0	20160.0	8.709115100611209	1378.4455	1378.4516	14296	31611	Plecotus auritus	0.019	0.023	-1	Echolocation	192000	/home/adkris/Documents/mila-human-wav-txt/20220826_070000.WAV	1922	Waveform 1	1
LF	1378.6617	22500.0	23040.0	5.445680762688693	1378.6575	1378.6678	21171	25832	Nyctalus leisleri	0.01	0.027	-1	Echolocation	192000	/home/adkris/Documents/mila-human-wav-txt/20220826_070000.WAV	1923	Waveform 1	1
LF	1380.6147	20250.0	20160.0	7.142821078629485	1380.6145	1380.6218	15156	25105	Plecotus austriacus	0.02	0.049	-1	Echolocation	192000	/home/adkris/Documents/mila-human-wav-txt/20220826_070000.WAV	1924	Waveform 1	1
LF	1382.0300333333332	13500.0	13440.000000000002	7.654838684163641	1382.0275	1382.0383	12578	16979	Nyctalus leisleri	0.026	0.033	-1	Echolocation	192000	/home/adkris/Documents/mila-human-wav-txt/20220826_070000.WAV	1925	Waveform 1	1
LF	1382.108966666667	20250.0	20160.0	15.83313068969536	1382.1075	1382.1147	16875	26220	Plecotus austriacus	0.064	0.09	-1	Echolocation	192000	/home/adkris/Documents/mila-human-wav-txt/20220826_070000.WAV	1926	Waveform 1	1
LF	1382.1200666666666	21000.0	21120.0	11.410402026464135	1382.1195	1382.1311	20312	24205	Nyctalus leisleri	0.014	0.023	-1	Echolocation	192000	/home/adkris/Documents/mila-human-wav-txt/20220826_070000.WAV	1927	Waveform 1	1
LF	1384.3151333333333	17250.0	18240.0	5.18932530772836	1384.3125	1384.3197	15156	24354	Plecotus auritus	0.062	0.083	-1	Echolocation	192000	/home/adkris/Documents/mila-human-wav-txt/20220826_070000.WAV	1928	Waveform 1	1
LF	1385.067	23250.0	23040.0	5.370238173140401	1385.0615	1385.0705	21171	27847	Plecotus austriacus	0.014	0.04	-1	Echolocation	192000	/home/adkris/Documents/mila-human-wav-txt/20220826_070000.WAV	1929	Waveform 1	1
LF	1385.0662	21000.0	22080.0	5.105875326265158	1385.0645	1385.0703	16015	30805	Plecotus austriacus	0.021	0.044	-1	Echolocation	192000	/home/adkris/Documents/mila-human-wav-txt/20220826_070000.WAV	1930	Waveform 1	1
LF	1385.9392666666668	20250.0	20160.0	19.25315770745764	1385.9335	1385.9434	18593	24446	Plecotus austriacus	0.024	0.074	-1	Echolocation	192000	/home/adkris/Documents/mila-human-wav-txt/20220826_070000.WAV	1931	Waveform 1	1
LF	1388.8853333333334	21750.0	20160.0	5.838750134218103	1388.8825	1388.8895	15156	29426	Plecotus auritus	0.021	0.03	-1	Echolocation	192000	/home/adkris/Documents/mila-human-wav-txt/20220826_070000.WAV	1932	Waveform 1	1
LF	1390.2819333333334	21750.0	22080.0	6.493731358110858	1390.2785	1390.2884	21171	25213	Nyctalus leisleri	0.01	0.027	-1	Echolocation	192000	/home/adkris/Documents/mila-human-wav-txt/20220826_070000.WAV	1933	Waveform 1	1
LF	1391.1243	20250.0	20160.0	13.593189826941646	1391.1205	1391.1312	18593	23927	Plecotus austriacus	0.021	0.059	-1	Echolocation	192000	/home/adkris/Documents/mila-human-wav-txt/20220826_070000.WAV	1934	Waveform 1	1
LF	1392.66	21000.0	20160.0	9.203796779143143	1392.6585	1392.6645	17734	29826	Plecotus austriacus	0.135	0.175	-1	Echolocation	192000	/home/adkris/Documents/mila-human-wav-txt/20220826_070000.WAV	1935	Waveform 1	1
LF	1394.1777333333334	19500.0	20160.0	5.283560998340652	1394.1755	1394.1866	19453	24154	Nyctalus leisleri	0.009	0.031	-1	Echolocation	192000	/home/adkris/Documents/mila-human-wav-txt/20220826_070000.WAV	1936	Waveform 1	1
LF	1395.0462333333332	22500.0	23040.0	6.246061620935535	1395.0455	1395.0511	18593	32055	Plecotus austriacus	0.054	0.077	-1	Echolocation	192000	/home/adkris/Documents/mila-human-wav-txt/20220826_070000.WAV	1937	Waveform 1	1
HF	1396.1684333333333	55500.0	53760.00000000001	6.158642425226515	1396.1665	1396.1709	48671	59915	Pipistrellus pipistrellus	0.086	0.112	-1	Echolocation	192000	/home/adkris/Documents/mila-human-wav-txt/20220826_070000.WAV	1938	Waveform 1	1
LF	1396.3793666666666	21000.0	21120.0	9.11156162501134	1396.3645	1396.3828	17734	22490	Nyctalus noctula	0.018	0.025	-1	Echolocation	192000	/home/adkris/Documents/mila-human-wav-txt/20220826_070000.WAV	1939	Waveform 1	1
LF	1396.3791333333334	21000.0	21120.0	9.659813711211108	1396.3775	1396.3892	21171	23914	Nyctalus leisleri	0.021	0.036	-1	Echolocation	192000	/home/adkris/Documents/mila-human-wav-txt/20220826_070000.WAV	1940	Waveform 1	1
HF	1396.482166666667	49500.0	45120.0	5.7092421630718695	1396.4795	1396.4855	32343	69443	Myotis brandtii	0.013	0.036	-1	Echolocation	192000	/home/adkris/Documents/mila-human-wav-txt/20220826_070000.WAV	1941	Waveform 1	1
HF	1397.0384666666666	49500.0	49920.0	10.461635695968251	1397.0355	1397.0412	32343	67540	Myotis brandtii	0.011	0.031	-1	Echolocation	192000	/home/adkris/Documents/mila-human-wav-txt/20220826_070000.WAV	1942	Waveform 1	1
LF	1398.6288	21750.0	22080.0	10.576883066263044	1398.6245	1398.6347	18593	25231	Plecotus austriacus	0.037	0.082	-1	Echolocation	192000	/home/adkris/Documents/mila-human-wav-txt/20220826_070000.WAV	1943	Waveform 1	1
LF	1400.7300333333333	20250.0	20160.0	16.57553075228713	1400.7275	1400.7348	16875	25207	Plecotus austriacus	0.065	0.122	-1	Echolocation	192000	/home/adkris/Documents/mila-human-wav-txt/20220826_070000.WAV	1944	Waveform 1	1
HF	1401.8409666666666	49500.0	48960.0	5.090931193891901	1401.8385	1401.8447	33203	61163	Myotis mystacinus	0.007	0.024	-1	Echolocation	192000	/home/adkris/Documents/mila-human-wav-txt/20220826_070000.WAV	1945	Waveform 1	1
LF	1402.3629	16500.0	19200.0	5.989491926820167	1402.3615	1402.3676	13437	27060	Plecotus auritus	0.019	0.024	-1	Echolocation	192000	/home/adkris/Documents/mila-human-wav-txt/20220826_070000.WAV	1946	Waveform 1	1
HF	1402.8766333333333	54000.0	52800.00000000001	5.707449580931868	1402.8755	1402.8807	32343	69667	Myotis mystacinus	0.013	0.04	-1	Echolocation	192000	/home/adkris/Documents/mila-human-wav-txt/20220826_070000.WAV	1947	Waveform 1	1
LF	1405.7788333333333	21750.0	22080.0	7.069279521624619	1405.7775	1405.7825	17734	32923	Plecotus austriacus	0.109	0.15	-1	Echolocation	192000	/home/adkris/Documents/mila-human-wav-txt/20220826_070000.WAV	1948	Waveform 1	1
LF	1405.8420666666666	21750.0	22080.0	6.458924971992386	1405.8405	1405.8511	21171	25280	Nyctalus leisleri	0.011	0.024	-1	Echolocation	192000	/home/adkris/Documents/mila-human-wav-txt/20220826_070000.WAV	1949	Waveform 1	1
HF	1406.248	53250.0	53760.00000000001	7.150080678553373	1406.2455	1406.2505	50390	58254	Pipistrellus pipistrellus	0.055	0.069	-1	Echolocation	192000	/home/adkris/Documents/mila-human-wav-txt/20220826_070000.WAV	1950	Waveform 1	1
HF	1406.2474666666667	54750.0	53760.00000000001	5.98312860477008	1406.2465	1406.2507	44375	62064	Myotis alcathoe	0.039	0.134	-1	Echolocation	192000	/home/adkris/Documents/mila-human-wav-txt/20220826_070000.WAV	1951	Waveform 1	1
LF	1407.4785	24000.0	24000.0	11.554691892246556	1407.4765	1407.482	18593	34309	Plecotus austriacus	0.095	0.127	-1	Echolocation	192000	/home/adkris/Documents/mila-human-wav-txt/20220826_070000.WAV	1952	Waveform 1	1
LF	1407.5406666666668	21750.0	21120.0	16.703639045364017	1407.5385	1407.545	16875	31300	Plecotus austriacus	0.099	0.152	-1	Echolocation	192000	/home/adkris/Documents/mila-human-wav-txt/20220826_070000.WAV	1953	Waveform 1	1
LF	1408.8066333333334	17250.0	17280.0	7.038868719685385	1408.8015	1408.8167	16875	22163	Nyctalus noctula	0.014	0.023	-1	Echolocation	192000	/home/adkris/Documents/mila-human-wav-txt/20220826_070000.WAV	1954	Waveform 1	1
LF	1409.1335333333334	20250.0	21120.0	5.17605915970596	1409.1295	1409.1388	18593	25785	Plecotus austriacus	0.023	0.044	-1	Echolocation	192000	/home/adkris/Documents/mila-human-wav-txt/20220826_070000.WAV	1955	Waveform 1	1
LF	1409.6386333333332	17250.0	20160.0	13.179888907407127	1409.6375	1409.6427	14296	34071	Plecotus auritus	0.072	0.113	-1	Echolocation	192000	/home/adkris/Documents/mila-human-wav-txt/20220826_070000.WAV	1956	Waveform 1	1
LF	1410.5122666666666	24750.0	23040.0	5.949484817151315	1410.5065	1410.5164	23750	29479	Eptesicus serotinus	0.012	0.039	-1	Echolocation	192000	/home/adkris/Documents/mila-human-wav-txt/20220826_070000.WAV	1957	Waveform 1	1
LF	1411.5481	21000.0	21120.0	8.524219043181576	1411.5425	1411.5584	19453	23922	Nyctalus noctula	0.033	0.061	-1	Echolocation	192000	/home/adkris/Documents/mila-human-wav-txt/20220826_070000.WAV	1958	Waveform 1	1
LF	1412.6641333333334	19500.0	22080.0	5.36591310312747	1412.6615	1412.6687	13437	25421	Plecotus auritus	0.032	0.037	-1	Echolocation	192000	/home/adkris/Documents/mila-human-wav-txt/20220826_070000.WAV	1959	Waveform 1	1
LF	1412.7745	19500.0	20160.0	11.265424282700224	1412.7695	1412.786	19453	23671	Nyctalus noctula	0.014	0.029	-1	Echolocation	192000	/home/adkris/Documents/mila-human-wav-txt/20220826_070000.WAV	1960	Waveform 1	1
LF	1413.1107	15750.0	16320.000000000002	5.592801977987564	1413.1095	1413.1158	13437	25322	Plecotus auritus	0.021	0.033	-1	Echolocation	192000	/home/adkris/Documents/mila-human-wav-txt/20220826_070000.WAV	1961	Waveform 1	1
LF	1413.6363	21750.0	22080.0	8.887836242435585	1413.6305	1413.6392	19453	26803	Plecotus austriacus	0.027	0.055	-1	Echolocation	192000	/home/adkris/Documents/mila-human-wav-txt/20220826_070000.WAV	1962	Waveform 1	1
LF	1413.6987	15000.0	15360.0	5.251008608522865	1413.6975	1413.7038	13437	25759	Plecotus auritus	0.025	0.035	-1	Echolocation	192000	/home/adkris/Documents/mila-human-wav-txt/20220826_070000.WAV	1963	Waveform 1	1
LF	1417.958566666667	12750.0	13440.000000000002	5.218218828307156	1417.9575	1417.9651	12578	21641	Plecotus auritus	0.009	0.022	-1	Echolocation	192000	/home/adkris/Documents/mila-human-wav-txt/20220826_070000.WAV	1964	Waveform 1	1
LF	1419.0497	21000.0	20160.0	5.233906211492493	1419.0485	1419.0618	17734	23248	Nyctalus noctula	0.012	0.021	-1	Echolocation	192000	/home/adkris/Documents/mila-human-wav-txt/20220826_070000.WAV	1965	Waveform 1	1
LF	1419.965333333333	21000.0	21120.0	5.278485843043423	1419.9585	1419.972	21171	24616	Nyctalus leisleri	0.013	0.02	-1	Echolocation	192000	/home/adkris/Documents/mila-human-wav-txt/20220826_070000.WAV	1966	Waveform 1	1
LF	1420.0033666666666	17250.0	17280.0	5.040465082325617	1420.0015	1420.0083	15156	25258	Plecotus auritus	0.024	0.054	-1	Echolocation	192000	/home/adkris/Documents/mila-human-wav-txt/20220826_070000.WAV	1967	Waveform 1	1
LF	1420.1012333333333	18750.0	16320.000000000002	6.596790010672563	1420.1005	1420.1061	13437	32645	Plecotus auritus	0.059	0.072	-1	Echolocation	192000	/home/adkris/Documents/mila-human-wav-txt/20220826_070000.WAV	1968	Waveform 1	1
LF	1420.2426	24000.0	20160.0	6.256100509535195	1420.2405	1420.2459	18593	33750	Plecotus austriacus	0.044	0.069	-1	Echolocation	192000	/home/adkris/Documents/mila-human-wav-txt/20220826_070000.WAV	1969	Waveform 1	1
LF	1421.7851666666666	21000.0	20160.0	13.328741309883313	1421.7795	1421.7965	20312	25187	Nyctalus noctula	0.015	0.027	-1	Echolocation	192000	/home/adkris/Documents/mila-human-wav-txt/20220826_070000.WAV	1970	Waveform 1	1
LF	1421.7855333333334	20250.0	20160.0	12.821781199019354	1421.7855	1421.8023	20312	24607	Nyctalus noctula	0.015	0.03	-1	Echolocation	192000	/home/adkris/Documents/mila-human-wav-txt/20220826_070000.WAV	1971	Waveform 1	1
LF	1421.971	21000.0	21120.0	9.540201815519143	1421.9695	1421.9755	15156	32152	Plecotus auritus	0.029	0.049	-1	Echolocation	192000	/home/adkris/Documents/mila-human-wav-txt/20220826_070000.WAV	1972	Waveform 1	1
LF	1421.9927	20250.0	20160.0	5.820173036695739	1421.9855	1421.9963	20312	25783	Nyctalus leisleri	0.007	0.022	-1	Echolocation	192000	/home/adkris/Documents/mila-human-wav-txt/20220826_070000.WAV	1973	Waveform 1	1
LF	1422.3389	20250.0	21120.0	22.18856401055936	1422.3365	1422.3416	16875	31450	Plecotus austriacus	0.123	0.182	-1	Echolocation	192000	/home/adkris/Documents/mila-human-wav-txt/20220826_070000.WAV	1974	Waveform 1	1
LF	1422.5997333333332	20250.0	20160.0	7.02451099623158	1422.5985	1422.6071	15156	22316	Plecotus auritus	0.02	0.042	-1	Echolocation	192000	/home/adkris/Documents/mila-human-wav-txt/20220826_070000.WAV	1975	Waveform 1	1
LF	1424.9436	17250.0	15360.0	8.201809304865144	1424.9425	1424.9489	13437	25833	Plecotus auritus	0.015	0.026	-1	Echolocation	192000	/home/adkris/Documents/mila-human-wav-txt/20220826_070000.WAV	1976	Waveform 1	1
LF	1425.4963333333333	21000.0	21120.0	5.389320333576427	1425.4955	1425.501	15156	28800	Plecotus auritus	0.017	0.024	-1	Echolocation	192000	/home/adkris/Documents/mila-human-wav-txt/20220826_070000.WAV	1977	Waveform 1	1
LF	1425.8591666666666	22500.0	22080.0	6.763443239777417	1425.8575	1425.8645	16875	28609	Plecotus austriacus	0.037	0.059	-1	Echolocation	192000	/home/adkris/Documents/mila-human-wav-txt/20220826_070000.WAV	1978	Waveform 1	1
HF	1426.494333333333	44250.0	45120.0	5.582083241384822	1426.4915	1426.4985	29765	51251	Myotis daubentonii	0.01	0.025	-1	Echolocation	192000	/home/adkris/Documents/mila-human-wav-txt/20220826_070000.WAV	1979	Waveform 1	1
LF	1426.6146666666666	20250.0	20160.0	7.1500937609835535	1426.6145	1426.623	15156	19650	Nyctalus noctula	0.011	0.03	-1	Echolocation	192000	/home/adkris/Documents/mila-human-wav-txt/20220826_070000.WAV	1980	Waveform 1	1
LF	1426.9402	42000.0	39360.0	6.87893410157395	1426.9355	1426.9418	29765	44644	Barbastellus barbastellus	0.007	0.025	-1	Echolocation	192000	/home/adkris/Documents/mila-human-wav-txt/20220826_070000.WAV	1981	Waveform 1	1
LF	1427.6674333333333	42750.0	44160.0	7.647546987508579	1427.6615	1427.6689	27187	42168	Eptesicus serotinus	0.007	0.022	-1	Echolocation	192000	/home/adkris/Documents/mila-human-wav-txt/20220826_070000.WAV	1982	Waveform 1	1
HF	1427.6694666666667	45750.0	47040.0	11.648247819082032	1427.6635	1427.6697	46093	57192	Pipistrellus pipistrellus	0.017	0.037	-1	Echolocation	192000	/home/adkris/Documents/mila-human-wav-txt/20220826_070000.WAV	1983	Waveform 1	1
LF	1428.6338	21750.0	22080.0	6.227026266849976	1428.6325	1428.6387	19453	31993	Plecotus austriacus	0.063	0.092	-1	Echolocation	192000	/home/adkris/Documents/mila-human-wav-txt/20220826_070000.WAV	1984	Waveform 1	1
LF	1430.5971	19500.0	20160.0	6.886270237369957	1430.5935	1430.6079	16875	21376	Nyctalus noctula	0.036	0.057	-1	Echolocation	192000	/home/adkris/Documents/mila-human-wav-txt/20220826_070000.WAV	1985	Waveform 1	1
LF	1431.881566666667	21750.0	22080.0	12.949544090808152	1431.8795	1431.8861	17734	26954	Plecotus austriacus	0.067	0.092	-1	Echolocation	192000	/home/adkris/Documents/mila-human-wav-txt/20220826_070000.WAV	1986	Waveform 1	1
LF	1434.1712666666667	24000.0	23040.0	6.288721700344768	1434.1655	1434.1754	23750	29975	Nyctalus leisleri	0.018	0.056	-1	Echolocation	192000	/home/adkris/Documents/mila-human-wav-txt/20220826_070000.WAV	1987	Waveform 1	1
LF	1434.1714333333334	24000.0	23040.0	5.374901833075621	1434.1655	1434.1729	18593	30243	Plecotus austriacus	0.025	0.049	-1	Echolocation	192000	/home/adkris/Documents/mila-human-wav-txt/20220826_070000.WAV	1988	Waveform 1	1
LF	1434.1889	22500.0	22080.0	5.059966906804875	1434.1815	1434.1921	22031	26754	Nyctalus leisleri	0.011	0.021	-1	Echolocation	192000	/home/adkris/Documents/mila-human-wav-txt/20220826_070000.WAV	1989	Waveform 1	1
LF	1435.5493666666666	21750.0	22080.0	5.580486728923056	1435.5475	1435.5578	21171	24887	Nyctalus leisleri	0.016	0.037	-1	Echolocation	192000	/home/adkris/Documents/mila-human-wav-txt/20220826_070000.WAV	1990	Waveform 1	1
LF	1436.67	20250.0	20160.0	16.301697725564118	1436.6685	1436.6745	16875	30468	Plecotus austriacus	0.14	0.197	-1	Echolocation	192000	/home/adkris/Documents/mila-human-wav-txt/20220826_070000.WAV	1991	Waveform 1	1
LF	1438.0551333333333	18750.0	19200.0	6.32061936332229	1438.0485	1438.0657	18593	23271	Nyctalus noctula	0.013	0.022	-1	Echolocation	192000	/home/adkris/Documents/mila-human-wav-txt/20220826_070000.WAV	1992	Waveform 1	1
HF	1438.2476	46500.0	48960.0	7.79369252844057	1438.2455	1438.2509	31484	73632	Myotis mystacinus	0.016	0.037	-1	Echolocation	192000	/home/adkris/Documents/mila-human-wav-txt/20220826_070000.WAV	1993	Waveform 1	1
HF	1438.3216	49500.0	48960.0	5.375371472327154	1438.3195	1438.3249	32343	63297	Myotis mystacinus	0.011	0.037	-1	Echolocation	192000	/home/adkris/Documents/mila-human-wav-txt/20220826_070000.WAV	1994	Waveform 1	1
LF	1439.8379666666667	19500.0	20160.0	5.059921051519888	1439.8365	1439.8437	14296	25188	Plecotus auritus	0.023	0.033	-1	Echolocation	192000	/home/adkris/Documents/mila-human-wav-txt/20220826_070000.WAV	1995	Waveform 1	1
LF	1440.2673333333332	21000.0	21120.0	8.478421850115678	1440.2665	1440.272	14296	32979	Plecotus auritus	0.078	0.099	-1	Echolocation	192000	/home/adkris/Documents/mila-human-wav-txt/20220826_070000.WAV	1996	Waveform 1	1
LF	1441.4143666666666	20250.0	20160.0	10.624446177168938	1441.4085	1441.4253	19453	23612	Nyctalus noctula	0.015	0.027	-1	Echolocation	192000	/home/adkris/Documents/mila-human-wav-txt/20220826_070000.WAV	1997	Waveform 1	1
LF	1441.4291	22500.0	21120.0	6.920137739691886	1441.4195	1441.4314	22031	27541	Nyctalus leisleri	0.017	0.037	-1	Echolocation	192000	/home/adkris/Documents/mila-human-wav-txt/20220826_070000.WAV	1998	Waveform 1	1
LF	1444.0902333333331	21750.0	22080.0	5.173870692619456	1444.0855	1444.1011	20312	23865	Nyctalus leisleri	0.018	0.045	-1	Echolocation	192000	/home/adkris/Documents/mila-human-wav-txt/20220826_070000.WAV	1999	Waveform 1	1
HF	1445.8645333333334	54000.0	46080.0	5.67264122680637	1445.8625	1445.8668	44375	64060	Myotis alcathoe	0.04	0.121	-1	Echolocation	192000	/home/adkris/Documents/mila-human-wav-txt/20220826_070000.WAV	2000	Waveform 1	1
HF	1445.8644666666669	56250.0	56640.0	5.571997833358802	1445.8625	1445.8692	55546	65261	Pipistrellus pygmaeus	0.032	0.032	-1	Echolocation	192000	/home/adkris/Documents/mila-human-wav-txt/20220826_070000.WAV	2001	Waveform 1	1
HF	1445.9251333333334	48750.0	52800.00000000001	5.152809994292198	1445.9235	1445.9282	36640	70360	Myotis mystacinus	0.017	0.045	-1	Echolocation	192000	/home/adkris/Documents/mila-human-wav-txt/20220826_070000.WAV	2002	Waveform 1	1
HF	1445.9819333333332	55500.0	48960.0	5.453512155752626	1445.9785	1445.9849	46953	61494	Pipistrellus pipistrellus	0.077	0.116	-1	Echolocation	192000	/home/adkris/Documents/mila-human-wav-txt/20220826_070000.WAV	2003	Waveform 1	1
HF	1446.0046333333332	45750.0	45120.0	10.68050476174644	1446.0015	1446.0082	30625	55695	Myotis daubentonii	0.007	0.024	-1	Echolocation	192000	/home/adkris/Documents/mila-human-wav-txt/20220826_070000.WAV	2004	Waveform 1	1
LF	1446.3082	39750.0	39360.0	6.736240578090498	1446.3065	1446.3123	30625	41135	Myotis daubentonii	0.015	0.027	-1	Echolocation	192000	/home/adkris/Documents/mila-human-wav-txt/20220826_070000.WAV	2005	Waveform 1	1
LF	1446.3299	21000.0	21120.0	9.23049298276376	1446.3275	1446.3361	18593	25530	Plecotus austriacus	0.039	0.083	-1	Echolocation	192000	/home/adkris/Documents/mila-human-wav-txt/20220826_070000.WAV	2006	Waveform 1	1
HF	1446.5012	47250.0	46080.0	6.71372692805374	1446.4995	1446.5053	47812	55842	Pipistrellus pipistrellus	0.012	0.026	-1	Echolocation	192000	/home/adkris/Documents/mila-human-wav-txt/20220826_070000.WAV	2007	Waveform 1	1
HF	1446.5185	52500.0	53760.00000000001	6.62351659288892	1446.5155	1446.5235	53828	61809	Pipistrellus pygmaeus	0.049	0.051	-1	Echolocation	192000	/home/adkris/Documents/mila-human-wav-txt/20220826_070000.WAV	2008	Waveform 1	1
LF	1446.5881333333334	39750.0	39360.0	5.603580222757984	1446.5875	1446.5932	30625	40970	Myotis daubentonii	0.013	0.024	-1	Echolocation	192000	/home/adkris/Documents/mila-human-wav-txt/20220826_070000.WAV	2009	Waveform 1	1
HF	1446.883	49500.0	48000.0	8.05776336137842	1446.8815	1446.8875	47812	54087	Pipistrellus pipistrellus	0.012	0.024	-1	Echolocation	192000	/home/adkris/Documents/mila-human-wav-txt/20220826_070000.WAV	2010	Waveform 1	1
HF	1446.8831333333333	41250.0	41280.0	11.579121806680316	1446.8825	1446.8882	33203	53144	Myotis daubentonii	0.01	0.025	-1	Echolocation	192000	/home/adkris/Documents/mila-human-wav-txt/20220826_070000.WAV	2011	Waveform 1	1
HF	1447.3957333333333	47250.0	46080.0	8.69223432177873	1447.3915	1447.3971	28906	52326	Myotis daubentonii	0.012	0.024	-1	Echolocation	192000	/home/adkris/Documents/mila-human-wav-txt/20220826_070000.WAV	2012	Waveform 1	1
LF	1449.5927666666666	19500.0	20160.0	7.755311331028702	1449.5905	1449.6039	19453	24262	Nyctalus noctula	0.014	0.031	-1	Echolocation	192000	/home/adkris/Documents/mila-human-wav-txt/20220826_070000.WAV	2013	Waveform 1	1
LF	1450.8428	24000.0	23040.0	5.236591742702082	1450.8415	1450.8477	18593	31452	Plecotus austriacus	0.045	0.064	-1	Echolocation	192000	/home/adkris/Documents/mila-human-wav-txt/20220826_070000.WAV	2014	Waveform 1	1
LF	1453.8713333333333	14250.0	14400.0	6.530209958328931	1453.8695	1453.8775	13437	18008	Plecotus auritus	0.014	0.042	-1	Echolocation	192000	/home/adkris/Documents/mila-human-wav-txt/20220826_070000.WAV	2015	Waveform 1	1
LF	1454.1788333333334	21750.0	22080.0	11.992918706691452	1454.1745	1454.1835	18593	25271	Plecotus austriacus	0.027	0.064	-1	Echolocation	192000	/home/adkris/Documents/mila-human-wav-txt/20220826_070000.WAV	2016	Waveform 1	1
LF	1454.3985666666667	15750.0	16320.000000000002	5.874225761813898	1454.3955	1454.4081	14296	18537	Nyctalus noctula	0.01	0.023	-1	Echolocation	192000	/home/adkris/Documents/mila-human-wav-txt/20220826_070000.WAV	2017	Waveform 1	1
LF	1456.2173666666667	20250.0	20160.0	9.383251196604236	1456.2155	1456.2223	17734	27641	Plecotus austriacus	0.061	0.083	-1	Echolocation	192000	/home/adkris/Documents/mila-human-wav-txt/20220826_070000.WAV	2018	Waveform 1	1
LF	1456.2749333333334	20250.0	20160.0	14.109896456377346	1456.2735	1456.2819	17734	23759	Plecotus austriacus	0.032	0.088	-1	Echolocation	192000	/home/adkris/Documents/mila-human-wav-txt/20220826_070000.WAV	2019	Waveform 1	1
HF	1456.8925333333334	46500.0	46080.0	6.102088002658991	1456.8885	1456.8943	28046	50131	Myotis daubentonii	0.01	0.024	-1	Echolocation	192000	/home/adkris/Documents/mila-human-wav-txt/20220826_070000.WAV	2020	Waveform 1	1
LF	1457.0338	20250.0	20160.0	9.92496129349137	1457.0315	1457.0402	17734	24101	Plecotus austriacus	0.025	0.05	-1	Echolocation	192000	/home/adkris/Documents/mila-human-wav-txt/20220826_070000.WAV	2021	Waveform 1	1
LF	1457.1595	20250.0	20160.0	6.942362926203543	1457.1575	1457.1665	17734	23895	Plecotus austriacus	0.019	0.036	-1	Echolocation	192000	/home/adkris/Documents/mila-human-wav-txt/20220826_070000.WAV	2022	Waveform 1	1
LF	1457.7664333333332	40500.0	42240.0	9.51966527761957	1457.7625	1457.7684	30625	42945	Barbastellus barbastellus	0.015	0.035	-1	Echolocation	192000	/home/adkris/Documents/mila-human-wav-txt/20220826_070000.WAV	2023	Waveform 1	1
HF	1458.0088666666666	39750.0	39360.0	7.416299146165091	1458.0045	1458.0123	28906	49032	Myotis daubentonii	0.013	0.027	-1	Echolocation	192000	/home/adkris/Documents/mila-human-wav-txt/20220826_070000.WAV	2024	Waveform 1	1
LF	1458.0141	20250.0	20160.0	15.900307186335198	1458.0125	1458.0184	16015	27825	Plecotus auritus	0.045	0.081	-1	Echolocation	192000	/home/adkris/Documents/mila-human-wav-txt/20220826_070000.WAV	2025	Waveform 1	1
LF	1458.2762333333333	19500.0	20160.0	9.667602990203449	1458.2745	1458.2826	16015	22783	Plecotus auritus	0.03	0.054	-1	Echolocation	192000	/home/adkris/Documents/mila-human-wav-txt/20220826_070000.WAV	2026	Waveform 1	1
HF	1459.9759333333334	48750.0	48000.0	9.227555476930588	1459.9725	1459.9789	49531	57036	Pipistrellus pipistrellus	0.038	0.056	-1	Echolocation	192000	/home/adkris/Documents/mila-human-wav-txt/20220826_070000.WAV	2027	Waveform 1	1
HF	1460.1574666666668	53250.0	53760.00000000001	5.613912306104592	1460.1555	1460.1622	53828	60466	Pipistrellus pygmaeus	0.094	0.099	-1	Echolocation	192000	/home/adkris/Documents/mila-human-wav-txt/20220826_070000.WAV	2028	Waveform 1	1
HF	1460.430833333333	45000.0	45120.0	17.406981101438568	1460.4265	1460.432	29765	58680	Myotis brandtii	0.012	0.027	-1	Echolocation	192000	/home/adkris/Documents/mila-human-wav-txt/20220826_070000.WAV	2029	Waveform 1	1
HF	1460.4302333333333	52500.0	52800.00000000001	9.271057778021758	1460.4275	1460.4346	52968	57277	Pipistrellus pygmaeus	0.07	0.083	-1	Echolocation	192000	/home/adkris/Documents/mila-human-wav-txt/20220826_070000.WAV	2030	Waveform 1	1
HF	1460.6155666666666	42000.0	42240.0	5.203542875706174	1460.6125	1460.6181	29765	45783	Myotis daubentonii	0.008	0.023	-1	Echolocation	192000	/home/adkris/Documents/mila-human-wav-txt/20220826_070000.WAV	2031	Waveform 1	1
HF	1460.7076	47250.0	45120.0	16.009718997605006	1460.7025	1460.7084	30625	57417	Myotis brandtii	0.008	0.025	-1	Echolocation	192000	/home/adkris/Documents/mila-human-wav-txt/20220826_070000.WAV	2032	Waveform 1	1
HF	1460.7056333333333	52500.0	52800.00000000001	8.539410051219367	1460.7055	1460.7117	52109	56763	Pipistrellus pygmaeus	0.044	0.055	-1	Echolocation	192000	/home/adkris/Documents/mila-human-wav-txt/20220826_070000.WAV	2033	Waveform 1	1
HF	1461.2852	48000.0	48960.0	8.65456978807367	1461.2835	1461.2893	49531	56418	Pipistrellus pipistrellus	0.024	0.04	-1	Echolocation	192000	/home/adkris/Documents/mila-human-wav-txt/20220826_070000.WAV	2034	Waveform 1	1
LF	1462.2304333333334	24750.0	20160.0	7.787467089178382	1462.2275	1462.2344	18593	32172	Plecotus austriacus	0.073	0.111	-1	Echolocation	192000	/home/adkris/Documents/mila-human-wav-txt/20220826_070000.WAV	2035	Waveform 1	1
LF	1462.8854333333334	20250.0	21120.0	11.38060129012409	1462.8845	1462.9004	19453	23984	Nyctalus noctula	0.043	0.075	-1	Echolocation	192000	/home/adkris/Documents/mila-human-wav-txt/20220826_070000.WAV	2036	Waveform 1	1
LF	1463.5638666666666	15000.0	15360.0	5.98897238185346	1463.5625	1463.5698	13437	22413	Plecotus auritus	0.029	0.043	-1	Echolocation	192000	/home/adkris/Documents/mila-human-wav-txt/20220826_070000.WAV	2037	Waveform 1	1
LF	1463.9798	19500.0	19200.0	8.023396965555566	1463.9785	1463.9882	16875	23003	Plecotus austriacus	0.021	0.064	-1	Echolocation	192000	/home/adkris/Documents/mila-human-wav-txt/20220826_070000.WAV	2038	Waveform 1	1
HF	1464.233433333333	48750.0	48960.0	6.968691216004185	1464.2325	1464.2379	29765	59845	Myotis nattereri	0.009	0.022	-1	Echolocation	192000	/home/adkris/Documents/mila-human-wav-txt/20220826_070000.WAV	2039	Waveform 1	1
LF	1464.364366666667	24000.0	24960.0	5.292140611602068	1464.3505	1464.3733	24609	27689	Nyctalus leisleri	0.081	0.156	-1	Echolocation	192000	/home/adkris/Documents/mila-human-wav-txt/20220826_070000.WAV	2040	Waveform 1	1
LF	1464.4201333333333	21750.0	22080.0	7.1910417253757055	1464.4165	1464.4262	19453	25182	Plecotus austriacus	0.02	0.055	-1	Echolocation	192000	/home/adkris/Documents/mila-human-wav-txt/20220826_070000.WAV	2041	Waveform 1	1
HF	1464.5164	49500.0	48960.0	9.70088092915485	1464.5145	1464.5201	32343	75159	Myotis mystacinus	0.02	0.039	-1	Echolocation	192000	/home/adkris/Documents/mila-human-wav-txt/20220826_070000.WAV	2042	Waveform 1	1
LF	1464.5578666666668	25500.0	25920.0	6.429624014093776	1464.5475	1464.5703	23750	27870	Nyctalus leisleri	0.108	0.196	-1	Echolocation	192000	/home/adkris/Documents/mila-human-wav-txt/20220826_070000.WAV	2043	Waveform 1	1
HF	1464.6107333333334	57000.0	57600.0	8.442338651037018	1464.6105	1464.6166	53828	64423	Pipistrellus pygmaeus	0.031	0.037	-1	Echolocation	192000	/home/adkris/Documents/mila-human-wav-txt/20220826_070000.WAV	2044	Waveform 1	1
HF	1464.7033666666666	55500.0	54719.99999999999	8.50983733494072	1464.6995	1464.7043	53828	64963	Pipistrellus pipistrellus	0.038	0.059	-1	Echolocation	192000	/home/adkris/Documents/mila-human-wav-txt/20220826_070000.WAV	2045	Waveform 1	1
HF	1464.7798333333333	57000.0	55679.99999999999	10.72032648894401	1464.7755	1464.781	55546	63683	Pipistrellus pygmaeus	0.03	0.038	-1	Echolocation	192000	/home/adkris/Documents/mila-human-wav-txt/20220826_070000.WAV	2046	Waveform 1	1
HF	1464.7833666666666	48750.0	48960.0	7.8230874909213055	1464.7805	1464.7863	33203	69245	Myotis mystacinus	0.012	0.029	-1	Echolocation	192000	/home/adkris/Documents/mila-human-wav-txt/20220826_070000.WAV	2047	Waveform 1	1
HF	1464.8705666666667	56250.0	56640.0	8.200620587730288	1464.8675	1464.8731	55546	66654	Pipistrellus pygmaeus	0.039	0.042	-1	Echolocation	192000	/home/adkris/Documents/mila-human-wav-txt/20220826_070000.WAV	2048	Waveform 1	1
HF	1464.9586666666669	47250.0	48960.0	12.723067146919808	1464.9555	1464.961	32343	72417	Myotis mystacinus	0.011	0.029	-1	Echolocation	192000	/home/adkris/Documents/mila-human-wav-txt/20220826_070000.WAV	2049	Waveform 1	1
HF	1465.0467	49500.0	48960.0	15.875387778197734	1465.0445	1465.0498	31484	73894	Myotis mystacinus	0.017	0.038	-1	Echolocation	192000	/home/adkris/Documents/mila-human-wav-txt/20220826_070000.WAV	2050	Waveform 1	1
HF	1465.3065	56250.0	56640.0	17.439351148351378	1465.3025	1465.3095	56406	68407	Pipistrellus pygmaeus	0.037	0.044	-1	Echolocation	192000	/home/adkris/Documents/mila-human-wav-txt/20220826_070000.WAV	2051	Waveform 1	1
HF	1465.3097333333333	48750.0	48960.0	12.110005673538016	1465.3085	1465.3136	28046	64147	Myotis nattereri	0.013	0.023	-1	Echolocation	192000	/home/adkris/Documents/mila-human-wav-txt/20220826_070000.WAV	2052	Waveform 1	1
HF	1465.3798333333334	56250.0	56640.0	18.065684157036934	1465.3735	1465.3805	58125	65751	Pipistrellus pygmaeus	0.042	0.048	-1	Echolocation	192000	/home/adkris/Documents/mila-human-wav-txt/20220826_070000.WAV	2053	Waveform 1	1
HF	1465.4533333333334	59250.0	59520.0	16.029654490953863	1465.4495	1465.4555	57265	67109	Pipistrellus pygmaeus	0.113	0.126	-1	Echolocation	192000	/home/adkris/Documents/mila-human-wav-txt/20220826_070000.WAV	2054	Waveform 1	1
HF	1465.4565	49500.0	48960.0	18.78812965576796	1465.4545	1465.46	29765	79501	Myotis mystacinus	0.016	0.035	-1	Echolocation	192000	/home/adkris/Documents/mila-human-wav-txt/20220826_070000.WAV	2055	Waveform 1	1
HF	1465.5244666666667	56250.0	55679.99999999999	18.16580454940804	1465.5205	1465.5252	54687	67956	Pipistrellus pipistrellus	0.036	0.065	-1	Echolocation	192000	/home/adkris/Documents/mila-human-wav-txt/20220826_070000.WAV	2056	Waveform 1	1
HF	1465.5264	49500.0	47040.0	18.80760409702283	1465.5245	1465.5301	30625	81683	Myotis mystacinus	0.022	0.039	-1	Echolocation	192000	/home/adkris/Documents/mila-human-wav-txt/20220826_070000.WAV	2057	Waveform 1	1
HF	1465.5815666666667	60000.0	59520.0	14.23159092417663	1465.5785	1465.5841	56406	66938	Pipistrellus pygmaeus	0.057	0.092	-1	Echolocation	192000	/home/adkris/Documents/mila-human-wav-txt/20220826_070000.WAV	2058	Waveform 1	1
HF	1465.5835	48750.0	48960.0	13.90588626776041	1465.5815	1465.587	29765	79831	Myotis mystacinus	0.018	0.038	-1	Echolocation	192000	/home/adkris/Documents/mila-human-wav-txt/20220826_070000.WAV	2059	Waveform 1	1
HF	1465.6426	44250.0	52800.00000000001	13.262418983226317	1465.6405	1465.6459	30625	82251	Myotis mystacinus	0.023	0.042	-1	Echolocation	192000	/home/adkris/Documents/mila-human-wav-txt/20220826_070000.WAV	2060	Waveform 1	1
HF	1465.7124	49500.0	52800.00000000001	7.680735444845792	1465.7105	1465.7161	31484	76151	Myotis mystacinus	0.014	0.032	-1	Echolocation	192000	/home/adkris/Documents/mila-human-wav-txt/20220826_070000.WAV	2061	Waveform 1	1
HF	1465.7729333333334	58500.0	57600.0	15.98996957862452	1465.7695	1465.7759	54687	67131	Pipistrellus pipistrellus	0.044	0.078	-1	Echolocation	192000	/home/adkris/Documents/mila-human-wav-txt/20220826_070000.WAV	2062	Waveform 1	1
HF	1465.773233333333	57750.0	58560.0	12.792148054665889	1465.7725	1465.7781	31484	74807	Myotis mystacinus	0.019	0.037	-1	Echolocation	192000	/home/adkris/Documents/mila-human-wav-txt/20220826_070000.WAV	2063	Waveform 1	1
HF	1465.8225333333332	54000.0	53760.00000000001	7.660100851540763	1465.8215	1465.8268	32343	76540	Myotis mystacinus	0.014	0.032	-1	Echolocation	192000	/home/adkris/Documents/mila-human-wav-txt/20220826_070000.WAV	2064	Waveform 1	1
HF	1465.8707333333334	48750.0	53760.00000000001	14.086433706122037	1465.8695	1465.8746	34062	78306	Myotis mystacinus	0.023	0.046	-1	Echolocation	192000	/home/adkris/Documents/mila-human-wav-txt/20220826_070000.WAV	2065	Waveform 1	1
HF	1465.9113333333332	59250.0	54719.99999999999	9.983557443623758	1465.9105	1465.916	32343	77605	Myotis mystacinus	0.016	0.035	-1	Echolocation	192000	/home/adkris/Documents/mila-human-wav-txt/20220826_070000.WAV	2066	Waveform 1	1
HF	1465.9123	55500.0	58560.0	12.09315083452832	1465.9115	1465.9182	57265	64774	Pipistrellus pygmaeus	0.027	0.028	-1	Echolocation	192000	/home/adkris/Documents/mila-human-wav-txt/20220826_070000.WAV	2067	Waveform 1	1
HF	1465.9513	59250.0	59520.0	7.594999732631353	1465.9505	1465.9572	58984	67591	Pipistrellus pygmaeus	0.028	0.029	-1	Echolocation	192000	/home/adkris/Documents/mila-human-wav-txt/20220826_070000.WAV	2068	Waveform 1	1
HF	1465.9522333333334	54000.0	53760.00000000001	8.425118740743446	1465.9515	1465.9571	33203	72449	Myotis mystacinus	0.02	0.038	-1	Echolocation	192000	/home/adkris/Documents/mila-human-wav-txt/20220826_070000.WAV	2069	Waveform 1	1
HF	1466.0475	54000.0	52800.00000000001	18.12880734373143	1466.0455	1466.051	30625	79414	Myotis mystacinus	0.018	0.037	-1	Echolocation	192000	/home/adkris/Documents/mila-human-wav-txt/20220826_070000.WAV	2070	Waveform 1	1
HF	1466.046833333333	59250.0	59520.0	16.524848893091264	1466.0465	1466.0525	58125	65809	Pipistrellus pygmaeus	0.073	0.076	-1	Echolocation	192000	/home/adkris/Documents/mila-human-wav-txt/20220826_070000.WAV	2071	Waveform 1	1
HF	1466.0954	55500.0	54719.99999999999	23.92650618336183	1466.0935	1466.0991	52968	67869	Pipistrellus pipistrellus	0.126	0.155	-1	Echolocation	192000	/home/adkris/Documents/mila-human-wav-txt/20220826_070000.WAV	2072	Waveform 1	1
HF	1466.0964333333334	53250.0	54719.99999999999	16.59049015715693	1466.0955	1466.1009	29765	74385	Myotis mystacinus	0.012	0.024	-1	Echolocation	192000	/home/adkris/Documents/mila-human-wav-txt/20220826_070000.WAV	2073	Waveform 1	1
HF	1466.1396	54000.0	53760.00000000001	15.83282062424857	1466.1375	1466.1429	29765	81205	Myotis mystacinus	0.013	0.028	-1	Echolocation	192000	/home/adkris/Documents/mila-human-wav-txt/20220826_070000.WAV	2074	Waveform 1	1
HF	1466.1946666666668	53250.0	53760.00000000001	11.147746258793328	1466.1915	1466.197	32343	83231	Myotis mystacinus	0.018	0.046	-1	Echolocation	192000	/home/adkris/Documents/mila-human-wav-txt/20220826_070000.WAV	2075	Waveform 1	1
HF	1466.2580666666668	61500.0	59520.0	18.78014262316132	1466.2555	1466.2616	58125	63837	Pipistrellus pygmaeus	0.023	0.026	-1	Echolocation	192000	/home/adkris/Documents/mila-human-wav-txt/20220826_070000.WAV	2076	Waveform 1	1
HF	1466.2649666666666	52500.0	51840.0	21.143991252818083	1466.2615	1466.2667	30625	77809	Myotis mystacinus	0.015	0.031	-1	Echolocation	192000	/home/adkris/Documents/mila-human-wav-txt/20220826_070000.WAV	2077	Waveform 1	1
HF	1466.2643333333333	52500.0	55679.99999999999	25.210574783936742	1466.2635	1466.269	54687	65140	Pipistrellus pygmaeus	0.044	0.056	-1	Echolocation	192000	/home/adkris/Documents/mila-human-wav-txt/20220826_070000.WAV	2078	Waveform 1	1
HF	1466.3117333333334	53250.0	52800.00000000001	9.351142948214772	1466.3105	1466.3156	29765	62684	Myotis daubentonii	0.014	0.029	-1	Echolocation	192000	/home/adkris/Documents/mila-human-wav-txt/20220826_070000.WAV	2079	Waveform 1	1
LF	1466.3636666666666	20250.0	21120.0	8.53255933592502	1466.3605	1466.3695	19453	26729	Plecotus austriacus	0.053	0.139	-1	Echolocation	192000	/home/adkris/Documents/mila-human-wav-txt/20220826_070000.WAV	2080	Waveform 1	1
HF	1466.4144666666666	57750.0	57600.0	5.254512366581396	1466.4095	1466.4167	57265	62885	Pipistrellus pygmaeus	0.03	0.033	-1	Echolocation	192000	/home/adkris/Documents/mila-human-wav-txt/20220826_070000.WAV	2081	Waveform 1	1
HF	1466.4162333333334	46500.0	53760.00000000001	8.764075585668783	1466.4155	1466.4211	32343	76558	Myotis mystacinus	0.016	0.035	-1	Echolocation	192000	/home/adkris/Documents/mila-human-wav-txt/20220826_070000.WAV	2082	Waveform 1	1
HF	1466.4785	54000.0	53760.00000000001	19.211952651207994	1466.4765	1466.482	30625	84020	Myotis mystacinus	0.017	0.039	-1	Echolocation	192000	/home/adkris/Documents/mila-human-wav-txt/20220826_070000.WAV	2083	Waveform 1	1
HF	1466.5299	48000.0	48960.0	8.85545660574258	1466.5275	1466.5326	33203	72209	Myotis mystacinus	0.018	0.042	-1	Echolocation	192000	/home/adkris/Documents/mila-human-wav-txt/20220826_070000.WAV	2084	Waveform 1	1
LF	1466.6100333333334	21750.0	22080.0	7.581843085513718	1466.6095	1466.6153	17734	30346	Plecotus austriacus	0.045	0.067	-1	Echolocation	192000	/home/adkris/Documents/mila-human-wav-txt/20220826_070000.WAV	2085	Waveform 1	1
HF	1466.6698666666666	54750.0	53760.00000000001	13.509926938829125	1466.6625	1466.6743	55546	61972	Pipistrellus pygmaeus	0.033	0.034	-1	Echolocation	192000	/home/adkris/Documents/mila-human-wav-txt/20220826_070000.WAV	2086	Waveform 1	1
HF	1467.4744666666666	52500.0	51840.0	10.938896452353104	1467.4715	1467.4772	32343	70666	Myotis mystacinus	0.009	0.024	-1	Echolocation	192000	/home/adkris/Documents/mila-human-wav-txt/20220826_070000.WAV	2087	Waveform 1	1
HF	1468.6336	53250.0	52800.00000000001	6.607295620407125	1468.6285	1468.6344	34921	62314	Myotis brandtii	0.007	0.023	-1	Echolocation	192000	/home/adkris/Documents/mila-human-wav-txt/20220826_070000.WAV	2088	Waveform 1	1
LF	1469.3487	21000.0	22080.0	8.299169492533194	1469.3455	1469.3533	17734	31077	Plecotus austriacus	0.055	0.078	-1	Echolocation	192000	/home/adkris/Documents/mila-human-wav-txt/20220826_070000.WAV	2089	Waveform 1	1
HF	1469.9405666666669	48750.0	48960.0	5.40157450855287	1469.9375	1469.9431	34062	66292	Myotis mystacinus	0.009	0.026	-1	Echolocation	192000	/home/adkris/Documents/mila-human-wav-txt/20220826_070000.WAV	2090	Waveform 1	1
LF	1470.1499333333334	23250.0	23040.0	5.524814480799932	1470.1435	1470.1539	23750	30326	Nyctalus leisleri	0.008	0.024	-1	Echolocation	192000	/home/adkris/Documents/mila-human-wav-txt/20220826_070000.WAV	2091	Waveform 1	1
LF	1470.1499	20250.0	20160.0	9.54604782760364	1470.1475	1470.1561	16875	25479	Plecotus austriacus	0.041	0.064	-1	Echolocation	192000	/home/adkris/Documents/mila-human-wav-txt/20220826_070000.WAV	2092	Waveform 1	1
LF	1471.1305	21000.0	21120.0	6.333834473193569	1471.1275	1471.1355	16015	24501	Plecotus austriacus	0.032	0.063	-1	Echolocation	192000	/home/adkris/Documents/mila-human-wav-txt/20220826_070000.WAV	2093	Waveform 1	1
LF	1472.533	24000.0	23040.0	7.696958349511114	1472.5285	1472.5385	23750	28658	Nyctalus leisleri	0.019	0.053	-1	Echolocation	192000	/home/adkris/Documents/mila-human-wav-txt/20220826_070000.WAV	2094	Waveform 1	1
LF	1472.5329	24000.0	23040.0	8.140246354581933	1472.5305	1472.5391	18593	27767	Plecotus austriacus	0.03	0.056	-1	Echolocation	192000	/home/adkris/Documents/mila-human-wav-txt/20220826_070000.WAV	2095	Waveform 1	1
LF	1473.6364	19500.0	20160.0	5.626219202697971	1473.6355	1473.6421	13437	27302	Plecotus auritus	0.032	0.047	-1	Echolocation	192000	/home/adkris/Documents/mila-human-wav-txt/20220826_070000.WAV	2096	Waveform 1	1
LF	1477.7347666666667	20250.0	20160.0	8.462068347763095	1477.7335	1477.7409	15156	26375	Plecotus auritus	0.016	0.036	-1	Echolocation	192000	/home/adkris/Documents/mila-human-wav-txt/20220826_070000.WAV	2097	Waveform 1	1
HF	1480.5257	42000.0	42240.0	7.665891788514467	1480.5205	1480.5263	28046	52004	Myotis daubentonii	0.017	0.031	-1	Echolocation	192000	/home/adkris/Documents/mila-human-wav-txt/20220826_070000.WAV	2098	Waveform 1	1
HF	1481.5628	48750.0	48960.0	6.980190313491478	1481.5605	1481.5657	32343	79344	Myotis mystacinus	0.03	0.077	-1	Echolocation	192000	/home/adkris/Documents/mila-human-wav-txt/20220826_070000.WAV	2099	Waveform 1	1
HF	1481.6168333333333	46500.0	48960.0	8.93993259325001	1481.6125	1481.618	28906	56259	Myotis daubentonii	0.015	0.028	-1	Echolocation	192000	/home/adkris/Documents/mila-human-wav-txt/20220826_070000.WAV	2100	Waveform 1	1
HF	1481.6738	49500.0	48960.0	5.337417981086443	1481.6715	1481.6767	32343	74278	Myotis daubentonii	0.03	0.083	-1	Echolocation	192000	/home/adkris/Documents/mila-human-wav-txt/20220826_070000.WAV	2101	Waveform 1	1
HF	1481.7809	49500.0	48960.0	8.838784170004477	1481.7785	1481.7836	31484	77963	Myotis daubentonii	0.04	0.122	-1	Echolocation	192000	/home/adkris/Documents/mila-human-wav-txt/20220826_070000.WAV	2102	Waveform 1	1
HF	1482.0040333333334	45000.0	45120.0	7.218900400330063	1482.0015	1482.0088	44375	53658	Pipistrellus pipistrellus	0.017	0.024	-1	Echolocation	192000	/home/adkris/Documents/mila-human-wav-txt/20220826_070000.WAV	2103	Waveform 1	1
HF	1482.0227	51000.0	50880.0	5.075885313298167	1482.0205	1482.0258	33203	69795	Myotis mystacinus	0.019	0.05	-1	Echolocation	192000	/home/adkris/Documents/mila-human-wav-txt/20220826_070000.WAV	2104	Waveform 1	1
HF	1482.0752333333332	56250.0	56640.0	8.704865872446558	1482.0695	1482.0771	56406	62252	Pipistrellus pygmaeus	0.071	0.078	-1	Echolocation	192000	/home/adkris/Documents/mila-human-wav-txt/20220826_070000.WAV	2105	Waveform 1	1
HF	1482.0769	48750.0	48960.0	10.361809545334154	1482.0745	1482.0796	33203	75413	Myotis mystacinus	0.03	0.07	-1	Echolocation	192000	/home/adkris/Documents/mila-human-wav-txt/20220826_070000.WAV	2106	Waveform 1	1
HF	1482.1266	48750.0	48960.0	6.349532180697819	1482.1245	1482.1299	34062	70388	Myotis mystacinus	0.024	0.061	-1	Echolocation	192000	/home/adkris/Documents/mila-human-wav-txt/20220826_070000.WAV	2107	Waveform 1	1
LF	1482.2721333333334	15750.0	15360.0	10.561129570638249	1482.2705	1482.2787	13437	20656	Nyctalus leisleri	0.021	0.049	-1	Echolocation	192000	/home/adkris/Documents/mila-human-wav-txt/20220826_070000.WAV	2108	Waveform 1	1
HF	1482.3264	54000.0	53760.00000000001	5.010148071878373	1482.3225	1482.3296	52109	59487	Pipistrellus pipistrellus	0.068	0.096	-1	Echolocation	192000	/home/adkris/Documents/mila-human-wav-txt/20220826_070000.WAV	2109	Waveform 1	1
HF	1482.3279333333332	45750.0	46080.0	5.0331487818020335	1482.3265	1482.3314	31484	77234	Myotis mystacinus	0.038	0.098	-1	Echolocation	192000	/home/adkris/Documents/mila-human-wav-txt/20220826_070000.WAV	2110	Waveform 1	1
HF	1482.5269	45750.0	48000.0	6.967976127924142	1482.5245	1482.5296	32343	73617	Myotis daubentonii	0.034	0.103	-1	Echolocation	192000	/home/adkris/Documents/mila-human-wav-txt/20220826_070000.WAV	2111	Waveform 1	1
LF	1485.2970333333333	17250.0	20160.0	8.179967834442314	1485.2945	1485.3053	17734	23856	Nyctalus noctula	0.039	0.093	-1	Echolocation	192000	/home/adkris/Documents/mila-human-wav-txt/20220826_070000.WAV	2112	Waveform 1	1
LF	1485.5402333333334	23250.0	21120.0	10.008487919062963	1485.5375	1485.5446	17734	28338	Plecotus austriacus	0.074	0.101	-1	Echolocation	192000	/home/adkris/Documents/mila-human-wav-txt/20220826_070000.WAV	2113	Waveform 1	1
LF	1485.549	22500.0	21120.0	7.915882538385546	1485.5485	1485.559	21171	26540	Nyctalus leisleri	0.009	0.022	-1	Echolocation	192000	/home/adkris/Documents/mila-human-wav-txt/20220826_070000.WAV	2114	Waveform 1	1
LF	1485.734	15000.0	15360.0	6.545376988743941	1485.7325	1485.7385	13437	27308	Plecotus auritus	0.051	0.057	-1	Echolocation	192000	/home/adkris/Documents/mila-human-wav-txt/20220826_070000.WAV	2115	Waveform 1	1
LF	1486.1447666666666	17250.0	17280.0	7.670723734921951	1486.1425	1486.1594	16015	19168	Nyctalus noctula	0.033	0.051	-1	Echolocation	192000	/home/adkris/Documents/mila-human-wav-txt/20220826_070000.WAV	2116	Waveform 1	1
LF	1486.9171	18750.0	19200.0	6.864239742647595	1486.9155	1486.9319	18593	23188	Nyctalus noctula	0.032	0.052	-1	Echolocation	192000	/home/adkris/Documents/mila-human-wav-txt/20220826_070000.WAV	2117	Waveform 1	1
LF	1488.4962666666668	22500.0	23040.0	8.895093718826683	1488.4905	1488.5004	22031	27228	Nyctalus leisleri	0.015	0.046	-1	Echolocation	192000	/home/adkris/Documents/mila-human-wav-txt/20220826_070000.WAV	2118	Waveform 1	1
LF	1489.204	23250.0	22080.0	5.290561528164812	1489.2015	1489.21	19453	26169	Plecotus austriacus	0.016	0.026	-1	Echolocation	192000	/home/adkris/Documents/mila-human-wav-txt/20220826_070000.WAV	2119	Waveform 1	1
LF	1489.2238	20250.0	20160.0	7.941033856250959	1489.2215	1489.2302	17734	25331	Plecotus austriacus	0.043	0.064	-1	Echolocation	192000	/home/adkris/Documents/mila-human-wav-txt/20220826_070000.WAV	2120	Waveform 1	1
HF	1490.6072333333334	44250.0	43200.0	5.030900686807488	1490.6055	1490.6171	39218	47569	Pipistrellus nathusii	0.098	0.116	-1	Echolocation	192000	/home/adkris/Documents/mila-human-wav-txt/20220826_070000.WAV	2121	Waveform 1	1
HF	1490.8066333333334	44250.0	44160.0	6.500418427800173	1490.8035	1490.8137	40078	47819	Pipistrellus nathusii	0.137	0.176	-1	Echolocation	192000	/home/adkris/Documents/mila-human-wav-txt/20220826_070000.WAV	2122	Waveform 1	1
HF	1490.9077666666667	41250.0	44160.0	6.4710114269968	1490.9045	1490.9134	39218	51540	Pipistrellus nathusii	0.12	0.179	-1	Echolocation	192000	/home/adkris/Documents/mila-human-wav-txt/20220826_070000.WAV	2123	Waveform 1	1
HF	1490.9077666666667	41250.0	43200.0	5.04988213880666	1490.9055	1490.9119	29765	58966	Myotis brandtii	0.014	0.031	-1	Echolocation	192000	/home/adkris/Documents/mila-human-wav-txt/20220826_070000.WAV	2124	Waveform 1	1
HF	1491.3139	45750.0	41280.0	6.362180514293218	1491.3085	1491.3141	30625	58336	Myotis brandtii	0.015	0.03	-1	Echolocation	192000	/home/adkris/Documents/mila-human-wav-txt/20220826_070000.WAV	2125	Waveform 1	1
HF	1491.407333333333	46500.0	43200.0	5.931092799140837	1491.4035	1491.4095	30625	57043	Myotis brandtii	0.012	0.025	-1	Echolocation	192000	/home/adkris/Documents/mila-human-wav-txt/20220826_070000.WAV	2126	Waveform 1	1
LF	1492.072133333333	40500.0	41280.0	11.685856056625664	1492.0695	1492.0767	29765	42903	Myotis daubentonii	0.007	0.022	-1	Echolocation	192000	/home/adkris/Documents/mila-human-wav-txt/20220826_070000.WAV	2127	Waveform 1	1
HF	1492.1752666666666	49500.0	47040.0	15.410769158042296	1492.1735	1492.1804	48671	58675	Pipistrellus pipistrellus	0.032	0.058	-1	Echolocation	192000	/home/adkris/Documents/mila-human-wav-txt/20220826_070000.WAV	2128	Waveform 1	1
HF	1492.3034333333333	40500.0	41280.0	6.732915136742265	1492.3025	1492.3079	34062	52468	Myotis brandtii	0.007	0.024	-1	Echolocation	192000	/home/adkris/Documents/mila-human-wav-txt/20220826_070000.WAV	2129	Waveform 1	1
LF	1492.3092333333334	23250.0	23040.0	5.01037689902744	1492.3035	1492.3111	24609	37727	Plecotus austriacus	0.007	0.027	-1	Echolocation	192000	/home/adkris/Documents/mila-human-wav-txt/20220826_070000.WAV	2130	Waveform 1	1
HF	1492.3827333333334	48000.0	48960.0	13.6006120100124	1492.3785	1492.3841	48671	59807	Pipistrellus pipistrellus	0.035	0.066	-1	Echolocation	192000	/home/adkris/Documents/mila-human-wav-txt/20220826_070000.WAV	2131	Waveform 1	1
HF	1492.3884	54000.0	52800.00000000001	11.603076252052896	1492.3805	1492.3906	53828	59135	Pipistrellus pygmaeus	0.047	0.049	-1	Echolocation	192000	/home/adkris/Documents/mila-human-wav-txt/20220826_070000.WAV	2132	Waveform 1	1
HF	1492.3905333333332	45750.0	45120.0	8.163266014297758	1492.3875	1492.3943	24609	52180	Myotis nattereri	0.02	0.03	-1	Echolocation	192000	/home/adkris/Documents/mila-human-wav-txt/20220826_070000.WAV	2133	Waveform 1	1
LF	1492.4464666666668	20250.0	20160.0	11.96862884040165	1492.4445	1492.4512	15156	28513	Plecotus auritus	0.04	0.078	-1	Echolocation	192000	/home/adkris/Documents/mila-human-wav-txt/20220826_070000.WAV	2134	Waveform 1	1
HF	1492.4955	45000.0	39360.0	5.170518163338275	1492.4915	1492.4985	29765	44768	Myotis bechsteinii	0.006	0.028	-1	Echolocation	192000	/home/adkris/Documents/mila-human-wav-txt/20220826_070000.WAV	2135	Waveform 1	1
HF	1492.6041	41250.0	41280.0	19.732123420747318	1492.5995	1492.6059	29765	48928	Myotis bechsteinii	0.006	0.025	-1	Echolocation	192000	/home/adkris/Documents/mila-human-wav-txt/20220826_070000.WAV	2136	Waveform 1	1
HF	1492.6031	48750.0	48000.0	11.953527075524498	1492.6015	1492.6074	48671	56144	Pipistrellus pipistrellus	0.019	0.037	-1	Echolocation	192000	/home/adkris/Documents/mila-human-wav-txt/20220826_070000.WAV	2137	Waveform 1	1
LF	1492.7158	42000.0	41280.0	11.708966444353578	1492.7095	1492.7177	30625	43538	Myotis bechsteinii	0.005	0.024	-1	Echolocation	192000	/home/adkris/Documents/mila-human-wav-txt/20220826_070000.WAV	2138	Waveform 1	1
HF	1492.9151	50250.0	49920.0	13.76841286627992	1492.9115	1492.9189	50390	57888	Pipistrellus pygmaeus	0.059	0.076	-1	Echolocation	192000	/home/adkris/Documents/mila-human-wav-txt/20220826_070000.WAV	2139	Waveform 1	1
LF	1493.028	42000.0	41280.0	15.728432068822167	1493.0235	1493.03	27187	41585	Myotis nattereri	0.005	0.024	-1	Echolocation	192000	/home/adkris/Documents/mila-human-wav-txt/20220826_070000.WAV	2140	Waveform 1	1
LF	1493.0352666666668	42000.0	41280.0	6.0490962883513335	1493.0325	1493.0384	31484	42641	Myotis daubentonii	0.011	0.029	-1	Echolocation	192000	/home/adkris/Documents/mila-human-wav-txt/20220826_070000.WAV	2141	Waveform 1	1
HF	1493.0352333333333	42000.0	41280.0	6.39094988006528	1493.0335	1493.0416	38359	46062	Pipistrellus nathusii	0.016	0.032	-1	Echolocation	192000	/home/adkris/Documents/mila-human-wav-txt/20220826_070000.WAV	2142	Waveform 1	1
HF	1493.2346	52500.0	51840.0	20.13105772231292	1493.2295	1493.2354	51250	59203	Pipistrellus pipistrellus	0.019	0.033	-1	Echolocation	192000	/home/adkris/Documents/mila-human-wav-txt/20220826_070000.WAV	2143	Waveform 1	1
HF	1493.2344666666668	55500.0	55679.99999999999	11.860135290569092	1493.2305	1493.2387	56406	62383	Pipistrellus pygmaeus	0.029	0.031	-1	Echolocation	192000	/home/adkris/Documents/mila-human-wav-txt/20220826_070000.WAV	2144	Waveform 1	1
LF	1493.2462333333333	41250.0	41280.0	6.619324266602204	1493.2415	1493.2466	29765	43349	Myotis daubentonii	0.009	0.026	-1	Echolocation	192000	/home/adkris/Documents/mila-human-wav-txt/20220826_070000.WAV	2145	Waveform 1	1
HF	1493.2453	42000.0	41280.0	7.0158851370639645	1493.2425	1493.2507	38359	48386	Pipistrellus nathusii	0.023	0.04	-1	Echolocation	192000	/home/adkris/Documents/mila-human-wav-txt/20220826_070000.WAV	2146	Waveform 1	1
LF	1493.246133333333	19500.0	20160.0	9.520716277324029	1493.2445	1493.2527	16875	26325	Plecotus austriacus	0.02	0.038	-1	Echolocation	192000	/home/adkris/Documents/mila-human-wav-txt/20220826_070000.WAV	2147	Waveform 1	1
HF	1493.5683666666666	48000.0	43200.0	21.04001097901749	1493.5625	1493.5688	31484	53643	Myotis brandtii	0.008	0.025	-1	Echolocation	192000	/home/adkris/Documents/mila-human-wav-txt/20220826_070000.WAV	2148	Waveform 1	1
HF	1493.6002	41250.0	45120.0	7.769028957155602	1493.5995	1493.6063	43515	48736	Pipistrellus pipistrellus	0.019	0.023	-1	Echolocation	192000	/home/adkris/Documents/mila-human-wav-txt/20220826_070000.WAV	2149	Waveform 1	1
LF	1493.6889	21000.0	22080.0	6.612437546370435	1493.6835	1493.6926	22890	33543	Myotis nattereri	0.009	0.023	-1	Echolocation	192000	/home/adkris/Documents/mila-human-wav-txt/20220826_070000.WAV	2150	Waveform 1	1
HF	1493.7922333333331	48750.0	48000.0	12.60218866296382	1493.7885	1493.7946	49531	58484	Pipistrellus pipistrellus	0.029	0.05	-1	Echolocation	192000	/home/adkris/Documents/mila-human-wav-txt/20220826_070000.WAV	2151	Waveform 1	1
HF	1494.0158	49500.0	48960.0	5.47137863576282	1494.0135	1494.0187	32343	84033	Myotis mystacinus	0.041	0.107	-1	Echolocation	192000	/home/adkris/Documents/mila-human-wav-txt/20220826_070000.WAV	2152	Waveform 1	1
HF	1494.1082333333334	54000.0	53760.00000000001	8.422310163752918	1494.1045	1494.1106	52968	61430	Pipistrellus pygmaeus	0.13	0.167	-1	Echolocation	192000	/home/adkris/Documents/mila-human-wav-txt/20220826_070000.WAV	2153	Waveform 1	1
HF	1494.1093666666666	49500.0	45120.0	17.475114941755624	1494.1065	1494.1123	29765	53715	Myotis daubentonii	0.009	0.029	-1	Echolocation	192000	/home/adkris/Documents/mila-human-wav-txt/20220826_070000.WAV	2154	Waveform 1	1
HF	1494.1195666666667	45750.0	46080.0	5.370558463895451	1494.1175	1494.1241	46953	55491	Pipistrellus pipistrellus	0.019	0.03	-1	Echolocation	192000	/home/adkris/Documents/mila-human-wav-txt/20220826_070000.WAV	2155	Waveform 1	1
LF	1494.3273	21750.0	22080.0	16.41301988302006	1494.3255	1494.3347	21171	25987	Plecotus austriacus	0.025	0.066	-1	Echolocation	192000	/home/adkris/Documents/mila-human-wav-txt/20220826_070000.WAV	2156	Waveform 1	1
LF	1494.3388666666667	19500.0	22080.0	11.554366016297449	1494.3365	1494.3463	16875	23710	Plecotus austriacus	0.013	0.028	-1	Echolocation	192000	/home/adkris/Documents/mila-human-wav-txt/20220826_070000.WAV	2157	Waveform 1	1
HF	1494.5860333333333	59250.0	55679.99999999999	6.124068552340733	1494.5835	1494.5908	56406	65367	Pipistrellus pygmaeus	0.058	0.062	-1	Echolocation	192000	/home/adkris/Documents/mila-human-wav-txt/20220826_070000.WAV	2158	Waveform 1	1
HF	1494.5887666666667	47250.0	49920.0	6.136567979339207	1494.5855	1494.5909	33203	76980	Myotis mystacinus	0.016	0.041	-1	Echolocation	192000	/home/adkris/Documents/mila-human-wav-txt/20220826_070000.WAV	2159	Waveform 1	1
HF	1494.6498666666666	59250.0	59520.0	6.614619702470406	1494.6465	1494.6518	56406	63815	Pipistrellus pygmaeus	0.143	0.147	-1	Echolocation	192000	/home/adkris/Documents/mila-human-wav-txt/20220826_070000.WAV	2160	Waveform 1	1
HF	1494.6684333333333	39000.0	41280.0	5.06730277752642	1494.6675	1494.6729	31484	45195	Myotis daubentonii	0.018	0.032	-1	Echolocation	192000	/home/adkris/Documents/mila-human-wav-txt/20220826_070000.WAV	2161	Waveform 1	1
HF	1494.7147666666667	56250.0	58560.0	5.428774613577991	1494.7115	1494.7169	56406	66716	Pipistrellus pygmaeus	0.096	0.102	-1	Echolocation	192000	/home/adkris/Documents/mila-human-wav-txt/20220826_070000.WAV	2162	Waveform 1	1
HF	1494.7871	59250.0	58560.0	7.722336614224584	1494.7835	1494.7909	58125	65690	Pipistrellus pygmaeus	0.036	0.038	-1	Echolocation	192000	/home/adkris/Documents/mila-human-wav-txt/20220826_070000.WAV	2163	Waveform 1	1
HF	1494.8590333333334	50250.0	50880.0	8.60468451151187	1494.8585	1494.8643	29765	59674	Myotis daubentonii	0.016	0.029	-1	Echolocation	192000	/home/adkris/Documents/mila-human-wav-txt/20220826_070000.WAV	2164	Waveform 1	1
HF	1495.4237	48750.0	48960.0	6.187814508566447	1495.4215	1495.4268	33203	72702	Myotis mystacinus	0.026	0.072	-1	Echolocation	192000	/home/adkris/Documents/mila-human-wav-txt/20220826_070000.WAV	2165	Waveform 1	1
LF	1495.5804333333333	44250.0	40320.0	8.533377651753808	1495.5795	1495.5849	30625	45161	Myotis daubentonii	0.017	0.026	-1	Echolocation	192000	/home/adkris/Documents/mila-human-wav-txt/20220826_070000.WAV	2166	Waveform 1	1
LF	1495.6021	18750.0	20160.0	6.868353209193084	1495.5995	1495.6079	16875	26190	Plecotus austriacus	0.046	0.073	-1	Echolocation	192000	/home/adkris/Documents/mila-human-wav-txt/20220826_070000.WAV	2167	Waveform 1	1
HF	1495.7793333333334	48750.0	48960.0	6.666225591333244	1495.7755	1495.7815	33203	65310	Myotis daubentonii	0.011	0.032	-1	Echolocation	192000	/home/adkris/Documents/mila-human-wav-txt/20220826_070000.WAV	2168	Waveform 1	1
HF	1496.0597	48000.0	48960.0	6.280335460884084	1496.0555	1496.0623	29765	51438	Myotis daubentonii	0.011	0.024	-1	Echolocation	192000	/home/adkris/Documents/mila-human-wav-txt/20220826_070000.WAV	2169	Waveform 1	1
LF	1496.2384333333334	41250.0	40320.0	7.266757410336528	1496.2355	1496.2424	29765	43673	Myotis daubentonii	0.014	0.028	-1	Echolocation	192000	/home/adkris/Documents/mila-human-wav-txt/20220826_070000.WAV	2170	Waveform 1	1
LF	1498.0248666666666	21750.0	22080.0	8.410156277452238	1498.0235	1498.0308	19453	30425	Plecotus austriacus	0.016	0.033	-1	Echolocation	192000	/home/adkris/Documents/mila-human-wav-txt/20220826_070000.WAV	2171	Waveform 1	1
HF	1499.7439	43500.0	43200.0	5.378351292907919	1499.7425	1499.7486	29765	48222	Myotis daubentonii	0.014	0.027	-1	Echolocation	192000	/home/adkris/Documents/mila-human-wav-txt/20220826_070000.WAV	2172	Waveform 1	1
HF	1499.8687	45750.0	45120.0	5.17325911845727	1499.8675	1499.8738	28906	46362	Myotis daubentonii	0.027	0.046	-1	Echolocation	192000	/home/adkris/Documents/mila-human-wav-txt/20220826_070000.WAV	2173	Waveform 1	1
HF	1500.1752	46500.0	46080.0	9.211375876135843	1500.1705	1500.1768	48671	55080	Pipistrellus pipistrellus	0.013	0.025	-1	Echolocation	192000	/home/adkris/Documents/mila-human-wav-txt/20220826_070000.WAV	2174	Waveform 1	1
LF	1500.285933333333	18000.0	18240.0	10.317034695228829	1500.2805	1500.2989	18593	21845	Nyctalus noctula	0.016	0.032	-1	Echolocation	192000	/home/adkris/Documents/mila-human-wav-txt/20220826_070000.WAV	2175	Waveform 1	1
HF	1500.29	46500.0	46080.0	6.663563002397397	1500.2845	1500.29	29765	64306	Myotis daubentonii	0.03	0.06	-1	Echolocation	192000	/home/adkris/Documents/mila-human-wav-txt/20220826_070000.WAV	2176	Waveform 1	1
LF	1500.9564666666668	46500.0	44160.0	9.290335041310454	1500.9505	1500.9567	26328	42979	Myotis nattereri	0.006	0.022	-1	Echolocation	192000	/home/adkris/Documents/mila-human-wav-txt/20220826_070000.WAV	2177	Waveform 1	1
HF	1500.9564	46500.0	44160.0	16.94469120633898	1500.9515	1500.9576	30625	54522	Myotis brandtii	0.007	0.023	-1	Echolocation	192000	/home/adkris/Documents/mila-human-wav-txt/20220826_070000.WAV	2178	Waveform 1	1
HF	1500.9588333333334	48000.0	48000.0	11.813052241913557	1500.9575	1500.9625	48671	54416	Pipistrellus pipistrellus	0.012	0.027	-1	Echolocation	192000	/home/adkris/Documents/mila-human-wav-txt/20220826_070000.WAV	2179	Waveform 1	1
HF	1501.0584	45000.0	41280.0	10.84553806452002	1501.0535	1501.0596	29765	49014	Myotis bechsteinii	0.005	0.023	-1	Echolocation	192000	/home/adkris/Documents/mila-human-wav-txt/20220826_070000.WAV	2180	Waveform 1	1
LF	1501.0634	41250.0	41280.0	13.901808998817254	1501.0585	1501.0646	29765	44741	Myotis daubentonii	0.011	0.023	-1	Echolocation	192000	/home/adkris/Documents/mila-human-wav-txt/20220826_070000.WAV	2181	Waveform 1	1
HF	1501.3439	45000.0	47040.0	13.369769764906849	1501.3395	1501.3461	46953	55830	Pipistrellus pipistrellus	0.012	0.026	-1	Echolocation	192000	/home/adkris/Documents/mila-human-wav-txt/20220826_070000.WAV	2182	Waveform 1	1
HF	1501.5696	42000.0	40320.0	13.571816944542366	1501.5645	1501.5704	29765	47088	Myotis daubentonii	0.012	0.026	-1	Echolocation	192000	/home/adkris/Documents/mila-human-wav-txt/20220826_070000.WAV	2183	Waveform 1	1
HF	1501.7768333333331	48750.0	47040.0	13.061130067509184	1501.7735	1501.78	47812	53753	Pipistrellus pipistrellus	0.013	0.023	-1	Echolocation	192000	/home/adkris/Documents/mila-human-wav-txt/20220826_070000.WAV	2184	Waveform 1	1
LF	1501.8978333333334	39750.0	40320.0	5.588354914403268	1501.8945	1501.901	29765	41346	Myotis daubentonii	0.011	0.022	-1	Echolocation	192000	/home/adkris/Documents/mila-human-wav-txt/20220826_070000.WAV	2185	Waveform 1	1
LF	1502.2036666666668	40500.0	40320.0	5.1726758050034425	1502.2005	1502.206	29765	42004	Myotis daubentonii	0.015	0.026	-1	Echolocation	192000	/home/adkris/Documents/mila-human-wav-txt/20220826_070000.WAV	2186	Waveform 1	1
HF	1502.4246	48000.0	48000.0	13.547521508996576	1502.4195	1502.4254	49531	54439	Pipistrellus pipistrellus	0.035	0.057	-1	Echolocation	192000	/home/adkris/Documents/mila-human-wav-txt/20220826_070000.WAV	2187	Waveform 1	1
HF	1502.533766666667	45000.0	41280.0	13.383766640653816	1502.5315	1502.5379	28906	50972	Myotis daubentonii	0.011	0.022	-1	Echolocation	192000	/home/adkris/Documents/mila-human-wav-txt/20220826_070000.WAV	2188	Waveform 1	1
HF	1502.7431666666666	46500.0	47040.0	12.633392606618852	1502.7415	1502.7485	48671	54830	Pipistrellus pipistrellus	0.015	0.026	-1	Echolocation	192000	/home/adkris/Documents/mila-human-wav-txt/20220826_070000.WAV	2189	Waveform 1	1
HF	1503.0049333333334	42000.0	40320.0	10.282308146922505	1503.0045	1503.0104	33203	53588	Myotis brandtii	0.009	0.024	-1	Echolocation	192000	/home/adkris/Documents/mila-human-wav-txt/20220826_070000.WAV	2190	Waveform 1	1
HF	1503.1565333333333	48000.0	47040.0	14.63756784973887	1503.1505	1503.1578	48671	53543	Pipistrellus pipistrellus	0.013	0.022	-1	Echolocation	192000	/home/adkris/Documents/mila-human-wav-txt/20220826_070000.WAV	2191	Waveform 1	1
HF	1503.247033333333	46500.0	45120.0	9.025263735850611	1503.2435	1503.2498	28906	52598	Myotis daubentonii	0.014	0.025	-1	Echolocation	192000	/home/adkris/Documents/mila-human-wav-txt/20220826_070000.WAV	2192	Waveform 1	1
HF	1503.3615333333332	44250.0	43200.0	8.144956751466161	1503.3575	1503.3633	30625	66445	Myotis brandtii	0.014	0.033	-1	Echolocation	192000	/home/adkris/Documents/mila-human-wav-txt/20220826_070000.WAV	2193	Waveform 1	1
LF	1505.8620666666666	20250.0	20160.0	5.577737453636688	1505.8605	1505.8676	14296	25787	Plecotus auritus	0.096	0.116	-1	Echolocation	192000	/home/adkris/Documents/mila-human-wav-txt/20220826_070000.WAV	2194	Waveform 1	1
LF	1506.7659666666666	15000.0	15360.0	8.294534155329512	1506.7635	1506.7732	13437	17549	Nyctalus leisleri	0.018	0.052	-1	Echolocation	192000	/home/adkris/Documents/mila-human-wav-txt/20220826_070000.WAV	2195	Waveform 1	1
LF	1506.8865	17250.0	17280.0	7.656669914083618	1506.8855	1506.892	13437	22134	Plecotus auritus	0.032	0.045	-1	Echolocation	192000	/home/adkris/Documents/mila-human-wav-txt/20220826_070000.WAV	2196	Waveform 1	1
LF	1506.9992333333332	21000.0	21120.0	10.646141162976916	1506.9975	1507.0056	18593	26331	Plecotus austriacus	0.076	0.12	-1	Echolocation	192000	/home/adkris/Documents/mila-human-wav-txt/20220826_070000.WAV	2197	Waveform 1	1
LF	1507.7797	19500.0	21120.0	14.295296028206794	1507.7785	1507.7848	16875	29833	Plecotus austriacus	0.071	0.096	-1	Echolocation	192000	/home/adkris/Documents/mila-human-wav-txt/20220826_070000.WAV	2198	Waveform 1	1
LF	1508.2090333333333	20250.0	19200.0	7.038531999830976	1508.2035	1508.2113	14296	30052	Plecotus auritus	0.017	0.023	-1	Echolocation	192000	/home/adkris/Documents/mila-human-wav-txt/20220826_070000.WAV	2199	Waveform 1	1
HF	1511.339433333333	47250.0	47040.0	8.094681094375158	1511.3365	1511.3434	30625	52235	Myotis nattereri	0.011	0.03	-1	Echolocation	192000	/home/adkris/Documents/mila-human-wav-txt/20220826_070000.WAV	2200	Waveform 1	1
HF	1511.408233333333	47250.0	48000.0	7.670615664998949	1511.4075	1511.4131	28906	55333	Myotis nattereri	0.011	0.025	-1	Echolocation	192000	/home/adkris/Documents/mila-human-wav-txt/20220826_070000.WAV	2201	Waveform 1	1
HF	1511.6877333333334	54000.0	53760.00000000001	11.450861652208191	1511.6865	1511.6916	53828	62879	Pipistrellus pygmaeus	0.021	0.038	-1	Echolocation	192000	/home/adkris/Documents/mila-human-wav-txt/20220826_070000.WAV	2202	Waveform 1	1
HF	1511.6878333333334	54000.0	53760.00000000001	8.337584413756538	1511.6865	1511.6915	34921	76520	Myotis mystacinus	0.017	0.048	-1	Echolocation	192000	/home/adkris/Documents/mila-human-wav-txt/20220826_070000.WAV	2203	Waveform 1	1
HF	1511.785933333333	49500.0	48000.0	7.383163622328564	1511.7855	1511.7914	31484	60968	Myotis daubentonii	0.007	0.021	-1	Echolocation	192000	/home/adkris/Documents/mila-human-wav-txt/20220826_070000.WAV	2204	Waveform 1	1
HF	1512.0678	57000.0	47040.0	9.727224348209496	1512.0655	1512.0707	34062	73928	Myotis mystacinus	0.014	0.033	-1	Echolocation	192000	/home/adkris/Documents/mila-human-wav-txt/20220826_070000.WAV	2205	Waveform 1	1
HF	1512.0707333333332	47250.0	48000.0	6.862360876715712	1512.0705	1512.0766	27187	56569	Myotis nattereri	0.012	0.024	-1	Echolocation	192000	/home/adkris/Documents/mila-human-wav-txt/20220826_070000.WAV	2206	Waveform 1	1
LF	1512.1932	21000.0	22080.0	13.995847419184742	1512.1925	1512.1993	18593	29331	Plecotus austriacus	0.067	0.097	-1	Echolocation	192000	/home/adkris/Documents/mila-human-wav-txt/20220826_070000.WAV	2207	Waveform 1	1
HF	1512.2574666666667	48000.0	48000.0	8.719013325690907	1512.2545	1512.2602	34062	66068	Myotis brandtii	0.006	0.022	-1	Echolocation	192000	/home/adkris/Documents/mila-human-wav-txt/20220826_070000.WAV	2208	Waveform 1	1
HF	1512.3486666666668	54750.0	53760.00000000001	15.865360308525773	1512.3445	1512.349	53828	64584	Pipistrellus pipistrellus	0.019	0.039	-1	Echolocation	192000	/home/adkris/Documents/mila-human-wav-txt/20220826_070000.WAV	2209	Waveform 1	1
HF	1512.3510333333334	48750.0	47040.0	13.783143715254775	1512.3465	1512.3518	33203	69233	Myotis brandtii	0.007	0.023	-1	Echolocation	192000	/home/adkris/Documents/mila-human-wav-txt/20220826_070000.WAV	2210	Waveform 1	1
HF	1512.439	57000.0	57600.0	9.93098159448626	1512.4375	1512.4435	56406	64930	Pipistrellus pygmaeus	0.077	0.079	-1	Echolocation	192000	/home/adkris/Documents/mila-human-wav-txt/20220826_070000.WAV	2211	Waveform 1	1
HF	1512.4407333333334	49500.0	48960.0	13.015496714807917	1512.4395	1512.4446	32343	79191	Myotis mystacinus	0.017	0.042	-1	Echolocation	192000	/home/adkris/Documents/mila-human-wav-txt/20220826_070000.WAV	2212	Waveform 1	1
LF	1514.6436666666666	21750.0	22080.0	9.706370443734176	1514.6415	1514.648	19453	31118	Plecotus austriacus	0.081	0.124	-1	Echolocation	192000	/home/adkris/Documents/mila-human-wav-txt/20220826_070000.WAV	2213	Waveform 1	1
LF	1515.1521333333333	21750.0	22080.0	14.827440478546986	1515.1495	1515.1567	18593	28236	Plecotus austriacus	0.087	0.12	-1	Echolocation	192000	/home/adkris/Documents/mila-human-wav-txt/20220826_070000.WAV	2214	Waveform 1	1
LF	1519.3330666666666	19500.0	20160.0	11.058936012345008	1519.3325	1519.3476	19453	24297	Nyctalus noctula	0.024	0.042	-1	Echolocation	192000	/home/adkris/Documents/mila-human-wav-txt/20220826_070000.WAV	2215	Waveform 1	1
LF	1519.3437	23250.0	21120.0	11.548342527194407	1519.3405	1519.3518	21171	25206	Nyctalus leisleri	0.015	0.025	-1	Echolocation	192000	/home/adkris/Documents/mila-human-wav-txt/20220826_070000.WAV	2216	Waveform 1	1
LF	1519.6327333333334	20250.0	20160.0	6.714767597729496	1519.6305	1519.6381	16875	27447	Plecotus austriacus	0.032	0.045	-1	Echolocation	192000	/home/adkris/Documents/mila-human-wav-txt/20220826_070000.WAV	2217	Waveform 1	1
LF	1520.7098	21750.0	22080.0	8.253652094263007	1520.7085	1520.7182	18593	24736	Plecotus austriacus	0.014	0.032	-1	Echolocation	192000	/home/adkris/Documents/mila-human-wav-txt/20220826_070000.WAV	2218	Waveform 1	1
LF	1520.7272	21750.0	23040.0	7.478586732792776	1520.7185	1520.7348	20312	23619	Nyctalus leisleri	0.014	0.022	-1	Echolocation	192000	/home/adkris/Documents/mila-human-wav-txt/20220826_070000.WAV	2219	Waveform 1	1
HF	1521.4206666666666	49500.0	48000.0	6.017564454140347	1521.4175	1521.423	34062	69134	Myotis mystacinus	0.007	0.022	-1	Echolocation	192000	/home/adkris/Documents/mila-human-wav-txt/20220826_070000.WAV	2220	Waveform 1	1
HF	1521.4184666666667	57000.0	57600.0	8.584818591163826	1521.4185	1521.4237	55546	62500	Pipistrellus pygmaeus	0.019	0.025	-1	Echolocation	192000	/home/adkris/Documents/mila-human-wav-txt/20220826_070000.WAV	2221	Waveform 1	1
HF	1521.5456666666666	48750.0	48960.0	10.982848078197042	1521.5425	1521.548	33203	71601	Myotis brandtii	0.008	0.026	-1	Echolocation	192000	/home/adkris/Documents/mila-human-wav-txt/20220826_070000.WAV	2222	Waveform 1	1
HF	1521.601	46500.0	48960.0	6.70974896474487	1521.5985	1521.6035	34062	77689	Myotis bechsteinii	0.029	0.08	-1	Echolocation	192000	/home/adkris/Documents/mila-human-wav-txt/20220826_070000.WAV	2223	Waveform 1	1
HF	1521.8168333333333	57000.0	56640.0	9.331553052614014	1521.8155	1521.824	56406	67899	Pipistrellus pygmaeus	0.021	0.022	-1	Echolocation	192000	/home/adkris/Documents/mila-human-wav-txt/20220826_070000.WAV	2224	Waveform 1	1
HF	1521.9558333333334	58500.0	57600.0	15.55428304687965	1521.9545	1521.963	56406	66493	Pipistrellus pygmaeus	0.024	0.025	-1	Echolocation	192000	/home/adkris/Documents/mila-human-wav-txt/20220826_070000.WAV	2225	Waveform 1	1
HF	1522.0434666666667	47250.0	47040.0	19.097918315358086	1522.0405	1522.0462	31484	78014	Myotis mystacinus	0.014	0.035	-1	Echolocation	192000	/home/adkris/Documents/mila-human-wav-txt/20220826_070000.WAV	2226	Waveform 1	1
HF	1522.0427	49500.0	47040.0	18.26599475506808	1522.0405	1522.0458	27187	65591	Myotis nattereri	0.019	0.033	-1	Echolocation	192000	/home/adkris/Documents/mila-human-wav-txt/20220826_070000.WAV	2227	Waveform 1	1
HF	1522.0409	56250.0	55679.99999999999	15.36690670682617	1522.0405	1522.0476	54687	62287	Pipistrellus pygmaeus	0.033	0.041	-1	Echolocation	192000	/home/adkris/Documents/mila-human-wav-txt/20220826_070000.WAV	2228	Waveform 1	1
HF	1522.0961333333332	49500.0	49920.0	6.336336607678232	1522.0955	1522.1012	29765	61698	Myotis daubentonii	0.011	0.028	-1	Echolocation	192000	/home/adkris/Documents/mila-human-wav-txt/20220826_070000.WAV	2229	Waveform 1	1
LF	1523.0472	18750.0	19200.0	5.139192385764754	1523.0425	1523.0628	19453	23692	Nyctalus noctula	0.045	0.071	-1	Echolocation	192000	/home/adkris/Documents/mila-human-wav-txt/20220826_070000.WAV	2230	Waveform 1	1
LF	1523.0929	20250.0	20160.0	12.217818791052087	1523.0915	1523.1011	19453	24915	Plecotus austriacus	0.025	0.052	-1	Echolocation	192000	/home/adkris/Documents/mila-human-wav-txt/20220826_070000.WAV	2231	Waveform 1	1
LF	1523.4127	19500.0	20160.0	15.528683053354603	1523.4105	1523.4193	16875	29262	Plecotus austriacus	0.057	0.088	-1	Echolocation	192000	/home/adkris/Documents/mila-human-wav-txt/20220826_070000.WAV	2232	Waveform 1	1
LF	1523.4149333333332	24000.0	24000.0	6.146901773259366	1523.4145	1523.4239	23750	30777	Nyctalus leisleri	0.009	0.023	-1	Echolocation	192000	/home/adkris/Documents/mila-human-wav-txt/20220826_070000.WAV	2233	Waveform 1	1
LF	1523.6616	20250.0	20160.0	5.638948156340198	1523.6595	1523.6684	18593	26055	Plecotus austriacus	0.041	0.061	-1	Echolocation	192000	/home/adkris/Documents/mila-human-wav-txt/20220826_070000.WAV	2234	Waveform 1	1
LF	1526.4231333333332	19500.0	20160.0	11.090183107494136	1526.4215	1526.4297	16875	25424	Plecotus austriacus	0.032	0.063	-1	Echolocation	192000	/home/adkris/Documents/mila-human-wav-txt/20220826_070000.WAV	2235	Waveform 1	1
LF	1529.3206	21000.0	21120.0	12.672497141887291	1529.3175	1529.3254	17734	27718	Plecotus austriacus	0.078	0.12	-1	Echolocation	192000	/home/adkris/Documents/mila-human-wav-txt/20220826_070000.WAV	2236	Waveform 1	1
LF	1530.738	21000.0	21120.0	5.2588324030878	1530.7345	1530.742	16875	25918	Plecotus austriacus	0.04	0.074	-1	Echolocation	192000	/home/adkris/Documents/mila-human-wav-txt/20220826_070000.WAV	2237	Waveform 1	1
HF	1531.186866666667	49500.0	53760.00000000001	5.031848842355102	1531.1835	1531.1888	36640	69952	Myotis mystacinus	0.011	0.034	-1	Echolocation	192000	/home/adkris/Documents/mila-human-wav-txt/20220826_070000.WAV	2238	Waveform 1	1
HF	1531.360766666667	49500.0	48960.0	7.71920422824283	1531.3575	1531.3629	35781	64448	Myotis brandtii	0.007	0.022	-1	Echolocation	192000	/home/adkris/Documents/mila-human-wav-txt/20220826_070000.WAV	2239	Waveform 1	1
HF	1531.3612	48750.0	48960.0	5.521307683715119	1531.3605	1531.3673	28046	50842	Eptesicus serotinus	0.008	0.025	-1	Echolocation	192000	/home/adkris/Documents/mila-human-wav-txt/20220826_070000.WAV	2240	Waveform 1	1
HF	1531.6237333333331	49500.0	48960.0	8.18819464038749	1531.6195	1531.6251	34921	63082	Myotis mystacinus	0.008	0.026	-1	Echolocation	192000	/home/adkris/Documents/mila-human-wav-txt/20220826_070000.WAV	2241	Waveform 1	1
LF	1533.7362666666668	19500.0	19200.0	5.50454480187005	1533.7325	1533.7479	18593	22916	Nyctalus noctula	0.017	0.032	-1	Echolocation	192000	/home/adkris/Documents/mila-human-wav-txt/20220826_070000.WAV	2242	Waveform 1	1
LF	1534.4869333333334	14250.0	14400.0	5.5327909443617775	1534.4845	1534.4919	12578	26891	Plecotus auritus	0.014	0.023	-1	Echolocation	192000	/home/adkris/Documents/mila-human-wav-txt/20220826_070000.WAV	2243	Waveform 1	1
LF	1534.6002	19500.0	20160.0	7.922004524398081	1534.5985	1534.6078	18593	24524	Plecotus austriacus	0.022	0.044	-1	Echolocation	192000	/home/adkris/Documents/mila-human-wav-txt/20220826_070000.WAV	2244	Waveform 1	1
LF	1535.8990333333334	18750.0	20160.0	6.133148382760616	1535.8935	1535.9083	18593	24380	Nyctalus noctula	0.032	0.053	-1	Echolocation	192000	/home/adkris/Documents/mila-human-wav-txt/20220826_070000.WAV	2245	Waveform 1	1
LF	1536.9251	18000.0	18240.0	9.267147278339982	1536.9205	1536.9374	19453	22919	Nyctalus noctula	0.015	0.035	-1	Echolocation	192000	/home/adkris/Documents/mila-human-wav-txt/20220826_070000.WAV	2246	Waveform 1	1
LF	1537.7917333333332	19500.0	17280.0	9.39627422990422	1537.7905	1537.7991	15156	23227	Plecotus auritus	0.01	0.022	-1	Echolocation	192000	/home/adkris/Documents/mila-human-wav-txt/20220826_070000.WAV	2247	Waveform 1	1
LF	1539.346266666667	20250.0	20160.0	14.557281922523828	1539.3425	1539.3544	19453	24375	Nyctalus noctula	0.03	0.074	-1	Echolocation	192000	/home/adkris/Documents/mila-human-wav-txt/20220826_070000.WAV	2248	Waveform 1	1
LF	1539.5595666666666	21750.0	22080.0	21.00280282305924	1539.5575	1539.5641	18593	28960	Plecotus austriacus	0.071	0.094	-1	Echolocation	192000	/home/adkris/Documents/mila-human-wav-txt/20220826_070000.WAV	2249	Waveform 1	1
LF	1539.573666666667	21750.0	22080.0	17.188948333124067	1539.5725	1539.5835	19453	23458	Nyctalus leisleri	0.015	0.023	-1	Echolocation	192000	/home/adkris/Documents/mila-human-wav-txt/20220826_070000.WAV	2250	Waveform 1	1
LF	1540.1274	24000.0	22080.0	7.357499029578513	1540.1225	1540.1321	21171	28471	Plecotus austriacus	0.045	0.173	-1	Echolocation	192000	/home/adkris/Documents/mila-human-wav-txt/20220826_070000.WAV	2251	Waveform 1	1
LF	1541.5969	19500.0	20160.0	5.169813439253383	1541.5935	1541.6046	18593	23689	Nyctalus noctula	0.023	0.072	-1	Echolocation	192000	/home/adkris/Documents/mila-human-wav-txt/20220826_070000.WAV	2252	Waveform 1	1
LF	1542.3824333333334	20250.0	20160.0	14.943122001323498	1542.3785	1542.3879	18593	24430	Plecotus austriacus	0.028	0.059	-1	Echolocation	192000	/home/adkris/Documents/mila-human-wav-txt/20220826_070000.WAV	2253	Waveform 1	1
LF	1542.8776666666668	17250.0	20160.0	7.576671400219506	1542.8755	1542.8855	17734	23701	Plecotus austriacus	0.016	0.032	-1	Echolocation	192000	/home/adkris/Documents/mila-human-wav-txt/20220826_070000.WAV	2254	Waveform 1	1
LF	1543.2888666666668	25500.0	20160.0	6.206282093955248	1543.2835	1543.2903	15156	29690	Plecotus auritus	0.015	0.023	-1	Echolocation	192000	/home/adkris/Documents/mila-human-wav-txt/20220826_070000.WAV	2255	Waveform 1	1
LF	1543.2885333333334	25500.0	25920.0	5.6933739067125	1543.2855	1543.2958	24609	30542	Eptesicus serotinus	0.024	0.063	-1	Echolocation	192000	/home/adkris/Documents/mila-human-wav-txt/20220826_070000.WAV	2256	Waveform 1	1
LF	1544.1159333333333	21000.0	22080.0	8.635150426291936	1544.1125	1544.1224	19453	25902	Plecotus austriacus	0.021	0.055	-1	Echolocation	192000	/home/adkris/Documents/mila-human-wav-txt/20220826_070000.WAV	2257	Waveform 1	1
LF	1549.2706666666666	18000.0	17280.0	5.0757350012786855	1549.2685	1549.2855	16015	19288	Nyctalus noctula	0.04	0.058	-1	Echolocation	192000	/home/adkris/Documents/mila-human-wav-txt/20220826_070000.WAV	2258	Waveform 1	1
HF	1551.9080666666666	47250.0	47040.0	7.013007456280246	1551.9045	1551.9096	34921	62319	Myotis bechsteinii	0.009	0.026	-1	Echolocation	192000	/home/adkris/Documents/mila-human-wav-txt/20220826_070000.WAV	2259	Waveform 1	1
HF	1551.9862333333333	54750.0	52800.00000000001	5.45965211312608	1551.9815	1551.9866	37500	59966	Myotis bechsteinii	0.013	0.035	-1	Echolocation	192000	/home/adkris/Documents/mila-human-wav-txt/20220826_070000.WAV	2260	Waveform 1	1
HF	1552.0737666666666	48750.0	48960.0	5.233157567549415	1552.0705	1552.0759	33203	51926	Barbastellus barbastellus	0.008	0.029	-1	Echolocation	192000	/home/adkris/Documents/mila-human-wav-txt/20220826_070000.WAV	2261	Waveform 1	1
LF	1552.4694	18750.0	19200.0	5.563749009474117	1552.4645	1552.4741	17734	23587	Plecotus austriacus	0.027	0.054	-1	Echolocation	192000	/home/adkris/Documents/mila-human-wav-txt/20220826_070000.WAV	2262	Waveform 1	1
LF	1552.5342333333333	22500.0	22080.0	6.447988088726577	1552.5295	1552.5381	20312	27486	Plecotus austriacus	0.026	0.055	-1	Echolocation	192000	/home/adkris/Documents/mila-human-wav-txt/20220826_070000.WAV	2263	Waveform 1	1
LF	1553.0910666666666	18750.0	19200.0	6.258356663899144	1553.0905	1553.0951	13437	33763	Plecotus auritus	0.064	0.079	-1	Echolocation	192000	/home/adkris/Documents/mila-human-wav-txt/20220826_070000.WAV	2264	Waveform 1	1
LF	1553.6462333333334	22500.0	23040.0	14.278170163292296	1553.6445	1553.6491	17734	36634	Plecotus austriacus	0.128	0.176	-1	Echolocation	192000	/home/adkris/Documents/mila-human-wav-txt/20220826_070000.WAV	2265	Waveform 1	1
LF	1553.8614666666667	22500.0	22080.0	8.756076741603572	1553.8575	1553.8692	21171	26586	Nyctalus leisleri	0.01	0.025	-1	Echolocation	192000	/home/adkris/Documents/mila-human-wav-txt/20220826_070000.WAV	2266	Waveform 1	1
LF	1554.575	15750.0	16320.000000000002	5.155928473946801	1554.5735	1554.5795	13437	32281	Plecotus auritus	0.024	0.031	-1	Echolocation	192000	/home/adkris/Documents/mila-human-wav-txt/20220826_070000.WAV	2267	Waveform 1	1
LF	1555.2258333333334	20250.0	20160.0	7.085889726898383	1555.2205	1555.232	18593	23791	Nyctalus noctula	0.016	0.042	-1	Echolocation	192000	/home/adkris/Documents/mila-human-wav-txt/20220826_070000.WAV	2268	Waveform 1	1
LF	1555.7510333333332	19500.0	20160.0	9.468087156307517	1555.7495	1555.7578	17734	25409	Plecotus austriacus	0.037	0.053	-1	Echolocation	192000	/home/adkris/Documents/mila-human-wav-txt/20220826_070000.WAV	2269	Waveform 1	1
LF	1555.7697333333333	21000.0	21120.0	7.6540456795533265	1555.7605	1555.7716	20312	25466	Nyctalus leisleri	0.01	0.023	-1	Echolocation	192000	/home/adkris/Documents/mila-human-wav-txt/20220826_070000.WAV	2270	Waveform 1	1
LF	1556.5886	21000.0	21120.0	8.226240507544334	1556.5845	1556.5949	19453	24718	Plecotus austriacus	0.038	0.113	-1	Echolocation	192000	/home/adkris/Documents/mila-human-wav-txt/20220826_070000.WAV	2271	Waveform 1	1
LF	1556.925	17250.0	20160.0	7.139531945322135	1556.9225	1556.931	15156	26343	Plecotus auritus	0.018	0.032	-1	Echolocation	192000	/home/adkris/Documents/mila-human-wav-txt/20220826_070000.WAV	2272	Waveform 1	1
HF	1557.7658666666666	55500.0	55679.99999999999	5.459595656310677	1557.7645	1557.7718	54687	60507	Pipistrellus pygmaeus	0.038	0.04	-1	Echolocation	192000	/home/adkris/Documents/mila-human-wav-txt/20220826_070000.WAV	2273	Waveform 1	1
LF	1557.9440333333334	20250.0	20160.0	6.568395853582583	1557.9405	1557.9503	19453	25474	Plecotus austriacus	0.039	0.106	-1	Echolocation	192000	/home/adkris/Documents/mila-human-wav-txt/20220826_070000.WAV	2274	Waveform 1	1
HF	1557.9501333333333	47250.0	48960.0	7.74022794639494	1557.9485	1557.9532	32343	73720	Myotis bechsteinii	0.012	0.041	-1	Echolocation	192000	/home/adkris/Documents/mila-human-wav-txt/20220826_070000.WAV	2275	Waveform 1	1
HF	1558.1417	53250.0	53760.00000000001	8.257717884768237	1558.1365	1558.1423	54687	63841	Pipistrellus pipistrellus	0.013	0.028	-1	Echolocation	192000	/home/adkris/Documents/mila-human-wav-txt/20220826_070000.WAV	2276	Waveform 1	1
HF	1558.1420333333333	50250.0	48960.0	11.585114695456816	1558.1405	1558.1453	32343	76272	Myotis bechsteinii	0.017	0.048	-1	Echolocation	192000	/home/adkris/Documents/mila-human-wav-txt/20220826_070000.WAV	2277	Waveform 1	1
HF	1558.2487666666666	52500.0	49920.0	6.065447056369225	1558.2455	1558.2509	34921	65034	Myotis mystacinus	0.009	0.029	-1	Echolocation	192000	/home/adkris/Documents/mila-human-wav-txt/20220826_070000.WAV	2278	Waveform 1	1
HF	1558.3319	46500.0	48000.0	5.821578904074044	1558.3295	1558.3346	33203	69106	Myotis mystacinus	0.009	0.026	-1	Echolocation	192000	/home/adkris/Documents/mila-human-wav-txt/20220826_070000.WAV	2279	Waveform 1	1
HF	1558.4197333333334	49500.0	48000.0	6.602727205643422	1558.4185	1558.4236	33203	69495	Myotis mystacinus	0.012	0.033	-1	Echolocation	192000	/home/adkris/Documents/mila-human-wav-txt/20220826_070000.WAV	2280	Waveform 1	1
LF	1559.7884333333334	22500.0	22080.0	7.957766807546669	1559.7855	1559.7959	20312	24917	Nyctalus leisleri	0.014	0.037	-1	Echolocation	192000	/home/adkris/Documents/mila-human-wav-txt/20220826_070000.WAV	2281	Waveform 1	1
LF	1560.1688	18000.0	18240.0	6.336016506827322	1560.1685	1560.1757	14296	23722	Plecotus auritus	0.01	0.02	-1	Echolocation	192000	/home/adkris/Documents/mila-human-wav-txt/20220826_070000.WAV	2282	Waveform 1	1
LF	1561.493433333333	23250.0	23040.0	6.594609030516844	1561.4895	1561.4989	22031	28902	Plecotus austriacus	0.027	0.069	-1	Echolocation	192000	/home/adkris/Documents/mila-human-wav-txt/20220826_070000.WAV	2283	Waveform 1	1
LF	1561.51	24000.0	22080.0	6.450920282211055	1561.4995	1561.5105	21171	24213	Nyctalus leisleri	0.016	0.024	-1	Echolocation	192000	/home/adkris/Documents/mila-human-wav-txt/20220826_070000.WAV	2284	Waveform 1	1
LF	1561.7626	19500.0	20160.0	5.396775930407733	1561.7585	1561.7689	18593	23535	Plecotus austriacus	0.014	0.047	-1	Echolocation	192000	/home/adkris/Documents/mila-human-wav-txt/20220826_070000.WAV	2285	Waveform 1	1
LF	1561.8211333333334	20250.0	20160.0	5.368198404239344	1561.8165	1561.8322	18593	23264	Nyctalus noctula	0.041	0.066	-1	Echolocation	192000	/home/adkris/Documents/mila-human-wav-txt/20220826_070000.WAV	2286	Waveform 1	1
LF	1562.6157	21750.0	22080.0	17.092712271345306	1562.6135	1562.6223	20312	25892	Plecotus austriacus	0.038	0.078	-1	Echolocation	192000	/home/adkris/Documents/mila-human-wav-txt/20220826_070000.WAV	2287	Waveform 1	1
LF	1563.7048333333332	18000.0	18240.0	6.095216248617218	1563.7035	1563.7155	17734	22466	Nyctalus noctula	0.012	0.027	-1	Echolocation	192000	/home/adkris/Documents/mila-human-wav-txt/20220826_070000.WAV	2288	Waveform 1	1
LF	1565.4664	21750.0	22080.0	5.53536045243452	1565.4605	1565.4691	19453	26336	Plecotus austriacus	0.03	0.055	-1	Echolocation	192000	/home/adkris/Documents/mila-human-wav-txt/20220826_070000.WAV	2289	Waveform 1	1
LF	1565.9250333333334	21750.0	22080.0	14.297937630356374	1565.9205	1565.9293	19453	26531	Plecotus austriacus	0.04	0.096	-1	Echolocation	192000	/home/adkris/Documents/mila-human-wav-txt/20220826_070000.WAV	2290	Waveform 1	1
LF	1565.9724	21000.0	22080.0	7.717969154949882	1565.9675	1565.9771	19453	25690	Plecotus austriacus	0.022	0.053	-1	Echolocation	192000	/home/adkris/Documents/mila-human-wav-txt/20220826_070000.WAV	2291	Waveform 1	1
LF	1565.9969333333331	20250.0	21120.0	7.447442771539965	1565.9835	1565.9974	21171	25103	Nyctalus leisleri	0.014	0.026	-1	Echolocation	192000	/home/adkris/Documents/mila-human-wav-txt/20220826_070000.WAV	2292	Waveform 1	1
LF	1566.5411	18750.0	20160.0	6.84361559170938	1566.5365	1566.5464	18593	25557	Plecotus austriacus	0.034	0.073	-1	Echolocation	192000	/home/adkris/Documents/mila-human-wav-txt/20220826_070000.WAV	2293	Waveform 1	1
HF	1567.3933	48750.0	48960.0	5.396350241622951	1567.3895	1567.3967	46953	53083	Pipistrellus pipistrellus	0.175	0.195	-1	Echolocation	192000	/home/adkris/Documents/mila-human-wav-txt/20220826_070000.WAV	2294	Waveform 1	1
LF	1567.7608	24000.0	22080.0	14.934700735369915	1567.7595	1567.7657	17734	30906	Plecotus austriacus	0.057	0.074	-1	Echolocation	192000	/home/adkris/Documents/mila-human-wav-txt/20220826_070000.WAV	2295	Waveform 1	1
LF	1569.0470333333333	21750.0	21120.0	9.961000743387295	1569.0445	1569.0518	14296	28327	Plecotus auritus	0.011	0.023	-1	Echolocation	192000	/home/adkris/Documents/mila-human-wav-txt/20220826_070000.WAV	2296	Waveform 1	1
LF	1570.7234	21750.0	22080.0	9.106718977802537	1570.7215	1570.7271	17734	32147	Plecotus austriacus	0.065	0.093	-1	Echolocation	192000	/home/adkris/Documents/mila-human-wav-txt/20220826_070000.WAV	2297	Waveform 1	1
LF	1571.3887333333332	18750.0	18240.0	6.769719746557732	1571.3885	1571.3946	13437	28132	Plecotus auritus	0.018	0.034	-1	Echolocation	192000	/home/adkris/Documents/mila-human-wav-txt/20220826_070000.WAV	2298	Waveform 1	1
LF	1573.8208	20250.0	20160.0	9.686405233535968	1573.8165	1573.8267	18593	24654	Plecotus austriacus	0.036	0.106	-1	Echolocation	192000	/home/adkris/Documents/mila-human-wav-txt/20220826_070000.WAV	2299	Waveform 1	1
LF	1573.8319	21750.0	20160.0	9.898270617258094	1573.8285	1573.8396	19453	23791	Nyctalus leisleri	0.011	0.021	-1	Echolocation	192000	/home/adkris/Documents/mila-human-wav-txt/20220826_070000.WAV	2300	Waveform 1	1
LF	1576.1179	16500.0	16320.000000000002	7.748085771548666	1576.1165	1576.1226	13437	30164	Plecotus auritus	0.034	0.046	-1	Echolocation	192000	/home/adkris/Documents/mila-human-wav-txt/20220826_070000.WAV	2301	Waveform 1	1
LF	1576.212266666667	21750.0	22080.0	13.918010751772394	1576.2105	1576.2174	17734	29515	Plecotus austriacus	0.08	0.108	-1	Echolocation	192000	/home/adkris/Documents/mila-human-wav-txt/20220826_070000.WAV	2302	Waveform 1	1
LF	1577.9805333333334	21750.0	20160.0	5.317278981968794	1577.9745	1577.9888	18593	23842	Nyctalus noctula	0.013	0.024	-1	Echolocation	192000	/home/adkris/Documents/mila-human-wav-txt/20220826_070000.WAV	2303	Waveform 1	1
LF	1581.8677333333333	20250.0	20160.0	10.060056043744598	1581.8625	1581.8741	18593	23812	Nyctalus noctula	0.021	0.058	-1	Echolocation	192000	/home/adkris/Documents/mila-human-wav-txt/20220826_070000.WAV	2304	Waveform 1	1
HF	1584.0084	41250.0	39360.0	7.598413136491372	1584.0065	1584.0191	39218	44704	Pipistrellus nathusii	0.163	0.17	-1	Echolocation	192000	/home/adkris/Documents/mila-human-wav-txt/20220826_070000.WAV	2305	Waveform 1	1
LF	1584.4109	44250.0	41280.0	6.09240435705484	1584.4095	1584.4156	29765	43489	Barbastellus barbastellus	0.007	0.024	-1	Echolocation	192000	/home/adkris/Documents/mila-human-wav-txt/20220826_070000.WAV	2306	Waveform 1	1
HF	1584.5174	43500.0	41280.0	6.481896029389493	1584.5125	1584.5186	30625	49255	Myotis brandtii	0.009	0.029	-1	Echolocation	192000	/home/adkris/Documents/mila-human-wav-txt/20220826_070000.WAV	2307	Waveform 1	1
LF	1584.640133333333	21750.0	22080.0	9.29647573171769	1584.6365	1584.6462	19453	24498	Plecotus austriacus	0.019	0.059	-1	Echolocation	192000	/home/adkris/Documents/mila-human-wav-txt/20220826_070000.WAV	2308	Waveform 1	1
HF	1584.7077	42000.0	45120.0	9.609386145272538	1584.7025	1584.7083	30625	54826	Myotis brandtii	0.012	0.038	-1	Echolocation	192000	/home/adkris/Documents/mila-human-wav-txt/20220826_070000.WAV	2309	Waveform 1	1
HF	1584.8134666666667	47250.0	46080.0	7.186069153813167	1584.8075	1584.8137	30625	47287	Myotis bechsteinii	0.005	0.025	-1	Echolocation	192000	/home/adkris/Documents/mila-human-wav-txt/20220826_070000.WAV	2310	Waveform 1	1
HF	1584.8130666666666	47250.0	47040.0	8.998429237809486	1584.8105	1584.8166	47812	51481	Pipistrellus pipistrellus	0.014	0.024	-1	Echolocation	192000	/home/adkris/Documents/mila-human-wav-txt/20220826_070000.WAV	2311	Waveform 1	1
HF	1585.0143666666668	43500.0	43200.0	11.29969998708874	1585.0085	1585.0148	30625	53771	Myotis bechsteinii	0.012	0.03	-1	Echolocation	192000	/home/adkris/Documents/mila-human-wav-txt/20220826_070000.WAV	2312	Waveform 1	1
HF	1585.0153666666668	47250.0	48960.0	8.086026726741371	1585.0095	1585.0158	49531	55303	Pipistrellus pipistrellus	0.033	0.054	-1	Echolocation	192000	/home/adkris/Documents/mila-human-wav-txt/20220826_070000.WAV	2313	Waveform 1	1
LF	1585.0537	20250.0	20160.0	11.79618465128318	1585.0525	1585.0623	16015	21499	Nyctalus noctula	0.031	0.051	-1	Echolocation	192000	/home/adkris/Documents/mila-human-wav-txt/20220826_070000.WAV	2314	Waveform 1	1
LF	1585.2569	43500.0	43200.0	5.645199709185543	1585.2555	1585.2616	30625	44111	Myotis brandtii	0.009	0.025	-1	Echolocation	192000	/home/adkris/Documents/mila-human-wav-txt/20220826_070000.WAV	2315	Waveform 1	1
LF	1585.3523333333333	15000.0	16320.000000000002	8.88116265491792	1585.3505	1585.3585	12578	31455	Barbastellus barbastellus	0.021	0.026	-1	Echolocation	192000	/home/adkris/Documents/mila-human-wav-txt/20220826_070000.WAV	2316	Waveform 1	1
HF	1585.6217	45000.0	41280.0	17.79466199089384	1585.6155	1585.6238	31484	51481	Myotis bechsteinii	0.012	0.028	-1	Echolocation	192000	/home/adkris/Documents/mila-human-wav-txt/20220826_070000.WAV	2317	Waveform 1	1
HF	1585.6211666666666	53250.0	52800.00000000001	5.87826221518592	1585.6175	1585.626	52968	57414	Pipistrellus pygmaeus	0.062	0.068	-1	Echolocation	192000	/home/adkris/Documents/mila-human-wav-txt/20220826_070000.WAV	2318	Waveform 1	1
LF	1585.624366666667	40500.0	40320.0	8.619616421008756	1585.6185	1585.6248	26328	37483	Myotis nattereri	0.005	0.024	-1	Echolocation	192000	/home/adkris/Documents/mila-human-wav-txt/20220826_070000.WAV	2319	Waveform 1	1
HF	1585.8289666666667	41250.0	41280.0	13.320047229946898	1585.8235	1585.8302	30625	50666	Myotis brandtii	0.008	0.024	-1	Echolocation	192000	/home/adkris/Documents/mila-human-wav-txt/20220826_070000.WAV	2320	Waveform 1	1
LF	1585.9408666666666	39750.0	39360.0	6.608674754023793	1585.9385	1585.9448	29765	39738	Barbastellus barbastellus	0.008	0.025	-1	Echolocation	192000	/home/adkris/Documents/mila-human-wav-txt/20220826_070000.WAV	2321	Waveform 1	1
HF	1586.3418666666666	38250.0	40320.0	5.566318532303195	1586.3375	1586.3523	38359	43915	Pipistrellus nathusii	0.158	0.168	-1	Echolocation	192000	/home/adkris/Documents/mila-human-wav-txt/20220826_070000.WAV	2322	Waveform 1	1
LF	1586.528733333333	41250.0	41280.0	9.249085729901532	1586.5255	1586.5321	27187	40174	Eptesicus serotinus	0.006	0.024	-1	Echolocation	192000	/home/adkris/Documents/mila-human-wav-txt/20220826_070000.WAV	2323	Waveform 1	1
HF	1587.149	42000.0	41280.0	9.620731501924784	1587.1455	1587.153	29765	47091	Myotis daubentonii	0.004	0.023	-1	Echolocation	192000	/home/adkris/Documents/mila-human-wav-txt/20220826_070000.WAV	2324	Waveform 1	1
LF	1587.367	20250.0	20160.0	6.781453607350182	1587.3655	1587.375	19453	24402	Plecotus austriacus	0.029	0.096	-1	Echolocation	192000	/home/adkris/Documents/mila-human-wav-txt/20220826_070000.WAV	2325	Waveform 1	1
HF	1587.5472	42750.0	42240.0	5.64579150843934	1587.5425	1587.5488	28906	50152	Myotis daubentonii	0.012	0.026	-1	Echolocation	192000	/home/adkris/Documents/mila-human-wav-txt/20220826_070000.WAV	2326	Waveform 1	1
LF	1587.6427333333334	19500.0	17280.0	13.837474645654035	1587.6425	1587.6556	16875	22729	Nyctalus noctula	0.017	0.027	-1	Echolocation	192000	/home/adkris/Documents/mila-human-wav-txt/20220826_070000.WAV	2327	Waveform 1	1
LF	1587.643366666667	25500.0	25920.0	7.794908476377095	1587.6425	1587.6503	25468	33364	Eptesicus serotinus	0.006	0.022	-1	Echolocation	192000	/home/adkris/Documents/mila-human-wav-txt/20220826_070000.WAV	2328	Waveform 1	1
LF	1587.9591	20250.0	19200.0	5.968912614051725	1587.9565	1587.9649	15156	26295	Plecotus auritus	0.014	0.022	-1	Echolocation	192000	/home/adkris/Documents/mila-human-wav-txt/20220826_070000.WAV	2329	Waveform 1	1
LF	1588.5608666666667	20250.0	21120.0	16.062904423149586	1588.5585	1588.5648	16875	31636	Plecotus austriacus	0.061	0.111	-1	Echolocation	192000	/home/adkris/Documents/mila-human-wav-txt/20220826_070000.WAV	2330	Waveform 1	1
LF	1588.8217666666667	23250.0	23040.0	5.493090307263393	1588.8095	1588.8234	22031	27028	Nyctalus leisleri	0.013	0.037	-1	Echolocation	192000	/home/adkris/Documents/mila-human-wav-txt/20220826_070000.WAV	2331	Waveform 1	1
LF	1589.6187	19500.0	20160.0	13.544089408157634	1589.6135	1589.6228	18593	24379	Plecotus austriacus	0.025	0.078	-1	Echolocation	192000	/home/adkris/Documents/mila-human-wav-txt/20220826_070000.WAV	2332	Waveform 1	1
LF	1592.075833333333	23250.0	24000.0	5.960498317574544	1592.0755	1592.0815	16875	31187	Plecotus austriacus	0.034	0.047	-1	Echolocation	192000	/home/adkris/Documents/mila-human-wav-txt/20220826_070000.WAV	2333	Waveform 1	1
LF	1592.2570333333333	20250.0	20160.0	15.79101919192766	1592.2555	1592.2638	17734	25463	Plecotus austriacus	0.062	0.092	-1	Echolocation	192000	/home/adkris/Documents/mila-human-wav-txt/20220826_070000.WAV	2334	Waveform 1	1
LF	1593.9845333333333	18750.0	19200.0	5.606799428099852	1593.9825	1593.9903	15156	30251	Plecotus auritus	0.018	0.034	-1	Echolocation	192000	/home/adkris/Documents/mila-human-wav-txt/20220826_070000.WAV	2335	Waveform 1	1
LF	1595.2216	12750.0	13440.000000000002	6.193296206091584	1595.2205	1595.2269	12578	31222	Plecotus auritus	0.017	0.024	-1	Echolocation	192000	/home/adkris/Documents/mila-human-wav-txt/20220826_070000.WAV	2336	Waveform 1	1
LF	1596.0983	17250.0	17280.0	5.356470698893369	1596.0955	1596.1037	14296	25093	Plecotus auritus	0.024	0.033	-1	Echolocation	192000	/home/adkris/Documents/mila-human-wav-txt/20220826_070000.WAV	2337	Waveform 1	1
LF	1597.6945333333333	20250.0	20160.0	11.19392484623505	1597.6925	1597.7003	18593	28020	Plecotus austriacus	0.077	0.112	-1	Echolocation	192000	/home/adkris/Documents/mila-human-wav-txt/20220826_070000.WAV	2338	Waveform 1	1
HF	1597.8551333333332	48750.0	48960.0	5.060893332484795	1597.8545	1597.8602	24609	53044	Myotis nattereri	0.025	0.036	-1	Echolocation	192000	/home/adkris/Documents/mila-human-wav-txt/20220826_070000.WAV	2339	Waveform 1	1
HF	1597.9228	51000.0	48960.0	5.838696602814925	1597.9205	1597.9257	34062	74000	Myotis brandtii	0.014	0.035	-1	Echolocation	192000	/home/adkris/Documents/mila-human-wav-txt/20220826_070000.WAV	2340	Waveform 1	1
HF	1598.159666666667	47250.0	47040.0	10.297049994268813	1598.1565	1598.162	33203	67181	Myotis mystacinus	0.008	0.022	-1	Echolocation	192000	/home/adkris/Documents/mila-human-wav-txt/20220826_070000.WAV	2341	Waveform 1	1
LF	1598.3317	19500.0	20160.0	8.521446519348503	1598.3185	1598.3373	16875	21831	Nyctalus noctula	0.015	0.022	-1	Echolocation	192000	/home/adkris/Documents/mila-human-wav-txt/20220826_070000.WAV	2342	Waveform 1	1
LF	1598.3322	20250.0	20160.0	9.21818687641944	1598.3285	1598.3393	19453	23960	Plecotus austriacus	0.012	0.036	-1	Echolocation	192000	/home/adkris/Documents/mila-human-wav-txt/20220826_070000.WAV	2343	Waveform 1	1
LF	1598.3472333333334	22500.0	22080.0	7.954611697213537	1598.3405	1598.3506	22031	28994	Nyctalus leisleri	0.009	0.025	-1	Echolocation	192000	/home/adkris/Documents/mila-human-wav-txt/20220826_070000.WAV	2344	Waveform 1	1
HF	1598.4076	55500.0	55679.99999999999	5.448315099740222	1598.4065	1598.4129	55546	61585	Pipistrellus pygmaeus	0.038	0.04	-1	Echolocation	192000	/home/adkris/Documents/mila-human-wav-txt/20220826_070000.WAV	2345	Waveform 1	1
HF	1598.6818	49500.0	49920.0	7.416426813973721	1598.6795	1598.6847	34062	70061	Myotis mystacinus	0.011	0.028	-1	Echolocation	192000	/home/adkris/Documents/mila-human-wav-txt/20220826_070000.WAV	2346	Waveform 1	1
LF	1599.441	19500.0	20160.0	7.278189394120103	1599.4365	1599.4465	18593	24104	Plecotus austriacus	0.027	0.07	-1	Echolocation	192000	/home/adkris/Documents/mila-human-wav-txt/20220826_070000.WAV	2347	Waveform 1	1
LF	1602.6648666666667	42750.0	42240.0	7.841098366341397	1602.6595	1602.6663	28906	45135	Myotis daubentonii	0.005	0.023	-1	Echolocation	192000	/home/adkris/Documents/mila-human-wav-txt/20220826_070000.WAV	2348	Waveform 1	1
HF	1603.3572666666666	45000.0	46080.0	6.992297510024424	1603.3545	1603.3604	46093	55572	Pipistrellus pipistrellus	0.007	0.022	-1	Echolocation	192000	/home/adkris/Documents/mila-human-wav-txt/20220826_070000.WAV	2349	Waveform 1	1
LF	1604.5363	21750.0	22080.0	6.83037016047167	1604.5325	1604.5432	21171	26133	Nyctalus leisleri	0.015	0.041	-1	Echolocation	192000	/home/adkris/Documents/mila-human-wav-txt/20220826_070000.WAV	2350	Waveform 1	1
LF	1604.7493333333334	24750.0	24000.0	5.10165294013818	1604.7475	1604.7555	22031	29258	Plecotus austriacus	0.04	0.083	-1	Echolocation	192000	/home/adkris/Documents/mila-human-wav-txt/20220826_070000.WAV	2351	Waveform 1	1
LF	1607.941366666667	21750.0	22080.0	7.288413101147682	1607.9385	1607.9443	15156	31360	Plecotus auritus	0.027	0.04	-1	Echolocation	192000	/home/adkris/Documents/mila-human-wav-txt/20220826_070000.WAV	2352	Waveform 1	1
LF	1607.9405	21000.0	21120.0	8.183425117317167	1607.9395	1607.9495	20312	24798	Plecotus austriacus	0.014	0.043	-1	Echolocation	192000	/home/adkris/Documents/mila-human-wav-txt/20220826_070000.WAV	2353	Waveform 1	1
LF	1608.8924333333334	21000.0	22080.0	5.828121138231771	1608.8875	1608.8994	18593	24037	Nyctalus noctula	0.012	0.033	-1	Echolocation	192000	/home/adkris/Documents/mila-human-wav-txt/20220826_070000.WAV	2354	Waveform 1	1
LF	1610.797733333333	24000.0	22080.0	5.736023024617857	1610.7965	1610.8016	15156	30498	Plecotus auritus	0.018	0.03	-1	Echolocation	192000	/home/adkris/Documents/mila-human-wav-txt/20220826_070000.WAV	2355	Waveform 1	1
LF	1612.4765	18750.0	20160.0	10.640134294514958	1612.4735	1612.4815	16875	24022	Plecotus auritus	0.033	0.119	-1	Echolocation	192000	/home/adkris/Documents/mila-human-wav-txt/20220826_070000.WAV	2356	Waveform 1	1
LF	1612.4907666666666	19500.0	22080.0	7.766025650624815	1612.4855	1612.4959	20312	25124	Nyctalus leisleri	0.009	0.021	-1	Echolocation	192000	/home/adkris/Documents/mila-human-wav-txt/20220826_070000.WAV	2357	Waveform 1	1
HF	1614.5275333333334	45000.0	42240.0	9.871467328053525	1614.5245	1614.5313	30625	53219	Myotis brandtii	0.011	0.028	-1	Echolocation	192000	/home/adkris/Documents/mila-human-wav-txt/20220826_070000.WAV	2358	Waveform 1	1
HF	1614.8113666666666	47250.0	43200.0	9.586552352727498	1614.8065	1614.8138	32343	58672	Myotis bechsteinii	0.009	0.026	-1	Echolocation	192000	/home/adkris/Documents/mila-human-wav-txt/20220826_070000.WAV	2359	Waveform 1	1
HF	1614.9181333333331	44250.0	43200.0	10.248866429472468	1614.9115	1614.9182	30625	55382	Myotis brandtii	0.009	0.026	-1	Echolocation	192000	/home/adkris/Documents/mila-human-wav-txt/20220826_070000.WAV	2360	Waveform 1	1
HF	1615.0248666666666	42000.0	44160.0	16.458486800006845	1615.0195	1615.0263	31484	54767	Myotis brandtii	0.008	0.023	-1	Echolocation	192000	/home/adkris/Documents/mila-human-wav-txt/20220826_070000.WAV	2361	Waveform 1	1
HF	1615.2311333333332	54750.0	50880.0	5.329595573629068	1615.2305	1615.2362	52109	58087	Pipistrellus pygmaeus	0.023	0.031	-1	Echolocation	192000	/home/adkris/Documents/mila-human-wav-txt/20220826_070000.WAV	2362	Waveform 1	1
HF	1615.4037666666666	53250.0	53760.00000000001	5.305225579733247	1615.4015	1615.4079	52968	59131	Pipistrellus pygmaeus	0.033	0.036	-1	Echolocation	192000	/home/adkris/Documents/mila-human-wav-txt/20220826_070000.WAV	2363	Waveform 1	1
HF	1615.6040333333333	54750.0	47040.0	6.553962320269784	1615.5975	1615.6043	32343	56232	Myotis brandtii	0.012	0.03	-1	Echolocation	192000	/home/adkris/Documents/mila-human-wav-txt/20220826_070000.WAV	2364	Waveform 1	1
HF	1615.705866666667	42750.0	42240.0	17.082234420759622	1615.7035	1615.7098	30625	55828	Myotis bechsteinii	0.009	0.026	-1	Echolocation	192000	/home/adkris/Documents/mila-human-wav-txt/20220826_070000.WAV	2365	Waveform 1	1
HF	1615.7086666666669	53250.0	52800.00000000001	5.509249275154592	1615.7035	1615.7105	52968	58947	Pipistrellus pygmaeus	0.03	0.035	-1	Echolocation	192000	/home/adkris/Documents/mila-human-wav-txt/20220826_070000.WAV	2366	Waveform 1	1
HF	1615.7959	45750.0	43200.0	10.362607155251366	1615.7905	1615.7961	31484	51685	Myotis brandtii	0.01	0.027	-1	Echolocation	192000	/home/adkris/Documents/mila-human-wav-txt/20220826_070000.WAV	2367	Waveform 1	1
HF	1615.7989	51000.0	49920.0	8.44483626889575	1615.7935	1615.7991	50390	59691	Pipistrellus pygmaeus	0.053	0.061	-1	Echolocation	192000	/home/adkris/Documents/mila-human-wav-txt/20220826_070000.WAV	2368	Waveform 1	1
HF	1615.881	46500.0	47040.0	5.442798817050452	1615.8795	1615.8855	33203	53465	Myotis brandtii	0.011	0.029	-1	Echolocation	192000	/home/adkris/Documents/mila-human-wav-txt/20220826_070000.WAV	2369	Waveform 1	1
HF	1616.0956	46500.0	43200.0	15.84552665076151	1616.0905	1616.0964	30625	51604	Myotis bechsteinii	0.008	0.028	-1	Echolocation	192000	/home/adkris/Documents/mila-human-wav-txt/20220826_070000.WAV	2370	Waveform 1	1
HF	1616.0948	49500.0	48960.0	7.097404498613389	1616.0905	1616.0972	50390	57297	Pipistrellus pipistrellus	0.02	0.032	-1	Echolocation	192000	/home/adkris/Documents/mila-human-wav-txt/20220826_070000.WAV	2371	Waveform 1	1
HF	1616.1899	45750.0	45120.0	17.31115936441508	1616.1855	1616.1921	31484	56399	Myotis bechsteinii	0.009	0.027	-1	Echolocation	192000	/home/adkris/Documents/mila-human-wav-txt/20220826_070000.WAV	2372	Waveform 1	1
HF	1616.1883333333333	54000.0	53760.00000000001	9.387230628900454	1616.1865	1616.1945	52968	58828	Pipistrellus pygmaeus	0.035	0.041	-1	Echolocation	192000	/home/adkris/Documents/mila-human-wav-txt/20220826_070000.WAV	2373	Waveform 1	1
HF	1616.3746	41250.0	41280.0	17.85288254424505	1616.3675	1616.3749	31484	56418	Myotis bechsteinii	0.013	0.031	-1	Echolocation	192000	/home/adkris/Documents/mila-human-wav-txt/20220826_070000.WAV	2374	Waveform 1	1
HF	1616.448133333333	51750.0	52800.00000000001	10.659722600124466	1616.4465	1616.4547	52968	58020	Pipistrellus pygmaeus	0.03	0.033	-1	Echolocation	192000	/home/adkris/Documents/mila-human-wav-txt/20220826_070000.WAV	2375	Waveform 1	1
HF	1616.540533333333	44250.0	46080.0	6.818940380845819	1616.5385	1616.5463	42656	50439	Pipistrellus nathusii	0.036	0.053	-1	Echolocation	192000	/home/adkris/Documents/mila-human-wav-txt/20220826_070000.WAV	2376	Waveform 1	1
HF	1616.6540333333332	44250.0	44160.0	12.775219839213586	1616.6495	1616.6548	31484	59501	Myotis brandtii	0.011	0.026	-1	Echolocation	192000	/home/adkris/Documents/mila-human-wav-txt/20220826_070000.WAV	2377	Waveform 1	1
LF	1616.7536	41250.0	41280.0	5.943861275059162	1616.7515	1616.7569	28046	40547	Plecotus auritus	0.007	0.025	-1	Echolocation	192000	/home/adkris/Documents/mila-human-wav-txt/20220826_070000.WAV	2378	Waveform 1	1
HF	1617.0019333333332	41250.0	46080.0	19.578153116310176	1616.9955	1617.0024	30625	53658	Myotis bechsteinii	0.009	0.027	-1	Echolocation	192000	/home/adkris/Documents/mila-human-wav-txt/20220826_070000.WAV	2379	Waveform 1	1
HF	1616.9979666666666	51750.0	51840.0	9.649040717168376	1616.9965	1617.0037	52109	59744	Pipistrellus pygmaeus	0.033	0.043	-1	Echolocation	192000	/home/adkris/Documents/mila-human-wav-txt/20220826_070000.WAV	2380	Waveform 1	1
HF	1617.2481666666667	47250.0	45120.0	16.153918095854834	1617.2425	1617.249	32343	53984	Myotis brandtii	0.008	0.023	-1	Echolocation	192000	/home/adkris/Documents/mila-human-wav-txt/20220826_070000.WAV	2381	Waveform 1	1
HF	1617.2480666666668	47250.0	47040.0	9.67021408027609	1617.2455	1617.2516	49531	57547	Pipistrellus pipistrellus	0.018	0.029	-1	Echolocation	192000	/home/adkris/Documents/mila-human-wav-txt/20220826_070000.WAV	2382	Waveform 1	1
HF	1618.0095	47250.0	48000.0	5.342621280294759	1618.0015	1618.0115	47812	52128	Pipistrellus pipistrellus	0.015	0.031	-1	Echolocation	192000	/home/adkris/Documents/mila-human-wav-txt/20220826_070000.WAV	2383	Waveform 1	1
HF	1618.0036	40500.0	40320.0	6.983881461577147	1618.0015	1618.0104	40078	47035	Pipistrellus nathusii	0.045	0.058	-1	Echolocation	192000	/home/adkris/Documents/mila-human-wav-txt/20220826_070000.WAV	2384	Waveform 1	1
HF	1618.1907333333334	43500.0	42240.0	7.471241247780314	1618.1875	1618.1941	30625	47370	Myotis daubentonii	0.008	0.026	-1	Echolocation	192000	/home/adkris/Documents/mila-human-wav-txt/20220826_070000.WAV	2385	Waveform 1	1
LF	1620.362566666667	24750.0	24960.0	5.8291196428973135	1620.3605	1620.3706	22031	27194	Nyctalus leisleri	0.028	0.076	-1	Echolocation	192000	/home/adkris/Documents/mila-human-wav-txt/20220826_070000.WAV	2386	Waveform 1	1
LF	1620.5112666666666	21000.0	23040.0	6.015464321048226	1620.5065	1620.5174	21171	26338	Nyctalus leisleri	0.012	0.041	-1	Echolocation	192000	/home/adkris/Documents/mila-human-wav-txt/20220826_070000.WAV	2387	Waveform 1	1
LF	1621.7716333333333	17250.0	20160.0	13.685107812539476	1621.7695	1621.7772	16015	23690	Plecotus auritus	0.022	0.052	-1	Echolocation	192000	/home/adkris/Documents/mila-human-wav-txt/20220826_070000.WAV	2388	Waveform 1	1
LF	1624.0397333333333	20250.0	20160.0	13.453865774179238	1624.0375	1624.0451	18593	26342	Plecotus austriacus	0.077	0.108	-1	Echolocation	192000	/home/adkris/Documents/mila-human-wav-txt/20220826_070000.WAV	2389	Waveform 1	1
LF	1625.7332	19500.0	19200.0	8.97612248069376	1625.7315	1625.7408	17734	24187	Plecotus austriacus	0.033	0.073	-1	Echolocation	192000	/home/adkris/Documents/mila-human-wav-txt/20220826_070000.WAV	2390	Waveform 1	1
LF	1627.2288	17250.0	17280.0	10.11465711670565	1627.2275	1627.2512	16015	21780	Nyctalus noctula	0.023	0.029	-1	Echolocation	192000	/home/adkris/Documents/mila-human-wav-txt/20220826_070000.WAV	2391	Waveform 1	1
LF	1627.4464	21000.0	21120.0	7.712727961128232	1627.4415	1627.4511	19453	24990	Plecotus austriacus	0.022	0.058	-1	Echolocation	192000	/home/adkris/Documents/mila-human-wav-txt/20220826_070000.WAV	2392	Waveform 1	1
LF	1628.1575	20250.0	20160.0	11.227843302466734	1628.1555	1628.168	19453	24621	Nyctalus noctula	0.036	0.075	-1	Echolocation	192000	/home/adkris/Documents/mila-human-wav-txt/20220826_070000.WAV	2393	Waveform 1	1
LF	1628.374366666667	20250.0	21120.0	6.168396393109624	1628.3695	1628.3803	18593	24374	Nyctalus noctula	0.013	0.046	-1	Echolocation	192000	/home/adkris/Documents/mila-human-wav-txt/20220826_070000.WAV	2394	Waveform 1	1
HF	1630.0285	42000.0	43200.0	13.018198309198246	1630.0235	1630.0295	30625	52121	Myotis brandtii	0.008	0.023	-1	Echolocation	192000	/home/adkris/Documents/mila-human-wav-txt/20220826_070000.WAV	2395	Waveform 1	1
HF	1630.1218666666666	47250.0	48000.0	9.00210197018087	1630.1195	1630.1258	47812	56891	Pipistrellus pipistrellus	0.013	0.026	-1	Echolocation	192000	/home/adkris/Documents/mila-human-wav-txt/20220826_070000.WAV	2396	Waveform 1	1
HF	1630.3072666666667	41250.0	43200.0	15.493044554294482	1630.3015	1630.3079	30625	56784	Myotis brandtii	0.009	0.024	-1	Echolocation	192000	/home/adkris/Documents/mila-human-wav-txt/20220826_070000.WAV	2397	Waveform 1	1
HF	1630.3085666666666	44250.0	46080.0	13.725918483503188	1630.3055	1630.3111	46093	57245	Myotis brandtii	0.007	0.028	-1	Echolocation	192000	/home/adkris/Documents/mila-human-wav-txt/20220826_070000.WAV	2398	Waveform 1	1
HF	1630.4095333333332	42750.0	42240.0	14.142706814060393	1630.4055	1630.4113	29765	50528	Myotis daubentonii	0.008	0.025	-1	Echolocation	192000	/home/adkris/Documents/mila-human-wav-txt/20220826_070000.WAV	2399	Waveform 1	1
HF	1630.4068333333332	53250.0	48960.0	5.672854949441405	1630.4065	1630.4125	50390	57620	Pipistrellus pygmaeus	0.031	0.05	-1	Echolocation	192000	/home/adkris/Documents/mila-human-wav-txt/20220826_070000.WAV	2400	Waveform 1	1
HF	1630.5062	47250.0	42240.0	10.437086120066182	1630.5015	1630.5078	31484	54058	Myotis brandtii	0.009	0.023	-1	Echolocation	192000	/home/adkris/Documents/mila-human-wav-txt/20220826_070000.WAV	2401	Waveform 1	1
HF	1630.5059	48750.0	45120.0	8.269232887060518	1630.5045	1630.5106	46953	55462	Pipistrellus pipistrellus	0.014	0.027	-1	Echolocation	192000	/home/adkris/Documents/mila-human-wav-txt/20220826_070000.WAV	2402	Waveform 1	1
HF	1630.7077	45750.0	45120.0	11.877140340959157	1630.7035	1630.7103	30625	58695	Myotis bechsteinii	0.015	0.033	-1	Echolocation	192000	/home/adkris/Documents/mila-human-wav-txt/20220826_070000.WAV	2403	Waveform 1	1
HF	1630.7341	41250.0	39360.0	5.50963066754754	1630.7295	1630.7359	34921	46235	Myotis brandtii	0.008	0.023	-1	Echolocation	192000	/home/adkris/Documents/mila-human-wav-txt/20220826_070000.WAV	2404	Waveform 1	1
HF	1630.8061333333333	45750.0	43200.0	9.620679228145752	1630.7995	1630.8062	30625	46982	Myotis bechsteinii	0.005	0.025	-1	Echolocation	192000	/home/adkris/Documents/mila-human-wav-txt/20220826_070000.WAV	2405	Waveform 1	1
HF	1630.8057	48000.0	48000.0	9.098933270774497	1630.8045	1630.8108	48671	55571	Pipistrellus pipistrellus	0.016	0.028	-1	Echolocation	192000	/home/adkris/Documents/mila-human-wav-txt/20220826_070000.WAV	2406	Waveform 1	1
HF	1631.0075333333334	49500.0	48000.0	7.0966105580492975	1631.0065	1631.0118	49531	57437	Pipistrellus pygmaeus	0.025	0.039	-1	Echolocation	192000	/home/adkris/Documents/mila-human-wav-txt/20220826_070000.WAV	2407	Waveform 1	1
HF	1631.1095666666668	51000.0	49920.0	9.0151506897765	1631.1045	1631.1116	51250	56394	Pipistrellus pygmaeus	0.02	0.031	-1	Echolocation	192000	/home/adkris/Documents/mila-human-wav-txt/20220826_070000.WAV	2408	Waveform 1	1
HF	1631.1111666666666	45750.0	45120.0	21.93384998145269	1631.1055	1631.112	28906	52883	Myotis daubentonii	0.008	0.023	-1	Echolocation	192000	/home/adkris/Documents/mila-human-wav-txt/20220826_070000.WAV	2409	Waveform 1	1
LF	1631.2267	20250.0	20160.0	5.329923609584704	1631.2245	1631.2333	17734	23192	Plecotus austriacus	0.012	0.041	-1	Echolocation	192000	/home/adkris/Documents/mila-human-wav-txt/20220826_070000.WAV	2410	Waveform 1	1
HF	1631.3146666666669	48000.0	48000.0	7.740823632208241	1631.3095	1631.3165	47812	55094	Pipistrellus pipistrellus	0.017	0.03	-1	Echolocation	192000	/home/adkris/Documents/mila-human-wav-txt/20220826_070000.WAV	2411	Waveform 1	1
LF	1631.3176666666666	41250.0	41280.0	9.6747957262493	1631.3105	1631.319	28046	39682	Eptesicus serotinus	0.006	0.022	-1	Echolocation	192000	/home/adkris/Documents/mila-human-wav-txt/20220826_070000.WAV	2412	Waveform 1	1
HF	1631.4139333333333	54000.0	53760.00000000001	6.490038133330849	1631.4115	1631.4189	52968	58479	Pipistrellus pygmaeus	0.032	0.033	-1	Echolocation	192000	/home/adkris/Documents/mila-human-wav-txt/20220826_070000.WAV	2413	Waveform 1	1
HF	1631.4195	47250.0	47040.0	5.70539908190928	1631.4185	1631.425	47812	55219	Pipistrellus pipistrellus	0.009	0.02	-1	Echolocation	192000	/home/adkris/Documents/mila-human-wav-txt/20220826_070000.WAV	2414	Waveform 1	1
HF	1631.6225333333334	48750.0	48000.0	5.374628523112934	1631.6195	1631.6263	48671	55880	Pipistrellus pipistrellus	0.016	0.025	-1	Echolocation	192000	/home/adkris/Documents/mila-human-wav-txt/20220826_070000.WAV	2415	Waveform 1	1
HF	1631.7105666666666	52500.0	51840.0	5.252466298675824	1631.7095	1631.7171	52109	60112	Pipistrellus pygmaeus	0.033	0.037	-1	Echolocation	192000	/home/adkris/Documents/mila-human-wav-txt/20220826_070000.WAV	2416	Waveform 1	1
HF	1631.8004	48750.0	45120.0	10.390235901729575	1631.7955	1631.8016	31484	51730	Myotis brandtii	0.008	0.021	-1	Echolocation	192000	/home/adkris/Documents/mila-human-wav-txt/20220826_070000.WAV	2417	Waveform 1	1
HF	1631.9016	42750.0	43200.0	17.177241791187505	1631.8945	1631.9019	30625	49251	Myotis bechsteinii	0.009	0.027	-1	Echolocation	192000	/home/adkris/Documents/mila-human-wav-txt/20220826_070000.WAV	2418	Waveform 1	1
HF	1631.8998	48000.0	48960.0	11.168545452564477	1631.8985	1631.9047	49531	57289	Pipistrellus pipistrellus	0.016	0.031	-1	Echolocation	192000	/home/adkris/Documents/mila-human-wav-txt/20220826_070000.WAV	2419	Waveform 1	1
HF	1632.0553666666667	49500.0	48000.0	10.835084672045072	1632.0525	1632.0583	49531	58619	Pipistrellus pipistrellus	0.024	0.04	-1	Echolocation	192000	/home/adkris/Documents/mila-human-wav-txt/20220826_070000.WAV	2420	Waveform 1	1
HF	1632.0610666666666	53250.0	52800.00000000001	6.885262672085712	1632.0535	1632.0616	53828	59675	Pipistrellus pygmaeus	0.033	0.034	-1	Echolocation	192000	/home/adkris/Documents/mila-human-wav-txt/20220826_070000.WAV	2421	Waveform 1	1
HF	1632.3783	50250.0	48960.0	10.63624741764838	1632.3715	1632.3792	50390	55794	Pipistrellus pipistrellus	0.016	0.028	-1	Echolocation	192000	/home/adkris/Documents/mila-human-wav-txt/20220826_070000.WAV	2422	Waveform 1	1
LF	1632.6227666666666	19500.0	20160.0	11.385370118955205	1632.6215	1632.6289	13437	27155	Plecotus auritus	0.012	0.036	-1	Echolocation	192000	/home/adkris/Documents/mila-human-wav-txt/20220826_070000.WAV	2423	Waveform 1	1
HF	1633.0331	45750.0	45120.0	12.207448628376556	1633.0315	1633.0374	30625	64741	Myotis brandtii	0.016	0.033	-1	Echolocation	192000	/home/adkris/Documents/mila-human-wav-txt/20220826_070000.WAV	2424	Waveform 1	1
LF	1633.2747	43500.0	40320.0	10.220096201217515	1633.2695	1633.2753	26328	44551	Myotis nattereri	0.008	0.025	-1	Echolocation	192000	/home/adkris/Documents/mila-human-wav-txt/20220826_070000.WAV	2425	Waveform 1	1
LF	1634.2532666666666	42750.0	40320.0	5.13989457899521	1634.2475	1634.2539	28046	42682	Eptesicus serotinus	0.005	0.021	-1	Echolocation	192000	/home/adkris/Documents/mila-human-wav-txt/20220826_070000.WAV	2426	Waveform 1	1
LF	1634.2814	19500.0	20160.0	8.675130871343054	1634.2795	1634.2886	17734	23665	Plecotus austriacus	0.033	0.08	-1	Echolocation	192000	/home/adkris/Documents/mila-human-wav-txt/20220826_070000.WAV	2427	Waveform 1	1
LF	1634.9673666666667	18000.0	20160.0	9.020944445045048	1634.9625	1634.9768	17734	23036	Nyctalus noctula	0.048	0.08	-1	Echolocation	192000	/home/adkris/Documents/mila-human-wav-txt/20220826_070000.WAV	2428	Waveform 1	1
HF	1636.414533333333	48750.0	48960.0	5.200667896131326	1636.4105	1636.4163	34921	61767	Myotis brandtii	0.007	0.025	-1	Echolocation	192000	/home/adkris/Documents/mila-human-wav-txt/20220826_070000.WAV	2429	Waveform 1	1
HF	1636.4138666666668	54000.0	55679.99999999999	5.417870538868632	1636.4115	1636.4178	54687	62434	Pipistrellus pygmaeus	0.032	0.034	-1	Echolocation	192000	/home/adkris/Documents/mila-human-wav-txt/20220826_070000.WAV	2430	Waveform 1	1
HF	1636.6576666666667	48750.0	48960.0	8.327906524494953	1636.6545	1636.66	34921	62570	Myotis mystacinus	0.008	0.025	-1	Echolocation	192000	/home/adkris/Documents/mila-human-wav-txt/20220826_070000.WAV	2431	Waveform 1	1
HF	1636.7468666666666	47250.0	48960.0	13.97368018342885	1636.7435	1636.7488	34062	73893	Myotis mystacinus	0.015	0.046	-1	Echolocation	192000	/home/adkris/Documents/mila-human-wav-txt/20220826_070000.WAV	2432	Waveform 1	1
LF	1636.8337	21750.0	22080.0	5.875050834899438	1636.8175	1636.8368	18593	22843	Nyctalus noctula	0.013	0.024	-1	Echolocation	192000	/home/adkris/Documents/mila-human-wav-txt/20220826_070000.WAV	2433	Waveform 1	1
HF	1636.8347666666666	48750.0	48960.0	6.295540601085317	1636.8315	1636.8369	37500	70017	Myotis brandtii	0.012	0.038	-1	Echolocation	192000	/home/adkris/Documents/mila-human-wav-txt/20220826_070000.WAV	2434	Waveform 1	1
HF	1636.9955666666667	49500.0	48960.0	6.637614501472595	1636.9925	1636.9981	34062	63890	Myotis brandtii	0.009	0.023	-1	Echolocation	192000	/home/adkris/Documents/mila-human-wav-txt/20220826_070000.WAV	2435	Waveform 1	1
HF	1637.1707	53250.0	52800.00000000001	6.129490964333781	1637.1685	1637.1738	46953	61115	Pipistrellus pipistrellus	0.161	0.198	-1	Echolocation	192000	/home/adkris/Documents/mila-human-wav-txt/20220826_070000.WAV	2436	Waveform 1	1
LF	1639.1131333333333	20250.0	21120.0	6.214417396648955	1639.1105	1639.1177	17734	27496	Plecotus austriacus	0.069	0.105	-1	Echolocation	192000	/home/adkris/Documents/mila-human-wav-txt/20220826_070000.WAV	2437	Waveform 1	1
HF	1640.6278666666667	21750.0	25920.0	5.022492955819937	1640.6265	1640.6303	16015	54477	Myotis nattereri	0.053	0.061	-1	Echolocation	192000	/home/adkris/Documents/mila-human-wav-txt/20220826_070000.WAV	2438	Waveform 1	1
LF	1643.2680666666668	20250.0	21120.0	14.23070183444128	1643.2655	1643.2716	16875	31007	Plecotus austriacus	0.094	0.158	-1	Echolocation	192000	/home/adkris/Documents/mila-human-wav-txt/20220826_070000.WAV	2439	Waveform 1	1
LF	1643.447	21750.0	22080.0	12.748226188079627	1643.4405	1643.4555	19453	24107	Nyctalus noctula	0.029	0.054	-1	Echolocation	192000	/home/adkris/Documents/mila-human-wav-txt/20220826_070000.WAV	2440	Waveform 1	1
LF	1644.1825666666666	19500.0	20160.0	9.321432336398583	1644.1775	1644.1881	18593	23973	Nyctalus noctula	0.021	0.072	-1	Echolocation	192000	/home/adkris/Documents/mila-human-wav-txt/20220826_070000.WAV	2441	Waveform 1	1
LF	1645.6119333333334	18750.0	20160.0	14.20986363158444	1645.6095	1645.6169	17734	25892	Plecotus austriacus	0.061	0.094	-1	Echolocation	192000	/home/adkris/Documents/mila-human-wav-txt/20220826_070000.WAV	2442	Waveform 1	1
LF	1649.7179666666666	17250.0	20160.0	11.41803357817948	1649.7165	1649.7307	17734	21428	Nyctalus noctula	0.012	0.024	-1	Echolocation	192000	/home/adkris/Documents/mila-human-wav-txt/20220826_070000.WAV	2443	Waveform 1	1
LF	1650.0846	19500.0	19200.0	9.362044724433986	1650.0785	1650.0939	18593	23582	Nyctalus noctula	0.022	0.039	-1	Echolocation	192000	/home/adkris/Documents/mila-human-wav-txt/20220826_070000.WAV	2444	Waveform 1	1
LF	1650.9269333333334	14250.0	14400.0	5.091885357901861	1650.9255	1650.9339	13437	18440	Plecotus austriacus	0.009	0.029	-1	Echolocation	192000	/home/adkris/Documents/mila-human-wav-txt/20220826_070000.WAV	2445	Waveform 1	1
LF	1652.9731	18750.0	20160.0	16.12664882796695	1652.9705	1652.9789	16875	26274	Plecotus austriacus	0.059	0.092	-1	Echolocation	192000	/home/adkris/Documents/mila-human-wav-txt/20220826_070000.WAV	2446	Waveform 1	1
LF	1653.6760666666669	21750.0	20160.0	5.910195358155201	1653.6695	1653.6786	17734	22868	Plecotus austriacus	0.016	0.03	-1	Echolocation	192000	/home/adkris/Documents/mila-human-wav-txt/20220826_070000.WAV	2447	Waveform 1	1
HF	1654.7487666666666	54000.0	54719.99999999999	5.000558952884616	1654.7475	1654.7514	46093	64175	Myotis mystacinus	0.054	0.154	-1	Echolocation	192000	/home/adkris/Documents/mila-human-wav-txt/20220826_070000.WAV	2448	Waveform 1	1
HF	1654.8607	54000.0	49920.0	6.632998409339992	1654.8585	1654.8638	47812	58293	Pipistrellus pipistrellus	0.151	0.179	-1	Echolocation	192000	/home/adkris/Documents/mila-human-wav-txt/20220826_070000.WAV	2449	Waveform 1	1
LF	1659.1674333333333	24000.0	23040.0	5.442708483800333	1659.1605	1659.1704	20312	26294	Plecotus austriacus	0.015	0.041	-1	Echolocation	192000	/home/adkris/Documents/mila-human-wav-txt/20220826_070000.WAV	2450	Waveform 1	1
LF	1659.4646	21000.0	21120.0	5.457259726112956	1659.4625	1659.4784	21171	23474	Nyctalus leisleri	0.016	0.028	-1	Echolocation	192000	/home/adkris/Documents/mila-human-wav-txt/20220826_070000.WAV	2451	Waveform 1	1
LF	1661.4807666666666	18750.0	18240.0	6.721608276794038	1661.4795	1661.4939	16875	21459	Nyctalus noctula	0.015	0.025	-1	Echolocation	192000	/home/adkris/Documents/mila-human-wav-txt/20220826_070000.WAV	2452	Waveform 1	1
LF	1662.5900333333334	19500.0	19200.0	9.565046698690471	1662.5845	1662.5993	17734	22824	Nyctalus noctula	0.021	0.036	-1	Echolocation	192000	/home/adkris/Documents/mila-human-wav-txt/20220826_070000.WAV	2453	Waveform 1	1
HF	1663.2927	49500.0	48960.0	6.13303556975562	1663.2905	1663.2958	33203	66732	Myotis brandtii	0.009	0.029	-1	Echolocation	192000	/home/adkris/Documents/mila-human-wav-txt/20220826_070000.WAV	2454	Waveform 1	1
HF	1663.4687	49500.0	48960.0	6.812068789468711	1663.4665	1663.4718	32343	71645	Myotis mystacinus	0.009	0.029	-1	Echolocation	192000	/home/adkris/Documents/mila-human-wav-txt/20220826_070000.WAV	2455	Waveform 1	1
LF	1664.3359666666668	24750.0	24960.0	5.642615835954302	1664.3315	1664.3427	22890	27780	Nyctalus leisleri	0.026	0.065	-1	Echolocation	192000	/home/adkris/Documents/mila-human-wav-txt/20220826_070000.WAV	2456	Waveform 1	1
LF	1664.5653333333332	17250.0	20160.0	10.865062686393625	1664.5635	1664.575	16875	21997	Nyctalus noctula	0.018	0.04	-1	Echolocation	192000	/home/adkris/Documents/mila-human-wav-txt/20220826_070000.WAV	2457	Waveform 1	1
LF	1666.3358333333333	20250.0	20160.0	8.83937538917844	1666.3245	1666.344	17734	22471	Nyctalus noctula	0.017	0.024	-1	Echolocation	192000	/home/adkris/Documents/mila-human-wav-txt/20220826_070000.WAV	2458	Waveform 1	1
LF	1666.3361	20250.0	20160.0	9.971205894944594	1666.3325	1666.3434	19453	23578	Nyctalus leisleri	0.017	0.054	-1	Echolocation	192000	/home/adkris/Documents/mila-human-wav-txt/20220826_070000.WAV	2459	Waveform 1	1
LF	1666.6882333333333	25500.0	24960.0	5.108473461213693	1666.6845	1666.6941	23750	28060	Nyctalus leisleri	0.014	0.032	-1	Echolocation	192000	/home/adkris/Documents/mila-human-wav-txt/20220826_070000.WAV	2460	Waveform 1	1
LF	1666.6882333333333	21000.0	21120.0	5.878522910715038	1666.6875	1666.6931	17734	32070	Plecotus austriacus	0.038	0.052	-1	Echolocation	192000	/home/adkris/Documents/mila-human-wav-txt/20220826_070000.WAV	2461	Waveform 1	1
LF	1667.5353333333333	20250.0	20160.0	14.200724727022374	1667.5335	1667.5415	18593	25926	Plecotus austriacus	0.065	0.096	-1	Echolocation	192000	/home/adkris/Documents/mila-human-wav-txt/20220826_070000.WAV	2462	Waveform 1	1
LF	1669.0276666666666	21000.0	21120.0	5.604936147922173	1669.0245	1669.0335	17734	24468	Plecotus austriacus	0.027	0.049	-1	Echolocation	192000	/home/adkris/Documents/mila-human-wav-txt/20220826_070000.WAV	2463	Waveform 1	1
HF	1672.341	49500.0	49920.0	5.09248049868685	1672.3385	1672.3435	34062	70366	Myotis mystacinus	0.009	0.026	-1	Echolocation	192000	/home/adkris/Documents/mila-human-wav-txt/20220826_070000.WAV	2464	Waveform 1	1
HF	1672.5512666666666	49500.0	48960.0	8.583907605104946	1672.5485	1672.5544	36640	64604	Myotis mystacinus	0.02	0.054	-1	Echolocation	192000	/home/adkris/Documents/mila-human-wav-txt/20220826_070000.WAV	2465	Waveform 1	1
LF	1672.5526666666667	19500.0	20160.0	13.905688696227084	1672.5515	1672.566	16875	23513	Nyctalus noctula	0.078	0.099	-1	Echolocation	192000	/home/adkris/Documents/mila-human-wav-txt/20220826_070000.WAV	2466	Waveform 1	1
HF	1672.5524333333333	48000.0	48960.0	5.293144903719002	1672.5515	1672.5569	26328	66757	Myotis nattereri	0.025	0.036	-1	Echolocation	192000	/home/adkris/Documents/mila-human-wav-txt/20220826_070000.WAV	2467	Waveform 1	1
LF	1672.5897666666667	21000.0	23040.0	9.51900821526304	1672.5875	1672.5939	18593	33168	Plecotus austriacus	0.06	0.083	-1	Echolocation	192000	/home/adkris/Documents/mila-human-wav-txt/20220826_070000.WAV	2468	Waveform 1	1
LF	1672.9658333333334	20250.0	20160.0	6.986554404928727	1672.9625	1672.969	15156	28388	Plecotus auritus	0.043	0.087	-1	Echolocation	192000	/home/adkris/Documents/mila-human-wav-txt/20220826_070000.WAV	2469	Waveform 1	1
LF	1673.9905666666666	20250.0	20160.0	9.575495951016658	1673.9885	1673.9951	16875	33037	Plecotus austriacus	0.066	0.086	-1	Echolocation	192000	/home/adkris/Documents/mila-human-wav-txt/20220826_070000.WAV	2470	Waveform 1	1
LF	1674.7501333333332	18750.0	19200.0	11.45517716573104	1674.7485	1674.7637	16015	23791	Nyctalus noctula	0.04	0.049	-1	Echolocation	192000	/home/adkris/Documents/mila-human-wav-txt/20220826_070000.WAV	2471	Waveform 1	1
LF	1676.8853333333334	19500.0	20160.0	10.42784268672337	1676.8835	1676.8915	15156	23024	Plecotus auritus	0.02	0.044	-1	Echolocation	192000	/home/adkris/Documents/mila-human-wav-txt/20220826_070000.WAV	2472	Waveform 1	1
LF	1679.3437666666666	20250.0	21120.0	17.77291278254235	1679.3415	1679.3479	17734	28652	Plecotus austriacus	0.031	0.049	-1	Echolocation	192000	/home/adkris/Documents/mila-human-wav-txt/20220826_070000.WAV	2473	Waveform 1	1
LF	1679.4313	17250.0	17280.0	5.255207164132679	1679.4305	1679.4407	15156	21749	Nyctalus noctula	0.012	0.021	-1	Echolocation	192000	/home/adkris/Documents/mila-human-wav-txt/20220826_070000.WAV	2474	Waveform 1	1
LF	1679.6493	20250.0	20160.0	17.35421863170735	1679.6475	1679.6532	16875	26996	Plecotus auritus	0.081	0.169	-1	Echolocation	192000	/home/adkris/Documents/mila-human-wav-txt/20220826_070000.WAV	2475	Waveform 1	1
LF	1679.8818666666666	15750.0	15360.0	5.02793555103646	1679.8775	1679.8888	14296	17203	Nyctalus noctula	0.011	0.028	-1	Echolocation	192000	/home/adkris/Documents/mila-human-wav-txt/20220826_070000.WAV	2476	Waveform 1	1
LF	1680.6018	21750.0	22080.0	9.283061547452911	1680.5995	1680.6082	19453	25386	Plecotus austriacus	0.033	0.072	-1	Echolocation	192000	/home/adkris/Documents/mila-human-wav-txt/20220826_070000.WAV	2477	Waveform 1	1
LF	1681.1637666666666	24000.0	24000.0	5.374618611963679	1681.1585	1681.1689	22890	28845	Nyctalus leisleri	0.018	0.052	-1	Echolocation	192000	/home/adkris/Documents/mila-human-wav-txt/20220826_070000.WAV	2478	Waveform 1	1
LF	1681.1637666666666	24000.0	22080.0	5.324551435851484	1681.1615	1681.1679	17734	33443	Plecotus austriacus	0.038	0.056	-1	Echolocation	192000	/home/adkris/Documents/mila-human-wav-txt/20220826_070000.WAV	2479	Waveform 1	1
LF	1681.2301	21000.0	20160.0	17.536822208739448	1681.2265	1681.2339	17734	26730	Plecotus austriacus	0.058	0.102	-1	Echolocation	192000	/home/adkris/Documents/mila-human-wav-txt/20220826_070000.WAV	2480	Waveform 1	1
LF	1681.2453333333333	21000.0	21120.0	14.277630151510772	1681.2435	1681.255	20312	24427	Nyctalus leisleri	0.014	0.022	-1	Echolocation	192000	/home/adkris/Documents/mila-human-wav-txt/20220826_070000.WAV	2481	Waveform 1	1
LF	1682.245233333333	18750.0	19200.0	7.7195620422560225	1682.2435	1682.2551	16875	23251	Nyctalus noctula	0.018	0.035	-1	Echolocation	192000	/home/adkris/Documents/mila-human-wav-txt/20220826_070000.WAV	2482	Waveform 1	1
LF	1682.4159666666667	14250.0	16320.000000000002	5.578607695896908	1682.4115	1682.4192	13437	22519	Plecotus auritus	0.024	0.031	-1	Echolocation	192000	/home/adkris/Documents/mila-human-wav-txt/20220826_070000.WAV	2483	Waveform 1	1
LF	1685.831766666667	20250.0	20160.0	7.580463837554037	1685.8295	1685.8394	18593	23854	Plecotus austriacus	0.01	0.027	-1	Echolocation	192000	/home/adkris/Documents/mila-human-wav-txt/20220826_070000.WAV	2484	Waveform 1	1
LF	1687.1443	24000.0	23040.0	6.645800588882911	1687.1425	1687.1517	22890	27606	Nyctalus leisleri	0.012	0.032	-1	Echolocation	192000	/home/adkris/Documents/mila-human-wav-txt/20220826_070000.WAV	2485	Waveform 1	1
LF	1687.3556	22500.0	23040.0	5.093133920219616	1687.3545	1687.3644	22031	27377	Nyctalus leisleri	0.009	0.02	-1	Echolocation	192000	/home/adkris/Documents/mila-human-wav-txt/20220826_070000.WAV	2486	Waveform 1	1
LF	1690.0789	24000.0	24000.0	6.062425697835617	1690.0765	1690.0886	22031	26485	Nyctalus leisleri	0.013	0.024	-1	Echolocation	192000	/home/adkris/Documents/mila-human-wav-txt/20220826_070000.WAV	2487	Waveform 1	1
LF	1690.9629	17250.0	19200.0	5.185978649826413	1690.9605	1690.9726	16875	22384	Nyctalus noctula	0.016	0.03	-1	Echolocation	192000	/home/adkris/Documents/mila-human-wav-txt/20220826_070000.WAV	2488	Waveform 1	1
LF	1691.8379333333332	20250.0	20160.0	13.850169894749108	1691.8365	1691.8449	17734	25368	Plecotus austriacus	0.052	0.089	-1	Echolocation	192000	/home/adkris/Documents/mila-human-wav-txt/20220826_070000.WAV	2489	Waveform 1	1
HF	1692.6765666666668	41250.0	41280.0	5.968163581923065	1692.6715	1692.6821	40078	45689	Pipistrellus nathusii	0.059	0.075	-1	Echolocation	192000	/home/adkris/Documents/mila-human-wav-txt/20220826_070000.WAV	2490	Waveform 1	1
LF	1692.8845333333334	21000.0	22080.0	8.727642468121878	1692.8805	1692.8898	19453	25852	Plecotus austriacus	0.034	0.081	-1	Echolocation	192000	/home/adkris/Documents/mila-human-wav-txt/20220826_070000.WAV	2491	Waveform 1	1
LF	1692.914266666667	21750.0	22080.0	10.612382582768058	1692.9125	1692.9194	17734	27105	Plecotus austriacus	0.055	0.087	-1	Echolocation	192000	/home/adkris/Documents/mila-human-wav-txt/20220826_070000.WAV	2492	Waveform 1	1
LF	1693.1871	20250.0	21120.0	5.602651047106492	1693.1855	1693.1914	15156	30597	Plecotus auritus	0.023	0.043	-1	Echolocation	192000	/home/adkris/Documents/mila-human-wav-txt/20220826_070000.WAV	2493	Waveform 1	1
HF	1693.2124666666666	47250.0	47040.0	11.72875694140962	1693.2065	1693.2127	35781	62539	Myotis brandtii	0.009	0.025	-1	Echolocation	192000	/home/adkris/Documents/mila-human-wav-txt/20220826_070000.WAV	2494	Waveform 1	1
HF	1693.4386	46500.0	46080.0	5.841377458671182	1693.4335	1693.4394	31484	57401	Myotis brandtii	0.011	0.025	-1	Echolocation	192000	/home/adkris/Documents/mila-human-wav-txt/20220826_070000.WAV	2495	Waveform 1	1
HF	1693.5018	48750.0	48960.0	9.264235754696802	1693.5005	1693.5067	31484	50514	Myotis daubentonii	0.011	0.023	-1	Echolocation	192000	/home/adkris/Documents/mila-human-wav-txt/20220826_070000.WAV	2496	Waveform 1	1
HF	1693.579433333333	49500.0	48960.0	6.994518913794998	1693.5755	1693.5814	33203	66856	Myotis brandtii	0.012	0.029	-1	Echolocation	192000	/home/adkris/Documents/mila-human-wav-txt/20220826_070000.WAV	2497	Waveform 1	1
HF	1693.8386	42000.0	42240.0	8.20304980665094	1693.8365	1693.8419	28906	51195	Myotis daubentonii	0.009	0.022	-1	Echolocation	192000	/home/adkris/Documents/mila-human-wav-txt/20220826_070000.WAV	2498	Waveform 1	1
HF	1694.0203	45000.0	45120.0	13.779599644708576	1694.0155	1694.0217	30625	56388	Myotis brandtii	0.016	0.036	-1	Echolocation	192000	/home/adkris/Documents/mila-human-wav-txt/20220826_070000.WAV	2499	Waveform 1	1
HF	1694.0179666666668	52500.0	53760.00000000001	7.918917218127084	1694.0165	1694.0237	52109	58632	Pipistrellus pygmaeus	0.047	0.057	-1	Echolocation	192000	/home/adkris/Documents/mila-human-wav-txt/20220826_070000.WAV	2500	Waveform 1	1
HF	1694.2211	52500.0	52800.00000000001	9.20376797314011	1694.2185	1694.2269	52109	55595	Pipistrellus pygmaeus	0.057	0.066	-1	Echolocation	192000	/home/adkris/Documents/mila-human-wav-txt/20220826_070000.WAV	2501	Waveform 1	1
HF	1694.3289666666667	45000.0	42240.0	5.970084867225961	1694.3235	1694.3302	31484	48047	Myotis brandtii	0.01	0.027	-1	Echolocation	192000	/home/adkris/Documents/mila-human-wav-txt/20220826_070000.WAV	2502	Waveform 1	1
HF	1694.4375	54000.0	53760.00000000001	9.279816992783632	1694.4335	1694.4405	52109	56584	Pipistrellus pygmaeus	0.036	0.057	-1	Echolocation	192000	/home/adkris/Documents/mila-human-wav-txt/20220826_070000.WAV	2503	Waveform 1	1
HF	1694.635	54000.0	53760.00000000001	7.907911720379542	1694.6345	1694.6415	53828	58862	Pipistrellus pygmaeus	0.102	0.105	-1	Echolocation	192000	/home/adkris/Documents/mila-human-wav-txt/20220826_070000.WAV	2504	Waveform 1	1
HF	1694.6602	41250.0	41280.0	8.042667591958836	1694.6585	1694.6678	37500	42608	Pipistrellus nathusii	0.019	0.031	-1	Echolocation	192000	/home/adkris/Documents/mila-human-wav-txt/20220826_070000.WAV	2505	Waveform 1	1
LF	1694.6666666666667	31500.0	41280.0	5.062457108918293	1694.6615	1694.6685	29765	40221	Myotis daubentonii	0.008	0.028	-1	Echolocation	192000	/home/adkris/Documents/mila-human-wav-txt/20220826_070000.WAV	2506	Waveform 1	1
HF	1694.8392	52500.0	52800.00000000001	10.355905376683465	1694.8385	1694.8453	52109	58460	Pipistrellus pygmaeus	0.03	0.043	-1	Echolocation	192000	/home/adkris/Documents/mila-human-wav-txt/20220826_070000.WAV	2507	Waveform 1	1
HF	1694.84	47250.0	43200.0	12.775814158813606	1694.8385	1694.8445	30625	57030	Myotis brandtii	0.015	0.028	-1	Echolocation	192000	/home/adkris/Documents/mila-human-wav-txt/20220826_070000.WAV	2508	Waveform 1	1
HF	1694.929933333333	52500.0	52800.00000000001	8.326823087272912	1694.9275	1694.9349	52968	58930	Pipistrellus pygmaeus	0.054	0.06	-1	Echolocation	192000	/home/adkris/Documents/mila-human-wav-txt/20220826_070000.WAV	2509	Waveform 1	1
HF	1695.0357	45000.0	45120.0	13.965962844822752	1695.0305	1695.0363	30625	57780	Myotis brandtii	0.012	0.028	-1	Echolocation	192000	/home/adkris/Documents/mila-human-wav-txt/20220826_070000.WAV	2510	Waveform 1	1
LF	1695.3473333333334	23250.0	22080.0	7.423519518142268	1695.3445	1695.355	20312	26790	Plecotus austriacus	0.007	0.026	-1	Echolocation	192000	/home/adkris/Documents/mila-human-wav-txt/20220826_070000.WAV	2511	Waveform 1	1
HF	1695.4859666666666	47250.0	48960.0	11.77436515843544	1695.4805	1695.4872	48671	57281	Pipistrellus pipistrellus	0.027	0.046	-1	Echolocation	192000	/home/adkris/Documents/mila-human-wav-txt/20220826_070000.WAV	2512	Waveform 1	1
HF	1695.7215666666666	48000.0	48960.0	12.684288957579785	1695.7165	1695.7236	49531	55023	Pipistrellus pipistrellus	0.025	0.038	-1	Echolocation	192000	/home/adkris/Documents/mila-human-wav-txt/20220826_070000.WAV	2513	Waveform 1	1
HF	1695.9429333333333	40500.0	40320.0	6.378479319831061	1695.9345	1695.9464	38359	44531	Pipistrellus nathusii	0.119	0.14	-1	Echolocation	192000	/home/adkris/Documents/mila-human-wav-txt/20220826_070000.WAV	2514	Waveform 1	1
HF	1696.7904	45000.0	45120.0	6.397366251970796	1696.7885	1696.7976	40078	52848	Pipistrellus nathusii	0.086	0.141	-1	Echolocation	192000	/home/adkris/Documents/mila-human-wav-txt/20220826_070000.WAV	2515	Waveform 1	1
HF	1696.7902333333334	45000.0	45120.0	5.303586277076489	1696.7895	1696.7951	31484	57852	Myotis brandtii	0.015	0.029	-1	Echolocation	192000	/home/adkris/Documents/mila-human-wav-txt/20220826_070000.WAV	2516	Waveform 1	1
HF	1696.9849333333334	42000.0	42240.0	6.340148310449617	1696.9775	1696.9869	40078	49952	Pipistrellus nathusii	0.111	0.163	-1	Echolocation	192000	/home/adkris/Documents/mila-human-wav-txt/20220826_070000.WAV	2517	Waveform 1	1
HF	1697.4034333333334	43500.0	41280.0	6.8672611463143385	1697.4005	1697.4109	39218	50292	Pipistrellus nathusii	0.093	0.126	-1	Echolocation	192000	/home/adkris/Documents/mila-human-wav-txt/20220826_070000.WAV	2518	Waveform 1	1
LF	1699.6994333333332	23250.0	23040.0	8.166876121128592	1699.6985	1699.7074	22890	30921	Plecotus austriacus	0.008	0.024	-1	Echolocation	192000	/home/adkris/Documents/mila-human-wav-txt/20220826_070000.WAV	2519	Waveform 1	1
LF	1699.7094	20250.0	20160.0	11.958719509263494	1699.7075	1699.7166	16875	23667	Plecotus austriacus	0.026	0.044	-1	Echolocation	192000	/home/adkris/Documents/mila-human-wav-txt/20220826_070000.WAV	2520	Waveform 1	1
LF	1700.1398	20250.0	20160.0	8.03404136571931	1700.1375	1700.1427	15156	33359	Plecotus auritus	0.083	0.108	-1	Echolocation	192000	/home/adkris/Documents/mila-human-wav-txt/20220826_070000.WAV	2521	Waveform 1	1
LF	1700.8294	21000.0	22080.0	5.791303974267913	1700.8275	1700.8401	21171	23992	Nyctalus leisleri	0.013	0.022	-1	Echolocation	192000	/home/adkris/Documents/mila-human-wav-txt/20220826_070000.WAV	2522	Waveform 1	1
LF	1701.634366666667	22500.0	22080.0	9.68883714821594	1701.6315	1701.6373	16875	33066	Plecotus austriacus	0.032	0.059	-1	Echolocation	192000	/home/adkris/Documents/mila-human-wav-txt/20220826_070000.WAV	2523	Waveform 1	1
HF	1703.737033333333	43500.0	44160.0	6.5785216000321896	1703.7335	1703.7398	37500	50813	Myotis brandtii	0.025	0.077	-1	Echolocation	192000	/home/adkris/Documents/mila-human-wav-txt/20220826_070000.WAV	2524	Waveform 1	1
LF	1703.9623333333334	20250.0	20160.0	8.075499765917533	1703.9575	1703.9695	19453	23988	Nyctalus noctula	0.013	0.037	-1	Echolocation	192000	/home/adkris/Documents/mila-human-wav-txt/20220826_070000.WAV	2525	Waveform 1	1
HF	1704.633466666667	50250.0	47040.0	8.097788990009851	1704.6275	1704.6337	31484	53081	Myotis brandtii	0.011	0.025	-1	Echolocation	192000	/home/adkris/Documents/mila-human-wav-txt/20220826_070000.WAV	2526	Waveform 1	1
LF	1704.6403	41250.0	40320.0	7.487218401353772	1704.6385	1704.6442	29765	40971	Myotis daubentonii	0.007	0.023	-1	Echolocation	192000	/home/adkris/Documents/mila-human-wav-txt/20220826_070000.WAV	2527	Waveform 1	1
LF	1704.7293666666667	42000.0	40320.0	7.329231404350599	1704.7265	1704.7323	29765	41046	Myotis daubentonii	0.009	0.022	-1	Echolocation	192000	/home/adkris/Documents/mila-human-wav-txt/20220826_070000.WAV	2528	Waveform 1	1
HF	1704.8608333333334	39750.0	40320.0	11.73927337464206	1704.8565	1704.862	30625	63847	Myotis brandtii	0.017	0.04	-1	Echolocation	192000	/home/adkris/Documents/mila-human-wav-txt/20220826_070000.WAV	2529	Waveform 1	1
HF	1705.0696	48000.0	48000.0	18.40616025369692	1705.0685	1705.0749	46953	55939	Pipistrellus pipistrellus	0.04	0.059	-1	Echolocation	192000	/home/adkris/Documents/mila-human-wav-txt/20220826_070000.WAV	2530	Waveform 1	1
HF	1705.1910666666668	42750.0	40320.0	5.070152139182167	1705.1895	1705.1966	40078	51644	Pipistrellus nathusii	0.021	0.041	-1	Echolocation	192000	/home/adkris/Documents/mila-human-wav-txt/20220826_070000.WAV	2531	Waveform 1	1
HF	1705.2866333333334	49500.0	48960.0	11.98373004136807	1705.2855	1705.2907	50390	55937	Pipistrellus pipistrellus	0.017	0.032	-1	Echolocation	192000	/home/adkris/Documents/mila-human-wav-txt/20220826_070000.WAV	2532	Waveform 1	1
HF	1705.366	45000.0	45120.0	5.238522030308337	1705.3645	1705.3705	29765	51125	Barbastellus barbastellus	0.01	0.039	-1	Echolocation	192000	/home/adkris/Documents/mila-human-wav-txt/20220826_070000.WAV	2533	Waveform 1	1
LF	1705.4097666666669	41250.0	41280.0	9.36695141616487	1705.4065	1705.4119	27187	39722	Plecotus auritus	0.004	0.024	-1	Echolocation	192000	/home/adkris/Documents/mila-human-wav-txt/20220826_070000.WAV	2534	Waveform 1	1
LF	1705.4777333333334	24750.0	24960.0	7.141040847270683	1705.4725	1705.4841	24609	28261	Nyctalus leisleri	0.031	0.081	-1	Echolocation	192000	/home/adkris/Documents/mila-human-wav-txt/20220826_070000.WAV	2535	Waveform 1	1
LF	1705.4779666666666	24000.0	25920.0	6.778111839345541	1705.4755	1705.4817	18593	31034	Plecotus austriacus	0.026	0.048	-1	Echolocation	192000	/home/adkris/Documents/mila-human-wav-txt/20220826_070000.WAV	2536	Waveform 1	1
HF	1705.598	44250.0	44160.0	13.85630163533066	1705.5925	1705.598	30625	52309	Myotis bechsteinii	0.01	0.029	-1	Echolocation	192000	/home/adkris/Documents/mila-human-wav-txt/20220826_070000.WAV	2537	Waveform 1	1
HF	1705.5954666666669	53250.0	52800.00000000001	6.993183510075296	1705.5935	1705.6002	52109	56333	Pipistrellus pygmaeus	0.064	0.068	-1	Echolocation	192000	/home/adkris/Documents/mila-human-wav-txt/20220826_070000.WAV	2538	Waveform 1	1
HF	1705.8199666666667	49500.0	48960.0	15.187264818052157	1705.8145	1705.8212	50390	56015	Pipistrellus pipistrellus	0.031	0.053	-1	Echolocation	192000	/home/adkris/Documents/mila-human-wav-txt/20220826_070000.WAV	2539	Waveform 1	1
LF	1705.8247	43500.0	39360.0	6.486771904602023	1705.8235	1705.8298	23750	41484	Myotis nattereri	0.01	0.025	-1	Echolocation	192000	/home/adkris/Documents/mila-human-wav-txt/20220826_070000.WAV	2540	Waveform 1	1
HF	1705.8242666666667	44250.0	44160.0	6.567767736121412	1705.8235	1705.8314	37500	50618	Pipistrellus nathusii	0.063	0.087	-1	Echolocation	192000	/home/adkris/Documents/mila-human-wav-txt/20220826_070000.WAV	2541	Waveform 1	1
HF	1706.0268666666666	48000.0	48960.0	19.3471777561524	1706.0205	1706.0298	48671	54721	Pipistrellus pipistrellus	0.018	0.05	-1	Echolocation	192000	/home/adkris/Documents/mila-human-wav-txt/20220826_070000.WAV	2542	Waveform 1	1
HF	1706.0277333333331	44250.0	43200.0	8.833678612732735	1706.0255	1706.0331	40078	53776	Pipistrellus nathusii	0.151	0.2	-1	Echolocation	192000	/home/adkris/Documents/mila-human-wav-txt/20220826_070000.WAV	2543	Waveform 1	1
HF	1706.0298333333333	40500.0	43200.0	5.962370247631145	1706.0285	1706.0335	29765	49956	Myotis daubentonii	0.016	0.034	-1	Echolocation	192000	/home/adkris/Documents/mila-human-wav-txt/20220826_070000.WAV	2544	Waveform 1	1
LF	1706.1289	40500.0	40320.0	5.056539409106309	1706.1245	1706.1311	22031	39624	Myotis nattereri	0.011	0.033	-1	Echolocation	192000	/home/adkris/Documents/mila-human-wav-txt/20220826_070000.WAV	2545	Waveform 1	1
LF	1706.2192	20250.0	20160.0	6.086412056594261	1706.2175	1706.2268	19453	24431	Plecotus austriacus	0.015	0.032	-1	Echolocation	192000	/home/adkris/Documents/mila-human-wav-txt/20220826_070000.WAV	2546	Waveform 1	1
HF	1706.2268666666666	51750.0	51840.0	9.73820832127946	1706.2225	1706.2303	52968	58000	Pipistrellus pygmaeus	0.1	0.102	-1	Echolocation	192000	/home/adkris/Documents/mila-human-wav-txt/20220826_070000.WAV	2547	Waveform 1	1
HF	1706.3241	54000.0	52800.00000000001	8.93085747874498	1706.3215	1706.3299	53828	60743	Pipistrellus pygmaeus	0.093	0.098	-1	Echolocation	192000	/home/adkris/Documents/mila-human-wav-txt/20220826_070000.WAV	2548	Waveform 1	1
HF	1706.5362	57000.0	53760.00000000001	5.461997503477143	1706.5325	1706.5398	55546	62580	Pipistrellus pygmaeus	0.054	0.055	-1	Echolocation	192000	/home/adkris/Documents/mila-human-wav-txt/20220826_070000.WAV	2549	Waveform 1	1
HF	1706.5404	42750.0	43200.0	19.31251201917048	1706.5355	1706.5416	30625	64118	Myotis bechsteinii	0.022	0.045	-1	Echolocation	192000	/home/adkris/Documents/mila-human-wav-txt/20220826_070000.WAV	2550	Waveform 1	1
HF	1706.8640333333333	53250.0	52800.00000000001	9.25704416948914	1706.8585	1706.8663	52968	58483	Pipistrellus pygmaeus	0.054	0.058	-1	Echolocation	192000	/home/adkris/Documents/mila-human-wav-txt/20220826_070000.WAV	2551	Waveform 1	1
HF	1707.0646	51000.0	52800.00000000001	10.652457367336972	1707.0605	1707.0674	52968	58822	Pipistrellus pygmaeus	0.047	0.055	-1	Echolocation	192000	/home/adkris/Documents/mila-human-wav-txt/20220826_070000.WAV	2552	Waveform 1	1
HF	1707.2850666666666	47250.0	47040.0	14.973723675747063	1707.2795	1707.2861	30625	52265	Myotis bechsteinii	0.009	0.027	-1	Echolocation	192000	/home/adkris/Documents/mila-human-wav-txt/20220826_070000.WAV	2553	Waveform 1	1
HF	1707.2853666666667	54000.0	54719.99999999999	6.2653742972865984	1707.2835	1707.2903	53828	59423	Pipistrellus pygmaeus	0.06	0.062	-1	Echolocation	192000	/home/adkris/Documents/mila-human-wav-txt/20220826_070000.WAV	2554	Waveform 1	1
HF	1707.3631666666668	45000.0	44160.0	15.586032862230416	1707.3575	1707.364	32343	51434	Myotis brandtii	0.009	0.024	-1	Echolocation	192000	/home/adkris/Documents/mila-human-wav-txt/20220826_070000.WAV	2555	Waveform 1	1
HF	1707.3651	48750.0	48960.0	10.94308880621096	1707.3605	1707.3669	49531	59364	Pipistrellus pipistrellus	0.014	0.026	-1	Echolocation	192000	/home/adkris/Documents/mila-human-wav-txt/20220826_070000.WAV	2556	Waveform 1	1
HF	1707.4368	52500.0	48960.0	14.97651313331288	1707.4325	1707.4392	50390	57622	Pipistrellus pipistrellus	0.029	0.052	-1	Echolocation	192000	/home/adkris/Documents/mila-human-wav-txt/20220826_070000.WAV	2557	Waveform 1	1
HF	1707.4387333333334	43500.0	44160.0	21.11752261733304	1707.4345	1707.4401	31484	68150	Myotis bechsteinii	0.026	0.057	-1	Echolocation	192000	/home/adkris/Documents/mila-human-wav-txt/20220826_070000.WAV	2558	Waveform 1	1
HF	1707.4477	43500.0	43200.0	7.627423155328744	1707.4465	1707.4528	34062	54109	Myotis brandtii	0.011	0.024	-1	Echolocation	192000	/home/adkris/Documents/mila-human-wav-txt/20220826_070000.WAV	2559	Waveform 1	1
HF	1707.517466666667	48750.0	48000.0	12.383337605064485	1707.5115	1707.5177	49531	53924	Pipistrellus pipistrellus	0.03	0.056	-1	Echolocation	192000	/home/adkris/Documents/mila-human-wav-txt/20220826_070000.WAV	2560	Waveform 1	1
LF	1707.5221	20250.0	20160.0	13.74507177363954	1707.5175	1707.5274	19453	23619	Nyctalus leisleri	0.026	0.097	-1	Echolocation	192000	/home/adkris/Documents/mila-human-wav-txt/20220826_070000.WAV	2561	Waveform 1	1
LF	1707.5353666666667	42750.0	41280.0	6.090674037823844	1707.5345	1707.5423	28046	43931	Eptesicus serotinus	0.008	0.024	-1	Echolocation	192000	/home/adkris/Documents/mila-human-wav-txt/20220826_070000.WAV	2562	Waveform 1	1
HF	1707.5968	52500.0	52800.00000000001	7.384421598223461	1707.5955	1707.6052	52109	58044	Pipistrellus pygmaeus	0.095	0.105	-1	Echolocation	192000	/home/adkris/Documents/mila-human-wav-txt/20220826_070000.WAV	2563	Waveform 1	1
HF	1707.6742333333334	52500.0	54719.99999999999	5.9708582686844025	1707.6715	1707.6786	53828	60711	Pipistrellus pygmaeus	0.033	0.035	-1	Echolocation	192000	/home/adkris/Documents/mila-human-wav-txt/20220826_070000.WAV	2564	Waveform 1	1
HF	1708.0041666666666	45000.0	45120.0	7.215767683951968	1708.0015	1708.0075	40937	50686	Myotis brandtii	0.01	0.032	-1	Echolocation	192000	/home/adkris/Documents/mila-human-wav-txt/20220826_070000.WAV	2565	Waveform 1	1
HF	1708.003	46500.0	47040.0	6.834619976532751	1708.0015	1708.0075	46953	53264	Pipistrellus pipistrellus	0.022	0.035	-1	Echolocation	192000	/home/adkris/Documents/mila-human-wav-txt/20220826_070000.WAV	2566	Waveform 1	1
HF	1708.1552333333334	54000.0	53760.00000000001	5.813445945376543	1708.1525	1708.1596	52968	59777	Pipistrellus pygmaeus	0.022	0.023	-1	Echolocation	192000	/home/adkris/Documents/mila-human-wav-txt/20220826_070000.WAV	2567	Waveform 1	1
HF	1708.2499	41250.0	45120.0	9.0908608837645	1708.2445	1708.2501	30625	52984	Myotis brandtii	0.012	0.027	-1	Echolocation	192000	/home/adkris/Documents/mila-human-wav-txt/20220826_070000.WAV	2568	Waveform 1	1
HF	1708.3416333333334	52500.0	52800.00000000001	8.67136039396577	1708.3395	1708.3472	52968	57906	Pipistrellus pygmaeus	0.033	0.036	-1	Echolocation	192000	/home/adkris/Documents/mila-human-wav-txt/20220826_070000.WAV	2569	Waveform 1	1
HF	1708.4319666666668	55500.0	55679.99999999999	10.572371187431193	1708.4285	1708.4372	54687	59764	Pipistrellus pygmaeus	0.042	0.044	-1	Echolocation	192000	/home/adkris/Documents/mila-human-wav-txt/20220826_070000.WAV	2570	Waveform 1	1
HF	1708.6303666666668	49500.0	49920.0	9.628726314524544	1708.6285	1708.6353	50390	54347	Pipistrellus pygmaeus	0.034	0.056	-1	Echolocation	192000	/home/adkris/Documents/mila-human-wav-txt/20220826_070000.WAV	2571	Waveform 1	1
HF	1708.9127	54000.0	52800.00000000001	7.48165845423756	1708.9115	1708.9178	52968	58039	Pipistrellus pygmaeus	0.039	0.052	-1	Echolocation	192000	/home/adkris/Documents/mila-human-wav-txt/20220826_070000.WAV	2572	Waveform 1	1
HF	1709.497033333333	48000.0	47040.0	11.478698918819235	1709.4945	1709.5018	48671	52903	Pipistrellus pipistrellus	0.019	0.032	-1	Echolocation	192000	/home/adkris/Documents/mila-human-wav-txt/20220826_070000.WAV	2573	Waveform 1	1
HF	1709.7849	49500.0	48960.0	5.241396079345025	1709.7835	1709.7896	50390	53984	Pipistrellus pipistrellus	0.02	0.037	-1	Echolocation	192000	/home/adkris/Documents/mila-human-wav-txt/20220826_070000.WAV	2574	Waveform 1	1
HF	1710.193533333333	41250.0	41280.0	9.331197978558922	1710.1875	1710.1983	38359	50964	Pipistrellus nathusii	0.115	0.19	-1	Echolocation	192000	/home/adkris/Documents/mila-human-wav-txt/20220826_070000.WAV	2575	Waveform 1	1
LF	1710.2043	20250.0	20160.0	5.612145334008351	1710.2005	1710.2147	18593	23676	Nyctalus noctula	0.031	0.05	-1	Echolocation	192000	/home/adkris/Documents/mila-human-wav-txt/20220826_070000.WAV	2576	Waveform 1	1
HF	1710.4936	43500.0	43200.0	7.668819329550231	1710.4845	1710.4969	41796	46787	Pipistrellus nathusii	0.054	0.069	-1	Echolocation	192000	/home/adkris/Documents/mila-human-wav-txt/20220826_070000.WAV	2577	Waveform 1	1
HF	1710.6577666666667	45750.0	45120.0	5.7908369916154445	1710.6515	1710.6609	39218	51213	Pipistrellus nathusii	0.048	0.083	-1	Echolocation	192000	/home/adkris/Documents/mila-human-wav-txt/20220826_070000.WAV	2578	Waveform 1	1
HF	1710.9691	42750.0	39360.0	5.487489481647962	1710.9625	1710.9739	39218	47500	Pipistrellus nathusii	0.146	0.166	-1	Echolocation	192000	/home/adkris/Documents/mila-human-wav-txt/20220826_070000.WAV	2579	Waveform 1	1
HF	1711.2342666666666	45000.0	45120.0	6.045719391029656	1711.2275	1711.2399	40078	46858	Pipistrellus nathusii	0.149	0.176	-1	Echolocation	192000	/home/adkris/Documents/mila-human-wav-txt/20220826_070000.WAV	2580	Waveform 1	1
LF	1711.4006	17250.0	17280.0	11.3819135978611	1711.3965	1711.4069	16875	22464	Plecotus austriacus	0.012	0.034	-1	Echolocation	192000	/home/adkris/Documents/mila-human-wav-txt/20220826_070000.WAV	2581	Waveform 1	1
HF	1711.6651	38250.0	40320.0	5.609150893157353	1711.6615	1711.6724	37500	43872	Pipistrellus nathusii	0.082	0.104	-1	Echolocation	192000	/home/adkris/Documents/mila-human-wav-txt/20220826_070000.WAV	2582	Waveform 1	1
LF	1712.0407333333333	21750.0	22080.0	8.108036819290698	1712.0365	1712.0456	20312	26443	Plecotus austriacus	0.019	0.044	-1	Echolocation	192000	/home/adkris/Documents/mila-human-wav-txt/20220826_070000.WAV	2583	Waveform 1	1
LF	1713.3092	20250.0	20160.0	8.944770884811241	1713.3045	1713.3143	18593	25249	Plecotus austriacus	0.037	0.085	-1	Echolocation	192000	/home/adkris/Documents/mila-human-wav-txt/20220826_070000.WAV	2584	Waveform 1	1
LF	1716.8045	20250.0	20160.0	13.467071548499645	1716.8005	1716.811	18593	23954	Plecotus austriacus	0.026	0.066	-1	Echolocation	192000	/home/adkris/Documents/mila-human-wav-txt/20220826_070000.WAV	2585	Waveform 1	1
LF	1717.1036333333334	21750.0	22080.0	5.623110765743112	1717.0945	1717.1057	22890	27751	Nyctalus leisleri	0.012	0.024	-1	Echolocation	192000	/home/adkris/Documents/mila-human-wav-txt/20220826_070000.WAV	2586	Waveform 1	1
LF	1717.275666666667	20250.0	20160.0	5.276561089761566	1717.2735	1717.28	15156	27592	Plecotus auritus	0.037	0.054	-1	Echolocation	192000	/home/adkris/Documents/mila-human-wav-txt/20220826_070000.WAV	2587	Waveform 1	1
LF	1717.696233333333	16500.0	17280.0	8.990911242443122	1717.6935	1717.7006	14296	32291	Plecotus auritus	0.021	0.026	-1	Echolocation	192000	/home/adkris/Documents/mila-human-wav-txt/20220826_070000.WAV	2588	Waveform 1	1
LF	1718.3923333333332	22500.0	23040.0	5.115213353597814	1718.3885	1718.398	22890	29122	Nyctalus leisleri	0.013	0.052	-1	Echolocation	192000	/home/adkris/Documents/mila-human-wav-txt/20220826_070000.WAV	2589	Waveform 1	1
LF	1720.052233333333	21750.0	22080.0	15.02201075001846	1720.0505	1720.0656	22031	25082	Nyctalus leisleri	0.024	0.043	-1	Echolocation	192000	/home/adkris/Documents/mila-human-wav-txt/20220826_070000.WAV	2590	Waveform 1	1
LF	1720.9704	18750.0	21120.0	8.117730366732571	1720.9695	1720.9761	15156	31676	Plecotus austriacus	0.024	0.049	-1	Echolocation	192000	/home/adkris/Documents/mila-human-wav-txt/20220826_070000.WAV	2591	Waveform 1	1
LF	1722.0234	21000.0	22080.0	9.131328563698307	1722.0215	1722.0306	21171	26732	Nyctalus leisleri	0.025	0.076	-1	Echolocation	192000	/home/adkris/Documents/mila-human-wav-txt/20220826_070000.WAV	2592	Waveform 1	1
LF	1723.013866666667	19500.0	20160.0	6.259499407762297	1723.0085	1723.0188	18593	24403	Plecotus austriacus	0.021	0.07	-1	Echolocation	192000	/home/adkris/Documents/mila-human-wav-txt/20220826_070000.WAV	2593	Waveform 1	1
LF	1723.3621666666668	18000.0	19200.0	5.310198393226986	1723.3605	1723.371	15156	22659	Nyctalus noctula	0.03	0.045	-1	Echolocation	192000	/home/adkris/Documents/mila-human-wav-txt/20220826_070000.WAV	2594	Waveform 1	1
LF	1723.6886333333334	19500.0	20160.0	12.25952617843111	1723.6875	1723.6962	14296	22587	Nyctalus noctula	0.025	0.05	-1	Echolocation	192000	/home/adkris/Documents/mila-human-wav-txt/20220826_070000.WAV	2595	Waveform 1	1
LF	1723.7021666666667	21750.0	21120.0	8.764933349392964	1723.6985	1723.7105	20312	24731	Nyctalus leisleri	0.014	0.025	-1	Echolocation	192000	/home/adkris/Documents/mila-human-wav-txt/20220826_070000.WAV	2596	Waveform 1	1
LF	1723.7127333333333	21750.0	22080.0	5.659690088137721	1723.7075	1723.7261	20312	23573	Nyctalus leisleri	0.014	0.026	-1	Echolocation	192000	/home/adkris/Documents/mila-human-wav-txt/20220826_070000.WAV	2597	Waveform 1	1
LF	1724.4095333333332	19500.0	20160.0	5.263676179837463	1724.4085	1724.4173	18593	24772	Plecotus austriacus	0.012	0.025	-1	Echolocation	192000	/home/adkris/Documents/mila-human-wav-txt/20220826_070000.WAV	2598	Waveform 1	1
LF	1724.8222666666666	17250.0	17280.0	10.67135846855138	1724.8205	1724.8274	14296	26310	Plecotus auritus	0.023	0.034	-1	Echolocation	192000	/home/adkris/Documents/mila-human-wav-txt/20220826_070000.WAV	2599	Waveform 1	1
LF	1725.5136666666667	21000.0	20160.0	20.39782823268624	1725.5115	1725.518	16875	32093	Plecotus austriacus	0.059	0.089	-1	Echolocation	192000	/home/adkris/Documents/mila-human-wav-txt/20220826_070000.WAV	2600	Waveform 1	1
LF	1727.6536	22500.0	22080.0	11.491631725826156	1727.6485	1727.6579	19453	25847	Plecotus austriacus	0.033	0.085	-1	Echolocation	192000	/home/adkris/Documents/mila-human-wav-txt/20220826_070000.WAV	2601	Waveform 1	1
HF	1728.072766666667	14250.0	15360.0	11.44618995436771	1728.0705	1728.0769	11718	65145	Myotis bechsteinii	0.014	0.031	-1	Echolocation	192000	/home/adkris/Documents/mila-human-wav-txt/20220826_070000.WAV	2602	Waveform 1	1
LF	1729.5946666666666	20250.0	21120.0	5.013684105355619	1729.5895	1729.6035	20312	24702	Nyctalus noctula	0.009	0.023	-1	Echolocation	192000	/home/adkris/Documents/mila-human-wav-txt/20220826_070000.WAV	2603	Waveform 1	1
LF	1729.831233333333	21000.0	21120.0	5.57749689384695	1729.8255	1729.8401	21171	25474	Nyctalus leisleri	0.01	0.026	-1	Echolocation	192000	/home/adkris/Documents/mila-human-wav-txt/20220826_070000.WAV	2604	Waveform 1	1
LF	1730.6255	25500.0	25920.0	6.007846521081445	1730.6235	1730.6325	24609	29889	Nyctalus leisleri	0.015	0.05	-1	Echolocation	192000	/home/adkris/Documents/mila-human-wav-txt/20220826_070000.WAV	2605	Waveform 1	1
LF	1732.302766666667	21750.0	22080.0	17.278888565013194	1732.3005	1732.3069	17734	32688	Plecotus austriacus	0.061	0.084	-1	Echolocation	192000	/home/adkris/Documents/mila-human-wav-txt/20220826_070000.WAV	2606	Waveform 1	1
LF	1732.3147666666666	20250.0	21120.0	13.205361578772328	1732.3125	1732.3224	15156	20190	Nyctalus noctula	0.012	0.029	-1	Echolocation	192000	/home/adkris/Documents/mila-human-wav-txt/20220826_070000.WAV	2607	Waveform 1	1
HF	1732.5717333333334	41250.0	42240.0	15.511548751680008	1732.5685	1732.5751	29765	45997	Myotis daubentonii	0.012	0.024	-1	Echolocation	192000	/home/adkris/Documents/mila-human-wav-txt/20220826_070000.WAV	2608	Waveform 1	1
LF	1732.899133333333	20250.0	20160.0	7.831823627491598	1732.8965	1732.9037	16015	24849	Plecotus auritus	0.033	0.054	-1	Echolocation	192000	/home/adkris/Documents/mila-human-wav-txt/20220826_070000.WAV	2609	Waveform 1	1
LF	1734.3773333333334	21750.0	22080.0	6.61733796527889	1734.3765	1734.389	20312	25009	Nyctalus noctula	0.018	0.041	-1	Echolocation	192000	/home/adkris/Documents/mila-human-wav-txt/20220826_070000.WAV	2610	Waveform 1	1
LF	1734.4659666666666	19500.0	17280.0	6.341673479120158	1734.4635	1734.4732	16015	22409	Nyctalus noctula	0.041	0.121	-1	Echolocation	192000	/home/adkris/Documents/mila-human-wav-txt/20220826_070000.WAV	2611	Waveform 1	1
LF	1734.6002	19500.0	20160.0	18.130362810717628	1734.5985	1734.6078	16875	27970	Plecotus austriacus	0.065	0.115	-1	Echolocation	192000	/home/adkris/Documents/mila-human-wav-txt/20220826_070000.WAV	2612	Waveform 1	1
LF	1734.6567333333332	20250.0	20160.0	8.726708036178103	1734.6545	1734.6656	19453	24122	Nyctalus leisleri	0.028	0.084	-1	Echolocation	192000	/home/adkris/Documents/mila-human-wav-txt/20220826_070000.WAV	2613	Waveform 1	1
LF	1735.1158666666668	20250.0	21120.0	5.49261806556408	1735.1135	1735.1233	20312	24427	Nyctalus leisleri	0.013	0.034	-1	Echolocation	192000	/home/adkris/Documents/mila-human-wav-txt/20220826_070000.WAV	2614	Waveform 1	1
HF	1735.9565	55500.0	55679.99999999999	7.027676969509064	1735.9555	1735.962	54687	61614	Pipistrellus pygmaeus	0.034	0.036	-1	Echolocation	192000	/home/adkris/Documents/mila-human-wav-txt/20220826_070000.WAV	2615	Waveform 1	1
HF	1735.9617666666666	49500.0	48960.0	6.237587503980368	1735.9585	1735.9639	33203	68542	Myotis brandtii	0.012	0.032	-1	Echolocation	192000	/home/adkris/Documents/mila-human-wav-txt/20220826_070000.WAV	2616	Waveform 1	1
HF	1736.0692	55500.0	54719.99999999999	8.168739192162093	1736.0685	1736.0753	54687	60801	Pipistrellus pygmaeus	0.04	0.045	-1	Echolocation	192000	/home/adkris/Documents/mila-human-wav-txt/20220826_070000.WAV	2617	Waveform 1	1
LF	1736.2510333333332	19500.0	20160.0	10.588742647971069	1736.2485	1736.2558	15156	25323	Plecotus auritus	0.058	0.077	-1	Echolocation	192000	/home/adkris/Documents/mila-human-wav-txt/20220826_070000.WAV	2618	Waveform 1	1
LF	1736.4451666666666	21750.0	22080.0	15.05681248140414	1736.4435	1736.4505	17734	30853	Plecotus austriacus	0.031	0.046	-1	Echolocation	192000	/home/adkris/Documents/mila-human-wav-txt/20220826_070000.WAV	2619	Waveform 1	1
HF	1737.2545	47250.0	49920.0	5.314754195682511	1737.2525	1737.258	34921	60993	Myotis mystacinus	0.007	0.024	-1	Echolocation	192000	/home/adkris/Documents/mila-human-wav-txt/20220826_070000.WAV	2620	Waveform 1	1
LF	1737.7765	17250.0	19200.0	5.192490084406444	1737.7745	1737.7835	16875	24314	Plecotus austriacus	0.022	0.035	-1	Echolocation	192000	/home/adkris/Documents/mila-human-wav-txt/20220826_070000.WAV	2621	Waveform 1	1
HF	1739.8455	53250.0	48000.0	5.244081208929725	1739.8405	1739.8465	35781	62022	Myotis bechsteinii	0.01	0.027	-1	Echolocation	192000	/home/adkris/Documents/mila-human-wav-txt/20220826_070000.WAV	2622	Waveform 1	1
HF	1739.9507666666666	53250.0	52800.00000000001	7.776870322448227	1739.9475	1739.9529	34062	72705	Myotis mystacinus	0.011	0.031	-1	Echolocation	192000	/home/adkris/Documents/mila-human-wav-txt/20220826_070000.WAV	2623	Waveform 1	1
HF	1740.049533333333	48000.0	48960.0	5.483145143412052	1740.0455	1740.0513	35781	67240	Myotis mystacinus	0.012	0.031	-1	Echolocation	192000	/home/adkris/Documents/mila-human-wav-txt/20220826_070000.WAV	2624	Waveform 1	1
HF	1740.3835666666666	52500.0	52800.00000000001	7.9795457941439905	1740.3805	1740.3861	34921	67439	Myotis mystacinus	0.009	0.021	-1	Echolocation	192000	/home/adkris/Documents/mila-human-wav-txt/20220826_070000.WAV	2625	Waveform 1	1
HF	1740.494333333333	54000.0	53760.00000000001	7.233414086203032	1740.4935	1740.499	34062	72895	Myotis mystacinus	0.012	0.03	-1	Echolocation	192000	/home/adkris/Documents/mila-human-wav-txt/20220826_070000.WAV	2626	Waveform 1	1
HF	1740.5946	54000.0	52800.00000000001	7.062712525732238	1740.5925	1740.5979	34921	69682	Myotis mystacinus	0.012	0.03	-1	Echolocation	192000	/home/adkris/Documents/mila-human-wav-txt/20220826_070000.WAV	2627	Waveform 1	1
HF	1740.6625666666666	56250.0	53760.00000000001	7.039618761096531	1740.6595	1740.6651	35781	70609	Myotis mystacinus	0.01	0.025	-1	Echolocation	192000	/home/adkris/Documents/mila-human-wav-txt/20220826_070000.WAV	2628	Waveform 1	1
LF	1740.7734333333333	25500.0	24960.0	6.373468048944355	1740.7685	1740.7804	23750	28769	Nyctalus leisleri	0.023	0.069	-1	Echolocation	192000	/home/adkris/Documents/mila-human-wav-txt/20220826_070000.WAV	2629	Waveform 1	1
LF	1740.7880666666667	21750.0	22080.0	5.509542693892664	1740.7865	1740.7971	21171	26376	Nyctalus leisleri	0.012	0.026	-1	Echolocation	192000	/home/adkris/Documents/mila-human-wav-txt/20220826_070000.WAV	2630	Waveform 1	1
HF	1740.8608	50250.0	47040.0	6.49287454134909	1740.8595	1740.8657	28046	55490	Myotis nattereri	0.007	0.02	-1	Echolocation	192000	/home/adkris/Documents/mila-human-wav-txt/20220826_070000.WAV	2631	Waveform 1	1
HF	1740.9693666666667	46500.0	46080.0	6.008130233371276	1740.9665	1740.9723	33203	67875	Myotis mystacinus	0.007	0.021	-1	Echolocation	192000	/home/adkris/Documents/mila-human-wav-txt/20220826_070000.WAV	2632	Waveform 1	1
LF	1741.0289333333333	21750.0	22080.0	9.926190357931038	1741.0265	1741.0374	20312	24449	Nyctalus leisleri	0.024	0.059	-1	Echolocation	192000	/home/adkris/Documents/mila-human-wav-txt/20220826_070000.WAV	2633	Waveform 1	1
HF	1741.8256	56250.0	54719.99999999999	8.37494271935835	1741.8245	1741.8309	54687	62507	Pipistrellus pygmaeus	0.053	0.057	-1	Echolocation	192000	/home/adkris/Documents/mila-human-wav-txt/20220826_070000.WAV	2634	Waveform 1	1
HF	1742.2748333333334	54750.0	54719.99999999999	8.838842040362223	1742.2725	1742.28	54687	64021	Pipistrellus pygmaeus	0.027	0.029	-1	Echolocation	192000	/home/adkris/Documents/mila-human-wav-txt/20220826_070000.WAV	2635	Waveform 1	1
LF	1744.8816333333334	21000.0	22080.0	8.74832748472414	1744.8815	1744.8912	22031	25758	Nyctalus leisleri	0.013	0.028	-1	Echolocation	192000	/home/adkris/Documents/mila-human-wav-txt/20220826_070000.WAV	2636	Waveform 1	1
HF	1745.6341666666667	57750.0	56640.0	8.127295664898412	1745.6325	1745.6395	57265	63275	Pipistrellus pygmaeus	0.035	0.036	-1	Echolocation	192000	/home/adkris/Documents/mila-human-wav-txt/20220826_070000.WAV	2637	Waveform 1	1
HF	1745.7417	48000.0	48960.0	12.81085855337151	1745.7395	1745.7448	34062	69369	Myotis bechsteinii	0.008	0.023	-1	Echolocation	192000	/home/adkris/Documents/mila-human-wav-txt/20220826_070000.WAV	2638	Waveform 1	1
HF	1745.838166666667	50250.0	48960.0	12.345778684519155	1745.8285	1745.838	40078	48919	Pipistrellus nathusii	0.096	0.127	-1	Echolocation	192000	/home/adkris/Documents/mila-human-wav-txt/20220826_070000.WAV	2639	Waveform 1	1
HF	1745.9392	56250.0	55679.99999999999	12.145446162333034	1745.9375	1745.9433	54687	61634	Pipistrellus pygmaeus	0.062	0.069	-1	Echolocation	192000	/home/adkris/Documents/mila-human-wav-txt/20220826_070000.WAV	2640	Waveform 1	1
HF	1745.9465	49500.0	48960.0	6.718846617027583	1745.9445	1745.95	32343	66860	Myotis bechsteinii	0.01	0.038	-1	Echolocation	192000	/home/adkris/Documents/mila-human-wav-txt/20220826_070000.WAV	2641	Waveform 1	1
HF	1746.1717666666666	56250.0	55679.99999999999	10.045728454537372	1746.1685	1746.1774	55546	63142	Pipistrellus pygmaeus	0.025	0.027	-1	Echolocation	192000	/home/adkris/Documents/mila-human-wav-txt/20220826_070000.WAV	2642	Waveform 1	1
HF	1746.1803	48000.0	48000.0	9.91095243570162	1746.1785	1746.1842	29765	60820	Myotis nattereri	0.011	0.024	-1	Echolocation	192000	/home/adkris/Documents/mila-human-wav-txt/20220826_070000.WAV	2643	Waveform 1	1
HF	1746.3985666666667	49500.0	48960.0	13.491381113102149	1746.3955	1746.4011	34062	69308	Myotis bechsteinii	0.009	0.03	-1	Echolocation	192000	/home/adkris/Documents/mila-human-wav-txt/20220826_070000.WAV	2644	Waveform 1	1
LF	1746.4641	43500.0	43200.0	6.152998285965097	1746.4605	1746.4679	27187	45021	Eptesicus serotinus	0.007	0.027	-1	Echolocation	192000	/home/adkris/Documents/mila-human-wav-txt/20220826_070000.WAV	2645	Waveform 1	1
HF	1746.5166666666669	48750.0	48960.0	6.062707349561753	1746.5135	1746.519	34062	68750	Myotis brandtii	0.011	0.029	-1	Echolocation	192000	/home/adkris/Documents/mila-human-wav-txt/20220826_070000.WAV	2646	Waveform 1	1
HF	1746.9078333333334	48000.0	48000.0	12.496494823432274	1746.9035	1746.909	34062	63403	Myotis mystacinus	0.008	0.028	-1	Echolocation	192000	/home/adkris/Documents/mila-human-wav-txt/20220826_070000.WAV	2647	Waveform 1	1
LF	1747.7622	42000.0	41280.0	9.78236543171992	1747.7575	1747.7638	29765	44582	Myotis daubentonii	0.009	0.025	-1	Echolocation	192000	/home/adkris/Documents/mila-human-wav-txt/20220826_070000.WAV	2648	Waveform 1	1
HF	1747.847166666667	53250.0	48000.0	8.102735026142646	1747.8445	1747.8505	33203	64888	Myotis brandtii	0.01	0.031	-1	Echolocation	192000	/home/adkris/Documents/mila-human-wav-txt/20220826_070000.WAV	2649	Waveform 1	1
LF	1749.9193	18750.0	20160.0	7.184316589859319	1749.9085	1749.9227	17734	22456	Nyctalus noctula	0.022	0.038	-1	Echolocation	192000	/home/adkris/Documents/mila-human-wav-txt/20220826_070000.WAV	2650	Waveform 1	1
LF	1750.7069	20250.0	21120.0	5.097589251200799	1750.7055	1750.7151	18593	23744	Plecotus austriacus	0.028	0.07	-1	Echolocation	192000	/home/adkris/Documents/mila-human-wav-txt/20220826_070000.WAV	2651	Waveform 1	1
LF	1752.0819333333334	21750.0	21120.0	7.497472631692538	1752.0815	1752.0909	18593	24203	Plecotus austriacus	0.014	0.029	-1	Echolocation	192000	/home/adkris/Documents/mila-human-wav-txt/20220826_070000.WAV	2652	Waveform 1	1
LF	1753.8796666666667	21000.0	21120.0	5.829727182357725	1753.8775	1753.8875	20312	24077	Nyctalus leisleri	0.012	0.033	-1	Echolocation	192000	/home/adkris/Documents/mila-human-wav-txt/20220826_070000.WAV	2653	Waveform 1	1
HF	1755.272066666667	50250.0	49920.0	13.26199743185972	1755.2695	1755.2756	39218	58612	Myotis bechsteinii	0.006	0.027	-1	Echolocation	192000	/home/adkris/Documents/mila-human-wav-txt/20220826_070000.WAV	2654	Waveform 1	1
HF	1755.5147333333334	54000.0	53760.00000000001	14.7972691570123	1755.5135	1755.5186	34921	70268	Myotis bechsteinii	0.009	0.027	-1	Echolocation	192000	/home/adkris/Documents/mila-human-wav-txt/20220826_070000.WAV	2655	Waveform 1	1
HF	1755.5153333333333	52500.0	52800.00000000001	13.25919269342169	1755.5145	1755.52	28906	58955	Myotis daubentonii	0.011	0.023	-1	Echolocation	192000	/home/adkris/Documents/mila-human-wav-txt/20220826_070000.WAV	2656	Waveform 1	1
HF	1755.7353	52500.0	52800.00000000001	22.13379261504993	1755.7335	1755.7392	33203	72380	Myotis mystacinus	0.008	0.024	-1	Echolocation	192000	/home/adkris/Documents/mila-human-wav-txt/20220826_070000.WAV	2657	Waveform 1	1
LF	1755.8451666666667	48750.0	48960.0	8.895953974748215	1755.8425	1755.8485	16875	45189	Myotis nattereri	0.033	0.039	-1	Echolocation	192000	/home/adkris/Documents/mila-human-wav-txt/20220826_070000.WAV	2658	Waveform 1	1
HF	1756.0248333333334	60000.0	59520.0	15.39660773512196	1756.0215	1756.028	58984	67286	Pipistrellus pygmaeus	0.04	0.045	-1	Echolocation	192000	/home/adkris/Documents/mila-human-wav-txt/20220826_070000.WAV	2659	Waveform 1	1
HF	1756.0279	47250.0	48960.0	22.17469117114879	1756.0255	1756.0306	33203	90748	Myotis bechsteinii	0.019	0.041	-1	Echolocation	192000	/home/adkris/Documents/mila-human-wav-txt/20220826_070000.WAV	2660	Waveform 1	1
HF	1756.1291666666666	69750.0	70080.0	7.000712312635122	1756.1195	1756.1605	68437	82441	Rhinolophus ferrumequinum	0.036	0.036	-1	Echolocation	192000	/home/adkris/Documents/mila-human-wav-txt/20220826_070000.WAV	2661	Waveform 1	1
HF	1756.1294	65250.0	65280.00000000001	11.344636253321156	1756.1285	1756.1526	65000	73370	Rhinolophus ferrumequinum	0.035	0.04	-1	Echolocation	192000	/home/adkris/Documents/mila-human-wav-txt/20220826_070000.WAV	2662	Waveform 1	1
HF	1756.133833333333	48000.0	48000.0	20.874065494809024	1756.1325	1756.1375	34062	84413	Myotis nattereri	0.018	0.065	-1	Echolocation	192000	/home/adkris/Documents/mila-human-wav-txt/20220826_070000.WAV	2663	Waveform 1	1
HF	1756.239366666667	54000.0	55679.99999999999	24.55111267291658	1756.2355	1756.2403	52109	67677	Pipistrellus pipistrellus	0.078	0.16	-1	Echolocation	192000	/home/adkris/Documents/mila-human-wav-txt/20220826_070000.WAV	2664	Waveform 1	1
HF	1756.2417	47250.0	48000.0	24.54096937438464	1756.2395	1756.2448	32343	78987	Myotis bechsteinii	0.009	0.028	-1	Echolocation	192000	/home/adkris/Documents/mila-human-wav-txt/20220826_070000.WAV	2665	Waveform 1	1
HF	1756.4429333333333	49500.0	48960.0	26.023338107001397	1756.4415	1756.4464	29765	72482	Myotis nattereri	0.025	0.037	-1	Echolocation	192000	/home/adkris/Documents/mila-human-wav-txt/20220826_070000.WAV	2666	Waveform 1	1
LF	1756.5133	22500.0	22080.0	6.4445032115590815	1756.5125	1756.5227	22031	25022	Nyctalus leisleri	0.016	0.026	-1	Echolocation	192000	/home/adkris/Documents/mila-human-wav-txt/20220826_070000.WAV	2667	Waveform 1	1
HF	1756.6779666666666	48750.0	54719.99999999999	19.81597418916317	1756.6745	1756.6797	34062	75290	Myotis bechsteinii	0.008	0.023	-1	Echolocation	192000	/home/adkris/Documents/mila-human-wav-txt/20220826_070000.WAV	2668	Waveform 1	1
HF	1756.791066666667	48000.0	48000.0	6.807505867930349	1756.7875	1756.7926	33203	85332	Myotis bechsteinii	0.011	0.03	-1	Echolocation	192000	/home/adkris/Documents/mila-human-wav-txt/20220826_070000.WAV	2669	Waveform 1	1
HF	1757.0645	59250.0	60480.0	7.819007727468454	1757.0635	1757.07	58125	65620	Pipistrellus pygmaeus	0.053	0.055	-1	Echolocation	192000	/home/adkris/Documents/mila-human-wav-txt/20220826_070000.WAV	2670	Waveform 1	1
HF	1758.2310333333332	48750.0	48960.0	5.249692037506748	1758.2305	1758.2363	28906	52517	Myotis nattereri	0.013	0.027	-1	Echolocation	192000	/home/adkris/Documents/mila-human-wav-txt/20220826_070000.WAV	2671	Waveform 1	1
LF	1761.7358333333334	23250.0	23040.0	7.594419074016104	1761.7345	1761.7395	16875	34745	Plecotus austriacus	0.078	0.113	-1	Echolocation	192000	/home/adkris/Documents/mila-human-wav-txt/20220826_070000.WAV	2672	Waveform 1	1
LF	1764.5549	20250.0	21120.0	15.486759998450106	1764.5535	1764.5596	16875	30484	Plecotus austriacus	0.072	0.102	-1	Echolocation	192000	/home/adkris/Documents/mila-human-wav-txt/20220826_070000.WAV	2673	Waveform 1	1
LF	1764.5696333333333	21000.0	22080.0	5.302891041395501	1764.5675	1764.5752	18593	28072	Plecotus austriacus	0.034	0.06	-1	Echolocation	192000	/home/adkris/Documents/mila-human-wav-txt/20220826_070000.WAV	2674	Waveform 1	1
HF	1765.0121333333334	48000.0	48000.0	13.885598491118692	1765.0075	1765.0127	33203	74443	Myotis bechsteinii	0.011	0.032	-1	Echolocation	192000	/home/adkris/Documents/mila-human-wav-txt/20220826_070000.WAV	2675	Waveform 1	1
HF	1765.662733333333	48000.0	48000.0	16.946734887246848	1765.6585	1765.6641	32343	76352	Myotis brandtii	0.009	0.029	-1	Echolocation	192000	/home/adkris/Documents/mila-human-wav-txt/20220826_070000.WAV	2676	Waveform 1	1
HF	1765.7578	52500.0	52800.00000000001	6.756660859483991	1765.7555	1765.7607	33203	72331	Myotis bechsteinii	0.012	0.032	-1	Echolocation	192000	/home/adkris/Documents/mila-human-wav-txt/20220826_070000.WAV	2677	Waveform 1	1
LF	1766.3575666666666	19500.0	20160.0	8.727507325438793	1766.3565	1766.3711	16875	22321	Nyctalus noctula	0.051	0.069	-1	Echolocation	192000	/home/adkris/Documents/mila-human-wav-txt/20220826_070000.WAV	2678	Waveform 1	1
HF	1766.5936	49500.0	48960.0	13.513252529960456	1766.5885	1766.5944	34921	66522	Myotis mystacinus	0.007	0.022	-1	Echolocation	192000	/home/adkris/Documents/mila-human-wav-txt/20220826_070000.WAV	2679	Waveform 1	1
HF	1767.0134333333333	48750.0	48960.0	11.80730857777144	1767.0095	1767.0154	34062	66767	Myotis mystacinus	0.008	0.026	-1	Echolocation	192000	/home/adkris/Documents/mila-human-wav-txt/20220826_070000.WAV	2680	Waveform 1	1
LF	1767.2246333333333	21000.0	21120.0	14.191739473859675	1767.2205	1767.2297	18593	29700	Plecotus austriacus	0.022	0.042	-1	Echolocation	192000	/home/adkris/Documents/mila-human-wav-txt/20220826_070000.WAV	2681	Waveform 1	1
LF	1767.7046	20250.0	20160.0	7.466770633876472	1767.7005	1767.7074	18593	29604	Plecotus austriacus	0.081	0.146	-1	Echolocation	192000	/home/adkris/Documents/mila-human-wav-txt/20220826_070000.WAV	2682	Waveform 1	1
LF	1768.2907	41250.0	42240.0	5.141977578824043	1768.2835	1768.2908	28046	42145	Eptesicus serotinus	0.007	0.023	-1	Echolocation	192000	/home/adkris/Documents/mila-human-wav-txt/20220826_070000.WAV	2683	Waveform 1	1
LF	1769.2988	21000.0	22080.0	5.231251342482727	1769.2935	1769.3027	18593	27334	Plecotus austriacus	0.015	0.032	-1	Echolocation	192000	/home/adkris/Documents/mila-human-wav-txt/20220826_070000.WAV	2684	Waveform 1	1
LF	1770.1773	17250.0	20160.0	9.581407526682938	1770.1755	1770.1882	16875	22952	Nyctalus noctula	0.022	0.036	-1	Echolocation	192000	/home/adkris/Documents/mila-human-wav-txt/20220826_070000.WAV	2685	Waveform 1	1
HF	1770.5046666666667	48000.0	48000.0	7.82187532907777	1770.5015	1770.507	34062	69559	Myotis mystacinus	0.01	0.026	-1	Echolocation	192000	/home/adkris/Documents/mila-human-wav-txt/20220826_070000.WAV	2686	Waveform 1	1
HF	1770.622566666667	49500.0	49920.0	6.139495569612997	1770.6195	1770.6251	34062	64988	Myotis mystacinus	0.009	0.024	-1	Echolocation	192000	/home/adkris/Documents/mila-human-wav-txt/20220826_070000.WAV	2687	Waveform 1	1
LF	1770.6973	19500.0	19200.0	11.26243287438902	1770.6955	1770.7047	17734	23735	Plecotus austriacus	0.043	0.084	-1	Echolocation	192000	/home/adkris/Documents/mila-human-wav-txt/20220826_070000.WAV	2688	Waveform 1	1
HF	1771.0680333333332	48000.0	48960.0	13.411927032334663	1771.0675	1771.0733	28906	56256	Myotis nattereri	0.013	0.026	-1	Echolocation	192000	/home/adkris/Documents/mila-human-wav-txt/20220826_070000.WAV	2689	Waveform 1	1
LF	1771.1641333333334	20250.0	19200.0	11.854356364826607	1771.1625	1771.1742	17734	23427	Nyctalus noctula	0.026	0.06	-1	Echolocation	192000	/home/adkris/Documents/mila-human-wav-txt/20220826_070000.WAV	2690	Waveform 1	1
LF	1771.4590333333333	19500.0	20160.0	5.6449620386978525	1771.4575	1771.4693	17734	23294	Nyctalus noctula	0.01	0.024	-1	Echolocation	192000	/home/adkris/Documents/mila-human-wav-txt/20220826_070000.WAV	2691	Waveform 1	1
LF	1771.7797333333333	19500.0	20160.0	8.305634661782637	1771.7755	1771.7846	18593	24740	Plecotus austriacus	0.026	0.056	-1	Echolocation	192000	/home/adkris/Documents/mila-human-wav-txt/20220826_070000.WAV	2692	Waveform 1	1
LF	1772.646066666667	21750.0	22080.0	5.806521458717064	1772.6375	1772.6516	22031	26605	Nyctalus leisleri	0.015	0.031	-1	Echolocation	192000	/home/adkris/Documents/mila-human-wav-txt/20220826_070000.WAV	2693	Waveform 1	1
LF	1772.6452666666669	21000.0	22080.0	6.051774609933206	1772.6435	1772.6574	21171	24360	Nyctalus leisleri	0.021	0.039	-1	Echolocation	192000	/home/adkris/Documents/mila-human-wav-txt/20220826_070000.WAV	2694	Waveform 1	1
LF	1773.6251	21000.0	20160.0	7.118429233229566	1773.6205	1773.6304	19453	25314	Plecotus austriacus	0.022	0.057	-1	Echolocation	192000	/home/adkris/Documents/mila-human-wav-txt/20220826_070000.WAV	2695	Waveform 1	1
LF	1774.2784666666666	21750.0	22080.0	6.81066640325913	1774.2745	1774.2862	20312	24258	Nyctalus leisleri	0.011	0.028	-1	Echolocation	192000	/home/adkris/Documents/mila-human-wav-txt/20220826_070000.WAV	2696	Waveform 1	1
LF	1775.7106666666666	20250.0	20160.0	5.712227793593674	1775.7095	1775.717	18593	26851	Plecotus austriacus	0.038	0.058	-1	Echolocation	192000	/home/adkris/Documents/mila-human-wav-txt/20220826_070000.WAV	2697	Waveform 1	1
LF	1775.756033333333	21750.0	22080.0	9.508559577332448	1775.7525	1775.7623	19453	24928	Nyctalus leisleri	0.017	0.063	-1	Echolocation	192000	/home/adkris/Documents/mila-human-wav-txt/20220826_070000.WAV	2698	Waveform 1	1
LF	1775.7677	21000.0	22080.0	9.423759743215326	1775.7665	1775.7728	17734	29322	Plecotus austriacus	0.059	0.088	-1	Echolocation	192000	/home/adkris/Documents/mila-human-wav-txt/20220826_070000.WAV	2699	Waveform 1	1
HF	1775.7697666666666	22500.0	46080.0	6.346186554464028	1775.7675	1775.7739	27187	53540	Myotis daubentonii	0.009	0.027	-1	Echolocation	192000	/home/adkris/Documents/mila-human-wav-txt/20220826_070000.WAV	2700	Waveform 1	1
HF	1775.7745666666667	47250.0	45120.0	6.828242814106988	1775.7685	1775.7746	31484	60614	Myotis brandtii	0.011	0.028	-1	Echolocation	192000	/home/adkris/Documents/mila-human-wav-txt/20220826_070000.WAV	2701	Waveform 1	1
LF	1775.7844	23250.0	22080.0	14.613361948720918	1775.7815	1775.7931	22031	26080	Nyctalus leisleri	0.012	0.023	-1	Echolocation	192000	/home/adkris/Documents/mila-human-wav-txt/20220826_070000.WAV	2702	Waveform 1	1
LF	1776.0424	20250.0	20160.0	10.900018305970994	1776.0415	1776.0481	13437	30015	Plecotus auritus	0.018	0.022	-1	Echolocation	192000	/home/adkris/Documents/mila-human-wav-txt/20220826_070000.WAV	2703	Waveform 1	1
LF	1776.0808333333334	19500.0	20160.0	10.529641484541902	1776.0795	1776.088	18593	24793	Plecotus austriacus	0.022	0.052	-1	Echolocation	192000	/home/adkris/Documents/mila-human-wav-txt/20220826_070000.WAV	2704	Waveform 1	1
HF	1776.4741333333334	43500.0	44160.0	6.836744185655201	1776.4675	1776.4742	28046	46282	Myotis daubentonii	0.016	0.032	-1	Echolocation	192000	/home/adkris/Documents/mila-human-wav-txt/20220826_070000.WAV	2705	Waveform 1	1
LF	1776.4760666666666	20250.0	20160.0	8.522707181536534	1776.4735	1776.4831	18593	23948	Nyctalus leisleri	0.023	0.081	-1	Echolocation	192000	/home/adkris/Documents/mila-human-wav-txt/20220826_070000.WAV	2706	Waveform 1	1
HF	1776.6664666666666	42000.0	42240.0	7.897088246085016	1776.6605	1776.6667	28906	49314	Myotis daubentonii	0.012	0.024	-1	Echolocation	192000	/home/adkris/Documents/mila-human-wav-txt/20220826_070000.WAV	2707	Waveform 1	1
HF	1776.6626	48000.0	48000.0	5.944640896316077	1776.6615	1776.6679	48671	52745	Pipistrellus pipistrellus	0.015	0.026	-1	Echolocation	192000	/home/adkris/Documents/mila-human-wav-txt/20220826_070000.WAV	2708	Waveform 1	1
LF	1777.3045666666667	17250.0	17280.0	6.701519162458479	1777.3025	1777.3091	13437	29461	Plecotus auritus	0.027	0.031	-1	Echolocation	192000	/home/adkris/Documents/mila-human-wav-txt/20220826_070000.WAV	2709	Waveform 1	1
LF	1777.4163666666666	17250.0	17280.0	6.934187761155137	1777.4145	1777.4213	14296	30941	Plecotus auritus	0.046	0.055	-1	Echolocation	192000	/home/adkris/Documents/mila-human-wav-txt/20220826_070000.WAV	2710	Waveform 1	1
LF	1778.1002666666666	17250.0	20160.0	7.4220930849491324	1778.0985	1778.1054	13437	24905	Plecotus auritus	0.024	0.029	-1	Echolocation	192000	/home/adkris/Documents/mila-human-wav-txt/20220826_070000.WAV	2711	Waveform 1	1
LF	1778.5658	21000.0	21120.0	12.40842978189776	1778.5605	1778.5732	18593	23989	Nyctalus noctula	0.031	0.066	-1	Echolocation	192000	/home/adkris/Documents/mila-human-wav-txt/20220826_070000.WAV	2712	Waveform 1	1
LF	1779.3491	20250.0	20160.0	12.486742473638714	1779.3475	1779.3569	16015	22310	Plecotus austriacus	0.017	0.036	-1	Echolocation	192000	/home/adkris/Documents/mila-human-wav-txt/20220826_070000.WAV	2713	Waveform 1	1
LF	1780.803766666667	24000.0	24000.0	8.044574081435567	1780.7975	1780.8069	23750	31249	Eptesicus serotinus	0.021	0.056	-1	Echolocation	192000	/home/adkris/Documents/mila-human-wav-txt/20220826_070000.WAV	2714	Waveform 1	1
LF	1780.8035666666667	24000.0	21120.0	7.411320309136417	1780.8015	1780.8081	19453	32257	Plecotus austriacus	0.044	0.064	-1	Echolocation	192000	/home/adkris/Documents/mila-human-wav-txt/20220826_070000.WAV	2715	Waveform 1	1
LF	1781.8802333333333	21000.0	20160.0	11.629718832717211	1781.8765	1781.8861	18593	24865	Plecotus austriacus	0.054	0.128	-1	Echolocation	192000	/home/adkris/Documents/mila-human-wav-txt/20220826_070000.WAV	2716	Waveform 1	1
LF	1782.1001333333334	21000.0	22080.0	5.062525870338991	1782.0965	1782.1097	21171	25375	Nyctalus leisleri	0.015	0.036	-1	Echolocation	192000	/home/adkris/Documents/mila-human-wav-txt/20220826_070000.WAV	2717	Waveform 1	1
LF	1783.3788333333334	21750.0	22080.0	6.76789255361936	1783.3765	1783.384	18593	27214	Plecotus austriacus	0.029	0.048	-1	Echolocation	192000	/home/adkris/Documents/mila-human-wav-txt/20220826_070000.WAV	2718	Waveform 1	1
LF	1783.9424333333334	19500.0	20160.0	5.584855187059717	1783.9405	1783.9519	19453	23244	Nyctalus leisleri	0.009	0.024	-1	Echolocation	192000	/home/adkris/Documents/mila-human-wav-txt/20220826_070000.WAV	2719	Waveform 1	1
LF	1784.4198333333334	20250.0	21120.0	5.200055446268653	1784.4165	1784.43	18593	22754	Nyctalus noctula	0.02	0.05	-1	Echolocation	192000	/home/adkris/Documents/mila-human-wav-txt/20220826_070000.WAV	2720	Waveform 1	1
LF	1785.0948666666666	22500.0	24000.0	8.22353293537304	1785.0895	1785.0998	22031	27836	Nyctalus leisleri	0.013	0.045	-1	Echolocation	192000	/home/adkris/Documents/mila-human-wav-txt/20220826_070000.WAV	2721	Waveform 1	1
LF	1786.8365	20250.0	20160.0	6.852453340151822	1786.8325	1786.843	19453	23755	Plecotus austriacus	0.01	0.027	-1	Echolocation	192000	/home/adkris/Documents/mila-human-wav-txt/20220826_070000.WAV	2722	Waveform 1	1
LF	1787.1185333333333	20250.0	20160.0	5.043436256644834	1787.1135	1787.1288	19453	24167	Nyctalus noctula	0.017	0.034	-1	Echolocation	192000	/home/adkris/Documents/mila-human-wav-txt/20220826_070000.WAV	2723	Waveform 1	1
LF	1788.2174666666667	40500.0	40320.0	6.420729787133155	1788.2125	1788.2197	29765	41499	Myotis daubentonii	0.008	0.026	-1	Echolocation	192000	/home/adkris/Documents/mila-human-wav-txt/20220826_070000.WAV	2724	Waveform 1	1
LF	1789.4211	20250.0	20160.0	5.2508170793388045	1789.4175	1789.4284	18593	23709	Plecotus austriacus	0.018	0.057	-1	Echolocation	192000	/home/adkris/Documents/mila-human-wav-txt/20220826_070000.WAV	2725	Waveform 1	1
LF	1793.1483333333333	20250.0	20160.0	9.523287149446398	1793.1445	1793.1575	18593	23934	Nyctalus noctula	0.046	0.083	-1	Echolocation	192000	/home/adkris/Documents/mila-human-wav-txt/20220826_070000.WAV	2726	Waveform 1	1
LF	1794.9205	12750.0	12480.0	11.896093058635074	1794.9185	1794.9275	12578	19181	Nyctalus leisleri	0.018	0.024	-1	Echolocation	192000	/home/adkris/Documents/mila-human-wav-txt/20220826_070000.WAV	2727	Waveform 1	1
