KMEANS_CLASSES,peak_frequency,SNR,start_time,end_time,low_freq,high_freq,class,class_prob,det_prob,individual,event,sampling_rate,input_file,Recover Folder,SD Card,Site name
LF,24000.0,4.2074637850022,65.2335,65.2487,23750.0,28045.0,Nyctalus leisleri,0.401,0.453,-1,Echolocation,192000.0,/mnt/ubna_data_06/recover-20251030/UBNA_027/20251023_221000.WAV,recover-20251030,UBNA_027,E18 Bridge
HF,63360.0,-21.02017070362691,77.0605,77.0719,64140.0,68478.0,Pipistrellus pygmaeus,0.321,0.329,-1,Echolocation,192000.0,/mnt/ubna_data_06/recover-20251030/UBNA_027/20251023_221000.WAV,recover-20251030,UBNA_027,E18 Bridge
HF,67200.0,-4.907279999337481,81.1795,81.1934,63281.0,68049.0,Pipistrellus pygmaeus,0.324,0.327,-1,Echolocation,192000.0,/mnt/ubna_data_06/recover-20251030/UBNA_027/20251023_221000.WAV,recover-20251030,UBNA_027,E18 Bridge
LF,24960.0,4.468263714105999,175.2375,175.2422,23750.0,40818.0,Plecotus austriacus,0.43,0.505,-1,Echolocation,192000.0,/mnt/ubna_data_06/recover-20251030/UBNA_027/20251023_221000.WAV,recover-20251030,UBNA_027,E18 Bridge
LF,24000.0,1.4565364531520126,183.2625,183.2835,22890.0,25816.0,Nyctalus leisleri,0.409,0.447,-1,Echolocation,192000.0,/mnt/ubna_data_06/recover-20251030/UBNA_027/20251023_222000.WAV,recover-20251030,UBNA_027,E18 Bridge
HF,48000.0,3.392453976918678,220.7445,220.7524,44375.0,50333.0,Pipistrellus pipistrellus,0.289,0.312,-1,Echolocation,192000.0,/mnt/ubna_data_06/recover-20251030/UBNA_027/20251023_222000.WAV,recover-20251030,UBNA_027,E18 Bridge
LF,26880.0,-0.39800491353656353,282.1925,282.1975,24609.0,49180.0,Myotis nattereri,0.192,0.362,-1,Echolocation,192000.0,/mnt/ubna_data_06/recover-20251030/UBNA_027/20251023_222000.WAV,recover-20251030,UBNA_027,E18 Bridge
LF,24000.0,8.876072772186902,287.83050000000003,287.8451,22890.0,26658.0,Nyctalus leisleri,0.292,0.358,-1,Echolocation,192000.0,/mnt/ubna_data_06/recover-20251030/UBNA_027/20251023_222000.WAV,recover-20251030,UBNA_027,E18 Bridge
LF,24000.0,13.832362695984205,29.5585,29.5708,23750.0,27086.0,Nyctalus leisleri,0.34,0.385,-1,Echolocation,192000.0,/mnt/ubna_data_06/recover-20251030/UBNA_027/20251023_223000.WAV,recover-20251030,UBNA_027,E18 Bridge
LF,22080.0,6.9061465183305435,44.5215,44.525999999999996,17734.0,53027.0,Myotis nattereri,0.328,0.347,-1,Echolocation,192000.0,/mnt/ubna_data_06/recover-20251030/UBNA_027/20251023_223000.WAV,recover-20251030,UBNA_027,E18 Bridge
HF,59520.0,8.617795732297196,51.313500000000005,51.319,52109.0,63604.0,Pipistrellus pipistrellus,0.258,0.305,-1,Echolocation,192000.0,/mnt/ubna_data_06/recover-20251030/UBNA_027/20251023_223000.WAV,recover-20251030,UBNA_027,E18 Bridge
LF,24000.0,7.637737316504817,56.674499999999995,56.6867,23750.0,27533.0,Nyctalus leisleri,0.272,0.318,-1,Echolocation,192000.0,/mnt/ubna_data_06/recover-20251030/UBNA_027/20251023_223000.WAV,recover-20251030,UBNA_027,E18 Bridge
HF,78720.0,-13.803089838948717,65.5785,65.5953,69296.0,83021.0,Rhinolophus ferrumequinum,0.181,0.339,-1,Echolocation,192000.0,/mnt/ubna_data_06/recover-20251030/UBNA_027/20251023_223000.WAV,recover-20251030,UBNA_027,E18 Bridge
HF,65280.0,2.159146577510399,271.4105,271.4232,63281.0,67542.0,Pipistrellus pygmaeus,0.38,0.388,-1,Echolocation,192000.0,/mnt/ubna_data_06/recover-20251030/UBNA_027/20251023_223000.WAV,recover-20251030,UBNA_027,E18 Bridge
HF,65280.0,5.081079902685206,299.4875,299.4953,64140.0,69064.0,Pipistrellus pygmaeus,0.454,0.455,-1,Echolocation,192000.0,/mnt/ubna_data_06/recover-20251030/UBNA_027/20251023_223000.WAV,recover-20251030,UBNA_027,E18 Bridge
LF,24000.0,4.483428146528782,229.3275,229.3465,23750.0,27098.0,Nyctalus leisleri,0.298,0.347,-1,Echolocation,192000.0,/mnt/ubna_data_06/recover-20251030/UBNA_027/20251024_000000.WAV,recover-20251030,UBNA_027,E18 Bridge
LF,28800.0,1.464328718722909,103.2495,103.2582,27187.0,35008.0,Eptesicus serotinus,0.295,0.421,-1,Echolocation,192000.0,/mnt/ubna_data_06/recover-20251030/UBNA_027/20251024_001000.WAV,recover-20251030,UBNA_027,E18 Bridge
LF,22080.0,9.180106443132631,255.0325,255.0445,21171.0,24025.0,Nyctalus leisleri,0.276,0.302,-1,Echolocation,192000.0,/mnt/ubna_data_06/recover-20251030/UBNA_027/20251024_002000.WAV,recover-20251030,UBNA_027,E18 Bridge
LF,24960.0,1.7591301924476632,258.4035,258.4172,23750.0,28170.0,Nyctalus leisleri,0.186,0.341,-1,Echolocation,192000.0,/mnt/ubna_data_06/recover-20251030/UBNA_027/20251024_003000.WAV,recover-20251030,UBNA_027,E18 Bridge
LF,29760.0,5.215013682084452,282.9965,283.0084,28046.0,35646.0,Eptesicus serotinus,0.27,0.337,-1,Echolocation,192000.0,/mnt/ubna_data_06/recover-20251030/UBNA_027/20251024_020000.WAV,recover-20251030,UBNA_027,E18 Bridge
LF,28800.0,8.497903481061288,283.2545,283.2653,28046.0,34061.0,Nyctalus leisleri,0.225,0.466,-1,Echolocation,192000.0,/mnt/ubna_data_06/recover-20251030/UBNA_027/20251024_020000.WAV,recover-20251030,UBNA_027,E18 Bridge
LF,28800.0,9.842202738770343,283.4085,283.4194,28046.0,35427.0,Eptesicus serotinus,0.304,0.491,-1,Echolocation,192000.0,/mnt/ubna_data_06/recover-20251030/UBNA_027/20251024_020000.WAV,recover-20251030,UBNA_027,E18 Bridge
LF,29760.0,8.416132317212071,283.5065,283.5155,28046.0,36253.0,Eptesicus serotinus,0.363,0.541,-1,Echolocation,192000.0,/mnt/ubna_data_06/recover-20251030/UBNA_027/20251024_020000.WAV,recover-20251030,UBNA_027,E18 Bridge
LF,29760.0,10.553582013144522,283.6205,283.6297,28046.0,36036.0,Eptesicus serotinus,0.337,0.566,-1,Echolocation,192000.0,/mnt/ubna_data_06/recover-20251030/UBNA_027/20251024_020000.WAV,recover-20251030,UBNA_027,E18 Bridge
LF,29760.0,9.771964698088734,283.7405,283.7514,28046.0,34892.0,Eptesicus serotinus,0.26,0.378,-1,Echolocation,192000.0,/mnt/ubna_data_06/recover-20251030/UBNA_027/20251024_020000.WAV,recover-20251030,UBNA_027,E18 Bridge
LF,29760.0,12.151106727280714,283.8575,283.8673,27187.0,39682.0,Eptesicus serotinus,0.431,0.516,-1,Echolocation,192000.0,/mnt/ubna_data_06/recover-20251030/UBNA_027/20251024_020000.WAV,recover-20251030,UBNA_027,E18 Bridge
LF,28800.0,14.685663869390218,283.9815,283.9944,27187.0,35423.0,Eptesicus serotinus,0.303,0.459,-1,Echolocation,192000.0,/mnt/ubna_data_06/recover-20251030/UBNA_027/20251024_020000.WAV,recover-20251030,UBNA_027,E18 Bridge
LF,28800.0,16.875676912482017,284.0955,284.1059,28046.0,40882.0,Eptesicus serotinus,0.368,0.658,-1,Echolocation,192000.0,/mnt/ubna_data_06/recover-20251030/UBNA_027/20251024_020000.WAV,recover-20251030,UBNA_027,E18 Bridge
LF,28800.0,18.615177250218228,284.2185,284.2281,27187.0,36918.0,Eptesicus serotinus,0.308,0.649,-1,Echolocation,192000.0,/mnt/ubna_data_06/recover-20251030/UBNA_027/20251024_020000.WAV,recover-20251030,UBNA_027,E18 Bridge
LF,28800.0,19.425537312850697,284.3345,284.3453,27187.0,41274.0,Eptesicus serotinus,0.486,0.561,-1,Echolocation,192000.0,/mnt/ubna_data_06/recover-20251030/UBNA_027/20251024_020000.WAV,recover-20251030,UBNA_027,E18 Bridge
LF,27840.0,19.067653652954203,284.4625,284.4711,27187.0,38546.0,Eptesicus serotinus,0.499,0.665,-1,Echolocation,192000.0,/mnt/ubna_data_06/recover-20251030/UBNA_027/20251024_020000.WAV,recover-20251030,UBNA_027,E18 Bridge
LF,28800.0,21.49016467908644,284.5815,284.5918,27187.0,42379.0,Eptesicus serotinus,0.419,0.68,-1,Echolocation,192000.0,/mnt/ubna_data_06/recover-20251030/UBNA_027/20251024_020000.WAV,recover-20251030,UBNA_027,E18 Bridge
LF,28800.0,23.20204727208797,284.70550000000003,284.7176,26328.0,41561.0,Eptesicus serotinus,0.395,0.636,-1,Echolocation,192000.0,/mnt/ubna_data_06/recover-20251030/UBNA_027/20251024_020000.WAV,recover-20251030,UBNA_027,E18 Bridge
LF,28800.0,22.68711003528853,284.8265,284.8363,27187.0,39182.0,Nyctalus leisleri,0.341,0.682,-1,Echolocation,192000.0,/mnt/ubna_data_06/recover-20251030/UBNA_027/20251024_020000.WAV,recover-20251030,UBNA_027,E18 Bridge
LF,29760.0,22.78092306943391,284.9575,284.9667,27187.0,42599.0,Eptesicus serotinus,0.449,0.599,-1,Echolocation,192000.0,/mnt/ubna_data_06/recover-20251030/UBNA_027/20251024_020000.WAV,recover-20251030,UBNA_027,E18 Bridge
LF,28800.0,21.708894904215512,285.0835,285.0951,27187.0,37908.0,Eptesicus serotinus,0.344,0.596,-1,Echolocation,192000.0,/mnt/ubna_data_06/recover-20251030/UBNA_027/20251024_020000.WAV,recover-20251030,UBNA_027,E18 Bridge
LF,29760.0,15.082637274644433,285.2085,285.2217,26328.0,36491.0,Eptesicus serotinus,0.331,0.449,-1,Echolocation,192000.0,/mnt/ubna_data_06/recover-20251030/UBNA_027/20251024_020000.WAV,recover-20251030,UBNA_027,E18 Bridge
LF,26880.0,20.633261451950858,285.4085,285.4188,26328.0,36375.0,Eptesicus serotinus,0.377,0.661,-1,Echolocation,192000.0,/mnt/ubna_data_06/recover-20251030/UBNA_027/20251024_020000.WAV,recover-20251030,UBNA_027,E18 Bridge
LF,26880.0,15.881869106742103,285.5385,285.5492,26328.0,36025.0,Eptesicus serotinus,0.373,0.655,-1,Echolocation,192000.0,/mnt/ubna_data_06/recover-20251030/UBNA_027/20251024_020000.WAV,recover-20251030,UBNA_027,E18 Bridge
LF,27840.0,15.478086517647942,285.6965,285.7078,27187.0,37068.0,Eptesicus serotinus,0.364,0.53,-1,Echolocation,192000.0,/mnt/ubna_data_06/recover-20251030/UBNA_027/20251024_020000.WAV,recover-20251030,UBNA_027,E18 Bridge
LF,26880.0,9.032391131862298,285.8645,285.8768,26328.0,33230.0,Eptesicus serotinus,0.194,0.32,-1,Echolocation,192000.0,/mnt/ubna_data_06/recover-20251030/UBNA_027/20251024_020000.WAV,recover-20251030,UBNA_027,E18 Bridge
LF,30720.0,3.4696253957507923,290.9375,290.9483,29765.0,37509.0,Eptesicus serotinus,0.233,0.308,-1,Echolocation,192000.0,/mnt/ubna_data_06/recover-20251030/UBNA_027/20251024_020000.WAV,recover-20251030,UBNA_027,E18 Bridge
LF,30720.0,3.959016070416082,291.1605,291.1713,28906.0,37165.0,Eptesicus serotinus,0.306,0.387,-1,Echolocation,192000.0,/mnt/ubna_data_06/recover-20251030/UBNA_027/20251024_020000.WAV,recover-20251030,UBNA_027,E18 Bridge
LF,29760.0,8.722450024747918,291.2805,291.2884,28906.0,39606.0,Eptesicus serotinus,0.373,0.458,-1,Echolocation,192000.0,/mnt/ubna_data_06/recover-20251030/UBNA_027/20251024_020000.WAV,recover-20251030,UBNA_027,E18 Bridge
LF,30720.0,12.247614230764597,291.5385,291.5486,28906.0,43949.0,Eptesicus serotinus,0.346,0.48,-1,Echolocation,192000.0,/mnt/ubna_data_06/recover-20251030/UBNA_027/20251024_020000.WAV,recover-20251030,UBNA_027,E18 Bridge
LF,30720.0,10.514694145455696,292.6175,292.6282,29765.0,37055.0,Eptesicus serotinus,0.225,0.372,-1,Echolocation,192000.0,/mnt/ubna_data_06/recover-20251030/UBNA_027/20251024_020000.WAV,recover-20251030,UBNA_027,E18 Bridge
LF,28800.0,11.350578325523411,292.8495,292.8585,27187.0,37561.0,Eptesicus serotinus,0.331,0.447,-1,Echolocation,192000.0,/mnt/ubna_data_06/recover-20251030/UBNA_027/20251024_020000.WAV,recover-20251030,UBNA_027,E18 Bridge
LF,28800.0,14.755723477864997,293.1465,293.154,27187.0,37351.0,Eptesicus serotinus,0.381,0.593,-1,Echolocation,192000.0,/mnt/ubna_data_06/recover-20251030/UBNA_027/20251024_020000.WAV,recover-20251030,UBNA_027,E18 Bridge
LF,30720.0,17.647773479285014,293.2675,293.2743,28046.0,47335.0,Eptesicus serotinus,0.476,0.62,-1,Echolocation,192000.0,/mnt/ubna_data_06/recover-20251030/UBNA_027/20251024_020000.WAV,recover-20251030,UBNA_027,E18 Bridge
LF,29760.0,20.26535367793164,293.3875,293.3942,28046.0,48523.0,Eptesicus serotinus,0.482,0.637,-1,Echolocation,192000.0,/mnt/ubna_data_06/recover-20251030/UBNA_027/20251024_020000.WAV,recover-20251030,UBNA_027,E18 Bridge
LF,29760.0,24.77558093056679,293.5075,293.5141,28046.0,46608.0,Eptesicus serotinus,0.466,0.62,-1,Echolocation,192000.0,/mnt/ubna_data_06/recover-20251030/UBNA_027/20251024_020000.WAV,recover-20251030,UBNA_027,E18 Bridge
LF,29760.0,32.35449712763955,293.8605,293.8683,27187.0,49796.0,Eptesicus serotinus,0.429,0.668,-1,Echolocation,192000.0,/mnt/ubna_data_06/recover-20251030/UBNA_027/20251024_020000.WAV,recover-20251030,UBNA_027,E18 Bridge
LF,28800.0,36.56656493382333,293.9785,293.9873,27187.0,44274.0,Nyctalus leisleri,0.336,0.659,-1,Echolocation,192000.0,/mnt/ubna_data_06/recover-20251030/UBNA_027/20251024_020000.WAV,recover-20251030,UBNA_027,E18 Bridge
LF,28800.0,42.64149327197963,294.0995,294.1087,27187.0,48943.0,Nyctalus leisleri,0.686,0.774,-1,Echolocation,192000.0,/mnt/ubna_data_06/recover-20251030/UBNA_027/20251024_020000.WAV,recover-20251030,UBNA_027,E18 Bridge
LF,28800.0,41.26737984902404,294.1975,294.2065,26328.0,50865.0,Nyctalus leisleri,0.455,0.669,-1,Echolocation,192000.0,/mnt/ubna_data_06/recover-20251030/UBNA_027/20251024_020000.WAV,recover-20251030,UBNA_027,E18 Bridge
LF,29760.0,29.732883270759206,295.1205,295.127,28046.0,45933.0,Nyctalus leisleri,0.324,0.626,-1,Echolocation,192000.0,/mnt/ubna_data_06/recover-20251030/UBNA_027/20251024_020000.WAV,recover-20251030,UBNA_027,E18 Bridge
LF,29760.0,24.970383534856353,295.2145,295.22090000000003,28906.0,47546.0,Nyctalus leisleri,0.629,0.723,-1,Echolocation,192000.0,/mnt/ubna_data_06/recover-20251030/UBNA_027/20251024_020000.WAV,recover-20251030,UBNA_027,E18 Bridge
LF,30720.0,15.498263167548545,295.35450000000003,295.3615,28906.0,45440.0,Nyctalus leisleri,0.432,0.675,-1,Echolocation,192000.0,/mnt/ubna_data_06/recover-20251030/UBNA_027/20251024_020000.WAV,recover-20251030,UBNA_027,E18 Bridge
LF,27840.0,2.7382789958200355,114.5135,114.52420000000001,26328.0,32140.0,Eptesicus serotinus,0.185,0.343,-1,Echolocation,192000.0,/mnt/ubna_data_06/recover-20251030/UBNA_027/20251024_024000.WAV,recover-20251030,UBNA_027,E18 Bridge
LF,25920.0,7.3733010304868145,128.2125,128.2303,24609.0,27292.0,Nyctalus leisleri,0.425,0.469,-1,Echolocation,192000.0,/mnt/ubna_data_06/recover-20251030/UBNA_027/20251024_025000.WAV,recover-20251030,UBNA_027,E18 Bridge
LF,25920.0,9.575525917327246,128.6035,128.6219,24609.0,27445.0,Nyctalus leisleri,0.481,0.545,-1,Echolocation,192000.0,/mnt/ubna_data_06/recover-20251030/UBNA_027/20251024_025000.WAV,recover-20251030,UBNA_027,E18 Bridge
LF,28800.0,2.9824411027048034,59.2175,59.222899999999996,24609.0,37246.0,Plecotus auritus,0.153,0.308,-1,Echolocation,192000.0,/mnt/ubna_data_06/recover-20251030/UBNA_027/20251024_033000.WAV,recover-20251030,UBNA_027,E18 Bridge
HF,47040.0,8.502432947800845,200.2195,200.22899999999998,46093.0,63122.0,Pipistrellus pipistrellus,0.457,0.563,-1,Echolocation,192000.0,/mnt/ubna_data_06/recover-20251030/UBNA_027/20251024_035000.WAV,recover-20251030,UBNA_027,E18 Bridge
HF,46080.0,12.746810939989206,200.6295,200.6405,45234.0,57844.0,Pipistrellus pipistrellus,0.395,0.56,-1,Echolocation,192000.0,/mnt/ubna_data_06/recover-20251030/UBNA_027/20251024_035000.WAV,recover-20251030,UBNA_027,E18 Bridge
HF,47040.0,7.93651890986235,201.0445,201.0555,45234.0,59820.0,Pipistrellus pipistrellus,0.276,0.375,-1,Echolocation,192000.0,/mnt/ubna_data_06/recover-20251030/UBNA_027/20251024_035000.WAV,recover-20251030,UBNA_027,E18 Bridge
HF,46080.0,4.594584071960666,201.2615,201.2689,45234.0,52630.0,Pipistrellus pipistrellus,0.41,0.428,-1,Echolocation,192000.0,/mnt/ubna_data_06/recover-20251030/UBNA_027/20251024_035000.WAV,recover-20251030,UBNA_027,E18 Bridge
HF,46080.0,5.389787677090808,201.4605,201.469,44375.0,54936.0,Pipistrellus pipistrellus,0.259,0.311,-1,Echolocation,192000.0,/mnt/ubna_data_06/recover-20251030/UBNA_027/20251024_035000.WAV,recover-20251030,UBNA_027,E18 Bridge
HF,45120.0,4.6101946220953725,201.7305,201.7399,44375.0,55096.0,Pipistrellus pipistrellus,0.277,0.306,-1,Echolocation,192000.0,/mnt/ubna_data_06/recover-20251030/UBNA_027/20251024_035000.WAV,recover-20251030,UBNA_027,E18 Bridge
HF,47040.0,7.288737691546169,201.8125,201.8219,46953.0,59879.0,Pipistrellus pipistrellus,0.375,0.439,-1,Echolocation,192000.0,/mnt/ubna_data_06/recover-20251030/UBNA_027/20251024_035000.WAV,recover-20251030,UBNA_027,E18 Bridge
HF,47040.0,6.028080058722775,202.0995,202.1073,46093.0,52250.0,Pipistrellus pipistrellus,0.453,0.582,-1,Echolocation,192000.0,/mnt/ubna_data_06/recover-20251030/UBNA_027/20251024_035000.WAV,recover-20251030,UBNA_027,E18 Bridge
HF,47040.0,6.160959662360738,202.3015,202.3111,45234.0,55563.0,Pipistrellus pipistrellus,0.35,0.411,-1,Echolocation,192000.0,/mnt/ubna_data_06/recover-20251030/UBNA_027/20251024_035000.WAV,recover-20251030,UBNA_027,E18 Bridge
HF,47040.0,4.265654741910108,202.5055,202.5138,45234.0,54299.0,Pipistrellus pipistrellus,0.304,0.326,-1,Echolocation,192000.0,/mnt/ubna_data_06/recover-20251030/UBNA_027/20251024_035000.WAV,recover-20251030,UBNA_027,E18 Bridge
LF,27840.0,2.5272938998786794,74.2345,74.2446,27187.0,33360.0,Eptesicus serotinus,0.165,0.309,-1,Echolocation,192000.0,/mnt/ubna_data_06/recover-20251030/UBNA_027/20251024_043000.WAV,recover-20251030,UBNA_027,E18 Bridge
HF,48000.0,3.350975800121204,87.1705,87.1774,47812.0,57752.0,Pipistrellus pipistrellus,0.374,0.388,-1,Echolocation,192000.0,/mnt/ubna_data_06/recover-20251030/UBNA_027/20251024_043000.WAV,recover-20251030,UBNA_027,E18 Bridge
HF,48000.0,2.9428334986597466,87.70349999999999,87.7127,47812.0,56198.0,Pipistrellus pipistrellus,0.336,0.362,-1,Echolocation,192000.0,/mnt/ubna_data_06/recover-20251030/UBNA_027/20251024_043000.WAV,recover-20251030,UBNA_027,E18 Bridge
HF,48960.0,3.8899099732903815,87.7945,87.80539999999999,46953.0,58053.0,Pipistrellus pipistrellus,0.277,0.314,-1,Echolocation,192000.0,/mnt/ubna_data_06/recover-20251030/UBNA_027/20251024_043000.WAV,recover-20251030,UBNA_027,E18 Bridge
HF,48000.0,7.2400065231025215,87.9805,87.991,46953.0,57869.0,Pipistrellus pipistrellus,0.459,0.51,-1,Echolocation,192000.0,/mnt/ubna_data_06/recover-20251030/UBNA_027/20251024_043000.WAV,recover-20251030,UBNA_027,E18 Bridge
HF,48960.0,6.0448151648474555,88.0755,88.0836,46953.0,60306.0,Pipistrellus pipistrellus,0.453,0.482,-1,Echolocation,192000.0,/mnt/ubna_data_06/recover-20251030/UBNA_027/20251024_043000.WAV,recover-20251030,UBNA_027,E18 Bridge
HF,47040.0,11.799441453583748,88.1695,88.1806,46093.0,64144.0,Pipistrellus pipistrellus,0.398,0.557,-1,Echolocation,192000.0,/mnt/ubna_data_06/recover-20251030/UBNA_027/20251024_043000.WAV,recover-20251030,UBNA_027,E18 Bridge
HF,48000.0,10.101186630116732,88.2525,88.2619,46093.0,63512.0,Pipistrellus pipistrellus,0.421,0.528,-1,Echolocation,192000.0,/mnt/ubna_data_06/recover-20251030/UBNA_027/20251024_043000.WAV,recover-20251030,UBNA_027,E18 Bridge
HF,48000.0,13.385610963379584,88.52250000000001,88.53190000000001,46093.0,66055.0,Pipistrellus pipistrellus,0.448,0.571,-1,Echolocation,192000.0,/mnt/ubna_data_06/recover-20251030/UBNA_027/20251024_043000.WAV,recover-20251030,UBNA_027,E18 Bridge
HF,48000.0,5.290472865758029,88.6095,88.6233,46953.0,51290.0,Pipistrellus pipistrellus,0.353,0.383,-1,Echolocation,192000.0,/mnt/ubna_data_06/recover-20251030/UBNA_027/20251024_043000.WAV,recover-20251030,UBNA_027,E18 Bridge
HF,48000.0,19.13719011417355,88.6955,88.7048,46093.0,68594.0,Pipistrellus pipistrellus,0.452,0.588,-1,Echolocation,192000.0,/mnt/ubna_data_06/recover-20251030/UBNA_027/20251024_043000.WAV,recover-20251030,UBNA_027,E18 Bridge
HF,48960.0,9.811337424935962,88.79650000000001,88.8069,46093.0,58931.0,Pipistrellus pipistrellus,0.405,0.465,-1,Echolocation,192000.0,/mnt/ubna_data_06/recover-20251030/UBNA_027/20251024_043000.WAV,recover-20251030,UBNA_027,E18 Bridge
HF,51840.0,18.39073809905006,88.8945,88.9026,46953.0,68315.0,Pipistrellus pipistrellus,0.534,0.694,-1,Echolocation,192000.0,/mnt/ubna_data_06/recover-20251030/UBNA_027/20251024_043000.WAV,recover-20251030,UBNA_027,E18 Bridge
HF,48000.0,23.40423390882329,88.9865,88.993,46093.0,68566.0,Pipistrellus pipistrellus,0.56,0.69,-1,Echolocation,192000.0,/mnt/ubna_data_06/recover-20251030/UBNA_027/20251024_043000.WAV,recover-20251030,UBNA_027,E18 Bridge
HF,48000.0,10.073860442670028,89.0855,89.0979,46093.0,58135.0,Pipistrellus pipistrellus,0.412,0.494,-1,Echolocation,192000.0,/mnt/ubna_data_06/recover-20251030/UBNA_027/20251024_043000.WAV,recover-20251030,UBNA_027,E18 Bridge
HF,48000.0,18.1836980696529,89.1765,89.1827,46093.0,67143.0,Pipistrellus pipistrellus,0.562,0.676,-1,Echolocation,192000.0,/mnt/ubna_data_06/recover-20251030/UBNA_027/20251024_043000.WAV,recover-20251030,UBNA_027,E18 Bridge
HF,48000.0,14.148801224949993,89.2705,89.2814,46093.0,59149.0,Pipistrellus pipistrellus,0.438,0.491,-1,Echolocation,192000.0,/mnt/ubna_data_06/recover-20251030/UBNA_027/20251024_043000.WAV,recover-20251030,UBNA_027,E18 Bridge
HF,48000.0,24.60996734875758,89.3675,89.3743,41796.0,80263.0,Pipistrellus pipistrellus,0.324,0.505,-1,Echolocation,192000.0,/mnt/ubna_data_06/recover-20251030/UBNA_027/20251024_043000.WAV,recover-20251030,UBNA_027,E18 Bridge
HF,48000.0,10.311315596724171,89.4615,89.469,46953.0,56295.0,Pipistrellus pipistrellus,0.627,0.644,-1,Echolocation,192000.0,/mnt/ubna_data_06/recover-20251030/UBNA_027/20251024_043000.WAV,recover-20251030,UBNA_027,E18 Bridge
HF,47040.0,21.076927075270582,89.5515,89.5586,44375.0,69707.0,Pipistrellus pipistrellus,0.58,0.629,-1,Echolocation,192000.0,/mnt/ubna_data_06/recover-20251030/UBNA_027/20251024_043000.WAV,recover-20251030,UBNA_027,E18 Bridge
HF,48000.0,17.652639732939114,89.6445,89.6498,46093.0,63101.0,Pipistrellus pipistrellus,0.666,0.694,-1,Echolocation,192000.0,/mnt/ubna_data_06/recover-20251030/UBNA_027/20251024_043000.WAV,recover-20251030,UBNA_027,E18 Bridge
HF,47040.0,22.983373066885807,89.73349999999999,89.7401,43515.0,64764.0,Pipistrellus pipistrellus,0.594,0.631,-1,Echolocation,192000.0,/mnt/ubna_data_06/recover-20251030/UBNA_027/20251024_043000.WAV,recover-20251030,UBNA_027,E18 Bridge
HF,48000.0,15.310407916181806,89.8255,89.8314,46093.0,63456.0,Pipistrellus pipistrellus,0.635,0.664,-1,Echolocation,192000.0,/mnt/ubna_data_06/recover-20251030/UBNA_027/20251024_043000.WAV,recover-20251030,UBNA_027,E18 Bridge
HF,47040.0,29.250250241507466,89.9145,89.9214,44375.0,71097.0,Pipistrellus pipistrellus,0.415,0.505,-1,Echolocation,192000.0,/mnt/ubna_data_06/recover-20251030/UBNA_027/20251024_043000.WAV,recover-20251030,UBNA_027,E18 Bridge
HF,48000.0,20.083557618536418,90.0105,90.0179,46093.0,69981.0,Pipistrellus pipistrellus,0.503,0.606,-1,Echolocation,192000.0,/mnt/ubna_data_06/recover-20251030/UBNA_027/20251024_043000.WAV,recover-20251030,UBNA_027,E18 Bridge
HF,53760.0,25.191623696739306,90.1065,90.1145,45234.0,71677.0,Pipistrellus pipistrellus,0.35,0.454,-1,Echolocation,192000.0,/mnt/ubna_data_06/recover-20251030/UBNA_027/20251024_043000.WAV,recover-20251030,UBNA_027,E18 Bridge
HF,50880.0,35.47319610439282,90.1965,90.2042,44375.0,73664.0,Pipistrellus pipistrellus,0.537,0.619,-1,Echolocation,192000.0,/mnt/ubna_data_06/recover-20251030/UBNA_027/20251024_043000.WAV,recover-20251030,UBNA_027,E18 Bridge
HF,54720.0,34.707572658967166,90.2895,90.2966,45234.0,70256.0,Pipistrellus pipistrellus,0.472,0.543,-1,Echolocation,192000.0,/mnt/ubna_data_06/recover-20251030/UBNA_027/20251024_043000.WAV,recover-20251030,UBNA_027,E18 Bridge
HF,47040.0,17.02293769479922,90.3835,90.3914,46953.0,63484.0,Pipistrellus pipistrellus,0.483,0.589,-1,Echolocation,192000.0,/mnt/ubna_data_06/recover-20251030/UBNA_027/20251024_043000.WAV,recover-20251030,UBNA_027,E18 Bridge
HF,47040.0,33.20216377499001,90.4745,90.481,44375.0,70941.0,Pipistrellus pipistrellus,0.47,0.523,-1,Echolocation,192000.0,/mnt/ubna_data_06/recover-20251030/UBNA_027/20251024_043000.WAV,recover-20251030,UBNA_027,E18 Bridge
HF,47040.0,30.431453377222596,90.5695,90.5778,46093.0,63373.0,Pipistrellus pipistrellus,0.415,0.47,-1,Echolocation,192000.0,/mnt/ubna_data_06/recover-20251030/UBNA_027/20251024_043000.WAV,recover-20251030,UBNA_027,E18 Bridge
HF,47040.0,15.311318068295046,90.6685,90.6767,46093.0,59891.0,Pipistrellus pipistrellus,0.412,0.463,-1,Echolocation,192000.0,/mnt/ubna_data_06/recover-20251030/UBNA_027/20251024_043000.WAV,recover-20251030,UBNA_027,E18 Bridge
HF,46080.0,28.42211297465447,90.7595,90.7675,45234.0,66917.0,Pipistrellus pipistrellus,0.419,0.492,-1,Echolocation,192000.0,/mnt/ubna_data_06/recover-20251030/UBNA_027/20251024_043000.WAV,recover-20251030,UBNA_027,E18 Bridge
HF,47040.0,23.13717394509881,90.8515,90.8583,45234.0,70979.0,Pipistrellus pipistrellus,0.58,0.674,-1,Echolocation,192000.0,/mnt/ubna_data_06/recover-20251030/UBNA_027/20251024_043000.WAV,recover-20251030,UBNA_027,E18 Bridge
HF,46080.0,27.165520362355974,90.9455,90.9506,42656.0,65324.0,Pipistrellus pipistrellus,0.541,0.6,-1,Echolocation,192000.0,/mnt/ubna_data_06/recover-20251030/UBNA_027/20251024_043000.WAV,recover-20251030,UBNA_027,E18 Bridge
HF,47040.0,24.53556104244839,91.0405,91.0471,45234.0,67120.0,Pipistrellus pipistrellus,0.515,0.627,-1,Echolocation,192000.0,/mnt/ubna_data_06/recover-20251030/UBNA_027/20251024_043000.WAV,recover-20251030,UBNA_027,E18 Bridge
HF,48000.0,20.521019851979837,91.2285,91.2366,45234.0,66650.0,Pipistrellus pipistrellus,0.473,0.587,-1,Echolocation,192000.0,/mnt/ubna_data_06/recover-20251030/UBNA_027/20251024_043000.WAV,recover-20251030,UBNA_027,E18 Bridge
HF,47040.0,16.335713541311932,91.3235,91.3302,44375.0,60220.0,Pipistrellus pipistrellus,0.484,0.536,-1,Echolocation,192000.0,/mnt/ubna_data_06/recover-20251030/UBNA_027/20251024_043000.WAV,recover-20251030,UBNA_027,E18 Bridge
HF,47040.0,3.0016641172501384,91.4265,91.4438,46093.0,50666.0,Pipistrellus pipistrellus,0.324,0.347,-1,Echolocation,192000.0,/mnt/ubna_data_06/recover-20251030/UBNA_027/20251024_043000.WAV,recover-20251030,UBNA_027,E18 Bridge
HF,47040.0,16.113840885493993,91.5225,91.5303,45234.0,60255.0,Pipistrellus pipistrellus,0.483,0.569,-1,Echolocation,192000.0,/mnt/ubna_data_06/recover-20251030/UBNA_027/20251024_043000.WAV,recover-20251030,UBNA_027,E18 Bridge
HF,46080.0,16.040889421256367,91.6165,91.6237,45234.0,61680.0,Pipistrellus pipistrellus,0.511,0.644,-1,Echolocation,192000.0,/mnt/ubna_data_06/recover-20251030/UBNA_027/20251024_043000.WAV,recover-20251030,UBNA_027,E18 Bridge
HF,46080.0,16.59724910254287,91.8075,91.8134,44375.0,62330.0,Pipistrellus pipistrellus,0.476,0.66,-1,Echolocation,192000.0,/mnt/ubna_data_06/recover-20251030/UBNA_027/20251024_043000.WAV,recover-20251030,UBNA_027,E18 Bridge
HF,46080.0,19.90175910992716,91.9055,91.9118,45234.0,58430.0,Pipistrellus pipistrellus,0.499,0.591,-1,Echolocation,192000.0,/mnt/ubna_data_06/recover-20251030/UBNA_027/20251024_043000.WAV,recover-20251030,UBNA_027,E18 Bridge
HF,47040.0,7.468364736902975,92.0925,92.0974,45234.0,57180.0,Pipistrellus pipistrellus,0.542,0.571,-1,Echolocation,192000.0,/mnt/ubna_data_06/recover-20251030/UBNA_027/20251024_043000.WAV,recover-20251030,UBNA_027,E18 Bridge
HF,49920.0,9.333700746588123,92.2595,92.2669,46093.0,60063.0,Pipistrellus pipistrellus,0.483,0.583,-1,Echolocation,192000.0,/mnt/ubna_data_06/recover-20251030/UBNA_027/20251024_043000.WAV,recover-20251030,UBNA_027,E18 Bridge
HF,45120.0,9.504959545208383,92.4555,92.4621,45234.0,61432.0,Pipistrellus pipistrellus,0.531,0.677,-1,Echolocation,192000.0,/mnt/ubna_data_06/recover-20251030/UBNA_027/20251024_043000.WAV,recover-20251030,UBNA_027,E18 Bridge
HF,46080.0,9.289581321680181,92.6625,92.668,45234.0,58892.0,Pipistrellus pipistrellus,0.525,0.619,-1,Echolocation,192000.0,/mnt/ubna_data_06/recover-20251030/UBNA_027/20251024_043000.WAV,recover-20251030,UBNA_027,E18 Bridge
HF,48000.0,10.319384270892872,92.7345,92.7389,44375.0,58053.0,Pipistrellus pipistrellus,0.444,0.511,-1,Echolocation,192000.0,/mnt/ubna_data_06/recover-20251030/UBNA_027/20251024_043000.WAV,recover-20251030,UBNA_027,E18 Bridge
HF,48000.0,11.979540373619209,92.8165,92.8214,44375.0,59960.0,Pipistrellus pipistrellus,0.426,0.523,-1,Echolocation,192000.0,/mnt/ubna_data_06/recover-20251030/UBNA_027/20251024_043000.WAV,recover-20251030,UBNA_027,E18 Bridge
HF,48000.0,2.6550399902751525,92.9015,92.9065,47812.0,60568.0,Pipistrellus pipistrellus,0.308,0.324,-1,Echolocation,192000.0,/mnt/ubna_data_06/recover-20251030/UBNA_027/20251024_043000.WAV,recover-20251030,UBNA_027,E18 Bridge
HF,48000.0,6.784193584474969,92.9885,92.9941,47812.0,59583.0,Pipistrellus pipistrellus,0.516,0.548,-1,Echolocation,192000.0,/mnt/ubna_data_06/recover-20251030/UBNA_027/20251024_043000.WAV,recover-20251030,UBNA_027,E18 Bridge
HF,54720.0,3.677716267816307,93.0805,93.0869,48671.0,65244.0,Pipistrellus pipistrellus,0.326,0.427,-1,Echolocation,192000.0,/mnt/ubna_data_06/recover-20251030/UBNA_027/20251024_043000.WAV,recover-20251030,UBNA_027,E18 Bridge
HF,55680.0,3.7814459475360094,93.1605,93.1656,50390.0,62089.0,Pipistrellus pipistrellus,0.316,0.363,-1,Echolocation,192000.0,/mnt/ubna_data_06/recover-20251030/UBNA_027/20251024_043000.WAV,recover-20251030,UBNA_027,E18 Bridge
HF,55680.0,4.0034610616317465,93.5455,93.5503,48671.0,61395.0,Pipistrellus pipistrellus,0.422,0.455,-1,Echolocation,192000.0,/mnt/ubna_data_06/recover-20251030/UBNA_027/20251024_043000.WAV,recover-20251030,UBNA_027,E18 Bridge
HF,46080.0,9.41245564556937,93.6945,93.7008,45234.0,63859.0,Pipistrellus pipistrellus,0.331,0.571,-1,Echolocation,192000.0,/mnt/ubna_data_06/recover-20251030/UBNA_027/20251024_043000.WAV,recover-20251030,UBNA_027,E18 Bridge
HF,46080.0,4.393327597447674,93.8575,93.8643,46093.0,57011.0,Pipistrellus pipistrellus,0.323,0.337,-1,Echolocation,192000.0,/mnt/ubna_data_06/recover-20251030/UBNA_027/20251024_043000.WAV,recover-20251030,UBNA_027,E18 Bridge
LF,24960.0,1.46821689871781,152.5635,152.5762,23750.0,29064.0,Eptesicus serotinus,0.139,0.32,-1,Echolocation,192000.0,/mnt/ubna_data_06/recover-20251030/UBNA_027/20251024_054000.WAV,recover-20251030,UBNA_027,E18 Bridge
LF,22080.0,4.368184644418441,25.6695,25.6921,21171.0,24158.0,Nyctalus leisleri,0.279,0.309,-1,Echolocation,192000.0,/mnt/ubna_data_06/recover-20251030/UBNA_027/20251024_060000.WAV,recover-20251030,UBNA_027,E18 Bridge
LF,27840.0,1.1420536706383768,160.9355,160.9404,22031.0,37873.0,Plecotus auritus,0.176,0.344,-1,Echolocation,192000.0,/mnt/ubna_data_06/recover-20251030/UBNA_027/20251024_062000.WAV,recover-20251030,UBNA_027,E18 Bridge
LF,21120.0,6.912276256407458,256.9385,256.9431,18593.0,35705.0,Plecotus austriacus,0.264,0.343,-1,Echolocation,192000.0,/mnt/ubna_data_06/recover-20251030/UBNA_027/20251024_065000.WAV,recover-20251030,UBNA_027,E18 Bridge
LF,26880.0,2.0949622260720164,37.713499999999996,37.7224,26328.0,33092.0,Eptesicus serotinus,0.197,0.323,-1,Echolocation,192000.0,/mnt/ubna_data_06/recover-20251030/UBNA_027/20251024_070000.WAV,recover-20251030,UBNA_027,E18 Bridge
LF,28800.0,2.348415313317382,121.5115,121.5163,22890.0,39262.0,Plecotus auritus,0.173,0.323,-1,Echolocation,192000.0,/mnt/ubna_data_06/recover-20251030/UBNA_027/20251024_072000.WAV,recover-20251030,UBNA_027,E18 Bridge
LF,24960.0,2.5605681612163926,141.7355,141.7417,22031.0,34252.0,Plecotus austriacus,0.184,0.328,-1,Echolocation,192000.0,/mnt/ubna_data_06/recover-20251030/UBNA_027/20251024_073000.WAV,recover-20251030,UBNA_027,E18 Bridge
LF,20160.0,4.992814516597799,230.7395,230.7451,16875.0,30900.0,Plecotus auritus,0.218,0.34,-1,Echolocation,192000.0,/mnt/ubna_data_06/recover-20251030/UBNA_027/20251024_074000.WAV,recover-20251030,UBNA_027,E18 Bridge
LF,27840.0,2.674548422547854,286.7185,286.723,22890.0,36377.0,Plecotus austriacus,0.254,0.337,-1,Echolocation,192000.0,/mnt/ubna_data_06/recover-20251030/UBNA_027/20251024_074000.WAV,recover-20251030,UBNA_027,E18 Bridge
LF,28800.0,1.6851004240661793,208.8915,208.9026,27187.0,31832.0,Eptesicus serotinus,0.151,0.313,-1,Echolocation,192000.0,/mnt/ubna_data_06/recover-20251030/UBNA_027/20251024_081000.WAV,recover-20251030,UBNA_027,E18 Bridge
LF,27840.0,3.3326995833021726,1.5315,1.5406,26328.0,32362.0,Eptesicus serotinus,0.242,0.363,-1,Echolocation,192000.0,/mnt/ubna_data_06/recover-20251030/UBNA_027/20251024_082000.WAV,recover-20251030,UBNA_027,E18 Bridge
LF,20160.0,12.15140729891373,130.0695,130.074,16015.0,38097.0,Plecotus austriacus,0.195,0.306,-1,Echolocation,192000.0,/mnt/ubna_data_06/recover-20251030/UBNA_027/20251024_082000.WAV,recover-20251030,UBNA_027,E18 Bridge
LF,27840.0,3.37938129958059,54.182500000000005,54.1909,27187.0,34564.0,Eptesicus serotinus,0.201,0.313,-1,Echolocation,192000.0,/mnt/ubna_data_06/recover-20251030/UBNA_027/20251024_095000.WAV,recover-20251030,UBNA_027,E18 Bridge
LF,27840.0,3.327259124409141,253.1825,253.1874,22031.0,36385.0,Plecotus austriacus,0.243,0.304,-1,Echolocation,192000.0,/mnt/ubna_data_06/recover-20251030/UBNA_027/20251024_095000.WAV,recover-20251030,UBNA_027,E18 Bridge
LF,27840.0,2.790940535832628,142.3345,142.3384,23750.0,39674.0,Plecotus austriacus,0.157,0.301,-1,Echolocation,192000.0,/mnt/ubna_data_06/recover-20251030/UBNA_027/20251024_101000.WAV,recover-20251030,UBNA_027,E18 Bridge
LF,27840.0,3.073056110086672,176.2105,176.2156,22890.0,36281.0,Plecotus austriacus,0.182,0.305,-1,Echolocation,192000.0,/mnt/ubna_data_06/recover-20251030/UBNA_027/20251024_104000.WAV,recover-20251030,UBNA_027,E18 Bridge
LF,28800.0,1.7656670129667473,27.2175,27.2279,25468.0,30644.0,Eptesicus serotinus,0.156,0.302,-1,Echolocation,192000.0,/mnt/ubna_data_06/recover-20251030/UBNA_027/20251024_114000.WAV,recover-20251030,UBNA_027,E18 Bridge
LF,23040.0,1.2288706135937084,55.7765,55.7915,22890.0,27502.0,Nyctalus leisleri,0.157,0.32,-1,Echolocation,192000.0,/mnt/ubna_data_06/recover-20251030/UBNA_027/20251024_130000.WAV,recover-20251030,UBNA_027,E18 Bridge
LF,22080.0,4.836282148743128,37.7525,37.7754,21171.0,24563.0,Nyctalus leisleri,0.292,0.357,-1,Echolocation,192000.0,/mnt/ubna_data_06/recover-20251030/UBNA_027/20251024_132000.WAV,recover-20251030,UBNA_027,E18 Bridge
LF,24960.0,0.39169945357274943,176.5435,176.5575,22890.0,27654.0,Nyctalus leisleri,0.11,0.309,-1,Echolocation,192000.0,/mnt/ubna_data_06/recover-20251030/UBNA_027/20251024_133000.WAV,recover-20251030,UBNA_027,E18 Bridge
LF,19200.0,7.128497121429822,134.0795,134.1004,16875.0,20386.0,Nyctalus noctula,0.379,0.523,-1,Echolocation,192000.0,/mnt/ubna_data_06/recover-20251030/UBNA_027/20251024_142000.WAV,recover-20251030,UBNA_027,E18 Bridge
LF,19200.0,5.998140310227783,138.6485,138.6737,16875.0,19784.0,Nyctalus noctula,0.245,0.314,-1,Echolocation,192000.0,/mnt/ubna_data_06/recover-20251030/UBNA_027/20251024_142000.WAV,recover-20251030,UBNA_027,E18 Bridge
LF,28800.0,2.510682443693231,4.6895,4.6988,27187.0,33843.0,Eptesicus serotinus,0.284,0.414,-1,Echolocation,192000.0,/mnt/ubna_data_06/recover-20251030/UBNA_027/20251024_150000.WAV,recover-20251030,UBNA_027,E18 Bridge
LF,21120.0,16.649718959205796,144.3975,144.4246,19453.0,23269.0,Nyctalus noctula,0.236,0.328,-1,Echolocation,192000.0,/mnt/ubna_data_06/recover-20251030/UBNA_027/20251024_151000.WAV,recover-20251030,UBNA_027,E18 Bridge
LF,19200.0,13.381102930830703,145.7725,145.7991,18593.0,22601.0,Nyctalus noctula,0.343,0.414,-1,Echolocation,192000.0,/mnt/ubna_data_06/recover-20251030/UBNA_027/20251024_151000.WAV,recover-20251030,UBNA_027,E18 Bridge
LF,20160.0,18.065587509717083,163.9105,163.924,17734.0,23837.0,Nyctalus noctula,0.326,0.462,-1,Echolocation,192000.0,/mnt/ubna_data_06/recover-20251030/UBNA_027/20251024_151000.WAV,recover-20251030,UBNA_027,E18 Bridge
LF,20160.0,5.204176185365299,175.1045,175.1269,20312.0,22996.0,Nyctalus noctula,0.219,0.334,-1,Echolocation,192000.0,/mnt/ubna_data_06/recover-20251030/UBNA_027/20251024_151000.WAV,recover-20251030,UBNA_027,E18 Bridge
LF,20160.0,17.788148829402036,187.8105,187.8241,17734.0,24011.0,Nyctalus noctula,0.227,0.344,-1,Echolocation,192000.0,/mnt/ubna_data_06/recover-20251030/UBNA_027/20251024_151000.WAV,recover-20251030,UBNA_027,E18 Bridge
LF,20160.0,14.76964788007805,190.1285,190.152,18593.0,22606.0,Nyctalus noctula,0.233,0.308,-1,Echolocation,192000.0,/mnt/ubna_data_06/recover-20251030/UBNA_027/20251024_151000.WAV,recover-20251030,UBNA_027,E18 Bridge
LF,20160.0,5.502431652792615,191.1045,191.1267,19453.0,22676.0,Nyctalus noctula,0.259,0.369,-1,Echolocation,192000.0,/mnt/ubna_data_06/recover-20251030/UBNA_027/20251024_151000.WAV,recover-20251030,UBNA_027,E18 Bridge
LF,19200.0,11.617246757306475,193.8465,193.8636,18593.0,23007.0,Nyctalus noctula,0.274,0.465,-1,Echolocation,192000.0,/mnt/ubna_data_06/recover-20251030/UBNA_027/20251024_151000.WAV,recover-20251030,UBNA_027,E18 Bridge
LF,21120.0,9.513581475115659,197.1165,197.1331,20312.0,25096.0,Nyctalus noctula,0.292,0.397,-1,Echolocation,192000.0,/mnt/ubna_data_06/recover-20251030/UBNA_027/20251024_151000.WAV,recover-20251030,UBNA_027,E18 Bridge
LF,21120.0,18.947628839941352,201.1325,201.1469,18593.0,24821.0,Nyctalus noctula,0.342,0.444,-1,Echolocation,192000.0,/mnt/ubna_data_06/recover-20251030/UBNA_027/20251024_151000.WAV,recover-20251030,UBNA_027,E18 Bridge
LF,22080.0,14.277212572604066,217.9225,217.9415,19453.0,24347.0,Nyctalus noctula,0.265,0.405,-1,Echolocation,192000.0,/mnt/ubna_data_06/recover-20251030/UBNA_027/20251024_151000.WAV,recover-20251030,UBNA_027,E18 Bridge
LF,19200.0,12.642494746378663,219.8085,219.8252,16875.0,22265.0,Nyctalus noctula,0.225,0.336,-1,Echolocation,192000.0,/mnt/ubna_data_06/recover-20251030/UBNA_027/20251024_151000.WAV,recover-20251030,UBNA_027,E18 Bridge
LF,20160.0,-8.016451513392205,260.4665,260.4879,17734.0,22016.0,Nyctalus noctula,0.283,0.354,-1,Echolocation,192000.0,/mnt/ubna_data_06/recover-20251030/UBNA_027/20251024_151000.WAV,recover-20251030,UBNA_027,E18 Bridge
LF,19200.0,17.661628003857004,260.9075,260.9375,17734.0,20688.0,Nyctalus noctula,0.243,0.303,-1,Echolocation,192000.0,/mnt/ubna_data_06/recover-20251030/UBNA_027/20251024_151000.WAV,recover-20251030,UBNA_027,E18 Bridge
LF,22080.0,0.5856957365465143,236.5965,236.6148,21171.0,25127.0,Nyctalus noctula,0.192,0.325,-1,Echolocation,192000.0,/mnt/ubna_data_06/recover-20251030/UBNA_027/20251024_152000.WAV,recover-20251030,UBNA_027,E18 Bridge
LF,20160.0,2.528922055171244,85.0485,85.0543,15156.0,32629.0,Plecotus auritus,0.254,0.311,-1,Echolocation,192000.0,/mnt/ubna_data_06/recover-20251030/UBNA_027/20251024_160000.WAV,recover-20251030,UBNA_027,E18 Bridge
LF,18240.0,9.454478338768048,167.3645,167.3932,16875.0,19839.0,Nyctalus noctula,0.24,0.328,-1,Echolocation,192000.0,/mnt/ubna_data_06/recover-20251030/UBNA_027/20251024_161000.WAV,recover-20251030,UBNA_027,E18 Bridge
LF,24000.0,6.5314752163472605,22.1625,22.1682,22031.0,38930.0,Plecotus austriacus,0.248,0.316,-1,Echolocation,192000.0,/mnt/ubna_data_06/recover-20251030/UBNA_027/20251024_163000.WAV,recover-20251030,UBNA_027,E18 Bridge
LF,30720.0,-0.3613201719997352,85.3825,85.3935,28046.0,34467.0,Eptesicus serotinus,0.234,0.319,-1,Echolocation,192000.0,/mnt/ubna_data_06/recover-20251030/UBNA_027/20251024_170000.WAV,recover-20251030,UBNA_027,E18 Bridge
LF,27840.0,4.437821389089278,235.6295,235.6345,24609.0,37235.0,Plecotus austriacus,0.286,0.356,-1,Echolocation,192000.0,/mnt/ubna_data_06/recover-20251030/UBNA_027/20251024_170000.WAV,recover-20251030,UBNA_027,E18 Bridge
LF,25920.0,5.564652077805832,168.8065,168.8114,23750.0,43783.0,Plecotus austriacus,0.194,0.307,-1,Echolocation,192000.0,/mnt/ubna_data_06/recover-20251030/UBNA_027/20251024_172000.WAV,recover-20251030,UBNA_027,E18 Bridge
LF,27840.0,9.535408443123147,286.1725,286.1783,22890.0,37815.0,Plecotus austriacus,0.278,0.366,-1,Echolocation,192000.0,/mnt/ubna_data_06/recover-20251030/UBNA_027/20251024_174000.WAV,recover-20251030,UBNA_027,E18 Bridge
LF,31680.0,3.691366164327063,127.7095,127.7191,27187.0,34618.0,Eptesicus serotinus,0.157,0.31,-1,Echolocation,192000.0,/mnt/ubna_data_06/recover-20251030/UBNA_027/20251024_175000.WAV,recover-20251030,UBNA_027,E18 Bridge
HF,42240.0,6.329968705578688,9.0385,9.0538,41796.0,44668.0,Pipistrellus pipistrellus,0.254,0.312,-1,Echolocation,192000.0,/mnt/ubna_data_06/recover-20251030/UBNA_027/20251024_180000.WAV,recover-20251030,UBNA_027,E18 Bridge
LF,24960.0,4.4646268302178465,21.6715,21.6785,23750.0,34487.0,Plecotus austriacus,0.127,0.303,-1,Echolocation,192000.0,/mnt/ubna_data_06/recover-20251030/UBNA_027/20251024_190000.WAV,recover-20251030,UBNA_027,E18 Bridge
LF,24000.0,3.2768511764844805,63.0575,63.0611,23750.0,43618.0,Plecotus austriacus,0.216,0.333,-1,Echolocation,192000.0,/mnt/ubna_data_06/recover-20251030/UBNA_027/20251024_201000.WAV,recover-20251030,UBNA_027,E18 Bridge
LF,24000.0,4.732524391792333,73.5675,73.5771,22890.0,32240.0,Plecotus austriacus,0.116,0.335,-1,Echolocation,192000.0,/mnt/ubna_data_06/recover-20251030/UBNA_027/20251024_203000.WAV,recover-20251030,UBNA_027,E18 Bridge
LF,24000.0,3.479898692265322,143.1895,143.1937,23750.0,39693.0,Plecotus austriacus,0.244,0.304,-1,Echolocation,192000.0,/mnt/ubna_data_06/recover-20251030/UBNA_027/20251024_205000.WAV,recover-20251030,UBNA_027,E18 Bridge
LF,24960.0,-1.0261996830779303,161.8835,161.8958,22890.0,28280.0,Eptesicus serotinus,0.16,0.324,-1,Echolocation,192000.0,/mnt/ubna_data_06/recover-20251030/UBNA_027/20251024_205000.WAV,recover-20251030,UBNA_027,E18 Bridge
LF,24960.0,3.639640054146394,260.0385,260.0425,22890.0,40309.0,Plecotus austriacus,0.219,0.311,-1,Echolocation,192000.0,/mnt/ubna_data_06/recover-20251030/UBNA_027/20251024_212000.WAV,recover-20251030,UBNA_027,E18 Bridge
LF,28800.0,4.747416651843214,173.2045,173.2135,26328.0,33706.0,Eptesicus serotinus,0.185,0.308,-1,Echolocation,192000.0,/mnt/ubna_data_06/recover-20251030/UBNA_027/20251024_214000.WAV,recover-20251030,UBNA_027,E18 Bridge
LF,25920.0,8.25568618667435,70.7635,70.78059999999999,24609.0,28073.0,Nyctalus leisleri,0.212,0.32,-1,Echolocation,192000.0,/mnt/ubna_data_06/recover-20251030/UBNA_027/20251024_223000.WAV,recover-20251030,UBNA_027,E18 Bridge
LF,24000.0,2.491115172493993,71.4485,71.4607,22890.0,27796.0,Nyctalus leisleri,0.144,0.349,-1,Echolocation,192000.0,/mnt/ubna_data_06/recover-20251030/UBNA_027/20251024_223000.WAV,recover-20251030,UBNA_027,E18 Bridge
LF,24000.0,11.639955598342882,73.5565,73.5696,22890.0,27617.0,Nyctalus leisleri,0.244,0.406,-1,Echolocation,192000.0,/mnt/ubna_data_06/recover-20251030/UBNA_027/20251024_223000.WAV,recover-20251030,UBNA_027,E18 Bridge
LF,24000.0,8.5779737445621,75.2205,75.2337,23750.0,28386.0,Nyctalus leisleri,0.257,0.408,-1,Echolocation,192000.0,/mnt/ubna_data_06/recover-20251030/UBNA_027/20251024_223000.WAV,recover-20251030,UBNA_027,E18 Bridge
LF,28800.0,4.709633229321417,2.0045,2.0082,24609.0,44856.0,Plecotus austriacus,0.258,0.355,-1,Echolocation,192000.0,/mnt/ubna_data_06/recover-20251030/UBNA_027/20251024_224000.WAV,recover-20251030,UBNA_027,E18 Bridge
LF,24000.0,4.076429417323802,161.1835,161.1895,22890.0,40488.0,Plecotus austriacus,0.217,0.34,-1,Echolocation,192000.0,/mnt/ubna_data_06/recover-20251030/UBNA_027/20251024_231000.WAV,recover-20251030,UBNA_027,E18 Bridge
LF,23040.0,5.278705700697101,195.5585,195.5746,21171.0,24913.0,Nyctalus leisleri,0.22,0.346,-1,Echolocation,192000.0,/mnt/ubna_data_06/recover-20251030/UBNA_027/20251024_233000.WAV,recover-20251030,UBNA_027,E18 Bridge
LF,22080.0,8.400799396502771,191.6755,191.6802,18593.0,38399.0,Plecotus austriacus,0.245,0.31,-1,Echolocation,192000.0,/mnt/ubna_data_06/recover-20251030/UBNA_027/20251025_000000.WAV,recover-20251030,UBNA_027,E18 Bridge
LF,29760.0,-0.8801832640413803,100.6565,100.6677,28906.0,33596.0,Eptesicus serotinus,0.167,0.305,-1,Echolocation,192000.0,/mnt/ubna_data_06/recover-20251030/UBNA_027/20251025_001000.WAV,recover-20251030,UBNA_027,E18 Bridge
LF,26880.0,4.511645864395884,114.6255,114.6291,24609.0,50541.0,Myotis nattereri,0.158,0.325,-1,Echolocation,192000.0,/mnt/ubna_data_06/recover-20251030/UBNA_027/20251025_001000.WAV,recover-20251030,UBNA_027,E18 Bridge
LF,24960.0,2.5783790502128694,258.2225,258.234,24609.0,29898.0,Nyctalus leisleri,0.139,0.307,-1,Echolocation,192000.0,/mnt/ubna_data_06/recover-20251030/UBNA_027/20251025_002000.WAV,recover-20251030,UBNA_027,E18 Bridge
LF,28800.0,3.4073204412313887,69.3225,69.3349,28046.0,32307.0,Nyctalus leisleri,0.218,0.334,-1,Echolocation,192000.0,/mnt/ubna_data_06/recover-20251030/UBNA_027/20251025_003000.WAV,recover-20251030,UBNA_027,E18 Bridge
LF,24960.0,5.88833652191759,257.3235,257.332,22890.0,34490.0,Plecotus austriacus,0.152,0.36,-1,Echolocation,192000.0,/mnt/ubna_data_06/recover-20251030/UBNA_027/20251025_010000.WAV,recover-20251030,UBNA_027,E18 Bridge
LF,24000.0,2.027652286529854,160.9265,160.9304,23750.0,40107.0,Plecotus austriacus,0.241,0.314,-1,Echolocation,192000.0,/mnt/ubna_data_06/recover-20251030/UBNA_027/20251025_013000.WAV,recover-20251030,UBNA_027,E18 Bridge
LF,24000.0,8.0586410157876,135.0555,135.0681,24609.0,30932.0,Nyctalus leisleri,0.412,0.499,-1,Echolocation,192000.0,/mnt/ubna_data_06/recover-20251030/UBNA_027/20251025_014000.WAV,recover-20251030,UBNA_027,E18 Bridge
LF,24000.0,-4.51817001494617,266.6135,266.6216,23750.0,32129.0,Eptesicus serotinus,0.124,0.304,-1,Echolocation,192000.0,/mnt/ubna_data_06/recover-20251030/UBNA_027/20251025_020000.WAV,recover-20251030,UBNA_027,E18 Bridge
LF,28800.0,-0.8468689576271196,154.0145,154.0272,28046.0,33403.0,Eptesicus serotinus,0.195,0.359,-1,Echolocation,192000.0,/mnt/ubna_data_06/recover-20251030/UBNA_027/20251025_021000.WAV,recover-20251030,UBNA_027,E18 Bridge
LF,27840.0,1.4314776357156291,147.6225,147.6325,27187.0,32913.0,Eptesicus serotinus,0.203,0.332,-1,Echolocation,192000.0,/mnt/ubna_data_06/recover-20251030/UBNA_027/20251025_023000.WAV,recover-20251030,UBNA_027,E18 Bridge
LF,29760.0,1.9481180445056991,188.9795,188.9888,28906.0,35685.0,Eptesicus serotinus,0.223,0.334,-1,Echolocation,192000.0,/mnt/ubna_data_06/recover-20251030/UBNA_027/20251025_023000.WAV,recover-20251030,UBNA_027,E18 Bridge
LF,25920.0,4.1792301919995465,67.0695,67.08070000000001,24609.0,30207.0,Nyctalus leisleri,0.113,0.305,-1,Echolocation,192000.0,/mnt/ubna_data_06/recover-20251030/UBNA_027/20251025_024000.WAV,recover-20251030,UBNA_027,E18 Bridge
LF,24960.0,1.946976078179656,63.4745,63.4892,23750.0,28182.0,Nyctalus leisleri,0.256,0.362,-1,Echolocation,192000.0,/mnt/ubna_data_06/recover-20251030/UBNA_027/20251025_031000.WAV,recover-20251030,UBNA_027,E18 Bridge
LF,21120.0,2.295202001690643,115.0275,115.0412,19453.0,25879.0,Nyctalus noctula,0.229,0.361,-1,Echolocation,192000.0,/mnt/ubna_data_06/recover-20251030/UBNA_027/20251025_032000.WAV,recover-20251030,UBNA_027,E18 Bridge
LF,27840.0,2.103088689339258,132.1165,132.1229,26328.0,40327.0,Eptesicus serotinus,0.116,0.336,-1,Echolocation,192000.0,/mnt/ubna_data_06/recover-20251030/UBNA_027/20251025_032000.WAV,recover-20251030,UBNA_027,E18 Bridge
LF,28800.0,3.269432430001358,3.1645,3.1757,28046.0,33972.0,Eptesicus serotinus,0.209,0.303,-1,Echolocation,192000.0,/mnt/ubna_data_06/recover-20251030/UBNA_027/20251025_035000.WAV,recover-20251030,UBNA_027,E18 Bridge
LF,20160.0,10.952376558537855,289.3695,289.3745,16875.0,38467.0,Plecotus austriacus,0.202,0.301,-1,Echolocation,192000.0,/mnt/ubna_data_06/recover-20251030/UBNA_027/20251025_040000.WAV,recover-20251030,UBNA_027,E18 Bridge
LF,24000.0,2.701799375780226,294.8735,294.8849,23750.0,28483.0,Eptesicus serotinus,0.14,0.356,-1,Echolocation,192000.0,/mnt/ubna_data_06/recover-20251030/UBNA_027/20251025_040000.WAV,recover-20251030,UBNA_027,E18 Bridge
LF,20160.0,6.05079917687156,139.8595,139.8637,16875.0,34161.0,Plecotus austriacus,0.196,0.372,-1,Echolocation,192000.0,/mnt/ubna_data_06/recover-20251030/UBNA_027/20251025_050000.WAV,recover-20251030,UBNA_027,E18 Bridge
LF,20160.0,0.2929956560086272,141.1985,141.2211,17734.0,21551.0,Nyctalus noctula,0.256,0.33,-1,Echolocation,192000.0,/mnt/ubna_data_06/recover-20251030/UBNA_027/20251025_050000.WAV,recover-20251030,UBNA_027,E18 Bridge
LF,27840.0,2.935081637100741,233.5555,233.5594,22890.0,40330.0,Plecotus austriacus,0.192,0.31,-1,Echolocation,192000.0,/mnt/ubna_data_06/recover-20251030/UBNA_027/20251025_055000.WAV,recover-20251030,UBNA_027,E18 Bridge
LF,26880.0,1.986935147788465,166.8195,166.8293,25468.0,32333.0,Eptesicus serotinus,0.173,0.353,-1,Echolocation,192000.0,/mnt/ubna_data_06/recover-20251030/UBNA_027/20251025_060000.WAV,recover-20251030,UBNA_027,E18 Bridge
LF,28800.0,1.6323689226701954,245.6695,245.6775,26328.0,34636.0,Eptesicus serotinus,0.203,0.342,-1,Echolocation,192000.0,/mnt/ubna_data_06/recover-20251030/UBNA_027/20251025_060000.WAV,recover-20251030,UBNA_027,E18 Bridge
LF,26880.0,2.747515885616849,75.4295,75.4399,27187.0,32770.0,Eptesicus serotinus,0.191,0.361,-1,Echolocation,192000.0,/mnt/ubna_data_06/recover-20251030/UBNA_027/20251025_064000.WAV,recover-20251030,UBNA_027,E18 Bridge
LF,27840.0,2.7526284427561403,106.4905,106.5002,24609.0,32875.0,Eptesicus serotinus,0.203,0.327,-1,Echolocation,192000.0,/mnt/ubna_data_06/recover-20251030/UBNA_027/20251025_064000.WAV,recover-20251030,UBNA_027,E18 Bridge
LF,27840.0,2.892781349561,227.7505,227.7569,25468.0,35510.0,Eptesicus serotinus,0.13,0.354,-1,Echolocation,192000.0,/mnt/ubna_data_06/recover-20251030/UBNA_027/20251025_064000.WAV,recover-20251030,UBNA_027,E18 Bridge
LF,24000.0,3.8358694260478026,284.0705,284.0828,23750.0,28739.0,Nyctalus leisleri,0.132,0.327,-1,Echolocation,192000.0,/mnt/ubna_data_06/recover-20251030/UBNA_027/20251025_064000.WAV,recover-20251030,UBNA_027,E18 Bridge
LF,27840.0,3.3016181424650193,126.7185,126.723,22890.0,38380.0,Plecotus austriacus,0.239,0.312,-1,Echolocation,192000.0,/mnt/ubna_data_06/recover-20251030/UBNA_027/20251025_065000.WAV,recover-20251030,UBNA_027,E18 Bridge
LF,27840.0,2.6588457264426753,197.2005,197.2104,25468.0,31399.0,Eptesicus serotinus,0.162,0.323,-1,Echolocation,192000.0,/mnt/ubna_data_06/recover-20251030/UBNA_027/20251025_065000.WAV,recover-20251030,UBNA_027,E18 Bridge
LF,27840.0,2.418633906132036,79.4415,79.4511,26328.0,32819.0,Eptesicus serotinus,0.179,0.318,-1,Echolocation,192000.0,/mnt/ubna_data_06/recover-20251030/UBNA_027/20251025_072000.WAV,recover-20251030,UBNA_027,E18 Bridge
LF,27840.0,3.7500897717433688,119.3775,119.3868,26328.0,31748.0,Eptesicus serotinus,0.144,0.306,-1,Echolocation,192000.0,/mnt/ubna_data_06/recover-20251030/UBNA_027/20251025_083000.WAV,recover-20251030,UBNA_027,E18 Bridge
LF,27840.0,3.4489480877164214,228.0085,228.0142,22890.0,35148.0,Plecotus austriacus,0.24,0.325,-1,Echolocation,192000.0,/mnt/ubna_data_06/recover-20251030/UBNA_027/20251025_084000.WAV,recover-20251030,UBNA_027,E18 Bridge
LF,24960.0,2.491823388949064,271.0165,271.024,22031.0,32259.0,Plecotus austriacus,0.137,0.333,-1,Echolocation,192000.0,/mnt/ubna_data_06/recover-20251030/UBNA_027/20251025_084000.WAV,recover-20251030,UBNA_027,E18 Bridge
LF,27840.0,3.4704092732403597,8.0195,8.0234,22890.0,40176.0,Plecotus austriacus,0.202,0.303,-1,Echolocation,192000.0,/mnt/ubna_data_06/recover-20251030/UBNA_027/20251025_090000.WAV,recover-20251030,UBNA_027,E18 Bridge
LF,27840.0,4.126637585193339,5.4565,5.4667,26328.0,31382.0,Eptesicus serotinus,0.16,0.309,-1,Echolocation,192000.0,/mnt/ubna_data_06/recover-20251030/UBNA_027/20251025_095000.WAV,recover-20251030,UBNA_027,E18 Bridge
LF,27840.0,3.785654906142627,88.6565,88.66550000000001,24609.0,31655.0,Eptesicus serotinus,0.134,0.303,-1,Echolocation,192000.0,/mnt/ubna_data_06/recover-20251030/UBNA_027/20251025_100000.WAV,recover-20251030,UBNA_027,E18 Bridge
LF,27840.0,3.768143531555625,2.4705,2.4806,26328.0,31268.0,Eptesicus serotinus,0.15,0.311,-1,Echolocation,192000.0,/mnt/ubna_data_06/recover-20251030/UBNA_027/20251025_101000.WAV,recover-20251030,UBNA_027,E18 Bridge
LF,27840.0,4.425291958632766,258.04449999999997,258.0509,25468.0,36278.0,Eptesicus serotinus,0.116,0.315,-1,Echolocation,192000.0,/mnt/ubna_data_06/recover-20251030/UBNA_027/20251025_101000.WAV,recover-20251030,UBNA_027,E18 Bridge
LF,27840.0,3.0396413233602866,258.3845,258.3946,26328.0,32072.0,Eptesicus serotinus,0.193,0.325,-1,Echolocation,192000.0,/mnt/ubna_data_06/recover-20251030/UBNA_027/20251025_101000.WAV,recover-20251030,UBNA_027,E18 Bridge
LF,27840.0,2.794845844554076,152.9985,153.008,26328.0,31841.0,Eptesicus serotinus,0.158,0.305,-1,Echolocation,192000.0,/mnt/ubna_data_06/recover-20251030/UBNA_027/20251025_111000.WAV,recover-20251030,UBNA_027,E18 Bridge
LF,24000.0,4.582429870428548,5.6295,5.6364,22890.0,32413.0,Plecotus austriacus,0.105,0.332,-1,Echolocation,192000.0,/mnt/ubna_data_06/recover-20251030/UBNA_027/20251025_113000.WAV,recover-20251030,UBNA_027,E18 Bridge
LF,26880.0,3.361999815870651,16.4645,16.475,26328.0,31475.0,Eptesicus serotinus,0.169,0.302,-1,Echolocation,192000.0,/mnt/ubna_data_06/recover-20251030/UBNA_027/20251025_115000.WAV,recover-20251030,UBNA_027,E18 Bridge
LF,27840.0,1.9105568442586063,118.7805,118.78960000000001,25468.0,32058.0,Eptesicus serotinus,0.155,0.324,-1,Echolocation,192000.0,/mnt/ubna_data_06/recover-20251030/UBNA_027/20251025_120000.WAV,recover-20251030,UBNA_027,E18 Bridge
LF,27840.0,3.101320754584001,15.6965,15.7065,25468.0,31318.0,Eptesicus serotinus,0.157,0.302,-1,Echolocation,192000.0,/mnt/ubna_data_06/recover-20251030/UBNA_027/20251025_121000.WAV,recover-20251030,UBNA_027,E18 Bridge
LF,27840.0,2.371731191875452,20.8165,20.8268,26328.0,31936.0,Eptesicus serotinus,0.198,0.327,-1,Echolocation,192000.0,/mnt/ubna_data_06/recover-20251030/UBNA_027/20251025_121000.WAV,recover-20251030,UBNA_027,E18 Bridge
LF,27840.0,2.798165238016079,9.3815,9.3921,26328.0,33314.0,Eptesicus serotinus,0.204,0.315,-1,Echolocation,192000.0,/mnt/ubna_data_06/recover-20251030/UBNA_027/20251025_124000.WAV,recover-20251030,UBNA_027,E18 Bridge
LF,22080.0,3.8228449944971192,298.9545,298.9784,21171.0,24092.0,Nyctalus leisleri,0.289,0.317,-1,Echolocation,192000.0,/mnt/ubna_data_06/recover-20251030/UBNA_027/20251025_132000.WAV,recover-20251030,UBNA_027,E18 Bridge
LF,22080.0,8.411534456757124,299.2665,299.29110000000003,21171.0,24562.0,Nyctalus leisleri,0.317,0.359,-1,Echolocation,192000.0,/mnt/ubna_data_06/recover-20251030/UBNA_027/20251025_132000.WAV,recover-20251030,UBNA_027,E18 Bridge
LF,20160.0,2.2668894053770745,179.0265,179.0416,16015.0,20320.0,Nyctalus noctula,0.186,0.305,-1,Echolocation,192000.0,/mnt/ubna_data_06/recover-20251030/UBNA_027/20251025_133000.WAV,recover-20251030,UBNA_027,E18 Bridge
HF,42240.0,8.0063801740516,292.3315,292.348,41796.0,44130.0,Pipistrellus pipistrellus,0.155,0.323,-1,Echolocation,192000.0,/mnt/ubna_data_06/recover-20251030/UBNA_027/20251025_134000.WAV,recover-20251030,UBNA_027,E18 Bridge
LF,27840.0,1.9175364423970953,128.2415,128.2468,26328.0,37338.0,Plecotus auritus,0.216,0.494,-1,Echolocation,192000.0,/mnt/ubna_data_06/recover-20251030/UBNA_027/20251025_144000.WAV,recover-20251030,UBNA_027,E18 Bridge
LF,20160.0,6.954179425743751,86.15950000000001,86.1637,19453.0,33066.0,Plecotus austriacus,0.238,0.354,-1,Echolocation,192000.0,/mnt/ubna_data_06/recover-20251030/UBNA_027/20251025_154000.WAV,recover-20251030,UBNA_027,E18 Bridge
LF,29760.0,3.051965489582742,6.6035,6.6134,28046.0,34213.0,Eptesicus serotinus,0.19,0.306,-1,Echolocation,192000.0,/mnt/ubna_data_06/recover-20251030/UBNA_027/20251025_160000.WAV,recover-20251030,UBNA_027,E18 Bridge
LF,24960.0,5.177593332471993,141.2585,141.2662,22890.0,31853.0,Plecotus austriacus,0.174,0.31,-1,Echolocation,192000.0,/mnt/ubna_data_06/recover-20251030/UBNA_027/20251025_163000.WAV,recover-20251030,UBNA_027,E18 Bridge
LF,24000.0,1.6676505343259984,48.450500000000005,48.4623,22890.0,28961.0,Nyctalus noctula,0.129,0.399,-1,Echolocation,192000.0,/mnt/ubna_data_06/recover-20251030/UBNA_027/20251025_170000.WAV,recover-20251030,UBNA_027,E18 Bridge
LF,24000.0,1.0962679310041303,95.1125,95.1254,23750.0,30012.0,Nyctalus leisleri,0.13,0.332,-1,Echolocation,192000.0,/mnt/ubna_data_06/recover-20251030/UBNA_027/20251025_171000.WAV,recover-20251030,UBNA_027,E18 Bridge
HF,42240.0,8.100876112427098,11.4585,11.4788,41796.0,43865.0,Pipistrellus pipistrellus,0.299,0.355,-1,Echolocation,192000.0,/mnt/ubna_data_06/recover-20251030/UBNA_027/20251025_183000.WAV,recover-20251030,UBNA_027,E18 Bridge
LF,22080.0,24.986678580984545,37.7915,37.8071,22031.0,24893.0,Nyctalus leisleri,0.506,0.523,-1,Echolocation,192000.0,/mnt/ubna_data_06/recover-20251030/UBNA_027/20251025_184000.WAV,recover-20251030,UBNA_027,E18 Bridge
LF,22080.0,28.494983627978627,38.1465,38.1613,22031.0,23615.0,Nyctalus leisleri,0.291,0.304,-1,Echolocation,192000.0,/mnt/ubna_data_06/recover-20251030/UBNA_027/20251025_184000.WAV,recover-20251030,UBNA_027,E18 Bridge
LF,20160.0,13.574916477562232,125.0735,125.0995,19453.0,21946.0,Nyctalus noctula,0.231,0.309,-1,Echolocation,192000.0,/mnt/ubna_data_06/recover-20251030/UBNA_027/20251025_184000.WAV,recover-20251030,UBNA_027,E18 Bridge
LF,22080.0,6.973292734002704,94.7645,94.7897,21171.0,24527.0,Nyctalus leisleri,0.255,0.313,-1,Echolocation,192000.0,/mnt/ubna_data_06/recover-20251030/UBNA_027/20251025_185000.WAV,recover-20251030,UBNA_027,E18 Bridge
LF,22080.0,-0.5520781168338854,278.1425,278.1597,22031.0,26341.0,Nyctalus leisleri,0.17,0.344,-1,Echolocation,192000.0,/mnt/ubna_data_06/recover-20251030/UBNA_027/20251025_185000.WAV,recover-20251030,UBNA_027,E18 Bridge
LF,24960.0,2.658857394932686,24.5145,24.535,23750.0,27039.0,Nyctalus leisleri,0.278,0.315,-1,Echolocation,192000.0,/mnt/ubna_data_06/recover-20251030/UBNA_027/20251025_192000.WAV,recover-20251030,UBNA_027,E18 Bridge
LF,26880.0,1.1703677527380316,31.6235,31.6341,25468.0,31174.0,Eptesicus serotinus,0.147,0.344,-1,Echolocation,192000.0,/mnt/ubna_data_06/recover-20251030/UBNA_027/20251025_195000.WAV,recover-20251030,UBNA_027,E18 Bridge
LF,25920.0,7.871166827216046,147.1695,147.1866,24609.0,28429.0,Nyctalus leisleri,0.268,0.388,-1,Echolocation,192000.0,/mnt/ubna_data_06/recover-20251030/UBNA_027/20251025_203000.WAV,recover-20251030,UBNA_027,E18 Bridge
LF,21120.0,10.94262527738489,178.3055,178.3252,20312.0,26152.0,Nyctalus noctula,0.197,0.304,-1,Echolocation,192000.0,/mnt/ubna_data_06/recover-20251030/UBNA_027/20251025_203000.WAV,recover-20251030,UBNA_027,E18 Bridge
LF,22080.0,4.7047398366011315,258.9785,258.9928,20312.0,25422.0,Nyctalus noctula,0.224,0.388,-1,Echolocation,192000.0,/mnt/ubna_data_06/recover-20251030/UBNA_027/20251025_203000.WAV,recover-20251030,UBNA_027,E18 Bridge
LF,21120.0,9.853333698337318,273.5395,273.5544,19453.0,24577.0,Nyctalus noctula,0.23,0.331,-1,Echolocation,192000.0,/mnt/ubna_data_06/recover-20251030/UBNA_027/20251025_203000.WAV,recover-20251030,UBNA_027,E18 Bridge
LF,18240.0,6.800711726805745,64.1425,64.1644,16015.0,20607.0,Nyctalus noctula,0.266,0.367,-1,Echolocation,192000.0,/mnt/ubna_data_06/recover-20251030/UBNA_027/20251025_204000.WAV,recover-20251030,UBNA_027,E18 Bridge
LF,20160.0,10.76881288248396,144.6515,144.6735,19453.0,21807.0,Nyctalus noctula,0.254,0.341,-1,Echolocation,192000.0,/mnt/ubna_data_06/recover-20251030/UBNA_027/20251025_210000.WAV,recover-20251030,UBNA_027,E18 Bridge
LF,20160.0,7.373585857292484,145.9175,145.9379,19453.0,22557.0,Nyctalus noctula,0.243,0.345,-1,Echolocation,192000.0,/mnt/ubna_data_06/recover-20251030/UBNA_027/20251025_210000.WAV,recover-20251030,UBNA_027,E18 Bridge
LF,21120.0,9.409513148882903,205.2985,205.323,20312.0,23177.0,Nyctalus noctula,0.175,0.304,-1,Echolocation,192000.0,/mnt/ubna_data_06/recover-20251030/UBNA_027/20251025_210000.WAV,recover-20251030,UBNA_027,E18 Bridge
HF,54720.0,7.618301239411673,53.5925,53.6055,52968.0,56423.0,Pipistrellus pygmaeus,0.287,0.317,-1,Echolocation,192000.0,/mnt/ubna_data_06/recover-20251030/UBNA_027/20251025_211000.WAV,recover-20251030,UBNA_027,E18 Bridge
LF,28800.0,2.6864906259328443,205.8665,205.8732,27187.0,37910.0,Eptesicus serotinus,0.188,0.346,-1,Echolocation,192000.0,/mnt/ubna_data_06/recover-20251030/UBNA_027/20251025_211000.WAV,recover-20251030,UBNA_027,E18 Bridge
LF,25920.0,0.9991562064903521,168.1575,168.1615,23750.0,38328.0,Plecotus austriacus,0.274,0.332,-1,Echolocation,192000.0,/mnt/ubna_data_06/recover-20251030/UBNA_027/20251025_213000.WAV,recover-20251030,UBNA_027,E18 Bridge
LF,30720.0,3.462892610985116,60.2935,60.304,28906.0,33721.0,Eptesicus serotinus,0.15,0.317,-1,Echolocation,192000.0,/mnt/ubna_data_06/recover-20251030/UBNA_027/20251025_215000.WAV,recover-20251030,UBNA_027,E18 Bridge
LF,23040.0,6.310105305411257,23.7025,23.7186,22031.0,25091.0,Nyctalus leisleri,0.297,0.34,-1,Echolocation,192000.0,/mnt/ubna_data_06/recover-20251030/UBNA_027/20251025_220000.WAV,recover-20251030,UBNA_027,E18 Bridge
LF,28800.0,4.883242502115475,198.6715,198.6758,28046.0,38505.0,Plecotus auritus,0.184,0.314,-1,Echolocation,192000.0,/mnt/ubna_data_06/recover-20251030/UBNA_027/20251025_225000.WAV,recover-20251030,UBNA_027,E18 Bridge
LF,23040.0,2.909419442596172,34.2715,34.289500000000004,22890.0,25550.0,Nyctalus leisleri,0.305,0.325,-1,Echolocation,192000.0,/mnt/ubna_data_06/recover-20251030/UBNA_027/20251025_230000.WAV,recover-20251030,UBNA_027,E18 Bridge
LF,23040.0,1.2906398386293192,164.3855,164.4015,22890.0,26761.0,Nyctalus leisleri,0.248,0.367,-1,Echolocation,192000.0,/mnt/ubna_data_06/recover-20251030/UBNA_027/20251025_230000.WAV,recover-20251030,UBNA_027,E18 Bridge
LF,23040.0,3.0732886826963663,168.6205,168.6332,22890.0,28014.0,Nyctalus leisleri,0.126,0.323,-1,Echolocation,192000.0,/mnt/ubna_data_06/recover-20251030/UBNA_027/20251025_230000.WAV,recover-20251030,UBNA_027,E18 Bridge
LF,24000.0,4.027624981386001,177.0315,177.0387,22890.0,33332.0,Plecotus austriacus,0.168,0.321,-1,Echolocation,192000.0,/mnt/ubna_data_06/recover-20251030/UBNA_027/20251025_230000.WAV,recover-20251030,UBNA_027,E18 Bridge
LF,23040.0,8.304875972607482,11.9715,11.991,22890.0,25625.0,Nyctalus leisleri,0.52,0.537,-1,Echolocation,192000.0,/mnt/ubna_data_06/recover-20251030/UBNA_027/20251025_231000.WAV,recover-20251030,UBNA_027,E18 Bridge
LF,20160.0,1.0548247160515656,164.2965,164.3019,16875.0,30266.0,Plecotus auritus,0.222,0.3,-1,Echolocation,192000.0,/mnt/ubna_data_06/recover-20251030/UBNA_027/20251025_235000.WAV,recover-20251030,UBNA_027,E18 Bridge
LF,24000.0,1.4818700309801225,102.0085,102.0119,24609.0,41330.0,Plecotus austriacus,0.23,0.319,-1,Echolocation,192000.0,/mnt/ubna_data_06/recover-20251030/UBNA_027/20251026_002000.WAV,recover-20251030,UBNA_027,E18 Bridge
LF,27840.0,2.333953143176241,82.7325,82.7456,28046.0,31880.0,Nyctalus leisleri,0.191,0.312,-1,Echolocation,192000.0,/mnt/ubna_data_06/recover-20251030/UBNA_027/20251026_004000.WAV,recover-20251030,UBNA_027,E18 Bridge
LF,24000.0,3.6695316853129722,107.7365,107.7421,23750.0,40406.0,Plecotus austriacus,0.199,0.365,-1,Echolocation,192000.0,/mnt/ubna_data_06/recover-20251030/UBNA_027/20251026_011000.WAV,recover-20251030,UBNA_027,E18 Bridge
LF,24000.0,7.227679899612671,123.0775,123.0822,22890.0,37198.0,Plecotus austriacus,0.31,0.376,-1,Echolocation,192000.0,/mnt/ubna_data_06/recover-20251030/UBNA_027/20251026_013000.WAV,recover-20251030,UBNA_027,E18 Bridge
LF,29760.0,9.666697017133215,166.05349999999999,166.0575,24609.0,43799.0,Plecotus austriacus,0.247,0.317,-1,Echolocation,192000.0,/mnt/ubna_data_06/recover-20251030/UBNA_027/20251026_014000.WAV,recover-20251030,UBNA_027,E18 Bridge
LF,31680.0,10.309691090176985,117.2195,117.2229,24609.0,47564.0,Plecotus austriacus,0.199,0.332,-1,Echolocation,192000.0,/mnt/ubna_data_06/recover-20251030/UBNA_027/20251026_015000.WAV,recover-20251030,UBNA_027,E18 Bridge
LF,24960.0,0.9425499722467285,10.8125,10.8244,22890.0,29453.0,Eptesicus serotinus,0.164,0.407,-1,Echolocation,192000.0,/mnt/ubna_data_06/recover-20251030/UBNA_027/20251026_020000.WAV,recover-20251030,UBNA_027,E18 Bridge
LF,28800.0,2.6355482194236086,195.4935,195.5033,26328.0,33091.0,Eptesicus serotinus,0.193,0.323,-1,Echolocation,192000.0,/mnt/ubna_data_06/recover-20251030/UBNA_027/20251026_020000.WAV,recover-20251030,UBNA_027,E18 Bridge
LF,29760.0,10.215174214852185,263.3015,263.3066,23750.0,39649.0,Plecotus austriacus,0.267,0.353,-1,Echolocation,192000.0,/mnt/ubna_data_06/recover-20251030/UBNA_027/20251026_021000.WAV,recover-20251030,UBNA_027,E18 Bridge
LF,28800.0,5.897468660381817,33.6575,33.6661,27187.0,34569.0,Eptesicus serotinus,0.182,0.335,-1,Echolocation,192000.0,/mnt/ubna_data_06/recover-20251030/UBNA_027/20251026_022000.WAV,recover-20251030,UBNA_027,E18 Bridge
LF,27840.0,0.8166667929282599,23.3765,23.3864,26328.0,31747.0,Eptesicus serotinus,0.167,0.323,-1,Echolocation,192000.0,/mnt/ubna_data_06/recover-20251030/UBNA_027/20251026_030000.WAV,recover-20251030,UBNA_027,E18 Bridge
LF,24960.0,3.19417070798435,35.783500000000004,35.7939,22890.0,30546.0,Nyctalus noctula,0.101,0.303,-1,Echolocation,192000.0,/mnt/ubna_data_06/recover-20251030/UBNA_027/20251026_031000.WAV,recover-20251030,UBNA_027,E18 Bridge
LF,24960.0,3.5544870665302293,213.8415,213.853,22890.0,29621.0,Eptesicus serotinus,0.11,0.304,-1,Echolocation,192000.0,/mnt/ubna_data_06/recover-20251030/UBNA_027/20251026_031000.WAV,recover-20251030,UBNA_027,E18 Bridge
LF,24960.0,2.2814102224034576,264.5295,264.5405,23750.0,29999.0,Eptesicus serotinus,0.214,0.435,-1,Echolocation,192000.0,/mnt/ubna_data_06/recover-20251030/UBNA_027/20251026_032000.WAV,recover-20251030,UBNA_027,E18 Bridge
LF,27840.0,2.6805315754917487,151.2065,151.2149,26328.0,34441.0,Eptesicus serotinus,0.182,0.312,-1,Echolocation,192000.0,/mnt/ubna_data_06/recover-20251030/UBNA_027/20251026_035000.WAV,recover-20251030,UBNA_027,E18 Bridge
LF,30720.0,2.756712310318967,119.9255,119.9405,29765.0,33592.0,Nyctalus leisleri,0.137,0.315,-1,Echolocation,192000.0,/mnt/ubna_data_06/recover-20251030/UBNA_027/20251026_040000.WAV,recover-20251030,UBNA_027,E18 Bridge
LF,24960.0,3.4995168613587877,215.6925,215.6987,22031.0,34982.0,Plecotus austriacus,0.253,0.306,-1,Echolocation,192000.0,/mnt/ubna_data_06/recover-20251030/UBNA_027/20251026_041000.WAV,recover-20251030,UBNA_027,E18 Bridge
LF,22080.0,0.47560891515293235,223.2705,223.2836,22890.0,27652.0,Nyctalus leisleri,0.154,0.372,-1,Echolocation,192000.0,/mnt/ubna_data_06/recover-20251030/UBNA_027/20251026_041000.WAV,recover-20251030,UBNA_027,E18 Bridge
LF,21120.0,7.782577288564204,200.9545,200.9589,17734.0,34297.0,Plecotus austriacus,0.179,0.311,-1,Echolocation,192000.0,/mnt/ubna_data_06/recover-20251030/UBNA_027/20251026_045000.WAV,recover-20251030,UBNA_027,E18 Bridge
LF,28800.0,1.4786469807471867,226.7375,226.7481,27187.0,35844.0,Eptesicus serotinus,0.271,0.382,-1,Echolocation,192000.0,/mnt/ubna_data_06/recover-20251030/UBNA_027/20251026_053000.WAV,recover-20251030,UBNA_027,E18 Bridge
HF,45120.0,2.7361972915610853,284.0325,284.0416,44375.0,49013.0,Pipistrellus pipistrellus,0.275,0.311,-1,Echolocation,192000.0,/mnt/ubna_data_06/recover-20251030/UBNA_027/20251026_054000.WAV,recover-20251030,UBNA_027,E18 Bridge
LF,29760.0,1.6422498505825298,72.9445,72.9547,28906.0,34865.0,Eptesicus serotinus,0.202,0.301,-1,Echolocation,192000.0,/mnt/ubna_data_06/recover-20251030/UBNA_027/20251026_055000.WAV,recover-20251030,UBNA_027,E18 Bridge
HF,46080.0,5.600126144041637,75.1935,75.2015,44375.0,49104.0,Pipistrellus pipistrellus,0.305,0.341,-1,Echolocation,192000.0,/mnt/ubna_data_06/recover-20251030/UBNA_027/20251026_055000.WAV,recover-20251030,UBNA_027,E18 Bridge
LF,29760.0,8.288158451224257,110.8935,110.9025,27187.0,36730.0,Eptesicus serotinus,0.183,0.303,-1,Echolocation,192000.0,/mnt/ubna_data_06/recover-20251030/UBNA_027/20251026_055000.WAV,recover-20251030,UBNA_027,E18 Bridge
HF,42240.0,10.938275072930303,206.7695,206.7898,41796.0,44748.0,Pipistrellus pipistrellus,0.226,0.307,-1,Echolocation,192000.0,/mnt/ubna_data_06/recover-20251030/UBNA_027/20251026_061000.WAV,recover-20251030,UBNA_027,E18 Bridge
LF,29760.0,2.488619849242957,262.3315,262.3422,28046.0,32934.0,Eptesicus serotinus,0.18,0.332,-1,Echolocation,192000.0,/mnt/ubna_data_06/recover-20251030/UBNA_027/20251026_062000.WAV,recover-20251030,UBNA_027,E18 Bridge
LF,22080.0,0.23451361097104795,209.2755,209.2932,22890.0,26736.0,Nyctalus leisleri,0.202,0.346,-1,Echolocation,192000.0,/mnt/ubna_data_06/recover-20251030/UBNA_027/20251026_063000.WAV,recover-20251030,UBNA_027,E18 Bridge
LF,24960.0,2.6687065153991583,236.5665,236.5777,24609.0,30592.0,Eptesicus serotinus,0.135,0.335,-1,Echolocation,192000.0,/mnt/ubna_data_06/recover-20251030/UBNA_027/20251026_070000.WAV,recover-20251030,UBNA_027,E18 Bridge
LF,29760.0,-0.23765345493458861,257.1525,257.1612,28906.0,37828.0,Eptesicus serotinus,0.247,0.313,-1,Echolocation,192000.0,/mnt/ubna_data_06/recover-20251030/UBNA_027/20251026_070000.WAV,recover-20251030,UBNA_027,E18 Bridge
LF,30720.0,2.850657928541054,233.2315,233.2365,31484.0,45033.0,Eptesicus serotinus,0.132,0.302,-1,Echolocation,192000.0,/mnt/ubna_data_06/recover-20251030/UBNA_027/20251026_073000.WAV,recover-20251030,UBNA_027,E18 Bridge
LF,20160.0,1.8443331421175835,295.1115,295.1343,20312.0,23956.0,Nyctalus noctula,0.22,0.324,-1,Echolocation,192000.0,/mnt/ubna_data_06/recover-20251030/UBNA_027/20251026_074000.WAV,recover-20251030,UBNA_027,E18 Bridge
LF,29760.0,3.1185194740663587,114.0495,114.0637,28906.0,32680.0,Nyctalus leisleri,0.171,0.329,-1,Echolocation,192000.0,/mnt/ubna_data_06/recover-20251030/UBNA_027/20251026_091000.WAV,recover-20251030,UBNA_027,E18 Bridge
LF,29760.0,2.329636198662936,234.8255,234.8338,28046.0,36225.0,Eptesicus serotinus,0.225,0.326,-1,Echolocation,192000.0,/mnt/ubna_data_06/recover-20251030/UBNA_027/20251026_093000.WAV,recover-20251030,UBNA_027,E18 Bridge
LF,25920.0,0.3412412066977593,113.6905,113.6956,26328.0,41141.0,Plecotus auritus,0.19,0.304,-1,Echolocation,192000.0,/mnt/ubna_data_06/recover-20251030/UBNA_027/20251026_095000.WAV,recover-20251030,UBNA_027,E18 Bridge
LF,28800.0,3.0570339531367443,65.1695,65.1809,27187.0,32950.0,Eptesicus serotinus,0.187,0.358,-1,Echolocation,192000.0,/mnt/ubna_data_06/recover-20251030/UBNA_027/20251026_100000.WAV,recover-20251030,UBNA_027,E18 Bridge
HF,42240.0,5.220637491986919,32.8935,32.9128,41796.0,44138.0,Pipistrellus pipistrellus,0.201,0.334,-1,Echolocation,192000.0,/mnt/ubna_data_06/recover-20251030/UBNA_027/20251026_102000.WAV,recover-20251030,UBNA_027,E18 Bridge
LF,27840.0,2.580935760749521,287.5695,287.5794,27187.0,37193.0,Eptesicus serotinus,0.246,0.316,-1,Echolocation,192000.0,/mnt/ubna_data_06/recover-20251030/UBNA_027/20251026_103000.WAV,recover-20251030,UBNA_027,E18 Bridge
LF,28800.0,2.4691965409738477,73.8095,73.8185,26328.0,32667.0,Eptesicus serotinus,0.188,0.335,-1,Echolocation,192000.0,/mnt/ubna_data_06/recover-20251030/UBNA_027/20251026_104000.WAV,recover-20251030,UBNA_027,E18 Bridge
LF,29760.0,1.8945135278580971,3.7855,3.794,28046.0,36577.0,Eptesicus serotinus,0.253,0.338,-1,Echolocation,192000.0,/mnt/ubna_data_06/recover-20251030/UBNA_027/20251026_111000.WAV,recover-20251030,UBNA_027,E18 Bridge
LF,28800.0,1.9741546827152794,137.2115,137.22050000000002,27187.0,34082.0,Eptesicus serotinus,0.191,0.315,-1,Echolocation,192000.0,/mnt/ubna_data_06/recover-20251030/UBNA_027/20251026_112000.WAV,recover-20251030,UBNA_027,E18 Bridge
LF,27840.0,2.4534281783082523,138.2355,138.2455,26328.0,32244.0,Eptesicus serotinus,0.192,0.309,-1,Echolocation,192000.0,/mnt/ubna_data_06/recover-20251030/UBNA_027/20251026_112000.WAV,recover-20251030,UBNA_027,E18 Bridge
LF,20160.0,3.8492938813320636,129.1945,129.2096,19453.0,25136.0,Nyctalus noctula,0.206,0.306,-1,Echolocation,192000.0,/mnt/ubna_data_06/recover-20251030/UBNA_027/20251026_113000.WAV,recover-20251030,UBNA_027,E18 Bridge
LF,28800.0,2.575203564676487,206.6735,206.6821,26328.0,33695.0,Eptesicus serotinus,0.219,0.334,-1,Echolocation,192000.0,/mnt/ubna_data_06/recover-20251030/UBNA_027/20251026_113000.WAV,recover-20251030,UBNA_027,E18 Bridge
LF,28800.0,3.0257052153834563,108.1135,108.1233,27187.0,32402.0,Eptesicus serotinus,0.199,0.371,-1,Echolocation,192000.0,/mnt/ubna_data_06/recover-20251030/UBNA_027/20251026_114000.WAV,recover-20251030,UBNA_027,E18 Bridge
LF,26880.0,3.3311899618762073,298.4075,298.4181,25468.0,31251.0,Eptesicus serotinus,0.163,0.3,-1,Echolocation,192000.0,/mnt/ubna_data_06/recover-20251030/UBNA_027/20251026_115000.WAV,recover-20251030,UBNA_027,E18 Bridge
LF,20160.0,3.2528687895726707,25.5985,25.6047,17734.0,30304.0,Plecotus austriacus,0.152,0.306,-1,Echolocation,192000.0,/mnt/ubna_data_06/recover-20251030/UBNA_027/20251026_121000.WAV,recover-20251030,UBNA_027,E18 Bridge
LF,27840.0,2.6271676058258957,27.9845,27.9946,26328.0,31781.0,Eptesicus serotinus,0.187,0.329,-1,Echolocation,192000.0,/mnt/ubna_data_06/recover-20251030/UBNA_027/20251026_121000.WAV,recover-20251030,UBNA_027,E18 Bridge
LF,27840.0,3.4525600676970503,149.5845,149.595,27187.0,32303.0,Eptesicus serotinus,0.161,0.322,-1,Echolocation,192000.0,/mnt/ubna_data_06/recover-20251030/UBNA_027/20251026_121000.WAV,recover-20251030,UBNA_027,E18 Bridge
LF,27840.0,3.3641788230517617,164.9445,164.9545,27187.0,33165.0,Eptesicus serotinus,0.209,0.31,-1,Echolocation,192000.0,/mnt/ubna_data_06/recover-20251030/UBNA_027/20251026_121000.WAV,recover-20251030,UBNA_027,E18 Bridge
LF,21120.0,6.624756185018512,0.0855,0.0891,19453.0,33689.0,Plecotus austriacus,0.246,0.437,-1,Echolocation,192000.0,/mnt/ubna_data_06/recover-20251030/UBNA_027/20251026_123000.WAV,recover-20251030,UBNA_027,E18 Bridge
LF,27840.0,2.2142429840989255,0.3375,0.3456,24609.0,32809.0,Eptesicus serotinus,0.151,0.363,-1,Echolocation,192000.0,/mnt/ubna_data_06/recover-20251030/UBNA_027/20251026_123000.WAV,recover-20251030,UBNA_027,E18 Bridge
LF,27840.0,2.1923544935789394,288.8495,288.8587,26328.0,33843.0,Eptesicus serotinus,0.153,0.324,-1,Echolocation,192000.0,/mnt/ubna_data_06/recover-20251030/UBNA_027/20251026_123000.WAV,recover-20251030,UBNA_027,E18 Bridge
LF,27840.0,3.864741900920752,1.7025,1.7117,26328.0,33466.0,Eptesicus serotinus,0.174,0.328,-1,Echolocation,192000.0,/mnt/ubna_data_06/recover-20251030/UBNA_027/20251026_130000.WAV,recover-20251030,UBNA_027,E18 Bridge
LF,27840.0,2.617662578248284,199.7625,199.7739,26328.0,30898.0,Nyctalus leisleri,0.201,0.36,-1,Echolocation,192000.0,/mnt/ubna_data_06/recover-20251030/UBNA_027/20251026_142000.WAV,recover-20251030,UBNA_027,E18 Bridge
LF,28800.0,2.5150774354545913,289.02049999999997,289.0302,26328.0,33971.0,Eptesicus serotinus,0.225,0.341,-1,Echolocation,192000.0,/mnt/ubna_data_06/recover-20251030/UBNA_027/20251026_144000.WAV,recover-20251030,UBNA_027,E18 Bridge
LF,28800.0,1.4800863777069386,21.1035,21.1124,27187.0,34639.0,Eptesicus serotinus,0.207,0.326,-1,Echolocation,192000.0,/mnt/ubna_data_06/recover-20251030/UBNA_027/20251026_150000.WAV,recover-20251030,UBNA_027,E18 Bridge
LF,24000.0,2.9004784864478976,290.2075,290.2137,24609.0,35776.0,Plecotus auritus,0.105,0.314,-1,Echolocation,192000.0,/mnt/ubna_data_06/recover-20251030/UBNA_027/20251026_154000.WAV,recover-20251030,UBNA_027,E18 Bridge
LF,24000.0,3.3861456668885093,198.0545,198.0586,23750.0,38177.0,Plecotus austriacus,0.266,0.31,-1,Echolocation,192000.0,/mnt/ubna_data_06/recover-20251030/UBNA_027/20251026_155000.WAV,recover-20251030,UBNA_027,E18 Bridge
LF,29760.0,3.5671478505415646,202.9645,202.9694,27187.0,37814.0,Plecotus auritus,0.105,0.305,-1,Echolocation,192000.0,/mnt/ubna_data_06/recover-20251030/UBNA_027/20251026_163000.WAV,recover-20251030,UBNA_027,E18 Bridge
LF,24960.0,-6.340262991605046,28.8465,28.8588,23750.0,28818.0,Nyctalus leisleri,0.141,0.304,-1,Echolocation,192000.0,/mnt/ubna_data_06/recover-20251030/UBNA_027/20251026_165000.WAV,recover-20251030,UBNA_027,E18 Bridge
LF,24960.0,4.924980577181886,125.5745,125.5806,22890.0,36394.0,Plecotus austriacus,0.234,0.323,-1,Echolocation,192000.0,/mnt/ubna_data_06/recover-20251030/UBNA_027/20251026_170000.WAV,recover-20251030,UBNA_027,E18 Bridge
HF,43200.0,3.610041896100964,63.591499999999996,63.595,27187.0,55136.0,Myotis nattereri,0.256,0.338,-1,Echolocation,192000.0,/mnt/ubna_data_06/recover-20251030/UBNA_027/20251026_171000.WAV,recover-20251030,UBNA_027,E18 Bridge
HF,47040.0,4.249653938235682,88.0035,88.0094,46093.0,51358.0,Pipistrellus pipistrellus,0.348,0.367,-1,Echolocation,192000.0,/mnt/ubna_data_06/recover-20251030/UBNA_027/20251026_172000.WAV,recover-20251030,UBNA_027,E18 Bridge
LF,25920.0,1.968694403128611,285.7715,285.7811,24609.0,30970.0,Eptesicus serotinus,0.129,0.307,-1,Echolocation,192000.0,/mnt/ubna_data_06/recover-20251030/UBNA_027/20251026_173000.WAV,recover-20251030,UBNA_027,E18 Bridge
LF,30720.0,-0.2991267808823617,24.8365,24.8506,29765.0,34193.0,Nyctalus leisleri,0.112,0.31,-1,Echolocation,192000.0,/mnt/ubna_data_06/recover-20251030/UBNA_027/20251026_174000.WAV,recover-20251030,UBNA_027,E18 Bridge
LF,30720.0,1.9758857292296832,112.1515,112.1621,28906.0,34001.0,Nyctalus leisleri,0.141,0.302,-1,Echolocation,192000.0,/mnt/ubna_data_06/recover-20251030/UBNA_027/20251026_174000.WAV,recover-20251030,UBNA_027,E18 Bridge
LF,24960.0,8.602829969738004,74.1755,74.1897,23750.0,28449.0,Nyctalus leisleri,0.286,0.443,-1,Echolocation,192000.0,/mnt/ubna_data_06/recover-20251030/UBNA_027/20251026_175000.WAV,recover-20251030,UBNA_027,E18 Bridge
LF,25920.0,7.175573866238122,77.6455,77.65729999999999,24609.0,29532.0,Nyctalus leisleri,0.176,0.307,-1,Echolocation,192000.0,/mnt/ubna_data_06/recover-20251030/UBNA_027/20251026_175000.WAV,recover-20251030,UBNA_027,E18 Bridge
LF,23040.0,2.3324209034094783,289.1995,289.2036,24609.0,41318.0,Plecotus austriacus,0.233,0.329,-1,Echolocation,192000.0,/mnt/ubna_data_06/recover-20251030/UBNA_027/20251026_180000.WAV,recover-20251030,UBNA_027,E18 Bridge
LF,19200.0,3.879320353026059,141.6755,141.6954,18593.0,22528.0,Nyctalus noctula,0.312,0.423,-1,Echolocation,192000.0,/mnt/ubna_data_06/recover-20251030/UBNA_027/20251026_182000.WAV,recover-20251030,UBNA_027,E18 Bridge
LF,26880.0,3.5519631970102976,224.0035,224.0075,24609.0,38826.0,Plecotus austriacus,0.261,0.32,-1,Echolocation,192000.0,/mnt/ubna_data_06/recover-20251030/UBNA_027/20251026_182000.WAV,recover-20251030,UBNA_027,E18 Bridge
LF,28800.0,2.240923734500079,19.1515,19.1613,27187.0,34646.0,Eptesicus serotinus,0.22,0.329,-1,Echolocation,192000.0,/mnt/ubna_data_06/recover-20251030/UBNA_027/20251026_184000.WAV,recover-20251030,UBNA_027,E18 Bridge
LF,24000.0,2.673703607361854,59.305499999999995,59.316900000000004,23750.0,29513.0,Eptesicus serotinus,0.14,0.314,-1,Echolocation,192000.0,/mnt/ubna_data_06/recover-20251030/UBNA_027/20251026_195000.WAV,recover-20251030,UBNA_027,E18 Bridge
LF,24960.0,3.594251038635412,62.1405,62.1508,22890.0,30512.0,Nyctalus leisleri,0.091,0.321,-1,Echolocation,192000.0,/mnt/ubna_data_06/recover-20251030/UBNA_027/20251026_195000.WAV,recover-20251030,UBNA_027,E18 Bridge
LF,25920.0,1.8556302750391667,75.8105,75.8226,24609.0,29892.0,Nyctalus leisleri,0.13,0.318,-1,Echolocation,192000.0,/mnt/ubna_data_06/recover-20251030/UBNA_027/20251026_200000.WAV,recover-20251030,UBNA_027,E18 Bridge
LF,21120.0,4.693617417910928,93.4725,93.4785,16015.0,28156.0,Plecotus auritus,0.25,0.311,-1,Echolocation,192000.0,/mnt/ubna_data_06/recover-20251030/UBNA_027/20251026_200000.WAV,recover-20251030,UBNA_027,E18 Bridge
LF,22080.0,4.902811806137447,162.8175,162.841,21171.0,26064.0,Nyctalus noctula,0.238,0.343,-1,Echolocation,192000.0,/mnt/ubna_data_06/recover-20251030/UBNA_027/20251026_203000.WAV,recover-20251030,UBNA_027,E18 Bridge
LF,28800.0,7.569806047866338,209.0135,209.0174,22890.0,43470.0,Plecotus austriacus,0.343,0.435,-1,Echolocation,192000.0,/mnt/ubna_data_06/recover-20251030/UBNA_027/20251026_204000.WAV,recover-20251030,UBNA_027,E18 Bridge
HF,42240.0,8.894221495741792,42.6265,42.6407,41796.0,45403.0,Pipistrellus pipistrellus,0.313,0.461,-1,Echolocation,192000.0,/mnt/ubna_data_06/recover-20251030/UBNA_027/20251026_214000.WAV,recover-20251030,UBNA_027,E18 Bridge
LF,27840.0,0.1402766107767672,39.7055,39.7148,26328.0,33729.0,Eptesicus serotinus,0.177,0.325,-1,Echolocation,192000.0,/mnt/ubna_data_06/recover-20251030/UBNA_027/20251026_222000.WAV,recover-20251030,UBNA_027,E18 Bridge
LF,20160.0,1.0621402834361058,114.92150000000001,114.9452,20312.0,24177.0,Nyctalus noctula,0.203,0.309,-1,Echolocation,192000.0,/mnt/ubna_data_06/recover-20251030/UBNA_027/20251026_225000.WAV,recover-20251030,UBNA_027,E18 Bridge
LF,24960.0,8.301951511692126,119.4175,119.4228,21171.0,35744.0,Plecotus austriacus,0.285,0.346,-1,Echolocation,192000.0,/mnt/ubna_data_06/recover-20251030/UBNA_027/20251027_000000.WAV,recover-20251030,UBNA_027,E18 Bridge
LF,28800.0,3.566393842983637,1.3615,1.3711,25468.0,31317.0,Eptesicus serotinus,0.192,0.314,-1,Echolocation,192000.0,/mnt/ubna_data_06/recover-20251030/UBNA_027/20251027_001000.WAV,recover-20251030,UBNA_027,E18 Bridge
LF,24960.0,1.3515284866998065,37.8345,37.8449,24609.0,31734.0,Eptesicus serotinus,0.139,0.346,-1,Echolocation,192000.0,/mnt/ubna_data_06/recover-20251030/UBNA_027/20251027_004000.WAV,recover-20251030,UBNA_027,E18 Bridge
LF,27840.0,2.4457964685113884,41.210499999999996,41.2197,26328.0,33122.0,Eptesicus serotinus,0.214,0.332,-1,Echolocation,192000.0,/mnt/ubna_data_06/recover-20251030/UBNA_027/20251027_010000.WAV,recover-20251030,UBNA_027,E18 Bridge
LF,27840.0,2.060412024113533,10.5775,10.5865,25468.0,32747.0,Eptesicus serotinus,0.165,0.342,-1,Echolocation,192000.0,/mnt/ubna_data_06/recover-20251030/UBNA_027/20251027_011000.WAV,recover-20251030,UBNA_027,E18 Bridge
LF,27840.0,1.729867253750223,86.86449999999999,86.8738,26328.0,32237.0,Eptesicus serotinus,0.18,0.329,-1,Echolocation,192000.0,/mnt/ubna_data_06/recover-20251030/UBNA_027/20251027_012000.WAV,recover-20251030,UBNA_027,E18 Bridge
LF,27840.0,1.9754400927933888,227.0675,227.0768,27187.0,33675.0,Eptesicus serotinus,0.239,0.333,-1,Echolocation,192000.0,/mnt/ubna_data_06/recover-20251030/UBNA_027/20251027_012000.WAV,recover-20251030,UBNA_027,E18 Bridge
HF,48000.0,3.2024194665678807,78.7245,78.7302,46953.0,55988.0,Pipistrellus pipistrellus,0.289,0.311,-1,Echolocation,192000.0,/mnt/ubna_data_06/recover-20251030/UBNA_027/20251027_020000.WAV,recover-20251030,UBNA_027,E18 Bridge
HF,53760.0,4.42687834362042,79.7525,79.7569,48671.0,63014.0,Pipistrellus pipistrellus,0.291,0.339,-1,Echolocation,192000.0,/mnt/ubna_data_06/recover-20251030/UBNA_027/20251027_020000.WAV,recover-20251030,UBNA_027,E18 Bridge
HF,54720.0,5.3795244007672105,80.08449999999999,80.0891,46953.0,64417.0,Myotis alcathoe,0.165,0.345,-1,Echolocation,192000.0,/mnt/ubna_data_06/recover-20251030/UBNA_027/20251027_020000.WAV,recover-20251030,UBNA_027,E18 Bridge
HF,53760.0,5.619689010473085,80.2495,80.2535,44375.0,66610.0,Myotis alcathoe,0.2,0.403,-1,Echolocation,192000.0,/mnt/ubna_data_06/recover-20251030/UBNA_027/20251027_020000.WAV,recover-20251030,UBNA_027,E18 Bridge
HF,48000.0,4.112151959776965,80.3365,80.3406,44375.0,66117.0,Myotis alcathoe,0.145,0.344,-1,Echolocation,192000.0,/mnt/ubna_data_06/recover-20251030/UBNA_027/20251027_020000.WAV,recover-20251030,UBNA_027,E18 Bridge
HF,51840.0,8.585255121762984,80.4225,80.4263,44375.0,64439.0,Myotis mystacinus,0.136,0.354,-1,Echolocation,192000.0,/mnt/ubna_data_06/recover-20251030/UBNA_027/20251027_020000.WAV,recover-20251030,UBNA_027,E18 Bridge
HF,48960.0,5.377314007979131,80.5005,80.50489999999999,44375.0,60074.0,Pipistrellus pipistrellus,0.186,0.431,-1,Echolocation,192000.0,/mnt/ubna_data_06/recover-20251030/UBNA_027/20251027_020000.WAV,recover-20251030,UBNA_027,E18 Bridge
HF,49920.0,14.372476384076627,80.6745,80.6784,43515.0,69204.0,Myotis alcathoe,0.199,0.354,-1,Echolocation,192000.0,/mnt/ubna_data_06/recover-20251030/UBNA_027/20251027_020000.WAV,recover-20251030,UBNA_027,E18 Bridge
HF,48960.0,12.132976287246567,80.7565,80.76089999999999,40937.0,69822.0,Myotis alcathoe,0.236,0.362,-1,Echolocation,192000.0,/mnt/ubna_data_06/recover-20251030/UBNA_027/20251027_020000.WAV,recover-20251030,UBNA_027,E18 Bridge
HF,48000.0,12.240530892900964,80.8315,80.8356,40937.0,68056.0,Myotis alcathoe,0.209,0.334,-1,Echolocation,192000.0,/mnt/ubna_data_06/recover-20251030/UBNA_027/20251027_020000.WAV,recover-20251030,UBNA_027,E18 Bridge
HF,49920.0,12.214468842568639,80.89750000000001,80.9019,40937.0,73594.0,Myotis alcathoe,0.249,0.376,-1,Echolocation,192000.0,/mnt/ubna_data_06/recover-20251030/UBNA_027/20251027_020000.WAV,recover-20251030,UBNA_027,E18 Bridge
HF,49920.0,12.432206172965042,80.95949999999999,80.9637,42656.0,73016.0,Myotis alcathoe,0.221,0.374,-1,Echolocation,192000.0,/mnt/ubna_data_06/recover-20251030/UBNA_027/20251027_020000.WAV,recover-20251030,UBNA_027,E18 Bridge
HF,51840.0,10.085482261312679,81.0715,81.0758,40937.0,70598.0,Myotis alcathoe,0.198,0.352,-1,Echolocation,192000.0,/mnt/ubna_data_06/recover-20251030/UBNA_027/20251027_020000.WAV,recover-20251030,UBNA_027,E18 Bridge
HF,49920.0,5.639955520345746,81.1885,81.1923,45234.0,67169.0,Myotis mystacinus,0.195,0.3,-1,Echolocation,192000.0,/mnt/ubna_data_06/recover-20251030/UBNA_027/20251027_020000.WAV,recover-20251030,UBNA_027,E18 Bridge
HF,52800.0,12.326913369280133,82.1055,82.11019999999999,49531.0,62658.0,Pipistrellus pipistrellus,0.622,0.633,-1,Echolocation,192000.0,/mnt/ubna_data_06/recover-20251030/UBNA_027/20251027_020000.WAV,recover-20251030,UBNA_027,E18 Bridge
HF,51840.0,7.763136834951695,82.1875,82.1923,51250.0,60526.0,Pipistrellus pipistrellus,0.485,0.504,-1,Echolocation,192000.0,/mnt/ubna_data_06/recover-20251030/UBNA_027/20251027_020000.WAV,recover-20251030,UBNA_027,E18 Bridge
HF,51840.0,19.374332070100696,82.2715,82.2757,50390.0,64909.0,Pipistrellus pipistrellus,0.527,0.543,-1,Echolocation,192000.0,/mnt/ubna_data_06/recover-20251030/UBNA_027/20251027_020000.WAV,recover-20251030,UBNA_027,E18 Bridge
HF,52800.0,15.269220010204066,82.35849999999999,82.3627,47812.0,62938.0,Pipistrellus pipistrellus,0.476,0.51,-1,Echolocation,192000.0,/mnt/ubna_data_06/recover-20251030/UBNA_027/20251027_020000.WAV,recover-20251030,UBNA_027,E18 Bridge
HF,55680.0,21.74928807296854,82.4445,82.44839999999999,47812.0,65011.0,Pipistrellus pipistrellus,0.559,0.578,-1,Echolocation,192000.0,/mnt/ubna_data_06/recover-20251030/UBNA_027/20251027_020000.WAV,recover-20251030,UBNA_027,E18 Bridge
HF,57600.0,16.32880037748403,82.5295,82.53450000000001,46093.0,66770.0,Pipistrellus pipistrellus,0.473,0.529,-1,Echolocation,192000.0,/mnt/ubna_data_06/recover-20251030/UBNA_027/20251027_020000.WAV,recover-20251030,UBNA_027,E18 Bridge
HF,51840.0,21.740639523425244,82.6065,82.61189999999999,46093.0,68041.0,Pipistrellus pipistrellus,0.6,0.693,-1,Echolocation,192000.0,/mnt/ubna_data_06/recover-20251030/UBNA_027/20251027_020000.WAV,recover-20251030,UBNA_027,E18 Bridge
HF,50880.0,22.990300314052995,82.6885,82.6931,46953.0,68898.0,Pipistrellus pipistrellus,0.576,0.604,-1,Echolocation,192000.0,/mnt/ubna_data_06/recover-20251030/UBNA_027/20251027_020000.WAV,recover-20251030,UBNA_027,E18 Bridge
HF,52800.0,21.537797514670565,82.7625,82.7666,47812.0,64939.0,Pipistrellus pipistrellus,0.427,0.451,-1,Echolocation,192000.0,/mnt/ubna_data_06/recover-20251030/UBNA_027/20251027_020000.WAV,recover-20251030,UBNA_027,E18 Bridge
HF,51840.0,25.695921075681323,82.8425,82.84700000000001,46953.0,67673.0,Pipistrellus pipistrellus,0.311,0.321,-1,Echolocation,192000.0,/mnt/ubna_data_06/recover-20251030/UBNA_027/20251027_020000.WAV,recover-20251030,UBNA_027,E18 Bridge
HF,51840.0,24.485956418829527,82.9265,82.9306,48671.0,66128.0,Pipistrellus pipistrellus,0.504,0.53,-1,Echolocation,192000.0,/mnt/ubna_data_06/recover-20251030/UBNA_027/20251027_020000.WAV,recover-20251030,UBNA_027,E18 Bridge
HF,52800.0,28.836541947103527,83.0115,83.0159,46953.0,68539.0,Pipistrellus pipistrellus,0.397,0.422,-1,Echolocation,192000.0,/mnt/ubna_data_06/recover-20251030/UBNA_027/20251027_020000.WAV,recover-20251030,UBNA_027,E18 Bridge
HF,52800.0,21.758955276662864,83.0995,83.1034,49531.0,66479.0,Pipistrellus pipistrellus,0.546,0.558,-1,Echolocation,192000.0,/mnt/ubna_data_06/recover-20251030/UBNA_027/20251027_020000.WAV,recover-20251030,UBNA_027,E18 Bridge
HF,52800.0,33.35457737170833,83.1845,83.189,47812.0,69986.0,Pipistrellus pipistrellus,0.559,0.574,-1,Echolocation,192000.0,/mnt/ubna_data_06/recover-20251030/UBNA_027/20251027_020000.WAV,recover-20251030,UBNA_027,E18 Bridge
HF,52800.0,24.560586082998654,83.2695,83.2735,48671.0,67205.0,Pipistrellus pipistrellus,0.58,0.605,-1,Echolocation,192000.0,/mnt/ubna_data_06/recover-20251030/UBNA_027/20251027_020000.WAV,recover-20251030,UBNA_027,E18 Bridge
HF,53760.0,32.3884297764686,83.3535,83.3582,48671.0,70681.0,Pipistrellus pipistrellus,0.541,0.567,-1,Echolocation,192000.0,/mnt/ubna_data_06/recover-20251030/UBNA_027/20251027_020000.WAV,recover-20251030,UBNA_027,E18 Bridge
HF,53760.0,30.290257331148656,83.4375,83.4418,49531.0,65817.0,Pipistrellus pipistrellus,0.401,0.42,-1,Echolocation,192000.0,/mnt/ubna_data_06/recover-20251030/UBNA_027/20251027_020000.WAV,recover-20251030,UBNA_027,E18 Bridge
HF,53760.0,30.79752429500403,83.5195,83.5245,46093.0,68134.0,Pipistrellus pipistrellus,0.458,0.482,-1,Echolocation,192000.0,/mnt/ubna_data_06/recover-20251030/UBNA_027/20251027_020000.WAV,recover-20251030,UBNA_027,E18 Bridge
HF,53760.0,28.298386756850565,83.6095,83.61580000000001,50390.0,67038.0,Pipistrellus pipistrellus,0.443,0.485,-1,Echolocation,192000.0,/mnt/ubna_data_06/recover-20251030/UBNA_027/20251027_020000.WAV,recover-20251030,UBNA_027,E18 Bridge
HF,51840.0,23.200690809466646,83.6965,83.7008,48671.0,70397.0,Pipistrellus pipistrellus,0.377,0.406,-1,Echolocation,192000.0,/mnt/ubna_data_06/recover-20251030/UBNA_027/20251027_020000.WAV,recover-20251030,UBNA_027,E18 Bridge
HF,48960.0,23.75227126825871,83.7825,83.7872,48671.0,67454.0,Pipistrellus pipistrellus,0.52,0.542,-1,Echolocation,192000.0,/mnt/ubna_data_06/recover-20251030/UBNA_027/20251027_020000.WAV,recover-20251030,UBNA_027,E18 Bridge
HF,48960.0,31.65321056057436,83.8695,83.8768,43515.0,69463.0,Pipistrellus pipistrellus,0.486,0.574,-1,Echolocation,192000.0,/mnt/ubna_data_06/recover-20251030/UBNA_027/20251027_020000.WAV,recover-20251030,UBNA_027,E18 Bridge
HF,50880.0,22.15489602842274,83.9475,83.9546,46093.0,68332.0,Pipistrellus pipistrellus,0.316,0.386,-1,Echolocation,192000.0,/mnt/ubna_data_06/recover-20251030/UBNA_027/20251027_020000.WAV,recover-20251030,UBNA_027,E18 Bridge
HF,49920.0,29.667867883961605,84.0395,84.0447,46093.0,73522.0,Pipistrellus pipistrellus,0.49,0.586,-1,Echolocation,192000.0,/mnt/ubna_data_06/recover-20251030/UBNA_027/20251027_020000.WAV,recover-20251030,UBNA_027,E18 Bridge
HF,48960.0,25.045865595659656,84.1285,84.1348,37500.0,82723.0,Myotis alcathoe,0.108,0.38,-1,Echolocation,192000.0,/mnt/ubna_data_06/recover-20251030/UBNA_027/20251027_020000.WAV,recover-20251030,UBNA_027,E18 Bridge
HF,55680.0,33.8447932035381,84.2135,84.2195,48671.0,69155.0,Pipistrellus pipistrellus,0.317,0.347,-1,Echolocation,192000.0,/mnt/ubna_data_06/recover-20251030/UBNA_027/20251027_020000.WAV,recover-20251030,UBNA_027,E18 Bridge
HF,51840.0,29.20945952863231,84.2165,84.2219,41796.0,85153.0,Myotis alcathoe,0.126,0.315,-1,Echolocation,192000.0,/mnt/ubna_data_06/recover-20251030/UBNA_027/20251027_020000.WAV,recover-20251030,UBNA_027,E18 Bridge
HF,48000.0,27.460272688450786,84.3015,84.3074,41796.0,77821.0,Pipistrellus pipistrellus,0.169,0.454,-1,Echolocation,192000.0,/mnt/ubna_data_06/recover-20251030/UBNA_027/20251027_020000.WAV,recover-20251030,UBNA_027,E18 Bridge
HF,51840.0,27.63507468169074,84.3905,84.3949,48671.0,64147.0,Pipistrellus pipistrellus,0.423,0.467,-1,Echolocation,192000.0,/mnt/ubna_data_06/recover-20251030/UBNA_027/20251027_020000.WAV,recover-20251030,UBNA_027,E18 Bridge
HF,51840.0,25.417425882109104,84.3925,84.39789999999999,42656.0,73154.0,Pipistrellus pipistrellus,0.121,0.325,-1,Echolocation,192000.0,/mnt/ubna_data_06/recover-20251030/UBNA_027/20251027_020000.WAV,recover-20251030,UBNA_027,E18 Bridge
HF,51840.0,28.1755991958175,84.51650000000001,84.5223,42656.0,80416.0,Pipistrellus pipistrellus,0.119,0.397,-1,Echolocation,192000.0,/mnt/ubna_data_06/recover-20251030/UBNA_027/20251027_020000.WAV,recover-20251030,UBNA_027,E18 Bridge
HF,48000.0,11.592870061266382,84.6005,84.6069,46953.0,65402.0,Pipistrellus pipistrellus,0.484,0.517,-1,Echolocation,192000.0,/mnt/ubna_data_06/recover-20251030/UBNA_027/20251027_020000.WAV,recover-20251030,UBNA_027,E18 Bridge
HF,48000.0,30.37358428768858,84.6735,84.6796,41796.0,85618.0,Pipistrellus pipistrellus,0.212,0.484,-1,Echolocation,192000.0,/mnt/ubna_data_06/recover-20251030/UBNA_027/20251027_020000.WAV,recover-20251030,UBNA_027,E18 Bridge
HF,52800.0,15.472528125618332,84.7565,84.7623,41796.0,80037.0,Myotis mystacinus,0.125,0.462,-1,Echolocation,192000.0,/mnt/ubna_data_06/recover-20251030/UBNA_027/20251027_020000.WAV,recover-20251030,UBNA_027,E18 Bridge
HF,48000.0,19.637113976035014,84.8455,84.85079999999999,44375.0,64007.0,Pipistrellus pipistrellus,0.388,0.489,-1,Echolocation,192000.0,/mnt/ubna_data_06/recover-20251030/UBNA_027/20251027_020000.WAV,recover-20251030,UBNA_027,E18 Bridge
HF,48000.0,15.844130053598292,84.9315,84.93690000000001,40937.0,73819.0,Myotis mystacinus,0.115,0.369,-1,Echolocation,192000.0,/mnt/ubna_data_06/recover-20251030/UBNA_027/20251027_020000.WAV,recover-20251030,UBNA_027,E18 Bridge
HF,48000.0,17.55505002083585,85.01650000000001,85.02199999999999,40937.0,68901.0,Myotis daubentonii,0.146,0.434,-1,Echolocation,192000.0,/mnt/ubna_data_06/recover-20251030/UBNA_027/20251027_020000.WAV,recover-20251030,UBNA_027,E18 Bridge
HF,48000.0,22.47880688642295,85.0855,85.0903,45234.0,65931.0,Pipistrellus pipistrellus,0.505,0.532,-1,Echolocation,192000.0,/mnt/ubna_data_06/recover-20251030/UBNA_027/20251027_020000.WAV,recover-20251030,UBNA_027,E18 Bridge
HF,48000.0,14.02560704771771,85.1425,85.1486,42656.0,65278.0,Pipistrellus pipistrellus,0.109,0.411,-1,Echolocation,192000.0,/mnt/ubna_data_06/recover-20251030/UBNA_027/20251027_020000.WAV,recover-20251030,UBNA_027,E18 Bridge
HF,48000.0,11.145986540688018,85.1955,85.2014,45234.0,62336.0,Pipistrellus pipistrellus,0.295,0.321,-1,Echolocation,192000.0,/mnt/ubna_data_06/recover-20251030/UBNA_027/20251027_020000.WAV,recover-20251030,UBNA_027,E18 Bridge
HF,46080.0,14.134138690443894,85.2465,85.2536,42656.0,68509.0,Pipistrellus pipistrellus,0.181,0.387,-1,Echolocation,192000.0,/mnt/ubna_data_06/recover-20251030/UBNA_027/20251027_020000.WAV,recover-20251030,UBNA_027,E18 Bridge
HF,47040.0,12.578710582594404,85.3005,85.3065,42656.0,75053.0,Myotis daubentonii,0.142,0.456,-1,Echolocation,192000.0,/mnt/ubna_data_06/recover-20251030/UBNA_027/20251027_020000.WAV,recover-20251030,UBNA_027,E18 Bridge
HF,47040.0,13.33576148947082,85.34649999999999,85.3523,41796.0,79397.0,Myotis daubentonii,0.16,0.421,-1,Echolocation,192000.0,/mnt/ubna_data_06/recover-20251030/UBNA_027/20251027_020000.WAV,recover-20251030,UBNA_027,E18 Bridge
HF,48000.0,13.056543993671186,85.4135,85.4186,42656.0,70507.0,Myotis mystacinus,0.133,0.333,-1,Echolocation,192000.0,/mnt/ubna_data_06/recover-20251030/UBNA_027/20251027_020000.WAV,recover-20251030,UBNA_027,E18 Bridge
HF,48000.0,11.168190314286065,85.5675,85.5735,42656.0,69127.0,Myotis mystacinus,0.135,0.331,-1,Echolocation,192000.0,/mnt/ubna_data_06/recover-20251030/UBNA_027/20251027_020000.WAV,recover-20251030,UBNA_027,E18 Bridge
HF,47040.0,12.680021662355303,85.7925,85.8015,45234.0,60456.0,Pipistrellus pipistrellus,0.272,0.424,-1,Echolocation,192000.0,/mnt/ubna_data_06/recover-20251030/UBNA_027/20251027_020000.WAV,recover-20251030,UBNA_027,E18 Bridge
HF,48000.0,10.047600726326834,85.9675,85.9742,45234.0,62976.0,Pipistrellus pipistrellus,0.33,0.507,-1,Echolocation,192000.0,/mnt/ubna_data_06/recover-20251030/UBNA_027/20251027_020000.WAV,recover-20251030,UBNA_027,E18 Bridge
HF,47040.0,8.310276422224366,86.1435,86.154,45234.0,59021.0,Pipistrellus pipistrellus,0.245,0.379,-1,Echolocation,192000.0,/mnt/ubna_data_06/recover-20251030/UBNA_027/20251027_020000.WAV,recover-20251030,UBNA_027,E18 Bridge
HF,47040.0,10.40137342907734,86.4075,86.4177,44375.0,60325.0,Pipistrellus pipistrellus,0.294,0.455,-1,Echolocation,192000.0,/mnt/ubna_data_06/recover-20251030/UBNA_027/20251027_020000.WAV,recover-20251030,UBNA_027,E18 Bridge
HF,48000.0,6.86095355967126,86.5865,86.5981,46093.0,57153.0,Pipistrellus pipistrellus,0.258,0.326,-1,Echolocation,192000.0,/mnt/ubna_data_06/recover-20251030/UBNA_027/20251027_020000.WAV,recover-20251030,UBNA_027,E18 Bridge
LF,27840.0,2.594362840257616,87.1225,87.1293,22890.0,33187.0,Plecotus austriacus,0.189,0.315,-1,Echolocation,192000.0,/mnt/ubna_data_06/recover-20251030/UBNA_027/20251027_021000.WAV,recover-20251030,UBNA_027,E18 Bridge
LF,27840.0,3.3013133022456547,142.1605,142.1696,24609.0,31202.0,Eptesicus serotinus,0.162,0.328,-1,Echolocation,192000.0,/mnt/ubna_data_06/recover-20251030/UBNA_027/20251027_022000.WAV,recover-20251030,UBNA_027,E18 Bridge
LF,28800.0,0.3025183817359484,181.3585,181.3681,27187.0,33039.0,Eptesicus serotinus,0.198,0.346,-1,Echolocation,192000.0,/mnt/ubna_data_06/recover-20251030/UBNA_027/20251027_022000.WAV,recover-20251030,UBNA_027,E18 Bridge
LF,24000.0,7.549062964436191,144.9615,144.9684,22031.0,30400.0,Plecotus austriacus,0.216,0.342,-1,Echolocation,192000.0,/mnt/ubna_data_06/recover-20251030/UBNA_027/20251027_024000.WAV,recover-20251030,UBNA_027,E18 Bridge
LF,21120.0,3.6977170129376487,29.0125,29.0163,18593.0,36207.0,Plecotus austriacus,0.237,0.34,-1,Echolocation,192000.0,/mnt/ubna_data_06/recover-20251030/UBNA_027/20251027_030000.WAV,recover-20251030,UBNA_027,E18 Bridge
LF,28800.0,2.2932262122110303,288.1665,288.1762,27187.0,33332.0,Eptesicus serotinus,0.227,0.363,-1,Echolocation,192000.0,/mnt/ubna_data_06/recover-20251030/UBNA_027/20251027_030000.WAV,recover-20251030,UBNA_027,E18 Bridge
LF,27840.0,3.320873478204202,52.2185,52.2277,25468.0,32393.0,Eptesicus serotinus,0.19,0.317,-1,Echolocation,192000.0,/mnt/ubna_data_06/recover-20251030/UBNA_027/20251027_033000.WAV,recover-20251030,UBNA_027,E18 Bridge
LF,28800.0,1.846673338948861,278.1825,278.1931,27187.0,31878.0,Nyctalus leisleri,0.154,0.304,-1,Echolocation,192000.0,/mnt/ubna_data_06/recover-20251030/UBNA_027/20251027_033000.WAV,recover-20251030,UBNA_027,E18 Bridge
HF,48000.0,6.136901212009186,35.4755,35.4831,44375.0,51743.0,Pipistrellus pipistrellus,0.402,0.445,-1,Echolocation,192000.0,/mnt/ubna_data_06/recover-20251030/UBNA_027/20251027_035000.WAV,recover-20251030,UBNA_027,E18 Bridge
HF,45120.0,5.249334800553012,36.2025,36.217,44375.0,51100.0,Pipistrellus pipistrellus,0.277,0.321,-1,Echolocation,192000.0,/mnt/ubna_data_06/recover-20251030/UBNA_027/20251027_035000.WAV,recover-20251030,UBNA_027,E18 Bridge
HF,45120.0,4.86901954189677,36.3935,36.4056,44375.0,55445.0,Pipistrellus pipistrellus,0.26,0.352,-1,Echolocation,192000.0,/mnt/ubna_data_06/recover-20251030/UBNA_027/20251027_035000.WAV,recover-20251030,UBNA_027,E18 Bridge
HF,45120.0,10.433664344439542,36.4875,36.4976,44375.0,60623.0,Pipistrellus pipistrellus,0.537,0.679,-1,Echolocation,192000.0,/mnt/ubna_data_06/recover-20251030/UBNA_027/20251027_035000.WAV,recover-20251030,UBNA_027,E18 Bridge
HF,44160.0,4.752058579861159,36.7595,36.7717,43515.0,56213.0,Pipistrellus pipistrellus,0.306,0.405,-1,Echolocation,192000.0,/mnt/ubna_data_06/recover-20251030/UBNA_027/20251027_035000.WAV,recover-20251030,UBNA_027,E18 Bridge
HF,47040.0,3.310816321211823,36.8565,36.8646,45234.0,50950.0,Pipistrellus pipistrellus,0.384,0.422,-1,Echolocation,192000.0,/mnt/ubna_data_06/recover-20251030/UBNA_027/20251027_035000.WAV,recover-20251030,UBNA_027,E18 Bridge
HF,47040.0,8.38077896007761,36.9525,36.9628,43515.0,55993.0,Pipistrellus pipistrellus,0.39,0.588,-1,Echolocation,192000.0,/mnt/ubna_data_06/recover-20251030/UBNA_027/20251027_035000.WAV,recover-20251030,UBNA_027,E18 Bridge
HF,45120.0,6.117883059374865,37.411500000000004,37.4203,43515.0,56370.0,Pipistrellus pipistrellus,0.338,0.414,-1,Echolocation,192000.0,/mnt/ubna_data_06/recover-20251030/UBNA_027/20251027_035000.WAV,recover-20251030,UBNA_027,E18 Bridge
HF,44160.0,6.269622202802763,37.6825,37.6926,42656.0,57028.0,Pipistrellus pipistrellus,0.33,0.469,-1,Echolocation,192000.0,/mnt/ubna_data_06/recover-20251030/UBNA_027/20251027_035000.WAV,recover-20251030,UBNA_027,E18 Bridge
HF,43200.0,10.404848738166393,37.8835,37.8959,43515.0,51165.0,Pipistrellus pipistrellus,0.298,0.418,-1,Echolocation,192000.0,/mnt/ubna_data_06/recover-20251030/UBNA_027/20251027_035000.WAV,recover-20251030,UBNA_027,E18 Bridge
LF,28800.0,2.4661750173227914,104.2735,104.2789,23750.0,37703.0,Plecotus auritus,0.142,0.318,-1,Echolocation,192000.0,/mnt/ubna_data_06/recover-20251030/UBNA_027/20251027_035000.WAV,recover-20251030,UBNA_027,E18 Bridge
LF,20160.0,2.2855820317790374,11.5485,11.5586,19453.0,26542.0,Nyctalus noctula,0.147,0.337,-1,Echolocation,192000.0,/mnt/ubna_data_06/recover-20251030/UBNA_027/20251027_040000.WAV,recover-20251030,UBNA_027,E18 Bridge
LF,27840.0,2.8328701866753914,109.0505,109.0603,26328.0,32165.0,Eptesicus serotinus,0.207,0.344,-1,Echolocation,192000.0,/mnt/ubna_data_06/recover-20251030/UBNA_027/20251027_042000.WAV,recover-20251030,UBNA_027,E18 Bridge
LF,24960.0,0.9880749074957573,236.4005,236.4093,23750.0,32219.0,Eptesicus serotinus,0.116,0.32,-1,Echolocation,192000.0,/mnt/ubna_data_06/recover-20251030/UBNA_027/20251027_042000.WAV,recover-20251030,UBNA_027,E18 Bridge
LF,27840.0,2.7407773819218613,62.0325,62.0421,25468.0,31631.0,Eptesicus serotinus,0.194,0.349,-1,Echolocation,192000.0,/mnt/ubna_data_06/recover-20251030/UBNA_027/20251027_053000.WAV,recover-20251030,UBNA_027,E18 Bridge
LF,28800.0,2.034851554687046,121.8515,121.8632,27187.0,32785.0,Eptesicus serotinus,0.18,0.316,-1,Echolocation,192000.0,/mnt/ubna_data_06/recover-20251030/UBNA_027/20251027_053000.WAV,recover-20251030,UBNA_027,E18 Bridge
LF,23040.0,0.06173573283271192,148.3845,148.3969,23750.0,29749.0,Nyctalus noctula,0.166,0.394,-1,Echolocation,192000.0,/mnt/ubna_data_06/recover-20251030/UBNA_027/20251027_060000.WAV,recover-20251030,UBNA_027,E18 Bridge
LF,27840.0,2.9179594952348604,61.6065,61.6163,26328.0,31709.0,Eptesicus serotinus,0.154,0.314,-1,Echolocation,192000.0,/mnt/ubna_data_06/recover-20251030/UBNA_027/20251027_061000.WAV,recover-20251030,UBNA_027,E18 Bridge
LF,24000.0,2.7429157261098003,275.6765,275.6883,22890.0,28758.0,Nyctalus leisleri,0.117,0.334,-1,Echolocation,192000.0,/mnt/ubna_data_06/recover-20251030/UBNA_027/20251027_062000.WAV,recover-20251030,UBNA_027,E18 Bridge
LF,28800.0,1.5465715496770112,281.9675,281.9756,27187.0,35751.0,Eptesicus serotinus,0.175,0.314,-1,Echolocation,192000.0,/mnt/ubna_data_06/recover-20251030/UBNA_027/20251027_064000.WAV,recover-20251030,UBNA_027,E18 Bridge
LF,28800.0,2.3251902448351984,104.7845,104.7954,27187.0,33840.0,Eptesicus serotinus,0.22,0.355,-1,Echolocation,192000.0,/mnt/ubna_data_06/recover-20251030/UBNA_027/20251027_065000.WAV,recover-20251030,UBNA_027,E18 Bridge
LF,24960.0,0.3739901110937971,225.2225,225.2348,23750.0,29465.0,Nyctalus leisleri,0.136,0.313,-1,Echolocation,192000.0,/mnt/ubna_data_06/recover-20251030/UBNA_027/20251027_071000.WAV,recover-20251030,UBNA_027,E18 Bridge
LF,23040.0,0.6247733401818903,101.5655,101.5771,22890.0,28683.0,Nyctalus leisleri,0.165,0.394,-1,Echolocation,192000.0,/mnt/ubna_data_06/recover-20251030/UBNA_027/20251027_074000.WAV,recover-20251030,UBNA_027,E18 Bridge
LF,27840.0,2.4413186610252375,8.5285,8.5371,23750.0,31449.0,Eptesicus serotinus,0.139,0.314,-1,Echolocation,192000.0,/mnt/ubna_data_06/recover-20251030/UBNA_027/20251027_082000.WAV,recover-20251030,UBNA_027,E18 Bridge
LF,28800.0,2.886613218414614,88.4005,88.4097,26328.0,32739.0,Eptesicus serotinus,0.194,0.326,-1,Echolocation,192000.0,/mnt/ubna_data_06/recover-20251030/UBNA_027/20251027_082000.WAV,recover-20251030,UBNA_027,E18 Bridge
LF,23040.0,-0.9091070677489089,159.0385,159.05349999999999,23750.0,28565.0,Nyctalus leisleri,0.149,0.305,-1,Echolocation,192000.0,/mnt/ubna_data_06/recover-20251030/UBNA_027/20251027_082000.WAV,recover-20251030,UBNA_027,E18 Bridge
LF,27840.0,2.789011187266495,116.0495,116.0567,26328.0,36171.0,Eptesicus serotinus,0.174,0.359,-1,Echolocation,192000.0,/mnt/ubna_data_06/recover-20251030/UBNA_027/20251027_084000.WAV,recover-20251030,UBNA_027,E18 Bridge
LF,28800.0,2.2655495031677613,1.4475,1.456,22890.0,32417.0,Plecotus austriacus,0.086,0.317,-1,Echolocation,192000.0,/mnt/ubna_data_06/recover-20251030/UBNA_027/20251027_085000.WAV,recover-20251030,UBNA_027,E18 Bridge
LF,27840.0,2.220259397101641,15.6965,15.7058,26328.0,31832.0,Eptesicus serotinus,0.16,0.309,-1,Echolocation,192000.0,/mnt/ubna_data_06/recover-20251030/UBNA_027/20251027_085000.WAV,recover-20251030,UBNA_027,E18 Bridge
LF,27840.0,2.9247830631507914,11.0915,11.0965,22890.0,36035.0,Plecotus austriacus,0.255,0.314,-1,Echolocation,192000.0,/mnt/ubna_data_06/recover-20251030/UBNA_027/20251027_091000.WAV,recover-20251030,UBNA_027,E18 Bridge
LF,27840.0,1.9936272486347437,174.5865,174.596,27187.0,33801.0,Eptesicus serotinus,0.206,0.302,-1,Echolocation,192000.0,/mnt/ubna_data_06/recover-20251030/UBNA_027/20251027_091000.WAV,recover-20251030,UBNA_027,E18 Bridge
LF,24000.0,0.8510844301313047,269.7815,269.7925,22890.0,28547.0,Nyctalus leisleri,0.109,0.329,-1,Echolocation,192000.0,/mnt/ubna_data_06/recover-20251030/UBNA_027/20251027_091000.WAV,recover-20251030,UBNA_027,E18 Bridge
LF,27840.0,2.2008938262378592,25.1685,25.1771,23750.0,31199.0,Eptesicus serotinus,0.126,0.32,-1,Echolocation,192000.0,/mnt/ubna_data_06/recover-20251030/UBNA_027/20251027_092000.WAV,recover-20251030,UBNA_027,E18 Bridge
LF,24960.0,1.470859143806752,33.6905,33.7031,23750.0,29946.0,Eptesicus serotinus,0.125,0.32,-1,Echolocation,192000.0,/mnt/ubna_data_06/recover-20251030/UBNA_027/20251027_092000.WAV,recover-20251030,UBNA_027,E18 Bridge
LF,25920.0,0.3227572771310817,149.7025,149.7131,24609.0,31043.0,Eptesicus serotinus,0.106,0.318,-1,Echolocation,192000.0,/mnt/ubna_data_06/recover-20251030/UBNA_027/20251027_093000.WAV,recover-20251030,UBNA_027,E18 Bridge
LF,28800.0,3.1007616663978466,263.41949999999997,263.4289,27187.0,33081.0,Eptesicus serotinus,0.227,0.346,-1,Echolocation,192000.0,/mnt/ubna_data_06/recover-20251030/UBNA_027/20251027_095000.WAV,recover-20251030,UBNA_027,E18 Bridge
HF,55680.0,5.00440688988026,82.6995,82.706,51250.0,67450.0,Pipistrellus pipistrellus,0.224,0.43,-1,Echolocation,192000.0,/mnt/ubna_data_06/recover-20251030/UBNA_027/20251027_100000.WAV,recover-20251030,UBNA_027,E18 Bridge
HF,53760.0,4.601373570186743,82.7855,82.7959,50390.0,59469.0,Pipistrellus pipistrellus,0.308,0.336,-1,Echolocation,192000.0,/mnt/ubna_data_06/recover-20251030/UBNA_027/20251027_100000.WAV,recover-20251030,UBNA_027,E18 Bridge
HF,54720.0,7.131139432301198,82.8685,82.8766,51250.0,63126.0,Pipistrellus pipistrellus,0.352,0.399,-1,Echolocation,192000.0,/mnt/ubna_data_06/recover-20251030/UBNA_027/20251027_100000.WAV,recover-20251030,UBNA_027,E18 Bridge
HF,51840.0,6.492385286753732,83.01050000000001,83.0217,48671.0,65331.0,Pipistrellus pipistrellus,0.256,0.33,-1,Echolocation,192000.0,/mnt/ubna_data_06/recover-20251030/UBNA_027/20251027_100000.WAV,recover-20251030,UBNA_027,E18 Bridge
HF,56640.0,8.649419957701344,83.0625,83.0706,48671.0,67364.0,Pipistrellus pipistrellus,0.245,0.403,-1,Echolocation,192000.0,/mnt/ubna_data_06/recover-20251030/UBNA_027/20251027_100000.WAV,recover-20251030,UBNA_027,E18 Bridge
HF,50880.0,6.857088843624569,83.1095,83.1182,49531.0,62149.0,Pipistrellus pipistrellus,0.321,0.372,-1,Echolocation,192000.0,/mnt/ubna_data_06/recover-20251030/UBNA_027/20251027_100000.WAV,recover-20251030,UBNA_027,E18 Bridge
HF,51840.0,6.60831083587036,83.1695,83.1781,47812.0,66764.0,Pipistrellus pipistrellus,0.467,0.561,-1,Echolocation,192000.0,/mnt/ubna_data_06/recover-20251030/UBNA_027/20251027_100000.WAV,recover-20251030,UBNA_027,E18 Bridge
HF,53760.0,9.279810037907586,83.28450000000001,83.2927,48671.0,65843.0,Pipistrellus pipistrellus,0.412,0.504,-1,Echolocation,192000.0,/mnt/ubna_data_06/recover-20251030/UBNA_027/20251027_100000.WAV,recover-20251030,UBNA_027,E18 Bridge
HF,53760.0,8.414535481454102,83.4055,83.4148,50390.0,65358.0,Pipistrellus pipistrellus,0.338,0.435,-1,Echolocation,192000.0,/mnt/ubna_data_06/recover-20251030/UBNA_027/20251027_100000.WAV,recover-20251030,UBNA_027,E18 Bridge
HF,55680.0,7.067120682841246,83.4815,83.4896,50390.0,64387.0,Pipistrellus pipistrellus,0.283,0.344,-1,Echolocation,192000.0,/mnt/ubna_data_06/recover-20251030/UBNA_027/20251027_100000.WAV,recover-20251030,UBNA_027,E18 Bridge
HF,52800.0,7.489976185069529,83.5705,83.5791,46953.0,63414.0,Pipistrellus pipistrellus,0.267,0.372,-1,Echolocation,192000.0,/mnt/ubna_data_06/recover-20251030/UBNA_027/20251027_100000.WAV,recover-20251030,UBNA_027,E18 Bridge
HF,52800.0,7.53474070877084,83.6405,83.6484,51250.0,64488.0,Pipistrellus pipistrellus,0.365,0.415,-1,Echolocation,192000.0,/mnt/ubna_data_06/recover-20251030/UBNA_027/20251027_100000.WAV,recover-20251030,UBNA_027,E18 Bridge
HF,51840.0,7.625000298644724,83.7355,83.7454,47812.0,64045.0,Pipistrellus pipistrellus,0.323,0.381,-1,Echolocation,192000.0,/mnt/ubna_data_06/recover-20251030/UBNA_027/20251027_100000.WAV,recover-20251030,UBNA_027,E18 Bridge
HF,53760.0,9.051995090796813,83.78450000000001,83.792,47812.0,67013.0,Pipistrellus pipistrellus,0.266,0.447,-1,Echolocation,192000.0,/mnt/ubna_data_06/recover-20251030/UBNA_027/20251027_100000.WAV,recover-20251030,UBNA_027,E18 Bridge
HF,52800.0,7.406966199181332,83.84049999999999,83.8489,48671.0,65078.0,Pipistrellus pipistrellus,0.223,0.321,-1,Echolocation,192000.0,/mnt/ubna_data_06/recover-20251030/UBNA_027/20251027_100000.WAV,recover-20251030,UBNA_027,E18 Bridge
HF,54720.0,9.20390844507294,83.8995,83.9098,49531.0,66372.0,Pipistrellus pipistrellus,0.265,0.332,-1,Echolocation,192000.0,/mnt/ubna_data_06/recover-20251030/UBNA_027/20251027_100000.WAV,recover-20251030,UBNA_027,E18 Bridge
HF,51840.0,11.8643369474494,83.9605,83.9709,47812.0,67604.0,Pipistrellus pipistrellus,0.277,0.358,-1,Echolocation,192000.0,/mnt/ubna_data_06/recover-20251030/UBNA_027/20251027_100000.WAV,recover-20251030,UBNA_027,E18 Bridge
HF,52800.0,11.639175832182875,84.0195,84.0289,48671.0,65065.0,Pipistrellus pipistrellus,0.202,0.385,-1,Echolocation,192000.0,/mnt/ubna_data_06/recover-20251030/UBNA_027/20251027_100000.WAV,recover-20251030,UBNA_027,E18 Bridge
HF,52800.0,14.440788949308264,84.0895,84.0962,46953.0,67238.0,Pipistrellus pipistrellus,0.284,0.472,-1,Echolocation,192000.0,/mnt/ubna_data_06/recover-20251030/UBNA_027/20251027_100000.WAV,recover-20251030,UBNA_027,E18 Bridge
HF,50880.0,12.40104358063097,84.1785,84.1853,46953.0,68484.0,Pipistrellus pipistrellus,0.316,0.5,-1,Echolocation,192000.0,/mnt/ubna_data_06/recover-20251030/UBNA_027/20251027_100000.WAV,recover-20251030,UBNA_027,E18 Bridge
HF,52800.0,10.487726615490782,84.2465,84.2535,46953.0,66409.0,Pipistrellus pipistrellus,0.212,0.383,-1,Echolocation,192000.0,/mnt/ubna_data_06/recover-20251030/UBNA_027/20251027_100000.WAV,recover-20251030,UBNA_027,E18 Bridge
HF,52800.0,11.887133654246789,84.3475,84.3546,48671.0,65470.0,Pipistrellus pipistrellus,0.34,0.44,-1,Echolocation,192000.0,/mnt/ubna_data_06/recover-20251030/UBNA_027/20251027_100000.WAV,recover-20251030,UBNA_027,E18 Bridge
HF,53760.0,15.316178652396415,84.4025,84.4102,48671.0,70156.0,Pipistrellus pipistrellus,0.213,0.402,-1,Echolocation,192000.0,/mnt/ubna_data_06/recover-20251030/UBNA_027/20251027_100000.WAV,recover-20251030,UBNA_027,E18 Bridge
HF,51840.0,9.07199013672879,84.4585,84.4646,47812.0,66036.0,Pipistrellus pipistrellus,0.148,0.339,-1,Echolocation,192000.0,/mnt/ubna_data_06/recover-20251030/UBNA_027/20251027_100000.WAV,recover-20251030,UBNA_027,E18 Bridge
HF,52800.0,13.62544308932157,84.5245,84.53059999999999,46953.0,67998.0,Pipistrellus pipistrellus,0.224,0.443,-1,Echolocation,192000.0,/mnt/ubna_data_06/recover-20251030/UBNA_027/20251027_100000.WAV,recover-20251030,UBNA_027,E18 Bridge
HF,52800.0,12.000174779838204,84.5995,84.6072,47812.0,67603.0,Pipistrellus pipistrellus,0.292,0.476,-1,Echolocation,192000.0,/mnt/ubna_data_06/recover-20251030/UBNA_027/20251027_100000.WAV,recover-20251030,UBNA_027,E18 Bridge
HF,52800.0,8.987280023897847,84.6825,84.6942,48671.0,65243.0,Pipistrellus pipistrellus,0.264,0.45,-1,Echolocation,192000.0,/mnt/ubna_data_06/recover-20251030/UBNA_027/20251027_100000.WAV,recover-20251030,UBNA_027,E18 Bridge
HF,52800.0,13.784872856786798,84.7435,84.74940000000001,49531.0,69172.0,Pipistrellus pipistrellus,0.212,0.419,-1,Echolocation,192000.0,/mnt/ubna_data_06/recover-20251030/UBNA_027/20251027_100000.WAV,recover-20251030,UBNA_027,E18 Bridge
HF,53760.0,9.884590584300241,84.8115,84.816,48671.0,65355.0,Pipistrellus pipistrellus,0.266,0.446,-1,Echolocation,192000.0,/mnt/ubna_data_06/recover-20251030/UBNA_027/20251027_100000.WAV,recover-20251030,UBNA_027,E18 Bridge
HF,54720.0,16.43842219707056,84.8665,84.8715,44375.0,68427.0,Myotis alcathoe,0.222,0.436,-1,Echolocation,192000.0,/mnt/ubna_data_06/recover-20251030/UBNA_027/20251027_100000.WAV,recover-20251030,UBNA_027,E18 Bridge
HF,52800.0,22.771247906776214,84.9475,84.9522,47812.0,66125.0,Pipistrellus pipistrellus,0.326,0.417,-1,Echolocation,192000.0,/mnt/ubna_data_06/recover-20251030/UBNA_027/20251027_100000.WAV,recover-20251030,UBNA_027,E18 Bridge
HF,52800.0,24.64529133409603,85.0005,85.0055,46093.0,71959.0,Pipistrellus pipistrellus,0.362,0.567,-1,Echolocation,192000.0,/mnt/ubna_data_06/recover-20251030/UBNA_027/20251027_100000.WAV,recover-20251030,UBNA_027,E18 Bridge
HF,56640.0,17.519356557728905,85.0495,85.0546,43515.0,80490.0,Myotis alcathoe,0.249,0.447,-1,Echolocation,192000.0,/mnt/ubna_data_06/recover-20251030/UBNA_027/20251027_100000.WAV,recover-20251030,UBNA_027,E18 Bridge
HF,52800.0,12.397539944834524,85.0915,85.0956,45234.0,73091.0,Myotis alcathoe,0.137,0.306,-1,Echolocation,192000.0,/mnt/ubna_data_06/recover-20251030/UBNA_027/20251027_100000.WAV,recover-20251030,UBNA_027,E18 Bridge
HF,55680.0,12.212069451686355,85.1865,85.1919,47812.0,70021.0,Myotis alcathoe,0.149,0.35,-1,Echolocation,192000.0,/mnt/ubna_data_06/recover-20251030/UBNA_027/20251027_100000.WAV,recover-20251030,UBNA_027,E18 Bridge
HF,53760.0,20.536704519610307,85.2585,85.2655,44375.0,74591.0,Pipistrellus pipistrellus,0.26,0.562,-1,Echolocation,192000.0,/mnt/ubna_data_06/recover-20251030/UBNA_027/20251027_100000.WAV,recover-20251030,UBNA_027,E18 Bridge
HF,51840.0,18.69799442065465,85.3115,85.3169,44375.0,73583.0,Myotis alcathoe,0.175,0.464,-1,Echolocation,192000.0,/mnt/ubna_data_06/recover-20251030/UBNA_027/20251027_100000.WAV,recover-20251030,UBNA_027,E18 Bridge
HF,51840.0,11.395448569385355,85.3595,85.3656,46953.0,65945.0,Pipistrellus pipistrellus,0.254,0.458,-1,Echolocation,192000.0,/mnt/ubna_data_06/recover-20251030/UBNA_027/20251027_100000.WAV,recover-20251030,UBNA_027,E18 Bridge
HF,51840.0,19.76727579517093,85.5855,85.5908,50390.0,64555.0,Pipistrellus pipistrellus,0.362,0.44,-1,Echolocation,192000.0,/mnt/ubna_data_06/recover-20251030/UBNA_027/20251027_100000.WAV,recover-20251030,UBNA_027,E18 Bridge
HF,51840.0,4.204218548435016,85.64150000000001,85.64529999999999,44375.0,67688.0,Myotis alcathoe,0.149,0.312,-1,Echolocation,192000.0,/mnt/ubna_data_06/recover-20251030/UBNA_027/20251027_100000.WAV,recover-20251030,UBNA_027,E18 Bridge
HF,48960.0,12.00875855651981,85.7915,85.7963,46093.0,63691.0,Pipistrellus pipistrellus,0.377,0.503,-1,Echolocation,192000.0,/mnt/ubna_data_06/recover-20251030/UBNA_027/20251027_100000.WAV,recover-20251030,UBNA_027,E18 Bridge
HF,48960.0,11.203386829399163,86.0215,86.0275,44375.0,64329.0,Pipistrellus pipistrellus,0.276,0.562,-1,Echolocation,192000.0,/mnt/ubna_data_06/recover-20251030/UBNA_027/20251027_100000.WAV,recover-20251030,UBNA_027,E18 Bridge
HF,48960.0,4.867990449209608,86.8385,86.8435,46953.0,60246.0,Pipistrellus pipistrellus,0.359,0.435,-1,Echolocation,192000.0,/mnt/ubna_data_06/recover-20251030/UBNA_027/20251027_100000.WAV,recover-20251030,UBNA_027,E18 Bridge
HF,52800.0,9.1636741568059,86.95349999999999,86.9591,51250.0,63254.0,Pipistrellus pipistrellus,0.265,0.405,-1,Echolocation,192000.0,/mnt/ubna_data_06/recover-20251030/UBNA_027/20251027_100000.WAV,recover-20251030,UBNA_027,E18 Bridge
HF,53760.0,15.580141949310335,87.0275,87.0333,51250.0,68481.0,Myotis alcathoe,0.188,0.335,-1,Echolocation,192000.0,/mnt/ubna_data_06/recover-20251030/UBNA_027/20251027_100000.WAV,recover-20251030,UBNA_027,E18 Bridge
HF,54720.0,5.949831239166134,87.0815,87.0864,45234.0,61916.0,Myotis alcathoe,0.171,0.365,-1,Echolocation,192000.0,/mnt/ubna_data_06/recover-20251030/UBNA_027/20251027_100000.WAV,recover-20251030,UBNA_027,E18 Bridge
HF,53760.0,6.341338750828732,87.2585,87.2654,52109.0,61349.0,Pipistrellus pipistrellus,0.201,0.354,-1,Echolocation,192000.0,/mnt/ubna_data_06/recover-20251030/UBNA_027/20251027_100000.WAV,recover-20251030,UBNA_027,E18 Bridge
HF,48000.0,6.153445097550948,87.3045,87.3109,45234.0,60713.0,Pipistrellus pipistrellus,0.204,0.4,-1,Echolocation,192000.0,/mnt/ubna_data_06/recover-20251030/UBNA_027/20251027_100000.WAV,recover-20251030,UBNA_027,E18 Bridge
HF,51840.0,15.524652539490704,87.6215,87.62610000000001,50390.0,62375.0,Pipistrellus pipistrellus,0.453,0.584,-1,Echolocation,192000.0,/mnt/ubna_data_06/recover-20251030/UBNA_027/20251027_100000.WAV,recover-20251030,UBNA_027,E18 Bridge
HF,51840.0,7.937588396246777,87.6865,87.6913,45234.0,61096.0,Pipistrellus pipistrellus,0.218,0.429,-1,Echolocation,192000.0,/mnt/ubna_data_06/recover-20251030/UBNA_027/20251027_100000.WAV,recover-20251030,UBNA_027,E18 Bridge
HF,51840.0,11.966193683095998,87.7505,87.75540000000001,46953.0,63783.0,Pipistrellus pipistrellus,0.289,0.437,-1,Echolocation,192000.0,/mnt/ubna_data_06/recover-20251030/UBNA_027/20251027_100000.WAV,recover-20251030,UBNA_027,E18 Bridge
HF,53760.0,15.450836622917114,87.8205,87.82560000000001,47812.0,62086.0,Pipistrellus pipistrellus,0.29,0.449,-1,Echolocation,192000.0,/mnt/ubna_data_06/recover-20251030/UBNA_027/20251027_100000.WAV,recover-20251030,UBNA_027,E18 Bridge
HF,55680.0,14.143840380444594,87.8945,87.9006,44375.0,67798.0,Pipistrellus pipistrellus,0.258,0.554,-1,Echolocation,192000.0,/mnt/ubna_data_06/recover-20251030/UBNA_027/20251027_100000.WAV,recover-20251030,UBNA_027,E18 Bridge
HF,48960.0,4.6632758757496315,87.9755,87.9807,48671.0,61773.0,Pipistrellus pipistrellus,0.291,0.361,-1,Echolocation,192000.0,/mnt/ubna_data_06/recover-20251030/UBNA_027/20251027_100000.WAV,recover-20251030,UBNA_027,E18 Bridge
HF,48960.0,11.149535468578712,88.04650000000001,88.05160000000001,46093.0,63061.0,Pipistrellus pipistrellus,0.421,0.559,-1,Echolocation,192000.0,/mnt/ubna_data_06/recover-20251030/UBNA_027/20251027_100000.WAV,recover-20251030,UBNA_027,E18 Bridge
HF,55680.0,12.90372267710355,88.1015,88.1058,45234.0,71572.0,Myotis alcathoe,0.245,0.338,-1,Echolocation,192000.0,/mnt/ubna_data_06/recover-20251030/UBNA_027/20251027_100000.WAV,recover-20251030,UBNA_027,E18 Bridge
HF,50880.0,11.490276677811146,88.2375,88.2433,45234.0,65863.0,Myotis alcathoe,0.192,0.375,-1,Echolocation,192000.0,/mnt/ubna_data_06/recover-20251030/UBNA_027/20251027_100000.WAV,recover-20251030,UBNA_027,E18 Bridge
HF,51840.0,12.521114077532928,88.29650000000001,88.30160000000001,45234.0,62448.0,Pipistrellus pipistrellus,0.308,0.444,-1,Echolocation,192000.0,/mnt/ubna_data_06/recover-20251030/UBNA_027/20251027_100000.WAV,recover-20251030,UBNA_027,E18 Bridge
HF,50880.0,13.253638544846599,88.4445,88.4495,44375.0,64515.0,Pipistrellus pipistrellus,0.182,0.336,-1,Echolocation,192000.0,/mnt/ubna_data_06/recover-20251030/UBNA_027/20251027_100000.WAV,recover-20251030,UBNA_027,E18 Bridge
HF,48000.0,8.429601400018097,88.5245,88.5294,46093.0,60260.0,Pipistrellus pipistrellus,0.353,0.425,-1,Echolocation,192000.0,/mnt/ubna_data_06/recover-20251030/UBNA_027/20251027_100000.WAV,recover-20251030,UBNA_027,E18 Bridge
HF,47040.0,12.661995291938721,88.6195,88.6245,45234.0,59524.0,Pipistrellus pipistrellus,0.432,0.502,-1,Echolocation,192000.0,/mnt/ubna_data_06/recover-20251030/UBNA_027/20251027_100000.WAV,recover-20251030,UBNA_027,E18 Bridge
HF,50880.0,8.605336601610649,88.8655,88.871,46953.0,60127.0,Pipistrellus pipistrellus,0.484,0.579,-1,Echolocation,192000.0,/mnt/ubna_data_06/recover-20251030/UBNA_027/20251027_100000.WAV,recover-20251030,UBNA_027,E18 Bridge
HF,48000.0,3.8268803560486377,89.7225,89.7274,47812.0,57552.0,Pipistrellus pipistrellus,0.402,0.449,-1,Echolocation,192000.0,/mnt/ubna_data_06/recover-20251030/UBNA_027/20251027_100000.WAV,recover-20251030,UBNA_027,E18 Bridge
HF,53760.0,3.2735709349552353,92.1035,92.1084,51250.0,64242.0,Pipistrellus pipistrellus,0.198,0.363,-1,Echolocation,192000.0,/mnt/ubna_data_06/recover-20251030/UBNA_027/20251027_100000.WAV,recover-20251030,UBNA_027,E18 Bridge
HF,52800.0,5.8727663399722925,92.1645,92.1694,52109.0,67656.0,Pipistrellus pipistrellus,0.163,0.444,-1,Echolocation,192000.0,/mnt/ubna_data_06/recover-20251030/UBNA_027/20251027_100000.WAV,recover-20251030,UBNA_027,E18 Bridge
HF,52800.0,4.0578834767467695,92.2195,92.223,47812.0,66031.0,Myotis alcathoe,0.195,0.348,-1,Echolocation,192000.0,/mnt/ubna_data_06/recover-20251030/UBNA_027/20251027_100000.WAV,recover-20251030,UBNA_027,E18 Bridge
HF,51840.0,10.398339751939961,92.2635,92.2675,50390.0,67597.0,Pipistrellus pipistrellus,0.157,0.34,-1,Echolocation,192000.0,/mnt/ubna_data_06/recover-20251030/UBNA_027/20251027_100000.WAV,recover-20251030,UBNA_027,E18 Bridge
HF,50880.0,7.890369869770821,92.3535,92.3578,47812.0,66750.0,Myotis alcathoe,0.234,0.428,-1,Echolocation,192000.0,/mnt/ubna_data_06/recover-20251030/UBNA_027/20251027_100000.WAV,recover-20251030,UBNA_027,E18 Bridge
HF,51840.0,10.25203512047657,92.4045,92.4076,50390.0,68356.0,Myotis alcathoe,0.327,0.457,-1,Echolocation,192000.0,/mnt/ubna_data_06/recover-20251030/UBNA_027/20251027_100000.WAV,recover-20251030,UBNA_027,E18 Bridge
HF,55680.0,7.688931943911161,92.5025,92.5076,55546.0,63468.0,Pipistrellus pygmaeus,0.371,0.39,-1,Echolocation,192000.0,/mnt/ubna_data_06/recover-20251030/UBNA_027/20251027_100000.WAV,recover-20251030,UBNA_027,E18 Bridge
HF,55680.0,6.128881821222879,92.5455,92.5484,50390.0,72789.0,Myotis alcathoe,0.195,0.303,-1,Echolocation,192000.0,/mnt/ubna_data_06/recover-20251030/UBNA_027/20251027_100000.WAV,recover-20251030,UBNA_027,E18 Bridge
HF,56640.0,5.625935743327527,92.7965,92.7994,54687.0,71385.0,Myotis alcathoe,0.193,0.366,-1,Echolocation,192000.0,/mnt/ubna_data_06/recover-20251030/UBNA_027/20251027_100000.WAV,recover-20251030,UBNA_027,E18 Bridge
HF,56640.0,7.6574935925531,92.8275,92.8322,51250.0,66886.0,Myotis alcathoe,0.151,0.303,-1,Echolocation,192000.0,/mnt/ubna_data_06/recover-20251030/UBNA_027/20251027_100000.WAV,recover-20251030,UBNA_027,E18 Bridge
HF,52800.0,16.230459682614693,92.8655,92.869,48671.0,68943.0,Myotis alcathoe,0.245,0.452,-1,Echolocation,192000.0,/mnt/ubna_data_06/recover-20251030/UBNA_027/20251027_100000.WAV,recover-20251030,UBNA_027,E18 Bridge
HF,56640.0,14.425564304437819,92.9085,92.9133,45234.0,71425.0,Myotis alcathoe,0.248,0.477,-1,Echolocation,192000.0,/mnt/ubna_data_06/recover-20251030/UBNA_027/20251027_100000.WAV,recover-20251030,UBNA_027,E18 Bridge
HF,50880.0,5.749634357272869,92.9665,92.9714,45234.0,63413.0,Pipistrellus pipistrellus,0.219,0.393,-1,Echolocation,192000.0,/mnt/ubna_data_06/recover-20251030/UBNA_027/20251027_100000.WAV,recover-20251030,UBNA_027,E18 Bridge
HF,59520.0,12.228725572724455,93.0335,93.0383,46093.0,69987.0,Myotis alcathoe,0.287,0.539,-1,Echolocation,192000.0,/mnt/ubna_data_06/recover-20251030/UBNA_027/20251027_100000.WAV,recover-20251030,UBNA_027,E18 Bridge
HF,56640.0,18.429421295729522,93.1255,93.12950000000001,45234.0,73869.0,Myotis alcathoe,0.316,0.481,-1,Echolocation,192000.0,/mnt/ubna_data_06/recover-20251030/UBNA_027/20251027_100000.WAV,recover-20251030,UBNA_027,E18 Bridge
HF,48000.0,8.363615528915764,93.2125,93.2182,46953.0,62695.0,Pipistrellus pipistrellus,0.217,0.465,-1,Echolocation,192000.0,/mnt/ubna_data_06/recover-20251030/UBNA_027/20251027_100000.WAV,recover-20251030,UBNA_027,E18 Bridge
HF,51840.0,11.058225719350418,93.2715,93.2755,46953.0,68558.0,Myotis alcathoe,0.257,0.399,-1,Echolocation,192000.0,/mnt/ubna_data_06/recover-20251030/UBNA_027/20251027_100000.WAV,recover-20251030,UBNA_027,E18 Bridge
HF,52800.0,15.299390376651553,93.3315,93.3369,46093.0,68335.0,Pipistrellus pipistrellus,0.23,0.5,-1,Echolocation,192000.0,/mnt/ubna_data_06/recover-20251030/UBNA_027/20251027_100000.WAV,recover-20251030,UBNA_027,E18 Bridge
HF,48960.0,12.669623770391423,93.4095,93.414,46953.0,61839.0,Pipistrellus pipistrellus,0.448,0.534,-1,Echolocation,192000.0,/mnt/ubna_data_06/recover-20251030/UBNA_027/20251027_100000.WAV,recover-20251030,UBNA_027,E18 Bridge
HF,55680.0,18.189736735593446,93.4865,93.491,46093.0,74699.0,Myotis alcathoe,0.336,0.437,-1,Echolocation,192000.0,/mnt/ubna_data_06/recover-20251030/UBNA_027/20251027_100000.WAV,recover-20251030,UBNA_027,E18 Bridge
HF,56640.0,18.172573065790317,93.5435,93.5485,46093.0,71039.0,Myotis alcathoe,0.308,0.54,-1,Echolocation,192000.0,/mnt/ubna_data_06/recover-20251030/UBNA_027/20251027_100000.WAV,recover-20251030,UBNA_027,E18 Bridge
HF,54720.0,17.782009627466312,93.6815,93.6861,45234.0,74956.0,Myotis alcathoe,0.368,0.469,-1,Echolocation,192000.0,/mnt/ubna_data_06/recover-20251030/UBNA_027/20251027_100000.WAV,recover-20251030,UBNA_027,E18 Bridge
HF,53760.0,19.67487585398344,93.7715,93.776,44375.0,75596.0,Myotis alcathoe,0.368,0.44,-1,Echolocation,192000.0,/mnt/ubna_data_06/recover-20251030/UBNA_027/20251027_100000.WAV,recover-20251030,UBNA_027,E18 Bridge
HF,51840.0,16.9781054272056,93.8325,93.8359,45234.0,77961.0,Myotis alcathoe,0.36,0.464,-1,Echolocation,192000.0,/mnt/ubna_data_06/recover-20251030/UBNA_027/20251027_100000.WAV,recover-20251030,UBNA_027,E18 Bridge
HF,51840.0,18.091091973082666,93.8845,93.8891,45234.0,68921.0,Myotis alcathoe,0.249,0.371,-1,Echolocation,192000.0,/mnt/ubna_data_06/recover-20251030/UBNA_027/20251027_100000.WAV,recover-20251030,UBNA_027,E18 Bridge
HF,51840.0,15.84578143181207,93.9315,93.9354,45234.0,74878.0,Myotis alcathoe,0.315,0.464,-1,Echolocation,192000.0,/mnt/ubna_data_06/recover-20251030/UBNA_027/20251027_100000.WAV,recover-20251030,UBNA_027,E18 Bridge
HF,51840.0,19.865540565132708,93.9855,93.9905,43515.0,80041.0,Myotis alcathoe,0.329,0.453,-1,Echolocation,192000.0,/mnt/ubna_data_06/recover-20251030/UBNA_027/20251027_100000.WAV,recover-20251030,UBNA_027,E18 Bridge
HF,50880.0,14.067897739326726,94.1235,94.1277,45234.0,75440.0,Myotis alcathoe,0.24,0.387,-1,Echolocation,192000.0,/mnt/ubna_data_06/recover-20251030/UBNA_027/20251027_100000.WAV,recover-20251030,UBNA_027,E18 Bridge
HF,53760.0,17.535693261237558,94.1815,94.1862,44375.0,77345.0,Myotis alcathoe,0.331,0.523,-1,Echolocation,192000.0,/mnt/ubna_data_06/recover-20251030/UBNA_027/20251027_100000.WAV,recover-20251030,UBNA_027,E18 Bridge
HF,51840.0,14.935719445528653,94.24549999999999,94.2496,45234.0,66560.0,Myotis alcathoe,0.186,0.338,-1,Echolocation,192000.0,/mnt/ubna_data_06/recover-20251030/UBNA_027/20251027_100000.WAV,recover-20251030,UBNA_027,E18 Bridge
HF,53760.0,21.66091170613655,94.3095,94.3135,44375.0,78576.0,Myotis alcathoe,0.354,0.453,-1,Echolocation,192000.0,/mnt/ubna_data_06/recover-20251030/UBNA_027/20251027_100000.WAV,recover-20251030,UBNA_027,E18 Bridge
HF,56640.0,21.33916684780133,94.38550000000001,94.3912,55546.0,68867.0,Pipistrellus pygmaeus,0.327,0.344,-1,Echolocation,192000.0,/mnt/ubna_data_06/recover-20251030/UBNA_027/20251027_100000.WAV,recover-20251030,UBNA_027,E18 Bridge
HF,50880.0,20.91075059474884,94.3875,94.3918,43515.0,78882.0,Myotis alcathoe,0.391,0.515,-1,Echolocation,192000.0,/mnt/ubna_data_06/recover-20251030/UBNA_027/20251027_100000.WAV,recover-20251030,UBNA_027,E18 Bridge
HF,52800.0,22.642367195707983,94.4595,94.4639,44375.0,73733.0,Myotis alcathoe,0.287,0.475,-1,Echolocation,192000.0,/mnt/ubna_data_06/recover-20251030/UBNA_027/20251027_100000.WAV,recover-20251030,UBNA_027,E18 Bridge
HF,56640.0,17.996299328455887,94.5095,94.516,53828.0,66314.0,Pipistrellus pygmaeus,0.389,0.399,-1,Echolocation,192000.0,/mnt/ubna_data_06/recover-20251030/UBNA_027/20251027_100000.WAV,recover-20251030,UBNA_027,E18 Bridge
HF,56640.0,16.59873716952418,94.51050000000001,94.5143,43515.0,78517.0,Myotis alcathoe,0.382,0.556,-1,Echolocation,192000.0,/mnt/ubna_data_06/recover-20251030/UBNA_027/20251027_100000.WAV,recover-20251030,UBNA_027,E18 Bridge
HF,56640.0,23.757174861706044,94.5645,94.5691,45234.0,82476.0,Myotis alcathoe,0.369,0.445,-1,Echolocation,192000.0,/mnt/ubna_data_06/recover-20251030/UBNA_027/20251027_100000.WAV,recover-20251030,UBNA_027,E18 Bridge
HF,55680.0,25.606349731206762,94.6235,94.6286,52109.0,70254.0,Pipistrellus pygmaeus,0.316,0.35,-1,Echolocation,192000.0,/mnt/ubna_data_06/recover-20251030/UBNA_027/20251027_100000.WAV,recover-20251030,UBNA_027,E18 Bridge
HF,55680.0,23.14633111912844,94.6245,94.6289,43515.0,83068.0,Myotis alcathoe,0.373,0.43,-1,Echolocation,192000.0,/mnt/ubna_data_06/recover-20251030/UBNA_027/20251027_100000.WAV,recover-20251030,UBNA_027,E18 Bridge
HF,54720.0,25.71224384021205,94.6855,94.6895,46093.0,81403.0,Myotis alcathoe,0.371,0.493,-1,Echolocation,192000.0,/mnt/ubna_data_06/recover-20251030/UBNA_027/20251027_100000.WAV,recover-20251030,UBNA_027,E18 Bridge
HF,52800.0,22.948250794957985,94.7615,94.7664,44375.0,75387.0,Myotis alcathoe,0.339,0.509,-1,Echolocation,192000.0,/mnt/ubna_data_06/recover-20251030/UBNA_027/20251027_100000.WAV,recover-20251030,UBNA_027,E18 Bridge
HF,52800.0,16.821835002806488,94.8105,94.8138,48671.0,65754.0,Myotis alcathoe,0.259,0.464,-1,Echolocation,192000.0,/mnt/ubna_data_06/recover-20251030/UBNA_027/20251027_100000.WAV,recover-20251030,UBNA_027,E18 Bridge
HF,52800.0,19.068226756283476,94.8605,94.8642,47812.0,72963.0,Myotis alcathoe,0.335,0.47,-1,Echolocation,192000.0,/mnt/ubna_data_06/recover-20251030/UBNA_027/20251027_100000.WAV,recover-20251030,UBNA_027,E18 Bridge
HF,50880.0,11.419431817821033,94.9215,94.9264,46953.0,64418.0,Pipistrellus pipistrellus,0.253,0.512,-1,Echolocation,192000.0,/mnt/ubna_data_06/recover-20251030/UBNA_027/20251027_100000.WAV,recover-20251030,UBNA_027,E18 Bridge
HF,49920.0,16.791361918059295,95.0025,95.0073,46093.0,65258.0,Pipistrellus pipistrellus,0.228,0.436,-1,Echolocation,192000.0,/mnt/ubna_data_06/recover-20251030/UBNA_027/20251027_100000.WAV,recover-20251030,UBNA_027,E18 Bridge
HF,50880.0,15.052550980848125,95.0585,95.0626,46093.0,72893.0,Myotis alcathoe,0.286,0.45,-1,Echolocation,192000.0,/mnt/ubna_data_06/recover-20251030/UBNA_027/20251027_100000.WAV,recover-20251030,UBNA_027,E18 Bridge
HF,55680.0,23.51564185623832,95.1105,95.1151,45234.0,75279.0,Pipistrellus pipistrellus,0.261,0.508,-1,Echolocation,192000.0,/mnt/ubna_data_06/recover-20251030/UBNA_027/20251027_100000.WAV,recover-20251030,UBNA_027,E18 Bridge
HF,47040.0,4.789145708542866,95.1765,95.1793,46093.0,65308.0,Myotis alcathoe,0.153,0.328,-1,Echolocation,192000.0,/mnt/ubna_data_06/recover-20251030/UBNA_027/20251027_100000.WAV,recover-20251030,UBNA_027,E18 Bridge
HF,52800.0,3.5179375134046262,95.2425,95.24549999999999,47812.0,63793.0,Myotis alcathoe,0.18,0.312,-1,Echolocation,192000.0,/mnt/ubna_data_06/recover-20251030/UBNA_027/20251027_100000.WAV,recover-20251030,UBNA_027,E18 Bridge
HF,52800.0,14.449726097891674,95.4385,95.4432,46953.0,56545.0,Pipistrellus pipistrellus,0.52,0.633,-1,Echolocation,192000.0,/mnt/ubna_data_06/recover-20251030/UBNA_027/20251027_100000.WAV,recover-20251030,UBNA_027,E18 Bridge
HF,52800.0,2.873124278527685,95.6195,95.6233,52109.0,58899.0,Pipistrellus pipistrellus,0.253,0.349,-1,Echolocation,192000.0,/mnt/ubna_data_06/recover-20251030/UBNA_027/20251027_100000.WAV,recover-20251030,UBNA_027,E18 Bridge
HF,53760.0,5.15088870774102,95.7585,95.7615,49531.0,63773.0,Myotis alcathoe,0.19,0.336,-1,Echolocation,192000.0,/mnt/ubna_data_06/recover-20251030/UBNA_027/20251027_100000.WAV,recover-20251030,UBNA_027,E18 Bridge
HF,51840.0,6.012335695896799,96.3485,96.3537,49531.0,57828.0,Pipistrellus pipistrellus,0.329,0.359,-1,Echolocation,192000.0,/mnt/ubna_data_06/recover-20251030/UBNA_027/20251027_100000.WAV,recover-20251030,UBNA_027,E18 Bridge
HF,52800.0,5.039369209409061,96.4865,96.491,46093.0,62638.0,Myotis alcathoe,0.157,0.377,-1,Echolocation,192000.0,/mnt/ubna_data_06/recover-20251030/UBNA_027/20251027_100000.WAV,recover-20251030,UBNA_027,E18 Bridge
HF,51840.0,9.881652098073392,96.5455,96.5506,46953.0,60400.0,Pipistrellus pipistrellus,0.487,0.569,-1,Echolocation,192000.0,/mnt/ubna_data_06/recover-20251030/UBNA_027/20251027_100000.WAV,recover-20251030,UBNA_027,E18 Bridge
HF,50880.0,2.7224534193587453,96.6485,96.6528,48671.0,60011.0,Pipistrellus pipistrellus,0.306,0.34,-1,Echolocation,192000.0,/mnt/ubna_data_06/recover-20251030/UBNA_027/20251027_100000.WAV,recover-20251030,UBNA_027,E18 Bridge
HF,47040.0,4.169157460485703,96.6995,96.7043,46093.0,61512.0,Pipistrellus pipistrellus,0.284,0.419,-1,Echolocation,192000.0,/mnt/ubna_data_06/recover-20251030/UBNA_027/20251027_100000.WAV,recover-20251030,UBNA_027,E18 Bridge
HF,55680.0,11.537937017073352,96.7805,96.7863,46953.0,62789.0,Pipistrellus pipistrellus,0.475,0.608,-1,Echolocation,192000.0,/mnt/ubna_data_06/recover-20251030/UBNA_027/20251027_100000.WAV,recover-20251030,UBNA_027,E18 Bridge
HF,51840.0,5.431303193163667,96.9705,96.9751,44375.0,57503.0,Pipistrellus pipistrellus,0.249,0.377,-1,Echolocation,192000.0,/mnt/ubna_data_06/recover-20251030/UBNA_027/20251027_100000.WAV,recover-20251030,UBNA_027,E18 Bridge
HF,52800.0,8.230127204094956,97.0535,97.0586,46953.0,59611.0,Pipistrellus pipistrellus,0.497,0.582,-1,Echolocation,192000.0,/mnt/ubna_data_06/recover-20251030/UBNA_027/20251027_100000.WAV,recover-20251030,UBNA_027,E18 Bridge
HF,48000.0,8.920029754687564,97.3275,97.3321,46093.0,56855.0,Pipistrellus pipistrellus,0.474,0.503,-1,Echolocation,192000.0,/mnt/ubna_data_06/recover-20251030/UBNA_027/20251027_100000.WAV,recover-20251030,UBNA_027,E18 Bridge
HF,47040.0,3.9574610315694314,98.8655,98.8721,46093.0,56039.0,Pipistrellus pipistrellus,0.353,0.404,-1,Echolocation,192000.0,/mnt/ubna_data_06/recover-20251030/UBNA_027/20251027_100000.WAV,recover-20251030,UBNA_027,E18 Bridge
HF,51840.0,5.870703195752556,99.1835,99.1881,46953.0,59749.0,Pipistrellus pipistrellus,0.34,0.428,-1,Echolocation,192000.0,/mnt/ubna_data_06/recover-20251030/UBNA_027/20251027_100000.WAV,recover-20251030,UBNA_027,E18 Bridge
HF,49920.0,7.307308420722533,99.3315,99.3361,49531.0,57298.0,Pipistrellus pipistrellus,0.324,0.369,-1,Echolocation,192000.0,/mnt/ubna_data_06/recover-20251030/UBNA_027/20251027_100000.WAV,recover-20251030,UBNA_027,E18 Bridge
HF,54720.0,5.304578569222197,99.3955,99.3994,45234.0,59357.0,Pipistrellus pipistrellus,0.201,0.364,-1,Echolocation,192000.0,/mnt/ubna_data_06/recover-20251030/UBNA_027/20251027_100000.WAV,recover-20251030,UBNA_027,E18 Bridge
HF,52800.0,2.307179377747221,99.5725,99.5762,47812.0,59290.0,Pipistrellus pipistrellus,0.31,0.374,-1,Echolocation,192000.0,/mnt/ubna_data_06/recover-20251030/UBNA_027/20251027_100000.WAV,recover-20251030,UBNA_027,E18 Bridge
HF,52800.0,7.281137112601558,99.7175,99.7218,50390.0,59729.0,Pipistrellus pipistrellus,0.4,0.473,-1,Echolocation,192000.0,/mnt/ubna_data_06/recover-20251030/UBNA_027/20251027_100000.WAV,recover-20251030,UBNA_027,E18 Bridge
HF,49920.0,3.4155564083278427,99.7655,99.7692,47812.0,57937.0,Pipistrellus pipistrellus,0.399,0.435,-1,Echolocation,192000.0,/mnt/ubna_data_06/recover-20251030/UBNA_027/20251027_100000.WAV,recover-20251030,UBNA_027,E18 Bridge
HF,54720.0,6.494097027829445,99.9465,99.9512,47812.0,62868.0,Pipistrellus pipistrellus,0.352,0.468,-1,Echolocation,192000.0,/mnt/ubna_data_06/recover-20251030/UBNA_027/20251027_100000.WAV,recover-20251030,UBNA_027,E18 Bridge
HF,58560.0,11.016236085671398,100.0555,100.0606,54687.0,66039.0,Pipistrellus pygmaeus,0.38,0.396,-1,Echolocation,192000.0,/mnt/ubna_data_06/recover-20251030/UBNA_027/20251027_100000.WAV,recover-20251030,UBNA_027,E18 Bridge
HF,55680.0,11.390713734889983,100.10849999999999,100.1122,48671.0,73194.0,Myotis alcathoe,0.323,0.428,-1,Echolocation,192000.0,/mnt/ubna_data_06/recover-20251030/UBNA_027/20251027_100000.WAV,recover-20251030,UBNA_027,E18 Bridge
HF,54720.0,10.402930334807316,100.1505,100.1535,48671.0,70509.0,Myotis alcathoe,0.279,0.346,-1,Echolocation,192000.0,/mnt/ubna_data_06/recover-20251030/UBNA_027/20251027_100000.WAV,recover-20251030,UBNA_027,E18 Bridge
HF,50880.0,8.12034319962418,100.1965,100.2002,47812.0,72575.0,Myotis alcathoe,0.267,0.332,-1,Echolocation,192000.0,/mnt/ubna_data_06/recover-20251030/UBNA_027/20251027_100000.WAV,recover-20251030,UBNA_027,E18 Bridge
HF,55680.0,12.188040994381149,100.2565,100.2599,47812.0,75627.0,Myotis alcathoe,0.262,0.307,-1,Echolocation,192000.0,/mnt/ubna_data_06/recover-20251030/UBNA_027/20251027_100000.WAV,recover-20251030,UBNA_027,E18 Bridge
HF,54720.0,8.878928050870488,100.3325,100.3363,47812.0,71228.0,Myotis alcathoe,0.293,0.361,-1,Echolocation,192000.0,/mnt/ubna_data_06/recover-20251030/UBNA_027/20251027_100000.WAV,recover-20251030,UBNA_027,E18 Bridge
HF,55680.0,13.272557374527745,100.3815,100.3854,47812.0,67048.0,Myotis alcathoe,0.267,0.394,-1,Echolocation,192000.0,/mnt/ubna_data_06/recover-20251030/UBNA_027/20251027_100000.WAV,recover-20251030,UBNA_027,E18 Bridge
HF,55680.0,14.243938426516179,100.3815,100.3854,53828.0,69551.0,Pipistrellus pygmaeus,0.325,0.413,-1,Echolocation,192000.0,/mnt/ubna_data_06/recover-20251030/UBNA_027/20251027_100000.WAV,recover-20251030,UBNA_027,E18 Bridge
HF,50880.0,10.870555355865633,100.5065,100.5103,49531.0,69656.0,Myotis alcathoe,0.291,0.36,-1,Echolocation,192000.0,/mnt/ubna_data_06/recover-20251030/UBNA_027/20251027_100000.WAV,recover-20251030,UBNA_027,E18 Bridge
HF,53760.0,12.060553166905741,100.5545,100.5585,48671.0,70845.0,Myotis alcathoe,0.282,0.395,-1,Echolocation,192000.0,/mnt/ubna_data_06/recover-20251030/UBNA_027/20251027_100000.WAV,recover-20251030,UBNA_027,E18 Bridge
HF,56640.0,14.418513668612977,100.6135,100.617,46093.0,75071.0,Myotis alcathoe,0.348,0.432,-1,Echolocation,192000.0,/mnt/ubna_data_06/recover-20251030/UBNA_027/20251027_100000.WAV,recover-20251030,UBNA_027,E18 Bridge
HF,56640.0,17.508501148096222,100.6735,100.6776,46953.0,74856.0,Myotis alcathoe,0.397,0.568,-1,Echolocation,192000.0,/mnt/ubna_data_06/recover-20251030/UBNA_027/20251027_100000.WAV,recover-20251030,UBNA_027,E18 Bridge
HF,55680.0,16.859266452452104,100.7285,100.7329,45234.0,82039.0,Myotis alcathoe,0.44,0.523,-1,Echolocation,192000.0,/mnt/ubna_data_06/recover-20251030/UBNA_027/20251027_100000.WAV,recover-20251030,UBNA_027,E18 Bridge
HF,54720.0,17.734744141746877,100.7785,100.7828,43515.0,79430.0,Myotis alcathoe,0.368,0.451,-1,Echolocation,192000.0,/mnt/ubna_data_06/recover-20251030/UBNA_027/20251027_100000.WAV,recover-20251030,UBNA_027,E18 Bridge
HF,54720.0,19.49902140761911,100.8295,100.8337,45234.0,79265.0,Myotis alcathoe,0.346,0.447,-1,Echolocation,192000.0,/mnt/ubna_data_06/recover-20251030/UBNA_027/20251027_100000.WAV,recover-20251030,UBNA_027,E18 Bridge
HF,54720.0,19.22036991076698,100.87950000000001,100.885,52968.0,68924.0,Pipistrellus pygmaeus,0.222,0.349,-1,Echolocation,192000.0,/mnt/ubna_data_06/recover-20251030/UBNA_027/20251027_100000.WAV,recover-20251030,UBNA_027,E18 Bridge
HF,54720.0,18.69713675134027,100.8805,100.8832,43515.0,78647.0,Myotis alcathoe,0.303,0.37,-1,Echolocation,192000.0,/mnt/ubna_data_06/recover-20251030/UBNA_027/20251027_100000.WAV,recover-20251030,UBNA_027,E18 Bridge
HF,55680.0,14.458164257069157,100.9215,100.9261,52968.0,68536.0,Pipistrellus pygmaeus,0.289,0.437,-1,Echolocation,192000.0,/mnt/ubna_data_06/recover-20251030/UBNA_027/20251027_100000.WAV,recover-20251030,UBNA_027,E18 Bridge
HF,55680.0,12.993772322402336,100.9235,100.9263,43515.0,76131.0,Myotis alcathoe,0.247,0.311,-1,Echolocation,192000.0,/mnt/ubna_data_06/recover-20251030/UBNA_027/20251027_100000.WAV,recover-20251030,UBNA_027,E18 Bridge
HF,54720.0,10.46965526735552,100.9625,100.9659,48671.0,73959.0,Myotis alcathoe,0.299,0.399,-1,Echolocation,192000.0,/mnt/ubna_data_06/recover-20251030/UBNA_027/20251027_100000.WAV,recover-20251030,UBNA_027,E18 Bridge
HF,59520.0,7.555245572424859,101.0255,101.0286,44375.0,75148.0,Myotis alcathoe,0.222,0.319,-1,Echolocation,192000.0,/mnt/ubna_data_06/recover-20251030/UBNA_027/20251027_100000.WAV,recover-20251030,UBNA_027,E18 Bridge
HF,56640.0,7.324892668513412,101.2385,101.2425,50390.0,65746.0,Pipistrellus pygmaeus,0.139,0.34,-1,Echolocation,192000.0,/mnt/ubna_data_06/recover-20251030/UBNA_027/20251027_100000.WAV,recover-20251030,UBNA_027,E18 Bridge
HF,48960.0,4.981560473344459,101.3665,101.3711,47812.0,59053.0,Pipistrellus pipistrellus,0.45,0.509,-1,Echolocation,192000.0,/mnt/ubna_data_06/recover-20251030/UBNA_027/20251027_100000.WAV,recover-20251030,UBNA_027,E18 Bridge
HF,56640.0,15.080760615429558,101.4355,101.4396,47812.0,69695.0,Myotis alcathoe,0.261,0.48,-1,Echolocation,192000.0,/mnt/ubna_data_06/recover-20251030/UBNA_027/20251027_100000.WAV,recover-20251030,UBNA_027,E18 Bridge
HF,52800.0,24.30045509995788,101.5575,101.5615,40078.0,81465.0,Myotis alcathoe,0.404,0.442,-1,Echolocation,192000.0,/mnt/ubna_data_06/recover-20251030/UBNA_027/20251027_100000.WAV,recover-20251030,UBNA_027,E18 Bridge
HF,56640.0,20.57617549435485,101.6485,101.6528,44375.0,82225.0,Myotis alcathoe,0.394,0.447,-1,Echolocation,192000.0,/mnt/ubna_data_06/recover-20251030/UBNA_027/20251027_100000.WAV,recover-20251030,UBNA_027,E18 Bridge
HF,52800.0,23.06530674810281,101.7295,101.7341,44375.0,71546.0,Myotis alcathoe,0.317,0.484,-1,Echolocation,192000.0,/mnt/ubna_data_06/recover-20251030/UBNA_027/20251027_100000.WAV,recover-20251030,UBNA_027,E18 Bridge
HF,55680.0,26.07530835838289,101.8115,101.8158,44375.0,76254.0,Myotis alcathoe,0.379,0.491,-1,Echolocation,192000.0,/mnt/ubna_data_06/recover-20251030/UBNA_027/20251027_100000.WAV,recover-20251030,UBNA_027,E18 Bridge
HF,54720.0,26.048358730289763,101.89150000000001,101.8949,46953.0,68954.0,Myotis alcathoe,0.262,0.404,-1,Echolocation,192000.0,/mnt/ubna_data_06/recover-20251030/UBNA_027/20251027_100000.WAV,recover-20251030,UBNA_027,E18 Bridge
HF,48000.0,10.859034533937598,101.9765,101.9803,45234.0,66049.0,Myotis alcathoe,0.237,0.371,-1,Echolocation,192000.0,/mnt/ubna_data_06/recover-20251030/UBNA_027/20251027_100000.WAV,recover-20251030,UBNA_027,E18 Bridge
HF,48960.0,22.76161489792617,102.0655,102.07,45234.0,65110.0,Pipistrellus pipistrellus,0.417,0.488,-1,Echolocation,192000.0,/mnt/ubna_data_06/recover-20251030/UBNA_027/20251027_100000.WAV,recover-20251030,UBNA_027,E18 Bridge
HF,51840.0,14.613876565739139,102.1505,102.1554,44375.0,73715.0,Myotis alcathoe,0.304,0.487,-1,Echolocation,192000.0,/mnt/ubna_data_06/recover-20251030/UBNA_027/20251027_100000.WAV,recover-20251030,UBNA_027,E18 Bridge
HF,53760.0,13.876080596954639,102.23949999999999,102.2438,45234.0,75274.0,Myotis alcathoe,0.34,0.485,-1,Echolocation,192000.0,/mnt/ubna_data_06/recover-20251030/UBNA_027/20251027_100000.WAV,recover-20251030,UBNA_027,E18 Bridge
HF,50880.0,26.806132485738374,102.3275,102.3325,46093.0,68868.0,Pipistrellus pipistrellus,0.423,0.536,-1,Echolocation,192000.0,/mnt/ubna_data_06/recover-20251030/UBNA_027/20251027_100000.WAV,recover-20251030,UBNA_027,E18 Bridge
HF,53760.0,17.927773631309577,102.4135,102.4185,46093.0,64788.0,Pipistrellus pipistrellus,0.389,0.53,-1,Echolocation,192000.0,/mnt/ubna_data_06/recover-20251030/UBNA_027/20251027_100000.WAV,recover-20251030,UBNA_027,E18 Bridge
HF,56640.0,19.830196913411772,102.5005,102.5058,43515.0,76710.0,Myotis alcathoe,0.321,0.484,-1,Echolocation,192000.0,/mnt/ubna_data_06/recover-20251030/UBNA_027/20251027_100000.WAV,recover-20251030,UBNA_027,E18 Bridge
HF,52800.0,12.015529959602421,102.5895,102.5938,46093.0,66246.0,Myotis alcathoe,0.276,0.452,-1,Echolocation,192000.0,/mnt/ubna_data_06/recover-20251030/UBNA_027/20251027_100000.WAV,recover-20251030,UBNA_027,E18 Bridge
HF,52800.0,14.232594714904664,102.6765,102.6817,45234.0,70328.0,Myotis alcathoe,0.229,0.471,-1,Echolocation,192000.0,/mnt/ubna_data_06/recover-20251030/UBNA_027/20251027_100000.WAV,recover-20251030,UBNA_027,E18 Bridge
HF,52800.0,10.597795714883818,102.7405,102.7454,51250.0,68272.0,Pipistrellus pipistrellus,0.256,0.507,-1,Echolocation,192000.0,/mnt/ubna_data_06/recover-20251030/UBNA_027/20251027_100000.WAV,recover-20251030,UBNA_027,E18 Bridge
HF,52800.0,11.571400970264403,102.7865,102.7912,48671.0,64104.0,Pipistrellus pipistrellus,0.357,0.461,-1,Echolocation,192000.0,/mnt/ubna_data_06/recover-20251030/UBNA_027/20251027_100000.WAV,recover-20251030,UBNA_027,E18 Bridge
HF,54720.0,22.058199687177485,102.85849999999999,102.8637,49531.0,72441.0,Myotis alcathoe,0.254,0.405,-1,Echolocation,192000.0,/mnt/ubna_data_06/recover-20251030/UBNA_027/20251027_100000.WAV,recover-20251030,UBNA_027,E18 Bridge
HF,54720.0,27.41999527951657,102.9425,102.9478,45234.0,83367.0,Myotis alcathoe,0.366,0.48,-1,Echolocation,192000.0,/mnt/ubna_data_06/recover-20251030/UBNA_027/20251027_100000.WAV,recover-20251030,UBNA_027,E18 Bridge
HF,51840.0,24.72755165630121,103.02250000000001,103.0274,44375.0,68763.0,Pipistrellus pipistrellus,0.497,0.61,-1,Echolocation,192000.0,/mnt/ubna_data_06/recover-20251030/UBNA_027/20251027_100000.WAV,recover-20251030,UBNA_027,E18 Bridge
HF,51840.0,16.75322666213325,103.1065,103.1118,45234.0,73011.0,Myotis alcathoe,0.284,0.386,-1,Echolocation,192000.0,/mnt/ubna_data_06/recover-20251030/UBNA_027/20251027_100000.WAV,recover-20251030,UBNA_027,E18 Bridge
HF,51840.0,16.838004179715796,103.1865,103.19069999999999,47812.0,70546.0,Myotis alcathoe,0.249,0.335,-1,Echolocation,192000.0,/mnt/ubna_data_06/recover-20251030/UBNA_027/20251027_100000.WAV,recover-20251030,UBNA_027,E18 Bridge
HF,54720.0,20.89972530793164,103.2695,103.2745,43515.0,71466.0,Myotis alcathoe,0.254,0.444,-1,Echolocation,192000.0,/mnt/ubna_data_06/recover-20251030/UBNA_027/20251027_100000.WAV,recover-20251030,UBNA_027,E18 Bridge
HF,56640.0,9.631503961714769,103.35249999999999,103.3587,46953.0,66195.0,Pipistrellus pipistrellus,0.299,0.485,-1,Echolocation,192000.0,/mnt/ubna_data_06/recover-20251030/UBNA_027/20251027_100000.WAV,recover-20251030,UBNA_027,E18 Bridge
HF,51840.0,17.907947292779077,103.4435,103.4488,46093.0,68279.0,Pipistrellus pipistrellus,0.446,0.589,-1,Echolocation,192000.0,/mnt/ubna_data_06/recover-20251030/UBNA_027/20251027_100000.WAV,recover-20251030,UBNA_027,E18 Bridge
HF,53760.0,11.519066912453297,103.64150000000001,103.6476,45234.0,65551.0,Pipistrellus pipistrellus,0.356,0.563,-1,Echolocation,192000.0,/mnt/ubna_data_06/recover-20251030/UBNA_027/20251027_100000.WAV,recover-20251030,UBNA_027,E18 Bridge
HF,55680.0,12.69525567662161,103.7225,103.7293,52968.0,64924.0,Pipistrellus pipistrellus,0.193,0.399,-1,Echolocation,192000.0,/mnt/ubna_data_06/recover-20251030/UBNA_027/20251027_100000.WAV,recover-20251030,UBNA_027,E18 Bridge
HF,51840.0,5.043248047613254,103.9065,103.9141,47812.0,63644.0,Pipistrellus pipistrellus,0.255,0.385,-1,Echolocation,192000.0,/mnt/ubna_data_06/recover-20251030/UBNA_027/20251027_100000.WAV,recover-20251030,UBNA_027,E18 Bridge
HF,55680.0,7.954693692244258,104.1585,104.1664,46953.0,60197.0,Pipistrellus pipistrellus,0.373,0.468,-1,Echolocation,192000.0,/mnt/ubna_data_06/recover-20251030/UBNA_027/20251027_100000.WAV,recover-20251030,UBNA_027,E18 Bridge
HF,48000.0,7.7512972023281534,104.2255,104.23310000000001,46953.0,63966.0,Pipistrellus pipistrellus,0.196,0.324,-1,Echolocation,192000.0,/mnt/ubna_data_06/recover-20251030/UBNA_027/20251027_100000.WAV,recover-20251030,UBNA_027,E18 Bridge
HF,51840.0,5.157085150535899,104.3385,104.3485,46953.0,61725.0,Pipistrellus pipistrellus,0.263,0.348,-1,Echolocation,192000.0,/mnt/ubna_data_06/recover-20251030/UBNA_027/20251027_100000.WAV,recover-20251030,UBNA_027,E18 Bridge
HF,52800.0,8.454089835825052,104.4675,104.4739,46953.0,62813.0,Pipistrellus pipistrellus,0.259,0.351,-1,Echolocation,192000.0,/mnt/ubna_data_06/recover-20251030/UBNA_027/20251027_100000.WAV,recover-20251030,UBNA_027,E18 Bridge
HF,54720.0,9.855351895531799,104.6035,104.6124,46093.0,63603.0,Pipistrellus pipistrellus,0.205,0.401,-1,Echolocation,192000.0,/mnt/ubna_data_06/recover-20251030/UBNA_027/20251027_100000.WAV,recover-20251030,UBNA_027,E18 Bridge
HF,53760.0,5.351151437111509,104.7885,104.7996,51250.0,61249.0,Pipistrellus pipistrellus,0.251,0.452,-1,Echolocation,192000.0,/mnt/ubna_data_06/recover-20251030/UBNA_027/20251027_100000.WAV,recover-20251030,UBNA_027,E18 Bridge
HF,52800.0,6.5830611365617795,104.8445,104.8529,47812.0,62320.0,Pipistrellus pipistrellus,0.262,0.343,-1,Echolocation,192000.0,/mnt/ubna_data_06/recover-20251030/UBNA_027/20251027_100000.WAV,recover-20251030,UBNA_027,E18 Bridge
HF,51840.0,9.114567395460762,104.8885,104.8939,47812.0,62224.0,Pipistrellus pipistrellus,0.366,0.499,-1,Echolocation,192000.0,/mnt/ubna_data_06/recover-20251030/UBNA_027/20251027_100000.WAV,recover-20251030,UBNA_027,E18 Bridge
HF,50880.0,8.271273883252988,104.9365,104.9433,46093.0,62192.0,Pipistrellus pipistrellus,0.384,0.547,-1,Echolocation,192000.0,/mnt/ubna_data_06/recover-20251030/UBNA_027/20251027_100000.WAV,recover-20251030,UBNA_027,E18 Bridge
LF,27840.0,3.7138749224430967,277.2435,277.2536,25468.0,31015.0,Eptesicus serotinus,0.168,0.318,-1,Echolocation,192000.0,/mnt/ubna_data_06/recover-20251030/UBNA_027/20251027_100000.WAV,recover-20251030,UBNA_027,E18 Bridge
LF,27840.0,3.3887381417422935,214.5245,214.5336,26328.0,32704.0,Eptesicus serotinus,0.175,0.307,-1,Echolocation,192000.0,/mnt/ubna_data_06/recover-20251030/UBNA_027/20251027_101000.WAV,recover-20251030,UBNA_027,E18 Bridge
LF,27840.0,2.2627772962118873,77.9045,77.9144,26328.0,31620.0,Eptesicus serotinus,0.189,0.33,-1,Echolocation,192000.0,/mnt/ubna_data_06/recover-20251030/UBNA_027/20251027_102000.WAV,recover-20251030,UBNA_027,E18 Bridge
LF,26880.0,2.6559753939398494,184.6575,184.6665,26328.0,32500.0,Eptesicus serotinus,0.165,0.314,-1,Echolocation,192000.0,/mnt/ubna_data_06/recover-20251030/UBNA_027/20251027_102000.WAV,recover-20251030,UBNA_027,E18 Bridge
LF,27840.0,2.5753710281119075,65.1045,65.113,25468.0,33109.0,Eptesicus serotinus,0.172,0.34,-1,Echolocation,192000.0,/mnt/ubna_data_06/recover-20251030/UBNA_027/20251027_103000.WAV,recover-20251030,UBNA_027,E18 Bridge
LF,27840.0,3.592377734271744,16.8085,16.8132,22031.0,38273.0,Plecotus austriacus,0.27,0.374,-1,Echolocation,192000.0,/mnt/ubna_data_06/recover-20251030/UBNA_027/20251027_104000.WAV,recover-20251030,UBNA_027,E18 Bridge
LF,27840.0,2.7275739886576478,27.7285,27.739,26328.0,30933.0,Eptesicus serotinus,0.154,0.311,-1,Echolocation,192000.0,/mnt/ubna_data_06/recover-20251030/UBNA_027/20251027_105000.WAV,recover-20251030,UBNA_027,E18 Bridge
LF,27840.0,1.733526141005687,85.4995,85.5096,25468.0,30834.0,Eptesicus serotinus,0.165,0.3,-1,Echolocation,192000.0,/mnt/ubna_data_06/recover-20251030/UBNA_027/20251027_105000.WAV,recover-20251030,UBNA_027,E18 Bridge
LF,27840.0,2.651110259840449,53.072500000000005,53.0815,25468.0,32493.0,Eptesicus serotinus,0.14,0.306,-1,Echolocation,192000.0,/mnt/ubna_data_06/recover-20251030/UBNA_027/20251027_110000.WAV,recover-20251030,UBNA_027,E18 Bridge
LF,23040.0,1.481811059859949,118.6395,118.6494,23750.0,32102.0,Eptesicus serotinus,0.143,0.301,-1,Echolocation,192000.0,/mnt/ubna_data_06/recover-20251030/UBNA_027/20251027_111000.WAV,recover-20251030,UBNA_027,E18 Bridge
LF,27840.0,3.204819775990418,267.9425,267.9509,27187.0,35246.0,Eptesicus serotinus,0.182,0.311,-1,Echolocation,192000.0,/mnt/ubna_data_06/recover-20251030/UBNA_027/20251027_112000.WAV,recover-20251030,UBNA_027,E18 Bridge
LF,27840.0,2.426601223701378,11.3445,11.3552,25468.0,31100.0,Eptesicus serotinus,0.151,0.311,-1,Echolocation,192000.0,/mnt/ubna_data_06/recover-20251030/UBNA_027/20251027_113000.WAV,recover-20251030,UBNA_027,E18 Bridge
LF,27840.0,2.0012525807351227,134.82150000000001,134.8295,26328.0,35149.0,Eptesicus serotinus,0.286,0.395,-1,Echolocation,192000.0,/mnt/ubna_data_06/recover-20251030/UBNA_027/20251027_115000.WAV,recover-20251030,UBNA_027,E18 Bridge
LF,28800.0,2.766174959730643,47.6125,47.622299999999996,25468.0,31398.0,Eptesicus serotinus,0.156,0.316,-1,Echolocation,192000.0,/mnt/ubna_data_06/recover-20251030/UBNA_027/20251027_121000.WAV,recover-20251030,UBNA_027,E18 Bridge
LF,27840.0,2.400589586653145,7.5045,7.5152,25468.0,31113.0,Eptesicus serotinus,0.152,0.321,-1,Echolocation,192000.0,/mnt/ubna_data_06/recover-20251030/UBNA_027/20251027_140000.WAV,recover-20251030,UBNA_027,E18 Bridge
LF,19200.0,4.453742857443675,185.5125,185.5356,17734.0,20405.0,Nyctalus noctula,0.278,0.367,-1,Echolocation,192000.0,/mnt/ubna_data_06/recover-20251030/UBNA_027/20251027_142000.WAV,recover-20251030,UBNA_027,E18 Bridge
HF,48000.0,5.302040006479416,72.1245,72.151,46953.0,50128.0,Pipistrellus pipistrellus,0.291,0.317,-1,Echolocation,192000.0,/mnt/ubna_data_06/recover-20251030/UBNA_027/20251027_143000.WAV,recover-20251030,UBNA_027,E18 Bridge
HF,48000.0,16.586590252453068,72.2505,72.27250000000001,46953.0,50221.0,Pipistrellus pipistrellus,0.378,0.415,-1,Echolocation,192000.0,/mnt/ubna_data_06/recover-20251030/UBNA_027/20251027_143000.WAV,recover-20251030,UBNA_027,E18 Bridge
HF,48000.0,19.371556237878224,72.5715,72.6006,46093.0,50561.0,Pipistrellus pipistrellus,0.395,0.412,-1,Echolocation,192000.0,/mnt/ubna_data_06/recover-20251030/UBNA_027/20251027_143000.WAV,recover-20251030,UBNA_027,E18 Bridge
HF,47040.0,14.301790279842166,72.6825,72.7084,46093.0,49886.0,Pipistrellus pipistrellus,0.338,0.357,-1,Echolocation,192000.0,/mnt/ubna_data_06/recover-20251030/UBNA_027/20251027_143000.WAV,recover-20251030,UBNA_027,E18 Bridge
HF,47040.0,17.512085129043975,72.7815,72.814,46093.0,49685.0,Pipistrellus pipistrellus,0.384,0.404,-1,Echolocation,192000.0,/mnt/ubna_data_06/recover-20251030/UBNA_027/20251027_143000.WAV,recover-20251030,UBNA_027,E18 Bridge
HF,48000.0,15.307500466286083,72.9005,72.9235,46953.0,49872.0,Pipistrellus pipistrellus,0.374,0.399,-1,Echolocation,192000.0,/mnt/ubna_data_06/recover-20251030/UBNA_027/20251027_143000.WAV,recover-20251030,UBNA_027,E18 Bridge
HF,48000.0,13.524106750816431,73.2515,73.2807,46953.0,49748.0,Pipistrellus pipistrellus,0.311,0.342,-1,Echolocation,192000.0,/mnt/ubna_data_06/recover-20251030/UBNA_027/20251027_143000.WAV,recover-20251030,UBNA_027,E18 Bridge
HF,48000.0,14.930269475259525,74.0725,74.0953,46953.0,49365.0,Pipistrellus pipistrellus,0.253,0.323,-1,Echolocation,192000.0,/mnt/ubna_data_06/recover-20251030/UBNA_027/20251027_143000.WAV,recover-20251030,UBNA_027,E18 Bridge
HF,47040.0,8.554392574265737,74.36449999999999,74.3867,46093.0,49601.0,Pipistrellus pipistrellus,0.306,0.35,-1,Echolocation,192000.0,/mnt/ubna_data_06/recover-20251030/UBNA_027/20251027_143000.WAV,recover-20251030,UBNA_027,E18 Bridge
HF,48000.0,12.297707018407497,74.4435,74.468,46953.0,49339.0,Pipistrellus pipistrellus,0.335,0.378,-1,Echolocation,192000.0,/mnt/ubna_data_06/recover-20251030/UBNA_027/20251027_143000.WAV,recover-20251030,UBNA_027,E18 Bridge
LF,20160.0,14.504481674668346,3.9275,3.945,19453.0,23113.0,Nyctalus noctula,0.366,0.537,-1,Echolocation,192000.0,/mnt/ubna_data_06/recover-20251030/UBNA_027/20251027_150000.WAV,recover-20251030,UBNA_027,E18 Bridge
LF,20160.0,11.133811818821632,4.9905,5.0084,19453.0,23047.0,Nyctalus noctula,0.264,0.355,-1,Echolocation,192000.0,/mnt/ubna_data_06/recover-20251030/UBNA_027/20251027_150000.WAV,recover-20251030,UBNA_027,E18 Bridge
LF,24000.0,3.7968078424580876,12.9125,12.9293,23750.0,26904.0,Nyctalus leisleri,0.258,0.337,-1,Echolocation,192000.0,/mnt/ubna_data_06/recover-20251030/UBNA_027/20251027_150000.WAV,recover-20251030,UBNA_027,E18 Bridge
LF,20160.0,15.22179296025373,14.1185,14.1407,18593.0,22800.0,Nyctalus noctula,0.352,0.46,-1,Echolocation,192000.0,/mnt/ubna_data_06/recover-20251030/UBNA_027/20251027_150000.WAV,recover-20251030,UBNA_027,E18 Bridge
LF,22080.0,2.5297381745199186,82.9025,82.9235,21171.0,24476.0,Nyctalus leisleri,0.196,0.31,-1,Echolocation,192000.0,/mnt/ubna_data_06/recover-20251030/UBNA_027/20251027_162000.WAV,recover-20251030,UBNA_027,E18 Bridge
LF,19200.0,7.427083211358556,81.6985,81.7243,17734.0,20377.0,Nyctalus noctula,0.251,0.339,-1,Echolocation,192000.0,/mnt/ubna_data_06/recover-20251030/UBNA_027/20251027_164000.WAV,recover-20251030,UBNA_027,E18 Bridge
LF,21120.0,-0.24715327462404535,276.8705,276.8912,20312.0,24047.0,Nyctalus noctula,0.214,0.303,-1,Echolocation,192000.0,/mnt/ubna_data_06/recover-20251030/UBNA_027/20251027_165000.WAV,recover-20251030,UBNA_027,E18 Bridge
LF,30720.0,3.6186554748610833,11.8155,11.8283,30625.0,36239.0,Pipistrellus nathusii,0.149,0.425,-1,Echolocation,192000.0,/mnt/ubna_data_06/recover-20251030/UBNA_027/20251027_180000.WAV,recover-20251030,UBNA_027,E18 Bridge
LF,24960.0,11.475763200193686,51.795500000000004,51.814099999999996,23750.0,27628.0,Nyctalus leisleri,0.365,0.467,-1,Echolocation,192000.0,/mnt/ubna_data_06/recover-20251030/UBNA_027/20251027_180000.WAV,recover-20251030,UBNA_027,E18 Bridge
LF,24000.0,4.323250269751809,98.0285,98.0446,22890.0,26941.0,Nyctalus leisleri,0.268,0.406,-1,Echolocation,192000.0,/mnt/ubna_data_06/recover-20251030/UBNA_027/20251027_180000.WAV,recover-20251030,UBNA_027,E18 Bridge
LF,23040.0,1.443404132858669,98.6715,98.68469999999999,22031.0,26945.0,Nyctalus leisleri,0.127,0.304,-1,Echolocation,192000.0,/mnt/ubna_data_06/recover-20251030/UBNA_027/20251027_180000.WAV,recover-20251030,UBNA_027,E18 Bridge
HF,51840.0,5.100101319487886,98.6755,98.6872,52109.0,56237.0,Pipistrellus pipistrellus,0.191,0.326,-1,Echolocation,192000.0,/mnt/ubna_data_06/recover-20251030/UBNA_027/20251027_180000.WAV,recover-20251030,UBNA_027,E18 Bridge
LF,23040.0,4.129320952414911,117.3715,117.3888,22031.0,26435.0,Nyctalus leisleri,0.17,0.369,-1,Echolocation,192000.0,/mnt/ubna_data_06/recover-20251030/UBNA_027/20251027_180000.WAV,recover-20251030,UBNA_027,E18 Bridge
LF,22080.0,2.1990077646991937,161.3505,161.3725,20312.0,25310.0,Nyctalus noctula,0.199,0.312,-1,Echolocation,192000.0,/mnt/ubna_data_06/recover-20251030/UBNA_027/20251027_180000.WAV,recover-20251030,UBNA_027,E18 Bridge
HF,42240.0,7.297344408501001,89.8165,89.8318,41796.0,44277.0,Pipistrellus nathusii,0.212,0.312,-1,Echolocation,192000.0,/mnt/ubna_data_06/recover-20251030/UBNA_027/20251027_183000.WAV,recover-20251030,UBNA_027,E18 Bridge
LF,24960.0,1.5915310592481555,111.5745,111.5843,23750.0,30795.0,Eptesicus serotinus,0.108,0.333,-1,Echolocation,192000.0,/mnt/ubna_data_06/recover-20251030/UBNA_027/20251027_184000.WAV,recover-20251030,UBNA_027,E18 Bridge
LF,24000.0,1.4276607385759477,98.98349999999999,98.9937,22890.0,29637.0,Eptesicus serotinus,0.128,0.305,-1,Echolocation,192000.0,/mnt/ubna_data_06/recover-20251030/UBNA_027/20251027_191000.WAV,recover-20251030,UBNA_027,E18 Bridge
LF,24960.0,5.209257606579506,274.1085,274.1249,22890.0,27332.0,Nyctalus leisleri,0.17,0.33,-1,Echolocation,192000.0,/mnt/ubna_data_06/recover-20251030/UBNA_027/20251027_192000.WAV,recover-20251030,UBNA_027,E18 Bridge
LF,24960.0,2.5104731743700897,203.2485,203.2573,23750.0,31005.0,Eptesicus serotinus,0.154,0.331,-1,Echolocation,192000.0,/mnt/ubna_data_06/recover-20251030/UBNA_027/20251027_202000.WAV,recover-20251030,UBNA_027,E18 Bridge
HF,42240.0,8.043737824788549,256.1485,256.1644,41796.0,44384.0,Pipistrellus nathusii,0.198,0.311,-1,Echolocation,192000.0,/mnt/ubna_data_06/recover-20251030/UBNA_027/20251027_210000.WAV,recover-20251030,UBNA_027,E18 Bridge
LF,28800.0,2.7614600322828835,238.0015,238.0097,27187.0,38847.0,Eptesicus serotinus,0.151,0.31,-1,Echolocation,192000.0,/mnt/ubna_data_06/recover-20251030/UBNA_027/20251027_215000.WAV,recover-20251030,UBNA_027,E18 Bridge
HF,42240.0,6.867605723632195,105.7965,105.813,41796.0,43865.0,Pipistrellus pipistrellus,0.225,0.356,-1,Echolocation,192000.0,/mnt/ubna_data_06/recover-20251030/UBNA_027/20251027_231000.WAV,recover-20251030,UBNA_027,E18 Bridge
LF,20160.0,4.466164916086234,254.0735,254.0992,17734.0,21337.0,Nyctalus noctula,0.249,0.32,-1,Echolocation,192000.0,/mnt/ubna_data_06/recover-20251030/UBNA_027/20251027_233000.WAV,recover-20251030,UBNA_027,E18 Bridge
LF,24000.0,1.2051147230962187,105.0385,105.0523,22890.0,28118.0,Nyctalus noctula,0.159,0.376,-1,Echolocation,192000.0,/mnt/ubna_data_06/recover-20251030/UBNA_027/20251028_002000.WAV,recover-20251030,UBNA_027,E18 Bridge
LF,22080.0,12.512168827789871,28.1605,28.1762,21171.0,26278.0,Nyctalus noctula,0.2,0.355,-1,Echolocation,192000.0,/mnt/ubna_data_06/recover-20251030/UBNA_027/20251028_003000.WAV,recover-20251030,UBNA_027,E18 Bridge
LF,18240.0,15.297991294643168,102.5295,102.5549,17734.0,20530.0,Nyctalus noctula,0.293,0.362,-1,Echolocation,192000.0,/mnt/ubna_data_06/recover-20251030/UBNA_027/20251028_004000.WAV,recover-20251030,UBNA_027,E18 Bridge
LF,18240.0,13.310989953477195,107.7915,107.8183,16875.0,20074.0,Nyctalus noctula,0.279,0.372,-1,Echolocation,192000.0,/mnt/ubna_data_06/recover-20251030/UBNA_027/20251028_004000.WAV,recover-20251030,UBNA_027,E18 Bridge
LF,18240.0,21.410442847912723,109.6615,109.6699,15156.0,24745.0,Plecotus auritus,0.126,0.312,-1,Echolocation,192000.0,/mnt/ubna_data_06/recover-20251030/UBNA_027/20251028_004000.WAV,recover-20251030,UBNA_027,E18 Bridge
LF,28800.0,4.472593879298047,148.0495,148.058,27187.0,35803.0,Eptesicus serotinus,0.213,0.302,-1,Echolocation,192000.0,/mnt/ubna_data_06/recover-20251030/UBNA_027/20251028_004000.WAV,recover-20251030,UBNA_027,E18 Bridge
LF,22080.0,25.596508751589305,141.6675,141.6812,21171.0,28572.0,Nyctalus noctula,0.252,0.346,-1,Echolocation,192000.0,/mnt/ubna_data_06/recover-20251030/UBNA_027/20251028_005000.WAV,recover-20251030,UBNA_027,E18 Bridge
LF,19200.0,19.361960067337943,142.5775,142.5872,15156.0,25644.0,Eptesicus serotinus,0.116,0.316,-1,Echolocation,192000.0,/mnt/ubna_data_06/recover-20251030/UBNA_027/20251028_005000.WAV,recover-20251030,UBNA_027,E18 Bridge
LF,19200.0,20.976014220376914,142.6645,142.6834,16015.0,21601.0,Nyctalus noctula,0.341,0.493,-1,Echolocation,192000.0,/mnt/ubna_data_06/recover-20251030/UBNA_027/20251028_005000.WAV,recover-20251030,UBNA_027,E18 Bridge
LF,27840.0,1.9393691233172914,24.4005,24.41,24609.0,31317.0,Eptesicus serotinus,0.138,0.306,-1,Echolocation,192000.0,/mnt/ubna_data_06/recover-20251030/UBNA_027/20251028_013000.WAV,recover-20251030,UBNA_027,E18 Bridge
LF,28800.0,3.235867642070343,66.5555,66.5656,26328.0,32408.0,Eptesicus serotinus,0.205,0.344,-1,Echolocation,192000.0,/mnt/ubna_data_06/recover-20251030/UBNA_027/20251028_022000.WAV,recover-20251030,UBNA_027,E18 Bridge
LF,27840.0,3.188894762717769,191.8265,191.8317,22890.0,36702.0,Plecotus austriacus,0.215,0.36,-1,Echolocation,192000.0,/mnt/ubna_data_06/recover-20251030/UBNA_027/20251028_023000.WAV,recover-20251030,UBNA_027,E18 Bridge
HF,47040.0,4.4863105119420785,256.0225,256.0289,45234.0,54165.0,Pipistrellus pipistrellus,0.354,0.397,-1,Echolocation,192000.0,/mnt/ubna_data_06/recover-20251030/UBNA_027/20251028_023000.WAV,recover-20251030,UBNA_027,E18 Bridge
HF,46080.0,4.8076100828220945,256.6245,256.6347,44375.0,61941.0,Pipistrellus pipistrellus,0.258,0.491,-1,Echolocation,192000.0,/mnt/ubna_data_06/recover-20251030/UBNA_027/20251028_023000.WAV,recover-20251030,UBNA_027,E18 Bridge
HF,46080.0,4.2995647131591035,256.8825,256.8922,46093.0,61343.0,Pipistrellus pipistrellus,0.286,0.429,-1,Echolocation,192000.0,/mnt/ubna_data_06/recover-20251030/UBNA_027/20251028_023000.WAV,recover-20251030,UBNA_027,E18 Bridge
HF,46080.0,5.97615777362544,257.1415,257.1469,45234.0,53389.0,Pipistrellus pipistrellus,0.585,0.622,-1,Echolocation,192000.0,/mnt/ubna_data_06/recover-20251030/UBNA_027/20251028_023000.WAV,recover-20251030,UBNA_027,E18 Bridge
LF,27840.0,2.62088951794498,286.8005,286.809,26328.0,34879.0,Eptesicus serotinus,0.163,0.306,-1,Echolocation,192000.0,/mnt/ubna_data_06/recover-20251030/UBNA_027/20251028_023000.WAV,recover-20251030,UBNA_027,E18 Bridge
LF,26880.0,3.1084159976833936,160.5105,160.5154,22890.0,36006.0,Plecotus austriacus,0.25,0.306,-1,Echolocation,192000.0,/mnt/ubna_data_06/recover-20251030/UBNA_027/20251028_031000.WAV,recover-20251030,UBNA_027,E18 Bridge
LF,27840.0,3.0694581470479547,41.8965,41.9013,23750.0,36701.0,Plecotus austriacus,0.2,0.36,-1,Echolocation,192000.0,/mnt/ubna_data_06/recover-20251030/UBNA_027/20251028_033000.WAV,recover-20251030,UBNA_027,E18 Bridge
LF,27840.0,4.0413400258066705,145.3205,145.3254,22031.0,34659.0,Plecotus austriacus,0.196,0.328,-1,Echolocation,192000.0,/mnt/ubna_data_06/recover-20251030/UBNA_027/20251028_033000.WAV,recover-20251030,UBNA_027,E18 Bridge
LF,20160.0,5.81313558359615,171.6045,171.6089,17734.0,33659.0,Plecotus austriacus,0.275,0.362,-1,Echolocation,192000.0,/mnt/ubna_data_06/recover-20251030/UBNA_027/20251028_033000.WAV,recover-20251030,UBNA_027,E18 Bridge
LF,27840.0,2.876541243606461,186.5345,186.5422,25468.0,35638.0,Eptesicus serotinus,0.135,0.319,-1,Echolocation,192000.0,/mnt/ubna_data_06/recover-20251030/UBNA_027/20251028_033000.WAV,recover-20251030,UBNA_027,E18 Bridge
LF,20160.0,14.081253005614,102.2285,102.23349999999999,17734.0,30587.0,Plecotus austriacus,0.228,0.312,-1,Echolocation,192000.0,/mnt/ubna_data_06/recover-20251030/UBNA_027/20251028_034000.WAV,recover-20251030,UBNA_027,E18 Bridge
LF,27840.0,2.1894064051976563,193.3605,193.3707,26328.0,31878.0,Eptesicus serotinus,0.196,0.341,-1,Echolocation,192000.0,/mnt/ubna_data_06/recover-20251030/UBNA_027/20251028_040000.WAV,recover-20251030,UBNA_027,E18 Bridge
LF,24000.0,4.600554659663942,22.5265,22.5309,18593.0,36834.0,Plecotus austriacus,0.219,0.329,-1,Echolocation,192000.0,/mnt/ubna_data_06/recover-20251030/UBNA_027/20251028_041000.WAV,recover-20251030,UBNA_027,E18 Bridge
LF,27840.0,3.5560698707163225,164.6065,164.6111,23750.0,39281.0,Plecotus austriacus,0.218,0.309,-1,Echolocation,192000.0,/mnt/ubna_data_06/recover-20251030/UBNA_027/20251028_041000.WAV,recover-20251030,UBNA_027,E18 Bridge
LF,27840.0,2.65484173427919,129.1045,129.1141,25468.0,30952.0,Eptesicus serotinus,0.156,0.302,-1,Echolocation,192000.0,/mnt/ubna_data_06/recover-20251030/UBNA_027/20251028_042000.WAV,recover-20251030,UBNA_027,E18 Bridge
LF,27840.0,2.5395282404427504,34.1285,34.1384,25468.0,32076.0,Eptesicus serotinus,0.174,0.301,-1,Echolocation,192000.0,/mnt/ubna_data_06/recover-20251030/UBNA_027/20251028_043000.WAV,recover-20251030,UBNA_027,E18 Bridge
LF,27840.0,4.22959233901259,81.40350000000001,81.4131,26328.0,32779.0,Eptesicus serotinus,0.194,0.341,-1,Echolocation,192000.0,/mnt/ubna_data_06/recover-20251030/UBNA_027/20251028_043000.WAV,recover-20251030,UBNA_027,E18 Bridge
LF,27840.0,3.51883595951139,140.5395,140.5486,25468.0,31757.0,Eptesicus serotinus,0.177,0.312,-1,Echolocation,192000.0,/mnt/ubna_data_06/recover-20251030/UBNA_027/20251028_045000.WAV,recover-20251030,UBNA_027,E18 Bridge
LF,27840.0,3.939370364806922,13.3925,13.4028,26328.0,31906.0,Eptesicus serotinus,0.183,0.342,-1,Echolocation,192000.0,/mnt/ubna_data_06/recover-20251030/UBNA_027/20251028_050000.WAV,recover-20251030,UBNA_027,E18 Bridge
LF,27840.0,3.5164058514126295,37.9685,37.9787,26328.0,31601.0,Eptesicus serotinus,0.159,0.31,-1,Echolocation,192000.0,/mnt/ubna_data_06/recover-20251030/UBNA_027/20251028_050000.WAV,recover-20251030,UBNA_027,E18 Bridge
LF,27840.0,2.8671904259387553,71.2485,71.2579,26328.0,32101.0,Eptesicus serotinus,0.203,0.338,-1,Echolocation,192000.0,/mnt/ubna_data_06/recover-20251030/UBNA_027/20251028_050000.WAV,recover-20251030,UBNA_027,E18 Bridge
LF,27840.0,2.22564566206747,216.4005,216.4092,26328.0,33588.0,Eptesicus serotinus,0.163,0.317,-1,Echolocation,192000.0,/mnt/ubna_data_06/recover-20251030/UBNA_027/20251028_050000.WAV,recover-20251030,UBNA_027,E18 Bridge
LF,27840.0,1.9779373646765854,237.1375,237.1453,26328.0,34836.0,Eptesicus serotinus,0.184,0.322,-1,Echolocation,192000.0,/mnt/ubna_data_06/recover-20251030/UBNA_027/20251028_050000.WAV,recover-20251030,UBNA_027,E18 Bridge
LF,21120.0,4.301099343696696,271.1895,271.1945,19453.0,33883.0,Plecotus auritus,0.191,0.356,-1,Echolocation,192000.0,/mnt/ubna_data_06/recover-20251030/UBNA_027/20251028_050000.WAV,recover-20251030,UBNA_027,E18 Bridge
LF,26880.0,3.406448654357546,150.0965,150.106,26328.0,32259.0,Eptesicus serotinus,0.195,0.331,-1,Echolocation,192000.0,/mnt/ubna_data_06/recover-20251030/UBNA_027/20251028_053000.WAV,recover-20251030,UBNA_027,E18 Bridge
LF,27840.0,2.350623569327342,212.8175,212.826,26328.0,33584.0,Eptesicus serotinus,0.164,0.304,-1,Echolocation,192000.0,/mnt/ubna_data_06/recover-20251030/UBNA_027/20251028_053000.WAV,recover-20251030,UBNA_027,E18 Bridge
LF,27840.0,3.2225129486168114,232.52949999999998,232.5396,27187.0,32234.0,Eptesicus serotinus,0.172,0.316,-1,Echolocation,192000.0,/mnt/ubna_data_06/recover-20251030/UBNA_027/20251028_053000.WAV,recover-20251030,UBNA_027,E18 Bridge
LF,27840.0,2.1680891011369505,78.9285,78.9399,26328.0,31964.0,Eptesicus serotinus,0.189,0.301,-1,Echolocation,192000.0,/mnt/ubna_data_06/recover-20251030/UBNA_027/20251028_054000.WAV,recover-20251030,UBNA_027,E18 Bridge
LF,27840.0,4.410463855524991,106.2355,106.2476,26328.0,30558.0,Nyctalus leisleri,0.173,0.314,-1,Echolocation,192000.0,/mnt/ubna_data_06/recover-20251030/UBNA_027/20251028_060000.WAV,recover-20251030,UBNA_027,E18 Bridge
LF,27840.0,2.7574658055043653,228.6885,228.699,26328.0,32620.0,Eptesicus serotinus,0.215,0.31,-1,Echolocation,192000.0,/mnt/ubna_data_06/recover-20251030/UBNA_027/20251028_060000.WAV,recover-20251030,UBNA_027,E18 Bridge
LF,27840.0,2.441782153230461,105.0405,105.0495,26328.0,33003.0,Eptesicus serotinus,0.165,0.305,-1,Echolocation,192000.0,/mnt/ubna_data_06/recover-20251030/UBNA_027/20251028_061000.WAV,recover-20251030,UBNA_027,E18 Bridge
LF,27840.0,2.070533694487856,144.9765,144.987,25468.0,31792.0,Eptesicus serotinus,0.172,0.307,-1,Echolocation,192000.0,/mnt/ubna_data_06/recover-20251030/UBNA_027/20251028_061000.WAV,recover-20251030,UBNA_027,E18 Bridge
LF,21120.0,1.3016614768360937,71.7255,71.7373,21171.0,27972.0,Nyctalus noctula,0.194,0.335,-1,Echolocation,192000.0,/mnt/ubna_data_06/recover-20251030/UBNA_027/20251028_062000.WAV,recover-20251030,UBNA_027,E18 Bridge
LF,28800.0,3.7160216529113916,107.0035,107.0132,26328.0,32306.0,Eptesicus serotinus,0.181,0.324,-1,Echolocation,192000.0,/mnt/ubna_data_06/recover-20251030/UBNA_027/20251028_062000.WAV,recover-20251030,UBNA_027,E18 Bridge
LF,27840.0,4.862914332756942,129.5315,129.541,27187.0,34270.0,Eptesicus serotinus,0.212,0.348,-1,Echolocation,192000.0,/mnt/ubna_data_06/recover-20251030/UBNA_027/20251028_064000.WAV,recover-20251030,UBNA_027,E18 Bridge
LF,27840.0,4.787624616405805,36.9445,36.9533,25468.0,32595.0,Eptesicus serotinus,0.172,0.319,-1,Echolocation,192000.0,/mnt/ubna_data_06/recover-20251030/UBNA_027/20251028_065000.WAV,recover-20251030,UBNA_027,E18 Bridge
LF,27840.0,2.336764706672923,60.7525,60.7625,25468.0,30964.0,Eptesicus serotinus,0.18,0.325,-1,Echolocation,192000.0,/mnt/ubna_data_06/recover-20251030/UBNA_027/20251028_070000.WAV,recover-20251030,UBNA_027,E18 Bridge
LF,27840.0,3.0116619209088755,30.0335,30.0419,25468.0,32425.0,Eptesicus serotinus,0.166,0.318,-1,Echolocation,192000.0,/mnt/ubna_data_06/recover-20251030/UBNA_027/20251028_072000.WAV,recover-20251030,UBNA_027,E18 Bridge
LF,27840.0,3.7066550342615576,51.4535,51.4591,22890.0,34165.0,Plecotus austriacus,0.238,0.333,-1,Echolocation,192000.0,/mnt/ubna_data_06/recover-20251030/UBNA_027/20251028_074000.WAV,recover-20251030,UBNA_027,E18 Bridge
LF,27840.0,4.25328813715785,53.8405,53.8502,26328.0,31946.0,Eptesicus serotinus,0.19,0.342,-1,Echolocation,192000.0,/mnt/ubna_data_06/recover-20251030/UBNA_027/20251028_074000.WAV,recover-20251030,UBNA_027,E18 Bridge
LF,27840.0,3.754534511068311,25.6805,25.6891,26328.0,33173.0,Eptesicus serotinus,0.161,0.318,-1,Echolocation,192000.0,/mnt/ubna_data_06/recover-20251030/UBNA_027/20251028_075000.WAV,recover-20251030,UBNA_027,E18 Bridge
LF,27840.0,3.181705431407119,6.0545,6.063,26328.0,33222.0,Eptesicus serotinus,0.193,0.343,-1,Echolocation,192000.0,/mnt/ubna_data_06/recover-20251030/UBNA_027/20251028_080000.WAV,recover-20251030,UBNA_027,E18 Bridge
LF,27840.0,1.776735200227289,3.8355,3.8439,26328.0,34330.0,Eptesicus serotinus,0.219,0.352,-1,Echolocation,192000.0,/mnt/ubna_data_06/recover-20251030/UBNA_027/20251028_081000.WAV,recover-20251030,UBNA_027,E18 Bridge
LF,27840.0,3.5917413129744507,6.7375,6.7462,26328.0,32646.0,Eptesicus serotinus,0.173,0.322,-1,Echolocation,192000.0,/mnt/ubna_data_06/recover-20251030/UBNA_027/20251028_085000.WAV,recover-20251030,UBNA_027,E18 Bridge
LF,27840.0,2.3778807880300845,33.2755,33.2858,27187.0,32942.0,Eptesicus serotinus,0.186,0.304,-1,Echolocation,192000.0,/mnt/ubna_data_06/recover-20251030/UBNA_027/20251028_085000.WAV,recover-20251030,UBNA_027,E18 Bridge
LF,26880.0,2.0772967895066174,24.2295,24.2392,26328.0,33613.0,Eptesicus serotinus,0.18,0.314,-1,Echolocation,192000.0,/mnt/ubna_data_06/recover-20251030/UBNA_027/20251028_091000.WAV,recover-20251030,UBNA_027,E18 Bridge
LF,27840.0,3.1158563337817986,1.3605,1.3703,26328.0,31641.0,Eptesicus serotinus,0.173,0.316,-1,Echolocation,192000.0,/mnt/ubna_data_06/recover-20251030/UBNA_027/20251028_092000.WAV,recover-20251030,UBNA_027,E18 Bridge
LF,27840.0,2.674353377570395,13.9045,13.9151,25468.0,31145.0,Eptesicus serotinus,0.136,0.301,-1,Echolocation,192000.0,/mnt/ubna_data_06/recover-20251030/UBNA_027/20251028_092000.WAV,recover-20251030,UBNA_027,E18 Bridge
LF,27840.0,2.687486563985475,1.5315,1.5406,25468.0,31953.0,Eptesicus serotinus,0.196,0.33,-1,Echolocation,192000.0,/mnt/ubna_data_06/recover-20251030/UBNA_027/20251028_093000.WAV,recover-20251030,UBNA_027,E18 Bridge
LF,27840.0,3.1752353061788785,3.6645,3.6732,25468.0,33170.0,Eptesicus serotinus,0.144,0.302,-1,Echolocation,192000.0,/mnt/ubna_data_06/recover-20251030/UBNA_027/20251028_094000.WAV,recover-20251030,UBNA_027,E18 Bridge
LF,22080.0,-0.33498925792172674,93.4785,93.495,22031.0,26524.0,Nyctalus leisleri,0.135,0.303,-1,Echolocation,192000.0,/mnt/ubna_data_06/recover-20251030/UBNA_027/20251028_101000.WAV,recover-20251030,UBNA_027,E18 Bridge
LF,27840.0,1.9268099433688757,14.9285,14.9366,26328.0,33654.0,Eptesicus serotinus,0.185,0.328,-1,Echolocation,192000.0,/mnt/ubna_data_06/recover-20251030/UBNA_027/20251028_102000.WAV,recover-20251030,UBNA_027,E18 Bridge
LF,23040.0,3.267335458582921,262.64549999999997,262.6667,22890.0,26743.0,Nyctalus leisleri,0.252,0.327,-1,Echolocation,192000.0,/mnt/ubna_data_06/recover-20251030/UBNA_027/20251028_103000.WAV,recover-20251030,UBNA_027,E18 Bridge
HF,42240.0,10.1508982084918,134.3345,134.348,41796.0,44762.0,Pipistrellus pipistrellus,0.304,0.444,-1,Echolocation,192000.0,/mnt/ubna_data_06/recover-20251030/UBNA_027/20251028_105000.WAV,recover-20251030,UBNA_027,E18 Bridge
LF,28800.0,0.6334888985213577,130.9265,130.9351,27187.0,35382.0,Eptesicus serotinus,0.176,0.301,-1,Echolocation,192000.0,/mnt/ubna_data_06/recover-20251030/UBNA_027/20251028_112000.WAV,recover-20251030,UBNA_027,E18 Bridge
LF,23040.0,-1.1737580936382583,271.6465,271.6644,22890.0,27164.0,Nyctalus leisleri,0.224,0.351,-1,Echolocation,192000.0,/mnt/ubna_data_06/recover-20251030/UBNA_027/20251028_125000.WAV,recover-20251030,UBNA_027,E18 Bridge
LF,24960.0,-0.31827216961089483,218.4195,218.4337,22890.0,27934.0,Nyctalus noctula,0.163,0.364,-1,Echolocation,192000.0,/mnt/ubna_data_06/recover-20251030/UBNA_027/20251028_130000.WAV,recover-20251030,UBNA_027,E18 Bridge
LF,21120.0,5.155292731612978,13.1315,13.1558,19453.0,22640.0,Nyctalus noctula,0.16,0.321,-1,Echolocation,192000.0,/mnt/ubna_data_06/recover-20251030/UBNA_027/20251028_143000.WAV,recover-20251030,UBNA_027,E18 Bridge
LF,21120.0,3.9879387795265857,50.3585,50.378299999999996,19453.0,22763.0,Nyctalus leisleri,0.212,0.451,-1,Echolocation,192000.0,/mnt/ubna_data_06/recover-20251030/UBNA_027/20251028_143000.WAV,recover-20251030,UBNA_027,E18 Bridge
LF,28800.0,1.3027918459350665,219.5035,219.5116,27187.0,34740.0,Eptesicus serotinus,0.257,0.403,-1,Echolocation,192000.0,/mnt/ubna_data_06/recover-20251030/UBNA_027/20251028_144000.WAV,recover-20251030,UBNA_027,E18 Bridge
LF,31680.0,8.290898077831734,100.1225,100.1376,30625.0,33180.0,Nyctalus leisleri,0.139,0.302,-1,Echolocation,192000.0,/mnt/ubna_data_06/recover-20251030/UBNA_027/20251028_150000.WAV,recover-20251030,UBNA_027,E18 Bridge
LF,20160.0,8.504576117155656,53.7305,53.7513,19453.0,21620.0,Nyctalus noctula,0.192,0.301,-1,Echolocation,192000.0,/mnt/ubna_data_06/recover-20251030/UBNA_027/20251028_151000.WAV,recover-20251030,UBNA_027,E18 Bridge
LF,19200.0,12.246002757773734,38.1515,38.1808,17734.0,20144.0,Nyctalus noctula,0.302,0.381,-1,Echolocation,192000.0,/mnt/ubna_data_06/recover-20251030/UBNA_027/20251028_155000.WAV,recover-20251030,UBNA_027,E18 Bridge
LF,24960.0,8.024459962273786,206.47050000000002,206.4887,23750.0,27016.0,Nyctalus leisleri,0.201,0.302,-1,Echolocation,192000.0,/mnt/ubna_data_06/recover-20251030/UBNA_027/20251028_155000.WAV,recover-20251030,UBNA_027,E18 Bridge
LF,18240.0,14.491494540149734,221.4075,221.4338,17734.0,20059.0,Nyctalus noctula,0.258,0.354,-1,Echolocation,192000.0,/mnt/ubna_data_06/recover-20251030/UBNA_027/20251028_155000.WAV,recover-20251030,UBNA_027,E18 Bridge
LF,21120.0,2.865380831544156,205.4275,205.4464,20312.0,22937.0,Nyctalus leisleri,0.288,0.339,-1,Echolocation,192000.0,/mnt/ubna_data_06/recover-20251030/UBNA_027/20251028_160000.WAV,recover-20251030,UBNA_027,E18 Bridge
LF,23040.0,10.383309075658861,273.8125,273.8302,22031.0,25916.0,Nyctalus leisleri,0.165,0.303,-1,Echolocation,192000.0,/mnt/ubna_data_06/recover-20251030/UBNA_027/20251028_160000.WAV,recover-20251030,UBNA_027,E18 Bridge
LF,22080.0,2.5036385672024903,282.7145,282.7349,21171.0,24677.0,Nyctalus leisleri,0.262,0.332,-1,Echolocation,192000.0,/mnt/ubna_data_06/recover-20251030/UBNA_027/20251028_160000.WAV,recover-20251030,UBNA_027,E18 Bridge
LF,24000.0,11.461308161277387,139.8865,139.91,23750.0,26034.0,Nyctalus leisleri,0.398,0.428,-1,Echolocation,192000.0,/mnt/ubna_data_06/recover-20251030/UBNA_027/20251028_161000.WAV,recover-20251030,UBNA_027,E18 Bridge
LF,24000.0,4.694538604082148,140.0215,140.0417,22890.0,26282.0,Nyctalus leisleri,0.307,0.352,-1,Echolocation,192000.0,/mnt/ubna_data_06/recover-20251030/UBNA_027/20251028_161000.WAV,recover-20251030,UBNA_027,E18 Bridge
LF,24000.0,4.252899568107706,141.7805,141.7986,23750.0,26704.0,Nyctalus leisleri,0.28,0.336,-1,Echolocation,192000.0,/mnt/ubna_data_06/recover-20251030/UBNA_027/20251028_161000.WAV,recover-20251030,UBNA_027,E18 Bridge
LF,24000.0,11.736486103774912,145.2375,145.2577,23750.0,26132.0,Nyctalus leisleri,0.293,0.322,-1,Echolocation,192000.0,/mnt/ubna_data_06/recover-20251030/UBNA_027/20251028_161000.WAV,recover-20251030,UBNA_027,E18 Bridge
LF,24000.0,5.294554486665773,145.6325,145.6499,23750.0,27171.0,Nyctalus leisleri,0.281,0.395,-1,Echolocation,192000.0,/mnt/ubna_data_06/recover-20251030/UBNA_027/20251028_161000.WAV,recover-20251030,UBNA_027,E18 Bridge
LF,24000.0,10.6599330752648,149.0395,149.0591,23750.0,26494.0,Nyctalus leisleri,0.383,0.4,-1,Echolocation,192000.0,/mnt/ubna_data_06/recover-20251030/UBNA_027/20251028_161000.WAV,recover-20251030,UBNA_027,E18 Bridge
LF,23040.0,1.8188325145679116,149.22050000000002,149.23930000000001,22890.0,26150.0,Nyctalus leisleri,0.41,0.435,-1,Echolocation,192000.0,/mnt/ubna_data_06/recover-20251030/UBNA_027/20251028_161000.WAV,recover-20251030,UBNA_027,E18 Bridge
LF,24000.0,10.849478386514672,151.1885,151.2122,22890.0,26029.0,Nyctalus leisleri,0.304,0.334,-1,Echolocation,192000.0,/mnt/ubna_data_06/recover-20251030/UBNA_027/20251028_161000.WAV,recover-20251030,UBNA_027,E18 Bridge
LF,23040.0,9.338180067317234,151.2845,151.3011,22890.0,25842.0,Nyctalus leisleri,0.286,0.332,-1,Echolocation,192000.0,/mnt/ubna_data_06/recover-20251030/UBNA_027/20251028_161000.WAV,recover-20251030,UBNA_027,E18 Bridge
LF,24960.0,7.740332007163099,151.6075,151.6237,23750.0,26770.0,Nyctalus leisleri,0.404,0.48,-1,Echolocation,192000.0,/mnt/ubna_data_06/recover-20251030/UBNA_027/20251028_161000.WAV,recover-20251030,UBNA_027,E18 Bridge
LF,21120.0,18.290784293679156,153.3435,153.3723,19453.0,22406.0,Nyctalus leisleri,0.425,0.448,-1,Echolocation,192000.0,/mnt/ubna_data_06/recover-20251030/UBNA_027/20251028_161000.WAV,recover-20251030,UBNA_027,E18 Bridge
LF,22080.0,13.708695576094831,156.8325,156.8595,21171.0,23178.0,Nyctalus leisleri,0.442,0.456,-1,Echolocation,192000.0,/mnt/ubna_data_06/recover-20251030/UBNA_027/20251028_161000.WAV,recover-20251030,UBNA_027,E18 Bridge
LF,22080.0,14.349802762897905,169.7995,169.8255,21171.0,23204.0,Nyctalus leisleri,0.306,0.32,-1,Echolocation,192000.0,/mnt/ubna_data_06/recover-20251030/UBNA_027/20251028_161000.WAV,recover-20251030,UBNA_027,E18 Bridge
LF,22080.0,13.24600344006273,180.4955,180.5235,21171.0,23813.0,Nyctalus leisleri,0.383,0.404,-1,Echolocation,192000.0,/mnt/ubna_data_06/recover-20251030/UBNA_027/20251028_161000.WAV,recover-20251030,UBNA_027,E18 Bridge
LF,20160.0,8.953350351925776,284.6135,284.6437,18593.0,21606.0,Nyctalus noctula,0.218,0.338,-1,Echolocation,192000.0,/mnt/ubna_data_06/recover-20251030/UBNA_027/20251028_161000.WAV,recover-20251030,UBNA_027,E18 Bridge
LF,22080.0,14.79158458849752,24.6525,24.6814,21171.0,24141.0,Nyctalus leisleri,0.37,0.386,-1,Echolocation,192000.0,/mnt/ubna_data_06/recover-20251030/UBNA_027/20251028_162000.WAV,recover-20251030,UBNA_027,E18 Bridge
LF,24000.0,6.2450137604658575,12.9875,13.0081,23750.0,27324.0,Nyctalus leisleri,0.313,0.369,-1,Echolocation,192000.0,/mnt/ubna_data_06/recover-20251030/UBNA_027/20251028_163000.WAV,recover-20251030,UBNA_027,E18 Bridge
LF,24960.0,2.5416472777996346,17.5325,17.5448,23750.0,28349.0,Nyctalus leisleri,0.17,0.343,-1,Echolocation,192000.0,/mnt/ubna_data_06/recover-20251030/UBNA_027/20251028_163000.WAV,recover-20251030,UBNA_027,E18 Bridge
LF,26880.0,1.1901373686124361,19.2205,19.2336,24609.0,28693.0,Nyctalus leisleri,0.191,0.317,-1,Echolocation,192000.0,/mnt/ubna_data_06/recover-20251030/UBNA_027/20251028_163000.WAV,recover-20251030,UBNA_027,E18 Bridge
LF,24960.0,1.4214031998490029,19.5095,19.5254,23750.0,28143.0,Nyctalus leisleri,0.184,0.319,-1,Echolocation,192000.0,/mnt/ubna_data_06/recover-20251030/UBNA_027/20251028_163000.WAV,recover-20251030,UBNA_027,E18 Bridge
LF,24000.0,3.5600361336094326,209.0615,209.0784,22890.0,26802.0,Nyctalus leisleri,0.217,0.318,-1,Echolocation,192000.0,/mnt/ubna_data_06/recover-20251030/UBNA_027/20251028_163000.WAV,recover-20251030,UBNA_027,E18 Bridge
LF,19200.0,6.106561983774755,192.5315,192.5618,17734.0,20416.0,Nyctalus noctula,0.239,0.307,-1,Echolocation,192000.0,/mnt/ubna_data_06/recover-20251030/UBNA_027/20251028_164000.WAV,recover-20251030,UBNA_027,E18 Bridge
LF,18240.0,36.17093438928376,232.7545,232.7768,16015.0,20526.0,Nyctalus noctula,0.384,0.488,-1,Echolocation,192000.0,/mnt/ubna_data_06/recover-20251030/UBNA_027/20251028_164000.WAV,recover-20251030,UBNA_027,E18 Bridge
LF,24000.0,3.5561761101922706,164.9015,164.9151,23750.0,27282.0,Nyctalus leisleri,0.289,0.357,-1,Echolocation,192000.0,/mnt/ubna_data_06/recover-20251030/UBNA_027/20251028_174000.WAV,recover-20251030,UBNA_027,E18 Bridge
LF,28800.0,5.551610562282234,237.3745,237.3906,28046.0,31525.0,Nyctalus leisleri,0.405,0.462,-1,Echolocation,192000.0,/mnt/ubna_data_06/recover-20251030/UBNA_027/20251028_175000.WAV,recover-20251030,UBNA_027,E18 Bridge
LF,19200.0,5.2290541926344485,141.9555,141.9761,17734.0,21661.0,Nyctalus noctula,0.251,0.348,-1,Echolocation,192000.0,/mnt/ubna_data_06/recover-20251030/UBNA_027/20251028_183000.WAV,recover-20251030,UBNA_027,E18 Bridge
LF,19200.0,2.247027409420539,217.7985,217.8081,16875.0,26398.0,Nyctalus noctula,0.117,0.301,-1,Echolocation,192000.0,/mnt/ubna_data_06/recover-20251030/UBNA_027/20251028_183000.WAV,recover-20251030,UBNA_027,E18 Bridge
LF,19200.0,6.888997641710718,258.0255,258.0531,17734.0,20903.0,Nyctalus noctula,0.31,0.383,-1,Echolocation,192000.0,/mnt/ubna_data_06/recover-20251030/UBNA_027/20251028_183000.WAV,recover-20251030,UBNA_027,E18 Bridge
LF,23040.0,1.696935041956332,173.1845,173.1885,23750.0,42945.0,Plecotus austriacus,0.206,0.304,-1,Echolocation,192000.0,/mnt/ubna_data_06/recover-20251030/UBNA_027/20251028_192000.WAV,recover-20251030,UBNA_027,E18 Bridge
LF,22080.0,0.3531406241436229,12.1455,12.1593,22890.0,28914.0,Nyctalus noctula,0.103,0.311,-1,Echolocation,192000.0,/mnt/ubna_data_06/recover-20251030/UBNA_027/20251028_200000.WAV,recover-20251030,UBNA_027,E18 Bridge
LF,24960.0,3.8510326702283804,53.6175,53.6351,23750.0,27802.0,Nyctalus leisleri,0.308,0.399,-1,Echolocation,192000.0,/mnt/ubna_data_06/recover-20251030/UBNA_027/20251028_210000.WAV,recover-20251030,UBNA_027,E18 Bridge
LF,28800.0,3.2717911698628206,92.8595,92.8698,26328.0,33731.0,Eptesicus serotinus,0.233,0.359,-1,Echolocation,192000.0,/mnt/ubna_data_06/recover-20251030/UBNA_027/20251028_213000.WAV,recover-20251030,UBNA_027,E18 Bridge
HF,42240.0,6.36206288540423,93.9485,93.9676,41796.0,43819.0,Pipistrellus pipistrellus,0.165,0.318,-1,Echolocation,192000.0,/mnt/ubna_data_06/recover-20251030/UBNA_027/20251028_213000.WAV,recover-20251030,UBNA_027,E18 Bridge
HF,42240.0,8.376246601160327,119.0975,119.1185,41796.0,43723.0,Pipistrellus pipistrellus,0.305,0.366,-1,Echolocation,192000.0,/mnt/ubna_data_06/recover-20251030/UBNA_027/20251028_215000.WAV,recover-20251030,UBNA_027,E18 Bridge
HF,42240.0,8.660460386069836,119.20349999999999,119.21940000000001,41796.0,45750.0,Pipistrellus pipistrellus,0.261,0.326,-1,Echolocation,192000.0,/mnt/ubna_data_06/recover-20251030/UBNA_027/20251028_215000.WAV,recover-20251030,UBNA_027,E18 Bridge
LF,29760.0,14.194401178796689,45.801500000000004,45.819900000000004,28906.0,32989.0,Nyctalus leisleri,0.246,0.36,-1,Echolocation,192000.0,/mnt/ubna_data_06/recover-20251030/UBNA_027/20251028_220000.WAV,recover-20251030,UBNA_027,E18 Bridge
LF,22080.0,4.013004415386047,54.158500000000004,54.1783,21171.0,25142.0,Nyctalus leisleri,0.164,0.313,-1,Echolocation,192000.0,/mnt/ubna_data_06/recover-20251030/UBNA_027/20251028_222000.WAV,recover-20251030,UBNA_027,E18 Bridge
LF,21120.0,5.463457696869267,141.5125,141.5304,21171.0,25097.0,Nyctalus noctula,0.215,0.335,-1,Echolocation,192000.0,/mnt/ubna_data_06/recover-20251030/UBNA_027/20251028_222000.WAV,recover-20251030,UBNA_027,E18 Bridge
LF,27840.0,1.6539439032296734,34.3025,34.3072,22890.0,36612.0,Plecotus austriacus,0.237,0.316,-1,Echolocation,192000.0,/mnt/ubna_data_06/recover-20251030/UBNA_027/20251029_001000.WAV,recover-20251030,UBNA_027,E18 Bridge
LF,26880.0,1.2330215978698513,260.8605,260.8698,25468.0,32096.0,Eptesicus serotinus,0.16,0.303,-1,Echolocation,192000.0,/mnt/ubna_data_06/recover-20251030/UBNA_027/20251029_002000.WAV,recover-20251030,UBNA_027,E18 Bridge
LF,27840.0,2.4158681922232224,170.8325,170.8428,26328.0,33120.0,Eptesicus serotinus,0.179,0.304,-1,Echolocation,192000.0,/mnt/ubna_data_06/recover-20251030/UBNA_027/20251029_003000.WAV,recover-20251030,UBNA_027,E18 Bridge
LF,22080.0,5.2891557745330084,195.3085,195.3313,20312.0,24122.0,Nyctalus leisleri,0.232,0.341,-1,Echolocation,192000.0,/mnt/ubna_data_06/recover-20251030/UBNA_027/20251029_003000.WAV,recover-20251030,UBNA_027,E18 Bridge
LF,27840.0,2.656732533471868,225.9575,225.9682,26328.0,32022.0,Eptesicus serotinus,0.191,0.315,-1,Echolocation,192000.0,/mnt/ubna_data_06/recover-20251030/UBNA_027/20251029_003000.WAV,recover-20251030,UBNA_027,E18 Bridge
HF,53760.0,4.444198771956121,15.1815,15.1872,51250.0,59425.0,Pipistrellus pipistrellus,0.241,0.32,-1,Echolocation,192000.0,/mnt/ubna_data_06/recover-20251030/UBNA_027/20251029_014000.WAV,recover-20251030,UBNA_027,E18 Bridge
HF,52800.0,5.661825813056716,15.4715,15.4756,47812.0,64474.0,Pipistrellus pipistrellus,0.185,0.348,-1,Echolocation,192000.0,/mnt/ubna_data_06/recover-20251030/UBNA_027/20251029_014000.WAV,recover-20251030,UBNA_027,E18 Bridge
HF,52800.0,4.325157467642346,15.6295,15.6336,47812.0,60771.0,Pipistrellus pipistrellus,0.298,0.364,-1,Echolocation,192000.0,/mnt/ubna_data_06/recover-20251030/UBNA_027/20251029_014000.WAV,recover-20251030,UBNA_027,E18 Bridge
HF,51840.0,4.672806368110139,15.7545,15.7599,47812.0,61852.0,Pipistrellus pipistrellus,0.296,0.405,-1,Echolocation,192000.0,/mnt/ubna_data_06/recover-20251030/UBNA_027/20251029_014000.WAV,recover-20251030,UBNA_027,E18 Bridge
HF,51840.0,6.908949579863467,15.8095,15.8143,50390.0,62683.0,Pipistrellus pipistrellus,0.409,0.502,-1,Echolocation,192000.0,/mnt/ubna_data_06/recover-20251030/UBNA_027/20251029_014000.WAV,recover-20251030,UBNA_027,E18 Bridge
HF,51840.0,2.710555536451756,15.8815,15.8886,48671.0,63824.0,Pipistrellus pipistrellus,0.284,0.372,-1,Echolocation,192000.0,/mnt/ubna_data_06/recover-20251030/UBNA_027/20251029_014000.WAV,recover-20251030,UBNA_027,E18 Bridge
HF,50880.0,7.799038571691832,15.9535,15.9575,49531.0,62083.0,Pipistrellus pipistrellus,0.452,0.532,-1,Echolocation,192000.0,/mnt/ubna_data_06/recover-20251030/UBNA_027/20251029_014000.WAV,recover-20251030,UBNA_027,E18 Bridge
HF,49920.0,9.200491534562174,16.0835,16.0892,47812.0,62269.0,Pipistrellus pipistrellus,0.351,0.449,-1,Echolocation,192000.0,/mnt/ubna_data_06/recover-20251030/UBNA_027/20251029_014000.WAV,recover-20251030,UBNA_027,E18 Bridge
HF,48960.0,6.724179265517728,16.1595,16.1642,46953.0,62828.0,Pipistrellus pipistrellus,0.315,0.391,-1,Echolocation,192000.0,/mnt/ubna_data_06/recover-20251030/UBNA_027/20251029_014000.WAV,recover-20251030,UBNA_027,E18 Bridge
HF,48960.0,12.654446603304407,16.2425,16.2489,46953.0,63188.0,Pipistrellus pipistrellus,0.212,0.369,-1,Echolocation,192000.0,/mnt/ubna_data_06/recover-20251030/UBNA_027/20251029_014000.WAV,recover-20251030,UBNA_027,E18 Bridge
HF,48960.0,8.75027411054485,16.3255,16.3306,47812.0,61059.0,Pipistrellus pipistrellus,0.419,0.507,-1,Echolocation,192000.0,/mnt/ubna_data_06/recover-20251030/UBNA_027/20251029_014000.WAV,recover-20251030,UBNA_027,E18 Bridge
HF,48960.0,17.3635519250829,16.3985,16.4029,46093.0,61371.0,Pipistrellus pipistrellus,0.343,0.398,-1,Echolocation,192000.0,/mnt/ubna_data_06/recover-20251030/UBNA_027/20251029_014000.WAV,recover-20251030,UBNA_027,E18 Bridge
HF,48960.0,9.971971752724203,16.4725,16.4773,47812.0,63998.0,Pipistrellus pipistrellus,0.221,0.435,-1,Echolocation,192000.0,/mnt/ubna_data_06/recover-20251030/UBNA_027/20251029_014000.WAV,recover-20251030,UBNA_027,E18 Bridge
HF,53760.0,13.963745248681917,16.5525,16.5577,47812.0,66083.0,Myotis alcathoe,0.153,0.357,-1,Echolocation,192000.0,/mnt/ubna_data_06/recover-20251030/UBNA_027/20251029_014000.WAV,recover-20251030,UBNA_027,E18 Bridge
HF,53760.0,8.197042155132308,16.6095,16.6141,48671.0,65013.0,Pipistrellus pipistrellus,0.202,0.387,-1,Echolocation,192000.0,/mnt/ubna_data_06/recover-20251030/UBNA_027/20251029_014000.WAV,recover-20251030,UBNA_027,E18 Bridge
HF,53760.0,9.996258918464143,17.9905,17.9953,46953.0,63740.0,Pipistrellus pipistrellus,0.255,0.426,-1,Echolocation,192000.0,/mnt/ubna_data_06/recover-20251030/UBNA_027/20251029_014000.WAV,recover-20251030,UBNA_027,E18 Bridge
HF,55680.0,16.75667036982151,18.0735,18.0776,48671.0,71647.0,Myotis alcathoe,0.299,0.553,-1,Echolocation,192000.0,/mnt/ubna_data_06/recover-20251030/UBNA_027/20251029_014000.WAV,recover-20251030,UBNA_027,E18 Bridge
HF,54720.0,11.111258103201838,18.1655,18.1684,47812.0,68333.0,Myotis alcathoe,0.34,0.477,-1,Echolocation,192000.0,/mnt/ubna_data_06/recover-20251030/UBNA_027/20251029_014000.WAV,recover-20251030,UBNA_027,E18 Bridge
HF,54720.0,18.061108871131097,18.2635,18.2662,47812.0,67991.0,Myotis alcathoe,0.326,0.457,-1,Echolocation,192000.0,/mnt/ubna_data_06/recover-20251030/UBNA_027/20251029_014000.WAV,recover-20251030,UBNA_027,E18 Bridge
HF,53760.0,16.122985303757716,18.3495,18.3521,51250.0,71416.0,Myotis alcathoe,0.315,0.448,-1,Echolocation,192000.0,/mnt/ubna_data_06/recover-20251030/UBNA_027/20251029_014000.WAV,recover-20251030,UBNA_027,E18 Bridge
HF,51840.0,18.62695960886985,18.4325,18.4366,45234.0,73370.0,Myotis alcathoe,0.38,0.444,-1,Echolocation,192000.0,/mnt/ubna_data_06/recover-20251030/UBNA_027/20251029_014000.WAV,recover-20251030,UBNA_027,E18 Bridge
HF,53760.0,14.860682379822443,18.5075,18.512,47812.0,71315.0,Myotis alcathoe,0.302,0.504,-1,Echolocation,192000.0,/mnt/ubna_data_06/recover-20251030/UBNA_027/20251029_014000.WAV,recover-20251030,UBNA_027,E18 Bridge
HF,54720.0,14.963728516262211,18.5915,18.5941,49531.0,68269.0,Myotis alcathoe,0.369,0.474,-1,Echolocation,192000.0,/mnt/ubna_data_06/recover-20251030/UBNA_027/20251029_014000.WAV,recover-20251030,UBNA_027,E18 Bridge
HF,52800.0,21.201302967691724,18.6745,18.6774,50390.0,72448.0,Myotis alcathoe,0.41,0.583,-1,Echolocation,192000.0,/mnt/ubna_data_06/recover-20251030/UBNA_027/20251029_014000.WAV,recover-20251030,UBNA_027,E18 Bridge
HF,53760.0,17.493257557240483,18.7545,18.758,49531.0,68974.0,Myotis alcathoe,0.327,0.47,-1,Echolocation,192000.0,/mnt/ubna_data_06/recover-20251030/UBNA_027/20251029_014000.WAV,recover-20251030,UBNA_027,E18 Bridge
HF,52800.0,22.003787805541783,18.8345,18.8377,48671.0,70530.0,Myotis alcathoe,0.419,0.5,-1,Echolocation,192000.0,/mnt/ubna_data_06/recover-20251030/UBNA_027/20251029_014000.WAV,recover-20251030,UBNA_027,E18 Bridge
HF,52800.0,20.525224714171998,18.9165,18.9197,48671.0,72989.0,Myotis alcathoe,0.373,0.517,-1,Echolocation,192000.0,/mnt/ubna_data_06/recover-20251030/UBNA_027/20251029_014000.WAV,recover-20251030,UBNA_027,E18 Bridge
HF,52800.0,22.005264713733954,18.9935,18.9968,46953.0,73436.0,Myotis alcathoe,0.473,0.584,-1,Echolocation,192000.0,/mnt/ubna_data_06/recover-20251030/UBNA_027/20251029_014000.WAV,recover-20251030,UBNA_027,E18 Bridge
HF,53760.0,23.63912741100995,19.0745,19.0777,48671.0,71688.0,Myotis alcathoe,0.463,0.571,-1,Echolocation,192000.0,/mnt/ubna_data_06/recover-20251030/UBNA_027/20251029_014000.WAV,recover-20251030,UBNA_027,E18 Bridge
HF,52800.0,23.645739240472796,19.1525,19.1562,46953.0,78812.0,Myotis alcathoe,0.472,0.518,-1,Echolocation,192000.0,/mnt/ubna_data_06/recover-20251030/UBNA_027/20251029_014000.WAV,recover-20251030,UBNA_027,E18 Bridge
HF,53760.0,16.88395750697769,19.2375,19.241,46953.0,68340.0,Myotis alcathoe,0.361,0.476,-1,Echolocation,192000.0,/mnt/ubna_data_06/recover-20251030/UBNA_027/20251029_014000.WAV,recover-20251030,UBNA_027,E18 Bridge
HF,50880.0,29.572315161371122,19.3215,19.3261,45234.0,74471.0,Myotis alcathoe,0.325,0.607,-1,Echolocation,192000.0,/mnt/ubna_data_06/recover-20251030/UBNA_027/20251029_014000.WAV,recover-20251030,UBNA_027,E18 Bridge
HF,52800.0,21.952038377658525,19.4095,19.4127,46953.0,70767.0,Myotis alcathoe,0.472,0.565,-1,Echolocation,192000.0,/mnt/ubna_data_06/recover-20251030/UBNA_027/20251029_014000.WAV,recover-20251030,UBNA_027,E18 Bridge
HF,51840.0,12.682832095885681,19.4925,19.4957,48671.0,65941.0,Myotis alcathoe,0.204,0.454,-1,Echolocation,192000.0,/mnt/ubna_data_06/recover-20251030/UBNA_027/20251029_014000.WAV,recover-20251030,UBNA_027,E18 Bridge
HF,51840.0,6.899046352276378,19.5515,19.5542,50390.0,66696.0,Myotis alcathoe,0.311,0.409,-1,Echolocation,192000.0,/mnt/ubna_data_06/recover-20251030/UBNA_027/20251029_014000.WAV,recover-20251030,UBNA_027,E18 Bridge
HF,50880.0,11.749458283206927,19.5955,19.5986,47812.0,65971.0,Myotis alcathoe,0.332,0.466,-1,Echolocation,192000.0,/mnt/ubna_data_06/recover-20251030/UBNA_027/20251029_014000.WAV,recover-20251030,UBNA_027,E18 Bridge
HF,51840.0,10.816106866565997,19.6375,19.6405,46093.0,70628.0,Myotis alcathoe,0.339,0.426,-1,Echolocation,192000.0,/mnt/ubna_data_06/recover-20251030/UBNA_027/20251029_014000.WAV,recover-20251030,UBNA_027,E18 Bridge
HF,48960.0,8.263736391503326,19.6785,19.6816,44375.0,64970.0,Myotis alcathoe,0.289,0.399,-1,Echolocation,192000.0,/mnt/ubna_data_06/recover-20251030/UBNA_027/20251029_014000.WAV,recover-20251030,UBNA_027,E18 Bridge
HF,50880.0,13.069089904045155,19.7225,19.7255,45234.0,63899.0,Myotis alcathoe,0.349,0.484,-1,Echolocation,192000.0,/mnt/ubna_data_06/recover-20251030/UBNA_027/20251029_014000.WAV,recover-20251030,UBNA_027,E18 Bridge
HF,52800.0,11.211311736153299,19.7725,19.7756,45234.0,67962.0,Myotis alcathoe,0.338,0.42,-1,Echolocation,192000.0,/mnt/ubna_data_06/recover-20251030/UBNA_027/20251029_014000.WAV,recover-20251030,UBNA_027,E18 Bridge
HF,54720.0,13.484908703561036,19.8415,19.8449,47812.0,67153.0,Myotis alcathoe,0.355,0.473,-1,Echolocation,192000.0,/mnt/ubna_data_06/recover-20251030/UBNA_027/20251029_014000.WAV,recover-20251030,UBNA_027,E18 Bridge
HF,49920.0,15.443957773246309,19.9105,19.914,45234.0,67188.0,Myotis alcathoe,0.38,0.515,-1,Echolocation,192000.0,/mnt/ubna_data_06/recover-20251030/UBNA_027/20251029_014000.WAV,recover-20251030,UBNA_027,E18 Bridge
HF,52800.0,14.53300990988419,19.9675,19.9706,46953.0,68494.0,Myotis alcathoe,0.378,0.474,-1,Echolocation,192000.0,/mnt/ubna_data_06/recover-20251030/UBNA_027/20251029_014000.WAV,recover-20251030,UBNA_027,E18 Bridge
HF,52800.0,15.20143550477519,20.0175,20.0205,46093.0,72220.0,Myotis alcathoe,0.46,0.629,-1,Echolocation,192000.0,/mnt/ubna_data_06/recover-20251030/UBNA_027/20251029_014000.WAV,recover-20251030,UBNA_027,E18 Bridge
HF,52800.0,10.598904837241214,20.0625,20.0653,46953.0,69317.0,Myotis alcathoe,0.413,0.572,-1,Echolocation,192000.0,/mnt/ubna_data_06/recover-20251030/UBNA_027/20251029_014000.WAV,recover-20251030,UBNA_027,E18 Bridge
HF,52800.0,9.735505729073408,20.1125,20.1154,46953.0,68454.0,Myotis alcathoe,0.385,0.548,-1,Echolocation,192000.0,/mnt/ubna_data_06/recover-20251030/UBNA_027/20251029_014000.WAV,recover-20251030,UBNA_027,E18 Bridge
HF,53760.0,4.8240448085285434,20.1515,20.1541,52109.0,65881.0,Myotis alcathoe,0.224,0.376,-1,Echolocation,192000.0,/mnt/ubna_data_06/recover-20251030/UBNA_027/20251029_014000.WAV,recover-20251030,UBNA_027,E18 Bridge
HF,56640.0,1.9757063154457417,20.1865,20.1894,52968.0,69146.0,Myotis alcathoe,0.225,0.331,-1,Echolocation,192000.0,/mnt/ubna_data_06/recover-20251030/UBNA_027/20251029_014000.WAV,recover-20251030,UBNA_027,E18 Bridge
HF,56640.0,6.469012556295446,20.3195,20.3226,52968.0,72836.0,Myotis alcathoe,0.402,0.56,-1,Echolocation,192000.0,/mnt/ubna_data_06/recover-20251030/UBNA_027/20251029_014000.WAV,recover-20251030,UBNA_027,E18 Bridge
HF,52800.0,16.9625768959111,20.3915,20.3947,46953.0,72849.0,Myotis alcathoe,0.445,0.548,-1,Echolocation,192000.0,/mnt/ubna_data_06/recover-20251030/UBNA_027/20251029_014000.WAV,recover-20251030,UBNA_027,E18 Bridge
HF,54720.0,11.931760031843716,20.4615,20.4649,51250.0,69676.0,Myotis alcathoe,0.346,0.495,-1,Echolocation,192000.0,/mnt/ubna_data_06/recover-20251030/UBNA_027/20251029_014000.WAV,recover-20251030,UBNA_027,E18 Bridge
HF,52800.0,16.94054214308409,20.5435,20.5464,49531.0,71975.0,Myotis alcathoe,0.352,0.468,-1,Echolocation,192000.0,/mnt/ubna_data_06/recover-20251030/UBNA_027/20251029_014000.WAV,recover-20251030,UBNA_027,E18 Bridge
HF,55680.0,21.100609478783756,20.6285,20.6324,51250.0,80664.0,Myotis alcathoe,0.342,0.476,-1,Echolocation,192000.0,/mnt/ubna_data_06/recover-20251030/UBNA_027/20251029_014000.WAV,recover-20251030,UBNA_027,E18 Bridge
HF,56640.0,25.567658688508903,20.7095,20.7125,52109.0,73180.0,Pipistrellus pipistrellus,0.307,0.54,-1,Echolocation,192000.0,/mnt/ubna_data_06/recover-20251030/UBNA_027/20251029_014000.WAV,recover-20251030,UBNA_027,E18 Bridge
HF,52800.0,28.66589957243214,20.7935,20.7974,48671.0,85554.0,Myotis alcathoe,0.493,0.572,-1,Echolocation,192000.0,/mnt/ubna_data_06/recover-20251030/UBNA_027/20251029_014000.WAV,recover-20251030,UBNA_027,E18 Bridge
HF,58560.0,26.58503938822826,20.8785,20.8822,50390.0,80427.0,Myotis alcathoe,0.334,0.547,-1,Echolocation,192000.0,/mnt/ubna_data_06/recover-20251030/UBNA_027/20251029_014000.WAV,recover-20251030,UBNA_027,E18 Bridge
HF,53760.0,31.328961661666703,21.0025,21.0066,48671.0,76156.0,Pipistrellus pipistrellus,0.412,0.524,-1,Echolocation,192000.0,/mnt/ubna_data_06/recover-20251030/UBNA_027/20251029_014000.WAV,recover-20251030,UBNA_027,E18 Bridge
HF,56640.0,29.986560513093448,21.0675,21.0712,48671.0,79362.0,Myotis alcathoe,0.229,0.497,-1,Echolocation,192000.0,/mnt/ubna_data_06/recover-20251030/UBNA_027/20251029_014000.WAV,recover-20251030,UBNA_027,E18 Bridge
HF,52800.0,33.95048598524238,21.1485,21.1528,51250.0,75150.0,Pipistrellus pipistrellus,0.263,0.371,-1,Echolocation,192000.0,/mnt/ubna_data_06/recover-20251030/UBNA_027/20251029_014000.WAV,recover-20251030,UBNA_027,E18 Bridge
HF,52800.0,32.098705003344946,21.1485,21.1532,44375.0,82399.0,Myotis alcathoe,0.365,0.402,-1,Echolocation,192000.0,/mnt/ubna_data_06/recover-20251030/UBNA_027/20251029_014000.WAV,recover-20251030,UBNA_027,E18 Bridge
HF,55680.0,35.706219539068165,21.2295,21.2336,48671.0,75400.0,Pipistrellus pipistrellus,0.471,0.571,-1,Echolocation,192000.0,/mnt/ubna_data_06/recover-20251030/UBNA_027/20251029_014000.WAV,recover-20251030,UBNA_027,E18 Bridge
HF,52800.0,37.65790855684395,21.3065,21.3102,46953.0,75716.0,Myotis alcathoe,0.402,0.535,-1,Echolocation,192000.0,/mnt/ubna_data_06/recover-20251030/UBNA_027/20251029_014000.WAV,recover-20251030,UBNA_027,E18 Bridge
HF,51840.0,33.96420091038004,21.3555,21.3598,44375.0,81075.0,Myotis alcathoe,0.29,0.391,-1,Echolocation,192000.0,/mnt/ubna_data_06/recover-20251030/UBNA_027/20251029_014000.WAV,recover-20251030,UBNA_027,E18 Bridge
HF,51840.0,26.92431059118723,21.3995,21.403,42656.0,78697.0,Myotis alcathoe,0.458,0.584,-1,Echolocation,192000.0,/mnt/ubna_data_06/recover-20251030/UBNA_027/20251029_014000.WAV,recover-20251030,UBNA_027,E18 Bridge
HF,54720.0,30.75698816149114,21.4495,21.4536,44375.0,84538.0,Myotis alcathoe,0.541,0.627,-1,Echolocation,192000.0,/mnt/ubna_data_06/recover-20251030/UBNA_027/20251029_014000.WAV,recover-20251030,UBNA_027,E18 Bridge
HF,53760.0,23.730367180717682,21.4885,21.4923,46093.0,84610.0,Myotis alcathoe,0.452,0.573,-1,Echolocation,192000.0,/mnt/ubna_data_06/recover-20251030/UBNA_027/20251029_014000.WAV,recover-20251030,UBNA_027,E18 Bridge
HF,56640.0,10.752230365534725,21.5185,21.5212,52968.0,76128.0,Myotis alcathoe,0.318,0.398,-1,Echolocation,192000.0,/mnt/ubna_data_06/recover-20251030/UBNA_027/20251029_014000.WAV,recover-20251030,UBNA_027,E18 Bridge
HF,55680.0,14.7616811581222,21.5465,21.5498,48671.0,69965.0,Myotis alcathoe,0.341,0.485,-1,Echolocation,192000.0,/mnt/ubna_data_06/recover-20251030/UBNA_027/20251029_014000.WAV,recover-20251030,UBNA_027,E18 Bridge
HF,53760.0,28.338489496071837,21.6045,21.6088,45234.0,85273.0,Myotis alcathoe,0.49,0.575,-1,Echolocation,192000.0,/mnt/ubna_data_06/recover-20251030/UBNA_027/20251029_014000.WAV,recover-20251030,UBNA_027,E18 Bridge
HF,55680.0,36.898168814537314,21.6805,21.6848,52109.0,78738.0,Pipistrellus pipistrellus,0.15,0.302,-1,Echolocation,192000.0,/mnt/ubna_data_06/recover-20251030/UBNA_027/20251029_014000.WAV,recover-20251030,UBNA_027,E18 Bridge
HF,55680.0,34.566714367277235,21.6805,21.6849,41796.0,93189.0,Myotis alcathoe,0.482,0.543,-1,Echolocation,192000.0,/mnt/ubna_data_06/recover-20251030/UBNA_027/20251029_014000.WAV,recover-20251030,UBNA_027,E18 Bridge
HF,55680.0,30.65688225394147,21.7565,21.7615,45234.0,86927.0,Myotis alcathoe,0.321,0.348,-1,Echolocation,192000.0,/mnt/ubna_data_06/recover-20251030/UBNA_027/20251029_014000.WAV,recover-20251030,UBNA_027,E18 Bridge
HF,55680.0,32.60872199291772,21.7565,21.761,52109.0,75654.0,Pipistrellus pipistrellus,0.227,0.424,-1,Echolocation,192000.0,/mnt/ubna_data_06/recover-20251030/UBNA_027/20251029_014000.WAV,recover-20251030,UBNA_027,E18 Bridge
HF,51840.0,25.08609953784216,21.8255,21.83,44375.0,86110.0,Myotis alcathoe,0.457,0.536,-1,Echolocation,192000.0,/mnt/ubna_data_06/recover-20251030/UBNA_027/20251029_014000.WAV,recover-20251030,UBNA_027,E18 Bridge
HF,54720.0,23.14509663058989,21.8675,21.871,45234.0,74564.0,Myotis alcathoe,0.235,0.307,-1,Echolocation,192000.0,/mnt/ubna_data_06/recover-20251030/UBNA_027/20251029_014000.WAV,recover-20251030,UBNA_027,E18 Bridge
HF,55680.0,24.67557521350936,21.9035,21.9083,42656.0,72816.0,Myotis alcathoe,0.192,0.349,-1,Echolocation,192000.0,/mnt/ubna_data_06/recover-20251030/UBNA_027/20251029_014000.WAV,recover-20251030,UBNA_027,E18 Bridge
HF,55680.0,23.807671401228564,21.9385,21.9428,43515.0,73996.0,Myotis alcathoe,0.211,0.334,-1,Echolocation,192000.0,/mnt/ubna_data_06/recover-20251030/UBNA_027/20251029_014000.WAV,recover-20251030,UBNA_027,E18 Bridge
HF,55680.0,27.71016877395226,21.9765,21.9803,41796.0,77095.0,Myotis alcathoe,0.234,0.39,-1,Echolocation,192000.0,/mnt/ubna_data_06/recover-20251030/UBNA_027/20251029_014000.WAV,recover-20251030,UBNA_027,E18 Bridge
HF,54720.0,25.478901196699226,22.0155,22.0197,42656.0,82660.0,Myotis mystacinus,0.2,0.375,-1,Echolocation,192000.0,/mnt/ubna_data_06/recover-20251030/UBNA_027/20251029_014000.WAV,recover-20251030,UBNA_027,E18 Bridge
HF,53760.0,27.871673110670265,22.0635,22.0682,41796.0,85654.0,Myotis mystacinus,0.278,0.45,-1,Echolocation,192000.0,/mnt/ubna_data_06/recover-20251030/UBNA_027/20251029_014000.WAV,recover-20251030,UBNA_027,E18 Bridge
HF,51840.0,25.041689096148993,22.1835,22.1881,44375.0,72284.0,Myotis alcathoe,0.226,0.39,-1,Echolocation,192000.0,/mnt/ubna_data_06/recover-20251030/UBNA_027/20251029_014000.WAV,recover-20251030,UBNA_027,E18 Bridge
HF,54720.0,29.542654855090834,22.2565,22.2611,40078.0,88679.0,Myotis mystacinus,0.372,0.473,-1,Echolocation,192000.0,/mnt/ubna_data_06/recover-20251030/UBNA_027/20251029_014000.WAV,recover-20251030,UBNA_027,E18 Bridge
HF,54720.0,12.241911689348083,22.3405,22.3446,46093.0,77026.0,Myotis alcathoe,0.25,0.353,-1,Echolocation,192000.0,/mnt/ubna_data_06/recover-20251030/UBNA_027/20251029_014000.WAV,recover-20251030,UBNA_027,E18 Bridge
HF,54720.0,24.569041978421843,22.4205,22.4247,42656.0,75629.0,Myotis alcathoe,0.2,0.411,-1,Echolocation,192000.0,/mnt/ubna_data_06/recover-20251030/UBNA_027/20251029_014000.WAV,recover-20251030,UBNA_027,E18 Bridge
HF,52800.0,12.23051593373321,22.5025,22.5069,47812.0,70950.0,Myotis alcathoe,0.262,0.379,-1,Echolocation,192000.0,/mnt/ubna_data_06/recover-20251030/UBNA_027/20251029_014000.WAV,recover-20251030,UBNA_027,E18 Bridge
HF,51840.0,16.079602498517566,22.5805,22.5853,45234.0,71771.0,Myotis alcathoe,0.168,0.411,-1,Echolocation,192000.0,/mnt/ubna_data_06/recover-20251030/UBNA_027/20251029_014000.WAV,recover-20251030,UBNA_027,E18 Bridge
HF,51840.0,16.69756631414327,22.7335,22.7382,46093.0,66351.0,Pipistrellus pipistrellus,0.218,0.477,-1,Echolocation,192000.0,/mnt/ubna_data_06/recover-20251030/UBNA_027/20251029_014000.WAV,recover-20251030,UBNA_027,E18 Bridge
HF,51840.0,24.667445643447984,22.8135,22.8185,46093.0,64638.0,Pipistrellus pipistrellus,0.496,0.648,-1,Echolocation,192000.0,/mnt/ubna_data_06/recover-20251030/UBNA_027/20251029_014000.WAV,recover-20251030,UBNA_027,E18 Bridge
HF,52800.0,11.000536792659235,22.8945,22.8988,46953.0,70554.0,Myotis alcathoe,0.137,0.305,-1,Echolocation,192000.0,/mnt/ubna_data_06/recover-20251030/UBNA_027/20251029_014000.WAV,recover-20251030,UBNA_027,E18 Bridge
HF,54720.0,7.364176574288669,23.2315,23.2372,48671.0,68705.0,Pipistrellus pipistrellus,0.278,0.465,-1,Echolocation,192000.0,/mnt/ubna_data_06/recover-20251030/UBNA_027/20251029_014000.WAV,recover-20251030,UBNA_027,E18 Bridge
HF,51840.0,12.53174594886617,23.3045,23.3129,47812.0,64129.0,Pipistrellus pipistrellus,0.337,0.492,-1,Echolocation,192000.0,/mnt/ubna_data_06/recover-20251030/UBNA_027/20251029_014000.WAV,recover-20251030,UBNA_027,E18 Bridge
HF,51840.0,7.478458511735848,23.6565,23.6664,47812.0,61823.0,Pipistrellus pipistrellus,0.359,0.429,-1,Echolocation,192000.0,/mnt/ubna_data_06/recover-20251030/UBNA_027/20251029_014000.WAV,recover-20251030,UBNA_027,E18 Bridge
LF,28800.0,0.9190593242806612,132.4635,132.4715,26328.0,35036.0,Eptesicus serotinus,0.17,0.305,-1,Echolocation,192000.0,/mnt/ubna_data_06/recover-20251030/UBNA_027/20251029_020000.WAV,recover-20251030,UBNA_027,E18 Bridge
LF,27840.0,2.3365849853910805,243.6485,243.6528,25468.0,42031.0,Plecotus austriacus,0.186,0.354,-1,Echolocation,192000.0,/mnt/ubna_data_06/recover-20251030/UBNA_027/20251029_024000.WAV,recover-20251030,UBNA_027,E18 Bridge
LF,25920.0,3.931738323107928,256.8875,256.9001,24609.0,30391.0,Nyctalus leisleri,0.238,0.361,-1,Echolocation,192000.0,/mnt/ubna_data_06/recover-20251030/UBNA_027/20251029_025000.WAV,recover-20251030,UBNA_027,E18 Bridge
HF,45120.0,8.907004233901695,83.5655,83.5715,44375.0,48686.0,Pipistrellus pipistrellus,0.296,0.323,-1,Echolocation,192000.0,/mnt/ubna_data_06/recover-20251030/UBNA_027/20251029_033000.WAV,recover-20251030,UBNA_027,E18 Bridge
HF,48000.0,3.240477518968901,3.0655,3.0741,46953.0,53429.0,Pipistrellus pipistrellus,0.313,0.355,-1,Echolocation,192000.0,/mnt/ubna_data_06/recover-20251030/UBNA_027/20251029_034000.WAV,recover-20251030,UBNA_027,E18 Bridge
LF,22080.0,2.277880557889222,156.3285,156.3339,21171.0,36726.0,Plecotus austriacus,0.175,0.304,-1,Echolocation,192000.0,/mnt/ubna_data_06/recover-20251030/UBNA_027/20251029_040000.WAV,recover-20251030,UBNA_027,E18 Bridge
LF,22080.0,15.524628105212077,197.8145,197.8198,16015.0,32878.0,Plecotus auritus,0.213,0.317,-1,Echolocation,192000.0,/mnt/ubna_data_06/recover-20251030/UBNA_027/20251029_042000.WAV,recover-20251030,UBNA_027,E18 Bridge
LF,25920.0,6.637606689392922,232.8885,232.9032,23750.0,28761.0,Nyctalus leisleri,0.142,0.302,-1,Echolocation,192000.0,/mnt/ubna_data_06/recover-20251030/UBNA_027/20251029_044000.WAV,recover-20251030,UBNA_027,E18 Bridge
LF,24960.0,6.710625488919285,293.5435,293.5538,23750.0,30719.0,Eptesicus serotinus,0.146,0.41,-1,Echolocation,192000.0,/mnt/ubna_data_06/recover-20251030/UBNA_027/20251029_044000.WAV,recover-20251030,UBNA_027,E18 Bridge
LF,28800.0,-0.11181959215722294,13.3705,13.382,28906.0,33843.0,Nyctalus leisleri,0.198,0.349,-1,Echolocation,192000.0,/mnt/ubna_data_06/recover-20251030/UBNA_027/20251029_045000.WAV,recover-20251030,UBNA_027,E18 Bridge
LF,24960.0,1.1197035817531207,117.5635,117.5748,23750.0,29556.0,Eptesicus serotinus,0.151,0.458,-1,Echolocation,192000.0,/mnt/ubna_data_06/recover-20251030/UBNA_027/20251029_053000.WAV,recover-20251030,UBNA_027,E18 Bridge
LF,22080.0,6.9004514991373735,174.4185,174.4293,20312.0,28358.0,Nyctalus noctula,0.119,0.304,-1,Echolocation,192000.0,/mnt/ubna_data_06/recover-20251030/UBNA_027/20251029_053000.WAV,recover-20251030,UBNA_027,E18 Bridge
LF,22080.0,6.834156676140624,115.4545,115.4602,16015.0,32951.0,Plecotus auritus,0.237,0.308,-1,Echolocation,192000.0,/mnt/ubna_data_06/recover-20251030/UBNA_027/20251029_060000.WAV,recover-20251030,UBNA_027,E18 Bridge
LF,28800.0,1.659033258707231,162.0045,162.00900000000001,23750.0,39630.0,Plecotus austriacus,0.261,0.305,-1,Echolocation,192000.0,/mnt/ubna_data_06/recover-20251030/UBNA_027/20251029_065000.WAV,recover-20251030,UBNA_027,E18 Bridge
LF,21120.0,4.325013289978334,220.9265,220.9349,20312.0,29076.0,Plecotus austriacus,0.15,0.4,-1,Echolocation,192000.0,/mnt/ubna_data_06/recover-20251030/UBNA_027/20251029_070000.WAV,recover-20251030,UBNA_027,E18 Bridge
LF,23040.0,3.709152923438989,261.1185,261.131,22031.0,28632.0,Nyctalus noctula,0.15,0.308,-1,Echolocation,192000.0,/mnt/ubna_data_06/recover-20251030/UBNA_027/20251029_071000.WAV,recover-20251030,UBNA_027,E18 Bridge
LF,20160.0,8.425555635007203,104.1485,104.156,19453.0,30505.0,Plecotus austriacus,0.219,0.438,-1,Echolocation,192000.0,/mnt/ubna_data_06/recover-20251030/UBNA_027/20251029_073000.WAV,recover-20251030,UBNA_027,E18 Bridge
LF,21120.0,3.468882957994524,183.9775,183.9826,17734.0,31375.0,Plecotus auritus,0.192,0.34,-1,Echolocation,192000.0,/mnt/ubna_data_06/recover-20251030/UBNA_027/20251029_074000.WAV,recover-20251030,UBNA_027,E18 Bridge
LF,27840.0,2.1696441786903122,91.4725,91.4818,26328.0,32877.0,Eptesicus serotinus,0.16,0.314,-1,Echolocation,192000.0,/mnt/ubna_data_06/recover-20251030/UBNA_027/20251029_080000.WAV,recover-20251030,UBNA_027,E18 Bridge
LF,24000.0,4.027051917273554,242.3315,242.3484,22890.0,27573.0,Nyctalus leisleri,0.141,0.305,-1,Echolocation,192000.0,/mnt/ubna_data_06/recover-20251030/UBNA_027/20251029_080000.WAV,recover-20251030,UBNA_027,E18 Bridge
LF,24960.0,1.0627676361464036,0.7635,0.7734,25468.0,32017.0,Eptesicus serotinus,0.212,0.312,-1,Echolocation,192000.0,/mnt/ubna_data_06/recover-20251030/UBNA_027/20251029_085000.WAV,recover-20251030,UBNA_027,E18 Bridge
LF,24000.0,0.8696166620783263,299.3945,299.4067,22890.0,28759.0,Nyctalus noctula,0.119,0.318,-1,Echolocation,192000.0,/mnt/ubna_data_06/recover-20251030/UBNA_027/20251029_085000.WAV,recover-20251030,UBNA_027,E18 Bridge
LF,27840.0,2.0384003414836442,36.9465,36.9517,22890.0,35459.0,Plecotus auritus,0.144,0.303,-1,Echolocation,192000.0,/mnt/ubna_data_06/recover-20251030/UBNA_027/20251029_091000.WAV,recover-20251030,UBNA_027,E18 Bridge
HF,48000.0,6.9517209201892705,154.0905,154.1026,46953.0,59978.0,Pipistrellus pipistrellus,0.353,0.411,-1,Echolocation,192000.0,/mnt/ubna_data_06/recover-20251030/UBNA_027/20251029_092000.WAV,recover-20251030,UBNA_027,E18 Bridge
HF,49920.0,10.493576275769502,154.9415,154.9496,46953.0,62385.0,Pipistrellus pipistrellus,0.353,0.422,-1,Echolocation,192000.0,/mnt/ubna_data_06/recover-20251030/UBNA_027/20251029_092000.WAV,recover-20251030,UBNA_027,E18 Bridge
HF,48960.0,6.951552981308207,155.0255,155.0356,47812.0,61380.0,Pipistrellus pipistrellus,0.34,0.396,-1,Echolocation,192000.0,/mnt/ubna_data_06/recover-20251030/UBNA_027/20251029_092000.WAV,recover-20251030,UBNA_027,E18 Bridge
HF,51840.0,8.756966810284082,155.1085,155.1184,47812.0,61630.0,Pipistrellus pipistrellus,0.285,0.355,-1,Echolocation,192000.0,/mnt/ubna_data_06/recover-20251030/UBNA_027/20251029_092000.WAV,recover-20251030,UBNA_027,E18 Bridge
HF,49920.0,8.22809190818038,155.1795,155.1876,48671.0,60678.0,Pipistrellus pipistrellus,0.387,0.419,-1,Echolocation,192000.0,/mnt/ubna_data_06/recover-20251030/UBNA_027/20251029_092000.WAV,recover-20251030,UBNA_027,E18 Bridge
HF,48960.0,13.216262396711283,155.2565,155.2644,46953.0,63615.0,Pipistrellus pipistrellus,0.388,0.477,-1,Echolocation,192000.0,/mnt/ubna_data_06/recover-20251030/UBNA_027/20251029_092000.WAV,recover-20251030,UBNA_027,E18 Bridge
HF,48960.0,7.775572757857234,155.3395,155.3498,47812.0,58876.0,Pipistrellus pipistrellus,0.312,0.351,-1,Echolocation,192000.0,/mnt/ubna_data_06/recover-20251030/UBNA_027/20251029_092000.WAV,recover-20251030,UBNA_027,E18 Bridge
HF,48000.0,8.90368776066945,155.4245,155.4332,46093.0,61308.0,Pipistrellus pipistrellus,0.372,0.502,-1,Echolocation,192000.0,/mnt/ubna_data_06/recover-20251030/UBNA_027/20251029_092000.WAV,recover-20251030,UBNA_027,E18 Bridge
HF,51840.0,15.25915022661972,155.5095,155.5166,46953.0,65250.0,Pipistrellus pipistrellus,0.387,0.538,-1,Echolocation,192000.0,/mnt/ubna_data_06/recover-20251030/UBNA_027/20251029_092000.WAV,recover-20251030,UBNA_027,E18 Bridge
HF,48960.0,9.23795734012386,155.6895,155.6974,47812.0,61526.0,Pipistrellus pipistrellus,0.511,0.551,-1,Echolocation,192000.0,/mnt/ubna_data_06/recover-20251030/UBNA_027/20251029_092000.WAV,recover-20251030,UBNA_027,E18 Bridge
HF,48960.0,14.504010517193304,155.7675,155.7765,46953.0,63046.0,Pipistrellus pipistrellus,0.375,0.489,-1,Echolocation,192000.0,/mnt/ubna_data_06/recover-20251030/UBNA_027/20251029_092000.WAV,recover-20251030,UBNA_027,E18 Bridge
HF,52800.0,5.415303994784297,155.8535,155.8658,48671.0,61167.0,Pipistrellus pipistrellus,0.287,0.35,-1,Echolocation,192000.0,/mnt/ubna_data_06/recover-20251030/UBNA_027/20251029_092000.WAV,recover-20251030,UBNA_027,E18 Bridge
HF,51840.0,12.263289126881658,155.9385,155.9447,46093.0,63682.0,Pipistrellus pipistrellus,0.333,0.512,-1,Echolocation,192000.0,/mnt/ubna_data_06/recover-20251030/UBNA_027/20251029_092000.WAV,recover-20251030,UBNA_027,E18 Bridge
HF,48960.0,9.105974192957914,156.0295,156.0368,47812.0,59838.0,Pipistrellus pipistrellus,0.504,0.534,-1,Echolocation,192000.0,/mnt/ubna_data_06/recover-20251030/UBNA_027/20251029_092000.WAV,recover-20251030,UBNA_027,E18 Bridge
HF,48000.0,21.177603720194572,156.1165,156.124,46953.0,66870.0,Pipistrellus pipistrellus,0.509,0.611,-1,Echolocation,192000.0,/mnt/ubna_data_06/recover-20251030/UBNA_027/20251029_092000.WAV,recover-20251030,UBNA_027,E18 Bridge
HF,48000.0,15.919484917560967,156.2105,156.2175,46953.0,61891.0,Pipistrellus pipistrellus,0.602,0.653,-1,Echolocation,192000.0,/mnt/ubna_data_06/recover-20251030/UBNA_027/20251029_092000.WAV,recover-20251030,UBNA_027,E18 Bridge
HF,48960.0,27.877801184680635,156.2935,156.2984,46093.0,70834.0,Pipistrellus pipistrellus,0.714,0.732,-1,Echolocation,192000.0,/mnt/ubna_data_06/recover-20251030/UBNA_027/20251029_092000.WAV,recover-20251030,UBNA_027,E18 Bridge
HF,51840.0,20.761859492771645,156.3815,156.3868,46093.0,69856.0,Pipistrellus pipistrellus,0.652,0.699,-1,Echolocation,192000.0,/mnt/ubna_data_06/recover-20251030/UBNA_027/20251029_092000.WAV,recover-20251030,UBNA_027,E18 Bridge
HF,51840.0,23.014395129009465,156.4615,156.4673,45234.0,76142.0,Pipistrellus pipistrellus,0.562,0.672,-1,Echolocation,192000.0,/mnt/ubna_data_06/recover-20251030/UBNA_027/20251029_092000.WAV,recover-20251030,UBNA_027,E18 Bridge
HF,51840.0,21.879211516156477,156.5255,156.53,47812.0,69957.0,Pipistrellus pipistrellus,0.572,0.641,-1,Echolocation,192000.0,/mnt/ubna_data_06/recover-20251030/UBNA_027/20251029_092000.WAV,recover-20251030,UBNA_027,E18 Bridge
HF,50880.0,19.42561112234977,156.5995,156.6043,46093.0,75019.0,Pipistrellus pipistrellus,0.458,0.613,-1,Echolocation,192000.0,/mnt/ubna_data_06/recover-20251030/UBNA_027/20251029_092000.WAV,recover-20251030,UBNA_027,E18 Bridge
HF,49920.0,24.42312029338284,156.6835,156.6882,46953.0,71435.0,Pipistrellus pipistrellus,0.646,0.674,-1,Echolocation,192000.0,/mnt/ubna_data_06/recover-20251030/UBNA_027/20251029_092000.WAV,recover-20251030,UBNA_027,E18 Bridge
HF,52800.0,28.58259760583314,156.7635,156.7688,44375.0,85508.0,Pipistrellus pipistrellus,0.184,0.469,-1,Echolocation,192000.0,/mnt/ubna_data_06/recover-20251030/UBNA_027/20251029_092000.WAV,recover-20251030,UBNA_027,E18 Bridge
HF,49920.0,18.396419234111804,156.8475,156.8522,45234.0,73740.0,Pipistrellus pipistrellus,0.428,0.571,-1,Echolocation,192000.0,/mnt/ubna_data_06/recover-20251030/UBNA_027/20251029_092000.WAV,recover-20251030,UBNA_027,E18 Bridge
HF,55680.0,21.47512127176595,156.9235,156.9283,46093.0,71130.0,Pipistrellus pipistrellus,0.532,0.601,-1,Echolocation,192000.0,/mnt/ubna_data_06/recover-20251030/UBNA_027/20251029_092000.WAV,recover-20251030,UBNA_027,E18 Bridge
HF,52800.0,22.748413022418724,156.9995,157.0041,49531.0,70905.0,Pipistrellus pipistrellus,0.42,0.425,-1,Echolocation,192000.0,/mnt/ubna_data_06/recover-20251030/UBNA_027/20251029_092000.WAV,recover-20251030,UBNA_027,E18 Bridge
HF,52800.0,34.96078329768557,157.0795,157.0846,47812.0,79778.0,Pipistrellus pipistrellus,0.684,0.698,-1,Echolocation,192000.0,/mnt/ubna_data_06/recover-20251030/UBNA_027/20251029_092000.WAV,recover-20251030,UBNA_027,E18 Bridge
HF,54720.0,21.44012824424072,157.1525,157.157,47812.0,73220.0,Pipistrellus pipistrellus,0.667,0.683,-1,Echolocation,192000.0,/mnt/ubna_data_06/recover-20251030/UBNA_027/20251029_092000.WAV,recover-20251030,UBNA_027,E18 Bridge
HF,53760.0,23.50998795164939,157.2315,157.2367,46953.0,70940.0,Pipistrellus pipistrellus,0.635,0.714,-1,Echolocation,192000.0,/mnt/ubna_data_06/recover-20251030/UBNA_027/20251029_092000.WAV,recover-20251030,UBNA_027,E18 Bridge
HF,48960.0,26.530661399761524,157.3105,157.3156,46093.0,71708.0,Pipistrellus pipistrellus,0.646,0.678,-1,Echolocation,192000.0,/mnt/ubna_data_06/recover-20251030/UBNA_027/20251029_092000.WAV,recover-20251030,UBNA_027,E18 Bridge
HF,48960.0,31.216653981534584,157.3915,157.3963,46093.0,71969.0,Pipistrellus pipistrellus,0.581,0.598,-1,Echolocation,192000.0,/mnt/ubna_data_06/recover-20251030/UBNA_027/20251029_092000.WAV,recover-20251030,UBNA_027,E18 Bridge
HF,48960.0,35.37906334700701,157.4685,157.474,46953.0,73483.0,Pipistrellus pipistrellus,0.602,0.608,-1,Echolocation,192000.0,/mnt/ubna_data_06/recover-20251030/UBNA_027/20251029_092000.WAV,recover-20251030,UBNA_027,E18 Bridge
HF,52800.0,35.615547253753476,157.5525,157.5579,47812.0,74890.0,Pipistrellus pipistrellus,0.621,0.632,-1,Echolocation,192000.0,/mnt/ubna_data_06/recover-20251030/UBNA_027/20251029_092000.WAV,recover-20251030,UBNA_027,E18 Bridge
HF,52800.0,31.54823925140792,157.6215,157.6278,43515.0,86072.0,Pipistrellus pipistrellus,0.206,0.338,-1,Echolocation,192000.0,/mnt/ubna_data_06/recover-20251030/UBNA_027/20251029_092000.WAV,recover-20251030,UBNA_027,E18 Bridge
HF,55680.0,35.12824401110876,157.6795,157.686,46093.0,91541.0,Pipistrellus pipistrellus,0.301,0.412,-1,Echolocation,192000.0,/mnt/ubna_data_06/recover-20251030/UBNA_027/20251029_092000.WAV,recover-20251030,UBNA_027,E18 Bridge
HF,52800.0,33.01825045356973,157.7305,157.7364,47812.0,79304.0,Pipistrellus pipistrellus,0.383,0.408,-1,Echolocation,192000.0,/mnt/ubna_data_06/recover-20251030/UBNA_027/20251029_092000.WAV,recover-20251030,UBNA_027,E18 Bridge
HF,52800.0,37.703006602090674,157.7875,157.7929,51250.0,76886.0,Pipistrellus pipistrellus,0.376,0.38,-1,Echolocation,192000.0,/mnt/ubna_data_06/recover-20251030/UBNA_027/20251029_092000.WAV,recover-20251030,UBNA_027,E18 Bridge
HF,51840.0,31.521632851425153,157.8515,157.8563,46953.0,70550.0,Pipistrellus pipistrellus,0.552,0.559,-1,Echolocation,192000.0,/mnt/ubna_data_06/recover-20251030/UBNA_027/20251029_092000.WAV,recover-20251030,UBNA_027,E18 Bridge
HF,48960.0,39.82179461565941,157.9175,157.9249,45234.0,71375.0,Pipistrellus pipistrellus,0.334,0.338,-1,Echolocation,192000.0,/mnt/ubna_data_06/recover-20251030/UBNA_027/20251029_092000.WAV,recover-20251030,UBNA_027,E18 Bridge
HF,48000.0,12.211571774655997,158.1495,158.1598,46953.0,64588.0,Pipistrellus pipistrellus,0.244,0.312,-1,Echolocation,192000.0,/mnt/ubna_data_06/recover-20251030/UBNA_027/20251029_092000.WAV,recover-20251030,UBNA_027,E18 Bridge
HF,48000.0,36.37008275251092,158.2275,158.2339,46093.0,71813.0,Pipistrellus pipistrellus,0.489,0.538,-1,Echolocation,192000.0,/mnt/ubna_data_06/recover-20251030/UBNA_027/20251029_092000.WAV,recover-20251030,UBNA_027,E18 Bridge
HF,47040.0,12.745835323119506,158.3225,158.3294,46953.0,68931.0,Pipistrellus pipistrellus,0.525,0.631,-1,Echolocation,192000.0,/mnt/ubna_data_06/recover-20251030/UBNA_027/20251029_092000.WAV,recover-20251030,UBNA_027,E18 Bridge
HF,47040.0,26.616037775269437,158.4105,158.4173,42656.0,71827.0,Pipistrellus pipistrellus,0.205,0.434,-1,Echolocation,192000.0,/mnt/ubna_data_06/recover-20251030/UBNA_027/20251029_092000.WAV,recover-20251030,UBNA_027,E18 Bridge
HF,47040.0,23.99795904320381,158.5125,158.5178,46093.0,66017.0,Pipistrellus pipistrellus,0.573,0.633,-1,Echolocation,192000.0,/mnt/ubna_data_06/recover-20251030/UBNA_027/20251029_092000.WAV,recover-20251030,UBNA_027,E18 Bridge
HF,47040.0,39.42046436647223,158.6015,158.6068,46093.0,72493.0,Pipistrellus pipistrellus,0.607,0.632,-1,Echolocation,192000.0,/mnt/ubna_data_06/recover-20251030/UBNA_027/20251029_092000.WAV,recover-20251030,UBNA_027,E18 Bridge
HF,46080.0,22.99190993763294,158.7045,158.7118,45234.0,68074.0,Pipistrellus pipistrellus,0.491,0.616,-1,Echolocation,192000.0,/mnt/ubna_data_06/recover-20251030/UBNA_027/20251029_092000.WAV,recover-20251030,UBNA_027,E18 Bridge
HF,47040.0,20.072779270692152,158.7965,158.804,46093.0,66642.0,Pipistrellus pipistrellus,0.545,0.676,-1,Echolocation,192000.0,/mnt/ubna_data_06/recover-20251030/UBNA_027/20251029_092000.WAV,recover-20251030,UBNA_027,E18 Bridge
HF,47040.0,38.26289464687853,158.8845,158.8908,45234.0,73882.0,Pipistrellus pipistrellus,0.576,0.629,-1,Echolocation,192000.0,/mnt/ubna_data_06/recover-20251030/UBNA_027/20251029_092000.WAV,recover-20251030,UBNA_027,E18 Bridge
HF,48000.0,17.068289258990053,158.9815,158.987,46953.0,67906.0,Pipistrellus pipistrellus,0.471,0.541,-1,Echolocation,192000.0,/mnt/ubna_data_06/recover-20251030/UBNA_027/20251029_092000.WAV,recover-20251030,UBNA_027,E18 Bridge
HF,46080.0,23.72668587705234,159.1305,159.1382,43515.0,64755.0,Pipistrellus pipistrellus,0.471,0.564,-1,Echolocation,192000.0,/mnt/ubna_data_06/recover-20251030/UBNA_027/20251029_092000.WAV,recover-20251030,UBNA_027,E18 Bridge
HF,48960.0,17.29712465915617,159.2175,159.2271,45234.0,70583.0,Pipistrellus pipistrellus,0.491,0.599,-1,Echolocation,192000.0,/mnt/ubna_data_06/recover-20251030/UBNA_027/20251029_092000.WAV,recover-20251030,UBNA_027,E18 Bridge
HF,48000.0,36.101855797571965,159.3085,159.3145,45234.0,70287.0,Pipistrellus pipistrellus,0.629,0.686,-1,Echolocation,192000.0,/mnt/ubna_data_06/recover-20251030/UBNA_027/20251029_092000.WAV,recover-20251030,UBNA_027,E18 Bridge
HF,46080.0,12.05517850059632,159.4025,159.4089,44375.0,66242.0,Pipistrellus pipistrellus,0.452,0.578,-1,Echolocation,192000.0,/mnt/ubna_data_06/recover-20251030/UBNA_027/20251029_092000.WAV,recover-20251030,UBNA_027,E18 Bridge
HF,48960.0,21.46737972038743,159.4935,159.4985,46093.0,64539.0,Pipistrellus pipistrellus,0.589,0.629,-1,Echolocation,192000.0,/mnt/ubna_data_06/recover-20251030/UBNA_027/20251029_092000.WAV,recover-20251030,UBNA_027,E18 Bridge
HF,48960.0,35.23915335197704,159.6575,159.6628,46093.0,73946.0,Pipistrellus pipistrellus,0.645,0.693,-1,Echolocation,192000.0,/mnt/ubna_data_06/recover-20251030/UBNA_027/20251029_092000.WAV,recover-20251030,UBNA_027,E18 Bridge
HF,47040.0,28.063127127902725,159.7315,159.7369,45234.0,73026.0,Pipistrellus pipistrellus,0.519,0.545,-1,Echolocation,192000.0,/mnt/ubna_data_06/recover-20251030/UBNA_027/20251029_092000.WAV,recover-20251030,UBNA_027,E18 Bridge
HF,48000.0,27.429065738437316,159.7965,159.8021,44375.0,74291.0,Pipistrellus pipistrellus,0.618,0.646,-1,Echolocation,192000.0,/mnt/ubna_data_06/recover-20251030/UBNA_027/20251029_092000.WAV,recover-20251030,UBNA_027,E18 Bridge
HF,46080.0,30.318539359919075,159.8615,159.867,44375.0,69889.0,Pipistrellus pipistrellus,0.656,0.705,-1,Echolocation,192000.0,/mnt/ubna_data_06/recover-20251030/UBNA_027/20251029_092000.WAV,recover-20251030,UBNA_027,E18 Bridge
HF,48000.0,20.668236950382557,159.9245,159.9305,45234.0,74876.0,Pipistrellus pipistrellus,0.494,0.596,-1,Echolocation,192000.0,/mnt/ubna_data_06/recover-20251030/UBNA_027/20251029_092000.WAV,recover-20251030,UBNA_027,E18 Bridge
HF,48960.0,24.114832262788344,159.9925,159.9977,46093.0,68257.0,Pipistrellus pipistrellus,0.496,0.589,-1,Echolocation,192000.0,/mnt/ubna_data_06/recover-20251030/UBNA_027/20251029_092000.WAV,recover-20251030,UBNA_027,E18 Bridge
HF,48960.0,24.408054755507507,160.0605,160.066,46093.0,69446.0,Pipistrellus pipistrellus,0.579,0.64,-1,Echolocation,192000.0,/mnt/ubna_data_06/recover-20251030/UBNA_027/20251029_092000.WAV,recover-20251030,UBNA_027,E18 Bridge
HF,48000.0,19.03720285529223,160.1235,160.1289,46093.0,68857.0,Pipistrellus pipistrellus,0.468,0.551,-1,Echolocation,192000.0,/mnt/ubna_data_06/recover-20251030/UBNA_027/20251029_092000.WAV,recover-20251030,UBNA_027,E18 Bridge
HF,51840.0,13.805311775144665,160.1815,160.1861,45234.0,67299.0,Myotis alcathoe,0.166,0.428,-1,Echolocation,192000.0,/mnt/ubna_data_06/recover-20251030/UBNA_027/20251029_092000.WAV,recover-20251030,UBNA_027,E18 Bridge
HF,53760.0,10.545179628340977,160.2325,160.239,46953.0,62587.0,Pipistrellus pipistrellus,0.269,0.384,-1,Echolocation,192000.0,/mnt/ubna_data_06/recover-20251030/UBNA_027/20251029_092000.WAV,recover-20251030,UBNA_027,E18 Bridge
HF,49920.0,3.649121601570827,161.1745,161.1842,47812.0,60244.0,Pipistrellus pipistrellus,0.26,0.329,-1,Echolocation,192000.0,/mnt/ubna_data_06/recover-20251030/UBNA_027/20251029_092000.WAV,recover-20251030,UBNA_027,E18 Bridge
HF,52800.0,16.528046431462716,161.2355,161.2406,48671.0,65862.0,Pipistrellus pipistrellus,0.568,0.634,-1,Echolocation,192000.0,/mnt/ubna_data_06/recover-20251030/UBNA_027/20251029_092000.WAV,recover-20251030,UBNA_027,E18 Bridge
HF,48000.0,23.439286710222778,161.3925,161.3978,46953.0,66775.0,Pipistrellus pipistrellus,0.639,0.733,-1,Echolocation,192000.0,/mnt/ubna_data_06/recover-20251030/UBNA_027/20251029_092000.WAV,recover-20251030,UBNA_027,E18 Bridge
HF,48960.0,18.21711490846456,161.5495,161.5572,45234.0,64938.0,Pipistrellus pipistrellus,0.388,0.569,-1,Echolocation,192000.0,/mnt/ubna_data_06/recover-20251030/UBNA_027/20251029_092000.WAV,recover-20251030,UBNA_027,E18 Bridge
HF,51840.0,19.13739598268579,161.6175,161.6238,45234.0,71331.0,Myotis alcathoe,0.103,0.305,-1,Echolocation,192000.0,/mnt/ubna_data_06/recover-20251030/UBNA_027/20251029_092000.WAV,recover-20251030,UBNA_027,E18 Bridge
HF,48960.0,25.83801811999963,161.7055,161.7121,45234.0,68406.0,Pipistrellus pipistrellus,0.396,0.537,-1,Echolocation,192000.0,/mnt/ubna_data_06/recover-20251030/UBNA_027/20251029_092000.WAV,recover-20251030,UBNA_027,E18 Bridge
HF,48000.0,24.414882194911915,161.7885,161.7952,44375.0,68262.0,Pipistrellus pipistrellus,0.348,0.505,-1,Echolocation,192000.0,/mnt/ubna_data_06/recover-20251030/UBNA_027/20251029_092000.WAV,recover-20251030,UBNA_027,E18 Bridge
HF,48000.0,28.45271334644631,161.8755,161.8821,45234.0,72454.0,Pipistrellus pipistrellus,0.378,0.494,-1,Echolocation,192000.0,/mnt/ubna_data_06/recover-20251030/UBNA_027/20251029_092000.WAV,recover-20251030,UBNA_027,E18 Bridge
HF,48000.0,31.389909483146653,161.9555,161.9612,45234.0,72871.0,Pipistrellus pipistrellus,0.473,0.585,-1,Echolocation,192000.0,/mnt/ubna_data_06/recover-20251030/UBNA_027/20251029_092000.WAV,recover-20251030,UBNA_027,E18 Bridge
HF,47040.0,37.03204711503055,162.0345,162.0393,45234.0,72840.0,Pipistrellus pipistrellus,0.563,0.571,-1,Echolocation,192000.0,/mnt/ubna_data_06/recover-20251030/UBNA_027/20251029_092000.WAV,recover-20251030,UBNA_027,E18 Bridge
HF,48000.0,29.000752173563548,162.1215,162.1265,46093.0,64358.0,Pipistrellus pipistrellus,0.647,0.671,-1,Echolocation,192000.0,/mnt/ubna_data_06/recover-20251030/UBNA_027/20251029_092000.WAV,recover-20251030,UBNA_027,E18 Bridge
HF,47040.0,41.53506249945926,162.2065,162.2117,46093.0,70520.0,Pipistrellus pipistrellus,0.571,0.6,-1,Echolocation,192000.0,/mnt/ubna_data_06/recover-20251030/UBNA_027/20251029_092000.WAV,recover-20251030,UBNA_027,E18 Bridge
HF,46080.0,32.85636870578843,162.2945,162.2993,45234.0,65218.0,Pipistrellus pipistrellus,0.599,0.652,-1,Echolocation,192000.0,/mnt/ubna_data_06/recover-20251030/UBNA_027/20251029_092000.WAV,recover-20251030,UBNA_027,E18 Bridge
HF,47040.0,26.949216595832972,162.3755,162.3813,45234.0,68865.0,Pipistrellus pipistrellus,0.55,0.667,-1,Echolocation,192000.0,/mnt/ubna_data_06/recover-20251030/UBNA_027/20251029_092000.WAV,recover-20251030,UBNA_027,E18 Bridge
HF,46080.0,19.3323501454374,162.4625,162.4671,46093.0,63971.0,Pipistrellus pipistrellus,0.639,0.656,-1,Echolocation,192000.0,/mnt/ubna_data_06/recover-20251030/UBNA_027/20251029_092000.WAV,recover-20251030,UBNA_027,E18 Bridge
HF,48960.0,25.39965199882164,162.5455,162.5522,44375.0,70044.0,Pipistrellus pipistrellus,0.573,0.653,-1,Echolocation,192000.0,/mnt/ubna_data_06/recover-20251030/UBNA_027/20251029_092000.WAV,recover-20251030,UBNA_027,E18 Bridge
HF,48000.0,19.55166603235043,162.6315,162.6369,46953.0,62512.0,Pipistrellus pipistrellus,0.603,0.657,-1,Echolocation,192000.0,/mnt/ubna_data_06/recover-20251030/UBNA_027/20251029_092000.WAV,recover-20251030,UBNA_027,E18 Bridge
HF,48000.0,19.795234934310677,162.7125,162.7186,46953.0,63877.0,Pipistrellus pipistrellus,0.603,0.656,-1,Echolocation,192000.0,/mnt/ubna_data_06/recover-20251030/UBNA_027/20251029_092000.WAV,recover-20251030,UBNA_027,E18 Bridge
HF,47040.0,24.713729479930493,162.7945,162.7995,46093.0,64201.0,Pipistrellus pipistrellus,0.668,0.683,-1,Echolocation,192000.0,/mnt/ubna_data_06/recover-20251030/UBNA_027/20251029_092000.WAV,recover-20251030,UBNA_027,E18 Bridge
HF,47040.0,23.391507670006433,162.8725,162.8776,44375.0,67814.0,Pipistrellus pipistrellus,0.58,0.608,-1,Echolocation,192000.0,/mnt/ubna_data_06/recover-20251030/UBNA_027/20251029_092000.WAV,recover-20251030,UBNA_027,E18 Bridge
HF,47040.0,18.59458832993823,162.9565,162.9618,46953.0,64585.0,Pipistrellus pipistrellus,0.64,0.658,-1,Echolocation,192000.0,/mnt/ubna_data_06/recover-20251030/UBNA_027/20251029_092000.WAV,recover-20251030,UBNA_027,E18 Bridge
HF,48000.0,21.929361049615864,163.0355,163.0406,46093.0,64143.0,Pipistrellus pipistrellus,0.583,0.604,-1,Echolocation,192000.0,/mnt/ubna_data_06/recover-20251030/UBNA_027/20251029_092000.WAV,recover-20251030,UBNA_027,E18 Bridge
HF,47040.0,26.599643983051592,163.1195,163.1243,46953.0,64265.0,Pipistrellus pipistrellus,0.671,0.701,-1,Echolocation,192000.0,/mnt/ubna_data_06/recover-20251030/UBNA_027/20251029_092000.WAV,recover-20251030,UBNA_027,E18 Bridge
HF,52800.0,16.960115295729462,163.2025,163.2076,47812.0,68509.0,Pipistrellus pipistrellus,0.624,0.653,-1,Echolocation,192000.0,/mnt/ubna_data_06/recover-20251030/UBNA_027/20251029_092000.WAV,recover-20251030,UBNA_027,E18 Bridge
HF,52800.0,32.2994892611139,163.2805,163.28640000000001,45234.0,77870.0,Pipistrellus pipistrellus,0.642,0.66,-1,Echolocation,192000.0,/mnt/ubna_data_06/recover-20251030/UBNA_027/20251029_092000.WAV,recover-20251030,UBNA_027,E18 Bridge
HF,47040.0,19.676949566033194,163.3665,163.3717,46093.0,67354.0,Pipistrellus pipistrellus,0.59,0.628,-1,Echolocation,192000.0,/mnt/ubna_data_06/recover-20251030/UBNA_027/20251029_092000.WAV,recover-20251030,UBNA_027,E18 Bridge
HF,48000.0,37.6219239755105,163.4525,163.4578,45234.0,75240.0,Pipistrellus pipistrellus,0.528,0.533,-1,Echolocation,192000.0,/mnt/ubna_data_06/recover-20251030/UBNA_027/20251029_092000.WAV,recover-20251030,UBNA_027,E18 Bridge
HF,48000.0,15.371669035172326,163.5435,163.5483,47812.0,67592.0,Pipistrellus pipistrellus,0.674,0.738,-1,Echolocation,192000.0,/mnt/ubna_data_06/recover-20251030/UBNA_027/20251029_092000.WAV,recover-20251030,UBNA_027,E18 Bridge
HF,47040.0,32.29787565570645,163.6275,163.6354,45234.0,65006.0,Pipistrellus pipistrellus,0.496,0.522,-1,Echolocation,192000.0,/mnt/ubna_data_06/recover-20251030/UBNA_027/20251029_092000.WAV,recover-20251030,UBNA_027,E18 Bridge
HF,52800.0,12.050210431729024,163.7185,163.72390000000001,47812.0,66487.0,Pipistrellus pipistrellus,0.437,0.518,-1,Echolocation,192000.0,/mnt/ubna_data_06/recover-20251030/UBNA_027/20251029_092000.WAV,recover-20251030,UBNA_027,E18 Bridge
HF,52800.0,33.48450462888695,163.8005,163.8066,46953.0,66911.0,Pipistrellus pipistrellus,0.354,0.363,-1,Echolocation,192000.0,/mnt/ubna_data_06/recover-20251030/UBNA_027/20251029_092000.WAV,recover-20251030,UBNA_027,E18 Bridge
HF,52800.0,31.179859564287153,163.8015,163.8074,40078.0,88256.0,Myotis alcathoe,0.155,0.376,-1,Echolocation,192000.0,/mnt/ubna_data_06/recover-20251030/UBNA_027/20251029_092000.WAV,recover-20251030,UBNA_027,E18 Bridge
HF,54720.0,11.259358461844036,163.8895,163.8933,50390.0,69440.0,Pipistrellus pipistrellus,0.493,0.535,-1,Echolocation,192000.0,/mnt/ubna_data_06/recover-20251030/UBNA_027/20251029_092000.WAV,recover-20251030,UBNA_027,E18 Bridge
HF,52800.0,23.223247207608683,163.9665,163.9716,46093.0,66920.0,Pipistrellus pipistrellus,0.495,0.512,-1,Echolocation,192000.0,/mnt/ubna_data_06/recover-20251030/UBNA_027/20251029_092000.WAV,recover-20251030,UBNA_027,E18 Bridge
HF,55680.0,6.644560753662583,164.05349999999999,164.0584,49531.0,68899.0,Pipistrellus pipistrellus,0.293,0.436,-1,Echolocation,192000.0,/mnt/ubna_data_06/recover-20251030/UBNA_027/20251029_092000.WAV,recover-20251030,UBNA_027,E18 Bridge
HF,48960.0,15.642873036249515,164.1405,164.1461,44375.0,75952.0,Myotis alcathoe,0.198,0.5,-1,Echolocation,192000.0,/mnt/ubna_data_06/recover-20251030/UBNA_027/20251029_092000.WAV,recover-20251030,UBNA_027,E18 Bridge
HF,49920.0,14.98017468981345,164.2245,164.2296,45234.0,65663.0,Pipistrellus pipistrellus,0.511,0.617,-1,Echolocation,192000.0,/mnt/ubna_data_06/recover-20251030/UBNA_027/20251029_092000.WAV,recover-20251030,UBNA_027,E18 Bridge
HF,50880.0,23.70476488786755,164.3125,164.3185,44375.0,68987.0,Pipistrellus pipistrellus,0.522,0.647,-1,Echolocation,192000.0,/mnt/ubna_data_06/recover-20251030/UBNA_027/20251029_092000.WAV,recover-20251030,UBNA_027,E18 Bridge
HF,54720.0,15.445217091482293,164.4015,164.4061,46953.0,65041.0,Pipistrellus pipistrellus,0.606,0.659,-1,Echolocation,192000.0,/mnt/ubna_data_06/recover-20251030/UBNA_027/20251029_092000.WAV,recover-20251030,UBNA_027,E18 Bridge
HF,48960.0,25.500504545126212,164.4725,164.4785,44375.0,70934.0,Pipistrellus pipistrellus,0.452,0.613,-1,Echolocation,192000.0,/mnt/ubna_data_06/recover-20251030/UBNA_027/20251029_092000.WAV,recover-20251030,UBNA_027,E18 Bridge
HF,49920.0,15.800844576168247,164.5565,164.561,46953.0,68378.0,Pipistrellus pipistrellus,0.514,0.561,-1,Echolocation,192000.0,/mnt/ubna_data_06/recover-20251030/UBNA_027/20251029_092000.WAV,recover-20251030,UBNA_027,E18 Bridge
HF,48960.0,30.219376575584235,164.6385,164.6439,44375.0,72914.0,Pipistrellus pipistrellus,0.628,0.677,-1,Echolocation,192000.0,/mnt/ubna_data_06/recover-20251030/UBNA_027/20251029_092000.WAV,recover-20251030,UBNA_027,E18 Bridge
HF,48960.0,11.402414674394041,164.7245,164.7293,46953.0,65572.0,Pipistrellus pipistrellus,0.514,0.552,-1,Echolocation,192000.0,/mnt/ubna_data_06/recover-20251030/UBNA_027/20251029_092000.WAV,recover-20251030,UBNA_027,E18 Bridge
HF,48000.0,30.87909956269216,164.8095,164.8158,44375.0,72910.0,Pipistrellus pipistrellus,0.549,0.635,-1,Echolocation,192000.0,/mnt/ubna_data_06/recover-20251030/UBNA_027/20251029_092000.WAV,recover-20251030,UBNA_027,E18 Bridge
HF,48000.0,7.792831193886778,164.9025,164.9097,46953.0,59508.0,Pipistrellus pipistrellus,0.573,0.612,-1,Echolocation,192000.0,/mnt/ubna_data_06/recover-20251030/UBNA_027/20251029_092000.WAV,recover-20251030,UBNA_027,E18 Bridge
HF,48000.0,16.01738105265766,164.9875,164.9956,45234.0,64704.0,Pipistrellus pipistrellus,0.422,0.581,-1,Echolocation,192000.0,/mnt/ubna_data_06/recover-20251030/UBNA_027/20251029_092000.WAV,recover-20251030,UBNA_027,E18 Bridge
HF,46080.0,10.926147168614087,165.0825,165.0916,45234.0,58708.0,Pipistrellus pipistrellus,0.435,0.511,-1,Echolocation,192000.0,/mnt/ubna_data_06/recover-20251030/UBNA_027/20251029_092000.WAV,recover-20251030,UBNA_027,E18 Bridge
HF,48000.0,15.220825122185076,165.1705,165.1795,45234.0,63834.0,Pipistrellus pipistrellus,0.393,0.553,-1,Echolocation,192000.0,/mnt/ubna_data_06/recover-20251030/UBNA_027/20251029_092000.WAV,recover-20251030,UBNA_027,E18 Bridge
HF,47040.0,14.393463124102048,165.3565,165.3621,46093.0,58078.0,Pipistrellus pipistrellus,0.559,0.598,-1,Echolocation,192000.0,/mnt/ubna_data_06/recover-20251030/UBNA_027/20251029_092000.WAV,recover-20251030,UBNA_027,E18 Bridge
HF,47040.0,16.39796889147307,165.8045,165.8133,45234.0,64210.0,Pipistrellus pipistrellus,0.342,0.56,-1,Echolocation,192000.0,/mnt/ubna_data_06/recover-20251030/UBNA_027/20251029_092000.WAV,recover-20251030,UBNA_027,E18 Bridge
HF,46080.0,6.312711795462017,166.1535,166.1668,45234.0,54644.0,Pipistrellus pipistrellus,0.324,0.433,-1,Echolocation,192000.0,/mnt/ubna_data_06/recover-20251030/UBNA_027/20251029_092000.WAV,recover-20251030,UBNA_027,E18 Bridge
HF,48000.0,4.967138823964072,166.2355,166.2443,45234.0,57781.0,Pipistrellus pipistrellus,0.393,0.455,-1,Echolocation,192000.0,/mnt/ubna_data_06/recover-20251030/UBNA_027/20251029_092000.WAV,recover-20251030,UBNA_027,E18 Bridge
HF,48000.0,7.83574664176472,166.4035,166.413,46093.0,59033.0,Pipistrellus pipistrellus,0.271,0.353,-1,Echolocation,192000.0,/mnt/ubna_data_06/recover-20251030/UBNA_027/20251029_092000.WAV,recover-20251030,UBNA_027,E18 Bridge
HF,47040.0,5.809013115876386,166.5845,166.5971,46093.0,50395.0,Pipistrellus pipistrellus,0.35,0.406,-1,Echolocation,192000.0,/mnt/ubna_data_06/recover-20251030/UBNA_027/20251029_092000.WAV,recover-20251030,UBNA_027,E18 Bridge
HF,48000.0,9.613510347396932,166.6695,166.6796,46953.0,60321.0,Pipistrellus pipistrellus,0.387,0.476,-1,Echolocation,192000.0,/mnt/ubna_data_06/recover-20251030/UBNA_027/20251029_092000.WAV,recover-20251030,UBNA_027,E18 Bridge
HF,48000.0,12.515705596147757,166.7505,166.75900000000001,46093.0,62282.0,Pipistrellus pipistrellus,0.341,0.469,-1,Echolocation,192000.0,/mnt/ubna_data_06/recover-20251030/UBNA_027/20251029_092000.WAV,recover-20251030,UBNA_027,E18 Bridge
HF,48000.0,5.544405965495111,166.9315,166.9413,46093.0,58622.0,Pipistrellus pipistrellus,0.277,0.324,-1,Echolocation,192000.0,/mnt/ubna_data_06/recover-20251030/UBNA_027/20251029_092000.WAV,recover-20251030,UBNA_027,E18 Bridge
HF,46080.0,6.614510950582032,167.60750000000002,167.6207,45234.0,52929.0,Pipistrellus pipistrellus,0.271,0.327,-1,Echolocation,192000.0,/mnt/ubna_data_06/recover-20251030/UBNA_027/20251029_092000.WAV,recover-20251030,UBNA_027,E18 Bridge
LF,26880.0,2.1378796722497353,123.3045,123.3101,22890.0,35697.0,Plecotus austriacus,0.214,0.333,-1,Echolocation,192000.0,/mnt/ubna_data_06/recover-20251030/UBNA_027/20251029_101000.WAV,recover-20251030,UBNA_027,E18 Bridge
LF,25920.0,8.97356928494856,71.0415,71.04560000000001,22890.0,40114.0,Plecotus austriacus,0.315,0.369,-1,Echolocation,192000.0,/mnt/ubna_data_06/recover-20251030/UBNA_027/20251029_102000.WAV,recover-20251030,UBNA_027,E18 Bridge
LF,23040.0,3.167322057722509,209.7465,209.7535,22031.0,32403.0,Eptesicus serotinus,0.138,0.412,-1,Echolocation,192000.0,/mnt/ubna_data_06/recover-20251030/UBNA_027/20251029_102000.WAV,recover-20251030,UBNA_027,E18 Bridge
HF,42240.0,3.6923116584182294,60.7385,60.7485,40937.0,45031.0,Pipistrellus nathusii,0.233,0.314,-1,Echolocation,192000.0,/mnt/ubna_data_06/recover-20251030/UBNA_027/20251029_103000.WAV,recover-20251030,UBNA_027,E18 Bridge
LF,22080.0,1.6650580805919966,257.8745,257.8827,22031.0,31869.0,Plecotus austriacus,0.158,0.335,-1,Echolocation,192000.0,/mnt/ubna_data_06/recover-20251030/UBNA_027/20251029_103000.WAV,recover-20251030,UBNA_027,E18 Bridge
LF,22080.0,2.0363886099209108,56.6035,56.6143,22890.0,29122.0,Nyctalus noctula,0.099,0.304,-1,Echolocation,192000.0,/mnt/ubna_data_06/recover-20251030/UBNA_027/20251029_111000.WAV,recover-20251030,UBNA_027,E18 Bridge
LF,20160.0,4.671675276109592,56.2335,56.237700000000004,16875.0,37148.0,Plecotus auritus,0.192,0.316,-1,Echolocation,192000.0,/mnt/ubna_data_06/recover-20251030/UBNA_027/20251029_115000.WAV,recover-20251030,UBNA_027,E18 Bridge
LF,24960.0,1.2178764399057762,233.7815,233.7939,23750.0,29056.0,Nyctalus leisleri,0.143,0.318,-1,Echolocation,192000.0,/mnt/ubna_data_06/recover-20251030/UBNA_027/20251029_122000.WAV,recover-20251030,UBNA_027,E18 Bridge
LF,31680.0,10.433676435836112,11.9645,11.982,31484.0,33629.0,Nyctalus leisleri,0.209,0.344,-1,Echolocation,192000.0,/mnt/ubna_data_06/recover-20251030/UBNA_027/20251029_125000.WAV,recover-20251030,UBNA_027,E18 Bridge
LF,26880.0,2.9710798755196977,99.4975,99.5019,22890.0,37290.0,Plecotus austriacus,0.211,0.319,-1,Echolocation,192000.0,/mnt/ubna_data_06/recover-20251030/UBNA_027/20251029_131000.WAV,recover-20251030,UBNA_027,E18 Bridge
LF,28800.0,2.129365519273642,11.5995,11.609,26328.0,33789.0,Eptesicus serotinus,0.228,0.349,-1,Echolocation,192000.0,/mnt/ubna_data_06/recover-20251030/UBNA_027/20251029_133000.WAV,recover-20251030,UBNA_027,E18 Bridge
LF,20160.0,6.750004098150752,271.8725,271.8766,17734.0,38122.0,Plecotus austriacus,0.25,0.377,-1,Echolocation,192000.0,/mnt/ubna_data_06/recover-20251030/UBNA_027/20251029_133000.WAV,recover-20251030,UBNA_027,E18 Bridge
LF,19200.0,8.541576969028172,80.7245,80.73400000000001,16875.0,25399.0,Nyctalus noctula,0.149,0.302,-1,Echolocation,192000.0,/mnt/ubna_data_06/recover-20251030/UBNA_027/20251029_134000.WAV,recover-20251030,UBNA_027,E18 Bridge
LF,27840.0,2.6097952703006957,268.1985,268.207,23750.0,32044.0,Eptesicus serotinus,0.104,0.308,-1,Echolocation,192000.0,/mnt/ubna_data_06/recover-20251030/UBNA_027/20251029_140000.WAV,recover-20251030,UBNA_027,E18 Bridge
LF,27840.0,2.2894081858108013,289.9605,289.9663,23750.0,34813.0,Plecotus austriacus,0.179,0.302,-1,Echolocation,192000.0,/mnt/ubna_data_06/recover-20251030/UBNA_027/20251029_140000.WAV,recover-20251030,UBNA_027,E18 Bridge
LF,25920.0,4.923751334990248,65.5605,65.5805,25468.0,28484.0,Nyctalus leisleri,0.238,0.319,-1,Echolocation,192000.0,/mnt/ubna_data_06/recover-20251030/UBNA_027/20251029_142000.WAV,recover-20251030,UBNA_027,E18 Bridge
LF,22080.0,1.765329360769272,178.5155,178.5205,21171.0,33825.0,Plecotus auritus,0.156,0.332,-1,Echolocation,192000.0,/mnt/ubna_data_06/recover-20251030/UBNA_027/20251029_142000.WAV,recover-20251030,UBNA_027,E18 Bridge
LF,20160.0,9.64556870756322,10.3245,10.3287,16875.0,37308.0,Plecotus austriacus,0.217,0.324,-1,Echolocation,192000.0,/mnt/ubna_data_06/recover-20251030/UBNA_027/20251029_150000.WAV,recover-20251030,UBNA_027,E18 Bridge
LF,28800.0,2.560672688225978,274.5975,274.6062,24609.0,32714.0,Eptesicus serotinus,0.189,0.341,-1,Echolocation,192000.0,/mnt/ubna_data_06/recover-20251030/UBNA_027/20251029_150000.WAV,recover-20251030,UBNA_027,E18 Bridge
LF,26880.0,3.1958902667597084,170.5765,170.5834,25468.0,34650.0,Eptesicus serotinus,0.153,0.332,-1,Echolocation,192000.0,/mnt/ubna_data_06/recover-20251030/UBNA_027/20251029_152000.WAV,recover-20251030,UBNA_027,E18 Bridge
LF,22080.0,10.54551235602412,235.7395,235.7561,22031.0,29596.0,Nyctalus noctula,0.162,0.3,-1,Echolocation,192000.0,/mnt/ubna_data_06/recover-20251030/UBNA_027/20251029_153000.WAV,recover-20251030,UBNA_027,E18 Bridge
LF,19200.0,11.025341403830565,124.8055,124.8288,19453.0,22685.0,Nyctalus noctula,0.212,0.321,-1,Echolocation,192000.0,/mnt/ubna_data_06/recover-20251030/UBNA_027/20251029_161000.WAV,recover-20251030,UBNA_027,E18 Bridge
LF,27840.0,1.0438811893845197,144.3825,144.3873,22890.0,35542.0,Plecotus austriacus,0.25,0.313,-1,Echolocation,192000.0,/mnt/ubna_data_06/recover-20251030/UBNA_027/20251029_161000.WAV,recover-20251030,UBNA_027,E18 Bridge
LF,26880.0,3.0240746717157725,208.20850000000002,208.218,25468.0,31444.0,Eptesicus serotinus,0.173,0.305,-1,Echolocation,192000.0,/mnt/ubna_data_06/recover-20251030/UBNA_027/20251029_161000.WAV,recover-20251030,UBNA_027,E18 Bridge
LF,20160.0,6.3628020228044315,21.3805,21.4048,19453.0,22744.0,Nyctalus noctula,0.227,0.316,-1,Echolocation,192000.0,/mnt/ubna_data_06/recover-20251030/UBNA_027/20251029_170000.WAV,recover-20251030,UBNA_027,E18 Bridge
LF,28800.0,1.8175072194093613,194.0445,194.056,27187.0,32286.0,Eptesicus serotinus,0.169,0.323,-1,Echolocation,192000.0,/mnt/ubna_data_06/recover-20251030/UBNA_027/20251029_172000.WAV,recover-20251030,UBNA_027,E18 Bridge
LF,20160.0,8.724251302881147,85.7165,85.7402,19453.0,21938.0,Nyctalus noctula,0.256,0.333,-1,Echolocation,192000.0,/mnt/ubna_data_06/recover-20251030/UBNA_027/20251029_174000.WAV,recover-20251030,UBNA_027,E18 Bridge
LF,20160.0,6.968113868971113,85.79650000000001,85.8199,18593.0,21755.0,Nyctalus noctula,0.284,0.368,-1,Echolocation,192000.0,/mnt/ubna_data_06/recover-20251030/UBNA_027/20251029_174000.WAV,recover-20251030,UBNA_027,E18 Bridge
LF,20160.0,3.208186515435989,101.7835,101.8063,19453.0,22304.0,Nyctalus noctula,0.231,0.327,-1,Echolocation,192000.0,/mnt/ubna_data_06/recover-20251030/UBNA_027/20251029_174000.WAV,recover-20251030,UBNA_027,E18 Bridge
LF,20160.0,7.220775193509464,104.1165,104.127,19453.0,27656.0,Nyctalus noctula,0.16,0.338,-1,Echolocation,192000.0,/mnt/ubna_data_06/recover-20251030/UBNA_027/20251029_174000.WAV,recover-20251030,UBNA_027,E18 Bridge
LF,19200.0,5.63060842873071,109.7775,109.7985,18593.0,21963.0,Nyctalus noctula,0.26,0.362,-1,Echolocation,192000.0,/mnt/ubna_data_06/recover-20251030/UBNA_027/20251029_174000.WAV,recover-20251030,UBNA_027,E18 Bridge
HF,42240.0,10.221009948720008,242.6875,242.7046,41796.0,44731.0,Pipistrellus pipistrellus,0.269,0.378,-1,Echolocation,192000.0,/mnt/ubna_data_06/recover-20251030/UBNA_027/20251029_174000.WAV,recover-20251030,UBNA_027,E18 Bridge
LF,23040.0,4.2277457034699655,29.7245,29.7439,22890.0,26256.0,Nyctalus leisleri,0.294,0.363,-1,Echolocation,192000.0,/mnt/ubna_data_06/recover-20251030/UBNA_027/20251029_181000.WAV,recover-20251030,UBNA_027,E18 Bridge
LF,20160.0,2.096539673879864,244.0145,244.0358,20312.0,23696.0,Nyctalus noctula,0.16,0.312,-1,Echolocation,192000.0,/mnt/ubna_data_06/recover-20251030/UBNA_027/20251029_181000.WAV,recover-20251030,UBNA_027,E18 Bridge
LF,20160.0,4.683194840145573,10.1795,10.1982,20312.0,23142.0,Nyctalus leisleri,0.218,0.329,-1,Echolocation,192000.0,/mnt/ubna_data_06/recover-20251030/UBNA_027/20251029_183000.WAV,recover-20251030,UBNA_027,E18 Bridge
LF,19200.0,5.431557373321589,18.1735,18.196,19453.0,22950.0,Nyctalus noctula,0.224,0.319,-1,Echolocation,192000.0,/mnt/ubna_data_06/recover-20251030/UBNA_027/20251029_183000.WAV,recover-20251030,UBNA_027,E18 Bridge
LF,30720.0,5.899655071543525,186.7215,186.7382,29765.0,32893.0,Nyctalus leisleri,0.15,0.321,-1,Echolocation,192000.0,/mnt/ubna_data_06/recover-20251030/UBNA_027/20251029_183000.WAV,recover-20251030,UBNA_027,E18 Bridge
HF,42240.0,4.370889387865162,290.8135,290.8281,41796.0,43631.0,Pipistrellus pipistrellus,0.178,0.335,-1,Echolocation,192000.0,/mnt/ubna_data_06/recover-20251030/UBNA_027/20251029_183000.WAV,recover-20251030,UBNA_027,E18 Bridge
LF,28800.0,1.564698534781657,38.0525,38.0637,27187.0,32972.0,Eptesicus serotinus,0.271,0.438,-1,Echolocation,192000.0,/mnt/ubna_data_06/recover-20251030/UBNA_027/20251029_184000.WAV,recover-20251030,UBNA_027,E18 Bridge
LF,20160.0,14.492334906946589,107.2105,107.218,14296.0,26056.0,Plecotus auritus,0.139,0.397,-1,Echolocation,192000.0,/mnt/ubna_data_06/recover-20251030/UBNA_027/20251029_185000.WAV,recover-20251030,UBNA_027,E18 Bridge
LF,20160.0,13.265378729357643,108.39750000000001,108.4248,19453.0,22143.0,Nyctalus noctula,0.182,0.31,-1,Echolocation,192000.0,/mnt/ubna_data_06/recover-20251030/UBNA_027/20251029_185000.WAV,recover-20251030,UBNA_027,E18 Bridge
LF,20160.0,7.3773365184344435,117.7235,117.7407,18593.0,23177.0,Nyctalus noctula,0.336,0.409,-1,Echolocation,192000.0,/mnt/ubna_data_06/recover-20251030/UBNA_027/20251029_185000.WAV,recover-20251030,UBNA_027,E18 Bridge
LF,20160.0,7.751296733292003,72.1215,72.1439,19453.0,22010.0,Nyctalus leisleri,0.257,0.411,-1,Echolocation,192000.0,/mnt/ubna_data_06/recover-20251030/UBNA_027/20251029_193000.WAV,recover-20251030,UBNA_027,E18 Bridge
LF,23040.0,0.135398973217483,208.1675,208.1804,22890.0,28052.0,Nyctalus noctula,0.146,0.371,-1,Echolocation,192000.0,/mnt/ubna_data_06/recover-20251030/UBNA_027/20251029_201000.WAV,recover-20251030,UBNA_027,E18 Bridge
HF,42240.0,8.29926306207075,19.4365,19.4533,41796.0,43479.0,Pipistrellus pipistrellus,0.236,0.337,-1,Echolocation,192000.0,/mnt/ubna_data_06/recover-20251030/UBNA_027/20251029_211000.WAV,recover-20251030,UBNA_027,E18 Bridge
LF,27840.0,1.0466017671048817,225.6465,225.6575,25468.0,31543.0,Nyctalus leisleri,0.133,0.314,-1,Echolocation,192000.0,/mnt/ubna_data_06/recover-20251030/UBNA_027/20251029_211000.WAV,recover-20251030,UBNA_027,E18 Bridge
LF,19200.0,6.196681103230342,70.6325,70.6564,18593.0,21730.0,Nyctalus noctula,0.266,0.344,-1,Echolocation,192000.0,/mnt/ubna_data_06/recover-20251030/UBNA_027/20251029_215000.WAV,recover-20251030,UBNA_027,E18 Bridge
LF,23040.0,11.34468612057966,225.9765,225.9968,21171.0,25654.0,Nyctalus noctula,0.197,0.353,-1,Echolocation,192000.0,/mnt/ubna_data_06/recover-20251030/UBNA_027/20251029_215000.WAV,recover-20251030,UBNA_027,E18 Bridge
LF,20160.0,7.1683686295255375,238.9885,239.0132,20312.0,23314.0,Nyctalus leisleri,0.208,0.335,-1,Echolocation,192000.0,/mnt/ubna_data_06/recover-20251030/UBNA_027/20251029_215000.WAV,recover-20251030,UBNA_027,E18 Bridge
LF,21120.0,9.164893700227745,248.3575,248.3742,19453.0,23326.0,Nyctalus noctula,0.202,0.316,-1,Echolocation,192000.0,/mnt/ubna_data_06/recover-20251030/UBNA_027/20251029_215000.WAV,recover-20251030,UBNA_027,E18 Bridge
LF,20160.0,3.9868403303683126,266.4725,266.4962,19453.0,22924.0,Nyctalus noctula,0.266,0.343,-1,Echolocation,192000.0,/mnt/ubna_data_06/recover-20251030/UBNA_027/20251029_215000.WAV,recover-20251030,UBNA_027,E18 Bridge
LF,20160.0,4.036490269018696,275.9485,275.9684,19453.0,22307.0,Nyctalus noctula,0.196,0.305,-1,Echolocation,192000.0,/mnt/ubna_data_06/recover-20251030/UBNA_027/20251029_215000.WAV,recover-20251030,UBNA_027,E18 Bridge
LF,20160.0,6.20871590371836,273.3125,273.3345,19453.0,22565.0,Nyctalus leisleri,0.26,0.389,-1,Echolocation,192000.0,/mnt/ubna_data_06/recover-20251030/UBNA_027/20251029_222000.WAV,recover-20251030,UBNA_027,E18 Bridge
LF,21120.0,7.468524116437884,137.1095,137.1292,20312.0,23529.0,Nyctalus leisleri,0.253,0.328,-1,Echolocation,192000.0,/mnt/ubna_data_06/recover-20251030/UBNA_027/20251029_223000.WAV,recover-20251030,UBNA_027,E18 Bridge
LF,24960.0,4.517086639123726,193.5955,193.6097,24609.0,29378.0,Nyctalus leisleri,0.179,0.344,-1,Echolocation,192000.0,/mnt/ubna_data_06/recover-20251030/UBNA_027/20251029_224000.WAV,recover-20251030,UBNA_027,E18 Bridge
LF,24000.0,6.165549437641543,144.9855,145.007,23750.0,27484.0,Nyctalus leisleri,0.289,0.38,-1,Echolocation,192000.0,/mnt/ubna_data_06/recover-20251030/UBNA_027/20251029_225000.WAV,recover-20251030,UBNA_027,E18 Bridge
HF,42240.0,10.031664263059948,285.7865,285.8051,41796.0,45177.0,Pipistrellus pipistrellus,0.184,0.316,-1,Echolocation,192000.0,/mnt/ubna_data_06/recover-20251030/UBNA_027/20251029_225000.WAV,recover-20251030,UBNA_027,E18 Bridge
LF,25920.0,27.160036483530643,296.2555,296.2659,24609.0,28411.0,Nyctalus leisleri,0.296,0.323,-1,Echolocation,192000.0,/mnt/ubna_data_06/recover-20251030/UBNA_027/20251029_230000.WAV,recover-20251030,UBNA_027,E18 Bridge
LF,20160.0,17.296484618512608,128.3365,128.3569,20312.0,22198.0,Nyctalus leisleri,0.396,0.431,-1,Echolocation,192000.0,/mnt/ubna_data_06/recover-20251030/UBNA_027/20251029_231000.WAV,recover-20251030,UBNA_027,E18 Bridge
LF,24000.0,1.2090659431648032,210.9355,210.9477,23750.0,29043.0,Nyctalus leisleri,0.139,0.317,-1,Echolocation,192000.0,/mnt/ubna_data_06/recover-20251030/UBNA_027/20251029_234000.WAV,recover-20251030,UBNA_027,E18 Bridge
LF,27840.0,1.6243551585745126,15.4415,15.4495,26328.0,33454.0,Eptesicus serotinus,0.222,0.371,-1,Echolocation,192000.0,/mnt/ubna_data_06/recover-20251030/UBNA_027/20251030_002000.WAV,recover-20251030,UBNA_027,E18 Bridge
LF,29760.0,2.0005127002982244,145.9175,145.9284,26328.0,32423.0,Eptesicus serotinus,0.155,0.305,-1,Echolocation,192000.0,/mnt/ubna_data_06/recover-20251030/UBNA_027/20251030_002000.WAV,recover-20251030,UBNA_027,E18 Bridge
LF,21120.0,4.055369332082444,94.7215,94.7401,21171.0,23953.0,Nyctalus leisleri,0.184,0.319,-1,Echolocation,192000.0,/mnt/ubna_data_06/recover-20251030/UBNA_027/20251030_005000.WAV,recover-20251030,UBNA_027,E18 Bridge
LF,23040.0,1.4635007962386926,239.9845,239.9958,23750.0,29740.0,Nyctalus leisleri,0.112,0.305,-1,Echolocation,192000.0,/mnt/ubna_data_06/recover-20251030/UBNA_027/20251030_011000.WAV,recover-20251030,UBNA_027,E18 Bridge
LF,25920.0,0.9739563886153138,117.97749999999999,117.9848,24609.0,34167.0,Plecotus austriacus,0.088,0.311,-1,Echolocation,192000.0,/mnt/ubna_data_06/recover-20251030/UBNA_027/20251030_014000.WAV,recover-20251030,UBNA_027,E18 Bridge
LF,27840.0,2.088232184708507,152.4865,152.4932,22890.0,33407.0,Plecotus austriacus,0.096,0.333,-1,Echolocation,192000.0,/mnt/ubna_data_06/recover-20251030/UBNA_027/20251030_023000.WAV,recover-20251030,UBNA_027,E18 Bridge
LF,28800.0,4.161571790450714,191.5465,191.5551,27187.0,36681.0,Eptesicus serotinus,0.17,0.324,-1,Echolocation,192000.0,/mnt/ubna_data_06/recover-20251030/UBNA_027/20251030_025000.WAV,recover-20251030,UBNA_027,E18 Bridge
HF,48000.0,4.99082724168094,39.2815,39.290800000000004,46953.0,61610.0,Pipistrellus pipistrellus,0.337,0.379,-1,Echolocation,192000.0,/mnt/ubna_data_06/recover-20251030/UBNA_027/20251030_031000.WAV,recover-20251030,UBNA_027,E18 Bridge
HF,48000.0,4.933479016256987,39.3655,39.3738,46093.0,59955.0,Pipistrellus pipistrellus,0.354,0.407,-1,Echolocation,192000.0,/mnt/ubna_data_06/recover-20251030/UBNA_027/20251030_031000.WAV,recover-20251030,UBNA_027,E18 Bridge
HF,48000.0,6.002476283233033,39.445499999999996,39.4547,46953.0,59396.0,Pipistrellus pipistrellus,0.349,0.422,-1,Echolocation,192000.0,/mnt/ubna_data_06/recover-20251030/UBNA_027/20251030_031000.WAV,recover-20251030,UBNA_027,E18 Bridge
HF,46080.0,3.809140226526445,55.3305,55.3377,46093.0,53741.0,Pipistrellus pipistrellus,0.352,0.365,-1,Echolocation,192000.0,/mnt/ubna_data_06/recover-20251030/UBNA_027/20251030_031000.WAV,recover-20251030,UBNA_027,E18 Bridge
HF,46080.0,3.207182899431991,55.4915,55.4991,44375.0,53398.0,Pipistrellus pipistrellus,0.288,0.326,-1,Echolocation,192000.0,/mnt/ubna_data_06/recover-20251030/UBNA_027/20251030_031000.WAV,recover-20251030,UBNA_027,E18 Bridge
HF,45120.0,5.44064843997668,55.6625,55.6793,43515.0,49902.0,Pipistrellus pipistrellus,0.298,0.337,-1,Echolocation,192000.0,/mnt/ubna_data_06/recover-20251030/UBNA_027/20251030_031000.WAV,recover-20251030,UBNA_027,E18 Bridge
HF,45120.0,5.6689635873707855,55.814499999999995,55.828900000000004,43515.0,58586.0,Pipistrellus pipistrellus,0.205,0.351,-1,Echolocation,192000.0,/mnt/ubna_data_06/recover-20251030/UBNA_027/20251030_031000.WAV,recover-20251030,UBNA_027,E18 Bridge
HF,46080.0,3.80826823442556,60.7655,60.7731,45234.0,52080.0,Pipistrellus pipistrellus,0.333,0.367,-1,Echolocation,192000.0,/mnt/ubna_data_06/recover-20251030/UBNA_027/20251030_031000.WAV,recover-20251030,UBNA_027,E18 Bridge
HF,46080.0,7.021594676954254,61.0155,61.0245,45234.0,58438.0,Pipistrellus pipistrellus,0.384,0.498,-1,Echolocation,192000.0,/mnt/ubna_data_06/recover-20251030/UBNA_027/20251030_031000.WAV,recover-20251030,UBNA_027,E18 Bridge
HF,46080.0,5.319630085309669,69.0975,69.1111,44375.0,54929.0,Pipistrellus pipistrellus,0.233,0.335,-1,Echolocation,192000.0,/mnt/ubna_data_06/recover-20251030/UBNA_027/20251030_031000.WAV,recover-20251030,UBNA_027,E18 Bridge
HF,47040.0,6.650672043950094,69.6105,69.62010000000001,44375.0,59481.0,Pipistrellus pipistrellus,0.424,0.529,-1,Echolocation,192000.0,/mnt/ubna_data_06/recover-20251030/UBNA_027/20251030_031000.WAV,recover-20251030,UBNA_027,E18 Bridge
HF,45120.0,4.196432885365567,69.6985,69.712,44375.0,50405.0,Pipistrellus pipistrellus,0.285,0.317,-1,Echolocation,192000.0,/mnt/ubna_data_06/recover-20251030/UBNA_027/20251030_031000.WAV,recover-20251030,UBNA_027,E18 Bridge
HF,45120.0,4.57461816320471,69.7885,69.8021,45234.0,53982.0,Pipistrellus pipistrellus,0.276,0.386,-1,Echolocation,192000.0,/mnt/ubna_data_06/recover-20251030/UBNA_027/20251030_031000.WAV,recover-20251030,UBNA_027,E18 Bridge
HF,47040.0,4.854175944063034,69.8545,69.86449999999999,46093.0,61246.0,Pipistrellus pipistrellus,0.267,0.315,-1,Echolocation,192000.0,/mnt/ubna_data_06/recover-20251030/UBNA_027/20251030_031000.WAV,recover-20251030,UBNA_027,E18 Bridge
HF,46080.0,3.65781662106082,70.1695,70.1813,45234.0,56083.0,Pipistrellus pipistrellus,0.377,0.43,-1,Echolocation,192000.0,/mnt/ubna_data_06/recover-20251030/UBNA_027/20251030_031000.WAV,recover-20251030,UBNA_027,E18 Bridge
HF,46080.0,9.010726102153072,70.2515,70.2639,44375.0,62414.0,Pipistrellus pipistrellus,0.412,0.494,-1,Echolocation,192000.0,/mnt/ubna_data_06/recover-20251030/UBNA_027/20251030_031000.WAV,recover-20251030,UBNA_027,E18 Bridge
HF,46080.0,5.6670658289018805,70.3285,70.3419,45234.0,58018.0,Pipistrellus pipistrellus,0.376,0.451,-1,Echolocation,192000.0,/mnt/ubna_data_06/recover-20251030/UBNA_027/20251030_031000.WAV,recover-20251030,UBNA_027,E18 Bridge
HF,46080.0,9.173059345126815,70.4105,70.4212,45234.0,62408.0,Pipistrellus pipistrellus,0.411,0.529,-1,Echolocation,192000.0,/mnt/ubna_data_06/recover-20251030/UBNA_027/20251030_031000.WAV,recover-20251030,UBNA_027,E18 Bridge
HF,46080.0,8.637640230463965,70.4975,70.51050000000001,45234.0,58213.0,Pipistrellus pipistrellus,0.319,0.405,-1,Echolocation,192000.0,/mnt/ubna_data_06/recover-20251030/UBNA_027/20251030_031000.WAV,recover-20251030,UBNA_027,E18 Bridge
HF,46080.0,9.382190804410481,70.5795,70.5915,44375.0,62452.0,Pipistrellus pipistrellus,0.416,0.528,-1,Echolocation,192000.0,/mnt/ubna_data_06/recover-20251030/UBNA_027/20251030_031000.WAV,recover-20251030,UBNA_027,E18 Bridge
HF,46080.0,5.898772067364389,70.6655,70.6771,44375.0,51310.0,Pipistrellus pipistrellus,0.463,0.516,-1,Echolocation,192000.0,/mnt/ubna_data_06/recover-20251030/UBNA_027/20251030_031000.WAV,recover-20251030,UBNA_027,E18 Bridge
HF,48000.0,4.9484872620626765,70.8165,70.8261,44375.0,59492.0,Pipistrellus pipistrellus,0.407,0.431,-1,Echolocation,192000.0,/mnt/ubna_data_06/recover-20251030/UBNA_027/20251030_031000.WAV,recover-20251030,UBNA_027,E18 Bridge
HF,46080.0,8.491848601832729,70.9075,70.9186,44375.0,62913.0,Pipistrellus pipistrellus,0.47,0.556,-1,Echolocation,192000.0,/mnt/ubna_data_06/recover-20251030/UBNA_027/20251030_031000.WAV,recover-20251030,UBNA_027,E18 Bridge
HF,46080.0,7.074822129641959,70.9875,70.997,45234.0,62246.0,Pipistrellus pipistrellus,0.44,0.508,-1,Echolocation,192000.0,/mnt/ubna_data_06/recover-20251030/UBNA_027/20251030_031000.WAV,recover-20251030,UBNA_027,E18 Bridge
HF,50880.0,8.72060915171655,71.0475,71.0568,46953.0,63312.0,Pipistrellus pipistrellus,0.411,0.459,-1,Echolocation,192000.0,/mnt/ubna_data_06/recover-20251030/UBNA_027/20251030_031000.WAV,recover-20251030,UBNA_027,E18 Bridge
HF,46080.0,13.5183825455001,71.1245,71.1341,44375.0,59253.0,Pipistrellus pipistrellus,0.545,0.613,-1,Echolocation,192000.0,/mnt/ubna_data_06/recover-20251030/UBNA_027/20251030_031000.WAV,recover-20251030,UBNA_027,E18 Bridge
HF,45120.0,13.560669950348634,71.2225,71.2317,43515.0,64218.0,Pipistrellus pipistrellus,0.509,0.594,-1,Echolocation,192000.0,/mnt/ubna_data_06/recover-20251030/UBNA_027/20251030_031000.WAV,recover-20251030,UBNA_027,E18 Bridge
HF,46080.0,12.220587364292378,71.3075,71.318,45234.0,64115.0,Pipistrellus pipistrellus,0.427,0.547,-1,Echolocation,192000.0,/mnt/ubna_data_06/recover-20251030/UBNA_027/20251030_031000.WAV,recover-20251030,UBNA_027,E18 Bridge
HF,48000.0,18.301812861641153,71.3945,71.4028,43515.0,65184.0,Pipistrellus pipistrellus,0.533,0.633,-1,Echolocation,192000.0,/mnt/ubna_data_06/recover-20251030/UBNA_027/20251030_031000.WAV,recover-20251030,UBNA_027,E18 Bridge
HF,46080.0,14.385395093359175,71.47749999999999,71.4875,44375.0,63958.0,Pipistrellus pipistrellus,0.506,0.62,-1,Echolocation,192000.0,/mnt/ubna_data_06/recover-20251030/UBNA_027/20251030_031000.WAV,recover-20251030,UBNA_027,E18 Bridge
HF,45120.0,16.478765225467853,71.5555,71.5671,43515.0,66811.0,Pipistrellus pipistrellus,0.47,0.574,-1,Echolocation,192000.0,/mnt/ubna_data_06/recover-20251030/UBNA_027/20251030_031000.WAV,recover-20251030,UBNA_027,E18 Bridge
HF,45120.0,16.18452890875885,71.64750000000001,71.6554,44375.0,64157.0,Pipistrellus pipistrellus,0.563,0.597,-1,Echolocation,192000.0,/mnt/ubna_data_06/recover-20251030/UBNA_027/20251030_031000.WAV,recover-20251030,UBNA_027,E18 Bridge
HF,46080.0,15.510688725483753,71.7305,71.7428,43515.0,63069.0,Pipistrellus pipistrellus,0.43,0.557,-1,Echolocation,192000.0,/mnt/ubna_data_06/recover-20251030/UBNA_027/20251030_031000.WAV,recover-20251030,UBNA_027,E18 Bridge
HF,45120.0,20.632398069897,71.8085,71.8171,44375.0,67618.0,Pipistrellus pipistrellus,0.547,0.668,-1,Echolocation,192000.0,/mnt/ubna_data_06/recover-20251030/UBNA_027/20251030_031000.WAV,recover-20251030,UBNA_027,E18 Bridge
HF,47040.0,19.936734953883132,71.87950000000001,71.8877,45234.0,68381.0,Pipistrellus pipistrellus,0.485,0.614,-1,Echolocation,192000.0,/mnt/ubna_data_06/recover-20251030/UBNA_027/20251030_031000.WAV,recover-20251030,UBNA_027,E18 Bridge
HF,48960.0,18.974116169795103,71.9355,71.9428,46953.0,65905.0,Pipistrellus pipistrellus,0.512,0.624,-1,Echolocation,192000.0,/mnt/ubna_data_06/recover-20251030/UBNA_027/20251030_031000.WAV,recover-20251030,UBNA_027,E18 Bridge
HF,52800.0,16.039597143308054,71.9865,71.9933,48671.0,66548.0,Pipistrellus pipistrellus,0.403,0.475,-1,Echolocation,192000.0,/mnt/ubna_data_06/recover-20251030/UBNA_027/20251030_031000.WAV,recover-20251030,UBNA_027,E18 Bridge
HF,55680.0,15.101448523153572,72.0425,72.0495,48671.0,67290.0,Pipistrellus pipistrellus,0.563,0.611,-1,Echolocation,192000.0,/mnt/ubna_data_06/recover-20251030/UBNA_027/20251030_031000.WAV,recover-20251030,UBNA_027,E18 Bridge
HF,48000.0,16.425611562008463,72.0975,72.1058,46953.0,65462.0,Pipistrellus pipistrellus,0.419,0.578,-1,Echolocation,192000.0,/mnt/ubna_data_06/recover-20251030/UBNA_027/20251030_031000.WAV,recover-20251030,UBNA_027,E18 Bridge
HF,48000.0,20.790026308429944,72.1635,72.1723,45234.0,68333.0,Pipistrellus pipistrellus,0.397,0.565,-1,Echolocation,192000.0,/mnt/ubna_data_06/recover-20251030/UBNA_027/20251030_031000.WAV,recover-20251030,UBNA_027,E18 Bridge
HF,46080.0,19.958223754116766,72.2365,72.2432,44375.0,71731.0,Pipistrellus pipistrellus,0.3,0.541,-1,Echolocation,192000.0,/mnt/ubna_data_06/recover-20251030/UBNA_027/20251030_031000.WAV,recover-20251030,UBNA_027,E18 Bridge
HF,47040.0,21.17703557174364,72.3195,72.3277,45234.0,67706.0,Pipistrellus pipistrellus,0.502,0.618,-1,Echolocation,192000.0,/mnt/ubna_data_06/recover-20251030/UBNA_027/20251030_031000.WAV,recover-20251030,UBNA_027,E18 Bridge
HF,48960.0,20.233176189565828,72.38550000000001,72.3923,45234.0,74016.0,Pipistrellus pipistrellus,0.311,0.545,-1,Echolocation,192000.0,/mnt/ubna_data_06/recover-20251030/UBNA_027/20251030_031000.WAV,recover-20251030,UBNA_027,E18 Bridge
HF,51840.0,19.495718869947453,72.4505,72.4583,47812.0,66316.0,Pipistrellus pipistrellus,0.476,0.541,-1,Echolocation,192000.0,/mnt/ubna_data_06/recover-20251030/UBNA_027/20251030_031000.WAV,recover-20251030,UBNA_027,E18 Bridge
HF,51840.0,19.498085106484258,72.5145,72.5212,46953.0,68094.0,Pipistrellus pipistrellus,0.539,0.643,-1,Echolocation,192000.0,/mnt/ubna_data_06/recover-20251030/UBNA_027/20251030_031000.WAV,recover-20251030,UBNA_027,E18 Bridge
HF,54720.0,14.133663310868634,72.5745,72.5813,46093.0,70150.0,Pipistrellus pipistrellus,0.262,0.484,-1,Echolocation,192000.0,/mnt/ubna_data_06/recover-20251030/UBNA_027/20251030_031000.WAV,recover-20251030,UBNA_027,E18 Bridge
HF,51840.0,10.875464557061374,72.6235,72.63,46093.0,67486.0,Pipistrellus pipistrellus,0.252,0.403,-1,Echolocation,192000.0,/mnt/ubna_data_06/recover-20251030/UBNA_027/20251030_031000.WAV,recover-20251030,UBNA_027,E18 Bridge
HF,52800.0,10.465758322111721,72.6625,72.6694,48671.0,65983.0,Pipistrellus pipistrellus,0.35,0.403,-1,Echolocation,192000.0,/mnt/ubna_data_06/recover-20251030/UBNA_027/20251030_031000.WAV,recover-20251030,UBNA_027,E18 Bridge
HF,47040.0,21.455771742377685,72.9335,72.9396,43515.0,65498.0,Pipistrellus pipistrellus,0.377,0.48,-1,Echolocation,192000.0,/mnt/ubna_data_06/recover-20251030/UBNA_027/20251030_031000.WAV,recover-20251030,UBNA_027,E18 Bridge
HF,48960.0,16.616311196454888,73.0095,73.01650000000001,43515.0,66970.0,Pipistrellus pipistrellus,0.354,0.505,-1,Echolocation,192000.0,/mnt/ubna_data_06/recover-20251030/UBNA_027/20251030_031000.WAV,recover-20251030,UBNA_027,E18 Bridge
HF,48000.0,20.624777649247434,73.0885,73.0942,44375.0,71690.0,Pipistrellus pipistrellus,0.32,0.53,-1,Echolocation,192000.0,/mnt/ubna_data_06/recover-20251030/UBNA_027/20251030_031000.WAV,recover-20251030,UBNA_027,E18 Bridge
HF,47040.0,26.73769187217067,73.1675,73.1734,41796.0,72102.0,Pipistrellus pipistrellus,0.468,0.63,-1,Echolocation,192000.0,/mnt/ubna_data_06/recover-20251030/UBNA_027/20251030_031000.WAV,recover-20251030,UBNA_027,E18 Bridge
HF,46080.0,25.796430474271034,73.2415,73.248,41796.0,79325.0,Pipistrellus pipistrellus,0.217,0.496,-1,Echolocation,192000.0,/mnt/ubna_data_06/recover-20251030/UBNA_027/20251030_031000.WAV,recover-20251030,UBNA_027,E18 Bridge
HF,47040.0,23.313296658018366,73.3265,73.3326,42656.0,68497.0,Pipistrellus pipistrellus,0.489,0.567,-1,Echolocation,192000.0,/mnt/ubna_data_06/recover-20251030/UBNA_027/20251030_031000.WAV,recover-20251030,UBNA_027,E18 Bridge
HF,48000.0,32.06485127224433,73.4105,73.4153,42656.0,66105.0,Pipistrellus pipistrellus,0.455,0.52,-1,Echolocation,192000.0,/mnt/ubna_data_06/recover-20251030/UBNA_027/20251030_031000.WAV,recover-20251030,UBNA_027,E18 Bridge
HF,46080.0,28.931143205848066,73.4905,73.4961,42656.0,73575.0,Pipistrellus pipistrellus,0.64,0.704,-1,Echolocation,192000.0,/mnt/ubna_data_06/recover-20251030/UBNA_027/20251030_031000.WAV,recover-20251030,UBNA_027,E18 Bridge
HF,46080.0,27.048893591486866,73.5765,73.5818,44375.0,65454.0,Pipistrellus pipistrellus,0.681,0.742,-1,Echolocation,192000.0,/mnt/ubna_data_06/recover-20251030/UBNA_027/20251030_031000.WAV,recover-20251030,UBNA_027,E18 Bridge
HF,46080.0,8.105196248441214,73.6585,73.6691,45234.0,62385.0,Pipistrellus pipistrellus,0.41,0.488,-1,Echolocation,192000.0,/mnt/ubna_data_06/recover-20251030/UBNA_027/20251030_031000.WAV,recover-20251030,UBNA_027,E18 Bridge
HF,46080.0,32.038870273824934,73.7415,73.7473,41796.0,71852.0,Pipistrellus pipistrellus,0.532,0.609,-1,Echolocation,192000.0,/mnt/ubna_data_06/recover-20251030/UBNA_027/20251030_031000.WAV,recover-20251030,UBNA_027,E18 Bridge
HF,47040.0,30.774625956236953,73.8285,73.8343,42656.0,68144.0,Pipistrellus pipistrellus,0.476,0.63,-1,Echolocation,192000.0,/mnt/ubna_data_06/recover-20251030/UBNA_027/20251030_031000.WAV,recover-20251030,UBNA_027,E18 Bridge
HF,48000.0,27.91339655237721,73.9145,73.9242,41796.0,76856.0,Pipistrellus pipistrellus,0.373,0.488,-1,Echolocation,192000.0,/mnt/ubna_data_06/recover-20251030/UBNA_027/20251030_031000.WAV,recover-20251030,UBNA_027,E18 Bridge
HF,46080.0,28.955452884279648,74.0025,74.006,44375.0,64315.0,Pipistrellus pipistrellus,0.344,0.369,-1,Echolocation,192000.0,/mnt/ubna_data_06/recover-20251030/UBNA_027/20251030_031000.WAV,recover-20251030,UBNA_027,E18 Bridge
HF,46080.0,30.96261285534363,74.0875,74.09309999999999,44375.0,73033.0,Pipistrellus pipistrellus,0.541,0.573,-1,Echolocation,192000.0,/mnt/ubna_data_06/recover-20251030/UBNA_027/20251030_031000.WAV,recover-20251030,UBNA_027,E18 Bridge
HF,46080.0,30.509925894109347,74.1705,74.176,43515.0,72824.0,Pipistrellus pipistrellus,0.593,0.641,-1,Echolocation,192000.0,/mnt/ubna_data_06/recover-20251030/UBNA_027/20251030_031000.WAV,recover-20251030,UBNA_027,E18 Bridge
HF,51840.0,34.30338100986551,74.2575,74.2624,45234.0,71607.0,Pipistrellus pipistrellus,0.621,0.638,-1,Echolocation,192000.0,/mnt/ubna_data_06/recover-20251030/UBNA_027/20251030_031000.WAV,recover-20251030,UBNA_027,E18 Bridge
HF,51840.0,30.734857440977656,74.3445,74.3501,42656.0,74997.0,Pipistrellus pipistrellus,0.466,0.545,-1,Echolocation,192000.0,/mnt/ubna_data_06/recover-20251030/UBNA_027/20251030_031000.WAV,recover-20251030,UBNA_027,E18 Bridge
HF,46080.0,41.55621930176869,74.4315,74.4376,43515.0,74698.0,Pipistrellus pipistrellus,0.462,0.5,-1,Echolocation,192000.0,/mnt/ubna_data_06/recover-20251030/UBNA_027/20251030_031000.WAV,recover-20251030,UBNA_027,E18 Bridge
HF,46080.0,27.279587141376517,74.5185,74.5241,40937.0,76860.0,Pipistrellus pipistrellus,0.188,0.497,-1,Echolocation,192000.0,/mnt/ubna_data_06/recover-20251030/UBNA_027/20251030_031000.WAV,recover-20251030,UBNA_027,E18 Bridge
HF,48000.0,27.498761795931188,74.6045,74.6098,45234.0,66978.0,Pipistrellus pipistrellus,0.477,0.508,-1,Echolocation,192000.0,/mnt/ubna_data_06/recover-20251030/UBNA_027/20251030_031000.WAV,recover-20251030,UBNA_027,E18 Bridge
HF,48000.0,41.93303521208608,74.6885,74.6944,40937.0,78344.0,Pipistrellus pipistrellus,0.427,0.485,-1,Echolocation,192000.0,/mnt/ubna_data_06/recover-20251030/UBNA_027/20251030_031000.WAV,recover-20251030,UBNA_027,E18 Bridge
HF,45120.0,36.335380715864275,74.7735,74.7789,41796.0,80286.0,Pipistrellus pipistrellus,0.411,0.446,-1,Echolocation,192000.0,/mnt/ubna_data_06/recover-20251030/UBNA_027/20251030_031000.WAV,recover-20251030,UBNA_027,E18 Bridge
HF,46080.0,24.35309006882636,74.8535,74.8604,42656.0,69621.0,Pipistrellus pipistrellus,0.342,0.414,-1,Echolocation,192000.0,/mnt/ubna_data_06/recover-20251030/UBNA_027/20251030_031000.WAV,recover-20251030,UBNA_027,E18 Bridge
HF,46080.0,21.856072986132197,74.9255,74.9312,44375.0,69999.0,Pipistrellus pipistrellus,0.485,0.528,-1,Echolocation,192000.0,/mnt/ubna_data_06/recover-20251030/UBNA_027/20251030_031000.WAV,recover-20251030,UBNA_027,E18 Bridge
HF,48000.0,23.651158997592567,75.0375,75.042,44375.0,65401.0,Pipistrellus pipistrellus,0.467,0.561,-1,Echolocation,192000.0,/mnt/ubna_data_06/recover-20251030/UBNA_027/20251030_031000.WAV,recover-20251030,UBNA_027,E18 Bridge
HF,47040.0,20.017139664892678,75.1115,75.1166,45234.0,68748.0,Pipistrellus pipistrellus,0.543,0.646,-1,Echolocation,192000.0,/mnt/ubna_data_06/recover-20251030/UBNA_027/20251030_031000.WAV,recover-20251030,UBNA_027,E18 Bridge
HF,48000.0,15.946867369820946,75.1785,75.1857,45234.0,68229.0,Pipistrellus pipistrellus,0.334,0.521,-1,Echolocation,192000.0,/mnt/ubna_data_06/recover-20251030/UBNA_027/20251030_031000.WAV,recover-20251030,UBNA_027,E18 Bridge
HF,48960.0,17.239367388468576,75.23349999999999,75.2396,45234.0,68188.0,Pipistrellus pipistrellus,0.278,0.55,-1,Echolocation,192000.0,/mnt/ubna_data_06/recover-20251030/UBNA_027/20251030_031000.WAV,recover-20251030,UBNA_027,E18 Bridge
HF,51840.0,18.915775217697973,75.2835,75.28790000000001,47812.0,73288.0,Pipistrellus pipistrellus,0.37,0.474,-1,Echolocation,192000.0,/mnt/ubna_data_06/recover-20251030/UBNA_027/20251030_031000.WAV,recover-20251030,UBNA_027,E18 Bridge
HF,51840.0,19.459299587521954,75.3255,75.3302,47812.0,81238.0,Pipistrellus pipistrellus,0.373,0.46,-1,Echolocation,192000.0,/mnt/ubna_data_06/recover-20251030/UBNA_027/20251030_031000.WAV,recover-20251030,UBNA_027,E18 Bridge
HF,51840.0,11.853863463192482,75.35849999999999,75.3637,45234.0,73726.0,Pipistrellus pipistrellus,0.287,0.601,-1,Echolocation,192000.0,/mnt/ubna_data_06/recover-20251030/UBNA_027/20251030_031000.WAV,recover-20251030,UBNA_027,E18 Bridge
HF,48960.0,8.916749808503061,75.38550000000001,75.3891,46093.0,74161.0,Myotis mystacinus,0.175,0.461,-1,Echolocation,192000.0,/mnt/ubna_data_06/recover-20251030/UBNA_027/20251030_031000.WAV,recover-20251030,UBNA_027,E18 Bridge
HF,47040.0,33.311006807659375,75.6155,75.6215,43515.0,78226.0,Pipistrellus pipistrellus,0.314,0.363,-1,Echolocation,192000.0,/mnt/ubna_data_06/recover-20251030/UBNA_027/20251030_031000.WAV,recover-20251030,UBNA_027,E18 Bridge
HF,51840.0,35.16626041439018,75.6905,75.6968,42656.0,92343.0,Myotis alcathoe,0.215,0.359,-1,Echolocation,192000.0,/mnt/ubna_data_06/recover-20251030/UBNA_027/20251030_031000.WAV,recover-20251030,UBNA_027,E18 Bridge
HF,51840.0,35.81885864936916,75.7655,75.7711,46953.0,66982.0,Pipistrellus pipistrellus,0.461,0.466,-1,Echolocation,192000.0,/mnt/ubna_data_06/recover-20251030/UBNA_027/20251030_031000.WAV,recover-20251030,UBNA_027,E18 Bridge
HF,47040.0,31.40202350457465,75.8405,75.8471,42656.0,90802.0,Pipistrellus pipistrellus,0.444,0.573,-1,Echolocation,192000.0,/mnt/ubna_data_06/recover-20251030/UBNA_027/20251030_031000.WAV,recover-20251030,UBNA_027,E18 Bridge
HF,48960.0,35.450463680331296,75.9165,75.9229,43515.0,86217.0,Pipistrellus pipistrellus,0.475,0.564,-1,Echolocation,192000.0,/mnt/ubna_data_06/recover-20251030/UBNA_027/20251030_031000.WAV,recover-20251030,UBNA_027,E18 Bridge
HF,47040.0,37.09490164491302,75.9935,75.9989,46093.0,70706.0,Pipistrellus pipistrellus,0.422,0.436,-1,Echolocation,192000.0,/mnt/ubna_data_06/recover-20251030/UBNA_027/20251030_031000.WAV,recover-20251030,UBNA_027,E18 Bridge
HF,51840.0,35.83890255646309,76.0615,76.0676,44375.0,76560.0,Pipistrellus pipistrellus,0.39,0.48,-1,Echolocation,192000.0,/mnt/ubna_data_06/recover-20251030/UBNA_027/20251030_031000.WAV,recover-20251030,UBNA_027,E18 Bridge
HF,51840.0,33.05539838105688,76.1395,76.1452,46093.0,71872.0,Pipistrellus pipistrellus,0.429,0.494,-1,Echolocation,192000.0,/mnt/ubna_data_06/recover-20251030/UBNA_027/20251030_031000.WAV,recover-20251030,UBNA_027,E18 Bridge
HF,48000.0,40.19272529743753,76.2175,76.223,45234.0,75319.0,Pipistrellus pipistrellus,0.573,0.591,-1,Echolocation,192000.0,/mnt/ubna_data_06/recover-20251030/UBNA_027/20251030_031000.WAV,recover-20251030,UBNA_027,E18 Bridge
HF,48000.0,35.84637853555838,76.2955,76.3023,45234.0,72060.0,Pipistrellus pipistrellus,0.502,0.544,-1,Echolocation,192000.0,/mnt/ubna_data_06/recover-20251030/UBNA_027/20251030_031000.WAV,recover-20251030,UBNA_027,E18 Bridge
HF,46080.0,23.848210237911495,76.3765,76.38159999999999,42656.0,63877.0,Pipistrellus pipistrellus,0.324,0.456,-1,Echolocation,192000.0,/mnt/ubna_data_06/recover-20251030/UBNA_027/20251030_031000.WAV,recover-20251030,UBNA_027,E18 Bridge
HF,48000.0,31.793778391227306,76.4605,76.4657,44375.0,67866.0,Pipistrellus pipistrellus,0.637,0.66,-1,Echolocation,192000.0,/mnt/ubna_data_06/recover-20251030/UBNA_027/20251030_031000.WAV,recover-20251030,UBNA_027,E18 Bridge
HF,48000.0,24.689463871546536,76.5365,76.5412,43515.0,61895.0,Pipistrellus pipistrellus,0.581,0.618,-1,Echolocation,192000.0,/mnt/ubna_data_06/recover-20251030/UBNA_027/20251030_031000.WAV,recover-20251030,UBNA_027,E18 Bridge
HF,48960.0,18.882050880272978,76.6035,76.6088,44375.0,79934.0,Myotis alcathoe,0.144,0.363,-1,Echolocation,192000.0,/mnt/ubna_data_06/recover-20251030/UBNA_027/20251030_031000.WAV,recover-20251030,UBNA_027,E18 Bridge
HF,48000.0,29.895715341348303,76.6835,76.689,44375.0,71188.0,Pipistrellus pipistrellus,0.517,0.592,-1,Echolocation,192000.0,/mnt/ubna_data_06/recover-20251030/UBNA_027/20251030_031000.WAV,recover-20251030,UBNA_027,E18 Bridge
HF,47040.0,21.43422582049591,76.7615,76.7674,45234.0,65896.0,Pipistrellus pipistrellus,0.509,0.621,-1,Echolocation,192000.0,/mnt/ubna_data_06/recover-20251030/UBNA_027/20251030_031000.WAV,recover-20251030,UBNA_027,E18 Bridge
HF,47040.0,22.662264691947712,76.8395,76.8446,45234.0,63517.0,Pipistrellus pipistrellus,0.599,0.649,-1,Echolocation,192000.0,/mnt/ubna_data_06/recover-20251030/UBNA_027/20251030_031000.WAV,recover-20251030,UBNA_027,E18 Bridge
HF,48960.0,17.742952433707124,76.9125,76.9188,46093.0,62162.0,Pipistrellus pipistrellus,0.467,0.559,-1,Echolocation,192000.0,/mnt/ubna_data_06/recover-20251030/UBNA_027/20251030_031000.WAV,recover-20251030,UBNA_027,E18 Bridge
HF,48960.0,22.50987078964709,76.98949999999999,76.99549999999999,44375.0,67904.0,Pipistrellus pipistrellus,0.532,0.683,-1,Echolocation,192000.0,/mnt/ubna_data_06/recover-20251030/UBNA_027/20251030_031000.WAV,recover-20251030,UBNA_027,E18 Bridge
HF,48000.0,27.56264652755227,77.0715,77.0766,45234.0,70385.0,Pipistrellus pipistrellus,0.605,0.646,-1,Echolocation,192000.0,/mnt/ubna_data_06/recover-20251030/UBNA_027/20251030_031000.WAV,recover-20251030,UBNA_027,E18 Bridge
HF,48000.0,20.518653392699964,77.15350000000001,77.1599,44375.0,66614.0,Pipistrellus pipistrellus,0.568,0.726,-1,Echolocation,192000.0,/mnt/ubna_data_06/recover-20251030/UBNA_027/20251030_031000.WAV,recover-20251030,UBNA_027,E18 Bridge
HF,47040.0,22.24126433132821,77.2755,77.2812,45234.0,68058.0,Pipistrellus pipistrellus,0.555,0.612,-1,Echolocation,192000.0,/mnt/ubna_data_06/recover-20251030/UBNA_027/20251030_031000.WAV,recover-20251030,UBNA_027,E18 Bridge
HF,47040.0,13.342637211307057,77.3485,77.3567,45234.0,61134.0,Pipistrellus pipistrellus,0.445,0.502,-1,Echolocation,192000.0,/mnt/ubna_data_06/recover-20251030/UBNA_027/20251030_031000.WAV,recover-20251030,UBNA_027,E18 Bridge
HF,48960.0,19.76380076240951,77.4115,77.41839999999999,43515.0,73267.0,Pipistrellus pipistrellus,0.351,0.603,-1,Echolocation,192000.0,/mnt/ubna_data_06/recover-20251030/UBNA_027/20251030_031000.WAV,recover-20251030,UBNA_027,E18 Bridge
HF,45120.0,12.892713729238018,77.49549999999999,77.5017,44375.0,57614.0,Pipistrellus pipistrellus,0.51,0.578,-1,Echolocation,192000.0,/mnt/ubna_data_06/recover-20251030/UBNA_027/20251030_031000.WAV,recover-20251030,UBNA_027,E18 Bridge
HF,47040.0,16.136245226370328,77.5765,77.5847,44375.0,61336.0,Pipistrellus pipistrellus,0.453,0.571,-1,Echolocation,192000.0,/mnt/ubna_data_06/recover-20251030/UBNA_027/20251030_031000.WAV,recover-20251030,UBNA_027,E18 Bridge
HF,47040.0,13.498923629804999,77.7385,77.74680000000001,44375.0,63538.0,Pipistrellus pipistrellus,0.345,0.483,-1,Echolocation,192000.0,/mnt/ubna_data_06/recover-20251030/UBNA_027/20251030_031000.WAV,recover-20251030,UBNA_027,E18 Bridge
HF,46080.0,11.597928774628713,77.8205,77.8313,45234.0,60993.0,Pipistrellus pipistrellus,0.501,0.594,-1,Echolocation,192000.0,/mnt/ubna_data_06/recover-20251030/UBNA_027/20251030_031000.WAV,recover-20251030,UBNA_027,E18 Bridge
HF,46080.0,9.802977590685234,78.0605,78.0722,44375.0,59339.0,Pipistrellus pipistrellus,0.283,0.373,-1,Echolocation,192000.0,/mnt/ubna_data_06/recover-20251030/UBNA_027/20251030_031000.WAV,recover-20251030,UBNA_027,E18 Bridge
HF,46080.0,5.755084520689309,78.1255,78.1353,45234.0,57783.0,Pipistrellus pipistrellus,0.375,0.422,-1,Echolocation,192000.0,/mnt/ubna_data_06/recover-20251030/UBNA_027/20251030_031000.WAV,recover-20251030,UBNA_027,E18 Bridge
HF,48960.0,11.790241546032657,78.1955,78.2077,46953.0,64196.0,Pipistrellus pipistrellus,0.392,0.49,-1,Echolocation,192000.0,/mnt/ubna_data_06/recover-20251030/UBNA_027/20251030_031000.WAV,recover-20251030,UBNA_027,E18 Bridge
HF,52800.0,12.667727245834786,78.2735,78.2805,46953.0,66268.0,Pipistrellus pipistrellus,0.415,0.532,-1,Echolocation,192000.0,/mnt/ubna_data_06/recover-20251030/UBNA_027/20251030_031000.WAV,recover-20251030,UBNA_027,E18 Bridge
HF,52800.0,8.186127833853725,78.3245,78.334,48671.0,65858.0,Pipistrellus pipistrellus,0.382,0.478,-1,Echolocation,192000.0,/mnt/ubna_data_06/recover-20251030/UBNA_027/20251030_031000.WAV,recover-20251030,UBNA_027,E18 Bridge
HF,52800.0,8.123889182145671,78.3785,78.3877,48671.0,64366.0,Pipistrellus pipistrellus,0.473,0.528,-1,Echolocation,192000.0,/mnt/ubna_data_06/recover-20251030/UBNA_027/20251030_031000.WAV,recover-20251030,UBNA_027,E18 Bridge
HF,53760.0,9.677303019656796,78.6015,78.60849999999999,48671.0,68220.0,Pipistrellus pipistrellus,0.439,0.525,-1,Echolocation,192000.0,/mnt/ubna_data_06/recover-20251030/UBNA_027/20251030_031000.WAV,recover-20251030,UBNA_027,E18 Bridge
HF,52800.0,13.812146493906688,78.6765,78.6861,47812.0,67466.0,Pipistrellus pipistrellus,0.406,0.496,-1,Echolocation,192000.0,/mnt/ubna_data_06/recover-20251030/UBNA_027/20251030_031000.WAV,recover-20251030,UBNA_027,E18 Bridge
HF,54720.0,11.547558491702778,78.7515,78.7608,48671.0,67926.0,Pipistrellus pipistrellus,0.439,0.504,-1,Echolocation,192000.0,/mnt/ubna_data_06/recover-20251030/UBNA_027/20251030_031000.WAV,recover-20251030,UBNA_027,E18 Bridge
HF,48960.0,15.19011232969323,78.82849999999999,78.83709999999999,46953.0,67030.0,Pipistrellus pipistrellus,0.503,0.59,-1,Echolocation,192000.0,/mnt/ubna_data_06/recover-20251030/UBNA_027/20251030_031000.WAV,recover-20251030,UBNA_027,E18 Bridge
HF,51840.0,10.99228838343306,78.90350000000001,78.91120000000001,46953.0,70563.0,Pipistrellus pipistrellus,0.335,0.452,-1,Echolocation,192000.0,/mnt/ubna_data_06/recover-20251030/UBNA_027/20251030_031000.WAV,recover-20251030,UBNA_027,E18 Bridge
HF,51840.0,16.937686282062067,78.9825,78.99119999999999,46953.0,67413.0,Pipistrellus pipistrellus,0.528,0.635,-1,Echolocation,192000.0,/mnt/ubna_data_06/recover-20251030/UBNA_027/20251030_031000.WAV,recover-20251030,UBNA_027,E18 Bridge
HF,54720.0,13.575752550897345,79.0475,79.05709999999999,50390.0,66235.0,Pipistrellus pipistrellus,0.385,0.424,-1,Echolocation,192000.0,/mnt/ubna_data_06/recover-20251030/UBNA_027/20251030_031000.WAV,recover-20251030,UBNA_027,E18 Bridge
HF,52800.0,9.78027139510721,79.13550000000001,79.1462,50390.0,63660.0,Pipistrellus pipistrellus,0.409,0.45,-1,Echolocation,192000.0,/mnt/ubna_data_06/recover-20251030/UBNA_027/20251030_031000.WAV,recover-20251030,UBNA_027,E18 Bridge
HF,46080.0,13.196511511522388,79.2465,79.2555,44375.0,61159.0,Pipistrellus pipistrellus,0.405,0.454,-1,Echolocation,192000.0,/mnt/ubna_data_06/recover-20251030/UBNA_027/20251030_031000.WAV,recover-20251030,UBNA_027,E18 Bridge
HF,51840.0,15.851927355208677,79.3295,79.3366,45234.0,67559.0,Pipistrellus pipistrellus,0.403,0.563,-1,Echolocation,192000.0,/mnt/ubna_data_06/recover-20251030/UBNA_027/20251030_031000.WAV,recover-20251030,UBNA_027,E18 Bridge
HF,49920.0,13.543789548542291,79.41550000000001,79.4239,46953.0,65402.0,Pipistrellus pipistrellus,0.509,0.612,-1,Echolocation,192000.0,/mnt/ubna_data_06/recover-20251030/UBNA_027/20251030_031000.WAV,recover-20251030,UBNA_027,E18 Bridge
HF,48960.0,17.74128932873814,79.4985,79.50489999999999,45234.0,59925.0,Pipistrellus pipistrellus,0.466,0.535,-1,Echolocation,192000.0,/mnt/ubna_data_06/recover-20251030/UBNA_027/20251030_031000.WAV,recover-20251030,UBNA_027,E18 Bridge
HF,48000.0,18.92197637774823,79.5645,79.57169999999999,44375.0,66696.0,Pipistrellus pipistrellus,0.389,0.536,-1,Echolocation,192000.0,/mnt/ubna_data_06/recover-20251030/UBNA_027/20251030_031000.WAV,recover-20251030,UBNA_027,E18 Bridge
HF,50880.0,11.598301317465609,79.6175,79.6263,46953.0,62765.0,Pipistrellus pipistrellus,0.307,0.36,-1,Echolocation,192000.0,/mnt/ubna_data_06/recover-20251030/UBNA_027/20251030_031000.WAV,recover-20251030,UBNA_027,E18 Bridge
HF,51840.0,9.565070589763627,79.6705,79.6781,47812.0,64378.0,Pipistrellus pipistrellus,0.41,0.479,-1,Echolocation,192000.0,/mnt/ubna_data_06/recover-20251030/UBNA_027/20251030_031000.WAV,recover-20251030,UBNA_027,E18 Bridge
HF,48960.0,4.893530475699817,79.7185,79.7256,45234.0,59811.0,Pipistrellus pipistrellus,0.337,0.459,-1,Echolocation,192000.0,/mnt/ubna_data_06/recover-20251030/UBNA_027/20251030_031000.WAV,recover-20251030,UBNA_027,E18 Bridge
HF,51840.0,7.016470772742607,80.0095,80.0198,47812.0,60304.0,Pipistrellus pipistrellus,0.307,0.323,-1,Echolocation,192000.0,/mnt/ubna_data_06/recover-20251030/UBNA_027/20251030_031000.WAV,recover-20251030,UBNA_027,E18 Bridge
HF,48960.0,9.692974312316613,80.1265,80.1366,46093.0,57739.0,Pipistrellus pipistrellus,0.32,0.367,-1,Echolocation,192000.0,/mnt/ubna_data_06/recover-20251030/UBNA_027/20251030_031000.WAV,recover-20251030,UBNA_027,E18 Bridge
HF,46080.0,8.96486929590874,80.2015,80.2135,45234.0,54203.0,Pipistrellus pipistrellus,0.307,0.351,-1,Echolocation,192000.0,/mnt/ubna_data_06/recover-20251030/UBNA_027/20251030_031000.WAV,recover-20251030,UBNA_027,E18 Bridge
HF,47040.0,6.579856647213901,80.2685,80.281,45234.0,54766.0,Pipistrellus pipistrellus,0.264,0.354,-1,Echolocation,192000.0,/mnt/ubna_data_06/recover-20251030/UBNA_027/20251030_031000.WAV,recover-20251030,UBNA_027,E18 Bridge
HF,46080.0,5.3304616131895095,80.3425,80.3577,44375.0,50733.0,Pipistrellus pipistrellus,0.317,0.339,-1,Echolocation,192000.0,/mnt/ubna_data_06/recover-20251030/UBNA_027/20251030_031000.WAV,recover-20251030,UBNA_027,E18 Bridge
HF,46080.0,10.996435159778311,80.4985,80.51089999999999,44375.0,52698.0,Pipistrellus pipistrellus,0.337,0.442,-1,Echolocation,192000.0,/mnt/ubna_data_06/recover-20251030/UBNA_027/20251030_031000.WAV,recover-20251030,UBNA_027,E18 Bridge
HF,45120.0,11.386977670822848,80.67150000000001,80.6815,43515.0,56216.0,Pipistrellus pipistrellus,0.327,0.435,-1,Echolocation,192000.0,/mnt/ubna_data_06/recover-20251030/UBNA_027/20251030_031000.WAV,recover-20251030,UBNA_027,E18 Bridge
HF,44160.0,9.207347037878453,80.8505,80.8616,43515.0,59346.0,Pipistrellus pipistrellus,0.276,0.391,-1,Echolocation,192000.0,/mnt/ubna_data_06/recover-20251030/UBNA_027/20251030_031000.WAV,recover-20251030,UBNA_027,E18 Bridge
HF,44160.0,8.600061244482278,81.3025,81.316,43515.0,51746.0,Pipistrellus pipistrellus,0.338,0.428,-1,Echolocation,192000.0,/mnt/ubna_data_06/recover-20251030/UBNA_027/20251030_031000.WAV,recover-20251030,UBNA_027,E18 Bridge
HF,46080.0,2.976780602842126,93.2235,93.2353,45234.0,55539.0,Pipistrellus pipistrellus,0.275,0.345,-1,Echolocation,192000.0,/mnt/ubna_data_06/recover-20251030/UBNA_027/20251030_031000.WAV,recover-20251030,UBNA_027,E18 Bridge
HF,47040.0,3.6086820376169424,93.4065,93.41460000000001,46953.0,60171.0,Pipistrellus pipistrellus,0.343,0.355,-1,Echolocation,192000.0,/mnt/ubna_data_06/recover-20251030/UBNA_027/20251030_031000.WAV,recover-20251030,UBNA_027,E18 Bridge
HF,48000.0,8.812668083703871,93.4965,93.5064,46093.0,60628.0,Pipistrellus pipistrellus,0.465,0.614,-1,Echolocation,192000.0,/mnt/ubna_data_06/recover-20251030/UBNA_027/20251030_031000.WAV,recover-20251030,UBNA_027,E18 Bridge
HF,46080.0,5.597443816665102,93.5825,93.5928,44375.0,61799.0,Pipistrellus pipistrellus,0.357,0.448,-1,Echolocation,192000.0,/mnt/ubna_data_06/recover-20251030/UBNA_027/20251030_031000.WAV,recover-20251030,UBNA_027,E18 Bridge
HF,46080.0,5.618913395134367,93.6685,93.6802,46093.0,56094.0,Pipistrellus pipistrellus,0.34,0.381,-1,Echolocation,192000.0,/mnt/ubna_data_06/recover-20251030/UBNA_027/20251030_031000.WAV,recover-20251030,UBNA_027,E18 Bridge
HF,46080.0,10.612382492781606,93.7585,93.7648,45234.0,58366.0,Pipistrellus pipistrellus,0.505,0.637,-1,Echolocation,192000.0,/mnt/ubna_data_06/recover-20251030/UBNA_027/20251030_031000.WAV,recover-20251030,UBNA_027,E18 Bridge
HF,46080.0,6.014012147616441,93.8495,93.8609,45234.0,58488.0,Pipistrellus pipistrellus,0.281,0.353,-1,Echolocation,192000.0,/mnt/ubna_data_06/recover-20251030/UBNA_027/20251030_031000.WAV,recover-20251030,UBNA_027,E18 Bridge
HF,48000.0,12.68728045963427,93.9405,93.9519,45234.0,63152.0,Pipistrellus pipistrellus,0.362,0.569,-1,Echolocation,192000.0,/mnt/ubna_data_06/recover-20251030/UBNA_027/20251030_031000.WAV,recover-20251030,UBNA_027,E18 Bridge
HF,47040.0,7.484023055630531,94.0315,94.0417,45234.0,63553.0,Pipistrellus pipistrellus,0.321,0.421,-1,Echolocation,192000.0,/mnt/ubna_data_06/recover-20251030/UBNA_027/20251030_031000.WAV,recover-20251030,UBNA_027,E18 Bridge
HF,47040.0,10.077695978752178,94.1225,94.1343,45234.0,62280.0,Pipistrellus pipistrellus,0.425,0.537,-1,Echolocation,192000.0,/mnt/ubna_data_06/recover-20251030/UBNA_027/20251030_031000.WAV,recover-20251030,UBNA_027,E18 Bridge
HF,48000.0,8.776625430564742,94.2115,94.2196,45234.0,63201.0,Pipistrellus pipistrellus,0.579,0.728,-1,Echolocation,192000.0,/mnt/ubna_data_06/recover-20251030/UBNA_027/20251030_031000.WAV,recover-20251030,UBNA_027,E18 Bridge
HF,47040.0,17.543280456955237,94.3055,94.313,44375.0,63384.0,Pipistrellus pipistrellus,0.504,0.596,-1,Echolocation,192000.0,/mnt/ubna_data_06/recover-20251030/UBNA_027/20251030_031000.WAV,recover-20251030,UBNA_027,E18 Bridge
HF,46080.0,15.622143283396703,94.4625,94.4721,45234.0,63864.0,Pipistrellus pipistrellus,0.552,0.643,-1,Echolocation,192000.0,/mnt/ubna_data_06/recover-20251030/UBNA_027/20251030_031000.WAV,recover-20251030,UBNA_027,E18 Bridge
HF,46080.0,15.712894101861197,94.5485,94.5612,45234.0,64745.0,Pipistrellus pipistrellus,0.42,0.558,-1,Echolocation,192000.0,/mnt/ubna_data_06/recover-20251030/UBNA_027/20251030_031000.WAV,recover-20251030,UBNA_027,E18 Bridge
HF,46080.0,13.686145115052696,94.6385,94.6498,44375.0,62791.0,Pipistrellus pipistrellus,0.295,0.419,-1,Echolocation,192000.0,/mnt/ubna_data_06/recover-20251030/UBNA_027/20251030_031000.WAV,recover-20251030,UBNA_027,E18 Bridge
HF,47040.0,15.073814790443286,94.7285,94.7384,45234.0,67370.0,Pipistrellus pipistrellus,0.517,0.63,-1,Echolocation,192000.0,/mnt/ubna_data_06/recover-20251030/UBNA_027/20251030_031000.WAV,recover-20251030,UBNA_027,E18 Bridge
HF,47040.0,15.907845038272326,94.8195,94.8286,44375.0,65394.0,Pipistrellus pipistrellus,0.545,0.584,-1,Echolocation,192000.0,/mnt/ubna_data_06/recover-20251030/UBNA_027/20251030_031000.WAV,recover-20251030,UBNA_027,E18 Bridge
HF,48000.0,17.05908539486353,94.9105,94.9203,44375.0,66750.0,Pipistrellus pipistrellus,0.518,0.606,-1,Echolocation,192000.0,/mnt/ubna_data_06/recover-20251030/UBNA_027/20251030_031000.WAV,recover-20251030,UBNA_027,E18 Bridge
HF,46080.0,18.61168049962323,95.0035,95.0113,45234.0,66664.0,Pipistrellus pipistrellus,0.602,0.632,-1,Echolocation,192000.0,/mnt/ubna_data_06/recover-20251030/UBNA_027/20251030_031000.WAV,recover-20251030,UBNA_027,E18 Bridge
HF,47040.0,13.731930059142767,95.0715,95.0791,46093.0,61248.0,Pipistrellus pipistrellus,0.569,0.621,-1,Echolocation,192000.0,/mnt/ubna_data_06/recover-20251030/UBNA_027/20251030_031000.WAV,recover-20251030,UBNA_027,E18 Bridge
HF,48000.0,14.394373899934273,95.1305,95.1412,46953.0,58135.0,Pipistrellus pipistrellus,0.5,0.531,-1,Echolocation,192000.0,/mnt/ubna_data_06/recover-20251030/UBNA_027/20251030_031000.WAV,recover-20251030,UBNA_027,E18 Bridge
HF,48000.0,20.411237873755873,95.1955,95.2034,45234.0,68369.0,Pipistrellus pipistrellus,0.534,0.63,-1,Echolocation,192000.0,/mnt/ubna_data_06/recover-20251030/UBNA_027/20251030_031000.WAV,recover-20251030,UBNA_027,E18 Bridge
HF,47040.0,18.801186670613255,95.2645,95.2744,45234.0,67250.0,Pipistrellus pipistrellus,0.458,0.587,-1,Echolocation,192000.0,/mnt/ubna_data_06/recover-20251030/UBNA_027/20251030_031000.WAV,recover-20251030,UBNA_027,E18 Bridge
HF,48000.0,20.829695492667817,95.3395,95.3488,45234.0,68221.0,Pipistrellus pipistrellus,0.412,0.545,-1,Echolocation,192000.0,/mnt/ubna_data_06/recover-20251030/UBNA_027/20251030_031000.WAV,recover-20251030,UBNA_027,E18 Bridge
HF,48000.0,20.714784909292806,95.4275,95.4366,45234.0,68573.0,Pipistrellus pipistrellus,0.478,0.552,-1,Echolocation,192000.0,/mnt/ubna_data_06/recover-20251030/UBNA_027/20251030_031000.WAV,recover-20251030,UBNA_027,E18 Bridge
HF,46080.0,21.700843152501452,95.5075,95.5159,45234.0,62900.0,Pipistrellus pipistrellus,0.53,0.574,-1,Echolocation,192000.0,/mnt/ubna_data_06/recover-20251030/UBNA_027/20251030_031000.WAV,recover-20251030,UBNA_027,E18 Bridge
HF,45120.0,16.404844752365413,95.5805,95.5891,44375.0,66029.0,Pipistrellus pipistrellus,0.522,0.622,-1,Echolocation,192000.0,/mnt/ubna_data_06/recover-20251030/UBNA_027/20251030_031000.WAV,recover-20251030,UBNA_027,E18 Bridge
HF,47040.0,26.29961660647687,95.6475,95.6544,44375.0,74857.0,Pipistrellus pipistrellus,0.579,0.667,-1,Echolocation,192000.0,/mnt/ubna_data_06/recover-20251030/UBNA_027/20251030_031000.WAV,recover-20251030,UBNA_027,E18 Bridge
HF,47040.0,20.770158392506207,95.7225,95.7307,45234.0,72245.0,Pipistrellus pipistrellus,0.605,0.695,-1,Echolocation,192000.0,/mnt/ubna_data_06/recover-20251030/UBNA_027/20251030_031000.WAV,recover-20251030,UBNA_027,E18 Bridge
HF,46080.0,21.963211448871036,95.7825,95.7904,44375.0,67208.0,Pipistrellus pipistrellus,0.478,0.583,-1,Echolocation,192000.0,/mnt/ubna_data_06/recover-20251030/UBNA_027/20251030_031000.WAV,recover-20251030,UBNA_027,E18 Bridge
HF,48960.0,18.747485386608076,95.8375,95.8441,46093.0,66846.0,Pipistrellus pipistrellus,0.419,0.537,-1,Echolocation,192000.0,/mnt/ubna_data_06/recover-20251030/UBNA_027/20251030_031000.WAV,recover-20251030,UBNA_027,E18 Bridge
HF,53760.0,23.529739258926448,95.8915,95.8975,46953.0,67812.0,Pipistrellus pipistrellus,0.488,0.509,-1,Echolocation,192000.0,/mnt/ubna_data_06/recover-20251030/UBNA_027/20251030_031000.WAV,recover-20251030,UBNA_027,E18 Bridge
HF,46080.0,23.43719341416959,95.9645,95.9707,43515.0,72797.0,Pipistrellus pipistrellus,0.429,0.519,-1,Echolocation,192000.0,/mnt/ubna_data_06/recover-20251030/UBNA_027/20251030_031000.WAV,recover-20251030,UBNA_027,E18 Bridge
HF,47040.0,20.692150493664272,96.0305,96.0365,43515.0,63479.0,Pipistrellus pipistrellus,0.323,0.59,-1,Echolocation,192000.0,/mnt/ubna_data_06/recover-20251030/UBNA_027/20251030_031000.WAV,recover-20251030,UBNA_027,E18 Bridge
HF,52800.0,20.459664672481942,96.0905,96.0981,45234.0,75793.0,Pipistrellus pipistrellus,0.241,0.425,-1,Echolocation,192000.0,/mnt/ubna_data_06/recover-20251030/UBNA_027/20251030_031000.WAV,recover-20251030,UBNA_027,E18 Bridge
HF,50880.0,20.456128385132498,96.1505,96.157,46093.0,69410.0,Pipistrellus pipistrellus,0.354,0.514,-1,Echolocation,192000.0,/mnt/ubna_data_06/recover-20251030/UBNA_027/20251030_031000.WAV,recover-20251030,UBNA_027,E18 Bridge
HF,52800.0,20.706190005289187,96.2035,96.2106,46093.0,68692.0,Pipistrellus pipistrellus,0.29,0.364,-1,Echolocation,192000.0,/mnt/ubna_data_06/recover-20251030/UBNA_027/20251030_031000.WAV,recover-20251030,UBNA_027,E18 Bridge
HF,49920.0,14.232931290263577,96.2565,96.2609,43515.0,66967.0,Myotis mystacinus,0.098,0.325,-1,Echolocation,192000.0,/mnt/ubna_data_06/recover-20251030/UBNA_027/20251030_031000.WAV,recover-20251030,UBNA_027,E18 Bridge
HF,47040.0,9.141443097543544,96.3185,96.3252,44375.0,56097.0,Pipistrellus pipistrellus,0.455,0.506,-1,Echolocation,192000.0,/mnt/ubna_data_06/recover-20251030/UBNA_027/20251030_031000.WAV,recover-20251030,UBNA_027,E18 Bridge
HF,48000.0,12.589612688148136,96.3815,96.3901,44375.0,60562.0,Pipistrellus pipistrellus,0.406,0.511,-1,Echolocation,192000.0,/mnt/ubna_data_06/recover-20251030/UBNA_027/20251030_031000.WAV,recover-20251030,UBNA_027,E18 Bridge
HF,47040.0,8.71834116923818,96.5935,96.603,45234.0,56032.0,Pipistrellus pipistrellus,0.283,0.338,-1,Echolocation,192000.0,/mnt/ubna_data_06/recover-20251030/UBNA_027/20251030_031000.WAV,recover-20251030,UBNA_027,E18 Bridge
HF,48960.0,5.705886235526311,96.7495,96.763,46953.0,53621.0,Pipistrellus pipistrellus,0.346,0.388,-1,Echolocation,192000.0,/mnt/ubna_data_06/recover-20251030/UBNA_027/20251030_031000.WAV,recover-20251030,UBNA_027,E18 Bridge
HF,46080.0,6.923349854614546,97.7035,97.7118,45234.0,56984.0,Pipistrellus pipistrellus,0.447,0.491,-1,Echolocation,192000.0,/mnt/ubna_data_06/recover-20251030/UBNA_027/20251030_031000.WAV,recover-20251030,UBNA_027,E18 Bridge
HF,45120.0,8.140496655116058,97.8945,97.91159999999999,43515.0,49489.0,Pipistrellus pipistrellus,0.33,0.407,-1,Echolocation,192000.0,/mnt/ubna_data_06/recover-20251030/UBNA_027/20251030_031000.WAV,recover-20251030,UBNA_027,E18 Bridge
HF,46080.0,4.780523065631538,97.9785,97.9901,45234.0,52729.0,Pipistrellus pipistrellus,0.377,0.444,-1,Echolocation,192000.0,/mnt/ubna_data_06/recover-20251030/UBNA_027/20251030_031000.WAV,recover-20251030,UBNA_027,E18 Bridge
HF,47040.0,3.886239117366319,106.3985,106.40950000000001,46953.0,56234.0,Pipistrellus pipistrellus,0.319,0.329,-1,Echolocation,192000.0,/mnt/ubna_data_06/recover-20251030/UBNA_027/20251030_031000.WAV,recover-20251030,UBNA_027,E18 Bridge
HF,46080.0,5.288167029753534,107.0645,107.0753,45234.0,55837.0,Pipistrellus pipistrellus,0.298,0.343,-1,Echolocation,192000.0,/mnt/ubna_data_06/recover-20251030/UBNA_027/20251030_031000.WAV,recover-20251030,UBNA_027,E18 Bridge
HF,46080.0,8.461203490668556,107.14750000000001,107.1576,46093.0,57279.0,Pipistrellus pipistrellus,0.454,0.528,-1,Echolocation,192000.0,/mnt/ubna_data_06/recover-20251030/UBNA_027/20251030_031000.WAV,recover-20251030,UBNA_027,E18 Bridge
HF,47040.0,5.972489927818591,107.2205,107.2304,46093.0,55839.0,Pipistrellus pipistrellus,0.414,0.427,-1,Echolocation,192000.0,/mnt/ubna_data_06/recover-20251030/UBNA_027/20251030_031000.WAV,recover-20251030,UBNA_027,E18 Bridge
HF,46080.0,7.575756005505543,107.3075,107.3199,45234.0,61507.0,Pipistrellus pipistrellus,0.309,0.386,-1,Echolocation,192000.0,/mnt/ubna_data_06/recover-20251030/UBNA_027/20251030_031000.WAV,recover-20251030,UBNA_027,E18 Bridge
HF,46080.0,6.495219165116702,107.3965,107.40469999999999,46093.0,62870.0,Pipistrellus pipistrellus,0.48,0.613,-1,Echolocation,192000.0,/mnt/ubna_data_06/recover-20251030/UBNA_027/20251030_031000.WAV,recover-20251030,UBNA_027,E18 Bridge
HF,46080.0,10.65199500905884,107.4925,107.5047,45234.0,62953.0,Pipistrellus pipistrellus,0.512,0.63,-1,Echolocation,192000.0,/mnt/ubna_data_06/recover-20251030/UBNA_027/20251030_031000.WAV,recover-20251030,UBNA_027,E18 Bridge
HF,46080.0,6.948905130448209,107.5865,107.6001,45234.0,57713.0,Pipistrellus pipistrellus,0.328,0.413,-1,Echolocation,192000.0,/mnt/ubna_data_06/recover-20251030/UBNA_027/20251030_031000.WAV,recover-20251030,UBNA_027,E18 Bridge
HF,47040.0,4.154731690001533,107.7525,107.7653,46093.0,55600.0,Pipistrellus pipistrellus,0.257,0.302,-1,Echolocation,192000.0,/mnt/ubna_data_06/recover-20251030/UBNA_027/20251030_031000.WAV,recover-20251030,UBNA_027,E18 Bridge
HF,47040.0,4.343918454560666,107.8965,107.9106,45234.0,52909.0,Pipistrellus pipistrellus,0.259,0.3,-1,Echolocation,192000.0,/mnt/ubna_data_06/recover-20251030/UBNA_027/20251030_031000.WAV,recover-20251030,UBNA_027,E18 Bridge
HF,46080.0,5.91137014005599,108.2865,108.30160000000001,45234.0,49803.0,Pipistrellus pipistrellus,0.311,0.368,-1,Echolocation,192000.0,/mnt/ubna_data_06/recover-20251030/UBNA_027/20251030_031000.WAV,recover-20251030,UBNA_027,E18 Bridge
HF,47040.0,5.370533452349847,116.1045,116.1125,46093.0,58799.0,Pipistrellus pipistrellus,0.388,0.411,-1,Echolocation,192000.0,/mnt/ubna_data_06/recover-20251030/UBNA_027/20251030_031000.WAV,recover-20251030,UBNA_027,E18 Bridge
HF,46080.0,5.476785938560784,116.48349999999999,116.4942,45234.0,58401.0,Pipistrellus pipistrellus,0.399,0.44,-1,Echolocation,192000.0,/mnt/ubna_data_06/recover-20251030/UBNA_027/20251030_031000.WAV,recover-20251030,UBNA_027,E18 Bridge
HF,47040.0,4.431127003088669,116.5705,116.583,46093.0,55604.0,Pipistrellus pipistrellus,0.293,0.311,-1,Echolocation,192000.0,/mnt/ubna_data_06/recover-20251030/UBNA_027/20251030_031000.WAV,recover-20251030,UBNA_027,E18 Bridge
HF,46080.0,7.4628962714383595,116.6625,116.6723,46093.0,55425.0,Pipistrellus pipistrellus,0.337,0.351,-1,Echolocation,192000.0,/mnt/ubna_data_06/recover-20251030/UBNA_027/20251030_031000.WAV,recover-20251030,UBNA_027,E18 Bridge
HF,48000.0,5.2940272481983,116.7435,116.7558,46093.0,56691.0,Pipistrellus pipistrellus,0.302,0.326,-1,Echolocation,192000.0,/mnt/ubna_data_06/recover-20251030/UBNA_027/20251030_031000.WAV,recover-20251030,UBNA_027,E18 Bridge
HF,47040.0,6.045255846483864,116.8235,116.8329,44375.0,60925.0,Pipistrellus pipistrellus,0.358,0.506,-1,Echolocation,192000.0,/mnt/ubna_data_06/recover-20251030/UBNA_027/20251030_031000.WAV,recover-20251030,UBNA_027,E18 Bridge
HF,46080.0,5.207864968685163,116.9125,116.9238,46093.0,64230.0,Pipistrellus pipistrellus,0.494,0.575,-1,Echolocation,192000.0,/mnt/ubna_data_06/recover-20251030/UBNA_027/20251030_031000.WAV,recover-20251030,UBNA_027,E18 Bridge
HF,46080.0,12.347043514701179,117.0025,117.0111,45234.0,60505.0,Pipistrellus pipistrellus,0.536,0.638,-1,Echolocation,192000.0,/mnt/ubna_data_06/recover-20251030/UBNA_027/20251030_031000.WAV,recover-20251030,UBNA_027,E18 Bridge
HF,46080.0,7.907996376205601,117.0885,117.09700000000001,45234.0,61729.0,Pipistrellus pipistrellus,0.503,0.587,-1,Echolocation,192000.0,/mnt/ubna_data_06/recover-20251030/UBNA_027/20251030_031000.WAV,recover-20251030,UBNA_027,E18 Bridge
HF,47040.0,8.167428896824607,117.1795,117.1909,45234.0,62338.0,Pipistrellus pipistrellus,0.385,0.446,-1,Echolocation,192000.0,/mnt/ubna_data_06/recover-20251030/UBNA_027/20251030_031000.WAV,recover-20251030,UBNA_027,E18 Bridge
HF,47040.0,9.868651491892939,117.2565,117.2679,46093.0,64022.0,Pipistrellus pipistrellus,0.462,0.525,-1,Echolocation,192000.0,/mnt/ubna_data_06/recover-20251030/UBNA_027/20251030_031000.WAV,recover-20251030,UBNA_027,E18 Bridge
HF,46080.0,10.195959305392899,117.3325,117.3438,45234.0,62227.0,Pipistrellus pipistrellus,0.361,0.457,-1,Echolocation,192000.0,/mnt/ubna_data_06/recover-20251030/UBNA_027/20251030_031000.WAV,recover-20251030,UBNA_027,E18 Bridge
HF,48000.0,10.020371998405126,117.4135,117.4229,47812.0,62263.0,Pipistrellus pipistrellus,0.469,0.546,-1,Echolocation,192000.0,/mnt/ubna_data_06/recover-20251030/UBNA_027/20251030_031000.WAV,recover-20251030,UBNA_027,E18 Bridge
HF,47040.0,13.965197682287096,117.5005,117.511,45234.0,62407.0,Pipistrellus pipistrellus,0.505,0.575,-1,Echolocation,192000.0,/mnt/ubna_data_06/recover-20251030/UBNA_027/20251030_031000.WAV,recover-20251030,UBNA_027,E18 Bridge
HF,47040.0,14.18641295256996,117.5835,117.5925,45234.0,63710.0,Pipistrellus pipistrellus,0.463,0.573,-1,Echolocation,192000.0,/mnt/ubna_data_06/recover-20251030/UBNA_027/20251030_031000.WAV,recover-20251030,UBNA_027,E18 Bridge
HF,46080.0,13.25841090092645,117.6705,117.6798,45234.0,62718.0,Pipistrellus pipistrellus,0.536,0.63,-1,Echolocation,192000.0,/mnt/ubna_data_06/recover-20251030/UBNA_027/20251030_031000.WAV,recover-20251030,UBNA_027,E18 Bridge
HF,46080.0,16.79030444809206,117.7575,117.7699,44375.0,64219.0,Pipistrellus pipistrellus,0.372,0.514,-1,Echolocation,192000.0,/mnt/ubna_data_06/recover-20251030/UBNA_027/20251030_031000.WAV,recover-20251030,UBNA_027,E18 Bridge
HF,47040.0,17.731714297226308,117.8495,117.8579,45234.0,63707.0,Pipistrellus pipistrellus,0.502,0.583,-1,Echolocation,192000.0,/mnt/ubna_data_06/recover-20251030/UBNA_027/20251030_031000.WAV,recover-20251030,UBNA_027,E18 Bridge
HF,48000.0,16.12200028581437,117.9265,117.9361,46093.0,65431.0,Pipistrellus pipistrellus,0.585,0.664,-1,Echolocation,192000.0,/mnt/ubna_data_06/recover-20251030/UBNA_027/20251030_031000.WAV,recover-20251030,UBNA_027,E18 Bridge
HF,54720.0,11.905696206830267,117.9915,117.99889999999999,47812.0,66891.0,Pipistrellus pipistrellus,0.418,0.493,-1,Echolocation,192000.0,/mnt/ubna_data_06/recover-20251030/UBNA_027/20251030_031000.WAV,recover-20251030,UBNA_027,E18 Bridge
HF,49920.0,13.670328870210064,118.0655,118.07339999999999,48671.0,68678.0,Pipistrellus pipistrellus,0.496,0.585,-1,Echolocation,192000.0,/mnt/ubna_data_06/recover-20251030/UBNA_027/20251030_031000.WAV,recover-20251030,UBNA_027,E18 Bridge
HF,48960.0,13.515133133818985,118.1915,118.2025,47812.0,69395.0,Pipistrellus pipistrellus,0.476,0.555,-1,Echolocation,192000.0,/mnt/ubna_data_06/recover-20251030/UBNA_027/20251030_031000.WAV,recover-20251030,UBNA_027,E18 Bridge
HF,48000.0,17.96405116634089,118.2515,118.2572,45234.0,70936.0,Pipistrellus pipistrellus,0.439,0.569,-1,Echolocation,192000.0,/mnt/ubna_data_06/recover-20251030/UBNA_027/20251030_031000.WAV,recover-20251030,UBNA_027,E18 Bridge
HF,48000.0,17.793206552061143,118.3265,118.33449999999999,44375.0,68962.0,Pipistrellus pipistrellus,0.193,0.3,-1,Echolocation,192000.0,/mnt/ubna_data_06/recover-20251030/UBNA_027/20251030_031000.WAV,recover-20251030,UBNA_027,E18 Bridge
HF,47040.0,21.065220225229613,118.3965,118.4043,45234.0,69915.0,Pipistrellus pipistrellus,0.391,0.529,-1,Echolocation,192000.0,/mnt/ubna_data_06/recover-20251030/UBNA_027/20251030_031000.WAV,recover-20251030,UBNA_027,E18 Bridge
HF,53760.0,16.27254342550558,118.4505,118.4564,48671.0,67958.0,Pipistrellus pipistrellus,0.382,0.467,-1,Echolocation,192000.0,/mnt/ubna_data_06/recover-20251030/UBNA_027/20251030_031000.WAV,recover-20251030,UBNA_027,E18 Bridge
HF,48000.0,22.650732771533928,118.5095,118.51599999999999,46093.0,68945.0,Pipistrellus pipistrellus,0.473,0.568,-1,Echolocation,192000.0,/mnt/ubna_data_06/recover-20251030/UBNA_027/20251030_031000.WAV,recover-20251030,UBNA_027,E18 Bridge
HF,48000.0,17.26255937553353,118.5805,118.5911,46953.0,65113.0,Pipistrellus pipistrellus,0.495,0.591,-1,Echolocation,192000.0,/mnt/ubna_data_06/recover-20251030/UBNA_027/20251030_031000.WAV,recover-20251030,UBNA_027,E18 Bridge
HF,52800.0,22.0639653391172,118.64750000000001,118.65559999999999,47812.0,69634.0,Pipistrellus pipistrellus,0.53,0.626,-1,Echolocation,192000.0,/mnt/ubna_data_06/recover-20251030/UBNA_027/20251030_031000.WAV,recover-20251030,UBNA_027,E18 Bridge
HF,52800.0,20.776036894742337,118.7005,118.70609999999999,46953.0,73806.0,Pipistrellus pipistrellus,0.479,0.553,-1,Echolocation,192000.0,/mnt/ubna_data_06/recover-20251030/UBNA_027/20251030_031000.WAV,recover-20251030,UBNA_027,E18 Bridge
HF,48960.0,18.6423409114521,118.77250000000001,118.7784,46953.0,65682.0,Pipistrellus pipistrellus,0.573,0.602,-1,Echolocation,192000.0,/mnt/ubna_data_06/recover-20251030/UBNA_027/20251030_031000.WAV,recover-20251030,UBNA_027,E18 Bridge
HF,51840.0,24.167947918664602,118.8565,118.86189999999999,46093.0,75305.0,Pipistrellus pipistrellus,0.508,0.562,-1,Echolocation,192000.0,/mnt/ubna_data_06/recover-20251030/UBNA_027/20251030_031000.WAV,recover-20251030,UBNA_027,E18 Bridge
HF,48000.0,21.32997412199396,118.9265,118.9332,46953.0,64380.0,Pipistrellus pipistrellus,0.553,0.691,-1,Echolocation,192000.0,/mnt/ubna_data_06/recover-20251030/UBNA_027/20251030_031000.WAV,recover-20251030,UBNA_027,E18 Bridge
HF,47040.0,18.22083237707417,118.9925,119.0002,45234.0,65159.0,Pipistrellus pipistrellus,0.445,0.563,-1,Echolocation,192000.0,/mnt/ubna_data_06/recover-20251030/UBNA_027/20251030_031000.WAV,recover-20251030,UBNA_027,E18 Bridge
HF,48000.0,27.978489233090727,119.0675,119.0727,46093.0,71279.0,Pipistrellus pipistrellus,0.631,0.686,-1,Echolocation,192000.0,/mnt/ubna_data_06/recover-20251030/UBNA_027/20251030_031000.WAV,recover-20251030,UBNA_027,E18 Bridge
HF,48000.0,28.50615017797879,119.1305,119.136,43515.0,83545.0,Myotis alcathoe,0.222,0.417,-1,Echolocation,192000.0,/mnt/ubna_data_06/recover-20251030/UBNA_027/20251030_031000.WAV,recover-20251030,UBNA_027,E18 Bridge
HF,47040.0,24.465967526008367,119.2025,119.2082,45234.0,76958.0,Pipistrellus pipistrellus,0.465,0.548,-1,Echolocation,192000.0,/mnt/ubna_data_06/recover-20251030/UBNA_027/20251030_031000.WAV,recover-20251030,UBNA_027,E18 Bridge
HF,48960.0,30.302883854845305,119.2765,119.2835,45234.0,88913.0,Pipistrellus pipistrellus,0.318,0.507,-1,Echolocation,192000.0,/mnt/ubna_data_06/recover-20251030/UBNA_027/20251030_031000.WAV,recover-20251030,UBNA_027,E18 Bridge
HF,51840.0,27.04219662743516,119.3325,119.33879999999999,41796.0,92162.0,Myotis alcathoe,0.21,0.39,-1,Echolocation,192000.0,/mnt/ubna_data_06/recover-20251030/UBNA_027/20251030_031000.WAV,recover-20251030,UBNA_027,E18 Bridge
HF,54720.0,22.981667402630926,119.3835,119.3896,46093.0,85731.0,Pipistrellus pipistrellus,0.193,0.467,-1,Echolocation,192000.0,/mnt/ubna_data_06/recover-20251030/UBNA_027/20251030_031000.WAV,recover-20251030,UBNA_027,E18 Bridge
HF,54720.0,22.582478097009076,119.4315,119.4374,46093.0,90460.0,Myotis alcathoe,0.202,0.506,-1,Echolocation,192000.0,/mnt/ubna_data_06/recover-20251030/UBNA_027/20251030_031000.WAV,recover-20251030,UBNA_027,E18 Bridge
HF,64320.0,19.004577345397625,119.4745,119.4812,46953.0,85245.0,Pipistrellus pipistrellus,0.182,0.458,-1,Echolocation,192000.0,/mnt/ubna_data_06/recover-20251030/UBNA_027/20251030_031000.WAV,recover-20251030,UBNA_027,E18 Bridge
HF,52800.0,19.45854948518678,119.5195,119.5254,46093.0,89193.0,Myotis alcathoe,0.212,0.441,-1,Echolocation,192000.0,/mnt/ubna_data_06/recover-20251030/UBNA_027/20251030_031000.WAV,recover-20251030,UBNA_027,E18 Bridge
HF,47040.0,31.44883246013682,119.6165,119.6223,42656.0,77256.0,Pipistrellus pipistrellus,0.278,0.524,-1,Echolocation,192000.0,/mnt/ubna_data_06/recover-20251030/UBNA_027/20251030_031000.WAV,recover-20251030,UBNA_027,E18 Bridge
HF,48000.0,36.10123079128927,119.6995,119.7063,41796.0,88800.0,Myotis alcathoe,0.262,0.443,-1,Echolocation,192000.0,/mnt/ubna_data_06/recover-20251030/UBNA_027/20251030_031000.WAV,recover-20251030,UBNA_027,E18 Bridge
HF,47040.0,38.6257394589575,119.7835,119.7904,43515.0,86393.0,Pipistrellus pipistrellus,0.474,0.536,-1,Echolocation,192000.0,/mnt/ubna_data_06/recover-20251030/UBNA_027/20251030_031000.WAV,recover-20251030,UBNA_027,E18 Bridge
HF,46080.0,28.12591093373646,119.8775,119.8819,41796.0,67284.0,Pipistrellus pipistrellus,0.401,0.506,-1,Echolocation,192000.0,/mnt/ubna_data_06/recover-20251030/UBNA_027/20251030_031000.WAV,recover-20251030,UBNA_027,E18 Bridge
HF,46080.0,34.9823230506959,119.9645,119.9708,43515.0,73341.0,Pipistrellus pipistrellus,0.451,0.525,-1,Echolocation,192000.0,/mnt/ubna_data_06/recover-20251030/UBNA_027/20251030_031000.WAV,recover-20251030,UBNA_027,E18 Bridge
HF,46080.0,21.156931699124844,120.0595,120.0645,44375.0,56737.0,Pipistrellus pipistrellus,0.647,0.66,-1,Echolocation,192000.0,/mnt/ubna_data_06/recover-20251030/UBNA_027/20251030_031000.WAV,recover-20251030,UBNA_027,E18 Bridge
HF,49920.0,33.38758616369941,120.1435,120.1491,45234.0,71669.0,Pipistrellus pipistrellus,0.586,0.663,-1,Echolocation,192000.0,/mnt/ubna_data_06/recover-20251030/UBNA_027/20251030_031000.WAV,recover-20251030,UBNA_027,E18 Bridge
HF,47040.0,29.31450248632978,120.2335,120.2387,42656.0,74210.0,Pipistrellus pipistrellus,0.455,0.529,-1,Echolocation,192000.0,/mnt/ubna_data_06/recover-20251030/UBNA_027/20251030_031000.WAV,recover-20251030,UBNA_027,E18 Bridge
HF,47040.0,35.923456952504466,120.3175,120.323,45234.0,70430.0,Pipistrellus pipistrellus,0.587,0.667,-1,Echolocation,192000.0,/mnt/ubna_data_06/recover-20251030/UBNA_027/20251030_031000.WAV,recover-20251030,UBNA_027,E18 Bridge
HF,48000.0,40.84337796413577,120.3905,120.3961,44375.0,75761.0,Pipistrellus pipistrellus,0.466,0.509,-1,Echolocation,192000.0,/mnt/ubna_data_06/recover-20251030/UBNA_027/20251030_031000.WAV,recover-20251030,UBNA_027,E18 Bridge
HF,47040.0,27.23803282867047,120.4765,120.483,45234.0,67559.0,Pipistrellus pipistrellus,0.643,0.703,-1,Echolocation,192000.0,/mnt/ubna_data_06/recover-20251030/UBNA_027/20251030_031000.WAV,recover-20251030,UBNA_027,E18 Bridge
HF,48000.0,35.54316970195597,120.5575,120.5626,43515.0,70159.0,Pipistrellus pipistrellus,0.44,0.532,-1,Echolocation,192000.0,/mnt/ubna_data_06/recover-20251030/UBNA_027/20251030_031000.WAV,recover-20251030,UBNA_027,E18 Bridge
HF,46080.0,29.411506777011198,120.6475,120.6534,43515.0,69529.0,Pipistrellus pipistrellus,0.404,0.5,-1,Echolocation,192000.0,/mnt/ubna_data_06/recover-20251030/UBNA_027/20251030_031000.WAV,recover-20251030,UBNA_027,E18 Bridge
HF,51840.0,35.45770716589278,120.7295,120.7363,41796.0,88523.0,Pipistrellus pipistrellus,0.247,0.47,-1,Echolocation,192000.0,/mnt/ubna_data_06/recover-20251030/UBNA_027/20251030_031000.WAV,recover-20251030,UBNA_027,E18 Bridge
HF,47040.0,28.14091265034685,120.8115,120.8178,40937.0,82502.0,Myotis alcathoe,0.237,0.445,-1,Echolocation,192000.0,/mnt/ubna_data_06/recover-20251030/UBNA_027/20251030_031000.WAV,recover-20251030,UBNA_027,E18 Bridge
HF,47040.0,33.571658845228015,120.8845,120.8909,41796.0,86275.0,Myotis alcathoe,0.219,0.512,-1,Echolocation,192000.0,/mnt/ubna_data_06/recover-20251030/UBNA_027/20251030_031000.WAV,recover-20251030,UBNA_027,E18 Bridge
HF,48000.0,23.68316707345921,120.9685,120.97409999999999,44375.0,67180.0,Pipistrellus pipistrellus,0.684,0.738,-1,Echolocation,192000.0,/mnt/ubna_data_06/recover-20251030/UBNA_027/20251030_031000.WAV,recover-20251030,UBNA_027,E18 Bridge
HF,48000.0,25.52767231973029,121.0455,121.0517,42656.0,73721.0,Myotis alcathoe,0.167,0.322,-1,Echolocation,192000.0,/mnt/ubna_data_06/recover-20251030/UBNA_027/20251030_031000.WAV,recover-20251030,UBNA_027,E18 Bridge
HF,46080.0,13.099078857777481,121.1295,121.1395,45234.0,53018.0,Pipistrellus pipistrellus,0.468,0.527,-1,Echolocation,192000.0,/mnt/ubna_data_06/recover-20251030/UBNA_027/20251030_031000.WAV,recover-20251030,UBNA_027,E18 Bridge
HF,45120.0,23.63469454073681,121.2115,121.2174,43515.0,65655.0,Pipistrellus pipistrellus,0.447,0.55,-1,Echolocation,192000.0,/mnt/ubna_data_06/recover-20251030/UBNA_027/20251030_031000.WAV,recover-20251030,UBNA_027,E18 Bridge
HF,45120.0,14.588123068292834,121.3015,121.3093,44375.0,56519.0,Pipistrellus pipistrellus,0.635,0.659,-1,Echolocation,192000.0,/mnt/ubna_data_06/recover-20251030/UBNA_027/20251030_031000.WAV,recover-20251030,UBNA_027,E18 Bridge
HF,46080.0,25.57011277269645,121.3795,121.3856,41796.0,75656.0,Pipistrellus pipistrellus,0.177,0.459,-1,Echolocation,192000.0,/mnt/ubna_data_06/recover-20251030/UBNA_027/20251030_031000.WAV,recover-20251030,UBNA_027,E18 Bridge
HF,45120.0,29.657223399243236,121.4695,121.4748,42656.0,66846.0,Pipistrellus pipistrellus,0.46,0.562,-1,Echolocation,192000.0,/mnt/ubna_data_06/recover-20251030/UBNA_027/20251030_031000.WAV,recover-20251030,UBNA_027,E18 Bridge
HF,45120.0,8.797955662661186,121.5635,121.5689,45234.0,60883.0,Pipistrellus pipistrellus,0.586,0.615,-1,Echolocation,192000.0,/mnt/ubna_data_06/recover-20251030/UBNA_027/20251030_031000.WAV,recover-20251030,UBNA_027,E18 Bridge
HF,45120.0,27.91771277366567,121.6535,121.6588,43515.0,61696.0,Pipistrellus pipistrellus,0.42,0.445,-1,Echolocation,192000.0,/mnt/ubna_data_06/recover-20251030/UBNA_027/20251030_031000.WAV,recover-20251030,UBNA_027,E18 Bridge
HF,45120.0,13.12438255551815,121.7495,121.7549,44375.0,56415.0,Pipistrellus pipistrellus,0.614,0.63,-1,Echolocation,192000.0,/mnt/ubna_data_06/recover-20251030/UBNA_027/20251030_031000.WAV,recover-20251030,UBNA_027,E18 Bridge
HF,47040.0,21.71723229654632,121.8325,121.8372,44375.0,65778.0,Pipistrellus pipistrellus,0.665,0.703,-1,Echolocation,192000.0,/mnt/ubna_data_06/recover-20251030/UBNA_027/20251030_031000.WAV,recover-20251030,UBNA_027,E18 Bridge
HF,45120.0,26.010552637822325,121.9195,121.9254,42656.0,62817.0,Pipistrellus pipistrellus,0.389,0.476,-1,Echolocation,192000.0,/mnt/ubna_data_06/recover-20251030/UBNA_027/20251030_031000.WAV,recover-20251030,UBNA_027,E18 Bridge
HF,45120.0,24.423074268796267,122.0875,122.0924,43515.0,60063.0,Pipistrellus pipistrellus,0.61,0.681,-1,Echolocation,192000.0,/mnt/ubna_data_06/recover-20251030/UBNA_027/20251030_031000.WAV,recover-20251030,UBNA_027,E18 Bridge
HF,46080.0,10.857369394993675,122.2225,122.2281,46093.0,58186.0,Pipistrellus pipistrellus,0.477,0.52,-1,Echolocation,192000.0,/mnt/ubna_data_06/recover-20251030/UBNA_027/20251030_031000.WAV,recover-20251030,UBNA_027,E18 Bridge
HF,53760.0,9.541126730186436,122.4565,122.4611,46093.0,69791.0,Myotis alcathoe,0.203,0.353,-1,Echolocation,192000.0,/mnt/ubna_data_06/recover-20251030/UBNA_027/20251030_031000.WAV,recover-20251030,UBNA_027,E18 Bridge
HF,57600.0,10.121662584482866,122.5995,122.6034,46953.0,78001.0,Myotis alcathoe,0.265,0.392,-1,Echolocation,192000.0,/mnt/ubna_data_06/recover-20251030/UBNA_027/20251030_031000.WAV,recover-20251030,UBNA_027,E18 Bridge
HF,57600.0,6.919734207856845,122.6415,122.6456,51250.0,64214.0,Pipistrellus pipistrellus,0.259,0.341,-1,Echolocation,192000.0,/mnt/ubna_data_06/recover-20251030/UBNA_027/20251030_031000.WAV,recover-20251030,UBNA_027,E18 Bridge
HF,47040.0,5.266419538470658,122.7175,122.7228,46093.0,66058.0,Pipistrellus pipistrellus,0.177,0.383,-1,Echolocation,192000.0,/mnt/ubna_data_06/recover-20251030/UBNA_027/20251030_031000.WAV,recover-20251030,UBNA_027,E18 Bridge
HF,54720.0,4.002068974379386,123.1195,123.1238,52109.0,62771.0,Pipistrellus pipistrellus,0.318,0.348,-1,Echolocation,192000.0,/mnt/ubna_data_06/recover-20251030/UBNA_027/20251030_031000.WAV,recover-20251030,UBNA_027,E18 Bridge
HF,54720.0,11.120282536543225,123.2535,123.2587,46093.0,65465.0,Pipistrellus pipistrellus,0.195,0.445,-1,Echolocation,192000.0,/mnt/ubna_data_06/recover-20251030/UBNA_027/20251030_031000.WAV,recover-20251030,UBNA_027,E18 Bridge
HF,55680.0,20.27057899829188,123.3495,123.3549,46953.0,68438.0,Pipistrellus pipistrellus,0.525,0.626,-1,Echolocation,192000.0,/mnt/ubna_data_06/recover-20251030/UBNA_027/20251030_031000.WAV,recover-20251030,UBNA_027,E18 Bridge
HF,54720.0,17.069706690581906,123.4265,123.4322,47812.0,65603.0,Pipistrellus pipistrellus,0.3,0.375,-1,Echolocation,192000.0,/mnt/ubna_data_06/recover-20251030/UBNA_027/20251030_031000.WAV,recover-20251030,UBNA_027,E18 Bridge
HF,51840.0,20.52343853069242,123.4815,123.4865,46953.0,70047.0,Pipistrellus pipistrellus,0.519,0.572,-1,Echolocation,192000.0,/mnt/ubna_data_06/recover-20251030/UBNA_027/20251030_031000.WAV,recover-20251030,UBNA_027,E18 Bridge
HF,48960.0,16.6084354791924,123.6185,123.6235,46093.0,66949.0,Pipistrellus pipistrellus,0.477,0.59,-1,Echolocation,192000.0,/mnt/ubna_data_06/recover-20251030/UBNA_027/20251030_031000.WAV,recover-20251030,UBNA_027,E18 Bridge
HF,48000.0,19.810001514433235,123.6735,123.6785,46093.0,67260.0,Pipistrellus pipistrellus,0.479,0.578,-1,Echolocation,192000.0,/mnt/ubna_data_06/recover-20251030/UBNA_027/20251030_031000.WAV,recover-20251030,UBNA_027,E18 Bridge
HF,51840.0,12.039290290573845,123.7575,123.7631,47812.0,71558.0,Pipistrellus pipistrellus,0.224,0.485,-1,Echolocation,192000.0,/mnt/ubna_data_06/recover-20251030/UBNA_027/20251030_031000.WAV,recover-20251030,UBNA_027,E18 Bridge
HF,48960.0,24.988309091699623,123.8255,123.8313,45234.0,72884.0,Pipistrellus pipistrellus,0.397,0.519,-1,Echolocation,192000.0,/mnt/ubna_data_06/recover-20251030/UBNA_027/20251030_031000.WAV,recover-20251030,UBNA_027,E18 Bridge
HF,48000.0,23.866139512255952,123.9025,123.9076,42656.0,80927.0,Myotis alcathoe,0.295,0.424,-1,Echolocation,192000.0,/mnt/ubna_data_06/recover-20251030/UBNA_027/20251030_031000.WAV,recover-20251030,UBNA_027,E18 Bridge
HF,51840.0,21.934070033761618,123.9675,123.9728,43515.0,84512.0,Myotis alcathoe,0.283,0.396,-1,Echolocation,192000.0,/mnt/ubna_data_06/recover-20251030/UBNA_027/20251030_031000.WAV,recover-20251030,UBNA_027,E18 Bridge
HF,51840.0,20.891067644088302,124.0115,124.0164,49531.0,71305.0,Pipistrellus pipistrellus,0.272,0.34,-1,Echolocation,192000.0,/mnt/ubna_data_06/recover-20251030/UBNA_027/20251030_031000.WAV,recover-20251030,UBNA_027,E18 Bridge
HF,55680.0,19.97788220930342,124.0595,124.065,48671.0,77512.0,Pipistrellus pipistrellus,0.382,0.508,-1,Echolocation,192000.0,/mnt/ubna_data_06/recover-20251030/UBNA_027/20251030_031000.WAV,recover-20251030,UBNA_027,E18 Bridge
HF,50880.0,23.730045040926846,124.1125,124.118,48671.0,88836.0,Pipistrellus pipistrellus,0.43,0.502,-1,Echolocation,192000.0,/mnt/ubna_data_06/recover-20251030/UBNA_027/20251030_031000.WAV,recover-20251030,UBNA_027,E18 Bridge
HF,49920.0,23.076773884252276,124.1655,124.1715,45234.0,83386.0,Myotis alcathoe,0.233,0.492,-1,Echolocation,192000.0,/mnt/ubna_data_06/recover-20251030/UBNA_027/20251030_031000.WAV,recover-20251030,UBNA_027,E18 Bridge
HF,52800.0,20.16253114098873,124.2165,124.2222,47812.0,88141.0,Myotis alcathoe,0.279,0.385,-1,Echolocation,192000.0,/mnt/ubna_data_06/recover-20251030/UBNA_027/20251030_031000.WAV,recover-20251030,UBNA_027,E18 Bridge
HF,48960.0,29.406975567291408,124.2855,124.2918,44375.0,89622.0,Pipistrellus pipistrellus,0.345,0.524,-1,Echolocation,192000.0,/mnt/ubna_data_06/recover-20251030/UBNA_027/20251030_031000.WAV,recover-20251030,UBNA_027,E18 Bridge
HF,47040.0,31.39404813409271,124.37049999999999,124.3759,45234.0,75984.0,Pipistrellus pipistrellus,0.512,0.577,-1,Echolocation,192000.0,/mnt/ubna_data_06/recover-20251030/UBNA_027/20251030_031000.WAV,recover-20251030,UBNA_027,E18 Bridge
HF,47040.0,34.55461540080182,124.4495,124.4552,44375.0,82728.0,Pipistrellus pipistrellus,0.483,0.555,-1,Echolocation,192000.0,/mnt/ubna_data_06/recover-20251030/UBNA_027/20251030_031000.WAV,recover-20251030,UBNA_027,E18 Bridge
HF,48960.0,29.613930102902174,124.5215,124.5275,44375.0,89274.0,Myotis alcathoe,0.245,0.494,-1,Echolocation,192000.0,/mnt/ubna_data_06/recover-20251030/UBNA_027/20251030_031000.WAV,recover-20251030,UBNA_027,E18 Bridge
HF,51840.0,33.16502647875177,124.6305,124.6371,43515.0,94212.0,Myotis alcathoe,0.274,0.583,-1,Echolocation,192000.0,/mnt/ubna_data_06/recover-20251030/UBNA_027/20251030_031000.WAV,recover-20251030,UBNA_027,E18 Bridge
HF,48000.0,31.262253118187473,124.7085,124.7142,45234.0,77042.0,Pipistrellus pipistrellus,0.588,0.638,-1,Echolocation,192000.0,/mnt/ubna_data_06/recover-20251030/UBNA_027/20251030_031000.WAV,recover-20251030,UBNA_027,E18 Bridge
HF,48960.0,40.38116399320983,124.7825,124.7885,44375.0,83580.0,Pipistrellus pipistrellus,0.313,0.411,-1,Echolocation,192000.0,/mnt/ubna_data_06/recover-20251030/UBNA_027/20251030_031000.WAV,recover-20251030,UBNA_027,E18 Bridge
HF,47040.0,30.280701921922628,124.8665,124.8719,45234.0,76671.0,Pipistrellus pipistrellus,0.612,0.651,-1,Echolocation,192000.0,/mnt/ubna_data_06/recover-20251030/UBNA_027/20251030_031000.WAV,recover-20251030,UBNA_027,E18 Bridge
HF,51840.0,26.594216570184344,124.9345,124.9398,46093.0,80190.0,Pipistrellus pipistrellus,0.474,0.542,-1,Echolocation,192000.0,/mnt/ubna_data_06/recover-20251030/UBNA_027/20251030_031000.WAV,recover-20251030,UBNA_027,E18 Bridge
HF,48000.0,26.398855768566595,124.9925,124.9985,46093.0,70016.0,Pipistrellus pipistrellus,0.552,0.653,-1,Echolocation,192000.0,/mnt/ubna_data_06/recover-20251030/UBNA_027/20251030_031000.WAV,recover-20251030,UBNA_027,E18 Bridge
HF,47040.0,32.66957497617853,125.0555,125.0614,44375.0,82577.0,Pipistrellus pipistrellus,0.42,0.508,-1,Echolocation,192000.0,/mnt/ubna_data_06/recover-20251030/UBNA_027/20251030_031000.WAV,recover-20251030,UBNA_027,E18 Bridge
HF,47040.0,24.725867002716278,125.1345,125.1398,45234.0,67393.0,Pipistrellus pipistrellus,0.429,0.497,-1,Echolocation,192000.0,/mnt/ubna_data_06/recover-20251030/UBNA_027/20251030_031000.WAV,recover-20251030,UBNA_027,E18 Bridge
HF,47040.0,31.969391077661644,125.2095,125.2151,44375.0,80579.0,Pipistrellus pipistrellus,0.37,0.447,-1,Echolocation,192000.0,/mnt/ubna_data_06/recover-20251030/UBNA_027/20251030_031000.WAV,recover-20251030,UBNA_027,E18 Bridge
HF,57600.0,25.065062939331575,125.3025,125.3085,46953.0,91424.0,Myotis alcathoe,0.207,0.453,-1,Echolocation,192000.0,/mnt/ubna_data_06/recover-20251030/UBNA_027/20251030_031000.WAV,recover-20251030,UBNA_027,E18 Bridge
HF,48960.0,17.129796270104777,125.3585,125.3627,46093.0,70410.0,Pipistrellus pipistrellus,0.422,0.456,-1,Echolocation,192000.0,/mnt/ubna_data_06/recover-20251030/UBNA_027/20251030_031000.WAV,recover-20251030,UBNA_027,E18 Bridge
HF,47040.0,22.012944707986392,125.4305,125.4355,45234.0,63441.0,Pipistrellus pipistrellus,0.605,0.709,-1,Echolocation,192000.0,/mnt/ubna_data_06/recover-20251030/UBNA_027/20251030_031000.WAV,recover-20251030,UBNA_027,E18 Bridge
HF,51840.0,11.514030327218133,125.4925,125.4973,47812.0,62063.0,Pipistrellus pipistrellus,0.305,0.362,-1,Echolocation,192000.0,/mnt/ubna_data_06/recover-20251030/UBNA_027/20251030_031000.WAV,recover-20251030,UBNA_027,E18 Bridge
HF,46080.0,18.50056907997946,125.5755,125.5802,46093.0,65564.0,Pipistrellus pipistrellus,0.651,0.738,-1,Echolocation,192000.0,/mnt/ubna_data_06/recover-20251030/UBNA_027/20251030_031000.WAV,recover-20251030,UBNA_027,E18 Bridge
HF,48960.0,13.264890005247011,125.6525,125.6574,46093.0,63978.0,Pipistrellus pipistrellus,0.531,0.598,-1,Echolocation,192000.0,/mnt/ubna_data_06/recover-20251030/UBNA_027/20251030_031000.WAV,recover-20251030,UBNA_027,E18 Bridge
HF,49920.0,4.440580697352877,125.7865,125.7906,47812.0,59957.0,Pipistrellus pipistrellus,0.317,0.329,-1,Echolocation,192000.0,/mnt/ubna_data_06/recover-20251030/UBNA_027/20251030_031000.WAV,recover-20251030,UBNA_027,E18 Bridge
HF,47040.0,13.299473638844137,125.8415,125.8466,46953.0,62028.0,Pipistrellus pipistrellus,0.633,0.674,-1,Echolocation,192000.0,/mnt/ubna_data_06/recover-20251030/UBNA_027/20251030_031000.WAV,recover-20251030,UBNA_027,E18 Bridge
HF,46080.0,8.00771359880908,125.9035,125.9084,46093.0,60692.0,Pipistrellus pipistrellus,0.512,0.576,-1,Echolocation,192000.0,/mnt/ubna_data_06/recover-20251030/UBNA_027/20251030_031000.WAV,recover-20251030,UBNA_027,E18 Bridge
HF,46080.0,14.978128917880467,125.98949999999999,125.9956,45234.0,68182.0,Pipistrellus pipistrellus,0.518,0.641,-1,Echolocation,192000.0,/mnt/ubna_data_06/recover-20251030/UBNA_027/20251030_031000.WAV,recover-20251030,UBNA_027,E18 Bridge
HF,47040.0,12.781284263572674,126.0705,126.0764,44375.0,62615.0,Pipistrellus pipistrellus,0.505,0.627,-1,Echolocation,192000.0,/mnt/ubna_data_06/recover-20251030/UBNA_027/20251030_031000.WAV,recover-20251030,UBNA_027,E18 Bridge
HF,48000.0,8.015431704996058,126.1425,126.1496,45234.0,59656.0,Pipistrellus pipistrellus,0.348,0.416,-1,Echolocation,192000.0,/mnt/ubna_data_06/recover-20251030/UBNA_027/20251030_031000.WAV,recover-20251030,UBNA_027,E18 Bridge
HF,47040.0,15.46053652999409,126.2215,126.227,45234.0,62483.0,Pipistrellus pipistrellus,0.605,0.687,-1,Echolocation,192000.0,/mnt/ubna_data_06/recover-20251030/UBNA_027/20251030_031000.WAV,recover-20251030,UBNA_027,E18 Bridge
HF,48960.0,9.753720490636779,126.2915,126.2985,47812.0,64963.0,Pipistrellus pipistrellus,0.547,0.639,-1,Echolocation,192000.0,/mnt/ubna_data_06/recover-20251030/UBNA_027/20251030_031000.WAV,recover-20251030,UBNA_027,E18 Bridge
HF,50880.0,8.162184472514042,126.3435,126.3483,48671.0,65892.0,Pipistrellus pipistrellus,0.589,0.649,-1,Echolocation,192000.0,/mnt/ubna_data_06/recover-20251030/UBNA_027/20251030_031000.WAV,recover-20251030,UBNA_027,E18 Bridge
HF,57600.0,7.279898310209726,126.4335,126.4402,50390.0,64918.0,Pipistrellus pipistrellus,0.449,0.533,-1,Echolocation,192000.0,/mnt/ubna_data_06/recover-20251030/UBNA_027/20251030_031000.WAV,recover-20251030,UBNA_027,E18 Bridge
HF,48000.0,17.347231720130804,126.5005,126.5077,46953.0,68350.0,Pipistrellus pipistrellus,0.617,0.693,-1,Echolocation,192000.0,/mnt/ubna_data_06/recover-20251030/UBNA_027/20251030_031000.WAV,recover-20251030,UBNA_027,E18 Bridge
HF,48000.0,16.54509747867943,126.5755,126.583,46953.0,68756.0,Pipistrellus pipistrellus,0.543,0.683,-1,Echolocation,192000.0,/mnt/ubna_data_06/recover-20251030/UBNA_027/20251030_031000.WAV,recover-20251030,UBNA_027,E18 Bridge
HF,51840.0,16.84896829803206,126.6325,126.6391,46953.0,70060.0,Pipistrellus pipistrellus,0.454,0.571,-1,Echolocation,192000.0,/mnt/ubna_data_06/recover-20251030/UBNA_027/20251030_031000.WAV,recover-20251030,UBNA_027,E18 Bridge
HF,50880.0,11.421479077211508,126.6865,126.6933,46953.0,68569.0,Pipistrellus pipistrellus,0.436,0.57,-1,Echolocation,192000.0,/mnt/ubna_data_06/recover-20251030/UBNA_027/20251030_031000.WAV,recover-20251030,UBNA_027,E18 Bridge
HF,47040.0,18.355479014177142,126.7625,126.771,45234.0,67753.0,Pipistrellus pipistrellus,0.547,0.681,-1,Echolocation,192000.0,/mnt/ubna_data_06/recover-20251030/UBNA_027/20251030_031000.WAV,recover-20251030,UBNA_027,E18 Bridge
HF,47040.0,13.031410703386193,126.8425,126.8504,46093.0,55867.0,Pipistrellus pipistrellus,0.489,0.517,-1,Echolocation,192000.0,/mnt/ubna_data_06/recover-20251030/UBNA_027/20251030_031000.WAV,recover-20251030,UBNA_027,E18 Bridge
HF,48000.0,12.540551501890375,126.9135,126.9226,46953.0,58336.0,Pipistrellus pipistrellus,0.431,0.455,-1,Echolocation,192000.0,/mnt/ubna_data_06/recover-20251030/UBNA_027/20251030_031000.WAV,recover-20251030,UBNA_027,E18 Bridge
HF,48960.0,6.365941519042807,126.9845,126.993,47812.0,57301.0,Pipistrellus pipistrellus,0.508,0.552,-1,Echolocation,192000.0,/mnt/ubna_data_06/recover-20251030/UBNA_027/20251030_031000.WAV,recover-20251030,UBNA_027,E18 Bridge
HF,47040.0,8.612794843346803,127.0505,127.059,46093.0,58819.0,Pipistrellus pipistrellus,0.388,0.435,-1,Echolocation,192000.0,/mnt/ubna_data_06/recover-20251030/UBNA_027/20251030_031000.WAV,recover-20251030,UBNA_027,E18 Bridge
HF,47040.0,6.581750392770948,127.1125,127.1231,46953.0,58064.0,Pipistrellus pipistrellus,0.485,0.538,-1,Echolocation,192000.0,/mnt/ubna_data_06/recover-20251030/UBNA_027/20251030_031000.WAV,recover-20251030,UBNA_027,E18 Bridge
HF,48960.0,8.155620741018483,127.3335,127.3437,47812.0,60300.0,Pipistrellus pipistrellus,0.379,0.416,-1,Echolocation,192000.0,/mnt/ubna_data_06/recover-20251030/UBNA_027/20251030_031000.WAV,recover-20251030,UBNA_027,E18 Bridge
HF,48000.0,7.412943778284619,127.4715,127.4822,46953.0,56945.0,Pipistrellus pipistrellus,0.307,0.343,-1,Echolocation,192000.0,/mnt/ubna_data_06/recover-20251030/UBNA_027/20251030_031000.WAV,recover-20251030,UBNA_027,E18 Bridge
HF,48960.0,6.529747784508101,128.0685,128.0793,46953.0,61731.0,Pipistrellus pipistrellus,0.366,0.412,-1,Echolocation,192000.0,/mnt/ubna_data_06/recover-20251030/UBNA_027/20251030_031000.WAV,recover-20251030,UBNA_027,E18 Bridge
HF,48000.0,12.00824699337851,128.20850000000002,128.218,46953.0,66346.0,Pipistrellus pipistrellus,0.454,0.562,-1,Echolocation,192000.0,/mnt/ubna_data_06/recover-20251030/UBNA_027/20251030_031000.WAV,recover-20251030,UBNA_027,E18 Bridge
HF,48000.0,9.568406671586484,128.2895,128.2993,46953.0,62673.0,Pipistrellus pipistrellus,0.314,0.394,-1,Echolocation,192000.0,/mnt/ubna_data_06/recover-20251030/UBNA_027/20251030_031000.WAV,recover-20251030,UBNA_027,E18 Bridge
HF,48960.0,14.860995347654331,128.3745,128.385,46953.0,62933.0,Pipistrellus pipistrellus,0.494,0.6,-1,Echolocation,192000.0,/mnt/ubna_data_06/recover-20251030/UBNA_027/20251030_031000.WAV,recover-20251030,UBNA_027,E18 Bridge
HF,47040.0,10.387146281102225,128.4375,128.44650000000001,46953.0,61495.0,Pipistrellus pipistrellus,0.44,0.52,-1,Echolocation,192000.0,/mnt/ubna_data_06/recover-20251030/UBNA_027/20251030_031000.WAV,recover-20251030,UBNA_027,E18 Bridge
HF,48960.0,14.375051660268872,128.5485,128.5552,47812.0,65162.0,Pipistrellus pipistrellus,0.588,0.626,-1,Echolocation,192000.0,/mnt/ubna_data_06/recover-20251030/UBNA_027/20251030_031000.WAV,recover-20251030,UBNA_027,E18 Bridge
HF,48000.0,16.203667711225126,128.6155,128.6247,46953.0,68619.0,Pipistrellus pipistrellus,0.535,0.683,-1,Echolocation,192000.0,/mnt/ubna_data_06/recover-20251030/UBNA_027/20251030_031000.WAV,recover-20251030,UBNA_027,E18 Bridge
HF,47040.0,16.647965282504483,128.6945,128.7031,46093.0,64541.0,Pipistrellus pipistrellus,0.567,0.633,-1,Echolocation,192000.0,/mnt/ubna_data_06/recover-20251030/UBNA_027/20251030_031000.WAV,recover-20251030,UBNA_027,E18 Bridge
HF,48000.0,13.559153802205316,128.7635,128.7739,46953.0,62830.0,Pipistrellus pipistrellus,0.447,0.504,-1,Echolocation,192000.0,/mnt/ubna_data_06/recover-20251030/UBNA_027/20251030_031000.WAV,recover-20251030,UBNA_027,E18 Bridge
HF,47040.0,16.883560070940135,128.8245,128.8342,46093.0,63279.0,Pipistrellus pipistrellus,0.491,0.533,-1,Echolocation,192000.0,/mnt/ubna_data_06/recover-20251030/UBNA_027/20251030_031000.WAV,recover-20251030,UBNA_027,E18 Bridge
HF,46080.0,23.018777575712164,128.8955,128.9039,45234.0,65883.0,Pipistrellus pipistrellus,0.525,0.644,-1,Echolocation,192000.0,/mnt/ubna_data_06/recover-20251030/UBNA_027/20251030_031000.WAV,recover-20251030,UBNA_027,E18 Bridge
HF,48000.0,18.707013406594978,128.9865,128.9941,46093.0,63112.0,Pipistrellus pipistrellus,0.589,0.644,-1,Echolocation,192000.0,/mnt/ubna_data_06/recover-20251030/UBNA_027/20251030_031000.WAV,recover-20251030,UBNA_027,E18 Bridge
HF,46080.0,24.22432834261992,129.0735,129.0825,45234.0,67974.0,Pipistrellus pipistrellus,0.532,0.657,-1,Echolocation,192000.0,/mnt/ubna_data_06/recover-20251030/UBNA_027/20251030_031000.WAV,recover-20251030,UBNA_027,E18 Bridge
HF,46080.0,26.51823287084488,129.16649999999998,129.1725,44375.0,69460.0,Pipistrellus pipistrellus,0.637,0.681,-1,Echolocation,192000.0,/mnt/ubna_data_06/recover-20251030/UBNA_027/20251030_031000.WAV,recover-20251030,UBNA_027,E18 Bridge
HF,48960.0,17.56293948139336,129.2265,129.2335,46953.0,68157.0,Pipistrellus pipistrellus,0.505,0.585,-1,Echolocation,192000.0,/mnt/ubna_data_06/recover-20251030/UBNA_027/20251030_031000.WAV,recover-20251030,UBNA_027,E18 Bridge
HF,48960.0,16.403805288016045,129.2875,129.2936,45234.0,68355.0,Pipistrellus pipistrellus,0.38,0.585,-1,Echolocation,192000.0,/mnt/ubna_data_06/recover-20251030/UBNA_027/20251030_031000.WAV,recover-20251030,UBNA_027,E18 Bridge
HF,52800.0,11.985089190806642,129.3375,129.3427,49531.0,62838.0,Pipistrellus pipistrellus,0.371,0.436,-1,Echolocation,192000.0,/mnt/ubna_data_06/recover-20251030/UBNA_027/20251030_031000.WAV,recover-20251030,UBNA_027,E18 Bridge
HF,52800.0,9.447848266806712,129.3795,129.3845,50390.0,61341.0,Pipistrellus pipistrellus,0.471,0.48,-1,Echolocation,192000.0,/mnt/ubna_data_06/recover-20251030/UBNA_027/20251030_031000.WAV,recover-20251030,UBNA_027,E18 Bridge
HF,55680.0,4.178674052396233,129.4105,129.415,52109.0,64235.0,Pipistrellus pipistrellus,0.323,0.348,-1,Echolocation,192000.0,/mnt/ubna_data_06/recover-20251030/UBNA_027/20251030_031000.WAV,recover-20251030,UBNA_027,E18 Bridge
HF,51840.0,5.355563676698223,129.4375,129.4426,46953.0,61068.0,Pipistrellus pipistrellus,0.45,0.465,-1,Echolocation,192000.0,/mnt/ubna_data_06/recover-20251030/UBNA_027/20251030_031000.WAV,recover-20251030,UBNA_027,E18 Bridge
HF,48960.0,25.481537468732135,129.6635,129.6692,45234.0,73693.0,Pipistrellus pipistrellus,0.62,0.681,-1,Echolocation,192000.0,/mnt/ubna_data_06/recover-20251030/UBNA_027/20251030_031000.WAV,recover-20251030,UBNA_027,E18 Bridge
HF,48000.0,31.126464043938107,129.7205,129.7265,43515.0,74860.0,Pipistrellus pipistrellus,0.564,0.588,-1,Echolocation,192000.0,/mnt/ubna_data_06/recover-20251030/UBNA_027/20251030_031000.WAV,recover-20251030,UBNA_027,E18 Bridge
HF,48960.0,26.496849278160035,129.7935,129.7997,45234.0,74676.0,Pipistrellus pipistrellus,0.557,0.613,-1,Echolocation,192000.0,/mnt/ubna_data_06/recover-20251030/UBNA_027/20251030_031000.WAV,recover-20251030,UBNA_027,E18 Bridge
HF,49920.0,14.051650910275292,129.8505,129.8553,45234.0,61310.0,Pipistrellus pipistrellus,0.491,0.543,-1,Echolocation,192000.0,/mnt/ubna_data_06/recover-20251030/UBNA_027/20251030_031000.WAV,recover-20251030,UBNA_027,E18 Bridge
HF,52800.0,9.184516416189872,129.9015,129.9063,48671.0,62707.0,Pipistrellus pipistrellus,0.41,0.423,-1,Echolocation,192000.0,/mnt/ubna_data_06/recover-20251030/UBNA_027/20251030_031000.WAV,recover-20251030,UBNA_027,E18 Bridge
HF,51840.0,7.986103755512753,129.9475,129.9522,48671.0,62464.0,Pipistrellus pipistrellus,0.536,0.565,-1,Echolocation,192000.0,/mnt/ubna_data_06/recover-20251030/UBNA_027/20251030_031000.WAV,recover-20251030,UBNA_027,E18 Bridge
HF,52800.0,6.854012501916889,129.9915,129.9961,46953.0,63313.0,Pipistrellus pipistrellus,0.444,0.476,-1,Echolocation,192000.0,/mnt/ubna_data_06/recover-20251030/UBNA_027/20251030_031000.WAV,recover-20251030,UBNA_027,E18 Bridge
HF,48000.0,7.64631150462856,130.4365,130.4474,46093.0,64780.0,Pipistrellus pipistrellus,0.3,0.364,-1,Echolocation,192000.0,/mnt/ubna_data_06/recover-20251030/UBNA_027/20251030_031000.WAV,recover-20251030,UBNA_027,E18 Bridge
HF,49920.0,11.297332032767997,130.5265,130.5348,46093.0,60273.0,Pipistrellus pipistrellus,0.356,0.489,-1,Echolocation,192000.0,/mnt/ubna_data_06/recover-20251030/UBNA_027/20251030_031000.WAV,recover-20251030,UBNA_027,E18 Bridge
HF,48960.0,7.958599968573839,130.6025,130.6106,45234.0,62203.0,Pipistrellus pipistrellus,0.246,0.382,-1,Echolocation,192000.0,/mnt/ubna_data_06/recover-20251030/UBNA_027/20251030_031000.WAV,recover-20251030,UBNA_027,E18 Bridge
HF,53760.0,11.007269627189569,130.8395,130.84629999999999,48671.0,66930.0,Pipistrellus pipistrellus,0.312,0.491,-1,Echolocation,192000.0,/mnt/ubna_data_06/recover-20251030/UBNA_027/20251030_031000.WAV,recover-20251030,UBNA_027,E18 Bridge
HF,51840.0,8.986165183723898,130.9145,130.9221,48671.0,67934.0,Pipistrellus pipistrellus,0.256,0.382,-1,Echolocation,192000.0,/mnt/ubna_data_06/recover-20251030/UBNA_027/20251030_031000.WAV,recover-20251030,UBNA_027,E18 Bridge
HF,51840.0,18.357504249286734,130.9885,130.9954,47812.0,68128.0,Pipistrellus pipistrellus,0.301,0.406,-1,Echolocation,192000.0,/mnt/ubna_data_06/recover-20251030/UBNA_027/20251030_031000.WAV,recover-20251030,UBNA_027,E18 Bridge
HF,54720.0,17.099995432989164,131.0615,131.0686,46953.0,67233.0,Pipistrellus pipistrellus,0.323,0.468,-1,Echolocation,192000.0,/mnt/ubna_data_06/recover-20251030/UBNA_027/20251030_031000.WAV,recover-20251030,UBNA_027,E18 Bridge
HF,52800.0,17.246823393410153,131.1375,131.1426,46953.0,68606.0,Pipistrellus pipistrellus,0.322,0.46,-1,Echolocation,192000.0,/mnt/ubna_data_06/recover-20251030/UBNA_027/20251030_031000.WAV,recover-20251030,UBNA_027,E18 Bridge
HF,53760.0,20.95676832646207,131.2135,131.2209,46093.0,69107.0,Pipistrellus pipistrellus,0.289,0.471,-1,Echolocation,192000.0,/mnt/ubna_data_06/recover-20251030/UBNA_027/20251030_031000.WAV,recover-20251030,UBNA_027,E18 Bridge
HF,51840.0,24.708810572498447,131.2885,131.2951,46953.0,71174.0,Pipistrellus pipistrellus,0.391,0.496,-1,Echolocation,192000.0,/mnt/ubna_data_06/recover-20251030/UBNA_027/20251030_031000.WAV,recover-20251030,UBNA_027,E18 Bridge
HF,48000.0,18.43569379836626,131.3695,131.3774,46953.0,68901.0,Pipistrellus pipistrellus,0.402,0.501,-1,Echolocation,192000.0,/mnt/ubna_data_06/recover-20251030/UBNA_027/20251030_031000.WAV,recover-20251030,UBNA_027,E18 Bridge
HF,48960.0,24.956227181566476,131.44650000000001,131.4523,45234.0,67442.0,Pipistrellus pipistrellus,0.355,0.567,-1,Echolocation,192000.0,/mnt/ubna_data_06/recover-20251030/UBNA_027/20251030_031000.WAV,recover-20251030,UBNA_027,E18 Bridge
HF,48960.0,14.590088760802495,131.5575,131.5644,44375.0,63779.0,Pipistrellus pipistrellus,0.344,0.565,-1,Echolocation,192000.0,/mnt/ubna_data_06/recover-20251030/UBNA_027/20251030_031000.WAV,recover-20251030,UBNA_027,E18 Bridge
HF,48960.0,21.18601433833058,131.6295,131.6358,44375.0,68218.0,Pipistrellus pipistrellus,0.385,0.562,-1,Echolocation,192000.0,/mnt/ubna_data_06/recover-20251030/UBNA_027/20251030_031000.WAV,recover-20251030,UBNA_027,E18 Bridge
HF,49920.0,18.180569708060382,131.7015,131.7066,46953.0,61065.0,Pipistrellus pipistrellus,0.536,0.585,-1,Echolocation,192000.0,/mnt/ubna_data_06/recover-20251030/UBNA_027/20251030_031000.WAV,recover-20251030,UBNA_027,E18 Bridge
HF,48000.0,19.87674374890829,131.7845,131.7896,45234.0,64522.0,Pipistrellus pipistrellus,0.498,0.623,-1,Echolocation,192000.0,/mnt/ubna_data_06/recover-20251030/UBNA_027/20251030_031000.WAV,recover-20251030,UBNA_027,E18 Bridge
HF,48000.0,20.105907587479876,131.8665,131.8733,46093.0,65775.0,Pipistrellus pipistrellus,0.445,0.544,-1,Echolocation,192000.0,/mnt/ubna_data_06/recover-20251030/UBNA_027/20251030_031000.WAV,recover-20251030,UBNA_027,E18 Bridge
HF,53760.0,16.307747823595893,131.9485,131.9575,46093.0,67336.0,Pipistrellus pipistrellus,0.195,0.328,-1,Echolocation,192000.0,/mnt/ubna_data_06/recover-20251030/UBNA_027/20251030_031000.WAV,recover-20251030,UBNA_027,E18 Bridge
HF,48000.0,29.284294034107038,132.0325,132.0374,45234.0,67353.0,Pipistrellus pipistrellus,0.622,0.721,-1,Echolocation,192000.0,/mnt/ubna_data_06/recover-20251030/UBNA_027/20251030_031000.WAV,recover-20251030,UBNA_027,E18 Bridge
HF,47040.0,37.79750016648726,132.1185,132.1233,42656.0,68010.0,Pipistrellus pipistrellus,0.368,0.447,-1,Echolocation,192000.0,/mnt/ubna_data_06/recover-20251030/UBNA_027/20251030_031000.WAV,recover-20251030,UBNA_027,E18 Bridge
HF,47040.0,26.757836368463884,132.2045,132.2096,42656.0,72506.0,Pipistrellus pipistrellus,0.231,0.441,-1,Echolocation,192000.0,/mnt/ubna_data_06/recover-20251030/UBNA_027/20251030_031000.WAV,recover-20251030,UBNA_027,E18 Bridge
HF,46080.0,37.82124248011332,132.2905,132.2954,42656.0,73304.0,Pipistrellus pipistrellus,0.301,0.377,-1,Echolocation,192000.0,/mnt/ubna_data_06/recover-20251030/UBNA_027/20251030_031000.WAV,recover-20251030,UBNA_027,E18 Bridge
HF,48960.0,23.921741521463005,132.3745,132.38,46093.0,66316.0,Pipistrellus pipistrellus,0.384,0.48,-1,Echolocation,192000.0,/mnt/ubna_data_06/recover-20251030/UBNA_027/20251030_031000.WAV,recover-20251030,UBNA_027,E18 Bridge
HF,48000.0,32.90001782965995,132.4535,132.4583,44375.0,67493.0,Pipistrellus pipistrellus,0.485,0.627,-1,Echolocation,192000.0,/mnt/ubna_data_06/recover-20251030/UBNA_027/20251030_031000.WAV,recover-20251030,UBNA_027,E18 Bridge
HF,51840.0,28.255442378096788,132.5315,132.5367,46093.0,73805.0,Pipistrellus pipistrellus,0.355,0.459,-1,Echolocation,192000.0,/mnt/ubna_data_06/recover-20251030/UBNA_027/20251030_031000.WAV,recover-20251030,UBNA_027,E18 Bridge
HF,48000.0,27.962996715662314,132.6105,132.6164,46953.0,70651.0,Pipistrellus pipistrellus,0.461,0.508,-1,Echolocation,192000.0,/mnt/ubna_data_06/recover-20251030/UBNA_027/20251030_031000.WAV,recover-20251030,UBNA_027,E18 Bridge
HF,52800.0,23.453067123786905,132.6895,132.6945,41796.0,84219.0,Myotis alcathoe,0.234,0.477,-1,Echolocation,192000.0,/mnt/ubna_data_06/recover-20251030/UBNA_027/20251030_031000.WAV,recover-20251030,UBNA_027,E18 Bridge
HF,52800.0,28.888608615256246,132.7995,132.805,42656.0,90240.0,Myotis alcathoe,0.332,0.476,-1,Echolocation,192000.0,/mnt/ubna_data_06/recover-20251030/UBNA_027/20251030_031000.WAV,recover-20251030,UBNA_027,E18 Bridge
HF,51840.0,24.22505488938068,132.8755,132.8803,42656.0,84902.0,Myotis alcathoe,0.27,0.475,-1,Echolocation,192000.0,/mnt/ubna_data_06/recover-20251030/UBNA_027/20251030_031000.WAV,recover-20251030,UBNA_027,E18 Bridge
HF,52800.0,28.239971735982156,132.9525,132.957,46953.0,80301.0,Pipistrellus pipistrellus,0.264,0.373,-1,Echolocation,192000.0,/mnt/ubna_data_06/recover-20251030/UBNA_027/20251030_031000.WAV,recover-20251030,UBNA_027,E18 Bridge
HF,52800.0,25.67883122101375,133.0225,133.0277,44375.0,86425.0,Myotis alcathoe,0.309,0.415,-1,Echolocation,192000.0,/mnt/ubna_data_06/recover-20251030/UBNA_027/20251030_031000.WAV,recover-20251030,UBNA_027,E18 Bridge
HF,51840.0,21.628487115956986,133.0705,133.0751,45234.0,82333.0,Myotis alcathoe,0.228,0.381,-1,Echolocation,192000.0,/mnt/ubna_data_06/recover-20251030/UBNA_027/20251030_031000.WAV,recover-20251030,UBNA_027,E18 Bridge
HF,51840.0,17.215084072323226,133.1095,133.1142,45234.0,77585.0,Myotis alcathoe,0.231,0.35,-1,Echolocation,192000.0,/mnt/ubna_data_06/recover-20251030/UBNA_027/20251030_031000.WAV,recover-20251030,UBNA_027,E18 Bridge
HF,51840.0,11.900688859334952,133.1415,133.1468,42656.0,79321.0,Myotis alcathoe,0.148,0.383,-1,Echolocation,192000.0,/mnt/ubna_data_06/recover-20251030/UBNA_027/20251030_031000.WAV,recover-20251030,UBNA_027,E18 Bridge
HF,57600.0,13.319648202746885,133.4455,133.449,52109.0,71413.0,Pipistrellus pipistrellus,0.313,0.404,-1,Echolocation,192000.0,/mnt/ubna_data_06/recover-20251030/UBNA_027/20251030_031000.WAV,recover-20251030,UBNA_027,E18 Bridge
HF,51840.0,20.633538963580982,133.5315,133.5373,50390.0,70201.0,Pipistrellus pipistrellus,0.29,0.318,-1,Echolocation,192000.0,/mnt/ubna_data_06/recover-20251030/UBNA_027/20251030_031000.WAV,recover-20251030,UBNA_027,E18 Bridge
HF,50880.0,22.92831694292741,133.6135,133.6182,48671.0,73958.0,Pipistrellus pipistrellus,0.605,0.673,-1,Echolocation,192000.0,/mnt/ubna_data_06/recover-20251030/UBNA_027/20251030_031000.WAV,recover-20251030,UBNA_027,E18 Bridge
HF,49920.0,28.435110417550504,133.6875,133.6935,45234.0,85388.0,Myotis alcathoe,0.216,0.417,-1,Echolocation,192000.0,/mnt/ubna_data_06/recover-20251030/UBNA_027/20251030_031000.WAV,recover-20251030,UBNA_027,E18 Bridge
HF,52800.0,24.539770337500478,133.7595,133.7647,46093.0,84232.0,Myotis alcathoe,0.192,0.402,-1,Echolocation,192000.0,/mnt/ubna_data_06/recover-20251030/UBNA_027/20251030_031000.WAV,recover-20251030,UBNA_027,E18 Bridge
HF,54720.0,24.34317644451324,133.8315,133.8366,48671.0,77240.0,Pipistrellus pipistrellus,0.492,0.569,-1,Echolocation,192000.0,/mnt/ubna_data_06/recover-20251030/UBNA_027/20251030_031000.WAV,recover-20251030,UBNA_027,E18 Bridge
HF,52800.0,23.89989406238387,133.9045,133.9104,46953.0,82568.0,Pipistrellus pipistrellus,0.221,0.415,-1,Echolocation,192000.0,/mnt/ubna_data_06/recover-20251030/UBNA_027/20251030_031000.WAV,recover-20251030,UBNA_027,E18 Bridge
HF,53760.0,22.0140283485153,133.9845,133.9892,48671.0,68422.0,Pipistrellus pipistrellus,0.502,0.577,-1,Echolocation,192000.0,/mnt/ubna_data_06/recover-20251030/UBNA_027/20251030_031000.WAV,recover-20251030,UBNA_027,E18 Bridge
HF,52800.0,22.2493815719862,134.0645,134.0695,50390.0,71005.0,Pipistrellus pipistrellus,0.496,0.576,-1,Echolocation,192000.0,/mnt/ubna_data_06/recover-20251030/UBNA_027/20251030_031000.WAV,recover-20251030,UBNA_027,E18 Bridge
HF,52800.0,15.720641333715166,134.1455,134.1543,50390.0,68480.0,Pipistrellus pipistrellus,0.403,0.479,-1,Echolocation,192000.0,/mnt/ubna_data_06/recover-20251030/UBNA_027/20251030_031000.WAV,recover-20251030,UBNA_027,E18 Bridge
HF,53760.0,13.326835572977362,134.2115,134.2179,51250.0,66328.0,Pipistrellus pipistrellus,0.183,0.311,-1,Echolocation,192000.0,/mnt/ubna_data_06/recover-20251030/UBNA_027/20251030_031000.WAV,recover-20251030,UBNA_027,E18 Bridge
HF,57600.0,9.384213462096987,134.2785,134.2842,52109.0,63493.0,Pipistrellus pipistrellus,0.348,0.414,-1,Echolocation,192000.0,/mnt/ubna_data_06/recover-20251030/UBNA_027/20251030_031000.WAV,recover-20251030,UBNA_027,E18 Bridge
HF,54720.0,19.55164375724571,134.3555,134.3613,51250.0,70754.0,Pipistrellus pipistrellus,0.432,0.504,-1,Echolocation,192000.0,/mnt/ubna_data_06/recover-20251030/UBNA_027/20251030_031000.WAV,recover-20251030,UBNA_027,E18 Bridge
HF,52800.0,26.766659796257702,134.42849999999999,134.4347,46953.0,74053.0,Pipistrellus pipistrellus,0.301,0.411,-1,Echolocation,192000.0,/mnt/ubna_data_06/recover-20251030/UBNA_027/20251030_031000.WAV,recover-20251030,UBNA_027,E18 Bridge
HF,52800.0,27.857182326340958,134.4295,134.4372,52109.0,68101.0,Pipistrellus pipistrellus,0.322,0.38,-1,Echolocation,192000.0,/mnt/ubna_data_06/recover-20251030/UBNA_027/20251030_031000.WAV,recover-20251030,UBNA_027,E18 Bridge
HF,52800.0,20.683332815501416,134.4765,134.4827,48671.0,76389.0,Pipistrellus pipistrellus,0.192,0.392,-1,Echolocation,192000.0,/mnt/ubna_data_06/recover-20251030/UBNA_027/20251030_031000.WAV,recover-20251030,UBNA_027,E18 Bridge
HF,55680.0,21.33505398824048,134.5165,134.5224,46953.0,75976.0,Pipistrellus pipistrellus,0.463,0.613,-1,Echolocation,192000.0,/mnt/ubna_data_06/recover-20251030/UBNA_027/20251030_031000.WAV,recover-20251030,UBNA_027,E18 Bridge
HF,52800.0,25.183649741530935,134.5965,134.6022,46953.0,77475.0,Pipistrellus pipistrellus,0.272,0.48,-1,Echolocation,192000.0,/mnt/ubna_data_06/recover-20251030/UBNA_027/20251030_031000.WAV,recover-20251030,UBNA_027,E18 Bridge
HF,55680.0,24.702585856912165,134.6555,134.6619,52968.0,77660.0,Pipistrellus pipistrellus,0.295,0.353,-1,Echolocation,192000.0,/mnt/ubna_data_06/recover-20251030/UBNA_027/20251030_031000.WAV,recover-20251030,UBNA_027,E18 Bridge
HF,54720.0,27.35128432427156,134.9185,134.9241,44375.0,92832.0,Myotis alcathoe,0.278,0.442,-1,Echolocation,192000.0,/mnt/ubna_data_06/recover-20251030/UBNA_027/20251030_031000.WAV,recover-20251030,UBNA_027,E18 Bridge
HF,54720.0,29.0637005562056,134.9935,134.9993,43515.0,88046.0,Myotis alcathoe,0.265,0.465,-1,Echolocation,192000.0,/mnt/ubna_data_06/recover-20251030/UBNA_027/20251030_031000.WAV,recover-20251030,UBNA_027,E18 Bridge
HF,54720.0,29.899981778728186,135.0705,135.0762,43515.0,76297.0,Myotis alcathoe,0.229,0.528,-1,Echolocation,192000.0,/mnt/ubna_data_06/recover-20251030/UBNA_027/20251030_031000.WAV,recover-20251030,UBNA_027,E18 Bridge
HF,48960.0,41.058675448003555,135.1535,135.1598,42656.0,95476.0,Myotis alcathoe,0.253,0.418,-1,Echolocation,192000.0,/mnt/ubna_data_06/recover-20251030/UBNA_027/20251030_031000.WAV,recover-20251030,UBNA_027,E18 Bridge
HF,48960.0,26.856966950982077,135.2385,135.2453,46093.0,68906.0,Pipistrellus pipistrellus,0.335,0.396,-1,Echolocation,192000.0,/mnt/ubna_data_06/recover-20251030/UBNA_027/20251030_031000.WAV,recover-20251030,UBNA_027,E18 Bridge
HF,51840.0,35.63287285970281,135.3225,135.3284,44375.0,73588.0,Pipistrellus pipistrellus,0.417,0.52,-1,Echolocation,192000.0,/mnt/ubna_data_06/recover-20251030/UBNA_027/20251030_031000.WAV,recover-20251030,UBNA_027,E18 Bridge
HF,47040.0,21.481104754293312,135.4125,135.4186,45234.0,73338.0,Pipistrellus pipistrellus,0.389,0.501,-1,Echolocation,192000.0,/mnt/ubna_data_06/recover-20251030/UBNA_027/20251030_031000.WAV,recover-20251030,UBNA_027,E18 Bridge
HF,47040.0,31.45459525946569,135.5025,135.5078,44375.0,68720.0,Pipistrellus pipistrellus,0.339,0.406,-1,Echolocation,192000.0,/mnt/ubna_data_06/recover-20251030/UBNA_027/20251030_031000.WAV,recover-20251030,UBNA_027,E18 Bridge
HF,46080.0,14.787352322815476,135.5915,135.5975,46093.0,63692.0,Pipistrellus pipistrellus,0.473,0.655,-1,Echolocation,192000.0,/mnt/ubna_data_06/recover-20251030/UBNA_027/20251030_031000.WAV,recover-20251030,UBNA_027,E18 Bridge
HF,47040.0,25.56668417296127,135.6795,135.685,45234.0,69722.0,Pipistrellus pipistrellus,0.486,0.624,-1,Echolocation,192000.0,/mnt/ubna_data_06/recover-20251030/UBNA_027/20251030_031000.WAV,recover-20251030,UBNA_027,E18 Bridge
HF,46080.0,16.140709074117552,135.7675,135.7751,44375.0,64518.0,Pipistrellus pipistrellus,0.235,0.449,-1,Echolocation,192000.0,/mnt/ubna_data_06/recover-20251030/UBNA_027/20251030_031000.WAV,recover-20251030,UBNA_027,E18 Bridge
HF,51840.0,10.22775056561352,135.8545,135.8604,46953.0,65331.0,Pipistrellus pipistrellus,0.369,0.499,-1,Echolocation,192000.0,/mnt/ubna_data_06/recover-20251030/UBNA_027/20251030_031000.WAV,recover-20251030,UBNA_027,E18 Bridge
HF,45120.0,19.74248374500631,135.9485,135.9537,44375.0,68833.0,Pipistrellus pipistrellus,0.503,0.646,-1,Echolocation,192000.0,/mnt/ubna_data_06/recover-20251030/UBNA_027/20251030_031000.WAV,recover-20251030,UBNA_027,E18 Bridge
HF,47040.0,10.40762075535524,136.0395,136.0454,46093.0,55893.0,Pipistrellus pipistrellus,0.545,0.574,-1,Echolocation,192000.0,/mnt/ubna_data_06/recover-20251030/UBNA_027/20251030_031000.WAV,recover-20251030,UBNA_027,E18 Bridge
HF,46080.0,15.295019623123832,136.1805,136.1884,44375.0,63243.0,Pipistrellus pipistrellus,0.434,0.606,-1,Echolocation,192000.0,/mnt/ubna_data_06/recover-20251030/UBNA_027/20251030_031000.WAV,recover-20251030,UBNA_027,E18 Bridge
HF,48960.0,21.17228717939689,136.2725,136.2776,45234.0,63012.0,Pipistrellus pipistrellus,0.58,0.677,-1,Echolocation,192000.0,/mnt/ubna_data_06/recover-20251030/UBNA_027/20251030_031000.WAV,recover-20251030,UBNA_027,E18 Bridge
HF,46080.0,18.676790274182608,136.3605,136.3679,45234.0,62209.0,Pipistrellus pipistrellus,0.543,0.672,-1,Echolocation,192000.0,/mnt/ubna_data_06/recover-20251030/UBNA_027/20251030_031000.WAV,recover-20251030,UBNA_027,E18 Bridge
HF,48000.0,18.411040500432378,136.4495,136.4557,46953.0,65699.0,Pipistrellus pipistrellus,0.627,0.758,-1,Echolocation,192000.0,/mnt/ubna_data_06/recover-20251030/UBNA_027/20251030_031000.WAV,recover-20251030,UBNA_027,E18 Bridge
HF,47040.0,16.816443459583837,136.5365,136.544,46093.0,59428.0,Pipistrellus pipistrellus,0.484,0.568,-1,Echolocation,192000.0,/mnt/ubna_data_06/recover-20251030/UBNA_027/20251030_031000.WAV,recover-20251030,UBNA_027,E18 Bridge
HF,46080.0,23.217627209825654,136.6245,136.6299,44375.0,63773.0,Pipistrellus pipistrellus,0.63,0.656,-1,Echolocation,192000.0,/mnt/ubna_data_06/recover-20251030/UBNA_027/20251030_031000.WAV,recover-20251030,UBNA_027,E18 Bridge
HF,46080.0,25.91077853888377,136.7125,136.7185,45234.0,64647.0,Pipistrellus pipistrellus,0.574,0.657,-1,Echolocation,192000.0,/mnt/ubna_data_06/recover-20251030/UBNA_027/20251030_031000.WAV,recover-20251030,UBNA_027,E18 Bridge
HF,48000.0,22.832595416911985,136.8005,136.806,45234.0,66385.0,Pipistrellus pipistrellus,0.602,0.671,-1,Echolocation,192000.0,/mnt/ubna_data_06/recover-20251030/UBNA_027/20251030_031000.WAV,recover-20251030,UBNA_027,E18 Bridge
HF,47040.0,25.011064579026648,136.8885,136.8937,45234.0,64932.0,Pipistrellus pipistrellus,0.605,0.673,-1,Echolocation,192000.0,/mnt/ubna_data_06/recover-20251030/UBNA_027/20251030_031000.WAV,recover-20251030,UBNA_027,E18 Bridge
HF,47040.0,24.443472823356668,136.9765,136.9827,46093.0,64882.0,Pipistrellus pipistrellus,0.415,0.537,-1,Echolocation,192000.0,/mnt/ubna_data_06/recover-20251030/UBNA_027/20251030_031000.WAV,recover-20251030,UBNA_027,E18 Bridge
HF,48960.0,28.470651200513572,137.1145,137.1204,43515.0,70652.0,Pipistrellus pipistrellus,0.493,0.562,-1,Echolocation,192000.0,/mnt/ubna_data_06/recover-20251030/UBNA_027/20251030_031000.WAV,recover-20251030,UBNA_027,E18 Bridge
HF,46080.0,22.830869218960366,137.2075,137.2133,44375.0,64295.0,Pipistrellus pipistrellus,0.56,0.632,-1,Echolocation,192000.0,/mnt/ubna_data_06/recover-20251030/UBNA_027/20251030_031000.WAV,recover-20251030,UBNA_027,E18 Bridge
HF,46080.0,26.635621987619356,137.2945,137.3,41796.0,68206.0,Pipistrellus pipistrellus,0.57,0.681,-1,Echolocation,192000.0,/mnt/ubna_data_06/recover-20251030/UBNA_027/20251030_031000.WAV,recover-20251030,UBNA_027,E18 Bridge
HF,46080.0,20.482736332174927,137.3835,137.389,45234.0,64085.0,Pipistrellus pipistrellus,0.507,0.57,-1,Echolocation,192000.0,/mnt/ubna_data_06/recover-20251030/UBNA_027/20251030_031000.WAV,recover-20251030,UBNA_027,E18 Bridge
HF,46080.0,32.55005021081291,137.4745,137.4806,44375.0,67716.0,Pipistrellus pipistrellus,0.559,0.627,-1,Echolocation,192000.0,/mnt/ubna_data_06/recover-20251030/UBNA_027/20251030_031000.WAV,recover-20251030,UBNA_027,E18 Bridge
HF,45120.0,8.072123420401505,137.5685,137.577,43515.0,59542.0,Pipistrellus pipistrellus,0.57,0.635,-1,Echolocation,192000.0,/mnt/ubna_data_06/recover-20251030/UBNA_027/20251030_031000.WAV,recover-20251030,UBNA_027,E18 Bridge
HF,46080.0,24.529431215358333,137.6625,137.6678,42656.0,63895.0,Pipistrellus pipistrellus,0.513,0.598,-1,Echolocation,192000.0,/mnt/ubna_data_06/recover-20251030/UBNA_027/20251030_031000.WAV,recover-20251030,UBNA_027,E18 Bridge
HF,47040.0,17.9594653796295,137.7555,137.7627,44375.0,61369.0,Pipistrellus pipistrellus,0.462,0.519,-1,Echolocation,192000.0,/mnt/ubna_data_06/recover-20251030/UBNA_027/20251030_031000.WAV,recover-20251030,UBNA_027,E18 Bridge
HF,45120.0,6.558040578737289,137.8535,137.8625,44375.0,54023.0,Pipistrellus pipistrellus,0.446,0.478,-1,Echolocation,192000.0,/mnt/ubna_data_06/recover-20251030/UBNA_027/20251030_031000.WAV,recover-20251030,UBNA_027,E18 Bridge
HF,45120.0,14.30565053035953,137.9425,137.9488,41796.0,60413.0,Pipistrellus pipistrellus,0.251,0.44,-1,Echolocation,192000.0,/mnt/ubna_data_06/recover-20251030/UBNA_027/20251030_031000.WAV,recover-20251030,UBNA_027,E18 Bridge
HF,45120.0,5.274418649136441,138.0345,138.0425,44375.0,49271.0,Pipistrellus pipistrellus,0.301,0.341,-1,Echolocation,192000.0,/mnt/ubna_data_06/recover-20251030/UBNA_027/20251030_031000.WAV,recover-20251030,UBNA_027,E18 Bridge
HF,45120.0,12.13309015660862,138.1235,138.13139999999999,44375.0,54881.0,Pipistrellus pipistrellus,0.491,0.517,-1,Echolocation,192000.0,/mnt/ubna_data_06/recover-20251030/UBNA_027/20251030_031000.WAV,recover-20251030,UBNA_027,E18 Bridge
HF,47040.0,8.596937808717716,138.2065,138.2126,45234.0,58653.0,Pipistrellus pipistrellus,0.396,0.425,-1,Echolocation,192000.0,/mnt/ubna_data_06/recover-20251030/UBNA_027/20251030_031000.WAV,recover-20251030,UBNA_027,E18 Bridge
HF,48000.0,5.100606194371688,138.3355,138.3431,45234.0,58182.0,Pipistrellus pipistrellus,0.406,0.447,-1,Echolocation,192000.0,/mnt/ubna_data_06/recover-20251030/UBNA_027/20251030_031000.WAV,recover-20251030,UBNA_027,E18 Bridge
HF,47040.0,5.158119661185545,138.5325,138.5427,45234.0,54753.0,Pipistrellus pipistrellus,0.368,0.457,-1,Echolocation,192000.0,/mnt/ubna_data_06/recover-20251030/UBNA_027/20251030_031000.WAV,recover-20251030,UBNA_027,E18 Bridge
HF,45120.0,6.591500724109038,138.6265,138.6349,44375.0,53539.0,Pipistrellus pipistrellus,0.487,0.532,-1,Echolocation,192000.0,/mnt/ubna_data_06/recover-20251030/UBNA_027/20251030_031000.WAV,recover-20251030,UBNA_027,E18 Bridge
HF,47040.0,12.873803415613875,138.7155,138.7225,44375.0,59595.0,Pipistrellus pipistrellus,0.64,0.697,-1,Echolocation,192000.0,/mnt/ubna_data_06/recover-20251030/UBNA_027/20251030_031000.WAV,recover-20251030,UBNA_027,E18 Bridge
HF,47040.0,18.583366637465573,138.8975,138.9043,45234.0,58455.0,Pipistrellus pipistrellus,0.542,0.585,-1,Echolocation,192000.0,/mnt/ubna_data_06/recover-20251030/UBNA_027/20251030_031000.WAV,recover-20251030,UBNA_027,E18 Bridge
HF,46080.0,9.957521635080708,138.9885,138.996,45234.0,60616.0,Pipistrellus pipistrellus,0.43,0.611,-1,Echolocation,192000.0,/mnt/ubna_data_06/recover-20251030/UBNA_027/20251030_031000.WAV,recover-20251030,UBNA_027,E18 Bridge
HF,46080.0,19.232575815556828,139.0785,139.0847,45234.0,63025.0,Pipistrellus pipistrellus,0.481,0.604,-1,Echolocation,192000.0,/mnt/ubna_data_06/recover-20251030/UBNA_027/20251030_031000.WAV,recover-20251030,UBNA_027,E18 Bridge
HF,46080.0,13.684332161673531,139.1705,139.1795,44375.0,62451.0,Pipistrellus pipistrellus,0.426,0.513,-1,Echolocation,192000.0,/mnt/ubna_data_06/recover-20251030/UBNA_027/20251030_031000.WAV,recover-20251030,UBNA_027,E18 Bridge
HF,45120.0,13.99907252060662,139.2595,139.2672,45234.0,60018.0,Pipistrellus pipistrellus,0.482,0.59,-1,Echolocation,192000.0,/mnt/ubna_data_06/recover-20251030/UBNA_027/20251030_031000.WAV,recover-20251030,UBNA_027,E18 Bridge
HF,47040.0,25.305612676491606,139.3485,139.3551,43515.0,67341.0,Pipistrellus pipistrellus,0.562,0.617,-1,Echolocation,192000.0,/mnt/ubna_data_06/recover-20251030/UBNA_027/20251030_031000.WAV,recover-20251030,UBNA_027,E18 Bridge
HF,48000.0,21.355125902692542,139.4405,139.4455,45234.0,61645.0,Pipistrellus pipistrellus,0.535,0.597,-1,Echolocation,192000.0,/mnt/ubna_data_06/recover-20251030/UBNA_027/20251030_031000.WAV,recover-20251030,UBNA_027,E18 Bridge
HF,47040.0,26.070861335538503,139.5655,139.57229999999998,46093.0,62750.0,Pipistrellus pipistrellus,0.537,0.714,-1,Echolocation,192000.0,/mnt/ubna_data_06/recover-20251030/UBNA_027/20251030_031000.WAV,recover-20251030,UBNA_027,E18 Bridge
HF,48000.0,31.877858390365923,139.65449999999998,139.6601,45234.0,67398.0,Pipistrellus pipistrellus,0.647,0.725,-1,Echolocation,192000.0,/mnt/ubna_data_06/recover-20251030/UBNA_027/20251030_031000.WAV,recover-20251030,UBNA_027,E18 Bridge
HF,47040.0,22.387563439738752,139.7415,139.7488,44375.0,67377.0,Pipistrellus pipistrellus,0.513,0.596,-1,Echolocation,192000.0,/mnt/ubna_data_06/recover-20251030/UBNA_027/20251030_031000.WAV,recover-20251030,UBNA_027,E18 Bridge
HF,48000.0,24.358286604919325,139.8315,139.8382,44375.0,62532.0,Pipistrellus pipistrellus,0.418,0.54,-1,Echolocation,192000.0,/mnt/ubna_data_06/recover-20251030/UBNA_027/20251030_031000.WAV,recover-20251030,UBNA_027,E18 Bridge
HF,47040.0,23.86984230349374,139.9245,139.9306,43515.0,67570.0,Pipistrellus pipistrellus,0.55,0.591,-1,Echolocation,192000.0,/mnt/ubna_data_06/recover-20251030/UBNA_027/20251030_031000.WAV,recover-20251030,UBNA_027,E18 Bridge
HF,52800.0,23.048758604641847,140.01749999999998,140.0237,41796.0,71644.0,Pipistrellus pipistrellus,0.574,0.666,-1,Echolocation,192000.0,/mnt/ubna_data_06/recover-20251030/UBNA_027/20251030_031000.WAV,recover-20251030,UBNA_027,E18 Bridge
HF,47040.0,23.434173794721104,140.1135,140.1202,46093.0,67830.0,Pipistrellus pipistrellus,0.422,0.55,-1,Echolocation,192000.0,/mnt/ubna_data_06/recover-20251030/UBNA_027/20251030_031000.WAV,recover-20251030,UBNA_027,E18 Bridge
HF,46080.0,27.822243052441415,140.20850000000002,140.2145,43515.0,78918.0,Pipistrellus pipistrellus,0.531,0.548,-1,Echolocation,192000.0,/mnt/ubna_data_06/recover-20251030/UBNA_027/20251030_031000.WAV,recover-20251030,UBNA_027,E18 Bridge
HF,47040.0,28.812107226902917,140.3025,140.3087,44375.0,75469.0,Pipistrellus pipistrellus,0.499,0.609,-1,Echolocation,192000.0,/mnt/ubna_data_06/recover-20251030/UBNA_027/20251030_031000.WAV,recover-20251030,UBNA_027,E18 Bridge
HF,48000.0,23.90912359910054,140.3815,140.388,44375.0,69195.0,Pipistrellus pipistrellus,0.587,0.698,-1,Echolocation,192000.0,/mnt/ubna_data_06/recover-20251030/UBNA_027/20251030_031000.WAV,recover-20251030,UBNA_027,E18 Bridge
HF,47040.0,13.936631713058247,140.4535,140.4607,45234.0,63968.0,Pipistrellus pipistrellus,0.508,0.612,-1,Echolocation,192000.0,/mnt/ubna_data_06/recover-20251030/UBNA_027/20251030_031000.WAV,recover-20251030,UBNA_027,E18 Bridge
HF,48000.0,20.680616614519685,140.5385,140.5465,43515.0,68527.0,Pipistrellus pipistrellus,0.475,0.623,-1,Echolocation,192000.0,/mnt/ubna_data_06/recover-20251030/UBNA_027/20251030_031000.WAV,recover-20251030,UBNA_027,E18 Bridge
HF,45120.0,28.754591104099493,140.6355,140.6414,42656.0,68722.0,Pipistrellus pipistrellus,0.483,0.558,-1,Echolocation,192000.0,/mnt/ubna_data_06/recover-20251030/UBNA_027/20251030_031000.WAV,recover-20251030,UBNA_027,E18 Bridge
HF,45120.0,31.858806982996732,140.7895,140.7947,41796.0,73552.0,Pipistrellus pipistrellus,0.414,0.45,-1,Echolocation,192000.0,/mnt/ubna_data_06/recover-20251030/UBNA_027/20251030_031000.WAV,recover-20251030,UBNA_027,E18 Bridge
HF,47040.0,23.11836302907317,140.8755,140.8823,45234.0,72341.0,Pipistrellus pipistrellus,0.576,0.647,-1,Echolocation,192000.0,/mnt/ubna_data_06/recover-20251030/UBNA_027/20251030_031000.WAV,recover-20251030,UBNA_027,E18 Bridge
HF,47040.0,29.967261596273133,140.9665,140.9732,43515.0,73750.0,Pipistrellus pipistrellus,0.502,0.64,-1,Echolocation,192000.0,/mnt/ubna_data_06/recover-20251030/UBNA_027/20251030_031000.WAV,recover-20251030,UBNA_027,E18 Bridge
HF,46080.0,35.96715198416041,141.0595,141.068,45234.0,76010.0,Pipistrellus pipistrellus,0.476,0.567,-1,Echolocation,192000.0,/mnt/ubna_data_06/recover-20251030/UBNA_027/20251030_031000.WAV,recover-20251030,UBNA_027,E18 Bridge
HF,47040.0,28.135257386748037,141.15449999999998,141.1616,42656.0,73390.0,Pipistrellus pipistrellus,0.381,0.512,-1,Echolocation,192000.0,/mnt/ubna_data_06/recover-20251030/UBNA_027/20251030_031000.WAV,recover-20251030,UBNA_027,E18 Bridge
HF,53760.0,30.726739969177316,141.2355,141.2421,45234.0,78567.0,Pipistrellus pipistrellus,0.48,0.542,-1,Echolocation,192000.0,/mnt/ubna_data_06/recover-20251030/UBNA_027/20251030_031000.WAV,recover-20251030,UBNA_027,E18 Bridge
HF,48000.0,27.872179920748806,141.2985,141.3056,43515.0,91782.0,Pipistrellus pipistrellus,0.252,0.472,-1,Echolocation,192000.0,/mnt/ubna_data_06/recover-20251030/UBNA_027/20251030_031000.WAV,recover-20251030,UBNA_027,E18 Bridge
HF,48000.0,24.26652307864081,141.3645,141.3712,41796.0,91751.0,Myotis alcathoe,0.213,0.495,-1,Echolocation,192000.0,/mnt/ubna_data_06/recover-20251030/UBNA_027/20251030_031000.WAV,recover-20251030,UBNA_027,E18 Bridge
HF,48960.0,21.185544536692138,141.4315,141.4375,45234.0,70934.0,Pipistrellus pipistrellus,0.627,0.698,-1,Echolocation,192000.0,/mnt/ubna_data_06/recover-20251030/UBNA_027/20251030_031000.WAV,recover-20251030,UBNA_027,E18 Bridge
HF,47040.0,21.268079556062602,141.5045,141.5101,45234.0,74164.0,Pipistrellus pipistrellus,0.457,0.534,-1,Echolocation,192000.0,/mnt/ubna_data_06/recover-20251030/UBNA_027/20251030_031000.WAV,recover-20251030,UBNA_027,E18 Bridge
HF,46080.0,34.44498201225519,141.5885,141.5951,41796.0,85774.0,Pipistrellus pipistrellus,0.457,0.505,-1,Echolocation,192000.0,/mnt/ubna_data_06/recover-20251030/UBNA_027/20251030_031000.WAV,recover-20251030,UBNA_027,E18 Bridge
HF,47040.0,18.166790761817968,141.6775,141.6828,44375.0,65431.0,Pipistrellus pipistrellus,0.518,0.578,-1,Echolocation,192000.0,/mnt/ubna_data_06/recover-20251030/UBNA_027/20251030_031000.WAV,recover-20251030,UBNA_027,E18 Bridge
HF,50880.0,11.516621048385364,141.7475,141.7528,46953.0,60768.0,Pipistrellus pipistrellus,0.604,0.626,-1,Echolocation,192000.0,/mnt/ubna_data_06/recover-20251030/UBNA_027/20251030_031000.WAV,recover-20251030,UBNA_027,E18 Bridge
HF,52800.0,24.89117540105447,141.8285,141.8347,41796.0,86742.0,Myotis alcathoe,0.196,0.418,-1,Echolocation,192000.0,/mnt/ubna_data_06/recover-20251030/UBNA_027/20251030_031000.WAV,recover-20251030,UBNA_027,E18 Bridge
HF,48000.0,19.073590324773928,141.9055,141.9105,45234.0,70403.0,Pipistrellus pipistrellus,0.403,0.466,-1,Echolocation,192000.0,/mnt/ubna_data_06/recover-20251030/UBNA_027/20251030_031000.WAV,recover-20251030,UBNA_027,E18 Bridge
HF,47040.0,22.099441822954656,141.9905,141.996,44375.0,64633.0,Pipistrellus pipistrellus,0.458,0.489,-1,Echolocation,192000.0,/mnt/ubna_data_06/recover-20251030/UBNA_027/20251030_031000.WAV,recover-20251030,UBNA_027,E18 Bridge
HF,47040.0,20.85209798674333,142.0735,142.0798,44375.0,63430.0,Pipistrellus pipistrellus,0.338,0.461,-1,Echolocation,192000.0,/mnt/ubna_data_06/recover-20251030/UBNA_027/20251030_031000.WAV,recover-20251030,UBNA_027,E18 Bridge
HF,46080.0,11.759108210924438,142.1585,142.1656,43515.0,58711.0,Pipistrellus pipistrellus,0.363,0.565,-1,Echolocation,192000.0,/mnt/ubna_data_06/recover-20251030/UBNA_027/20251030_031000.WAV,recover-20251030,UBNA_027,E18 Bridge
HF,46080.0,22.298638573267723,142.2465,142.254,43515.0,59664.0,Pipistrellus pipistrellus,0.443,0.563,-1,Echolocation,192000.0,/mnt/ubna_data_06/recover-20251030/UBNA_027/20251030_031000.WAV,recover-20251030,UBNA_027,E18 Bridge
HF,46080.0,10.02989569621631,142.3375,142.3461,45234.0,53680.0,Pipistrellus pipistrellus,0.511,0.538,-1,Echolocation,192000.0,/mnt/ubna_data_06/recover-20251030/UBNA_027/20251030_031000.WAV,recover-20251030,UBNA_027,E18 Bridge
HF,45120.0,19.44614435913951,142.4295,142.4382,43515.0,59333.0,Pipistrellus pipistrellus,0.436,0.592,-1,Echolocation,192000.0,/mnt/ubna_data_06/recover-20251030/UBNA_027/20251030_031000.WAV,recover-20251030,UBNA_027,E18 Bridge
HF,46080.0,6.170909023764385,142.5225,142.5346,44375.0,49368.0,Pipistrellus pipistrellus,0.334,0.4,-1,Echolocation,192000.0,/mnt/ubna_data_06/recover-20251030/UBNA_027/20251030_031000.WAV,recover-20251030,UBNA_027,E18 Bridge
HF,45120.0,13.313671557572889,142.6795,142.6879,43515.0,59009.0,Pipistrellus pipistrellus,0.473,0.594,-1,Echolocation,192000.0,/mnt/ubna_data_06/recover-20251030/UBNA_027/20251030_031000.WAV,recover-20251030,UBNA_027,E18 Bridge
HF,45120.0,5.446157610874454,142.7815,142.794,43515.0,50059.0,Pipistrellus pipistrellus,0.371,0.427,-1,Echolocation,192000.0,/mnt/ubna_data_06/recover-20251030/UBNA_027/20251030_031000.WAV,recover-20251030,UBNA_027,E18 Bridge
HF,45120.0,12.911890607835513,142.8775,142.88830000000002,43515.0,55252.0,Pipistrellus pipistrellus,0.466,0.521,-1,Echolocation,192000.0,/mnt/ubna_data_06/recover-20251030/UBNA_027/20251030_031000.WAV,recover-20251030,UBNA_027,E18 Bridge
HF,46080.0,9.084664029740106,142.9695,142.9831,45234.0,57390.0,Pipistrellus pipistrellus,0.366,0.485,-1,Echolocation,192000.0,/mnt/ubna_data_06/recover-20251030/UBNA_027/20251030_031000.WAV,recover-20251030,UBNA_027,E18 Bridge
HF,47040.0,7.644859066860061,143.3265,143.3403,44375.0,52261.0,Pipistrellus pipistrellus,0.292,0.362,-1,Echolocation,192000.0,/mnt/ubna_data_06/recover-20251030/UBNA_027/20251030_031000.WAV,recover-20251030,UBNA_027,E18 Bridge
HF,45120.0,5.231264025374557,143.6055,143.6187,45234.0,51501.0,Pipistrellus pipistrellus,0.279,0.316,-1,Echolocation,192000.0,/mnt/ubna_data_06/recover-20251030/UBNA_027/20251030_031000.WAV,recover-20251030,UBNA_027,E18 Bridge
HF,46080.0,6.280887342235117,143.6865,143.698,45234.0,53932.0,Pipistrellus pipistrellus,0.375,0.429,-1,Echolocation,192000.0,/mnt/ubna_data_06/recover-20251030/UBNA_027/20251030_031000.WAV,recover-20251030,UBNA_027,E18 Bridge
HF,46080.0,4.369984370220318,150.1575,150.168,45234.0,60711.0,Pipistrellus pipistrellus,0.376,0.425,-1,Echolocation,192000.0,/mnt/ubna_data_06/recover-20251030/UBNA_027/20251030_031000.WAV,recover-20251030,UBNA_027,E18 Bridge
HF,47040.0,5.14213756053429,150.2415,150.2528,46093.0,55399.0,Pipistrellus pipistrellus,0.294,0.328,-1,Echolocation,192000.0,/mnt/ubna_data_06/recover-20251030/UBNA_027/20251030_031000.WAV,recover-20251030,UBNA_027,E18 Bridge
HF,45120.0,4.5115831818954115,150.3255,150.337,44375.0,56525.0,Pipistrellus pipistrellus,0.352,0.415,-1,Echolocation,192000.0,/mnt/ubna_data_06/recover-20251030/UBNA_027/20251030_031000.WAV,recover-20251030,UBNA_027,E18 Bridge
HF,47040.0,5.570632822074121,150.4205,150.4305,46093.0,60370.0,Pipistrellus pipistrellus,0.365,0.398,-1,Echolocation,192000.0,/mnt/ubna_data_06/recover-20251030/UBNA_027/20251030_031000.WAV,recover-20251030,UBNA_027,E18 Bridge
HF,47040.0,6.5954985807397195,150.7885,150.7968,46093.0,59048.0,Pipistrellus pipistrellus,0.372,0.396,-1,Echolocation,192000.0,/mnt/ubna_data_06/recover-20251030/UBNA_027/20251030_031000.WAV,recover-20251030,UBNA_027,E18 Bridge
HF,46080.0,8.070687349989567,151.0115,151.0228,45234.0,61984.0,Pipistrellus pipistrellus,0.395,0.497,-1,Echolocation,192000.0,/mnt/ubna_data_06/recover-20251030/UBNA_027/20251030_031000.WAV,recover-20251030,UBNA_027,E18 Bridge
HF,47040.0,9.125340167434391,151.1945,151.2039,45234.0,59187.0,Pipistrellus pipistrellus,0.384,0.507,-1,Echolocation,192000.0,/mnt/ubna_data_06/recover-20251030/UBNA_027/20251030_031000.WAV,recover-20251030,UBNA_027,E18 Bridge
HF,47040.0,7.131840720574456,151.3885,151.3983,46953.0,55505.0,Pipistrellus pipistrellus,0.309,0.32,-1,Echolocation,192000.0,/mnt/ubna_data_06/recover-20251030/UBNA_027/20251030_031000.WAV,recover-20251030,UBNA_027,E18 Bridge
HF,48960.0,11.644403199282735,151.5575,151.5687,46093.0,63311.0,Pipistrellus pipistrellus,0.42,0.569,-1,Echolocation,192000.0,/mnt/ubna_data_06/recover-20251030/UBNA_027/20251030_031000.WAV,recover-20251030,UBNA_027,E18 Bridge
HF,47040.0,11.740087228328704,151.6415,151.65,46953.0,63991.0,Pipistrellus pipistrellus,0.474,0.617,-1,Echolocation,192000.0,/mnt/ubna_data_06/recover-20251030/UBNA_027/20251030_031000.WAV,recover-20251030,UBNA_027,E18 Bridge
HF,47040.0,7.191041790895653,151.7265,151.738,46093.0,60923.0,Pipistrellus pipistrellus,0.392,0.462,-1,Echolocation,192000.0,/mnt/ubna_data_06/recover-20251030/UBNA_027/20251030_031000.WAV,recover-20251030,UBNA_027,E18 Bridge
HF,47040.0,10.784762310715868,151.8135,151.8225,46953.0,63857.0,Pipistrellus pipistrellus,0.424,0.55,-1,Echolocation,192000.0,/mnt/ubna_data_06/recover-20251030/UBNA_027/20251030_031000.WAV,recover-20251030,UBNA_027,E18 Bridge
HF,47040.0,13.324953162456232,151.9025,151.9127,45234.0,66390.0,Pipistrellus pipistrellus,0.427,0.592,-1,Echolocation,192000.0,/mnt/ubna_data_06/recover-20251030/UBNA_027/20251030_031000.WAV,recover-20251030,UBNA_027,E18 Bridge
HF,47040.0,8.799718037167922,152.0755,152.0847,46093.0,62429.0,Pipistrellus pipistrellus,0.351,0.441,-1,Echolocation,192000.0,/mnt/ubna_data_06/recover-20251030/UBNA_027/20251030_031000.WAV,recover-20251030,UBNA_027,E18 Bridge
HF,46080.0,8.9546049610425,152.1575,152.1644,45234.0,62649.0,Pipistrellus pipistrellus,0.411,0.532,-1,Echolocation,192000.0,/mnt/ubna_data_06/recover-20251030/UBNA_027/20251030_031000.WAV,recover-20251030,UBNA_027,E18 Bridge
HF,46080.0,17.39341477900399,152.2475,152.254,44375.0,68923.0,Pipistrellus pipistrellus,0.614,0.728,-1,Echolocation,192000.0,/mnt/ubna_data_06/recover-20251030/UBNA_027/20251030_031000.WAV,recover-20251030,UBNA_027,E18 Bridge
HF,47040.0,16.694435567623593,152.3355,152.3439,45234.0,67235.0,Pipistrellus pipistrellus,0.552,0.689,-1,Echolocation,192000.0,/mnt/ubna_data_06/recover-20251030/UBNA_027/20251030_031000.WAV,recover-20251030,UBNA_027,E18 Bridge
HF,48000.0,17.51244982568914,152.4255,152.4325,44375.0,62830.0,Pipistrellus pipistrellus,0.265,0.436,-1,Echolocation,192000.0,/mnt/ubna_data_06/recover-20251030/UBNA_027/20251030_031000.WAV,recover-20251030,UBNA_027,E18 Bridge
HF,47040.0,19.38194468527258,152.5125,152.5186,46093.0,66168.0,Pipistrellus pipistrellus,0.535,0.622,-1,Echolocation,192000.0,/mnt/ubna_data_06/recover-20251030/UBNA_027/20251030_031000.WAV,recover-20251030,UBNA_027,E18 Bridge
HF,47040.0,21.360619411445455,152.6005,152.6072,45234.0,70449.0,Pipistrellus pipistrellus,0.568,0.69,-1,Echolocation,192000.0,/mnt/ubna_data_06/recover-20251030/UBNA_027/20251030_031000.WAV,recover-20251030,UBNA_027,E18 Bridge
HF,48960.0,18.633600981682022,152.6895,152.7009,44375.0,65188.0,Pipistrellus pipistrellus,0.401,0.511,-1,Echolocation,192000.0,/mnt/ubna_data_06/recover-20251030/UBNA_027/20251030_031000.WAV,recover-20251030,UBNA_027,E18 Bridge
HF,46080.0,8.57851658753811,152.7785,152.7913,45234.0,58525.0,Pipistrellus pipistrellus,0.318,0.414,-1,Echolocation,192000.0,/mnt/ubna_data_06/recover-20251030/UBNA_027/20251030_031000.WAV,recover-20251030,UBNA_027,E18 Bridge
HF,48000.0,12.942470199049446,152.8445,152.8538,45234.0,63755.0,Pipistrellus pipistrellus,0.393,0.482,-1,Echolocation,192000.0,/mnt/ubna_data_06/recover-20251030/UBNA_027/20251030_031000.WAV,recover-20251030,UBNA_027,E18 Bridge
HF,52800.0,7.4227533056304384,152.8945,152.9015,46093.0,62148.0,Pipistrellus pipistrellus,0.275,0.39,-1,Echolocation,192000.0,/mnt/ubna_data_06/recover-20251030/UBNA_027/20251030_031000.WAV,recover-20251030,UBNA_027,E18 Bridge
HF,51840.0,4.782408051402707,152.9445,152.9519,49531.0,60731.0,Pipistrellus pipistrellus,0.469,0.48,-1,Echolocation,192000.0,/mnt/ubna_data_06/recover-20251030/UBNA_027/20251030_031000.WAV,recover-20251030,UBNA_027,E18 Bridge
HF,48000.0,14.259322857171119,153.3545,153.3617,46953.0,57318.0,Pipistrellus pipistrellus,0.603,0.622,-1,Echolocation,192000.0,/mnt/ubna_data_06/recover-20251030/UBNA_027/20251030_031000.WAV,recover-20251030,UBNA_027,E18 Bridge
HF,46080.0,16.5777972298405,153.4395,153.4481,45234.0,67017.0,Pipistrellus pipistrellus,0.542,0.691,-1,Echolocation,192000.0,/mnt/ubna_data_06/recover-20251030/UBNA_027/20251030_031000.WAV,recover-20251030,UBNA_027,E18 Bridge
HF,47040.0,11.956291438792794,153.5195,153.5263,45234.0,64999.0,Pipistrellus pipistrellus,0.527,0.616,-1,Echolocation,192000.0,/mnt/ubna_data_06/recover-20251030/UBNA_027/20251030_031000.WAV,recover-20251030,UBNA_027,E18 Bridge
HF,46080.0,17.25953913837135,153.6005,153.6096,45234.0,68686.0,Pipistrellus pipistrellus,0.453,0.585,-1,Echolocation,192000.0,/mnt/ubna_data_06/recover-20251030/UBNA_027/20251030_031000.WAV,recover-20251030,UBNA_027,E18 Bridge
HF,48000.0,19.220025609855465,153.6775,153.6851,46093.0,69727.0,Pipistrellus pipistrellus,0.546,0.637,-1,Echolocation,192000.0,/mnt/ubna_data_06/recover-20251030/UBNA_027/20251030_031000.WAV,recover-20251030,UBNA_027,E18 Bridge
HF,54720.0,22.894440302167467,153.7625,153.7699,43515.0,73619.0,Pipistrellus pipistrellus,0.594,0.661,-1,Echolocation,192000.0,/mnt/ubna_data_06/recover-20251030/UBNA_027/20251030_031000.WAV,recover-20251030,UBNA_027,E18 Bridge
HF,46080.0,20.226023318466627,153.8465,153.853,44375.0,69469.0,Pipistrellus pipistrellus,0.582,0.699,-1,Echolocation,192000.0,/mnt/ubna_data_06/recover-20251030/UBNA_027/20251030_031000.WAV,recover-20251030,UBNA_027,E18 Bridge
HF,48960.0,20.44875459482079,153.9335,153.9395,45234.0,63779.0,Pipistrellus pipistrellus,0.653,0.734,-1,Echolocation,192000.0,/mnt/ubna_data_06/recover-20251030/UBNA_027/20251030_031000.WAV,recover-20251030,UBNA_027,E18 Bridge
HF,48960.0,31.241828734876837,154.0145,154.0209,44375.0,75562.0,Pipistrellus pipistrellus,0.576,0.676,-1,Echolocation,192000.0,/mnt/ubna_data_06/recover-20251030/UBNA_027/20251030_031000.WAV,recover-20251030,UBNA_027,E18 Bridge
HF,47040.0,31.478150306196497,154.2215,154.2278,42656.0,82909.0,Pipistrellus pipistrellus,0.3,0.447,-1,Echolocation,192000.0,/mnt/ubna_data_06/recover-20251030/UBNA_027/20251030_031000.WAV,recover-20251030,UBNA_027,E18 Bridge
HF,47040.0,19.356654557477544,154.3065,154.3123,45234.0,73076.0,Pipistrellus pipistrellus,0.409,0.482,-1,Echolocation,192000.0,/mnt/ubna_data_06/recover-20251030/UBNA_027/20251030_031000.WAV,recover-20251030,UBNA_027,E18 Bridge
HF,47040.0,34.02010583949598,154.3925,154.3989,45234.0,85692.0,Pipistrellus pipistrellus,0.46,0.498,-1,Echolocation,192000.0,/mnt/ubna_data_06/recover-20251030/UBNA_027/20251030_031000.WAV,recover-20251030,UBNA_027,E18 Bridge
HF,48000.0,26.492622397002826,154.4775,154.4837,43515.0,80442.0,Pipistrellus pipistrellus,0.255,0.495,-1,Echolocation,192000.0,/mnt/ubna_data_06/recover-20251030/UBNA_027/20251030_031000.WAV,recover-20251030,UBNA_027,E18 Bridge
HF,48000.0,29.5213280177883,154.5615,154.5677,46953.0,73954.0,Pipistrellus pipistrellus,0.524,0.613,-1,Echolocation,192000.0,/mnt/ubna_data_06/recover-20251030/UBNA_027/20251030_031000.WAV,recover-20251030,UBNA_027,E18 Bridge
HF,48000.0,24.382658443508987,154.6535,154.6609,46093.0,66036.0,Pipistrellus pipistrellus,0.442,0.533,-1,Echolocation,192000.0,/mnt/ubna_data_06/recover-20251030/UBNA_027/20251030_031000.WAV,recover-20251030,UBNA_027,E18 Bridge
HF,48000.0,26.746769993937775,154.7435,154.7494,44375.0,70667.0,Pipistrellus pipistrellus,0.598,0.707,-1,Echolocation,192000.0,/mnt/ubna_data_06/recover-20251030/UBNA_027/20251030_031000.WAV,recover-20251030,UBNA_027,E18 Bridge
HF,47040.0,32.93849599350949,154.8315,154.8384,45234.0,76343.0,Pipistrellus pipistrellus,0.365,0.418,-1,Echolocation,192000.0,/mnt/ubna_data_06/recover-20251030/UBNA_027/20251030_031000.WAV,recover-20251030,UBNA_027,E18 Bridge
HF,52800.0,31.523734340616777,154.9105,154.9177,45234.0,86588.0,Pipistrellus pipistrellus,0.231,0.455,-1,Echolocation,192000.0,/mnt/ubna_data_06/recover-20251030/UBNA_027/20251030_031000.WAV,recover-20251030,UBNA_027,E18 Bridge
HF,47040.0,32.67674542137074,155.0015,155.0077,44375.0,71306.0,Pipistrellus pipistrellus,0.533,0.639,-1,Echolocation,192000.0,/mnt/ubna_data_06/recover-20251030/UBNA_027/20251030_031000.WAV,recover-20251030,UBNA_027,E18 Bridge
HF,46080.0,29.68787122846131,155.0895,155.0963,41796.0,82477.0,Pipistrellus pipistrellus,0.176,0.412,-1,Echolocation,192000.0,/mnt/ubna_data_06/recover-20251030/UBNA_027/20251030_031000.WAV,recover-20251030,UBNA_027,E18 Bridge
HF,51840.0,28.4967545879774,155.2105,155.2167,45234.0,75475.0,Pipistrellus pipistrellus,0.575,0.653,-1,Echolocation,192000.0,/mnt/ubna_data_06/recover-20251030/UBNA_027/20251030_031000.WAV,recover-20251030,UBNA_027,E18 Bridge
HF,47040.0,37.77345786190324,155.2945,155.3016,45234.0,71737.0,Pipistrellus pipistrellus,0.484,0.56,-1,Echolocation,192000.0,/mnt/ubna_data_06/recover-20251030/UBNA_027/20251030_031000.WAV,recover-20251030,UBNA_027,E18 Bridge
HF,48000.0,28.742499452200924,155.3795,155.3859,44375.0,71750.0,Pipistrellus pipistrellus,0.394,0.463,-1,Echolocation,192000.0,/mnt/ubna_data_06/recover-20251030/UBNA_027/20251030_031000.WAV,recover-20251030,UBNA_027,E18 Bridge
HF,46080.0,35.166433640014304,155.4685,155.4748,40937.0,88560.0,Myotis alcathoe,0.189,0.356,-1,Echolocation,192000.0,/mnt/ubna_data_06/recover-20251030/UBNA_027/20251030_031000.WAV,recover-20251030,UBNA_027,E18 Bridge
HF,47040.0,17.979672800166362,155.5565,155.5648,46093.0,66513.0,Pipistrellus pipistrellus,0.433,0.534,-1,Echolocation,192000.0,/mnt/ubna_data_06/recover-20251030/UBNA_027/20251030_031000.WAV,recover-20251030,UBNA_027,E18 Bridge
HF,46080.0,27.74695974478105,155.6385,155.6455,45234.0,64380.0,Pipistrellus pipistrellus,0.502,0.585,-1,Echolocation,192000.0,/mnt/ubna_data_06/recover-20251030/UBNA_027/20251030_031000.WAV,recover-20251030,UBNA_027,E18 Bridge
HF,47040.0,15.065805335723308,155.7245,155.7322,44375.0,60685.0,Pipistrellus pipistrellus,0.48,0.524,-1,Echolocation,192000.0,/mnt/ubna_data_06/recover-20251030/UBNA_027/20251030_031000.WAV,recover-20251030,UBNA_027,E18 Bridge
HF,46080.0,23.966106569143335,155.8105,155.8174,45234.0,69500.0,Pipistrellus pipistrellus,0.503,0.604,-1,Echolocation,192000.0,/mnt/ubna_data_06/recover-20251030/UBNA_027/20251030_031000.WAV,recover-20251030,UBNA_027,E18 Bridge
HF,47040.0,14.204026156727721,155.8985,155.9039,45234.0,64767.0,Pipistrellus pipistrellus,0.493,0.557,-1,Echolocation,192000.0,/mnt/ubna_data_06/recover-20251030/UBNA_027/20251030_031000.WAV,recover-20251030,UBNA_027,E18 Bridge
HF,47040.0,27.770392327211425,155.9855,155.9908,43515.0,65043.0,Pipistrellus pipistrellus,0.502,0.596,-1,Echolocation,192000.0,/mnt/ubna_data_06/recover-20251030/UBNA_027/20251030_031000.WAV,recover-20251030,UBNA_027,E18 Bridge
HF,46080.0,10.350510113043343,156.0775,156.0832,44375.0,57764.0,Pipistrellus pipistrellus,0.534,0.567,-1,Echolocation,192000.0,/mnt/ubna_data_06/recover-20251030/UBNA_027/20251030_031000.WAV,recover-20251030,UBNA_027,E18 Bridge
HF,48000.0,20.96546302520322,156.1635,156.1699,43515.0,63346.0,Pipistrellus pipistrellus,0.62,0.701,-1,Echolocation,192000.0,/mnt/ubna_data_06/recover-20251030/UBNA_027/20251030_031000.WAV,recover-20251030,UBNA_027,E18 Bridge
HF,46080.0,5.923937815215988,156.2525,156.2606,45234.0,60584.0,Pipistrellus pipistrellus,0.464,0.527,-1,Echolocation,192000.0,/mnt/ubna_data_06/recover-20251030/UBNA_027/20251030_031000.WAV,recover-20251030,UBNA_027,E18 Bridge
HF,45120.0,20.84003339323745,156.3415,156.3479,43515.0,63929.0,Pipistrellus pipistrellus,0.67,0.729,-1,Echolocation,192000.0,/mnt/ubna_data_06/recover-20251030/UBNA_027/20251030_031000.WAV,recover-20251030,UBNA_027,E18 Bridge
HF,46080.0,6.643166766292347,156.4745,156.4823,45234.0,58812.0,Pipistrellus pipistrellus,0.521,0.597,-1,Echolocation,192000.0,/mnt/ubna_data_06/recover-20251030/UBNA_027/20251030_031000.WAV,recover-20251030,UBNA_027,E18 Bridge
HF,45120.0,20.79846490887226,156.5625,156.5688,42656.0,59433.0,Pipistrellus pipistrellus,0.428,0.494,-1,Echolocation,192000.0,/mnt/ubna_data_06/recover-20251030/UBNA_027/20251030_031000.WAV,recover-20251030,UBNA_027,E18 Bridge
HF,46080.0,15.948606801552147,156.6545,156.6629,44375.0,62435.0,Pipistrellus pipistrellus,0.522,0.616,-1,Echolocation,192000.0,/mnt/ubna_data_06/recover-20251030/UBNA_027/20251030_031000.WAV,recover-20251030,UBNA_027,E18 Bridge
HF,46080.0,12.197668544278192,156.7455,156.7518,45234.0,58238.0,Pipistrellus pipistrellus,0.606,0.672,-1,Echolocation,192000.0,/mnt/ubna_data_06/recover-20251030/UBNA_027/20251030_031000.WAV,recover-20251030,UBNA_027,E18 Bridge
HF,46080.0,6.77618081946441,156.8375,156.8441,44375.0,56200.0,Pipistrellus pipistrellus,0.586,0.623,-1,Echolocation,192000.0,/mnt/ubna_data_06/recover-20251030/UBNA_027/20251030_031000.WAV,recover-20251030,UBNA_027,E18 Bridge
HF,43200.0,13.84633080521721,156.9245,156.9324,41796.0,61142.0,Pipistrellus pipistrellus,0.419,0.551,-1,Echolocation,192000.0,/mnt/ubna_data_06/recover-20251030/UBNA_027/20251030_031000.WAV,recover-20251030,UBNA_027,E18 Bridge
HF,47040.0,14.773867067483193,157.0155,157.0212,44375.0,60908.0,Pipistrellus pipistrellus,0.613,0.647,-1,Echolocation,192000.0,/mnt/ubna_data_06/recover-20251030/UBNA_027/20251030_031000.WAV,recover-20251030,UBNA_027,E18 Bridge
HF,45120.0,12.28916240712162,157.1025,157.11,44375.0,56766.0,Pipistrellus pipistrellus,0.487,0.576,-1,Echolocation,192000.0,/mnt/ubna_data_06/recover-20251030/UBNA_027/20251030_031000.WAV,recover-20251030,UBNA_027,E18 Bridge
HF,44160.0,10.83242233639031,157.2865,157.2933,43515.0,60080.0,Pipistrellus pipistrellus,0.48,0.606,-1,Echolocation,192000.0,/mnt/ubna_data_06/recover-20251030/UBNA_027/20251030_031000.WAV,recover-20251030,UBNA_027,E18 Bridge
HF,44160.0,5.407238886397533,157.4705,157.4771,44375.0,56055.0,Pipistrellus pipistrellus,0.559,0.592,-1,Echolocation,192000.0,/mnt/ubna_data_06/recover-20251030/UBNA_027/20251030_031000.WAV,recover-20251030,UBNA_027,E18 Bridge
HF,46080.0,3.7768807704364264,157.5645,157.5725,45234.0,54308.0,Pipistrellus pipistrellus,0.497,0.522,-1,Echolocation,192000.0,/mnt/ubna_data_06/recover-20251030/UBNA_027/20251030_031000.WAV,recover-20251030,UBNA_027,E18 Bridge
HF,46080.0,7.950745660506784,157.7155,157.7246,45234.0,54379.0,Pipistrellus pipistrellus,0.5,0.545,-1,Echolocation,192000.0,/mnt/ubna_data_06/recover-20251030/UBNA_027/20251030_031000.WAV,recover-20251030,UBNA_027,E18 Bridge
HF,46080.0,5.034092451954364,157.8055,157.8114,45234.0,57345.0,Pipistrellus pipistrellus,0.613,0.67,-1,Echolocation,192000.0,/mnt/ubna_data_06/recover-20251030/UBNA_027/20251030_031000.WAV,recover-20251030,UBNA_027,E18 Bridge
HF,46080.0,11.028896304270699,157.8955,157.9008,45234.0,56948.0,Pipistrellus pipistrellus,0.512,0.539,-1,Echolocation,192000.0,/mnt/ubna_data_06/recover-20251030/UBNA_027/20251030_031000.WAV,recover-20251030,UBNA_027,E18 Bridge
HF,46080.0,9.178978201238925,158.5475,158.5531,43515.0,49627.0,Pipistrellus pipistrellus,0.415,0.455,-1,Echolocation,192000.0,/mnt/ubna_data_06/recover-20251030/UBNA_027/20251030_031000.WAV,recover-20251030,UBNA_027,E18 Bridge
HF,46080.0,9.196056782533828,158.6345,158.6403,42656.0,57080.0,Pipistrellus pipistrellus,0.084,0.339,-1,Echolocation,192000.0,/mnt/ubna_data_06/recover-20251030/UBNA_027/20251030_031000.WAV,recover-20251030,UBNA_027,E18 Bridge
HF,45120.0,9.947652366575532,158.8145,158.8204,43515.0,54058.0,Pipistrellus pipistrellus,0.246,0.444,-1,Echolocation,192000.0,/mnt/ubna_data_06/recover-20251030/UBNA_027/20251030_031000.WAV,recover-20251030,UBNA_027,E18 Bridge
HF,47040.0,8.490039268577128,161.6575,161.6638,46093.0,56827.0,Pipistrellus pipistrellus,0.525,0.603,-1,Echolocation,192000.0,/mnt/ubna_data_06/recover-20251030/UBNA_027/20251030_031000.WAV,recover-20251030,UBNA_027,E18 Bridge
HF,48000.0,10.307444969267177,161.83350000000002,161.8409,46093.0,58635.0,Pipistrellus pipistrellus,0.389,0.6,-1,Echolocation,192000.0,/mnt/ubna_data_06/recover-20251030/UBNA_027/20251030_031000.WAV,recover-20251030,UBNA_027,E18 Bridge
HF,47040.0,5.623057746830944,161.9215,161.9274,45234.0,58415.0,Pipistrellus pipistrellus,0.494,0.647,-1,Echolocation,192000.0,/mnt/ubna_data_06/recover-20251030/UBNA_027/20251030_031000.WAV,recover-20251030,UBNA_027,E18 Bridge
HF,48000.0,12.91825597565838,162.0135,162.0206,46093.0,61430.0,Pipistrellus pipistrellus,0.557,0.629,-1,Echolocation,192000.0,/mnt/ubna_data_06/recover-20251030/UBNA_027/20251030_031000.WAV,recover-20251030,UBNA_027,E18 Bridge
HF,48000.0,16.28604268362471,162.1975,162.2031,46953.0,58424.0,Pipistrellus pipistrellus,0.538,0.566,-1,Echolocation,192000.0,/mnt/ubna_data_06/recover-20251030/UBNA_027/20251030_031000.WAV,recover-20251030,UBNA_027,E18 Bridge
HF,47040.0,6.805034723268177,162.2865,162.295,45234.0,62476.0,Pipistrellus pipistrellus,0.469,0.57,-1,Echolocation,192000.0,/mnt/ubna_data_06/recover-20251030/UBNA_027/20251030_031000.WAV,recover-20251030,UBNA_027,E18 Bridge
HF,48000.0,11.455209243837551,162.3775,162.3854,46093.0,61976.0,Pipistrellus pipistrellus,0.446,0.56,-1,Echolocation,192000.0,/mnt/ubna_data_06/recover-20251030/UBNA_027/20251030_031000.WAV,recover-20251030,UBNA_027,E18 Bridge
HF,48000.0,7.8357674388079,162.4685,162.4766,45234.0,59884.0,Pipistrellus pipistrellus,0.441,0.567,-1,Echolocation,192000.0,/mnt/ubna_data_06/recover-20251030/UBNA_027/20251030_031000.WAV,recover-20251030,UBNA_027,E18 Bridge
HF,47040.0,12.243461890327694,162.5585,162.5661,45234.0,62553.0,Pipistrellus pipistrellus,0.522,0.663,-1,Echolocation,192000.0,/mnt/ubna_data_06/recover-20251030/UBNA_027/20251030_031000.WAV,recover-20251030,UBNA_027,E18 Bridge
HF,46080.0,11.013444217997034,162.6855,162.6914,46093.0,59759.0,Pipistrellus pipistrellus,0.5,0.594,-1,Echolocation,192000.0,/mnt/ubna_data_06/recover-20251030/UBNA_027/20251030_031000.WAV,recover-20251030,UBNA_027,E18 Bridge
HF,46080.0,16.013213812113896,162.9015,162.9085,46093.0,61120.0,Pipistrellus pipistrellus,0.52,0.682,-1,Echolocation,192000.0,/mnt/ubna_data_06/recover-20251030/UBNA_027/20251030_031000.WAV,recover-20251030,UBNA_027,E18 Bridge
HF,46080.0,10.990430980804238,162.9905,162.9981,45234.0,61938.0,Pipistrellus pipistrellus,0.566,0.694,-1,Echolocation,192000.0,/mnt/ubna_data_06/recover-20251030/UBNA_027/20251030_031000.WAV,recover-20251030,UBNA_027,E18 Bridge
HF,47040.0,17.552859955866463,163.0845,163.0929,43515.0,63304.0,Pipistrellus pipistrellus,0.533,0.668,-1,Echolocation,192000.0,/mnt/ubna_data_06/recover-20251030/UBNA_027/20251030_031000.WAV,recover-20251030,UBNA_027,E18 Bridge
HF,46080.0,11.40024525982966,163.1755,163.1834,45234.0,62486.0,Pipistrellus pipistrellus,0.499,0.614,-1,Echolocation,192000.0,/mnt/ubna_data_06/recover-20251030/UBNA_027/20251030_031000.WAV,recover-20251030,UBNA_027,E18 Bridge
HF,46080.0,10.248757419430273,163.2665,163.2722,45234.0,63679.0,Pipistrellus pipistrellus,0.59,0.63,-1,Echolocation,192000.0,/mnt/ubna_data_06/recover-20251030/UBNA_027/20251030_031000.WAV,recover-20251030,UBNA_027,E18 Bridge
HF,46080.0,18.804927836661992,163.3565,163.3622,44375.0,62810.0,Pipistrellus pipistrellus,0.605,0.684,-1,Echolocation,192000.0,/mnt/ubna_data_06/recover-20251030/UBNA_027/20251030_031000.WAV,recover-20251030,UBNA_027,E18 Bridge
HF,48000.0,14.855705539808028,163.44650000000001,163.4538,45234.0,63301.0,Pipistrellus pipistrellus,0.551,0.68,-1,Echolocation,192000.0,/mnt/ubna_data_06/recover-20251030/UBNA_027/20251030_031000.WAV,recover-20251030,UBNA_027,E18 Bridge
HF,48000.0,24.773765016561274,163.5355,163.5421,45234.0,64260.0,Pipistrellus pipistrellus,0.579,0.684,-1,Echolocation,192000.0,/mnt/ubna_data_06/recover-20251030/UBNA_027/20251030_031000.WAV,recover-20251030,UBNA_027,E18 Bridge
HF,47040.0,18.667053690067988,163.6275,163.635,45234.0,66919.0,Pipistrellus pipistrellus,0.573,0.652,-1,Echolocation,192000.0,/mnt/ubna_data_06/recover-20251030/UBNA_027/20251030_031000.WAV,recover-20251030,UBNA_027,E18 Bridge
HF,46080.0,23.0311418361099,163.7175,163.7241,43515.0,63331.0,Pipistrellus pipistrellus,0.561,0.642,-1,Echolocation,192000.0,/mnt/ubna_data_06/recover-20251030/UBNA_027/20251030_031000.WAV,recover-20251030,UBNA_027,E18 Bridge
HF,45120.0,21.41096449233466,163.8105,163.818,43515.0,67973.0,Pipistrellus pipistrellus,0.611,0.668,-1,Echolocation,192000.0,/mnt/ubna_data_06/recover-20251030/UBNA_027/20251030_031000.WAV,recover-20251030,UBNA_027,E18 Bridge
HF,46080.0,18.798939828378472,163.9025,163.909,43515.0,68480.0,Pipistrellus pipistrellus,0.581,0.667,-1,Echolocation,192000.0,/mnt/ubna_data_06/recover-20251030/UBNA_027/20251030_031000.WAV,recover-20251030,UBNA_027,E18 Bridge
HF,45120.0,21.403966935742776,164.1455,164.1514,41796.0,72560.0,Pipistrellus pipistrellus,0.588,0.631,-1,Echolocation,192000.0,/mnt/ubna_data_06/recover-20251030/UBNA_027/20251030_031000.WAV,recover-20251030,UBNA_027,E18 Bridge
HF,45120.0,27.873012641113064,164.2355,164.2414,41796.0,73296.0,Pipistrellus pipistrellus,0.585,0.643,-1,Echolocation,192000.0,/mnt/ubna_data_06/recover-20251030/UBNA_027/20251030_031000.WAV,recover-20251030,UBNA_027,E18 Bridge
HF,46080.0,25.03262631740977,164.32150000000001,164.3287,42656.0,77113.0,Pipistrellus pipistrellus,0.604,0.669,-1,Echolocation,192000.0,/mnt/ubna_data_06/recover-20251030/UBNA_027/20251030_031000.WAV,recover-20251030,UBNA_027,E18 Bridge
HF,47040.0,20.014508934812,164.4105,164.4175,43515.0,64627.0,Pipistrellus pipistrellus,0.52,0.59,-1,Echolocation,192000.0,/mnt/ubna_data_06/recover-20251030/UBNA_027/20251030_031000.WAV,recover-20251030,UBNA_027,E18 Bridge
HF,46080.0,25.33179382432031,164.4985,164.5051,41796.0,75294.0,Pipistrellus pipistrellus,0.546,0.622,-1,Echolocation,192000.0,/mnt/ubna_data_06/recover-20251030/UBNA_027/20251030_031000.WAV,recover-20251030,UBNA_027,E18 Bridge
HF,48000.0,28.532482582907477,164.5915,164.598,41796.0,70235.0,Pipistrellus pipistrellus,0.463,0.586,-1,Echolocation,192000.0,/mnt/ubna_data_06/recover-20251030/UBNA_027/20251030_031000.WAV,recover-20251030,UBNA_027,E18 Bridge
HF,47040.0,31.6146809588692,164.6845,164.6909,44375.0,71182.0,Pipistrellus pipistrellus,0.578,0.64,-1,Echolocation,192000.0,/mnt/ubna_data_06/recover-20251030/UBNA_027/20251030_031000.WAV,recover-20251030,UBNA_027,E18 Bridge
HF,47040.0,26.437755894237263,164.7805,164.7862,43515.0,65953.0,Pipistrellus pipistrellus,0.538,0.605,-1,Echolocation,192000.0,/mnt/ubna_data_06/recover-20251030/UBNA_027/20251030_031000.WAV,recover-20251030,UBNA_027,E18 Bridge
HF,46080.0,30.300318428431066,164.8745,164.8812,41796.0,72453.0,Pipistrellus pipistrellus,0.484,0.558,-1,Echolocation,192000.0,/mnt/ubna_data_06/recover-20251030/UBNA_027/20251030_031000.WAV,recover-20251030,UBNA_027,E18 Bridge
HF,48000.0,21.52627726361331,164.9725,164.9788,42656.0,64611.0,Pipistrellus pipistrellus,0.559,0.6,-1,Echolocation,192000.0,/mnt/ubna_data_06/recover-20251030/UBNA_027/20251030_031000.WAV,recover-20251030,UBNA_027,E18 Bridge
HF,51840.0,26.58913689454868,165.0635,165.072,40937.0,69008.0,Pipistrellus pipistrellus,0.508,0.594,-1,Echolocation,192000.0,/mnt/ubna_data_06/recover-20251030/UBNA_027/20251030_031000.WAV,recover-20251030,UBNA_027,E18 Bridge
HF,46080.0,14.765273759381408,165.1575,165.1645,43515.0,58975.0,Pipistrellus pipistrellus,0.493,0.535,-1,Echolocation,192000.0,/mnt/ubna_data_06/recover-20251030/UBNA_027/20251030_031000.WAV,recover-20251030,UBNA_027,E18 Bridge
HF,48960.0,24.020197573045458,165.2345,165.2417,45234.0,73063.0,Pipistrellus pipistrellus,0.556,0.646,-1,Echolocation,192000.0,/mnt/ubna_data_06/recover-20251030/UBNA_027/20251030_031000.WAV,recover-20251030,UBNA_027,E18 Bridge
HF,51840.0,19.789148742704505,165.2935,165.2999,46953.0,68328.0,Pipistrellus pipistrellus,0.579,0.691,-1,Echolocation,192000.0,/mnt/ubna_data_06/recover-20251030/UBNA_027/20251030_031000.WAV,recover-20251030,UBNA_027,E18 Bridge
HF,48000.0,19.452012585454924,165.3645,165.3712,44375.0,71654.0,Pipistrellus pipistrellus,0.63,0.681,-1,Echolocation,192000.0,/mnt/ubna_data_06/recover-20251030/UBNA_027/20251030_031000.WAV,recover-20251030,UBNA_027,E18 Bridge
HF,47040.0,21.410239629270148,165.4555,165.4616,44375.0,67407.0,Pipistrellus pipistrellus,0.656,0.69,-1,Echolocation,192000.0,/mnt/ubna_data_06/recover-20251030/UBNA_027/20251030_031000.WAV,recover-20251030,UBNA_027,E18 Bridge
HF,46080.0,14.524954152791928,165.5305,165.5368,45234.0,63004.0,Pipistrellus pipistrellus,0.623,0.688,-1,Echolocation,192000.0,/mnt/ubna_data_06/recover-20251030/UBNA_027/20251030_031000.WAV,recover-20251030,UBNA_027,E18 Bridge
HF,46080.0,18.40311088223715,165.6005,165.6091,44375.0,65229.0,Pipistrellus pipistrellus,0.443,0.619,-1,Echolocation,192000.0,/mnt/ubna_data_06/recover-20251030/UBNA_027/20251030_031000.WAV,recover-20251030,UBNA_027,E18 Bridge
HF,48000.0,20.505353335129122,165.66649999999998,165.6717,45234.0,66516.0,Pipistrellus pipistrellus,0.595,0.655,-1,Echolocation,192000.0,/mnt/ubna_data_06/recover-20251030/UBNA_027/20251030_031000.WAV,recover-20251030,UBNA_027,E18 Bridge
HF,48960.0,13.027910268947311,165.7305,165.7373,46953.0,60119.0,Pipistrellus pipistrellus,0.552,0.589,-1,Echolocation,192000.0,/mnt/ubna_data_06/recover-20251030/UBNA_027/20251030_031000.WAV,recover-20251030,UBNA_027,E18 Bridge
HF,47040.0,12.967385550680335,165.79149999999998,165.8014,45234.0,63120.0,Pipistrellus pipistrellus,0.481,0.583,-1,Echolocation,192000.0,/mnt/ubna_data_06/recover-20251030/UBNA_027/20251030_031000.WAV,recover-20251030,UBNA_027,E18 Bridge
HF,48000.0,4.165734218653462,165.8585,165.868,46093.0,58176.0,Pipistrellus pipistrellus,0.329,0.355,-1,Echolocation,192000.0,/mnt/ubna_data_06/recover-20251030/UBNA_027/20251030_031000.WAV,recover-20251030,UBNA_027,E18 Bridge
HF,46080.0,14.477630768922747,165.9435,165.9505,44375.0,60587.0,Pipistrellus pipistrellus,0.568,0.61,-1,Echolocation,192000.0,/mnt/ubna_data_06/recover-20251030/UBNA_027/20251030_031000.WAV,recover-20251030,UBNA_027,E18 Bridge
HF,51840.0,9.29575131479532,166.0135,166.0194,46953.0,61029.0,Pipistrellus pipistrellus,0.451,0.594,-1,Echolocation,192000.0,/mnt/ubna_data_06/recover-20251030/UBNA_027/20251030_031000.WAV,recover-20251030,UBNA_027,E18 Bridge
HF,51840.0,7.356732341837158,166.0705,166.0775,49531.0,63916.0,Pipistrellus pipistrellus,0.444,0.504,-1,Echolocation,192000.0,/mnt/ubna_data_06/recover-20251030/UBNA_027/20251030_031000.WAV,recover-20251030,UBNA_027,E18 Bridge
HF,47040.0,9.070048972288863,166.2165,166.224,46093.0,56215.0,Pipistrellus pipistrellus,0.36,0.395,-1,Echolocation,192000.0,/mnt/ubna_data_06/recover-20251030/UBNA_027/20251030_031000.WAV,recover-20251030,UBNA_027,E18 Bridge
HF,46080.0,7.289940677670973,166.5005,166.5086,45234.0,56690.0,Pipistrellus pipistrellus,0.495,0.624,-1,Echolocation,192000.0,/mnt/ubna_data_06/recover-20251030/UBNA_027/20251030_031000.WAV,recover-20251030,UBNA_027,E18 Bridge
HF,45120.0,6.963226063734672,166.9265,166.9368,45234.0,55148.0,Pipistrellus pipistrellus,0.379,0.509,-1,Echolocation,192000.0,/mnt/ubna_data_06/recover-20251030/UBNA_027/20251030_031000.WAV,recover-20251030,UBNA_027,E18 Bridge
HF,46080.0,4.187420375692078,177.2235,177.2312,45234.0,58447.0,Pipistrellus pipistrellus,0.332,0.393,-1,Echolocation,192000.0,/mnt/ubna_data_06/recover-20251030/UBNA_027/20251030_031000.WAV,recover-20251030,UBNA_027,E18 Bridge
HF,46080.0,4.335518277148141,177.5585,177.568,45234.0,53710.0,Pipistrellus pipistrellus,0.311,0.411,-1,Echolocation,192000.0,/mnt/ubna_data_06/recover-20251030/UBNA_027/20251030_031000.WAV,recover-20251030,UBNA_027,E18 Bridge
HF,46080.0,12.891697892150338,178.1175,178.1251,44375.0,62837.0,Pipistrellus pipistrellus,0.529,0.602,-1,Echolocation,192000.0,/mnt/ubna_data_06/recover-20251030/UBNA_027/20251030_031000.WAV,recover-20251030,UBNA_027,E18 Bridge
HF,46080.0,8.664675302029286,178.2005,178.20850000000002,45234.0,63733.0,Pipistrellus pipistrellus,0.582,0.698,-1,Echolocation,192000.0,/mnt/ubna_data_06/recover-20251030/UBNA_027/20251030_031000.WAV,recover-20251030,UBNA_027,E18 Bridge
HF,46080.0,9.524843211371078,178.2825,178.2921,45234.0,62785.0,Pipistrellus pipistrellus,0.46,0.589,-1,Echolocation,192000.0,/mnt/ubna_data_06/recover-20251030/UBNA_027/20251030_031000.WAV,recover-20251030,UBNA_027,E18 Bridge
HF,46080.0,9.40400201799693,178.4415,178.4505,45234.0,64726.0,Pipistrellus pipistrellus,0.471,0.625,-1,Echolocation,192000.0,/mnt/ubna_data_06/recover-20251030/UBNA_027/20251030_031000.WAV,recover-20251030,UBNA_027,E18 Bridge
HF,46080.0,3.5174915713977297,178.5265,178.5353,46093.0,59095.0,Pipistrellus pipistrellus,0.365,0.381,-1,Echolocation,192000.0,/mnt/ubna_data_06/recover-20251030/UBNA_027/20251030_031000.WAV,recover-20251030,UBNA_027,E18 Bridge
HF,46080.0,11.081962669591581,178.6105,178.6195,45234.0,63159.0,Pipistrellus pipistrellus,0.494,0.666,-1,Echolocation,192000.0,/mnt/ubna_data_06/recover-20251030/UBNA_027/20251030_031000.WAV,recover-20251030,UBNA_027,E18 Bridge
HF,48960.0,2.624126939653333,178.6985,178.7062,46953.0,62003.0,Pipistrellus pipistrellus,0.292,0.343,-1,Echolocation,192000.0,/mnt/ubna_data_06/recover-20251030/UBNA_027/20251030_031000.WAV,recover-20251030,UBNA_027,E18 Bridge
HF,46080.0,8.690130439350343,178.7875,178.79919999999998,45234.0,62666.0,Pipistrellus pipistrellus,0.39,0.531,-1,Echolocation,192000.0,/mnt/ubna_data_06/recover-20251030/UBNA_027/20251030_031000.WAV,recover-20251030,UBNA_027,E18 Bridge
HF,46080.0,4.801281580820891,178.8755,178.8833,46953.0,60798.0,Pipistrellus pipistrellus,0.456,0.482,-1,Echolocation,192000.0,/mnt/ubna_data_06/recover-20251030/UBNA_027/20251030_031000.WAV,recover-20251030,UBNA_027,E18 Bridge
HF,47040.0,9.542804239835542,178.9635,178.9729,45234.0,63894.0,Pipistrellus pipistrellus,0.472,0.601,-1,Echolocation,192000.0,/mnt/ubna_data_06/recover-20251030/UBNA_027/20251030_031000.WAV,recover-20251030,UBNA_027,E18 Bridge
HF,46080.0,5.244048919203207,179.05349999999999,179.0641,44375.0,62499.0,Pipistrellus pipistrellus,0.379,0.48,-1,Echolocation,192000.0,/mnt/ubna_data_06/recover-20251030/UBNA_027/20251030_031000.WAV,recover-20251030,UBNA_027,E18 Bridge
HF,46080.0,15.10335284146748,179.1415,179.15,45234.0,62635.0,Pipistrellus pipistrellus,0.515,0.64,-1,Echolocation,192000.0,/mnt/ubna_data_06/recover-20251030/UBNA_027/20251030_031000.WAV,recover-20251030,UBNA_027,E18 Bridge
HF,47040.0,16.834170046601898,179.2265,179.2373,44375.0,66105.0,Pipistrellus pipistrellus,0.534,0.618,-1,Echolocation,192000.0,/mnt/ubna_data_06/recover-20251030/UBNA_027/20251030_031000.WAV,recover-20251030,UBNA_027,E18 Bridge
HF,46080.0,9.612484461929743,179.3135,179.3264,44375.0,63085.0,Pipistrellus pipistrellus,0.447,0.586,-1,Echolocation,192000.0,/mnt/ubna_data_06/recover-20251030/UBNA_027/20251030_031000.WAV,recover-20251030,UBNA_027,E18 Bridge
HF,47040.0,5.570163820567387,179.39249999999998,179.4021,46953.0,62358.0,Pipistrellus pipistrellus,0.457,0.576,-1,Echolocation,192000.0,/mnt/ubna_data_06/recover-20251030/UBNA_027/20251030_031000.WAV,recover-20251030,UBNA_027,E18 Bridge
HF,47040.0,15.43465887536772,179.4715,179.4788,44375.0,65830.0,Pipistrellus pipistrellus,0.568,0.642,-1,Echolocation,192000.0,/mnt/ubna_data_06/recover-20251030/UBNA_027/20251030_031000.WAV,recover-20251030,UBNA_027,E18 Bridge
HF,48000.0,14.177200594509538,179.5585,179.56889999999999,45234.0,65076.0,Pipistrellus pipistrellus,0.493,0.583,-1,Echolocation,192000.0,/mnt/ubna_data_06/recover-20251030/UBNA_027/20251030_031000.WAV,recover-20251030,UBNA_027,E18 Bridge
HF,46080.0,17.96796600189671,179.6515,179.6621,43515.0,65218.0,Pipistrellus pipistrellus,0.517,0.642,-1,Echolocation,192000.0,/mnt/ubna_data_06/recover-20251030/UBNA_027/20251030_031000.WAV,recover-20251030,UBNA_027,E18 Bridge
HF,46080.0,17.04491719924654,179.7455,179.7572,44375.0,66812.0,Pipistrellus pipistrellus,0.484,0.612,-1,Echolocation,192000.0,/mnt/ubna_data_06/recover-20251030/UBNA_027/20251030_031000.WAV,recover-20251030,UBNA_027,E18 Bridge
HF,47040.0,19.06434577284968,179.8435,179.8552,43515.0,66568.0,Pipistrellus pipistrellus,0.517,0.638,-1,Echolocation,192000.0,/mnt/ubna_data_06/recover-20251030/UBNA_027/20251030_031000.WAV,recover-20251030,UBNA_027,E18 Bridge
HF,46080.0,19.223108581138785,179.9365,179.945,44375.0,68148.0,Pipistrellus pipistrellus,0.499,0.662,-1,Echolocation,192000.0,/mnt/ubna_data_06/recover-20251030/UBNA_027/20251030_031000.WAV,recover-20251030,UBNA_027,E18 Bridge
HF,47040.0,19.51376147374016,180.0305,180.0402,44375.0,63213.0,Pipistrellus pipistrellus,0.52,0.573,-1,Echolocation,192000.0,/mnt/ubna_data_06/recover-20251030/UBNA_027/20251030_031000.WAV,recover-20251030,UBNA_027,E18 Bridge
HF,48000.0,20.007945796219012,180.1205,180.1284,43515.0,73273.0,Pipistrellus pipistrellus,0.314,0.589,-1,Echolocation,192000.0,/mnt/ubna_data_06/recover-20251030/UBNA_027/20251030_031000.WAV,recover-20251030,UBNA_027,E18 Bridge
HF,47040.0,23.084134814122645,180.2095,180.2169,44375.0,69715.0,Pipistrellus pipistrellus,0.574,0.636,-1,Echolocation,192000.0,/mnt/ubna_data_06/recover-20251030/UBNA_027/20251030_031000.WAV,recover-20251030,UBNA_027,E18 Bridge
HF,46080.0,24.824364127382946,180.3315,180.3377,45234.0,66741.0,Pipistrellus pipistrellus,0.606,0.715,-1,Echolocation,192000.0,/mnt/ubna_data_06/recover-20251030/UBNA_027/20251030_031000.WAV,recover-20251030,UBNA_027,E18 Bridge
HF,46080.0,21.4818179850516,180.4135,180.4206,44375.0,63216.0,Pipistrellus pipistrellus,0.576,0.672,-1,Echolocation,192000.0,/mnt/ubna_data_06/recover-20251030/UBNA_027/20251030_031000.WAV,recover-20251030,UBNA_027,E18 Bridge
HF,47040.0,29.017845811728172,180.5005,180.5063,44375.0,69866.0,Pipistrellus pipistrellus,0.611,0.671,-1,Echolocation,192000.0,/mnt/ubna_data_06/recover-20251030/UBNA_027/20251030_031000.WAV,recover-20251030,UBNA_027,E18 Bridge
HF,48000.0,23.750610030877407,180.5705,180.5771,44375.0,77773.0,Pipistrellus pipistrellus,0.422,0.574,-1,Echolocation,192000.0,/mnt/ubna_data_06/recover-20251030/UBNA_027/20251030_031000.WAV,recover-20251030,UBNA_027,E18 Bridge
HF,48000.0,22.278002784029326,180.6715,180.6769,44375.0,64360.0,Pipistrellus pipistrellus,0.637,0.679,-1,Echolocation,192000.0,/mnt/ubna_data_06/recover-20251030/UBNA_027/20251030_031000.WAV,recover-20251030,UBNA_027,E18 Bridge
HF,46080.0,28.605018568042095,180.7605,180.767,43515.0,83560.0,Pipistrellus pipistrellus,0.521,0.597,-1,Echolocation,192000.0,/mnt/ubna_data_06/recover-20251030/UBNA_027/20251030_031000.WAV,recover-20251030,UBNA_027,E18 Bridge
HF,46080.0,18.599059931609013,180.8545,180.8602,45234.0,65710.0,Pipistrellus pipistrellus,0.676,0.728,-1,Echolocation,192000.0,/mnt/ubna_data_06/recover-20251030/UBNA_027/20251030_031000.WAV,recover-20251030,UBNA_027,E18 Bridge
HF,46080.0,17.315664387173438,180.9415,180.9463,45234.0,64771.0,Pipistrellus pipistrellus,0.66,0.689,-1,Echolocation,192000.0,/mnt/ubna_data_06/recover-20251030/UBNA_027/20251030_031000.WAV,recover-20251030,UBNA_027,E18 Bridge
HF,46080.0,29.829292053510876,181.0305,181.0361,43515.0,71347.0,Pipistrellus pipistrellus,0.598,0.634,-1,Echolocation,192000.0,/mnt/ubna_data_06/recover-20251030/UBNA_027/20251030_031000.WAV,recover-20251030,UBNA_027,E18 Bridge
HF,48000.0,18.199873761960596,181.1245,181.1302,45234.0,66595.0,Pipistrellus pipistrellus,0.658,0.694,-1,Echolocation,192000.0,/mnt/ubna_data_06/recover-20251030/UBNA_027/20251030_031000.WAV,recover-20251030,UBNA_027,E18 Bridge
HF,48000.0,17.681344187851053,181.2245,181.2299,43515.0,65343.0,Pipistrellus pipistrellus,0.524,0.581,-1,Echolocation,192000.0,/mnt/ubna_data_06/recover-20251030/UBNA_027/20251030_031000.WAV,recover-20251030,UBNA_027,E18 Bridge
HF,46080.0,29.147271891427394,181.3215,181.3264,43515.0,65609.0,Pipistrellus pipistrellus,0.58,0.608,-1,Echolocation,192000.0,/mnt/ubna_data_06/recover-20251030/UBNA_027/20251030_031000.WAV,recover-20251030,UBNA_027,E18 Bridge
HF,47040.0,19.863375801957698,181.4185,181.4256,43515.0,72112.0,Pipistrellus pipistrellus,0.489,0.612,-1,Echolocation,192000.0,/mnt/ubna_data_06/recover-20251030/UBNA_027/20251030_031000.WAV,recover-20251030,UBNA_027,E18 Bridge
HF,47040.0,30.89897830394806,181.5195,181.525,43515.0,70658.0,Pipistrellus pipistrellus,0.588,0.636,-1,Echolocation,192000.0,/mnt/ubna_data_06/recover-20251030/UBNA_027/20251030_031000.WAV,recover-20251030,UBNA_027,E18 Bridge
HF,45120.0,20.251918574694546,181.6115,181.6173,43515.0,68090.0,Pipistrellus pipistrellus,0.589,0.64,-1,Echolocation,192000.0,/mnt/ubna_data_06/recover-20251030/UBNA_027/20251030_031000.WAV,recover-20251030,UBNA_027,E18 Bridge
HF,47040.0,36.828873210222326,181.7105,181.7167,44375.0,70995.0,Pipistrellus pipistrellus,0.509,0.617,-1,Echolocation,192000.0,/mnt/ubna_data_06/recover-20251030/UBNA_027/20251030_031000.WAV,recover-20251030,UBNA_027,E18 Bridge
HF,46080.0,28.277661358793196,181.8165,181.8229,43515.0,68155.0,Pipistrellus pipistrellus,0.595,0.647,-1,Echolocation,192000.0,/mnt/ubna_data_06/recover-20251030/UBNA_027/20251030_031000.WAV,recover-20251030,UBNA_027,E18 Bridge
HF,48000.0,35.78682232423909,181.9105,181.9159,43515.0,67213.0,Pipistrellus pipistrellus,0.551,0.595,-1,Echolocation,192000.0,/mnt/ubna_data_06/recover-20251030/UBNA_027/20251030_031000.WAV,recover-20251030,UBNA_027,E18 Bridge
HF,45120.0,24.5017400417497,182.0085,182.0146,42656.0,63508.0,Pipistrellus pipistrellus,0.406,0.486,-1,Echolocation,192000.0,/mnt/ubna_data_06/recover-20251030/UBNA_027/20251030_031000.WAV,recover-20251030,UBNA_027,E18 Bridge
HF,48000.0,41.09940602918176,182.0955,182.1018,42656.0,65988.0,Pipistrellus pipistrellus,0.397,0.468,-1,Echolocation,192000.0,/mnt/ubna_data_06/recover-20251030/UBNA_027/20251030_031000.WAV,recover-20251030,UBNA_027,E18 Bridge
HF,48000.0,24.489576089433584,182.1925,182.1988,41796.0,63270.0,Pipistrellus pipistrellus,0.397,0.51,-1,Echolocation,192000.0,/mnt/ubna_data_06/recover-20251030/UBNA_027/20251030_031000.WAV,recover-20251030,UBNA_027,E18 Bridge
HF,45120.0,41.01561889008502,182.3565,182.3619,41796.0,67101.0,Pipistrellus pipistrellus,0.486,0.551,-1,Echolocation,192000.0,/mnt/ubna_data_06/recover-20251030/UBNA_027/20251030_031000.WAV,recover-20251030,UBNA_027,E18 Bridge
HF,46080.0,31.52174761769701,182.4405,182.4474,43515.0,73571.0,Pipistrellus pipistrellus,0.349,0.564,-1,Echolocation,192000.0,/mnt/ubna_data_06/recover-20251030/UBNA_027/20251030_031000.WAV,recover-20251030,UBNA_027,E18 Bridge
HF,46080.0,14.28808361080234,182.5385,182.5463,43515.0,61397.0,Pipistrellus pipistrellus,0.577,0.661,-1,Echolocation,192000.0,/mnt/ubna_data_06/recover-20251030/UBNA_027/20251030_031000.WAV,recover-20251030,UBNA_027,E18 Bridge
HF,46080.0,16.549703136393017,182.6195,182.6261,43515.0,60934.0,Pipistrellus pipistrellus,0.577,0.619,-1,Echolocation,192000.0,/mnt/ubna_data_06/recover-20251030/UBNA_027/20251030_031000.WAV,recover-20251030,UBNA_027,E18 Bridge
HF,44160.0,27.54280537571567,182.7055,182.7119,40937.0,68897.0,Pipistrellus pipistrellus,0.276,0.547,-1,Echolocation,192000.0,/mnt/ubna_data_06/recover-20251030/UBNA_027/20251030_031000.WAV,recover-20251030,UBNA_027,E18 Bridge
HF,46080.0,14.009134132137422,182.8055,182.8118,43515.0,58257.0,Pipistrellus pipistrellus,0.596,0.624,-1,Echolocation,192000.0,/mnt/ubna_data_06/recover-20251030/UBNA_027/20251030_031000.WAV,recover-20251030,UBNA_027,E18 Bridge
HF,46080.0,11.98260975550447,182.9005,182.9089,44375.0,54706.0,Pipistrellus pipistrellus,0.599,0.652,-1,Echolocation,192000.0,/mnt/ubna_data_06/recover-20251030/UBNA_027/20251030_031000.WAV,recover-20251030,UBNA_027,E18 Bridge
HF,46080.0,34.533224411378,182.9795,182.9863,43515.0,61292.0,Pipistrellus pipistrellus,0.571,0.688,-1,Echolocation,192000.0,/mnt/ubna_data_06/recover-20251030/UBNA_027/20251030_031000.WAV,recover-20251030,UBNA_027,E18 Bridge
HF,44160.0,23.45072439154986,183.0705,183.0765,42656.0,62000.0,Pipistrellus pipistrellus,0.498,0.554,-1,Echolocation,192000.0,/mnt/ubna_data_06/recover-20251030/UBNA_027/20251030_031000.WAV,recover-20251030,UBNA_027,E18 Bridge
HF,46080.0,12.316027197410168,183.1675,183.1775,44375.0,58283.0,Pipistrellus pipistrellus,0.538,0.629,-1,Echolocation,192000.0,/mnt/ubna_data_06/recover-20251030/UBNA_027/20251030_031000.WAV,recover-20251030,UBNA_027,E18 Bridge
HF,45120.0,22.670466219590573,183.2595,183.2663,41796.0,63628.0,Pipistrellus pipistrellus,0.357,0.418,-1,Echolocation,192000.0,/mnt/ubna_data_06/recover-20251030/UBNA_027/20251030_031000.WAV,recover-20251030,UBNA_027,E18 Bridge
HF,44160.0,24.44181952767641,183.3585,183.3646,40937.0,67148.0,Pipistrellus pipistrellus,0.199,0.429,-1,Echolocation,192000.0,/mnt/ubna_data_06/recover-20251030/UBNA_027/20251030_031000.WAV,recover-20251030,UBNA_027,E18 Bridge
HF,45120.0,21.804416730860158,183.5345,183.5402,41796.0,67361.0,Pipistrellus pipistrellus,0.167,0.316,-1,Echolocation,192000.0,/mnt/ubna_data_06/recover-20251030/UBNA_027/20251030_031000.WAV,recover-20251030,UBNA_027,E18 Bridge
HF,45120.0,22.01776915036541,183.6095,183.6157,41796.0,68451.0,Pipistrellus pipistrellus,0.178,0.406,-1,Echolocation,192000.0,/mnt/ubna_data_06/recover-20251030/UBNA_027/20251030_031000.WAV,recover-20251030,UBNA_027,E18 Bridge
HF,44160.0,5.415630435754924,183.6875,183.6976,43515.0,49360.0,Pipistrellus pipistrellus,0.344,0.355,-1,Echolocation,192000.0,/mnt/ubna_data_06/recover-20251030/UBNA_027/20251030_031000.WAV,recover-20251030,UBNA_027,E18 Bridge
HF,45120.0,12.129399076683146,183.8675,183.8755,44375.0,55537.0,Pipistrellus pipistrellus,0.535,0.576,-1,Echolocation,192000.0,/mnt/ubna_data_06/recover-20251030/UBNA_027/20251030_031000.WAV,recover-20251030,UBNA_027,E18 Bridge
HF,45120.0,13.851290692251778,183.9545,183.9641,44375.0,57511.0,Pipistrellus pipistrellus,0.492,0.547,-1,Echolocation,192000.0,/mnt/ubna_data_06/recover-20251030/UBNA_027/20251030_031000.WAV,recover-20251030,UBNA_027,E18 Bridge
HF,45120.0,12.023941206949695,184.2125,184.2188,43515.0,54420.0,Pipistrellus pipistrellus,0.274,0.518,-1,Echolocation,192000.0,/mnt/ubna_data_06/recover-20251030/UBNA_027/20251030_031000.WAV,recover-20251030,UBNA_027,E18 Bridge
HF,45120.0,12.005297875620379,184.4115,184.4194,42656.0,56284.0,Pipistrellus pipistrellus,0.301,0.556,-1,Echolocation,192000.0,/mnt/ubna_data_06/recover-20251030/UBNA_027/20251030_031000.WAV,recover-20251030,UBNA_027,E18 Bridge
HF,45120.0,12.465969379035153,184.5185,184.5253,44375.0,52502.0,Pipistrellus pipistrellus,0.369,0.568,-1,Echolocation,192000.0,/mnt/ubna_data_06/recover-20251030/UBNA_027/20251030_031000.WAV,recover-20251030,UBNA_027,E18 Bridge
HF,45120.0,11.288008687973685,184.7085,184.7151,40937.0,56916.0,Pipistrellus nathusii,0.115,0.328,-1,Echolocation,192000.0,/mnt/ubna_data_06/recover-20251030/UBNA_027/20251030_031000.WAV,recover-20251030,UBNA_027,E18 Bridge
HF,46080.0,7.94410385639371,184.9035,184.9111,43515.0,51819.0,Pipistrellus pipistrellus,0.191,0.473,-1,Echolocation,192000.0,/mnt/ubna_data_06/recover-20251030/UBNA_027/20251030_031000.WAV,recover-20251030,UBNA_027,E18 Bridge
HF,46080.0,5.107982956614255,186.7495,186.7565,44375.0,50722.0,Pipistrellus pipistrellus,0.424,0.508,-1,Echolocation,192000.0,/mnt/ubna_data_06/recover-20251030/UBNA_027/20251030_031000.WAV,recover-20251030,UBNA_027,E18 Bridge
HF,45120.0,5.16845443539731,188.1815,188.18880000000001,43515.0,55056.0,Pipistrellus pipistrellus,0.296,0.46,-1,Echolocation,192000.0,/mnt/ubna_data_06/recover-20251030/UBNA_027/20251030_031000.WAV,recover-20251030,UBNA_027,E18 Bridge
HF,45120.0,7.792435754128519,188.3455,188.353,43515.0,53720.0,Pipistrellus pipistrellus,0.214,0.404,-1,Echolocation,192000.0,/mnt/ubna_data_06/recover-20251030/UBNA_027/20251030_031000.WAV,recover-20251030,UBNA_027,E18 Bridge
HF,45120.0,10.696785948366,188.4325,188.4394,42656.0,54072.0,Pipistrellus pipistrellus,0.295,0.544,-1,Echolocation,192000.0,/mnt/ubna_data_06/recover-20251030/UBNA_027/20251030_031000.WAV,recover-20251030,UBNA_027,E18 Bridge
HF,47040.0,8.780766054950842,74.3955,74.4064,46953.0,61053.0,Pipistrellus pipistrellus,0.392,0.509,-1,Echolocation,192000.0,/mnt/ubna_data_06/recover-20251030/UBNA_027/20251030_032000.WAV,recover-20251030,UBNA_027,E18 Bridge
HF,42240.0,6.383585499168893,135.0295,135.049,41796.0,45280.0,Pipistrellus pipistrellus,0.24,0.356,-1,Echolocation,192000.0,/mnt/ubna_data_06/recover-20251030/UBNA_027/20251030_032000.WAV,recover-20251030,UBNA_027,E18 Bridge
HF,47040.0,4.491210007757927,196.1875,196.1969,46093.0,61218.0,Pipistrellus pipistrellus,0.297,0.349,-1,Echolocation,192000.0,/mnt/ubna_data_06/recover-20251030/UBNA_027/20251030_032000.WAV,recover-20251030,UBNA_027,E18 Bridge
HF,52800.0,3.777222873950936,196.8305,196.8396,47812.0,64239.0,Pipistrellus pipistrellus,0.404,0.482,-1,Echolocation,192000.0,/mnt/ubna_data_06/recover-20251030/UBNA_027/20251030_032000.WAV,recover-20251030,UBNA_027,E18 Bridge
HF,51840.0,9.431548904942362,196.9065,196.9161,47812.0,66117.0,Pipistrellus pipistrellus,0.333,0.426,-1,Echolocation,192000.0,/mnt/ubna_data_06/recover-20251030/UBNA_027/20251030_032000.WAV,recover-20251030,UBNA_027,E18 Bridge
HF,51840.0,5.913228148023024,196.9725,196.9809,48671.0,65360.0,Pipistrellus pipistrellus,0.432,0.476,-1,Echolocation,192000.0,/mnt/ubna_data_06/recover-20251030/UBNA_027/20251030_032000.WAV,recover-20251030,UBNA_027,E18 Bridge
HF,51840.0,10.302824023371082,197.0515,197.0599,47812.0,65684.0,Pipistrellus pipistrellus,0.408,0.496,-1,Echolocation,192000.0,/mnt/ubna_data_06/recover-20251030/UBNA_027/20251030_032000.WAV,recover-20251030,UBNA_027,E18 Bridge
HF,48960.0,11.029749684798173,197.1355,197.1438,47812.0,67136.0,Pipistrellus pipistrellus,0.364,0.502,-1,Echolocation,192000.0,/mnt/ubna_data_06/recover-20251030/UBNA_027/20251030_032000.WAV,recover-20251030,UBNA_027,E18 Bridge
HF,55680.0,9.420786975035483,197.2235,197.2315,47812.0,66790.0,Pipistrellus pipistrellus,0.328,0.395,-1,Echolocation,192000.0,/mnt/ubna_data_06/recover-20251030/UBNA_027/20251030_032000.WAV,recover-20251030,UBNA_027,E18 Bridge
HF,50880.0,9.821415086604087,197.3145,197.3234,46953.0,62755.0,Pipistrellus pipistrellus,0.47,0.515,-1,Echolocation,192000.0,/mnt/ubna_data_06/recover-20251030/UBNA_027/20251030_032000.WAV,recover-20251030,UBNA_027,E18 Bridge
HF,48960.0,14.271012871445667,197.4025,197.4116,45234.0,70645.0,Pipistrellus pipistrellus,0.283,0.423,-1,Echolocation,192000.0,/mnt/ubna_data_06/recover-20251030/UBNA_027/20251030_032000.WAV,recover-20251030,UBNA_027,E18 Bridge
HF,52800.0,13.85037775339198,197.4955,197.503,46953.0,66880.0,Pipistrellus pipistrellus,0.481,0.621,-1,Echolocation,192000.0,/mnt/ubna_data_06/recover-20251030/UBNA_027/20251030_032000.WAV,recover-20251030,UBNA_027,E18 Bridge
HF,55680.0,18.4232960387696,197.5815,197.58859999999999,45234.0,71814.0,Pipistrellus pipistrellus,0.329,0.464,-1,Echolocation,192000.0,/mnt/ubna_data_06/recover-20251030/UBNA_027/20251030_032000.WAV,recover-20251030,UBNA_027,E18 Bridge
HF,54720.0,15.80497705248771,197.6435,197.6487,46953.0,67850.0,Pipistrellus pipistrellus,0.332,0.447,-1,Echolocation,192000.0,/mnt/ubna_data_06/recover-20251030/UBNA_027/20251030_032000.WAV,recover-20251030,UBNA_027,E18 Bridge
HF,55680.0,15.164918899291248,197.7105,197.7174,46093.0,70531.0,Pipistrellus pipistrellus,0.292,0.471,-1,Echolocation,192000.0,/mnt/ubna_data_06/recover-20251030/UBNA_027/20251030_032000.WAV,recover-20251030,UBNA_027,E18 Bridge
HF,56640.0,11.884806704042667,197.7725,197.77949999999998,47812.0,69190.0,Pipistrellus pipistrellus,0.317,0.404,-1,Echolocation,192000.0,/mnt/ubna_data_06/recover-20251030/UBNA_027/20251030_032000.WAV,recover-20251030,UBNA_027,E18 Bridge
HF,52800.0,16.341068859486434,197.8395,197.84629999999999,46953.0,72622.0,Pipistrellus pipistrellus,0.253,0.427,-1,Echolocation,192000.0,/mnt/ubna_data_06/recover-20251030/UBNA_027/20251030_032000.WAV,recover-20251030,UBNA_027,E18 Bridge
HF,52800.0,13.327956719123907,197.90449999999998,197.9108,45234.0,65168.0,Pipistrellus pipistrellus,0.233,0.36,-1,Echolocation,192000.0,/mnt/ubna_data_06/recover-20251030/UBNA_027/20251030_032000.WAV,recover-20251030,UBNA_027,E18 Bridge
HF,53760.0,12.181306888741721,197.9635,197.972,48671.0,69148.0,Pipistrellus pipistrellus,0.361,0.472,-1,Echolocation,192000.0,/mnt/ubna_data_06/recover-20251030/UBNA_027/20251030_032000.WAV,recover-20251030,UBNA_027,E18 Bridge
HF,51840.0,20.102447846266756,198.0875,198.0925,46093.0,72342.0,Pipistrellus pipistrellus,0.2,0.488,-1,Echolocation,192000.0,/mnt/ubna_data_06/recover-20251030/UBNA_027/20251030_032000.WAV,recover-20251030,UBNA_027,E18 Bridge
HF,50880.0,16.040240562831688,198.1525,198.1584,46093.0,69649.0,Pipistrellus pipistrellus,0.291,0.516,-1,Echolocation,192000.0,/mnt/ubna_data_06/recover-20251030/UBNA_027/20251030_032000.WAV,recover-20251030,UBNA_027,E18 Bridge
HF,52800.0,20.287712236892197,198.2395,198.2443,44375.0,74749.0,Myotis alcathoe,0.163,0.498,-1,Echolocation,192000.0,/mnt/ubna_data_06/recover-20251030/UBNA_027/20251030_032000.WAV,recover-20251030,UBNA_027,E18 Bridge
HF,53760.0,20.617393798572138,198.3155,198.321,43515.0,73144.0,Myotis alcathoe,0.153,0.383,-1,Echolocation,192000.0,/mnt/ubna_data_06/recover-20251030/UBNA_027/20251030_032000.WAV,recover-20251030,UBNA_027,E18 Bridge
HF,51840.0,19.330317456823373,198.4425,198.4467,45234.0,75343.0,Myotis alcathoe,0.125,0.301,-1,Echolocation,192000.0,/mnt/ubna_data_06/recover-20251030/UBNA_027/20251030_032000.WAV,recover-20251030,UBNA_027,E18 Bridge
HF,51840.0,12.720816409231325,198.5135,198.51760000000002,44375.0,65778.0,Myotis mystacinus,0.215,0.364,-1,Echolocation,192000.0,/mnt/ubna_data_06/recover-20251030/UBNA_027/20251030_032000.WAV,recover-20251030,UBNA_027,E18 Bridge
HF,51840.0,27.696916889024724,198.5905,198.5949,44375.0,72679.0,Pipistrellus pipistrellus,0.222,0.508,-1,Echolocation,192000.0,/mnt/ubna_data_06/recover-20251030/UBNA_027/20251030_032000.WAV,recover-20251030,UBNA_027,E18 Bridge
HF,51840.0,12.79218867019533,198.6555,198.6608,44375.0,68057.0,Myotis alcathoe,0.137,0.458,-1,Echolocation,192000.0,/mnt/ubna_data_06/recover-20251030/UBNA_027/20251030_032000.WAV,recover-20251030,UBNA_027,E18 Bridge
HF,53760.0,29.24782594034289,198.7305,198.7355,42656.0,80935.0,Myotis alcathoe,0.179,0.373,-1,Echolocation,192000.0,/mnt/ubna_data_06/recover-20251030/UBNA_027/20251030_032000.WAV,recover-20251030,UBNA_027,E18 Bridge
HF,51840.0,33.54053941884555,198.8045,198.8101,40078.0,87879.0,Myotis alcathoe,0.253,0.374,-1,Echolocation,192000.0,/mnt/ubna_data_06/recover-20251030/UBNA_027/20251030_032000.WAV,recover-20251030,UBNA_027,E18 Bridge
HF,51840.0,36.06844759963471,198.8045,198.8093,46093.0,71563.0,Pipistrellus pipistrellus,0.311,0.354,-1,Echolocation,192000.0,/mnt/ubna_data_06/recover-20251030/UBNA_027/20251030_032000.WAV,recover-20251030,UBNA_027,E18 Bridge
HF,53760.0,23.37006142915245,198.8675,198.8723,45234.0,64935.0,Pipistrellus pipistrellus,0.116,0.324,-1,Echolocation,192000.0,/mnt/ubna_data_06/recover-20251030/UBNA_027/20251030_032000.WAV,recover-20251030,UBNA_027,E18 Bridge
HF,54720.0,29.33792946774281,198.9385,198.94310000000002,46953.0,68246.0,Pipistrellus pipistrellus,0.461,0.517,-1,Echolocation,192000.0,/mnt/ubna_data_06/recover-20251030/UBNA_027/20251030_032000.WAV,recover-20251030,UBNA_027,E18 Bridge
HF,51840.0,13.472950016894472,199.0315,199.0361,46953.0,70209.0,Pipistrellus pipistrellus,0.302,0.421,-1,Echolocation,192000.0,/mnt/ubna_data_06/recover-20251030/UBNA_027/20251030_032000.WAV,recover-20251030,UBNA_027,E18 Bridge
HF,55680.0,36.216187518378206,199.1195,199.1238,48671.0,70256.0,Pipistrellus pipistrellus,0.324,0.378,-1,Echolocation,192000.0,/mnt/ubna_data_06/recover-20251030/UBNA_027/20251030_032000.WAV,recover-20251030,UBNA_027,E18 Bridge
HF,56640.0,34.24214252619296,199.1205,199.1256,43515.0,79494.0,Myotis alcathoe,0.2,0.396,-1,Echolocation,192000.0,/mnt/ubna_data_06/recover-20251030/UBNA_027/20251030_032000.WAV,recover-20251030,UBNA_027,E18 Bridge
HF,51840.0,25.028990372188716,199.2125,199.2176,45234.0,68146.0,Pipistrellus pipistrellus,0.312,0.395,-1,Echolocation,192000.0,/mnt/ubna_data_06/recover-20251030/UBNA_027/20251030_032000.WAV,recover-20251030,UBNA_027,E18 Bridge
HF,50880.0,7.758281117912676,199.2195,199.2244,41796.0,80944.0,Myotis alcathoe,0.203,0.326,-1,Echolocation,192000.0,/mnt/ubna_data_06/recover-20251030/UBNA_027/20251030_032000.WAV,recover-20251030,UBNA_027,E18 Bridge
HF,48960.0,17.952944769123672,199.3075,199.31119999999999,41796.0,65461.0,Myotis mystacinus,0.281,0.522,-1,Echolocation,192000.0,/mnt/ubna_data_06/recover-20251030/UBNA_027/20251030_032000.WAV,recover-20251030,UBNA_027,E18 Bridge
HF,48000.0,11.775217760480675,199.3915,199.3981,46953.0,63753.0,Pipistrellus pipistrellus,0.401,0.511,-1,Echolocation,192000.0,/mnt/ubna_data_06/recover-20251030/UBNA_027/20251030_032000.WAV,recover-20251030,UBNA_027,E18 Bridge
HF,52800.0,35.74285510203731,199.4655,199.471,42656.0,71729.0,Pipistrellus pipistrellus,0.366,0.525,-1,Echolocation,192000.0,/mnt/ubna_data_06/recover-20251030/UBNA_027/20251030_032000.WAV,recover-20251030,UBNA_027,E18 Bridge
HF,48960.0,14.045785041443786,199.5645,199.5694,45234.0,67816.0,Pipistrellus pipistrellus,0.126,0.332,-1,Echolocation,192000.0,/mnt/ubna_data_06/recover-20251030/UBNA_027/20251030_032000.WAV,recover-20251030,UBNA_027,E18 Bridge
HF,48000.0,27.085800868205546,199.6585,199.6641,42656.0,77819.0,Myotis alcathoe,0.158,0.449,-1,Echolocation,192000.0,/mnt/ubna_data_06/recover-20251030/UBNA_027/20251030_032000.WAV,recover-20251030,UBNA_027,E18 Bridge
HF,48000.0,35.09932845743934,199.7485,199.7537,41796.0,77437.0,Myotis alcathoe,0.18,0.429,-1,Echolocation,192000.0,/mnt/ubna_data_06/recover-20251030/UBNA_027/20251030_032000.WAV,recover-20251030,UBNA_027,E18 Bridge
HF,48000.0,12.909045067491235,199.8415,199.8482,45234.0,58024.0,Pipistrellus pipistrellus,0.332,0.454,-1,Echolocation,192000.0,/mnt/ubna_data_06/recover-20251030/UBNA_027/20251030_032000.WAV,recover-20251030,UBNA_027,E18 Bridge
HF,47040.0,28.132689120053605,199.9295,199.9346,44375.0,70301.0,Pipistrellus pipistrellus,0.559,0.667,-1,Echolocation,192000.0,/mnt/ubna_data_06/recover-20251030/UBNA_027/20251030_032000.WAV,recover-20251030,UBNA_027,E18 Bridge
HF,47040.0,21.088249494279296,200.1175,200.1231,41796.0,70203.0,Pipistrellus pipistrellus,0.137,0.404,-1,Echolocation,192000.0,/mnt/ubna_data_06/recover-20251030/UBNA_027/20251030_032000.WAV,recover-20251030,UBNA_027,E18 Bridge
HF,47040.0,11.426097333228249,200.2685,200.2729,44375.0,60811.0,Pipistrellus pipistrellus,0.108,0.335,-1,Echolocation,192000.0,/mnt/ubna_data_06/recover-20251030/UBNA_027/20251030_032000.WAV,recover-20251030,UBNA_027,E18 Bridge
HF,48960.0,20.31563060706581,200.4415,200.4469,44375.0,66969.0,Pipistrellus pipistrellus,0.291,0.515,-1,Echolocation,192000.0,/mnt/ubna_data_06/recover-20251030/UBNA_027/20251030_032000.WAV,recover-20251030,UBNA_027,E18 Bridge
HF,48000.0,22.56699082697128,200.5905,200.5954,37500.0,80777.0,Myotis mystacinus,0.288,0.496,-1,Echolocation,192000.0,/mnt/ubna_data_06/recover-20251030/UBNA_027/20251030_032000.WAV,recover-20251030,UBNA_027,E18 Bridge
HF,48000.0,24.997174643382024,200.5905,200.5983,46953.0,62318.0,Pipistrellus pipistrellus,0.327,0.345,-1,Echolocation,192000.0,/mnt/ubna_data_06/recover-20251030/UBNA_027/20251030_032000.WAV,recover-20251030,UBNA_027,E18 Bridge
HF,51840.0,17.91266187158831,200.6715,200.6764,42656.0,72483.0,Myotis mystacinus,0.137,0.345,-1,Echolocation,192000.0,/mnt/ubna_data_06/recover-20251030/UBNA_027/20251030_032000.WAV,recover-20251030,UBNA_027,E18 Bridge
HF,53760.0,30.04348232652657,200.7475,200.7536,48671.0,68001.0,Pipistrellus pipistrellus,0.367,0.423,-1,Echolocation,192000.0,/mnt/ubna_data_06/recover-20251030/UBNA_027/20251030_032000.WAV,recover-20251030,UBNA_027,E18 Bridge
HF,50880.0,22.892733502106502,200.8365,200.841,47812.0,63399.0,Pipistrellus pipistrellus,0.387,0.429,-1,Echolocation,192000.0,/mnt/ubna_data_06/recover-20251030/UBNA_027/20251030_032000.WAV,recover-20251030,UBNA_027,E18 Bridge
HF,56640.0,31.91693435559776,200.9255,200.9301,46953.0,67480.0,Pipistrellus pipistrellus,0.471,0.491,-1,Echolocation,192000.0,/mnt/ubna_data_06/recover-20251030/UBNA_027/20251030_032000.WAV,recover-20251030,UBNA_027,E18 Bridge
HF,52800.0,31.73551478209571,201.0125,201.0171,47812.0,70733.0,Pipistrellus pipistrellus,0.54,0.572,-1,Echolocation,192000.0,/mnt/ubna_data_06/recover-20251030/UBNA_027/20251030_032000.WAV,recover-20251030,UBNA_027,E18 Bridge
HF,51840.0,18.008106635055043,201.0995,201.1031,48671.0,65912.0,Pipistrellus pipistrellus,0.385,0.438,-1,Echolocation,192000.0,/mnt/ubna_data_06/recover-20251030/UBNA_027/20251030_032000.WAV,recover-20251030,UBNA_027,E18 Bridge
HF,52800.0,24.670854896024537,201.1845,201.1899,38359.0,78832.0,Myotis mystacinus,0.131,0.39,-1,Echolocation,192000.0,/mnt/ubna_data_06/recover-20251030/UBNA_027/20251030_032000.WAV,recover-20251030,UBNA_027,E18 Bridge
HF,52800.0,26.941232315474938,201.1845,201.1901,46093.0,66015.0,Pipistrellus pipistrellus,0.361,0.417,-1,Echolocation,192000.0,/mnt/ubna_data_06/recover-20251030/UBNA_027/20251030_032000.WAV,recover-20251030,UBNA_027,E18 Bridge
HF,52800.0,18.766025569510163,201.2735,201.2769,48671.0,65142.0,Pipistrellus pipistrellus,0.539,0.586,-1,Echolocation,192000.0,/mnt/ubna_data_06/recover-20251030/UBNA_027/20251030_032000.WAV,recover-20251030,UBNA_027,E18 Bridge
HF,53760.0,29.835039506995873,201.3655,201.3699,48671.0,62434.0,Pipistrellus pipistrellus,0.462,0.469,-1,Echolocation,192000.0,/mnt/ubna_data_06/recover-20251030/UBNA_027/20251030_032000.WAV,recover-20251030,UBNA_027,E18 Bridge
HF,53760.0,25.8202847848988,201.3655,201.3705,37500.0,77348.0,Myotis mystacinus,0.125,0.367,-1,Echolocation,192000.0,/mnt/ubna_data_06/recover-20251030/UBNA_027/20251030_032000.WAV,recover-20251030,UBNA_027,E18 Bridge
HF,53760.0,8.972754540765864,201.4265,201.4308,50390.0,62540.0,Pipistrellus pipistrellus,0.478,0.515,-1,Echolocation,192000.0,/mnt/ubna_data_06/recover-20251030/UBNA_027/20251030_032000.WAV,recover-20251030,UBNA_027,E18 Bridge
HF,52800.0,6.33838331093987,201.4975,201.5019,48671.0,61554.0,Pipistrellus pipistrellus,0.526,0.565,-1,Echolocation,192000.0,/mnt/ubna_data_06/recover-20251030/UBNA_027/20251030_032000.WAV,recover-20251030,UBNA_027,E18 Bridge
HF,51840.0,18.312463839787082,201.5665,201.5699,47812.0,59826.0,Pipistrellus pipistrellus,0.392,0.503,-1,Echolocation,192000.0,/mnt/ubna_data_06/recover-20251030/UBNA_027/20251030_032000.WAV,recover-20251030,UBNA_027,E18 Bridge
HF,48960.0,12.103194116811615,201.6375,201.6416,40078.0,70269.0,Myotis mystacinus,0.16,0.301,-1,Echolocation,192000.0,/mnt/ubna_data_06/recover-20251030/UBNA_027/20251030_032000.WAV,recover-20251030,UBNA_027,E18 Bridge
HF,52800.0,11.892221886664034,201.6975,201.7036,45234.0,67877.0,Pipistrellus pipistrellus,0.127,0.313,-1,Echolocation,192000.0,/mnt/ubna_data_06/recover-20251030/UBNA_027/20251030_032000.WAV,recover-20251030,UBNA_027,E18 Bridge
HF,48960.0,10.212557516704546,201.8165,201.8222,46953.0,58538.0,Pipistrellus pipistrellus,0.246,0.31,-1,Echolocation,192000.0,/mnt/ubna_data_06/recover-20251030/UBNA_027/20251030_032000.WAV,recover-20251030,UBNA_027,E18 Bridge
HF,48960.0,8.532634962827789,201.8865,201.8908,46093.0,65883.0,Myotis mystacinus,0.18,0.381,-1,Echolocation,192000.0,/mnt/ubna_data_06/recover-20251030/UBNA_027/20251030_032000.WAV,recover-20251030,UBNA_027,E18 Bridge
HF,51840.0,10.46464166184614,202.0555,202.0595,40937.0,70364.0,Myotis mystacinus,0.221,0.322,-1,Echolocation,192000.0,/mnt/ubna_data_06/recover-20251030/UBNA_027/20251030_032000.WAV,recover-20251030,UBNA_027,E18 Bridge
HF,52800.0,13.605536523986437,202.1725,202.1767,40078.0,73039.0,Myotis mystacinus,0.224,0.375,-1,Echolocation,192000.0,/mnt/ubna_data_06/recover-20251030/UBNA_027/20251030_032000.WAV,recover-20251030,UBNA_027,E18 Bridge
HF,48960.0,17.11511438233768,202.5655,202.5687,42656.0,69327.0,Myotis mystacinus,0.196,0.356,-1,Echolocation,192000.0,/mnt/ubna_data_06/recover-20251030/UBNA_027/20251030_032000.WAV,recover-20251030,UBNA_027,E18 Bridge
HF,46080.0,9.221790206764497,203.1835,203.1874,42656.0,60886.0,Myotis alcathoe,0.11,0.324,-1,Echolocation,192000.0,/mnt/ubna_data_06/recover-20251030/UBNA_027/20251030_032000.WAV,recover-20251030,UBNA_027,E18 Bridge
HF,46080.0,9.849921127036133,203.3705,203.3757,44375.0,59679.0,Pipistrellus pipistrellus,0.137,0.39,-1,Echolocation,192000.0,/mnt/ubna_data_06/recover-20251030/UBNA_027/20251030_032000.WAV,recover-20251030,UBNA_027,E18 Bridge
HF,48000.0,9.077882561532158,203.6515,203.6565,46093.0,58557.0,Pipistrellus pipistrellus,0.455,0.548,-1,Echolocation,192000.0,/mnt/ubna_data_06/recover-20251030/UBNA_027/20251030_032000.WAV,recover-20251030,UBNA_027,E18 Bridge
HF,47040.0,5.642281382104416,203.84550000000002,203.8516,45234.0,52748.0,Pipistrellus pipistrellus,0.272,0.355,-1,Echolocation,192000.0,/mnt/ubna_data_06/recover-20251030/UBNA_027/20251030_032000.WAV,recover-20251030,UBNA_027,E18 Bridge
HF,48000.0,5.977546255658426,204.0385,204.0451,46953.0,54057.0,Pipistrellus pipistrellus,0.435,0.457,-1,Echolocation,192000.0,/mnt/ubna_data_06/recover-20251030/UBNA_027/20251030_032000.WAV,recover-20251030,UBNA_027,E18 Bridge
HF,48000.0,7.474775448041906,204.2255,204.2307,45234.0,51725.0,Pipistrellus pipistrellus,0.315,0.338,-1,Echolocation,192000.0,/mnt/ubna_data_06/recover-20251030/UBNA_027/20251030_032000.WAV,recover-20251030,UBNA_027,E18 Bridge
HF,48960.0,3.3113651686405055,204.3075,204.3127,44375.0,54176.0,Pipistrellus pipistrellus,0.36,0.418,-1,Echolocation,192000.0,/mnt/ubna_data_06/recover-20251030/UBNA_027/20251030_032000.WAV,recover-20251030,UBNA_027,E18 Bridge
HF,48960.0,5.564590107645822,82.3075,82.318,45234.0,56639.0,Pipistrellus pipistrellus,0.307,0.346,-1,Echolocation,192000.0,/mnt/ubna_data_06/recover-20251030/UBNA_027/20251030_033000.WAV,recover-20251030,UBNA_027,E18 Bridge
HF,46080.0,5.679280919999262,82.50450000000001,82.5147,45234.0,57566.0,Pipistrellus pipistrellus,0.369,0.418,-1,Echolocation,192000.0,/mnt/ubna_data_06/recover-20251030/UBNA_027/20251030_033000.WAV,recover-20251030,UBNA_027,E18 Bridge
HF,45120.0,4.7705456476684525,82.59649999999999,82.6067,45234.0,56113.0,Pipistrellus pipistrellus,0.303,0.338,-1,Echolocation,192000.0,/mnt/ubna_data_06/recover-20251030/UBNA_027/20251030_033000.WAV,recover-20251030,UBNA_027,E18 Bridge
HF,48000.0,5.994336061680609,82.6815,82.6928,46093.0,60458.0,Pipistrellus pipistrellus,0.461,0.542,-1,Echolocation,192000.0,/mnt/ubna_data_06/recover-20251030/UBNA_027/20251030_033000.WAV,recover-20251030,UBNA_027,E18 Bridge
HF,46080.0,6.363046296107226,82.7875,82.7974,45234.0,58211.0,Pipistrellus pipistrellus,0.356,0.386,-1,Echolocation,192000.0,/mnt/ubna_data_06/recover-20251030/UBNA_027/20251030_033000.WAV,recover-20251030,UBNA_027,E18 Bridge
HF,46080.0,9.362183654079804,82.87950000000001,82.8921,45234.0,61889.0,Pipistrellus pipistrellus,0.405,0.46,-1,Echolocation,192000.0,/mnt/ubna_data_06/recover-20251030/UBNA_027/20251030_033000.WAV,recover-20251030,UBNA_027,E18 Bridge
HF,47040.0,6.595683093635928,82.9785,82.9886,45234.0,57696.0,Pipistrellus pipistrellus,0.292,0.315,-1,Echolocation,192000.0,/mnt/ubna_data_06/recover-20251030/UBNA_027/20251030_033000.WAV,recover-20251030,UBNA_027,E18 Bridge
HF,45120.0,7.867475967700975,83.0665,83.0798,44375.0,57973.0,Pipistrellus pipistrellus,0.413,0.554,-1,Echolocation,192000.0,/mnt/ubna_data_06/recover-20251030/UBNA_027/20251030_033000.WAV,recover-20251030,UBNA_027,E18 Bridge
HF,45120.0,8.112303188157991,83.2415,83.255,43515.0,61426.0,Pipistrellus pipistrellus,0.364,0.496,-1,Echolocation,192000.0,/mnt/ubna_data_06/recover-20251030/UBNA_027/20251030_033000.WAV,recover-20251030,UBNA_027,E18 Bridge
HF,47040.0,12.640700462525862,83.3355,83.34909999999999,45234.0,61200.0,Pipistrellus pipistrellus,0.376,0.49,-1,Echolocation,192000.0,/mnt/ubna_data_06/recover-20251030/UBNA_027/20251030_033000.WAV,recover-20251030,UBNA_027,E18 Bridge
HF,46080.0,10.972935007487813,83.4295,83.4388,45234.0,62081.0,Pipistrellus pipistrellus,0.459,0.519,-1,Echolocation,192000.0,/mnt/ubna_data_06/recover-20251030/UBNA_027/20251030_033000.WAV,recover-20251030,UBNA_027,E18 Bridge
HF,47040.0,13.764612789577743,83.5195,83.5299,44375.0,63007.0,Pipistrellus pipistrellus,0.442,0.55,-1,Echolocation,192000.0,/mnt/ubna_data_06/recover-20251030/UBNA_027/20251030_033000.WAV,recover-20251030,UBNA_027,E18 Bridge
HF,47040.0,11.313891163806105,83.60849999999999,83.6207,45234.0,63340.0,Pipistrellus pipistrellus,0.44,0.571,-1,Echolocation,192000.0,/mnt/ubna_data_06/recover-20251030/UBNA_027/20251030_033000.WAV,recover-20251030,UBNA_027,E18 Bridge
HF,46080.0,15.118495985632745,83.7015,83.7115,44375.0,62590.0,Pipistrellus pipistrellus,0.414,0.529,-1,Echolocation,192000.0,/mnt/ubna_data_06/recover-20251030/UBNA_027/20251030_033000.WAV,recover-20251030,UBNA_027,E18 Bridge
HF,47040.0,11.60552282453069,83.7915,83.8013,45234.0,66718.0,Pipistrellus pipistrellus,0.415,0.549,-1,Echolocation,192000.0,/mnt/ubna_data_06/recover-20251030/UBNA_027/20251030_033000.WAV,recover-20251030,UBNA_027,E18 Bridge
HF,48960.0,13.120929672680075,83.8805,83.8902,44375.0,62040.0,Pipistrellus pipistrellus,0.478,0.568,-1,Echolocation,192000.0,/mnt/ubna_data_06/recover-20251030/UBNA_027/20251030_033000.WAV,recover-20251030,UBNA_027,E18 Bridge
HF,46080.0,15.772480022950266,83.9725,83.9828,44375.0,66094.0,Pipistrellus pipistrellus,0.461,0.56,-1,Echolocation,192000.0,/mnt/ubna_data_06/recover-20251030/UBNA_027/20251030_033000.WAV,recover-20251030,UBNA_027,E18 Bridge
HF,46080.0,13.770122477976109,84.0625,84.071,44375.0,62475.0,Pipistrellus pipistrellus,0.488,0.555,-1,Echolocation,192000.0,/mnt/ubna_data_06/recover-20251030/UBNA_027/20251030_033000.WAV,recover-20251030,UBNA_027,E18 Bridge
HF,46080.0,15.598280103193336,84.1555,84.16159999999999,45234.0,65575.0,Pipistrellus pipistrellus,0.61,0.674,-1,Echolocation,192000.0,/mnt/ubna_data_06/recover-20251030/UBNA_027/20251030_033000.WAV,recover-20251030,UBNA_027,E18 Bridge
HF,46080.0,16.407568855500617,84.24549999999999,84.25450000000001,44375.0,63317.0,Pipistrellus pipistrellus,0.473,0.585,-1,Echolocation,192000.0,/mnt/ubna_data_06/recover-20251030/UBNA_027/20251030_033000.WAV,recover-20251030,UBNA_027,E18 Bridge
HF,46080.0,19.791655898342086,84.3295,84.3369,44375.0,67824.0,Pipistrellus pipistrellus,0.547,0.632,-1,Echolocation,192000.0,/mnt/ubna_data_06/recover-20251030/UBNA_027/20251030_033000.WAV,recover-20251030,UBNA_027,E18 Bridge
HF,48000.0,14.464966251273337,84.4145,84.4226,44375.0,59170.0,Pipistrellus pipistrellus,0.572,0.634,-1,Echolocation,192000.0,/mnt/ubna_data_06/recover-20251030/UBNA_027/20251030_033000.WAV,recover-20251030,UBNA_027,E18 Bridge
HF,47040.0,18.866606115763147,84.5005,84.5073,45234.0,64762.0,Pipistrellus pipistrellus,0.463,0.556,-1,Echolocation,192000.0,/mnt/ubna_data_06/recover-20251030/UBNA_027/20251030_033000.WAV,recover-20251030,UBNA_027,E18 Bridge
HF,46080.0,20.984251425022336,84.5895,84.5962,44375.0,64365.0,Pipistrellus pipistrellus,0.526,0.598,-1,Echolocation,192000.0,/mnt/ubna_data_06/recover-20251030/UBNA_027/20251030_033000.WAV,recover-20251030,UBNA_027,E18 Bridge
HF,46080.0,12.21850650827023,84.6725,84.6824,45234.0,58731.0,Pipistrellus pipistrellus,0.497,0.55,-1,Echolocation,192000.0,/mnt/ubna_data_06/recover-20251030/UBNA_027/20251030_033000.WAV,recover-20251030,UBNA_027,E18 Bridge
HF,48000.0,23.359580189704978,84.7485,84.7539,43515.0,62691.0,Pipistrellus pipistrellus,0.5,0.58,-1,Echolocation,192000.0,/mnt/ubna_data_06/recover-20251030/UBNA_027/20251030_033000.WAV,recover-20251030,UBNA_027,E18 Bridge
HF,47040.0,9.561098373010372,84.82849999999999,84.8355,46093.0,58202.0,Pipistrellus pipistrellus,0.586,0.643,-1,Echolocation,192000.0,/mnt/ubna_data_06/recover-20251030/UBNA_027/20251030_033000.WAV,recover-20251030,UBNA_027,E18 Bridge
HF,47040.0,18.825551231656306,84.91550000000001,84.9231,43515.0,62928.0,Pipistrellus pipistrellus,0.543,0.619,-1,Echolocation,192000.0,/mnt/ubna_data_06/recover-20251030/UBNA_027/20251030_033000.WAV,recover-20251030,UBNA_027,E18 Bridge
HF,46080.0,8.955398120205551,85.0135,85.02459999999999,46093.0,55597.0,Pipistrellus pipistrellus,0.472,0.501,-1,Echolocation,192000.0,/mnt/ubna_data_06/recover-20251030/UBNA_027/20251030_033000.WAV,recover-20251030,UBNA_027,E18 Bridge
HF,46080.0,14.339900745018992,85.0825,85.0911,44375.0,62899.0,Pipistrellus pipistrellus,0.286,0.537,-1,Echolocation,192000.0,/mnt/ubna_data_06/recover-20251030/UBNA_027/20251030_033000.WAV,recover-20251030,UBNA_027,E18 Bridge
HF,45120.0,21.062424920260717,85.2355,85.242,43515.0,65571.0,Pipistrellus pipistrellus,0.564,0.627,-1,Echolocation,192000.0,/mnt/ubna_data_06/recover-20251030/UBNA_027/20251030_033000.WAV,recover-20251030,UBNA_027,E18 Bridge
HF,46080.0,21.755898749519087,85.4515,85.4587,40937.0,59396.0,Pipistrellus pipistrellus,0.336,0.436,-1,Echolocation,192000.0,/mnt/ubna_data_06/recover-20251030/UBNA_027/20251030_033000.WAV,recover-20251030,UBNA_027,E18 Bridge
HF,46080.0,5.763220223262526,85.5375,85.5427,45234.0,54791.0,Pipistrellus pipistrellus,0.537,0.552,-1,Echolocation,192000.0,/mnt/ubna_data_06/recover-20251030/UBNA_027/20251030_033000.WAV,recover-20251030,UBNA_027,E18 Bridge
HF,46080.0,17.013861466289512,85.67150000000001,85.67869999999999,43515.0,62212.0,Pipistrellus pipistrellus,0.575,0.731,-1,Echolocation,192000.0,/mnt/ubna_data_06/recover-20251030/UBNA_027/20251030_033000.WAV,recover-20251030,UBNA_027,E18 Bridge
HF,46080.0,8.703587753223246,85.7565,85.7639,44375.0,53608.0,Pipistrellus pipistrellus,0.547,0.602,-1,Echolocation,192000.0,/mnt/ubna_data_06/recover-20251030/UBNA_027/20251030_033000.WAV,recover-20251030,UBNA_027,E18 Bridge
HF,51840.0,21.45868036174801,85.9005,85.9093,42656.0,64278.0,Pipistrellus pipistrellus,0.603,0.66,-1,Echolocation,192000.0,/mnt/ubna_data_06/recover-20251030/UBNA_027/20251030_033000.WAV,recover-20251030,UBNA_027,E18 Bridge
HF,47040.0,10.157702539447087,85.9885,85.997,45234.0,56079.0,Pipistrellus pipistrellus,0.483,0.674,-1,Echolocation,192000.0,/mnt/ubna_data_06/recover-20251030/UBNA_027/20251030_033000.WAV,recover-20251030,UBNA_027,E18 Bridge
HF,46080.0,15.851098927103378,86.1395,86.1482,43515.0,60851.0,Pipistrellus pipistrellus,0.566,0.672,-1,Echolocation,192000.0,/mnt/ubna_data_06/recover-20251030/UBNA_027/20251030_033000.WAV,recover-20251030,UBNA_027,E18 Bridge
HF,47040.0,13.64750747201025,86.2285,86.2365,43515.0,55276.0,Pipistrellus pipistrellus,0.51,0.598,-1,Echolocation,192000.0,/mnt/ubna_data_06/recover-20251030/UBNA_027/20251030_033000.WAV,recover-20251030,UBNA_027,E18 Bridge
HF,44160.0,22.009806548571497,86.3885,86.3984,42656.0,64311.0,Pipistrellus pipistrellus,0.484,0.612,-1,Echolocation,192000.0,/mnt/ubna_data_06/recover-20251030/UBNA_027/20251030_033000.WAV,recover-20251030,UBNA_027,E18 Bridge
HF,45120.0,11.169145440803199,86.4815,86.4926,43515.0,54490.0,Pipistrellus pipistrellus,0.435,0.552,-1,Echolocation,192000.0,/mnt/ubna_data_06/recover-20251030/UBNA_027/20251030_033000.WAV,recover-20251030,UBNA_027,E18 Bridge
HF,46080.0,19.299062624082282,86.6505,86.66159999999999,43515.0,65679.0,Pipistrellus pipistrellus,0.459,0.633,-1,Echolocation,192000.0,/mnt/ubna_data_06/recover-20251030/UBNA_027/20251030_033000.WAV,recover-20251030,UBNA_027,E18 Bridge
HF,47040.0,10.820067978005753,86.74549999999999,86.7558,44375.0,60983.0,Pipistrellus pipistrellus,0.473,0.649,-1,Echolocation,192000.0,/mnt/ubna_data_06/recover-20251030/UBNA_027/20251030_033000.WAV,recover-20251030,UBNA_027,E18 Bridge
HF,48000.0,12.66637843642187,86.9455,86.9579,43515.0,61582.0,Pipistrellus pipistrellus,0.361,0.496,-1,Echolocation,192000.0,/mnt/ubna_data_06/recover-20251030/UBNA_027/20251030_033000.WAV,recover-20251030,UBNA_027,E18 Bridge
HF,46080.0,7.420788021563171,87.0255,87.036,44375.0,55364.0,Pipistrellus pipistrellus,0.445,0.55,-1,Echolocation,192000.0,/mnt/ubna_data_06/recover-20251030/UBNA_027/20251030_033000.WAV,recover-20251030,UBNA_027,E18 Bridge
HF,45120.0,4.9014859662273595,87.11449999999999,87.128,44375.0,51021.0,Pipistrellus pipistrellus,0.307,0.375,-1,Echolocation,192000.0,/mnt/ubna_data_06/recover-20251030/UBNA_027/20251030_033000.WAV,recover-20251030,UBNA_027,E18 Bridge
HF,48000.0,16.950798481941174,87.2025,87.21170000000001,43515.0,64191.0,Pipistrellus pipistrellus,0.52,0.642,-1,Echolocation,192000.0,/mnt/ubna_data_06/recover-20251030/UBNA_027/20251030_033000.WAV,recover-20251030,UBNA_027,E18 Bridge
HF,46080.0,4.524685128637083,87.2995,87.3129,45234.0,55072.0,Pipistrellus pipistrellus,0.319,0.373,-1,Echolocation,192000.0,/mnt/ubna_data_06/recover-20251030/UBNA_027/20251030_033000.WAV,recover-20251030,UBNA_027,E18 Bridge
HF,47040.0,3.989932446924759,87.38550000000001,87.3922,44375.0,54660.0,Pipistrellus pipistrellus,0.363,0.389,-1,Echolocation,192000.0,/mnt/ubna_data_06/recover-20251030/UBNA_027/20251030_033000.WAV,recover-20251030,UBNA_027,E18 Bridge
HF,47040.0,16.461581216889037,87.5385,87.5503,43515.0,63843.0,Pipistrellus pipistrellus,0.293,0.459,-1,Echolocation,192000.0,/mnt/ubna_data_06/recover-20251030/UBNA_027/20251030_033000.WAV,recover-20251030,UBNA_027,E18 Bridge
HF,46080.0,15.397014461172471,87.7865,87.7966,43515.0,65167.0,Pipistrellus pipistrellus,0.362,0.554,-1,Echolocation,192000.0,/mnt/ubna_data_06/recover-20251030/UBNA_027/20251030_033000.WAV,recover-20251030,UBNA_027,E18 Bridge
HF,45120.0,9.41878588085075,87.95949999999999,87.9717,44375.0,63174.0,Pipistrellus pipistrellus,0.441,0.545,-1,Echolocation,192000.0,/mnt/ubna_data_06/recover-20251030/UBNA_027/20251030_033000.WAV,recover-20251030,UBNA_027,E18 Bridge
HF,46080.0,6.460156023061315,88.1405,88.1544,45234.0,57859.0,Pipistrellus pipistrellus,0.237,0.398,-1,Echolocation,192000.0,/mnt/ubna_data_06/recover-20251030/UBNA_027/20251030_033000.WAV,recover-20251030,UBNA_027,E18 Bridge
HF,46080.0,5.408958520303637,91.3515,91.3611,44375.0,56371.0,Pipistrellus pipistrellus,0.333,0.396,-1,Echolocation,192000.0,/mnt/ubna_data_06/recover-20251030/UBNA_027/20251030_033000.WAV,recover-20251030,UBNA_027,E18 Bridge
HF,48000.0,6.0649101334537425,91.4465,91.4623,46093.0,57138.0,Pipistrellus pipistrellus,0.309,0.356,-1,Echolocation,192000.0,/mnt/ubna_data_06/recover-20251030/UBNA_027/20251030_033000.WAV,recover-20251030,UBNA_027,E18 Bridge
HF,48000.0,7.740779705219756,91.5455,91.5567,45234.0,55138.0,Pipistrellus pipistrellus,0.402,0.474,-1,Echolocation,192000.0,/mnt/ubna_data_06/recover-20251030/UBNA_027/20251030_033000.WAV,recover-20251030,UBNA_027,E18 Bridge
HF,46080.0,9.83437138807378,91.6405,91.65,46093.0,62961.0,Pipistrellus pipistrellus,0.463,0.625,-1,Echolocation,192000.0,/mnt/ubna_data_06/recover-20251030/UBNA_027/20251030_033000.WAV,recover-20251030,UBNA_027,E18 Bridge
HF,48000.0,13.087095762903083,91.7255,91.7352,45234.0,66029.0,Pipistrellus pipistrellus,0.442,0.647,-1,Echolocation,192000.0,/mnt/ubna_data_06/recover-20251030/UBNA_027/20251030_033000.WAV,recover-20251030,UBNA_027,E18 Bridge
HF,47040.0,6.907930941303306,91.8145,91.8253,43515.0,58718.0,Pipistrellus pipistrellus,0.369,0.48,-1,Echolocation,192000.0,/mnt/ubna_data_06/recover-20251030/UBNA_027/20251030_033000.WAV,recover-20251030,UBNA_027,E18 Bridge
HF,46080.0,14.056233253423095,91.9075,91.9205,44375.0,63563.0,Pipistrellus pipistrellus,0.281,0.481,-1,Echolocation,192000.0,/mnt/ubna_data_06/recover-20251030/UBNA_027/20251030_033000.WAV,recover-20251030,UBNA_027,E18 Bridge
HF,47040.0,16.714681871230873,92.0025,92.0133,45234.0,60471.0,Pipistrellus pipistrellus,0.272,0.389,-1,Echolocation,192000.0,/mnt/ubna_data_06/recover-20251030/UBNA_027/20251030_033000.WAV,recover-20251030,UBNA_027,E18 Bridge
HF,46080.0,14.873942203781002,92.1945,92.2043,43515.0,65056.0,Pipistrellus pipistrellus,0.397,0.598,-1,Echolocation,192000.0,/mnt/ubna_data_06/recover-20251030/UBNA_027/20251030_033000.WAV,recover-20251030,UBNA_027,E18 Bridge
HF,45120.0,14.649023294591501,92.2865,92.2979,43515.0,64581.0,Pipistrellus pipistrellus,0.422,0.614,-1,Echolocation,192000.0,/mnt/ubna_data_06/recover-20251030/UBNA_027/20251030_033000.WAV,recover-20251030,UBNA_027,E18 Bridge
HF,47040.0,12.456490666077329,92.49549999999999,92.5086,43515.0,60687.0,Pipistrellus pipistrellus,0.233,0.423,-1,Echolocation,192000.0,/mnt/ubna_data_06/recover-20251030/UBNA_027/20251030_033000.WAV,recover-20251030,UBNA_027,E18 Bridge
HF,44160.0,9.189196428094196,92.6005,92.6129,44375.0,51634.0,Pipistrellus pipistrellus,0.306,0.439,-1,Echolocation,192000.0,/mnt/ubna_data_06/recover-20251030/UBNA_027/20251030_033000.WAV,recover-20251030,UBNA_027,E18 Bridge
HF,44160.0,11.038542974380366,92.8135,92.8218,43515.0,56085.0,Pipistrellus pipistrellus,0.477,0.585,-1,Echolocation,192000.0,/mnt/ubna_data_06/recover-20251030/UBNA_027/20251030_033000.WAV,recover-20251030,UBNA_027,E18 Bridge
HF,44160.0,7.321167298662847,93.0395,93.0512,43515.0,57564.0,Pipistrellus pipistrellus,0.395,0.535,-1,Echolocation,192000.0,/mnt/ubna_data_06/recover-20251030/UBNA_027/20251030_033000.WAV,recover-20251030,UBNA_027,E18 Bridge
HF,45120.0,4.870210646315208,93.3505,93.3613,43515.0,57243.0,Pipistrellus pipistrellus,0.301,0.409,-1,Echolocation,192000.0,/mnt/ubna_data_06/recover-20251030/UBNA_027/20251030_033000.WAV,recover-20251030,UBNA_027,E18 Bridge
HF,45120.0,4.202856075083107,93.5785,93.5889,43515.0,53273.0,Pipistrellus pipistrellus,0.385,0.494,-1,Echolocation,192000.0,/mnt/ubna_data_06/recover-20251030/UBNA_027/20251030_033000.WAV,recover-20251030,UBNA_027,E18 Bridge
HF,45120.0,5.415838399679119,106.3435,106.354,44375.0,61599.0,Pipistrellus pipistrellus,0.448,0.565,-1,Echolocation,192000.0,/mnt/ubna_data_06/recover-20251030/UBNA_027/20251030_033000.WAV,recover-20251030,UBNA_027,E18 Bridge
HF,45120.0,4.443848784157523,106.4425,106.45349999999999,45234.0,57194.0,Pipistrellus pipistrellus,0.261,0.302,-1,Echolocation,192000.0,/mnt/ubna_data_06/recover-20251030/UBNA_027/20251030_033000.WAV,recover-20251030,UBNA_027,E18 Bridge
HF,46080.0,3.58640498505208,106.5375,106.54650000000001,45234.0,56474.0,Pipistrellus pipistrellus,0.342,0.362,-1,Echolocation,192000.0,/mnt/ubna_data_06/recover-20251030/UBNA_027/20251030_033000.WAV,recover-20251030,UBNA_027,E18 Bridge
HF,46080.0,5.6730753309248545,106.6325,106.6424,44375.0,57970.0,Pipistrellus pipistrellus,0.267,0.317,-1,Echolocation,192000.0,/mnt/ubna_data_06/recover-20251030/UBNA_027/20251030_033000.WAV,recover-20251030,UBNA_027,E18 Bridge
HF,47040.0,6.136098248107898,106.8145,106.8252,46093.0,57526.0,Pipistrellus pipistrellus,0.41,0.447,-1,Echolocation,192000.0,/mnt/ubna_data_06/recover-20251030/UBNA_027/20251030_033000.WAV,recover-20251030,UBNA_027,E18 Bridge
HF,46080.0,6.954802915663595,106.89150000000001,106.9025,45234.0,60430.0,Pipistrellus pipistrellus,0.335,0.447,-1,Echolocation,192000.0,/mnt/ubna_data_06/recover-20251030/UBNA_027/20251030_033000.WAV,recover-20251030,UBNA_027,E18 Bridge
HF,47040.0,7.195497484689418,107.0715,107.0843,45234.0,61959.0,Pipistrellus pipistrellus,0.35,0.414,-1,Echolocation,192000.0,/mnt/ubna_data_06/recover-20251030/UBNA_027/20251030_033000.WAV,recover-20251030,UBNA_027,E18 Bridge
HF,45120.0,6.463571435906763,107.1675,107.1788,44375.0,60458.0,Pipistrellus pipistrellus,0.333,0.445,-1,Echolocation,192000.0,/mnt/ubna_data_06/recover-20251030/UBNA_027/20251030_033000.WAV,recover-20251030,UBNA_027,E18 Bridge
HF,47040.0,7.852900813593754,107.2595,107.2684,46093.0,62522.0,Pipistrellus pipistrellus,0.488,0.61,-1,Echolocation,192000.0,/mnt/ubna_data_06/recover-20251030/UBNA_027/20251030_033000.WAV,recover-20251030,UBNA_027,E18 Bridge
HF,47040.0,7.707838066955918,107.3555,107.3685,45234.0,62289.0,Pipistrellus pipistrellus,0.458,0.554,-1,Echolocation,192000.0,/mnt/ubna_data_06/recover-20251030/UBNA_027/20251030_033000.WAV,recover-20251030,UBNA_027,E18 Bridge
HF,48000.0,11.079733811516284,107.4495,107.4589,45234.0,63090.0,Pipistrellus pipistrellus,0.504,0.609,-1,Echolocation,192000.0,/mnt/ubna_data_06/recover-20251030/UBNA_027/20251030_033000.WAV,recover-20251030,UBNA_027,E18 Bridge
HF,46080.0,11.143232031588639,107.6125,107.6236,44375.0,62428.0,Pipistrellus pipistrellus,0.368,0.499,-1,Echolocation,192000.0,/mnt/ubna_data_06/recover-20251030/UBNA_027/20251030_033000.WAV,recover-20251030,UBNA_027,E18 Bridge
HF,47040.0,10.697502262796267,107.6985,107.7122,45234.0,62613.0,Pipistrellus pipistrellus,0.331,0.472,-1,Echolocation,192000.0,/mnt/ubna_data_06/recover-20251030/UBNA_027/20251030_033000.WAV,recover-20251030,UBNA_027,E18 Bridge
HF,47040.0,13.940355756876098,107.7955,107.80799999999999,45234.0,61358.0,Pipistrellus pipistrellus,0.382,0.499,-1,Echolocation,192000.0,/mnt/ubna_data_06/recover-20251030/UBNA_027/20251030_033000.WAV,recover-20251030,UBNA_027,E18 Bridge
HF,48000.0,14.172679925237668,107.8895,107.8998,45234.0,62967.0,Pipistrellus pipistrellus,0.465,0.559,-1,Echolocation,192000.0,/mnt/ubna_data_06/recover-20251030/UBNA_027/20251030_033000.WAV,recover-20251030,UBNA_027,E18 Bridge
HF,46080.0,13.590887390642115,107.9855,107.9964,45234.0,60056.0,Pipistrellus pipistrellus,0.378,0.491,-1,Echolocation,192000.0,/mnt/ubna_data_06/recover-20251030/UBNA_027/20251030_033000.WAV,recover-20251030,UBNA_027,E18 Bridge
HF,46080.0,14.253106317522942,108.0815,108.0903,45234.0,62362.0,Pipistrellus pipistrellus,0.576,0.672,-1,Echolocation,192000.0,/mnt/ubna_data_06/recover-20251030/UBNA_027/20251030_033000.WAV,recover-20251030,UBNA_027,E18 Bridge
HF,46080.0,17.45192541641577,108.1735,108.1827,44375.0,65496.0,Pipistrellus pipistrellus,0.501,0.637,-1,Echolocation,192000.0,/mnt/ubna_data_06/recover-20251030/UBNA_027/20251030_033000.WAV,recover-20251030,UBNA_027,E18 Bridge
HF,47040.0,17.022215949993736,108.2595,108.2684,45234.0,63367.0,Pipistrellus pipistrellus,0.539,0.679,-1,Echolocation,192000.0,/mnt/ubna_data_06/recover-20251030/UBNA_027/20251030_033000.WAV,recover-20251030,UBNA_027,E18 Bridge
HF,48000.0,18.072350637560742,108.3475,108.35419999999999,43515.0,70151.0,Pipistrellus pipistrellus,0.451,0.548,-1,Echolocation,192000.0,/mnt/ubna_data_06/recover-20251030/UBNA_027/20251030_033000.WAV,recover-20251030,UBNA_027,E18 Bridge
HF,46080.0,19.256552908163705,108.4395,108.4476,44375.0,64206.0,Pipistrellus pipistrellus,0.472,0.632,-1,Echolocation,192000.0,/mnt/ubna_data_06/recover-20251030/UBNA_027/20251030_033000.WAV,recover-20251030,UBNA_027,E18 Bridge
HF,48000.0,13.106316784159537,108.5235,108.5324,46093.0,60349.0,Pipistrellus pipistrellus,0.509,0.611,-1,Echolocation,192000.0,/mnt/ubna_data_06/recover-20251030/UBNA_027/20251030_033000.WAV,recover-20251030,UBNA_027,E18 Bridge
HF,46080.0,19.43785239904844,108.6015,108.6089,44375.0,68787.0,Pipistrellus pipistrellus,0.55,0.664,-1,Echolocation,192000.0,/mnt/ubna_data_06/recover-20251030/UBNA_027/20251030_033000.WAV,recover-20251030,UBNA_027,E18 Bridge
HF,46080.0,7.533643548107419,108.6805,108.6936,46093.0,53792.0,Pipistrellus pipistrellus,0.348,0.405,-1,Echolocation,192000.0,/mnt/ubna_data_06/recover-20251030/UBNA_027/20251030_033000.WAV,recover-20251030,UBNA_027,E18 Bridge
HF,46080.0,13.586527194144022,108.7615,108.771,45234.0,60907.0,Pipistrellus pipistrellus,0.407,0.501,-1,Echolocation,192000.0,/mnt/ubna_data_06/recover-20251030/UBNA_027/20251030_033000.WAV,recover-20251030,UBNA_027,E18 Bridge
HF,46080.0,6.560617747109038,108.8385,108.8514,45234.0,49956.0,Pipistrellus pipistrellus,0.409,0.471,-1,Echolocation,192000.0,/mnt/ubna_data_06/recover-20251030/UBNA_027/20251030_033000.WAV,recover-20251030,UBNA_027,E18 Bridge
HF,48000.0,8.212851514908104,108.9105,108.9186,46953.0,61047.0,Pipistrellus pipistrellus,0.487,0.546,-1,Echolocation,192000.0,/mnt/ubna_data_06/recover-20251030/UBNA_027/20251030_033000.WAV,recover-20251030,UBNA_027,E18 Bridge
HF,47040.0,8.132121039986245,109.0675,109.0772,45234.0,62863.0,Pipistrellus pipistrellus,0.349,0.44,-1,Echolocation,192000.0,/mnt/ubna_data_06/recover-20251030/UBNA_027/20251030_033000.WAV,recover-20251030,UBNA_027,E18 Bridge
HF,48000.0,6.287881414492391,109.2325,109.24289999999999,45234.0,61389.0,Pipistrellus pipistrellus,0.419,0.477,-1,Echolocation,192000.0,/mnt/ubna_data_06/recover-20251030/UBNA_027/20251030_033000.WAV,recover-20251030,UBNA_027,E18 Bridge
HF,46080.0,5.196449686570724,109.4885,109.499,46093.0,55708.0,Pipistrellus pipistrellus,0.368,0.388,-1,Echolocation,192000.0,/mnt/ubna_data_06/recover-20251030/UBNA_027/20251030_033000.WAV,recover-20251030,UBNA_027,E18 Bridge
HF,48000.0,5.702964536789653,218.2835,218.2931,46953.0,59912.0,Pipistrellus pipistrellus,0.393,0.422,-1,Echolocation,192000.0,/mnt/ubna_data_06/recover-20251030/UBNA_027/20251030_034000.WAV,recover-20251030,UBNA_027,E18 Bridge
HF,51840.0,10.033316307405808,218.8245,218.832,46953.0,65442.0,Pipistrellus pipistrellus,0.269,0.438,-1,Echolocation,192000.0,/mnt/ubna_data_06/recover-20251030/UBNA_027/20251030_034000.WAV,recover-20251030,UBNA_027,E18 Bridge
HF,48960.0,11.355190918621393,218.9815,218.9913,46953.0,65120.0,Pipistrellus pipistrellus,0.268,0.36,-1,Echolocation,192000.0,/mnt/ubna_data_06/recover-20251030/UBNA_027/20251030_034000.WAV,recover-20251030,UBNA_027,E18 Bridge
HF,52800.0,14.843575112509367,219.0705,219.0788,46953.0,64057.0,Pipistrellus pipistrellus,0.314,0.428,-1,Echolocation,192000.0,/mnt/ubna_data_06/recover-20251030/UBNA_027/20251030_034000.WAV,recover-20251030,UBNA_027,E18 Bridge
HF,49920.0,14.89317462131872,219.1505,219.159,46953.0,64656.0,Pipistrellus pipistrellus,0.246,0.384,-1,Echolocation,192000.0,/mnt/ubna_data_06/recover-20251030/UBNA_027/20251030_034000.WAV,recover-20251030,UBNA_027,E18 Bridge
HF,49920.0,7.999115301911188,219.2325,219.2431,47812.0,59372.0,Pipistrellus pipistrellus,0.303,0.344,-1,Echolocation,192000.0,/mnt/ubna_data_06/recover-20251030/UBNA_027/20251030_034000.WAV,recover-20251030,UBNA_027,E18 Bridge
HF,51840.0,13.996613290130469,219.3095,219.3186,46093.0,65486.0,Pipistrellus pipistrellus,0.257,0.416,-1,Echolocation,192000.0,/mnt/ubna_data_06/recover-20251030/UBNA_027/20251030_034000.WAV,recover-20251030,UBNA_027,E18 Bridge
HF,51840.0,8.135467503318477,219.3995,219.4073,49531.0,62959.0,Pipistrellus pipistrellus,0.413,0.465,-1,Echolocation,192000.0,/mnt/ubna_data_06/recover-20251030/UBNA_027/20251030_034000.WAV,recover-20251030,UBNA_027,E18 Bridge
HF,48960.0,14.383782369397535,219.4775,219.4866,46953.0,64355.0,Pipistrellus pipistrellus,0.408,0.504,-1,Echolocation,192000.0,/mnt/ubna_data_06/recover-20251030/UBNA_027/20251030_034000.WAV,recover-20251030,UBNA_027,E18 Bridge
HF,48960.0,8.180561662050273,219.5595,219.5688,46953.0,62826.0,Pipistrellus pipistrellus,0.308,0.393,-1,Echolocation,192000.0,/mnt/ubna_data_06/recover-20251030/UBNA_027/20251030_034000.WAV,recover-20251030,UBNA_027,E18 Bridge
HF,52800.0,11.106798368714692,219.7195,219.7268,46093.0,62738.0,Pipistrellus pipistrellus,0.382,0.498,-1,Echolocation,192000.0,/mnt/ubna_data_06/recover-20251030/UBNA_027/20251030_034000.WAV,recover-20251030,UBNA_027,E18 Bridge
HF,50880.0,7.5504223074109245,219.8015,219.8123,49531.0,63506.0,Pipistrellus pipistrellus,0.404,0.457,-1,Echolocation,192000.0,/mnt/ubna_data_06/recover-20251030/UBNA_027/20251030_034000.WAV,recover-20251030,UBNA_027,E18 Bridge
HF,51840.0,10.6421393713855,219.8815,219.8904,48671.0,65455.0,Pipistrellus pipistrellus,0.396,0.468,-1,Echolocation,192000.0,/mnt/ubna_data_06/recover-20251030/UBNA_027/20251030_034000.WAV,recover-20251030,UBNA_027,E18 Bridge
HF,51840.0,14.717049026785634,220.0585,220.0655,46953.0,63404.0,Pipistrellus pipistrellus,0.404,0.545,-1,Echolocation,192000.0,/mnt/ubna_data_06/recover-20251030/UBNA_027/20251030_034000.WAV,recover-20251030,UBNA_027,E18 Bridge
HF,48960.0,12.3158411021679,220.1505,220.1573,48671.0,62517.0,Pipistrellus pipistrellus,0.497,0.594,-1,Echolocation,192000.0,/mnt/ubna_data_06/recover-20251030/UBNA_027/20251030_034000.WAV,recover-20251030,UBNA_027,E18 Bridge
HF,48960.0,19.403547446444374,220.2365,220.2427,46953.0,68922.0,Pipistrellus pipistrellus,0.597,0.679,-1,Echolocation,192000.0,/mnt/ubna_data_06/recover-20251030/UBNA_027/20251030_034000.WAV,recover-20251030,UBNA_027,E18 Bridge
HF,48960.0,11.131438829494996,220.3225,220.3293,47812.0,60158.0,Pipistrellus pipistrellus,0.479,0.525,-1,Echolocation,192000.0,/mnt/ubna_data_06/recover-20251030/UBNA_027/20251030_034000.WAV,recover-20251030,UBNA_027,E18 Bridge
HF,48960.0,20.09162970719555,220.4025,220.408,46093.0,69614.0,Pipistrellus pipistrellus,0.277,0.465,-1,Echolocation,192000.0,/mnt/ubna_data_06/recover-20251030/UBNA_027/20251030_034000.WAV,recover-20251030,UBNA_027,E18 Bridge
HF,51840.0,17.380751331294718,220.4855,220.49,45234.0,67553.0,Pipistrellus pipistrellus,0.215,0.377,-1,Echolocation,192000.0,/mnt/ubna_data_06/recover-20251030/UBNA_027/20251030_034000.WAV,recover-20251030,UBNA_027,E18 Bridge
HF,51840.0,28.17012376092016,220.5665,220.5716,44375.0,74609.0,Pipistrellus pipistrellus,0.576,0.627,-1,Echolocation,192000.0,/mnt/ubna_data_06/recover-20251030/UBNA_027/20251030_034000.WAV,recover-20251030,UBNA_027,E18 Bridge
HF,51840.0,10.426641982906819,220.6505,220.6546,46953.0,62917.0,Pipistrellus pipistrellus,0.277,0.393,-1,Echolocation,192000.0,/mnt/ubna_data_06/recover-20251030/UBNA_027/20251030_034000.WAV,recover-20251030,UBNA_027,E18 Bridge
HF,52800.0,22.41681004636908,220.7295,220.7343,46093.0,70051.0,Pipistrellus pipistrellus,0.477,0.596,-1,Echolocation,192000.0,/mnt/ubna_data_06/recover-20251030/UBNA_027/20251030_034000.WAV,recover-20251030,UBNA_027,E18 Bridge
HF,52800.0,7.654313295752624,220.8115,220.8155,51250.0,66021.0,Pipistrellus pipistrellus,0.423,0.504,-1,Echolocation,192000.0,/mnt/ubna_data_06/recover-20251030/UBNA_027/20251030_034000.WAV,recover-20251030,UBNA_027,E18 Bridge
HF,51840.0,19.594694748797757,220.8915,220.8956,46093.0,67633.0,Pipistrellus pipistrellus,0.178,0.352,-1,Echolocation,192000.0,/mnt/ubna_data_06/recover-20251030/UBNA_027/20251030_034000.WAV,recover-20251030,UBNA_027,E18 Bridge
HF,51840.0,12.342196937003447,220.9755,220.9794,48671.0,64467.0,Pipistrellus pipistrellus,0.335,0.434,-1,Echolocation,192000.0,/mnt/ubna_data_06/recover-20251030/UBNA_027/20251030_034000.WAV,recover-20251030,UBNA_027,E18 Bridge
HF,52800.0,24.786506619625413,221.0455,221.0515,44375.0,81879.0,Pipistrellus pipistrellus,0.314,0.584,-1,Echolocation,192000.0,/mnt/ubna_data_06/recover-20251030/UBNA_027/20251030_034000.WAV,recover-20251030,UBNA_027,E18 Bridge
HF,50880.0,18.629058484460856,221.1235,221.1274,46953.0,70508.0,Pipistrellus pipistrellus,0.259,0.361,-1,Echolocation,192000.0,/mnt/ubna_data_06/recover-20251030/UBNA_027/20251030_034000.WAV,recover-20251030,UBNA_027,E18 Bridge
HF,50880.0,13.270349525212119,221.1995,221.2038,47812.0,67233.0,Myotis alcathoe,0.228,0.438,-1,Echolocation,192000.0,/mnt/ubna_data_06/recover-20251030/UBNA_027/20251030_034000.WAV,recover-20251030,UBNA_027,E18 Bridge
HF,52800.0,19.436171889605895,221.2725,221.278,48671.0,72203.0,Myotis alcathoe,0.233,0.413,-1,Echolocation,192000.0,/mnt/ubna_data_06/recover-20251030/UBNA_027/20251030_034000.WAV,recover-20251030,UBNA_027,E18 Bridge
HF,53760.0,24.194733559118763,221.3485,221.3539,46093.0,76285.0,Pipistrellus pipistrellus,0.263,0.511,-1,Echolocation,192000.0,/mnt/ubna_data_06/recover-20251030/UBNA_027/20251030_034000.WAV,recover-20251030,UBNA_027,E18 Bridge
HF,52800.0,28.19360152162906,221.4945,221.4997,47812.0,76807.0,Pipistrellus pipistrellus,0.571,0.613,-1,Echolocation,192000.0,/mnt/ubna_data_06/recover-20251030/UBNA_027/20251030_034000.WAV,recover-20251030,UBNA_027,E18 Bridge
HF,52800.0,24.163606793839655,221.5735,221.5779,48671.0,74146.0,Pipistrellus pipistrellus,0.573,0.642,-1,Echolocation,192000.0,/mnt/ubna_data_06/recover-20251030/UBNA_027/20251030_034000.WAV,recover-20251030,UBNA_027,E18 Bridge
HF,58560.0,31.008538573115715,221.6475,221.653,48671.0,78066.0,Pipistrellus pipistrellus,0.592,0.666,-1,Echolocation,192000.0,/mnt/ubna_data_06/recover-20251030/UBNA_027/20251030_034000.WAV,recover-20251030,UBNA_027,E18 Bridge
HF,51840.0,21.20048059566107,221.7205,221.7249,47812.0,69241.0,Pipistrellus pipistrellus,0.421,0.488,-1,Echolocation,192000.0,/mnt/ubna_data_06/recover-20251030/UBNA_027/20251030_034000.WAV,recover-20251030,UBNA_027,E18 Bridge
HF,56640.0,32.2488606344476,221.7955,221.8016,47812.0,79268.0,Pipistrellus pipistrellus,0.466,0.517,-1,Echolocation,192000.0,/mnt/ubna_data_06/recover-20251030/UBNA_027/20251030_034000.WAV,recover-20251030,UBNA_027,E18 Bridge
HF,51840.0,26.2643064348834,221.8665,221.8713,47812.0,73575.0,Pipistrellus pipistrellus,0.508,0.554,-1,Echolocation,192000.0,/mnt/ubna_data_06/recover-20251030/UBNA_027/20251030_034000.WAV,recover-20251030,UBNA_027,E18 Bridge
HF,50880.0,19.304489752069337,221.9405,221.9448,47812.0,66178.0,Pipistrellus pipistrellus,0.561,0.586,-1,Echolocation,192000.0,/mnt/ubna_data_06/recover-20251030/UBNA_027/20251030_034000.WAV,recover-20251030,UBNA_027,E18 Bridge
HF,55680.0,31.42801652544626,222.0125,222.0189,46953.0,70617.0,Pipistrellus pipistrellus,0.595,0.608,-1,Echolocation,192000.0,/mnt/ubna_data_06/recover-20251030/UBNA_027/20251030_034000.WAV,recover-20251030,UBNA_027,E18 Bridge
HF,48960.0,11.587297841550427,222.0985,222.1053,46093.0,54423.0,Pipistrellus pipistrellus,0.366,0.37,-1,Echolocation,192000.0,/mnt/ubna_data_06/recover-20251030/UBNA_027/20251030_034000.WAV,recover-20251030,UBNA_027,E18 Bridge
HF,51840.0,27.4030899608176,222.1745,222.18110000000001,45234.0,66314.0,Pipistrellus pipistrellus,0.395,0.42,-1,Echolocation,192000.0,/mnt/ubna_data_06/recover-20251030/UBNA_027/20251030_034000.WAV,recover-20251030,UBNA_027,E18 Bridge
HF,50880.0,19.690324866736894,222.2555,222.2608,46953.0,64804.0,Pipistrellus pipistrellus,0.643,0.67,-1,Echolocation,192000.0,/mnt/ubna_data_06/recover-20251030/UBNA_027/20251030_034000.WAV,recover-20251030,UBNA_027,E18 Bridge
HF,48000.0,22.940530426016608,222.3415,222.3481,46093.0,62070.0,Pipistrellus pipistrellus,0.582,0.604,-1,Echolocation,192000.0,/mnt/ubna_data_06/recover-20251030/UBNA_027/20251030_034000.WAV,recover-20251030,UBNA_027,E18 Bridge
HF,48000.0,9.509508490338307,222.4335,222.4417,46093.0,55612.0,Pipistrellus pipistrellus,0.544,0.589,-1,Echolocation,192000.0,/mnt/ubna_data_06/recover-20251030/UBNA_027/20251030_034000.WAV,recover-20251030,UBNA_027,E18 Bridge
HF,48000.0,29.125808232961976,222.5155,222.5213,46953.0,67672.0,Pipistrellus pipistrellus,0.6,0.637,-1,Echolocation,192000.0,/mnt/ubna_data_06/recover-20251030/UBNA_027/20251030_034000.WAV,recover-20251030,UBNA_027,E18 Bridge
HF,47040.0,10.237002756949497,222.6165,222.626,46093.0,61372.0,Pipistrellus pipistrellus,0.528,0.663,-1,Echolocation,192000.0,/mnt/ubna_data_06/recover-20251030/UBNA_027/20251030_034000.WAV,recover-20251030,UBNA_027,E18 Bridge
HF,47040.0,28.900847707879187,222.7015,222.7066,45234.0,58742.0,Pipistrellus pipistrellus,0.62,0.638,-1,Echolocation,192000.0,/mnt/ubna_data_06/recover-20251030/UBNA_027/20251030_034000.WAV,recover-20251030,UBNA_027,E18 Bridge
HF,46080.0,12.780481956000855,222.7935,222.8006,46093.0,52784.0,Pipistrellus pipistrellus,0.543,0.554,-1,Echolocation,192000.0,/mnt/ubna_data_06/recover-20251030/UBNA_027/20251030_034000.WAV,recover-20251030,UBNA_027,E18 Bridge
HF,46080.0,24.807485532939598,222.8795,222.8854,44375.0,66333.0,Pipistrellus pipistrellus,0.67,0.7,-1,Echolocation,192000.0,/mnt/ubna_data_06/recover-20251030/UBNA_027/20251030_034000.WAV,recover-20251030,UBNA_027,E18 Bridge
HF,46080.0,12.547352647644843,222.9825,222.9922,45234.0,51913.0,Pipistrellus pipistrellus,0.502,0.532,-1,Echolocation,192000.0,/mnt/ubna_data_06/recover-20251030/UBNA_027/20251030_034000.WAV,recover-20251030,UBNA_027,E18 Bridge
HF,47040.0,20.999975681864157,223.0705,223.08,46093.0,61542.0,Pipistrellus pipistrellus,0.533,0.612,-1,Echolocation,192000.0,/mnt/ubna_data_06/recover-20251030/UBNA_027/20251030_034000.WAV,recover-20251030,UBNA_027,E18 Bridge
HF,47040.0,18.48489719383595,223.1705,223.177,45234.0,60969.0,Pipistrellus pipistrellus,0.504,0.535,-1,Echolocation,192000.0,/mnt/ubna_data_06/recover-20251030/UBNA_027/20251030_034000.WAV,recover-20251030,UBNA_027,E18 Bridge
HF,47040.0,3.821687461940158,223.2765,223.2879,46093.0,52013.0,Pipistrellus pipistrellus,0.302,0.309,-1,Echolocation,192000.0,/mnt/ubna_data_06/recover-20251030/UBNA_027/20251030_034000.WAV,recover-20251030,UBNA_027,E18 Bridge
HF,48000.0,18.22425693506495,223.3755,223.38139999999999,46093.0,62105.0,Pipistrellus pipistrellus,0.519,0.616,-1,Echolocation,192000.0,/mnt/ubna_data_06/recover-20251030/UBNA_027/20251030_034000.WAV,recover-20251030,UBNA_027,E18 Bridge
HF,48960.0,12.23426933384835,223.4815,223.4876,46953.0,58318.0,Pipistrellus pipistrellus,0.564,0.605,-1,Echolocation,192000.0,/mnt/ubna_data_06/recover-20251030/UBNA_027/20251030_034000.WAV,recover-20251030,UBNA_027,E18 Bridge
HF,48000.0,15.30053768757941,223.5665,223.573,46093.0,60605.0,Pipistrellus pipistrellus,0.551,0.59,-1,Echolocation,192000.0,/mnt/ubna_data_06/recover-20251030/UBNA_027/20251030_034000.WAV,recover-20251030,UBNA_027,E18 Bridge
HF,47040.0,12.736592940812102,223.6515,223.6577,46953.0,56510.0,Pipistrellus pipistrellus,0.621,0.626,-1,Echolocation,192000.0,/mnt/ubna_data_06/recover-20251030/UBNA_027/20251030_034000.WAV,recover-20251030,UBNA_027,E18 Bridge
HF,49920.0,16.986893327523347,223.7705,223.7759,46093.0,63082.0,Pipistrellus pipistrellus,0.592,0.628,-1,Echolocation,192000.0,/mnt/ubna_data_06/recover-20251030/UBNA_027/20251030_034000.WAV,recover-20251030,UBNA_027,E18 Bridge
HF,48000.0,15.337540353123181,223.8535,223.8591,46093.0,56284.0,Pipistrellus pipistrellus,0.588,0.596,-1,Echolocation,192000.0,/mnt/ubna_data_06/recover-20251030/UBNA_027/20251030_034000.WAV,recover-20251030,UBNA_027,E18 Bridge
HF,52800.0,12.630807807437252,223.9275,223.9348,45234.0,62815.0,Pipistrellus pipistrellus,0.451,0.518,-1,Echolocation,192000.0,/mnt/ubna_data_06/recover-20251030/UBNA_027/20251030_034000.WAV,recover-20251030,UBNA_027,E18 Bridge
HF,51840.0,14.553923444638816,224.0115,224.017,44375.0,62176.0,Pipistrellus pipistrellus,0.222,0.447,-1,Echolocation,192000.0,/mnt/ubna_data_06/recover-20251030/UBNA_027/20251030_034000.WAV,recover-20251030,UBNA_027,E18 Bridge
HF,46080.0,13.738744298314614,224.1705,224.1758,44375.0,59702.0,Pipistrellus pipistrellus,0.291,0.456,-1,Echolocation,192000.0,/mnt/ubna_data_06/recover-20251030/UBNA_027/20251030_034000.WAV,recover-20251030,UBNA_027,E18 Bridge
HF,46080.0,12.033569512878495,224.2485,224.2534,45234.0,57842.0,Pipistrellus pipistrellus,0.548,0.608,-1,Echolocation,192000.0,/mnt/ubna_data_06/recover-20251030/UBNA_027/20251030_034000.WAV,recover-20251030,UBNA_027,E18 Bridge
HF,48960.0,12.100982423150944,224.4105,224.4158,45234.0,57304.0,Pipistrellus pipistrellus,0.437,0.485,-1,Echolocation,192000.0,/mnt/ubna_data_06/recover-20251030/UBNA_027/20251030_034000.WAV,recover-20251030,UBNA_027,E18 Bridge
HF,48960.0,3.122345835583651,224.5735,224.57920000000001,46093.0,56606.0,Pipistrellus pipistrellus,0.338,0.363,-1,Echolocation,192000.0,/mnt/ubna_data_06/recover-20251030/UBNA_027/20251030_034000.WAV,recover-20251030,UBNA_027,E18 Bridge
HF,48960.0,1.1396447967820573,224.9025,224.9091,45234.0,57156.0,Pipistrellus pipistrellus,0.287,0.334,-1,Echolocation,192000.0,/mnt/ubna_data_06/recover-20251030/UBNA_027/20251030_034000.WAV,recover-20251030,UBNA_027,E18 Bridge
HF,48960.0,6.301675794120893,224.9855,224.99099999999999,44375.0,55981.0,Pipistrellus pipistrellus,0.495,0.558,-1,Echolocation,192000.0,/mnt/ubna_data_06/recover-20251030/UBNA_027/20251030_034000.WAV,recover-20251030,UBNA_027,E18 Bridge
HF,48000.0,2.5906531742581365,225.1435,225.1503,45234.0,54682.0,Pipistrellus pipistrellus,0.291,0.324,-1,Echolocation,192000.0,/mnt/ubna_data_06/recover-20251030/UBNA_027/20251030_034000.WAV,recover-20251030,UBNA_027,E18 Bridge
HF,48000.0,4.573491951923463,225.3775,225.3836,45234.0,57988.0,Pipistrellus pipistrellus,0.354,0.44,-1,Echolocation,192000.0,/mnt/ubna_data_06/recover-20251030/UBNA_027/20251030_034000.WAV,recover-20251030,UBNA_027,E18 Bridge
HF,48960.0,4.545408631767293,225.9275,225.9332,45234.0,59727.0,Pipistrellus pipistrellus,0.216,0.377,-1,Echolocation,192000.0,/mnt/ubna_data_06/recover-20251030/UBNA_027/20251030_034000.WAV,recover-20251030,UBNA_027,E18 Bridge
HF,48000.0,11.854810738439056,226.1715,226.1764,47812.0,57658.0,Pipistrellus pipistrellus,0.363,0.414,-1,Echolocation,192000.0,/mnt/ubna_data_06/recover-20251030/UBNA_027/20251030_034000.WAV,recover-20251030,UBNA_027,E18 Bridge
HF,48960.0,15.756950544283935,226.2475,226.2509,44375.0,66725.0,Myotis alcathoe,0.259,0.357,-1,Echolocation,192000.0,/mnt/ubna_data_06/recover-20251030/UBNA_027/20251030_034000.WAV,recover-20251030,UBNA_027,E18 Bridge
HF,50880.0,18.03847336430188,226.3955,226.3992,46953.0,67294.0,Pipistrellus pipistrellus,0.237,0.375,-1,Echolocation,192000.0,/mnt/ubna_data_06/recover-20251030/UBNA_027/20251030_034000.WAV,recover-20251030,UBNA_027,E18 Bridge
HF,49920.0,15.078470731545963,226.4725,226.4765,46953.0,74091.0,Myotis alcathoe,0.283,0.39,-1,Echolocation,192000.0,/mnt/ubna_data_06/recover-20251030/UBNA_027/20251030_034000.WAV,recover-20251030,UBNA_027,E18 Bridge
HF,49920.0,11.352829022261373,226.5455,226.5483,46093.0,64939.0,Myotis alcathoe,0.219,0.306,-1,Echolocation,192000.0,/mnt/ubna_data_06/recover-20251030/UBNA_027/20251030_034000.WAV,recover-20251030,UBNA_027,E18 Bridge
HF,53760.0,15.550140949134125,226.6205,226.6238,48671.0,75656.0,Myotis alcathoe,0.387,0.448,-1,Echolocation,192000.0,/mnt/ubna_data_06/recover-20251030/UBNA_027/20251030_034000.WAV,recover-20251030,UBNA_027,E18 Bridge
HF,54720.0,18.28319471158043,226.7005,226.7041,50390.0,76535.0,Myotis alcathoe,0.349,0.433,-1,Echolocation,192000.0,/mnt/ubna_data_06/recover-20251030/UBNA_027/20251030_034000.WAV,recover-20251030,UBNA_027,E18 Bridge
HF,54720.0,15.445871152531844,226.7835,226.78719999999998,46953.0,75121.0,Myotis alcathoe,0.351,0.435,-1,Echolocation,192000.0,/mnt/ubna_data_06/recover-20251030/UBNA_027/20251030_034000.WAV,recover-20251030,UBNA_027,E18 Bridge
HF,54720.0,19.978522535720508,226.8605,226.8637,48671.0,74027.0,Myotis alcathoe,0.384,0.459,-1,Echolocation,192000.0,/mnt/ubna_data_06/recover-20251030/UBNA_027/20251030_034000.WAV,recover-20251030,UBNA_027,E18 Bridge
HF,52800.0,14.297572322937055,226.9395,226.94310000000002,48671.0,71746.0,Myotis alcathoe,0.276,0.452,-1,Echolocation,192000.0,/mnt/ubna_data_06/recover-20251030/UBNA_027/20251030_034000.WAV,recover-20251030,UBNA_027,E18 Bridge
HF,56640.0,15.514091631228464,227.0015,227.0048,49531.0,75280.0,Myotis alcathoe,0.381,0.529,-1,Echolocation,192000.0,/mnt/ubna_data_06/recover-20251030/UBNA_027/20251030_034000.WAV,recover-20251030,UBNA_027,E18 Bridge
HF,50880.0,15.269430944588688,227.0995,227.1021,49531.0,71569.0,Myotis alcathoe,0.277,0.391,-1,Echolocation,192000.0,/mnt/ubna_data_06/recover-20251030/UBNA_027/20251030_034000.WAV,recover-20251030,UBNA_027,E18 Bridge
HF,51840.0,17.120264542626256,227.1675,227.17079999999999,48671.0,69295.0,Myotis alcathoe,0.343,0.452,-1,Echolocation,192000.0,/mnt/ubna_data_06/recover-20251030/UBNA_027/20251030_034000.WAV,recover-20251030,UBNA_027,E18 Bridge
HF,50880.0,18.64786953727204,227.2485,227.2529,46093.0,76939.0,Myotis alcathoe,0.407,0.465,-1,Echolocation,192000.0,/mnt/ubna_data_06/recover-20251030/UBNA_027/20251030_034000.WAV,recover-20251030,UBNA_027,E18 Bridge
HF,49920.0,19.78764495821524,227.3265,227.3297,46953.0,72212.0,Myotis alcathoe,0.401,0.455,-1,Echolocation,192000.0,/mnt/ubna_data_06/recover-20251030/UBNA_027/20251030_034000.WAV,recover-20251030,UBNA_027,E18 Bridge
HF,50880.0,22.27320108040385,227.4015,227.4064,46093.0,73221.0,Myotis alcathoe,0.272,0.413,-1,Echolocation,192000.0,/mnt/ubna_data_06/recover-20251030/UBNA_027/20251030_034000.WAV,recover-20251030,UBNA_027,E18 Bridge
HF,51840.0,20.379553977000384,227.4835,227.4868,46093.0,67690.0,Myotis alcathoe,0.241,0.416,-1,Echolocation,192000.0,/mnt/ubna_data_06/recover-20251030/UBNA_027/20251030_034000.WAV,recover-20251030,UBNA_027,E18 Bridge
HF,48960.0,21.031814889805332,227.5665,227.5706,45234.0,76889.0,Myotis alcathoe,0.323,0.442,-1,Echolocation,192000.0,/mnt/ubna_data_06/recover-20251030/UBNA_027/20251030_034000.WAV,recover-20251030,UBNA_027,E18 Bridge
HF,54720.0,23.736904364760854,227.6455,227.6491,46093.0,83696.0,Myotis alcathoe,0.504,0.538,-1,Echolocation,192000.0,/mnt/ubna_data_06/recover-20251030/UBNA_027/20251030_034000.WAV,recover-20251030,UBNA_027,E18 Bridge
HF,52800.0,18.210574310491033,227.7215,227.725,45234.0,74276.0,Myotis alcathoe,0.457,0.561,-1,Echolocation,192000.0,/mnt/ubna_data_06/recover-20251030/UBNA_027/20251030_034000.WAV,recover-20251030,UBNA_027,E18 Bridge
HF,52800.0,16.618002686856343,227.7935,227.7975,48671.0,75491.0,Myotis alcathoe,0.426,0.479,-1,Echolocation,192000.0,/mnt/ubna_data_06/recover-20251030/UBNA_027/20251030_034000.WAV,recover-20251030,UBNA_027,E18 Bridge
HF,53760.0,19.959300231978286,227.8685,227.8725,46953.0,77764.0,Myotis alcathoe,0.36,0.424,-1,Echolocation,192000.0,/mnt/ubna_data_06/recover-20251030/UBNA_027/20251030_034000.WAV,recover-20251030,UBNA_027,E18 Bridge
HF,54720.0,21.192366553637477,227.9415,227.9466,51250.0,70834.0,Pipistrellus pipistrellus,0.267,0.4,-1,Echolocation,192000.0,/mnt/ubna_data_06/recover-20251030/UBNA_027/20251030_034000.WAV,recover-20251030,UBNA_027,E18 Bridge
HF,52800.0,26.001167216952027,228.0135,228.0185,45234.0,82782.0,Myotis alcathoe,0.22,0.38,-1,Echolocation,192000.0,/mnt/ubna_data_06/recover-20251030/UBNA_027/20251030_034000.WAV,recover-20251030,UBNA_027,E18 Bridge
HF,52800.0,28.318134870017605,228.0135,228.0181,51250.0,74853.0,Pipistrellus pipistrellus,0.375,0.388,-1,Echolocation,192000.0,/mnt/ubna_data_06/recover-20251030/UBNA_027/20251030_034000.WAV,recover-20251030,UBNA_027,E18 Bridge
HF,51840.0,21.14393356954777,228.0905,228.0941,50390.0,68345.0,Pipistrellus pipistrellus,0.422,0.546,-1,Echolocation,192000.0,/mnt/ubna_data_06/recover-20251030/UBNA_027/20251030_034000.WAV,recover-20251030,UBNA_027,E18 Bridge
HF,51840.0,26.560263888760936,228.1675,228.1726,48671.0,78392.0,Pipistrellus pipistrellus,0.676,0.744,-1,Echolocation,192000.0,/mnt/ubna_data_06/recover-20251030/UBNA_027/20251030_034000.WAV,recover-20251030,UBNA_027,E18 Bridge
HF,52800.0,24.272499128072962,228.2465,228.2509,46953.0,69917.0,Pipistrellus pipistrellus,0.624,0.679,-1,Echolocation,192000.0,/mnt/ubna_data_06/recover-20251030/UBNA_027/20251030_034000.WAV,recover-20251030,UBNA_027,E18 Bridge
HF,56640.0,30.620942363919266,228.3255,228.3308,47812.0,75105.0,Pipistrellus pipistrellus,0.672,0.715,-1,Echolocation,192000.0,/mnt/ubna_data_06/recover-20251030/UBNA_027/20251030_034000.WAV,recover-20251030,UBNA_027,E18 Bridge
HF,52800.0,14.552495160149522,228.4025,228.4063,49531.0,72353.0,Pipistrellus pipistrellus,0.447,0.573,-1,Echolocation,192000.0,/mnt/ubna_data_06/recover-20251030/UBNA_027/20251030_034000.WAV,recover-20251030,UBNA_027,E18 Bridge
HF,52800.0,36.25736232963308,228.4815,228.4871,46953.0,77516.0,Pipistrellus pipistrellus,0.563,0.642,-1,Echolocation,192000.0,/mnt/ubna_data_06/recover-20251030/UBNA_027/20251030_034000.WAV,recover-20251030,UBNA_027,E18 Bridge
HF,51840.0,25.244174515324886,228.5635,228.5676,48671.0,64633.0,Pipistrellus pipistrellus,0.438,0.464,-1,Echolocation,192000.0,/mnt/ubna_data_06/recover-20251030/UBNA_027/20251030_034000.WAV,recover-20251030,UBNA_027,E18 Bridge
HF,51840.0,23.456996139633233,228.6385,228.643,46953.0,64497.0,Pipistrellus pipistrellus,0.482,0.518,-1,Echolocation,192000.0,/mnt/ubna_data_06/recover-20251030/UBNA_027/20251030_034000.WAV,recover-20251030,UBNA_027,E18 Bridge
HF,49920.0,22.79257834792212,228.7095,228.7133,46093.0,75066.0,Myotis alcathoe,0.247,0.434,-1,Echolocation,192000.0,/mnt/ubna_data_06/recover-20251030/UBNA_027/20251030_034000.WAV,recover-20251030,UBNA_027,E18 Bridge
HF,51840.0,30.438843352413997,228.7855,228.7903,48671.0,80730.0,Pipistrellus pipistrellus,0.505,0.563,-1,Echolocation,192000.0,/mnt/ubna_data_06/recover-20251030/UBNA_027/20251030_034000.WAV,recover-20251030,UBNA_027,E18 Bridge
HF,53760.0,19.848208392531202,228.8675,228.8721,45234.0,76190.0,Myotis alcathoe,0.222,0.316,-1,Echolocation,192000.0,/mnt/ubna_data_06/recover-20251030/UBNA_027/20251030_034000.WAV,recover-20251030,UBNA_027,E18 Bridge
HF,55680.0,33.246280910529585,228.9515,228.9561,48671.0,79168.0,Pipistrellus pipistrellus,0.411,0.455,-1,Echolocation,192000.0,/mnt/ubna_data_06/recover-20251030/UBNA_027/20251030_034000.WAV,recover-20251030,UBNA_027,E18 Bridge
HF,54720.0,21.723539888717738,229.0235,229.0288,50390.0,70416.0,Pipistrellus pipistrellus,0.442,0.53,-1,Echolocation,192000.0,/mnt/ubna_data_06/recover-20251030/UBNA_027/20251030_034000.WAV,recover-20251030,UBNA_027,E18 Bridge
HF,51840.0,22.042081851715064,229.1505,229.1569,50390.0,66173.0,Pipistrellus pipistrellus,0.387,0.439,-1,Echolocation,192000.0,/mnt/ubna_data_06/recover-20251030/UBNA_027/20251030_034000.WAV,recover-20251030,UBNA_027,E18 Bridge
HF,51840.0,31.842088437665673,229.2245,229.2309,47812.0,71226.0,Pipistrellus pipistrellus,0.447,0.486,-1,Echolocation,192000.0,/mnt/ubna_data_06/recover-20251030/UBNA_027/20251030_034000.WAV,recover-20251030,UBNA_027,E18 Bridge
HF,55680.0,31.843299037526542,229.3055,229.3108,49531.0,75142.0,Pipistrellus pipistrellus,0.457,0.47,-1,Echolocation,192000.0,/mnt/ubna_data_06/recover-20251030/UBNA_027/20251030_034000.WAV,recover-20251030,UBNA_027,E18 Bridge
HF,50880.0,17.004731835525458,229.3845,229.3899,49531.0,74367.0,Pipistrellus pipistrellus,0.337,0.398,-1,Echolocation,192000.0,/mnt/ubna_data_06/recover-20251030/UBNA_027/20251030_034000.WAV,recover-20251030,UBNA_027,E18 Bridge
HF,53760.0,32.54837149688723,229.4555,229.4607,50390.0,79420.0,Pipistrellus pipistrellus,0.268,0.359,-1,Echolocation,192000.0,/mnt/ubna_data_06/recover-20251030/UBNA_027/20251030_034000.WAV,recover-20251030,UBNA_027,E18 Bridge
HF,48960.0,14.310932262315594,229.5385,229.5438,47812.0,67609.0,Pipistrellus pipistrellus,0.478,0.534,-1,Echolocation,192000.0,/mnt/ubna_data_06/recover-20251030/UBNA_027/20251030_034000.WAV,recover-20251030,UBNA_027,E18 Bridge
HF,48960.0,29.142277460374455,229.6165,229.622,46093.0,66816.0,Pipistrellus pipistrellus,0.524,0.569,-1,Echolocation,192000.0,/mnt/ubna_data_06/recover-20251030/UBNA_027/20251030_034000.WAV,recover-20251030,UBNA_027,E18 Bridge
HF,51840.0,12.245482682910842,229.6935,229.6989,48671.0,63062.0,Pipistrellus pipistrellus,0.521,0.58,-1,Echolocation,192000.0,/mnt/ubna_data_06/recover-20251030/UBNA_027/20251030_034000.WAV,recover-20251030,UBNA_027,E18 Bridge
HF,48960.0,28.31154895040364,229.7745,229.77949999999998,46953.0,69230.0,Pipistrellus pipistrellus,0.537,0.599,-1,Echolocation,192000.0,/mnt/ubna_data_06/recover-20251030/UBNA_027/20251030_034000.WAV,recover-20251030,UBNA_027,E18 Bridge
HF,50880.0,27.208791853759227,229.8535,229.8585,44375.0,82665.0,Myotis alcathoe,0.161,0.358,-1,Echolocation,192000.0,/mnt/ubna_data_06/recover-20251030/UBNA_027/20251030_034000.WAV,recover-20251030,UBNA_027,E18 Bridge
HF,51840.0,8.062918230584526,229.9345,229.939,48671.0,59455.0,Pipistrellus pipistrellus,0.391,0.415,-1,Echolocation,192000.0,/mnt/ubna_data_06/recover-20251030/UBNA_027/20251030_034000.WAV,recover-20251030,UBNA_027,E18 Bridge
HF,53760.0,23.810184159570397,230.0165,230.0242,46093.0,67586.0,Pipistrellus pipistrellus,0.447,0.489,-1,Echolocation,192000.0,/mnt/ubna_data_06/recover-20251030/UBNA_027/20251030_034000.WAV,recover-20251030,UBNA_027,E18 Bridge
HF,52800.0,6.311354699309744,230.0965,230.1014,48671.0,63876.0,Pipistrellus pipistrellus,0.562,0.577,-1,Echolocation,192000.0,/mnt/ubna_data_06/recover-20251030/UBNA_027/20251030_034000.WAV,recover-20251030,UBNA_027,E18 Bridge
HF,48000.0,20.909223666126927,230.17849999999999,230.185,44375.0,66221.0,Pipistrellus pipistrellus,0.584,0.638,-1,Echolocation,192000.0,/mnt/ubna_data_06/recover-20251030/UBNA_027/20251030_034000.WAV,recover-20251030,UBNA_027,E18 Bridge
HF,48000.0,9.404054930050371,230.2685,230.2757,46093.0,58112.0,Pipistrellus pipistrellus,0.525,0.54,-1,Echolocation,192000.0,/mnt/ubna_data_06/recover-20251030/UBNA_027/20251030_034000.WAV,recover-20251030,UBNA_027,E18 Bridge
HF,46080.0,23.436104255397446,230.3545,230.3621,44375.0,67999.0,Pipistrellus pipistrellus,0.585,0.668,-1,Echolocation,192000.0,/mnt/ubna_data_06/recover-20251030/UBNA_027/20251030_034000.WAV,recover-20251030,UBNA_027,E18 Bridge
HF,47040.0,18.256657130065637,230.44650000000001,230.45499999999998,45234.0,56402.0,Pipistrellus pipistrellus,0.499,0.595,-1,Echolocation,192000.0,/mnt/ubna_data_06/recover-20251030/UBNA_027/20251030_034000.WAV,recover-20251030,UBNA_027,E18 Bridge
HF,47040.0,5.260333936814424,230.5365,230.5462,46093.0,53432.0,Pipistrellus pipistrellus,0.385,0.4,-1,Echolocation,192000.0,/mnt/ubna_data_06/recover-20251030/UBNA_027/20251030_034000.WAV,recover-20251030,UBNA_027,E18 Bridge
HF,46080.0,20.849650038901892,230.6195,230.62630000000001,44375.0,65067.0,Pipistrellus pipistrellus,0.606,0.636,-1,Echolocation,192000.0,/mnt/ubna_data_06/recover-20251030/UBNA_027/20251030_034000.WAV,recover-20251030,UBNA_027,E18 Bridge
HF,46080.0,16.7717690320421,230.8015,230.8122,45234.0,61182.0,Pipistrellus pipistrellus,0.489,0.601,-1,Echolocation,192000.0,/mnt/ubna_data_06/recover-20251030/UBNA_027/20251030_034000.WAV,recover-20251030,UBNA_027,E18 Bridge
HF,46080.0,16.76501121729987,230.8965,230.9092,46093.0,66892.0,Pipistrellus pipistrellus,0.5,0.616,-1,Echolocation,192000.0,/mnt/ubna_data_06/recover-20251030/UBNA_027/20251030_034000.WAV,recover-20251030,UBNA_027,E18 Bridge
HF,46080.0,11.002273670735633,231.0825,231.0961,45234.0,59061.0,Pipistrellus pipistrellus,0.418,0.504,-1,Echolocation,192000.0,/mnt/ubna_data_06/recover-20251030/UBNA_027/20251030_034000.WAV,recover-20251030,UBNA_027,E18 Bridge
HF,47040.0,10.00498676680255,231.2695,231.2798,46953.0,59805.0,Pipistrellus pipistrellus,0.428,0.466,-1,Echolocation,192000.0,/mnt/ubna_data_06/recover-20251030/UBNA_027/20251030_034000.WAV,recover-20251030,UBNA_027,E18 Bridge
HF,47040.0,7.394969963463044,231.4255,231.4374,46093.0,60037.0,Pipistrellus pipistrellus,0.299,0.363,-1,Echolocation,192000.0,/mnt/ubna_data_06/recover-20251030/UBNA_027/20251030_034000.WAV,recover-20251030,UBNA_027,E18 Bridge
HF,46080.0,6.651701890705251,231.6025,231.6168,45234.0,53770.0,Pipistrellus pipistrellus,0.373,0.433,-1,Echolocation,192000.0,/mnt/ubna_data_06/recover-20251030/UBNA_027/20251030_034000.WAV,recover-20251030,UBNA_027,E18 Bridge
HF,47040.0,4.603022203140325,231.7905,231.8031,46093.0,51542.0,Pipistrellus pipistrellus,0.317,0.334,-1,Echolocation,192000.0,/mnt/ubna_data_06/recover-20251030/UBNA_027/20251030_034000.WAV,recover-20251030,UBNA_027,E18 Bridge
HF,45120.0,4.643363226915808,3.0315,3.0381,43515.0,50177.0,Pipistrellus pipistrellus,0.352,0.38,-1,Echolocation,192000.0,/mnt/ubna_data_06/recover-20251030/UBNA_027/20251030_040000.WAV,recover-20251030,UBNA_027,E18 Bridge
HF,45120.0,2.511770009771181,3.2035,3.2099,44375.0,51008.0,Pipistrellus pipistrellus,0.432,0.444,-1,Echolocation,192000.0,/mnt/ubna_data_06/recover-20251030/UBNA_027/20251030_040000.WAV,recover-20251030,UBNA_027,E18 Bridge
HF,45120.0,3.750303684229961,3.8025,3.812,44375.0,49443.0,Pipistrellus pipistrellus,0.36,0.385,-1,Echolocation,192000.0,/mnt/ubna_data_06/recover-20251030/UBNA_027/20251030_040000.WAV,recover-20251030,UBNA_027,E18 Bridge
HF,46080.0,4.479965405753866,3.8915,3.8983,45234.0,51851.0,Pipistrellus pipistrellus,0.473,0.523,-1,Echolocation,192000.0,/mnt/ubna_data_06/recover-20251030/UBNA_027/20251030_040000.WAV,recover-20251030,UBNA_027,E18 Bridge
HF,46080.0,6.565519358570761,4.0695,4.0747,44375.0,51669.0,Pipistrellus pipistrellus,0.429,0.456,-1,Echolocation,192000.0,/mnt/ubna_data_06/recover-20251030/UBNA_027/20251030_040000.WAV,recover-20251030,UBNA_027,E18 Bridge
HF,46080.0,3.5170273596429817,4.9795,4.9853,43515.0,56211.0,Pipistrellus pipistrellus,0.287,0.361,-1,Echolocation,192000.0,/mnt/ubna_data_06/recover-20251030/UBNA_027/20251030_040000.WAV,recover-20251030,UBNA_027,E18 Bridge
HF,46080.0,8.919858289435652,5.0715,5.0786,45234.0,56165.0,Pipistrellus pipistrellus,0.421,0.539,-1,Echolocation,192000.0,/mnt/ubna_data_06/recover-20251030/UBNA_027/20251030_040000.WAV,recover-20251030,UBNA_027,E18 Bridge
HF,46080.0,6.167764946186339,5.1655,5.1719,44375.0,52175.0,Pipistrellus pipistrellus,0.446,0.487,-1,Echolocation,192000.0,/mnt/ubna_data_06/recover-20251030/UBNA_027/20251030_040000.WAV,recover-20251030,UBNA_027,E18 Bridge
HF,46080.0,7.461334845115499,5.2585,5.2633,40937.0,57363.0,Pipistrellus pipistrellus,0.353,0.496,-1,Echolocation,192000.0,/mnt/ubna_data_06/recover-20251030/UBNA_027/20251030_040000.WAV,recover-20251030,UBNA_027,E18 Bridge
HF,46080.0,9.992921244347324,5.3545,5.3599,45234.0,53760.0,Pipistrellus pipistrellus,0.548,0.576,-1,Echolocation,192000.0,/mnt/ubna_data_06/recover-20251030/UBNA_027/20251030_040000.WAV,recover-20251030,UBNA_027,E18 Bridge
HF,44160.0,8.538370588167188,5.4455,5.4515,43515.0,54945.0,Pipistrellus pipistrellus,0.415,0.525,-1,Echolocation,192000.0,/mnt/ubna_data_06/recover-20251030/UBNA_027/20251030_040000.WAV,recover-20251030,UBNA_027,E18 Bridge
HF,46080.0,14.815206496590282,5.5425,5.5487,45234.0,55645.0,Pipistrellus pipistrellus,0.328,0.411,-1,Echolocation,192000.0,/mnt/ubna_data_06/recover-20251030/UBNA_027/20251030_040000.WAV,recover-20251030,UBNA_027,E18 Bridge
HF,45120.0,12.085478279399691,5.6375,5.6434,41796.0,60970.0,Pipistrellus pipistrellus,0.326,0.621,-1,Echolocation,192000.0,/mnt/ubna_data_06/recover-20251030/UBNA_027/20251030_040000.WAV,recover-20251030,UBNA_027,E18 Bridge
HF,45120.0,11.612467230242292,5.7465,5.7512,40937.0,59349.0,Pipistrellus pipistrellus,0.159,0.37,-1,Echolocation,192000.0,/mnt/ubna_data_06/recover-20251030/UBNA_027/20251030_040000.WAV,recover-20251030,UBNA_027,E18 Bridge
HF,47040.0,17.448158220756312,5.8515,5.8564,41796.0,75310.0,Myotis alcathoe,0.227,0.349,-1,Echolocation,192000.0,/mnt/ubna_data_06/recover-20251030/UBNA_027/20251030_040000.WAV,recover-20251030,UBNA_027,E18 Bridge
HF,46080.0,14.136404323612915,5.9385,5.9438,41796.0,74935.0,Myotis alcathoe,0.161,0.359,-1,Echolocation,192000.0,/mnt/ubna_data_06/recover-20251030/UBNA_027/20251030_040000.WAV,recover-20251030,UBNA_027,E18 Bridge
HF,45120.0,12.75098121023722,6.0295,6.0343,44375.0,58755.0,Pipistrellus pipistrellus,0.424,0.45,-1,Echolocation,192000.0,/mnt/ubna_data_06/recover-20251030/UBNA_027/20251030_040000.WAV,recover-20251030,UBNA_027,E18 Bridge
HF,48000.0,19.24502236920832,6.1185,6.1236,44375.0,65641.0,Pipistrellus pipistrellus,0.424,0.545,-1,Echolocation,192000.0,/mnt/ubna_data_06/recover-20251030/UBNA_027/20251030_040000.WAV,recover-20251030,UBNA_027,E18 Bridge
HF,44160.0,16.67059747514927,6.2045,6.2102,40937.0,71651.0,Myotis daubentonii,0.222,0.448,-1,Echolocation,192000.0,/mnt/ubna_data_06/recover-20251030/UBNA_027/20251030_040000.WAV,recover-20251030,UBNA_027,E18 Bridge
HF,45120.0,18.096714956482348,6.2955,6.3007,39218.0,68899.0,Myotis daubentonii,0.174,0.357,-1,Echolocation,192000.0,/mnt/ubna_data_06/recover-20251030/UBNA_027/20251030_040000.WAV,recover-20251030,UBNA_027,E18 Bridge
HF,46080.0,17.538163717594788,6.3815,6.3875,42656.0,64167.0,Pipistrellus pipistrellus,0.154,0.336,-1,Echolocation,192000.0,/mnt/ubna_data_06/recover-20251030/UBNA_027/20251030_040000.WAV,recover-20251030,UBNA_027,E18 Bridge
HF,46080.0,21.04539311959881,6.4735,6.4792,36640.0,78359.0,Myotis daubentonii,0.163,0.42,-1,Echolocation,192000.0,/mnt/ubna_data_06/recover-20251030/UBNA_027/20251030_040000.WAV,recover-20251030,UBNA_027,E18 Bridge
HF,45120.0,19.74407858707618,6.5615,6.5666,34062.0,79649.0,Myotis mystacinus,0.162,0.427,-1,Echolocation,192000.0,/mnt/ubna_data_06/recover-20251030/UBNA_027/20251030_040000.WAV,recover-20251030,UBNA_027,E18 Bridge
HF,45120.0,22.143915668969406,6.6535,6.6596,41796.0,66953.0,Pipistrellus pipistrellus,0.18,0.459,-1,Echolocation,192000.0,/mnt/ubna_data_06/recover-20251030/UBNA_027/20251030_040000.WAV,recover-20251030,UBNA_027,E18 Bridge
HF,45120.0,24.66380510955306,6.7415,6.7472,43515.0,59019.0,Pipistrellus pipistrellus,0.41,0.42,-1,Echolocation,192000.0,/mnt/ubna_data_06/recover-20251030/UBNA_027/20251030_040000.WAV,recover-20251030,UBNA_027,E18 Bridge
HF,48000.0,21.212083205438915,6.8315,6.8374,38359.0,74302.0,Myotis daubentonii,0.251,0.371,-1,Echolocation,192000.0,/mnt/ubna_data_06/recover-20251030/UBNA_027/20251030_040000.WAV,recover-20251030,UBNA_027,E18 Bridge
HF,47040.0,23.67051454347607,6.8325,6.8379,44375.0,59552.0,Pipistrellus pipistrellus,0.468,0.483,-1,Echolocation,192000.0,/mnt/ubna_data_06/recover-20251030/UBNA_027/20251030_040000.WAV,recover-20251030,UBNA_027,E18 Bridge
HF,44160.0,25.85204318939791,6.9215,6.9275,37500.0,78251.0,Myotis daubentonii,0.129,0.349,-1,Echolocation,192000.0,/mnt/ubna_data_06/recover-20251030/UBNA_027/20251030_040000.WAV,recover-20251030,UBNA_027,E18 Bridge
HF,48000.0,27.660769748895504,7.0125,7.0181,44375.0,62997.0,Pipistrellus pipistrellus,0.56,0.587,-1,Echolocation,192000.0,/mnt/ubna_data_06/recover-20251030/UBNA_027/20251030_040000.WAV,recover-20251030,UBNA_027,E18 Bridge
HF,47040.0,24.94447529365616,7.1035,7.1092,45234.0,55313.0,Pipistrellus pipistrellus,0.508,0.512,-1,Echolocation,192000.0,/mnt/ubna_data_06/recover-20251030/UBNA_027/20251030_040000.WAV,recover-20251030,UBNA_027,E18 Bridge
HF,46080.0,30.9533779199722,7.1895,7.1949,33203.0,82241.0,Myotis mystacinus,0.128,0.329,-1,Echolocation,192000.0,/mnt/ubna_data_06/recover-20251030/UBNA_027/20251030_040000.WAV,recover-20251030,UBNA_027,E18 Bridge
HF,46080.0,34.15839696112681,7.1895,7.198,44375.0,59285.0,Pipistrellus pipistrellus,0.488,0.505,-1,Echolocation,192000.0,/mnt/ubna_data_06/recover-20251030/UBNA_027/20251030_040000.WAV,recover-20251030,UBNA_027,E18 Bridge
HF,46080.0,24.446789747924665,7.2795,7.2853,41796.0,72237.0,Pipistrellus pipistrellus,0.16,0.446,-1,Echolocation,192000.0,/mnt/ubna_data_06/recover-20251030/UBNA_027/20251030_040000.WAV,recover-20251030,UBNA_027,E18 Bridge
HF,48000.0,20.56752572137123,7.3675,7.3722,41796.0,62980.0,Myotis daubentonii,0.193,0.489,-1,Echolocation,192000.0,/mnt/ubna_data_06/recover-20251030/UBNA_027/20251030_040000.WAV,recover-20251030,UBNA_027,E18 Bridge
HF,48960.0,30.10967199149561,7.4535,7.4595,35781.0,86306.0,Myotis mystacinus,0.187,0.463,-1,Echolocation,192000.0,/mnt/ubna_data_06/recover-20251030/UBNA_027/20251030_040000.WAV,recover-20251030,UBNA_027,E18 Bridge
HF,46080.0,16.985928229147422,7.5405,7.5466,45234.0,60158.0,Pipistrellus pipistrellus,0.455,0.505,-1,Echolocation,192000.0,/mnt/ubna_data_06/recover-20251030/UBNA_027/20251030_040000.WAV,recover-20251030,UBNA_027,E18 Bridge
HF,46080.0,29.725838969088283,7.6265,7.6322,33203.0,77377.0,Myotis daubentonii,0.214,0.53,-1,Echolocation,192000.0,/mnt/ubna_data_06/recover-20251030/UBNA_027/20251030_040000.WAV,recover-20251030,UBNA_027,E18 Bridge
HF,48960.0,13.323984302373667,7.7195,7.7237,35781.0,72109.0,Myotis mystacinus,0.256,0.457,-1,Echolocation,192000.0,/mnt/ubna_data_06/recover-20251030/UBNA_027/20251030_040000.WAV,recover-20251030,UBNA_027,E18 Bridge
HF,48000.0,36.47873753946377,7.8075,7.8158,46953.0,58457.0,Pipistrellus pipistrellus,0.349,0.357,-1,Echolocation,192000.0,/mnt/ubna_data_06/recover-20251030/UBNA_027/20251030_040000.WAV,recover-20251030,UBNA_027,E18 Bridge
HF,44160.0,33.47426518967253,7.8075,7.8125,33203.0,81896.0,Myotis daubentonii,0.243,0.572,-1,Echolocation,192000.0,/mnt/ubna_data_06/recover-20251030/UBNA_027/20251030_040000.WAV,recover-20251030,UBNA_027,E18 Bridge
HF,47040.0,18.58490103653464,7.8875,7.8958,45234.0,64766.0,Pipistrellus pipistrellus,0.401,0.494,-1,Echolocation,192000.0,/mnt/ubna_data_06/recover-20251030/UBNA_027/20251030_040000.WAV,recover-20251030,UBNA_027,E18 Bridge
HF,47040.0,15.86319445826639,7.8885,7.8925,34062.0,72433.0,Myotis mystacinus,0.137,0.301,-1,Echolocation,192000.0,/mnt/ubna_data_06/recover-20251030/UBNA_027/20251030_040000.WAV,recover-20251030,UBNA_027,E18 Bridge
HF,47040.0,9.91088415623869,7.9685,7.977,46953.0,59696.0,Pipistrellus pipistrellus,0.506,0.519,-1,Echolocation,192000.0,/mnt/ubna_data_06/recover-20251030/UBNA_027/20251030_040000.WAV,recover-20251030,UBNA_027,E18 Bridge
HF,47040.0,24.657783275441094,8.0445,8.0503,33203.0,80314.0,Myotis brandtii,0.222,0.533,-1,Echolocation,192000.0,/mnt/ubna_data_06/recover-20251030/UBNA_027/20251030_040000.WAV,recover-20251030,UBNA_027,E18 Bridge
HF,51840.0,8.474431326160163,8.1255,8.13,46953.0,63205.0,Pipistrellus pipistrellus,0.187,0.425,-1,Echolocation,192000.0,/mnt/ubna_data_06/recover-20251030/UBNA_027/20251030_040000.WAV,recover-20251030,UBNA_027,E18 Bridge
HF,44160.0,22.89025377772503,8.2055,8.2104,33203.0,75450.0,Myotis brandtii,0.238,0.543,-1,Echolocation,192000.0,/mnt/ubna_data_06/recover-20251030/UBNA_027/20251030_040000.WAV,recover-20251030,UBNA_027,E18 Bridge
HF,45120.0,20.14161162671162,8.3715,8.3768,35781.0,76193.0,Myotis brandtii,0.177,0.367,-1,Echolocation,192000.0,/mnt/ubna_data_06/recover-20251030/UBNA_027/20251030_040000.WAV,recover-20251030,UBNA_027,E18 Bridge
HF,48000.0,7.881993935135596,8.4585,8.4626,42656.0,61130.0,Myotis daubentonii,0.193,0.381,-1,Echolocation,192000.0,/mnt/ubna_data_06/recover-20251030/UBNA_027/20251030_040000.WAV,recover-20251030,UBNA_027,E18 Bridge
HF,46080.0,18.845908588961716,8.5395,8.5438,39218.0,73382.0,Myotis daubentonii,0.187,0.431,-1,Echolocation,192000.0,/mnt/ubna_data_06/recover-20251030/UBNA_027/20251030_040000.WAV,recover-20251030,UBNA_027,E18 Bridge
HF,48000.0,5.566032955143396,8.6315,8.636,46953.0,60333.0,Pipistrellus pipistrellus,0.117,0.474,-1,Echolocation,192000.0,/mnt/ubna_data_06/recover-20251030/UBNA_027/20251030_040000.WAV,recover-20251030,UBNA_027,E18 Bridge
HF,46080.0,20.166518328507294,8.7195,8.7259,41796.0,76296.0,Myotis daubentonii,0.183,0.43,-1,Echolocation,192000.0,/mnt/ubna_data_06/recover-20251030/UBNA_027/20251030_040000.WAV,recover-20251030,UBNA_027,E18 Bridge
HF,48960.0,2.965344275553632,8.8155,8.8204,46093.0,59642.0,Pipistrellus pipistrellus,0.15,0.337,-1,Echolocation,192000.0,/mnt/ubna_data_06/recover-20251030/UBNA_027/20251030_040000.WAV,recover-20251030,UBNA_027,E18 Bridge
HF,48000.0,11.090135231879046,8.9035,8.9084,41796.0,68022.0,Myotis daubentonii,0.133,0.374,-1,Echolocation,192000.0,/mnt/ubna_data_06/recover-20251030/UBNA_027/20251030_040000.WAV,recover-20251030,UBNA_027,E18 Bridge
HF,53760.0,8.681311294226276,9.0645,9.0686,44375.0,59242.0,Myotis daubentonii,0.149,0.416,-1,Echolocation,192000.0,/mnt/ubna_data_06/recover-20251030/UBNA_027/20251030_040000.WAV,recover-20251030,UBNA_027,E18 Bridge
HF,48960.0,13.154696249726793,9.2345,9.2387,42656.0,63465.0,Myotis daubentonii,0.12,0.373,-1,Echolocation,192000.0,/mnt/ubna_data_06/recover-20251030/UBNA_027/20251030_040000.WAV,recover-20251030,UBNA_027,E18 Bridge
HF,48000.0,4.695328524345379,9.3235,9.3277,47812.0,56331.0,Pipistrellus pipistrellus,0.287,0.32,-1,Echolocation,192000.0,/mnt/ubna_data_06/recover-20251030/UBNA_027/20251030_040000.WAV,recover-20251030,UBNA_027,E18 Bridge
HF,48000.0,13.924638626944784,9.4115,9.4165,41796.0,64655.0,Myotis daubentonii,0.167,0.369,-1,Echolocation,192000.0,/mnt/ubna_data_06/recover-20251030/UBNA_027/20251030_040000.WAV,recover-20251030,UBNA_027,E18 Bridge
HF,48000.0,2.72398041124032,9.5075,9.5117,46093.0,53853.0,Pipistrellus pipistrellus,0.264,0.302,-1,Echolocation,192000.0,/mnt/ubna_data_06/recover-20251030/UBNA_027/20251030_040000.WAV,recover-20251030,UBNA_027,E18 Bridge
HF,44160.0,14.650003680183218,9.5955,9.6008,34062.0,72054.0,Myotis brandtii,0.183,0.33,-1,Echolocation,192000.0,/mnt/ubna_data_06/recover-20251030/UBNA_027/20251030_040000.WAV,recover-20251030,UBNA_027,E18 Bridge
HF,45120.0,14.09124950515022,9.7785,9.7835,34921.0,72454.0,Myotis brandtii,0.182,0.329,-1,Echolocation,192000.0,/mnt/ubna_data_06/recover-20251030/UBNA_027/20251030_040000.WAV,recover-20251030,UBNA_027,E18 Bridge
HF,45120.0,9.581716391696524,9.8675,9.8717,42656.0,58062.0,Myotis daubentonii,0.17,0.368,-1,Echolocation,192000.0,/mnt/ubna_data_06/recover-20251030/UBNA_027/20251030_040000.WAV,recover-20251030,UBNA_027,E18 Bridge
HF,48960.0,3.411858366980759,9.9575,9.9624,45234.0,57984.0,Myotis daubentonii,0.106,0.378,-1,Echolocation,192000.0,/mnt/ubna_data_06/recover-20251030/UBNA_027/20251030_040000.WAV,recover-20251030,UBNA_027,E18 Bridge
HF,44160.0,12.32770957481058,10.0425,10.0475,40937.0,59666.0,Myotis daubentonii,0.081,0.322,-1,Echolocation,192000.0,/mnt/ubna_data_06/recover-20251030/UBNA_027/20251030_040000.WAV,recover-20251030,UBNA_027,E18 Bridge
HF,45120.0,6.277204886437379,10.3055,10.311,41796.0,55746.0,Pipistrellus nathusii,0.127,0.336,-1,Echolocation,192000.0,/mnt/ubna_data_06/recover-20251030/UBNA_027/20251030_040000.WAV,recover-20251030,UBNA_027,E18 Bridge
HF,46080.0,6.508270049219339,10.8215,10.8263,40078.0,55865.0,Myotis daubentonii,0.141,0.35,-1,Echolocation,192000.0,/mnt/ubna_data_06/recover-20251030/UBNA_027/20251030_040000.WAV,recover-20251030,UBNA_027,E18 Bridge
HF,46080.0,5.224129164005103,11.6235,11.629,43515.0,57942.0,Pipistrellus pipistrellus,0.141,0.437,-1,Echolocation,192000.0,/mnt/ubna_data_06/recover-20251030/UBNA_027/20251030_040000.WAV,recover-20251030,UBNA_027,E18 Bridge
HF,46080.0,9.696127187369987,11.8135,11.8194,40937.0,55081.0,Pipistrellus nathusii,0.117,0.39,-1,Echolocation,192000.0,/mnt/ubna_data_06/recover-20251030/UBNA_027/20251030_040000.WAV,recover-20251030,UBNA_027,E18 Bridge
HF,46080.0,7.735294670813413,11.8905,11.8957,44375.0,52962.0,Pipistrellus pipistrellus,0.412,0.475,-1,Echolocation,192000.0,/mnt/ubna_data_06/recover-20251030/UBNA_027/20251030_040000.WAV,recover-20251030,UBNA_027,E18 Bridge
HF,45120.0,4.666158895759384,11.9765,11.9823,43515.0,49109.0,Pipistrellus pipistrellus,0.193,0.333,-1,Echolocation,192000.0,/mnt/ubna_data_06/recover-20251030/UBNA_027/20251030_040000.WAV,recover-20251030,UBNA_027,E18 Bridge
LF,27840.0,3.309884946503928,64.5945,64.5995,22890.0,37633.0,Plecotus austriacus,0.223,0.303,-1,Echolocation,192000.0,/mnt/ubna_data_06/recover-20251030/UBNA_027/20251030_042000.WAV,recover-20251030,UBNA_027,E18 Bridge
LF,26880.0,2.8580771542239676,147.8265,147.8387,27187.0,31760.0,Nyctalus leisleri,0.349,0.574,-1,Echolocation,192000.0,/mnt/ubna_data_06/recover-20251030/UBNA_027/20251030_042000.WAV,recover-20251030,UBNA_027,E18 Bridge
LF,26880.0,3.078032953302203,148.6115,148.6222,27187.0,32476.0,Nyctalus leisleri,0.364,0.588,-1,Echolocation,192000.0,/mnt/ubna_data_06/recover-20251030/UBNA_027/20251030_042000.WAV,recover-20251030,UBNA_027,E18 Bridge
LF,26880.0,3.1714534257501326,148.84550000000002,148.8578,26328.0,31360.0,Nyctalus leisleri,0.368,0.601,-1,Echolocation,192000.0,/mnt/ubna_data_06/recover-20251030/UBNA_027/20251030_042000.WAV,recover-20251030,UBNA_027,E18 Bridge
LF,26880.0,4.799814815369128,150.7725,150.7859,25468.0,30232.0,Nyctalus leisleri,0.191,0.321,-1,Echolocation,192000.0,/mnt/ubna_data_06/recover-20251030/UBNA_027/20251030_042000.WAV,recover-20251030,UBNA_027,E18 Bridge
LF,26880.0,3.8063143709036233,153.1305,153.1443,26328.0,30922.0,Nyctalus leisleri,0.233,0.411,-1,Echolocation,192000.0,/mnt/ubna_data_06/recover-20251030/UBNA_027/20251030_042000.WAV,recover-20251030,UBNA_027,E18 Bridge
HF,53760.0,7.868228873352521,109.4075,109.4178,49531.0,64882.0,Pipistrellus pipistrellus,0.306,0.414,-1,Echolocation,192000.0,/mnt/ubna_data_06/recover-20251030/UBNA_027/20251030_043000.WAV,recover-20251030,UBNA_027,E18 Bridge
HF,51840.0,8.881642174004503,109.5715,109.5801,48671.0,65612.0,Pipistrellus pipistrellus,0.296,0.363,-1,Echolocation,192000.0,/mnt/ubna_data_06/recover-20251030/UBNA_027/20251030_043000.WAV,recover-20251030,UBNA_027,E18 Bridge
HF,49920.0,9.937705775035003,109.7415,109.7495,48671.0,62945.0,Pipistrellus pipistrellus,0.466,0.548,-1,Echolocation,192000.0,/mnt/ubna_data_06/recover-20251030/UBNA_027/20251030_043000.WAV,recover-20251030,UBNA_027,E18 Bridge
HF,49920.0,6.800121907640867,109.8275,109.8343,47812.0,61582.0,Pipistrellus pipistrellus,0.33,0.37,-1,Echolocation,192000.0,/mnt/ubna_data_06/recover-20251030/UBNA_027/20251030_043000.WAV,recover-20251030,UBNA_027,E18 Bridge
HF,48960.0,8.172409495425843,109.9145,109.9198,47812.0,63036.0,Pipistrellus pipistrellus,0.473,0.526,-1,Echolocation,192000.0,/mnt/ubna_data_06/recover-20251030/UBNA_027/20251030_043000.WAV,recover-20251030,UBNA_027,E18 Bridge
HF,48960.0,11.025251950417502,110.0055,110.0122,48671.0,59095.0,Pipistrellus pipistrellus,0.652,0.68,-1,Echolocation,192000.0,/mnt/ubna_data_06/recover-20251030/UBNA_027/20251030_043000.WAV,recover-20251030,UBNA_027,E18 Bridge
HF,48000.0,13.335698740412505,110.1435,110.1488,46093.0,66628.0,Pipistrellus pipistrellus,0.563,0.606,-1,Echolocation,192000.0,/mnt/ubna_data_06/recover-20251030/UBNA_027/20251030_043000.WAV,recover-20251030,UBNA_027,E18 Bridge
HF,48000.0,16.797459041560355,110.2295,110.2372,46093.0,66896.0,Pipistrellus pipistrellus,0.552,0.681,-1,Echolocation,192000.0,/mnt/ubna_data_06/recover-20251030/UBNA_027/20251030_043000.WAV,recover-20251030,UBNA_027,E18 Bridge
HF,48000.0,15.929372161193928,110.3105,110.31790000000001,45234.0,63774.0,Pipistrellus pipistrellus,0.437,0.541,-1,Echolocation,192000.0,/mnt/ubna_data_06/recover-20251030/UBNA_027/20251030_043000.WAV,recover-20251030,UBNA_027,E18 Bridge
HF,47040.0,18.253357057869806,110.3945,110.4004,45234.0,65901.0,Pipistrellus pipistrellus,0.461,0.558,-1,Echolocation,192000.0,/mnt/ubna_data_06/recover-20251030/UBNA_027/20251030_043000.WAV,recover-20251030,UBNA_027,E18 Bridge
HF,48960.0,17.84385259671094,110.4845,110.4915,45234.0,66783.0,Pipistrellus pipistrellus,0.373,0.527,-1,Echolocation,192000.0,/mnt/ubna_data_06/recover-20251030/UBNA_027/20251030_043000.WAV,recover-20251030,UBNA_027,E18 Bridge
HF,50880.0,19.185935777990153,110.5775,110.5832,46953.0,67172.0,Pipistrellus pipistrellus,0.533,0.565,-1,Echolocation,192000.0,/mnt/ubna_data_06/recover-20251030/UBNA_027/20251030_043000.WAV,recover-20251030,UBNA_027,E18 Bridge
HF,48960.0,24.457565519417834,110.6665,110.673,45234.0,80575.0,Pipistrellus pipistrellus,0.365,0.516,-1,Echolocation,192000.0,/mnt/ubna_data_06/recover-20251030/UBNA_027/20251030_043000.WAV,recover-20251030,UBNA_027,E18 Bridge
HF,48960.0,26.253685506151548,110.7565,110.7619,46093.0,65698.0,Pipistrellus pipistrellus,0.562,0.634,-1,Echolocation,192000.0,/mnt/ubna_data_06/recover-20251030/UBNA_027/20251030_043000.WAV,recover-20251030,UBNA_027,E18 Bridge
HF,48000.0,21.350912682585147,110.8455,110.852,44375.0,71355.0,Pipistrellus pipistrellus,0.411,0.519,-1,Echolocation,192000.0,/mnt/ubna_data_06/recover-20251030/UBNA_027/20251030_043000.WAV,recover-20251030,UBNA_027,E18 Bridge
HF,48000.0,28.559361496282985,110.9245,110.9297,44375.0,65568.0,Pipistrellus pipistrellus,0.51,0.536,-1,Echolocation,192000.0,/mnt/ubna_data_06/recover-20251030/UBNA_027/20251030_043000.WAV,recover-20251030,UBNA_027,E18 Bridge
HF,48960.0,25.47014455643683,111.0085,111.0144,46093.0,67676.0,Pipistrellus pipistrellus,0.454,0.588,-1,Echolocation,192000.0,/mnt/ubna_data_06/recover-20251030/UBNA_027/20251030_043000.WAV,recover-20251030,UBNA_027,E18 Bridge
HF,48960.0,15.947194767772924,111.1005,111.108,46953.0,65443.0,Pipistrellus pipistrellus,0.502,0.627,-1,Echolocation,192000.0,/mnt/ubna_data_06/recover-20251030/UBNA_027/20251030_043000.WAV,recover-20251030,UBNA_027,E18 Bridge
HF,48000.0,26.699402837431464,111.1875,111.1936,45234.0,71802.0,Pipistrellus pipistrellus,0.511,0.581,-1,Echolocation,192000.0,/mnt/ubna_data_06/recover-20251030/UBNA_027/20251030_043000.WAV,recover-20251030,UBNA_027,E18 Bridge
HF,48000.0,38.14385494266298,111.3475,111.3536,44375.0,73395.0,Pipistrellus pipistrellus,0.644,0.687,-1,Echolocation,192000.0,/mnt/ubna_data_06/recover-20251030/UBNA_027/20251030_043000.WAV,recover-20251030,UBNA_027,E18 Bridge
HF,47040.0,24.492363147025973,111.4335,111.4391,44375.0,65946.0,Pipistrellus pipistrellus,0.405,0.507,-1,Echolocation,192000.0,/mnt/ubna_data_06/recover-20251030/UBNA_027/20251030_043000.WAV,recover-20251030,UBNA_027,E18 Bridge
HF,47040.0,30.338859076777357,111.5155,111.5216,44375.0,69902.0,Pipistrellus pipistrellus,0.454,0.519,-1,Echolocation,192000.0,/mnt/ubna_data_06/recover-20251030/UBNA_027/20251030_043000.WAV,recover-20251030,UBNA_027,E18 Bridge
HF,47040.0,37.35702644639066,111.6035,111.6096,42656.0,78158.0,Pipistrellus pipistrellus,0.483,0.523,-1,Echolocation,192000.0,/mnt/ubna_data_06/recover-20251030/UBNA_027/20251030_043000.WAV,recover-20251030,UBNA_027,E18 Bridge
HF,51840.0,37.923389052733626,111.6945,111.7004,43515.0,74411.0,Pipistrellus pipistrellus,0.692,0.712,-1,Echolocation,192000.0,/mnt/ubna_data_06/recover-20251030/UBNA_027/20251030_043000.WAV,recover-20251030,UBNA_027,E18 Bridge
HF,47040.0,28.977514770746446,111.7835,111.7902,44375.0,71009.0,Pipistrellus pipistrellus,0.565,0.677,-1,Echolocation,192000.0,/mnt/ubna_data_06/recover-20251030/UBNA_027/20251030_043000.WAV,recover-20251030,UBNA_027,E18 Bridge
HF,46080.0,15.47154220041584,111.8725,111.8822,45234.0,63695.0,Pipistrellus pipistrellus,0.363,0.461,-1,Echolocation,192000.0,/mnt/ubna_data_06/recover-20251030/UBNA_027/20251030_043000.WAV,recover-20251030,UBNA_027,E18 Bridge
HF,48000.0,36.902818879175584,112.0205,112.0258,44375.0,70397.0,Pipistrellus pipistrellus,0.455,0.593,-1,Echolocation,192000.0,/mnt/ubna_data_06/recover-20251030/UBNA_027/20251030_043000.WAV,recover-20251030,UBNA_027,E18 Bridge
HF,46080.0,34.47355518674976,112.1115,112.1181,44375.0,70026.0,Pipistrellus pipistrellus,0.571,0.653,-1,Echolocation,192000.0,/mnt/ubna_data_06/recover-20251030/UBNA_027/20251030_043000.WAV,recover-20251030,UBNA_027,E18 Bridge
HF,46080.0,21.849110378089122,112.1975,112.2047,43515.0,56612.0,Pipistrellus pipistrellus,0.289,0.451,-1,Echolocation,192000.0,/mnt/ubna_data_06/recover-20251030/UBNA_027/20251030_043000.WAV,recover-20251030,UBNA_027,E18 Bridge
HF,45120.0,37.788019598485874,112.3495,112.355,41796.0,72930.0,Pipistrellus pipistrellus,0.384,0.441,-1,Echolocation,192000.0,/mnt/ubna_data_06/recover-20251030/UBNA_027/20251030_043000.WAV,recover-20251030,UBNA_027,E18 Bridge
HF,47040.0,17.771238886119434,112.4425,112.4488,44375.0,56625.0,Pipistrellus pipistrellus,0.528,0.58,-1,Echolocation,192000.0,/mnt/ubna_data_06/recover-20251030/UBNA_027/20251030_043000.WAV,recover-20251030,UBNA_027,E18 Bridge
HF,46080.0,18.92715837303569,112.52850000000001,112.53569999999999,44375.0,62670.0,Pipistrellus pipistrellus,0.483,0.598,-1,Echolocation,192000.0,/mnt/ubna_data_06/recover-20251030/UBNA_027/20251030_043000.WAV,recover-20251030,UBNA_027,E18 Bridge
HF,48000.0,12.652490836134012,112.6115,112.6168,46093.0,57366.0,Pipistrellus pipistrellus,0.586,0.602,-1,Echolocation,192000.0,/mnt/ubna_data_06/recover-20251030/UBNA_027/20251030_043000.WAV,recover-20251030,UBNA_027,E18 Bridge
HF,46080.0,20.527089322129957,112.7515,112.7567,44375.0,59731.0,Pipistrellus pipistrellus,0.647,0.725,-1,Echolocation,192000.0,/mnt/ubna_data_06/recover-20251030/UBNA_027/20251030_043000.WAV,recover-20251030,UBNA_027,E18 Bridge
HF,46080.0,23.240070789273375,112.8325,112.839,45234.0,64376.0,Pipistrellus pipistrellus,0.6,0.669,-1,Echolocation,192000.0,/mnt/ubna_data_06/recover-20251030/UBNA_027/20251030_043000.WAV,recover-20251030,UBNA_027,E18 Bridge
HF,48000.0,13.704178135164284,112.9125,112.9183,44375.0,61788.0,Pipistrellus pipistrellus,0.435,0.617,-1,Echolocation,192000.0,/mnt/ubna_data_06/recover-20251030/UBNA_027/20251030_043000.WAV,recover-20251030,UBNA_027,E18 Bridge
HF,48000.0,20.22188081572043,112.9925,112.9995,45234.0,65591.0,Pipistrellus pipistrellus,0.476,0.568,-1,Echolocation,192000.0,/mnt/ubna_data_06/recover-20251030/UBNA_027/20251030_043000.WAV,recover-20251030,UBNA_027,E18 Bridge
HF,48960.0,19.36564592947511,113.0735,113.0805,46953.0,62547.0,Pipistrellus pipistrellus,0.429,0.48,-1,Echolocation,192000.0,/mnt/ubna_data_06/recover-20251030/UBNA_027/20251030_043000.WAV,recover-20251030,UBNA_027,E18 Bridge
HF,51840.0,9.90979483380448,113.1555,113.162,47812.0,64328.0,Pipistrellus pipistrellus,0.419,0.464,-1,Echolocation,192000.0,/mnt/ubna_data_06/recover-20251030/UBNA_027/20251030_043000.WAV,recover-20251030,UBNA_027,E18 Bridge
HF,48960.0,30.76200941918823,113.2325,113.2381,46953.0,75168.0,Pipistrellus pipistrellus,0.487,0.544,-1,Echolocation,192000.0,/mnt/ubna_data_06/recover-20251030/UBNA_027/20251030_043000.WAV,recover-20251030,UBNA_027,E18 Bridge
HF,51840.0,30.331568972704975,113.3985,113.4041,40937.0,89084.0,Myotis alcathoe,0.149,0.334,-1,Echolocation,192000.0,/mnt/ubna_data_06/recover-20251030/UBNA_027/20251030_043000.WAV,recover-20251030,UBNA_027,E18 Bridge
HF,52800.0,11.876034362605152,113.4755,113.4806,48671.0,65084.0,Pipistrellus pipistrellus,0.289,0.326,-1,Echolocation,192000.0,/mnt/ubna_data_06/recover-20251030/UBNA_027/20251030_043000.WAV,recover-20251030,UBNA_027,E18 Bridge
HF,55680.0,28.580474350654548,113.5565,113.56190000000001,46093.0,67072.0,Pipistrellus pipistrellus,0.545,0.607,-1,Echolocation,192000.0,/mnt/ubna_data_06/recover-20251030/UBNA_027/20251030_043000.WAV,recover-20251030,UBNA_027,E18 Bridge
HF,51840.0,9.828120689385646,113.6335,113.6378,50390.0,64521.0,Pipistrellus pipistrellus,0.573,0.614,-1,Echolocation,192000.0,/mnt/ubna_data_06/recover-20251030/UBNA_027/20251030_043000.WAV,recover-20251030,UBNA_027,E18 Bridge
HF,53760.0,29.767391698232657,113.7145,113.7199,46093.0,71517.0,Pipistrellus pipistrellus,0.505,0.551,-1,Echolocation,192000.0,/mnt/ubna_data_06/recover-20251030/UBNA_027/20251030_043000.WAV,recover-20251030,UBNA_027,E18 Bridge
HF,55680.0,4.483442383593646,113.7935,113.7975,52968.0,69969.0,Pipistrellus pipistrellus,0.276,0.345,-1,Echolocation,192000.0,/mnt/ubna_data_06/recover-20251030/UBNA_027/20251030_043000.WAV,recover-20251030,UBNA_027,E18 Bridge
HF,51840.0,25.2927359354041,113.8725,113.8777,46953.0,67606.0,Pipistrellus pipistrellus,0.536,0.619,-1,Echolocation,192000.0,/mnt/ubna_data_06/recover-20251030/UBNA_027/20251030_043000.WAV,recover-20251030,UBNA_027,E18 Bridge
HF,51840.0,8.181768339803618,113.9515,113.9559,51250.0,65522.0,Pipistrellus pipistrellus,0.509,0.546,-1,Echolocation,192000.0,/mnt/ubna_data_06/recover-20251030/UBNA_027/20251030_043000.WAV,recover-20251030,UBNA_027,E18 Bridge
HF,52800.0,20.937887750225453,114.0325,114.0364,43515.0,73104.0,Myotis alcathoe,0.25,0.326,-1,Echolocation,192000.0,/mnt/ubna_data_06/recover-20251030/UBNA_027/20251030_043000.WAV,recover-20251030,UBNA_027,E18 Bridge
HF,53760.0,18.247437914065397,114.1965,114.20060000000001,45234.0,72164.0,Myotis alcathoe,0.29,0.405,-1,Echolocation,192000.0,/mnt/ubna_data_06/recover-20251030/UBNA_027/20251030_043000.WAV,recover-20251030,UBNA_027,E18 Bridge
HF,52800.0,12.821258905111073,114.3515,114.3558,45234.0,66908.0,Myotis alcathoe,0.292,0.462,-1,Echolocation,192000.0,/mnt/ubna_data_06/recover-20251030/UBNA_027/20251030_043000.WAV,recover-20251030,UBNA_027,E18 Bridge
HF,52800.0,15.393224176806775,114.5055,114.5091,46953.0,65276.0,Myotis alcathoe,0.221,0.427,-1,Echolocation,192000.0,/mnt/ubna_data_06/recover-20251030/UBNA_027/20251030_043000.WAV,recover-20251030,UBNA_027,E18 Bridge
HF,52800.0,17.701299491596384,114.6605,114.6647,45234.0,68227.0,Myotis alcathoe,0.274,0.388,-1,Echolocation,192000.0,/mnt/ubna_data_06/recover-20251030/UBNA_027/20251030_043000.WAV,recover-20251030,UBNA_027,E18 Bridge
HF,52800.0,17.424895191346284,114.8205,114.8249,42656.0,70494.0,Myotis alcathoe,0.323,0.405,-1,Echolocation,192000.0,/mnt/ubna_data_06/recover-20251030/UBNA_027/20251030_043000.WAV,recover-20251030,UBNA_027,E18 Bridge
HF,52800.0,18.992281343527516,114.9755,114.9807,45234.0,63931.0,Pipistrellus pipistrellus,0.187,0.43,-1,Echolocation,192000.0,/mnt/ubna_data_06/recover-20251030/UBNA_027/20251030_043000.WAV,recover-20251030,UBNA_027,E18 Bridge
HF,48000.0,15.02112381662271,115.1365,115.1418,46093.0,59868.0,Pipistrellus pipistrellus,0.442,0.486,-1,Echolocation,192000.0,/mnt/ubna_data_06/recover-20251030/UBNA_027/20251030_043000.WAV,recover-20251030,UBNA_027,E18 Bridge
HF,47040.0,11.950247492025433,115.2195,115.224,46093.0,60738.0,Pipistrellus pipistrellus,0.323,0.375,-1,Echolocation,192000.0,/mnt/ubna_data_06/recover-20251030/UBNA_027/20251030_043000.WAV,recover-20251030,UBNA_027,E18 Bridge
HF,48000.0,3.3878639660635894,115.3015,115.3058,46953.0,58657.0,Pipistrellus pipistrellus,0.422,0.473,-1,Echolocation,192000.0,/mnt/ubna_data_06/recover-20251030/UBNA_027/20251030_043000.WAV,recover-20251030,UBNA_027,E18 Bridge
HF,48000.0,11.02805813001876,115.3835,115.38810000000001,44375.0,62713.0,Myotis alcathoe,0.176,0.363,-1,Echolocation,192000.0,/mnt/ubna_data_06/recover-20251030/UBNA_027/20251030_043000.WAV,recover-20251030,UBNA_027,E18 Bridge
HF,46080.0,4.183253223462077,116.9525,116.9574,45234.0,53971.0,Pipistrellus pipistrellus,0.438,0.468,-1,Echolocation,192000.0,/mnt/ubna_data_06/recover-20251030/UBNA_027/20251030_043000.WAV,recover-20251030,UBNA_027,E18 Bridge
HF,46080.0,6.197863064533093,117.1245,117.1298,45234.0,56108.0,Pipistrellus pipistrellus,0.407,0.447,-1,Echolocation,192000.0,/mnt/ubna_data_06/recover-20251030/UBNA_027/20251030_043000.WAV,recover-20251030,UBNA_027,E18 Bridge
HF,52800.0,5.481661110387592,175.3275,175.3302,46093.0,63485.0,Myotis mystacinus,0.268,0.406,-1,Echolocation,192000.0,/mnt/ubna_data_06/recover-20251030/UBNA_027/20251030_043000.WAV,recover-20251030,UBNA_027,E18 Bridge
HF,50880.0,5.363247959665205,175.4875,175.4908,45234.0,61742.0,Myotis mystacinus,0.233,0.393,-1,Echolocation,192000.0,/mnt/ubna_data_06/recover-20251030/UBNA_027/20251030_043000.WAV,recover-20251030,UBNA_027,E18 Bridge
HF,47040.0,10.508868670249324,175.8635,175.8673,40078.0,68332.0,Myotis mystacinus,0.153,0.359,-1,Echolocation,192000.0,/mnt/ubna_data_06/recover-20251030/UBNA_027/20251030_043000.WAV,recover-20251030,UBNA_027,E18 Bridge
HF,47040.0,5.791233981780053,176.2225,176.2274,46093.0,61050.0,Pipistrellus pipistrellus,0.327,0.453,-1,Echolocation,192000.0,/mnt/ubna_data_06/recover-20251030/UBNA_027/20251030_043000.WAV,recover-20251030,UBNA_027,E18 Bridge
HF,48000.0,5.614765154748138,176.7705,176.7776,46093.0,59468.0,Pipistrellus pipistrellus,0.316,0.377,-1,Echolocation,192000.0,/mnt/ubna_data_06/recover-20251030/UBNA_027/20251030_043000.WAV,recover-20251030,UBNA_027,E18 Bridge
HF,48960.0,2.333333583962954,176.9335,176.9393,47812.0,56328.0,Pipistrellus pipistrellus,0.383,0.409,-1,Echolocation,192000.0,/mnt/ubna_data_06/recover-20251030/UBNA_027/20251030_043000.WAV,recover-20251030,UBNA_027,E18 Bridge
HF,48960.0,11.484772188183118,177.1845,177.1889,44375.0,60391.0,Pipistrellus pipistrellus,0.225,0.357,-1,Echolocation,192000.0,/mnt/ubna_data_06/recover-20251030/UBNA_027/20251030_043000.WAV,recover-20251030,UBNA_027,E18 Bridge
HF,48000.0,15.126247264262666,177.2565,177.261,43515.0,66435.0,Pipistrellus pipistrellus,0.249,0.336,-1,Echolocation,192000.0,/mnt/ubna_data_06/recover-20251030/UBNA_027/20251030_043000.WAV,recover-20251030,UBNA_027,E18 Bridge
HF,48960.0,16.362419428501283,177.3445,177.3493,46093.0,64006.0,Pipistrellus pipistrellus,0.373,0.443,-1,Echolocation,192000.0,/mnt/ubna_data_06/recover-20251030/UBNA_027/20251030_043000.WAV,recover-20251030,UBNA_027,E18 Bridge
HF,48960.0,15.175669393693063,177.4305,177.4355,45234.0,64406.0,Pipistrellus pipistrellus,0.312,0.411,-1,Echolocation,192000.0,/mnt/ubna_data_06/recover-20251030/UBNA_027/20251030_043000.WAV,recover-20251030,UBNA_027,E18 Bridge
HF,48000.0,19.25121554396815,177.5045,177.5097,42656.0,77228.0,Myotis alcathoe,0.311,0.397,-1,Echolocation,192000.0,/mnt/ubna_data_06/recover-20251030/UBNA_027/20251030_043000.WAV,recover-20251030,UBNA_027,E18 Bridge
HF,48960.0,17.155071217853415,177.5885,177.5931,41796.0,78778.0,Myotis alcathoe,0.307,0.354,-1,Echolocation,192000.0,/mnt/ubna_data_06/recover-20251030/UBNA_027/20251030_043000.WAV,recover-20251030,UBNA_027,E18 Bridge
HF,53760.0,21.016131998939645,177.6645,177.6696,43515.0,78740.0,Myotis alcathoe,0.299,0.377,-1,Echolocation,192000.0,/mnt/ubna_data_06/recover-20251030/UBNA_027/20251030_043000.WAV,recover-20251030,UBNA_027,E18 Bridge
HF,48960.0,20.33143465950094,177.7405,177.7454,43515.0,79347.0,Myotis alcathoe,0.323,0.396,-1,Echolocation,192000.0,/mnt/ubna_data_06/recover-20251030/UBNA_027/20251030_043000.WAV,recover-20251030,UBNA_027,E18 Bridge
HF,53760.0,24.49772947997856,177.8235,177.8277,43515.0,79271.0,Myotis alcathoe,0.256,0.324,-1,Echolocation,192000.0,/mnt/ubna_data_06/recover-20251030/UBNA_027/20251030_043000.WAV,recover-20251030,UBNA_027,E18 Bridge
HF,53760.0,24.944006749184467,177.9025,177.9075,43515.0,79550.0,Myotis alcathoe,0.324,0.407,-1,Echolocation,192000.0,/mnt/ubna_data_06/recover-20251030/UBNA_027/20251030_043000.WAV,recover-20251030,UBNA_027,E18 Bridge
HF,52800.0,21.4252468971809,177.9775,177.9828,45234.0,72352.0,Myotis alcathoe,0.236,0.311,-1,Echolocation,192000.0,/mnt/ubna_data_06/recover-20251030/UBNA_027/20251030_043000.WAV,recover-20251030,UBNA_027,E18 Bridge
HF,52800.0,20.436199589165295,178.0345,178.0377,47812.0,69032.0,Myotis alcathoe,0.376,0.591,-1,Echolocation,192000.0,/mnt/ubna_data_06/recover-20251030/UBNA_027/20251030_043000.WAV,recover-20251030,UBNA_027,E18 Bridge
HF,52800.0,23.505778494151023,178.0985,178.102,48671.0,71088.0,Pipistrellus pipistrellus,0.309,0.423,-1,Echolocation,192000.0,/mnt/ubna_data_06/recover-20251030/UBNA_027/20251030_043000.WAV,recover-20251030,UBNA_027,E18 Bridge
HF,52800.0,22.861994177052537,178.1735,178.1778,43515.0,84021.0,Myotis alcathoe,0.381,0.476,-1,Echolocation,192000.0,/mnt/ubna_data_06/recover-20251030/UBNA_027/20251030_043000.WAV,recover-20251030,UBNA_027,E18 Bridge
HF,52800.0,25.199781579877772,178.2315,178.2357,47812.0,81424.0,Myotis alcathoe,0.32,0.509,-1,Echolocation,192000.0,/mnt/ubna_data_06/recover-20251030/UBNA_027/20251030_043000.WAV,recover-20251030,UBNA_027,E18 Bridge
HF,52800.0,24.17242163652198,178.29149999999998,178.2956,46093.0,84634.0,Myotis alcathoe,0.399,0.48,-1,Echolocation,192000.0,/mnt/ubna_data_06/recover-20251030/UBNA_027/20251030_043000.WAV,recover-20251030,UBNA_027,E18 Bridge
HF,51840.0,23.352402743536402,178.3665,178.3707,45234.0,76646.0,Myotis alcathoe,0.323,0.431,-1,Echolocation,192000.0,/mnt/ubna_data_06/recover-20251030/UBNA_027/20251030_043000.WAV,recover-20251030,UBNA_027,E18 Bridge
HF,52800.0,29.89136288481776,178.44650000000001,178.4504,46093.0,76980.0,Pipistrellus pipistrellus,0.245,0.502,-1,Echolocation,192000.0,/mnt/ubna_data_06/recover-20251030/UBNA_027/20251030_043000.WAV,recover-20251030,UBNA_027,E18 Bridge
HF,52800.0,27.012778484278748,178.5275,178.5318,47812.0,75510.0,Pipistrellus pipistrellus,0.544,0.596,-1,Echolocation,192000.0,/mnt/ubna_data_06/recover-20251030/UBNA_027/20251030_043000.WAV,recover-20251030,UBNA_027,E18 Bridge
HF,54720.0,25.595624086412855,178.5925,178.5965,46093.0,78571.0,Myotis alcathoe,0.282,0.423,-1,Echolocation,192000.0,/mnt/ubna_data_06/recover-20251030/UBNA_027/20251030_043000.WAV,recover-20251030,UBNA_027,E18 Bridge
HF,53760.0,28.299885835994306,178.66649999999998,178.6698,48671.0,69683.0,Pipistrellus pipistrellus,0.484,0.579,-1,Echolocation,192000.0,/mnt/ubna_data_06/recover-20251030/UBNA_027/20251030_043000.WAV,recover-20251030,UBNA_027,E18 Bridge
HF,51840.0,29.296199368489084,178.7405,178.7449,48671.0,76031.0,Pipistrellus pipistrellus,0.36,0.412,-1,Echolocation,192000.0,/mnt/ubna_data_06/recover-20251030/UBNA_027/20251030_043000.WAV,recover-20251030,UBNA_027,E18 Bridge
HF,56640.0,29.774166037752174,178.7995,178.8045,43515.0,90577.0,Myotis alcathoe,0.421,0.532,-1,Echolocation,192000.0,/mnt/ubna_data_06/recover-20251030/UBNA_027/20251030_043000.WAV,recover-20251030,UBNA_027,E18 Bridge
HF,53760.0,24.567466858811674,178.8635,178.8682,43515.0,85211.0,Myotis alcathoe,0.418,0.49,-1,Echolocation,192000.0,/mnt/ubna_data_06/recover-20251030/UBNA_027/20251030_043000.WAV,recover-20251030,UBNA_027,E18 Bridge
HF,51840.0,31.92919912933421,178.9305,178.9344,51250.0,72855.0,Pipistrellus pipistrellus,0.315,0.401,-1,Echolocation,192000.0,/mnt/ubna_data_06/recover-20251030/UBNA_027/20251030_043000.WAV,recover-20251030,UBNA_027,E18 Bridge
HF,51840.0,29.691847497495218,178.9305,178.935,44375.0,82404.0,Myotis alcathoe,0.343,0.424,-1,Echolocation,192000.0,/mnt/ubna_data_06/recover-20251030/UBNA_027/20251030_043000.WAV,recover-20251030,UBNA_027,E18 Bridge
HF,52800.0,30.488910994678537,179.0025,179.0074,44375.0,85954.0,Myotis alcathoe,0.323,0.386,-1,Echolocation,192000.0,/mnt/ubna_data_06/recover-20251030/UBNA_027/20251030_043000.WAV,recover-20251030,UBNA_027,E18 Bridge
HF,52800.0,28.873582890255527,179.0825,179.0876,43515.0,89646.0,Myotis alcathoe,0.395,0.512,-1,Echolocation,192000.0,/mnt/ubna_data_06/recover-20251030/UBNA_027/20251030_043000.WAV,recover-20251030,UBNA_027,E18 Bridge
HF,54720.0,36.314078684558794,179.1555,179.1603,44375.0,85013.0,Myotis alcathoe,0.267,0.509,-1,Echolocation,192000.0,/mnt/ubna_data_06/recover-20251030/UBNA_027/20251030_043000.WAV,recover-20251030,UBNA_027,E18 Bridge
HF,52800.0,27.82690831185921,179.2295,179.2334,44375.0,81725.0,Myotis alcathoe,0.386,0.544,-1,Echolocation,192000.0,/mnt/ubna_data_06/recover-20251030/UBNA_027/20251030_043000.WAV,recover-20251030,UBNA_027,E18 Bridge
HF,53760.0,30.127761631893794,179.3025,179.3073,43515.0,81855.0,Myotis alcathoe,0.326,0.548,-1,Echolocation,192000.0,/mnt/ubna_data_06/recover-20251030/UBNA_027/20251030_043000.WAV,recover-20251030,UBNA_027,E18 Bridge
HF,48960.0,12.965607006220827,179.3865,179.39,46953.0,66103.0,Myotis alcathoe,0.293,0.493,-1,Echolocation,192000.0,/mnt/ubna_data_06/recover-20251030/UBNA_027/20251030_043000.WAV,recover-20251030,UBNA_027,E18 Bridge
HF,52800.0,29.7783027378972,179.4655,179.4696,43515.0,81122.0,Myotis alcathoe,0.354,0.515,-1,Echolocation,192000.0,/mnt/ubna_data_06/recover-20251030/UBNA_027/20251030_043000.WAV,recover-20251030,UBNA_027,E18 Bridge
HF,54720.0,25.633889456001533,179.5265,179.5312,42656.0,81346.0,Myotis alcathoe,0.34,0.562,-1,Echolocation,192000.0,/mnt/ubna_data_06/recover-20251030/UBNA_027/20251030_043000.WAV,recover-20251030,UBNA_027,E18 Bridge
HF,53760.0,13.293036433490354,179.6655,179.6696,45234.0,69407.0,Myotis alcathoe,0.212,0.345,-1,Echolocation,192000.0,/mnt/ubna_data_06/recover-20251030/UBNA_027/20251030_043000.WAV,recover-20251030,UBNA_027,E18 Bridge
HF,51840.0,16.80064675018886,179.7145,179.719,46953.0,69323.0,Myotis alcathoe,0.25,0.438,-1,Echolocation,192000.0,/mnt/ubna_data_06/recover-20251030/UBNA_027/20251030_043000.WAV,recover-20251030,UBNA_027,E18 Bridge
HF,51840.0,14.021287594097753,180.1565,180.1641,46093.0,63394.0,Pipistrellus pipistrellus,0.178,0.339,-1,Echolocation,192000.0,/mnt/ubna_data_06/recover-20251030/UBNA_027/20251030_043000.WAV,recover-20251030,UBNA_027,E18 Bridge
LF,27840.0,2.521103256809068,238.7585,238.76670000000001,25468.0,33711.0,Eptesicus serotinus,0.147,0.312,-1,Echolocation,192000.0,/mnt/ubna_data_06/recover-20251030/UBNA_027/20251030_050000.WAV,recover-20251030,UBNA_027,E18 Bridge
LF,28800.0,3.9183218274710856,1.1075,1.1119,22890.0,35777.0,Plecotus austriacus,0.229,0.317,-1,Echolocation,192000.0,/mnt/ubna_data_06/recover-20251030/UBNA_027/20251030_053000.WAV,recover-20251030,UBNA_027,E18 Bridge
LF,23040.0,-4.897793788031489,283.7805,283.7998,22890.0,26022.0,Nyctalus leisleri,0.223,0.331,-1,Echolocation,192000.0,/mnt/ubna_data_06/recover-20251030/UBNA_027/20251030_061000.WAV,recover-20251030,UBNA_027,E18 Bridge
LF,23040.0,1.4556996556733968,288.4825,288.5031,22890.0,26081.0,Nyctalus leisleri,0.244,0.302,-1,Echolocation,192000.0,/mnt/ubna_data_06/recover-20251030/UBNA_027/20251030_061000.WAV,recover-20251030,UBNA_027,E18 Bridge
LF,27840.0,4.0989411862806655,158.4625,158.4675,23750.0,36756.0,Plecotus austriacus,0.247,0.305,-1,Echolocation,192000.0,/mnt/ubna_data_06/recover-20251030/UBNA_027/20251030_065000.WAV,recover-20251030,UBNA_027,E18 Bridge
LF,27840.0,2.5734979574420445,204.1985,204.2057,22890.0,32461.0,Plecotus austriacus,0.139,0.307,-1,Echolocation,192000.0,/mnt/ubna_data_06/recover-20251030/UBNA_027/20251030_070000.WAV,recover-20251030,UBNA_027,E18 Bridge
LF,27840.0,3.445606374816779,3.4085,3.418,25468.0,33100.0,Eptesicus serotinus,0.183,0.373,-1,Echolocation,192000.0,/mnt/ubna_data_06/recover-20251030/UBNA_027/20251030_073000.WAV,recover-20251030,UBNA_027,E18 Bridge
LF,27840.0,2.181738286686449,263.4085,263.4254,22890.0,27301.0,Nyctalus leisleri,0.134,0.302,-1,Echolocation,192000.0,/mnt/ubna_data_06/recover-20251030/UBNA_027/20251030_075000.WAV,recover-20251030,UBNA_027,E18 Bridge
LF,27840.0,2.797339635149064,272.7225,272.7275,22890.0,34530.0,Plecotus auritus,0.159,0.322,-1,Echolocation,192000.0,/mnt/ubna_data_06/recover-20251030/UBNA_027/20251030_080000.WAV,recover-20251030,UBNA_027,E18 Bridge
LF,27840.0,4.193027012258251,1.3605,1.3684,23750.0,32377.0,Eptesicus serotinus,0.12,0.315,-1,Echolocation,192000.0,/mnt/ubna_data_06/recover-20251030/UBNA_027/20251030_083000.WAV,recover-20251030,UBNA_027,E18 Bridge
LF,27840.0,3.1619044181430174,53.072500000000005,53.082,25468.0,31290.0,Eptesicus serotinus,0.158,0.304,-1,Echolocation,192000.0,/mnt/ubna_data_06/recover-20251030/UBNA_027/20251030_084000.WAV,recover-20251030,UBNA_027,E18 Bridge
LF,27840.0,2.3327202239677693,31.0565,31.0654,25468.0,33020.0,Eptesicus serotinus,0.137,0.322,-1,Echolocation,192000.0,/mnt/ubna_data_06/recover-20251030/UBNA_027/20251030_090000.WAV,recover-20251030,UBNA_027,E18 Bridge
LF,27840.0,3.863681992698112,36.6885,36.6956,24609.0,34527.0,Eptesicus serotinus,0.111,0.319,-1,Echolocation,192000.0,/mnt/ubna_data_06/recover-20251030/UBNA_027/20251030_090000.WAV,recover-20251030,UBNA_027,E18 Bridge
LF,27840.0,3.3432669242744177,37.4565,37.4658,24609.0,31780.0,Eptesicus serotinus,0.148,0.319,-1,Echolocation,192000.0,/mnt/ubna_data_06/recover-20251030/UBNA_027/20251030_090000.WAV,recover-20251030,UBNA_027,E18 Bridge
LF,27840.0,3.4575684230087065,262.9925,263.0025,26328.0,31162.0,Eptesicus serotinus,0.145,0.304,-1,Echolocation,192000.0,/mnt/ubna_data_06/recover-20251030/UBNA_027/20251030_090000.WAV,recover-20251030,UBNA_027,E18 Bridge
LF,27840.0,2.4743293427755475,260.6025,260.6124,26328.0,33186.0,Eptesicus serotinus,0.214,0.33,-1,Echolocation,192000.0,/mnt/ubna_data_06/recover-20251030/UBNA_027/20251030_091000.WAV,recover-20251030,UBNA_027,E18 Bridge
LF,28800.0,4.460222014367273,15.6975,15.7061,26328.0,33489.0,Eptesicus serotinus,0.212,0.352,-1,Echolocation,192000.0,/mnt/ubna_data_06/recover-20251030/UBNA_027/20251030_093000.WAV,recover-20251030,UBNA_027,E18 Bridge
LF,27840.0,2.6187018578073493,134.9095,134.918,22031.0,31718.0,Plecotus austriacus,0.144,0.306,-1,Echolocation,192000.0,/mnt/ubna_data_06/recover-20251030/UBNA_027/20251030_093000.WAV,recover-20251030,UBNA_027,E18 Bridge
LF,27840.0,3.1454144602983365,135.5045,135.5132,25468.0,33161.0,Eptesicus serotinus,0.181,0.332,-1,Echolocation,192000.0,/mnt/ubna_data_06/recover-20251030/UBNA_027/20251030_093000.WAV,recover-20251030,UBNA_027,E18 Bridge
LF,27840.0,3.32545547588453,277.8435,277.8478,22890.0,35750.0,Plecotus austriacus,0.198,0.303,-1,Echolocation,192000.0,/mnt/ubna_data_06/recover-20251030/UBNA_027/20251030_094000.WAV,recover-20251030,UBNA_027,E18 Bridge
LF,21120.0,4.150283790468564,282.1965,282.2012,17734.0,34367.0,Plecotus auritus,0.213,0.341,-1,Echolocation,192000.0,/mnt/ubna_data_06/recover-20251030/UBNA_027/20251030_095000.WAV,recover-20251030,UBNA_027,E18 Bridge
LF,23040.0,-0.9059918373726321,276.2115,276.2243,23750.0,28123.0,Nyctalus leisleri,0.241,0.378,-1,Echolocation,192000.0,/mnt/ubna_data_06/recover-20251030/UBNA_027/20251030_100000.WAV,recover-20251030,UBNA_027,E18 Bridge
HF,42240.0,7.166831013527428,276.2135,276.2296,41796.0,43631.0,Pipistrellus nathusii,0.221,0.375,-1,Echolocation,192000.0,/mnt/ubna_data_06/recover-20251030/UBNA_027/20251030_100000.WAV,recover-20251030,UBNA_027,E18 Bridge
LF,27840.0,4.1726220485211325,62.2885,62.2984,26328.0,31352.0,Eptesicus serotinus,0.156,0.315,-1,Echolocation,192000.0,/mnt/ubna_data_06/recover-20251030/UBNA_027/20251030_101000.WAV,recover-20251030,UBNA_027,E18 Bridge
LF,24000.0,12.74669402938331,86.1855,86.2096,22890.0,26024.0,Nyctalus leisleri,0.429,0.458,-1,Echolocation,192000.0,/mnt/ubna_data_06/recover-20251030/UBNA_027/20251030_102000.WAV,recover-20251030,UBNA_027,E18 Bridge
LF,24000.0,19.01409224460785,88.2805,88.305,22890.0,26186.0,Nyctalus leisleri,0.4,0.413,-1,Echolocation,192000.0,/mnt/ubna_data_06/recover-20251030/UBNA_027/20251030_102000.WAV,recover-20251030,UBNA_027,E18 Bridge
LF,24000.0,7.866697290410598,96.5845,96.611,21171.0,23872.0,Nyctalus leisleri,0.306,0.321,-1,Echolocation,192000.0,/mnt/ubna_data_06/recover-20251030/UBNA_027/20251030_102000.WAV,recover-20251030,UBNA_027,E18 Bridge
LF,24960.0,-7.19877619081911,96.6725,96.6859,24609.0,28320.0,Nyctalus leisleri,0.285,0.406,-1,Echolocation,192000.0,/mnt/ubna_data_06/recover-20251030/UBNA_027/20251030_102000.WAV,recover-20251030,UBNA_027,E18 Bridge
LF,27840.0,2.7667579184814937,141.0845,141.1021,27187.0,31742.0,Nyctalus leisleri,0.191,0.375,-1,Echolocation,192000.0,/mnt/ubna_data_06/recover-20251030/UBNA_027/20251030_102000.WAV,recover-20251030,UBNA_027,E18 Bridge
LF,24000.0,5.0484472503899935,153.1715,153.1813,24609.0,31322.0,Nyctalus leisleri,0.125,0.351,-1,Echolocation,192000.0,/mnt/ubna_data_06/recover-20251030/UBNA_027/20251030_102000.WAV,recover-20251030,UBNA_027,E18 Bridge
LF,24000.0,6.198768464695333,199.0565,199.079,22890.0,26546.0,Nyctalus leisleri,0.259,0.313,-1,Echolocation,192000.0,/mnt/ubna_data_06/recover-20251030/UBNA_027/20251030_102000.WAV,recover-20251030,UBNA_027,E18 Bridge
LF,24960.0,7.584418899939087,211.0665,211.0857,24609.0,27587.0,Nyctalus leisleri,0.201,0.303,-1,Echolocation,192000.0,/mnt/ubna_data_06/recover-20251030/UBNA_027/20251030_102000.WAV,recover-20251030,UBNA_027,E18 Bridge
LF,23040.0,3.775029433418769,238.0755,238.0887,22890.0,27648.0,Nyctalus leisleri,0.157,0.304,-1,Echolocation,192000.0,/mnt/ubna_data_06/recover-20251030/UBNA_027/20251030_102000.WAV,recover-20251030,UBNA_027,E18 Bridge
LF,21120.0,5.302471212708041,259.6675,259.6884,20312.0,24586.0,Nyctalus noctula,0.163,0.323,-1,Echolocation,192000.0,/mnt/ubna_data_06/recover-20251030/UBNA_027/20251030_102000.WAV,recover-20251030,UBNA_027,E18 Bridge
LF,20160.0,7.5282769587686635,273.8505,273.8758,19453.0,22250.0,Nyctalus noctula,0.184,0.319,-1,Echolocation,192000.0,/mnt/ubna_data_06/recover-20251030/UBNA_027/20251030_102000.WAV,recover-20251030,UBNA_027,E18 Bridge
LF,24000.0,8.735030387307912,276.6485,276.6658,23750.0,28104.0,Nyctalus leisleri,0.26,0.324,-1,Echolocation,192000.0,/mnt/ubna_data_06/recover-20251030/UBNA_027/20251030_102000.WAV,recover-20251030,UBNA_027,E18 Bridge
LF,24000.0,0.6960040280090465,181.0545,181.0675,23750.0,28909.0,Nyctalus leisleri,0.171,0.344,-1,Echolocation,192000.0,/mnt/ubna_data_06/recover-20251030/UBNA_027/20251030_103000.WAV,recover-20251030,UBNA_027,E18 Bridge
LF,27840.0,2.0064402593097466,183.7165,183.7265,25468.0,32218.0,Eptesicus serotinus,0.178,0.336,-1,Echolocation,192000.0,/mnt/ubna_data_06/recover-20251030/UBNA_027/20251030_103000.WAV,recover-20251030,UBNA_027,E18 Bridge
LF,22080.0,2.6601642182276217,27.2185,27.227,20312.0,30220.0,Plecotus austriacus,0.131,0.338,-1,Echolocation,192000.0,/mnt/ubna_data_06/recover-20251030/UBNA_027/20251030_104000.WAV,recover-20251030,UBNA_027,E18 Bridge
LF,27840.0,3.6269975027052763,208.72050000000002,208.7302,26328.0,32068.0,Eptesicus serotinus,0.18,0.314,-1,Echolocation,192000.0,/mnt/ubna_data_06/recover-20251030/UBNA_027/20251030_105000.WAV,recover-20251030,UBNA_027,E18 Bridge
LF,23040.0,7.307837061061027,226.4615,226.4821,22890.0,25625.0,Nyctalus leisleri,0.337,0.361,-1,Echolocation,192000.0,/mnt/ubna_data_06/recover-20251030/UBNA_027/20251030_105000.WAV,recover-20251030,UBNA_027,E18 Bridge
LF,22080.0,5.293816404322829,267.1675,267.1913,19453.0,22800.0,Nyctalus noctula,0.256,0.402,-1,Echolocation,192000.0,/mnt/ubna_data_06/recover-20251030/UBNA_027/20251030_105000.WAV,recover-20251030,UBNA_027,E18 Bridge
LF,27840.0,2.682752337426378,194.8965,194.906,25468.0,31449.0,Eptesicus serotinus,0.193,0.341,-1,Echolocation,192000.0,/mnt/ubna_data_06/recover-20251030/UBNA_027/20251030_110000.WAV,recover-20251030,UBNA_027,E18 Bridge
LF,27840.0,3.6044583719523198,264.8695,264.8796,26328.0,32330.0,Eptesicus serotinus,0.184,0.331,-1,Echolocation,192000.0,/mnt/ubna_data_06/recover-20251030/UBNA_027/20251030_110000.WAV,recover-20251030,UBNA_027,E18 Bridge
LF,27840.0,1.7027176277448544,50.5155,50.5213,22890.0,34308.0,Plecotus austriacus,0.253,0.306,-1,Echolocation,192000.0,/mnt/ubna_data_06/recover-20251030/UBNA_027/20251030_111000.WAV,recover-20251030,UBNA_027,E18 Bridge
LF,27840.0,3.3771165017887705,128.0795,128.089,25468.0,33303.0,Eptesicus serotinus,0.148,0.32,-1,Echolocation,192000.0,/mnt/ubna_data_06/recover-20251030/UBNA_027/20251030_111000.WAV,recover-20251030,UBNA_027,E18 Bridge
LF,27840.0,2.856419283692552,0.3365,0.3455,25468.0,32179.0,Eptesicus serotinus,0.146,0.314,-1,Echolocation,192000.0,/mnt/ubna_data_06/recover-20251030/UBNA_027/20251030_112000.WAV,recover-20251030,UBNA_027,E18 Bridge
LF,27840.0,2.980601146816971,45.3925,45.4023,24609.0,30968.0,Eptesicus serotinus,0.152,0.329,-1,Echolocation,192000.0,/mnt/ubna_data_06/recover-20251030/UBNA_027/20251030_112000.WAV,recover-20251030,UBNA_027,E18 Bridge
LF,27840.0,2.9074428865995,183.1205,183.1293,26328.0,33763.0,Eptesicus serotinus,0.169,0.319,-1,Echolocation,192000.0,/mnt/ubna_data_06/recover-20251030/UBNA_027/20251030_112000.WAV,recover-20251030,UBNA_027,E18 Bridge
LF,27840.0,3.273352782646409,210.2565,210.2649,26328.0,34363.0,Eptesicus serotinus,0.158,0.303,-1,Echolocation,192000.0,/mnt/ubna_data_06/recover-20251030/UBNA_027/20251030_114000.WAV,recover-20251030,UBNA_027,E18 Bridge
LF,27840.0,3.1436094135697634,8.0185,8.0249,22890.0,33306.0,Plecotus austriacus,0.131,0.326,-1,Echolocation,192000.0,/mnt/ubna_data_06/recover-20251030/UBNA_027/20251030_121000.WAV,recover-20251030,UBNA_027,E18 Bridge
LF,27840.0,2.8849886014957633,280.4005,280.4095,24609.0,32110.0,Eptesicus serotinus,0.112,0.306,-1,Echolocation,192000.0,/mnt/ubna_data_06/recover-20251030/UBNA_027/20251030_122000.WAV,recover-20251030,UBNA_027,E18 Bridge
LF,28800.0,3.7081488174642385,87.1195,87.1271,26328.0,35779.0,Eptesicus serotinus,0.145,0.312,-1,Echolocation,192000.0,/mnt/ubna_data_06/recover-20251030/UBNA_027/20251030_124000.WAV,recover-20251030,UBNA_027,E18 Bridge
LF,27840.0,2.1068829041034327,82.5125,82.5219,26328.0,32375.0,Eptesicus serotinus,0.198,0.349,-1,Echolocation,192000.0,/mnt/ubna_data_06/recover-20251030/UBNA_027/20251030_132000.WAV,recover-20251030,UBNA_027,E18 Bridge
LF,27840.0,2.8175932474160623,230.0545,230.0626,26328.0,34690.0,Eptesicus serotinus,0.158,0.305,-1,Echolocation,192000.0,/mnt/ubna_data_06/recover-20251030/UBNA_027/20251030_132000.WAV,recover-20251030,UBNA_027,E18 Bridge
LF,27840.0,2.8813172151894135,254.5445,254.5541,26328.0,32173.0,Eptesicus serotinus,0.178,0.304,-1,Echolocation,192000.0,/mnt/ubna_data_06/recover-20251030/UBNA_027/20251030_132000.WAV,recover-20251030,UBNA_027,E18 Bridge
LF,27840.0,4.1090519099873735,232.0165,232.0263,26328.0,32077.0,Eptesicus serotinus,0.181,0.304,-1,Echolocation,192000.0,/mnt/ubna_data_06/recover-20251030/UBNA_027/20251030_134000.WAV,recover-20251030,UBNA_027,E18 Bridge
LF,27840.0,3.9275923579098286,268.4565,268.4612,22890.0,38130.0,Plecotus austriacus,0.217,0.303,-1,Echolocation,192000.0,/mnt/ubna_data_06/recover-20251030/UBNA_027/20251030_135000.WAV,recover-20251030,UBNA_027,E18 Bridge
LF,27840.0,2.4179934240568595,84.1365,84.14189999999999,22031.0,33868.0,Plecotus austriacus,0.228,0.311,-1,Echolocation,192000.0,/mnt/ubna_data_06/recover-20251030/UBNA_027/20251030_140000.WAV,recover-20251030,UBNA_027,E18 Bridge
LF,27840.0,3.6544297542153688,84.3045,84.3139,26328.0,33132.0,Eptesicus serotinus,0.221,0.413,-1,Echolocation,192000.0,/mnt/ubna_data_06/recover-20251030/UBNA_027/20251030_140000.WAV,recover-20251030,UBNA_027,E18 Bridge
HF,42240.0,4.261855096269131,94.2915,94.3012,41796.0,45343.0,Pipistrellus nathusii,0.345,0.406,-1,Echolocation,192000.0,/mnt/ubna_data_06/recover-20251030/UBNA_027/20251030_140000.WAV,recover-20251030,UBNA_027,E18 Bridge
LF,27840.0,2.3681671886160247,100.9455,100.95570000000001,26328.0,32159.0,Eptesicus serotinus,0.164,0.306,-1,Echolocation,192000.0,/mnt/ubna_data_06/recover-20251030/UBNA_027/20251030_141000.WAV,recover-20251030,UBNA_027,E18 Bridge
LF,26880.0,3.3821084743235437,37.8825,37.8904,24609.0,33980.0,Eptesicus serotinus,0.158,0.312,-1,Echolocation,192000.0,/mnt/ubna_data_06/recover-20251030/UBNA_027/20251030_142000.WAV,recover-20251030,UBNA_027,E18 Bridge
LF,27840.0,2.874502382373383,114.5125,114.5213,25468.0,32266.0,Eptesicus serotinus,0.191,0.331,-1,Echolocation,192000.0,/mnt/ubna_data_06/recover-20251030/UBNA_027/20251030_142000.WAV,recover-20251030,UBNA_027,E18 Bridge
LF,24000.0,0.3925091770050495,182.1265,182.1361,24609.0,31553.0,Eptesicus serotinus,0.155,0.359,-1,Echolocation,192000.0,/mnt/ubna_data_06/recover-20251030/UBNA_027/20251030_142000.WAV,recover-20251030,UBNA_027,E18 Bridge
LF,27840.0,2.3161940326614556,232.52949999999998,232.5375,25468.0,33483.0,Eptesicus serotinus,0.171,0.336,-1,Echolocation,192000.0,/mnt/ubna_data_06/recover-20251030/UBNA_027/20251030_143000.WAV,recover-20251030,UBNA_027,E18 Bridge
LF,27840.0,2.7099355857783145,263.9315,263.9391,24609.0,35295.0,Eptesicus serotinus,0.126,0.316,-1,Echolocation,192000.0,/mnt/ubna_data_06/recover-20251030/UBNA_027/20251030_143000.WAV,recover-20251030,UBNA_027,E18 Bridge
LF,27840.0,3.5506162973244004,36.4335,36.4414,25468.0,33326.0,Eptesicus serotinus,0.137,0.323,-1,Echolocation,192000.0,/mnt/ubna_data_06/recover-20251030/UBNA_027/20251030_145000.WAV,recover-20251030,UBNA_027,E18 Bridge
LF,26880.0,3.135152889875956,240.4655,240.4736,25468.0,33704.0,Eptesicus serotinus,0.172,0.336,-1,Echolocation,192000.0,/mnt/ubna_data_06/recover-20251030/UBNA_027/20251030_150000.WAV,recover-20251030,UBNA_027,E18 Bridge
LF,27840.0,3.0984396070062608,40.2715,40.2814,25468.0,31482.0,Eptesicus serotinus,0.187,0.32,-1,Echolocation,192000.0,/mnt/ubna_data_06/recover-20251030/UBNA_027/20251030_151000.WAV,recover-20251030,UBNA_027,E18 Bridge
LF,27840.0,3.014570365069666,138.1515,138.15800000000002,23750.0,33826.0,Plecotus austriacus,0.135,0.309,-1,Echolocation,192000.0,/mnt/ubna_data_06/recover-20251030/UBNA_027/20251030_151000.WAV,recover-20251030,UBNA_027,E18 Bridge
LF,26880.0,3.6450355404610155,148.2195,148.22899999999998,24609.0,31289.0,Eptesicus serotinus,0.153,0.333,-1,Echolocation,192000.0,/mnt/ubna_data_06/recover-20251030/UBNA_027/20251030_152000.WAV,recover-20251030,UBNA_027,E18 Bridge
LF,27840.0,3.5692881301106913,158.5445,158.5536,26328.0,32396.0,Eptesicus serotinus,0.179,0.357,-1,Echolocation,192000.0,/mnt/ubna_data_06/recover-20251030/UBNA_027/20251030_152000.WAV,recover-20251030,UBNA_027,E18 Bridge
LF,19200.0,14.81378882496976,180.9105,180.9393,17734.0,20404.0,Nyctalus noctula,0.279,0.369,-1,Echolocation,192000.0,/mnt/ubna_data_06/recover-20251030/UBNA_027/20251030_152000.WAV,recover-20251030,UBNA_027,E18 Bridge
LF,20160.0,26.792944126163153,184.8805,184.8933,17734.0,23227.0,Nyctalus noctula,0.236,0.325,-1,Echolocation,192000.0,/mnt/ubna_data_06/recover-20251030/UBNA_027/20251030_152000.WAV,recover-20251030,UBNA_027,E18 Bridge
LF,19200.0,15.920076560400531,190.6175,190.6378,17734.0,21387.0,Nyctalus noctula,0.225,0.305,-1,Echolocation,192000.0,/mnt/ubna_data_06/recover-20251030/UBNA_027/20251030_152000.WAV,recover-20251030,UBNA_027,E18 Bridge
LF,19200.0,14.495967312477546,200.79149999999998,200.8124,17734.0,21553.0,Nyctalus noctula,0.22,0.312,-1,Echolocation,192000.0,/mnt/ubna_data_06/recover-20251030/UBNA_027/20251030_152000.WAV,recover-20251030,UBNA_027,E18 Bridge
LF,21120.0,5.040342700538288,204.1875,204.2083,20312.0,23532.0,Nyctalus leisleri,0.223,0.321,-1,Echolocation,192000.0,/mnt/ubna_data_06/recover-20251030/UBNA_027/20251030_152000.WAV,recover-20251030,UBNA_027,E18 Bridge
LF,27840.0,2.611676844216772,35.408500000000004,35.4181,24609.0,31630.0,Eptesicus serotinus,0.119,0.306,-1,Echolocation,192000.0,/mnt/ubna_data_06/recover-20251030/UBNA_027/20251030_153000.WAV,recover-20251030,UBNA_027,E18 Bridge
LF,28800.0,1.3503832904449566,47.9825,47.9924,28046.0,34409.0,Eptesicus serotinus,0.199,0.317,-1,Echolocation,192000.0,/mnt/ubna_data_06/recover-20251030/UBNA_027/20251030_153000.WAV,recover-20251030,UBNA_027,E18 Bridge
LF,26880.0,3.5878368951280635,213.0725,213.0818,25468.0,31486.0,Eptesicus serotinus,0.143,0.302,-1,Echolocation,192000.0,/mnt/ubna_data_06/recover-20251030/UBNA_027/20251030_153000.WAV,recover-20251030,UBNA_027,E18 Bridge
LF,27840.0,3.6187653977111767,233.1265,233.13479999999998,25468.0,33681.0,Eptesicus serotinus,0.119,0.303,-1,Echolocation,192000.0,/mnt/ubna_data_06/recover-20251030/UBNA_027/20251030_153000.WAV,recover-20251030,UBNA_027,E18 Bridge
LF,20160.0,9.32677192831343,291.1165,291.133,19453.0,23324.0,Nyctalus noctula,0.263,0.397,-1,Echolocation,192000.0,/mnt/ubna_data_06/recover-20251030/UBNA_027/20251030_153000.WAV,recover-20251030,UBNA_027,E18 Bridge
LF,21120.0,11.356618762220982,296.4765,296.496,20312.0,25023.0,Nyctalus noctula,0.221,0.304,-1,Echolocation,192000.0,/mnt/ubna_data_06/recover-20251030/UBNA_027/20251030_153000.WAV,recover-20251030,UBNA_027,E18 Bridge
LF,27840.0,2.79597490962838,0.3365,0.3451,24609.0,31621.0,Eptesicus serotinus,0.122,0.317,-1,Echolocation,192000.0,/mnt/ubna_data_06/recover-20251030/UBNA_027/20251030_155000.WAV,recover-20251030,UBNA_027,E18 Bridge
LF,23040.0,-1.11728410223197,56.8405,56.8562,22890.0,27381.0,Nyctalus leisleri,0.24,0.431,-1,Echolocation,192000.0,/mnt/ubna_data_06/recover-20251030/UBNA_027/20251030_155000.WAV,recover-20251030,UBNA_027,E18 Bridge
LF,20160.0,6.433896050979348,83.0265,83.03569999999999,18593.0,29038.0,Nyctalus noctula,0.132,0.351,-1,Echolocation,192000.0,/mnt/ubna_data_06/recover-20251030/UBNA_027/20251030_155000.WAV,recover-20251030,UBNA_027,E18 Bridge
LF,28800.0,2.3999031200560776,215.6335,215.6416,23750.0,32065.0,Eptesicus serotinus,0.12,0.301,-1,Echolocation,192000.0,/mnt/ubna_data_06/recover-20251030/UBNA_027/20251030_155000.WAV,recover-20251030,UBNA_027,E18 Bridge
LF,27840.0,3.6177769973307283,247.9765,247.9819,21171.0,34036.0,Plecotus austriacus,0.223,0.301,-1,Echolocation,192000.0,/mnt/ubna_data_06/recover-20251030/UBNA_027/20251030_155000.WAV,recover-20251030,UBNA_027,E18 Bridge
LF,20160.0,5.1108611071475565,101.0745,101.0992,18593.0,22566.0,Nyctalus noctula,0.299,0.365,-1,Echolocation,192000.0,/mnt/ubna_data_06/recover-20251030/UBNA_027/20251030_161000.WAV,recover-20251030,UBNA_027,E18 Bridge
LF,22080.0,0.8121343552235285,190.2495,190.2682,21171.0,24426.0,Nyctalus leisleri,0.187,0.307,-1,Echolocation,192000.0,/mnt/ubna_data_06/recover-20251030/UBNA_027/20251030_161000.WAV,recover-20251030,UBNA_027,E18 Bridge
LF,26880.0,3.4311366996875914,34.6435,34.6479,23750.0,37692.0,Plecotus austriacus,0.232,0.321,-1,Echolocation,192000.0,/mnt/ubna_data_06/recover-20251030/UBNA_027/20251030_162000.WAV,recover-20251030,UBNA_027,E18 Bridge
LF,26880.0,2.3407448189770736,126.1175,126.1267,26328.0,32186.0,Eptesicus serotinus,0.176,0.301,-1,Echolocation,192000.0,/mnt/ubna_data_06/recover-20251030/UBNA_027/20251030_162000.WAV,recover-20251030,UBNA_027,E18 Bridge
LF,20160.0,4.738565980127985,222.5905,222.6096,17734.0,22031.0,Nyctalus noctula,0.368,0.475,-1,Echolocation,192000.0,/mnt/ubna_data_06/recover-20251030/UBNA_027/20251030_162000.WAV,recover-20251030,UBNA_027,E18 Bridge
LF,19200.0,6.430887035657032,114.3745,114.399,17734.0,19983.0,Nyctalus noctula,0.214,0.315,-1,Echolocation,192000.0,/mnt/ubna_data_06/recover-20251030/UBNA_027/20251030_163000.WAV,recover-20251030,UBNA_027,E18 Bridge
LF,27840.0,3.339521192020844,126.8895,126.8936,22890.0,40202.0,Plecotus austriacus,0.203,0.311,-1,Echolocation,192000.0,/mnt/ubna_data_06/recover-20251030/UBNA_027/20251030_163000.WAV,recover-20251030,UBNA_027,E18 Bridge
LF,21120.0,7.900708588097093,204.6375,204.6564,21171.0,25225.0,Nyctalus noctula,0.283,0.425,-1,Echolocation,192000.0,/mnt/ubna_data_06/recover-20251030/UBNA_027/20251030_163000.WAV,recover-20251030,UBNA_027,E18 Bridge
LF,24000.0,3.3850809942200777,205.2135,205.2272,22890.0,27762.0,Nyctalus leisleri,0.164,0.392,-1,Echolocation,192000.0,/mnt/ubna_data_06/recover-20251030/UBNA_027/20251030_163000.WAV,recover-20251030,UBNA_027,E18 Bridge
LF,19200.0,3.1020313032701052,222.7245,222.75130000000001,18593.0,21475.0,Nyctalus noctula,0.257,0.335,-1,Echolocation,192000.0,/mnt/ubna_data_06/recover-20251030/UBNA_027/20251030_163000.WAV,recover-20251030,UBNA_027,E18 Bridge
LF,21120.0,4.453823793842455,223.8845,223.9063,20312.0,23581.0,Nyctalus leisleri,0.187,0.325,-1,Echolocation,192000.0,/mnt/ubna_data_06/recover-20251030/UBNA_027/20251030_163000.WAV,recover-20251030,UBNA_027,E18 Bridge
LF,20160.0,9.243579868141849,245.4075,245.4303,19453.0,21840.0,Nyctalus noctula,0.237,0.354,-1,Echolocation,192000.0,/mnt/ubna_data_06/recover-20251030/UBNA_027/20251030_163000.WAV,recover-20251030,UBNA_027,E18 Bridge
LF,20160.0,3.9738871741299775,264.9415,264.9618,19453.0,23331.0,Nyctalus noctula,0.241,0.327,-1,Echolocation,192000.0,/mnt/ubna_data_06/recover-20251030/UBNA_027/20251030_163000.WAV,recover-20251030,UBNA_027,E18 Bridge
LF,19200.0,7.85315572262855,267.5095,267.5326,18593.0,22254.0,Nyctalus noctula,0.246,0.353,-1,Echolocation,192000.0,/mnt/ubna_data_06/recover-20251030/UBNA_027/20251030_163000.WAV,recover-20251030,UBNA_027,E18 Bridge
LF,20160.0,7.55763146786029,281.9235,281.9475,18593.0,22107.0,Nyctalus noctula,0.295,0.392,-1,Echolocation,192000.0,/mnt/ubna_data_06/recover-20251030/UBNA_027/20251030_163000.WAV,recover-20251030,UBNA_027,E18 Bridge
LF,21120.0,7.654501122871318,197.4575,197.4797,20312.0,24739.0,Nyctalus noctula,0.347,0.471,-1,Echolocation,192000.0,/mnt/ubna_data_06/recover-20251030/UBNA_027/20251030_164000.WAV,recover-20251030,UBNA_027,E18 Bridge
LF,21120.0,1.9835561892542428,241.2095,241.2286,21171.0,24832.0,Nyctalus noctula,0.18,0.369,-1,Echolocation,192000.0,/mnt/ubna_data_06/recover-20251030/UBNA_027/20251030_164000.WAV,recover-20251030,UBNA_027,E18 Bridge
LF,23040.0,6.645235346650304,221.3865,221.4075,21171.0,26058.0,Nyctalus noctula,0.2,0.345,-1,Echolocation,192000.0,/mnt/ubna_data_06/recover-20251030/UBNA_027/20251030_165000.WAV,recover-20251030,UBNA_027,E18 Bridge
LF,23040.0,4.26527009077021,221.5165,221.5372,21171.0,25976.0,Nyctalus leisleri,0.203,0.435,-1,Echolocation,192000.0,/mnt/ubna_data_06/recover-20251030/UBNA_027/20251030_165000.WAV,recover-20251030,UBNA_027,E18 Bridge
LF,22080.0,0.7789112716811075,221.6685,221.6852,22031.0,25500.0,Nyctalus noctula,0.173,0.382,-1,Echolocation,192000.0,/mnt/ubna_data_06/recover-20251030/UBNA_027/20251030_165000.WAV,recover-20251030,UBNA_027,E18 Bridge
LF,23040.0,3.6238629019022994,249.6555,249.6763,22031.0,25588.0,Nyctalus leisleri,0.196,0.308,-1,Echolocation,192000.0,/mnt/ubna_data_06/recover-20251030/UBNA_027/20251030_165000.WAV,recover-20251030,UBNA_027,E18 Bridge
LF,22080.0,2.298784203866306,154.0645,154.0834,21171.0,25148.0,Nyctalus leisleri,0.188,0.36,-1,Echolocation,192000.0,/mnt/ubna_data_06/recover-20251030/UBNA_027/20251030_170000.WAV,recover-20251030,UBNA_027,E18 Bridge
LF,21120.0,4.343953187869007,220.2365,220.2546,20312.0,24894.0,Nyctalus noctula,0.243,0.357,-1,Echolocation,192000.0,/mnt/ubna_data_06/recover-20251030/UBNA_027/20251030_170000.WAV,recover-20251030,UBNA_027,E18 Bridge
LF,26880.0,3.489208761474508,6.9095,6.9216,25468.0,34650.0,Eptesicus serotinus,0.269,0.408,-1,Echolocation,192000.0,/mnt/ubna_data_06/recover-20251030/UBNA_027/20251030_172000.WAV,recover-20251030,UBNA_027,E18 Bridge
HF,42240.0,4.827496214915376,42.3225,42.3327,40937.0,45823.0,Pipistrellus nathusii,0.403,0.433,-1,Echolocation,192000.0,/mnt/ubna_data_06/recover-20251030/UBNA_027/20251030_172000.WAV,recover-20251030,UBNA_027,E18 Bridge
LF,24000.0,3.431458434194906,88.8375,88.8552,22890.0,27158.0,Nyctalus leisleri,0.146,0.302,-1,Echolocation,192000.0,/mnt/ubna_data_06/recover-20251030/UBNA_027/20251030_172000.WAV,recover-20251030,UBNA_027,E18 Bridge
LF,20160.0,7.138568629356006,61.4065,61.4265,19453.0,22724.0,Nyctalus noctula,0.209,0.301,-1,Echolocation,192000.0,/mnt/ubna_data_06/recover-20251030/UBNA_027/20251030_174000.WAV,recover-20251030,UBNA_027,E18 Bridge
LF,22080.0,5.074201174235203,93.5055,93.5262,20312.0,24585.0,Nyctalus noctula,0.183,0.311,-1,Echolocation,192000.0,/mnt/ubna_data_06/recover-20251030/UBNA_027/20251030_181000.WAV,recover-20251030,UBNA_027,E18 Bridge
LF,21120.0,5.3987522318353385,94.2895,94.311,20312.0,24463.0,Nyctalus leisleri,0.156,0.347,-1,Echolocation,192000.0,/mnt/ubna_data_06/recover-20251030/UBNA_027/20251030_181000.WAV,recover-20251030,UBNA_027,E18 Bridge
LF,22080.0,4.980622302244557,106.7315,106.7501,21171.0,24274.0,Nyctalus leisleri,0.173,0.301,-1,Echolocation,192000.0,/mnt/ubna_data_06/recover-20251030/UBNA_027/20251030_181000.WAV,recover-20251030,UBNA_027,E18 Bridge
LF,21120.0,10.204799126056825,111.6035,111.6243,20312.0,23142.0,Nyctalus leisleri,0.274,0.31,-1,Echolocation,192000.0,/mnt/ubna_data_06/recover-20251030/UBNA_027/20251030_181000.WAV,recover-20251030,UBNA_027,E18 Bridge
LF,21120.0,6.707999288855877,114.3335,114.35079999999999,21171.0,24050.0,Nyctalus noctula,0.176,0.357,-1,Echolocation,192000.0,/mnt/ubna_data_06/recover-20251030/UBNA_027/20251030_181000.WAV,recover-20251030,UBNA_027,E18 Bridge
LF,21120.0,8.237818447239135,116.1385,116.1563,20312.0,24631.0,Nyctalus leisleri,0.249,0.417,-1,Echolocation,192000.0,/mnt/ubna_data_06/recover-20251030/UBNA_027/20251030_181000.WAV,recover-20251030,UBNA_027,E18 Bridge
LF,20160.0,0.6891502231679826,169.3355,169.3564,20312.0,23211.0,Nyctalus noctula,0.219,0.329,-1,Echolocation,192000.0,/mnt/ubna_data_06/recover-20251030/UBNA_027/20251030_184000.WAV,recover-20251030,UBNA_027,E18 Bridge
HF,42240.0,9.007143215824449,153.4785,153.4984,41796.0,44583.0,Pipistrellus pipistrellus,0.204,0.334,-1,Echolocation,192000.0,/mnt/ubna_data_06/recover-20251030/UBNA_027/20251030_191000.WAV,recover-20251030,UBNA_027,E18 Bridge
LF,22080.0,2.0406370531582176,284.0485,284.0624,22890.0,28287.0,Nyctalus noctula,0.154,0.324,-1,Echolocation,192000.0,/mnt/ubna_data_06/recover-20251030/UBNA_027/20251030_191000.WAV,recover-20251030,UBNA_027,E18 Bridge
LF,24960.0,5.061063386009508,165.1775,165.191,23750.0,27734.0,Nyctalus leisleri,0.18,0.306,-1,Echolocation,192000.0,/mnt/ubna_data_06/recover-20251030/UBNA_027/20251030_192000.WAV,recover-20251030,UBNA_027,E18 Bridge
LF,21120.0,4.258721955300989,213.2105,213.2306,20312.0,23560.0,Nyctalus leisleri,0.221,0.351,-1,Echolocation,192000.0,/mnt/ubna_data_06/recover-20251030/UBNA_027/20251030_195000.WAV,recover-20251030,UBNA_027,E18 Bridge
HF,59520.0,1.8931318276053037,274.2335,274.2425,58125.0,63361.0,Pipistrellus pygmaeus,0.302,0.333,-1,Echolocation,192000.0,/mnt/ubna_data_06/recover-20251030/UBNA_027/20251030_211000.WAV,recover-20251030,UBNA_027,E18 Bridge
LF,22080.0,-0.28179875894553674,139.8895,139.9055,22031.0,27037.0,Nyctalus noctula,0.193,0.353,-1,Echolocation,192000.0,/mnt/ubna_data_06/recover-20251030/UBNA_027/20251030_213000.WAV,recover-20251030,UBNA_027,E18 Bridge
HF,42240.0,7.684535437345811,216.6575,216.678,41796.0,44076.0,Pipistrellus pipistrellus,0.325,0.384,-1,Echolocation,192000.0,/mnt/ubna_data_06/recover-20251030/UBNA_027/20251030_223000.WAV,recover-20251030,UBNA_027,E18 Bridge
