,SNR_threshold,detection_threshold,num_bd2_detections,num_human_annotations,true_positives,false_positives,false_negatives,true_negatives,precision,recall,input_file_name,site_name
0,0.0,0.01,19441,156,137,19304,19,0,0.00704696260480428,0.8782051282051282,20220730_053000.WAV,Carp Pond
1,0.0,0.02,19133,156,137,18996,19,0,0.007160403491350023,0.8782051282051282,20220730_053000.WAV,Carp Pond
2,0.0,0.03,3219,156,135,3084,21,0,0.04193849021435228,0.8653846153846154,20220730_053000.WAV,Carp Pond
3,0.0,0.04,1150,156,133,1017,23,0,0.11565217391304349,0.8525641025641025,20220730_053000.WAV,Carp Pond
4,0.0,0.05,611,156,131,480,25,0,0.2144026186579378,0.8397435897435898,20220730_053000.WAV,Carp Pond
5,0.0,0.06,422,156,129,293,27,0,0.3056872037914692,0.8269230769230769,20220730_053000.WAV,Carp Pond
6,0.0,0.07,324,156,129,195,27,0,0.39814814814814814,0.8269230769230769,20220730_053000.WAV,Carp Pond
7,0.0,0.08,263,156,129,134,27,0,0.49049429657794674,0.8269230769230769,20220730_053000.WAV,Carp Pond
8,0.0,0.09,222,156,128,94,28,0,0.5765765765765766,0.8205128205128205,20220730_053000.WAV,Carp Pond
9,0.0,0.1,201,156,126,75,30,0,0.6268656716417911,0.8076923076923077,20220730_053000.WAV,Carp Pond
10,0.0,0.11,190,156,126,64,30,0,0.6631578947368421,0.8076923076923077,20220730_053000.WAV,Carp Pond
11,0.0,0.12,178,156,125,53,31,0,0.702247191011236,0.8012820512820513,20220730_053000.WAV,Carp Pond
12,0.0,0.13,167,156,125,42,31,0,0.7485029940119761,0.8012820512820513,20220730_053000.WAV,Carp Pond
13,0.0,0.14,156,156,125,31,31,0,0.8012820512820513,0.8012820512820513,20220730_053000.WAV,Carp Pond
14,0.0,0.15,152,156,124,28,32,0,0.8157894736842105,0.7948717948717948,20220730_053000.WAV,Carp Pond
15,0.0,0.16,149,156,124,25,32,0,0.8322147651006712,0.7948717948717948,20220730_053000.WAV,Carp Pond
16,0.0,0.17,144,156,122,22,34,0,0.8472222222222222,0.782051282051282,20220730_053000.WAV,Carp Pond
17,0.0,0.18,142,156,120,22,36,0,0.8450704225352113,0.7692307692307693,20220730_053000.WAV,Carp Pond
18,0.0,0.19,138,156,118,20,38,0,0.855072463768116,0.7564102564102564,20220730_053000.WAV,Carp Pond
19,0.0,0.2,134,156,118,16,38,0,0.8805970149253731,0.7564102564102564,20220730_053000.WAV,Carp Pond
20,0.0,0.21,130,156,116,14,40,0,0.8923076923076924,0.7435897435897436,20220730_053000.WAV,Carp Pond
21,0.0,0.22,125,156,114,11,42,0,0.912,0.7307692307692307,20220730_053000.WAV,Carp Pond
22,0.0,0.23,123,156,113,10,43,0,0.9186991869918699,0.7243589743589743,20220730_053000.WAV,Carp Pond
23,0.0,0.24,121,156,111,10,45,0,0.9173553719008265,0.7115384615384616,20220730_053000.WAV,Carp Pond
24,0.0,0.25,120,156,111,9,45,0,0.925,0.7115384615384616,20220730_053000.WAV,Carp Pond
25,0.0,0.26,117,156,108,9,48,0,0.9230769230769231,0.6923076923076923,20220730_053000.WAV,Carp Pond
26,0.0,0.27,116,156,107,9,49,0,0.9224137931034483,0.6858974358974359,20220730_053000.WAV,Carp Pond
27,0.0,0.28,115,156,106,9,50,0,0.9217391304347826,0.6794871794871795,20220730_053000.WAV,Carp Pond
28,0.0,0.29,114,156,106,8,50,0,0.9298245614035088,0.6794871794871795,20220730_053000.WAV,Carp Pond
29,0.0,0.3,113,156,105,8,51,0,0.9292035398230089,0.6730769230769231,20220730_053000.WAV,Carp Pond
30,0.0,0.31,111,156,105,6,51,0,0.9459459459459459,0.6730769230769231,20220730_053000.WAV,Carp Pond
31,0.0,0.32,108,156,102,6,54,0,0.9444444444444444,0.6538461538461539,20220730_053000.WAV,Carp Pond
32,0.0,0.33,106,156,100,6,56,0,0.9433962264150944,0.6410256410256411,20220730_053000.WAV,Carp Pond
33,0.0,0.34,104,156,99,5,57,0,0.9519230769230769,0.6346153846153846,20220730_053000.WAV,Carp Pond
34,0.0,0.35,103,156,98,5,58,0,0.9514563106796117,0.6282051282051282,20220730_053000.WAV,Carp Pond
35,0.0,0.36,101,156,96,5,60,0,0.9504950495049505,0.6153846153846154,20220730_053000.WAV,Carp Pond
36,0.0,0.37,99,156,94,5,62,0,0.9494949494949495,0.6025641025641025,20220730_053000.WAV,Carp Pond
37,0.0,0.38,96,156,93,3,63,0,0.96875,0.5961538461538461,20220730_053000.WAV,Carp Pond
38,0.0,0.39,94,156,91,3,65,0,0.9680851063829787,0.5833333333333334,20220730_053000.WAV,Carp Pond
39,0.0,0.4,91,156,88,3,68,0,0.967032967032967,0.5641025641025641,20220730_053000.WAV,Carp Pond
40,0.0,0.41,89,156,86,3,70,0,0.9662921348314607,0.5512820512820513,20220730_053000.WAV,Carp Pond
41,0.0,0.42,89,156,86,3,70,0,0.9662921348314607,0.5512820512820513,20220730_053000.WAV,Carp Pond
42,0.0,0.43,89,156,86,3,70,0,0.9662921348314607,0.5512820512820513,20220730_053000.WAV,Carp Pond
43,0.0,0.44,84,156,82,2,74,0,0.9761904761904762,0.5256410256410257,20220730_053000.WAV,Carp Pond
44,0.0,0.45,81,156,79,2,77,0,0.9753086419753086,0.5064102564102564,20220730_053000.WAV,Carp Pond
45,0.0,0.46,80,156,78,2,78,0,0.975,0.5,20220730_053000.WAV,Carp Pond
46,0.0,0.47,79,156,77,2,79,0,0.9746835443037974,0.4935897435897436,20220730_053000.WAV,Carp Pond
47,0.0,0.48,73,156,72,1,84,0,0.9863013698630136,0.46153846153846156,20220730_053000.WAV,Carp Pond
48,0.0,0.49,67,156,67,0,89,0,1.0,0.42948717948717946,20220730_053000.WAV,Carp Pond
49,0.0,0.5,65,156,65,0,91,0,1.0,0.4166666666666667,20220730_053000.WAV,Carp Pond
50,0.0,0.51,60,156,60,0,96,0,1.0,0.38461538461538464,20220730_053000.WAV,Carp Pond
51,0.0,0.52,55,156,55,0,101,0,1.0,0.3525641025641026,20220730_053000.WAV,Carp Pond
52,0.0,0.53,54,156,54,0,102,0,1.0,0.34615384615384615,20220730_053000.WAV,Carp Pond
53,0.0,0.54,50,156,50,0,106,0,1.0,0.32051282051282054,20220730_053000.WAV,Carp Pond
54,0.0,0.55,47,156,47,0,109,0,1.0,0.30128205128205127,20220730_053000.WAV,Carp Pond
55,0.0,0.56,40,156,40,0,116,0,1.0,0.2564102564102564,20220730_053000.WAV,Carp Pond
56,0.0,0.57,34,156,34,0,122,0,1.0,0.21794871794871795,20220730_053000.WAV,Carp Pond
57,0.0,0.58,32,156,32,0,124,0,1.0,0.20512820512820512,20220730_053000.WAV,Carp Pond
58,0.0,0.59,28,156,28,0,128,0,1.0,0.1794871794871795,20220730_053000.WAV,Carp Pond
59,0.0,0.6,22,156,22,0,134,0,1.0,0.14102564102564102,20220730_053000.WAV,Carp Pond
60,2.0,0.01,623,123,112,511,11,0,0.1797752808988764,0.9105691056910569,20220730_053000.WAV,Carp Pond
61,2.0,0.02,623,123,112,511,11,0,0.1797752808988764,0.9105691056910569,20220730_053000.WAV,Carp Pond
62,2.0,0.03,346,123,112,234,11,0,0.3236994219653179,0.9105691056910569,20220730_053000.WAV,Carp Pond
63,2.0,0.04,240,123,112,128,11,0,0.4666666666666667,0.9105691056910569,20220730_053000.WAV,Carp Pond
64,2.0,0.05,188,123,112,76,11,0,0.5957446808510638,0.9105691056910569,20220730_053000.WAV,Carp Pond
65,2.0,0.06,177,123,112,65,11,0,0.632768361581921,0.9105691056910569,20220730_053000.WAV,Carp Pond
66,2.0,0.07,164,123,112,52,11,0,0.6829268292682927,0.9105691056910569,20220730_053000.WAV,Carp Pond
67,2.0,0.08,155,123,112,43,11,0,0.7225806451612903,0.9105691056910569,20220730_053000.WAV,Carp Pond
68,2.0,0.09,149,123,112,37,11,0,0.7516778523489933,0.9105691056910569,20220730_053000.WAV,Carp Pond
69,2.0,0.1,146,123,111,35,12,0,0.7602739726027398,0.9024390243902439,20220730_053000.WAV,Carp Pond
70,2.0,0.11,145,123,111,34,12,0,0.7655172413793103,0.9024390243902439,20220730_053000.WAV,Carp Pond
71,2.0,0.12,143,123,110,33,13,0,0.7692307692307693,0.8943089430894309,20220730_053000.WAV,Carp Pond
72,2.0,0.13,138,123,110,28,13,0,0.7971014492753623,0.8943089430894309,20220730_053000.WAV,Carp Pond
73,2.0,0.14,135,123,110,25,13,0,0.8148148148148148,0.8943089430894309,20220730_053000.WAV,Carp Pond
74,2.0,0.15,134,123,110,24,13,0,0.8208955223880597,0.8943089430894309,20220730_053000.WAV,Carp Pond
75,2.0,0.16,133,123,110,23,13,0,0.8270676691729323,0.8943089430894309,20220730_053000.WAV,Carp Pond
76,2.0,0.17,130,123,109,21,14,0,0.8384615384615385,0.8861788617886179,20220730_053000.WAV,Carp Pond
77,2.0,0.18,130,123,109,21,14,0,0.8384615384615385,0.8861788617886179,20220730_053000.WAV,Carp Pond
78,2.0,0.19,127,123,108,19,15,0,0.8503937007874016,0.8780487804878049,20220730_053000.WAV,Carp Pond
79,2.0,0.2,126,123,108,18,15,0,0.8571428571428571,0.8780487804878049,20220730_053000.WAV,Carp Pond
80,2.0,0.21,124,123,107,17,16,0,0.8629032258064516,0.8699186991869918,20220730_053000.WAV,Carp Pond
81,2.0,0.22,122,123,106,16,17,0,0.8688524590163934,0.8617886178861789,20220730_053000.WAV,Carp Pond
82,2.0,0.23,121,123,106,15,17,0,0.8760330578512396,0.8617886178861789,20220730_053000.WAV,Carp Pond
83,2.0,0.24,119,123,104,15,19,0,0.8739495798319328,0.8455284552845529,20220730_053000.WAV,Carp Pond
84,2.0,0.25,119,123,104,15,19,0,0.8739495798319328,0.8455284552845529,20220730_053000.WAV,Carp Pond
85,2.0,0.26,116,123,102,14,21,0,0.8793103448275862,0.8292682926829268,20220730_053000.WAV,Carp Pond
86,2.0,0.27,115,123,101,14,22,0,0.8782608695652174,0.8211382113821138,20220730_053000.WAV,Carp Pond
87,2.0,0.28,114,123,100,14,23,0,0.8771929824561403,0.8130081300813008,20220730_053000.WAV,Carp Pond
88,2.0,0.29,114,123,100,14,23,0,0.8771929824561403,0.8130081300813008,20220730_053000.WAV,Carp Pond
89,2.0,0.3,113,123,99,14,24,0,0.8761061946902655,0.8048780487804879,20220730_053000.WAV,Carp Pond
90,2.0,0.31,111,123,99,12,24,0,0.8918918918918919,0.8048780487804879,20220730_053000.WAV,Carp Pond
91,2.0,0.32,108,123,96,12,27,0,0.8888888888888888,0.7804878048780488,20220730_053000.WAV,Carp Pond
92,2.0,0.33,106,123,95,11,28,0,0.8962264150943396,0.7723577235772358,20220730_053000.WAV,Carp Pond
93,2.0,0.34,104,123,94,10,29,0,0.9038461538461539,0.7642276422764228,20220730_053000.WAV,Carp Pond
94,2.0,0.35,103,123,93,10,30,0,0.9029126213592233,0.7560975609756098,20220730_053000.WAV,Carp Pond
95,2.0,0.36,101,123,92,9,31,0,0.9108910891089109,0.7479674796747967,20220730_053000.WAV,Carp Pond
96,2.0,0.37,99,123,90,9,33,0,0.9090909090909091,0.7317073170731707,20220730_053000.WAV,Carp Pond
97,2.0,0.38,96,123,89,7,34,0,0.9270833333333334,0.7235772357723578,20220730_053000.WAV,Carp Pond
98,2.0,0.39,94,123,88,6,35,0,0.9361702127659575,0.7154471544715447,20220730_053000.WAV,Carp Pond
99,2.0,0.4,91,123,86,5,37,0,0.945054945054945,0.6991869918699187,20220730_053000.WAV,Carp Pond
100,2.0,0.41,89,123,84,5,39,0,0.9438202247191011,0.6829268292682927,20220730_053000.WAV,Carp Pond
101,2.0,0.42,89,123,84,5,39,0,0.9438202247191011,0.6829268292682927,20220730_053000.WAV,Carp Pond
102,2.0,0.43,89,123,84,5,39,0,0.9438202247191011,0.6829268292682927,20220730_053000.WAV,Carp Pond
103,2.0,0.44,84,123,81,3,42,0,0.9642857142857143,0.6585365853658537,20220730_053000.WAV,Carp Pond
104,2.0,0.45,81,123,78,3,45,0,0.9629629629629629,0.6341463414634146,20220730_053000.WAV,Carp Pond
105,2.0,0.46,80,123,77,3,46,0,0.9625,0.6260162601626016,20220730_053000.WAV,Carp Pond
106,2.0,0.47,79,123,76,3,47,0,0.9620253164556962,0.6178861788617886,20220730_053000.WAV,Carp Pond
107,2.0,0.48,73,123,72,1,51,0,0.9863013698630136,0.5853658536585366,20220730_053000.WAV,Carp Pond
108,2.0,0.49,67,123,67,0,56,0,1.0,0.5447154471544715,20220730_053000.WAV,Carp Pond
109,2.0,0.5,65,123,65,0,58,0,1.0,0.5284552845528455,20220730_053000.WAV,Carp Pond
110,2.0,0.51,60,123,60,0,63,0,1.0,0.4878048780487805,20220730_053000.WAV,Carp Pond
111,2.0,0.52,55,123,55,0,68,0,1.0,0.44715447154471544,20220730_053000.WAV,Carp Pond
112,2.0,0.53,54,123,54,0,69,0,1.0,0.43902439024390244,20220730_053000.WAV,Carp Pond
113,2.0,0.54,50,123,50,0,73,0,1.0,0.4065040650406504,20220730_053000.WAV,Carp Pond
114,2.0,0.55,47,123,47,0,76,0,1.0,0.3821138211382114,20220730_053000.WAV,Carp Pond
115,2.0,0.56,40,123,40,0,83,0,1.0,0.3252032520325203,20220730_053000.WAV,Carp Pond
116,2.0,0.57,34,123,34,0,89,0,1.0,0.2764227642276423,20220730_053000.WAV,Carp Pond
117,2.0,0.58,32,123,32,0,91,0,1.0,0.2601626016260163,20220730_053000.WAV,Carp Pond
118,2.0,0.59,28,123,28,0,95,0,1.0,0.22764227642276422,20220730_053000.WAV,Carp Pond
119,2.0,0.6,22,123,22,0,101,0,1.0,0.17886178861788618,20220730_053000.WAV,Carp Pond
120,4.0,0.01,199,100,92,107,8,0,0.4623115577889447,0.92,20220730_053000.WAV,Carp Pond
121,4.0,0.02,199,100,92,107,8,0,0.4623115577889447,0.92,20220730_053000.WAV,Carp Pond
122,4.0,0.03,166,100,92,74,8,0,0.5542168674698795,0.92,20220730_053000.WAV,Carp Pond
123,4.0,0.04,149,100,92,57,8,0,0.6174496644295302,0.92,20220730_053000.WAV,Carp Pond
124,4.0,0.05,130,100,92,38,8,0,0.7076923076923077,0.92,20220730_053000.WAV,Carp Pond
125,4.0,0.06,126,100,92,34,8,0,0.7301587301587301,0.92,20220730_053000.WAV,Carp Pond
126,4.0,0.07,120,100,92,28,8,0,0.7666666666666667,0.92,20220730_053000.WAV,Carp Pond
127,4.0,0.08,116,100,92,24,8,0,0.7931034482758621,0.92,20220730_053000.WAV,Carp Pond
128,4.0,0.09,116,100,92,24,8,0,0.7931034482758621,0.92,20220730_053000.WAV,Carp Pond
129,4.0,0.1,116,100,92,24,8,0,0.7931034482758621,0.92,20220730_053000.WAV,Carp Pond
130,4.0,0.11,116,100,92,24,8,0,0.7931034482758621,0.92,20220730_053000.WAV,Carp Pond
131,4.0,0.12,114,100,91,23,9,0,0.7982456140350878,0.91,20220730_053000.WAV,Carp Pond
132,4.0,0.13,112,100,91,21,9,0,0.8125,0.91,20220730_053000.WAV,Carp Pond
133,4.0,0.14,111,100,91,20,9,0,0.8198198198198198,0.91,20220730_053000.WAV,Carp Pond
134,4.0,0.15,111,100,91,20,9,0,0.8198198198198198,0.91,20220730_053000.WAV,Carp Pond
135,4.0,0.16,110,100,91,19,9,0,0.8272727272727273,0.91,20220730_053000.WAV,Carp Pond
136,4.0,0.17,108,100,90,18,10,0,0.8333333333333334,0.9,20220730_053000.WAV,Carp Pond
137,4.0,0.18,108,100,90,18,10,0,0.8333333333333334,0.9,20220730_053000.WAV,Carp Pond
138,4.0,0.19,108,100,90,18,10,0,0.8333333333333334,0.9,20220730_053000.WAV,Carp Pond
139,4.0,0.2,108,100,90,18,10,0,0.8333333333333334,0.9,20220730_053000.WAV,Carp Pond
140,4.0,0.21,108,100,90,18,10,0,0.8333333333333334,0.9,20220730_053000.WAV,Carp Pond
141,4.0,0.22,107,100,90,17,10,0,0.8411214953271028,0.9,20220730_053000.WAV,Carp Pond
142,4.0,0.23,106,100,90,16,10,0,0.8490566037735849,0.9,20220730_053000.WAV,Carp Pond
143,4.0,0.24,105,100,89,16,11,0,0.8476190476190476,0.89,20220730_053000.WAV,Carp Pond
144,4.0,0.25,105,100,89,16,11,0,0.8476190476190476,0.89,20220730_053000.WAV,Carp Pond
145,4.0,0.26,103,100,88,15,12,0,0.8543689320388349,0.88,20220730_053000.WAV,Carp Pond
146,4.0,0.27,103,100,88,15,12,0,0.8543689320388349,0.88,20220730_053000.WAV,Carp Pond
147,4.0,0.28,102,100,88,14,12,0,0.8627450980392157,0.88,20220730_053000.WAV,Carp Pond
148,4.0,0.29,102,100,88,14,12,0,0.8627450980392157,0.88,20220730_053000.WAV,Carp Pond
149,4.0,0.3,102,100,88,14,12,0,0.8627450980392157,0.88,20220730_053000.WAV,Carp Pond
150,4.0,0.31,101,100,88,13,12,0,0.8712871287128713,0.88,20220730_053000.WAV,Carp Pond
151,4.0,0.32,98,100,87,11,13,0,0.8877551020408163,0.87,20220730_053000.WAV,Carp Pond
152,4.0,0.33,98,100,87,11,13,0,0.8877551020408163,0.87,20220730_053000.WAV,Carp Pond
153,4.0,0.34,96,100,86,10,14,0,0.8958333333333334,0.86,20220730_053000.WAV,Carp Pond
154,4.0,0.35,95,100,85,10,15,0,0.8947368421052632,0.85,20220730_053000.WAV,Carp Pond
155,4.0,0.36,95,100,85,10,15,0,0.8947368421052632,0.85,20220730_053000.WAV,Carp Pond
156,4.0,0.37,93,100,84,9,16,0,0.9032258064516129,0.84,20220730_053000.WAV,Carp Pond
157,4.0,0.38,90,100,83,7,17,0,0.9222222222222223,0.83,20220730_053000.WAV,Carp Pond
158,4.0,0.39,89,100,82,7,18,0,0.9213483146067416,0.82,20220730_053000.WAV,Carp Pond
159,4.0,0.4,88,100,81,7,19,0,0.9204545454545454,0.81,20220730_053000.WAV,Carp Pond
160,4.0,0.41,86,100,80,6,20,0,0.9302325581395349,0.8,20220730_053000.WAV,Carp Pond
161,4.0,0.42,86,100,80,6,20,0,0.9302325581395349,0.8,20220730_053000.WAV,Carp Pond
162,4.0,0.43,86,100,80,6,20,0,0.9302325581395349,0.8,20220730_053000.WAV,Carp Pond
163,4.0,0.44,81,100,77,4,23,0,0.9506172839506173,0.77,20220730_053000.WAV,Carp Pond
164,4.0,0.45,78,100,75,3,25,0,0.9615384615384616,0.75,20220730_053000.WAV,Carp Pond
165,4.0,0.46,77,100,74,3,26,0,0.961038961038961,0.74,20220730_053000.WAV,Carp Pond
166,4.0,0.47,76,100,73,3,27,0,0.9605263157894737,0.73,20220730_053000.WAV,Carp Pond
167,4.0,0.48,71,100,69,2,31,0,0.971830985915493,0.69,20220730_053000.WAV,Carp Pond
168,4.0,0.49,65,100,65,0,35,0,1.0,0.65,20220730_053000.WAV,Carp Pond
169,4.0,0.5,63,100,63,0,37,0,1.0,0.63,20220730_053000.WAV,Carp Pond
170,4.0,0.51,58,100,58,0,42,0,1.0,0.58,20220730_053000.WAV,Carp Pond
171,4.0,0.52,53,100,53,0,47,0,1.0,0.53,20220730_053000.WAV,Carp Pond
172,4.0,0.53,53,100,53,0,47,0,1.0,0.53,20220730_053000.WAV,Carp Pond
173,4.0,0.54,49,100,49,0,51,0,1.0,0.49,20220730_053000.WAV,Carp Pond
174,4.0,0.55,46,100,46,0,54,0,1.0,0.46,20220730_053000.WAV,Carp Pond
175,4.0,0.56,39,100,39,0,61,0,1.0,0.39,20220730_053000.WAV,Carp Pond
176,4.0,0.57,33,100,33,0,67,0,1.0,0.33,20220730_053000.WAV,Carp Pond
177,4.0,0.58,31,100,31,0,69,0,1.0,0.31,20220730_053000.WAV,Carp Pond
178,4.0,0.59,28,100,28,0,72,0,1.0,0.28,20220730_053000.WAV,Carp Pond
179,4.0,0.6,22,100,22,0,78,0,1.0,0.22,20220730_053000.WAV,Carp Pond
180,6.0,0.01,141,85,79,62,6,0,0.5602836879432624,0.9294117647058824,20220730_053000.WAV,Carp Pond
181,6.0,0.02,141,85,79,62,6,0,0.5602836879432624,0.9294117647058824,20220730_053000.WAV,Carp Pond
182,6.0,0.03,129,85,79,50,6,0,0.6124031007751938,0.9294117647058824,20220730_053000.WAV,Carp Pond
183,6.0,0.04,120,85,79,41,6,0,0.6583333333333333,0.9294117647058824,20220730_053000.WAV,Carp Pond
184,6.0,0.05,106,85,79,27,6,0,0.7452830188679245,0.9294117647058824,20220730_053000.WAV,Carp Pond
185,6.0,0.06,105,85,79,26,6,0,0.7523809523809524,0.9294117647058824,20220730_053000.WAV,Carp Pond
186,6.0,0.07,103,85,79,24,6,0,0.7669902912621359,0.9294117647058824,20220730_053000.WAV,Carp Pond
187,6.0,0.08,100,85,79,21,6,0,0.79,0.9294117647058824,20220730_053000.WAV,Carp Pond
188,6.0,0.09,100,85,79,21,6,0,0.79,0.9294117647058824,20220730_053000.WAV,Carp Pond
189,6.0,0.1,100,85,79,21,6,0,0.79,0.9294117647058824,20220730_053000.WAV,Carp Pond
190,6.0,0.11,100,85,79,21,6,0,0.79,0.9294117647058824,20220730_053000.WAV,Carp Pond
191,6.0,0.12,99,85,79,20,6,0,0.797979797979798,0.9294117647058824,20220730_053000.WAV,Carp Pond
192,6.0,0.13,98,85,79,19,6,0,0.8061224489795918,0.9294117647058824,20220730_053000.WAV,Carp Pond
193,6.0,0.14,97,85,79,18,6,0,0.8144329896907216,0.9294117647058824,20220730_053000.WAV,Carp Pond
194,6.0,0.15,97,85,79,18,6,0,0.8144329896907216,0.9294117647058824,20220730_053000.WAV,Carp Pond
195,6.0,0.16,96,85,79,17,6,0,0.8229166666666666,0.9294117647058824,20220730_053000.WAV,Carp Pond
196,6.0,0.17,95,85,79,16,6,0,0.8315789473684211,0.9294117647058824,20220730_053000.WAV,Carp Pond
197,6.0,0.18,95,85,79,16,6,0,0.8315789473684211,0.9294117647058824,20220730_053000.WAV,Carp Pond
198,6.0,0.19,95,85,79,16,6,0,0.8315789473684211,0.9294117647058824,20220730_053000.WAV,Carp Pond
199,6.0,0.2,95,85,79,16,6,0,0.8315789473684211,0.9294117647058824,20220730_053000.WAV,Carp Pond
200,6.0,0.21,95,85,79,16,6,0,0.8315789473684211,0.9294117647058824,20220730_053000.WAV,Carp Pond
201,6.0,0.22,95,85,79,16,6,0,0.8315789473684211,0.9294117647058824,20220730_053000.WAV,Carp Pond
202,6.0,0.23,95,85,79,16,6,0,0.8315789473684211,0.9294117647058824,20220730_053000.WAV,Carp Pond
203,6.0,0.24,94,85,78,16,7,0,0.8297872340425532,0.9176470588235294,20220730_053000.WAV,Carp Pond
204,6.0,0.25,94,85,78,16,7,0,0.8297872340425532,0.9176470588235294,20220730_053000.WAV,Carp Pond
205,6.0,0.26,92,85,77,15,8,0,0.8369565217391305,0.9058823529411765,20220730_053000.WAV,Carp Pond
206,6.0,0.27,92,85,77,15,8,0,0.8369565217391305,0.9058823529411765,20220730_053000.WAV,Carp Pond
207,6.0,0.28,92,85,77,15,8,0,0.8369565217391305,0.9058823529411765,20220730_053000.WAV,Carp Pond
208,6.0,0.29,92,85,77,15,8,0,0.8369565217391305,0.9058823529411765,20220730_053000.WAV,Carp Pond
209,6.0,0.3,92,85,77,15,8,0,0.8369565217391305,0.9058823529411765,20220730_053000.WAV,Carp Pond
210,6.0,0.31,91,85,77,14,8,0,0.8461538461538461,0.9058823529411765,20220730_053000.WAV,Carp Pond
211,6.0,0.32,90,85,77,13,8,0,0.8555555555555555,0.9058823529411765,20220730_053000.WAV,Carp Pond
212,6.0,0.33,90,85,77,13,8,0,0.8555555555555555,0.9058823529411765,20220730_053000.WAV,Carp Pond
213,6.0,0.34,88,85,76,12,9,0,0.8636363636363636,0.8941176470588236,20220730_053000.WAV,Carp Pond
214,6.0,0.35,87,85,76,11,9,0,0.8735632183908046,0.8941176470588236,20220730_053000.WAV,Carp Pond
215,6.0,0.36,87,85,76,11,9,0,0.8735632183908046,0.8941176470588236,20220730_053000.WAV,Carp Pond
216,6.0,0.37,86,85,75,11,10,0,0.872093023255814,0.8823529411764706,20220730_053000.WAV,Carp Pond
217,6.0,0.38,83,85,74,9,11,0,0.891566265060241,0.8705882352941177,20220730_053000.WAV,Carp Pond
218,6.0,0.39,82,85,74,8,11,0,0.9024390243902439,0.8705882352941177,20220730_053000.WAV,Carp Pond
219,6.0,0.4,81,85,73,8,12,0,0.9012345679012346,0.8588235294117647,20220730_053000.WAV,Carp Pond
220,6.0,0.41,79,85,72,7,13,0,0.9113924050632911,0.8470588235294118,20220730_053000.WAV,Carp Pond
221,6.0,0.42,79,85,72,7,13,0,0.9113924050632911,0.8470588235294118,20220730_053000.WAV,Carp Pond
222,6.0,0.43,79,85,72,7,13,0,0.9113924050632911,0.8470588235294118,20220730_053000.WAV,Carp Pond
223,6.0,0.44,75,85,69,6,16,0,0.92,0.8117647058823529,20220730_053000.WAV,Carp Pond
224,6.0,0.45,73,85,68,5,17,0,0.9315068493150684,0.8,20220730_053000.WAV,Carp Pond
225,6.0,0.46,72,85,67,5,18,0,0.9305555555555556,0.788235294117647,20220730_053000.WAV,Carp Pond
226,6.0,0.47,71,85,66,5,19,0,0.9295774647887324,0.7764705882352941,20220730_053000.WAV,Carp Pond
227,6.0,0.48,66,85,62,4,23,0,0.9393939393939394,0.7294117647058823,20220730_053000.WAV,Carp Pond
228,6.0,0.49,61,85,59,2,26,0,0.9672131147540983,0.6941176470588235,20220730_053000.WAV,Carp Pond
229,6.0,0.5,59,85,59,0,26,0,1.0,0.6941176470588235,20220730_053000.WAV,Carp Pond
230,6.0,0.51,54,85,54,0,31,0,1.0,0.6352941176470588,20220730_053000.WAV,Carp Pond
231,6.0,0.52,49,85,49,0,36,0,1.0,0.5764705882352941,20220730_053000.WAV,Carp Pond
232,6.0,0.53,49,85,49,0,36,0,1.0,0.5764705882352941,20220730_053000.WAV,Carp Pond
233,6.0,0.54,45,85,45,0,40,0,1.0,0.5294117647058824,20220730_053000.WAV,Carp Pond
234,6.0,0.55,43,85,43,0,42,0,1.0,0.5058823529411764,20220730_053000.WAV,Carp Pond
235,6.0,0.56,36,85,36,0,49,0,1.0,0.4235294117647059,20220730_053000.WAV,Carp Pond
236,6.0,0.57,31,85,31,0,54,0,1.0,0.36470588235294116,20220730_053000.WAV,Carp Pond
237,6.0,0.58,29,85,29,0,56,0,1.0,0.3411764705882353,20220730_053000.WAV,Carp Pond
238,6.0,0.59,27,85,27,0,58,0,1.0,0.3176470588235294,20220730_053000.WAV,Carp Pond
239,6.0,0.6,22,85,22,0,63,0,1.0,0.25882352941176473,20220730_053000.WAV,Carp Pond
240,8.0,0.01,97,65,61,36,4,0,0.6288659793814433,0.9384615384615385,20220730_053000.WAV,Carp Pond
241,8.0,0.02,97,65,61,36,4,0,0.6288659793814433,0.9384615384615385,20220730_053000.WAV,Carp Pond
242,8.0,0.03,92,65,61,31,4,0,0.6630434782608695,0.9384615384615385,20220730_053000.WAV,Carp Pond
243,8.0,0.04,88,65,61,27,4,0,0.6931818181818182,0.9384615384615385,20220730_053000.WAV,Carp Pond
244,8.0,0.05,81,65,61,20,4,0,0.7530864197530864,0.9384615384615385,20220730_053000.WAV,Carp Pond
245,8.0,0.06,80,65,61,19,4,0,0.7625,0.9384615384615385,20220730_053000.WAV,Carp Pond
246,8.0,0.07,79,65,61,18,4,0,0.7721518987341772,0.9384615384615385,20220730_053000.WAV,Carp Pond
247,8.0,0.08,78,65,61,17,4,0,0.782051282051282,0.9384615384615385,20220730_053000.WAV,Carp Pond
248,8.0,0.09,78,65,61,17,4,0,0.782051282051282,0.9384615384615385,20220730_053000.WAV,Carp Pond
249,8.0,0.1,78,65,61,17,4,0,0.782051282051282,0.9384615384615385,20220730_053000.WAV,Carp Pond
250,8.0,0.11,78,65,61,17,4,0,0.782051282051282,0.9384615384615385,20220730_053000.WAV,Carp Pond
251,8.0,0.12,78,65,61,17,4,0,0.782051282051282,0.9384615384615385,20220730_053000.WAV,Carp Pond
252,8.0,0.13,77,65,61,16,4,0,0.7922077922077922,0.9384615384615385,20220730_053000.WAV,Carp Pond
253,8.0,0.14,76,65,61,15,4,0,0.8026315789473685,0.9384615384615385,20220730_053000.WAV,Carp Pond
254,8.0,0.15,76,65,61,15,4,0,0.8026315789473685,0.9384615384615385,20220730_053000.WAV,Carp Pond
255,8.0,0.16,75,65,61,14,4,0,0.8133333333333334,0.9384615384615385,20220730_053000.WAV,Carp Pond
256,8.0,0.17,75,65,61,14,4,0,0.8133333333333334,0.9384615384615385,20220730_053000.WAV,Carp Pond
257,8.0,0.18,75,65,61,14,4,0,0.8133333333333334,0.9384615384615385,20220730_053000.WAV,Carp Pond
258,8.0,0.19,75,65,61,14,4,0,0.8133333333333334,0.9384615384615385,20220730_053000.WAV,Carp Pond
259,8.0,0.2,75,65,61,14,4,0,0.8133333333333334,0.9384615384615385,20220730_053000.WAV,Carp Pond
260,8.0,0.21,75,65,61,14,4,0,0.8133333333333334,0.9384615384615385,20220730_053000.WAV,Carp Pond
261,8.0,0.22,75,65,61,14,4,0,0.8133333333333334,0.9384615384615385,20220730_053000.WAV,Carp Pond
262,8.0,0.23,75,65,61,14,4,0,0.8133333333333334,0.9384615384615385,20220730_053000.WAV,Carp Pond
263,8.0,0.24,74,65,61,13,4,0,0.8243243243243243,0.9384615384615385,20220730_053000.WAV,Carp Pond
264,8.0,0.25,74,65,61,13,4,0,0.8243243243243243,0.9384615384615385,20220730_053000.WAV,Carp Pond
265,8.0,0.26,74,65,61,13,4,0,0.8243243243243243,0.9384615384615385,20220730_053000.WAV,Carp Pond
266,8.0,0.27,74,65,61,13,4,0,0.8243243243243243,0.9384615384615385,20220730_053000.WAV,Carp Pond
267,8.0,0.28,74,65,61,13,4,0,0.8243243243243243,0.9384615384615385,20220730_053000.WAV,Carp Pond
268,8.0,0.29,74,65,61,13,4,0,0.8243243243243243,0.9384615384615385,20220730_053000.WAV,Carp Pond
269,8.0,0.3,74,65,61,13,4,0,0.8243243243243243,0.9384615384615385,20220730_053000.WAV,Carp Pond
270,8.0,0.31,73,65,61,12,4,0,0.8356164383561644,0.9384615384615385,20220730_053000.WAV,Carp Pond
271,8.0,0.32,73,65,61,12,4,0,0.8356164383561644,0.9384615384615385,20220730_053000.WAV,Carp Pond
272,8.0,0.33,73,65,61,12,4,0,0.8356164383561644,0.9384615384615385,20220730_053000.WAV,Carp Pond
273,8.0,0.34,71,65,60,11,5,0,0.8450704225352113,0.9230769230769231,20220730_053000.WAV,Carp Pond
274,8.0,0.35,71,65,60,11,5,0,0.8450704225352113,0.9230769230769231,20220730_053000.WAV,Carp Pond
275,8.0,0.36,71,65,60,11,5,0,0.8450704225352113,0.9230769230769231,20220730_053000.WAV,Carp Pond
276,8.0,0.37,70,65,59,11,6,0,0.8428571428571429,0.9076923076923077,20220730_053000.WAV,Carp Pond
277,8.0,0.38,68,65,59,9,6,0,0.8676470588235294,0.9076923076923077,20220730_053000.WAV,Carp Pond
278,8.0,0.39,67,65,59,8,6,0,0.8805970149253731,0.9076923076923077,20220730_053000.WAV,Carp Pond
279,8.0,0.4,66,65,58,8,7,0,0.8787878787878788,0.8923076923076924,20220730_053000.WAV,Carp Pond
280,8.0,0.41,65,65,57,8,8,0,0.8769230769230769,0.8769230769230769,20220730_053000.WAV,Carp Pond
281,8.0,0.42,65,65,57,8,8,0,0.8769230769230769,0.8769230769230769,20220730_053000.WAV,Carp Pond
282,8.0,0.43,65,65,57,8,8,0,0.8769230769230769,0.8769230769230769,20220730_053000.WAV,Carp Pond
283,8.0,0.44,62,65,56,6,9,0,0.9032258064516129,0.8615384615384616,20220730_053000.WAV,Carp Pond
284,8.0,0.45,60,65,55,5,10,0,0.9166666666666666,0.8461538461538461,20220730_053000.WAV,Carp Pond
285,8.0,0.46,60,65,55,5,10,0,0.9166666666666666,0.8461538461538461,20220730_053000.WAV,Carp Pond
286,8.0,0.47,59,65,54,5,11,0,0.9152542372881356,0.8307692307692308,20220730_053000.WAV,Carp Pond
287,8.0,0.48,55,65,51,4,14,0,0.9272727272727272,0.7846153846153846,20220730_053000.WAV,Carp Pond
288,8.0,0.49,50,65,50,0,15,0,1.0,0.7692307692307693,20220730_053000.WAV,Carp Pond
289,8.0,0.5,50,65,50,0,15,0,1.0,0.7692307692307693,20220730_053000.WAV,Carp Pond
290,8.0,0.51,46,65,46,0,19,0,1.0,0.7076923076923077,20220730_053000.WAV,Carp Pond
291,8.0,0.52,41,65,41,0,24,0,1.0,0.6307692307692307,20220730_053000.WAV,Carp Pond
292,8.0,0.53,41,65,41,0,24,0,1.0,0.6307692307692307,20220730_053000.WAV,Carp Pond
293,8.0,0.54,37,65,37,0,28,0,1.0,0.5692307692307692,20220730_053000.WAV,Carp Pond
294,8.0,0.55,35,65,35,0,30,0,1.0,0.5384615384615384,20220730_053000.WAV,Carp Pond
295,8.0,0.56,28,65,28,0,37,0,1.0,0.4307692307692308,20220730_053000.WAV,Carp Pond
296,8.0,0.57,25,65,25,0,40,0,1.0,0.38461538461538464,20220730_053000.WAV,Carp Pond
297,8.0,0.58,23,65,23,0,42,0,1.0,0.35384615384615387,20220730_053000.WAV,Carp Pond
298,8.0,0.59,21,65,21,0,44,0,1.0,0.3230769230769231,20220730_053000.WAV,Carp Pond
299,8.0,0.6,19,65,19,0,46,0,1.0,0.2923076923076923,20220730_053000.WAV,Carp Pond
300,10.0,0.01,75,55,51,24,4,0,0.68,0.9272727272727272,20220730_053000.WAV,Carp Pond
301,10.0,0.02,75,55,51,24,4,0,0.68,0.9272727272727272,20220730_053000.WAV,Carp Pond
302,10.0,0.03,74,55,51,23,4,0,0.6891891891891891,0.9272727272727272,20220730_053000.WAV,Carp Pond
303,10.0,0.04,71,55,51,20,4,0,0.7183098591549296,0.9272727272727272,20220730_053000.WAV,Carp Pond
304,10.0,0.05,66,55,51,15,4,0,0.7727272727272727,0.9272727272727272,20220730_053000.WAV,Carp Pond
305,10.0,0.06,65,55,51,14,4,0,0.7846153846153846,0.9272727272727272,20220730_053000.WAV,Carp Pond
306,10.0,0.07,64,55,51,13,4,0,0.796875,0.9272727272727272,20220730_053000.WAV,Carp Pond
307,10.0,0.08,63,55,51,12,4,0,0.8095238095238095,0.9272727272727272,20220730_053000.WAV,Carp Pond
308,10.0,0.09,63,55,51,12,4,0,0.8095238095238095,0.9272727272727272,20220730_053000.WAV,Carp Pond
309,10.0,0.1,63,55,51,12,4,0,0.8095238095238095,0.9272727272727272,20220730_053000.WAV,Carp Pond
310,10.0,0.11,63,55,51,12,4,0,0.8095238095238095,0.9272727272727272,20220730_053000.WAV,Carp Pond
311,10.0,0.12,63,55,51,12,4,0,0.8095238095238095,0.9272727272727272,20220730_053000.WAV,Carp Pond
312,10.0,0.13,63,55,51,12,4,0,0.8095238095238095,0.9272727272727272,20220730_053000.WAV,Carp Pond
313,10.0,0.14,62,55,51,11,4,0,0.8225806451612904,0.9272727272727272,20220730_053000.WAV,Carp Pond
314,10.0,0.15,62,55,51,11,4,0,0.8225806451612904,0.9272727272727272,20220730_053000.WAV,Carp Pond
315,10.0,0.16,61,55,51,10,4,0,0.8360655737704918,0.9272727272727272,20220730_053000.WAV,Carp Pond
316,10.0,0.17,61,55,51,10,4,0,0.8360655737704918,0.9272727272727272,20220730_053000.WAV,Carp Pond
317,10.0,0.18,61,55,51,10,4,0,0.8360655737704918,0.9272727272727272,20220730_053000.WAV,Carp Pond
318,10.0,0.19,61,55,51,10,4,0,0.8360655737704918,0.9272727272727272,20220730_053000.WAV,Carp Pond
319,10.0,0.2,61,55,51,10,4,0,0.8360655737704918,0.9272727272727272,20220730_053000.WAV,Carp Pond
320,10.0,0.21,61,55,51,10,4,0,0.8360655737704918,0.9272727272727272,20220730_053000.WAV,Carp Pond
321,10.0,0.22,61,55,51,10,4,0,0.8360655737704918,0.9272727272727272,20220730_053000.WAV,Carp Pond
322,10.0,0.23,61,55,51,10,4,0,0.8360655737704918,0.9272727272727272,20220730_053000.WAV,Carp Pond
323,10.0,0.24,61,55,51,10,4,0,0.8360655737704918,0.9272727272727272,20220730_053000.WAV,Carp Pond
324,10.0,0.25,61,55,51,10,4,0,0.8360655737704918,0.9272727272727272,20220730_053000.WAV,Carp Pond
325,10.0,0.26,61,55,51,10,4,0,0.8360655737704918,0.9272727272727272,20220730_053000.WAV,Carp Pond
326,10.0,0.27,61,55,51,10,4,0,0.8360655737704918,0.9272727272727272,20220730_053000.WAV,Carp Pond
327,10.0,0.28,61,55,51,10,4,0,0.8360655737704918,0.9272727272727272,20220730_053000.WAV,Carp Pond
328,10.0,0.29,61,55,51,10,4,0,0.8360655737704918,0.9272727272727272,20220730_053000.WAV,Carp Pond
329,10.0,0.3,61,55,51,10,4,0,0.8360655737704918,0.9272727272727272,20220730_053000.WAV,Carp Pond
330,10.0,0.31,61,55,51,10,4,0,0.8360655737704918,0.9272727272727272,20220730_053000.WAV,Carp Pond
331,10.0,0.32,61,55,51,10,4,0,0.8360655737704918,0.9272727272727272,20220730_053000.WAV,Carp Pond
332,10.0,0.33,61,55,51,10,4,0,0.8360655737704918,0.9272727272727272,20220730_053000.WAV,Carp Pond
333,10.0,0.34,59,55,50,9,5,0,0.847457627118644,0.9090909090909091,20220730_053000.WAV,Carp Pond
334,10.0,0.35,59,55,50,9,5,0,0.847457627118644,0.9090909090909091,20220730_053000.WAV,Carp Pond
335,10.0,0.36,59,55,50,9,5,0,0.847457627118644,0.9090909090909091,20220730_053000.WAV,Carp Pond
336,10.0,0.37,58,55,49,9,6,0,0.8448275862068966,0.8909090909090909,20220730_053000.WAV,Carp Pond
337,10.0,0.38,56,55,49,7,6,0,0.875,0.8909090909090909,20220730_053000.WAV,Carp Pond
338,10.0,0.39,56,55,49,7,6,0,0.875,0.8909090909090909,20220730_053000.WAV,Carp Pond
339,10.0,0.4,55,55,49,6,6,0,0.8909090909090909,0.8909090909090909,20220730_053000.WAV,Carp Pond
340,10.0,0.41,54,55,48,6,7,0,0.8888888888888888,0.8727272727272727,20220730_053000.WAV,Carp Pond
341,10.0,0.42,54,55,48,6,7,0,0.8888888888888888,0.8727272727272727,20220730_053000.WAV,Carp Pond
342,10.0,0.43,54,55,48,6,7,0,0.8888888888888888,0.8727272727272727,20220730_053000.WAV,Carp Pond
343,10.0,0.44,51,55,47,4,8,0,0.9215686274509803,0.8545454545454545,20220730_053000.WAV,Carp Pond
344,10.0,0.45,50,55,46,4,9,0,0.92,0.8363636363636363,20220730_053000.WAV,Carp Pond
345,10.0,0.46,50,55,46,4,9,0,0.92,0.8363636363636363,20220730_053000.WAV,Carp Pond
346,10.0,0.47,49,55,45,4,10,0,0.9183673469387755,0.8181818181818182,20220730_053000.WAV,Carp Pond
347,10.0,0.48,45,55,42,3,13,0,0.9333333333333333,0.7636363636363637,20220730_053000.WAV,Carp Pond
348,10.0,0.49,41,55,41,0,14,0,1.0,0.7454545454545455,20220730_053000.WAV,Carp Pond
349,10.0,0.5,41,55,41,0,14,0,1.0,0.7454545454545455,20220730_053000.WAV,Carp Pond
350,10.0,0.51,39,55,39,0,16,0,1.0,0.7090909090909091,20220730_053000.WAV,Carp Pond
351,10.0,0.52,34,55,34,0,21,0,1.0,0.6181818181818182,20220730_053000.WAV,Carp Pond
352,10.0,0.53,34,55,34,0,21,0,1.0,0.6181818181818182,20220730_053000.WAV,Carp Pond
353,10.0,0.54,31,55,31,0,24,0,1.0,0.5636363636363636,20220730_053000.WAV,Carp Pond
354,10.0,0.55,30,55,30,0,25,0,1.0,0.5454545454545454,20220730_053000.WAV,Carp Pond
355,10.0,0.56,23,55,23,0,32,0,1.0,0.41818181818181815,20220730_053000.WAV,Carp Pond
356,10.0,0.57,21,55,21,0,34,0,1.0,0.38181818181818183,20220730_053000.WAV,Carp Pond
357,10.0,0.58,19,55,19,0,36,0,1.0,0.34545454545454546,20220730_053000.WAV,Carp Pond
358,10.0,0.59,17,55,17,0,38,0,1.0,0.3090909090909091,20220730_053000.WAV,Carp Pond
359,10.0,0.6,15,55,15,0,40,0,1.0,0.2727272727272727,20220730_053000.WAV,Carp Pond
360,12.0,0.01,52,44,41,11,3,0,0.7884615384615384,0.9318181818181818,20220730_053000.WAV,Carp Pond
361,12.0,0.02,52,44,41,11,3,0,0.7884615384615384,0.9318181818181818,20220730_053000.WAV,Carp Pond
362,12.0,0.03,51,44,41,10,3,0,0.803921568627451,0.9318181818181818,20220730_053000.WAV,Carp Pond
363,12.0,0.04,49,44,41,8,3,0,0.8367346938775511,0.9318181818181818,20220730_053000.WAV,Carp Pond
364,12.0,0.05,47,44,41,6,3,0,0.8723404255319149,0.9318181818181818,20220730_053000.WAV,Carp Pond
365,12.0,0.06,46,44,41,5,3,0,0.8913043478260869,0.9318181818181818,20220730_053000.WAV,Carp Pond
366,12.0,0.07,46,44,41,5,3,0,0.8913043478260869,0.9318181818181818,20220730_053000.WAV,Carp Pond
367,12.0,0.08,45,44,41,4,3,0,0.9111111111111111,0.9318181818181818,20220730_053000.WAV,Carp Pond
368,12.0,0.09,45,44,41,4,3,0,0.9111111111111111,0.9318181818181818,20220730_053000.WAV,Carp Pond
369,12.0,0.1,45,44,41,4,3,0,0.9111111111111111,0.9318181818181818,20220730_053000.WAV,Carp Pond
370,12.0,0.11,45,44,41,4,3,0,0.9111111111111111,0.9318181818181818,20220730_053000.WAV,Carp Pond
371,12.0,0.12,45,44,41,4,3,0,0.9111111111111111,0.9318181818181818,20220730_053000.WAV,Carp Pond
372,12.0,0.13,45,44,41,4,3,0,0.9111111111111111,0.9318181818181818,20220730_053000.WAV,Carp Pond
373,12.0,0.14,45,44,41,4,3,0,0.9111111111111111,0.9318181818181818,20220730_053000.WAV,Carp Pond
374,12.0,0.15,45,44,41,4,3,0,0.9111111111111111,0.9318181818181818,20220730_053000.WAV,Carp Pond
375,12.0,0.16,45,44,41,4,3,0,0.9111111111111111,0.9318181818181818,20220730_053000.WAV,Carp Pond
376,12.0,0.17,45,44,41,4,3,0,0.9111111111111111,0.9318181818181818,20220730_053000.WAV,Carp Pond
377,12.0,0.18,45,44,41,4,3,0,0.9111111111111111,0.9318181818181818,20220730_053000.WAV,Carp Pond
378,12.0,0.19,45,44,41,4,3,0,0.9111111111111111,0.9318181818181818,20220730_053000.WAV,Carp Pond
379,12.0,0.2,45,44,41,4,3,0,0.9111111111111111,0.9318181818181818,20220730_053000.WAV,Carp Pond
380,12.0,0.21,45,44,41,4,3,0,0.9111111111111111,0.9318181818181818,20220730_053000.WAV,Carp Pond
381,12.0,0.22,45,44,41,4,3,0,0.9111111111111111,0.9318181818181818,20220730_053000.WAV,Carp Pond
382,12.0,0.23,45,44,41,4,3,0,0.9111111111111111,0.9318181818181818,20220730_053000.WAV,Carp Pond
383,12.0,0.24,45,44,41,4,3,0,0.9111111111111111,0.9318181818181818,20220730_053000.WAV,Carp Pond
384,12.0,0.25,45,44,41,4,3,0,0.9111111111111111,0.9318181818181818,20220730_053000.WAV,Carp Pond
385,12.0,0.26,45,44,41,4,3,0,0.9111111111111111,0.9318181818181818,20220730_053000.WAV,Carp Pond
386,12.0,0.27,45,44,41,4,3,0,0.9111111111111111,0.9318181818181818,20220730_053000.WAV,Carp Pond
387,12.0,0.28,45,44,41,4,3,0,0.9111111111111111,0.9318181818181818,20220730_053000.WAV,Carp Pond
388,12.0,0.29,45,44,41,4,3,0,0.9111111111111111,0.9318181818181818,20220730_053000.WAV,Carp Pond
389,12.0,0.3,45,44,41,4,3,0,0.9111111111111111,0.9318181818181818,20220730_053000.WAV,Carp Pond
390,12.0,0.31,45,44,41,4,3,0,0.9111111111111111,0.9318181818181818,20220730_053000.WAV,Carp Pond
391,12.0,0.32,45,44,41,4,3,0,0.9111111111111111,0.9318181818181818,20220730_053000.WAV,Carp Pond
392,12.0,0.33,45,44,41,4,3,0,0.9111111111111111,0.9318181818181818,20220730_053000.WAV,Carp Pond
393,12.0,0.34,43,44,40,3,4,0,0.9302325581395349,0.9090909090909091,20220730_053000.WAV,Carp Pond
394,12.0,0.35,43,44,40,3,4,0,0.9302325581395349,0.9090909090909091,20220730_053000.WAV,Carp Pond
395,12.0,0.36,43,44,40,3,4,0,0.9302325581395349,0.9090909090909091,20220730_053000.WAV,Carp Pond
396,12.0,0.37,42,44,39,3,5,0,0.9285714285714286,0.8863636363636364,20220730_053000.WAV,Carp Pond
397,12.0,0.38,42,44,39,3,5,0,0.9285714285714286,0.8863636363636364,20220730_053000.WAV,Carp Pond
398,12.0,0.39,42,44,39,3,5,0,0.9285714285714286,0.8863636363636364,20220730_053000.WAV,Carp Pond
399,12.0,0.4,42,44,39,3,5,0,0.9285714285714286,0.8863636363636364,20220730_053000.WAV,Carp Pond
400,12.0,0.41,41,44,38,3,6,0,0.926829268292683,0.8636363636363636,20220730_053000.WAV,Carp Pond
401,12.0,0.42,41,44,38,3,6,0,0.926829268292683,0.8636363636363636,20220730_053000.WAV,Carp Pond
402,12.0,0.43,41,44,38,3,6,0,0.926829268292683,0.8636363636363636,20220730_053000.WAV,Carp Pond
403,12.0,0.44,39,44,37,2,7,0,0.9487179487179487,0.8409090909090909,20220730_053000.WAV,Carp Pond
404,12.0,0.45,38,44,36,2,8,0,0.9473684210526315,0.8181818181818182,20220730_053000.WAV,Carp Pond
405,12.0,0.46,38,44,36,2,8,0,0.9473684210526315,0.8181818181818182,20220730_053000.WAV,Carp Pond
406,12.0,0.47,37,44,35,2,9,0,0.9459459459459459,0.7954545454545454,20220730_053000.WAV,Carp Pond
407,12.0,0.48,33,44,32,1,12,0,0.9696969696969697,0.7272727272727273,20220730_053000.WAV,Carp Pond
408,12.0,0.49,31,44,31,0,13,0,1.0,0.7045454545454546,20220730_053000.WAV,Carp Pond
409,12.0,0.5,31,44,31,0,13,0,1.0,0.7045454545454546,20220730_053000.WAV,Carp Pond
410,12.0,0.51,29,44,29,0,15,0,1.0,0.6590909090909091,20220730_053000.WAV,Carp Pond
411,12.0,0.52,25,44,25,0,19,0,1.0,0.5681818181818182,20220730_053000.WAV,Carp Pond
412,12.0,0.53,25,44,25,0,19,0,1.0,0.5681818181818182,20220730_053000.WAV,Carp Pond
413,12.0,0.54,22,44,22,0,22,0,1.0,0.5,20220730_053000.WAV,Carp Pond
414,12.0,0.55,22,44,22,0,22,0,1.0,0.5,20220730_053000.WAV,Carp Pond
415,12.0,0.56,17,44,17,0,27,0,1.0,0.38636363636363635,20220730_053000.WAV,Carp Pond
416,12.0,0.57,15,44,15,0,29,0,1.0,0.3409090909090909,20220730_053000.WAV,Carp Pond
417,12.0,0.58,14,44,14,0,30,0,1.0,0.3181818181818182,20220730_053000.WAV,Carp Pond
418,12.0,0.59,13,44,13,0,31,0,1.0,0.29545454545454547,20220730_053000.WAV,Carp Pond
419,12.0,0.6,13,44,13,0,31,0,1.0,0.29545454545454547,20220730_053000.WAV,Carp Pond
420,14.0,0.01,42,36,33,9,3,0,0.7857142857142857,0.9166666666666666,20220730_053000.WAV,Carp Pond
421,14.0,0.02,42,36,33,9,3,0,0.7857142857142857,0.9166666666666666,20220730_053000.WAV,Carp Pond
422,14.0,0.03,42,36,33,9,3,0,0.7857142857142857,0.9166666666666666,20220730_053000.WAV,Carp Pond
423,14.0,0.04,41,36,33,8,3,0,0.8048780487804879,0.9166666666666666,20220730_053000.WAV,Carp Pond
424,14.0,0.05,40,36,33,7,3,0,0.825,0.9166666666666666,20220730_053000.WAV,Carp Pond
425,14.0,0.06,40,36,33,7,3,0,0.825,0.9166666666666666,20220730_053000.WAV,Carp Pond
426,14.0,0.07,40,36,33,7,3,0,0.825,0.9166666666666666,20220730_053000.WAV,Carp Pond
427,14.0,0.08,39,36,33,6,3,0,0.8461538461538461,0.9166666666666666,20220730_053000.WAV,Carp Pond
428,14.0,0.09,39,36,33,6,3,0,0.8461538461538461,0.9166666666666666,20220730_053000.WAV,Carp Pond
429,14.0,0.1,39,36,33,6,3,0,0.8461538461538461,0.9166666666666666,20220730_053000.WAV,Carp Pond
430,14.0,0.11,39,36,33,6,3,0,0.8461538461538461,0.9166666666666666,20220730_053000.WAV,Carp Pond
431,14.0,0.12,39,36,33,6,3,0,0.8461538461538461,0.9166666666666666,20220730_053000.WAV,Carp Pond
432,14.0,0.13,39,36,33,6,3,0,0.8461538461538461,0.9166666666666666,20220730_053000.WAV,Carp Pond
433,14.0,0.14,39,36,33,6,3,0,0.8461538461538461,0.9166666666666666,20220730_053000.WAV,Carp Pond
434,14.0,0.15,39,36,33,6,3,0,0.8461538461538461,0.9166666666666666,20220730_053000.WAV,Carp Pond
435,14.0,0.16,39,36,33,6,3,0,0.8461538461538461,0.9166666666666666,20220730_053000.WAV,Carp Pond
436,14.0,0.17,39,36,33,6,3,0,0.8461538461538461,0.9166666666666666,20220730_053000.WAV,Carp Pond
437,14.0,0.18,39,36,33,6,3,0,0.8461538461538461,0.9166666666666666,20220730_053000.WAV,Carp Pond
438,14.0,0.19,39,36,33,6,3,0,0.8461538461538461,0.9166666666666666,20220730_053000.WAV,Carp Pond
439,14.0,0.2,39,36,33,6,3,0,0.8461538461538461,0.9166666666666666,20220730_053000.WAV,Carp Pond
440,14.0,0.21,39,36,33,6,3,0,0.8461538461538461,0.9166666666666666,20220730_053000.WAV,Carp Pond
441,14.0,0.22,39,36,33,6,3,0,0.8461538461538461,0.9166666666666666,20220730_053000.WAV,Carp Pond
442,14.0,0.23,39,36,33,6,3,0,0.8461538461538461,0.9166666666666666,20220730_053000.WAV,Carp Pond
443,14.0,0.24,39,36,33,6,3,0,0.8461538461538461,0.9166666666666666,20220730_053000.WAV,Carp Pond
444,14.0,0.25,39,36,33,6,3,0,0.8461538461538461,0.9166666666666666,20220730_053000.WAV,Carp Pond
445,14.0,0.26,39,36,33,6,3,0,0.8461538461538461,0.9166666666666666,20220730_053000.WAV,Carp Pond
446,14.0,0.27,39,36,33,6,3,0,0.8461538461538461,0.9166666666666666,20220730_053000.WAV,Carp Pond
447,14.0,0.28,39,36,33,6,3,0,0.8461538461538461,0.9166666666666666,20220730_053000.WAV,Carp Pond
448,14.0,0.29,39,36,33,6,3,0,0.8461538461538461,0.9166666666666666,20220730_053000.WAV,Carp Pond
449,14.0,0.3,39,36,33,6,3,0,0.8461538461538461,0.9166666666666666,20220730_053000.WAV,Carp Pond
450,14.0,0.31,39,36,33,6,3,0,0.8461538461538461,0.9166666666666666,20220730_053000.WAV,Carp Pond
451,14.0,0.32,39,36,33,6,3,0,0.8461538461538461,0.9166666666666666,20220730_053000.WAV,Carp Pond
452,14.0,0.33,39,36,33,6,3,0,0.8461538461538461,0.9166666666666666,20220730_053000.WAV,Carp Pond
453,14.0,0.34,37,36,32,5,4,0,0.8648648648648649,0.8888888888888888,20220730_053000.WAV,Carp Pond
454,14.0,0.35,37,36,32,5,4,0,0.8648648648648649,0.8888888888888888,20220730_053000.WAV,Carp Pond
455,14.0,0.36,37,36,32,5,4,0,0.8648648648648649,0.8888888888888888,20220730_053000.WAV,Carp Pond
456,14.0,0.37,36,36,31,5,5,0,0.8611111111111112,0.8611111111111112,20220730_053000.WAV,Carp Pond
457,14.0,0.38,36,36,31,5,5,0,0.8611111111111112,0.8611111111111112,20220730_053000.WAV,Carp Pond
458,14.0,0.39,36,36,31,5,5,0,0.8611111111111112,0.8611111111111112,20220730_053000.WAV,Carp Pond
459,14.0,0.4,36,36,31,5,5,0,0.8611111111111112,0.8611111111111112,20220730_053000.WAV,Carp Pond
460,14.0,0.41,35,36,30,5,6,0,0.8571428571428571,0.8333333333333334,20220730_053000.WAV,Carp Pond
461,14.0,0.42,35,36,30,5,6,0,0.8571428571428571,0.8333333333333334,20220730_053000.WAV,Carp Pond
462,14.0,0.43,35,36,30,5,6,0,0.8571428571428571,0.8333333333333334,20220730_053000.WAV,Carp Pond
463,14.0,0.44,33,36,29,4,7,0,0.8787878787878788,0.8055555555555556,20220730_053000.WAV,Carp Pond
464,14.0,0.45,32,36,28,4,8,0,0.875,0.7777777777777778,20220730_053000.WAV,Carp Pond
465,14.0,0.46,32,36,28,4,8,0,0.875,0.7777777777777778,20220730_053000.WAV,Carp Pond
466,14.0,0.47,31,36,28,3,8,0,0.9032258064516129,0.7777777777777778,20220730_053000.WAV,Carp Pond
467,14.0,0.48,27,36,26,1,10,0,0.9629629629629629,0.7222222222222222,20220730_053000.WAV,Carp Pond
468,14.0,0.49,25,36,25,0,11,0,1.0,0.6944444444444444,20220730_053000.WAV,Carp Pond
469,14.0,0.5,25,36,25,0,11,0,1.0,0.6944444444444444,20220730_053000.WAV,Carp Pond
470,14.0,0.51,25,36,25,0,11,0,1.0,0.6944444444444444,20220730_053000.WAV,Carp Pond
471,14.0,0.52,21,36,21,0,15,0,1.0,0.5833333333333334,20220730_053000.WAV,Carp Pond
472,14.0,0.53,21,36,21,0,15,0,1.0,0.5833333333333334,20220730_053000.WAV,Carp Pond
473,14.0,0.54,19,36,19,0,17,0,1.0,0.5277777777777778,20220730_053000.WAV,Carp Pond
474,14.0,0.55,19,36,19,0,17,0,1.0,0.5277777777777778,20220730_053000.WAV,Carp Pond
475,14.0,0.56,15,36,15,0,21,0,1.0,0.4166666666666667,20220730_053000.WAV,Carp Pond
476,14.0,0.57,14,36,14,0,22,0,1.0,0.3888888888888889,20220730_053000.WAV,Carp Pond
477,14.0,0.58,13,36,13,0,23,0,1.0,0.3611111111111111,20220730_053000.WAV,Carp Pond
478,14.0,0.59,12,36,12,0,24,0,1.0,0.3333333333333333,20220730_053000.WAV,Carp Pond
479,14.0,0.6,12,36,12,0,24,0,1.0,0.3333333333333333,20220730_053000.WAV,Carp Pond
480,16.0,0.01,30,24,23,7,1,0,0.7666666666666667,0.9583333333333334,20220730_053000.WAV,Carp Pond
481,16.0,0.02,30,24,23,7,1,0,0.7666666666666667,0.9583333333333334,20220730_053000.WAV,Carp Pond
482,16.0,0.03,30,24,23,7,1,0,0.7666666666666667,0.9583333333333334,20220730_053000.WAV,Carp Pond
483,16.0,0.04,30,24,23,7,1,0,0.7666666666666667,0.9583333333333334,20220730_053000.WAV,Carp Pond
484,16.0,0.05,29,24,23,6,1,0,0.7931034482758621,0.9583333333333334,20220730_053000.WAV,Carp Pond
485,16.0,0.06,29,24,23,6,1,0,0.7931034482758621,0.9583333333333334,20220730_053000.WAV,Carp Pond
486,16.0,0.07,29,24,23,6,1,0,0.7931034482758621,0.9583333333333334,20220730_053000.WAV,Carp Pond
487,16.0,0.08,29,24,23,6,1,0,0.7931034482758621,0.9583333333333334,20220730_053000.WAV,Carp Pond
488,16.0,0.09,29,24,23,6,1,0,0.7931034482758621,0.9583333333333334,20220730_053000.WAV,Carp Pond
489,16.0,0.1,29,24,23,6,1,0,0.7931034482758621,0.9583333333333334,20220730_053000.WAV,Carp Pond
490,16.0,0.11,29,24,23,6,1,0,0.7931034482758621,0.9583333333333334,20220730_053000.WAV,Carp Pond
491,16.0,0.12,29,24,23,6,1,0,0.7931034482758621,0.9583333333333334,20220730_053000.WAV,Carp Pond
492,16.0,0.13,29,24,23,6,1,0,0.7931034482758621,0.9583333333333334,20220730_053000.WAV,Carp Pond
493,16.0,0.14,29,24,23,6,1,0,0.7931034482758621,0.9583333333333334,20220730_053000.WAV,Carp Pond
494,16.0,0.15,29,24,23,6,1,0,0.7931034482758621,0.9583333333333334,20220730_053000.WAV,Carp Pond
495,16.0,0.16,29,24,23,6,1,0,0.7931034482758621,0.9583333333333334,20220730_053000.WAV,Carp Pond
496,16.0,0.17,29,24,23,6,1,0,0.7931034482758621,0.9583333333333334,20220730_053000.WAV,Carp Pond
497,16.0,0.18,29,24,23,6,1,0,0.7931034482758621,0.9583333333333334,20220730_053000.WAV,Carp Pond
498,16.0,0.19,29,24,23,6,1,0,0.7931034482758621,0.9583333333333334,20220730_053000.WAV,Carp Pond
499,16.0,0.2,29,24,23,6,1,0,0.7931034482758621,0.9583333333333334,20220730_053000.WAV,Carp Pond
500,16.0,0.21,29,24,23,6,1,0,0.7931034482758621,0.9583333333333334,20220730_053000.WAV,Carp Pond
501,16.0,0.22,29,24,23,6,1,0,0.7931034482758621,0.9583333333333334,20220730_053000.WAV,Carp Pond
502,16.0,0.23,29,24,23,6,1,0,0.7931034482758621,0.9583333333333334,20220730_053000.WAV,Carp Pond
503,16.0,0.24,29,24,23,6,1,0,0.7931034482758621,0.9583333333333334,20220730_053000.WAV,Carp Pond
504,16.0,0.25,29,24,23,6,1,0,0.7931034482758621,0.9583333333333334,20220730_053000.WAV,Carp Pond
505,16.0,0.26,29,24,23,6,1,0,0.7931034482758621,0.9583333333333334,20220730_053000.WAV,Carp Pond
506,16.0,0.27,29,24,23,6,1,0,0.7931034482758621,0.9583333333333334,20220730_053000.WAV,Carp Pond
507,16.0,0.28,29,24,23,6,1,0,0.7931034482758621,0.9583333333333334,20220730_053000.WAV,Carp Pond
508,16.0,0.29,29,24,23,6,1,0,0.7931034482758621,0.9583333333333334,20220730_053000.WAV,Carp Pond
509,16.0,0.3,29,24,23,6,1,0,0.7931034482758621,0.9583333333333334,20220730_053000.WAV,Carp Pond
510,16.0,0.31,29,24,23,6,1,0,0.7931034482758621,0.9583333333333334,20220730_053000.WAV,Carp Pond
511,16.0,0.32,29,24,23,6,1,0,0.7931034482758621,0.9583333333333334,20220730_053000.WAV,Carp Pond
512,16.0,0.33,29,24,23,6,1,0,0.7931034482758621,0.9583333333333334,20220730_053000.WAV,Carp Pond
513,16.0,0.34,27,24,22,5,2,0,0.8148148148148148,0.9166666666666666,20220730_053000.WAV,Carp Pond
514,16.0,0.35,27,24,22,5,2,0,0.8148148148148148,0.9166666666666666,20220730_053000.WAV,Carp Pond
515,16.0,0.36,27,24,22,5,2,0,0.8148148148148148,0.9166666666666666,20220730_053000.WAV,Carp Pond
516,16.0,0.37,26,24,22,4,2,0,0.8461538461538461,0.9166666666666666,20220730_053000.WAV,Carp Pond
517,16.0,0.38,26,24,22,4,2,0,0.8461538461538461,0.9166666666666666,20220730_053000.WAV,Carp Pond
518,16.0,0.39,26,24,22,4,2,0,0.8461538461538461,0.9166666666666666,20220730_053000.WAV,Carp Pond
519,16.0,0.4,26,24,22,4,2,0,0.8461538461538461,0.9166666666666666,20220730_053000.WAV,Carp Pond
520,16.0,0.41,25,24,21,4,3,0,0.84,0.875,20220730_053000.WAV,Carp Pond
521,16.0,0.42,25,24,21,4,3,0,0.84,0.875,20220730_053000.WAV,Carp Pond
522,16.0,0.43,25,24,21,4,3,0,0.84,0.875,20220730_053000.WAV,Carp Pond
523,16.0,0.44,24,24,20,4,4,0,0.8333333333333334,0.8333333333333334,20220730_053000.WAV,Carp Pond
524,16.0,0.45,23,24,20,3,4,0,0.8695652173913043,0.8333333333333334,20220730_053000.WAV,Carp Pond
525,16.0,0.46,23,24,20,3,4,0,0.8695652173913043,0.8333333333333334,20220730_053000.WAV,Carp Pond
526,16.0,0.47,23,24,20,3,4,0,0.8695652173913043,0.8333333333333334,20220730_053000.WAV,Carp Pond
527,16.0,0.48,20,24,19,1,5,0,0.95,0.7916666666666666,20220730_053000.WAV,Carp Pond
528,16.0,0.49,18,24,18,0,6,0,1.0,0.75,20220730_053000.WAV,Carp Pond
529,16.0,0.5,18,24,18,0,6,0,1.0,0.75,20220730_053000.WAV,Carp Pond
530,16.0,0.51,18,24,18,0,6,0,1.0,0.75,20220730_053000.WAV,Carp Pond
531,16.0,0.52,14,24,14,0,10,0,1.0,0.5833333333333334,20220730_053000.WAV,Carp Pond
532,16.0,0.53,14,24,14,0,10,0,1.0,0.5833333333333334,20220730_053000.WAV,Carp Pond
533,16.0,0.54,13,24,13,0,11,0,1.0,0.5416666666666666,20220730_053000.WAV,Carp Pond
534,16.0,0.55,13,24,13,0,11,0,1.0,0.5416666666666666,20220730_053000.WAV,Carp Pond
535,16.0,0.56,9,24,9,0,15,0,1.0,0.375,20220730_053000.WAV,Carp Pond
536,16.0,0.57,9,24,9,0,15,0,1.0,0.375,20220730_053000.WAV,Carp Pond
537,16.0,0.58,9,24,9,0,15,0,1.0,0.375,20220730_053000.WAV,Carp Pond
538,16.0,0.59,8,24,8,0,16,0,1.0,0.3333333333333333,20220730_053000.WAV,Carp Pond
539,16.0,0.6,8,24,8,0,16,0,1.0,0.3333333333333333,20220730_053000.WAV,Carp Pond
540,18.0,0.01,20,16,15,5,1,0,0.75,0.9375,20220730_053000.WAV,Carp Pond
541,18.0,0.02,20,16,15,5,1,0,0.75,0.9375,20220730_053000.WAV,Carp Pond
542,18.0,0.03,20,16,15,5,1,0,0.75,0.9375,20220730_053000.WAV,Carp Pond
543,18.0,0.04,20,16,15,5,1,0,0.75,0.9375,20220730_053000.WAV,Carp Pond
544,18.0,0.05,19,16,15,4,1,0,0.7894736842105263,0.9375,20220730_053000.WAV,Carp Pond
545,18.0,0.06,19,16,15,4,1,0,0.7894736842105263,0.9375,20220730_053000.WAV,Carp Pond
546,18.0,0.07,19,16,15,4,1,0,0.7894736842105263,0.9375,20220730_053000.WAV,Carp Pond
547,18.0,0.08,19,16,15,4,1,0,0.7894736842105263,0.9375,20220730_053000.WAV,Carp Pond
548,18.0,0.09,19,16,15,4,1,0,0.7894736842105263,0.9375,20220730_053000.WAV,Carp Pond
549,18.0,0.1,19,16,15,4,1,0,0.7894736842105263,0.9375,20220730_053000.WAV,Carp Pond
550,18.0,0.11,19,16,15,4,1,0,0.7894736842105263,0.9375,20220730_053000.WAV,Carp Pond
551,18.0,0.12,19,16,15,4,1,0,0.7894736842105263,0.9375,20220730_053000.WAV,Carp Pond
552,18.0,0.13,19,16,15,4,1,0,0.7894736842105263,0.9375,20220730_053000.WAV,Carp Pond
553,18.0,0.14,19,16,15,4,1,0,0.7894736842105263,0.9375,20220730_053000.WAV,Carp Pond
554,18.0,0.15,19,16,15,4,1,0,0.7894736842105263,0.9375,20220730_053000.WAV,Carp Pond
555,18.0,0.16,19,16,15,4,1,0,0.7894736842105263,0.9375,20220730_053000.WAV,Carp Pond
556,18.0,0.17,19,16,15,4,1,0,0.7894736842105263,0.9375,20220730_053000.WAV,Carp Pond
557,18.0,0.18,19,16,15,4,1,0,0.7894736842105263,0.9375,20220730_053000.WAV,Carp Pond
558,18.0,0.19,19,16,15,4,1,0,0.7894736842105263,0.9375,20220730_053000.WAV,Carp Pond
559,18.0,0.2,19,16,15,4,1,0,0.7894736842105263,0.9375,20220730_053000.WAV,Carp Pond
560,18.0,0.21,19,16,15,4,1,0,0.7894736842105263,0.9375,20220730_053000.WAV,Carp Pond
561,18.0,0.22,19,16,15,4,1,0,0.7894736842105263,0.9375,20220730_053000.WAV,Carp Pond
562,18.0,0.23,19,16,15,4,1,0,0.7894736842105263,0.9375,20220730_053000.WAV,Carp Pond
563,18.0,0.24,19,16,15,4,1,0,0.7894736842105263,0.9375,20220730_053000.WAV,Carp Pond
564,18.0,0.25,19,16,15,4,1,0,0.7894736842105263,0.9375,20220730_053000.WAV,Carp Pond
565,18.0,0.26,19,16,15,4,1,0,0.7894736842105263,0.9375,20220730_053000.WAV,Carp Pond
566,18.0,0.27,19,16,15,4,1,0,0.7894736842105263,0.9375,20220730_053000.WAV,Carp Pond
567,18.0,0.28,19,16,15,4,1,0,0.7894736842105263,0.9375,20220730_053000.WAV,Carp Pond
568,18.0,0.29,19,16,15,4,1,0,0.7894736842105263,0.9375,20220730_053000.WAV,Carp Pond
569,18.0,0.3,19,16,15,4,1,0,0.7894736842105263,0.9375,20220730_053000.WAV,Carp Pond
570,18.0,0.31,19,16,15,4,1,0,0.7894736842105263,0.9375,20220730_053000.WAV,Carp Pond
571,18.0,0.32,19,16,15,4,1,0,0.7894736842105263,0.9375,20220730_053000.WAV,Carp Pond
572,18.0,0.33,19,16,15,4,1,0,0.7894736842105263,0.9375,20220730_053000.WAV,Carp Pond
573,18.0,0.34,18,16,15,3,1,0,0.8333333333333334,0.9375,20220730_053000.WAV,Carp Pond
574,18.0,0.35,18,16,15,3,1,0,0.8333333333333334,0.9375,20220730_053000.WAV,Carp Pond
575,18.0,0.36,18,16,15,3,1,0,0.8333333333333334,0.9375,20220730_053000.WAV,Carp Pond
576,18.0,0.37,17,16,15,2,1,0,0.8823529411764706,0.9375,20220730_053000.WAV,Carp Pond
577,18.0,0.38,17,16,15,2,1,0,0.8823529411764706,0.9375,20220730_053000.WAV,Carp Pond
578,18.0,0.39,17,16,15,2,1,0,0.8823529411764706,0.9375,20220730_053000.WAV,Carp Pond
579,18.0,0.4,17,16,15,2,1,0,0.8823529411764706,0.9375,20220730_053000.WAV,Carp Pond
580,18.0,0.41,16,16,14,2,2,0,0.875,0.875,20220730_053000.WAV,Carp Pond
581,18.0,0.42,16,16,14,2,2,0,0.875,0.875,20220730_053000.WAV,Carp Pond
582,18.0,0.43,16,16,14,2,2,0,0.875,0.875,20220730_053000.WAV,Carp Pond
583,18.0,0.44,15,16,13,2,3,0,0.8666666666666667,0.8125,20220730_053000.WAV,Carp Pond
584,18.0,0.45,15,16,13,2,3,0,0.8666666666666667,0.8125,20220730_053000.WAV,Carp Pond
585,18.0,0.46,15,16,13,2,3,0,0.8666666666666667,0.8125,20220730_053000.WAV,Carp Pond
586,18.0,0.47,15,16,13,2,3,0,0.8666666666666667,0.8125,20220730_053000.WAV,Carp Pond
587,18.0,0.48,14,16,12,2,4,0,0.8571428571428571,0.75,20220730_053000.WAV,Carp Pond
588,18.0,0.49,12,16,12,0,4,0,1.0,0.75,20220730_053000.WAV,Carp Pond
589,18.0,0.5,12,16,12,0,4,0,1.0,0.75,20220730_053000.WAV,Carp Pond
590,18.0,0.51,12,16,12,0,4,0,1.0,0.75,20220730_053000.WAV,Carp Pond
591,18.0,0.52,9,16,9,0,7,0,1.0,0.5625,20220730_053000.WAV,Carp Pond
592,18.0,0.53,9,16,9,0,7,0,1.0,0.5625,20220730_053000.WAV,Carp Pond
593,18.0,0.54,8,16,8,0,8,0,1.0,0.5,20220730_053000.WAV,Carp Pond
594,18.0,0.55,8,16,8,0,8,0,1.0,0.5,20220730_053000.WAV,Carp Pond
595,18.0,0.56,7,16,7,0,9,0,1.0,0.4375,20220730_053000.WAV,Carp Pond
596,18.0,0.57,7,16,7,0,9,0,1.0,0.4375,20220730_053000.WAV,Carp Pond
597,18.0,0.58,7,16,7,0,9,0,1.0,0.4375,20220730_053000.WAV,Carp Pond
598,18.0,0.59,6,16,6,0,10,0,1.0,0.375,20220730_053000.WAV,Carp Pond
599,18.0,0.6,6,16,6,0,10,0,1.0,0.375,20220730_053000.WAV,Carp Pond
600,20.0,0.01,17,14,13,4,1,0,0.7647058823529411,0.9285714285714286,20220730_053000.WAV,Carp Pond
601,20.0,0.02,17,14,13,4,1,0,0.7647058823529411,0.9285714285714286,20220730_053000.WAV,Carp Pond
602,20.0,0.03,17,14,13,4,1,0,0.7647058823529411,0.9285714285714286,20220730_053000.WAV,Carp Pond
603,20.0,0.04,17,14,13,4,1,0,0.7647058823529411,0.9285714285714286,20220730_053000.WAV,Carp Pond
604,20.0,0.05,17,14,13,4,1,0,0.7647058823529411,0.9285714285714286,20220730_053000.WAV,Carp Pond
605,20.0,0.06,17,14,13,4,1,0,0.7647058823529411,0.9285714285714286,20220730_053000.WAV,Carp Pond
606,20.0,0.07,17,14,13,4,1,0,0.7647058823529411,0.9285714285714286,20220730_053000.WAV,Carp Pond
607,20.0,0.08,17,14,13,4,1,0,0.7647058823529411,0.9285714285714286,20220730_053000.WAV,Carp Pond
608,20.0,0.09,17,14,13,4,1,0,0.7647058823529411,0.9285714285714286,20220730_053000.WAV,Carp Pond
609,20.0,0.1,17,14,13,4,1,0,0.7647058823529411,0.9285714285714286,20220730_053000.WAV,Carp Pond
610,20.0,0.11,17,14,13,4,1,0,0.7647058823529411,0.9285714285714286,20220730_053000.WAV,Carp Pond
611,20.0,0.12,17,14,13,4,1,0,0.7647058823529411,0.9285714285714286,20220730_053000.WAV,Carp Pond
612,20.0,0.13,17,14,13,4,1,0,0.7647058823529411,0.9285714285714286,20220730_053000.WAV,Carp Pond
613,20.0,0.14,17,14,13,4,1,0,0.7647058823529411,0.9285714285714286,20220730_053000.WAV,Carp Pond
614,20.0,0.15,17,14,13,4,1,0,0.7647058823529411,0.9285714285714286,20220730_053000.WAV,Carp Pond
615,20.0,0.16,17,14,13,4,1,0,0.7647058823529411,0.9285714285714286,20220730_053000.WAV,Carp Pond
616,20.0,0.17,17,14,13,4,1,0,0.7647058823529411,0.9285714285714286,20220730_053000.WAV,Carp Pond
617,20.0,0.18,17,14,13,4,1,0,0.7647058823529411,0.9285714285714286,20220730_053000.WAV,Carp Pond
618,20.0,0.19,17,14,13,4,1,0,0.7647058823529411,0.9285714285714286,20220730_053000.WAV,Carp Pond
619,20.0,0.2,17,14,13,4,1,0,0.7647058823529411,0.9285714285714286,20220730_053000.WAV,Carp Pond
620,20.0,0.21,17,14,13,4,1,0,0.7647058823529411,0.9285714285714286,20220730_053000.WAV,Carp Pond
621,20.0,0.22,17,14,13,4,1,0,0.7647058823529411,0.9285714285714286,20220730_053000.WAV,Carp Pond
622,20.0,0.23,17,14,13,4,1,0,0.7647058823529411,0.9285714285714286,20220730_053000.WAV,Carp Pond
623,20.0,0.24,17,14,13,4,1,0,0.7647058823529411,0.9285714285714286,20220730_053000.WAV,Carp Pond
624,20.0,0.25,17,14,13,4,1,0,0.7647058823529411,0.9285714285714286,20220730_053000.WAV,Carp Pond
625,20.0,0.26,17,14,13,4,1,0,0.7647058823529411,0.9285714285714286,20220730_053000.WAV,Carp Pond
626,20.0,0.27,17,14,13,4,1,0,0.7647058823529411,0.9285714285714286,20220730_053000.WAV,Carp Pond
627,20.0,0.28,17,14,13,4,1,0,0.7647058823529411,0.9285714285714286,20220730_053000.WAV,Carp Pond
628,20.0,0.29,17,14,13,4,1,0,0.7647058823529411,0.9285714285714286,20220730_053000.WAV,Carp Pond
629,20.0,0.3,17,14,13,4,1,0,0.7647058823529411,0.9285714285714286,20220730_053000.WAV,Carp Pond
630,20.0,0.31,17,14,13,4,1,0,0.7647058823529411,0.9285714285714286,20220730_053000.WAV,Carp Pond
631,20.0,0.32,17,14,13,4,1,0,0.7647058823529411,0.9285714285714286,20220730_053000.WAV,Carp Pond
632,20.0,0.33,17,14,13,4,1,0,0.7647058823529411,0.9285714285714286,20220730_053000.WAV,Carp Pond
633,20.0,0.34,16,14,13,3,1,0,0.8125,0.9285714285714286,20220730_053000.WAV,Carp Pond
634,20.0,0.35,16,14,13,3,1,0,0.8125,0.9285714285714286,20220730_053000.WAV,Carp Pond
635,20.0,0.36,16,14,13,3,1,0,0.8125,0.9285714285714286,20220730_053000.WAV,Carp Pond
636,20.0,0.37,16,14,13,3,1,0,0.8125,0.9285714285714286,20220730_053000.WAV,Carp Pond
637,20.0,0.38,16,14,13,3,1,0,0.8125,0.9285714285714286,20220730_053000.WAV,Carp Pond
638,20.0,0.39,16,14,13,3,1,0,0.8125,0.9285714285714286,20220730_053000.WAV,Carp Pond
639,20.0,0.4,16,14,13,3,1,0,0.8125,0.9285714285714286,20220730_053000.WAV,Carp Pond
640,20.0,0.41,15,14,12,3,2,0,0.8,0.8571428571428571,20220730_053000.WAV,Carp Pond
641,20.0,0.42,15,14,12,3,2,0,0.8,0.8571428571428571,20220730_053000.WAV,Carp Pond
642,20.0,0.43,15,14,12,3,2,0,0.8,0.8571428571428571,20220730_053000.WAV,Carp Pond
643,20.0,0.44,14,14,12,2,2,0,0.8571428571428571,0.8571428571428571,20220730_053000.WAV,Carp Pond
644,20.0,0.45,14,14,12,2,2,0,0.8571428571428571,0.8571428571428571,20220730_053000.WAV,Carp Pond
645,20.0,0.46,14,14,12,2,2,0,0.8571428571428571,0.8571428571428571,20220730_053000.WAV,Carp Pond
646,20.0,0.47,14,14,12,2,2,0,0.8571428571428571,0.8571428571428571,20220730_053000.WAV,Carp Pond
647,20.0,0.48,13,14,12,1,2,0,0.9230769230769231,0.8571428571428571,20220730_053000.WAV,Carp Pond
648,20.0,0.49,12,14,12,0,2,0,1.0,0.8571428571428571,20220730_053000.WAV,Carp Pond
649,20.0,0.5,12,14,12,0,2,0,1.0,0.8571428571428571,20220730_053000.WAV,Carp Pond
650,20.0,0.51,12,14,12,0,2,0,1.0,0.8571428571428571,20220730_053000.WAV,Carp Pond
651,20.0,0.52,9,14,9,0,5,0,1.0,0.6428571428571429,20220730_053000.WAV,Carp Pond
652,20.0,0.53,9,14,9,0,5,0,1.0,0.6428571428571429,20220730_053000.WAV,Carp Pond
653,20.0,0.54,8,14,8,0,6,0,1.0,0.5714285714285714,20220730_053000.WAV,Carp Pond
654,20.0,0.55,8,14,8,0,6,0,1.0,0.5714285714285714,20220730_053000.WAV,Carp Pond
655,20.0,0.56,7,14,7,0,7,0,1.0,0.5,20220730_053000.WAV,Carp Pond
656,20.0,0.57,7,14,7,0,7,0,1.0,0.5,20220730_053000.WAV,Carp Pond
657,20.0,0.58,7,14,7,0,7,0,1.0,0.5,20220730_053000.WAV,Carp Pond
658,20.0,0.59,6,14,6,0,8,0,1.0,0.42857142857142855,20220730_053000.WAV,Carp Pond
659,20.0,0.6,6,14,6,0,8,0,1.0,0.42857142857142855,20220730_053000.WAV,Carp Pond
0,0.0,0.01,27279,1100,931,26348,169,0,0.034128817038747754,0.8463636363636363,20220826_070000.WAV,Central Pond
1,0.0,0.02,27256,1100,931,26325,169,0,0.034157616671558554,0.8463636363636363,20220826_070000.WAV,Central Pond
2,0.0,0.03,8333,1100,924,7409,176,0,0.1108844353774151,0.84,20220826_070000.WAV,Central Pond
3,0.0,0.04,3985,1100,908,3077,192,0,0.22785445420326222,0.8254545454545454,20220826_070000.WAV,Central Pond
4,0.0,0.05,2700,1100,897,1803,203,0,0.3322222222222222,0.8154545454545454,20220826_070000.WAV,Central Pond
5,0.0,0.06,2113,1100,891,1222,209,0,0.42167534311405586,0.81,20220826_070000.WAV,Central Pond
6,0.0,0.07,1793,1100,882,911,218,0,0.49191299498047963,0.8018181818181818,20220826_070000.WAV,Central Pond
7,0.0,0.08,1546,1100,875,671,225,0,0.5659767141009056,0.7954545454545454,20220826_070000.WAV,Central Pond
8,0.0,0.09,1390,1100,870,520,230,0,0.6258992805755396,0.7909090909090909,20220826_070000.WAV,Central Pond
9,0.0,0.1,1276,1100,866,410,234,0,0.6786833855799373,0.7872727272727272,20220826_070000.WAV,Central Pond
10,0.0,0.11,1202,1100,861,341,239,0,0.71630615640599,0.7827272727272727,20220826_070000.WAV,Central Pond
11,0.0,0.12,1152,1100,854,298,246,0,0.7413194444444444,0.7763636363636364,20220826_070000.WAV,Central Pond
12,0.0,0.13,1108,1100,851,257,249,0,0.7680505415162455,0.7736363636363637,20220826_070000.WAV,Central Pond
13,0.0,0.14,1079,1100,843,236,257,0,0.7812789620018535,0.7663636363636364,20220826_070000.WAV,Central Pond
14,0.0,0.15,1053,1100,835,218,265,0,0.7929724596391263,0.759090909090909,20220826_070000.WAV,Central Pond
15,0.0,0.16,1034,1100,830,204,270,0,0.8027079303675049,0.7545454545454545,20220826_070000.WAV,Central Pond
16,0.0,0.17,1006,1100,818,188,282,0,0.8131212723658051,0.7436363636363637,20220826_070000.WAV,Central Pond
17,0.0,0.18,980,1100,809,171,291,0,0.8255102040816327,0.7354545454545455,20220826_070000.WAV,Central Pond
18,0.0,0.19,959,1100,801,158,299,0,0.835245046923879,0.7281818181818182,20220826_070000.WAV,Central Pond
19,0.0,0.2,938,1100,793,145,307,0,0.8454157782515992,0.7209090909090909,20220826_070000.WAV,Central Pond
20,0.0,0.21,915,1100,780,135,320,0,0.8524590163934426,0.7090909090909091,20220826_070000.WAV,Central Pond
21,0.0,0.22,887,1100,761,126,339,0,0.8579481397970687,0.6918181818181818,20220826_070000.WAV,Central Pond
22,0.0,0.23,863,1100,744,119,356,0,0.8621089223638471,0.6763636363636364,20220826_070000.WAV,Central Pond
23,0.0,0.24,839,1100,731,108,369,0,0.8712753277711561,0.6645454545454546,20220826_070000.WAV,Central Pond
24,0.0,0.25,813,1100,713,100,387,0,0.8769987699876999,0.6481818181818182,20220826_070000.WAV,Central Pond
25,0.0,0.26,796,1100,700,96,400,0,0.8793969849246231,0.6363636363636364,20220826_070000.WAV,Central Pond
26,0.0,0.27,778,1100,684,94,416,0,0.8791773778920309,0.6218181818181818,20220826_070000.WAV,Central Pond
27,0.0,0.28,755,1100,667,88,433,0,0.8834437086092716,0.6063636363636363,20220826_070000.WAV,Central Pond
28,0.0,0.29,738,1100,653,85,447,0,0.8848238482384824,0.5936363636363636,20220826_070000.WAV,Central Pond
29,0.0,0.3,718,1100,637,81,463,0,0.8871866295264624,0.5790909090909091,20220826_070000.WAV,Central Pond
30,0.0,0.31,705,1100,629,76,471,0,0.8921985815602836,0.5718181818181818,20220826_070000.WAV,Central Pond
31,0.0,0.32,683,1100,612,71,488,0,0.8960468521229868,0.5563636363636364,20220826_070000.WAV,Central Pond
32,0.0,0.33,653,1100,585,68,515,0,0.8958652373660031,0.5318181818181819,20220826_070000.WAV,Central Pond
33,0.0,0.34,619,1100,557,62,543,0,0.8998384491114702,0.5063636363636363,20220826_070000.WAV,Central Pond
34,0.0,0.35,590,1100,534,56,566,0,0.9050847457627119,0.48545454545454547,20220826_070000.WAV,Central Pond
35,0.0,0.36,571,1100,520,51,580,0,0.9106830122591943,0.4727272727272727,20220826_070000.WAV,Central Pond
36,0.0,0.37,559,1100,508,51,592,0,0.9087656529516994,0.4618181818181818,20220826_070000.WAV,Central Pond
37,0.0,0.38,539,1100,489,50,611,0,0.9072356215213359,0.4445454545454545,20220826_070000.WAV,Central Pond
38,0.0,0.39,520,1100,475,45,625,0,0.9134615384615384,0.4318181818181818,20220826_070000.WAV,Central Pond
39,0.0,0.4,491,1100,451,40,649,0,0.9185336048879837,0.41,20220826_070000.WAV,Central Pond
40,0.0,0.41,469,1100,434,35,666,0,0.9253731343283582,0.39454545454545453,20220826_070000.WAV,Central Pond
41,0.0,0.42,442,1100,410,32,690,0,0.9276018099547512,0.37272727272727274,20220826_070000.WAV,Central Pond
42,0.0,0.43,418,1100,390,28,710,0,0.9330143540669856,0.35454545454545455,20220826_070000.WAV,Central Pond
43,0.0,0.44,400,1100,378,22,722,0,0.945,0.34363636363636363,20220826_070000.WAV,Central Pond
44,0.0,0.45,375,1100,356,19,744,0,0.9493333333333334,0.3236363636363636,20220826_070000.WAV,Central Pond
45,0.0,0.46,354,1100,338,16,762,0,0.9548022598870056,0.30727272727272725,20220826_070000.WAV,Central Pond
46,0.0,0.47,333,1100,317,16,783,0,0.9519519519519519,0.2881818181818182,20220826_070000.WAV,Central Pond
47,0.0,0.48,313,1100,302,11,798,0,0.9648562300319489,0.27454545454545454,20220826_070000.WAV,Central Pond
48,0.0,0.49,293,1100,287,6,813,0,0.9795221843003413,0.2609090909090909,20220826_070000.WAV,Central Pond
49,0.0,0.5,272,1100,270,2,830,0,0.9926470588235294,0.24545454545454545,20220826_070000.WAV,Central Pond
50,0.0,0.51,255,1100,254,1,846,0,0.996078431372549,0.2309090909090909,20220826_070000.WAV,Central Pond
51,0.0,0.52,236,1100,235,1,865,0,0.9957627118644068,0.21363636363636362,20220826_070000.WAV,Central Pond
52,0.0,0.53,217,1100,217,0,883,0,1.0,0.19727272727272727,20220826_070000.WAV,Central Pond
53,0.0,0.54,189,1100,189,0,911,0,1.0,0.17181818181818181,20220826_070000.WAV,Central Pond
54,0.0,0.55,171,1100,171,0,929,0,1.0,0.15545454545454546,20220826_070000.WAV,Central Pond
55,0.0,0.56,157,1100,157,0,943,0,1.0,0.14272727272727273,20220826_070000.WAV,Central Pond
56,0.0,0.57,137,1100,137,0,963,0,1.0,0.12454545454545454,20220826_070000.WAV,Central Pond
57,0.0,0.58,123,1100,123,0,977,0,1.0,0.11181818181818182,20220826_070000.WAV,Central Pond
58,0.0,0.59,103,1100,103,0,997,0,1.0,0.09363636363636364,20220826_070000.WAV,Central Pond
59,0.0,0.6,91,1100,91,0,1009,0,1.0,0.08272727272727273,20220826_070000.WAV,Central Pond
60,2.0,0.01,5601,859,739,4862,120,0,0.13194072487055883,0.860302677532014,20220826_070000.WAV,Central Pond
61,2.0,0.02,5601,859,739,4862,120,0,0.13194072487055883,0.860302677532014,20220826_070000.WAV,Central Pond
62,2.0,0.03,3497,859,738,2759,121,0,0.2110380325993709,0.8591385331781141,20220826_070000.WAV,Central Pond
63,2.0,0.04,2482,859,735,1747,124,0,0.2961321514907333,0.8556461001164144,20220826_070000.WAV,Central Pond
64,2.0,0.05,2001,859,730,1271,129,0,0.36481759120439783,0.8498253783469151,20220826_070000.WAV,Central Pond
65,2.0,0.06,1693,859,726,967,133,0,0.4288245717660957,0.8451688009313155,20220826_070000.WAV,Central Pond
66,2.0,0.07,1515,859,721,794,138,0,0.4759075907590759,0.8393480791618161,20220826_070000.WAV,Central Pond
67,2.0,0.08,1343,859,720,623,139,0,0.5361131794489948,0.8381839348079162,20220826_070000.WAV,Central Pond
68,2.0,0.09,1215,859,717,498,142,0,0.5901234567901235,0.8346915017462165,20220826_070000.WAV,Central Pond
69,2.0,0.1,1125,859,716,409,143,0,0.6364444444444445,0.8335273573923166,20220826_070000.WAV,Central Pond
70,2.0,0.11,1075,859,715,360,144,0,0.6651162790697674,0.8323632130384168,20220826_070000.WAV,Central Pond
71,2.0,0.12,1038,859,714,324,145,0,0.6878612716763006,0.8311990686845169,20220826_070000.WAV,Central Pond
72,2.0,0.13,1000,859,714,286,145,0,0.714,0.8311990686845169,20220826_070000.WAV,Central Pond
73,2.0,0.14,980,859,708,272,151,0,0.7224489795918367,0.8242142025611175,20220826_070000.WAV,Central Pond
74,2.0,0.15,960,859,702,258,157,0,0.73125,0.8172293364377182,20220826_070000.WAV,Central Pond
75,2.0,0.16,944,859,701,243,158,0,0.7425847457627118,0.8160651920838184,20220826_070000.WAV,Central Pond
76,2.0,0.17,921,859,692,229,167,0,0.751357220412595,0.8055878928987195,20220826_070000.WAV,Central Pond
77,2.0,0.18,902,859,689,213,170,0,0.7638580931263859,0.8020954598370198,20220826_070000.WAV,Central Pond
78,2.0,0.19,889,859,686,203,173,0,0.7716535433070866,0.7986030267753201,20220826_070000.WAV,Central Pond
79,2.0,0.2,873,859,681,192,178,0,0.7800687285223368,0.7927823050058207,20220826_070000.WAV,Central Pond
80,2.0,0.21,856,859,674,182,185,0,0.7873831775700935,0.7846332945285215,20220826_070000.WAV,Central Pond
81,2.0,0.22,833,859,659,174,200,0,0.7911164465786314,0.7671711292200233,20220826_070000.WAV,Central Pond
82,2.0,0.23,813,859,648,165,211,0,0.7970479704797048,0.7543655413271245,20220826_070000.WAV,Central Pond
83,2.0,0.24,795,859,639,156,220,0,0.8037735849056604,0.7438882421420256,20220826_070000.WAV,Central Pond
84,2.0,0.25,775,859,627,148,232,0,0.8090322580645162,0.729918509895227,20220826_070000.WAV,Central Pond
85,2.0,0.26,761,859,618,143,241,0,0.812089356110381,0.719441210710128,20220826_070000.WAV,Central Pond
86,2.0,0.27,746,859,607,139,252,0,0.8136729222520107,0.7066356228172294,20220826_070000.WAV,Central Pond
87,2.0,0.28,726,859,595,131,264,0,0.8195592286501377,0.6926658905704307,20220826_070000.WAV,Central Pond
88,2.0,0.29,710,859,584,126,275,0,0.8225352112676056,0.6798603026775321,20220826_070000.WAV,Central Pond
89,2.0,0.3,692,859,572,120,287,0,0.8265895953757225,0.6658905704307334,20220826_070000.WAV,Central Pond
90,2.0,0.31,680,859,565,115,294,0,0.8308823529411765,0.6577415599534342,20220826_070000.WAV,Central Pond
91,2.0,0.32,662,859,552,110,307,0,0.8338368580060423,0.6426076833527358,20220826_070000.WAV,Central Pond
92,2.0,0.33,634,859,530,104,329,0,0.8359621451104101,0.6169965075669382,20220826_070000.WAV,Central Pond
93,2.0,0.34,605,859,511,94,348,0,0.8446280991735537,0.5948777648428405,20220826_070000.WAV,Central Pond
94,2.0,0.35,580,859,495,85,364,0,0.853448275862069,0.5762514551804424,20220826_070000.WAV,Central Pond
95,2.0,0.36,562,859,484,78,375,0,0.8612099644128114,0.5634458672875436,20220826_070000.WAV,Central Pond
96,2.0,0.37,551,859,474,77,385,0,0.8602540834845736,0.5518044237485448,20220826_070000.WAV,Central Pond
97,2.0,0.38,532,859,458,74,401,0,0.8609022556390977,0.5331781140861467,20220826_070000.WAV,Central Pond
98,2.0,0.39,514,859,445,69,414,0,0.8657587548638133,0.5180442374854481,20220826_070000.WAV,Central Pond
99,2.0,0.4,485,859,427,58,432,0,0.8804123711340206,0.4970896391152503,20220826_070000.WAV,Central Pond
100,2.0,0.41,464,859,412,52,447,0,0.8879310344827587,0.479627473806752,20220826_070000.WAV,Central Pond
101,2.0,0.42,439,859,392,47,467,0,0.8929384965831435,0.4563445867287544,20220826_070000.WAV,Central Pond
102,2.0,0.43,416,859,374,42,485,0,0.8990384615384616,0.43538998835855647,20220826_070000.WAV,Central Pond
103,2.0,0.44,399,859,365,34,494,0,0.9147869674185464,0.42491268917345754,20220826_070000.WAV,Central Pond
104,2.0,0.45,374,859,346,28,513,0,0.9251336898395722,0.40279394644935973,20220826_070000.WAV,Central Pond
105,2.0,0.46,353,859,330,23,529,0,0.9348441926345609,0.3841676367869616,20220826_070000.WAV,Central Pond
106,2.0,0.47,332,859,309,23,550,0,0.9307228915662651,0.359720605355064,20220826_070000.WAV,Central Pond
107,2.0,0.48,312,859,294,18,565,0,0.9423076923076923,0.34225844004656575,20220826_070000.WAV,Central Pond
108,2.0,0.49,292,859,282,10,577,0,0.9657534246575342,0.32828870779976715,20220826_070000.WAV,Central Pond
109,2.0,0.5,271,859,269,2,590,0,0.992619926199262,0.3131548311990687,20220826_070000.WAV,Central Pond
110,2.0,0.51,255,859,254,1,605,0,0.996078431372549,0.2956926658905704,20220826_070000.WAV,Central Pond
111,2.0,0.52,236,859,235,1,624,0,0.9957627118644068,0.27357392316647267,20220826_070000.WAV,Central Pond
112,2.0,0.53,217,859,217,0,642,0,1.0,0.25261932479627475,20220826_070000.WAV,Central Pond
113,2.0,0.54,189,859,189,0,670,0,1.0,0.220023282887078,20220826_070000.WAV,Central Pond
114,2.0,0.55,171,859,171,0,688,0,1.0,0.1990686845168801,20220826_070000.WAV,Central Pond
115,2.0,0.56,157,859,157,0,702,0,1.0,0.18277066356228172,20220826_070000.WAV,Central Pond
116,2.0,0.57,137,859,137,0,722,0,1.0,0.15948777648428406,20220826_070000.WAV,Central Pond
117,2.0,0.58,123,859,123,0,736,0,1.0,0.14318975552968569,20220826_070000.WAV,Central Pond
118,2.0,0.59,103,859,103,0,756,0,1.0,0.119906868451688,20220826_070000.WAV,Central Pond
119,2.0,0.6,91,859,91,0,768,0,1.0,0.10593713620488941,20220826_070000.WAV,Central Pond
120,4.0,0.01,2350,591,521,1829,70,0,0.22170212765957448,0.8815566835871405,20220826_070000.WAV,Central Pond
121,4.0,0.02,2350,591,521,1829,70,0,0.22170212765957448,0.8815566835871405,20220826_070000.WAV,Central Pond
122,4.0,0.03,2052,591,521,1531,70,0,0.25389863547758285,0.8815566835871405,20220826_070000.WAV,Central Pond
123,4.0,0.04,1713,591,520,1193,71,0,0.30356100408639813,0.8798646362098139,20220826_070000.WAV,Central Pond
124,4.0,0.05,1473,591,519,954,72,0,0.35234215885947046,0.8781725888324873,20220826_070000.WAV,Central Pond
125,4.0,0.06,1284,591,517,767,74,0,0.40264797507788164,0.8747884940778342,20220826_070000.WAV,Central Pond
126,4.0,0.07,1162,591,517,645,74,0,0.4449225473321859,0.8747884940778342,20220826_070000.WAV,Central Pond
127,4.0,0.08,1049,591,517,532,74,0,0.49285033365109626,0.8747884940778342,20220826_070000.WAV,Central Pond
128,4.0,0.09,952,591,517,435,74,0,0.5430672268907563,0.8747884940778342,20220826_070000.WAV,Central Pond
129,4.0,0.1,879,591,516,363,75,0,0.5870307167235495,0.8730964467005076,20220826_070000.WAV,Central Pond
130,4.0,0.11,838,591,516,322,75,0,0.6157517899761337,0.8730964467005076,20220826_070000.WAV,Central Pond
131,4.0,0.12,815,591,516,299,75,0,0.6331288343558282,0.8730964467005076,20220826_070000.WAV,Central Pond
132,4.0,0.13,789,591,516,273,75,0,0.6539923954372624,0.8730964467005076,20220826_070000.WAV,Central Pond
133,4.0,0.14,776,591,512,264,79,0,0.6597938144329897,0.8663282571912013,20220826_070000.WAV,Central Pond
134,4.0,0.15,766,591,512,254,79,0,0.6684073107049608,0.8663282571912013,20220826_070000.WAV,Central Pond
135,4.0,0.16,758,591,511,247,80,0,0.6741424802110818,0.8646362098138748,20220826_070000.WAV,Central Pond
136,4.0,0.17,746,591,510,236,81,0,0.6836461126005362,0.8629441624365483,20220826_070000.WAV,Central Pond
137,4.0,0.18,738,591,510,228,81,0,0.6910569105691057,0.8629441624365483,20220826_070000.WAV,Central Pond
138,4.0,0.19,730,591,510,220,81,0,0.6986301369863014,0.8629441624365483,20220826_070000.WAV,Central Pond
139,4.0,0.2,722,591,510,212,81,0,0.7063711911357341,0.8629441624365483,20220826_070000.WAV,Central Pond
140,4.0,0.21,715,591,507,208,84,0,0.7090909090909091,0.8578680203045685,20220826_070000.WAV,Central Pond
141,4.0,0.22,699,591,502,197,89,0,0.7181688125894135,0.8494077834179357,20220826_070000.WAV,Central Pond
142,4.0,0.23,688,591,500,188,91,0,0.7267441860465116,0.8460236886632826,20220826_070000.WAV,Central Pond
143,4.0,0.24,678,591,495,183,96,0,0.7300884955752213,0.8375634517766497,20220826_070000.WAV,Central Pond
144,4.0,0.25,667,591,494,173,97,0,0.7406296851574213,0.8358714043993232,20220826_070000.WAV,Central Pond
145,4.0,0.26,657,591,489,168,102,0,0.7442922374429224,0.8274111675126904,20220826_070000.WAV,Central Pond
146,4.0,0.27,645,591,482,163,109,0,0.7472868217054264,0.8155668358714044,20220826_070000.WAV,Central Pond
147,4.0,0.28,630,591,475,155,116,0,0.753968253968254,0.8037225042301185,20220826_070000.WAV,Central Pond
148,4.0,0.29,618,591,470,148,121,0,0.7605177993527508,0.7952622673434856,20220826_070000.WAV,Central Pond
149,4.0,0.3,606,591,460,146,131,0,0.759075907590759,0.7783417935702199,20220826_070000.WAV,Central Pond
150,4.0,0.31,596,591,455,141,136,0,0.7634228187919463,0.7698815566835872,20220826_070000.WAV,Central Pond
151,4.0,0.32,583,591,446,137,145,0,0.7650085763293311,0.754653130287648,20220826_070000.WAV,Central Pond
152,4.0,0.33,561,591,434,127,157,0,0.7736185383244206,0.7343485617597293,20220826_070000.WAV,Central Pond
153,4.0,0.34,540,591,420,120,171,0,0.7777777777777778,0.7106598984771574,20220826_070000.WAV,Central Pond
154,4.0,0.35,518,591,411,107,180,0,0.7934362934362934,0.6954314720812182,20220826_070000.WAV,Central Pond
155,4.0,0.36,503,591,403,100,188,0,0.8011928429423459,0.6818950930626058,20220826_070000.WAV,Central Pond
156,4.0,0.37,493,591,395,98,196,0,0.8012170385395537,0.6683587140439933,20220826_070000.WAV,Central Pond
157,4.0,0.38,478,591,383,95,208,0,0.801255230125523,0.6480541455160744,20220826_070000.WAV,Central Pond
158,4.0,0.39,462,591,375,87,216,0,0.8116883116883117,0.6345177664974619,20220826_070000.WAV,Central Pond
159,4.0,0.4,440,591,363,77,228,0,0.825,0.6142131979695431,20220826_070000.WAV,Central Pond
160,4.0,0.41,424,591,353,71,238,0,0.8325471698113207,0.5972927241962775,20220826_070000.WAV,Central Pond
161,4.0,0.42,404,591,340,64,251,0,0.8415841584158416,0.5752961082910322,20220826_070000.WAV,Central Pond
162,4.0,0.43,383,591,327,56,264,0,0.8537859007832899,0.5532994923857868,20220826_070000.WAV,Central Pond
163,4.0,0.44,369,591,322,47,269,0,0.8726287262872628,0.544839255499154,20220826_070000.WAV,Central Pond
164,4.0,0.45,349,591,308,41,283,0,0.8825214899713467,0.5211505922165821,20220826_070000.WAV,Central Pond
165,4.0,0.46,330,591,297,33,294,0,0.9,0.5025380710659898,20220826_070000.WAV,Central Pond
166,4.0,0.47,310,591,282,28,309,0,0.9096774193548387,0.47715736040609136,20220826_070000.WAV,Central Pond
167,4.0,0.48,293,591,274,19,317,0,0.9351535836177475,0.46362098138747887,20220826_070000.WAV,Central Pond
168,4.0,0.49,276,591,265,11,326,0,0.9601449275362319,0.44839255499153974,20220826_070000.WAV,Central Pond
169,4.0,0.5,259,591,257,2,334,0,0.9922779922779923,0.43485617597292725,20220826_070000.WAV,Central Pond
170,4.0,0.51,245,591,244,1,347,0,0.9959183673469387,0.4128595600676819,20220826_070000.WAV,Central Pond
171,4.0,0.52,227,591,226,1,365,0,0.9955947136563876,0.3824027072758037,20220826_070000.WAV,Central Pond
172,4.0,0.53,212,591,211,1,380,0,0.9952830188679245,0.3570219966159052,20220826_070000.WAV,Central Pond
173,4.0,0.54,186,591,186,0,405,0,1.0,0.3147208121827411,20220826_070000.WAV,Central Pond
174,4.0,0.55,169,591,169,0,422,0,1.0,0.2859560067681895,20220826_070000.WAV,Central Pond
175,4.0,0.56,155,591,155,0,436,0,1.0,0.2622673434856176,20220826_070000.WAV,Central Pond
176,4.0,0.57,135,591,135,0,456,0,1.0,0.22842639593908629,20220826_070000.WAV,Central Pond
177,4.0,0.58,122,591,122,0,469,0,1.0,0.20642978003384094,20220826_070000.WAV,Central Pond
178,4.0,0.59,102,591,102,0,489,0,1.0,0.17258883248730963,20220826_070000.WAV,Central Pond
179,4.0,0.6,90,591,90,0,501,0,1.0,0.15228426395939088,20220826_070000.WAV,Central Pond
180,6.0,0.01,1466,455,408,1058,47,0,0.2783083219645293,0.8967032967032967,20220826_070000.WAV,Central Pond
181,6.0,0.02,1466,455,408,1058,47,0,0.2783083219645293,0.8967032967032967,20220826_070000.WAV,Central Pond
182,6.0,0.03,1362,455,408,954,47,0,0.29955947136563876,0.8967032967032967,20220826_070000.WAV,Central Pond
183,6.0,0.04,1220,455,408,812,47,0,0.3344262295081967,0.8967032967032967,20220826_070000.WAV,Central Pond
184,6.0,0.05,1088,455,407,681,48,0,0.3740808823529412,0.8945054945054945,20220826_070000.WAV,Central Pond
185,6.0,0.06,965,455,406,559,49,0,0.42072538860103625,0.8923076923076924,20220826_070000.WAV,Central Pond
186,6.0,0.07,887,455,406,481,49,0,0.4577226606538895,0.8923076923076924,20220826_070000.WAV,Central Pond
187,6.0,0.08,813,455,406,407,49,0,0.4993849938499385,0.8923076923076924,20220826_070000.WAV,Central Pond
188,6.0,0.09,735,455,406,329,49,0,0.5523809523809524,0.8923076923076924,20220826_070000.WAV,Central Pond
189,6.0,0.1,670,455,405,265,50,0,0.6044776119402985,0.8901098901098901,20220826_070000.WAV,Central Pond
190,6.0,0.11,632,455,405,227,50,0,0.6408227848101266,0.8901098901098901,20220826_070000.WAV,Central Pond
191,6.0,0.12,614,455,405,209,50,0,0.6596091205211726,0.8901098901098901,20220826_070000.WAV,Central Pond
192,6.0,0.13,590,455,405,185,50,0,0.6864406779661016,0.8901098901098901,20220826_070000.WAV,Central Pond
193,6.0,0.14,581,455,403,178,52,0,0.693631669535284,0.8857142857142857,20220826_070000.WAV,Central Pond
194,6.0,0.15,574,455,403,171,52,0,0.7020905923344948,0.8857142857142857,20220826_070000.WAV,Central Pond
195,6.0,0.16,567,455,403,164,52,0,0.7107583774250441,0.8857142857142857,20220826_070000.WAV,Central Pond
196,6.0,0.17,562,455,403,159,52,0,0.7170818505338078,0.8857142857142857,20220826_070000.WAV,Central Pond
197,6.0,0.18,555,455,403,152,52,0,0.7261261261261261,0.8857142857142857,20220826_070000.WAV,Central Pond
198,6.0,0.19,552,455,403,149,52,0,0.730072463768116,0.8857142857142857,20220826_070000.WAV,Central Pond
199,6.0,0.2,548,455,403,145,52,0,0.7354014598540146,0.8857142857142857,20220826_070000.WAV,Central Pond
200,6.0,0.21,546,455,402,144,53,0,0.7362637362637363,0.8835164835164835,20220826_070000.WAV,Central Pond
201,6.0,0.22,539,455,401,138,54,0,0.7439703153988868,0.8813186813186813,20220826_070000.WAV,Central Pond
202,6.0,0.23,535,455,400,135,55,0,0.7476635514018691,0.8791208791208791,20220826_070000.WAV,Central Pond
203,6.0,0.24,529,455,399,130,56,0,0.7542533081285444,0.8769230769230769,20220826_070000.WAV,Central Pond
204,6.0,0.25,525,455,398,127,57,0,0.758095238095238,0.8747252747252747,20220826_070000.WAV,Central Pond
205,6.0,0.26,520,455,397,123,58,0,0.7634615384615384,0.8725274725274725,20220826_070000.WAV,Central Pond
206,6.0,0.27,513,455,393,120,62,0,0.7660818713450293,0.8637362637362638,20220826_070000.WAV,Central Pond
207,6.0,0.28,505,455,392,113,63,0,0.7762376237623763,0.8615384615384616,20220826_070000.WAV,Central Pond
208,6.0,0.29,499,455,388,111,67,0,0.7775551102204409,0.8527472527472527,20220826_070000.WAV,Central Pond
209,6.0,0.3,491,455,384,107,71,0,0.7820773930753564,0.843956043956044,20220826_070000.WAV,Central Pond
210,6.0,0.31,485,455,380,105,75,0,0.7835051546391752,0.8351648351648352,20220826_070000.WAV,Central Pond
211,6.0,0.32,474,455,373,101,82,0,0.7869198312236287,0.8197802197802198,20220826_070000.WAV,Central Pond
212,6.0,0.33,461,455,361,100,94,0,0.7830802603036876,0.7934065934065934,20220826_070000.WAV,Central Pond
213,6.0,0.34,445,455,353,92,102,0,0.7932584269662921,0.7758241758241758,20220826_070000.WAV,Central Pond
214,6.0,0.35,432,455,347,85,108,0,0.8032407407407407,0.7626373626373626,20220826_070000.WAV,Central Pond
215,6.0,0.36,420,455,340,80,115,0,0.8095238095238095,0.7472527472527473,20220826_070000.WAV,Central Pond
216,6.0,0.37,412,455,335,77,120,0,0.8131067961165048,0.7362637362637363,20220826_070000.WAV,Central Pond
217,6.0,0.38,399,455,328,71,127,0,0.8220551378446115,0.7208791208791209,20220826_070000.WAV,Central Pond
218,6.0,0.39,388,455,320,68,135,0,0.8247422680412371,0.7032967032967034,20220826_070000.WAV,Central Pond
219,6.0,0.4,371,455,312,59,143,0,0.8409703504043127,0.6857142857142857,20220826_070000.WAV,Central Pond
220,6.0,0.41,358,455,305,53,150,0,0.8519553072625698,0.6703296703296703,20220826_070000.WAV,Central Pond
221,6.0,0.42,344,455,295,49,160,0,0.8575581395348837,0.6483516483516484,20220826_070000.WAV,Central Pond
222,6.0,0.43,330,455,285,45,170,0,0.8636363636363636,0.6263736263736264,20220826_070000.WAV,Central Pond
223,6.0,0.44,321,455,280,41,175,0,0.8722741433021807,0.6153846153846154,20220826_070000.WAV,Central Pond
224,6.0,0.45,302,455,268,34,187,0,0.8874172185430463,0.589010989010989,20220826_070000.WAV,Central Pond
225,6.0,0.46,288,455,259,29,196,0,0.8993055555555556,0.5692307692307692,20220826_070000.WAV,Central Pond
226,6.0,0.47,271,455,248,23,207,0,0.915129151291513,0.545054945054945,20220826_070000.WAV,Central Pond
227,6.0,0.48,258,455,241,17,214,0,0.9341085271317829,0.5296703296703297,20220826_070000.WAV,Central Pond
228,6.0,0.49,244,455,234,10,221,0,0.9590163934426229,0.5142857142857142,20220826_070000.WAV,Central Pond
229,6.0,0.5,230,455,229,1,226,0,0.9956521739130435,0.5032967032967033,20220826_070000.WAV,Central Pond
230,6.0,0.51,217,455,217,0,238,0,1.0,0.47692307692307695,20220826_070000.WAV,Central Pond
231,6.0,0.52,204,455,204,0,251,0,1.0,0.44835164835164837,20220826_070000.WAV,Central Pond
232,6.0,0.53,190,455,190,0,265,0,1.0,0.4175824175824176,20220826_070000.WAV,Central Pond
233,6.0,0.54,169,455,169,0,286,0,1.0,0.37142857142857144,20220826_070000.WAV,Central Pond
234,6.0,0.55,155,455,155,0,300,0,1.0,0.34065934065934067,20220826_070000.WAV,Central Pond
235,6.0,0.56,143,455,143,0,312,0,1.0,0.3142857142857143,20220826_070000.WAV,Central Pond
236,6.0,0.57,126,455,126,0,329,0,1.0,0.27692307692307694,20220826_070000.WAV,Central Pond
237,6.0,0.58,116,455,116,0,339,0,1.0,0.2549450549450549,20220826_070000.WAV,Central Pond
238,6.0,0.59,98,455,98,0,357,0,1.0,0.2153846153846154,20220826_070000.WAV,Central Pond
239,6.0,0.6,86,455,86,0,369,0,1.0,0.189010989010989,20220826_070000.WAV,Central Pond
240,8.0,0.01,978,357,323,655,34,0,0.33026584867075665,0.9047619047619048,20220826_070000.WAV,Central Pond
241,8.0,0.02,978,357,323,655,34,0,0.33026584867075665,0.9047619047619048,20220826_070000.WAV,Central Pond
242,8.0,0.03,935,357,323,612,34,0,0.34545454545454546,0.9047619047619048,20220826_070000.WAV,Central Pond
243,8.0,0.04,870,357,323,547,34,0,0.37126436781609196,0.9047619047619048,20220826_070000.WAV,Central Pond
244,8.0,0.05,802,357,323,479,34,0,0.4027431421446384,0.9047619047619048,20220826_070000.WAV,Central Pond
245,8.0,0.06,738,357,323,415,34,0,0.43766937669376693,0.9047619047619048,20220826_070000.WAV,Central Pond
246,8.0,0.07,690,357,323,367,34,0,0.4681159420289855,0.9047619047619048,20220826_070000.WAV,Central Pond
247,8.0,0.08,643,357,323,320,34,0,0.5023328149300156,0.9047619047619048,20220826_070000.WAV,Central Pond
248,8.0,0.09,580,357,323,257,34,0,0.5568965517241379,0.9047619047619048,20220826_070000.WAV,Central Pond
249,8.0,0.1,530,357,322,208,35,0,0.6075471698113207,0.9019607843137255,20220826_070000.WAV,Central Pond
250,8.0,0.11,502,357,322,180,35,0,0.6414342629482072,0.9019607843137255,20220826_070000.WAV,Central Pond
251,8.0,0.12,487,357,322,165,35,0,0.6611909650924025,0.9019607843137255,20220826_070000.WAV,Central Pond
252,8.0,0.13,465,357,322,143,35,0,0.6924731182795699,0.9019607843137255,20220826_070000.WAV,Central Pond
253,8.0,0.14,460,357,322,138,35,0,0.7,0.9019607843137255,20220826_070000.WAV,Central Pond
254,8.0,0.15,453,357,322,131,35,0,0.7108167770419426,0.9019607843137255,20220826_070000.WAV,Central Pond
255,8.0,0.16,450,357,322,128,35,0,0.7155555555555555,0.9019607843137255,20220826_070000.WAV,Central Pond
256,8.0,0.17,448,357,322,126,35,0,0.71875,0.9019607843137255,20220826_070000.WAV,Central Pond
257,8.0,0.18,442,357,322,120,35,0,0.7285067873303167,0.9019607843137255,20220826_070000.WAV,Central Pond
258,8.0,0.19,440,357,322,118,35,0,0.7318181818181818,0.9019607843137255,20220826_070000.WAV,Central Pond
259,8.0,0.2,439,357,322,117,35,0,0.7334851936218679,0.9019607843137255,20220826_070000.WAV,Central Pond
260,8.0,0.21,437,357,322,115,35,0,0.7368421052631579,0.9019607843137255,20220826_070000.WAV,Central Pond
261,8.0,0.22,433,357,322,111,35,0,0.74364896073903,0.9019607843137255,20220826_070000.WAV,Central Pond
262,8.0,0.23,430,357,322,108,35,0,0.7488372093023256,0.9019607843137255,20220826_070000.WAV,Central Pond
263,8.0,0.24,427,357,321,106,36,0,0.7517564402810304,0.8991596638655462,20220826_070000.WAV,Central Pond
264,8.0,0.25,425,357,321,104,36,0,0.7552941176470588,0.8991596638655462,20220826_070000.WAV,Central Pond
265,8.0,0.26,421,357,320,101,37,0,0.7600950118764845,0.896358543417367,20220826_070000.WAV,Central Pond
266,8.0,0.27,417,357,319,98,38,0,0.7649880095923262,0.8935574229691877,20220826_070000.WAV,Central Pond
267,8.0,0.28,413,357,318,95,39,0,0.7699757869249395,0.8907563025210085,20220826_070000.WAV,Central Pond
268,8.0,0.29,409,357,315,94,42,0,0.7701711491442543,0.8823529411764706,20220826_070000.WAV,Central Pond
269,8.0,0.3,403,357,312,91,45,0,0.7741935483870968,0.8739495798319328,20220826_070000.WAV,Central Pond
270,8.0,0.31,399,357,310,89,47,0,0.7769423558897243,0.8683473389355743,20220826_070000.WAV,Central Pond
271,8.0,0.32,393,357,307,86,50,0,0.7811704834605598,0.8599439775910365,20220826_070000.WAV,Central Pond
272,8.0,0.33,382,357,297,85,60,0,0.7774869109947644,0.8319327731092437,20220826_070000.WAV,Central Pond
273,8.0,0.34,369,357,289,80,68,0,0.7831978319783198,0.8095238095238095,20220826_070000.WAV,Central Pond
274,8.0,0.35,362,357,285,77,72,0,0.787292817679558,0.7983193277310925,20220826_070000.WAV,Central Pond
275,8.0,0.36,353,357,279,74,78,0,0.7903682719546742,0.7815126050420168,20220826_070000.WAV,Central Pond
276,8.0,0.37,346,357,275,71,82,0,0.7947976878612717,0.7703081232492998,20220826_070000.WAV,Central Pond
277,8.0,0.38,334,357,270,64,87,0,0.8083832335329342,0.7563025210084033,20220826_070000.WAV,Central Pond
278,8.0,0.39,326,357,265,61,92,0,0.8128834355828221,0.742296918767507,20220826_070000.WAV,Central Pond
279,8.0,0.4,312,357,258,54,99,0,0.8269230769230769,0.7226890756302521,20220826_070000.WAV,Central Pond
280,8.0,0.41,301,357,253,48,104,0,0.840531561461794,0.7086834733893558,20220826_070000.WAV,Central Pond
281,8.0,0.42,291,357,246,45,111,0,0.845360824742268,0.6890756302521008,20220826_070000.WAV,Central Pond
282,8.0,0.43,277,357,239,38,118,0,0.8628158844765343,0.6694677871148459,20220826_070000.WAV,Central Pond
283,8.0,0.44,270,357,235,35,122,0,0.8703703703703703,0.6582633053221288,20220826_070000.WAV,Central Pond
284,8.0,0.45,255,357,225,30,132,0,0.8823529411764706,0.6302521008403361,20220826_070000.WAV,Central Pond
285,8.0,0.46,241,357,218,23,139,0,0.9045643153526971,0.6106442577030813,20220826_070000.WAV,Central Pond
286,8.0,0.47,229,357,214,15,143,0,0.9344978165938864,0.5994397759103641,20220826_070000.WAV,Central Pond
287,8.0,0.48,217,357,210,7,147,0,0.967741935483871,0.5882352941176471,20220826_070000.WAV,Central Pond
288,8.0,0.49,207,357,203,4,154,0,0.9806763285024155,0.5686274509803921,20220826_070000.WAV,Central Pond
289,8.0,0.5,198,357,198,0,159,0,1.0,0.5546218487394958,20220826_070000.WAV,Central Pond
290,8.0,0.51,190,357,190,0,167,0,1.0,0.5322128851540616,20220826_070000.WAV,Central Pond
291,8.0,0.52,180,357,180,0,177,0,1.0,0.5042016806722689,20220826_070000.WAV,Central Pond
292,8.0,0.53,167,357,167,0,190,0,1.0,0.4677871148459384,20220826_070000.WAV,Central Pond
293,8.0,0.54,147,357,147,0,210,0,1.0,0.4117647058823529,20220826_070000.WAV,Central Pond
294,8.0,0.55,137,357,137,0,220,0,1.0,0.38375350140056025,20220826_070000.WAV,Central Pond
295,8.0,0.56,126,357,126,0,231,0,1.0,0.35294117647058826,20220826_070000.WAV,Central Pond
296,8.0,0.57,110,357,110,0,247,0,1.0,0.3081232492997199,20220826_070000.WAV,Central Pond
297,8.0,0.58,103,357,103,0,254,0,1.0,0.28851540616246496,20220826_070000.WAV,Central Pond
298,8.0,0.59,88,357,88,0,269,0,1.0,0.24649859943977592,20220826_070000.WAV,Central Pond
299,8.0,0.6,78,357,78,0,279,0,1.0,0.2184873949579832,20220826_070000.WAV,Central Pond
300,10.0,0.01,648,266,241,407,25,0,0.37191358024691357,0.9060150375939849,20220826_070000.WAV,Central Pond
301,10.0,0.02,648,266,241,407,25,0,0.37191358024691357,0.9060150375939849,20220826_070000.WAV,Central Pond
302,10.0,0.03,631,266,241,390,25,0,0.38193343898573695,0.9060150375939849,20220826_070000.WAV,Central Pond
303,10.0,0.04,602,266,241,361,25,0,0.4003322259136213,0.9060150375939849,20220826_070000.WAV,Central Pond
304,10.0,0.05,565,266,241,324,25,0,0.4265486725663717,0.9060150375939849,20220826_070000.WAV,Central Pond
305,10.0,0.06,536,266,241,295,25,0,0.4496268656716418,0.9060150375939849,20220826_070000.WAV,Central Pond
306,10.0,0.07,508,266,241,267,25,0,0.4744094488188976,0.9060150375939849,20220826_070000.WAV,Central Pond
307,10.0,0.08,477,266,241,236,25,0,0.5052410901467506,0.9060150375939849,20220826_070000.WAV,Central Pond
308,10.0,0.09,434,266,241,193,25,0,0.5552995391705069,0.9060150375939849,20220826_070000.WAV,Central Pond
309,10.0,0.1,395,266,241,154,25,0,0.610126582278481,0.9060150375939849,20220826_070000.WAV,Central Pond
310,10.0,0.11,375,266,241,134,25,0,0.6426666666666667,0.9060150375939849,20220826_070000.WAV,Central Pond
311,10.0,0.12,365,266,241,124,25,0,0.6602739726027397,0.9060150375939849,20220826_070000.WAV,Central Pond
312,10.0,0.13,347,266,241,106,25,0,0.6945244956772334,0.9060150375939849,20220826_070000.WAV,Central Pond
313,10.0,0.14,345,266,241,104,25,0,0.6985507246376812,0.9060150375939849,20220826_070000.WAV,Central Pond
314,10.0,0.15,340,266,241,99,25,0,0.7088235294117647,0.9060150375939849,20220826_070000.WAV,Central Pond
315,10.0,0.16,337,266,241,96,25,0,0.7151335311572701,0.9060150375939849,20220826_070000.WAV,Central Pond
316,10.0,0.17,335,266,241,94,25,0,0.7194029850746269,0.9060150375939849,20220826_070000.WAV,Central Pond
317,10.0,0.18,331,266,241,90,25,0,0.7280966767371602,0.9060150375939849,20220826_070000.WAV,Central Pond
318,10.0,0.19,329,266,241,88,25,0,0.7325227963525835,0.9060150375939849,20220826_070000.WAV,Central Pond
319,10.0,0.2,328,266,241,87,25,0,0.7347560975609756,0.9060150375939849,20220826_070000.WAV,Central Pond
320,10.0,0.21,327,266,241,86,25,0,0.7370030581039755,0.9060150375939849,20220826_070000.WAV,Central Pond
321,10.0,0.22,326,266,241,85,25,0,0.7392638036809815,0.9060150375939849,20220826_070000.WAV,Central Pond
322,10.0,0.23,325,266,241,84,25,0,0.7415384615384616,0.9060150375939849,20220826_070000.WAV,Central Pond
323,10.0,0.24,324,266,240,84,26,0,0.7407407407407407,0.9022556390977443,20220826_070000.WAV,Central Pond
324,10.0,0.25,324,266,240,84,26,0,0.7407407407407407,0.9022556390977443,20220826_070000.WAV,Central Pond
325,10.0,0.26,321,266,240,81,26,0,0.7476635514018691,0.9022556390977443,20220826_070000.WAV,Central Pond
326,10.0,0.27,319,266,240,79,26,0,0.7523510971786834,0.9022556390977443,20220826_070000.WAV,Central Pond
327,10.0,0.28,317,266,239,78,27,0,0.7539432176656151,0.8984962406015038,20220826_070000.WAV,Central Pond
328,10.0,0.29,314,266,239,75,27,0,0.7611464968152867,0.8984962406015038,20220826_070000.WAV,Central Pond
329,10.0,0.3,311,266,236,75,30,0,0.7588424437299035,0.8872180451127819,20220826_070000.WAV,Central Pond
330,10.0,0.31,309,266,235,74,31,0,0.7605177993527508,0.8834586466165414,20220826_070000.WAV,Central Pond
331,10.0,0.32,305,266,233,72,33,0,0.7639344262295082,0.8759398496240601,20220826_070000.WAV,Central Pond
332,10.0,0.33,294,266,226,68,40,0,0.7687074829931972,0.849624060150376,20220826_070000.WAV,Central Pond
333,10.0,0.34,284,266,222,62,44,0,0.7816901408450704,0.8345864661654135,20220826_070000.WAV,Central Pond
334,10.0,0.35,278,266,220,58,46,0,0.7913669064748201,0.8270676691729323,20220826_070000.WAV,Central Pond
335,10.0,0.36,270,266,215,55,51,0,0.7962962962962963,0.8082706766917294,20220826_070000.WAV,Central Pond
336,10.0,0.37,265,266,211,54,55,0,0.7962264150943397,0.793233082706767,20220826_070000.WAV,Central Pond
337,10.0,0.38,260,266,209,51,57,0,0.8038461538461539,0.7857142857142857,20220826_070000.WAV,Central Pond
338,10.0,0.39,255,266,205,50,61,0,0.803921568627451,0.7706766917293233,20220826_070000.WAV,Central Pond
339,10.0,0.4,243,266,199,44,67,0,0.8189300411522634,0.7481203007518797,20220826_070000.WAV,Central Pond
340,10.0,0.41,236,266,195,41,71,0,0.826271186440678,0.7330827067669173,20220826_070000.WAV,Central Pond
341,10.0,0.42,227,266,190,37,76,0,0.8370044052863436,0.7142857142857143,20220826_070000.WAV,Central Pond
342,10.0,0.43,216,266,186,30,80,0,0.8611111111111112,0.6992481203007519,20220826_070000.WAV,Central Pond
343,10.0,0.44,211,266,183,28,83,0,0.8672985781990521,0.6879699248120301,20220826_070000.WAV,Central Pond
344,10.0,0.45,197,266,175,22,91,0,0.8883248730964467,0.6578947368421053,20220826_070000.WAV,Central Pond
345,10.0,0.46,188,266,170,18,96,0,0.9042553191489362,0.6390977443609023,20220826_070000.WAV,Central Pond
346,10.0,0.47,182,266,167,15,99,0,0.9175824175824175,0.6278195488721805,20220826_070000.WAV,Central Pond
347,10.0,0.48,173,266,165,8,101,0,0.953757225433526,0.6203007518796992,20220826_070000.WAV,Central Pond
348,10.0,0.49,164,266,160,4,106,0,0.975609756097561,0.6015037593984962,20220826_070000.WAV,Central Pond
349,10.0,0.5,157,266,157,0,109,0,1.0,0.5902255639097744,20220826_070000.WAV,Central Pond
350,10.0,0.51,150,266,150,0,116,0,1.0,0.5639097744360902,20220826_070000.WAV,Central Pond
351,10.0,0.52,142,266,142,0,124,0,1.0,0.5338345864661654,20220826_070000.WAV,Central Pond
352,10.0,0.53,133,266,133,0,133,0,1.0,0.5,20220826_070000.WAV,Central Pond
353,10.0,0.54,120,266,120,0,146,0,1.0,0.45112781954887216,20220826_070000.WAV,Central Pond
354,10.0,0.55,113,266,113,0,153,0,1.0,0.424812030075188,20220826_070000.WAV,Central Pond
355,10.0,0.56,105,266,105,0,161,0,1.0,0.39473684210526316,20220826_070000.WAV,Central Pond
356,10.0,0.57,92,266,92,0,174,0,1.0,0.3458646616541353,20220826_070000.WAV,Central Pond
357,10.0,0.58,87,266,87,0,179,0,1.0,0.32706766917293234,20220826_070000.WAV,Central Pond
358,10.0,0.59,74,266,74,0,192,0,1.0,0.2781954887218045,20220826_070000.WAV,Central Pond
359,10.0,0.6,69,266,69,0,197,0,1.0,0.2593984962406015,20220826_070000.WAV,Central Pond
360,12.0,0.01,452,212,195,257,17,0,0.4314159292035398,0.9198113207547169,20220826_070000.WAV,Central Pond
361,12.0,0.02,452,212,195,257,17,0,0.4314159292035398,0.9198113207547169,20220826_070000.WAV,Central Pond
362,12.0,0.03,445,212,195,250,17,0,0.43820224719101125,0.9198113207547169,20220826_070000.WAV,Central Pond
363,12.0,0.04,430,212,195,235,17,0,0.45348837209302323,0.9198113207547169,20220826_070000.WAV,Central Pond
364,12.0,0.05,415,212,195,220,17,0,0.46987951807228917,0.9198113207547169,20220826_070000.WAV,Central Pond
365,12.0,0.06,399,212,195,204,17,0,0.48872180451127817,0.9198113207547169,20220826_070000.WAV,Central Pond
366,12.0,0.07,385,212,195,190,17,0,0.5064935064935064,0.9198113207547169,20220826_070000.WAV,Central Pond
367,12.0,0.08,365,212,195,170,17,0,0.5342465753424658,0.9198113207547169,20220826_070000.WAV,Central Pond
368,12.0,0.09,338,212,195,143,17,0,0.5769230769230769,0.9198113207547169,20220826_070000.WAV,Central Pond
369,12.0,0.1,311,212,195,116,17,0,0.6270096463022508,0.9198113207547169,20220826_070000.WAV,Central Pond
370,12.0,0.11,295,212,195,100,17,0,0.6610169491525424,0.9198113207547169,20220826_070000.WAV,Central Pond
371,12.0,0.12,289,212,195,94,17,0,0.6747404844290658,0.9198113207547169,20220826_070000.WAV,Central Pond
372,12.0,0.13,278,212,195,83,17,0,0.7014388489208633,0.9198113207547169,20220826_070000.WAV,Central Pond
373,12.0,0.14,276,212,195,81,17,0,0.7065217391304348,0.9198113207547169,20220826_070000.WAV,Central Pond
374,12.0,0.15,272,212,195,77,17,0,0.7169117647058824,0.9198113207547169,20220826_070000.WAV,Central Pond
375,12.0,0.16,270,212,195,75,17,0,0.7222222222222222,0.9198113207547169,20220826_070000.WAV,Central Pond
376,12.0,0.17,268,212,195,73,17,0,0.7276119402985075,0.9198113207547169,20220826_070000.WAV,Central Pond
377,12.0,0.18,265,212,195,70,17,0,0.7358490566037735,0.9198113207547169,20220826_070000.WAV,Central Pond
378,12.0,0.19,263,212,195,68,17,0,0.7414448669201521,0.9198113207547169,20220826_070000.WAV,Central Pond
379,12.0,0.2,262,212,195,67,17,0,0.7442748091603053,0.9198113207547169,20220826_070000.WAV,Central Pond
380,12.0,0.21,262,212,195,67,17,0,0.7442748091603053,0.9198113207547169,20220826_070000.WAV,Central Pond
381,12.0,0.22,261,212,195,66,17,0,0.7471264367816092,0.9198113207547169,20220826_070000.WAV,Central Pond
382,12.0,0.23,261,212,195,66,17,0,0.7471264367816092,0.9198113207547169,20220826_070000.WAV,Central Pond
383,12.0,0.24,260,212,194,66,18,0,0.7461538461538462,0.9150943396226415,20220826_070000.WAV,Central Pond
384,12.0,0.25,260,212,194,66,18,0,0.7461538461538462,0.9150943396226415,20220826_070000.WAV,Central Pond
385,12.0,0.26,257,212,194,63,18,0,0.754863813229572,0.9150943396226415,20220826_070000.WAV,Central Pond
386,12.0,0.27,256,212,194,62,18,0,0.7578125,0.9150943396226415,20220826_070000.WAV,Central Pond
387,12.0,0.28,254,212,193,61,19,0,0.7598425196850394,0.910377358490566,20220826_070000.WAV,Central Pond
388,12.0,0.29,253,212,193,60,19,0,0.7628458498023716,0.910377358490566,20220826_070000.WAV,Central Pond
389,12.0,0.3,250,212,191,59,21,0,0.764,0.9009433962264151,20220826_070000.WAV,Central Pond
390,12.0,0.31,249,212,190,59,22,0,0.7630522088353414,0.8962264150943396,20220826_070000.WAV,Central Pond
391,12.0,0.32,246,212,188,58,24,0,0.7642276422764228,0.8867924528301887,20220826_070000.WAV,Central Pond
392,12.0,0.33,238,212,182,56,30,0,0.7647058823529411,0.8584905660377359,20220826_070000.WAV,Central Pond
393,12.0,0.34,231,212,178,53,34,0,0.7705627705627706,0.839622641509434,20220826_070000.WAV,Central Pond
394,12.0,0.35,227,212,176,51,36,0,0.775330396475771,0.8301886792452831,20220826_070000.WAV,Central Pond
395,12.0,0.36,222,212,173,49,39,0,0.7792792792792793,0.8160377358490566,20220826_070000.WAV,Central Pond
396,12.0,0.37,217,212,171,46,41,0,0.7880184331797235,0.8066037735849056,20220826_070000.WAV,Central Pond
397,12.0,0.38,213,212,170,43,42,0,0.7981220657276995,0.8018867924528302,20220826_070000.WAV,Central Pond
398,12.0,0.39,208,212,166,42,46,0,0.7980769230769231,0.7830188679245284,20220826_070000.WAV,Central Pond
399,12.0,0.4,198,212,161,37,51,0,0.8131313131313131,0.7594339622641509,20220826_070000.WAV,Central Pond
400,12.0,0.41,192,212,158,34,54,0,0.8229166666666666,0.7452830188679245,20220826_070000.WAV,Central Pond
401,12.0,0.42,186,212,154,32,58,0,0.8279569892473119,0.7264150943396226,20220826_070000.WAV,Central Pond
402,12.0,0.43,179,212,150,29,62,0,0.8379888268156425,0.7075471698113207,20220826_070000.WAV,Central Pond
403,12.0,0.44,175,212,148,27,64,0,0.8457142857142858,0.6981132075471698,20220826_070000.WAV,Central Pond
404,12.0,0.45,161,212,143,18,69,0,0.8881987577639752,0.6745283018867925,20220826_070000.WAV,Central Pond
405,12.0,0.46,153,212,141,12,71,0,0.9215686274509803,0.6650943396226415,20220826_070000.WAV,Central Pond
406,12.0,0.47,148,212,138,10,74,0,0.9324324324324325,0.6509433962264151,20220826_070000.WAV,Central Pond
407,12.0,0.48,143,212,137,6,75,0,0.958041958041958,0.6462264150943396,20220826_070000.WAV,Central Pond
408,12.0,0.49,135,212,133,2,79,0,0.9851851851851852,0.6273584905660378,20220826_070000.WAV,Central Pond
409,12.0,0.5,130,212,130,0,82,0,1.0,0.6132075471698113,20220826_070000.WAV,Central Pond
410,12.0,0.51,127,212,127,0,85,0,1.0,0.5990566037735849,20220826_070000.WAV,Central Pond
411,12.0,0.52,120,212,120,0,92,0,1.0,0.5660377358490566,20220826_070000.WAV,Central Pond
412,12.0,0.53,113,212,113,0,99,0,1.0,0.5330188679245284,20220826_070000.WAV,Central Pond
413,12.0,0.54,102,212,102,0,110,0,1.0,0.4811320754716981,20220826_070000.WAV,Central Pond
414,12.0,0.55,95,212,95,0,117,0,1.0,0.4481132075471698,20220826_070000.WAV,Central Pond
415,12.0,0.56,89,212,89,0,123,0,1.0,0.419811320754717,20220826_070000.WAV,Central Pond
416,12.0,0.57,79,212,79,0,133,0,1.0,0.37264150943396224,20220826_070000.WAV,Central Pond
417,12.0,0.58,74,212,74,0,138,0,1.0,0.3490566037735849,20220826_070000.WAV,Central Pond
418,12.0,0.59,65,212,65,0,147,0,1.0,0.30660377358490565,20220826_070000.WAV,Central Pond
419,12.0,0.6,63,212,63,0,149,0,1.0,0.2971698113207547,20220826_070000.WAV,Central Pond
420,14.0,0.01,308,161,152,156,9,0,0.4935064935064935,0.9440993788819876,20220826_070000.WAV,Central Pond
421,14.0,0.02,308,161,152,156,9,0,0.4935064935064935,0.9440993788819876,20220826_070000.WAV,Central Pond
422,14.0,0.03,307,161,152,155,9,0,0.495114006514658,0.9440993788819876,20220826_070000.WAV,Central Pond
423,14.0,0.04,297,161,152,145,9,0,0.5117845117845118,0.9440993788819876,20220826_070000.WAV,Central Pond
424,14.0,0.05,288,161,152,136,9,0,0.5277777777777778,0.9440993788819876,20220826_070000.WAV,Central Pond
425,14.0,0.06,281,161,152,129,9,0,0.5409252669039146,0.9440993788819876,20220826_070000.WAV,Central Pond
426,14.0,0.07,272,161,152,120,9,0,0.5588235294117647,0.9440993788819876,20220826_070000.WAV,Central Pond
427,14.0,0.08,260,161,152,108,9,0,0.5846153846153846,0.9440993788819876,20220826_070000.WAV,Central Pond
428,14.0,0.09,249,161,152,97,9,0,0.6104417670682731,0.9440993788819876,20220826_070000.WAV,Central Pond
429,14.0,0.1,232,161,152,80,9,0,0.6551724137931034,0.9440993788819876,20220826_070000.WAV,Central Pond
430,14.0,0.11,225,161,152,73,9,0,0.6755555555555556,0.9440993788819876,20220826_070000.WAV,Central Pond
431,14.0,0.12,222,161,152,70,9,0,0.6846846846846847,0.9440993788819876,20220826_070000.WAV,Central Pond
432,14.0,0.13,215,161,152,63,9,0,0.7069767441860465,0.9440993788819876,20220826_070000.WAV,Central Pond
433,14.0,0.14,214,161,152,62,9,0,0.7102803738317757,0.9440993788819876,20220826_070000.WAV,Central Pond
434,14.0,0.15,211,161,152,59,9,0,0.7203791469194313,0.9440993788819876,20220826_070000.WAV,Central Pond
435,14.0,0.16,209,161,152,57,9,0,0.7272727272727273,0.9440993788819876,20220826_070000.WAV,Central Pond
436,14.0,0.17,207,161,152,55,9,0,0.7342995169082126,0.9440993788819876,20220826_070000.WAV,Central Pond
437,14.0,0.18,204,161,152,52,9,0,0.7450980392156863,0.9440993788819876,20220826_070000.WAV,Central Pond
438,14.0,0.19,203,161,152,51,9,0,0.7487684729064039,0.9440993788819876,20220826_070000.WAV,Central Pond
439,14.0,0.2,202,161,152,50,9,0,0.7524752475247525,0.9440993788819876,20220826_070000.WAV,Central Pond
440,14.0,0.21,202,161,152,50,9,0,0.7524752475247525,0.9440993788819876,20220826_070000.WAV,Central Pond
441,14.0,0.22,201,161,152,49,9,0,0.7562189054726368,0.9440993788819876,20220826_070000.WAV,Central Pond
442,14.0,0.23,201,161,152,49,9,0,0.7562189054726368,0.9440993788819876,20220826_070000.WAV,Central Pond
443,14.0,0.24,200,161,151,49,10,0,0.755,0.937888198757764,20220826_070000.WAV,Central Pond
444,14.0,0.25,200,161,151,49,10,0,0.755,0.937888198757764,20220826_070000.WAV,Central Pond
445,14.0,0.26,199,161,151,48,10,0,0.7587939698492462,0.937888198757764,20220826_070000.WAV,Central Pond
446,14.0,0.27,199,161,151,48,10,0,0.7587939698492462,0.937888198757764,20220826_070000.WAV,Central Pond
447,14.0,0.28,197,161,150,47,11,0,0.7614213197969543,0.9316770186335404,20220826_070000.WAV,Central Pond
448,14.0,0.29,197,161,150,47,11,0,0.7614213197969543,0.9316770186335404,20220826_070000.WAV,Central Pond
449,14.0,0.3,195,161,148,47,13,0,0.7589743589743589,0.9192546583850931,20220826_070000.WAV,Central Pond
450,14.0,0.31,194,161,147,47,14,0,0.7577319587628866,0.9130434782608695,20220826_070000.WAV,Central Pond
451,14.0,0.32,192,161,146,46,15,0,0.7604166666666666,0.906832298136646,20220826_070000.WAV,Central Pond
452,14.0,0.33,184,161,142,42,19,0,0.7717391304347826,0.8819875776397516,20220826_070000.WAV,Central Pond
453,14.0,0.34,179,161,140,39,21,0,0.7821229050279329,0.8695652173913043,20220826_070000.WAV,Central Pond
454,14.0,0.35,176,161,138,38,23,0,0.7840909090909091,0.8571428571428571,20220826_070000.WAV,Central Pond
455,14.0,0.36,172,161,137,35,24,0,0.7965116279069767,0.8509316770186336,20220826_070000.WAV,Central Pond
456,14.0,0.37,169,161,136,33,25,0,0.8047337278106509,0.84472049689441,20220826_070000.WAV,Central Pond
457,14.0,0.38,166,161,135,31,26,0,0.8132530120481928,0.8385093167701864,20220826_070000.WAV,Central Pond
458,14.0,0.39,162,161,131,31,30,0,0.808641975308642,0.8136645962732919,20220826_070000.WAV,Central Pond
459,14.0,0.4,155,161,127,28,34,0,0.8193548387096774,0.7888198757763976,20220826_070000.WAV,Central Pond
460,14.0,0.41,151,161,126,25,35,0,0.8344370860927153,0.782608695652174,20220826_070000.WAV,Central Pond
461,14.0,0.42,148,161,124,24,37,0,0.8378378378378378,0.7701863354037267,20220826_070000.WAV,Central Pond
462,14.0,0.43,143,161,120,23,41,0,0.8391608391608392,0.7453416149068323,20220826_070000.WAV,Central Pond
463,14.0,0.44,139,161,118,21,43,0,0.8489208633093526,0.7329192546583851,20220826_070000.WAV,Central Pond
464,14.0,0.45,127,161,116,11,45,0,0.9133858267716536,0.7204968944099379,20220826_070000.WAV,Central Pond
465,14.0,0.46,122,161,115,7,46,0,0.9426229508196722,0.7142857142857143,20220826_070000.WAV,Central Pond
466,14.0,0.47,119,161,112,7,49,0,0.9411764705882353,0.6956521739130435,20220826_070000.WAV,Central Pond
467,14.0,0.48,116,161,112,4,49,0,0.9655172413793104,0.6956521739130435,20220826_070000.WAV,Central Pond
468,14.0,0.49,111,161,108,3,53,0,0.972972972972973,0.6708074534161491,20220826_070000.WAV,Central Pond
469,14.0,0.5,107,161,107,0,54,0,1.0,0.6645962732919255,20220826_070000.WAV,Central Pond
470,14.0,0.51,105,161,105,0,56,0,1.0,0.6521739130434783,20220826_070000.WAV,Central Pond
471,14.0,0.52,100,161,100,0,61,0,1.0,0.6211180124223602,20220826_070000.WAV,Central Pond
472,14.0,0.53,94,161,94,0,67,0,1.0,0.5838509316770186,20220826_070000.WAV,Central Pond
473,14.0,0.54,86,161,86,0,75,0,1.0,0.5341614906832298,20220826_070000.WAV,Central Pond
474,14.0,0.55,80,161,80,0,81,0,1.0,0.4968944099378882,20220826_070000.WAV,Central Pond
475,14.0,0.56,75,161,75,0,86,0,1.0,0.4658385093167702,20220826_070000.WAV,Central Pond
476,14.0,0.57,68,161,68,0,93,0,1.0,0.422360248447205,20220826_070000.WAV,Central Pond
477,14.0,0.58,65,161,65,0,96,0,1.0,0.40372670807453415,20220826_070000.WAV,Central Pond
478,14.0,0.59,56,161,56,0,105,0,1.0,0.34782608695652173,20220826_070000.WAV,Central Pond
479,14.0,0.6,55,161,55,0,106,0,1.0,0.3416149068322981,20220826_070000.WAV,Central Pond
480,16.0,0.01,216,129,121,95,8,0,0.5601851851851852,0.937984496124031,20220826_070000.WAV,Central Pond
481,16.0,0.02,216,129,121,95,8,0,0.5601851851851852,0.937984496124031,20220826_070000.WAV,Central Pond
482,16.0,0.03,216,129,121,95,8,0,0.5601851851851852,0.937984496124031,20220826_070000.WAV,Central Pond
483,16.0,0.04,211,129,121,90,8,0,0.5734597156398105,0.937984496124031,20220826_070000.WAV,Central Pond
484,16.0,0.05,206,129,121,85,8,0,0.587378640776699,0.937984496124031,20220826_070000.WAV,Central Pond
485,16.0,0.06,202,129,121,81,8,0,0.599009900990099,0.937984496124031,20220826_070000.WAV,Central Pond
486,16.0,0.07,196,129,121,75,8,0,0.6173469387755102,0.937984496124031,20220826_070000.WAV,Central Pond
487,16.0,0.08,191,129,121,70,8,0,0.6335078534031413,0.937984496124031,20220826_070000.WAV,Central Pond
488,16.0,0.09,184,129,121,63,8,0,0.657608695652174,0.937984496124031,20220826_070000.WAV,Central Pond
489,16.0,0.1,177,129,121,56,8,0,0.6836158192090396,0.937984496124031,20220826_070000.WAV,Central Pond
490,16.0,0.11,173,129,121,52,8,0,0.6994219653179191,0.937984496124031,20220826_070000.WAV,Central Pond
491,16.0,0.12,170,129,121,49,8,0,0.711764705882353,0.937984496124031,20220826_070000.WAV,Central Pond
492,16.0,0.13,167,129,121,46,8,0,0.7245508982035929,0.937984496124031,20220826_070000.WAV,Central Pond
493,16.0,0.14,166,129,121,45,8,0,0.7289156626506024,0.937984496124031,20220826_070000.WAV,Central Pond
494,16.0,0.15,165,129,121,44,8,0,0.7333333333333333,0.937984496124031,20220826_070000.WAV,Central Pond
495,16.0,0.16,164,129,121,43,8,0,0.7378048780487805,0.937984496124031,20220826_070000.WAV,Central Pond
496,16.0,0.17,162,129,121,41,8,0,0.7469135802469136,0.937984496124031,20220826_070000.WAV,Central Pond
497,16.0,0.18,161,129,121,40,8,0,0.7515527950310559,0.937984496124031,20220826_070000.WAV,Central Pond
498,16.0,0.19,160,129,121,39,8,0,0.75625,0.937984496124031,20220826_070000.WAV,Central Pond
499,16.0,0.2,159,129,121,38,8,0,0.7610062893081762,0.937984496124031,20220826_070000.WAV,Central Pond
500,16.0,0.21,159,129,121,38,8,0,0.7610062893081762,0.937984496124031,20220826_070000.WAV,Central Pond
501,16.0,0.22,158,129,121,37,8,0,0.7658227848101266,0.937984496124031,20220826_070000.WAV,Central Pond
502,16.0,0.23,158,129,121,37,8,0,0.7658227848101266,0.937984496124031,20220826_070000.WAV,Central Pond
503,16.0,0.24,157,129,120,37,9,0,0.7643312101910829,0.9302325581395349,20220826_070000.WAV,Central Pond
504,16.0,0.25,157,129,120,37,9,0,0.7643312101910829,0.9302325581395349,20220826_070000.WAV,Central Pond
505,16.0,0.26,156,129,120,36,9,0,0.7692307692307693,0.9302325581395349,20220826_070000.WAV,Central Pond
506,16.0,0.27,156,129,120,36,9,0,0.7692307692307693,0.9302325581395349,20220826_070000.WAV,Central Pond
507,16.0,0.28,155,129,119,36,10,0,0.7677419354838709,0.9224806201550387,20220826_070000.WAV,Central Pond
508,16.0,0.29,155,129,119,36,10,0,0.7677419354838709,0.9224806201550387,20220826_070000.WAV,Central Pond
509,16.0,0.3,153,129,117,36,12,0,0.7647058823529411,0.9069767441860465,20220826_070000.WAV,Central Pond
510,16.0,0.31,152,129,117,35,12,0,0.7697368421052632,0.9069767441860465,20220826_070000.WAV,Central Pond
511,16.0,0.32,151,129,116,35,13,0,0.7682119205298014,0.8992248062015504,20220826_070000.WAV,Central Pond
512,16.0,0.33,145,129,115,30,14,0,0.7931034482758621,0.8914728682170543,20220826_070000.WAV,Central Pond
513,16.0,0.34,143,129,114,29,15,0,0.7972027972027972,0.8837209302325582,20220826_070000.WAV,Central Pond
514,16.0,0.35,142,129,113,29,16,0,0.795774647887324,0.875968992248062,20220826_070000.WAV,Central Pond
515,16.0,0.36,139,129,112,27,17,0,0.8057553956834532,0.8682170542635659,20220826_070000.WAV,Central Pond
516,16.0,0.37,137,129,111,26,18,0,0.8102189781021898,0.8604651162790697,20220826_070000.WAV,Central Pond
517,16.0,0.38,135,129,111,24,18,0,0.8222222222222222,0.8604651162790697,20220826_070000.WAV,Central Pond
518,16.0,0.39,131,129,107,24,22,0,0.816793893129771,0.8294573643410853,20220826_070000.WAV,Central Pond
519,16.0,0.4,126,129,105,21,24,0,0.8333333333333334,0.813953488372093,20220826_070000.WAV,Central Pond
520,16.0,0.41,124,129,104,20,25,0,0.8387096774193549,0.8062015503875969,20220826_070000.WAV,Central Pond
521,16.0,0.42,121,129,102,19,27,0,0.8429752066115702,0.7906976744186046,20220826_070000.WAV,Central Pond
522,16.0,0.43,116,129,101,15,28,0,0.8706896551724138,0.7829457364341085,20220826_070000.WAV,Central Pond
523,16.0,0.44,112,129,99,13,30,0,0.8839285714285714,0.7674418604651163,20220826_070000.WAV,Central Pond
524,16.0,0.45,104,129,97,7,32,0,0.9326923076923077,0.751937984496124,20220826_070000.WAV,Central Pond
525,16.0,0.46,102,129,97,5,32,0,0.9509803921568627,0.751937984496124,20220826_070000.WAV,Central Pond
526,16.0,0.47,99,129,95,4,34,0,0.9595959595959596,0.7364341085271318,20220826_070000.WAV,Central Pond
527,16.0,0.48,97,129,95,2,34,0,0.979381443298969,0.7364341085271318,20220826_070000.WAV,Central Pond
528,16.0,0.49,93,129,92,1,37,0,0.989247311827957,0.7131782945736435,20220826_070000.WAV,Central Pond
529,16.0,0.5,91,129,91,0,38,0,1.0,0.7054263565891473,20220826_070000.WAV,Central Pond
530,16.0,0.51,90,129,90,0,39,0,1.0,0.6976744186046512,20220826_070000.WAV,Central Pond
531,16.0,0.52,85,129,85,0,44,0,1.0,0.6589147286821705,20220826_070000.WAV,Central Pond
532,16.0,0.53,80,129,80,0,49,0,1.0,0.6201550387596899,20220826_070000.WAV,Central Pond
533,16.0,0.54,73,129,73,0,56,0,1.0,0.5658914728682171,20220826_070000.WAV,Central Pond
534,16.0,0.55,68,129,68,0,61,0,1.0,0.5271317829457365,20220826_070000.WAV,Central Pond
535,16.0,0.56,65,129,65,0,64,0,1.0,0.5038759689922481,20220826_070000.WAV,Central Pond
536,16.0,0.57,59,129,59,0,70,0,1.0,0.4573643410852713,20220826_070000.WAV,Central Pond
537,16.0,0.58,57,129,57,0,72,0,1.0,0.4418604651162791,20220826_070000.WAV,Central Pond
538,16.0,0.59,49,129,49,0,80,0,1.0,0.3798449612403101,20220826_070000.WAV,Central Pond
539,16.0,0.6,48,129,48,0,81,0,1.0,0.37209302325581395,20220826_070000.WAV,Central Pond
540,18.0,0.01,143,92,86,57,6,0,0.6013986013986014,0.9347826086956522,20220826_070000.WAV,Central Pond
541,18.0,0.02,143,92,86,57,6,0,0.6013986013986014,0.9347826086956522,20220826_070000.WAV,Central Pond
542,18.0,0.03,143,92,86,57,6,0,0.6013986013986014,0.9347826086956522,20220826_070000.WAV,Central Pond
543,18.0,0.04,139,92,86,53,6,0,0.6187050359712231,0.9347826086956522,20220826_070000.WAV,Central Pond
544,18.0,0.05,135,92,86,49,6,0,0.6370370370370371,0.9347826086956522,20220826_070000.WAV,Central Pond
545,18.0,0.06,134,92,86,48,6,0,0.6417910447761194,0.9347826086956522,20220826_070000.WAV,Central Pond
546,18.0,0.07,131,92,86,45,6,0,0.6564885496183206,0.9347826086956522,20220826_070000.WAV,Central Pond
547,18.0,0.08,129,92,86,43,6,0,0.6666666666666666,0.9347826086956522,20220826_070000.WAV,Central Pond
548,18.0,0.09,127,92,86,41,6,0,0.6771653543307087,0.9347826086956522,20220826_070000.WAV,Central Pond
549,18.0,0.1,123,92,86,37,6,0,0.6991869918699187,0.9347826086956522,20220826_070000.WAV,Central Pond
550,18.0,0.11,120,92,86,34,6,0,0.7166666666666667,0.9347826086956522,20220826_070000.WAV,Central Pond
551,18.0,0.12,119,92,86,33,6,0,0.7226890756302521,0.9347826086956522,20220826_070000.WAV,Central Pond
552,18.0,0.13,118,92,86,32,6,0,0.7288135593220338,0.9347826086956522,20220826_070000.WAV,Central Pond
553,18.0,0.14,117,92,86,31,6,0,0.7350427350427351,0.9347826086956522,20220826_070000.WAV,Central Pond
554,18.0,0.15,117,92,86,31,6,0,0.7350427350427351,0.9347826086956522,20220826_070000.WAV,Central Pond
555,18.0,0.16,117,92,86,31,6,0,0.7350427350427351,0.9347826086956522,20220826_070000.WAV,Central Pond
556,18.0,0.17,117,92,86,31,6,0,0.7350427350427351,0.9347826086956522,20220826_070000.WAV,Central Pond
557,18.0,0.18,116,92,86,30,6,0,0.7413793103448276,0.9347826086956522,20220826_070000.WAV,Central Pond
558,18.0,0.19,115,92,86,29,6,0,0.7478260869565218,0.9347826086956522,20220826_070000.WAV,Central Pond
559,18.0,0.2,115,92,86,29,6,0,0.7478260869565218,0.9347826086956522,20220826_070000.WAV,Central Pond
560,18.0,0.21,115,92,86,29,6,0,0.7478260869565218,0.9347826086956522,20220826_070000.WAV,Central Pond
561,18.0,0.22,115,92,86,29,6,0,0.7478260869565218,0.9347826086956522,20220826_070000.WAV,Central Pond
562,18.0,0.23,115,92,86,29,6,0,0.7478260869565218,0.9347826086956522,20220826_070000.WAV,Central Pond
563,18.0,0.24,114,92,85,29,7,0,0.7456140350877193,0.9239130434782609,20220826_070000.WAV,Central Pond
564,18.0,0.25,114,92,85,29,7,0,0.7456140350877193,0.9239130434782609,20220826_070000.WAV,Central Pond
565,18.0,0.26,113,92,85,28,7,0,0.7522123893805309,0.9239130434782609,20220826_070000.WAV,Central Pond
566,18.0,0.27,113,92,85,28,7,0,0.7522123893805309,0.9239130434782609,20220826_070000.WAV,Central Pond
567,18.0,0.28,112,92,85,27,7,0,0.7589285714285714,0.9239130434782609,20220826_070000.WAV,Central Pond
568,18.0,0.29,112,92,85,27,7,0,0.7589285714285714,0.9239130434782609,20220826_070000.WAV,Central Pond
569,18.0,0.3,110,92,83,27,9,0,0.7545454545454545,0.9021739130434783,20220826_070000.WAV,Central Pond
570,18.0,0.31,109,92,83,26,9,0,0.7614678899082569,0.9021739130434783,20220826_070000.WAV,Central Pond
571,18.0,0.32,108,92,82,26,10,0,0.7592592592592593,0.8913043478260869,20220826_070000.WAV,Central Pond
572,18.0,0.33,104,92,81,23,11,0,0.7788461538461539,0.8804347826086957,20220826_070000.WAV,Central Pond
573,18.0,0.34,102,92,80,22,12,0,0.7843137254901961,0.8695652173913043,20220826_070000.WAV,Central Pond
574,18.0,0.35,102,92,80,22,12,0,0.7843137254901961,0.8695652173913043,20220826_070000.WAV,Central Pond
575,18.0,0.36,100,92,80,20,12,0,0.8,0.8695652173913043,20220826_070000.WAV,Central Pond
576,18.0,0.37,99,92,80,19,12,0,0.8080808080808081,0.8695652173913043,20220826_070000.WAV,Central Pond
577,18.0,0.38,98,92,80,18,12,0,0.8163265306122449,0.8695652173913043,20220826_070000.WAV,Central Pond
578,18.0,0.39,94,92,78,16,14,0,0.8297872340425532,0.8478260869565217,20220826_070000.WAV,Central Pond
579,18.0,0.4,91,92,78,13,14,0,0.8571428571428571,0.8478260869565217,20220826_070000.WAV,Central Pond
580,18.0,0.41,89,92,77,12,15,0,0.8651685393258427,0.8369565217391305,20220826_070000.WAV,Central Pond
581,18.0,0.42,87,92,75,12,17,0,0.8620689655172413,0.8152173913043478,20220826_070000.WAV,Central Pond
582,18.0,0.43,83,92,74,9,18,0,0.891566265060241,0.8043478260869565,20220826_070000.WAV,Central Pond
583,18.0,0.44,79,92,72,7,20,0,0.9113924050632911,0.782608695652174,20220826_070000.WAV,Central Pond
584,18.0,0.45,76,92,71,5,21,0,0.9342105263157895,0.7717391304347826,20220826_070000.WAV,Central Pond
585,18.0,0.46,75,92,71,4,21,0,0.9466666666666667,0.7717391304347826,20220826_070000.WAV,Central Pond
586,18.0,0.47,72,92,70,2,22,0,0.9722222222222222,0.7608695652173914,20220826_070000.WAV,Central Pond
587,18.0,0.48,71,92,70,1,22,0,0.9859154929577465,0.7608695652173914,20220826_070000.WAV,Central Pond
588,18.0,0.49,68,92,68,0,24,0,1.0,0.7391304347826086,20220826_070000.WAV,Central Pond
589,18.0,0.5,67,92,67,0,25,0,1.0,0.7282608695652174,20220826_070000.WAV,Central Pond
590,18.0,0.51,67,92,67,0,25,0,1.0,0.7282608695652174,20220826_070000.WAV,Central Pond
591,18.0,0.52,63,92,63,0,29,0,1.0,0.6847826086956522,20220826_070000.WAV,Central Pond
592,18.0,0.53,61,92,61,0,31,0,1.0,0.6630434782608695,20220826_070000.WAV,Central Pond
593,18.0,0.54,57,92,57,0,35,0,1.0,0.6195652173913043,20220826_070000.WAV,Central Pond
594,18.0,0.55,53,92,53,0,39,0,1.0,0.5760869565217391,20220826_070000.WAV,Central Pond
595,18.0,0.56,51,92,51,0,41,0,1.0,0.5543478260869565,20220826_070000.WAV,Central Pond
596,18.0,0.57,47,92,47,0,45,0,1.0,0.5108695652173914,20220826_070000.WAV,Central Pond
597,18.0,0.58,46,92,46,0,46,0,1.0,0.5,20220826_070000.WAV,Central Pond
598,18.0,0.59,40,92,40,0,52,0,1.0,0.43478260869565216,20220826_070000.WAV,Central Pond
599,18.0,0.6,39,92,39,0,53,0,1.0,0.42391304347826086,20220826_070000.WAV,Central Pond
600,20.0,0.01,92,68,66,26,2,0,0.717391304347826,0.9705882352941176,20220826_070000.WAV,Central Pond
601,20.0,0.02,92,68,66,26,2,0,0.717391304347826,0.9705882352941176,20220826_070000.WAV,Central Pond
602,20.0,0.03,92,68,66,26,2,0,0.717391304347826,0.9705882352941176,20220826_070000.WAV,Central Pond
603,20.0,0.04,91,68,66,25,2,0,0.7252747252747253,0.9705882352941176,20220826_070000.WAV,Central Pond
604,20.0,0.05,91,68,66,25,2,0,0.7252747252747253,0.9705882352941176,20220826_070000.WAV,Central Pond
605,20.0,0.06,91,68,66,25,2,0,0.7252747252747253,0.9705882352941176,20220826_070000.WAV,Central Pond
606,20.0,0.07,91,68,66,25,2,0,0.7252747252747253,0.9705882352941176,20220826_070000.WAV,Central Pond
607,20.0,0.08,91,68,66,25,2,0,0.7252747252747253,0.9705882352941176,20220826_070000.WAV,Central Pond
608,20.0,0.09,90,68,66,24,2,0,0.7333333333333333,0.9705882352941176,20220826_070000.WAV,Central Pond
609,20.0,0.1,88,68,66,22,2,0,0.75,0.9705882352941176,20220826_070000.WAV,Central Pond
610,20.0,0.11,87,68,66,21,2,0,0.7586206896551724,0.9705882352941176,20220826_070000.WAV,Central Pond
611,20.0,0.12,87,68,66,21,2,0,0.7586206896551724,0.9705882352941176,20220826_070000.WAV,Central Pond
612,20.0,0.13,87,68,66,21,2,0,0.7586206896551724,0.9705882352941176,20220826_070000.WAV,Central Pond
613,20.0,0.14,86,68,66,20,2,0,0.7674418604651163,0.9705882352941176,20220826_070000.WAV,Central Pond
614,20.0,0.15,86,68,66,20,2,0,0.7674418604651163,0.9705882352941176,20220826_070000.WAV,Central Pond
615,20.0,0.16,86,68,66,20,2,0,0.7674418604651163,0.9705882352941176,20220826_070000.WAV,Central Pond
616,20.0,0.17,86,68,66,20,2,0,0.7674418604651163,0.9705882352941176,20220826_070000.WAV,Central Pond
617,20.0,0.18,86,68,66,20,2,0,0.7674418604651163,0.9705882352941176,20220826_070000.WAV,Central Pond
618,20.0,0.19,85,68,66,19,2,0,0.7764705882352941,0.9705882352941176,20220826_070000.WAV,Central Pond
619,20.0,0.2,85,68,66,19,2,0,0.7764705882352941,0.9705882352941176,20220826_070000.WAV,Central Pond
620,20.0,0.21,85,68,66,19,2,0,0.7764705882352941,0.9705882352941176,20220826_070000.WAV,Central Pond
621,20.0,0.22,85,68,66,19,2,0,0.7764705882352941,0.9705882352941176,20220826_070000.WAV,Central Pond
622,20.0,0.23,85,68,66,19,2,0,0.7764705882352941,0.9705882352941176,20220826_070000.WAV,Central Pond
623,20.0,0.24,84,68,66,18,2,0,0.7857142857142857,0.9705882352941176,20220826_070000.WAV,Central Pond
624,20.0,0.25,84,68,66,18,2,0,0.7857142857142857,0.9705882352941176,20220826_070000.WAV,Central Pond
625,20.0,0.26,84,68,66,18,2,0,0.7857142857142857,0.9705882352941176,20220826_070000.WAV,Central Pond
626,20.0,0.27,84,68,66,18,2,0,0.7857142857142857,0.9705882352941176,20220826_070000.WAV,Central Pond
627,20.0,0.28,83,68,66,17,2,0,0.7951807228915663,0.9705882352941176,20220826_070000.WAV,Central Pond
628,20.0,0.29,83,68,66,17,2,0,0.7951807228915663,0.9705882352941176,20220826_070000.WAV,Central Pond
629,20.0,0.3,81,68,64,17,4,0,0.7901234567901234,0.9411764705882353,20220826_070000.WAV,Central Pond
630,20.0,0.31,81,68,64,17,4,0,0.7901234567901234,0.9411764705882353,20220826_070000.WAV,Central Pond
631,20.0,0.32,80,68,63,17,5,0,0.7875,0.9264705882352942,20220826_070000.WAV,Central Pond
632,20.0,0.33,79,68,63,16,5,0,0.7974683544303798,0.9264705882352942,20220826_070000.WAV,Central Pond
633,20.0,0.34,78,68,62,16,6,0,0.7948717948717948,0.9117647058823529,20220826_070000.WAV,Central Pond
634,20.0,0.35,78,68,62,16,6,0,0.7948717948717948,0.9117647058823529,20220826_070000.WAV,Central Pond
635,20.0,0.36,76,68,62,14,6,0,0.8157894736842105,0.9117647058823529,20220826_070000.WAV,Central Pond
636,20.0,0.37,75,68,62,13,6,0,0.8266666666666667,0.9117647058823529,20220826_070000.WAV,Central Pond
637,20.0,0.38,75,68,62,13,6,0,0.8266666666666667,0.9117647058823529,20220826_070000.WAV,Central Pond
638,20.0,0.39,72,68,60,12,8,0,0.8333333333333334,0.8823529411764706,20220826_070000.WAV,Central Pond
639,20.0,0.4,70,68,60,10,8,0,0.8571428571428571,0.8823529411764706,20220826_070000.WAV,Central Pond
640,20.0,0.41,70,68,60,10,8,0,0.8571428571428571,0.8823529411764706,20220826_070000.WAV,Central Pond
641,20.0,0.42,68,68,59,9,9,0,0.8676470588235294,0.8676470588235294,20220826_070000.WAV,Central Pond
642,20.0,0.43,66,68,58,8,10,0,0.8787878787878788,0.8529411764705882,20220826_070000.WAV,Central Pond
643,20.0,0.44,63,68,57,6,11,0,0.9047619047619048,0.8382352941176471,20220826_070000.WAV,Central Pond
644,20.0,0.45,60,68,56,4,12,0,0.9333333333333333,0.8235294117647058,20220826_070000.WAV,Central Pond
645,20.0,0.46,60,68,56,4,12,0,0.9333333333333333,0.8235294117647058,20220826_070000.WAV,Central Pond
646,20.0,0.47,58,68,55,3,13,0,0.9482758620689655,0.8088235294117647,20220826_070000.WAV,Central Pond
647,20.0,0.48,57,68,55,2,13,0,0.9649122807017544,0.8088235294117647,20220826_070000.WAV,Central Pond
648,20.0,0.49,55,68,54,1,14,0,0.9818181818181818,0.7941176470588235,20220826_070000.WAV,Central Pond
649,20.0,0.5,54,68,54,0,14,0,1.0,0.7941176470588235,20220826_070000.WAV,Central Pond
650,20.0,0.51,54,68,54,0,14,0,1.0,0.7941176470588235,20220826_070000.WAV,Central Pond
651,20.0,0.52,50,68,50,0,18,0,1.0,0.7352941176470589,20220826_070000.WAV,Central Pond
652,20.0,0.53,48,68,48,0,20,0,1.0,0.7058823529411765,20220826_070000.WAV,Central Pond
653,20.0,0.54,46,68,46,0,22,0,1.0,0.6764705882352942,20220826_070000.WAV,Central Pond
654,20.0,0.55,43,68,43,0,25,0,1.0,0.6323529411764706,20220826_070000.WAV,Central Pond
655,20.0,0.56,42,68,42,0,26,0,1.0,0.6176470588235294,20220826_070000.WAV,Central Pond
656,20.0,0.57,40,68,40,0,28,0,1.0,0.5882352941176471,20220826_070000.WAV,Central Pond
657,20.0,0.58,39,68,39,0,29,0,1.0,0.5735294117647058,20220826_070000.WAV,Central Pond
658,20.0,0.59,34,68,34,0,34,0,1.0,0.5,20220826_070000.WAV,Central Pond
659,20.0,0.6,34,68,34,0,34,0,1.0,0.5,20220826_070000.WAV,Central Pond
0,0.0,0.01,41247,153,105,41142,48,0,0.0025456396828860283,0.6862745098039216,20220727_083000.WAV,Foliage
1,0.0,0.02,41244,153,105,41139,48,0,0.0025458248472505093,0.6862745098039216,20220727_083000.WAV,Foliage
2,0.0,0.03,24820,153,98,24722,55,0,0.00394842868654311,0.6405228758169934,20220727_083000.WAV,Foliage
3,0.0,0.04,8350,153,87,8263,66,0,0.010419161676646707,0.5686274509803921,20220727_083000.WAV,Foliage
4,0.0,0.05,3133,153,84,3049,69,0,0.02681136291094797,0.5490196078431373,20220727_083000.WAV,Foliage
5,0.0,0.06,1450,153,82,1368,71,0,0.05655172413793103,0.5359477124183006,20220727_083000.WAV,Foliage
6,0.0,0.07,874,153,80,794,73,0,0.09153318077803203,0.5228758169934641,20220727_083000.WAV,Foliage
7,0.0,0.08,595,153,79,516,74,0,0.13277310924369748,0.5163398692810458,20220727_083000.WAV,Foliage
8,0.0,0.09,449,153,78,371,75,0,0.17371937639198218,0.5098039215686274,20220727_083000.WAV,Foliage
9,0.0,0.1,337,153,76,261,77,0,0.22551928783382788,0.49673202614379086,20220727_083000.WAV,Foliage
10,0.0,0.11,274,153,76,198,77,0,0.2773722627737226,0.49673202614379086,20220727_083000.WAV,Foliage
11,0.0,0.12,232,153,73,159,80,0,0.3146551724137931,0.477124183006536,20220727_083000.WAV,Foliage
12,0.0,0.13,210,153,72,138,81,0,0.34285714285714286,0.47058823529411764,20220727_083000.WAV,Foliage
13,0.0,0.14,191,153,72,119,81,0,0.3769633507853403,0.47058823529411764,20220727_083000.WAV,Foliage
14,0.0,0.15,176,153,71,105,82,0,0.4034090909090909,0.46405228758169936,20220727_083000.WAV,Foliage
15,0.0,0.16,154,153,70,84,83,0,0.45454545454545453,0.45751633986928103,20220727_083000.WAV,Foliage
16,0.0,0.17,139,153,66,73,87,0,0.4748201438848921,0.43137254901960786,20220727_083000.WAV,Foliage
17,0.0,0.18,128,153,65,63,88,0,0.5078125,0.42483660130718953,20220727_083000.WAV,Foliage
18,0.0,0.19,116,153,62,54,91,0,0.5344827586206896,0.40522875816993464,20220727_083000.WAV,Foliage
19,0.0,0.2,109,153,61,48,92,0,0.5596330275229358,0.39869281045751637,20220727_083000.WAV,Foliage
20,0.0,0.21,102,153,59,43,94,0,0.5784313725490197,0.38562091503267976,20220727_083000.WAV,Foliage
21,0.0,0.22,97,153,57,40,96,0,0.5876288659793815,0.37254901960784315,20220727_083000.WAV,Foliage
22,0.0,0.23,94,153,56,38,97,0,0.5957446808510638,0.3660130718954248,20220727_083000.WAV,Foliage
23,0.0,0.24,89,153,56,33,97,0,0.6292134831460674,0.3660130718954248,20220727_083000.WAV,Foliage
24,0.0,0.25,85,153,55,30,98,0,0.6470588235294118,0.35947712418300654,20220727_083000.WAV,Foliage
25,0.0,0.26,81,153,54,27,99,0,0.6666666666666666,0.35294117647058826,20220727_083000.WAV,Foliage
26,0.0,0.27,78,153,54,24,99,0,0.6923076923076923,0.35294117647058826,20220727_083000.WAV,Foliage
27,0.0,0.28,75,153,53,22,100,0,0.7066666666666667,0.3464052287581699,20220727_083000.WAV,Foliage
28,0.0,0.29,73,153,53,20,100,0,0.726027397260274,0.3464052287581699,20220727_083000.WAV,Foliage
29,0.0,0.3,72,153,53,19,100,0,0.7361111111111112,0.3464052287581699,20220727_083000.WAV,Foliage
30,0.0,0.31,69,153,51,18,102,0,0.7391304347826086,0.3333333333333333,20220727_083000.WAV,Foliage
31,0.0,0.32,66,153,49,17,104,0,0.7424242424242424,0.3202614379084967,20220727_083000.WAV,Foliage
32,0.0,0.33,61,153,46,15,107,0,0.7540983606557377,0.3006535947712418,20220727_083000.WAV,Foliage
33,0.0,0.34,60,153,45,15,108,0,0.75,0.29411764705882354,20220727_083000.WAV,Foliage
34,0.0,0.35,56,153,43,13,110,0,0.7678571428571429,0.28104575163398693,20220727_083000.WAV,Foliage
35,0.0,0.36,53,153,41,12,112,0,0.7735849056603774,0.2679738562091503,20220727_083000.WAV,Foliage
36,0.0,0.37,50,153,40,10,113,0,0.8,0.26143790849673204,20220727_083000.WAV,Foliage
37,0.0,0.38,49,153,39,10,114,0,0.7959183673469388,0.2549019607843137,20220727_083000.WAV,Foliage
38,0.0,0.39,47,153,38,9,115,0,0.8085106382978723,0.24836601307189543,20220727_083000.WAV,Foliage
39,0.0,0.4,44,153,37,7,116,0,0.8409090909090909,0.24183006535947713,20220727_083000.WAV,Foliage
40,0.0,0.41,42,153,37,5,116,0,0.8809523809523809,0.24183006535947713,20220727_083000.WAV,Foliage
41,0.0,0.42,38,153,33,5,120,0,0.868421052631579,0.21568627450980393,20220727_083000.WAV,Foliage
42,0.0,0.43,36,153,31,5,122,0,0.8611111111111112,0.20261437908496732,20220727_083000.WAV,Foliage
43,0.0,0.44,34,153,30,4,123,0,0.8823529411764706,0.19607843137254902,20220727_083000.WAV,Foliage
44,0.0,0.45,32,153,29,3,124,0,0.90625,0.1895424836601307,20220727_083000.WAV,Foliage
45,0.0,0.46,30,153,28,2,125,0,0.9333333333333333,0.1830065359477124,20220727_083000.WAV,Foliage
46,0.0,0.47,29,153,27,2,126,0,0.9310344827586207,0.17647058823529413,20220727_083000.WAV,Foliage
47,0.0,0.48,26,153,25,1,128,0,0.9615384615384616,0.16339869281045752,20220727_083000.WAV,Foliage
48,0.0,0.49,24,153,23,1,130,0,0.9583333333333334,0.1503267973856209,20220727_083000.WAV,Foliage
49,0.0,0.5,22,153,22,0,131,0,1.0,0.1437908496732026,20220727_083000.WAV,Foliage
50,0.0,0.51,20,153,20,0,133,0,1.0,0.13071895424836602,20220727_083000.WAV,Foliage
51,0.0,0.52,18,153,18,0,135,0,1.0,0.11764705882352941,20220727_083000.WAV,Foliage
52,0.0,0.53,15,153,15,0,138,0,1.0,0.09803921568627451,20220727_083000.WAV,Foliage
53,0.0,0.54,15,153,15,0,138,0,1.0,0.09803921568627451,20220727_083000.WAV,Foliage
54,0.0,0.55,13,153,13,0,140,0,1.0,0.08496732026143791,20220727_083000.WAV,Foliage
55,0.0,0.56,12,153,12,0,141,0,1.0,0.0784313725490196,20220727_083000.WAV,Foliage
56,0.0,0.57,11,153,11,0,142,0,1.0,0.0718954248366013,20220727_083000.WAV,Foliage
57,0.0,0.58,10,153,10,0,143,0,1.0,0.06535947712418301,20220727_083000.WAV,Foliage
58,0.0,0.59,9,153,9,0,144,0,1.0,0.058823529411764705,20220727_083000.WAV,Foliage
59,0.0,0.6,8,153,8,0,145,0,1.0,0.05228758169934641,20220727_083000.WAV,Foliage
60,2.0,0.01,1995,70,52,1943,18,0,0.02606516290726817,0.7428571428571429,20220727_083000.WAV,Foliage
61,2.0,0.02,1995,70,52,1943,18,0,0.02606516290726817,0.7428571428571429,20220727_083000.WAV,Foliage
62,2.0,0.03,1312,70,52,1260,18,0,0.039634146341463415,0.7428571428571429,20220727_083000.WAV,Foliage
63,2.0,0.04,647,70,50,597,20,0,0.07727975270479134,0.7142857142857143,20220727_083000.WAV,Foliage
64,2.0,0.05,385,70,50,335,20,0,0.12987012987012986,0.7142857142857143,20220727_083000.WAV,Foliage
65,2.0,0.06,245,70,50,195,20,0,0.20408163265306123,0.7142857142857143,20220727_083000.WAV,Foliage
66,2.0,0.07,192,70,50,142,20,0,0.2604166666666667,0.7142857142857143,20220727_083000.WAV,Foliage
67,2.0,0.08,159,70,50,109,20,0,0.31446540880503143,0.7142857142857143,20220727_083000.WAV,Foliage
68,2.0,0.09,136,70,50,86,20,0,0.36764705882352944,0.7142857142857143,20220727_083000.WAV,Foliage
69,2.0,0.1,128,70,50,78,20,0,0.390625,0.7142857142857143,20220727_083000.WAV,Foliage
70,2.0,0.11,114,70,50,64,20,0,0.43859649122807015,0.7142857142857143,20220727_083000.WAV,Foliage
71,2.0,0.12,105,70,48,57,22,0,0.45714285714285713,0.6857142857142857,20220727_083000.WAV,Foliage
72,2.0,0.13,102,70,48,54,22,0,0.47058823529411764,0.6857142857142857,20220727_083000.WAV,Foliage
73,2.0,0.14,99,70,48,51,22,0,0.48484848484848486,0.6857142857142857,20220727_083000.WAV,Foliage
74,2.0,0.15,97,70,48,49,22,0,0.4948453608247423,0.6857142857142857,20220727_083000.WAV,Foliage
75,2.0,0.16,95,70,47,48,23,0,0.49473684210526314,0.6714285714285714,20220727_083000.WAV,Foliage
76,2.0,0.17,87,70,46,41,24,0,0.5287356321839081,0.6571428571428571,20220727_083000.WAV,Foliage
77,2.0,0.18,86,70,46,40,24,0,0.5348837209302325,0.6571428571428571,20220727_083000.WAV,Foliage
78,2.0,0.19,82,70,45,37,25,0,0.5487804878048781,0.6428571428571429,20220727_083000.WAV,Foliage
79,2.0,0.2,80,70,45,35,25,0,0.5625,0.6428571428571429,20220727_083000.WAV,Foliage
80,2.0,0.21,78,70,43,35,27,0,0.5512820512820513,0.6142857142857143,20220727_083000.WAV,Foliage
81,2.0,0.22,76,70,42,34,28,0,0.5526315789473685,0.6,20220727_083000.WAV,Foliage
82,2.0,0.23,74,70,42,32,28,0,0.5675675675675675,0.6,20220727_083000.WAV,Foliage
83,2.0,0.24,73,70,42,31,28,0,0.5753424657534246,0.6,20220727_083000.WAV,Foliage
84,2.0,0.25,72,70,41,31,29,0,0.5694444444444444,0.5857142857142857,20220727_083000.WAV,Foliage
85,2.0,0.26,70,70,40,30,30,0,0.5714285714285714,0.5714285714285714,20220727_083000.WAV,Foliage
86,2.0,0.27,70,70,40,30,30,0,0.5714285714285714,0.5714285714285714,20220727_083000.WAV,Foliage
87,2.0,0.28,68,70,40,28,30,0,0.5882352941176471,0.5714285714285714,20220727_083000.WAV,Foliage
88,2.0,0.29,66,70,40,26,30,0,0.6060606060606061,0.5714285714285714,20220727_083000.WAV,Foliage
89,2.0,0.3,65,70,40,25,30,0,0.6153846153846154,0.5714285714285714,20220727_083000.WAV,Foliage
90,2.0,0.31,62,70,39,23,31,0,0.6290322580645161,0.5571428571428572,20220727_083000.WAV,Foliage
91,2.0,0.32,60,70,38,22,32,0,0.6333333333333333,0.5428571428571428,20220727_083000.WAV,Foliage
92,2.0,0.33,55,70,36,19,34,0,0.6545454545454545,0.5142857142857142,20220727_083000.WAV,Foliage
93,2.0,0.34,54,70,35,19,35,0,0.6481481481481481,0.5,20220727_083000.WAV,Foliage
94,2.0,0.35,50,70,34,16,36,0,0.68,0.4857142857142857,20220727_083000.WAV,Foliage
95,2.0,0.36,47,70,32,15,38,0,0.6808510638297872,0.45714285714285713,20220727_083000.WAV,Foliage
96,2.0,0.37,45,70,32,13,38,0,0.7111111111111111,0.45714285714285713,20220727_083000.WAV,Foliage
97,2.0,0.38,44,70,31,13,39,0,0.7045454545454546,0.44285714285714284,20220727_083000.WAV,Foliage
98,2.0,0.39,42,70,30,12,40,0,0.7142857142857143,0.42857142857142855,20220727_083000.WAV,Foliage
99,2.0,0.4,39,70,30,9,40,0,0.7692307692307693,0.42857142857142855,20220727_083000.WAV,Foliage
100,2.0,0.41,37,70,30,7,40,0,0.8108108108108109,0.42857142857142855,20220727_083000.WAV,Foliage
101,2.0,0.42,33,70,28,5,42,0,0.8484848484848485,0.4,20220727_083000.WAV,Foliage
102,2.0,0.43,31,70,27,4,43,0,0.8709677419354839,0.38571428571428573,20220727_083000.WAV,Foliage
103,2.0,0.44,30,70,26,4,44,0,0.8666666666666667,0.37142857142857144,20220727_083000.WAV,Foliage
104,2.0,0.45,28,70,25,3,45,0,0.8928571428571429,0.35714285714285715,20220727_083000.WAV,Foliage
105,2.0,0.46,26,70,24,2,46,0,0.9230769230769231,0.34285714285714286,20220727_083000.WAV,Foliage
106,2.0,0.47,25,70,23,2,47,0,0.92,0.32857142857142857,20220727_083000.WAV,Foliage
107,2.0,0.48,22,70,21,1,49,0,0.9545454545454546,0.3,20220727_083000.WAV,Foliage
108,2.0,0.49,20,70,20,0,50,0,1.0,0.2857142857142857,20220727_083000.WAV,Foliage
109,2.0,0.5,19,70,19,0,51,0,1.0,0.2714285714285714,20220727_083000.WAV,Foliage
110,2.0,0.51,17,70,17,0,53,0,1.0,0.24285714285714285,20220727_083000.WAV,Foliage
111,2.0,0.52,15,70,15,0,55,0,1.0,0.21428571428571427,20220727_083000.WAV,Foliage
112,2.0,0.53,13,70,13,0,57,0,1.0,0.18571428571428572,20220727_083000.WAV,Foliage
113,2.0,0.54,13,70,13,0,57,0,1.0,0.18571428571428572,20220727_083000.WAV,Foliage
114,2.0,0.55,12,70,12,0,58,0,1.0,0.17142857142857143,20220727_083000.WAV,Foliage
115,2.0,0.56,11,70,11,0,59,0,1.0,0.15714285714285714,20220727_083000.WAV,Foliage
116,2.0,0.57,10,70,10,0,60,0,1.0,0.14285714285714285,20220727_083000.WAV,Foliage
117,2.0,0.58,9,70,9,0,61,0,1.0,0.12857142857142856,20220727_083000.WAV,Foliage
118,2.0,0.59,9,70,9,0,61,0,1.0,0.12857142857142856,20220727_083000.WAV,Foliage
119,2.0,0.6,8,70,8,0,62,0,1.0,0.11428571428571428,20220727_083000.WAV,Foliage
120,4.0,0.01,55,26,20,35,6,0,0.36363636363636365,0.7692307692307693,20220727_083000.WAV,Foliage
121,4.0,0.02,55,26,20,35,6,0,0.36363636363636365,0.7692307692307693,20220727_083000.WAV,Foliage
122,4.0,0.03,51,26,20,31,6,0,0.39215686274509803,0.7692307692307693,20220727_083000.WAV,Foliage
123,4.0,0.04,47,26,20,27,6,0,0.425531914893617,0.7692307692307693,20220727_083000.WAV,Foliage
124,4.0,0.05,44,26,20,24,6,0,0.45454545454545453,0.7692307692307693,20220727_083000.WAV,Foliage
125,4.0,0.06,44,26,20,24,6,0,0.45454545454545453,0.7692307692307693,20220727_083000.WAV,Foliage
126,4.0,0.07,43,26,20,23,6,0,0.46511627906976744,0.7692307692307693,20220727_083000.WAV,Foliage
127,4.0,0.08,42,26,20,22,6,0,0.47619047619047616,0.7692307692307693,20220727_083000.WAV,Foliage
128,4.0,0.09,42,26,20,22,6,0,0.47619047619047616,0.7692307692307693,20220727_083000.WAV,Foliage
129,4.0,0.1,42,26,20,22,6,0,0.47619047619047616,0.7692307692307693,20220727_083000.WAV,Foliage
130,4.0,0.11,42,26,20,22,6,0,0.47619047619047616,0.7692307692307693,20220727_083000.WAV,Foliage
131,4.0,0.12,41,26,20,21,6,0,0.4878048780487805,0.7692307692307693,20220727_083000.WAV,Foliage
132,4.0,0.13,41,26,20,21,6,0,0.4878048780487805,0.7692307692307693,20220727_083000.WAV,Foliage
133,4.0,0.14,41,26,20,21,6,0,0.4878048780487805,0.7692307692307693,20220727_083000.WAV,Foliage
134,4.0,0.15,41,26,20,21,6,0,0.4878048780487805,0.7692307692307693,20220727_083000.WAV,Foliage
135,4.0,0.16,40,26,20,20,6,0,0.5,0.7692307692307693,20220727_083000.WAV,Foliage
136,4.0,0.17,38,26,20,18,6,0,0.5263157894736842,0.7692307692307693,20220727_083000.WAV,Foliage
137,4.0,0.18,38,26,20,18,6,0,0.5263157894736842,0.7692307692307693,20220727_083000.WAV,Foliage
138,4.0,0.19,37,26,20,17,6,0,0.5405405405405406,0.7692307692307693,20220727_083000.WAV,Foliage
139,4.0,0.2,37,26,20,17,6,0,0.5405405405405406,0.7692307692307693,20220727_083000.WAV,Foliage
140,4.0,0.21,37,26,20,17,6,0,0.5405405405405406,0.7692307692307693,20220727_083000.WAV,Foliage
141,4.0,0.22,37,26,20,17,6,0,0.5405405405405406,0.7692307692307693,20220727_083000.WAV,Foliage
142,4.0,0.23,37,26,20,17,6,0,0.5405405405405406,0.7692307692307693,20220727_083000.WAV,Foliage
143,4.0,0.24,37,26,20,17,6,0,0.5405405405405406,0.7692307692307693,20220727_083000.WAV,Foliage
144,4.0,0.25,37,26,20,17,6,0,0.5405405405405406,0.7692307692307693,20220727_083000.WAV,Foliage
145,4.0,0.26,35,26,20,15,6,0,0.5714285714285714,0.7692307692307693,20220727_083000.WAV,Foliage
146,4.0,0.27,35,26,20,15,6,0,0.5714285714285714,0.7692307692307693,20220727_083000.WAV,Foliage
147,4.0,0.28,35,26,20,15,6,0,0.5714285714285714,0.7692307692307693,20220727_083000.WAV,Foliage
148,4.0,0.29,35,26,20,15,6,0,0.5714285714285714,0.7692307692307693,20220727_083000.WAV,Foliage
149,4.0,0.3,35,26,20,15,6,0,0.5714285714285714,0.7692307692307693,20220727_083000.WAV,Foliage
150,4.0,0.31,34,26,20,14,6,0,0.5882352941176471,0.7692307692307693,20220727_083000.WAV,Foliage
151,4.0,0.32,33,26,19,14,7,0,0.5757575757575758,0.7307692307692307,20220727_083000.WAV,Foliage
152,4.0,0.33,31,26,19,12,7,0,0.6129032258064516,0.7307692307692307,20220727_083000.WAV,Foliage
153,4.0,0.34,30,26,19,11,7,0,0.6333333333333333,0.7307692307692307,20220727_083000.WAV,Foliage
154,4.0,0.35,28,26,18,10,8,0,0.6428571428571429,0.6923076923076923,20220727_083000.WAV,Foliage
155,4.0,0.36,27,26,17,10,9,0,0.6296296296296297,0.6538461538461539,20220727_083000.WAV,Foliage
156,4.0,0.37,26,26,17,9,9,0,0.6538461538461539,0.6538461538461539,20220727_083000.WAV,Foliage
157,4.0,0.38,25,26,16,9,10,0,0.64,0.6153846153846154,20220727_083000.WAV,Foliage
158,4.0,0.39,25,26,16,9,10,0,0.64,0.6153846153846154,20220727_083000.WAV,Foliage
159,4.0,0.4,24,26,16,8,10,0,0.6666666666666666,0.6153846153846154,20220727_083000.WAV,Foliage
160,4.0,0.41,23,26,16,7,10,0,0.6956521739130435,0.6153846153846154,20220727_083000.WAV,Foliage
161,4.0,0.42,22,26,16,6,10,0,0.7272727272727273,0.6153846153846154,20220727_083000.WAV,Foliage
162,4.0,0.43,21,26,15,6,11,0,0.7142857142857143,0.5769230769230769,20220727_083000.WAV,Foliage
163,4.0,0.44,20,26,15,5,11,0,0.75,0.5769230769230769,20220727_083000.WAV,Foliage
164,4.0,0.45,18,26,15,3,11,0,0.8333333333333334,0.5769230769230769,20220727_083000.WAV,Foliage
165,4.0,0.46,17,26,14,3,12,0,0.8235294117647058,0.5384615384615384,20220727_083000.WAV,Foliage
166,4.0,0.47,16,26,13,3,13,0,0.8125,0.5,20220727_083000.WAV,Foliage
167,4.0,0.48,14,26,13,1,13,0,0.9285714285714286,0.5,20220727_083000.WAV,Foliage
168,4.0,0.49,13,26,12,1,14,0,0.9230769230769231,0.46153846153846156,20220727_083000.WAV,Foliage
169,4.0,0.5,12,26,12,0,14,0,1.0,0.46153846153846156,20220727_083000.WAV,Foliage
170,4.0,0.51,10,26,10,0,16,0,1.0,0.38461538461538464,20220727_083000.WAV,Foliage
171,4.0,0.52,10,26,10,0,16,0,1.0,0.38461538461538464,20220727_083000.WAV,Foliage
172,4.0,0.53,10,26,10,0,16,0,1.0,0.38461538461538464,20220727_083000.WAV,Foliage
173,4.0,0.54,10,26,10,0,16,0,1.0,0.38461538461538464,20220727_083000.WAV,Foliage
174,4.0,0.55,9,26,9,0,17,0,1.0,0.34615384615384615,20220727_083000.WAV,Foliage
175,4.0,0.56,9,26,9,0,17,0,1.0,0.34615384615384615,20220727_083000.WAV,Foliage
176,4.0,0.57,8,26,8,0,18,0,1.0,0.3076923076923077,20220727_083000.WAV,Foliage
177,4.0,0.58,7,26,7,0,19,0,1.0,0.2692307692307692,20220727_083000.WAV,Foliage
178,4.0,0.59,7,26,7,0,19,0,1.0,0.2692307692307692,20220727_083000.WAV,Foliage
179,4.0,0.6,6,26,6,0,20,0,1.0,0.23076923076923078,20220727_083000.WAV,Foliage
180,6.0,0.01,20,10,8,12,2,0,0.4,0.8,20220727_083000.WAV,Foliage
181,6.0,0.02,20,10,8,12,2,0,0.4,0.8,20220727_083000.WAV,Foliage
182,6.0,0.03,20,10,8,12,2,0,0.4,0.8,20220727_083000.WAV,Foliage
183,6.0,0.04,18,10,8,10,2,0,0.4444444444444444,0.8,20220727_083000.WAV,Foliage
184,6.0,0.05,16,10,8,8,2,0,0.5,0.8,20220727_083000.WAV,Foliage
185,6.0,0.06,16,10,8,8,2,0,0.5,0.8,20220727_083000.WAV,Foliage
186,6.0,0.07,16,10,8,8,2,0,0.5,0.8,20220727_083000.WAV,Foliage
187,6.0,0.08,15,10,8,7,2,0,0.5333333333333333,0.8,20220727_083000.WAV,Foliage
188,6.0,0.09,15,10,8,7,2,0,0.5333333333333333,0.8,20220727_083000.WAV,Foliage
189,6.0,0.1,15,10,8,7,2,0,0.5333333333333333,0.8,20220727_083000.WAV,Foliage
190,6.0,0.11,15,10,8,7,2,0,0.5333333333333333,0.8,20220727_083000.WAV,Foliage
191,6.0,0.12,15,10,8,7,2,0,0.5333333333333333,0.8,20220727_083000.WAV,Foliage
192,6.0,0.13,15,10,8,7,2,0,0.5333333333333333,0.8,20220727_083000.WAV,Foliage
193,6.0,0.14,15,10,8,7,2,0,0.5333333333333333,0.8,20220727_083000.WAV,Foliage
194,6.0,0.15,15,10,8,7,2,0,0.5333333333333333,0.8,20220727_083000.WAV,Foliage
195,6.0,0.16,15,10,8,7,2,0,0.5333333333333333,0.8,20220727_083000.WAV,Foliage
196,6.0,0.17,15,10,8,7,2,0,0.5333333333333333,0.8,20220727_083000.WAV,Foliage
197,6.0,0.18,15,10,8,7,2,0,0.5333333333333333,0.8,20220727_083000.WAV,Foliage
198,6.0,0.19,15,10,8,7,2,0,0.5333333333333333,0.8,20220727_083000.WAV,Foliage
199,6.0,0.2,15,10,8,7,2,0,0.5333333333333333,0.8,20220727_083000.WAV,Foliage
200,6.0,0.21,15,10,8,7,2,0,0.5333333333333333,0.8,20220727_083000.WAV,Foliage
201,6.0,0.22,15,10,8,7,2,0,0.5333333333333333,0.8,20220727_083000.WAV,Foliage
202,6.0,0.23,15,10,8,7,2,0,0.5333333333333333,0.8,20220727_083000.WAV,Foliage
203,6.0,0.24,15,10,8,7,2,0,0.5333333333333333,0.8,20220727_083000.WAV,Foliage
204,6.0,0.25,15,10,8,7,2,0,0.5333333333333333,0.8,20220727_083000.WAV,Foliage
205,6.0,0.26,15,10,8,7,2,0,0.5333333333333333,0.8,20220727_083000.WAV,Foliage
206,6.0,0.27,15,10,8,7,2,0,0.5333333333333333,0.8,20220727_083000.WAV,Foliage
207,6.0,0.28,15,10,8,7,2,0,0.5333333333333333,0.8,20220727_083000.WAV,Foliage
208,6.0,0.29,15,10,8,7,2,0,0.5333333333333333,0.8,20220727_083000.WAV,Foliage
209,6.0,0.3,15,10,8,7,2,0,0.5333333333333333,0.8,20220727_083000.WAV,Foliage
210,6.0,0.31,14,10,8,6,2,0,0.5714285714285714,0.8,20220727_083000.WAV,Foliage
211,6.0,0.32,13,10,8,5,2,0,0.6153846153846154,0.8,20220727_083000.WAV,Foliage
212,6.0,0.33,13,10,8,5,2,0,0.6153846153846154,0.8,20220727_083000.WAV,Foliage
213,6.0,0.34,13,10,8,5,2,0,0.6153846153846154,0.8,20220727_083000.WAV,Foliage
214,6.0,0.35,13,10,8,5,2,0,0.6153846153846154,0.8,20220727_083000.WAV,Foliage
215,6.0,0.36,13,10,8,5,2,0,0.6153846153846154,0.8,20220727_083000.WAV,Foliage
216,6.0,0.37,13,10,8,5,2,0,0.6153846153846154,0.8,20220727_083000.WAV,Foliage
217,6.0,0.38,12,10,8,4,2,0,0.6666666666666666,0.8,20220727_083000.WAV,Foliage
218,6.0,0.39,12,10,8,4,2,0,0.6666666666666666,0.8,20220727_083000.WAV,Foliage
219,6.0,0.4,12,10,8,4,2,0,0.6666666666666666,0.8,20220727_083000.WAV,Foliage
220,6.0,0.41,11,10,8,3,2,0,0.7272727272727273,0.8,20220727_083000.WAV,Foliage
221,6.0,0.42,11,10,8,3,2,0,0.7272727272727273,0.8,20220727_083000.WAV,Foliage
222,6.0,0.43,10,10,7,3,3,0,0.7,0.7,20220727_083000.WAV,Foliage
223,6.0,0.44,10,10,7,3,3,0,0.7,0.7,20220727_083000.WAV,Foliage
224,6.0,0.45,9,10,7,2,3,0,0.7777777777777778,0.7,20220727_083000.WAV,Foliage
225,6.0,0.46,8,10,7,1,3,0,0.875,0.7,20220727_083000.WAV,Foliage
226,6.0,0.47,7,10,7,0,3,0,1.0,0.7,20220727_083000.WAV,Foliage
227,6.0,0.48,7,10,7,0,3,0,1.0,0.7,20220727_083000.WAV,Foliage
228,6.0,0.49,7,10,7,0,3,0,1.0,0.7,20220727_083000.WAV,Foliage
229,6.0,0.5,7,10,7,0,3,0,1.0,0.7,20220727_083000.WAV,Foliage
230,6.0,0.51,6,10,6,0,4,0,1.0,0.6,20220727_083000.WAV,Foliage
231,6.0,0.52,6,10,6,0,4,0,1.0,0.6,20220727_083000.WAV,Foliage
232,6.0,0.53,6,10,6,0,4,0,1.0,0.6,20220727_083000.WAV,Foliage
233,6.0,0.54,6,10,6,0,4,0,1.0,0.6,20220727_083000.WAV,Foliage
234,6.0,0.55,6,10,6,0,4,0,1.0,0.6,20220727_083000.WAV,Foliage
235,6.0,0.56,6,10,6,0,4,0,1.0,0.6,20220727_083000.WAV,Foliage
236,6.0,0.57,6,10,6,0,4,0,1.0,0.6,20220727_083000.WAV,Foliage
237,6.0,0.58,6,10,6,0,4,0,1.0,0.6,20220727_083000.WAV,Foliage
238,6.0,0.59,6,10,6,0,4,0,1.0,0.6,20220727_083000.WAV,Foliage
239,6.0,0.6,5,10,5,0,5,0,1.0,0.5,20220727_083000.WAV,Foliage
240,8.0,0.01,4,3,3,1,0,0,0.75,1.0,20220727_083000.WAV,Foliage
241,8.0,0.02,4,3,3,1,0,0,0.75,1.0,20220727_083000.WAV,Foliage
242,8.0,0.03,4,3,3,1,0,0,0.75,1.0,20220727_083000.WAV,Foliage
243,8.0,0.04,4,3,3,1,0,0,0.75,1.0,20220727_083000.WAV,Foliage
244,8.0,0.05,4,3,3,1,0,0,0.75,1.0,20220727_083000.WAV,Foliage
245,8.0,0.06,4,3,3,1,0,0,0.75,1.0,20220727_083000.WAV,Foliage
246,8.0,0.07,4,3,3,1,0,0,0.75,1.0,20220727_083000.WAV,Foliage
247,8.0,0.08,4,3,3,1,0,0,0.75,1.0,20220727_083000.WAV,Foliage
248,8.0,0.09,4,3,3,1,0,0,0.75,1.0,20220727_083000.WAV,Foliage
249,8.0,0.1,4,3,3,1,0,0,0.75,1.0,20220727_083000.WAV,Foliage
250,8.0,0.11,4,3,3,1,0,0,0.75,1.0,20220727_083000.WAV,Foliage
251,8.0,0.12,4,3,3,1,0,0,0.75,1.0,20220727_083000.WAV,Foliage
252,8.0,0.13,4,3,3,1,0,0,0.75,1.0,20220727_083000.WAV,Foliage
253,8.0,0.14,4,3,3,1,0,0,0.75,1.0,20220727_083000.WAV,Foliage
254,8.0,0.15,4,3,3,1,0,0,0.75,1.0,20220727_083000.WAV,Foliage
255,8.0,0.16,4,3,3,1,0,0,0.75,1.0,20220727_083000.WAV,Foliage
256,8.0,0.17,4,3,3,1,0,0,0.75,1.0,20220727_083000.WAV,Foliage
257,8.0,0.18,4,3,3,1,0,0,0.75,1.0,20220727_083000.WAV,Foliage
258,8.0,0.19,4,3,3,1,0,0,0.75,1.0,20220727_083000.WAV,Foliage
259,8.0,0.2,4,3,3,1,0,0,0.75,1.0,20220727_083000.WAV,Foliage
260,8.0,0.21,4,3,3,1,0,0,0.75,1.0,20220727_083000.WAV,Foliage
261,8.0,0.22,4,3,3,1,0,0,0.75,1.0,20220727_083000.WAV,Foliage
262,8.0,0.23,4,3,3,1,0,0,0.75,1.0,20220727_083000.WAV,Foliage
263,8.0,0.24,4,3,3,1,0,0,0.75,1.0,20220727_083000.WAV,Foliage
264,8.0,0.25,4,3,3,1,0,0,0.75,1.0,20220727_083000.WAV,Foliage
265,8.0,0.26,4,3,3,1,0,0,0.75,1.0,20220727_083000.WAV,Foliage
266,8.0,0.27,4,3,3,1,0,0,0.75,1.0,20220727_083000.WAV,Foliage
267,8.0,0.28,4,3,3,1,0,0,0.75,1.0,20220727_083000.WAV,Foliage
268,8.0,0.29,4,3,3,1,0,0,0.75,1.0,20220727_083000.WAV,Foliage
269,8.0,0.3,4,3,3,1,0,0,0.75,1.0,20220727_083000.WAV,Foliage
270,8.0,0.31,3,3,3,0,0,0,1.0,1.0,20220727_083000.WAV,Foliage
271,8.0,0.32,3,3,3,0,0,0,1.0,1.0,20220727_083000.WAV,Foliage
272,8.0,0.33,3,3,3,0,0,0,1.0,1.0,20220727_083000.WAV,Foliage
273,8.0,0.34,3,3,3,0,0,0,1.0,1.0,20220727_083000.WAV,Foliage
274,8.0,0.35,3,3,3,0,0,0,1.0,1.0,20220727_083000.WAV,Foliage
275,8.0,0.36,3,3,3,0,0,0,1.0,1.0,20220727_083000.WAV,Foliage
276,8.0,0.37,3,3,3,0,0,0,1.0,1.0,20220727_083000.WAV,Foliage
277,8.0,0.38,3,3,3,0,0,0,1.0,1.0,20220727_083000.WAV,Foliage
278,8.0,0.39,3,3,3,0,0,0,1.0,1.0,20220727_083000.WAV,Foliage
279,8.0,0.4,3,3,3,0,0,0,1.0,1.0,20220727_083000.WAV,Foliage
280,8.0,0.41,3,3,3,0,0,0,1.0,1.0,20220727_083000.WAV,Foliage
281,8.0,0.42,3,3,3,0,0,0,1.0,1.0,20220727_083000.WAV,Foliage
282,8.0,0.43,3,3,3,0,0,0,1.0,1.0,20220727_083000.WAV,Foliage
283,8.0,0.44,3,3,3,0,0,0,1.0,1.0,20220727_083000.WAV,Foliage
284,8.0,0.45,3,3,3,0,0,0,1.0,1.0,20220727_083000.WAV,Foliage
285,8.0,0.46,3,3,3,0,0,0,1.0,1.0,20220727_083000.WAV,Foliage
286,8.0,0.47,3,3,3,0,0,0,1.0,1.0,20220727_083000.WAV,Foliage
287,8.0,0.48,3,3,3,0,0,0,1.0,1.0,20220727_083000.WAV,Foliage
288,8.0,0.49,3,3,3,0,0,0,1.0,1.0,20220727_083000.WAV,Foliage
289,8.0,0.5,3,3,3,0,0,0,1.0,1.0,20220727_083000.WAV,Foliage
290,8.0,0.51,2,3,2,0,1,0,1.0,0.6666666666666666,20220727_083000.WAV,Foliage
291,8.0,0.52,2,3,2,0,1,0,1.0,0.6666666666666666,20220727_083000.WAV,Foliage
292,8.0,0.53,2,3,2,0,1,0,1.0,0.6666666666666666,20220727_083000.WAV,Foliage
293,8.0,0.54,2,3,2,0,1,0,1.0,0.6666666666666666,20220727_083000.WAV,Foliage
294,8.0,0.55,2,3,2,0,1,0,1.0,0.6666666666666666,20220727_083000.WAV,Foliage
295,8.0,0.56,2,3,2,0,1,0,1.0,0.6666666666666666,20220727_083000.WAV,Foliage
296,8.0,0.57,2,3,2,0,1,0,1.0,0.6666666666666666,20220727_083000.WAV,Foliage
297,8.0,0.58,2,3,2,0,1,0,1.0,0.6666666666666666,20220727_083000.WAV,Foliage
298,8.0,0.59,2,3,2,0,1,0,1.0,0.6666666666666666,20220727_083000.WAV,Foliage
299,8.0,0.6,2,3,2,0,1,0,1.0,0.6666666666666666,20220727_083000.WAV,Foliage
300,10.0,0.01,1,1,1,0,0,0,1.0,1.0,20220727_083000.WAV,Foliage
301,10.0,0.02,1,1,1,0,0,0,1.0,1.0,20220727_083000.WAV,Foliage
302,10.0,0.03,1,1,1,0,0,0,1.0,1.0,20220727_083000.WAV,Foliage
303,10.0,0.04,1,1,1,0,0,0,1.0,1.0,20220727_083000.WAV,Foliage
304,10.0,0.05,1,1,1,0,0,0,1.0,1.0,20220727_083000.WAV,Foliage
305,10.0,0.06,1,1,1,0,0,0,1.0,1.0,20220727_083000.WAV,Foliage
306,10.0,0.07,1,1,1,0,0,0,1.0,1.0,20220727_083000.WAV,Foliage
307,10.0,0.08,1,1,1,0,0,0,1.0,1.0,20220727_083000.WAV,Foliage
308,10.0,0.09,1,1,1,0,0,0,1.0,1.0,20220727_083000.WAV,Foliage
309,10.0,0.1,1,1,1,0,0,0,1.0,1.0,20220727_083000.WAV,Foliage
310,10.0,0.11,1,1,1,0,0,0,1.0,1.0,20220727_083000.WAV,Foliage
311,10.0,0.12,1,1,1,0,0,0,1.0,1.0,20220727_083000.WAV,Foliage
312,10.0,0.13,1,1,1,0,0,0,1.0,1.0,20220727_083000.WAV,Foliage
313,10.0,0.14,1,1,1,0,0,0,1.0,1.0,20220727_083000.WAV,Foliage
314,10.0,0.15,1,1,1,0,0,0,1.0,1.0,20220727_083000.WAV,Foliage
315,10.0,0.16,1,1,1,0,0,0,1.0,1.0,20220727_083000.WAV,Foliage
316,10.0,0.17,1,1,1,0,0,0,1.0,1.0,20220727_083000.WAV,Foliage
317,10.0,0.18,1,1,1,0,0,0,1.0,1.0,20220727_083000.WAV,Foliage
318,10.0,0.19,1,1,1,0,0,0,1.0,1.0,20220727_083000.WAV,Foliage
319,10.0,0.2,1,1,1,0,0,0,1.0,1.0,20220727_083000.WAV,Foliage
320,10.0,0.21,1,1,1,0,0,0,1.0,1.0,20220727_083000.WAV,Foliage
321,10.0,0.22,1,1,1,0,0,0,1.0,1.0,20220727_083000.WAV,Foliage
322,10.0,0.23,1,1,1,0,0,0,1.0,1.0,20220727_083000.WAV,Foliage
323,10.0,0.24,1,1,1,0,0,0,1.0,1.0,20220727_083000.WAV,Foliage
324,10.0,0.25,1,1,1,0,0,0,1.0,1.0,20220727_083000.WAV,Foliage
325,10.0,0.26,1,1,1,0,0,0,1.0,1.0,20220727_083000.WAV,Foliage
326,10.0,0.27,1,1,1,0,0,0,1.0,1.0,20220727_083000.WAV,Foliage
327,10.0,0.28,1,1,1,0,0,0,1.0,1.0,20220727_083000.WAV,Foliage
328,10.0,0.29,1,1,1,0,0,0,1.0,1.0,20220727_083000.WAV,Foliage
329,10.0,0.3,1,1,1,0,0,0,1.0,1.0,20220727_083000.WAV,Foliage
330,10.0,0.31,1,1,1,0,0,0,1.0,1.0,20220727_083000.WAV,Foliage
331,10.0,0.32,1,1,1,0,0,0,1.0,1.0,20220727_083000.WAV,Foliage
332,10.0,0.33,1,1,1,0,0,0,1.0,1.0,20220727_083000.WAV,Foliage
333,10.0,0.34,1,1,1,0,0,0,1.0,1.0,20220727_083000.WAV,Foliage
334,10.0,0.35,1,1,1,0,0,0,1.0,1.0,20220727_083000.WAV,Foliage
335,10.0,0.36,1,1,1,0,0,0,1.0,1.0,20220727_083000.WAV,Foliage
336,10.0,0.37,1,1,1,0,0,0,1.0,1.0,20220727_083000.WAV,Foliage
337,10.0,0.38,1,1,1,0,0,0,1.0,1.0,20220727_083000.WAV,Foliage
338,10.0,0.39,1,1,1,0,0,0,1.0,1.0,20220727_083000.WAV,Foliage
339,10.0,0.4,1,1,1,0,0,0,1.0,1.0,20220727_083000.WAV,Foliage
340,10.0,0.41,1,1,1,0,0,0,1.0,1.0,20220727_083000.WAV,Foliage
341,10.0,0.42,1,1,1,0,0,0,1.0,1.0,20220727_083000.WAV,Foliage
342,10.0,0.43,1,1,1,0,0,0,1.0,1.0,20220727_083000.WAV,Foliage
343,10.0,0.44,1,1,1,0,0,0,1.0,1.0,20220727_083000.WAV,Foliage
344,10.0,0.45,1,1,1,0,0,0,1.0,1.0,20220727_083000.WAV,Foliage
345,10.0,0.46,1,1,1,0,0,0,1.0,1.0,20220727_083000.WAV,Foliage
346,10.0,0.47,1,1,1,0,0,0,1.0,1.0,20220727_083000.WAV,Foliage
347,10.0,0.48,1,1,1,0,0,0,1.0,1.0,20220727_083000.WAV,Foliage
348,10.0,0.49,1,1,1,0,0,0,1.0,1.0,20220727_083000.WAV,Foliage
349,10.0,0.5,1,1,1,0,0,0,1.0,1.0,20220727_083000.WAV,Foliage
350,10.0,0.51,1,1,1,0,0,0,1.0,1.0,20220727_083000.WAV,Foliage
351,10.0,0.52,1,1,1,0,0,0,1.0,1.0,20220727_083000.WAV,Foliage
352,10.0,0.53,1,1,1,0,0,0,1.0,1.0,20220727_083000.WAV,Foliage
353,10.0,0.54,1,1,1,0,0,0,1.0,1.0,20220727_083000.WAV,Foliage
354,10.0,0.55,1,1,1,0,0,0,1.0,1.0,20220727_083000.WAV,Foliage
355,10.0,0.56,1,1,1,0,0,0,1.0,1.0,20220727_083000.WAV,Foliage
356,10.0,0.57,1,1,1,0,0,0,1.0,1.0,20220727_083000.WAV,Foliage
357,10.0,0.58,1,1,1,0,0,0,1.0,1.0,20220727_083000.WAV,Foliage
358,10.0,0.59,1,1,1,0,0,0,1.0,1.0,20220727_083000.WAV,Foliage
359,10.0,0.6,1,1,1,0,0,0,1.0,1.0,20220727_083000.WAV,Foliage
360,12.0,0.01,0,0,0,0,0,0,,,20220727_083000.WAV,Foliage
361,12.0,0.02,0,0,0,0,0,0,,,20220727_083000.WAV,Foliage
362,12.0,0.03,0,0,0,0,0,0,,,20220727_083000.WAV,Foliage
363,12.0,0.04,0,0,0,0,0,0,,,20220727_083000.WAV,Foliage
364,12.0,0.05,0,0,0,0,0,0,,,20220727_083000.WAV,Foliage
365,12.0,0.06,0,0,0,0,0,0,,,20220727_083000.WAV,Foliage
366,12.0,0.07,0,0,0,0,0,0,,,20220727_083000.WAV,Foliage
367,12.0,0.08,0,0,0,0,0,0,,,20220727_083000.WAV,Foliage
368,12.0,0.09,0,0,0,0,0,0,,,20220727_083000.WAV,Foliage
369,12.0,0.1,0,0,0,0,0,0,,,20220727_083000.WAV,Foliage
370,12.0,0.11,0,0,0,0,0,0,,,20220727_083000.WAV,Foliage
371,12.0,0.12,0,0,0,0,0,0,,,20220727_083000.WAV,Foliage
372,12.0,0.13,0,0,0,0,0,0,,,20220727_083000.WAV,Foliage
373,12.0,0.14,0,0,0,0,0,0,,,20220727_083000.WAV,Foliage
374,12.0,0.15,0,0,0,0,0,0,,,20220727_083000.WAV,Foliage
375,12.0,0.16,0,0,0,0,0,0,,,20220727_083000.WAV,Foliage
376,12.0,0.17,0,0,0,0,0,0,,,20220727_083000.WAV,Foliage
377,12.0,0.18,0,0,0,0,0,0,,,20220727_083000.WAV,Foliage
378,12.0,0.19,0,0,0,0,0,0,,,20220727_083000.WAV,Foliage
379,12.0,0.2,0,0,0,0,0,0,,,20220727_083000.WAV,Foliage
380,12.0,0.21,0,0,0,0,0,0,,,20220727_083000.WAV,Foliage
381,12.0,0.22,0,0,0,0,0,0,,,20220727_083000.WAV,Foliage
382,12.0,0.23,0,0,0,0,0,0,,,20220727_083000.WAV,Foliage
383,12.0,0.24,0,0,0,0,0,0,,,20220727_083000.WAV,Foliage
384,12.0,0.25,0,0,0,0,0,0,,,20220727_083000.WAV,Foliage
385,12.0,0.26,0,0,0,0,0,0,,,20220727_083000.WAV,Foliage
386,12.0,0.27,0,0,0,0,0,0,,,20220727_083000.WAV,Foliage
387,12.0,0.28,0,0,0,0,0,0,,,20220727_083000.WAV,Foliage
388,12.0,0.29,0,0,0,0,0,0,,,20220727_083000.WAV,Foliage
389,12.0,0.3,0,0,0,0,0,0,,,20220727_083000.WAV,Foliage
390,12.0,0.31,0,0,0,0,0,0,,,20220727_083000.WAV,Foliage
391,12.0,0.32,0,0,0,0,0,0,,,20220727_083000.WAV,Foliage
392,12.0,0.33,0,0,0,0,0,0,,,20220727_083000.WAV,Foliage
393,12.0,0.34,0,0,0,0,0,0,,,20220727_083000.WAV,Foliage
394,12.0,0.35,0,0,0,0,0,0,,,20220727_083000.WAV,Foliage
395,12.0,0.36,0,0,0,0,0,0,,,20220727_083000.WAV,Foliage
396,12.0,0.37,0,0,0,0,0,0,,,20220727_083000.WAV,Foliage
397,12.0,0.38,0,0,0,0,0,0,,,20220727_083000.WAV,Foliage
398,12.0,0.39,0,0,0,0,0,0,,,20220727_083000.WAV,Foliage
399,12.0,0.4,0,0,0,0,0,0,,,20220727_083000.WAV,Foliage
400,12.0,0.41,0,0,0,0,0,0,,,20220727_083000.WAV,Foliage
401,12.0,0.42,0,0,0,0,0,0,,,20220727_083000.WAV,Foliage
402,12.0,0.43,0,0,0,0,0,0,,,20220727_083000.WAV,Foliage
403,12.0,0.44,0,0,0,0,0,0,,,20220727_083000.WAV,Foliage
404,12.0,0.45,0,0,0,0,0,0,,,20220727_083000.WAV,Foliage
405,12.0,0.46,0,0,0,0,0,0,,,20220727_083000.WAV,Foliage
406,12.0,0.47,0,0,0,0,0,0,,,20220727_083000.WAV,Foliage
407,12.0,0.48,0,0,0,0,0,0,,,20220727_083000.WAV,Foliage
408,12.0,0.49,0,0,0,0,0,0,,,20220727_083000.WAV,Foliage
409,12.0,0.5,0,0,0,0,0,0,,,20220727_083000.WAV,Foliage
410,12.0,0.51,0,0,0,0,0,0,,,20220727_083000.WAV,Foliage
411,12.0,0.52,0,0,0,0,0,0,,,20220727_083000.WAV,Foliage
412,12.0,0.53,0,0,0,0,0,0,,,20220727_083000.WAV,Foliage
413,12.0,0.54,0,0,0,0,0,0,,,20220727_083000.WAV,Foliage
414,12.0,0.55,0,0,0,0,0,0,,,20220727_083000.WAV,Foliage
415,12.0,0.56,0,0,0,0,0,0,,,20220727_083000.WAV,Foliage
416,12.0,0.57,0,0,0,0,0,0,,,20220727_083000.WAV,Foliage
417,12.0,0.58,0,0,0,0,0,0,,,20220727_083000.WAV,Foliage
418,12.0,0.59,0,0,0,0,0,0,,,20220727_083000.WAV,Foliage
419,12.0,0.6,0,0,0,0,0,0,,,20220727_083000.WAV,Foliage
420,14.0,0.01,0,0,0,0,0,0,,,20220727_083000.WAV,Foliage
421,14.0,0.02,0,0,0,0,0,0,,,20220727_083000.WAV,Foliage
422,14.0,0.03,0,0,0,0,0,0,,,20220727_083000.WAV,Foliage
423,14.0,0.04,0,0,0,0,0,0,,,20220727_083000.WAV,Foliage
424,14.0,0.05,0,0,0,0,0,0,,,20220727_083000.WAV,Foliage
425,14.0,0.06,0,0,0,0,0,0,,,20220727_083000.WAV,Foliage
426,14.0,0.07,0,0,0,0,0,0,,,20220727_083000.WAV,Foliage
427,14.0,0.08,0,0,0,0,0,0,,,20220727_083000.WAV,Foliage
428,14.0,0.09,0,0,0,0,0,0,,,20220727_083000.WAV,Foliage
429,14.0,0.1,0,0,0,0,0,0,,,20220727_083000.WAV,Foliage
430,14.0,0.11,0,0,0,0,0,0,,,20220727_083000.WAV,Foliage
431,14.0,0.12,0,0,0,0,0,0,,,20220727_083000.WAV,Foliage
432,14.0,0.13,0,0,0,0,0,0,,,20220727_083000.WAV,Foliage
433,14.0,0.14,0,0,0,0,0,0,,,20220727_083000.WAV,Foliage
434,14.0,0.15,0,0,0,0,0,0,,,20220727_083000.WAV,Foliage
435,14.0,0.16,0,0,0,0,0,0,,,20220727_083000.WAV,Foliage
436,14.0,0.17,0,0,0,0,0,0,,,20220727_083000.WAV,Foliage
437,14.0,0.18,0,0,0,0,0,0,,,20220727_083000.WAV,Foliage
438,14.0,0.19,0,0,0,0,0,0,,,20220727_083000.WAV,Foliage
439,14.0,0.2,0,0,0,0,0,0,,,20220727_083000.WAV,Foliage
440,14.0,0.21,0,0,0,0,0,0,,,20220727_083000.WAV,Foliage
441,14.0,0.22,0,0,0,0,0,0,,,20220727_083000.WAV,Foliage
442,14.0,0.23,0,0,0,0,0,0,,,20220727_083000.WAV,Foliage
443,14.0,0.24,0,0,0,0,0,0,,,20220727_083000.WAV,Foliage
444,14.0,0.25,0,0,0,0,0,0,,,20220727_083000.WAV,Foliage
445,14.0,0.26,0,0,0,0,0,0,,,20220727_083000.WAV,Foliage
446,14.0,0.27,0,0,0,0,0,0,,,20220727_083000.WAV,Foliage
447,14.0,0.28,0,0,0,0,0,0,,,20220727_083000.WAV,Foliage
448,14.0,0.29,0,0,0,0,0,0,,,20220727_083000.WAV,Foliage
449,14.0,0.3,0,0,0,0,0,0,,,20220727_083000.WAV,Foliage
450,14.0,0.31,0,0,0,0,0,0,,,20220727_083000.WAV,Foliage
451,14.0,0.32,0,0,0,0,0,0,,,20220727_083000.WAV,Foliage
452,14.0,0.33,0,0,0,0,0,0,,,20220727_083000.WAV,Foliage
453,14.0,0.34,0,0,0,0,0,0,,,20220727_083000.WAV,Foliage
454,14.0,0.35,0,0,0,0,0,0,,,20220727_083000.WAV,Foliage
455,14.0,0.36,0,0,0,0,0,0,,,20220727_083000.WAV,Foliage
456,14.0,0.37,0,0,0,0,0,0,,,20220727_083000.WAV,Foliage
457,14.0,0.38,0,0,0,0,0,0,,,20220727_083000.WAV,Foliage
458,14.0,0.39,0,0,0,0,0,0,,,20220727_083000.WAV,Foliage
459,14.0,0.4,0,0,0,0,0,0,,,20220727_083000.WAV,Foliage
460,14.0,0.41,0,0,0,0,0,0,,,20220727_083000.WAV,Foliage
461,14.0,0.42,0,0,0,0,0,0,,,20220727_083000.WAV,Foliage
462,14.0,0.43,0,0,0,0,0,0,,,20220727_083000.WAV,Foliage
463,14.0,0.44,0,0,0,0,0,0,,,20220727_083000.WAV,Foliage
464,14.0,0.45,0,0,0,0,0,0,,,20220727_083000.WAV,Foliage
465,14.0,0.46,0,0,0,0,0,0,,,20220727_083000.WAV,Foliage
466,14.0,0.47,0,0,0,0,0,0,,,20220727_083000.WAV,Foliage
467,14.0,0.48,0,0,0,0,0,0,,,20220727_083000.WAV,Foliage
468,14.0,0.49,0,0,0,0,0,0,,,20220727_083000.WAV,Foliage
469,14.0,0.5,0,0,0,0,0,0,,,20220727_083000.WAV,Foliage
470,14.0,0.51,0,0,0,0,0,0,,,20220727_083000.WAV,Foliage
471,14.0,0.52,0,0,0,0,0,0,,,20220727_083000.WAV,Foliage
472,14.0,0.53,0,0,0,0,0,0,,,20220727_083000.WAV,Foliage
473,14.0,0.54,0,0,0,0,0,0,,,20220727_083000.WAV,Foliage
474,14.0,0.55,0,0,0,0,0,0,,,20220727_083000.WAV,Foliage
475,14.0,0.56,0,0,0,0,0,0,,,20220727_083000.WAV,Foliage
476,14.0,0.57,0,0,0,0,0,0,,,20220727_083000.WAV,Foliage
477,14.0,0.58,0,0,0,0,0,0,,,20220727_083000.WAV,Foliage
478,14.0,0.59,0,0,0,0,0,0,,,20220727_083000.WAV,Foliage
479,14.0,0.6,0,0,0,0,0,0,,,20220727_083000.WAV,Foliage
480,16.0,0.01,0,0,0,0,0,0,,,20220727_083000.WAV,Foliage
481,16.0,0.02,0,0,0,0,0,0,,,20220727_083000.WAV,Foliage
482,16.0,0.03,0,0,0,0,0,0,,,20220727_083000.WAV,Foliage
483,16.0,0.04,0,0,0,0,0,0,,,20220727_083000.WAV,Foliage
484,16.0,0.05,0,0,0,0,0,0,,,20220727_083000.WAV,Foliage
485,16.0,0.06,0,0,0,0,0,0,,,20220727_083000.WAV,Foliage
486,16.0,0.07,0,0,0,0,0,0,,,20220727_083000.WAV,Foliage
487,16.0,0.08,0,0,0,0,0,0,,,20220727_083000.WAV,Foliage
488,16.0,0.09,0,0,0,0,0,0,,,20220727_083000.WAV,Foliage
489,16.0,0.1,0,0,0,0,0,0,,,20220727_083000.WAV,Foliage
490,16.0,0.11,0,0,0,0,0,0,,,20220727_083000.WAV,Foliage
491,16.0,0.12,0,0,0,0,0,0,,,20220727_083000.WAV,Foliage
492,16.0,0.13,0,0,0,0,0,0,,,20220727_083000.WAV,Foliage
493,16.0,0.14,0,0,0,0,0,0,,,20220727_083000.WAV,Foliage
494,16.0,0.15,0,0,0,0,0,0,,,20220727_083000.WAV,Foliage
495,16.0,0.16,0,0,0,0,0,0,,,20220727_083000.WAV,Foliage
496,16.0,0.17,0,0,0,0,0,0,,,20220727_083000.WAV,Foliage
497,16.0,0.18,0,0,0,0,0,0,,,20220727_083000.WAV,Foliage
498,16.0,0.19,0,0,0,0,0,0,,,20220727_083000.WAV,Foliage
499,16.0,0.2,0,0,0,0,0,0,,,20220727_083000.WAV,Foliage
500,16.0,0.21,0,0,0,0,0,0,,,20220727_083000.WAV,Foliage
501,16.0,0.22,0,0,0,0,0,0,,,20220727_083000.WAV,Foliage
502,16.0,0.23,0,0,0,0,0,0,,,20220727_083000.WAV,Foliage
503,16.0,0.24,0,0,0,0,0,0,,,20220727_083000.WAV,Foliage
504,16.0,0.25,0,0,0,0,0,0,,,20220727_083000.WAV,Foliage
505,16.0,0.26,0,0,0,0,0,0,,,20220727_083000.WAV,Foliage
506,16.0,0.27,0,0,0,0,0,0,,,20220727_083000.WAV,Foliage
507,16.0,0.28,0,0,0,0,0,0,,,20220727_083000.WAV,Foliage
508,16.0,0.29,0,0,0,0,0,0,,,20220727_083000.WAV,Foliage
509,16.0,0.3,0,0,0,0,0,0,,,20220727_083000.WAV,Foliage
510,16.0,0.31,0,0,0,0,0,0,,,20220727_083000.WAV,Foliage
511,16.0,0.32,0,0,0,0,0,0,,,20220727_083000.WAV,Foliage
512,16.0,0.33,0,0,0,0,0,0,,,20220727_083000.WAV,Foliage
513,16.0,0.34,0,0,0,0,0,0,,,20220727_083000.WAV,Foliage
514,16.0,0.35,0,0,0,0,0,0,,,20220727_083000.WAV,Foliage
515,16.0,0.36,0,0,0,0,0,0,,,20220727_083000.WAV,Foliage
516,16.0,0.37,0,0,0,0,0,0,,,20220727_083000.WAV,Foliage
517,16.0,0.38,0,0,0,0,0,0,,,20220727_083000.WAV,Foliage
518,16.0,0.39,0,0,0,0,0,0,,,20220727_083000.WAV,Foliage
519,16.0,0.4,0,0,0,0,0,0,,,20220727_083000.WAV,Foliage
520,16.0,0.41,0,0,0,0,0,0,,,20220727_083000.WAV,Foliage
521,16.0,0.42,0,0,0,0,0,0,,,20220727_083000.WAV,Foliage
522,16.0,0.43,0,0,0,0,0,0,,,20220727_083000.WAV,Foliage
523,16.0,0.44,0,0,0,0,0,0,,,20220727_083000.WAV,Foliage
524,16.0,0.45,0,0,0,0,0,0,,,20220727_083000.WAV,Foliage
525,16.0,0.46,0,0,0,0,0,0,,,20220727_083000.WAV,Foliage
526,16.0,0.47,0,0,0,0,0,0,,,20220727_083000.WAV,Foliage
527,16.0,0.48,0,0,0,0,0,0,,,20220727_083000.WAV,Foliage
528,16.0,0.49,0,0,0,0,0,0,,,20220727_083000.WAV,Foliage
529,16.0,0.5,0,0,0,0,0,0,,,20220727_083000.WAV,Foliage
530,16.0,0.51,0,0,0,0,0,0,,,20220727_083000.WAV,Foliage
531,16.0,0.52,0,0,0,0,0,0,,,20220727_083000.WAV,Foliage
532,16.0,0.53,0,0,0,0,0,0,,,20220727_083000.WAV,Foliage
533,16.0,0.54,0,0,0,0,0,0,,,20220727_083000.WAV,Foliage
534,16.0,0.55,0,0,0,0,0,0,,,20220727_083000.WAV,Foliage
535,16.0,0.56,0,0,0,0,0,0,,,20220727_083000.WAV,Foliage
536,16.0,0.57,0,0,0,0,0,0,,,20220727_083000.WAV,Foliage
537,16.0,0.58,0,0,0,0,0,0,,,20220727_083000.WAV,Foliage
538,16.0,0.59,0,0,0,0,0,0,,,20220727_083000.WAV,Foliage
539,16.0,0.6,0,0,0,0,0,0,,,20220727_083000.WAV,Foliage
540,18.0,0.01,0,0,0,0,0,0,,,20220727_083000.WAV,Foliage
541,18.0,0.02,0,0,0,0,0,0,,,20220727_083000.WAV,Foliage
542,18.0,0.03,0,0,0,0,0,0,,,20220727_083000.WAV,Foliage
543,18.0,0.04,0,0,0,0,0,0,,,20220727_083000.WAV,Foliage
544,18.0,0.05,0,0,0,0,0,0,,,20220727_083000.WAV,Foliage
545,18.0,0.06,0,0,0,0,0,0,,,20220727_083000.WAV,Foliage
546,18.0,0.07,0,0,0,0,0,0,,,20220727_083000.WAV,Foliage
547,18.0,0.08,0,0,0,0,0,0,,,20220727_083000.WAV,Foliage
548,18.0,0.09,0,0,0,0,0,0,,,20220727_083000.WAV,Foliage
549,18.0,0.1,0,0,0,0,0,0,,,20220727_083000.WAV,Foliage
550,18.0,0.11,0,0,0,0,0,0,,,20220727_083000.WAV,Foliage
551,18.0,0.12,0,0,0,0,0,0,,,20220727_083000.WAV,Foliage
552,18.0,0.13,0,0,0,0,0,0,,,20220727_083000.WAV,Foliage
553,18.0,0.14,0,0,0,0,0,0,,,20220727_083000.WAV,Foliage
554,18.0,0.15,0,0,0,0,0,0,,,20220727_083000.WAV,Foliage
555,18.0,0.16,0,0,0,0,0,0,,,20220727_083000.WAV,Foliage
556,18.0,0.17,0,0,0,0,0,0,,,20220727_083000.WAV,Foliage
557,18.0,0.18,0,0,0,0,0,0,,,20220727_083000.WAV,Foliage
558,18.0,0.19,0,0,0,0,0,0,,,20220727_083000.WAV,Foliage
559,18.0,0.2,0,0,0,0,0,0,,,20220727_083000.WAV,Foliage
560,18.0,0.21,0,0,0,0,0,0,,,20220727_083000.WAV,Foliage
561,18.0,0.22,0,0,0,0,0,0,,,20220727_083000.WAV,Foliage
562,18.0,0.23,0,0,0,0,0,0,,,20220727_083000.WAV,Foliage
563,18.0,0.24,0,0,0,0,0,0,,,20220727_083000.WAV,Foliage
564,18.0,0.25,0,0,0,0,0,0,,,20220727_083000.WAV,Foliage
565,18.0,0.26,0,0,0,0,0,0,,,20220727_083000.WAV,Foliage
566,18.0,0.27,0,0,0,0,0,0,,,20220727_083000.WAV,Foliage
567,18.0,0.28,0,0,0,0,0,0,,,20220727_083000.WAV,Foliage
568,18.0,0.29,0,0,0,0,0,0,,,20220727_083000.WAV,Foliage
569,18.0,0.3,0,0,0,0,0,0,,,20220727_083000.WAV,Foliage
570,18.0,0.31,0,0,0,0,0,0,,,20220727_083000.WAV,Foliage
571,18.0,0.32,0,0,0,0,0,0,,,20220727_083000.WAV,Foliage
572,18.0,0.33,0,0,0,0,0,0,,,20220727_083000.WAV,Foliage
573,18.0,0.34,0,0,0,0,0,0,,,20220727_083000.WAV,Foliage
574,18.0,0.35,0,0,0,0,0,0,,,20220727_083000.WAV,Foliage
575,18.0,0.36,0,0,0,0,0,0,,,20220727_083000.WAV,Foliage
576,18.0,0.37,0,0,0,0,0,0,,,20220727_083000.WAV,Foliage
577,18.0,0.38,0,0,0,0,0,0,,,20220727_083000.WAV,Foliage
578,18.0,0.39,0,0,0,0,0,0,,,20220727_083000.WAV,Foliage
579,18.0,0.4,0,0,0,0,0,0,,,20220727_083000.WAV,Foliage
580,18.0,0.41,0,0,0,0,0,0,,,20220727_083000.WAV,Foliage
581,18.0,0.42,0,0,0,0,0,0,,,20220727_083000.WAV,Foliage
582,18.0,0.43,0,0,0,0,0,0,,,20220727_083000.WAV,Foliage
583,18.0,0.44,0,0,0,0,0,0,,,20220727_083000.WAV,Foliage
584,18.0,0.45,0,0,0,0,0,0,,,20220727_083000.WAV,Foliage
585,18.0,0.46,0,0,0,0,0,0,,,20220727_083000.WAV,Foliage
586,18.0,0.47,0,0,0,0,0,0,,,20220727_083000.WAV,Foliage
587,18.0,0.48,0,0,0,0,0,0,,,20220727_083000.WAV,Foliage
588,18.0,0.49,0,0,0,0,0,0,,,20220727_083000.WAV,Foliage
589,18.0,0.5,0,0,0,0,0,0,,,20220727_083000.WAV,Foliage
590,18.0,0.51,0,0,0,0,0,0,,,20220727_083000.WAV,Foliage
591,18.0,0.52,0,0,0,0,0,0,,,20220727_083000.WAV,Foliage
592,18.0,0.53,0,0,0,0,0,0,,,20220727_083000.WAV,Foliage
593,18.0,0.54,0,0,0,0,0,0,,,20220727_083000.WAV,Foliage
594,18.0,0.55,0,0,0,0,0,0,,,20220727_083000.WAV,Foliage
595,18.0,0.56,0,0,0,0,0,0,,,20220727_083000.WAV,Foliage
596,18.0,0.57,0,0,0,0,0,0,,,20220727_083000.WAV,Foliage
597,18.0,0.58,0,0,0,0,0,0,,,20220727_083000.WAV,Foliage
598,18.0,0.59,0,0,0,0,0,0,,,20220727_083000.WAV,Foliage
599,18.0,0.6,0,0,0,0,0,0,,,20220727_083000.WAV,Foliage
600,20.0,0.01,0,0,0,0,0,0,,,20220727_083000.WAV,Foliage
601,20.0,0.02,0,0,0,0,0,0,,,20220727_083000.WAV,Foliage
602,20.0,0.03,0,0,0,0,0,0,,,20220727_083000.WAV,Foliage
603,20.0,0.04,0,0,0,0,0,0,,,20220727_083000.WAV,Foliage
604,20.0,0.05,0,0,0,0,0,0,,,20220727_083000.WAV,Foliage
605,20.0,0.06,0,0,0,0,0,0,,,20220727_083000.WAV,Foliage
606,20.0,0.07,0,0,0,0,0,0,,,20220727_083000.WAV,Foliage
607,20.0,0.08,0,0,0,0,0,0,,,20220727_083000.WAV,Foliage
608,20.0,0.09,0,0,0,0,0,0,,,20220727_083000.WAV,Foliage
609,20.0,0.1,0,0,0,0,0,0,,,20220727_083000.WAV,Foliage
610,20.0,0.11,0,0,0,0,0,0,,,20220727_083000.WAV,Foliage
611,20.0,0.12,0,0,0,0,0,0,,,20220727_083000.WAV,Foliage
612,20.0,0.13,0,0,0,0,0,0,,,20220727_083000.WAV,Foliage
613,20.0,0.14,0,0,0,0,0,0,,,20220727_083000.WAV,Foliage
614,20.0,0.15,0,0,0,0,0,0,,,20220727_083000.WAV,Foliage
615,20.0,0.16,0,0,0,0,0,0,,,20220727_083000.WAV,Foliage
616,20.0,0.17,0,0,0,0,0,0,,,20220727_083000.WAV,Foliage
617,20.0,0.18,0,0,0,0,0,0,,,20220727_083000.WAV,Foliage
618,20.0,0.19,0,0,0,0,0,0,,,20220727_083000.WAV,Foliage
619,20.0,0.2,0,0,0,0,0,0,,,20220727_083000.WAV,Foliage
620,20.0,0.21,0,0,0,0,0,0,,,20220727_083000.WAV,Foliage
621,20.0,0.22,0,0,0,0,0,0,,,20220727_083000.WAV,Foliage
622,20.0,0.23,0,0,0,0,0,0,,,20220727_083000.WAV,Foliage
623,20.0,0.24,0,0,0,0,0,0,,,20220727_083000.WAV,Foliage
624,20.0,0.25,0,0,0,0,0,0,,,20220727_083000.WAV,Foliage
625,20.0,0.26,0,0,0,0,0,0,,,20220727_083000.WAV,Foliage
626,20.0,0.27,0,0,0,0,0,0,,,20220727_083000.WAV,Foliage
627,20.0,0.28,0,0,0,0,0,0,,,20220727_083000.WAV,Foliage
628,20.0,0.29,0,0,0,0,0,0,,,20220727_083000.WAV,Foliage
629,20.0,0.3,0,0,0,0,0,0,,,20220727_083000.WAV,Foliage
630,20.0,0.31,0,0,0,0,0,0,,,20220727_083000.WAV,Foliage
631,20.0,0.32,0,0,0,0,0,0,,,20220727_083000.WAV,Foliage
632,20.0,0.33,0,0,0,0,0,0,,,20220727_083000.WAV,Foliage
633,20.0,0.34,0,0,0,0,0,0,,,20220727_083000.WAV,Foliage
634,20.0,0.35,0,0,0,0,0,0,,,20220727_083000.WAV,Foliage
635,20.0,0.36,0,0,0,0,0,0,,,20220727_083000.WAV,Foliage
636,20.0,0.37,0,0,0,0,0,0,,,20220727_083000.WAV,Foliage
637,20.0,0.38,0,0,0,0,0,0,,,20220727_083000.WAV,Foliage
638,20.0,0.39,0,0,0,0,0,0,,,20220727_083000.WAV,Foliage
639,20.0,0.4,0,0,0,0,0,0,,,20220727_083000.WAV,Foliage
640,20.0,0.41,0,0,0,0,0,0,,,20220727_083000.WAV,Foliage
641,20.0,0.42,0,0,0,0,0,0,,,20220727_083000.WAV,Foliage
642,20.0,0.43,0,0,0,0,0,0,,,20220727_083000.WAV,Foliage
643,20.0,0.44,0,0,0,0,0,0,,,20220727_083000.WAV,Foliage
644,20.0,0.45,0,0,0,0,0,0,,,20220727_083000.WAV,Foliage
645,20.0,0.46,0,0,0,0,0,0,,,20220727_083000.WAV,Foliage
646,20.0,0.47,0,0,0,0,0,0,,,20220727_083000.WAV,Foliage
647,20.0,0.48,0,0,0,0,0,0,,,20220727_083000.WAV,Foliage
648,20.0,0.49,0,0,0,0,0,0,,,20220727_083000.WAV,Foliage
649,20.0,0.5,0,0,0,0,0,0,,,20220727_083000.WAV,Foliage
650,20.0,0.51,0,0,0,0,0,0,,,20220727_083000.WAV,Foliage
651,20.0,0.52,0,0,0,0,0,0,,,20220727_083000.WAV,Foliage
652,20.0,0.53,0,0,0,0,0,0,,,20220727_083000.WAV,Foliage
653,20.0,0.54,0,0,0,0,0,0,,,20220727_083000.WAV,Foliage
654,20.0,0.55,0,0,0,0,0,0,,,20220727_083000.WAV,Foliage
655,20.0,0.56,0,0,0,0,0,0,,,20220727_083000.WAV,Foliage
656,20.0,0.57,0,0,0,0,0,0,,,20220727_083000.WAV,Foliage
657,20.0,0.58,0,0,0,0,0,0,,,20220727_083000.WAV,Foliage
658,20.0,0.59,0,0,0,0,0,0,,,20220727_083000.WAV,Foliage
659,20.0,0.6,0,0,0,0,0,0,,,20220727_083000.WAV,Foliage
0,0.0,0.01,23825,3,2,23823,1,0,8.394543546694649e-05,0.6666666666666666,20220829_090000.WAV,Foliage
1,0.0,0.02,23781,3,2,23779,1,0,8.410075270173668e-05,0.6666666666666666,20220829_090000.WAV,Foliage
2,0.0,0.03,6141,3,2,6139,1,0,0.0003256798567008631,0.6666666666666666,20220829_090000.WAV,Foliage
3,0.0,0.04,1812,3,2,1810,1,0,0.0011037527593818985,0.6666666666666666,20220829_090000.WAV,Foliage
4,0.0,0.05,760,3,2,758,1,0,0.002631578947368421,0.6666666666666666,20220829_090000.WAV,Foliage
5,0.0,0.06,388,3,2,386,1,0,0.005154639175257732,0.6666666666666666,20220829_090000.WAV,Foliage
6,0.0,0.07,209,3,2,207,1,0,0.009569377990430622,0.6666666666666666,20220829_090000.WAV,Foliage
7,0.0,0.08,124,3,2,122,1,0,0.016129032258064516,0.6666666666666666,20220829_090000.WAV,Foliage
8,0.0,0.09,80,3,2,78,1,0,0.025,0.6666666666666666,20220829_090000.WAV,Foliage
9,0.0,0.1,55,3,2,53,1,0,0.03636363636363636,0.6666666666666666,20220829_090000.WAV,Foliage
10,0.0,0.11,39,3,1,38,2,0,0.02564102564102564,0.3333333333333333,20220829_090000.WAV,Foliage
11,0.0,0.12,31,3,1,30,2,0,0.03225806451612903,0.3333333333333333,20220829_090000.WAV,Foliage
12,0.0,0.13,22,3,1,21,2,0,0.045454545454545456,0.3333333333333333,20220829_090000.WAV,Foliage
13,0.0,0.14,14,3,1,13,2,0,0.07142857142857142,0.3333333333333333,20220829_090000.WAV,Foliage
14,0.0,0.15,8,3,1,7,2,0,0.125,0.3333333333333333,20220829_090000.WAV,Foliage
15,0.0,0.16,8,3,1,7,2,0,0.125,0.3333333333333333,20220829_090000.WAV,Foliage
16,0.0,0.17,4,3,1,3,2,0,0.25,0.3333333333333333,20220829_090000.WAV,Foliage
17,0.0,0.18,4,3,1,3,2,0,0.25,0.3333333333333333,20220829_090000.WAV,Foliage
18,0.0,0.19,4,3,1,3,2,0,0.25,0.3333333333333333,20220829_090000.WAV,Foliage
19,0.0,0.2,4,3,1,3,2,0,0.25,0.3333333333333333,20220829_090000.WAV,Foliage
20,0.0,0.21,3,3,1,2,2,0,0.3333333333333333,0.3333333333333333,20220829_090000.WAV,Foliage
21,0.0,0.22,2,3,1,1,2,0,0.5,0.3333333333333333,20220829_090000.WAV,Foliage
22,0.0,0.23,1,3,1,0,2,0,1.0,0.3333333333333333,20220829_090000.WAV,Foliage
23,0.0,0.24,1,3,1,0,2,0,1.0,0.3333333333333333,20220829_090000.WAV,Foliage
24,0.0,0.25,1,3,1,0,2,0,1.0,0.3333333333333333,20220829_090000.WAV,Foliage
25,0.0,0.26,1,3,1,0,2,0,1.0,0.3333333333333333,20220829_090000.WAV,Foliage
26,0.0,0.27,1,3,1,0,2,0,1.0,0.3333333333333333,20220829_090000.WAV,Foliage
27,0.0,0.28,1,3,1,0,2,0,1.0,0.3333333333333333,20220829_090000.WAV,Foliage
28,0.0,0.29,1,3,1,0,2,0,1.0,0.3333333333333333,20220829_090000.WAV,Foliage
29,0.0,0.3,1,3,1,0,2,0,1.0,0.3333333333333333,20220829_090000.WAV,Foliage
30,0.0,0.31,1,3,1,0,2,0,1.0,0.3333333333333333,20220829_090000.WAV,Foliage
31,0.0,0.32,1,3,1,0,2,0,1.0,0.3333333333333333,20220829_090000.WAV,Foliage
32,0.0,0.33,1,3,1,0,2,0,1.0,0.3333333333333333,20220829_090000.WAV,Foliage
33,0.0,0.34,1,3,1,0,2,0,1.0,0.3333333333333333,20220829_090000.WAV,Foliage
34,0.0,0.35,1,3,1,0,2,0,1.0,0.3333333333333333,20220829_090000.WAV,Foliage
35,0.0,0.36,1,3,1,0,2,0,1.0,0.3333333333333333,20220829_090000.WAV,Foliage
36,0.0,0.37,1,3,1,0,2,0,1.0,0.3333333333333333,20220829_090000.WAV,Foliage
37,0.0,0.38,1,3,1,0,2,0,1.0,0.3333333333333333,20220829_090000.WAV,Foliage
38,0.0,0.39,0,3,0,0,3,0,,0.0,20220829_090000.WAV,Foliage
39,0.0,0.4,0,3,0,0,3,0,,0.0,20220829_090000.WAV,Foliage
40,0.0,0.41,0,3,0,0,3,0,,0.0,20220829_090000.WAV,Foliage
41,0.0,0.42,0,3,0,0,3,0,,0.0,20220829_090000.WAV,Foliage
42,0.0,0.43,0,3,0,0,3,0,,0.0,20220829_090000.WAV,Foliage
43,0.0,0.44,0,3,0,0,3,0,,0.0,20220829_090000.WAV,Foliage
44,0.0,0.45,0,3,0,0,3,0,,0.0,20220829_090000.WAV,Foliage
45,0.0,0.46,0,3,0,0,3,0,,0.0,20220829_090000.WAV,Foliage
46,0.0,0.47,0,3,0,0,3,0,,0.0,20220829_090000.WAV,Foliage
47,0.0,0.48,0,3,0,0,3,0,,0.0,20220829_090000.WAV,Foliage
48,0.0,0.49,0,3,0,0,3,0,,0.0,20220829_090000.WAV,Foliage
49,0.0,0.5,0,3,0,0,3,0,,0.0,20220829_090000.WAV,Foliage
50,0.0,0.51,0,3,0,0,3,0,,0.0,20220829_090000.WAV,Foliage
51,0.0,0.52,0,3,0,0,3,0,,0.0,20220829_090000.WAV,Foliage
52,0.0,0.53,0,3,0,0,3,0,,0.0,20220829_090000.WAV,Foliage
53,0.0,0.54,0,3,0,0,3,0,,0.0,20220829_090000.WAV,Foliage
54,0.0,0.55,0,3,0,0,3,0,,0.0,20220829_090000.WAV,Foliage
55,0.0,0.56,0,3,0,0,3,0,,0.0,20220829_090000.WAV,Foliage
56,0.0,0.57,0,3,0,0,3,0,,0.0,20220829_090000.WAV,Foliage
57,0.0,0.58,0,3,0,0,3,0,,0.0,20220829_090000.WAV,Foliage
58,0.0,0.59,0,3,0,0,3,0,,0.0,20220829_090000.WAV,Foliage
59,0.0,0.6,0,3,0,0,3,0,,0.0,20220829_090000.WAV,Foliage
60,2.0,0.01,1049,1,1,1048,0,0,0.0009532888465204957,1.0,20220829_090000.WAV,Foliage
61,2.0,0.02,1048,1,1,1047,0,0,0.0009541984732824427,1.0,20220829_090000.WAV,Foliage
62,2.0,0.03,333,1,1,332,0,0,0.003003003003003003,1.0,20220829_090000.WAV,Foliage
63,2.0,0.04,110,1,1,109,0,0,0.00909090909090909,1.0,20220829_090000.WAV,Foliage
64,2.0,0.05,52,1,1,51,0,0,0.019230769230769232,1.0,20220829_090000.WAV,Foliage
65,2.0,0.06,30,1,1,29,0,0,0.03333333333333333,1.0,20220829_090000.WAV,Foliage
66,2.0,0.07,22,1,1,21,0,0,0.045454545454545456,1.0,20220829_090000.WAV,Foliage
67,2.0,0.08,17,1,1,16,0,0,0.058823529411764705,1.0,20220829_090000.WAV,Foliage
68,2.0,0.09,12,1,1,11,0,0,0.08333333333333333,1.0,20220829_090000.WAV,Foliage
69,2.0,0.1,8,1,1,7,0,0,0.125,1.0,20220829_090000.WAV,Foliage
70,2.0,0.11,6,1,1,5,0,0,0.16666666666666666,1.0,20220829_090000.WAV,Foliage
71,2.0,0.12,6,1,1,5,0,0,0.16666666666666666,1.0,20220829_090000.WAV,Foliage
72,2.0,0.13,4,1,1,3,0,0,0.25,1.0,20220829_090000.WAV,Foliage
73,2.0,0.14,3,1,1,2,0,0,0.3333333333333333,1.0,20220829_090000.WAV,Foliage
74,2.0,0.15,1,1,1,0,0,0,1.0,1.0,20220829_090000.WAV,Foliage
75,2.0,0.16,1,1,1,0,0,0,1.0,1.0,20220829_090000.WAV,Foliage
76,2.0,0.17,1,1,1,0,0,0,1.0,1.0,20220829_090000.WAV,Foliage
77,2.0,0.18,1,1,1,0,0,0,1.0,1.0,20220829_090000.WAV,Foliage
78,2.0,0.19,1,1,1,0,0,0,1.0,1.0,20220829_090000.WAV,Foliage
79,2.0,0.2,1,1,1,0,0,0,1.0,1.0,20220829_090000.WAV,Foliage
80,2.0,0.21,1,1,1,0,0,0,1.0,1.0,20220829_090000.WAV,Foliage
81,2.0,0.22,1,1,1,0,0,0,1.0,1.0,20220829_090000.WAV,Foliage
82,2.0,0.23,1,1,1,0,0,0,1.0,1.0,20220829_090000.WAV,Foliage
83,2.0,0.24,1,1,1,0,0,0,1.0,1.0,20220829_090000.WAV,Foliage
84,2.0,0.25,1,1,1,0,0,0,1.0,1.0,20220829_090000.WAV,Foliage
85,2.0,0.26,1,1,1,0,0,0,1.0,1.0,20220829_090000.WAV,Foliage
86,2.0,0.27,1,1,1,0,0,0,1.0,1.0,20220829_090000.WAV,Foliage
87,2.0,0.28,1,1,1,0,0,0,1.0,1.0,20220829_090000.WAV,Foliage
88,2.0,0.29,1,1,1,0,0,0,1.0,1.0,20220829_090000.WAV,Foliage
89,2.0,0.3,1,1,1,0,0,0,1.0,1.0,20220829_090000.WAV,Foliage
90,2.0,0.31,1,1,1,0,0,0,1.0,1.0,20220829_090000.WAV,Foliage
91,2.0,0.32,1,1,1,0,0,0,1.0,1.0,20220829_090000.WAV,Foliage
92,2.0,0.33,1,1,1,0,0,0,1.0,1.0,20220829_090000.WAV,Foliage
93,2.0,0.34,1,1,1,0,0,0,1.0,1.0,20220829_090000.WAV,Foliage
94,2.0,0.35,1,1,1,0,0,0,1.0,1.0,20220829_090000.WAV,Foliage
95,2.0,0.36,1,1,1,0,0,0,1.0,1.0,20220829_090000.WAV,Foliage
96,2.0,0.37,1,1,1,0,0,0,1.0,1.0,20220829_090000.WAV,Foliage
97,2.0,0.38,1,1,1,0,0,0,1.0,1.0,20220829_090000.WAV,Foliage
98,2.0,0.39,0,1,0,0,1,0,,0.0,20220829_090000.WAV,Foliage
99,2.0,0.4,0,1,0,0,1,0,,0.0,20220829_090000.WAV,Foliage
100,2.0,0.41,0,1,0,0,1,0,,0.0,20220829_090000.WAV,Foliage
101,2.0,0.42,0,1,0,0,1,0,,0.0,20220829_090000.WAV,Foliage
102,2.0,0.43,0,1,0,0,1,0,,0.0,20220829_090000.WAV,Foliage
103,2.0,0.44,0,1,0,0,1,0,,0.0,20220829_090000.WAV,Foliage
104,2.0,0.45,0,1,0,0,1,0,,0.0,20220829_090000.WAV,Foliage
105,2.0,0.46,0,1,0,0,1,0,,0.0,20220829_090000.WAV,Foliage
106,2.0,0.47,0,1,0,0,1,0,,0.0,20220829_090000.WAV,Foliage
107,2.0,0.48,0,1,0,0,1,0,,0.0,20220829_090000.WAV,Foliage
108,2.0,0.49,0,1,0,0,1,0,,0.0,20220829_090000.WAV,Foliage
109,2.0,0.5,0,1,0,0,1,0,,0.0,20220829_090000.WAV,Foliage
110,2.0,0.51,0,1,0,0,1,0,,0.0,20220829_090000.WAV,Foliage
111,2.0,0.52,0,1,0,0,1,0,,0.0,20220829_090000.WAV,Foliage
112,2.0,0.53,0,1,0,0,1,0,,0.0,20220829_090000.WAV,Foliage
113,2.0,0.54,0,1,0,0,1,0,,0.0,20220829_090000.WAV,Foliage
114,2.0,0.55,0,1,0,0,1,0,,0.0,20220829_090000.WAV,Foliage
115,2.0,0.56,0,1,0,0,1,0,,0.0,20220829_090000.WAV,Foliage
116,2.0,0.57,0,1,0,0,1,0,,0.0,20220829_090000.WAV,Foliage
117,2.0,0.58,0,1,0,0,1,0,,0.0,20220829_090000.WAV,Foliage
118,2.0,0.59,0,1,0,0,1,0,,0.0,20220829_090000.WAV,Foliage
119,2.0,0.6,0,1,0,0,1,0,,0.0,20220829_090000.WAV,Foliage
120,4.0,0.01,2,1,1,1,0,0,0.5,1.0,20220829_090000.WAV,Foliage
121,4.0,0.02,2,1,1,1,0,0,0.5,1.0,20220829_090000.WAV,Foliage
122,4.0,0.03,1,1,1,0,0,0,1.0,1.0,20220829_090000.WAV,Foliage
123,4.0,0.04,1,1,1,0,0,0,1.0,1.0,20220829_090000.WAV,Foliage
124,4.0,0.05,1,1,1,0,0,0,1.0,1.0,20220829_090000.WAV,Foliage
125,4.0,0.06,1,1,1,0,0,0,1.0,1.0,20220829_090000.WAV,Foliage
126,4.0,0.07,1,1,1,0,0,0,1.0,1.0,20220829_090000.WAV,Foliage
127,4.0,0.08,1,1,1,0,0,0,1.0,1.0,20220829_090000.WAV,Foliage
128,4.0,0.09,1,1,1,0,0,0,1.0,1.0,20220829_090000.WAV,Foliage
129,4.0,0.1,1,1,1,0,0,0,1.0,1.0,20220829_090000.WAV,Foliage
130,4.0,0.11,1,1,1,0,0,0,1.0,1.0,20220829_090000.WAV,Foliage
131,4.0,0.12,1,1,1,0,0,0,1.0,1.0,20220829_090000.WAV,Foliage
132,4.0,0.13,1,1,1,0,0,0,1.0,1.0,20220829_090000.WAV,Foliage
133,4.0,0.14,1,1,1,0,0,0,1.0,1.0,20220829_090000.WAV,Foliage
134,4.0,0.15,1,1,1,0,0,0,1.0,1.0,20220829_090000.WAV,Foliage
135,4.0,0.16,1,1,1,0,0,0,1.0,1.0,20220829_090000.WAV,Foliage
136,4.0,0.17,1,1,1,0,0,0,1.0,1.0,20220829_090000.WAV,Foliage
137,4.0,0.18,1,1,1,0,0,0,1.0,1.0,20220829_090000.WAV,Foliage
138,4.0,0.19,1,1,1,0,0,0,1.0,1.0,20220829_090000.WAV,Foliage
139,4.0,0.2,1,1,1,0,0,0,1.0,1.0,20220829_090000.WAV,Foliage
140,4.0,0.21,1,1,1,0,0,0,1.0,1.0,20220829_090000.WAV,Foliage
141,4.0,0.22,1,1,1,0,0,0,1.0,1.0,20220829_090000.WAV,Foliage
142,4.0,0.23,1,1,1,0,0,0,1.0,1.0,20220829_090000.WAV,Foliage
143,4.0,0.24,1,1,1,0,0,0,1.0,1.0,20220829_090000.WAV,Foliage
144,4.0,0.25,1,1,1,0,0,0,1.0,1.0,20220829_090000.WAV,Foliage
145,4.0,0.26,1,1,1,0,0,0,1.0,1.0,20220829_090000.WAV,Foliage
146,4.0,0.27,1,1,1,0,0,0,1.0,1.0,20220829_090000.WAV,Foliage
147,4.0,0.28,1,1,1,0,0,0,1.0,1.0,20220829_090000.WAV,Foliage
148,4.0,0.29,1,1,1,0,0,0,1.0,1.0,20220829_090000.WAV,Foliage
149,4.0,0.3,1,1,1,0,0,0,1.0,1.0,20220829_090000.WAV,Foliage
150,4.0,0.31,1,1,1,0,0,0,1.0,1.0,20220829_090000.WAV,Foliage
151,4.0,0.32,1,1,1,0,0,0,1.0,1.0,20220829_090000.WAV,Foliage
152,4.0,0.33,1,1,1,0,0,0,1.0,1.0,20220829_090000.WAV,Foliage
153,4.0,0.34,1,1,1,0,0,0,1.0,1.0,20220829_090000.WAV,Foliage
154,4.0,0.35,1,1,1,0,0,0,1.0,1.0,20220829_090000.WAV,Foliage
155,4.0,0.36,1,1,1,0,0,0,1.0,1.0,20220829_090000.WAV,Foliage
156,4.0,0.37,1,1,1,0,0,0,1.0,1.0,20220829_090000.WAV,Foliage
157,4.0,0.38,1,1,1,0,0,0,1.0,1.0,20220829_090000.WAV,Foliage
158,4.0,0.39,0,1,0,0,1,0,,0.0,20220829_090000.WAV,Foliage
159,4.0,0.4,0,1,0,0,1,0,,0.0,20220829_090000.WAV,Foliage
160,4.0,0.41,0,1,0,0,1,0,,0.0,20220829_090000.WAV,Foliage
161,4.0,0.42,0,1,0,0,1,0,,0.0,20220829_090000.WAV,Foliage
162,4.0,0.43,0,1,0,0,1,0,,0.0,20220829_090000.WAV,Foliage
163,4.0,0.44,0,1,0,0,1,0,,0.0,20220829_090000.WAV,Foliage
164,4.0,0.45,0,1,0,0,1,0,,0.0,20220829_090000.WAV,Foliage
165,4.0,0.46,0,1,0,0,1,0,,0.0,20220829_090000.WAV,Foliage
166,4.0,0.47,0,1,0,0,1,0,,0.0,20220829_090000.WAV,Foliage
167,4.0,0.48,0,1,0,0,1,0,,0.0,20220829_090000.WAV,Foliage
168,4.0,0.49,0,1,0,0,1,0,,0.0,20220829_090000.WAV,Foliage
169,4.0,0.5,0,1,0,0,1,0,,0.0,20220829_090000.WAV,Foliage
170,4.0,0.51,0,1,0,0,1,0,,0.0,20220829_090000.WAV,Foliage
171,4.0,0.52,0,1,0,0,1,0,,0.0,20220829_090000.WAV,Foliage
172,4.0,0.53,0,1,0,0,1,0,,0.0,20220829_090000.WAV,Foliage
173,4.0,0.54,0,1,0,0,1,0,,0.0,20220829_090000.WAV,Foliage
174,4.0,0.55,0,1,0,0,1,0,,0.0,20220829_090000.WAV,Foliage
175,4.0,0.56,0,1,0,0,1,0,,0.0,20220829_090000.WAV,Foliage
176,4.0,0.57,0,1,0,0,1,0,,0.0,20220829_090000.WAV,Foliage
177,4.0,0.58,0,1,0,0,1,0,,0.0,20220829_090000.WAV,Foliage
178,4.0,0.59,0,1,0,0,1,0,,0.0,20220829_090000.WAV,Foliage
179,4.0,0.6,0,1,0,0,1,0,,0.0,20220829_090000.WAV,Foliage
180,6.0,0.01,1,0,0,1,0,0,0.0,,20220829_090000.WAV,Foliage
181,6.0,0.02,1,0,0,1,0,0,0.0,,20220829_090000.WAV,Foliage
182,6.0,0.03,1,0,0,1,0,0,0.0,,20220829_090000.WAV,Foliage
183,6.0,0.04,1,0,0,1,0,0,0.0,,20220829_090000.WAV,Foliage
184,6.0,0.05,1,0,0,1,0,0,0.0,,20220829_090000.WAV,Foliage
185,6.0,0.06,1,0,0,1,0,0,0.0,,20220829_090000.WAV,Foliage
186,6.0,0.07,1,0,0,1,0,0,0.0,,20220829_090000.WAV,Foliage
187,6.0,0.08,1,0,0,1,0,0,0.0,,20220829_090000.WAV,Foliage
188,6.0,0.09,1,0,0,1,0,0,0.0,,20220829_090000.WAV,Foliage
189,6.0,0.1,1,0,0,1,0,0,0.0,,20220829_090000.WAV,Foliage
190,6.0,0.11,1,0,0,1,0,0,0.0,,20220829_090000.WAV,Foliage
191,6.0,0.12,1,0,0,1,0,0,0.0,,20220829_090000.WAV,Foliage
192,6.0,0.13,1,0,0,1,0,0,0.0,,20220829_090000.WAV,Foliage
193,6.0,0.14,1,0,0,1,0,0,0.0,,20220829_090000.WAV,Foliage
194,6.0,0.15,1,0,0,1,0,0,0.0,,20220829_090000.WAV,Foliage
195,6.0,0.16,1,0,0,1,0,0,0.0,,20220829_090000.WAV,Foliage
196,6.0,0.17,1,0,0,1,0,0,0.0,,20220829_090000.WAV,Foliage
197,6.0,0.18,1,0,0,1,0,0,0.0,,20220829_090000.WAV,Foliage
198,6.0,0.19,1,0,0,1,0,0,0.0,,20220829_090000.WAV,Foliage
199,6.0,0.2,1,0,0,1,0,0,0.0,,20220829_090000.WAV,Foliage
200,6.0,0.21,1,0,0,1,0,0,0.0,,20220829_090000.WAV,Foliage
201,6.0,0.22,1,0,0,1,0,0,0.0,,20220829_090000.WAV,Foliage
202,6.0,0.23,1,0,0,1,0,0,0.0,,20220829_090000.WAV,Foliage
203,6.0,0.24,1,0,0,1,0,0,0.0,,20220829_090000.WAV,Foliage
204,6.0,0.25,1,0,0,1,0,0,0.0,,20220829_090000.WAV,Foliage
205,6.0,0.26,1,0,0,1,0,0,0.0,,20220829_090000.WAV,Foliage
206,6.0,0.27,1,0,0,1,0,0,0.0,,20220829_090000.WAV,Foliage
207,6.0,0.28,1,0,0,1,0,0,0.0,,20220829_090000.WAV,Foliage
208,6.0,0.29,1,0,0,1,0,0,0.0,,20220829_090000.WAV,Foliage
209,6.0,0.3,1,0,0,1,0,0,0.0,,20220829_090000.WAV,Foliage
210,6.0,0.31,1,0,0,1,0,0,0.0,,20220829_090000.WAV,Foliage
211,6.0,0.32,1,0,0,1,0,0,0.0,,20220829_090000.WAV,Foliage
212,6.0,0.33,1,0,0,1,0,0,0.0,,20220829_090000.WAV,Foliage
213,6.0,0.34,1,0,0,1,0,0,0.0,,20220829_090000.WAV,Foliage
214,6.0,0.35,1,0,0,1,0,0,0.0,,20220829_090000.WAV,Foliage
215,6.0,0.36,1,0,0,1,0,0,0.0,,20220829_090000.WAV,Foliage
216,6.0,0.37,1,0,0,1,0,0,0.0,,20220829_090000.WAV,Foliage
217,6.0,0.38,1,0,0,1,0,0,0.0,,20220829_090000.WAV,Foliage
218,6.0,0.39,0,0,0,0,0,0,,,20220829_090000.WAV,Foliage
219,6.0,0.4,0,0,0,0,0,0,,,20220829_090000.WAV,Foliage
220,6.0,0.41,0,0,0,0,0,0,,,20220829_090000.WAV,Foliage
221,6.0,0.42,0,0,0,0,0,0,,,20220829_090000.WAV,Foliage
222,6.0,0.43,0,0,0,0,0,0,,,20220829_090000.WAV,Foliage
223,6.0,0.44,0,0,0,0,0,0,,,20220829_090000.WAV,Foliage
224,6.0,0.45,0,0,0,0,0,0,,,20220829_090000.WAV,Foliage
225,6.0,0.46,0,0,0,0,0,0,,,20220829_090000.WAV,Foliage
226,6.0,0.47,0,0,0,0,0,0,,,20220829_090000.WAV,Foliage
227,6.0,0.48,0,0,0,0,0,0,,,20220829_090000.WAV,Foliage
228,6.0,0.49,0,0,0,0,0,0,,,20220829_090000.WAV,Foliage
229,6.0,0.5,0,0,0,0,0,0,,,20220829_090000.WAV,Foliage
230,6.0,0.51,0,0,0,0,0,0,,,20220829_090000.WAV,Foliage
231,6.0,0.52,0,0,0,0,0,0,,,20220829_090000.WAV,Foliage
232,6.0,0.53,0,0,0,0,0,0,,,20220829_090000.WAV,Foliage
233,6.0,0.54,0,0,0,0,0,0,,,20220829_090000.WAV,Foliage
234,6.0,0.55,0,0,0,0,0,0,,,20220829_090000.WAV,Foliage
235,6.0,0.56,0,0,0,0,0,0,,,20220829_090000.WAV,Foliage
236,6.0,0.57,0,0,0,0,0,0,,,20220829_090000.WAV,Foliage
237,6.0,0.58,0,0,0,0,0,0,,,20220829_090000.WAV,Foliage
238,6.0,0.59,0,0,0,0,0,0,,,20220829_090000.WAV,Foliage
239,6.0,0.6,0,0,0,0,0,0,,,20220829_090000.WAV,Foliage
240,8.0,0.01,0,0,0,0,0,0,,,20220829_090000.WAV,Foliage
241,8.0,0.02,0,0,0,0,0,0,,,20220829_090000.WAV,Foliage
242,8.0,0.03,0,0,0,0,0,0,,,20220829_090000.WAV,Foliage
243,8.0,0.04,0,0,0,0,0,0,,,20220829_090000.WAV,Foliage
244,8.0,0.05,0,0,0,0,0,0,,,20220829_090000.WAV,Foliage
245,8.0,0.06,0,0,0,0,0,0,,,20220829_090000.WAV,Foliage
246,8.0,0.07,0,0,0,0,0,0,,,20220829_090000.WAV,Foliage
247,8.0,0.08,0,0,0,0,0,0,,,20220829_090000.WAV,Foliage
248,8.0,0.09,0,0,0,0,0,0,,,20220829_090000.WAV,Foliage
249,8.0,0.1,0,0,0,0,0,0,,,20220829_090000.WAV,Foliage
250,8.0,0.11,0,0,0,0,0,0,,,20220829_090000.WAV,Foliage
251,8.0,0.12,0,0,0,0,0,0,,,20220829_090000.WAV,Foliage
252,8.0,0.13,0,0,0,0,0,0,,,20220829_090000.WAV,Foliage
253,8.0,0.14,0,0,0,0,0,0,,,20220829_090000.WAV,Foliage
254,8.0,0.15,0,0,0,0,0,0,,,20220829_090000.WAV,Foliage
255,8.0,0.16,0,0,0,0,0,0,,,20220829_090000.WAV,Foliage
256,8.0,0.17,0,0,0,0,0,0,,,20220829_090000.WAV,Foliage
257,8.0,0.18,0,0,0,0,0,0,,,20220829_090000.WAV,Foliage
258,8.0,0.19,0,0,0,0,0,0,,,20220829_090000.WAV,Foliage
259,8.0,0.2,0,0,0,0,0,0,,,20220829_090000.WAV,Foliage
260,8.0,0.21,0,0,0,0,0,0,,,20220829_090000.WAV,Foliage
261,8.0,0.22,0,0,0,0,0,0,,,20220829_090000.WAV,Foliage
262,8.0,0.23,0,0,0,0,0,0,,,20220829_090000.WAV,Foliage
263,8.0,0.24,0,0,0,0,0,0,,,20220829_090000.WAV,Foliage
264,8.0,0.25,0,0,0,0,0,0,,,20220829_090000.WAV,Foliage
265,8.0,0.26,0,0,0,0,0,0,,,20220829_090000.WAV,Foliage
266,8.0,0.27,0,0,0,0,0,0,,,20220829_090000.WAV,Foliage
267,8.0,0.28,0,0,0,0,0,0,,,20220829_090000.WAV,Foliage
268,8.0,0.29,0,0,0,0,0,0,,,20220829_090000.WAV,Foliage
269,8.0,0.3,0,0,0,0,0,0,,,20220829_090000.WAV,Foliage
270,8.0,0.31,0,0,0,0,0,0,,,20220829_090000.WAV,Foliage
271,8.0,0.32,0,0,0,0,0,0,,,20220829_090000.WAV,Foliage
272,8.0,0.33,0,0,0,0,0,0,,,20220829_090000.WAV,Foliage
273,8.0,0.34,0,0,0,0,0,0,,,20220829_090000.WAV,Foliage
274,8.0,0.35,0,0,0,0,0,0,,,20220829_090000.WAV,Foliage
275,8.0,0.36,0,0,0,0,0,0,,,20220829_090000.WAV,Foliage
276,8.0,0.37,0,0,0,0,0,0,,,20220829_090000.WAV,Foliage
277,8.0,0.38,0,0,0,0,0,0,,,20220829_090000.WAV,Foliage
278,8.0,0.39,0,0,0,0,0,0,,,20220829_090000.WAV,Foliage
279,8.0,0.4,0,0,0,0,0,0,,,20220829_090000.WAV,Foliage
280,8.0,0.41,0,0,0,0,0,0,,,20220829_090000.WAV,Foliage
281,8.0,0.42,0,0,0,0,0,0,,,20220829_090000.WAV,Foliage
282,8.0,0.43,0,0,0,0,0,0,,,20220829_090000.WAV,Foliage
283,8.0,0.44,0,0,0,0,0,0,,,20220829_090000.WAV,Foliage
284,8.0,0.45,0,0,0,0,0,0,,,20220829_090000.WAV,Foliage
285,8.0,0.46,0,0,0,0,0,0,,,20220829_090000.WAV,Foliage
286,8.0,0.47,0,0,0,0,0,0,,,20220829_090000.WAV,Foliage
287,8.0,0.48,0,0,0,0,0,0,,,20220829_090000.WAV,Foliage
288,8.0,0.49,0,0,0,0,0,0,,,20220829_090000.WAV,Foliage
289,8.0,0.5,0,0,0,0,0,0,,,20220829_090000.WAV,Foliage
290,8.0,0.51,0,0,0,0,0,0,,,20220829_090000.WAV,Foliage
291,8.0,0.52,0,0,0,0,0,0,,,20220829_090000.WAV,Foliage
292,8.0,0.53,0,0,0,0,0,0,,,20220829_090000.WAV,Foliage
293,8.0,0.54,0,0,0,0,0,0,,,20220829_090000.WAV,Foliage
294,8.0,0.55,0,0,0,0,0,0,,,20220829_090000.WAV,Foliage
295,8.0,0.56,0,0,0,0,0,0,,,20220829_090000.WAV,Foliage
296,8.0,0.57,0,0,0,0,0,0,,,20220829_090000.WAV,Foliage
297,8.0,0.58,0,0,0,0,0,0,,,20220829_090000.WAV,Foliage
298,8.0,0.59,0,0,0,0,0,0,,,20220829_090000.WAV,Foliage
299,8.0,0.6,0,0,0,0,0,0,,,20220829_090000.WAV,Foliage
300,10.0,0.01,0,0,0,0,0,0,,,20220829_090000.WAV,Foliage
301,10.0,0.02,0,0,0,0,0,0,,,20220829_090000.WAV,Foliage
302,10.0,0.03,0,0,0,0,0,0,,,20220829_090000.WAV,Foliage
303,10.0,0.04,0,0,0,0,0,0,,,20220829_090000.WAV,Foliage
304,10.0,0.05,0,0,0,0,0,0,,,20220829_090000.WAV,Foliage
305,10.0,0.06,0,0,0,0,0,0,,,20220829_090000.WAV,Foliage
306,10.0,0.07,0,0,0,0,0,0,,,20220829_090000.WAV,Foliage
307,10.0,0.08,0,0,0,0,0,0,,,20220829_090000.WAV,Foliage
308,10.0,0.09,0,0,0,0,0,0,,,20220829_090000.WAV,Foliage
309,10.0,0.1,0,0,0,0,0,0,,,20220829_090000.WAV,Foliage
310,10.0,0.11,0,0,0,0,0,0,,,20220829_090000.WAV,Foliage
311,10.0,0.12,0,0,0,0,0,0,,,20220829_090000.WAV,Foliage
312,10.0,0.13,0,0,0,0,0,0,,,20220829_090000.WAV,Foliage
313,10.0,0.14,0,0,0,0,0,0,,,20220829_090000.WAV,Foliage
314,10.0,0.15,0,0,0,0,0,0,,,20220829_090000.WAV,Foliage
315,10.0,0.16,0,0,0,0,0,0,,,20220829_090000.WAV,Foliage
316,10.0,0.17,0,0,0,0,0,0,,,20220829_090000.WAV,Foliage
317,10.0,0.18,0,0,0,0,0,0,,,20220829_090000.WAV,Foliage
318,10.0,0.19,0,0,0,0,0,0,,,20220829_090000.WAV,Foliage
319,10.0,0.2,0,0,0,0,0,0,,,20220829_090000.WAV,Foliage
320,10.0,0.21,0,0,0,0,0,0,,,20220829_090000.WAV,Foliage
321,10.0,0.22,0,0,0,0,0,0,,,20220829_090000.WAV,Foliage
322,10.0,0.23,0,0,0,0,0,0,,,20220829_090000.WAV,Foliage
323,10.0,0.24,0,0,0,0,0,0,,,20220829_090000.WAV,Foliage
324,10.0,0.25,0,0,0,0,0,0,,,20220829_090000.WAV,Foliage
325,10.0,0.26,0,0,0,0,0,0,,,20220829_090000.WAV,Foliage
326,10.0,0.27,0,0,0,0,0,0,,,20220829_090000.WAV,Foliage
327,10.0,0.28,0,0,0,0,0,0,,,20220829_090000.WAV,Foliage
328,10.0,0.29,0,0,0,0,0,0,,,20220829_090000.WAV,Foliage
329,10.0,0.3,0,0,0,0,0,0,,,20220829_090000.WAV,Foliage
330,10.0,0.31,0,0,0,0,0,0,,,20220829_090000.WAV,Foliage
331,10.0,0.32,0,0,0,0,0,0,,,20220829_090000.WAV,Foliage
332,10.0,0.33,0,0,0,0,0,0,,,20220829_090000.WAV,Foliage
333,10.0,0.34,0,0,0,0,0,0,,,20220829_090000.WAV,Foliage
334,10.0,0.35,0,0,0,0,0,0,,,20220829_090000.WAV,Foliage
335,10.0,0.36,0,0,0,0,0,0,,,20220829_090000.WAV,Foliage
336,10.0,0.37,0,0,0,0,0,0,,,20220829_090000.WAV,Foliage
337,10.0,0.38,0,0,0,0,0,0,,,20220829_090000.WAV,Foliage
338,10.0,0.39,0,0,0,0,0,0,,,20220829_090000.WAV,Foliage
339,10.0,0.4,0,0,0,0,0,0,,,20220829_090000.WAV,Foliage
340,10.0,0.41,0,0,0,0,0,0,,,20220829_090000.WAV,Foliage
341,10.0,0.42,0,0,0,0,0,0,,,20220829_090000.WAV,Foliage
342,10.0,0.43,0,0,0,0,0,0,,,20220829_090000.WAV,Foliage
343,10.0,0.44,0,0,0,0,0,0,,,20220829_090000.WAV,Foliage
344,10.0,0.45,0,0,0,0,0,0,,,20220829_090000.WAV,Foliage
345,10.0,0.46,0,0,0,0,0,0,,,20220829_090000.WAV,Foliage
346,10.0,0.47,0,0,0,0,0,0,,,20220829_090000.WAV,Foliage
347,10.0,0.48,0,0,0,0,0,0,,,20220829_090000.WAV,Foliage
348,10.0,0.49,0,0,0,0,0,0,,,20220829_090000.WAV,Foliage
349,10.0,0.5,0,0,0,0,0,0,,,20220829_090000.WAV,Foliage
350,10.0,0.51,0,0,0,0,0,0,,,20220829_090000.WAV,Foliage
351,10.0,0.52,0,0,0,0,0,0,,,20220829_090000.WAV,Foliage
352,10.0,0.53,0,0,0,0,0,0,,,20220829_090000.WAV,Foliage
353,10.0,0.54,0,0,0,0,0,0,,,20220829_090000.WAV,Foliage
354,10.0,0.55,0,0,0,0,0,0,,,20220829_090000.WAV,Foliage
355,10.0,0.56,0,0,0,0,0,0,,,20220829_090000.WAV,Foliage
356,10.0,0.57,0,0,0,0,0,0,,,20220829_090000.WAV,Foliage
357,10.0,0.58,0,0,0,0,0,0,,,20220829_090000.WAV,Foliage
358,10.0,0.59,0,0,0,0,0,0,,,20220829_090000.WAV,Foliage
359,10.0,0.6,0,0,0,0,0,0,,,20220829_090000.WAV,Foliage
360,12.0,0.01,0,0,0,0,0,0,,,20220829_090000.WAV,Foliage
361,12.0,0.02,0,0,0,0,0,0,,,20220829_090000.WAV,Foliage
362,12.0,0.03,0,0,0,0,0,0,,,20220829_090000.WAV,Foliage
363,12.0,0.04,0,0,0,0,0,0,,,20220829_090000.WAV,Foliage
364,12.0,0.05,0,0,0,0,0,0,,,20220829_090000.WAV,Foliage
365,12.0,0.06,0,0,0,0,0,0,,,20220829_090000.WAV,Foliage
366,12.0,0.07,0,0,0,0,0,0,,,20220829_090000.WAV,Foliage
367,12.0,0.08,0,0,0,0,0,0,,,20220829_090000.WAV,Foliage
368,12.0,0.09,0,0,0,0,0,0,,,20220829_090000.WAV,Foliage
369,12.0,0.1,0,0,0,0,0,0,,,20220829_090000.WAV,Foliage
370,12.0,0.11,0,0,0,0,0,0,,,20220829_090000.WAV,Foliage
371,12.0,0.12,0,0,0,0,0,0,,,20220829_090000.WAV,Foliage
372,12.0,0.13,0,0,0,0,0,0,,,20220829_090000.WAV,Foliage
373,12.0,0.14,0,0,0,0,0,0,,,20220829_090000.WAV,Foliage
374,12.0,0.15,0,0,0,0,0,0,,,20220829_090000.WAV,Foliage
375,12.0,0.16,0,0,0,0,0,0,,,20220829_090000.WAV,Foliage
376,12.0,0.17,0,0,0,0,0,0,,,20220829_090000.WAV,Foliage
377,12.0,0.18,0,0,0,0,0,0,,,20220829_090000.WAV,Foliage
378,12.0,0.19,0,0,0,0,0,0,,,20220829_090000.WAV,Foliage
379,12.0,0.2,0,0,0,0,0,0,,,20220829_090000.WAV,Foliage
380,12.0,0.21,0,0,0,0,0,0,,,20220829_090000.WAV,Foliage
381,12.0,0.22,0,0,0,0,0,0,,,20220829_090000.WAV,Foliage
382,12.0,0.23,0,0,0,0,0,0,,,20220829_090000.WAV,Foliage
383,12.0,0.24,0,0,0,0,0,0,,,20220829_090000.WAV,Foliage
384,12.0,0.25,0,0,0,0,0,0,,,20220829_090000.WAV,Foliage
385,12.0,0.26,0,0,0,0,0,0,,,20220829_090000.WAV,Foliage
386,12.0,0.27,0,0,0,0,0,0,,,20220829_090000.WAV,Foliage
387,12.0,0.28,0,0,0,0,0,0,,,20220829_090000.WAV,Foliage
388,12.0,0.29,0,0,0,0,0,0,,,20220829_090000.WAV,Foliage
389,12.0,0.3,0,0,0,0,0,0,,,20220829_090000.WAV,Foliage
390,12.0,0.31,0,0,0,0,0,0,,,20220829_090000.WAV,Foliage
391,12.0,0.32,0,0,0,0,0,0,,,20220829_090000.WAV,Foliage
392,12.0,0.33,0,0,0,0,0,0,,,20220829_090000.WAV,Foliage
393,12.0,0.34,0,0,0,0,0,0,,,20220829_090000.WAV,Foliage
394,12.0,0.35,0,0,0,0,0,0,,,20220829_090000.WAV,Foliage
395,12.0,0.36,0,0,0,0,0,0,,,20220829_090000.WAV,Foliage
396,12.0,0.37,0,0,0,0,0,0,,,20220829_090000.WAV,Foliage
397,12.0,0.38,0,0,0,0,0,0,,,20220829_090000.WAV,Foliage
398,12.0,0.39,0,0,0,0,0,0,,,20220829_090000.WAV,Foliage
399,12.0,0.4,0,0,0,0,0,0,,,20220829_090000.WAV,Foliage
400,12.0,0.41,0,0,0,0,0,0,,,20220829_090000.WAV,Foliage
401,12.0,0.42,0,0,0,0,0,0,,,20220829_090000.WAV,Foliage
402,12.0,0.43,0,0,0,0,0,0,,,20220829_090000.WAV,Foliage
403,12.0,0.44,0,0,0,0,0,0,,,20220829_090000.WAV,Foliage
404,12.0,0.45,0,0,0,0,0,0,,,20220829_090000.WAV,Foliage
405,12.0,0.46,0,0,0,0,0,0,,,20220829_090000.WAV,Foliage
406,12.0,0.47,0,0,0,0,0,0,,,20220829_090000.WAV,Foliage
407,12.0,0.48,0,0,0,0,0,0,,,20220829_090000.WAV,Foliage
408,12.0,0.49,0,0,0,0,0,0,,,20220829_090000.WAV,Foliage
409,12.0,0.5,0,0,0,0,0,0,,,20220829_090000.WAV,Foliage
410,12.0,0.51,0,0,0,0,0,0,,,20220829_090000.WAV,Foliage
411,12.0,0.52,0,0,0,0,0,0,,,20220829_090000.WAV,Foliage
412,12.0,0.53,0,0,0,0,0,0,,,20220829_090000.WAV,Foliage
413,12.0,0.54,0,0,0,0,0,0,,,20220829_090000.WAV,Foliage
414,12.0,0.55,0,0,0,0,0,0,,,20220829_090000.WAV,Foliage
415,12.0,0.56,0,0,0,0,0,0,,,20220829_090000.WAV,Foliage
416,12.0,0.57,0,0,0,0,0,0,,,20220829_090000.WAV,Foliage
417,12.0,0.58,0,0,0,0,0,0,,,20220829_090000.WAV,Foliage
418,12.0,0.59,0,0,0,0,0,0,,,20220829_090000.WAV,Foliage
419,12.0,0.6,0,0,0,0,0,0,,,20220829_090000.WAV,Foliage
420,14.0,0.01,0,0,0,0,0,0,,,20220829_090000.WAV,Foliage
421,14.0,0.02,0,0,0,0,0,0,,,20220829_090000.WAV,Foliage
422,14.0,0.03,0,0,0,0,0,0,,,20220829_090000.WAV,Foliage
423,14.0,0.04,0,0,0,0,0,0,,,20220829_090000.WAV,Foliage
424,14.0,0.05,0,0,0,0,0,0,,,20220829_090000.WAV,Foliage
425,14.0,0.06,0,0,0,0,0,0,,,20220829_090000.WAV,Foliage
426,14.0,0.07,0,0,0,0,0,0,,,20220829_090000.WAV,Foliage
427,14.0,0.08,0,0,0,0,0,0,,,20220829_090000.WAV,Foliage
428,14.0,0.09,0,0,0,0,0,0,,,20220829_090000.WAV,Foliage
429,14.0,0.1,0,0,0,0,0,0,,,20220829_090000.WAV,Foliage
430,14.0,0.11,0,0,0,0,0,0,,,20220829_090000.WAV,Foliage
431,14.0,0.12,0,0,0,0,0,0,,,20220829_090000.WAV,Foliage
432,14.0,0.13,0,0,0,0,0,0,,,20220829_090000.WAV,Foliage
433,14.0,0.14,0,0,0,0,0,0,,,20220829_090000.WAV,Foliage
434,14.0,0.15,0,0,0,0,0,0,,,20220829_090000.WAV,Foliage
435,14.0,0.16,0,0,0,0,0,0,,,20220829_090000.WAV,Foliage
436,14.0,0.17,0,0,0,0,0,0,,,20220829_090000.WAV,Foliage
437,14.0,0.18,0,0,0,0,0,0,,,20220829_090000.WAV,Foliage
438,14.0,0.19,0,0,0,0,0,0,,,20220829_090000.WAV,Foliage
439,14.0,0.2,0,0,0,0,0,0,,,20220829_090000.WAV,Foliage
440,14.0,0.21,0,0,0,0,0,0,,,20220829_090000.WAV,Foliage
441,14.0,0.22,0,0,0,0,0,0,,,20220829_090000.WAV,Foliage
442,14.0,0.23,0,0,0,0,0,0,,,20220829_090000.WAV,Foliage
443,14.0,0.24,0,0,0,0,0,0,,,20220829_090000.WAV,Foliage
444,14.0,0.25,0,0,0,0,0,0,,,20220829_090000.WAV,Foliage
445,14.0,0.26,0,0,0,0,0,0,,,20220829_090000.WAV,Foliage
446,14.0,0.27,0,0,0,0,0,0,,,20220829_090000.WAV,Foliage
447,14.0,0.28,0,0,0,0,0,0,,,20220829_090000.WAV,Foliage
448,14.0,0.29,0,0,0,0,0,0,,,20220829_090000.WAV,Foliage
449,14.0,0.3,0,0,0,0,0,0,,,20220829_090000.WAV,Foliage
450,14.0,0.31,0,0,0,0,0,0,,,20220829_090000.WAV,Foliage
451,14.0,0.32,0,0,0,0,0,0,,,20220829_090000.WAV,Foliage
452,14.0,0.33,0,0,0,0,0,0,,,20220829_090000.WAV,Foliage
453,14.0,0.34,0,0,0,0,0,0,,,20220829_090000.WAV,Foliage
454,14.0,0.35,0,0,0,0,0,0,,,20220829_090000.WAV,Foliage
455,14.0,0.36,0,0,0,0,0,0,,,20220829_090000.WAV,Foliage
456,14.0,0.37,0,0,0,0,0,0,,,20220829_090000.WAV,Foliage
457,14.0,0.38,0,0,0,0,0,0,,,20220829_090000.WAV,Foliage
458,14.0,0.39,0,0,0,0,0,0,,,20220829_090000.WAV,Foliage
459,14.0,0.4,0,0,0,0,0,0,,,20220829_090000.WAV,Foliage
460,14.0,0.41,0,0,0,0,0,0,,,20220829_090000.WAV,Foliage
461,14.0,0.42,0,0,0,0,0,0,,,20220829_090000.WAV,Foliage
462,14.0,0.43,0,0,0,0,0,0,,,20220829_090000.WAV,Foliage
463,14.0,0.44,0,0,0,0,0,0,,,20220829_090000.WAV,Foliage
464,14.0,0.45,0,0,0,0,0,0,,,20220829_090000.WAV,Foliage
465,14.0,0.46,0,0,0,0,0,0,,,20220829_090000.WAV,Foliage
466,14.0,0.47,0,0,0,0,0,0,,,20220829_090000.WAV,Foliage
467,14.0,0.48,0,0,0,0,0,0,,,20220829_090000.WAV,Foliage
468,14.0,0.49,0,0,0,0,0,0,,,20220829_090000.WAV,Foliage
469,14.0,0.5,0,0,0,0,0,0,,,20220829_090000.WAV,Foliage
470,14.0,0.51,0,0,0,0,0,0,,,20220829_090000.WAV,Foliage
471,14.0,0.52,0,0,0,0,0,0,,,20220829_090000.WAV,Foliage
472,14.0,0.53,0,0,0,0,0,0,,,20220829_090000.WAV,Foliage
473,14.0,0.54,0,0,0,0,0,0,,,20220829_090000.WAV,Foliage
474,14.0,0.55,0,0,0,0,0,0,,,20220829_090000.WAV,Foliage
475,14.0,0.56,0,0,0,0,0,0,,,20220829_090000.WAV,Foliage
476,14.0,0.57,0,0,0,0,0,0,,,20220829_090000.WAV,Foliage
477,14.0,0.58,0,0,0,0,0,0,,,20220829_090000.WAV,Foliage
478,14.0,0.59,0,0,0,0,0,0,,,20220829_090000.WAV,Foliage
479,14.0,0.6,0,0,0,0,0,0,,,20220829_090000.WAV,Foliage
480,16.0,0.01,0,0,0,0,0,0,,,20220829_090000.WAV,Foliage
481,16.0,0.02,0,0,0,0,0,0,,,20220829_090000.WAV,Foliage
482,16.0,0.03,0,0,0,0,0,0,,,20220829_090000.WAV,Foliage
483,16.0,0.04,0,0,0,0,0,0,,,20220829_090000.WAV,Foliage
484,16.0,0.05,0,0,0,0,0,0,,,20220829_090000.WAV,Foliage
485,16.0,0.06,0,0,0,0,0,0,,,20220829_090000.WAV,Foliage
486,16.0,0.07,0,0,0,0,0,0,,,20220829_090000.WAV,Foliage
487,16.0,0.08,0,0,0,0,0,0,,,20220829_090000.WAV,Foliage
488,16.0,0.09,0,0,0,0,0,0,,,20220829_090000.WAV,Foliage
489,16.0,0.1,0,0,0,0,0,0,,,20220829_090000.WAV,Foliage
490,16.0,0.11,0,0,0,0,0,0,,,20220829_090000.WAV,Foliage
491,16.0,0.12,0,0,0,0,0,0,,,20220829_090000.WAV,Foliage
492,16.0,0.13,0,0,0,0,0,0,,,20220829_090000.WAV,Foliage
493,16.0,0.14,0,0,0,0,0,0,,,20220829_090000.WAV,Foliage
494,16.0,0.15,0,0,0,0,0,0,,,20220829_090000.WAV,Foliage
495,16.0,0.16,0,0,0,0,0,0,,,20220829_090000.WAV,Foliage
496,16.0,0.17,0,0,0,0,0,0,,,20220829_090000.WAV,Foliage
497,16.0,0.18,0,0,0,0,0,0,,,20220829_090000.WAV,Foliage
498,16.0,0.19,0,0,0,0,0,0,,,20220829_090000.WAV,Foliage
499,16.0,0.2,0,0,0,0,0,0,,,20220829_090000.WAV,Foliage
500,16.0,0.21,0,0,0,0,0,0,,,20220829_090000.WAV,Foliage
501,16.0,0.22,0,0,0,0,0,0,,,20220829_090000.WAV,Foliage
502,16.0,0.23,0,0,0,0,0,0,,,20220829_090000.WAV,Foliage
503,16.0,0.24,0,0,0,0,0,0,,,20220829_090000.WAV,Foliage
504,16.0,0.25,0,0,0,0,0,0,,,20220829_090000.WAV,Foliage
505,16.0,0.26,0,0,0,0,0,0,,,20220829_090000.WAV,Foliage
506,16.0,0.27,0,0,0,0,0,0,,,20220829_090000.WAV,Foliage
507,16.0,0.28,0,0,0,0,0,0,,,20220829_090000.WAV,Foliage
508,16.0,0.29,0,0,0,0,0,0,,,20220829_090000.WAV,Foliage
509,16.0,0.3,0,0,0,0,0,0,,,20220829_090000.WAV,Foliage
510,16.0,0.31,0,0,0,0,0,0,,,20220829_090000.WAV,Foliage
511,16.0,0.32,0,0,0,0,0,0,,,20220829_090000.WAV,Foliage
512,16.0,0.33,0,0,0,0,0,0,,,20220829_090000.WAV,Foliage
513,16.0,0.34,0,0,0,0,0,0,,,20220829_090000.WAV,Foliage
514,16.0,0.35,0,0,0,0,0,0,,,20220829_090000.WAV,Foliage
515,16.0,0.36,0,0,0,0,0,0,,,20220829_090000.WAV,Foliage
516,16.0,0.37,0,0,0,0,0,0,,,20220829_090000.WAV,Foliage
517,16.0,0.38,0,0,0,0,0,0,,,20220829_090000.WAV,Foliage
518,16.0,0.39,0,0,0,0,0,0,,,20220829_090000.WAV,Foliage
519,16.0,0.4,0,0,0,0,0,0,,,20220829_090000.WAV,Foliage
520,16.0,0.41,0,0,0,0,0,0,,,20220829_090000.WAV,Foliage
521,16.0,0.42,0,0,0,0,0,0,,,20220829_090000.WAV,Foliage
522,16.0,0.43,0,0,0,0,0,0,,,20220829_090000.WAV,Foliage
523,16.0,0.44,0,0,0,0,0,0,,,20220829_090000.WAV,Foliage
524,16.0,0.45,0,0,0,0,0,0,,,20220829_090000.WAV,Foliage
525,16.0,0.46,0,0,0,0,0,0,,,20220829_090000.WAV,Foliage
526,16.0,0.47,0,0,0,0,0,0,,,20220829_090000.WAV,Foliage
527,16.0,0.48,0,0,0,0,0,0,,,20220829_090000.WAV,Foliage
528,16.0,0.49,0,0,0,0,0,0,,,20220829_090000.WAV,Foliage
529,16.0,0.5,0,0,0,0,0,0,,,20220829_090000.WAV,Foliage
530,16.0,0.51,0,0,0,0,0,0,,,20220829_090000.WAV,Foliage
531,16.0,0.52,0,0,0,0,0,0,,,20220829_090000.WAV,Foliage
532,16.0,0.53,0,0,0,0,0,0,,,20220829_090000.WAV,Foliage
533,16.0,0.54,0,0,0,0,0,0,,,20220829_090000.WAV,Foliage
534,16.0,0.55,0,0,0,0,0,0,,,20220829_090000.WAV,Foliage
535,16.0,0.56,0,0,0,0,0,0,,,20220829_090000.WAV,Foliage
536,16.0,0.57,0,0,0,0,0,0,,,20220829_090000.WAV,Foliage
537,16.0,0.58,0,0,0,0,0,0,,,20220829_090000.WAV,Foliage
538,16.0,0.59,0,0,0,0,0,0,,,20220829_090000.WAV,Foliage
539,16.0,0.6,0,0,0,0,0,0,,,20220829_090000.WAV,Foliage
540,18.0,0.01,0,0,0,0,0,0,,,20220829_090000.WAV,Foliage
541,18.0,0.02,0,0,0,0,0,0,,,20220829_090000.WAV,Foliage
542,18.0,0.03,0,0,0,0,0,0,,,20220829_090000.WAV,Foliage
543,18.0,0.04,0,0,0,0,0,0,,,20220829_090000.WAV,Foliage
544,18.0,0.05,0,0,0,0,0,0,,,20220829_090000.WAV,Foliage
545,18.0,0.06,0,0,0,0,0,0,,,20220829_090000.WAV,Foliage
546,18.0,0.07,0,0,0,0,0,0,,,20220829_090000.WAV,Foliage
547,18.0,0.08,0,0,0,0,0,0,,,20220829_090000.WAV,Foliage
548,18.0,0.09,0,0,0,0,0,0,,,20220829_090000.WAV,Foliage
549,18.0,0.1,0,0,0,0,0,0,,,20220829_090000.WAV,Foliage
550,18.0,0.11,0,0,0,0,0,0,,,20220829_090000.WAV,Foliage
551,18.0,0.12,0,0,0,0,0,0,,,20220829_090000.WAV,Foliage
552,18.0,0.13,0,0,0,0,0,0,,,20220829_090000.WAV,Foliage
553,18.0,0.14,0,0,0,0,0,0,,,20220829_090000.WAV,Foliage
554,18.0,0.15,0,0,0,0,0,0,,,20220829_090000.WAV,Foliage
555,18.0,0.16,0,0,0,0,0,0,,,20220829_090000.WAV,Foliage
556,18.0,0.17,0,0,0,0,0,0,,,20220829_090000.WAV,Foliage
557,18.0,0.18,0,0,0,0,0,0,,,20220829_090000.WAV,Foliage
558,18.0,0.19,0,0,0,0,0,0,,,20220829_090000.WAV,Foliage
559,18.0,0.2,0,0,0,0,0,0,,,20220829_090000.WAV,Foliage
560,18.0,0.21,0,0,0,0,0,0,,,20220829_090000.WAV,Foliage
561,18.0,0.22,0,0,0,0,0,0,,,20220829_090000.WAV,Foliage
562,18.0,0.23,0,0,0,0,0,0,,,20220829_090000.WAV,Foliage
563,18.0,0.24,0,0,0,0,0,0,,,20220829_090000.WAV,Foliage
564,18.0,0.25,0,0,0,0,0,0,,,20220829_090000.WAV,Foliage
565,18.0,0.26,0,0,0,0,0,0,,,20220829_090000.WAV,Foliage
566,18.0,0.27,0,0,0,0,0,0,,,20220829_090000.WAV,Foliage
567,18.0,0.28,0,0,0,0,0,0,,,20220829_090000.WAV,Foliage
568,18.0,0.29,0,0,0,0,0,0,,,20220829_090000.WAV,Foliage
569,18.0,0.3,0,0,0,0,0,0,,,20220829_090000.WAV,Foliage
570,18.0,0.31,0,0,0,0,0,0,,,20220829_090000.WAV,Foliage
571,18.0,0.32,0,0,0,0,0,0,,,20220829_090000.WAV,Foliage
572,18.0,0.33,0,0,0,0,0,0,,,20220829_090000.WAV,Foliage
573,18.0,0.34,0,0,0,0,0,0,,,20220829_090000.WAV,Foliage
574,18.0,0.35,0,0,0,0,0,0,,,20220829_090000.WAV,Foliage
575,18.0,0.36,0,0,0,0,0,0,,,20220829_090000.WAV,Foliage
576,18.0,0.37,0,0,0,0,0,0,,,20220829_090000.WAV,Foliage
577,18.0,0.38,0,0,0,0,0,0,,,20220829_090000.WAV,Foliage
578,18.0,0.39,0,0,0,0,0,0,,,20220829_090000.WAV,Foliage
579,18.0,0.4,0,0,0,0,0,0,,,20220829_090000.WAV,Foliage
580,18.0,0.41,0,0,0,0,0,0,,,20220829_090000.WAV,Foliage
581,18.0,0.42,0,0,0,0,0,0,,,20220829_090000.WAV,Foliage
582,18.0,0.43,0,0,0,0,0,0,,,20220829_090000.WAV,Foliage
583,18.0,0.44,0,0,0,0,0,0,,,20220829_090000.WAV,Foliage
584,18.0,0.45,0,0,0,0,0,0,,,20220829_090000.WAV,Foliage
585,18.0,0.46,0,0,0,0,0,0,,,20220829_090000.WAV,Foliage
586,18.0,0.47,0,0,0,0,0,0,,,20220829_090000.WAV,Foliage
587,18.0,0.48,0,0,0,0,0,0,,,20220829_090000.WAV,Foliage
588,18.0,0.49,0,0,0,0,0,0,,,20220829_090000.WAV,Foliage
589,18.0,0.5,0,0,0,0,0,0,,,20220829_090000.WAV,Foliage
590,18.0,0.51,0,0,0,0,0,0,,,20220829_090000.WAV,Foliage
591,18.0,0.52,0,0,0,0,0,0,,,20220829_090000.WAV,Foliage
592,18.0,0.53,0,0,0,0,0,0,,,20220829_090000.WAV,Foliage
593,18.0,0.54,0,0,0,0,0,0,,,20220829_090000.WAV,Foliage
594,18.0,0.55,0,0,0,0,0,0,,,20220829_090000.WAV,Foliage
595,18.0,0.56,0,0,0,0,0,0,,,20220829_090000.WAV,Foliage
596,18.0,0.57,0,0,0,0,0,0,,,20220829_090000.WAV,Foliage
597,18.0,0.58,0,0,0,0,0,0,,,20220829_090000.WAV,Foliage
598,18.0,0.59,0,0,0,0,0,0,,,20220829_090000.WAV,Foliage
599,18.0,0.6,0,0,0,0,0,0,,,20220829_090000.WAV,Foliage
600,20.0,0.01,0,0,0,0,0,0,,,20220829_090000.WAV,Foliage
601,20.0,0.02,0,0,0,0,0,0,,,20220829_090000.WAV,Foliage
602,20.0,0.03,0,0,0,0,0,0,,,20220829_090000.WAV,Foliage
603,20.0,0.04,0,0,0,0,0,0,,,20220829_090000.WAV,Foliage
604,20.0,0.05,0,0,0,0,0,0,,,20220829_090000.WAV,Foliage
605,20.0,0.06,0,0,0,0,0,0,,,20220829_090000.WAV,Foliage
606,20.0,0.07,0,0,0,0,0,0,,,20220829_090000.WAV,Foliage
607,20.0,0.08,0,0,0,0,0,0,,,20220829_090000.WAV,Foliage
608,20.0,0.09,0,0,0,0,0,0,,,20220829_090000.WAV,Foliage
609,20.0,0.1,0,0,0,0,0,0,,,20220829_090000.WAV,Foliage
610,20.0,0.11,0,0,0,0,0,0,,,20220829_090000.WAV,Foliage
611,20.0,0.12,0,0,0,0,0,0,,,20220829_090000.WAV,Foliage
612,20.0,0.13,0,0,0,0,0,0,,,20220829_090000.WAV,Foliage
613,20.0,0.14,0,0,0,0,0,0,,,20220829_090000.WAV,Foliage
614,20.0,0.15,0,0,0,0,0,0,,,20220829_090000.WAV,Foliage
615,20.0,0.16,0,0,0,0,0,0,,,20220829_090000.WAV,Foliage
616,20.0,0.17,0,0,0,0,0,0,,,20220829_090000.WAV,Foliage
617,20.0,0.18,0,0,0,0,0,0,,,20220829_090000.WAV,Foliage
618,20.0,0.19,0,0,0,0,0,0,,,20220829_090000.WAV,Foliage
619,20.0,0.2,0,0,0,0,0,0,,,20220829_090000.WAV,Foliage
620,20.0,0.21,0,0,0,0,0,0,,,20220829_090000.WAV,Foliage
621,20.0,0.22,0,0,0,0,0,0,,,20220829_090000.WAV,Foliage
622,20.0,0.23,0,0,0,0,0,0,,,20220829_090000.WAV,Foliage
623,20.0,0.24,0,0,0,0,0,0,,,20220829_090000.WAV,Foliage
624,20.0,0.25,0,0,0,0,0,0,,,20220829_090000.WAV,Foliage
625,20.0,0.26,0,0,0,0,0,0,,,20220829_090000.WAV,Foliage
626,20.0,0.27,0,0,0,0,0,0,,,20220829_090000.WAV,Foliage
627,20.0,0.28,0,0,0,0,0,0,,,20220829_090000.WAV,Foliage
628,20.0,0.29,0,0,0,0,0,0,,,20220829_090000.WAV,Foliage
629,20.0,0.3,0,0,0,0,0,0,,,20220829_090000.WAV,Foliage
630,20.0,0.31,0,0,0,0,0,0,,,20220829_090000.WAV,Foliage
631,20.0,0.32,0,0,0,0,0,0,,,20220829_090000.WAV,Foliage
632,20.0,0.33,0,0,0,0,0,0,,,20220829_090000.WAV,Foliage
633,20.0,0.34,0,0,0,0,0,0,,,20220829_090000.WAV,Foliage
634,20.0,0.35,0,0,0,0,0,0,,,20220829_090000.WAV,Foliage
635,20.0,0.36,0,0,0,0,0,0,,,20220829_090000.WAV,Foliage
636,20.0,0.37,0,0,0,0,0,0,,,20220829_090000.WAV,Foliage
637,20.0,0.38,0,0,0,0,0,0,,,20220829_090000.WAV,Foliage
638,20.0,0.39,0,0,0,0,0,0,,,20220829_090000.WAV,Foliage
639,20.0,0.4,0,0,0,0,0,0,,,20220829_090000.WAV,Foliage
640,20.0,0.41,0,0,0,0,0,0,,,20220829_090000.WAV,Foliage
641,20.0,0.42,0,0,0,0,0,0,,,20220829_090000.WAV,Foliage
642,20.0,0.43,0,0,0,0,0,0,,,20220829_090000.WAV,Foliage
643,20.0,0.44,0,0,0,0,0,0,,,20220829_090000.WAV,Foliage
644,20.0,0.45,0,0,0,0,0,0,,,20220829_090000.WAV,Foliage
645,20.0,0.46,0,0,0,0,0,0,,,20220829_090000.WAV,Foliage
646,20.0,0.47,0,0,0,0,0,0,,,20220829_090000.WAV,Foliage
647,20.0,0.48,0,0,0,0,0,0,,,20220829_090000.WAV,Foliage
648,20.0,0.49,0,0,0,0,0,0,,,20220829_090000.WAV,Foliage
649,20.0,0.5,0,0,0,0,0,0,,,20220829_090000.WAV,Foliage
650,20.0,0.51,0,0,0,0,0,0,,,20220829_090000.WAV,Foliage
651,20.0,0.52,0,0,0,0,0,0,,,20220829_090000.WAV,Foliage
652,20.0,0.53,0,0,0,0,0,0,,,20220829_090000.WAV,Foliage
653,20.0,0.54,0,0,0,0,0,0,,,20220829_090000.WAV,Foliage
654,20.0,0.55,0,0,0,0,0,0,,,20220829_090000.WAV,Foliage
655,20.0,0.56,0,0,0,0,0,0,,,20220829_090000.WAV,Foliage
656,20.0,0.57,0,0,0,0,0,0,,,20220829_090000.WAV,Foliage
657,20.0,0.58,0,0,0,0,0,0,,,20220829_090000.WAV,Foliage
658,20.0,0.59,0,0,0,0,0,0,,,20220829_090000.WAV,Foliage
659,20.0,0.6,0,0,0,0,0,0,,,20220829_090000.WAV,Foliage
