KMEANS_CLASSES,peak_frequency,SNR,start_time,end_time,low_freq,high_freq,class,class_prob,det_prob,individual,event,sampling_rate,input_file,Recover Folder,SD Card,Site name
LF,22080.0,9.301362386985993,50.3665,50.372299999999996,19453.0,35119.0,Plecotus austriacus,0.251,0.301,-1,Echolocation,192000.0,/mnt/ubna_data_06/recover-20251210/UBNA_032/20251126_203000.WAV,recover-20251210,UBNA_032,Foliage
LF,22080.0,-10.529811459049508,117.3825,117.389,19453.0,29988.0,Plecotus austriacus,0.278,0.434,-1,Echolocation,192000.0,/mnt/ubna_data_06/recover-20251210/UBNA_032/20251126_203000.WAV,recover-20251210,UBNA_032,Foliage
LF,22080.0,8.770672055404145,218.2955,218.2992,19453.0,37641.0,Plecotus austriacus,0.238,0.451,-1,Echolocation,192000.0,/mnt/ubna_data_06/recover-20251210/UBNA_032/20251126_203000.WAV,recover-20251210,UBNA_032,Foliage
HF,42240.0,3.036491519060149,263.5085,263.5118,28046.0,48920.0,Myotis nattereri,0.105,0.336,-1,Echolocation,192000.0,/mnt/ubna_data_06/recover-20251210/UBNA_032/20251126_203000.WAV,recover-20251210,UBNA_032,Foliage
LF,29760.0,3.217349638206576,263.7595,263.7624,24609.0,40242.0,Plecotus austriacus,0.3,0.439,-1,Echolocation,192000.0,/mnt/ubna_data_06/recover-20251210/UBNA_032/20251126_203000.WAV,recover-20251210,UBNA_032,Foliage
LF,22080.0,2.7872572225628494,23.6095,23.6164,22031.0,33803.0,Plecotus austriacus,0.263,0.376,-1,Echolocation,192000.0,/mnt/ubna_data_06/recover-20251210/UBNA_032/20251126_204000.WAV,recover-20251210,UBNA_032,Foliage
HF,54720.0,12.486519907507903,143.20850000000002,143.22,53828.0,57044.0,Pipistrellus pygmaeus,0.344,0.361,-1,Echolocation,192000.0,/mnt/ubna_data_06/recover-20251210/UBNA_032/20251126_204000.WAV,recover-20251210,UBNA_032,Foliage
LF,22080.0,14.438662571154811,279.5115,279.5338,21171.0,22899.0,Nyctalus leisleri,0.301,0.313,-1,Echolocation,192000.0,/mnt/ubna_data_06/recover-20251210/UBNA_032/20251126_204000.WAV,recover-20251210,UBNA_032,Foliage
LF,27840.0,5.201477489379899,113.2825,113.2873,23750.0,37252.0,Plecotus austriacus,0.339,0.414,-1,Echolocation,192000.0,/mnt/ubna_data_06/recover-20251210/UBNA_032/20251126_205000.WAV,recover-20251210,UBNA_032,Foliage
LF,25920.0,1.8343053860338656,115.1545,115.1716,25468.0,28433.0,Nyctalus leisleri,0.321,0.359,-1,Echolocation,192000.0,/mnt/ubna_data_06/recover-20251210/UBNA_032/20251126_205000.WAV,recover-20251210,UBNA_032,Foliage
LF,22080.0,5.110865928110849,137.5065,137.5111,21171.0,38943.0,Plecotus austriacus,0.303,0.364,-1,Echolocation,192000.0,/mnt/ubna_data_06/recover-20251210/UBNA_032/20251126_205000.WAV,recover-20251210,UBNA_032,Foliage
LF,22080.0,15.378920305464106,137.9495,137.9557,20312.0,32656.0,Plecotus austriacus,0.27,0.335,-1,Echolocation,192000.0,/mnt/ubna_data_06/recover-20251210/UBNA_032/20251126_205000.WAV,recover-20251210,UBNA_032,Foliage
LF,23040.0,3.575283445172408,164.04149999999998,164.0477,22031.0,32170.0,Plecotus austriacus,0.246,0.327,-1,Echolocation,192000.0,/mnt/ubna_data_06/recover-20251210/UBNA_032/20251126_205000.WAV,recover-20251210,UBNA_032,Foliage
LF,25920.0,7.276903100648707,178.5785,178.5914,25468.0,30207.0,Nyctalus leisleri,0.315,0.378,-1,Echolocation,192000.0,/mnt/ubna_data_06/recover-20251210/UBNA_032/20251126_205000.WAV,recover-20251210,UBNA_032,Foliage
HF,37440.0,9.430555553726332,190.0165,190.0204,23750.0,54852.0,Myotis nattereri,0.338,0.381,-1,Echolocation,192000.0,/mnt/ubna_data_06/recover-20251210/UBNA_032/20251126_205000.WAV,recover-20251210,UBNA_032,Foliage
LF,25920.0,1.5517219999523442,196.1725,196.1878,25468.0,29147.0,Nyctalus leisleri,0.306,0.373,-1,Echolocation,192000.0,/mnt/ubna_data_06/recover-20251210/UBNA_032/20251126_205000.WAV,recover-20251210,UBNA_032,Foliage
LF,25920.0,7.888361976188795,198.1635,198.1774,25468.0,29487.0,Nyctalus leisleri,0.303,0.37,-1,Echolocation,192000.0,/mnt/ubna_data_06/recover-20251210/UBNA_032/20251126_205000.WAV,recover-20251210,UBNA_032,Foliage
LF,25920.0,2.145231354095077,209.1775,209.1951,24609.0,27744.0,Nyctalus leisleri,0.237,0.301,-1,Echolocation,192000.0,/mnt/ubna_data_06/recover-20251210/UBNA_032/20251126_205000.WAV,recover-20251210,UBNA_032,Foliage
LF,22080.0,20.758712770884024,215.6525,215.6698,21171.0,23296.0,Nyctalus leisleri,0.409,0.419,-1,Echolocation,192000.0,/mnt/ubna_data_06/recover-20251210/UBNA_032/20251126_205000.WAV,recover-20251210,UBNA_032,Foliage
LF,19200.0,4.888188328316182,220.8235,220.8481,18593.0,21794.0,Nyctalus noctula,0.335,0.418,-1,Echolocation,192000.0,/mnt/ubna_data_06/recover-20251210/UBNA_032/20251126_205000.WAV,recover-20251210,UBNA_032,Foliage
LF,21120.0,1.6928525221898536,222.8435,222.8595,20312.0,23689.0,Nyctalus leisleri,0.298,0.445,-1,Echolocation,192000.0,/mnt/ubna_data_06/recover-20251210/UBNA_032/20251126_205000.WAV,recover-20251210,UBNA_032,Foliage
HF,41280.0,3.138254811924365,231.4405,231.4513,39218.0,43846.0,Pipistrellus nathusii,0.271,0.333,-1,Echolocation,192000.0,/mnt/ubna_data_06/recover-20251210/UBNA_032/20251126_205000.WAV,recover-20251210,UBNA_032,Foliage
HF,47040.0,8.486589410407298,290.8265,290.8343,46093.0,50416.0,Pipistrellus pipistrellus,0.329,0.378,-1,Echolocation,192000.0,/mnt/ubna_data_06/recover-20251210/UBNA_032/20251126_205000.WAV,recover-20251210,UBNA_032,Foliage
LF,23040.0,8.199181516668263,163.6455,163.6522,20312.0,29909.0,Plecotus austriacus,0.258,0.326,-1,Echolocation,192000.0,/mnt/ubna_data_06/recover-20251210/UBNA_032/20251126_210000.WAV,recover-20251210,UBNA_032,Foliage
LF,23040.0,7.438721622443403,178.7845,178.7904,20312.0,31071.0,Plecotus austriacus,0.226,0.309,-1,Echolocation,192000.0,/mnt/ubna_data_06/recover-20251210/UBNA_032/20251126_210000.WAV,recover-20251210,UBNA_032,Foliage
LF,25920.0,8.632252563205089,220.3155,220.3294,25468.0,28241.0,Nyctalus leisleri,0.527,0.555,-1,Echolocation,192000.0,/mnt/ubna_data_06/recover-20251210/UBNA_032/20251126_210000.WAV,recover-20251210,UBNA_032,Foliage
LF,24000.0,12.31922630291394,191.7415,191.7577,23750.0,25718.0,Nyctalus leisleri,0.272,0.302,-1,Echolocation,192000.0,/mnt/ubna_data_06/recover-20251210/UBNA_032/20251126_211000.WAV,recover-20251210,UBNA_032,Foliage
LF,24000.0,7.674134973045097,192.8845,192.9026,23750.0,26649.0,Nyctalus leisleri,0.278,0.309,-1,Echolocation,192000.0,/mnt/ubna_data_06/recover-20251210/UBNA_032/20251126_211000.WAV,recover-20251210,UBNA_032,Foliage
LF,29760.0,3.3081035808154184,199.6255,199.6385,28906.0,33963.0,Nyctalus leisleri,0.28,0.433,-1,Echolocation,192000.0,/mnt/ubna_data_06/recover-20251210/UBNA_032/20251126_211000.WAV,recover-20251210,UBNA_032,Foliage
LF,23040.0,9.467125383624765,201.69650000000001,201.7135,22890.0,25183.0,Nyctalus leisleri,0.285,0.31,-1,Echolocation,192000.0,/mnt/ubna_data_06/recover-20251210/UBNA_032/20251126_211000.WAV,recover-20251210,UBNA_032,Foliage
LF,23040.0,-0.638551205841638,226.3245,226.3387,22031.0,24642.0,Nyctalus leisleri,0.272,0.318,-1,Echolocation,192000.0,/mnt/ubna_data_06/recover-20251210/UBNA_032/20251126_211000.WAV,recover-20251210,UBNA_032,Foliage
LF,24000.0,10.678702623783032,233.4345,233.4462,23750.0,28805.0,Nyctalus leisleri,0.285,0.327,-1,Echolocation,192000.0,/mnt/ubna_data_06/recover-20251210/UBNA_032/20251126_211000.WAV,recover-20251210,UBNA_032,Foliage
LF,24000.0,1.1904613743371768,235.0065,235.0231,22890.0,26787.0,Nyctalus leisleri,0.32,0.402,-1,Echolocation,192000.0,/mnt/ubna_data_06/recover-20251210/UBNA_032/20251126_211000.WAV,recover-20251210,UBNA_032,Foliage
LF,22080.0,2.2047652014933923,16.2505,16.2669,22031.0,26272.0,Nyctalus leisleri,0.206,0.378,-1,Echolocation,192000.0,/mnt/ubna_data_06/recover-20251210/UBNA_032/20251126_214000.WAV,recover-20251210,UBNA_032,Foliage
LF,21120.0,0.6435822477530974,135.2045,135.2247,22031.0,26062.0,Nyctalus leisleri,0.206,0.306,-1,Echolocation,192000.0,/mnt/ubna_data_06/recover-20251210/UBNA_032/20251126_215000.WAV,recover-20251210,UBNA_032,Foliage
LF,23040.0,1.334137628300092,287.2695,287.2826,22890.0,27814.0,Nyctalus leisleri,0.129,0.338,-1,Echolocation,192000.0,/mnt/ubna_data_06/recover-20251210/UBNA_032/20251126_215000.WAV,recover-20251210,UBNA_032,Foliage
LF,23040.0,1.3207107691116573,263.7305,263.7493,22031.0,26267.0,Nyctalus leisleri,0.228,0.376,-1,Echolocation,192000.0,/mnt/ubna_data_06/recover-20251210/UBNA_032/20251126_220000.WAV,recover-20251210,UBNA_032,Foliage
LF,22080.0,1.9542374253301125,39.0025,39.019800000000004,22031.0,26344.0,Nyctalus leisleri,0.208,0.359,-1,Echolocation,192000.0,/mnt/ubna_data_06/recover-20251210/UBNA_032/20251126_224000.WAV,recover-20251210,UBNA_032,Foliage
LF,22080.0,13.649432396269077,92.8335,92.8601,21171.0,23945.0,Nyctalus leisleri,0.414,0.437,-1,Echolocation,192000.0,/mnt/ubna_data_06/recover-20251210/UBNA_032/20251126_224000.WAV,recover-20251210,UBNA_032,Foliage
LF,21120.0,4.110683272997753,99.4465,99.4699,21171.0,23382.0,Nyctalus leisleri,0.313,0.339,-1,Echolocation,192000.0,/mnt/ubna_data_06/recover-20251210/UBNA_032/20251126_224000.WAV,recover-20251210,UBNA_032,Foliage
LF,18240.0,7.770064613836509,174.5495,174.5607,11718.0,18964.0,Nyctalus leisleri,0.168,0.315,-1,Echolocation,192000.0,/mnt/ubna_data_06/recover-20251210/UBNA_032/20251126_224000.WAV,recover-20251210,UBNA_032,Foliage
LF,19200.0,8.01924819316998,182.6845,182.6954,11718.0,20424.0,Eptesicus serotinus,0.194,0.365,-1,Echolocation,192000.0,/mnt/ubna_data_06/recover-20251210/UBNA_032/20251126_224000.WAV,recover-20251210,UBNA_032,Foliage
LF,22080.0,6.380509304184675,237.8885,237.9141,21171.0,24757.0,Nyctalus leisleri,0.255,0.312,-1,Echolocation,192000.0,/mnt/ubna_data_06/recover-20251210/UBNA_032/20251126_224000.WAV,recover-20251210,UBNA_032,Foliage
LF,23040.0,6.410057689657219,260.6625,260.6843,22031.0,25082.0,Nyctalus leisleri,0.324,0.354,-1,Echolocation,192000.0,/mnt/ubna_data_06/recover-20251210/UBNA_032/20251126_224000.WAV,recover-20251210,UBNA_032,Foliage
LF,22080.0,7.8822741915210255,263.8795,263.9062,21171.0,24533.0,Nyctalus leisleri,0.27,0.304,-1,Echolocation,192000.0,/mnt/ubna_data_06/recover-20251210/UBNA_032/20251126_224000.WAV,recover-20251210,UBNA_032,Foliage
LF,22080.0,5.695840070234562,268.2305,268.2565,21171.0,23799.0,Nyctalus leisleri,0.374,0.393,-1,Echolocation,192000.0,/mnt/ubna_data_06/recover-20251210/UBNA_032/20251126_224000.WAV,recover-20251210,UBNA_032,Foliage
LF,23040.0,1.9288450070866336,250.8315,250.8493,22031.0,26707.0,Nyctalus leisleri,0.224,0.338,-1,Echolocation,192000.0,/mnt/ubna_data_06/recover-20251210/UBNA_032/20251126_231000.WAV,recover-20251210,UBNA_032,Foliage
LF,21120.0,7.04491190496833,191.2745,191.2925,20312.0,24784.0,Nyctalus noctula,0.185,0.337,-1,Echolocation,192000.0,/mnt/ubna_data_06/recover-20251210/UBNA_032/20251126_234000.WAV,recover-20251210,UBNA_032,Foliage
LF,20160.0,7.388299567458898,200.0065,200.0305,18593.0,21994.0,Nyctalus noctula,0.3,0.366,-1,Echolocation,192000.0,/mnt/ubna_data_06/recover-20251210/UBNA_032/20251126_234000.WAV,recover-20251210,UBNA_032,Foliage
LF,18240.0,9.607229844898717,298.6725,298.6881,16015.0,20095.0,Nyctalus noctula,0.304,0.447,-1,Echolocation,192000.0,/mnt/ubna_data_06/recover-20251210/UBNA_032/20251126_235000.WAV,recover-20251210,UBNA_032,Foliage
LF,23040.0,14.621884967439257,181.8615,181.8823,21171.0,24734.0,Nyctalus leisleri,0.422,0.465,-1,Echolocation,192000.0,/mnt/ubna_data_06/recover-20251210/UBNA_032/20251127_000000.WAV,recover-20251210,UBNA_032,Foliage
LF,19200.0,1.1026697058631945,30.3755,30.3987,18593.0,21445.0,Nyctalus noctula,0.267,0.351,-1,Echolocation,192000.0,/mnt/ubna_data_06/recover-20251210/UBNA_032/20251127_011000.WAV,recover-20251210,UBNA_032,Foliage
LF,22080.0,0.34541324269248874,215.1605,215.1764,22031.0,27073.0,Nyctalus noctula,0.185,0.363,-1,Echolocation,192000.0,/mnt/ubna_data_06/recover-20251210/UBNA_032/20251127_023000.WAV,recover-20251210,UBNA_032,Foliage
LF,20160.0,1.2310155306429473,135.7285,135.7526,18593.0,21640.0,Nyctalus noctula,0.233,0.315,-1,Echolocation,192000.0,/mnt/ubna_data_06/recover-20251210/UBNA_032/20251127_030000.WAV,recover-20251210,UBNA_032,Foliage
LF,25920.0,1.4057680810036035,113.49549999999999,113.5051,25468.0,32916.0,Eptesicus serotinus,0.174,0.312,-1,Echolocation,192000.0,/mnt/ubna_data_06/recover-20251210/UBNA_032/20251127_031000.WAV,recover-20251210,UBNA_032,Foliage
LF,22080.0,4.071023034760265,234.3065,234.315,20312.0,30170.0,Plecotus austriacus,0.133,0.329,-1,Echolocation,192000.0,/mnt/ubna_data_06/recover-20251210/UBNA_032/20251127_044000.WAV,recover-20251210,UBNA_032,Foliage
LF,24000.0,2.3340786230325477,261.5795,261.5852,21171.0,33629.0,Plecotus austriacus,0.157,0.331,-1,Echolocation,192000.0,/mnt/ubna_data_06/recover-20251210/UBNA_032/20251127_045000.WAV,recover-20251210,UBNA_032,Foliage
LF,29760.0,3.3436768353086417,41.0905,41.0951,23750.0,37543.0,Plecotus austriacus,0.187,0.325,-1,Echolocation,192000.0,/mnt/ubna_data_06/recover-20251210/UBNA_032/20251127_051000.WAV,recover-20251210,UBNA_032,Foliage
LF,23040.0,9.069727457628746,88.90350000000001,88.9085,20312.0,34903.0,Plecotus austriacus,0.246,0.307,-1,Echolocation,192000.0,/mnt/ubna_data_06/recover-20251210/UBNA_032/20251127_054000.WAV,recover-20251210,UBNA_032,Foliage
LF,23040.0,5.266919919298749,246.82150000000001,246.8319,22031.0,30449.0,Nyctalus noctula,0.139,0.397,-1,Echolocation,192000.0,/mnt/ubna_data_06/recover-20251210/UBNA_032/20251127_054000.WAV,recover-20251210,UBNA_032,Foliage
LF,28800.0,1.080795213944215,171.6155,171.6267,26328.0,32459.0,Eptesicus serotinus,0.199,0.406,-1,Echolocation,192000.0,/mnt/ubna_data_06/recover-20251210/UBNA_032/20251127_063000.WAV,recover-20251210,UBNA_032,Foliage
LF,23040.0,-2.15247444829556,234.1195,234.1366,22890.0,27709.0,Nyctalus leisleri,0.158,0.352,-1,Echolocation,192000.0,/mnt/ubna_data_06/recover-20251210/UBNA_032/20251127_072000.WAV,recover-20251210,UBNA_032,Foliage
LF,24000.0,2.690968107625907,154.1365,154.1411,22031.0,36564.0,Plecotus austriacus,0.258,0.335,-1,Echolocation,192000.0,/mnt/ubna_data_06/recover-20251210/UBNA_032/20251127_073000.WAV,recover-20251210,UBNA_032,Foliage
LF,23040.0,-8.437253384099293,186.6535,186.6664,23750.0,29447.0,Nyctalus leisleri,0.176,0.397,-1,Echolocation,192000.0,/mnt/ubna_data_06/recover-20251210/UBNA_032/20251127_083000.WAV,recover-20251210,UBNA_032,Foliage
LF,24000.0,3.0386743398682325,125.7615,125.7673,22890.0,35232.0,Plecotus austriacus,0.355,0.418,-1,Echolocation,192000.0,/mnt/ubna_data_06/recover-20251210/UBNA_032/20251127_084000.WAV,recover-20251210,UBNA_032,Foliage
LF,24000.0,3.8661462293215005,248.5425,248.5544,23750.0,28972.0,Nyctalus leisleri,0.161,0.359,-1,Echolocation,192000.0,/mnt/ubna_data_06/recover-20251210/UBNA_032/20251127_084000.WAV,recover-20251210,UBNA_032,Foliage
LF,23040.0,3.652943781956675,203.0265,203.0419,22890.0,29681.0,Eptesicus serotinus,0.148,0.374,-1,Echolocation,192000.0,/mnt/ubna_data_06/recover-20251210/UBNA_032/20251127_085000.WAV,recover-20251210,UBNA_032,Foliage
LF,23040.0,4.240730521272094,291.3735,291.3831,22890.0,31300.0,Eptesicus serotinus,0.11,0.33,-1,Echolocation,192000.0,/mnt/ubna_data_06/recover-20251210/UBNA_032/20251127_090000.WAV,recover-20251210,UBNA_032,Foliage
LF,24960.0,5.99001717336778,1.6975,1.7092,22890.0,29856.0,Nyctalus noctula,0.106,0.309,-1,Echolocation,192000.0,/mnt/ubna_data_06/recover-20251210/UBNA_032/20251127_091000.WAV,recover-20251210,UBNA_032,Foliage
LF,24960.0,2.0192637099603408,65.6865,65.6976,22890.0,28700.0,Nyctalus leisleri,0.109,0.31,-1,Echolocation,192000.0,/mnt/ubna_data_06/recover-20251210/UBNA_032/20251127_092000.WAV,recover-20251210,UBNA_032,Foliage
LF,24000.0,3.6945141532266517,270.0075,270.0222,22890.0,27016.0,Nyctalus leisleri,0.189,0.316,-1,Echolocation,192000.0,/mnt/ubna_data_06/recover-20251210/UBNA_032/20251127_092000.WAV,recover-20251210,UBNA_032,Foliage
LF,23040.0,2.8576979759360253,45.8775,45.8882,22890.0,29460.0,Nyctalus noctula,0.141,0.397,-1,Echolocation,192000.0,/mnt/ubna_data_06/recover-20251210/UBNA_032/20251127_094000.WAV,recover-20251210,UBNA_032,Foliage
LF,24000.0,2.501504229870739,156.0165,156.0282,22890.0,28112.0,Nyctalus leisleri,0.118,0.312,-1,Echolocation,192000.0,/mnt/ubna_data_06/recover-20251210/UBNA_032/20251127_094000.WAV,recover-20251210,UBNA_032,Foliage
LF,22080.0,3.0762677883582152,81.1685,81.174,16875.0,30368.0,Plecotus auritus,0.191,0.31,-1,Echolocation,192000.0,/mnt/ubna_data_06/recover-20251210/UBNA_032/20251127_095000.WAV,recover-20251210,UBNA_032,Foliage
LF,24000.0,4.4935984367781545,43.4135,43.4264,22890.0,27296.0,Nyctalus leisleri,0.139,0.325,-1,Echolocation,192000.0,/mnt/ubna_data_06/recover-20251210/UBNA_032/20251127_100000.WAV,recover-20251210,UBNA_032,Foliage
LF,24000.0,6.6706121401034135,113.6135,113.6208,22890.0,32166.0,Plecotus austriacus,0.264,0.382,-1,Echolocation,192000.0,/mnt/ubna_data_06/recover-20251210/UBNA_032/20251127_101000.WAV,recover-20251210,UBNA_032,Foliage
LF,24000.0,2.9887945744056506,192.2855,192.2969,23750.0,29431.0,Nyctalus leisleri,0.129,0.342,-1,Echolocation,192000.0,/mnt/ubna_data_06/recover-20251210/UBNA_032/20251127_101000.WAV,recover-20251210,UBNA_032,Foliage
LF,23040.0,-0.7727324531585029,287.5595,287.5738,22890.0,28524.0,Nyctalus leisleri,0.115,0.307,-1,Echolocation,192000.0,/mnt/ubna_data_06/recover-20251210/UBNA_032/20251127_102000.WAV,recover-20251210,UBNA_032,Foliage
LF,23040.0,4.794306606824018,209.2145,209.2274,22031.0,28073.0,Nyctalus noctula,0.252,0.463,-1,Echolocation,192000.0,/mnt/ubna_data_06/recover-20251210/UBNA_032/20251127_103000.WAV,recover-20251210,UBNA_032,Foliage
LF,24960.0,6.405808235009129,105.5975,105.6092,22031.0,30431.0,Nyctalus leisleri,0.118,0.314,-1,Echolocation,192000.0,/mnt/ubna_data_06/recover-20251210/UBNA_032/20251127_110000.WAV,recover-20251210,UBNA_032,Foliage
LF,22080.0,6.661202525998812,218.0145,218.0247,21171.0,28697.0,Nyctalus noctula,0.144,0.325,-1,Echolocation,192000.0,/mnt/ubna_data_06/recover-20251210/UBNA_032/20251127_111000.WAV,recover-20251210,UBNA_032,Foliage
LF,25920.0,8.263160689515658,165.6735,165.6794,22890.0,39300.0,Plecotus austriacus,0.316,0.366,-1,Echolocation,192000.0,/mnt/ubna_data_06/recover-20251210/UBNA_032/20251127_112000.WAV,recover-20251210,UBNA_032,Foliage
LF,24000.0,3.5589136706190128,30.4295,30.4426,22890.0,27768.0,Nyctalus leisleri,0.124,0.33,-1,Echolocation,192000.0,/mnt/ubna_data_06/recover-20251210/UBNA_032/20251127_113000.WAV,recover-20251210,UBNA_032,Foliage
LF,22080.0,7.996345235863687,110.07849999999999,110.0829,19453.0,38933.0,Plecotus austriacus,0.24,0.375,-1,Echolocation,192000.0,/mnt/ubna_data_06/recover-20251210/UBNA_032/20251127_115000.WAV,recover-20251210,UBNA_032,Foliage
LF,24000.0,1.7963323333680268,18.9075,18.9233,22890.0,27644.0,Nyctalus leisleri,0.157,0.336,-1,Echolocation,192000.0,/mnt/ubna_data_06/recover-20251210/UBNA_032/20251127_120000.WAV,recover-20251210,UBNA_032,Foliage
LF,23040.0,4.470521185094396,196.7745,196.779,22890.0,37692.0,Plecotus austriacus,0.232,0.304,-1,Echolocation,192000.0,/mnt/ubna_data_06/recover-20251210/UBNA_032/20251127_121000.WAV,recover-20251210,UBNA_032,Foliage
LF,23040.0,10.522065221007912,92.9735,92.9778,16015.0,35665.0,Plecotus auritus,0.208,0.312,-1,Echolocation,192000.0,/mnt/ubna_data_06/recover-20251210/UBNA_032/20251127_123000.WAV,recover-20251210,UBNA_032,Foliage
LF,22080.0,0.49129485596479167,253.20850000000002,253.2281,22890.0,26966.0,Nyctalus leisleri,0.297,0.357,-1,Echolocation,192000.0,/mnt/ubna_data_06/recover-20251210/UBNA_032/20251127_133000.WAV,recover-20251210,UBNA_032,Foliage
LF,25920.0,7.186516394980642,276.0845,276.0883,23750.0,40184.0,Plecotus austriacus,0.356,0.433,-1,Echolocation,192000.0,/mnt/ubna_data_06/recover-20251210/UBNA_032/20251127_142000.WAV,recover-20251210,UBNA_032,Foliage
LF,18240.0,8.258392362666488,7.2805,7.2882,13437.0,22578.0,Plecotus auritus,0.166,0.331,-1,Echolocation,192000.0,/mnt/ubna_data_06/recover-20251210/UBNA_032/20251127_151000.WAV,recover-20251210,UBNA_032,Foliage
LF,23040.0,9.39597003177907,9.5445,9.5512,14296.0,27850.0,Plecotus auritus,0.339,0.441,-1,Echolocation,192000.0,/mnt/ubna_data_06/recover-20251210/UBNA_032/20251127_151000.WAV,recover-20251210,UBNA_032,Foliage
LF,19200.0,7.959526775883608,11.8925,11.8988,15156.0,28202.0,Plecotus auritus,0.261,0.307,-1,Echolocation,192000.0,/mnt/ubna_data_06/recover-20251210/UBNA_032/20251127_151000.WAV,recover-20251210,UBNA_032,Foliage
LF,17280.0,8.333776520299143,13.2755,13.2831,15156.0,24998.0,Plecotus auritus,0.183,0.358,-1,Echolocation,192000.0,/mnt/ubna_data_06/recover-20251210/UBNA_032/20251127_151000.WAV,recover-20251210,UBNA_032,Foliage
LF,19200.0,9.168357041915353,298.0905,298.1204,17734.0,20824.0,Nyctalus noctula,0.257,0.317,-1,Echolocation,192000.0,/mnt/ubna_data_06/recover-20251210/UBNA_032/20251127_152000.WAV,recover-20251210,UBNA_032,Foliage
LF,20160.0,2.8221770670517565,59.444500000000005,59.4625,19453.0,23837.0,Nyctalus noctula,0.204,0.305,-1,Echolocation,192000.0,/mnt/ubna_data_06/recover-20251210/UBNA_032/20251127_153000.WAV,recover-20251210,UBNA_032,Foliage
LF,30720.0,3.3743249130105415,29.2395,29.2493,28046.0,36248.0,Eptesicus serotinus,0.286,0.381,-1,Echolocation,192000.0,/mnt/ubna_data_06/recover-20251210/UBNA_032/20251127_154000.WAV,recover-20251210,UBNA_032,Foliage
LF,18240.0,10.186870215888908,118.2885,118.29599999999999,12578.0,24049.0,Plecotus auritus,0.172,0.326,-1,Echolocation,192000.0,/mnt/ubna_data_06/recover-20251210/UBNA_032/20251127_154000.WAV,recover-20251210,UBNA_032,Foliage
LF,19200.0,8.352182428851124,167.5605,167.5671,13437.0,25891.0,Plecotus auritus,0.273,0.367,-1,Echolocation,192000.0,/mnt/ubna_data_06/recover-20251210/UBNA_032/20251127_154000.WAV,recover-20251210,UBNA_032,Foliage
LF,20160.0,1.6513629609794793,151.5895,151.6113,19453.0,22438.0,Nyctalus noctula,0.217,0.325,-1,Echolocation,192000.0,/mnt/ubna_data_06/recover-20251210/UBNA_032/20251127_163000.WAV,recover-20251210,UBNA_032,Foliage
LF,22080.0,13.318771676915944,177.4205,177.431,13437.0,22589.0,Eptesicus serotinus,0.184,0.342,-1,Echolocation,192000.0,/mnt/ubna_data_06/recover-20251210/UBNA_032/20251127_170000.WAV,recover-20251210,UBNA_032,Foliage
LF,27840.0,4.608758521580339,277.1835,277.1987,27187.0,32444.0,Nyctalus leisleri,0.243,0.392,-1,Echolocation,192000.0,/mnt/ubna_data_06/recover-20251210/UBNA_032/20251127_170000.WAV,recover-20251210,UBNA_032,Foliage
LF,30720.0,4.683930657785509,107.3435,107.3474,25468.0,39136.0,Plecotus austriacus,0.222,0.312,-1,Echolocation,192000.0,/mnt/ubna_data_06/recover-20251210/UBNA_032/20251127_173000.WAV,recover-20251210,UBNA_032,Foliage
LF,17280.0,9.702381216157809,150.4435,150.4636,16875.0,21363.0,Nyctalus noctula,0.452,0.577,-1,Echolocation,192000.0,/mnt/ubna_data_06/recover-20251210/UBNA_032/20251127_180000.WAV,recover-20251210,UBNA_032,Foliage
LF,24000.0,19.503169835309425,84.7385,84.7572,23750.0,26671.0,Nyctalus leisleri,0.325,0.342,-1,Echolocation,192000.0,/mnt/ubna_data_06/recover-20251210/UBNA_032/20251127_190000.WAV,recover-20251210,UBNA_032,Foliage
LF,19200.0,9.386783956302729,151.0915,151.1194,17734.0,20525.0,Nyctalus noctula,0.262,0.332,-1,Echolocation,192000.0,/mnt/ubna_data_06/recover-20251210/UBNA_032/20251127_190000.WAV,recover-20251210,UBNA_032,Foliage
LF,19200.0,8.760662108122348,243.5455,243.5731,17734.0,20977.0,Nyctalus noctula,0.246,0.318,-1,Echolocation,192000.0,/mnt/ubna_data_06/recover-20251210/UBNA_032/20251127_190000.WAV,recover-20251210,UBNA_032,Foliage
LF,18240.0,10.04248452186474,253.2075,253.2255,16875.0,19387.0,Nyctalus leisleri,0.249,0.413,-1,Echolocation,192000.0,/mnt/ubna_data_06/recover-20251210/UBNA_032/20251127_190000.WAV,recover-20251210,UBNA_032,Foliage
LF,24000.0,12.802202404106712,286.0795,286.1034,22890.0,26431.0,Nyctalus leisleri,0.348,0.387,-1,Echolocation,192000.0,/mnt/ubna_data_06/recover-20251210/UBNA_032/20251127_190000.WAV,recover-20251210,UBNA_032,Foliage
LF,23040.0,11.366946180836472,286.4995,286.5236,22031.0,24918.0,Nyctalus leisleri,0.293,0.307,-1,Echolocation,192000.0,/mnt/ubna_data_06/recover-20251210/UBNA_032/20251127_190000.WAV,recover-20251210,UBNA_032,Foliage
LF,22080.0,17.43823926325062,232.1765,232.1945,20312.0,23079.0,Nyctalus leisleri,0.332,0.343,-1,Echolocation,192000.0,/mnt/ubna_data_06/recover-20251210/UBNA_032/20251127_192000.WAV,recover-20251210,UBNA_032,Foliage
LF,23040.0,11.198334224031417,160.8635,160.883,22890.0,25811.0,Nyctalus leisleri,0.279,0.325,-1,Echolocation,192000.0,/mnt/ubna_data_06/recover-20251210/UBNA_032/20251127_200000.WAV,recover-20251210,UBNA_032,Foliage
LF,17280.0,4.760302537282519,94.5355,94.5616,16875.0,20344.0,Nyctalus noctula,0.24,0.31,-1,Echolocation,192000.0,/mnt/ubna_data_06/recover-20251210/UBNA_032/20251127_203000.WAV,recover-20251210,UBNA_032,Foliage
LF,23040.0,10.747462835571472,172.6305,172.6458,22031.0,28212.0,Nyctalus noctula,0.192,0.352,-1,Echolocation,192000.0,/mnt/ubna_data_06/recover-20251210/UBNA_032/20251127_212000.WAV,recover-20251210,UBNA_032,Foliage
LF,17280.0,7.0624051619029995,33.9405,33.9519,11718.0,19388.0,Nyctalus leisleri,0.21,0.38,-1,Echolocation,192000.0,/mnt/ubna_data_06/recover-20251210/UBNA_032/20251127_213000.WAV,recover-20251210,UBNA_032,Foliage
LF,17280.0,8.965367885290869,34.7365,34.7481,11718.0,20240.0,Eptesicus serotinus,0.179,0.311,-1,Echolocation,192000.0,/mnt/ubna_data_06/recover-20251210/UBNA_032/20251127_213000.WAV,recover-20251210,UBNA_032,Foliage
LF,17280.0,10.159954795115201,40.423500000000004,40.4343,11718.0,19640.0,Eptesicus serotinus,0.218,0.327,-1,Echolocation,192000.0,/mnt/ubna_data_06/recover-20251210/UBNA_032/20251127_213000.WAV,recover-20251210,UBNA_032,Foliage
LF,17280.0,7.329824034449305,44.4705,44.4837,11718.0,20547.0,Eptesicus serotinus,0.217,0.399,-1,Echolocation,192000.0,/mnt/ubna_data_06/recover-20251210/UBNA_032/20251127_213000.WAV,recover-20251210,UBNA_032,Foliage
LF,17280.0,7.791606215082913,44.6365,44.6493,11718.0,19445.0,Eptesicus serotinus,0.157,0.309,-1,Echolocation,192000.0,/mnt/ubna_data_06/recover-20251210/UBNA_032/20251127_213000.WAV,recover-20251210,UBNA_032,Foliage
LF,17280.0,9.620346828033563,53.0315,53.0432,11718.0,19551.0,Eptesicus serotinus,0.202,0.315,-1,Echolocation,192000.0,/mnt/ubna_data_06/recover-20251210/UBNA_032/20251127_213000.WAV,recover-20251210,UBNA_032,Foliage
LF,17280.0,8.44571742321187,56.808499999999995,56.8207,11718.0,20307.0,Eptesicus serotinus,0.163,0.339,-1,Echolocation,192000.0,/mnt/ubna_data_06/recover-20251210/UBNA_032/20251127_213000.WAV,recover-20251210,UBNA_032,Foliage
LF,17280.0,9.765641589216866,57.823499999999996,57.8367,11718.0,19925.0,Eptesicus serotinus,0.246,0.369,-1,Echolocation,192000.0,/mnt/ubna_data_06/recover-20251210/UBNA_032/20251127_213000.WAV,recover-20251210,UBNA_032,Foliage
LF,18240.0,8.94203744454708,68.2555,68.2673,11718.0,19849.0,Eptesicus serotinus,0.207,0.309,-1,Echolocation,192000.0,/mnt/ubna_data_06/recover-20251210/UBNA_032/20251127_213000.WAV,recover-20251210,UBNA_032,Foliage
LF,17280.0,7.9248421241021285,78.04050000000001,78.0534,11718.0,19857.0,Eptesicus serotinus,0.176,0.302,-1,Echolocation,192000.0,/mnt/ubna_data_06/recover-20251210/UBNA_032/20251127_213000.WAV,recover-20251210,UBNA_032,Foliage
LF,18240.0,6.9962134432133105,83.6005,83.6134,11718.0,20260.0,Eptesicus serotinus,0.185,0.308,-1,Echolocation,192000.0,/mnt/ubna_data_06/recover-20251210/UBNA_032/20251127_213000.WAV,recover-20251210,UBNA_032,Foliage
LF,18240.0,7.462425095404405,84.7075,84.7199,11718.0,19555.0,Eptesicus serotinus,0.228,0.373,-1,Echolocation,192000.0,/mnt/ubna_data_06/recover-20251210/UBNA_032/20251127_213000.WAV,recover-20251210,UBNA_032,Foliage
LF,18240.0,10.08920123675717,89.26650000000001,89.2787,11718.0,20155.0,Eptesicus serotinus,0.228,0.321,-1,Echolocation,192000.0,/mnt/ubna_data_06/recover-20251210/UBNA_032/20251127_213000.WAV,recover-20251210,UBNA_032,Foliage
LF,18240.0,8.404030940832701,101.9705,101.9816,11718.0,20257.0,Eptesicus serotinus,0.257,0.343,-1,Echolocation,192000.0,/mnt/ubna_data_06/recover-20251210/UBNA_032/20251127_213000.WAV,recover-20251210,UBNA_032,Foliage
LF,17280.0,9.029853208711213,109.4385,109.4503,11718.0,20462.0,Eptesicus serotinus,0.277,0.375,-1,Echolocation,192000.0,/mnt/ubna_data_06/recover-20251210/UBNA_032/20251127_213000.WAV,recover-20251210,UBNA_032,Foliage
LF,18240.0,7.520797974805356,115.4575,115.4691,11718.0,19734.0,Nyctalus leisleri,0.21,0.418,-1,Echolocation,192000.0,/mnt/ubna_data_06/recover-20251210/UBNA_032/20251127_213000.WAV,recover-20251210,UBNA_032,Foliage
LF,19200.0,6.685444156910099,116.25450000000001,116.2666,11718.0,20335.0,Eptesicus serotinus,0.209,0.379,-1,Echolocation,192000.0,/mnt/ubna_data_06/recover-20251210/UBNA_032/20251127_213000.WAV,recover-20251210,UBNA_032,Foliage
LF,18240.0,9.05973413665906,135.80349999999999,135.8143,11718.0,20983.0,Eptesicus serotinus,0.276,0.368,-1,Echolocation,192000.0,/mnt/ubna_data_06/recover-20251210/UBNA_032/20251127_213000.WAV,recover-20251210,UBNA_032,Foliage
LF,17280.0,8.486585755411278,144.1165,144.1287,11718.0,19994.0,Eptesicus serotinus,0.196,0.301,-1,Echolocation,192000.0,/mnt/ubna_data_06/recover-20251210/UBNA_032/20251127_213000.WAV,recover-20251210,UBNA_032,Foliage
LF,17280.0,9.399421507923511,148.0925,148.1038,11718.0,20116.0,Eptesicus serotinus,0.22,0.377,-1,Echolocation,192000.0,/mnt/ubna_data_06/recover-20251210/UBNA_032/20251127_213000.WAV,recover-20251210,UBNA_032,Foliage
LF,17280.0,7.757094164563577,148.5595,148.5719,11718.0,19596.0,Eptesicus serotinus,0.187,0.344,-1,Echolocation,192000.0,/mnt/ubna_data_06/recover-20251210/UBNA_032/20251127_213000.WAV,recover-20251210,UBNA_032,Foliage
LF,17280.0,7.271807961680081,148.9025,148.9149,11718.0,20336.0,Eptesicus serotinus,0.213,0.342,-1,Echolocation,192000.0,/mnt/ubna_data_06/recover-20251210/UBNA_032/20251127_213000.WAV,recover-20251210,UBNA_032,Foliage
LF,18240.0,8.855193674411423,151.0465,151.0592,11718.0,20310.0,Eptesicus serotinus,0.18,0.32,-1,Echolocation,192000.0,/mnt/ubna_data_06/recover-20251210/UBNA_032/20251127_213000.WAV,recover-20251210,UBNA_032,Foliage
LF,18240.0,7.592399877932763,156.4395,156.4523,11718.0,20200.0,Eptesicus serotinus,0.21,0.342,-1,Echolocation,192000.0,/mnt/ubna_data_06/recover-20251210/UBNA_032/20251127_213000.WAV,recover-20251210,UBNA_032,Foliage
LF,19200.0,6.718011996346894,158.2355,158.2479,11718.0,19943.0,Eptesicus serotinus,0.23,0.359,-1,Echolocation,192000.0,/mnt/ubna_data_06/recover-20251210/UBNA_032/20251127_213000.WAV,recover-20251210,UBNA_032,Foliage
LF,17280.0,6.715658834357258,158.5495,158.5616,11718.0,19866.0,Eptesicus serotinus,0.222,0.366,-1,Echolocation,192000.0,/mnt/ubna_data_06/recover-20251210/UBNA_032/20251127_213000.WAV,recover-20251210,UBNA_032,Foliage
LF,18240.0,8.350663858567975,159.4905,159.5024,11718.0,19516.0,Eptesicus serotinus,0.175,0.321,-1,Echolocation,192000.0,/mnt/ubna_data_06/recover-20251210/UBNA_032/20251127_213000.WAV,recover-20251210,UBNA_032,Foliage
LF,18240.0,9.567751717498382,172.6635,172.6754,11718.0,19462.0,Eptesicus serotinus,0.208,0.324,-1,Echolocation,192000.0,/mnt/ubna_data_06/recover-20251210/UBNA_032/20251127_213000.WAV,recover-20251210,UBNA_032,Foliage
LF,18240.0,7.746957406672149,178.7375,178.7501,11718.0,18962.0,Nyctalus leisleri,0.221,0.391,-1,Echolocation,192000.0,/mnt/ubna_data_06/recover-20251210/UBNA_032/20251127_213000.WAV,recover-20251210,UBNA_032,Foliage
LF,18240.0,8.348386813871716,183.3015,183.3141,11718.0,19994.0,Eptesicus serotinus,0.178,0.315,-1,Echolocation,192000.0,/mnt/ubna_data_06/recover-20251210/UBNA_032/20251127_213000.WAV,recover-20251210,UBNA_032,Foliage
LF,18240.0,5.961811934778828,184.2855,184.2973,11718.0,19878.0,Eptesicus serotinus,0.184,0.302,-1,Echolocation,192000.0,/mnt/ubna_data_06/recover-20251210/UBNA_032/20251127_213000.WAV,recover-20251210,UBNA_032,Foliage
LF,18240.0,9.125183254827814,185.6685,185.6798,11718.0,19730.0,Eptesicus serotinus,0.18,0.325,-1,Echolocation,192000.0,/mnt/ubna_data_06/recover-20251210/UBNA_032/20251127_213000.WAV,recover-20251210,UBNA_032,Foliage
LF,18240.0,9.149495926496582,192.2165,192.2298,11718.0,18870.0,Eptesicus serotinus,0.165,0.32,-1,Echolocation,192000.0,/mnt/ubna_data_06/recover-20251210/UBNA_032/20251127_213000.WAV,recover-20251210,UBNA_032,Foliage
LF,18240.0,7.480515268401974,212.6935,212.7058,11718.0,19749.0,Eptesicus serotinus,0.215,0.412,-1,Echolocation,192000.0,/mnt/ubna_data_06/recover-20251210/UBNA_032/20251127_213000.WAV,recover-20251210,UBNA_032,Foliage
LF,18240.0,7.54943185526855,214.3575,214.3699,11718.0,19747.0,Nyctalus leisleri,0.159,0.33,-1,Echolocation,192000.0,/mnt/ubna_data_06/recover-20251210/UBNA_032/20251127_213000.WAV,recover-20251210,UBNA_032,Foliage
LF,19200.0,7.773140417050881,219.8375,219.8502,11718.0,19158.0,Nyctalus leisleri,0.169,0.332,-1,Echolocation,192000.0,/mnt/ubna_data_06/recover-20251210/UBNA_032/20251127_213000.WAV,recover-20251210,UBNA_032,Foliage
LF,17280.0,7.927780369246703,227.8485,227.8605,11718.0,19273.0,Eptesicus serotinus,0.166,0.328,-1,Echolocation,192000.0,/mnt/ubna_data_06/recover-20251210/UBNA_032/20251127_213000.WAV,recover-20251210,UBNA_032,Foliage
LF,17280.0,7.860572153473151,231.4895,231.5017,11718.0,20030.0,Nyctalus leisleri,0.167,0.348,-1,Echolocation,192000.0,/mnt/ubna_data_06/recover-20251210/UBNA_032/20251127_213000.WAV,recover-20251210,UBNA_032,Foliage
LF,17280.0,8.390676624197477,243.3765,243.3876,11718.0,20629.0,Eptesicus serotinus,0.189,0.344,-1,Echolocation,192000.0,/mnt/ubna_data_06/recover-20251210/UBNA_032/20251127_213000.WAV,recover-20251210,UBNA_032,Foliage
LF,17280.0,8.604688545366429,246.5215,246.5337,11718.0,19248.0,Eptesicus serotinus,0.177,0.337,-1,Echolocation,192000.0,/mnt/ubna_data_06/recover-20251210/UBNA_032/20251127_213000.WAV,recover-20251210,UBNA_032,Foliage
LF,17280.0,8.057265451556583,264.2445,264.256,11718.0,19756.0,Eptesicus serotinus,0.219,0.425,-1,Echolocation,192000.0,/mnt/ubna_data_06/recover-20251210/UBNA_032/20251127_213000.WAV,recover-20251210,UBNA_032,Foliage
LF,18240.0,8.474871907668884,265.7655,265.7776,11718.0,19263.0,Nyctalus leisleri,0.222,0.39,-1,Echolocation,192000.0,/mnt/ubna_data_06/recover-20251210/UBNA_032/20251127_213000.WAV,recover-20251210,UBNA_032,Foliage
LF,17280.0,6.708895393317411,274.7955,274.8078,11718.0,19529.0,Eptesicus serotinus,0.183,0.309,-1,Echolocation,192000.0,/mnt/ubna_data_06/recover-20251210/UBNA_032/20251127_213000.WAV,recover-20251210,UBNA_032,Foliage
LF,17280.0,7.109467885714041,276.8095,276.8216,11718.0,19238.0,Eptesicus serotinus,0.153,0.311,-1,Echolocation,192000.0,/mnt/ubna_data_06/recover-20251210/UBNA_032/20251127_213000.WAV,recover-20251210,UBNA_032,Foliage
LF,17280.0,6.9135254115889735,282.8685,282.8799,11718.0,21121.0,Eptesicus serotinus,0.159,0.3,-1,Echolocation,192000.0,/mnt/ubna_data_06/recover-20251210/UBNA_032/20251127_213000.WAV,recover-20251210,UBNA_032,Foliage
LF,18240.0,8.033653927232102,283.6895,283.7016,11718.0,19117.0,Nyctalus leisleri,0.151,0.31,-1,Echolocation,192000.0,/mnt/ubna_data_06/recover-20251210/UBNA_032/20251127_213000.WAV,recover-20251210,UBNA_032,Foliage
LF,17280.0,8.497215532360773,290.6535,290.66610000000003,11718.0,19785.0,Eptesicus serotinus,0.17,0.307,-1,Echolocation,192000.0,/mnt/ubna_data_06/recover-20251210/UBNA_032/20251127_213000.WAV,recover-20251210,UBNA_032,Foliage
LF,23040.0,2.8770312446849715,182.4865,182.4993,22031.0,27506.0,Nyctalus noctula,0.151,0.378,-1,Echolocation,192000.0,/mnt/ubna_data_06/recover-20251210/UBNA_032/20251127_214000.WAV,recover-20251210,UBNA_032,Foliage
LF,17280.0,4.362681689675487,142.3985,142.4175,16015.0,19651.0,Nyctalus noctula,0.197,0.374,-1,Echolocation,192000.0,/mnt/ubna_data_06/recover-20251210/UBNA_032/20251127_224000.WAV,recover-20251210,UBNA_032,Foliage
LF,17280.0,9.500775613854515,145.5565,145.5769,16015.0,20148.0,Nyctalus leisleri,0.199,0.429,-1,Echolocation,192000.0,/mnt/ubna_data_06/recover-20251210/UBNA_032/20251127_224000.WAV,recover-20251210,UBNA_032,Foliage
LF,17280.0,13.008882716051595,150.6245,150.6415,16015.0,19597.0,Nyctalus leisleri,0.374,0.445,-1,Echolocation,192000.0,/mnt/ubna_data_06/recover-20251210/UBNA_032/20251127_224000.WAV,recover-20251210,UBNA_032,Foliage
LF,26880.0,0.5837065708577356,282.6155,282.6265,26328.0,31998.0,Eptesicus serotinus,0.188,0.382,-1,Echolocation,192000.0,/mnt/ubna_data_06/recover-20251210/UBNA_032/20251127_232000.WAV,recover-20251210,UBNA_032,Foliage
LF,24000.0,2.7821200822942718,291.6785,291.6861,20312.0,29865.0,Plecotus austriacus,0.125,0.318,-1,Echolocation,192000.0,/mnt/ubna_data_06/recover-20251210/UBNA_032/20251127_232000.WAV,recover-20251210,UBNA_032,Foliage
LF,21120.0,-0.318618528694978,67.1075,67.126,21171.0,25159.0,Nyctalus leisleri,0.185,0.351,-1,Echolocation,192000.0,/mnt/ubna_data_06/recover-20251210/UBNA_032/20251127_234000.WAV,recover-20251210,UBNA_032,Foliage
LF,23040.0,1.8925687996015954,241.4465,241.4686,22031.0,25262.0,Nyctalus noctula,0.166,0.304,-1,Echolocation,192000.0,/mnt/ubna_data_06/recover-20251210/UBNA_032/20251127_235000.WAV,recover-20251210,UBNA_032,Foliage
LF,18240.0,26.379304991170617,54.8925,54.9187,18593.0,20961.0,Nyctalus noctula,0.234,0.302,-1,Echolocation,192000.0,/mnt/ubna_data_06/recover-20251210/UBNA_032/20251128_000000.WAV,recover-20251210,UBNA_032,Foliage
LF,17280.0,25.55489894071329,66.8505,66.8723,16875.0,20240.0,Nyctalus noctula,0.325,0.432,-1,Echolocation,192000.0,/mnt/ubna_data_06/recover-20251210/UBNA_032/20251128_000000.WAV,recover-20251210,UBNA_032,Foliage
LF,18240.0,3.2375502537365044,69.0625,69.0907,18593.0,21018.0,Nyctalus noctula,0.258,0.328,-1,Echolocation,192000.0,/mnt/ubna_data_06/recover-20251210/UBNA_032/20251128_000000.WAV,recover-20251210,UBNA_032,Foliage
LF,17280.0,21.374092975211198,76.2875,76.3147,16875.0,21105.0,Nyctalus noctula,0.358,0.443,-1,Echolocation,192000.0,/mnt/ubna_data_06/recover-20251210/UBNA_032/20251128_000000.WAV,recover-20251210,UBNA_032,Foliage
LF,18240.0,24.229562426371814,78.7195,78.7435,16875.0,20877.0,Nyctalus noctula,0.525,0.621,-1,Echolocation,192000.0,/mnt/ubna_data_06/recover-20251210/UBNA_032/20251128_000000.WAV,recover-20251210,UBNA_032,Foliage
LF,17280.0,25.99980689656993,81.0185,81.0455,16875.0,20659.0,Nyctalus noctula,0.318,0.392,-1,Echolocation,192000.0,/mnt/ubna_data_06/recover-20251210/UBNA_032/20251128_000000.WAV,recover-20251210,UBNA_032,Foliage
LF,17280.0,14.1250129218329,83.0665,83.0878,16875.0,19940.0,Nyctalus noctula,0.274,0.369,-1,Echolocation,192000.0,/mnt/ubna_data_06/recover-20251210/UBNA_032/20251128_000000.WAV,recover-20251210,UBNA_032,Foliage
LF,17280.0,24.772356179994173,93.8515,93.8772,16015.0,19677.0,Nyctalus noctula,0.36,0.43,-1,Echolocation,192000.0,/mnt/ubna_data_06/recover-20251210/UBNA_032/20251128_000000.WAV,recover-20251210,UBNA_032,Foliage
LF,24000.0,4.093680033883542,22.0035,22.0103,22031.0,31780.0,Plecotus austriacus,0.268,0.346,-1,Echolocation,192000.0,/mnt/ubna_data_06/recover-20251210/UBNA_032/20251128_001000.WAV,recover-20251210,UBNA_032,Foliage
LF,23040.0,0.7854815390797045,268.5175,268.5217,24609.0,38668.0,Plecotus austriacus,0.262,0.328,-1,Echolocation,192000.0,/mnt/ubna_data_06/recover-20251210/UBNA_032/20251128_005000.WAV,recover-20251210,UBNA_032,Foliage
LF,23040.0,1.5964064713890314,37.9765,37.9814,22890.0,38086.0,Plecotus austriacus,0.356,0.411,-1,Echolocation,192000.0,/mnt/ubna_data_06/recover-20251210/UBNA_032/20251128_013000.WAV,recover-20251210,UBNA_032,Foliage
HF,37440.0,5.508346512417017,49.2245,49.2292,34062.0,48046.0,Myotis daubentonii,0.172,0.375,-1,Echolocation,192000.0,/mnt/ubna_data_06/recover-20251210/UBNA_032/20251128_014000.WAV,recover-20251210,UBNA_032,Foliage
LF,23040.0,3.2607705917798513,285.4125,285.4169,23750.0,41405.0,Plecotus austriacus,0.259,0.328,-1,Echolocation,192000.0,/mnt/ubna_data_06/recover-20251210/UBNA_032/20251128_020000.WAV,recover-20251210,UBNA_032,Foliage
LF,23040.0,8.670608166572581,272.0025,272.0078,21171.0,32425.0,Plecotus austriacus,0.212,0.317,-1,Echolocation,192000.0,/mnt/ubna_data_06/recover-20251210/UBNA_032/20251128_022000.WAV,recover-20251210,UBNA_032,Foliage
LF,24000.0,1.1142638375504508,77.0935,77.0984,22890.0,39779.0,Plecotus austriacus,0.26,0.345,-1,Echolocation,192000.0,/mnt/ubna_data_06/recover-20251210/UBNA_032/20251128_023000.WAV,recover-20251210,UBNA_032,Foliage
LF,23040.0,1.330435306671446,57.1335,57.1382,22890.0,38722.0,Plecotus austriacus,0.265,0.302,-1,Echolocation,192000.0,/mnt/ubna_data_06/recover-20251210/UBNA_032/20251128_024000.WAV,recover-20251210,UBNA_032,Foliage
LF,23040.0,7.535984220573982,207.16649999999998,207.1715,21171.0,37207.0,Plecotus austriacus,0.222,0.303,-1,Echolocation,192000.0,/mnt/ubna_data_06/recover-20251210/UBNA_032/20251128_025000.WAV,recover-20251210,UBNA_032,Foliage
LF,28800.0,4.1615831044759934,24.2315,24.2355,24609.0,39438.0,Plecotus austriacus,0.275,0.315,-1,Echolocation,192000.0,/mnt/ubna_data_06/recover-20251210/UBNA_032/20251128_031000.WAV,recover-20251210,UBNA_032,Foliage
LF,23040.0,2.875280500401991,151.2685,151.2737,22890.0,39374.0,Plecotus austriacus,0.21,0.302,-1,Echolocation,192000.0,/mnt/ubna_data_06/recover-20251210/UBNA_032/20251128_032000.WAV,recover-20251210,UBNA_032,Foliage
HF,36480.0,3.755606958629457,78.3075,78.3116,29765.0,49638.0,Myotis daubentonii,0.201,0.309,-1,Echolocation,192000.0,/mnt/ubna_data_06/recover-20251210/UBNA_032/20251128_033000.WAV,recover-20251210,UBNA_032,Foliage
LF,25920.0,7.022881449915557,296.4495,296.461,25468.0,35251.0,Nyctalus leisleri,0.268,0.355,-1,Echolocation,192000.0,/mnt/ubna_data_06/recover-20251210/UBNA_032/20251128_033000.WAV,recover-20251210,UBNA_032,Foliage
LF,23040.0,-2.8354111348186133,195.3135,195.3205,19453.0,31947.0,Plecotus austriacus,0.188,0.307,-1,Echolocation,192000.0,/mnt/ubna_data_06/recover-20251210/UBNA_032/20251128_034000.WAV,recover-20251210,UBNA_032,Foliage
LF,23040.0,4.493411782621177,268.9065,268.9113,22890.0,42004.0,Plecotus austriacus,0.226,0.31,-1,Echolocation,192000.0,/mnt/ubna_data_06/recover-20251210/UBNA_032/20251128_034000.WAV,recover-20251210,UBNA_032,Foliage
LF,23040.0,2.7517938167285303,53.195499999999996,53.2068,22890.0,29018.0,Nyctalus leisleri,0.11,0.329,-1,Echolocation,192000.0,/mnt/ubna_data_06/recover-20251210/UBNA_032/20251128_035000.WAV,recover-20251210,UBNA_032,Foliage
LF,24000.0,1.052982132650613,92.9215,92.9264,22890.0,34774.0,Plecotus austriacus,0.28,0.341,-1,Echolocation,192000.0,/mnt/ubna_data_06/recover-20251210/UBNA_032/20251128_044000.WAV,recover-20251210,UBNA_032,Foliage
LF,24960.0,5.576360274849646,151.4045,151.4086,22890.0,41340.0,Plecotus austriacus,0.353,0.465,-1,Echolocation,192000.0,/mnt/ubna_data_06/recover-20251210/UBNA_032/20251128_044000.WAV,recover-20251210,UBNA_032,Foliage
LF,23040.0,-9.762317785291234,132.4315,132.4447,22890.0,28701.0,Nyctalus leisleri,0.13,0.336,-1,Echolocation,192000.0,/mnt/ubna_data_06/recover-20251210/UBNA_032/20251128_045000.WAV,recover-20251210,UBNA_032,Foliage
LF,24000.0,7.899603038520954,165.5055,165.5122,22031.0,33333.0,Plecotus austriacus,0.212,0.329,-1,Echolocation,192000.0,/mnt/ubna_data_06/recover-20251210/UBNA_032/20251128_045000.WAV,recover-20251210,UBNA_032,Foliage
LF,28800.0,4.6651819219936685,25.9375,25.9423,23750.0,34552.0,Plecotus austriacus,0.186,0.304,-1,Echolocation,192000.0,/mnt/ubna_data_06/recover-20251210/UBNA_032/20251128_050000.WAV,recover-20251210,UBNA_032,Foliage
LF,23040.0,-1.205184389473301,111.1505,111.16290000000001,22890.0,28446.0,Nyctalus leisleri,0.191,0.359,-1,Echolocation,192000.0,/mnt/ubna_data_06/recover-20251210/UBNA_032/20251128_052000.WAV,recover-20251210,UBNA_032,Foliage
HF,37440.0,6.159228688543009,284.7875,284.7913,26328.0,50656.0,Myotis nattereri,0.247,0.346,-1,Echolocation,192000.0,/mnt/ubna_data_06/recover-20251210/UBNA_032/20251128_052000.WAV,recover-20251210,UBNA_032,Foliage
LF,23040.0,2.3470167769759636,12.5155,12.5273,23750.0,28897.0,Eptesicus serotinus,0.138,0.32,-1,Echolocation,192000.0,/mnt/ubna_data_06/recover-20251210/UBNA_032/20251128_054000.WAV,recover-20251210,UBNA_032,Foliage
LF,24960.0,-2.3392548993176527,280.9655,280.9722,22890.0,31283.0,Plecotus austriacus,0.15,0.333,-1,Echolocation,192000.0,/mnt/ubna_data_06/recover-20251210/UBNA_032/20251128_055000.WAV,recover-20251210,UBNA_032,Foliage
LF,23040.0,8.552547565556662,14.1915,14.1973,20312.0,33053.0,Plecotus austriacus,0.264,0.377,-1,Echolocation,192000.0,/mnt/ubna_data_06/recover-20251210/UBNA_032/20251128_062000.WAV,recover-20251210,UBNA_032,Foliage
LF,24000.0,6.842211550230668,56.2815,56.2969,22031.0,27487.0,Nyctalus leisleri,0.132,0.314,-1,Echolocation,192000.0,/mnt/ubna_data_06/recover-20251210/UBNA_032/20251128_062000.WAV,recover-20251210,UBNA_032,Foliage
LF,24000.0,1.7739992068416155,108.6495,108.6594,23750.0,30307.0,Eptesicus serotinus,0.13,0.374,-1,Echolocation,192000.0,/mnt/ubna_data_06/recover-20251210/UBNA_032/20251128_062000.WAV,recover-20251210,UBNA_032,Foliage
LF,24000.0,3.5740229222846907,142.5795,142.5894,23750.0,31426.0,Eptesicus serotinus,0.154,0.382,-1,Echolocation,192000.0,/mnt/ubna_data_06/recover-20251210/UBNA_032/20251128_062000.WAV,recover-20251210,UBNA_032,Foliage
LF,24000.0,7.980529319829691,260.7515,260.7566,22031.0,41193.0,Plecotus austriacus,0.284,0.352,-1,Echolocation,192000.0,/mnt/ubna_data_06/recover-20251210/UBNA_032/20251128_062000.WAV,recover-20251210,UBNA_032,Foliage
LF,24000.0,3.7326023748196957,160.2635,160.2762,22890.0,29371.0,Eptesicus serotinus,0.165,0.325,-1,Echolocation,192000.0,/mnt/ubna_data_06/recover-20251210/UBNA_032/20251128_064000.WAV,recover-20251210,UBNA_032,Foliage
LF,23040.0,4.713167641129884,201.5655,201.5817,22890.0,26265.0,Nyctalus leisleri,0.219,0.325,-1,Echolocation,192000.0,/mnt/ubna_data_06/recover-20251210/UBNA_032/20251128_065000.WAV,recover-20251210,UBNA_032,Foliage
LF,23040.0,3.8617345063564716,92.0355,92.0459,23750.0,29215.0,Eptesicus serotinus,0.127,0.303,-1,Echolocation,192000.0,/mnt/ubna_data_06/recover-20251210/UBNA_032/20251128_071000.WAV,recover-20251210,UBNA_032,Foliage
LF,24960.0,5.51517856320177,79.3255,79.33160000000001,22890.0,32888.0,Plecotus austriacus,0.154,0.322,-1,Echolocation,192000.0,/mnt/ubna_data_06/recover-20251210/UBNA_032/20251128_081000.WAV,recover-20251210,UBNA_032,Foliage
LF,24000.0,5.49217920458998,89.4505,89.4605,23750.0,29660.0,Nyctalus leisleri,0.141,0.361,-1,Echolocation,192000.0,/mnt/ubna_data_06/recover-20251210/UBNA_032/20251128_083000.WAV,recover-20251210,UBNA_032,Foliage
LF,24960.0,7.767724589945299,295.1505,295.1559,22031.0,35847.0,Plecotus austriacus,0.312,0.36,-1,Echolocation,192000.0,/mnt/ubna_data_06/recover-20251210/UBNA_032/20251128_083000.WAV,recover-20251210,UBNA_032,Foliage
LF,22080.0,0.4523025013840316,130.3235,130.3402,22031.0,27014.0,Nyctalus noctula,0.2,0.334,-1,Echolocation,192000.0,/mnt/ubna_data_06/recover-20251210/UBNA_032/20251128_091000.WAV,recover-20251210,UBNA_032,Foliage
LF,24960.0,4.1389445391810495,295.1195,295.1238,22890.0,36253.0,Plecotus austriacus,0.286,0.371,-1,Echolocation,192000.0,/mnt/ubna_data_06/recover-20251210/UBNA_032/20251128_092000.WAV,recover-20251210,UBNA_032,Foliage
LF,23040.0,1.674960110338353,148.5425,148.5536,22890.0,29032.0,Nyctalus leisleri,0.103,0.312,-1,Echolocation,192000.0,/mnt/ubna_data_06/recover-20251210/UBNA_032/20251128_093000.WAV,recover-20251210,UBNA_032,Foliage
LF,28800.0,2.835454617516799,245.8055,245.8123,25468.0,35628.0,Eptesicus serotinus,0.155,0.392,-1,Echolocation,192000.0,/mnt/ubna_data_06/recover-20251210/UBNA_032/20251128_093000.WAV,recover-20251210,UBNA_032,Foliage
LF,23040.0,3.4451260820022656,146.7105,146.7221,22890.0,27071.0,Nyctalus leisleri,0.165,0.305,-1,Echolocation,192000.0,/mnt/ubna_data_06/recover-20251210/UBNA_032/20251128_100000.WAV,recover-20251210,UBNA_032,Foliage
LF,29760.0,8.83046167393839,20.5095,20.5138,23750.0,41668.0,Plecotus austriacus,0.281,0.37,-1,Echolocation,192000.0,/mnt/ubna_data_06/recover-20251210/UBNA_032/20251128_104000.WAV,recover-20251210,UBNA_032,Foliage
LF,21120.0,0.48727236983970573,241.7015,241.7218,21171.0,25225.0,Nyctalus noctula,0.195,0.324,-1,Echolocation,192000.0,/mnt/ubna_data_06/recover-20251210/UBNA_032/20251128_114000.WAV,recover-20251210,UBNA_032,Foliage
LF,26880.0,1.0026138975197414,18.5805,18.5919,25468.0,30461.0,Nyctalus leisleri,0.168,0.315,-1,Echolocation,192000.0,/mnt/ubna_data_06/recover-20251210/UBNA_032/20251128_124000.WAV,recover-20251210,UBNA_032,Foliage
LF,20160.0,5.145758241096518,53.036500000000004,53.059,20312.0,23540.0,Nyctalus noctula,0.235,0.339,-1,Echolocation,192000.0,/mnt/ubna_data_06/recover-20251210/UBNA_032/20251128_135000.WAV,recover-20251210,UBNA_032,Foliage
LF,19200.0,8.104063966821629,53.5995,53.623400000000004,18593.0,21254.0,Nyctalus noctula,0.22,0.31,-1,Echolocation,192000.0,/mnt/ubna_data_06/recover-20251210/UBNA_032/20251128_135000.WAV,recover-20251210,UBNA_032,Foliage
LF,19200.0,7.801018275273755,58.795500000000004,58.8208,18593.0,21548.0,Nyctalus noctula,0.227,0.342,-1,Echolocation,192000.0,/mnt/ubna_data_06/recover-20251210/UBNA_032/20251128_135000.WAV,recover-20251210,UBNA_032,Foliage
LF,23040.0,3.4521505133295545,66.9355,66.9565,22031.0,25915.0,Nyctalus leisleri,0.382,0.428,-1,Echolocation,192000.0,/mnt/ubna_data_06/recover-20251210/UBNA_032/20251128_135000.WAV,recover-20251210,UBNA_032,Foliage
LF,19200.0,7.4263791188448565,69.9445,69.966,18593.0,22284.0,Nyctalus noctula,0.276,0.454,-1,Echolocation,192000.0,/mnt/ubna_data_06/recover-20251210/UBNA_032/20251128_135000.WAV,recover-20251210,UBNA_032,Foliage
LF,19200.0,4.666857921163468,70.5145,70.5413,18593.0,20854.0,Nyctalus noctula,0.235,0.312,-1,Echolocation,192000.0,/mnt/ubna_data_06/recover-20251210/UBNA_032/20251128_135000.WAV,recover-20251210,UBNA_032,Foliage
LF,21120.0,9.496117389732328,237.6065,237.6285,20312.0,23666.0,Nyctalus leisleri,0.296,0.366,-1,Echolocation,192000.0,/mnt/ubna_data_06/recover-20251210/UBNA_032/20251128_150000.WAV,recover-20251210,UBNA_032,Foliage
LF,22080.0,6.169948835488523,250.6395,250.6594,21171.0,23658.0,Nyctalus leisleri,0.324,0.338,-1,Echolocation,192000.0,/mnt/ubna_data_06/recover-20251210/UBNA_032/20251128_150000.WAV,recover-20251210,UBNA_032,Foliage
LF,22080.0,5.396163761435238,38.4435,38.4494,13437.0,29845.0,Plecotus auritus,0.406,0.466,-1,Echolocation,192000.0,/mnt/ubna_data_06/recover-20251210/UBNA_032/20251128_151000.WAV,recover-20251210,UBNA_032,Foliage
LF,26880.0,3.8705416971592967,140.6195,140.6298,25468.0,32524.0,Eptesicus serotinus,0.18,0.321,-1,Echolocation,192000.0,/mnt/ubna_data_06/recover-20251210/UBNA_032/20251128_152000.WAV,recover-20251210,UBNA_032,Foliage
LF,17280.0,11.852513299254252,3.2025,3.2291,16015.0,19472.0,Nyctalus noctula,0.228,0.31,-1,Echolocation,192000.0,/mnt/ubna_data_06/recover-20251210/UBNA_032/20251128_155000.WAV,recover-20251210,UBNA_032,Foliage
LF,17280.0,8.161153625648119,7.3805,7.3985,16015.0,18898.0,Nyctalus leisleri,0.302,0.405,-1,Echolocation,192000.0,/mnt/ubna_data_06/recover-20251210/UBNA_032/20251128_155000.WAV,recover-20251210,UBNA_032,Foliage
LF,22080.0,8.032492539490303,10.1835,10.2063,21171.0,24859.0,Nyctalus leisleri,0.16,0.3,-1,Echolocation,192000.0,/mnt/ubna_data_06/recover-20251210/UBNA_032/20251128_155000.WAV,recover-20251210,UBNA_032,Foliage
LF,17280.0,16.231855812843214,67.3915,67.4156,16875.0,20558.0,Nyctalus noctula,0.294,0.363,-1,Echolocation,192000.0,/mnt/ubna_data_06/recover-20251210/UBNA_032/20251128_155000.WAV,recover-20251210,UBNA_032,Foliage
LF,17280.0,13.818190350801789,75.5865,75.6082,16015.0,19693.0,Nyctalus noctula,0.28,0.395,-1,Echolocation,192000.0,/mnt/ubna_data_06/recover-20251210/UBNA_032/20251128_155000.WAV,recover-20251210,UBNA_032,Foliage
LF,18240.0,10.024790394389111,103.9435,103.9702,16015.0,20515.0,Nyctalus noctula,0.309,0.39,-1,Echolocation,192000.0,/mnt/ubna_data_06/recover-20251210/UBNA_032/20251128_155000.WAV,recover-20251210,UBNA_032,Foliage
LF,21120.0,13.569487828750319,156.6395,156.6606,21171.0,24034.0,Nyctalus leisleri,0.27,0.326,-1,Echolocation,192000.0,/mnt/ubna_data_06/recover-20251210/UBNA_032/20251128_155000.WAV,recover-20251210,UBNA_032,Foliage
LF,20160.0,4.785634529001205,187.4205,187.4451,20312.0,24500.0,Nyctalus noctula,0.278,0.375,-1,Echolocation,192000.0,/mnt/ubna_data_06/recover-20251210/UBNA_032/20251128_155000.WAV,recover-20251210,UBNA_032,Foliage
LF,23040.0,6.142395839477549,187.7175,187.738,22031.0,25983.0,Nyctalus leisleri,0.248,0.329,-1,Echolocation,192000.0,/mnt/ubna_data_06/recover-20251210/UBNA_032/20251128_155000.WAV,recover-20251210,UBNA_032,Foliage
LF,22080.0,0.6971375654412832,166.9785,166.9975,21171.0,25182.0,Nyctalus leisleri,0.223,0.36,-1,Echolocation,192000.0,/mnt/ubna_data_06/recover-20251210/UBNA_032/20251128_163000.WAV,recover-20251210,UBNA_032,Foliage
LF,23040.0,-0.08034292341594994,129.3795,129.3937,22890.0,27512.0,Nyctalus leisleri,0.184,0.31,-1,Echolocation,192000.0,/mnt/ubna_data_06/recover-20251210/UBNA_032/20251128_164000.WAV,recover-20251210,UBNA_032,Foliage
LF,24960.0,8.192856720565986,183.0665,183.0874,24609.0,27991.0,Nyctalus leisleri,0.212,0.309,-1,Echolocation,192000.0,/mnt/ubna_data_06/recover-20251210/UBNA_032/20251128_170000.WAV,recover-20251210,UBNA_032,Foliage
LF,19200.0,6.140678908039785,147.6815,147.6872,15156.0,28671.0,Plecotus auritus,0.383,0.477,-1,Echolocation,192000.0,/mnt/ubna_data_06/recover-20251210/UBNA_032/20251128_181000.WAV,recover-20251210,UBNA_032,Foliage
LF,23040.0,2.3413894734199023,61.8645,61.8784,22890.0,27707.0,Nyctalus leisleri,0.135,0.311,-1,Echolocation,192000.0,/mnt/ubna_data_06/recover-20251210/UBNA_032/20251128_183000.WAV,recover-20251210,UBNA_032,Foliage
LF,24000.0,-0.04867068863279255,238.9445,238.9572,22031.0,28533.0,Nyctalus noctula,0.164,0.337,-1,Echolocation,192000.0,/mnt/ubna_data_06/recover-20251210/UBNA_032/20251128_185000.WAV,recover-20251210,UBNA_032,Foliage
LF,18240.0,12.404887458042186,42.6935,42.7002,12578.0,26485.0,Plecotus auritus,0.236,0.368,-1,Echolocation,192000.0,/mnt/ubna_data_06/recover-20251210/UBNA_032/20251128_195000.WAV,recover-20251210,UBNA_032,Foliage
LF,25920.0,0.6960359415610627,149.5105,149.5235,24609.0,29713.0,Nyctalus leisleri,0.19,0.339,-1,Echolocation,192000.0,/mnt/ubna_data_06/recover-20251210/UBNA_032/20251128_195000.WAV,recover-20251210,UBNA_032,Foliage
LF,23040.0,11.88283825628253,9.5425,9.5662,22031.0,25310.0,Nyctalus leisleri,0.326,0.353,-1,Echolocation,192000.0,/mnt/ubna_data_06/recover-20251210/UBNA_032/20251128_203000.WAV,recover-20251210,UBNA_032,Foliage
LF,24000.0,3.5334172700466455,123.0775,123.0906,22890.0,27966.0,Nyctalus leisleri,0.142,0.364,-1,Echolocation,192000.0,/mnt/ubna_data_06/recover-20251210/UBNA_032/20251128_212000.WAV,recover-20251210,UBNA_032,Foliage
LF,17280.0,8.02129581134606,12.1865,12.2069,16015.0,19429.0,Nyctalus leisleri,0.177,0.337,-1,Echolocation,192000.0,/mnt/ubna_data_06/recover-20251210/UBNA_032/20251128_213000.WAV,recover-20251210,UBNA_032,Foliage
LF,22080.0,12.507974772166325,9.6085,9.6289,22031.0,25673.0,Nyctalus leisleri,0.212,0.302,-1,Echolocation,192000.0,/mnt/ubna_data_06/recover-20251210/UBNA_032/20251128_214000.WAV,recover-20251210,UBNA_032,Foliage
LF,25920.0,10.989202932809619,22.3275,22.3527,23750.0,27551.0,Nyctalus leisleri,0.181,0.305,-1,Echolocation,192000.0,/mnt/ubna_data_06/recover-20251210/UBNA_032/20251128_222000.WAV,recover-20251210,UBNA_032,Foliage
LF,24960.0,0.26101975327313337,82.0245,82.0371,23750.0,27409.0,Nyctalus leisleri,0.246,0.326,-1,Echolocation,192000.0,/mnt/ubna_data_06/recover-20251210/UBNA_032/20251128_230000.WAV,recover-20251210,UBNA_032,Foliage
LF,24960.0,1.0015894157806295,85.3995,85.4164,23750.0,27287.0,Nyctalus leisleri,0.278,0.326,-1,Echolocation,192000.0,/mnt/ubna_data_06/recover-20251210/UBNA_032/20251128_230000.WAV,recover-20251210,UBNA_032,Foliage
LF,22080.0,3.986408713705971,208.7925,208.8066,21171.0,26215.0,Nyctalus leisleri,0.148,0.308,-1,Echolocation,192000.0,/mnt/ubna_data_06/recover-20251210/UBNA_032/20251128_230000.WAV,recover-20251210,UBNA_032,Foliage
LF,20160.0,22.921408515385195,241.1665,241.174,13437.0,24332.0,Eptesicus serotinus,0.187,0.458,-1,Echolocation,192000.0,/mnt/ubna_data_06/recover-20251210/UBNA_032/20251128_230000.WAV,recover-20251210,UBNA_032,Foliage
LF,22080.0,25.235651628518035,277.6345,277.6452,13437.0,20186.0,Eptesicus serotinus,0.144,0.321,-1,Echolocation,192000.0,/mnt/ubna_data_06/recover-20251210/UBNA_032/20251128_230000.WAV,recover-20251210,UBNA_032,Foliage
LF,22080.0,10.150909699970274,279.9615,279.9846,22031.0,24790.0,Nyctalus leisleri,0.368,0.384,-1,Echolocation,192000.0,/mnt/ubna_data_06/recover-20251210/UBNA_032/20251128_234000.WAV,recover-20251210,UBNA_032,Foliage
LF,22080.0,5.612045115171429,224.6205,224.6454,21171.0,24311.0,Nyctalus leisleri,0.243,0.302,-1,Echolocation,192000.0,/mnt/ubna_data_06/recover-20251210/UBNA_032/20251128_235000.WAV,recover-20251210,UBNA_032,Foliage
LF,23040.0,1.4818542439057472,54.1965,54.2124,22031.0,26495.0,Nyctalus leisleri,0.214,0.355,-1,Echolocation,192000.0,/mnt/ubna_data_06/recover-20251210/UBNA_032/20251129_005000.WAV,recover-20251210,UBNA_032,Foliage
LF,23040.0,-0.14435222063047154,193.19650000000001,193.2101,22031.0,27445.0,Nyctalus leisleri,0.161,0.364,-1,Echolocation,192000.0,/mnt/ubna_data_06/recover-20251210/UBNA_032/20251129_010000.WAV,recover-20251210,UBNA_032,Foliage
LF,23040.0,0.44229984369977116,89.1315,89.1426,23750.0,30051.0,Eptesicus serotinus,0.121,0.329,-1,Echolocation,192000.0,/mnt/ubna_data_06/recover-20251210/UBNA_032/20251129_011000.WAV,recover-20251210,UBNA_032,Foliage
LF,23040.0,0.6652965030228395,104.9345,104.9459,22890.0,28482.0,Nyctalus leisleri,0.118,0.315,-1,Echolocation,192000.0,/mnt/ubna_data_06/recover-20251210/UBNA_032/20251129_013000.WAV,recover-20251210,UBNA_032,Foliage
LF,21120.0,1.1335538801987588,177.0195,177.0398,21171.0,24803.0,Nyctalus noctula,0.235,0.354,-1,Echolocation,192000.0,/mnt/ubna_data_06/recover-20251210/UBNA_032/20251129_023000.WAV,recover-20251210,UBNA_032,Foliage
LF,21120.0,0.6739486808814106,18.4425,18.4636,21171.0,24693.0,Nyctalus leisleri,0.209,0.348,-1,Echolocation,192000.0,/mnt/ubna_data_06/recover-20251210/UBNA_032/20251129_033000.WAV,recover-20251210,UBNA_032,Foliage
LF,25920.0,-0.4085377078374427,7.1885,7.2,25468.0,30823.0,Nyctalus leisleri,0.241,0.428,-1,Echolocation,192000.0,/mnt/ubna_data_06/recover-20251210/UBNA_032/20251129_094000.WAV,recover-20251210,UBNA_032,Foliage
LF,30720.0,0.23774064987597113,49.9845,49.9934,28046.0,35138.0,Eptesicus serotinus,0.241,0.338,-1,Echolocation,192000.0,/mnt/ubna_data_06/recover-20251210/UBNA_032/20251129_134000.WAV,recover-20251210,UBNA_032,Foliage
LF,18240.0,8.8335390810374,94.0085,94.0336,16875.0,20049.0,Nyctalus noctula,0.344,0.423,-1,Echolocation,192000.0,/mnt/ubna_data_06/recover-20251210/UBNA_032/20251129_151000.WAV,recover-20251210,UBNA_032,Foliage
LF,18240.0,6.937091830592844,164.3415,164.365,17734.0,20715.0,Nyctalus noctula,0.237,0.312,-1,Echolocation,192000.0,/mnt/ubna_data_06/recover-20251210/UBNA_032/20251129_151000.WAV,recover-20251210,UBNA_032,Foliage
LF,18240.0,11.155196790183922,31.0615,31.0805,17734.0,20940.0,Nyctalus noctula,0.264,0.37,-1,Echolocation,192000.0,/mnt/ubna_data_06/recover-20251210/UBNA_032/20251129_152000.WAV,recover-20251210,UBNA_032,Foliage
LF,22080.0,4.951298823923148,104.0205,104.0445,21171.0,24360.0,Nyctalus leisleri,0.335,0.369,-1,Echolocation,192000.0,/mnt/ubna_data_06/recover-20251210/UBNA_032/20251129_152000.WAV,recover-20251210,UBNA_032,Foliage
LF,20160.0,5.661074951592672,216.0775,216.0984,19453.0,22785.0,Nyctalus noctula,0.233,0.314,-1,Echolocation,192000.0,/mnt/ubna_data_06/recover-20251210/UBNA_032/20251129_152000.WAV,recover-20251210,UBNA_032,Foliage
LF,18240.0,10.761553544303052,216.9085,216.9369,17734.0,20613.0,Nyctalus noctula,0.264,0.326,-1,Echolocation,192000.0,/mnt/ubna_data_06/recover-20251210/UBNA_032/20251129_152000.WAV,recover-20251210,UBNA_032,Foliage
LF,18240.0,12.260520326569713,217.5065,217.534,17734.0,21386.0,Nyctalus noctula,0.334,0.399,-1,Echolocation,192000.0,/mnt/ubna_data_06/recover-20251210/UBNA_032/20251129_152000.WAV,recover-20251210,UBNA_032,Foliage
LF,19200.0,12.29908490374938,218.3145,218.3418,18593.0,22033.0,Nyctalus noctula,0.272,0.338,-1,Echolocation,192000.0,/mnt/ubna_data_06/recover-20251210/UBNA_032/20251129_152000.WAV,recover-20251210,UBNA_032,Foliage
LF,20160.0,10.51574749528074,219.4265,219.4541,17734.0,22106.0,Nyctalus noctula,0.271,0.324,-1,Echolocation,192000.0,/mnt/ubna_data_06/recover-20251210/UBNA_032/20251129_152000.WAV,recover-20251210,UBNA_032,Foliage
LF,19200.0,8.526334059208642,220.1315,220.1555,18593.0,21453.0,Nyctalus noctula,0.349,0.441,-1,Echolocation,192000.0,/mnt/ubna_data_06/recover-20251210/UBNA_032/20251129_152000.WAV,recover-20251210,UBNA_032,Foliage
LF,19200.0,8.900227655690626,222.2805,222.3073,18593.0,21375.0,Nyctalus noctula,0.28,0.354,-1,Echolocation,192000.0,/mnt/ubna_data_06/recover-20251210/UBNA_032/20251129_152000.WAV,recover-20251210,UBNA_032,Foliage
LF,22080.0,9.99109314510796,235.7105,235.739,21171.0,24269.0,Nyctalus leisleri,0.301,0.321,-1,Echolocation,192000.0,/mnt/ubna_data_06/recover-20251210/UBNA_032/20251129_152000.WAV,recover-20251210,UBNA_032,Foliage
LF,17280.0,19.896981909544902,4.3055,4.3292,17734.0,20225.0,Nyctalus noctula,0.271,0.374,-1,Echolocation,192000.0,/mnt/ubna_data_06/recover-20251210/UBNA_032/20251129_153000.WAV,recover-20251210,UBNA_032,Foliage
LF,22080.0,6.76494764350662,9.5455,9.569,21171.0,24034.0,Nyctalus leisleri,0.331,0.351,-1,Echolocation,192000.0,/mnt/ubna_data_06/recover-20251210/UBNA_032/20251129_153000.WAV,recover-20251210,UBNA_032,Foliage
LF,20160.0,5.495253340600248,15.0895,15.1136,20312.0,23033.0,Nyctalus noctula,0.181,0.329,-1,Echolocation,192000.0,/mnt/ubna_data_06/recover-20251210/UBNA_032/20251129_153000.WAV,recover-20251210,UBNA_032,Foliage
LF,24000.0,9.682250833202296,32.4365,32.4569,23750.0,27922.0,Nyctalus leisleri,0.243,0.319,-1,Echolocation,192000.0,/mnt/ubna_data_06/recover-20251210/UBNA_032/20251129_153000.WAV,recover-20251210,UBNA_032,Foliage
LF,17280.0,13.214505467678944,37.8205,37.8409,16875.0,20018.0,Nyctalus leisleri,0.227,0.334,-1,Echolocation,192000.0,/mnt/ubna_data_06/recover-20251210/UBNA_032/20251129_153000.WAV,recover-20251210,UBNA_032,Foliage
LF,17280.0,13.625300049654708,84.42150000000001,84.4472,16875.0,20317.0,Nyctalus noctula,0.292,0.46,-1,Echolocation,192000.0,/mnt/ubna_data_06/recover-20251210/UBNA_032/20251129_153000.WAV,recover-20251210,UBNA_032,Foliage
LF,24960.0,14.83761238668393,93.6825,93.7019,23750.0,27700.0,Nyctalus leisleri,0.289,0.396,-1,Echolocation,192000.0,/mnt/ubna_data_06/recover-20251210/UBNA_032/20251129_153000.WAV,recover-20251210,UBNA_032,Foliage
LF,22080.0,7.070748996653348,130.7055,130.7285,21171.0,24220.0,Nyctalus leisleri,0.288,0.313,-1,Echolocation,192000.0,/mnt/ubna_data_06/recover-20251210/UBNA_032/20251129_153000.WAV,recover-20251210,UBNA_032,Foliage
LF,26880.0,0.6546604575722924,298.9295,298.9398,26328.0,32754.0,Eptesicus serotinus,0.186,0.301,-1,Echolocation,192000.0,/mnt/ubna_data_06/recover-20251210/UBNA_032/20251129_153000.WAV,recover-20251210,UBNA_032,Foliage
LF,22080.0,11.762292323164845,38.4185,38.4396,22031.0,25957.0,Nyctalus leisleri,0.265,0.342,-1,Echolocation,192000.0,/mnt/ubna_data_06/recover-20251210/UBNA_032/20251129_161000.WAV,recover-20251210,UBNA_032,Foliage
LF,25920.0,9.44143959669381,272.2535,272.2703,24609.0,28206.0,Nyctalus leisleri,0.215,0.315,-1,Echolocation,192000.0,/mnt/ubna_data_06/recover-20251210/UBNA_032/20251129_161000.WAV,recover-20251210,UBNA_032,Foliage
LF,23040.0,3.1767904592289624,154.2795,154.2974,22031.0,26074.0,Nyctalus leisleri,0.319,0.408,-1,Echolocation,192000.0,/mnt/ubna_data_06/recover-20251210/UBNA_032/20251129_162000.WAV,recover-20251210,UBNA_032,Foliage
LF,24960.0,8.754409803198085,201.7005,201.72050000000002,22031.0,26727.0,Nyctalus noctula,0.201,0.347,-1,Echolocation,192000.0,/mnt/ubna_data_06/recover-20251210/UBNA_032/20251129_162000.WAV,recover-20251210,UBNA_032,Foliage
LF,24000.0,0.9739530344219705,43.2565,43.268,23750.0,29933.0,Eptesicus serotinus,0.124,0.32,-1,Echolocation,192000.0,/mnt/ubna_data_06/recover-20251210/UBNA_032/20251129_164000.WAV,recover-20251210,UBNA_032,Foliage
LF,24000.0,24.073096276123653,185.5095,185.5263,20312.0,25221.0,Nyctalus noctula,0.183,0.314,-1,Echolocation,192000.0,/mnt/ubna_data_06/recover-20251210/UBNA_032/20251129_165000.WAV,recover-20251210,UBNA_032,Foliage
LF,22080.0,10.89058832259687,206.8355,206.8627,21171.0,24129.0,Nyctalus leisleri,0.315,0.332,-1,Echolocation,192000.0,/mnt/ubna_data_06/recover-20251210/UBNA_032/20251129_165000.WAV,recover-20251210,UBNA_032,Foliage
LF,22080.0,4.279540650590122,210.6285,210.6489,22031.0,24623.0,Nyctalus leisleri,0.363,0.375,-1,Echolocation,192000.0,/mnt/ubna_data_06/recover-20251210/UBNA_032/20251129_165000.WAV,recover-20251210,UBNA_032,Foliage
LF,24000.0,1.9106530919633302,277.0135,277.0314,23750.0,26364.0,Nyctalus leisleri,0.297,0.318,-1,Echolocation,192000.0,/mnt/ubna_data_06/recover-20251210/UBNA_032/20251129_165000.WAV,recover-20251210,UBNA_032,Foliage
LF,19200.0,8.837011765112251,157.3905,157.3968,13437.0,29924.0,Plecotus auritus,0.299,0.33,-1,Echolocation,192000.0,/mnt/ubna_data_06/recover-20251210/UBNA_032/20251129_170000.WAV,recover-20251210,UBNA_032,Foliage
LF,19200.0,11.863858427951868,200.6645,200.68959999999998,17734.0,20664.0,Nyctalus noctula,0.314,0.419,-1,Echolocation,192000.0,/mnt/ubna_data_06/recover-20251210/UBNA_032/20251129_170000.WAV,recover-20251210,UBNA_032,Foliage
LF,17280.0,14.530311745301125,125.7535,125.7793,16875.0,20734.0,Nyctalus noctula,0.306,0.424,-1,Echolocation,192000.0,/mnt/ubna_data_06/recover-20251210/UBNA_032/20251129_185000.WAV,recover-20251210,UBNA_032,Foliage
LF,19200.0,10.912158070028424,223.5945,223.6258,17734.0,20656.0,Nyctalus noctula,0.319,0.403,-1,Echolocation,192000.0,/mnt/ubna_data_06/recover-20251210/UBNA_032/20251129_185000.WAV,recover-20251210,UBNA_032,Foliage
LF,17280.0,10.747980887904687,119.8605,119.887,16875.0,19779.0,Nyctalus noctula,0.296,0.393,-1,Echolocation,192000.0,/mnt/ubna_data_06/recover-20251210/UBNA_032/20251129_200000.WAV,recover-20251210,UBNA_032,Foliage
LF,18240.0,11.676298575073755,220.1505,220.1765,16875.0,20049.0,Nyctalus noctula,0.289,0.389,-1,Echolocation,192000.0,/mnt/ubna_data_06/recover-20251210/UBNA_032/20251129_200000.WAV,recover-20251210,UBNA_032,Foliage
LF,17280.0,12.92380701278795,245.5555,245.5836,16015.0,20267.0,Nyctalus noctula,0.252,0.363,-1,Echolocation,192000.0,/mnt/ubna_data_06/recover-20251210/UBNA_032/20251129_200000.WAV,recover-20251210,UBNA_032,Foliage
LF,24000.0,5.730228196403514,134.1085,134.1218,23750.0,29307.0,Nyctalus leisleri,0.156,0.332,-1,Echolocation,192000.0,/mnt/ubna_data_06/recover-20251210/UBNA_032/20251129_233000.WAV,recover-20251210,UBNA_032,Foliage
LF,18240.0,17.99337912737114,283.3735,283.4016,17734.0,20092.0,Nyctalus noctula,0.297,0.364,-1,Echolocation,192000.0,/mnt/ubna_data_06/recover-20251210/UBNA_032/20251130_002000.WAV,recover-20251210,UBNA_032,Foliage
LF,17280.0,14.486347822441488,9.4395,9.4671,16875.0,20421.0,Nyctalus noctula,0.325,0.392,-1,Echolocation,192000.0,/mnt/ubna_data_06/recover-20251210/UBNA_032/20251130_003000.WAV,recover-20251210,UBNA_032,Foliage
LF,22080.0,8.874735043956434,102.5935,102.6164,20312.0,24895.0,Nyctalus noctula,0.214,0.319,-1,Echolocation,192000.0,/mnt/ubna_data_06/recover-20251210/UBNA_032/20251130_003000.WAV,recover-20251210,UBNA_032,Foliage
LF,22080.0,1.4177568332533181,48.945499999999996,48.9606,22890.0,26884.0,Nyctalus leisleri,0.173,0.309,-1,Echolocation,192000.0,/mnt/ubna_data_06/recover-20251210/UBNA_032/20251130_011000.WAV,recover-20251210,UBNA_032,Foliage
LF,23040.0,-0.5034888087645111,148.6325,148.6472,22031.0,27483.0,Nyctalus noctula,0.183,0.366,-1,Echolocation,192000.0,/mnt/ubna_data_06/recover-20251210/UBNA_032/20251130_020000.WAV,recover-20251210,UBNA_032,Foliage
LF,24960.0,4.407391843845975,23.5565,23.5763,23750.0,26823.0,Nyctalus leisleri,0.332,0.361,-1,Echolocation,192000.0,/mnt/ubna_data_06/recover-20251210/UBNA_032/20251130_042000.WAV,recover-20251210,UBNA_032,Foliage
LF,24000.0,3.688176240029245,23.5965,23.6172,22890.0,25929.0,Nyctalus leisleri,0.346,0.364,-1,Echolocation,192000.0,/mnt/ubna_data_06/recover-20251210/UBNA_032/20251130_042000.WAV,recover-20251210,UBNA_032,Foliage
LF,22080.0,9.697377502062846,25.0685,25.0907,21171.0,24005.0,Nyctalus leisleri,0.352,0.366,-1,Echolocation,192000.0,/mnt/ubna_data_06/recover-20251210/UBNA_032/20251130_042000.WAV,recover-20251210,UBNA_032,Foliage
LF,20160.0,1.0303198023714604,35.9775,35.9999,19453.0,22108.0,Nyctalus noctula,0.217,0.311,-1,Echolocation,192000.0,/mnt/ubna_data_06/recover-20251210/UBNA_032/20251130_042000.WAV,recover-20251210,UBNA_032,Foliage
LF,20160.0,2.9406072752292656,36.0895,36.1171,18593.0,21369.0,Nyctalus noctula,0.205,0.302,-1,Echolocation,192000.0,/mnt/ubna_data_06/recover-20251210/UBNA_032/20251130_042000.WAV,recover-20251210,UBNA_032,Foliage
LF,20160.0,11.46244298672212,48.3655,48.3899,19453.0,22382.0,Nyctalus leisleri,0.22,0.329,-1,Echolocation,192000.0,/mnt/ubna_data_06/recover-20251210/UBNA_032/20251130_042000.WAV,recover-20251210,UBNA_032,Foliage
LF,20160.0,10.242436776082513,50.9555,50.981,19453.0,22332.0,Nyctalus noctula,0.198,0.362,-1,Echolocation,192000.0,/mnt/ubna_data_06/recover-20251210/UBNA_032/20251130_042000.WAV,recover-20251210,UBNA_032,Foliage
LF,22080.0,12.006403312122087,55.7405,55.769,21171.0,24797.0,Nyctalus leisleri,0.321,0.347,-1,Echolocation,192000.0,/mnt/ubna_data_06/recover-20251210/UBNA_032/20251130_042000.WAV,recover-20251210,UBNA_032,Foliage
LF,20160.0,13.730134884883846,64.7165,64.744,19453.0,22294.0,Nyctalus noctula,0.226,0.361,-1,Echolocation,192000.0,/mnt/ubna_data_06/recover-20251210/UBNA_032/20251130_042000.WAV,recover-20251210,UBNA_032,Foliage
LF,20160.0,3.6128209587953473,65.5845,65.6067,20312.0,23764.0,Nyctalus leisleri,0.244,0.365,-1,Echolocation,192000.0,/mnt/ubna_data_06/recover-20251210/UBNA_032/20251130_042000.WAV,recover-20251210,UBNA_032,Foliage
LF,20160.0,1.7878092288685825,68.7015,68.7262,20312.0,23322.0,Nyctalus leisleri,0.273,0.346,-1,Echolocation,192000.0,/mnt/ubna_data_06/recover-20251210/UBNA_032/20251130_042000.WAV,recover-20251210,UBNA_032,Foliage
LF,20160.0,3.5693621247794094,69.4185,69.4384,20312.0,23823.0,Nyctalus leisleri,0.474,0.497,-1,Echolocation,192000.0,/mnt/ubna_data_06/recover-20251210/UBNA_032/20251130_042000.WAV,recover-20251210,UBNA_032,Foliage
LF,21120.0,1.7017955697718998,69.4735,69.4971,21171.0,24147.0,Nyctalus leisleri,0.26,0.316,-1,Echolocation,192000.0,/mnt/ubna_data_06/recover-20251210/UBNA_032/20251130_042000.WAV,recover-20251210,UBNA_032,Foliage
LF,20160.0,0.29631363437001845,70.5305,70.5467,20312.0,22899.0,Nyctalus leisleri,0.285,0.367,-1,Echolocation,192000.0,/mnt/ubna_data_06/recover-20251210/UBNA_032/20251130_042000.WAV,recover-20251210,UBNA_032,Foliage
LF,20160.0,4.615540536430432,70.7445,70.7711,18593.0,22290.0,Nyctalus noctula,0.25,0.364,-1,Echolocation,192000.0,/mnt/ubna_data_06/recover-20251210/UBNA_032/20251130_042000.WAV,recover-20251210,UBNA_032,Foliage
LF,22080.0,8.695211302242376,78.45949999999999,78.4881,20312.0,24482.0,Nyctalus noctula,0.247,0.329,-1,Echolocation,192000.0,/mnt/ubna_data_06/recover-20251210/UBNA_032/20251130_042000.WAV,recover-20251210,UBNA_032,Foliage
LF,20160.0,0.6390483306870602,78.87950000000001,78.90520000000001,18593.0,21681.0,Nyctalus noctula,0.291,0.375,-1,Echolocation,192000.0,/mnt/ubna_data_06/recover-20251210/UBNA_032/20251130_042000.WAV,recover-20251210,UBNA_032,Foliage
LF,20160.0,-0.23225957005403544,78.9635,78.9868,20312.0,23379.0,Nyctalus leisleri,0.165,0.311,-1,Echolocation,192000.0,/mnt/ubna_data_06/recover-20251210/UBNA_032/20251130_042000.WAV,recover-20251210,UBNA_032,Foliage
LF,19200.0,2.7736955063223467,79.0825,79.1108,18593.0,21074.0,Nyctalus noctula,0.225,0.313,-1,Echolocation,192000.0,/mnt/ubna_data_06/recover-20251210/UBNA_032/20251130_042000.WAV,recover-20251210,UBNA_032,Foliage
LF,20160.0,-0.9622182122808087,79.3095,79.3337,18593.0,21364.0,Nyctalus noctula,0.269,0.373,-1,Echolocation,192000.0,/mnt/ubna_data_06/recover-20251210/UBNA_032/20251130_042000.WAV,recover-20251210,UBNA_032,Foliage
LF,20160.0,8.292445646173377,79.5735,79.5986,19453.0,21906.0,Nyctalus noctula,0.266,0.349,-1,Echolocation,192000.0,/mnt/ubna_data_06/recover-20251210/UBNA_032/20251130_042000.WAV,recover-20251210,UBNA_032,Foliage
LF,19200.0,5.025287774096984,79.8315,79.8569,18593.0,21613.0,Nyctalus noctula,0.345,0.443,-1,Echolocation,192000.0,/mnt/ubna_data_06/recover-20251210/UBNA_032/20251130_042000.WAV,recover-20251210,UBNA_032,Foliage
LF,20160.0,1.8114324626676042,80.0455,80.0724,18593.0,21250.0,Nyctalus noctula,0.283,0.384,-1,Echolocation,192000.0,/mnt/ubna_data_06/recover-20251210/UBNA_032/20251130_042000.WAV,recover-20251210,UBNA_032,Foliage
LF,20160.0,0.31661908247751347,81.9495,81.9729,20312.0,23585.0,Nyctalus leisleri,0.235,0.323,-1,Echolocation,192000.0,/mnt/ubna_data_06/recover-20251210/UBNA_032/20251130_042000.WAV,recover-20251210,UBNA_032,Foliage
LF,20160.0,-0.18772983031022877,84.2915,84.3151,19453.0,22085.0,Nyctalus noctula,0.255,0.335,-1,Echolocation,192000.0,/mnt/ubna_data_06/recover-20251210/UBNA_032/20251130_042000.WAV,recover-20251210,UBNA_032,Foliage
LF,20160.0,0.07230371851814175,84.9945,85.0212,18593.0,22140.0,Nyctalus noctula,0.241,0.31,-1,Echolocation,192000.0,/mnt/ubna_data_06/recover-20251210/UBNA_032/20251130_042000.WAV,recover-20251210,UBNA_032,Foliage
LF,20160.0,3.22253768806059,85.1885,85.2144,18593.0,21764.0,Nyctalus noctula,0.237,0.316,-1,Echolocation,192000.0,/mnt/ubna_data_06/recover-20251210/UBNA_032/20251130_042000.WAV,recover-20251210,UBNA_032,Foliage
LF,19200.0,4.771340035373622,88.7385,88.7672,18593.0,21750.0,Nyctalus noctula,0.228,0.301,-1,Echolocation,192000.0,/mnt/ubna_data_06/recover-20251210/UBNA_032/20251130_042000.WAV,recover-20251210,UBNA_032,Foliage
LF,20160.0,0.06481093822093212,89.20349999999999,89.2257,18593.0,21554.0,Nyctalus noctula,0.383,0.484,-1,Echolocation,192000.0,/mnt/ubna_data_06/recover-20251210/UBNA_032/20251130_042000.WAV,recover-20251210,UBNA_032,Foliage
LF,20160.0,0.0884774855343918,90.1125,90.1322,19453.0,22635.0,Nyctalus noctula,0.158,0.321,-1,Echolocation,192000.0,/mnt/ubna_data_06/recover-20251210/UBNA_032/20251130_042000.WAV,recover-20251210,UBNA_032,Foliage
LF,23040.0,6.451698679168731,94.0405,94.0638,22890.0,26243.0,Nyctalus leisleri,0.271,0.307,-1,Echolocation,192000.0,/mnt/ubna_data_06/recover-20251210/UBNA_032/20251130_042000.WAV,recover-20251210,UBNA_032,Foliage
LF,23040.0,4.887923086019323,94.13550000000001,94.1574,21171.0,24804.0,Nyctalus leisleri,0.371,0.413,-1,Echolocation,192000.0,/mnt/ubna_data_06/recover-20251210/UBNA_032/20251130_042000.WAV,recover-20251210,UBNA_032,Foliage
LF,23040.0,13.299285022568895,99.3945,99.4221,21171.0,24583.0,Nyctalus leisleri,0.346,0.374,-1,Echolocation,192000.0,/mnt/ubna_data_06/recover-20251210/UBNA_032/20251130_042000.WAV,recover-20251210,UBNA_032,Foliage
LF,20160.0,3.9033777192764396,99.8315,99.8531,20312.0,23778.0,Nyctalus leisleri,0.273,0.332,-1,Echolocation,192000.0,/mnt/ubna_data_06/recover-20251210/UBNA_032/20251130_042000.WAV,recover-20251210,UBNA_032,Foliage
LF,21120.0,5.795684149940735,100.5315,100.5536,20312.0,23850.0,Nyctalus leisleri,0.365,0.407,-1,Echolocation,192000.0,/mnt/ubna_data_06/recover-20251210/UBNA_032/20251130_042000.WAV,recover-20251210,UBNA_032,Foliage
LF,22080.0,12.21713488976616,104.9105,104.9387,21171.0,24487.0,Nyctalus leisleri,0.325,0.343,-1,Echolocation,192000.0,/mnt/ubna_data_06/recover-20251210/UBNA_032/20251130_042000.WAV,recover-20251210,UBNA_032,Foliage
LF,21120.0,5.370125367750708,104.98949999999999,105.011,20312.0,23335.0,Nyctalus leisleri,0.274,0.362,-1,Echolocation,192000.0,/mnt/ubna_data_06/recover-20251210/UBNA_032/20251130_042000.WAV,recover-20251210,UBNA_032,Foliage
LF,21120.0,4.676225027172946,108.5425,108.5647,20312.0,24003.0,Nyctalus leisleri,0.209,0.335,-1,Echolocation,192000.0,/mnt/ubna_data_06/recover-20251210/UBNA_032/20251130_042000.WAV,recover-20251210,UBNA_032,Foliage
LF,21120.0,7.4865172771743875,109.17150000000001,109.1959,20312.0,23858.0,Nyctalus leisleri,0.271,0.329,-1,Echolocation,192000.0,/mnt/ubna_data_06/recover-20251210/UBNA_032/20251130_042000.WAV,recover-20251210,UBNA_032,Foliage
LF,20160.0,0.2990845157241141,115.1155,115.1357,20312.0,23923.0,Nyctalus leisleri,0.199,0.305,-1,Echolocation,192000.0,/mnt/ubna_data_06/recover-20251210/UBNA_032/20251130_042000.WAV,recover-20251210,UBNA_032,Foliage
LF,20160.0,2.409937994796319,115.7015,115.7202,20312.0,23462.0,Nyctalus leisleri,0.257,0.304,-1,Echolocation,192000.0,/mnt/ubna_data_06/recover-20251210/UBNA_032/20251130_042000.WAV,recover-20251210,UBNA_032,Foliage
LF,21120.0,10.53875685537863,117.1505,117.1739,20312.0,23226.0,Nyctalus leisleri,0.303,0.376,-1,Echolocation,192000.0,/mnt/ubna_data_06/recover-20251210/UBNA_032/20251130_042000.WAV,recover-20251210,UBNA_032,Foliage
LF,21120.0,1.1039810312329148,119.0805,119.1036,21171.0,24742.0,Nyctalus leisleri,0.291,0.321,-1,Echolocation,192000.0,/mnt/ubna_data_06/recover-20251210/UBNA_032/20251130_042000.WAV,recover-20251210,UBNA_032,Foliage
LF,22080.0,1.6713342049963045,119.10249999999999,119.126,22031.0,25590.0,Nyctalus leisleri,0.377,0.398,-1,Echolocation,192000.0,/mnt/ubna_data_06/recover-20251210/UBNA_032/20251130_042000.WAV,recover-20251210,UBNA_032,Foliage
LF,23040.0,0.5047969959075636,158.5875,158.6114,21171.0,24567.0,Nyctalus leisleri,0.256,0.309,-1,Echolocation,192000.0,/mnt/ubna_data_06/recover-20251210/UBNA_032/20251130_051000.WAV,recover-20251210,UBNA_032,Foliage
LF,22080.0,6.549753961474474,169.91649999999998,169.9414,21171.0,24248.0,Nyctalus leisleri,0.374,0.405,-1,Echolocation,192000.0,/mnt/ubna_data_06/recover-20251210/UBNA_032/20251130_051000.WAV,recover-20251210,UBNA_032,Foliage
LF,19200.0,7.745230903189491,179.9135,179.9377,18593.0,20896.0,Nyctalus noctula,0.221,0.308,-1,Echolocation,192000.0,/mnt/ubna_data_06/recover-20251210/UBNA_032/20251130_051000.WAV,recover-20251210,UBNA_032,Foliage
LF,27840.0,6.083119703268295,187.0925,187.1082,26328.0,29752.0,Nyctalus leisleri,0.23,0.318,-1,Echolocation,192000.0,/mnt/ubna_data_06/recover-20251210/UBNA_032/20251130_051000.WAV,recover-20251210,UBNA_032,Foliage
LF,21120.0,4.846144265813187,206.1955,206.22050000000002,20312.0,24011.0,Nyctalus noctula,0.189,0.303,-1,Echolocation,192000.0,/mnt/ubna_data_06/recover-20251210/UBNA_032/20251130_051000.WAV,recover-20251210,UBNA_032,Foliage
LF,22080.0,8.902958333912112,212.3925,212.4174,21171.0,24446.0,Nyctalus leisleri,0.367,0.416,-1,Echolocation,192000.0,/mnt/ubna_data_06/recover-20251210/UBNA_032/20251130_051000.WAV,recover-20251210,UBNA_032,Foliage
LF,22080.0,7.922721556037385,216.0975,216.1159,21171.0,23407.0,Nyctalus leisleri,0.412,0.451,-1,Echolocation,192000.0,/mnt/ubna_data_06/recover-20251210/UBNA_032/20251130_051000.WAV,recover-20251210,UBNA_032,Foliage
LF,21120.0,11.24884931266806,218.1455,218.1673,21171.0,23501.0,Nyctalus leisleri,0.318,0.332,-1,Echolocation,192000.0,/mnt/ubna_data_06/recover-20251210/UBNA_032/20251130_051000.WAV,recover-20251210,UBNA_032,Foliage
LF,22080.0,11.984637893690365,218.3865,218.4108,21171.0,24055.0,Nyctalus leisleri,0.385,0.413,-1,Echolocation,192000.0,/mnt/ubna_data_06/recover-20251210/UBNA_032/20251130_051000.WAV,recover-20251210,UBNA_032,Foliage
LF,22080.0,13.06547206859345,218.8615,218.8853,21171.0,23877.0,Nyctalus leisleri,0.459,0.482,-1,Echolocation,192000.0,/mnt/ubna_data_06/recover-20251210/UBNA_032/20251130_051000.WAV,recover-20251210,UBNA_032,Foliage
LF,22080.0,11.166068062128058,219.3885,219.4117,21171.0,24757.0,Nyctalus leisleri,0.434,0.455,-1,Echolocation,192000.0,/mnt/ubna_data_06/recover-20251210/UBNA_032/20251130_051000.WAV,recover-20251210,UBNA_032,Foliage
LF,22080.0,8.986778585043966,219.6725,219.6962,21171.0,23897.0,Nyctalus leisleri,0.273,0.306,-1,Echolocation,192000.0,/mnt/ubna_data_06/recover-20251210/UBNA_032/20251130_051000.WAV,recover-20251210,UBNA_032,Foliage
LF,22080.0,5.769668450173111,219.8895,219.9101,21171.0,24169.0,Nyctalus leisleri,0.498,0.534,-1,Echolocation,192000.0,/mnt/ubna_data_06/recover-20251210/UBNA_032/20251130_051000.WAV,recover-20251210,UBNA_032,Foliage
LF,22080.0,6.294583825332216,220.9615,220.9831,21171.0,24032.0,Nyctalus leisleri,0.387,0.404,-1,Echolocation,192000.0,/mnt/ubna_data_06/recover-20251210/UBNA_032/20251130_051000.WAV,recover-20251210,UBNA_032,Foliage
LF,22080.0,2.4025941918278697,225.3265,225.3494,21171.0,25061.0,Nyctalus leisleri,0.172,0.314,-1,Echolocation,192000.0,/mnt/ubna_data_06/recover-20251210/UBNA_032/20251130_051000.WAV,recover-20251210,UBNA_032,Foliage
LF,22080.0,6.778658715407411,226.3905,226.4116,22031.0,25806.0,Nyctalus leisleri,0.29,0.308,-1,Echolocation,192000.0,/mnt/ubna_data_06/recover-20251210/UBNA_032/20251130_051000.WAV,recover-20251210,UBNA_032,Foliage
LF,22080.0,4.412832281027454,228.0845,228.1053,21171.0,23975.0,Nyctalus leisleri,0.435,0.45,-1,Echolocation,192000.0,/mnt/ubna_data_06/recover-20251210/UBNA_032/20251130_051000.WAV,recover-20251210,UBNA_032,Foliage
LF,23040.0,2.715901692616283,239.8775,239.8953,22890.0,26254.0,Nyctalus leisleri,0.241,0.302,-1,Echolocation,192000.0,/mnt/ubna_data_06/recover-20251210/UBNA_032/20251130_051000.WAV,recover-20251210,UBNA_032,Foliage
LF,22080.0,3.951379259255605,240.1095,240.1281,22031.0,25228.0,Nyctalus leisleri,0.461,0.472,-1,Echolocation,192000.0,/mnt/ubna_data_06/recover-20251210/UBNA_032/20251130_051000.WAV,recover-20251210,UBNA_032,Foliage
LF,22080.0,5.623841899013763,240.2035,240.227,20312.0,24200.0,Nyctalus leisleri,0.193,0.324,-1,Echolocation,192000.0,/mnt/ubna_data_06/recover-20251210/UBNA_032/20251130_051000.WAV,recover-20251210,UBNA_032,Foliage
LF,22080.0,8.532313898971102,240.3695,240.3923,22031.0,25471.0,Nyctalus leisleri,0.334,0.373,-1,Echolocation,192000.0,/mnt/ubna_data_06/recover-20251210/UBNA_032/20251130_051000.WAV,recover-20251210,UBNA_032,Foliage
LF,22080.0,8.234395672848757,240.5265,240.5498,21171.0,23743.0,Nyctalus leisleri,0.286,0.336,-1,Echolocation,192000.0,/mnt/ubna_data_06/recover-20251210/UBNA_032/20251130_051000.WAV,recover-20251210,UBNA_032,Foliage
LF,22080.0,4.386505940083697,241.3265,241.3481,21171.0,25095.0,Nyctalus leisleri,0.297,0.354,-1,Echolocation,192000.0,/mnt/ubna_data_06/recover-20251210/UBNA_032/20251130_051000.WAV,recover-20251210,UBNA_032,Foliage
LF,23040.0,10.027835817336126,249.1425,249.1653,22031.0,25133.0,Nyctalus leisleri,0.301,0.321,-1,Echolocation,192000.0,/mnt/ubna_data_06/recover-20251210/UBNA_032/20251130_051000.WAV,recover-20251210,UBNA_032,Foliage
LF,23040.0,3.8479677030337007,249.2715,249.2905,22031.0,25374.0,Nyctalus leisleri,0.282,0.326,-1,Echolocation,192000.0,/mnt/ubna_data_06/recover-20251210/UBNA_032/20251130_051000.WAV,recover-20251210,UBNA_032,Foliage
LF,22080.0,4.74594650692644,249.4435,249.4654,21171.0,25112.0,Nyctalus leisleri,0.222,0.336,-1,Echolocation,192000.0,/mnt/ubna_data_06/recover-20251210/UBNA_032/20251130_051000.WAV,recover-20251210,UBNA_032,Foliage
LF,23040.0,6.068191676970887,249.6795,249.7017,22031.0,25731.0,Nyctalus leisleri,0.323,0.379,-1,Echolocation,192000.0,/mnt/ubna_data_06/recover-20251210/UBNA_032/20251130_051000.WAV,recover-20251210,UBNA_032,Foliage
LF,23040.0,5.308828730558934,249.7985,249.8161,22031.0,24994.0,Nyctalus leisleri,0.476,0.492,-1,Echolocation,192000.0,/mnt/ubna_data_06/recover-20251210/UBNA_032/20251130_051000.WAV,recover-20251210,UBNA_032,Foliage
LF,23040.0,7.2307781759032075,249.9215,249.9384,22031.0,25008.0,Nyctalus leisleri,0.467,0.483,-1,Echolocation,192000.0,/mnt/ubna_data_06/recover-20251210/UBNA_032/20251130_051000.WAV,recover-20251210,UBNA_032,Foliage
LF,23040.0,1.7887063906648193,250.3565,250.3761,21171.0,25826.0,Nyctalus leisleri,0.204,0.437,-1,Echolocation,192000.0,/mnt/ubna_data_06/recover-20251210/UBNA_032/20251130_051000.WAV,recover-20251210,UBNA_032,Foliage
LF,23040.0,3.6960889861105235,255.1735,255.1899,22031.0,26432.0,Nyctalus leisleri,0.32,0.45,-1,Echolocation,192000.0,/mnt/ubna_data_06/recover-20251210/UBNA_032/20251130_051000.WAV,recover-20251210,UBNA_032,Foliage
LF,23040.0,1.0297251578405666,42.9595,42.9749,22890.0,26690.0,Nyctalus leisleri,0.177,0.308,-1,Echolocation,192000.0,/mnt/ubna_data_06/recover-20251210/UBNA_032/20251130_095000.WAV,recover-20251210,UBNA_032,Foliage
HF,43200.0,0.6503977466162746,42.4715,42.483000000000004,43515.0,49582.0,Pipistrellus pipistrellus,0.237,0.307,-1,Echolocation,192000.0,/mnt/ubna_data_06/recover-20251210/UBNA_032/20251130_143000.WAV,recover-20251210,UBNA_032,Foliage
LF,23040.0,7.034314989267373,107.0415,107.069,22031.0,25178.0,Nyctalus leisleri,0.328,0.346,-1,Echolocation,192000.0,/mnt/ubna_data_06/recover-20251210/UBNA_032/20251130_150000.WAV,recover-20251210,UBNA_032,Foliage
LF,24000.0,3.1421242772673836,92.9805,92.9918,22890.0,29066.0,Eptesicus serotinus,0.112,0.311,-1,Echolocation,192000.0,/mnt/ubna_data_06/recover-20251210/UBNA_032/20251130_151000.WAV,recover-20251210,UBNA_032,Foliage
LF,24000.0,7.506434472982062,181.3685,181.3882,22890.0,26250.0,Nyctalus leisleri,0.37,0.422,-1,Echolocation,192000.0,/mnt/ubna_data_06/recover-20251210/UBNA_032/20251130_151000.WAV,recover-20251210,UBNA_032,Foliage
LF,22080.0,6.057389789141756,211.7655,211.7886,21171.0,23980.0,Nyctalus leisleri,0.379,0.41,-1,Echolocation,192000.0,/mnt/ubna_data_06/recover-20251210/UBNA_032/20251130_151000.WAV,recover-20251210,UBNA_032,Foliage
LF,23040.0,3.820965082767845,131.7145,131.7264,22031.0,28717.0,Nyctalus noctula,0.164,0.383,-1,Echolocation,192000.0,/mnt/ubna_data_06/recover-20251210/UBNA_032/20251130_152000.WAV,recover-20251210,UBNA_032,Foliage
LF,20160.0,21.12661663903556,278.9465,278.9685,20312.0,23918.0,Nyctalus noctula,0.186,0.38,-1,Echolocation,192000.0,/mnt/ubna_data_06/recover-20251210/UBNA_032/20251130_152000.WAV,recover-20251210,UBNA_032,Foliage
LF,21120.0,11.157523787094949,288.1355,288.1601,21171.0,23175.0,Nyctalus leisleri,0.406,0.432,-1,Echolocation,192000.0,/mnt/ubna_data_06/recover-20251210/UBNA_032/20251130_153000.WAV,recover-20251210,UBNA_032,Foliage
LF,22080.0,16.100044667411634,293.0485,293.0679,21171.0,23670.0,Nyctalus leisleri,0.367,0.419,-1,Echolocation,192000.0,/mnt/ubna_data_06/recover-20251210/UBNA_032/20251130_153000.WAV,recover-20251210,UBNA_032,Foliage
LF,20160.0,8.40019974329698,130.8115,130.8384,19453.0,21936.0,Nyctalus noctula,0.213,0.318,-1,Echolocation,192000.0,/mnt/ubna_data_06/recover-20251210/UBNA_032/20251130_160000.WAV,recover-20251210,UBNA_032,Foliage
LF,21120.0,4.1231817932610335,150.5285,150.5508,20312.0,24638.0,Nyctalus leisleri,0.163,0.345,-1,Echolocation,192000.0,/mnt/ubna_data_06/recover-20251210/UBNA_032/20251130_160000.WAV,recover-20251210,UBNA_032,Foliage
LF,21120.0,9.294511348561036,153.2045,153.2268,20312.0,23263.0,Nyctalus leisleri,0.25,0.346,-1,Echolocation,192000.0,/mnt/ubna_data_06/recover-20251210/UBNA_032/20251130_160000.WAV,recover-20251210,UBNA_032,Foliage
LF,23040.0,10.837270228747206,65.2765,65.2996,22031.0,26334.0,Nyctalus leisleri,0.284,0.343,-1,Echolocation,192000.0,/mnt/ubna_data_06/recover-20251210/UBNA_032/20251130_173000.WAV,recover-20251210,UBNA_032,Foliage
LF,17280.0,19.12037230766782,89.0995,89.1268,16015.0,19706.0,Nyctalus noctula,0.247,0.317,-1,Echolocation,192000.0,/mnt/ubna_data_06/recover-20251210/UBNA_032/20251130_173000.WAV,recover-20251210,UBNA_032,Foliage
LF,24000.0,4.3036399348769745,168.9425,168.96280000000002,22890.0,26559.0,Nyctalus leisleri,0.242,0.31,-1,Echolocation,192000.0,/mnt/ubna_data_06/recover-20251210/UBNA_032/20251130_181000.WAV,recover-20251210,UBNA_032,Foliage
LF,19200.0,11.188900355646085,195.4885,195.5086,17734.0,21331.0,Nyctalus noctula,0.36,0.453,-1,Echolocation,192000.0,/mnt/ubna_data_06/recover-20251210/UBNA_032/20251130_181000.WAV,recover-20251210,UBNA_032,Foliage
LF,24000.0,2.444695419249941,218.0705,218.0895,23750.0,27241.0,Nyctalus leisleri,0.296,0.368,-1,Echolocation,192000.0,/mnt/ubna_data_06/recover-20251210/UBNA_032/20251130_181000.WAV,recover-20251210,UBNA_032,Foliage
LF,22080.0,7.164612254926027,106.8355,106.8575,22031.0,24833.0,Nyctalus leisleri,0.308,0.319,-1,Echolocation,192000.0,/mnt/ubna_data_06/recover-20251210/UBNA_032/20251130_185000.WAV,recover-20251210,UBNA_032,Foliage
LF,23040.0,11.183805625338632,144.2605,144.2799,22890.0,26156.0,Nyctalus leisleri,0.388,0.443,-1,Echolocation,192000.0,/mnt/ubna_data_06/recover-20251210/UBNA_032/20251130_190000.WAV,recover-20251210,UBNA_032,Foliage
LF,22080.0,8.780834483702415,111.1985,111.2192,22031.0,24799.0,Nyctalus leisleri,0.34,0.351,-1,Echolocation,192000.0,/mnt/ubna_data_06/recover-20251210/UBNA_032/20251130_192000.WAV,recover-20251210,UBNA_032,Foliage
LF,24960.0,9.081632703864582,34.8035,34.8267,23750.0,27648.0,Nyctalus leisleri,0.29,0.363,-1,Echolocation,192000.0,/mnt/ubna_data_06/recover-20251210/UBNA_032/20251130_201000.WAV,recover-20251210,UBNA_032,Foliage
LF,23040.0,4.464331483186117,189.55349999999999,189.575,21171.0,25188.0,Nyctalus leisleri,0.189,0.312,-1,Echolocation,192000.0,/mnt/ubna_data_06/recover-20251210/UBNA_032/20251130_201000.WAV,recover-20251210,UBNA_032,Foliage
LF,19200.0,17.55397749524554,85.6315,85.6555,18593.0,21127.0,Nyctalus noctula,0.205,0.302,-1,Echolocation,192000.0,/mnt/ubna_data_06/recover-20251210/UBNA_032/20251130_203000.WAV,recover-20251210,UBNA_032,Foliage
LF,23040.0,2.456666290885083,276.2675,276.2811,22031.0,27724.0,Nyctalus noctula,0.269,0.459,-1,Echolocation,192000.0,/mnt/ubna_data_06/recover-20251210/UBNA_032/20251130_215000.WAV,recover-20251210,UBNA_032,Foliage
LF,24000.0,1.4700982141739911,81.5475,81.5594,23750.0,28646.0,Nyctalus leisleri,0.157,0.301,-1,Echolocation,192000.0,/mnt/ubna_data_06/recover-20251210/UBNA_032/20251130_220000.WAV,recover-20251210,UBNA_032,Foliage
LF,24000.0,3.833745145348069,164.4785,164.4885,22031.0,29865.0,Nyctalus noctula,0.157,0.37,-1,Echolocation,192000.0,/mnt/ubna_data_06/recover-20251210/UBNA_032/20251130_222000.WAV,recover-20251210,UBNA_032,Foliage
LF,23040.0,8.018757901476558,109.4735,109.4944,21171.0,24382.0,Nyctalus leisleri,0.276,0.387,-1,Echolocation,192000.0,/mnt/ubna_data_06/recover-20251210/UBNA_032/20251130_230000.WAV,recover-20251210,UBNA_032,Foliage
LF,22080.0,8.35868014066973,125.1095,125.131,21171.0,25447.0,Nyctalus leisleri,0.223,0.364,-1,Echolocation,192000.0,/mnt/ubna_data_06/recover-20251210/UBNA_032/20251130_230000.WAV,recover-20251210,UBNA_032,Foliage
LF,22080.0,5.31703437870919,126.6465,126.6664,21171.0,25146.0,Nyctalus leisleri,0.365,0.438,-1,Echolocation,192000.0,/mnt/ubna_data_06/recover-20251210/UBNA_032/20251130_230000.WAV,recover-20251210,UBNA_032,Foliage
LF,23040.0,3.9771759235486086,150.3775,150.3931,22031.0,25307.0,Nyctalus leisleri,0.487,0.553,-1,Echolocation,192000.0,/mnt/ubna_data_06/recover-20251210/UBNA_032/20251130_230000.WAV,recover-20251210,UBNA_032,Foliage
LF,23040.0,13.347148377736882,181.8585,181.8815,23750.0,27257.0,Nyctalus leisleri,0.266,0.308,-1,Echolocation,192000.0,/mnt/ubna_data_06/recover-20251210/UBNA_032/20251130_231000.WAV,recover-20251210,UBNA_032,Foliage
LF,24960.0,3.9044182511931185,237.6085,237.6261,23750.0,26963.0,Nyctalus leisleri,0.327,0.38,-1,Echolocation,192000.0,/mnt/ubna_data_06/recover-20251210/UBNA_032/20251130_235000.WAV,recover-20251210,UBNA_032,Foliage
LF,20160.0,3.988086977462218,58.7405,58.7642,18593.0,21992.0,Nyctalus noctula,0.368,0.485,-1,Echolocation,192000.0,/mnt/ubna_data_06/recover-20251210/UBNA_032/20251201_001000.WAV,recover-20251210,UBNA_032,Foliage
LF,22080.0,0.9825768719357135,175.1275,175.1437,22031.0,25993.0,Nyctalus noctula,0.143,0.306,-1,Echolocation,192000.0,/mnt/ubna_data_06/recover-20251210/UBNA_032/20251201_013000.WAV,recover-20251210,UBNA_032,Foliage
LF,30720.0,1.079140894756037,52.164500000000004,52.1777,29765.0,33782.0,Nyctalus leisleri,0.204,0.375,-1,Echolocation,192000.0,/mnt/ubna_data_06/recover-20251210/UBNA_032/20251201_035000.WAV,recover-20251210,UBNA_032,Foliage
LF,30720.0,0.6343176957352897,57.7155,57.732600000000005,29765.0,33729.0,Nyctalus leisleri,0.138,0.303,-1,Echolocation,192000.0,/mnt/ubna_data_06/recover-20251210/UBNA_032/20251201_035000.WAV,recover-20251210,UBNA_032,Foliage
LF,25920.0,0.6577503754469607,231.8345,231.8443,24609.0,30636.0,Eptesicus serotinus,0.196,0.412,-1,Echolocation,192000.0,/mnt/ubna_data_06/recover-20251210/UBNA_032/20251201_070000.WAV,recover-20251210,UBNA_032,Foliage
HF,45120.0,1.6253336266694054,163.7825,163.7931,43515.0,47338.0,Pipistrellus pipistrellus,0.26,0.322,-1,Echolocation,192000.0,/mnt/ubna_data_06/recover-20251210/UBNA_032/20251201_093000.WAV,recover-20251210,UBNA_032,Foliage
LF,24000.0,0.5891447603500564,123.6975,123.7101,22890.0,27012.0,Nyctalus leisleri,0.21,0.331,-1,Echolocation,192000.0,/mnt/ubna_data_06/recover-20251210/UBNA_032/20251201_114000.WAV,recover-20251210,UBNA_032,Foliage
LF,28800.0,0.900652762717286,249.0765,249.0913,28906.0,33086.0,Nyctalus leisleri,0.156,0.3,-1,Echolocation,192000.0,/mnt/ubna_data_06/recover-20251210/UBNA_032/20251201_143000.WAV,recover-20251210,UBNA_032,Foliage
LF,30720.0,0.22145085234012057,195.8805,195.8955,28906.0,33367.0,Nyctalus leisleri,0.145,0.314,-1,Echolocation,192000.0,/mnt/ubna_data_06/recover-20251210/UBNA_032/20251201_145000.WAV,recover-20251210,UBNA_032,Foliage
LF,17280.0,5.703091611608743,202.4245,202.4476,16875.0,20978.0,Nyctalus noctula,0.308,0.399,-1,Echolocation,192000.0,/mnt/ubna_data_06/recover-20251210/UBNA_032/20251201_151000.WAV,recover-20251210,UBNA_032,Foliage
HF,49920.0,1.7720345675887201,231.3005,231.3107,49531.0,53327.0,Pipistrellus pipistrellus,0.249,0.316,-1,Echolocation,192000.0,/mnt/ubna_data_06/recover-20251210/UBNA_032/20251201_151000.WAV,recover-20251210,UBNA_032,Foliage
LF,21120.0,1.1023660404716427,270.5215,270.5389,21171.0,25572.0,Nyctalus noctula,0.201,0.302,-1,Echolocation,192000.0,/mnt/ubna_data_06/recover-20251210/UBNA_032/20251201_151000.WAV,recover-20251210,UBNA_032,Foliage
LF,17280.0,10.97720149310489,105.7285,105.7351,12578.0,22495.0,Plecotus auritus,0.207,0.375,-1,Echolocation,192000.0,/mnt/ubna_data_06/recover-20251210/UBNA_032/20251201_152000.WAV,recover-20251210,UBNA_032,Foliage
LF,19200.0,9.15336353892059,108.7125,108.7207,12578.0,25387.0,Eptesicus serotinus,0.2,0.36,-1,Echolocation,192000.0,/mnt/ubna_data_06/recover-20251210/UBNA_032/20251201_152000.WAV,recover-20251210,UBNA_032,Foliage
LF,24000.0,0.21882629480952298,269.0705,269.0866,22031.0,27249.0,Nyctalus leisleri,0.133,0.305,-1,Echolocation,192000.0,/mnt/ubna_data_06/recover-20251210/UBNA_032/20251201_154000.WAV,recover-20251210,UBNA_032,Foliage
LF,19200.0,3.8490433378916435,178.7405,178.7601,18593.0,22610.0,Nyctalus noctula,0.276,0.349,-1,Echolocation,192000.0,/mnt/ubna_data_06/recover-20251210/UBNA_032/20251201_155000.WAV,recover-20251210,UBNA_032,Foliage
LF,23040.0,23.582801952010016,279.2985,279.3259,22031.0,24208.0,Nyctalus leisleri,0.352,0.369,-1,Echolocation,192000.0,/mnt/ubna_data_06/recover-20251210/UBNA_032/20251201_161000.WAV,recover-20251210,UBNA_032,Foliage
LF,17280.0,15.581164651219677,11.1825,11.2012,16015.0,20882.0,Nyctalus leisleri,0.301,0.457,-1,Echolocation,192000.0,/mnt/ubna_data_06/recover-20251210/UBNA_032/20251201_164000.WAV,recover-20251210,UBNA_032,Foliage
LF,19200.0,16.522979461532984,11.8625,11.8891,16875.0,20562.0,Nyctalus noctula,0.377,0.52,-1,Echolocation,192000.0,/mnt/ubna_data_06/recover-20251210/UBNA_032/20251201_164000.WAV,recover-20251210,UBNA_032,Foliage
LF,17280.0,14.769419327694482,12.1235,12.1431,16015.0,19010.0,Nyctalus leisleri,0.428,0.509,-1,Echolocation,192000.0,/mnt/ubna_data_06/recover-20251210/UBNA_032/20251201_164000.WAV,recover-20251210,UBNA_032,Foliage
LF,17280.0,16.65331394875431,16.1955,16.2157,16015.0,19218.0,Nyctalus leisleri,0.369,0.408,-1,Echolocation,192000.0,/mnt/ubna_data_06/recover-20251210/UBNA_032/20251201_164000.WAV,recover-20251210,UBNA_032,Foliage
LF,17280.0,18.68231724135419,16.3485,16.3697,16015.0,18481.0,Nyctalus leisleri,0.265,0.332,-1,Echolocation,192000.0,/mnt/ubna_data_06/recover-20251210/UBNA_032/20251201_164000.WAV,recover-20251210,UBNA_032,Foliage
LF,17280.0,5.738600039477334,47.3435,47.3666,16015.0,20011.0,Nyctalus noctula,0.219,0.308,-1,Echolocation,192000.0,/mnt/ubna_data_06/recover-20251210/UBNA_032/20251201_164000.WAV,recover-20251210,UBNA_032,Foliage
LF,17280.0,5.503304286263832,59.4255,59.4467,16015.0,20162.0,Nyctalus leisleri,0.282,0.438,-1,Echolocation,192000.0,/mnt/ubna_data_06/recover-20251210/UBNA_032/20251201_164000.WAV,recover-20251210,UBNA_032,Foliage
LF,23040.0,9.18762992212112,108.5575,108.5758,22031.0,25481.0,Nyctalus leisleri,0.289,0.325,-1,Echolocation,192000.0,/mnt/ubna_data_06/recover-20251210/UBNA_032/20251201_164000.WAV,recover-20251210,UBNA_032,Foliage
LF,24000.0,1.6814904953597662,123.1985,123.2098,23750.0,29229.0,Nyctalus leisleri,0.202,0.43,-1,Echolocation,192000.0,/mnt/ubna_data_06/recover-20251210/UBNA_032/20251201_164000.WAV,recover-20251210,UBNA_032,Foliage
LF,17280.0,4.912610172679035,139.3435,139.3645,16015.0,20109.0,Nyctalus noctula,0.202,0.321,-1,Echolocation,192000.0,/mnt/ubna_data_06/recover-20251210/UBNA_032/20251201_164000.WAV,recover-20251210,UBNA_032,Foliage
LF,22080.0,23.108950290430638,156.9335,156.9597,21171.0,24033.0,Nyctalus leisleri,0.334,0.35,-1,Echolocation,192000.0,/mnt/ubna_data_06/recover-20251210/UBNA_032/20251201_164000.WAV,recover-20251210,UBNA_032,Foliage
LF,22080.0,3.167619160949739,183.8165,183.8343,22031.0,25785.0,Nyctalus leisleri,0.44,0.494,-1,Echolocation,192000.0,/mnt/ubna_data_06/recover-20251210/UBNA_032/20251201_164000.WAV,recover-20251210,UBNA_032,Foliage
LF,22080.0,5.231551991756742,251.0925,251.1119,22031.0,25081.0,Nyctalus leisleri,0.349,0.396,-1,Echolocation,192000.0,/mnt/ubna_data_06/recover-20251210/UBNA_032/20251201_164000.WAV,recover-20251210,UBNA_032,Foliage
LF,26880.0,3.8182916116496166,222.2755,222.29410000000001,27187.0,31492.0,Nyctalus leisleri,0.202,0.368,-1,Echolocation,192000.0,/mnt/ubna_data_06/recover-20251210/UBNA_032/20251201_170000.WAV,recover-20251210,UBNA_032,Foliage
LF,23040.0,6.050129594594566,234.4725,234.4843,22890.0,28955.0,Nyctalus noctula,0.121,0.332,-1,Echolocation,192000.0,/mnt/ubna_data_06/recover-20251210/UBNA_032/20251201_171000.WAV,recover-20251210,UBNA_032,Foliage
LF,30720.0,9.55517632362532,237.3705,237.3815,23750.0,31343.0,Eptesicus serotinus,0.139,0.314,-1,Echolocation,192000.0,/mnt/ubna_data_06/recover-20251210/UBNA_032/20251201_171000.WAV,recover-20251210,UBNA_032,Foliage
LF,19200.0,15.252496158305608,254.7545,254.7605,14296.0,33000.0,Plecotus auritus,0.279,0.314,-1,Echolocation,192000.0,/mnt/ubna_data_06/recover-20251210/UBNA_032/20251201_180000.WAV,recover-20251210,UBNA_032,Foliage
LF,28800.0,0.20630082022049828,155.3605,155.3751,27187.0,31326.0,Nyctalus leisleri,0.187,0.303,-1,Echolocation,192000.0,/mnt/ubna_data_06/recover-20251210/UBNA_032/20251201_184000.WAV,recover-20251210,UBNA_032,Foliage
LF,23040.0,0.7318209106928437,8.0635,8.0752,22890.0,28351.0,Nyctalus leisleri,0.146,0.353,-1,Echolocation,192000.0,/mnt/ubna_data_06/recover-20251210/UBNA_032/20251201_194000.WAV,recover-20251210,UBNA_032,Foliage
LF,22080.0,8.876824556476768,96.9265,96.9547,21171.0,24658.0,Nyctalus leisleri,0.419,0.439,-1,Echolocation,192000.0,/mnt/ubna_data_06/recover-20251210/UBNA_032/20251201_221000.WAV,recover-20251210,UBNA_032,Foliage
LF,20160.0,13.431716610574053,202.4325,202.439,14296.0,29483.0,Plecotus auritus,0.382,0.417,-1,Echolocation,192000.0,/mnt/ubna_data_06/recover-20251210/UBNA_032/20251201_222000.WAV,recover-20251210,UBNA_032,Foliage
LF,20160.0,-3.8136154886246585,39.3685,39.3927,20312.0,23565.0,Nyctalus leisleri,0.182,0.31,-1,Echolocation,192000.0,/mnt/ubna_data_06/recover-20251210/UBNA_032/20251202_001000.WAV,recover-20251210,UBNA_032,Foliage
LF,24960.0,2.960889926926091,215.7225,215.7339,22890.0,29306.0,Nyctalus leisleri,0.159,0.305,-1,Echolocation,192000.0,/mnt/ubna_data_06/recover-20251210/UBNA_032/20251202_012000.WAV,recover-20251210,UBNA_032,Foliage
LF,24000.0,1.0362451180186674,223.9645,223.9815,23750.0,27545.0,Nyctalus leisleri,0.239,0.318,-1,Echolocation,192000.0,/mnt/ubna_data_06/recover-20251210/UBNA_032/20251202_041000.WAV,recover-20251210,UBNA_032,Foliage
LF,29760.0,0.7355511396300839,258.7415,258.7532,24609.0,30752.0,Eptesicus serotinus,0.146,0.313,-1,Echolocation,192000.0,/mnt/ubna_data_06/recover-20251210/UBNA_032/20251202_053000.WAV,recover-20251210,UBNA_032,Foliage
LF,20160.0,0.457351289702595,33.4685,33.4907,20312.0,23995.0,Nyctalus noctula,0.208,0.309,-1,Echolocation,192000.0,/mnt/ubna_data_06/recover-20251210/UBNA_032/20251202_062000.WAV,recover-20251210,UBNA_032,Foliage
LF,26880.0,1.1449465096150542,275.1275,275.1385,24609.0,31158.0,Eptesicus serotinus,0.135,0.301,-1,Echolocation,192000.0,/mnt/ubna_data_06/recover-20251210/UBNA_032/20251202_064000.WAV,recover-20251210,UBNA_032,Foliage
LF,27840.0,0.7647348175877083,135.1625,135.17340000000002,28046.0,34019.0,Eptesicus serotinus,0.217,0.387,-1,Echolocation,192000.0,/mnt/ubna_data_06/recover-20251210/UBNA_032/20251202_065000.WAV,recover-20251210,UBNA_032,Foliage
LF,24000.0,1.5543186375722942,142.7125,142.7241,22890.0,28495.0,Nyctalus noctula,0.13,0.342,-1,Echolocation,192000.0,/mnt/ubna_data_06/recover-20251210/UBNA_032/20251202_112000.WAV,recover-20251210,UBNA_032,Foliage
LF,24000.0,0.5426930040978888,271.4835,271.4957,22890.0,28598.0,Nyctalus leisleri,0.103,0.309,-1,Echolocation,192000.0,/mnt/ubna_data_06/recover-20251210/UBNA_032/20251202_115000.WAV,recover-20251210,UBNA_032,Foliage
LF,23040.0,5.401267212465798,170.6055,170.61,22031.0,39864.0,Plecotus austriacus,0.272,0.324,-1,Echolocation,192000.0,/mnt/ubna_data_06/recover-20251210/UBNA_032/20251202_120000.WAV,recover-20251210,UBNA_032,Foliage
LF,23040.0,7.379556766145237,46.1325,46.1466,22890.0,27539.0,Nyctalus leisleri,0.22,0.355,-1,Echolocation,192000.0,/mnt/ubna_data_06/recover-20251210/UBNA_032/20251202_122000.WAV,recover-20251210,UBNA_032,Foliage
LF,24960.0,1.3929605641121057,115.48949999999999,115.499,22890.0,30781.0,Nyctalus noctula,0.099,0.377,-1,Echolocation,192000.0,/mnt/ubna_data_06/recover-20251210/UBNA_032/20251202_122000.WAV,recover-20251210,UBNA_032,Foliage
LF,23040.0,5.325268859175401,163.6125,163.624,22890.0,29488.0,Eptesicus serotinus,0.127,0.343,-1,Echolocation,192000.0,/mnt/ubna_data_06/recover-20251210/UBNA_032/20251202_122000.WAV,recover-20251210,UBNA_032,Foliage
LF,23040.0,4.615317173035075,294.0525,294.0668,22890.0,26499.0,Nyctalus leisleri,0.246,0.345,-1,Echolocation,192000.0,/mnt/ubna_data_06/recover-20251210/UBNA_032/20251202_123000.WAV,recover-20251210,UBNA_032,Foliage
LF,22080.0,15.801071000627973,70.6725,70.6822,22031.0,27218.0,Nyctalus leisleri,0.265,0.376,-1,Echolocation,192000.0,/mnt/ubna_data_06/recover-20251210/UBNA_032/20251202_124000.WAV,recover-20251210,UBNA_032,Foliage
LF,23040.0,2.328709039343094,189.7215,189.7332,22890.0,27888.0,Nyctalus leisleri,0.133,0.326,-1,Echolocation,192000.0,/mnt/ubna_data_06/recover-20251210/UBNA_032/20251202_124000.WAV,recover-20251210,UBNA_032,Foliage
LF,23040.0,4.891229045097995,5.5715,5.5816,22031.0,29707.0,Nyctalus leisleri,0.098,0.313,-1,Echolocation,192000.0,/mnt/ubna_data_06/recover-20251210/UBNA_032/20251202_132000.WAV,recover-20251210,UBNA_032,Foliage
LF,23040.0,1.7374662286482563,227.9635,227.9784,22890.0,28463.0,Nyctalus leisleri,0.127,0.344,-1,Echolocation,192000.0,/mnt/ubna_data_06/recover-20251210/UBNA_032/20251202_132000.WAV,recover-20251210,UBNA_032,Foliage
LF,23040.0,7.632656723065885,189.6675,189.6722,16015.0,32815.0,Plecotus auritus,0.186,0.307,-1,Echolocation,192000.0,/mnt/ubna_data_06/recover-20251210/UBNA_032/20251202_133000.WAV,recover-20251210,UBNA_032,Foliage
LF,22080.0,-14.959479655496501,78.3365,78.3441,22031.0,34691.0,Plecotus austriacus,0.138,0.309,-1,Echolocation,192000.0,/mnt/ubna_data_06/recover-20251210/UBNA_032/20251202_142000.WAV,recover-20251210,UBNA_032,Foliage
LF,24000.0,4.014934341288722,104.9635,104.9756,23750.0,29718.0,Eptesicus serotinus,0.137,0.39,-1,Echolocation,192000.0,/mnt/ubna_data_06/recover-20251210/UBNA_032/20251202_144000.WAV,recover-20251210,UBNA_032,Foliage
LF,19200.0,25.30444402765555,18.3195,18.3402,18593.0,21177.0,Nyctalus noctula,0.286,0.427,-1,Echolocation,192000.0,/mnt/ubna_data_06/recover-20251210/UBNA_032/20251202_152000.WAV,recover-20251210,UBNA_032,Foliage
LF,22080.0,7.488852976086448,278.6365,278.6622,21171.0,23707.0,Nyctalus leisleri,0.291,0.304,-1,Echolocation,192000.0,/mnt/ubna_data_06/recover-20251210/UBNA_032/20251202_153000.WAV,recover-20251210,UBNA_032,Foliage
LF,22080.0,10.484911244497306,103.0895,103.115,21171.0,23794.0,Nyctalus leisleri,0.368,0.387,-1,Echolocation,192000.0,/mnt/ubna_data_06/recover-20251210/UBNA_032/20251202_154000.WAV,recover-20251210,UBNA_032,Foliage
LF,22080.0,9.143783103163468,120.3545,120.379,21171.0,24365.0,Nyctalus leisleri,0.303,0.321,-1,Echolocation,192000.0,/mnt/ubna_data_06/recover-20251210/UBNA_032/20251202_154000.WAV,recover-20251210,UBNA_032,Foliage
LF,17280.0,3.4511636747178747,43.9245,43.9447,16015.0,18885.0,Nyctalus leisleri,0.202,0.305,-1,Echolocation,192000.0,/mnt/ubna_data_06/recover-20251210/UBNA_032/20251202_160000.WAV,recover-20251210,UBNA_032,Foliage
LF,23040.0,1.8306462683860178,200.4685,200.4865,22031.0,27042.0,Nyctalus noctula,0.174,0.308,-1,Echolocation,192000.0,/mnt/ubna_data_06/recover-20251210/UBNA_032/20251202_162000.WAV,recover-20251210,UBNA_032,Foliage
LF,18240.0,3.445042908533151,27.0075,27.0301,17734.0,20457.0,Nyctalus noctula,0.226,0.306,-1,Echolocation,192000.0,/mnt/ubna_data_06/recover-20251210/UBNA_032/20251202_163000.WAV,recover-20251210,UBNA_032,Foliage
LF,18240.0,9.52770615411011,49.091499999999996,49.1161,17734.0,20411.0,Nyctalus noctula,0.212,0.307,-1,Echolocation,192000.0,/mnt/ubna_data_06/recover-20251210/UBNA_032/20251202_165000.WAV,recover-20251210,UBNA_032,Foliage
LF,19200.0,12.876291795082484,59.713499999999996,59.729299999999995,11718.0,18769.0,Nyctalus leisleri,0.336,0.42,-1,Echolocation,192000.0,/mnt/ubna_data_06/recover-20251210/UBNA_032/20251202_165000.WAV,recover-20251210,UBNA_032,Foliage
LF,18240.0,14.25870833009406,60.1475,60.1618,11718.0,18325.0,Nyctalus leisleri,0.278,0.367,-1,Echolocation,192000.0,/mnt/ubna_data_06/recover-20251210/UBNA_032/20251202_165000.WAV,recover-20251210,UBNA_032,Foliage
LF,23040.0,3.3796125182783507,193.2215,193.2424,21171.0,25101.0,Nyctalus leisleri,0.331,0.4,-1,Echolocation,192000.0,/mnt/ubna_data_06/recover-20251210/UBNA_032/20251202_171000.WAV,recover-20251210,UBNA_032,Foliage
LF,18240.0,6.104674031430807,198.7635,198.7912,17734.0,20338.0,Nyctalus noctula,0.227,0.306,-1,Echolocation,192000.0,/mnt/ubna_data_06/recover-20251210/UBNA_032/20251202_171000.WAV,recover-20251210,UBNA_032,Foliage
LF,24000.0,-0.0023418696051361082,69.73349999999999,69.7466,23750.0,28399.0,Nyctalus leisleri,0.198,0.324,-1,Echolocation,192000.0,/mnt/ubna_data_06/recover-20251210/UBNA_032/20251202_182000.WAV,recover-20251210,UBNA_032,Foliage
LF,23040.0,5.2425941224824655,41.3535,41.3759,22031.0,25201.0,Nyctalus leisleri,0.312,0.346,-1,Echolocation,192000.0,/mnt/ubna_data_06/recover-20251210/UBNA_032/20251202_183000.WAV,recover-20251210,UBNA_032,Foliage
LF,22080.0,6.212993892967217,126.4805,126.505,21171.0,24580.0,Nyctalus leisleri,0.352,0.372,-1,Echolocation,192000.0,/mnt/ubna_data_06/recover-20251210/UBNA_032/20251202_183000.WAV,recover-20251210,UBNA_032,Foliage
LF,17280.0,10.352732482412003,86.3735,86.4016,16015.0,20133.0,Nyctalus noctula,0.266,0.343,-1,Echolocation,192000.0,/mnt/ubna_data_06/recover-20251210/UBNA_032/20251202_192000.WAV,recover-20251210,UBNA_032,Foliage
LF,23040.0,6.684503203239091,24.7095,24.7307,22890.0,26792.0,Nyctalus leisleri,0.258,0.307,-1,Echolocation,192000.0,/mnt/ubna_data_06/recover-20251210/UBNA_032/20251202_204000.WAV,recover-20251210,UBNA_032,Foliage
LF,24000.0,1.0326136643746724,5.0625,5.0747,23750.0,28918.0,Nyctalus leisleri,0.113,0.318,-1,Echolocation,192000.0,/mnt/ubna_data_06/recover-20251210/UBNA_032/20251202_211000.WAV,recover-20251210,UBNA_032,Foliage
LF,29760.0,1.4904043448444015,31.3225,31.3322,27187.0,34397.0,Eptesicus serotinus,0.216,0.329,-1,Echolocation,192000.0,/mnt/ubna_data_06/recover-20251210/UBNA_032/20251202_214000.WAV,recover-20251210,UBNA_032,Foliage
LF,22080.0,5.792158296680294,114.9615,114.9867,20312.0,24436.0,Nyctalus noctula,0.194,0.324,-1,Echolocation,192000.0,/mnt/ubna_data_06/recover-20251210/UBNA_032/20251202_214000.WAV,recover-20251210,UBNA_032,Foliage
LF,23040.0,10.716355329433444,115.3135,115.336,22890.0,25786.0,Nyctalus leisleri,0.284,0.309,-1,Echolocation,192000.0,/mnt/ubna_data_06/recover-20251210/UBNA_032/20251202_215000.WAV,recover-20251210,UBNA_032,Foliage
LF,22080.0,6.344063307141411,77.40350000000001,77.428,21171.0,25225.0,Nyctalus noctula,0.224,0.312,-1,Echolocation,192000.0,/mnt/ubna_data_06/recover-20251210/UBNA_032/20251202_221000.WAV,recover-20251210,UBNA_032,Foliage
LF,23040.0,6.398983438589597,88.4375,88.4603,21171.0,25836.0,Nyctalus noctula,0.175,0.322,-1,Echolocation,192000.0,/mnt/ubna_data_06/recover-20251210/UBNA_032/20251202_221000.WAV,recover-20251210,UBNA_032,Foliage
LF,22080.0,8.306906509563634,164.2035,164.2295,21171.0,24166.0,Nyctalus leisleri,0.316,0.352,-1,Echolocation,192000.0,/mnt/ubna_data_06/recover-20251210/UBNA_032/20251202_221000.WAV,recover-20251210,UBNA_032,Foliage
LF,22080.0,10.809839181665314,236.1355,236.1601,21171.0,23855.0,Nyctalus leisleri,0.345,0.362,-1,Echolocation,192000.0,/mnt/ubna_data_06/recover-20251210/UBNA_032/20251202_221000.WAV,recover-20251210,UBNA_032,Foliage
LF,17280.0,8.67344936100042,214.5925,214.617,16875.0,20039.0,Nyctalus noctula,0.215,0.304,-1,Echolocation,192000.0,/mnt/ubna_data_06/recover-20251210/UBNA_032/20251202_223000.WAV,recover-20251210,UBNA_032,Foliage
LF,19200.0,5.921561689210484,227.0505,227.0757,18593.0,21024.0,Nyctalus noctula,0.233,0.328,-1,Echolocation,192000.0,/mnt/ubna_data_06/recover-20251210/UBNA_032/20251202_223000.WAV,recover-20251210,UBNA_032,Foliage
LF,23040.0,7.496810513757014,28.2095,28.227,22890.0,26057.0,Nyctalus leisleri,0.368,0.426,-1,Echolocation,192000.0,/mnt/ubna_data_06/recover-20251210/UBNA_032/20251203_002000.WAV,recover-20251210,UBNA_032,Foliage
LF,17280.0,6.570374539995337,198.1465,198.1652,16015.0,19234.0,Nyctalus noctula,0.217,0.354,-1,Echolocation,192000.0,/mnt/ubna_data_06/recover-20251210/UBNA_032/20251203_004000.WAV,recover-20251210,UBNA_032,Foliage
LF,30720.0,0.45114229798798744,157.5485,157.5613,28906.0,33551.0,Nyctalus leisleri,0.204,0.35,-1,Echolocation,192000.0,/mnt/ubna_data_06/recover-20251210/UBNA_032/20251203_011000.WAV,recover-20251210,UBNA_032,Foliage
LF,23040.0,3.289374660854741,8.4875,8.5046,22031.0,26230.0,Nyctalus leisleri,0.388,0.485,-1,Echolocation,192000.0,/mnt/ubna_data_06/recover-20251210/UBNA_032/20251203_013000.WAV,recover-20251210,UBNA_032,Foliage
LF,23040.0,4.930596600274804,8.8815,8.8975,22890.0,27142.0,Nyctalus leisleri,0.571,0.626,-1,Echolocation,192000.0,/mnt/ubna_data_06/recover-20251210/UBNA_032/20251203_013000.WAV,recover-20251210,UBNA_032,Foliage
LF,24000.0,2.886851477384029,9.2655,9.2826,22890.0,27504.0,Nyctalus leisleri,0.462,0.563,-1,Echolocation,192000.0,/mnt/ubna_data_06/recover-20251210/UBNA_032/20251203_013000.WAV,recover-20251210,UBNA_032,Foliage
LF,24000.0,7.814795252652117,9.6705,9.6889,22890.0,26166.0,Nyctalus leisleri,0.495,0.559,-1,Echolocation,192000.0,/mnt/ubna_data_06/recover-20251210/UBNA_032/20251203_013000.WAV,recover-20251210,UBNA_032,Foliage
LF,23040.0,7.315554827424368,10.0725,10.0889,22031.0,26185.0,Nyctalus leisleri,0.634,0.678,-1,Echolocation,192000.0,/mnt/ubna_data_06/recover-20251210/UBNA_032/20251203_013000.WAV,recover-20251210,UBNA_032,Foliage
LF,24000.0,10.890043457633345,10.5845,10.6014,22890.0,25946.0,Nyctalus leisleri,0.586,0.619,-1,Echolocation,192000.0,/mnt/ubna_data_06/recover-20251210/UBNA_032/20251203_013000.WAV,recover-20251210,UBNA_032,Foliage
LF,23040.0,8.117332831120462,10.9775,10.9945,22031.0,26400.0,Nyctalus leisleri,0.641,0.674,-1,Echolocation,192000.0,/mnt/ubna_data_06/recover-20251210/UBNA_032/20251203_013000.WAV,recover-20251210,UBNA_032,Foliage
LF,24000.0,13.017029311211443,11.3765,11.3921,22890.0,26552.0,Nyctalus leisleri,0.536,0.635,-1,Echolocation,192000.0,/mnt/ubna_data_06/recover-20251210/UBNA_032/20251203_013000.WAV,recover-20251210,UBNA_032,Foliage
LF,24000.0,9.43413011835508,11.7665,11.7824,22890.0,26895.0,Nyctalus leisleri,0.675,0.724,-1,Echolocation,192000.0,/mnt/ubna_data_06/recover-20251210/UBNA_032/20251203_013000.WAV,recover-20251210,UBNA_032,Foliage
LF,24000.0,11.72986363241411,12.2795,12.2967,22890.0,26387.0,Nyctalus leisleri,0.628,0.689,-1,Echolocation,192000.0,/mnt/ubna_data_06/recover-20251210/UBNA_032/20251203_013000.WAV,recover-20251210,UBNA_032,Foliage
LF,23040.0,10.231833240580308,12.6665,12.6829,22890.0,25898.0,Nyctalus leisleri,0.565,0.633,-1,Echolocation,192000.0,/mnt/ubna_data_06/recover-20251210/UBNA_032/20251203_013000.WAV,recover-20251210,UBNA_032,Foliage
LF,24000.0,16.773269735658833,13.0605,13.0764,22890.0,25900.0,Nyctalus leisleri,0.586,0.626,-1,Echolocation,192000.0,/mnt/ubna_data_06/recover-20251210/UBNA_032/20251203_013000.WAV,recover-20251210,UBNA_032,Foliage
LF,23040.0,16.38548896588151,13.4495,13.4655,22031.0,26715.0,Nyctalus leisleri,0.578,0.66,-1,Echolocation,192000.0,/mnt/ubna_data_06/recover-20251210/UBNA_032/20251203_013000.WAV,recover-20251210,UBNA_032,Foliage
LF,24000.0,17.652534187059498,13.9555,13.9711,22890.0,26382.0,Nyctalus leisleri,0.612,0.669,-1,Echolocation,192000.0,/mnt/ubna_data_06/recover-20251210/UBNA_032/20251203_013000.WAV,recover-20251210,UBNA_032,Foliage
LF,23040.0,19.167154426048377,14.3355,14.354,22031.0,27041.0,Nyctalus leisleri,0.442,0.571,-1,Echolocation,192000.0,/mnt/ubna_data_06/recover-20251210/UBNA_032/20251203_013000.WAV,recover-20251210,UBNA_032,Foliage
LF,24000.0,18.376815968160876,14.7155,14.7351,22031.0,25679.0,Nyctalus leisleri,0.522,0.565,-1,Echolocation,192000.0,/mnt/ubna_data_06/recover-20251210/UBNA_032/20251203_013000.WAV,recover-20251210,UBNA_032,Foliage
LF,23040.0,17.620702298693498,15.0955,15.1112,22890.0,26546.0,Nyctalus leisleri,0.521,0.596,-1,Echolocation,192000.0,/mnt/ubna_data_06/recover-20251210/UBNA_032/20251203_013000.WAV,recover-20251210,UBNA_032,Foliage
LF,24000.0,21.34050309207696,15.4855,15.503,22031.0,26575.0,Nyctalus leisleri,0.543,0.597,-1,Echolocation,192000.0,/mnt/ubna_data_06/recover-20251210/UBNA_032/20251203_013000.WAV,recover-20251210,UBNA_032,Foliage
LF,23040.0,24.021400111024526,15.8695,15.8858,22031.0,26129.0,Nyctalus leisleri,0.637,0.686,-1,Echolocation,192000.0,/mnt/ubna_data_06/recover-20251210/UBNA_032/20251203_013000.WAV,recover-20251210,UBNA_032,Foliage
LF,23040.0,21.3476958148334,16.2415,16.256,22890.0,28269.0,Nyctalus leisleri,0.498,0.663,-1,Echolocation,192000.0,/mnt/ubna_data_06/recover-20251210/UBNA_032/20251203_013000.WAV,recover-20251210,UBNA_032,Foliage
LF,24000.0,22.55934423451712,16.4985,16.5132,22890.0,27042.0,Nyctalus leisleri,0.537,0.665,-1,Echolocation,192000.0,/mnt/ubna_data_06/recover-20251210/UBNA_032/20251203_013000.WAV,recover-20251210,UBNA_032,Foliage
LF,24000.0,18.57317798432962,16.7565,16.7707,22890.0,27524.0,Nyctalus leisleri,0.513,0.642,-1,Echolocation,192000.0,/mnt/ubna_data_06/recover-20251210/UBNA_032/20251203_013000.WAV,recover-20251210,UBNA_032,Foliage
LF,24000.0,23.005699184306692,17.0075,17.0212,22890.0,28635.0,Nyctalus leisleri,0.449,0.644,-1,Echolocation,192000.0,/mnt/ubna_data_06/recover-20251210/UBNA_032/20251203_013000.WAV,recover-20251210,UBNA_032,Foliage
LF,24960.0,7.4618846834482335,17.2565,17.2714,23750.0,28928.0,Nyctalus leisleri,0.461,0.628,-1,Echolocation,192000.0,/mnt/ubna_data_06/recover-20251210/UBNA_032/20251203_013000.WAV,recover-20251210,UBNA_032,Foliage
LF,24960.0,7.544545277725497,17.5065,17.5226,22890.0,27305.0,Nyctalus leisleri,0.455,0.552,-1,Echolocation,192000.0,/mnt/ubna_data_06/recover-20251210/UBNA_032/20251203_013000.WAV,recover-20251210,UBNA_032,Foliage
LF,24960.0,1.843859627738509,17.8905,17.9054,23750.0,28794.0,Nyctalus leisleri,0.184,0.317,-1,Echolocation,192000.0,/mnt/ubna_data_06/recover-20251210/UBNA_032/20251203_013000.WAV,recover-20251210,UBNA_032,Foliage
LF,25920.0,1.8653889582500929,18.1315,18.1442,24609.0,29714.0,Eptesicus serotinus,0.161,0.356,-1,Echolocation,192000.0,/mnt/ubna_data_06/recover-20251210/UBNA_032/20251203_013000.WAV,recover-20251210,UBNA_032,Foliage
LF,24000.0,4.668689559809131,285.9445,285.9629,22890.0,27188.0,Nyctalus leisleri,0.261,0.405,-1,Echolocation,192000.0,/mnt/ubna_data_06/recover-20251210/UBNA_032/20251203_022000.WAV,recover-20251210,UBNA_032,Foliage
LF,24000.0,6.3835469024536255,287.4185,287.4357,23750.0,27016.0,Nyctalus leisleri,0.316,0.407,-1,Echolocation,192000.0,/mnt/ubna_data_06/recover-20251210/UBNA_032/20251203_022000.WAV,recover-20251210,UBNA_032,Foliage
LF,24960.0,5.160406927821261,288.1645,288.1829,23750.0,27965.0,Nyctalus leisleri,0.257,0.356,-1,Echolocation,192000.0,/mnt/ubna_data_06/recover-20251210/UBNA_032/20251203_022000.WAV,recover-20251210,UBNA_032,Foliage
LF,24000.0,1.3761170127161768,295.1275,295.1408,23750.0,28278.0,Nyctalus leisleri,0.213,0.361,-1,Echolocation,192000.0,/mnt/ubna_data_06/recover-20251210/UBNA_032/20251203_022000.WAV,recover-20251210,UBNA_032,Foliage
LF,23040.0,8.147214097650565,295.3875,295.4022,22031.0,26769.0,Nyctalus leisleri,0.516,0.619,-1,Echolocation,192000.0,/mnt/ubna_data_06/recover-20251210/UBNA_032/20251203_022000.WAV,recover-20251210,UBNA_032,Foliage
LF,23040.0,2.8675909243006243,295.7795,295.7968,22890.0,26933.0,Nyctalus leisleri,0.228,0.326,-1,Echolocation,192000.0,/mnt/ubna_data_06/recover-20251210/UBNA_032/20251203_022000.WAV,recover-20251210,UBNA_032,Foliage
LF,24000.0,8.398297988696115,296.1655,296.1812,22031.0,26094.0,Nyctalus leisleri,0.63,0.659,-1,Echolocation,192000.0,/mnt/ubna_data_06/recover-20251210/UBNA_032/20251203_022000.WAV,recover-20251210,UBNA_032,Foliage
LF,23040.0,11.892812045949201,296.3365,296.3535,22031.0,26989.0,Nyctalus leisleri,0.45,0.599,-1,Echolocation,192000.0,/mnt/ubna_data_06/recover-20251210/UBNA_032/20251203_022000.WAV,recover-20251210,UBNA_032,Foliage
LF,24000.0,8.255971158319683,296.5985,296.6129,22031.0,27776.0,Nyctalus leisleri,0.498,0.647,-1,Echolocation,192000.0,/mnt/ubna_data_06/recover-20251210/UBNA_032/20251203_022000.WAV,recover-20251210,UBNA_032,Foliage
LF,23040.0,3.953778510658614,298.1515,298.1667,22031.0,26320.0,Nyctalus leisleri,0.602,0.665,-1,Echolocation,192000.0,/mnt/ubna_data_06/recover-20251210/UBNA_032/20251203_022000.WAV,recover-20251210,UBNA_032,Foliage
LF,26880.0,0.775854878648728,71.4635,71.4727,26328.0,34916.0,Eptesicus serotinus,0.219,0.323,-1,Echolocation,192000.0,/mnt/ubna_data_06/recover-20251210/UBNA_032/20251203_031000.WAV,recover-20251210,UBNA_032,Foliage
LF,29760.0,0.46027987588262104,231.6275,231.6381,25468.0,31432.0,Nyctalus leisleri,0.15,0.306,-1,Echolocation,192000.0,/mnt/ubna_data_06/recover-20251210/UBNA_032/20251203_042000.WAV,recover-20251210,UBNA_032,Foliage
LF,24000.0,3.0007285160033437,72.0625,72.0715,23750.0,32092.0,Eptesicus serotinus,0.111,0.321,-1,Echolocation,192000.0,/mnt/ubna_data_06/recover-20251210/UBNA_032/20251203_065000.WAV,recover-20251210,UBNA_032,Foliage
LF,24000.0,2.432070658177385,256.0335,256.0428,22890.0,30237.0,Eptesicus serotinus,0.115,0.32,-1,Echolocation,192000.0,/mnt/ubna_data_06/recover-20251210/UBNA_032/20251203_080000.WAV,recover-20251210,UBNA_032,Foliage
LF,24000.0,-0.0351210284429295,197.3385,197.3559,22890.0,27173.0,Nyctalus leisleri,0.233,0.343,-1,Echolocation,192000.0,/mnt/ubna_data_06/recover-20251210/UBNA_032/20251203_135000.WAV,recover-20251210,UBNA_032,Foliage
LF,24000.0,1.2301295758519561,198.7425,198.7592,22890.0,26326.0,Nyctalus leisleri,0.35,0.424,-1,Echolocation,192000.0,/mnt/ubna_data_06/recover-20251210/UBNA_032/20251203_135000.WAV,recover-20251210,UBNA_032,Foliage
LF,23040.0,5.227716716957308,199.0075,199.0245,22890.0,26753.0,Nyctalus leisleri,0.447,0.539,-1,Echolocation,192000.0,/mnt/ubna_data_06/recover-20251210/UBNA_032/20251203_135000.WAV,recover-20251210,UBNA_032,Foliage
LF,23040.0,4.973267706963313,199.2645,199.2802,22890.0,27138.0,Nyctalus leisleri,0.426,0.517,-1,Echolocation,192000.0,/mnt/ubna_data_06/recover-20251210/UBNA_032/20251203_135000.WAV,recover-20251210,UBNA_032,Foliage
LF,24000.0,8.732027990309364,199.6495,199.6647,22890.0,27527.0,Nyctalus leisleri,0.577,0.688,-1,Echolocation,192000.0,/mnt/ubna_data_06/recover-20251210/UBNA_032/20251203_135000.WAV,recover-20251210,UBNA_032,Foliage
LF,23040.0,8.99060149240068,199.8985,199.91140000000001,22890.0,27732.0,Nyctalus leisleri,0.532,0.68,-1,Echolocation,192000.0,/mnt/ubna_data_06/recover-20251210/UBNA_032/20251203_135000.WAV,recover-20251210,UBNA_032,Foliage
LF,24000.0,6.350682228149455,200.2805,200.29500000000002,22890.0,27378.0,Nyctalus leisleri,0.705,0.762,-1,Echolocation,192000.0,/mnt/ubna_data_06/recover-20251210/UBNA_032/20251203_135000.WAV,recover-20251210,UBNA_032,Foliage
LF,23040.0,6.049236271534211,200.5355,200.5489,22890.0,27611.0,Nyctalus leisleri,0.529,0.634,-1,Echolocation,192000.0,/mnt/ubna_data_06/recover-20251210/UBNA_032/20251203_135000.WAV,recover-20251210,UBNA_032,Foliage
LF,23040.0,5.651296480410552,200.7985,200.8151,22890.0,27614.0,Nyctalus leisleri,0.4,0.577,-1,Echolocation,192000.0,/mnt/ubna_data_06/recover-20251210/UBNA_032/20251203_135000.WAV,recover-20251210,UBNA_032,Foliage
LF,23040.0,8.26525800956922,201.1765,201.1933,22031.0,25916.0,Nyctalus leisleri,0.63,0.679,-1,Echolocation,192000.0,/mnt/ubna_data_06/recover-20251210/UBNA_032/20251203_135000.WAV,recover-20251210,UBNA_032,Foliage
LF,24000.0,3.6171066656727033,201.4505,201.4697,23750.0,27124.0,Nyctalus leisleri,0.313,0.374,-1,Echolocation,192000.0,/mnt/ubna_data_06/recover-20251210/UBNA_032/20251203_135000.WAV,recover-20251210,UBNA_032,Foliage
LF,24000.0,5.766451168601723,201.8405,201.8567,22890.0,26461.0,Nyctalus leisleri,0.722,0.752,-1,Echolocation,192000.0,/mnt/ubna_data_06/recover-20251210/UBNA_032/20251203_135000.WAV,recover-20251210,UBNA_032,Foliage
LF,24000.0,7.7073338898164145,202.0975,202.1123,22890.0,26989.0,Nyctalus leisleri,0.679,0.741,-1,Echolocation,192000.0,/mnt/ubna_data_06/recover-20251210/UBNA_032/20251203_135000.WAV,recover-20251210,UBNA_032,Foliage
LF,23040.0,5.229022908053479,202.4785,202.4937,22890.0,27302.0,Nyctalus leisleri,0.495,0.64,-1,Echolocation,192000.0,/mnt/ubna_data_06/recover-20251210/UBNA_032/20251203_135000.WAV,recover-20251210,UBNA_032,Foliage
LF,24000.0,7.184347601029943,202.8645,202.8793,22890.0,27263.0,Nyctalus leisleri,0.572,0.659,-1,Echolocation,192000.0,/mnt/ubna_data_06/recover-20251210/UBNA_032/20251203_135000.WAV,recover-20251210,UBNA_032,Foliage
LF,23040.0,6.435114987771572,203.1225,203.1361,22890.0,28098.0,Nyctalus leisleri,0.305,0.575,-1,Echolocation,192000.0,/mnt/ubna_data_06/recover-20251210/UBNA_032/20251203_135000.WAV,recover-20251210,UBNA_032,Foliage
LF,24000.0,4.738209834305068,203.3845,203.3987,22890.0,27754.0,Nyctalus leisleri,0.437,0.625,-1,Echolocation,192000.0,/mnt/ubna_data_06/recover-20251210/UBNA_032/20251203_135000.WAV,recover-20251210,UBNA_032,Foliage
LF,23040.0,2.5466525958286432,203.6365,203.6514,22890.0,28378.0,Nyctalus leisleri,0.37,0.559,-1,Echolocation,192000.0,/mnt/ubna_data_06/recover-20251210/UBNA_032/20251203_135000.WAV,recover-20251210,UBNA_032,Foliage
LF,24000.0,4.871391593623776,204.1405,204.1536,22890.0,29373.0,Nyctalus leisleri,0.24,0.568,-1,Echolocation,192000.0,/mnt/ubna_data_06/recover-20251210/UBNA_032/20251203_135000.WAV,recover-20251210,UBNA_032,Foliage
LF,24000.0,7.745343524810954,204.4025,204.4147,23750.0,28497.0,Nyctalus leisleri,0.485,0.614,-1,Echolocation,192000.0,/mnt/ubna_data_06/recover-20251210/UBNA_032/20251203_135000.WAV,recover-20251210,UBNA_032,Foliage
LF,23040.0,8.159989528818981,204.6465,204.6576,22890.0,28701.0,Nyctalus leisleri,0.299,0.565,-1,Echolocation,192000.0,/mnt/ubna_data_06/recover-20251210/UBNA_032/20251203_135000.WAV,recover-20251210,UBNA_032,Foliage
LF,24000.0,6.424088455492447,204.9035,204.916,23750.0,29152.0,Nyctalus leisleri,0.52,0.689,-1,Echolocation,192000.0,/mnt/ubna_data_06/recover-20251210/UBNA_032/20251203_135000.WAV,recover-20251210,UBNA_032,Foliage
LF,23040.0,6.114065760289995,205.1525,205.1652,22890.0,27999.0,Nyctalus leisleri,0.414,0.607,-1,Echolocation,192000.0,/mnt/ubna_data_06/recover-20251210/UBNA_032/20251203_135000.WAV,recover-20251210,UBNA_032,Foliage
LF,23040.0,1.1153643926708274,205.4115,205.4263,22890.0,28259.0,Nyctalus leisleri,0.211,0.438,-1,Echolocation,192000.0,/mnt/ubna_data_06/recover-20251210/UBNA_032/20251203_135000.WAV,recover-20251210,UBNA_032,Foliage
LF,23040.0,0.13056502417531984,205.5465,205.5615,22031.0,27619.0,Nyctalus noctula,0.204,0.395,-1,Echolocation,192000.0,/mnt/ubna_data_06/recover-20251210/UBNA_032/20251203_135000.WAV,recover-20251210,UBNA_032,Foliage
LF,24000.0,4.084151832249711,205.7885,205.8016,23750.0,27519.0,Nyctalus leisleri,0.348,0.455,-1,Echolocation,192000.0,/mnt/ubna_data_06/recover-20251210/UBNA_032/20251203_135000.WAV,recover-20251210,UBNA_032,Foliage
LF,23040.0,4.2219140597379266,206.1985,206.209,23750.0,29773.0,Nyctalus leisleri,0.255,0.573,-1,Echolocation,192000.0,/mnt/ubna_data_06/recover-20251210/UBNA_032/20251203_135000.WAV,recover-20251210,UBNA_032,Foliage
LF,24000.0,1.8550780057731189,206.7105,206.72129999999999,23750.0,28695.0,Nyctalus leisleri,0.204,0.441,-1,Echolocation,192000.0,/mnt/ubna_data_06/recover-20251210/UBNA_032/20251203_135000.WAV,recover-20251210,UBNA_032,Foliage
LF,23040.0,3.5461225031625547,207.1205,207.1311,22890.0,29063.0,Nyctalus leisleri,0.302,0.62,-1,Echolocation,192000.0,/mnt/ubna_data_06/recover-20251210/UBNA_032/20251203_135000.WAV,recover-20251210,UBNA_032,Foliage
LF,23040.0,2.0508182039528435,207.6465,207.6593,22890.0,27570.0,Nyctalus leisleri,0.186,0.389,-1,Echolocation,192000.0,/mnt/ubna_data_06/recover-20251210/UBNA_032/20251203_135000.WAV,recover-20251210,UBNA_032,Foliage
LF,23040.0,1.9511998784702047,110.5955,110.61789999999999,22031.0,25520.0,Nyctalus leisleri,0.348,0.375,-1,Echolocation,192000.0,/mnt/ubna_data_06/recover-20251210/UBNA_032/20251203_165000.WAV,recover-20251210,UBNA_032,Foliage
LF,19200.0,10.613839332620934,273.5405,273.546,15156.0,26998.0,Plecotus auritus,0.354,0.405,-1,Echolocation,192000.0,/mnt/ubna_data_06/recover-20251210/UBNA_032/20251203_165000.WAV,recover-20251210,UBNA_032,Foliage
LF,22080.0,0.385880958237077,132.8995,132.9132,22031.0,27061.0,Nyctalus noctula,0.159,0.338,-1,Echolocation,192000.0,/mnt/ubna_data_06/recover-20251210/UBNA_032/20251203_175000.WAV,recover-20251210,UBNA_032,Foliage
LF,23040.0,-0.7392876444304244,271.2985,271.3185,21171.0,25305.0,Nyctalus leisleri,0.142,0.308,-1,Echolocation,192000.0,/mnt/ubna_data_06/recover-20251210/UBNA_032/20251203_175000.WAV,recover-20251210,UBNA_032,Foliage
LF,23040.0,9.370276476782886,27.2245,27.2453,22031.0,25221.0,Nyctalus leisleri,0.402,0.428,-1,Echolocation,192000.0,/mnt/ubna_data_06/recover-20251210/UBNA_032/20251203_191000.WAV,recover-20251210,UBNA_032,Foliage
LF,17280.0,6.557577511229406,291.7795,291.7915,11718.0,20605.0,Eptesicus serotinus,0.237,0.4,-1,Echolocation,192000.0,/mnt/ubna_data_06/recover-20251210/UBNA_032/20251203_195000.WAV,recover-20251210,UBNA_032,Foliage
LF,19200.0,4.322422659866172,136.0605,136.0662,15156.0,29008.0,Plecotus auritus,0.327,0.363,-1,Echolocation,192000.0,/mnt/ubna_data_06/recover-20251210/UBNA_032/20251203_210000.WAV,recover-20251210,UBNA_032,Foliage
LF,23040.0,5.775977227124921,137.0035,137.0102,17734.0,28912.0,Plecotus auritus,0.21,0.378,-1,Echolocation,192000.0,/mnt/ubna_data_06/recover-20251210/UBNA_032/20251203_210000.WAV,recover-20251210,UBNA_032,Foliage
LF,21120.0,11.076915257148098,222.9685,222.9746,15156.0,28421.0,Plecotus auritus,0.336,0.482,-1,Echolocation,192000.0,/mnt/ubna_data_06/recover-20251210/UBNA_032/20251203_210000.WAV,recover-20251210,UBNA_032,Foliage
LF,24000.0,9.172009672621627,188.8625,188.86860000000001,22031.0,34779.0,Plecotus austriacus,0.221,0.303,-1,Echolocation,192000.0,/mnt/ubna_data_06/recover-20251210/UBNA_032/20251203_223000.WAV,recover-20251210,UBNA_032,Foliage
LF,22080.0,7.1442686462768945,223.6645,223.6913,21171.0,24662.0,Nyctalus leisleri,0.354,0.371,-1,Echolocation,192000.0,/mnt/ubna_data_06/recover-20251210/UBNA_032/20251203_224000.WAV,recover-20251210,UBNA_032,Foliage
LF,23040.0,11.624998377623974,294.7325,294.761,21171.0,24934.0,Nyctalus leisleri,0.345,0.362,-1,Echolocation,192000.0,/mnt/ubna_data_06/recover-20251210/UBNA_032/20251203_224000.WAV,recover-20251210,UBNA_032,Foliage
LF,21120.0,9.789834960319219,294.8115,294.8395,20312.0,24340.0,Nyctalus leisleri,0.275,0.305,-1,Echolocation,192000.0,/mnt/ubna_data_06/recover-20251210/UBNA_032/20251203_224000.WAV,recover-20251210,UBNA_032,Foliage
LF,30720.0,0.24107791281448537,104.2245,104.2369,25468.0,29919.0,Nyctalus leisleri,0.174,0.31,-1,Echolocation,192000.0,/mnt/ubna_data_06/recover-20251210/UBNA_032/20251203_232000.WAV,recover-20251210,UBNA_032,Foliage
LF,26880.0,0.945885541602683,44.1185,44.1321,24609.0,29453.0,Nyctalus leisleri,0.167,0.321,-1,Echolocation,192000.0,/mnt/ubna_data_06/recover-20251210/UBNA_032/20251203_233000.WAV,recover-20251210,UBNA_032,Foliage
LF,23040.0,5.759554704446652,259.9665,259.9921,22031.0,24540.0,Nyctalus leisleri,0.297,0.317,-1,Echolocation,192000.0,/mnt/ubna_data_06/recover-20251210/UBNA_032/20251203_235000.WAV,recover-20251210,UBNA_032,Foliage
LF,23040.0,5.27780629724659,273.7325,273.7538,22890.0,26221.0,Nyctalus leisleri,0.337,0.379,-1,Echolocation,192000.0,/mnt/ubna_data_06/recover-20251210/UBNA_032/20251203_235000.WAV,recover-20251210,UBNA_032,Foliage
LF,23040.0,8.945491202496495,275.9305,275.9592,22031.0,24827.0,Nyctalus leisleri,0.355,0.37,-1,Echolocation,192000.0,/mnt/ubna_data_06/recover-20251210/UBNA_032/20251203_235000.WAV,recover-20251210,UBNA_032,Foliage
LF,19200.0,8.981809052498974,14.0725,14.0978,18593.0,21814.0,Nyctalus noctula,0.228,0.345,-1,Echolocation,192000.0,/mnt/ubna_data_06/recover-20251210/UBNA_032/20251204_003000.WAV,recover-20251210,UBNA_032,Foliage
LF,17280.0,12.690900084315611,18.6865,18.7007,11718.0,19842.0,Nyctalus leisleri,0.194,0.351,-1,Echolocation,192000.0,/mnt/ubna_data_06/recover-20251210/UBNA_032/20251204_003000.WAV,recover-20251210,UBNA_032,Foliage
LF,27840.0,1.1873695996046472,63.9175,63.9296,23750.0,29413.0,Nyctalus leisleri,0.14,0.305,-1,Echolocation,192000.0,/mnt/ubna_data_06/recover-20251210/UBNA_032/20251204_010000.WAV,recover-20251210,UBNA_032,Foliage
LF,23040.0,1.3763562843094617,152.3405,152.3567,22890.0,26705.0,Nyctalus leisleri,0.21,0.325,-1,Echolocation,192000.0,/mnt/ubna_data_06/recover-20251210/UBNA_032/20251204_022000.WAV,recover-20251210,UBNA_032,Foliage
LF,23040.0,2.210771993113987,152.5965,152.6129,22031.0,26731.0,Nyctalus leisleri,0.461,0.557,-1,Echolocation,192000.0,/mnt/ubna_data_06/recover-20251210/UBNA_032/20251204_022000.WAV,recover-20251210,UBNA_032,Foliage
LF,23040.0,1.3270613688803055,246.6215,246.633,22031.0,27944.0,Nyctalus noctula,0.117,0.349,-1,Echolocation,192000.0,/mnt/ubna_data_06/recover-20251210/UBNA_032/20251204_050000.WAV,recover-20251210,UBNA_032,Foliage
LF,23040.0,2.157029649105592,188.6005,188.6118,22890.0,29382.0,Nyctalus noctula,0.152,0.407,-1,Echolocation,192000.0,/mnt/ubna_data_06/recover-20251210/UBNA_032/20251204_084000.WAV,recover-20251210,UBNA_032,Foliage
HF,47040.0,1.2340991296708734,277.2425,277.2527,45234.0,49393.0,Pipistrellus pipistrellus,0.279,0.328,-1,Echolocation,192000.0,/mnt/ubna_data_06/recover-20251210/UBNA_032/20251204_093000.WAV,recover-20251210,UBNA_032,Foliage
LF,24960.0,0.8681248722308154,277.3445,277.3593,23750.0,28281.0,Nyctalus leisleri,0.185,0.31,-1,Echolocation,192000.0,/mnt/ubna_data_06/recover-20251210/UBNA_032/20251204_102000.WAV,recover-20251210,UBNA_032,Foliage
LF,19200.0,3.604112578632699,162.8445,162.8492,16875.0,31406.0,Plecotus auritus,0.256,0.323,-1,Echolocation,192000.0,/mnt/ubna_data_06/recover-20251210/UBNA_032/20251204_104000.WAV,recover-20251210,UBNA_032,Foliage
LF,24960.0,0.5956786112580592,39.5525,39.5655,22890.0,27552.0,Nyctalus leisleri,0.194,0.344,-1,Echolocation,192000.0,/mnt/ubna_data_06/recover-20251210/UBNA_032/20251204_110000.WAV,recover-20251210,UBNA_032,Foliage
LF,23040.0,0.7863513801761959,100.8075,100.8198,22031.0,28756.0,Nyctalus noctula,0.156,0.374,-1,Echolocation,192000.0,/mnt/ubna_data_06/recover-20251210/UBNA_032/20251204_120000.WAV,recover-20251210,UBNA_032,Foliage
LF,23040.0,-0.2460878877082305,182.0715,182.0874,22890.0,26391.0,Nyctalus leisleri,0.281,0.325,-1,Echolocation,192000.0,/mnt/ubna_data_06/recover-20251210/UBNA_032/20251204_123000.WAV,recover-20251210,UBNA_032,Foliage
LF,23040.0,9.20601068574339,102.6915,102.6995,22031.0,31608.0,Plecotus austriacus,0.209,0.304,-1,Echolocation,192000.0,/mnt/ubna_data_06/recover-20251210/UBNA_032/20251204_135000.WAV,recover-20251210,UBNA_032,Foliage
LF,24000.0,4.25445669003444,76.4105,76.41550000000001,22890.0,38149.0,Plecotus austriacus,0.31,0.352,-1,Echolocation,192000.0,/mnt/ubna_data_06/recover-20251210/UBNA_032/20251204_150000.WAV,recover-20251210,UBNA_032,Foliage
LF,24000.0,-4.758602827167337,145.98250000000002,145.9992,22890.0,27957.0,Nyctalus leisleri,0.244,0.368,-1,Echolocation,192000.0,/mnt/ubna_data_06/recover-20251210/UBNA_032/20251204_150000.WAV,recover-20251210,UBNA_032,Foliage
LF,23040.0,-16.053902796676365,15.3095,15.3212,23750.0,30142.0,Nyctalus leisleri,0.17,0.372,-1,Echolocation,192000.0,/mnt/ubna_data_06/recover-20251210/UBNA_032/20251204_153000.WAV,recover-20251210,UBNA_032,Foliage
LF,24000.0,7.135050368742856,132.1375,132.1433,22890.0,36571.0,Plecotus austriacus,0.284,0.337,-1,Echolocation,192000.0,/mnt/ubna_data_06/recover-20251210/UBNA_032/20251204_155000.WAV,recover-20251210,UBNA_032,Foliage
LF,25920.0,-2.0994948031430987,214.0285,214.0444,24609.0,28787.0,Nyctalus leisleri,0.209,0.317,-1,Echolocation,192000.0,/mnt/ubna_data_06/recover-20251210/UBNA_032/20251204_160000.WAV,recover-20251210,UBNA_032,Foliage
LF,25920.0,-7.7633077017976255,5.7665,5.7808,24609.0,29259.0,Nyctalus leisleri,0.197,0.313,-1,Echolocation,192000.0,/mnt/ubna_data_06/recover-20251210/UBNA_032/20251204_161000.WAV,recover-20251210,UBNA_032,Foliage
LF,23040.0,1.533447969871026,120.5685,120.5817,22890.0,28861.0,Nyctalus noctula,0.152,0.354,-1,Echolocation,192000.0,/mnt/ubna_data_06/recover-20251210/UBNA_032/20251204_171000.WAV,recover-20251210,UBNA_032,Foliage
LF,23040.0,-5.031447930954496,108.3825,108.3993,22890.0,28153.0,Nyctalus leisleri,0.213,0.374,-1,Echolocation,192000.0,/mnt/ubna_data_06/recover-20251210/UBNA_032/20251204_174000.WAV,recover-20251210,UBNA_032,Foliage
LF,24000.0,1.186908478333011,53.5285,53.5328,22031.0,38326.0,Plecotus austriacus,0.247,0.401,-1,Echolocation,192000.0,/mnt/ubna_data_06/recover-20251210/UBNA_032/20251204_190000.WAV,recover-20251210,UBNA_032,Foliage
LF,25920.0,6.564305309660687,58.933499999999995,58.9384,23750.0,35866.0,Plecotus austriacus,0.259,0.307,-1,Echolocation,192000.0,/mnt/ubna_data_06/recover-20251210/UBNA_032/20251204_191000.WAV,recover-20251210,UBNA_032,Foliage
LF,23040.0,1.146799744895698,171.5565,171.5632,22031.0,35107.0,Plecotus austriacus,0.264,0.317,-1,Echolocation,192000.0,/mnt/ubna_data_06/recover-20251210/UBNA_032/20251204_191000.WAV,recover-20251210,UBNA_032,Foliage
LF,22080.0,10.823573075421642,284.5515,284.5761,21171.0,23958.0,Nyctalus leisleri,0.26,0.322,-1,Echolocation,192000.0,/mnt/ubna_data_06/recover-20251210/UBNA_032/20251204_192000.WAV,recover-20251210,UBNA_032,Foliage
LF,24000.0,8.03158321228221,228.84550000000002,228.8568,22890.0,28951.0,Nyctalus leisleri,0.099,0.301,-1,Echolocation,192000.0,/mnt/ubna_data_06/recover-20251210/UBNA_032/20251204_194000.WAV,recover-20251210,UBNA_032,Foliage
LF,23040.0,1.9619863357287355,50.6175,50.621700000000004,22890.0,38909.0,Plecotus austriacus,0.252,0.311,-1,Echolocation,192000.0,/mnt/ubna_data_06/recover-20251210/UBNA_032/20251204_201000.WAV,recover-20251210,UBNA_032,Foliage
LF,18240.0,3.513954898022225,33.3375,33.3429,16015.0,32182.0,Plecotus auritus,0.248,0.336,-1,Echolocation,192000.0,/mnt/ubna_data_06/recover-20251210/UBNA_032/20251204_210000.WAV,recover-20251210,UBNA_032,Foliage
LF,22080.0,1.4076453080816238,92.8045,92.8272,21171.0,24780.0,Nyctalus leisleri,0.254,0.306,-1,Echolocation,192000.0,/mnt/ubna_data_06/recover-20251210/UBNA_032/20251204_210000.WAV,recover-20251210,UBNA_032,Foliage
LF,24000.0,22.24718871728467,101.0915,101.1,23750.0,33443.0,Nyctalus leisleri,0.299,0.47,-1,Echolocation,192000.0,/mnt/ubna_data_06/recover-20251210/UBNA_032/20251204_210000.WAV,recover-20251210,UBNA_032,Foliage
LF,22080.0,4.879971976373284,20.2735,20.2947,21171.0,24652.0,Nyctalus leisleri,0.274,0.359,-1,Echolocation,192000.0,/mnt/ubna_data_06/recover-20251210/UBNA_032/20251204_212000.WAV,recover-20251210,UBNA_032,Foliage
LF,22080.0,10.61968315881698,63.5215,63.5445,21171.0,24154.0,Nyctalus leisleri,0.432,0.458,-1,Echolocation,192000.0,/mnt/ubna_data_06/recover-20251210/UBNA_032/20251204_212000.WAV,recover-20251210,UBNA_032,Foliage
LF,23040.0,9.082482745605688,267.1445,267.1561,22890.0,30608.0,Nyctalus noctula,0.109,0.306,-1,Echolocation,192000.0,/mnt/ubna_data_06/recover-20251210/UBNA_032/20251204_212000.WAV,recover-20251210,UBNA_032,Foliage
LF,22080.0,10.467339528074028,2.7715,2.7969,21171.0,23722.0,Nyctalus leisleri,0.367,0.383,-1,Echolocation,192000.0,/mnt/ubna_data_06/recover-20251210/UBNA_032/20251204_213000.WAV,recover-20251210,UBNA_032,Foliage
LF,20160.0,15.264925432544217,83.0685,83.0943,19453.0,22053.0,Nyctalus noctula,0.225,0.317,-1,Echolocation,192000.0,/mnt/ubna_data_06/recover-20251210/UBNA_032/20251204_213000.WAV,recover-20251210,UBNA_032,Foliage
LF,22080.0,8.538186298413756,109.2185,109.236,21171.0,25340.0,Nyctalus leisleri,0.277,0.373,-1,Echolocation,192000.0,/mnt/ubna_data_06/recover-20251210/UBNA_032/20251204_213000.WAV,recover-20251210,UBNA_032,Foliage
LF,24000.0,0.9003674090042428,80.4755,80.4858,22031.0,30240.0,Nyctalus noctula,0.104,0.314,-1,Echolocation,192000.0,/mnt/ubna_data_06/recover-20251210/UBNA_032/20251204_214000.WAV,recover-20251210,UBNA_032,Foliage
LF,21120.0,11.238841733178875,128.3435,128.3673,20312.0,23065.0,Nyctalus leisleri,0.272,0.305,-1,Echolocation,192000.0,/mnt/ubna_data_06/recover-20251210/UBNA_032/20251204_220000.WAV,recover-20251210,UBNA_032,Foliage
LF,22080.0,8.877844154346665,297.9275,297.9474,22031.0,25180.0,Nyctalus leisleri,0.354,0.383,-1,Echolocation,192000.0,/mnt/ubna_data_06/recover-20251210/UBNA_032/20251204_220000.WAV,recover-20251210,UBNA_032,Foliage
LF,23040.0,0.18970798572818665,279.4525,279.4675,21171.0,26434.0,Nyctalus noctula,0.233,0.357,-1,Echolocation,192000.0,/mnt/ubna_data_06/recover-20251210/UBNA_032/20251204_233000.WAV,recover-20251210,UBNA_032,Foliage
LF,24960.0,2.233397329945881,121.0495,121.0543,22890.0,36045.0,Plecotus austriacus,0.287,0.356,-1,Echolocation,192000.0,/mnt/ubna_data_06/recover-20251210/UBNA_032/20251205_005000.WAV,recover-20251210,UBNA_032,Foliage
LF,23040.0,7.921801052902643,250.44650000000001,250.4593,22890.0,26076.0,Nyctalus leisleri,0.255,0.302,-1,Echolocation,192000.0,/mnt/ubna_data_06/recover-20251210/UBNA_032/20251205_012000.WAV,recover-20251210,UBNA_032,Foliage
LF,26880.0,4.474356949833358,85.1665,85.1763,23750.0,35396.0,Nyctalus leisleri,0.145,0.413,-1,Echolocation,192000.0,/mnt/ubna_data_06/recover-20251210/UBNA_032/20251205_014000.WAV,recover-20251210,UBNA_032,Foliage
LF,25920.0,10.366578204170057,127.0635,127.071,22890.0,30072.0,Plecotus austriacus,0.195,0.347,-1,Echolocation,192000.0,/mnt/ubna_data_06/recover-20251210/UBNA_032/20251205_024000.WAV,recover-20251210,UBNA_032,Foliage
LF,23040.0,-6.56672190473769,148.5685,148.5861,22890.0,28519.0,Nyctalus noctula,0.139,0.314,-1,Echolocation,192000.0,/mnt/ubna_data_06/recover-20251210/UBNA_032/20251205_024000.WAV,recover-20251210,UBNA_032,Foliage
LF,22080.0,4.857540662805125,227.8955,227.9085,22031.0,26333.0,Nyctalus leisleri,0.242,0.397,-1,Echolocation,192000.0,/mnt/ubna_data_06/recover-20251210/UBNA_032/20251205_033000.WAV,recover-20251210,UBNA_032,Foliage
LF,24960.0,6.190354078338116,278.5795,278.5927,23750.0,28604.0,Nyctalus leisleri,0.139,0.315,-1,Echolocation,192000.0,/mnt/ubna_data_06/recover-20251210/UBNA_032/20251205_034000.WAV,recover-20251210,UBNA_032,Foliage
LF,23040.0,1.7854703284605442,144.0285,144.0432,22031.0,26241.0,Nyctalus noctula,0.13,0.313,-1,Echolocation,192000.0,/mnt/ubna_data_06/recover-20251210/UBNA_032/20251205_054000.WAV,recover-20251210,UBNA_032,Foliage
LF,19200.0,0.8428076846616932,171.9565,171.9759,19453.0,23425.0,Nyctalus noctula,0.258,0.339,-1,Echolocation,192000.0,/mnt/ubna_data_06/recover-20251210/UBNA_032/20251205_061000.WAV,recover-20251210,UBNA_032,Foliage
LF,24000.0,3.4263602902374313,220.2495,220.2567,22031.0,31486.0,Plecotus austriacus,0.128,0.333,-1,Echolocation,192000.0,/mnt/ubna_data_06/recover-20251210/UBNA_032/20251205_061000.WAV,recover-20251210,UBNA_032,Foliage
LF,21120.0,-0.027044292971212094,150.7775,150.7954,20312.0,24614.0,Nyctalus noctula,0.184,0.335,-1,Echolocation,192000.0,/mnt/ubna_data_06/recover-20251210/UBNA_032/20251205_073000.WAV,recover-20251210,UBNA_032,Foliage
LF,24000.0,-0.27897948010625206,190.2525,190.2669,22890.0,28003.0,Nyctalus leisleri,0.156,0.35,-1,Echolocation,192000.0,/mnt/ubna_data_06/recover-20251210/UBNA_032/20251205_082000.WAV,recover-20251210,UBNA_032,Foliage
LF,26880.0,5.1258023778094675,247.1535,247.1615,23750.0,31946.0,Eptesicus serotinus,0.093,0.308,-1,Echolocation,192000.0,/mnt/ubna_data_06/recover-20251210/UBNA_032/20251205_083000.WAV,recover-20251210,UBNA_032,Foliage
LF,17280.0,11.991069793712366,106.5095,106.51429999999999,14296.0,40532.0,Plecotus auritus,0.251,0.3,-1,Echolocation,192000.0,/mnt/ubna_data_06/recover-20251210/UBNA_032/20251205_101000.WAV,recover-20251210,UBNA_032,Foliage
LF,23040.0,-7.626491972219453,297.3095,297.3222,22890.0,28119.0,Nyctalus leisleri,0.22,0.358,-1,Echolocation,192000.0,/mnt/ubna_data_06/recover-20251210/UBNA_032/20251205_101000.WAV,recover-20251210,UBNA_032,Foliage
LF,23040.0,0.7317425984338823,81.4685,81.4735,22890.0,38559.0,Plecotus austriacus,0.24,0.361,-1,Echolocation,192000.0,/mnt/ubna_data_06/recover-20251210/UBNA_032/20251205_103000.WAV,recover-20251210,UBNA_032,Foliage
LF,24000.0,3.6428536375582117,139.7265,139.7305,23750.0,39286.0,Plecotus austriacus,0.336,0.416,-1,Echolocation,192000.0,/mnt/ubna_data_06/recover-20251210/UBNA_032/20251205_103000.WAV,recover-20251210,UBNA_032,Foliage
LF,23040.0,2.7492771424586415,68.4885,68.4927,22031.0,38179.0,Plecotus austriacus,0.323,0.381,-1,Echolocation,192000.0,/mnt/ubna_data_06/recover-20251210/UBNA_032/20251205_105000.WAV,recover-20251210,UBNA_032,Foliage
LF,23040.0,5.52129395795692,70.4105,70.4144,16015.0,35701.0,Plecotus auritus,0.176,0.316,-1,Echolocation,192000.0,/mnt/ubna_data_06/recover-20251210/UBNA_032/20251205_111000.WAV,recover-20251210,UBNA_032,Foliage
LF,25920.0,-4.442901221954469,187.4645,187.4755,24609.0,29139.0,Eptesicus serotinus,0.17,0.347,-1,Echolocation,192000.0,/mnt/ubna_data_06/recover-20251210/UBNA_032/20251205_111000.WAV,recover-20251210,UBNA_032,Foliage
LF,23040.0,2.9021485109517386,92.2755,92.2797,21171.0,35193.0,Plecotus austriacus,0.217,0.324,-1,Echolocation,192000.0,/mnt/ubna_data_06/recover-20251210/UBNA_032/20251205_112000.WAV,recover-20251210,UBNA_032,Foliage
LF,23040.0,4.251582098857726,241.5845,241.5941,22031.0,29871.0,Nyctalus noctula,0.144,0.384,-1,Echolocation,192000.0,/mnt/ubna_data_06/recover-20251210/UBNA_032/20251205_112000.WAV,recover-20251210,UBNA_032,Foliage
LF,23040.0,2.211067878402904,229.4755,229.4886,23750.0,27869.0,Nyctalus leisleri,0.251,0.364,-1,Echolocation,192000.0,/mnt/ubna_data_06/recover-20251210/UBNA_032/20251205_113000.WAV,recover-20251210,UBNA_032,Foliage
LF,23040.0,1.8326406142778495,140.60750000000002,140.6172,22890.0,30912.0,Eptesicus serotinus,0.16,0.408,-1,Echolocation,192000.0,/mnt/ubna_data_06/recover-20251210/UBNA_032/20251205_114000.WAV,recover-20251210,UBNA_032,Foliage
LF,23040.0,5.2255913956440985,214.6695,214.6803,22890.0,29682.0,Eptesicus serotinus,0.211,0.431,-1,Echolocation,192000.0,/mnt/ubna_data_06/recover-20251210/UBNA_032/20251205_114000.WAV,recover-20251210,UBNA_032,Foliage
LF,23040.0,3.13157573827129,90.0675,90.0842,21171.0,26272.0,Nyctalus noctula,0.191,0.323,-1,Echolocation,192000.0,/mnt/ubna_data_06/recover-20251210/UBNA_032/20251205_121000.WAV,recover-20251210,UBNA_032,Foliage
LF,22080.0,4.159034636062349,115.35249999999999,115.3646,22890.0,29028.0,Nyctalus leisleri,0.117,0.313,-1,Echolocation,192000.0,/mnt/ubna_data_06/recover-20251210/UBNA_032/20251205_122000.WAV,recover-20251210,UBNA_032,Foliage
LF,24000.0,1.9526270980792402,234.6955,234.7071,22890.0,28865.0,Nyctalus leisleri,0.1,0.316,-1,Echolocation,192000.0,/mnt/ubna_data_06/recover-20251210/UBNA_032/20251205_143000.WAV,recover-20251210,UBNA_032,Foliage
LF,22080.0,4.502879659225776,72.2675,72.2817,22031.0,25800.0,Nyctalus leisleri,0.334,0.427,-1,Echolocation,192000.0,/mnt/ubna_data_06/recover-20251210/UBNA_032/20251205_154000.WAV,recover-20251210,UBNA_032,Foliage
LF,17280.0,10.788459060763408,213.5005,213.5249,16015.0,19862.0,Nyctalus noctula,0.236,0.308,-1,Echolocation,192000.0,/mnt/ubna_data_06/recover-20251210/UBNA_032/20251205_154000.WAV,recover-20251210,UBNA_032,Foliage
LF,23040.0,10.666598662100913,261.2325,261.2462,22890.0,29957.0,Nyctalus noctula,0.136,0.374,-1,Echolocation,192000.0,/mnt/ubna_data_06/recover-20251210/UBNA_032/20251205_160000.WAV,recover-20251210,UBNA_032,Foliage
LF,25920.0,7.086969027749057,296.0195,296.0294,22890.0,30213.0,Nyctalus leisleri,0.124,0.307,-1,Echolocation,192000.0,/mnt/ubna_data_06/recover-20251210/UBNA_032/20251205_161000.WAV,recover-20251210,UBNA_032,Foliage
LF,24960.0,-1.479797658426071,231.1015,231.1136,23750.0,28694.0,Nyctalus leisleri,0.192,0.383,-1,Echolocation,192000.0,/mnt/ubna_data_06/recover-20251210/UBNA_032/20251205_162000.WAV,recover-20251210,UBNA_032,Foliage
LF,24000.0,-5.191153311099102,175.9845,175.9948,22890.0,30292.0,Eptesicus serotinus,0.204,0.335,-1,Echolocation,192000.0,/mnt/ubna_data_06/recover-20251210/UBNA_032/20251205_170000.WAV,recover-20251210,UBNA_032,Foliage
LF,23040.0,3.16276638370942,126.1925,126.2033,22890.0,29350.0,Nyctalus noctula,0.109,0.328,-1,Echolocation,192000.0,/mnt/ubna_data_06/recover-20251210/UBNA_032/20251205_172000.WAV,recover-20251210,UBNA_032,Foliage
LF,23040.0,3.045469322283716,164.2855,164.2967,22890.0,29050.0,Nyctalus noctula,0.124,0.36,-1,Echolocation,192000.0,/mnt/ubna_data_06/recover-20251210/UBNA_032/20251205_172000.WAV,recover-20251210,UBNA_032,Foliage
LF,24960.0,5.750304376688944,82.51050000000001,82.5228,22890.0,29591.0,Eptesicus serotinus,0.124,0.314,-1,Echolocation,192000.0,/mnt/ubna_data_06/recover-20251210/UBNA_032/20251205_175000.WAV,recover-20251210,UBNA_032,Foliage
LF,24000.0,2.9126403300854493,11.2025,11.2133,22031.0,29399.0,Nyctalus noctula,0.197,0.439,-1,Echolocation,192000.0,/mnt/ubna_data_06/recover-20251210/UBNA_032/20251205_183000.WAV,recover-20251210,UBNA_032,Foliage
LF,23040.0,2.2414597505141867,234.8865,234.8976,22890.0,28774.0,Eptesicus serotinus,0.168,0.417,-1,Echolocation,192000.0,/mnt/ubna_data_06/recover-20251210/UBNA_032/20251205_183000.WAV,recover-20251210,UBNA_032,Foliage
LF,23040.0,2.5419693485611687,4.2415,4.2513,22890.0,30845.0,Eptesicus serotinus,0.181,0.406,-1,Echolocation,192000.0,/mnt/ubna_data_06/recover-20251210/UBNA_032/20251205_184000.WAV,recover-20251210,UBNA_032,Foliage
LF,24000.0,0.7864600047162386,186.2935,186.3026,22890.0,31685.0,Eptesicus serotinus,0.107,0.352,-1,Echolocation,192000.0,/mnt/ubna_data_06/recover-20251210/UBNA_032/20251205_184000.WAV,recover-20251210,UBNA_032,Foliage
LF,23040.0,3.2528928168496978,213.2015,213.2084,22031.0,32814.0,Plecotus austriacus,0.154,0.327,-1,Echolocation,192000.0,/mnt/ubna_data_06/recover-20251210/UBNA_032/20251205_184000.WAV,recover-20251210,UBNA_032,Foliage
LF,24000.0,0.2654639446454938,38.2815,38.292,24609.0,30169.0,Eptesicus serotinus,0.126,0.321,-1,Echolocation,192000.0,/mnt/ubna_data_06/recover-20251210/UBNA_032/20251205_191000.WAV,recover-20251210,UBNA_032,Foliage
LF,24000.0,1.0482496032906181,108.0795,108.0838,23750.0,44319.0,Plecotus auritus,0.162,0.307,-1,Echolocation,192000.0,/mnt/ubna_data_06/recover-20251210/UBNA_032/20251205_191000.WAV,recover-20251210,UBNA_032,Foliage
LF,24000.0,1.297408000445528,93.3965,93.407,24609.0,31106.0,Eptesicus serotinus,0.129,0.329,-1,Echolocation,192000.0,/mnt/ubna_data_06/recover-20251210/UBNA_032/20251205_200000.WAV,recover-20251210,UBNA_032,Foliage
LF,24960.0,7.181034059433515,129.1575,129.1698,23750.0,29877.0,Eptesicus serotinus,0.193,0.319,-1,Echolocation,192000.0,/mnt/ubna_data_06/recover-20251210/UBNA_032/20251205_202000.WAV,recover-20251210,UBNA_032,Foliage
LF,26880.0,3.1781354699186415,143.4535,143.4609,27187.0,35834.0,Eptesicus serotinus,0.21,0.346,-1,Echolocation,192000.0,/mnt/ubna_data_06/recover-20251210/UBNA_032/20251205_205000.WAV,recover-20251210,UBNA_032,Foliage
LF,24000.0,3.160472261645189,284.3335,284.3469,22890.0,27259.0,Nyctalus leisleri,0.214,0.345,-1,Echolocation,192000.0,/mnt/ubna_data_06/recover-20251210/UBNA_032/20251205_205000.WAV,recover-20251210,UBNA_032,Foliage
LF,24000.0,1.3379315103081093,93.3235,93.3344,23750.0,29877.0,Eptesicus serotinus,0.178,0.408,-1,Echolocation,192000.0,/mnt/ubna_data_06/recover-20251210/UBNA_032/20251205_212000.WAV,recover-20251210,UBNA_032,Foliage
LF,24000.0,1.6727909632918505,117.6845,117.6961,25468.0,32136.0,Eptesicus serotinus,0.187,0.303,-1,Echolocation,192000.0,/mnt/ubna_data_06/recover-20251210/UBNA_032/20251205_213000.WAV,recover-20251210,UBNA_032,Foliage
LF,24000.0,2.627704503036364,37.8875,37.8981,22890.0,29760.0,Eptesicus serotinus,0.099,0.316,-1,Echolocation,192000.0,/mnt/ubna_data_06/recover-20251210/UBNA_032/20251205_214000.WAV,recover-20251210,UBNA_032,Foliage
LF,23040.0,1.1148453630296526,276.2505,276.2608,22890.0,28979.0,Nyctalus leisleri,0.118,0.358,-1,Echolocation,192000.0,/mnt/ubna_data_06/recover-20251210/UBNA_032/20251205_214000.WAV,recover-20251210,UBNA_032,Foliage
LF,23040.0,2.9438342865900857,170.1285,170.13909999999998,22031.0,28506.0,Nyctalus noctula,0.157,0.363,-1,Echolocation,192000.0,/mnt/ubna_data_06/recover-20251210/UBNA_032/20251205_215000.WAV,recover-20251210,UBNA_032,Foliage
LF,23040.0,5.265251688040612,139.1445,139.1497,21171.0,34761.0,Plecotus austriacus,0.246,0.373,-1,Echolocation,192000.0,/mnt/ubna_data_06/recover-20251210/UBNA_032/20251205_221000.WAV,recover-20251210,UBNA_032,Foliage
LF,23040.0,2.2004540096450924,159.2185,159.2296,23750.0,29257.0,Nyctalus leisleri,0.135,0.371,-1,Echolocation,192000.0,/mnt/ubna_data_06/recover-20251210/UBNA_032/20251205_225000.WAV,recover-20251210,UBNA_032,Foliage
LF,24000.0,2.0228450380674765,181.3545,181.3645,23750.0,29876.0,Eptesicus serotinus,0.196,0.369,-1,Echolocation,192000.0,/mnt/ubna_data_06/recover-20251210/UBNA_032/20251205_230000.WAV,recover-20251210,UBNA_032,Foliage
LF,24960.0,4.866706566738075,279.0495,279.0618,23750.0,30037.0,Nyctalus leisleri,0.175,0.358,-1,Echolocation,192000.0,/mnt/ubna_data_06/recover-20251210/UBNA_032/20251205_230000.WAV,recover-20251210,UBNA_032,Foliage
LF,24000.0,0.012870966397888511,283.6255,283.6382,23750.0,29892.0,Eptesicus serotinus,0.113,0.321,-1,Echolocation,192000.0,/mnt/ubna_data_06/recover-20251210/UBNA_032/20251205_234000.WAV,recover-20251210,UBNA_032,Foliage
LF,23040.0,-0.8907004487849189,298.0045,298.0159,22890.0,30053.0,Nyctalus leisleri,0.103,0.327,-1,Echolocation,192000.0,/mnt/ubna_data_06/recover-20251210/UBNA_032/20251205_235000.WAV,recover-20251210,UBNA_032,Foliage
LF,24960.0,4.997325062684384,66.3975,66.4115,23750.0,28212.0,Nyctalus leisleri,0.241,0.373,-1,Echolocation,192000.0,/mnt/ubna_data_06/recover-20251210/UBNA_032/20251206_010000.WAV,recover-20251210,UBNA_032,Foliage
LF,23040.0,2.7210405551656676,112.8225,112.8306,23750.0,32934.0,Eptesicus serotinus,0.151,0.327,-1,Echolocation,192000.0,/mnt/ubna_data_06/recover-20251210/UBNA_032/20251206_020000.WAV,recover-20251210,UBNA_032,Foliage
LF,19200.0,1.9235226687551352,176.9865,176.9916,17734.0,33326.0,Plecotus auritus,0.188,0.347,-1,Echolocation,192000.0,/mnt/ubna_data_06/recover-20251210/UBNA_032/20251206_020000.WAV,recover-20251210,UBNA_032,Foliage
LF,23040.0,1.3592106747879076,151.5105,151.518,22031.0,32648.0,Plecotus auritus,0.092,0.323,-1,Echolocation,192000.0,/mnt/ubna_data_06/recover-20251210/UBNA_032/20251206_021000.WAV,recover-20251210,UBNA_032,Foliage
LF,24000.0,2.828777824340008,257.7925,257.7962,25468.0,42596.0,Plecotus austriacus,0.152,0.304,-1,Echolocation,192000.0,/mnt/ubna_data_06/recover-20251210/UBNA_032/20251206_022000.WAV,recover-20251210,UBNA_032,Foliage
LF,28800.0,3.055036456850834,129.3755,129.3848,27187.0,33637.0,Eptesicus serotinus,0.227,0.347,-1,Echolocation,192000.0,/mnt/ubna_data_06/recover-20251210/UBNA_032/20251206_023000.WAV,recover-20251210,UBNA_032,Foliage
LF,24000.0,1.7803434907683824,257.3315,257.3447,24609.0,30583.0,Eptesicus serotinus,0.147,0.303,-1,Echolocation,192000.0,/mnt/ubna_data_06/recover-20251210/UBNA_032/20251206_023000.WAV,recover-20251210,UBNA_032,Foliage
LF,24000.0,3.51531243616746,259.6715,259.6851,22890.0,28039.0,Nyctalus leisleri,0.105,0.31,-1,Echolocation,192000.0,/mnt/ubna_data_06/recover-20251210/UBNA_032/20251206_023000.WAV,recover-20251210,UBNA_032,Foliage
LF,24000.0,3.1516043150356547,15.0345,15.039,22031.0,33890.0,Plecotus austriacus,0.23,0.33,-1,Echolocation,192000.0,/mnt/ubna_data_06/recover-20251210/UBNA_032/20251206_030000.WAV,recover-20251210,UBNA_032,Foliage
HF,45120.0,2.2551517076309366,122.3015,122.3057,40937.0,71906.0,Myotis bechsteinii,0.13,0.326,-1,Echolocation,192000.0,/mnt/ubna_data_06/recover-20251210/UBNA_032/20251206_031000.WAV,recover-20251210,UBNA_032,Foliage
LF,24000.0,1.8673597465912621,149.1495,149.154,23750.0,42380.0,Plecotus austriacus,0.214,0.32,-1,Echolocation,192000.0,/mnt/ubna_data_06/recover-20251210/UBNA_032/20251206_031000.WAV,recover-20251210,UBNA_032,Foliage
LF,25920.0,6.301913137292835,80.57849999999999,80.5842,22890.0,34091.0,Plecotus austriacus,0.251,0.323,-1,Echolocation,192000.0,/mnt/ubna_data_06/recover-20251210/UBNA_032/20251206_033000.WAV,recover-20251210,UBNA_032,Foliage
LF,24960.0,1.8739930419981412,17.3265,17.3326,22890.0,32447.0,Plecotus austriacus,0.195,0.321,-1,Echolocation,192000.0,/mnt/ubna_data_06/recover-20251210/UBNA_032/20251206_034000.WAV,recover-20251210,UBNA_032,Foliage
LF,23040.0,1.2067745112139285,149.9845,149.9917,18593.0,28384.0,Plecotus austriacus,0.121,0.322,-1,Echolocation,192000.0,/mnt/ubna_data_06/recover-20251210/UBNA_032/20251206_034000.WAV,recover-20251210,UBNA_032,Foliage
LF,23040.0,6.4382764107167425,58.5905,58.6001,21171.0,29454.0,Nyctalus noctula,0.151,0.43,-1,Echolocation,192000.0,/mnt/ubna_data_06/recover-20251210/UBNA_032/20251206_041000.WAV,recover-20251210,UBNA_032,Foliage
LF,23040.0,1.9912719925456712,139.54149999999998,139.5509,23750.0,32049.0,Eptesicus serotinus,0.122,0.307,-1,Echolocation,192000.0,/mnt/ubna_data_06/recover-20251210/UBNA_032/20251206_041000.WAV,recover-20251210,UBNA_032,Foliage
LF,24000.0,2.321632158985041,123.7115,123.7227,23750.0,29927.0,Eptesicus serotinus,0.12,0.316,-1,Echolocation,192000.0,/mnt/ubna_data_06/recover-20251210/UBNA_032/20251206_042000.WAV,recover-20251210,UBNA_032,Foliage
LF,24960.0,6.330151004692764,123.8065,123.8157,25468.0,33429.0,Eptesicus serotinus,0.231,0.362,-1,Echolocation,192000.0,/mnt/ubna_data_06/recover-20251210/UBNA_032/20251206_044000.WAV,recover-20251210,UBNA_032,Foliage
LF,23040.0,3.242156808963395,147.9345,147.9485,22890.0,26768.0,Nyctalus leisleri,0.174,0.302,-1,Echolocation,192000.0,/mnt/ubna_data_06/recover-20251210/UBNA_032/20251206_051000.WAV,recover-20251210,UBNA_032,Foliage
LF,23040.0,11.822461588933756,45.9725,45.985,22890.0,28374.0,Nyctalus leisleri,0.113,0.302,-1,Echolocation,192000.0,/mnt/ubna_data_06/recover-20251210/UBNA_032/20251206_054000.WAV,recover-20251210,UBNA_032,Foliage
LF,24000.0,3.3058609640783034,282.8785,282.883,22890.0,38659.0,Plecotus austriacus,0.265,0.325,-1,Echolocation,192000.0,/mnt/ubna_data_06/recover-20251210/UBNA_032/20251206_054000.WAV,recover-20251210,UBNA_032,Foliage
LF,24000.0,-0.025501812340682446,20.3035,20.3116,24609.0,33957.0,Eptesicus serotinus,0.114,0.36,-1,Echolocation,192000.0,/mnt/ubna_data_06/recover-20251210/UBNA_032/20251206_062000.WAV,recover-20251210,UBNA_032,Foliage
LF,20160.0,0.7541590712218895,182.6255,182.6443,20312.0,23802.0,Nyctalus noctula,0.217,0.325,-1,Echolocation,192000.0,/mnt/ubna_data_06/recover-20251210/UBNA_032/20251206_063000.WAV,recover-20251210,UBNA_032,Foliage
LF,23040.0,5.34225161572377,117.9045,117.9247,19453.0,24254.0,Nyctalus noctula,0.163,0.319,-1,Echolocation,192000.0,/mnt/ubna_data_06/recover-20251210/UBNA_032/20251206_064000.WAV,recover-20251210,UBNA_032,Foliage
LF,25920.0,3.031750681638972,207.1905,207.1977,25468.0,35950.0,Eptesicus serotinus,0.197,0.374,-1,Echolocation,192000.0,/mnt/ubna_data_06/recover-20251210/UBNA_032/20251206_064000.WAV,recover-20251210,UBNA_032,Foliage
LF,25920.0,4.8800111891927775,170.8725,170.8831,25468.0,30631.0,Eptesicus serotinus,0.131,0.325,-1,Echolocation,192000.0,/mnt/ubna_data_06/recover-20251210/UBNA_032/20251206_071000.WAV,recover-20251210,UBNA_032,Foliage
LF,24000.0,9.56005590938859,106.67150000000001,106.6848,22890.0,28926.0,Nyctalus leisleri,0.113,0.343,-1,Echolocation,192000.0,/mnt/ubna_data_06/recover-20251210/UBNA_032/20251206_073000.WAV,recover-20251210,UBNA_032,Foliage
LF,25920.0,0.26511088772298286,2.0235,2.0338,24609.0,31658.0,Eptesicus serotinus,0.183,0.386,-1,Echolocation,192000.0,/mnt/ubna_data_06/recover-20251210/UBNA_032/20251206_074000.WAV,recover-20251210,UBNA_032,Foliage
LF,28800.0,2.4384421047998406,100.1275,100.1357,27187.0,34625.0,Eptesicus serotinus,0.181,0.328,-1,Echolocation,192000.0,/mnt/ubna_data_06/recover-20251210/UBNA_032/20251206_074000.WAV,recover-20251210,UBNA_032,Foliage
LF,30720.0,2.8171778927572837,261.6415,261.6522,28046.0,34278.0,Eptesicus serotinus,0.242,0.347,-1,Echolocation,192000.0,/mnt/ubna_data_06/recover-20251210/UBNA_032/20251206_074000.WAV,recover-20251210,UBNA_032,Foliage
LF,21120.0,2.8664793447410215,295.2805,295.2857,16015.0,32480.0,Plecotus auritus,0.251,0.311,-1,Echolocation,192000.0,/mnt/ubna_data_06/recover-20251210/UBNA_032/20251206_074000.WAV,recover-20251210,UBNA_032,Foliage
LF,24000.0,3.407436048286632,23.5495,23.5588,22890.0,30444.0,Eptesicus serotinus,0.131,0.301,-1,Echolocation,192000.0,/mnt/ubna_data_06/recover-20251210/UBNA_032/20251206_080000.WAV,recover-20251210,UBNA_032,Foliage
LF,24000.0,2.388803002307575,29.5805,29.5966,22890.0,27930.0,Nyctalus leisleri,0.144,0.315,-1,Echolocation,192000.0,/mnt/ubna_data_06/recover-20251210/UBNA_032/20251206_080000.WAV,recover-20251210,UBNA_032,Foliage
LF,23040.0,0.7293752325717779,18.8045,18.8151,22890.0,29773.0,Nyctalus noctula,0.118,0.354,-1,Echolocation,192000.0,/mnt/ubna_data_06/recover-20251210/UBNA_032/20251206_082000.WAV,recover-20251210,UBNA_032,Foliage
LF,20160.0,3.702794584031746,27.7445,27.7501,16875.0,30181.0,Plecotus auritus,0.193,0.303,-1,Echolocation,192000.0,/mnt/ubna_data_06/recover-20251210/UBNA_032/20251206_082000.WAV,recover-20251210,UBNA_032,Foliage
LF,24000.0,2.156418326004736,69.9335,69.9451,22031.0,28750.0,Nyctalus noctula,0.135,0.334,-1,Echolocation,192000.0,/mnt/ubna_data_06/recover-20251210/UBNA_032/20251206_082000.WAV,recover-20251210,UBNA_032,Foliage
LF,23040.0,7.944307017342025,103.6245,103.6368,23750.0,29088.0,Nyctalus leisleri,0.223,0.4,-1,Echolocation,192000.0,/mnt/ubna_data_06/recover-20251210/UBNA_032/20251206_085000.WAV,recover-20251210,UBNA_032,Foliage
LF,24000.0,3.8975181026748835,245.5415,245.554,22890.0,27408.0,Nyctalus leisleri,0.2,0.368,-1,Echolocation,192000.0,/mnt/ubna_data_06/recover-20251210/UBNA_032/20251206_093000.WAV,recover-20251210,UBNA_032,Foliage
LF,24000.0,9.940333500486696,16.0305,16.036,21171.0,35911.0,Plecotus austriacus,0.276,0.349,-1,Echolocation,192000.0,/mnt/ubna_data_06/recover-20251210/UBNA_032/20251206_102000.WAV,recover-20251210,UBNA_032,Foliage
LF,23040.0,2.515734410037156,177.65449999999998,177.6667,22890.0,28978.0,Eptesicus serotinus,0.168,0.337,-1,Echolocation,192000.0,/mnt/ubna_data_06/recover-20251210/UBNA_032/20251206_114000.WAV,recover-20251210,UBNA_032,Foliage
LF,30720.0,1.1739740521853916,184.3105,184.3216,25468.0,31156.0,Eptesicus serotinus,0.155,0.32,-1,Echolocation,192000.0,/mnt/ubna_data_06/recover-20251210/UBNA_032/20251206_121000.WAV,recover-20251210,UBNA_032,Foliage
HF,46080.0,1.1948733232754791,50.2255,50.2382,46093.0,49063.0,Pipistrellus pipistrellus,0.249,0.306,-1,Echolocation,192000.0,/mnt/ubna_data_06/recover-20251210/UBNA_032/20251206_124000.WAV,recover-20251210,UBNA_032,Foliage
LF,24960.0,3.321606012070601,241.1105,241.1237,23750.0,28937.0,Nyctalus leisleri,0.179,0.384,-1,Echolocation,192000.0,/mnt/ubna_data_06/recover-20251210/UBNA_032/20251206_131000.WAV,recover-20251210,UBNA_032,Foliage
LF,24000.0,2.1209858166915616,249.1055,249.1206,23750.0,27747.0,Nyctalus leisleri,0.261,0.389,-1,Echolocation,192000.0,/mnt/ubna_data_06/recover-20251210/UBNA_032/20251206_131000.WAV,recover-20251210,UBNA_032,Foliage
LF,24960.0,-0.31605903758370996,250.32150000000001,250.3352,23750.0,29082.0,Nyctalus leisleri,0.183,0.418,-1,Echolocation,192000.0,/mnt/ubna_data_06/recover-20251210/UBNA_032/20251206_131000.WAV,recover-20251210,UBNA_032,Foliage
LF,24960.0,5.091142126725641,252.55349999999999,252.5654,24609.0,30876.0,Nyctalus leisleri,0.353,0.663,-1,Echolocation,192000.0,/mnt/ubna_data_06/recover-20251210/UBNA_032/20251206_131000.WAV,recover-20251210,UBNA_032,Foliage
LF,24000.0,5.741896312021797,255.8655,255.8773,23750.0,28512.0,Nyctalus leisleri,0.407,0.618,-1,Echolocation,192000.0,/mnt/ubna_data_06/recover-20251210/UBNA_032/20251206_131000.WAV,recover-20251210,UBNA_032,Foliage
LF,24000.0,2.7750147368068396,256.3855,256.3973,23750.0,30194.0,Eptesicus serotinus,0.268,0.475,-1,Echolocation,192000.0,/mnt/ubna_data_06/recover-20251210/UBNA_032/20251206_131000.WAV,recover-20251210,UBNA_032,Foliage
LF,24960.0,0.5381236238004747,257.2375,257.2505,23750.0,29085.0,Nyctalus leisleri,0.199,0.387,-1,Echolocation,192000.0,/mnt/ubna_data_06/recover-20251210/UBNA_032/20251206_131000.WAV,recover-20251210,UBNA_032,Foliage
LF,24960.0,1.8548163833101825,258.9025,258.9167,23750.0,27892.0,Nyctalus leisleri,0.243,0.352,-1,Echolocation,192000.0,/mnt/ubna_data_06/recover-20251210/UBNA_032/20251206_131000.WAV,recover-20251210,UBNA_032,Foliage
LF,24960.0,2.2013495488168484,260.2845,260.297,23750.0,28981.0,Nyctalus leisleri,0.193,0.395,-1,Echolocation,192000.0,/mnt/ubna_data_06/recover-20251210/UBNA_032/20251206_131000.WAV,recover-20251210,UBNA_032,Foliage
LF,24000.0,2.320684138931532,260.5725,260.5868,23750.0,28740.0,Nyctalus leisleri,0.283,0.474,-1,Echolocation,192000.0,/mnt/ubna_data_06/recover-20251210/UBNA_032/20251206_131000.WAV,recover-20251210,UBNA_032,Foliage
LF,24000.0,5.186820375751817,260.7375,260.7521,23750.0,28081.0,Nyctalus leisleri,0.495,0.626,-1,Echolocation,192000.0,/mnt/ubna_data_06/recover-20251210/UBNA_032/20251206_131000.WAV,recover-20251210,UBNA_032,Foliage
LF,24960.0,3.24456225118877,260.9285,260.9416,23750.0,29189.0,Nyctalus leisleri,0.244,0.51,-1,Echolocation,192000.0,/mnt/ubna_data_06/recover-20251210/UBNA_032/20251206_131000.WAV,recover-20251210,UBNA_032,Foliage
LF,24000.0,3.2892597595799544,261.2095,261.2274,23750.0,28048.0,Nyctalus leisleri,0.19,0.301,-1,Echolocation,192000.0,/mnt/ubna_data_06/recover-20251210/UBNA_032/20251206_131000.WAV,recover-20251210,UBNA_032,Foliage
LF,24000.0,2.223565071532217,262.2975,262.3115,22890.0,27221.0,Nyctalus leisleri,0.462,0.557,-1,Echolocation,192000.0,/mnt/ubna_data_06/recover-20251210/UBNA_032/20251206_131000.WAV,recover-20251210,UBNA_032,Foliage
LF,24000.0,2.8245127207940772,262.8455,262.8603,22890.0,27902.0,Nyctalus leisleri,0.23,0.382,-1,Echolocation,192000.0,/mnt/ubna_data_06/recover-20251210/UBNA_032/20251206_131000.WAV,recover-20251210,UBNA_032,Foliage
LF,23040.0,3.564573177873562,15.6355,15.6479,22890.0,28835.0,Eptesicus serotinus,0.138,0.371,-1,Echolocation,192000.0,/mnt/ubna_data_06/recover-20251210/UBNA_032/20251206_135000.WAV,recover-20251210,UBNA_032,Foliage
LF,23040.0,4.638264488838662,112.4145,112.4272,22890.0,27617.0,Nyctalus leisleri,0.163,0.326,-1,Echolocation,192000.0,/mnt/ubna_data_06/recover-20251210/UBNA_032/20251206_140000.WAV,recover-20251210,UBNA_032,Foliage
LF,24000.0,1.4868825402367531,261.9605,261.9749,22890.0,27436.0,Nyctalus leisleri,0.165,0.306,-1,Echolocation,192000.0,/mnt/ubna_data_06/recover-20251210/UBNA_032/20251206_141000.WAV,recover-20251210,UBNA_032,Foliage
LF,23040.0,2.0017266129113747,123.6155,123.6284,22031.0,27026.0,Nyctalus leisleri,0.127,0.315,-1,Echolocation,192000.0,/mnt/ubna_data_06/recover-20251210/UBNA_032/20251206_144000.WAV,recover-20251210,UBNA_032,Foliage
LF,28800.0,2.003827862924566,28.7625,28.7701,26328.0,34153.0,Eptesicus serotinus,0.155,0.384,-1,Echolocation,192000.0,/mnt/ubna_data_06/recover-20251210/UBNA_032/20251206_150000.WAV,recover-20251210,UBNA_032,Foliage
LF,22080.0,3.8941271245545037,196.2535,196.2599,20312.0,31212.0,Plecotus austriacus,0.166,0.323,-1,Echolocation,192000.0,/mnt/ubna_data_06/recover-20251210/UBNA_032/20251206_150000.WAV,recover-20251210,UBNA_032,Foliage
LF,24000.0,0.41903566468905246,227.4795,227.4883,23750.0,30300.0,Eptesicus serotinus,0.153,0.309,-1,Echolocation,192000.0,/mnt/ubna_data_06/recover-20251210/UBNA_032/20251206_151000.WAV,recover-20251210,UBNA_032,Foliage
LF,24000.0,0.5034756161620539,174.6225,174.6334,23750.0,30504.0,Nyctalus noctula,0.119,0.356,-1,Echolocation,192000.0,/mnt/ubna_data_06/recover-20251210/UBNA_032/20251206_152000.WAV,recover-20251210,UBNA_032,Foliage
LF,24000.0,2.2944765294455323,285.0295,285.0346,23750.0,37703.0,Plecotus austriacus,0.276,0.344,-1,Echolocation,192000.0,/mnt/ubna_data_06/recover-20251210/UBNA_032/20251206_152000.WAV,recover-20251210,UBNA_032,Foliage
LF,23040.0,3.5817314379870964,155.2165,155.22,22890.0,40938.0,Plecotus austriacus,0.213,0.326,-1,Echolocation,192000.0,/mnt/ubna_data_06/recover-20251210/UBNA_032/20251206_153000.WAV,recover-20251210,UBNA_032,Foliage
LF,24000.0,3.327812556940618,290.6645,290.6696,20312.0,35016.0,Plecotus austriacus,0.201,0.365,-1,Echolocation,192000.0,/mnt/ubna_data_06/recover-20251210/UBNA_032/20251206_153000.WAV,recover-20251210,UBNA_032,Foliage
LF,22080.0,0.1706971381018419,26.0275,26.0441,22031.0,25536.0,Nyctalus leisleri,0.281,0.35,-1,Echolocation,192000.0,/mnt/ubna_data_06/recover-20251210/UBNA_032/20251206_155000.WAV,recover-20251210,UBNA_032,Foliage
LF,18240.0,3.0397858669568496,198.0235,198.0469,17734.0,21441.0,Nyctalus noctula,0.227,0.308,-1,Echolocation,192000.0,/mnt/ubna_data_06/recover-20251210/UBNA_032/20251206_155000.WAV,recover-20251210,UBNA_032,Foliage
LF,23040.0,4.585904620672348,28.7725,28.7849,22890.0,28885.0,Nyctalus leisleri,0.115,0.314,-1,Echolocation,192000.0,/mnt/ubna_data_06/recover-20251210/UBNA_032/20251206_160000.WAV,recover-20251210,UBNA_032,Foliage
LF,24000.0,2.795732298055937,38.0415,38.054,22890.0,27263.0,Nyctalus leisleri,0.152,0.308,-1,Echolocation,192000.0,/mnt/ubna_data_06/recover-20251210/UBNA_032/20251206_163000.WAV,recover-20251210,UBNA_032,Foliage
LF,24960.0,3.458824226823042,68.5135,68.5264,23750.0,28124.0,Nyctalus leisleri,0.169,0.304,-1,Echolocation,192000.0,/mnt/ubna_data_06/recover-20251210/UBNA_032/20251206_164000.WAV,recover-20251210,UBNA_032,Foliage
LF,22080.0,1.5614233249087528,219.4395,219.4555,21171.0,26094.0,Nyctalus noctula,0.163,0.345,-1,Echolocation,192000.0,/mnt/ubna_data_06/recover-20251210/UBNA_032/20251206_165000.WAV,recover-20251210,UBNA_032,Foliage
LF,23040.0,2.076938553761963,125.4945,125.5054,22031.0,30179.0,Nyctalus noctula,0.123,0.309,-1,Echolocation,192000.0,/mnt/ubna_data_06/recover-20251210/UBNA_032/20251206_174000.WAV,recover-20251210,UBNA_032,Foliage
LF,23040.0,3.7515324427396797,131.1025,131.1119,24609.0,32706.0,Eptesicus serotinus,0.174,0.335,-1,Echolocation,192000.0,/mnt/ubna_data_06/recover-20251210/UBNA_032/20251206_190000.WAV,recover-20251210,UBNA_032,Foliage
LF,24000.0,2.5653692396511127,71.0285,71.0411,22890.0,28381.0,Eptesicus serotinus,0.122,0.304,-1,Echolocation,192000.0,/mnt/ubna_data_06/recover-20251210/UBNA_032/20251206_191000.WAV,recover-20251210,UBNA_032,Foliage
LF,23040.0,-1.2390948005380078,181.4675,181.4796,22890.0,29755.0,Eptesicus serotinus,0.098,0.313,-1,Echolocation,192000.0,/mnt/ubna_data_06/recover-20251210/UBNA_032/20251206_191000.WAV,recover-20251210,UBNA_032,Foliage
LF,24000.0,4.498924288934875,107.7445,107.75059999999999,23750.0,35769.0,Plecotus austriacus,0.136,0.31,-1,Echolocation,192000.0,/mnt/ubna_data_06/recover-20251210/UBNA_032/20251206_193000.WAV,recover-20251210,UBNA_032,Foliage
LF,24960.0,9.255192631644615,63.6145,63.6229,22890.0,31039.0,Eptesicus serotinus,0.144,0.317,-1,Echolocation,192000.0,/mnt/ubna_data_06/recover-20251210/UBNA_032/20251206_194000.WAV,recover-20251210,UBNA_032,Foliage
LF,23040.0,2.845704641956095,68.5675,68.5803,22890.0,28991.0,Nyctalus noctula,0.127,0.321,-1,Echolocation,192000.0,/mnt/ubna_data_06/recover-20251210/UBNA_032/20251206_203000.WAV,recover-20251210,UBNA_032,Foliage
LF,24960.0,2.4974143899994323,182.9325,182.9446,23750.0,29701.0,Eptesicus serotinus,0.166,0.322,-1,Echolocation,192000.0,/mnt/ubna_data_06/recover-20251210/UBNA_032/20251206_203000.WAV,recover-20251210,UBNA_032,Foliage
LF,24000.0,0.8339488788879384,34.0625,34.0729,23750.0,29559.0,Eptesicus serotinus,0.154,0.404,-1,Echolocation,192000.0,/mnt/ubna_data_06/recover-20251210/UBNA_032/20251206_204000.WAV,recover-20251210,UBNA_032,Foliage
LF,23040.0,2.107273382546489,272.5795,272.5954,22031.0,26939.0,Nyctalus noctula,0.186,0.378,-1,Echolocation,192000.0,/mnt/ubna_data_06/recover-20251210/UBNA_032/20251206_204000.WAV,recover-20251210,UBNA_032,Foliage
LF,24000.0,-1.1943928085070346,79.0185,79.0314,23750.0,28545.0,Nyctalus leisleri,0.156,0.3,-1,Echolocation,192000.0,/mnt/ubna_data_06/recover-20251210/UBNA_032/20251206_205000.WAV,recover-20251210,UBNA_032,Foliage
LF,23040.0,5.828484659624854,297.5605,297.5719,22031.0,28663.0,Nyctalus noctula,0.159,0.356,-1,Echolocation,192000.0,/mnt/ubna_data_06/recover-20251210/UBNA_032/20251206_205000.WAV,recover-20251210,UBNA_032,Foliage
LF,24960.0,6.243523981643575,137.8775,137.8821,21171.0,37504.0,Plecotus auritus,0.189,0.335,-1,Echolocation,192000.0,/mnt/ubna_data_06/recover-20251210/UBNA_032/20251206_210000.WAV,recover-20251210,UBNA_032,Foliage
LF,24000.0,5.378836241378866,214.8785,214.8897,23750.0,29118.0,Eptesicus serotinus,0.155,0.37,-1,Echolocation,192000.0,/mnt/ubna_data_06/recover-20251210/UBNA_032/20251206_210000.WAV,recover-20251210,UBNA_032,Foliage
LF,23040.0,14.723159988667959,32.4945,32.5022,22031.0,31119.0,Plecotus austriacus,0.142,0.303,-1,Echolocation,192000.0,/mnt/ubna_data_06/recover-20251210/UBNA_032/20251206_211000.WAV,recover-20251210,UBNA_032,Foliage
LF,23040.0,3.5576983019041384,79.6735,79.67920000000001,22890.0,34741.0,Plecotus austriacus,0.177,0.313,-1,Echolocation,192000.0,/mnt/ubna_data_06/recover-20251210/UBNA_032/20251206_211000.WAV,recover-20251210,UBNA_032,Foliage
LF,23040.0,1.0784092085425834,181.4445,181.454,23750.0,30647.0,Eptesicus serotinus,0.101,0.309,-1,Echolocation,192000.0,/mnt/ubna_data_06/recover-20251210/UBNA_032/20251206_212000.WAV,recover-20251210,UBNA_032,Foliage
LF,23040.0,5.624943861362594,207.5255,207.5377,22890.0,28062.0,Eptesicus serotinus,0.13,0.354,-1,Echolocation,192000.0,/mnt/ubna_data_06/recover-20251210/UBNA_032/20251206_212000.WAV,recover-20251210,UBNA_032,Foliage
LF,23040.0,2.283593774510513,110.0035,110.0089,22890.0,34562.0,Plecotus austriacus,0.258,0.304,-1,Echolocation,192000.0,/mnt/ubna_data_06/recover-20251210/UBNA_032/20251206_214000.WAV,recover-20251210,UBNA_032,Foliage
LF,23040.0,3.498457432215574,176.8775,176.8901,22890.0,29885.0,Eptesicus serotinus,0.119,0.307,-1,Echolocation,192000.0,/mnt/ubna_data_06/recover-20251210/UBNA_032/20251206_220000.WAV,recover-20251210,UBNA_032,Foliage
LF,24000.0,7.1933959306623185,196.6885,196.6971,23750.0,31910.0,Nyctalus leisleri,0.108,0.391,-1,Echolocation,192000.0,/mnt/ubna_data_06/recover-20251210/UBNA_032/20251206_223000.WAV,recover-20251210,UBNA_032,Foliage
LF,27840.0,0.363026855237624,194.3315,194.3424,26328.0,31274.0,Eptesicus serotinus,0.14,0.321,-1,Echolocation,192000.0,/mnt/ubna_data_06/recover-20251210/UBNA_032/20251206_224000.WAV,recover-20251210,UBNA_032,Foliage
LF,23040.0,1.8075871056584445,26.8395,26.8515,23750.0,28750.0,Nyctalus leisleri,0.158,0.335,-1,Echolocation,192000.0,/mnt/ubna_data_06/recover-20251210/UBNA_032/20251206_225000.WAV,recover-20251210,UBNA_032,Foliage
LF,23040.0,2.939363807595297,116.5155,116.5267,22890.0,29013.0,Nyctalus leisleri,0.111,0.321,-1,Echolocation,192000.0,/mnt/ubna_data_06/recover-20251210/UBNA_032/20251206_230000.WAV,recover-20251210,UBNA_032,Foliage
LF,24000.0,2.322222989049408,295.5615,295.5742,23750.0,28257.0,Nyctalus leisleri,0.164,0.302,-1,Echolocation,192000.0,/mnt/ubna_data_06/recover-20251210/UBNA_032/20251206_234000.WAV,recover-20251210,UBNA_032,Foliage
LF,24000.0,1.298962015299629,72.9685,72.9786,23750.0,31280.0,Eptesicus serotinus,0.143,0.331,-1,Echolocation,192000.0,/mnt/ubna_data_06/recover-20251210/UBNA_032/20251206_235000.WAV,recover-20251210,UBNA_032,Foliage
LF,24000.0,2.6028221493496604,136.4395,136.4558,23750.0,28694.0,Nyctalus leisleri,0.172,0.315,-1,Echolocation,192000.0,/mnt/ubna_data_06/recover-20251210/UBNA_032/20251206_235000.WAV,recover-20251210,UBNA_032,Foliage
LF,23040.0,4.633202967665488,132.7285,132.7395,24609.0,31114.0,Eptesicus serotinus,0.132,0.333,-1,Echolocation,192000.0,/mnt/ubna_data_06/recover-20251210/UBNA_032/20251207_001000.WAV,recover-20251210,UBNA_032,Foliage
LF,22080.0,3.8151206435444656,196.2905,196.3144,20312.0,25141.0,Nyctalus noctula,0.196,0.303,-1,Echolocation,192000.0,/mnt/ubna_data_06/recover-20251210/UBNA_032/20251207_003000.WAV,recover-20251210,UBNA_032,Foliage
LF,18240.0,8.005137904971368,233.3055,233.3302,17734.0,20296.0,Nyctalus noctula,0.257,0.329,-1,Echolocation,192000.0,/mnt/ubna_data_06/recover-20251210/UBNA_032/20251207_003000.WAV,recover-20251210,UBNA_032,Foliage
LF,19200.0,3.580444986859797,235.3155,235.3402,18593.0,21710.0,Nyctalus noctula,0.238,0.317,-1,Echolocation,192000.0,/mnt/ubna_data_06/recover-20251210/UBNA_032/20251207_003000.WAV,recover-20251210,UBNA_032,Foliage
LF,23040.0,1.7168186615166205,298.1635,298.1775,22890.0,28393.0,Eptesicus serotinus,0.101,0.314,-1,Echolocation,192000.0,/mnt/ubna_data_06/recover-20251210/UBNA_032/20251207_004000.WAV,recover-20251210,UBNA_032,Foliage
LF,22080.0,1.2369704509252748,223.9145,223.9271,22890.0,28402.0,Nyctalus noctula,0.149,0.352,-1,Echolocation,192000.0,/mnt/ubna_data_06/recover-20251210/UBNA_032/20251207_011000.WAV,recover-20251210,UBNA_032,Foliage
HF,41280.0,2.7800733871643937,68.3125,68.3194,39218.0,53594.0,Pipistrellus nathusii,0.296,0.399,-1,Echolocation,192000.0,/mnt/ubna_data_06/recover-20251210/UBNA_032/20251207_022000.WAV,recover-20251210,UBNA_032,Foliage
HF,42240.0,3.9218552680987977,68.4045,68.413,40078.0,50891.0,Pipistrellus nathusii,0.527,0.62,-1,Echolocation,192000.0,/mnt/ubna_data_06/recover-20251210/UBNA_032/20251207_022000.WAV,recover-20251210,UBNA_032,Foliage
HF,41280.0,6.965757708130138,68.4965,68.5037,40078.0,51357.0,Pipistrellus nathusii,0.452,0.554,-1,Echolocation,192000.0,/mnt/ubna_data_06/recover-20251210/UBNA_032/20251207_022000.WAV,recover-20251210,UBNA_032,Foliage
HF,41280.0,3.0347556183745543,68.5835,68.5904,40078.0,48124.0,Pipistrellus nathusii,0.402,0.451,-1,Echolocation,192000.0,/mnt/ubna_data_06/recover-20251210/UBNA_032/20251207_022000.WAV,recover-20251210,UBNA_032,Foliage
HF,40320.0,4.941538933129133,68.6785,68.6863,39218.0,54612.0,Pipistrellus nathusii,0.52,0.593,-1,Echolocation,192000.0,/mnt/ubna_data_06/recover-20251210/UBNA_032/20251207_022000.WAV,recover-20251210,UBNA_032,Foliage
HF,39360.0,11.36455484275835,68.8495,68.8574,38359.0,50411.0,Pipistrellus nathusii,0.607,0.703,-1,Echolocation,192000.0,/mnt/ubna_data_06/recover-20251210/UBNA_032/20251207_022000.WAV,recover-20251210,UBNA_032,Foliage
HF,41280.0,8.79407837689363,68.9425,68.9513,38359.0,52685.0,Pipistrellus nathusii,0.507,0.634,-1,Echolocation,192000.0,/mnt/ubna_data_06/recover-20251210/UBNA_032/20251207_022000.WAV,recover-20251210,UBNA_032,Foliage
HF,40320.0,10.202489512684142,69.1135,69.1209,39218.0,51119.0,Pipistrellus nathusii,0.627,0.679,-1,Echolocation,192000.0,/mnt/ubna_data_06/recover-20251210/UBNA_032/20251207_022000.WAV,recover-20251210,UBNA_032,Foliage
HF,39360.0,9.719126037658622,69.2115,69.2178,38359.0,52952.0,Pipistrellus nathusii,0.544,0.629,-1,Echolocation,192000.0,/mnt/ubna_data_06/recover-20251210/UBNA_032/20251207_022000.WAV,recover-20251210,UBNA_032,Foliage
HF,39360.0,6.925698013683429,69.3945,69.4029,39218.0,46327.0,Pipistrellus nathusii,0.651,0.687,-1,Echolocation,192000.0,/mnt/ubna_data_06/recover-20251210/UBNA_032/20251207_022000.WAV,recover-20251210,UBNA_032,Foliage
HF,39360.0,14.901248799935296,69.4935,69.5019,37500.0,51281.0,Pipistrellus nathusii,0.343,0.552,-1,Echolocation,192000.0,/mnt/ubna_data_06/recover-20251210/UBNA_032/20251207_022000.WAV,recover-20251210,UBNA_032,Foliage
HF,39360.0,16.00284146232766,69.6825,69.6899,37500.0,50917.0,Pipistrellus nathusii,0.552,0.635,-1,Echolocation,192000.0,/mnt/ubna_data_06/recover-20251210/UBNA_032/20251207_022000.WAV,recover-20251210,UBNA_032,Foliage
HF,39360.0,16.05005565336562,69.7805,69.7882,38359.0,54069.0,Pipistrellus nathusii,0.504,0.67,-1,Echolocation,192000.0,/mnt/ubna_data_06/recover-20251210/UBNA_032/20251207_022000.WAV,recover-20251210,UBNA_032,Foliage
HF,39360.0,17.18354632453668,69.9645,69.9723,37500.0,51955.0,Pipistrellus nathusii,0.546,0.633,-1,Echolocation,192000.0,/mnt/ubna_data_06/recover-20251210/UBNA_032/20251207_022000.WAV,recover-20251210,UBNA_032,Foliage
HF,38400.0,13.26795554235279,70.0605,70.0684,36640.0,54030.0,Pipistrellus nathusii,0.538,0.63,-1,Echolocation,192000.0,/mnt/ubna_data_06/recover-20251210/UBNA_032/20251207_022000.WAV,recover-20251210,UBNA_032,Foliage
HF,40320.0,12.55558472255659,70.2415,70.2509,38359.0,55360.0,Pipistrellus nathusii,0.569,0.677,-1,Echolocation,192000.0,/mnt/ubna_data_06/recover-20251210/UBNA_032/20251207_022000.WAV,recover-20251210,UBNA_032,Foliage
HF,39360.0,18.349716055672314,70.3385,70.3454,37500.0,57742.0,Pipistrellus nathusii,0.491,0.581,-1,Echolocation,192000.0,/mnt/ubna_data_06/recover-20251210/UBNA_032/20251207_022000.WAV,recover-20251210,UBNA_032,Foliage
HF,38400.0,17.113011143598804,70.51650000000001,70.5257,37500.0,52938.0,Pipistrellus nathusii,0.6,0.67,-1,Echolocation,192000.0,/mnt/ubna_data_06/recover-20251210/UBNA_032/20251207_022000.WAV,recover-20251210,UBNA_032,Foliage
HF,39360.0,19.559746612538444,70.6105,70.6186,37500.0,59598.0,Pipistrellus nathusii,0.469,0.6,-1,Echolocation,192000.0,/mnt/ubna_data_06/recover-20251210/UBNA_032/20251207_022000.WAV,recover-20251210,UBNA_032,Foliage
HF,38400.0,20.777366197602642,70.7865,70.7953,36640.0,60778.0,Pipistrellus nathusii,0.517,0.572,-1,Echolocation,192000.0,/mnt/ubna_data_06/recover-20251210/UBNA_032/20251207_022000.WAV,recover-20251210,UBNA_032,Foliage
HF,39360.0,22.07188126453954,70.8815,70.8895,36640.0,63683.0,Pipistrellus nathusii,0.502,0.574,-1,Echolocation,192000.0,/mnt/ubna_data_06/recover-20251210/UBNA_032/20251207_022000.WAV,recover-20251210,UBNA_032,Foliage
HF,39360.0,23.142651704380135,71.0605,71.0686,37500.0,62381.0,Pipistrellus nathusii,0.663,0.701,-1,Echolocation,192000.0,/mnt/ubna_data_06/recover-20251210/UBNA_032/20251207_022000.WAV,recover-20251210,UBNA_032,Foliage
HF,39360.0,24.80428666803379,71.1555,71.1636,36640.0,63471.0,Pipistrellus nathusii,0.51,0.619,-1,Echolocation,192000.0,/mnt/ubna_data_06/recover-20251210/UBNA_032/20251207_022000.WAV,recover-20251210,UBNA_032,Foliage
HF,39360.0,25.328837785589915,71.3375,71.3464,36640.0,64752.0,Pipistrellus nathusii,0.513,0.574,-1,Echolocation,192000.0,/mnt/ubna_data_06/recover-20251210/UBNA_032/20251207_022000.WAV,recover-20251210,UBNA_032,Foliage
HF,39360.0,25.62061614217505,71.4355,71.4433,37500.0,67625.0,Pipistrellus nathusii,0.558,0.638,-1,Echolocation,192000.0,/mnt/ubna_data_06/recover-20251210/UBNA_032/20251207_022000.WAV,recover-20251210,UBNA_032,Foliage
HF,40320.0,22.901220149444647,71.6135,71.621,38359.0,64785.0,Pipistrellus nathusii,0.68,0.742,-1,Echolocation,192000.0,/mnt/ubna_data_06/recover-20251210/UBNA_032/20251207_022000.WAV,recover-20251210,UBNA_032,Foliage
HF,41280.0,22.766231226626047,71.7055,71.7124,39218.0,66392.0,Pipistrellus nathusii,0.576,0.667,-1,Echolocation,192000.0,/mnt/ubna_data_06/recover-20251210/UBNA_032/20251207_022000.WAV,recover-20251210,UBNA_032,Foliage
HF,40320.0,17.700511864635647,71.7935,71.8008,37500.0,60601.0,Pipistrellus nathusii,0.452,0.592,-1,Echolocation,192000.0,/mnt/ubna_data_06/recover-20251210/UBNA_032/20251207_022000.WAV,recover-20251210,UBNA_032,Foliage
HF,41280.0,18.22380145770796,71.8895,71.8969,40078.0,62433.0,Pipistrellus nathusii,0.53,0.67,-1,Echolocation,192000.0,/mnt/ubna_data_06/recover-20251210/UBNA_032/20251207_022000.WAV,recover-20251210,UBNA_032,Foliage
HF,41280.0,15.97397687645196,71.9805,71.9878,39218.0,60095.0,Pipistrellus nathusii,0.581,0.7,-1,Echolocation,192000.0,/mnt/ubna_data_06/recover-20251210/UBNA_032/20251207_022000.WAV,recover-20251210,UBNA_032,Foliage
HF,40320.0,25.907032842760863,72.1545,72.1618,37500.0,68071.0,Pipistrellus nathusii,0.387,0.544,-1,Echolocation,192000.0,/mnt/ubna_data_06/recover-20251210/UBNA_032/20251207_022000.WAV,recover-20251210,UBNA_032,Foliage
HF,41280.0,13.893052221868727,72.25450000000001,72.2616,39218.0,57790.0,Pipistrellus nathusii,0.377,0.534,-1,Echolocation,192000.0,/mnt/ubna_data_06/recover-20251210/UBNA_032/20251207_022000.WAV,recover-20251210,UBNA_032,Foliage
HF,42240.0,18.832832496945002,72.3555,72.3626,39218.0,65283.0,Pipistrellus nathusii,0.465,0.635,-1,Echolocation,192000.0,/mnt/ubna_data_06/recover-20251210/UBNA_032/20251207_022000.WAV,recover-20251210,UBNA_032,Foliage
HF,42240.0,13.492602697334593,72.4505,72.4571,40078.0,61228.0,Pipistrellus nathusii,0.502,0.596,-1,Echolocation,192000.0,/mnt/ubna_data_06/recover-20251210/UBNA_032/20251207_022000.WAV,recover-20251210,UBNA_032,Foliage
HF,41280.0,20.489044939846885,72.5405,72.5484,38359.0,63127.0,Pipistrellus nathusii,0.379,0.549,-1,Echolocation,192000.0,/mnt/ubna_data_06/recover-20251210/UBNA_032/20251207_022000.WAV,recover-20251210,UBNA_032,Foliage
HF,41280.0,20.394772874132162,72.6285,72.63550000000001,38359.0,61107.0,Pipistrellus nathusii,0.322,0.534,-1,Echolocation,192000.0,/mnt/ubna_data_06/recover-20251210/UBNA_032/20251207_022000.WAV,recover-20251210,UBNA_032,Foliage
HF,42240.0,19.49159247965139,72.7225,72.7296,39218.0,64877.0,Pipistrellus nathusii,0.343,0.566,-1,Echolocation,192000.0,/mnt/ubna_data_06/recover-20251210/UBNA_032/20251207_022000.WAV,recover-20251210,UBNA_032,Foliage
HF,42240.0,19.007835359063915,72.8135,72.8202,38359.0,62930.0,Pipistrellus nathusii,0.349,0.51,-1,Echolocation,192000.0,/mnt/ubna_data_06/recover-20251210/UBNA_032/20251207_022000.WAV,recover-20251210,UBNA_032,Foliage
HF,41280.0,22.143324406593123,72.9065,72.9134,38359.0,67072.0,Pipistrellus nathusii,0.386,0.552,-1,Echolocation,192000.0,/mnt/ubna_data_06/recover-20251210/UBNA_032/20251207_022000.WAV,recover-20251210,UBNA_032,Foliage
HF,40320.0,20.296457659435077,73.0015,73.0084,37500.0,62431.0,Pipistrellus nathusii,0.281,0.496,-1,Echolocation,192000.0,/mnt/ubna_data_06/recover-20251210/UBNA_032/20251207_022000.WAV,recover-20251210,UBNA_032,Foliage
HF,40320.0,26.303361111504774,73.0935,73.1014,37500.0,66384.0,Pipistrellus nathusii,0.322,0.491,-1,Echolocation,192000.0,/mnt/ubna_data_06/recover-20251210/UBNA_032/20251207_022000.WAV,recover-20251210,UBNA_032,Foliage
HF,40320.0,23.766496674371453,73.1845,73.19200000000001,36640.0,61139.0,Pipistrellus nathusii,0.271,0.451,-1,Echolocation,192000.0,/mnt/ubna_data_06/recover-20251210/UBNA_032/20251207_022000.WAV,recover-20251210,UBNA_032,Foliage
HF,39360.0,27.70574758792055,73.2785,73.2857,36640.0,65135.0,Pipistrellus nathusii,0.324,0.445,-1,Echolocation,192000.0,/mnt/ubna_data_06/recover-20251210/UBNA_032/20251207_022000.WAV,recover-20251210,UBNA_032,Foliage
HF,40320.0,20.547682286021136,73.3775,73.3845,36640.0,65097.0,Pipistrellus nathusii,0.285,0.459,-1,Echolocation,192000.0,/mnt/ubna_data_06/recover-20251210/UBNA_032/20251207_022000.WAV,recover-20251210,UBNA_032,Foliage
HF,39360.0,27.95596893507355,73.5555,73.5627,36640.0,66833.0,Pipistrellus nathusii,0.49,0.535,-1,Echolocation,192000.0,/mnt/ubna_data_06/recover-20251210/UBNA_032/20251207_022000.WAV,recover-20251210,UBNA_032,Foliage
HF,39360.0,25.58689424061896,73.6565,73.6638,37500.0,64102.0,Pipistrellus nathusii,0.386,0.542,-1,Echolocation,192000.0,/mnt/ubna_data_06/recover-20251210/UBNA_032/20251207_022000.WAV,recover-20251210,UBNA_032,Foliage
HF,41280.0,17.09179141036556,73.7585,73.7652,39218.0,67350.0,Pipistrellus nathusii,0.309,0.503,-1,Echolocation,192000.0,/mnt/ubna_data_06/recover-20251210/UBNA_032/20251207_022000.WAV,recover-20251210,UBNA_032,Foliage
HF,40320.0,14.110956044959352,73.8535,73.8601,39218.0,61623.0,Pipistrellus nathusii,0.321,0.535,-1,Echolocation,192000.0,/mnt/ubna_data_06/recover-20251210/UBNA_032/20251207_022000.WAV,recover-20251210,UBNA_032,Foliage
HF,41280.0,14.373119214893318,73.9475,73.9546,39218.0,65093.0,Pipistrellus nathusii,0.418,0.591,-1,Echolocation,192000.0,/mnt/ubna_data_06/recover-20251210/UBNA_032/20251207_022000.WAV,recover-20251210,UBNA_032,Foliage
HF,48000.0,13.384587963802542,74.0375,74.0441,39218.0,59648.0,Pipistrellus nathusii,0.369,0.564,-1,Echolocation,192000.0,/mnt/ubna_data_06/recover-20251210/UBNA_032/20251207_022000.WAV,recover-20251210,UBNA_032,Foliage
HF,45120.0,14.239897834433666,74.1315,74.1389,38359.0,61575.0,Pipistrellus nathusii,0.427,0.592,-1,Echolocation,192000.0,/mnt/ubna_data_06/recover-20251210/UBNA_032/20251207_022000.WAV,recover-20251210,UBNA_032,Foliage
HF,45120.0,7.797951712421469,74.2235,74.2296,41796.0,59270.0,Pipistrellus nathusii,0.244,0.524,-1,Echolocation,192000.0,/mnt/ubna_data_06/recover-20251210/UBNA_032/20251207_022000.WAV,recover-20251210,UBNA_032,Foliage
HF,44160.0,9.349967155934474,74.3205,74.3256,42656.0,59161.0,Pipistrellus nathusii,0.39,0.592,-1,Echolocation,192000.0,/mnt/ubna_data_06/recover-20251210/UBNA_032/20251207_022000.WAV,recover-20251210,UBNA_032,Foliage
HF,43200.0,10.508619017812366,74.4115,74.4174,41796.0,58616.0,Pipistrellus nathusii,0.344,0.533,-1,Echolocation,192000.0,/mnt/ubna_data_06/recover-20251210/UBNA_032/20251207_022000.WAV,recover-20251210,UBNA_032,Foliage
HF,44160.0,12.454879326760535,74.5035,74.5102,41796.0,59624.0,Pipistrellus nathusii,0.273,0.511,-1,Echolocation,192000.0,/mnt/ubna_data_06/recover-20251210/UBNA_032/20251207_022000.WAV,recover-20251210,UBNA_032,Foliage
HF,43200.0,12.074732558376319,74.5985,74.6055,40937.0,57764.0,Pipistrellus nathusii,0.276,0.506,-1,Echolocation,192000.0,/mnt/ubna_data_06/recover-20251210/UBNA_032/20251207_022000.WAV,recover-20251210,UBNA_032,Foliage
HF,42240.0,12.712540756977992,74.6945,74.6998,40937.0,58592.0,Pipistrellus nathusii,0.477,0.576,-1,Echolocation,192000.0,/mnt/ubna_data_06/recover-20251210/UBNA_032/20251207_022000.WAV,recover-20251210,UBNA_032,Foliage
HF,43200.0,12.073837899396773,74.7855,74.7926,40078.0,58536.0,Pipistrellus nathusii,0.376,0.62,-1,Echolocation,192000.0,/mnt/ubna_data_06/recover-20251210/UBNA_032/20251207_022000.WAV,recover-20251210,UBNA_032,Foliage
HF,41280.0,16.237713692763144,74.87950000000001,74.8856,39218.0,60716.0,Pipistrellus nathusii,0.48,0.62,-1,Echolocation,192000.0,/mnt/ubna_data_06/recover-20251210/UBNA_032/20251207_022000.WAV,recover-20251210,UBNA_032,Foliage
HF,43200.0,11.35120410579292,74.9765,74.9825,37500.0,53098.0,Pipistrellus nathusii,0.346,0.541,-1,Echolocation,192000.0,/mnt/ubna_data_06/recover-20251210/UBNA_032/20251207_022000.WAV,recover-20251210,UBNA_032,Foliage
HF,42240.0,15.793460014325582,75.1505,75.1568,38359.0,58197.0,Pipistrellus nathusii,0.618,0.671,-1,Echolocation,192000.0,/mnt/ubna_data_06/recover-20251210/UBNA_032/20251207_022000.WAV,recover-20251210,UBNA_032,Foliage
HF,38400.0,7.457119762358117,75.2475,75.2542,37500.0,52043.0,Pipistrellus nathusii,0.433,0.567,-1,Echolocation,192000.0,/mnt/ubna_data_06/recover-20251210/UBNA_032/20251207_022000.WAV,recover-20251210,UBNA_032,Foliage
HF,39360.0,10.307498588493305,75.4285,75.437,38359.0,54791.0,Pipistrellus nathusii,0.485,0.664,-1,Echolocation,192000.0,/mnt/ubna_data_06/recover-20251210/UBNA_032/20251207_022000.WAV,recover-20251210,UBNA_032,Foliage
HF,39360.0,5.903381627561096,75.5275,75.535,36640.0,49420.0,Pipistrellus nathusii,0.444,0.558,-1,Echolocation,192000.0,/mnt/ubna_data_06/recover-20251210/UBNA_032/20251207_022000.WAV,recover-20251210,UBNA_032,Foliage
HF,38400.0,8.662541263703506,75.7055,75.7153,38359.0,54443.0,Pipistrellus nathusii,0.493,0.607,-1,Echolocation,192000.0,/mnt/ubna_data_06/recover-20251210/UBNA_032/20251207_022000.WAV,recover-20251210,UBNA_032,Foliage
HF,38400.0,3.6267681281208985,75.8055,75.8122,37500.0,45597.0,Pipistrellus nathusii,0.539,0.573,-1,Echolocation,192000.0,/mnt/ubna_data_06/recover-20251210/UBNA_032/20251207_022000.WAV,recover-20251210,UBNA_032,Foliage
HF,38400.0,7.959463170485206,75.9845,75.9923,37500.0,52152.0,Pipistrellus nathusii,0.566,0.686,-1,Echolocation,192000.0,/mnt/ubna_data_06/recover-20251210/UBNA_032/20251207_022000.WAV,recover-20251210,UBNA_032,Foliage
HF,41280.0,13.383920365645528,76.0805,76.08930000000001,37500.0,53449.0,Pipistrellus nathusii,0.452,0.555,-1,Echolocation,192000.0,/mnt/ubna_data_06/recover-20251210/UBNA_032/20251207_022000.WAV,recover-20251210,UBNA_032,Foliage
HF,44160.0,3.1067832651426412,76.1815,76.1909,37500.0,46857.0,Pipistrellus nathusii,0.314,0.458,-1,Echolocation,192000.0,/mnt/ubna_data_06/recover-20251210/UBNA_032/20251207_022000.WAV,recover-20251210,UBNA_032,Foliage
HF,40320.0,6.890909980107768,76.27850000000001,76.2872,37500.0,50689.0,Pipistrellus nathusii,0.504,0.596,-1,Echolocation,192000.0,/mnt/ubna_data_06/recover-20251210/UBNA_032/20251207_022000.WAV,recover-20251210,UBNA_032,Foliage
HF,38400.0,1.7994201412626223,76.3745,76.3843,36640.0,42542.0,Pipistrellus nathusii,0.329,0.386,-1,Echolocation,192000.0,/mnt/ubna_data_06/recover-20251210/UBNA_032/20251207_022000.WAV,recover-20251210,UBNA_032,Foliage
HF,38400.0,3.6821465435005645,76.5525,76.5642,38359.0,47859.0,Pipistrellus nathusii,0.446,0.528,-1,Echolocation,192000.0,/mnt/ubna_data_06/recover-20251210/UBNA_032/20251207_022000.WAV,recover-20251210,UBNA_032,Foliage
LF,23040.0,0.3670135956795006,129.6735,129.6848,22890.0,28116.0,Nyctalus noctula,0.114,0.309,-1,Echolocation,192000.0,/mnt/ubna_data_06/recover-20251210/UBNA_032/20251207_024000.WAV,recover-20251210,UBNA_032,Foliage
LF,24000.0,4.116789797650795,171.9025,171.9121,22890.0,29958.0,Eptesicus serotinus,0.121,0.358,-1,Echolocation,192000.0,/mnt/ubna_data_06/recover-20251210/UBNA_032/20251207_034000.WAV,recover-20251210,UBNA_032,Foliage
LF,23040.0,4.841085942243696,75.6595,75.6679,22031.0,30285.0,Plecotus austriacus,0.113,0.374,-1,Echolocation,192000.0,/mnt/ubna_data_06/recover-20251210/UBNA_032/20251207_043000.WAV,recover-20251210,UBNA_032,Foliage
LF,23040.0,3.0025868003091247,100.6745,100.6854,21171.0,27715.0,Nyctalus noctula,0.168,0.36,-1,Echolocation,192000.0,/mnt/ubna_data_06/recover-20251210/UBNA_032/20251207_052000.WAV,recover-20251210,UBNA_032,Foliage
LF,24000.0,3.1036017159053353,56.5085,56.519800000000004,23750.0,29500.0,Eptesicus serotinus,0.149,0.319,-1,Echolocation,192000.0,/mnt/ubna_data_06/recover-20251210/UBNA_032/20251207_061000.WAV,recover-20251210,UBNA_032,Foliage
LF,23040.0,6.501860806079564,63.2225,63.2359,23750.0,28481.0,Nyctalus leisleri,0.156,0.312,-1,Echolocation,192000.0,/mnt/ubna_data_06/recover-20251210/UBNA_032/20251207_061000.WAV,recover-20251210,UBNA_032,Foliage
LF,24960.0,1.9428373128841627,251.4455,251.4595,22890.0,27482.0,Nyctalus leisleri,0.153,0.337,-1,Echolocation,192000.0,/mnt/ubna_data_06/recover-20251210/UBNA_032/20251207_061000.WAV,recover-20251210,UBNA_032,Foliage
LF,24000.0,2.751002341105431,64.8945,64.9035,22031.0,32687.0,Nyctalus noctula,0.13,0.372,-1,Echolocation,192000.0,/mnt/ubna_data_06/recover-20251210/UBNA_032/20251207_063000.WAV,recover-20251210,UBNA_032,Foliage
LF,23040.0,1.6602469307474266,170.2635,170.2766,22890.0,26501.0,Nyctalus leisleri,0.232,0.385,-1,Echolocation,192000.0,/mnt/ubna_data_06/recover-20251210/UBNA_032/20251207_073000.WAV,recover-20251210,UBNA_032,Foliage
LF,24000.0,-0.008551456931209244,196.1025,196.1132,24609.0,29856.0,Eptesicus serotinus,0.151,0.319,-1,Echolocation,192000.0,/mnt/ubna_data_06/recover-20251210/UBNA_032/20251207_073000.WAV,recover-20251210,UBNA_032,Foliage
LF,24000.0,3.8120754269795225,170.1815,170.1922,22890.0,29352.0,Nyctalus noctula,0.093,0.301,-1,Echolocation,192000.0,/mnt/ubna_data_06/recover-20251210/UBNA_032/20251207_080000.WAV,recover-20251210,UBNA_032,Foliage
LF,22080.0,0.6135870834352941,63.0975,63.1183,22031.0,25853.0,Nyctalus leisleri,0.211,0.331,-1,Echolocation,192000.0,/mnt/ubna_data_06/recover-20251210/UBNA_032/20251207_083000.WAV,recover-20251210,UBNA_032,Foliage
LF,23040.0,-0.06988209296496935,91.3035,91.3182,22890.0,26530.0,Nyctalus leisleri,0.188,0.304,-1,Echolocation,192000.0,/mnt/ubna_data_06/recover-20251210/UBNA_032/20251207_103000.WAV,recover-20251210,UBNA_032,Foliage
LF,23040.0,0.2662357950260162,238.2445,238.2526,20312.0,29695.0,Plecotus austriacus,0.09,0.3,-1,Echolocation,192000.0,/mnt/ubna_data_06/recover-20251210/UBNA_032/20251207_135000.WAV,recover-20251210,UBNA_032,Foliage
LF,24000.0,3.2922265311771466,2.2495,2.2655,23750.0,29372.0,Nyctalus leisleri,0.139,0.348,-1,Echolocation,192000.0,/mnt/ubna_data_06/recover-20251210/UBNA_032/20251207_142000.WAV,recover-20251210,UBNA_032,Foliage
LF,17280.0,20.67532611444534,33.0925,33.1189,16875.0,20186.0,Nyctalus noctula,0.242,0.314,-1,Echolocation,192000.0,/mnt/ubna_data_06/recover-20251210/UBNA_032/20251207_152000.WAV,recover-20251210,UBNA_032,Foliage
LF,18240.0,8.563865023570935,41.2185,41.2367,18593.0,22345.0,Nyctalus noctula,0.264,0.344,-1,Echolocation,192000.0,/mnt/ubna_data_06/recover-20251210/UBNA_032/20251207_152000.WAV,recover-20251210,UBNA_032,Foliage
LF,22080.0,3.049860531634671,8.4895,8.5074,21171.0,25374.0,Nyctalus leisleri,0.17,0.313,-1,Echolocation,192000.0,/mnt/ubna_data_06/recover-20251210/UBNA_032/20251207_153000.WAV,recover-20251210,UBNA_032,Foliage
LF,22080.0,4.534732470913633,10.8015,10.8213,21171.0,24490.0,Nyctalus leisleri,0.366,0.405,-1,Echolocation,192000.0,/mnt/ubna_data_06/recover-20251210/UBNA_032/20251207_153000.WAV,recover-20251210,UBNA_032,Foliage
LF,24960.0,2.0152358016430694,69.8185,69.8286,23750.0,30455.0,Eptesicus serotinus,0.15,0.37,-1,Echolocation,192000.0,/mnt/ubna_data_06/recover-20251210/UBNA_032/20251207_153000.WAV,recover-20251210,UBNA_032,Foliage
LF,19200.0,5.083775763739597,180.4375,180.4593,17734.0,21146.0,Nyctalus noctula,0.271,0.369,-1,Echolocation,192000.0,/mnt/ubna_data_06/recover-20251210/UBNA_032/20251207_153000.WAV,recover-20251210,UBNA_032,Foliage
LF,18240.0,15.748766692445262,14.3825,14.401,16875.0,20227.0,Nyctalus noctula,0.269,0.372,-1,Echolocation,192000.0,/mnt/ubna_data_06/recover-20251210/UBNA_032/20251207_154000.WAV,recover-20251210,UBNA_032,Foliage
LF,23040.0,1.2838651648617927,168.4625,168.4728,21171.0,29151.0,Nyctalus noctula,0.122,0.303,-1,Echolocation,192000.0,/mnt/ubna_data_06/recover-20251210/UBNA_032/20251207_154000.WAV,recover-20251210,UBNA_032,Foliage
LF,23040.0,1.9870959119317781,88.95949999999999,88.9723,23750.0,29306.0,Nyctalus leisleri,0.142,0.344,-1,Echolocation,192000.0,/mnt/ubna_data_06/recover-20251210/UBNA_032/20251207_164000.WAV,recover-20251210,UBNA_032,Foliage
LF,24960.0,0.8572531748410285,118.4995,118.5101,23750.0,31204.0,Eptesicus serotinus,0.164,0.35,-1,Echolocation,192000.0,/mnt/ubna_data_06/recover-20251210/UBNA_032/20251207_165000.WAV,recover-20251210,UBNA_032,Foliage
LF,24000.0,-8.492924095358417,33.0745,33.0882,24609.0,30725.0,Eptesicus serotinus,0.189,0.345,-1,Echolocation,192000.0,/mnt/ubna_data_06/recover-20251210/UBNA_032/20251207_184000.WAV,recover-20251210,UBNA_032,Foliage
LF,23040.0,3.148702504423561,56.8805,56.8912,22031.0,28875.0,Nyctalus noctula,0.13,0.336,-1,Echolocation,192000.0,/mnt/ubna_data_06/recover-20251210/UBNA_032/20251207_184000.WAV,recover-20251210,UBNA_032,Foliage
LF,19200.0,3.235843630300675,136.2825,136.3085,17734.0,20033.0,Nyctalus noctula,0.219,0.301,-1,Echolocation,192000.0,/mnt/ubna_data_06/recover-20251210/UBNA_032/20251207_184000.WAV,recover-20251210,UBNA_032,Foliage
LF,24000.0,2.3426571795530777,219.5525,219.5655,23750.0,28131.0,Nyctalus leisleri,0.207,0.344,-1,Echolocation,192000.0,/mnt/ubna_data_06/recover-20251210/UBNA_032/20251207_184000.WAV,recover-20251210,UBNA_032,Foliage
LF,24000.0,9.417389930893606,281.1105,281.1149,20312.0,40922.0,Plecotus austriacus,0.3,0.394,-1,Echolocation,192000.0,/mnt/ubna_data_06/recover-20251210/UBNA_032/20251207_192000.WAV,recover-20251210,UBNA_032,Foliage
LF,24000.0,0.0542082718014246,149.5975,149.6116,22890.0,27584.0,Nyctalus leisleri,0.167,0.308,-1,Echolocation,192000.0,/mnt/ubna_data_06/recover-20251210/UBNA_032/20251207_194000.WAV,recover-20251210,UBNA_032,Foliage
LF,23040.0,-9.663540739428,239.4905,239.5076,22890.0,27842.0,Nyctalus leisleri,0.292,0.38,-1,Echolocation,192000.0,/mnt/ubna_data_06/recover-20251210/UBNA_032/20251207_200000.WAV,recover-20251210,UBNA_032,Foliage
LF,22080.0,12.112864550547894,118.0015,118.0136,22890.0,28139.0,Nyctalus leisleri,0.255,0.318,-1,Echolocation,192000.0,/mnt/ubna_data_06/recover-20251210/UBNA_032/20251207_203000.WAV,recover-20251210,UBNA_032,Foliage
LF,24000.0,11.420611143175028,138.4175,138.4226,21171.0,37041.0,Plecotus austriacus,0.293,0.347,-1,Echolocation,192000.0,/mnt/ubna_data_06/recover-20251210/UBNA_032/20251207_203000.WAV,recover-20251210,UBNA_032,Foliage
LF,23040.0,2.279058855695319,148.5435,148.5523,21171.0,29565.0,Nyctalus noctula,0.098,0.355,-1,Echolocation,192000.0,/mnt/ubna_data_06/recover-20251210/UBNA_032/20251207_205000.WAV,recover-20251210,UBNA_032,Foliage
LF,24000.0,3.485677565818468,187.5295,187.5383,22890.0,31373.0,Eptesicus serotinus,0.124,0.333,-1,Echolocation,192000.0,/mnt/ubna_data_06/recover-20251210/UBNA_032/20251207_210000.WAV,recover-20251210,UBNA_032,Foliage
LF,27840.0,4.282749845099805,20.7365,20.7553,28046.0,32087.0,Nyctalus leisleri,0.29,0.404,-1,Echolocation,192000.0,/mnt/ubna_data_06/recover-20251210/UBNA_032/20251207_211000.WAV,recover-20251210,UBNA_032,Foliage
LF,24000.0,1.0745876902394085,74.7575,74.7726,22890.0,28176.0,Nyctalus leisleri,0.128,0.312,-1,Echolocation,192000.0,/mnt/ubna_data_06/recover-20251210/UBNA_032/20251207_212000.WAV,recover-20251210,UBNA_032,Foliage
LF,25920.0,2.0371154922886636,269.1465,269.158,23750.0,28923.0,Eptesicus serotinus,0.147,0.359,-1,Echolocation,192000.0,/mnt/ubna_data_06/recover-20251210/UBNA_032/20251207_212000.WAV,recover-20251210,UBNA_032,Foliage
LF,23040.0,4.24175637323418,223.0955,223.108,23750.0,28168.0,Nyctalus leisleri,0.186,0.361,-1,Echolocation,192000.0,/mnt/ubna_data_06/recover-20251210/UBNA_032/20251207_215000.WAV,recover-20251210,UBNA_032,Foliage
LF,23040.0,2.021312915238915,281.0645,281.0727,23750.0,32558.0,Eptesicus serotinus,0.073,0.306,-1,Echolocation,192000.0,/mnt/ubna_data_06/recover-20251210/UBNA_032/20251207_221000.WAV,recover-20251210,UBNA_032,Foliage
LF,24960.0,3.2688142087349865,272.7475,272.7582,23750.0,29656.0,Eptesicus serotinus,0.133,0.303,-1,Echolocation,192000.0,/mnt/ubna_data_06/recover-20251210/UBNA_032/20251207_222000.WAV,recover-20251210,UBNA_032,Foliage
LF,24960.0,2.7366960289205022,245.3535,245.3652,23750.0,29650.0,Eptesicus serotinus,0.152,0.344,-1,Echolocation,192000.0,/mnt/ubna_data_06/recover-20251210/UBNA_032/20251207_223000.WAV,recover-20251210,UBNA_032,Foliage
LF,21120.0,2.159076560049468,130.7955,130.8082,21171.0,27376.0,Nyctalus noctula,0.138,0.31,-1,Echolocation,192000.0,/mnt/ubna_data_06/recover-20251210/UBNA_032/20251207_224000.WAV,recover-20251210,UBNA_032,Foliage
LF,24000.0,3.2634860950487186,77.6425,77.6528,23750.0,31296.0,Eptesicus serotinus,0.108,0.308,-1,Echolocation,192000.0,/mnt/ubna_data_06/recover-20251210/UBNA_032/20251207_234000.WAV,recover-20251210,UBNA_032,Foliage
LF,22080.0,10.670824413294453,43.8475,43.871,21171.0,23338.0,Nyctalus leisleri,0.416,0.428,-1,Echolocation,192000.0,/mnt/ubna_data_06/recover-20251210/UBNA_032/20251207_235000.WAV,recover-20251210,UBNA_032,Foliage
LF,22080.0,8.843290094562645,46.423500000000004,46.438500000000005,21171.0,23851.0,Nyctalus leisleri,0.414,0.435,-1,Echolocation,192000.0,/mnt/ubna_data_06/recover-20251210/UBNA_032/20251207_235000.WAV,recover-20251210,UBNA_032,Foliage
LF,22080.0,11.286127589483053,49.832499999999996,49.853899999999996,21171.0,24027.0,Nyctalus leisleri,0.408,0.423,-1,Echolocation,192000.0,/mnt/ubna_data_06/recover-20251210/UBNA_032/20251207_235000.WAV,recover-20251210,UBNA_032,Foliage
LF,22080.0,10.789696847902082,50.3705,50.3921,21171.0,24541.0,Nyctalus leisleri,0.516,0.531,-1,Echolocation,192000.0,/mnt/ubna_data_06/recover-20251210/UBNA_032/20251207_235000.WAV,recover-20251210,UBNA_032,Foliage
LF,22080.0,11.610479824188031,51.075500000000005,51.1038,21171.0,24175.0,Nyctalus leisleri,0.367,0.383,-1,Echolocation,192000.0,/mnt/ubna_data_06/recover-20251210/UBNA_032/20251207_235000.WAV,recover-20251210,UBNA_032,Foliage
LF,22080.0,9.30841322048374,53.1725,53.1929,21171.0,23815.0,Nyctalus leisleri,0.332,0.341,-1,Echolocation,192000.0,/mnt/ubna_data_06/recover-20251210/UBNA_032/20251207_235000.WAV,recover-20251210,UBNA_032,Foliage
LF,22080.0,14.587857182452629,57.4165,57.441199999999995,21171.0,24075.0,Nyctalus leisleri,0.391,0.409,-1,Echolocation,192000.0,/mnt/ubna_data_06/recover-20251210/UBNA_032/20251207_235000.WAV,recover-20251210,UBNA_032,Foliage
LF,22080.0,15.602436511609577,58.0125,58.0313,22031.0,24467.0,Nyctalus leisleri,0.438,0.447,-1,Echolocation,192000.0,/mnt/ubna_data_06/recover-20251210/UBNA_032/20251207_235000.WAV,recover-20251210,UBNA_032,Foliage
LF,22080.0,5.888553494310575,60.8965,60.9189,21171.0,24391.0,Nyctalus leisleri,0.277,0.318,-1,Echolocation,192000.0,/mnt/ubna_data_06/recover-20251210/UBNA_032/20251207_235000.WAV,recover-20251210,UBNA_032,Foliage
LF,22080.0,8.586062160612686,62.8895,62.9144,21171.0,24081.0,Nyctalus leisleri,0.412,0.436,-1,Echolocation,192000.0,/mnt/ubna_data_06/recover-20251210/UBNA_032/20251207_235000.WAV,recover-20251210,UBNA_032,Foliage
LF,22080.0,12.199049230941393,64.3225,64.3448,21171.0,23789.0,Nyctalus leisleri,0.342,0.356,-1,Echolocation,192000.0,/mnt/ubna_data_06/recover-20251210/UBNA_032/20251207_235000.WAV,recover-20251210,UBNA_032,Foliage
LF,22080.0,7.88444300661062,70.4685,70.4944,21171.0,24361.0,Nyctalus leisleri,0.321,0.359,-1,Echolocation,192000.0,/mnt/ubna_data_06/recover-20251210/UBNA_032/20251207_235000.WAV,recover-20251210,UBNA_032,Foliage
LF,23040.0,3.0253536683046818,134.0685,134.0874,22890.0,26382.0,Nyctalus leisleri,0.28,0.343,-1,Echolocation,192000.0,/mnt/ubna_data_06/recover-20251210/UBNA_032/20251207_235000.WAV,recover-20251210,UBNA_032,Foliage
LF,22080.0,5.077935412021896,174.2565,174.2807,21171.0,24343.0,Nyctalus leisleri,0.281,0.32,-1,Echolocation,192000.0,/mnt/ubna_data_06/recover-20251210/UBNA_032/20251207_235000.WAV,recover-20251210,UBNA_032,Foliage
LF,22080.0,9.295845508810972,296.3355,296.3552,22031.0,25081.0,Nyctalus leisleri,0.356,0.368,-1,Echolocation,192000.0,/mnt/ubna_data_06/recover-20251210/UBNA_032/20251207_235000.WAV,recover-20251210,UBNA_032,Foliage
LF,22080.0,8.06386024973958,26.7135,26.7383,20312.0,23780.0,Nyctalus noctula,0.202,0.321,-1,Echolocation,192000.0,/mnt/ubna_data_06/recover-20251210/UBNA_032/20251208_000000.WAV,recover-20251210,UBNA_032,Foliage
LF,23040.0,3.5579274274191723,188.6275,188.6396,22890.0,28782.0,Nyctalus leisleri,0.132,0.396,-1,Echolocation,192000.0,/mnt/ubna_data_06/recover-20251210/UBNA_032/20251208_000000.WAV,recover-20251210,UBNA_032,Foliage
LF,22080.0,8.755565018443077,293.1575,293.1793,21171.0,24030.0,Nyctalus leisleri,0.357,0.372,-1,Echolocation,192000.0,/mnt/ubna_data_06/recover-20251210/UBNA_032/20251208_000000.WAV,recover-20251210,UBNA_032,Foliage
HF,50880.0,2.174066191820682,139.2585,139.2619,40937.0,62347.0,Myotis bechsteinii,0.12,0.35,-1,Echolocation,192000.0,/mnt/ubna_data_06/recover-20251210/UBNA_032/20251208_002000.WAV,recover-20251210,UBNA_032,Foliage
HF,40320.0,1.82945455799576,152.1645,152.1683,39218.0,73826.0,Myotis bechsteinii,0.153,0.301,-1,Echolocation,192000.0,/mnt/ubna_data_06/recover-20251210/UBNA_032/20251208_002000.WAV,recover-20251210,UBNA_032,Foliage
LF,20160.0,3.8832103234001973,255.5845,255.5904,20312.0,32158.0,Plecotus austriacus,0.16,0.312,-1,Echolocation,192000.0,/mnt/ubna_data_06/recover-20251210/UBNA_032/20251208_002000.WAV,recover-20251210,UBNA_032,Foliage
LF,24960.0,3.3091120396001203,246.2535,246.2647,23750.0,30236.0,Eptesicus serotinus,0.273,0.465,-1,Echolocation,192000.0,/mnt/ubna_data_06/recover-20251210/UBNA_032/20251208_003000.WAV,recover-20251210,UBNA_032,Foliage
LF,23040.0,5.289230162855985,231.4245,231.4414,22031.0,27047.0,Nyctalus leisleri,0.182,0.375,-1,Echolocation,192000.0,/mnt/ubna_data_06/recover-20251210/UBNA_032/20251208_004000.WAV,recover-20251210,UBNA_032,Foliage
LF,24000.0,2.57017420936426,23.5665,23.5708,22031.0,38594.0,Plecotus austriacus,0.228,0.329,-1,Echolocation,192000.0,/mnt/ubna_data_06/recover-20251210/UBNA_032/20251208_005000.WAV,recover-20251210,UBNA_032,Foliage
LF,24960.0,0.24408594644047568,52.320499999999996,52.3307,24609.0,31419.0,Eptesicus serotinus,0.203,0.45,-1,Echolocation,192000.0,/mnt/ubna_data_06/recover-20251210/UBNA_032/20251208_005000.WAV,recover-20251210,UBNA_032,Foliage
LF,24000.0,2.807155297584691,188.2245,188.2355,23750.0,29352.0,Eptesicus serotinus,0.145,0.329,-1,Echolocation,192000.0,/mnt/ubna_data_06/recover-20251210/UBNA_032/20251208_005000.WAV,recover-20251210,UBNA_032,Foliage
LF,20160.0,1.917621063112127,21.7225,21.7336,20312.0,28287.0,Nyctalus noctula,0.159,0.302,-1,Echolocation,192000.0,/mnt/ubna_data_06/recover-20251210/UBNA_032/20251208_010000.WAV,recover-20251210,UBNA_032,Foliage
LF,25920.0,3.0963732676969173,97.5505,97.56,24609.0,30903.0,Eptesicus serotinus,0.177,0.366,-1,Echolocation,192000.0,/mnt/ubna_data_06/recover-20251210/UBNA_032/20251208_012000.WAV,recover-20251210,UBNA_032,Foliage
LF,23040.0,1.518203021250959,261.8645,261.8789,22031.0,26788.0,Nyctalus leisleri,0.161,0.319,-1,Echolocation,192000.0,/mnt/ubna_data_06/recover-20251210/UBNA_032/20251208_012000.WAV,recover-20251210,UBNA_032,Foliage
LF,24000.0,3.490218994368944,160.7565,160.7675,23750.0,29372.0,Eptesicus serotinus,0.146,0.323,-1,Echolocation,192000.0,/mnt/ubna_data_06/recover-20251210/UBNA_032/20251208_014000.WAV,recover-20251210,UBNA_032,Foliage
LF,24000.0,3.080739262633401,138.2735,138.2845,22890.0,29797.0,Eptesicus serotinus,0.151,0.322,-1,Echolocation,192000.0,/mnt/ubna_data_06/recover-20251210/UBNA_032/20251208_022000.WAV,recover-20251210,UBNA_032,Foliage
LF,24000.0,1.5577604426574634,74.7305,74.7398,24609.0,32527.0,Eptesicus serotinus,0.171,0.33,-1,Echolocation,192000.0,/mnt/ubna_data_06/recover-20251210/UBNA_032/20251208_023000.WAV,recover-20251210,UBNA_032,Foliage
LF,24960.0,-0.3488343274838296,43.6815,43.7002,23750.0,27783.0,Nyctalus leisleri,0.36,0.442,-1,Echolocation,192000.0,/mnt/ubna_data_06/recover-20251210/UBNA_032/20251208_024000.WAV,recover-20251210,UBNA_032,Foliage
LF,24000.0,2.105649314249702,93.0155,93.0342,22890.0,25907.0,Nyctalus leisleri,0.447,0.475,-1,Echolocation,192000.0,/mnt/ubna_data_06/recover-20251210/UBNA_032/20251208_024000.WAV,recover-20251210,UBNA_032,Foliage
LF,24000.0,2.0582070651807496,229.1615,229.1756,22890.0,27345.0,Nyctalus noctula,0.125,0.319,-1,Echolocation,192000.0,/mnt/ubna_data_06/recover-20251210/UBNA_032/20251208_024000.WAV,recover-20251210,UBNA_032,Foliage
LF,23040.0,3.2421869085935406,171.7555,171.7692,23750.0,28454.0,Nyctalus leisleri,0.152,0.342,-1,Echolocation,192000.0,/mnt/ubna_data_06/recover-20251210/UBNA_032/20251208_025000.WAV,recover-20251210,UBNA_032,Foliage
LF,23040.0,3.634141460350265,17.0685,17.0843,22031.0,26810.0,Nyctalus leisleri,0.125,0.306,-1,Echolocation,192000.0,/mnt/ubna_data_06/recover-20251210/UBNA_032/20251208_032000.WAV,recover-20251210,UBNA_032,Foliage
LF,24000.0,2.5492635420712224,92.8805,92.8918,23750.0,28997.0,Nyctalus leisleri,0.151,0.35,-1,Echolocation,192000.0,/mnt/ubna_data_06/recover-20251210/UBNA_032/20251208_032000.WAV,recover-20251210,UBNA_032,Foliage
LF,23040.0,2.5442774639686467,125.2155,125.2358,21171.0,25098.0,Nyctalus noctula,0.157,0.303,-1,Echolocation,192000.0,/mnt/ubna_data_06/recover-20251210/UBNA_032/20251208_033000.WAV,recover-20251210,UBNA_032,Foliage
LF,24000.0,3.870359110445685,19.0895,19.105,23750.0,28115.0,Nyctalus leisleri,0.19,0.336,-1,Echolocation,192000.0,/mnt/ubna_data_06/recover-20251210/UBNA_032/20251208_034000.WAV,recover-20251210,UBNA_032,Foliage
LF,25920.0,0.10862886804688096,4.7055,4.7197,25468.0,29619.0,Nyctalus leisleri,0.177,0.3,-1,Echolocation,192000.0,/mnt/ubna_data_06/recover-20251210/UBNA_032/20251208_035000.WAV,recover-20251210,UBNA_032,Foliage
LF,24960.0,4.290697788776091,44.838499999999996,44.8478,22031.0,30172.0,Nyctalus noctula,0.092,0.307,-1,Echolocation,192000.0,/mnt/ubna_data_06/recover-20251210/UBNA_032/20251208_035000.WAV,recover-20251210,UBNA_032,Foliage
LF,19200.0,2.2490442984878984,181.6495,181.6548,16875.0,30549.0,Plecotus auritus,0.236,0.328,-1,Echolocation,192000.0,/mnt/ubna_data_06/recover-20251210/UBNA_032/20251208_041000.WAV,recover-20251210,UBNA_032,Foliage
LF,23040.0,1.75599119606394,267.7525,267.7697,22031.0,27576.0,Nyctalus noctula,0.234,0.401,-1,Echolocation,192000.0,/mnt/ubna_data_06/recover-20251210/UBNA_032/20251208_042000.WAV,recover-20251210,UBNA_032,Foliage
LF,24000.0,5.88686361511046,220.1985,220.2023,21171.0,39371.0,Plecotus austriacus,0.185,0.352,-1,Echolocation,192000.0,/mnt/ubna_data_06/recover-20251210/UBNA_032/20251208_050000.WAV,recover-20251210,UBNA_032,Foliage
LF,24000.0,1.6921185519925412,101.9465,101.9576,23750.0,29175.0,Nyctalus leisleri,0.172,0.387,-1,Echolocation,192000.0,/mnt/ubna_data_06/recover-20251210/UBNA_032/20251208_051000.WAV,recover-20251210,UBNA_032,Foliage
LF,24000.0,3.4514788465091506,62.6365,62.6496,22890.0,28705.0,Eptesicus serotinus,0.136,0.359,-1,Echolocation,192000.0,/mnt/ubna_data_06/recover-20251210/UBNA_032/20251208_053000.WAV,recover-20251210,UBNA_032,Foliage
LF,24000.0,4.3031504881726494,242.3095,242.3223,22890.0,27450.0,Nyctalus leisleri,0.172,0.349,-1,Echolocation,192000.0,/mnt/ubna_data_06/recover-20251210/UBNA_032/20251208_055000.WAV,recover-20251210,UBNA_032,Foliage
LF,24000.0,3.243910217805008,17.1315,17.1406,22031.0,31339.0,Plecotus austriacus,0.106,0.325,-1,Echolocation,192000.0,/mnt/ubna_data_06/recover-20251210/UBNA_032/20251208_061000.WAV,recover-20251210,UBNA_032,Foliage
LF,24000.0,10.131686746511157,82.0025,82.0064,20312.0,33338.0,Plecotus austriacus,0.229,0.385,-1,Echolocation,192000.0,/mnt/ubna_data_06/recover-20251210/UBNA_032/20251208_064000.WAV,recover-20251210,UBNA_032,Foliage
LF,24000.0,3.247117815732437,19.0305,19.0427,23750.0,28171.0,Nyctalus leisleri,0.116,0.306,-1,Echolocation,192000.0,/mnt/ubna_data_06/recover-20251210/UBNA_032/20251208_065000.WAV,recover-20251210,UBNA_032,Foliage
LF,23040.0,0.6106048625148763,96.4135,96.4257,22031.0,27948.0,Nyctalus leisleri,0.125,0.335,-1,Echolocation,192000.0,/mnt/ubna_data_06/recover-20251210/UBNA_032/20251208_071000.WAV,recover-20251210,UBNA_032,Foliage
LF,24000.0,1.2476378338954723,135.3465,135.3623,22890.0,27100.0,Nyctalus leisleri,0.209,0.309,-1,Echolocation,192000.0,/mnt/ubna_data_06/recover-20251210/UBNA_032/20251208_074000.WAV,recover-20251210,UBNA_032,Foliage
LF,24000.0,2.7178172044792785,31.8205,31.8331,22890.0,27782.0,Nyctalus leisleri,0.165,0.317,-1,Echolocation,192000.0,/mnt/ubna_data_06/recover-20251210/UBNA_032/20251208_085000.WAV,recover-20251210,UBNA_032,Foliage
LF,23040.0,2.603967277435712,182.5585,182.5698,22890.0,28326.0,Nyctalus leisleri,0.114,0.3,-1,Echolocation,192000.0,/mnt/ubna_data_06/recover-20251210/UBNA_032/20251208_094000.WAV,recover-20251210,UBNA_032,Foliage
LF,22080.0,1.1803986659120826,226.3085,226.3149,21171.0,31980.0,Plecotus auritus,0.138,0.306,-1,Echolocation,192000.0,/mnt/ubna_data_06/recover-20251210/UBNA_032/20251208_100000.WAV,recover-20251210,UBNA_032,Foliage
LF,23040.0,6.654493517398537,158.6145,158.6273,22031.0,29475.0,Nyctalus noctula,0.161,0.39,-1,Echolocation,192000.0,/mnt/ubna_data_06/recover-20251210/UBNA_032/20251208_101000.WAV,recover-20251210,UBNA_032,Foliage
LF,24000.0,2.458439322165589,20.1125,20.1244,23750.0,29426.0,Nyctalus leisleri,0.154,0.348,-1,Echolocation,192000.0,/mnt/ubna_data_06/recover-20251210/UBNA_032/20251208_122000.WAV,recover-20251210,UBNA_032,Foliage
LF,23040.0,1.4245176561993744,100.7985,100.8145,21171.0,26455.0,Nyctalus noctula,0.239,0.389,-1,Echolocation,192000.0,/mnt/ubna_data_06/recover-20251210/UBNA_032/20251208_123000.WAV,recover-20251210,UBNA_032,Foliage
LF,24000.0,9.053301866110333,101.6885,101.6958,22890.0,32584.0,Eptesicus serotinus,0.089,0.315,-1,Echolocation,192000.0,/mnt/ubna_data_06/recover-20251210/UBNA_032/20251208_143000.WAV,recover-20251210,UBNA_032,Foliage
LF,24000.0,6.5080215837598,101.4935,101.50919999999999,22890.0,27811.0,Nyctalus leisleri,0.136,0.31,-1,Echolocation,192000.0,/mnt/ubna_data_06/recover-20251210/UBNA_032/20251208_145000.WAV,recover-20251210,UBNA_032,Foliage
LF,18240.0,10.296517212962492,257.0885,257.11220000000003,17734.0,20443.0,Nyctalus noctula,0.259,0.357,-1,Echolocation,192000.0,/mnt/ubna_data_06/recover-20251210/UBNA_032/20251208_152000.WAV,recover-20251210,UBNA_032,Foliage
LF,17280.0,4.4342362321269535,157.9035,157.9262,16875.0,20677.0,Nyctalus noctula,0.236,0.328,-1,Echolocation,192000.0,/mnt/ubna_data_06/recover-20251210/UBNA_032/20251208_160000.WAV,recover-20251210,UBNA_032,Foliage
LF,23040.0,0.07166329847168791,165.5675,165.5767,22890.0,30509.0,Eptesicus serotinus,0.088,0.31,-1,Echolocation,192000.0,/mnt/ubna_data_06/recover-20251210/UBNA_032/20251208_160000.WAV,recover-20251210,UBNA_032,Foliage
LF,27840.0,4.538772634319466,224.8945,224.8996,22890.0,38788.0,Plecotus austriacus,0.252,0.325,-1,Echolocation,192000.0,/mnt/ubna_data_06/recover-20251210/UBNA_032/20251208_160000.WAV,recover-20251210,UBNA_032,Foliage
LF,24960.0,0.8614231158833248,74.2475,74.2526,23750.0,35667.0,Plecotus austriacus,0.245,0.334,-1,Echolocation,192000.0,/mnt/ubna_data_06/recover-20251210/UBNA_032/20251208_171000.WAV,recover-20251210,UBNA_032,Foliage
LF,24000.0,4.088081957407658,80.5535,80.5598,22890.0,32796.0,Plecotus austriacus,0.277,0.367,-1,Echolocation,192000.0,/mnt/ubna_data_06/recover-20251210/UBNA_032/20251208_171000.WAV,recover-20251210,UBNA_032,Foliage
LF,29760.0,0.6393697773144534,153.5905,153.5941,24609.0,41158.0,Plecotus austriacus,0.226,0.31,-1,Echolocation,192000.0,/mnt/ubna_data_06/recover-20251210/UBNA_032/20251208_172000.WAV,recover-20251210,UBNA_032,Foliage
LF,23040.0,-4.468286005039421,285.0195,285.0317,22890.0,28261.0,Nyctalus leisleri,0.197,0.419,-1,Echolocation,192000.0,/mnt/ubna_data_06/recover-20251210/UBNA_032/20251208_174000.WAV,recover-20251210,UBNA_032,Foliage
LF,24000.0,2.0693350112241307,56.8005,56.809,22031.0,31978.0,Plecotus austriacus,0.175,0.349,-1,Echolocation,192000.0,/mnt/ubna_data_06/recover-20251210/UBNA_032/20251208_181000.WAV,recover-20251210,UBNA_032,Foliage
LF,24000.0,-0.8930417767167673,84.5295,84.535,22031.0,36498.0,Plecotus austriacus,0.259,0.31,-1,Echolocation,192000.0,/mnt/ubna_data_06/recover-20251210/UBNA_032/20251208_182000.WAV,recover-20251210,UBNA_032,Foliage
LF,24000.0,-7.650473765464366,164.1615,164.1732,23750.0,29045.0,Nyctalus leisleri,0.113,0.308,-1,Echolocation,192000.0,/mnt/ubna_data_06/recover-20251210/UBNA_032/20251208_182000.WAV,recover-20251210,UBNA_032,Foliage
LF,23040.0,-0.6181099428384824,286.4085,286.4207,23750.0,28923.0,Nyctalus leisleri,0.17,0.324,-1,Echolocation,192000.0,/mnt/ubna_data_06/recover-20251210/UBNA_032/20251208_182000.WAV,recover-20251210,UBNA_032,Foliage
LF,24000.0,2.0660129780910323,35.7555,35.7604,22890.0,37867.0,Plecotus austriacus,0.269,0.355,-1,Echolocation,192000.0,/mnt/ubna_data_06/recover-20251210/UBNA_032/20251208_190000.WAV,recover-20251210,UBNA_032,Foliage
LF,18240.0,10.762291367793422,164.1175,164.1447,17734.0,20385.0,Nyctalus noctula,0.248,0.341,-1,Echolocation,192000.0,/mnt/ubna_data_06/recover-20251210/UBNA_032/20251208_190000.WAV,recover-20251210,UBNA_032,Foliage
LF,23040.0,6.647586410266699,22.0095,22.0196,22890.0,32300.0,Nyctalus noctula,0.104,0.315,-1,Echolocation,192000.0,/mnt/ubna_data_06/recover-20251210/UBNA_032/20251208_191000.WAV,recover-20251210,UBNA_032,Foliage
LF,23040.0,0.45620280051631734,35.1945,35.2184,21171.0,24639.0,Nyctalus leisleri,0.305,0.328,-1,Echolocation,192000.0,/mnt/ubna_data_06/recover-20251210/UBNA_032/20251208_193000.WAV,recover-20251210,UBNA_032,Foliage
LF,23040.0,3.563114139321835,264.4875,264.4996,23750.0,29354.0,Nyctalus leisleri,0.114,0.324,-1,Echolocation,192000.0,/mnt/ubna_data_06/recover-20251210/UBNA_032/20251208_193000.WAV,recover-20251210,UBNA_032,Foliage
LF,24000.0,2.754602423799755,30.2875,30.2984,22890.0,29411.0,Eptesicus serotinus,0.141,0.33,-1,Echolocation,192000.0,/mnt/ubna_data_06/recover-20251210/UBNA_032/20251208_194000.WAV,recover-20251210,UBNA_032,Foliage
LF,23040.0,3.956533358100734,146.7755,146.7804,23750.0,38549.0,Plecotus austriacus,0.275,0.381,-1,Echolocation,192000.0,/mnt/ubna_data_06/recover-20251210/UBNA_032/20251208_202000.WAV,recover-20251210,UBNA_032,Foliage
LF,24000.0,9.585948917493996,200.2525,200.2584,22031.0,37150.0,Plecotus austriacus,0.247,0.305,-1,Echolocation,192000.0,/mnt/ubna_data_06/recover-20251210/UBNA_032/20251208_203000.WAV,recover-20251210,UBNA_032,Foliage
LF,23040.0,0.7263882563022217,273.7895,273.8054,22031.0,26695.0,Nyctalus leisleri,0.165,0.328,-1,Echolocation,192000.0,/mnt/ubna_data_06/recover-20251210/UBNA_032/20251208_204000.WAV,recover-20251210,UBNA_032,Foliage
LF,24000.0,7.503054153118168,84.5825,84.5936,23750.0,30916.0,Eptesicus serotinus,0.209,0.359,-1,Echolocation,192000.0,/mnt/ubna_data_06/recover-20251210/UBNA_032/20251208_205000.WAV,recover-20251210,UBNA_032,Foliage
LF,24000.0,2.9442490522882645,153.1705,153.1819,22890.0,28550.0,Nyctalus noctula,0.113,0.321,-1,Echolocation,192000.0,/mnt/ubna_data_06/recover-20251210/UBNA_032/20251208_205000.WAV,recover-20251210,UBNA_032,Foliage
LF,24960.0,7.601934215663918,226.0155,226.0213,23750.0,38488.0,Plecotus austriacus,0.197,0.313,-1,Echolocation,192000.0,/mnt/ubna_data_06/recover-20251210/UBNA_032/20251208_205000.WAV,recover-20251210,UBNA_032,Foliage
LF,23040.0,3.9771770182250226,65.0285,65.0408,22890.0,28055.0,Nyctalus leisleri,0.156,0.321,-1,Echolocation,192000.0,/mnt/ubna_data_06/recover-20251210/UBNA_032/20251208_210000.WAV,recover-20251210,UBNA_032,Foliage
LF,24000.0,1.5071214919074751,125.9395,125.9532,23750.0,28281.0,Nyctalus leisleri,0.155,0.302,-1,Echolocation,192000.0,/mnt/ubna_data_06/recover-20251210/UBNA_032/20251208_210000.WAV,recover-20251210,UBNA_032,Foliage
LF,23040.0,3.2269487007356923,125.2315,125.2424,22890.0,29266.0,Nyctalus leisleri,0.102,0.302,-1,Echolocation,192000.0,/mnt/ubna_data_06/recover-20251210/UBNA_032/20251208_212000.WAV,recover-20251210,UBNA_032,Foliage
LF,24960.0,2.237492670648035,181.0915,181.1029,24609.0,30712.0,Eptesicus serotinus,0.194,0.374,-1,Echolocation,192000.0,/mnt/ubna_data_06/recover-20251210/UBNA_032/20251208_213000.WAV,recover-20251210,UBNA_032,Foliage
LF,24000.0,3.8762803458599056,0.6005,0.6041,23750.0,40042.0,Plecotus austriacus,0.195,0.318,-1,Echolocation,192000.0,/mnt/ubna_data_06/recover-20251210/UBNA_032/20251208_214000.WAV,recover-20251210,UBNA_032,Foliage
LF,24000.0,6.683002462938613,20.6495,20.6542,23750.0,37187.0,Plecotus auritus,0.178,0.315,-1,Echolocation,192000.0,/mnt/ubna_data_06/recover-20251210/UBNA_032/20251208_214000.WAV,recover-20251210,UBNA_032,Foliage
LF,23040.0,3.602285771993074,145.0485,145.0596,22890.0,28002.0,Eptesicus serotinus,0.125,0.306,-1,Echolocation,192000.0,/mnt/ubna_data_06/recover-20251210/UBNA_032/20251208_214000.WAV,recover-20251210,UBNA_032,Foliage
LF,24000.0,3.1080938380748933,295.3185,295.3286,23750.0,29802.0,Eptesicus serotinus,0.168,0.449,-1,Echolocation,192000.0,/mnt/ubna_data_06/recover-20251210/UBNA_032/20251208_214000.WAV,recover-20251210,UBNA_032,Foliage
HF,39360.0,3.9518089427255605,232.0235,232.0316,39218.0,45157.0,Pipistrellus nathusii,0.309,0.344,-1,Echolocation,192000.0,/mnt/ubna_data_06/recover-20251210/UBNA_032/20251208_215000.WAV,recover-20251210,UBNA_032,Foliage
LF,23040.0,2.35714931339533,196.7905,196.8043,22890.0,27067.0,Nyctalus leisleri,0.166,0.333,-1,Echolocation,192000.0,/mnt/ubna_data_06/recover-20251210/UBNA_032/20251208_220000.WAV,recover-20251210,UBNA_032,Foliage
LF,24000.0,1.8275835002038594,158.6195,158.6308,23750.0,29002.0,Eptesicus serotinus,0.122,0.305,-1,Echolocation,192000.0,/mnt/ubna_data_06/recover-20251210/UBNA_032/20251208_223000.WAV,recover-20251210,UBNA_032,Foliage
LF,23040.0,2.3426065666843474,234.6225,234.63479999999998,22890.0,28432.0,Nyctalus leisleri,0.142,0.374,-1,Echolocation,192000.0,/mnt/ubna_data_06/recover-20251210/UBNA_032/20251208_225000.WAV,recover-20251210,UBNA_032,Foliage
LF,24000.0,1.0755824895993638,134.7065,134.717,23750.0,32572.0,Nyctalus noctula,0.093,0.322,-1,Echolocation,192000.0,/mnt/ubna_data_06/recover-20251210/UBNA_032/20251208_230000.WAV,recover-20251210,UBNA_032,Foliage
LF,24000.0,3.1515532826185435,178.2635,178.2685,22031.0,37563.0,Plecotus austriacus,0.234,0.3,-1,Echolocation,192000.0,/mnt/ubna_data_06/recover-20251210/UBNA_032/20251208_231000.WAV,recover-20251210,UBNA_032,Foliage
LF,23040.0,3.6765958084030306,197.0235,197.0327,21171.0,30075.0,Nyctalus noctula,0.142,0.349,-1,Echolocation,192000.0,/mnt/ubna_data_06/recover-20251210/UBNA_032/20251208_235000.WAV,recover-20251210,UBNA_032,Foliage
LF,24000.0,2.303427262337416,219.9515,219.9563,23750.0,38330.0,Plecotus austriacus,0.259,0.323,-1,Echolocation,192000.0,/mnt/ubna_data_06/recover-20251210/UBNA_032/20251208_235000.WAV,recover-20251210,UBNA_032,Foliage
LF,24960.0,2.9197634436450555,120.0075,120.0139,22031.0,34389.0,Plecotus austriacus,0.233,0.307,-1,Echolocation,192000.0,/mnt/ubna_data_06/recover-20251210/UBNA_032/20251209_000000.WAV,recover-20251210,UBNA_032,Foliage
LF,19200.0,9.029694131347746,67.2245,67.2508,17734.0,21074.0,Nyctalus noctula,0.274,0.351,-1,Echolocation,192000.0,/mnt/ubna_data_06/recover-20251210/UBNA_032/20251209_002000.WAV,recover-20251210,UBNA_032,Foliage
LF,24000.0,0.8926186181277191,7.3745,7.3786,24609.0,41543.0,Plecotus austriacus,0.261,0.342,-1,Echolocation,192000.0,/mnt/ubna_data_06/recover-20251210/UBNA_032/20251209_003000.WAV,recover-20251210,UBNA_032,Foliage
LF,24960.0,1.0720300430230931,81.75450000000001,81.7587,23750.0,37907.0,Plecotus austriacus,0.284,0.365,-1,Echolocation,192000.0,/mnt/ubna_data_06/recover-20251210/UBNA_032/20251209_003000.WAV,recover-20251210,UBNA_032,Foliage
LF,24000.0,3.7868108641167373,161.8025,161.8072,23750.0,39102.0,Plecotus austriacus,0.353,0.403,-1,Echolocation,192000.0,/mnt/ubna_data_06/recover-20251210/UBNA_032/20251209_003000.WAV,recover-20251210,UBNA_032,Foliage
HF,36480.0,15.842364698511606,175.3015,175.3051,22890.0,66159.0,Myotis nattereri,0.329,0.376,-1,Echolocation,192000.0,/mnt/ubna_data_06/recover-20251210/UBNA_032/20251209_003000.WAV,recover-20251210,UBNA_032,Foliage
LF,24960.0,5.994985673796418,97.8695,97.8743,22890.0,37596.0,Plecotus austriacus,0.293,0.344,-1,Echolocation,192000.0,/mnt/ubna_data_06/recover-20251210/UBNA_032/20251209_005000.WAV,recover-20251210,UBNA_032,Foliage
LF,24000.0,6.292318087643425,138.0325,138.037,23750.0,42251.0,Plecotus austriacus,0.338,0.435,-1,Echolocation,192000.0,/mnt/ubna_data_06/recover-20251210/UBNA_032/20251209_005000.WAV,recover-20251210,UBNA_032,Foliage
LF,25920.0,-1.4636777751556618,170.1555,170.1626,23750.0,32110.0,Plecotus austriacus,0.144,0.338,-1,Echolocation,192000.0,/mnt/ubna_data_06/recover-20251210/UBNA_032/20251209_005000.WAV,recover-20251210,UBNA_032,Foliage
LF,23040.0,4.47407186711878,122.0085,122.0139,22031.0,36006.0,Plecotus austriacus,0.24,0.304,-1,Echolocation,192000.0,/mnt/ubna_data_06/recover-20251210/UBNA_032/20251209_011000.WAV,recover-20251210,UBNA_032,Foliage
LF,30720.0,5.719688991277829,84.0025,84.0056,25468.0,43497.0,Plecotus austriacus,0.191,0.307,-1,Echolocation,192000.0,/mnt/ubna_data_06/recover-20251210/UBNA_032/20251209_014000.WAV,recover-20251210,UBNA_032,Foliage
LF,20160.0,2.53841880868251,1.2545,1.2581,17734.0,33393.0,Plecotus auritus,0.329,0.43,-1,Echolocation,192000.0,/mnt/ubna_data_06/recover-20251210/UBNA_032/20251209_015000.WAV,recover-20251210,UBNA_032,Foliage
LF,23040.0,0.22340815905403077,12.6005,12.6059,22890.0,36191.0,Plecotus austriacus,0.234,0.36,-1,Echolocation,192000.0,/mnt/ubna_data_06/recover-20251210/UBNA_032/20251209_015000.WAV,recover-20251210,UBNA_032,Foliage
LF,24960.0,5.874531034826559,83.9425,83.9472,22890.0,36653.0,Plecotus austriacus,0.292,0.347,-1,Echolocation,192000.0,/mnt/ubna_data_06/recover-20251210/UBNA_032/20251209_015000.WAV,recover-20251210,UBNA_032,Foliage
HF,72000.0,0.24191088148055823,61.8255,61.8701,68437.0,82419.0,Rhinolophus ferrumequinum,0.357,0.358,-1,Echolocation,192000.0,/mnt/ubna_data_06/recover-20251210/UBNA_032/20251209_020000.WAV,recover-20251210,UBNA_032,Foliage
LF,24960.0,2.4517228829247655,172.5325,172.5373,22031.0,38319.0,Plecotus austriacus,0.27,0.386,-1,Echolocation,192000.0,/mnt/ubna_data_06/recover-20251210/UBNA_032/20251209_034000.WAV,recover-20251210,UBNA_032,Foliage
LF,24960.0,5.377751241128262,183.0065,183.0177,24609.0,29302.0,Nyctalus leisleri,0.247,0.324,-1,Echolocation,192000.0,/mnt/ubna_data_06/recover-20251210/UBNA_032/20251209_034000.WAV,recover-20251210,UBNA_032,Foliage
LF,24000.0,9.239990083676107,14.6535,14.6578,20312.0,33230.0,Plecotus austriacus,0.299,0.387,-1,Echolocation,192000.0,/mnt/ubna_data_06/recover-20251210/UBNA_032/20251209_035000.WAV,recover-20251210,UBNA_032,Foliage
LF,29760.0,8.737970527356403,6.5035,6.5091,22890.0,33553.0,Plecotus austriacus,0.244,0.307,-1,Echolocation,192000.0,/mnt/ubna_data_06/recover-20251210/UBNA_032/20251209_041000.WAV,recover-20251210,UBNA_032,Foliage
LF,24960.0,5.79376375824843,103.7085,103.7199,23750.0,30841.0,Eptesicus serotinus,0.145,0.349,-1,Echolocation,192000.0,/mnt/ubna_data_06/recover-20251210/UBNA_032/20251209_041000.WAV,recover-20251210,UBNA_032,Foliage
LF,26880.0,14.413826694308725,128.8145,128.8218,22890.0,34706.0,Plecotus austriacus,0.227,0.37,-1,Echolocation,192000.0,/mnt/ubna_data_06/recover-20251210/UBNA_032/20251209_041000.WAV,recover-20251210,UBNA_032,Foliage
LF,24960.0,15.271405361887545,215.8705,215.8766,21171.0,35298.0,Plecotus austriacus,0.337,0.395,-1,Echolocation,192000.0,/mnt/ubna_data_06/recover-20251210/UBNA_032/20251209_041000.WAV,recover-20251210,UBNA_032,Foliage
LF,24960.0,5.314338110855949,254.0065,254.0122,23750.0,33914.0,Plecotus austriacus,0.27,0.316,-1,Echolocation,192000.0,/mnt/ubna_data_06/recover-20251210/UBNA_032/20251209_041000.WAV,recover-20251210,UBNA_032,Foliage
LF,25920.0,11.45885289453339,262.8355,262.8408,23750.0,35830.0,Plecotus austriacus,0.242,0.301,-1,Echolocation,192000.0,/mnt/ubna_data_06/recover-20251210/UBNA_032/20251209_041000.WAV,recover-20251210,UBNA_032,Foliage
LF,25920.0,3.158872091908136,271.8405,271.8483,26328.0,34439.0,Eptesicus serotinus,0.196,0.337,-1,Echolocation,192000.0,/mnt/ubna_data_06/recover-20251210/UBNA_032/20251209_041000.WAV,recover-20251210,UBNA_032,Foliage
LF,25920.0,4.8758469013814025,30.3585,30.3685,25468.0,31620.0,Nyctalus leisleri,0.177,0.35,-1,Echolocation,192000.0,/mnt/ubna_data_06/recover-20251210/UBNA_032/20251209_042000.WAV,recover-20251210,UBNA_032,Foliage
LF,24000.0,3.2050503644529953,48.1755,48.1864,22890.0,29824.0,Eptesicus serotinus,0.197,0.417,-1,Echolocation,192000.0,/mnt/ubna_data_06/recover-20251210/UBNA_032/20251209_042000.WAV,recover-20251210,UBNA_032,Foliage
LF,29760.0,2.4342783936028614,199.0455,199.0552,28046.0,33905.0,Nyctalus leisleri,0.164,0.354,-1,Echolocation,192000.0,/mnt/ubna_data_06/recover-20251210/UBNA_032/20251209_042000.WAV,recover-20251210,UBNA_032,Foliage
LF,24960.0,8.469292557827522,294.1745,294.1801,22890.0,36443.0,Plecotus austriacus,0.292,0.378,-1,Echolocation,192000.0,/mnt/ubna_data_06/recover-20251210/UBNA_032/20251209_042000.WAV,recover-20251210,UBNA_032,Foliage
LF,24960.0,7.992985358244504,178.1655,178.171,22890.0,37922.0,Plecotus austriacus,0.251,0.307,-1,Echolocation,192000.0,/mnt/ubna_data_06/recover-20251210/UBNA_032/20251209_045000.WAV,recover-20251210,UBNA_032,Foliage
LF,25920.0,0.05279837155115402,17.0475,17.0577,24609.0,30957.0,Nyctalus leisleri,0.207,0.395,-1,Echolocation,192000.0,/mnt/ubna_data_06/recover-20251210/UBNA_032/20251209_061000.WAV,recover-20251210,UBNA_032,Foliage
LF,24000.0,-10.54657855189507,39.5635,39.5733,22890.0,29667.0,Nyctalus leisleri,0.148,0.338,-1,Echolocation,192000.0,/mnt/ubna_data_06/recover-20251210/UBNA_032/20251209_062000.WAV,recover-20251210,UBNA_032,Foliage
LF,24000.0,3.189715326133899,76.2685,76.281,22890.0,28011.0,Nyctalus leisleri,0.141,0.323,-1,Echolocation,192000.0,/mnt/ubna_data_06/recover-20251210/UBNA_032/20251209_063000.WAV,recover-20251210,UBNA_032,Foliage
LF,23040.0,6.391236027370294,242.0395,242.0548,22890.0,27071.0,Nyctalus noctula,0.188,0.376,-1,Echolocation,192000.0,/mnt/ubna_data_06/recover-20251210/UBNA_032/20251209_073000.WAV,recover-20251210,UBNA_032,Foliage
LF,24000.0,1.5729992606290264,242.1525,242.1626,22031.0,30686.0,Nyctalus noctula,0.111,0.337,-1,Echolocation,192000.0,/mnt/ubna_data_06/recover-20251210/UBNA_032/20251209_073000.WAV,recover-20251210,UBNA_032,Foliage
LF,24000.0,1.7680479045173039,140.6085,140.6211,23750.0,28737.0,Nyctalus leisleri,0.146,0.304,-1,Echolocation,192000.0,/mnt/ubna_data_06/recover-20251210/UBNA_032/20251209_074000.WAV,recover-20251210,UBNA_032,Foliage
LF,27840.0,6.132470561125018,249.4605,249.4658,22890.0,35689.0,Plecotus austriacus,0.172,0.331,-1,Echolocation,192000.0,/mnt/ubna_data_06/recover-20251210/UBNA_032/20251209_074000.WAV,recover-20251210,UBNA_032,Foliage
LF,30720.0,2.8132454553564163,135.4075,135.4177,27187.0,33495.0,Nyctalus leisleri,0.162,0.323,-1,Echolocation,192000.0,/mnt/ubna_data_06/recover-20251210/UBNA_032/20251209_075000.WAV,recover-20251210,UBNA_032,Foliage
LF,25920.0,4.417893804022764,278.8445,278.8487,24609.0,40903.0,Plecotus austriacus,0.221,0.302,-1,Echolocation,192000.0,/mnt/ubna_data_06/recover-20251210/UBNA_032/20251209_075000.WAV,recover-20251210,UBNA_032,Foliage
LF,24000.0,1.5061582160896578,207.2775,207.2899,20312.0,27206.0,Nyctalus noctula,0.186,0.36,-1,Echolocation,192000.0,/mnt/ubna_data_06/recover-20251210/UBNA_032/20251209_080000.WAV,recover-20251210,UBNA_032,Foliage
HF,47040.0,3.739544237685738,95.1095,95.1209,45234.0,50304.0,Pipistrellus pipistrellus,0.259,0.302,-1,Echolocation,192000.0,/mnt/ubna_data_06/recover-20251210/UBNA_032/20251209_081000.WAV,recover-20251210,UBNA_032,Foliage
LF,24960.0,-3.8309642710415863,168.1355,168.1485,22890.0,28242.0,Nyctalus leisleri,0.168,0.3,-1,Echolocation,192000.0,/mnt/ubna_data_06/recover-20251210/UBNA_032/20251209_082000.WAV,recover-20251210,UBNA_032,Foliage
LF,24960.0,4.401948378316116,7.5695,7.5768,22031.0,31692.0,Plecotus austriacus,0.157,0.304,-1,Echolocation,192000.0,/mnt/ubna_data_06/recover-20251210/UBNA_032/20251209_083000.WAV,recover-20251210,UBNA_032,Foliage
LF,24000.0,3.8995064756293525,27.0775,27.0813,16015.0,38910.0,Plecotus auritus,0.175,0.338,-1,Echolocation,192000.0,/mnt/ubna_data_06/recover-20251210/UBNA_032/20251209_083000.WAV,recover-20251210,UBNA_032,Foliage
LF,23040.0,8.779923766355779,66.7095,66.7168,22031.0,30869.0,Plecotus austriacus,0.193,0.351,-1,Echolocation,192000.0,/mnt/ubna_data_06/recover-20251210/UBNA_032/20251209_083000.WAV,recover-20251210,UBNA_032,Foliage
LF,24000.0,5.2440481444389295,75.5325,75.5386,20312.0,30925.0,Plecotus austriacus,0.228,0.317,-1,Echolocation,192000.0,/mnt/ubna_data_06/recover-20251210/UBNA_032/20251209_083000.WAV,recover-20251210,UBNA_032,Foliage
LF,24960.0,4.667705628359834,209.6045,209.6154,22031.0,29213.0,Nyctalus noctula,0.101,0.329,-1,Echolocation,192000.0,/mnt/ubna_data_06/recover-20251210/UBNA_032/20251209_083000.WAV,recover-20251210,UBNA_032,Foliage
LF,25920.0,2.8734936968857494,217.9015,217.9106,22890.0,30979.0,Eptesicus serotinus,0.109,0.304,-1,Echolocation,192000.0,/mnt/ubna_data_06/recover-20251210/UBNA_032/20251209_083000.WAV,recover-20251210,UBNA_032,Foliage
LF,24000.0,-3.729128252658665,227.6505,227.6619,22890.0,28681.0,Nyctalus leisleri,0.121,0.336,-1,Echolocation,192000.0,/mnt/ubna_data_06/recover-20251210/UBNA_032/20251209_083000.WAV,recover-20251210,UBNA_032,Foliage
LF,24000.0,1.0681765690689033,243.3995,243.4103,22890.0,29401.0,Nyctalus leisleri,0.101,0.329,-1,Echolocation,192000.0,/mnt/ubna_data_06/recover-20251210/UBNA_032/20251209_083000.WAV,recover-20251210,UBNA_032,Foliage
LF,25920.0,2.8931898275839862,256.7725,256.7789,22890.0,36720.0,Plecotus austriacus,0.196,0.312,-1,Echolocation,192000.0,/mnt/ubna_data_06/recover-20251210/UBNA_032/20251209_083000.WAV,recover-20251210,UBNA_032,Foliage
LF,24000.0,3.9349712576099427,18.2175,18.2234,22031.0,35791.0,Plecotus austriacus,0.258,0.313,-1,Echolocation,192000.0,/mnt/ubna_data_06/recover-20251210/UBNA_032/20251209_084000.WAV,recover-20251210,UBNA_032,Foliage
LF,24960.0,3.7115269544783382,18.8775,18.886,23750.0,32028.0,Eptesicus serotinus,0.141,0.336,-1,Echolocation,192000.0,/mnt/ubna_data_06/recover-20251210/UBNA_032/20251209_084000.WAV,recover-20251210,UBNA_032,Foliage
LF,24000.0,4.649405142991992,75.4095,75.4172,22031.0,30779.0,Plecotus austriacus,0.121,0.302,-1,Echolocation,192000.0,/mnt/ubna_data_06/recover-20251210/UBNA_032/20251209_084000.WAV,recover-20251210,UBNA_032,Foliage
LF,26880.0,3.0405640344779066,176.7075,176.714,23750.0,33339.0,Plecotus austriacus,0.091,0.302,-1,Echolocation,192000.0,/mnt/ubna_data_06/recover-20251210/UBNA_032/20251209_084000.WAV,recover-20251210,UBNA_032,Foliage
HF,45120.0,2.158933866674379,271.9225,271.9359,44375.0,47215.0,Pipistrellus pipistrellus,0.283,0.32,-1,Echolocation,192000.0,/mnt/ubna_data_06/recover-20251210/UBNA_032/20251209_084000.WAV,recover-20251210,UBNA_032,Foliage
LF,25920.0,9.481387193618371,282.3055,282.3116,22031.0,33038.0,Plecotus austriacus,0.235,0.313,-1,Echolocation,192000.0,/mnt/ubna_data_06/recover-20251210/UBNA_032/20251209_084000.WAV,recover-20251210,UBNA_032,Foliage
LF,23040.0,15.887596482261241,3.0465,3.0517,20312.0,37859.0,Plecotus austriacus,0.387,0.475,-1,Echolocation,192000.0,/mnt/ubna_data_06/recover-20251210/UBNA_032/20251209_085000.WAV,recover-20251210,UBNA_032,Foliage
LF,24000.0,11.434156402592262,20.4345,20.4423,22031.0,28566.0,Nyctalus leisleri,0.162,0.32,-1,Echolocation,192000.0,/mnt/ubna_data_06/recover-20251210/UBNA_032/20251209_085000.WAV,recover-20251210,UBNA_032,Foliage
LF,25920.0,16.22988088254698,51.5375,51.5423,21171.0,32860.0,Plecotus austriacus,0.274,0.371,-1,Echolocation,192000.0,/mnt/ubna_data_06/recover-20251210/UBNA_032/20251209_085000.WAV,recover-20251210,UBNA_032,Foliage
LF,24960.0,0.8840251443865819,109.3225,109.3308,23750.0,32257.0,Eptesicus serotinus,0.186,0.331,-1,Echolocation,192000.0,/mnt/ubna_data_06/recover-20251210/UBNA_032/20251209_085000.WAV,recover-20251210,UBNA_032,Foliage
LF,24960.0,10.376702986136914,147.8175,147.8244,21171.0,30562.0,Plecotus austriacus,0.155,0.304,-1,Echolocation,192000.0,/mnt/ubna_data_06/recover-20251210/UBNA_032/20251209_085000.WAV,recover-20251210,UBNA_032,Foliage
LF,27840.0,5.956855483799482,163.6715,163.6773,21171.0,31910.0,Plecotus austriacus,0.238,0.312,-1,Echolocation,192000.0,/mnt/ubna_data_06/recover-20251210/UBNA_032/20251209_085000.WAV,recover-20251210,UBNA_032,Foliage
LF,28800.0,3.5741027259896825,168.1095,168.11430000000001,24609.0,35984.0,Plecotus austriacus,0.249,0.322,-1,Echolocation,192000.0,/mnt/ubna_data_06/recover-20251210/UBNA_032/20251209_085000.WAV,recover-20251210,UBNA_032,Foliage
LF,26880.0,7.4184179788930695,223.1085,223.1175,25468.0,32343.0,Eptesicus serotinus,0.159,0.313,-1,Echolocation,192000.0,/mnt/ubna_data_06/recover-20251210/UBNA_032/20251209_085000.WAV,recover-20251210,UBNA_032,Foliage
LF,24960.0,7.167973239767411,297.5425,297.5482,19453.0,31463.0,Plecotus austriacus,0.214,0.329,-1,Echolocation,192000.0,/mnt/ubna_data_06/recover-20251210/UBNA_032/20251209_085000.WAV,recover-20251210,UBNA_032,Foliage
LF,27840.0,4.339435352603634,120.8515,120.861,25468.0,31724.0,Eptesicus serotinus,0.15,0.322,-1,Echolocation,192000.0,/mnt/ubna_data_06/recover-20251210/UBNA_032/20251209_090000.WAV,recover-20251210,UBNA_032,Foliage
LF,25920.0,4.480507597579405,206.8765,206.8854,23750.0,30782.0,Eptesicus serotinus,0.165,0.386,-1,Echolocation,192000.0,/mnt/ubna_data_06/recover-20251210/UBNA_032/20251209_090000.WAV,recover-20251210,UBNA_032,Foliage
LF,24000.0,16.617337442672294,210.6795,210.6854,21171.0,36179.0,Plecotus austriacus,0.251,0.304,-1,Echolocation,192000.0,/mnt/ubna_data_06/recover-20251210/UBNA_032/20251209_090000.WAV,recover-20251210,UBNA_032,Foliage
LF,27840.0,4.146879582681782,271.2205,271.23,26328.0,32059.0,Eptesicus serotinus,0.203,0.427,-1,Echolocation,192000.0,/mnt/ubna_data_06/recover-20251210/UBNA_032/20251209_090000.WAV,recover-20251210,UBNA_032,Foliage
LF,26880.0,4.444319211832388,53.6485,53.6562,25468.0,33395.0,Eptesicus serotinus,0.199,0.379,-1,Echolocation,192000.0,/mnt/ubna_data_06/recover-20251210/UBNA_032/20251209_094000.WAV,recover-20251210,UBNA_032,Foliage
LF,25920.0,0.8311661998971208,274.9675,274.9797,22890.0,29123.0,Nyctalus leisleri,0.125,0.345,-1,Echolocation,192000.0,/mnt/ubna_data_06/recover-20251210/UBNA_032/20251209_095000.WAV,recover-20251210,UBNA_032,Foliage
LF,26880.0,1.4749103936800168,90.0375,90.0468,26328.0,34441.0,Eptesicus serotinus,0.217,0.311,-1,Echolocation,192000.0,/mnt/ubna_data_06/recover-20251210/UBNA_032/20251209_102000.WAV,recover-20251210,UBNA_032,Foliage
LF,25920.0,3.4529815652217746,229.3465,229.3556,23750.0,31412.0,Nyctalus leisleri,0.126,0.408,-1,Echolocation,192000.0,/mnt/ubna_data_06/recover-20251210/UBNA_032/20251209_102000.WAV,recover-20251210,UBNA_032,Foliage
LF,30720.0,4.820737425678763,258.6895,258.6997,28906.0,34835.0,Eptesicus serotinus,0.182,0.373,-1,Echolocation,192000.0,/mnt/ubna_data_06/recover-20251210/UBNA_032/20251209_102000.WAV,recover-20251210,UBNA_032,Foliage
LF,25920.0,3.500142356858941,130.8085,130.8158,24609.0,33335.0,Eptesicus serotinus,0.105,0.349,-1,Echolocation,192000.0,/mnt/ubna_data_06/recover-20251210/UBNA_032/20251209_103000.WAV,recover-20251210,UBNA_032,Foliage
LF,26880.0,8.106861995776748,149.7285,149.7346,22890.0,32941.0,Plecotus austriacus,0.257,0.349,-1,Echolocation,192000.0,/mnt/ubna_data_06/recover-20251210/UBNA_032/20251209_103000.WAV,recover-20251210,UBNA_032,Foliage
LF,26880.0,2.5716472283609586,4.7005,4.7089,25468.0,32502.0,Eptesicus serotinus,0.2,0.415,-1,Echolocation,192000.0,/mnt/ubna_data_06/recover-20251210/UBNA_032/20251209_104000.WAV,recover-20251210,UBNA_032,Foliage
LF,30720.0,8.632772829955025,36.6265,36.6317,22031.0,33602.0,Plecotus austriacus,0.247,0.31,-1,Echolocation,192000.0,/mnt/ubna_data_06/recover-20251210/UBNA_032/20251209_104000.WAV,recover-20251210,UBNA_032,Foliage
LF,26880.0,3.6825425660408544,228.0205,228.0249,23750.0,35304.0,Plecotus auritus,0.152,0.335,-1,Echolocation,192000.0,/mnt/ubna_data_06/recover-20251210/UBNA_032/20251209_104000.WAV,recover-20251210,UBNA_032,Foliage
LF,25920.0,10.191675659838262,266.6215,266.6273,21171.0,32371.0,Plecotus austriacus,0.193,0.307,-1,Echolocation,192000.0,/mnt/ubna_data_06/recover-20251210/UBNA_032/20251209_104000.WAV,recover-20251210,UBNA_032,Foliage
LF,26880.0,1.64732206672513,298.7455,298.7544,27187.0,33741.0,Eptesicus serotinus,0.226,0.346,-1,Echolocation,192000.0,/mnt/ubna_data_06/recover-20251210/UBNA_032/20251209_105000.WAV,recover-20251210,UBNA_032,Foliage
LF,21120.0,0.3628275303172517,72.9445,72.9651,19453.0,23199.0,Nyctalus noctula,0.201,0.334,-1,Echolocation,192000.0,/mnt/ubna_data_06/recover-20251210/UBNA_032/20251209_110000.WAV,recover-20251210,UBNA_032,Foliage
LF,29760.0,5.609360866135087,234.7345,234.739,25468.0,37287.0,Plecotus austriacus,0.253,0.339,-1,Echolocation,192000.0,/mnt/ubna_data_06/recover-20251210/UBNA_032/20251209_111000.WAV,recover-20251210,UBNA_032,Foliage
LF,26880.0,1.8988667766676337,159.3635,159.3718,26328.0,34041.0,Eptesicus serotinus,0.172,0.306,-1,Echolocation,192000.0,/mnt/ubna_data_06/recover-20251210/UBNA_032/20251209_113000.WAV,recover-20251210,UBNA_032,Foliage
LF,24960.0,5.494833247293894,195.3665,195.3719,21171.0,37629.0,Plecotus austriacus,0.244,0.314,-1,Echolocation,192000.0,/mnt/ubna_data_06/recover-20251210/UBNA_032/20251209_113000.WAV,recover-20251210,UBNA_032,Foliage
LF,25920.0,2.7997738084930432,203.0315,203.0403,23750.0,32178.0,Eptesicus serotinus,0.134,0.315,-1,Echolocation,192000.0,/mnt/ubna_data_06/recover-20251210/UBNA_032/20251209_113000.WAV,recover-20251210,UBNA_032,Foliage
LF,26880.0,5.827704458501197,230.4245,230.4334,25468.0,32308.0,Eptesicus serotinus,0.234,0.416,-1,Echolocation,192000.0,/mnt/ubna_data_06/recover-20251210/UBNA_032/20251209_113000.WAV,recover-20251210,UBNA_032,Foliage
LF,29760.0,1.2492067087012921,68.4095,68.418,28046.0,34456.0,Eptesicus serotinus,0.245,0.349,-1,Echolocation,192000.0,/mnt/ubna_data_06/recover-20251210/UBNA_032/20251209_115000.WAV,recover-20251210,UBNA_032,Foliage
LF,24960.0,13.056066539772713,120.4445,120.45,21171.0,38727.0,Plecotus austriacus,0.234,0.317,-1,Echolocation,192000.0,/mnt/ubna_data_06/recover-20251210/UBNA_032/20251209_115000.WAV,recover-20251210,UBNA_032,Foliage
LF,25920.0,2.8738978968864703,177.8195,177.8245,23750.0,37172.0,Plecotus austriacus,0.28,0.34,-1,Echolocation,192000.0,/mnt/ubna_data_06/recover-20251210/UBNA_032/20251209_115000.WAV,recover-20251210,UBNA_032,Foliage
LF,26880.0,2.6764831160553335,47.7635,47.7743,25468.0,30200.0,Eptesicus serotinus,0.149,0.327,-1,Echolocation,192000.0,/mnt/ubna_data_06/recover-20251210/UBNA_032/20251209_120000.WAV,recover-20251210,UBNA_032,Foliage
LF,26880.0,2.1115465762194536,249.7865,249.7966,27187.0,33709.0,Eptesicus serotinus,0.229,0.344,-1,Echolocation,192000.0,/mnt/ubna_data_06/recover-20251210/UBNA_032/20251209_120000.WAV,recover-20251210,UBNA_032,Foliage
LF,24000.0,3.9016569282354507,71.5595,71.5696,22031.0,28917.0,Nyctalus leisleri,0.097,0.309,-1,Echolocation,192000.0,/mnt/ubna_data_06/recover-20251210/UBNA_032/20251209_125000.WAV,recover-20251210,UBNA_032,Foliage
LF,24000.0,4.105675865071098,81.7175,81.727,23750.0,31921.0,Eptesicus serotinus,0.128,0.303,-1,Echolocation,192000.0,/mnt/ubna_data_06/recover-20251210/UBNA_032/20251209_125000.WAV,recover-20251210,UBNA_032,Foliage
LF,24960.0,2.967639654040983,298.7125,298.7196,22890.0,32385.0,Plecotus austriacus,0.109,0.304,-1,Echolocation,192000.0,/mnt/ubna_data_06/recover-20251210/UBNA_032/20251209_125000.WAV,recover-20251210,UBNA_032,Foliage
LF,28800.0,3.0919476953159215,175.7015,175.7062,24609.0,36898.0,Plecotus austriacus,0.239,0.334,-1,Echolocation,192000.0,/mnt/ubna_data_06/recover-20251210/UBNA_032/20251209_131000.WAV,recover-20251210,UBNA_032,Foliage
LF,27840.0,1.9616436787676954,266.5525,266.5568,25468.0,38684.0,Plecotus austriacus,0.271,0.379,-1,Echolocation,192000.0,/mnt/ubna_data_06/recover-20251210/UBNA_032/20251209_131000.WAV,recover-20251210,UBNA_032,Foliage
LF,27840.0,4.941619697865048,21.5935,21.5983,24609.0,36458.0,Plecotus austriacus,0.212,0.402,-1,Echolocation,192000.0,/mnt/ubna_data_06/recover-20251210/UBNA_032/20251209_132000.WAV,recover-20251210,UBNA_032,Foliage
LF,25920.0,3.628867176538459,30.1455,30.1504,22890.0,35891.0,Plecotus austriacus,0.335,0.386,-1,Echolocation,192000.0,/mnt/ubna_data_06/recover-20251210/UBNA_032/20251209_132000.WAV,recover-20251210,UBNA_032,Foliage
LF,25920.0,1.8886555023977258,71.2915,71.3008,25468.0,32172.0,Eptesicus serotinus,0.209,0.322,-1,Echolocation,192000.0,/mnt/ubna_data_06/recover-20251210/UBNA_032/20251209_132000.WAV,recover-20251210,UBNA_032,Foliage
LF,26880.0,2.9162550594812604,77.1245,77.1323,26328.0,33468.0,Eptesicus serotinus,0.2,0.362,-1,Echolocation,192000.0,/mnt/ubna_data_06/recover-20251210/UBNA_032/20251209_132000.WAV,recover-20251210,UBNA_032,Foliage
LF,25920.0,6.936419960870934,82.3085,82.316,23750.0,32896.0,Plecotus austriacus,0.147,0.414,-1,Echolocation,192000.0,/mnt/ubna_data_06/recover-20251210/UBNA_032/20251209_132000.WAV,recover-20251210,UBNA_032,Foliage
LF,25920.0,4.1855535640736585,212.6725,212.6795,23750.0,33163.0,Eptesicus serotinus,0.104,0.325,-1,Echolocation,192000.0,/mnt/ubna_data_06/recover-20251210/UBNA_032/20251209_132000.WAV,recover-20251210,UBNA_032,Foliage
LF,25920.0,1.252991236878438,214.6205,214.6263,22890.0,34814.0,Plecotus austriacus,0.212,0.351,-1,Echolocation,192000.0,/mnt/ubna_data_06/recover-20251210/UBNA_032/20251209_132000.WAV,recover-20251210,UBNA_032,Foliage
LF,27840.0,2.127743676427481,215.5925,215.6011,26328.0,33845.0,Eptesicus serotinus,0.178,0.375,-1,Echolocation,192000.0,/mnt/ubna_data_06/recover-20251210/UBNA_032/20251209_132000.WAV,recover-20251210,UBNA_032,Foliage
LF,26880.0,3.645707706469458,223.9405,223.9494,25468.0,32295.0,Eptesicus serotinus,0.173,0.357,-1,Echolocation,192000.0,/mnt/ubna_data_06/recover-20251210/UBNA_032/20251209_132000.WAV,recover-20251210,UBNA_032,Foliage
LF,24960.0,3.7939694609582366,85.0425,85.0534,24609.0,31068.0,Eptesicus serotinus,0.144,0.303,-1,Echolocation,192000.0,/mnt/ubna_data_06/recover-20251210/UBNA_032/20251209_133000.WAV,recover-20251210,UBNA_032,Foliage
LF,26880.0,2.7385542524755917,107.6995,107.7037,24609.0,40993.0,Plecotus austriacus,0.358,0.457,-1,Echolocation,192000.0,/mnt/ubna_data_06/recover-20251210/UBNA_032/20251209_133000.WAV,recover-20251210,UBNA_032,Foliage
LF,27840.0,1.9287762794667551,168.7375,168.7432,25468.0,36173.0,Plecotus auritus,0.105,0.316,-1,Echolocation,192000.0,/mnt/ubna_data_06/recover-20251210/UBNA_032/20251209_133000.WAV,recover-20251210,UBNA_032,Foliage
LF,29760.0,2.1461616693178973,207.4475,207.4555,28046.0,36206.0,Eptesicus serotinus,0.214,0.338,-1,Echolocation,192000.0,/mnt/ubna_data_06/recover-20251210/UBNA_032/20251209_133000.WAV,recover-20251210,UBNA_032,Foliage
LF,24000.0,2.2115079569484326,208.3725,208.3821,22890.0,30839.0,Nyctalus noctula,0.079,0.311,-1,Echolocation,192000.0,/mnt/ubna_data_06/recover-20251210/UBNA_032/20251209_133000.WAV,recover-20251210,UBNA_032,Foliage
LF,26880.0,13.698286327956325,238.5745,238.58089999999999,22031.0,32978.0,Plecotus austriacus,0.27,0.334,-1,Echolocation,192000.0,/mnt/ubna_data_06/recover-20251210/UBNA_032/20251209_133000.WAV,recover-20251210,UBNA_032,Foliage
LF,25920.0,2.2834239449416542,245.0565,245.0669,23750.0,30890.0,Eptesicus serotinus,0.137,0.322,-1,Echolocation,192000.0,/mnt/ubna_data_06/recover-20251210/UBNA_032/20251209_133000.WAV,recover-20251210,UBNA_032,Foliage
LF,24000.0,11.414466589664096,245.8825,245.8897,22031.0,31398.0,Plecotus austriacus,0.234,0.351,-1,Echolocation,192000.0,/mnt/ubna_data_06/recover-20251210/UBNA_032/20251209_133000.WAV,recover-20251210,UBNA_032,Foliage
LF,24960.0,13.932725531322369,260.6135,260.6205,21171.0,31901.0,Plecotus austriacus,0.286,0.356,-1,Echolocation,192000.0,/mnt/ubna_data_06/recover-20251210/UBNA_032/20251209_133000.WAV,recover-20251210,UBNA_032,Foliage
LF,28800.0,12.456881665826424,267.29449999999997,267.3009,22890.0,34638.0,Plecotus austriacus,0.27,0.342,-1,Echolocation,192000.0,/mnt/ubna_data_06/recover-20251210/UBNA_032/20251209_133000.WAV,recover-20251210,UBNA_032,Foliage
LF,24960.0,8.269966302950014,280.6865,280.6919,22890.0,33402.0,Plecotus austriacus,0.155,0.312,-1,Echolocation,192000.0,/mnt/ubna_data_06/recover-20251210/UBNA_032/20251209_133000.WAV,recover-20251210,UBNA_032,Foliage
LF,24960.0,2.493668498330462,286.4565,286.4615,22031.0,35827.0,Plecotus austriacus,0.265,0.314,-1,Echolocation,192000.0,/mnt/ubna_data_06/recover-20251210/UBNA_032/20251209_133000.WAV,recover-20251210,UBNA_032,Foliage
LF,25920.0,5.062658084328292,36.9825,36.9902,22031.0,32092.0,Plecotus austriacus,0.157,0.308,-1,Echolocation,192000.0,/mnt/ubna_data_06/recover-20251210/UBNA_032/20251209_134000.WAV,recover-20251210,UBNA_032,Foliage
LF,24960.0,5.261006350894166,70.0235,70.0285,22031.0,36952.0,Plecotus austriacus,0.286,0.361,-1,Echolocation,192000.0,/mnt/ubna_data_06/recover-20251210/UBNA_032/20251209_134000.WAV,recover-20251210,UBNA_032,Foliage
LF,24000.0,3.5001104599902586,123.2855,123.2918,22031.0,33293.0,Plecotus austriacus,0.237,0.316,-1,Echolocation,192000.0,/mnt/ubna_data_06/recover-20251210/UBNA_032/20251209_134000.WAV,recover-20251210,UBNA_032,Foliage
LF,24960.0,9.946453427489768,126.7135,126.71940000000001,22031.0,34640.0,Plecotus austriacus,0.24,0.304,-1,Echolocation,192000.0,/mnt/ubna_data_06/recover-20251210/UBNA_032/20251209_134000.WAV,recover-20251210,UBNA_032,Foliage
LF,25920.0,15.906927941517,128.9345,128.9424,22890.0,35963.0,Plecotus austriacus,0.247,0.465,-1,Echolocation,192000.0,/mnt/ubna_data_06/recover-20251210/UBNA_032/20251209_134000.WAV,recover-20251210,UBNA_032,Foliage
LF,24960.0,8.664657694903298,157.0495,157.0556,22031.0,33096.0,Plecotus austriacus,0.266,0.325,-1,Echolocation,192000.0,/mnt/ubna_data_06/recover-20251210/UBNA_032/20251209_134000.WAV,recover-20251210,UBNA_032,Foliage
LF,26880.0,7.519577156352363,213.5985,213.6038,23750.0,38604.0,Plecotus austriacus,0.259,0.325,-1,Echolocation,192000.0,/mnt/ubna_data_06/recover-20251210/UBNA_032/20251209_134000.WAV,recover-20251210,UBNA_032,Foliage
LF,26880.0,10.834211567389286,267.9645,267.97,23750.0,36394.0,Plecotus austriacus,0.265,0.316,-1,Echolocation,192000.0,/mnt/ubna_data_06/recover-20251210/UBNA_032/20251209_134000.WAV,recover-20251210,UBNA_032,Foliage
LF,23040.0,11.132658310769582,271.6835,271.6889,20312.0,35566.0,Plecotus austriacus,0.297,0.341,-1,Echolocation,192000.0,/mnt/ubna_data_06/recover-20251210/UBNA_032/20251209_134000.WAV,recover-20251210,UBNA_032,Foliage
LF,24960.0,12.276183841465338,291.7865,291.7919,20312.0,34438.0,Plecotus austriacus,0.26,0.328,-1,Echolocation,192000.0,/mnt/ubna_data_06/recover-20251210/UBNA_032/20251209_134000.WAV,recover-20251210,UBNA_032,Foliage
LF,24000.0,11.433557025815562,0.8145,0.8206,20312.0,36217.0,Plecotus austriacus,0.299,0.417,-1,Echolocation,192000.0,/mnt/ubna_data_06/recover-20251210/UBNA_032/20251209_135000.WAV,recover-20251210,UBNA_032,Foliage
LF,26880.0,-0.6907724639345949,4.8585,4.8639,22890.0,33742.0,Plecotus austriacus,0.245,0.346,-1,Echolocation,192000.0,/mnt/ubna_data_06/recover-20251210/UBNA_032/20251209_135000.WAV,recover-20251210,UBNA_032,Foliage
LF,25920.0,14.777455142980081,6.0455,6.0521,21171.0,33586.0,Plecotus austriacus,0.303,0.366,-1,Echolocation,192000.0,/mnt/ubna_data_06/recover-20251210/UBNA_032/20251209_135000.WAV,recover-20251210,UBNA_032,Foliage
LF,24960.0,5.664881367736174,7.0695,7.0762,22031.0,32526.0,Plecotus austriacus,0.266,0.33,-1,Echolocation,192000.0,/mnt/ubna_data_06/recover-20251210/UBNA_032/20251209_135000.WAV,recover-20251210,UBNA_032,Foliage
LF,24000.0,10.207561840148106,11.5095,11.5144,19453.0,33604.0,Plecotus austriacus,0.259,0.337,-1,Echolocation,192000.0,/mnt/ubna_data_06/recover-20251210/UBNA_032/20251209_135000.WAV,recover-20251210,UBNA_032,Foliage
LF,25920.0,7.200554315487699,75.2085,75.2127,22890.0,38219.0,Plecotus austriacus,0.221,0.308,-1,Echolocation,192000.0,/mnt/ubna_data_06/recover-20251210/UBNA_032/20251209_135000.WAV,recover-20251210,UBNA_032,Foliage
LF,25920.0,9.80609183454003,83.3815,83.3873,22031.0,32031.0,Plecotus austriacus,0.238,0.315,-1,Echolocation,192000.0,/mnt/ubna_data_06/recover-20251210/UBNA_032/20251209_135000.WAV,recover-20251210,UBNA_032,Foliage
LF,25920.0,2.1433589223735474,114.4825,114.4913,25468.0,32795.0,Eptesicus serotinus,0.222,0.349,-1,Echolocation,192000.0,/mnt/ubna_data_06/recover-20251210/UBNA_032/20251209_135000.WAV,recover-20251210,UBNA_032,Foliage
LF,25920.0,16.24964680272737,125.3475,125.3541,20312.0,33709.0,Plecotus austriacus,0.246,0.319,-1,Echolocation,192000.0,/mnt/ubna_data_06/recover-20251210/UBNA_032/20251209_135000.WAV,recover-20251210,UBNA_032,Foliage
LF,28800.0,5.767657899936588,132.7805,132.7904,27187.0,33144.0,Eptesicus serotinus,0.155,0.318,-1,Echolocation,192000.0,/mnt/ubna_data_06/recover-20251210/UBNA_032/20251209_135000.WAV,recover-20251210,UBNA_032,Foliage
LF,26880.0,4.233459924555813,150.3215,150.3307,26328.0,34267.0,Eptesicus serotinus,0.126,0.321,-1,Echolocation,192000.0,/mnt/ubna_data_06/recover-20251210/UBNA_032/20251209_135000.WAV,recover-20251210,UBNA_032,Foliage
LF,25920.0,9.184674740096824,150.6545,150.6609,22031.0,31050.0,Plecotus austriacus,0.218,0.355,-1,Echolocation,192000.0,/mnt/ubna_data_06/recover-20251210/UBNA_032/20251209_135000.WAV,recover-20251210,UBNA_032,Foliage
LF,25920.0,3.9239518806299785,184.9455,184.9541,22890.0,31472.0,Plecotus austriacus,0.093,0.337,-1,Echolocation,192000.0,/mnt/ubna_data_06/recover-20251210/UBNA_032/20251209_135000.WAV,recover-20251210,UBNA_032,Foliage
LF,24960.0,6.861937908446989,104.4055,104.4124,22031.0,31505.0,Plecotus austriacus,0.272,0.399,-1,Echolocation,192000.0,/mnt/ubna_data_06/recover-20251210/UBNA_032/20251209_140000.WAV,recover-20251210,UBNA_032,Foliage
LF,24000.0,3.768587825649585,104.7975,104.8084,22890.0,28993.0,Nyctalus leisleri,0.14,0.389,-1,Echolocation,192000.0,/mnt/ubna_data_06/recover-20251210/UBNA_032/20251209_140000.WAV,recover-20251210,UBNA_032,Foliage
LF,26880.0,8.580457183945136,104.6385,104.6441,23750.0,32858.0,Plecotus austriacus,0.15,0.331,-1,Echolocation,192000.0,/mnt/ubna_data_06/recover-20251210/UBNA_032/20251209_143000.WAV,recover-20251210,UBNA_032,Foliage
LF,24960.0,5.109649359303501,147.8195,147.8238,22890.0,35233.0,Plecotus austriacus,0.25,0.305,-1,Echolocation,192000.0,/mnt/ubna_data_06/recover-20251210/UBNA_032/20251209_143000.WAV,recover-20251210,UBNA_032,Foliage
LF,25920.0,0.058394697924484415,115.0605,115.0715,25468.0,31886.0,Eptesicus serotinus,0.184,0.309,-1,Echolocation,192000.0,/mnt/ubna_data_06/recover-20251210/UBNA_032/20251209_144000.WAV,recover-20251210,UBNA_032,Foliage
LF,30720.0,1.3137624790165534,117.8625,117.8742,28046.0,33667.0,Eptesicus serotinus,0.177,0.303,-1,Echolocation,192000.0,/mnt/ubna_data_06/recover-20251210/UBNA_032/20251209_145000.WAV,recover-20251210,UBNA_032,Foliage
LF,27840.0,4.807943198631637,143.8265,143.8331,25468.0,34795.0,Plecotus austriacus,0.149,0.314,-1,Echolocation,192000.0,/mnt/ubna_data_06/recover-20251210/UBNA_032/20251209_145000.WAV,recover-20251210,UBNA_032,Foliage
LF,30720.0,2.4596520156297466,176.7315,176.7417,28046.0,34790.0,Eptesicus serotinus,0.239,0.352,-1,Echolocation,192000.0,/mnt/ubna_data_06/recover-20251210/UBNA_032/20251209_145000.WAV,recover-20251210,UBNA_032,Foliage
LF,25920.0,5.343655059339781,178.9745,178.9798,22890.0,35210.0,Plecotus austriacus,0.224,0.313,-1,Echolocation,192000.0,/mnt/ubna_data_06/recover-20251210/UBNA_032/20251209_145000.WAV,recover-20251210,UBNA_032,Foliage
LF,25920.0,3.5432336730624865,188.7775,188.7809,17734.0,38126.0,Plecotus austriacus,0.219,0.389,-1,Echolocation,192000.0,/mnt/ubna_data_06/recover-20251210/UBNA_032/20251209_145000.WAV,recover-20251210,UBNA_032,Foliage
LF,28800.0,6.723860613768905,222.3735,222.379,24609.0,36651.0,Plecotus austriacus,0.197,0.313,-1,Echolocation,192000.0,/mnt/ubna_data_06/recover-20251210/UBNA_032/20251209_145000.WAV,recover-20251210,UBNA_032,Foliage
LF,29760.0,3.8855924118970657,223.0425,223.0506,28046.0,35943.0,Eptesicus serotinus,0.218,0.348,-1,Echolocation,192000.0,/mnt/ubna_data_06/recover-20251210/UBNA_032/20251209_145000.WAV,recover-20251210,UBNA_032,Foliage
LF,29760.0,3.3118518873296665,254.0935,254.1017,27187.0,35476.0,Eptesicus serotinus,0.118,0.327,-1,Echolocation,192000.0,/mnt/ubna_data_06/recover-20251210/UBNA_032/20251209_145000.WAV,recover-20251210,UBNA_032,Foliage
LF,25920.0,1.9940693131233453,277.4235,277.4324,25468.0,34185.0,Eptesicus serotinus,0.163,0.318,-1,Echolocation,192000.0,/mnt/ubna_data_06/recover-20251210/UBNA_032/20251209_145000.WAV,recover-20251210,UBNA_032,Foliage
LF,25920.0,1.9025032723076005,284.6165,284.6211,23750.0,37879.0,Plecotus austriacus,0.246,0.311,-1,Echolocation,192000.0,/mnt/ubna_data_06/recover-20251210/UBNA_032/20251209_145000.WAV,recover-20251210,UBNA_032,Foliage
LF,25920.0,10.356437608737526,287.0535,287.0575,23750.0,37428.0,Plecotus austriacus,0.434,0.506,-1,Echolocation,192000.0,/mnt/ubna_data_06/recover-20251210/UBNA_032/20251209_145000.WAV,recover-20251210,UBNA_032,Foliage
LF,29760.0,11.068495402492179,289.7025,289.7076,23750.0,35920.0,Plecotus austriacus,0.368,0.41,-1,Echolocation,192000.0,/mnt/ubna_data_06/recover-20251210/UBNA_032/20251209_145000.WAV,recover-20251210,UBNA_032,Foliage
LF,25920.0,3.1673400938041634,294.1745,294.1816,22890.0,32615.0,Plecotus austriacus,0.189,0.304,-1,Echolocation,192000.0,/mnt/ubna_data_06/recover-20251210/UBNA_032/20251209_145000.WAV,recover-20251210,UBNA_032,Foliage
LF,24960.0,2.473132280899086,5.0795,5.091,23750.0,29360.0,Nyctalus leisleri,0.123,0.316,-1,Echolocation,192000.0,/mnt/ubna_data_06/recover-20251210/UBNA_032/20251209_151000.WAV,recover-20251210,UBNA_032,Foliage
LF,24960.0,3.8631582958943005,22.8695,22.8749,23750.0,35174.0,Plecotus austriacus,0.273,0.331,-1,Echolocation,192000.0,/mnt/ubna_data_06/recover-20251210/UBNA_032/20251209_152000.WAV,recover-20251210,UBNA_032,Foliage
LF,30720.0,1.125336487819496,210.7095,210.7165,27187.0,35381.0,Eptesicus serotinus,0.23,0.401,-1,Echolocation,192000.0,/mnt/ubna_data_06/recover-20251210/UBNA_032/20251209_152000.WAV,recover-20251210,UBNA_032,Foliage
LF,24960.0,9.880610028382494,249.0855,249.1094,23750.0,28437.0,Nyctalus leisleri,0.231,0.325,-1,Echolocation,192000.0,/mnt/ubna_data_06/recover-20251210/UBNA_032/20251209_152000.WAV,recover-20251210,UBNA_032,Foliage
LF,24000.0,9.746517680107354,275.3655,275.3807,22890.0,28012.0,Nyctalus leisleri,0.414,0.53,-1,Echolocation,192000.0,/mnt/ubna_data_06/recover-20251210/UBNA_032/20251209_152000.WAV,recover-20251210,UBNA_032,Foliage
LF,24000.0,8.532579284475055,275.5185,275.5324,22031.0,27102.0,Nyctalus leisleri,0.26,0.459,-1,Echolocation,192000.0,/mnt/ubna_data_06/recover-20251210/UBNA_032/20251209_152000.WAV,recover-20251210,UBNA_032,Foliage
LF,24000.0,9.573054952821833,275.6665,275.6824,22031.0,27346.0,Nyctalus leisleri,0.158,0.449,-1,Echolocation,192000.0,/mnt/ubna_data_06/recover-20251210/UBNA_032/20251209_152000.WAV,recover-20251210,UBNA_032,Foliage
LF,24000.0,7.9580572874798445,275.8165,275.8284,22890.0,27910.0,Nyctalus leisleri,0.201,0.437,-1,Echolocation,192000.0,/mnt/ubna_data_06/recover-20251210/UBNA_032/20251209_152000.WAV,recover-20251210,UBNA_032,Foliage
LF,24000.0,11.695822033283068,24.2595,24.2789,23750.0,27305.0,Nyctalus leisleri,0.274,0.34,-1,Echolocation,192000.0,/mnt/ubna_data_06/recover-20251210/UBNA_032/20251209_153000.WAV,recover-20251210,UBNA_032,Foliage
LF,26880.0,12.58852337807956,35.6045,35.623400000000004,25468.0,29565.0,Nyctalus leisleri,0.208,0.323,-1,Echolocation,192000.0,/mnt/ubna_data_06/recover-20251210/UBNA_032/20251209_153000.WAV,recover-20251210,UBNA_032,Foliage
LF,24000.0,4.555113806823478,224.8675,224.879,23750.0,28663.0,Nyctalus leisleri,0.132,0.318,-1,Echolocation,192000.0,/mnt/ubna_data_06/recover-20251210/UBNA_032/20251209_154000.WAV,recover-20251210,UBNA_032,Foliage
LF,24960.0,5.062286419346234,14.6445,14.6574,23750.0,30340.0,Eptesicus serotinus,0.194,0.431,-1,Echolocation,192000.0,/mnt/ubna_data_06/recover-20251210/UBNA_032/20251209_161000.WAV,recover-20251210,UBNA_032,Foliage
LF,24960.0,1.6152821239450808,271.9835,271.9978,23750.0,29210.0,Nyctalus leisleri,0.188,0.309,-1,Echolocation,192000.0,/mnt/ubna_data_06/recover-20251210/UBNA_032/20251209_161000.WAV,recover-20251210,UBNA_032,Foliage
LF,24000.0,8.672465951538122,33.2245,33.2354,22031.0,28088.0,Eptesicus serotinus,0.155,0.321,-1,Echolocation,192000.0,/mnt/ubna_data_06/recover-20251210/UBNA_032/20251209_163000.WAV,recover-20251210,UBNA_032,Foliage
LF,30720.0,14.063198902074788,41.6575,41.6652,28906.0,35576.0,Barbastellus barbastellus,0.181,0.329,-1,Echolocation,192000.0,/mnt/ubna_data_06/recover-20251210/UBNA_032/20251209_163000.WAV,recover-20251210,UBNA_032,Foliage
LF,24960.0,0.8519470614291168,78.0805,78.0925,22031.0,27835.0,Nyctalus noctula,0.119,0.3,-1,Echolocation,192000.0,/mnt/ubna_data_06/recover-20251210/UBNA_032/20251209_163000.WAV,recover-20251210,UBNA_032,Foliage
LF,25920.0,3.450516421846239,45.8555,45.8647,24609.0,31920.0,Eptesicus serotinus,0.153,0.308,-1,Echolocation,192000.0,/mnt/ubna_data_06/recover-20251210/UBNA_032/20251209_171000.WAV,recover-20251210,UBNA_032,Foliage
LF,25920.0,8.586650795221246,60.4365,60.4462,24609.0,30778.0,Eptesicus serotinus,0.151,0.304,-1,Echolocation,192000.0,/mnt/ubna_data_06/recover-20251210/UBNA_032/20251209_171000.WAV,recover-20251210,UBNA_032,Foliage
LF,25920.0,3.9346338679616517,67.4175,67.4237,22031.0,34584.0,Plecotus austriacus,0.275,0.335,-1,Echolocation,192000.0,/mnt/ubna_data_06/recover-20251210/UBNA_032/20251209_171000.WAV,recover-20251210,UBNA_032,Foliage
LF,26880.0,11.097293151005584,165.0195,165.0255,22031.0,32415.0,Plecotus austriacus,0.222,0.302,-1,Echolocation,192000.0,/mnt/ubna_data_06/recover-20251210/UBNA_032/20251209_171000.WAV,recover-20251210,UBNA_032,Foliage
LF,25920.0,3.7180174940091537,209.19650000000001,209.2106,24609.0,30660.0,Nyctalus leisleri,0.201,0.398,-1,Echolocation,192000.0,/mnt/ubna_data_06/recover-20251210/UBNA_032/20251209_171000.WAV,recover-20251210,UBNA_032,Foliage
LF,25920.0,5.0539234070783365,259.7815,259.7906,24609.0,31647.0,Eptesicus serotinus,0.161,0.325,-1,Echolocation,192000.0,/mnt/ubna_data_06/recover-20251210/UBNA_032/20251209_172000.WAV,recover-20251210,UBNA_032,Foliage
LF,26880.0,2.048721093433918,289.2755,289.2905,25468.0,29746.0,Nyctalus leisleri,0.195,0.313,-1,Echolocation,192000.0,/mnt/ubna_data_06/recover-20251210/UBNA_032/20251209_174000.WAV,recover-20251210,UBNA_032,Foliage
LF,24000.0,5.720419804735374,127.7475,127.75450000000001,16875.0,29964.0,Plecotus auritus,0.218,0.424,-1,Echolocation,192000.0,/mnt/ubna_data_06/recover-20251210/UBNA_032/20251209_175000.WAV,recover-20251210,UBNA_032,Foliage
LF,22080.0,4.0496854162402105,244.7635,244.7846,21171.0,23927.0,Nyctalus leisleri,0.309,0.322,-1,Echolocation,192000.0,/mnt/ubna_data_06/recover-20251210/UBNA_032/20251209_175000.WAV,recover-20251210,UBNA_032,Foliage
LF,24960.0,6.437587942485176,247.6695,247.6796,22890.0,29805.0,Eptesicus serotinus,0.104,0.334,-1,Echolocation,192000.0,/mnt/ubna_data_06/recover-20251210/UBNA_032/20251209_185000.WAV,recover-20251210,UBNA_032,Foliage
LF,25920.0,1.4886230487947465,255.2075,255.2187,22890.0,29170.0,Eptesicus serotinus,0.114,0.31,-1,Echolocation,192000.0,/mnt/ubna_data_06/recover-20251210/UBNA_032/20251209_185000.WAV,recover-20251210,UBNA_032,Foliage
LF,24000.0,7.317097568492939,265.3445,265.3521,22031.0,31396.0,Eptesicus serotinus,0.106,0.377,-1,Echolocation,192000.0,/mnt/ubna_data_06/recover-20251210/UBNA_032/20251209_185000.WAV,recover-20251210,UBNA_032,Foliage
LF,25920.0,4.718385703332635,206.1955,206.2049,22890.0,30137.0,Eptesicus serotinus,0.141,0.319,-1,Echolocation,192000.0,/mnt/ubna_data_06/recover-20251210/UBNA_032/20251209_192000.WAV,recover-20251210,UBNA_032,Foliage
LF,24960.0,2.6072096502947257,252.7925,252.7975,23750.0,35247.0,Plecotus austriacus,0.207,0.324,-1,Echolocation,192000.0,/mnt/ubna_data_06/recover-20251210/UBNA_032/20251209_192000.WAV,recover-20251210,UBNA_032,Foliage
LF,24000.0,9.915985775752944,74.4015,74.4057,19453.0,32657.0,Plecotus austriacus,0.251,0.35,-1,Echolocation,192000.0,/mnt/ubna_data_06/recover-20251210/UBNA_032/20251209_194000.WAV,recover-20251210,UBNA_032,Foliage
LF,25920.0,3.8898184585060545,294.4065,294.4167,24609.0,30821.0,Eptesicus serotinus,0.18,0.318,-1,Echolocation,192000.0,/mnt/ubna_data_06/recover-20251210/UBNA_032/20251209_195000.WAV,recover-20251210,UBNA_032,Foliage
LF,24960.0,0.6288823931072167,90.5495,90.5618,23750.0,29143.0,Eptesicus serotinus,0.123,0.307,-1,Echolocation,192000.0,/mnt/ubna_data_06/recover-20251210/UBNA_032/20251209_200000.WAV,recover-20251210,UBNA_032,Foliage
LF,25920.0,11.266748014840442,250.7765,250.7808,22890.0,38065.0,Plecotus austriacus,0.48,0.579,-1,Echolocation,192000.0,/mnt/ubna_data_06/recover-20251210/UBNA_032/20251209_201000.WAV,recover-20251210,UBNA_032,Foliage
LF,24000.0,0.5106235990000952,299.3875,299.4009,22031.0,28241.0,Nyctalus noctula,0.163,0.347,-1,Echolocation,192000.0,/mnt/ubna_data_06/recover-20251210/UBNA_032/20251209_201000.WAV,recover-20251210,UBNA_032,Foliage
LF,25920.0,1.867048433729659,64.37049999999999,64.377,22031.0,33187.0,Plecotus austriacus,0.111,0.318,-1,Echolocation,192000.0,/mnt/ubna_data_06/recover-20251210/UBNA_032/20251209_205000.WAV,recover-20251210,UBNA_032,Foliage
LF,24960.0,7.37669823325054,160.6005,160.6114,23750.0,28736.0,Eptesicus serotinus,0.126,0.334,-1,Echolocation,192000.0,/mnt/ubna_data_06/recover-20251210/UBNA_032/20251209_210000.WAV,recover-20251210,UBNA_032,Foliage
LF,24000.0,4.1548213336277,195.7185,195.7287,22890.0,29998.0,Nyctalus leisleri,0.088,0.314,-1,Echolocation,192000.0,/mnt/ubna_data_06/recover-20251210/UBNA_032/20251209_210000.WAV,recover-20251210,UBNA_032,Foliage
LF,24000.0,4.153615871264903,201.2275,201.2376,22031.0,29658.0,Nyctalus noctula,0.085,0.31,-1,Echolocation,192000.0,/mnt/ubna_data_06/recover-20251210/UBNA_032/20251209_210000.WAV,recover-20251210,UBNA_032,Foliage
LF,24000.0,5.750802355463332,206.8765,206.8868,22890.0,30231.0,Eptesicus serotinus,0.137,0.349,-1,Echolocation,192000.0,/mnt/ubna_data_06/recover-20251210/UBNA_032/20251209_210000.WAV,recover-20251210,UBNA_032,Foliage
LF,24000.0,6.337539783760033,213.3335,213.3512,22031.0,27157.0,Nyctalus leisleri,0.136,0.31,-1,Echolocation,192000.0,/mnt/ubna_data_06/recover-20251210/UBNA_032/20251209_210000.WAV,recover-20251210,UBNA_032,Foliage
LF,24000.0,5.304336966802406,67.1685,67.1799,23750.0,28805.0,Nyctalus leisleri,0.146,0.311,-1,Echolocation,192000.0,/mnt/ubna_data_06/recover-20251210/UBNA_032/20251209_211000.WAV,recover-20251210,UBNA_032,Foliage
LF,24960.0,3.363299063313811,224.5895,224.6038,23750.0,28863.0,Eptesicus serotinus,0.137,0.329,-1,Echolocation,192000.0,/mnt/ubna_data_06/recover-20251210/UBNA_032/20251209_211000.WAV,recover-20251210,UBNA_032,Foliage
LF,23040.0,3.398563790226365,73.5455,73.5559,22031.0,30179.0,Nyctalus noctula,0.109,0.304,-1,Echolocation,192000.0,/mnt/ubna_data_06/recover-20251210/UBNA_032/20251209_212000.WAV,recover-20251210,UBNA_032,Foliage
LF,24960.0,0.5941837592903111,82.5935,82.6058,23750.0,28679.0,Nyctalus leisleri,0.155,0.345,-1,Echolocation,192000.0,/mnt/ubna_data_06/recover-20251210/UBNA_032/20251209_212000.WAV,recover-20251210,UBNA_032,Foliage
LF,25920.0,0.6388727378893079,288.2485,288.2601,24609.0,30343.0,Eptesicus serotinus,0.151,0.315,-1,Echolocation,192000.0,/mnt/ubna_data_06/recover-20251210/UBNA_032/20251209_212000.WAV,recover-20251210,UBNA_032,Foliage
LF,24000.0,1.2778834787758209,163.2315,163.2479,22031.0,25892.0,Nyctalus leisleri,0.162,0.339,-1,Echolocation,192000.0,/mnt/ubna_data_06/recover-20251210/UBNA_032/20251209_213000.WAV,recover-20251210,UBNA_032,Foliage
LF,24960.0,1.5218051046713599,216.1925,216.2062,23750.0,28265.0,Nyctalus leisleri,0.175,0.304,-1,Echolocation,192000.0,/mnt/ubna_data_06/recover-20251210/UBNA_032/20251209_213000.WAV,recover-20251210,UBNA_032,Foliage
LF,24000.0,0.5421647727128986,99.5765,99.5909,22031.0,26341.0,Nyctalus leisleri,0.209,0.326,-1,Echolocation,192000.0,/mnt/ubna_data_06/recover-20251210/UBNA_032/20251209_221000.WAV,recover-20251210,UBNA_032,Foliage
LF,24960.0,3.1270729585999897,128.9795,128.9904,23750.0,29600.0,Eptesicus serotinus,0.127,0.302,-1,Echolocation,192000.0,/mnt/ubna_data_06/recover-20251210/UBNA_032/20251209_222000.WAV,recover-20251210,UBNA_032,Foliage
LF,24960.0,1.2635883072600755,269.9035,269.9169,23750.0,28310.0,Nyctalus leisleri,0.221,0.337,-1,Echolocation,192000.0,/mnt/ubna_data_06/recover-20251210/UBNA_032/20251209_222000.WAV,recover-20251210,UBNA_032,Foliage
LF,25920.0,8.7744341284788,46.3305,46.3447,24609.0,29747.0,Nyctalus leisleri,0.142,0.302,-1,Echolocation,192000.0,/mnt/ubna_data_06/recover-20251210/UBNA_032/20251209_231000.WAV,recover-20251210,UBNA_032,Foliage
LF,24960.0,0.8820985745403803,97.9635,97.9762,23750.0,28559.0,Nyctalus leisleri,0.215,0.317,-1,Echolocation,192000.0,/mnt/ubna_data_06/recover-20251210/UBNA_032/20251209_234000.WAV,recover-20251210,UBNA_032,Foliage
LF,24960.0,7.6560437093322085,296.1015,296.1083,22031.0,32327.0,Plecotus austriacus,0.224,0.316,-1,Echolocation,192000.0,/mnt/ubna_data_06/recover-20251210/UBNA_032/20251209_235000.WAV,recover-20251210,UBNA_032,Foliage
LF,23040.0,3.484683824894466,74.9755,74.9961,22031.0,26525.0,Nyctalus leisleri,0.261,0.306,-1,Echolocation,192000.0,/mnt/ubna_data_06/recover-20251210/UBNA_032/20251210_000000.WAV,recover-20251210,UBNA_032,Foliage
LF,26880.0,9.457759823943807,295.2645,295.2689,22031.0,35444.0,Plecotus austriacus,0.234,0.307,-1,Echolocation,192000.0,/mnt/ubna_data_06/recover-20251210/UBNA_032/20251210_000000.WAV,recover-20251210,UBNA_032,Foliage
LF,23040.0,3.994601764066421,9.3945,9.4133,22031.0,25806.0,Nyctalus leisleri,0.201,0.301,-1,Echolocation,192000.0,/mnt/ubna_data_06/recover-20251210/UBNA_032/20251210_001000.WAV,recover-20251210,UBNA_032,Foliage
LF,23040.0,4.616147732653003,129.4745,129.4867,22031.0,28463.0,Nyctalus leisleri,0.161,0.379,-1,Echolocation,192000.0,/mnt/ubna_data_06/recover-20251210/UBNA_032/20251210_001000.WAV,recover-20251210,UBNA_032,Foliage
LF,24000.0,3.32146812125824,217.8905,217.9016,23750.0,28622.0,Eptesicus serotinus,0.135,0.312,-1,Echolocation,192000.0,/mnt/ubna_data_06/recover-20251210/UBNA_032/20251210_001000.WAV,recover-20251210,UBNA_032,Foliage
LF,22080.0,7.366032778720989,236.0995,236.1144,20312.0,25593.0,Nyctalus noctula,0.497,0.694,-1,Echolocation,192000.0,/mnt/ubna_data_06/recover-20251210/UBNA_032/20251210_001000.WAV,recover-20251210,UBNA_032,Foliage
LF,24000.0,4.487824836880071,44.0965,44.1014,22031.0,34582.0,Plecotus austriacus,0.284,0.337,-1,Echolocation,192000.0,/mnt/ubna_data_06/recover-20251210/UBNA_032/20251210_003000.WAV,recover-20251210,UBNA_032,Foliage
LF,24000.0,3.205922108290096,144.6215,144.62630000000001,22890.0,34715.0,Plecotus austriacus,0.281,0.359,-1,Echolocation,192000.0,/mnt/ubna_data_06/recover-20251210/UBNA_032/20251210_003000.WAV,recover-20251210,UBNA_032,Foliage
LF,23040.0,1.9718809398381896,155.1395,155.1508,22890.0,29269.0,Nyctalus leisleri,0.127,0.321,-1,Echolocation,192000.0,/mnt/ubna_data_06/recover-20251210/UBNA_032/20251210_003000.WAV,recover-20251210,UBNA_032,Foliage
LF,24000.0,7.688625228382189,154.2975,154.304,22031.0,30053.0,Plecotus austriacus,0.183,0.316,-1,Echolocation,192000.0,/mnt/ubna_data_06/recover-20251210/UBNA_032/20251210_005000.WAV,recover-20251210,UBNA_032,Foliage
LF,24000.0,3.1207828250055676,211.1085,211.1181,23750.0,31403.0,Eptesicus serotinus,0.162,0.375,-1,Echolocation,192000.0,/mnt/ubna_data_06/recover-20251210/UBNA_032/20251210_005000.WAV,recover-20251210,UBNA_032,Foliage
LF,24000.0,10.702326639882518,238.8665,238.8715,19453.0,33623.0,Plecotus austriacus,0.259,0.333,-1,Echolocation,192000.0,/mnt/ubna_data_06/recover-20251210/UBNA_032/20251210_005000.WAV,recover-20251210,UBNA_032,Foliage
LF,25920.0,3.8080757757020933,253.6635,253.6697,22890.0,32428.0,Plecotus austriacus,0.207,0.307,-1,Echolocation,192000.0,/mnt/ubna_data_06/recover-20251210/UBNA_032/20251210_005000.WAV,recover-20251210,UBNA_032,Foliage
LF,25920.0,4.82063268628931,23.2745,23.2846,23750.0,30149.0,Eptesicus serotinus,0.169,0.352,-1,Echolocation,192000.0,/mnt/ubna_data_06/recover-20251210/UBNA_032/20251210_010000.WAV,recover-20251210,UBNA_032,Foliage
LF,24000.0,3.735938422483063,79.4995,79.5097,22031.0,28993.0,Nyctalus leisleri,0.095,0.307,-1,Echolocation,192000.0,/mnt/ubna_data_06/recover-20251210/UBNA_032/20251210_010000.WAV,recover-20251210,UBNA_032,Foliage
LF,25920.0,3.3774645922733795,102.9215,102.9274,22890.0,33278.0,Plecotus austriacus,0.163,0.418,-1,Echolocation,192000.0,/mnt/ubna_data_06/recover-20251210/UBNA_032/20251210_010000.WAV,recover-20251210,UBNA_032,Foliage
LF,24960.0,1.8064931556653394,174.5605,174.567,20312.0,31261.0,Plecotus austriacus,0.155,0.426,-1,Echolocation,192000.0,/mnt/ubna_data_06/recover-20251210/UBNA_032/20251210_010000.WAV,recover-20251210,UBNA_032,Foliage
LF,26880.0,1.9551456597829528,182.2165,182.2269,26328.0,31389.0,Eptesicus serotinus,0.179,0.319,-1,Echolocation,192000.0,/mnt/ubna_data_06/recover-20251210/UBNA_032/20251210_010000.WAV,recover-20251210,UBNA_032,Foliage
LF,24960.0,5.941606724629677,184.2345,184.2394,22031.0,38095.0,Plecotus austriacus,0.258,0.316,-1,Echolocation,192000.0,/mnt/ubna_data_06/recover-20251210/UBNA_032/20251210_010000.WAV,recover-20251210,UBNA_032,Foliage
LF,24000.0,2.3780346084416655,208.6345,208.6396,22890.0,35972.0,Plecotus austriacus,0.253,0.31,-1,Echolocation,192000.0,/mnt/ubna_data_06/recover-20251210/UBNA_032/20251210_010000.WAV,recover-20251210,UBNA_032,Foliage
LF,24000.0,1.8044507320445338,226.6955,226.706,22890.0,29727.0,Nyctalus leisleri,0.1,0.318,-1,Echolocation,192000.0,/mnt/ubna_data_06/recover-20251210/UBNA_032/20251210_010000.WAV,recover-20251210,UBNA_032,Foliage
LF,30720.0,2.1940353996282784,280.6705,280.6773,28906.0,37912.0,Eptesicus serotinus,0.191,0.362,-1,Echolocation,192000.0,/mnt/ubna_data_06/recover-20251210/UBNA_032/20251210_010000.WAV,recover-20251210,UBNA_032,Foliage
LF,25920.0,3.754167183251989,30.8695,30.8755,23750.0,33895.0,Plecotus austriacus,0.162,0.339,-1,Echolocation,192000.0,/mnt/ubna_data_06/recover-20251210/UBNA_032/20251210_011000.WAV,recover-20251210,UBNA_032,Foliage
LF,24960.0,3.916030941129112,39.2575,39.2656,23750.0,31943.0,Eptesicus serotinus,0.155,0.326,-1,Echolocation,192000.0,/mnt/ubna_data_06/recover-20251210/UBNA_032/20251210_011000.WAV,recover-20251210,UBNA_032,Foliage
LF,23040.0,8.005512442904699,64.6025,64.6077,21171.0,31333.0,Plecotus austriacus,0.238,0.364,-1,Echolocation,192000.0,/mnt/ubna_data_06/recover-20251210/UBNA_032/20251210_011000.WAV,recover-20251210,UBNA_032,Foliage
LF,24960.0,2.149879538203527,199.8365,199.8452,22031.0,31152.0,Plecotus austriacus,0.099,0.368,-1,Echolocation,192000.0,/mnt/ubna_data_06/recover-20251210/UBNA_032/20251210_011000.WAV,recover-20251210,UBNA_032,Foliage
LF,25920.0,9.589593315822228,249.8265,249.833,22890.0,34687.0,Plecotus austriacus,0.285,0.341,-1,Echolocation,192000.0,/mnt/ubna_data_06/recover-20251210/UBNA_032/20251210_011000.WAV,recover-20251210,UBNA_032,Foliage
LF,24000.0,0.7441014626186073,12.1725,12.1809,22890.0,31762.0,Eptesicus serotinus,0.111,0.335,-1,Echolocation,192000.0,/mnt/ubna_data_06/recover-20251210/UBNA_032/20251210_013000.WAV,recover-20251210,UBNA_032,Foliage
LF,24960.0,4.496450460580655,38.082499999999996,38.093,22890.0,30313.0,Eptesicus serotinus,0.208,0.367,-1,Echolocation,192000.0,/mnt/ubna_data_06/recover-20251210/UBNA_032/20251210_013000.WAV,recover-20251210,UBNA_032,Foliage
LF,30720.0,2.9625500992642784,38.7055,38.7155,27187.0,33923.0,Eptesicus serotinus,0.187,0.301,-1,Echolocation,192000.0,/mnt/ubna_data_06/recover-20251210/UBNA_032/20251210_013000.WAV,recover-20251210,UBNA_032,Foliage
LF,24000.0,7.251778999090089,39.4045,39.416,22890.0,28659.0,Eptesicus serotinus,0.11,0.32,-1,Echolocation,192000.0,/mnt/ubna_data_06/recover-20251210/UBNA_032/20251210_013000.WAV,recover-20251210,UBNA_032,Foliage
LF,24000.0,1.682974945462489,43.5995,43.608000000000004,23750.0,31920.0,Eptesicus serotinus,0.161,0.351,-1,Echolocation,192000.0,/mnt/ubna_data_06/recover-20251210/UBNA_032/20251210_013000.WAV,recover-20251210,UBNA_032,Foliage
LF,24960.0,4.044606220327412,71.1495,71.156,22890.0,32356.0,Plecotus austriacus,0.127,0.307,-1,Echolocation,192000.0,/mnt/ubna_data_06/recover-20251210/UBNA_032/20251210_013000.WAV,recover-20251210,UBNA_032,Foliage
LF,24000.0,1.7266215543127967,71.4285,71.4339,21171.0,33306.0,Plecotus austriacus,0.185,0.326,-1,Echolocation,192000.0,/mnt/ubna_data_06/recover-20251210/UBNA_032/20251210_013000.WAV,recover-20251210,UBNA_032,Foliage
LF,24000.0,1.0469600377612012,93.0825,93.0912,22890.0,30914.0,Eptesicus serotinus,0.086,0.34,-1,Echolocation,192000.0,/mnt/ubna_data_06/recover-20251210/UBNA_032/20251210_013000.WAV,recover-20251210,UBNA_032,Foliage
LF,24960.0,5.503004174552805,187.5795,187.5876,22890.0,31395.0,Plecotus austriacus,0.09,0.327,-1,Echolocation,192000.0,/mnt/ubna_data_06/recover-20251210/UBNA_032/20251210_013000.WAV,recover-20251210,UBNA_032,Foliage
LF,24960.0,5.081390891692581,189.8325,189.8403,23750.0,32072.0,Eptesicus serotinus,0.111,0.325,-1,Echolocation,192000.0,/mnt/ubna_data_06/recover-20251210/UBNA_032/20251210_013000.WAV,recover-20251210,UBNA_032,Foliage
LF,24960.0,6.390855255515917,190.9735,190.9786,22890.0,34157.0,Plecotus austriacus,0.404,0.463,-1,Echolocation,192000.0,/mnt/ubna_data_06/recover-20251210/UBNA_032/20251210_013000.WAV,recover-20251210,UBNA_032,Foliage
LF,24960.0,3.914499612060185,235.0195,235.0296,23750.0,30244.0,Eptesicus serotinus,0.121,0.316,-1,Echolocation,192000.0,/mnt/ubna_data_06/recover-20251210/UBNA_032/20251210_013000.WAV,recover-20251210,UBNA_032,Foliage
LF,24000.0,6.065425164222329,242.3415,242.3494,22890.0,32240.0,Eptesicus serotinus,0.101,0.402,-1,Echolocation,192000.0,/mnt/ubna_data_06/recover-20251210/UBNA_032/20251210_013000.WAV,recover-20251210,UBNA_032,Foliage
LF,24000.0,3.28817342448351,243.2315,243.2411,22031.0,30269.0,Nyctalus noctula,0.119,0.372,-1,Echolocation,192000.0,/mnt/ubna_data_06/recover-20251210/UBNA_032/20251210_013000.WAV,recover-20251210,UBNA_032,Foliage
LF,24000.0,7.040302230004541,248.3835,248.393,22890.0,31352.0,Eptesicus serotinus,0.17,0.425,-1,Echolocation,192000.0,/mnt/ubna_data_06/recover-20251210/UBNA_032/20251210_013000.WAV,recover-20251210,UBNA_032,Foliage
LF,25920.0,6.865343465108701,252.3195,252.3291,23750.0,31093.0,Eptesicus serotinus,0.111,0.302,-1,Echolocation,192000.0,/mnt/ubna_data_06/recover-20251210/UBNA_032/20251210_013000.WAV,recover-20251210,UBNA_032,Foliage
LF,24960.0,5.840658499598751,108.2005,108.2062,22890.0,33899.0,Plecotus austriacus,0.262,0.329,-1,Echolocation,192000.0,/mnt/ubna_data_06/recover-20251210/UBNA_032/20251210_014000.WAV,recover-20251210,UBNA_032,Foliage
LF,24000.0,7.657892758237686,185.8965,185.9047,22031.0,30957.0,Plecotus austriacus,0.144,0.345,-1,Echolocation,192000.0,/mnt/ubna_data_06/recover-20251210/UBNA_032/20251210_014000.WAV,recover-20251210,UBNA_032,Foliage
LF,24960.0,2.480141495493347,194.9075,194.9169,22890.0,30969.0,Nyctalus leisleri,0.08,0.3,-1,Echolocation,192000.0,/mnt/ubna_data_06/recover-20251210/UBNA_032/20251210_014000.WAV,recover-20251210,UBNA_032,Foliage
LF,24000.0,2.8235039405079005,238.5125,238.5179,22031.0,32779.0,Plecotus austriacus,0.215,0.332,-1,Echolocation,192000.0,/mnt/ubna_data_06/recover-20251210/UBNA_032/20251210_014000.WAV,recover-20251210,UBNA_032,Foliage
LF,24000.0,7.862497844585685,23.8775,23.8851,22031.0,30071.0,Plecotus austriacus,0.169,0.309,-1,Echolocation,192000.0,/mnt/ubna_data_06/recover-20251210/UBNA_032/20251210_015000.WAV,recover-20251210,UBNA_032,Foliage
LF,24000.0,2.1356978685693546,231.7935,231.8066,22890.0,27159.0,Nyctalus leisleri,0.213,0.35,-1,Echolocation,192000.0,/mnt/ubna_data_06/recover-20251210/UBNA_032/20251210_020000.WAV,recover-20251210,UBNA_032,Foliage
LF,24000.0,5.1329320233165365,25.5485,25.5556,22031.0,32237.0,Plecotus austriacus,0.144,0.33,-1,Echolocation,192000.0,/mnt/ubna_data_06/recover-20251210/UBNA_032/20251210_022000.WAV,recover-20251210,UBNA_032,Foliage
LF,24000.0,-0.012790950417644047,34.0045,34.0192,22031.0,25465.0,Nyctalus leisleri,0.262,0.305,-1,Echolocation,192000.0,/mnt/ubna_data_06/recover-20251210/UBNA_032/20251210_022000.WAV,recover-20251210,UBNA_032,Foliage
LF,24960.0,1.1127487583614941,52.950500000000005,52.9617,23750.0,28756.0,Nyctalus leisleri,0.178,0.3,-1,Echolocation,192000.0,/mnt/ubna_data_06/recover-20251210/UBNA_032/20251210_022000.WAV,recover-20251210,UBNA_032,Foliage
LF,25920.0,4.841191659690259,117.6405,117.6465,23750.0,33836.0,Plecotus austriacus,0.159,0.359,-1,Echolocation,192000.0,/mnt/ubna_data_06/recover-20251210/UBNA_032/20251210_022000.WAV,recover-20251210,UBNA_032,Foliage
LF,24960.0,6.642092804752503,21.4445,21.4506,22031.0,32497.0,Plecotus austriacus,0.266,0.35,-1,Echolocation,192000.0,/mnt/ubna_data_06/recover-20251210/UBNA_032/20251210_023000.WAV,recover-20251210,UBNA_032,Foliage
LF,24960.0,2.994545200753449,160.9685,160.9774,22890.0,30355.0,Eptesicus serotinus,0.111,0.305,-1,Echolocation,192000.0,/mnt/ubna_data_06/recover-20251210/UBNA_032/20251210_025000.WAV,recover-20251210,UBNA_032,Foliage
LF,24000.0,2.1295874726807296,172.1035,172.11,22890.0,32578.0,Plecotus austriacus,0.165,0.306,-1,Echolocation,192000.0,/mnt/ubna_data_06/recover-20251210/UBNA_032/20251210_025000.WAV,recover-20251210,UBNA_032,Foliage
LF,24960.0,2.258336264485955,204.7395,204.7452,21171.0,33000.0,Plecotus austriacus,0.22,0.32,-1,Echolocation,192000.0,/mnt/ubna_data_06/recover-20251210/UBNA_032/20251210_025000.WAV,recover-20251210,UBNA_032,Foliage
LF,26880.0,0.23017942294916505,232.0315,232.04,26328.0,33270.0,Eptesicus serotinus,0.182,0.313,-1,Echolocation,192000.0,/mnt/ubna_data_06/recover-20251210/UBNA_032/20251210_025000.WAV,recover-20251210,UBNA_032,Foliage
LF,25920.0,5.053135692453936,271.3045,271.3095,22890.0,35201.0,Plecotus austriacus,0.316,0.394,-1,Echolocation,192000.0,/mnt/ubna_data_06/recover-20251210/UBNA_032/20251210_025000.WAV,recover-20251210,UBNA_032,Foliage
LF,24000.0,3.0847453508256866,42.0805,42.0894,23750.0,31386.0,Eptesicus serotinus,0.18,0.388,-1,Echolocation,192000.0,/mnt/ubna_data_06/recover-20251210/UBNA_032/20251210_030000.WAV,recover-20251210,UBNA_032,Foliage
LF,24960.0,2.2273827698638584,91.2815,91.2863,22031.0,34162.0,Plecotus austriacus,0.188,0.325,-1,Echolocation,192000.0,/mnt/ubna_data_06/recover-20251210/UBNA_032/20251210_030000.WAV,recover-20251210,UBNA_032,Foliage
LF,23040.0,4.260855368464934,108.6105,108.6144,16015.0,34203.0,Plecotus auritus,0.256,0.362,-1,Echolocation,192000.0,/mnt/ubna_data_06/recover-20251210/UBNA_032/20251210_030000.WAV,recover-20251210,UBNA_032,Foliage
LF,23040.0,0.8742977694401257,109.1525,109.1588,22031.0,33444.0,Plecotus austriacus,0.169,0.336,-1,Echolocation,192000.0,/mnt/ubna_data_06/recover-20251210/UBNA_032/20251210_030000.WAV,recover-20251210,UBNA_032,Foliage
LF,24960.0,2.76360462763979,142.3595,142.3671,22031.0,31432.0,Plecotus austriacus,0.185,0.329,-1,Echolocation,192000.0,/mnt/ubna_data_06/recover-20251210/UBNA_032/20251210_030000.WAV,recover-20251210,UBNA_032,Foliage
LF,23040.0,4.1735964155924306,144.9605,144.9645,18593.0,36438.0,Plecotus austriacus,0.217,0.311,-1,Echolocation,192000.0,/mnt/ubna_data_06/recover-20251210/UBNA_032/20251210_030000.WAV,recover-20251210,UBNA_032,Foliage
LF,25920.0,2.295613721225475,187.5995,187.607,23750.0,33231.0,Eptesicus serotinus,0.12,0.354,-1,Echolocation,192000.0,/mnt/ubna_data_06/recover-20251210/UBNA_032/20251210_030000.WAV,recover-20251210,UBNA_032,Foliage
LF,24000.0,1.7735675443001848,200.7415,200.7507,23750.0,32053.0,Eptesicus serotinus,0.13,0.314,-1,Echolocation,192000.0,/mnt/ubna_data_06/recover-20251210/UBNA_032/20251210_030000.WAV,recover-20251210,UBNA_032,Foliage
LF,25920.0,2.9294679922189837,259.4595,259.4648,22890.0,33563.0,Plecotus austriacus,0.189,0.31,-1,Echolocation,192000.0,/mnt/ubna_data_06/recover-20251210/UBNA_032/20251210_030000.WAV,recover-20251210,UBNA_032,Foliage
LF,26880.0,3.469498444936499,80.2005,80.2051,23750.0,35220.0,Plecotus austriacus,0.16,0.342,-1,Echolocation,192000.0,/mnt/ubna_data_06/recover-20251210/UBNA_032/20251210_032000.WAV,recover-20251210,UBNA_032,Foliage
LF,23040.0,5.443078384203702,165.4825,165.4908,22890.0,31814.0,Eptesicus serotinus,0.11,0.329,-1,Echolocation,192000.0,/mnt/ubna_data_06/recover-20251210/UBNA_032/20251210_033000.WAV,recover-20251210,UBNA_032,Foliage
LF,25920.0,4.330171969863759,169.7445,169.7509,22890.0,32666.0,Plecotus austriacus,0.121,0.332,-1,Echolocation,192000.0,/mnt/ubna_data_06/recover-20251210/UBNA_032/20251210_033000.WAV,recover-20251210,UBNA_032,Foliage
LF,25920.0,2.402250577543378,233.1915,233.1989,24609.0,34124.0,Eptesicus serotinus,0.217,0.436,-1,Echolocation,192000.0,/mnt/ubna_data_06/recover-20251210/UBNA_032/20251210_033000.WAV,recover-20251210,UBNA_032,Foliage
LF,24960.0,5.742411934832825,240.3165,240.3205,18593.0,36146.0,Plecotus austriacus,0.285,0.361,-1,Echolocation,192000.0,/mnt/ubna_data_06/recover-20251210/UBNA_032/20251210_033000.WAV,recover-20251210,UBNA_032,Foliage
LF,24000.0,2.0409935779108848,249.6835,249.6935,23750.0,30333.0,Nyctalus leisleri,0.124,0.373,-1,Echolocation,192000.0,/mnt/ubna_data_06/recover-20251210/UBNA_032/20251210_033000.WAV,recover-20251210,UBNA_032,Foliage
LF,24960.0,2.6188816169723945,259.0565,259.0624,22031.0,33100.0,Plecotus auritus,0.126,0.305,-1,Echolocation,192000.0,/mnt/ubna_data_06/recover-20251210/UBNA_032/20251210_033000.WAV,recover-20251210,UBNA_032,Foliage
LF,24960.0,4.698522165561385,297.8645,297.874,22890.0,30670.0,Eptesicus serotinus,0.102,0.319,-1,Echolocation,192000.0,/mnt/ubna_data_06/recover-20251210/UBNA_032/20251210_033000.WAV,recover-20251210,UBNA_032,Foliage
LF,24000.0,0.11655921179633903,105.4825,105.4958,22890.0,27590.0,Nyctalus leisleri,0.147,0.304,-1,Echolocation,192000.0,/mnt/ubna_data_06/recover-20251210/UBNA_032/20251210_034000.WAV,recover-20251210,UBNA_032,Foliage
LF,25920.0,2.950143701615311,291.97950000000003,291.9864,23750.0,32827.0,Plecotus austriacus,0.103,0.306,-1,Echolocation,192000.0,/mnt/ubna_data_06/recover-20251210/UBNA_032/20251210_034000.WAV,recover-20251210,UBNA_032,Foliage
LF,24960.0,4.122646375290561,18.4655,18.472,22031.0,34062.0,Plecotus austriacus,0.25,0.31,-1,Echolocation,192000.0,/mnt/ubna_data_06/recover-20251210/UBNA_032/20251210_035000.WAV,recover-20251210,UBNA_032,Foliage
LF,24960.0,6.967897301714863,24.1745,24.1809,22031.0,33639.0,Plecotus austriacus,0.225,0.305,-1,Echolocation,192000.0,/mnt/ubna_data_06/recover-20251210/UBNA_032/20251210_035000.WAV,recover-20251210,UBNA_032,Foliage
LF,23040.0,1.4677336268503127,24.5785,24.5842,22890.0,35726.0,Plecotus austriacus,0.28,0.323,-1,Echolocation,192000.0,/mnt/ubna_data_06/recover-20251210/UBNA_032/20251210_035000.WAV,recover-20251210,UBNA_032,Foliage
LF,25920.0,3.9032024874380626,34.7875,34.7923,22890.0,34147.0,Plecotus austriacus,0.223,0.303,-1,Echolocation,192000.0,/mnt/ubna_data_06/recover-20251210/UBNA_032/20251210_035000.WAV,recover-20251210,UBNA_032,Foliage
HF,48960.0,2.2974204207401874,271.3985,271.4072,47812.0,52147.0,Pipistrellus pipistrellus,0.283,0.312,-1,Echolocation,192000.0,/mnt/ubna_data_06/recover-20251210/UBNA_032/20251210_035000.WAV,recover-20251210,UBNA_032,Foliage
LF,23040.0,5.375019511725738,298.3815,298.3933,22031.0,27010.0,Nyctalus leisleri,0.15,0.307,-1,Echolocation,192000.0,/mnt/ubna_data_06/recover-20251210/UBNA_032/20251210_035000.WAV,recover-20251210,UBNA_032,Foliage
LF,24000.0,1.5650093517159311,22.5355,22.5461,22890.0,29544.0,Nyctalus leisleri,0.111,0.344,-1,Echolocation,192000.0,/mnt/ubna_data_06/recover-20251210/UBNA_032/20251210_040000.WAV,recover-20251210,UBNA_032,Foliage
LF,24960.0,3.7054547729465774,63.8065,63.8129,23750.0,33376.0,Plecotus austriacus,0.12,0.303,-1,Echolocation,192000.0,/mnt/ubna_data_06/recover-20251210/UBNA_032/20251210_040000.WAV,recover-20251210,UBNA_032,Foliage
LF,24960.0,1.5680059949500698,64.8215,64.8324,24609.0,30416.0,Eptesicus serotinus,0.169,0.33,-1,Echolocation,192000.0,/mnt/ubna_data_06/recover-20251210/UBNA_032/20251210_040000.WAV,recover-20251210,UBNA_032,Foliage
LF,24960.0,6.439063722987419,72.5525,72.5582,22890.0,32704.0,Plecotus austriacus,0.136,0.366,-1,Echolocation,192000.0,/mnt/ubna_data_06/recover-20251210/UBNA_032/20251210_040000.WAV,recover-20251210,UBNA_032,Foliage
LF,24000.0,1.722246979231107,93.0885,93.0973,23750.0,31701.0,Eptesicus serotinus,0.189,0.346,-1,Echolocation,192000.0,/mnt/ubna_data_06/recover-20251210/UBNA_032/20251210_040000.WAV,recover-20251210,UBNA_032,Foliage
LF,24000.0,10.450949612767682,108.5185,108.5233,18593.0,35495.0,Plecotus austriacus,0.223,0.3,-1,Echolocation,192000.0,/mnt/ubna_data_06/recover-20251210/UBNA_032/20251210_040000.WAV,recover-20251210,UBNA_032,Foliage
LF,24000.0,8.885491319628757,217.1795,217.1865,22890.0,30935.0,Plecotus austriacus,0.16,0.302,-1,Echolocation,192000.0,/mnt/ubna_data_06/recover-20251210/UBNA_032/20251210_040000.WAV,recover-20251210,UBNA_032,Foliage
LF,24960.0,3.699459167561293,251.2625,251.2693,22031.0,31241.0,Plecotus austriacus,0.201,0.318,-1,Echolocation,192000.0,/mnt/ubna_data_06/recover-20251210/UBNA_032/20251210_040000.WAV,recover-20251210,UBNA_032,Foliage
LF,25920.0,5.413174446797964,187.1275,187.1329,22890.0,33959.0,Plecotus austriacus,0.239,0.303,-1,Echolocation,192000.0,/mnt/ubna_data_06/recover-20251210/UBNA_032/20251210_041000.WAV,recover-20251210,UBNA_032,Foliage
LF,24960.0,1.140400245554151,76.0625,76.0757,22031.0,27657.0,Nyctalus leisleri,0.143,0.358,-1,Echolocation,192000.0,/mnt/ubna_data_06/recover-20251210/UBNA_032/20251210_042000.WAV,recover-20251210,UBNA_032,Foliage
LF,24000.0,4.310173164042875,107.8235,107.83160000000001,23750.0,33421.0,Eptesicus serotinus,0.132,0.303,-1,Echolocation,192000.0,/mnt/ubna_data_06/recover-20251210/UBNA_032/20251210_042000.WAV,recover-20251210,UBNA_032,Foliage
LF,28800.0,6.541860488879717,128.9195,128.9314,27187.0,33166.0,Eptesicus serotinus,0.154,0.302,-1,Echolocation,192000.0,/mnt/ubna_data_06/recover-20251210/UBNA_032/20251210_042000.WAV,recover-20251210,UBNA_032,Foliage
LF,25920.0,6.976656206973483,155.0885,155.0976,23750.0,31332.0,Eptesicus serotinus,0.137,0.324,-1,Echolocation,192000.0,/mnt/ubna_data_06/recover-20251210/UBNA_032/20251210_042000.WAV,recover-20251210,UBNA_032,Foliage
LF,24960.0,0.3851496287296157,174.7385,174.7514,24609.0,30790.0,Eptesicus serotinus,0.177,0.336,-1,Echolocation,192000.0,/mnt/ubna_data_06/recover-20251210/UBNA_032/20251210_042000.WAV,recover-20251210,UBNA_032,Foliage
LF,23040.0,11.053987521145132,185.6455,185.6527,21171.0,29137.0,Plecotus austriacus,0.16,0.303,-1,Echolocation,192000.0,/mnt/ubna_data_06/recover-20251210/UBNA_032/20251210_042000.WAV,recover-20251210,UBNA_032,Foliage
LF,25920.0,2.7088290054165287,191.3975,191.4082,25468.0,30439.0,Eptesicus serotinus,0.142,0.307,-1,Echolocation,192000.0,/mnt/ubna_data_06/recover-20251210/UBNA_032/20251210_042000.WAV,recover-20251210,UBNA_032,Foliage
LF,24000.0,12.60934821413413,209.4535,209.4594,21171.0,31388.0,Plecotus austriacus,0.245,0.319,-1,Echolocation,192000.0,/mnt/ubna_data_06/recover-20251210/UBNA_032/20251210_042000.WAV,recover-20251210,UBNA_032,Foliage
LF,24960.0,7.088573600023769,218.6895,218.7008,23750.0,29576.0,Eptesicus serotinus,0.176,0.387,-1,Echolocation,192000.0,/mnt/ubna_data_06/recover-20251210/UBNA_032/20251210_042000.WAV,recover-20251210,UBNA_032,Foliage
LF,24000.0,15.488144488506695,275.2815,275.288,20312.0,31808.0,Plecotus austriacus,0.246,0.328,-1,Echolocation,192000.0,/mnt/ubna_data_06/recover-20251210/UBNA_032/20251210_042000.WAV,recover-20251210,UBNA_032,Foliage
LF,25920.0,4.319501101568383,289.8595,289.8658,23750.0,35515.0,Plecotus austriacus,0.263,0.332,-1,Echolocation,192000.0,/mnt/ubna_data_06/recover-20251210/UBNA_032/20251210_042000.WAV,recover-20251210,UBNA_032,Foliage
LF,24960.0,1.5884582439248085,295.0605,295.0752,23750.0,29880.0,Eptesicus serotinus,0.171,0.338,-1,Echolocation,192000.0,/mnt/ubna_data_06/recover-20251210/UBNA_032/20251210_042000.WAV,recover-20251210,UBNA_032,Foliage
LF,29760.0,1.1577233692208575,39.1905,39.2,28046.0,34547.0,Eptesicus serotinus,0.195,0.34,-1,Echolocation,192000.0,/mnt/ubna_data_06/recover-20251210/UBNA_032/20251210_043000.WAV,recover-20251210,UBNA_032,Foliage
LF,24000.0,2.1774067920697684,183.5235,183.5283,16015.0,32804.0,Plecotus auritus,0.256,0.338,-1,Echolocation,192000.0,/mnt/ubna_data_06/recover-20251210/UBNA_032/20251210_043000.WAV,recover-20251210,UBNA_032,Foliage
LF,29760.0,5.412895621157503,222.8875,222.8912,24609.0,40693.0,Plecotus austriacus,0.258,0.319,-1,Echolocation,192000.0,/mnt/ubna_data_06/recover-20251210/UBNA_032/20251210_043000.WAV,recover-20251210,UBNA_032,Foliage
LF,24000.0,0.9907183798299886,36.2565,36.269,21171.0,27776.0,Nyctalus noctula,0.193,0.38,-1,Echolocation,192000.0,/mnt/ubna_data_06/recover-20251210/UBNA_032/20251210_044000.WAV,recover-20251210,UBNA_032,Foliage
LF,24000.0,20.494295922192393,181.8595,181.8669,22890.0,32970.0,Plecotus austriacus,0.294,0.429,-1,Echolocation,192000.0,/mnt/ubna_data_06/recover-20251210/UBNA_032/20251210_044000.WAV,recover-20251210,UBNA_032,Foliage
LF,23040.0,4.14142115527892,285.8775,285.8822,18593.0,35089.0,Plecotus austriacus,0.238,0.351,-1,Echolocation,192000.0,/mnt/ubna_data_06/recover-20251210/UBNA_032/20251210_044000.WAV,recover-20251210,UBNA_032,Foliage
LF,25920.0,-7.979773977995346,143.5865,143.597,24609.0,32200.0,Nyctalus leisleri,0.195,0.395,-1,Echolocation,192000.0,/mnt/ubna_data_06/recover-20251210/UBNA_032/20251210_045000.WAV,recover-20251210,UBNA_032,Foliage
LF,24960.0,-5.427671532935322,170.9895,170.9985,23750.0,30679.0,Eptesicus serotinus,0.135,0.304,-1,Echolocation,192000.0,/mnt/ubna_data_06/recover-20251210/UBNA_032/20251210_045000.WAV,recover-20251210,UBNA_032,Foliage
LF,24000.0,2.3463072144126262,193.80349999999999,193.8089,23750.0,35621.0,Plecotus austriacus,0.281,0.337,-1,Echolocation,192000.0,/mnt/ubna_data_06/recover-20251210/UBNA_032/20251210_045000.WAV,recover-20251210,UBNA_032,Foliage
LF,24960.0,1.9547476406296107,241.4145,241.4206,23750.0,33226.0,Plecotus austriacus,0.222,0.304,-1,Echolocation,192000.0,/mnt/ubna_data_06/recover-20251210/UBNA_032/20251210_045000.WAV,recover-20251210,UBNA_032,Foliage
LF,24000.0,8.195127037308056,99.75450000000001,99.7591,19453.0,36354.0,Plecotus austriacus,0.251,0.319,-1,Echolocation,192000.0,/mnt/ubna_data_06/recover-20251210/UBNA_032/20251210_050000.WAV,recover-20251210,UBNA_032,Foliage
LF,24960.0,0.3106794681931514,197.1285,197.1393,22890.0,29863.0,Nyctalus leisleri,0.147,0.388,-1,Echolocation,192000.0,/mnt/ubna_data_06/recover-20251210/UBNA_032/20251210_050000.WAV,recover-20251210,UBNA_032,Foliage
LF,25920.0,4.844701426829679,45.1975,45.2032,22890.0,33816.0,Plecotus austriacus,0.31,0.36,-1,Echolocation,192000.0,/mnt/ubna_data_06/recover-20251210/UBNA_032/20251210_051000.WAV,recover-20251210,UBNA_032,Foliage
LF,24960.0,1.3611008610618711,54.7065,54.7178,24609.0,30212.0,Nyctalus leisleri,0.131,0.325,-1,Echolocation,192000.0,/mnt/ubna_data_06/recover-20251210/UBNA_032/20251210_051000.WAV,recover-20251210,UBNA_032,Foliage
LF,24960.0,8.842123695581172,101.4255,101.4327,22031.0,31731.0,Plecotus austriacus,0.22,0.328,-1,Echolocation,192000.0,/mnt/ubna_data_06/recover-20251210/UBNA_032/20251210_051000.WAV,recover-20251210,UBNA_032,Foliage
LF,24000.0,1.8819841142667766,104.3685,104.3763,22890.0,31756.0,Plecotus austriacus,0.159,0.307,-1,Echolocation,192000.0,/mnt/ubna_data_06/recover-20251210/UBNA_032/20251210_051000.WAV,recover-20251210,UBNA_032,Foliage
LF,28800.0,17.259277378437467,110.21549999999999,110.22200000000001,22031.0,38075.0,Plecotus austriacus,0.25,0.325,-1,Echolocation,192000.0,/mnt/ubna_data_06/recover-20251210/UBNA_032/20251210_051000.WAV,recover-20251210,UBNA_032,Foliage
LF,24000.0,11.441671904373074,162.3025,162.313,22890.0,28740.0,Nyctalus leisleri,0.396,0.452,-1,Echolocation,192000.0,/mnt/ubna_data_06/recover-20251210/UBNA_032/20251210_051000.WAV,recover-20251210,UBNA_032,Foliage
LF,25920.0,3.993993673781512,226.2815,226.2884,22890.0,32102.0,Plecotus austriacus,0.193,0.318,-1,Echolocation,192000.0,/mnt/ubna_data_06/recover-20251210/UBNA_032/20251210_051000.WAV,recover-20251210,UBNA_032,Foliage
LF,24000.0,-2.6185525308509154,292.5925,292.6061,22890.0,28027.0,Nyctalus leisleri,0.148,0.306,-1,Echolocation,192000.0,/mnt/ubna_data_06/recover-20251210/UBNA_032/20251210_051000.WAV,recover-20251210,UBNA_032,Foliage
LF,25920.0,2.2337402483795428,13.8385,13.8439,22890.0,34016.0,Plecotus austriacus,0.267,0.319,-1,Echolocation,192000.0,/mnt/ubna_data_06/recover-20251210/UBNA_032/20251210_052000.WAV,recover-20251210,UBNA_032,Foliage
LF,24000.0,5.717084390963365,32.6215,32.6326,22890.0,29120.0,Nyctalus leisleri,0.112,0.327,-1,Echolocation,192000.0,/mnt/ubna_data_06/recover-20251210/UBNA_032/20251210_052000.WAV,recover-20251210,UBNA_032,Foliage
LF,24960.0,3.0907318018412666,33.713499999999996,33.7192,22031.0,33921.0,Plecotus austriacus,0.187,0.304,-1,Echolocation,192000.0,/mnt/ubna_data_06/recover-20251210/UBNA_032/20251210_052000.WAV,recover-20251210,UBNA_032,Foliage
LF,24000.0,14.26941962037776,93.1875,93.1979,23750.0,30755.0,Nyctalus leisleri,0.148,0.352,-1,Echolocation,192000.0,/mnt/ubna_data_06/recover-20251210/UBNA_032/20251210_052000.WAV,recover-20251210,UBNA_032,Foliage
LF,24000.0,20.127092814125263,136.3465,136.3545,21171.0,32157.0,Plecotus austriacus,0.212,0.309,-1,Echolocation,192000.0,/mnt/ubna_data_06/recover-20251210/UBNA_032/20251210_052000.WAV,recover-20251210,UBNA_032,Foliage
LF,24000.0,16.949986836364822,144.4765,144.4854,22031.0,30500.0,Nyctalus leisleri,0.202,0.404,-1,Echolocation,192000.0,/mnt/ubna_data_06/recover-20251210/UBNA_032/20251210_052000.WAV,recover-20251210,UBNA_032,Foliage
LF,25920.0,2.4247891400638073,255.2355,255.2407,24609.0,35538.0,Plecotus austriacus,0.335,0.411,-1,Echolocation,192000.0,/mnt/ubna_data_06/recover-20251210/UBNA_032/20251210_052000.WAV,recover-20251210,UBNA_032,Foliage
LF,24960.0,4.088176242245391,41.7435,41.7501,22890.0,33359.0,Plecotus austriacus,0.218,0.3,-1,Echolocation,192000.0,/mnt/ubna_data_06/recover-20251210/UBNA_032/20251210_054000.WAV,recover-20251210,UBNA_032,Foliage
LF,29760.0,0.7596977307903012,266.0895,266.0977,27187.0,35572.0,Eptesicus serotinus,0.144,0.31,-1,Echolocation,192000.0,/mnt/ubna_data_06/recover-20251210/UBNA_032/20251210_054000.WAV,recover-20251210,UBNA_032,Foliage
LF,24960.0,7.583301991547215,44.2535,44.2589,22890.0,37432.0,Plecotus austriacus,0.305,0.363,-1,Echolocation,192000.0,/mnt/ubna_data_06/recover-20251210/UBNA_032/20251210_055000.WAV,recover-20251210,UBNA_032,Foliage
LF,24000.0,6.959909758469406,136.9545,136.9641,23750.0,32995.0,Nyctalus leisleri,0.088,0.304,-1,Echolocation,192000.0,/mnt/ubna_data_06/recover-20251210/UBNA_032/20251210_055000.WAV,recover-20251210,UBNA_032,Foliage
LF,24000.0,8.19089227581575,205.6335,205.6393,22031.0,32647.0,Plecotus austriacus,0.269,0.33,-1,Echolocation,192000.0,/mnt/ubna_data_06/recover-20251210/UBNA_032/20251210_055000.WAV,recover-20251210,UBNA_032,Foliage
LF,24000.0,9.253938189088819,222.3175,222.3247,22890.0,33218.0,Plecotus austriacus,0.251,0.302,-1,Echolocation,192000.0,/mnt/ubna_data_06/recover-20251210/UBNA_032/20251210_055000.WAV,recover-20251210,UBNA_032,Foliage
LF,25920.0,-0.3841620262222883,232.7785,232.7902,26328.0,31509.0,Nyctalus leisleri,0.223,0.397,-1,Echolocation,192000.0,/mnt/ubna_data_06/recover-20251210/UBNA_032/20251210_055000.WAV,recover-20251210,UBNA_032,Foliage
LF,24000.0,4.046995633866912,245.2445,245.253,22031.0,30741.0,Plecotus austriacus,0.097,0.307,-1,Echolocation,192000.0,/mnt/ubna_data_06/recover-20251210/UBNA_032/20251210_055000.WAV,recover-20251210,UBNA_032,Foliage
LF,24960.0,14.025519156674404,28.1255,28.1322,22031.0,32572.0,Plecotus austriacus,0.236,0.319,-1,Echolocation,192000.0,/mnt/ubna_data_06/recover-20251210/UBNA_032/20251210_060000.WAV,recover-20251210,UBNA_032,Foliage
LF,26880.0,15.569869624632629,141.1905,141.1974,23750.0,32671.0,Plecotus austriacus,0.141,0.319,-1,Echolocation,192000.0,/mnt/ubna_data_06/recover-20251210/UBNA_032/20251210_060000.WAV,recover-20251210,UBNA_032,Foliage
LF,25920.0,6.926331134281853,176.9735,176.9806,22031.0,32165.0,Plecotus austriacus,0.209,0.301,-1,Echolocation,192000.0,/mnt/ubna_data_06/recover-20251210/UBNA_032/20251210_060000.WAV,recover-20251210,UBNA_032,Foliage
LF,24000.0,7.821373360851331,232.5375,232.5475,22890.0,30009.0,Nyctalus leisleri,0.1,0.3,-1,Echolocation,192000.0,/mnt/ubna_data_06/recover-20251210/UBNA_032/20251210_060000.WAV,recover-20251210,UBNA_032,Foliage
LF,24960.0,5.414129119197626,250.3155,250.3274,22890.0,28709.0,Nyctalus leisleri,0.126,0.308,-1,Echolocation,192000.0,/mnt/ubna_data_06/recover-20251210/UBNA_032/20251210_060000.WAV,recover-20251210,UBNA_032,Foliage
LF,24960.0,4.843525482626919,259.2225,259.2346,22890.0,28671.0,Nyctalus leisleri,0.161,0.365,-1,Echolocation,192000.0,/mnt/ubna_data_06/recover-20251210/UBNA_032/20251210_060000.WAV,recover-20251210,UBNA_032,Foliage
LF,24000.0,4.138032662157928,35.8515,35.8641,23750.0,29358.0,Nyctalus leisleri,0.211,0.428,-1,Echolocation,192000.0,/mnt/ubna_data_06/recover-20251210/UBNA_032/20251210_061000.WAV,recover-20251210,UBNA_032,Foliage
LF,24960.0,3.747528650328608,38.8405,38.8464,22890.0,33376.0,Plecotus austriacus,0.235,0.302,-1,Echolocation,192000.0,/mnt/ubna_data_06/recover-20251210/UBNA_032/20251210_061000.WAV,recover-20251210,UBNA_032,Foliage
LF,24000.0,2.846842323343078,42.3585,42.3634,20312.0,34656.0,Plecotus austriacus,0.2,0.304,-1,Echolocation,192000.0,/mnt/ubna_data_06/recover-20251210/UBNA_032/20251210_061000.WAV,recover-20251210,UBNA_032,Foliage
LF,24960.0,3.563364041248202,48.6465,48.6592,23750.0,29219.0,Nyctalus leisleri,0.15,0.302,-1,Echolocation,192000.0,/mnt/ubna_data_06/recover-20251210/UBNA_032/20251210_061000.WAV,recover-20251210,UBNA_032,Foliage
LF,25920.0,8.147583597765461,59.1965,59.202799999999996,22031.0,33064.0,Plecotus austriacus,0.263,0.321,-1,Echolocation,192000.0,/mnt/ubna_data_06/recover-20251210/UBNA_032/20251210_061000.WAV,recover-20251210,UBNA_032,Foliage
LF,24000.0,0.8677021432595731,81.2835,81.2961,22890.0,29037.0,Nyctalus leisleri,0.151,0.309,-1,Echolocation,192000.0,/mnt/ubna_data_06/recover-20251210/UBNA_032/20251210_061000.WAV,recover-20251210,UBNA_032,Foliage
LF,24000.0,15.725327658715686,144.1465,144.154,22031.0,29799.0,Plecotus austriacus,0.177,0.376,-1,Echolocation,192000.0,/mnt/ubna_data_06/recover-20251210/UBNA_032/20251210_061000.WAV,recover-20251210,UBNA_032,Foliage
LF,23040.0,16.816864550847622,149.5235,149.5323,22031.0,30212.0,Plecotus austriacus,0.116,0.364,-1,Echolocation,192000.0,/mnt/ubna_data_06/recover-20251210/UBNA_032/20251210_061000.WAV,recover-20251210,UBNA_032,Foliage
LF,23040.0,0.5838781932401076,158.6955,158.7045,21171.0,30049.0,Nyctalus noctula,0.104,0.31,-1,Echolocation,192000.0,/mnt/ubna_data_06/recover-20251210/UBNA_032/20251210_061000.WAV,recover-20251210,UBNA_032,Foliage
LF,24000.0,11.572505240640334,226.6895,226.6967,22031.0,30276.0,Plecotus austriacus,0.246,0.444,-1,Echolocation,192000.0,/mnt/ubna_data_06/recover-20251210/UBNA_032/20251210_061000.WAV,recover-20251210,UBNA_032,Foliage
LF,24960.0,10.033338316207164,243.3005,243.3062,22031.0,31968.0,Plecotus austriacus,0.31,0.4,-1,Echolocation,192000.0,/mnt/ubna_data_06/recover-20251210/UBNA_032/20251210_061000.WAV,recover-20251210,UBNA_032,Foliage
LF,24000.0,8.282007302513284,260.6805,260.6872,22031.0,32385.0,Plecotus austriacus,0.125,0.303,-1,Echolocation,192000.0,/mnt/ubna_data_06/recover-20251210/UBNA_032/20251210_061000.WAV,recover-20251210,UBNA_032,Foliage
LF,25920.0,6.104404011634069,22.9685,22.9739,22890.0,33425.0,Plecotus austriacus,0.182,0.361,-1,Echolocation,192000.0,/mnt/ubna_data_06/recover-20251210/UBNA_032/20251210_062000.WAV,recover-20251210,UBNA_032,Foliage
LF,24000.0,8.969838525713083,24.9485,24.9551,21171.0,30889.0,Plecotus austriacus,0.184,0.312,-1,Echolocation,192000.0,/mnt/ubna_data_06/recover-20251210/UBNA_032/20251210_062000.WAV,recover-20251210,UBNA_032,Foliage
LF,24000.0,3.1486177914961777,35.8425,35.8546,22890.0,28833.0,Nyctalus leisleri,0.138,0.304,-1,Echolocation,192000.0,/mnt/ubna_data_06/recover-20251210/UBNA_032/20251210_062000.WAV,recover-20251210,UBNA_032,Foliage
LF,24000.0,4.546663310603219,99.0825,99.0941,22890.0,28746.0,Eptesicus serotinus,0.129,0.324,-1,Echolocation,192000.0,/mnt/ubna_data_06/recover-20251210/UBNA_032/20251210_062000.WAV,recover-20251210,UBNA_032,Foliage
LF,23040.0,9.469314398574863,191.3315,191.3417,22890.0,30179.0,Nyctalus leisleri,0.169,0.386,-1,Echolocation,192000.0,/mnt/ubna_data_06/recover-20251210/UBNA_032/20251210_062000.WAV,recover-20251210,UBNA_032,Foliage
LF,24000.0,3.6877787203195185,200.16649999999998,200.1835,22890.0,27582.0,Nyctalus leisleri,0.163,0.306,-1,Echolocation,192000.0,/mnt/ubna_data_06/recover-20251210/UBNA_032/20251210_062000.WAV,recover-20251210,UBNA_032,Foliage
LF,24000.0,8.531320449122607,228.4985,228.50900000000001,22890.0,29817.0,Eptesicus serotinus,0.125,0.343,-1,Echolocation,192000.0,/mnt/ubna_data_06/recover-20251210/UBNA_032/20251210_062000.WAV,recover-20251210,UBNA_032,Foliage
LF,25920.0,10.155368293217782,257.0455,257.0521,22031.0,31967.0,Plecotus austriacus,0.281,0.373,-1,Echolocation,192000.0,/mnt/ubna_data_06/recover-20251210/UBNA_032/20251210_062000.WAV,recover-20251210,UBNA_032,Foliage
LF,25920.0,0.4724832175460791,272.6335,272.6455,26328.0,31031.0,Nyctalus leisleri,0.214,0.346,-1,Echolocation,192000.0,/mnt/ubna_data_06/recover-20251210/UBNA_032/20251210_062000.WAV,recover-20251210,UBNA_032,Foliage
LF,24000.0,14.121968503250402,4.8445,4.8525,21171.0,29160.0,Plecotus austriacus,0.206,0.354,-1,Echolocation,192000.0,/mnt/ubna_data_06/recover-20251210/UBNA_032/20251210_063000.WAV,recover-20251210,UBNA_032,Foliage
LF,23040.0,0.617869514544088,19.1095,19.1216,22890.0,27550.0,Nyctalus leisleri,0.207,0.387,-1,Echolocation,192000.0,/mnt/ubna_data_06/recover-20251210/UBNA_032/20251210_063000.WAV,recover-20251210,UBNA_032,Foliage
LF,24960.0,1.1500706466900428,26.8355,26.8439,22031.0,31806.0,Plecotus austriacus,0.092,0.363,-1,Echolocation,192000.0,/mnt/ubna_data_06/recover-20251210/UBNA_032/20251210_063000.WAV,recover-20251210,UBNA_032,Foliage
LF,24000.0,4.7435424289768555,38.164500000000004,38.172200000000004,22031.0,31376.0,Plecotus austriacus,0.199,0.41,-1,Echolocation,192000.0,/mnt/ubna_data_06/recover-20251210/UBNA_032/20251210_063000.WAV,recover-20251210,UBNA_032,Foliage
LF,23040.0,16.12284954846536,59.3905,59.3953,19453.0,34179.0,Plecotus austriacus,0.322,0.416,-1,Echolocation,192000.0,/mnt/ubna_data_06/recover-20251210/UBNA_032/20251210_063000.WAV,recover-20251210,UBNA_032,Foliage
LF,24960.0,5.424837408207978,59.683499999999995,59.691,22890.0,32157.0,Plecotus austriacus,0.088,0.303,-1,Echolocation,192000.0,/mnt/ubna_data_06/recover-20251210/UBNA_032/20251210_063000.WAV,recover-20251210,UBNA_032,Foliage
LF,24000.0,10.208170674442735,71.9545,71.96170000000001,22031.0,30699.0,Plecotus austriacus,0.185,0.302,-1,Echolocation,192000.0,/mnt/ubna_data_06/recover-20251210/UBNA_032/20251210_063000.WAV,recover-20251210,UBNA_032,Foliage
LF,24000.0,10.671874823673486,75.72749999999999,75.7393,22890.0,29147.0,Nyctalus leisleri,0.193,0.328,-1,Echolocation,192000.0,/mnt/ubna_data_06/recover-20251210/UBNA_032/20251210_063000.WAV,recover-20251210,UBNA_032,Foliage
LF,24000.0,3.7729401566464986,115.5795,115.5906,22890.0,29437.0,Nyctalus leisleri,0.116,0.369,-1,Echolocation,192000.0,/mnt/ubna_data_06/recover-20251210/UBNA_032/20251210_063000.WAV,recover-20251210,UBNA_032,Foliage
LF,23040.0,8.066697342531423,135.3145,135.3223,21171.0,29296.0,Plecotus austriacus,0.138,0.311,-1,Echolocation,192000.0,/mnt/ubna_data_06/recover-20251210/UBNA_032/20251210_063000.WAV,recover-20251210,UBNA_032,Foliage
LF,27840.0,3.284884876791322,219.0815,219.0862,24609.0,35769.0,Plecotus austriacus,0.225,0.321,-1,Echolocation,192000.0,/mnt/ubna_data_06/recover-20251210/UBNA_032/20251210_063000.WAV,recover-20251210,UBNA_032,Foliage
LF,24960.0,8.444685427547187,111.8475,111.8584,23750.0,29989.0,Eptesicus serotinus,0.133,0.315,-1,Echolocation,192000.0,/mnt/ubna_data_06/recover-20251210/UBNA_032/20251210_064000.WAV,recover-20251210,UBNA_032,Foliage
LF,24000.0,9.21030280748666,112.0795,112.0869,22890.0,32979.0,Plecotus austriacus,0.269,0.347,-1,Echolocation,192000.0,/mnt/ubna_data_06/recover-20251210/UBNA_032/20251210_064000.WAV,recover-20251210,UBNA_032,Foliage
LF,24000.0,11.002033116236108,145.3115,145.31810000000002,21171.0,30735.0,Plecotus austriacus,0.178,0.332,-1,Echolocation,192000.0,/mnt/ubna_data_06/recover-20251210/UBNA_032/20251210_064000.WAV,recover-20251210,UBNA_032,Foliage
LF,24960.0,3.8529191912661127,3.6885,3.6964,22890.0,31713.0,Eptesicus serotinus,0.138,0.341,-1,Echolocation,192000.0,/mnt/ubna_data_06/recover-20251210/UBNA_032/20251210_065000.WAV,recover-20251210,UBNA_032,Foliage
LF,26880.0,5.789912148778416,107.5435,107.5491,23750.0,34314.0,Plecotus austriacus,0.271,0.342,-1,Echolocation,192000.0,/mnt/ubna_data_06/recover-20251210/UBNA_032/20251210_065000.WAV,recover-20251210,UBNA_032,Foliage
LF,24000.0,10.97149531428878,231.1485,231.1569,21171.0,30763.0,Plecotus austriacus,0.197,0.315,-1,Echolocation,192000.0,/mnt/ubna_data_06/recover-20251210/UBNA_032/20251210_065000.WAV,recover-20251210,UBNA_032,Foliage
LF,24960.0,6.900894276787714,78.1845,78.1939,23750.0,31813.0,Nyctalus leisleri,0.11,0.326,-1,Echolocation,192000.0,/mnt/ubna_data_06/recover-20251210/UBNA_032/20251210_070000.WAV,recover-20251210,UBNA_032,Foliage
LF,24000.0,7.569103297822508,163.9715,163.9821,23750.0,30887.0,Eptesicus serotinus,0.142,0.345,-1,Echolocation,192000.0,/mnt/ubna_data_06/recover-20251210/UBNA_032/20251210_071000.WAV,recover-20251210,UBNA_032,Foliage
LF,24000.0,0.6230951764465285,176.0695,176.0786,20312.0,29237.0,Nyctalus noctula,0.133,0.364,-1,Echolocation,192000.0,/mnt/ubna_data_06/recover-20251210/UBNA_032/20251210_071000.WAV,recover-20251210,UBNA_032,Foliage
LF,24000.0,5.696001494992183,182.0115,182.0217,22031.0,29510.0,Nyctalus leisleri,0.091,0.323,-1,Echolocation,192000.0,/mnt/ubna_data_06/recover-20251210/UBNA_032/20251210_071000.WAV,recover-20251210,UBNA_032,Foliage
LF,24000.0,12.467068413441517,38.1535,38.1613,22031.0,31194.0,Plecotus austriacus,0.208,0.317,-1,Echolocation,192000.0,/mnt/ubna_data_06/recover-20251210/UBNA_032/20251210_072000.WAV,recover-20251210,UBNA_032,Foliage
LF,24960.0,3.148646165960725,218.6455,218.6562,22890.0,29311.0,Nyctalus leisleri,0.108,0.333,-1,Echolocation,192000.0,/mnt/ubna_data_06/recover-20251210/UBNA_032/20251210_072000.WAV,recover-20251210,UBNA_032,Foliage
LF,24000.0,1.826416153336775,224.8895,224.9033,22031.0,27813.0,Nyctalus noctula,0.112,0.318,-1,Echolocation,192000.0,/mnt/ubna_data_06/recover-20251210/UBNA_032/20251210_072000.WAV,recover-20251210,UBNA_032,Foliage
LF,24000.0,3.046700436317111,254.9315,254.9364,22890.0,34427.0,Plecotus austriacus,0.274,0.332,-1,Echolocation,192000.0,/mnt/ubna_data_06/recover-20251210/UBNA_032/20251210_072000.WAV,recover-20251210,UBNA_032,Foliage
LF,24000.0,1.2308676134789545,79.2115,79.2218,22031.0,30067.0,Nyctalus noctula,0.124,0.318,-1,Echolocation,192000.0,/mnt/ubna_data_06/recover-20251210/UBNA_032/20251210_073000.WAV,recover-20251210,UBNA_032,Foliage
LF,24000.0,4.218673271607178,213.2595,213.2703,22890.0,28873.0,Nyctalus leisleri,0.106,0.308,-1,Echolocation,192000.0,/mnt/ubna_data_06/recover-20251210/UBNA_032/20251210_073000.WAV,recover-20251210,UBNA_032,Foliage
LF,24000.0,4.052538570237859,92.8455,92.8569,23750.0,28881.0,Nyctalus leisleri,0.127,0.326,-1,Echolocation,192000.0,/mnt/ubna_data_06/recover-20251210/UBNA_032/20251210_074000.WAV,recover-20251210,UBNA_032,Foliage
LF,24000.0,2.7425587835248115,94.0335,94.0461,22890.0,28412.0,Eptesicus serotinus,0.142,0.372,-1,Echolocation,192000.0,/mnt/ubna_data_06/recover-20251210/UBNA_032/20251210_074000.WAV,recover-20251210,UBNA_032,Foliage
LF,24000.0,3.287282691675202,140.7735,140.785,22890.0,28807.0,Nyctalus leisleri,0.12,0.322,-1,Echolocation,192000.0,/mnt/ubna_data_06/recover-20251210/UBNA_032/20251210_074000.WAV,recover-20251210,UBNA_032,Foliage
LF,24000.0,3.7021284384341775,151.2475,151.257,23750.0,30591.0,Eptesicus serotinus,0.165,0.325,-1,Echolocation,192000.0,/mnt/ubna_data_06/recover-20251210/UBNA_032/20251210_074000.WAV,recover-20251210,UBNA_032,Foliage
LF,24000.0,3.7428194682732743,39.2095,39.221199999999996,22890.0,28715.0,Eptesicus serotinus,0.14,0.319,-1,Echolocation,192000.0,/mnt/ubna_data_06/recover-20251210/UBNA_032/20251210_075000.WAV,recover-20251210,UBNA_032,Foliage
LF,24000.0,7.199789513138864,48.3405,48.3534,22890.0,28605.0,Nyctalus leisleri,0.116,0.307,-1,Echolocation,192000.0,/mnt/ubna_data_06/recover-20251210/UBNA_032/20251210_075000.WAV,recover-20251210,UBNA_032,Foliage
LF,24960.0,5.168095017513262,235.4205,235.4308,23750.0,30047.0,Eptesicus serotinus,0.218,0.412,-1,Echolocation,192000.0,/mnt/ubna_data_06/recover-20251210/UBNA_032/20251210_075000.WAV,recover-20251210,UBNA_032,Foliage
LF,24000.0,5.494324530703084,127.76050000000001,127.7688,21171.0,30794.0,Plecotus austriacus,0.107,0.383,-1,Echolocation,192000.0,/mnt/ubna_data_06/recover-20251210/UBNA_032/20251210_080000.WAV,recover-20251210,UBNA_032,Foliage
LF,24960.0,4.1403086553055415,230.7185,230.7347,23750.0,28326.0,Nyctalus leisleri,0.222,0.359,-1,Echolocation,192000.0,/mnt/ubna_data_06/recover-20251210/UBNA_032/20251210_080000.WAV,recover-20251210,UBNA_032,Foliage
LF,24000.0,1.8726033088469793,122.3335,122.3405,19453.0,30146.0,Plecotus auritus,0.116,0.363,-1,Echolocation,192000.0,/mnt/ubna_data_06/recover-20251210/UBNA_032/20251210_081000.WAV,recover-20251210,UBNA_032,Foliage
LF,25920.0,0.7557439616104343,129.1515,129.1602,24609.0,31416.0,Eptesicus serotinus,0.171,0.33,-1,Echolocation,192000.0,/mnt/ubna_data_06/recover-20251210/UBNA_032/20251210_081000.WAV,recover-20251210,UBNA_032,Foliage
LF,24960.0,-0.4078732069092139,280.2525,280.2608,25468.0,32625.0,Eptesicus serotinus,0.153,0.321,-1,Echolocation,192000.0,/mnt/ubna_data_06/recover-20251210/UBNA_032/20251210_081000.WAV,recover-20251210,UBNA_032,Foliage
LF,24000.0,5.1692951990528515,20.5575,20.5731,22890.0,27650.0,Nyctalus leisleri,0.136,0.31,-1,Echolocation,192000.0,/mnt/ubna_data_06/recover-20251210/UBNA_032/20251210_083000.WAV,recover-20251210,UBNA_032,Foliage
LF,24000.0,7.85001752299398,75.8245,75.8314,22031.0,30158.0,Plecotus austriacus,0.171,0.305,-1,Echolocation,192000.0,/mnt/ubna_data_06/recover-20251210/UBNA_032/20251210_083000.WAV,recover-20251210,UBNA_032,Foliage
LF,23040.0,0.8296240565098529,163.1145,163.1261,22890.0,28244.0,Nyctalus leisleri,0.13,0.345,-1,Echolocation,192000.0,/mnt/ubna_data_06/recover-20251210/UBNA_032/20251210_083000.WAV,recover-20251210,UBNA_032,Foliage
LF,24960.0,10.654653271943822,183.0005,183.005,21171.0,34142.0,Plecotus austriacus,0.26,0.328,-1,Echolocation,192000.0,/mnt/ubna_data_06/recover-20251210/UBNA_032/20251210_084000.WAV,recover-20251210,UBNA_032,Foliage
LF,24000.0,1.5240134803299945,185.1365,185.1444,23750.0,33717.0,Eptesicus serotinus,0.128,0.321,-1,Echolocation,192000.0,/mnt/ubna_data_06/recover-20251210/UBNA_032/20251210_084000.WAV,recover-20251210,UBNA_032,Foliage
LF,24000.0,3.2532352052379103,213.4555,213.4627,21171.0,31587.0,Plecotus austriacus,0.138,0.317,-1,Echolocation,192000.0,/mnt/ubna_data_06/recover-20251210/UBNA_032/20251210_084000.WAV,recover-20251210,UBNA_032,Foliage
LF,25920.0,3.333131022388489,5.8475,5.852,23750.0,35426.0,Plecotus austriacus,0.255,0.309,-1,Echolocation,192000.0,/mnt/ubna_data_06/recover-20251210/UBNA_032/20251210_085000.WAV,recover-20251210,UBNA_032,Foliage
LF,24960.0,1.6984132106909364,272.5045,272.5096,24609.0,35752.0,Plecotus austriacus,0.202,0.312,-1,Echolocation,192000.0,/mnt/ubna_data_06/recover-20251210/UBNA_032/20251210_085000.WAV,recover-20251210,UBNA_032,Foliage
LF,24000.0,5.049076613450795,288.9425,288.9476,22031.0,34343.0,Plecotus austriacus,0.248,0.322,-1,Echolocation,192000.0,/mnt/ubna_data_06/recover-20251210/UBNA_032/20251210_090000.WAV,recover-20251210,UBNA_032,Foliage
LF,24000.0,9.975469746473868,67.0725,67.077,19453.0,38006.0,Plecotus austriacus,0.213,0.312,-1,Echolocation,192000.0,/mnt/ubna_data_06/recover-20251210/UBNA_032/20251210_091000.WAV,recover-20251210,UBNA_032,Foliage
LF,25920.0,6.587065119508892,91.5585,91.5633,22890.0,37782.0,Plecotus austriacus,0.281,0.334,-1,Echolocation,192000.0,/mnt/ubna_data_06/recover-20251210/UBNA_032/20251210_091000.WAV,recover-20251210,UBNA_032,Foliage
LF,24000.0,14.136314691107914,130.2625,130.268,20312.0,33250.0,Plecotus austriacus,0.223,0.34,-1,Echolocation,192000.0,/mnt/ubna_data_06/recover-20251210/UBNA_032/20251210_091000.WAV,recover-20251210,UBNA_032,Foliage
LF,24000.0,11.471393010751571,133.7695,133.77609999999999,22031.0,31002.0,Plecotus austriacus,0.242,0.339,-1,Echolocation,192000.0,/mnt/ubna_data_06/recover-20251210/UBNA_032/20251210_091000.WAV,recover-20251210,UBNA_032,Foliage
LF,25920.0,12.67454689662908,234.3525,234.3577,22031.0,35109.0,Plecotus austriacus,0.386,0.45,-1,Echolocation,192000.0,/mnt/ubna_data_06/recover-20251210/UBNA_032/20251210_091000.WAV,recover-20251210,UBNA_032,Foliage
LF,23040.0,5.034206796393583,237.2105,237.2163,22031.0,37200.0,Plecotus austriacus,0.184,0.349,-1,Echolocation,192000.0,/mnt/ubna_data_06/recover-20251210/UBNA_032/20251210_091000.WAV,recover-20251210,UBNA_032,Foliage
LF,25920.0,8.685333603695627,261.4625,261.4728,24609.0,29864.0,Eptesicus serotinus,0.146,0.317,-1,Echolocation,192000.0,/mnt/ubna_data_06/recover-20251210/UBNA_032/20251210_091000.WAV,recover-20251210,UBNA_032,Foliage
LF,24960.0,2.747869427430973,270.0075,270.0135,23750.0,35579.0,Plecotus austriacus,0.262,0.305,-1,Echolocation,192000.0,/mnt/ubna_data_06/recover-20251210/UBNA_032/20251210_091000.WAV,recover-20251210,UBNA_032,Foliage
LF,24960.0,18.03948068225037,20.8955,20.9023,21171.0,36096.0,Plecotus austriacus,0.264,0.352,-1,Echolocation,192000.0,/mnt/ubna_data_06/recover-20251210/UBNA_032/20251210_092000.WAV,recover-20251210,UBNA_032,Foliage
LF,24000.0,2.6988929441397156,62.1525,62.1594,22031.0,32887.0,Plecotus austriacus,0.119,0.332,-1,Echolocation,192000.0,/mnt/ubna_data_06/recover-20251210/UBNA_032/20251210_092000.WAV,recover-20251210,UBNA_032,Foliage
LF,24960.0,6.603121368891439,122.7135,122.7181,22031.0,35604.0,Plecotus austriacus,0.38,0.441,-1,Echolocation,192000.0,/mnt/ubna_data_06/recover-20251210/UBNA_032/20251210_092000.WAV,recover-20251210,UBNA_032,Foliage
LF,24000.0,11.377773978477016,244.2965,244.3011,19453.0,33014.0,Plecotus austriacus,0.238,0.329,-1,Echolocation,192000.0,/mnt/ubna_data_06/recover-20251210/UBNA_032/20251210_092000.WAV,recover-20251210,UBNA_032,Foliage
LF,24000.0,13.187113479623662,260.2915,260.2976,22031.0,36211.0,Plecotus austriacus,0.352,0.41,-1,Echolocation,192000.0,/mnt/ubna_data_06/recover-20251210/UBNA_032/20251210_092000.WAV,recover-20251210,UBNA_032,Foliage
LF,25920.0,15.763431313135266,45.0955,45.1019,21171.0,31517.0,Plecotus austriacus,0.237,0.331,-1,Echolocation,192000.0,/mnt/ubna_data_06/recover-20251210/UBNA_032/20251210_093000.WAV,recover-20251210,UBNA_032,Foliage
LF,24960.0,4.28527661424209,115.2235,115.23349999999999,23750.0,31439.0,Eptesicus serotinus,0.117,0.302,-1,Echolocation,192000.0,/mnt/ubna_data_06/recover-20251210/UBNA_032/20251210_093000.WAV,recover-20251210,UBNA_032,Foliage
LF,24000.0,6.096654374136574,155.7155,155.7255,22031.0,29698.0,Nyctalus leisleri,0.094,0.314,-1,Echolocation,192000.0,/mnt/ubna_data_06/recover-20251210/UBNA_032/20251210_093000.WAV,recover-20251210,UBNA_032,Foliage
LF,24000.0,6.630381441008357,261.1125,261.1181,21171.0,31402.0,Plecotus austriacus,0.245,0.329,-1,Echolocation,192000.0,/mnt/ubna_data_06/recover-20251210/UBNA_032/20251210_093000.WAV,recover-20251210,UBNA_032,Foliage
LF,24000.0,2.448512333859706,28.6185,28.6273,22890.0,31641.0,Eptesicus serotinus,0.092,0.319,-1,Echolocation,192000.0,/mnt/ubna_data_06/recover-20251210/UBNA_032/20251210_094000.WAV,recover-20251210,UBNA_032,Foliage
LF,24000.0,3.858660233717013,82.86449999999999,82.8741,22890.0,30553.0,Eptesicus serotinus,0.128,0.393,-1,Echolocation,192000.0,/mnt/ubna_data_06/recover-20251210/UBNA_032/20251210_094000.WAV,recover-20251210,UBNA_032,Foliage
LF,24960.0,3.0847941620814674,118.5085,118.51689999999999,22890.0,31365.0,Plecotus austriacus,0.081,0.308,-1,Echolocation,192000.0,/mnt/ubna_data_06/recover-20251210/UBNA_032/20251210_094000.WAV,recover-20251210,UBNA_032,Foliage
LF,24000.0,4.006029173411343,135.6315,135.6427,23750.0,28907.0,Nyctalus leisleri,0.117,0.327,-1,Echolocation,192000.0,/mnt/ubna_data_06/recover-20251210/UBNA_032/20251210_094000.WAV,recover-20251210,UBNA_032,Foliage
LF,24960.0,2.7420464666461357,147.2165,147.22469999999998,22890.0,31733.0,Eptesicus serotinus,0.153,0.367,-1,Echolocation,192000.0,/mnt/ubna_data_06/recover-20251210/UBNA_032/20251210_094000.WAV,recover-20251210,UBNA_032,Foliage
LF,24960.0,23.007850010693637,166.9855,166.9916,21171.0,37294.0,Plecotus austriacus,0.323,0.408,-1,Echolocation,192000.0,/mnt/ubna_data_06/recover-20251210/UBNA_032/20251210_094000.WAV,recover-20251210,UBNA_032,Foliage
LF,24000.0,10.74388801379428,251.2135,251.227,22890.0,27902.0,Nyctalus leisleri,0.109,0.32,-1,Echolocation,192000.0,/mnt/ubna_data_06/recover-20251210/UBNA_032/20251210_094000.WAV,recover-20251210,UBNA_032,Foliage
LF,23040.0,2.797892477768401,38.1345,38.1454,22890.0,29421.0,Eptesicus serotinus,0.111,0.314,-1,Echolocation,192000.0,/mnt/ubna_data_06/recover-20251210/UBNA_032/20251210_095000.WAV,recover-20251210,UBNA_032,Foliage
LF,25920.0,4.984976908063045,59.8915,59.8964,22031.0,33080.0,Plecotus austriacus,0.246,0.312,-1,Echolocation,192000.0,/mnt/ubna_data_06/recover-20251210/UBNA_032/20251210_095000.WAV,recover-20251210,UBNA_032,Foliage
LF,24000.0,3.5285847684242104,209.8915,209.8974,23750.0,34755.0,Plecotus austriacus,0.214,0.354,-1,Echolocation,192000.0,/mnt/ubna_data_06/recover-20251210/UBNA_032/20251210_095000.WAV,recover-20251210,UBNA_032,Foliage
LF,24000.0,6.504115053857903,212.6465,212.6522,22031.0,36552.0,Plecotus austriacus,0.226,0.32,-1,Echolocation,192000.0,/mnt/ubna_data_06/recover-20251210/UBNA_032/20251210_095000.WAV,recover-20251210,UBNA_032,Foliage
LF,24960.0,4.232112298542375,24.0055,24.0167,23750.0,29928.0,Nyctalus leisleri,0.122,0.31,-1,Echolocation,192000.0,/mnt/ubna_data_06/recover-20251210/UBNA_032/20251210_100000.WAV,recover-20251210,UBNA_032,Foliage
LF,24000.0,5.983774679400677,52.7335,52.738299999999995,20312.0,33939.0,Plecotus austriacus,0.299,0.37,-1,Echolocation,192000.0,/mnt/ubna_data_06/recover-20251210/UBNA_032/20251210_100000.WAV,recover-20251210,UBNA_032,Foliage
LF,24960.0,5.981472089000359,104.2495,104.2548,21171.0,31888.0,Plecotus austriacus,0.255,0.347,-1,Echolocation,192000.0,/mnt/ubna_data_06/recover-20251210/UBNA_032/20251210_100000.WAV,recover-20251210,UBNA_032,Foliage
LF,24960.0,4.1315569469758415,149.1605,149.1659,22890.0,35932.0,Plecotus austriacus,0.282,0.409,-1,Echolocation,192000.0,/mnt/ubna_data_06/recover-20251210/UBNA_032/20251210_100000.WAV,recover-20251210,UBNA_032,Foliage
LF,24960.0,7.11081226496053,230.2245,230.2363,23750.0,28950.0,Nyctalus leisleri,0.156,0.321,-1,Echolocation,192000.0,/mnt/ubna_data_06/recover-20251210/UBNA_032/20251210_100000.WAV,recover-20251210,UBNA_032,Foliage
LF,23040.0,4.323606564390989,239.41649999999998,239.4248,20312.0,29021.0,Plecotus austriacus,0.1,0.306,-1,Echolocation,192000.0,/mnt/ubna_data_06/recover-20251210/UBNA_032/20251210_100000.WAV,recover-20251210,UBNA_032,Foliage
LF,24000.0,8.186490298894363,265.7655,265.7715,22031.0,32934.0,Plecotus austriacus,0.255,0.307,-1,Echolocation,192000.0,/mnt/ubna_data_06/recover-20251210/UBNA_032/20251210_100000.WAV,recover-20251210,UBNA_032,Foliage
LF,24000.0,6.278916328023766,273.5655,273.5711,22890.0,33591.0,Plecotus austriacus,0.171,0.435,-1,Echolocation,192000.0,/mnt/ubna_data_06/recover-20251210/UBNA_032/20251210_100000.WAV,recover-20251210,UBNA_032,Foliage
LF,23040.0,2.373636992338721,291.3615,291.3666,22890.0,37808.0,Plecotus austriacus,0.248,0.327,-1,Echolocation,192000.0,/mnt/ubna_data_06/recover-20251210/UBNA_032/20251210_100000.WAV,recover-20251210,UBNA_032,Foliage
LF,24000.0,2.3971906472403317,46.1785,46.1836,22031.0,33510.0,Plecotus austriacus,0.262,0.342,-1,Echolocation,192000.0,/mnt/ubna_data_06/recover-20251210/UBNA_032/20251210_101000.WAV,recover-20251210,UBNA_032,Foliage
LF,23040.0,3.0172587421269395,210.3605,210.368,22031.0,31829.0,Plecotus austriacus,0.154,0.325,-1,Echolocation,192000.0,/mnt/ubna_data_06/recover-20251210/UBNA_032/20251210_101000.WAV,recover-20251210,UBNA_032,Foliage
LF,24960.0,15.635785411480185,213.4255,213.4325,21171.0,32740.0,Plecotus austriacus,0.247,0.383,-1,Echolocation,192000.0,/mnt/ubna_data_06/recover-20251210/UBNA_032/20251210_101000.WAV,recover-20251210,UBNA_032,Foliage
LF,24960.0,1.4758797467533358,261.7765,261.7847,24609.0,33456.0,Eptesicus serotinus,0.111,0.32,-1,Echolocation,192000.0,/mnt/ubna_data_06/recover-20251210/UBNA_032/20251210_101000.WAV,recover-20251210,UBNA_032,Foliage
LF,24000.0,3.5487850971674244,36.5955,36.6043,21171.0,30951.0,Plecotus austriacus,0.13,0.324,-1,Echolocation,192000.0,/mnt/ubna_data_06/recover-20251210/UBNA_032/20251210_102000.WAV,recover-20251210,UBNA_032,Foliage
LF,24000.0,4.511277947042195,92.3195,92.3245,23750.0,41796.0,Plecotus austriacus,0.269,0.342,-1,Echolocation,192000.0,/mnt/ubna_data_06/recover-20251210/UBNA_032/20251210_102000.WAV,recover-20251210,UBNA_032,Foliage
LF,24000.0,4.070223370995965,95.4275,95.436,24609.0,33554.0,Nyctalus leisleri,0.099,0.333,-1,Echolocation,192000.0,/mnt/ubna_data_06/recover-20251210/UBNA_032/20251210_102000.WAV,recover-20251210,UBNA_032,Foliage
LF,25920.0,6.128393475768648,123.3955,123.4008,22031.0,36208.0,Plecotus austriacus,0.268,0.303,-1,Echolocation,192000.0,/mnt/ubna_data_06/recover-20251210/UBNA_032/20251210_102000.WAV,recover-20251210,UBNA_032,Foliage
LF,24000.0,8.5555297864013,198.0095,198.0145,21171.0,35939.0,Plecotus austriacus,0.329,0.388,-1,Echolocation,192000.0,/mnt/ubna_data_06/recover-20251210/UBNA_032/20251210_102000.WAV,recover-20251210,UBNA_032,Foliage
LF,24000.0,13.335284147715194,231.3995,231.4058,21171.0,35731.0,Plecotus austriacus,0.212,0.302,-1,Echolocation,192000.0,/mnt/ubna_data_06/recover-20251210/UBNA_032/20251210_102000.WAV,recover-20251210,UBNA_032,Foliage
LF,23040.0,-0.7474116795592406,45.7685,45.7759,21171.0,31303.0,Plecotus austriacus,0.122,0.339,-1,Echolocation,192000.0,/mnt/ubna_data_06/recover-20251210/UBNA_032/20251210_103000.WAV,recover-20251210,UBNA_032,Foliage
LF,24960.0,0.6770923807842462,69.6055,69.6173,25468.0,30300.0,Nyctalus leisleri,0.16,0.318,-1,Echolocation,192000.0,/mnt/ubna_data_06/recover-20251210/UBNA_032/20251210_103000.WAV,recover-20251210,UBNA_032,Foliage
LF,24000.0,3.949608733773979,215.7395,215.7544,22890.0,27093.0,Nyctalus leisleri,0.197,0.347,-1,Echolocation,192000.0,/mnt/ubna_data_06/recover-20251210/UBNA_032/20251210_103000.WAV,recover-20251210,UBNA_032,Foliage
LF,24960.0,3.060923164628087,228.4305,228.4357,23750.0,35991.0,Plecotus austriacus,0.25,0.309,-1,Echolocation,192000.0,/mnt/ubna_data_06/recover-20251210/UBNA_032/20251210_103000.WAV,recover-20251210,UBNA_032,Foliage
LF,24000.0,10.99928977959876,295.1285,295.13530000000003,22031.0,30363.0,Plecotus austriacus,0.178,0.344,-1,Echolocation,192000.0,/mnt/ubna_data_06/recover-20251210/UBNA_032/20251210_103000.WAV,recover-20251210,UBNA_032,Foliage
LF,24960.0,9.731014183605984,44.3975,44.403800000000004,21171.0,32592.0,Plecotus austriacus,0.271,0.325,-1,Echolocation,192000.0,/mnt/ubna_data_06/recover-20251210/UBNA_032/20251210_104000.WAV,recover-20251210,UBNA_032,Foliage
LF,25920.0,9.215773233249502,188.4485,188.4545,22031.0,32868.0,Plecotus austriacus,0.241,0.324,-1,Echolocation,192000.0,/mnt/ubna_data_06/recover-20251210/UBNA_032/20251210_104000.WAV,recover-20251210,UBNA_032,Foliage
LF,24960.0,5.001176851924108,291.0265,291.0313,21171.0,35439.0,Plecotus austriacus,0.234,0.306,-1,Echolocation,192000.0,/mnt/ubna_data_06/recover-20251210/UBNA_032/20251210_104000.WAV,recover-20251210,UBNA_032,Foliage
LF,24000.0,8.78024010010211,25.6405,25.6456,22031.0,37169.0,Plecotus austriacus,0.291,0.363,-1,Echolocation,192000.0,/mnt/ubna_data_06/recover-20251210/UBNA_032/20251210_105000.WAV,recover-20251210,UBNA_032,Foliage
LF,24960.0,10.662950652088636,44.3485,44.3563,22890.0,30286.0,Plecotus austriacus,0.171,0.305,-1,Echolocation,192000.0,/mnt/ubna_data_06/recover-20251210/UBNA_032/20251210_105000.WAV,recover-20251210,UBNA_032,Foliage
LF,23040.0,5.04972596873896,70.3885,70.3934,21171.0,35400.0,Plecotus austriacus,0.198,0.307,-1,Echolocation,192000.0,/mnt/ubna_data_06/recover-20251210/UBNA_032/20251210_105000.WAV,recover-20251210,UBNA_032,Foliage
LF,24000.0,5.799380894153561,132.2325,132.2438,22890.0,29886.0,Nyctalus leisleri,0.103,0.324,-1,Echolocation,192000.0,/mnt/ubna_data_06/recover-20251210/UBNA_032/20251210_105000.WAV,recover-20251210,UBNA_032,Foliage
LF,24000.0,1.2124350599796503,188.8585,188.8638,22890.0,35242.0,Plecotus austriacus,0.267,0.33,-1,Echolocation,192000.0,/mnt/ubna_data_06/recover-20251210/UBNA_032/20251210_105000.WAV,recover-20251210,UBNA_032,Foliage
LF,25920.0,11.798733379303865,223.9785,223.9847,22031.0,34428.0,Plecotus austriacus,0.219,0.3,-1,Echolocation,192000.0,/mnt/ubna_data_06/recover-20251210/UBNA_032/20251210_110000.WAV,recover-20251210,UBNA_032,Foliage
LF,24960.0,3.83008994677518,292.8655,292.8808,22890.0,27653.0,Nyctalus leisleri,0.123,0.301,-1,Echolocation,192000.0,/mnt/ubna_data_06/recover-20251210/UBNA_032/20251210_110000.WAV,recover-20251210,UBNA_032,Foliage
LF,24000.0,6.1857079691849925,114.8185,114.8239,21171.0,33689.0,Plecotus austriacus,0.231,0.307,-1,Echolocation,192000.0,/mnt/ubna_data_06/recover-20251210/UBNA_032/20251210_111000.WAV,recover-20251210,UBNA_032,Foliage
HF,48960.0,2.728913736280565,184.0275,184.0342,47812.0,52522.0,Pipistrellus pipistrellus,0.326,0.385,-1,Echolocation,192000.0,/mnt/ubna_data_06/recover-20251210/UBNA_032/20251210_111000.WAV,recover-20251210,UBNA_032,Foliage
LF,24000.0,4.513622327780921,196.70850000000002,196.7155,22890.0,33228.0,Plecotus austriacus,0.249,0.338,-1,Echolocation,192000.0,/mnt/ubna_data_06/recover-20251210/UBNA_032/20251210_111000.WAV,recover-20251210,UBNA_032,Foliage
LF,24000.0,0.5692350730220308,61.6345,61.6463,23750.0,28493.0,Eptesicus serotinus,0.124,0.315,-1,Echolocation,192000.0,/mnt/ubna_data_06/recover-20251210/UBNA_032/20251210_112000.WAV,recover-20251210,UBNA_032,Foliage
LF,24000.0,6.948460761152737,97.3265,97.3361,22890.0,30345.0,Eptesicus serotinus,0.112,0.331,-1,Echolocation,192000.0,/mnt/ubna_data_06/recover-20251210/UBNA_032/20251210_112000.WAV,recover-20251210,UBNA_032,Foliage
LF,24000.0,2.1521387435027224,120.4475,120.4608,23750.0,29546.0,Eptesicus serotinus,0.16,0.329,-1,Echolocation,192000.0,/mnt/ubna_data_06/recover-20251210/UBNA_032/20251210_112000.WAV,recover-20251210,UBNA_032,Foliage
LF,24960.0,18.048424822238253,149.5155,149.5228,22890.0,32768.0,Plecotus austriacus,0.217,0.356,-1,Echolocation,192000.0,/mnt/ubna_data_06/recover-20251210/UBNA_032/20251210_112000.WAV,recover-20251210,UBNA_032,Foliage
LF,24000.0,1.4116462356015302,193.9755,193.9894,22890.0,28024.0,Nyctalus leisleri,0.199,0.364,-1,Echolocation,192000.0,/mnt/ubna_data_06/recover-20251210/UBNA_032/20251210_112000.WAV,recover-20251210,UBNA_032,Foliage
LF,24960.0,2.454708941665146,250.0025,250.0058,27187.0,49569.0,Myotis nattereri,0.145,0.307,-1,Echolocation,192000.0,/mnt/ubna_data_06/recover-20251210/UBNA_032/20251210_112000.WAV,recover-20251210,UBNA_032,Foliage
LF,24000.0,2.0345433552753622,22.2285,22.2392,24609.0,30562.0,Nyctalus leisleri,0.111,0.323,-1,Echolocation,192000.0,/mnt/ubna_data_06/recover-20251210/UBNA_032/20251210_113000.WAV,recover-20251210,UBNA_032,Foliage
LF,24960.0,11.455899243417704,104.62049999999999,104.6256,22031.0,36949.0,Plecotus austriacus,0.266,0.347,-1,Echolocation,192000.0,/mnt/ubna_data_06/recover-20251210/UBNA_032/20251210_113000.WAV,recover-20251210,UBNA_032,Foliage
LF,24000.0,7.194483665118003,129.4225,129.4287,22890.0,33112.0,Plecotus austriacus,0.232,0.325,-1,Echolocation,192000.0,/mnt/ubna_data_06/recover-20251210/UBNA_032/20251210_113000.WAV,recover-20251210,UBNA_032,Foliage
LF,24960.0,5.326859002448624,150.5295,150.5358,22031.0,32665.0,Plecotus austriacus,0.275,0.347,-1,Echolocation,192000.0,/mnt/ubna_data_06/recover-20251210/UBNA_032/20251210_113000.WAV,recover-20251210,UBNA_032,Foliage
LF,24960.0,3.2765709172940802,278.6525,278.6633,23750.0,29490.0,Eptesicus serotinus,0.166,0.33,-1,Echolocation,192000.0,/mnt/ubna_data_06/recover-20251210/UBNA_032/20251210_113000.WAV,recover-20251210,UBNA_032,Foliage
LF,24960.0,10.869431304881083,42.1845,42.1895,22031.0,41217.0,Plecotus austriacus,0.224,0.333,-1,Echolocation,192000.0,/mnt/ubna_data_06/recover-20251210/UBNA_032/20251210_114000.WAV,recover-20251210,UBNA_032,Foliage
LF,24960.0,5.525178795366451,63.7405,63.747,22031.0,32180.0,Plecotus austriacus,0.284,0.366,-1,Echolocation,192000.0,/mnt/ubna_data_06/recover-20251210/UBNA_032/20251210_114000.WAV,recover-20251210,UBNA_032,Foliage
LF,24960.0,2.7073239807600933,67.1525,67.1615,22890.0,30602.0,Eptesicus serotinus,0.132,0.334,-1,Echolocation,192000.0,/mnt/ubna_data_06/recover-20251210/UBNA_032/20251210_114000.WAV,recover-20251210,UBNA_032,Foliage
LF,24960.0,5.7518582534638005,158.5955,158.6027,22890.0,31065.0,Plecotus austriacus,0.116,0.303,-1,Echolocation,192000.0,/mnt/ubna_data_06/recover-20251210/UBNA_032/20251210_114000.WAV,recover-20251210,UBNA_032,Foliage
LF,25920.0,9.191482924044209,177.5135,177.52,21171.0,31614.0,Plecotus austriacus,0.196,0.307,-1,Echolocation,192000.0,/mnt/ubna_data_06/recover-20251210/UBNA_032/20251210_115000.WAV,recover-20251210,UBNA_032,Foliage
LF,24000.0,0.30392069696911617,103.1565,103.1692,24609.0,29102.0,Nyctalus leisleri,0.175,0.313,-1,Echolocation,192000.0,/mnt/ubna_data_06/recover-20251210/UBNA_032/20251210_121000.WAV,recover-20251210,UBNA_032,Foliage
LF,24960.0,5.0926694489349735,132.4445,132.4563,22890.0,28434.0,Nyctalus leisleri,0.158,0.383,-1,Echolocation,192000.0,/mnt/ubna_data_06/recover-20251210/UBNA_032/20251210_121000.WAV,recover-20251210,UBNA_032,Foliage
LF,24000.0,5.12785851501633,195.1655,195.1783,22890.0,28583.0,Nyctalus leisleri,0.116,0.302,-1,Echolocation,192000.0,/mnt/ubna_data_06/recover-20251210/UBNA_032/20251210_121000.WAV,recover-20251210,UBNA_032,Foliage
LF,23040.0,5.215867439159649,76.48349999999999,76.49549999999999,22031.0,28274.0,Nyctalus noctula,0.12,0.302,-1,Echolocation,192000.0,/mnt/ubna_data_06/recover-20251210/UBNA_032/20251210_122000.WAV,recover-20251210,UBNA_032,Foliage
LF,24960.0,2.180679675157155,211.5805,211.5914,24609.0,29779.0,Eptesicus serotinus,0.161,0.38,-1,Echolocation,192000.0,/mnt/ubna_data_06/recover-20251210/UBNA_032/20251210_122000.WAV,recover-20251210,UBNA_032,Foliage
LF,24000.0,1.658300454483276,273.5235,273.5338,22031.0,29776.0,Nyctalus noctula,0.092,0.303,-1,Echolocation,192000.0,/mnt/ubna_data_06/recover-20251210/UBNA_032/20251210_123000.WAV,recover-20251210,UBNA_032,Foliage
LF,24960.0,2.8744586484108368,128.5435,128.55180000000001,23750.0,33081.0,Eptesicus serotinus,0.254,0.394,-1,Echolocation,192000.0,/mnt/ubna_data_06/recover-20251210/UBNA_032/20251210_130000.WAV,recover-20251210,UBNA_032,Foliage
LF,24000.0,3.997167992176328,194.3355,194.3534,22031.0,26896.0,Nyctalus leisleri,0.133,0.312,-1,Echolocation,192000.0,/mnt/ubna_data_06/recover-20251210/UBNA_032/20251210_130000.WAV,recover-20251210,UBNA_032,Foliage
LF,24000.0,0.7625141936421577,211.8465,211.8582,23750.0,30116.0,Nyctalus leisleri,0.168,0.396,-1,Echolocation,192000.0,/mnt/ubna_data_06/recover-20251210/UBNA_032/20251210_130000.WAV,recover-20251210,UBNA_032,Foliage
LF,24000.0,0.7972430610469349,243.3605,243.3713,23750.0,31309.0,Eptesicus serotinus,0.187,0.345,-1,Echolocation,192000.0,/mnt/ubna_data_06/recover-20251210/UBNA_032/20251210_130000.WAV,recover-20251210,UBNA_032,Foliage
LF,24960.0,3.3020078677196922,182.9075,182.9164,22890.0,30720.0,Eptesicus serotinus,0.121,0.318,-1,Echolocation,192000.0,/mnt/ubna_data_06/recover-20251210/UBNA_032/20251210_131000.WAV,recover-20251210,UBNA_032,Foliage
LF,24000.0,3.941603747277777,218.5015,218.5113,22890.0,30233.0,Eptesicus serotinus,0.108,0.306,-1,Echolocation,192000.0,/mnt/ubna_data_06/recover-20251210/UBNA_032/20251210_131000.WAV,recover-20251210,UBNA_032,Foliage
LF,24000.0,3.203915987580712,246.1425,246.1536,22890.0,28965.0,Nyctalus leisleri,0.158,0.424,-1,Echolocation,192000.0,/mnt/ubna_data_06/recover-20251210/UBNA_032/20251210_131000.WAV,recover-20251210,UBNA_032,Foliage
LF,24960.0,2.7034044361412946,259.5615,259.5658,22890.0,35594.0,Plecotus austriacus,0.283,0.392,-1,Echolocation,192000.0,/mnt/ubna_data_06/recover-20251210/UBNA_032/20251210_131000.WAV,recover-20251210,UBNA_032,Foliage
LF,24000.0,4.823122635821059,279.6455,279.6545,22890.0,30671.0,Nyctalus leisleri,0.096,0.303,-1,Echolocation,192000.0,/mnt/ubna_data_06/recover-20251210/UBNA_032/20251210_131000.WAV,recover-20251210,UBNA_032,Foliage
LF,24960.0,4.078810769521973,8.5575,8.5629,23750.0,35120.0,Plecotus austriacus,0.22,0.359,-1,Echolocation,192000.0,/mnt/ubna_data_06/recover-20251210/UBNA_032/20251210_132000.WAV,recover-20251210,UBNA_032,Foliage
LF,23040.0,4.575280135521665,19.3085,19.3139,21171.0,35337.0,Plecotus austriacus,0.262,0.33,-1,Echolocation,192000.0,/mnt/ubna_data_06/recover-20251210/UBNA_032/20251210_132000.WAV,recover-20251210,UBNA_032,Foliage
LF,27840.0,1.5540334488536551,173.0255,173.0355,27187.0,32812.0,Nyctalus leisleri,0.162,0.318,-1,Echolocation,192000.0,/mnt/ubna_data_06/recover-20251210/UBNA_032/20251210_132000.WAV,recover-20251210,UBNA_032,Foliage
LF,24000.0,4.625426774053847,272.8385,272.8505,23750.0,29428.0,Nyctalus leisleri,0.227,0.408,-1,Echolocation,192000.0,/mnt/ubna_data_06/recover-20251210/UBNA_032/20251210_132000.WAV,recover-20251210,UBNA_032,Foliage
LF,24960.0,1.1078786170323127,71.22749999999999,71.2381,23750.0,30681.0,Eptesicus serotinus,0.142,0.318,-1,Echolocation,192000.0,/mnt/ubna_data_06/recover-20251210/UBNA_032/20251210_133000.WAV,recover-20251210,UBNA_032,Foliage
LF,24960.0,13.53030545230823,25.6565,25.6638,22890.0,33645.0,Plecotus austriacus,0.197,0.384,-1,Echolocation,192000.0,/mnt/ubna_data_06/recover-20251210/UBNA_032/20251210_134000.WAV,recover-20251210,UBNA_032,Foliage
LF,24960.0,16.620503225957144,199.5435,199.5504,22890.0,31994.0,Plecotus austriacus,0.225,0.343,-1,Echolocation,192000.0,/mnt/ubna_data_06/recover-20251210/UBNA_032/20251210_134000.WAV,recover-20251210,UBNA_032,Foliage
LF,24960.0,4.064828760773306,271.0475,271.0545,21171.0,30611.0,Plecotus austriacus,0.146,0.302,-1,Echolocation,192000.0,/mnt/ubna_data_06/recover-20251210/UBNA_032/20251210_134000.WAV,recover-20251210,UBNA_032,Foliage
LF,25920.0,9.107735870758924,286.6785,286.6836,22890.0,34436.0,Plecotus austriacus,0.424,0.486,-1,Echolocation,192000.0,/mnt/ubna_data_06/recover-20251210/UBNA_032/20251210_134000.WAV,recover-20251210,UBNA_032,Foliage
LF,25920.0,-5.942734519941075,247.7695,247.7831,24609.0,29228.0,Nyctalus leisleri,0.158,0.301,-1,Echolocation,192000.0,/mnt/ubna_data_06/recover-20251210/UBNA_032/20251210_135000.WAV,recover-20251210,UBNA_032,Foliage
LF,24000.0,-2.1850968116799505,94.0675,94.082,22031.0,27168.0,Nyctalus leisleri,0.271,0.326,-1,Echolocation,192000.0,/mnt/ubna_data_06/recover-20251210/UBNA_032/20251210_140000.WAV,recover-20251210,UBNA_032,Foliage
LF,25920.0,1.3590116464810318,230.77949999999998,230.7859,22031.0,33213.0,Plecotus auritus,0.128,0.331,-1,Echolocation,192000.0,/mnt/ubna_data_06/recover-20251210/UBNA_032/20251210_140000.WAV,recover-20251210,UBNA_032,Foliage
LF,24000.0,4.488647850474851,248.5055,248.5206,22890.0,27941.0,Nyctalus leisleri,0.19,0.339,-1,Echolocation,192000.0,/mnt/ubna_data_06/recover-20251210/UBNA_032/20251210_140000.WAV,recover-20251210,UBNA_032,Foliage
LF,24960.0,6.038557903938521,78.7675,78.7731,23750.0,33483.0,Plecotus austriacus,0.283,0.412,-1,Echolocation,192000.0,/mnt/ubna_data_06/recover-20251210/UBNA_032/20251210_141000.WAV,recover-20251210,UBNA_032,Foliage
LF,24000.0,7.883565288022389,154.7045,154.7153,24609.0,31115.0,Nyctalus leisleri,0.2,0.345,-1,Echolocation,192000.0,/mnt/ubna_data_06/recover-20251210/UBNA_032/20251210_141000.WAV,recover-20251210,UBNA_032,Foliage
LF,24960.0,4.1466085598798,162.6675,162.6731,23750.0,37052.0,Plecotus austriacus,0.319,0.381,-1,Echolocation,192000.0,/mnt/ubna_data_06/recover-20251210/UBNA_032/20251210_141000.WAV,recover-20251210,UBNA_032,Foliage
LF,24000.0,3.449674642884428,227.6245,227.6294,22890.0,34735.0,Plecotus austriacus,0.263,0.375,-1,Echolocation,192000.0,/mnt/ubna_data_06/recover-20251210/UBNA_032/20251210_141000.WAV,recover-20251210,UBNA_032,Foliage
LF,24000.0,10.701045608318886,227.6585,227.6633,19453.0,36423.0,Plecotus austriacus,0.281,0.355,-1,Echolocation,192000.0,/mnt/ubna_data_06/recover-20251210/UBNA_032/20251210_141000.WAV,recover-20251210,UBNA_032,Foliage
LF,24960.0,4.30761891670816,278.2235,278.2307,23750.0,33436.0,Plecotus austriacus,0.112,0.311,-1,Echolocation,192000.0,/mnt/ubna_data_06/recover-20251210/UBNA_032/20251210_141000.WAV,recover-20251210,UBNA_032,Foliage
LF,24000.0,10.244880068254067,96.0035,96.008,22890.0,33747.0,Plecotus austriacus,0.255,0.359,-1,Echolocation,192000.0,/mnt/ubna_data_06/recover-20251210/UBNA_032/20251210_142000.WAV,recover-20251210,UBNA_032,Foliage
LF,24960.0,7.266923094270669,138.3125,138.31889999999999,22890.0,31776.0,Plecotus austriacus,0.193,0.327,-1,Echolocation,192000.0,/mnt/ubna_data_06/recover-20251210/UBNA_032/20251210_142000.WAV,recover-20251210,UBNA_032,Foliage
LF,24960.0,7.2328689739016605,182.4015,182.4087,22890.0,30805.0,Plecotus austriacus,0.185,0.307,-1,Echolocation,192000.0,/mnt/ubna_data_06/recover-20251210/UBNA_032/20251210_142000.WAV,recover-20251210,UBNA_032,Foliage
LF,23040.0,0.3649251612794075,198.4385,198.4588,20312.0,23571.0,Nyctalus noctula,0.217,0.342,-1,Echolocation,192000.0,/mnt/ubna_data_06/recover-20251210/UBNA_032/20251210_142000.WAV,recover-20251210,UBNA_032,Foliage
LF,24960.0,5.710821954216609,288.6345,288.6402,23750.0,34059.0,Plecotus austriacus,0.252,0.302,-1,Echolocation,192000.0,/mnt/ubna_data_06/recover-20251210/UBNA_032/20251210_142000.WAV,recover-20251210,UBNA_032,Foliage
LF,24960.0,4.760413251870288,65.0875,65.0941,22890.0,32747.0,Plecotus austriacus,0.149,0.315,-1,Echolocation,192000.0,/mnt/ubna_data_06/recover-20251210/UBNA_032/20251210_143000.WAV,recover-20251210,UBNA_032,Foliage
LF,24960.0,14.708211108655092,100.01650000000001,100.0223,20312.0,35091.0,Plecotus austriacus,0.234,0.307,-1,Echolocation,192000.0,/mnt/ubna_data_06/recover-20251210/UBNA_032/20251210_143000.WAV,recover-20251210,UBNA_032,Foliage
LF,25920.0,7.138583926686106,123.8765,123.8824,22890.0,33165.0,Plecotus austriacus,0.294,0.362,-1,Echolocation,192000.0,/mnt/ubna_data_06/recover-20251210/UBNA_032/20251210_143000.WAV,recover-20251210,UBNA_032,Foliage
LF,25920.0,11.550806394129891,128.4265,128.4335,22031.0,34849.0,Plecotus austriacus,0.27,0.316,-1,Echolocation,192000.0,/mnt/ubna_data_06/recover-20251210/UBNA_032/20251210_143000.WAV,recover-20251210,UBNA_032,Foliage
LF,24960.0,4.933011003361946,136.4405,136.4485,22031.0,31197.0,Plecotus austriacus,0.178,0.315,-1,Echolocation,192000.0,/mnt/ubna_data_06/recover-20251210/UBNA_032/20251210_143000.WAV,recover-20251210,UBNA_032,Foliage
LF,25920.0,11.085544711076745,162.6005,162.6062,23750.0,33910.0,Plecotus austriacus,0.305,0.405,-1,Echolocation,192000.0,/mnt/ubna_data_06/recover-20251210/UBNA_032/20251210_143000.WAV,recover-20251210,UBNA_032,Foliage
LF,25920.0,1.9784855305224718,164.5255,164.531,22890.0,35169.0,Plecotus austriacus,0.304,0.347,-1,Echolocation,192000.0,/mnt/ubna_data_06/recover-20251210/UBNA_032/20251210_143000.WAV,recover-20251210,UBNA_032,Foliage
LF,24960.0,2.1617718535681694,172.8555,172.8662,23750.0,31973.0,Nyctalus noctula,0.092,0.308,-1,Echolocation,192000.0,/mnt/ubna_data_06/recover-20251210/UBNA_032/20251210_143000.WAV,recover-20251210,UBNA_032,Foliage
LF,25920.0,8.102700241920969,178.5685,178.5745,22031.0,35340.0,Plecotus austriacus,0.246,0.314,-1,Echolocation,192000.0,/mnt/ubna_data_06/recover-20251210/UBNA_032/20251210_143000.WAV,recover-20251210,UBNA_032,Foliage
LF,26880.0,6.456106407049837,239.5085,239.51409999999998,22890.0,34470.0,Plecotus austriacus,0.28,0.328,-1,Echolocation,192000.0,/mnt/ubna_data_06/recover-20251210/UBNA_032/20251210_143000.WAV,recover-20251210,UBNA_032,Foliage
LF,24960.0,7.239663788079578,244.0905,244.1002,23750.0,31961.0,Eptesicus serotinus,0.17,0.347,-1,Echolocation,192000.0,/mnt/ubna_data_06/recover-20251210/UBNA_032/20251210_143000.WAV,recover-20251210,UBNA_032,Foliage
LF,24960.0,6.064729365444314,245.7845,245.7904,22890.0,34987.0,Plecotus austriacus,0.271,0.345,-1,Echolocation,192000.0,/mnt/ubna_data_06/recover-20251210/UBNA_032/20251210_143000.WAV,recover-20251210,UBNA_032,Foliage
LF,25920.0,17.343088697354922,260.3855,260.3918,22890.0,35528.0,Plecotus austriacus,0.434,0.489,-1,Echolocation,192000.0,/mnt/ubna_data_06/recover-20251210/UBNA_032/20251210_143000.WAV,recover-20251210,UBNA_032,Foliage
LF,24960.0,7.2162527235833,262.2045,262.2106,22031.0,32293.0,Plecotus austriacus,0.307,0.351,-1,Echolocation,192000.0,/mnt/ubna_data_06/recover-20251210/UBNA_032/20251210_143000.WAV,recover-20251210,UBNA_032,Foliage
LF,27840.0,7.038396888593647,274.0305,274.0354,23750.0,38244.0,Plecotus austriacus,0.454,0.512,-1,Echolocation,192000.0,/mnt/ubna_data_06/recover-20251210/UBNA_032/20251210_143000.WAV,recover-20251210,UBNA_032,Foliage
LF,25920.0,12.506094432003337,274.3675,274.3735,23750.0,35455.0,Plecotus austriacus,0.274,0.334,-1,Echolocation,192000.0,/mnt/ubna_data_06/recover-20251210/UBNA_032/20251210_143000.WAV,recover-20251210,UBNA_032,Foliage
LF,24960.0,11.761504051465295,277.2975,277.3048,22890.0,31215.0,Plecotus austriacus,0.249,0.374,-1,Echolocation,192000.0,/mnt/ubna_data_06/recover-20251210/UBNA_032/20251210_143000.WAV,recover-20251210,UBNA_032,Foliage
LF,25920.0,4.331478112146906,282.0115,282.0174,22890.0,34285.0,Plecotus austriacus,0.257,0.312,-1,Echolocation,192000.0,/mnt/ubna_data_06/recover-20251210/UBNA_032/20251210_143000.WAV,recover-20251210,UBNA_032,Foliage
LF,25920.0,11.494921867200283,283.7615,283.7666,22890.0,37990.0,Plecotus austriacus,0.302,0.356,-1,Echolocation,192000.0,/mnt/ubna_data_06/recover-20251210/UBNA_032/20251210_143000.WAV,recover-20251210,UBNA_032,Foliage
LF,29760.0,9.868520513024112,288.1445,288.15070000000003,22890.0,34369.0,Plecotus austriacus,0.283,0.347,-1,Echolocation,192000.0,/mnt/ubna_data_06/recover-20251210/UBNA_032/20251210_143000.WAV,recover-20251210,UBNA_032,Foliage
LF,25920.0,10.574524518258892,297.7865,297.79200000000003,22031.0,36812.0,Plecotus austriacus,0.288,0.335,-1,Echolocation,192000.0,/mnt/ubna_data_06/recover-20251210/UBNA_032/20251210_143000.WAV,recover-20251210,UBNA_032,Foliage
LF,26880.0,2.0252375547844554,17.1345,17.1387,25468.0,38230.0,Plecotus austriacus,0.319,0.39,-1,Echolocation,192000.0,/mnt/ubna_data_06/recover-20251210/UBNA_032/20251210_144000.WAV,recover-20251210,UBNA_032,Foliage
LF,25920.0,5.65327473992731,35.8115,35.8166,24609.0,36726.0,Plecotus austriacus,0.276,0.318,-1,Echolocation,192000.0,/mnt/ubna_data_06/recover-20251210/UBNA_032/20251210_144000.WAV,recover-20251210,UBNA_032,Foliage
LF,25920.0,10.885127529025041,36.8555,36.8614,22031.0,34704.0,Plecotus austriacus,0.311,0.364,-1,Echolocation,192000.0,/mnt/ubna_data_06/recover-20251210/UBNA_032/20251210_144000.WAV,recover-20251210,UBNA_032,Foliage
LF,26880.0,9.310510531295934,56.6715,56.676100000000005,24609.0,37211.0,Plecotus austriacus,0.438,0.501,-1,Echolocation,192000.0,/mnt/ubna_data_06/recover-20251210/UBNA_032/20251210_144000.WAV,recover-20251210,UBNA_032,Foliage
LF,24960.0,2.1374769344858384,73.5365,73.5418,23750.0,35441.0,Plecotus austriacus,0.238,0.301,-1,Echolocation,192000.0,/mnt/ubna_data_06/recover-20251210/UBNA_032/20251210_144000.WAV,recover-20251210,UBNA_032,Foliage
LF,24960.0,7.996136617970184,103.8715,103.8772,22031.0,36511.0,Plecotus austriacus,0.291,0.352,-1,Echolocation,192000.0,/mnt/ubna_data_06/recover-20251210/UBNA_032/20251210_144000.WAV,recover-20251210,UBNA_032,Foliage
LF,26880.0,6.9920521567210825,105.6965,105.7026,23750.0,34463.0,Plecotus austriacus,0.246,0.323,-1,Echolocation,192000.0,/mnt/ubna_data_06/recover-20251210/UBNA_032/20251210_144000.WAV,recover-20251210,UBNA_032,Foliage
LF,26880.0,6.394947759874312,108.0065,108.014,22890.0,30506.0,Plecotus austriacus,0.199,0.308,-1,Echolocation,192000.0,/mnt/ubna_data_06/recover-20251210/UBNA_032/20251210_144000.WAV,recover-20251210,UBNA_032,Foliage
LF,25920.0,17.196050623723018,120.7205,120.7252,22890.0,41966.0,Plecotus austriacus,0.297,0.379,-1,Echolocation,192000.0,/mnt/ubna_data_06/recover-20251210/UBNA_032/20251210_144000.WAV,recover-20251210,UBNA_032,Foliage
LF,28800.0,6.220600036149037,129.3535,129.3586,22890.0,38893.0,Plecotus austriacus,0.247,0.301,-1,Echolocation,192000.0,/mnt/ubna_data_06/recover-20251210/UBNA_032/20251210_144000.WAV,recover-20251210,UBNA_032,Foliage
LF,27840.0,10.14942993343511,132.6415,132.6476,23750.0,32952.0,Plecotus austriacus,0.278,0.321,-1,Echolocation,192000.0,/mnt/ubna_data_06/recover-20251210/UBNA_032/20251210_144000.WAV,recover-20251210,UBNA_032,Foliage
LF,26880.0,8.828607794144009,132.7755,132.781,22890.0,36898.0,Plecotus austriacus,0.252,0.308,-1,Echolocation,192000.0,/mnt/ubna_data_06/recover-20251210/UBNA_032/20251210_144000.WAV,recover-20251210,UBNA_032,Foliage
LF,27840.0,17.38025074617881,133.1425,133.1499,22890.0,32580.0,Plecotus austriacus,0.212,0.3,-1,Echolocation,192000.0,/mnt/ubna_data_06/recover-20251210/UBNA_032/20251210_144000.WAV,recover-20251210,UBNA_032,Foliage
LF,26880.0,6.651866015598583,146.2545,146.2602,22890.0,37419.0,Plecotus austriacus,0.394,0.452,-1,Echolocation,192000.0,/mnt/ubna_data_06/recover-20251210/UBNA_032/20251210_144000.WAV,recover-20251210,UBNA_032,Foliage
LF,25920.0,8.818821114751568,162.0635,162.0693,22890.0,35364.0,Plecotus austriacus,0.335,0.381,-1,Echolocation,192000.0,/mnt/ubna_data_06/recover-20251210/UBNA_032/20251210_144000.WAV,recover-20251210,UBNA_032,Foliage
LF,25920.0,10.577753012909522,172.0615,172.0676,22890.0,33139.0,Plecotus austriacus,0.258,0.301,-1,Echolocation,192000.0,/mnt/ubna_data_06/recover-20251210/UBNA_032/20251210_144000.WAV,recover-20251210,UBNA_032,Foliage
LF,27840.0,7.625869445247826,197.08350000000002,197.0888,21171.0,35799.0,Plecotus austriacus,0.259,0.301,-1,Echolocation,192000.0,/mnt/ubna_data_06/recover-20251210/UBNA_032/20251210_144000.WAV,recover-20251210,UBNA_032,Foliage
LF,26880.0,12.8882644107643,224.1445,224.1504,23750.0,33087.0,Plecotus austriacus,0.268,0.316,-1,Echolocation,192000.0,/mnt/ubna_data_06/recover-20251210/UBNA_032/20251210_144000.WAV,recover-20251210,UBNA_032,Foliage
LF,25920.0,8.56662420856753,228.10750000000002,228.1132,23750.0,35096.0,Plecotus austriacus,0.284,0.311,-1,Echolocation,192000.0,/mnt/ubna_data_06/recover-20251210/UBNA_032/20251210_144000.WAV,recover-20251210,UBNA_032,Foliage
LF,26880.0,12.842464164201946,232.4665,232.4728,22890.0,37231.0,Plecotus austriacus,0.306,0.336,-1,Echolocation,192000.0,/mnt/ubna_data_06/recover-20251210/UBNA_032/20251210_144000.WAV,recover-20251210,UBNA_032,Foliage
LF,24960.0,6.419239410977183,233.9175,233.9228,22031.0,34780.0,Plecotus austriacus,0.326,0.369,-1,Echolocation,192000.0,/mnt/ubna_data_06/recover-20251210/UBNA_032/20251210_144000.WAV,recover-20251210,UBNA_032,Foliage
LF,27840.0,5.473238888358426,234.8595,234.8636,23750.0,39783.0,Plecotus austriacus,0.394,0.452,-1,Echolocation,192000.0,/mnt/ubna_data_06/recover-20251210/UBNA_032/20251210_144000.WAV,recover-20251210,UBNA_032,Foliage
LF,24960.0,12.532077462615284,235.1585,235.1649,22890.0,34401.0,Plecotus austriacus,0.237,0.312,-1,Echolocation,192000.0,/mnt/ubna_data_06/recover-20251210/UBNA_032/20251210_144000.WAV,recover-20251210,UBNA_032,Foliage
LF,30720.0,8.645083260559288,253.7855,253.7916,22890.0,36173.0,Plecotus austriacus,0.266,0.311,-1,Echolocation,192000.0,/mnt/ubna_data_06/recover-20251210/UBNA_032/20251210_144000.WAV,recover-20251210,UBNA_032,Foliage
LF,25920.0,10.341696754254219,261.4745,261.4802,22031.0,35382.0,Plecotus austriacus,0.278,0.352,-1,Echolocation,192000.0,/mnt/ubna_data_06/recover-20251210/UBNA_032/20251210_144000.WAV,recover-20251210,UBNA_032,Foliage
LF,25920.0,14.61941595421278,261.70550000000003,261.7119,22890.0,35133.0,Plecotus austriacus,0.232,0.326,-1,Echolocation,192000.0,/mnt/ubna_data_06/recover-20251210/UBNA_032/20251210_144000.WAV,recover-20251210,UBNA_032,Foliage
LF,26880.0,4.959374621126527,263.1645,263.1693,23750.0,36685.0,Plecotus austriacus,0.27,0.331,-1,Echolocation,192000.0,/mnt/ubna_data_06/recover-20251210/UBNA_032/20251210_144000.WAV,recover-20251210,UBNA_032,Foliage
LF,25920.0,13.151888608239794,288.9475,288.9535,22031.0,35852.0,Plecotus austriacus,0.341,0.391,-1,Echolocation,192000.0,/mnt/ubna_data_06/recover-20251210/UBNA_032/20251210_144000.WAV,recover-20251210,UBNA_032,Foliage
LF,27840.0,6.7996600682794694,298.5195,298.525,25468.0,39141.0,Plecotus austriacus,0.259,0.38,-1,Echolocation,192000.0,/mnt/ubna_data_06/recover-20251210/UBNA_032/20251210_144000.WAV,recover-20251210,UBNA_032,Foliage
LF,26880.0,9.619183040802461,1.4135,1.4196,23750.0,35797.0,Plecotus austriacus,0.314,0.371,-1,Echolocation,192000.0,/mnt/ubna_data_06/recover-20251210/UBNA_032/20251210_145000.WAV,recover-20251210,UBNA_032,Foliage
LF,26880.0,6.2895990654559615,6.7485,6.7539,23750.0,37997.0,Plecotus austriacus,0.36,0.406,-1,Echolocation,192000.0,/mnt/ubna_data_06/recover-20251210/UBNA_032/20251210_145000.WAV,recover-20251210,UBNA_032,Foliage
LF,25920.0,7.7228744408103225,6.9545,6.9599,23750.0,38197.0,Plecotus austriacus,0.256,0.302,-1,Echolocation,192000.0,/mnt/ubna_data_06/recover-20251210/UBNA_032/20251210_145000.WAV,recover-20251210,UBNA_032,Foliage
LF,25920.0,3.359609044845937,33.6775,33.6827,23750.0,36804.0,Plecotus austriacus,0.284,0.32,-1,Echolocation,192000.0,/mnt/ubna_data_06/recover-20251210/UBNA_032/20251210_145000.WAV,recover-20251210,UBNA_032,Foliage
LF,26880.0,17.896056602533346,40.3095,40.3151,22890.0,37435.0,Plecotus austriacus,0.319,0.361,-1,Echolocation,192000.0,/mnt/ubna_data_06/recover-20251210/UBNA_032/20251210_145000.WAV,recover-20251210,UBNA_032,Foliage
LF,25920.0,12.075611062334168,51.5905,51.597300000000004,22031.0,33701.0,Plecotus austriacus,0.304,0.373,-1,Echolocation,192000.0,/mnt/ubna_data_06/recover-20251210/UBNA_032/20251210_145000.WAV,recover-20251210,UBNA_032,Foliage
LF,26880.0,9.276357323460726,54.438500000000005,54.4433,23750.0,39362.0,Plecotus austriacus,0.299,0.361,-1,Echolocation,192000.0,/mnt/ubna_data_06/recover-20251210/UBNA_032/20251210_145000.WAV,recover-20251210,UBNA_032,Foliage
LF,25920.0,12.896743893877478,105.3155,105.3214,22890.0,33838.0,Plecotus austriacus,0.312,0.357,-1,Echolocation,192000.0,/mnt/ubna_data_06/recover-20251210/UBNA_032/20251210_145000.WAV,recover-20251210,UBNA_032,Foliage
LF,24960.0,7.546213493835498,120.3945,120.3995,22890.0,34560.0,Plecotus austriacus,0.416,0.454,-1,Echolocation,192000.0,/mnt/ubna_data_06/recover-20251210/UBNA_032/20251210_145000.WAV,recover-20251210,UBNA_032,Foliage
LF,24960.0,3.89305724849493,127.6955,127.7003,24609.0,38175.0,Plecotus austriacus,0.329,0.377,-1,Echolocation,192000.0,/mnt/ubna_data_06/recover-20251210/UBNA_032/20251210_145000.WAV,recover-20251210,UBNA_032,Foliage
LF,26880.0,5.714642836829627,159.6995,159.7051,23750.0,34985.0,Plecotus austriacus,0.251,0.312,-1,Echolocation,192000.0,/mnt/ubna_data_06/recover-20251210/UBNA_032/20251210_145000.WAV,recover-20251210,UBNA_032,Foliage
LF,30720.0,6.63393265124082,283.0505,283.0551,24609.0,40276.0,Plecotus austriacus,0.254,0.311,-1,Echolocation,192000.0,/mnt/ubna_data_06/recover-20251210/UBNA_032/20251210_145000.WAV,recover-20251210,UBNA_032,Foliage
LF,25920.0,12.238368360600017,287.4965,287.5033,22031.0,35505.0,Plecotus austriacus,0.249,0.327,-1,Echolocation,192000.0,/mnt/ubna_data_06/recover-20251210/UBNA_032/20251210_145000.WAV,recover-20251210,UBNA_032,Foliage
LF,26880.0,11.98583394581868,7.6825,7.6879,22890.0,36993.0,Plecotus austriacus,0.275,0.318,-1,Echolocation,192000.0,/mnt/ubna_data_06/recover-20251210/UBNA_032/20251210_150000.WAV,recover-20251210,UBNA_032,Foliage
LF,29760.0,4.631693581898554,10.0995,10.1048,28046.0,41431.0,Plecotus austriacus,0.192,0.326,-1,Echolocation,192000.0,/mnt/ubna_data_06/recover-20251210/UBNA_032/20251210_150000.WAV,recover-20251210,UBNA_032,Foliage
LF,28800.0,8.59290700500898,170.7785,170.7829,24609.0,39008.0,Plecotus austriacus,0.264,0.319,-1,Echolocation,192000.0,/mnt/ubna_data_06/recover-20251210/UBNA_032/20251210_150000.WAV,recover-20251210,UBNA_032,Foliage
LF,26880.0,7.278217526702403,242.2215,242.2265,23750.0,37349.0,Plecotus austriacus,0.286,0.335,-1,Echolocation,192000.0,/mnt/ubna_data_06/recover-20251210/UBNA_032/20251210_150000.WAV,recover-20251210,UBNA_032,Foliage
LF,26880.0,10.265208143794272,252.3865,252.3926,23750.0,34910.0,Plecotus austriacus,0.264,0.3,-1,Echolocation,192000.0,/mnt/ubna_data_06/recover-20251210/UBNA_032/20251210_150000.WAV,recover-20251210,UBNA_032,Foliage
LF,28800.0,11.628548315503462,270.9865,270.9925,23750.0,34497.0,Plecotus austriacus,0.286,0.338,-1,Echolocation,192000.0,/mnt/ubna_data_06/recover-20251210/UBNA_032/20251210_150000.WAV,recover-20251210,UBNA_032,Foliage
LF,25920.0,9.060498536501884,272.7175,272.7232,22031.0,38384.0,Plecotus austriacus,0.258,0.304,-1,Echolocation,192000.0,/mnt/ubna_data_06/recover-20251210/UBNA_032/20251210_150000.WAV,recover-20251210,UBNA_032,Foliage
LF,25920.0,3.045273933695335,286.9725,286.9773,24609.0,37697.0,Plecotus austriacus,0.342,0.394,-1,Echolocation,192000.0,/mnt/ubna_data_06/recover-20251210/UBNA_032/20251210_150000.WAV,recover-20251210,UBNA_032,Foliage
LF,27840.0,0.9869211147325362,295.0045,295.0153,27187.0,32182.0,Nyctalus leisleri,0.147,0.317,-1,Echolocation,192000.0,/mnt/ubna_data_06/recover-20251210/UBNA_032/20251210_150000.WAV,recover-20251210,UBNA_032,Foliage
LF,25920.0,9.27232152225227,39.4875,39.4923,23750.0,36623.0,Plecotus austriacus,0.223,0.309,-1,Echolocation,192000.0,/mnt/ubna_data_06/recover-20251210/UBNA_032/20251210_151000.WAV,recover-20251210,UBNA_032,Foliage
LF,25920.0,11.03323952153891,66.3975,66.404,22890.0,33276.0,Plecotus austriacus,0.276,0.325,-1,Echolocation,192000.0,/mnt/ubna_data_06/recover-20251210/UBNA_032/20251210_151000.WAV,recover-20251210,UBNA_032,Foliage
LF,25920.0,8.786200881952231,69.1065,69.1125,23750.0,35561.0,Plecotus austriacus,0.249,0.303,-1,Echolocation,192000.0,/mnt/ubna_data_06/recover-20251210/UBNA_032/20251210_151000.WAV,recover-20251210,UBNA_032,Foliage
LF,25920.0,8.387971106192731,160.3695,160.375,22890.0,37902.0,Plecotus austriacus,0.283,0.328,-1,Echolocation,192000.0,/mnt/ubna_data_06/recover-20251210/UBNA_032/20251210_151000.WAV,recover-20251210,UBNA_032,Foliage
LF,25920.0,5.669739448296268,240.4965,240.5014,23750.0,37439.0,Plecotus austriacus,0.262,0.304,-1,Echolocation,192000.0,/mnt/ubna_data_06/recover-20251210/UBNA_032/20251210_151000.WAV,recover-20251210,UBNA_032,Foliage
LF,26880.0,-7.25616813746378,58.2435,58.2572,26328.0,30858.0,Eptesicus serotinus,0.142,0.303,-1,Echolocation,192000.0,/mnt/ubna_data_06/recover-20251210/UBNA_032/20251210_152000.WAV,recover-20251210,UBNA_032,Foliage
HF,47040.0,3.7550771555808407,151.6035,151.6109,46093.0,50759.0,Pipistrellus pipistrellus,0.354,0.387,-1,Echolocation,192000.0,/mnt/ubna_data_06/recover-20251210/UBNA_032/20251210_153000.WAV,recover-20251210,UBNA_032,Foliage
LF,25920.0,5.0882141402451015,261.5995,261.6058,23750.0,33496.0,Plecotus austriacus,0.252,0.325,-1,Echolocation,192000.0,/mnt/ubna_data_06/recover-20251210/UBNA_032/20251210_153000.WAV,recover-20251210,UBNA_032,Foliage
LF,25920.0,6.876700137827036,6.0085,6.0151,23750.0,33122.0,Plecotus austriacus,0.247,0.375,-1,Echolocation,192000.0,/mnt/ubna_data_06/recover-20251210/UBNA_032/20251210_154000.WAV,recover-20251210,UBNA_032,Foliage
LF,25920.0,6.732720589120199,32.0125,32.0182,22890.0,34813.0,Plecotus austriacus,0.271,0.303,-1,Echolocation,192000.0,/mnt/ubna_data_06/recover-20251210/UBNA_032/20251210_154000.WAV,recover-20251210,UBNA_032,Foliage
LF,26880.0,12.119147965612093,36.210499999999996,36.2169,23750.0,31828.0,Plecotus austriacus,0.218,0.303,-1,Echolocation,192000.0,/mnt/ubna_data_06/recover-20251210/UBNA_032/20251210_154000.WAV,recover-20251210,UBNA_032,Foliage
LF,26880.0,7.808054937904969,84.2385,84.2443,22890.0,34110.0,Plecotus austriacus,0.329,0.371,-1,Echolocation,192000.0,/mnt/ubna_data_06/recover-20251210/UBNA_032/20251210_154000.WAV,recover-20251210,UBNA_032,Foliage
LF,25920.0,9.677290628549473,86.83449999999999,86.8409,22890.0,32075.0,Plecotus austriacus,0.259,0.321,-1,Echolocation,192000.0,/mnt/ubna_data_06/recover-20251210/UBNA_032/20251210_154000.WAV,recover-20251210,UBNA_032,Foliage
LF,25920.0,0.6801197678227205,88.85849999999999,88.8697,24609.0,29869.0,Nyctalus leisleri,0.197,0.349,-1,Echolocation,192000.0,/mnt/ubna_data_06/recover-20251210/UBNA_032/20251210_154000.WAV,recover-20251210,UBNA_032,Foliage
LF,24000.0,9.567503030962474,104.3535,104.3592,20312.0,33993.0,Plecotus austriacus,0.263,0.323,-1,Echolocation,192000.0,/mnt/ubna_data_06/recover-20251210/UBNA_032/20251210_154000.WAV,recover-20251210,UBNA_032,Foliage
LF,24960.0,8.393946745286902,111.4525,111.4581,22890.0,33850.0,Plecotus austriacus,0.272,0.318,-1,Echolocation,192000.0,/mnt/ubna_data_06/recover-20251210/UBNA_032/20251210_154000.WAV,recover-20251210,UBNA_032,Foliage
LF,29760.0,6.594729131143302,127.1335,127.1393,26328.0,35257.0,Plecotus austriacus,0.234,0.345,-1,Echolocation,192000.0,/mnt/ubna_data_06/recover-20251210/UBNA_032/20251210_154000.WAV,recover-20251210,UBNA_032,Foliage
LF,26880.0,10.564597479604947,129.4005,129.4075,22890.0,34395.0,Plecotus austriacus,0.238,0.321,-1,Echolocation,192000.0,/mnt/ubna_data_06/recover-20251210/UBNA_032/20251210_154000.WAV,recover-20251210,UBNA_032,Foliage
LF,25920.0,4.224081512847329,134.4375,134.4455,23750.0,32708.0,Plecotus austriacus,0.121,0.313,-1,Echolocation,192000.0,/mnt/ubna_data_06/recover-20251210/UBNA_032/20251210_154000.WAV,recover-20251210,UBNA_032,Foliage
LF,25920.0,13.670698124364506,136.7215,136.7278,23750.0,32928.0,Plecotus austriacus,0.285,0.36,-1,Echolocation,192000.0,/mnt/ubna_data_06/recover-20251210/UBNA_032/20251210_154000.WAV,recover-20251210,UBNA_032,Foliage
LF,28800.0,8.260750490152377,191.2315,191.2371,23750.0,38190.0,Plecotus austriacus,0.26,0.308,-1,Echolocation,192000.0,/mnt/ubna_data_06/recover-20251210/UBNA_032/20251210_154000.WAV,recover-20251210,UBNA_032,Foliage
LF,25920.0,7.905822622683605,194.2565,194.2623,22890.0,34560.0,Plecotus austriacus,0.269,0.328,-1,Echolocation,192000.0,/mnt/ubna_data_06/recover-20251210/UBNA_032/20251210_154000.WAV,recover-20251210,UBNA_032,Foliage
LF,25920.0,5.676170360259429,41.6415,41.6474,22890.0,34308.0,Plecotus austriacus,0.278,0.31,-1,Echolocation,192000.0,/mnt/ubna_data_06/recover-20251210/UBNA_032/20251210_155000.WAV,recover-20251210,UBNA_032,Foliage
LF,24960.0,5.24191347682322,109.2415,109.2478,22890.0,33333.0,Plecotus austriacus,0.291,0.365,-1,Echolocation,192000.0,/mnt/ubna_data_06/recover-20251210/UBNA_032/20251210_160000.WAV,recover-20251210,UBNA_032,Foliage
LF,24960.0,11.947309812253767,119.0985,119.1039,22890.0,36174.0,Plecotus austriacus,0.318,0.453,-1,Echolocation,192000.0,/mnt/ubna_data_06/recover-20251210/UBNA_032/20251210_160000.WAV,recover-20251210,UBNA_032,Foliage
LF,25920.0,4.657778614802333,177.5555,177.5632,22031.0,32239.0,Plecotus austriacus,0.173,0.306,-1,Echolocation,192000.0,/mnt/ubna_data_06/recover-20251210/UBNA_032/20251210_160000.WAV,recover-20251210,UBNA_032,Foliage
LF,24000.0,15.261424714876949,207.2305,207.2368,22890.0,34319.0,Plecotus austriacus,0.243,0.322,-1,Echolocation,192000.0,/mnt/ubna_data_06/recover-20251210/UBNA_032/20251210_160000.WAV,recover-20251210,UBNA_032,Foliage
LF,25920.0,3.100436705697573,228.7525,228.7579,21171.0,36872.0,Plecotus austriacus,0.269,0.327,-1,Echolocation,192000.0,/mnt/ubna_data_06/recover-20251210/UBNA_032/20251210_160000.WAV,recover-20251210,UBNA_032,Foliage
LF,25920.0,14.35833689836773,230.6135,230.6206,22890.0,31926.0,Plecotus austriacus,0.228,0.325,-1,Echolocation,192000.0,/mnt/ubna_data_06/recover-20251210/UBNA_032/20251210_160000.WAV,recover-20251210,UBNA_032,Foliage
LF,24960.0,6.536149517371628,287.9445,287.9496,22031.0,34798.0,Plecotus austriacus,0.289,0.366,-1,Echolocation,192000.0,/mnt/ubna_data_06/recover-20251210/UBNA_032/20251210_160000.WAV,recover-20251210,UBNA_032,Foliage
LF,25920.0,17.360855332141888,293.7845,293.7901,21171.0,33969.0,Plecotus austriacus,0.326,0.432,-1,Echolocation,192000.0,/mnt/ubna_data_06/recover-20251210/UBNA_032/20251210_160000.WAV,recover-20251210,UBNA_032,Foliage
LF,22080.0,4.16482604801674,58.1205,58.1451,21171.0,24325.0,Nyctalus leisleri,0.315,0.339,-1,Echolocation,192000.0,/mnt/ubna_data_06/recover-20251210/UBNA_032/20251210_161000.WAV,recover-20251210,UBNA_032,Foliage
LF,30720.0,4.987400988631192,153.9655,153.9751,26328.0,34367.0,Eptesicus serotinus,0.194,0.373,-1,Echolocation,192000.0,/mnt/ubna_data_06/recover-20251210/UBNA_032/20251210_161000.WAV,recover-20251210,UBNA_032,Foliage
LF,25920.0,14.448808869377974,159.9765,159.9835,23750.0,36460.0,Plecotus austriacus,0.25,0.329,-1,Echolocation,192000.0,/mnt/ubna_data_06/recover-20251210/UBNA_032/20251210_161000.WAV,recover-20251210,UBNA_032,Foliage
LF,25920.0,2.9331611799630126,221.3495,221.3599,24609.0,31347.0,Eptesicus serotinus,0.121,0.324,-1,Echolocation,192000.0,/mnt/ubna_data_06/recover-20251210/UBNA_032/20251210_161000.WAV,recover-20251210,UBNA_032,Foliage
LF,27840.0,1.8992865595052764,234.2955,234.3057,25468.0,32477.0,Eptesicus serotinus,0.123,0.305,-1,Echolocation,192000.0,/mnt/ubna_data_06/recover-20251210/UBNA_032/20251210_161000.WAV,recover-20251210,UBNA_032,Foliage
LF,24000.0,-3.376400175165346,255.2825,255.2945,22890.0,28577.0,Nyctalus leisleri,0.167,0.343,-1,Echolocation,192000.0,/mnt/ubna_data_06/recover-20251210/UBNA_032/20251210_161000.WAV,recover-20251210,UBNA_032,Foliage
LF,25920.0,8.658494351225594,267.4045,267.4113,22890.0,34313.0,Plecotus austriacus,0.257,0.332,-1,Echolocation,192000.0,/mnt/ubna_data_06/recover-20251210/UBNA_032/20251210_161000.WAV,recover-20251210,UBNA_032,Foliage
LF,24960.0,5.045653595055799,289.9005,289.9116,23750.0,30644.0,Nyctalus leisleri,0.111,0.306,-1,Echolocation,192000.0,/mnt/ubna_data_06/recover-20251210/UBNA_032/20251210_161000.WAV,recover-20251210,UBNA_032,Foliage
LF,25920.0,5.3182406458583555,7.3435,7.349,22890.0,34223.0,Plecotus austriacus,0.329,0.375,-1,Echolocation,192000.0,/mnt/ubna_data_06/recover-20251210/UBNA_032/20251210_162000.WAV,recover-20251210,UBNA_032,Foliage
LF,25920.0,4.584416606005693,23.4415,23.4478,23750.0,33462.0,Plecotus austriacus,0.201,0.347,-1,Echolocation,192000.0,/mnt/ubna_data_06/recover-20251210/UBNA_032/20251210_162000.WAV,recover-20251210,UBNA_032,Foliage
LF,25920.0,9.062171868658021,54.2825,54.2885,23750.0,32741.0,Plecotus austriacus,0.255,0.328,-1,Echolocation,192000.0,/mnt/ubna_data_06/recover-20251210/UBNA_032/20251210_162000.WAV,recover-20251210,UBNA_032,Foliage
LF,24960.0,14.384636246520374,62.5015,62.5085,22890.0,35024.0,Plecotus austriacus,0.241,0.349,-1,Echolocation,192000.0,/mnt/ubna_data_06/recover-20251210/UBNA_032/20251210_162000.WAV,recover-20251210,UBNA_032,Foliage
LF,24960.0,4.438316164347097,68.0845,68.0914,22031.0,32784.0,Plecotus austriacus,0.275,0.393,-1,Echolocation,192000.0,/mnt/ubna_data_06/recover-20251210/UBNA_032/20251210_162000.WAV,recover-20251210,UBNA_032,Foliage
LF,25920.0,7.2038092445284985,88.9475,88.9533,21171.0,35509.0,Plecotus austriacus,0.272,0.317,-1,Echolocation,192000.0,/mnt/ubna_data_06/recover-20251210/UBNA_032/20251210_162000.WAV,recover-20251210,UBNA_032,Foliage
LF,25920.0,2.1954557604644744,89.5675,89.5719,23750.0,36864.0,Plecotus austriacus,0.284,0.323,-1,Echolocation,192000.0,/mnt/ubna_data_06/recover-20251210/UBNA_032/20251210_162000.WAV,recover-20251210,UBNA_032,Foliage
LF,24960.0,0.5830523960179039,100.5485,100.561,22031.0,27747.0,Nyctalus leisleri,0.247,0.354,-1,Echolocation,192000.0,/mnt/ubna_data_06/recover-20251210/UBNA_032/20251210_162000.WAV,recover-20251210,UBNA_032,Foliage
LF,23040.0,1.8477692336450717,116.5005,116.5115,22031.0,28741.0,Nyctalus noctula,0.129,0.311,-1,Echolocation,192000.0,/mnt/ubna_data_06/recover-20251210/UBNA_032/20251210_162000.WAV,recover-20251210,UBNA_032,Foliage
LF,25920.0,4.874400252158441,140.4805,140.4892,22890.0,31682.0,Plecotus austriacus,0.13,0.308,-1,Echolocation,192000.0,/mnt/ubna_data_06/recover-20251210/UBNA_032/20251210_162000.WAV,recover-20251210,UBNA_032,Foliage
LF,24960.0,9.052064676455547,145.2015,145.2082,22031.0,34664.0,Plecotus austriacus,0.313,0.379,-1,Echolocation,192000.0,/mnt/ubna_data_06/recover-20251210/UBNA_032/20251210_162000.WAV,recover-20251210,UBNA_032,Foliage
LF,25920.0,17.018710677325284,215.9205,215.9276,22031.0,33206.0,Plecotus austriacus,0.226,0.333,-1,Echolocation,192000.0,/mnt/ubna_data_06/recover-20251210/UBNA_032/20251210_162000.WAV,recover-20251210,UBNA_032,Foliage
LF,25920.0,9.446711743359007,235.5745,235.5806,22890.0,31906.0,Plecotus austriacus,0.191,0.342,-1,Echolocation,192000.0,/mnt/ubna_data_06/recover-20251210/UBNA_032/20251210_162000.WAV,recover-20251210,UBNA_032,Foliage
LF,25920.0,12.521267291351279,246.9225,246.9287,23750.0,36526.0,Plecotus austriacus,0.253,0.333,-1,Echolocation,192000.0,/mnt/ubna_data_06/recover-20251210/UBNA_032/20251210_162000.WAV,recover-20251210,UBNA_032,Foliage
LF,24000.0,10.97689497925639,267.4725,267.4802,23750.0,34267.0,Plecotus austriacus,0.197,0.389,-1,Echolocation,192000.0,/mnt/ubna_data_06/recover-20251210/UBNA_032/20251210_162000.WAV,recover-20251210,UBNA_032,Foliage
LF,24960.0,-5.202946917859598,1.3835,1.395,24609.0,29935.0,Nyctalus leisleri,0.216,0.377,-1,Echolocation,192000.0,/mnt/ubna_data_06/recover-20251210/UBNA_032/20251210_163000.WAV,recover-20251210,UBNA_032,Foliage
LF,25920.0,8.949258298070147,16.4735,16.4799,23750.0,32389.0,Plecotus austriacus,0.25,0.35,-1,Echolocation,192000.0,/mnt/ubna_data_06/recover-20251210/UBNA_032/20251210_163000.WAV,recover-20251210,UBNA_032,Foliage
LF,25920.0,4.6722396688194126,16.5375,16.5446,23750.0,31109.0,Plecotus austriacus,0.201,0.374,-1,Echolocation,192000.0,/mnt/ubna_data_06/recover-20251210/UBNA_032/20251210_163000.WAV,recover-20251210,UBNA_032,Foliage
LF,24960.0,8.20303770677149,37.0295,37.0354,22031.0,37198.0,Plecotus austriacus,0.314,0.376,-1,Echolocation,192000.0,/mnt/ubna_data_06/recover-20251210/UBNA_032/20251210_163000.WAV,recover-20251210,UBNA_032,Foliage
LF,25920.0,10.555336242360333,55.3155,55.3231,22890.0,31532.0,Plecotus austriacus,0.195,0.326,-1,Echolocation,192000.0,/mnt/ubna_data_06/recover-20251210/UBNA_032/20251210_163000.WAV,recover-20251210,UBNA_032,Foliage
LF,26880.0,8.16683141972748,86.58449999999999,86.5896,23750.0,34327.0,Plecotus austriacus,0.271,0.332,-1,Echolocation,192000.0,/mnt/ubna_data_06/recover-20251210/UBNA_032/20251210_163000.WAV,recover-20251210,UBNA_032,Foliage
LF,25920.0,8.286018602801391,93.6705,93.6766,22890.0,31661.0,Plecotus austriacus,0.19,0.308,-1,Echolocation,192000.0,/mnt/ubna_data_06/recover-20251210/UBNA_032/20251210_163000.WAV,recover-20251210,UBNA_032,Foliage
LF,25920.0,12.598625459367408,171.4975,171.5031,22890.0,33340.0,Plecotus austriacus,0.172,0.303,-1,Echolocation,192000.0,/mnt/ubna_data_06/recover-20251210/UBNA_032/20251210_163000.WAV,recover-20251210,UBNA_032,Foliage
LF,24000.0,15.412002894689426,204.0035,204.0074,20312.0,38493.0,Plecotus austriacus,0.298,0.356,-1,Echolocation,192000.0,/mnt/ubna_data_06/recover-20251210/UBNA_032/20251210_163000.WAV,recover-20251210,UBNA_032,Foliage
LF,24960.0,-3.4378490851905914,227.6755,227.6867,23750.0,28900.0,Eptesicus serotinus,0.143,0.303,-1,Echolocation,192000.0,/mnt/ubna_data_06/recover-20251210/UBNA_032/20251210_163000.WAV,recover-20251210,UBNA_032,Foliage
LF,25920.0,7.917908094902573,253.8465,253.853,23750.0,32882.0,Plecotus austriacus,0.141,0.304,-1,Echolocation,192000.0,/mnt/ubna_data_06/recover-20251210/UBNA_032/20251210_163000.WAV,recover-20251210,UBNA_032,Foliage
LF,25920.0,14.692354338113844,255.9265,255.9331,22890.0,32903.0,Plecotus austriacus,0.288,0.39,-1,Echolocation,192000.0,/mnt/ubna_data_06/recover-20251210/UBNA_032/20251210_163000.WAV,recover-20251210,UBNA_032,Foliage
LF,24960.0,8.60490884139502,278.0555,278.0621,22890.0,32749.0,Plecotus austriacus,0.213,0.313,-1,Echolocation,192000.0,/mnt/ubna_data_06/recover-20251210/UBNA_032/20251210_163000.WAV,recover-20251210,UBNA_032,Foliage
LF,26880.0,9.010457492123429,26.7295,26.7359,22031.0,37066.0,Plecotus austriacus,0.268,0.337,-1,Echolocation,192000.0,/mnt/ubna_data_06/recover-20251210/UBNA_032/20251210_164000.WAV,recover-20251210,UBNA_032,Foliage
LF,24960.0,-0.43143409883552425,39.1495,39.1608,23750.0,29445.0,Nyctalus leisleri,0.211,0.421,-1,Echolocation,192000.0,/mnt/ubna_data_06/recover-20251210/UBNA_032/20251210_164000.WAV,recover-20251210,UBNA_032,Foliage
LF,25920.0,10.35971390822237,68.5935,68.5999,23750.0,33117.0,Plecotus austriacus,0.261,0.35,-1,Echolocation,192000.0,/mnt/ubna_data_06/recover-20251210/UBNA_032/20251210_164000.WAV,recover-20251210,UBNA_032,Foliage
LF,24960.0,2.512347379685227,78.0605,78.07130000000001,23750.0,31599.0,Nyctalus leisleri,0.199,0.39,-1,Echolocation,192000.0,/mnt/ubna_data_06/recover-20251210/UBNA_032/20251210_164000.WAV,recover-20251210,UBNA_032,Foliage
LF,24960.0,5.587093719161418,207.1555,207.1683,22890.0,28682.0,Nyctalus leisleri,0.246,0.388,-1,Echolocation,192000.0,/mnt/ubna_data_06/recover-20251210/UBNA_032/20251210_164000.WAV,recover-20251210,UBNA_032,Foliage
LF,24960.0,5.707205354441736,260.3785,260.3854,22031.0,33957.0,Plecotus austriacus,0.118,0.307,-1,Echolocation,192000.0,/mnt/ubna_data_06/recover-20251210/UBNA_032/20251210_164000.WAV,recover-20251210,UBNA_032,Foliage
LF,24960.0,7.3764473120109075,39.6225,39.629,22890.0,31682.0,Plecotus austriacus,0.238,0.362,-1,Echolocation,192000.0,/mnt/ubna_data_06/recover-20251210/UBNA_032/20251210_165000.WAV,recover-20251210,UBNA_032,Foliage
LF,24960.0,7.628220836143247,82.0245,82.031,22031.0,31507.0,Plecotus austriacus,0.253,0.364,-1,Echolocation,192000.0,/mnt/ubna_data_06/recover-20251210/UBNA_032/20251210_165000.WAV,recover-20251210,UBNA_032,Foliage
LF,24960.0,6.217040408502298,114.3355,114.3406,23750.0,35247.0,Plecotus austriacus,0.278,0.316,-1,Echolocation,192000.0,/mnt/ubna_data_06/recover-20251210/UBNA_032/20251210_165000.WAV,recover-20251210,UBNA_032,Foliage
LF,25920.0,5.590393319364839,51.7845,51.7922,22890.0,32168.0,Plecotus austriacus,0.171,0.302,-1,Echolocation,192000.0,/mnt/ubna_data_06/recover-20251210/UBNA_032/20251210_172000.WAV,recover-20251210,UBNA_032,Foliage
LF,25920.0,14.629309297236636,58.4885,58.4959,22031.0,32445.0,Plecotus austriacus,0.232,0.303,-1,Echolocation,192000.0,/mnt/ubna_data_06/recover-20251210/UBNA_032/20251210_173000.WAV,recover-20251210,UBNA_032,Foliage
LF,29760.0,7.928974534112624,76.1165,76.1206,25468.0,38886.0,Plecotus austriacus,0.33,0.405,-1,Echolocation,192000.0,/mnt/ubna_data_06/recover-20251210/UBNA_032/20251210_173000.WAV,recover-20251210,UBNA_032,Foliage
LF,27840.0,5.830130575002186,299.2905,299.2963,23750.0,34141.0,Plecotus austriacus,0.281,0.335,-1,Echolocation,192000.0,/mnt/ubna_data_06/recover-20251210/UBNA_032/20251210_174000.WAV,recover-20251210,UBNA_032,Foliage
LF,26880.0,8.204092821656719,78.1155,78.1215,23750.0,36528.0,Plecotus austriacus,0.336,0.374,-1,Echolocation,192000.0,/mnt/ubna_data_06/recover-20251210/UBNA_032/20251210_175000.WAV,recover-20251210,UBNA_032,Foliage
LF,30720.0,11.299411410958287,103.98949999999999,103.9962,22890.0,33424.0,Plecotus austriacus,0.294,0.356,-1,Echolocation,192000.0,/mnt/ubna_data_06/recover-20251210/UBNA_032/20251210_175000.WAV,recover-20251210,UBNA_032,Foliage
LF,26880.0,2.2893516033188726,149.5675,149.5724,23750.0,36165.0,Plecotus austriacus,0.278,0.304,-1,Echolocation,192000.0,/mnt/ubna_data_06/recover-20251210/UBNA_032/20251210_175000.WAV,recover-20251210,UBNA_032,Foliage
LF,25920.0,1.8925733100641917,215.5325,215.5387,22890.0,33628.0,Plecotus austriacus,0.254,0.307,-1,Echolocation,192000.0,/mnt/ubna_data_06/recover-20251210/UBNA_032/20251210_175000.WAV,recover-20251210,UBNA_032,Foliage
LF,25920.0,6.502503642911053,227.2035,227.2094,23750.0,38118.0,Plecotus austriacus,0.279,0.327,-1,Echolocation,192000.0,/mnt/ubna_data_06/recover-20251210/UBNA_032/20251210_175000.WAV,recover-20251210,UBNA_032,Foliage
LF,26880.0,8.342680378803873,21.4845,21.4897,22890.0,35294.0,Plecotus austriacus,0.309,0.36,-1,Echolocation,192000.0,/mnt/ubna_data_06/recover-20251210/UBNA_032/20251210_180000.WAV,recover-20251210,UBNA_032,Foliage
LF,27840.0,7.0614258770440985,25.6875,25.6926,23750.0,36272.0,Plecotus austriacus,0.377,0.421,-1,Echolocation,192000.0,/mnt/ubna_data_06/recover-20251210/UBNA_032/20251210_180000.WAV,recover-20251210,UBNA_032,Foliage
LF,26880.0,9.84577519777789,63.4845,63.4918,23750.0,32932.0,Plecotus austriacus,0.249,0.322,-1,Echolocation,192000.0,/mnt/ubna_data_06/recover-20251210/UBNA_032/20251210_180000.WAV,recover-20251210,UBNA_032,Foliage
LF,26880.0,11.20241387318031,132.9615,132.9681,23750.0,33839.0,Plecotus austriacus,0.264,0.307,-1,Echolocation,192000.0,/mnt/ubna_data_06/recover-20251210/UBNA_032/20251210_180000.WAV,recover-20251210,UBNA_032,Foliage
LF,27840.0,10.860576326556622,170.1915,170.1975,23750.0,34594.0,Plecotus austriacus,0.298,0.346,-1,Echolocation,192000.0,/mnt/ubna_data_06/recover-20251210/UBNA_032/20251210_180000.WAV,recover-20251210,UBNA_032,Foliage
LF,26880.0,6.540701335759099,184.1135,184.1191,23750.0,33832.0,Plecotus austriacus,0.295,0.346,-1,Echolocation,192000.0,/mnt/ubna_data_06/recover-20251210/UBNA_032/20251210_180000.WAV,recover-20251210,UBNA_032,Foliage
LF,25920.0,7.7258912380356595,202.0635,202.0698,23750.0,33836.0,Plecotus austriacus,0.266,0.303,-1,Echolocation,192000.0,/mnt/ubna_data_06/recover-20251210/UBNA_032/20251210_180000.WAV,recover-20251210,UBNA_032,Foliage
LF,25920.0,7.228584335609042,224.0035,224.008,21171.0,37575.0,Plecotus austriacus,0.316,0.344,-1,Echolocation,192000.0,/mnt/ubna_data_06/recover-20251210/UBNA_032/20251210_180000.WAV,recover-20251210,UBNA_032,Foliage
LF,26880.0,5.383935998843528,266.4645,266.4695,22890.0,36615.0,Plecotus austriacus,0.28,0.367,-1,Echolocation,192000.0,/mnt/ubna_data_06/recover-20251210/UBNA_032/20251210_180000.WAV,recover-20251210,UBNA_032,Foliage
LF,26880.0,7.433191928367437,276.4825,276.4872,23750.0,37790.0,Plecotus austriacus,0.276,0.318,-1,Echolocation,192000.0,/mnt/ubna_data_06/recover-20251210/UBNA_032/20251210_180000.WAV,recover-20251210,UBNA_032,Foliage
LF,26880.0,3.125152741691281,23.7285,23.7338,24609.0,38093.0,Plecotus austriacus,0.272,0.307,-1,Echolocation,192000.0,/mnt/ubna_data_06/recover-20251210/UBNA_032/20251210_181000.WAV,recover-20251210,UBNA_032,Foliage
LF,29760.0,4.845708298615737,134.5945,134.6,22890.0,38348.0,Plecotus austriacus,0.268,0.341,-1,Echolocation,192000.0,/mnt/ubna_data_06/recover-20251210/UBNA_032/20251210_181000.WAV,recover-20251210,UBNA_032,Foliage
LF,25920.0,11.907055596763183,154.3245,154.3304,23750.0,33446.0,Plecotus austriacus,0.344,0.388,-1,Echolocation,192000.0,/mnt/ubna_data_06/recover-20251210/UBNA_032/20251210_181000.WAV,recover-20251210,UBNA_032,Foliage
LF,25920.0,8.759583405368554,187.3675,187.3727,22890.0,37650.0,Plecotus austriacus,0.306,0.357,-1,Echolocation,192000.0,/mnt/ubna_data_06/recover-20251210/UBNA_032/20251210_181000.WAV,recover-20251210,UBNA_032,Foliage
LF,24960.0,17.953481705753084,212.5565,212.5608,18593.0,61267.0,Myotis nattereri,0.309,0.322,-1,Echolocation,192000.0,/mnt/ubna_data_06/recover-20251210/UBNA_032/20251210_181000.WAV,recover-20251210,UBNA_032,Foliage
LF,26880.0,8.274306124422427,232.95850000000002,232.9652,23750.0,33443.0,Plecotus austriacus,0.315,0.362,-1,Echolocation,192000.0,/mnt/ubna_data_06/recover-20251210/UBNA_032/20251210_181000.WAV,recover-20251210,UBNA_032,Foliage
LF,24960.0,7.265393499686541,252.2785,252.2843,22890.0,33934.0,Plecotus austriacus,0.28,0.31,-1,Echolocation,192000.0,/mnt/ubna_data_06/recover-20251210/UBNA_032/20251210_181000.WAV,recover-20251210,UBNA_032,Foliage
LF,28800.0,7.189979616729425,277.6965,277.7007,25468.0,38163.0,Plecotus austriacus,0.219,0.37,-1,Echolocation,192000.0,/mnt/ubna_data_06/recover-20251210/UBNA_032/20251210_181000.WAV,recover-20251210,UBNA_032,Foliage
LF,27840.0,14.856531954095594,277.7385,277.7437,24609.0,36709.0,Plecotus austriacus,0.301,0.337,-1,Echolocation,192000.0,/mnt/ubna_data_06/recover-20251210/UBNA_032/20251210_181000.WAV,recover-20251210,UBNA_032,Foliage
LF,25920.0,4.157159951018641,34.0375,34.0428,23750.0,35210.0,Plecotus austriacus,0.325,0.364,-1,Echolocation,192000.0,/mnt/ubna_data_06/recover-20251210/UBNA_032/20251210_182000.WAV,recover-20251210,UBNA_032,Foliage
LF,26880.0,8.514079426662791,100.64150000000001,100.6476,21171.0,36739.0,Plecotus austriacus,0.258,0.302,-1,Echolocation,192000.0,/mnt/ubna_data_06/recover-20251210/UBNA_032/20251210_182000.WAV,recover-20251210,UBNA_032,Foliage
LF,25920.0,8.219911925043725,28.3705,28.3769,23750.0,32781.0,Plecotus austriacus,0.248,0.302,-1,Echolocation,192000.0,/mnt/ubna_data_06/recover-20251210/UBNA_032/20251210_183000.WAV,recover-20251210,UBNA_032,Foliage
LF,25920.0,4.514163701848115,119.7135,119.7182,22890.0,39072.0,Plecotus austriacus,0.292,0.385,-1,Echolocation,192000.0,/mnt/ubna_data_06/recover-20251210/UBNA_032/20251210_183000.WAV,recover-20251210,UBNA_032,Foliage
LF,26880.0,7.555676406623802,199.8205,199.8259,23750.0,36703.0,Plecotus austriacus,0.331,0.379,-1,Echolocation,192000.0,/mnt/ubna_data_06/recover-20251210/UBNA_032/20251210_183000.WAV,recover-20251210,UBNA_032,Foliage
LF,25920.0,7.072808364701917,195.5365,195.5437,23750.0,34592.0,Plecotus austriacus,0.219,0.318,-1,Echolocation,192000.0,/mnt/ubna_data_06/recover-20251210/UBNA_032/20251210_184000.WAV,recover-20251210,UBNA_032,Foliage
LF,25920.0,3.976036349835227,234.1155,234.1211,23750.0,37247.0,Plecotus austriacus,0.294,0.342,-1,Echolocation,192000.0,/mnt/ubna_data_06/recover-20251210/UBNA_032/20251210_184000.WAV,recover-20251210,UBNA_032,Foliage
LF,30720.0,11.203822844500074,258.7405,258.7462,25468.0,38671.0,Plecotus austriacus,0.274,0.33,-1,Echolocation,192000.0,/mnt/ubna_data_06/recover-20251210/UBNA_032/20251210_184000.WAV,recover-20251210,UBNA_032,Foliage
LF,27840.0,3.30450725831547,266.0035,266.0069,24609.0,39273.0,Plecotus austriacus,0.28,0.327,-1,Echolocation,192000.0,/mnt/ubna_data_06/recover-20251210/UBNA_032/20251210_185000.WAV,recover-20251210,UBNA_032,Foliage
LF,24960.0,5.413857580356324,113.7305,113.7362,22890.0,37773.0,Plecotus austriacus,0.369,0.424,-1,Echolocation,192000.0,/mnt/ubna_data_06/recover-20251210/UBNA_032/20251210_190000.WAV,recover-20251210,UBNA_032,Foliage
LF,24960.0,5.830453158997817,228.2055,228.2114,22890.0,32995.0,Plecotus austriacus,0.286,0.337,-1,Echolocation,192000.0,/mnt/ubna_data_06/recover-20251210/UBNA_032/20251210_190000.WAV,recover-20251210,UBNA_032,Foliage
LF,25920.0,4.309418360293035,260.8835,260.889,23750.0,36294.0,Plecotus austriacus,0.286,0.339,-1,Echolocation,192000.0,/mnt/ubna_data_06/recover-20251210/UBNA_032/20251210_190000.WAV,recover-20251210,UBNA_032,Foliage
LF,25920.0,12.629557399678319,29.0185,29.0252,22890.0,35037.0,Plecotus austriacus,0.265,0.316,-1,Echolocation,192000.0,/mnt/ubna_data_06/recover-20251210/UBNA_032/20251210_192000.WAV,recover-20251210,UBNA_032,Foliage
LF,26880.0,11.031495688590546,27.7115,27.7213,25468.0,34525.0,Eptesicus serotinus,0.134,0.319,-1,Echolocation,192000.0,/mnt/ubna_data_06/recover-20251210/UBNA_032/20251210_193000.WAV,recover-20251210,UBNA_032,Foliage
LF,25920.0,8.005179956408996,18.3725,18.3784,25468.0,35008.0,Plecotus austriacus,0.183,0.325,-1,Echolocation,192000.0,/mnt/ubna_data_06/recover-20251210/UBNA_032/20251210_194000.WAV,recover-20251210,UBNA_032,Foliage
LF,25920.0,10.006630705203339,122.25450000000001,122.2609,23750.0,34570.0,Plecotus austriacus,0.294,0.376,-1,Echolocation,192000.0,/mnt/ubna_data_06/recover-20251210/UBNA_032/20251210_194000.WAV,recover-20251210,UBNA_032,Foliage
LF,25920.0,5.644941947466754,72.9825,72.9879,24609.0,36732.0,Plecotus austriacus,0.299,0.367,-1,Echolocation,192000.0,/mnt/ubna_data_06/recover-20251210/UBNA_032/20251210_195000.WAV,recover-20251210,UBNA_032,Foliage
LF,25920.0,5.500905651087721,102.0235,102.0285,23750.0,37736.0,Plecotus austriacus,0.217,0.323,-1,Echolocation,192000.0,/mnt/ubna_data_06/recover-20251210/UBNA_032/20251210_200000.WAV,recover-20251210,UBNA_032,Foliage
LF,25920.0,16.127102310635365,174.2315,174.2389,23750.0,31915.0,Plecotus austriacus,0.208,0.314,-1,Echolocation,192000.0,/mnt/ubna_data_06/recover-20251210/UBNA_032/20251210_200000.WAV,recover-20251210,UBNA_032,Foliage
LF,25920.0,7.767389343705119,192.6885,192.6941,23750.0,34151.0,Plecotus austriacus,0.242,0.318,-1,Echolocation,192000.0,/mnt/ubna_data_06/recover-20251210/UBNA_032/20251210_200000.WAV,recover-20251210,UBNA_032,Foliage
LF,25920.0,9.289954418114144,294.6665,294.6712,23750.0,41330.0,Plecotus austriacus,0.266,0.33,-1,Echolocation,192000.0,/mnt/ubna_data_06/recover-20251210/UBNA_032/20251210_200000.WAV,recover-20251210,UBNA_032,Foliage
LF,26880.0,12.007403339240064,36.2585,36.2647,22890.0,35490.0,Plecotus austriacus,0.31,0.353,-1,Echolocation,192000.0,/mnt/ubna_data_06/recover-20251210/UBNA_032/20251210_202000.WAV,recover-20251210,UBNA_032,Foliage
LF,29760.0,9.292033647553987,202.0025,202.007,24609.0,38164.0,Plecotus austriacus,0.234,0.321,-1,Echolocation,192000.0,/mnt/ubna_data_06/recover-20251210/UBNA_032/20251210_204000.WAV,recover-20251210,UBNA_032,Foliage
LF,24960.0,6.007239618929669,292.0025,292.0066,23750.0,35862.0,Plecotus austriacus,0.296,0.352,-1,Echolocation,192000.0,/mnt/ubna_data_06/recover-20251210/UBNA_032/20251210_204000.WAV,recover-20251210,UBNA_032,Foliage
HF,73920.0,0.5220627404803369,296.6135,296.653,68437.0,81162.0,Rhinolophus ferrumequinum,0.312,0.312,-1,Echolocation,192000.0,/mnt/ubna_data_06/recover-20251210/UBNA_032/20251210_204000.WAV,recover-20251210,UBNA_032,Foliage
LF,25920.0,1.8958275459944975,23.1655,23.1803,25468.0,29155.0,Nyctalus leisleri,0.246,0.34,-1,Echolocation,192000.0,/mnt/ubna_data_06/recover-20251210/UBNA_032/20251210_205000.WAV,recover-20251210,UBNA_032,Foliage
LF,24960.0,1.1576160670571587,101.0785,101.091,22890.0,28637.0,Nyctalus leisleri,0.116,0.305,-1,Echolocation,192000.0,/mnt/ubna_data_06/recover-20251210/UBNA_032/20251210_205000.WAV,recover-20251210,UBNA_032,Foliage
LF,25920.0,7.5990550641426236,123.6985,123.71,25468.0,31174.0,Nyctalus leisleri,0.195,0.387,-1,Echolocation,192000.0,/mnt/ubna_data_06/recover-20251210/UBNA_032/20251210_205000.WAV,recover-20251210,UBNA_032,Foliage
LF,29760.0,2.593324831513722,149.1025,149.1131,28906.0,33571.0,Eptesicus serotinus,0.142,0.314,-1,Echolocation,192000.0,/mnt/ubna_data_06/recover-20251210/UBNA_032/20251210_205000.WAV,recover-20251210,UBNA_032,Foliage
HF,57600.0,4.356807732554283,183.1495,183.1603,57265.0,61234.0,Pipistrellus pygmaeus,0.356,0.361,-1,Echolocation,192000.0,/mnt/ubna_data_06/recover-20251210/UBNA_032/20251210_205000.WAV,recover-20251210,UBNA_032,Foliage
HF,64320.0,14.129344251589405,227.5865,227.5991,58125.0,63105.0,Pipistrellus pygmaeus,0.395,0.416,-1,Echolocation,192000.0,/mnt/ubna_data_06/recover-20251210/UBNA_032/20251210_205000.WAV,recover-20251210,UBNA_032,Foliage
LF,25920.0,7.5572552275634735,236.01749999999998,236.0303,25468.0,30347.0,Nyctalus leisleri,0.241,0.399,-1,Echolocation,192000.0,/mnt/ubna_data_06/recover-20251210/UBNA_032/20251210_205000.WAV,recover-20251210,UBNA_032,Foliage
LF,25920.0,13.965694257715755,253.6855,253.6992,25468.0,28211.0,Nyctalus leisleri,0.358,0.391,-1,Echolocation,192000.0,/mnt/ubna_data_06/recover-20251210/UBNA_032/20251210_205000.WAV,recover-20251210,UBNA_032,Foliage
LF,25920.0,2.754942510672775,268.9285,268.9412,25468.0,29339.0,Nyctalus leisleri,0.165,0.3,-1,Echolocation,192000.0,/mnt/ubna_data_06/recover-20251210/UBNA_032/20251210_205000.WAV,recover-20251210,UBNA_032,Foliage
LF,22080.0,7.321259978549208,273.6055,273.6175,22031.0,28872.0,Nyctalus noctula,0.113,0.333,-1,Echolocation,192000.0,/mnt/ubna_data_06/recover-20251210/UBNA_032/20251210_205000.WAV,recover-20251210,UBNA_032,Foliage
LF,25920.0,9.479707777132582,1.2255,1.232,22890.0,31876.0,Plecotus austriacus,0.219,0.306,-1,Echolocation,192000.0,/mnt/ubna_data_06/recover-20251210/UBNA_032/20251210_210000.WAV,recover-20251210,UBNA_032,Foliage
LF,25920.0,9.568948311597994,3.3025,3.3076,22890.0,36561.0,Plecotus austriacus,0.26,0.3,-1,Echolocation,192000.0,/mnt/ubna_data_06/recover-20251210/UBNA_032/20251210_210000.WAV,recover-20251210,UBNA_032,Foliage
LF,25920.0,1.837495587206288,26.0115,26.0216,24609.0,30617.0,Eptesicus serotinus,0.171,0.35,-1,Echolocation,192000.0,/mnt/ubna_data_06/recover-20251210/UBNA_032/20251210_210000.WAV,recover-20251210,UBNA_032,Foliage
LF,25920.0,6.228349860489861,108.0555,108.0685,25468.0,29552.0,Nyctalus leisleri,0.256,0.385,-1,Echolocation,192000.0,/mnt/ubna_data_06/recover-20251210/UBNA_032/20251210_210000.WAV,recover-20251210,UBNA_032,Foliage
LF,25920.0,5.908630085144498,133.5055,133.5178,25468.0,29398.0,Nyctalus leisleri,0.188,0.323,-1,Echolocation,192000.0,/mnt/ubna_data_06/recover-20251210/UBNA_032/20251210_210000.WAV,recover-20251210,UBNA_032,Foliage
LF,25920.0,3.014434243816932,134.0615,134.0788,26328.0,29555.0,Nyctalus leisleri,0.235,0.301,-1,Echolocation,192000.0,/mnt/ubna_data_06/recover-20251210/UBNA_032/20251210_210000.WAV,recover-20251210,UBNA_032,Foliage
LF,25920.0,8.852706881309944,150.1245,150.1295,22890.0,36769.0,Plecotus austriacus,0.296,0.351,-1,Echolocation,192000.0,/mnt/ubna_data_06/recover-20251210/UBNA_032/20251210_210000.WAV,recover-20251210,UBNA_032,Foliage
LF,22080.0,3.459404873788483,208.01749999999998,208.0373,21171.0,24552.0,Nyctalus leisleri,0.349,0.38,-1,Echolocation,192000.0,/mnt/ubna_data_06/recover-20251210/UBNA_032/20251210_210000.WAV,recover-20251210,UBNA_032,Foliage
LF,23040.0,12.46435537410991,256.0135,256.0275,23750.0,26834.0,Nyctalus leisleri,0.306,0.356,-1,Echolocation,192000.0,/mnt/ubna_data_06/recover-20251210/UBNA_032/20251210_210000.WAV,recover-20251210,UBNA_032,Foliage
HF,50880.0,1.2217997560960983,220.0365,220.0477,51250.0,55196.0,Pipistrellus pipistrellus,0.243,0.336,-1,Echolocation,192000.0,/mnt/ubna_data_06/recover-20251210/UBNA_032/20251210_211000.WAV,recover-20251210,UBNA_032,Foliage
LF,24960.0,2.3193054819640575,245.1905,245.1953,23750.0,36288.0,Plecotus austriacus,0.268,0.334,-1,Echolocation,192000.0,/mnt/ubna_data_06/recover-20251210/UBNA_032/20251210_211000.WAV,recover-20251210,UBNA_032,Foliage
