,SNR_threshold,detection_threshold,num_bd2_detections,num_human_annotations,true_positives,false_positives,false_negatives,true_negatives,precision,recall,input_file_name,site_name
0,0.0,0.01,18431,693,687,17744,6,0,0.037274157669144374,0.9913419913419913,20220730_053000.WAV,Carp Pond
1,0.0,0.02,18199,693,687,17512,6,0,0.03774932688609264,0.9913419913419913,20220730_053000.WAV,Carp Pond
2,0.0,0.03,3707,693,681,3026,12,0,0.1837065012139196,0.9826839826839827,20220730_053000.WAV,Carp Pond
3,0.0,0.04,1587,693,670,917,23,0,0.42218021424070573,0.9668109668109668,20220730_053000.WAV,Carp Pond
4,0.0,0.05,1065,693,665,400,28,0,0.6244131455399061,0.9595959595959596,20220730_053000.WAV,Carp Pond
5,0.0,0.06,875,693,659,216,34,0,0.7531428571428571,0.950937950937951,20220730_053000.WAV,Carp Pond
6,0.0,0.07,786,693,657,129,36,0,0.8358778625954199,0.948051948051948,20220730_053000.WAV,Carp Pond
7,0.0,0.08,735,693,651,84,42,0,0.8857142857142857,0.9393939393939394,20220730_053000.WAV,Carp Pond
8,0.0,0.09,708,693,648,60,45,0,0.9152542372881356,0.935064935064935,20220730_053000.WAV,Carp Pond
9,0.0,0.1,688,693,642,46,51,0,0.9331395348837209,0.9264069264069265,20220730_053000.WAV,Carp Pond
10,0.0,0.11,677,693,638,39,55,0,0.9423929098966026,0.9206349206349206,20220730_053000.WAV,Carp Pond
11,0.0,0.12,670,693,635,35,58,0,0.9477611940298507,0.9163059163059163,20220730_053000.WAV,Carp Pond
12,0.0,0.13,666,693,634,32,59,0,0.9519519519519519,0.9148629148629148,20220730_053000.WAV,Carp Pond
13,0.0,0.14,658,693,629,29,64,0,0.9559270516717325,0.9076479076479076,20220730_053000.WAV,Carp Pond
14,0.0,0.15,652,693,625,27,68,0,0.9585889570552147,0.9018759018759018,20220730_053000.WAV,Carp Pond
15,0.0,0.16,648,693,623,25,70,0,0.9614197530864198,0.898989898989899,20220730_053000.WAV,Carp Pond
16,0.0,0.17,640,693,616,24,77,0,0.9625,0.8888888888888888,20220730_053000.WAV,Carp Pond
17,0.0,0.18,632,693,612,20,81,0,0.9683544303797469,0.8831168831168831,20220730_053000.WAV,Carp Pond
18,0.0,0.19,622,693,606,16,87,0,0.9742765273311897,0.8744588744588745,20220730_053000.WAV,Carp Pond
19,0.0,0.2,616,693,601,15,92,0,0.9756493506493507,0.8672438672438673,20220730_053000.WAV,Carp Pond
20,0.0,0.21,610,693,596,14,97,0,0.9770491803278688,0.86002886002886,20220730_053000.WAV,Carp Pond
21,0.0,0.22,605,693,593,12,100,0,0.9801652892561984,0.8556998556998557,20220730_053000.WAV,Carp Pond
22,0.0,0.23,597,693,587,10,106,0,0.983249581239531,0.847041847041847,20220730_053000.WAV,Carp Pond
23,0.0,0.24,591,693,581,10,112,0,0.9830795262267343,0.8383838383838383,20220730_053000.WAV,Carp Pond
24,0.0,0.25,587,693,577,10,116,0,0.9829642248722317,0.8326118326118326,20220730_053000.WAV,Carp Pond
25,0.0,0.26,584,693,574,10,119,0,0.9828767123287672,0.8282828282828283,20220730_053000.WAV,Carp Pond
26,0.0,0.27,578,693,570,8,123,0,0.986159169550173,0.8225108225108225,20220730_053000.WAV,Carp Pond
27,0.0,0.28,574,693,566,8,127,0,0.9860627177700348,0.8167388167388168,20220730_053000.WAV,Carp Pond
28,0.0,0.29,565,693,557,8,136,0,0.9858407079646018,0.8037518037518038,20220730_053000.WAV,Carp Pond
29,0.0,0.3,552,693,545,7,148,0,0.9873188405797102,0.7864357864357865,20220730_053000.WAV,Carp Pond
30,0.0,0.31,541,693,534,7,159,0,0.9870609981515711,0.7705627705627706,20220730_053000.WAV,Carp Pond
31,0.0,0.32,535,693,529,6,164,0,0.9887850467289719,0.7633477633477633,20220730_053000.WAV,Carp Pond
32,0.0,0.33,529,693,523,6,170,0,0.9886578449905482,0.7546897546897547,20220730_053000.WAV,Carp Pond
33,0.0,0.34,522,693,516,6,177,0,0.9885057471264368,0.7445887445887446,20220730_053000.WAV,Carp Pond
34,0.0,0.35,512,693,506,6,187,0,0.98828125,0.7301587301587301,20220730_053000.WAV,Carp Pond
35,0.0,0.36,504,693,499,5,194,0,0.9900793650793651,0.7200577200577201,20220730_053000.WAV,Carp Pond
36,0.0,0.37,491,693,487,4,206,0,0.9918533604887984,0.7027417027417028,20220730_053000.WAV,Carp Pond
37,0.0,0.38,474,693,470,4,223,0,0.9915611814345991,0.6782106782106783,20220730_053000.WAV,Carp Pond
38,0.0,0.39,466,693,463,3,230,0,0.9935622317596566,0.6681096681096681,20220730_053000.WAV,Carp Pond
39,0.0,0.4,454,693,451,3,242,0,0.9933920704845814,0.6507936507936508,20220730_053000.WAV,Carp Pond
40,0.0,0.41,436,693,433,3,260,0,0.9931192660550459,0.6248196248196248,20220730_053000.WAV,Carp Pond
41,0.0,0.42,420,693,417,3,276,0,0.9928571428571429,0.6017316017316018,20220730_053000.WAV,Carp Pond
42,0.0,0.43,407,693,404,3,289,0,0.9926289926289926,0.5829725829725829,20220730_053000.WAV,Carp Pond
43,0.0,0.44,395,693,392,3,301,0,0.9924050632911392,0.5656565656565656,20220730_053000.WAV,Carp Pond
44,0.0,0.45,375,693,372,3,321,0,0.992,0.5367965367965368,20220730_053000.WAV,Carp Pond
45,0.0,0.46,355,693,353,2,340,0,0.9943661971830986,0.5093795093795094,20220730_053000.WAV,Carp Pond
46,0.0,0.47,336,693,335,1,358,0,0.9970238095238095,0.4834054834054834,20220730_053000.WAV,Carp Pond
47,0.0,0.48,313,693,313,0,380,0,1.0,0.45165945165945165,20220730_053000.WAV,Carp Pond
48,0.0,0.49,291,693,291,0,402,0,1.0,0.4199134199134199,20220730_053000.WAV,Carp Pond
49,0.0,0.5,279,693,279,0,414,0,1.0,0.4025974025974026,20220730_053000.WAV,Carp Pond
50,0.0,0.51,263,693,263,0,430,0,1.0,0.3795093795093795,20220730_053000.WAV,Carp Pond
51,0.0,0.52,234,693,234,0,459,0,1.0,0.33766233766233766,20220730_053000.WAV,Carp Pond
52,0.0,0.53,210,693,210,0,483,0,1.0,0.30303030303030304,20220730_053000.WAV,Carp Pond
53,0.0,0.54,189,693,189,0,504,0,1.0,0.2727272727272727,20220730_053000.WAV,Carp Pond
54,0.0,0.55,164,693,164,0,529,0,1.0,0.23665223665223664,20220730_053000.WAV,Carp Pond
55,0.0,0.56,142,693,142,0,551,0,1.0,0.2049062049062049,20220730_053000.WAV,Carp Pond
56,0.0,0.57,122,693,122,0,571,0,1.0,0.17604617604617603,20220730_053000.WAV,Carp Pond
57,0.0,0.58,100,693,100,0,593,0,1.0,0.1443001443001443,20220730_053000.WAV,Carp Pond
58,0.0,0.59,81,693,81,0,612,0,1.0,0.11688311688311688,20220730_053000.WAV,Carp Pond
59,0.0,0.6,67,693,67,0,626,0,1.0,0.09668109668109669,20220730_053000.WAV,Carp Pond
60,1.0,0.01,2412,649,644,1768,5,0,0.2669983416252073,0.9922958397534669,20220730_053000.WAV,Carp Pond
61,1.0,0.02,2403,649,644,1759,5,0,0.26799833541406576,0.9922958397534669,20220730_053000.WAV,Carp Pond
62,1.0,0.03,1335,649,640,695,9,0,0.4794007490636704,0.9861325115562404,20220730_053000.WAV,Carp Pond
63,1.0,0.04,953,649,635,318,14,0,0.6663168940188877,0.9784283513097073,20220730_053000.WAV,Carp Pond
64,1.0,0.05,811,649,630,181,19,0,0.7768187422934648,0.9707241910631741,20220730_053000.WAV,Carp Pond
65,1.0,0.06,757,649,627,130,22,0,0.8282694848084544,0.9661016949152542,20220730_053000.WAV,Carp Pond
66,1.0,0.07,730,649,625,105,24,0,0.8561643835616438,0.963020030816641,20220730_053000.WAV,Carp Pond
67,1.0,0.08,702,649,622,80,27,0,0.886039886039886,0.9583975346687211,20220730_053000.WAV,Carp Pond
68,1.0,0.09,686,649,620,66,29,0,0.9037900874635568,0.9553158705701078,20220730_053000.WAV,Carp Pond
69,1.0,0.1,673,649,614,59,35,0,0.912332838038633,0.9460708782742681,20220730_053000.WAV,Carp Pond
70,1.0,0.11,666,649,611,55,38,0,0.9174174174174174,0.9414483821263482,20220730_053000.WAV,Carp Pond
71,1.0,0.12,661,649,608,53,41,0,0.9198184568835098,0.9368258859784283,20220730_053000.WAV,Carp Pond
72,1.0,0.13,658,649,607,51,42,0,0.9224924012158054,0.9352850539291218,20220730_053000.WAV,Carp Pond
73,1.0,0.14,651,649,603,48,46,0,0.9262672811059908,0.9291217257318952,20220730_053000.WAV,Carp Pond
74,1.0,0.15,645,649,599,46,50,0,0.9286821705426357,0.9229583975346687,20220730_053000.WAV,Carp Pond
75,1.0,0.16,641,649,597,44,52,0,0.9313572542901716,0.9198767334360555,20220730_053000.WAV,Carp Pond
76,1.0,0.17,633,649,591,42,58,0,0.933649289099526,0.9106317411402157,20220730_053000.WAV,Carp Pond
77,1.0,0.18,626,649,588,38,61,0,0.939297124600639,0.9060092449922958,20220730_053000.WAV,Carp Pond
78,1.0,0.19,616,649,583,33,66,0,0.9464285714285714,0.8983050847457628,20220730_053000.WAV,Carp Pond
79,1.0,0.2,610,649,578,32,71,0,0.9475409836065574,0.8906009244992296,20220730_053000.WAV,Carp Pond
80,1.0,0.21,604,649,575,29,74,0,0.9519867549668874,0.8859784283513097,20220730_053000.WAV,Carp Pond
81,1.0,0.22,599,649,572,27,77,0,0.9549248747913188,0.8813559322033898,20220730_053000.WAV,Carp Pond
82,1.0,0.23,592,649,566,26,83,0,0.956081081081081,0.8721109399075501,20220730_053000.WAV,Carp Pond
83,1.0,0.24,586,649,561,25,88,0,0.9573378839590444,0.864406779661017,20220730_053000.WAV,Carp Pond
84,1.0,0.25,582,649,557,25,92,0,0.9570446735395189,0.8582434514637904,20220730_053000.WAV,Carp Pond
85,1.0,0.26,580,649,556,24,93,0,0.9586206896551724,0.8567026194144838,20220730_053000.WAV,Carp Pond
86,1.0,0.27,575,649,552,23,97,0,0.96,0.8505392912172574,20220730_053000.WAV,Carp Pond
87,1.0,0.28,572,649,549,23,100,0,0.9597902097902098,0.8459167950693375,20220730_053000.WAV,Carp Pond
88,1.0,0.29,563,649,541,22,108,0,0.9609236234458259,0.8335901386748844,20220730_053000.WAV,Carp Pond
89,1.0,0.3,551,649,530,21,119,0,0.9618874773139746,0.8166409861325116,20220730_053000.WAV,Carp Pond
90,1.0,0.31,540,649,520,20,129,0,0.9629629629629629,0.8012326656394453,20220730_053000.WAV,Carp Pond
91,1.0,0.32,534,649,515,19,134,0,0.9644194756554307,0.7935285053929122,20220730_053000.WAV,Carp Pond
92,1.0,0.33,528,649,509,19,140,0,0.9640151515151515,0.7842835130970724,20220730_053000.WAV,Carp Pond
93,1.0,0.34,521,649,503,18,146,0,0.9654510556621881,0.7750385208012327,20220730_053000.WAV,Carp Pond
94,1.0,0.35,511,649,496,15,153,0,0.9706457925636007,0.7642526964560863,20220730_053000.WAV,Carp Pond
95,1.0,0.36,503,649,489,14,160,0,0.9721669980119284,0.7534668721109399,20220730_053000.WAV,Carp Pond
96,1.0,0.37,490,649,479,11,170,0,0.9775510204081632,0.7380585516178737,20220730_053000.WAV,Carp Pond
97,1.0,0.38,473,649,463,10,186,0,0.9788583509513742,0.7134052388289677,20220730_053000.WAV,Carp Pond
98,1.0,0.39,465,649,456,9,193,0,0.9806451612903225,0.7026194144838213,20220730_053000.WAV,Carp Pond
99,1.0,0.4,453,649,444,9,205,0,0.9801324503311258,0.6841294298921418,20220730_053000.WAV,Carp Pond
100,1.0,0.41,435,649,426,9,223,0,0.9793103448275862,0.6563944530046225,20220730_053000.WAV,Carp Pond
101,1.0,0.42,420,649,414,6,235,0,0.9857142857142858,0.637904468412943,20220730_053000.WAV,Carp Pond
102,1.0,0.43,407,649,401,6,248,0,0.9852579852579852,0.6178736517719569,20220730_053000.WAV,Carp Pond
103,1.0,0.44,395,649,389,6,260,0,0.9848101265822785,0.5993836671802774,20220730_053000.WAV,Carp Pond
104,1.0,0.45,375,649,370,5,279,0,0.9866666666666667,0.5701078582434514,20220730_053000.WAV,Carp Pond
105,1.0,0.46,355,649,351,4,298,0,0.9887323943661972,0.5408320493066255,20220730_053000.WAV,Carp Pond
106,1.0,0.47,336,649,333,3,316,0,0.9910714285714286,0.5130970724191063,20220730_053000.WAV,Carp Pond
107,1.0,0.48,313,649,312,1,337,0,0.9968051118210862,0.48073959938366717,20220730_053000.WAV,Carp Pond
108,1.0,0.49,291,649,290,1,359,0,0.9965635738831615,0.44684129429892144,20220730_053000.WAV,Carp Pond
109,1.0,0.5,279,649,279,0,370,0,1.0,0.42989214175654855,20220730_053000.WAV,Carp Pond
110,1.0,0.51,263,649,263,0,386,0,1.0,0.4052388289676425,20220730_053000.WAV,Carp Pond
111,1.0,0.52,234,649,234,0,415,0,1.0,0.3605546995377504,20220730_053000.WAV,Carp Pond
112,1.0,0.53,210,649,210,0,439,0,1.0,0.3235747303543914,20220730_053000.WAV,Carp Pond
113,1.0,0.54,189,649,189,0,460,0,1.0,0.29121725731895226,20220730_053000.WAV,Carp Pond
114,1.0,0.55,164,649,164,0,485,0,1.0,0.2526964560862866,20220730_053000.WAV,Carp Pond
115,1.0,0.56,142,649,142,0,507,0,1.0,0.21879815100154082,20220730_053000.WAV,Carp Pond
116,1.0,0.57,122,649,122,0,527,0,1.0,0.18798151001540833,20220730_053000.WAV,Carp Pond
117,1.0,0.58,100,649,100,0,549,0,1.0,0.15408320493066255,20220730_053000.WAV,Carp Pond
118,1.0,0.59,81,649,81,0,568,0,1.0,0.12480739599383667,20220730_053000.WAV,Carp Pond
119,1.0,0.6,67,649,67,0,582,0,1.0,0.10323574730354391,20220730_053000.WAV,Carp Pond
120,2.0,0.01,961,558,555,406,3,0,0.5775234131113424,0.9946236559139785,20220730_053000.WAV,Carp Pond
121,2.0,0.02,960,558,555,405,3,0,0.578125,0.9946236559139785,20220730_053000.WAV,Carp Pond
122,2.0,0.03,783,558,554,229,4,0,0.7075351213282248,0.992831541218638,20220730_053000.WAV,Carp Pond
123,2.0,0.04,714,558,553,161,5,0,0.7745098039215687,0.9910394265232975,20220730_053000.WAV,Carp Pond
124,2.0,0.05,674,558,551,123,7,0,0.8175074183976261,0.9874551971326165,20220730_053000.WAV,Carp Pond
125,2.0,0.06,659,558,549,110,9,0,0.8330804248861912,0.9838709677419355,20220730_053000.WAV,Carp Pond
126,2.0,0.07,654,558,549,105,9,0,0.8394495412844036,0.9838709677419355,20220730_053000.WAV,Carp Pond
127,2.0,0.08,642,558,548,94,10,0,0.8535825545171339,0.982078853046595,20220730_053000.WAV,Carp Pond
128,2.0,0.09,636,558,547,89,11,0,0.860062893081761,0.9802867383512545,20220730_053000.WAV,Carp Pond
129,2.0,0.1,629,558,545,84,13,0,0.8664546899841018,0.9767025089605734,20220730_053000.WAV,Carp Pond
130,2.0,0.11,626,558,544,82,14,0,0.8690095846645367,0.974910394265233,20220730_053000.WAV,Carp Pond
131,2.0,0.12,623,558,543,80,15,0,0.8715890850722311,0.9731182795698925,20220730_053000.WAV,Carp Pond
132,2.0,0.13,621,558,543,78,15,0,0.8743961352657005,0.9731182795698925,20220730_053000.WAV,Carp Pond
133,2.0,0.14,616,558,542,74,16,0,0.8798701298701299,0.9713261648745519,20220730_053000.WAV,Carp Pond
134,2.0,0.15,612,558,540,72,18,0,0.8823529411764706,0.967741935483871,20220730_053000.WAV,Carp Pond
135,2.0,0.16,610,558,539,71,19,0,0.8836065573770492,0.9659498207885304,20220730_053000.WAV,Carp Pond
136,2.0,0.17,604,558,536,68,22,0,0.8874172185430463,0.9605734767025089,20220730_053000.WAV,Carp Pond
137,2.0,0.18,600,558,533,67,25,0,0.8883333333333333,0.9551971326164874,20220730_053000.WAV,Carp Pond
138,2.0,0.19,592,558,529,63,29,0,0.893581081081081,0.9480286738351255,20220730_053000.WAV,Carp Pond
139,2.0,0.2,587,558,526,61,32,0,0.8960817717206133,0.942652329749104,20220730_053000.WAV,Carp Pond
140,2.0,0.21,583,558,523,60,35,0,0.8970840480274442,0.9372759856630825,20220730_053000.WAV,Carp Pond
141,2.0,0.22,580,558,521,59,37,0,0.8982758620689655,0.9336917562724014,20220730_053000.WAV,Carp Pond
142,2.0,0.23,574,558,519,55,39,0,0.9041811846689896,0.9301075268817204,20220730_053000.WAV,Carp Pond
143,2.0,0.24,568,558,517,51,41,0,0.9102112676056338,0.9265232974910395,20220730_053000.WAV,Carp Pond
144,2.0,0.25,564,558,514,50,44,0,0.9113475177304965,0.921146953405018,20220730_053000.WAV,Carp Pond
145,2.0,0.26,563,558,513,50,45,0,0.911190053285968,0.9193548387096774,20220730_053000.WAV,Carp Pond
146,2.0,0.27,558,558,509,49,49,0,0.9121863799283154,0.9121863799283154,20220730_053000.WAV,Carp Pond
147,2.0,0.28,555,558,506,49,52,0,0.9117117117117117,0.9068100358422939,20220730_053000.WAV,Carp Pond
148,2.0,0.29,548,558,500,48,58,0,0.9124087591240876,0.8960573476702509,20220730_053000.WAV,Carp Pond
149,2.0,0.3,537,558,491,46,67,0,0.9143389199255121,0.8799283154121864,20220730_053000.WAV,Carp Pond
150,2.0,0.31,526,558,483,43,75,0,0.9182509505703422,0.8655913978494624,20220730_053000.WAV,Carp Pond
151,2.0,0.32,520,558,480,40,78,0,0.9230769230769231,0.8602150537634409,20220730_053000.WAV,Carp Pond
152,2.0,0.33,514,558,475,39,83,0,0.9241245136186771,0.8512544802867383,20220730_053000.WAV,Carp Pond
153,2.0,0.34,507,558,471,36,87,0,0.9289940828402367,0.8440860215053764,20220730_053000.WAV,Carp Pond
154,2.0,0.35,498,558,467,31,91,0,0.9377510040160643,0.8369175627240143,20220730_053000.WAV,Carp Pond
155,2.0,0.36,490,558,461,29,97,0,0.9408163265306122,0.8261648745519713,20220730_053000.WAV,Carp Pond
156,2.0,0.37,479,558,451,28,107,0,0.941544885177453,0.8082437275985663,20220730_053000.WAV,Carp Pond
157,2.0,0.38,462,558,437,25,121,0,0.9458874458874459,0.7831541218637993,20220730_053000.WAV,Carp Pond
158,2.0,0.39,455,558,434,21,124,0,0.9538461538461539,0.7777777777777778,20220730_053000.WAV,Carp Pond
159,2.0,0.4,444,558,424,20,134,0,0.954954954954955,0.7598566308243727,20220730_053000.WAV,Carp Pond
160,2.0,0.41,426,558,407,19,151,0,0.9553990610328639,0.7293906810035843,20220730_053000.WAV,Carp Pond
161,2.0,0.42,414,558,395,19,163,0,0.9541062801932367,0.7078853046594982,20220730_053000.WAV,Carp Pond
162,2.0,0.43,401,558,384,17,174,0,0.9576059850374065,0.6881720430107527,20220730_053000.WAV,Carp Pond
163,2.0,0.44,390,558,373,17,185,0,0.9564102564102565,0.6684587813620072,20220730_053000.WAV,Carp Pond
164,2.0,0.45,370,558,357,13,201,0,0.9648648648648649,0.6397849462365591,20220730_053000.WAV,Carp Pond
165,2.0,0.46,350,558,340,10,218,0,0.9714285714285714,0.6093189964157706,20220730_053000.WAV,Carp Pond
166,2.0,0.47,331,558,326,5,232,0,0.9848942598187311,0.5842293906810035,20220730_053000.WAV,Carp Pond
167,2.0,0.48,309,558,305,4,253,0,0.9870550161812298,0.546594982078853,20220730_053000.WAV,Carp Pond
168,2.0,0.49,288,558,286,2,272,0,0.9930555555555556,0.5125448028673835,20220730_053000.WAV,Carp Pond
169,2.0,0.5,276,558,276,0,282,0,1.0,0.4946236559139785,20220730_053000.WAV,Carp Pond
170,2.0,0.51,261,558,261,0,297,0,1.0,0.46774193548387094,20220730_053000.WAV,Carp Pond
171,2.0,0.52,232,558,232,0,326,0,1.0,0.4157706093189964,20220730_053000.WAV,Carp Pond
172,2.0,0.53,208,558,208,0,350,0,1.0,0.3727598566308244,20220730_053000.WAV,Carp Pond
173,2.0,0.54,187,558,187,0,371,0,1.0,0.33512544802867383,20220730_053000.WAV,Carp Pond
174,2.0,0.55,163,558,163,0,395,0,1.0,0.2921146953405018,20220730_053000.WAV,Carp Pond
175,2.0,0.56,141,558,141,0,417,0,1.0,0.25268817204301075,20220730_053000.WAV,Carp Pond
176,2.0,0.57,121,558,121,0,437,0,1.0,0.2168458781362007,20220730_053000.WAV,Carp Pond
177,2.0,0.58,99,558,99,0,459,0,1.0,0.1774193548387097,20220730_053000.WAV,Carp Pond
178,2.0,0.59,80,558,80,0,478,0,1.0,0.14336917562724014,20220730_053000.WAV,Carp Pond
179,2.0,0.6,67,558,67,0,491,0,1.0,0.12007168458781362,20220730_053000.WAV,Carp Pond
180,3.0,0.01,568,485,481,87,4,0,0.846830985915493,0.9917525773195877,20220730_053000.WAV,Carp Pond
181,3.0,0.02,568,485,481,87,4,0,0.846830985915493,0.9917525773195877,20220730_053000.WAV,Carp Pond
182,3.0,0.03,563,485,481,82,4,0,0.8543516873889876,0.9917525773195877,20220730_053000.WAV,Carp Pond
183,3.0,0.04,556,485,481,75,4,0,0.8651079136690647,0.9917525773195877,20220730_053000.WAV,Carp Pond
184,3.0,0.05,549,485,481,68,4,0,0.8761384335154827,0.9917525773195877,20220730_053000.WAV,Carp Pond
185,3.0,0.06,545,485,480,65,5,0,0.8807339449541285,0.9896907216494846,20220730_053000.WAV,Carp Pond
186,3.0,0.07,545,485,480,65,5,0,0.8807339449541285,0.9896907216494846,20220730_053000.WAV,Carp Pond
187,3.0,0.08,541,485,479,62,6,0,0.8853974121996303,0.9876288659793815,20220730_053000.WAV,Carp Pond
188,3.0,0.09,540,485,479,61,6,0,0.8870370370370371,0.9876288659793815,20220730_053000.WAV,Carp Pond
189,3.0,0.1,538,485,478,60,7,0,0.8884758364312267,0.9855670103092784,20220730_053000.WAV,Carp Pond
190,3.0,0.11,537,485,477,60,8,0,0.888268156424581,0.9835051546391752,20220730_053000.WAV,Carp Pond
191,3.0,0.12,536,485,477,59,8,0,0.8899253731343284,0.9835051546391752,20220730_053000.WAV,Carp Pond
192,3.0,0.13,535,485,477,58,8,0,0.891588785046729,0.9835051546391752,20220730_053000.WAV,Carp Pond
193,3.0,0.14,533,485,476,57,9,0,0.8930581613508443,0.9814432989690721,20220730_053000.WAV,Carp Pond
194,3.0,0.15,531,485,476,55,9,0,0.896421845574388,0.9814432989690721,20220730_053000.WAV,Carp Pond
195,3.0,0.16,530,485,475,55,10,0,0.8962264150943396,0.979381443298969,20220730_053000.WAV,Carp Pond
196,3.0,0.17,528,485,475,53,10,0,0.8996212121212122,0.979381443298969,20220730_053000.WAV,Carp Pond
197,3.0,0.18,526,485,475,51,10,0,0.903041825095057,0.979381443298969,20220730_053000.WAV,Carp Pond
198,3.0,0.19,521,485,473,48,12,0,0.9078694817658349,0.9752577319587629,20220730_053000.WAV,Carp Pond
199,3.0,0.2,519,485,472,47,13,0,0.9094412331406551,0.9731958762886598,20220730_053000.WAV,Carp Pond
200,3.0,0.21,517,485,470,47,15,0,0.9090909090909091,0.9690721649484536,20220730_053000.WAV,Carp Pond
201,3.0,0.22,516,485,470,46,15,0,0.9108527131782945,0.9690721649484536,20220730_053000.WAV,Carp Pond
202,3.0,0.23,512,485,468,44,17,0,0.9140625,0.9649484536082474,20220730_053000.WAV,Carp Pond
203,3.0,0.24,509,485,467,42,18,0,0.9174852652259332,0.9628865979381444,20220730_053000.WAV,Carp Pond
204,3.0,0.25,506,485,465,41,20,0,0.9189723320158103,0.9587628865979382,20220730_053000.WAV,Carp Pond
205,3.0,0.26,505,485,464,41,21,0,0.9188118811881189,0.9567010309278351,20220730_053000.WAV,Carp Pond
206,3.0,0.27,501,485,461,40,24,0,0.9201596806387226,0.9505154639175257,20220730_053000.WAV,Carp Pond
207,3.0,0.28,498,485,459,39,26,0,0.9216867469879518,0.9463917525773196,20220730_053000.WAV,Carp Pond
208,3.0,0.29,492,485,455,37,30,0,0.9247967479674797,0.9381443298969072,20220730_053000.WAV,Carp Pond
209,3.0,0.3,481,485,450,31,35,0,0.9355509355509356,0.9278350515463918,20220730_053000.WAV,Carp Pond
210,3.0,0.31,473,485,445,28,40,0,0.9408033826638478,0.9175257731958762,20220730_053000.WAV,Carp Pond
211,3.0,0.32,471,485,443,28,42,0,0.940552016985138,0.9134020618556701,20220730_053000.WAV,Carp Pond
212,3.0,0.33,466,485,439,27,46,0,0.9420600858369099,0.9051546391752577,20220730_053000.WAV,Carp Pond
213,3.0,0.34,462,485,436,26,49,0,0.9437229437229437,0.8989690721649485,20220730_053000.WAV,Carp Pond
214,3.0,0.35,456,485,432,24,53,0,0.9473684210526315,0.8907216494845361,20220730_053000.WAV,Carp Pond
215,3.0,0.36,451,485,428,23,57,0,0.9490022172949002,0.8824742268041237,20220730_053000.WAV,Carp Pond
216,3.0,0.37,442,485,421,21,64,0,0.9524886877828054,0.8680412371134021,20220730_053000.WAV,Carp Pond
217,3.0,0.38,429,485,411,18,74,0,0.958041958041958,0.8474226804123711,20220730_053000.WAV,Carp Pond
218,3.0,0.39,424,485,408,16,77,0,0.9622641509433962,0.8412371134020619,20220730_053000.WAV,Carp Pond
219,3.0,0.4,414,485,399,15,86,0,0.9637681159420289,0.822680412371134,20220730_053000.WAV,Carp Pond
220,3.0,0.41,397,485,383,14,102,0,0.964735516372796,0.7896907216494845,20220730_053000.WAV,Carp Pond
221,3.0,0.42,385,485,373,12,112,0,0.9688311688311688,0.7690721649484537,20220730_053000.WAV,Carp Pond
222,3.0,0.43,373,485,363,10,122,0,0.9731903485254692,0.7484536082474227,20220730_053000.WAV,Carp Pond
223,3.0,0.44,363,485,353,10,132,0,0.9724517906336089,0.7278350515463917,20220730_053000.WAV,Carp Pond
224,3.0,0.45,346,485,337,9,148,0,0.9739884393063584,0.6948453608247422,20220730_053000.WAV,Carp Pond
225,3.0,0.46,330,485,321,9,164,0,0.9727272727272728,0.6618556701030928,20220730_053000.WAV,Carp Pond
226,3.0,0.47,315,485,311,4,174,0,0.9873015873015873,0.6412371134020619,20220730_053000.WAV,Carp Pond
227,3.0,0.48,294,485,290,4,195,0,0.9863945578231292,0.5979381443298969,20220730_053000.WAV,Carp Pond
228,3.0,0.49,275,485,274,1,211,0,0.9963636363636363,0.5649484536082474,20220730_053000.WAV,Carp Pond
229,3.0,0.5,265,485,265,0,220,0,1.0,0.5463917525773195,20220730_053000.WAV,Carp Pond
230,3.0,0.51,250,485,250,0,235,0,1.0,0.5154639175257731,20220730_053000.WAV,Carp Pond
231,3.0,0.52,223,485,223,0,262,0,1.0,0.45979381443298967,20220730_053000.WAV,Carp Pond
232,3.0,0.53,201,485,201,0,284,0,1.0,0.4144329896907217,20220730_053000.WAV,Carp Pond
233,3.0,0.54,181,485,181,0,304,0,1.0,0.3731958762886598,20220730_053000.WAV,Carp Pond
234,3.0,0.55,158,485,158,0,327,0,1.0,0.32577319587628867,20220730_053000.WAV,Carp Pond
235,3.0,0.56,137,485,137,0,348,0,1.0,0.2824742268041237,20220730_053000.WAV,Carp Pond
236,3.0,0.57,119,485,119,0,366,0,1.0,0.24536082474226803,20220730_053000.WAV,Carp Pond
237,3.0,0.58,97,485,97,0,388,0,1.0,0.2,20220730_053000.WAV,Carp Pond
238,3.0,0.59,79,485,79,0,406,0,1.0,0.16288659793814433,20220730_053000.WAV,Carp Pond
239,3.0,0.6,66,485,66,0,419,0,1.0,0.1360824742268041,20220730_053000.WAV,Carp Pond
240,4.0,0.01,467,428,425,42,3,0,0.9100642398286938,0.9929906542056075,20220730_053000.WAV,Carp Pond
241,4.0,0.02,467,428,425,42,3,0,0.9100642398286938,0.9929906542056075,20220730_053000.WAV,Carp Pond
242,4.0,0.03,465,428,425,40,3,0,0.9139784946236559,0.9929906542056075,20220730_053000.WAV,Carp Pond
243,4.0,0.04,465,428,425,40,3,0,0.9139784946236559,0.9929906542056075,20220730_053000.WAV,Carp Pond
244,4.0,0.05,464,428,425,39,3,0,0.915948275862069,0.9929906542056075,20220730_053000.WAV,Carp Pond
245,4.0,0.06,463,428,424,39,4,0,0.9157667386609071,0.9906542056074766,20220730_053000.WAV,Carp Pond
246,4.0,0.07,463,428,424,39,4,0,0.9157667386609071,0.9906542056074766,20220730_053000.WAV,Carp Pond
247,4.0,0.08,463,428,424,39,4,0,0.9157667386609071,0.9906542056074766,20220730_053000.WAV,Carp Pond
248,4.0,0.09,463,428,424,39,4,0,0.9157667386609071,0.9906542056074766,20220730_053000.WAV,Carp Pond
249,4.0,0.1,462,428,423,39,5,0,0.9155844155844156,0.9883177570093458,20220730_053000.WAV,Carp Pond
250,4.0,0.11,462,428,423,39,5,0,0.9155844155844156,0.9883177570093458,20220730_053000.WAV,Carp Pond
251,4.0,0.12,462,428,423,39,5,0,0.9155844155844156,0.9883177570093458,20220730_053000.WAV,Carp Pond
252,4.0,0.13,462,428,423,39,5,0,0.9155844155844156,0.9883177570093458,20220730_053000.WAV,Carp Pond
253,4.0,0.14,461,428,423,38,5,0,0.9175704989154013,0.9883177570093458,20220730_053000.WAV,Carp Pond
254,4.0,0.15,460,428,423,37,5,0,0.9195652173913044,0.9883177570093458,20220730_053000.WAV,Carp Pond
255,4.0,0.16,459,428,422,37,6,0,0.9193899782135077,0.985981308411215,20220730_053000.WAV,Carp Pond
256,4.0,0.17,459,428,422,37,6,0,0.9193899782135077,0.985981308411215,20220730_053000.WAV,Carp Pond
257,4.0,0.18,458,428,422,36,6,0,0.9213973799126638,0.985981308411215,20220730_053000.WAV,Carp Pond
258,4.0,0.19,456,428,421,35,7,0,0.9232456140350878,0.9836448598130841,20220730_053000.WAV,Carp Pond
259,4.0,0.2,456,428,421,35,7,0,0.9232456140350878,0.9836448598130841,20220730_053000.WAV,Carp Pond
260,4.0,0.21,454,428,421,33,7,0,0.9273127753303965,0.9836448598130841,20220730_053000.WAV,Carp Pond
261,4.0,0.22,454,428,421,33,7,0,0.9273127753303965,0.9836448598130841,20220730_053000.WAV,Carp Pond
262,4.0,0.23,453,428,420,33,8,0,0.9271523178807947,0.9813084112149533,20220730_053000.WAV,Carp Pond
263,4.0,0.24,452,428,419,33,9,0,0.9269911504424779,0.9789719626168224,20220730_053000.WAV,Carp Pond
264,4.0,0.25,450,428,417,33,11,0,0.9266666666666666,0.9742990654205608,20220730_053000.WAV,Carp Pond
265,4.0,0.26,449,428,416,33,12,0,0.9265033407572383,0.9719626168224299,20220730_053000.WAV,Carp Pond
266,4.0,0.27,445,428,413,32,15,0,0.9280898876404494,0.9649532710280374,20220730_053000.WAV,Carp Pond
267,4.0,0.28,443,428,411,32,17,0,0.927765237020316,0.9602803738317757,20220730_053000.WAV,Carp Pond
268,4.0,0.29,439,428,408,31,20,0,0.929384965831435,0.9532710280373832,20220730_053000.WAV,Carp Pond
269,4.0,0.3,435,428,406,29,22,0,0.9333333333333333,0.9485981308411215,20220730_053000.WAV,Carp Pond
270,4.0,0.31,430,428,401,29,27,0,0.9325581395348838,0.9369158878504673,20220730_053000.WAV,Carp Pond
271,4.0,0.32,429,428,401,28,27,0,0.9347319347319347,0.9369158878504673,20220730_053000.WAV,Carp Pond
272,4.0,0.33,426,428,399,27,29,0,0.9366197183098591,0.9322429906542056,20220730_053000.WAV,Carp Pond
273,4.0,0.34,423,428,396,27,32,0,0.9361702127659575,0.9252336448598131,20220730_053000.WAV,Carp Pond
274,4.0,0.35,418,428,393,25,35,0,0.9401913875598086,0.9182242990654206,20220730_053000.WAV,Carp Pond
275,4.0,0.36,414,428,390,24,38,0,0.9420289855072463,0.9112149532710281,20220730_053000.WAV,Carp Pond
276,4.0,0.37,408,428,384,24,44,0,0.9411764705882353,0.897196261682243,20220730_053000.WAV,Carp Pond
277,4.0,0.38,397,428,375,22,53,0,0.9445843828715366,0.8761682242990654,20220730_053000.WAV,Carp Pond
278,4.0,0.39,394,428,373,21,55,0,0.9467005076142132,0.8714953271028038,20220730_053000.WAV,Carp Pond
279,4.0,0.4,385,428,367,18,61,0,0.9532467532467532,0.8574766355140186,20220730_053000.WAV,Carp Pond
280,4.0,0.41,369,428,354,15,74,0,0.959349593495935,0.8271028037383178,20220730_053000.WAV,Carp Pond
281,4.0,0.42,360,428,345,15,83,0,0.9583333333333334,0.8060747663551402,20220730_053000.WAV,Carp Pond
282,4.0,0.43,350,428,336,14,92,0,0.96,0.7850467289719626,20220730_053000.WAV,Carp Pond
283,4.0,0.44,340,428,328,12,100,0,0.9647058823529412,0.7663551401869159,20220730_053000.WAV,Carp Pond
284,4.0,0.45,325,428,314,11,114,0,0.9661538461538461,0.7336448598130841,20220730_053000.WAV,Carp Pond
285,4.0,0.46,311,428,300,11,128,0,0.9646302250803859,0.7009345794392523,20220730_053000.WAV,Carp Pond
286,4.0,0.47,298,428,292,6,136,0,0.9798657718120806,0.6822429906542056,20220730_053000.WAV,Carp Pond
287,4.0,0.48,277,428,273,4,155,0,0.9855595667870036,0.6378504672897196,20220730_053000.WAV,Carp Pond
288,4.0,0.49,260,428,259,1,169,0,0.9961538461538462,0.6051401869158879,20220730_053000.WAV,Carp Pond
289,4.0,0.5,251,428,251,0,177,0,1.0,0.5864485981308412,20220730_053000.WAV,Carp Pond
290,4.0,0.51,238,428,238,0,190,0,1.0,0.5560747663551402,20220730_053000.WAV,Carp Pond
291,4.0,0.52,213,428,213,0,215,0,1.0,0.4976635514018692,20220730_053000.WAV,Carp Pond
292,4.0,0.53,194,428,194,0,234,0,1.0,0.4532710280373832,20220730_053000.WAV,Carp Pond
293,4.0,0.54,176,428,176,0,252,0,1.0,0.411214953271028,20220730_053000.WAV,Carp Pond
294,4.0,0.55,153,428,153,0,275,0,1.0,0.3574766355140187,20220730_053000.WAV,Carp Pond
295,4.0,0.56,133,428,133,0,295,0,1.0,0.3107476635514019,20220730_053000.WAV,Carp Pond
296,4.0,0.57,115,428,115,0,313,0,1.0,0.26869158878504673,20220730_053000.WAV,Carp Pond
297,4.0,0.58,93,428,93,0,335,0,1.0,0.21728971962616822,20220730_053000.WAV,Carp Pond
298,4.0,0.59,77,428,77,0,351,0,1.0,0.17990654205607476,20220730_053000.WAV,Carp Pond
299,4.0,0.6,65,428,65,0,363,0,1.0,0.15186915887850466,20220730_053000.WAV,Carp Pond
300,5.0,0.01,389,371,362,27,9,0,0.9305912596401028,0.9757412398921833,20220730_053000.WAV,Carp Pond
301,5.0,0.02,389,371,362,27,9,0,0.9305912596401028,0.9757412398921833,20220730_053000.WAV,Carp Pond
302,5.0,0.03,387,371,362,25,9,0,0.9354005167958657,0.9757412398921833,20220730_053000.WAV,Carp Pond
303,5.0,0.04,387,371,362,25,9,0,0.9354005167958657,0.9757412398921833,20220730_053000.WAV,Carp Pond
304,5.0,0.05,387,371,362,25,9,0,0.9354005167958657,0.9757412398921833,20220730_053000.WAV,Carp Pond
305,5.0,0.06,386,371,361,25,10,0,0.9352331606217616,0.9730458221024259,20220730_053000.WAV,Carp Pond
306,5.0,0.07,386,371,361,25,10,0,0.9352331606217616,0.9730458221024259,20220730_053000.WAV,Carp Pond
307,5.0,0.08,386,371,361,25,10,0,0.9352331606217616,0.9730458221024259,20220730_053000.WAV,Carp Pond
308,5.0,0.09,386,371,361,25,10,0,0.9352331606217616,0.9730458221024259,20220730_053000.WAV,Carp Pond
309,5.0,0.1,386,371,361,25,10,0,0.9352331606217616,0.9730458221024259,20220730_053000.WAV,Carp Pond
310,5.0,0.11,386,371,361,25,10,0,0.9352331606217616,0.9730458221024259,20220730_053000.WAV,Carp Pond
311,5.0,0.12,386,371,361,25,10,0,0.9352331606217616,0.9730458221024259,20220730_053000.WAV,Carp Pond
312,5.0,0.13,386,371,361,25,10,0,0.9352331606217616,0.9730458221024259,20220730_053000.WAV,Carp Pond
313,5.0,0.14,386,371,361,25,10,0,0.9352331606217616,0.9730458221024259,20220730_053000.WAV,Carp Pond
314,5.0,0.15,386,371,361,25,10,0,0.9352331606217616,0.9730458221024259,20220730_053000.WAV,Carp Pond
315,5.0,0.16,386,371,361,25,10,0,0.9352331606217616,0.9730458221024259,20220730_053000.WAV,Carp Pond
316,5.0,0.17,386,371,361,25,10,0,0.9352331606217616,0.9730458221024259,20220730_053000.WAV,Carp Pond
317,5.0,0.18,386,371,361,25,10,0,0.9352331606217616,0.9730458221024259,20220730_053000.WAV,Carp Pond
318,5.0,0.19,385,371,361,24,10,0,0.9376623376623376,0.9730458221024259,20220730_053000.WAV,Carp Pond
319,5.0,0.2,385,371,361,24,10,0,0.9376623376623376,0.9730458221024259,20220730_053000.WAV,Carp Pond
320,5.0,0.21,385,371,361,24,10,0,0.9376623376623376,0.9730458221024259,20220730_053000.WAV,Carp Pond
321,5.0,0.22,385,371,361,24,10,0,0.9376623376623376,0.9730458221024259,20220730_053000.WAV,Carp Pond
322,5.0,0.23,384,371,360,24,11,0,0.9375,0.9703504043126685,20220730_053000.WAV,Carp Pond
323,5.0,0.24,383,371,359,24,12,0,0.9373368146214099,0.967654986522911,20220730_053000.WAV,Carp Pond
324,5.0,0.25,381,371,358,23,13,0,0.9396325459317585,0.9649595687331537,20220730_053000.WAV,Carp Pond
325,5.0,0.26,380,371,357,23,14,0,0.9394736842105263,0.9622641509433962,20220730_053000.WAV,Carp Pond
326,5.0,0.27,379,371,356,23,15,0,0.9393139841688655,0.9595687331536388,20220730_053000.WAV,Carp Pond
327,5.0,0.28,377,371,354,23,17,0,0.9389920424403183,0.954177897574124,20220730_053000.WAV,Carp Pond
328,5.0,0.29,373,371,351,22,20,0,0.9410187667560321,0.9460916442048517,20220730_053000.WAV,Carp Pond
329,5.0,0.3,370,371,349,21,22,0,0.9432432432432433,0.9407008086253369,20220730_053000.WAV,Carp Pond
330,5.0,0.31,366,371,346,20,25,0,0.9453551912568307,0.9326145552560647,20220730_053000.WAV,Carp Pond
331,5.0,0.32,366,371,346,20,25,0,0.9453551912568307,0.9326145552560647,20220730_053000.WAV,Carp Pond
332,5.0,0.33,364,371,344,20,27,0,0.945054945054945,0.9272237196765498,20220730_053000.WAV,Carp Pond
333,5.0,0.34,362,371,342,20,29,0,0.9447513812154696,0.921832884097035,20220730_053000.WAV,Carp Pond
334,5.0,0.35,361,371,341,20,30,0,0.9445983379501385,0.9191374663072777,20220730_053000.WAV,Carp Pond
335,5.0,0.36,358,371,339,19,32,0,0.946927374301676,0.9137466307277629,20220730_053000.WAV,Carp Pond
336,5.0,0.37,353,371,335,18,36,0,0.9490084985835694,0.9029649595687331,20220730_053000.WAV,Carp Pond
337,5.0,0.38,345,371,327,18,44,0,0.9478260869565217,0.8814016172506739,20220730_053000.WAV,Carp Pond
338,5.0,0.39,344,371,326,18,45,0,0.9476744186046512,0.8787061994609164,20220730_053000.WAV,Carp Pond
339,5.0,0.4,337,371,321,16,50,0,0.9525222551928784,0.8652291105121294,20220730_053000.WAV,Carp Pond
340,5.0,0.41,324,371,309,15,62,0,0.9537037037037037,0.8328840970350404,20220730_053000.WAV,Carp Pond
341,5.0,0.42,315,371,301,14,70,0,0.9555555555555556,0.8113207547169812,20220730_053000.WAV,Carp Pond
342,5.0,0.43,309,371,295,14,76,0,0.9546925566343042,0.7951482479784366,20220730_053000.WAV,Carp Pond
343,5.0,0.44,302,371,288,14,83,0,0.9536423841059603,0.7762803234501348,20220730_053000.WAV,Carp Pond
344,5.0,0.45,288,371,278,10,93,0,0.9652777777777778,0.7493261455525606,20220730_053000.WAV,Carp Pond
345,5.0,0.46,276,371,266,10,105,0,0.9637681159420289,0.7169811320754716,20220730_053000.WAV,Carp Pond
346,5.0,0.47,269,371,261,8,110,0,0.9702602230483272,0.7035040431266847,20220730_053000.WAV,Carp Pond
347,5.0,0.48,249,371,246,3,125,0,0.9879518072289156,0.6630727762803235,20220730_053000.WAV,Carp Pond
348,5.0,0.49,235,371,235,0,136,0,1.0,0.633423180592992,20220730_053000.WAV,Carp Pond
349,5.0,0.5,227,371,227,0,144,0,1.0,0.6118598382749326,20220730_053000.WAV,Carp Pond
350,5.0,0.51,216,371,216,0,155,0,1.0,0.5822102425876011,20220730_053000.WAV,Carp Pond
351,5.0,0.52,194,371,194,0,177,0,1.0,0.522911051212938,20220730_053000.WAV,Carp Pond
352,5.0,0.53,177,371,177,0,194,0,1.0,0.477088948787062,20220730_053000.WAV,Carp Pond
353,5.0,0.54,160,371,160,0,211,0,1.0,0.431266846361186,20220730_053000.WAV,Carp Pond
354,5.0,0.55,140,371,140,0,231,0,1.0,0.37735849056603776,20220730_053000.WAV,Carp Pond
355,5.0,0.56,123,371,123,0,248,0,1.0,0.33153638814016173,20220730_053000.WAV,Carp Pond
356,5.0,0.57,107,371,107,0,264,0,1.0,0.2884097035040431,20220730_053000.WAV,Carp Pond
357,5.0,0.58,88,371,88,0,283,0,1.0,0.2371967654986523,20220730_053000.WAV,Carp Pond
358,5.0,0.59,73,371,73,0,298,0,1.0,0.1967654986522911,20220730_053000.WAV,Carp Pond
359,5.0,0.6,62,371,62,0,309,0,1.0,0.16711590296495957,20220730_053000.WAV,Carp Pond
360,6.0,0.01,332,314,309,23,5,0,0.9307228915662651,0.9840764331210191,20220730_053000.WAV,Carp Pond
361,6.0,0.02,332,314,309,23,5,0,0.9307228915662651,0.9840764331210191,20220730_053000.WAV,Carp Pond
362,6.0,0.03,331,314,309,22,5,0,0.9335347432024169,0.9840764331210191,20220730_053000.WAV,Carp Pond
363,6.0,0.04,331,314,309,22,5,0,0.9335347432024169,0.9840764331210191,20220730_053000.WAV,Carp Pond
364,6.0,0.05,331,314,309,22,5,0,0.9335347432024169,0.9840764331210191,20220730_053000.WAV,Carp Pond
365,6.0,0.06,331,314,309,22,5,0,0.9335347432024169,0.9840764331210191,20220730_053000.WAV,Carp Pond
366,6.0,0.07,331,314,309,22,5,0,0.9335347432024169,0.9840764331210191,20220730_053000.WAV,Carp Pond
367,6.0,0.08,331,314,309,22,5,0,0.9335347432024169,0.9840764331210191,20220730_053000.WAV,Carp Pond
368,6.0,0.09,331,314,309,22,5,0,0.9335347432024169,0.9840764331210191,20220730_053000.WAV,Carp Pond
369,6.0,0.1,331,314,309,22,5,0,0.9335347432024169,0.9840764331210191,20220730_053000.WAV,Carp Pond
370,6.0,0.11,331,314,309,22,5,0,0.9335347432024169,0.9840764331210191,20220730_053000.WAV,Carp Pond
371,6.0,0.12,331,314,309,22,5,0,0.9335347432024169,0.9840764331210191,20220730_053000.WAV,Carp Pond
372,6.0,0.13,331,314,309,22,5,0,0.9335347432024169,0.9840764331210191,20220730_053000.WAV,Carp Pond
373,6.0,0.14,331,314,309,22,5,0,0.9335347432024169,0.9840764331210191,20220730_053000.WAV,Carp Pond
374,6.0,0.15,331,314,309,22,5,0,0.9335347432024169,0.9840764331210191,20220730_053000.WAV,Carp Pond
375,6.0,0.16,331,314,309,22,5,0,0.9335347432024169,0.9840764331210191,20220730_053000.WAV,Carp Pond
376,6.0,0.17,331,314,309,22,5,0,0.9335347432024169,0.9840764331210191,20220730_053000.WAV,Carp Pond
377,6.0,0.18,331,314,309,22,5,0,0.9335347432024169,0.9840764331210191,20220730_053000.WAV,Carp Pond
378,6.0,0.19,331,314,309,22,5,0,0.9335347432024169,0.9840764331210191,20220730_053000.WAV,Carp Pond
379,6.0,0.2,331,314,309,22,5,0,0.9335347432024169,0.9840764331210191,20220730_053000.WAV,Carp Pond
380,6.0,0.21,331,314,309,22,5,0,0.9335347432024169,0.9840764331210191,20220730_053000.WAV,Carp Pond
381,6.0,0.22,331,314,309,22,5,0,0.9335347432024169,0.9840764331210191,20220730_053000.WAV,Carp Pond
382,6.0,0.23,331,314,309,22,5,0,0.9335347432024169,0.9840764331210191,20220730_053000.WAV,Carp Pond
383,6.0,0.24,330,314,309,21,5,0,0.9363636363636364,0.9840764331210191,20220730_053000.WAV,Carp Pond
384,6.0,0.25,329,314,308,21,6,0,0.9361702127659575,0.9808917197452229,20220730_053000.WAV,Carp Pond
385,6.0,0.26,329,314,308,21,6,0,0.9361702127659575,0.9808917197452229,20220730_053000.WAV,Carp Pond
386,6.0,0.27,328,314,307,21,7,0,0.9359756097560976,0.9777070063694268,20220730_053000.WAV,Carp Pond
387,6.0,0.28,327,314,307,20,7,0,0.9388379204892966,0.9777070063694268,20220730_053000.WAV,Carp Pond
388,6.0,0.29,325,314,305,20,9,0,0.9384615384615385,0.9713375796178344,20220730_053000.WAV,Carp Pond
389,6.0,0.3,323,314,303,20,11,0,0.9380804953560371,0.964968152866242,20220730_053000.WAV,Carp Pond
390,6.0,0.31,321,314,302,19,12,0,0.940809968847352,0.9617834394904459,20220730_053000.WAV,Carp Pond
391,6.0,0.32,321,314,302,19,12,0,0.940809968847352,0.9617834394904459,20220730_053000.WAV,Carp Pond
392,6.0,0.33,319,314,300,19,14,0,0.9404388714733543,0.9554140127388535,20220730_053000.WAV,Carp Pond
393,6.0,0.34,317,314,298,19,16,0,0.9400630914826499,0.9490445859872612,20220730_053000.WAV,Carp Pond
394,6.0,0.35,316,314,297,19,17,0,0.939873417721519,0.945859872611465,20220730_053000.WAV,Carp Pond
395,6.0,0.36,315,314,296,19,18,0,0.9396825396825397,0.9426751592356688,20220730_053000.WAV,Carp Pond
396,6.0,0.37,311,314,293,18,21,0,0.9421221864951769,0.9331210191082803,20220730_053000.WAV,Carp Pond
397,6.0,0.38,303,314,285,18,29,0,0.9405940594059405,0.9076433121019108,20220730_053000.WAV,Carp Pond
398,6.0,0.39,302,314,284,18,30,0,0.9403973509933775,0.9044585987261147,20220730_053000.WAV,Carp Pond
399,6.0,0.4,296,314,282,14,32,0,0.9527027027027027,0.8980891719745223,20220730_053000.WAV,Carp Pond
400,6.0,0.41,285,314,273,12,41,0,0.9578947368421052,0.8694267515923567,20220730_053000.WAV,Carp Pond
401,6.0,0.42,276,314,266,10,48,0,0.9637681159420289,0.8471337579617835,20220730_053000.WAV,Carp Pond
402,6.0,0.43,270,314,260,10,54,0,0.9629629629629629,0.8280254777070064,20220730_053000.WAV,Carp Pond
403,6.0,0.44,263,314,253,10,61,0,0.9619771863117871,0.8057324840764332,20220730_053000.WAV,Carp Pond
404,6.0,0.45,254,314,246,8,68,0,0.968503937007874,0.7834394904458599,20220730_053000.WAV,Carp Pond
405,6.0,0.46,243,314,235,8,79,0,0.9670781893004116,0.7484076433121019,20220730_053000.WAV,Carp Pond
406,6.0,0.47,237,314,230,7,84,0,0.9704641350210971,0.732484076433121,20220730_053000.WAV,Carp Pond
407,6.0,0.48,222,314,218,4,96,0,0.9819819819819819,0.6942675159235668,20220730_053000.WAV,Carp Pond
408,6.0,0.49,211,314,211,0,103,0,1.0,0.6719745222929936,20220730_053000.WAV,Carp Pond
409,6.0,0.5,203,314,203,0,111,0,1.0,0.6464968152866242,20220730_053000.WAV,Carp Pond
410,6.0,0.51,193,314,193,0,121,0,1.0,0.6146496815286624,20220730_053000.WAV,Carp Pond
411,6.0,0.52,175,314,175,0,139,0,1.0,0.5573248407643312,20220730_053000.WAV,Carp Pond
412,6.0,0.53,160,314,160,0,154,0,1.0,0.5095541401273885,20220730_053000.WAV,Carp Pond
413,6.0,0.54,147,314,147,0,167,0,1.0,0.4681528662420382,20220730_053000.WAV,Carp Pond
414,6.0,0.55,129,314,129,0,185,0,1.0,0.410828025477707,20220730_053000.WAV,Carp Pond
415,6.0,0.56,113,314,113,0,201,0,1.0,0.35987261146496813,20220730_053000.WAV,Carp Pond
416,6.0,0.57,98,314,98,0,216,0,1.0,0.31210191082802546,20220730_053000.WAV,Carp Pond
417,6.0,0.58,82,314,82,0,232,0,1.0,0.2611464968152866,20220730_053000.WAV,Carp Pond
418,6.0,0.59,70,314,70,0,244,0,1.0,0.2229299363057325,20220730_053000.WAV,Carp Pond
419,6.0,0.6,60,314,60,0,254,0,1.0,0.1910828025477707,20220730_053000.WAV,Carp Pond
420,7.0,0.01,271,259,256,15,3,0,0.9446494464944649,0.9884169884169884,20220730_053000.WAV,Carp Pond
421,7.0,0.02,271,259,256,15,3,0,0.9446494464944649,0.9884169884169884,20220730_053000.WAV,Carp Pond
422,7.0,0.03,270,259,256,14,3,0,0.9481481481481482,0.9884169884169884,20220730_053000.WAV,Carp Pond
423,7.0,0.04,270,259,256,14,3,0,0.9481481481481482,0.9884169884169884,20220730_053000.WAV,Carp Pond
424,7.0,0.05,270,259,256,14,3,0,0.9481481481481482,0.9884169884169884,20220730_053000.WAV,Carp Pond
425,7.0,0.06,270,259,256,14,3,0,0.9481481481481482,0.9884169884169884,20220730_053000.WAV,Carp Pond
426,7.0,0.07,270,259,256,14,3,0,0.9481481481481482,0.9884169884169884,20220730_053000.WAV,Carp Pond
427,7.0,0.08,270,259,256,14,3,0,0.9481481481481482,0.9884169884169884,20220730_053000.WAV,Carp Pond
428,7.0,0.09,270,259,256,14,3,0,0.9481481481481482,0.9884169884169884,20220730_053000.WAV,Carp Pond
429,7.0,0.1,270,259,256,14,3,0,0.9481481481481482,0.9884169884169884,20220730_053000.WAV,Carp Pond
430,7.0,0.11,270,259,256,14,3,0,0.9481481481481482,0.9884169884169884,20220730_053000.WAV,Carp Pond
431,7.0,0.12,270,259,256,14,3,0,0.9481481481481482,0.9884169884169884,20220730_053000.WAV,Carp Pond
432,7.0,0.13,270,259,256,14,3,0,0.9481481481481482,0.9884169884169884,20220730_053000.WAV,Carp Pond
433,7.0,0.14,270,259,256,14,3,0,0.9481481481481482,0.9884169884169884,20220730_053000.WAV,Carp Pond
434,7.0,0.15,270,259,256,14,3,0,0.9481481481481482,0.9884169884169884,20220730_053000.WAV,Carp Pond
435,7.0,0.16,270,259,256,14,3,0,0.9481481481481482,0.9884169884169884,20220730_053000.WAV,Carp Pond
436,7.0,0.17,270,259,256,14,3,0,0.9481481481481482,0.9884169884169884,20220730_053000.WAV,Carp Pond
437,7.0,0.18,270,259,256,14,3,0,0.9481481481481482,0.9884169884169884,20220730_053000.WAV,Carp Pond
438,7.0,0.19,270,259,256,14,3,0,0.9481481481481482,0.9884169884169884,20220730_053000.WAV,Carp Pond
439,7.0,0.2,270,259,256,14,3,0,0.9481481481481482,0.9884169884169884,20220730_053000.WAV,Carp Pond
440,7.0,0.21,270,259,256,14,3,0,0.9481481481481482,0.9884169884169884,20220730_053000.WAV,Carp Pond
441,7.0,0.22,270,259,256,14,3,0,0.9481481481481482,0.9884169884169884,20220730_053000.WAV,Carp Pond
442,7.0,0.23,270,259,256,14,3,0,0.9481481481481482,0.9884169884169884,20220730_053000.WAV,Carp Pond
443,7.0,0.24,270,259,256,14,3,0,0.9481481481481482,0.9884169884169884,20220730_053000.WAV,Carp Pond
444,7.0,0.25,269,259,255,14,4,0,0.9479553903345725,0.9845559845559846,20220730_053000.WAV,Carp Pond
445,7.0,0.26,269,259,255,14,4,0,0.9479553903345725,0.9845559845559846,20220730_053000.WAV,Carp Pond
446,7.0,0.27,268,259,255,13,4,0,0.9514925373134329,0.9845559845559846,20220730_053000.WAV,Carp Pond
447,7.0,0.28,268,259,255,13,4,0,0.9514925373134329,0.9845559845559846,20220730_053000.WAV,Carp Pond
448,7.0,0.29,266,259,253,13,6,0,0.9511278195488722,0.9768339768339769,20220730_053000.WAV,Carp Pond
449,7.0,0.3,265,259,252,13,7,0,0.9509433962264151,0.972972972972973,20220730_053000.WAV,Carp Pond
450,7.0,0.31,264,259,251,13,8,0,0.9507575757575758,0.9691119691119691,20220730_053000.WAV,Carp Pond
451,7.0,0.32,264,259,251,13,8,0,0.9507575757575758,0.9691119691119691,20220730_053000.WAV,Carp Pond
452,7.0,0.33,262,259,249,13,10,0,0.950381679389313,0.9613899613899614,20220730_053000.WAV,Carp Pond
453,7.0,0.34,260,259,247,13,12,0,0.95,0.9536679536679536,20220730_053000.WAV,Carp Pond
454,7.0,0.35,259,259,246,13,13,0,0.9498069498069498,0.9498069498069498,20220730_053000.WAV,Carp Pond
455,7.0,0.36,258,259,245,13,14,0,0.9496124031007752,0.9459459459459459,20220730_053000.WAV,Carp Pond
456,7.0,0.37,254,259,242,12,17,0,0.952755905511811,0.9343629343629344,20220730_053000.WAV,Carp Pond
457,7.0,0.38,246,259,235,11,24,0,0.9552845528455285,0.9073359073359073,20220730_053000.WAV,Carp Pond
458,7.0,0.39,245,259,234,11,25,0,0.9551020408163265,0.9034749034749034,20220730_053000.WAV,Carp Pond
459,7.0,0.4,241,259,232,9,27,0,0.9626556016597511,0.8957528957528957,20220730_053000.WAV,Carp Pond
460,7.0,0.41,233,259,226,7,33,0,0.9699570815450643,0.8725868725868726,20220730_053000.WAV,Carp Pond
461,7.0,0.42,225,259,219,6,40,0,0.9733333333333334,0.8455598455598455,20220730_053000.WAV,Carp Pond
462,7.0,0.43,221,259,215,6,44,0,0.9728506787330317,0.8301158301158301,20220730_053000.WAV,Carp Pond
463,7.0,0.44,214,259,208,6,51,0,0.9719626168224299,0.803088803088803,20220730_053000.WAV,Carp Pond
464,7.0,0.45,206,259,201,5,58,0,0.9757281553398058,0.7760617760617761,20220730_053000.WAV,Carp Pond
465,7.0,0.46,197,259,193,4,66,0,0.9796954314720813,0.7451737451737451,20220730_053000.WAV,Carp Pond
466,7.0,0.47,192,259,188,4,71,0,0.9791666666666666,0.7258687258687259,20220730_053000.WAV,Carp Pond
467,7.0,0.48,181,259,179,2,80,0,0.988950276243094,0.6911196911196911,20220730_053000.WAV,Carp Pond
468,7.0,0.49,173,259,173,0,86,0,1.0,0.667953667953668,20220730_053000.WAV,Carp Pond
469,7.0,0.5,166,259,166,0,93,0,1.0,0.640926640926641,20220730_053000.WAV,Carp Pond
470,7.0,0.51,158,259,158,0,101,0,1.0,0.61003861003861,20220730_053000.WAV,Carp Pond
471,7.0,0.52,146,259,146,0,113,0,1.0,0.5637065637065637,20220730_053000.WAV,Carp Pond
472,7.0,0.53,135,259,135,0,124,0,1.0,0.5212355212355212,20220730_053000.WAV,Carp Pond
473,7.0,0.54,125,259,125,0,134,0,1.0,0.4826254826254826,20220730_053000.WAV,Carp Pond
474,7.0,0.55,112,259,112,0,147,0,1.0,0.43243243243243246,20220730_053000.WAV,Carp Pond
475,7.0,0.56,100,259,100,0,159,0,1.0,0.3861003861003861,20220730_053000.WAV,Carp Pond
476,7.0,0.57,86,259,86,0,173,0,1.0,0.33204633204633205,20220730_053000.WAV,Carp Pond
477,7.0,0.58,72,259,72,0,187,0,1.0,0.277992277992278,20220730_053000.WAV,Carp Pond
478,7.0,0.59,61,259,61,0,198,0,1.0,0.23552123552123552,20220730_053000.WAV,Carp Pond
479,7.0,0.6,52,259,52,0,207,0,1.0,0.20077220077220076,20220730_053000.WAV,Carp Pond
480,8.0,0.01,230,216,216,14,0,0,0.9391304347826087,1.0,20220730_053000.WAV,Carp Pond
481,8.0,0.02,230,216,216,14,0,0,0.9391304347826087,1.0,20220730_053000.WAV,Carp Pond
482,8.0,0.03,229,216,216,13,0,0,0.9432314410480349,1.0,20220730_053000.WAV,Carp Pond
483,8.0,0.04,229,216,216,13,0,0,0.9432314410480349,1.0,20220730_053000.WAV,Carp Pond
484,8.0,0.05,229,216,216,13,0,0,0.9432314410480349,1.0,20220730_053000.WAV,Carp Pond
485,8.0,0.06,229,216,216,13,0,0,0.9432314410480349,1.0,20220730_053000.WAV,Carp Pond
486,8.0,0.07,229,216,216,13,0,0,0.9432314410480349,1.0,20220730_053000.WAV,Carp Pond
487,8.0,0.08,229,216,216,13,0,0,0.9432314410480349,1.0,20220730_053000.WAV,Carp Pond
488,8.0,0.09,229,216,216,13,0,0,0.9432314410480349,1.0,20220730_053000.WAV,Carp Pond
489,8.0,0.1,229,216,216,13,0,0,0.9432314410480349,1.0,20220730_053000.WAV,Carp Pond
490,8.0,0.11,229,216,216,13,0,0,0.9432314410480349,1.0,20220730_053000.WAV,Carp Pond
491,8.0,0.12,229,216,216,13,0,0,0.9432314410480349,1.0,20220730_053000.WAV,Carp Pond
492,8.0,0.13,229,216,216,13,0,0,0.9432314410480349,1.0,20220730_053000.WAV,Carp Pond
493,8.0,0.14,229,216,216,13,0,0,0.9432314410480349,1.0,20220730_053000.WAV,Carp Pond
494,8.0,0.15,229,216,216,13,0,0,0.9432314410480349,1.0,20220730_053000.WAV,Carp Pond
495,8.0,0.16,229,216,216,13,0,0,0.9432314410480349,1.0,20220730_053000.WAV,Carp Pond
496,8.0,0.17,229,216,216,13,0,0,0.9432314410480349,1.0,20220730_053000.WAV,Carp Pond
497,8.0,0.18,229,216,216,13,0,0,0.9432314410480349,1.0,20220730_053000.WAV,Carp Pond
498,8.0,0.19,229,216,216,13,0,0,0.9432314410480349,1.0,20220730_053000.WAV,Carp Pond
499,8.0,0.2,229,216,216,13,0,0,0.9432314410480349,1.0,20220730_053000.WAV,Carp Pond
500,8.0,0.21,229,216,216,13,0,0,0.9432314410480349,1.0,20220730_053000.WAV,Carp Pond
501,8.0,0.22,229,216,216,13,0,0,0.9432314410480349,1.0,20220730_053000.WAV,Carp Pond
502,8.0,0.23,229,216,216,13,0,0,0.9432314410480349,1.0,20220730_053000.WAV,Carp Pond
503,8.0,0.24,229,216,216,13,0,0,0.9432314410480349,1.0,20220730_053000.WAV,Carp Pond
504,8.0,0.25,228,216,215,13,1,0,0.9429824561403509,0.9953703703703703,20220730_053000.WAV,Carp Pond
505,8.0,0.26,228,216,215,13,1,0,0.9429824561403509,0.9953703703703703,20220730_053000.WAV,Carp Pond
506,8.0,0.27,228,216,215,13,1,0,0.9429824561403509,0.9953703703703703,20220730_053000.WAV,Carp Pond
507,8.0,0.28,228,216,215,13,1,0,0.9429824561403509,0.9953703703703703,20220730_053000.WAV,Carp Pond
508,8.0,0.29,226,216,214,12,2,0,0.9469026548672567,0.9907407407407407,20220730_053000.WAV,Carp Pond
509,8.0,0.3,225,216,213,12,3,0,0.9466666666666667,0.9861111111111112,20220730_053000.WAV,Carp Pond
510,8.0,0.31,224,216,212,12,4,0,0.9464285714285714,0.9814814814814815,20220730_053000.WAV,Carp Pond
511,8.0,0.32,224,216,212,12,4,0,0.9464285714285714,0.9814814814814815,20220730_053000.WAV,Carp Pond
512,8.0,0.33,223,216,211,12,5,0,0.9461883408071748,0.9768518518518519,20220730_053000.WAV,Carp Pond
513,8.0,0.34,222,216,210,12,6,0,0.9459459459459459,0.9722222222222222,20220730_053000.WAV,Carp Pond
514,8.0,0.35,221,216,209,12,7,0,0.9457013574660633,0.9675925925925926,20220730_053000.WAV,Carp Pond
515,8.0,0.36,220,216,208,12,8,0,0.9454545454545454,0.9629629629629629,20220730_053000.WAV,Carp Pond
516,8.0,0.37,217,216,206,11,10,0,0.9493087557603687,0.9537037037037037,20220730_053000.WAV,Carp Pond
517,8.0,0.38,211,216,201,10,15,0,0.95260663507109,0.9305555555555556,20220730_053000.WAV,Carp Pond
518,8.0,0.39,210,216,200,10,16,0,0.9523809523809523,0.9259259259259259,20220730_053000.WAV,Carp Pond
519,8.0,0.4,208,216,198,10,18,0,0.9519230769230769,0.9166666666666666,20220730_053000.WAV,Carp Pond
520,8.0,0.41,201,216,193,8,23,0,0.9601990049751243,0.8935185185185185,20220730_053000.WAV,Carp Pond
521,8.0,0.42,193,216,186,7,30,0,0.9637305699481865,0.8611111111111112,20220730_053000.WAV,Carp Pond
522,8.0,0.43,189,216,182,7,34,0,0.9629629629629629,0.8425925925925926,20220730_053000.WAV,Carp Pond
523,8.0,0.44,182,216,176,6,40,0,0.967032967032967,0.8148148148148148,20220730_053000.WAV,Carp Pond
524,8.0,0.45,174,216,170,4,46,0,0.9770114942528736,0.7870370370370371,20220730_053000.WAV,Carp Pond
525,8.0,0.46,166,216,162,4,54,0,0.9759036144578314,0.75,20220730_053000.WAV,Carp Pond
526,8.0,0.47,163,216,159,4,57,0,0.9754601226993865,0.7361111111111112,20220730_053000.WAV,Carp Pond
527,8.0,0.48,154,216,151,3,65,0,0.9805194805194806,0.6990740740740741,20220730_053000.WAV,Carp Pond
528,8.0,0.49,149,216,147,2,69,0,0.9865771812080537,0.6805555555555556,20220730_053000.WAV,Carp Pond
529,8.0,0.5,142,216,142,0,74,0,1.0,0.6574074074074074,20220730_053000.WAV,Carp Pond
530,8.0,0.51,137,216,137,0,79,0,1.0,0.6342592592592593,20220730_053000.WAV,Carp Pond
531,8.0,0.52,128,216,128,0,88,0,1.0,0.5925925925925926,20220730_053000.WAV,Carp Pond
532,8.0,0.53,117,216,117,0,99,0,1.0,0.5416666666666666,20220730_053000.WAV,Carp Pond
533,8.0,0.54,108,216,108,0,108,0,1.0,0.5,20220730_053000.WAV,Carp Pond
534,8.0,0.55,97,216,97,0,119,0,1.0,0.44907407407407407,20220730_053000.WAV,Carp Pond
535,8.0,0.56,88,216,88,0,128,0,1.0,0.4074074074074074,20220730_053000.WAV,Carp Pond
536,8.0,0.57,75,216,75,0,141,0,1.0,0.3472222222222222,20220730_053000.WAV,Carp Pond
537,8.0,0.58,64,216,64,0,152,0,1.0,0.2962962962962963,20220730_053000.WAV,Carp Pond
538,8.0,0.59,53,216,53,0,163,0,1.0,0.24537037037037038,20220730_053000.WAV,Carp Pond
539,8.0,0.6,45,216,45,0,171,0,1.0,0.20833333333333334,20220730_053000.WAV,Carp Pond
540,9.0,0.01,193,178,178,15,0,0,0.9222797927461139,1.0,20220730_053000.WAV,Carp Pond
541,9.0,0.02,193,178,178,15,0,0,0.9222797927461139,1.0,20220730_053000.WAV,Carp Pond
542,9.0,0.03,192,178,178,14,0,0,0.9270833333333334,1.0,20220730_053000.WAV,Carp Pond
543,9.0,0.04,192,178,178,14,0,0,0.9270833333333334,1.0,20220730_053000.WAV,Carp Pond
544,9.0,0.05,192,178,178,14,0,0,0.9270833333333334,1.0,20220730_053000.WAV,Carp Pond
545,9.0,0.06,192,178,178,14,0,0,0.9270833333333334,1.0,20220730_053000.WAV,Carp Pond
546,9.0,0.07,192,178,178,14,0,0,0.9270833333333334,1.0,20220730_053000.WAV,Carp Pond
547,9.0,0.08,192,178,178,14,0,0,0.9270833333333334,1.0,20220730_053000.WAV,Carp Pond
548,9.0,0.09,192,178,178,14,0,0,0.9270833333333334,1.0,20220730_053000.WAV,Carp Pond
549,9.0,0.1,192,178,178,14,0,0,0.9270833333333334,1.0,20220730_053000.WAV,Carp Pond
550,9.0,0.11,192,178,178,14,0,0,0.9270833333333334,1.0,20220730_053000.WAV,Carp Pond
551,9.0,0.12,192,178,178,14,0,0,0.9270833333333334,1.0,20220730_053000.WAV,Carp Pond
552,9.0,0.13,192,178,178,14,0,0,0.9270833333333334,1.0,20220730_053000.WAV,Carp Pond
553,9.0,0.14,192,178,178,14,0,0,0.9270833333333334,1.0,20220730_053000.WAV,Carp Pond
554,9.0,0.15,192,178,178,14,0,0,0.9270833333333334,1.0,20220730_053000.WAV,Carp Pond
555,9.0,0.16,192,178,178,14,0,0,0.9270833333333334,1.0,20220730_053000.WAV,Carp Pond
556,9.0,0.17,192,178,178,14,0,0,0.9270833333333334,1.0,20220730_053000.WAV,Carp Pond
557,9.0,0.18,192,178,178,14,0,0,0.9270833333333334,1.0,20220730_053000.WAV,Carp Pond
558,9.0,0.19,192,178,178,14,0,0,0.9270833333333334,1.0,20220730_053000.WAV,Carp Pond
559,9.0,0.2,192,178,178,14,0,0,0.9270833333333334,1.0,20220730_053000.WAV,Carp Pond
560,9.0,0.21,192,178,178,14,0,0,0.9270833333333334,1.0,20220730_053000.WAV,Carp Pond
561,9.0,0.22,192,178,178,14,0,0,0.9270833333333334,1.0,20220730_053000.WAV,Carp Pond
562,9.0,0.23,192,178,178,14,0,0,0.9270833333333334,1.0,20220730_053000.WAV,Carp Pond
563,9.0,0.24,192,178,178,14,0,0,0.9270833333333334,1.0,20220730_053000.WAV,Carp Pond
564,9.0,0.25,191,178,177,14,1,0,0.9267015706806283,0.9943820224719101,20220730_053000.WAV,Carp Pond
565,9.0,0.26,191,178,177,14,1,0,0.9267015706806283,0.9943820224719101,20220730_053000.WAV,Carp Pond
566,9.0,0.27,191,178,177,14,1,0,0.9267015706806283,0.9943820224719101,20220730_053000.WAV,Carp Pond
567,9.0,0.28,191,178,177,14,1,0,0.9267015706806283,0.9943820224719101,20220730_053000.WAV,Carp Pond
568,9.0,0.29,190,178,176,14,2,0,0.9263157894736842,0.9887640449438202,20220730_053000.WAV,Carp Pond
569,9.0,0.3,189,178,175,14,3,0,0.9259259259259259,0.9831460674157303,20220730_053000.WAV,Carp Pond
570,9.0,0.31,188,178,174,14,4,0,0.925531914893617,0.9775280898876404,20220730_053000.WAV,Carp Pond
571,9.0,0.32,188,178,174,14,4,0,0.925531914893617,0.9775280898876404,20220730_053000.WAV,Carp Pond
572,9.0,0.33,187,178,173,14,5,0,0.9251336898395722,0.9719101123595506,20220730_053000.WAV,Carp Pond
573,9.0,0.34,186,178,172,14,6,0,0.9247311827956989,0.9662921348314607,20220730_053000.WAV,Carp Pond
574,9.0,0.35,185,178,171,14,7,0,0.9243243243243243,0.9606741573033708,20220730_053000.WAV,Carp Pond
575,9.0,0.36,184,178,170,14,8,0,0.9239130434782609,0.9550561797752809,20220730_053000.WAV,Carp Pond
576,9.0,0.37,181,178,168,13,10,0,0.9281767955801105,0.9438202247191011,20220730_053000.WAV,Carp Pond
577,9.0,0.38,177,178,165,12,13,0,0.9322033898305084,0.9269662921348315,20220730_053000.WAV,Carp Pond
578,9.0,0.39,176,178,165,11,13,0,0.9375,0.9269662921348315,20220730_053000.WAV,Carp Pond
579,9.0,0.4,174,178,163,11,15,0,0.9367816091954023,0.9157303370786517,20220730_053000.WAV,Carp Pond
580,9.0,0.41,168,178,159,9,19,0,0.9464285714285714,0.8932584269662921,20220730_053000.WAV,Carp Pond
581,9.0,0.42,160,178,152,8,26,0,0.95,0.8539325842696629,20220730_053000.WAV,Carp Pond
582,9.0,0.43,156,178,148,8,30,0,0.9487179487179487,0.8314606741573034,20220730_053000.WAV,Carp Pond
583,9.0,0.44,150,178,144,6,34,0,0.96,0.8089887640449438,20220730_053000.WAV,Carp Pond
584,9.0,0.45,143,178,140,3,38,0,0.9790209790209791,0.7865168539325843,20220730_053000.WAV,Carp Pond
585,9.0,0.46,137,178,134,3,44,0,0.9781021897810219,0.7528089887640449,20220730_053000.WAV,Carp Pond
586,9.0,0.47,134,178,131,3,47,0,0.9776119402985075,0.7359550561797753,20220730_053000.WAV,Carp Pond
587,9.0,0.48,125,178,123,2,55,0,0.984,0.6910112359550562,20220730_053000.WAV,Carp Pond
588,9.0,0.49,121,178,121,0,57,0,1.0,0.6797752808988764,20220730_053000.WAV,Carp Pond
589,9.0,0.5,116,178,116,0,62,0,1.0,0.651685393258427,20220730_053000.WAV,Carp Pond
590,9.0,0.51,112,178,112,0,66,0,1.0,0.6292134831460674,20220730_053000.WAV,Carp Pond
591,9.0,0.52,105,178,105,0,73,0,1.0,0.5898876404494382,20220730_053000.WAV,Carp Pond
592,9.0,0.53,96,178,96,0,82,0,1.0,0.5393258426966292,20220730_053000.WAV,Carp Pond
593,9.0,0.54,88,178,88,0,90,0,1.0,0.4943820224719101,20220730_053000.WAV,Carp Pond
594,9.0,0.55,78,178,78,0,100,0,1.0,0.43820224719101125,20220730_053000.WAV,Carp Pond
595,9.0,0.56,72,178,72,0,106,0,1.0,0.4044943820224719,20220730_053000.WAV,Carp Pond
596,9.0,0.57,60,178,60,0,118,0,1.0,0.33707865168539325,20220730_053000.WAV,Carp Pond
597,9.0,0.58,54,178,54,0,124,0,1.0,0.30337078651685395,20220730_053000.WAV,Carp Pond
598,9.0,0.59,46,178,46,0,132,0,1.0,0.25842696629213485,20220730_053000.WAV,Carp Pond
599,9.0,0.6,38,178,38,0,140,0,1.0,0.21348314606741572,20220730_053000.WAV,Carp Pond
600,10.0,0.01,160,150,147,13,3,0,0.91875,0.98,20220730_053000.WAV,Carp Pond
601,10.0,0.02,160,150,147,13,3,0,0.91875,0.98,20220730_053000.WAV,Carp Pond
602,10.0,0.03,159,150,147,12,3,0,0.9245283018867925,0.98,20220730_053000.WAV,Carp Pond
603,10.0,0.04,159,150,147,12,3,0,0.9245283018867925,0.98,20220730_053000.WAV,Carp Pond
604,10.0,0.05,159,150,147,12,3,0,0.9245283018867925,0.98,20220730_053000.WAV,Carp Pond
605,10.0,0.06,159,150,147,12,3,0,0.9245283018867925,0.98,20220730_053000.WAV,Carp Pond
606,10.0,0.07,159,150,147,12,3,0,0.9245283018867925,0.98,20220730_053000.WAV,Carp Pond
607,10.0,0.08,159,150,147,12,3,0,0.9245283018867925,0.98,20220730_053000.WAV,Carp Pond
608,10.0,0.09,159,150,147,12,3,0,0.9245283018867925,0.98,20220730_053000.WAV,Carp Pond
609,10.0,0.1,159,150,147,12,3,0,0.9245283018867925,0.98,20220730_053000.WAV,Carp Pond
610,10.0,0.11,159,150,147,12,3,0,0.9245283018867925,0.98,20220730_053000.WAV,Carp Pond
611,10.0,0.12,159,150,147,12,3,0,0.9245283018867925,0.98,20220730_053000.WAV,Carp Pond
612,10.0,0.13,159,150,147,12,3,0,0.9245283018867925,0.98,20220730_053000.WAV,Carp Pond
613,10.0,0.14,159,150,147,12,3,0,0.9245283018867925,0.98,20220730_053000.WAV,Carp Pond
614,10.0,0.15,159,150,147,12,3,0,0.9245283018867925,0.98,20220730_053000.WAV,Carp Pond
615,10.0,0.16,159,150,147,12,3,0,0.9245283018867925,0.98,20220730_053000.WAV,Carp Pond
616,10.0,0.17,159,150,147,12,3,0,0.9245283018867925,0.98,20220730_053000.WAV,Carp Pond
617,10.0,0.18,159,150,147,12,3,0,0.9245283018867925,0.98,20220730_053000.WAV,Carp Pond
618,10.0,0.19,159,150,147,12,3,0,0.9245283018867925,0.98,20220730_053000.WAV,Carp Pond
619,10.0,0.2,159,150,147,12,3,0,0.9245283018867925,0.98,20220730_053000.WAV,Carp Pond
620,10.0,0.21,159,150,147,12,3,0,0.9245283018867925,0.98,20220730_053000.WAV,Carp Pond
621,10.0,0.22,159,150,147,12,3,0,0.9245283018867925,0.98,20220730_053000.WAV,Carp Pond
622,10.0,0.23,159,150,147,12,3,0,0.9245283018867925,0.98,20220730_053000.WAV,Carp Pond
623,10.0,0.24,159,150,147,12,3,0,0.9245283018867925,0.98,20220730_053000.WAV,Carp Pond
624,10.0,0.25,158,150,146,12,4,0,0.9240506329113924,0.9733333333333334,20220730_053000.WAV,Carp Pond
625,10.0,0.26,158,150,146,12,4,0,0.9240506329113924,0.9733333333333334,20220730_053000.WAV,Carp Pond
626,10.0,0.27,158,150,146,12,4,0,0.9240506329113924,0.9733333333333334,20220730_053000.WAV,Carp Pond
627,10.0,0.28,158,150,146,12,4,0,0.9240506329113924,0.9733333333333334,20220730_053000.WAV,Carp Pond
628,10.0,0.29,157,150,146,11,4,0,0.9299363057324841,0.9733333333333334,20220730_053000.WAV,Carp Pond
629,10.0,0.3,156,150,145,11,5,0,0.9294871794871795,0.9666666666666667,20220730_053000.WAV,Carp Pond
630,10.0,0.31,155,150,144,11,6,0,0.9290322580645162,0.96,20220730_053000.WAV,Carp Pond
631,10.0,0.32,155,150,144,11,6,0,0.9290322580645162,0.96,20220730_053000.WAV,Carp Pond
632,10.0,0.33,154,150,143,11,7,0,0.9285714285714286,0.9533333333333334,20220730_053000.WAV,Carp Pond
633,10.0,0.34,154,150,143,11,7,0,0.9285714285714286,0.9533333333333334,20220730_053000.WAV,Carp Pond
634,10.0,0.35,153,150,142,11,8,0,0.9281045751633987,0.9466666666666667,20220730_053000.WAV,Carp Pond
635,10.0,0.36,152,150,141,11,9,0,0.9276315789473685,0.94,20220730_053000.WAV,Carp Pond
636,10.0,0.37,149,150,139,10,11,0,0.9328859060402684,0.9266666666666666,20220730_053000.WAV,Carp Pond
637,10.0,0.38,147,150,138,9,12,0,0.9387755102040817,0.92,20220730_053000.WAV,Carp Pond
638,10.0,0.39,147,150,138,9,12,0,0.9387755102040817,0.92,20220730_053000.WAV,Carp Pond
639,10.0,0.4,145,150,136,9,14,0,0.9379310344827586,0.9066666666666666,20220730_053000.WAV,Carp Pond
640,10.0,0.41,140,150,132,8,18,0,0.9428571428571428,0.88,20220730_053000.WAV,Carp Pond
641,10.0,0.42,134,150,126,8,24,0,0.9402985074626866,0.84,20220730_053000.WAV,Carp Pond
642,10.0,0.43,130,150,122,8,28,0,0.9384615384615385,0.8133333333333334,20220730_053000.WAV,Carp Pond
643,10.0,0.44,125,150,119,6,31,0,0.952,0.7933333333333333,20220730_053000.WAV,Carp Pond
644,10.0,0.45,119,150,117,2,33,0,0.9831932773109243,0.78,20220730_053000.WAV,Carp Pond
645,10.0,0.46,114,150,112,2,38,0,0.9824561403508771,0.7466666666666667,20220730_053000.WAV,Carp Pond
646,10.0,0.47,111,150,109,2,41,0,0.9819819819819819,0.7266666666666667,20220730_053000.WAV,Carp Pond
647,10.0,0.48,103,150,102,1,48,0,0.9902912621359223,0.68,20220730_053000.WAV,Carp Pond
648,10.0,0.49,100,150,100,0,50,0,1.0,0.6666666666666666,20220730_053000.WAV,Carp Pond
649,10.0,0.5,95,150,95,0,55,0,1.0,0.6333333333333333,20220730_053000.WAV,Carp Pond
650,10.0,0.51,92,150,92,0,58,0,1.0,0.6133333333333333,20220730_053000.WAV,Carp Pond
651,10.0,0.52,87,150,87,0,63,0,1.0,0.58,20220730_053000.WAV,Carp Pond
652,10.0,0.53,79,150,79,0,71,0,1.0,0.5266666666666666,20220730_053000.WAV,Carp Pond
653,10.0,0.54,71,150,71,0,79,0,1.0,0.47333333333333333,20220730_053000.WAV,Carp Pond
654,10.0,0.55,63,150,63,0,87,0,1.0,0.42,20220730_053000.WAV,Carp Pond
655,10.0,0.56,57,150,57,0,93,0,1.0,0.38,20220730_053000.WAV,Carp Pond
656,10.0,0.57,48,150,48,0,102,0,1.0,0.32,20220730_053000.WAV,Carp Pond
657,10.0,0.58,45,150,45,0,105,0,1.0,0.3,20220730_053000.WAV,Carp Pond
658,10.0,0.59,39,150,39,0,111,0,1.0,0.26,20220730_053000.WAV,Carp Pond
659,10.0,0.6,34,150,34,0,116,0,1.0,0.22666666666666666,20220730_053000.WAV,Carp Pond
660,11.0,0.01,132,120,118,14,2,0,0.8939393939393939,0.9833333333333333,20220730_053000.WAV,Carp Pond
661,11.0,0.02,132,120,118,14,2,0,0.8939393939393939,0.9833333333333333,20220730_053000.WAV,Carp Pond
662,11.0,0.03,131,120,118,13,2,0,0.9007633587786259,0.9833333333333333,20220730_053000.WAV,Carp Pond
663,11.0,0.04,131,120,118,13,2,0,0.9007633587786259,0.9833333333333333,20220730_053000.WAV,Carp Pond
664,11.0,0.05,131,120,118,13,2,0,0.9007633587786259,0.9833333333333333,20220730_053000.WAV,Carp Pond
665,11.0,0.06,131,120,118,13,2,0,0.9007633587786259,0.9833333333333333,20220730_053000.WAV,Carp Pond
666,11.0,0.07,131,120,118,13,2,0,0.9007633587786259,0.9833333333333333,20220730_053000.WAV,Carp Pond
667,11.0,0.08,131,120,118,13,2,0,0.9007633587786259,0.9833333333333333,20220730_053000.WAV,Carp Pond
668,11.0,0.09,131,120,118,13,2,0,0.9007633587786259,0.9833333333333333,20220730_053000.WAV,Carp Pond
669,11.0,0.1,131,120,118,13,2,0,0.9007633587786259,0.9833333333333333,20220730_053000.WAV,Carp Pond
670,11.0,0.11,131,120,118,13,2,0,0.9007633587786259,0.9833333333333333,20220730_053000.WAV,Carp Pond
671,11.0,0.12,131,120,118,13,2,0,0.9007633587786259,0.9833333333333333,20220730_053000.WAV,Carp Pond
672,11.0,0.13,131,120,118,13,2,0,0.9007633587786259,0.9833333333333333,20220730_053000.WAV,Carp Pond
673,11.0,0.14,131,120,118,13,2,0,0.9007633587786259,0.9833333333333333,20220730_053000.WAV,Carp Pond
674,11.0,0.15,131,120,118,13,2,0,0.9007633587786259,0.9833333333333333,20220730_053000.WAV,Carp Pond
675,11.0,0.16,131,120,118,13,2,0,0.9007633587786259,0.9833333333333333,20220730_053000.WAV,Carp Pond
676,11.0,0.17,131,120,118,13,2,0,0.9007633587786259,0.9833333333333333,20220730_053000.WAV,Carp Pond
677,11.0,0.18,131,120,118,13,2,0,0.9007633587786259,0.9833333333333333,20220730_053000.WAV,Carp Pond
678,11.0,0.19,131,120,118,13,2,0,0.9007633587786259,0.9833333333333333,20220730_053000.WAV,Carp Pond
679,11.0,0.2,131,120,118,13,2,0,0.9007633587786259,0.9833333333333333,20220730_053000.WAV,Carp Pond
680,11.0,0.21,131,120,118,13,2,0,0.9007633587786259,0.9833333333333333,20220730_053000.WAV,Carp Pond
681,11.0,0.22,131,120,118,13,2,0,0.9007633587786259,0.9833333333333333,20220730_053000.WAV,Carp Pond
682,11.0,0.23,131,120,118,13,2,0,0.9007633587786259,0.9833333333333333,20220730_053000.WAV,Carp Pond
683,11.0,0.24,131,120,118,13,2,0,0.9007633587786259,0.9833333333333333,20220730_053000.WAV,Carp Pond
684,11.0,0.25,130,120,117,13,3,0,0.9,0.975,20220730_053000.WAV,Carp Pond
685,11.0,0.26,130,120,117,13,3,0,0.9,0.975,20220730_053000.WAV,Carp Pond
686,11.0,0.27,130,120,117,13,3,0,0.9,0.975,20220730_053000.WAV,Carp Pond
687,11.0,0.28,130,120,117,13,3,0,0.9,0.975,20220730_053000.WAV,Carp Pond
688,11.0,0.29,130,120,117,13,3,0,0.9,0.975,20220730_053000.WAV,Carp Pond
689,11.0,0.3,129,120,116,13,4,0,0.8992248062015504,0.9666666666666667,20220730_053000.WAV,Carp Pond
690,11.0,0.31,128,120,115,13,5,0,0.8984375,0.9583333333333334,20220730_053000.WAV,Carp Pond
691,11.0,0.32,128,120,115,13,5,0,0.8984375,0.9583333333333334,20220730_053000.WAV,Carp Pond
692,11.0,0.33,127,120,114,13,6,0,0.8976377952755905,0.95,20220730_053000.WAV,Carp Pond
693,11.0,0.34,127,120,114,13,6,0,0.8976377952755905,0.95,20220730_053000.WAV,Carp Pond
694,11.0,0.35,126,120,113,13,7,0,0.8968253968253969,0.9416666666666667,20220730_053000.WAV,Carp Pond
695,11.0,0.36,125,120,112,13,8,0,0.896,0.9333333333333333,20220730_053000.WAV,Carp Pond
696,11.0,0.37,124,120,111,13,9,0,0.8951612903225806,0.925,20220730_053000.WAV,Carp Pond
697,11.0,0.38,123,120,110,13,10,0,0.8943089430894309,0.9166666666666666,20220730_053000.WAV,Carp Pond
698,11.0,0.39,123,120,110,13,10,0,0.8943089430894309,0.9166666666666666,20220730_053000.WAV,Carp Pond
699,11.0,0.4,121,120,108,13,12,0,0.8925619834710744,0.9,20220730_053000.WAV,Carp Pond
700,11.0,0.41,117,120,104,13,16,0,0.8888888888888888,0.8666666666666667,20220730_053000.WAV,Carp Pond
701,11.0,0.42,111,120,99,12,21,0,0.8918918918918919,0.825,20220730_053000.WAV,Carp Pond
702,11.0,0.43,107,120,96,11,24,0,0.897196261682243,0.8,20220730_053000.WAV,Carp Pond
703,11.0,0.44,103,120,93,10,27,0,0.9029126213592233,0.775,20220730_053000.WAV,Carp Pond
704,11.0,0.45,99,120,92,7,28,0,0.9292929292929293,0.7666666666666667,20220730_053000.WAV,Carp Pond
705,11.0,0.46,94,120,87,7,33,0,0.925531914893617,0.725,20220730_053000.WAV,Carp Pond
706,11.0,0.47,93,120,86,7,34,0,0.9247311827956989,0.7166666666666667,20220730_053000.WAV,Carp Pond
707,11.0,0.48,85,120,80,5,40,0,0.9411764705882353,0.6666666666666666,20220730_053000.WAV,Carp Pond
708,11.0,0.49,82,120,80,2,40,0,0.975609756097561,0.6666666666666666,20220730_053000.WAV,Carp Pond
709,11.0,0.5,77,120,77,0,43,0,1.0,0.6416666666666667,20220730_053000.WAV,Carp Pond
710,11.0,0.51,74,120,74,0,46,0,1.0,0.6166666666666667,20220730_053000.WAV,Carp Pond
711,11.0,0.52,70,120,70,0,50,0,1.0,0.5833333333333334,20220730_053000.WAV,Carp Pond
712,11.0,0.53,62,120,62,0,58,0,1.0,0.5166666666666667,20220730_053000.WAV,Carp Pond
713,11.0,0.54,55,120,55,0,65,0,1.0,0.4583333333333333,20220730_053000.WAV,Carp Pond
714,11.0,0.55,49,120,49,0,71,0,1.0,0.4083333333333333,20220730_053000.WAV,Carp Pond
715,11.0,0.56,44,120,44,0,76,0,1.0,0.36666666666666664,20220730_053000.WAV,Carp Pond
716,11.0,0.57,36,120,36,0,84,0,1.0,0.3,20220730_053000.WAV,Carp Pond
717,11.0,0.58,34,120,34,0,86,0,1.0,0.2833333333333333,20220730_053000.WAV,Carp Pond
718,11.0,0.59,30,120,30,0,90,0,1.0,0.25,20220730_053000.WAV,Carp Pond
719,11.0,0.6,26,120,26,0,94,0,1.0,0.21666666666666667,20220730_053000.WAV,Carp Pond
720,12.0,0.01,116,106,106,10,0,0,0.9137931034482759,1.0,20220730_053000.WAV,Carp Pond
721,12.0,0.02,116,106,106,10,0,0,0.9137931034482759,1.0,20220730_053000.WAV,Carp Pond
722,12.0,0.03,115,106,106,9,0,0,0.9217391304347826,1.0,20220730_053000.WAV,Carp Pond
723,12.0,0.04,115,106,106,9,0,0,0.9217391304347826,1.0,20220730_053000.WAV,Carp Pond
724,12.0,0.05,115,106,106,9,0,0,0.9217391304347826,1.0,20220730_053000.WAV,Carp Pond
725,12.0,0.06,115,106,106,9,0,0,0.9217391304347826,1.0,20220730_053000.WAV,Carp Pond
726,12.0,0.07,115,106,106,9,0,0,0.9217391304347826,1.0,20220730_053000.WAV,Carp Pond
727,12.0,0.08,115,106,106,9,0,0,0.9217391304347826,1.0,20220730_053000.WAV,Carp Pond
728,12.0,0.09,115,106,106,9,0,0,0.9217391304347826,1.0,20220730_053000.WAV,Carp Pond
729,12.0,0.1,115,106,106,9,0,0,0.9217391304347826,1.0,20220730_053000.WAV,Carp Pond
730,12.0,0.11,115,106,106,9,0,0,0.9217391304347826,1.0,20220730_053000.WAV,Carp Pond
731,12.0,0.12,115,106,106,9,0,0,0.9217391304347826,1.0,20220730_053000.WAV,Carp Pond
732,12.0,0.13,115,106,106,9,0,0,0.9217391304347826,1.0,20220730_053000.WAV,Carp Pond
733,12.0,0.14,115,106,106,9,0,0,0.9217391304347826,1.0,20220730_053000.WAV,Carp Pond
734,12.0,0.15,115,106,106,9,0,0,0.9217391304347826,1.0,20220730_053000.WAV,Carp Pond
735,12.0,0.16,115,106,106,9,0,0,0.9217391304347826,1.0,20220730_053000.WAV,Carp Pond
736,12.0,0.17,115,106,106,9,0,0,0.9217391304347826,1.0,20220730_053000.WAV,Carp Pond
737,12.0,0.18,115,106,106,9,0,0,0.9217391304347826,1.0,20220730_053000.WAV,Carp Pond
738,12.0,0.19,115,106,106,9,0,0,0.9217391304347826,1.0,20220730_053000.WAV,Carp Pond
739,12.0,0.2,115,106,106,9,0,0,0.9217391304347826,1.0,20220730_053000.WAV,Carp Pond
740,12.0,0.21,115,106,106,9,0,0,0.9217391304347826,1.0,20220730_053000.WAV,Carp Pond
741,12.0,0.22,115,106,106,9,0,0,0.9217391304347826,1.0,20220730_053000.WAV,Carp Pond
742,12.0,0.23,115,106,106,9,0,0,0.9217391304347826,1.0,20220730_053000.WAV,Carp Pond
743,12.0,0.24,115,106,106,9,0,0,0.9217391304347826,1.0,20220730_053000.WAV,Carp Pond
744,12.0,0.25,114,106,105,9,1,0,0.9210526315789473,0.9905660377358491,20220730_053000.WAV,Carp Pond
745,12.0,0.26,114,106,105,9,1,0,0.9210526315789473,0.9905660377358491,20220730_053000.WAV,Carp Pond
746,12.0,0.27,114,106,105,9,1,0,0.9210526315789473,0.9905660377358491,20220730_053000.WAV,Carp Pond
747,12.0,0.28,114,106,105,9,1,0,0.9210526315789473,0.9905660377358491,20220730_053000.WAV,Carp Pond
748,12.0,0.29,114,106,105,9,1,0,0.9210526315789473,0.9905660377358491,20220730_053000.WAV,Carp Pond
749,12.0,0.3,113,106,104,9,2,0,0.9203539823008849,0.9811320754716981,20220730_053000.WAV,Carp Pond
750,12.0,0.31,112,106,104,8,2,0,0.9285714285714286,0.9811320754716981,20220730_053000.WAV,Carp Pond
751,12.0,0.32,112,106,104,8,2,0,0.9285714285714286,0.9811320754716981,20220730_053000.WAV,Carp Pond
752,12.0,0.33,111,106,103,8,3,0,0.9279279279279279,0.9716981132075472,20220730_053000.WAV,Carp Pond
753,12.0,0.34,111,106,103,8,3,0,0.9279279279279279,0.9716981132075472,20220730_053000.WAV,Carp Pond
754,12.0,0.35,110,106,102,8,4,0,0.9272727272727272,0.9622641509433962,20220730_053000.WAV,Carp Pond
755,12.0,0.36,110,106,102,8,4,0,0.9272727272727272,0.9622641509433962,20220730_053000.WAV,Carp Pond
756,12.0,0.37,109,106,101,8,5,0,0.926605504587156,0.9528301886792453,20220730_053000.WAV,Carp Pond
757,12.0,0.38,108,106,100,8,6,0,0.9259259259259259,0.9433962264150944,20220730_053000.WAV,Carp Pond
758,12.0,0.39,108,106,100,8,6,0,0.9259259259259259,0.9433962264150944,20220730_053000.WAV,Carp Pond
759,12.0,0.4,106,106,98,8,8,0,0.9245283018867925,0.9245283018867925,20220730_053000.WAV,Carp Pond
760,12.0,0.41,102,106,94,8,12,0,0.9215686274509803,0.8867924528301887,20220730_053000.WAV,Carp Pond
761,12.0,0.42,96,106,89,7,17,0,0.9270833333333334,0.839622641509434,20220730_053000.WAV,Carp Pond
762,12.0,0.43,92,106,86,6,20,0,0.9347826086956522,0.8113207547169812,20220730_053000.WAV,Carp Pond
763,12.0,0.44,89,106,83,6,23,0,0.9325842696629213,0.7830188679245284,20220730_053000.WAV,Carp Pond
764,12.0,0.45,87,106,82,5,24,0,0.9425287356321839,0.7735849056603774,20220730_053000.WAV,Carp Pond
765,12.0,0.46,82,106,77,5,29,0,0.9390243902439024,0.7264150943396226,20220730_053000.WAV,Carp Pond
766,12.0,0.47,81,106,76,5,30,0,0.9382716049382716,0.7169811320754716,20220730_053000.WAV,Carp Pond
767,12.0,0.48,74,106,70,4,36,0,0.9459459459459459,0.660377358490566,20220730_053000.WAV,Carp Pond
768,12.0,0.49,72,106,70,2,36,0,0.9722222222222222,0.660377358490566,20220730_053000.WAV,Carp Pond
769,12.0,0.5,68,106,68,0,38,0,1.0,0.6415094339622641,20220730_053000.WAV,Carp Pond
770,12.0,0.51,65,106,65,0,41,0,1.0,0.6132075471698113,20220730_053000.WAV,Carp Pond
771,12.0,0.52,61,106,61,0,45,0,1.0,0.5754716981132075,20220730_053000.WAV,Carp Pond
772,12.0,0.53,53,106,53,0,53,0,1.0,0.5,20220730_053000.WAV,Carp Pond
773,12.0,0.54,47,106,47,0,59,0,1.0,0.44339622641509435,20220730_053000.WAV,Carp Pond
774,12.0,0.55,42,106,42,0,64,0,1.0,0.39622641509433965,20220730_053000.WAV,Carp Pond
775,12.0,0.56,38,106,38,0,68,0,1.0,0.3584905660377358,20220730_053000.WAV,Carp Pond
776,12.0,0.57,32,106,32,0,74,0,1.0,0.3018867924528302,20220730_053000.WAV,Carp Pond
777,12.0,0.58,30,106,30,0,76,0,1.0,0.2830188679245283,20220730_053000.WAV,Carp Pond
778,12.0,0.59,26,106,26,0,80,0,1.0,0.24528301886792453,20220730_053000.WAV,Carp Pond
779,12.0,0.6,22,106,22,0,84,0,1.0,0.20754716981132076,20220730_053000.WAV,Carp Pond
780,13.0,0.01,88,78,77,11,1,0,0.875,0.9871794871794872,20220730_053000.WAV,Carp Pond
781,13.0,0.02,88,78,77,11,1,0,0.875,0.9871794871794872,20220730_053000.WAV,Carp Pond
782,13.0,0.03,87,78,77,10,1,0,0.8850574712643678,0.9871794871794872,20220730_053000.WAV,Carp Pond
783,13.0,0.04,87,78,77,10,1,0,0.8850574712643678,0.9871794871794872,20220730_053000.WAV,Carp Pond
784,13.0,0.05,87,78,77,10,1,0,0.8850574712643678,0.9871794871794872,20220730_053000.WAV,Carp Pond
785,13.0,0.06,87,78,77,10,1,0,0.8850574712643678,0.9871794871794872,20220730_053000.WAV,Carp Pond
786,13.0,0.07,87,78,77,10,1,0,0.8850574712643678,0.9871794871794872,20220730_053000.WAV,Carp Pond
787,13.0,0.08,87,78,77,10,1,0,0.8850574712643678,0.9871794871794872,20220730_053000.WAV,Carp Pond
788,13.0,0.09,87,78,77,10,1,0,0.8850574712643678,0.9871794871794872,20220730_053000.WAV,Carp Pond
789,13.0,0.1,87,78,77,10,1,0,0.8850574712643678,0.9871794871794872,20220730_053000.WAV,Carp Pond
790,13.0,0.11,87,78,77,10,1,0,0.8850574712643678,0.9871794871794872,20220730_053000.WAV,Carp Pond
791,13.0,0.12,87,78,77,10,1,0,0.8850574712643678,0.9871794871794872,20220730_053000.WAV,Carp Pond
792,13.0,0.13,87,78,77,10,1,0,0.8850574712643678,0.9871794871794872,20220730_053000.WAV,Carp Pond
793,13.0,0.14,87,78,77,10,1,0,0.8850574712643678,0.9871794871794872,20220730_053000.WAV,Carp Pond
794,13.0,0.15,87,78,77,10,1,0,0.8850574712643678,0.9871794871794872,20220730_053000.WAV,Carp Pond
795,13.0,0.16,87,78,77,10,1,0,0.8850574712643678,0.9871794871794872,20220730_053000.WAV,Carp Pond
796,13.0,0.17,87,78,77,10,1,0,0.8850574712643678,0.9871794871794872,20220730_053000.WAV,Carp Pond
797,13.0,0.18,87,78,77,10,1,0,0.8850574712643678,0.9871794871794872,20220730_053000.WAV,Carp Pond
798,13.0,0.19,87,78,77,10,1,0,0.8850574712643678,0.9871794871794872,20220730_053000.WAV,Carp Pond
799,13.0,0.2,87,78,77,10,1,0,0.8850574712643678,0.9871794871794872,20220730_053000.WAV,Carp Pond
800,13.0,0.21,87,78,77,10,1,0,0.8850574712643678,0.9871794871794872,20220730_053000.WAV,Carp Pond
801,13.0,0.22,87,78,77,10,1,0,0.8850574712643678,0.9871794871794872,20220730_053000.WAV,Carp Pond
802,13.0,0.23,87,78,77,10,1,0,0.8850574712643678,0.9871794871794872,20220730_053000.WAV,Carp Pond
803,13.0,0.24,87,78,77,10,1,0,0.8850574712643678,0.9871794871794872,20220730_053000.WAV,Carp Pond
804,13.0,0.25,86,78,77,9,1,0,0.8953488372093024,0.9871794871794872,20220730_053000.WAV,Carp Pond
805,13.0,0.26,86,78,77,9,1,0,0.8953488372093024,0.9871794871794872,20220730_053000.WAV,Carp Pond
806,13.0,0.27,86,78,77,9,1,0,0.8953488372093024,0.9871794871794872,20220730_053000.WAV,Carp Pond
807,13.0,0.28,86,78,77,9,1,0,0.8953488372093024,0.9871794871794872,20220730_053000.WAV,Carp Pond
808,13.0,0.29,86,78,77,9,1,0,0.8953488372093024,0.9871794871794872,20220730_053000.WAV,Carp Pond
809,13.0,0.3,85,78,77,8,1,0,0.9058823529411765,0.9871794871794872,20220730_053000.WAV,Carp Pond
810,13.0,0.31,84,78,77,7,1,0,0.9166666666666666,0.9871794871794872,20220730_053000.WAV,Carp Pond
811,13.0,0.32,84,78,77,7,1,0,0.9166666666666666,0.9871794871794872,20220730_053000.WAV,Carp Pond
812,13.0,0.33,83,78,76,7,2,0,0.9156626506024096,0.9743589743589743,20220730_053000.WAV,Carp Pond
813,13.0,0.34,83,78,76,7,2,0,0.9156626506024096,0.9743589743589743,20220730_053000.WAV,Carp Pond
814,13.0,0.35,83,78,76,7,2,0,0.9156626506024096,0.9743589743589743,20220730_053000.WAV,Carp Pond
815,13.0,0.36,83,78,76,7,2,0,0.9156626506024096,0.9743589743589743,20220730_053000.WAV,Carp Pond
816,13.0,0.37,83,78,76,7,2,0,0.9156626506024096,0.9743589743589743,20220730_053000.WAV,Carp Pond
817,13.0,0.38,83,78,76,7,2,0,0.9156626506024096,0.9743589743589743,20220730_053000.WAV,Carp Pond
818,13.0,0.39,83,78,76,7,2,0,0.9156626506024096,0.9743589743589743,20220730_053000.WAV,Carp Pond
819,13.0,0.4,82,78,75,7,3,0,0.9146341463414634,0.9615384615384616,20220730_053000.WAV,Carp Pond
820,13.0,0.41,78,78,72,6,6,0,0.9230769230769231,0.9230769230769231,20220730_053000.WAV,Carp Pond
821,13.0,0.42,73,78,67,6,11,0,0.9178082191780822,0.8589743589743589,20220730_053000.WAV,Carp Pond
822,13.0,0.43,70,78,64,6,14,0,0.9142857142857143,0.8205128205128205,20220730_053000.WAV,Carp Pond
823,13.0,0.44,67,78,61,6,17,0,0.9104477611940298,0.782051282051282,20220730_053000.WAV,Carp Pond
824,13.0,0.45,65,78,60,5,18,0,0.9230769230769231,0.7692307692307693,20220730_053000.WAV,Carp Pond
825,13.0,0.46,61,78,58,3,20,0,0.9508196721311475,0.7435897435897436,20220730_053000.WAV,Carp Pond
826,13.0,0.47,60,78,58,2,20,0,0.9666666666666667,0.7435897435897436,20220730_053000.WAV,Carp Pond
827,13.0,0.48,54,78,53,1,25,0,0.9814814814814815,0.6794871794871795,20220730_053000.WAV,Carp Pond
828,13.0,0.49,53,78,53,0,25,0,1.0,0.6794871794871795,20220730_053000.WAV,Carp Pond
829,13.0,0.5,51,78,51,0,27,0,1.0,0.6538461538461539,20220730_053000.WAV,Carp Pond
830,13.0,0.51,49,78,49,0,29,0,1.0,0.6282051282051282,20220730_053000.WAV,Carp Pond
831,13.0,0.52,46,78,46,0,32,0,1.0,0.5897435897435898,20220730_053000.WAV,Carp Pond
832,13.0,0.53,42,78,42,0,36,0,1.0,0.5384615384615384,20220730_053000.WAV,Carp Pond
833,13.0,0.54,37,78,37,0,41,0,1.0,0.47435897435897434,20220730_053000.WAV,Carp Pond
834,13.0,0.55,34,78,34,0,44,0,1.0,0.4358974358974359,20220730_053000.WAV,Carp Pond
835,13.0,0.56,31,78,31,0,47,0,1.0,0.3974358974358974,20220730_053000.WAV,Carp Pond
836,13.0,0.57,27,78,27,0,51,0,1.0,0.34615384615384615,20220730_053000.WAV,Carp Pond
837,13.0,0.58,25,78,25,0,53,0,1.0,0.32051282051282054,20220730_053000.WAV,Carp Pond
838,13.0,0.59,22,78,22,0,56,0,1.0,0.28205128205128205,20220730_053000.WAV,Carp Pond
839,13.0,0.6,19,78,19,0,59,0,1.0,0.24358974358974358,20220730_053000.WAV,Carp Pond
840,14.0,0.01,70,67,66,4,1,0,0.9428571428571428,0.9850746268656716,20220730_053000.WAV,Carp Pond
841,14.0,0.02,70,67,66,4,1,0,0.9428571428571428,0.9850746268656716,20220730_053000.WAV,Carp Pond
842,14.0,0.03,70,67,66,4,1,0,0.9428571428571428,0.9850746268656716,20220730_053000.WAV,Carp Pond
843,14.0,0.04,70,67,66,4,1,0,0.9428571428571428,0.9850746268656716,20220730_053000.WAV,Carp Pond
844,14.0,0.05,70,67,66,4,1,0,0.9428571428571428,0.9850746268656716,20220730_053000.WAV,Carp Pond
845,14.0,0.06,70,67,66,4,1,0,0.9428571428571428,0.9850746268656716,20220730_053000.WAV,Carp Pond
846,14.0,0.07,70,67,66,4,1,0,0.9428571428571428,0.9850746268656716,20220730_053000.WAV,Carp Pond
847,14.0,0.08,70,67,66,4,1,0,0.9428571428571428,0.9850746268656716,20220730_053000.WAV,Carp Pond
848,14.0,0.09,70,67,66,4,1,0,0.9428571428571428,0.9850746268656716,20220730_053000.WAV,Carp Pond
849,14.0,0.1,70,67,66,4,1,0,0.9428571428571428,0.9850746268656716,20220730_053000.WAV,Carp Pond
850,14.0,0.11,70,67,66,4,1,0,0.9428571428571428,0.9850746268656716,20220730_053000.WAV,Carp Pond
851,14.0,0.12,70,67,66,4,1,0,0.9428571428571428,0.9850746268656716,20220730_053000.WAV,Carp Pond
852,14.0,0.13,70,67,66,4,1,0,0.9428571428571428,0.9850746268656716,20220730_053000.WAV,Carp Pond
853,14.0,0.14,70,67,66,4,1,0,0.9428571428571428,0.9850746268656716,20220730_053000.WAV,Carp Pond
854,14.0,0.15,70,67,66,4,1,0,0.9428571428571428,0.9850746268656716,20220730_053000.WAV,Carp Pond
855,14.0,0.16,70,67,66,4,1,0,0.9428571428571428,0.9850746268656716,20220730_053000.WAV,Carp Pond
856,14.0,0.17,70,67,66,4,1,0,0.9428571428571428,0.9850746268656716,20220730_053000.WAV,Carp Pond
857,14.0,0.18,70,67,66,4,1,0,0.9428571428571428,0.9850746268656716,20220730_053000.WAV,Carp Pond
858,14.0,0.19,70,67,66,4,1,0,0.9428571428571428,0.9850746268656716,20220730_053000.WAV,Carp Pond
859,14.0,0.2,70,67,66,4,1,0,0.9428571428571428,0.9850746268656716,20220730_053000.WAV,Carp Pond
860,14.0,0.21,70,67,66,4,1,0,0.9428571428571428,0.9850746268656716,20220730_053000.WAV,Carp Pond
861,14.0,0.22,70,67,66,4,1,0,0.9428571428571428,0.9850746268656716,20220730_053000.WAV,Carp Pond
862,14.0,0.23,70,67,66,4,1,0,0.9428571428571428,0.9850746268656716,20220730_053000.WAV,Carp Pond
863,14.0,0.24,70,67,66,4,1,0,0.9428571428571428,0.9850746268656716,20220730_053000.WAV,Carp Pond
864,14.0,0.25,70,67,66,4,1,0,0.9428571428571428,0.9850746268656716,20220730_053000.WAV,Carp Pond
865,14.0,0.26,70,67,66,4,1,0,0.9428571428571428,0.9850746268656716,20220730_053000.WAV,Carp Pond
866,14.0,0.27,70,67,66,4,1,0,0.9428571428571428,0.9850746268656716,20220730_053000.WAV,Carp Pond
867,14.0,0.28,70,67,66,4,1,0,0.9428571428571428,0.9850746268656716,20220730_053000.WAV,Carp Pond
868,14.0,0.29,70,67,66,4,1,0,0.9428571428571428,0.9850746268656716,20220730_053000.WAV,Carp Pond
869,14.0,0.3,70,67,66,4,1,0,0.9428571428571428,0.9850746268656716,20220730_053000.WAV,Carp Pond
870,14.0,0.31,70,67,66,4,1,0,0.9428571428571428,0.9850746268656716,20220730_053000.WAV,Carp Pond
871,14.0,0.32,70,67,66,4,1,0,0.9428571428571428,0.9850746268656716,20220730_053000.WAV,Carp Pond
872,14.0,0.33,69,67,66,3,1,0,0.9565217391304348,0.9850746268656716,20220730_053000.WAV,Carp Pond
873,14.0,0.34,69,67,66,3,1,0,0.9565217391304348,0.9850746268656716,20220730_053000.WAV,Carp Pond
874,14.0,0.35,69,67,66,3,1,0,0.9565217391304348,0.9850746268656716,20220730_053000.WAV,Carp Pond
875,14.0,0.36,69,67,66,3,1,0,0.9565217391304348,0.9850746268656716,20220730_053000.WAV,Carp Pond
876,14.0,0.37,69,67,66,3,1,0,0.9565217391304348,0.9850746268656716,20220730_053000.WAV,Carp Pond
877,14.0,0.38,69,67,66,3,1,0,0.9565217391304348,0.9850746268656716,20220730_053000.WAV,Carp Pond
878,14.0,0.39,69,67,66,3,1,0,0.9565217391304348,0.9850746268656716,20220730_053000.WAV,Carp Pond
879,14.0,0.4,68,67,65,3,2,0,0.9558823529411765,0.9701492537313433,20220730_053000.WAV,Carp Pond
880,14.0,0.41,64,67,62,2,5,0,0.96875,0.9253731343283582,20220730_053000.WAV,Carp Pond
881,14.0,0.42,59,67,57,2,10,0,0.9661016949152542,0.8507462686567164,20220730_053000.WAV,Carp Pond
882,14.0,0.43,56,67,54,2,13,0,0.9642857142857143,0.8059701492537313,20220730_053000.WAV,Carp Pond
883,14.0,0.44,55,67,53,2,14,0,0.9636363636363636,0.7910447761194029,20220730_053000.WAV,Carp Pond
884,14.0,0.45,54,67,52,2,15,0,0.9629629629629629,0.7761194029850746,20220730_053000.WAV,Carp Pond
885,14.0,0.46,52,67,50,2,17,0,0.9615384615384616,0.746268656716418,20220730_053000.WAV,Carp Pond
886,14.0,0.47,51,67,50,1,17,0,0.9803921568627451,0.746268656716418,20220730_053000.WAV,Carp Pond
887,14.0,0.48,46,67,46,0,21,0,1.0,0.6865671641791045,20220730_053000.WAV,Carp Pond
888,14.0,0.49,46,67,46,0,21,0,1.0,0.6865671641791045,20220730_053000.WAV,Carp Pond
889,14.0,0.5,44,67,44,0,23,0,1.0,0.6567164179104478,20220730_053000.WAV,Carp Pond
890,14.0,0.51,42,67,42,0,25,0,1.0,0.6268656716417911,20220730_053000.WAV,Carp Pond
891,14.0,0.52,39,67,39,0,28,0,1.0,0.582089552238806,20220730_053000.WAV,Carp Pond
892,14.0,0.53,35,67,35,0,32,0,1.0,0.5223880597014925,20220730_053000.WAV,Carp Pond
893,14.0,0.54,31,67,31,0,36,0,1.0,0.4626865671641791,20220730_053000.WAV,Carp Pond
894,14.0,0.55,28,67,28,0,39,0,1.0,0.417910447761194,20220730_053000.WAV,Carp Pond
895,14.0,0.56,26,67,26,0,41,0,1.0,0.3880597014925373,20220730_053000.WAV,Carp Pond
896,14.0,0.57,23,67,23,0,44,0,1.0,0.34328358208955223,20220730_053000.WAV,Carp Pond
897,14.0,0.58,22,67,22,0,45,0,1.0,0.3283582089552239,20220730_053000.WAV,Carp Pond
898,14.0,0.59,19,67,19,0,48,0,1.0,0.2835820895522388,20220730_053000.WAV,Carp Pond
899,14.0,0.6,17,67,17,0,50,0,1.0,0.2537313432835821,20220730_053000.WAV,Carp Pond
900,15.0,0.01,52,47,46,6,1,0,0.8846153846153846,0.9787234042553191,20220730_053000.WAV,Carp Pond
901,15.0,0.02,52,47,46,6,1,0,0.8846153846153846,0.9787234042553191,20220730_053000.WAV,Carp Pond
902,15.0,0.03,52,47,46,6,1,0,0.8846153846153846,0.9787234042553191,20220730_053000.WAV,Carp Pond
903,15.0,0.04,52,47,46,6,1,0,0.8846153846153846,0.9787234042553191,20220730_053000.WAV,Carp Pond
904,15.0,0.05,52,47,46,6,1,0,0.8846153846153846,0.9787234042553191,20220730_053000.WAV,Carp Pond
905,15.0,0.06,52,47,46,6,1,0,0.8846153846153846,0.9787234042553191,20220730_053000.WAV,Carp Pond
906,15.0,0.07,52,47,46,6,1,0,0.8846153846153846,0.9787234042553191,20220730_053000.WAV,Carp Pond
907,15.0,0.08,52,47,46,6,1,0,0.8846153846153846,0.9787234042553191,20220730_053000.WAV,Carp Pond
908,15.0,0.09,52,47,46,6,1,0,0.8846153846153846,0.9787234042553191,20220730_053000.WAV,Carp Pond
909,15.0,0.1,52,47,46,6,1,0,0.8846153846153846,0.9787234042553191,20220730_053000.WAV,Carp Pond
910,15.0,0.11,52,47,46,6,1,0,0.8846153846153846,0.9787234042553191,20220730_053000.WAV,Carp Pond
911,15.0,0.12,52,47,46,6,1,0,0.8846153846153846,0.9787234042553191,20220730_053000.WAV,Carp Pond
912,15.0,0.13,52,47,46,6,1,0,0.8846153846153846,0.9787234042553191,20220730_053000.WAV,Carp Pond
913,15.0,0.14,52,47,46,6,1,0,0.8846153846153846,0.9787234042553191,20220730_053000.WAV,Carp Pond
914,15.0,0.15,52,47,46,6,1,0,0.8846153846153846,0.9787234042553191,20220730_053000.WAV,Carp Pond
915,15.0,0.16,52,47,46,6,1,0,0.8846153846153846,0.9787234042553191,20220730_053000.WAV,Carp Pond
916,15.0,0.17,52,47,46,6,1,0,0.8846153846153846,0.9787234042553191,20220730_053000.WAV,Carp Pond
917,15.0,0.18,52,47,46,6,1,0,0.8846153846153846,0.9787234042553191,20220730_053000.WAV,Carp Pond
918,15.0,0.19,52,47,46,6,1,0,0.8846153846153846,0.9787234042553191,20220730_053000.WAV,Carp Pond
919,15.0,0.2,52,47,46,6,1,0,0.8846153846153846,0.9787234042553191,20220730_053000.WAV,Carp Pond
920,15.0,0.21,52,47,46,6,1,0,0.8846153846153846,0.9787234042553191,20220730_053000.WAV,Carp Pond
921,15.0,0.22,52,47,46,6,1,0,0.8846153846153846,0.9787234042553191,20220730_053000.WAV,Carp Pond
922,15.0,0.23,52,47,46,6,1,0,0.8846153846153846,0.9787234042553191,20220730_053000.WAV,Carp Pond
923,15.0,0.24,52,47,46,6,1,0,0.8846153846153846,0.9787234042553191,20220730_053000.WAV,Carp Pond
924,15.0,0.25,52,47,46,6,1,0,0.8846153846153846,0.9787234042553191,20220730_053000.WAV,Carp Pond
925,15.0,0.26,52,47,46,6,1,0,0.8846153846153846,0.9787234042553191,20220730_053000.WAV,Carp Pond
926,15.0,0.27,52,47,46,6,1,0,0.8846153846153846,0.9787234042553191,20220730_053000.WAV,Carp Pond
927,15.0,0.28,52,47,46,6,1,0,0.8846153846153846,0.9787234042553191,20220730_053000.WAV,Carp Pond
928,15.0,0.29,52,47,46,6,1,0,0.8846153846153846,0.9787234042553191,20220730_053000.WAV,Carp Pond
929,15.0,0.3,52,47,46,6,1,0,0.8846153846153846,0.9787234042553191,20220730_053000.WAV,Carp Pond
930,15.0,0.31,52,47,46,6,1,0,0.8846153846153846,0.9787234042553191,20220730_053000.WAV,Carp Pond
931,15.0,0.32,52,47,46,6,1,0,0.8846153846153846,0.9787234042553191,20220730_053000.WAV,Carp Pond
932,15.0,0.33,51,47,46,5,1,0,0.9019607843137255,0.9787234042553191,20220730_053000.WAV,Carp Pond
933,15.0,0.34,51,47,46,5,1,0,0.9019607843137255,0.9787234042553191,20220730_053000.WAV,Carp Pond
934,15.0,0.35,51,47,46,5,1,0,0.9019607843137255,0.9787234042553191,20220730_053000.WAV,Carp Pond
935,15.0,0.36,51,47,46,5,1,0,0.9019607843137255,0.9787234042553191,20220730_053000.WAV,Carp Pond
936,15.0,0.37,51,47,46,5,1,0,0.9019607843137255,0.9787234042553191,20220730_053000.WAV,Carp Pond
937,15.0,0.38,51,47,46,5,1,0,0.9019607843137255,0.9787234042553191,20220730_053000.WAV,Carp Pond
938,15.0,0.39,51,47,46,5,1,0,0.9019607843137255,0.9787234042553191,20220730_053000.WAV,Carp Pond
939,15.0,0.4,50,47,45,5,2,0,0.9,0.9574468085106383,20220730_053000.WAV,Carp Pond
940,15.0,0.41,48,47,43,5,4,0,0.8958333333333334,0.9148936170212766,20220730_053000.WAV,Carp Pond
941,15.0,0.42,44,47,42,2,5,0,0.9545454545454546,0.8936170212765957,20220730_053000.WAV,Carp Pond
942,15.0,0.43,41,47,39,2,8,0,0.9512195121951219,0.8297872340425532,20220730_053000.WAV,Carp Pond
943,15.0,0.44,40,47,38,2,9,0,0.95,0.8085106382978723,20220730_053000.WAV,Carp Pond
944,15.0,0.45,39,47,38,1,9,0,0.9743589743589743,0.8085106382978723,20220730_053000.WAV,Carp Pond
945,15.0,0.46,37,47,36,1,11,0,0.972972972972973,0.7659574468085106,20220730_053000.WAV,Carp Pond
946,15.0,0.47,36,47,36,0,11,0,1.0,0.7659574468085106,20220730_053000.WAV,Carp Pond
947,15.0,0.48,32,47,32,0,15,0,1.0,0.6808510638297872,20220730_053000.WAV,Carp Pond
948,15.0,0.49,32,47,32,0,15,0,1.0,0.6808510638297872,20220730_053000.WAV,Carp Pond
949,15.0,0.5,30,47,30,0,17,0,1.0,0.6382978723404256,20220730_053000.WAV,Carp Pond
950,15.0,0.51,29,47,29,0,18,0,1.0,0.6170212765957447,20220730_053000.WAV,Carp Pond
951,15.0,0.52,27,47,27,0,20,0,1.0,0.574468085106383,20220730_053000.WAV,Carp Pond
952,15.0,0.53,24,47,24,0,23,0,1.0,0.5106382978723404,20220730_053000.WAV,Carp Pond
953,15.0,0.54,22,47,22,0,25,0,1.0,0.46808510638297873,20220730_053000.WAV,Carp Pond
954,15.0,0.55,19,47,19,0,28,0,1.0,0.40425531914893614,20220730_053000.WAV,Carp Pond
955,15.0,0.56,18,47,18,0,29,0,1.0,0.3829787234042553,20220730_053000.WAV,Carp Pond
956,15.0,0.57,16,47,16,0,31,0,1.0,0.3404255319148936,20220730_053000.WAV,Carp Pond
957,15.0,0.58,15,47,15,0,32,0,1.0,0.3191489361702128,20220730_053000.WAV,Carp Pond
958,15.0,0.59,12,47,12,0,35,0,1.0,0.2553191489361702,20220730_053000.WAV,Carp Pond
959,15.0,0.6,11,47,11,0,36,0,1.0,0.23404255319148937,20220730_053000.WAV,Carp Pond
960,16.0,0.01,37,35,35,2,0,0,0.9459459459459459,1.0,20220730_053000.WAV,Carp Pond
961,16.0,0.02,37,35,35,2,0,0,0.9459459459459459,1.0,20220730_053000.WAV,Carp Pond
962,16.0,0.03,37,35,35,2,0,0,0.9459459459459459,1.0,20220730_053000.WAV,Carp Pond
963,16.0,0.04,37,35,35,2,0,0,0.9459459459459459,1.0,20220730_053000.WAV,Carp Pond
964,16.0,0.05,37,35,35,2,0,0,0.9459459459459459,1.0,20220730_053000.WAV,Carp Pond
965,16.0,0.06,37,35,35,2,0,0,0.9459459459459459,1.0,20220730_053000.WAV,Carp Pond
966,16.0,0.07,37,35,35,2,0,0,0.9459459459459459,1.0,20220730_053000.WAV,Carp Pond
967,16.0,0.08,37,35,35,2,0,0,0.9459459459459459,1.0,20220730_053000.WAV,Carp Pond
968,16.0,0.09,37,35,35,2,0,0,0.9459459459459459,1.0,20220730_053000.WAV,Carp Pond
969,16.0,0.1,37,35,35,2,0,0,0.9459459459459459,1.0,20220730_053000.WAV,Carp Pond
970,16.0,0.11,37,35,35,2,0,0,0.9459459459459459,1.0,20220730_053000.WAV,Carp Pond
971,16.0,0.12,37,35,35,2,0,0,0.9459459459459459,1.0,20220730_053000.WAV,Carp Pond
972,16.0,0.13,37,35,35,2,0,0,0.9459459459459459,1.0,20220730_053000.WAV,Carp Pond
973,16.0,0.14,37,35,35,2,0,0,0.9459459459459459,1.0,20220730_053000.WAV,Carp Pond
974,16.0,0.15,37,35,35,2,0,0,0.9459459459459459,1.0,20220730_053000.WAV,Carp Pond
975,16.0,0.16,37,35,35,2,0,0,0.9459459459459459,1.0,20220730_053000.WAV,Carp Pond
976,16.0,0.17,37,35,35,2,0,0,0.9459459459459459,1.0,20220730_053000.WAV,Carp Pond
977,16.0,0.18,37,35,35,2,0,0,0.9459459459459459,1.0,20220730_053000.WAV,Carp Pond
978,16.0,0.19,37,35,35,2,0,0,0.9459459459459459,1.0,20220730_053000.WAV,Carp Pond
979,16.0,0.2,37,35,35,2,0,0,0.9459459459459459,1.0,20220730_053000.WAV,Carp Pond
980,16.0,0.21,37,35,35,2,0,0,0.9459459459459459,1.0,20220730_053000.WAV,Carp Pond
981,16.0,0.22,37,35,35,2,0,0,0.9459459459459459,1.0,20220730_053000.WAV,Carp Pond
982,16.0,0.23,37,35,35,2,0,0,0.9459459459459459,1.0,20220730_053000.WAV,Carp Pond
983,16.0,0.24,37,35,35,2,0,0,0.9459459459459459,1.0,20220730_053000.WAV,Carp Pond
984,16.0,0.25,37,35,35,2,0,0,0.9459459459459459,1.0,20220730_053000.WAV,Carp Pond
985,16.0,0.26,37,35,35,2,0,0,0.9459459459459459,1.0,20220730_053000.WAV,Carp Pond
986,16.0,0.27,37,35,35,2,0,0,0.9459459459459459,1.0,20220730_053000.WAV,Carp Pond
987,16.0,0.28,37,35,35,2,0,0,0.9459459459459459,1.0,20220730_053000.WAV,Carp Pond
988,16.0,0.29,37,35,35,2,0,0,0.9459459459459459,1.0,20220730_053000.WAV,Carp Pond
989,16.0,0.3,37,35,35,2,0,0,0.9459459459459459,1.0,20220730_053000.WAV,Carp Pond
990,16.0,0.31,37,35,35,2,0,0,0.9459459459459459,1.0,20220730_053000.WAV,Carp Pond
991,16.0,0.32,37,35,35,2,0,0,0.9459459459459459,1.0,20220730_053000.WAV,Carp Pond
992,16.0,0.33,37,35,35,2,0,0,0.9459459459459459,1.0,20220730_053000.WAV,Carp Pond
993,16.0,0.34,37,35,35,2,0,0,0.9459459459459459,1.0,20220730_053000.WAV,Carp Pond
994,16.0,0.35,37,35,35,2,0,0,0.9459459459459459,1.0,20220730_053000.WAV,Carp Pond
995,16.0,0.36,37,35,35,2,0,0,0.9459459459459459,1.0,20220730_053000.WAV,Carp Pond
996,16.0,0.37,37,35,35,2,0,0,0.9459459459459459,1.0,20220730_053000.WAV,Carp Pond
997,16.0,0.38,37,35,35,2,0,0,0.9459459459459459,1.0,20220730_053000.WAV,Carp Pond
998,16.0,0.39,37,35,35,2,0,0,0.9459459459459459,1.0,20220730_053000.WAV,Carp Pond
999,16.0,0.4,36,35,34,2,1,0,0.9444444444444444,0.9714285714285714,20220730_053000.WAV,Carp Pond
1000,16.0,0.41,35,35,33,2,2,0,0.9428571428571428,0.9428571428571428,20220730_053000.WAV,Carp Pond
1001,16.0,0.42,33,35,32,1,3,0,0.9696969696969697,0.9142857142857143,20220730_053000.WAV,Carp Pond
1002,16.0,0.43,31,35,30,1,5,0,0.967741935483871,0.8571428571428571,20220730_053000.WAV,Carp Pond
1003,16.0,0.44,30,35,29,1,6,0,0.9666666666666667,0.8285714285714286,20220730_053000.WAV,Carp Pond
1004,16.0,0.45,30,35,29,1,6,0,0.9666666666666667,0.8285714285714286,20220730_053000.WAV,Carp Pond
1005,16.0,0.46,28,35,27,1,8,0,0.9642857142857143,0.7714285714285715,20220730_053000.WAV,Carp Pond
1006,16.0,0.47,28,35,27,1,8,0,0.9642857142857143,0.7714285714285715,20220730_053000.WAV,Carp Pond
1007,16.0,0.48,24,35,24,0,11,0,1.0,0.6857142857142857,20220730_053000.WAV,Carp Pond
1008,16.0,0.49,24,35,24,0,11,0,1.0,0.6857142857142857,20220730_053000.WAV,Carp Pond
1009,16.0,0.5,22,35,22,0,13,0,1.0,0.6285714285714286,20220730_053000.WAV,Carp Pond
1010,16.0,0.51,21,35,21,0,14,0,1.0,0.6,20220730_053000.WAV,Carp Pond
1011,16.0,0.52,20,35,20,0,15,0,1.0,0.5714285714285714,20220730_053000.WAV,Carp Pond
1012,16.0,0.53,17,35,17,0,18,0,1.0,0.4857142857142857,20220730_053000.WAV,Carp Pond
1013,16.0,0.54,17,35,17,0,18,0,1.0,0.4857142857142857,20220730_053000.WAV,Carp Pond
1014,16.0,0.55,14,35,14,0,21,0,1.0,0.4,20220730_053000.WAV,Carp Pond
1015,16.0,0.56,13,35,13,0,22,0,1.0,0.37142857142857144,20220730_053000.WAV,Carp Pond
1016,16.0,0.57,12,35,12,0,23,0,1.0,0.34285714285714286,20220730_053000.WAV,Carp Pond
1017,16.0,0.58,11,35,11,0,24,0,1.0,0.3142857142857143,20220730_053000.WAV,Carp Pond
1018,16.0,0.59,9,35,9,0,26,0,1.0,0.2571428571428571,20220730_053000.WAV,Carp Pond
1019,16.0,0.6,8,35,8,0,27,0,1.0,0.22857142857142856,20220730_053000.WAV,Carp Pond
1020,17.0,0.01,29,26,25,4,1,0,0.8620689655172413,0.9615384615384616,20220730_053000.WAV,Carp Pond
1021,17.0,0.02,29,26,25,4,1,0,0.8620689655172413,0.9615384615384616,20220730_053000.WAV,Carp Pond
1022,17.0,0.03,29,26,25,4,1,0,0.8620689655172413,0.9615384615384616,20220730_053000.WAV,Carp Pond
1023,17.0,0.04,29,26,25,4,1,0,0.8620689655172413,0.9615384615384616,20220730_053000.WAV,Carp Pond
1024,17.0,0.05,29,26,25,4,1,0,0.8620689655172413,0.9615384615384616,20220730_053000.WAV,Carp Pond
1025,17.0,0.06,29,26,25,4,1,0,0.8620689655172413,0.9615384615384616,20220730_053000.WAV,Carp Pond
1026,17.0,0.07,29,26,25,4,1,0,0.8620689655172413,0.9615384615384616,20220730_053000.WAV,Carp Pond
1027,17.0,0.08,29,26,25,4,1,0,0.8620689655172413,0.9615384615384616,20220730_053000.WAV,Carp Pond
1028,17.0,0.09,29,26,25,4,1,0,0.8620689655172413,0.9615384615384616,20220730_053000.WAV,Carp Pond
1029,17.0,0.1,29,26,25,4,1,0,0.8620689655172413,0.9615384615384616,20220730_053000.WAV,Carp Pond
1030,17.0,0.11,29,26,25,4,1,0,0.8620689655172413,0.9615384615384616,20220730_053000.WAV,Carp Pond
1031,17.0,0.12,29,26,25,4,1,0,0.8620689655172413,0.9615384615384616,20220730_053000.WAV,Carp Pond
1032,17.0,0.13,29,26,25,4,1,0,0.8620689655172413,0.9615384615384616,20220730_053000.WAV,Carp Pond
1033,17.0,0.14,29,26,25,4,1,0,0.8620689655172413,0.9615384615384616,20220730_053000.WAV,Carp Pond
1034,17.0,0.15,29,26,25,4,1,0,0.8620689655172413,0.9615384615384616,20220730_053000.WAV,Carp Pond
1035,17.0,0.16,29,26,25,4,1,0,0.8620689655172413,0.9615384615384616,20220730_053000.WAV,Carp Pond
1036,17.0,0.17,29,26,25,4,1,0,0.8620689655172413,0.9615384615384616,20220730_053000.WAV,Carp Pond
1037,17.0,0.18,29,26,25,4,1,0,0.8620689655172413,0.9615384615384616,20220730_053000.WAV,Carp Pond
1038,17.0,0.19,29,26,25,4,1,0,0.8620689655172413,0.9615384615384616,20220730_053000.WAV,Carp Pond
1039,17.0,0.2,29,26,25,4,1,0,0.8620689655172413,0.9615384615384616,20220730_053000.WAV,Carp Pond
1040,17.0,0.21,29,26,25,4,1,0,0.8620689655172413,0.9615384615384616,20220730_053000.WAV,Carp Pond
1041,17.0,0.22,29,26,25,4,1,0,0.8620689655172413,0.9615384615384616,20220730_053000.WAV,Carp Pond
1042,17.0,0.23,29,26,25,4,1,0,0.8620689655172413,0.9615384615384616,20220730_053000.WAV,Carp Pond
1043,17.0,0.24,29,26,25,4,1,0,0.8620689655172413,0.9615384615384616,20220730_053000.WAV,Carp Pond
1044,17.0,0.25,29,26,25,4,1,0,0.8620689655172413,0.9615384615384616,20220730_053000.WAV,Carp Pond
1045,17.0,0.26,29,26,25,4,1,0,0.8620689655172413,0.9615384615384616,20220730_053000.WAV,Carp Pond
1046,17.0,0.27,29,26,25,4,1,0,0.8620689655172413,0.9615384615384616,20220730_053000.WAV,Carp Pond
1047,17.0,0.28,29,26,25,4,1,0,0.8620689655172413,0.9615384615384616,20220730_053000.WAV,Carp Pond
1048,17.0,0.29,29,26,25,4,1,0,0.8620689655172413,0.9615384615384616,20220730_053000.WAV,Carp Pond
1049,17.0,0.3,29,26,25,4,1,0,0.8620689655172413,0.9615384615384616,20220730_053000.WAV,Carp Pond
1050,17.0,0.31,29,26,25,4,1,0,0.8620689655172413,0.9615384615384616,20220730_053000.WAV,Carp Pond
1051,17.0,0.32,29,26,25,4,1,0,0.8620689655172413,0.9615384615384616,20220730_053000.WAV,Carp Pond
1052,17.0,0.33,29,26,25,4,1,0,0.8620689655172413,0.9615384615384616,20220730_053000.WAV,Carp Pond
1053,17.0,0.34,29,26,25,4,1,0,0.8620689655172413,0.9615384615384616,20220730_053000.WAV,Carp Pond
1054,17.0,0.35,29,26,25,4,1,0,0.8620689655172413,0.9615384615384616,20220730_053000.WAV,Carp Pond
1055,17.0,0.36,29,26,25,4,1,0,0.8620689655172413,0.9615384615384616,20220730_053000.WAV,Carp Pond
1056,17.0,0.37,29,26,25,4,1,0,0.8620689655172413,0.9615384615384616,20220730_053000.WAV,Carp Pond
1057,17.0,0.38,29,26,25,4,1,0,0.8620689655172413,0.9615384615384616,20220730_053000.WAV,Carp Pond
1058,17.0,0.39,29,26,25,4,1,0,0.8620689655172413,0.9615384615384616,20220730_053000.WAV,Carp Pond
1059,17.0,0.4,28,26,25,3,1,0,0.8928571428571429,0.9615384615384616,20220730_053000.WAV,Carp Pond
1060,17.0,0.41,28,26,25,3,1,0,0.8928571428571429,0.9615384615384616,20220730_053000.WAV,Carp Pond
1061,17.0,0.42,26,26,25,1,1,0,0.9615384615384616,0.9615384615384616,20220730_053000.WAV,Carp Pond
1062,17.0,0.43,24,26,23,1,3,0,0.9583333333333334,0.8846153846153846,20220730_053000.WAV,Carp Pond
1063,17.0,0.44,24,26,23,1,3,0,0.9583333333333334,0.8846153846153846,20220730_053000.WAV,Carp Pond
1064,17.0,0.45,24,26,23,1,3,0,0.9583333333333334,0.8846153846153846,20220730_053000.WAV,Carp Pond
1065,17.0,0.46,22,26,21,1,5,0,0.9545454545454546,0.8076923076923077,20220730_053000.WAV,Carp Pond
1066,17.0,0.47,22,26,21,1,5,0,0.9545454545454546,0.8076923076923077,20220730_053000.WAV,Carp Pond
1067,17.0,0.48,20,26,19,1,7,0,0.95,0.7307692307692307,20220730_053000.WAV,Carp Pond
1068,17.0,0.49,20,26,19,1,7,0,0.95,0.7307692307692307,20220730_053000.WAV,Carp Pond
1069,17.0,0.5,19,26,19,0,7,0,1.0,0.7307692307692307,20220730_053000.WAV,Carp Pond
1070,17.0,0.51,18,26,18,0,8,0,1.0,0.6923076923076923,20220730_053000.WAV,Carp Pond
1071,17.0,0.52,17,26,17,0,9,0,1.0,0.6538461538461539,20220730_053000.WAV,Carp Pond
1072,17.0,0.53,14,26,14,0,12,0,1.0,0.5384615384615384,20220730_053000.WAV,Carp Pond
1073,17.0,0.54,14,26,14,0,12,0,1.0,0.5384615384615384,20220730_053000.WAV,Carp Pond
1074,17.0,0.55,12,26,12,0,14,0,1.0,0.46153846153846156,20220730_053000.WAV,Carp Pond
1075,17.0,0.56,11,26,11,0,15,0,1.0,0.4230769230769231,20220730_053000.WAV,Carp Pond
1076,17.0,0.57,10,26,10,0,16,0,1.0,0.38461538461538464,20220730_053000.WAV,Carp Pond
1077,17.0,0.58,9,26,9,0,17,0,1.0,0.34615384615384615,20220730_053000.WAV,Carp Pond
1078,17.0,0.59,7,26,7,0,19,0,1.0,0.2692307692307692,20220730_053000.WAV,Carp Pond
1079,17.0,0.6,7,26,7,0,19,0,1.0,0.2692307692307692,20220730_053000.WAV,Carp Pond
1080,18.0,0.01,15,13,13,2,0,0,0.8666666666666667,1.0,20220730_053000.WAV,Carp Pond
1081,18.0,0.02,15,13,13,2,0,0,0.8666666666666667,1.0,20220730_053000.WAV,Carp Pond
1082,18.0,0.03,15,13,13,2,0,0,0.8666666666666667,1.0,20220730_053000.WAV,Carp Pond
1083,18.0,0.04,15,13,13,2,0,0,0.8666666666666667,1.0,20220730_053000.WAV,Carp Pond
1084,18.0,0.05,15,13,13,2,0,0,0.8666666666666667,1.0,20220730_053000.WAV,Carp Pond
1085,18.0,0.06,15,13,13,2,0,0,0.8666666666666667,1.0,20220730_053000.WAV,Carp Pond
1086,18.0,0.07,15,13,13,2,0,0,0.8666666666666667,1.0,20220730_053000.WAV,Carp Pond
1087,18.0,0.08,15,13,13,2,0,0,0.8666666666666667,1.0,20220730_053000.WAV,Carp Pond
1088,18.0,0.09,15,13,13,2,0,0,0.8666666666666667,1.0,20220730_053000.WAV,Carp Pond
1089,18.0,0.1,15,13,13,2,0,0,0.8666666666666667,1.0,20220730_053000.WAV,Carp Pond
1090,18.0,0.11,15,13,13,2,0,0,0.8666666666666667,1.0,20220730_053000.WAV,Carp Pond
1091,18.0,0.12,15,13,13,2,0,0,0.8666666666666667,1.0,20220730_053000.WAV,Carp Pond
1092,18.0,0.13,15,13,13,2,0,0,0.8666666666666667,1.0,20220730_053000.WAV,Carp Pond
1093,18.0,0.14,15,13,13,2,0,0,0.8666666666666667,1.0,20220730_053000.WAV,Carp Pond
1094,18.0,0.15,15,13,13,2,0,0,0.8666666666666667,1.0,20220730_053000.WAV,Carp Pond
1095,18.0,0.16,15,13,13,2,0,0,0.8666666666666667,1.0,20220730_053000.WAV,Carp Pond
1096,18.0,0.17,15,13,13,2,0,0,0.8666666666666667,1.0,20220730_053000.WAV,Carp Pond
1097,18.0,0.18,15,13,13,2,0,0,0.8666666666666667,1.0,20220730_053000.WAV,Carp Pond
1098,18.0,0.19,15,13,13,2,0,0,0.8666666666666667,1.0,20220730_053000.WAV,Carp Pond
1099,18.0,0.2,15,13,13,2,0,0,0.8666666666666667,1.0,20220730_053000.WAV,Carp Pond
1100,18.0,0.21,15,13,13,2,0,0,0.8666666666666667,1.0,20220730_053000.WAV,Carp Pond
1101,18.0,0.22,15,13,13,2,0,0,0.8666666666666667,1.0,20220730_053000.WAV,Carp Pond
1102,18.0,0.23,15,13,13,2,0,0,0.8666666666666667,1.0,20220730_053000.WAV,Carp Pond
1103,18.0,0.24,15,13,13,2,0,0,0.8666666666666667,1.0,20220730_053000.WAV,Carp Pond
1104,18.0,0.25,15,13,13,2,0,0,0.8666666666666667,1.0,20220730_053000.WAV,Carp Pond
1105,18.0,0.26,15,13,13,2,0,0,0.8666666666666667,1.0,20220730_053000.WAV,Carp Pond
1106,18.0,0.27,15,13,13,2,0,0,0.8666666666666667,1.0,20220730_053000.WAV,Carp Pond
1107,18.0,0.28,15,13,13,2,0,0,0.8666666666666667,1.0,20220730_053000.WAV,Carp Pond
1108,18.0,0.29,15,13,13,2,0,0,0.8666666666666667,1.0,20220730_053000.WAV,Carp Pond
1109,18.0,0.3,15,13,13,2,0,0,0.8666666666666667,1.0,20220730_053000.WAV,Carp Pond
1110,18.0,0.31,15,13,13,2,0,0,0.8666666666666667,1.0,20220730_053000.WAV,Carp Pond
1111,18.0,0.32,15,13,13,2,0,0,0.8666666666666667,1.0,20220730_053000.WAV,Carp Pond
1112,18.0,0.33,15,13,13,2,0,0,0.8666666666666667,1.0,20220730_053000.WAV,Carp Pond
1113,18.0,0.34,15,13,13,2,0,0,0.8666666666666667,1.0,20220730_053000.WAV,Carp Pond
1114,18.0,0.35,15,13,13,2,0,0,0.8666666666666667,1.0,20220730_053000.WAV,Carp Pond
1115,18.0,0.36,15,13,13,2,0,0,0.8666666666666667,1.0,20220730_053000.WAV,Carp Pond
1116,18.0,0.37,15,13,13,2,0,0,0.8666666666666667,1.0,20220730_053000.WAV,Carp Pond
1117,18.0,0.38,15,13,13,2,0,0,0.8666666666666667,1.0,20220730_053000.WAV,Carp Pond
1118,18.0,0.39,15,13,13,2,0,0,0.8666666666666667,1.0,20220730_053000.WAV,Carp Pond
1119,18.0,0.4,15,13,13,2,0,0,0.8666666666666667,1.0,20220730_053000.WAV,Carp Pond
1120,18.0,0.41,15,13,13,2,0,0,0.8666666666666667,1.0,20220730_053000.WAV,Carp Pond
1121,18.0,0.42,14,13,13,1,0,0,0.9285714285714286,1.0,20220730_053000.WAV,Carp Pond
1122,18.0,0.43,12,13,11,1,2,0,0.9166666666666666,0.8461538461538461,20220730_053000.WAV,Carp Pond
1123,18.0,0.44,12,13,11,1,2,0,0.9166666666666666,0.8461538461538461,20220730_053000.WAV,Carp Pond
1124,18.0,0.45,12,13,11,1,2,0,0.9166666666666666,0.8461538461538461,20220730_053000.WAV,Carp Pond
1125,18.0,0.46,10,13,10,0,3,0,1.0,0.7692307692307693,20220730_053000.WAV,Carp Pond
1126,18.0,0.47,10,13,10,0,3,0,1.0,0.7692307692307693,20220730_053000.WAV,Carp Pond
1127,18.0,0.48,8,13,8,0,5,0,1.0,0.6153846153846154,20220730_053000.WAV,Carp Pond
1128,18.0,0.49,8,13,8,0,5,0,1.0,0.6153846153846154,20220730_053000.WAV,Carp Pond
1129,18.0,0.5,8,13,8,0,5,0,1.0,0.6153846153846154,20220730_053000.WAV,Carp Pond
1130,18.0,0.51,7,13,7,0,6,0,1.0,0.5384615384615384,20220730_053000.WAV,Carp Pond
1131,18.0,0.52,7,13,7,0,6,0,1.0,0.5384615384615384,20220730_053000.WAV,Carp Pond
1132,18.0,0.53,7,13,7,0,6,0,1.0,0.5384615384615384,20220730_053000.WAV,Carp Pond
1133,18.0,0.54,7,13,7,0,6,0,1.0,0.5384615384615384,20220730_053000.WAV,Carp Pond
1134,18.0,0.55,6,13,6,0,7,0,1.0,0.46153846153846156,20220730_053000.WAV,Carp Pond
1135,18.0,0.56,6,13,6,0,7,0,1.0,0.46153846153846156,20220730_053000.WAV,Carp Pond
1136,18.0,0.57,6,13,6,0,7,0,1.0,0.46153846153846156,20220730_053000.WAV,Carp Pond
1137,18.0,0.58,5,13,5,0,8,0,1.0,0.38461538461538464,20220730_053000.WAV,Carp Pond
1138,18.0,0.59,4,13,4,0,9,0,1.0,0.3076923076923077,20220730_053000.WAV,Carp Pond
1139,18.0,0.6,4,13,4,0,9,0,1.0,0.3076923076923077,20220730_053000.WAV,Carp Pond
1140,19.0,0.01,10,9,9,1,0,0,0.9,1.0,20220730_053000.WAV,Carp Pond
1141,19.0,0.02,10,9,9,1,0,0,0.9,1.0,20220730_053000.WAV,Carp Pond
1142,19.0,0.03,10,9,9,1,0,0,0.9,1.0,20220730_053000.WAV,Carp Pond
1143,19.0,0.04,10,9,9,1,0,0,0.9,1.0,20220730_053000.WAV,Carp Pond
1144,19.0,0.05,10,9,9,1,0,0,0.9,1.0,20220730_053000.WAV,Carp Pond
1145,19.0,0.06,10,9,9,1,0,0,0.9,1.0,20220730_053000.WAV,Carp Pond
1146,19.0,0.07,10,9,9,1,0,0,0.9,1.0,20220730_053000.WAV,Carp Pond
1147,19.0,0.08,10,9,9,1,0,0,0.9,1.0,20220730_053000.WAV,Carp Pond
1148,19.0,0.09,10,9,9,1,0,0,0.9,1.0,20220730_053000.WAV,Carp Pond
1149,19.0,0.1,10,9,9,1,0,0,0.9,1.0,20220730_053000.WAV,Carp Pond
1150,19.0,0.11,10,9,9,1,0,0,0.9,1.0,20220730_053000.WAV,Carp Pond
1151,19.0,0.12,10,9,9,1,0,0,0.9,1.0,20220730_053000.WAV,Carp Pond
1152,19.0,0.13,10,9,9,1,0,0,0.9,1.0,20220730_053000.WAV,Carp Pond
1153,19.0,0.14,10,9,9,1,0,0,0.9,1.0,20220730_053000.WAV,Carp Pond
1154,19.0,0.15,10,9,9,1,0,0,0.9,1.0,20220730_053000.WAV,Carp Pond
1155,19.0,0.16,10,9,9,1,0,0,0.9,1.0,20220730_053000.WAV,Carp Pond
1156,19.0,0.17,10,9,9,1,0,0,0.9,1.0,20220730_053000.WAV,Carp Pond
1157,19.0,0.18,10,9,9,1,0,0,0.9,1.0,20220730_053000.WAV,Carp Pond
1158,19.0,0.19,10,9,9,1,0,0,0.9,1.0,20220730_053000.WAV,Carp Pond
1159,19.0,0.2,10,9,9,1,0,0,0.9,1.0,20220730_053000.WAV,Carp Pond
1160,19.0,0.21,10,9,9,1,0,0,0.9,1.0,20220730_053000.WAV,Carp Pond
1161,19.0,0.22,10,9,9,1,0,0,0.9,1.0,20220730_053000.WAV,Carp Pond
1162,19.0,0.23,10,9,9,1,0,0,0.9,1.0,20220730_053000.WAV,Carp Pond
1163,19.0,0.24,10,9,9,1,0,0,0.9,1.0,20220730_053000.WAV,Carp Pond
1164,19.0,0.25,10,9,9,1,0,0,0.9,1.0,20220730_053000.WAV,Carp Pond
1165,19.0,0.26,10,9,9,1,0,0,0.9,1.0,20220730_053000.WAV,Carp Pond
1166,19.0,0.27,10,9,9,1,0,0,0.9,1.0,20220730_053000.WAV,Carp Pond
1167,19.0,0.28,10,9,9,1,0,0,0.9,1.0,20220730_053000.WAV,Carp Pond
1168,19.0,0.29,10,9,9,1,0,0,0.9,1.0,20220730_053000.WAV,Carp Pond
1169,19.0,0.3,10,9,9,1,0,0,0.9,1.0,20220730_053000.WAV,Carp Pond
1170,19.0,0.31,10,9,9,1,0,0,0.9,1.0,20220730_053000.WAV,Carp Pond
1171,19.0,0.32,10,9,9,1,0,0,0.9,1.0,20220730_053000.WAV,Carp Pond
1172,19.0,0.33,10,9,9,1,0,0,0.9,1.0,20220730_053000.WAV,Carp Pond
1173,19.0,0.34,10,9,9,1,0,0,0.9,1.0,20220730_053000.WAV,Carp Pond
1174,19.0,0.35,10,9,9,1,0,0,0.9,1.0,20220730_053000.WAV,Carp Pond
1175,19.0,0.36,10,9,9,1,0,0,0.9,1.0,20220730_053000.WAV,Carp Pond
1176,19.0,0.37,10,9,9,1,0,0,0.9,1.0,20220730_053000.WAV,Carp Pond
1177,19.0,0.38,10,9,9,1,0,0,0.9,1.0,20220730_053000.WAV,Carp Pond
1178,19.0,0.39,10,9,9,1,0,0,0.9,1.0,20220730_053000.WAV,Carp Pond
1179,19.0,0.4,10,9,9,1,0,0,0.9,1.0,20220730_053000.WAV,Carp Pond
1180,19.0,0.41,10,9,9,1,0,0,0.9,1.0,20220730_053000.WAV,Carp Pond
1181,19.0,0.42,10,9,9,1,0,0,0.9,1.0,20220730_053000.WAV,Carp Pond
1182,19.0,0.43,8,9,7,1,2,0,0.875,0.7777777777777778,20220730_053000.WAV,Carp Pond
1183,19.0,0.44,8,9,7,1,2,0,0.875,0.7777777777777778,20220730_053000.WAV,Carp Pond
1184,19.0,0.45,8,9,7,1,2,0,0.875,0.7777777777777778,20220730_053000.WAV,Carp Pond
1185,19.0,0.46,7,9,7,0,2,0,1.0,0.7777777777777778,20220730_053000.WAV,Carp Pond
1186,19.0,0.47,7,9,7,0,2,0,1.0,0.7777777777777778,20220730_053000.WAV,Carp Pond
1187,19.0,0.48,5,9,5,0,4,0,1.0,0.5555555555555556,20220730_053000.WAV,Carp Pond
1188,19.0,0.49,5,9,5,0,4,0,1.0,0.5555555555555556,20220730_053000.WAV,Carp Pond
1189,19.0,0.5,5,9,5,0,4,0,1.0,0.5555555555555556,20220730_053000.WAV,Carp Pond
1190,19.0,0.51,4,9,4,0,5,0,1.0,0.4444444444444444,20220730_053000.WAV,Carp Pond
1191,19.0,0.52,4,9,4,0,5,0,1.0,0.4444444444444444,20220730_053000.WAV,Carp Pond
1192,19.0,0.53,4,9,4,0,5,0,1.0,0.4444444444444444,20220730_053000.WAV,Carp Pond
1193,19.0,0.54,4,9,4,0,5,0,1.0,0.4444444444444444,20220730_053000.WAV,Carp Pond
1194,19.0,0.55,3,9,3,0,6,0,1.0,0.3333333333333333,20220730_053000.WAV,Carp Pond
1195,19.0,0.56,3,9,3,0,6,0,1.0,0.3333333333333333,20220730_053000.WAV,Carp Pond
1196,19.0,0.57,3,9,3,0,6,0,1.0,0.3333333333333333,20220730_053000.WAV,Carp Pond
1197,19.0,0.58,3,9,3,0,6,0,1.0,0.3333333333333333,20220730_053000.WAV,Carp Pond
1198,19.0,0.59,2,9,2,0,7,0,1.0,0.2222222222222222,20220730_053000.WAV,Carp Pond
1199,19.0,0.6,2,9,2,0,7,0,1.0,0.2222222222222222,20220730_053000.WAV,Carp Pond
0,0.0,0.01,16782,3235,3188,13594,44,0,0.18996543916100583,0.9863861386138614,20220826_070000.WAV,Central Pond
1,0.0,0.02,16755,3235,3188,13567,44,0,0.19027156072814086,0.9863861386138614,20220826_070000.WAV,Central Pond
2,0.0,0.03,7020,3235,3179,3841,51,0,0.45284900284900287,0.9842105263157894,20220826_070000.WAV,Central Pond
3,0.0,0.04,4850,3235,3163,1687,67,0,0.6521649484536083,0.9792569659442725,20220826_070000.WAV,Central Pond
4,0.0,0.05,4211,3235,3138,1073,92,0,0.7451911659938257,0.9715170278637771,20220826_070000.WAV,Central Pond
5,0.0,0.06,3946,3235,3118,828,112,0,0.7901672579827673,0.9653250773993808,20220826_070000.WAV,Central Pond
6,0.0,0.07,3783,3235,3104,679,126,0,0.8205128205128205,0.9609907120743034,20220826_070000.WAV,Central Pond
7,0.0,0.08,3654,3235,3070,584,160,0,0.8401751505199782,0.9504643962848297,20220826_070000.WAV,Central Pond
8,0.0,0.09,3553,3235,3041,512,189,0,0.8558964255558683,0.9414860681114551,20220826_070000.WAV,Central Pond
9,0.0,0.1,3480,3235,3016,464,214,0,0.8666666666666667,0.9337461300309597,20220826_070000.WAV,Central Pond
10,0.0,0.11,3426,3235,2996,430,234,0,0.8744892002335085,0.9275541795665635,20220826_070000.WAV,Central Pond
11,0.0,0.12,3357,3235,2965,392,265,0,0.883229073577599,0.9179566563467493,20220826_070000.WAV,Central Pond
12,0.0,0.13,3297,3235,2946,351,284,0,0.8935395814376706,0.9120743034055727,20220826_070000.WAV,Central Pond
13,0.0,0.14,3248,3235,2922,326,308,0,0.8996305418719212,0.9046439628482972,20220826_070000.WAV,Central Pond
14,0.0,0.15,3202,3235,2900,302,330,0,0.905683947532792,0.8978328173374613,20220826_070000.WAV,Central Pond
15,0.0,0.16,3161,3235,2878,283,352,0,0.9104713698196774,0.8910216718266254,20220826_070000.WAV,Central Pond
16,0.0,0.17,3103,3235,2850,253,380,0,0.9184660006445375,0.8823529411764706,20220826_070000.WAV,Central Pond
17,0.0,0.18,3064,3235,2827,237,403,0,0.9226501305483029,0.8752321981424148,20220826_070000.WAV,Central Pond
18,0.0,0.19,3032,3235,2810,222,420,0,0.9267810026385225,0.8699690402476781,20220826_070000.WAV,Central Pond
19,0.0,0.2,2985,3235,2779,206,451,0,0.9309882747068676,0.8603715170278637,20220826_070000.WAV,Central Pond
20,0.0,0.21,2940,3235,2747,193,483,0,0.9343537414965987,0.8504643962848297,20220826_070000.WAV,Central Pond
21,0.0,0.22,2889,3235,2714,175,516,0,0.9394254067151263,0.8402476780185758,20220826_070000.WAV,Central Pond
22,0.0,0.23,2837,3235,2677,160,553,0,0.9436023968981319,0.8287925696594427,20220826_070000.WAV,Central Pond
23,0.0,0.24,2800,3235,2648,152,582,0,0.9457142857142857,0.8198142414860681,20220826_070000.WAV,Central Pond
24,0.0,0.25,2764,3235,2619,145,611,0,0.9475397973950795,0.8108359133126934,20220826_070000.WAV,Central Pond
25,0.0,0.26,2730,3235,2593,137,637,0,0.9498168498168498,0.8027863777089783,20220826_070000.WAV,Central Pond
26,0.0,0.27,2691,3235,2559,132,671,0,0.9509476031215162,0.7922600619195046,20220826_070000.WAV,Central Pond
27,0.0,0.28,2641,3235,2523,118,707,0,0.9553199545626656,0.7811145510835913,20220826_070000.WAV,Central Pond
28,0.0,0.29,2587,3235,2474,113,756,0,0.9563200618477,0.7659442724458204,20220826_070000.WAV,Central Pond
29,0.0,0.3,2535,3235,2438,97,792,0,0.9617357001972386,0.7547987616099071,20220826_070000.WAV,Central Pond
30,0.0,0.31,2488,3235,2395,93,835,0,0.962620578778135,0.7414860681114551,20220826_070000.WAV,Central Pond
31,0.0,0.32,2433,3235,2348,85,882,0,0.9650637073571722,0.7269349845201238,20220826_070000.WAV,Central Pond
32,0.0,0.33,2383,3235,2307,76,923,0,0.9681074276122534,0.7142414860681114,20220826_070000.WAV,Central Pond
33,0.0,0.34,2335,3235,2273,62,957,0,0.9734475374732334,0.7037151702786377,20220826_070000.WAV,Central Pond
34,0.0,0.35,2273,3235,2214,59,1016,0,0.9740431148262209,0.6854489164086688,20220826_070000.WAV,Central Pond
35,0.0,0.36,2212,3235,2161,51,1069,0,0.9769439421338155,0.6690402476780186,20220826_070000.WAV,Central Pond
36,0.0,0.37,2155,3235,2108,47,1122,0,0.9781902552204176,0.6526315789473685,20220826_070000.WAV,Central Pond
37,0.0,0.38,2099,3235,2059,40,1171,0,0.9809433063363506,0.6374613003095976,20220826_070000.WAV,Central Pond
38,0.0,0.39,2041,3235,2007,34,1223,0,0.9833414992650662,0.6213622291021672,20220826_070000.WAV,Central Pond
39,0.0,0.4,1979,3235,1955,24,1276,0,0.9878726629610914,0.6050758279170535,20220826_070000.WAV,Central Pond
40,0.0,0.41,1920,3235,1897,23,1334,0,0.9880208333333333,0.5871247291860106,20220826_070000.WAV,Central Pond
41,0.0,0.42,1851,3235,1836,15,1395,0,0.9918962722852512,0.5682451253481894,20220826_070000.WAV,Central Pond
42,0.0,0.43,1791,3235,1780,11,1451,0,0.993858179787828,0.5509130300216651,20220826_070000.WAV,Central Pond
43,0.0,0.44,1733,3235,1727,6,1504,0,0.996537795729948,0.5345094398019189,20220826_070000.WAV,Central Pond
44,0.0,0.45,1672,3235,1667,5,1564,0,0.9970095693779905,0.5159393376663571,20220826_070000.WAV,Central Pond
45,0.0,0.46,1605,3235,1601,4,1630,0,0.9975077881619938,0.49551222531723926,20220826_070000.WAV,Central Pond
46,0.0,0.47,1547,3235,1544,3,1687,0,0.9980607627666451,0.4778706282884556,20220826_070000.WAV,Central Pond
47,0.0,0.48,1464,3235,1463,1,1769,0,0.9993169398907104,0.4526608910891089,20220826_070000.WAV,Central Pond
48,0.0,0.49,1405,3235,1404,1,1828,0,0.999288256227758,0.4344059405940594,20220826_070000.WAV,Central Pond
49,0.0,0.5,1327,3235,1327,0,1906,0,1.0,0.41045468605010826,20220826_070000.WAV,Central Pond
50,0.0,0.51,1249,3235,1249,0,1984,0,1.0,0.38632848747293536,20220826_070000.WAV,Central Pond
51,0.0,0.52,1161,3235,1161,0,2072,0,1.0,0.35910918651407364,20220826_070000.WAV,Central Pond
52,0.0,0.53,1062,3235,1062,0,2171,0,1.0,0.3284874729353542,20220826_070000.WAV,Central Pond
53,0.0,0.54,974,3235,974,0,2259,0,1.0,0.3012681719764924,20220826_070000.WAV,Central Pond
54,0.0,0.55,878,3235,878,0,2355,0,1.0,0.2715743891122796,20220826_070000.WAV,Central Pond
55,0.0,0.56,808,3235,808,0,2425,0,1.0,0.24992267244045777,20220826_070000.WAV,Central Pond
56,0.0,0.57,707,3235,707,0,2526,0,1.0,0.21868233838540055,20220826_070000.WAV,Central Pond
57,0.0,0.58,627,3235,627,0,2606,0,1.0,0.19393751933188988,20220826_070000.WAV,Central Pond
58,0.0,0.59,539,3235,539,0,2694,0,1.0,0.16671821837302814,20220826_070000.WAV,Central Pond
59,0.0,0.6,458,3235,458,0,2775,0,1.0,0.1416640890813486,20220826_070000.WAV,Central Pond
60,1.0,0.01,6789,3124,3077,3712,44,0,0.45323317130652524,0.9859019545017622,20220826_070000.WAV,Central Pond
61,1.0,0.02,6787,3124,3077,3710,44,0,0.4533667305142184,0.9859019545017622,20220826_070000.WAV,Central Pond
62,1.0,0.03,5129,3124,3072,2057,48,0,0.5989471631897056,0.9846153846153847,20220826_070000.WAV,Central Pond
63,1.0,0.04,4311,3124,3061,1250,59,0,0.7100440733008583,0.9810897435897435,20220826_070000.WAV,Central Pond
64,1.0,0.05,3972,3124,3045,927,75,0,0.7666163141993958,0.9759615384615384,20220826_070000.WAV,Central Pond
65,1.0,0.06,3798,3124,3028,770,92,0,0.7972617166929963,0.9705128205128205,20220826_070000.WAV,Central Pond
66,1.0,0.07,3671,3124,3016,655,104,0,0.821574502860256,0.9666666666666667,20220826_070000.WAV,Central Pond
67,1.0,0.08,3570,3124,2988,582,132,0,0.8369747899159664,0.9576923076923077,20220826_070000.WAV,Central Pond
68,1.0,0.09,3487,3124,2965,522,155,0,0.8503011184399197,0.9503205128205128,20220826_070000.WAV,Central Pond
69,1.0,0.1,3423,3124,2944,479,176,0,0.8600642711072158,0.9435897435897436,20220826_070000.WAV,Central Pond
70,1.0,0.11,3375,3124,2925,450,195,0,0.8666666666666667,0.9375,20220826_070000.WAV,Central Pond
71,1.0,0.12,3308,3124,2898,410,222,0,0.8760580411124547,0.9288461538461539,20220826_070000.WAV,Central Pond
72,1.0,0.13,3251,3124,2880,371,240,0,0.8858812673023685,0.9230769230769231,20220826_070000.WAV,Central Pond
73,1.0,0.14,3204,3124,2859,345,261,0,0.8923220973782772,0.9163461538461538,20220826_070000.WAV,Central Pond
74,1.0,0.15,3164,3124,2842,322,278,0,0.8982300884955752,0.9108974358974359,20220826_070000.WAV,Central Pond
75,1.0,0.16,3128,3124,2823,305,297,0,0.9024936061381074,0.9048076923076923,20220826_070000.WAV,Central Pond
76,1.0,0.17,3074,3124,2797,277,323,0,0.909889394925179,0.896474358974359,20220826_070000.WAV,Central Pond
77,1.0,0.18,3038,3124,2776,262,344,0,0.9137590520079,0.8897435897435897,20220826_070000.WAV,Central Pond
78,1.0,0.19,3012,3124,2760,252,360,0,0.9163346613545816,0.8846153846153846,20220826_070000.WAV,Central Pond
79,1.0,0.2,2968,3124,2732,236,388,0,0.9204851752021563,0.8756410256410256,20220826_070000.WAV,Central Pond
80,1.0,0.21,2924,3124,2704,220,416,0,0.9247606019151847,0.8666666666666667,20220826_070000.WAV,Central Pond
81,1.0,0.22,2875,3124,2674,201,446,0,0.9300869565217391,0.857051282051282,20220826_070000.WAV,Central Pond
82,1.0,0.23,2825,3124,2641,184,479,0,0.9348672566371682,0.846474358974359,20220826_070000.WAV,Central Pond
83,1.0,0.24,2789,3124,2613,176,507,0,0.9368949444245249,0.8375,20220826_070000.WAV,Central Pond
84,1.0,0.25,2753,3124,2585,168,535,0,0.9389756629131856,0.8285256410256411,20220826_070000.WAV,Central Pond
85,1.0,0.26,2721,3124,2560,161,560,0,0.9408305769937523,0.8205128205128205,20220826_070000.WAV,Central Pond
86,1.0,0.27,2682,3124,2528,154,592,0,0.9425801640566741,0.8102564102564103,20220826_070000.WAV,Central Pond
87,1.0,0.28,2634,3124,2492,142,628,0,0.9460895975702354,0.7987179487179488,20220826_070000.WAV,Central Pond
88,1.0,0.29,2580,3124,2445,135,675,0,0.9476744186046512,0.7836538461538461,20220826_070000.WAV,Central Pond
89,1.0,0.3,2530,3124,2411,119,709,0,0.9529644268774704,0.7727564102564103,20220826_070000.WAV,Central Pond
90,1.0,0.31,2484,3124,2372,112,748,0,0.9549114331723028,0.7602564102564102,20220826_070000.WAV,Central Pond
91,1.0,0.32,2430,3124,2327,103,793,0,0.9576131687242798,0.7458333333333333,20220826_070000.WAV,Central Pond
92,1.0,0.33,2380,3124,2289,91,831,0,0.961764705882353,0.7336538461538461,20220826_070000.WAV,Central Pond
93,1.0,0.34,2334,3124,2256,78,864,0,0.9665809768637532,0.7230769230769231,20220826_070000.WAV,Central Pond
94,1.0,0.35,2272,3124,2198,74,922,0,0.9674295774647887,0.7044871794871795,20220826_070000.WAV,Central Pond
95,1.0,0.36,2211,3124,2145,66,975,0,0.9701492537313433,0.6875,20220826_070000.WAV,Central Pond
96,1.0,0.37,2154,3124,2092,62,1028,0,0.9712163416898792,0.6705128205128205,20220826_070000.WAV,Central Pond
97,1.0,0.38,2098,3124,2044,54,1076,0,0.9742612011439467,0.6551282051282051,20220826_070000.WAV,Central Pond
98,1.0,0.39,2040,3124,1994,46,1126,0,0.9774509803921568,0.639102564102564,20220826_070000.WAV,Central Pond
99,1.0,0.4,1978,3124,1944,34,1177,0,0.9828109201213346,0.6228772829221403,20220826_070000.WAV,Central Pond
100,1.0,0.41,1919,3124,1887,32,1234,0,0.9833246482542991,0.6046139057994233,20220826_070000.WAV,Central Pond
101,1.0,0.42,1850,3124,1829,21,1292,0,0.9886486486486487,0.5860301185517462,20220826_070000.WAV,Central Pond
102,1.0,0.43,1790,3124,1773,17,1348,0,0.9905027932960894,0.5680871515539891,20220826_070000.WAV,Central Pond
103,1.0,0.44,1732,3124,1722,10,1399,0,0.9942263279445728,0.5517462351810317,20220826_070000.WAV,Central Pond
104,1.0,0.45,1671,3124,1662,9,1459,0,0.9946140035906643,0.5325216276834348,20220826_070000.WAV,Central Pond
105,1.0,0.46,1604,3124,1596,8,1525,0,0.9950124688279302,0.5113745594360782,20220826_070000.WAV,Central Pond
106,1.0,0.47,1546,3124,1540,6,1581,0,0.9961190168175937,0.4934315924383211,20220826_070000.WAV,Central Pond
107,1.0,0.48,1463,3124,1459,4,1663,0,0.9972658920027341,0.4673286354900705,20220826_070000.WAV,Central Pond
108,1.0,0.49,1404,3124,1400,4,1722,0,0.9971509971509972,0.4484304932735426,20220826_070000.WAV,Central Pond
109,1.0,0.5,1327,3124,1327,0,1795,0,1.0,0.4250480461242793,20220826_070000.WAV,Central Pond
110,1.0,0.51,1249,3124,1249,0,1873,0,1.0,0.40006406149903906,20220826_070000.WAV,Central Pond
111,1.0,0.52,1161,3124,1161,0,1961,0,1.0,0.371877001921845,20220826_070000.WAV,Central Pond
112,1.0,0.53,1062,3124,1062,0,2060,0,1.0,0.3401665598975016,20220826_070000.WAV,Central Pond
113,1.0,0.54,974,3124,974,0,2148,0,1.0,0.31197950032030747,20220826_070000.WAV,Central Pond
114,1.0,0.55,878,3124,878,0,2244,0,1.0,0.2812299807815503,20220826_070000.WAV,Central Pond
115,1.0,0.56,808,3124,808,0,2314,0,1.0,0.2588084561178732,20220826_070000.WAV,Central Pond
116,1.0,0.57,707,3124,707,0,2415,0,1.0,0.226457399103139,20220826_070000.WAV,Central Pond
117,1.0,0.58,627,3124,627,0,2495,0,1.0,0.200832799487508,20220826_070000.WAV,Central Pond
118,1.0,0.59,539,3124,539,0,2583,0,1.0,0.1726457399103139,20220826_070000.WAV,Central Pond
119,1.0,0.6,458,3124,458,0,2664,0,1.0,0.1467008327994875,20220826_070000.WAV,Central Pond
120,2.0,0.01,4425,2834,2792,1633,38,0,0.6309604519774011,0.9865724381625441,20220826_070000.WAV,Central Pond
121,2.0,0.02,4425,2834,2792,1633,38,0,0.6309604519774011,0.9865724381625441,20220826_070000.WAV,Central Pond
122,2.0,0.03,3963,2834,2790,1173,40,0,0.7040121120363361,0.9858657243816255,20220826_070000.WAV,Central Pond
123,2.0,0.04,3662,2834,2784,878,46,0,0.7602403058438012,0.9837455830388693,20220826_070000.WAV,Central Pond
124,2.0,0.05,3536,2834,2777,759,53,0,0.7853506787330317,0.9812720848056538,20220826_070000.WAV,Central Pond
125,2.0,0.06,3453,2834,2764,689,66,0,0.8004633651896901,0.976678445229682,20220826_070000.WAV,Central Pond
126,2.0,0.07,3395,2834,2758,637,72,0,0.8123711340206186,0.9745583038869258,20220826_070000.WAV,Central Pond
127,2.0,0.08,3330,2834,2741,589,89,0,0.8231231231231231,0.9685512367491166,20220826_070000.WAV,Central Pond
128,2.0,0.09,3272,2834,2725,547,105,0,0.8328239608801956,0.9628975265017667,20220826_070000.WAV,Central Pond
129,2.0,0.1,3228,2834,2712,516,118,0,0.8401486988847584,0.958303886925795,20220826_070000.WAV,Central Pond
130,2.0,0.11,3188,2834,2700,488,130,0,0.8469259723964868,0.9540636042402827,20220826_070000.WAV,Central Pond
131,2.0,0.12,3145,2834,2680,465,150,0,0.8521462639109698,0.9469964664310954,20220826_070000.WAV,Central Pond
132,2.0,0.13,3101,2834,2665,436,165,0,0.8594001934859723,0.941696113074205,20220826_070000.WAV,Central Pond
133,2.0,0.14,3065,2834,2648,417,182,0,0.86394779771615,0.9356890459363958,20220826_070000.WAV,Central Pond
134,2.0,0.15,3035,2834,2635,400,195,0,0.8682042833607908,0.931095406360424,20220826_070000.WAV,Central Pond
135,2.0,0.16,3009,2834,2624,385,206,0,0.8720505151213027,0.927208480565371,20220826_070000.WAV,Central Pond
136,2.0,0.17,2964,2834,2604,360,226,0,0.8785425101214575,0.9201413427561838,20220826_070000.WAV,Central Pond
137,2.0,0.18,2934,2834,2586,348,244,0,0.8813905930470347,0.9137809187279152,20220826_070000.WAV,Central Pond
138,2.0,0.19,2914,2834,2574,340,256,0,0.883321894303363,0.9095406360424029,20220826_070000.WAV,Central Pond
139,2.0,0.2,2880,2834,2555,325,275,0,0.8871527777777778,0.9028268551236749,20220826_070000.WAV,Central Pond
140,2.0,0.21,2841,2834,2536,305,294,0,0.8926434354100669,0.896113074204947,20220826_070000.WAV,Central Pond
141,2.0,0.22,2798,2834,2512,286,318,0,0.8977841315225161,0.8876325088339223,20220826_070000.WAV,Central Pond
142,2.0,0.23,2753,2834,2484,269,346,0,0.9022884126407555,0.8777385159010601,20220826_070000.WAV,Central Pond
143,2.0,0.24,2719,2834,2461,258,369,0,0.9051121735932328,0.8696113074204948,20220826_070000.WAV,Central Pond
144,2.0,0.25,2689,2834,2442,247,388,0,0.9081442915582001,0.8628975265017668,20220826_070000.WAV,Central Pond
145,2.0,0.26,2662,2834,2421,241,409,0,0.9094665664913599,0.8554770318021201,20220826_070000.WAV,Central Pond
146,2.0,0.27,2626,2834,2393,233,437,0,0.9112718964204113,0.8455830388692579,20220826_070000.WAV,Central Pond
147,2.0,0.28,2581,2834,2364,217,466,0,0.9159240604416893,0.8353356890459364,20220826_070000.WAV,Central Pond
148,2.0,0.29,2531,2834,2326,205,504,0,0.9190043461082577,0.8219081272084806,20220826_070000.WAV,Central Pond
149,2.0,0.3,2484,2834,2297,187,533,0,0.9247181964573269,0.811660777385159,20220826_070000.WAV,Central Pond
150,2.0,0.31,2441,2834,2263,178,567,0,0.9270790659565752,0.7996466431095406,20220826_070000.WAV,Central Pond
151,2.0,0.32,2389,2834,2223,166,607,0,0.930514859773964,0.785512367491166,20220826_070000.WAV,Central Pond
152,2.0,0.33,2346,2834,2195,151,635,0,0.9356351236146633,0.7756183745583038,20220826_070000.WAV,Central Pond
153,2.0,0.34,2306,2834,2164,142,666,0,0.9384215091066782,0.7646643109540636,20220826_070000.WAV,Central Pond
154,2.0,0.35,2244,2834,2114,130,716,0,0.9420677361853832,0.7469964664310954,20220826_070000.WAV,Central Pond
155,2.0,0.36,2185,2834,2071,114,759,0,0.9478260869565217,0.7318021201413427,20220826_070000.WAV,Central Pond
156,2.0,0.37,2129,2834,2027,102,803,0,0.9520901831845937,0.7162544169611308,20220826_070000.WAV,Central Pond
157,2.0,0.38,2077,2834,1989,88,841,0,0.9576311988444872,0.7028268551236749,20220826_070000.WAV,Central Pond
158,2.0,0.39,2021,2834,1943,78,887,0,0.9614052449282533,0.6865724381625442,20220826_070000.WAV,Central Pond
159,2.0,0.4,1963,2834,1895,68,936,0,0.9653591441670912,0.669374779229954,20220826_070000.WAV,Central Pond
160,2.0,0.41,1905,2834,1842,63,989,0,0.9669291338582677,0.6506534793359237,20220826_070000.WAV,Central Pond
161,2.0,0.42,1838,2834,1789,49,1042,0,0.9733405875952121,0.6319321794418933,20220826_070000.WAV,Central Pond
162,2.0,0.43,1779,2834,1735,44,1096,0,0.9752670039347948,0.6128576474743906,20220826_070000.WAV,Central Pond
163,2.0,0.44,1724,2834,1686,38,1145,0,0.9779582366589327,0.5955492758742493,20220826_070000.WAV,Central Pond
164,2.0,0.45,1663,2834,1632,31,1199,0,0.9813589897775106,0.5764747439067467,20220826_070000.WAV,Central Pond
165,2.0,0.46,1596,2834,1571,25,1260,0,0.9843358395989975,0.5549275874249382,20220826_070000.WAV,Central Pond
166,2.0,0.47,1539,2834,1518,21,1313,0,0.98635477582846,0.5362062875309078,20220826_070000.WAV,Central Pond
167,2.0,0.48,1458,2834,1446,12,1386,0,0.9917695473251029,0.510593220338983,20220826_070000.WAV,Central Pond
168,2.0,0.49,1399,2834,1392,7,1440,0,0.9949964260185847,0.4915254237288136,20220826_070000.WAV,Central Pond
169,2.0,0.5,1323,2834,1322,1,1510,0,0.999244142101285,0.4668079096045198,20220826_070000.WAV,Central Pond
170,2.0,0.51,1245,2834,1245,0,1587,0,1.0,0.4396186440677966,20220826_070000.WAV,Central Pond
171,2.0,0.52,1158,2834,1158,0,1674,0,1.0,0.4088983050847458,20220826_070000.WAV,Central Pond
172,2.0,0.53,1060,2834,1060,0,1772,0,1.0,0.3742937853107345,20220826_070000.WAV,Central Pond
173,2.0,0.54,973,2834,973,0,1859,0,1.0,0.3435734463276836,20220826_070000.WAV,Central Pond
174,2.0,0.55,877,2834,877,0,1955,0,1.0,0.3096751412429379,20220826_070000.WAV,Central Pond
175,2.0,0.56,807,2834,807,0,2025,0,1.0,0.2849576271186441,20220826_070000.WAV,Central Pond
176,2.0,0.57,707,2834,707,0,2125,0,1.0,0.24964689265536724,20220826_070000.WAV,Central Pond
177,2.0,0.58,627,2834,627,0,2205,0,1.0,0.22139830508474576,20220826_070000.WAV,Central Pond
178,2.0,0.59,539,2834,539,0,2293,0,1.0,0.19032485875706215,20220826_070000.WAV,Central Pond
179,2.0,0.6,458,2834,458,0,2374,0,1.0,0.1617231638418079,20220826_070000.WAV,Central Pond
180,3.0,0.01,3181,2422,2388,793,32,0,0.7507073247406476,0.9867768595041322,20220826_070000.WAV,Central Pond
181,3.0,0.02,3181,2422,2388,793,32,0,0.7507073247406476,0.9867768595041322,20220826_070000.WAV,Central Pond
182,3.0,0.03,3125,2422,2388,737,32,0,0.76416,0.9867768595041322,20220826_070000.WAV,Central Pond
183,3.0,0.04,3077,2422,2386,691,34,0,0.7754306142346441,0.9859504132231405,20220826_070000.WAV,Central Pond
184,3.0,0.05,3051,2422,2385,666,35,0,0.7817109144542773,0.9855371900826446,20220826_070000.WAV,Central Pond
185,3.0,0.06,3023,2422,2380,643,40,0,0.7872973867019517,0.9834710743801653,20220826_070000.WAV,Central Pond
186,3.0,0.07,3003,2422,2378,625,42,0,0.7918747918747919,0.9826446280991735,20220826_070000.WAV,Central Pond
187,3.0,0.08,2971,2422,2373,598,47,0,0.7987209693705823,0.9805785123966942,20220826_070000.WAV,Central Pond
188,3.0,0.09,2941,2422,2366,575,54,0,0.8044882692961578,0.9776859504132231,20220826_070000.WAV,Central Pond
189,3.0,0.1,2917,2422,2359,558,61,0,0.808707576276997,0.974793388429752,20220826_070000.WAV,Central Pond
190,3.0,0.11,2894,2422,2354,540,66,0,0.8134070490670352,0.9727272727272728,20220826_070000.WAV,Central Pond
191,3.0,0.12,2869,2422,2346,523,74,0,0.8177065179505054,0.9694214876033058,20220826_070000.WAV,Central Pond
192,3.0,0.13,2845,2422,2341,504,79,0,0.8228471001757469,0.9673553719008264,20220826_070000.WAV,Central Pond
193,3.0,0.14,2824,2422,2335,489,85,0,0.8268413597733711,0.9648760330578512,20220826_070000.WAV,Central Pond
194,3.0,0.15,2803,2422,2327,476,93,0,0.8301819479129504,0.9615702479338843,20220826_070000.WAV,Central Pond
195,3.0,0.16,2786,2422,2321,465,99,0,0.8330940416367552,0.9590909090909091,20220826_070000.WAV,Central Pond
196,3.0,0.17,2758,2422,2315,443,105,0,0.8393763596809282,0.9566115702479339,20220826_070000.WAV,Central Pond
197,3.0,0.18,2736,2422,2303,433,117,0,0.8417397660818714,0.9516528925619835,20220826_070000.WAV,Central Pond
198,3.0,0.19,2721,2422,2296,425,124,0,0.8438074237412716,0.9487603305785124,20220826_070000.WAV,Central Pond
199,3.0,0.2,2694,2422,2284,410,136,0,0.8478099480326652,0.943801652892562,20220826_070000.WAV,Central Pond
200,3.0,0.21,2665,2422,2276,389,144,0,0.8540337711069418,0.9404958677685951,20220826_070000.WAV,Central Pond
201,3.0,0.22,2632,2422,2262,370,158,0,0.8594224924012158,0.9347107438016529,20220826_070000.WAV,Central Pond
202,3.0,0.23,2600,2422,2246,354,174,0,0.8638461538461538,0.928099173553719,20220826_070000.WAV,Central Pond
203,3.0,0.24,2574,2422,2228,346,192,0,0.8655788655788655,0.9206611570247933,20220826_070000.WAV,Central Pond
204,3.0,0.25,2547,2422,2216,331,204,0,0.8700431880643895,0.915702479338843,20220826_070000.WAV,Central Pond
205,3.0,0.26,2523,2422,2204,319,216,0,0.8735632183908046,0.9107438016528926,20220826_070000.WAV,Central Pond
206,3.0,0.27,2495,2422,2186,309,234,0,0.8761523046092184,0.903305785123967,20220826_070000.WAV,Central Pond
207,3.0,0.28,2458,2422,2164,294,256,0,0.8803905614320586,0.8942148760330578,20220826_070000.WAV,Central Pond
208,3.0,0.29,2417,2422,2140,277,280,0,0.8853951179147703,0.8842975206611571,20220826_070000.WAV,Central Pond
209,3.0,0.3,2382,2422,2118,264,302,0,0.889168765743073,0.8752066115702479,20220826_070000.WAV,Central Pond
210,3.0,0.31,2346,2422,2088,258,332,0,0.8900255754475703,0.8628099173553719,20220826_070000.WAV,Central Pond
211,3.0,0.32,2297,2422,2061,236,359,0,0.8972572921201567,0.8516528925619835,20220826_070000.WAV,Central Pond
212,3.0,0.33,2263,2422,2042,221,378,0,0.9023420238621299,0.843801652892562,20220826_070000.WAV,Central Pond
213,3.0,0.34,2228,2422,2017,211,403,0,0.9052962298025135,0.8334710743801653,20220826_070000.WAV,Central Pond
214,3.0,0.35,2172,2422,1983,189,437,0,0.9129834254143646,0.8194214876033058,20220826_070000.WAV,Central Pond
215,3.0,0.36,2124,2422,1953,171,467,0,0.9194915254237288,0.8070247933884298,20220826_070000.WAV,Central Pond
216,3.0,0.37,2073,2422,1922,151,498,0,0.9271587071876507,0.7942148760330578,20220826_070000.WAV,Central Pond
217,3.0,0.38,2026,2422,1893,133,527,0,0.9343534057255676,0.7822314049586777,20220826_070000.WAV,Central Pond
218,3.0,0.39,1974,2422,1852,122,568,0,0.9381965552178319,0.7652892561983471,20220826_070000.WAV,Central Pond
219,3.0,0.4,1920,2422,1808,112,613,0,0.9416666666666667,0.7467988434531185,20220826_070000.WAV,Central Pond
220,3.0,0.41,1866,2422,1764,102,657,0,0.9453376205787781,0.7286245353159851,20220826_070000.WAV,Central Pond
221,3.0,0.42,1807,2422,1719,88,702,0,0.951300498063088,0.7100371747211895,20220826_070000.WAV,Central Pond
222,3.0,0.43,1751,2422,1675,76,746,0,0.9565962307252999,0.6918628665840562,20220826_070000.WAV,Central Pond
223,3.0,0.44,1700,2422,1632,68,789,0,0.96,0.6741016109045849,20220826_070000.WAV,Central Pond
224,3.0,0.45,1640,2422,1583,57,838,0,0.9652439024390244,0.6538620404791409,20220826_070000.WAV,Central Pond
225,3.0,0.46,1575,2422,1529,46,892,0,0.9707936507936508,0.6315572077653862,20220826_070000.WAV,Central Pond
226,3.0,0.47,1519,2422,1481,38,940,0,0.9749835418038183,0.6117306897976043,20220826_070000.WAV,Central Pond
227,3.0,0.48,1443,2422,1420,23,1001,0,0.9840609840609841,0.5865344898802148,20220826_070000.WAV,Central Pond
228,3.0,0.49,1385,2422,1375,10,1046,0,0.9927797833935018,0.5679471292854192,20220826_070000.WAV,Central Pond
229,3.0,0.5,1309,2422,1309,0,1112,0,1.0,0.5406856670797191,20220826_070000.WAV,Central Pond
230,3.0,0.51,1234,2422,1234,0,1187,0,1.0,0.5097067327550598,20220826_070000.WAV,Central Pond
231,3.0,0.52,1149,2422,1149,0,1272,0,1.0,0.4745972738537794,20220826_070000.WAV,Central Pond
232,3.0,0.53,1053,2422,1053,0,1368,0,1.0,0.4349442379182156,20220826_070000.WAV,Central Pond
233,3.0,0.54,969,2422,969,0,1452,0,1.0,0.40024783147459725,20220826_070000.WAV,Central Pond
234,3.0,0.55,877,2422,877,0,1544,0,1.0,0.36224700536968196,20220826_070000.WAV,Central Pond
235,3.0,0.56,807,2422,807,0,1614,0,1.0,0.3333333333333333,20220826_070000.WAV,Central Pond
236,3.0,0.57,707,2422,707,0,1714,0,1.0,0.292028087567121,20220826_070000.WAV,Central Pond
237,3.0,0.58,627,2422,627,0,1794,0,1.0,0.2589838909541512,20220826_070000.WAV,Central Pond
238,3.0,0.59,539,2422,539,0,1882,0,1.0,0.22263527467988434,20220826_070000.WAV,Central Pond
239,3.0,0.6,458,2422,458,0,1963,0,1.0,0.18917802560925237,20220826_070000.WAV,Central Pond
240,4.0,0.01,2581,2079,2057,524,20,0,0.7969779155366137,0.9903707270101108,20220826_070000.WAV,Central Pond
241,4.0,0.02,2581,2079,2057,524,20,0,0.7969779155366137,0.9903707270101108,20220826_070000.WAV,Central Pond
242,4.0,0.03,2581,2079,2057,524,20,0,0.7969779155366137,0.9903707270101108,20220826_070000.WAV,Central Pond
243,4.0,0.04,2575,2079,2057,518,20,0,0.7988349514563107,0.9903707270101108,20220826_070000.WAV,Central Pond
244,4.0,0.05,2571,2079,2056,515,21,0,0.7996888370283937,0.9898892633606162,20220826_070000.WAV,Central Pond
245,4.0,0.06,2562,2079,2055,507,22,0,0.8021077283372365,0.9894077997111218,20220826_070000.WAV,Central Pond
246,4.0,0.07,2555,2079,2054,501,23,0,0.8039138943248533,0.9889263360616274,20220826_070000.WAV,Central Pond
247,4.0,0.08,2538,2079,2053,485,24,0,0.8089046493301812,0.9884448724121329,20220826_070000.WAV,Central Pond
248,4.0,0.09,2529,2079,2052,477,25,0,0.8113879003558719,0.9879634087626384,20220826_070000.WAV,Central Pond
249,4.0,0.1,2517,2079,2049,468,28,0,0.8140643623361145,0.9865190178141551,20220826_070000.WAV,Central Pond
250,4.0,0.11,2510,2079,2047,463,30,0,0.8155378486055777,0.9855560905151661,20220826_070000.WAV,Central Pond
251,4.0,0.12,2496,2079,2042,454,35,0,0.8181089743589743,0.9831487722676938,20220826_070000.WAV,Central Pond
252,4.0,0.13,2486,2079,2040,446,37,0,0.8205953338696702,0.9821858449687049,20220826_070000.WAV,Central Pond
253,4.0,0.14,2475,2079,2036,439,41,0,0.8226262626262626,0.980259990370727,20220826_070000.WAV,Central Pond
254,4.0,0.15,2461,2079,2031,430,46,0,0.8252742787484763,0.9778526721232547,20220826_070000.WAV,Central Pond
255,4.0,0.16,2450,2079,2030,420,47,0,0.8285714285714286,0.9773712084737602,20220826_070000.WAV,Central Pond
256,4.0,0.17,2434,2079,2027,407,50,0,0.8327855382087099,0.9759268175252769,20220826_070000.WAV,Central Pond
257,4.0,0.18,2414,2079,2020,394,57,0,0.8367854183927091,0.9725565719788156,20220826_070000.WAV,Central Pond
258,4.0,0.19,2405,2079,2017,388,60,0,0.8386694386694387,0.9711121810303323,20220826_070000.WAV,Central Pond
259,4.0,0.2,2387,2079,2012,375,65,0,0.8428990364474236,0.9687048627828599,20220826_070000.WAV,Central Pond
260,4.0,0.21,2371,2079,2007,364,70,0,0.8464782792070856,0.9662975445353876,20220826_070000.WAV,Central Pond
261,4.0,0.22,2351,2079,1999,352,78,0,0.8502764780944279,0.9624458353394318,20220826_070000.WAV,Central Pond
262,4.0,0.23,2329,2079,1988,341,89,0,0.8535852297123229,0.9571497351949928,20220826_070000.WAV,Central Pond
263,4.0,0.24,2312,2079,1979,333,98,0,0.8559688581314879,0.9528165623495426,20220826_070000.WAV,Central Pond
264,4.0,0.25,2297,2079,1974,323,103,0,0.8593818023508925,0.9504092441020703,20220826_070000.WAV,Central Pond
265,4.0,0.26,2283,2079,1969,314,108,0,0.8624616732369689,0.948001925854598,20220826_070000.WAV,Central Pond
266,4.0,0.27,2262,2079,1955,307,122,0,0.8642793987621574,0.9412614347616755,20220826_070000.WAV,Central Pond
267,4.0,0.28,2237,2079,1941,296,136,0,0.867679928475637,0.934520943668753,20220826_070000.WAV,Central Pond
268,4.0,0.29,2205,2079,1923,282,154,0,0.8721088435374149,0.9258545979778526,20220826_070000.WAV,Central Pond
269,4.0,0.3,2177,2079,1908,269,169,0,0.8764354616444648,0.9186326432354357,20220826_070000.WAV,Central Pond
270,4.0,0.31,2146,2079,1886,260,191,0,0.8788443616029823,0.9080404429465575,20220826_070000.WAV,Central Pond
271,4.0,0.32,2112,2079,1869,243,208,0,0.8849431818181818,0.8998555609051516,20220826_070000.WAV,Central Pond
272,4.0,0.33,2092,2079,1857,235,220,0,0.8876673040152964,0.894077997111218,20220826_070000.WAV,Central Pond
273,4.0,0.34,2061,2079,1837,224,240,0,0.891314895681708,0.8844487241213288,20220826_070000.WAV,Central Pond
274,4.0,0.35,2014,2079,1815,199,262,0,0.9011916583912611,0.8738565238324506,20220826_070000.WAV,Central Pond
275,4.0,0.36,1973,2079,1793,180,284,0,0.9087683730359858,0.8632643235435724,20220826_070000.WAV,Central Pond
276,4.0,0.37,1936,2079,1769,167,308,0,0.9137396694214877,0.8517091959557054,20220826_070000.WAV,Central Pond
277,4.0,0.38,1898,2079,1748,150,329,0,0.9209694415173867,0.8415984593163216,20220826_070000.WAV,Central Pond
278,4.0,0.39,1855,2079,1719,136,358,0,0.9266846361185984,0.8276360134809821,20220826_070000.WAV,Central Pond
279,4.0,0.4,1809,2079,1682,127,396,0,0.9297954671088999,0.809432146294514,20220826_070000.WAV,Central Pond
280,4.0,0.41,1759,2079,1646,113,432,0,0.9357589539511085,0.7921077959576516,20220826_070000.WAV,Central Pond
281,4.0,0.42,1710,2079,1610,100,468,0,0.9415204678362573,0.7747834456207893,20220826_070000.WAV,Central Pond
282,4.0,0.43,1662,2079,1575,87,503,0,0.9476534296028881,0.7579403272377286,20220826_070000.WAV,Central Pond
283,4.0,0.44,1618,2079,1540,78,538,0,0.9517923362175525,0.7410972088546679,20220826_070000.WAV,Central Pond
284,4.0,0.45,1563,2079,1501,62,577,0,0.9603326935380678,0.7223291626564003,20220826_070000.WAV,Central Pond
285,4.0,0.46,1508,2079,1456,52,622,0,0.9655172413793104,0.7006737247353224,20220826_070000.WAV,Central Pond
286,4.0,0.47,1458,2079,1415,43,663,0,0.9705075445816187,0.6809432146294514,20220826_070000.WAV,Central Pond
287,4.0,0.48,1392,2079,1363,29,715,0,0.9791666666666666,0.6559191530317613,20220826_070000.WAV,Central Pond
288,4.0,0.49,1343,2079,1329,14,749,0,0.9895755770662695,0.6395572666025024,20220826_070000.WAV,Central Pond
289,4.0,0.5,1274,2079,1273,1,805,0,0.9992150706436421,0.6126082771896054,20220826_070000.WAV,Central Pond
290,4.0,0.51,1203,2079,1202,1,876,0,0.999168744804655,0.5784408084696824,20220826_070000.WAV,Central Pond
291,4.0,0.52,1125,2079,1124,1,954,0,0.9991111111111111,0.5409047160731473,20220826_070000.WAV,Central Pond
292,4.0,0.53,1032,2079,1031,1,1047,0,0.999031007751938,0.49615014436958615,20220826_070000.WAV,Central Pond
293,4.0,0.54,950,2079,950,0,1128,0,1.0,0.4571703561116458,20220826_070000.WAV,Central Pond
294,4.0,0.55,866,2079,866,0,1212,0,1.0,0.4167468719923003,20220826_070000.WAV,Central Pond
295,4.0,0.56,798,2079,798,0,1280,0,1.0,0.38402309913378246,20220826_070000.WAV,Central Pond
296,4.0,0.57,699,2079,699,0,1379,0,1.0,0.33638113570741096,20220826_070000.WAV,Central Pond
297,4.0,0.58,623,2079,623,0,1455,0,1.0,0.2998075072184793,20220826_070000.WAV,Central Pond
298,4.0,0.59,536,2079,536,0,1542,0,1.0,0.2579403272377286,20220826_070000.WAV,Central Pond
299,4.0,0.6,456,2079,456,0,1622,0,1.0,0.21944177093359,20220826_070000.WAV,Central Pond
300,5.0,0.01,2179,1785,1766,413,17,0,0.8104635153740248,0.9904655075715086,20220826_070000.WAV,Central Pond
301,5.0,0.02,2179,1785,1766,413,17,0,0.8104635153740248,0.9904655075715086,20220826_070000.WAV,Central Pond
302,5.0,0.03,2179,1785,1766,413,17,0,0.8104635153740248,0.9904655075715086,20220826_070000.WAV,Central Pond
303,5.0,0.04,2179,1785,1766,413,17,0,0.8104635153740248,0.9904655075715086,20220826_070000.WAV,Central Pond
304,5.0,0.05,2177,1785,1765,412,18,0,0.8107487367937529,0.9899046550757151,20220826_070000.WAV,Central Pond
305,5.0,0.06,2176,1785,1765,411,18,0,0.8111213235294118,0.9899046550757151,20220826_070000.WAV,Central Pond
306,5.0,0.07,2174,1785,1764,410,19,0,0.8114075436982521,0.9893438025799215,20220826_070000.WAV,Central Pond
307,5.0,0.08,2170,1785,1764,406,19,0,0.8129032258064516,0.9893438025799215,20220826_070000.WAV,Central Pond
308,5.0,0.09,2165,1785,1763,402,20,0,0.8143187066974595,0.9887829500841279,20220826_070000.WAV,Central Pond
309,5.0,0.1,2160,1785,1762,398,21,0,0.8157407407407408,0.9882220975883342,20220826_070000.WAV,Central Pond
310,5.0,0.11,2156,1785,1760,396,23,0,0.8163265306122449,0.9871003925967471,20220826_070000.WAV,Central Pond
311,5.0,0.12,2151,1785,1760,391,23,0,0.8182240818224081,0.9871003925967471,20220826_070000.WAV,Central Pond
312,5.0,0.13,2146,1785,1760,386,23,0,0.8201304753028891,0.9871003925967471,20220826_070000.WAV,Central Pond
313,5.0,0.14,2139,1785,1758,381,25,0,0.8218793828892006,0.9859786876051598,20220826_070000.WAV,Central Pond
314,5.0,0.15,2133,1785,1755,378,28,0,0.8227848101265823,0.9842961301177791,20220826_070000.WAV,Central Pond
315,5.0,0.16,2127,1785,1754,373,29,0,0.8246356370474848,0.9837352776219854,20220826_070000.WAV,Central Pond
316,5.0,0.17,2120,1785,1753,367,30,0,0.8268867924528301,0.9831744251261918,20220826_070000.WAV,Central Pond
317,5.0,0.18,2109,1785,1748,361,35,0,0.8288288288288288,0.9803701626472238,20220826_070000.WAV,Central Pond
318,5.0,0.19,2102,1785,1746,356,37,0,0.8306374881065651,0.9792484576556366,20220826_070000.WAV,Central Pond
319,5.0,0.2,2091,1785,1743,348,40,0,0.8335724533715926,0.9775659001682557,20220826_070000.WAV,Central Pond
320,5.0,0.21,2080,1785,1739,341,44,0,0.8360576923076923,0.9753224901850813,20220826_070000.WAV,Central Pond
321,5.0,0.22,2067,1785,1732,335,51,0,0.837929366231253,0.971396522714526,20220826_070000.WAV,Central Pond
322,5.0,0.23,2052,1785,1726,326,57,0,0.8411306042884991,0.9680314077397645,20220826_070000.WAV,Central Pond
323,5.0,0.24,2040,1785,1723,317,60,0,0.8446078431372549,0.9663488502523836,20220826_070000.WAV,Central Pond
324,5.0,0.25,2033,1785,1719,314,64,0,0.8455484505656665,0.9641054402692092,20220826_070000.WAV,Central Pond
325,5.0,0.26,2024,1785,1718,306,65,0,0.8488142292490118,0.9635445877734156,20220826_070000.WAV,Central Pond
326,5.0,0.27,2008,1785,1704,304,79,0,0.848605577689243,0.9556926528323051,20220826_070000.WAV,Central Pond
327,5.0,0.28,1991,1785,1694,297,89,0,0.850828729281768,0.950084127874369,20220826_070000.WAV,Central Pond
328,5.0,0.29,1969,1785,1681,288,102,0,0.8537328593194515,0.9427930454290522,20220826_070000.WAV,Central Pond
329,5.0,0.3,1950,1785,1673,277,110,0,0.857948717948718,0.9383062254627033,20220826_070000.WAV,Central Pond
330,5.0,0.31,1924,1785,1663,261,120,0,0.8643451143451143,0.9326977005047672,20220826_070000.WAV,Central Pond
331,5.0,0.32,1899,1785,1651,248,132,0,0.8694049499736703,0.925967470555244,20220826_070000.WAV,Central Pond
332,5.0,0.33,1879,1785,1641,238,142,0,0.873336881319851,0.9203589455973079,20220826_070000.WAV,Central Pond
333,5.0,0.34,1853,1785,1628,225,155,0,0.8785752833243389,0.9130678631519911,20220826_070000.WAV,Central Pond
334,5.0,0.35,1827,1785,1614,213,169,0,0.8834154351395731,0.9052159282108806,20220826_070000.WAV,Central Pond
335,5.0,0.36,1798,1785,1599,199,184,0,0.889321468298109,0.8968031407739765,20220826_070000.WAV,Central Pond
336,5.0,0.37,1766,1785,1583,183,200,0,0.8963759909399773,0.8878295008412788,20220826_070000.WAV,Central Pond
337,5.0,0.38,1740,1785,1569,171,214,0,0.9017241379310345,0.8799775659001683,20220826_070000.WAV,Central Pond
338,5.0,0.39,1706,1785,1553,153,230,0,0.9103165298944901,0.8710039259674706,20220826_070000.WAV,Central Pond
339,5.0,0.4,1666,1785,1529,137,255,0,0.9177671068427371,0.8570627802690582,20220826_070000.WAV,Central Pond
340,5.0,0.41,1628,1785,1503,125,281,0,0.9232186732186732,0.8424887892376681,20220826_070000.WAV,Central Pond
341,5.0,0.42,1581,1785,1473,108,311,0,0.9316888045540797,0.8256726457399103,20220826_070000.WAV,Central Pond
342,5.0,0.43,1541,1785,1445,96,339,0,0.9377027903958468,0.8099775784753364,20220826_070000.WAV,Central Pond
343,5.0,0.44,1503,1785,1421,82,363,0,0.9454424484364604,0.79652466367713,20220826_070000.WAV,Central Pond
344,5.0,0.45,1455,1785,1391,64,393,0,0.9560137457044674,0.7797085201793722,20220826_070000.WAV,Central Pond
345,5.0,0.46,1408,1785,1352,56,432,0,0.9602272727272727,0.757847533632287,20220826_070000.WAV,Central Pond
346,5.0,0.47,1364,1785,1318,46,466,0,0.966275659824047,0.7387892376681614,20220826_070000.WAV,Central Pond
347,5.0,0.48,1303,1785,1275,28,509,0,0.9785111281657713,0.7146860986547086,20220826_070000.WAV,Central Pond
348,5.0,0.49,1262,1785,1247,15,537,0,0.9881141045958796,0.6989910313901345,20220826_070000.WAV,Central Pond
349,5.0,0.5,1201,1785,1200,1,584,0,0.9991673605328892,0.672645739910314,20220826_070000.WAV,Central Pond
350,5.0,0.51,1139,1785,1138,1,646,0,0.9991220368744512,0.6378923766816144,20220826_070000.WAV,Central Pond
351,5.0,0.52,1070,1785,1070,0,714,0,1.0,0.5997757847533632,20220826_070000.WAV,Central Pond
352,5.0,0.53,990,1785,990,0,794,0,1.0,0.554932735426009,20220826_070000.WAV,Central Pond
353,5.0,0.54,913,1785,913,0,871,0,1.0,0.5117713004484304,20220826_070000.WAV,Central Pond
354,5.0,0.55,836,1785,836,0,948,0,1.0,0.46860986547085204,20220826_070000.WAV,Central Pond
355,5.0,0.56,774,1785,774,0,1010,0,1.0,0.43385650224215244,20220826_070000.WAV,Central Pond
356,5.0,0.57,679,1785,679,0,1105,0,1.0,0.3806053811659193,20220826_070000.WAV,Central Pond
357,5.0,0.58,606,1785,606,0,1178,0,1.0,0.3396860986547085,20220826_070000.WAV,Central Pond
358,5.0,0.59,523,1785,523,0,1261,0,1.0,0.29316143497757846,20220826_070000.WAV,Central Pond
359,5.0,0.6,448,1785,448,0,1336,0,1.0,0.25112107623318386,20220826_070000.WAV,Central Pond
360,6.0,0.01,1823,1539,1528,295,11,0,0.8381788261108064,0.9928525016244314,20220826_070000.WAV,Central Pond
361,6.0,0.02,1823,1539,1528,295,11,0,0.8381788261108064,0.9928525016244314,20220826_070000.WAV,Central Pond
362,6.0,0.03,1823,1539,1528,295,11,0,0.8381788261108064,0.9928525016244314,20220826_070000.WAV,Central Pond
363,6.0,0.04,1823,1539,1528,295,11,0,0.8381788261108064,0.9928525016244314,20220826_070000.WAV,Central Pond
364,6.0,0.05,1822,1539,1527,295,12,0,0.8380900109769485,0.9922027290448343,20220826_070000.WAV,Central Pond
365,6.0,0.06,1821,1539,1527,294,12,0,0.8385502471169687,0.9922027290448343,20220826_070000.WAV,Central Pond
366,6.0,0.07,1820,1539,1527,293,12,0,0.839010989010989,0.9922027290448343,20220826_070000.WAV,Central Pond
367,6.0,0.08,1818,1539,1527,291,12,0,0.8399339933993399,0.9922027290448343,20220826_070000.WAV,Central Pond
368,6.0,0.09,1817,1539,1527,290,12,0,0.8403962575674189,0.9922027290448343,20220826_070000.WAV,Central Pond
369,6.0,0.1,1815,1539,1526,289,13,0,0.840771349862259,0.9915529564652371,20220826_070000.WAV,Central Pond
370,6.0,0.11,1815,1539,1526,289,13,0,0.840771349862259,0.9915529564652371,20220826_070000.WAV,Central Pond
371,6.0,0.12,1812,1539,1526,286,13,0,0.8421633554083885,0.9915529564652371,20220826_070000.WAV,Central Pond
372,6.0,0.13,1810,1539,1526,284,13,0,0.8430939226519337,0.9915529564652371,20220826_070000.WAV,Central Pond
373,6.0,0.14,1808,1539,1525,283,14,0,0.8434734513274337,0.99090318388564,20220826_070000.WAV,Central Pond
374,6.0,0.15,1804,1539,1523,281,16,0,0.8442350332594235,0.9896036387264457,20220826_070000.WAV,Central Pond
375,6.0,0.16,1803,1539,1522,281,17,0,0.8441486411536329,0.9889538661468485,20220826_070000.WAV,Central Pond
376,6.0,0.17,1800,1539,1522,278,17,0,0.8455555555555555,0.9889538661468485,20220826_070000.WAV,Central Pond
377,6.0,0.18,1792,1539,1519,273,20,0,0.84765625,0.9870045484080572,20220826_070000.WAV,Central Pond
378,6.0,0.19,1788,1539,1519,269,20,0,0.8495525727069351,0.9870045484080572,20220826_070000.WAV,Central Pond
379,6.0,0.2,1783,1539,1517,266,22,0,0.8508132361189007,0.9857050032488629,20220826_070000.WAV,Central Pond
380,6.0,0.21,1776,1539,1514,262,25,0,0.8524774774774775,0.9837556855100714,20220826_070000.WAV,Central Pond
381,6.0,0.22,1770,1539,1511,259,28,0,0.8536723163841808,0.98180636777128,20220826_070000.WAV,Central Pond
382,6.0,0.23,1760,1539,1509,251,30,0,0.8573863636363637,0.9805068226120858,20220826_070000.WAV,Central Pond
383,6.0,0.24,1752,1539,1508,244,31,0,0.860730593607306,0.9798570500324886,20220826_070000.WAV,Central Pond
384,6.0,0.25,1748,1539,1504,244,35,0,0.8604118993135011,0.9772579597141,20220826_070000.WAV,Central Pond
385,6.0,0.26,1744,1539,1503,241,36,0,0.8618119266055045,0.9766081871345029,20220826_070000.WAV,Central Pond
386,6.0,0.27,1731,1539,1494,237,45,0,0.8630849220103987,0.9707602339181286,20220826_070000.WAV,Central Pond
387,6.0,0.28,1716,1539,1486,230,53,0,0.865967365967366,0.9655620532813515,20220826_070000.WAV,Central Pond
388,6.0,0.29,1700,1539,1478,222,61,0,0.8694117647058823,0.9603638726445743,20220826_070000.WAV,Central Pond
389,6.0,0.3,1687,1539,1472,215,67,0,0.8725548310610551,0.9564652371669915,20220826_070000.WAV,Central Pond
390,6.0,0.31,1674,1539,1465,209,74,0,0.8751493428912783,0.9519168291098116,20220826_070000.WAV,Central Pond
391,6.0,0.32,1655,1539,1458,197,81,0,0.8809667673716012,0.9473684210526315,20220826_070000.WAV,Central Pond
392,6.0,0.33,1640,1539,1451,189,88,0,0.8847560975609756,0.9428200129954516,20220826_070000.WAV,Central Pond
393,6.0,0.34,1625,1539,1445,180,94,0,0.8892307692307693,0.9389213775178687,20220826_070000.WAV,Central Pond
394,6.0,0.35,1606,1539,1436,170,103,0,0.8941469489414695,0.9330734243014944,20220826_070000.WAV,Central Pond
395,6.0,0.36,1585,1539,1423,162,116,0,0.8977917981072555,0.9246263807667316,20220826_070000.WAV,Central Pond
396,6.0,0.37,1564,1539,1414,150,125,0,0.9040920716112532,0.9187784275503573,20220826_070000.WAV,Central Pond
397,6.0,0.38,1545,1539,1401,144,138,0,0.9067961165048544,0.9103313840155945,20220826_070000.WAV,Central Pond
398,6.0,0.39,1523,1539,1391,132,148,0,0.9133289560078792,0.9038336582196231,20220826_070000.WAV,Central Pond
399,6.0,0.4,1494,1539,1378,116,161,0,0.9223560910307899,0.8953866146848602,20220826_070000.WAV,Central Pond
400,6.0,0.41,1462,1539,1359,103,180,0,0.9295485636114911,0.8830409356725146,20220826_070000.WAV,Central Pond
401,6.0,0.42,1430,1539,1338,92,201,0,0.9356643356643357,0.8693957115009746,20220826_070000.WAV,Central Pond
402,6.0,0.43,1399,1539,1312,87,227,0,0.9378127233738385,0.852501624431449,20220826_070000.WAV,Central Pond
403,6.0,0.44,1366,1539,1292,74,247,0,0.9458272327964861,0.8395061728395061,20220826_070000.WAV,Central Pond
404,6.0,0.45,1330,1539,1269,61,270,0,0.9541353383458646,0.8245614035087719,20220826_070000.WAV,Central Pond
405,6.0,0.46,1287,1539,1235,52,304,0,0.9595959595959596,0.8024691358024691,20220826_070000.WAV,Central Pond
406,6.0,0.47,1248,1539,1207,41,332,0,0.9671474358974359,0.7842755035737492,20220826_070000.WAV,Central Pond
407,6.0,0.48,1193,1539,1173,20,366,0,0.9832355406538139,0.7621832358674464,20220826_070000.WAV,Central Pond
408,6.0,0.49,1162,1539,1146,16,393,0,0.9862306368330465,0.7446393762183235,20220826_070000.WAV,Central Pond
409,6.0,0.5,1108,1539,1106,2,433,0,0.9981949458483754,0.7186484730344379,20220826_070000.WAV,Central Pond
410,6.0,0.51,1049,1539,1047,2,492,0,0.998093422306959,0.6803118908382066,20220826_070000.WAV,Central Pond
411,6.0,0.52,991,1539,989,2,550,0,0.9979818365287588,0.6426250812215725,20220826_070000.WAV,Central Pond
412,6.0,0.53,919,1539,918,1,621,0,0.998911860718172,0.5964912280701754,20220826_070000.WAV,Central Pond
413,6.0,0.54,854,1539,853,1,686,0,0.9988290398126464,0.5542560103963613,20220826_070000.WAV,Central Pond
414,6.0,0.55,786,1539,785,1,754,0,0.9987277353689568,0.5100714749837557,20220826_070000.WAV,Central Pond
415,6.0,0.56,729,1539,728,1,811,0,0.9986282578875172,0.4730344379467186,20220826_070000.WAV,Central Pond
416,6.0,0.57,648,1539,647,1,892,0,0.9984567901234568,0.4204028589993502,20220826_070000.WAV,Central Pond
417,6.0,0.58,582,1539,581,1,958,0,0.9982817869415808,0.3775178687459389,20220826_070000.WAV,Central Pond
418,6.0,0.59,504,1539,503,1,1036,0,0.998015873015873,0.3268356075373619,20220826_070000.WAV,Central Pond
419,6.0,0.6,433,1539,432,1,1107,0,0.9976905311778291,0.2807017543859649,20220826_070000.WAV,Central Pond
420,7.0,0.01,1555,1355,1342,213,13,0,0.8630225080385852,0.9904059040590406,20220826_070000.WAV,Central Pond
421,7.0,0.02,1555,1355,1342,213,13,0,0.8630225080385852,0.9904059040590406,20220826_070000.WAV,Central Pond
422,7.0,0.03,1555,1355,1342,213,13,0,0.8630225080385852,0.9904059040590406,20220826_070000.WAV,Central Pond
423,7.0,0.04,1555,1355,1342,213,13,0,0.8630225080385852,0.9904059040590406,20220826_070000.WAV,Central Pond
424,7.0,0.05,1555,1355,1342,213,13,0,0.8630225080385852,0.9904059040590406,20220826_070000.WAV,Central Pond
425,7.0,0.06,1555,1355,1342,213,13,0,0.8630225080385852,0.9904059040590406,20220826_070000.WAV,Central Pond
426,7.0,0.07,1554,1355,1342,212,13,0,0.8635778635778636,0.9904059040590406,20220826_070000.WAV,Central Pond
427,7.0,0.08,1553,1355,1342,211,13,0,0.8641339343206696,0.9904059040590406,20220826_070000.WAV,Central Pond
428,7.0,0.09,1553,1355,1342,211,13,0,0.8641339343206696,0.9904059040590406,20220826_070000.WAV,Central Pond
429,7.0,0.1,1552,1355,1342,210,13,0,0.8646907216494846,0.9904059040590406,20220826_070000.WAV,Central Pond
430,7.0,0.11,1552,1355,1342,210,13,0,0.8646907216494846,0.9904059040590406,20220826_070000.WAV,Central Pond
431,7.0,0.12,1552,1355,1342,210,13,0,0.8646907216494846,0.9904059040590406,20220826_070000.WAV,Central Pond
432,7.0,0.13,1551,1355,1342,209,13,0,0.8652482269503546,0.9904059040590406,20220826_070000.WAV,Central Pond
433,7.0,0.14,1550,1355,1341,209,14,0,0.8651612903225806,0.9896678966789668,20220826_070000.WAV,Central Pond
434,7.0,0.15,1548,1355,1340,208,15,0,0.8656330749354005,0.988929889298893,20220826_070000.WAV,Central Pond
435,7.0,0.16,1547,1355,1340,207,15,0,0.8661926308985133,0.988929889298893,20220826_070000.WAV,Central Pond
436,7.0,0.17,1546,1355,1340,206,15,0,0.8667529107373868,0.988929889298893,20220826_070000.WAV,Central Pond
437,7.0,0.18,1542,1355,1339,203,16,0,0.8683527885862516,0.9881918819188192,20220826_070000.WAV,Central Pond
438,7.0,0.19,1541,1355,1339,202,16,0,0.8689162881245944,0.9881918819188192,20220826_070000.WAV,Central Pond
439,7.0,0.2,1539,1355,1337,202,18,0,0.8687459389213775,0.9867158671586715,20220826_070000.WAV,Central Pond
440,7.0,0.21,1535,1355,1336,199,19,0,0.8703583061889251,0.9859778597785978,20220826_070000.WAV,Central Pond
441,7.0,0.22,1531,1355,1334,197,21,0,0.8713259307642064,0.9845018450184502,20220826_070000.WAV,Central Pond
442,7.0,0.23,1526,1355,1332,194,23,0,0.872870249017038,0.9830258302583026,20220826_070000.WAV,Central Pond
443,7.0,0.24,1523,1355,1331,192,24,0,0.8739330269205515,0.9822878228782288,20220826_070000.WAV,Central Pond
444,7.0,0.25,1520,1355,1329,191,26,0,0.8743421052631579,0.9808118081180812,20220826_070000.WAV,Central Pond
445,7.0,0.26,1517,1355,1328,189,27,0,0.8754119973632168,0.9800738007380074,20220826_070000.WAV,Central Pond
446,7.0,0.27,1506,1355,1323,183,32,0,0.8784860557768924,0.9763837638376384,20220826_070000.WAV,Central Pond
447,7.0,0.28,1493,1355,1318,175,37,0,0.882786336235767,0.9726937269372694,20220826_070000.WAV,Central Pond
448,7.0,0.29,1484,1355,1313,171,42,0,0.8847708894878706,0.9690036900369003,20220826_070000.WAV,Central Pond
449,7.0,0.3,1474,1355,1311,163,44,0,0.8894165535956581,0.9675276752767528,20220826_070000.WAV,Central Pond
450,7.0,0.31,1466,1355,1309,157,46,0,0.892905866302865,0.9660516605166052,20220826_070000.WAV,Central Pond
451,7.0,0.32,1455,1355,1302,153,53,0,0.8948453608247423,0.9608856088560885,20220826_070000.WAV,Central Pond
452,7.0,0.33,1444,1355,1298,146,57,0,0.8988919667590027,0.9579335793357934,20220826_070000.WAV,Central Pond
453,7.0,0.34,1435,1355,1293,142,62,0,0.9010452961672474,0.9542435424354243,20220826_070000.WAV,Central Pond
454,7.0,0.35,1421,1355,1285,136,70,0,0.904292751583392,0.948339483394834,20220826_070000.WAV,Central Pond
455,7.0,0.36,1405,1355,1278,127,77,0,0.9096085409252669,0.9431734317343173,20220826_070000.WAV,Central Pond
456,7.0,0.37,1390,1355,1270,120,85,0,0.9136690647482014,0.9372693726937269,20220826_070000.WAV,Central Pond
457,7.0,0.38,1376,1355,1263,113,92,0,0.9178779069767442,0.9321033210332104,20220826_070000.WAV,Central Pond
458,7.0,0.39,1360,1355,1256,104,99,0,0.9235294117647059,0.9269372693726937,20220826_070000.WAV,Central Pond
459,7.0,0.4,1336,1355,1249,87,106,0,0.9348802395209581,0.9217712177121771,20220826_070000.WAV,Central Pond
460,7.0,0.41,1311,1355,1236,75,119,0,0.9427917620137299,0.9121771217712177,20220826_070000.WAV,Central Pond
461,7.0,0.42,1289,1355,1216,73,139,0,0.943366951124903,0.8974169741697416,20220826_070000.WAV,Central Pond
462,7.0,0.43,1262,1355,1195,67,160,0,0.9469096671949286,0.8819188191881919,20220826_070000.WAV,Central Pond
463,7.0,0.44,1236,1355,1176,60,179,0,0.9514563106796117,0.8678966789667897,20220826_070000.WAV,Central Pond
464,7.0,0.45,1208,1355,1157,51,198,0,0.9577814569536424,0.8538745387453874,20220826_070000.WAV,Central Pond
465,7.0,0.46,1171,1355,1135,36,220,0,0.9692570452604612,0.8376383763837638,20220826_070000.WAV,Central Pond
466,7.0,0.47,1141,1355,1110,31,245,0,0.9728308501314636,0.8191881918819188,20220826_070000.WAV,Central Pond
467,7.0,0.48,1101,1355,1079,22,276,0,0.9800181653042689,0.796309963099631,20220826_070000.WAV,Central Pond
468,7.0,0.49,1077,1355,1058,19,297,0,0.9823584029712163,0.7808118081180812,20220826_070000.WAV,Central Pond
469,7.0,0.5,1030,1355,1027,3,328,0,0.9970873786407767,0.7579335793357933,20220826_070000.WAV,Central Pond
470,7.0,0.51,977,1355,975,2,380,0,0.9979529170931423,0.7195571955719557,20220826_070000.WAV,Central Pond
471,7.0,0.52,925,1355,923,2,432,0,0.9978378378378379,0.6811808118081181,20220826_070000.WAV,Central Pond
472,7.0,0.53,863,1355,862,1,493,0,0.9988412514484357,0.6361623616236163,20220826_070000.WAV,Central Pond
473,7.0,0.54,806,1355,806,0,549,0,1.0,0.5948339483394834,20220826_070000.WAV,Central Pond
474,7.0,0.55,745,1355,745,0,610,0,1.0,0.5498154981549815,20220826_070000.WAV,Central Pond
475,7.0,0.56,693,1355,693,0,662,0,1.0,0.5114391143911439,20220826_070000.WAV,Central Pond
476,7.0,0.57,617,1355,617,0,738,0,1.0,0.45535055350553505,20220826_070000.WAV,Central Pond
477,7.0,0.58,556,1355,556,0,799,0,1.0,0.4103321033210332,20220826_070000.WAV,Central Pond
478,7.0,0.59,482,1355,482,0,873,0,1.0,0.35571955719557197,20220826_070000.WAV,Central Pond
479,7.0,0.6,414,1355,414,0,941,0,1.0,0.30553505535055353,20220826_070000.WAV,Central Pond
480,8.0,0.01,1343,1171,1159,184,12,0,0.8629932985852569,0.9897523484201537,20220826_070000.WAV,Central Pond
481,8.0,0.02,1343,1171,1159,184,12,0,0.8629932985852569,0.9897523484201537,20220826_070000.WAV,Central Pond
482,8.0,0.03,1343,1171,1159,184,12,0,0.8629932985852569,0.9897523484201537,20220826_070000.WAV,Central Pond
483,8.0,0.04,1343,1171,1159,184,12,0,0.8629932985852569,0.9897523484201537,20220826_070000.WAV,Central Pond
484,8.0,0.05,1343,1171,1159,184,12,0,0.8629932985852569,0.9897523484201537,20220826_070000.WAV,Central Pond
485,8.0,0.06,1343,1171,1159,184,12,0,0.8629932985852569,0.9897523484201537,20220826_070000.WAV,Central Pond
486,8.0,0.07,1343,1171,1159,184,12,0,0.8629932985852569,0.9897523484201537,20220826_070000.WAV,Central Pond
487,8.0,0.08,1343,1171,1159,184,12,0,0.8629932985852569,0.9897523484201537,20220826_070000.WAV,Central Pond
488,8.0,0.09,1343,1171,1159,184,12,0,0.8629932985852569,0.9897523484201537,20220826_070000.WAV,Central Pond
489,8.0,0.1,1342,1171,1159,183,12,0,0.8636363636363636,0.9897523484201537,20220826_070000.WAV,Central Pond
490,8.0,0.11,1342,1171,1159,183,12,0,0.8636363636363636,0.9897523484201537,20220826_070000.WAV,Central Pond
491,8.0,0.12,1342,1171,1159,183,12,0,0.8636363636363636,0.9897523484201537,20220826_070000.WAV,Central Pond
492,8.0,0.13,1342,1171,1159,183,12,0,0.8636363636363636,0.9897523484201537,20220826_070000.WAV,Central Pond
493,8.0,0.14,1341,1171,1158,183,13,0,0.8635346756152126,0.9888983774551665,20220826_070000.WAV,Central Pond
494,8.0,0.15,1340,1171,1158,182,13,0,0.8641791044776119,0.9888983774551665,20220826_070000.WAV,Central Pond
495,8.0,0.16,1339,1171,1158,181,13,0,0.864824495892457,0.9888983774551665,20220826_070000.WAV,Central Pond
496,8.0,0.17,1339,1171,1158,181,13,0,0.864824495892457,0.9888983774551665,20220826_070000.WAV,Central Pond
497,8.0,0.18,1337,1171,1157,180,14,0,0.8653702318623785,0.9880444064901793,20220826_070000.WAV,Central Pond
498,8.0,0.19,1336,1171,1157,179,14,0,0.8660179640718563,0.9880444064901793,20220826_070000.WAV,Central Pond
499,8.0,0.2,1334,1171,1156,178,15,0,0.8665667166416792,0.9871904355251921,20220826_070000.WAV,Central Pond
500,8.0,0.21,1332,1171,1156,176,15,0,0.8678678678678678,0.9871904355251921,20220826_070000.WAV,Central Pond
501,8.0,0.22,1329,1171,1154,175,17,0,0.8683220466516177,0.9854824935952178,20220826_070000.WAV,Central Pond
502,8.0,0.23,1325,1171,1153,172,18,0,0.870188679245283,0.9846285226302306,20220826_070000.WAV,Central Pond
503,8.0,0.24,1323,1171,1153,170,18,0,0.871504157218443,0.9846285226302306,20220826_070000.WAV,Central Pond
504,8.0,0.25,1320,1171,1151,169,20,0,0.871969696969697,0.9829205807002562,20220826_070000.WAV,Central Pond
505,8.0,0.26,1319,1171,1151,168,20,0,0.8726307808946171,0.9829205807002562,20220826_070000.WAV,Central Pond
506,8.0,0.27,1309,1171,1147,162,24,0,0.8762414056531703,0.9795046968403074,20220826_070000.WAV,Central Pond
507,8.0,0.28,1302,1171,1144,158,27,0,0.8786482334869432,0.9769427839453458,20220826_070000.WAV,Central Pond
508,8.0,0.29,1296,1171,1141,155,30,0,0.8804012345679012,0.9743808710503843,20220826_070000.WAV,Central Pond
509,8.0,0.3,1289,1171,1140,149,31,0,0.8844065166795966,0.9735269000853971,20220826_070000.WAV,Central Pond
510,8.0,0.31,1284,1171,1138,146,33,0,0.8862928348909658,0.9718189581554227,20220826_070000.WAV,Central Pond
511,8.0,0.32,1279,1171,1136,143,35,0,0.8881939014855356,0.9701110162254484,20220826_070000.WAV,Central Pond
512,8.0,0.33,1272,1171,1134,138,37,0,0.8915094339622641,0.968403074295474,20220826_070000.WAV,Central Pond
513,8.0,0.34,1266,1171,1131,135,40,0,0.8933649289099526,0.9658411614005123,20220826_070000.WAV,Central Pond
514,8.0,0.35,1256,1171,1124,132,47,0,0.8949044585987261,0.9598633646456021,20220826_070000.WAV,Central Pond
515,8.0,0.36,1243,1171,1118,125,53,0,0.8994368463395012,0.9547395388556789,20220826_070000.WAV,Central Pond
516,8.0,0.37,1232,1171,1112,120,59,0,0.9025974025974026,0.9496157130657558,20220826_070000.WAV,Central Pond
517,8.0,0.38,1219,1171,1107,112,64,0,0.9081214109926169,0.9453458582408198,20220826_070000.WAV,Central Pond
518,8.0,0.39,1207,1171,1102,105,69,0,0.9130074565037283,0.9410760034158838,20220826_070000.WAV,Central Pond
519,8.0,0.4,1192,1171,1098,94,73,0,0.9211409395973155,0.9376601195559351,20220826_070000.WAV,Central Pond
520,8.0,0.41,1172,1171,1087,85,84,0,0.9274744027303754,0.928266438941076,20220826_070000.WAV,Central Pond
521,8.0,0.42,1151,1171,1071,80,100,0,0.9304952215464813,0.9146029035012809,20220826_070000.WAV,Central Pond
522,8.0,0.43,1125,1171,1056,69,115,0,0.9386666666666666,0.9017933390264731,20220826_070000.WAV,Central Pond
523,8.0,0.44,1106,1171,1044,62,127,0,0.9439421338155516,0.8915456874466268,20220826_070000.WAV,Central Pond
524,8.0,0.45,1085,1171,1032,53,139,0,0.9511520737327189,0.8812980358667806,20220826_070000.WAV,Central Pond
525,8.0,0.46,1056,1171,1016,40,155,0,0.9621212121212122,0.8676345004269855,20220826_070000.WAV,Central Pond
526,8.0,0.47,1031,1171,994,37,177,0,0.9641125121241513,0.8488471391972673,20220826_070000.WAV,Central Pond
527,8.0,0.48,997,1171,974,23,197,0,0.9769307923771314,0.8317677198975235,20220826_070000.WAV,Central Pond
528,8.0,0.49,974,1171,958,16,213,0,0.9835728952772074,0.8181041844577285,20220826_070000.WAV,Central Pond
529,8.0,0.5,933,1171,931,2,240,0,0.9978563772775991,0.7950469684030743,20220826_070000.WAV,Central Pond
530,8.0,0.51,890,1171,888,2,283,0,0.9977528089887641,0.7583262169086251,20220826_070000.WAV,Central Pond
531,8.0,0.52,846,1171,844,2,327,0,0.9976359338061466,0.7207514944491887,20220826_070000.WAV,Central Pond
532,8.0,0.53,792,1171,791,1,380,0,0.9987373737373737,0.6754910333048676,20220826_070000.WAV,Central Pond
533,8.0,0.54,745,1171,744,1,427,0,0.9986577181208054,0.6353543979504697,20220826_070000.WAV,Central Pond
534,8.0,0.55,687,1171,686,1,485,0,0.9985443959243085,0.5858240819812126,20220826_070000.WAV,Central Pond
535,8.0,0.56,643,1171,642,1,529,0,0.9984447900466563,0.5482493595217762,20220826_070000.WAV,Central Pond
536,8.0,0.57,576,1171,575,1,596,0,0.9982638888888888,0.4910333048676345,20220826_070000.WAV,Central Pond
537,8.0,0.58,520,1171,520,0,651,0,1.0,0.444064901793339,20220826_070000.WAV,Central Pond
538,8.0,0.59,453,1171,453,0,718,0,1.0,0.38684884713919726,20220826_070000.WAV,Central Pond
539,8.0,0.6,389,1171,389,0,782,0,1.0,0.33219470538001705,20220826_070000.WAV,Central Pond
540,9.0,0.01,1148,1012,1004,144,8,0,0.8745644599303136,0.9920948616600791,20220826_070000.WAV,Central Pond
541,9.0,0.02,1148,1012,1004,144,8,0,0.8745644599303136,0.9920948616600791,20220826_070000.WAV,Central Pond
542,9.0,0.03,1148,1012,1004,144,8,0,0.8745644599303136,0.9920948616600791,20220826_070000.WAV,Central Pond
543,9.0,0.04,1148,1012,1004,144,8,0,0.8745644599303136,0.9920948616600791,20220826_070000.WAV,Central Pond
544,9.0,0.05,1148,1012,1004,144,8,0,0.8745644599303136,0.9920948616600791,20220826_070000.WAV,Central Pond
545,9.0,0.06,1148,1012,1004,144,8,0,0.8745644599303136,0.9920948616600791,20220826_070000.WAV,Central Pond
546,9.0,0.07,1148,1012,1004,144,8,0,0.8745644599303136,0.9920948616600791,20220826_070000.WAV,Central Pond
547,9.0,0.08,1148,1012,1004,144,8,0,0.8745644599303136,0.9920948616600791,20220826_070000.WAV,Central Pond
548,9.0,0.09,1148,1012,1004,144,8,0,0.8745644599303136,0.9920948616600791,20220826_070000.WAV,Central Pond
549,9.0,0.1,1148,1012,1004,144,8,0,0.8745644599303136,0.9920948616600791,20220826_070000.WAV,Central Pond
550,9.0,0.11,1148,1012,1004,144,8,0,0.8745644599303136,0.9920948616600791,20220826_070000.WAV,Central Pond
551,9.0,0.12,1148,1012,1004,144,8,0,0.8745644599303136,0.9920948616600791,20220826_070000.WAV,Central Pond
552,9.0,0.13,1148,1012,1004,144,8,0,0.8745644599303136,0.9920948616600791,20220826_070000.WAV,Central Pond
553,9.0,0.14,1147,1012,1003,144,9,0,0.8744551002615518,0.991106719367589,20220826_070000.WAV,Central Pond
554,9.0,0.15,1146,1012,1003,143,9,0,0.87521815008726,0.991106719367589,20220826_070000.WAV,Central Pond
555,9.0,0.16,1146,1012,1003,143,9,0,0.87521815008726,0.991106719367589,20220826_070000.WAV,Central Pond
556,9.0,0.17,1146,1012,1003,143,9,0,0.87521815008726,0.991106719367589,20220826_070000.WAV,Central Pond
557,9.0,0.18,1145,1012,1002,143,10,0,0.8751091703056768,0.9901185770750988,20220826_070000.WAV,Central Pond
558,9.0,0.19,1145,1012,1002,143,10,0,0.8751091703056768,0.9901185770750988,20220826_070000.WAV,Central Pond
559,9.0,0.2,1143,1012,1001,142,11,0,0.8757655293088364,0.9891304347826086,20220826_070000.WAV,Central Pond
560,9.0,0.21,1141,1012,1001,140,11,0,0.8773006134969326,0.9891304347826086,20220826_070000.WAV,Central Pond
561,9.0,0.22,1139,1012,1000,139,12,0,0.8779631255487269,0.9881422924901185,20220826_070000.WAV,Central Pond
562,9.0,0.23,1139,1012,1000,139,12,0,0.8779631255487269,0.9881422924901185,20220826_070000.WAV,Central Pond
563,9.0,0.24,1138,1012,1000,138,12,0,0.8787346221441125,0.9881422924901185,20220826_070000.WAV,Central Pond
564,9.0,0.25,1136,1012,999,137,13,0,0.8794014084507042,0.9871541501976284,20220826_070000.WAV,Central Pond
565,9.0,0.26,1135,1012,999,136,13,0,0.8801762114537445,0.9871541501976284,20220826_070000.WAV,Central Pond
566,9.0,0.27,1127,1012,997,130,15,0,0.8846495119787046,0.9851778656126482,20220826_070000.WAV,Central Pond
567,9.0,0.28,1123,1012,995,128,17,0,0.8860195903829029,0.983201581027668,20220826_070000.WAV,Central Pond
568,9.0,0.29,1119,1012,994,125,18,0,0.8882931188561215,0.9822134387351779,20220826_070000.WAV,Central Pond
569,9.0,0.3,1117,1012,993,124,19,0,0.8889883616830797,0.9812252964426877,20220826_070000.WAV,Central Pond
570,9.0,0.31,1115,1012,993,122,19,0,0.8905829596412556,0.9812252964426877,20220826_070000.WAV,Central Pond
571,9.0,0.32,1112,1012,993,119,19,0,0.8929856115107914,0.9812252964426877,20220826_070000.WAV,Central Pond
572,9.0,0.33,1107,1012,992,115,20,0,0.8961156278229448,0.9802371541501976,20220826_070000.WAV,Central Pond
573,9.0,0.34,1102,1012,990,112,22,0,0.8983666061705989,0.9782608695652174,20220826_070000.WAV,Central Pond
574,9.0,0.35,1095,1012,986,109,26,0,0.9004566210045662,0.974308300395257,20220826_070000.WAV,Central Pond
575,9.0,0.36,1086,1012,981,105,31,0,0.9033149171270718,0.9693675889328063,20220826_070000.WAV,Central Pond
576,9.0,0.37,1076,1012,977,99,35,0,0.9079925650557621,0.9654150197628458,20220826_070000.WAV,Central Pond
577,9.0,0.38,1065,1012,972,93,40,0,0.9126760563380282,0.9604743083003953,20220826_070000.WAV,Central Pond
578,9.0,0.39,1058,1012,971,87,41,0,0.9177693761814745,0.9594861660079052,20220826_070000.WAV,Central Pond
579,9.0,0.4,1050,1012,968,82,44,0,0.9219047619047619,0.9565217391304348,20220826_070000.WAV,Central Pond
580,9.0,0.41,1034,1012,958,76,54,0,0.9264990328820116,0.9466403162055336,20220826_070000.WAV,Central Pond
581,9.0,0.42,1016,1012,944,72,68,0,0.9291338582677166,0.932806324110672,20220826_070000.WAV,Central Pond
582,9.0,0.43,994,1012,932,62,80,0,0.937625754527163,0.9209486166007905,20220826_070000.WAV,Central Pond
583,9.0,0.44,977,1012,926,51,86,0,0.9477993858751279,0.9150197628458498,20220826_070000.WAV,Central Pond
584,9.0,0.45,957,1012,917,40,95,0,0.9582027168234065,0.9061264822134387,20220826_070000.WAV,Central Pond
585,9.0,0.46,934,1012,905,29,107,0,0.9689507494646681,0.8942687747035574,20220826_070000.WAV,Central Pond
586,9.0,0.47,911,1012,884,27,128,0,0.9703622392974753,0.8735177865612648,20220826_070000.WAV,Central Pond
587,9.0,0.48,883,1012,868,15,144,0,0.9830124575311439,0.857707509881423,20220826_070000.WAV,Central Pond
588,9.0,0.49,863,1012,854,9,158,0,0.9895712630359212,0.8438735177865613,20220826_070000.WAV,Central Pond
589,9.0,0.5,831,1012,830,1,182,0,0.9987966305655837,0.8201581027667985,20220826_070000.WAV,Central Pond
590,9.0,0.51,794,1012,793,1,219,0,0.9987405541561712,0.7835968379446641,20220826_070000.WAV,Central Pond
591,9.0,0.52,762,1012,761,1,251,0,0.9986876640419947,0.7519762845849802,20220826_070000.WAV,Central Pond
592,9.0,0.53,714,1012,714,0,298,0,1.0,0.7055335968379447,20220826_070000.WAV,Central Pond
593,9.0,0.54,675,1012,675,0,337,0,1.0,0.6669960474308301,20220826_070000.WAV,Central Pond
594,9.0,0.55,624,1012,624,0,388,0,1.0,0.616600790513834,20220826_070000.WAV,Central Pond
595,9.0,0.56,587,1012,587,0,425,0,1.0,0.5800395256916996,20220826_070000.WAV,Central Pond
596,9.0,0.57,530,1012,530,0,482,0,1.0,0.5237154150197628,20220826_070000.WAV,Central Pond
597,9.0,0.58,478,1012,478,0,534,0,1.0,0.4723320158102767,20220826_070000.WAV,Central Pond
598,9.0,0.59,414,1012,414,0,598,0,1.0,0.4090909090909091,20220826_070000.WAV,Central Pond
599,9.0,0.6,357,1012,357,0,655,0,1.0,0.35276679841897235,20220826_070000.WAV,Central Pond
600,10.0,0.01,970,883,878,92,5,0,0.9051546391752577,0.9943374858437146,20220826_070000.WAV,Central Pond
601,10.0,0.02,970,883,878,92,5,0,0.9051546391752577,0.9943374858437146,20220826_070000.WAV,Central Pond
602,10.0,0.03,970,883,878,92,5,0,0.9051546391752577,0.9943374858437146,20220826_070000.WAV,Central Pond
603,10.0,0.04,970,883,878,92,5,0,0.9051546391752577,0.9943374858437146,20220826_070000.WAV,Central Pond
604,10.0,0.05,970,883,878,92,5,0,0.9051546391752577,0.9943374858437146,20220826_070000.WAV,Central Pond
605,10.0,0.06,970,883,878,92,5,0,0.9051546391752577,0.9943374858437146,20220826_070000.WAV,Central Pond
606,10.0,0.07,970,883,878,92,5,0,0.9051546391752577,0.9943374858437146,20220826_070000.WAV,Central Pond
607,10.0,0.08,970,883,878,92,5,0,0.9051546391752577,0.9943374858437146,20220826_070000.WAV,Central Pond
608,10.0,0.09,970,883,878,92,5,0,0.9051546391752577,0.9943374858437146,20220826_070000.WAV,Central Pond
609,10.0,0.1,970,883,878,92,5,0,0.9051546391752577,0.9943374858437146,20220826_070000.WAV,Central Pond
610,10.0,0.11,970,883,878,92,5,0,0.9051546391752577,0.9943374858437146,20220826_070000.WAV,Central Pond
611,10.0,0.12,970,883,878,92,5,0,0.9051546391752577,0.9943374858437146,20220826_070000.WAV,Central Pond
612,10.0,0.13,970,883,878,92,5,0,0.9051546391752577,0.9943374858437146,20220826_070000.WAV,Central Pond
613,10.0,0.14,969,883,877,92,6,0,0.9050567595459237,0.9932049830124575,20220826_070000.WAV,Central Pond
614,10.0,0.15,968,883,877,91,6,0,0.90599173553719,0.9932049830124575,20220826_070000.WAV,Central Pond
615,10.0,0.16,968,883,877,91,6,0,0.90599173553719,0.9932049830124575,20220826_070000.WAV,Central Pond
616,10.0,0.17,968,883,877,91,6,0,0.90599173553719,0.9932049830124575,20220826_070000.WAV,Central Pond
617,10.0,0.18,967,883,877,90,6,0,0.9069286452947259,0.9932049830124575,20220826_070000.WAV,Central Pond
618,10.0,0.19,967,883,877,90,6,0,0.9069286452947259,0.9932049830124575,20220826_070000.WAV,Central Pond
619,10.0,0.2,966,883,876,90,7,0,0.906832298136646,0.9920724801812004,20220826_070000.WAV,Central Pond
620,10.0,0.21,966,883,876,90,7,0,0.906832298136646,0.9920724801812004,20220826_070000.WAV,Central Pond
621,10.0,0.22,965,883,876,89,7,0,0.9077720207253887,0.9920724801812004,20220826_070000.WAV,Central Pond
622,10.0,0.23,965,883,876,89,7,0,0.9077720207253887,0.9920724801812004,20220826_070000.WAV,Central Pond
623,10.0,0.24,965,883,876,89,7,0,0.9077720207253887,0.9920724801812004,20220826_070000.WAV,Central Pond
624,10.0,0.25,963,883,875,88,8,0,0.9086188992731049,0.9909399773499433,20220826_070000.WAV,Central Pond
625,10.0,0.26,963,883,875,88,8,0,0.9086188992731049,0.9909399773499433,20220826_070000.WAV,Central Pond
626,10.0,0.27,960,883,874,86,9,0,0.9104166666666667,0.9898074745186863,20220826_070000.WAV,Central Pond
627,10.0,0.28,957,883,873,84,10,0,0.9122257053291536,0.9886749716874292,20220826_070000.WAV,Central Pond
628,10.0,0.29,954,883,872,82,11,0,0.9140461215932913,0.9875424688561721,20220826_070000.WAV,Central Pond
629,10.0,0.3,952,883,871,81,12,0,0.9149159663865546,0.986409966024915,20220826_070000.WAV,Central Pond
630,10.0,0.31,951,883,871,80,12,0,0.9158780231335436,0.986409966024915,20220826_070000.WAV,Central Pond
631,10.0,0.32,950,883,871,79,12,0,0.9168421052631579,0.986409966024915,20220826_070000.WAV,Central Pond
632,10.0,0.33,947,883,870,77,13,0,0.9186906019007391,0.9852774631936579,20220826_070000.WAV,Central Pond
633,10.0,0.34,942,883,869,73,14,0,0.9225053078556263,0.984144960362401,20220826_070000.WAV,Central Pond
634,10.0,0.35,936,883,865,71,18,0,0.9241452991452992,0.9796149490373726,20220826_070000.WAV,Central Pond
635,10.0,0.36,929,883,860,69,23,0,0.9257265877287406,0.9739524348810872,20220826_070000.WAV,Central Pond
636,10.0,0.37,923,883,857,66,26,0,0.9284940411700975,0.970554926387316,20220826_070000.WAV,Central Pond
637,10.0,0.38,916,883,855,61,28,0,0.9334061135371179,0.9682899207248018,20220826_070000.WAV,Central Pond
638,10.0,0.39,911,883,855,56,28,0,0.9385290889132821,0.9682899207248018,20220826_070000.WAV,Central Pond
639,10.0,0.4,905,883,852,53,31,0,0.9414364640883978,0.9648924122310306,20220826_070000.WAV,Central Pond
640,10.0,0.41,896,883,846,50,37,0,0.9441964285714286,0.9580973952434881,20220826_070000.WAV,Central Pond
641,10.0,0.42,882,883,833,49,50,0,0.9444444444444444,0.9433748584371461,20220826_070000.WAV,Central Pond
642,10.0,0.43,868,883,822,46,61,0,0.9470046082949308,0.9309173272933182,20220826_070000.WAV,Central Pond
643,10.0,0.44,859,883,817,42,66,0,0.9511059371362048,0.9252548131370328,20220826_070000.WAV,Central Pond
644,10.0,0.45,847,883,812,35,71,0,0.9586776859504132,0.9195922989807475,20220826_070000.WAV,Central Pond
645,10.0,0.46,830,883,802,28,81,0,0.9662650602409638,0.9082672706681767,20220826_070000.WAV,Central Pond
646,10.0,0.47,808,883,786,22,97,0,0.9727722772277227,0.8901472253680635,20220826_070000.WAV,Central Pond
647,10.0,0.48,785,883,773,12,110,0,0.9847133757961783,0.8754246885617214,20220826_070000.WAV,Central Pond
648,10.0,0.49,769,883,762,7,121,0,0.9908972691807543,0.8629671574178935,20220826_070000.WAV,Central Pond
649,10.0,0.5,744,883,743,1,140,0,0.9986559139784946,0.8414496036240091,20220826_070000.WAV,Central Pond
650,10.0,0.51,714,883,713,1,170,0,0.9985994397759104,0.8074745186862967,20220826_070000.WAV,Central Pond
651,10.0,0.52,686,883,685,1,198,0,0.9985422740524781,0.7757644394110985,20220826_070000.WAV,Central Pond
652,10.0,0.53,649,883,648,1,235,0,0.9984591679506933,0.7338618346545867,20220826_070000.WAV,Central Pond
653,10.0,0.54,613,883,612,1,271,0,0.99836867862969,0.6930917327293318,20220826_070000.WAV,Central Pond
654,10.0,0.55,569,883,568,1,315,0,0.9982425307557118,0.6432616081540203,20220826_070000.WAV,Central Pond
655,10.0,0.56,533,883,532,1,351,0,0.99812382739212,0.6024915062287656,20220826_070000.WAV,Central Pond
656,10.0,0.57,480,883,479,1,404,0,0.9979166666666667,0.5424688561721405,20220826_070000.WAV,Central Pond
657,10.0,0.58,434,883,433,1,450,0,0.9976958525345622,0.49037372593431483,20220826_070000.WAV,Central Pond
658,10.0,0.59,375,883,374,1,509,0,0.9973333333333333,0.42355605889014725,20220826_070000.WAV,Central Pond
659,10.0,0.6,325,883,324,1,559,0,0.9969230769230769,0.3669309173272933,20220826_070000.WAV,Central Pond
660,11.0,0.01,817,751,747,70,4,0,0.9143206854345165,0.9946737683089214,20220826_070000.WAV,Central Pond
661,11.0,0.02,817,751,747,70,4,0,0.9143206854345165,0.9946737683089214,20220826_070000.WAV,Central Pond
662,11.0,0.03,817,751,747,70,4,0,0.9143206854345165,0.9946737683089214,20220826_070000.WAV,Central Pond
663,11.0,0.04,817,751,747,70,4,0,0.9143206854345165,0.9946737683089214,20220826_070000.WAV,Central Pond
664,11.0,0.05,817,751,747,70,4,0,0.9143206854345165,0.9946737683089214,20220826_070000.WAV,Central Pond
665,11.0,0.06,817,751,747,70,4,0,0.9143206854345165,0.9946737683089214,20220826_070000.WAV,Central Pond
666,11.0,0.07,817,751,747,70,4,0,0.9143206854345165,0.9946737683089214,20220826_070000.WAV,Central Pond
667,11.0,0.08,817,751,747,70,4,0,0.9143206854345165,0.9946737683089214,20220826_070000.WAV,Central Pond
668,11.0,0.09,817,751,747,70,4,0,0.9143206854345165,0.9946737683089214,20220826_070000.WAV,Central Pond
669,11.0,0.1,817,751,747,70,4,0,0.9143206854345165,0.9946737683089214,20220826_070000.WAV,Central Pond
670,11.0,0.11,817,751,747,70,4,0,0.9143206854345165,0.9946737683089214,20220826_070000.WAV,Central Pond
671,11.0,0.12,817,751,747,70,4,0,0.9143206854345165,0.9946737683089214,20220826_070000.WAV,Central Pond
672,11.0,0.13,817,751,747,70,4,0,0.9143206854345165,0.9946737683089214,20220826_070000.WAV,Central Pond
673,11.0,0.14,816,751,746,70,5,0,0.9142156862745098,0.9933422103861518,20220826_070000.WAV,Central Pond
674,11.0,0.15,816,751,746,70,5,0,0.9142156862745098,0.9933422103861518,20220826_070000.WAV,Central Pond
675,11.0,0.16,816,751,746,70,5,0,0.9142156862745098,0.9933422103861518,20220826_070000.WAV,Central Pond
676,11.0,0.17,816,751,746,70,5,0,0.9142156862745098,0.9933422103861518,20220826_070000.WAV,Central Pond
677,11.0,0.18,815,751,746,69,5,0,0.9153374233128835,0.9933422103861518,20220826_070000.WAV,Central Pond
678,11.0,0.19,815,751,746,69,5,0,0.9153374233128835,0.9933422103861518,20220826_070000.WAV,Central Pond
679,11.0,0.2,814,751,745,69,6,0,0.9152334152334153,0.9920106524633822,20220826_070000.WAV,Central Pond
680,11.0,0.21,814,751,745,69,6,0,0.9152334152334153,0.9920106524633822,20220826_070000.WAV,Central Pond
681,11.0,0.22,813,751,745,68,6,0,0.9163591635916359,0.9920106524633822,20220826_070000.WAV,Central Pond
682,11.0,0.23,813,751,745,68,6,0,0.9163591635916359,0.9920106524633822,20220826_070000.WAV,Central Pond
683,11.0,0.24,813,751,745,68,6,0,0.9163591635916359,0.9920106524633822,20220826_070000.WAV,Central Pond
684,11.0,0.25,812,751,744,68,7,0,0.916256157635468,0.9906790945406125,20220826_070000.WAV,Central Pond
685,11.0,0.26,812,751,744,68,7,0,0.916256157635468,0.9906790945406125,20220826_070000.WAV,Central Pond
686,11.0,0.27,810,751,743,67,8,0,0.917283950617284,0.9893475366178429,20220826_070000.WAV,Central Pond
687,11.0,0.28,808,751,742,66,9,0,0.9183168316831684,0.9880159786950732,20220826_070000.WAV,Central Pond
688,11.0,0.29,807,751,741,66,10,0,0.9182156133828996,0.9866844207723036,20220826_070000.WAV,Central Pond
689,11.0,0.3,806,751,740,66,11,0,0.9181141439205955,0.9853528628495339,20220826_070000.WAV,Central Pond
690,11.0,0.31,806,751,740,66,11,0,0.9181141439205955,0.9853528628495339,20220826_070000.WAV,Central Pond
691,11.0,0.32,805,751,740,65,11,0,0.9192546583850931,0.9853528628495339,20220826_070000.WAV,Central Pond
692,11.0,0.33,803,751,739,64,12,0,0.9202988792029888,0.9840213049267643,20220826_070000.WAV,Central Pond
693,11.0,0.34,800,751,738,62,13,0,0.9225,0.9826897470039947,20220826_070000.WAV,Central Pond
694,11.0,0.35,794,751,735,59,16,0,0.9256926952141058,0.9786950732356857,20220826_070000.WAV,Central Pond
695,11.0,0.36,788,751,732,56,19,0,0.9289340101522843,0.9747003994673769,20220826_070000.WAV,Central Pond
696,11.0,0.37,785,751,732,53,19,0,0.932484076433121,0.9747003994673769,20220826_070000.WAV,Central Pond
697,11.0,0.38,780,751,730,50,21,0,0.9358974358974359,0.9720372836218375,20220826_070000.WAV,Central Pond
698,11.0,0.39,780,751,730,50,21,0,0.9358974358974359,0.9720372836218375,20220826_070000.WAV,Central Pond
699,11.0,0.4,777,751,727,50,24,0,0.9356499356499357,0.9680426098535286,20220826_070000.WAV,Central Pond
700,11.0,0.41,770,751,724,46,27,0,0.9402597402597402,0.9640479360852197,20220826_070000.WAV,Central Pond
701,11.0,0.42,757,751,714,43,37,0,0.9431968295904888,0.9507323568575233,20220826_070000.WAV,Central Pond
702,11.0,0.43,745,751,705,40,46,0,0.9463087248322147,0.9387483355525965,20220826_070000.WAV,Central Pond
703,11.0,0.44,738,751,701,37,50,0,0.9498644986449865,0.933422103861518,20220826_070000.WAV,Central Pond
704,11.0,0.45,728,751,698,30,53,0,0.9587912087912088,0.929427430093209,20220826_070000.WAV,Central Pond
705,11.0,0.46,715,751,693,22,58,0,0.9692307692307692,0.9227696404793608,20220826_070000.WAV,Central Pond
706,11.0,0.47,696,751,681,15,70,0,0.978448275862069,0.9067909454061251,20220826_070000.WAV,Central Pond
707,11.0,0.48,681,751,668,13,83,0,0.9809104258443465,0.8894806924101198,20220826_070000.WAV,Central Pond
708,11.0,0.49,668,751,661,7,90,0,0.9895209580838323,0.8801597869507324,20220826_070000.WAV,Central Pond
709,11.0,0.5,646,751,646,0,105,0,1.0,0.8601864181091877,20220826_070000.WAV,Central Pond
710,11.0,0.51,622,751,622,0,129,0,1.0,0.8282290279627164,20220826_070000.WAV,Central Pond
711,11.0,0.52,598,751,598,0,153,0,1.0,0.796271637816245,20220826_070000.WAV,Central Pond
712,11.0,0.53,568,751,568,0,183,0,1.0,0.7563249001331558,20220826_070000.WAV,Central Pond
713,11.0,0.54,539,751,539,0,212,0,1.0,0.7177097203728362,20220826_070000.WAV,Central Pond
714,11.0,0.55,499,751,499,0,252,0,1.0,0.6644474034620506,20220826_070000.WAV,Central Pond
715,11.0,0.56,467,751,467,0,284,0,1.0,0.6218375499334221,20220826_070000.WAV,Central Pond
716,11.0,0.57,425,751,425,0,326,0,1.0,0.5659121171770972,20220826_070000.WAV,Central Pond
717,11.0,0.58,386,751,386,0,365,0,1.0,0.5139813581890812,20220826_070000.WAV,Central Pond
718,11.0,0.59,334,751,334,0,417,0,1.0,0.4447403462050599,20220826_070000.WAV,Central Pond
719,11.0,0.6,289,751,289,0,462,0,1.0,0.3848202396804261,20220826_070000.WAV,Central Pond
720,12.0,0.01,678,636,633,45,3,0,0.9336283185840708,0.9952830188679245,20220826_070000.WAV,Central Pond
721,12.0,0.02,678,636,633,45,3,0,0.9336283185840708,0.9952830188679245,20220826_070000.WAV,Central Pond
722,12.0,0.03,678,636,633,45,3,0,0.9336283185840708,0.9952830188679245,20220826_070000.WAV,Central Pond
723,12.0,0.04,678,636,633,45,3,0,0.9336283185840708,0.9952830188679245,20220826_070000.WAV,Central Pond
724,12.0,0.05,678,636,633,45,3,0,0.9336283185840708,0.9952830188679245,20220826_070000.WAV,Central Pond
725,12.0,0.06,678,636,633,45,3,0,0.9336283185840708,0.9952830188679245,20220826_070000.WAV,Central Pond
726,12.0,0.07,678,636,633,45,3,0,0.9336283185840708,0.9952830188679245,20220826_070000.WAV,Central Pond
727,12.0,0.08,678,636,633,45,3,0,0.9336283185840708,0.9952830188679245,20220826_070000.WAV,Central Pond
728,12.0,0.09,678,636,633,45,3,0,0.9336283185840708,0.9952830188679245,20220826_070000.WAV,Central Pond
729,12.0,0.1,678,636,633,45,3,0,0.9336283185840708,0.9952830188679245,20220826_070000.WAV,Central Pond
730,12.0,0.11,678,636,633,45,3,0,0.9336283185840708,0.9952830188679245,20220826_070000.WAV,Central Pond
731,12.0,0.12,678,636,633,45,3,0,0.9336283185840708,0.9952830188679245,20220826_070000.WAV,Central Pond
732,12.0,0.13,678,636,633,45,3,0,0.9336283185840708,0.9952830188679245,20220826_070000.WAV,Central Pond
733,12.0,0.14,678,636,633,45,3,0,0.9336283185840708,0.9952830188679245,20220826_070000.WAV,Central Pond
734,12.0,0.15,678,636,633,45,3,0,0.9336283185840708,0.9952830188679245,20220826_070000.WAV,Central Pond
735,12.0,0.16,678,636,633,45,3,0,0.9336283185840708,0.9952830188679245,20220826_070000.WAV,Central Pond
736,12.0,0.17,678,636,633,45,3,0,0.9336283185840708,0.9952830188679245,20220826_070000.WAV,Central Pond
737,12.0,0.18,678,636,633,45,3,0,0.9336283185840708,0.9952830188679245,20220826_070000.WAV,Central Pond
738,12.0,0.19,678,636,633,45,3,0,0.9336283185840708,0.9952830188679245,20220826_070000.WAV,Central Pond
739,12.0,0.2,678,636,633,45,3,0,0.9336283185840708,0.9952830188679245,20220826_070000.WAV,Central Pond
740,12.0,0.21,678,636,633,45,3,0,0.9336283185840708,0.9952830188679245,20220826_070000.WAV,Central Pond
741,12.0,0.22,677,636,633,44,3,0,0.9350073855243722,0.9952830188679245,20220826_070000.WAV,Central Pond
742,12.0,0.23,677,636,633,44,3,0,0.9350073855243722,0.9952830188679245,20220826_070000.WAV,Central Pond
743,12.0,0.24,677,636,633,44,3,0,0.9350073855243722,0.9952830188679245,20220826_070000.WAV,Central Pond
744,12.0,0.25,676,636,632,44,4,0,0.9349112426035503,0.9937106918238994,20220826_070000.WAV,Central Pond
745,12.0,0.26,676,636,632,44,4,0,0.9349112426035503,0.9937106918238994,20220826_070000.WAV,Central Pond
746,12.0,0.27,674,636,631,43,5,0,0.9362017804154302,0.9921383647798742,20220826_070000.WAV,Central Pond
747,12.0,0.28,673,636,630,43,6,0,0.9361069836552749,0.9905660377358491,20220826_070000.WAV,Central Pond
748,12.0,0.29,672,636,629,43,7,0,0.9360119047619048,0.9889937106918238,20220826_070000.WAV,Central Pond
749,12.0,0.3,671,636,628,43,8,0,0.9359165424739195,0.9874213836477987,20220826_070000.WAV,Central Pond
750,12.0,0.31,671,636,628,43,8,0,0.9359165424739195,0.9874213836477987,20220826_070000.WAV,Central Pond
751,12.0,0.32,671,636,628,43,8,0,0.9359165424739195,0.9874213836477987,20220826_070000.WAV,Central Pond
752,12.0,0.33,669,636,627,42,9,0,0.9372197309417041,0.9858490566037735,20220826_070000.WAV,Central Pond
753,12.0,0.34,668,636,626,42,10,0,0.937125748502994,0.9842767295597484,20220826_070000.WAV,Central Pond
754,12.0,0.35,664,636,625,39,11,0,0.9412650602409639,0.9827044025157232,20220826_070000.WAV,Central Pond
755,12.0,0.36,661,636,624,37,12,0,0.9440242057488654,0.9811320754716981,20220826_070000.WAV,Central Pond
756,12.0,0.37,658,636,624,34,12,0,0.9483282674772037,0.9811320754716981,20220826_070000.WAV,Central Pond
757,12.0,0.38,657,636,623,34,13,0,0.9482496194824962,0.9795597484276729,20220826_070000.WAV,Central Pond
758,12.0,0.39,657,636,623,34,13,0,0.9482496194824962,0.9795597484276729,20220826_070000.WAV,Central Pond
759,12.0,0.4,654,636,620,34,16,0,0.9480122324159022,0.9748427672955975,20220826_070000.WAV,Central Pond
760,12.0,0.41,648,636,618,30,18,0,0.9537037037037037,0.9716981132075472,20220826_070000.WAV,Central Pond
761,12.0,0.42,637,636,611,26,25,0,0.9591836734693877,0.960691823899371,20220826_070000.WAV,Central Pond
762,12.0,0.43,628,636,603,25,33,0,0.9601910828025477,0.9481132075471698,20220826_070000.WAV,Central Pond
763,12.0,0.44,624,636,599,25,37,0,0.9599358974358975,0.9418238993710691,20220826_070000.WAV,Central Pond
764,12.0,0.45,619,636,596,23,40,0,0.962843295638126,0.9371069182389937,20220826_070000.WAV,Central Pond
765,12.0,0.46,609,636,593,16,43,0,0.9737274220032841,0.9323899371069182,20220826_070000.WAV,Central Pond
766,12.0,0.47,594,636,581,13,55,0,0.9781144781144782,0.9135220125786163,20220826_070000.WAV,Central Pond
767,12.0,0.48,580,636,570,10,66,0,0.9827586206896551,0.8962264150943396,20220826_070000.WAV,Central Pond
768,12.0,0.49,570,636,563,7,73,0,0.987719298245614,0.8852201257861635,20220826_070000.WAV,Central Pond
769,12.0,0.5,550,636,549,1,87,0,0.9981818181818182,0.8632075471698113,20220826_070000.WAV,Central Pond
770,12.0,0.51,532,636,532,0,104,0,1.0,0.8364779874213837,20220826_070000.WAV,Central Pond
771,12.0,0.52,514,636,514,0,122,0,1.0,0.8081761006289309,20220826_070000.WAV,Central Pond
772,12.0,0.53,492,636,492,0,144,0,1.0,0.7735849056603774,20220826_070000.WAV,Central Pond
773,12.0,0.54,467,636,467,0,169,0,1.0,0.7342767295597484,20220826_070000.WAV,Central Pond
774,12.0,0.55,434,636,434,0,202,0,1.0,0.6823899371069182,20220826_070000.WAV,Central Pond
775,12.0,0.56,409,636,409,0,227,0,1.0,0.6430817610062893,20220826_070000.WAV,Central Pond
776,12.0,0.57,372,636,372,0,264,0,1.0,0.5849056603773585,20220826_070000.WAV,Central Pond
777,12.0,0.58,339,636,339,0,297,0,1.0,0.5330188679245284,20220826_070000.WAV,Central Pond
778,12.0,0.59,300,636,300,0,336,0,1.0,0.4716981132075472,20220826_070000.WAV,Central Pond
779,12.0,0.6,263,636,263,0,373,0,1.0,0.41352201257861637,20220826_070000.WAV,Central Pond
780,13.0,0.01,559,533,528,31,5,0,0.9445438282647585,0.9906191369606003,20220826_070000.WAV,Central Pond
781,13.0,0.02,559,533,528,31,5,0,0.9445438282647585,0.9906191369606003,20220826_070000.WAV,Central Pond
782,13.0,0.03,559,533,528,31,5,0,0.9445438282647585,0.9906191369606003,20220826_070000.WAV,Central Pond
783,13.0,0.04,559,533,528,31,5,0,0.9445438282647585,0.9906191369606003,20220826_070000.WAV,Central Pond
784,13.0,0.05,559,533,528,31,5,0,0.9445438282647585,0.9906191369606003,20220826_070000.WAV,Central Pond
785,13.0,0.06,559,533,528,31,5,0,0.9445438282647585,0.9906191369606003,20220826_070000.WAV,Central Pond
786,13.0,0.07,559,533,528,31,5,0,0.9445438282647585,0.9906191369606003,20220826_070000.WAV,Central Pond
787,13.0,0.08,559,533,528,31,5,0,0.9445438282647585,0.9906191369606003,20220826_070000.WAV,Central Pond
788,13.0,0.09,559,533,528,31,5,0,0.9445438282647585,0.9906191369606003,20220826_070000.WAV,Central Pond
789,13.0,0.1,559,533,528,31,5,0,0.9445438282647585,0.9906191369606003,20220826_070000.WAV,Central Pond
790,13.0,0.11,559,533,528,31,5,0,0.9445438282647585,0.9906191369606003,20220826_070000.WAV,Central Pond
791,13.0,0.12,559,533,528,31,5,0,0.9445438282647585,0.9906191369606003,20220826_070000.WAV,Central Pond
792,13.0,0.13,559,533,528,31,5,0,0.9445438282647585,0.9906191369606003,20220826_070000.WAV,Central Pond
793,13.0,0.14,559,533,528,31,5,0,0.9445438282647585,0.9906191369606003,20220826_070000.WAV,Central Pond
794,13.0,0.15,559,533,528,31,5,0,0.9445438282647585,0.9906191369606003,20220826_070000.WAV,Central Pond
795,13.0,0.16,559,533,528,31,5,0,0.9445438282647585,0.9906191369606003,20220826_070000.WAV,Central Pond
796,13.0,0.17,559,533,528,31,5,0,0.9445438282647585,0.9906191369606003,20220826_070000.WAV,Central Pond
797,13.0,0.18,559,533,528,31,5,0,0.9445438282647585,0.9906191369606003,20220826_070000.WAV,Central Pond
798,13.0,0.19,559,533,528,31,5,0,0.9445438282647585,0.9906191369606003,20220826_070000.WAV,Central Pond
799,13.0,0.2,559,533,528,31,5,0,0.9445438282647585,0.9906191369606003,20220826_070000.WAV,Central Pond
800,13.0,0.21,559,533,528,31,5,0,0.9445438282647585,0.9906191369606003,20220826_070000.WAV,Central Pond
801,13.0,0.22,559,533,528,31,5,0,0.9445438282647585,0.9906191369606003,20220826_070000.WAV,Central Pond
802,13.0,0.23,559,533,528,31,5,0,0.9445438282647585,0.9906191369606003,20220826_070000.WAV,Central Pond
803,13.0,0.24,559,533,528,31,5,0,0.9445438282647585,0.9906191369606003,20220826_070000.WAV,Central Pond
804,13.0,0.25,558,533,527,31,6,0,0.9444444444444444,0.9887429643527205,20220826_070000.WAV,Central Pond
805,13.0,0.26,558,533,527,31,6,0,0.9444444444444444,0.9887429643527205,20220826_070000.WAV,Central Pond
806,13.0,0.27,557,533,526,31,7,0,0.9443447037701975,0.9868667917448405,20220826_070000.WAV,Central Pond
807,13.0,0.28,556,533,525,31,8,0,0.9442446043165468,0.9849906191369606,20220826_070000.WAV,Central Pond
808,13.0,0.29,555,533,524,31,9,0,0.9441441441441442,0.9831144465290806,20220826_070000.WAV,Central Pond
809,13.0,0.3,554,533,523,31,10,0,0.944043321299639,0.9812382739212008,20220826_070000.WAV,Central Pond
810,13.0,0.31,554,533,523,31,10,0,0.944043321299639,0.9812382739212008,20220826_070000.WAV,Central Pond
811,13.0,0.32,554,533,523,31,10,0,0.944043321299639,0.9812382739212008,20220826_070000.WAV,Central Pond
812,13.0,0.33,553,533,523,30,10,0,0.945750452079566,0.9812382739212008,20220826_070000.WAV,Central Pond
813,13.0,0.34,552,533,522,30,11,0,0.9456521739130435,0.9793621013133208,20220826_070000.WAV,Central Pond
814,13.0,0.35,550,533,521,29,12,0,0.9472727272727273,0.9774859287054409,20220826_070000.WAV,Central Pond
815,13.0,0.36,547,533,520,27,13,0,0.9506398537477148,0.975609756097561,20220826_070000.WAV,Central Pond
816,13.0,0.37,546,533,520,26,13,0,0.9523809523809523,0.975609756097561,20220826_070000.WAV,Central Pond
817,13.0,0.38,545,533,520,25,13,0,0.9541284403669725,0.975609756097561,20220826_070000.WAV,Central Pond
818,13.0,0.39,545,533,520,25,13,0,0.9541284403669725,0.975609756097561,20220826_070000.WAV,Central Pond
819,13.0,0.4,542,533,518,24,15,0,0.955719557195572,0.9718574108818011,20220826_070000.WAV,Central Pond
820,13.0,0.41,539,533,517,22,16,0,0.9591836734693877,0.9699812382739212,20220826_070000.WAV,Central Pond
821,13.0,0.42,529,533,510,19,23,0,0.9640831758034026,0.9568480300187617,20220826_070000.WAV,Central Pond
822,13.0,0.43,520,533,502,18,31,0,0.9653846153846154,0.9418386491557224,20220826_070000.WAV,Central Pond
823,13.0,0.44,516,533,498,18,35,0,0.9651162790697675,0.9343339587242027,20220826_070000.WAV,Central Pond
824,13.0,0.45,512,533,497,15,36,0,0.970703125,0.9324577861163227,20220826_070000.WAV,Central Pond
825,13.0,0.46,506,533,494,12,39,0,0.9762845849802372,0.926829268292683,20220826_070000.WAV,Central Pond
826,13.0,0.47,493,533,482,11,51,0,0.9776876267748479,0.9043151969981238,20220826_070000.WAV,Central Pond
827,13.0,0.48,483,533,476,7,57,0,0.9855072463768116,0.8930581613508443,20220826_070000.WAV,Central Pond
828,13.0,0.49,475,533,471,4,62,0,0.991578947368421,0.8836772983114447,20220826_070000.WAV,Central Pond
829,13.0,0.5,460,533,460,0,73,0,1.0,0.8630393996247655,20220826_070000.WAV,Central Pond
830,13.0,0.51,447,533,447,0,86,0,1.0,0.8386491557223265,20220826_070000.WAV,Central Pond
831,13.0,0.52,432,533,432,0,101,0,1.0,0.8105065666041276,20220826_070000.WAV,Central Pond
832,13.0,0.53,413,533,413,0,120,0,1.0,0.774859287054409,20220826_070000.WAV,Central Pond
833,13.0,0.54,393,533,393,0,140,0,1.0,0.7373358348968105,20220826_070000.WAV,Central Pond
834,13.0,0.55,368,533,368,0,165,0,1.0,0.6904315196998124,20220826_070000.WAV,Central Pond
835,13.0,0.56,348,533,348,0,185,0,1.0,0.6529080675422139,20220826_070000.WAV,Central Pond
836,13.0,0.57,320,533,320,0,213,0,1.0,0.600375234521576,20220826_070000.WAV,Central Pond
837,13.0,0.58,291,533,291,0,242,0,1.0,0.5459662288930581,20220826_070000.WAV,Central Pond
838,13.0,0.59,258,533,258,0,275,0,1.0,0.48405253283302063,20220826_070000.WAV,Central Pond
839,13.0,0.6,228,533,228,0,305,0,1.0,0.4277673545966229,20220826_070000.WAV,Central Pond
840,14.0,0.01,479,457,452,27,5,0,0.9436325678496869,0.9890590809628009,20220826_070000.WAV,Central Pond
841,14.0,0.02,479,457,452,27,5,0,0.9436325678496869,0.9890590809628009,20220826_070000.WAV,Central Pond
842,14.0,0.03,479,457,452,27,5,0,0.9436325678496869,0.9890590809628009,20220826_070000.WAV,Central Pond
843,14.0,0.04,479,457,452,27,5,0,0.9436325678496869,0.9890590809628009,20220826_070000.WAV,Central Pond
844,14.0,0.05,479,457,452,27,5,0,0.9436325678496869,0.9890590809628009,20220826_070000.WAV,Central Pond
845,14.0,0.06,479,457,452,27,5,0,0.9436325678496869,0.9890590809628009,20220826_070000.WAV,Central Pond
846,14.0,0.07,479,457,452,27,5,0,0.9436325678496869,0.9890590809628009,20220826_070000.WAV,Central Pond
847,14.0,0.08,479,457,452,27,5,0,0.9436325678496869,0.9890590809628009,20220826_070000.WAV,Central Pond
848,14.0,0.09,479,457,452,27,5,0,0.9436325678496869,0.9890590809628009,20220826_070000.WAV,Central Pond
849,14.0,0.1,479,457,452,27,5,0,0.9436325678496869,0.9890590809628009,20220826_070000.WAV,Central Pond
850,14.0,0.11,479,457,452,27,5,0,0.9436325678496869,0.9890590809628009,20220826_070000.WAV,Central Pond
851,14.0,0.12,479,457,452,27,5,0,0.9436325678496869,0.9890590809628009,20220826_070000.WAV,Central Pond
852,14.0,0.13,479,457,452,27,5,0,0.9436325678496869,0.9890590809628009,20220826_070000.WAV,Central Pond
853,14.0,0.14,479,457,452,27,5,0,0.9436325678496869,0.9890590809628009,20220826_070000.WAV,Central Pond
854,14.0,0.15,479,457,452,27,5,0,0.9436325678496869,0.9890590809628009,20220826_070000.WAV,Central Pond
855,14.0,0.16,479,457,452,27,5,0,0.9436325678496869,0.9890590809628009,20220826_070000.WAV,Central Pond
856,14.0,0.17,479,457,452,27,5,0,0.9436325678496869,0.9890590809628009,20220826_070000.WAV,Central Pond
857,14.0,0.18,479,457,452,27,5,0,0.9436325678496869,0.9890590809628009,20220826_070000.WAV,Central Pond
858,14.0,0.19,479,457,452,27,5,0,0.9436325678496869,0.9890590809628009,20220826_070000.WAV,Central Pond
859,14.0,0.2,479,457,452,27,5,0,0.9436325678496869,0.9890590809628009,20220826_070000.WAV,Central Pond
860,14.0,0.21,479,457,452,27,5,0,0.9436325678496869,0.9890590809628009,20220826_070000.WAV,Central Pond
861,14.0,0.22,479,457,452,27,5,0,0.9436325678496869,0.9890590809628009,20220826_070000.WAV,Central Pond
862,14.0,0.23,479,457,452,27,5,0,0.9436325678496869,0.9890590809628009,20220826_070000.WAV,Central Pond
863,14.0,0.24,479,457,452,27,5,0,0.9436325678496869,0.9890590809628009,20220826_070000.WAV,Central Pond
864,14.0,0.25,478,457,451,27,6,0,0.9435146443514645,0.986870897155361,20220826_070000.WAV,Central Pond
865,14.0,0.26,478,457,451,27,6,0,0.9435146443514645,0.986870897155361,20220826_070000.WAV,Central Pond
866,14.0,0.27,478,457,451,27,6,0,0.9435146443514645,0.986870897155361,20220826_070000.WAV,Central Pond
867,14.0,0.28,477,457,450,27,7,0,0.9433962264150944,0.9846827133479212,20220826_070000.WAV,Central Pond
868,14.0,0.29,477,457,450,27,7,0,0.9433962264150944,0.9846827133479212,20220826_070000.WAV,Central Pond
869,14.0,0.3,476,457,449,27,8,0,0.9432773109243697,0.9824945295404814,20220826_070000.WAV,Central Pond
870,14.0,0.31,476,457,449,27,8,0,0.9432773109243697,0.9824945295404814,20220826_070000.WAV,Central Pond
871,14.0,0.32,476,457,449,27,8,0,0.9432773109243697,0.9824945295404814,20220826_070000.WAV,Central Pond
872,14.0,0.33,475,457,449,26,8,0,0.9452631578947368,0.9824945295404814,20220826_070000.WAV,Central Pond
873,14.0,0.34,474,457,448,26,9,0,0.9451476793248945,0.9803063457330415,20220826_070000.WAV,Central Pond
874,14.0,0.35,472,457,447,25,10,0,0.9470338983050848,0.9781181619256017,20220826_070000.WAV,Central Pond
875,14.0,0.36,470,457,446,24,11,0,0.948936170212766,0.975929978118162,20220826_070000.WAV,Central Pond
876,14.0,0.37,469,457,446,23,11,0,0.9509594882729211,0.975929978118162,20220826_070000.WAV,Central Pond
877,14.0,0.38,468,457,446,22,11,0,0.9529914529914529,0.975929978118162,20220826_070000.WAV,Central Pond
878,14.0,0.39,468,457,446,22,11,0,0.9529914529914529,0.975929978118162,20220826_070000.WAV,Central Pond
879,14.0,0.4,465,457,444,21,13,0,0.9548387096774194,0.9715536105032823,20220826_070000.WAV,Central Pond
880,14.0,0.41,463,457,443,20,14,0,0.9568034557235421,0.9693654266958425,20220826_070000.WAV,Central Pond
881,14.0,0.42,454,457,437,17,20,0,0.9625550660792952,0.9562363238512035,20220826_070000.WAV,Central Pond
882,14.0,0.43,447,457,430,17,27,0,0.9619686800894854,0.9409190371991247,20220826_070000.WAV,Central Pond
883,14.0,0.44,443,457,427,16,30,0,0.963882618510158,0.9343544857768052,20220826_070000.WAV,Central Pond
884,14.0,0.45,441,457,426,15,31,0,0.9659863945578231,0.9321663019693655,20220826_070000.WAV,Central Pond
885,14.0,0.46,436,457,423,13,34,0,0.9701834862385321,0.925601750547046,20220826_070000.WAV,Central Pond
886,14.0,0.47,424,457,414,10,43,0,0.9764150943396226,0.9059080962800875,20220826_070000.WAV,Central Pond
887,14.0,0.48,415,457,409,6,48,0,0.9855421686746988,0.8949671772428884,20220826_070000.WAV,Central Pond
888,14.0,0.49,410,457,406,4,51,0,0.9902439024390244,0.888402625820569,20220826_070000.WAV,Central Pond
889,14.0,0.5,397,457,397,0,60,0,1.0,0.8687089715536105,20220826_070000.WAV,Central Pond
890,14.0,0.51,385,457,385,0,72,0,1.0,0.8424507658643327,20220826_070000.WAV,Central Pond
891,14.0,0.52,373,457,373,0,84,0,1.0,0.8161925601750547,20220826_070000.WAV,Central Pond
892,14.0,0.53,357,457,357,0,100,0,1.0,0.7811816192560175,20220826_070000.WAV,Central Pond
893,14.0,0.54,342,457,342,0,115,0,1.0,0.7483588621444202,20220826_070000.WAV,Central Pond
894,14.0,0.55,322,457,322,0,135,0,1.0,0.7045951859956237,20220826_070000.WAV,Central Pond
895,14.0,0.56,305,457,305,0,152,0,1.0,0.6673960612691466,20220826_070000.WAV,Central Pond
896,14.0,0.57,283,457,283,0,174,0,1.0,0.6192560175054704,20220826_070000.WAV,Central Pond
897,14.0,0.58,255,457,255,0,202,0,1.0,0.5579868708971554,20220826_070000.WAV,Central Pond
898,14.0,0.59,225,457,225,0,232,0,1.0,0.4923413566739606,20220826_070000.WAV,Central Pond
899,14.0,0.6,202,457,202,0,255,0,1.0,0.4420131291028446,20220826_070000.WAV,Central Pond
900,15.0,0.01,407,387,386,21,1,0,0.9484029484029484,0.9974160206718347,20220826_070000.WAV,Central Pond
901,15.0,0.02,407,387,386,21,1,0,0.9484029484029484,0.9974160206718347,20220826_070000.WAV,Central Pond
902,15.0,0.03,407,387,386,21,1,0,0.9484029484029484,0.9974160206718347,20220826_070000.WAV,Central Pond
903,15.0,0.04,407,387,386,21,1,0,0.9484029484029484,0.9974160206718347,20220826_070000.WAV,Central Pond
904,15.0,0.05,407,387,386,21,1,0,0.9484029484029484,0.9974160206718347,20220826_070000.WAV,Central Pond
905,15.0,0.06,407,387,386,21,1,0,0.9484029484029484,0.9974160206718347,20220826_070000.WAV,Central Pond
906,15.0,0.07,407,387,386,21,1,0,0.9484029484029484,0.9974160206718347,20220826_070000.WAV,Central Pond
907,15.0,0.08,407,387,386,21,1,0,0.9484029484029484,0.9974160206718347,20220826_070000.WAV,Central Pond
908,15.0,0.09,407,387,386,21,1,0,0.9484029484029484,0.9974160206718347,20220826_070000.WAV,Central Pond
909,15.0,0.1,407,387,386,21,1,0,0.9484029484029484,0.9974160206718347,20220826_070000.WAV,Central Pond
910,15.0,0.11,407,387,386,21,1,0,0.9484029484029484,0.9974160206718347,20220826_070000.WAV,Central Pond
911,15.0,0.12,407,387,386,21,1,0,0.9484029484029484,0.9974160206718347,20220826_070000.WAV,Central Pond
912,15.0,0.13,407,387,386,21,1,0,0.9484029484029484,0.9974160206718347,20220826_070000.WAV,Central Pond
913,15.0,0.14,407,387,386,21,1,0,0.9484029484029484,0.9974160206718347,20220826_070000.WAV,Central Pond
914,15.0,0.15,407,387,386,21,1,0,0.9484029484029484,0.9974160206718347,20220826_070000.WAV,Central Pond
915,15.0,0.16,407,387,386,21,1,0,0.9484029484029484,0.9974160206718347,20220826_070000.WAV,Central Pond
916,15.0,0.17,407,387,386,21,1,0,0.9484029484029484,0.9974160206718347,20220826_070000.WAV,Central Pond
917,15.0,0.18,407,387,386,21,1,0,0.9484029484029484,0.9974160206718347,20220826_070000.WAV,Central Pond
918,15.0,0.19,407,387,386,21,1,0,0.9484029484029484,0.9974160206718347,20220826_070000.WAV,Central Pond
919,15.0,0.2,407,387,386,21,1,0,0.9484029484029484,0.9974160206718347,20220826_070000.WAV,Central Pond
920,15.0,0.21,407,387,386,21,1,0,0.9484029484029484,0.9974160206718347,20220826_070000.WAV,Central Pond
921,15.0,0.22,407,387,386,21,1,0,0.9484029484029484,0.9974160206718347,20220826_070000.WAV,Central Pond
922,15.0,0.23,407,387,386,21,1,0,0.9484029484029484,0.9974160206718347,20220826_070000.WAV,Central Pond
923,15.0,0.24,407,387,386,21,1,0,0.9484029484029484,0.9974160206718347,20220826_070000.WAV,Central Pond
924,15.0,0.25,406,387,385,21,2,0,0.9482758620689655,0.9948320413436692,20220826_070000.WAV,Central Pond
925,15.0,0.26,406,387,385,21,2,0,0.9482758620689655,0.9948320413436692,20220826_070000.WAV,Central Pond
926,15.0,0.27,406,387,385,21,2,0,0.9482758620689655,0.9948320413436692,20220826_070000.WAV,Central Pond
927,15.0,0.28,405,387,385,20,2,0,0.9506172839506173,0.9948320413436692,20220826_070000.WAV,Central Pond
928,15.0,0.29,405,387,385,20,2,0,0.9506172839506173,0.9948320413436692,20220826_070000.WAV,Central Pond
929,15.0,0.3,405,387,385,20,2,0,0.9506172839506173,0.9948320413436692,20220826_070000.WAV,Central Pond
930,15.0,0.31,405,387,385,20,2,0,0.9506172839506173,0.9948320413436692,20220826_070000.WAV,Central Pond
931,15.0,0.32,405,387,385,20,2,0,0.9506172839506173,0.9948320413436692,20220826_070000.WAV,Central Pond
932,15.0,0.33,404,387,385,19,2,0,0.9529702970297029,0.9948320413436692,20220826_070000.WAV,Central Pond
933,15.0,0.34,403,387,384,19,3,0,0.9528535980148883,0.9922480620155039,20220826_070000.WAV,Central Pond
934,15.0,0.35,401,387,383,18,4,0,0.9551122194513716,0.9896640826873385,20220826_070000.WAV,Central Pond
935,15.0,0.36,400,387,382,18,5,0,0.955,0.9870801033591732,20220826_070000.WAV,Central Pond
936,15.0,0.37,400,387,382,18,5,0,0.955,0.9870801033591732,20220826_070000.WAV,Central Pond
937,15.0,0.38,400,387,382,18,5,0,0.955,0.9870801033591732,20220826_070000.WAV,Central Pond
938,15.0,0.39,400,387,382,18,5,0,0.955,0.9870801033591732,20220826_070000.WAV,Central Pond
939,15.0,0.4,397,387,380,17,7,0,0.9571788413098237,0.9819121447028424,20220826_070000.WAV,Central Pond
940,15.0,0.41,396,387,379,17,8,0,0.9570707070707071,0.979328165374677,20220826_070000.WAV,Central Pond
941,15.0,0.42,389,387,376,13,11,0,0.9665809768637532,0.9715762273901809,20220826_070000.WAV,Central Pond
942,15.0,0.43,383,387,371,12,16,0,0.9686684073107049,0.958656330749354,20220826_070000.WAV,Central Pond
943,15.0,0.44,379,387,369,10,18,0,0.9736147757255936,0.9534883720930233,20220826_070000.WAV,Central Pond
944,15.0,0.45,378,387,368,10,19,0,0.9735449735449735,0.9509043927648578,20220826_070000.WAV,Central Pond
945,15.0,0.46,373,387,366,7,21,0,0.9812332439678284,0.9457364341085271,20220826_070000.WAV,Central Pond
946,15.0,0.47,363,387,358,5,29,0,0.9862258953168044,0.9250645994832042,20220826_070000.WAV,Central Pond
947,15.0,0.48,356,387,353,3,34,0,0.9915730337078652,0.9121447028423773,20220826_070000.WAV,Central Pond
948,15.0,0.49,352,387,350,2,37,0,0.9943181818181818,0.9043927648578811,20220826_070000.WAV,Central Pond
949,15.0,0.5,343,387,343,0,44,0,1.0,0.8863049095607235,20220826_070000.WAV,Central Pond
950,15.0,0.51,331,387,331,0,56,0,1.0,0.8552971576227391,20220826_070000.WAV,Central Pond
951,15.0,0.52,321,387,321,0,66,0,1.0,0.8294573643410853,20220826_070000.WAV,Central Pond
952,15.0,0.53,308,387,308,0,79,0,1.0,0.7958656330749354,20220826_070000.WAV,Central Pond
953,15.0,0.54,293,387,293,0,94,0,1.0,0.7571059431524548,20220826_070000.WAV,Central Pond
954,15.0,0.55,277,387,277,0,110,0,1.0,0.7157622739018088,20220826_070000.WAV,Central Pond
955,15.0,0.56,263,387,263,0,124,0,1.0,0.6795865633074936,20220826_070000.WAV,Central Pond
956,15.0,0.57,246,387,246,0,141,0,1.0,0.6356589147286822,20220826_070000.WAV,Central Pond
957,15.0,0.58,219,387,219,0,168,0,1.0,0.5658914728682171,20220826_070000.WAV,Central Pond
958,15.0,0.59,194,387,194,0,193,0,1.0,0.5012919896640827,20220826_070000.WAV,Central Pond
959,15.0,0.6,174,387,174,0,213,0,1.0,0.4496124031007752,20220826_070000.WAV,Central Pond
960,16.0,0.01,338,330,329,9,1,0,0.9733727810650887,0.996969696969697,20220826_070000.WAV,Central Pond
961,16.0,0.02,338,330,329,9,1,0,0.9733727810650887,0.996969696969697,20220826_070000.WAV,Central Pond
962,16.0,0.03,338,330,329,9,1,0,0.9733727810650887,0.996969696969697,20220826_070000.WAV,Central Pond
963,16.0,0.04,338,330,329,9,1,0,0.9733727810650887,0.996969696969697,20220826_070000.WAV,Central Pond
964,16.0,0.05,338,330,329,9,1,0,0.9733727810650887,0.996969696969697,20220826_070000.WAV,Central Pond
965,16.0,0.06,338,330,329,9,1,0,0.9733727810650887,0.996969696969697,20220826_070000.WAV,Central Pond
966,16.0,0.07,338,330,329,9,1,0,0.9733727810650887,0.996969696969697,20220826_070000.WAV,Central Pond
967,16.0,0.08,338,330,329,9,1,0,0.9733727810650887,0.996969696969697,20220826_070000.WAV,Central Pond
968,16.0,0.09,338,330,329,9,1,0,0.9733727810650887,0.996969696969697,20220826_070000.WAV,Central Pond
969,16.0,0.1,338,330,329,9,1,0,0.9733727810650887,0.996969696969697,20220826_070000.WAV,Central Pond
970,16.0,0.11,338,330,329,9,1,0,0.9733727810650887,0.996969696969697,20220826_070000.WAV,Central Pond
971,16.0,0.12,338,330,329,9,1,0,0.9733727810650887,0.996969696969697,20220826_070000.WAV,Central Pond
972,16.0,0.13,338,330,329,9,1,0,0.9733727810650887,0.996969696969697,20220826_070000.WAV,Central Pond
973,16.0,0.14,338,330,329,9,1,0,0.9733727810650887,0.996969696969697,20220826_070000.WAV,Central Pond
974,16.0,0.15,338,330,329,9,1,0,0.9733727810650887,0.996969696969697,20220826_070000.WAV,Central Pond
975,16.0,0.16,338,330,329,9,1,0,0.9733727810650887,0.996969696969697,20220826_070000.WAV,Central Pond
976,16.0,0.17,338,330,329,9,1,0,0.9733727810650887,0.996969696969697,20220826_070000.WAV,Central Pond
977,16.0,0.18,338,330,329,9,1,0,0.9733727810650887,0.996969696969697,20220826_070000.WAV,Central Pond
978,16.0,0.19,338,330,329,9,1,0,0.9733727810650887,0.996969696969697,20220826_070000.WAV,Central Pond
979,16.0,0.2,338,330,329,9,1,0,0.9733727810650887,0.996969696969697,20220826_070000.WAV,Central Pond
980,16.0,0.21,338,330,329,9,1,0,0.9733727810650887,0.996969696969697,20220826_070000.WAV,Central Pond
981,16.0,0.22,338,330,329,9,1,0,0.9733727810650887,0.996969696969697,20220826_070000.WAV,Central Pond
982,16.0,0.23,338,330,329,9,1,0,0.9733727810650887,0.996969696969697,20220826_070000.WAV,Central Pond
983,16.0,0.24,338,330,329,9,1,0,0.9733727810650887,0.996969696969697,20220826_070000.WAV,Central Pond
984,16.0,0.25,337,330,328,9,2,0,0.973293768545994,0.9939393939393939,20220826_070000.WAV,Central Pond
985,16.0,0.26,337,330,328,9,2,0,0.973293768545994,0.9939393939393939,20220826_070000.WAV,Central Pond
986,16.0,0.27,337,330,328,9,2,0,0.973293768545994,0.9939393939393939,20220826_070000.WAV,Central Pond
987,16.0,0.28,336,330,328,8,2,0,0.9761904761904762,0.9939393939393939,20220826_070000.WAV,Central Pond
988,16.0,0.29,336,330,328,8,2,0,0.9761904761904762,0.9939393939393939,20220826_070000.WAV,Central Pond
989,16.0,0.3,336,330,328,8,2,0,0.9761904761904762,0.9939393939393939,20220826_070000.WAV,Central Pond
990,16.0,0.31,336,330,328,8,2,0,0.9761904761904762,0.9939393939393939,20220826_070000.WAV,Central Pond
991,16.0,0.32,336,330,328,8,2,0,0.9761904761904762,0.9939393939393939,20220826_070000.WAV,Central Pond
992,16.0,0.33,336,330,328,8,2,0,0.9761904761904762,0.9939393939393939,20220826_070000.WAV,Central Pond
993,16.0,0.34,335,330,327,8,3,0,0.9761194029850746,0.990909090909091,20220826_070000.WAV,Central Pond
994,16.0,0.35,334,330,326,8,4,0,0.9760479041916168,0.9878787878787879,20220826_070000.WAV,Central Pond
995,16.0,0.36,333,330,325,8,5,0,0.975975975975976,0.9848484848484849,20220826_070000.WAV,Central Pond
996,16.0,0.37,333,330,325,8,5,0,0.975975975975976,0.9848484848484849,20220826_070000.WAV,Central Pond
997,16.0,0.38,333,330,325,8,5,0,0.975975975975976,0.9848484848484849,20220826_070000.WAV,Central Pond
998,16.0,0.39,333,330,325,8,5,0,0.975975975975976,0.9848484848484849,20220826_070000.WAV,Central Pond
999,16.0,0.4,331,330,324,7,6,0,0.9788519637462235,0.9818181818181818,20220826_070000.WAV,Central Pond
1000,16.0,0.41,330,330,323,7,7,0,0.9787878787878788,0.9787878787878788,20220826_070000.WAV,Central Pond
1001,16.0,0.42,325,330,320,5,10,0,0.9846153846153847,0.9696969696969697,20220826_070000.WAV,Central Pond
1002,16.0,0.43,322,330,318,4,12,0,0.9875776397515528,0.9636363636363636,20220826_070000.WAV,Central Pond
1003,16.0,0.44,319,330,316,3,14,0,0.9905956112852664,0.9575757575757575,20220826_070000.WAV,Central Pond
1004,16.0,0.45,319,330,316,3,14,0,0.9905956112852664,0.9575757575757575,20220826_070000.WAV,Central Pond
1005,16.0,0.46,316,330,314,2,16,0,0.9936708860759493,0.9515151515151515,20220826_070000.WAV,Central Pond
1006,16.0,0.47,309,330,307,2,23,0,0.9935275080906149,0.9303030303030303,20220826_070000.WAV,Central Pond
1007,16.0,0.48,304,330,302,2,28,0,0.993421052631579,0.9151515151515152,20220826_070000.WAV,Central Pond
1008,16.0,0.49,300,330,299,1,31,0,0.9966666666666667,0.906060606060606,20220826_070000.WAV,Central Pond
1009,16.0,0.5,292,330,292,0,38,0,1.0,0.8848484848484849,20220826_070000.WAV,Central Pond
1010,16.0,0.51,280,330,280,0,50,0,1.0,0.8484848484848485,20220826_070000.WAV,Central Pond
1011,16.0,0.52,271,330,271,0,59,0,1.0,0.8212121212121212,20220826_070000.WAV,Central Pond
1012,16.0,0.53,260,330,260,0,70,0,1.0,0.7878787878787878,20220826_070000.WAV,Central Pond
1013,16.0,0.54,246,330,246,0,84,0,1.0,0.7454545454545455,20220826_070000.WAV,Central Pond
1014,16.0,0.55,232,330,232,0,98,0,1.0,0.703030303030303,20220826_070000.WAV,Central Pond
1015,16.0,0.56,219,330,219,0,111,0,1.0,0.6636363636363637,20220826_070000.WAV,Central Pond
1016,16.0,0.57,204,330,204,0,126,0,1.0,0.6181818181818182,20220826_070000.WAV,Central Pond
1017,16.0,0.58,184,330,184,0,146,0,1.0,0.5575757575757576,20220826_070000.WAV,Central Pond
1018,16.0,0.59,167,330,167,0,163,0,1.0,0.5060606060606061,20220826_070000.WAV,Central Pond
1019,16.0,0.6,151,330,151,0,179,0,1.0,0.4575757575757576,20220826_070000.WAV,Central Pond
1020,17.0,0.01,282,277,276,6,1,0,0.9787234042553191,0.9963898916967509,20220826_070000.WAV,Central Pond
1021,17.0,0.02,282,277,276,6,1,0,0.9787234042553191,0.9963898916967509,20220826_070000.WAV,Central Pond
1022,17.0,0.03,282,277,276,6,1,0,0.9787234042553191,0.9963898916967509,20220826_070000.WAV,Central Pond
1023,17.0,0.04,282,277,276,6,1,0,0.9787234042553191,0.9963898916967509,20220826_070000.WAV,Central Pond
1024,17.0,0.05,282,277,276,6,1,0,0.9787234042553191,0.9963898916967509,20220826_070000.WAV,Central Pond
1025,17.0,0.06,282,277,276,6,1,0,0.9787234042553191,0.9963898916967509,20220826_070000.WAV,Central Pond
1026,17.0,0.07,282,277,276,6,1,0,0.9787234042553191,0.9963898916967509,20220826_070000.WAV,Central Pond
1027,17.0,0.08,282,277,276,6,1,0,0.9787234042553191,0.9963898916967509,20220826_070000.WAV,Central Pond
1028,17.0,0.09,282,277,276,6,1,0,0.9787234042553191,0.9963898916967509,20220826_070000.WAV,Central Pond
1029,17.0,0.1,282,277,276,6,1,0,0.9787234042553191,0.9963898916967509,20220826_070000.WAV,Central Pond
1030,17.0,0.11,282,277,276,6,1,0,0.9787234042553191,0.9963898916967509,20220826_070000.WAV,Central Pond
1031,17.0,0.12,282,277,276,6,1,0,0.9787234042553191,0.9963898916967509,20220826_070000.WAV,Central Pond
1032,17.0,0.13,282,277,276,6,1,0,0.9787234042553191,0.9963898916967509,20220826_070000.WAV,Central Pond
1033,17.0,0.14,282,277,276,6,1,0,0.9787234042553191,0.9963898916967509,20220826_070000.WAV,Central Pond
1034,17.0,0.15,282,277,276,6,1,0,0.9787234042553191,0.9963898916967509,20220826_070000.WAV,Central Pond
1035,17.0,0.16,282,277,276,6,1,0,0.9787234042553191,0.9963898916967509,20220826_070000.WAV,Central Pond
1036,17.0,0.17,282,277,276,6,1,0,0.9787234042553191,0.9963898916967509,20220826_070000.WAV,Central Pond
1037,17.0,0.18,282,277,276,6,1,0,0.9787234042553191,0.9963898916967509,20220826_070000.WAV,Central Pond
1038,17.0,0.19,282,277,276,6,1,0,0.9787234042553191,0.9963898916967509,20220826_070000.WAV,Central Pond
1039,17.0,0.2,282,277,276,6,1,0,0.9787234042553191,0.9963898916967509,20220826_070000.WAV,Central Pond
1040,17.0,0.21,282,277,276,6,1,0,0.9787234042553191,0.9963898916967509,20220826_070000.WAV,Central Pond
1041,17.0,0.22,282,277,276,6,1,0,0.9787234042553191,0.9963898916967509,20220826_070000.WAV,Central Pond
1042,17.0,0.23,282,277,276,6,1,0,0.9787234042553191,0.9963898916967509,20220826_070000.WAV,Central Pond
1043,17.0,0.24,282,277,276,6,1,0,0.9787234042553191,0.9963898916967509,20220826_070000.WAV,Central Pond
1044,17.0,0.25,281,277,275,6,2,0,0.9786476868327402,0.9927797833935018,20220826_070000.WAV,Central Pond
1045,17.0,0.26,281,277,275,6,2,0,0.9786476868327402,0.9927797833935018,20220826_070000.WAV,Central Pond
1046,17.0,0.27,281,277,275,6,2,0,0.9786476868327402,0.9927797833935018,20220826_070000.WAV,Central Pond
1047,17.0,0.28,281,277,275,6,2,0,0.9786476868327402,0.9927797833935018,20220826_070000.WAV,Central Pond
1048,17.0,0.29,281,277,275,6,2,0,0.9786476868327402,0.9927797833935018,20220826_070000.WAV,Central Pond
1049,17.0,0.3,281,277,275,6,2,0,0.9786476868327402,0.9927797833935018,20220826_070000.WAV,Central Pond
1050,17.0,0.31,281,277,275,6,2,0,0.9786476868327402,0.9927797833935018,20220826_070000.WAV,Central Pond
1051,17.0,0.32,281,277,275,6,2,0,0.9786476868327402,0.9927797833935018,20220826_070000.WAV,Central Pond
1052,17.0,0.33,281,277,275,6,2,0,0.9786476868327402,0.9927797833935018,20220826_070000.WAV,Central Pond
1053,17.0,0.34,281,277,275,6,2,0,0.9786476868327402,0.9927797833935018,20220826_070000.WAV,Central Pond
1054,17.0,0.35,280,277,274,6,3,0,0.9785714285714285,0.9891696750902527,20220826_070000.WAV,Central Pond
1055,17.0,0.36,279,277,273,6,4,0,0.978494623655914,0.9855595667870036,20220826_070000.WAV,Central Pond
1056,17.0,0.37,279,277,273,6,4,0,0.978494623655914,0.9855595667870036,20220826_070000.WAV,Central Pond
1057,17.0,0.38,279,277,273,6,4,0,0.978494623655914,0.9855595667870036,20220826_070000.WAV,Central Pond
1058,17.0,0.39,279,277,273,6,4,0,0.978494623655914,0.9855595667870036,20220826_070000.WAV,Central Pond
1059,17.0,0.4,278,277,272,6,5,0,0.9784172661870504,0.9819494584837545,20220826_070000.WAV,Central Pond
1060,17.0,0.41,277,277,271,6,6,0,0.9783393501805054,0.9783393501805054,20220826_070000.WAV,Central Pond
1061,17.0,0.42,274,277,269,5,8,0,0.9817518248175182,0.9711191335740073,20220826_070000.WAV,Central Pond
1062,17.0,0.43,273,277,268,5,9,0,0.9816849816849816,0.9675090252707581,20220826_070000.WAV,Central Pond
1063,17.0,0.44,271,277,266,5,11,0,0.981549815498155,0.9602888086642599,20220826_070000.WAV,Central Pond
1064,17.0,0.45,271,277,266,5,11,0,0.981549815498155,0.9602888086642599,20220826_070000.WAV,Central Pond
1065,17.0,0.46,268,277,264,4,13,0,0.9850746268656716,0.9530685920577617,20220826_070000.WAV,Central Pond
1066,17.0,0.47,262,277,259,3,18,0,0.9885496183206107,0.9350180505415162,20220826_070000.WAV,Central Pond
1067,17.0,0.48,257,277,254,3,23,0,0.9883268482490273,0.9169675090252708,20220826_070000.WAV,Central Pond
1068,17.0,0.49,253,277,251,2,26,0,0.9920948616600791,0.9061371841155235,20220826_070000.WAV,Central Pond
1069,17.0,0.5,246,277,246,0,31,0,1.0,0.8880866425992779,20220826_070000.WAV,Central Pond
1070,17.0,0.51,235,277,235,0,42,0,1.0,0.8483754512635379,20220826_070000.WAV,Central Pond
1071,17.0,0.52,229,277,229,0,48,0,1.0,0.8267148014440433,20220826_070000.WAV,Central Pond
1072,17.0,0.53,219,277,219,0,58,0,1.0,0.7906137184115524,20220826_070000.WAV,Central Pond
1073,17.0,0.54,207,277,207,0,70,0,1.0,0.7472924187725631,20220826_070000.WAV,Central Pond
1074,17.0,0.55,194,277,194,0,83,0,1.0,0.7003610108303249,20220826_070000.WAV,Central Pond
1075,17.0,0.56,184,277,184,0,93,0,1.0,0.6642599277978339,20220826_070000.WAV,Central Pond
1076,17.0,0.57,170,277,170,0,107,0,1.0,0.6137184115523465,20220826_070000.WAV,Central Pond
1077,17.0,0.58,156,277,156,0,121,0,1.0,0.5631768953068592,20220826_070000.WAV,Central Pond
1078,17.0,0.59,142,277,142,0,135,0,1.0,0.5126353790613718,20220826_070000.WAV,Central Pond
1079,17.0,0.6,129,277,129,0,148,0,1.0,0.4657039711191336,20220826_070000.WAV,Central Pond
1080,18.0,0.01,243,240,238,5,2,0,0.9794238683127572,0.9916666666666667,20220826_070000.WAV,Central Pond
1081,18.0,0.02,243,240,238,5,2,0,0.9794238683127572,0.9916666666666667,20220826_070000.WAV,Central Pond
1082,18.0,0.03,243,240,238,5,2,0,0.9794238683127572,0.9916666666666667,20220826_070000.WAV,Central Pond
1083,18.0,0.04,243,240,238,5,2,0,0.9794238683127572,0.9916666666666667,20220826_070000.WAV,Central Pond
1084,18.0,0.05,243,240,238,5,2,0,0.9794238683127572,0.9916666666666667,20220826_070000.WAV,Central Pond
1085,18.0,0.06,243,240,238,5,2,0,0.9794238683127572,0.9916666666666667,20220826_070000.WAV,Central Pond
1086,18.0,0.07,243,240,238,5,2,0,0.9794238683127572,0.9916666666666667,20220826_070000.WAV,Central Pond
1087,18.0,0.08,243,240,238,5,2,0,0.9794238683127572,0.9916666666666667,20220826_070000.WAV,Central Pond
1088,18.0,0.09,243,240,238,5,2,0,0.9794238683127572,0.9916666666666667,20220826_070000.WAV,Central Pond
1089,18.0,0.1,243,240,238,5,2,0,0.9794238683127572,0.9916666666666667,20220826_070000.WAV,Central Pond
1090,18.0,0.11,243,240,238,5,2,0,0.9794238683127572,0.9916666666666667,20220826_070000.WAV,Central Pond
1091,18.0,0.12,243,240,238,5,2,0,0.9794238683127572,0.9916666666666667,20220826_070000.WAV,Central Pond
1092,18.0,0.13,243,240,238,5,2,0,0.9794238683127572,0.9916666666666667,20220826_070000.WAV,Central Pond
1093,18.0,0.14,243,240,238,5,2,0,0.9794238683127572,0.9916666666666667,20220826_070000.WAV,Central Pond
1094,18.0,0.15,243,240,238,5,2,0,0.9794238683127572,0.9916666666666667,20220826_070000.WAV,Central Pond
1095,18.0,0.16,243,240,238,5,2,0,0.9794238683127572,0.9916666666666667,20220826_070000.WAV,Central Pond
1096,18.0,0.17,243,240,238,5,2,0,0.9794238683127572,0.9916666666666667,20220826_070000.WAV,Central Pond
1097,18.0,0.18,243,240,238,5,2,0,0.9794238683127572,0.9916666666666667,20220826_070000.WAV,Central Pond
1098,18.0,0.19,243,240,238,5,2,0,0.9794238683127572,0.9916666666666667,20220826_070000.WAV,Central Pond
1099,18.0,0.2,243,240,238,5,2,0,0.9794238683127572,0.9916666666666667,20220826_070000.WAV,Central Pond
1100,18.0,0.21,243,240,238,5,2,0,0.9794238683127572,0.9916666666666667,20220826_070000.WAV,Central Pond
1101,18.0,0.22,243,240,238,5,2,0,0.9794238683127572,0.9916666666666667,20220826_070000.WAV,Central Pond
1102,18.0,0.23,243,240,238,5,2,0,0.9794238683127572,0.9916666666666667,20220826_070000.WAV,Central Pond
1103,18.0,0.24,243,240,238,5,2,0,0.9794238683127572,0.9916666666666667,20220826_070000.WAV,Central Pond
1104,18.0,0.25,242,240,237,5,3,0,0.9793388429752066,0.9875,20220826_070000.WAV,Central Pond
1105,18.0,0.26,242,240,237,5,3,0,0.9793388429752066,0.9875,20220826_070000.WAV,Central Pond
1106,18.0,0.27,242,240,237,5,3,0,0.9793388429752066,0.9875,20220826_070000.WAV,Central Pond
1107,18.0,0.28,242,240,237,5,3,0,0.9793388429752066,0.9875,20220826_070000.WAV,Central Pond
1108,18.0,0.29,242,240,237,5,3,0,0.9793388429752066,0.9875,20220826_070000.WAV,Central Pond
1109,18.0,0.3,242,240,237,5,3,0,0.9793388429752066,0.9875,20220826_070000.WAV,Central Pond
1110,18.0,0.31,242,240,237,5,3,0,0.9793388429752066,0.9875,20220826_070000.WAV,Central Pond
1111,18.0,0.32,242,240,237,5,3,0,0.9793388429752066,0.9875,20220826_070000.WAV,Central Pond
1112,18.0,0.33,242,240,237,5,3,0,0.9793388429752066,0.9875,20220826_070000.WAV,Central Pond
1113,18.0,0.34,242,240,237,5,3,0,0.9793388429752066,0.9875,20220826_070000.WAV,Central Pond
1114,18.0,0.35,242,240,237,5,3,0,0.9793388429752066,0.9875,20220826_070000.WAV,Central Pond
1115,18.0,0.36,241,240,236,5,4,0,0.979253112033195,0.9833333333333333,20220826_070000.WAV,Central Pond
1116,18.0,0.37,241,240,236,5,4,0,0.979253112033195,0.9833333333333333,20220826_070000.WAV,Central Pond
1117,18.0,0.38,241,240,236,5,4,0,0.979253112033195,0.9833333333333333,20220826_070000.WAV,Central Pond
1118,18.0,0.39,241,240,236,5,4,0,0.979253112033195,0.9833333333333333,20220826_070000.WAV,Central Pond
1119,18.0,0.4,240,240,235,5,5,0,0.9791666666666666,0.9791666666666666,20220826_070000.WAV,Central Pond
1120,18.0,0.41,239,240,234,5,6,0,0.9790794979079498,0.975,20220826_070000.WAV,Central Pond
1121,18.0,0.42,237,240,232,5,8,0,0.9789029535864979,0.9666666666666667,20220826_070000.WAV,Central Pond
1122,18.0,0.43,236,240,232,4,8,0,0.9830508474576272,0.9666666666666667,20220826_070000.WAV,Central Pond
1123,18.0,0.44,234,240,231,3,9,0,0.9871794871794872,0.9625,20220826_070000.WAV,Central Pond
1124,18.0,0.45,234,240,231,3,9,0,0.9871794871794872,0.9625,20220826_070000.WAV,Central Pond
1125,18.0,0.46,231,240,230,1,10,0,0.9956709956709957,0.9583333333333334,20220826_070000.WAV,Central Pond
1126,18.0,0.47,225,240,225,0,15,0,1.0,0.9375,20220826_070000.WAV,Central Pond
1127,18.0,0.48,220,240,220,0,20,0,1.0,0.9166666666666666,20220826_070000.WAV,Central Pond
1128,18.0,0.49,217,240,217,0,23,0,1.0,0.9041666666666667,20220826_070000.WAV,Central Pond
1129,18.0,0.5,212,240,212,0,28,0,1.0,0.8833333333333333,20220826_070000.WAV,Central Pond
1130,18.0,0.51,205,240,205,0,35,0,1.0,0.8541666666666666,20220826_070000.WAV,Central Pond
1131,18.0,0.52,200,240,200,0,40,0,1.0,0.8333333333333334,20220826_070000.WAV,Central Pond
1132,18.0,0.53,191,240,191,0,49,0,1.0,0.7958333333333333,20220826_070000.WAV,Central Pond
1133,18.0,0.54,179,240,179,0,61,0,1.0,0.7458333333333333,20220826_070000.WAV,Central Pond
1134,18.0,0.55,170,240,170,0,70,0,1.0,0.7083333333333334,20220826_070000.WAV,Central Pond
1135,18.0,0.56,162,240,162,0,78,0,1.0,0.675,20220826_070000.WAV,Central Pond
1136,18.0,0.57,151,240,151,0,89,0,1.0,0.6291666666666667,20220826_070000.WAV,Central Pond
1137,18.0,0.58,142,240,142,0,98,0,1.0,0.5916666666666667,20220826_070000.WAV,Central Pond
1138,18.0,0.59,128,240,128,0,112,0,1.0,0.5333333333333333,20220826_070000.WAV,Central Pond
1139,18.0,0.6,116,240,116,0,124,0,1.0,0.48333333333333334,20220826_070000.WAV,Central Pond
1140,19.0,0.01,202,197,196,6,1,0,0.9702970297029703,0.9949238578680203,20220826_070000.WAV,Central Pond
1141,19.0,0.02,202,197,196,6,1,0,0.9702970297029703,0.9949238578680203,20220826_070000.WAV,Central Pond
1142,19.0,0.03,202,197,196,6,1,0,0.9702970297029703,0.9949238578680203,20220826_070000.WAV,Central Pond
1143,19.0,0.04,202,197,196,6,1,0,0.9702970297029703,0.9949238578680203,20220826_070000.WAV,Central Pond
1144,19.0,0.05,202,197,196,6,1,0,0.9702970297029703,0.9949238578680203,20220826_070000.WAV,Central Pond
1145,19.0,0.06,202,197,196,6,1,0,0.9702970297029703,0.9949238578680203,20220826_070000.WAV,Central Pond
1146,19.0,0.07,202,197,196,6,1,0,0.9702970297029703,0.9949238578680203,20220826_070000.WAV,Central Pond
1147,19.0,0.08,202,197,196,6,1,0,0.9702970297029703,0.9949238578680203,20220826_070000.WAV,Central Pond
1148,19.0,0.09,202,197,196,6,1,0,0.9702970297029703,0.9949238578680203,20220826_070000.WAV,Central Pond
1149,19.0,0.1,202,197,196,6,1,0,0.9702970297029703,0.9949238578680203,20220826_070000.WAV,Central Pond
1150,19.0,0.11,202,197,196,6,1,0,0.9702970297029703,0.9949238578680203,20220826_070000.WAV,Central Pond
1151,19.0,0.12,202,197,196,6,1,0,0.9702970297029703,0.9949238578680203,20220826_070000.WAV,Central Pond
1152,19.0,0.13,202,197,196,6,1,0,0.9702970297029703,0.9949238578680203,20220826_070000.WAV,Central Pond
1153,19.0,0.14,202,197,196,6,1,0,0.9702970297029703,0.9949238578680203,20220826_070000.WAV,Central Pond
1154,19.0,0.15,202,197,196,6,1,0,0.9702970297029703,0.9949238578680203,20220826_070000.WAV,Central Pond
1155,19.0,0.16,202,197,196,6,1,0,0.9702970297029703,0.9949238578680203,20220826_070000.WAV,Central Pond
1156,19.0,0.17,202,197,196,6,1,0,0.9702970297029703,0.9949238578680203,20220826_070000.WAV,Central Pond
1157,19.0,0.18,202,197,196,6,1,0,0.9702970297029703,0.9949238578680203,20220826_070000.WAV,Central Pond
1158,19.0,0.19,202,197,196,6,1,0,0.9702970297029703,0.9949238578680203,20220826_070000.WAV,Central Pond
1159,19.0,0.2,202,197,196,6,1,0,0.9702970297029703,0.9949238578680203,20220826_070000.WAV,Central Pond
1160,19.0,0.21,202,197,196,6,1,0,0.9702970297029703,0.9949238578680203,20220826_070000.WAV,Central Pond
1161,19.0,0.22,202,197,196,6,1,0,0.9702970297029703,0.9949238578680203,20220826_070000.WAV,Central Pond
1162,19.0,0.23,202,197,196,6,1,0,0.9702970297029703,0.9949238578680203,20220826_070000.WAV,Central Pond
1163,19.0,0.24,202,197,196,6,1,0,0.9702970297029703,0.9949238578680203,20220826_070000.WAV,Central Pond
1164,19.0,0.25,201,197,195,6,2,0,0.9701492537313433,0.9898477157360406,20220826_070000.WAV,Central Pond
1165,19.0,0.26,201,197,195,6,2,0,0.9701492537313433,0.9898477157360406,20220826_070000.WAV,Central Pond
1166,19.0,0.27,201,197,195,6,2,0,0.9701492537313433,0.9898477157360406,20220826_070000.WAV,Central Pond
1167,19.0,0.28,201,197,195,6,2,0,0.9701492537313433,0.9898477157360406,20220826_070000.WAV,Central Pond
1168,19.0,0.29,201,197,195,6,2,0,0.9701492537313433,0.9898477157360406,20220826_070000.WAV,Central Pond
1169,19.0,0.3,201,197,195,6,2,0,0.9701492537313433,0.9898477157360406,20220826_070000.WAV,Central Pond
1170,19.0,0.31,201,197,195,6,2,0,0.9701492537313433,0.9898477157360406,20220826_070000.WAV,Central Pond
1171,19.0,0.32,201,197,195,6,2,0,0.9701492537313433,0.9898477157360406,20220826_070000.WAV,Central Pond
1172,19.0,0.33,201,197,195,6,2,0,0.9701492537313433,0.9898477157360406,20220826_070000.WAV,Central Pond
1173,19.0,0.34,201,197,195,6,2,0,0.9701492537313433,0.9898477157360406,20220826_070000.WAV,Central Pond
1174,19.0,0.35,201,197,195,6,2,0,0.9701492537313433,0.9898477157360406,20220826_070000.WAV,Central Pond
1175,19.0,0.36,200,197,194,6,3,0,0.97,0.9847715736040609,20220826_070000.WAV,Central Pond
1176,19.0,0.37,200,197,194,6,3,0,0.97,0.9847715736040609,20220826_070000.WAV,Central Pond
1177,19.0,0.38,200,197,194,6,3,0,0.97,0.9847715736040609,20220826_070000.WAV,Central Pond
1178,19.0,0.39,200,197,194,6,3,0,0.97,0.9847715736040609,20220826_070000.WAV,Central Pond
1179,19.0,0.4,199,197,193,6,4,0,0.9698492462311558,0.9796954314720813,20220826_070000.WAV,Central Pond
1180,19.0,0.41,198,197,193,5,4,0,0.9747474747474747,0.9796954314720813,20220826_070000.WAV,Central Pond
1181,19.0,0.42,196,197,192,4,5,0,0.9795918367346939,0.9746192893401016,20220826_070000.WAV,Central Pond
1182,19.0,0.43,196,197,192,4,5,0,0.9795918367346939,0.9746192893401016,20220826_070000.WAV,Central Pond
1183,19.0,0.44,194,197,191,3,6,0,0.9845360824742269,0.9695431472081218,20220826_070000.WAV,Central Pond
1184,19.0,0.45,194,197,191,3,6,0,0.9845360824742269,0.9695431472081218,20220826_070000.WAV,Central Pond
1185,19.0,0.46,193,197,191,2,6,0,0.9896373056994818,0.9695431472081218,20220826_070000.WAV,Central Pond
1186,19.0,0.47,188,197,186,2,11,0,0.9893617021276596,0.9441624365482234,20220826_070000.WAV,Central Pond
1187,19.0,0.48,183,197,182,1,15,0,0.994535519125683,0.9238578680203046,20220826_070000.WAV,Central Pond
1188,19.0,0.49,180,197,180,0,17,0,1.0,0.9137055837563451,20220826_070000.WAV,Central Pond
1189,19.0,0.5,175,197,175,0,22,0,1.0,0.8883248730964467,20220826_070000.WAV,Central Pond
1190,19.0,0.51,168,197,168,0,29,0,1.0,0.8527918781725888,20220826_070000.WAV,Central Pond
1191,19.0,0.52,163,197,163,0,34,0,1.0,0.8274111675126904,20220826_070000.WAV,Central Pond
1192,19.0,0.53,155,197,155,0,42,0,1.0,0.7868020304568528,20220826_070000.WAV,Central Pond
1193,19.0,0.54,147,197,147,0,50,0,1.0,0.7461928934010152,20220826_070000.WAV,Central Pond
1194,19.0,0.55,139,197,139,0,58,0,1.0,0.7055837563451777,20220826_070000.WAV,Central Pond
1195,19.0,0.56,133,197,133,0,64,0,1.0,0.6751269035532995,20220826_070000.WAV,Central Pond
1196,19.0,0.57,124,197,124,0,73,0,1.0,0.6294416243654822,20220826_070000.WAV,Central Pond
1197,19.0,0.58,117,197,117,0,80,0,1.0,0.5939086294416244,20220826_070000.WAV,Central Pond
1198,19.0,0.59,106,197,106,0,91,0,1.0,0.5380710659898477,20220826_070000.WAV,Central Pond
1199,19.0,0.6,97,197,97,0,100,0,1.0,0.49238578680203043,20220826_070000.WAV,Central Pond
0,0.0,0.01,10593,16,16,10577,0,0,0.0015104314169734731,1.0,20220727_083000.WAV,Foliage
1,0.0,0.02,10593,16,16,10577,0,0,0.0015104314169734731,1.0,20220727_083000.WAV,Foliage
2,0.0,0.03,6554,16,16,6538,0,0,0.0024412572474824534,1.0,20220727_083000.WAV,Foliage
3,0.0,0.04,2736,16,15,2721,1,0,0.005482456140350877,0.9375,20220727_083000.WAV,Foliage
4,0.0,0.05,1191,16,14,1177,2,0,0.011754827875734676,0.875,20220727_083000.WAV,Foliage
5,0.0,0.06,607,16,13,594,3,0,0.0214168039538715,0.8125,20220727_083000.WAV,Foliage
6,0.0,0.07,318,16,13,305,3,0,0.040880503144654086,0.8125,20220727_083000.WAV,Foliage
7,0.0,0.08,194,16,11,183,5,0,0.05670103092783505,0.6875,20220727_083000.WAV,Foliage
8,0.0,0.09,135,16,10,125,6,0,0.07407407407407407,0.625,20220727_083000.WAV,Foliage
9,0.0,0.1,96,16,9,87,7,0,0.09375,0.5625,20220727_083000.WAV,Foliage
10,0.0,0.11,73,16,9,64,7,0,0.1232876712328767,0.5625,20220727_083000.WAV,Foliage
11,0.0,0.12,52,16,9,43,7,0,0.17307692307692307,0.5625,20220727_083000.WAV,Foliage
12,0.0,0.13,44,16,9,35,7,0,0.20454545454545456,0.5625,20220727_083000.WAV,Foliage
13,0.0,0.14,38,16,9,29,7,0,0.23684210526315788,0.5625,20220727_083000.WAV,Foliage
14,0.0,0.15,35,16,9,26,7,0,0.2571428571428571,0.5625,20220727_083000.WAV,Foliage
15,0.0,0.16,30,16,9,21,7,0,0.3,0.5625,20220727_083000.WAV,Foliage
16,0.0,0.17,27,16,9,18,7,0,0.3333333333333333,0.5625,20220727_083000.WAV,Foliage
17,0.0,0.18,22,16,9,13,7,0,0.4090909090909091,0.5625,20220727_083000.WAV,Foliage
18,0.0,0.19,20,16,9,11,7,0,0.45,0.5625,20220727_083000.WAV,Foliage
19,0.0,0.2,19,16,8,11,8,0,0.42105263157894735,0.5,20220727_083000.WAV,Foliage
20,0.0,0.21,13,16,6,7,10,0,0.46153846153846156,0.375,20220727_083000.WAV,Foliage
21,0.0,0.22,11,16,5,6,11,0,0.45454545454545453,0.3125,20220727_083000.WAV,Foliage
22,0.0,0.23,9,16,5,4,11,0,0.5555555555555556,0.3125,20220727_083000.WAV,Foliage
23,0.0,0.24,7,16,5,2,11,0,0.7142857142857143,0.3125,20220727_083000.WAV,Foliage
24,0.0,0.25,6,16,5,1,11,0,0.8333333333333334,0.3125,20220727_083000.WAV,Foliage
25,0.0,0.26,6,16,5,1,11,0,0.8333333333333334,0.3125,20220727_083000.WAV,Foliage
26,0.0,0.27,6,16,5,1,11,0,0.8333333333333334,0.3125,20220727_083000.WAV,Foliage
27,0.0,0.28,6,16,5,1,11,0,0.8333333333333334,0.3125,20220727_083000.WAV,Foliage
28,0.0,0.29,6,16,5,1,11,0,0.8333333333333334,0.3125,20220727_083000.WAV,Foliage
29,0.0,0.3,6,16,5,1,11,0,0.8333333333333334,0.3125,20220727_083000.WAV,Foliage
30,0.0,0.31,5,16,4,1,12,0,0.8,0.25,20220727_083000.WAV,Foliage
31,0.0,0.32,5,16,4,1,12,0,0.8,0.25,20220727_083000.WAV,Foliage
32,0.0,0.33,4,16,3,1,13,0,0.75,0.1875,20220727_083000.WAV,Foliage
33,0.0,0.34,4,16,3,1,13,0,0.75,0.1875,20220727_083000.WAV,Foliage
34,0.0,0.35,4,16,3,1,13,0,0.75,0.1875,20220727_083000.WAV,Foliage
35,0.0,0.36,4,16,3,1,13,0,0.75,0.1875,20220727_083000.WAV,Foliage
36,0.0,0.37,4,16,3,1,13,0,0.75,0.1875,20220727_083000.WAV,Foliage
37,0.0,0.38,4,16,3,1,13,0,0.75,0.1875,20220727_083000.WAV,Foliage
38,0.0,0.39,3,16,2,1,14,0,0.6666666666666666,0.125,20220727_083000.WAV,Foliage
39,0.0,0.4,2,16,2,0,14,0,1.0,0.125,20220727_083000.WAV,Foliage
40,0.0,0.41,2,16,2,0,14,0,1.0,0.125,20220727_083000.WAV,Foliage
41,0.0,0.42,2,16,2,0,14,0,1.0,0.125,20220727_083000.WAV,Foliage
42,0.0,0.43,2,16,2,0,14,0,1.0,0.125,20220727_083000.WAV,Foliage
43,0.0,0.44,2,16,2,0,14,0,1.0,0.125,20220727_083000.WAV,Foliage
44,0.0,0.45,2,16,2,0,14,0,1.0,0.125,20220727_083000.WAV,Foliage
45,0.0,0.46,2,16,2,0,14,0,1.0,0.125,20220727_083000.WAV,Foliage
46,0.0,0.47,2,16,2,0,14,0,1.0,0.125,20220727_083000.WAV,Foliage
47,0.0,0.48,2,16,2,0,14,0,1.0,0.125,20220727_083000.WAV,Foliage
48,0.0,0.49,1,16,1,0,15,0,1.0,0.0625,20220727_083000.WAV,Foliage
49,0.0,0.5,1,16,1,0,15,0,1.0,0.0625,20220727_083000.WAV,Foliage
50,0.0,0.51,0,16,0,0,16,0,,0.0,20220727_083000.WAV,Foliage
51,0.0,0.52,0,16,0,0,16,0,,0.0,20220727_083000.WAV,Foliage
52,0.0,0.53,0,16,0,0,16,0,,0.0,20220727_083000.WAV,Foliage
53,0.0,0.54,0,16,0,0,16,0,,0.0,20220727_083000.WAV,Foliage
54,0.0,0.55,0,16,0,0,16,0,,0.0,20220727_083000.WAV,Foliage
55,0.0,0.56,0,16,0,0,16,0,,0.0,20220727_083000.WAV,Foliage
56,0.0,0.57,0,16,0,0,16,0,,0.0,20220727_083000.WAV,Foliage
57,0.0,0.58,0,16,0,0,16,0,,0.0,20220727_083000.WAV,Foliage
58,0.0,0.59,0,16,0,0,16,0,,0.0,20220727_083000.WAV,Foliage
59,0.0,0.6,0,16,0,0,16,0,,0.0,20220727_083000.WAV,Foliage
60,1.0,0.01,3966,16,16,3950,0,0,0.004034291477559254,1.0,20220727_083000.WAV,Foliage
61,1.0,0.02,3966,16,16,3950,0,0,0.004034291477559254,1.0,20220727_083000.WAV,Foliage
62,1.0,0.03,2919,16,16,2903,0,0,0.005481329222336417,1.0,20220727_083000.WAV,Foliage
63,1.0,0.04,1477,16,15,1462,1,0,0.010155721056194989,0.9375,20220727_083000.WAV,Foliage
64,1.0,0.05,725,16,14,711,2,0,0.019310344827586208,0.875,20220727_083000.WAV,Foliage
65,1.0,0.06,405,16,13,392,3,0,0.03209876543209877,0.8125,20220727_083000.WAV,Foliage
66,1.0,0.07,234,16,13,221,3,0,0.05555555555555555,0.8125,20220727_083000.WAV,Foliage
67,1.0,0.08,154,16,11,143,5,0,0.07142857142857142,0.6875,20220727_083000.WAV,Foliage
68,1.0,0.09,110,16,10,100,6,0,0.09090909090909091,0.625,20220727_083000.WAV,Foliage
69,1.0,0.1,81,16,9,72,7,0,0.1111111111111111,0.5625,20220727_083000.WAV,Foliage
70,1.0,0.11,64,16,9,55,7,0,0.140625,0.5625,20220727_083000.WAV,Foliage
71,1.0,0.12,44,16,9,35,7,0,0.20454545454545456,0.5625,20220727_083000.WAV,Foliage
72,1.0,0.13,40,16,9,31,7,0,0.225,0.5625,20220727_083000.WAV,Foliage
73,1.0,0.14,34,16,9,25,7,0,0.2647058823529412,0.5625,20220727_083000.WAV,Foliage
74,1.0,0.15,32,16,9,23,7,0,0.28125,0.5625,20220727_083000.WAV,Foliage
75,1.0,0.16,27,16,9,18,7,0,0.3333333333333333,0.5625,20220727_083000.WAV,Foliage
76,1.0,0.17,24,16,9,15,7,0,0.375,0.5625,20220727_083000.WAV,Foliage
77,1.0,0.18,20,16,9,11,7,0,0.45,0.5625,20220727_083000.WAV,Foliage
78,1.0,0.19,18,16,9,9,7,0,0.5,0.5625,20220727_083000.WAV,Foliage
79,1.0,0.2,17,16,8,9,8,0,0.47058823529411764,0.5,20220727_083000.WAV,Foliage
80,1.0,0.21,12,16,6,6,10,0,0.5,0.375,20220727_083000.WAV,Foliage
81,1.0,0.22,10,16,5,5,11,0,0.5,0.3125,20220727_083000.WAV,Foliage
82,1.0,0.23,8,16,5,3,11,0,0.625,0.3125,20220727_083000.WAV,Foliage
83,1.0,0.24,7,16,5,2,11,0,0.7142857142857143,0.3125,20220727_083000.WAV,Foliage
84,1.0,0.25,6,16,5,1,11,0,0.8333333333333334,0.3125,20220727_083000.WAV,Foliage
85,1.0,0.26,6,16,5,1,11,0,0.8333333333333334,0.3125,20220727_083000.WAV,Foliage
86,1.0,0.27,6,16,5,1,11,0,0.8333333333333334,0.3125,20220727_083000.WAV,Foliage
87,1.0,0.28,6,16,5,1,11,0,0.8333333333333334,0.3125,20220727_083000.WAV,Foliage
88,1.0,0.29,6,16,5,1,11,0,0.8333333333333334,0.3125,20220727_083000.WAV,Foliage
89,1.0,0.3,6,16,5,1,11,0,0.8333333333333334,0.3125,20220727_083000.WAV,Foliage
90,1.0,0.31,5,16,4,1,12,0,0.8,0.25,20220727_083000.WAV,Foliage
91,1.0,0.32,5,16,4,1,12,0,0.8,0.25,20220727_083000.WAV,Foliage
92,1.0,0.33,4,16,3,1,13,0,0.75,0.1875,20220727_083000.WAV,Foliage
93,1.0,0.34,4,16,3,1,13,0,0.75,0.1875,20220727_083000.WAV,Foliage
94,1.0,0.35,4,16,3,1,13,0,0.75,0.1875,20220727_083000.WAV,Foliage
95,1.0,0.36,4,16,3,1,13,0,0.75,0.1875,20220727_083000.WAV,Foliage
96,1.0,0.37,4,16,3,1,13,0,0.75,0.1875,20220727_083000.WAV,Foliage
97,1.0,0.38,4,16,3,1,13,0,0.75,0.1875,20220727_083000.WAV,Foliage
98,1.0,0.39,3,16,2,1,14,0,0.6666666666666666,0.125,20220727_083000.WAV,Foliage
99,1.0,0.4,2,16,2,0,14,0,1.0,0.125,20220727_083000.WAV,Foliage
100,1.0,0.41,2,16,2,0,14,0,1.0,0.125,20220727_083000.WAV,Foliage
101,1.0,0.42,2,16,2,0,14,0,1.0,0.125,20220727_083000.WAV,Foliage
102,1.0,0.43,2,16,2,0,14,0,1.0,0.125,20220727_083000.WAV,Foliage
103,1.0,0.44,2,16,2,0,14,0,1.0,0.125,20220727_083000.WAV,Foliage
104,1.0,0.45,2,16,2,0,14,0,1.0,0.125,20220727_083000.WAV,Foliage
105,1.0,0.46,2,16,2,0,14,0,1.0,0.125,20220727_083000.WAV,Foliage
106,1.0,0.47,2,16,2,0,14,0,1.0,0.125,20220727_083000.WAV,Foliage
107,1.0,0.48,2,16,2,0,14,0,1.0,0.125,20220727_083000.WAV,Foliage
108,1.0,0.49,1,16,1,0,15,0,1.0,0.0625,20220727_083000.WAV,Foliage
109,1.0,0.5,1,16,1,0,15,0,1.0,0.0625,20220727_083000.WAV,Foliage
110,1.0,0.51,0,16,0,0,16,0,,0.0,20220727_083000.WAV,Foliage
111,1.0,0.52,0,16,0,0,16,0,,0.0,20220727_083000.WAV,Foliage
112,1.0,0.53,0,16,0,0,16,0,,0.0,20220727_083000.WAV,Foliage
113,1.0,0.54,0,16,0,0,16,0,,0.0,20220727_083000.WAV,Foliage
114,1.0,0.55,0,16,0,0,16,0,,0.0,20220727_083000.WAV,Foliage
115,1.0,0.56,0,16,0,0,16,0,,0.0,20220727_083000.WAV,Foliage
116,1.0,0.57,0,16,0,0,16,0,,0.0,20220727_083000.WAV,Foliage
117,1.0,0.58,0,16,0,0,16,0,,0.0,20220727_083000.WAV,Foliage
118,1.0,0.59,0,16,0,0,16,0,,0.0,20220727_083000.WAV,Foliage
119,1.0,0.6,0,16,0,0,16,0,,0.0,20220727_083000.WAV,Foliage
120,2.0,0.01,1442,14,13,1429,1,0,0.009015256588072122,0.9285714285714286,20220727_083000.WAV,Foliage
121,2.0,0.02,1442,14,13,1429,1,0,0.009015256588072122,0.9285714285714286,20220727_083000.WAV,Foliage
122,2.0,0.03,1096,14,13,1083,1,0,0.011861313868613138,0.9285714285714286,20220727_083000.WAV,Foliage
123,2.0,0.04,586,14,13,573,1,0,0.02218430034129693,0.9285714285714286,20220727_083000.WAV,Foliage
124,2.0,0.05,294,14,12,282,2,0,0.04081632653061224,0.8571428571428571,20220727_083000.WAV,Foliage
125,2.0,0.06,177,14,11,166,3,0,0.062146892655367235,0.7857142857142857,20220727_083000.WAV,Foliage
126,2.0,0.07,116,14,11,105,3,0,0.09482758620689655,0.7857142857142857,20220727_083000.WAV,Foliage
127,2.0,0.08,81,14,9,72,5,0,0.1111111111111111,0.6428571428571429,20220727_083000.WAV,Foliage
128,2.0,0.09,64,14,8,56,6,0,0.125,0.5714285714285714,20220727_083000.WAV,Foliage
129,2.0,0.1,47,14,7,40,7,0,0.14893617021276595,0.5,20220727_083000.WAV,Foliage
130,2.0,0.11,36,14,7,29,7,0,0.19444444444444445,0.5,20220727_083000.WAV,Foliage
131,2.0,0.12,26,14,7,19,7,0,0.2692307692307692,0.5,20220727_083000.WAV,Foliage
132,2.0,0.13,24,14,7,17,7,0,0.2916666666666667,0.5,20220727_083000.WAV,Foliage
133,2.0,0.14,22,14,7,15,7,0,0.3181818181818182,0.5,20220727_083000.WAV,Foliage
134,2.0,0.15,22,14,7,15,7,0,0.3181818181818182,0.5,20220727_083000.WAV,Foliage
135,2.0,0.16,21,14,7,14,7,0,0.3333333333333333,0.5,20220727_083000.WAV,Foliage
136,2.0,0.17,18,14,7,11,7,0,0.3888888888888889,0.5,20220727_083000.WAV,Foliage
137,2.0,0.18,16,14,7,9,7,0,0.4375,0.5,20220727_083000.WAV,Foliage
138,2.0,0.19,14,14,7,7,7,0,0.5,0.5,20220727_083000.WAV,Foliage
139,2.0,0.2,13,14,6,7,8,0,0.46153846153846156,0.42857142857142855,20220727_083000.WAV,Foliage
140,2.0,0.21,10,14,4,6,10,0,0.4,0.2857142857142857,20220727_083000.WAV,Foliage
141,2.0,0.22,9,14,3,6,11,0,0.3333333333333333,0.21428571428571427,20220727_083000.WAV,Foliage
142,2.0,0.23,8,14,3,5,11,0,0.375,0.21428571428571427,20220727_083000.WAV,Foliage
143,2.0,0.24,7,14,3,4,11,0,0.42857142857142855,0.21428571428571427,20220727_083000.WAV,Foliage
144,2.0,0.25,6,14,3,3,11,0,0.5,0.21428571428571427,20220727_083000.WAV,Foliage
145,2.0,0.26,6,14,3,3,11,0,0.5,0.21428571428571427,20220727_083000.WAV,Foliage
146,2.0,0.27,6,14,3,3,11,0,0.5,0.21428571428571427,20220727_083000.WAV,Foliage
147,2.0,0.28,6,14,3,3,11,0,0.5,0.21428571428571427,20220727_083000.WAV,Foliage
148,2.0,0.29,6,14,3,3,11,0,0.5,0.21428571428571427,20220727_083000.WAV,Foliage
149,2.0,0.3,6,14,3,3,11,0,0.5,0.21428571428571427,20220727_083000.WAV,Foliage
150,2.0,0.31,5,14,2,3,12,0,0.4,0.14285714285714285,20220727_083000.WAV,Foliage
151,2.0,0.32,5,14,2,3,12,0,0.4,0.14285714285714285,20220727_083000.WAV,Foliage
152,2.0,0.33,4,14,2,2,12,0,0.5,0.14285714285714285,20220727_083000.WAV,Foliage
153,2.0,0.34,4,14,2,2,12,0,0.5,0.14285714285714285,20220727_083000.WAV,Foliage
154,2.0,0.35,4,14,2,2,12,0,0.5,0.14285714285714285,20220727_083000.WAV,Foliage
155,2.0,0.36,4,14,2,2,12,0,0.5,0.14285714285714285,20220727_083000.WAV,Foliage
156,2.0,0.37,4,14,2,2,12,0,0.5,0.14285714285714285,20220727_083000.WAV,Foliage
157,2.0,0.38,4,14,2,2,12,0,0.5,0.14285714285714285,20220727_083000.WAV,Foliage
158,2.0,0.39,3,14,1,2,13,0,0.3333333333333333,0.07142857142857142,20220727_083000.WAV,Foliage
159,2.0,0.4,2,14,1,1,13,0,0.5,0.07142857142857142,20220727_083000.WAV,Foliage
160,2.0,0.41,2,14,1,1,13,0,0.5,0.07142857142857142,20220727_083000.WAV,Foliage
161,2.0,0.42,2,14,1,1,13,0,0.5,0.07142857142857142,20220727_083000.WAV,Foliage
162,2.0,0.43,2,14,1,1,13,0,0.5,0.07142857142857142,20220727_083000.WAV,Foliage
163,2.0,0.44,2,14,1,1,13,0,0.5,0.07142857142857142,20220727_083000.WAV,Foliage
164,2.0,0.45,2,14,1,1,13,0,0.5,0.07142857142857142,20220727_083000.WAV,Foliage
165,2.0,0.46,2,14,1,1,13,0,0.5,0.07142857142857142,20220727_083000.WAV,Foliage
166,2.0,0.47,2,14,1,1,13,0,0.5,0.07142857142857142,20220727_083000.WAV,Foliage
167,2.0,0.48,2,14,1,1,13,0,0.5,0.07142857142857142,20220727_083000.WAV,Foliage
168,2.0,0.49,1,14,1,0,13,0,1.0,0.07142857142857142,20220727_083000.WAV,Foliage
169,2.0,0.5,1,14,1,0,13,0,1.0,0.07142857142857142,20220727_083000.WAV,Foliage
170,2.0,0.51,0,14,0,0,14,0,,0.0,20220727_083000.WAV,Foliage
171,2.0,0.52,0,14,0,0,14,0,,0.0,20220727_083000.WAV,Foliage
172,2.0,0.53,0,14,0,0,14,0,,0.0,20220727_083000.WAV,Foliage
173,2.0,0.54,0,14,0,0,14,0,,0.0,20220727_083000.WAV,Foliage
174,2.0,0.55,0,14,0,0,14,0,,0.0,20220727_083000.WAV,Foliage
175,2.0,0.56,0,14,0,0,14,0,,0.0,20220727_083000.WAV,Foliage
176,2.0,0.57,0,14,0,0,14,0,,0.0,20220727_083000.WAV,Foliage
177,2.0,0.58,0,14,0,0,14,0,,0.0,20220727_083000.WAV,Foliage
178,2.0,0.59,0,14,0,0,14,0,,0.0,20220727_083000.WAV,Foliage
179,2.0,0.6,0,14,0,0,14,0,,0.0,20220727_083000.WAV,Foliage
180,3.0,0.01,184,11,8,176,3,0,0.043478260869565216,0.7272727272727273,20220727_083000.WAV,Foliage
181,3.0,0.02,184,11,8,176,3,0,0.043478260869565216,0.7272727272727273,20220727_083000.WAV,Foliage
182,3.0,0.03,153,11,8,145,3,0,0.05228758169934641,0.7272727272727273,20220727_083000.WAV,Foliage
183,3.0,0.04,92,11,8,84,3,0,0.08695652173913043,0.7272727272727273,20220727_083000.WAV,Foliage
184,3.0,0.05,53,11,8,45,3,0,0.1509433962264151,0.7272727272727273,20220727_083000.WAV,Foliage
185,3.0,0.06,39,11,8,31,3,0,0.20512820512820512,0.7272727272727273,20220727_083000.WAV,Foliage
186,3.0,0.07,29,11,8,21,3,0,0.27586206896551724,0.7272727272727273,20220727_083000.WAV,Foliage
187,3.0,0.08,22,11,6,16,5,0,0.2727272727272727,0.5454545454545454,20220727_083000.WAV,Foliage
188,3.0,0.09,18,11,5,13,6,0,0.2777777777777778,0.45454545454545453,20220727_083000.WAV,Foliage
189,3.0,0.1,16,11,5,11,6,0,0.3125,0.45454545454545453,20220727_083000.WAV,Foliage
190,3.0,0.11,14,11,5,9,6,0,0.35714285714285715,0.45454545454545453,20220727_083000.WAV,Foliage
191,3.0,0.12,10,11,5,5,6,0,0.5,0.45454545454545453,20220727_083000.WAV,Foliage
192,3.0,0.13,9,11,5,4,6,0,0.5555555555555556,0.45454545454545453,20220727_083000.WAV,Foliage
193,3.0,0.14,9,11,5,4,6,0,0.5555555555555556,0.45454545454545453,20220727_083000.WAV,Foliage
194,3.0,0.15,9,11,5,4,6,0,0.5555555555555556,0.45454545454545453,20220727_083000.WAV,Foliage
195,3.0,0.16,8,11,5,3,6,0,0.625,0.45454545454545453,20220727_083000.WAV,Foliage
196,3.0,0.17,8,11,5,3,6,0,0.625,0.45454545454545453,20220727_083000.WAV,Foliage
197,3.0,0.18,8,11,5,3,6,0,0.625,0.45454545454545453,20220727_083000.WAV,Foliage
198,3.0,0.19,8,11,5,3,6,0,0.625,0.45454545454545453,20220727_083000.WAV,Foliage
199,3.0,0.2,7,11,4,3,7,0,0.5714285714285714,0.36363636363636365,20220727_083000.WAV,Foliage
200,3.0,0.21,5,11,2,3,9,0,0.4,0.18181818181818182,20220727_083000.WAV,Foliage
201,3.0,0.22,4,11,1,3,10,0,0.25,0.09090909090909091,20220727_083000.WAV,Foliage
202,3.0,0.23,4,11,1,3,10,0,0.25,0.09090909090909091,20220727_083000.WAV,Foliage
203,3.0,0.24,4,11,1,3,10,0,0.25,0.09090909090909091,20220727_083000.WAV,Foliage
204,3.0,0.25,3,11,1,2,10,0,0.3333333333333333,0.09090909090909091,20220727_083000.WAV,Foliage
205,3.0,0.26,3,11,1,2,10,0,0.3333333333333333,0.09090909090909091,20220727_083000.WAV,Foliage
206,3.0,0.27,3,11,1,2,10,0,0.3333333333333333,0.09090909090909091,20220727_083000.WAV,Foliage
207,3.0,0.28,3,11,1,2,10,0,0.3333333333333333,0.09090909090909091,20220727_083000.WAV,Foliage
208,3.0,0.29,3,11,1,2,10,0,0.3333333333333333,0.09090909090909091,20220727_083000.WAV,Foliage
209,3.0,0.3,3,11,1,2,10,0,0.3333333333333333,0.09090909090909091,20220727_083000.WAV,Foliage
210,3.0,0.31,2,11,0,2,11,0,0.0,0.0,20220727_083000.WAV,Foliage
211,3.0,0.32,2,11,0,2,11,0,0.0,0.0,20220727_083000.WAV,Foliage
212,3.0,0.33,2,11,0,2,11,0,0.0,0.0,20220727_083000.WAV,Foliage
213,3.0,0.34,2,11,0,2,11,0,0.0,0.0,20220727_083000.WAV,Foliage
214,3.0,0.35,2,11,0,2,11,0,0.0,0.0,20220727_083000.WAV,Foliage
215,3.0,0.36,2,11,0,2,11,0,0.0,0.0,20220727_083000.WAV,Foliage
216,3.0,0.37,2,11,0,2,11,0,0.0,0.0,20220727_083000.WAV,Foliage
217,3.0,0.38,2,11,0,2,11,0,0.0,0.0,20220727_083000.WAV,Foliage
218,3.0,0.39,2,11,0,2,11,0,0.0,0.0,20220727_083000.WAV,Foliage
219,3.0,0.4,1,11,0,1,11,0,0.0,0.0,20220727_083000.WAV,Foliage
220,3.0,0.41,1,11,0,1,11,0,0.0,0.0,20220727_083000.WAV,Foliage
221,3.0,0.42,1,11,0,1,11,0,0.0,0.0,20220727_083000.WAV,Foliage
222,3.0,0.43,1,11,0,1,11,0,0.0,0.0,20220727_083000.WAV,Foliage
223,3.0,0.44,1,11,0,1,11,0,0.0,0.0,20220727_083000.WAV,Foliage
224,3.0,0.45,1,11,0,1,11,0,0.0,0.0,20220727_083000.WAV,Foliage
225,3.0,0.46,1,11,0,1,11,0,0.0,0.0,20220727_083000.WAV,Foliage
226,3.0,0.47,1,11,0,1,11,0,0.0,0.0,20220727_083000.WAV,Foliage
227,3.0,0.48,1,11,0,1,11,0,0.0,0.0,20220727_083000.WAV,Foliage
228,3.0,0.49,1,11,0,1,11,0,0.0,0.0,20220727_083000.WAV,Foliage
229,3.0,0.5,1,11,0,1,11,0,0.0,0.0,20220727_083000.WAV,Foliage
230,3.0,0.51,0,11,0,0,11,0,,0.0,20220727_083000.WAV,Foliage
231,3.0,0.52,0,11,0,0,11,0,,0.0,20220727_083000.WAV,Foliage
232,3.0,0.53,0,11,0,0,11,0,,0.0,20220727_083000.WAV,Foliage
233,3.0,0.54,0,11,0,0,11,0,,0.0,20220727_083000.WAV,Foliage
234,3.0,0.55,0,11,0,0,11,0,,0.0,20220727_083000.WAV,Foliage
235,3.0,0.56,0,11,0,0,11,0,,0.0,20220727_083000.WAV,Foliage
236,3.0,0.57,0,11,0,0,11,0,,0.0,20220727_083000.WAV,Foliage
237,3.0,0.58,0,11,0,0,11,0,,0.0,20220727_083000.WAV,Foliage
238,3.0,0.59,0,11,0,0,11,0,,0.0,20220727_083000.WAV,Foliage
239,3.0,0.6,0,11,0,0,11,0,,0.0,20220727_083000.WAV,Foliage
240,4.0,0.01,11,8,4,7,4,0,0.36363636363636365,0.5,20220727_083000.WAV,Foliage
241,4.0,0.02,11,8,4,7,4,0,0.36363636363636365,0.5,20220727_083000.WAV,Foliage
242,4.0,0.03,11,8,4,7,4,0,0.36363636363636365,0.5,20220727_083000.WAV,Foliage
243,4.0,0.04,9,8,4,5,4,0,0.4444444444444444,0.5,20220727_083000.WAV,Foliage
244,4.0,0.05,7,8,4,3,4,0,0.5714285714285714,0.5,20220727_083000.WAV,Foliage
245,4.0,0.06,7,8,4,3,4,0,0.5714285714285714,0.5,20220727_083000.WAV,Foliage
246,4.0,0.07,7,8,4,3,4,0,0.5714285714285714,0.5,20220727_083000.WAV,Foliage
247,4.0,0.08,7,8,4,3,4,0,0.5714285714285714,0.5,20220727_083000.WAV,Foliage
248,4.0,0.09,6,8,3,3,5,0,0.5,0.375,20220727_083000.WAV,Foliage
249,4.0,0.1,6,8,3,3,5,0,0.5,0.375,20220727_083000.WAV,Foliage
250,4.0,0.11,5,8,3,2,5,0,0.6,0.375,20220727_083000.WAV,Foliage
251,4.0,0.12,5,8,3,2,5,0,0.6,0.375,20220727_083000.WAV,Foliage
252,4.0,0.13,5,8,3,2,5,0,0.6,0.375,20220727_083000.WAV,Foliage
253,4.0,0.14,5,8,3,2,5,0,0.6,0.375,20220727_083000.WAV,Foliage
254,4.0,0.15,5,8,3,2,5,0,0.6,0.375,20220727_083000.WAV,Foliage
255,4.0,0.16,5,8,3,2,5,0,0.6,0.375,20220727_083000.WAV,Foliage
256,4.0,0.17,5,8,3,2,5,0,0.6,0.375,20220727_083000.WAV,Foliage
257,4.0,0.18,5,8,3,2,5,0,0.6,0.375,20220727_083000.WAV,Foliage
258,4.0,0.19,5,8,3,2,5,0,0.6,0.375,20220727_083000.WAV,Foliage
259,4.0,0.2,4,8,2,2,6,0,0.5,0.25,20220727_083000.WAV,Foliage
260,4.0,0.21,3,8,1,2,7,0,0.3333333333333333,0.125,20220727_083000.WAV,Foliage
261,4.0,0.22,2,8,0,2,8,0,0.0,0.0,20220727_083000.WAV,Foliage
262,4.0,0.23,2,8,0,2,8,0,0.0,0.0,20220727_083000.WAV,Foliage
263,4.0,0.24,2,8,0,2,8,0,0.0,0.0,20220727_083000.WAV,Foliage
264,4.0,0.25,1,8,0,1,8,0,0.0,0.0,20220727_083000.WAV,Foliage
265,4.0,0.26,1,8,0,1,8,0,0.0,0.0,20220727_083000.WAV,Foliage
266,4.0,0.27,1,8,0,1,8,0,0.0,0.0,20220727_083000.WAV,Foliage
267,4.0,0.28,1,8,0,1,8,0,0.0,0.0,20220727_083000.WAV,Foliage
268,4.0,0.29,1,8,0,1,8,0,0.0,0.0,20220727_083000.WAV,Foliage
269,4.0,0.3,1,8,0,1,8,0,0.0,0.0,20220727_083000.WAV,Foliage
270,4.0,0.31,1,8,0,1,8,0,0.0,0.0,20220727_083000.WAV,Foliage
271,4.0,0.32,1,8,0,1,8,0,0.0,0.0,20220727_083000.WAV,Foliage
272,4.0,0.33,1,8,0,1,8,0,0.0,0.0,20220727_083000.WAV,Foliage
273,4.0,0.34,1,8,0,1,8,0,0.0,0.0,20220727_083000.WAV,Foliage
274,4.0,0.35,1,8,0,1,8,0,0.0,0.0,20220727_083000.WAV,Foliage
275,4.0,0.36,1,8,0,1,8,0,0.0,0.0,20220727_083000.WAV,Foliage
276,4.0,0.37,1,8,0,1,8,0,0.0,0.0,20220727_083000.WAV,Foliage
277,4.0,0.38,1,8,0,1,8,0,0.0,0.0,20220727_083000.WAV,Foliage
278,4.0,0.39,1,8,0,1,8,0,0.0,0.0,20220727_083000.WAV,Foliage
279,4.0,0.4,1,8,0,1,8,0,0.0,0.0,20220727_083000.WAV,Foliage
280,4.0,0.41,1,8,0,1,8,0,0.0,0.0,20220727_083000.WAV,Foliage
281,4.0,0.42,1,8,0,1,8,0,0.0,0.0,20220727_083000.WAV,Foliage
282,4.0,0.43,1,8,0,1,8,0,0.0,0.0,20220727_083000.WAV,Foliage
283,4.0,0.44,1,8,0,1,8,0,0.0,0.0,20220727_083000.WAV,Foliage
284,4.0,0.45,1,8,0,1,8,0,0.0,0.0,20220727_083000.WAV,Foliage
285,4.0,0.46,1,8,0,1,8,0,0.0,0.0,20220727_083000.WAV,Foliage
286,4.0,0.47,1,8,0,1,8,0,0.0,0.0,20220727_083000.WAV,Foliage
287,4.0,0.48,1,8,0,1,8,0,0.0,0.0,20220727_083000.WAV,Foliage
288,4.0,0.49,1,8,0,1,8,0,0.0,0.0,20220727_083000.WAV,Foliage
289,4.0,0.5,1,8,0,1,8,0,0.0,0.0,20220727_083000.WAV,Foliage
290,4.0,0.51,0,8,0,0,8,0,,0.0,20220727_083000.WAV,Foliage
291,4.0,0.52,0,8,0,0,8,0,,0.0,20220727_083000.WAV,Foliage
292,4.0,0.53,0,8,0,0,8,0,,0.0,20220727_083000.WAV,Foliage
293,4.0,0.54,0,8,0,0,8,0,,0.0,20220727_083000.WAV,Foliage
294,4.0,0.55,0,8,0,0,8,0,,0.0,20220727_083000.WAV,Foliage
295,4.0,0.56,0,8,0,0,8,0,,0.0,20220727_083000.WAV,Foliage
296,4.0,0.57,0,8,0,0,8,0,,0.0,20220727_083000.WAV,Foliage
297,4.0,0.58,0,8,0,0,8,0,,0.0,20220727_083000.WAV,Foliage
298,4.0,0.59,0,8,0,0,8,0,,0.0,20220727_083000.WAV,Foliage
299,4.0,0.6,0,8,0,0,8,0,,0.0,20220727_083000.WAV,Foliage
300,5.0,0.01,6,6,3,3,3,0,0.5,0.5,20220727_083000.WAV,Foliage
301,5.0,0.02,6,6,3,3,3,0,0.5,0.5,20220727_083000.WAV,Foliage
302,5.0,0.03,6,6,3,3,3,0,0.5,0.5,20220727_083000.WAV,Foliage
303,5.0,0.04,6,6,3,3,3,0,0.5,0.5,20220727_083000.WAV,Foliage
304,5.0,0.05,6,6,3,3,3,0,0.5,0.5,20220727_083000.WAV,Foliage
305,5.0,0.06,6,6,3,3,3,0,0.5,0.5,20220727_083000.WAV,Foliage
306,5.0,0.07,6,6,3,3,3,0,0.5,0.5,20220727_083000.WAV,Foliage
307,5.0,0.08,6,6,3,3,3,0,0.5,0.5,20220727_083000.WAV,Foliage
308,5.0,0.09,5,6,2,3,4,0,0.4,0.3333333333333333,20220727_083000.WAV,Foliage
309,5.0,0.1,5,6,2,3,4,0,0.4,0.3333333333333333,20220727_083000.WAV,Foliage
310,5.0,0.11,4,6,2,2,4,0,0.5,0.3333333333333333,20220727_083000.WAV,Foliage
311,5.0,0.12,4,6,2,2,4,0,0.5,0.3333333333333333,20220727_083000.WAV,Foliage
312,5.0,0.13,4,6,2,2,4,0,0.5,0.3333333333333333,20220727_083000.WAV,Foliage
313,5.0,0.14,4,6,2,2,4,0,0.5,0.3333333333333333,20220727_083000.WAV,Foliage
314,5.0,0.15,4,6,2,2,4,0,0.5,0.3333333333333333,20220727_083000.WAV,Foliage
315,5.0,0.16,4,6,2,2,4,0,0.5,0.3333333333333333,20220727_083000.WAV,Foliage
316,5.0,0.17,4,6,2,2,4,0,0.5,0.3333333333333333,20220727_083000.WAV,Foliage
317,5.0,0.18,4,6,2,2,4,0,0.5,0.3333333333333333,20220727_083000.WAV,Foliage
318,5.0,0.19,4,6,2,2,4,0,0.5,0.3333333333333333,20220727_083000.WAV,Foliage
319,5.0,0.2,3,6,2,1,4,0,0.6666666666666666,0.3333333333333333,20220727_083000.WAV,Foliage
320,5.0,0.21,2,6,1,1,5,0,0.5,0.16666666666666666,20220727_083000.WAV,Foliage
321,5.0,0.22,1,6,0,1,6,0,0.0,0.0,20220727_083000.WAV,Foliage
322,5.0,0.23,1,6,0,1,6,0,0.0,0.0,20220727_083000.WAV,Foliage
323,5.0,0.24,1,6,0,1,6,0,0.0,0.0,20220727_083000.WAV,Foliage
324,5.0,0.25,0,6,0,0,6,0,,0.0,20220727_083000.WAV,Foliage
325,5.0,0.26,0,6,0,0,6,0,,0.0,20220727_083000.WAV,Foliage
326,5.0,0.27,0,6,0,0,6,0,,0.0,20220727_083000.WAV,Foliage
327,5.0,0.28,0,6,0,0,6,0,,0.0,20220727_083000.WAV,Foliage
328,5.0,0.29,0,6,0,0,6,0,,0.0,20220727_083000.WAV,Foliage
329,5.0,0.3,0,6,0,0,6,0,,0.0,20220727_083000.WAV,Foliage
330,5.0,0.31,0,6,0,0,6,0,,0.0,20220727_083000.WAV,Foliage
331,5.0,0.32,0,6,0,0,6,0,,0.0,20220727_083000.WAV,Foliage
332,5.0,0.33,0,6,0,0,6,0,,0.0,20220727_083000.WAV,Foliage
333,5.0,0.34,0,6,0,0,6,0,,0.0,20220727_083000.WAV,Foliage
334,5.0,0.35,0,6,0,0,6,0,,0.0,20220727_083000.WAV,Foliage
335,5.0,0.36,0,6,0,0,6,0,,0.0,20220727_083000.WAV,Foliage
336,5.0,0.37,0,6,0,0,6,0,,0.0,20220727_083000.WAV,Foliage
337,5.0,0.38,0,6,0,0,6,0,,0.0,20220727_083000.WAV,Foliage
338,5.0,0.39,0,6,0,0,6,0,,0.0,20220727_083000.WAV,Foliage
339,5.0,0.4,0,6,0,0,6,0,,0.0,20220727_083000.WAV,Foliage
340,5.0,0.41,0,6,0,0,6,0,,0.0,20220727_083000.WAV,Foliage
341,5.0,0.42,0,6,0,0,6,0,,0.0,20220727_083000.WAV,Foliage
342,5.0,0.43,0,6,0,0,6,0,,0.0,20220727_083000.WAV,Foliage
343,5.0,0.44,0,6,0,0,6,0,,0.0,20220727_083000.WAV,Foliage
344,5.0,0.45,0,6,0,0,6,0,,0.0,20220727_083000.WAV,Foliage
345,5.0,0.46,0,6,0,0,6,0,,0.0,20220727_083000.WAV,Foliage
346,5.0,0.47,0,6,0,0,6,0,,0.0,20220727_083000.WAV,Foliage
347,5.0,0.48,0,6,0,0,6,0,,0.0,20220727_083000.WAV,Foliage
348,5.0,0.49,0,6,0,0,6,0,,0.0,20220727_083000.WAV,Foliage
349,5.0,0.5,0,6,0,0,6,0,,0.0,20220727_083000.WAV,Foliage
350,5.0,0.51,0,6,0,0,6,0,,0.0,20220727_083000.WAV,Foliage
351,5.0,0.52,0,6,0,0,6,0,,0.0,20220727_083000.WAV,Foliage
352,5.0,0.53,0,6,0,0,6,0,,0.0,20220727_083000.WAV,Foliage
353,5.0,0.54,0,6,0,0,6,0,,0.0,20220727_083000.WAV,Foliage
354,5.0,0.55,0,6,0,0,6,0,,0.0,20220727_083000.WAV,Foliage
355,5.0,0.56,0,6,0,0,6,0,,0.0,20220727_083000.WAV,Foliage
356,5.0,0.57,0,6,0,0,6,0,,0.0,20220727_083000.WAV,Foliage
357,5.0,0.58,0,6,0,0,6,0,,0.0,20220727_083000.WAV,Foliage
358,5.0,0.59,0,6,0,0,6,0,,0.0,20220727_083000.WAV,Foliage
359,5.0,0.6,0,6,0,0,6,0,,0.0,20220727_083000.WAV,Foliage
360,6.0,0.01,3,2,2,1,0,0,0.6666666666666666,1.0,20220727_083000.WAV,Foliage
361,6.0,0.02,3,2,2,1,0,0,0.6666666666666666,1.0,20220727_083000.WAV,Foliage
362,6.0,0.03,3,2,2,1,0,0,0.6666666666666666,1.0,20220727_083000.WAV,Foliage
363,6.0,0.04,3,2,2,1,0,0,0.6666666666666666,1.0,20220727_083000.WAV,Foliage
364,6.0,0.05,3,2,2,1,0,0,0.6666666666666666,1.0,20220727_083000.WAV,Foliage
365,6.0,0.06,3,2,2,1,0,0,0.6666666666666666,1.0,20220727_083000.WAV,Foliage
366,6.0,0.07,3,2,2,1,0,0,0.6666666666666666,1.0,20220727_083000.WAV,Foliage
367,6.0,0.08,3,2,2,1,0,0,0.6666666666666666,1.0,20220727_083000.WAV,Foliage
368,6.0,0.09,3,2,2,1,0,0,0.6666666666666666,1.0,20220727_083000.WAV,Foliage
369,6.0,0.1,3,2,2,1,0,0,0.6666666666666666,1.0,20220727_083000.WAV,Foliage
370,6.0,0.11,3,2,2,1,0,0,0.6666666666666666,1.0,20220727_083000.WAV,Foliage
371,6.0,0.12,3,2,2,1,0,0,0.6666666666666666,1.0,20220727_083000.WAV,Foliage
372,6.0,0.13,3,2,2,1,0,0,0.6666666666666666,1.0,20220727_083000.WAV,Foliage
373,6.0,0.14,3,2,2,1,0,0,0.6666666666666666,1.0,20220727_083000.WAV,Foliage
374,6.0,0.15,3,2,2,1,0,0,0.6666666666666666,1.0,20220727_083000.WAV,Foliage
375,6.0,0.16,3,2,2,1,0,0,0.6666666666666666,1.0,20220727_083000.WAV,Foliage
376,6.0,0.17,3,2,2,1,0,0,0.6666666666666666,1.0,20220727_083000.WAV,Foliage
377,6.0,0.18,3,2,2,1,0,0,0.6666666666666666,1.0,20220727_083000.WAV,Foliage
378,6.0,0.19,3,2,2,1,0,0,0.6666666666666666,1.0,20220727_083000.WAV,Foliage
379,6.0,0.2,3,2,2,1,0,0,0.6666666666666666,1.0,20220727_083000.WAV,Foliage
380,6.0,0.21,2,2,1,1,1,0,0.5,0.5,20220727_083000.WAV,Foliage
381,6.0,0.22,1,2,0,1,2,0,0.0,0.0,20220727_083000.WAV,Foliage
382,6.0,0.23,1,2,0,1,2,0,0.0,0.0,20220727_083000.WAV,Foliage
383,6.0,0.24,1,2,0,1,2,0,0.0,0.0,20220727_083000.WAV,Foliage
384,6.0,0.25,0,2,0,0,2,0,,0.0,20220727_083000.WAV,Foliage
385,6.0,0.26,0,2,0,0,2,0,,0.0,20220727_083000.WAV,Foliage
386,6.0,0.27,0,2,0,0,2,0,,0.0,20220727_083000.WAV,Foliage
387,6.0,0.28,0,2,0,0,2,0,,0.0,20220727_083000.WAV,Foliage
388,6.0,0.29,0,2,0,0,2,0,,0.0,20220727_083000.WAV,Foliage
389,6.0,0.3,0,2,0,0,2,0,,0.0,20220727_083000.WAV,Foliage
390,6.0,0.31,0,2,0,0,2,0,,0.0,20220727_083000.WAV,Foliage
391,6.0,0.32,0,2,0,0,2,0,,0.0,20220727_083000.WAV,Foliage
392,6.0,0.33,0,2,0,0,2,0,,0.0,20220727_083000.WAV,Foliage
393,6.0,0.34,0,2,0,0,2,0,,0.0,20220727_083000.WAV,Foliage
394,6.0,0.35,0,2,0,0,2,0,,0.0,20220727_083000.WAV,Foliage
395,6.0,0.36,0,2,0,0,2,0,,0.0,20220727_083000.WAV,Foliage
396,6.0,0.37,0,2,0,0,2,0,,0.0,20220727_083000.WAV,Foliage
397,6.0,0.38,0,2,0,0,2,0,,0.0,20220727_083000.WAV,Foliage
398,6.0,0.39,0,2,0,0,2,0,,0.0,20220727_083000.WAV,Foliage
399,6.0,0.4,0,2,0,0,2,0,,0.0,20220727_083000.WAV,Foliage
400,6.0,0.41,0,2,0,0,2,0,,0.0,20220727_083000.WAV,Foliage
401,6.0,0.42,0,2,0,0,2,0,,0.0,20220727_083000.WAV,Foliage
402,6.0,0.43,0,2,0,0,2,0,,0.0,20220727_083000.WAV,Foliage
403,6.0,0.44,0,2,0,0,2,0,,0.0,20220727_083000.WAV,Foliage
404,6.0,0.45,0,2,0,0,2,0,,0.0,20220727_083000.WAV,Foliage
405,6.0,0.46,0,2,0,0,2,0,,0.0,20220727_083000.WAV,Foliage
406,6.0,0.47,0,2,0,0,2,0,,0.0,20220727_083000.WAV,Foliage
407,6.0,0.48,0,2,0,0,2,0,,0.0,20220727_083000.WAV,Foliage
408,6.0,0.49,0,2,0,0,2,0,,0.0,20220727_083000.WAV,Foliage
409,6.0,0.5,0,2,0,0,2,0,,0.0,20220727_083000.WAV,Foliage
410,6.0,0.51,0,2,0,0,2,0,,0.0,20220727_083000.WAV,Foliage
411,6.0,0.52,0,2,0,0,2,0,,0.0,20220727_083000.WAV,Foliage
412,6.0,0.53,0,2,0,0,2,0,,0.0,20220727_083000.WAV,Foliage
413,6.0,0.54,0,2,0,0,2,0,,0.0,20220727_083000.WAV,Foliage
414,6.0,0.55,0,2,0,0,2,0,,0.0,20220727_083000.WAV,Foliage
415,6.0,0.56,0,2,0,0,2,0,,0.0,20220727_083000.WAV,Foliage
416,6.0,0.57,0,2,0,0,2,0,,0.0,20220727_083000.WAV,Foliage
417,6.0,0.58,0,2,0,0,2,0,,0.0,20220727_083000.WAV,Foliage
418,6.0,0.59,0,2,0,0,2,0,,0.0,20220727_083000.WAV,Foliage
419,6.0,0.6,0,2,0,0,2,0,,0.0,20220727_083000.WAV,Foliage
420,7.0,0.01,2,2,2,0,0,0,1.0,1.0,20220727_083000.WAV,Foliage
421,7.0,0.02,2,2,2,0,0,0,1.0,1.0,20220727_083000.WAV,Foliage
422,7.0,0.03,2,2,2,0,0,0,1.0,1.0,20220727_083000.WAV,Foliage
423,7.0,0.04,2,2,2,0,0,0,1.0,1.0,20220727_083000.WAV,Foliage
424,7.0,0.05,2,2,2,0,0,0,1.0,1.0,20220727_083000.WAV,Foliage
425,7.0,0.06,2,2,2,0,0,0,1.0,1.0,20220727_083000.WAV,Foliage
426,7.0,0.07,2,2,2,0,0,0,1.0,1.0,20220727_083000.WAV,Foliage
427,7.0,0.08,2,2,2,0,0,0,1.0,1.0,20220727_083000.WAV,Foliage
428,7.0,0.09,2,2,2,0,0,0,1.0,1.0,20220727_083000.WAV,Foliage
429,7.0,0.1,2,2,2,0,0,0,1.0,1.0,20220727_083000.WAV,Foliage
430,7.0,0.11,2,2,2,0,0,0,1.0,1.0,20220727_083000.WAV,Foliage
431,7.0,0.12,2,2,2,0,0,0,1.0,1.0,20220727_083000.WAV,Foliage
432,7.0,0.13,2,2,2,0,0,0,1.0,1.0,20220727_083000.WAV,Foliage
433,7.0,0.14,2,2,2,0,0,0,1.0,1.0,20220727_083000.WAV,Foliage
434,7.0,0.15,2,2,2,0,0,0,1.0,1.0,20220727_083000.WAV,Foliage
435,7.0,0.16,2,2,2,0,0,0,1.0,1.0,20220727_083000.WAV,Foliage
436,7.0,0.17,2,2,2,0,0,0,1.0,1.0,20220727_083000.WAV,Foliage
437,7.0,0.18,2,2,2,0,0,0,1.0,1.0,20220727_083000.WAV,Foliage
438,7.0,0.19,2,2,2,0,0,0,1.0,1.0,20220727_083000.WAV,Foliage
439,7.0,0.2,2,2,2,0,0,0,1.0,1.0,20220727_083000.WAV,Foliage
440,7.0,0.21,1,2,1,0,1,0,1.0,0.5,20220727_083000.WAV,Foliage
441,7.0,0.22,0,2,0,0,2,0,,0.0,20220727_083000.WAV,Foliage
442,7.0,0.23,0,2,0,0,2,0,,0.0,20220727_083000.WAV,Foliage
443,7.0,0.24,0,2,0,0,2,0,,0.0,20220727_083000.WAV,Foliage
444,7.0,0.25,0,2,0,0,2,0,,0.0,20220727_083000.WAV,Foliage
445,7.0,0.26,0,2,0,0,2,0,,0.0,20220727_083000.WAV,Foliage
446,7.0,0.27,0,2,0,0,2,0,,0.0,20220727_083000.WAV,Foliage
447,7.0,0.28,0,2,0,0,2,0,,0.0,20220727_083000.WAV,Foliage
448,7.0,0.29,0,2,0,0,2,0,,0.0,20220727_083000.WAV,Foliage
449,7.0,0.3,0,2,0,0,2,0,,0.0,20220727_083000.WAV,Foliage
450,7.0,0.31,0,2,0,0,2,0,,0.0,20220727_083000.WAV,Foliage
451,7.0,0.32,0,2,0,0,2,0,,0.0,20220727_083000.WAV,Foliage
452,7.0,0.33,0,2,0,0,2,0,,0.0,20220727_083000.WAV,Foliage
453,7.0,0.34,0,2,0,0,2,0,,0.0,20220727_083000.WAV,Foliage
454,7.0,0.35,0,2,0,0,2,0,,0.0,20220727_083000.WAV,Foliage
455,7.0,0.36,0,2,0,0,2,0,,0.0,20220727_083000.WAV,Foliage
456,7.0,0.37,0,2,0,0,2,0,,0.0,20220727_083000.WAV,Foliage
457,7.0,0.38,0,2,0,0,2,0,,0.0,20220727_083000.WAV,Foliage
458,7.0,0.39,0,2,0,0,2,0,,0.0,20220727_083000.WAV,Foliage
459,7.0,0.4,0,2,0,0,2,0,,0.0,20220727_083000.WAV,Foliage
460,7.0,0.41,0,2,0,0,2,0,,0.0,20220727_083000.WAV,Foliage
461,7.0,0.42,0,2,0,0,2,0,,0.0,20220727_083000.WAV,Foliage
462,7.0,0.43,0,2,0,0,2,0,,0.0,20220727_083000.WAV,Foliage
463,7.0,0.44,0,2,0,0,2,0,,0.0,20220727_083000.WAV,Foliage
464,7.0,0.45,0,2,0,0,2,0,,0.0,20220727_083000.WAV,Foliage
465,7.0,0.46,0,2,0,0,2,0,,0.0,20220727_083000.WAV,Foliage
466,7.0,0.47,0,2,0,0,2,0,,0.0,20220727_083000.WAV,Foliage
467,7.0,0.48,0,2,0,0,2,0,,0.0,20220727_083000.WAV,Foliage
468,7.0,0.49,0,2,0,0,2,0,,0.0,20220727_083000.WAV,Foliage
469,7.0,0.5,0,2,0,0,2,0,,0.0,20220727_083000.WAV,Foliage
470,7.0,0.51,0,2,0,0,2,0,,0.0,20220727_083000.WAV,Foliage
471,7.0,0.52,0,2,0,0,2,0,,0.0,20220727_083000.WAV,Foliage
472,7.0,0.53,0,2,0,0,2,0,,0.0,20220727_083000.WAV,Foliage
473,7.0,0.54,0,2,0,0,2,0,,0.0,20220727_083000.WAV,Foliage
474,7.0,0.55,0,2,0,0,2,0,,0.0,20220727_083000.WAV,Foliage
475,7.0,0.56,0,2,0,0,2,0,,0.0,20220727_083000.WAV,Foliage
476,7.0,0.57,0,2,0,0,2,0,,0.0,20220727_083000.WAV,Foliage
477,7.0,0.58,0,2,0,0,2,0,,0.0,20220727_083000.WAV,Foliage
478,7.0,0.59,0,2,0,0,2,0,,0.0,20220727_083000.WAV,Foliage
479,7.0,0.6,0,2,0,0,2,0,,0.0,20220727_083000.WAV,Foliage
480,8.0,0.01,2,2,2,0,0,0,1.0,1.0,20220727_083000.WAV,Foliage
481,8.0,0.02,2,2,2,0,0,0,1.0,1.0,20220727_083000.WAV,Foliage
482,8.0,0.03,2,2,2,0,0,0,1.0,1.0,20220727_083000.WAV,Foliage
483,8.0,0.04,2,2,2,0,0,0,1.0,1.0,20220727_083000.WAV,Foliage
484,8.0,0.05,2,2,2,0,0,0,1.0,1.0,20220727_083000.WAV,Foliage
485,8.0,0.06,2,2,2,0,0,0,1.0,1.0,20220727_083000.WAV,Foliage
486,8.0,0.07,2,2,2,0,0,0,1.0,1.0,20220727_083000.WAV,Foliage
487,8.0,0.08,2,2,2,0,0,0,1.0,1.0,20220727_083000.WAV,Foliage
488,8.0,0.09,2,2,2,0,0,0,1.0,1.0,20220727_083000.WAV,Foliage
489,8.0,0.1,2,2,2,0,0,0,1.0,1.0,20220727_083000.WAV,Foliage
490,8.0,0.11,2,2,2,0,0,0,1.0,1.0,20220727_083000.WAV,Foliage
491,8.0,0.12,2,2,2,0,0,0,1.0,1.0,20220727_083000.WAV,Foliage
492,8.0,0.13,2,2,2,0,0,0,1.0,1.0,20220727_083000.WAV,Foliage
493,8.0,0.14,2,2,2,0,0,0,1.0,1.0,20220727_083000.WAV,Foliage
494,8.0,0.15,2,2,2,0,0,0,1.0,1.0,20220727_083000.WAV,Foliage
495,8.0,0.16,2,2,2,0,0,0,1.0,1.0,20220727_083000.WAV,Foliage
496,8.0,0.17,2,2,2,0,0,0,1.0,1.0,20220727_083000.WAV,Foliage
497,8.0,0.18,2,2,2,0,0,0,1.0,1.0,20220727_083000.WAV,Foliage
498,8.0,0.19,2,2,2,0,0,0,1.0,1.0,20220727_083000.WAV,Foliage
499,8.0,0.2,2,2,2,0,0,0,1.0,1.0,20220727_083000.WAV,Foliage
500,8.0,0.21,1,2,1,0,1,0,1.0,0.5,20220727_083000.WAV,Foliage
501,8.0,0.22,0,2,0,0,2,0,,0.0,20220727_083000.WAV,Foliage
502,8.0,0.23,0,2,0,0,2,0,,0.0,20220727_083000.WAV,Foliage
503,8.0,0.24,0,2,0,0,2,0,,0.0,20220727_083000.WAV,Foliage
504,8.0,0.25,0,2,0,0,2,0,,0.0,20220727_083000.WAV,Foliage
505,8.0,0.26,0,2,0,0,2,0,,0.0,20220727_083000.WAV,Foliage
506,8.0,0.27,0,2,0,0,2,0,,0.0,20220727_083000.WAV,Foliage
507,8.0,0.28,0,2,0,0,2,0,,0.0,20220727_083000.WAV,Foliage
508,8.0,0.29,0,2,0,0,2,0,,0.0,20220727_083000.WAV,Foliage
509,8.0,0.3,0,2,0,0,2,0,,0.0,20220727_083000.WAV,Foliage
510,8.0,0.31,0,2,0,0,2,0,,0.0,20220727_083000.WAV,Foliage
511,8.0,0.32,0,2,0,0,2,0,,0.0,20220727_083000.WAV,Foliage
512,8.0,0.33,0,2,0,0,2,0,,0.0,20220727_083000.WAV,Foliage
513,8.0,0.34,0,2,0,0,2,0,,0.0,20220727_083000.WAV,Foliage
514,8.0,0.35,0,2,0,0,2,0,,0.0,20220727_083000.WAV,Foliage
515,8.0,0.36,0,2,0,0,2,0,,0.0,20220727_083000.WAV,Foliage
516,8.0,0.37,0,2,0,0,2,0,,0.0,20220727_083000.WAV,Foliage
517,8.0,0.38,0,2,0,0,2,0,,0.0,20220727_083000.WAV,Foliage
518,8.0,0.39,0,2,0,0,2,0,,0.0,20220727_083000.WAV,Foliage
519,8.0,0.4,0,2,0,0,2,0,,0.0,20220727_083000.WAV,Foliage
520,8.0,0.41,0,2,0,0,2,0,,0.0,20220727_083000.WAV,Foliage
521,8.0,0.42,0,2,0,0,2,0,,0.0,20220727_083000.WAV,Foliage
522,8.0,0.43,0,2,0,0,2,0,,0.0,20220727_083000.WAV,Foliage
523,8.0,0.44,0,2,0,0,2,0,,0.0,20220727_083000.WAV,Foliage
524,8.0,0.45,0,2,0,0,2,0,,0.0,20220727_083000.WAV,Foliage
525,8.0,0.46,0,2,0,0,2,0,,0.0,20220727_083000.WAV,Foliage
526,8.0,0.47,0,2,0,0,2,0,,0.0,20220727_083000.WAV,Foliage
527,8.0,0.48,0,2,0,0,2,0,,0.0,20220727_083000.WAV,Foliage
528,8.0,0.49,0,2,0,0,2,0,,0.0,20220727_083000.WAV,Foliage
529,8.0,0.5,0,2,0,0,2,0,,0.0,20220727_083000.WAV,Foliage
530,8.0,0.51,0,2,0,0,2,0,,0.0,20220727_083000.WAV,Foliage
531,8.0,0.52,0,2,0,0,2,0,,0.0,20220727_083000.WAV,Foliage
532,8.0,0.53,0,2,0,0,2,0,,0.0,20220727_083000.WAV,Foliage
533,8.0,0.54,0,2,0,0,2,0,,0.0,20220727_083000.WAV,Foliage
534,8.0,0.55,0,2,0,0,2,0,,0.0,20220727_083000.WAV,Foliage
535,8.0,0.56,0,2,0,0,2,0,,0.0,20220727_083000.WAV,Foliage
536,8.0,0.57,0,2,0,0,2,0,,0.0,20220727_083000.WAV,Foliage
537,8.0,0.58,0,2,0,0,2,0,,0.0,20220727_083000.WAV,Foliage
538,8.0,0.59,0,2,0,0,2,0,,0.0,20220727_083000.WAV,Foliage
539,8.0,0.6,0,2,0,0,2,0,,0.0,20220727_083000.WAV,Foliage
540,9.0,0.01,2,1,1,1,0,0,0.5,1.0,20220727_083000.WAV,Foliage
541,9.0,0.02,2,1,1,1,0,0,0.5,1.0,20220727_083000.WAV,Foliage
542,9.0,0.03,2,1,1,1,0,0,0.5,1.0,20220727_083000.WAV,Foliage
543,9.0,0.04,2,1,1,1,0,0,0.5,1.0,20220727_083000.WAV,Foliage
544,9.0,0.05,2,1,1,1,0,0,0.5,1.0,20220727_083000.WAV,Foliage
545,9.0,0.06,2,1,1,1,0,0,0.5,1.0,20220727_083000.WAV,Foliage
546,9.0,0.07,2,1,1,1,0,0,0.5,1.0,20220727_083000.WAV,Foliage
547,9.0,0.08,2,1,1,1,0,0,0.5,1.0,20220727_083000.WAV,Foliage
548,9.0,0.09,2,1,1,1,0,0,0.5,1.0,20220727_083000.WAV,Foliage
549,9.0,0.1,2,1,1,1,0,0,0.5,1.0,20220727_083000.WAV,Foliage
550,9.0,0.11,2,1,1,1,0,0,0.5,1.0,20220727_083000.WAV,Foliage
551,9.0,0.12,2,1,1,1,0,0,0.5,1.0,20220727_083000.WAV,Foliage
552,9.0,0.13,2,1,1,1,0,0,0.5,1.0,20220727_083000.WAV,Foliage
553,9.0,0.14,2,1,1,1,0,0,0.5,1.0,20220727_083000.WAV,Foliage
554,9.0,0.15,2,1,1,1,0,0,0.5,1.0,20220727_083000.WAV,Foliage
555,9.0,0.16,2,1,1,1,0,0,0.5,1.0,20220727_083000.WAV,Foliage
556,9.0,0.17,2,1,1,1,0,0,0.5,1.0,20220727_083000.WAV,Foliage
557,9.0,0.18,2,1,1,1,0,0,0.5,1.0,20220727_083000.WAV,Foliage
558,9.0,0.19,2,1,1,1,0,0,0.5,1.0,20220727_083000.WAV,Foliage
559,9.0,0.2,2,1,1,1,0,0,0.5,1.0,20220727_083000.WAV,Foliage
560,9.0,0.21,1,1,1,0,0,0,1.0,1.0,20220727_083000.WAV,Foliage
561,9.0,0.22,0,1,0,0,1,0,,0.0,20220727_083000.WAV,Foliage
562,9.0,0.23,0,1,0,0,1,0,,0.0,20220727_083000.WAV,Foliage
563,9.0,0.24,0,1,0,0,1,0,,0.0,20220727_083000.WAV,Foliage
564,9.0,0.25,0,1,0,0,1,0,,0.0,20220727_083000.WAV,Foliage
565,9.0,0.26,0,1,0,0,1,0,,0.0,20220727_083000.WAV,Foliage
566,9.0,0.27,0,1,0,0,1,0,,0.0,20220727_083000.WAV,Foliage
567,9.0,0.28,0,1,0,0,1,0,,0.0,20220727_083000.WAV,Foliage
568,9.0,0.29,0,1,0,0,1,0,,0.0,20220727_083000.WAV,Foliage
569,9.0,0.3,0,1,0,0,1,0,,0.0,20220727_083000.WAV,Foliage
570,9.0,0.31,0,1,0,0,1,0,,0.0,20220727_083000.WAV,Foliage
571,9.0,0.32,0,1,0,0,1,0,,0.0,20220727_083000.WAV,Foliage
572,9.0,0.33,0,1,0,0,1,0,,0.0,20220727_083000.WAV,Foliage
573,9.0,0.34,0,1,0,0,1,0,,0.0,20220727_083000.WAV,Foliage
574,9.0,0.35,0,1,0,0,1,0,,0.0,20220727_083000.WAV,Foliage
575,9.0,0.36,0,1,0,0,1,0,,0.0,20220727_083000.WAV,Foliage
576,9.0,0.37,0,1,0,0,1,0,,0.0,20220727_083000.WAV,Foliage
577,9.0,0.38,0,1,0,0,1,0,,0.0,20220727_083000.WAV,Foliage
578,9.0,0.39,0,1,0,0,1,0,,0.0,20220727_083000.WAV,Foliage
579,9.0,0.4,0,1,0,0,1,0,,0.0,20220727_083000.WAV,Foliage
580,9.0,0.41,0,1,0,0,1,0,,0.0,20220727_083000.WAV,Foliage
581,9.0,0.42,0,1,0,0,1,0,,0.0,20220727_083000.WAV,Foliage
582,9.0,0.43,0,1,0,0,1,0,,0.0,20220727_083000.WAV,Foliage
583,9.0,0.44,0,1,0,0,1,0,,0.0,20220727_083000.WAV,Foliage
584,9.0,0.45,0,1,0,0,1,0,,0.0,20220727_083000.WAV,Foliage
585,9.0,0.46,0,1,0,0,1,0,,0.0,20220727_083000.WAV,Foliage
586,9.0,0.47,0,1,0,0,1,0,,0.0,20220727_083000.WAV,Foliage
587,9.0,0.48,0,1,0,0,1,0,,0.0,20220727_083000.WAV,Foliage
588,9.0,0.49,0,1,0,0,1,0,,0.0,20220727_083000.WAV,Foliage
589,9.0,0.5,0,1,0,0,1,0,,0.0,20220727_083000.WAV,Foliage
590,9.0,0.51,0,1,0,0,1,0,,0.0,20220727_083000.WAV,Foliage
591,9.0,0.52,0,1,0,0,1,0,,0.0,20220727_083000.WAV,Foliage
592,9.0,0.53,0,1,0,0,1,0,,0.0,20220727_083000.WAV,Foliage
593,9.0,0.54,0,1,0,0,1,0,,0.0,20220727_083000.WAV,Foliage
594,9.0,0.55,0,1,0,0,1,0,,0.0,20220727_083000.WAV,Foliage
595,9.0,0.56,0,1,0,0,1,0,,0.0,20220727_083000.WAV,Foliage
596,9.0,0.57,0,1,0,0,1,0,,0.0,20220727_083000.WAV,Foliage
597,9.0,0.58,0,1,0,0,1,0,,0.0,20220727_083000.WAV,Foliage
598,9.0,0.59,0,1,0,0,1,0,,0.0,20220727_083000.WAV,Foliage
599,9.0,0.6,0,1,0,0,1,0,,0.0,20220727_083000.WAV,Foliage
600,10.0,0.01,2,0,0,2,0,0,0.0,,20220727_083000.WAV,Foliage
601,10.0,0.02,2,0,0,2,0,0,0.0,,20220727_083000.WAV,Foliage
602,10.0,0.03,2,0,0,2,0,0,0.0,,20220727_083000.WAV,Foliage
603,10.0,0.04,2,0,0,2,0,0,0.0,,20220727_083000.WAV,Foliage
604,10.0,0.05,2,0,0,2,0,0,0.0,,20220727_083000.WAV,Foliage
605,10.0,0.06,2,0,0,2,0,0,0.0,,20220727_083000.WAV,Foliage
606,10.0,0.07,2,0,0,2,0,0,0.0,,20220727_083000.WAV,Foliage
607,10.0,0.08,2,0,0,2,0,0,0.0,,20220727_083000.WAV,Foliage
608,10.0,0.09,2,0,0,2,0,0,0.0,,20220727_083000.WAV,Foliage
609,10.0,0.1,2,0,0,2,0,0,0.0,,20220727_083000.WAV,Foliage
610,10.0,0.11,2,0,0,2,0,0,0.0,,20220727_083000.WAV,Foliage
611,10.0,0.12,2,0,0,2,0,0,0.0,,20220727_083000.WAV,Foliage
612,10.0,0.13,2,0,0,2,0,0,0.0,,20220727_083000.WAV,Foliage
613,10.0,0.14,2,0,0,2,0,0,0.0,,20220727_083000.WAV,Foliage
614,10.0,0.15,2,0,0,2,0,0,0.0,,20220727_083000.WAV,Foliage
615,10.0,0.16,2,0,0,2,0,0,0.0,,20220727_083000.WAV,Foliage
616,10.0,0.17,2,0,0,2,0,0,0.0,,20220727_083000.WAV,Foliage
617,10.0,0.18,2,0,0,2,0,0,0.0,,20220727_083000.WAV,Foliage
618,10.0,0.19,2,0,0,2,0,0,0.0,,20220727_083000.WAV,Foliage
619,10.0,0.2,2,0,0,2,0,0,0.0,,20220727_083000.WAV,Foliage
620,10.0,0.21,1,0,0,1,0,0,0.0,,20220727_083000.WAV,Foliage
621,10.0,0.22,0,0,0,0,0,0,,,20220727_083000.WAV,Foliage
622,10.0,0.23,0,0,0,0,0,0,,,20220727_083000.WAV,Foliage
623,10.0,0.24,0,0,0,0,0,0,,,20220727_083000.WAV,Foliage
624,10.0,0.25,0,0,0,0,0,0,,,20220727_083000.WAV,Foliage
625,10.0,0.26,0,0,0,0,0,0,,,20220727_083000.WAV,Foliage
626,10.0,0.27,0,0,0,0,0,0,,,20220727_083000.WAV,Foliage
627,10.0,0.28,0,0,0,0,0,0,,,20220727_083000.WAV,Foliage
628,10.0,0.29,0,0,0,0,0,0,,,20220727_083000.WAV,Foliage
629,10.0,0.3,0,0,0,0,0,0,,,20220727_083000.WAV,Foliage
630,10.0,0.31,0,0,0,0,0,0,,,20220727_083000.WAV,Foliage
631,10.0,0.32,0,0,0,0,0,0,,,20220727_083000.WAV,Foliage
632,10.0,0.33,0,0,0,0,0,0,,,20220727_083000.WAV,Foliage
633,10.0,0.34,0,0,0,0,0,0,,,20220727_083000.WAV,Foliage
634,10.0,0.35,0,0,0,0,0,0,,,20220727_083000.WAV,Foliage
635,10.0,0.36,0,0,0,0,0,0,,,20220727_083000.WAV,Foliage
636,10.0,0.37,0,0,0,0,0,0,,,20220727_083000.WAV,Foliage
637,10.0,0.38,0,0,0,0,0,0,,,20220727_083000.WAV,Foliage
638,10.0,0.39,0,0,0,0,0,0,,,20220727_083000.WAV,Foliage
639,10.0,0.4,0,0,0,0,0,0,,,20220727_083000.WAV,Foliage
640,10.0,0.41,0,0,0,0,0,0,,,20220727_083000.WAV,Foliage
641,10.0,0.42,0,0,0,0,0,0,,,20220727_083000.WAV,Foliage
642,10.0,0.43,0,0,0,0,0,0,,,20220727_083000.WAV,Foliage
643,10.0,0.44,0,0,0,0,0,0,,,20220727_083000.WAV,Foliage
644,10.0,0.45,0,0,0,0,0,0,,,20220727_083000.WAV,Foliage
645,10.0,0.46,0,0,0,0,0,0,,,20220727_083000.WAV,Foliage
646,10.0,0.47,0,0,0,0,0,0,,,20220727_083000.WAV,Foliage
647,10.0,0.48,0,0,0,0,0,0,,,20220727_083000.WAV,Foliage
648,10.0,0.49,0,0,0,0,0,0,,,20220727_083000.WAV,Foliage
649,10.0,0.5,0,0,0,0,0,0,,,20220727_083000.WAV,Foliage
650,10.0,0.51,0,0,0,0,0,0,,,20220727_083000.WAV,Foliage
651,10.0,0.52,0,0,0,0,0,0,,,20220727_083000.WAV,Foliage
652,10.0,0.53,0,0,0,0,0,0,,,20220727_083000.WAV,Foliage
653,10.0,0.54,0,0,0,0,0,0,,,20220727_083000.WAV,Foliage
654,10.0,0.55,0,0,0,0,0,0,,,20220727_083000.WAV,Foliage
655,10.0,0.56,0,0,0,0,0,0,,,20220727_083000.WAV,Foliage
656,10.0,0.57,0,0,0,0,0,0,,,20220727_083000.WAV,Foliage
657,10.0,0.58,0,0,0,0,0,0,,,20220727_083000.WAV,Foliage
658,10.0,0.59,0,0,0,0,0,0,,,20220727_083000.WAV,Foliage
659,10.0,0.6,0,0,0,0,0,0,,,20220727_083000.WAV,Foliage
660,11.0,0.01,1,0,0,1,0,0,0.0,,20220727_083000.WAV,Foliage
661,11.0,0.02,1,0,0,1,0,0,0.0,,20220727_083000.WAV,Foliage
662,11.0,0.03,1,0,0,1,0,0,0.0,,20220727_083000.WAV,Foliage
663,11.0,0.04,1,0,0,1,0,0,0.0,,20220727_083000.WAV,Foliage
664,11.0,0.05,1,0,0,1,0,0,0.0,,20220727_083000.WAV,Foliage
665,11.0,0.06,1,0,0,1,0,0,0.0,,20220727_083000.WAV,Foliage
666,11.0,0.07,1,0,0,1,0,0,0.0,,20220727_083000.WAV,Foliage
667,11.0,0.08,1,0,0,1,0,0,0.0,,20220727_083000.WAV,Foliage
668,11.0,0.09,1,0,0,1,0,0,0.0,,20220727_083000.WAV,Foliage
669,11.0,0.1,1,0,0,1,0,0,0.0,,20220727_083000.WAV,Foliage
670,11.0,0.11,1,0,0,1,0,0,0.0,,20220727_083000.WAV,Foliage
671,11.0,0.12,1,0,0,1,0,0,0.0,,20220727_083000.WAV,Foliage
672,11.0,0.13,1,0,0,1,0,0,0.0,,20220727_083000.WAV,Foliage
673,11.0,0.14,1,0,0,1,0,0,0.0,,20220727_083000.WAV,Foliage
674,11.0,0.15,1,0,0,1,0,0,0.0,,20220727_083000.WAV,Foliage
675,11.0,0.16,1,0,0,1,0,0,0.0,,20220727_083000.WAV,Foliage
676,11.0,0.17,1,0,0,1,0,0,0.0,,20220727_083000.WAV,Foliage
677,11.0,0.18,1,0,0,1,0,0,0.0,,20220727_083000.WAV,Foliage
678,11.0,0.19,1,0,0,1,0,0,0.0,,20220727_083000.WAV,Foliage
679,11.0,0.2,1,0,0,1,0,0,0.0,,20220727_083000.WAV,Foliage
680,11.0,0.21,0,0,0,0,0,0,,,20220727_083000.WAV,Foliage
681,11.0,0.22,0,0,0,0,0,0,,,20220727_083000.WAV,Foliage
682,11.0,0.23,0,0,0,0,0,0,,,20220727_083000.WAV,Foliage
683,11.0,0.24,0,0,0,0,0,0,,,20220727_083000.WAV,Foliage
684,11.0,0.25,0,0,0,0,0,0,,,20220727_083000.WAV,Foliage
685,11.0,0.26,0,0,0,0,0,0,,,20220727_083000.WAV,Foliage
686,11.0,0.27,0,0,0,0,0,0,,,20220727_083000.WAV,Foliage
687,11.0,0.28,0,0,0,0,0,0,,,20220727_083000.WAV,Foliage
688,11.0,0.29,0,0,0,0,0,0,,,20220727_083000.WAV,Foliage
689,11.0,0.3,0,0,0,0,0,0,,,20220727_083000.WAV,Foliage
690,11.0,0.31,0,0,0,0,0,0,,,20220727_083000.WAV,Foliage
691,11.0,0.32,0,0,0,0,0,0,,,20220727_083000.WAV,Foliage
692,11.0,0.33,0,0,0,0,0,0,,,20220727_083000.WAV,Foliage
693,11.0,0.34,0,0,0,0,0,0,,,20220727_083000.WAV,Foliage
694,11.0,0.35,0,0,0,0,0,0,,,20220727_083000.WAV,Foliage
695,11.0,0.36,0,0,0,0,0,0,,,20220727_083000.WAV,Foliage
696,11.0,0.37,0,0,0,0,0,0,,,20220727_083000.WAV,Foliage
697,11.0,0.38,0,0,0,0,0,0,,,20220727_083000.WAV,Foliage
698,11.0,0.39,0,0,0,0,0,0,,,20220727_083000.WAV,Foliage
699,11.0,0.4,0,0,0,0,0,0,,,20220727_083000.WAV,Foliage
700,11.0,0.41,0,0,0,0,0,0,,,20220727_083000.WAV,Foliage
701,11.0,0.42,0,0,0,0,0,0,,,20220727_083000.WAV,Foliage
702,11.0,0.43,0,0,0,0,0,0,,,20220727_083000.WAV,Foliage
703,11.0,0.44,0,0,0,0,0,0,,,20220727_083000.WAV,Foliage
704,11.0,0.45,0,0,0,0,0,0,,,20220727_083000.WAV,Foliage
705,11.0,0.46,0,0,0,0,0,0,,,20220727_083000.WAV,Foliage
706,11.0,0.47,0,0,0,0,0,0,,,20220727_083000.WAV,Foliage
707,11.0,0.48,0,0,0,0,0,0,,,20220727_083000.WAV,Foliage
708,11.0,0.49,0,0,0,0,0,0,,,20220727_083000.WAV,Foliage
709,11.0,0.5,0,0,0,0,0,0,,,20220727_083000.WAV,Foliage
710,11.0,0.51,0,0,0,0,0,0,,,20220727_083000.WAV,Foliage
711,11.0,0.52,0,0,0,0,0,0,,,20220727_083000.WAV,Foliage
712,11.0,0.53,0,0,0,0,0,0,,,20220727_083000.WAV,Foliage
713,11.0,0.54,0,0,0,0,0,0,,,20220727_083000.WAV,Foliage
714,11.0,0.55,0,0,0,0,0,0,,,20220727_083000.WAV,Foliage
715,11.0,0.56,0,0,0,0,0,0,,,20220727_083000.WAV,Foliage
716,11.0,0.57,0,0,0,0,0,0,,,20220727_083000.WAV,Foliage
717,11.0,0.58,0,0,0,0,0,0,,,20220727_083000.WAV,Foliage
718,11.0,0.59,0,0,0,0,0,0,,,20220727_083000.WAV,Foliage
719,11.0,0.6,0,0,0,0,0,0,,,20220727_083000.WAV,Foliage
720,12.0,0.01,0,0,0,0,0,0,,,20220727_083000.WAV,Foliage
721,12.0,0.02,0,0,0,0,0,0,,,20220727_083000.WAV,Foliage
722,12.0,0.03,0,0,0,0,0,0,,,20220727_083000.WAV,Foliage
723,12.0,0.04,0,0,0,0,0,0,,,20220727_083000.WAV,Foliage
724,12.0,0.05,0,0,0,0,0,0,,,20220727_083000.WAV,Foliage
725,12.0,0.06,0,0,0,0,0,0,,,20220727_083000.WAV,Foliage
726,12.0,0.07,0,0,0,0,0,0,,,20220727_083000.WAV,Foliage
727,12.0,0.08,0,0,0,0,0,0,,,20220727_083000.WAV,Foliage
728,12.0,0.09,0,0,0,0,0,0,,,20220727_083000.WAV,Foliage
729,12.0,0.1,0,0,0,0,0,0,,,20220727_083000.WAV,Foliage
730,12.0,0.11,0,0,0,0,0,0,,,20220727_083000.WAV,Foliage
731,12.0,0.12,0,0,0,0,0,0,,,20220727_083000.WAV,Foliage
732,12.0,0.13,0,0,0,0,0,0,,,20220727_083000.WAV,Foliage
733,12.0,0.14,0,0,0,0,0,0,,,20220727_083000.WAV,Foliage
734,12.0,0.15,0,0,0,0,0,0,,,20220727_083000.WAV,Foliage
735,12.0,0.16,0,0,0,0,0,0,,,20220727_083000.WAV,Foliage
736,12.0,0.17,0,0,0,0,0,0,,,20220727_083000.WAV,Foliage
737,12.0,0.18,0,0,0,0,0,0,,,20220727_083000.WAV,Foliage
738,12.0,0.19,0,0,0,0,0,0,,,20220727_083000.WAV,Foliage
739,12.0,0.2,0,0,0,0,0,0,,,20220727_083000.WAV,Foliage
740,12.0,0.21,0,0,0,0,0,0,,,20220727_083000.WAV,Foliage
741,12.0,0.22,0,0,0,0,0,0,,,20220727_083000.WAV,Foliage
742,12.0,0.23,0,0,0,0,0,0,,,20220727_083000.WAV,Foliage
743,12.0,0.24,0,0,0,0,0,0,,,20220727_083000.WAV,Foliage
744,12.0,0.25,0,0,0,0,0,0,,,20220727_083000.WAV,Foliage
745,12.0,0.26,0,0,0,0,0,0,,,20220727_083000.WAV,Foliage
746,12.0,0.27,0,0,0,0,0,0,,,20220727_083000.WAV,Foliage
747,12.0,0.28,0,0,0,0,0,0,,,20220727_083000.WAV,Foliage
748,12.0,0.29,0,0,0,0,0,0,,,20220727_083000.WAV,Foliage
749,12.0,0.3,0,0,0,0,0,0,,,20220727_083000.WAV,Foliage
750,12.0,0.31,0,0,0,0,0,0,,,20220727_083000.WAV,Foliage
751,12.0,0.32,0,0,0,0,0,0,,,20220727_083000.WAV,Foliage
752,12.0,0.33,0,0,0,0,0,0,,,20220727_083000.WAV,Foliage
753,12.0,0.34,0,0,0,0,0,0,,,20220727_083000.WAV,Foliage
754,12.0,0.35,0,0,0,0,0,0,,,20220727_083000.WAV,Foliage
755,12.0,0.36,0,0,0,0,0,0,,,20220727_083000.WAV,Foliage
756,12.0,0.37,0,0,0,0,0,0,,,20220727_083000.WAV,Foliage
757,12.0,0.38,0,0,0,0,0,0,,,20220727_083000.WAV,Foliage
758,12.0,0.39,0,0,0,0,0,0,,,20220727_083000.WAV,Foliage
759,12.0,0.4,0,0,0,0,0,0,,,20220727_083000.WAV,Foliage
760,12.0,0.41,0,0,0,0,0,0,,,20220727_083000.WAV,Foliage
761,12.0,0.42,0,0,0,0,0,0,,,20220727_083000.WAV,Foliage
762,12.0,0.43,0,0,0,0,0,0,,,20220727_083000.WAV,Foliage
763,12.0,0.44,0,0,0,0,0,0,,,20220727_083000.WAV,Foliage
764,12.0,0.45,0,0,0,0,0,0,,,20220727_083000.WAV,Foliage
765,12.0,0.46,0,0,0,0,0,0,,,20220727_083000.WAV,Foliage
766,12.0,0.47,0,0,0,0,0,0,,,20220727_083000.WAV,Foliage
767,12.0,0.48,0,0,0,0,0,0,,,20220727_083000.WAV,Foliage
768,12.0,0.49,0,0,0,0,0,0,,,20220727_083000.WAV,Foliage
769,12.0,0.5,0,0,0,0,0,0,,,20220727_083000.WAV,Foliage
770,12.0,0.51,0,0,0,0,0,0,,,20220727_083000.WAV,Foliage
771,12.0,0.52,0,0,0,0,0,0,,,20220727_083000.WAV,Foliage
772,12.0,0.53,0,0,0,0,0,0,,,20220727_083000.WAV,Foliage
773,12.0,0.54,0,0,0,0,0,0,,,20220727_083000.WAV,Foliage
774,12.0,0.55,0,0,0,0,0,0,,,20220727_083000.WAV,Foliage
775,12.0,0.56,0,0,0,0,0,0,,,20220727_083000.WAV,Foliage
776,12.0,0.57,0,0,0,0,0,0,,,20220727_083000.WAV,Foliage
777,12.0,0.58,0,0,0,0,0,0,,,20220727_083000.WAV,Foliage
778,12.0,0.59,0,0,0,0,0,0,,,20220727_083000.WAV,Foliage
779,12.0,0.6,0,0,0,0,0,0,,,20220727_083000.WAV,Foliage
780,13.0,0.01,0,0,0,0,0,0,,,20220727_083000.WAV,Foliage
781,13.0,0.02,0,0,0,0,0,0,,,20220727_083000.WAV,Foliage
782,13.0,0.03,0,0,0,0,0,0,,,20220727_083000.WAV,Foliage
783,13.0,0.04,0,0,0,0,0,0,,,20220727_083000.WAV,Foliage
784,13.0,0.05,0,0,0,0,0,0,,,20220727_083000.WAV,Foliage
785,13.0,0.06,0,0,0,0,0,0,,,20220727_083000.WAV,Foliage
786,13.0,0.07,0,0,0,0,0,0,,,20220727_083000.WAV,Foliage
787,13.0,0.08,0,0,0,0,0,0,,,20220727_083000.WAV,Foliage
788,13.0,0.09,0,0,0,0,0,0,,,20220727_083000.WAV,Foliage
789,13.0,0.1,0,0,0,0,0,0,,,20220727_083000.WAV,Foliage
790,13.0,0.11,0,0,0,0,0,0,,,20220727_083000.WAV,Foliage
791,13.0,0.12,0,0,0,0,0,0,,,20220727_083000.WAV,Foliage
792,13.0,0.13,0,0,0,0,0,0,,,20220727_083000.WAV,Foliage
793,13.0,0.14,0,0,0,0,0,0,,,20220727_083000.WAV,Foliage
794,13.0,0.15,0,0,0,0,0,0,,,20220727_083000.WAV,Foliage
795,13.0,0.16,0,0,0,0,0,0,,,20220727_083000.WAV,Foliage
796,13.0,0.17,0,0,0,0,0,0,,,20220727_083000.WAV,Foliage
797,13.0,0.18,0,0,0,0,0,0,,,20220727_083000.WAV,Foliage
798,13.0,0.19,0,0,0,0,0,0,,,20220727_083000.WAV,Foliage
799,13.0,0.2,0,0,0,0,0,0,,,20220727_083000.WAV,Foliage
800,13.0,0.21,0,0,0,0,0,0,,,20220727_083000.WAV,Foliage
801,13.0,0.22,0,0,0,0,0,0,,,20220727_083000.WAV,Foliage
802,13.0,0.23,0,0,0,0,0,0,,,20220727_083000.WAV,Foliage
803,13.0,0.24,0,0,0,0,0,0,,,20220727_083000.WAV,Foliage
804,13.0,0.25,0,0,0,0,0,0,,,20220727_083000.WAV,Foliage
805,13.0,0.26,0,0,0,0,0,0,,,20220727_083000.WAV,Foliage
806,13.0,0.27,0,0,0,0,0,0,,,20220727_083000.WAV,Foliage
807,13.0,0.28,0,0,0,0,0,0,,,20220727_083000.WAV,Foliage
808,13.0,0.29,0,0,0,0,0,0,,,20220727_083000.WAV,Foliage
809,13.0,0.3,0,0,0,0,0,0,,,20220727_083000.WAV,Foliage
810,13.0,0.31,0,0,0,0,0,0,,,20220727_083000.WAV,Foliage
811,13.0,0.32,0,0,0,0,0,0,,,20220727_083000.WAV,Foliage
812,13.0,0.33,0,0,0,0,0,0,,,20220727_083000.WAV,Foliage
813,13.0,0.34,0,0,0,0,0,0,,,20220727_083000.WAV,Foliage
814,13.0,0.35,0,0,0,0,0,0,,,20220727_083000.WAV,Foliage
815,13.0,0.36,0,0,0,0,0,0,,,20220727_083000.WAV,Foliage
816,13.0,0.37,0,0,0,0,0,0,,,20220727_083000.WAV,Foliage
817,13.0,0.38,0,0,0,0,0,0,,,20220727_083000.WAV,Foliage
818,13.0,0.39,0,0,0,0,0,0,,,20220727_083000.WAV,Foliage
819,13.0,0.4,0,0,0,0,0,0,,,20220727_083000.WAV,Foliage
820,13.0,0.41,0,0,0,0,0,0,,,20220727_083000.WAV,Foliage
821,13.0,0.42,0,0,0,0,0,0,,,20220727_083000.WAV,Foliage
822,13.0,0.43,0,0,0,0,0,0,,,20220727_083000.WAV,Foliage
823,13.0,0.44,0,0,0,0,0,0,,,20220727_083000.WAV,Foliage
824,13.0,0.45,0,0,0,0,0,0,,,20220727_083000.WAV,Foliage
825,13.0,0.46,0,0,0,0,0,0,,,20220727_083000.WAV,Foliage
826,13.0,0.47,0,0,0,0,0,0,,,20220727_083000.WAV,Foliage
827,13.0,0.48,0,0,0,0,0,0,,,20220727_083000.WAV,Foliage
828,13.0,0.49,0,0,0,0,0,0,,,20220727_083000.WAV,Foliage
829,13.0,0.5,0,0,0,0,0,0,,,20220727_083000.WAV,Foliage
830,13.0,0.51,0,0,0,0,0,0,,,20220727_083000.WAV,Foliage
831,13.0,0.52,0,0,0,0,0,0,,,20220727_083000.WAV,Foliage
832,13.0,0.53,0,0,0,0,0,0,,,20220727_083000.WAV,Foliage
833,13.0,0.54,0,0,0,0,0,0,,,20220727_083000.WAV,Foliage
834,13.0,0.55,0,0,0,0,0,0,,,20220727_083000.WAV,Foliage
835,13.0,0.56,0,0,0,0,0,0,,,20220727_083000.WAV,Foliage
836,13.0,0.57,0,0,0,0,0,0,,,20220727_083000.WAV,Foliage
837,13.0,0.58,0,0,0,0,0,0,,,20220727_083000.WAV,Foliage
838,13.0,0.59,0,0,0,0,0,0,,,20220727_083000.WAV,Foliage
839,13.0,0.6,0,0,0,0,0,0,,,20220727_083000.WAV,Foliage
840,14.0,0.01,0,0,0,0,0,0,,,20220727_083000.WAV,Foliage
841,14.0,0.02,0,0,0,0,0,0,,,20220727_083000.WAV,Foliage
842,14.0,0.03,0,0,0,0,0,0,,,20220727_083000.WAV,Foliage
843,14.0,0.04,0,0,0,0,0,0,,,20220727_083000.WAV,Foliage
844,14.0,0.05,0,0,0,0,0,0,,,20220727_083000.WAV,Foliage
845,14.0,0.06,0,0,0,0,0,0,,,20220727_083000.WAV,Foliage
846,14.0,0.07,0,0,0,0,0,0,,,20220727_083000.WAV,Foliage
847,14.0,0.08,0,0,0,0,0,0,,,20220727_083000.WAV,Foliage
848,14.0,0.09,0,0,0,0,0,0,,,20220727_083000.WAV,Foliage
849,14.0,0.1,0,0,0,0,0,0,,,20220727_083000.WAV,Foliage
850,14.0,0.11,0,0,0,0,0,0,,,20220727_083000.WAV,Foliage
851,14.0,0.12,0,0,0,0,0,0,,,20220727_083000.WAV,Foliage
852,14.0,0.13,0,0,0,0,0,0,,,20220727_083000.WAV,Foliage
853,14.0,0.14,0,0,0,0,0,0,,,20220727_083000.WAV,Foliage
854,14.0,0.15,0,0,0,0,0,0,,,20220727_083000.WAV,Foliage
855,14.0,0.16,0,0,0,0,0,0,,,20220727_083000.WAV,Foliage
856,14.0,0.17,0,0,0,0,0,0,,,20220727_083000.WAV,Foliage
857,14.0,0.18,0,0,0,0,0,0,,,20220727_083000.WAV,Foliage
858,14.0,0.19,0,0,0,0,0,0,,,20220727_083000.WAV,Foliage
859,14.0,0.2,0,0,0,0,0,0,,,20220727_083000.WAV,Foliage
860,14.0,0.21,0,0,0,0,0,0,,,20220727_083000.WAV,Foliage
861,14.0,0.22,0,0,0,0,0,0,,,20220727_083000.WAV,Foliage
862,14.0,0.23,0,0,0,0,0,0,,,20220727_083000.WAV,Foliage
863,14.0,0.24,0,0,0,0,0,0,,,20220727_083000.WAV,Foliage
864,14.0,0.25,0,0,0,0,0,0,,,20220727_083000.WAV,Foliage
865,14.0,0.26,0,0,0,0,0,0,,,20220727_083000.WAV,Foliage
866,14.0,0.27,0,0,0,0,0,0,,,20220727_083000.WAV,Foliage
867,14.0,0.28,0,0,0,0,0,0,,,20220727_083000.WAV,Foliage
868,14.0,0.29,0,0,0,0,0,0,,,20220727_083000.WAV,Foliage
869,14.0,0.3,0,0,0,0,0,0,,,20220727_083000.WAV,Foliage
870,14.0,0.31,0,0,0,0,0,0,,,20220727_083000.WAV,Foliage
871,14.0,0.32,0,0,0,0,0,0,,,20220727_083000.WAV,Foliage
872,14.0,0.33,0,0,0,0,0,0,,,20220727_083000.WAV,Foliage
873,14.0,0.34,0,0,0,0,0,0,,,20220727_083000.WAV,Foliage
874,14.0,0.35,0,0,0,0,0,0,,,20220727_083000.WAV,Foliage
875,14.0,0.36,0,0,0,0,0,0,,,20220727_083000.WAV,Foliage
876,14.0,0.37,0,0,0,0,0,0,,,20220727_083000.WAV,Foliage
877,14.0,0.38,0,0,0,0,0,0,,,20220727_083000.WAV,Foliage
878,14.0,0.39,0,0,0,0,0,0,,,20220727_083000.WAV,Foliage
879,14.0,0.4,0,0,0,0,0,0,,,20220727_083000.WAV,Foliage
880,14.0,0.41,0,0,0,0,0,0,,,20220727_083000.WAV,Foliage
881,14.0,0.42,0,0,0,0,0,0,,,20220727_083000.WAV,Foliage
882,14.0,0.43,0,0,0,0,0,0,,,20220727_083000.WAV,Foliage
883,14.0,0.44,0,0,0,0,0,0,,,20220727_083000.WAV,Foliage
884,14.0,0.45,0,0,0,0,0,0,,,20220727_083000.WAV,Foliage
885,14.0,0.46,0,0,0,0,0,0,,,20220727_083000.WAV,Foliage
886,14.0,0.47,0,0,0,0,0,0,,,20220727_083000.WAV,Foliage
887,14.0,0.48,0,0,0,0,0,0,,,20220727_083000.WAV,Foliage
888,14.0,0.49,0,0,0,0,0,0,,,20220727_083000.WAV,Foliage
889,14.0,0.5,0,0,0,0,0,0,,,20220727_083000.WAV,Foliage
890,14.0,0.51,0,0,0,0,0,0,,,20220727_083000.WAV,Foliage
891,14.0,0.52,0,0,0,0,0,0,,,20220727_083000.WAV,Foliage
892,14.0,0.53,0,0,0,0,0,0,,,20220727_083000.WAV,Foliage
893,14.0,0.54,0,0,0,0,0,0,,,20220727_083000.WAV,Foliage
894,14.0,0.55,0,0,0,0,0,0,,,20220727_083000.WAV,Foliage
895,14.0,0.56,0,0,0,0,0,0,,,20220727_083000.WAV,Foliage
896,14.0,0.57,0,0,0,0,0,0,,,20220727_083000.WAV,Foliage
897,14.0,0.58,0,0,0,0,0,0,,,20220727_083000.WAV,Foliage
898,14.0,0.59,0,0,0,0,0,0,,,20220727_083000.WAV,Foliage
899,14.0,0.6,0,0,0,0,0,0,,,20220727_083000.WAV,Foliage
900,15.0,0.01,0,0,0,0,0,0,,,20220727_083000.WAV,Foliage
901,15.0,0.02,0,0,0,0,0,0,,,20220727_083000.WAV,Foliage
902,15.0,0.03,0,0,0,0,0,0,,,20220727_083000.WAV,Foliage
903,15.0,0.04,0,0,0,0,0,0,,,20220727_083000.WAV,Foliage
904,15.0,0.05,0,0,0,0,0,0,,,20220727_083000.WAV,Foliage
905,15.0,0.06,0,0,0,0,0,0,,,20220727_083000.WAV,Foliage
906,15.0,0.07,0,0,0,0,0,0,,,20220727_083000.WAV,Foliage
907,15.0,0.08,0,0,0,0,0,0,,,20220727_083000.WAV,Foliage
908,15.0,0.09,0,0,0,0,0,0,,,20220727_083000.WAV,Foliage
909,15.0,0.1,0,0,0,0,0,0,,,20220727_083000.WAV,Foliage
910,15.0,0.11,0,0,0,0,0,0,,,20220727_083000.WAV,Foliage
911,15.0,0.12,0,0,0,0,0,0,,,20220727_083000.WAV,Foliage
912,15.0,0.13,0,0,0,0,0,0,,,20220727_083000.WAV,Foliage
913,15.0,0.14,0,0,0,0,0,0,,,20220727_083000.WAV,Foliage
914,15.0,0.15,0,0,0,0,0,0,,,20220727_083000.WAV,Foliage
915,15.0,0.16,0,0,0,0,0,0,,,20220727_083000.WAV,Foliage
916,15.0,0.17,0,0,0,0,0,0,,,20220727_083000.WAV,Foliage
917,15.0,0.18,0,0,0,0,0,0,,,20220727_083000.WAV,Foliage
918,15.0,0.19,0,0,0,0,0,0,,,20220727_083000.WAV,Foliage
919,15.0,0.2,0,0,0,0,0,0,,,20220727_083000.WAV,Foliage
920,15.0,0.21,0,0,0,0,0,0,,,20220727_083000.WAV,Foliage
921,15.0,0.22,0,0,0,0,0,0,,,20220727_083000.WAV,Foliage
922,15.0,0.23,0,0,0,0,0,0,,,20220727_083000.WAV,Foliage
923,15.0,0.24,0,0,0,0,0,0,,,20220727_083000.WAV,Foliage
924,15.0,0.25,0,0,0,0,0,0,,,20220727_083000.WAV,Foliage
925,15.0,0.26,0,0,0,0,0,0,,,20220727_083000.WAV,Foliage
926,15.0,0.27,0,0,0,0,0,0,,,20220727_083000.WAV,Foliage
927,15.0,0.28,0,0,0,0,0,0,,,20220727_083000.WAV,Foliage
928,15.0,0.29,0,0,0,0,0,0,,,20220727_083000.WAV,Foliage
929,15.0,0.3,0,0,0,0,0,0,,,20220727_083000.WAV,Foliage
930,15.0,0.31,0,0,0,0,0,0,,,20220727_083000.WAV,Foliage
931,15.0,0.32,0,0,0,0,0,0,,,20220727_083000.WAV,Foliage
932,15.0,0.33,0,0,0,0,0,0,,,20220727_083000.WAV,Foliage
933,15.0,0.34,0,0,0,0,0,0,,,20220727_083000.WAV,Foliage
934,15.0,0.35,0,0,0,0,0,0,,,20220727_083000.WAV,Foliage
935,15.0,0.36,0,0,0,0,0,0,,,20220727_083000.WAV,Foliage
936,15.0,0.37,0,0,0,0,0,0,,,20220727_083000.WAV,Foliage
937,15.0,0.38,0,0,0,0,0,0,,,20220727_083000.WAV,Foliage
938,15.0,0.39,0,0,0,0,0,0,,,20220727_083000.WAV,Foliage
939,15.0,0.4,0,0,0,0,0,0,,,20220727_083000.WAV,Foliage
940,15.0,0.41,0,0,0,0,0,0,,,20220727_083000.WAV,Foliage
941,15.0,0.42,0,0,0,0,0,0,,,20220727_083000.WAV,Foliage
942,15.0,0.43,0,0,0,0,0,0,,,20220727_083000.WAV,Foliage
943,15.0,0.44,0,0,0,0,0,0,,,20220727_083000.WAV,Foliage
944,15.0,0.45,0,0,0,0,0,0,,,20220727_083000.WAV,Foliage
945,15.0,0.46,0,0,0,0,0,0,,,20220727_083000.WAV,Foliage
946,15.0,0.47,0,0,0,0,0,0,,,20220727_083000.WAV,Foliage
947,15.0,0.48,0,0,0,0,0,0,,,20220727_083000.WAV,Foliage
948,15.0,0.49,0,0,0,0,0,0,,,20220727_083000.WAV,Foliage
949,15.0,0.5,0,0,0,0,0,0,,,20220727_083000.WAV,Foliage
950,15.0,0.51,0,0,0,0,0,0,,,20220727_083000.WAV,Foliage
951,15.0,0.52,0,0,0,0,0,0,,,20220727_083000.WAV,Foliage
952,15.0,0.53,0,0,0,0,0,0,,,20220727_083000.WAV,Foliage
953,15.0,0.54,0,0,0,0,0,0,,,20220727_083000.WAV,Foliage
954,15.0,0.55,0,0,0,0,0,0,,,20220727_083000.WAV,Foliage
955,15.0,0.56,0,0,0,0,0,0,,,20220727_083000.WAV,Foliage
956,15.0,0.57,0,0,0,0,0,0,,,20220727_083000.WAV,Foliage
957,15.0,0.58,0,0,0,0,0,0,,,20220727_083000.WAV,Foliage
958,15.0,0.59,0,0,0,0,0,0,,,20220727_083000.WAV,Foliage
959,15.0,0.6,0,0,0,0,0,0,,,20220727_083000.WAV,Foliage
960,16.0,0.01,0,0,0,0,0,0,,,20220727_083000.WAV,Foliage
961,16.0,0.02,0,0,0,0,0,0,,,20220727_083000.WAV,Foliage
962,16.0,0.03,0,0,0,0,0,0,,,20220727_083000.WAV,Foliage
963,16.0,0.04,0,0,0,0,0,0,,,20220727_083000.WAV,Foliage
964,16.0,0.05,0,0,0,0,0,0,,,20220727_083000.WAV,Foliage
965,16.0,0.06,0,0,0,0,0,0,,,20220727_083000.WAV,Foliage
966,16.0,0.07,0,0,0,0,0,0,,,20220727_083000.WAV,Foliage
967,16.0,0.08,0,0,0,0,0,0,,,20220727_083000.WAV,Foliage
968,16.0,0.09,0,0,0,0,0,0,,,20220727_083000.WAV,Foliage
969,16.0,0.1,0,0,0,0,0,0,,,20220727_083000.WAV,Foliage
970,16.0,0.11,0,0,0,0,0,0,,,20220727_083000.WAV,Foliage
971,16.0,0.12,0,0,0,0,0,0,,,20220727_083000.WAV,Foliage
972,16.0,0.13,0,0,0,0,0,0,,,20220727_083000.WAV,Foliage
973,16.0,0.14,0,0,0,0,0,0,,,20220727_083000.WAV,Foliage
974,16.0,0.15,0,0,0,0,0,0,,,20220727_083000.WAV,Foliage
975,16.0,0.16,0,0,0,0,0,0,,,20220727_083000.WAV,Foliage
976,16.0,0.17,0,0,0,0,0,0,,,20220727_083000.WAV,Foliage
977,16.0,0.18,0,0,0,0,0,0,,,20220727_083000.WAV,Foliage
978,16.0,0.19,0,0,0,0,0,0,,,20220727_083000.WAV,Foliage
979,16.0,0.2,0,0,0,0,0,0,,,20220727_083000.WAV,Foliage
980,16.0,0.21,0,0,0,0,0,0,,,20220727_083000.WAV,Foliage
981,16.0,0.22,0,0,0,0,0,0,,,20220727_083000.WAV,Foliage
982,16.0,0.23,0,0,0,0,0,0,,,20220727_083000.WAV,Foliage
983,16.0,0.24,0,0,0,0,0,0,,,20220727_083000.WAV,Foliage
984,16.0,0.25,0,0,0,0,0,0,,,20220727_083000.WAV,Foliage
985,16.0,0.26,0,0,0,0,0,0,,,20220727_083000.WAV,Foliage
986,16.0,0.27,0,0,0,0,0,0,,,20220727_083000.WAV,Foliage
987,16.0,0.28,0,0,0,0,0,0,,,20220727_083000.WAV,Foliage
988,16.0,0.29,0,0,0,0,0,0,,,20220727_083000.WAV,Foliage
989,16.0,0.3,0,0,0,0,0,0,,,20220727_083000.WAV,Foliage
990,16.0,0.31,0,0,0,0,0,0,,,20220727_083000.WAV,Foliage
991,16.0,0.32,0,0,0,0,0,0,,,20220727_083000.WAV,Foliage
992,16.0,0.33,0,0,0,0,0,0,,,20220727_083000.WAV,Foliage
993,16.0,0.34,0,0,0,0,0,0,,,20220727_083000.WAV,Foliage
994,16.0,0.35,0,0,0,0,0,0,,,20220727_083000.WAV,Foliage
995,16.0,0.36,0,0,0,0,0,0,,,20220727_083000.WAV,Foliage
996,16.0,0.37,0,0,0,0,0,0,,,20220727_083000.WAV,Foliage
997,16.0,0.38,0,0,0,0,0,0,,,20220727_083000.WAV,Foliage
998,16.0,0.39,0,0,0,0,0,0,,,20220727_083000.WAV,Foliage
999,16.0,0.4,0,0,0,0,0,0,,,20220727_083000.WAV,Foliage
1000,16.0,0.41,0,0,0,0,0,0,,,20220727_083000.WAV,Foliage
1001,16.0,0.42,0,0,0,0,0,0,,,20220727_083000.WAV,Foliage
1002,16.0,0.43,0,0,0,0,0,0,,,20220727_083000.WAV,Foliage
1003,16.0,0.44,0,0,0,0,0,0,,,20220727_083000.WAV,Foliage
1004,16.0,0.45,0,0,0,0,0,0,,,20220727_083000.WAV,Foliage
1005,16.0,0.46,0,0,0,0,0,0,,,20220727_083000.WAV,Foliage
1006,16.0,0.47,0,0,0,0,0,0,,,20220727_083000.WAV,Foliage
1007,16.0,0.48,0,0,0,0,0,0,,,20220727_083000.WAV,Foliage
1008,16.0,0.49,0,0,0,0,0,0,,,20220727_083000.WAV,Foliage
1009,16.0,0.5,0,0,0,0,0,0,,,20220727_083000.WAV,Foliage
1010,16.0,0.51,0,0,0,0,0,0,,,20220727_083000.WAV,Foliage
1011,16.0,0.52,0,0,0,0,0,0,,,20220727_083000.WAV,Foliage
1012,16.0,0.53,0,0,0,0,0,0,,,20220727_083000.WAV,Foliage
1013,16.0,0.54,0,0,0,0,0,0,,,20220727_083000.WAV,Foliage
1014,16.0,0.55,0,0,0,0,0,0,,,20220727_083000.WAV,Foliage
1015,16.0,0.56,0,0,0,0,0,0,,,20220727_083000.WAV,Foliage
1016,16.0,0.57,0,0,0,0,0,0,,,20220727_083000.WAV,Foliage
1017,16.0,0.58,0,0,0,0,0,0,,,20220727_083000.WAV,Foliage
1018,16.0,0.59,0,0,0,0,0,0,,,20220727_083000.WAV,Foliage
1019,16.0,0.6,0,0,0,0,0,0,,,20220727_083000.WAV,Foliage
1020,17.0,0.01,0,0,0,0,0,0,,,20220727_083000.WAV,Foliage
1021,17.0,0.02,0,0,0,0,0,0,,,20220727_083000.WAV,Foliage
1022,17.0,0.03,0,0,0,0,0,0,,,20220727_083000.WAV,Foliage
1023,17.0,0.04,0,0,0,0,0,0,,,20220727_083000.WAV,Foliage
1024,17.0,0.05,0,0,0,0,0,0,,,20220727_083000.WAV,Foliage
1025,17.0,0.06,0,0,0,0,0,0,,,20220727_083000.WAV,Foliage
1026,17.0,0.07,0,0,0,0,0,0,,,20220727_083000.WAV,Foliage
1027,17.0,0.08,0,0,0,0,0,0,,,20220727_083000.WAV,Foliage
1028,17.0,0.09,0,0,0,0,0,0,,,20220727_083000.WAV,Foliage
1029,17.0,0.1,0,0,0,0,0,0,,,20220727_083000.WAV,Foliage
1030,17.0,0.11,0,0,0,0,0,0,,,20220727_083000.WAV,Foliage
1031,17.0,0.12,0,0,0,0,0,0,,,20220727_083000.WAV,Foliage
1032,17.0,0.13,0,0,0,0,0,0,,,20220727_083000.WAV,Foliage
1033,17.0,0.14,0,0,0,0,0,0,,,20220727_083000.WAV,Foliage
1034,17.0,0.15,0,0,0,0,0,0,,,20220727_083000.WAV,Foliage
1035,17.0,0.16,0,0,0,0,0,0,,,20220727_083000.WAV,Foliage
1036,17.0,0.17,0,0,0,0,0,0,,,20220727_083000.WAV,Foliage
1037,17.0,0.18,0,0,0,0,0,0,,,20220727_083000.WAV,Foliage
1038,17.0,0.19,0,0,0,0,0,0,,,20220727_083000.WAV,Foliage
1039,17.0,0.2,0,0,0,0,0,0,,,20220727_083000.WAV,Foliage
1040,17.0,0.21,0,0,0,0,0,0,,,20220727_083000.WAV,Foliage
1041,17.0,0.22,0,0,0,0,0,0,,,20220727_083000.WAV,Foliage
1042,17.0,0.23,0,0,0,0,0,0,,,20220727_083000.WAV,Foliage
1043,17.0,0.24,0,0,0,0,0,0,,,20220727_083000.WAV,Foliage
1044,17.0,0.25,0,0,0,0,0,0,,,20220727_083000.WAV,Foliage
1045,17.0,0.26,0,0,0,0,0,0,,,20220727_083000.WAV,Foliage
1046,17.0,0.27,0,0,0,0,0,0,,,20220727_083000.WAV,Foliage
1047,17.0,0.28,0,0,0,0,0,0,,,20220727_083000.WAV,Foliage
1048,17.0,0.29,0,0,0,0,0,0,,,20220727_083000.WAV,Foliage
1049,17.0,0.3,0,0,0,0,0,0,,,20220727_083000.WAV,Foliage
1050,17.0,0.31,0,0,0,0,0,0,,,20220727_083000.WAV,Foliage
1051,17.0,0.32,0,0,0,0,0,0,,,20220727_083000.WAV,Foliage
1052,17.0,0.33,0,0,0,0,0,0,,,20220727_083000.WAV,Foliage
1053,17.0,0.34,0,0,0,0,0,0,,,20220727_083000.WAV,Foliage
1054,17.0,0.35,0,0,0,0,0,0,,,20220727_083000.WAV,Foliage
1055,17.0,0.36,0,0,0,0,0,0,,,20220727_083000.WAV,Foliage
1056,17.0,0.37,0,0,0,0,0,0,,,20220727_083000.WAV,Foliage
1057,17.0,0.38,0,0,0,0,0,0,,,20220727_083000.WAV,Foliage
1058,17.0,0.39,0,0,0,0,0,0,,,20220727_083000.WAV,Foliage
1059,17.0,0.4,0,0,0,0,0,0,,,20220727_083000.WAV,Foliage
1060,17.0,0.41,0,0,0,0,0,0,,,20220727_083000.WAV,Foliage
1061,17.0,0.42,0,0,0,0,0,0,,,20220727_083000.WAV,Foliage
1062,17.0,0.43,0,0,0,0,0,0,,,20220727_083000.WAV,Foliage
1063,17.0,0.44,0,0,0,0,0,0,,,20220727_083000.WAV,Foliage
1064,17.0,0.45,0,0,0,0,0,0,,,20220727_083000.WAV,Foliage
1065,17.0,0.46,0,0,0,0,0,0,,,20220727_083000.WAV,Foliage
1066,17.0,0.47,0,0,0,0,0,0,,,20220727_083000.WAV,Foliage
1067,17.0,0.48,0,0,0,0,0,0,,,20220727_083000.WAV,Foliage
1068,17.0,0.49,0,0,0,0,0,0,,,20220727_083000.WAV,Foliage
1069,17.0,0.5,0,0,0,0,0,0,,,20220727_083000.WAV,Foliage
1070,17.0,0.51,0,0,0,0,0,0,,,20220727_083000.WAV,Foliage
1071,17.0,0.52,0,0,0,0,0,0,,,20220727_083000.WAV,Foliage
1072,17.0,0.53,0,0,0,0,0,0,,,20220727_083000.WAV,Foliage
1073,17.0,0.54,0,0,0,0,0,0,,,20220727_083000.WAV,Foliage
1074,17.0,0.55,0,0,0,0,0,0,,,20220727_083000.WAV,Foliage
1075,17.0,0.56,0,0,0,0,0,0,,,20220727_083000.WAV,Foliage
1076,17.0,0.57,0,0,0,0,0,0,,,20220727_083000.WAV,Foliage
1077,17.0,0.58,0,0,0,0,0,0,,,20220727_083000.WAV,Foliage
1078,17.0,0.59,0,0,0,0,0,0,,,20220727_083000.WAV,Foliage
1079,17.0,0.6,0,0,0,0,0,0,,,20220727_083000.WAV,Foliage
1080,18.0,0.01,0,0,0,0,0,0,,,20220727_083000.WAV,Foliage
1081,18.0,0.02,0,0,0,0,0,0,,,20220727_083000.WAV,Foliage
1082,18.0,0.03,0,0,0,0,0,0,,,20220727_083000.WAV,Foliage
1083,18.0,0.04,0,0,0,0,0,0,,,20220727_083000.WAV,Foliage
1084,18.0,0.05,0,0,0,0,0,0,,,20220727_083000.WAV,Foliage
1085,18.0,0.06,0,0,0,0,0,0,,,20220727_083000.WAV,Foliage
1086,18.0,0.07,0,0,0,0,0,0,,,20220727_083000.WAV,Foliage
1087,18.0,0.08,0,0,0,0,0,0,,,20220727_083000.WAV,Foliage
1088,18.0,0.09,0,0,0,0,0,0,,,20220727_083000.WAV,Foliage
1089,18.0,0.1,0,0,0,0,0,0,,,20220727_083000.WAV,Foliage
1090,18.0,0.11,0,0,0,0,0,0,,,20220727_083000.WAV,Foliage
1091,18.0,0.12,0,0,0,0,0,0,,,20220727_083000.WAV,Foliage
1092,18.0,0.13,0,0,0,0,0,0,,,20220727_083000.WAV,Foliage
1093,18.0,0.14,0,0,0,0,0,0,,,20220727_083000.WAV,Foliage
1094,18.0,0.15,0,0,0,0,0,0,,,20220727_083000.WAV,Foliage
1095,18.0,0.16,0,0,0,0,0,0,,,20220727_083000.WAV,Foliage
1096,18.0,0.17,0,0,0,0,0,0,,,20220727_083000.WAV,Foliage
1097,18.0,0.18,0,0,0,0,0,0,,,20220727_083000.WAV,Foliage
1098,18.0,0.19,0,0,0,0,0,0,,,20220727_083000.WAV,Foliage
1099,18.0,0.2,0,0,0,0,0,0,,,20220727_083000.WAV,Foliage
1100,18.0,0.21,0,0,0,0,0,0,,,20220727_083000.WAV,Foliage
1101,18.0,0.22,0,0,0,0,0,0,,,20220727_083000.WAV,Foliage
1102,18.0,0.23,0,0,0,0,0,0,,,20220727_083000.WAV,Foliage
1103,18.0,0.24,0,0,0,0,0,0,,,20220727_083000.WAV,Foliage
1104,18.0,0.25,0,0,0,0,0,0,,,20220727_083000.WAV,Foliage
1105,18.0,0.26,0,0,0,0,0,0,,,20220727_083000.WAV,Foliage
1106,18.0,0.27,0,0,0,0,0,0,,,20220727_083000.WAV,Foliage
1107,18.0,0.28,0,0,0,0,0,0,,,20220727_083000.WAV,Foliage
1108,18.0,0.29,0,0,0,0,0,0,,,20220727_083000.WAV,Foliage
1109,18.0,0.3,0,0,0,0,0,0,,,20220727_083000.WAV,Foliage
1110,18.0,0.31,0,0,0,0,0,0,,,20220727_083000.WAV,Foliage
1111,18.0,0.32,0,0,0,0,0,0,,,20220727_083000.WAV,Foliage
1112,18.0,0.33,0,0,0,0,0,0,,,20220727_083000.WAV,Foliage
1113,18.0,0.34,0,0,0,0,0,0,,,20220727_083000.WAV,Foliage
1114,18.0,0.35,0,0,0,0,0,0,,,20220727_083000.WAV,Foliage
1115,18.0,0.36,0,0,0,0,0,0,,,20220727_083000.WAV,Foliage
1116,18.0,0.37,0,0,0,0,0,0,,,20220727_083000.WAV,Foliage
1117,18.0,0.38,0,0,0,0,0,0,,,20220727_083000.WAV,Foliage
1118,18.0,0.39,0,0,0,0,0,0,,,20220727_083000.WAV,Foliage
1119,18.0,0.4,0,0,0,0,0,0,,,20220727_083000.WAV,Foliage
1120,18.0,0.41,0,0,0,0,0,0,,,20220727_083000.WAV,Foliage
1121,18.0,0.42,0,0,0,0,0,0,,,20220727_083000.WAV,Foliage
1122,18.0,0.43,0,0,0,0,0,0,,,20220727_083000.WAV,Foliage
1123,18.0,0.44,0,0,0,0,0,0,,,20220727_083000.WAV,Foliage
1124,18.0,0.45,0,0,0,0,0,0,,,20220727_083000.WAV,Foliage
1125,18.0,0.46,0,0,0,0,0,0,,,20220727_083000.WAV,Foliage
1126,18.0,0.47,0,0,0,0,0,0,,,20220727_083000.WAV,Foliage
1127,18.0,0.48,0,0,0,0,0,0,,,20220727_083000.WAV,Foliage
1128,18.0,0.49,0,0,0,0,0,0,,,20220727_083000.WAV,Foliage
1129,18.0,0.5,0,0,0,0,0,0,,,20220727_083000.WAV,Foliage
1130,18.0,0.51,0,0,0,0,0,0,,,20220727_083000.WAV,Foliage
1131,18.0,0.52,0,0,0,0,0,0,,,20220727_083000.WAV,Foliage
1132,18.0,0.53,0,0,0,0,0,0,,,20220727_083000.WAV,Foliage
1133,18.0,0.54,0,0,0,0,0,0,,,20220727_083000.WAV,Foliage
1134,18.0,0.55,0,0,0,0,0,0,,,20220727_083000.WAV,Foliage
1135,18.0,0.56,0,0,0,0,0,0,,,20220727_083000.WAV,Foliage
1136,18.0,0.57,0,0,0,0,0,0,,,20220727_083000.WAV,Foliage
1137,18.0,0.58,0,0,0,0,0,0,,,20220727_083000.WAV,Foliage
1138,18.0,0.59,0,0,0,0,0,0,,,20220727_083000.WAV,Foliage
1139,18.0,0.6,0,0,0,0,0,0,,,20220727_083000.WAV,Foliage
1140,19.0,0.01,0,0,0,0,0,0,,,20220727_083000.WAV,Foliage
1141,19.0,0.02,0,0,0,0,0,0,,,20220727_083000.WAV,Foliage
1142,19.0,0.03,0,0,0,0,0,0,,,20220727_083000.WAV,Foliage
1143,19.0,0.04,0,0,0,0,0,0,,,20220727_083000.WAV,Foliage
1144,19.0,0.05,0,0,0,0,0,0,,,20220727_083000.WAV,Foliage
1145,19.0,0.06,0,0,0,0,0,0,,,20220727_083000.WAV,Foliage
1146,19.0,0.07,0,0,0,0,0,0,,,20220727_083000.WAV,Foliage
1147,19.0,0.08,0,0,0,0,0,0,,,20220727_083000.WAV,Foliage
1148,19.0,0.09,0,0,0,0,0,0,,,20220727_083000.WAV,Foliage
1149,19.0,0.1,0,0,0,0,0,0,,,20220727_083000.WAV,Foliage
1150,19.0,0.11,0,0,0,0,0,0,,,20220727_083000.WAV,Foliage
1151,19.0,0.12,0,0,0,0,0,0,,,20220727_083000.WAV,Foliage
1152,19.0,0.13,0,0,0,0,0,0,,,20220727_083000.WAV,Foliage
1153,19.0,0.14,0,0,0,0,0,0,,,20220727_083000.WAV,Foliage
1154,19.0,0.15,0,0,0,0,0,0,,,20220727_083000.WAV,Foliage
1155,19.0,0.16,0,0,0,0,0,0,,,20220727_083000.WAV,Foliage
1156,19.0,0.17,0,0,0,0,0,0,,,20220727_083000.WAV,Foliage
1157,19.0,0.18,0,0,0,0,0,0,,,20220727_083000.WAV,Foliage
1158,19.0,0.19,0,0,0,0,0,0,,,20220727_083000.WAV,Foliage
1159,19.0,0.2,0,0,0,0,0,0,,,20220727_083000.WAV,Foliage
1160,19.0,0.21,0,0,0,0,0,0,,,20220727_083000.WAV,Foliage
1161,19.0,0.22,0,0,0,0,0,0,,,20220727_083000.WAV,Foliage
1162,19.0,0.23,0,0,0,0,0,0,,,20220727_083000.WAV,Foliage
1163,19.0,0.24,0,0,0,0,0,0,,,20220727_083000.WAV,Foliage
1164,19.0,0.25,0,0,0,0,0,0,,,20220727_083000.WAV,Foliage
1165,19.0,0.26,0,0,0,0,0,0,,,20220727_083000.WAV,Foliage
1166,19.0,0.27,0,0,0,0,0,0,,,20220727_083000.WAV,Foliage
1167,19.0,0.28,0,0,0,0,0,0,,,20220727_083000.WAV,Foliage
1168,19.0,0.29,0,0,0,0,0,0,,,20220727_083000.WAV,Foliage
1169,19.0,0.3,0,0,0,0,0,0,,,20220727_083000.WAV,Foliage
1170,19.0,0.31,0,0,0,0,0,0,,,20220727_083000.WAV,Foliage
1171,19.0,0.32,0,0,0,0,0,0,,,20220727_083000.WAV,Foliage
1172,19.0,0.33,0,0,0,0,0,0,,,20220727_083000.WAV,Foliage
1173,19.0,0.34,0,0,0,0,0,0,,,20220727_083000.WAV,Foliage
1174,19.0,0.35,0,0,0,0,0,0,,,20220727_083000.WAV,Foliage
1175,19.0,0.36,0,0,0,0,0,0,,,20220727_083000.WAV,Foliage
1176,19.0,0.37,0,0,0,0,0,0,,,20220727_083000.WAV,Foliage
1177,19.0,0.38,0,0,0,0,0,0,,,20220727_083000.WAV,Foliage
1178,19.0,0.39,0,0,0,0,0,0,,,20220727_083000.WAV,Foliage
1179,19.0,0.4,0,0,0,0,0,0,,,20220727_083000.WAV,Foliage
1180,19.0,0.41,0,0,0,0,0,0,,,20220727_083000.WAV,Foliage
1181,19.0,0.42,0,0,0,0,0,0,,,20220727_083000.WAV,Foliage
1182,19.0,0.43,0,0,0,0,0,0,,,20220727_083000.WAV,Foliage
1183,19.0,0.44,0,0,0,0,0,0,,,20220727_083000.WAV,Foliage
1184,19.0,0.45,0,0,0,0,0,0,,,20220727_083000.WAV,Foliage
1185,19.0,0.46,0,0,0,0,0,0,,,20220727_083000.WAV,Foliage
1186,19.0,0.47,0,0,0,0,0,0,,,20220727_083000.WAV,Foliage
1187,19.0,0.48,0,0,0,0,0,0,,,20220727_083000.WAV,Foliage
1188,19.0,0.49,0,0,0,0,0,0,,,20220727_083000.WAV,Foliage
1189,19.0,0.5,0,0,0,0,0,0,,,20220727_083000.WAV,Foliage
1190,19.0,0.51,0,0,0,0,0,0,,,20220727_083000.WAV,Foliage
1191,19.0,0.52,0,0,0,0,0,0,,,20220727_083000.WAV,Foliage
1192,19.0,0.53,0,0,0,0,0,0,,,20220727_083000.WAV,Foliage
1193,19.0,0.54,0,0,0,0,0,0,,,20220727_083000.WAV,Foliage
1194,19.0,0.55,0,0,0,0,0,0,,,20220727_083000.WAV,Foliage
1195,19.0,0.56,0,0,0,0,0,0,,,20220727_083000.WAV,Foliage
1196,19.0,0.57,0,0,0,0,0,0,,,20220727_083000.WAV,Foliage
1197,19.0,0.58,0,0,0,0,0,0,,,20220727_083000.WAV,Foliage
1198,19.0,0.59,0,0,0,0,0,0,,,20220727_083000.WAV,Foliage
1199,19.0,0.6,0,0,0,0,0,0,,,20220727_083000.WAV,Foliage
0,0.0,0.01,15714,168,164,15550,4,0,0.010436553391879853,0.9761904761904762,20220829_090000.WAV,Foliage
1,0.0,0.02,15683,168,164,15519,4,0,0.010457182936938085,0.9761904761904762,20220829_090000.WAV,Foliage
2,0.0,0.03,3835,168,161,3674,7,0,0.04198174706649283,0.9583333333333334,20220829_090000.WAV,Foliage
3,0.0,0.04,1168,168,160,1008,8,0,0.136986301369863,0.9523809523809523,20220829_090000.WAV,Foliage
4,0.0,0.05,516,168,158,358,10,0,0.3062015503875969,0.9404761904761905,20220829_090000.WAV,Foliage
5,0.0,0.06,307,168,156,151,12,0,0.50814332247557,0.9285714285714286,20220829_090000.WAV,Foliage
6,0.0,0.07,230,168,154,76,14,0,0.6695652173913044,0.9166666666666666,20220829_090000.WAV,Foliage
7,0.0,0.08,191,168,150,41,18,0,0.7853403141361257,0.8928571428571429,20220829_090000.WAV,Foliage
8,0.0,0.09,178,168,149,29,19,0,0.8370786516853933,0.8869047619047619,20220829_090000.WAV,Foliage
9,0.0,0.1,167,168,146,21,22,0,0.874251497005988,0.8690476190476191,20220829_090000.WAV,Foliage
10,0.0,0.11,160,168,143,17,25,0,0.89375,0.8511904761904762,20220829_090000.WAV,Foliage
11,0.0,0.12,156,168,143,13,25,0,0.9166666666666666,0.8511904761904762,20220829_090000.WAV,Foliage
12,0.0,0.13,149,168,141,8,27,0,0.9463087248322147,0.8392857142857143,20220829_090000.WAV,Foliage
13,0.0,0.14,145,168,138,7,30,0,0.9517241379310345,0.8214285714285714,20220829_090000.WAV,Foliage
14,0.0,0.15,140,168,136,4,32,0,0.9714285714285714,0.8095238095238095,20220829_090000.WAV,Foliage
15,0.0,0.16,137,168,133,4,35,0,0.9708029197080292,0.7916666666666666,20220829_090000.WAV,Foliage
16,0.0,0.17,136,168,132,4,36,0,0.9705882352941176,0.7857142857142857,20220829_090000.WAV,Foliage
17,0.0,0.18,132,168,129,3,39,0,0.9772727272727273,0.7678571428571429,20220829_090000.WAV,Foliage
18,0.0,0.19,130,168,127,3,41,0,0.9769230769230769,0.7559523809523809,20220829_090000.WAV,Foliage
19,0.0,0.2,128,168,125,3,43,0,0.9765625,0.7440476190476191,20220829_090000.WAV,Foliage
20,0.0,0.21,126,168,123,3,45,0,0.9761904761904762,0.7321428571428571,20220829_090000.WAV,Foliage
21,0.0,0.22,124,168,122,2,46,0,0.9838709677419355,0.7261904761904762,20220829_090000.WAV,Foliage
22,0.0,0.23,123,168,121,2,47,0,0.983739837398374,0.7202380952380952,20220829_090000.WAV,Foliage
23,0.0,0.24,123,168,121,2,47,0,0.983739837398374,0.7202380952380952,20220829_090000.WAV,Foliage
24,0.0,0.25,123,168,121,2,47,0,0.983739837398374,0.7202380952380952,20220829_090000.WAV,Foliage
25,0.0,0.26,122,168,120,2,48,0,0.9836065573770492,0.7142857142857143,20220829_090000.WAV,Foliage
26,0.0,0.27,120,168,118,2,50,0,0.9833333333333333,0.7023809523809523,20220829_090000.WAV,Foliage
27,0.0,0.28,114,168,113,1,55,0,0.9912280701754386,0.6726190476190477,20220829_090000.WAV,Foliage
28,0.0,0.29,111,168,110,1,58,0,0.990990990990991,0.6547619047619048,20220829_090000.WAV,Foliage
29,0.0,0.3,109,168,108,1,60,0,0.9908256880733946,0.6428571428571429,20220829_090000.WAV,Foliage
30,0.0,0.31,106,168,106,0,62,0,1.0,0.6309523809523809,20220829_090000.WAV,Foliage
31,0.0,0.32,102,168,102,0,66,0,1.0,0.6071428571428571,20220829_090000.WAV,Foliage
32,0.0,0.33,98,168,98,0,70,0,1.0,0.5833333333333334,20220829_090000.WAV,Foliage
33,0.0,0.34,96,168,96,0,72,0,1.0,0.5714285714285714,20220829_090000.WAV,Foliage
34,0.0,0.35,91,168,91,0,77,0,1.0,0.5416666666666666,20220829_090000.WAV,Foliage
35,0.0,0.36,89,168,89,0,79,0,1.0,0.5297619047619048,20220829_090000.WAV,Foliage
36,0.0,0.37,88,168,88,0,80,0,1.0,0.5238095238095238,20220829_090000.WAV,Foliage
37,0.0,0.38,82,168,82,0,86,0,1.0,0.4880952380952381,20220829_090000.WAV,Foliage
38,0.0,0.39,79,168,79,0,89,0,1.0,0.47023809523809523,20220829_090000.WAV,Foliage
39,0.0,0.4,74,168,74,0,94,0,1.0,0.44047619047619047,20220829_090000.WAV,Foliage
40,0.0,0.41,67,168,67,0,101,0,1.0,0.39880952380952384,20220829_090000.WAV,Foliage
41,0.0,0.42,59,168,59,0,109,0,1.0,0.35119047619047616,20220829_090000.WAV,Foliage
42,0.0,0.43,56,168,56,0,112,0,1.0,0.3333333333333333,20220829_090000.WAV,Foliage
43,0.0,0.44,54,168,54,0,114,0,1.0,0.32142857142857145,20220829_090000.WAV,Foliage
44,0.0,0.45,51,168,51,0,117,0,1.0,0.30357142857142855,20220829_090000.WAV,Foliage
45,0.0,0.46,49,168,49,0,119,0,1.0,0.2916666666666667,20220829_090000.WAV,Foliage
46,0.0,0.47,49,168,49,0,119,0,1.0,0.2916666666666667,20220829_090000.WAV,Foliage
47,0.0,0.48,45,168,45,0,123,0,1.0,0.26785714285714285,20220829_090000.WAV,Foliage
48,0.0,0.49,41,168,41,0,127,0,1.0,0.24404761904761904,20220829_090000.WAV,Foliage
49,0.0,0.5,38,168,38,0,130,0,1.0,0.2261904761904762,20220829_090000.WAV,Foliage
50,0.0,0.51,34,168,34,0,134,0,1.0,0.20238095238095238,20220829_090000.WAV,Foliage
51,0.0,0.52,31,168,31,0,137,0,1.0,0.18452380952380953,20220829_090000.WAV,Foliage
52,0.0,0.53,28,168,28,0,140,0,1.0,0.16666666666666666,20220829_090000.WAV,Foliage
53,0.0,0.54,24,168,24,0,144,0,1.0,0.14285714285714285,20220829_090000.WAV,Foliage
54,0.0,0.55,15,168,15,0,153,0,1.0,0.08928571428571429,20220829_090000.WAV,Foliage
55,0.0,0.56,11,168,11,0,157,0,1.0,0.06547619047619048,20220829_090000.WAV,Foliage
56,0.0,0.57,10,168,10,0,158,0,1.0,0.05952380952380952,20220829_090000.WAV,Foliage
57,0.0,0.58,8,168,8,0,160,0,1.0,0.047619047619047616,20220829_090000.WAV,Foliage
58,0.0,0.59,6,168,6,0,162,0,1.0,0.03571428571428571,20220829_090000.WAV,Foliage
59,0.0,0.6,6,168,6,0,162,0,1.0,0.03571428571428571,20220829_090000.WAV,Foliage
60,1.0,0.01,2944,157,154,2790,3,0,0.052309782608695655,0.9808917197452229,20220829_090000.WAV,Foliage
61,1.0,0.02,2944,157,154,2790,3,0,0.052309782608695655,0.9808917197452229,20220829_090000.WAV,Foliage
62,1.0,0.03,1239,157,154,1085,3,0,0.12429378531073447,0.9808917197452229,20220829_090000.WAV,Foliage
63,1.0,0.04,539,157,153,386,4,0,0.28385899814471244,0.9745222929936306,20220829_090000.WAV,Foliage
64,1.0,0.05,319,157,152,167,5,0,0.47648902821316613,0.9681528662420382,20220829_090000.WAV,Foliage
65,1.0,0.06,234,157,150,84,7,0,0.6410256410256411,0.9554140127388535,20220829_090000.WAV,Foliage
66,1.0,0.07,196,157,148,48,9,0,0.7551020408163265,0.9426751592356688,20220829_090000.WAV,Foliage
67,1.0,0.08,172,157,145,27,12,0,0.8430232558139535,0.9235668789808917,20220829_090000.WAV,Foliage
68,1.0,0.09,165,157,144,21,13,0,0.8727272727272727,0.9171974522292994,20220829_090000.WAV,Foliage
69,1.0,0.1,159,157,142,17,15,0,0.8930817610062893,0.9044585987261147,20220829_090000.WAV,Foliage
70,1.0,0.11,154,157,140,14,17,0,0.9090909090909091,0.89171974522293,20220829_090000.WAV,Foliage
71,1.0,0.12,152,157,140,12,17,0,0.9210526315789473,0.89171974522293,20220829_090000.WAV,Foliage
72,1.0,0.13,148,157,139,9,18,0,0.9391891891891891,0.8853503184713376,20220829_090000.WAV,Foliage
73,1.0,0.14,144,157,136,8,21,0,0.9444444444444444,0.8662420382165605,20220829_090000.WAV,Foliage
74,1.0,0.15,139,157,134,5,23,0,0.9640287769784173,0.8535031847133758,20220829_090000.WAV,Foliage
75,1.0,0.16,136,157,131,5,26,0,0.9632352941176471,0.8343949044585988,20220829_090000.WAV,Foliage
76,1.0,0.17,135,157,130,5,27,0,0.9629629629629629,0.8280254777070064,20220829_090000.WAV,Foliage
77,1.0,0.18,132,157,129,3,28,0,0.9772727272727273,0.821656050955414,20220829_090000.WAV,Foliage
78,1.0,0.19,130,157,127,3,30,0,0.9769230769230769,0.8089171974522293,20220829_090000.WAV,Foliage
79,1.0,0.2,128,157,125,3,32,0,0.9765625,0.7961783439490446,20220829_090000.WAV,Foliage
80,1.0,0.21,126,157,123,3,34,0,0.9761904761904762,0.7834394904458599,20220829_090000.WAV,Foliage
81,1.0,0.22,124,157,122,2,35,0,0.9838709677419355,0.7770700636942676,20220829_090000.WAV,Foliage
82,1.0,0.23,123,157,121,2,36,0,0.983739837398374,0.7707006369426752,20220829_090000.WAV,Foliage
83,1.0,0.24,123,157,121,2,36,0,0.983739837398374,0.7707006369426752,20220829_090000.WAV,Foliage
84,1.0,0.25,123,157,121,2,36,0,0.983739837398374,0.7707006369426752,20220829_090000.WAV,Foliage
85,1.0,0.26,122,157,120,2,37,0,0.9836065573770492,0.7643312101910829,20220829_090000.WAV,Foliage
86,1.0,0.27,120,157,118,2,39,0,0.9833333333333333,0.7515923566878981,20220829_090000.WAV,Foliage
87,1.0,0.28,114,157,113,1,44,0,0.9912280701754386,0.7197452229299363,20220829_090000.WAV,Foliage
88,1.0,0.29,111,157,110,1,47,0,0.990990990990991,0.7006369426751592,20220829_090000.WAV,Foliage
89,1.0,0.3,109,157,108,1,49,0,0.9908256880733946,0.6878980891719745,20220829_090000.WAV,Foliage
90,1.0,0.31,106,157,106,0,51,0,1.0,0.6751592356687898,20220829_090000.WAV,Foliage
91,1.0,0.32,102,157,102,0,55,0,1.0,0.6496815286624203,20220829_090000.WAV,Foliage
92,1.0,0.33,98,157,98,0,59,0,1.0,0.6242038216560509,20220829_090000.WAV,Foliage
93,1.0,0.34,96,157,96,0,61,0,1.0,0.6114649681528662,20220829_090000.WAV,Foliage
94,1.0,0.35,91,157,91,0,66,0,1.0,0.5796178343949044,20220829_090000.WAV,Foliage
95,1.0,0.36,89,157,89,0,68,0,1.0,0.5668789808917197,20220829_090000.WAV,Foliage
96,1.0,0.37,88,157,88,0,69,0,1.0,0.5605095541401274,20220829_090000.WAV,Foliage
97,1.0,0.38,82,157,82,0,75,0,1.0,0.5222929936305732,20220829_090000.WAV,Foliage
98,1.0,0.39,79,157,79,0,78,0,1.0,0.5031847133757962,20220829_090000.WAV,Foliage
99,1.0,0.4,74,157,74,0,83,0,1.0,0.4713375796178344,20220829_090000.WAV,Foliage
100,1.0,0.41,67,157,67,0,90,0,1.0,0.4267515923566879,20220829_090000.WAV,Foliage
101,1.0,0.42,59,157,59,0,98,0,1.0,0.37579617834394907,20220829_090000.WAV,Foliage
102,1.0,0.43,56,157,56,0,101,0,1.0,0.35668789808917195,20220829_090000.WAV,Foliage
103,1.0,0.44,54,157,54,0,103,0,1.0,0.34394904458598724,20220829_090000.WAV,Foliage
104,1.0,0.45,51,157,51,0,106,0,1.0,0.3248407643312102,20220829_090000.WAV,Foliage
105,1.0,0.46,49,157,49,0,108,0,1.0,0.31210191082802546,20220829_090000.WAV,Foliage
106,1.0,0.47,49,157,49,0,108,0,1.0,0.31210191082802546,20220829_090000.WAV,Foliage
107,1.0,0.48,45,157,45,0,112,0,1.0,0.28662420382165604,20220829_090000.WAV,Foliage
108,1.0,0.49,41,157,41,0,116,0,1.0,0.2611464968152866,20220829_090000.WAV,Foliage
109,1.0,0.5,38,157,38,0,119,0,1.0,0.24203821656050956,20220829_090000.WAV,Foliage
110,1.0,0.51,34,157,34,0,123,0,1.0,0.21656050955414013,20220829_090000.WAV,Foliage
111,1.0,0.52,31,157,31,0,126,0,1.0,0.19745222929936307,20220829_090000.WAV,Foliage
112,1.0,0.53,28,157,28,0,129,0,1.0,0.17834394904458598,20220829_090000.WAV,Foliage
113,1.0,0.54,24,157,24,0,133,0,1.0,0.15286624203821655,20220829_090000.WAV,Foliage
114,1.0,0.55,15,157,15,0,142,0,1.0,0.09554140127388536,20220829_090000.WAV,Foliage
115,1.0,0.56,11,157,11,0,146,0,1.0,0.07006369426751592,20220829_090000.WAV,Foliage
116,1.0,0.57,10,157,10,0,147,0,1.0,0.06369426751592357,20220829_090000.WAV,Foliage
117,1.0,0.58,8,157,8,0,149,0,1.0,0.050955414012738856,20220829_090000.WAV,Foliage
118,1.0,0.59,6,157,6,0,151,0,1.0,0.03821656050955414,20220829_090000.WAV,Foliage
119,1.0,0.6,6,157,6,0,151,0,1.0,0.03821656050955414,20220829_090000.WAV,Foliage
120,2.0,0.01,1016,143,141,875,2,0,0.13877952755905512,0.986013986013986,20220829_090000.WAV,Foliage
121,2.0,0.02,1016,143,141,875,2,0,0.13877952755905512,0.986013986013986,20220829_090000.WAV,Foliage
122,2.0,0.03,503,143,141,362,2,0,0.2803180914512923,0.986013986013986,20220829_090000.WAV,Foliage
123,2.0,0.04,284,143,140,144,3,0,0.49295774647887325,0.9790209790209791,20220829_090000.WAV,Foliage
124,2.0,0.05,216,143,140,76,3,0,0.6481481481481481,0.9790209790209791,20220829_090000.WAV,Foliage
125,2.0,0.06,184,143,139,45,4,0,0.7554347826086957,0.972027972027972,20220829_090000.WAV,Foliage
126,2.0,0.07,172,143,139,33,4,0,0.8081395348837209,0.972027972027972,20220829_090000.WAV,Foliage
127,2.0,0.08,159,143,138,21,5,0,0.8679245283018868,0.965034965034965,20220829_090000.WAV,Foliage
128,2.0,0.09,158,143,137,21,6,0,0.8670886075949367,0.958041958041958,20220829_090000.WAV,Foliage
129,2.0,0.1,153,143,137,16,6,0,0.8954248366013072,0.958041958041958,20220829_090000.WAV,Foliage
130,2.0,0.11,151,143,136,15,7,0,0.9006622516556292,0.951048951048951,20220829_090000.WAV,Foliage
131,2.0,0.12,149,143,136,13,7,0,0.912751677852349,0.951048951048951,20220829_090000.WAV,Foliage
132,2.0,0.13,146,143,135,11,8,0,0.9246575342465754,0.9440559440559441,20220829_090000.WAV,Foliage
133,2.0,0.14,142,143,132,10,11,0,0.9295774647887324,0.9230769230769231,20220829_090000.WAV,Foliage
134,2.0,0.15,138,143,130,8,13,0,0.9420289855072463,0.9090909090909091,20220829_090000.WAV,Foliage
135,2.0,0.16,135,143,127,8,16,0,0.9407407407407408,0.8881118881118881,20220829_090000.WAV,Foliage
136,2.0,0.17,134,143,126,8,17,0,0.9402985074626866,0.8811188811188811,20220829_090000.WAV,Foliage
137,2.0,0.18,131,143,125,6,18,0,0.9541984732824428,0.8741258741258742,20220829_090000.WAV,Foliage
138,2.0,0.19,129,143,123,6,20,0,0.9534883720930233,0.8601398601398601,20220829_090000.WAV,Foliage
139,2.0,0.2,127,143,121,6,22,0,0.952755905511811,0.8461538461538461,20220829_090000.WAV,Foliage
140,2.0,0.21,125,143,119,6,24,0,0.952,0.8321678321678322,20220829_090000.WAV,Foliage
141,2.0,0.22,123,143,118,5,25,0,0.959349593495935,0.8251748251748252,20220829_090000.WAV,Foliage
142,2.0,0.23,122,143,117,5,26,0,0.9590163934426229,0.8181818181818182,20220829_090000.WAV,Foliage
143,2.0,0.24,122,143,117,5,26,0,0.9590163934426229,0.8181818181818182,20220829_090000.WAV,Foliage
144,2.0,0.25,122,143,117,5,26,0,0.9590163934426229,0.8181818181818182,20220829_090000.WAV,Foliage
145,2.0,0.26,121,143,116,5,27,0,0.9586776859504132,0.8111888111888111,20220829_090000.WAV,Foliage
146,2.0,0.27,119,143,114,5,29,0,0.957983193277311,0.7972027972027972,20220829_090000.WAV,Foliage
147,2.0,0.28,113,143,110,3,33,0,0.9734513274336283,0.7692307692307693,20220829_090000.WAV,Foliage
148,2.0,0.29,110,143,107,3,36,0,0.9727272727272728,0.7482517482517482,20220829_090000.WAV,Foliage
149,2.0,0.3,108,143,105,3,38,0,0.9722222222222222,0.7342657342657343,20220829_090000.WAV,Foliage
150,2.0,0.31,105,143,103,2,40,0,0.9809523809523809,0.7202797202797203,20220829_090000.WAV,Foliage
151,2.0,0.32,101,143,99,2,44,0,0.9801980198019802,0.6923076923076923,20220829_090000.WAV,Foliage
152,2.0,0.33,97,143,95,2,48,0,0.979381443298969,0.6643356643356644,20220829_090000.WAV,Foliage
153,2.0,0.34,95,143,93,2,50,0,0.9789473684210527,0.6503496503496503,20220829_090000.WAV,Foliage
154,2.0,0.35,90,143,88,2,55,0,0.9777777777777777,0.6153846153846154,20220829_090000.WAV,Foliage
155,2.0,0.36,88,143,86,2,57,0,0.9772727272727273,0.6013986013986014,20220829_090000.WAV,Foliage
156,2.0,0.37,87,143,85,2,58,0,0.9770114942528736,0.5944055944055944,20220829_090000.WAV,Foliage
157,2.0,0.38,81,143,79,2,64,0,0.9753086419753086,0.5524475524475524,20220829_090000.WAV,Foliage
158,2.0,0.39,78,143,76,2,67,0,0.9743589743589743,0.5314685314685315,20220829_090000.WAV,Foliage
159,2.0,0.4,73,143,72,1,71,0,0.9863013698630136,0.5034965034965035,20220829_090000.WAV,Foliage
160,2.0,0.41,66,143,65,1,78,0,0.9848484848484849,0.45454545454545453,20220829_090000.WAV,Foliage
161,2.0,0.42,58,143,57,1,86,0,0.9827586206896551,0.3986013986013986,20220829_090000.WAV,Foliage
162,2.0,0.43,55,143,54,1,89,0,0.9818181818181818,0.3776223776223776,20220829_090000.WAV,Foliage
163,2.0,0.44,53,143,52,1,91,0,0.9811320754716981,0.36363636363636365,20220829_090000.WAV,Foliage
164,2.0,0.45,50,143,49,1,94,0,0.98,0.34265734265734266,20220829_090000.WAV,Foliage
165,2.0,0.46,48,143,48,0,95,0,1.0,0.3356643356643357,20220829_090000.WAV,Foliage
166,2.0,0.47,48,143,48,0,95,0,1.0,0.3356643356643357,20220829_090000.WAV,Foliage
167,2.0,0.48,44,143,44,0,99,0,1.0,0.3076923076923077,20220829_090000.WAV,Foliage
168,2.0,0.49,40,143,40,0,103,0,1.0,0.27972027972027974,20220829_090000.WAV,Foliage
169,2.0,0.5,37,143,37,0,106,0,1.0,0.25874125874125875,20220829_090000.WAV,Foliage
170,2.0,0.51,33,143,33,0,110,0,1.0,0.23076923076923078,20220829_090000.WAV,Foliage
171,2.0,0.52,30,143,30,0,113,0,1.0,0.2097902097902098,20220829_090000.WAV,Foliage
172,2.0,0.53,27,143,27,0,116,0,1.0,0.1888111888111888,20220829_090000.WAV,Foliage
173,2.0,0.54,23,143,23,0,120,0,1.0,0.16083916083916083,20220829_090000.WAV,Foliage
174,2.0,0.55,14,143,14,0,129,0,1.0,0.0979020979020979,20220829_090000.WAV,Foliage
175,2.0,0.56,10,143,10,0,133,0,1.0,0.06993006993006994,20220829_090000.WAV,Foliage
176,2.0,0.57,9,143,9,0,134,0,1.0,0.06293706293706294,20220829_090000.WAV,Foliage
177,2.0,0.58,7,143,7,0,136,0,1.0,0.04895104895104895,20220829_090000.WAV,Foliage
178,2.0,0.59,6,143,6,0,137,0,1.0,0.04195804195804196,20220829_090000.WAV,Foliage
179,2.0,0.6,6,143,6,0,137,0,1.0,0.04195804195804196,20220829_090000.WAV,Foliage
180,3.0,0.01,237,118,118,119,0,0,0.4978902953586498,1.0,20220829_090000.WAV,Foliage
181,3.0,0.02,237,118,118,119,0,0,0.4978902953586498,1.0,20220829_090000.WAV,Foliage
182,3.0,0.03,185,118,118,67,0,0,0.6378378378378379,1.0,20220829_090000.WAV,Foliage
183,3.0,0.04,164,118,118,46,0,0,0.7195121951219512,1.0,20220829_090000.WAV,Foliage
184,3.0,0.05,153,118,118,35,0,0,0.7712418300653595,1.0,20220829_090000.WAV,Foliage
185,3.0,0.06,149,118,118,31,0,0,0.7919463087248322,1.0,20220829_090000.WAV,Foliage
186,3.0,0.07,147,118,118,29,0,0,0.8027210884353742,1.0,20220829_090000.WAV,Foliage
187,3.0,0.08,146,118,118,28,0,0,0.8082191780821918,1.0,20220829_090000.WAV,Foliage
188,3.0,0.09,145,118,118,27,0,0,0.8137931034482758,1.0,20220829_090000.WAV,Foliage
189,3.0,0.1,144,118,118,26,0,0,0.8194444444444444,1.0,20220829_090000.WAV,Foliage
190,3.0,0.11,143,118,117,26,1,0,0.8181818181818182,0.9915254237288136,20220829_090000.WAV,Foliage
191,3.0,0.12,142,118,117,25,1,0,0.823943661971831,0.9915254237288136,20220829_090000.WAV,Foliage
192,3.0,0.13,141,118,116,25,2,0,0.8226950354609929,0.9830508474576272,20220829_090000.WAV,Foliage
193,3.0,0.14,138,118,115,23,3,0,0.8333333333333334,0.9745762711864406,20220829_090000.WAV,Foliage
194,3.0,0.15,135,118,113,22,5,0,0.837037037037037,0.9576271186440678,20220829_090000.WAV,Foliage
195,3.0,0.16,132,118,111,21,7,0,0.8409090909090909,0.940677966101695,20220829_090000.WAV,Foliage
196,3.0,0.17,131,118,111,20,7,0,0.8473282442748091,0.940677966101695,20220829_090000.WAV,Foliage
197,3.0,0.18,129,118,110,19,8,0,0.8527131782945736,0.9322033898305084,20220829_090000.WAV,Foliage
198,3.0,0.19,127,118,108,19,10,0,0.8503937007874016,0.9152542372881356,20220829_090000.WAV,Foliage
199,3.0,0.2,125,118,107,18,11,0,0.856,0.9067796610169492,20220829_090000.WAV,Foliage
200,3.0,0.21,123,118,107,16,11,0,0.8699186991869918,0.9067796610169492,20220829_090000.WAV,Foliage
201,3.0,0.22,121,118,106,15,12,0,0.8760330578512396,0.8983050847457628,20220829_090000.WAV,Foliage
202,3.0,0.23,120,118,105,15,13,0,0.875,0.8898305084745762,20220829_090000.WAV,Foliage
203,3.0,0.24,120,118,105,15,13,0,0.875,0.8898305084745762,20220829_090000.WAV,Foliage
204,3.0,0.25,120,118,105,15,13,0,0.875,0.8898305084745762,20220829_090000.WAV,Foliage
205,3.0,0.26,119,118,105,14,13,0,0.8823529411764706,0.8898305084745762,20220829_090000.WAV,Foliage
206,3.0,0.27,117,118,104,13,14,0,0.8888888888888888,0.8813559322033898,20220829_090000.WAV,Foliage
207,3.0,0.28,111,118,101,10,17,0,0.9099099099099099,0.8559322033898306,20220829_090000.WAV,Foliage
208,3.0,0.29,108,118,98,10,20,0,0.9074074074074074,0.8305084745762712,20220829_090000.WAV,Foliage
209,3.0,0.3,106,118,96,10,22,0,0.9056603773584906,0.8135593220338984,20220829_090000.WAV,Foliage
210,3.0,0.31,103,118,94,9,24,0,0.912621359223301,0.7966101694915254,20220829_090000.WAV,Foliage
211,3.0,0.32,99,118,91,8,27,0,0.9191919191919192,0.7711864406779662,20220829_090000.WAV,Foliage
212,3.0,0.33,95,118,87,8,31,0,0.9157894736842105,0.7372881355932204,20220829_090000.WAV,Foliage
213,3.0,0.34,93,118,85,8,33,0,0.9139784946236559,0.7203389830508474,20220829_090000.WAV,Foliage
214,3.0,0.35,88,118,82,6,36,0,0.9318181818181818,0.6949152542372882,20220829_090000.WAV,Foliage
215,3.0,0.36,86,118,80,6,38,0,0.9302325581395349,0.6779661016949152,20220829_090000.WAV,Foliage
216,3.0,0.37,85,118,79,6,39,0,0.9294117647058824,0.6694915254237288,20220829_090000.WAV,Foliage
217,3.0,0.38,79,118,73,6,45,0,0.9240506329113924,0.6186440677966102,20220829_090000.WAV,Foliage
218,3.0,0.39,76,118,70,6,48,0,0.9210526315789473,0.5932203389830508,20220829_090000.WAV,Foliage
219,3.0,0.4,72,118,67,5,51,0,0.9305555555555556,0.5677966101694916,20220829_090000.WAV,Foliage
220,3.0,0.41,65,118,62,3,56,0,0.9538461538461539,0.5254237288135594,20220829_090000.WAV,Foliage
221,3.0,0.42,57,118,54,3,64,0,0.9473684210526315,0.4576271186440678,20220829_090000.WAV,Foliage
222,3.0,0.43,54,118,51,3,67,0,0.9444444444444444,0.4322033898305085,20220829_090000.WAV,Foliage
223,3.0,0.44,52,118,49,3,69,0,0.9423076923076923,0.4152542372881356,20220829_090000.WAV,Foliage
224,3.0,0.45,49,118,46,3,72,0,0.9387755102040817,0.3898305084745763,20220829_090000.WAV,Foliage
225,3.0,0.46,47,118,45,2,73,0,0.9574468085106383,0.3813559322033898,20220829_090000.WAV,Foliage
226,3.0,0.47,47,118,45,2,73,0,0.9574468085106383,0.3813559322033898,20220829_090000.WAV,Foliage
227,3.0,0.48,43,118,41,2,77,0,0.9534883720930233,0.3474576271186441,20220829_090000.WAV,Foliage
228,3.0,0.49,39,118,38,1,80,0,0.9743589743589743,0.3220338983050847,20220829_090000.WAV,Foliage
229,3.0,0.5,36,118,36,0,82,0,1.0,0.3050847457627119,20220829_090000.WAV,Foliage
230,3.0,0.51,32,118,32,0,86,0,1.0,0.2711864406779661,20220829_090000.WAV,Foliage
231,3.0,0.52,29,118,29,0,89,0,1.0,0.2457627118644068,20220829_090000.WAV,Foliage
232,3.0,0.53,26,118,26,0,92,0,1.0,0.22033898305084745,20220829_090000.WAV,Foliage
233,3.0,0.54,22,118,22,0,96,0,1.0,0.1864406779661017,20220829_090000.WAV,Foliage
234,3.0,0.55,13,118,13,0,105,0,1.0,0.11016949152542373,20220829_090000.WAV,Foliage
235,3.0,0.56,10,118,10,0,108,0,1.0,0.0847457627118644,20220829_090000.WAV,Foliage
236,3.0,0.57,9,118,9,0,109,0,1.0,0.07627118644067797,20220829_090000.WAV,Foliage
237,3.0,0.58,7,118,7,0,111,0,1.0,0.059322033898305086,20220829_090000.WAV,Foliage
238,3.0,0.59,6,118,6,0,112,0,1.0,0.05084745762711865,20220829_090000.WAV,Foliage
239,3.0,0.6,6,118,6,0,112,0,1.0,0.05084745762711865,20220829_090000.WAV,Foliage
240,4.0,0.01,132,103,103,29,0,0,0.7803030303030303,1.0,20220829_090000.WAV,Foliage
241,4.0,0.02,132,103,103,29,0,0,0.7803030303030303,1.0,20220829_090000.WAV,Foliage
242,4.0,0.03,132,103,103,29,0,0,0.7803030303030303,1.0,20220829_090000.WAV,Foliage
243,4.0,0.04,132,103,103,29,0,0,0.7803030303030303,1.0,20220829_090000.WAV,Foliage
244,4.0,0.05,132,103,103,29,0,0,0.7803030303030303,1.0,20220829_090000.WAV,Foliage
245,4.0,0.06,130,103,103,27,0,0,0.7923076923076923,1.0,20220829_090000.WAV,Foliage
246,4.0,0.07,130,103,103,27,0,0,0.7923076923076923,1.0,20220829_090000.WAV,Foliage
247,4.0,0.08,130,103,103,27,0,0,0.7923076923076923,1.0,20220829_090000.WAV,Foliage
248,4.0,0.09,130,103,103,27,0,0,0.7923076923076923,1.0,20220829_090000.WAV,Foliage
249,4.0,0.1,129,103,103,26,0,0,0.7984496124031008,1.0,20220829_090000.WAV,Foliage
250,4.0,0.11,128,103,102,26,1,0,0.796875,0.9902912621359223,20220829_090000.WAV,Foliage
251,4.0,0.12,128,103,102,26,1,0,0.796875,0.9902912621359223,20220829_090000.WAV,Foliage
252,4.0,0.13,128,103,102,26,1,0,0.796875,0.9902912621359223,20220829_090000.WAV,Foliage
253,4.0,0.14,126,103,102,24,1,0,0.8095238095238095,0.9902912621359223,20220829_090000.WAV,Foliage
254,4.0,0.15,123,103,101,22,2,0,0.8211382113821138,0.9805825242718447,20220829_090000.WAV,Foliage
255,4.0,0.16,120,103,101,19,2,0,0.8416666666666667,0.9805825242718447,20220829_090000.WAV,Foliage
256,4.0,0.17,120,103,101,19,2,0,0.8416666666666667,0.9805825242718447,20220829_090000.WAV,Foliage
257,4.0,0.18,118,103,100,18,3,0,0.847457627118644,0.970873786407767,20220829_090000.WAV,Foliage
258,4.0,0.19,116,103,98,18,5,0,0.8448275862068966,0.9514563106796117,20220829_090000.WAV,Foliage
259,4.0,0.2,115,103,98,17,5,0,0.8521739130434782,0.9514563106796117,20220829_090000.WAV,Foliage
260,4.0,0.21,114,103,98,16,5,0,0.8596491228070176,0.9514563106796117,20220829_090000.WAV,Foliage
261,4.0,0.22,113,103,97,16,6,0,0.8584070796460177,0.941747572815534,20220829_090000.WAV,Foliage
262,4.0,0.23,112,103,96,16,7,0,0.8571428571428571,0.9320388349514563,20220829_090000.WAV,Foliage
263,4.0,0.24,112,103,96,16,7,0,0.8571428571428571,0.9320388349514563,20220829_090000.WAV,Foliage
264,4.0,0.25,112,103,96,16,7,0,0.8571428571428571,0.9320388349514563,20220829_090000.WAV,Foliage
265,4.0,0.26,111,103,96,15,7,0,0.8648648648648649,0.9320388349514563,20220829_090000.WAV,Foliage
266,4.0,0.27,110,103,95,15,8,0,0.8636363636363636,0.9223300970873787,20220829_090000.WAV,Foliage
267,4.0,0.28,106,103,93,13,10,0,0.8773584905660378,0.9029126213592233,20220829_090000.WAV,Foliage
268,4.0,0.29,103,103,91,12,12,0,0.883495145631068,0.883495145631068,20220829_090000.WAV,Foliage
269,4.0,0.3,101,103,89,12,14,0,0.8811881188118812,0.8640776699029126,20220829_090000.WAV,Foliage
270,4.0,0.31,98,103,87,11,16,0,0.8877551020408163,0.8446601941747572,20220829_090000.WAV,Foliage
271,4.0,0.32,94,103,84,10,19,0,0.8936170212765957,0.8155339805825242,20220829_090000.WAV,Foliage
272,4.0,0.33,90,103,80,10,23,0,0.8888888888888888,0.7766990291262136,20220829_090000.WAV,Foliage
273,4.0,0.34,88,103,78,10,25,0,0.8863636363636364,0.7572815533980582,20220829_090000.WAV,Foliage
274,4.0,0.35,83,103,76,7,27,0,0.9156626506024096,0.7378640776699029,20220829_090000.WAV,Foliage
275,4.0,0.36,81,103,74,7,29,0,0.9135802469135802,0.7184466019417476,20220829_090000.WAV,Foliage
276,4.0,0.37,80,103,73,7,30,0,0.9125,0.7087378640776699,20220829_090000.WAV,Foliage
277,4.0,0.38,74,103,68,6,35,0,0.918918918918919,0.6601941747572816,20220829_090000.WAV,Foliage
278,4.0,0.39,71,103,65,6,38,0,0.9154929577464789,0.6310679611650486,20220829_090000.WAV,Foliage
279,4.0,0.4,67,103,62,5,41,0,0.9253731343283582,0.6019417475728155,20220829_090000.WAV,Foliage
280,4.0,0.41,61,103,57,4,46,0,0.9344262295081968,0.5533980582524272,20220829_090000.WAV,Foliage
281,4.0,0.42,53,103,49,4,54,0,0.9245283018867925,0.47572815533980584,20220829_090000.WAV,Foliage
282,4.0,0.43,50,103,46,4,57,0,0.92,0.44660194174757284,20220829_090000.WAV,Foliage
283,4.0,0.44,48,103,45,3,58,0,0.9375,0.4368932038834951,20220829_090000.WAV,Foliage
284,4.0,0.45,45,103,42,3,61,0,0.9333333333333333,0.4077669902912621,20220829_090000.WAV,Foliage
285,4.0,0.46,43,103,41,2,62,0,0.9534883720930233,0.39805825242718446,20220829_090000.WAV,Foliage
286,4.0,0.47,43,103,41,2,62,0,0.9534883720930233,0.39805825242718446,20220829_090000.WAV,Foliage
287,4.0,0.48,39,103,37,2,66,0,0.9487179487179487,0.3592233009708738,20220829_090000.WAV,Foliage
288,4.0,0.49,36,103,34,2,69,0,0.9444444444444444,0.3300970873786408,20220829_090000.WAV,Foliage
289,4.0,0.5,33,103,33,0,70,0,1.0,0.32038834951456313,20220829_090000.WAV,Foliage
290,4.0,0.51,29,103,29,0,74,0,1.0,0.2815533980582524,20220829_090000.WAV,Foliage
291,4.0,0.52,26,103,26,0,77,0,1.0,0.2524271844660194,20220829_090000.WAV,Foliage
292,4.0,0.53,23,103,23,0,80,0,1.0,0.22330097087378642,20220829_090000.WAV,Foliage
293,4.0,0.54,19,103,19,0,84,0,1.0,0.18446601941747573,20220829_090000.WAV,Foliage
294,4.0,0.55,12,103,12,0,91,0,1.0,0.11650485436893204,20220829_090000.WAV,Foliage
295,4.0,0.56,10,103,10,0,93,0,1.0,0.0970873786407767,20220829_090000.WAV,Foliage
296,4.0,0.57,9,103,9,0,94,0,1.0,0.08737864077669903,20220829_090000.WAV,Foliage
297,4.0,0.58,7,103,7,0,96,0,1.0,0.06796116504854369,20220829_090000.WAV,Foliage
298,4.0,0.59,6,103,6,0,97,0,1.0,0.05825242718446602,20220829_090000.WAV,Foliage
299,4.0,0.6,6,103,6,0,97,0,1.0,0.05825242718446602,20220829_090000.WAV,Foliage
300,5.0,0.01,107,90,90,17,0,0,0.8411214953271028,1.0,20220829_090000.WAV,Foliage
301,5.0,0.02,107,90,90,17,0,0,0.8411214953271028,1.0,20220829_090000.WAV,Foliage
302,5.0,0.03,107,90,90,17,0,0,0.8411214953271028,1.0,20220829_090000.WAV,Foliage
303,5.0,0.04,107,90,90,17,0,0,0.8411214953271028,1.0,20220829_090000.WAV,Foliage
304,5.0,0.05,107,90,90,17,0,0,0.8411214953271028,1.0,20220829_090000.WAV,Foliage
305,5.0,0.06,107,90,90,17,0,0,0.8411214953271028,1.0,20220829_090000.WAV,Foliage
306,5.0,0.07,107,90,90,17,0,0,0.8411214953271028,1.0,20220829_090000.WAV,Foliage
307,5.0,0.08,107,90,90,17,0,0,0.8411214953271028,1.0,20220829_090000.WAV,Foliage
308,5.0,0.09,107,90,90,17,0,0,0.8411214953271028,1.0,20220829_090000.WAV,Foliage
309,5.0,0.1,106,90,90,16,0,0,0.8490566037735849,1.0,20220829_090000.WAV,Foliage
310,5.0,0.11,105,90,89,16,1,0,0.8476190476190476,0.9888888888888889,20220829_090000.WAV,Foliage
311,5.0,0.12,105,90,89,16,1,0,0.8476190476190476,0.9888888888888889,20220829_090000.WAV,Foliage
312,5.0,0.13,105,90,89,16,1,0,0.8476190476190476,0.9888888888888889,20220829_090000.WAV,Foliage
313,5.0,0.14,104,90,89,15,1,0,0.8557692307692307,0.9888888888888889,20220829_090000.WAV,Foliage
314,5.0,0.15,104,90,89,15,1,0,0.8557692307692307,0.9888888888888889,20220829_090000.WAV,Foliage
315,5.0,0.16,104,90,89,15,1,0,0.8557692307692307,0.9888888888888889,20220829_090000.WAV,Foliage
316,5.0,0.17,104,90,89,15,1,0,0.8557692307692307,0.9888888888888889,20220829_090000.WAV,Foliage
317,5.0,0.18,102,90,89,13,1,0,0.8725490196078431,0.9888888888888889,20220829_090000.WAV,Foliage
318,5.0,0.19,100,90,87,13,3,0,0.87,0.9666666666666667,20220829_090000.WAV,Foliage
319,5.0,0.2,100,90,87,13,3,0,0.87,0.9666666666666667,20220829_090000.WAV,Foliage
320,5.0,0.21,100,90,87,13,3,0,0.87,0.9666666666666667,20220829_090000.WAV,Foliage
321,5.0,0.22,99,90,86,13,4,0,0.8686868686868687,0.9555555555555556,20220829_090000.WAV,Foliage
322,5.0,0.23,98,90,85,13,5,0,0.8673469387755102,0.9444444444444444,20220829_090000.WAV,Foliage
323,5.0,0.24,98,90,85,13,5,0,0.8673469387755102,0.9444444444444444,20220829_090000.WAV,Foliage
324,5.0,0.25,98,90,85,13,5,0,0.8673469387755102,0.9444444444444444,20220829_090000.WAV,Foliage
325,5.0,0.26,97,90,85,12,5,0,0.8762886597938144,0.9444444444444444,20220829_090000.WAV,Foliage
326,5.0,0.27,97,90,85,12,5,0,0.8762886597938144,0.9444444444444444,20220829_090000.WAV,Foliage
327,5.0,0.28,94,90,83,11,7,0,0.8829787234042553,0.9222222222222223,20220829_090000.WAV,Foliage
328,5.0,0.29,91,90,81,10,9,0,0.8901098901098901,0.9,20220829_090000.WAV,Foliage
329,5.0,0.3,89,90,80,9,10,0,0.898876404494382,0.8888888888888888,20220829_090000.WAV,Foliage
330,5.0,0.31,87,90,79,8,11,0,0.9080459770114943,0.8777777777777778,20220829_090000.WAV,Foliage
331,5.0,0.32,84,90,76,8,14,0,0.9047619047619048,0.8444444444444444,20220829_090000.WAV,Foliage
332,5.0,0.33,80,90,72,8,18,0,0.9,0.8,20220829_090000.WAV,Foliage
333,5.0,0.34,78,90,70,8,20,0,0.8974358974358975,0.7777777777777778,20220829_090000.WAV,Foliage
334,5.0,0.35,74,90,68,6,22,0,0.918918918918919,0.7555555555555555,20220829_090000.WAV,Foliage
335,5.0,0.36,72,90,66,6,24,0,0.9166666666666666,0.7333333333333333,20220829_090000.WAV,Foliage
336,5.0,0.37,71,90,65,6,25,0,0.9154929577464789,0.7222222222222222,20220829_090000.WAV,Foliage
337,5.0,0.38,66,90,61,5,29,0,0.9242424242424242,0.6777777777777778,20220829_090000.WAV,Foliage
338,5.0,0.39,63,90,58,5,32,0,0.9206349206349206,0.6444444444444445,20220829_090000.WAV,Foliage
339,5.0,0.4,60,90,55,5,35,0,0.9166666666666666,0.6111111111111112,20220829_090000.WAV,Foliage
340,5.0,0.41,56,90,52,4,38,0,0.9285714285714286,0.5777777777777777,20220829_090000.WAV,Foliage
341,5.0,0.42,48,90,45,3,45,0,0.9375,0.5,20220829_090000.WAV,Foliage
342,5.0,0.43,45,90,44,1,46,0,0.9777777777777777,0.4888888888888889,20220829_090000.WAV,Foliage
343,5.0,0.44,43,90,43,0,47,0,1.0,0.4777777777777778,20220829_090000.WAV,Foliage
344,5.0,0.45,40,90,40,0,50,0,1.0,0.4444444444444444,20220829_090000.WAV,Foliage
345,5.0,0.46,39,90,39,0,51,0,1.0,0.43333333333333335,20220829_090000.WAV,Foliage
346,5.0,0.47,39,90,39,0,51,0,1.0,0.43333333333333335,20220829_090000.WAV,Foliage
347,5.0,0.48,35,90,35,0,55,0,1.0,0.3888888888888889,20220829_090000.WAV,Foliage
348,5.0,0.49,32,90,32,0,58,0,1.0,0.35555555555555557,20220829_090000.WAV,Foliage
349,5.0,0.5,31,90,31,0,59,0,1.0,0.34444444444444444,20220829_090000.WAV,Foliage
350,5.0,0.51,27,90,27,0,63,0,1.0,0.3,20220829_090000.WAV,Foliage
351,5.0,0.52,24,90,24,0,66,0,1.0,0.26666666666666666,20220829_090000.WAV,Foliage
352,5.0,0.53,21,90,21,0,69,0,1.0,0.23333333333333334,20220829_090000.WAV,Foliage
353,5.0,0.54,17,90,17,0,73,0,1.0,0.18888888888888888,20220829_090000.WAV,Foliage
354,5.0,0.55,10,90,10,0,80,0,1.0,0.1111111111111111,20220829_090000.WAV,Foliage
355,5.0,0.56,8,90,8,0,82,0,1.0,0.08888888888888889,20220829_090000.WAV,Foliage
356,5.0,0.57,7,90,7,0,83,0,1.0,0.07777777777777778,20220829_090000.WAV,Foliage
357,5.0,0.58,6,90,6,0,84,0,1.0,0.06666666666666667,20220829_090000.WAV,Foliage
358,5.0,0.59,5,90,5,0,85,0,1.0,0.05555555555555555,20220829_090000.WAV,Foliage
359,5.0,0.6,5,90,5,0,85,0,1.0,0.05555555555555555,20220829_090000.WAV,Foliage
360,6.0,0.01,99,77,77,22,0,0,0.7777777777777778,1.0,20220829_090000.WAV,Foliage
361,6.0,0.02,99,77,77,22,0,0,0.7777777777777778,1.0,20220829_090000.WAV,Foliage
362,6.0,0.03,99,77,77,22,0,0,0.7777777777777778,1.0,20220829_090000.WAV,Foliage
363,6.0,0.04,99,77,77,22,0,0,0.7777777777777778,1.0,20220829_090000.WAV,Foliage
364,6.0,0.05,99,77,77,22,0,0,0.7777777777777778,1.0,20220829_090000.WAV,Foliage
365,6.0,0.06,99,77,77,22,0,0,0.7777777777777778,1.0,20220829_090000.WAV,Foliage
366,6.0,0.07,99,77,77,22,0,0,0.7777777777777778,1.0,20220829_090000.WAV,Foliage
367,6.0,0.08,99,77,77,22,0,0,0.7777777777777778,1.0,20220829_090000.WAV,Foliage
368,6.0,0.09,99,77,77,22,0,0,0.7777777777777778,1.0,20220829_090000.WAV,Foliage
369,6.0,0.1,99,77,77,22,0,0,0.7777777777777778,1.0,20220829_090000.WAV,Foliage
370,6.0,0.11,98,77,77,21,0,0,0.7857142857142857,1.0,20220829_090000.WAV,Foliage
371,6.0,0.12,98,77,77,21,0,0,0.7857142857142857,1.0,20220829_090000.WAV,Foliage
372,6.0,0.13,98,77,77,21,0,0,0.7857142857142857,1.0,20220829_090000.WAV,Foliage
373,6.0,0.14,98,77,77,21,0,0,0.7857142857142857,1.0,20220829_090000.WAV,Foliage
374,6.0,0.15,98,77,77,21,0,0,0.7857142857142857,1.0,20220829_090000.WAV,Foliage
375,6.0,0.16,98,77,77,21,0,0,0.7857142857142857,1.0,20220829_090000.WAV,Foliage
376,6.0,0.17,98,77,77,21,0,0,0.7857142857142857,1.0,20220829_090000.WAV,Foliage
377,6.0,0.18,96,77,77,19,0,0,0.8020833333333334,1.0,20220829_090000.WAV,Foliage
378,6.0,0.19,94,77,76,18,1,0,0.8085106382978723,0.987012987012987,20220829_090000.WAV,Foliage
379,6.0,0.2,94,77,76,18,1,0,0.8085106382978723,0.987012987012987,20220829_090000.WAV,Foliage
380,6.0,0.21,94,77,76,18,1,0,0.8085106382978723,0.987012987012987,20220829_090000.WAV,Foliage
381,6.0,0.22,94,77,76,18,1,0,0.8085106382978723,0.987012987012987,20220829_090000.WAV,Foliage
382,6.0,0.23,93,77,75,18,2,0,0.8064516129032258,0.974025974025974,20220829_090000.WAV,Foliage
383,6.0,0.24,93,77,75,18,2,0,0.8064516129032258,0.974025974025974,20220829_090000.WAV,Foliage
384,6.0,0.25,93,77,75,18,2,0,0.8064516129032258,0.974025974025974,20220829_090000.WAV,Foliage
385,6.0,0.26,93,77,75,18,2,0,0.8064516129032258,0.974025974025974,20220829_090000.WAV,Foliage
386,6.0,0.27,93,77,75,18,2,0,0.8064516129032258,0.974025974025974,20220829_090000.WAV,Foliage
387,6.0,0.28,90,77,73,17,4,0,0.8111111111111111,0.948051948051948,20220829_090000.WAV,Foliage
388,6.0,0.29,87,77,71,16,6,0,0.8160919540229885,0.922077922077922,20220829_090000.WAV,Foliage
389,6.0,0.3,85,77,70,15,7,0,0.8235294117647058,0.9090909090909091,20220829_090000.WAV,Foliage
390,6.0,0.31,83,77,69,14,8,0,0.8313253012048193,0.8961038961038961,20220829_090000.WAV,Foliage
391,6.0,0.32,80,77,68,12,9,0,0.85,0.8831168831168831,20220829_090000.WAV,Foliage
392,6.0,0.33,76,77,65,11,12,0,0.8552631578947368,0.8441558441558441,20220829_090000.WAV,Foliage
393,6.0,0.34,74,77,63,11,14,0,0.8513513513513513,0.8181818181818182,20220829_090000.WAV,Foliage
394,6.0,0.35,70,77,61,9,16,0,0.8714285714285714,0.7922077922077922,20220829_090000.WAV,Foliage
395,6.0,0.36,68,77,59,9,18,0,0.8676470588235294,0.7662337662337663,20220829_090000.WAV,Foliage
396,6.0,0.37,67,77,58,9,19,0,0.8656716417910447,0.7532467532467533,20220829_090000.WAV,Foliage
397,6.0,0.38,62,77,55,7,22,0,0.8870967741935484,0.7142857142857143,20220829_090000.WAV,Foliage
398,6.0,0.39,59,77,53,6,24,0,0.8983050847457628,0.6883116883116883,20220829_090000.WAV,Foliage
399,6.0,0.4,57,77,51,6,26,0,0.8947368421052632,0.6623376623376623,20220829_090000.WAV,Foliage
400,6.0,0.41,53,77,49,4,28,0,0.9245283018867925,0.6363636363636364,20220829_090000.WAV,Foliage
401,6.0,0.42,46,77,43,3,34,0,0.9347826086956522,0.5584415584415584,20220829_090000.WAV,Foliage
402,6.0,0.43,44,77,42,2,35,0,0.9545454545454546,0.5454545454545454,20220829_090000.WAV,Foliage
403,6.0,0.44,43,77,42,1,35,0,0.9767441860465116,0.5454545454545454,20220829_090000.WAV,Foliage
404,6.0,0.45,40,77,39,1,38,0,0.975,0.5064935064935064,20220829_090000.WAV,Foliage
405,6.0,0.46,39,77,39,0,38,0,1.0,0.5064935064935064,20220829_090000.WAV,Foliage
406,6.0,0.47,39,77,39,0,38,0,1.0,0.5064935064935064,20220829_090000.WAV,Foliage
407,6.0,0.48,35,77,35,0,42,0,1.0,0.45454545454545453,20220829_090000.WAV,Foliage
408,6.0,0.49,32,77,32,0,45,0,1.0,0.4155844155844156,20220829_090000.WAV,Foliage
409,6.0,0.5,31,77,31,0,46,0,1.0,0.4025974025974026,20220829_090000.WAV,Foliage
410,6.0,0.51,27,77,27,0,50,0,1.0,0.35064935064935066,20220829_090000.WAV,Foliage
411,6.0,0.52,24,77,24,0,53,0,1.0,0.3116883116883117,20220829_090000.WAV,Foliage
412,6.0,0.53,21,77,21,0,56,0,1.0,0.2727272727272727,20220829_090000.WAV,Foliage
413,6.0,0.54,17,77,17,0,60,0,1.0,0.22077922077922077,20220829_090000.WAV,Foliage
414,6.0,0.55,10,77,10,0,67,0,1.0,0.12987012987012986,20220829_090000.WAV,Foliage
415,6.0,0.56,8,77,8,0,69,0,1.0,0.1038961038961039,20220829_090000.WAV,Foliage
416,6.0,0.57,7,77,7,0,70,0,1.0,0.09090909090909091,20220829_090000.WAV,Foliage
417,6.0,0.58,6,77,6,0,71,0,1.0,0.07792207792207792,20220829_090000.WAV,Foliage
418,6.0,0.59,5,77,5,0,72,0,1.0,0.06493506493506493,20220829_090000.WAV,Foliage
419,6.0,0.6,5,77,5,0,72,0,1.0,0.06493506493506493,20220829_090000.WAV,Foliage
420,7.0,0.01,84,73,72,12,1,0,0.8571428571428571,0.9863013698630136,20220829_090000.WAV,Foliage
421,7.0,0.02,84,73,72,12,1,0,0.8571428571428571,0.9863013698630136,20220829_090000.WAV,Foliage
422,7.0,0.03,84,73,72,12,1,0,0.8571428571428571,0.9863013698630136,20220829_090000.WAV,Foliage
423,7.0,0.04,84,73,72,12,1,0,0.8571428571428571,0.9863013698630136,20220829_090000.WAV,Foliage
424,7.0,0.05,84,73,72,12,1,0,0.8571428571428571,0.9863013698630136,20220829_090000.WAV,Foliage
425,7.0,0.06,84,73,72,12,1,0,0.8571428571428571,0.9863013698630136,20220829_090000.WAV,Foliage
426,7.0,0.07,84,73,72,12,1,0,0.8571428571428571,0.9863013698630136,20220829_090000.WAV,Foliage
427,7.0,0.08,84,73,72,12,1,0,0.8571428571428571,0.9863013698630136,20220829_090000.WAV,Foliage
428,7.0,0.09,84,73,72,12,1,0,0.8571428571428571,0.9863013698630136,20220829_090000.WAV,Foliage
429,7.0,0.1,84,73,72,12,1,0,0.8571428571428571,0.9863013698630136,20220829_090000.WAV,Foliage
430,7.0,0.11,83,73,72,11,1,0,0.8674698795180723,0.9863013698630136,20220829_090000.WAV,Foliage
431,7.0,0.12,83,73,72,11,1,0,0.8674698795180723,0.9863013698630136,20220829_090000.WAV,Foliage
432,7.0,0.13,83,73,72,11,1,0,0.8674698795180723,0.9863013698630136,20220829_090000.WAV,Foliage
433,7.0,0.14,83,73,72,11,1,0,0.8674698795180723,0.9863013698630136,20220829_090000.WAV,Foliage
434,7.0,0.15,83,73,72,11,1,0,0.8674698795180723,0.9863013698630136,20220829_090000.WAV,Foliage
435,7.0,0.16,83,73,72,11,1,0,0.8674698795180723,0.9863013698630136,20220829_090000.WAV,Foliage
436,7.0,0.17,83,73,72,11,1,0,0.8674698795180723,0.9863013698630136,20220829_090000.WAV,Foliage
437,7.0,0.18,83,73,72,11,1,0,0.8674698795180723,0.9863013698630136,20220829_090000.WAV,Foliage
438,7.0,0.19,82,73,71,11,2,0,0.8658536585365854,0.9726027397260274,20220829_090000.WAV,Foliage
439,7.0,0.2,82,73,71,11,2,0,0.8658536585365854,0.9726027397260274,20220829_090000.WAV,Foliage
440,7.0,0.21,82,73,71,11,2,0,0.8658536585365854,0.9726027397260274,20220829_090000.WAV,Foliage
441,7.0,0.22,82,73,71,11,2,0,0.8658536585365854,0.9726027397260274,20220829_090000.WAV,Foliage
442,7.0,0.23,81,73,70,11,3,0,0.8641975308641975,0.958904109589041,20220829_090000.WAV,Foliage
443,7.0,0.24,81,73,70,11,3,0,0.8641975308641975,0.958904109589041,20220829_090000.WAV,Foliage
444,7.0,0.25,81,73,70,11,3,0,0.8641975308641975,0.958904109589041,20220829_090000.WAV,Foliage
445,7.0,0.26,81,73,70,11,3,0,0.8641975308641975,0.958904109589041,20220829_090000.WAV,Foliage
446,7.0,0.27,81,73,70,11,3,0,0.8641975308641975,0.958904109589041,20220829_090000.WAV,Foliage
447,7.0,0.28,79,73,68,11,5,0,0.8607594936708861,0.9315068493150684,20220829_090000.WAV,Foliage
448,7.0,0.29,77,73,66,11,7,0,0.8571428571428571,0.9041095890410958,20220829_090000.WAV,Foliage
449,7.0,0.3,75,73,65,10,8,0,0.8666666666666667,0.8904109589041096,20220829_090000.WAV,Foliage
450,7.0,0.31,74,73,64,10,9,0,0.8648648648648649,0.8767123287671232,20220829_090000.WAV,Foliage
451,7.0,0.32,71,73,63,8,10,0,0.8873239436619719,0.863013698630137,20220829_090000.WAV,Foliage
452,7.0,0.33,67,73,60,7,13,0,0.8955223880597015,0.821917808219178,20220829_090000.WAV,Foliage
453,7.0,0.34,65,73,58,7,15,0,0.8923076923076924,0.7945205479452054,20220829_090000.WAV,Foliage
454,7.0,0.35,62,73,56,6,17,0,0.9032258064516129,0.7671232876712328,20220829_090000.WAV,Foliage
455,7.0,0.36,61,73,55,6,18,0,0.9016393442622951,0.7534246575342466,20220829_090000.WAV,Foliage
456,7.0,0.37,60,73,54,6,19,0,0.9,0.7397260273972602,20220829_090000.WAV,Foliage
457,7.0,0.38,56,73,51,5,22,0,0.9107142857142857,0.6986301369863014,20220829_090000.WAV,Foliage
458,7.0,0.39,54,73,50,4,23,0,0.9259259259259259,0.684931506849315,20220829_090000.WAV,Foliage
459,7.0,0.4,52,73,48,4,25,0,0.9230769230769231,0.6575342465753424,20220829_090000.WAV,Foliage
460,7.0,0.41,50,73,46,4,27,0,0.92,0.6301369863013698,20220829_090000.WAV,Foliage
461,7.0,0.42,43,73,40,3,33,0,0.9302325581395349,0.547945205479452,20220829_090000.WAV,Foliage
462,7.0,0.43,41,73,39,2,34,0,0.9512195121951219,0.5342465753424658,20220829_090000.WAV,Foliage
463,7.0,0.44,40,73,39,1,34,0,0.975,0.5342465753424658,20220829_090000.WAV,Foliage
464,7.0,0.45,37,73,36,1,37,0,0.972972972972973,0.4931506849315068,20220829_090000.WAV,Foliage
465,7.0,0.46,36,73,36,0,37,0,1.0,0.4931506849315068,20220829_090000.WAV,Foliage
466,7.0,0.47,36,73,36,0,37,0,1.0,0.4931506849315068,20220829_090000.WAV,Foliage
467,7.0,0.48,32,73,32,0,41,0,1.0,0.4383561643835616,20220829_090000.WAV,Foliage
468,7.0,0.49,29,73,29,0,44,0,1.0,0.3972602739726027,20220829_090000.WAV,Foliage
469,7.0,0.5,28,73,28,0,45,0,1.0,0.3835616438356164,20220829_090000.WAV,Foliage
470,7.0,0.51,24,73,24,0,49,0,1.0,0.3287671232876712,20220829_090000.WAV,Foliage
471,7.0,0.52,21,73,21,0,52,0,1.0,0.2876712328767123,20220829_090000.WAV,Foliage
472,7.0,0.53,18,73,18,0,55,0,1.0,0.2465753424657534,20220829_090000.WAV,Foliage
473,7.0,0.54,14,73,14,0,59,0,1.0,0.1917808219178082,20220829_090000.WAV,Foliage
474,7.0,0.55,9,73,9,0,64,0,1.0,0.1232876712328767,20220829_090000.WAV,Foliage
475,7.0,0.56,7,73,7,0,66,0,1.0,0.0958904109589041,20220829_090000.WAV,Foliage
476,7.0,0.57,6,73,6,0,67,0,1.0,0.0821917808219178,20220829_090000.WAV,Foliage
477,7.0,0.58,5,73,5,0,68,0,1.0,0.0684931506849315,20220829_090000.WAV,Foliage
478,7.0,0.59,4,73,4,0,69,0,1.0,0.0547945205479452,20220829_090000.WAV,Foliage
479,7.0,0.6,4,73,4,0,69,0,1.0,0.0547945205479452,20220829_090000.WAV,Foliage
480,8.0,0.01,73,62,60,13,2,0,0.821917808219178,0.967741935483871,20220829_090000.WAV,Foliage
481,8.0,0.02,73,62,60,13,2,0,0.821917808219178,0.967741935483871,20220829_090000.WAV,Foliage
482,8.0,0.03,73,62,60,13,2,0,0.821917808219178,0.967741935483871,20220829_090000.WAV,Foliage
483,8.0,0.04,73,62,60,13,2,0,0.821917808219178,0.967741935483871,20220829_090000.WAV,Foliage
484,8.0,0.05,73,62,60,13,2,0,0.821917808219178,0.967741935483871,20220829_090000.WAV,Foliage
485,8.0,0.06,73,62,60,13,2,0,0.821917808219178,0.967741935483871,20220829_090000.WAV,Foliage
486,8.0,0.07,73,62,60,13,2,0,0.821917808219178,0.967741935483871,20220829_090000.WAV,Foliage
487,8.0,0.08,73,62,60,13,2,0,0.821917808219178,0.967741935483871,20220829_090000.WAV,Foliage
488,8.0,0.09,73,62,60,13,2,0,0.821917808219178,0.967741935483871,20220829_090000.WAV,Foliage
489,8.0,0.1,73,62,60,13,2,0,0.821917808219178,0.967741935483871,20220829_090000.WAV,Foliage
490,8.0,0.11,73,62,60,13,2,0,0.821917808219178,0.967741935483871,20220829_090000.WAV,Foliage
491,8.0,0.12,73,62,60,13,2,0,0.821917808219178,0.967741935483871,20220829_090000.WAV,Foliage
492,8.0,0.13,73,62,60,13,2,0,0.821917808219178,0.967741935483871,20220829_090000.WAV,Foliage
493,8.0,0.14,73,62,60,13,2,0,0.821917808219178,0.967741935483871,20220829_090000.WAV,Foliage
494,8.0,0.15,73,62,60,13,2,0,0.821917808219178,0.967741935483871,20220829_090000.WAV,Foliage
495,8.0,0.16,73,62,60,13,2,0,0.821917808219178,0.967741935483871,20220829_090000.WAV,Foliage
496,8.0,0.17,73,62,60,13,2,0,0.821917808219178,0.967741935483871,20220829_090000.WAV,Foliage
497,8.0,0.18,73,62,60,13,2,0,0.821917808219178,0.967741935483871,20220829_090000.WAV,Foliage
498,8.0,0.19,72,62,60,12,2,0,0.8333333333333334,0.967741935483871,20220829_090000.WAV,Foliage
499,8.0,0.2,72,62,60,12,2,0,0.8333333333333334,0.967741935483871,20220829_090000.WAV,Foliage
500,8.0,0.21,72,62,60,12,2,0,0.8333333333333334,0.967741935483871,20220829_090000.WAV,Foliage
501,8.0,0.22,72,62,60,12,2,0,0.8333333333333334,0.967741935483871,20220829_090000.WAV,Foliage
502,8.0,0.23,71,62,59,12,3,0,0.8309859154929577,0.9516129032258065,20220829_090000.WAV,Foliage
503,8.0,0.24,71,62,59,12,3,0,0.8309859154929577,0.9516129032258065,20220829_090000.WAV,Foliage
504,8.0,0.25,71,62,59,12,3,0,0.8309859154929577,0.9516129032258065,20220829_090000.WAV,Foliage
505,8.0,0.26,71,62,59,12,3,0,0.8309859154929577,0.9516129032258065,20220829_090000.WAV,Foliage
506,8.0,0.27,71,62,59,12,3,0,0.8309859154929577,0.9516129032258065,20220829_090000.WAV,Foliage
507,8.0,0.28,69,62,58,11,4,0,0.8405797101449275,0.9354838709677419,20220829_090000.WAV,Foliage
508,8.0,0.29,68,62,57,11,5,0,0.8382352941176471,0.9193548387096774,20220829_090000.WAV,Foliage
509,8.0,0.3,66,62,56,10,6,0,0.8484848484848485,0.9032258064516129,20220829_090000.WAV,Foliage
510,8.0,0.31,65,62,55,10,7,0,0.8461538461538461,0.8870967741935484,20220829_090000.WAV,Foliage
511,8.0,0.32,63,62,54,9,8,0,0.8571428571428571,0.8709677419354839,20220829_090000.WAV,Foliage
512,8.0,0.33,59,62,52,7,10,0,0.8813559322033898,0.8387096774193549,20220829_090000.WAV,Foliage
513,8.0,0.34,57,62,50,7,12,0,0.8771929824561403,0.8064516129032258,20220829_090000.WAV,Foliage
514,8.0,0.35,55,62,50,5,12,0,0.9090909090909091,0.8064516129032258,20220829_090000.WAV,Foliage
515,8.0,0.36,54,62,49,5,13,0,0.9074074074074074,0.7903225806451613,20220829_090000.WAV,Foliage
516,8.0,0.37,53,62,48,5,14,0,0.9056603773584906,0.7741935483870968,20220829_090000.WAV,Foliage
517,8.0,0.38,49,62,45,4,17,0,0.9183673469387755,0.7258064516129032,20220829_090000.WAV,Foliage
518,8.0,0.39,47,62,44,3,18,0,0.9361702127659575,0.7096774193548387,20220829_090000.WAV,Foliage
519,8.0,0.4,45,62,42,3,20,0,0.9333333333333333,0.6774193548387096,20220829_090000.WAV,Foliage
520,8.0,0.41,43,62,40,3,22,0,0.9302325581395349,0.6451612903225806,20220829_090000.WAV,Foliage
521,8.0,0.42,37,62,35,2,27,0,0.9459459459459459,0.5645161290322581,20220829_090000.WAV,Foliage
522,8.0,0.43,36,62,34,2,28,0,0.9444444444444444,0.5483870967741935,20220829_090000.WAV,Foliage
523,8.0,0.44,35,62,34,1,28,0,0.9714285714285714,0.5483870967741935,20220829_090000.WAV,Foliage
524,8.0,0.45,32,62,31,1,31,0,0.96875,0.5,20220829_090000.WAV,Foliage
525,8.0,0.46,32,62,31,1,31,0,0.96875,0.5,20220829_090000.WAV,Foliage
526,8.0,0.47,32,62,31,1,31,0,0.96875,0.5,20220829_090000.WAV,Foliage
527,8.0,0.48,28,62,27,1,35,0,0.9642857142857143,0.43548387096774194,20220829_090000.WAV,Foliage
528,8.0,0.49,25,62,25,0,37,0,1.0,0.4032258064516129,20220829_090000.WAV,Foliage
529,8.0,0.5,24,62,24,0,38,0,1.0,0.3870967741935484,20220829_090000.WAV,Foliage
530,8.0,0.51,21,62,21,0,41,0,1.0,0.3387096774193548,20220829_090000.WAV,Foliage
531,8.0,0.52,18,62,18,0,44,0,1.0,0.2903225806451613,20220829_090000.WAV,Foliage
532,8.0,0.53,15,62,15,0,47,0,1.0,0.24193548387096775,20220829_090000.WAV,Foliage
533,8.0,0.54,12,62,12,0,50,0,1.0,0.1935483870967742,20220829_090000.WAV,Foliage
534,8.0,0.55,8,62,8,0,54,0,1.0,0.12903225806451613,20220829_090000.WAV,Foliage
535,8.0,0.56,6,62,6,0,56,0,1.0,0.0967741935483871,20220829_090000.WAV,Foliage
536,8.0,0.57,5,62,5,0,57,0,1.0,0.08064516129032258,20220829_090000.WAV,Foliage
537,8.0,0.58,4,62,4,0,58,0,1.0,0.06451612903225806,20220829_090000.WAV,Foliage
538,8.0,0.59,3,62,3,0,59,0,1.0,0.04838709677419355,20220829_090000.WAV,Foliage
539,8.0,0.6,3,62,3,0,59,0,1.0,0.04838709677419355,20220829_090000.WAV,Foliage
540,9.0,0.01,61,54,53,8,1,0,0.8688524590163934,0.9814814814814815,20220829_090000.WAV,Foliage
541,9.0,0.02,61,54,53,8,1,0,0.8688524590163934,0.9814814814814815,20220829_090000.WAV,Foliage
542,9.0,0.03,61,54,53,8,1,0,0.8688524590163934,0.9814814814814815,20220829_090000.WAV,Foliage
543,9.0,0.04,61,54,53,8,1,0,0.8688524590163934,0.9814814814814815,20220829_090000.WAV,Foliage
544,9.0,0.05,61,54,53,8,1,0,0.8688524590163934,0.9814814814814815,20220829_090000.WAV,Foliage
545,9.0,0.06,61,54,53,8,1,0,0.8688524590163934,0.9814814814814815,20220829_090000.WAV,Foliage
546,9.0,0.07,61,54,53,8,1,0,0.8688524590163934,0.9814814814814815,20220829_090000.WAV,Foliage
547,9.0,0.08,61,54,53,8,1,0,0.8688524590163934,0.9814814814814815,20220829_090000.WAV,Foliage
548,9.0,0.09,61,54,53,8,1,0,0.8688524590163934,0.9814814814814815,20220829_090000.WAV,Foliage
549,9.0,0.1,61,54,53,8,1,0,0.8688524590163934,0.9814814814814815,20220829_090000.WAV,Foliage
550,9.0,0.11,61,54,53,8,1,0,0.8688524590163934,0.9814814814814815,20220829_090000.WAV,Foliage
551,9.0,0.12,61,54,53,8,1,0,0.8688524590163934,0.9814814814814815,20220829_090000.WAV,Foliage
552,9.0,0.13,61,54,53,8,1,0,0.8688524590163934,0.9814814814814815,20220829_090000.WAV,Foliage
553,9.0,0.14,61,54,53,8,1,0,0.8688524590163934,0.9814814814814815,20220829_090000.WAV,Foliage
554,9.0,0.15,61,54,53,8,1,0,0.8688524590163934,0.9814814814814815,20220829_090000.WAV,Foliage
555,9.0,0.16,61,54,53,8,1,0,0.8688524590163934,0.9814814814814815,20220829_090000.WAV,Foliage
556,9.0,0.17,61,54,53,8,1,0,0.8688524590163934,0.9814814814814815,20220829_090000.WAV,Foliage
557,9.0,0.18,61,54,53,8,1,0,0.8688524590163934,0.9814814814814815,20220829_090000.WAV,Foliage
558,9.0,0.19,60,54,53,7,1,0,0.8833333333333333,0.9814814814814815,20220829_090000.WAV,Foliage
559,9.0,0.2,60,54,53,7,1,0,0.8833333333333333,0.9814814814814815,20220829_090000.WAV,Foliage
560,9.0,0.21,60,54,53,7,1,0,0.8833333333333333,0.9814814814814815,20220829_090000.WAV,Foliage
561,9.0,0.22,60,54,53,7,1,0,0.8833333333333333,0.9814814814814815,20220829_090000.WAV,Foliage
562,9.0,0.23,59,54,52,7,2,0,0.8813559322033898,0.9629629629629629,20220829_090000.WAV,Foliage
563,9.0,0.24,59,54,52,7,2,0,0.8813559322033898,0.9629629629629629,20220829_090000.WAV,Foliage
564,9.0,0.25,59,54,52,7,2,0,0.8813559322033898,0.9629629629629629,20220829_090000.WAV,Foliage
565,9.0,0.26,59,54,52,7,2,0,0.8813559322033898,0.9629629629629629,20220829_090000.WAV,Foliage
566,9.0,0.27,59,54,52,7,2,0,0.8813559322033898,0.9629629629629629,20220829_090000.WAV,Foliage
567,9.0,0.28,57,54,51,6,3,0,0.8947368421052632,0.9444444444444444,20220829_090000.WAV,Foliage
568,9.0,0.29,56,54,50,6,4,0,0.8928571428571429,0.9259259259259259,20220829_090000.WAV,Foliage
569,9.0,0.3,55,54,49,6,5,0,0.8909090909090909,0.9074074074074074,20220829_090000.WAV,Foliage
570,9.0,0.31,54,54,48,6,6,0,0.8888888888888888,0.8888888888888888,20220829_090000.WAV,Foliage
571,9.0,0.32,52,54,47,5,7,0,0.9038461538461539,0.8703703703703703,20220829_090000.WAV,Foliage
572,9.0,0.33,50,54,45,5,9,0,0.9,0.8333333333333334,20220829_090000.WAV,Foliage
573,9.0,0.34,48,54,43,5,11,0,0.8958333333333334,0.7962962962962963,20220829_090000.WAV,Foliage
574,9.0,0.35,47,54,43,4,11,0,0.9148936170212766,0.7962962962962963,20220829_090000.WAV,Foliage
575,9.0,0.36,46,54,42,4,12,0,0.9130434782608695,0.7777777777777778,20220829_090000.WAV,Foliage
576,9.0,0.37,45,54,41,4,13,0,0.9111111111111111,0.7592592592592593,20220829_090000.WAV,Foliage
577,9.0,0.38,42,54,39,3,15,0,0.9285714285714286,0.7222222222222222,20220829_090000.WAV,Foliage
578,9.0,0.39,41,54,38,3,16,0,0.926829268292683,0.7037037037037037,20220829_090000.WAV,Foliage
579,9.0,0.4,39,54,36,3,18,0,0.9230769230769231,0.6666666666666666,20220829_090000.WAV,Foliage
580,9.0,0.41,37,54,34,3,20,0,0.918918918918919,0.6296296296296297,20220829_090000.WAV,Foliage
581,9.0,0.42,32,54,29,3,25,0,0.90625,0.5370370370370371,20220829_090000.WAV,Foliage
582,9.0,0.43,31,54,28,3,26,0,0.9032258064516129,0.5185185185185185,20220829_090000.WAV,Foliage
583,9.0,0.44,31,54,28,3,26,0,0.9032258064516129,0.5185185185185185,20220829_090000.WAV,Foliage
584,9.0,0.45,28,54,26,2,28,0,0.9285714285714286,0.48148148148148145,20220829_090000.WAV,Foliage
585,9.0,0.46,28,54,26,2,28,0,0.9285714285714286,0.48148148148148145,20220829_090000.WAV,Foliage
586,9.0,0.47,28,54,26,2,28,0,0.9285714285714286,0.48148148148148145,20220829_090000.WAV,Foliage
587,9.0,0.48,24,54,23,1,31,0,0.9583333333333334,0.42592592592592593,20220829_090000.WAV,Foliage
588,9.0,0.49,22,54,22,0,32,0,1.0,0.4074074074074074,20220829_090000.WAV,Foliage
589,9.0,0.5,21,54,21,0,33,0,1.0,0.3888888888888889,20220829_090000.WAV,Foliage
590,9.0,0.51,18,54,18,0,36,0,1.0,0.3333333333333333,20220829_090000.WAV,Foliage
591,9.0,0.52,15,54,15,0,39,0,1.0,0.2777777777777778,20220829_090000.WAV,Foliage
592,9.0,0.53,12,54,12,0,42,0,1.0,0.2222222222222222,20220829_090000.WAV,Foliage
593,9.0,0.54,10,54,10,0,44,0,1.0,0.18518518518518517,20220829_090000.WAV,Foliage
594,9.0,0.55,6,54,6,0,48,0,1.0,0.1111111111111111,20220829_090000.WAV,Foliage
595,9.0,0.56,4,54,4,0,50,0,1.0,0.07407407407407407,20220829_090000.WAV,Foliage
596,9.0,0.57,4,54,4,0,50,0,1.0,0.07407407407407407,20220829_090000.WAV,Foliage
597,9.0,0.58,4,54,4,0,50,0,1.0,0.07407407407407407,20220829_090000.WAV,Foliage
598,9.0,0.59,3,54,3,0,51,0,1.0,0.05555555555555555,20220829_090000.WAV,Foliage
599,9.0,0.6,3,54,3,0,51,0,1.0,0.05555555555555555,20220829_090000.WAV,Foliage
600,10.0,0.01,56,48,47,9,1,0,0.8392857142857143,0.9791666666666666,20220829_090000.WAV,Foliage
601,10.0,0.02,56,48,47,9,1,0,0.8392857142857143,0.9791666666666666,20220829_090000.WAV,Foliage
602,10.0,0.03,56,48,47,9,1,0,0.8392857142857143,0.9791666666666666,20220829_090000.WAV,Foliage
603,10.0,0.04,56,48,47,9,1,0,0.8392857142857143,0.9791666666666666,20220829_090000.WAV,Foliage
604,10.0,0.05,56,48,47,9,1,0,0.8392857142857143,0.9791666666666666,20220829_090000.WAV,Foliage
605,10.0,0.06,56,48,47,9,1,0,0.8392857142857143,0.9791666666666666,20220829_090000.WAV,Foliage
606,10.0,0.07,56,48,47,9,1,0,0.8392857142857143,0.9791666666666666,20220829_090000.WAV,Foliage
607,10.0,0.08,56,48,47,9,1,0,0.8392857142857143,0.9791666666666666,20220829_090000.WAV,Foliage
608,10.0,0.09,56,48,47,9,1,0,0.8392857142857143,0.9791666666666666,20220829_090000.WAV,Foliage
609,10.0,0.1,56,48,47,9,1,0,0.8392857142857143,0.9791666666666666,20220829_090000.WAV,Foliage
610,10.0,0.11,56,48,47,9,1,0,0.8392857142857143,0.9791666666666666,20220829_090000.WAV,Foliage
611,10.0,0.12,56,48,47,9,1,0,0.8392857142857143,0.9791666666666666,20220829_090000.WAV,Foliage
612,10.0,0.13,56,48,47,9,1,0,0.8392857142857143,0.9791666666666666,20220829_090000.WAV,Foliage
613,10.0,0.14,56,48,47,9,1,0,0.8392857142857143,0.9791666666666666,20220829_090000.WAV,Foliage
614,10.0,0.15,56,48,47,9,1,0,0.8392857142857143,0.9791666666666666,20220829_090000.WAV,Foliage
615,10.0,0.16,56,48,47,9,1,0,0.8392857142857143,0.9791666666666666,20220829_090000.WAV,Foliage
616,10.0,0.17,56,48,47,9,1,0,0.8392857142857143,0.9791666666666666,20220829_090000.WAV,Foliage
617,10.0,0.18,56,48,47,9,1,0,0.8392857142857143,0.9791666666666666,20220829_090000.WAV,Foliage
618,10.0,0.19,55,48,47,8,1,0,0.8545454545454545,0.9791666666666666,20220829_090000.WAV,Foliage
619,10.0,0.2,55,48,47,8,1,0,0.8545454545454545,0.9791666666666666,20220829_090000.WAV,Foliage
620,10.0,0.21,55,48,47,8,1,0,0.8545454545454545,0.9791666666666666,20220829_090000.WAV,Foliage
621,10.0,0.22,55,48,47,8,1,0,0.8545454545454545,0.9791666666666666,20220829_090000.WAV,Foliage
622,10.0,0.23,54,48,46,8,2,0,0.8518518518518519,0.9583333333333334,20220829_090000.WAV,Foliage
623,10.0,0.24,54,48,46,8,2,0,0.8518518518518519,0.9583333333333334,20220829_090000.WAV,Foliage
624,10.0,0.25,54,48,46,8,2,0,0.8518518518518519,0.9583333333333334,20220829_090000.WAV,Foliage
625,10.0,0.26,54,48,46,8,2,0,0.8518518518518519,0.9583333333333334,20220829_090000.WAV,Foliage
626,10.0,0.27,54,48,46,8,2,0,0.8518518518518519,0.9583333333333334,20220829_090000.WAV,Foliage
627,10.0,0.28,53,48,45,8,3,0,0.8490566037735849,0.9375,20220829_090000.WAV,Foliage
628,10.0,0.29,52,48,44,8,4,0,0.8461538461538461,0.9166666666666666,20220829_090000.WAV,Foliage
629,10.0,0.3,51,48,43,8,5,0,0.8431372549019608,0.8958333333333334,20220829_090000.WAV,Foliage
630,10.0,0.31,50,48,43,7,5,0,0.86,0.8958333333333334,20220829_090000.WAV,Foliage
631,10.0,0.32,49,48,42,7,6,0,0.8571428571428571,0.875,20220829_090000.WAV,Foliage
632,10.0,0.33,47,48,40,7,8,0,0.851063829787234,0.8333333333333334,20220829_090000.WAV,Foliage
633,10.0,0.34,45,48,38,7,10,0,0.8444444444444444,0.7916666666666666,20220829_090000.WAV,Foliage
634,10.0,0.35,44,48,38,6,10,0,0.8636363636363636,0.7916666666666666,20220829_090000.WAV,Foliage
635,10.0,0.36,43,48,37,6,11,0,0.8604651162790697,0.7708333333333334,20220829_090000.WAV,Foliage
636,10.0,0.37,42,48,36,6,12,0,0.8571428571428571,0.75,20220829_090000.WAV,Foliage
637,10.0,0.38,39,48,34,5,14,0,0.8717948717948718,0.7083333333333334,20220829_090000.WAV,Foliage
638,10.0,0.39,38,48,33,5,15,0,0.868421052631579,0.6875,20220829_090000.WAV,Foliage
639,10.0,0.4,36,48,31,5,17,0,0.8611111111111112,0.6458333333333334,20220829_090000.WAV,Foliage
640,10.0,0.41,34,48,29,5,19,0,0.8529411764705882,0.6041666666666666,20220829_090000.WAV,Foliage
641,10.0,0.42,29,48,26,3,22,0,0.896551724137931,0.5416666666666666,20220829_090000.WAV,Foliage
642,10.0,0.43,28,48,25,3,23,0,0.8928571428571429,0.5208333333333334,20220829_090000.WAV,Foliage
643,10.0,0.44,28,48,25,3,23,0,0.8928571428571429,0.5208333333333334,20220829_090000.WAV,Foliage
644,10.0,0.45,25,48,23,2,25,0,0.92,0.4791666666666667,20220829_090000.WAV,Foliage
645,10.0,0.46,25,48,23,2,25,0,0.92,0.4791666666666667,20220829_090000.WAV,Foliage
646,10.0,0.47,25,48,23,2,25,0,0.92,0.4791666666666667,20220829_090000.WAV,Foliage
647,10.0,0.48,21,48,20,1,28,0,0.9523809523809523,0.4166666666666667,20220829_090000.WAV,Foliage
648,10.0,0.49,19,48,19,0,29,0,1.0,0.3958333333333333,20220829_090000.WAV,Foliage
649,10.0,0.5,18,48,18,0,30,0,1.0,0.375,20220829_090000.WAV,Foliage
650,10.0,0.51,16,48,16,0,32,0,1.0,0.3333333333333333,20220829_090000.WAV,Foliage
651,10.0,0.52,14,48,14,0,34,0,1.0,0.2916666666666667,20220829_090000.WAV,Foliage
652,10.0,0.53,11,48,11,0,37,0,1.0,0.22916666666666666,20220829_090000.WAV,Foliage
653,10.0,0.54,9,48,9,0,39,0,1.0,0.1875,20220829_090000.WAV,Foliage
654,10.0,0.55,5,48,5,0,43,0,1.0,0.10416666666666667,20220829_090000.WAV,Foliage
655,10.0,0.56,3,48,3,0,45,0,1.0,0.0625,20220829_090000.WAV,Foliage
656,10.0,0.57,3,48,3,0,45,0,1.0,0.0625,20220829_090000.WAV,Foliage
657,10.0,0.58,3,48,3,0,45,0,1.0,0.0625,20220829_090000.WAV,Foliage
658,10.0,0.59,2,48,2,0,46,0,1.0,0.041666666666666664,20220829_090000.WAV,Foliage
659,10.0,0.6,2,48,2,0,46,0,1.0,0.041666666666666664,20220829_090000.WAV,Foliage
660,11.0,0.01,49,41,41,8,0,0,0.8367346938775511,1.0,20220829_090000.WAV,Foliage
661,11.0,0.02,49,41,41,8,0,0,0.8367346938775511,1.0,20220829_090000.WAV,Foliage
662,11.0,0.03,49,41,41,8,0,0,0.8367346938775511,1.0,20220829_090000.WAV,Foliage
663,11.0,0.04,49,41,41,8,0,0,0.8367346938775511,1.0,20220829_090000.WAV,Foliage
664,11.0,0.05,49,41,41,8,0,0,0.8367346938775511,1.0,20220829_090000.WAV,Foliage
665,11.0,0.06,49,41,41,8,0,0,0.8367346938775511,1.0,20220829_090000.WAV,Foliage
666,11.0,0.07,49,41,41,8,0,0,0.8367346938775511,1.0,20220829_090000.WAV,Foliage
667,11.0,0.08,49,41,41,8,0,0,0.8367346938775511,1.0,20220829_090000.WAV,Foliage
668,11.0,0.09,49,41,41,8,0,0,0.8367346938775511,1.0,20220829_090000.WAV,Foliage
669,11.0,0.1,49,41,41,8,0,0,0.8367346938775511,1.0,20220829_090000.WAV,Foliage
670,11.0,0.11,49,41,41,8,0,0,0.8367346938775511,1.0,20220829_090000.WAV,Foliage
671,11.0,0.12,49,41,41,8,0,0,0.8367346938775511,1.0,20220829_090000.WAV,Foliage
672,11.0,0.13,49,41,41,8,0,0,0.8367346938775511,1.0,20220829_090000.WAV,Foliage
673,11.0,0.14,49,41,41,8,0,0,0.8367346938775511,1.0,20220829_090000.WAV,Foliage
674,11.0,0.15,49,41,41,8,0,0,0.8367346938775511,1.0,20220829_090000.WAV,Foliage
675,11.0,0.16,49,41,41,8,0,0,0.8367346938775511,1.0,20220829_090000.WAV,Foliage
676,11.0,0.17,49,41,41,8,0,0,0.8367346938775511,1.0,20220829_090000.WAV,Foliage
677,11.0,0.18,49,41,41,8,0,0,0.8367346938775511,1.0,20220829_090000.WAV,Foliage
678,11.0,0.19,48,41,41,7,0,0,0.8541666666666666,1.0,20220829_090000.WAV,Foliage
679,11.0,0.2,48,41,41,7,0,0,0.8541666666666666,1.0,20220829_090000.WAV,Foliage
680,11.0,0.21,48,41,41,7,0,0,0.8541666666666666,1.0,20220829_090000.WAV,Foliage
681,11.0,0.22,48,41,41,7,0,0,0.8541666666666666,1.0,20220829_090000.WAV,Foliage
682,11.0,0.23,47,41,40,7,1,0,0.851063829787234,0.975609756097561,20220829_090000.WAV,Foliage
683,11.0,0.24,47,41,40,7,1,0,0.851063829787234,0.975609756097561,20220829_090000.WAV,Foliage
684,11.0,0.25,47,41,40,7,1,0,0.851063829787234,0.975609756097561,20220829_090000.WAV,Foliage
685,11.0,0.26,47,41,40,7,1,0,0.851063829787234,0.975609756097561,20220829_090000.WAV,Foliage
686,11.0,0.27,47,41,40,7,1,0,0.851063829787234,0.975609756097561,20220829_090000.WAV,Foliage
687,11.0,0.28,46,41,39,7,2,0,0.8478260869565217,0.9512195121951219,20220829_090000.WAV,Foliage
688,11.0,0.29,45,41,38,7,3,0,0.8444444444444444,0.926829268292683,20220829_090000.WAV,Foliage
689,11.0,0.3,44,41,37,7,4,0,0.8409090909090909,0.9024390243902439,20220829_090000.WAV,Foliage
690,11.0,0.31,44,41,37,7,4,0,0.8409090909090909,0.9024390243902439,20220829_090000.WAV,Foliage
691,11.0,0.32,43,41,37,6,4,0,0.8604651162790697,0.9024390243902439,20220829_090000.WAV,Foliage
692,11.0,0.33,41,41,35,6,6,0,0.8536585365853658,0.8536585365853658,20220829_090000.WAV,Foliage
693,11.0,0.34,39,41,33,6,8,0,0.8461538461538461,0.8048780487804879,20220829_090000.WAV,Foliage
694,11.0,0.35,39,41,33,6,8,0,0.8461538461538461,0.8048780487804879,20220829_090000.WAV,Foliage
695,11.0,0.36,38,41,32,6,9,0,0.8421052631578947,0.7804878048780488,20220829_090000.WAV,Foliage
696,11.0,0.37,37,41,31,6,10,0,0.8378378378378378,0.7560975609756098,20220829_090000.WAV,Foliage
697,11.0,0.38,34,41,29,5,12,0,0.8529411764705882,0.7073170731707317,20220829_090000.WAV,Foliage
698,11.0,0.39,33,41,28,5,13,0,0.8484848484848485,0.6829268292682927,20220829_090000.WAV,Foliage
699,11.0,0.4,31,41,26,5,15,0,0.8387096774193549,0.6341463414634146,20220829_090000.WAV,Foliage
700,11.0,0.41,29,41,24,5,17,0,0.8275862068965517,0.5853658536585366,20220829_090000.WAV,Foliage
701,11.0,0.42,25,41,21,4,20,0,0.84,0.5121951219512195,20220829_090000.WAV,Foliage
702,11.0,0.43,24,41,20,4,21,0,0.8333333333333334,0.4878048780487805,20220829_090000.WAV,Foliage
703,11.0,0.44,24,41,20,4,21,0,0.8333333333333334,0.4878048780487805,20220829_090000.WAV,Foliage
704,11.0,0.45,21,41,19,2,22,0,0.9047619047619048,0.4634146341463415,20220829_090000.WAV,Foliage
705,11.0,0.46,21,41,19,2,22,0,0.9047619047619048,0.4634146341463415,20220829_090000.WAV,Foliage
706,11.0,0.47,21,41,19,2,22,0,0.9047619047619048,0.4634146341463415,20220829_090000.WAV,Foliage
707,11.0,0.48,18,41,17,1,24,0,0.9444444444444444,0.4146341463414634,20220829_090000.WAV,Foliage
708,11.0,0.49,16,41,16,0,25,0,1.0,0.3902439024390244,20220829_090000.WAV,Foliage
709,11.0,0.5,15,41,15,0,26,0,1.0,0.36585365853658536,20220829_090000.WAV,Foliage
710,11.0,0.51,14,41,14,0,27,0,1.0,0.34146341463414637,20220829_090000.WAV,Foliage
711,11.0,0.52,12,41,12,0,29,0,1.0,0.2926829268292683,20220829_090000.WAV,Foliage
712,11.0,0.53,10,41,10,0,31,0,1.0,0.24390243902439024,20220829_090000.WAV,Foliage
713,11.0,0.54,8,41,8,0,33,0,1.0,0.1951219512195122,20220829_090000.WAV,Foliage
714,11.0,0.55,4,41,4,0,37,0,1.0,0.0975609756097561,20220829_090000.WAV,Foliage
715,11.0,0.56,2,41,2,0,39,0,1.0,0.04878048780487805,20220829_090000.WAV,Foliage
716,11.0,0.57,2,41,2,0,39,0,1.0,0.04878048780487805,20220829_090000.WAV,Foliage
717,11.0,0.58,2,41,2,0,39,0,1.0,0.04878048780487805,20220829_090000.WAV,Foliage
718,11.0,0.59,1,41,1,0,40,0,1.0,0.024390243902439025,20220829_090000.WAV,Foliage
719,11.0,0.6,1,41,1,0,40,0,1.0,0.024390243902439025,20220829_090000.WAV,Foliage
720,12.0,0.01,40,36,36,4,0,0,0.9,1.0,20220829_090000.WAV,Foliage
721,12.0,0.02,40,36,36,4,0,0,0.9,1.0,20220829_090000.WAV,Foliage
722,12.0,0.03,40,36,36,4,0,0,0.9,1.0,20220829_090000.WAV,Foliage
723,12.0,0.04,40,36,36,4,0,0,0.9,1.0,20220829_090000.WAV,Foliage
724,12.0,0.05,40,36,36,4,0,0,0.9,1.0,20220829_090000.WAV,Foliage
725,12.0,0.06,40,36,36,4,0,0,0.9,1.0,20220829_090000.WAV,Foliage
726,12.0,0.07,40,36,36,4,0,0,0.9,1.0,20220829_090000.WAV,Foliage
727,12.0,0.08,40,36,36,4,0,0,0.9,1.0,20220829_090000.WAV,Foliage
728,12.0,0.09,40,36,36,4,0,0,0.9,1.0,20220829_090000.WAV,Foliage
729,12.0,0.1,40,36,36,4,0,0,0.9,1.0,20220829_090000.WAV,Foliage
730,12.0,0.11,40,36,36,4,0,0,0.9,1.0,20220829_090000.WAV,Foliage
731,12.0,0.12,40,36,36,4,0,0,0.9,1.0,20220829_090000.WAV,Foliage
732,12.0,0.13,40,36,36,4,0,0,0.9,1.0,20220829_090000.WAV,Foliage
733,12.0,0.14,40,36,36,4,0,0,0.9,1.0,20220829_090000.WAV,Foliage
734,12.0,0.15,40,36,36,4,0,0,0.9,1.0,20220829_090000.WAV,Foliage
735,12.0,0.16,40,36,36,4,0,0,0.9,1.0,20220829_090000.WAV,Foliage
736,12.0,0.17,40,36,36,4,0,0,0.9,1.0,20220829_090000.WAV,Foliage
737,12.0,0.18,40,36,36,4,0,0,0.9,1.0,20220829_090000.WAV,Foliage
738,12.0,0.19,40,36,36,4,0,0,0.9,1.0,20220829_090000.WAV,Foliage
739,12.0,0.2,40,36,36,4,0,0,0.9,1.0,20220829_090000.WAV,Foliage
740,12.0,0.21,40,36,36,4,0,0,0.9,1.0,20220829_090000.WAV,Foliage
741,12.0,0.22,40,36,36,4,0,0,0.9,1.0,20220829_090000.WAV,Foliage
742,12.0,0.23,39,36,35,4,1,0,0.8974358974358975,0.9722222222222222,20220829_090000.WAV,Foliage
743,12.0,0.24,39,36,35,4,1,0,0.8974358974358975,0.9722222222222222,20220829_090000.WAV,Foliage
744,12.0,0.25,39,36,35,4,1,0,0.8974358974358975,0.9722222222222222,20220829_090000.WAV,Foliage
745,12.0,0.26,39,36,35,4,1,0,0.8974358974358975,0.9722222222222222,20220829_090000.WAV,Foliage
746,12.0,0.27,39,36,35,4,1,0,0.8974358974358975,0.9722222222222222,20220829_090000.WAV,Foliage
747,12.0,0.28,38,36,35,3,1,0,0.9210526315789473,0.9722222222222222,20220829_090000.WAV,Foliage
748,12.0,0.29,37,36,34,3,2,0,0.918918918918919,0.9444444444444444,20220829_090000.WAV,Foliage
749,12.0,0.3,36,36,33,3,3,0,0.9166666666666666,0.9166666666666666,20220829_090000.WAV,Foliage
750,12.0,0.31,36,36,33,3,3,0,0.9166666666666666,0.9166666666666666,20220829_090000.WAV,Foliage
751,12.0,0.32,35,36,33,2,3,0,0.9428571428571428,0.9166666666666666,20220829_090000.WAV,Foliage
752,12.0,0.33,33,36,31,2,5,0,0.9393939393939394,0.8611111111111112,20220829_090000.WAV,Foliage
753,12.0,0.34,31,36,29,2,7,0,0.9354838709677419,0.8055555555555556,20220829_090000.WAV,Foliage
754,12.0,0.35,31,36,29,2,7,0,0.9354838709677419,0.8055555555555556,20220829_090000.WAV,Foliage
755,12.0,0.36,30,36,28,2,8,0,0.9333333333333333,0.7777777777777778,20220829_090000.WAV,Foliage
756,12.0,0.37,29,36,27,2,9,0,0.9310344827586207,0.75,20220829_090000.WAV,Foliage
757,12.0,0.38,27,36,25,2,11,0,0.9259259259259259,0.6944444444444444,20220829_090000.WAV,Foliage
758,12.0,0.39,26,36,24,2,12,0,0.9230769230769231,0.6666666666666666,20220829_090000.WAV,Foliage
759,12.0,0.4,24,36,23,1,13,0,0.9583333333333334,0.6388888888888888,20220829_090000.WAV,Foliage
760,12.0,0.41,22,36,21,1,15,0,0.9545454545454546,0.5833333333333334,20220829_090000.WAV,Foliage
761,12.0,0.42,19,36,19,0,17,0,1.0,0.5277777777777778,20220829_090000.WAV,Foliage
762,12.0,0.43,18,36,18,0,18,0,1.0,0.5,20220829_090000.WAV,Foliage
763,12.0,0.44,18,36,18,0,18,0,1.0,0.5,20220829_090000.WAV,Foliage
764,12.0,0.45,17,36,17,0,19,0,1.0,0.4722222222222222,20220829_090000.WAV,Foliage
765,12.0,0.46,17,36,17,0,19,0,1.0,0.4722222222222222,20220829_090000.WAV,Foliage
766,12.0,0.47,17,36,17,0,19,0,1.0,0.4722222222222222,20220829_090000.WAV,Foliage
767,12.0,0.48,15,36,15,0,21,0,1.0,0.4166666666666667,20220829_090000.WAV,Foliage
768,12.0,0.49,14,36,14,0,22,0,1.0,0.3888888888888889,20220829_090000.WAV,Foliage
769,12.0,0.5,13,36,13,0,23,0,1.0,0.3611111111111111,20220829_090000.WAV,Foliage
770,12.0,0.51,12,36,12,0,24,0,1.0,0.3333333333333333,20220829_090000.WAV,Foliage
771,12.0,0.52,10,36,10,0,26,0,1.0,0.2777777777777778,20220829_090000.WAV,Foliage
772,12.0,0.53,8,36,8,0,28,0,1.0,0.2222222222222222,20220829_090000.WAV,Foliage
773,12.0,0.54,7,36,7,0,29,0,1.0,0.19444444444444445,20220829_090000.WAV,Foliage
774,12.0,0.55,4,36,4,0,32,0,1.0,0.1111111111111111,20220829_090000.WAV,Foliage
775,12.0,0.56,2,36,2,0,34,0,1.0,0.05555555555555555,20220829_090000.WAV,Foliage
776,12.0,0.57,2,36,2,0,34,0,1.0,0.05555555555555555,20220829_090000.WAV,Foliage
777,12.0,0.58,2,36,2,0,34,0,1.0,0.05555555555555555,20220829_090000.WAV,Foliage
778,12.0,0.59,1,36,1,0,35,0,1.0,0.027777777777777776,20220829_090000.WAV,Foliage
779,12.0,0.6,1,36,1,0,35,0,1.0,0.027777777777777776,20220829_090000.WAV,Foliage
780,13.0,0.01,39,32,32,7,0,0,0.8205128205128205,1.0,20220829_090000.WAV,Foliage
781,13.0,0.02,39,32,32,7,0,0,0.8205128205128205,1.0,20220829_090000.WAV,Foliage
782,13.0,0.03,39,32,32,7,0,0,0.8205128205128205,1.0,20220829_090000.WAV,Foliage
783,13.0,0.04,39,32,32,7,0,0,0.8205128205128205,1.0,20220829_090000.WAV,Foliage
784,13.0,0.05,39,32,32,7,0,0,0.8205128205128205,1.0,20220829_090000.WAV,Foliage
785,13.0,0.06,39,32,32,7,0,0,0.8205128205128205,1.0,20220829_090000.WAV,Foliage
786,13.0,0.07,39,32,32,7,0,0,0.8205128205128205,1.0,20220829_090000.WAV,Foliage
787,13.0,0.08,39,32,32,7,0,0,0.8205128205128205,1.0,20220829_090000.WAV,Foliage
788,13.0,0.09,39,32,32,7,0,0,0.8205128205128205,1.0,20220829_090000.WAV,Foliage
789,13.0,0.1,39,32,32,7,0,0,0.8205128205128205,1.0,20220829_090000.WAV,Foliage
790,13.0,0.11,39,32,32,7,0,0,0.8205128205128205,1.0,20220829_090000.WAV,Foliage
791,13.0,0.12,39,32,32,7,0,0,0.8205128205128205,1.0,20220829_090000.WAV,Foliage
792,13.0,0.13,39,32,32,7,0,0,0.8205128205128205,1.0,20220829_090000.WAV,Foliage
793,13.0,0.14,39,32,32,7,0,0,0.8205128205128205,1.0,20220829_090000.WAV,Foliage
794,13.0,0.15,39,32,32,7,0,0,0.8205128205128205,1.0,20220829_090000.WAV,Foliage
795,13.0,0.16,39,32,32,7,0,0,0.8205128205128205,1.0,20220829_090000.WAV,Foliage
796,13.0,0.17,39,32,32,7,0,0,0.8205128205128205,1.0,20220829_090000.WAV,Foliage
797,13.0,0.18,39,32,32,7,0,0,0.8205128205128205,1.0,20220829_090000.WAV,Foliage
798,13.0,0.19,39,32,32,7,0,0,0.8205128205128205,1.0,20220829_090000.WAV,Foliage
799,13.0,0.2,39,32,32,7,0,0,0.8205128205128205,1.0,20220829_090000.WAV,Foliage
800,13.0,0.21,39,32,32,7,0,0,0.8205128205128205,1.0,20220829_090000.WAV,Foliage
801,13.0,0.22,39,32,32,7,0,0,0.8205128205128205,1.0,20220829_090000.WAV,Foliage
802,13.0,0.23,38,32,31,7,1,0,0.8157894736842105,0.96875,20220829_090000.WAV,Foliage
803,13.0,0.24,38,32,31,7,1,0,0.8157894736842105,0.96875,20220829_090000.WAV,Foliage
804,13.0,0.25,38,32,31,7,1,0,0.8157894736842105,0.96875,20220829_090000.WAV,Foliage
805,13.0,0.26,38,32,31,7,1,0,0.8157894736842105,0.96875,20220829_090000.WAV,Foliage
806,13.0,0.27,38,32,31,7,1,0,0.8157894736842105,0.96875,20220829_090000.WAV,Foliage
807,13.0,0.28,37,32,31,6,1,0,0.8378378378378378,0.96875,20220829_090000.WAV,Foliage
808,13.0,0.29,36,32,30,6,2,0,0.8333333333333334,0.9375,20220829_090000.WAV,Foliage
809,13.0,0.3,35,32,29,6,3,0,0.8285714285714286,0.90625,20220829_090000.WAV,Foliage
810,13.0,0.31,35,32,29,6,3,0,0.8285714285714286,0.90625,20220829_090000.WAV,Foliage
811,13.0,0.32,34,32,29,5,3,0,0.8529411764705882,0.90625,20220829_090000.WAV,Foliage
812,13.0,0.33,32,32,27,5,5,0,0.84375,0.84375,20220829_090000.WAV,Foliage
813,13.0,0.34,30,32,26,4,6,0,0.8666666666666667,0.8125,20220829_090000.WAV,Foliage
814,13.0,0.35,30,32,26,4,6,0,0.8666666666666667,0.8125,20220829_090000.WAV,Foliage
815,13.0,0.36,29,32,25,4,7,0,0.8620689655172413,0.78125,20220829_090000.WAV,Foliage
816,13.0,0.37,28,32,24,4,8,0,0.8571428571428571,0.75,20220829_090000.WAV,Foliage
817,13.0,0.38,26,32,22,4,10,0,0.8461538461538461,0.6875,20220829_090000.WAV,Foliage
818,13.0,0.39,25,32,21,4,11,0,0.84,0.65625,20220829_090000.WAV,Foliage
819,13.0,0.4,23,32,20,3,12,0,0.8695652173913043,0.625,20220829_090000.WAV,Foliage
820,13.0,0.41,22,32,19,3,13,0,0.8636363636363636,0.59375,20220829_090000.WAV,Foliage
821,13.0,0.42,19,32,17,2,15,0,0.8947368421052632,0.53125,20220829_090000.WAV,Foliage
822,13.0,0.43,18,32,17,1,15,0,0.9444444444444444,0.53125,20220829_090000.WAV,Foliage
823,13.0,0.44,18,32,17,1,15,0,0.9444444444444444,0.53125,20220829_090000.WAV,Foliage
824,13.0,0.45,17,32,17,0,15,0,1.0,0.53125,20220829_090000.WAV,Foliage
825,13.0,0.46,17,32,17,0,15,0,1.0,0.53125,20220829_090000.WAV,Foliage
826,13.0,0.47,17,32,17,0,15,0,1.0,0.53125,20220829_090000.WAV,Foliage
827,13.0,0.48,15,32,15,0,17,0,1.0,0.46875,20220829_090000.WAV,Foliage
828,13.0,0.49,14,32,14,0,18,0,1.0,0.4375,20220829_090000.WAV,Foliage
829,13.0,0.5,13,32,13,0,19,0,1.0,0.40625,20220829_090000.WAV,Foliage
830,13.0,0.51,12,32,12,0,20,0,1.0,0.375,20220829_090000.WAV,Foliage
831,13.0,0.52,10,32,10,0,22,0,1.0,0.3125,20220829_090000.WAV,Foliage
832,13.0,0.53,8,32,8,0,24,0,1.0,0.25,20220829_090000.WAV,Foliage
833,13.0,0.54,7,32,7,0,25,0,1.0,0.21875,20220829_090000.WAV,Foliage
834,13.0,0.55,4,32,4,0,28,0,1.0,0.125,20220829_090000.WAV,Foliage
835,13.0,0.56,2,32,2,0,30,0,1.0,0.0625,20220829_090000.WAV,Foliage
836,13.0,0.57,2,32,2,0,30,0,1.0,0.0625,20220829_090000.WAV,Foliage
837,13.0,0.58,2,32,2,0,30,0,1.0,0.0625,20220829_090000.WAV,Foliage
838,13.0,0.59,1,32,1,0,31,0,1.0,0.03125,20220829_090000.WAV,Foliage
839,13.0,0.6,1,32,1,0,31,0,1.0,0.03125,20220829_090000.WAV,Foliage
840,14.0,0.01,35,30,30,5,0,0,0.8571428571428571,1.0,20220829_090000.WAV,Foliage
841,14.0,0.02,35,30,30,5,0,0,0.8571428571428571,1.0,20220829_090000.WAV,Foliage
842,14.0,0.03,35,30,30,5,0,0,0.8571428571428571,1.0,20220829_090000.WAV,Foliage
843,14.0,0.04,35,30,30,5,0,0,0.8571428571428571,1.0,20220829_090000.WAV,Foliage
844,14.0,0.05,35,30,30,5,0,0,0.8571428571428571,1.0,20220829_090000.WAV,Foliage
845,14.0,0.06,35,30,30,5,0,0,0.8571428571428571,1.0,20220829_090000.WAV,Foliage
846,14.0,0.07,35,30,30,5,0,0,0.8571428571428571,1.0,20220829_090000.WAV,Foliage
847,14.0,0.08,35,30,30,5,0,0,0.8571428571428571,1.0,20220829_090000.WAV,Foliage
848,14.0,0.09,35,30,30,5,0,0,0.8571428571428571,1.0,20220829_090000.WAV,Foliage
849,14.0,0.1,35,30,30,5,0,0,0.8571428571428571,1.0,20220829_090000.WAV,Foliage
850,14.0,0.11,35,30,30,5,0,0,0.8571428571428571,1.0,20220829_090000.WAV,Foliage
851,14.0,0.12,35,30,30,5,0,0,0.8571428571428571,1.0,20220829_090000.WAV,Foliage
852,14.0,0.13,35,30,30,5,0,0,0.8571428571428571,1.0,20220829_090000.WAV,Foliage
853,14.0,0.14,35,30,30,5,0,0,0.8571428571428571,1.0,20220829_090000.WAV,Foliage
854,14.0,0.15,35,30,30,5,0,0,0.8571428571428571,1.0,20220829_090000.WAV,Foliage
855,14.0,0.16,35,30,30,5,0,0,0.8571428571428571,1.0,20220829_090000.WAV,Foliage
856,14.0,0.17,35,30,30,5,0,0,0.8571428571428571,1.0,20220829_090000.WAV,Foliage
857,14.0,0.18,35,30,30,5,0,0,0.8571428571428571,1.0,20220829_090000.WAV,Foliage
858,14.0,0.19,35,30,30,5,0,0,0.8571428571428571,1.0,20220829_090000.WAV,Foliage
859,14.0,0.2,35,30,30,5,0,0,0.8571428571428571,1.0,20220829_090000.WAV,Foliage
860,14.0,0.21,35,30,30,5,0,0,0.8571428571428571,1.0,20220829_090000.WAV,Foliage
861,14.0,0.22,35,30,30,5,0,0,0.8571428571428571,1.0,20220829_090000.WAV,Foliage
862,14.0,0.23,34,30,29,5,1,0,0.8529411764705882,0.9666666666666667,20220829_090000.WAV,Foliage
863,14.0,0.24,34,30,29,5,1,0,0.8529411764705882,0.9666666666666667,20220829_090000.WAV,Foliage
864,14.0,0.25,34,30,29,5,1,0,0.8529411764705882,0.9666666666666667,20220829_090000.WAV,Foliage
865,14.0,0.26,34,30,29,5,1,0,0.8529411764705882,0.9666666666666667,20220829_090000.WAV,Foliage
866,14.0,0.27,34,30,29,5,1,0,0.8529411764705882,0.9666666666666667,20220829_090000.WAV,Foliage
867,14.0,0.28,34,30,29,5,1,0,0.8529411764705882,0.9666666666666667,20220829_090000.WAV,Foliage
868,14.0,0.29,33,30,28,5,2,0,0.8484848484848485,0.9333333333333333,20220829_090000.WAV,Foliage
869,14.0,0.3,32,30,27,5,3,0,0.84375,0.9,20220829_090000.WAV,Foliage
870,14.0,0.31,32,30,27,5,3,0,0.84375,0.9,20220829_090000.WAV,Foliage
871,14.0,0.32,32,30,27,5,3,0,0.84375,0.9,20220829_090000.WAV,Foliage
872,14.0,0.33,30,30,25,5,5,0,0.8333333333333334,0.8333333333333334,20220829_090000.WAV,Foliage
873,14.0,0.34,28,30,24,4,6,0,0.8571428571428571,0.8,20220829_090000.WAV,Foliage
874,14.0,0.35,28,30,24,4,6,0,0.8571428571428571,0.8,20220829_090000.WAV,Foliage
875,14.0,0.36,27,30,23,4,7,0,0.8518518518518519,0.7666666666666667,20220829_090000.WAV,Foliage
876,14.0,0.37,26,30,22,4,8,0,0.8461538461538461,0.7333333333333333,20220829_090000.WAV,Foliage
877,14.0,0.38,24,30,20,4,10,0,0.8333333333333334,0.6666666666666666,20220829_090000.WAV,Foliage
878,14.0,0.39,23,30,20,3,10,0,0.8695652173913043,0.6666666666666666,20220829_090000.WAV,Foliage
879,14.0,0.4,21,30,19,2,11,0,0.9047619047619048,0.6333333333333333,20220829_090000.WAV,Foliage
880,14.0,0.41,20,30,18,2,12,0,0.9,0.6,20220829_090000.WAV,Foliage
881,14.0,0.42,18,30,17,1,13,0,0.9444444444444444,0.5666666666666667,20220829_090000.WAV,Foliage
882,14.0,0.43,17,30,17,0,13,0,1.0,0.5666666666666667,20220829_090000.WAV,Foliage
883,14.0,0.44,17,30,17,0,13,0,1.0,0.5666666666666667,20220829_090000.WAV,Foliage
884,14.0,0.45,17,30,17,0,13,0,1.0,0.5666666666666667,20220829_090000.WAV,Foliage
885,14.0,0.46,17,30,17,0,13,0,1.0,0.5666666666666667,20220829_090000.WAV,Foliage
886,14.0,0.47,17,30,17,0,13,0,1.0,0.5666666666666667,20220829_090000.WAV,Foliage
887,14.0,0.48,15,30,15,0,15,0,1.0,0.5,20220829_090000.WAV,Foliage
888,14.0,0.49,14,30,14,0,16,0,1.0,0.4666666666666667,20220829_090000.WAV,Foliage
889,14.0,0.5,13,30,13,0,17,0,1.0,0.43333333333333335,20220829_090000.WAV,Foliage
890,14.0,0.51,12,30,12,0,18,0,1.0,0.4,20220829_090000.WAV,Foliage
891,14.0,0.52,10,30,10,0,20,0,1.0,0.3333333333333333,20220829_090000.WAV,Foliage
892,14.0,0.53,8,30,8,0,22,0,1.0,0.26666666666666666,20220829_090000.WAV,Foliage
893,14.0,0.54,7,30,7,0,23,0,1.0,0.23333333333333334,20220829_090000.WAV,Foliage
894,14.0,0.55,4,30,4,0,26,0,1.0,0.13333333333333333,20220829_090000.WAV,Foliage
895,14.0,0.56,2,30,2,0,28,0,1.0,0.06666666666666667,20220829_090000.WAV,Foliage
896,14.0,0.57,2,30,2,0,28,0,1.0,0.06666666666666667,20220829_090000.WAV,Foliage
897,14.0,0.58,2,30,2,0,28,0,1.0,0.06666666666666667,20220829_090000.WAV,Foliage
898,14.0,0.59,1,30,1,0,29,0,1.0,0.03333333333333333,20220829_090000.WAV,Foliage
899,14.0,0.6,1,30,1,0,29,0,1.0,0.03333333333333333,20220829_090000.WAV,Foliage
900,15.0,0.01,31,27,27,4,0,0,0.8709677419354839,1.0,20220829_090000.WAV,Foliage
901,15.0,0.02,31,27,27,4,0,0,0.8709677419354839,1.0,20220829_090000.WAV,Foliage
902,15.0,0.03,31,27,27,4,0,0,0.8709677419354839,1.0,20220829_090000.WAV,Foliage
903,15.0,0.04,31,27,27,4,0,0,0.8709677419354839,1.0,20220829_090000.WAV,Foliage
904,15.0,0.05,31,27,27,4,0,0,0.8709677419354839,1.0,20220829_090000.WAV,Foliage
905,15.0,0.06,31,27,27,4,0,0,0.8709677419354839,1.0,20220829_090000.WAV,Foliage
906,15.0,0.07,31,27,27,4,0,0,0.8709677419354839,1.0,20220829_090000.WAV,Foliage
907,15.0,0.08,31,27,27,4,0,0,0.8709677419354839,1.0,20220829_090000.WAV,Foliage
908,15.0,0.09,31,27,27,4,0,0,0.8709677419354839,1.0,20220829_090000.WAV,Foliage
909,15.0,0.1,31,27,27,4,0,0,0.8709677419354839,1.0,20220829_090000.WAV,Foliage
910,15.0,0.11,31,27,27,4,0,0,0.8709677419354839,1.0,20220829_090000.WAV,Foliage
911,15.0,0.12,31,27,27,4,0,0,0.8709677419354839,1.0,20220829_090000.WAV,Foliage
912,15.0,0.13,31,27,27,4,0,0,0.8709677419354839,1.0,20220829_090000.WAV,Foliage
913,15.0,0.14,31,27,27,4,0,0,0.8709677419354839,1.0,20220829_090000.WAV,Foliage
914,15.0,0.15,31,27,27,4,0,0,0.8709677419354839,1.0,20220829_090000.WAV,Foliage
915,15.0,0.16,31,27,27,4,0,0,0.8709677419354839,1.0,20220829_090000.WAV,Foliage
916,15.0,0.17,31,27,27,4,0,0,0.8709677419354839,1.0,20220829_090000.WAV,Foliage
917,15.0,0.18,31,27,27,4,0,0,0.8709677419354839,1.0,20220829_090000.WAV,Foliage
918,15.0,0.19,31,27,27,4,0,0,0.8709677419354839,1.0,20220829_090000.WAV,Foliage
919,15.0,0.2,31,27,27,4,0,0,0.8709677419354839,1.0,20220829_090000.WAV,Foliage
920,15.0,0.21,31,27,27,4,0,0,0.8709677419354839,1.0,20220829_090000.WAV,Foliage
921,15.0,0.22,31,27,27,4,0,0,0.8709677419354839,1.0,20220829_090000.WAV,Foliage
922,15.0,0.23,30,27,26,4,1,0,0.8666666666666667,0.9629629629629629,20220829_090000.WAV,Foliage
923,15.0,0.24,30,27,26,4,1,0,0.8666666666666667,0.9629629629629629,20220829_090000.WAV,Foliage
924,15.0,0.25,30,27,26,4,1,0,0.8666666666666667,0.9629629629629629,20220829_090000.WAV,Foliage
925,15.0,0.26,30,27,26,4,1,0,0.8666666666666667,0.9629629629629629,20220829_090000.WAV,Foliage
926,15.0,0.27,30,27,26,4,1,0,0.8666666666666667,0.9629629629629629,20220829_090000.WAV,Foliage
927,15.0,0.28,30,27,26,4,1,0,0.8666666666666667,0.9629629629629629,20220829_090000.WAV,Foliage
928,15.0,0.29,29,27,25,4,2,0,0.8620689655172413,0.9259259259259259,20220829_090000.WAV,Foliage
929,15.0,0.3,28,27,24,4,3,0,0.8571428571428571,0.8888888888888888,20220829_090000.WAV,Foliage
930,15.0,0.31,28,27,24,4,3,0,0.8571428571428571,0.8888888888888888,20220829_090000.WAV,Foliage
931,15.0,0.32,28,27,24,4,3,0,0.8571428571428571,0.8888888888888888,20220829_090000.WAV,Foliage
932,15.0,0.33,26,27,22,4,5,0,0.8461538461538461,0.8148148148148148,20220829_090000.WAV,Foliage
933,15.0,0.34,24,27,21,3,6,0,0.875,0.7777777777777778,20220829_090000.WAV,Foliage
934,15.0,0.35,24,27,21,3,6,0,0.875,0.7777777777777778,20220829_090000.WAV,Foliage
935,15.0,0.36,23,27,20,3,7,0,0.8695652173913043,0.7407407407407407,20220829_090000.WAV,Foliage
936,15.0,0.37,22,27,19,3,8,0,0.8636363636363636,0.7037037037037037,20220829_090000.WAV,Foliage
937,15.0,0.38,21,27,18,3,9,0,0.8571428571428571,0.6666666666666666,20220829_090000.WAV,Foliage
938,15.0,0.39,21,27,18,3,9,0,0.8571428571428571,0.6666666666666666,20220829_090000.WAV,Foliage
939,15.0,0.4,19,27,17,2,10,0,0.8947368421052632,0.6296296296296297,20220829_090000.WAV,Foliage
940,15.0,0.41,18,27,16,2,11,0,0.8888888888888888,0.5925925925925926,20220829_090000.WAV,Foliage
941,15.0,0.42,16,27,15,1,12,0,0.9375,0.5555555555555556,20220829_090000.WAV,Foliage
942,15.0,0.43,15,27,15,0,12,0,1.0,0.5555555555555556,20220829_090000.WAV,Foliage
943,15.0,0.44,15,27,15,0,12,0,1.0,0.5555555555555556,20220829_090000.WAV,Foliage
944,15.0,0.45,15,27,15,0,12,0,1.0,0.5555555555555556,20220829_090000.WAV,Foliage
945,15.0,0.46,15,27,15,0,12,0,1.0,0.5555555555555556,20220829_090000.WAV,Foliage
946,15.0,0.47,15,27,15,0,12,0,1.0,0.5555555555555556,20220829_090000.WAV,Foliage
947,15.0,0.48,13,27,13,0,14,0,1.0,0.48148148148148145,20220829_090000.WAV,Foliage
948,15.0,0.49,12,27,12,0,15,0,1.0,0.4444444444444444,20220829_090000.WAV,Foliage
949,15.0,0.5,11,27,11,0,16,0,1.0,0.4074074074074074,20220829_090000.WAV,Foliage
950,15.0,0.51,11,27,11,0,16,0,1.0,0.4074074074074074,20220829_090000.WAV,Foliage
951,15.0,0.52,10,27,10,0,17,0,1.0,0.37037037037037035,20220829_090000.WAV,Foliage
952,15.0,0.53,8,27,8,0,19,0,1.0,0.2962962962962963,20220829_090000.WAV,Foliage
953,15.0,0.54,7,27,7,0,20,0,1.0,0.25925925925925924,20220829_090000.WAV,Foliage
954,15.0,0.55,4,27,4,0,23,0,1.0,0.14814814814814814,20220829_090000.WAV,Foliage
955,15.0,0.56,2,27,2,0,25,0,1.0,0.07407407407407407,20220829_090000.WAV,Foliage
956,15.0,0.57,2,27,2,0,25,0,1.0,0.07407407407407407,20220829_090000.WAV,Foliage
957,15.0,0.58,2,27,2,0,25,0,1.0,0.07407407407407407,20220829_090000.WAV,Foliage
958,15.0,0.59,1,27,1,0,26,0,1.0,0.037037037037037035,20220829_090000.WAV,Foliage
959,15.0,0.6,1,27,1,0,26,0,1.0,0.037037037037037035,20220829_090000.WAV,Foliage
960,16.0,0.01,27,22,22,5,0,0,0.8148148148148148,1.0,20220829_090000.WAV,Foliage
961,16.0,0.02,27,22,22,5,0,0,0.8148148148148148,1.0,20220829_090000.WAV,Foliage
962,16.0,0.03,27,22,22,5,0,0,0.8148148148148148,1.0,20220829_090000.WAV,Foliage
963,16.0,0.04,27,22,22,5,0,0,0.8148148148148148,1.0,20220829_090000.WAV,Foliage
964,16.0,0.05,27,22,22,5,0,0,0.8148148148148148,1.0,20220829_090000.WAV,Foliage
965,16.0,0.06,27,22,22,5,0,0,0.8148148148148148,1.0,20220829_090000.WAV,Foliage
966,16.0,0.07,27,22,22,5,0,0,0.8148148148148148,1.0,20220829_090000.WAV,Foliage
967,16.0,0.08,27,22,22,5,0,0,0.8148148148148148,1.0,20220829_090000.WAV,Foliage
968,16.0,0.09,27,22,22,5,0,0,0.8148148148148148,1.0,20220829_090000.WAV,Foliage
969,16.0,0.1,27,22,22,5,0,0,0.8148148148148148,1.0,20220829_090000.WAV,Foliage
970,16.0,0.11,27,22,22,5,0,0,0.8148148148148148,1.0,20220829_090000.WAV,Foliage
971,16.0,0.12,27,22,22,5,0,0,0.8148148148148148,1.0,20220829_090000.WAV,Foliage
972,16.0,0.13,27,22,22,5,0,0,0.8148148148148148,1.0,20220829_090000.WAV,Foliage
973,16.0,0.14,27,22,22,5,0,0,0.8148148148148148,1.0,20220829_090000.WAV,Foliage
974,16.0,0.15,27,22,22,5,0,0,0.8148148148148148,1.0,20220829_090000.WAV,Foliage
975,16.0,0.16,27,22,22,5,0,0,0.8148148148148148,1.0,20220829_090000.WAV,Foliage
976,16.0,0.17,27,22,22,5,0,0,0.8148148148148148,1.0,20220829_090000.WAV,Foliage
977,16.0,0.18,27,22,22,5,0,0,0.8148148148148148,1.0,20220829_090000.WAV,Foliage
978,16.0,0.19,27,22,22,5,0,0,0.8148148148148148,1.0,20220829_090000.WAV,Foliage
979,16.0,0.2,27,22,22,5,0,0,0.8148148148148148,1.0,20220829_090000.WAV,Foliage
980,16.0,0.21,27,22,22,5,0,0,0.8148148148148148,1.0,20220829_090000.WAV,Foliage
981,16.0,0.22,27,22,22,5,0,0,0.8148148148148148,1.0,20220829_090000.WAV,Foliage
982,16.0,0.23,26,22,22,4,0,0,0.8461538461538461,1.0,20220829_090000.WAV,Foliage
983,16.0,0.24,26,22,22,4,0,0,0.8461538461538461,1.0,20220829_090000.WAV,Foliage
984,16.0,0.25,26,22,22,4,0,0,0.8461538461538461,1.0,20220829_090000.WAV,Foliage
985,16.0,0.26,26,22,22,4,0,0,0.8461538461538461,1.0,20220829_090000.WAV,Foliage
986,16.0,0.27,26,22,22,4,0,0,0.8461538461538461,1.0,20220829_090000.WAV,Foliage
987,16.0,0.28,26,22,22,4,0,0,0.8461538461538461,1.0,20220829_090000.WAV,Foliage
988,16.0,0.29,25,22,21,4,1,0,0.84,0.9545454545454546,20220829_090000.WAV,Foliage
989,16.0,0.3,24,22,20,4,2,0,0.8333333333333334,0.9090909090909091,20220829_090000.WAV,Foliage
990,16.0,0.31,24,22,20,4,2,0,0.8333333333333334,0.9090909090909091,20220829_090000.WAV,Foliage
991,16.0,0.32,24,22,20,4,2,0,0.8333333333333334,0.9090909090909091,20220829_090000.WAV,Foliage
992,16.0,0.33,22,22,18,4,4,0,0.8181818181818182,0.8181818181818182,20220829_090000.WAV,Foliage
993,16.0,0.34,20,22,17,3,5,0,0.85,0.7727272727272727,20220829_090000.WAV,Foliage
994,16.0,0.35,20,22,17,3,5,0,0.85,0.7727272727272727,20220829_090000.WAV,Foliage
995,16.0,0.36,19,22,16,3,6,0,0.8421052631578947,0.7272727272727273,20220829_090000.WAV,Foliage
996,16.0,0.37,18,22,15,3,7,0,0.8333333333333334,0.6818181818181818,20220829_090000.WAV,Foliage
997,16.0,0.38,17,22,14,3,8,0,0.8235294117647058,0.6363636363636364,20220829_090000.WAV,Foliage
998,16.0,0.39,17,22,14,3,8,0,0.8235294117647058,0.6363636363636364,20220829_090000.WAV,Foliage
999,16.0,0.4,16,22,14,2,8,0,0.875,0.6363636363636364,20220829_090000.WAV,Foliage
1000,16.0,0.41,15,22,13,2,9,0,0.8666666666666667,0.5909090909090909,20220829_090000.WAV,Foliage
1001,16.0,0.42,14,22,12,2,10,0,0.8571428571428571,0.5454545454545454,20220829_090000.WAV,Foliage
1002,16.0,0.43,13,22,12,1,10,0,0.9230769230769231,0.5454545454545454,20220829_090000.WAV,Foliage
1003,16.0,0.44,13,22,12,1,10,0,0.9230769230769231,0.5454545454545454,20220829_090000.WAV,Foliage
1004,16.0,0.45,13,22,12,1,10,0,0.9230769230769231,0.5454545454545454,20220829_090000.WAV,Foliage
1005,16.0,0.46,13,22,12,1,10,0,0.9230769230769231,0.5454545454545454,20220829_090000.WAV,Foliage
1006,16.0,0.47,13,22,12,1,10,0,0.9230769230769231,0.5454545454545454,20220829_090000.WAV,Foliage
1007,16.0,0.48,11,22,11,0,11,0,1.0,0.5,20220829_090000.WAV,Foliage
1008,16.0,0.49,10,22,10,0,12,0,1.0,0.45454545454545453,20220829_090000.WAV,Foliage
1009,16.0,0.5,9,22,9,0,13,0,1.0,0.4090909090909091,20220829_090000.WAV,Foliage
1010,16.0,0.51,9,22,9,0,13,0,1.0,0.4090909090909091,20220829_090000.WAV,Foliage
1011,16.0,0.52,8,22,8,0,14,0,1.0,0.36363636363636365,20220829_090000.WAV,Foliage
1012,16.0,0.53,7,22,7,0,15,0,1.0,0.3181818181818182,20220829_090000.WAV,Foliage
1013,16.0,0.54,6,22,6,0,16,0,1.0,0.2727272727272727,20220829_090000.WAV,Foliage
1014,16.0,0.55,3,22,3,0,19,0,1.0,0.13636363636363635,20220829_090000.WAV,Foliage
1015,16.0,0.56,2,22,2,0,20,0,1.0,0.09090909090909091,20220829_090000.WAV,Foliage
1016,16.0,0.57,2,22,2,0,20,0,1.0,0.09090909090909091,20220829_090000.WAV,Foliage
1017,16.0,0.58,2,22,2,0,20,0,1.0,0.09090909090909091,20220829_090000.WAV,Foliage
1018,16.0,0.59,1,22,1,0,21,0,1.0,0.045454545454545456,20220829_090000.WAV,Foliage
1019,16.0,0.6,1,22,1,0,21,0,1.0,0.045454545454545456,20220829_090000.WAV,Foliage
1020,17.0,0.01,21,14,14,7,0,0,0.6666666666666666,1.0,20220829_090000.WAV,Foliage
1021,17.0,0.02,21,14,14,7,0,0,0.6666666666666666,1.0,20220829_090000.WAV,Foliage
1022,17.0,0.03,21,14,14,7,0,0,0.6666666666666666,1.0,20220829_090000.WAV,Foliage
1023,17.0,0.04,21,14,14,7,0,0,0.6666666666666666,1.0,20220829_090000.WAV,Foliage
1024,17.0,0.05,21,14,14,7,0,0,0.6666666666666666,1.0,20220829_090000.WAV,Foliage
1025,17.0,0.06,21,14,14,7,0,0,0.6666666666666666,1.0,20220829_090000.WAV,Foliage
1026,17.0,0.07,21,14,14,7,0,0,0.6666666666666666,1.0,20220829_090000.WAV,Foliage
1027,17.0,0.08,21,14,14,7,0,0,0.6666666666666666,1.0,20220829_090000.WAV,Foliage
1028,17.0,0.09,21,14,14,7,0,0,0.6666666666666666,1.0,20220829_090000.WAV,Foliage
1029,17.0,0.1,21,14,14,7,0,0,0.6666666666666666,1.0,20220829_090000.WAV,Foliage
1030,17.0,0.11,21,14,14,7,0,0,0.6666666666666666,1.0,20220829_090000.WAV,Foliage
1031,17.0,0.12,21,14,14,7,0,0,0.6666666666666666,1.0,20220829_090000.WAV,Foliage
1032,17.0,0.13,21,14,14,7,0,0,0.6666666666666666,1.0,20220829_090000.WAV,Foliage
1033,17.0,0.14,21,14,14,7,0,0,0.6666666666666666,1.0,20220829_090000.WAV,Foliage
1034,17.0,0.15,21,14,14,7,0,0,0.6666666666666666,1.0,20220829_090000.WAV,Foliage
1035,17.0,0.16,21,14,14,7,0,0,0.6666666666666666,1.0,20220829_090000.WAV,Foliage
1036,17.0,0.17,21,14,14,7,0,0,0.6666666666666666,1.0,20220829_090000.WAV,Foliage
1037,17.0,0.18,21,14,14,7,0,0,0.6666666666666666,1.0,20220829_090000.WAV,Foliage
1038,17.0,0.19,21,14,14,7,0,0,0.6666666666666666,1.0,20220829_090000.WAV,Foliage
1039,17.0,0.2,21,14,14,7,0,0,0.6666666666666666,1.0,20220829_090000.WAV,Foliage
1040,17.0,0.21,21,14,14,7,0,0,0.6666666666666666,1.0,20220829_090000.WAV,Foliage
1041,17.0,0.22,21,14,14,7,0,0,0.6666666666666666,1.0,20220829_090000.WAV,Foliage
1042,17.0,0.23,20,14,14,6,0,0,0.7,1.0,20220829_090000.WAV,Foliage
1043,17.0,0.24,20,14,14,6,0,0,0.7,1.0,20220829_090000.WAV,Foliage
1044,17.0,0.25,20,14,14,6,0,0,0.7,1.0,20220829_090000.WAV,Foliage
1045,17.0,0.26,20,14,14,6,0,0,0.7,1.0,20220829_090000.WAV,Foliage
1046,17.0,0.27,20,14,14,6,0,0,0.7,1.0,20220829_090000.WAV,Foliage
1047,17.0,0.28,20,14,14,6,0,0,0.7,1.0,20220829_090000.WAV,Foliage
1048,17.0,0.29,19,14,14,5,0,0,0.7368421052631579,1.0,20220829_090000.WAV,Foliage
1049,17.0,0.3,18,14,13,5,1,0,0.7222222222222222,0.9285714285714286,20220829_090000.WAV,Foliage
1050,17.0,0.31,18,14,13,5,1,0,0.7222222222222222,0.9285714285714286,20220829_090000.WAV,Foliage
1051,17.0,0.32,18,14,13,5,1,0,0.7222222222222222,0.9285714285714286,20220829_090000.WAV,Foliage
1052,17.0,0.33,17,14,12,5,2,0,0.7058823529411765,0.8571428571428571,20220829_090000.WAV,Foliage
1053,17.0,0.34,16,14,11,5,3,0,0.6875,0.7857142857142857,20220829_090000.WAV,Foliage
1054,17.0,0.35,16,14,11,5,3,0,0.6875,0.7857142857142857,20220829_090000.WAV,Foliage
1055,17.0,0.36,15,14,10,5,4,0,0.6666666666666666,0.7142857142857143,20220829_090000.WAV,Foliage
1056,17.0,0.37,14,14,10,4,4,0,0.7142857142857143,0.7142857142857143,20220829_090000.WAV,Foliage
1057,17.0,0.38,13,14,10,3,4,0,0.7692307692307693,0.7142857142857143,20220829_090000.WAV,Foliage
1058,17.0,0.39,13,14,10,3,4,0,0.7692307692307693,0.7142857142857143,20220829_090000.WAV,Foliage
1059,17.0,0.4,13,14,10,3,4,0,0.7692307692307693,0.7142857142857143,20220829_090000.WAV,Foliage
1060,17.0,0.41,12,14,10,2,4,0,0.8333333333333334,0.7142857142857143,20220829_090000.WAV,Foliage
1061,17.0,0.42,11,14,10,1,4,0,0.9090909090909091,0.7142857142857143,20220829_090000.WAV,Foliage
1062,17.0,0.43,11,14,10,1,4,0,0.9090909090909091,0.7142857142857143,20220829_090000.WAV,Foliage
1063,17.0,0.44,11,14,10,1,4,0,0.9090909090909091,0.7142857142857143,20220829_090000.WAV,Foliage
1064,17.0,0.45,11,14,10,1,4,0,0.9090909090909091,0.7142857142857143,20220829_090000.WAV,Foliage
1065,17.0,0.46,11,14,10,1,4,0,0.9090909090909091,0.7142857142857143,20220829_090000.WAV,Foliage
1066,17.0,0.47,11,14,10,1,4,0,0.9090909090909091,0.7142857142857143,20220829_090000.WAV,Foliage
1067,17.0,0.48,9,14,9,0,5,0,1.0,0.6428571428571429,20220829_090000.WAV,Foliage
1068,17.0,0.49,8,14,8,0,6,0,1.0,0.5714285714285714,20220829_090000.WAV,Foliage
1069,17.0,0.5,7,14,7,0,7,0,1.0,0.5,20220829_090000.WAV,Foliage
1070,17.0,0.51,7,14,7,0,7,0,1.0,0.5,20220829_090000.WAV,Foliage
1071,17.0,0.52,6,14,6,0,8,0,1.0,0.42857142857142855,20220829_090000.WAV,Foliage
1072,17.0,0.53,6,14,6,0,8,0,1.0,0.42857142857142855,20220829_090000.WAV,Foliage
1073,17.0,0.54,5,14,5,0,9,0,1.0,0.35714285714285715,20220829_090000.WAV,Foliage
1074,17.0,0.55,2,14,2,0,12,0,1.0,0.14285714285714285,20220829_090000.WAV,Foliage
1075,17.0,0.56,2,14,2,0,12,0,1.0,0.14285714285714285,20220829_090000.WAV,Foliage
1076,17.0,0.57,2,14,2,0,12,0,1.0,0.14285714285714285,20220829_090000.WAV,Foliage
1077,17.0,0.58,2,14,2,0,12,0,1.0,0.14285714285714285,20220829_090000.WAV,Foliage
1078,17.0,0.59,1,14,1,0,13,0,1.0,0.07142857142857142,20220829_090000.WAV,Foliage
1079,17.0,0.6,1,14,1,0,13,0,1.0,0.07142857142857142,20220829_090000.WAV,Foliage
1080,18.0,0.01,19,12,12,7,0,0,0.631578947368421,1.0,20220829_090000.WAV,Foliage
1081,18.0,0.02,19,12,12,7,0,0,0.631578947368421,1.0,20220829_090000.WAV,Foliage
1082,18.0,0.03,19,12,12,7,0,0,0.631578947368421,1.0,20220829_090000.WAV,Foliage
1083,18.0,0.04,19,12,12,7,0,0,0.631578947368421,1.0,20220829_090000.WAV,Foliage
1084,18.0,0.05,19,12,12,7,0,0,0.631578947368421,1.0,20220829_090000.WAV,Foliage
1085,18.0,0.06,19,12,12,7,0,0,0.631578947368421,1.0,20220829_090000.WAV,Foliage
1086,18.0,0.07,19,12,12,7,0,0,0.631578947368421,1.0,20220829_090000.WAV,Foliage
1087,18.0,0.08,19,12,12,7,0,0,0.631578947368421,1.0,20220829_090000.WAV,Foliage
1088,18.0,0.09,19,12,12,7,0,0,0.631578947368421,1.0,20220829_090000.WAV,Foliage
1089,18.0,0.1,19,12,12,7,0,0,0.631578947368421,1.0,20220829_090000.WAV,Foliage
1090,18.0,0.11,19,12,12,7,0,0,0.631578947368421,1.0,20220829_090000.WAV,Foliage
1091,18.0,0.12,19,12,12,7,0,0,0.631578947368421,1.0,20220829_090000.WAV,Foliage
1092,18.0,0.13,19,12,12,7,0,0,0.631578947368421,1.0,20220829_090000.WAV,Foliage
1093,18.0,0.14,19,12,12,7,0,0,0.631578947368421,1.0,20220829_090000.WAV,Foliage
1094,18.0,0.15,19,12,12,7,0,0,0.631578947368421,1.0,20220829_090000.WAV,Foliage
1095,18.0,0.16,19,12,12,7,0,0,0.631578947368421,1.0,20220829_090000.WAV,Foliage
1096,18.0,0.17,19,12,12,7,0,0,0.631578947368421,1.0,20220829_090000.WAV,Foliage
1097,18.0,0.18,19,12,12,7,0,0,0.631578947368421,1.0,20220829_090000.WAV,Foliage
1098,18.0,0.19,19,12,12,7,0,0,0.631578947368421,1.0,20220829_090000.WAV,Foliage
1099,18.0,0.2,19,12,12,7,0,0,0.631578947368421,1.0,20220829_090000.WAV,Foliage
1100,18.0,0.21,19,12,12,7,0,0,0.631578947368421,1.0,20220829_090000.WAV,Foliage
1101,18.0,0.22,19,12,12,7,0,0,0.631578947368421,1.0,20220829_090000.WAV,Foliage
1102,18.0,0.23,19,12,12,7,0,0,0.631578947368421,1.0,20220829_090000.WAV,Foliage
1103,18.0,0.24,19,12,12,7,0,0,0.631578947368421,1.0,20220829_090000.WAV,Foliage
1104,18.0,0.25,19,12,12,7,0,0,0.631578947368421,1.0,20220829_090000.WAV,Foliage
1105,18.0,0.26,19,12,12,7,0,0,0.631578947368421,1.0,20220829_090000.WAV,Foliage
1106,18.0,0.27,19,12,12,7,0,0,0.631578947368421,1.0,20220829_090000.WAV,Foliage
1107,18.0,0.28,19,12,12,7,0,0,0.631578947368421,1.0,20220829_090000.WAV,Foliage
1108,18.0,0.29,18,12,12,6,0,0,0.6666666666666666,1.0,20220829_090000.WAV,Foliage
1109,18.0,0.3,17,12,11,6,1,0,0.6470588235294118,0.9166666666666666,20220829_090000.WAV,Foliage
1110,18.0,0.31,17,12,11,6,1,0,0.6470588235294118,0.9166666666666666,20220829_090000.WAV,Foliage
1111,18.0,0.32,17,12,11,6,1,0,0.6470588235294118,0.9166666666666666,20220829_090000.WAV,Foliage
1112,18.0,0.33,16,12,11,5,1,0,0.6875,0.9166666666666666,20220829_090000.WAV,Foliage
1113,18.0,0.34,15,12,10,5,2,0,0.6666666666666666,0.8333333333333334,20220829_090000.WAV,Foliage
1114,18.0,0.35,15,12,10,5,2,0,0.6666666666666666,0.8333333333333334,20220829_090000.WAV,Foliage
1115,18.0,0.36,14,12,9,5,3,0,0.6428571428571429,0.75,20220829_090000.WAV,Foliage
1116,18.0,0.37,13,12,9,4,3,0,0.6923076923076923,0.75,20220829_090000.WAV,Foliage
1117,18.0,0.38,12,12,9,3,3,0,0.75,0.75,20220829_090000.WAV,Foliage
1118,18.0,0.39,12,12,9,3,3,0,0.75,0.75,20220829_090000.WAV,Foliage
1119,18.0,0.4,12,12,9,3,3,0,0.75,0.75,20220829_090000.WAV,Foliage
1120,18.0,0.41,11,12,9,2,3,0,0.8181818181818182,0.75,20220829_090000.WAV,Foliage
1121,18.0,0.42,10,12,9,1,3,0,0.9,0.75,20220829_090000.WAV,Foliage
1122,18.0,0.43,10,12,9,1,3,0,0.9,0.75,20220829_090000.WAV,Foliage
1123,18.0,0.44,10,12,9,1,3,0,0.9,0.75,20220829_090000.WAV,Foliage
1124,18.0,0.45,10,12,9,1,3,0,0.9,0.75,20220829_090000.WAV,Foliage
1125,18.0,0.46,10,12,9,1,3,0,0.9,0.75,20220829_090000.WAV,Foliage
1126,18.0,0.47,10,12,9,1,3,0,0.9,0.75,20220829_090000.WAV,Foliage
1127,18.0,0.48,8,12,8,0,4,0,1.0,0.6666666666666666,20220829_090000.WAV,Foliage
1128,18.0,0.49,7,12,7,0,5,0,1.0,0.5833333333333334,20220829_090000.WAV,Foliage
1129,18.0,0.5,6,12,6,0,6,0,1.0,0.5,20220829_090000.WAV,Foliage
1130,18.0,0.51,6,12,6,0,6,0,1.0,0.5,20220829_090000.WAV,Foliage
1131,18.0,0.52,5,12,5,0,7,0,1.0,0.4166666666666667,20220829_090000.WAV,Foliage
1132,18.0,0.53,5,12,5,0,7,0,1.0,0.4166666666666667,20220829_090000.WAV,Foliage
1133,18.0,0.54,5,12,5,0,7,0,1.0,0.4166666666666667,20220829_090000.WAV,Foliage
1134,18.0,0.55,2,12,2,0,10,0,1.0,0.16666666666666666,20220829_090000.WAV,Foliage
1135,18.0,0.56,2,12,2,0,10,0,1.0,0.16666666666666666,20220829_090000.WAV,Foliage
1136,18.0,0.57,2,12,2,0,10,0,1.0,0.16666666666666666,20220829_090000.WAV,Foliage
1137,18.0,0.58,2,12,2,0,10,0,1.0,0.16666666666666666,20220829_090000.WAV,Foliage
1138,18.0,0.59,1,12,1,0,11,0,1.0,0.08333333333333333,20220829_090000.WAV,Foliage
1139,18.0,0.6,1,12,1,0,11,0,1.0,0.08333333333333333,20220829_090000.WAV,Foliage
1140,19.0,0.01,15,10,10,5,0,0,0.6666666666666666,1.0,20220829_090000.WAV,Foliage
1141,19.0,0.02,15,10,10,5,0,0,0.6666666666666666,1.0,20220829_090000.WAV,Foliage
1142,19.0,0.03,15,10,10,5,0,0,0.6666666666666666,1.0,20220829_090000.WAV,Foliage
1143,19.0,0.04,15,10,10,5,0,0,0.6666666666666666,1.0,20220829_090000.WAV,Foliage
1144,19.0,0.05,15,10,10,5,0,0,0.6666666666666666,1.0,20220829_090000.WAV,Foliage
1145,19.0,0.06,15,10,10,5,0,0,0.6666666666666666,1.0,20220829_090000.WAV,Foliage
1146,19.0,0.07,15,10,10,5,0,0,0.6666666666666666,1.0,20220829_090000.WAV,Foliage
1147,19.0,0.08,15,10,10,5,0,0,0.6666666666666666,1.0,20220829_090000.WAV,Foliage
1148,19.0,0.09,15,10,10,5,0,0,0.6666666666666666,1.0,20220829_090000.WAV,Foliage
1149,19.0,0.1,15,10,10,5,0,0,0.6666666666666666,1.0,20220829_090000.WAV,Foliage
1150,19.0,0.11,15,10,10,5,0,0,0.6666666666666666,1.0,20220829_090000.WAV,Foliage
1151,19.0,0.12,15,10,10,5,0,0,0.6666666666666666,1.0,20220829_090000.WAV,Foliage
1152,19.0,0.13,15,10,10,5,0,0,0.6666666666666666,1.0,20220829_090000.WAV,Foliage
1153,19.0,0.14,15,10,10,5,0,0,0.6666666666666666,1.0,20220829_090000.WAV,Foliage
1154,19.0,0.15,15,10,10,5,0,0,0.6666666666666666,1.0,20220829_090000.WAV,Foliage
1155,19.0,0.16,15,10,10,5,0,0,0.6666666666666666,1.0,20220829_090000.WAV,Foliage
1156,19.0,0.17,15,10,10,5,0,0,0.6666666666666666,1.0,20220829_090000.WAV,Foliage
1157,19.0,0.18,15,10,10,5,0,0,0.6666666666666666,1.0,20220829_090000.WAV,Foliage
1158,19.0,0.19,15,10,10,5,0,0,0.6666666666666666,1.0,20220829_090000.WAV,Foliage
1159,19.0,0.2,15,10,10,5,0,0,0.6666666666666666,1.0,20220829_090000.WAV,Foliage
1160,19.0,0.21,15,10,10,5,0,0,0.6666666666666666,1.0,20220829_090000.WAV,Foliage
1161,19.0,0.22,15,10,10,5,0,0,0.6666666666666666,1.0,20220829_090000.WAV,Foliage
1162,19.0,0.23,15,10,10,5,0,0,0.6666666666666666,1.0,20220829_090000.WAV,Foliage
1163,19.0,0.24,15,10,10,5,0,0,0.6666666666666666,1.0,20220829_090000.WAV,Foliage
1164,19.0,0.25,15,10,10,5,0,0,0.6666666666666666,1.0,20220829_090000.WAV,Foliage
1165,19.0,0.26,15,10,10,5,0,0,0.6666666666666666,1.0,20220829_090000.WAV,Foliage
1166,19.0,0.27,15,10,10,5,0,0,0.6666666666666666,1.0,20220829_090000.WAV,Foliage
1167,19.0,0.28,15,10,10,5,0,0,0.6666666666666666,1.0,20220829_090000.WAV,Foliage
1168,19.0,0.29,14,10,10,4,0,0,0.7142857142857143,1.0,20220829_090000.WAV,Foliage
1169,19.0,0.3,13,10,10,3,0,0,0.7692307692307693,1.0,20220829_090000.WAV,Foliage
1170,19.0,0.31,13,10,10,3,0,0,0.7692307692307693,1.0,20220829_090000.WAV,Foliage
1171,19.0,0.32,13,10,10,3,0,0,0.7692307692307693,1.0,20220829_090000.WAV,Foliage
1172,19.0,0.33,13,10,10,3,0,0,0.7692307692307693,1.0,20220829_090000.WAV,Foliage
1173,19.0,0.34,12,10,9,3,1,0,0.75,0.9,20220829_090000.WAV,Foliage
1174,19.0,0.35,12,10,9,3,1,0,0.75,0.9,20220829_090000.WAV,Foliage
1175,19.0,0.36,11,10,8,3,2,0,0.7272727272727273,0.8,20220829_090000.WAV,Foliage
1176,19.0,0.37,10,10,8,2,2,0,0.8,0.8,20220829_090000.WAV,Foliage
1177,19.0,0.38,10,10,8,2,2,0,0.8,0.8,20220829_090000.WAV,Foliage
1178,19.0,0.39,10,10,8,2,2,0,0.8,0.8,20220829_090000.WAV,Foliage
1179,19.0,0.4,10,10,8,2,2,0,0.8,0.8,20220829_090000.WAV,Foliage
1180,19.0,0.41,10,10,8,2,2,0,0.8,0.8,20220829_090000.WAV,Foliage
1181,19.0,0.42,9,10,8,1,2,0,0.8888888888888888,0.8,20220829_090000.WAV,Foliage
1182,19.0,0.43,9,10,8,1,2,0,0.8888888888888888,0.8,20220829_090000.WAV,Foliage
1183,19.0,0.44,9,10,8,1,2,0,0.8888888888888888,0.8,20220829_090000.WAV,Foliage
1184,19.0,0.45,9,10,8,1,2,0,0.8888888888888888,0.8,20220829_090000.WAV,Foliage
1185,19.0,0.46,9,10,8,1,2,0,0.8888888888888888,0.8,20220829_090000.WAV,Foliage
1186,19.0,0.47,9,10,8,1,2,0,0.8888888888888888,0.8,20220829_090000.WAV,Foliage
1187,19.0,0.48,7,10,7,0,3,0,1.0,0.7,20220829_090000.WAV,Foliage
1188,19.0,0.49,6,10,6,0,4,0,1.0,0.6,20220829_090000.WAV,Foliage
1189,19.0,0.5,5,10,5,0,5,0,1.0,0.5,20220829_090000.WAV,Foliage
1190,19.0,0.51,5,10,5,0,5,0,1.0,0.5,20220829_090000.WAV,Foliage
1191,19.0,0.52,4,10,4,0,6,0,1.0,0.4,20220829_090000.WAV,Foliage
1192,19.0,0.53,4,10,4,0,6,0,1.0,0.4,20220829_090000.WAV,Foliage
1193,19.0,0.54,4,10,4,0,6,0,1.0,0.4,20220829_090000.WAV,Foliage
1194,19.0,0.55,1,10,1,0,9,0,1.0,0.1,20220829_090000.WAV,Foliage
1195,19.0,0.56,1,10,1,0,9,0,1.0,0.1,20220829_090000.WAV,Foliage
1196,19.0,0.57,1,10,1,0,9,0,1.0,0.1,20220829_090000.WAV,Foliage
1197,19.0,0.58,1,10,1,0,9,0,1.0,0.1,20220829_090000.WAV,Foliage
1198,19.0,0.59,0,10,0,0,10,0,,0.0,20220829_090000.WAV,Foliage
1199,19.0,0.6,0,10,0,0,10,0,,0.0,20220829_090000.WAV,Foliage
