KMEANS_CLASSES,peak_frequency,SNR,start_time,end_time,low_freq,high_freq,event,class,class_prob,det_prob,individual,sampling_rate,input_file,Recover Folder,SD Card,Site name
HF,65280.0,2.2943679022527728,41.6475,41.6629,63281.0,67995.0,Echolocation,Pipistrellus pygmaeus,0.433,0.453,-1,192000.0,/mnt/ubna_data_07/recover-20260108/UBNA_024/20260102_202000.WAV,recover-20260108,UBNA_024,Carp Pond
HF,65280.0,1.0839997180542473,88.2205,88.2355,63281.0,67941.0,Echolocation,Pipistrellus pipistrellus,0.157,0.365,-1,192000.0,/mnt/ubna_data_07/recover-20260108/UBNA_024/20260102_202000.WAV,recover-20260108,UBNA_024,Carp Pond
HF,65280.0,0.4003683773418601,100.3905,100.406,63281.0,66406.0,Echolocation,Pipistrellus pygmaeus,0.356,0.366,-1,192000.0,/mnt/ubna_data_07/recover-20260108/UBNA_024/20260102_202000.WAV,recover-20260108,UBNA_024,Carp Pond
HF,65280.0,-0.8327850395445856,104.6745,104.6878,64140.0,69728.0,Echolocation,Pipistrellus pygmaeus,0.321,0.331,-1,192000.0,/mnt/ubna_data_07/recover-20260108/UBNA_024/20260102_202000.WAV,recover-20260108,UBNA_024,Carp Pond
HF,65280.0,3.915066951372715,110.1805,110.197,64140.0,68069.0,Echolocation,Pipistrellus pygmaeus,0.38,0.391,-1,192000.0,/mnt/ubna_data_07/recover-20260108/UBNA_024/20260102_202000.WAV,recover-20260108,UBNA_024,Carp Pond
HF,65280.0,2.660140760105014,113.4785,113.4958,62421.0,67491.0,Echolocation,Pipistrellus pygmaeus,0.277,0.317,-1,192000.0,/mnt/ubna_data_07/recover-20260108/UBNA_024/20260102_202000.WAV,recover-20260108,UBNA_024,Carp Pond
HF,65280.0,-0.465376133880481,114.1965,114.2094,62421.0,67511.0,Echolocation,Pipistrellus pygmaeus,0.344,0.36,-1,192000.0,/mnt/ubna_data_07/recover-20260108/UBNA_024/20260102_202000.WAV,recover-20260108,UBNA_024,Carp Pond
HF,65280.0,2.115174629268535,117.3445,117.352,54687.0,63478.0,Echolocation,Pipistrellus pygmaeus,0.355,0.394,-1,192000.0,/mnt/ubna_data_07/recover-20260108/UBNA_024/20260102_202000.WAV,recover-20260108,UBNA_024,Carp Pond
HF,65280.0,1.9533102835581848,120.9375,120.9538,62421.0,68334.0,Echolocation,Pipistrellus pygmaeus,0.292,0.327,-1,192000.0,/mnt/ubna_data_07/recover-20260108/UBNA_024/20260102_202000.WAV,recover-20260108,UBNA_024,Carp Pond
HF,65280.0,0.6131778584450426,121.7895,121.801,61562.0,67025.0,Echolocation,Pipistrellus pygmaeus,0.293,0.302,-1,192000.0,/mnt/ubna_data_07/recover-20260108/UBNA_024/20260102_202000.WAV,recover-20260108,UBNA_024,Carp Pond
HF,65280.0,0.18402721880882084,132.4805,132.4949,62421.0,68744.0,Echolocation,Pipistrellus pygmaeus,0.305,0.317,-1,192000.0,/mnt/ubna_data_07/recover-20260108/UBNA_024/20260102_202000.WAV,recover-20260108,UBNA_024,Carp Pond
HF,60480.0,-1.4397699090193452,139.2095,139.2172,56406.0,60504.0,Echolocation,Pipistrellus pygmaeus,0.324,0.331,-1,192000.0,/mnt/ubna_data_07/recover-20260108/UBNA_024/20260102_202000.WAV,recover-20260108,UBNA_024,Carp Pond
HF,65280.0,2.426056698755937,140.3445,140.3594,63281.0,68253.0,Echolocation,Pipistrellus pipistrellus,0.134,0.301,-1,192000.0,/mnt/ubna_data_07/recover-20260108/UBNA_024/20260102_202000.WAV,recover-20260108,UBNA_024,Carp Pond
HF,65280.0,-0.13370180680266752,140.4895,140.5033,63281.0,68106.0,Echolocation,Pipistrellus pygmaeus,0.437,0.458,-1,192000.0,/mnt/ubna_data_07/recover-20260108/UBNA_024/20260102_202000.WAV,recover-20260108,UBNA_024,Carp Pond
HF,65280.0,-0.25898651455486077,151.3795,151.396,63281.0,67727.0,Echolocation,Pipistrellus pygmaeus,0.343,0.354,-1,192000.0,/mnt/ubna_data_07/recover-20260108/UBNA_024/20260102_202000.WAV,recover-20260108,UBNA_024,Carp Pond
HF,41280.0,-2.083301407849717,153.3545,153.3637,40078.0,44823.0,Echolocation,Pipistrellus nathusii,0.281,0.348,-1,192000.0,/mnt/ubna_data_07/recover-20260108/UBNA_024/20260102_202000.WAV,recover-20260108,UBNA_024,Carp Pond
HF,40320.0,5.163559556670635,158.0945,158.1068,40078.0,43953.0,Echolocation,Pipistrellus nathusii,0.29,0.426,-1,192000.0,/mnt/ubna_data_07/recover-20260108/UBNA_024/20260102_202000.WAV,recover-20260108,UBNA_024,Carp Pond
LF,24000.0,2.4734141151669844,160.0505,160.0646,23750.0,27556.0,Echolocation,Nyctalus leisleri,0.254,0.331,-1,192000.0,/mnt/ubna_data_07/recover-20260108/UBNA_024/20260102_202000.WAV,recover-20260108,UBNA_024,Carp Pond
LF,22080.0,1.799737675109785,161.9145,161.93110000000001,21171.0,24380.0,Echolocation,Nyctalus leisleri,0.273,0.307,-1,192000.0,/mnt/ubna_data_07/recover-20260108/UBNA_024/20260102_202000.WAV,recover-20260108,UBNA_024,Carp Pond
HF,65280.0,13.058336507840828,167.7855,167.8004,65000.0,70563.0,Echolocation,Pipistrellus pygmaeus,0.457,0.463,-1,192000.0,/mnt/ubna_data_07/recover-20260108/UBNA_024/20260102_202000.WAV,recover-20260108,UBNA_024,Carp Pond
HF,65280.0,5.961796145030101,192.1775,192.1968,64140.0,68658.0,Echolocation,Pipistrellus pygmaeus,0.309,0.318,-1,192000.0,/mnt/ubna_data_07/recover-20260108/UBNA_024/20260102_202000.WAV,recover-20260108,UBNA_024,Carp Pond
HF,65280.0,3.3066493087703837,287.4085,287.4275,65000.0,69347.0,Echolocation,Pipistrellus pygmaeus,0.343,0.362,-1,192000.0,/mnt/ubna_data_07/recover-20260108/UBNA_024/20260102_202000.WAV,recover-20260108,UBNA_024,Carp Pond
HF,45120.0,2.4325871262793894,65.48949999999999,65.4944,41796.0,68761.0,Echolocation,Myotis daubentonii,0.148,0.309,-1,192000.0,/mnt/ubna_data_07/recover-20260108/UBNA_024/20260102_203000.WAV,recover-20260108,UBNA_024,Carp Pond
LF,21120.0,-9.235408203188056,73.1855,73.1918,21171.0,35826.0,Echolocation,Plecotus austriacus,0.238,0.355,-1,192000.0,/mnt/ubna_data_07/recover-20260108/UBNA_024/20260102_203000.WAV,recover-20260108,UBNA_024,Carp Pond
LF,25920.0,0.6495033881871665,84.2565,84.2628,22890.0,35374.0,Echolocation,Plecotus austriacus,0.169,0.336,-1,192000.0,/mnt/ubna_data_07/recover-20260108/UBNA_024/20260102_203000.WAV,recover-20260108,UBNA_024,Carp Pond
LF,22080.0,4.1712492431881465,87.9225,87.928,19453.0,38271.0,Echolocation,Plecotus austriacus,0.193,0.338,-1,192000.0,/mnt/ubna_data_07/recover-20260108/UBNA_024/20260102_203000.WAV,recover-20260108,UBNA_024,Carp Pond
LF,21120.0,2.2206854708872132,134.3435,134.3488,22031.0,54241.0,Echolocation,Myotis nattereri,0.272,0.301,-1,192000.0,/mnt/ubna_data_07/recover-20260108/UBNA_024/20260102_203000.WAV,recover-20260108,UBNA_024,Carp Pond
LF,23040.0,10.337146995050892,131.5065,131.5204,23750.0,27949.0,Echolocation,Nyctalus leisleri,0.311,0.441,-1,192000.0,/mnt/ubna_data_07/recover-20260108/UBNA_024/20260102_204000.WAV,recover-20260108,UBNA_024,Carp Pond
LF,25920.0,15.33309128212203,137.5485,137.5666,25468.0,28761.0,Echolocation,Nyctalus leisleri,0.32,0.4,-1,192000.0,/mnt/ubna_data_07/recover-20260108/UBNA_024/20260102_204000.WAV,recover-20260108,UBNA_024,Carp Pond
HF,63360.0,-0.7267268291126385,145.4635,145.4764,64140.0,69006.0,Echolocation,Pipistrellus pygmaeus,0.329,0.333,-1,192000.0,/mnt/ubna_data_07/recover-20260108/UBNA_024/20260102_204000.WAV,recover-20260108,UBNA_024,Carp Pond
HF,67200.0,2.2322963744749478,145.5205,145.5336,64140.0,68982.0,Echolocation,Pipistrellus pygmaeus,0.353,0.361,-1,192000.0,/mnt/ubna_data_07/recover-20260108/UBNA_024/20260102_204000.WAV,recover-20260108,UBNA_024,Carp Pond
HF,40320.0,11.64377096453195,271.9465,271.951,27187.0,71868.0,Echolocation,Myotis nattereri,0.264,0.364,-1,192000.0,/mnt/ubna_data_07/recover-20260108/UBNA_024/20260102_204000.WAV,recover-20260108,UBNA_024,Carp Pond
LF,21120.0,-22.554631395862884,273.1325,273.1453,20312.0,28077.0,Echolocation,Nyctalus leisleri,0.18,0.354,-1,192000.0,/mnt/ubna_data_07/recover-20260108/UBNA_024/20260102_204000.WAV,recover-20260108,UBNA_024,Carp Pond
HF,70080.0,-4.054005163688622,286.6005,286.6284,68437.0,80310.0,Echolocation,Rhinolophus ferrumequinum,0.329,0.329,-1,192000.0,/mnt/ubna_data_07/recover-20260108/UBNA_024/20260102_204000.WAV,recover-20260108,UBNA_024,Carp Pond
HF,47040.0,38.62192652650066,4.6995,4.7041,32343.0,82356.0,Echolocation,Myotis mystacinus,0.169,0.301,-1,192000.0,/mnt/ubna_data_07/recover-20260108/UBNA_024/20260102_205000.WAV,recover-20260108,UBNA_024,Carp Pond
HF,40320.0,1.7442118743736361,8.5005,8.5043,25468.0,71050.0,Echolocation,Myotis nattereri,0.246,0.32,-1,192000.0,/mnt/ubna_data_07/recover-20260108/UBNA_024/20260102_205000.WAV,recover-20260108,UBNA_024,Carp Pond
HF,48000.0,17.282389290542174,8.7405,8.7451,23750.0,82586.0,Echolocation,Myotis nattereri,0.284,0.322,-1,192000.0,/mnt/ubna_data_07/recover-20260108/UBNA_024/20260102_205000.WAV,recover-20260108,UBNA_024,Carp Pond
HF,43200.0,10.935895742396266,16.9975,17.0025,22890.0,90605.0,Echolocation,Myotis nattereri,0.341,0.351,-1,192000.0,/mnt/ubna_data_07/recover-20260108/UBNA_024/20260102_205000.WAV,recover-20260108,UBNA_024,Carp Pond
HF,59520.0,56.50516085272511,17.5345,17.5391,50390.0,71917.0,Echolocation,Pipistrellus pipistrellus,0.139,0.343,-1,192000.0,/mnt/ubna_data_07/recover-20260108/UBNA_024/20260102_205000.WAV,recover-20260108,UBNA_024,Carp Pond
HF,42240.0,12.970181467284089,21.6635,21.6685,18593.0,78202.0,Echolocation,Myotis nattereri,0.364,0.372,-1,192000.0,/mnt/ubna_data_07/recover-20260108/UBNA_024/20260102_205000.WAV,recover-20260108,UBNA_024,Carp Pond
HF,45120.0,15.02260616432084,23.0825,23.0875,21171.0,75841.0,Echolocation,Myotis nattereri,0.335,0.346,-1,192000.0,/mnt/ubna_data_07/recover-20260108/UBNA_024/20260102_205000.WAV,recover-20260108,UBNA_024,Carp Pond
HF,46080.0,16.613465847064507,27.1815,27.1862,22031.0,75020.0,Echolocation,Myotis nattereri,0.408,0.468,-1,192000.0,/mnt/ubna_data_07/recover-20260108/UBNA_024/20260102_205000.WAV,recover-20260108,UBNA_024,Carp Pond
HF,46080.0,1.659795202430678,29.2685,29.2728,23750.0,74272.0,Echolocation,Myotis nattereri,0.297,0.332,-1,192000.0,/mnt/ubna_data_07/recover-20260108/UBNA_024/20260102_205000.WAV,recover-20260108,UBNA_024,Carp Pond
HF,41280.0,1.6741935576697684,30.1855,30.19,22031.0,66839.0,Echolocation,Myotis nattereri,0.318,0.33,-1,192000.0,/mnt/ubna_data_07/recover-20260108/UBNA_024/20260102_205000.WAV,recover-20260108,UBNA_024,Carp Pond
HF,47040.0,14.297356906297331,33.3375,33.341499999999996,22890.0,77505.0,Echolocation,Myotis nattereri,0.499,0.535,-1,192000.0,/mnt/ubna_data_07/recover-20260108/UBNA_024/20260102_205000.WAV,recover-20260108,UBNA_024,Carp Pond
HF,43200.0,11.397943795503025,42.6905,42.6942,23750.0,76539.0,Echolocation,Myotis nattereri,0.473,0.531,-1,192000.0,/mnt/ubna_data_07/recover-20260108/UBNA_024/20260102_205000.WAV,recover-20260108,UBNA_024,Carp Pond
HF,45120.0,13.255429698218041,45.2335,45.2372,25468.0,71907.0,Echolocation,Myotis nattereri,0.274,0.344,-1,192000.0,/mnt/ubna_data_07/recover-20260108/UBNA_024/20260102_205000.WAV,recover-20260108,UBNA_024,Carp Pond
HF,43200.0,5.685652966950663,58.1355,58.1398,22890.0,72437.0,Echolocation,Myotis nattereri,0.259,0.305,-1,192000.0,/mnt/ubna_data_07/recover-20260108/UBNA_024/20260102_205000.WAV,recover-20260108,UBNA_024,Carp Pond
HF,43200.0,9.22572310289363,66.2825,66.2873,21171.0,78768.0,Echolocation,Myotis nattereri,0.328,0.344,-1,192000.0,/mnt/ubna_data_07/recover-20260108/UBNA_024/20260102_205000.WAV,recover-20260108,UBNA_024,Carp Pond
HF,72000.0,1.3141069401080283,70.2035,70.2402,68437.0,81522.0,Echolocation,Rhinolophus ferrumequinum,0.321,0.322,-1,192000.0,/mnt/ubna_data_07/recover-20260108/UBNA_024/20260102_205000.WAV,recover-20260108,UBNA_024,Carp Pond
HF,46080.0,8.070085049241941,72.4765,72.48140000000001,22031.0,76534.0,Echolocation,Myotis nattereri,0.289,0.314,-1,192000.0,/mnt/ubna_data_07/recover-20260108/UBNA_024/20260102_205000.WAV,recover-20260108,UBNA_024,Carp Pond
HF,48960.0,14.708337226122072,81.7515,81.7555,27187.0,77305.0,Echolocation,Myotis nattereri,0.198,0.314,-1,192000.0,/mnt/ubna_data_07/recover-20260108/UBNA_024/20260102_205000.WAV,recover-20260108,UBNA_024,Carp Pond
HF,47040.0,4.319214359207842,82.6365,82.6408,46093.0,66950.0,Echolocation,Myotis mystacinus,0.131,0.401,-1,192000.0,/mnt/ubna_data_07/recover-20260108/UBNA_024/20260102_205000.WAV,recover-20260108,UBNA_024,Carp Pond
HF,40320.0,5.616332280043707,87.8615,87.8652,35781.0,68536.0,Echolocation,Myotis nattereri,0.113,0.301,-1,192000.0,/mnt/ubna_data_07/recover-20260108/UBNA_024/20260102_205000.WAV,recover-20260108,UBNA_024,Carp Pond
HF,48960.0,17.72925893443052,90.0675,90.0721,25468.0,91285.0,Echolocation,Myotis nattereri,0.427,0.487,-1,192000.0,/mnt/ubna_data_07/recover-20260108/UBNA_024/20260102_205000.WAV,recover-20260108,UBNA_024,Carp Pond
HF,48960.0,17.387287153406184,91.0995,91.1042,22031.0,71195.0,Echolocation,Myotis nattereri,0.336,0.348,-1,192000.0,/mnt/ubna_data_07/recover-20260108/UBNA_024/20260102_205000.WAV,recover-20260108,UBNA_024,Carp Pond
HF,52800.0,7.3860344440429575,98.0475,98.0508,25468.0,68979.0,Echolocation,Myotis nattereri,0.363,0.406,-1,192000.0,/mnt/ubna_data_07/recover-20260108/UBNA_024/20260102_205000.WAV,recover-20260108,UBNA_024,Carp Pond
HF,41280.0,14.10633942638475,99.2365,99.2404,29765.0,69123.0,Echolocation,Myotis nattereri,0.219,0.434,-1,192000.0,/mnt/ubna_data_07/recover-20260108/UBNA_024/20260102_205000.WAV,recover-20260108,UBNA_024,Carp Pond
HF,48960.0,16.855572784761215,103.2505,103.2543,28046.0,79147.0,Echolocation,Myotis nattereri,0.178,0.31,-1,192000.0,/mnt/ubna_data_07/recover-20260108/UBNA_024/20260102_205000.WAV,recover-20260108,UBNA_024,Carp Pond
HF,40320.0,5.609767770661692,104.3935,104.39750000000001,23750.0,73651.0,Echolocation,Myotis nattereri,0.29,0.33,-1,192000.0,/mnt/ubna_data_07/recover-20260108/UBNA_024/20260102_205000.WAV,recover-20260108,UBNA_024,Carp Pond
HF,44160.0,6.938497251703831,121.8495,121.854,32343.0,85470.0,Echolocation,Myotis mystacinus,0.134,0.307,-1,192000.0,/mnt/ubna_data_07/recover-20260108/UBNA_024/20260102_205000.WAV,recover-20260108,UBNA_024,Carp Pond
HF,52800.0,4.134052311226571,122.8965,122.901,47812.0,67741.0,Echolocation,Myotis mystacinus,0.133,0.303,-1,192000.0,/mnt/ubna_data_07/recover-20260108/UBNA_024/20260102_205000.WAV,recover-20260108,UBNA_024,Carp Pond
HF,45120.0,8.405432242737307,127.1755,127.1795,22890.0,78490.0,Echolocation,Myotis nattereri,0.315,0.337,-1,192000.0,/mnt/ubna_data_07/recover-20260108/UBNA_024/20260102_205000.WAV,recover-20260108,UBNA_024,Carp Pond
HF,46080.0,16.407760117496366,128.1865,128.1912,20312.0,82014.0,Echolocation,Myotis nattereri,0.328,0.336,-1,192000.0,/mnt/ubna_data_07/recover-20260108/UBNA_024/20260102_205000.WAV,recover-20260108,UBNA_024,Carp Pond
HF,42240.0,10.86206738271919,131.4975,131.5019,32343.0,76624.0,Echolocation,Myotis daubentonii,0.221,0.38,-1,192000.0,/mnt/ubna_data_07/recover-20260108/UBNA_024/20260102_205000.WAV,recover-20260108,UBNA_024,Carp Pond
HF,46080.0,13.092226759302399,152.9595,152.9642,23750.0,79073.0,Echolocation,Myotis nattereri,0.327,0.364,-1,192000.0,/mnt/ubna_data_07/recover-20260108/UBNA_024/20260102_205000.WAV,recover-20260108,UBNA_024,Carp Pond
HF,42240.0,11.251071930346924,153.0025,153.0071,30625.0,77692.0,Echolocation,Myotis daubentonii,0.22,0.318,-1,192000.0,/mnt/ubna_data_07/recover-20260108/UBNA_024/20260102_205000.WAV,recover-20260108,UBNA_024,Carp Pond
HF,44160.0,4.78905317616782,153.9165,153.92079999999999,40078.0,57385.0,Echolocation,Myotis daubentonii,0.286,0.527,-1,192000.0,/mnt/ubna_data_07/recover-20260108/UBNA_024/20260102_205000.WAV,recover-20260108,UBNA_024,Carp Pond
HF,43200.0,12.686996133459377,156.3585,156.3627,22890.0,80679.0,Echolocation,Myotis nattereri,0.275,0.322,-1,192000.0,/mnt/ubna_data_07/recover-20260108/UBNA_024/20260102_205000.WAV,recover-20260108,UBNA_024,Carp Pond
HF,64320.0,6.828364353081438,3.8225,3.8337,64140.0,69313.0,Echolocation,Pipistrellus pygmaeus,0.453,0.456,-1,192000.0,/mnt/ubna_data_07/recover-20260108/UBNA_024/20260102_210000.WAV,recover-20260108,UBNA_024,Carp Pond
LF,24960.0,-1.9906976903986542,11.2345,11.2407,20312.0,52150.0,Echolocation,Myotis nattereri,0.288,0.311,-1,192000.0,/mnt/ubna_data_07/recover-20260108/UBNA_024/20260102_210000.WAV,recover-20260108,UBNA_024,Carp Pond
HF,49920.0,-5.246129787914285,23.1515,23.1565,47812.0,73077.0,Echolocation,Pipistrellus pipistrellus,0.184,0.342,-1,192000.0,/mnt/ubna_data_07/recover-20260108/UBNA_024/20260102_210000.WAV,recover-20260108,UBNA_024,Carp Pond
HF,62400.0,-8.201526051045745,30.9165,30.9292,64140.0,69020.0,Echolocation,Pipistrellus pygmaeus,0.317,0.32,-1,192000.0,/mnt/ubna_data_07/recover-20260108/UBNA_024/20260102_210000.WAV,recover-20260108,UBNA_024,Carp Pond
HF,40320.0,2.8497622174721022,35.1895,35.1936,36640.0,56627.0,Echolocation,Myotis nattereri,0.177,0.321,-1,192000.0,/mnt/ubna_data_07/recover-20260108/UBNA_024/20260102_210000.WAV,recover-20260108,UBNA_024,Carp Pond
LF,25920.0,3.5328880388429833,218.0115,218.0179,22890.0,41768.0,Echolocation,Plecotus austriacus,0.23,0.381,-1,192000.0,/mnt/ubna_data_07/recover-20260108/UBNA_024/20260102_210000.WAV,recover-20260108,UBNA_024,Carp Pond
HF,49920.0,28.726612024189706,264.3195,264.3352,47812.0,53505.0,Echolocation,Pipistrellus pipistrellus,0.263,0.316,-1,192000.0,/mnt/ubna_data_07/recover-20260108/UBNA_024/20260102_210000.WAV,recover-20260108,UBNA_024,Carp Pond
HF,54720.0,9.015429124309263,264.4405,264.4473,52968.0,62088.0,Echolocation,Pipistrellus pipistrellus,0.306,0.326,-1,192000.0,/mnt/ubna_data_07/recover-20260108/UBNA_024/20260102_210000.WAV,recover-20260108,UBNA_024,Carp Pond
HF,44160.0,9.413577761118509,264.4565,264.4653,43515.0,49085.0,Echolocation,Pipistrellus pipistrellus,0.344,0.493,-1,192000.0,/mnt/ubna_data_07/recover-20260108/UBNA_024/20260102_210000.WAV,recover-20260108,UBNA_024,Carp Pond
LF,23040.0,1.8927800608342884,294.8765,294.8946,23750.0,27093.0,Echolocation,Nyctalus leisleri,0.299,0.356,-1,192000.0,/mnt/ubna_data_07/recover-20260108/UBNA_024/20260102_210000.WAV,recover-20260108,UBNA_024,Carp Pond
LF,24000.0,0.6906536994714714,288.1345,288.1458,22890.0,29184.0,Echolocation,Nyctalus noctula,0.111,0.33,-1,192000.0,/mnt/ubna_data_07/recover-20260108/UBNA_024/20260102_213000.WAV,recover-20260108,UBNA_024,Carp Pond
LF,22080.0,2.736995530559833,69.4345,69.4402,14296.0,32449.0,Echolocation,Plecotus auritus,0.267,0.304,-1,192000.0,/mnt/ubna_data_07/recover-20260108/UBNA_024/20260103_014000.WAV,recover-20260108,UBNA_024,Carp Pond
LF,21120.0,3.5494279902018855,257.3285,257.3334,16875.0,32708.0,Echolocation,Plecotus auritus,0.279,0.355,-1,192000.0,/mnt/ubna_data_07/recover-20260108/UBNA_024/20260103_022000.WAV,recover-20260108,UBNA_024,Carp Pond
LF,21120.0,2.1285948197819127,268.29449999999997,268.2998,16015.0,30684.0,Echolocation,Plecotus auritus,0.256,0.333,-1,192000.0,/mnt/ubna_data_07/recover-20260108/UBNA_024/20260103_024000.WAV,recover-20260108,UBNA_024,Carp Pond
HF,52800.0,2.612214444983643,4.6335,4.64,47812.0,59630.0,Echolocation,Pipistrellus pipistrellus,0.335,0.355,-1,192000.0,/mnt/ubna_data_07/recover-20260108/UBNA_024/20260103_035000.WAV,recover-20260108,UBNA_024,Carp Pond
HF,48000.0,1.4768265724007286,4.8155,4.8207,46953.0,58749.0,Echolocation,Pipistrellus pipistrellus,0.317,0.339,-1,192000.0,/mnt/ubna_data_07/recover-20260108/UBNA_024/20260103_035000.WAV,recover-20260108,UBNA_024,Carp Pond
HF,48000.0,4.712562055555861,4.9645,4.9695,46093.0,58476.0,Echolocation,Pipistrellus pipistrellus,0.475,0.504,-1,192000.0,/mnt/ubna_data_07/recover-20260108/UBNA_024/20260103_035000.WAV,recover-20260108,UBNA_024,Carp Pond
HF,52800.0,3.308200445572504,5.0705,5.0748,50390.0,60899.0,Echolocation,Pipistrellus pipistrellus,0.367,0.387,-1,192000.0,/mnt/ubna_data_07/recover-20260108/UBNA_024/20260103_035000.WAV,recover-20260108,UBNA_024,Carp Pond
HF,48000.0,4.906987737810798,5.1245,5.1297,47812.0,58967.0,Echolocation,Pipistrellus pipistrellus,0.523,0.547,-1,192000.0,/mnt/ubna_data_07/recover-20260108/UBNA_024/20260103_035000.WAV,recover-20260108,UBNA_024,Carp Pond
HF,48000.0,2.890057707912396,5.1915,5.197,46953.0,57302.0,Echolocation,Pipistrellus pipistrellus,0.289,0.311,-1,192000.0,/mnt/ubna_data_07/recover-20260108/UBNA_024/20260103_035000.WAV,recover-20260108,UBNA_024,Carp Pond
HF,48000.0,4.006187155585606,5.2585,5.2641,46093.0,60372.0,Echolocation,Pipistrellus pipistrellus,0.399,0.468,-1,192000.0,/mnt/ubna_data_07/recover-20260108/UBNA_024/20260103_035000.WAV,recover-20260108,UBNA_024,Carp Pond
HF,50880.0,6.9575098495082175,5.3295,5.3351,46953.0,61787.0,Echolocation,Pipistrellus pipistrellus,0.393,0.454,-1,192000.0,/mnt/ubna_data_07/recover-20260108/UBNA_024/20260103_035000.WAV,recover-20260108,UBNA_024,Carp Pond
HF,48000.0,8.74419482212074,5.3895,5.3961,46953.0,56070.0,Echolocation,Pipistrellus pipistrellus,0.485,0.556,-1,192000.0,/mnt/ubna_data_07/recover-20260108/UBNA_024/20260103_035000.WAV,recover-20260108,UBNA_024,Carp Pond
HF,48960.0,4.422713465638214,5.4455,5.4511,46953.0,59295.0,Echolocation,Pipistrellus pipistrellus,0.442,0.504,-1,192000.0,/mnt/ubna_data_07/recover-20260108/UBNA_024/20260103_035000.WAV,recover-20260108,UBNA_024,Carp Pond
HF,48960.0,4.207106632068701,5.5065,5.5124,47812.0,61815.0,Echolocation,Pipistrellus pipistrellus,0.426,0.474,-1,192000.0,/mnt/ubna_data_07/recover-20260108/UBNA_024/20260103_035000.WAV,recover-20260108,UBNA_024,Carp Pond
HF,48000.0,5.825155042932923,5.5675,5.5729,47812.0,61997.0,Echolocation,Pipistrellus pipistrellus,0.483,0.525,-1,192000.0,/mnt/ubna_data_07/recover-20260108/UBNA_024/20260103_035000.WAV,recover-20260108,UBNA_024,Carp Pond
HF,47040.0,5.562032741862315,5.6305,5.6368,46093.0,54506.0,Echolocation,Pipistrellus pipistrellus,0.459,0.486,-1,192000.0,/mnt/ubna_data_07/recover-20260108/UBNA_024/20260103_035000.WAV,recover-20260108,UBNA_024,Carp Pond
HF,47040.0,11.568923665804638,5.7045,5.7104,46953.0,56776.0,Echolocation,Pipistrellus pipistrellus,0.49,0.569,-1,192000.0,/mnt/ubna_data_07/recover-20260108/UBNA_024/20260103_035000.WAV,recover-20260108,UBNA_024,Carp Pond
HF,48960.0,4.98997371905071,5.7755,5.7837,47812.0,61610.0,Echolocation,Pipistrellus pipistrellus,0.43,0.514,-1,192000.0,/mnt/ubna_data_07/recover-20260108/UBNA_024/20260103_035000.WAV,recover-20260108,UBNA_024,Carp Pond
HF,48960.0,6.866666272749747,5.8295,5.835,47812.0,60366.0,Echolocation,Pipistrellus pipistrellus,0.589,0.637,-1,192000.0,/mnt/ubna_data_07/recover-20260108/UBNA_024/20260103_035000.WAV,recover-20260108,UBNA_024,Carp Pond
HF,47040.0,6.496528763434352,5.8805,5.8882,46953.0,60746.0,Echolocation,Pipistrellus pipistrellus,0.521,0.614,-1,192000.0,/mnt/ubna_data_07/recover-20260108/UBNA_024/20260103_035000.WAV,recover-20260108,UBNA_024,Carp Pond
HF,48000.0,4.750065015961805,5.9355,5.9413,47812.0,54804.0,Echolocation,Pipistrellus pipistrellus,0.45,0.464,-1,192000.0,/mnt/ubna_data_07/recover-20260108/UBNA_024/20260103_035000.WAV,recover-20260108,UBNA_024,Carp Pond
HF,47040.0,3.7701325490815476,6.3285,6.3338,46953.0,55730.0,Echolocation,Pipistrellus pipistrellus,0.535,0.554,-1,192000.0,/mnt/ubna_data_07/recover-20260108/UBNA_024/20260103_035000.WAV,recover-20260108,UBNA_024,Carp Pond
HF,48000.0,6.742000517714243,6.4255,6.4327,46953.0,54642.0,Echolocation,Pipistrellus pipistrellus,0.432,0.457,-1,192000.0,/mnt/ubna_data_07/recover-20260108/UBNA_024/20260103_035000.WAV,recover-20260108,UBNA_024,Carp Pond
HF,48000.0,7.402325562221859,6.4925,6.4977,46953.0,56357.0,Echolocation,Pipistrellus pipistrellus,0.435,0.449,-1,192000.0,/mnt/ubna_data_07/recover-20260108/UBNA_024/20260103_035000.WAV,recover-20260108,UBNA_024,Carp Pond
HF,48000.0,8.668827749653566,6.5865,6.5925,46093.0,58637.0,Echolocation,Pipistrellus pipistrellus,0.444,0.476,-1,192000.0,/mnt/ubna_data_07/recover-20260108/UBNA_024/20260103_035000.WAV,recover-20260108,UBNA_024,Carp Pond
HF,48960.0,4.071926261199131,6.6595,6.666,47812.0,59262.0,Echolocation,Pipistrellus pipistrellus,0.507,0.533,-1,192000.0,/mnt/ubna_data_07/recover-20260108/UBNA_024/20260103_035000.WAV,recover-20260108,UBNA_024,Carp Pond
HF,48960.0,5.81875089348027,6.7315,6.738,46953.0,56115.0,Echolocation,Pipistrellus pipistrellus,0.403,0.411,-1,192000.0,/mnt/ubna_data_07/recover-20260108/UBNA_024/20260103_035000.WAV,recover-20260108,UBNA_024,Carp Pond
HF,48960.0,6.482429395522848,6.7985,6.8043,47812.0,59834.0,Echolocation,Pipistrellus pipistrellus,0.556,0.594,-1,192000.0,/mnt/ubna_data_07/recover-20260108/UBNA_024/20260103_035000.WAV,recover-20260108,UBNA_024,Carp Pond
HF,49920.0,3.977491452404186,6.8655,6.8711,46953.0,59728.0,Echolocation,Pipistrellus pipistrellus,0.433,0.471,-1,192000.0,/mnt/ubna_data_07/recover-20260108/UBNA_024/20260103_035000.WAV,recover-20260108,UBNA_024,Carp Pond
HF,51840.0,2.595652890865663,6.9225,6.9287,46953.0,58689.0,Echolocation,Pipistrellus pipistrellus,0.306,0.339,-1,192000.0,/mnt/ubna_data_07/recover-20260108/UBNA_024/20260103_035000.WAV,recover-20260108,UBNA_024,Carp Pond
HF,50880.0,5.281414927657054,6.9835,6.9889,47812.0,58866.0,Echolocation,Pipistrellus pipistrellus,0.435,0.449,-1,192000.0,/mnt/ubna_data_07/recover-20260108/UBNA_024/20260103_035000.WAV,recover-20260108,UBNA_024,Carp Pond
HF,48960.0,2.9799678901879,7.0505,7.0573,47812.0,56431.0,Echolocation,Pipistrellus pipistrellus,0.521,0.568,-1,192000.0,/mnt/ubna_data_07/recover-20260108/UBNA_024/20260103_035000.WAV,recover-20260108,UBNA_024,Carp Pond
HF,48000.0,9.005279163476004,7.1305,7.1369,46093.0,53683.0,Echolocation,Pipistrellus pipistrellus,0.536,0.548,-1,192000.0,/mnt/ubna_data_07/recover-20260108/UBNA_024/20260103_035000.WAV,recover-20260108,UBNA_024,Carp Pond
HF,50880.0,3.705180230890741,7.2835,7.2877,48671.0,61605.0,Echolocation,Pipistrellus pipistrellus,0.398,0.417,-1,192000.0,/mnt/ubna_data_07/recover-20260108/UBNA_024/20260103_035000.WAV,recover-20260108,UBNA_024,Carp Pond
HF,47040.0,4.48099287054339,7.5355,7.543,46093.0,55075.0,Echolocation,Pipistrellus pipistrellus,0.425,0.463,-1,192000.0,/mnt/ubna_data_07/recover-20260108/UBNA_024/20260103_035000.WAV,recover-20260108,UBNA_024,Carp Pond
HF,55680.0,6.586392793131521,13.2405,13.2447,47812.0,61373.0,Echolocation,Pipistrellus pipistrellus,0.436,0.534,-1,192000.0,/mnt/ubna_data_07/recover-20260108/UBNA_024/20260103_035000.WAV,recover-20260108,UBNA_024,Carp Pond
HF,53760.0,6.536619917251924,13.3245,13.3316,52109.0,60613.0,Echolocation,Pipistrellus pipistrellus,0.163,0.314,-1,192000.0,/mnt/ubna_data_07/recover-20260108/UBNA_024/20260103_035000.WAV,recover-20260108,UBNA_024,Carp Pond
HF,54720.0,5.134786329216759,13.4095,13.4157,52968.0,62354.0,Echolocation,Pipistrellus pipistrellus,0.182,0.365,-1,192000.0,/mnt/ubna_data_07/recover-20260108/UBNA_024/20260103_035000.WAV,recover-20260108,UBNA_024,Carp Pond
HF,54720.0,6.60802947356374,13.4905,13.4949,46093.0,64839.0,Echolocation,Pipistrellus pipistrellus,0.318,0.428,-1,192000.0,/mnt/ubna_data_07/recover-20260108/UBNA_024/20260103_035000.WAV,recover-20260108,UBNA_024,Carp Pond
HF,51840.0,6.5960874850026885,13.6595,13.6635,46953.0,62535.0,Echolocation,Pipistrellus pipistrellus,0.281,0.348,-1,192000.0,/mnt/ubna_data_07/recover-20260108/UBNA_024/20260103_035000.WAV,recover-20260108,UBNA_024,Carp Pond
HF,54720.0,6.709794808502391,13.8395,13.8443,46093.0,60692.0,Echolocation,Pipistrellus pipistrellus,0.283,0.365,-1,192000.0,/mnt/ubna_data_07/recover-20260108/UBNA_024/20260103_035000.WAV,recover-20260108,UBNA_024,Carp Pond
HF,51840.0,6.731525333973156,13.9145,13.9194,46953.0,61020.0,Echolocation,Pipistrellus pipistrellus,0.4,0.473,-1,192000.0,/mnt/ubna_data_07/recover-20260108/UBNA_024/20260103_035000.WAV,recover-20260108,UBNA_024,Carp Pond
HF,48000.0,3.9073039105910565,14.1375,14.1446,46093.0,51912.0,Echolocation,Pipistrellus pipistrellus,0.302,0.312,-1,192000.0,/mnt/ubna_data_07/recover-20260108/UBNA_024/20260103_035000.WAV,recover-20260108,UBNA_024,Carp Pond
HF,48000.0,5.92164590900225,14.2205,14.2273,46953.0,55302.0,Echolocation,Pipistrellus pipistrellus,0.495,0.572,-1,192000.0,/mnt/ubna_data_07/recover-20260108/UBNA_024/20260103_035000.WAV,recover-20260108,UBNA_024,Carp Pond
HF,48000.0,3.222861763413842,14.7835,14.7911,46953.0,53748.0,Echolocation,Pipistrellus pipistrellus,0.295,0.315,-1,192000.0,/mnt/ubna_data_07/recover-20260108/UBNA_024/20260103_035000.WAV,recover-20260108,UBNA_024,Carp Pond
HF,48960.0,2.5123594105890468,16.9785,16.9864,46953.0,52054.0,Echolocation,Pipistrellus pipistrellus,0.359,0.375,-1,192000.0,/mnt/ubna_data_07/recover-20260108/UBNA_024/20260103_035000.WAV,recover-20260108,UBNA_024,Carp Pond
HF,48000.0,2.9024472684671734,17.3055,17.3132,46953.0,53176.0,Echolocation,Pipistrellus pipistrellus,0.493,0.527,-1,192000.0,/mnt/ubna_data_07/recover-20260108/UBNA_024/20260103_035000.WAV,recover-20260108,UBNA_024,Carp Pond
HF,48000.0,5.814335320986239,17.4765,17.4829,46953.0,57067.0,Echolocation,Pipistrellus pipistrellus,0.455,0.495,-1,192000.0,/mnt/ubna_data_07/recover-20260108/UBNA_024/20260103_035000.WAV,recover-20260108,UBNA_024,Carp Pond
HF,48000.0,5.587716699709815,17.6465,17.6525,46953.0,57037.0,Echolocation,Pipistrellus pipistrellus,0.426,0.514,-1,192000.0,/mnt/ubna_data_07/recover-20260108/UBNA_024/20260103_035000.WAV,recover-20260108,UBNA_024,Carp Pond
HF,52800.0,5.225423207024173,26.9365,26.9424,45234.0,59724.0,Echolocation,Pipistrellus pipistrellus,0.264,0.408,-1,192000.0,/mnt/ubna_data_07/recover-20260108/UBNA_024/20260103_035000.WAV,recover-20260108,UBNA_024,Carp Pond
HF,47040.0,7.115718099049541,27.1075,27.1128,46093.0,58178.0,Echolocation,Pipistrellus pipistrellus,0.519,0.571,-1,192000.0,/mnt/ubna_data_07/recover-20260108/UBNA_024/20260103_035000.WAV,recover-20260108,UBNA_024,Carp Pond
HF,48960.0,4.5019016777963445,27.1985,27.2035,46953.0,57201.0,Echolocation,Pipistrellus pipistrellus,0.359,0.384,-1,192000.0,/mnt/ubna_data_07/recover-20260108/UBNA_024/20260103_035000.WAV,recover-20260108,UBNA_024,Carp Pond
HF,48000.0,8.080978110973918,27.2535,27.2604,46953.0,53153.0,Echolocation,Pipistrellus pipistrellus,0.437,0.511,-1,192000.0,/mnt/ubna_data_07/recover-20260108/UBNA_024/20260103_035000.WAV,recover-20260108,UBNA_024,Carp Pond
HF,48960.0,2.4208445467179143,27.4095,27.4161,47812.0,59287.0,Echolocation,Pipistrellus pipistrellus,0.479,0.518,-1,192000.0,/mnt/ubna_data_07/recover-20260108/UBNA_024/20260103_035000.WAV,recover-20260108,UBNA_024,Carp Pond
HF,51840.0,3.0330097180397293,42.8955,42.9005,48671.0,62792.0,Echolocation,Pipistrellus pipistrellus,0.566,0.61,-1,192000.0,/mnt/ubna_data_07/recover-20260108/UBNA_024/20260103_035000.WAV,recover-20260108,UBNA_024,Carp Pond
HF,48000.0,6.298884776408239,43.0165,43.0237,46953.0,59185.0,Echolocation,Pipistrellus pipistrellus,0.482,0.583,-1,192000.0,/mnt/ubna_data_07/recover-20260108/UBNA_024/20260103_035000.WAV,recover-20260108,UBNA_024,Carp Pond
HF,51840.0,3.4454188572654845,43.0955,43.1018,49531.0,58471.0,Echolocation,Pipistrellus pipistrellus,0.335,0.353,-1,192000.0,/mnt/ubna_data_07/recover-20260108/UBNA_024/20260103_035000.WAV,recover-20260108,UBNA_024,Carp Pond
HF,50880.0,7.702012188486473,43.1805,43.1852,46953.0,61034.0,Echolocation,Pipistrellus pipistrellus,0.582,0.62,-1,192000.0,/mnt/ubna_data_07/recover-20260108/UBNA_024/20260103_035000.WAV,recover-20260108,UBNA_024,Carp Pond
HF,50880.0,5.4870575369481935,43.2655,43.271100000000004,47812.0,56170.0,Echolocation,Pipistrellus pipistrellus,0.526,0.54,-1,192000.0,/mnt/ubna_data_07/recover-20260108/UBNA_024/20260103_035000.WAV,recover-20260108,UBNA_024,Carp Pond
HF,48960.0,8.804200298223538,43.3455,43.3506,48671.0,59181.0,Echolocation,Pipistrellus pipistrellus,0.485,0.513,-1,192000.0,/mnt/ubna_data_07/recover-20260108/UBNA_024/20260103_035000.WAV,recover-20260108,UBNA_024,Carp Pond
HF,48960.0,4.355181897622698,43.4365,43.4427,47812.0,56130.0,Echolocation,Pipistrellus pipistrellus,0.539,0.56,-1,192000.0,/mnt/ubna_data_07/recover-20260108/UBNA_024/20260103_035000.WAV,recover-20260108,UBNA_024,Carp Pond
HF,48960.0,5.288191676758495,43.4935,43.4994,47812.0,59414.0,Echolocation,Pipistrellus pipistrellus,0.512,0.571,-1,192000.0,/mnt/ubna_data_07/recover-20260108/UBNA_024/20260103_035000.WAV,recover-20260108,UBNA_024,Carp Pond
HF,54720.0,8.650320467414254,43.5505,43.5554,46953.0,61313.0,Echolocation,Pipistrellus pipistrellus,0.573,0.62,-1,192000.0,/mnt/ubna_data_07/recover-20260108/UBNA_024/20260103_035000.WAV,recover-20260108,UBNA_024,Carp Pond
HF,47040.0,6.925624068243552,43.6045,43.6107,46093.0,60179.0,Echolocation,Pipistrellus pipistrellus,0.454,0.479,-1,192000.0,/mnt/ubna_data_07/recover-20260108/UBNA_024/20260103_035000.WAV,recover-20260108,UBNA_024,Carp Pond
HF,48960.0,5.775200334111878,43.6535,43.658500000000004,46953.0,58176.0,Echolocation,Pipistrellus pipistrellus,0.527,0.542,-1,192000.0,/mnt/ubna_data_07/recover-20260108/UBNA_024/20260103_035000.WAV,recover-20260108,UBNA_024,Carp Pond
HF,48000.0,6.7617464116395425,43.713499999999996,43.7201,46953.0,60588.0,Echolocation,Pipistrellus pipistrellus,0.484,0.519,-1,192000.0,/mnt/ubna_data_07/recover-20260108/UBNA_024/20260103_035000.WAV,recover-20260108,UBNA_024,Carp Pond
HF,48000.0,10.148140007935826,43.8395,43.8447,47812.0,58400.0,Echolocation,Pipistrellus pipistrellus,0.57,0.59,-1,192000.0,/mnt/ubna_data_07/recover-20260108/UBNA_024/20260103_035000.WAV,recover-20260108,UBNA_024,Carp Pond
HF,48000.0,11.056942777375502,43.8905,43.896100000000004,46953.0,60085.0,Echolocation,Pipistrellus pipistrellus,0.612,0.64,-1,192000.0,/mnt/ubna_data_07/recover-20260108/UBNA_024/20260103_035000.WAV,recover-20260108,UBNA_024,Carp Pond
HF,48000.0,5.927476146996379,43.9425,43.948,45234.0,60222.0,Echolocation,Pipistrellus pipistrellus,0.395,0.464,-1,192000.0,/mnt/ubna_data_07/recover-20260108/UBNA_024/20260103_035000.WAV,recover-20260108,UBNA_024,Carp Pond
HF,48000.0,7.071326373791921,44.0445,44.0501,46953.0,56909.0,Echolocation,Pipistrellus pipistrellus,0.434,0.448,-1,192000.0,/mnt/ubna_data_07/recover-20260108/UBNA_024/20260103_035000.WAV,recover-20260108,UBNA_024,Carp Pond
HF,48000.0,4.8674909687662495,44.0935,44.098,44375.0,57973.0,Echolocation,Pipistrellus pipistrellus,0.356,0.409,-1,192000.0,/mnt/ubna_data_07/recover-20260108/UBNA_024/20260103_035000.WAV,recover-20260108,UBNA_024,Carp Pond
HF,48000.0,4.098327751290605,44.1325,44.1391,46953.0,58097.0,Echolocation,Pipistrellus pipistrellus,0.33,0.349,-1,192000.0,/mnt/ubna_data_07/recover-20260108/UBNA_024/20260103_035000.WAV,recover-20260108,UBNA_024,Carp Pond
HF,48000.0,5.849277065192647,44.4285,44.4334,46093.0,61232.0,Echolocation,Pipistrellus pipistrellus,0.419,0.494,-1,192000.0,/mnt/ubna_data_07/recover-20260108/UBNA_024/20260103_035000.WAV,recover-20260108,UBNA_024,Carp Pond
HF,52800.0,9.340503540646427,44.4715,44.4764,46953.0,60038.0,Echolocation,Pipistrellus pipistrellus,0.403,0.467,-1,192000.0,/mnt/ubna_data_07/recover-20260108/UBNA_024/20260103_035000.WAV,recover-20260108,UBNA_024,Carp Pond
HF,48000.0,7.309071275257968,44.5565,44.562200000000004,46953.0,59149.0,Echolocation,Pipistrellus pipistrellus,0.424,0.46,-1,192000.0,/mnt/ubna_data_07/recover-20260108/UBNA_024/20260103_035000.WAV,recover-20260108,UBNA_024,Carp Pond
HF,48000.0,6.983874528701954,44.6375,44.6428,47812.0,58759.0,Echolocation,Pipistrellus pipistrellus,0.438,0.547,-1,192000.0,/mnt/ubna_data_07/recover-20260108/UBNA_024/20260103_035000.WAV,recover-20260108,UBNA_024,Carp Pond
HF,48000.0,7.340686067022815,44.8765,44.882,46953.0,56728.0,Echolocation,Pipistrellus pipistrellus,0.513,0.559,-1,192000.0,/mnt/ubna_data_07/recover-20260108/UBNA_024/20260103_035000.WAV,recover-20260108,UBNA_024,Carp Pond
HF,50880.0,2.9270379282022123,45.1205,45.126599999999996,46953.0,57206.0,Echolocation,Pipistrellus pipistrellus,0.345,0.387,-1,192000.0,/mnt/ubna_data_07/recover-20260108/UBNA_024/20260103_035000.WAV,recover-20260108,UBNA_024,Carp Pond
HF,48960.0,5.982958123868939,49.7155,49.7211,47812.0,59206.0,Echolocation,Pipistrellus pipistrellus,0.475,0.508,-1,192000.0,/mnt/ubna_data_07/recover-20260108/UBNA_024/20260103_035000.WAV,recover-20260108,UBNA_024,Carp Pond
HF,48000.0,6.678559751859622,50.0655,50.0708,46953.0,60049.0,Echolocation,Pipistrellus pipistrellus,0.516,0.551,-1,192000.0,/mnt/ubna_data_07/recover-20260108/UBNA_024/20260103_035000.WAV,recover-20260108,UBNA_024,Carp Pond
HF,48960.0,3.5914495150512273,50.1425,50.1475,47812.0,57407.0,Echolocation,Pipistrellus pipistrellus,0.436,0.455,-1,192000.0,/mnt/ubna_data_07/recover-20260108/UBNA_024/20260103_035000.WAV,recover-20260108,UBNA_024,Carp Pond
HF,48960.0,5.468448661642558,50.2195,50.225300000000004,47812.0,58631.0,Echolocation,Pipistrellus pipistrellus,0.57,0.616,-1,192000.0,/mnt/ubna_data_07/recover-20260108/UBNA_024/20260103_035000.WAV,recover-20260108,UBNA_024,Carp Pond
HF,47040.0,5.7263405798905165,50.2775,50.281800000000004,45234.0,55939.0,Echolocation,Pipistrellus pipistrellus,0.447,0.468,-1,192000.0,/mnt/ubna_data_07/recover-20260108/UBNA_024/20260103_035000.WAV,recover-20260108,UBNA_024,Carp Pond
HF,48000.0,4.478675418574053,50.3425,50.3481,46953.0,55854.0,Echolocation,Pipistrellus pipistrellus,0.311,0.325,-1,192000.0,/mnt/ubna_data_07/recover-20260108/UBNA_024/20260103_035000.WAV,recover-20260108,UBNA_024,Carp Pond
HF,48000.0,8.349217917380532,50.4075,50.4125,46953.0,59758.0,Echolocation,Pipistrellus pipistrellus,0.429,0.452,-1,192000.0,/mnt/ubna_data_07/recover-20260108/UBNA_024/20260103_035000.WAV,recover-20260108,UBNA_024,Carp Pond
HF,48000.0,3.8699405242116702,50.4685,50.4747,46953.0,54988.0,Echolocation,Pipistrellus pipistrellus,0.415,0.435,-1,192000.0,/mnt/ubna_data_07/recover-20260108/UBNA_024/20260103_035000.WAV,recover-20260108,UBNA_024,Carp Pond
HF,48960.0,5.554168175359672,50.941500000000005,50.947900000000004,46953.0,55299.0,Echolocation,Pipistrellus pipistrellus,0.494,0.51,-1,192000.0,/mnt/ubna_data_07/recover-20260108/UBNA_024/20260103_035000.WAV,recover-20260108,UBNA_024,Carp Pond
HF,48000.0,6.708102322155767,52.6355,52.641999999999996,46093.0,55873.0,Echolocation,Pipistrellus pipistrellus,0.52,0.591,-1,192000.0,/mnt/ubna_data_07/recover-20260108/UBNA_024/20260103_035000.WAV,recover-20260108,UBNA_024,Carp Pond
HF,48000.0,4.9061156378241515,52.7275,52.7329,46093.0,58419.0,Echolocation,Pipistrellus pipistrellus,0.489,0.521,-1,192000.0,/mnt/ubna_data_07/recover-20260108/UBNA_024/20260103_035000.WAV,recover-20260108,UBNA_024,Carp Pond
HF,51840.0,5.190314746015732,52.811499999999995,52.8168,46953.0,57608.0,Echolocation,Pipistrellus pipistrellus,0.507,0.534,-1,192000.0,/mnt/ubna_data_07/recover-20260108/UBNA_024/20260103_035000.WAV,recover-20260108,UBNA_024,Carp Pond
HF,46080.0,4.266898494007855,52.926500000000004,52.9332,45234.0,58097.0,Echolocation,Pipistrellus pipistrellus,0.297,0.355,-1,192000.0,/mnt/ubna_data_07/recover-20260108/UBNA_024/20260103_035000.WAV,recover-20260108,UBNA_024,Carp Pond
HF,52800.0,3.813405659262745,53.0195,53.0245,50390.0,56398.0,Echolocation,Pipistrellus pipistrellus,0.332,0.357,-1,192000.0,/mnt/ubna_data_07/recover-20260108/UBNA_024/20260103_035000.WAV,recover-20260108,UBNA_024,Carp Pond
HF,48000.0,3.569934282907576,53.414500000000004,53.420100000000005,46953.0,57116.0,Echolocation,Pipistrellus pipistrellus,0.319,0.33,-1,192000.0,/mnt/ubna_data_07/recover-20260108/UBNA_024/20260103_035000.WAV,recover-20260108,UBNA_024,Carp Pond
HF,49920.0,6.6051369332454835,53.5015,53.5071,47812.0,57376.0,Echolocation,Pipistrellus pipistrellus,0.52,0.584,-1,192000.0,/mnt/ubna_data_07/recover-20260108/UBNA_024/20260103_035000.WAV,recover-20260108,UBNA_024,Carp Pond
HF,51840.0,9.525228442357118,53.561499999999995,53.567,50390.0,56811.0,Echolocation,Pipistrellus pipistrellus,0.37,0.472,-1,192000.0,/mnt/ubna_data_07/recover-20260108/UBNA_024/20260103_035000.WAV,recover-20260108,UBNA_024,Carp Pond
HF,51840.0,4.629370059274413,53.8395,53.846900000000005,50390.0,55481.0,Echolocation,Pipistrellus pipistrellus,0.232,0.309,-1,192000.0,/mnt/ubna_data_07/recover-20260108/UBNA_024/20260103_035000.WAV,recover-20260108,UBNA_024,Carp Pond
HF,48000.0,4.001115209285722,54.064499999999995,54.0706,45234.0,52973.0,Echolocation,Pipistrellus pipistrellus,0.344,0.394,-1,192000.0,/mnt/ubna_data_07/recover-20260108/UBNA_024/20260103_035000.WAV,recover-20260108,UBNA_024,Carp Pond
HF,48960.0,5.495382810888043,56.822500000000005,56.828,47812.0,60970.0,Echolocation,Pipistrellus pipistrellus,0.382,0.415,-1,192000.0,/mnt/ubna_data_07/recover-20260108/UBNA_024/20260103_035000.WAV,recover-20260108,UBNA_024,Carp Pond
HF,48000.0,2.30878752995564,57.0165,57.0242,46953.0,57898.0,Echolocation,Pipistrellus pipistrellus,0.384,0.412,-1,192000.0,/mnt/ubna_data_07/recover-20260108/UBNA_024/20260103_035000.WAV,recover-20260108,UBNA_024,Carp Pond
HF,48000.0,9.09974806288638,57.0805,57.086600000000004,47812.0,61042.0,Echolocation,Pipistrellus pipistrellus,0.546,0.661,-1,192000.0,/mnt/ubna_data_07/recover-20260108/UBNA_024/20260103_035000.WAV,recover-20260108,UBNA_024,Carp Pond
HF,48000.0,8.587902113559466,57.1595,57.1653,46953.0,61418.0,Echolocation,Pipistrellus pipistrellus,0.536,0.604,-1,192000.0,/mnt/ubna_data_07/recover-20260108/UBNA_024/20260103_035000.WAV,recover-20260108,UBNA_024,Carp Pond
HF,48000.0,5.551386570159281,57.2315,57.2384,47812.0,61024.0,Echolocation,Pipistrellus pipistrellus,0.488,0.554,-1,192000.0,/mnt/ubna_data_07/recover-20260108/UBNA_024/20260103_035000.WAV,recover-20260108,UBNA_024,Carp Pond
HF,51840.0,2.103497895945155,57.933499999999995,57.9413,50390.0,55750.0,Echolocation,Pipistrellus pipistrellus,0.268,0.316,-1,192000.0,/mnt/ubna_data_07/recover-20260108/UBNA_024/20260103_035000.WAV,recover-20260108,UBNA_024,Carp Pond
HF,48000.0,5.348528483895568,68.0635,68.0694,46953.0,56452.0,Echolocation,Pipistrellus pipistrellus,0.494,0.527,-1,192000.0,/mnt/ubna_data_07/recover-20260108/UBNA_024/20260103_035000.WAV,recover-20260108,UBNA_024,Carp Pond
HF,48000.0,5.372925602207705,68.1375,68.1427,47812.0,56888.0,Echolocation,Pipistrellus pipistrellus,0.57,0.594,-1,192000.0,/mnt/ubna_data_07/recover-20260108/UBNA_024/20260103_035000.WAV,recover-20260108,UBNA_024,Carp Pond
HF,47040.0,4.056676849403701,68.2205,68.2277,46953.0,55789.0,Echolocation,Pipistrellus pipistrellus,0.412,0.448,-1,192000.0,/mnt/ubna_data_07/recover-20260108/UBNA_024/20260103_035000.WAV,recover-20260108,UBNA_024,Carp Pond
HF,48960.0,7.523532594000898,68.2885,68.2938,46953.0,56758.0,Echolocation,Pipistrellus pipistrellus,0.532,0.586,-1,192000.0,/mnt/ubna_data_07/recover-20260108/UBNA_024/20260103_035000.WAV,recover-20260108,UBNA_024,Carp Pond
HF,48000.0,9.424329546021315,68.35249999999999,68.359,47812.0,58521.0,Echolocation,Pipistrellus pipistrellus,0.556,0.599,-1,192000.0,/mnt/ubna_data_07/recover-20260108/UBNA_024/20260103_035000.WAV,recover-20260108,UBNA_024,Carp Pond
HF,48960.0,4.683077363673357,68.4275,68.4338,47812.0,54230.0,Echolocation,Pipistrellus pipistrellus,0.495,0.543,-1,192000.0,/mnt/ubna_data_07/recover-20260108/UBNA_024/20260103_035000.WAV,recover-20260108,UBNA_024,Carp Pond
HF,47040.0,5.303918937864189,68.5025,68.5082,45234.0,60948.0,Echolocation,Pipistrellus pipistrellus,0.346,0.515,-1,192000.0,/mnt/ubna_data_07/recover-20260108/UBNA_024/20260103_035000.WAV,recover-20260108,UBNA_024,Carp Pond
HF,48960.0,6.130636401548309,68.5905,68.5963,46953.0,56904.0,Echolocation,Pipistrellus pipistrellus,0.387,0.415,-1,192000.0,/mnt/ubna_data_07/recover-20260108/UBNA_024/20260103_035000.WAV,recover-20260108,UBNA_024,Carp Pond
HF,48960.0,1.2438807591875558,69.3725,69.3809,47812.0,53925.0,Echolocation,Pipistrellus pipistrellus,0.323,0.332,-1,192000.0,/mnt/ubna_data_07/recover-20260108/UBNA_024/20260103_035000.WAV,recover-20260108,UBNA_024,Carp Pond
HF,48000.0,2.162149108883585,88.13550000000001,88.14099999999999,46093.0,56967.0,Echolocation,Pipistrellus pipistrellus,0.282,0.303,-1,192000.0,/mnt/ubna_data_07/recover-20260108/UBNA_024/20260103_035000.WAV,recover-20260108,UBNA_024,Carp Pond
HF,48000.0,2.2022188381326067,88.3845,88.3927,46093.0,51478.0,Echolocation,Pipistrellus pipistrellus,0.336,0.35,-1,192000.0,/mnt/ubna_data_07/recover-20260108/UBNA_024/20260103_035000.WAV,recover-20260108,UBNA_024,Carp Pond
HF,48960.0,0.8415593452691473,88.4615,88.4686,47812.0,54968.0,Echolocation,Pipistrellus pipistrellus,0.399,0.439,-1,192000.0,/mnt/ubna_data_07/recover-20260108/UBNA_024/20260103_035000.WAV,recover-20260108,UBNA_024,Carp Pond
HF,48960.0,4.824040096673573,88.5425,88.5485,48671.0,57630.0,Echolocation,Pipistrellus pipistrellus,0.471,0.506,-1,192000.0,/mnt/ubna_data_07/recover-20260108/UBNA_024/20260103_035000.WAV,recover-20260108,UBNA_024,Carp Pond
HF,50880.0,3.1943998626929777,88.6285,88.6347,47812.0,59114.0,Echolocation,Pipistrellus pipistrellus,0.344,0.369,-1,192000.0,/mnt/ubna_data_07/recover-20260108/UBNA_024/20260103_035000.WAV,recover-20260108,UBNA_024,Carp Pond
HF,47040.0,5.840873140256574,88.7085,88.7144,46953.0,56678.0,Echolocation,Pipistrellus pipistrellus,0.474,0.515,-1,192000.0,/mnt/ubna_data_07/recover-20260108/UBNA_024/20260103_035000.WAV,recover-20260108,UBNA_024,Carp Pond
HF,49920.0,1.1587634316980857,88.8605,88.8677,48671.0,54044.0,Echolocation,Pipistrellus pipistrellus,0.299,0.326,-1,192000.0,/mnt/ubna_data_07/recover-20260108/UBNA_024/20260103_035000.WAV,recover-20260108,UBNA_024,Carp Pond
HF,48000.0,3.216217502444244,88.9345,88.9415,46953.0,58555.0,Echolocation,Pipistrellus pipistrellus,0.5,0.563,-1,192000.0,/mnt/ubna_data_07/recover-20260108/UBNA_024/20260103_035000.WAV,recover-20260108,UBNA_024,Carp Pond
HF,47040.0,3.8284483545151984,89.01650000000001,89.02420000000001,46953.0,58780.0,Echolocation,Pipistrellus pipistrellus,0.367,0.407,-1,192000.0,/mnt/ubna_data_07/recover-20260108/UBNA_024/20260103_035000.WAV,recover-20260108,UBNA_024,Carp Pond
HF,48000.0,2.684453836087834,89.2465,89.25280000000001,46093.0,53998.0,Echolocation,Pipistrellus pipistrellus,0.392,0.402,-1,192000.0,/mnt/ubna_data_07/recover-20260108/UBNA_024/20260103_035000.WAV,recover-20260108,UBNA_024,Carp Pond
HF,48000.0,4.03287522063815,97.4735,97.4804,46093.0,51561.0,Echolocation,Pipistrellus pipistrellus,0.287,0.304,-1,192000.0,/mnt/ubna_data_07/recover-20260108/UBNA_024/20260103_035000.WAV,recover-20260108,UBNA_024,Carp Pond
HF,50880.0,10.253320622427772,106.0545,106.0596,46093.0,59393.0,Echolocation,Pipistrellus pipistrellus,0.279,0.362,-1,192000.0,/mnt/ubna_data_07/recover-20260108/UBNA_024/20260103_035000.WAV,recover-20260108,UBNA_024,Carp Pond
HF,50880.0,6.561291355745819,106.1315,106.1383,49531.0,56229.0,Echolocation,Pipistrellus pipistrellus,0.298,0.405,-1,192000.0,/mnt/ubna_data_07/recover-20260108/UBNA_024/20260103_035000.WAV,recover-20260108,UBNA_024,Carp Pond
HF,51840.0,8.44553541400304,106.1865,106.1922,46953.0,57875.0,Echolocation,Pipistrellus pipistrellus,0.324,0.367,-1,192000.0,/mnt/ubna_data_07/recover-20260108/UBNA_024/20260103_035000.WAV,recover-20260108,UBNA_024,Carp Pond
HF,52800.0,6.660371416596581,106.2615,106.2673,46093.0,59785.0,Echolocation,Pipistrellus pipistrellus,0.315,0.385,-1,192000.0,/mnt/ubna_data_07/recover-20260108/UBNA_024/20260103_035000.WAV,recover-20260108,UBNA_024,Carp Pond
HF,52800.0,6.472188049750008,106.3425,106.3469,47812.0,58946.0,Echolocation,Pipistrellus pipistrellus,0.265,0.348,-1,192000.0,/mnt/ubna_data_07/recover-20260108/UBNA_024/20260103_035000.WAV,recover-20260108,UBNA_024,Carp Pond
HF,52800.0,4.887682217393481,106.42150000000001,106.42830000000001,51250.0,56824.0,Echolocation,Pipistrellus pygmaeus,0.278,0.381,-1,192000.0,/mnt/ubna_data_07/recover-20260108/UBNA_024/20260103_035000.WAV,recover-20260108,UBNA_024,Carp Pond
HF,52800.0,8.819173056567813,106.4755,106.4799,49531.0,61406.0,Echolocation,Pipistrellus pipistrellus,0.238,0.306,-1,192000.0,/mnt/ubna_data_07/recover-20260108/UBNA_024/20260103_035000.WAV,recover-20260108,UBNA_024,Carp Pond
HF,53760.0,4.138648194993371,106.5325,106.5372,45234.0,61753.0,Echolocation,Pipistrellus pipistrellus,0.283,0.426,-1,192000.0,/mnt/ubna_data_07/recover-20260108/UBNA_024/20260103_035000.WAV,recover-20260108,UBNA_024,Carp Pond
HF,54720.0,4.613399781064146,106.5915,106.5957,50390.0,63650.0,Echolocation,Pipistrellus pipistrellus,0.358,0.418,-1,192000.0,/mnt/ubna_data_07/recover-20260108/UBNA_024/20260103_035000.WAV,recover-20260108,UBNA_024,Carp Pond
HF,51840.0,5.578364941636814,106.64150000000001,106.6471,43515.0,62796.0,Echolocation,Pipistrellus pipistrellus,0.222,0.389,-1,192000.0,/mnt/ubna_data_07/recover-20260108/UBNA_024/20260103_035000.WAV,recover-20260108,UBNA_024,Carp Pond
HF,45120.0,5.214115843992544,106.7405,106.746,44375.0,60689.0,Echolocation,Pipistrellus pipistrellus,0.267,0.361,-1,192000.0,/mnt/ubna_data_07/recover-20260108/UBNA_024/20260103_035000.WAV,recover-20260108,UBNA_024,Carp Pond
HF,46080.0,3.798882780860164,106.7855,106.7903,44375.0,63223.0,Echolocation,Pipistrellus pipistrellus,0.207,0.38,-1,192000.0,/mnt/ubna_data_07/recover-20260108/UBNA_024/20260103_035000.WAV,recover-20260108,UBNA_024,Carp Pond
HF,52800.0,9.14348991335183,106.8985,106.90350000000001,44375.0,62448.0,Echolocation,Pipistrellus pipistrellus,0.407,0.593,-1,192000.0,/mnt/ubna_data_07/recover-20260108/UBNA_024/20260103_035000.WAV,recover-20260108,UBNA_024,Carp Pond
HF,48960.0,8.973059162942219,106.9515,106.9562,46953.0,64707.0,Echolocation,Pipistrellus pipistrellus,0.209,0.344,-1,192000.0,/mnt/ubna_data_07/recover-20260108/UBNA_024/20260103_035000.WAV,recover-20260108,UBNA_024,Carp Pond
HF,53760.0,10.1468713207335,107.0125,107.0173,42656.0,67145.0,Echolocation,Pipistrellus pipistrellus,0.264,0.433,-1,192000.0,/mnt/ubna_data_07/recover-20260108/UBNA_024/20260103_035000.WAV,recover-20260108,UBNA_024,Carp Pond
HF,53760.0,10.601132379618182,107.0755,107.0818,46093.0,66374.0,Echolocation,Pipistrellus pipistrellus,0.442,0.599,-1,192000.0,/mnt/ubna_data_07/recover-20260108/UBNA_024/20260103_035000.WAV,recover-20260108,UBNA_024,Carp Pond
HF,53760.0,12.857571579792094,107.1435,107.1487,45234.0,66955.0,Echolocation,Pipistrellus pipistrellus,0.215,0.426,-1,192000.0,/mnt/ubna_data_07/recover-20260108/UBNA_024/20260103_035000.WAV,recover-20260108,UBNA_024,Carp Pond
HF,46080.0,8.68267346457571,107.2205,107.2257,44375.0,59694.0,Echolocation,Pipistrellus pipistrellus,0.428,0.485,-1,192000.0,/mnt/ubna_data_07/recover-20260108/UBNA_024/20260103_035000.WAV,recover-20260108,UBNA_024,Carp Pond
HF,54720.0,6.40205534501924,107.2955,107.3007,46093.0,60548.0,Echolocation,Pipistrellus pipistrellus,0.389,0.511,-1,192000.0,/mnt/ubna_data_07/recover-20260108/UBNA_024/20260103_035000.WAV,recover-20260108,UBNA_024,Carp Pond
HF,48960.0,3.6778915837739063,107.3665,107.3721,46093.0,58246.0,Echolocation,Pipistrellus pipistrellus,0.314,0.346,-1,192000.0,/mnt/ubna_data_07/recover-20260108/UBNA_024/20260103_035000.WAV,recover-20260108,UBNA_024,Carp Pond
HF,48960.0,2.8737186981954554,107.4575,107.4635,46953.0,57700.0,Echolocation,Pipistrellus pipistrellus,0.435,0.483,-1,192000.0,/mnt/ubna_data_07/recover-20260108/UBNA_024/20260103_035000.WAV,recover-20260108,UBNA_024,Carp Pond
HF,48000.0,4.715528874605132,108.7325,108.73949999999999,46953.0,54803.0,Echolocation,Pipistrellus pipistrellus,0.342,0.366,-1,192000.0,/mnt/ubna_data_07/recover-20260108/UBNA_024/20260103_035000.WAV,recover-20260108,UBNA_024,Carp Pond
HF,48960.0,4.085592727609419,108.9075,108.914,47812.0,53609.0,Echolocation,Pipistrellus pipistrellus,0.505,0.52,-1,192000.0,/mnt/ubna_data_07/recover-20260108/UBNA_024/20260103_035000.WAV,recover-20260108,UBNA_024,Carp Pond
HF,48000.0,4.1126425138862786,109.0895,109.0952,46953.0,55003.0,Echolocation,Pipistrellus pipistrellus,0.465,0.483,-1,192000.0,/mnt/ubna_data_07/recover-20260108/UBNA_024/20260103_035000.WAV,recover-20260108,UBNA_024,Carp Pond
HF,48000.0,4.979570205213136,109.7285,109.7342,46953.0,59787.0,Echolocation,Pipistrellus pipistrellus,0.417,0.505,-1,192000.0,/mnt/ubna_data_07/recover-20260108/UBNA_024/20260103_035000.WAV,recover-20260108,UBNA_024,Carp Pond
HF,51840.0,7.203660532714911,109.9645,109.9693,47812.0,58136.0,Echolocation,Pipistrellus pipistrellus,0.312,0.351,-1,192000.0,/mnt/ubna_data_07/recover-20260108/UBNA_024/20260103_035000.WAV,recover-20260108,UBNA_024,Carp Pond
HF,51840.0,7.913312850892632,110.22149999999999,110.22710000000001,49531.0,60302.0,Echolocation,Pipistrellus pipistrellus,0.335,0.409,-1,192000.0,/mnt/ubna_data_07/recover-20260108/UBNA_024/20260103_035000.WAV,recover-20260108,UBNA_024,Carp Pond
HF,51840.0,6.864019099662241,110.3615,110.3669,46953.0,63443.0,Echolocation,Pipistrellus pipistrellus,0.401,0.477,-1,192000.0,/mnt/ubna_data_07/recover-20260108/UBNA_024/20260103_035000.WAV,recover-20260108,UBNA_024,Carp Pond
HF,55680.0,7.67374783661245,110.4375,110.443,48671.0,62620.0,Echolocation,Pipistrellus pipistrellus,0.254,0.341,-1,192000.0,/mnt/ubna_data_07/recover-20260108/UBNA_024/20260103_035000.WAV,recover-20260108,UBNA_024,Carp Pond
HF,50880.0,7.597738207669651,110.6155,110.6207,48671.0,60606.0,Echolocation,Pipistrellus pipistrellus,0.427,0.463,-1,192000.0,/mnt/ubna_data_07/recover-20260108/UBNA_024/20260103_035000.WAV,recover-20260108,UBNA_024,Carp Pond
HF,51840.0,6.160663863922162,110.6865,110.6916,46093.0,61559.0,Echolocation,Pipistrellus pipistrellus,0.407,0.499,-1,192000.0,/mnt/ubna_data_07/recover-20260108/UBNA_024/20260103_035000.WAV,recover-20260108,UBNA_024,Carp Pond
HF,46080.0,5.10415002599834,110.7675,110.7739,46093.0,54532.0,Echolocation,Pipistrellus pipistrellus,0.454,0.491,-1,192000.0,/mnt/ubna_data_07/recover-20260108/UBNA_024/20260103_035000.WAV,recover-20260108,UBNA_024,Carp Pond
HF,47040.0,7.287774142281683,110.8475,110.8537,45234.0,59455.0,Echolocation,Pipistrellus pipistrellus,0.475,0.636,-1,192000.0,/mnt/ubna_data_07/recover-20260108/UBNA_024/20260103_035000.WAV,recover-20260108,UBNA_024,Carp Pond
HF,46080.0,3.6206817564925857,110.9205,110.9268,46093.0,53971.0,Echolocation,Pipistrellus pipistrellus,0.388,0.407,-1,192000.0,/mnt/ubna_data_07/recover-20260108/UBNA_024/20260103_035000.WAV,recover-20260108,UBNA_024,Carp Pond
HF,46080.0,6.769909878615646,111.0115,111.0193,46093.0,57470.0,Echolocation,Pipistrellus pipistrellus,0.446,0.531,-1,192000.0,/mnt/ubna_data_07/recover-20260108/UBNA_024/20260103_035000.WAV,recover-20260108,UBNA_024,Carp Pond
HF,48000.0,5.650527593288494,111.0725,111.078,46093.0,57167.0,Echolocation,Pipistrellus pipistrellus,0.589,0.613,-1,192000.0,/mnt/ubna_data_07/recover-20260108/UBNA_024/20260103_035000.WAV,recover-20260108,UBNA_024,Carp Pond
HF,48000.0,7.659042844915572,111.1385,111.14410000000001,46093.0,54919.0,Echolocation,Pipistrellus pipistrellus,0.561,0.583,-1,192000.0,/mnt/ubna_data_07/recover-20260108/UBNA_024/20260103_035000.WAV,recover-20260108,UBNA_024,Carp Pond
HF,48000.0,4.8261466554986825,111.2145,111.221,46953.0,59639.0,Echolocation,Pipistrellus pipistrellus,0.464,0.527,-1,192000.0,/mnt/ubna_data_07/recover-20260108/UBNA_024/20260103_035000.WAV,recover-20260108,UBNA_024,Carp Pond
HF,48960.0,3.466092183258908,111.37950000000001,111.3868,47812.0,56309.0,Echolocation,Pipistrellus pipistrellus,0.452,0.482,-1,192000.0,/mnt/ubna_data_07/recover-20260108/UBNA_024/20260103_035000.WAV,recover-20260108,UBNA_024,Carp Pond
HF,46080.0,5.055411169044994,112.71549999999999,112.72149999999999,45234.0,52069.0,Echolocation,Pipistrellus pipistrellus,0.42,0.544,-1,192000.0,/mnt/ubna_data_07/recover-20260108/UBNA_024/20260103_035000.WAV,recover-20260108,UBNA_024,Carp Pond
HF,52800.0,5.366500208778763,113.9305,113.937,46953.0,57776.0,Echolocation,Pipistrellus pipistrellus,0.386,0.475,-1,192000.0,/mnt/ubna_data_07/recover-20260108/UBNA_024/20260103_035000.WAV,recover-20260108,UBNA_024,Carp Pond
HF,52800.0,5.107359615642769,114.0615,114.0687,43515.0,57799.0,Echolocation,Pipistrellus pipistrellus,0.219,0.334,-1,192000.0,/mnt/ubna_data_07/recover-20260108/UBNA_024/20260103_035000.WAV,recover-20260108,UBNA_024,Carp Pond
HF,52800.0,6.541758904696674,114.1935,114.1985,43515.0,55401.0,Echolocation,Pipistrellus pipistrellus,0.406,0.456,-1,192000.0,/mnt/ubna_data_07/recover-20260108/UBNA_024/20260103_035000.WAV,recover-20260108,UBNA_024,Carp Pond
HF,48000.0,4.836040852871413,114.2695,114.2771,46953.0,52425.0,Echolocation,Pipistrellus pipistrellus,0.288,0.304,-1,192000.0,/mnt/ubna_data_07/recover-20260108/UBNA_024/20260103_035000.WAV,recover-20260108,UBNA_024,Carp Pond
HF,48000.0,10.662285589748295,114.3495,114.3552,45234.0,53222.0,Echolocation,Pipistrellus pipistrellus,0.306,0.327,-1,192000.0,/mnt/ubna_data_07/recover-20260108/UBNA_024/20260103_035000.WAV,recover-20260108,UBNA_024,Carp Pond
HF,46080.0,5.018153642268796,114.4315,114.4378,45234.0,54076.0,Echolocation,Pipistrellus pipistrellus,0.464,0.516,-1,192000.0,/mnt/ubna_data_07/recover-20260108/UBNA_024/20260103_035000.WAV,recover-20260108,UBNA_024,Carp Pond
HF,46080.0,3.4490953681066685,114.5125,114.5217,45234.0,51970.0,Echolocation,Pipistrellus pipistrellus,0.324,0.364,-1,192000.0,/mnt/ubna_data_07/recover-20260108/UBNA_024/20260103_035000.WAV,recover-20260108,UBNA_024,Carp Pond
HF,48000.0,6.6919713262661285,114.8495,114.8556,43515.0,50640.0,Echolocation,Pipistrellus pipistrellus,0.325,0.374,-1,192000.0,/mnt/ubna_data_07/recover-20260108/UBNA_024/20260103_035000.WAV,recover-20260108,UBNA_024,Carp Pond
HF,48960.0,5.934671075981574,122.4605,122.4677,46953.0,54263.0,Echolocation,Pipistrellus pipistrellus,0.262,0.31,-1,192000.0,/mnt/ubna_data_07/recover-20260108/UBNA_024/20260103_035000.WAV,recover-20260108,UBNA_024,Carp Pond
HF,48000.0,9.385234437548544,122.5185,122.5246,45234.0,59328.0,Echolocation,Pipistrellus pipistrellus,0.382,0.563,-1,192000.0,/mnt/ubna_data_07/recover-20260108/UBNA_024/20260103_035000.WAV,recover-20260108,UBNA_024,Carp Pond
HF,48000.0,6.315264804758374,122.5925,122.5998,46953.0,55709.0,Echolocation,Pipistrellus pipistrellus,0.312,0.349,-1,192000.0,/mnt/ubna_data_07/recover-20260108/UBNA_024/20260103_035000.WAV,recover-20260108,UBNA_024,Carp Pond
HF,48960.0,5.156803784195293,122.6645,122.6717,46953.0,58489.0,Echolocation,Pipistrellus pipistrellus,0.312,0.364,-1,192000.0,/mnt/ubna_data_07/recover-20260108/UBNA_024/20260103_035000.WAV,recover-20260108,UBNA_024,Carp Pond
HF,47040.0,6.957183178145038,122.7295,122.735,46093.0,58612.0,Echolocation,Pipistrellus pipistrellus,0.464,0.533,-1,192000.0,/mnt/ubna_data_07/recover-20260108/UBNA_024/20260103_035000.WAV,recover-20260108,UBNA_024,Carp Pond
HF,48960.0,6.9779872609494635,122.8475,122.8535,47812.0,57426.0,Echolocation,Pipistrellus pipistrellus,0.373,0.399,-1,192000.0,/mnt/ubna_data_07/recover-20260108/UBNA_024/20260103_035000.WAV,recover-20260108,UBNA_024,Carp Pond
HF,47040.0,8.24974841600245,122.9005,122.9064,46953.0,57870.0,Echolocation,Pipistrellus pipistrellus,0.504,0.545,-1,192000.0,/mnt/ubna_data_07/recover-20260108/UBNA_024/20260103_035000.WAV,recover-20260108,UBNA_024,Carp Pond
HF,48000.0,4.395203381420735,124.2885,124.2958,46953.0,52727.0,Echolocation,Pipistrellus pipistrellus,0.312,0.341,-1,192000.0,/mnt/ubna_data_07/recover-20260108/UBNA_024/20260103_035000.WAV,recover-20260108,UBNA_024,Carp Pond
HF,51840.0,4.271289673951097,126.4395,126.4457,48671.0,56066.0,Echolocation,Pipistrellus pipistrellus,0.274,0.359,-1,192000.0,/mnt/ubna_data_07/recover-20260108/UBNA_024/20260103_035000.WAV,recover-20260108,UBNA_024,Carp Pond
HF,48000.0,2.154496065948441,126.5305,126.5373,46953.0,55359.0,Echolocation,Pipistrellus pipistrellus,0.39,0.491,-1,192000.0,/mnt/ubna_data_07/recover-20260108/UBNA_024/20260103_035000.WAV,recover-20260108,UBNA_024,Carp Pond
HF,46080.0,2.5301904078935955,126.6185,126.6243,44375.0,50949.0,Echolocation,Pipistrellus pipistrellus,0.394,0.414,-1,192000.0,/mnt/ubna_data_07/recover-20260108/UBNA_024/20260103_035000.WAV,recover-20260108,UBNA_024,Carp Pond
HF,46080.0,4.032082193446832,127.0155,127.0202,42656.0,60912.0,Echolocation,Pipistrellus pipistrellus,0.121,0.331,-1,192000.0,/mnt/ubna_data_07/recover-20260108/UBNA_024/20260103_035000.WAV,recover-20260108,UBNA_024,Carp Pond
HF,48000.0,2.3383355397097065,127.0895,127.0949,46953.0,56153.0,Echolocation,Pipistrellus pipistrellus,0.298,0.339,-1,192000.0,/mnt/ubna_data_07/recover-20260108/UBNA_024/20260103_035000.WAV,recover-20260108,UBNA_024,Carp Pond
HF,51840.0,6.988515344792084,127.3215,127.3259,50390.0,58496.0,Echolocation,Pipistrellus pipistrellus,0.34,0.439,-1,192000.0,/mnt/ubna_data_07/recover-20260108/UBNA_024/20260103_035000.WAV,recover-20260108,UBNA_024,Carp Pond
HF,52800.0,7.751355547076403,127.3885,127.3933,46953.0,54493.0,Echolocation,Pipistrellus pipistrellus,0.416,0.453,-1,192000.0,/mnt/ubna_data_07/recover-20260108/UBNA_024/20260103_035000.WAV,recover-20260108,UBNA_024,Carp Pond
HF,51840.0,10.775603675866193,127.4505,127.455,46953.0,59896.0,Echolocation,Pipistrellus pipistrellus,0.3,0.382,-1,192000.0,/mnt/ubna_data_07/recover-20260108/UBNA_024/20260103_035000.WAV,recover-20260108,UBNA_024,Carp Pond
HF,50880.0,9.363142883226008,127.5115,127.5162,45234.0,60261.0,Echolocation,Pipistrellus pipistrellus,0.281,0.459,-1,192000.0,/mnt/ubna_data_07/recover-20260108/UBNA_024/20260103_035000.WAV,recover-20260108,UBNA_024,Carp Pond
HF,52800.0,8.48302850646948,127.5745,127.5798,44375.0,58784.0,Echolocation,Pipistrellus pipistrellus,0.219,0.416,-1,192000.0,/mnt/ubna_data_07/recover-20260108/UBNA_024/20260103_035000.WAV,recover-20260108,UBNA_024,Carp Pond
HF,48000.0,8.720888204154043,127.6615,127.6664,45234.0,58466.0,Echolocation,Pipistrellus pipistrellus,0.265,0.374,-1,192000.0,/mnt/ubna_data_07/recover-20260108/UBNA_024/20260103_035000.WAV,recover-20260108,UBNA_024,Carp Pond
HF,53760.0,7.084897724054819,127.7925,127.7966,44375.0,59299.0,Echolocation,Pipistrellus pipistrellus,0.158,0.402,-1,192000.0,/mnt/ubna_data_07/recover-20260108/UBNA_024/20260103_035000.WAV,recover-20260108,UBNA_024,Carp Pond
HF,50880.0,3.638429929902668,127.8595,127.8642,43515.0,59457.0,Echolocation,Pipistrellus pipistrellus,0.153,0.333,-1,192000.0,/mnt/ubna_data_07/recover-20260108/UBNA_024/20260103_035000.WAV,recover-20260108,UBNA_024,Carp Pond
HF,50880.0,3.1902765633591006,127.9765,127.9815,46093.0,60084.0,Echolocation,Pipistrellus pipistrellus,0.208,0.35,-1,192000.0,/mnt/ubna_data_07/recover-20260108/UBNA_024/20260103_035000.WAV,recover-20260108,UBNA_024,Carp Pond
HF,52800.0,6.6872774370470855,128.2745,128.2805,51250.0,59628.0,Echolocation,Pipistrellus pygmaeus,0.29,0.485,-1,192000.0,/mnt/ubna_data_07/recover-20260108/UBNA_024/20260103_035000.WAV,recover-20260108,UBNA_024,Carp Pond
HF,52800.0,7.947331327271057,128.3225,128.3268,43515.0,63554.0,Echolocation,Myotis alcathoe,0.162,0.315,-1,192000.0,/mnt/ubna_data_07/recover-20260108/UBNA_024/20260103_035000.WAV,recover-20260108,UBNA_024,Carp Pond
HF,51840.0,5.39722075529184,128.3655,128.3696,50390.0,60700.0,Echolocation,Pipistrellus pipistrellus,0.265,0.355,-1,192000.0,/mnt/ubna_data_07/recover-20260108/UBNA_024/20260103_035000.WAV,recover-20260108,UBNA_024,Carp Pond
HF,53760.0,7.100292938549132,128.4475,128.4522,52109.0,65244.0,Echolocation,Pipistrellus pygmaeus,0.302,0.313,-1,192000.0,/mnt/ubna_data_07/recover-20260108/UBNA_024/20260103_035000.WAV,recover-20260108,UBNA_024,Carp Pond
HF,54720.0,8.151529851054333,128.4975,128.5019,44375.0,65000.0,Echolocation,Pipistrellus pipistrellus,0.219,0.468,-1,192000.0,/mnt/ubna_data_07/recover-20260108/UBNA_024/20260103_035000.WAV,recover-20260108,UBNA_024,Carp Pond
HF,52800.0,10.999700801923023,128.5555,128.5604,43515.0,69662.0,Echolocation,Myotis alcathoe,0.199,0.369,-1,192000.0,/mnt/ubna_data_07/recover-20260108/UBNA_024/20260103_035000.WAV,recover-20260108,UBNA_024,Carp Pond
HF,52800.0,9.307058254089311,128.6155,128.6206,45234.0,64507.0,Echolocation,Pipistrellus pipistrellus,0.205,0.492,-1,192000.0,/mnt/ubna_data_07/recover-20260108/UBNA_024/20260103_035000.WAV,recover-20260108,UBNA_024,Carp Pond
HF,54720.0,9.897040637848603,128.66649999999998,128.6715,44375.0,71970.0,Echolocation,Myotis alcathoe,0.28,0.45,-1,192000.0,/mnt/ubna_data_07/recover-20260108/UBNA_024/20260103_035000.WAV,recover-20260108,UBNA_024,Carp Pond
HF,53760.0,7.583937724189865,128.7225,128.7264,45234.0,67956.0,Echolocation,Myotis alcathoe,0.263,0.36,-1,192000.0,/mnt/ubna_data_07/recover-20260108/UBNA_024/20260103_035000.WAV,recover-20260108,UBNA_024,Carp Pond
HF,52800.0,4.998580528231335,129.4475,129.4527,51250.0,57260.0,Echolocation,Pipistrellus pygmaeus,0.243,0.343,-1,192000.0,/mnt/ubna_data_07/recover-20260108/UBNA_024/20260103_035000.WAV,recover-20260108,UBNA_024,Carp Pond
HF,52800.0,2.47390121238919,129.7115,129.7167,51250.0,56933.0,Echolocation,Pipistrellus pygmaeus,0.22,0.302,-1,192000.0,/mnt/ubna_data_07/recover-20260108/UBNA_024/20260103_035000.WAV,recover-20260108,UBNA_024,Carp Pond
HF,48000.0,4.889395546706322,129.9065,129.9113,47812.0,54126.0,Echolocation,Pipistrellus pipistrellus,0.247,0.312,-1,192000.0,/mnt/ubna_data_07/recover-20260108/UBNA_024/20260103_035000.WAV,recover-20260108,UBNA_024,Carp Pond
HF,47040.0,4.79368145724539,131.2565,131.2635,46093.0,51516.0,Echolocation,Pipistrellus pipistrellus,0.358,0.392,-1,192000.0,/mnt/ubna_data_07/recover-20260108/UBNA_024/20260103_035000.WAV,recover-20260108,UBNA_024,Carp Pond
HF,48000.0,4.13479507174333,138.6655,138.6727,46093.0,56133.0,Echolocation,Pipistrellus pipistrellus,0.285,0.316,-1,192000.0,/mnt/ubna_data_07/recover-20260108/UBNA_024/20260103_035000.WAV,recover-20260108,UBNA_024,Carp Pond
HF,48000.0,3.468978315064688,139.1245,139.13,46093.0,55060.0,Echolocation,Pipistrellus pipistrellus,0.303,0.318,-1,192000.0,/mnt/ubna_data_07/recover-20260108/UBNA_024/20260103_035000.WAV,recover-20260108,UBNA_024,Carp Pond
HF,46080.0,0.981147360847545,140.1955,140.203,46093.0,58037.0,Echolocation,Pipistrellus pipistrellus,0.266,0.303,-1,192000.0,/mnt/ubna_data_07/recover-20260108/UBNA_024/20260103_035000.WAV,recover-20260108,UBNA_024,Carp Pond
HF,52800.0,4.474712256810954,140.2635,140.2686,42656.0,57807.0,Echolocation,Pipistrellus pipistrellus,0.252,0.384,-1,192000.0,/mnt/ubna_data_07/recover-20260108/UBNA_024/20260103_035000.WAV,recover-20260108,UBNA_024,Carp Pond
HF,47040.0,4.431802811135903,140.32150000000001,140.3276,44375.0,58783.0,Echolocation,Pipistrellus pipistrellus,0.367,0.483,-1,192000.0,/mnt/ubna_data_07/recover-20260108/UBNA_024/20260103_035000.WAV,recover-20260108,UBNA_024,Carp Pond
HF,52800.0,3.4701091365243144,140.4665,140.4723,45234.0,56443.0,Echolocation,Pipistrellus pipistrellus,0.423,0.469,-1,192000.0,/mnt/ubna_data_07/recover-20260108/UBNA_024/20260103_035000.WAV,recover-20260108,UBNA_024,Carp Pond
HF,46080.0,6.2650650168265525,140.54149999999998,140.5483,45234.0,59780.0,Echolocation,Pipistrellus pipistrellus,0.382,0.446,-1,192000.0,/mnt/ubna_data_07/recover-20260108/UBNA_024/20260103_035000.WAV,recover-20260108,UBNA_024,Carp Pond
HF,48960.0,3.74024299893433,140.6295,140.6359,47812.0,57220.0,Echolocation,Pipistrellus pipistrellus,0.278,0.307,-1,192000.0,/mnt/ubna_data_07/recover-20260108/UBNA_024/20260103_035000.WAV,recover-20260108,UBNA_024,Carp Pond
HF,46080.0,2.326673838606627,140.6905,140.6975,45234.0,56567.0,Echolocation,Pipistrellus pipistrellus,0.299,0.326,-1,192000.0,/mnt/ubna_data_07/recover-20260108/UBNA_024/20260103_035000.WAV,recover-20260108,UBNA_024,Carp Pond
HF,48000.0,2.428075130945566,140.9655,140.9724,47812.0,55814.0,Echolocation,Pipistrellus pipistrellus,0.334,0.347,-1,192000.0,/mnt/ubna_data_07/recover-20260108/UBNA_024/20260103_035000.WAV,recover-20260108,UBNA_024,Carp Pond
HF,48000.0,3.436678820826482,141.0435,141.0496,46093.0,56824.0,Echolocation,Pipistrellus pipistrellus,0.436,0.484,-1,192000.0,/mnt/ubna_data_07/recover-20260108/UBNA_024/20260103_035000.WAV,recover-20260108,UBNA_024,Carp Pond
HF,48960.0,1.458770717804918,141.2335,141.2423,46953.0,58221.0,Echolocation,Pipistrellus pipistrellus,0.325,0.387,-1,192000.0,/mnt/ubna_data_07/recover-20260108/UBNA_024/20260103_035000.WAV,recover-20260108,UBNA_024,Carp Pond
HF,51840.0,4.750870023859926,141.4015,141.4081,48671.0,58535.0,Echolocation,Pipistrellus pipistrellus,0.292,0.318,-1,192000.0,/mnt/ubna_data_07/recover-20260108/UBNA_024/20260103_035000.WAV,recover-20260108,UBNA_024,Carp Pond
HF,48000.0,7.373384323478889,141.8225,141.8288,46953.0,58654.0,Echolocation,Pipistrellus pipistrellus,0.468,0.517,-1,192000.0,/mnt/ubna_data_07/recover-20260108/UBNA_024/20260103_035000.WAV,recover-20260108,UBNA_024,Carp Pond
HF,46080.0,3.259838896371745,141.8975,141.9056,44375.0,59187.0,Echolocation,Pipistrellus pipistrellus,0.259,0.306,-1,192000.0,/mnt/ubna_data_07/recover-20260108/UBNA_024/20260103_035000.WAV,recover-20260108,UBNA_024,Carp Pond
HF,47040.0,2.285324355781992,141.9895,141.9973,46953.0,58346.0,Echolocation,Pipistrellus pipistrellus,0.329,0.378,-1,192000.0,/mnt/ubna_data_07/recover-20260108/UBNA_024/20260103_035000.WAV,recover-20260108,UBNA_024,Carp Pond
HF,48000.0,5.859720214732046,142.0505,142.0566,46093.0,57757.0,Echolocation,Pipistrellus pipistrellus,0.482,0.516,-1,192000.0,/mnt/ubna_data_07/recover-20260108/UBNA_024/20260103_035000.WAV,recover-20260108,UBNA_024,Carp Pond
HF,48000.0,4.767066131030054,142.45850000000002,142.4651,46953.0,56145.0,Echolocation,Pipistrellus pipistrellus,0.526,0.599,-1,192000.0,/mnt/ubna_data_07/recover-20260108/UBNA_024/20260103_035000.WAV,recover-20260108,UBNA_024,Carp Pond
HF,48000.0,6.567473852201705,142.6185,142.6243,45234.0,61828.0,Echolocation,Pipistrellus pipistrellus,0.476,0.581,-1,192000.0,/mnt/ubna_data_07/recover-20260108/UBNA_024/20260103_035000.WAV,recover-20260108,UBNA_024,Carp Pond
HF,50880.0,3.9338964270739414,142.7785,142.785,45234.0,59901.0,Echolocation,Pipistrellus pipistrellus,0.333,0.384,-1,192000.0,/mnt/ubna_data_07/recover-20260108/UBNA_024/20260103_035000.WAV,recover-20260108,UBNA_024,Carp Pond
HF,50880.0,3.5861996539231287,142.8595,142.8649,49531.0,60927.0,Echolocation,Pipistrellus pipistrellus,0.411,0.446,-1,192000.0,/mnt/ubna_data_07/recover-20260108/UBNA_024/20260103_035000.WAV,recover-20260108,UBNA_024,Carp Pond
HF,48000.0,6.878317095109132,142.9365,142.9421,46093.0,63501.0,Echolocation,Pipistrellus pipistrellus,0.431,0.488,-1,192000.0,/mnt/ubna_data_07/recover-20260108/UBNA_024/20260103_035000.WAV,recover-20260108,UBNA_024,Carp Pond
HF,48960.0,0.6884106774253356,143.0205,143.02609999999999,46953.0,55414.0,Echolocation,Pipistrellus pipistrellus,0.383,0.393,-1,192000.0,/mnt/ubna_data_07/recover-20260108/UBNA_024/20260103_035000.WAV,recover-20260108,UBNA_024,Carp Pond
HF,53760.0,5.053357241865354,143.0925,143.0967,49531.0,61389.0,Echolocation,Pipistrellus pipistrellus,0.436,0.458,-1,192000.0,/mnt/ubna_data_07/recover-20260108/UBNA_024/20260103_035000.WAV,recover-20260108,UBNA_024,Carp Pond
HF,51840.0,8.274324052956732,143.1735,143.17849999999999,49531.0,59621.0,Echolocation,Pipistrellus pipistrellus,0.467,0.5,-1,192000.0,/mnt/ubna_data_07/recover-20260108/UBNA_024/20260103_035000.WAV,recover-20260108,UBNA_024,Carp Pond
HF,50880.0,6.136180878860824,143.2425,143.24790000000002,48671.0,64490.0,Echolocation,Pipistrellus pipistrellus,0.395,0.442,-1,192000.0,/mnt/ubna_data_07/recover-20260108/UBNA_024/20260103_035000.WAV,recover-20260108,UBNA_024,Carp Pond
HF,49920.0,3.7739286401907846,143.3915,143.39679999999998,48671.0,63081.0,Echolocation,Pipistrellus pipistrellus,0.425,0.452,-1,192000.0,/mnt/ubna_data_07/recover-20260108/UBNA_024/20260103_035000.WAV,recover-20260108,UBNA_024,Carp Pond
HF,50880.0,5.292841113246621,143.4455,143.45159999999998,46953.0,60688.0,Echolocation,Pipistrellus pipistrellus,0.284,0.33,-1,192000.0,/mnt/ubna_data_07/recover-20260108/UBNA_024/20260103_035000.WAV,recover-20260108,UBNA_024,Carp Pond
HF,48000.0,2.8452009321665606,143.5365,143.5421,47812.0,59373.0,Echolocation,Pipistrellus pipistrellus,0.453,0.468,-1,192000.0,/mnt/ubna_data_07/recover-20260108/UBNA_024/20260103_035000.WAV,recover-20260108,UBNA_024,Carp Pond
HF,48000.0,1.1638406303609872,143.6575,143.664,47812.0,60067.0,Echolocation,Pipistrellus pipistrellus,0.319,0.345,-1,192000.0,/mnt/ubna_data_07/recover-20260108/UBNA_024/20260103_035000.WAV,recover-20260108,UBNA_024,Carp Pond
HF,48960.0,3.9962865726506482,143.8165,143.8226,46953.0,59867.0,Echolocation,Pipistrellus pipistrellus,0.455,0.486,-1,192000.0,/mnt/ubna_data_07/recover-20260108/UBNA_024/20260103_035000.WAV,recover-20260108,UBNA_024,Carp Pond
HF,48960.0,5.338008758888289,143.8985,143.9055,48671.0,61330.0,Echolocation,Pipistrellus pipistrellus,0.498,0.545,-1,192000.0,/mnt/ubna_data_07/recover-20260108/UBNA_024/20260103_035000.WAV,recover-20260108,UBNA_024,Carp Pond
HF,48960.0,6.223436219064043,144.0865,144.0939,47812.0,55312.0,Echolocation,Pipistrellus pipistrellus,0.381,0.42,-1,192000.0,/mnt/ubna_data_07/recover-20260108/UBNA_024/20260103_035000.WAV,recover-20260108,UBNA_024,Carp Pond
HF,48000.0,5.280304038110706,144.1585,144.1643,46953.0,56866.0,Echolocation,Pipistrellus pipistrellus,0.386,0.418,-1,192000.0,/mnt/ubna_data_07/recover-20260108/UBNA_024/20260103_035000.WAV,recover-20260108,UBNA_024,Carp Pond
HF,46080.0,3.808901238067171,145.4675,145.4736,46093.0,55498.0,Echolocation,Pipistrellus pipistrellus,0.362,0.377,-1,192000.0,/mnt/ubna_data_07/recover-20260108/UBNA_024/20260103_035000.WAV,recover-20260108,UBNA_024,Carp Pond
HF,46080.0,4.482760789835566,145.7075,145.7131,44375.0,53752.0,Echolocation,Pipistrellus pipistrellus,0.325,0.355,-1,192000.0,/mnt/ubna_data_07/recover-20260108/UBNA_024/20260103_035000.WAV,recover-20260108,UBNA_024,Carp Pond
HF,46080.0,1.8006691953217522,145.7735,145.7815,44375.0,54620.0,Echolocation,Pipistrellus pipistrellus,0.259,0.303,-1,192000.0,/mnt/ubna_data_07/recover-20260108/UBNA_024/20260103_035000.WAV,recover-20260108,UBNA_024,Carp Pond
HF,47040.0,2.5836143672572502,145.8395,145.8471,45234.0,51884.0,Echolocation,Pipistrellus pipistrellus,0.396,0.439,-1,192000.0,/mnt/ubna_data_07/recover-20260108/UBNA_024/20260103_035000.WAV,recover-20260108,UBNA_024,Carp Pond
HF,46080.0,6.7061498245211615,146.1045,146.1096,42656.0,60946.0,Echolocation,Pipistrellus pipistrellus,0.102,0.355,-1,192000.0,/mnt/ubna_data_07/recover-20260108/UBNA_024/20260103_035000.WAV,recover-20260108,UBNA_024,Carp Pond
HF,48000.0,5.559594895269321,146.1725,146.1783,43515.0,59737.0,Echolocation,Pipistrellus pipistrellus,0.161,0.349,-1,192000.0,/mnt/ubna_data_07/recover-20260108/UBNA_024/20260103_035000.WAV,recover-20260108,UBNA_024,Carp Pond
HF,53760.0,7.456967037714115,146.2385,146.2428,46093.0,60518.0,Echolocation,Pipistrellus pipistrellus,0.2,0.334,-1,192000.0,/mnt/ubna_data_07/recover-20260108/UBNA_024/20260103_035000.WAV,recover-20260108,UBNA_024,Carp Pond
HF,53760.0,6.8145256214094285,146.51749999999998,146.5222,43515.0,60764.0,Echolocation,Pipistrellus pipistrellus,0.141,0.356,-1,192000.0,/mnt/ubna_data_07/recover-20260108/UBNA_024/20260103_035000.WAV,recover-20260108,UBNA_024,Carp Pond
HF,45120.0,7.899436250104895,147.0335,147.0386,43515.0,59620.0,Echolocation,Pipistrellus pipistrellus,0.368,0.586,-1,192000.0,/mnt/ubna_data_07/recover-20260108/UBNA_024/20260103_035000.WAV,recover-20260108,UBNA_024,Carp Pond
HF,55680.0,5.272902123649018,147.1025,147.1071,46093.0,61433.0,Echolocation,Pipistrellus pipistrellus,0.286,0.471,-1,192000.0,/mnt/ubna_data_07/recover-20260108/UBNA_024/20260103_035000.WAV,recover-20260108,UBNA_024,Carp Pond
HF,52800.0,5.955766343872087,147.1775,147.1828,45234.0,58572.0,Echolocation,Pipistrellus pipistrellus,0.286,0.449,-1,192000.0,/mnt/ubna_data_07/recover-20260108/UBNA_024/20260103_035000.WAV,recover-20260108,UBNA_024,Carp Pond
HF,51840.0,7.313286042051715,147.2545,147.2606,44375.0,63358.0,Echolocation,Pipistrellus pipistrellus,0.229,0.436,-1,192000.0,/mnt/ubna_data_07/recover-20260108/UBNA_024/20260103_035000.WAV,recover-20260108,UBNA_024,Carp Pond
HF,46080.0,5.3898235823023715,147.4035,147.4093,43515.0,56534.0,Echolocation,Pipistrellus pipistrellus,0.179,0.337,-1,192000.0,/mnt/ubna_data_07/recover-20260108/UBNA_024/20260103_035000.WAV,recover-20260108,UBNA_024,Carp Pond
HF,44160.0,5.1229958864163105,147.55349999999999,147.558,41796.0,59004.0,Echolocation,Myotis daubentonii,0.126,0.333,-1,192000.0,/mnt/ubna_data_07/recover-20260108/UBNA_024/20260103_035000.WAV,recover-20260108,UBNA_024,Carp Pond
HF,49920.0,6.596615515039021,154.5225,154.5285,45234.0,58477.0,Echolocation,Pipistrellus pipistrellus,0.278,0.37,-1,192000.0,/mnt/ubna_data_07/recover-20260108/UBNA_024/20260103_035000.WAV,recover-20260108,UBNA_024,Carp Pond
HF,48000.0,3.659971228276959,154.7325,154.7377,46953.0,54987.0,Echolocation,Pipistrellus pipistrellus,0.345,0.354,-1,192000.0,/mnt/ubna_data_07/recover-20260108/UBNA_024/20260103_035000.WAV,recover-20260108,UBNA_024,Carp Pond
HF,48000.0,3.8311974635642914,158.2695,158.2745,46953.0,57273.0,Echolocation,Pipistrellus pipistrellus,0.349,0.369,-1,192000.0,/mnt/ubna_data_07/recover-20260108/UBNA_024/20260103_035000.WAV,recover-20260108,UBNA_024,Carp Pond
HF,53760.0,3.1487850596900775,158.8765,158.8816,45234.0,60109.0,Echolocation,Pipistrellus pipistrellus,0.195,0.314,-1,192000.0,/mnt/ubna_data_07/recover-20260108/UBNA_024/20260103_035000.WAV,recover-20260108,UBNA_024,Carp Pond
HF,47040.0,7.080555727644532,158.9535,158.95850000000002,44375.0,60746.0,Echolocation,Pipistrellus pipistrellus,0.313,0.526,-1,192000.0,/mnt/ubna_data_07/recover-20260108/UBNA_024/20260103_035000.WAV,recover-20260108,UBNA_024,Carp Pond
HF,46080.0,1.6807156569096626,159.1415,159.1461,45234.0,58532.0,Echolocation,Pipistrellus pipistrellus,0.298,0.336,-1,192000.0,/mnt/ubna_data_07/recover-20260108/UBNA_024/20260103_035000.WAV,recover-20260108,UBNA_024,Carp Pond
HF,48000.0,3.5414647595488216,159.2015,159.208,46953.0,58847.0,Echolocation,Pipistrellus pipistrellus,0.289,0.332,-1,192000.0,/mnt/ubna_data_07/recover-20260108/UBNA_024/20260103_035000.WAV,recover-20260108,UBNA_024,Carp Pond
HF,48000.0,3.2768448603943554,159.7305,159.7361,46953.0,60923.0,Echolocation,Pipistrellus pipistrellus,0.271,0.317,-1,192000.0,/mnt/ubna_data_07/recover-20260108/UBNA_024/20260103_035000.WAV,recover-20260108,UBNA_024,Carp Pond
HF,48000.0,1.6035937092703123,159.9665,159.9735,43515.0,57181.0,Echolocation,Pipistrellus pipistrellus,0.178,0.311,-1,192000.0,/mnt/ubna_data_07/recover-20260108/UBNA_024/20260103_035000.WAV,recover-20260108,UBNA_024,Carp Pond
HF,48000.0,6.18653951856359,165.6505,165.656,45234.0,55474.0,Echolocation,Pipistrellus pipistrellus,0.35,0.432,-1,192000.0,/mnt/ubna_data_07/recover-20260108/UBNA_024/20260103_035000.WAV,recover-20260108,UBNA_024,Carp Pond
HF,46080.0,3.6232163812371283,165.7935,165.8,44375.0,57377.0,Echolocation,Pipistrellus pipistrellus,0.329,0.456,-1,192000.0,/mnt/ubna_data_07/recover-20260108/UBNA_024/20260103_035000.WAV,recover-20260108,UBNA_024,Carp Pond
HF,48000.0,8.055891354296223,166.0855,166.0909,45234.0,53323.0,Echolocation,Pipistrellus pipistrellus,0.294,0.309,-1,192000.0,/mnt/ubna_data_07/recover-20260108/UBNA_024/20260103_035000.WAV,recover-20260108,UBNA_024,Carp Pond
HF,47040.0,1.7720690607234448,166.4805,166.4885,46093.0,53377.0,Echolocation,Pipistrellus pipistrellus,0.314,0.348,-1,192000.0,/mnt/ubna_data_07/recover-20260108/UBNA_024/20260103_035000.WAV,recover-20260108,UBNA_024,Carp Pond
HF,52800.0,6.081880921732688,261.9625,261.9681,46953.0,55313.0,Echolocation,Pipistrellus pipistrellus,0.336,0.419,-1,192000.0,/mnt/ubna_data_07/recover-20260108/UBNA_024/20260103_035000.WAV,recover-20260108,UBNA_024,Carp Pond
HF,52800.0,7.823421972723001,262.0685,262.0749,51250.0,57808.0,Echolocation,Pipistrellus pipistrellus,0.229,0.419,-1,192000.0,/mnt/ubna_data_07/recover-20260108/UBNA_024/20260103_035000.WAV,recover-20260108,UBNA_024,Carp Pond
HF,51840.0,7.479561122407585,262.2005,262.2069,48671.0,57352.0,Echolocation,Pipistrellus pipistrellus,0.299,0.352,-1,192000.0,/mnt/ubna_data_07/recover-20260108/UBNA_024/20260103_035000.WAV,recover-20260108,UBNA_024,Carp Pond
HF,46080.0,6.18423658195942,262.5535,262.5597,45234.0,52884.0,Echolocation,Pipistrellus pipistrellus,0.327,0.352,-1,192000.0,/mnt/ubna_data_07/recover-20260108/UBNA_024/20260103_035000.WAV,recover-20260108,UBNA_024,Carp Pond
HF,45120.0,6.815183849783486,262.6345,262.6408,44375.0,50820.0,Echolocation,Pipistrellus pipistrellus,0.311,0.34,-1,192000.0,/mnt/ubna_data_07/recover-20260108/UBNA_024/20260103_035000.WAV,recover-20260108,UBNA_024,Carp Pond
HF,48000.0,5.388387631149218,262.7205,262.7264,46953.0,52664.0,Echolocation,Pipistrellus pipistrellus,0.316,0.337,-1,192000.0,/mnt/ubna_data_07/recover-20260108/UBNA_024/20260103_035000.WAV,recover-20260108,UBNA_024,Carp Pond
HF,49920.0,3.457898467466855,1.0295,1.0363,48671.0,53999.0,Echolocation,Pipistrellus pipistrellus,0.295,0.312,-1,192000.0,/mnt/ubna_data_07/recover-20260108/UBNA_024/20260103_040000.WAV,recover-20260108,UBNA_024,Carp Pond
HF,49920.0,5.962451509611474,1.2085,1.214,47812.0,59157.0,Echolocation,Pipistrellus pipistrellus,0.488,0.54,-1,192000.0,/mnt/ubna_data_07/recover-20260108/UBNA_024/20260103_040000.WAV,recover-20260108,UBNA_024,Carp Pond
HF,50880.0,1.6669987200328023,1.2965,1.3016,48671.0,57974.0,Echolocation,Pipistrellus pipistrellus,0.3,0.314,-1,192000.0,/mnt/ubna_data_07/recover-20260108/UBNA_024/20260103_040000.WAV,recover-20260108,UBNA_024,Carp Pond
HF,47040.0,3.374553745374609,1.4815,1.4888,46093.0,56440.0,Echolocation,Pipistrellus pipistrellus,0.347,0.365,-1,192000.0,/mnt/ubna_data_07/recover-20260108/UBNA_024/20260103_040000.WAV,recover-20260108,UBNA_024,Carp Pond
HF,48960.0,2.752216911045075,1.8015,1.8085,47812.0,60138.0,Echolocation,Pipistrellus pipistrellus,0.337,0.35,-1,192000.0,/mnt/ubna_data_07/recover-20260108/UBNA_024/20260103_040000.WAV,recover-20260108,UBNA_024,Carp Pond
HF,47040.0,6.65519176288114,20.5245,20.5302,46093.0,57022.0,Echolocation,Pipistrellus pipistrellus,0.484,0.497,-1,192000.0,/mnt/ubna_data_07/recover-20260108/UBNA_024/20260103_040000.WAV,recover-20260108,UBNA_024,Carp Pond
HF,48960.0,2.2935913116014826,20.7795,20.7847,44375.0,59846.0,Echolocation,Pipistrellus pipistrellus,0.242,0.366,-1,192000.0,/mnt/ubna_data_07/recover-20260108/UBNA_024/20260103_040000.WAV,recover-20260108,UBNA_024,Carp Pond
HF,48000.0,3.2329081400164728,20.9565,20.9628,47812.0,56340.0,Echolocation,Pipistrellus pipistrellus,0.448,0.475,-1,192000.0,/mnt/ubna_data_07/recover-20260108/UBNA_024/20260103_040000.WAV,recover-20260108,UBNA_024,Carp Pond
HF,48960.0,2.018207151546732,21.0215,21.0271,46093.0,55474.0,Echolocation,Pipistrellus pipistrellus,0.333,0.346,-1,192000.0,/mnt/ubna_data_07/recover-20260108/UBNA_024/20260103_040000.WAV,recover-20260108,UBNA_024,Carp Pond
HF,48000.0,5.68621414957092,21.0945,21.1,46093.0,53660.0,Echolocation,Pipistrellus pipistrellus,0.404,0.426,-1,192000.0,/mnt/ubna_data_07/recover-20260108/UBNA_024/20260103_040000.WAV,recover-20260108,UBNA_024,Carp Pond
HF,46080.0,3.809478574772454,21.3245,21.3305,45234.0,54002.0,Echolocation,Pipistrellus pipistrellus,0.4,0.419,-1,192000.0,/mnt/ubna_data_07/recover-20260108/UBNA_024/20260103_040000.WAV,recover-20260108,UBNA_024,Carp Pond
HF,48000.0,3.2713976047591493,21.3925,21.3981,44375.0,56360.0,Echolocation,Pipistrellus pipistrellus,0.38,0.432,-1,192000.0,/mnt/ubna_data_07/recover-20260108/UBNA_024/20260103_040000.WAV,recover-20260108,UBNA_024,Carp Pond
HF,53760.0,6.023402385326246,21.7885,21.793,45234.0,57629.0,Echolocation,Pipistrellus pipistrellus,0.358,0.395,-1,192000.0,/mnt/ubna_data_07/recover-20260108/UBNA_024/20260103_040000.WAV,recover-20260108,UBNA_024,Carp Pond
HF,50880.0,7.34311436696392,21.8425,21.8479,49531.0,56592.0,Echolocation,Pipistrellus pipistrellus,0.382,0.408,-1,192000.0,/mnt/ubna_data_07/recover-20260108/UBNA_024/20260103_040000.WAV,recover-20260108,UBNA_024,Carp Pond
HF,52800.0,3.8980560289713373,22.1105,22.1181,52109.0,58770.0,Echolocation,Pipistrellus pipistrellus,0.304,0.458,-1,192000.0,/mnt/ubna_data_07/recover-20260108/UBNA_024/20260103_040000.WAV,recover-20260108,UBNA_024,Carp Pond
HF,52800.0,4.492934590629512,22.3745,22.3804,50390.0,58241.0,Echolocation,Pipistrellus pipistrellus,0.29,0.368,-1,192000.0,/mnt/ubna_data_07/recover-20260108/UBNA_024/20260103_040000.WAV,recover-20260108,UBNA_024,Carp Pond
HF,46080.0,5.872815707100477,22.5445,22.5516,45234.0,59088.0,Echolocation,Pipistrellus pipistrellus,0.418,0.538,-1,192000.0,/mnt/ubna_data_07/recover-20260108/UBNA_024/20260103_040000.WAV,recover-20260108,UBNA_024,Carp Pond
HF,48960.0,3.197020479205869,22.6315,22.6411,44375.0,58051.0,Echolocation,Pipistrellus pipistrellus,0.326,0.495,-1,192000.0,/mnt/ubna_data_07/recover-20260108/UBNA_024/20260103_040000.WAV,recover-20260108,UBNA_024,Carp Pond
HF,48000.0,7.078226203359942,22.7085,22.7139,45234.0,56143.0,Echolocation,Pipistrellus pipistrellus,0.376,0.419,-1,192000.0,/mnt/ubna_data_07/recover-20260108/UBNA_024/20260103_040000.WAV,recover-20260108,UBNA_024,Carp Pond
HF,47040.0,6.716088926510202,22.7745,22.7802,45234.0,60597.0,Echolocation,Pipistrellus pipistrellus,0.414,0.547,-1,192000.0,/mnt/ubna_data_07/recover-20260108/UBNA_024/20260103_040000.WAV,recover-20260108,UBNA_024,Carp Pond
HF,49920.0,4.111035564107369,22.8415,22.8471,46953.0,58303.0,Echolocation,Pipistrellus pipistrellus,0.452,0.501,-1,192000.0,/mnt/ubna_data_07/recover-20260108/UBNA_024/20260103_040000.WAV,recover-20260108,UBNA_024,Carp Pond
HF,46080.0,2.900233378789075,22.9105,22.9162,45234.0,58118.0,Echolocation,Pipistrellus pipistrellus,0.286,0.327,-1,192000.0,/mnt/ubna_data_07/recover-20260108/UBNA_024/20260103_040000.WAV,recover-20260108,UBNA_024,Carp Pond
HF,52800.0,3.2586070721138194,22.9685,22.9734,46093.0,57212.0,Echolocation,Pipistrellus pipistrellus,0.32,0.357,-1,192000.0,/mnt/ubna_data_07/recover-20260108/UBNA_024/20260103_040000.WAV,recover-20260108,UBNA_024,Carp Pond
HF,48000.0,1.8508530699976442,23.2605,23.2665,46953.0,56417.0,Echolocation,Pipistrellus pipistrellus,0.535,0.587,-1,192000.0,/mnt/ubna_data_07/recover-20260108/UBNA_024/20260103_040000.WAV,recover-20260108,UBNA_024,Carp Pond
HF,51840.0,2.7019759334675335,23.4185,23.4257,50390.0,56284.0,Echolocation,Pipistrellus pipistrellus,0.367,0.486,-1,192000.0,/mnt/ubna_data_07/recover-20260108/UBNA_024/20260103_040000.WAV,recover-20260108,UBNA_024,Carp Pond
HF,50880.0,4.139241896180108,23.5045,23.5105,48671.0,56257.0,Echolocation,Pipistrellus pipistrellus,0.42,0.555,-1,192000.0,/mnt/ubna_data_07/recover-20260108/UBNA_024/20260103_040000.WAV,recover-20260108,UBNA_024,Carp Pond
HF,51840.0,3.990763281857676,23.5885,23.5951,51250.0,60558.0,Echolocation,Pipistrellus pipistrellus,0.223,0.398,-1,192000.0,/mnt/ubna_data_07/recover-20260108/UBNA_024/20260103_040000.WAV,recover-20260108,UBNA_024,Carp Pond
HF,48960.0,4.2911272017268125,23.8735,23.8804,47812.0,56927.0,Echolocation,Pipistrellus pipistrellus,0.294,0.313,-1,192000.0,/mnt/ubna_data_07/recover-20260108/UBNA_024/20260103_040000.WAV,recover-20260108,UBNA_024,Carp Pond
HF,47040.0,6.505997871226437,23.9525,23.9594,46953.0,57938.0,Echolocation,Pipistrellus pipistrellus,0.49,0.538,-1,192000.0,/mnt/ubna_data_07/recover-20260108/UBNA_024/20260103_040000.WAV,recover-20260108,UBNA_024,Carp Pond
HF,48000.0,7.918925065635056,24.0435,24.0499,46953.0,57598.0,Echolocation,Pipistrellus pipistrellus,0.455,0.525,-1,192000.0,/mnt/ubna_data_07/recover-20260108/UBNA_024/20260103_040000.WAV,recover-20260108,UBNA_024,Carp Pond
HF,48000.0,5.998307593781319,24.3295,24.3368,46953.0,52327.0,Echolocation,Pipistrellus pipistrellus,0.418,0.44,-1,192000.0,/mnt/ubna_data_07/recover-20260108/UBNA_024/20260103_040000.WAV,recover-20260108,UBNA_024,Carp Pond
HF,48000.0,3.9235606775441285,18.9695,18.9736,45234.0,57280.0,Echolocation,Pipistrellus pipistrellus,0.329,0.394,-1,192000.0,/mnt/ubna_data_07/recover-20260108/UBNA_024/20260103_062000.WAV,recover-20260108,UBNA_024,Carp Pond
HF,48960.0,3.527165516307581,43.0985,43.1037,47812.0,54624.0,Echolocation,Pipistrellus pipistrellus,0.394,0.415,-1,192000.0,/mnt/ubna_data_07/recover-20260108/UBNA_024/20260103_062000.WAV,recover-20260108,UBNA_024,Carp Pond
HF,48000.0,4.361246169869475,44.429500000000004,44.4349,46953.0,55861.0,Echolocation,Pipistrellus pipistrellus,0.453,0.487,-1,192000.0,/mnt/ubna_data_07/recover-20260108/UBNA_024/20260103_062000.WAV,recover-20260108,UBNA_024,Carp Pond
HF,47040.0,5.303671082831985,44.5235,44.5295,46093.0,56018.0,Echolocation,Pipistrellus pipistrellus,0.374,0.412,-1,192000.0,/mnt/ubna_data_07/recover-20260108/UBNA_024/20260103_062000.WAV,recover-20260108,UBNA_024,Carp Pond
HF,48000.0,3.166804615538327,44.579499999999996,44.5863,46953.0,55104.0,Echolocation,Pipistrellus pipistrellus,0.29,0.309,-1,192000.0,/mnt/ubna_data_07/recover-20260108/UBNA_024/20260103_062000.WAV,recover-20260108,UBNA_024,Carp Pond
HF,46080.0,3.6675361282100676,45.1385,45.1443,44375.0,51915.0,Echolocation,Pipistrellus pipistrellus,0.418,0.493,-1,192000.0,/mnt/ubna_data_07/recover-20260108/UBNA_024/20260103_062000.WAV,recover-20260108,UBNA_024,Carp Pond
HF,48000.0,3.007544968475346,45.2445,45.2496,45234.0,52751.0,Echolocation,Pipistrellus pipistrellus,0.39,0.428,-1,192000.0,/mnt/ubna_data_07/recover-20260108/UBNA_024/20260103_062000.WAV,recover-20260108,UBNA_024,Carp Pond
HF,46080.0,3.043454065828172,45.3585,45.3638,43515.0,53999.0,Echolocation,Pipistrellus pipistrellus,0.137,0.39,-1,192000.0,/mnt/ubna_data_07/recover-20260108/UBNA_024/20260103_062000.WAV,recover-20260108,UBNA_024,Carp Pond
HF,51840.0,5.515463306948982,45.4135,45.4182,42656.0,62444.0,Echolocation,Pipistrellus pipistrellus,0.106,0.316,-1,192000.0,/mnt/ubna_data_07/recover-20260108/UBNA_024/20260103_062000.WAV,recover-20260108,UBNA_024,Carp Pond
HF,51840.0,5.035563050983265,45.5095,45.515100000000004,44375.0,54811.0,Echolocation,Pipistrellus pipistrellus,0.258,0.387,-1,192000.0,/mnt/ubna_data_07/recover-20260108/UBNA_024/20260103_062000.WAV,recover-20260108,UBNA_024,Carp Pond
HF,50880.0,4.910248304727021,45.6115,45.6163,44375.0,59906.0,Echolocation,Pipistrellus pipistrellus,0.135,0.332,-1,192000.0,/mnt/ubna_data_07/recover-20260108/UBNA_024/20260103_062000.WAV,recover-20260108,UBNA_024,Carp Pond
HF,52800.0,6.827365757201241,45.6725,45.678399999999996,46953.0,57461.0,Echolocation,Pipistrellus pipistrellus,0.383,0.506,-1,192000.0,/mnt/ubna_data_07/recover-20260108/UBNA_024/20260103_062000.WAV,recover-20260108,UBNA_024,Carp Pond
HF,48960.0,4.214390919865144,45.7415,45.7463,47812.0,57400.0,Echolocation,Pipistrellus pipistrellus,0.38,0.411,-1,192000.0,/mnt/ubna_data_07/recover-20260108/UBNA_024/20260103_062000.WAV,recover-20260108,UBNA_024,Carp Pond
HF,52800.0,6.546868382057685,45.9365,45.9411,49531.0,58906.0,Echolocation,Pipistrellus pipistrellus,0.246,0.31,-1,192000.0,/mnt/ubna_data_07/recover-20260108/UBNA_024/20260103_062000.WAV,recover-20260108,UBNA_024,Carp Pond
HF,53760.0,8.28555846027337,46.0505,46.056,43515.0,63424.0,Echolocation,Pipistrellus pipistrellus,0.293,0.528,-1,192000.0,/mnt/ubna_data_07/recover-20260108/UBNA_024/20260103_062000.WAV,recover-20260108,UBNA_024,Carp Pond
HF,53760.0,4.635724856742465,46.1085,46.112899999999996,44375.0,61518.0,Echolocation,Pipistrellus pipistrellus,0.195,0.39,-1,192000.0,/mnt/ubna_data_07/recover-20260108/UBNA_024/20260103_062000.WAV,recover-20260108,UBNA_024,Carp Pond
HF,48960.0,8.204552465857498,46.1655,46.1708,46953.0,58361.0,Echolocation,Pipistrellus pipistrellus,0.428,0.537,-1,192000.0,/mnt/ubna_data_07/recover-20260108/UBNA_024/20260103_062000.WAV,recover-20260108,UBNA_024,Carp Pond
HF,46080.0,3.1625027636771534,46.286500000000004,46.291799999999995,44375.0,58928.0,Echolocation,Pipistrellus pipistrellus,0.247,0.477,-1,192000.0,/mnt/ubna_data_07/recover-20260108/UBNA_024/20260103_062000.WAV,recover-20260108,UBNA_024,Carp Pond
HF,48000.0,4.867491655016127,46.3455,46.3515,45234.0,60636.0,Echolocation,Pipistrellus pipistrellus,0.215,0.433,-1,192000.0,/mnt/ubna_data_07/recover-20260108/UBNA_024/20260103_062000.WAV,recover-20260108,UBNA_024,Carp Pond
HF,46080.0,9.600551425892421,46.4075,46.4126,43515.0,61864.0,Echolocation,Pipistrellus pipistrellus,0.302,0.553,-1,192000.0,/mnt/ubna_data_07/recover-20260108/UBNA_024/20260103_062000.WAV,recover-20260108,UBNA_024,Carp Pond
HF,52800.0,6.3014012566548505,46.4555,46.4601,45234.0,62525.0,Echolocation,Pipistrellus pipistrellus,0.325,0.49,-1,192000.0,/mnt/ubna_data_07/recover-20260108/UBNA_024/20260103_062000.WAV,recover-20260108,UBNA_024,Carp Pond
HF,46080.0,6.146055219842859,46.5095,46.5158,46093.0,59324.0,Echolocation,Pipistrellus pipistrellus,0.365,0.493,-1,192000.0,/mnt/ubna_data_07/recover-20260108/UBNA_024/20260103_062000.WAV,recover-20260108,UBNA_024,Carp Pond
HF,48000.0,4.168945384723866,46.7575,46.7622,47812.0,60072.0,Echolocation,Pipistrellus pipistrellus,0.384,0.433,-1,192000.0,/mnt/ubna_data_07/recover-20260108/UBNA_024/20260103_062000.WAV,recover-20260108,UBNA_024,Carp Pond
HF,52800.0,5.450343335751003,46.9065,46.911100000000005,42656.0,58768.0,Echolocation,Pipistrellus pipistrellus,0.126,0.405,-1,192000.0,/mnt/ubna_data_07/recover-20260108/UBNA_024/20260103_062000.WAV,recover-20260108,UBNA_024,Carp Pond
HF,48000.0,6.379025149443497,46.9625,46.9675,46953.0,57302.0,Echolocation,Pipistrellus pipistrellus,0.401,0.445,-1,192000.0,/mnt/ubna_data_07/recover-20260108/UBNA_024/20260103_062000.WAV,recover-20260108,UBNA_024,Carp Pond
HF,47040.0,5.791214158847704,47.0215,47.0265,45234.0,62853.0,Echolocation,Pipistrellus pipistrellus,0.342,0.579,-1,192000.0,/mnt/ubna_data_07/recover-20260108/UBNA_024/20260103_062000.WAV,recover-20260108,UBNA_024,Carp Pond
HF,45120.0,3.5689706160089933,47.0785,47.082300000000004,40937.0,64591.0,Echolocation,Myotis mystacinus,0.169,0.309,-1,192000.0,/mnt/ubna_data_07/recover-20260108/UBNA_024/20260103_062000.WAV,recover-20260108,UBNA_024,Carp Pond
HF,50880.0,3.10797063485643,47.4705,47.4757,46953.0,59268.0,Echolocation,Pipistrellus pipistrellus,0.344,0.473,-1,192000.0,/mnt/ubna_data_07/recover-20260108/UBNA_024/20260103_062000.WAV,recover-20260108,UBNA_024,Carp Pond
HF,48960.0,7.891919116998192,47.5215,47.526399999999995,46093.0,57221.0,Echolocation,Pipistrellus pipistrellus,0.489,0.552,-1,192000.0,/mnt/ubna_data_07/recover-20260108/UBNA_024/20260103_062000.WAV,recover-20260108,UBNA_024,Carp Pond
HF,50880.0,8.208379512436384,47.5785,47.5828,46953.0,58661.0,Echolocation,Pipistrellus pipistrellus,0.394,0.421,-1,192000.0,/mnt/ubna_data_07/recover-20260108/UBNA_024/20260103_062000.WAV,recover-20260108,UBNA_024,Carp Pond
HF,50880.0,5.006219193263892,47.6635,47.6678,48671.0,59333.0,Echolocation,Pipistrellus pipistrellus,0.47,0.518,-1,192000.0,/mnt/ubna_data_07/recover-20260108/UBNA_024/20260103_062000.WAV,recover-20260108,UBNA_024,Carp Pond
HF,48960.0,8.560865207417175,47.7205,47.7247,46953.0,60922.0,Echolocation,Pipistrellus pipistrellus,0.357,0.399,-1,192000.0,/mnt/ubna_data_07/recover-20260108/UBNA_024/20260103_062000.WAV,recover-20260108,UBNA_024,Carp Pond
HF,48000.0,6.034709488941675,47.7745,47.7798,47812.0,55797.0,Echolocation,Pipistrellus pipistrellus,0.463,0.481,-1,192000.0,/mnt/ubna_data_07/recover-20260108/UBNA_024/20260103_062000.WAV,recover-20260108,UBNA_024,Carp Pond
HF,48960.0,5.116073872595752,47.8335,47.838300000000004,47812.0,56856.0,Echolocation,Pipistrellus pipistrellus,0.505,0.571,-1,192000.0,/mnt/ubna_data_07/recover-20260108/UBNA_024/20260103_062000.WAV,recover-20260108,UBNA_024,Carp Pond
HF,48000.0,2.5791869606889026,47.8955,47.9007,45234.0,61073.0,Echolocation,Pipistrellus pipistrellus,0.166,0.301,-1,192000.0,/mnt/ubna_data_07/recover-20260108/UBNA_024/20260103_062000.WAV,recover-20260108,UBNA_024,Carp Pond
HF,48000.0,3.452831571552065,48.0085,48.0159,45234.0,54285.0,Echolocation,Pipistrellus pipistrellus,0.309,0.343,-1,192000.0,/mnt/ubna_data_07/recover-20260108/UBNA_024/20260103_062000.WAV,recover-20260108,UBNA_024,Carp Pond
HF,48000.0,8.030118134250428,48.1905,48.1961,45234.0,56712.0,Echolocation,Pipistrellus pipistrellus,0.288,0.355,-1,192000.0,/mnt/ubna_data_07/recover-20260108/UBNA_024/20260103_062000.WAV,recover-20260108,UBNA_024,Carp Pond
HF,48960.0,2.301473445238757,48.2575,48.2641,44375.0,54974.0,Echolocation,Pipistrellus pipistrellus,0.279,0.346,-1,192000.0,/mnt/ubna_data_07/recover-20260108/UBNA_024/20260103_062000.WAV,recover-20260108,UBNA_024,Carp Pond
HF,48960.0,5.220962383600684,48.3875,48.393699999999995,46953.0,57468.0,Echolocation,Pipistrellus pipistrellus,0.361,0.387,-1,192000.0,/mnt/ubna_data_07/recover-20260108/UBNA_024/20260103_062000.WAV,recover-20260108,UBNA_024,Carp Pond
HF,48960.0,5.2410245822588255,48.4495,48.4561,45234.0,55419.0,Echolocation,Pipistrellus pipistrellus,0.427,0.469,-1,192000.0,/mnt/ubna_data_07/recover-20260108/UBNA_024/20260103_062000.WAV,recover-20260108,UBNA_024,Carp Pond
HF,47040.0,2.6211404411246915,48.5055,48.5124,46093.0,55607.0,Echolocation,Pipistrellus pipistrellus,0.331,0.36,-1,192000.0,/mnt/ubna_data_07/recover-20260108/UBNA_024/20260103_062000.WAV,recover-20260108,UBNA_024,Carp Pond
HF,48960.0,5.22099666341602,48.560500000000005,48.567099999999996,47812.0,57886.0,Echolocation,Pipistrellus pipistrellus,0.497,0.563,-1,192000.0,/mnt/ubna_data_07/recover-20260108/UBNA_024/20260103_062000.WAV,recover-20260108,UBNA_024,Carp Pond
HF,48000.0,3.5280758519000606,53.6515,53.6571,46953.0,55374.0,Echolocation,Pipistrellus pipistrellus,0.314,0.329,-1,192000.0,/mnt/ubna_data_07/recover-20260108/UBNA_024/20260103_062000.WAV,recover-20260108,UBNA_024,Carp Pond
HF,48000.0,3.1659323611703356,53.813500000000005,53.8193,47812.0,59239.0,Echolocation,Pipistrellus pipistrellus,0.317,0.381,-1,192000.0,/mnt/ubna_data_07/recover-20260108/UBNA_024/20260103_062000.WAV,recover-20260108,UBNA_024,Carp Pond
HF,48000.0,4.7289630362596355,54.5035,54.508700000000005,46953.0,56205.0,Echolocation,Pipistrellus pipistrellus,0.378,0.431,-1,192000.0,/mnt/ubna_data_07/recover-20260108/UBNA_024/20260103_062000.WAV,recover-20260108,UBNA_024,Carp Pond
HF,46080.0,5.2982727858751915,96.3825,96.3889,44375.0,54665.0,Echolocation,Pipistrellus pipistrellus,0.348,0.399,-1,192000.0,/mnt/ubna_data_07/recover-20260108/UBNA_024/20260103_062000.WAV,recover-20260108,UBNA_024,Carp Pond
HF,46080.0,1.5573580249019014,96.5095,96.5157,44375.0,54793.0,Echolocation,Pipistrellus pipistrellus,0.268,0.313,-1,192000.0,/mnt/ubna_data_07/recover-20260108/UBNA_024/20260103_062000.WAV,recover-20260108,UBNA_024,Carp Pond
HF,46080.0,7.868214019642428,96.6585,96.6644,44375.0,55111.0,Echolocation,Pipistrellus pipistrellus,0.424,0.51,-1,192000.0,/mnt/ubna_data_07/recover-20260108/UBNA_024/20260103_062000.WAV,recover-20260108,UBNA_024,Carp Pond
HF,48000.0,6.233085402265867,96.7495,96.7565,46953.0,51886.0,Echolocation,Pipistrellus pipistrellus,0.335,0.388,-1,192000.0,/mnt/ubna_data_07/recover-20260108/UBNA_024/20260103_062000.WAV,recover-20260108,UBNA_024,Carp Pond
HF,46080.0,7.329804438668708,96.9365,96.9428,44375.0,56557.0,Echolocation,Pipistrellus pipistrellus,0.291,0.409,-1,192000.0,/mnt/ubna_data_07/recover-20260108/UBNA_024/20260103_062000.WAV,recover-20260108,UBNA_024,Carp Pond
HF,46080.0,4.124501379140228,96.9945,97.0009,45234.0,55520.0,Echolocation,Pipistrellus pipistrellus,0.374,0.419,-1,192000.0,/mnt/ubna_data_07/recover-20260108/UBNA_024/20260103_062000.WAV,recover-20260108,UBNA_024,Carp Pond
HF,48000.0,6.700550700738697,97.0605,97.0679,46093.0,52141.0,Echolocation,Pipistrellus pipistrellus,0.246,0.331,-1,192000.0,/mnt/ubna_data_07/recover-20260108/UBNA_024/20260103_062000.WAV,recover-20260108,UBNA_024,Carp Pond
HF,48000.0,2.9594665411145575,97.1185,97.1242,43515.0,55948.0,Echolocation,Pipistrellus pipistrellus,0.231,0.326,-1,192000.0,/mnt/ubna_data_07/recover-20260108/UBNA_024/20260103_062000.WAV,recover-20260108,UBNA_024,Carp Pond
HF,52800.0,4.141242365779619,97.3085,97.3143,47812.0,58990.0,Echolocation,Pipistrellus pipistrellus,0.336,0.365,-1,192000.0,/mnt/ubna_data_07/recover-20260108/UBNA_024/20260103_062000.WAV,recover-20260108,UBNA_024,Carp Pond
HF,47040.0,2.915256020740466,97.3655,97.3714,43515.0,56913.0,Echolocation,Pipistrellus pipistrellus,0.243,0.413,-1,192000.0,/mnt/ubna_data_07/recover-20260108/UBNA_024/20260103_062000.WAV,recover-20260108,UBNA_024,Carp Pond
HF,51840.0,7.737205049565778,97.4255,97.4311,45234.0,56869.0,Echolocation,Pipistrellus pipistrellus,0.261,0.354,-1,192000.0,/mnt/ubna_data_07/recover-20260108/UBNA_024/20260103_062000.WAV,recover-20260108,UBNA_024,Carp Pond
HF,52800.0,3.594814954942473,97.50450000000001,97.51,47812.0,59556.0,Echolocation,Pipistrellus pipistrellus,0.31,0.38,-1,192000.0,/mnt/ubna_data_07/recover-20260108/UBNA_024/20260103_062000.WAV,recover-20260108,UBNA_024,Carp Pond
HF,46080.0,4.659733252080186,98.0655,98.0712,43515.0,59024.0,Echolocation,Pipistrellus pipistrellus,0.108,0.354,-1,192000.0,/mnt/ubna_data_07/recover-20260108/UBNA_024/20260103_062000.WAV,recover-20260108,UBNA_024,Carp Pond
HF,46080.0,10.137301424253607,98.1755,98.1815,43515.0,62416.0,Echolocation,Pipistrellus pipistrellus,0.209,0.572,-1,192000.0,/mnt/ubna_data_07/recover-20260108/UBNA_024/20260103_062000.WAV,recover-20260108,UBNA_024,Carp Pond
HF,46080.0,7.993345355902378,98.2385,98.2437,41796.0,60661.0,Echolocation,Pipistrellus pipistrellus,0.17,0.424,-1,192000.0,/mnt/ubna_data_07/recover-20260108/UBNA_024/20260103_062000.WAV,recover-20260108,UBNA_024,Carp Pond
HF,47040.0,6.550295203055876,98.3415,98.3468,44375.0,60065.0,Echolocation,Pipistrellus pipistrellus,0.251,0.412,-1,192000.0,/mnt/ubna_data_07/recover-20260108/UBNA_024/20260103_062000.WAV,recover-20260108,UBNA_024,Carp Pond
HF,46080.0,6.914842401157838,98.3985,98.4035,43515.0,60600.0,Echolocation,Pipistrellus pipistrellus,0.386,0.493,-1,192000.0,/mnt/ubna_data_07/recover-20260108/UBNA_024/20260103_062000.WAV,recover-20260108,UBNA_024,Carp Pond
HF,46080.0,6.76643633220173,98.4535,98.4588,42656.0,61184.0,Echolocation,Pipistrellus pipistrellus,0.136,0.302,-1,192000.0,/mnt/ubna_data_07/recover-20260108/UBNA_024/20260103_062000.WAV,recover-20260108,UBNA_024,Carp Pond
HF,48960.0,4.939945371877543,98.51050000000001,98.5152,44375.0,62431.0,Echolocation,Pipistrellus pipistrellus,0.152,0.391,-1,192000.0,/mnt/ubna_data_07/recover-20260108/UBNA_024/20260103_062000.WAV,recover-20260108,UBNA_024,Carp Pond
HF,52800.0,6.052711954085749,99.01650000000001,99.0214,45234.0,58360.0,Echolocation,Pipistrellus pipistrellus,0.243,0.471,-1,192000.0,/mnt/ubna_data_07/recover-20260108/UBNA_024/20260103_062000.WAV,recover-20260108,UBNA_024,Carp Pond
HF,46080.0,4.199051492590776,108.4275,108.4338,43515.0,54514.0,Echolocation,Pipistrellus pipistrellus,0.272,0.316,-1,192000.0,/mnt/ubna_data_07/recover-20260108/UBNA_024/20260103_062000.WAV,recover-20260108,UBNA_024,Carp Pond
HF,48000.0,4.180639137381414,108.5995,108.605,43515.0,54809.0,Echolocation,Pipistrellus pipistrellus,0.296,0.433,-1,192000.0,/mnt/ubna_data_07/recover-20260108/UBNA_024/20260103_062000.WAV,recover-20260108,UBNA_024,Carp Pond
HF,46080.0,2.485127874956817,108.7945,108.8013,44375.0,57920.0,Echolocation,Pipistrellus pipistrellus,0.294,0.375,-1,192000.0,/mnt/ubna_data_07/recover-20260108/UBNA_024/20260103_062000.WAV,recover-20260108,UBNA_024,Carp Pond
HF,48000.0,3.313349823399009,109.2765,109.2829,45234.0,58464.0,Echolocation,Pipistrellus pipistrellus,0.27,0.408,-1,192000.0,/mnt/ubna_data_07/recover-20260108/UBNA_024/20260103_062000.WAV,recover-20260108,UBNA_024,Carp Pond
HF,47040.0,4.296241245977128,117.2595,117.2657,46093.0,60854.0,Echolocation,Pipistrellus pipistrellus,0.432,0.49,-1,192000.0,/mnt/ubna_data_07/recover-20260108/UBNA_024/20260103_062000.WAV,recover-20260108,UBNA_024,Carp Pond
HF,48960.0,5.539560519738581,117.5855,117.5918,47812.0,59851.0,Echolocation,Pipistrellus pipistrellus,0.4,0.481,-1,192000.0,/mnt/ubna_data_07/recover-20260108/UBNA_024/20260103_062000.WAV,recover-20260108,UBNA_024,Carp Pond
HF,48960.0,2.57080480203016,117.6635,117.672,46953.0,60140.0,Echolocation,Pipistrellus pipistrellus,0.321,0.377,-1,192000.0,/mnt/ubna_data_07/recover-20260108/UBNA_024/20260103_062000.WAV,recover-20260108,UBNA_024,Carp Pond
HF,48000.0,7.490228991707495,117.7405,117.7462,46953.0,60142.0,Echolocation,Pipistrellus pipistrellus,0.53,0.599,-1,192000.0,/mnt/ubna_data_07/recover-20260108/UBNA_024/20260103_062000.WAV,recover-20260108,UBNA_024,Carp Pond
HF,48000.0,5.6451050545966215,117.8095,117.8156,45234.0,61359.0,Echolocation,Pipistrellus pipistrellus,0.318,0.437,-1,192000.0,/mnt/ubna_data_07/recover-20260108/UBNA_024/20260103_062000.WAV,recover-20260108,UBNA_024,Carp Pond
HF,48960.0,5.5056900774111295,117.87950000000001,117.8856,46953.0,63499.0,Echolocation,Pipistrellus pipistrellus,0.482,0.545,-1,192000.0,/mnt/ubna_data_07/recover-20260108/UBNA_024/20260103_062000.WAV,recover-20260108,UBNA_024,Carp Pond
HF,51840.0,5.052471347500788,117.9435,117.9488,45234.0,60708.0,Echolocation,Pipistrellus pipistrellus,0.266,0.313,-1,192000.0,/mnt/ubna_data_07/recover-20260108/UBNA_024/20260103_062000.WAV,recover-20260108,UBNA_024,Carp Pond
HF,48000.0,4.916940832679563,118.1165,118.1209,47812.0,62238.0,Echolocation,Pipistrellus pipistrellus,0.384,0.454,-1,192000.0,/mnt/ubna_data_07/recover-20260108/UBNA_024/20260103_062000.WAV,recover-20260108,UBNA_024,Carp Pond
HF,50880.0,5.95326910919991,118.1865,118.1917,47812.0,67870.0,Echolocation,Myotis alcathoe,0.18,0.381,-1,192000.0,/mnt/ubna_data_07/recover-20260108/UBNA_024/20260103_062000.WAV,recover-20260108,UBNA_024,Carp Pond
HF,48960.0,7.041933004303452,118.2595,118.2645,46953.0,63912.0,Echolocation,Pipistrellus pipistrellus,0.339,0.434,-1,192000.0,/mnt/ubna_data_07/recover-20260108/UBNA_024/20260103_062000.WAV,recover-20260108,UBNA_024,Carp Pond
HF,48000.0,4.913829594786823,118.3375,118.3425,47812.0,64061.0,Echolocation,Pipistrellus pipistrellus,0.335,0.455,-1,192000.0,/mnt/ubna_data_07/recover-20260108/UBNA_024/20260103_062000.WAV,recover-20260108,UBNA_024,Carp Pond
HF,52800.0,3.3536029027931793,118.4425,118.4472,48671.0,64366.0,Echolocation,Pipistrellus pipistrellus,0.274,0.377,-1,192000.0,/mnt/ubna_data_07/recover-20260108/UBNA_024/20260103_062000.WAV,recover-20260108,UBNA_024,Carp Pond
HF,54720.0,6.76149403770665,118.51650000000001,118.5211,46093.0,65087.0,Echolocation,Pipistrellus pipistrellus,0.37,0.512,-1,192000.0,/mnt/ubna_data_07/recover-20260108/UBNA_024/20260103_062000.WAV,recover-20260108,UBNA_024,Carp Pond
HF,50880.0,8.354724420437108,118.6185,118.623,45234.0,70870.0,Echolocation,Myotis alcathoe,0.279,0.386,-1,192000.0,/mnt/ubna_data_07/recover-20260108/UBNA_024/20260103_062000.WAV,recover-20260108,UBNA_024,Carp Pond
HF,50880.0,8.572671538775143,118.6695,118.674,45234.0,76021.0,Echolocation,Myotis alcathoe,0.364,0.456,-1,192000.0,/mnt/ubna_data_07/recover-20260108/UBNA_024/20260103_062000.WAV,recover-20260108,UBNA_024,Carp Pond
HF,53760.0,8.581554385815563,118.7165,118.7211,45234.0,73380.0,Echolocation,Myotis alcathoe,0.31,0.463,-1,192000.0,/mnt/ubna_data_07/recover-20260108/UBNA_024/20260103_062000.WAV,recover-20260108,UBNA_024,Carp Pond
HF,50880.0,7.7376477186391766,118.7695,118.774,47812.0,69215.0,Echolocation,Pipistrellus pipistrellus,0.314,0.44,-1,192000.0,/mnt/ubna_data_07/recover-20260108/UBNA_024/20260103_062000.WAV,recover-20260108,UBNA_024,Carp Pond
HF,50880.0,8.829403594750264,118.8215,118.8257,49531.0,67648.0,Echolocation,Pipistrellus pipistrellus,0.13,0.304,-1,192000.0,/mnt/ubna_data_07/recover-20260108/UBNA_024/20260103_062000.WAV,recover-20260108,UBNA_024,Carp Pond
HF,51840.0,14.713596464242515,118.8935,118.8986,46093.0,73376.0,Echolocation,Myotis alcathoe,0.239,0.473,-1,192000.0,/mnt/ubna_data_07/recover-20260108/UBNA_024/20260103_062000.WAV,recover-20260108,UBNA_024,Carp Pond
HF,51840.0,12.957970494338188,118.9665,118.9721,45234.0,81871.0,Echolocation,Myotis alcathoe,0.338,0.462,-1,192000.0,/mnt/ubna_data_07/recover-20260108/UBNA_024/20260103_062000.WAV,recover-20260108,UBNA_024,Carp Pond
HF,53760.0,12.251879783488125,119.0275,119.033,46093.0,75891.0,Echolocation,Myotis alcathoe,0.288,0.378,-1,192000.0,/mnt/ubna_data_07/recover-20260108/UBNA_024/20260103_062000.WAV,recover-20260108,UBNA_024,Carp Pond
HF,48960.0,7.941010201638452,119.07849999999999,119.08330000000001,45234.0,76108.0,Echolocation,Myotis alcathoe,0.32,0.39,-1,192000.0,/mnt/ubna_data_07/recover-20260108/UBNA_024/20260103_062000.WAV,recover-20260108,UBNA_024,Carp Pond
HF,50880.0,6.899516297849648,119.1225,119.127,46953.0,73801.0,Echolocation,Myotis alcathoe,0.246,0.303,-1,192000.0,/mnt/ubna_data_07/recover-20260108/UBNA_024/20260103_062000.WAV,recover-20260108,UBNA_024,Carp Pond
HF,49920.0,6.907760455519369,119.1835,119.1877,46953.0,68854.0,Echolocation,Pipistrellus pipistrellus,0.284,0.403,-1,192000.0,/mnt/ubna_data_07/recover-20260108/UBNA_024/20260103_062000.WAV,recover-20260108,UBNA_024,Carp Pond
HF,51840.0,15.080352889696996,119.2475,119.2529,45234.0,82164.0,Echolocation,Myotis alcathoe,0.254,0.498,-1,192000.0,/mnt/ubna_data_07/recover-20260108/UBNA_024/20260103_062000.WAV,recover-20260108,UBNA_024,Carp Pond
HF,53760.0,17.83727856513744,119.3215,119.3274,44375.0,81898.0,Echolocation,Myotis alcathoe,0.343,0.419,-1,192000.0,/mnt/ubna_data_07/recover-20260108/UBNA_024/20260103_062000.WAV,recover-20260108,UBNA_024,Carp Pond
HF,51840.0,18.12599529926207,119.3955,119.4012,43515.0,89115.0,Echolocation,Myotis alcathoe,0.42,0.464,-1,192000.0,/mnt/ubna_data_07/recover-20260108/UBNA_024/20260103_062000.WAV,recover-20260108,UBNA_024,Carp Pond
HF,50880.0,14.601636703530064,119.4665,119.4719,46093.0,76786.0,Echolocation,Pipistrellus pipistrellus,0.315,0.549,-1,192000.0,/mnt/ubna_data_07/recover-20260108/UBNA_024/20260103_062000.WAV,recover-20260108,UBNA_024,Carp Pond
HF,47040.0,19.40525790924561,119.5365,119.54220000000001,42656.0,85563.0,Echolocation,Myotis alcathoe,0.387,0.49,-1,192000.0,/mnt/ubna_data_07/recover-20260108/UBNA_024/20260103_062000.WAV,recover-20260108,UBNA_024,Carp Pond
HF,47040.0,18.661053672349485,119.6005,119.6066,41796.0,90497.0,Echolocation,Myotis alcathoe,0.433,0.488,-1,192000.0,/mnt/ubna_data_07/recover-20260108/UBNA_024/20260103_062000.WAV,recover-20260108,UBNA_024,Carp Pond
HF,47040.0,17.13741913421757,119.65950000000001,119.6651,45234.0,79897.0,Echolocation,Myotis alcathoe,0.357,0.467,-1,192000.0,/mnt/ubna_data_07/recover-20260108/UBNA_024/20260103_062000.WAV,recover-20260108,UBNA_024,Carp Pond
HF,47040.0,17.193994444544167,119.7645,119.7697,44375.0,82671.0,Echolocation,Myotis alcathoe,0.399,0.488,-1,192000.0,/mnt/ubna_data_07/recover-20260108/UBNA_024/20260103_062000.WAV,recover-20260108,UBNA_024,Carp Pond
HF,47040.0,19.903172236854655,119.8255,119.8302,43515.0,75027.0,Echolocation,Myotis alcathoe,0.308,0.367,-1,192000.0,/mnt/ubna_data_07/recover-20260108/UBNA_024/20260103_062000.WAV,recover-20260108,UBNA_024,Carp Pond
HF,48960.0,22.824173700715594,119.8925,119.898,44375.0,76722.0,Echolocation,Myotis alcathoe,0.208,0.459,-1,192000.0,/mnt/ubna_data_07/recover-20260108/UBNA_024/20260103_062000.WAV,recover-20260108,UBNA_024,Carp Pond
HF,47040.0,23.508243148427162,119.9615,119.9665,41796.0,83123.0,Echolocation,Myotis alcathoe,0.405,0.463,-1,192000.0,/mnt/ubna_data_07/recover-20260108/UBNA_024/20260103_062000.WAV,recover-20260108,UBNA_024,Carp Pond
HF,48000.0,14.281183146783933,120.0195,120.0243,44375.0,66516.0,Echolocation,Pipistrellus pipistrellus,0.147,0.338,-1,192000.0,/mnt/ubna_data_07/recover-20260108/UBNA_024/20260103_062000.WAV,recover-20260108,UBNA_024,Carp Pond
HF,48960.0,17.40431400409299,120.0865,120.0912,46093.0,66167.0,Echolocation,Pipistrellus pipistrellus,0.254,0.403,-1,192000.0,/mnt/ubna_data_07/recover-20260108/UBNA_024/20260103_062000.WAV,recover-20260108,UBNA_024,Carp Pond
HF,48000.0,17.65004083401065,120.1445,120.1493,44375.0,68764.0,Echolocation,Pipistrellus pipistrellus,0.244,0.434,-1,192000.0,/mnt/ubna_data_07/recover-20260108/UBNA_024/20260103_062000.WAV,recover-20260108,UBNA_024,Carp Pond
HF,47040.0,22.64238809521665,120.2065,120.2114,45234.0,67337.0,Echolocation,Pipistrellus pipistrellus,0.408,0.549,-1,192000.0,/mnt/ubna_data_07/recover-20260108/UBNA_024/20260103_062000.WAV,recover-20260108,UBNA_024,Carp Pond
HF,47040.0,28.36233419804314,120.2785,120.2838,42656.0,82214.0,Echolocation,Pipistrellus pipistrellus,0.252,0.52,-1,192000.0,/mnt/ubna_data_07/recover-20260108/UBNA_024/20260103_062000.WAV,recover-20260108,UBNA_024,Carp Pond
HF,47040.0,33.68820925057061,120.3525,120.3585,42656.0,83150.0,Echolocation,Pipistrellus pipistrellus,0.385,0.513,-1,192000.0,/mnt/ubna_data_07/recover-20260108/UBNA_024/20260103_062000.WAV,recover-20260108,UBNA_024,Carp Pond
HF,54720.0,24.615377668661075,120.4285,120.4341,43515.0,83844.0,Echolocation,Myotis alcathoe,0.325,0.478,-1,192000.0,/mnt/ubna_data_07/recover-20260108/UBNA_024/20260103_062000.WAV,recover-20260108,UBNA_024,Carp Pond
HF,51840.0,31.96642176588927,120.5065,120.5121,42656.0,86785.0,Echolocation,Myotis alcathoe,0.267,0.47,-1,192000.0,/mnt/ubna_data_07/recover-20260108/UBNA_024/20260103_062000.WAV,recover-20260108,UBNA_024,Carp Pond
HF,52800.0,27.975944384460846,120.5685,120.5744,39218.0,93398.0,Echolocation,Myotis alcathoe,0.266,0.461,-1,192000.0,/mnt/ubna_data_07/recover-20260108/UBNA_024/20260103_062000.WAV,recover-20260108,UBNA_024,Carp Pond
HF,47040.0,26.82907560084056,120.6245,120.6297,45234.0,78650.0,Echolocation,Pipistrellus pipistrellus,0.362,0.463,-1,192000.0,/mnt/ubna_data_07/recover-20260108/UBNA_024/20260103_062000.WAV,recover-20260108,UBNA_024,Carp Pond
HF,53760.0,27.34035601918048,120.6965,120.7018,42656.0,79850.0,Echolocation,Pipistrellus pipistrellus,0.233,0.482,-1,192000.0,/mnt/ubna_data_07/recover-20260108/UBNA_024/20260103_062000.WAV,recover-20260108,UBNA_024,Carp Pond
HF,51840.0,22.59810971228581,120.7725,120.7781,41796.0,83690.0,Echolocation,Myotis alcathoe,0.236,0.439,-1,192000.0,/mnt/ubna_data_07/recover-20260108/UBNA_024/20260103_062000.WAV,recover-20260108,UBNA_024,Carp Pond
HF,47040.0,19.39141830539355,120.8515,120.8564,41796.0,76717.0,Echolocation,Myotis alcathoe,0.212,0.511,-1,192000.0,/mnt/ubna_data_07/recover-20260108/UBNA_024/20260103_062000.WAV,recover-20260108,UBNA_024,Carp Pond
HF,52800.0,25.09897923636776,120.9465,120.9514,46953.0,67287.0,Echolocation,Pipistrellus pipistrellus,0.255,0.454,-1,192000.0,/mnt/ubna_data_07/recover-20260108/UBNA_024/20260103_062000.WAV,recover-20260108,UBNA_024,Carp Pond
HF,51840.0,21.912709817274482,121.0085,121.013,45234.0,70885.0,Echolocation,Myotis alcathoe,0.17,0.305,-1,192000.0,/mnt/ubna_data_07/recover-20260108/UBNA_024/20260103_062000.WAV,recover-20260108,UBNA_024,Carp Pond
HF,48960.0,8.872280531417484,121.0635,121.0674,46093.0,66471.0,Echolocation,Pipistrellus pipistrellus,0.193,0.435,-1,192000.0,/mnt/ubna_data_07/recover-20260108/UBNA_024/20260103_062000.WAV,recover-20260108,UBNA_024,Carp Pond
HF,48960.0,10.601460164660262,121.1195,121.1239,44375.0,64212.0,Echolocation,Myotis alcathoe,0.171,0.356,-1,192000.0,/mnt/ubna_data_07/recover-20260108/UBNA_024/20260103_062000.WAV,recover-20260108,UBNA_024,Carp Pond
HF,48960.0,17.346049748666005,121.1985,121.2024,45234.0,61285.0,Echolocation,Pipistrellus pipistrellus,0.451,0.535,-1,192000.0,/mnt/ubna_data_07/recover-20260108/UBNA_024/20260103_062000.WAV,recover-20260108,UBNA_024,Carp Pond
HF,47040.0,7.668875658176803,121.2585,121.2628,46093.0,59099.0,Echolocation,Pipistrellus pipistrellus,0.245,0.316,-1,192000.0,/mnt/ubna_data_07/recover-20260108/UBNA_024/20260103_062000.WAV,recover-20260108,UBNA_024,Carp Pond
HF,47040.0,7.424713253250364,121.3735,121.378,46093.0,63176.0,Echolocation,Pipistrellus pipistrellus,0.206,0.414,-1,192000.0,/mnt/ubna_data_07/recover-20260108/UBNA_024/20260103_062000.WAV,recover-20260108,UBNA_024,Carp Pond
HF,47040.0,11.093898129865707,121.4785,121.4825,45234.0,61894.0,Echolocation,Pipistrellus pipistrellus,0.292,0.434,-1,192000.0,/mnt/ubna_data_07/recover-20260108/UBNA_024/20260103_062000.WAV,recover-20260108,UBNA_024,Carp Pond
HF,52800.0,18.627142345439296,121.6005,121.6054,44375.0,82978.0,Echolocation,Myotis alcathoe,0.28,0.443,-1,192000.0,/mnt/ubna_data_07/recover-20260108/UBNA_024/20260103_062000.WAV,recover-20260108,UBNA_024,Carp Pond
HF,49920.0,18.821725734871336,121.7305,121.7357,44375.0,82806.0,Echolocation,Myotis alcathoe,0.247,0.36,-1,192000.0,/mnt/ubna_data_07/recover-20260108/UBNA_024/20260103_062000.WAV,recover-20260108,UBNA_024,Carp Pond
HF,56640.0,21.122989428043137,121.7925,121.798,42656.0,92051.0,Echolocation,Myotis alcathoe,0.327,0.488,-1,192000.0,/mnt/ubna_data_07/recover-20260108/UBNA_024/20260103_062000.WAV,recover-20260108,UBNA_024,Carp Pond
HF,51840.0,19.224720182919405,121.8425,121.848,43515.0,86312.0,Echolocation,Myotis alcathoe,0.253,0.457,-1,192000.0,/mnt/ubna_data_07/recover-20260108/UBNA_024/20260103_062000.WAV,recover-20260108,UBNA_024,Carp Pond
HF,51840.0,14.495954898544557,121.8895,121.8938,45234.0,73153.0,Echolocation,Pipistrellus pipistrellus,0.202,0.441,-1,192000.0,/mnt/ubna_data_07/recover-20260108/UBNA_024/20260103_062000.WAV,recover-20260108,UBNA_024,Carp Pond
HF,48000.0,15.255453168414308,121.9445,121.9488,44375.0,73903.0,Echolocation,Myotis alcathoe,0.219,0.42,-1,192000.0,/mnt/ubna_data_07/recover-20260108/UBNA_024/20260103_062000.WAV,recover-20260108,UBNA_024,Carp Pond
HF,51840.0,13.809416106773826,122.0475,122.052,45234.0,72260.0,Echolocation,Myotis alcathoe,0.163,0.343,-1,192000.0,/mnt/ubna_data_07/recover-20260108/UBNA_024/20260103_062000.WAV,recover-20260108,UBNA_024,Carp Pond
HF,47040.0,6.852074843959185,122.1585,122.1625,45234.0,67161.0,Echolocation,Pipistrellus pipistrellus,0.129,0.378,-1,192000.0,/mnt/ubna_data_07/recover-20260108/UBNA_024/20260103_062000.WAV,recover-20260108,UBNA_024,Carp Pond
HF,46080.0,18.19765876507045,122.3165,122.3211,43515.0,70826.0,Echolocation,Pipistrellus pipistrellus,0.216,0.398,-1,192000.0,/mnt/ubna_data_07/recover-20260108/UBNA_024/20260103_062000.WAV,recover-20260108,UBNA_024,Carp Pond
HF,46080.0,19.112350001826975,122.3735,122.3791,41796.0,74348.0,Echolocation,Pipistrellus pipistrellus,0.198,0.39,-1,192000.0,/mnt/ubna_data_07/recover-20260108/UBNA_024/20260103_062000.WAV,recover-20260108,UBNA_024,Carp Pond
HF,46080.0,17.6138084307754,122.4425,122.4471,44375.0,63221.0,Echolocation,Pipistrellus pipistrellus,0.42,0.556,-1,192000.0,/mnt/ubna_data_07/recover-20260108/UBNA_024/20260103_062000.WAV,recover-20260108,UBNA_024,Carp Pond
HF,46080.0,19.72275436256251,122.49549999999999,122.501,40078.0,81448.0,Echolocation,Myotis alcathoe,0.198,0.408,-1,192000.0,/mnt/ubna_data_07/recover-20260108/UBNA_024/20260103_062000.WAV,recover-20260108,UBNA_024,Carp Pond
HF,46080.0,15.777906693520855,122.5405,122.5462,43515.0,78133.0,Echolocation,Pipistrellus pipistrellus,0.274,0.506,-1,192000.0,/mnt/ubna_data_07/recover-20260108/UBNA_024/20260103_062000.WAV,recover-20260108,UBNA_024,Carp Pond
HF,51840.0,18.53586654050937,122.5945,122.5995,46093.0,69557.0,Echolocation,Pipistrellus pipistrellus,0.588,0.672,-1,192000.0,/mnt/ubna_data_07/recover-20260108/UBNA_024/20260103_062000.WAV,recover-20260108,UBNA_024,Carp Pond
HF,48960.0,20.659699528286218,122.6625,122.6679,44375.0,79044.0,Echolocation,Myotis alcathoe,0.205,0.359,-1,192000.0,/mnt/ubna_data_07/recover-20260108/UBNA_024/20260103_062000.WAV,recover-20260108,UBNA_024,Carp Pond
HF,48960.0,22.201093015125856,122.7445,122.751,41796.0,84663.0,Echolocation,Pipistrellus pipistrellus,0.283,0.561,-1,192000.0,/mnt/ubna_data_07/recover-20260108/UBNA_024/20260103_062000.WAV,recover-20260108,UBNA_024,Carp Pond
HF,47040.0,24.668045782097252,122.8015,122.8074,41796.0,88154.0,Echolocation,Myotis alcathoe,0.309,0.454,-1,192000.0,/mnt/ubna_data_07/recover-20260108/UBNA_024/20260103_062000.WAV,recover-20260108,UBNA_024,Carp Pond
HF,51840.0,27.328587381610223,122.8575,122.8633,46093.0,73672.0,Echolocation,Pipistrellus pipistrellus,0.529,0.637,-1,192000.0,/mnt/ubna_data_07/recover-20260108/UBNA_024/20260103_062000.WAV,recover-20260108,UBNA_024,Carp Pond
HF,48000.0,25.50443440292422,122.9165,122.9222,41796.0,86591.0,Echolocation,Myotis alcathoe,0.247,0.435,-1,192000.0,/mnt/ubna_data_07/recover-20260108/UBNA_024/20260103_062000.WAV,recover-20260108,UBNA_024,Carp Pond
HF,52800.0,21.332706205258653,122.9895,122.9948,41796.0,81870.0,Echolocation,Myotis alcathoe,0.226,0.457,-1,192000.0,/mnt/ubna_data_07/recover-20260108/UBNA_024/20260103_062000.WAV,recover-20260108,UBNA_024,Carp Pond
HF,52800.0,21.578373383352194,123.0475,123.0526,45234.0,74791.0,Echolocation,Pipistrellus pipistrellus,0.436,0.553,-1,192000.0,/mnt/ubna_data_07/recover-20260108/UBNA_024/20260103_062000.WAV,recover-20260108,UBNA_024,Carp Pond
HF,47040.0,16.800520208651214,123.1085,123.1139,40937.0,80732.0,Echolocation,Pipistrellus pipistrellus,0.205,0.479,-1,192000.0,/mnt/ubna_data_07/recover-20260108/UBNA_024/20260103_062000.WAV,recover-20260108,UBNA_024,Carp Pond
HF,48960.0,18.89869175423911,123.1605,123.167,41796.0,85226.0,Echolocation,Pipistrellus pipistrellus,0.297,0.539,-1,192000.0,/mnt/ubna_data_07/recover-20260108/UBNA_024/20260103_062000.WAV,recover-20260108,UBNA_024,Carp Pond
HF,48000.0,22.893768248482225,123.2195,123.2254,41796.0,82658.0,Echolocation,Myotis alcathoe,0.259,0.525,-1,192000.0,/mnt/ubna_data_07/recover-20260108/UBNA_024/20260103_062000.WAV,recover-20260108,UBNA_024,Carp Pond
HF,51840.0,25.760772891968095,123.2855,123.2906,43515.0,71772.0,Echolocation,Pipistrellus pipistrellus,0.364,0.548,-1,192000.0,/mnt/ubna_data_07/recover-20260108/UBNA_024/20260103_062000.WAV,recover-20260108,UBNA_024,Carp Pond
HF,51840.0,22.535556186799216,123.3545,123.3598,43515.0,77626.0,Echolocation,Myotis alcathoe,0.255,0.504,-1,192000.0,/mnt/ubna_data_07/recover-20260108/UBNA_024/20260103_062000.WAV,recover-20260108,UBNA_024,Carp Pond
HF,51840.0,22.328428843169597,123.4145,123.42,41796.0,80777.0,Echolocation,Pipistrellus pipistrellus,0.256,0.495,-1,192000.0,/mnt/ubna_data_07/recover-20260108/UBNA_024/20260103_062000.WAV,recover-20260108,UBNA_024,Carp Pond
HF,48000.0,25.041982987440715,123.4745,123.4802,45234.0,76032.0,Echolocation,Pipistrellus pipistrellus,0.456,0.565,-1,192000.0,/mnt/ubna_data_07/recover-20260108/UBNA_024/20260103_062000.WAV,recover-20260108,UBNA_024,Carp Pond
HF,47040.0,21.77765325164858,123.5305,123.53659999999999,40078.0,87750.0,Echolocation,Myotis alcathoe,0.205,0.388,-1,192000.0,/mnt/ubna_data_07/recover-20260108/UBNA_024/20260103_062000.WAV,recover-20260108,UBNA_024,Carp Pond
HF,47040.0,25.617998235204105,123.5765,123.5829,39218.0,93513.0,Echolocation,Myotis alcathoe,0.21,0.435,-1,192000.0,/mnt/ubna_data_07/recover-20260108/UBNA_024/20260103_062000.WAV,recover-20260108,UBNA_024,Carp Pond
HF,47040.0,18.255233336137575,123.6315,123.6367,40937.0,75539.0,Echolocation,Myotis alcathoe,0.245,0.49,-1,192000.0,/mnt/ubna_data_07/recover-20260108/UBNA_024/20260103_062000.WAV,recover-20260108,UBNA_024,Carp Pond
HF,52800.0,24.288743429600853,123.6865,123.6916,44375.0,66403.0,Echolocation,Pipistrellus pipistrellus,0.4,0.586,-1,192000.0,/mnt/ubna_data_07/recover-20260108/UBNA_024/20260103_062000.WAV,recover-20260108,UBNA_024,Carp Pond
HF,47040.0,26.281793369824463,123.7555,123.7606,43515.0,74532.0,Echolocation,Pipistrellus pipistrellus,0.243,0.42,-1,192000.0,/mnt/ubna_data_07/recover-20260108/UBNA_024/20260103_062000.WAV,recover-20260108,UBNA_024,Carp Pond
HF,48000.0,16.661595840001777,123.8135,123.8188,43515.0,76493.0,Echolocation,Pipistrellus pipistrellus,0.264,0.501,-1,192000.0,/mnt/ubna_data_07/recover-20260108/UBNA_024/20260103_062000.WAV,recover-20260108,UBNA_024,Carp Pond
HF,47040.0,19.897641527472164,123.8685,123.8734,40078.0,80984.0,Echolocation,Myotis alcathoe,0.302,0.417,-1,192000.0,/mnt/ubna_data_07/recover-20260108/UBNA_024/20260103_062000.WAV,recover-20260108,UBNA_024,Carp Pond
HF,47040.0,20.890891061122726,123.9465,123.9517,42656.0,75027.0,Echolocation,Myotis alcathoe,0.238,0.439,-1,192000.0,/mnt/ubna_data_07/recover-20260108/UBNA_024/20260103_062000.WAV,recover-20260108,UBNA_024,Carp Pond
HF,48960.0,17.842261645383395,124.1275,124.1339,45234.0,62780.0,Echolocation,Pipistrellus pipistrellus,0.41,0.518,-1,192000.0,/mnt/ubna_data_07/recover-20260108/UBNA_024/20260103_062000.WAV,recover-20260108,UBNA_024,Carp Pond
HF,47040.0,11.79956252296992,124.1985,124.2046,45234.0,52423.0,Echolocation,Pipistrellus pipistrellus,0.291,0.318,-1,192000.0,/mnt/ubna_data_07/recover-20260108/UBNA_024/20260103_062000.WAV,recover-20260108,UBNA_024,Carp Pond
HF,47040.0,19.17059224852738,124.2885,124.2952,44375.0,58552.0,Echolocation,Pipistrellus pipistrellus,0.344,0.447,-1,192000.0,/mnt/ubna_data_07/recover-20260108/UBNA_024/20260103_062000.WAV,recover-20260108,UBNA_024,Carp Pond
HF,47040.0,9.830345646753557,124.3665,124.3725,45234.0,52760.0,Echolocation,Pipistrellus pipistrellus,0.347,0.357,-1,192000.0,/mnt/ubna_data_07/recover-20260108/UBNA_024/20260103_062000.WAV,recover-20260108,UBNA_024,Carp Pond
HF,47040.0,6.139066946312007,124.4225,124.4297,46093.0,52739.0,Echolocation,Pipistrellus pipistrellus,0.3,0.311,-1,192000.0,/mnt/ubna_data_07/recover-20260108/UBNA_024/20260103_062000.WAV,recover-20260108,UBNA_024,Carp Pond
HF,48000.0,12.09512202959877,124.5365,124.5434,44375.0,59256.0,Echolocation,Pipistrellus pipistrellus,0.239,0.323,-1,192000.0,/mnt/ubna_data_07/recover-20260108/UBNA_024/20260103_062000.WAV,recover-20260108,UBNA_024,Carp Pond
HF,47040.0,16.330886103851444,124.5925,124.5988,45234.0,59917.0,Echolocation,Pipistrellus pipistrellus,0.37,0.437,-1,192000.0,/mnt/ubna_data_07/recover-20260108/UBNA_024/20260103_062000.WAV,recover-20260108,UBNA_024,Carp Pond
HF,47040.0,2.8596675883271185,124.6655,124.6748,44375.0,53886.0,Echolocation,Pipistrellus pipistrellus,0.351,0.393,-1,192000.0,/mnt/ubna_data_07/recover-20260108/UBNA_024/20260103_062000.WAV,recover-20260108,UBNA_024,Carp Pond
HF,48000.0,14.929792353443258,124.8385,124.8451,46093.0,57167.0,Echolocation,Pipistrellus pipistrellus,0.311,0.375,-1,192000.0,/mnt/ubna_data_07/recover-20260108/UBNA_024/20260103_062000.WAV,recover-20260108,UBNA_024,Carp Pond
HF,48960.0,7.573079791789721,124.8865,124.8931,45234.0,58077.0,Echolocation,Pipistrellus pipistrellus,0.337,0.421,-1,192000.0,/mnt/ubna_data_07/recover-20260108/UBNA_024/20260103_062000.WAV,recover-20260108,UBNA_024,Carp Pond
HF,48000.0,5.444666375076265,124.9365,124.9429,45234.0,54066.0,Echolocation,Pipistrellus pipistrellus,0.444,0.48,-1,192000.0,/mnt/ubna_data_07/recover-20260108/UBNA_024/20260103_062000.WAV,recover-20260108,UBNA_024,Carp Pond
HF,47040.0,4.070852643725697,125.0435,125.0517,46093.0,53155.0,Echolocation,Pipistrellus pipistrellus,0.378,0.403,-1,192000.0,/mnt/ubna_data_07/recover-20260108/UBNA_024/20260103_062000.WAV,recover-20260108,UBNA_024,Carp Pond
HF,48960.0,9.349795443647901,125.1175,125.1237,46093.0,54631.0,Echolocation,Pipistrellus pipistrellus,0.443,0.501,-1,192000.0,/mnt/ubna_data_07/recover-20260108/UBNA_024/20260103_062000.WAV,recover-20260108,UBNA_024,Carp Pond
HF,48000.0,4.058399453038366,125.3605,125.3673,46953.0,55673.0,Echolocation,Pipistrellus pipistrellus,0.48,0.57,-1,192000.0,/mnt/ubna_data_07/recover-20260108/UBNA_024/20260103_062000.WAV,recover-20260108,UBNA_024,Carp Pond
HF,48000.0,1.3341303569904879,125.48949999999999,125.4962,46093.0,53905.0,Echolocation,Pipistrellus pipistrellus,0.331,0.338,-1,192000.0,/mnt/ubna_data_07/recover-20260108/UBNA_024/20260103_062000.WAV,recover-20260108,UBNA_024,Carp Pond
HF,48000.0,1.4016740416983042,125.5405,125.5468,46953.0,54617.0,Echolocation,Pipistrellus pipistrellus,0.365,0.388,-1,192000.0,/mnt/ubna_data_07/recover-20260108/UBNA_024/20260103_062000.WAV,recover-20260108,UBNA_024,Carp Pond
HF,47040.0,6.387220544220592,125.8725,125.8783,46953.0,58142.0,Echolocation,Pipistrellus pipistrellus,0.411,0.46,-1,192000.0,/mnt/ubna_data_07/recover-20260108/UBNA_024/20260103_062000.WAV,recover-20260108,UBNA_024,Carp Pond
HF,48000.0,2.7821744656777754,128.5085,128.5158,46953.0,54855.0,Echolocation,Pipistrellus pipistrellus,0.316,0.341,-1,192000.0,/mnt/ubna_data_07/recover-20260108/UBNA_024/20260103_062000.WAV,recover-20260108,UBNA_024,Carp Pond
HF,48000.0,5.383891022174755,129.2485,129.2567,46093.0,56773.0,Echolocation,Pipistrellus pipistrellus,0.276,0.328,-1,192000.0,/mnt/ubna_data_07/recover-20260108/UBNA_024/20260103_062000.WAV,recover-20260108,UBNA_024,Carp Pond
HF,48000.0,6.2212125525099795,129.3285,129.3353,45234.0,57655.0,Echolocation,Pipistrellus pipistrellus,0.354,0.499,-1,192000.0,/mnt/ubna_data_07/recover-20260108/UBNA_024/20260103_062000.WAV,recover-20260108,UBNA_024,Carp Pond
HF,52800.0,7.478732141796886,129.5865,129.5926,46093.0,60913.0,Echolocation,Pipistrellus pipistrellus,0.31,0.392,-1,192000.0,/mnt/ubna_data_07/recover-20260108/UBNA_024/20260103_062000.WAV,recover-20260108,UBNA_024,Carp Pond
HF,48000.0,7.7165393578931605,129.8005,129.8064,46953.0,53760.0,Echolocation,Pipistrellus pipistrellus,0.468,0.508,-1,192000.0,/mnt/ubna_data_07/recover-20260108/UBNA_024/20260103_062000.WAV,recover-20260108,UBNA_024,Carp Pond
HF,47040.0,8.201275395436628,129.9685,129.9733,40937.0,61193.0,Echolocation,Myotis alcathoe,0.152,0.444,-1,192000.0,/mnt/ubna_data_07/recover-20260108/UBNA_024/20260103_062000.WAV,recover-20260108,UBNA_024,Carp Pond
HF,48960.0,5.156697463980539,130.0225,130.0272,41796.0,58919.0,Echolocation,Myotis alcathoe,0.131,0.364,-1,192000.0,/mnt/ubna_data_07/recover-20260108/UBNA_024/20260103_062000.WAV,recover-20260108,UBNA_024,Carp Pond
HF,47040.0,5.127158564560092,130.07150000000001,130.077,44375.0,58942.0,Echolocation,Pipistrellus pipistrellus,0.254,0.398,-1,192000.0,/mnt/ubna_data_07/recover-20260108/UBNA_024/20260103_062000.WAV,recover-20260108,UBNA_024,Carp Pond
HF,47040.0,6.031193947041568,130.1325,130.1373,42656.0,60286.0,Echolocation,Pipistrellus pipistrellus,0.273,0.466,-1,192000.0,/mnt/ubna_data_07/recover-20260108/UBNA_024/20260103_062000.WAV,recover-20260108,UBNA_024,Carp Pond
HF,47040.0,4.616704881008853,130.2385,130.2435,44375.0,62521.0,Echolocation,Pipistrellus pipistrellus,0.172,0.329,-1,192000.0,/mnt/ubna_data_07/recover-20260108/UBNA_024/20260103_062000.WAV,recover-20260108,UBNA_024,Carp Pond
HF,51840.0,6.279710676519495,130.2975,130.3031,50390.0,57121.0,Echolocation,Pipistrellus pipistrellus,0.265,0.34,-1,192000.0,/mnt/ubna_data_07/recover-20260108/UBNA_024/20260103_062000.WAV,recover-20260108,UBNA_024,Carp Pond
HF,51840.0,7.389417143407957,130.3605,130.365,48671.0,58887.0,Echolocation,Pipistrellus pipistrellus,0.328,0.383,-1,192000.0,/mnt/ubna_data_07/recover-20260108/UBNA_024/20260103_062000.WAV,recover-20260108,UBNA_024,Carp Pond
HF,48000.0,6.426701961596576,130.4215,130.4261,42656.0,61055.0,Echolocation,Pipistrellus pipistrellus,0.157,0.374,-1,192000.0,/mnt/ubna_data_07/recover-20260108/UBNA_024/20260103_062000.WAV,recover-20260108,UBNA_024,Carp Pond
HF,51840.0,8.429799853647772,130.4765,130.48160000000001,42656.0,61117.0,Echolocation,Pipistrellus pipistrellus,0.2,0.453,-1,192000.0,/mnt/ubna_data_07/recover-20260108/UBNA_024/20260103_062000.WAV,recover-20260108,UBNA_024,Carp Pond
HF,52800.0,8.21146661582026,130.5345,130.5399,45234.0,61633.0,Echolocation,Pipistrellus pipistrellus,0.253,0.414,-1,192000.0,/mnt/ubna_data_07/recover-20260108/UBNA_024/20260103_062000.WAV,recover-20260108,UBNA_024,Carp Pond
HF,46080.0,8.460840320856866,130.5995,130.6048,44375.0,57516.0,Echolocation,Pipistrellus pipistrellus,0.332,0.394,-1,192000.0,/mnt/ubna_data_07/recover-20260108/UBNA_024/20260103_062000.WAV,recover-20260108,UBNA_024,Carp Pond
HF,46080.0,8.259528669563416,130.6525,130.6573,45234.0,60355.0,Echolocation,Pipistrellus pipistrellus,0.313,0.406,-1,192000.0,/mnt/ubna_data_07/recover-20260108/UBNA_024/20260103_062000.WAV,recover-20260108,UBNA_024,Carp Pond
HF,47040.0,3.842876695743191,130.8075,130.8136,44375.0,59280.0,Echolocation,Pipistrellus pipistrellus,0.239,0.546,-1,192000.0,/mnt/ubna_data_07/recover-20260108/UBNA_024/20260103_062000.WAV,recover-20260108,UBNA_024,Carp Pond
HF,46080.0,2.106773473009327,138.2475,138.2537,43515.0,57677.0,Echolocation,Pipistrellus pipistrellus,0.278,0.381,-1,192000.0,/mnt/ubna_data_07/recover-20260108/UBNA_024/20260103_062000.WAV,recover-20260108,UBNA_024,Carp Pond
HF,48000.0,3.4948281615118226,138.3235,138.33010000000002,46953.0,52846.0,Echolocation,Pipistrellus pipistrellus,0.274,0.301,-1,192000.0,/mnt/ubna_data_07/recover-20260108/UBNA_024/20260103_062000.WAV,recover-20260108,UBNA_024,Carp Pond
HF,51840.0,8.622000875656745,138.3955,138.4002,43515.0,59491.0,Echolocation,Pipistrellus pipistrellus,0.265,0.41,-1,192000.0,/mnt/ubna_data_07/recover-20260108/UBNA_024/20260103_062000.WAV,recover-20260108,UBNA_024,Carp Pond
HF,46080.0,7.639159094828263,138.60750000000002,138.6137,43515.0,61754.0,Echolocation,Pipistrellus pipistrellus,0.382,0.583,-1,192000.0,/mnt/ubna_data_07/recover-20260108/UBNA_024/20260103_062000.WAV,recover-20260108,UBNA_024,Carp Pond
HF,48000.0,6.426484841003072,138.7635,138.7715,46953.0,58885.0,Echolocation,Pipistrellus pipistrellus,0.366,0.465,-1,192000.0,/mnt/ubna_data_07/recover-20260108/UBNA_024/20260103_062000.WAV,recover-20260108,UBNA_024,Carp Pond
HF,48000.0,4.365328059505706,143.8345,143.8413,46093.0,52010.0,Echolocation,Pipistrellus pipistrellus,0.356,0.372,-1,192000.0,/mnt/ubna_data_07/recover-20260108/UBNA_024/20260103_062000.WAV,recover-20260108,UBNA_024,Carp Pond
HF,46080.0,4.933005181853575,144.1635,144.1689,41796.0,57396.0,Echolocation,Myotis daubentonii,0.101,0.34,-1,192000.0,/mnt/ubna_data_07/recover-20260108/UBNA_024/20260103_062000.WAV,recover-20260108,UBNA_024,Carp Pond
HF,48000.0,4.0034710691059665,144.23250000000002,144.2379,45234.0,54662.0,Echolocation,Pipistrellus pipistrellus,0.469,0.517,-1,192000.0,/mnt/ubna_data_07/recover-20260108/UBNA_024/20260103_062000.WAV,recover-20260108,UBNA_024,Carp Pond
HF,48960.0,2.8029161742755466,144.3555,144.3614,47812.0,57754.0,Echolocation,Pipistrellus pipistrellus,0.358,0.385,-1,192000.0,/mnt/ubna_data_07/recover-20260108/UBNA_024/20260103_062000.WAV,recover-20260108,UBNA_024,Carp Pond
HF,48960.0,2.1865399744287743,144.4135,144.41910000000001,46093.0,55488.0,Echolocation,Pipistrellus pipistrellus,0.266,0.321,-1,192000.0,/mnt/ubna_data_07/recover-20260108/UBNA_024/20260103_062000.WAV,recover-20260108,UBNA_024,Carp Pond
HF,48000.0,4.003649009335753,156.9515,156.9574,45234.0,57278.0,Echolocation,Pipistrellus pipistrellus,0.366,0.462,-1,192000.0,/mnt/ubna_data_07/recover-20260108/UBNA_024/20260103_062000.WAV,recover-20260108,UBNA_024,Carp Pond
HF,46080.0,1.8655960772761446,157.0885,157.0951,44375.0,54191.0,Echolocation,Pipistrellus pipistrellus,0.332,0.439,-1,192000.0,/mnt/ubna_data_07/recover-20260108/UBNA_024/20260103_062000.WAV,recover-20260108,UBNA_024,Carp Pond
HF,45120.0,3.378734394678818,157.1545,157.1613,44375.0,53595.0,Echolocation,Pipistrellus pipistrellus,0.297,0.353,-1,192000.0,/mnt/ubna_data_07/recover-20260108/UBNA_024/20260103_062000.WAV,recover-20260108,UBNA_024,Carp Pond
HF,52800.0,3.793488343948196,157.5955,157.6006,43515.0,56931.0,Echolocation,Pipistrellus pipistrellus,0.258,0.494,-1,192000.0,/mnt/ubna_data_07/recover-20260108/UBNA_024/20260103_062000.WAV,recover-20260108,UBNA_024,Carp Pond
HF,50880.0,3.474307496110284,157.7205,157.7266,49531.0,57503.0,Echolocation,Pipistrellus pipistrellus,0.354,0.401,-1,192000.0,/mnt/ubna_data_07/recover-20260108/UBNA_024/20260103_062000.WAV,recover-20260108,UBNA_024,Carp Pond
HF,46080.0,2.5120834731824626,157.8075,157.8132,42656.0,57461.0,Echolocation,Pipistrellus pipistrellus,0.166,0.41,-1,192000.0,/mnt/ubna_data_07/recover-20260108/UBNA_024/20260103_062000.WAV,recover-20260108,UBNA_024,Carp Pond
HF,53760.0,4.438277368590258,158.0915,158.0968,45234.0,60787.0,Echolocation,Pipistrellus pipistrellus,0.206,0.313,-1,192000.0,/mnt/ubna_data_07/recover-20260108/UBNA_024/20260103_062000.WAV,recover-20260108,UBNA_024,Carp Pond
HF,45120.0,7.903397508051194,158.1695,158.1758,43515.0,56863.0,Echolocation,Pipistrellus pipistrellus,0.425,0.634,-1,192000.0,/mnt/ubna_data_07/recover-20260108/UBNA_024/20260103_062000.WAV,recover-20260108,UBNA_024,Carp Pond
HF,46080.0,6.006636686032941,158.2535,158.2592,43515.0,59313.0,Echolocation,Pipistrellus pipistrellus,0.321,0.589,-1,192000.0,/mnt/ubna_data_07/recover-20260108/UBNA_024/20260103_062000.WAV,recover-20260108,UBNA_024,Carp Pond
HF,47040.0,3.3317289229904237,158.3435,158.3492,46093.0,57712.0,Echolocation,Pipistrellus pipistrellus,0.393,0.423,-1,192000.0,/mnt/ubna_data_07/recover-20260108/UBNA_024/20260103_062000.WAV,recover-20260108,UBNA_024,Carp Pond
HF,46080.0,2.286763172451865,158.4205,158.427,44375.0,59522.0,Echolocation,Pipistrellus pipistrellus,0.316,0.423,-1,192000.0,/mnt/ubna_data_07/recover-20260108/UBNA_024/20260103_062000.WAV,recover-20260108,UBNA_024,Carp Pond
HF,46080.0,4.096191817363355,158.4805,158.4865,44375.0,56040.0,Echolocation,Pipistrellus pipistrellus,0.42,0.46,-1,192000.0,/mnt/ubna_data_07/recover-20260108/UBNA_024/20260103_062000.WAV,recover-20260108,UBNA_024,Carp Pond
HF,47040.0,7.579319267758393,158.6275,158.6328,46093.0,60195.0,Echolocation,Pipistrellus pipistrellus,0.418,0.476,-1,192000.0,/mnt/ubna_data_07/recover-20260108/UBNA_024/20260103_062000.WAV,recover-20260108,UBNA_024,Carp Pond
HF,47040.0,8.403725024294271,158.7465,158.752,43515.0,57716.0,Echolocation,Pipistrellus pipistrellus,0.382,0.484,-1,192000.0,/mnt/ubna_data_07/recover-20260108/UBNA_024/20260103_062000.WAV,recover-20260108,UBNA_024,Carp Pond
HF,47040.0,9.075740908828076,158.8165,158.8229,46093.0,61099.0,Echolocation,Pipistrellus pipistrellus,0.465,0.565,-1,192000.0,/mnt/ubna_data_07/recover-20260108/UBNA_024/20260103_062000.WAV,recover-20260108,UBNA_024,Carp Pond
HF,47040.0,5.088832560302739,158.8885,158.8939,46953.0,60815.0,Echolocation,Pipistrellus pipistrellus,0.412,0.475,-1,192000.0,/mnt/ubna_data_07/recover-20260108/UBNA_024/20260103_062000.WAV,recover-20260108,UBNA_024,Carp Pond
HF,48960.0,3.3653894214172753,158.9615,158.9691,46953.0,59364.0,Echolocation,Pipistrellus pipistrellus,0.331,0.369,-1,192000.0,/mnt/ubna_data_07/recover-20260108/UBNA_024/20260103_062000.WAV,recover-20260108,UBNA_024,Carp Pond
HF,47040.0,6.249075896127096,159.0215,159.0275,46093.0,57528.0,Echolocation,Pipistrellus pipistrellus,0.401,0.461,-1,192000.0,/mnt/ubna_data_07/recover-20260108/UBNA_024/20260103_062000.WAV,recover-20260108,UBNA_024,Carp Pond
HF,48960.0,6.467779077698456,159.0775,159.082,46093.0,59889.0,Echolocation,Pipistrellus pipistrellus,0.474,0.54,-1,192000.0,/mnt/ubna_data_07/recover-20260108/UBNA_024/20260103_062000.WAV,recover-20260108,UBNA_024,Carp Pond
HF,47040.0,6.05199164266554,159.1355,159.1402,43515.0,63346.0,Echolocation,Pipistrellus pipistrellus,0.227,0.356,-1,192000.0,/mnt/ubna_data_07/recover-20260108/UBNA_024/20260103_062000.WAV,recover-20260108,UBNA_024,Carp Pond
HF,47040.0,6.296561720733975,159.1835,159.18880000000001,45234.0,66369.0,Echolocation,Pipistrellus pipistrellus,0.245,0.391,-1,192000.0,/mnt/ubna_data_07/recover-20260108/UBNA_024/20260103_062000.WAV,recover-20260108,UBNA_024,Carp Pond
HF,48960.0,6.755708939551157,159.2415,159.2467,46953.0,56213.0,Echolocation,Pipistrellus pipistrellus,0.507,0.517,-1,192000.0,/mnt/ubna_data_07/recover-20260108/UBNA_024/20260103_062000.WAV,recover-20260108,UBNA_024,Carp Pond
HF,48960.0,1.7530530914336586,159.3055,159.3106,48671.0,58381.0,Echolocation,Pipistrellus pipistrellus,0.447,0.458,-1,192000.0,/mnt/ubna_data_07/recover-20260108/UBNA_024/20260103_062000.WAV,recover-20260108,UBNA_024,Carp Pond
HF,48960.0,7.127935353509934,159.3755,159.3803,47812.0,60090.0,Echolocation,Pipistrellus pipistrellus,0.458,0.509,-1,192000.0,/mnt/ubna_data_07/recover-20260108/UBNA_024/20260103_062000.WAV,recover-20260108,UBNA_024,Carp Pond
HF,51840.0,8.170723852847422,159.4355,159.4418,48671.0,55926.0,Echolocation,Pipistrellus pipistrellus,0.353,0.383,-1,192000.0,/mnt/ubna_data_07/recover-20260108/UBNA_024/20260103_062000.WAV,recover-20260108,UBNA_024,Carp Pond
HF,52800.0,8.61866901089774,159.4945,159.4999,47812.0,58267.0,Echolocation,Pipistrellus pipistrellus,0.365,0.4,-1,192000.0,/mnt/ubna_data_07/recover-20260108/UBNA_024/20260103_062000.WAV,recover-20260108,UBNA_024,Carp Pond
HF,52800.0,8.487701236180365,159.5685,159.5741,46093.0,56888.0,Echolocation,Pipistrellus pipistrellus,0.443,0.495,-1,192000.0,/mnt/ubna_data_07/recover-20260108/UBNA_024/20260103_062000.WAV,recover-20260108,UBNA_024,Carp Pond
HF,48960.0,5.6617516677590105,159.9255,159.93110000000001,47812.0,57228.0,Echolocation,Pipistrellus pipistrellus,0.547,0.579,-1,192000.0,/mnt/ubna_data_07/recover-20260108/UBNA_024/20260103_062000.WAV,recover-20260108,UBNA_024,Carp Pond
HF,48960.0,2.981389442409703,159.9895,159.9962,46953.0,53350.0,Echolocation,Pipistrellus pipistrellus,0.409,0.445,-1,192000.0,/mnt/ubna_data_07/recover-20260108/UBNA_024/20260103_062000.WAV,recover-20260108,UBNA_024,Carp Pond
HF,48960.0,4.675978925366717,160.1065,160.1123,46953.0,55714.0,Echolocation,Pipistrellus pipistrellus,0.323,0.342,-1,192000.0,/mnt/ubna_data_07/recover-20260108/UBNA_024/20260103_062000.WAV,recover-20260108,UBNA_024,Carp Pond
HF,48000.0,5.92316282773182,160.16649999999998,160.173,46953.0,54924.0,Echolocation,Pipistrellus pipistrellus,0.464,0.473,-1,192000.0,/mnt/ubna_data_07/recover-20260108/UBNA_024/20260103_062000.WAV,recover-20260108,UBNA_024,Carp Pond
HF,48000.0,3.6504769908688193,160.2145,160.2201,45234.0,61724.0,Echolocation,Pipistrellus pipistrellus,0.276,0.382,-1,192000.0,/mnt/ubna_data_07/recover-20260108/UBNA_024/20260103_062000.WAV,recover-20260108,UBNA_024,Carp Pond
HF,48000.0,3.86748490925761,160.2545,160.2618,46093.0,52708.0,Echolocation,Pipistrellus pipistrellus,0.316,0.329,-1,192000.0,/mnt/ubna_data_07/recover-20260108/UBNA_024/20260103_062000.WAV,recover-20260108,UBNA_024,Carp Pond
HF,48000.0,6.196715278466833,160.3785,160.3844,46953.0,56889.0,Echolocation,Pipistrellus pipistrellus,0.369,0.396,-1,192000.0,/mnt/ubna_data_07/recover-20260108/UBNA_024/20260103_062000.WAV,recover-20260108,UBNA_024,Carp Pond
HF,48000.0,6.550458951579563,160.4505,160.4567,46953.0,53850.0,Echolocation,Pipistrellus pipistrellus,0.516,0.53,-1,192000.0,/mnt/ubna_data_07/recover-20260108/UBNA_024/20260103_062000.WAV,recover-20260108,UBNA_024,Carp Pond
HF,48960.0,6.062403730003416,160.5585,160.564,46093.0,54823.0,Echolocation,Pipistrellus pipistrellus,0.317,0.333,-1,192000.0,/mnt/ubna_data_07/recover-20260108/UBNA_024/20260103_062000.WAV,recover-20260108,UBNA_024,Carp Pond
HF,47040.0,1.4837605615065086,185.0675,185.074,42656.0,54780.0,Echolocation,Pipistrellus pipistrellus,0.191,0.311,-1,192000.0,/mnt/ubna_data_07/recover-20260108/UBNA_024/20260103_062000.WAV,recover-20260108,UBNA_024,Carp Pond
HF,51840.0,5.043066534916814,185.4195,185.4245,46953.0,58822.0,Echolocation,Pipistrellus pipistrellus,0.392,0.435,-1,192000.0,/mnt/ubna_data_07/recover-20260108/UBNA_024/20260103_062000.WAV,recover-20260108,UBNA_024,Carp Pond
HF,48960.0,3.887632767921574,185.5345,185.5409,45234.0,58880.0,Echolocation,Pipistrellus pipistrellus,0.205,0.315,-1,192000.0,/mnt/ubna_data_07/recover-20260108/UBNA_024/20260103_062000.WAV,recover-20260108,UBNA_024,Carp Pond
HF,53760.0,2.6813032441730966,185.5995,185.6056,46093.0,58673.0,Echolocation,Pipistrellus pipistrellus,0.267,0.319,-1,192000.0,/mnt/ubna_data_07/recover-20260108/UBNA_024/20260103_062000.WAV,recover-20260108,UBNA_024,Carp Pond
HF,47040.0,2.3911124384324105,188.9335,188.9413,46093.0,52157.0,Echolocation,Pipistrellus pipistrellus,0.39,0.425,-1,192000.0,/mnt/ubna_data_07/recover-20260108/UBNA_024/20260103_062000.WAV,recover-20260108,UBNA_024,Carp Pond
HF,51840.0,3.605947075272098,189.1915,189.1969,47812.0,54866.0,Echolocation,Pipistrellus pipistrellus,0.386,0.396,-1,192000.0,/mnt/ubna_data_07/recover-20260108/UBNA_024/20260103_062000.WAV,recover-20260108,UBNA_024,Carp Pond
HF,48000.0,3.328454164834527,189.2675,189.2727,46953.0,55972.0,Echolocation,Pipistrellus pipistrellus,0.298,0.322,-1,192000.0,/mnt/ubna_data_07/recover-20260108/UBNA_024/20260103_062000.WAV,recover-20260108,UBNA_024,Carp Pond
HF,48960.0,7.395664647218617,189.4345,189.441,46953.0,55280.0,Echolocation,Pipistrellus pipistrellus,0.278,0.301,-1,192000.0,/mnt/ubna_data_07/recover-20260108/UBNA_024/20260103_062000.WAV,recover-20260108,UBNA_024,Carp Pond
HF,48960.0,6.491031875591319,214.4245,214.4286,48671.0,63099.0,Echolocation,Pipistrellus pipistrellus,0.541,0.61,-1,192000.0,/mnt/ubna_data_07/recover-20260108/UBNA_024/20260103_062000.WAV,recover-20260108,UBNA_024,Carp Pond
HF,50880.0,1.609281588787452,214.5015,214.5062,47812.0,62622.0,Echolocation,Pipistrellus pipistrellus,0.324,0.369,-1,192000.0,/mnt/ubna_data_07/recover-20260108/UBNA_024/20260103_062000.WAV,recover-20260108,UBNA_024,Carp Pond
HF,51840.0,6.121858694630379,214.5885,214.5931,46953.0,65453.0,Echolocation,Pipistrellus pipistrellus,0.448,0.57,-1,192000.0,/mnt/ubna_data_07/recover-20260108/UBNA_024/20260103_062000.WAV,recover-20260108,UBNA_024,Carp Pond
HF,48000.0,3.105947051317596,214.6745,214.6799,45234.0,63878.0,Echolocation,Pipistrellus pipistrellus,0.195,0.348,-1,192000.0,/mnt/ubna_data_07/recover-20260108/UBNA_024/20260103_062000.WAV,recover-20260108,UBNA_024,Carp Pond
HF,55680.0,3.890946026594422,214.8105,214.8158,46093.0,68316.0,Echolocation,Myotis alcathoe,0.168,0.345,-1,192000.0,/mnt/ubna_data_07/recover-20260108/UBNA_024/20260103_062000.WAV,recover-20260108,UBNA_024,Carp Pond
HF,53760.0,5.303003719980655,214.8745,214.8799,46093.0,69473.0,Echolocation,Myotis alcathoe,0.198,0.316,-1,192000.0,/mnt/ubna_data_07/recover-20260108/UBNA_024/20260103_062000.WAV,recover-20260108,UBNA_024,Carp Pond
HF,51840.0,3.491838780157165,214.9545,214.9591,49531.0,61383.0,Echolocation,Pipistrellus pipistrellus,0.313,0.364,-1,192000.0,/mnt/ubna_data_07/recover-20260108/UBNA_024/20260103_062000.WAV,recover-20260108,UBNA_024,Carp Pond
HF,54720.0,3.9347219907707274,215.0315,215.0365,46093.0,61254.0,Echolocation,Pipistrellus pipistrellus,0.274,0.348,-1,192000.0,/mnt/ubna_data_07/recover-20260108/UBNA_024/20260103_062000.WAV,recover-20260108,UBNA_024,Carp Pond
HF,50880.0,6.39770734783697,215.1015,215.1067,48671.0,62920.0,Echolocation,Pipistrellus pipistrellus,0.306,0.383,-1,192000.0,/mnt/ubna_data_07/recover-20260108/UBNA_024/20260103_062000.WAV,recover-20260108,UBNA_024,Carp Pond
HF,50880.0,2.9246234276451517,215.1665,215.1713,50390.0,60189.0,Echolocation,Pipistrellus pipistrellus,0.351,0.409,-1,192000.0,/mnt/ubna_data_07/recover-20260108/UBNA_024/20260103_062000.WAV,recover-20260108,UBNA_024,Carp Pond
HF,54720.0,7.245121244611344,215.2255,215.2307,45234.0,72910.0,Echolocation,Myotis alcathoe,0.253,0.432,-1,192000.0,/mnt/ubna_data_07/recover-20260108/UBNA_024/20260103_062000.WAV,recover-20260108,UBNA_024,Carp Pond
HF,51840.0,8.077408510828668,215.2945,215.299,49531.0,65551.0,Echolocation,Pipistrellus pipistrellus,0.397,0.52,-1,192000.0,/mnt/ubna_data_07/recover-20260108/UBNA_024/20260103_062000.WAV,recover-20260108,UBNA_024,Carp Pond
HF,54720.0,9.227054113440227,215.3545,215.3605,46093.0,65852.0,Echolocation,Pipistrellus pipistrellus,0.218,0.391,-1,192000.0,/mnt/ubna_data_07/recover-20260108/UBNA_024/20260103_062000.WAV,recover-20260108,UBNA_024,Carp Pond
HF,51840.0,9.175140756782572,215.4175,215.4223,49531.0,60858.0,Echolocation,Pipistrellus pipistrellus,0.308,0.413,-1,192000.0,/mnt/ubna_data_07/recover-20260108/UBNA_024/20260103_062000.WAV,recover-20260108,UBNA_024,Carp Pond
HF,53760.0,9.122019793743899,215.4825,215.4876,45234.0,76474.0,Echolocation,Myotis alcathoe,0.288,0.402,-1,192000.0,/mnt/ubna_data_07/recover-20260108/UBNA_024/20260103_062000.WAV,recover-20260108,UBNA_024,Carp Pond
HF,54720.0,8.63214794123618,215.5375,215.5426,46093.0,73102.0,Echolocation,Myotis alcathoe,0.267,0.402,-1,192000.0,/mnt/ubna_data_07/recover-20260108/UBNA_024/20260103_062000.WAV,recover-20260108,UBNA_024,Carp Pond
HF,50880.0,9.622546635177013,215.5935,215.5981,48671.0,68892.0,Echolocation,Pipistrellus pipistrellus,0.426,0.538,-1,192000.0,/mnt/ubna_data_07/recover-20260108/UBNA_024/20260103_062000.WAV,recover-20260108,UBNA_024,Carp Pond
HF,51840.0,13.252228062851625,215.6605,215.665,46953.0,73248.0,Echolocation,Pipistrellus pipistrellus,0.251,0.404,-1,192000.0,/mnt/ubna_data_07/recover-20260108/UBNA_024/20260103_062000.WAV,recover-20260108,UBNA_024,Carp Pond
HF,51840.0,14.427263421286902,215.7305,215.7354,48671.0,71733.0,Echolocation,Pipistrellus pipistrellus,0.291,0.488,-1,192000.0,/mnt/ubna_data_07/recover-20260108/UBNA_024/20260103_062000.WAV,recover-20260108,UBNA_024,Carp Pond
HF,50880.0,12.141713140838347,215.7885,215.79410000000001,47812.0,72771.0,Echolocation,Myotis alcathoe,0.222,0.374,-1,192000.0,/mnt/ubna_data_07/recover-20260108/UBNA_024/20260103_062000.WAV,recover-20260108,UBNA_024,Carp Pond
HF,50880.0,14.24960651686407,215.8485,215.8531,48671.0,68952.0,Echolocation,Pipistrellus pipistrellus,0.387,0.539,-1,192000.0,/mnt/ubna_data_07/recover-20260108/UBNA_024/20260103_062000.WAV,recover-20260108,UBNA_024,Carp Pond
HF,54720.0,12.959880836117232,215.8995,215.9048,46093.0,79927.0,Echolocation,Myotis alcathoe,0.255,0.415,-1,192000.0,/mnt/ubna_data_07/recover-20260108/UBNA_024/20260103_062000.WAV,recover-20260108,UBNA_024,Carp Pond
HF,50880.0,12.226644421221259,215.9705,215.9752,48671.0,75569.0,Echolocation,Pipistrellus pipistrellus,0.236,0.437,-1,192000.0,/mnt/ubna_data_07/recover-20260108/UBNA_024/20260103_062000.WAV,recover-20260108,UBNA_024,Carp Pond
HF,51840.0,16.187797446574336,216.0435,216.0477,47812.0,67487.0,Echolocation,Pipistrellus pipistrellus,0.251,0.318,-1,192000.0,/mnt/ubna_data_07/recover-20260108/UBNA_024/20260103_062000.WAV,recover-20260108,UBNA_024,Carp Pond
HF,50880.0,13.997526734338042,216.0935,216.098,48671.0,71207.0,Echolocation,Pipistrellus pipistrellus,0.405,0.502,-1,192000.0,/mnt/ubna_data_07/recover-20260108/UBNA_024/20260103_062000.WAV,recover-20260108,UBNA_024,Carp Pond
HF,50880.0,18.10272946177544,216.1525,216.1577,45234.0,80770.0,Echolocation,Pipistrellus pipistrellus,0.333,0.491,-1,192000.0,/mnt/ubna_data_07/recover-20260108/UBNA_024/20260103_062000.WAV,recover-20260108,UBNA_024,Carp Pond
HF,52800.0,21.3627938685644,216.2225,216.2283,43515.0,83245.0,Echolocation,Myotis alcathoe,0.261,0.444,-1,192000.0,/mnt/ubna_data_07/recover-20260108/UBNA_024/20260103_062000.WAV,recover-20260108,UBNA_024,Carp Pond
HF,51840.0,20.120541916428095,216.2925,216.2994,46953.0,75791.0,Echolocation,Pipistrellus pipistrellus,0.368,0.594,-1,192000.0,/mnt/ubna_data_07/recover-20260108/UBNA_024/20260103_062000.WAV,recover-20260108,UBNA_024,Carp Pond
HF,50880.0,19.610222146541524,216.3515,216.3571,46953.0,72268.0,Echolocation,Pipistrellus pipistrellus,0.498,0.595,-1,192000.0,/mnt/ubna_data_07/recover-20260108/UBNA_024/20260103_062000.WAV,recover-20260108,UBNA_024,Carp Pond
HF,47040.0,19.261281629170753,216.4105,216.416,42656.0,83157.0,Echolocation,Myotis alcathoe,0.287,0.429,-1,192000.0,/mnt/ubna_data_07/recover-20260108/UBNA_024/20260103_062000.WAV,recover-20260108,UBNA_024,Carp Pond
HF,48000.0,20.465920299888005,216.4845,216.4895,42656.0,77534.0,Echolocation,Myotis alcathoe,0.238,0.364,-1,192000.0,/mnt/ubna_data_07/recover-20260108/UBNA_024/20260103_062000.WAV,recover-20260108,UBNA_024,Carp Pond
HF,46080.0,14.439226078987799,216.5475,216.5525,43515.0,67989.0,Echolocation,Pipistrellus pipistrellus,0.332,0.494,-1,192000.0,/mnt/ubna_data_07/recover-20260108/UBNA_024/20260103_062000.WAV,recover-20260108,UBNA_024,Carp Pond
HF,48960.0,18.30380131077425,216.6065,216.6115,44375.0,65932.0,Echolocation,Pipistrellus pipistrellus,0.352,0.483,-1,192000.0,/mnt/ubna_data_07/recover-20260108/UBNA_024/20260103_062000.WAV,recover-20260108,UBNA_024,Carp Pond
HF,48960.0,19.0249050173275,216.6675,216.6722,41796.0,73265.0,Echolocation,Myotis alcathoe,0.236,0.377,-1,192000.0,/mnt/ubna_data_07/recover-20260108/UBNA_024/20260103_062000.WAV,recover-20260108,UBNA_024,Carp Pond
HF,48960.0,15.63656819306344,216.7205,216.7257,43515.0,73158.0,Echolocation,Myotis alcathoe,0.173,0.327,-1,192000.0,/mnt/ubna_data_07/recover-20260108/UBNA_024/20260103_062000.WAV,recover-20260108,UBNA_024,Carp Pond
HF,48000.0,16.833735722497668,216.7685,216.7728,41796.0,72188.0,Echolocation,Myotis alcathoe,0.199,0.321,-1,192000.0,/mnt/ubna_data_07/recover-20260108/UBNA_024/20260103_062000.WAV,recover-20260108,UBNA_024,Carp Pond
HF,51840.0,18.55257557720573,216.8385,216.844,45234.0,61164.0,Echolocation,Pipistrellus pipistrellus,0.425,0.53,-1,192000.0,/mnt/ubna_data_07/recover-20260108/UBNA_024/20260103_062000.WAV,recover-20260108,UBNA_024,Carp Pond
HF,48000.0,9.340061026914036,216.8945,216.8992,42656.0,60390.0,Echolocation,Pipistrellus pipistrellus,0.164,0.371,-1,192000.0,/mnt/ubna_data_07/recover-20260108/UBNA_024/20260103_062000.WAV,recover-20260108,UBNA_024,Carp Pond
HF,47040.0,10.6590143608881,216.9625,216.9676,43515.0,53287.0,Echolocation,Pipistrellus pipistrellus,0.342,0.379,-1,192000.0,/mnt/ubna_data_07/recover-20260108/UBNA_024/20260103_062000.WAV,recover-20260108,UBNA_024,Carp Pond
HF,47040.0,8.872900889672465,217.0255,217.0307,43515.0,54058.0,Echolocation,Pipistrellus pipistrellus,0.426,0.481,-1,192000.0,/mnt/ubna_data_07/recover-20260108/UBNA_024/20260103_062000.WAV,recover-20260108,UBNA_024,Carp Pond
HF,47040.0,16.9314483256046,217.1645,217.17079999999999,45234.0,61522.0,Echolocation,Pipistrellus pipistrellus,0.335,0.457,-1,192000.0,/mnt/ubna_data_07/recover-20260108/UBNA_024/20260103_062000.WAV,recover-20260108,UBNA_024,Carp Pond
HF,46080.0,5.959120371320079,217.2735,217.2806,45234.0,49967.0,Echolocation,Pipistrellus pipistrellus,0.318,0.357,-1,192000.0,/mnt/ubna_data_07/recover-20260108/UBNA_024/20260103_062000.WAV,recover-20260108,UBNA_024,Carp Pond
HF,47040.0,3.4509152167625903,217.4775,217.4839,46093.0,59993.0,Echolocation,Pipistrellus pipistrellus,0.189,0.307,-1,192000.0,/mnt/ubna_data_07/recover-20260108/UBNA_024/20260103_062000.WAV,recover-20260108,UBNA_024,Carp Pond
HF,48000.0,3.1996130065128074,218.1385,218.1438,44375.0,57823.0,Echolocation,Pipistrellus pipistrellus,0.311,0.387,-1,192000.0,/mnt/ubna_data_07/recover-20260108/UBNA_024/20260103_062000.WAV,recover-20260108,UBNA_024,Carp Pond
HF,48000.0,1.3952928415346477,220.7325,220.7381,46953.0,55386.0,Echolocation,Pipistrellus pipistrellus,0.293,0.305,-1,192000.0,/mnt/ubna_data_07/recover-20260108/UBNA_024/20260103_062000.WAV,recover-20260108,UBNA_024,Carp Pond
HF,51840.0,4.880452437041586,220.8525,220.859,43515.0,57981.0,Echolocation,Pipistrellus pipistrellus,0.295,0.459,-1,192000.0,/mnt/ubna_data_07/recover-20260108/UBNA_024/20260103_062000.WAV,recover-20260108,UBNA_024,Carp Pond
HF,51840.0,5.070596495518574,220.9125,220.9174,46953.0,55708.0,Echolocation,Pipistrellus pipistrellus,0.405,0.422,-1,192000.0,/mnt/ubna_data_07/recover-20260108/UBNA_024/20260103_062000.WAV,recover-20260108,UBNA_024,Carp Pond
HF,46080.0,4.5893228537591835,221.3985,221.40370000000001,45234.0,56344.0,Echolocation,Pipistrellus pipistrellus,0.507,0.527,-1,192000.0,/mnt/ubna_data_07/recover-20260108/UBNA_024/20260103_062000.WAV,recover-20260108,UBNA_024,Carp Pond
HF,48000.0,3.752395888947588,221.4615,221.4675,46953.0,57739.0,Echolocation,Pipistrellus pipistrellus,0.355,0.386,-1,192000.0,/mnt/ubna_data_07/recover-20260108/UBNA_024/20260103_062000.WAV,recover-20260108,UBNA_024,Carp Pond
HF,48960.0,3.488892557357208,221.5315,221.537,46953.0,59793.0,Echolocation,Pipistrellus pipistrellus,0.274,0.3,-1,192000.0,/mnt/ubna_data_07/recover-20260108/UBNA_024/20260103_062000.WAV,recover-20260108,UBNA_024,Carp Pond
HF,53760.0,7.036364026834803,221.6725,221.6776,45234.0,59581.0,Echolocation,Pipistrellus pipistrellus,0.511,0.573,-1,192000.0,/mnt/ubna_data_07/recover-20260108/UBNA_024/20260103_062000.WAV,recover-20260108,UBNA_024,Carp Pond
HF,48000.0,5.80312991054316,221.7375,221.7428,46953.0,59027.0,Echolocation,Pipistrellus pipistrellus,0.566,0.596,-1,192000.0,/mnt/ubna_data_07/recover-20260108/UBNA_024/20260103_062000.WAV,recover-20260108,UBNA_024,Carp Pond
HF,48960.0,5.650524656572503,221.7965,221.802,47812.0,59014.0,Echolocation,Pipistrellus pipistrellus,0.445,0.456,-1,192000.0,/mnt/ubna_data_07/recover-20260108/UBNA_024/20260103_062000.WAV,recover-20260108,UBNA_024,Carp Pond
HF,47040.0,3.018312000960978,221.8495,221.8554,46093.0,55949.0,Echolocation,Pipistrellus pipistrellus,0.349,0.362,-1,192000.0,/mnt/ubna_data_07/recover-20260108/UBNA_024/20260103_062000.WAV,recover-20260108,UBNA_024,Carp Pond
HF,48960.0,3.08967386647583,221.8945,221.9004,46953.0,55025.0,Echolocation,Pipistrellus pipistrellus,0.312,0.32,-1,192000.0,/mnt/ubna_data_07/recover-20260108/UBNA_024/20260103_062000.WAV,recover-20260108,UBNA_024,Carp Pond
HF,48000.0,3.0698060452020615,221.9345,221.9403,45234.0,56151.0,Echolocation,Pipistrellus pipistrellus,0.347,0.385,-1,192000.0,/mnt/ubna_data_07/recover-20260108/UBNA_024/20260103_062000.WAV,recover-20260108,UBNA_024,Carp Pond
HF,46080.0,1.9545690667658466,221.9675,221.9724,43515.0,54872.0,Echolocation,Pipistrellus pipistrellus,0.319,0.385,-1,192000.0,/mnt/ubna_data_07/recover-20260108/UBNA_024/20260103_062000.WAV,recover-20260108,UBNA_024,Carp Pond
HF,53760.0,5.8510326615756,222.0035,222.0074,50390.0,57419.0,Echolocation,Pipistrellus pipistrellus,0.432,0.473,-1,192000.0,/mnt/ubna_data_07/recover-20260108/UBNA_024/20260103_062000.WAV,recover-20260108,UBNA_024,Carp Pond
HF,48960.0,2.6183503012662794,222.08350000000002,222.0883,47812.0,58246.0,Echolocation,Pipistrellus pipistrellus,0.379,0.397,-1,192000.0,/mnt/ubna_data_07/recover-20260108/UBNA_024/20260103_062000.WAV,recover-20260108,UBNA_024,Carp Pond
HF,48000.0,7.212373360855833,222.1315,222.1361,47812.0,56910.0,Echolocation,Pipistrellus pipistrellus,0.497,0.518,-1,192000.0,/mnt/ubna_data_07/recover-20260108/UBNA_024/20260103_062000.WAV,recover-20260108,UBNA_024,Carp Pond
HF,50880.0,4.310985250363964,222.1745,222.1791,49531.0,58885.0,Echolocation,Pipistrellus pipistrellus,0.409,0.429,-1,192000.0,/mnt/ubna_data_07/recover-20260108/UBNA_024/20260103_062000.WAV,recover-20260108,UBNA_024,Carp Pond
HF,48960.0,5.861351454516198,222.2595,222.2639,46953.0,60592.0,Echolocation,Pipistrellus pipistrellus,0.577,0.603,-1,192000.0,/mnt/ubna_data_07/recover-20260108/UBNA_024/20260103_062000.WAV,recover-20260108,UBNA_024,Carp Pond
HF,50880.0,5.563509986539408,222.3515,222.3561,49531.0,58373.0,Echolocation,Pipistrellus pipistrellus,0.36,0.392,-1,192000.0,/mnt/ubna_data_07/recover-20260108/UBNA_024/20260103_062000.WAV,recover-20260108,UBNA_024,Carp Pond
HF,52800.0,4.560985501669695,222.4015,222.4058,48671.0,60935.0,Echolocation,Pipistrellus pipistrellus,0.446,0.477,-1,192000.0,/mnt/ubna_data_07/recover-20260108/UBNA_024/20260103_062000.WAV,recover-20260108,UBNA_024,Carp Pond
HF,46080.0,3.9659409972532473,249.9205,249.92680000000001,44375.0,50063.0,Echolocation,Pipistrellus pipistrellus,0.303,0.336,-1,192000.0,/mnt/ubna_data_07/recover-20260108/UBNA_024/20260103_062000.WAV,recover-20260108,UBNA_024,Carp Pond
HF,45120.0,4.214009736537082,250.3465,250.3526,44375.0,57855.0,Echolocation,Pipistrellus pipistrellus,0.372,0.445,-1,192000.0,/mnt/ubna_data_07/recover-20260108/UBNA_024/20260103_062000.WAV,recover-20260108,UBNA_024,Carp Pond
HF,52800.0,7.02962989222173,267.2235,267.2283,50390.0,60062.0,Echolocation,Pipistrellus pygmaeus,0.238,0.469,-1,192000.0,/mnt/ubna_data_07/recover-20260108/UBNA_024/20260103_062000.WAV,recover-20260108,UBNA_024,Carp Pond
HF,50880.0,4.8714896689706,267.4045,267.409,44375.0,60049.0,Echolocation,Pipistrellus pipistrellus,0.245,0.33,-1,192000.0,/mnt/ubna_data_07/recover-20260108/UBNA_024/20260103_062000.WAV,recover-20260108,UBNA_024,Carp Pond
HF,52800.0,6.035893647788399,267.6935,267.6994,47812.0,56202.0,Echolocation,Pipistrellus pipistrellus,0.278,0.384,-1,192000.0,/mnt/ubna_data_07/recover-20260108/UBNA_024/20260103_062000.WAV,recover-20260108,UBNA_024,Carp Pond
HF,46080.0,4.136740247950195,268.2195,268.2253,44375.0,56171.0,Echolocation,Pipistrellus pipistrellus,0.313,0.342,-1,192000.0,/mnt/ubna_data_07/recover-20260108/UBNA_024/20260103_062000.WAV,recover-20260108,UBNA_024,Carp Pond
HF,46080.0,4.326007389843039,268.3995,268.4054,44375.0,59889.0,Echolocation,Pipistrellus pipistrellus,0.24,0.408,-1,192000.0,/mnt/ubna_data_07/recover-20260108/UBNA_024/20260103_062000.WAV,recover-20260108,UBNA_024,Carp Pond
HF,50880.0,8.361317136447706,268.9715,268.9763,46953.0,57638.0,Echolocation,Pipistrellus pipistrellus,0.47,0.512,-1,192000.0,/mnt/ubna_data_07/recover-20260108/UBNA_024/20260103_062000.WAV,recover-20260108,UBNA_024,Carp Pond
HF,48960.0,3.8953925134085,269.0345,269.0394,47812.0,55878.0,Echolocation,Pipistrellus pipistrellus,0.479,0.491,-1,192000.0,/mnt/ubna_data_07/recover-20260108/UBNA_024/20260103_062000.WAV,recover-20260108,UBNA_024,Carp Pond
HF,52800.0,3.9010556033508474,270.2245,270.2285,49531.0,60461.0,Echolocation,Pipistrellus pipistrellus,0.311,0.349,-1,192000.0,/mnt/ubna_data_07/recover-20260108/UBNA_024/20260103_062000.WAV,recover-20260108,UBNA_024,Carp Pond
HF,51840.0,7.209083926446148,270.3365,270.3415,46953.0,58813.0,Echolocation,Pipistrellus pipistrellus,0.522,0.559,-1,192000.0,/mnt/ubna_data_07/recover-20260108/UBNA_024/20260103_062000.WAV,recover-20260108,UBNA_024,Carp Pond
HF,50880.0,6.575333714475779,270.4745,270.4789,47812.0,57956.0,Echolocation,Pipistrellus pipistrellus,0.471,0.506,-1,192000.0,/mnt/ubna_data_07/recover-20260108/UBNA_024/20260103_062000.WAV,recover-20260108,UBNA_024,Carp Pond
HF,47040.0,2.089286806183673,279.0815,279.0869,45234.0,57205.0,Echolocation,Pipistrellus pipistrellus,0.283,0.332,-1,192000.0,/mnt/ubna_data_07/recover-20260108/UBNA_024/20260103_062000.WAV,recover-20260108,UBNA_024,Carp Pond
HF,53760.0,1.6375563944630598,279.2165,279.2219,45234.0,60057.0,Echolocation,Pipistrellus pipistrellus,0.225,0.336,-1,192000.0,/mnt/ubna_data_07/recover-20260108/UBNA_024/20260103_062000.WAV,recover-20260108,UBNA_024,Carp Pond
HF,48000.0,2.4191524228295083,279.2805,279.2854,44375.0,57424.0,Echolocation,Pipistrellus pipistrellus,0.225,0.359,-1,192000.0,/mnt/ubna_data_07/recover-20260108/UBNA_024/20260103_062000.WAV,recover-20260108,UBNA_024,Carp Pond
HF,46080.0,4.160272945694395,279.4235,279.4288,44375.0,60267.0,Echolocation,Pipistrellus pipistrellus,0.235,0.384,-1,192000.0,/mnt/ubna_data_07/recover-20260108/UBNA_024/20260103_062000.WAV,recover-20260108,UBNA_024,Carp Pond
HF,46080.0,3.312363307681749,279.5525,279.5572,44375.0,56459.0,Echolocation,Pipistrellus pipistrellus,0.318,0.431,-1,192000.0,/mnt/ubna_data_07/recover-20260108/UBNA_024/20260103_062000.WAV,recover-20260108,UBNA_024,Carp Pond
HF,48000.0,1.8502153799175212,279.6725,279.6786,45234.0,58690.0,Echolocation,Pipistrellus pipistrellus,0.3,0.394,-1,192000.0,/mnt/ubna_data_07/recover-20260108/UBNA_024/20260103_062000.WAV,recover-20260108,UBNA_024,Carp Pond
HF,48000.0,2.943089733215285,279.7355,279.7407,46953.0,58045.0,Echolocation,Pipistrellus pipistrellus,0.29,0.318,-1,192000.0,/mnt/ubna_data_07/recover-20260108/UBNA_024/20260103_062000.WAV,recover-20260108,UBNA_024,Carp Pond
HF,51840.0,9.801463206088334,279.7985,279.803,46953.0,59086.0,Echolocation,Pipistrellus pipistrellus,0.43,0.478,-1,192000.0,/mnt/ubna_data_07/recover-20260108/UBNA_024/20260103_062000.WAV,recover-20260108,UBNA_024,Carp Pond
HF,53760.0,7.567865190445293,279.8545,279.8595,44375.0,60008.0,Echolocation,Pipistrellus pipistrellus,0.225,0.447,-1,192000.0,/mnt/ubna_data_07/recover-20260108/UBNA_024/20260103_062000.WAV,recover-20260108,UBNA_024,Carp Pond
HF,46080.0,6.809097701314193,279.9065,279.9114,45234.0,58543.0,Echolocation,Pipistrellus pipistrellus,0.378,0.446,-1,192000.0,/mnt/ubna_data_07/recover-20260108/UBNA_024/20260103_062000.WAV,recover-20260108,UBNA_024,Carp Pond
HF,50880.0,5.988545305858214,279.9625,279.968,44375.0,62012.0,Echolocation,Pipistrellus pipistrellus,0.287,0.485,-1,192000.0,/mnt/ubna_data_07/recover-20260108/UBNA_024/20260103_062000.WAV,recover-20260108,UBNA_024,Carp Pond
HF,48000.0,3.4631078734274174,280.0265,280.0322,44375.0,59847.0,Echolocation,Pipistrellus pipistrellus,0.183,0.323,-1,192000.0,/mnt/ubna_data_07/recover-20260108/UBNA_024/20260103_062000.WAV,recover-20260108,UBNA_024,Carp Pond
HF,48000.0,5.917658322594404,280.1835,280.189,46093.0,56987.0,Echolocation,Pipistrellus pipistrellus,0.287,0.316,-1,192000.0,/mnt/ubna_data_07/recover-20260108/UBNA_024/20260103_062000.WAV,recover-20260108,UBNA_024,Carp Pond
HF,46080.0,5.878901901365827,282.1915,282.1973,45234.0,55847.0,Echolocation,Pipistrellus pipistrellus,0.474,0.503,-1,192000.0,/mnt/ubna_data_07/recover-20260108/UBNA_024/20260103_062000.WAV,recover-20260108,UBNA_024,Carp Pond
HF,46080.0,5.923802868301827,282.2545,282.26030000000003,44375.0,55530.0,Echolocation,Pipistrellus pipistrellus,0.445,0.545,-1,192000.0,/mnt/ubna_data_07/recover-20260108/UBNA_024/20260103_062000.WAV,recover-20260108,UBNA_024,Carp Pond
HF,48000.0,1.6968811416676286,282.3295,282.337,46953.0,53418.0,Echolocation,Pipistrellus pipistrellus,0.31,0.322,-1,192000.0,/mnt/ubna_data_07/recover-20260108/UBNA_024/20260103_062000.WAV,recover-20260108,UBNA_024,Carp Pond
HF,46080.0,4.093008832262836,282.4925,282.4979,43515.0,55684.0,Echolocation,Pipistrellus pipistrellus,0.333,0.387,-1,192000.0,/mnt/ubna_data_07/recover-20260108/UBNA_024/20260103_062000.WAV,recover-20260108,UBNA_024,Carp Pond
HF,48000.0,3.517943909182791,282.5795,282.586,46953.0,54260.0,Echolocation,Pipistrellus pipistrellus,0.41,0.436,-1,192000.0,/mnt/ubna_data_07/recover-20260108/UBNA_024/20260103_062000.WAV,recover-20260108,UBNA_024,Carp Pond
HF,48000.0,4.279754355667266,282.6585,282.6644,43515.0,57138.0,Echolocation,Pipistrellus pipistrellus,0.319,0.508,-1,192000.0,/mnt/ubna_data_07/recover-20260108/UBNA_024/20260103_062000.WAV,recover-20260108,UBNA_024,Carp Pond
HF,46080.0,5.077905482419972,282.7225,282.7282,44375.0,53469.0,Echolocation,Pipistrellus pipistrellus,0.433,0.469,-1,192000.0,/mnt/ubna_data_07/recover-20260108/UBNA_024/20260103_062000.WAV,recover-20260108,UBNA_024,Carp Pond
HF,47040.0,4.641545743665322,282.7895,282.7948,45234.0,54440.0,Echolocation,Pipistrellus pipistrellus,0.422,0.448,-1,192000.0,/mnt/ubna_data_07/recover-20260108/UBNA_024/20260103_062000.WAV,recover-20260108,UBNA_024,Carp Pond
HF,46080.0,6.284933855644859,282.8645,282.8705,44375.0,54655.0,Echolocation,Pipistrellus pipistrellus,0.411,0.469,-1,192000.0,/mnt/ubna_data_07/recover-20260108/UBNA_024/20260103_062000.WAV,recover-20260108,UBNA_024,Carp Pond
HF,48000.0,5.225023859740966,282.9505,282.9568,46953.0,55948.0,Echolocation,Pipistrellus pipistrellus,0.394,0.413,-1,192000.0,/mnt/ubna_data_07/recover-20260108/UBNA_024/20260103_062000.WAV,recover-20260108,UBNA_024,Carp Pond
HF,47040.0,5.7557529326785914,283.0125,283.0184,46093.0,56232.0,Echolocation,Pipistrellus pipistrellus,0.45,0.468,-1,192000.0,/mnt/ubna_data_07/recover-20260108/UBNA_024/20260103_062000.WAV,recover-20260108,UBNA_024,Carp Pond
HF,48000.0,3.239962713550262,283.0735,283.0799,44375.0,54459.0,Echolocation,Pipistrellus pipistrellus,0.357,0.441,-1,192000.0,/mnt/ubna_data_07/recover-20260108/UBNA_024/20260103_062000.WAV,recover-20260108,UBNA_024,Carp Pond
HF,48000.0,5.468075834762459,283.1455,283.1519,46953.0,56307.0,Echolocation,Pipistrellus pipistrellus,0.428,0.457,-1,192000.0,/mnt/ubna_data_07/recover-20260108/UBNA_024/20260103_062000.WAV,recover-20260108,UBNA_024,Carp Pond
HF,48000.0,2.4726164728386264,283.2645,283.2704,44375.0,57403.0,Echolocation,Pipistrellus pipistrellus,0.208,0.346,-1,192000.0,/mnt/ubna_data_07/recover-20260108/UBNA_024/20260103_062000.WAV,recover-20260108,UBNA_024,Carp Pond
HF,48000.0,5.987369627178312,283.3465,283.3522,46953.0,54702.0,Echolocation,Pipistrellus pipistrellus,0.452,0.47,-1,192000.0,/mnt/ubna_data_07/recover-20260108/UBNA_024/20260103_062000.WAV,recover-20260108,UBNA_024,Carp Pond
HF,46080.0,4.35892325166874,283.6715,283.6774,44375.0,57136.0,Echolocation,Pipistrellus pipistrellus,0.288,0.463,-1,192000.0,/mnt/ubna_data_07/recover-20260108/UBNA_024/20260103_062000.WAV,recover-20260108,UBNA_024,Carp Pond
HF,45120.0,2.0380112848586416,283.7465,283.7537,43515.0,56314.0,Echolocation,Pipistrellus pipistrellus,0.218,0.324,-1,192000.0,/mnt/ubna_data_07/recover-20260108/UBNA_024/20260103_062000.WAV,recover-20260108,UBNA_024,Carp Pond
HF,46080.0,5.964172657598645,283.8935,283.9001,44375.0,57249.0,Echolocation,Pipistrellus pipistrellus,0.301,0.547,-1,192000.0,/mnt/ubna_data_07/recover-20260108/UBNA_024/20260103_062000.WAV,recover-20260108,UBNA_024,Carp Pond
HF,46080.0,6.115646422103241,283.9715,283.9775,42656.0,60614.0,Echolocation,Pipistrellus pipistrellus,0.254,0.556,-1,192000.0,/mnt/ubna_data_07/recover-20260108/UBNA_024/20260103_062000.WAV,recover-20260108,UBNA_024,Carp Pond
HF,46080.0,3.4440927032320334,284.0365,284.0448,46093.0,59757.0,Echolocation,Pipistrellus pipistrellus,0.39,0.448,-1,192000.0,/mnt/ubna_data_07/recover-20260108/UBNA_024/20260103_062000.WAV,recover-20260108,UBNA_024,Carp Pond
HF,46080.0,4.72768613097681,284.1105,284.1174,44375.0,59682.0,Echolocation,Pipistrellus pipistrellus,0.364,0.611,-1,192000.0,/mnt/ubna_data_07/recover-20260108/UBNA_024/20260103_062000.WAV,recover-20260108,UBNA_024,Carp Pond
HF,52800.0,4.038819168320894,284.2025,284.209,45234.0,58693.0,Echolocation,Pipistrellus pipistrellus,0.317,0.376,-1,192000.0,/mnt/ubna_data_07/recover-20260108/UBNA_024/20260103_062000.WAV,recover-20260108,UBNA_024,Carp Pond
HF,46080.0,7.1968283006669616,284.2845,284.2903,45234.0,58591.0,Echolocation,Pipistrellus pipistrellus,0.47,0.523,-1,192000.0,/mnt/ubna_data_07/recover-20260108/UBNA_024/20260103_062000.WAV,recover-20260108,UBNA_024,Carp Pond
HF,46080.0,1.6656812077790704,284.3745,284.3818,45234.0,56917.0,Echolocation,Pipistrellus pipistrellus,0.366,0.407,-1,192000.0,/mnt/ubna_data_07/recover-20260108/UBNA_024/20260103_062000.WAV,recover-20260108,UBNA_024,Carp Pond
HF,47040.0,3.5975078745433233,284.6745,284.6812,46953.0,53412.0,Echolocation,Pipistrellus pipistrellus,0.322,0.329,-1,192000.0,/mnt/ubna_data_07/recover-20260108/UBNA_024/20260103_062000.WAV,recover-20260108,UBNA_024,Carp Pond
HF,48960.0,2.8061904250944663,284.9655,284.9712,47812.0,54375.0,Echolocation,Pipistrellus pipistrellus,0.345,0.361,-1,192000.0,/mnt/ubna_data_07/recover-20260108/UBNA_024/20260103_062000.WAV,recover-20260108,UBNA_024,Carp Pond
HF,51840.0,4.803043837704763,285.2695,285.2749,47812.0,55904.0,Echolocation,Pipistrellus pipistrellus,0.417,0.429,-1,192000.0,/mnt/ubna_data_07/recover-20260108/UBNA_024/20260103_062000.WAV,recover-20260108,UBNA_024,Carp Pond
HF,51840.0,5.502776507201056,285.4665,285.4725,44375.0,59404.0,Echolocation,Pipistrellus pipistrellus,0.256,0.319,-1,192000.0,/mnt/ubna_data_07/recover-20260108/UBNA_024/20260103_062000.WAV,recover-20260108,UBNA_024,Carp Pond
HF,48000.0,2.929619046970645,285.5375,285.5436,46953.0,56265.0,Echolocation,Pipistrellus pipistrellus,0.39,0.419,-1,192000.0,/mnt/ubna_data_07/recover-20260108/UBNA_024/20260103_062000.WAV,recover-20260108,UBNA_024,Carp Pond
HF,48000.0,4.343469963299346,285.6205,285.628,46953.0,57054.0,Echolocation,Pipistrellus pipistrellus,0.465,0.503,-1,192000.0,/mnt/ubna_data_07/recover-20260108/UBNA_024/20260103_062000.WAV,recover-20260108,UBNA_024,Carp Pond
HF,48000.0,5.239486248215343,285.6965,285.7035,46953.0,57642.0,Echolocation,Pipistrellus pipistrellus,0.421,0.449,-1,192000.0,/mnt/ubna_data_07/recover-20260108/UBNA_024/20260103_062000.WAV,recover-20260108,UBNA_024,Carp Pond
HF,48960.0,4.041701302972204,285.8175,285.8256,47812.0,56618.0,Echolocation,Pipistrellus pipistrellus,0.422,0.444,-1,192000.0,/mnt/ubna_data_07/recover-20260108/UBNA_024/20260103_062000.WAV,recover-20260108,UBNA_024,Carp Pond
HF,48960.0,6.676153412608881,285.9015,285.9079,47812.0,56935.0,Echolocation,Pipistrellus pipistrellus,0.386,0.401,-1,192000.0,/mnt/ubna_data_07/recover-20260108/UBNA_024/20260103_062000.WAV,recover-20260108,UBNA_024,Carp Pond
HF,47040.0,4.706919346869195,285.9765,285.9837,46953.0,59378.0,Echolocation,Pipistrellus pipistrellus,0.389,0.418,-1,192000.0,/mnt/ubna_data_07/recover-20260108/UBNA_024/20260103_062000.WAV,recover-20260108,UBNA_024,Carp Pond
HF,47040.0,5.991656678323158,286.0415,286.0462,46093.0,57933.0,Echolocation,Pipistrellus pipistrellus,0.41,0.436,-1,192000.0,/mnt/ubna_data_07/recover-20260108/UBNA_024/20260103_062000.WAV,recover-20260108,UBNA_024,Carp Pond
HF,48960.0,4.840661446471952,286.1075,286.1131,47812.0,57151.0,Echolocation,Pipistrellus pipistrellus,0.469,0.499,-1,192000.0,/mnt/ubna_data_07/recover-20260108/UBNA_024/20260103_062000.WAV,recover-20260108,UBNA_024,Carp Pond
HF,48960.0,4.334416840262547,286.1845,286.1913,47812.0,58145.0,Echolocation,Pipistrellus pipistrellus,0.481,0.569,-1,192000.0,/mnt/ubna_data_07/recover-20260108/UBNA_024/20260103_062000.WAV,recover-20260108,UBNA_024,Carp Pond
LF,23040.0,0.8810220681682019,138.05349999999999,138.0654,23750.0,27971.0,Echolocation,Nyctalus leisleri,0.151,0.332,-1,192000.0,/mnt/ubna_data_07/recover-20260108/UBNA_024/20260103_065000.WAV,recover-20260108,UBNA_024,Carp Pond
LF,29760.0,0.10412909722548064,170.9505,170.9615,29765.0,34852.0,Echolocation,Eptesicus serotinus,0.147,0.322,-1,192000.0,/mnt/ubna_data_07/recover-20260108/UBNA_024/20260103_071000.WAV,recover-20260108,UBNA_024,Carp Pond
HF,52800.0,6.505110537725867,221.6135,221.6191,49531.0,59932.0,Echolocation,Pipistrellus pipistrellus,0.171,0.307,-1,192000.0,/mnt/ubna_data_07/recover-20260108/UBNA_024/20260103_092000.WAV,recover-20260108,UBNA_024,Carp Pond
HF,52800.0,10.393770371847442,221.7345,221.7409,52109.0,58920.0,Echolocation,Pipistrellus pygmaeus,0.404,0.472,-1,192000.0,/mnt/ubna_data_07/recover-20260108/UBNA_024/20260103_092000.WAV,recover-20260108,UBNA_024,Carp Pond
HF,52800.0,6.796486847387323,221.8935,221.8993,51250.0,60474.0,Echolocation,Pipistrellus pygmaeus,0.258,0.309,-1,192000.0,/mnt/ubna_data_07/recover-20260108/UBNA_024/20260103_092000.WAV,recover-20260108,UBNA_024,Carp Pond
HF,48000.0,6.4364964136070215,223.3775,223.3831,46093.0,53551.0,Echolocation,Pipistrellus pipistrellus,0.388,0.455,-1,192000.0,/mnt/ubna_data_07/recover-20260108/UBNA_024/20260103_092000.WAV,recover-20260108,UBNA_024,Carp Pond
HF,52800.0,7.951739638697336,248.1685,248.1732,44375.0,63278.0,Echolocation,Myotis alcathoe,0.12,0.323,-1,192000.0,/mnt/ubna_data_07/recover-20260108/UBNA_024/20260103_092000.WAV,recover-20260108,UBNA_024,Carp Pond
HF,52800.0,5.875116867739248,248.4275,248.4312,43515.0,62943.0,Echolocation,Myotis mystacinus,0.122,0.312,-1,192000.0,/mnt/ubna_data_07/recover-20260108/UBNA_024/20260103_092000.WAV,recover-20260108,UBNA_024,Carp Pond
HF,51840.0,8.876023385798465,268.9855,268.9901,50390.0,57686.0,Echolocation,Pipistrellus pipistrellus,0.253,0.318,-1,192000.0,/mnt/ubna_data_07/recover-20260108/UBNA_024/20260103_092000.WAV,recover-20260108,UBNA_024,Carp Pond
HF,52800.0,9.432619366327259,269.0485,269.0527,49531.0,57291.0,Echolocation,Pipistrellus pipistrellus,0.288,0.372,-1,192000.0,/mnt/ubna_data_07/recover-20260108/UBNA_024/20260103_092000.WAV,recover-20260108,UBNA_024,Carp Pond
HF,52800.0,4.309134424278533,269.1945,269.2002,51250.0,56186.0,Echolocation,Pipistrellus pipistrellus,0.223,0.303,-1,192000.0,/mnt/ubna_data_07/recover-20260108/UBNA_024/20260103_092000.WAV,recover-20260108,UBNA_024,Carp Pond
HF,54720.0,4.761178786296506,269.2505,269.2542,50390.0,58659.0,Echolocation,Pipistrellus pipistrellus,0.28,0.339,-1,192000.0,/mnt/ubna_data_07/recover-20260108/UBNA_024/20260103_092000.WAV,recover-20260108,UBNA_024,Carp Pond
HF,51840.0,7.706647958579365,269.3045,269.309,50390.0,61823.0,Echolocation,Pipistrellus pipistrellus,0.315,0.411,-1,192000.0,/mnt/ubna_data_07/recover-20260108/UBNA_024/20260103_092000.WAV,recover-20260108,UBNA_024,Carp Pond
HF,51840.0,6.695676734154198,270.1215,270.1267,50390.0,57328.0,Echolocation,Pipistrellus pipistrellus,0.29,0.413,-1,192000.0,/mnt/ubna_data_07/recover-20260108/UBNA_024/20260103_092000.WAV,recover-20260108,UBNA_024,Carp Pond
HF,52800.0,3.4336449586761586,270.2085,270.2149,52109.0,57779.0,Echolocation,Pipistrellus pipistrellus,0.215,0.345,-1,192000.0,/mnt/ubna_data_07/recover-20260108/UBNA_024/20260103_092000.WAV,recover-20260108,UBNA_024,Carp Pond
HF,53760.0,5.766193063394935,270.6415,270.648,51250.0,59414.0,Echolocation,Pipistrellus pipistrellus,0.166,0.36,-1,192000.0,/mnt/ubna_data_07/recover-20260108/UBNA_024/20260103_092000.WAV,recover-20260108,UBNA_024,Carp Pond
HF,52800.0,4.847628624698608,63.6955,63.7011,51250.0,57910.0,Echolocation,Pipistrellus pipistrellus,0.238,0.436,-1,192000.0,/mnt/ubna_data_07/recover-20260108/UBNA_024/20260103_093000.WAV,recover-20260108,UBNA_024,Carp Pond
LF,20160.0,9.124669252527582,171.6055,171.6252,20312.0,22289.0,Echolocation,Nyctalus leisleri,0.288,0.318,-1,192000.0,/mnt/ubna_data_07/recover-20260108/UBNA_024/20260103_113000.WAV,recover-20260108,UBNA_024,Carp Pond
LF,21120.0,3.0567383347969352,60.3005,60.3053,16875.0,30499.0,Echolocation,Plecotus auritus,0.243,0.319,-1,192000.0,/mnt/ubna_data_07/recover-20260108/UBNA_024/20260103_120000.WAV,recover-20260108,UBNA_024,Carp Pond
LF,21120.0,3.1811488375071315,178.2285,178.2338,14296.0,30240.0,Echolocation,Plecotus auritus,0.289,0.338,-1,192000.0,/mnt/ubna_data_07/recover-20260108/UBNA_024/20260103_120000.WAV,recover-20260108,UBNA_024,Carp Pond
LF,22080.0,-0.19668232285483392,44.6325,44.6474,22031.0,27725.0,Echolocation,Nyctalus noctula,0.175,0.352,-1,192000.0,/mnt/ubna_data_07/recover-20260108/UBNA_024/20260103_141000.WAV,recover-20260108,UBNA_024,Carp Pond
LF,26880.0,5.1429146125890615,232.42849999999999,232.4335,23750.0,37838.0,Echolocation,Plecotus austriacus,0.243,0.32,-1,192000.0,/mnt/ubna_data_07/recover-20260108/UBNA_024/20260103_142000.WAV,recover-20260108,UBNA_024,Carp Pond
LF,21120.0,1.0062700032774048,69.3055,69.3115,21171.0,30835.0,Echolocation,Plecotus austriacus,0.178,0.32,-1,192000.0,/mnt/ubna_data_07/recover-20260108/UBNA_024/20260103_143000.WAV,recover-20260108,UBNA_024,Carp Pond
LF,22080.0,1.6565314724634803,282.8015,282.8057,16015.0,33613.0,Echolocation,Plecotus auritus,0.284,0.354,-1,192000.0,/mnt/ubna_data_07/recover-20260108/UBNA_024/20260103_165000.WAV,recover-20260108,UBNA_024,Carp Pond
LF,16320.0,16.577540468590286,100.4855,100.504,16015.0,19764.0,Echolocation,Nyctalus noctula,0.244,0.362,-1,192000.0,/mnt/ubna_data_07/recover-20260108/UBNA_024/20260103_191000.WAV,recover-20260108,UBNA_024,Carp Pond
LF,16320.0,16.137026933678,100.6745,100.6937,16015.0,19817.0,Echolocation,Nyctalus noctula,0.28,0.384,-1,192000.0,/mnt/ubna_data_07/recover-20260108/UBNA_024/20260103_191000.WAV,recover-20260108,UBNA_024,Carp Pond
LF,22080.0,15.463476115104982,103.2485,103.2763,20312.0,23786.0,Echolocation,Nyctalus leisleri,0.289,0.316,-1,192000.0,/mnt/ubna_data_07/recover-20260108/UBNA_024/20260103_191000.WAV,recover-20260108,UBNA_024,Carp Pond
LF,16320.0,12.063870137979443,103.8985,103.9192,16015.0,19567.0,Echolocation,Nyctalus noctula,0.275,0.38,-1,192000.0,/mnt/ubna_data_07/recover-20260108/UBNA_024/20260103_191000.WAV,recover-20260108,UBNA_024,Carp Pond
LF,17280.0,4.098485939537352,105.60849999999999,105.6262,15156.0,20515.0,Echolocation,Nyctalus leisleri,0.287,0.483,-1,192000.0,/mnt/ubna_data_07/recover-20260108/UBNA_024/20260103_191000.WAV,recover-20260108,UBNA_024,Carp Pond
LF,21120.0,8.76191638773674,111.2205,111.2466,20312.0,23701.0,Echolocation,Nyctalus leisleri,0.28,0.326,-1,192000.0,/mnt/ubna_data_07/recover-20260108/UBNA_024/20260103_191000.WAV,recover-20260108,UBNA_024,Carp Pond
LF,24000.0,0.1911497272114605,185.5315,185.5456,23750.0,28261.0,Echolocation,Nyctalus leisleri,0.134,0.302,-1,192000.0,/mnt/ubna_data_07/recover-20260108/UBNA_024/20260103_214000.WAV,recover-20260108,UBNA_024,Carp Pond
LF,26880.0,0.8139021959793712,263.6135,263.6234,26328.0,33046.0,Echolocation,Eptesicus serotinus,0.143,0.307,-1,192000.0,/mnt/ubna_data_07/recover-20260108/UBNA_024/20260103_222000.WAV,recover-20260108,UBNA_024,Carp Pond
LF,24960.0,3.7281350025139437,143.1915,143.2057,23750.0,27800.0,Echolocation,Nyctalus leisleri,0.32,0.43,-1,192000.0,/mnt/ubna_data_07/recover-20260108/UBNA_024/20260103_224000.WAV,recover-20260108,UBNA_024,Carp Pond
LF,22080.0,0.7202772744999533,101.1485,101.1659,22890.0,27745.0,Echolocation,Nyctalus noctula,0.168,0.309,-1,192000.0,/mnt/ubna_data_07/recover-20260108/UBNA_024/20260103_234000.WAV,recover-20260108,UBNA_024,Carp Pond
LF,26880.0,-0.03833488986901872,17.9595,17.9683,25468.0,32602.0,Echolocation,Eptesicus serotinus,0.136,0.306,-1,192000.0,/mnt/ubna_data_07/recover-20260108/UBNA_024/20260104_003000.WAV,recover-20260108,UBNA_024,Carp Pond
LF,22080.0,2.9838901807026503,179.7855,179.79500000000002,20312.0,28144.0,Echolocation,Nyctalus noctula,0.116,0.329,-1,192000.0,/mnt/ubna_data_07/recover-20260108/UBNA_024/20260104_004000.WAV,recover-20260108,UBNA_024,Carp Pond
LF,23040.0,2.009390111159768,101.0915,101.097,22890.0,33943.0,Echolocation,Plecotus auritus,0.214,0.381,-1,192000.0,/mnt/ubna_data_07/recover-20260108/UBNA_024/20260104_015000.WAV,recover-20260108,UBNA_024,Carp Pond
LF,22080.0,2.76707197449431,126.2145,126.2185,19453.0,35961.0,Echolocation,Plecotus austriacus,0.205,0.319,-1,192000.0,/mnt/ubna_data_07/recover-20260108/UBNA_024/20260104_020000.WAV,recover-20260108,UBNA_024,Carp Pond
LF,28800.0,2.2125035521011913,159.5865,159.5952,28046.0,34016.0,Echolocation,Eptesicus serotinus,0.262,0.416,-1,192000.0,/mnt/ubna_data_07/recover-20260108/UBNA_024/20260104_020000.WAV,recover-20260108,UBNA_024,Carp Pond
HF,47040.0,5.922431289115869,261.5015,261.506,45234.0,59652.0,Echolocation,Pipistrellus pipistrellus,0.386,0.494,-1,192000.0,/mnt/ubna_data_07/recover-20260108/UBNA_024/20260104_032000.WAV,recover-20260108,UBNA_024,Carp Pond
HF,51840.0,6.028127344119655,0.6525,0.657,49531.0,58024.0,Echolocation,Pipistrellus pipistrellus,0.45,0.508,-1,192000.0,/mnt/ubna_data_07/recover-20260108/UBNA_024/20260104_033000.WAV,recover-20260108,UBNA_024,Carp Pond
HF,51840.0,5.4187033924979175,0.8165,0.8214,47812.0,60599.0,Echolocation,Pipistrellus pipistrellus,0.464,0.544,-1,192000.0,/mnt/ubna_data_07/recover-20260108/UBNA_024/20260104_033000.WAV,recover-20260108,UBNA_024,Carp Pond
HF,51840.0,6.110468553214323,0.8955,0.9006,50390.0,62663.0,Echolocation,Pipistrellus pipistrellus,0.382,0.452,-1,192000.0,/mnt/ubna_data_07/recover-20260108/UBNA_024/20260104_033000.WAV,recover-20260108,UBNA_024,Carp Pond
HF,51840.0,4.909157874660163,1.0615,1.0666,51250.0,60780.0,Echolocation,Pipistrellus pipistrellus,0.432,0.521,-1,192000.0,/mnt/ubna_data_07/recover-20260108/UBNA_024/20260104_033000.WAV,recover-20260108,UBNA_024,Carp Pond
HF,51840.0,4.165734913310909,1.3105,1.3151,48671.0,60231.0,Echolocation,Pipistrellus pipistrellus,0.298,0.329,-1,192000.0,/mnt/ubna_data_07/recover-20260108/UBNA_024/20260104_033000.WAV,recover-20260108,UBNA_024,Carp Pond
HF,52800.0,7.575337613227823,1.5485,1.5533,48671.0,61931.0,Echolocation,Pipistrellus pipistrellus,0.448,0.547,-1,192000.0,/mnt/ubna_data_07/recover-20260108/UBNA_024/20260104_033000.WAV,recover-20260108,UBNA_024,Carp Pond
HF,50880.0,5.922508982823525,1.6385,1.644,49531.0,58195.0,Echolocation,Pipistrellus pipistrellus,0.328,0.395,-1,192000.0,/mnt/ubna_data_07/recover-20260108/UBNA_024/20260104_033000.WAV,recover-20260108,UBNA_024,Carp Pond
HF,51840.0,5.510296031822381,1.7655,1.7723,50390.0,59438.0,Echolocation,Pipistrellus pipistrellus,0.39,0.526,-1,192000.0,/mnt/ubna_data_07/recover-20260108/UBNA_024/20260104_033000.WAV,recover-20260108,UBNA_024,Carp Pond
HF,50880.0,7.5857740725173795,1.8595,1.8647,46953.0,62544.0,Echolocation,Pipistrellus pipistrellus,0.436,0.533,-1,192000.0,/mnt/ubna_data_07/recover-20260108/UBNA_024/20260104_033000.WAV,recover-20260108,UBNA_024,Carp Pond
HF,51840.0,3.9770622617634563,1.9445,1.95,48671.0,61483.0,Echolocation,Pipistrellus pipistrellus,0.369,0.444,-1,192000.0,/mnt/ubna_data_07/recover-20260108/UBNA_024/20260104_033000.WAV,recover-20260108,UBNA_024,Carp Pond
HF,48000.0,6.373177469555617,2.0325,2.0369,46093.0,58300.0,Echolocation,Pipistrellus pipistrellus,0.322,0.37,-1,192000.0,/mnt/ubna_data_07/recover-20260108/UBNA_024/20260104_033000.WAV,recover-20260108,UBNA_024,Carp Pond
HF,48960.0,2.176693648248707,4.7825,4.7862,46953.0,55669.0,Echolocation,Pipistrellus pipistrellus,0.309,0.327,-1,192000.0,/mnt/ubna_data_07/recover-20260108/UBNA_024/20260104_034000.WAV,recover-20260108,UBNA_024,Carp Pond
HF,52800.0,3.7891126170034455,5.7745,5.7779,47812.0,57185.0,Echolocation,Pipistrellus pipistrellus,0.278,0.306,-1,192000.0,/mnt/ubna_data_07/recover-20260108/UBNA_024/20260104_034000.WAV,recover-20260108,UBNA_024,Carp Pond
HF,55680.0,5.034274920423228,6.2075,6.2118,48671.0,60858.0,Echolocation,Pipistrellus pipistrellus,0.241,0.324,-1,192000.0,/mnt/ubna_data_07/recover-20260108/UBNA_024/20260104_034000.WAV,recover-20260108,UBNA_024,Carp Pond
HF,51840.0,2.384240011928235,7.6775,7.6836,50390.0,57910.0,Echolocation,Pipistrellus pipistrellus,0.211,0.311,-1,192000.0,/mnt/ubna_data_07/recover-20260108/UBNA_024/20260104_034000.WAV,recover-20260108,UBNA_024,Carp Pond
HF,50880.0,3.5078238050113186,50.2325,50.2363,46093.0,56166.0,Echolocation,Pipistrellus pipistrellus,0.356,0.422,-1,192000.0,/mnt/ubna_data_07/recover-20260108/UBNA_024/20260104_034000.WAV,recover-20260108,UBNA_024,Carp Pond
HF,51840.0,4.491037445700096,50.305499999999995,50.309799999999996,52109.0,59205.0,Echolocation,Pipistrellus pygmaeus,0.371,0.408,-1,192000.0,/mnt/ubna_data_07/recover-20260108/UBNA_024/20260104_034000.WAV,recover-20260108,UBNA_024,Carp Pond
HF,52800.0,9.007510962170421,50.3855,50.3896,51250.0,59669.0,Echolocation,Pipistrellus pygmaeus,0.363,0.384,-1,192000.0,/mnt/ubna_data_07/recover-20260108/UBNA_024/20260104_034000.WAV,recover-20260108,UBNA_024,Carp Pond
HF,48000.0,6.373130018294174,50.463499999999996,50.4678,46093.0,59432.0,Echolocation,Pipistrellus pipistrellus,0.283,0.365,-1,192000.0,/mnt/ubna_data_07/recover-20260108/UBNA_024/20260104_034000.WAV,recover-20260108,UBNA_024,Carp Pond
HF,46080.0,2.6280144881204537,50.5535,50.5571,46953.0,56097.0,Echolocation,Pipistrellus pipistrellus,0.283,0.307,-1,192000.0,/mnt/ubna_data_07/recover-20260108/UBNA_024/20260104_034000.WAV,recover-20260108,UBNA_024,Carp Pond
HF,52800.0,7.022871931489586,50.7125,50.716899999999995,52109.0,59887.0,Echolocation,Pipistrellus pygmaeus,0.482,0.495,-1,192000.0,/mnt/ubna_data_07/recover-20260108/UBNA_024/20260104_034000.WAV,recover-20260108,UBNA_024,Carp Pond
HF,53760.0,3.502139785261473,50.799499999999995,50.805800000000005,53828.0,59009.0,Echolocation,Pipistrellus pygmaeus,0.366,0.375,-1,192000.0,/mnt/ubna_data_07/recover-20260108/UBNA_024/20260104_034000.WAV,recover-20260108,UBNA_024,Carp Pond
HF,53760.0,4.877418549590481,50.9035,50.909,52109.0,60202.0,Echolocation,Pipistrellus pygmaeus,0.296,0.356,-1,192000.0,/mnt/ubna_data_07/recover-20260108/UBNA_024/20260104_034000.WAV,recover-20260108,UBNA_024,Carp Pond
HF,54720.0,5.3713950131424415,51.0465,51.049099999999996,50390.0,57435.0,Echolocation,Pipistrellus pipistrellus,0.253,0.313,-1,192000.0,/mnt/ubna_data_07/recover-20260108/UBNA_024/20260104_034000.WAV,recover-20260108,UBNA_024,Carp Pond
HF,53760.0,4.756126517102434,51.1035,51.1074,46953.0,58861.0,Echolocation,Pipistrellus pipistrellus,0.272,0.346,-1,192000.0,/mnt/ubna_data_07/recover-20260108/UBNA_024/20260104_034000.WAV,recover-20260108,UBNA_024,Carp Pond
HF,54720.0,8.957820359675452,51.1595,51.1619,48671.0,59473.0,Echolocation,Pipistrellus pipistrellus,0.299,0.364,-1,192000.0,/mnt/ubna_data_07/recover-20260108/UBNA_024/20260104_034000.WAV,recover-20260108,UBNA_024,Carp Pond
HF,56640.0,3.355646379297745,51.3555,51.3596,46953.0,61085.0,Echolocation,Pipistrellus pipistrellus,0.138,0.306,-1,192000.0,/mnt/ubna_data_07/recover-20260108/UBNA_024/20260104_034000.WAV,recover-20260108,UBNA_024,Carp Pond
HF,54720.0,10.126331843659926,51.5275,51.531099999999995,47812.0,58331.0,Echolocation,Pipistrellus pipistrellus,0.24,0.352,-1,192000.0,/mnt/ubna_data_07/recover-20260108/UBNA_024/20260104_034000.WAV,recover-20260108,UBNA_024,Carp Pond
HF,53760.0,8.197645599839253,51.670500000000004,51.674,47812.0,58904.0,Echolocation,Pipistrellus pipistrellus,0.247,0.318,-1,192000.0,/mnt/ubna_data_07/recover-20260108/UBNA_024/20260104_034000.WAV,recover-20260108,UBNA_024,Carp Pond
HF,57600.0,10.624738298874902,51.7365,51.7416,55546.0,64727.0,Echolocation,Pipistrellus pygmaeus,0.314,0.321,-1,192000.0,/mnt/ubna_data_07/recover-20260108/UBNA_024/20260104_034000.WAV,recover-20260108,UBNA_024,Carp Pond
HF,56640.0,9.942738665600551,51.7375,51.741,46953.0,60116.0,Echolocation,Pipistrellus pipistrellus,0.334,0.42,-1,192000.0,/mnt/ubna_data_07/recover-20260108/UBNA_024/20260104_034000.WAV,recover-20260108,UBNA_024,Carp Pond
HF,52800.0,5.942512419158632,51.807500000000005,51.8114,52968.0,61112.0,Echolocation,Pipistrellus pygmaeus,0.304,0.33,-1,192000.0,/mnt/ubna_data_07/recover-20260108/UBNA_024/20260104_034000.WAV,recover-20260108,UBNA_024,Carp Pond
HF,48960.0,5.027227440158014,51.8845,51.8896,47812.0,59139.0,Echolocation,Pipistrellus pipistrellus,0.392,0.5,-1,192000.0,/mnt/ubna_data_07/recover-20260108/UBNA_024/20260104_034000.WAV,recover-20260108,UBNA_024,Carp Pond
HF,48000.0,2.4606154210706315,69.1705,69.178,46953.0,52182.0,Echolocation,Pipistrellus pipistrellus,0.37,0.408,-1,192000.0,/mnt/ubna_data_07/recover-20260108/UBNA_024/20260104_034000.WAV,recover-20260108,UBNA_024,Carp Pond
HF,47040.0,4.664852093728463,161.4615,161.4664,44375.0,62208.0,Echolocation,Pipistrellus pipistrellus,0.14,0.356,-1,192000.0,/mnt/ubna_data_07/recover-20260108/UBNA_024/20260104_034000.WAV,recover-20260108,UBNA_024,Carp Pond
HF,50880.0,4.394939536899515,168.3665,168.3717,48671.0,59777.0,Echolocation,Pipistrellus pipistrellus,0.284,0.319,-1,192000.0,/mnt/ubna_data_07/recover-20260108/UBNA_024/20260104_034000.WAV,recover-20260108,UBNA_024,Carp Pond
HF,48000.0,4.268029784923084,187.0645,187.0699,46093.0,52878.0,Echolocation,Pipistrellus pipistrellus,0.405,0.43,-1,192000.0,/mnt/ubna_data_07/recover-20260108/UBNA_024/20260104_034000.WAV,recover-20260108,UBNA_024,Carp Pond
HF,52800.0,5.343190894528402,19.2245,19.2308,51250.0,56092.0,Echolocation,Pipistrellus pipistrellus,0.183,0.39,-1,192000.0,/mnt/ubna_data_07/recover-20260108/UBNA_024/20260104_040000.WAV,recover-20260108,UBNA_024,Carp Pond
HF,47040.0,5.0801302209658905,19.2925,19.2976,46093.0,56922.0,Echolocation,Pipistrellus pipistrellus,0.293,0.342,-1,192000.0,/mnt/ubna_data_07/recover-20260108/UBNA_024/20260104_040000.WAV,recover-20260108,UBNA_024,Carp Pond
HF,52800.0,7.542583394279127,19.8965,19.9026,51250.0,62611.0,Echolocation,Pipistrellus pipistrellus,0.183,0.331,-1,192000.0,/mnt/ubna_data_07/recover-20260108/UBNA_024/20260104_040000.WAV,recover-20260108,UBNA_024,Carp Pond
HF,56640.0,6.097335120314373,19.9465,19.9511,46093.0,62596.0,Echolocation,Myotis alcathoe,0.143,0.355,-1,192000.0,/mnt/ubna_data_07/recover-20260108/UBNA_024/20260104_040000.WAV,recover-20260108,UBNA_024,Carp Pond
HF,52800.0,6.071412402161234,19.9925,19.9974,46093.0,67497.0,Echolocation,Myotis alcathoe,0.17,0.323,-1,192000.0,/mnt/ubna_data_07/recover-20260108/UBNA_024/20260104_040000.WAV,recover-20260108,UBNA_024,Carp Pond
HF,52800.0,5.794366521002501,22.0785,22.0837,52109.0,62177.0,Echolocation,Pipistrellus pipistrellus,0.256,0.369,-1,192000.0,/mnt/ubna_data_07/recover-20260108/UBNA_024/20260104_040000.WAV,recover-20260108,UBNA_024,Carp Pond
HF,52800.0,4.708447258249197,22.1415,22.1461,50390.0,58076.0,Echolocation,Pipistrellus pipistrellus,0.32,0.378,-1,192000.0,/mnt/ubna_data_07/recover-20260108/UBNA_024/20260104_040000.WAV,recover-20260108,UBNA_024,Carp Pond
HF,51840.0,3.730964678666209,23.0795,23.0836,48671.0,58681.0,Echolocation,Pipistrellus pipistrellus,0.346,0.377,-1,192000.0,/mnt/ubna_data_07/recover-20260108/UBNA_024/20260104_040000.WAV,recover-20260108,UBNA_024,Carp Pond
HF,55680.0,3.187104728241563,23.4675,23.4712,49531.0,61718.0,Echolocation,Pipistrellus pipistrellus,0.292,0.333,-1,192000.0,/mnt/ubna_data_07/recover-20260108/UBNA_024/20260104_040000.WAV,recover-20260108,UBNA_024,Carp Pond
HF,51840.0,3.1393810411403007,23.5365,23.5419,50390.0,60380.0,Echolocation,Pipistrellus pipistrellus,0.359,0.415,-1,192000.0,/mnt/ubna_data_07/recover-20260108/UBNA_024/20260104_040000.WAV,recover-20260108,UBNA_024,Carp Pond
HF,51840.0,3.5460790438082572,23.8295,23.8333,48671.0,58861.0,Echolocation,Pipistrellus pipistrellus,0.291,0.308,-1,192000.0,/mnt/ubna_data_07/recover-20260108/UBNA_024/20260104_040000.WAV,recover-20260108,UBNA_024,Carp Pond
HF,52800.0,3.5327446179101853,76.5375,76.5415,51250.0,60496.0,Echolocation,Pipistrellus pipistrellus,0.295,0.395,-1,192000.0,/mnt/ubna_data_07/recover-20260108/UBNA_024/20260104_040000.WAV,recover-20260108,UBNA_024,Carp Pond
HF,47040.0,3.8284386939126906,77.1665,77.1701,46953.0,58699.0,Echolocation,Pipistrellus pipistrellus,0.36,0.434,-1,192000.0,/mnt/ubna_data_07/recover-20260108/UBNA_024/20260104_040000.WAV,recover-20260108,UBNA_024,Carp Pond
HF,48000.0,4.663351391200387,77.6905,77.6944,45234.0,55400.0,Echolocation,Pipistrellus pipistrellus,0.267,0.361,-1,192000.0,/mnt/ubna_data_07/recover-20260108/UBNA_024/20260104_040000.WAV,recover-20260108,UBNA_024,Carp Pond
HF,51840.0,5.766949584757985,77.9705,77.9734,47812.0,62349.0,Echolocation,Pipistrellus pipistrellus,0.131,0.324,-1,192000.0,/mnt/ubna_data_07/recover-20260108/UBNA_024/20260104_040000.WAV,recover-20260108,UBNA_024,Carp Pond
HF,52800.0,3.733560402206831,125.0415,125.0476,52968.0,60186.0,Echolocation,Pipistrellus pygmaeus,0.4,0.414,-1,192000.0,/mnt/ubna_data_07/recover-20260108/UBNA_024/20260104_040000.WAV,recover-20260108,UBNA_024,Carp Pond
HF,52800.0,3.236954024798578,125.1935,125.2011,52968.0,58316.0,Echolocation,Pipistrellus pipistrellus,0.161,0.304,-1,192000.0,/mnt/ubna_data_07/recover-20260108/UBNA_024/20260104_040000.WAV,recover-20260108,UBNA_024,Carp Pond
HF,51840.0,5.723263828290955,219.7145,219.7193,50390.0,57801.0,Echolocation,Pipistrellus pipistrellus,0.308,0.37,-1,192000.0,/mnt/ubna_data_07/recover-20260108/UBNA_024/20260104_040000.WAV,recover-20260108,UBNA_024,Carp Pond
HF,51840.0,1.4942706915773534,224.4485,224.4533,50390.0,56739.0,Echolocation,Pipistrellus pipistrellus,0.305,0.412,-1,192000.0,/mnt/ubna_data_07/recover-20260108/UBNA_024/20260104_040000.WAV,recover-20260108,UBNA_024,Carp Pond
HF,50880.0,6.149473905118372,224.6225,224.6268,47812.0,63952.0,Echolocation,Pipistrellus pipistrellus,0.247,0.334,-1,192000.0,/mnt/ubna_data_07/recover-20260108/UBNA_024/20260104_040000.WAV,recover-20260108,UBNA_024,Carp Pond
HF,51840.0,3.4519944089736776,224.7925,224.8,50390.0,57941.0,Echolocation,Pipistrellus pipistrellus,0.28,0.36,-1,192000.0,/mnt/ubna_data_07/recover-20260108/UBNA_024/20260104_040000.WAV,recover-20260108,UBNA_024,Carp Pond
HF,51840.0,3.9775404073140197,227.1525,227.1595,50390.0,58941.0,Echolocation,Pipistrellus pipistrellus,0.206,0.321,-1,192000.0,/mnt/ubna_data_07/recover-20260108/UBNA_024/20260104_040000.WAV,recover-20260108,UBNA_024,Carp Pond
HF,48000.0,3.0700638065947308,259.5745,259.58,46953.0,62164.0,Echolocation,Pipistrellus pipistrellus,0.267,0.411,-1,192000.0,/mnt/ubna_data_07/recover-20260108/UBNA_024/20260104_040000.WAV,recover-20260108,UBNA_024,Carp Pond
HF,56640.0,4.011591118024017,259.6425,259.6476,46953.0,61233.0,Echolocation,Pipistrellus pipistrellus,0.292,0.438,-1,192000.0,/mnt/ubna_data_07/recover-20260108/UBNA_024/20260104_040000.WAV,recover-20260108,UBNA_024,Carp Pond
HF,52800.0,1.9527042711936506,259.7835,259.7885,48671.0,59759.0,Echolocation,Pipistrellus pipistrellus,0.271,0.304,-1,192000.0,/mnt/ubna_data_07/recover-20260108/UBNA_024/20260104_040000.WAV,recover-20260108,UBNA_024,Carp Pond
HF,48000.0,4.856398973585271,296.8265,296.8317,45234.0,63441.0,Echolocation,Pipistrellus pipistrellus,0.14,0.41,-1,192000.0,/mnt/ubna_data_07/recover-20260108/UBNA_024/20260104_040000.WAV,recover-20260108,UBNA_024,Carp Pond
HF,48000.0,4.194112144051514,296.9075,296.9154,46953.0,58835.0,Echolocation,Pipistrellus pipistrellus,0.33,0.423,-1,192000.0,/mnt/ubna_data_07/recover-20260108/UBNA_024/20260104_040000.WAV,recover-20260108,UBNA_024,Carp Pond
HF,48960.0,2.605637610601064,148.1055,148.1103,46093.0,55965.0,Echolocation,Pipistrellus pipistrellus,0.285,0.304,-1,192000.0,/mnt/ubna_data_07/recover-20260108/UBNA_024/20260104_041000.WAV,recover-20260108,UBNA_024,Carp Pond
HF,52800.0,4.034967000700213,148.7755,148.7815,50390.0,58285.0,Echolocation,Pipistrellus pipistrellus,0.223,0.375,-1,192000.0,/mnt/ubna_data_07/recover-20260108/UBNA_024/20260104_041000.WAV,recover-20260108,UBNA_024,Carp Pond
HF,48000.0,4.161249100680347,148.9955,149.0012,46953.0,61403.0,Echolocation,Pipistrellus pipistrellus,0.221,0.326,-1,192000.0,/mnt/ubna_data_07/recover-20260108/UBNA_024/20260104_041000.WAV,recover-20260108,UBNA_024,Carp Pond
HF,53760.0,7.494905035572682,217.6885,217.6941,52109.0,59495.0,Echolocation,Pipistrellus pipistrellus,0.292,0.494,-1,192000.0,/mnt/ubna_data_07/recover-20260108/UBNA_024/20260104_041000.WAV,recover-20260108,UBNA_024,Carp Pond
HF,52800.0,6.734936297885562,217.7815,217.7854,49531.0,60073.0,Echolocation,Pipistrellus pipistrellus,0.265,0.385,-1,192000.0,/mnt/ubna_data_07/recover-20260108/UBNA_024/20260104_041000.WAV,recover-20260108,UBNA_024,Carp Pond
HF,51840.0,4.514081195026139,217.8495,217.8536,47812.0,59258.0,Echolocation,Pipistrellus pipistrellus,0.289,0.358,-1,192000.0,/mnt/ubna_data_07/recover-20260108/UBNA_024/20260104_041000.WAV,recover-20260108,UBNA_024,Carp Pond
HF,52800.0,5.675556890125536,217.9295,217.9352,50390.0,58172.0,Echolocation,Pipistrellus pipistrellus,0.258,0.411,-1,192000.0,/mnt/ubna_data_07/recover-20260108/UBNA_024/20260104_041000.WAV,recover-20260108,UBNA_024,Carp Pond
LF,21120.0,3.085249793891898,124.2655,124.2717,16015.0,27334.0,Echolocation,Plecotus auritus,0.238,0.306,-1,192000.0,/mnt/ubna_data_07/recover-20260108/UBNA_024/20260104_053000.WAV,recover-20260108,UBNA_024,Carp Pond
HF,51840.0,4.309544354958723,60.0605,60.0637,46953.0,65854.0,Echolocation,Myotis alcathoe,0.184,0.374,-1,192000.0,/mnt/ubna_data_07/recover-20260108/UBNA_024/20260104_072000.WAV,recover-20260108,UBNA_024,Carp Pond
HF,47040.0,2.306072714498004,60.1405,60.1436,46953.0,62479.0,Echolocation,Myotis alcathoe,0.161,0.406,-1,192000.0,/mnt/ubna_data_07/recover-20260108/UBNA_024/20260104_072000.WAV,recover-20260108,UBNA_024,Carp Pond
HF,51840.0,3.3732834765154713,60.2995,60.3028,46093.0,56455.0,Echolocation,Pipistrellus pipistrellus,0.145,0.315,-1,192000.0,/mnt/ubna_data_07/recover-20260108/UBNA_024/20260104_072000.WAV,recover-20260108,UBNA_024,Carp Pond
HF,48000.0,4.101953708180596,60.3545,60.3596,46093.0,53936.0,Echolocation,Pipistrellus pipistrellus,0.335,0.377,-1,192000.0,/mnt/ubna_data_07/recover-20260108/UBNA_024/20260104_072000.WAV,recover-20260108,UBNA_024,Carp Pond
HF,51840.0,8.911487592202642,60.4885,60.4922,50390.0,56448.0,Echolocation,Pipistrellus pipistrellus,0.221,0.315,-1,192000.0,/mnt/ubna_data_07/recover-20260108/UBNA_024/20260104_072000.WAV,recover-20260108,UBNA_024,Carp Pond
HF,51840.0,6.626843410584501,60.5375,60.5409,44375.0,62446.0,Echolocation,Myotis alcathoe,0.12,0.308,-1,192000.0,/mnt/ubna_data_07/recover-20260108/UBNA_024/20260104_072000.WAV,recover-20260108,UBNA_024,Carp Pond
HF,52800.0,4.7592421133388605,60.5795,60.5824,45234.0,60411.0,Echolocation,Myotis mystacinus,0.151,0.474,-1,192000.0,/mnt/ubna_data_07/recover-20260108/UBNA_024/20260104_072000.WAV,recover-20260108,UBNA_024,Carp Pond
HF,47040.0,4.901915590952594,60.6345,60.637,46093.0,64690.0,Echolocation,Myotis alcathoe,0.133,0.353,-1,192000.0,/mnt/ubna_data_07/recover-20260108/UBNA_024/20260104_072000.WAV,recover-20260108,UBNA_024,Carp Pond
HF,52800.0,5.628561632679581,60.7285,60.7318,46093.0,66345.0,Echolocation,Myotis alcathoe,0.193,0.44,-1,192000.0,/mnt/ubna_data_07/recover-20260108/UBNA_024/20260104_072000.WAV,recover-20260108,UBNA_024,Carp Pond
HF,48000.0,2.0021006756538373,60.8245,60.8277,46093.0,62732.0,Echolocation,Myotis mystacinus,0.122,0.302,-1,192000.0,/mnt/ubna_data_07/recover-20260108/UBNA_024/20260104_072000.WAV,recover-20260108,UBNA_024,Carp Pond
HF,50880.0,5.014912432658761,60.9345,60.9379,44375.0,61066.0,Echolocation,Myotis mystacinus,0.139,0.388,-1,192000.0,/mnt/ubna_data_07/recover-20260108/UBNA_024/20260104_072000.WAV,recover-20260108,UBNA_024,Carp Pond
HF,51840.0,9.027863275131534,60.9805,60.9838,46093.0,63839.0,Echolocation,Myotis mystacinus,0.118,0.369,-1,192000.0,/mnt/ubna_data_07/recover-20260108/UBNA_024/20260104_072000.WAV,recover-20260108,UBNA_024,Carp Pond
HF,51840.0,8.541647147093299,61.0225,61.0255,43515.0,66054.0,Echolocation,Myotis mystacinus,0.169,0.442,-1,192000.0,/mnt/ubna_data_07/recover-20260108/UBNA_024/20260104_072000.WAV,recover-20260108,UBNA_024,Carp Pond
HF,48960.0,5.088409037332182,61.0555,61.0588,42656.0,67209.0,Echolocation,Myotis mystacinus,0.185,0.343,-1,192000.0,/mnt/ubna_data_07/recover-20260108/UBNA_024/20260104_072000.WAV,recover-20260108,UBNA_024,Carp Pond
HF,48960.0,8.00597853903265,61.1965,61.1995,47812.0,62394.0,Echolocation,Myotis alcathoe,0.17,0.466,-1,192000.0,/mnt/ubna_data_07/recover-20260108/UBNA_024/20260104_072000.WAV,recover-20260108,UBNA_024,Carp Pond
HF,50880.0,12.122065052333344,61.2595,61.2624,46953.0,63494.0,Echolocation,Myotis alcathoe,0.099,0.301,-1,192000.0,/mnt/ubna_data_07/recover-20260108/UBNA_024/20260104_072000.WAV,recover-20260108,UBNA_024,Carp Pond
HF,48960.0,9.12336115632682,61.3005,61.303399999999996,46093.0,64183.0,Echolocation,Myotis mystacinus,0.163,0.323,-1,192000.0,/mnt/ubna_data_07/recover-20260108/UBNA_024/20260104_072000.WAV,recover-20260108,UBNA_024,Carp Pond
HF,50880.0,8.665861787146481,61.3365,61.3393,48671.0,60622.0,Echolocation,Myotis mystacinus,0.128,0.351,-1,192000.0,/mnt/ubna_data_07/recover-20260108/UBNA_024/20260104_072000.WAV,recover-20260108,UBNA_024,Carp Pond
HF,51840.0,4.736726751359258,61.3895,61.3932,46953.0,62347.0,Echolocation,Myotis alcathoe,0.11,0.393,-1,192000.0,/mnt/ubna_data_07/recover-20260108/UBNA_024/20260104_072000.WAV,recover-20260108,UBNA_024,Carp Pond
HF,48960.0,2.255135388498672,61.5585,61.5619,45234.0,65246.0,Echolocation,Myotis alcathoe,0.107,0.311,-1,192000.0,/mnt/ubna_data_07/recover-20260108/UBNA_024/20260104_072000.WAV,recover-20260108,UBNA_024,Carp Pond
HF,51840.0,4.641869324323823,61.5815,61.5849,47812.0,59698.0,Echolocation,Pipistrellus pipistrellus,0.144,0.311,-1,192000.0,/mnt/ubna_data_07/recover-20260108/UBNA_024/20260104_072000.WAV,recover-20260108,UBNA_024,Carp Pond
HF,51840.0,8.570213309729844,61.6915,61.6945,49531.0,65591.0,Echolocation,Myotis alcathoe,0.194,0.378,-1,192000.0,/mnt/ubna_data_07/recover-20260108/UBNA_024/20260104_072000.WAV,recover-20260108,UBNA_024,Carp Pond
HF,50880.0,8.28692156513526,61.7415,61.7444,46953.0,65947.0,Echolocation,Myotis alcathoe,0.22,0.492,-1,192000.0,/mnt/ubna_data_07/recover-20260108/UBNA_024/20260104_072000.WAV,recover-20260108,UBNA_024,Carp Pond
HF,54720.0,10.219743005105657,61.7925,61.7949,46953.0,65355.0,Echolocation,Myotis alcathoe,0.163,0.409,-1,192000.0,/mnt/ubna_data_07/recover-20260108/UBNA_024/20260104_072000.WAV,recover-20260108,UBNA_024,Carp Pond
HF,50880.0,6.607372937499207,61.8185,61.8215,46953.0,72024.0,Echolocation,Myotis mystacinus,0.171,0.358,-1,192000.0,/mnt/ubna_data_07/recover-20260108/UBNA_024/20260104_072000.WAV,recover-20260108,UBNA_024,Carp Pond
HF,52800.0,5.713428244324486,61.8575,61.8611,43515.0,69032.0,Echolocation,Myotis alcathoe,0.222,0.522,-1,192000.0,/mnt/ubna_data_07/recover-20260108/UBNA_024/20260104_072000.WAV,recover-20260108,UBNA_024,Carp Pond
HF,51840.0,4.949852426964034,61.9215,61.9247,51250.0,59642.0,Echolocation,Pipistrellus pipistrellus,0.268,0.355,-1,192000.0,/mnt/ubna_data_07/recover-20260108/UBNA_024/20260104_072000.WAV,recover-20260108,UBNA_024,Carp Pond
HF,48000.0,2.9356875449353073,62.7095,62.713,46953.0,64265.0,Echolocation,Myotis mystacinus,0.129,0.387,-1,192000.0,/mnt/ubna_data_07/recover-20260108/UBNA_024/20260104_072000.WAV,recover-20260108,UBNA_024,Carp Pond
HF,51840.0,6.627266091193983,62.8035,62.8067,45234.0,68522.0,Echolocation,Myotis mystacinus,0.252,0.382,-1,192000.0,/mnt/ubna_data_07/recover-20260108/UBNA_024/20260104_072000.WAV,recover-20260108,UBNA_024,Carp Pond
HF,50880.0,4.4708403453866055,62.8475,62.8507,46093.0,62799.0,Echolocation,Myotis mystacinus,0.243,0.368,-1,192000.0,/mnt/ubna_data_07/recover-20260108/UBNA_024/20260104_072000.WAV,recover-20260108,UBNA_024,Carp Pond
HF,47040.0,9.309356246908509,62.9035,62.9076,43515.0,68771.0,Echolocation,Myotis mystacinus,0.114,0.332,-1,192000.0,/mnt/ubna_data_07/recover-20260108/UBNA_024/20260104_072000.WAV,recover-20260108,UBNA_024,Carp Pond
HF,48000.0,5.558486673684852,63.0155,63.0187,46953.0,59964.0,Echolocation,Pipistrellus pipistrellus,0.347,0.416,-1,192000.0,/mnt/ubna_data_07/recover-20260108/UBNA_024/20260104_072000.WAV,recover-20260108,UBNA_024,Carp Pond
HF,47040.0,10.100716030522642,63.0705,63.0742,46093.0,65248.0,Echolocation,Pipistrellus pipistrellus,0.165,0.491,-1,192000.0,/mnt/ubna_data_07/recover-20260108/UBNA_024/20260104_072000.WAV,recover-20260108,UBNA_024,Carp Pond
HF,52800.0,9.626776002660236,63.1875,63.1912,46953.0,59480.0,Echolocation,Pipistrellus pipistrellus,0.217,0.403,-1,192000.0,/mnt/ubna_data_07/recover-20260108/UBNA_024/20260104_072000.WAV,recover-20260108,UBNA_024,Carp Pond
HF,47040.0,8.043238286496642,63.2815,63.286500000000004,46093.0,60065.0,Echolocation,Pipistrellus pipistrellus,0.384,0.496,-1,192000.0,/mnt/ubna_data_07/recover-20260108/UBNA_024/20260104_072000.WAV,recover-20260108,UBNA_024,Carp Pond
HF,51840.0,2.34251775725178,63.4195,63.423,46093.0,64915.0,Echolocation,Myotis mystacinus,0.136,0.306,-1,192000.0,/mnt/ubna_data_07/recover-20260108/UBNA_024/20260104_072000.WAV,recover-20260108,UBNA_024,Carp Pond
HF,48960.0,6.434732717304957,63.6995,63.703,46093.0,57241.0,Echolocation,Pipistrellus pipistrellus,0.392,0.48,-1,192000.0,/mnt/ubna_data_07/recover-20260108/UBNA_024/20260104_072000.WAV,recover-20260108,UBNA_024,Carp Pond
HF,48000.0,7.704493078881006,67.2065,67.2123,45234.0,56081.0,Echolocation,Pipistrellus pipistrellus,0.225,0.341,-1,192000.0,/mnt/ubna_data_07/recover-20260108/UBNA_024/20260104_072000.WAV,recover-20260108,UBNA_024,Carp Pond
HF,46080.0,5.237865569882235,136.3315,136.3363,44375.0,58183.0,Echolocation,Pipistrellus pipistrellus,0.317,0.394,-1,192000.0,/mnt/ubna_data_07/recover-20260108/UBNA_024/20260104_073000.WAV,recover-20260108,UBNA_024,Carp Pond
HF,48000.0,6.574201519428958,137.70850000000002,137.7146,46953.0,52662.0,Echolocation,Pipistrellus pipistrellus,0.296,0.309,-1,192000.0,/mnt/ubna_data_07/recover-20260108/UBNA_024/20260104_073000.WAV,recover-20260108,UBNA_024,Carp Pond
HF,45120.0,3.6333878460406757,137.9205,137.9271,42656.0,51817.0,Echolocation,Pipistrellus pipistrellus,0.135,0.407,-1,192000.0,/mnt/ubna_data_07/recover-20260108/UBNA_024/20260104_073000.WAV,recover-20260108,UBNA_024,Carp Pond
HF,48000.0,8.849280786545153,138.0035,138.0067,43515.0,60959.0,Echolocation,Myotis daubentonii,0.117,0.301,-1,192000.0,/mnt/ubna_data_07/recover-20260108/UBNA_024/20260104_073000.WAV,recover-20260108,UBNA_024,Carp Pond
HF,47040.0,8.917501781709941,138.0925,138.0981,44375.0,61171.0,Echolocation,Pipistrellus pipistrellus,0.151,0.371,-1,192000.0,/mnt/ubna_data_07/recover-20260108/UBNA_024/20260104_073000.WAV,recover-20260108,UBNA_024,Carp Pond
HF,47040.0,6.117116915681931,142.3315,142.3379,46093.0,55614.0,Echolocation,Pipistrellus pipistrellus,0.361,0.39,-1,192000.0,/mnt/ubna_data_07/recover-20260108/UBNA_024/20260104_073000.WAV,recover-20260108,UBNA_024,Carp Pond
HF,48960.0,3.3978970629757947,142.4095,142.4171,46953.0,52124.0,Echolocation,Pipistrellus pipistrellus,0.279,0.301,-1,192000.0,/mnt/ubna_data_07/recover-20260108/UBNA_024/20260104_073000.WAV,recover-20260108,UBNA_024,Carp Pond
HF,48000.0,8.154683642225043,142.7655,142.7708,45234.0,56235.0,Echolocation,Pipistrellus pipistrellus,0.398,0.45,-1,192000.0,/mnt/ubna_data_07/recover-20260108/UBNA_024/20260104_073000.WAV,recover-20260108,UBNA_024,Carp Pond
HF,47040.0,7.246454498983544,142.8545,142.8597,46093.0,58824.0,Echolocation,Pipistrellus pipistrellus,0.334,0.426,-1,192000.0,/mnt/ubna_data_07/recover-20260108/UBNA_024/20260104_073000.WAV,recover-20260108,UBNA_024,Carp Pond
HF,48000.0,5.171534103661939,142.9435,142.9492,43515.0,51605.0,Echolocation,Pipistrellus pipistrellus,0.19,0.382,-1,192000.0,/mnt/ubna_data_07/recover-20260108/UBNA_024/20260104_073000.WAV,recover-20260108,UBNA_024,Carp Pond
HF,47040.0,7.605112423167647,236.7695,236.776,43515.0,49069.0,Echolocation,Pipistrellus pipistrellus,0.137,0.342,-1,192000.0,/mnt/ubna_data_07/recover-20260108/UBNA_024/20260104_073000.WAV,recover-20260108,UBNA_024,Carp Pond
HF,47040.0,4.149186061032932,238.3135,238.3182,45234.0,57469.0,Echolocation,Pipistrellus pipistrellus,0.416,0.485,-1,192000.0,/mnt/ubna_data_07/recover-20260108/UBNA_024/20260104_073000.WAV,recover-20260108,UBNA_024,Carp Pond
HF,52800.0,6.211524616589669,238.3955,238.4001,44375.0,64994.0,Echolocation,Pipistrellus pipistrellus,0.254,0.476,-1,192000.0,/mnt/ubna_data_07/recover-20260108/UBNA_024/20260104_073000.WAV,recover-20260108,UBNA_024,Carp Pond
HF,52800.0,3.774170217895591,238.4785,238.4836,43515.0,61335.0,Echolocation,Pipistrellus pipistrellus,0.121,0.391,-1,192000.0,/mnt/ubna_data_07/recover-20260108/UBNA_024/20260104_073000.WAV,recover-20260108,UBNA_024,Carp Pond
HF,47040.0,4.622571562242871,238.58350000000002,238.5889,44375.0,58285.0,Echolocation,Pipistrellus pipistrellus,0.409,0.528,-1,192000.0,/mnt/ubna_data_07/recover-20260108/UBNA_024/20260104_073000.WAV,recover-20260108,UBNA_024,Carp Pond
HF,46080.0,8.762086478339164,238.9395,238.9444,44375.0,57695.0,Echolocation,Pipistrellus pipistrellus,0.276,0.402,-1,192000.0,/mnt/ubna_data_07/recover-20260108/UBNA_024/20260104_073000.WAV,recover-20260108,UBNA_024,Carp Pond
HF,47040.0,11.614294328782776,239.0205,239.0258,42656.0,67159.0,Echolocation,Pipistrellus pipistrellus,0.169,0.376,-1,192000.0,/mnt/ubna_data_07/recover-20260108/UBNA_024/20260104_073000.WAV,recover-20260108,UBNA_024,Carp Pond
HF,46080.0,7.924370866431731,239.1045,239.1104,44375.0,59838.0,Echolocation,Pipistrellus pipistrellus,0.442,0.573,-1,192000.0,/mnt/ubna_data_07/recover-20260108/UBNA_024/20260104_073000.WAV,recover-20260108,UBNA_024,Carp Pond
HF,46080.0,6.057012674747268,239.1655,239.171,44375.0,60016.0,Echolocation,Pipistrellus pipistrellus,0.332,0.509,-1,192000.0,/mnt/ubna_data_07/recover-20260108/UBNA_024/20260104_073000.WAV,recover-20260108,UBNA_024,Carp Pond
HF,48000.0,6.464239025685789,239.2475,239.2527,42656.0,56091.0,Echolocation,Pipistrellus pipistrellus,0.278,0.529,-1,192000.0,/mnt/ubna_data_07/recover-20260108/UBNA_024/20260104_073000.WAV,recover-20260108,UBNA_024,Carp Pond
HF,47040.0,9.698820490857724,239.5115,239.5162,45234.0,55068.0,Echolocation,Pipistrellus pipistrellus,0.422,0.486,-1,192000.0,/mnt/ubna_data_07/recover-20260108/UBNA_024/20260104_073000.WAV,recover-20260108,UBNA_024,Carp Pond
HF,47040.0,8.144101579355524,239.6055,239.6102,42656.0,54174.0,Echolocation,Pipistrellus pipistrellus,0.342,0.473,-1,192000.0,/mnt/ubna_data_07/recover-20260108/UBNA_024/20260104_073000.WAV,recover-20260108,UBNA_024,Carp Pond
HF,46080.0,4.016905671837011,239.9525,239.9581,45234.0,53033.0,Echolocation,Pipistrellus pipistrellus,0.313,0.343,-1,192000.0,/mnt/ubna_data_07/recover-20260108/UBNA_024/20260104_073000.WAV,recover-20260108,UBNA_024,Carp Pond
HF,52800.0,9.026271067100991,240.9305,240.9348,45234.0,62736.0,Echolocation,Myotis alcathoe,0.164,0.313,-1,192000.0,/mnt/ubna_data_07/recover-20260108/UBNA_024/20260104_073000.WAV,recover-20260108,UBNA_024,Carp Pond
HF,50880.0,6.068476236193703,241.0055,241.0089,47812.0,64925.0,Echolocation,Myotis alcathoe,0.154,0.339,-1,192000.0,/mnt/ubna_data_07/recover-20260108/UBNA_024/20260104_073000.WAV,recover-20260108,UBNA_024,Carp Pond
HF,48960.0,9.267020684230886,241.0695,241.0734,43515.0,66892.0,Echolocation,Myotis alcathoe,0.186,0.358,-1,192000.0,/mnt/ubna_data_07/recover-20260108/UBNA_024/20260104_073000.WAV,recover-20260108,UBNA_024,Carp Pond
HF,52800.0,9.631909932543923,241.1495,241.1533,46953.0,61636.0,Echolocation,Pipistrellus pipistrellus,0.323,0.421,-1,192000.0,/mnt/ubna_data_07/recover-20260108/UBNA_024/20260104_073000.WAV,recover-20260108,UBNA_024,Carp Pond
HF,52800.0,7.986520203177776,241.2205,241.2245,45234.0,66059.0,Echolocation,Myotis alcathoe,0.184,0.377,-1,192000.0,/mnt/ubna_data_07/recover-20260108/UBNA_024/20260104_073000.WAV,recover-20260108,UBNA_024,Carp Pond
HF,48000.0,10.225107675951353,241.2955,241.2996,45234.0,64849.0,Echolocation,Myotis alcathoe,0.154,0.409,-1,192000.0,/mnt/ubna_data_07/recover-20260108/UBNA_024/20260104_073000.WAV,recover-20260108,UBNA_024,Carp Pond
HF,53760.0,10.131834914060121,241.4415,241.4455,46093.0,67240.0,Echolocation,Myotis alcathoe,0.135,0.3,-1,192000.0,/mnt/ubna_data_07/recover-20260108/UBNA_024/20260104_073000.WAV,recover-20260108,UBNA_024,Carp Pond
HF,47040.0,9.69222972406295,241.5245,241.5295,45234.0,63605.0,Echolocation,Pipistrellus pipistrellus,0.22,0.477,-1,192000.0,/mnt/ubna_data_07/recover-20260108/UBNA_024/20260104_073000.WAV,recover-20260108,UBNA_024,Carp Pond
HF,47040.0,10.907013246251807,241.6045,241.6087,44375.0,70038.0,Echolocation,Myotis alcathoe,0.219,0.421,-1,192000.0,/mnt/ubna_data_07/recover-20260108/UBNA_024/20260104_073000.WAV,recover-20260108,UBNA_024,Carp Pond
HF,52800.0,3.235350869420976,241.6915,241.6965,46093.0,58874.0,Echolocation,Pipistrellus pipistrellus,0.251,0.364,-1,192000.0,/mnt/ubna_data_07/recover-20260108/UBNA_024/20260104_073000.WAV,recover-20260108,UBNA_024,Carp Pond
HF,46080.0,7.520089719666167,242.2735,242.2801,42656.0,54729.0,Echolocation,Pipistrellus pipistrellus,0.141,0.301,-1,192000.0,/mnt/ubna_data_07/recover-20260108/UBNA_024/20260104_073000.WAV,recover-20260108,UBNA_024,Carp Pond
HF,46080.0,6.057918502201497,242.4415,242.4472,45234.0,59877.0,Echolocation,Pipistrellus pipistrellus,0.449,0.582,-1,192000.0,/mnt/ubna_data_07/recover-20260108/UBNA_024/20260104_073000.WAV,recover-20260108,UBNA_024,Carp Pond
HF,47040.0,8.619671341863253,242.5315,242.5369,46093.0,52258.0,Echolocation,Pipistrellus pipistrellus,0.299,0.31,-1,192000.0,/mnt/ubna_data_07/recover-20260108/UBNA_024/20260104_073000.WAV,recover-20260108,UBNA_024,Carp Pond
HF,46080.0,6.152321059726239,244.5075,244.5133,46093.0,55115.0,Echolocation,Pipistrellus pipistrellus,0.399,0.427,-1,192000.0,/mnt/ubna_data_07/recover-20260108/UBNA_024/20260104_073000.WAV,recover-20260108,UBNA_024,Carp Pond
HF,46080.0,7.1174747772431814,244.6875,244.6944,45234.0,49678.0,Echolocation,Pipistrellus pipistrellus,0.299,0.385,-1,192000.0,/mnt/ubna_data_07/recover-20260108/UBNA_024/20260104_073000.WAV,recover-20260108,UBNA_024,Carp Pond
HF,48000.0,4.150385693259188,159.1615,159.1661,47812.0,56353.0,Echolocation,Pipistrellus pipistrellus,0.395,0.402,-1,192000.0,/mnt/ubna_data_07/recover-20260108/UBNA_024/20260104_075000.WAV,recover-20260108,UBNA_024,Carp Pond
HF,52800.0,5.344717831942887,159.2305,159.2357,46953.0,56734.0,Echolocation,Pipistrellus pipistrellus,0.43,0.447,-1,192000.0,/mnt/ubna_data_07/recover-20260108/UBNA_024/20260104_075000.WAV,recover-20260108,UBNA_024,Carp Pond
HF,48000.0,9.908137661276072,159.2985,159.3042,47812.0,58695.0,Echolocation,Pipistrellus pipistrellus,0.509,0.548,-1,192000.0,/mnt/ubna_data_07/recover-20260108/UBNA_024/20260104_075000.WAV,recover-20260108,UBNA_024,Carp Pond
HF,48000.0,3.153991323531724,159.3695,159.3755,46953.0,58028.0,Echolocation,Pipistrellus pipistrellus,0.479,0.503,-1,192000.0,/mnt/ubna_data_07/recover-20260108/UBNA_024/20260104_075000.WAV,recover-20260108,UBNA_024,Carp Pond
HF,49920.0,1.35525752274785,159.5385,159.5425,49531.0,57962.0,Echolocation,Pipistrellus pipistrellus,0.326,0.333,-1,192000.0,/mnt/ubna_data_07/recover-20260108/UBNA_024/20260104_075000.WAV,recover-20260108,UBNA_024,Carp Pond
HF,52800.0,5.084736836673409,159.5825,159.5879,46953.0,56561.0,Echolocation,Pipistrellus pipistrellus,0.367,0.379,-1,192000.0,/mnt/ubna_data_07/recover-20260108/UBNA_024/20260104_075000.WAV,recover-20260108,UBNA_024,Carp Pond
HF,52800.0,2.3931748134465956,159.6335,159.6381,47812.0,61625.0,Echolocation,Pipistrellus pipistrellus,0.375,0.419,-1,192000.0,/mnt/ubna_data_07/recover-20260108/UBNA_024/20260104_075000.WAV,recover-20260108,UBNA_024,Carp Pond
HF,52800.0,4.039690244797101,159.6985,159.7023,47812.0,58865.0,Echolocation,Pipistrellus pipistrellus,0.463,0.488,-1,192000.0,/mnt/ubna_data_07/recover-20260108/UBNA_024/20260104_075000.WAV,recover-20260108,UBNA_024,Carp Pond
HF,52800.0,6.410867838844227,159.7775,159.7831,47812.0,55275.0,Echolocation,Pipistrellus pipistrellus,0.542,0.577,-1,192000.0,/mnt/ubna_data_07/recover-20260108/UBNA_024/20260104_075000.WAV,recover-20260108,UBNA_024,Carp Pond
HF,48000.0,4.792392585761947,159.8525,159.8577,46953.0,56885.0,Echolocation,Pipistrellus pipistrellus,0.336,0.355,-1,192000.0,/mnt/ubna_data_07/recover-20260108/UBNA_024/20260104_075000.WAV,recover-20260108,UBNA_024,Carp Pond
HF,53760.0,5.849529924645697,159.9305,159.936,48671.0,57943.0,Echolocation,Pipistrellus pipistrellus,0.428,0.462,-1,192000.0,/mnt/ubna_data_07/recover-20260108/UBNA_024/20260104_075000.WAV,recover-20260108,UBNA_024,Carp Pond
HF,54720.0,6.2218028253580755,160.0315,160.036,46953.0,60802.0,Echolocation,Pipistrellus pipistrellus,0.409,0.491,-1,192000.0,/mnt/ubna_data_07/recover-20260108/UBNA_024/20260104_075000.WAV,recover-20260108,UBNA_024,Carp Pond
HF,50880.0,4.912181057099734,160.2645,160.2691,47812.0,59427.0,Echolocation,Pipistrellus pipistrellus,0.48,0.523,-1,192000.0,/mnt/ubna_data_07/recover-20260108/UBNA_024/20260104_075000.WAV,recover-20260108,UBNA_024,Carp Pond
HF,48000.0,5.080460566805351,160.3085,160.3131,47812.0,59361.0,Echolocation,Pipistrellus pipistrellus,0.475,0.512,-1,192000.0,/mnt/ubna_data_07/recover-20260108/UBNA_024/20260104_075000.WAV,recover-20260108,UBNA_024,Carp Pond
HF,48960.0,4.129502431367984,160.4205,160.4252,47812.0,61017.0,Echolocation,Pipistrellus pipistrellus,0.467,0.536,-1,192000.0,/mnt/ubna_data_07/recover-20260108/UBNA_024/20260104_075000.WAV,recover-20260108,UBNA_024,Carp Pond
HF,51840.0,5.897196305437235,160.4655,160.4699,47812.0,59626.0,Echolocation,Pipistrellus pipistrellus,0.324,0.403,-1,192000.0,/mnt/ubna_data_07/recover-20260108/UBNA_024/20260104_075000.WAV,recover-20260108,UBNA_024,Carp Pond
HF,51840.0,6.708537326293298,160.5115,160.5162,47812.0,61955.0,Echolocation,Pipistrellus pipistrellus,0.36,0.536,-1,192000.0,/mnt/ubna_data_07/recover-20260108/UBNA_024/20260104_075000.WAV,recover-20260108,UBNA_024,Carp Pond
HF,51840.0,8.312772374587947,160.5875,160.5917,46093.0,60582.0,Echolocation,Pipistrellus pipistrellus,0.297,0.426,-1,192000.0,/mnt/ubna_data_07/recover-20260108/UBNA_024/20260104_075000.WAV,recover-20260108,UBNA_024,Carp Pond
HF,51840.0,7.094120701087646,160.6335,160.6373,46953.0,67059.0,Echolocation,Myotis alcathoe,0.176,0.32,-1,192000.0,/mnt/ubna_data_07/recover-20260108/UBNA_024/20260104_075000.WAV,recover-20260108,UBNA_024,Carp Pond
HF,51840.0,10.604066561476595,160.69650000000001,160.7001,46953.0,59838.0,Echolocation,Pipistrellus pipistrellus,0.478,0.525,-1,192000.0,/mnt/ubna_data_07/recover-20260108/UBNA_024/20260104_075000.WAV,recover-20260108,UBNA_024,Carp Pond
HF,52800.0,5.464609381092971,160.8885,160.893,46953.0,59864.0,Echolocation,Pipistrellus pipistrellus,0.302,0.431,-1,192000.0,/mnt/ubna_data_07/recover-20260108/UBNA_024/20260104_075000.WAV,recover-20260108,UBNA_024,Carp Pond
HF,52800.0,6.714232071012054,161.0585,161.0633,51250.0,59571.0,Echolocation,Pipistrellus pipistrellus,0.374,0.406,-1,192000.0,/mnt/ubna_data_07/recover-20260108/UBNA_024/20260104_075000.WAV,recover-20260108,UBNA_024,Carp Pond
HF,52800.0,5.889781903844207,161.1275,161.13139999999999,50390.0,61597.0,Echolocation,Pipistrellus pipistrellus,0.347,0.396,-1,192000.0,/mnt/ubna_data_07/recover-20260108/UBNA_024/20260104_075000.WAV,recover-20260108,UBNA_024,Carp Pond
HF,54720.0,4.007370316884834,161.2005,161.2056,48671.0,60273.0,Echolocation,Pipistrellus pipistrellus,0.223,0.302,-1,192000.0,/mnt/ubna_data_07/recover-20260108/UBNA_024/20260104_075000.WAV,recover-20260108,UBNA_024,Carp Pond
HF,49920.0,6.456339811372889,161.2885,161.2932,47812.0,61105.0,Echolocation,Pipistrellus pipistrellus,0.431,0.53,-1,192000.0,/mnt/ubna_data_07/recover-20260108/UBNA_024/20260104_075000.WAV,recover-20260108,UBNA_024,Carp Pond
HF,49920.0,2.668578642975155,161.8695,161.8741,50390.0,59800.0,Echolocation,Pipistrellus pipistrellus,0.281,0.306,-1,192000.0,/mnt/ubna_data_07/recover-20260108/UBNA_024/20260104_075000.WAV,recover-20260108,UBNA_024,Carp Pond
LF,20160.0,1.8019034779664567,125.4715,125.4779,16015.0,29175.0,Echolocation,Plecotus auritus,0.222,0.301,-1,192000.0,/mnt/ubna_data_07/recover-20260108/UBNA_024/20260104_100000.WAV,recover-20260108,UBNA_024,Carp Pond
LF,22080.0,0.12243371831429223,28.2865,28.3035,22031.0,26665.0,Echolocation,Nyctalus noctula,0.227,0.349,-1,192000.0,/mnt/ubna_data_07/recover-20260108/UBNA_024/20260104_103000.WAV,recover-20260108,UBNA_024,Carp Pond
LF,22080.0,4.11661768874632,228.1125,228.1174,17734.0,31923.0,Echolocation,Plecotus auritus,0.205,0.353,-1,192000.0,/mnt/ubna_data_07/recover-20260108/UBNA_024/20260104_120000.WAV,recover-20260108,UBNA_024,Carp Pond
LF,26880.0,12.184050101135924,77.4365,77.4402,23750.0,39227.0,Echolocation,Plecotus austriacus,0.241,0.33,-1,192000.0,/mnt/ubna_data_07/recover-20260108/UBNA_024/20260104_132000.WAV,recover-20260108,UBNA_024,Carp Pond
LF,23040.0,1.1798659679396897,18.8955,18.9068,23750.0,29533.0,Echolocation,Nyctalus noctula,0.123,0.333,-1,192000.0,/mnt/ubna_data_07/recover-20260108/UBNA_024/20260104_173000.WAV,recover-20260108,UBNA_024,Carp Pond
LF,20160.0,0.9426454069945261,287.3165,287.3401,18593.0,21223.0,Echolocation,Nyctalus noctula,0.224,0.309,-1,192000.0,/mnt/ubna_data_07/recover-20260108/UBNA_024/20260104_193000.WAV,recover-20260108,UBNA_024,Carp Pond
LF,23040.0,2.6969911865147065,140.2015,140.20589999999999,22890.0,38625.0,Echolocation,Plecotus austriacus,0.241,0.311,-1,192000.0,/mnt/ubna_data_07/recover-20260108/UBNA_024/20260104_233000.WAV,recover-20260108,UBNA_024,Carp Pond
HF,45120.0,4.058723765068028,253.9355,253.9425,44375.0,49234.0,Echolocation,Pipistrellus pipistrellus,0.4,0.423,-1,192000.0,/mnt/ubna_data_07/recover-20260108/UBNA_024/20260105_014000.WAV,recover-20260108,UBNA_024,Carp Pond
HF,46080.0,5.921343798879048,254.1525,254.1609,44375.0,53086.0,Echolocation,Pipistrellus pipistrellus,0.509,0.62,-1,192000.0,/mnt/ubna_data_07/recover-20260108/UBNA_024/20260105_014000.WAV,recover-20260108,UBNA_024,Carp Pond
HF,46080.0,9.594225452680064,254.2345,254.2411,44375.0,55728.0,Echolocation,Pipistrellus pipistrellus,0.497,0.617,-1,192000.0,/mnt/ubna_data_07/recover-20260108/UBNA_024/20260105_014000.WAV,recover-20260108,UBNA_024,Carp Pond
HF,47040.0,5.016785441860163,254.3195,254.3259,43515.0,51529.0,Echolocation,Pipistrellus pipistrellus,0.277,0.383,-1,192000.0,/mnt/ubna_data_07/recover-20260108/UBNA_024/20260105_014000.WAV,recover-20260108,UBNA_024,Carp Pond
HF,46080.0,9.240014919721762,254.3935,254.3994,44375.0,54821.0,Echolocation,Pipistrellus pipistrellus,0.441,0.517,-1,192000.0,/mnt/ubna_data_07/recover-20260108/UBNA_024/20260105_014000.WAV,recover-20260108,UBNA_024,Carp Pond
HF,47040.0,2.585393478367191,254.4505,254.4561,43515.0,51962.0,Echolocation,Pipistrellus pipistrellus,0.335,0.374,-1,192000.0,/mnt/ubna_data_07/recover-20260108/UBNA_024/20260105_014000.WAV,recover-20260108,UBNA_024,Carp Pond
HF,47040.0,6.445853787203029,254.5305,254.5373,44375.0,51644.0,Echolocation,Pipistrellus pipistrellus,0.408,0.467,-1,192000.0,/mnt/ubna_data_07/recover-20260108/UBNA_024/20260105_014000.WAV,recover-20260108,UBNA_024,Carp Pond
HF,45120.0,7.059255337653061,254.5785,254.5857,44375.0,50761.0,Echolocation,Pipistrellus pipistrellus,0.521,0.569,-1,192000.0,/mnt/ubna_data_07/recover-20260108/UBNA_024/20260105_014000.WAV,recover-20260108,UBNA_024,Carp Pond
HF,48000.0,4.842457437290068,254.6765,254.6826,44375.0,52968.0,Echolocation,Pipistrellus pipistrellus,0.426,0.455,-1,192000.0,/mnt/ubna_data_07/recover-20260108/UBNA_024/20260105_014000.WAV,recover-20260108,UBNA_024,Carp Pond
HF,46080.0,2.95835981290338,254.7215,254.728,44375.0,50256.0,Echolocation,Pipistrellus pipistrellus,0.447,0.467,-1,192000.0,/mnt/ubna_data_07/recover-20260108/UBNA_024/20260105_014000.WAV,recover-20260108,UBNA_024,Carp Pond
HF,46080.0,3.818242338228907,254.8285,254.8348,43515.0,51459.0,Echolocation,Pipistrellus pipistrellus,0.43,0.467,-1,192000.0,/mnt/ubna_data_07/recover-20260108/UBNA_024/20260105_014000.WAV,recover-20260108,UBNA_024,Carp Pond
HF,46080.0,4.34386602590147,254.8835,254.8901,44375.0,50284.0,Echolocation,Pipistrellus pipistrellus,0.292,0.307,-1,192000.0,/mnt/ubna_data_07/recover-20260108/UBNA_024/20260105_014000.WAV,recover-20260108,UBNA_024,Carp Pond
HF,48000.0,11.555111776557538,255.3265,255.3328,44375.0,51028.0,Echolocation,Pipistrellus pipistrellus,0.258,0.367,-1,192000.0,/mnt/ubna_data_07/recover-20260108/UBNA_024/20260105_014000.WAV,recover-20260108,UBNA_024,Carp Pond
HF,46080.0,8.941590455760517,255.3845,255.3896,44375.0,52811.0,Echolocation,Pipistrellus pipistrellus,0.512,0.546,-1,192000.0,/mnt/ubna_data_07/recover-20260108/UBNA_024/20260105_014000.WAV,recover-20260108,UBNA_024,Carp Pond
HF,46080.0,3.46950325671159,255.4655,255.4722,44375.0,51935.0,Echolocation,Pipistrellus pipistrellus,0.391,0.434,-1,192000.0,/mnt/ubna_data_07/recover-20260108/UBNA_024/20260105_014000.WAV,recover-20260108,UBNA_024,Carp Pond
HF,47040.0,7.576817074423614,255.5395,255.5462,46093.0,55210.0,Echolocation,Pipistrellus pipistrellus,0.329,0.355,-1,192000.0,/mnt/ubna_data_07/recover-20260108/UBNA_024/20260105_014000.WAV,recover-20260108,UBNA_024,Carp Pond
HF,45120.0,1.0335654144287758,255.6235,255.6336,43515.0,48630.0,Echolocation,Pipistrellus pipistrellus,0.275,0.313,-1,192000.0,/mnt/ubna_data_07/recover-20260108/UBNA_024/20260105_014000.WAV,recover-20260108,UBNA_024,Carp Pond
HF,46080.0,7.886028968325141,255.7045,255.7107,43515.0,57201.0,Echolocation,Pipistrellus pipistrellus,0.205,0.457,-1,192000.0,/mnt/ubna_data_07/recover-20260108/UBNA_024/20260105_014000.WAV,recover-20260108,UBNA_024,Carp Pond
HF,45120.0,15.17371002635436,255.7895,255.797,42656.0,56823.0,Echolocation,Pipistrellus pipistrellus,0.438,0.562,-1,192000.0,/mnt/ubna_data_07/recover-20260108/UBNA_024/20260105_014000.WAV,recover-20260108,UBNA_024,Carp Pond
HF,48000.0,16.340310676099993,255.8675,255.875,43515.0,63198.0,Echolocation,Pipistrellus pipistrellus,0.393,0.59,-1,192000.0,/mnt/ubna_data_07/recover-20260108/UBNA_024/20260105_014000.WAV,recover-20260108,UBNA_024,Carp Pond
HF,46080.0,11.047759859998836,255.9395,255.9456,43515.0,60200.0,Echolocation,Pipistrellus pipistrellus,0.442,0.545,-1,192000.0,/mnt/ubna_data_07/recover-20260108/UBNA_024/20260105_014000.WAV,recover-20260108,UBNA_024,Carp Pond
HF,46080.0,13.581923867109811,256.0105,256.0172,43515.0,56169.0,Echolocation,Pipistrellus pipistrellus,0.39,0.493,-1,192000.0,/mnt/ubna_data_07/recover-20260108/UBNA_024/20260105_014000.WAV,recover-20260108,UBNA_024,Carp Pond
HF,46080.0,4.483904821032725,256.0855,256.0911,43515.0,51302.0,Echolocation,Pipistrellus pipistrellus,0.402,0.427,-1,192000.0,/mnt/ubna_data_07/recover-20260108/UBNA_024/20260105_014000.WAV,recover-20260108,UBNA_024,Carp Pond
HF,47040.0,8.362218972005753,256.1595,256.1653,45234.0,54792.0,Echolocation,Pipistrellus pipistrellus,0.547,0.594,-1,192000.0,/mnt/ubna_data_07/recover-20260108/UBNA_024/20260105_014000.WAV,recover-20260108,UBNA_024,Carp Pond
HF,46080.0,4.586407137141459,256.2355,256.2413,45234.0,52947.0,Echolocation,Pipistrellus pipistrellus,0.45,0.464,-1,192000.0,/mnt/ubna_data_07/recover-20260108/UBNA_024/20260105_014000.WAV,recover-20260108,UBNA_024,Carp Pond
HF,45120.0,2.625582201190931,256.3165,256.3234,44375.0,53494.0,Echolocation,Pipistrellus pipistrellus,0.412,0.466,-1,192000.0,/mnt/ubna_data_07/recover-20260108/UBNA_024/20260105_014000.WAV,recover-20260108,UBNA_024,Carp Pond
HF,45120.0,9.442091987990352,256.83050000000003,256.8378,44375.0,52075.0,Echolocation,Pipistrellus pipistrellus,0.531,0.621,-1,192000.0,/mnt/ubna_data_07/recover-20260108/UBNA_024/20260105_014000.WAV,recover-20260108,UBNA_024,Carp Pond
HF,48000.0,4.43795756357424,257.0905,257.0963,44375.0,52307.0,Echolocation,Pipistrellus pipistrellus,0.541,0.566,-1,192000.0,/mnt/ubna_data_07/recover-20260108/UBNA_024/20260105_014000.WAV,recover-20260108,UBNA_024,Carp Pond
HF,47040.0,4.393591541424235,257.1725,257.1793,45234.0,51633.0,Echolocation,Pipistrellus pipistrellus,0.441,0.453,-1,192000.0,/mnt/ubna_data_07/recover-20260108/UBNA_024/20260105_014000.WAV,recover-20260108,UBNA_024,Carp Pond
HF,46080.0,2.0128547352266764,257.2745,257.2827,44375.0,52850.0,Echolocation,Pipistrellus pipistrellus,0.413,0.443,-1,192000.0,/mnt/ubna_data_07/recover-20260108/UBNA_024/20260105_014000.WAV,recover-20260108,UBNA_024,Carp Pond
HF,46080.0,6.730663966856469,257.4325,257.4377,44375.0,52363.0,Echolocation,Pipistrellus pipistrellus,0.525,0.548,-1,192000.0,/mnt/ubna_data_07/recover-20260108/UBNA_024/20260105_014000.WAV,recover-20260108,UBNA_024,Carp Pond
HF,46080.0,4.161088092317433,257.4995,257.5061,45234.0,55001.0,Echolocation,Pipistrellus pipistrellus,0.492,0.543,-1,192000.0,/mnt/ubna_data_07/recover-20260108/UBNA_024/20260105_014000.WAV,recover-20260108,UBNA_024,Carp Pond
HF,46080.0,4.562045491048702,257.5825,257.5881,44375.0,51917.0,Echolocation,Pipistrellus pipistrellus,0.469,0.49,-1,192000.0,/mnt/ubna_data_07/recover-20260108/UBNA_024/20260105_014000.WAV,recover-20260108,UBNA_024,Carp Pond
HF,46080.0,7.610345793393305,257.6675,257.6737,45234.0,53613.0,Echolocation,Pipistrellus pipistrellus,0.506,0.53,-1,192000.0,/mnt/ubna_data_07/recover-20260108/UBNA_024/20260105_014000.WAV,recover-20260108,UBNA_024,Carp Pond
HF,46080.0,2.3224150396864345,257.7285,257.7347,44375.0,50956.0,Echolocation,Pipistrellus pipistrellus,0.399,0.43,-1,192000.0,/mnt/ubna_data_07/recover-20260108/UBNA_024/20260105_014000.WAV,recover-20260108,UBNA_024,Carp Pond
HF,46080.0,6.983837316517628,267.1765,267.1829,44375.0,50741.0,Echolocation,Pipistrellus pipistrellus,0.402,0.486,-1,192000.0,/mnt/ubna_data_07/recover-20260108/UBNA_024/20260105_014000.WAV,recover-20260108,UBNA_024,Carp Pond
HF,46080.0,5.2454692398819445,267.2525,267.2582,45234.0,51494.0,Echolocation,Pipistrellus pipistrellus,0.495,0.517,-1,192000.0,/mnt/ubna_data_07/recover-20260108/UBNA_024/20260105_014000.WAV,recover-20260108,UBNA_024,Carp Pond
HF,47040.0,5.801306493658594,267.7315,267.738,44375.0,52439.0,Echolocation,Pipistrellus pipistrellus,0.444,0.496,-1,192000.0,/mnt/ubna_data_07/recover-20260108/UBNA_024/20260105_014000.WAV,recover-20260108,UBNA_024,Carp Pond
HF,46080.0,3.739323156883324,276.0095,276.0153,45234.0,53159.0,Echolocation,Pipistrellus pipistrellus,0.417,0.444,-1,192000.0,/mnt/ubna_data_07/recover-20260108/UBNA_024/20260105_014000.WAV,recover-20260108,UBNA_024,Carp Pond
HF,45120.0,1.8460681909172096,283.8005,283.8073,44375.0,50535.0,Echolocation,Pipistrellus pipistrellus,0.273,0.306,-1,192000.0,/mnt/ubna_data_07/recover-20260108/UBNA_024/20260105_014000.WAV,recover-20260108,UBNA_024,Carp Pond
HF,48000.0,1.0245349438243123,284.8075,284.8137,44375.0,51007.0,Echolocation,Pipistrellus pipistrellus,0.295,0.349,-1,192000.0,/mnt/ubna_data_07/recover-20260108/UBNA_024/20260105_014000.WAV,recover-20260108,UBNA_024,Carp Pond
HF,45120.0,3.8396505149330586,285.0925,285.1004,43515.0,52879.0,Echolocation,Pipistrellus pipistrellus,0.508,0.563,-1,192000.0,/mnt/ubna_data_07/recover-20260108/UBNA_024/20260105_014000.WAV,recover-20260108,UBNA_024,Carp Pond
HF,45120.0,2.886381187251681,285.5935,285.6026,44375.0,48579.0,Echolocation,Pipistrellus pipistrellus,0.33,0.357,-1,192000.0,/mnt/ubna_data_07/recover-20260108/UBNA_024/20260105_014000.WAV,recover-20260108,UBNA_024,Carp Pond
HF,47040.0,4.579613092022912,285.6425,285.6488,43515.0,52101.0,Echolocation,Pipistrellus pipistrellus,0.479,0.539,-1,192000.0,/mnt/ubna_data_07/recover-20260108/UBNA_024/20260105_014000.WAV,recover-20260108,UBNA_024,Carp Pond
HF,45120.0,4.026306285028181,285.6985,285.70550000000003,44375.0,51912.0,Echolocation,Pipistrellus pipistrellus,0.504,0.578,-1,192000.0,/mnt/ubna_data_07/recover-20260108/UBNA_024/20260105_014000.WAV,recover-20260108,UBNA_024,Carp Pond
HF,45120.0,2.5197403569834727,285.8735,285.8798,44375.0,52574.0,Echolocation,Pipistrellus pipistrellus,0.497,0.533,-1,192000.0,/mnt/ubna_data_07/recover-20260108/UBNA_024/20260105_014000.WAV,recover-20260108,UBNA_024,Carp Pond
HF,46080.0,4.156969586844147,285.9535,285.9616,43515.0,54696.0,Echolocation,Pipistrellus pipistrellus,0.378,0.491,-1,192000.0,/mnt/ubna_data_07/recover-20260108/UBNA_024/20260105_014000.WAV,recover-20260108,UBNA_024,Carp Pond
HF,46080.0,4.243384052653524,286.0155,286.0222,44375.0,53023.0,Echolocation,Pipistrellus pipistrellus,0.527,0.559,-1,192000.0,/mnt/ubna_data_07/recover-20260108/UBNA_024/20260105_014000.WAV,recover-20260108,UBNA_024,Carp Pond
HF,46080.0,7.25514172771538,286.1405,286.148,44375.0,50653.0,Echolocation,Pipistrellus pipistrellus,0.536,0.558,-1,192000.0,/mnt/ubna_data_07/recover-20260108/UBNA_024/20260105_014000.WAV,recover-20260108,UBNA_024,Carp Pond
HF,45120.0,10.859646680972412,286.2015,286.2074,44375.0,53244.0,Echolocation,Pipistrellus pipistrellus,0.548,0.574,-1,192000.0,/mnt/ubna_data_07/recover-20260108/UBNA_024/20260105_014000.WAV,recover-20260108,UBNA_024,Carp Pond
HF,46080.0,6.701208909065656,286.2805,286.2872,45234.0,55509.0,Echolocation,Pipistrellus pipistrellus,0.471,0.544,-1,192000.0,/mnt/ubna_data_07/recover-20260108/UBNA_024/20260105_014000.WAV,recover-20260108,UBNA_024,Carp Pond
HF,45120.0,9.037331720127963,286.3585,286.3642,44375.0,53620.0,Echolocation,Pipistrellus pipistrellus,0.557,0.6,-1,192000.0,/mnt/ubna_data_07/recover-20260108/UBNA_024/20260105_014000.WAV,recover-20260108,UBNA_024,Carp Pond
HF,45120.0,5.207664742541205,286.4425,286.4494,44375.0,52971.0,Echolocation,Pipistrellus pipistrellus,0.479,0.516,-1,192000.0,/mnt/ubna_data_07/recover-20260108/UBNA_024/20260105_014000.WAV,recover-20260108,UBNA_024,Carp Pond
HF,45120.0,6.626412021258474,286.4915,286.4981,44375.0,50115.0,Echolocation,Pipistrellus pipistrellus,0.437,0.448,-1,192000.0,/mnt/ubna_data_07/recover-20260108/UBNA_024/20260105_014000.WAV,recover-20260108,UBNA_024,Carp Pond
HF,45120.0,11.71683474608573,286.5575,286.5633,43515.0,52675.0,Echolocation,Pipistrellus pipistrellus,0.515,0.558,-1,192000.0,/mnt/ubna_data_07/recover-20260108/UBNA_024/20260105_014000.WAV,recover-20260108,UBNA_024,Carp Pond
HF,46080.0,3.8113348759849504,286.6315,286.6381,45234.0,52400.0,Echolocation,Pipistrellus pipistrellus,0.592,0.625,-1,192000.0,/mnt/ubna_data_07/recover-20260108/UBNA_024/20260105_014000.WAV,recover-20260108,UBNA_024,Carp Pond
HF,46080.0,5.670829872396173,286.6875,286.69259999999997,44375.0,52649.0,Echolocation,Pipistrellus pipistrellus,0.47,0.487,-1,192000.0,/mnt/ubna_data_07/recover-20260108/UBNA_024/20260105_014000.WAV,recover-20260108,UBNA_024,Carp Pond
HF,47040.0,5.169665461932151,287.0035,287.0093,45234.0,54044.0,Echolocation,Pipistrellus pipistrellus,0.56,0.6,-1,192000.0,/mnt/ubna_data_07/recover-20260108/UBNA_024/20260105_014000.WAV,recover-20260108,UBNA_024,Carp Pond
HF,47040.0,4.32755324698783,287.7875,287.7934,44375.0,52417.0,Echolocation,Pipistrellus pipistrellus,0.468,0.49,-1,192000.0,/mnt/ubna_data_07/recover-20260108/UBNA_024/20260105_014000.WAV,recover-20260108,UBNA_024,Carp Pond
HF,47040.0,6.832642756117318,287.8515,287.8572,44375.0,54226.0,Echolocation,Pipistrellus pipistrellus,0.522,0.555,-1,192000.0,/mnt/ubna_data_07/recover-20260108/UBNA_024/20260105_014000.WAV,recover-20260108,UBNA_024,Carp Pond
HF,46080.0,3.0507550274285333,287.9025,287.9098,45234.0,51688.0,Echolocation,Pipistrellus pipistrellus,0.289,0.305,-1,192000.0,/mnt/ubna_data_07/recover-20260108/UBNA_024/20260105_014000.WAV,recover-20260108,UBNA_024,Carp Pond
HF,47040.0,4.127483662495622,287.9495,287.9554,44375.0,51031.0,Echolocation,Pipistrellus pipistrellus,0.508,0.527,-1,192000.0,/mnt/ubna_data_07/recover-20260108/UBNA_024/20260105_014000.WAV,recover-20260108,UBNA_024,Carp Pond
HF,47040.0,4.1341011442484,138.9245,138.9305,44375.0,49320.0,Echolocation,Pipistrellus pipistrellus,0.269,0.31,-1,192000.0,/mnt/ubna_data_07/recover-20260108/UBNA_024/20260105_015000.WAV,recover-20260108,UBNA_024,Carp Pond
LF,20160.0,5.346552018904487,217.3445,217.3649,20312.0,23744.0,Echolocation,Nyctalus leisleri,0.212,0.301,-1,192000.0,/mnt/ubna_data_07/recover-20260108/UBNA_024/20260105_015000.WAV,recover-20260108,UBNA_024,Carp Pond
HF,48000.0,2.594908242141841,223.4745,223.4812,46093.0,52228.0,Echolocation,Pipistrellus pipistrellus,0.391,0.399,-1,192000.0,/mnt/ubna_data_07/recover-20260108/UBNA_024/20260105_015000.WAV,recover-20260108,UBNA_024,Carp Pond
HF,47040.0,5.301798237063467,223.7205,223.7266,46093.0,56164.0,Echolocation,Pipistrellus pipistrellus,0.378,0.437,-1,192000.0,/mnt/ubna_data_07/recover-20260108/UBNA_024/20260105_015000.WAV,recover-20260108,UBNA_024,Carp Pond
HF,48000.0,7.183341111471755,223.8875,223.893,41796.0,56730.0,Echolocation,Pipistrellus nathusii,0.092,0.333,-1,192000.0,/mnt/ubna_data_07/recover-20260108/UBNA_024/20260105_015000.WAV,recover-20260108,UBNA_024,Carp Pond
HF,47040.0,10.457990416375358,224.0085,224.0154,45234.0,53853.0,Echolocation,Pipistrellus pipistrellus,0.378,0.611,-1,192000.0,/mnt/ubna_data_07/recover-20260108/UBNA_024/20260105_015000.WAV,recover-20260108,UBNA_024,Carp Pond
HF,48960.0,5.334844064074097,224.1615,224.1675,43515.0,56233.0,Echolocation,Pipistrellus pipistrellus,0.149,0.324,-1,192000.0,/mnt/ubna_data_07/recover-20260108/UBNA_024/20260105_015000.WAV,recover-20260108,UBNA_024,Carp Pond
HF,46080.0,9.950031676349479,224.2445,224.2506,43515.0,53495.0,Echolocation,Pipistrellus pipistrellus,0.244,0.378,-1,192000.0,/mnt/ubna_data_07/recover-20260108/UBNA_024/20260105_015000.WAV,recover-20260108,UBNA_024,Carp Pond
HF,47040.0,12.712195761516597,224.3325,224.3376,42656.0,58946.0,Echolocation,Pipistrellus nathusii,0.135,0.345,-1,192000.0,/mnt/ubna_data_07/recover-20260108/UBNA_024/20260105_015000.WAV,recover-20260108,UBNA_024,Carp Pond
HF,46080.0,9.12023607510923,224.4235,224.4304,43515.0,52297.0,Echolocation,Pipistrellus nathusii,0.142,0.376,-1,192000.0,/mnt/ubna_data_07/recover-20260108/UBNA_024/20260105_015000.WAV,recover-20260108,UBNA_024,Carp Pond
HF,47040.0,8.00839484895587,224.5955,224.6014,40937.0,52700.0,Echolocation,Pipistrellus nathusii,0.196,0.366,-1,192000.0,/mnt/ubna_data_07/recover-20260108/UBNA_024/20260105_015000.WAV,recover-20260108,UBNA_024,Carp Pond
HF,47040.0,10.119555543878933,224.7035,224.709,43515.0,53460.0,Echolocation,Pipistrellus pipistrellus,0.399,0.643,-1,192000.0,/mnt/ubna_data_07/recover-20260108/UBNA_024/20260105_015000.WAV,recover-20260108,UBNA_024,Carp Pond
HF,46080.0,5.1280762143259775,224.8575,224.8644,43515.0,51087.0,Echolocation,Pipistrellus pipistrellus,0.305,0.44,-1,192000.0,/mnt/ubna_data_07/recover-20260108/UBNA_024/20260105_015000.WAV,recover-20260108,UBNA_024,Carp Pond
HF,46080.0,7.81319828741686,225.0015,225.0072,41796.0,55123.0,Echolocation,Pipistrellus nathusii,0.164,0.441,-1,192000.0,/mnt/ubna_data_07/recover-20260108/UBNA_024/20260105_015000.WAV,recover-20260108,UBNA_024,Carp Pond
HF,45120.0,8.271907269869597,225.0925,225.099,43515.0,51268.0,Echolocation,Pipistrellus pipistrellus,0.285,0.538,-1,192000.0,/mnt/ubna_data_07/recover-20260108/UBNA_024/20260105_015000.WAV,recover-20260108,UBNA_024,Carp Pond
HF,46080.0,4.28363399766367,225.1855,225.1922,43515.0,49723.0,Echolocation,Pipistrellus nathusii,0.192,0.329,-1,192000.0,/mnt/ubna_data_07/recover-20260108/UBNA_024/20260105_015000.WAV,recover-20260108,UBNA_024,Carp Pond
HF,46080.0,5.288214119430316,225.5305,225.5378,43515.0,52986.0,Echolocation,Pipistrellus pipistrellus,0.19,0.434,-1,192000.0,/mnt/ubna_data_07/recover-20260108/UBNA_024/20260105_015000.WAV,recover-20260108,UBNA_024,Carp Pond
HF,46080.0,6.701409273021801,225.6865,225.6928,45234.0,49714.0,Echolocation,Pipistrellus pipistrellus,0.255,0.349,-1,192000.0,/mnt/ubna_data_07/recover-20260108/UBNA_024/20260105_015000.WAV,recover-20260108,UBNA_024,Carp Pond
HF,46080.0,8.964408355103288,225.7695,225.7768,44375.0,52390.0,Echolocation,Pipistrellus pipistrellus,0.209,0.347,-1,192000.0,/mnt/ubna_data_07/recover-20260108/UBNA_024/20260105_015000.WAV,recover-20260108,UBNA_024,Carp Pond
HF,46080.0,1.985056618836118,225.94650000000001,225.9556,43515.0,48787.0,Echolocation,Pipistrellus nathusii,0.189,0.308,-1,192000.0,/mnt/ubna_data_07/recover-20260108/UBNA_024/20260105_015000.WAV,recover-20260108,UBNA_024,Carp Pond
HF,47040.0,4.3693709709074025,239.92849999999999,239.9346,45234.0,50450.0,Echolocation,Pipistrellus pipistrellus,0.294,0.316,-1,192000.0,/mnt/ubna_data_07/recover-20260108/UBNA_024/20260105_015000.WAV,recover-20260108,UBNA_024,Carp Pond
HF,46080.0,2.2346245018077973,241.2035,241.2094,41796.0,54745.0,Echolocation,Myotis daubentonii,0.135,0.353,-1,192000.0,/mnt/ubna_data_07/recover-20260108/UBNA_024/20260105_015000.WAV,recover-20260108,UBNA_024,Carp Pond
HF,46080.0,1.6244269863896823,261.9125,261.9201,42656.0,49684.0,Echolocation,Pipistrellus nathusii,0.146,0.313,-1,192000.0,/mnt/ubna_data_07/recover-20260108/UBNA_024/20260105_015000.WAV,recover-20260108,UBNA_024,Carp Pond
HF,48000.0,4.281215865650491,262.72950000000003,262.7342,44375.0,56128.0,Echolocation,Pipistrellus pipistrellus,0.411,0.488,-1,192000.0,/mnt/ubna_data_07/recover-20260108/UBNA_024/20260105_015000.WAV,recover-20260108,UBNA_024,Carp Pond
HF,47040.0,5.326280434710232,262.7995,262.8052,43515.0,55768.0,Echolocation,Pipistrellus pipistrellus,0.168,0.408,-1,192000.0,/mnt/ubna_data_07/recover-20260108/UBNA_024/20260105_015000.WAV,recover-20260108,UBNA_024,Carp Pond
HF,47040.0,3.817607805549485,263.0285,263.0345,46093.0,55505.0,Echolocation,Pipistrellus pipistrellus,0.351,0.413,-1,192000.0,/mnt/ubna_data_07/recover-20260108/UBNA_024/20260105_015000.WAV,recover-20260108,UBNA_024,Carp Pond
HF,46080.0,4.440929981636414,263.1145,263.1203,45234.0,52904.0,Echolocation,Pipistrellus pipistrellus,0.425,0.453,-1,192000.0,/mnt/ubna_data_07/recover-20260108/UBNA_024/20260105_015000.WAV,recover-20260108,UBNA_024,Carp Pond
HF,46080.0,5.847726658881024,263.20550000000003,263.2126,45234.0,49687.0,Echolocation,Pipistrellus pipistrellus,0.323,0.346,-1,192000.0,/mnt/ubna_data_07/recover-20260108/UBNA_024/20260105_015000.WAV,recover-20260108,UBNA_024,Carp Pond
HF,47040.0,4.742408015091923,263.2935,263.2999,46093.0,57763.0,Echolocation,Pipistrellus pipistrellus,0.321,0.394,-1,192000.0,/mnt/ubna_data_07/recover-20260108/UBNA_024/20260105_015000.WAV,recover-20260108,UBNA_024,Carp Pond
HF,47040.0,2.7361759618957686,263.5185,263.5254,42656.0,50298.0,Echolocation,Pipistrellus pipistrellus,0.198,0.375,-1,192000.0,/mnt/ubna_data_07/recover-20260108/UBNA_024/20260105_015000.WAV,recover-20260108,UBNA_024,Carp Pond
HF,46080.0,4.187839960004247,263.5975,263.6024,42656.0,55258.0,Echolocation,Pipistrellus pipistrellus,0.258,0.464,-1,192000.0,/mnt/ubna_data_07/recover-20260108/UBNA_024/20260105_015000.WAV,recover-20260108,UBNA_024,Carp Pond
HF,45120.0,4.047290907544461,287.9805,287.9871,43515.0,49789.0,Echolocation,Pipistrellus pipistrellus,0.183,0.419,-1,192000.0,/mnt/ubna_data_07/recover-20260108/UBNA_024/20260105_015000.WAV,recover-20260108,UBNA_024,Carp Pond
HF,47040.0,1.950804571567308,288.2555,288.2614,45234.0,50687.0,Echolocation,Pipistrellus pipistrellus,0.345,0.37,-1,192000.0,/mnt/ubna_data_07/recover-20260108/UBNA_024/20260105_015000.WAV,recover-20260108,UBNA_024,Carp Pond
HF,46080.0,5.794180337429919,288.4205,288.426,44375.0,50743.0,Echolocation,Pipistrellus pipistrellus,0.423,0.492,-1,192000.0,/mnt/ubna_data_07/recover-20260108/UBNA_024/20260105_015000.WAV,recover-20260108,UBNA_024,Carp Pond
HF,45120.0,2.916300343716202,290.7925,290.7985,43515.0,49699.0,Echolocation,Pipistrellus pipistrellus,0.235,0.337,-1,192000.0,/mnt/ubna_data_07/recover-20260108/UBNA_024/20260105_015000.WAV,recover-20260108,UBNA_024,Carp Pond
HF,46080.0,4.693539934505522,290.8715,290.8765,41796.0,54589.0,Echolocation,Myotis daubentonii,0.227,0.345,-1,192000.0,/mnt/ubna_data_07/recover-20260108/UBNA_024/20260105_015000.WAV,recover-20260108,UBNA_024,Carp Pond
HF,45120.0,3.688479691113999,290.95550000000003,290.9611,41796.0,54718.0,Echolocation,Myotis daubentonii,0.219,0.302,-1,192000.0,/mnt/ubna_data_07/recover-20260108/UBNA_024/20260105_015000.WAV,recover-20260108,UBNA_024,Carp Pond
HF,45120.0,4.730660292510806,291.1205,291.1278,43515.0,51131.0,Echolocation,Myotis daubentonii,0.11,0.326,-1,192000.0,/mnt/ubna_data_07/recover-20260108/UBNA_024/20260105_015000.WAV,recover-20260108,UBNA_024,Carp Pond
HF,46080.0,6.117925091750572,291.2125,291.2188,42656.0,51214.0,Echolocation,Myotis daubentonii,0.18,0.453,-1,192000.0,/mnt/ubna_data_07/recover-20260108/UBNA_024/20260105_015000.WAV,recover-20260108,UBNA_024,Carp Pond
HF,45120.0,6.747778782235824,291.2975,291.3023,41796.0,56798.0,Echolocation,Myotis daubentonii,0.407,0.523,-1,192000.0,/mnt/ubna_data_07/recover-20260108/UBNA_024/20260105_015000.WAV,recover-20260108,UBNA_024,Carp Pond
HF,46080.0,7.718593889841076,291.3805,291.3875,44375.0,50562.0,Echolocation,Pipistrellus pipistrellus,0.173,0.424,-1,192000.0,/mnt/ubna_data_07/recover-20260108/UBNA_024/20260105_015000.WAV,recover-20260108,UBNA_024,Carp Pond
HF,48000.0,1.8954727187365998,291.4675,291.4735,42656.0,58442.0,Echolocation,Myotis daubentonii,0.182,0.393,-1,192000.0,/mnt/ubna_data_07/recover-20260108/UBNA_024/20260105_015000.WAV,recover-20260108,UBNA_024,Carp Pond
HF,46080.0,2.5728669217738664,291.5525,291.5587,44375.0,52872.0,Echolocation,Pipistrellus pipistrellus,0.212,0.382,-1,192000.0,/mnt/ubna_data_07/recover-20260108/UBNA_024/20260105_015000.WAV,recover-20260108,UBNA_024,Carp Pond
HF,46080.0,6.437609239694062,291.97950000000003,291.9844,41796.0,54337.0,Echolocation,Myotis daubentonii,0.29,0.376,-1,192000.0,/mnt/ubna_data_07/recover-20260108/UBNA_024/20260105_015000.WAV,recover-20260108,UBNA_024,Carp Pond
HF,46080.0,7.0822127760073785,292.0545,292.06,44375.0,49713.0,Echolocation,Pipistrellus pipistrellus,0.372,0.427,-1,192000.0,/mnt/ubna_data_07/recover-20260108/UBNA_024/20260105_015000.WAV,recover-20260108,UBNA_024,Carp Pond
HF,47040.0,7.385868338261117,292.1275,292.1324,43515.0,58052.0,Echolocation,Pipistrellus pipistrellus,0.182,0.333,-1,192000.0,/mnt/ubna_data_07/recover-20260108/UBNA_024/20260105_015000.WAV,recover-20260108,UBNA_024,Carp Pond
HF,47040.0,6.972012145385356,292.2025,292.20799999999997,41796.0,55275.0,Echolocation,Pipistrellus pipistrellus,0.247,0.406,-1,192000.0,/mnt/ubna_data_07/recover-20260108/UBNA_024/20260105_015000.WAV,recover-20260108,UBNA_024,Carp Pond
HF,48000.0,5.959620493837795,292.2835,292.2894,43515.0,50727.0,Echolocation,Pipistrellus pipistrellus,0.405,0.496,-1,192000.0,/mnt/ubna_data_07/recover-20260108/UBNA_024/20260105_015000.WAV,recover-20260108,UBNA_024,Carp Pond
HF,47040.0,8.536555238644198,292.3615,292.3682,41796.0,52224.0,Echolocation,Pipistrellus pipistrellus,0.204,0.399,-1,192000.0,/mnt/ubna_data_07/recover-20260108/UBNA_024/20260105_015000.WAV,recover-20260108,UBNA_024,Carp Pond
HF,46080.0,4.883123453111967,292.4335,292.4408,45234.0,52771.0,Echolocation,Pipistrellus pipistrellus,0.417,0.453,-1,192000.0,/mnt/ubna_data_07/recover-20260108/UBNA_024/20260105_015000.WAV,recover-20260108,UBNA_024,Carp Pond
HF,46080.0,9.692124735662183,292.5095,292.5174,42656.0,55498.0,Echolocation,Pipistrellus pipistrellus,0.281,0.513,-1,192000.0,/mnt/ubna_data_07/recover-20260108/UBNA_024/20260105_015000.WAV,recover-20260108,UBNA_024,Carp Pond
HF,47040.0,12.095711889073302,292.5915,292.5972,43515.0,54918.0,Echolocation,Pipistrellus pipistrellus,0.43,0.608,-1,192000.0,/mnt/ubna_data_07/recover-20260108/UBNA_024/20260105_015000.WAV,recover-20260108,UBNA_024,Carp Pond
HF,47040.0,6.583833416083457,292.6735,292.6784,42656.0,54660.0,Echolocation,Pipistrellus pipistrellus,0.343,0.487,-1,192000.0,/mnt/ubna_data_07/recover-20260108/UBNA_024/20260105_015000.WAV,recover-20260108,UBNA_024,Carp Pond
HF,46080.0,8.349393669172736,292.7575,292.7627,43515.0,55367.0,Echolocation,Pipistrellus pipistrellus,0.452,0.522,-1,192000.0,/mnt/ubna_data_07/recover-20260108/UBNA_024/20260105_015000.WAV,recover-20260108,UBNA_024,Carp Pond
HF,45120.0,5.861667191970678,292.8355,292.8412,43515.0,55492.0,Echolocation,Pipistrellus pipistrellus,0.346,0.407,-1,192000.0,/mnt/ubna_data_07/recover-20260108/UBNA_024/20260105_015000.WAV,recover-20260108,UBNA_024,Carp Pond
HF,45120.0,10.441307066777643,292.9225,292.9301,43515.0,55477.0,Echolocation,Pipistrellus pipistrellus,0.391,0.5,-1,192000.0,/mnt/ubna_data_07/recover-20260108/UBNA_024/20260105_015000.WAV,recover-20260108,UBNA_024,Carp Pond
HF,47040.0,11.714610287897225,293.0145,293.0199,41796.0,59185.0,Echolocation,Pipistrellus pipistrellus,0.219,0.535,-1,192000.0,/mnt/ubna_data_07/recover-20260108/UBNA_024/20260105_015000.WAV,recover-20260108,UBNA_024,Carp Pond
HF,46080.0,4.758782378937955,293.0895,293.0964,43515.0,51661.0,Echolocation,Pipistrellus pipistrellus,0.262,0.348,-1,192000.0,/mnt/ubna_data_07/recover-20260108/UBNA_024/20260105_015000.WAV,recover-20260108,UBNA_024,Carp Pond
HF,46080.0,8.84874643283769,293.1815,293.187,41796.0,58206.0,Echolocation,Pipistrellus pipistrellus,0.344,0.597,-1,192000.0,/mnt/ubna_data_07/recover-20260108/UBNA_024/20260105_015000.WAV,recover-20260108,UBNA_024,Carp Pond
HF,46080.0,4.24148201376317,294.3585,294.3639,43515.0,52211.0,Echolocation,Pipistrellus pipistrellus,0.359,0.387,-1,192000.0,/mnt/ubna_data_07/recover-20260108/UBNA_024/20260105_015000.WAV,recover-20260108,UBNA_024,Carp Pond
HF,43200.0,3.439267511058188,294.8055,294.8109,42656.0,53192.0,Echolocation,Pipistrellus pipistrellus,0.4,0.455,-1,192000.0,/mnt/ubna_data_07/recover-20260108/UBNA_024/20260105_015000.WAV,recover-20260108,UBNA_024,Carp Pond
HF,46080.0,1.227319035577602,294.9015,294.908,44375.0,50804.0,Echolocation,Pipistrellus pipistrellus,0.387,0.425,-1,192000.0,/mnt/ubna_data_07/recover-20260108/UBNA_024/20260105_015000.WAV,recover-20260108,UBNA_024,Carp Pond
HF,47040.0,2.400187485499167,295.0065,295.0124,44375.0,54010.0,Echolocation,Pipistrellus pipistrellus,0.351,0.387,-1,192000.0,/mnt/ubna_data_07/recover-20260108/UBNA_024/20260105_015000.WAV,recover-20260108,UBNA_024,Carp Pond
HF,46080.0,3.6161447032746374,295.2605,295.2672,45234.0,51527.0,Echolocation,Pipistrellus pipistrellus,0.42,0.439,-1,192000.0,/mnt/ubna_data_07/recover-20260108/UBNA_024/20260105_015000.WAV,recover-20260108,UBNA_024,Carp Pond
HF,46080.0,7.766020990559466,295.4285,295.4347,44375.0,54506.0,Echolocation,Pipistrellus pipistrellus,0.555,0.611,-1,192000.0,/mnt/ubna_data_07/recover-20260108/UBNA_024/20260105_015000.WAV,recover-20260108,UBNA_024,Carp Pond
HF,47040.0,7.379610672710026,295.6085,295.6141,44375.0,55037.0,Echolocation,Pipistrellus pipistrellus,0.573,0.65,-1,192000.0,/mnt/ubna_data_07/recover-20260108/UBNA_024/20260105_015000.WAV,recover-20260108,UBNA_024,Carp Pond
HF,46080.0,6.20274741368063,295.8365,295.8428,45234.0,50915.0,Echolocation,Pipistrellus pipistrellus,0.491,0.562,-1,192000.0,/mnt/ubna_data_07/recover-20260108/UBNA_024/20260105_015000.WAV,recover-20260108,UBNA_024,Carp Pond
LF,21120.0,-0.100700048826401,299.8245,299.8482,18593.0,21569.0,Echolocation,Nyctalus noctula,0.276,0.357,-1,192000.0,/mnt/ubna_data_07/recover-20260108/UBNA_024/20260105_015000.WAV,recover-20260108,UBNA_024,Carp Pond
HF,45120.0,4.918759419206557,13.0685,13.0734,40937.0,55753.0,Echolocation,Myotis daubentonii,0.16,0.347,-1,192000.0,/mnt/ubna_data_07/recover-20260108/UBNA_024/20260105_020000.WAV,recover-20260108,UBNA_024,Carp Pond
HF,48000.0,12.42298722556809,14.7095,14.7149,41796.0,64814.0,Echolocation,Pipistrellus pipistrellus,0.238,0.557,-1,192000.0,/mnt/ubna_data_07/recover-20260108/UBNA_024/20260105_020000.WAV,recover-20260108,UBNA_024,Carp Pond
HF,48000.0,6.14925153830851,14.7995,14.8038,42656.0,55021.0,Echolocation,Pipistrellus nathusii,0.078,0.308,-1,192000.0,/mnt/ubna_data_07/recover-20260108/UBNA_024/20260105_020000.WAV,recover-20260108,UBNA_024,Carp Pond
HF,48000.0,4.946491858612524,14.8935,14.8994,42656.0,56875.0,Echolocation,Pipistrellus pipistrellus,0.161,0.438,-1,192000.0,/mnt/ubna_data_07/recover-20260108/UBNA_024/20260105_020000.WAV,recover-20260108,UBNA_024,Carp Pond
HF,47040.0,7.568980969816569,15.1385,15.1431,45234.0,60948.0,Echolocation,Pipistrellus pipistrellus,0.185,0.47,-1,192000.0,/mnt/ubna_data_07/recover-20260108/UBNA_024/20260105_020000.WAV,recover-20260108,UBNA_024,Carp Pond
HF,47040.0,9.072644307656564,15.2155,15.2214,46953.0,56534.0,Echolocation,Pipistrellus pipistrellus,0.283,0.354,-1,192000.0,/mnt/ubna_data_07/recover-20260108/UBNA_024/20260105_020000.WAV,recover-20260108,UBNA_024,Carp Pond
HF,46080.0,5.007974648823056,16.3515,16.3592,44375.0,52649.0,Echolocation,Pipistrellus pipistrellus,0.21,0.333,-1,192000.0,/mnt/ubna_data_07/recover-20260108/UBNA_024/20260105_020000.WAV,recover-20260108,UBNA_024,Carp Pond
HF,45120.0,3.528553842213541,30.6465,30.6504,41796.0,60449.0,Echolocation,Myotis daubentonii,0.138,0.367,-1,192000.0,/mnt/ubna_data_07/recover-20260108/UBNA_024/20260105_020000.WAV,recover-20260108,UBNA_024,Carp Pond
HF,46080.0,3.955224721540988,30.7255,30.7292,40937.0,61081.0,Echolocation,Myotis mystacinus,0.143,0.313,-1,192000.0,/mnt/ubna_data_07/recover-20260108/UBNA_024/20260105_020000.WAV,recover-20260108,UBNA_024,Carp Pond
HF,49920.0,1.7935884765905814,31.2655,31.2704,47812.0,53347.0,Echolocation,Pipistrellus pipistrellus,0.279,0.313,-1,192000.0,/mnt/ubna_data_07/recover-20260108/UBNA_024/20260105_020000.WAV,recover-20260108,UBNA_024,Carp Pond
HF,46080.0,5.853420662336494,31.3465,31.3512,40078.0,62925.0,Echolocation,Myotis mystacinus,0.121,0.349,-1,192000.0,/mnt/ubna_data_07/recover-20260108/UBNA_024/20260105_020000.WAV,recover-20260108,UBNA_024,Carp Pond
HF,49920.0,5.505391680019115,31.4775,31.4832,43515.0,56584.0,Echolocation,Pipistrellus nathusii,0.093,0.319,-1,192000.0,/mnt/ubna_data_07/recover-20260108/UBNA_024/20260105_020000.WAV,recover-20260108,UBNA_024,Carp Pond
HF,46080.0,5.399667101986642,31.7155,31.7206,43515.0,58314.0,Echolocation,Pipistrellus pipistrellus,0.196,0.448,-1,192000.0,/mnt/ubna_data_07/recover-20260108/UBNA_024/20260105_020000.WAV,recover-20260108,UBNA_024,Carp Pond
HF,46080.0,9.315069424167067,31.7975,31.8033,45234.0,55628.0,Echolocation,Pipistrellus pipistrellus,0.343,0.563,-1,192000.0,/mnt/ubna_data_07/recover-20260108/UBNA_024/20260105_020000.WAV,recover-20260108,UBNA_024,Carp Pond
HF,47040.0,3.2117287674827666,31.8795,31.8835,41796.0,58624.0,Echolocation,Myotis daubentonii,0.202,0.4,-1,192000.0,/mnt/ubna_data_07/recover-20260108/UBNA_024/20260105_020000.WAV,recover-20260108,UBNA_024,Carp Pond
HF,46080.0,3.129784765246735,31.9795,31.9851,44375.0,53806.0,Echolocation,Pipistrellus pipistrellus,0.427,0.507,-1,192000.0,/mnt/ubna_data_07/recover-20260108/UBNA_024/20260105_020000.WAV,recover-20260108,UBNA_024,Carp Pond
HF,48000.0,6.0774866638281555,32.8925,32.8962,41796.0,62369.0,Echolocation,Myotis mystacinus,0.138,0.323,-1,192000.0,/mnt/ubna_data_07/recover-20260108/UBNA_024/20260105_020000.WAV,recover-20260108,UBNA_024,Carp Pond
HF,43200.0,4.7128545050924835,49.450500000000005,49.456199999999995,40937.0,62257.0,Echolocation,Pipistrellus nathusii,0.106,0.424,-1,192000.0,/mnt/ubna_data_07/recover-20260108/UBNA_024/20260105_020000.WAV,recover-20260108,UBNA_024,Carp Pond
HF,48960.0,6.44590370144887,49.6315,49.637299999999996,40937.0,58516.0,Echolocation,Pipistrellus nathusii,0.09,0.343,-1,192000.0,/mnt/ubna_data_07/recover-20260108/UBNA_024/20260105_020000.WAV,recover-20260108,UBNA_024,Carp Pond
HF,48000.0,5.723015740090051,49.7185,49.724900000000005,45234.0,50475.0,Echolocation,Pipistrellus pipistrellus,0.353,0.427,-1,192000.0,/mnt/ubna_data_07/recover-20260108/UBNA_024/20260105_020000.WAV,recover-20260108,UBNA_024,Carp Pond
HF,47040.0,10.418711563159547,50.5845,50.5886,41796.0,55782.0,Echolocation,Myotis daubentonii,0.097,0.315,-1,192000.0,/mnt/ubna_data_07/recover-20260108/UBNA_024/20260105_020000.WAV,recover-20260108,UBNA_024,Carp Pond
HF,46080.0,5.443310929301233,50.6575,50.664100000000005,44375.0,54119.0,Echolocation,Pipistrellus pipistrellus,0.375,0.451,-1,192000.0,/mnt/ubna_data_07/recover-20260108/UBNA_024/20260105_020000.WAV,recover-20260108,UBNA_024,Carp Pond
HF,48000.0,6.153501341303524,50.7325,50.7375,43515.0,58423.0,Echolocation,Pipistrellus pipistrellus,0.317,0.492,-1,192000.0,/mnt/ubna_data_07/recover-20260108/UBNA_024/20260105_020000.WAV,recover-20260108,UBNA_024,Carp Pond
HF,47040.0,3.7362272365015166,50.8935,50.899699999999996,46093.0,54360.0,Echolocation,Pipistrellus pipistrellus,0.421,0.468,-1,192000.0,/mnt/ubna_data_07/recover-20260108/UBNA_024/20260105_020000.WAV,recover-20260108,UBNA_024,Carp Pond
HF,47040.0,4.480312979169712,50.9705,50.976,45234.0,54098.0,Echolocation,Pipistrellus pipistrellus,0.479,0.502,-1,192000.0,/mnt/ubna_data_07/recover-20260108/UBNA_024/20260105_020000.WAV,recover-20260108,UBNA_024,Carp Pond
HF,49920.0,9.14506027396715,51.0475,51.052,40937.0,60363.0,Echolocation,Myotis alcathoe,0.134,0.421,-1,192000.0,/mnt/ubna_data_07/recover-20260108/UBNA_024/20260105_020000.WAV,recover-20260108,UBNA_024,Carp Pond
HF,46080.0,5.851263058703127,51.1545,51.1596,45234.0,57323.0,Echolocation,Pipistrellus pipistrellus,0.468,0.562,-1,192000.0,/mnt/ubna_data_07/recover-20260108/UBNA_024/20260105_020000.WAV,recover-20260108,UBNA_024,Carp Pond
HF,46080.0,10.678594103798787,51.2285,51.234300000000005,46093.0,55925.0,Echolocation,Pipistrellus pipistrellus,0.449,0.472,-1,192000.0,/mnt/ubna_data_07/recover-20260108/UBNA_024/20260105_020000.WAV,recover-20260108,UBNA_024,Carp Pond
HF,46080.0,8.17657617213996,51.305499999999995,51.3103,45234.0,56994.0,Echolocation,Pipistrellus pipistrellus,0.46,0.592,-1,192000.0,/mnt/ubna_data_07/recover-20260108/UBNA_024/20260105_020000.WAV,recover-20260108,UBNA_024,Carp Pond
HF,46080.0,10.164253274398362,51.3885,51.3934,43515.0,58640.0,Echolocation,Pipistrellus pipistrellus,0.279,0.482,-1,192000.0,/mnt/ubna_data_07/recover-20260108/UBNA_024/20260105_020000.WAV,recover-20260108,UBNA_024,Carp Pond
HF,46080.0,5.529207300364861,51.566500000000005,51.571799999999996,45234.0,54831.0,Echolocation,Pipistrellus pipistrellus,0.531,0.56,-1,192000.0,/mnt/ubna_data_07/recover-20260108/UBNA_024/20260105_020000.WAV,recover-20260108,UBNA_024,Carp Pond
HF,47040.0,2.496094589406133,51.673500000000004,51.6789,45234.0,55819.0,Echolocation,Pipistrellus pipistrellus,0.271,0.315,-1,192000.0,/mnt/ubna_data_07/recover-20260108/UBNA_024/20260105_020000.WAV,recover-20260108,UBNA_024,Carp Pond
HF,45120.0,4.9844193566154,52.3765,52.3838,43515.0,50754.0,Echolocation,Pipistrellus nathusii,0.132,0.334,-1,192000.0,/mnt/ubna_data_07/recover-20260108/UBNA_024/20260105_020000.WAV,recover-20260108,UBNA_024,Carp Pond
HF,46080.0,5.934892544093192,52.4565,52.462,44375.0,50328.0,Echolocation,Pipistrellus pipistrellus,0.347,0.456,-1,192000.0,/mnt/ubna_data_07/recover-20260108/UBNA_024/20260105_020000.WAV,recover-20260108,UBNA_024,Carp Pond
HF,46080.0,5.2229538603919154,52.5975,52.6023,40937.0,53548.0,Echolocation,Myotis daubentonii,0.135,0.309,-1,192000.0,/mnt/ubna_data_07/recover-20260108/UBNA_024/20260105_020000.WAV,recover-20260108,UBNA_024,Carp Pond
HF,47040.0,8.551070485257593,52.7605,52.7662,42656.0,58416.0,Echolocation,Pipistrellus nathusii,0.245,0.462,-1,192000.0,/mnt/ubna_data_07/recover-20260108/UBNA_024/20260105_020000.WAV,recover-20260108,UBNA_024,Carp Pond
HF,46080.0,5.750536051036489,53.2155,53.222,44375.0,53974.0,Echolocation,Pipistrellus pipistrellus,0.132,0.346,-1,192000.0,/mnt/ubna_data_07/recover-20260108/UBNA_024/20260105_020000.WAV,recover-20260108,UBNA_024,Carp Pond
HF,47040.0,3.5685852511662746,54.3435,54.3489,41796.0,54831.0,Echolocation,Pipistrellus pipistrellus,0.126,0.316,-1,192000.0,/mnt/ubna_data_07/recover-20260108/UBNA_024/20260105_020000.WAV,recover-20260108,UBNA_024,Carp Pond
HF,47040.0,3.1116383268853487,54.5295,54.536,44375.0,51517.0,Echolocation,Pipistrellus pipistrellus,0.437,0.461,-1,192000.0,/mnt/ubna_data_07/recover-20260108/UBNA_024/20260105_020000.WAV,recover-20260108,UBNA_024,Carp Pond
HF,48000.0,8.696273431139222,55.3545,55.3604,46953.0,56170.0,Echolocation,Pipistrellus pipistrellus,0.455,0.482,-1,192000.0,/mnt/ubna_data_07/recover-20260108/UBNA_024/20260105_020000.WAV,recover-20260108,UBNA_024,Carp Pond
HF,48000.0,10.561957547655108,55.563500000000005,55.5685,46953.0,56203.0,Echolocation,Pipistrellus pipistrellus,0.405,0.447,-1,192000.0,/mnt/ubna_data_07/recover-20260108/UBNA_024/20260105_020000.WAV,recover-20260108,UBNA_024,Carp Pond
HF,48960.0,6.364567820117852,55.6475,55.6526,46093.0,52436.0,Echolocation,Pipistrellus pipistrellus,0.365,0.418,-1,192000.0,/mnt/ubna_data_07/recover-20260108/UBNA_024/20260105_020000.WAV,recover-20260108,UBNA_024,Carp Pond
HF,47040.0,5.079327665556681,55.7325,55.7372,43515.0,56656.0,Echolocation,Pipistrellus pipistrellus,0.143,0.308,-1,192000.0,/mnt/ubna_data_07/recover-20260108/UBNA_024/20260105_020000.WAV,recover-20260108,UBNA_024,Carp Pond
HF,48960.0,5.702110014195613,55.822500000000005,55.8288,43515.0,56857.0,Echolocation,Pipistrellus pipistrellus,0.251,0.502,-1,192000.0,/mnt/ubna_data_07/recover-20260108/UBNA_024/20260105_020000.WAV,recover-20260108,UBNA_024,Carp Pond
HF,48960.0,2.5866249714764096,55.9135,55.917500000000004,39218.0,59990.0,Echolocation,Myotis mystacinus,0.099,0.31,-1,192000.0,/mnt/ubna_data_07/recover-20260108/UBNA_024/20260105_020000.WAV,recover-20260108,UBNA_024,Carp Pond
HF,47040.0,4.165150454059712,64.4495,64.455,46093.0,51206.0,Echolocation,Pipistrellus pipistrellus,0.324,0.359,-1,192000.0,/mnt/ubna_data_07/recover-20260108/UBNA_024/20260105_020000.WAV,recover-20260108,UBNA_024,Carp Pond
HF,46080.0,11.907852832723576,65.1105,65.1164,45234.0,60351.0,Echolocation,Pipistrellus nathusii,0.107,0.388,-1,192000.0,/mnt/ubna_data_07/recover-20260108/UBNA_024/20260105_020000.WAV,recover-20260108,UBNA_024,Carp Pond
HF,46080.0,8.430316063361197,65.4105,65.4153,45234.0,53178.0,Echolocation,Pipistrellus pipistrellus,0.302,0.347,-1,192000.0,/mnt/ubna_data_07/recover-20260108/UBNA_024/20260105_020000.WAV,recover-20260108,UBNA_024,Carp Pond
HF,47040.0,5.288647886859827,65.8585,65.8618,41796.0,58697.0,Echolocation,Myotis mystacinus,0.116,0.337,-1,192000.0,/mnt/ubna_data_07/recover-20260108/UBNA_024/20260105_020000.WAV,recover-20260108,UBNA_024,Carp Pond
HF,46080.0,5.089699684954645,65.9195,65.9223,42656.0,57831.0,Echolocation,Myotis mystacinus,0.126,0.388,-1,192000.0,/mnt/ubna_data_07/recover-20260108/UBNA_024/20260105_020000.WAV,recover-20260108,UBNA_024,Carp Pond
HF,44160.0,4.142990700172469,66.1025,66.1076,41796.0,56887.0,Echolocation,Myotis daubentonii,0.178,0.381,-1,192000.0,/mnt/ubna_data_07/recover-20260108/UBNA_024/20260105_020000.WAV,recover-20260108,UBNA_024,Carp Pond
HF,45120.0,5.410636462464527,66.25450000000001,66.2587,42656.0,60094.0,Echolocation,Myotis daubentonii,0.175,0.381,-1,192000.0,/mnt/ubna_data_07/recover-20260108/UBNA_024/20260105_020000.WAV,recover-20260108,UBNA_024,Carp Pond
HF,47040.0,9.423119277544645,66.6285,66.6334,43515.0,55428.0,Echolocation,Pipistrellus pipistrellus,0.151,0.317,-1,192000.0,/mnt/ubna_data_07/recover-20260108/UBNA_024/20260105_020000.WAV,recover-20260108,UBNA_024,Carp Pond
HF,46080.0,2.087310049091617,66.7865,66.7903,41796.0,55148.0,Echolocation,Myotis daubentonii,0.172,0.321,-1,192000.0,/mnt/ubna_data_07/recover-20260108/UBNA_024/20260105_020000.WAV,recover-20260108,UBNA_024,Carp Pond
HF,45120.0,6.829160510870974,66.9475,66.9534,42656.0,58442.0,Echolocation,Myotis daubentonii,0.17,0.529,-1,192000.0,/mnt/ubna_data_07/recover-20260108/UBNA_024/20260105_020000.WAV,recover-20260108,UBNA_024,Carp Pond
HF,46080.0,4.79198580680657,67.0245,67.029,40937.0,67614.0,Echolocation,Myotis daubentonii,0.115,0.328,-1,192000.0,/mnt/ubna_data_07/recover-20260108/UBNA_024/20260105_020000.WAV,recover-20260108,UBNA_024,Carp Pond
HF,48000.0,7.2267353405480215,67.1155,67.1212,41796.0,59763.0,Echolocation,Myotis daubentonii,0.189,0.505,-1,192000.0,/mnt/ubna_data_07/recover-20260108/UBNA_024/20260105_020000.WAV,recover-20260108,UBNA_024,Carp Pond
HF,46080.0,13.788610832894271,67.1955,67.2006,40937.0,63834.0,Echolocation,Myotis daubentonii,0.124,0.358,-1,192000.0,/mnt/ubna_data_07/recover-20260108/UBNA_024/20260105_020000.WAV,recover-20260108,UBNA_024,Carp Pond
HF,44160.0,5.195346220649451,67.2725,67.2773,41796.0,62084.0,Echolocation,Myotis daubentonii,0.198,0.444,-1,192000.0,/mnt/ubna_data_07/recover-20260108/UBNA_024/20260105_020000.WAV,recover-20260108,UBNA_024,Carp Pond
HF,46080.0,8.451399433483715,67.3495,67.3547,41796.0,59087.0,Echolocation,Myotis daubentonii,0.196,0.459,-1,192000.0,/mnt/ubna_data_07/recover-20260108/UBNA_024/20260105_020000.WAV,recover-20260108,UBNA_024,Carp Pond
HF,46080.0,8.681729660699622,67.4245,67.4302,42656.0,63410.0,Echolocation,Pipistrellus pipistrellus,0.156,0.485,-1,192000.0,/mnt/ubna_data_07/recover-20260108/UBNA_024/20260105_020000.WAV,recover-20260108,UBNA_024,Carp Pond
HF,46080.0,9.575192795169944,67.5715,67.5773,42656.0,59881.0,Echolocation,Pipistrellus pipistrellus,0.193,0.551,-1,192000.0,/mnt/ubna_data_07/recover-20260108/UBNA_024/20260105_020000.WAV,recover-20260108,UBNA_024,Carp Pond
HF,56640.0,6.671599383303021,67.6455,67.6508,42656.0,65544.0,Echolocation,Myotis mystacinus,0.113,0.469,-1,192000.0,/mnt/ubna_data_07/recover-20260108/UBNA_024/20260105_020000.WAV,recover-20260108,UBNA_024,Carp Pond
HF,46080.0,9.874607788241335,67.7365,67.7417,44375.0,61398.0,Echolocation,Pipistrellus pipistrellus,0.196,0.507,-1,192000.0,/mnt/ubna_data_07/recover-20260108/UBNA_024/20260105_020000.WAV,recover-20260108,UBNA_024,Carp Pond
HF,46080.0,15.476080191463733,67.8325,67.838,40937.0,75826.0,Echolocation,Myotis alcathoe,0.164,0.498,-1,192000.0,/mnt/ubna_data_07/recover-20260108/UBNA_024/20260105_020000.WAV,recover-20260108,UBNA_024,Carp Pond
HF,47040.0,8.560963230597853,67.8985,67.9024,41796.0,65798.0,Echolocation,Myotis mystacinus,0.159,0.401,-1,192000.0,/mnt/ubna_data_07/recover-20260108/UBNA_024/20260105_020000.WAV,recover-20260108,UBNA_024,Carp Pond
HF,46080.0,9.715939345967806,67.9685,67.9734,41796.0,73938.0,Echolocation,Myotis alcathoe,0.139,0.36,-1,192000.0,/mnt/ubna_data_07/recover-20260108/UBNA_024/20260105_020000.WAV,recover-20260108,UBNA_024,Carp Pond
HF,46080.0,9.403969800733096,68.02250000000001,68.0271,40937.0,66190.0,Echolocation,Myotis alcathoe,0.109,0.323,-1,192000.0,/mnt/ubna_data_07/recover-20260108/UBNA_024/20260105_020000.WAV,recover-20260108,UBNA_024,Carp Pond
HF,45120.0,9.16955713058498,69.5015,69.5078,42656.0,51447.0,Echolocation,Pipistrellus nathusii,0.096,0.3,-1,192000.0,/mnt/ubna_data_07/recover-20260108/UBNA_024/20260105_020000.WAV,recover-20260108,UBNA_024,Carp Pond
HF,48000.0,7.156503446188566,69.6565,69.6617,45234.0,52614.0,Echolocation,Pipistrellus pipistrellus,0.391,0.442,-1,192000.0,/mnt/ubna_data_07/recover-20260108/UBNA_024/20260105_020000.WAV,recover-20260108,UBNA_024,Carp Pond
HF,45120.0,2.4438809010997984,69.8215,69.8265,42656.0,56117.0,Echolocation,Pipistrellus pipistrellus,0.146,0.344,-1,192000.0,/mnt/ubna_data_07/recover-20260108/UBNA_024/20260105_020000.WAV,recover-20260108,UBNA_024,Carp Pond
HF,48000.0,8.092907597996897,70.73349999999999,70.7376,46093.0,56255.0,Echolocation,Pipistrellus pipistrellus,0.426,0.451,-1,192000.0,/mnt/ubna_data_07/recover-20260108/UBNA_024/20260105_020000.WAV,recover-20260108,UBNA_024,Carp Pond
HF,47040.0,4.491671645199151,90.1445,90.1498,46093.0,51734.0,Echolocation,Pipistrellus pipistrellus,0.317,0.347,-1,192000.0,/mnt/ubna_data_07/recover-20260108/UBNA_024/20260105_020000.WAV,recover-20260108,UBNA_024,Carp Pond
HF,46080.0,3.8657416009495855,91.0805,91.0881,44375.0,52185.0,Echolocation,Pipistrellus pipistrellus,0.453,0.577,-1,192000.0,/mnt/ubna_data_07/recover-20260108/UBNA_024/20260105_020000.WAV,recover-20260108,UBNA_024,Carp Pond
HF,48000.0,4.936810402937241,91.4315,91.4365,45234.0,54422.0,Echolocation,Pipistrellus pipistrellus,0.268,0.308,-1,192000.0,/mnt/ubna_data_07/recover-20260108/UBNA_024/20260105_020000.WAV,recover-20260108,UBNA_024,Carp Pond
HF,45120.0,7.7989309945992025,91.8755,91.8806,44375.0,56542.0,Echolocation,Pipistrellus pipistrellus,0.572,0.612,-1,192000.0,/mnt/ubna_data_07/recover-20260108/UBNA_024/20260105_020000.WAV,recover-20260108,UBNA_024,Carp Pond
HF,46080.0,6.829836912751247,92.0535,92.0591,45234.0,51236.0,Echolocation,Pipistrellus pipistrellus,0.419,0.454,-1,192000.0,/mnt/ubna_data_07/recover-20260108/UBNA_024/20260105_020000.WAV,recover-20260108,UBNA_024,Carp Pond
HF,47040.0,5.499297932074527,92.1315,92.1368,44375.0,51610.0,Echolocation,Pipistrellus pipistrellus,0.305,0.342,-1,192000.0,/mnt/ubna_data_07/recover-20260108/UBNA_024/20260105_020000.WAV,recover-20260108,UBNA_024,Carp Pond
HF,46080.0,15.65294062538047,92.2085,92.2148,43515.0,63441.0,Echolocation,Pipistrellus nathusii,0.104,0.36,-1,192000.0,/mnt/ubna_data_07/recover-20260108/UBNA_024/20260105_020000.WAV,recover-20260108,UBNA_024,Carp Pond
HF,48000.0,5.121104032207584,92.4185,92.4244,44375.0,56094.0,Echolocation,Pipistrellus pipistrellus,0.333,0.416,-1,192000.0,/mnt/ubna_data_07/recover-20260108/UBNA_024/20260105_020000.WAV,recover-20260108,UBNA_024,Carp Pond
HF,47040.0,4.099633162651578,121.2915,121.2975,43515.0,53042.0,Echolocation,Pipistrellus pipistrellus,0.157,0.302,-1,192000.0,/mnt/ubna_data_07/recover-20260108/UBNA_024/20260105_020000.WAV,recover-20260108,UBNA_024,Carp Pond
HF,47040.0,2.0484189790433502,121.4685,121.4742,45234.0,49881.0,Echolocation,Pipistrellus pipistrellus,0.295,0.321,-1,192000.0,/mnt/ubna_data_07/recover-20260108/UBNA_024/20260105_020000.WAV,recover-20260108,UBNA_024,Carp Pond
HF,48000.0,6.7432468894569,121.5475,121.5513,42656.0,60865.0,Echolocation,Myotis alcathoe,0.096,0.394,-1,192000.0,/mnt/ubna_data_07/recover-20260108/UBNA_024/20260105_020000.WAV,recover-20260108,UBNA_024,Carp Pond
HF,48000.0,8.804224283825018,121.6985,121.704,43515.0,59418.0,Echolocation,Pipistrellus pipistrellus,0.193,0.494,-1,192000.0,/mnt/ubna_data_07/recover-20260108/UBNA_024/20260105_020000.WAV,recover-20260108,UBNA_024,Carp Pond
HF,47040.0,5.6962995767700715,121.8425,121.8479,44375.0,52891.0,Echolocation,Pipistrellus pipistrellus,0.374,0.462,-1,192000.0,/mnt/ubna_data_07/recover-20260108/UBNA_024/20260105_020000.WAV,recover-20260108,UBNA_024,Carp Pond
HF,48960.0,5.900736305159421,121.9275,121.9333,42656.0,59070.0,Echolocation,Pipistrellus nathusii,0.13,0.339,-1,192000.0,/mnt/ubna_data_07/recover-20260108/UBNA_024/20260105_020000.WAV,recover-20260108,UBNA_024,Carp Pond
HF,46080.0,10.368621764511342,122.1645,122.1702,44375.0,54594.0,Echolocation,Pipistrellus pipistrellus,0.36,0.437,-1,192000.0,/mnt/ubna_data_07/recover-20260108/UBNA_024/20260105_020000.WAV,recover-20260108,UBNA_024,Carp Pond
HF,48000.0,5.902209890771855,122.4085,122.4136,46093.0,52679.0,Echolocation,Pipistrellus pipistrellus,0.377,0.395,-1,192000.0,/mnt/ubna_data_07/recover-20260108/UBNA_024/20260105_020000.WAV,recover-20260108,UBNA_024,Carp Pond
HF,45120.0,4.459815495847535,123.5665,123.5735,42656.0,54569.0,Echolocation,Pipistrellus nathusii,0.127,0.369,-1,192000.0,/mnt/ubna_data_07/recover-20260108/UBNA_024/20260105_020000.WAV,recover-20260108,UBNA_024,Carp Pond
HF,43200.0,4.588998266081671,123.6525,123.6585,40937.0,55250.0,Echolocation,Pipistrellus nathusii,0.094,0.347,-1,192000.0,/mnt/ubna_data_07/recover-20260108/UBNA_024/20260105_020000.WAV,recover-20260108,UBNA_024,Carp Pond
HF,46080.0,3.6753141394046507,123.8195,123.826,44375.0,51253.0,Echolocation,Pipistrellus pipistrellus,0.243,0.307,-1,192000.0,/mnt/ubna_data_07/recover-20260108/UBNA_024/20260105_020000.WAV,recover-20260108,UBNA_024,Carp Pond
HF,43200.0,7.216402853899583,124.3335,124.3392,41796.0,62398.0,Echolocation,Myotis daubentonii,0.263,0.533,-1,192000.0,/mnt/ubna_data_07/recover-20260108/UBNA_024/20260105_020000.WAV,recover-20260108,UBNA_024,Carp Pond
HF,47040.0,5.051620657304081,124.4745,124.4803,43515.0,50269.0,Echolocation,Pipistrellus pipistrellus,0.22,0.304,-1,192000.0,/mnt/ubna_data_07/recover-20260108/UBNA_024/20260105_020000.WAV,recover-20260108,UBNA_024,Carp Pond
HF,47040.0,4.644279395614201,124.6985,124.7039,41796.0,58750.0,Echolocation,Myotis daubentonii,0.255,0.422,-1,192000.0,/mnt/ubna_data_07/recover-20260108/UBNA_024/20260105_020000.WAV,recover-20260108,UBNA_024,Carp Pond
HF,46080.0,8.651610949790475,124.9235,124.9303,44375.0,51999.0,Echolocation,Pipistrellus pipistrellus,0.147,0.305,-1,192000.0,/mnt/ubna_data_07/recover-20260108/UBNA_024/20260105_020000.WAV,recover-20260108,UBNA_024,Carp Pond
HF,46080.0,10.063134129000577,125.0025,125.007,40937.0,59768.0,Echolocation,Myotis daubentonii,0.234,0.363,-1,192000.0,/mnt/ubna_data_07/recover-20260108/UBNA_024/20260105_020000.WAV,recover-20260108,UBNA_024,Carp Pond
HF,46080.0,8.1582105241732,125.2185,125.2249,42656.0,61135.0,Echolocation,Myotis daubentonii,0.203,0.527,-1,192000.0,/mnt/ubna_data_07/recover-20260108/UBNA_024/20260105_020000.WAV,recover-20260108,UBNA_024,Carp Pond
HF,47040.0,4.448264205101704,125.9825,125.9883,42656.0,55038.0,Echolocation,Myotis daubentonii,0.131,0.315,-1,192000.0,/mnt/ubna_data_07/recover-20260108/UBNA_024/20260105_020000.WAV,recover-20260108,UBNA_024,Carp Pond
HF,45120.0,4.158420230271435,126.1475,126.153,44375.0,51840.0,Echolocation,Pipistrellus pipistrellus,0.336,0.376,-1,192000.0,/mnt/ubna_data_07/recover-20260108/UBNA_024/20260105_020000.WAV,recover-20260108,UBNA_024,Carp Pond
HF,45120.0,2.785376232989185,126.2995,126.3052,42656.0,54083.0,Echolocation,Pipistrellus pipistrellus,0.124,0.325,-1,192000.0,/mnt/ubna_data_07/recover-20260108/UBNA_024/20260105_020000.WAV,recover-20260108,UBNA_024,Carp Pond
HF,47040.0,5.382377772991972,126.6455,126.6535,42656.0,53132.0,Echolocation,Pipistrellus nathusii,0.137,0.302,-1,192000.0,/mnt/ubna_data_07/recover-20260108/UBNA_024/20260105_020000.WAV,recover-20260108,UBNA_024,Carp Pond
HF,46080.0,5.436307554931403,127.6945,127.7005,45234.0,54490.0,Echolocation,Pipistrellus pipistrellus,0.3,0.401,-1,192000.0,/mnt/ubna_data_07/recover-20260108/UBNA_024/20260105_020000.WAV,recover-20260108,UBNA_024,Carp Pond
HF,48000.0,4.5146738451922666,127.7755,127.7817,43515.0,54141.0,Echolocation,Pipistrellus pipistrellus,0.218,0.34,-1,192000.0,/mnt/ubna_data_07/recover-20260108/UBNA_024/20260105_020000.WAV,recover-20260108,UBNA_024,Carp Pond
HF,48000.0,2.6090298850681224,127.9475,127.9543,43515.0,51644.0,Echolocation,Pipistrellus nathusii,0.134,0.317,-1,192000.0,/mnt/ubna_data_07/recover-20260108/UBNA_024/20260105_020000.WAV,recover-20260108,UBNA_024,Carp Pond
HF,46080.0,5.857278887131809,137.3265,137.3326,45234.0,50010.0,Echolocation,Pipistrellus pipistrellus,0.34,0.366,-1,192000.0,/mnt/ubna_data_07/recover-20260108/UBNA_024/20260105_020000.WAV,recover-20260108,UBNA_024,Carp Pond
HF,46080.0,7.620295521737772,138.5645,138.5701,42656.0,56113.0,Echolocation,Pipistrellus nathusii,0.097,0.357,-1,192000.0,/mnt/ubna_data_07/recover-20260108/UBNA_024/20260105_020000.WAV,recover-20260108,UBNA_024,Carp Pond
HF,46080.0,1.491943403274238,138.6535,138.6591,42656.0,53269.0,Echolocation,Pipistrellus nathusii,0.133,0.315,-1,192000.0,/mnt/ubna_data_07/recover-20260108/UBNA_024/20260105_020000.WAV,recover-20260108,UBNA_024,Carp Pond
HF,48000.0,5.566395339277488,164.7775,164.783,45234.0,55342.0,Echolocation,Pipistrellus pipistrellus,0.392,0.455,-1,192000.0,/mnt/ubna_data_07/recover-20260108/UBNA_024/20260105_020000.WAV,recover-20260108,UBNA_024,Carp Pond
HF,46080.0,2.604013995120061,164.9215,164.9269,44375.0,54646.0,Echolocation,Pipistrellus pipistrellus,0.425,0.463,-1,192000.0,/mnt/ubna_data_07/recover-20260108/UBNA_024/20260105_020000.WAV,recover-20260108,UBNA_024,Carp Pond
HF,48960.0,6.970052253118537,166.4455,166.45,46953.0,58855.0,Echolocation,Pipistrellus pipistrellus,0.448,0.491,-1,192000.0,/mnt/ubna_data_07/recover-20260108/UBNA_024/20260105_020000.WAV,recover-20260108,UBNA_024,Carp Pond
HF,48000.0,8.06076527199769,166.9935,166.9985,46953.0,59871.0,Echolocation,Pipistrellus pipistrellus,0.464,0.519,-1,192000.0,/mnt/ubna_data_07/recover-20260108/UBNA_024/20260105_020000.WAV,recover-20260108,UBNA_024,Carp Pond
HF,48000.0,11.772219478474673,167.2145,167.2194,44375.0,57957.0,Echolocation,Pipistrellus pipistrellus,0.252,0.457,-1,192000.0,/mnt/ubna_data_07/recover-20260108/UBNA_024/20260105_020000.WAV,recover-20260108,UBNA_024,Carp Pond
HF,46080.0,4.997617942092786,168.04149999999998,168.0479,45234.0,52878.0,Echolocation,Pipistrellus pipistrellus,0.407,0.487,-1,192000.0,/mnt/ubna_data_07/recover-20260108/UBNA_024/20260105_020000.WAV,recover-20260108,UBNA_024,Carp Pond
HF,46080.0,3.065929346891058,172.2375,172.242,44375.0,53134.0,Echolocation,Pipistrellus pipistrellus,0.455,0.506,-1,192000.0,/mnt/ubna_data_07/recover-20260108/UBNA_024/20260105_020000.WAV,recover-20260108,UBNA_024,Carp Pond
HF,47040.0,3.8325041905119446,174.0085,174.0145,43515.0,53366.0,Echolocation,Pipistrellus pipistrellus,0.208,0.395,-1,192000.0,/mnt/ubna_data_07/recover-20260108/UBNA_024/20260105_020000.WAV,recover-20260108,UBNA_024,Carp Pond
HF,47040.0,4.787823866661884,174.2705,174.2759,46093.0,53397.0,Echolocation,Pipistrellus pipistrellus,0.303,0.323,-1,192000.0,/mnt/ubna_data_07/recover-20260108/UBNA_024/20260105_020000.WAV,recover-20260108,UBNA_024,Carp Pond
HF,47040.0,4.053331801803776,174.4945,174.49869999999999,44375.0,65314.0,Echolocation,Myotis alcathoe,0.152,0.333,-1,192000.0,/mnt/ubna_data_07/recover-20260108/UBNA_024/20260105_020000.WAV,recover-20260108,UBNA_024,Carp Pond
HF,49920.0,9.036420124910563,174.5885,174.5937,45234.0,63201.0,Echolocation,Pipistrellus pipistrellus,0.288,0.498,-1,192000.0,/mnt/ubna_data_07/recover-20260108/UBNA_024/20260105_020000.WAV,recover-20260108,UBNA_024,Carp Pond
HF,47040.0,6.4852002205782355,174.6955,174.701,46093.0,56778.0,Echolocation,Pipistrellus pipistrellus,0.374,0.453,-1,192000.0,/mnt/ubna_data_07/recover-20260108/UBNA_024/20260105_020000.WAV,recover-20260108,UBNA_024,Carp Pond
HF,45120.0,3.023146481075246,175.2365,175.2421,44375.0,53551.0,Echolocation,Pipistrellus pipistrellus,0.357,0.468,-1,192000.0,/mnt/ubna_data_07/recover-20260108/UBNA_024/20260105_020000.WAV,recover-20260108,UBNA_024,Carp Pond
HF,45120.0,7.318479899440787,175.55349999999999,175.5596,43515.0,55112.0,Echolocation,Pipistrellus pipistrellus,0.213,0.439,-1,192000.0,/mnt/ubna_data_07/recover-20260108/UBNA_024/20260105_020000.WAV,recover-20260108,UBNA_024,Carp Pond
HF,48000.0,2.6903401196455663,175.6155,175.6197,44375.0,61116.0,Echolocation,Pipistrellus pipistrellus,0.16,0.368,-1,192000.0,/mnt/ubna_data_07/recover-20260108/UBNA_024/20260105_020000.WAV,recover-20260108,UBNA_024,Carp Pond
HF,47040.0,3.414481906374714,175.8445,175.8502,44375.0,53739.0,Echolocation,Pipistrellus pipistrellus,0.254,0.305,-1,192000.0,/mnt/ubna_data_07/recover-20260108/UBNA_024/20260105_020000.WAV,recover-20260108,UBNA_024,Carp Pond
HF,46080.0,9.207266044997537,175.9275,175.9334,43515.0,54147.0,Echolocation,Pipistrellus nathusii,0.163,0.338,-1,192000.0,/mnt/ubna_data_07/recover-20260108/UBNA_024/20260105_020000.WAV,recover-20260108,UBNA_024,Carp Pond
HF,46080.0,8.53247999960862,176.1595,176.165,40937.0,54635.0,Echolocation,Myotis daubentonii,0.119,0.35,-1,192000.0,/mnt/ubna_data_07/recover-20260108/UBNA_024/20260105_020000.WAV,recover-20260108,UBNA_024,Carp Pond
HF,46080.0,12.251440598906642,176.8955,176.9008,41796.0,62940.0,Echolocation,Pipistrellus nathusii,0.106,0.31,-1,192000.0,/mnt/ubna_data_07/recover-20260108/UBNA_024/20260105_020000.WAV,recover-20260108,UBNA_024,Carp Pond
HF,46080.0,10.43003064616884,176.9795,176.9854,41796.0,63829.0,Echolocation,Pipistrellus nathusii,0.195,0.461,-1,192000.0,/mnt/ubna_data_07/recover-20260108/UBNA_024/20260105_020000.WAV,recover-20260108,UBNA_024,Carp Pond
HF,46080.0,11.198569324792933,178.2815,178.2861,41796.0,66749.0,Echolocation,Myotis alcathoe,0.12,0.393,-1,192000.0,/mnt/ubna_data_07/recover-20260108/UBNA_024/20260105_020000.WAV,recover-20260108,UBNA_024,Carp Pond
HF,46080.0,14.875873013688445,178.3565,178.362,40937.0,71110.0,Echolocation,Pipistrellus pipistrellus,0.162,0.489,-1,192000.0,/mnt/ubna_data_07/recover-20260108/UBNA_024/20260105_020000.WAV,recover-20260108,UBNA_024,Carp Pond
HF,50880.0,4.135399198709613,178.4355,178.4398,42656.0,61475.0,Echolocation,Myotis alcathoe,0.175,0.338,-1,192000.0,/mnt/ubna_data_07/recover-20260108/UBNA_024/20260105_020000.WAV,recover-20260108,UBNA_024,Carp Pond
HF,46080.0,7.892643394256219,180.2305,180.2355,44375.0,51147.0,Echolocation,Pipistrellus pipistrellus,0.376,0.413,-1,192000.0,/mnt/ubna_data_07/recover-20260108/UBNA_024/20260105_020000.WAV,recover-20260108,UBNA_024,Carp Pond
HF,48000.0,0.5729516750847509,180.3935,180.4001,45234.0,52302.0,Echolocation,Pipistrellus pipistrellus,0.315,0.329,-1,192000.0,/mnt/ubna_data_07/recover-20260108/UBNA_024/20260105_020000.WAV,recover-20260108,UBNA_024,Carp Pond
HF,47040.0,2.7613768132317853,180.5185,180.5253,44375.0,52593.0,Echolocation,Pipistrellus pipistrellus,0.3,0.321,-1,192000.0,/mnt/ubna_data_07/recover-20260108/UBNA_024/20260105_020000.WAV,recover-20260108,UBNA_024,Carp Pond
HF,47040.0,1.2147116116414542,180.6095,180.6159,44375.0,51846.0,Echolocation,Pipistrellus pipistrellus,0.339,0.361,-1,192000.0,/mnt/ubna_data_07/recover-20260108/UBNA_024/20260105_020000.WAV,recover-20260108,UBNA_024,Carp Pond
HF,47040.0,7.431360577088469,180.7745,180.7793,44375.0,54384.0,Echolocation,Pipistrellus pipistrellus,0.373,0.404,-1,192000.0,/mnt/ubna_data_07/recover-20260108/UBNA_024/20260105_020000.WAV,recover-20260108,UBNA_024,Carp Pond
HF,47040.0,6.106013277922243,181.7545,181.7604,45234.0,50962.0,Echolocation,Pipistrellus pipistrellus,0.451,0.473,-1,192000.0,/mnt/ubna_data_07/recover-20260108/UBNA_024/20260105_020000.WAV,recover-20260108,UBNA_024,Carp Pond
HF,48000.0,1.9875248482339631,183.4375,183.4445,41796.0,56201.0,Echolocation,Pipistrellus nathusii,0.114,0.319,-1,192000.0,/mnt/ubna_data_07/recover-20260108/UBNA_024/20260105_020000.WAV,recover-20260108,UBNA_024,Carp Pond
HF,46080.0,5.029441117389343,192.3655,192.3707,43515.0,54389.0,Echolocation,Pipistrellus pipistrellus,0.131,0.346,-1,192000.0,/mnt/ubna_data_07/recover-20260108/UBNA_024/20260105_020000.WAV,recover-20260108,UBNA_024,Carp Pond
HF,47040.0,9.45446313010798,192.4565,192.4619,44375.0,53865.0,Echolocation,Pipistrellus pipistrellus,0.255,0.416,-1,192000.0,/mnt/ubna_data_07/recover-20260108/UBNA_024/20260105_020000.WAV,recover-20260108,UBNA_024,Carp Pond
HF,46080.0,6.72941949564928,192.5435,192.5492,44375.0,54265.0,Echolocation,Pipistrellus pipistrellus,0.259,0.471,-1,192000.0,/mnt/ubna_data_07/recover-20260108/UBNA_024/20260105_020000.WAV,recover-20260108,UBNA_024,Carp Pond
HF,47040.0,6.122435778741865,192.7065,192.7114,42656.0,56295.0,Echolocation,Pipistrellus pipistrellus,0.153,0.457,-1,192000.0,/mnt/ubna_data_07/recover-20260108/UBNA_024/20260105_020000.WAV,recover-20260108,UBNA_024,Carp Pond
HF,48960.0,8.28311717492785,192.7895,192.7947,42656.0,52889.0,Echolocation,Pipistrellus nathusii,0.125,0.306,-1,192000.0,/mnt/ubna_data_07/recover-20260108/UBNA_024/20260105_020000.WAV,recover-20260108,UBNA_024,Carp Pond
HF,46080.0,11.637088810032656,192.8615,192.8654,41796.0,58882.0,Echolocation,Myotis daubentonii,0.113,0.349,-1,192000.0,/mnt/ubna_data_07/recover-20260108/UBNA_024/20260105_020000.WAV,recover-20260108,UBNA_024,Carp Pond
HF,44160.0,1.977259029965923,193.20850000000002,193.2134,41796.0,55606.0,Echolocation,Myotis daubentonii,0.151,0.351,-1,192000.0,/mnt/ubna_data_07/recover-20260108/UBNA_024/20260105_020000.WAV,recover-20260108,UBNA_024,Carp Pond
HF,44160.0,7.323109501335191,193.7705,193.7743,41796.0,52768.0,Echolocation,Myotis daubentonii,0.182,0.364,-1,192000.0,/mnt/ubna_data_07/recover-20260108/UBNA_024/20260105_020000.WAV,recover-20260108,UBNA_024,Carp Pond
HF,47040.0,15.049151490488574,193.8445,193.8509,42656.0,56654.0,Echolocation,Pipistrellus nathusii,0.126,0.393,-1,192000.0,/mnt/ubna_data_07/recover-20260108/UBNA_024/20260105_020000.WAV,recover-20260108,UBNA_024,Carp Pond
HF,46080.0,9.792799933151446,194.0905,194.0959,41796.0,58889.0,Echolocation,Pipistrellus pipistrellus,0.103,0.327,-1,192000.0,/mnt/ubna_data_07/recover-20260108/UBNA_024/20260105_020000.WAV,recover-20260108,UBNA_024,Carp Pond
HF,43200.0,9.039804077071112,194.1715,194.1775,41796.0,57340.0,Echolocation,Myotis daubentonii,0.198,0.518,-1,192000.0,/mnt/ubna_data_07/recover-20260108/UBNA_024/20260105_020000.WAV,recover-20260108,UBNA_024,Carp Pond
HF,46080.0,17.94210239157081,194.2625,194.2688,41796.0,65227.0,Echolocation,Pipistrellus nathusii,0.151,0.534,-1,192000.0,/mnt/ubna_data_07/recover-20260108/UBNA_024/20260105_020000.WAV,recover-20260108,UBNA_024,Carp Pond
HF,46080.0,8.62638236642852,194.3455,194.3496,41796.0,65020.0,Echolocation,Myotis mystacinus,0.079,0.306,-1,192000.0,/mnt/ubna_data_07/recover-20260108/UBNA_024/20260105_020000.WAV,recover-20260108,UBNA_024,Carp Pond
HF,46080.0,5.752421461558991,194.7795,194.78640000000001,43515.0,53614.0,Echolocation,Pipistrellus pipistrellus,0.275,0.509,-1,192000.0,/mnt/ubna_data_07/recover-20260108/UBNA_024/20260105_020000.WAV,recover-20260108,UBNA_024,Carp Pond
HF,47040.0,11.258527380643946,194.8635,194.8682,39218.0,57124.0,Echolocation,Myotis daubentonii,0.091,0.357,-1,192000.0,/mnt/ubna_data_07/recover-20260108/UBNA_024/20260105_020000.WAV,recover-20260108,UBNA_024,Carp Pond
HF,48000.0,2.197017428845479,195.0165,195.022,46953.0,52789.0,Echolocation,Pipistrellus pipistrellus,0.344,0.368,-1,192000.0,/mnt/ubna_data_07/recover-20260108/UBNA_024/20260105_020000.WAV,recover-20260108,UBNA_024,Carp Pond
HF,48000.0,4.122845532901001,228.1525,228.1577,43515.0,54048.0,Echolocation,Pipistrellus pipistrellus,0.342,0.432,-1,192000.0,/mnt/ubna_data_07/recover-20260108/UBNA_024/20260105_020000.WAV,recover-20260108,UBNA_024,Carp Pond
HF,48000.0,5.780960418286081,229.7375,229.74439999999998,43515.0,49861.0,Echolocation,Pipistrellus pipistrellus,0.125,0.365,-1,192000.0,/mnt/ubna_data_07/recover-20260108/UBNA_024/20260105_020000.WAV,recover-20260108,UBNA_024,Carp Pond
HF,48960.0,4.867936475250373,230.0655,230.0724,45234.0,52375.0,Echolocation,Pipistrellus pipistrellus,0.294,0.341,-1,192000.0,/mnt/ubna_data_07/recover-20260108/UBNA_024/20260105_020000.WAV,recover-20260108,UBNA_024,Carp Pond
HF,47040.0,2.9429739885960977,230.6835,230.6891,45234.0,56774.0,Echolocation,Pipistrellus pipistrellus,0.261,0.309,-1,192000.0,/mnt/ubna_data_07/recover-20260108/UBNA_024/20260105_020000.WAV,recover-20260108,UBNA_024,Carp Pond
HF,47040.0,8.880094539749246,230.7455,230.7505,45234.0,53114.0,Echolocation,Pipistrellus pipistrellus,0.491,0.527,-1,192000.0,/mnt/ubna_data_07/recover-20260108/UBNA_024/20260105_020000.WAV,recover-20260108,UBNA_024,Carp Pond
HF,47040.0,10.358995328833295,230.8135,230.8197,44375.0,60278.0,Echolocation,Pipistrellus pipistrellus,0.16,0.321,-1,192000.0,/mnt/ubna_data_07/recover-20260108/UBNA_024/20260105_020000.WAV,recover-20260108,UBNA_024,Carp Pond
HF,46080.0,11.257992204145841,230.9055,230.9107,43515.0,56270.0,Echolocation,Pipistrellus pipistrellus,0.412,0.532,-1,192000.0,/mnt/ubna_data_07/recover-20260108/UBNA_024/20260105_020000.WAV,recover-20260108,UBNA_024,Carp Pond
HF,46080.0,4.305873227559608,231.0505,231.0553,42656.0,57813.0,Echolocation,Pipistrellus pipistrellus,0.174,0.448,-1,192000.0,/mnt/ubna_data_07/recover-20260108/UBNA_024/20260105_020000.WAV,recover-20260108,UBNA_024,Carp Pond
HF,46080.0,9.018124532670331,241.9325,241.9388,43515.0,49622.0,Echolocation,Pipistrellus nathusii,0.16,0.381,-1,192000.0,/mnt/ubna_data_07/recover-20260108/UBNA_024/20260105_020000.WAV,recover-20260108,UBNA_024,Carp Pond
HF,46080.0,1.329647552490638,242.0185,242.0242,42656.0,53441.0,Echolocation,Pipistrellus pipistrellus,0.215,0.389,-1,192000.0,/mnt/ubna_data_07/recover-20260108/UBNA_024/20260105_020000.WAV,recover-20260108,UBNA_024,Carp Pond
HF,46080.0,11.209463498193262,242.4845,242.4942,44375.0,58524.0,Echolocation,Pipistrellus pipistrellus,0.284,0.456,-1,192000.0,/mnt/ubna_data_07/recover-20260108/UBNA_024/20260105_020000.WAV,recover-20260108,UBNA_024,Carp Pond
HF,47040.0,5.41534834884605,242.5585,242.5642,46093.0,52704.0,Echolocation,Pipistrellus pipistrellus,0.284,0.324,-1,192000.0,/mnt/ubna_data_07/recover-20260108/UBNA_024/20260105_020000.WAV,recover-20260108,UBNA_024,Carp Pond
HF,47040.0,5.397869608774676,242.7205,242.7255,45234.0,56199.0,Echolocation,Pipistrellus pipistrellus,0.358,0.416,-1,192000.0,/mnt/ubna_data_07/recover-20260108/UBNA_024/20260105_020000.WAV,recover-20260108,UBNA_024,Carp Pond
HF,48000.0,6.0330305476128485,242.8065,242.8118,46093.0,54012.0,Echolocation,Pipistrellus pipistrellus,0.293,0.33,-1,192000.0,/mnt/ubna_data_07/recover-20260108/UBNA_024/20260105_020000.WAV,recover-20260108,UBNA_024,Carp Pond
HF,47040.0,7.945983970313918,242.8925,242.898,45234.0,53416.0,Echolocation,Pipistrellus pipistrellus,0.467,0.507,-1,192000.0,/mnt/ubna_data_07/recover-20260108/UBNA_024/20260105_020000.WAV,recover-20260108,UBNA_024,Carp Pond
HF,48000.0,5.433026554919974,243.0535,243.0592,45234.0,55792.0,Echolocation,Pipistrellus pipistrellus,0.241,0.323,-1,192000.0,/mnt/ubna_data_07/recover-20260108/UBNA_024/20260105_020000.WAV,recover-20260108,UBNA_024,Carp Pond
HF,48960.0,4.92966420625067,243.1285,243.1343,42656.0,55033.0,Echolocation,Pipistrellus pipistrellus,0.195,0.527,-1,192000.0,/mnt/ubna_data_07/recover-20260108/UBNA_024/20260105_020000.WAV,recover-20260108,UBNA_024,Carp Pond
HF,45120.0,8.143808865391712,243.2065,243.2115,42656.0,55848.0,Echolocation,Pipistrellus pipistrellus,0.13,0.449,-1,192000.0,/mnt/ubna_data_07/recover-20260108/UBNA_024/20260105_020000.WAV,recover-20260108,UBNA_024,Carp Pond
HF,48000.0,9.285234387007714,243.2745,243.2794,43515.0,60727.0,Echolocation,Pipistrellus pipistrellus,0.19,0.435,-1,192000.0,/mnt/ubna_data_07/recover-20260108/UBNA_024/20260105_020000.WAV,recover-20260108,UBNA_024,Carp Pond
HF,46080.0,10.623607794510821,243.3845,243.3895,43515.0,60497.0,Echolocation,Pipistrellus pipistrellus,0.351,0.559,-1,192000.0,/mnt/ubna_data_07/recover-20260108/UBNA_024/20260105_020000.WAV,recover-20260108,UBNA_024,Carp Pond
HF,45120.0,7.223006486420114,243.4535,243.4583,43515.0,55928.0,Echolocation,Pipistrellus pipistrellus,0.333,0.558,-1,192000.0,/mnt/ubna_data_07/recover-20260108/UBNA_024/20260105_020000.WAV,recover-20260108,UBNA_024,Carp Pond
HF,48000.0,1.453319517892967,243.7455,243.7519,46093.0,55371.0,Echolocation,Pipistrellus pipistrellus,0.252,0.313,-1,192000.0,/mnt/ubna_data_07/recover-20260108/UBNA_024/20260105_020000.WAV,recover-20260108,UBNA_024,Carp Pond
HF,48000.0,4.799869170138852,244.0405,244.0461,46093.0,54958.0,Echolocation,Pipistrellus pipistrellus,0.431,0.456,-1,192000.0,/mnt/ubna_data_07/recover-20260108/UBNA_024/20260105_020000.WAV,recover-20260108,UBNA_024,Carp Pond
HF,46080.0,3.026876468024951,244.2855,244.2921,43515.0,52437.0,Echolocation,Pipistrellus pipistrellus,0.259,0.31,-1,192000.0,/mnt/ubna_data_07/recover-20260108/UBNA_024/20260105_020000.WAV,recover-20260108,UBNA_024,Carp Pond
HF,46080.0,3.1364278863148765,244.7045,244.7101,43515.0,55339.0,Echolocation,Pipistrellus pipistrellus,0.307,0.393,-1,192000.0,/mnt/ubna_data_07/recover-20260108/UBNA_024/20260105_020000.WAV,recover-20260108,UBNA_024,Carp Pond
HF,47040.0,5.114118607456652,260.5045,260.511,46093.0,50716.0,Echolocation,Pipistrellus pipistrellus,0.258,0.334,-1,192000.0,/mnt/ubna_data_07/recover-20260108/UBNA_024/20260105_020000.WAV,recover-20260108,UBNA_024,Carp Pond
HF,43200.0,6.831538765250475,275.4235,275.4292,40937.0,57975.0,Echolocation,Pipistrellus nathusii,0.108,0.379,-1,192000.0,/mnt/ubna_data_07/recover-20260108/UBNA_024/20260105_020000.WAV,recover-20260108,UBNA_024,Carp Pond
HF,48000.0,5.545751320554961,291.0015,291.0072,42656.0,56635.0,Echolocation,Pipistrellus pipistrellus,0.243,0.344,-1,192000.0,/mnt/ubna_data_07/recover-20260108/UBNA_024/20260105_020000.WAV,recover-20260108,UBNA_024,Carp Pond
HF,45120.0,4.967186586281024,291.0845,291.09069999999997,42656.0,58845.0,Echolocation,Pipistrellus pipistrellus,0.154,0.374,-1,192000.0,/mnt/ubna_data_07/recover-20260108/UBNA_024/20260105_020000.WAV,recover-20260108,UBNA_024,Carp Pond
HF,45120.0,3.033507738685501,299.1685,299.1744,41796.0,57305.0,Echolocation,Myotis daubentonii,0.194,0.409,-1,192000.0,/mnt/ubna_data_07/recover-20260108/UBNA_024/20260105_020000.WAV,recover-20260108,UBNA_024,Carp Pond
HF,46080.0,5.095704836639579,4.0605,4.0661,44375.0,51995.0,Echolocation,Pipistrellus pipistrellus,0.467,0.511,-1,192000.0,/mnt/ubna_data_07/recover-20260108/UBNA_024/20260105_021000.WAV,recover-20260108,UBNA_024,Carp Pond
HF,46080.0,8.71313373321226,4.4695,4.4757,44375.0,51415.0,Echolocation,Pipistrellus pipistrellus,0.28,0.426,-1,192000.0,/mnt/ubna_data_07/recover-20260108/UBNA_024/20260105_021000.WAV,recover-20260108,UBNA_024,Carp Pond
HF,48000.0,7.529189508039669,4.7355,4.741,45234.0,50243.0,Echolocation,Pipistrellus pipistrellus,0.344,0.387,-1,192000.0,/mnt/ubna_data_07/recover-20260108/UBNA_024/20260105_021000.WAV,recover-20260108,UBNA_024,Carp Pond
HF,44160.0,9.450284619999035,27.2765,27.2826,43515.0,51393.0,Echolocation,Pipistrellus pipistrellus,0.263,0.497,-1,192000.0,/mnt/ubna_data_07/recover-20260108/UBNA_024/20260105_021000.WAV,recover-20260108,UBNA_024,Carp Pond
HF,46080.0,2.9188342436892785,27.8875,27.8935,43515.0,53118.0,Echolocation,Pipistrellus nathusii,0.198,0.316,-1,192000.0,/mnt/ubna_data_07/recover-20260108/UBNA_024/20260105_021000.WAV,recover-20260108,UBNA_024,Carp Pond
HF,47040.0,5.486695866091424,66.6075,66.6139,43515.0,50533.0,Echolocation,Pipistrellus pipistrellus,0.201,0.379,-1,192000.0,/mnt/ubna_data_07/recover-20260108/UBNA_024/20260105_021000.WAV,recover-20260108,UBNA_024,Carp Pond
HF,48000.0,7.913504622634773,66.9055,66.9111,44375.0,54707.0,Echolocation,Pipistrellus pipistrellus,0.36,0.438,-1,192000.0,/mnt/ubna_data_07/recover-20260108/UBNA_024/20260105_021000.WAV,recover-20260108,UBNA_024,Carp Pond
HF,47040.0,6.098793788387455,67.1235,67.1294,45234.0,57646.0,Echolocation,Pipistrellus pipistrellus,0.255,0.374,-1,192000.0,/mnt/ubna_data_07/recover-20260108/UBNA_024/20260105_021000.WAV,recover-20260108,UBNA_024,Carp Pond
HF,47040.0,6.4282197582894565,67.6045,67.6095,45234.0,54087.0,Echolocation,Pipistrellus pipistrellus,0.313,0.347,-1,192000.0,/mnt/ubna_data_07/recover-20260108/UBNA_024/20260105_021000.WAV,recover-20260108,UBNA_024,Carp Pond
HF,47040.0,2.0212455193849985,68.4415,68.4469,44375.0,55157.0,Echolocation,Pipistrellus pipistrellus,0.324,0.376,-1,192000.0,/mnt/ubna_data_07/recover-20260108/UBNA_024/20260105_021000.WAV,recover-20260108,UBNA_024,Carp Pond
HF,45120.0,5.797935677900701,71.7295,71.7355,44375.0,50661.0,Echolocation,Pipistrellus pipistrellus,0.373,0.439,-1,192000.0,/mnt/ubna_data_07/recover-20260108/UBNA_024/20260105_021000.WAV,recover-20260108,UBNA_024,Carp Pond
HF,46080.0,4.89955870291893,72.0245,72.0305,44375.0,52072.0,Echolocation,Pipistrellus pipistrellus,0.457,0.5,-1,192000.0,/mnt/ubna_data_07/recover-20260108/UBNA_024/20260105_021000.WAV,recover-20260108,UBNA_024,Carp Pond
HF,46080.0,6.6682760075287035,72.1685,72.175,45234.0,52173.0,Echolocation,Pipistrellus pipistrellus,0.403,0.43,-1,192000.0,/mnt/ubna_data_07/recover-20260108/UBNA_024/20260105_021000.WAV,recover-20260108,UBNA_024,Carp Pond
HF,46080.0,2.3801655291602137,72.2515,72.2585,45234.0,51258.0,Echolocation,Pipistrellus pipistrellus,0.302,0.316,-1,192000.0,/mnt/ubna_data_07/recover-20260108/UBNA_024/20260105_021000.WAV,recover-20260108,UBNA_024,Carp Pond
HF,46080.0,4.326457414618784,72.4195,72.4247,43515.0,53257.0,Echolocation,Pipistrellus pipistrellus,0.516,0.567,-1,192000.0,/mnt/ubna_data_07/recover-20260108/UBNA_024/20260105_021000.WAV,recover-20260108,UBNA_024,Carp Pond
HF,46080.0,2.5843585919658274,72.4995,72.5053,44375.0,52130.0,Echolocation,Pipistrellus pipistrellus,0.378,0.391,-1,192000.0,/mnt/ubna_data_07/recover-20260108/UBNA_024/20260105_021000.WAV,recover-20260108,UBNA_024,Carp Pond
HF,45120.0,4.397941480340703,73.14750000000001,73.1537,43515.0,51762.0,Echolocation,Pipistrellus pipistrellus,0.55,0.604,-1,192000.0,/mnt/ubna_data_07/recover-20260108/UBNA_024/20260105_021000.WAV,recover-20260108,UBNA_024,Carp Pond
HF,47040.0,4.910336818416449,73.4045,73.4106,43515.0,51924.0,Echolocation,Pipistrellus pipistrellus,0.281,0.329,-1,192000.0,/mnt/ubna_data_07/recover-20260108/UBNA_024/20260105_021000.WAV,recover-20260108,UBNA_024,Carp Pond
HF,46080.0,4.374095778648548,73.5065,73.5128,45234.0,54461.0,Echolocation,Pipistrellus pipistrellus,0.379,0.403,-1,192000.0,/mnt/ubna_data_07/recover-20260108/UBNA_024/20260105_021000.WAV,recover-20260108,UBNA_024,Carp Pond
HF,48000.0,8.14527985135631,82.4725,82.4791,42656.0,53162.0,Echolocation,Pipistrellus nathusii,0.096,0.333,-1,192000.0,/mnt/ubna_data_07/recover-20260108/UBNA_024/20260105_021000.WAV,recover-20260108,UBNA_024,Carp Pond
HF,47040.0,6.1787356807953,82.7475,82.7533,44375.0,53538.0,Echolocation,Pipistrellus pipistrellus,0.202,0.339,-1,192000.0,/mnt/ubna_data_07/recover-20260108/UBNA_024/20260105_021000.WAV,recover-20260108,UBNA_024,Carp Pond
HF,45120.0,5.132455938899142,82.8295,82.8359,41796.0,57615.0,Echolocation,Pipistrellus nathusii,0.166,0.451,-1,192000.0,/mnt/ubna_data_07/recover-20260108/UBNA_024/20260105_021000.WAV,recover-20260108,UBNA_024,Carp Pond
HF,47040.0,6.6800399325590565,140.9365,140.94310000000002,44375.0,50094.0,Echolocation,Pipistrellus pipistrellus,0.336,0.552,-1,192000.0,/mnt/ubna_data_07/recover-20260108/UBNA_024/20260105_021000.WAV,recover-20260108,UBNA_024,Carp Pond
HF,48000.0,4.658403090677468,141.0245,141.0313,43515.0,53476.0,Echolocation,Pipistrellus pipistrellus,0.233,0.389,-1,192000.0,/mnt/ubna_data_07/recover-20260108/UBNA_024/20260105_021000.WAV,recover-20260108,UBNA_024,Carp Pond
HF,48000.0,3.7080447448475216,152.6265,152.6303,42656.0,65539.0,Echolocation,Myotis mystacinus,0.147,0.322,-1,192000.0,/mnt/ubna_data_07/recover-20260108/UBNA_024/20260105_021000.WAV,recover-20260108,UBNA_024,Carp Pond
HF,48000.0,8.204430340470893,152.7825,152.7858,44375.0,64449.0,Echolocation,Myotis alcathoe,0.132,0.348,-1,192000.0,/mnt/ubna_data_07/recover-20260108/UBNA_024/20260105_021000.WAV,recover-20260108,UBNA_024,Carp Pond
HF,46080.0,8.990556282964876,153.7375,153.7418,43515.0,61925.0,Echolocation,Myotis alcathoe,0.167,0.43,-1,192000.0,/mnt/ubna_data_07/recover-20260108/UBNA_024/20260105_021000.WAV,recover-20260108,UBNA_024,Carp Pond
HF,47040.0,8.18766497430718,154.0425,154.0474,45234.0,61239.0,Echolocation,Pipistrellus pipistrellus,0.546,0.643,-1,192000.0,/mnt/ubna_data_07/recover-20260108/UBNA_024/20260105_021000.WAV,recover-20260108,UBNA_024,Carp Pond
HF,46080.0,6.563806787773764,154.1105,154.1149,43515.0,59122.0,Echolocation,Myotis alcathoe,0.099,0.354,-1,192000.0,/mnt/ubna_data_07/recover-20260108/UBNA_024/20260105_021000.WAV,recover-20260108,UBNA_024,Carp Pond
HF,47040.0,4.5171493510373,154.3305,154.3372,46093.0,53987.0,Echolocation,Pipistrellus pipistrellus,0.463,0.5,-1,192000.0,/mnt/ubna_data_07/recover-20260108/UBNA_024/20260105_021000.WAV,recover-20260108,UBNA_024,Carp Pond
HF,48000.0,4.601150495590215,154.5225,154.5283,46093.0,53887.0,Echolocation,Pipistrellus pipistrellus,0.385,0.403,-1,192000.0,/mnt/ubna_data_07/recover-20260108/UBNA_024/20260105_021000.WAV,recover-20260108,UBNA_024,Carp Pond
HF,46080.0,2.9843011113683455,154.9495,154.9561,43515.0,56623.0,Echolocation,Pipistrellus pipistrellus,0.116,0.326,-1,192000.0,/mnt/ubna_data_07/recover-20260108/UBNA_024/20260105_021000.WAV,recover-20260108,UBNA_024,Carp Pond
HF,47040.0,6.654243465351783,181.4875,181.4944,43515.0,48797.0,Echolocation,Pipistrellus pipistrellus,0.1,0.351,-1,192000.0,/mnt/ubna_data_07/recover-20260108/UBNA_024/20260105_021000.WAV,recover-20260108,UBNA_024,Carp Pond
HF,46080.0,5.075183831448573,181.8285,181.8353,44375.0,49770.0,Echolocation,Pipistrellus pipistrellus,0.299,0.402,-1,192000.0,/mnt/ubna_data_07/recover-20260108/UBNA_024/20260105_021000.WAV,recover-20260108,UBNA_024,Carp Pond
HF,48000.0,3.6301196719246773,182.0135,182.0186,44375.0,58689.0,Echolocation,Pipistrellus pipistrellus,0.299,0.368,-1,192000.0,/mnt/ubna_data_07/recover-20260108/UBNA_024/20260105_021000.WAV,recover-20260108,UBNA_024,Carp Pond
HF,47040.0,7.831552174627248,182.1045,182.1098,44375.0,53573.0,Echolocation,Pipistrellus pipistrellus,0.365,0.423,-1,192000.0,/mnt/ubna_data_07/recover-20260108/UBNA_024/20260105_021000.WAV,recover-20260108,UBNA_024,Carp Pond
HF,46080.0,9.622733827834722,182.1975,182.2028,46093.0,56766.0,Echolocation,Pipistrellus pipistrellus,0.36,0.394,-1,192000.0,/mnt/ubna_data_07/recover-20260108/UBNA_024/20260105_021000.WAV,recover-20260108,UBNA_024,Carp Pond
HF,46080.0,9.012991349688786,182.3235,182.33,45234.0,53853.0,Echolocation,Pipistrellus pipistrellus,0.49,0.556,-1,192000.0,/mnt/ubna_data_07/recover-20260108/UBNA_024/20260105_021000.WAV,recover-20260108,UBNA_024,Carp Pond
HF,47040.0,9.60042664500866,182.4805,182.4853,43515.0,58931.0,Echolocation,Pipistrellus pipistrellus,0.26,0.339,-1,192000.0,/mnt/ubna_data_07/recover-20260108/UBNA_024/20260105_021000.WAV,recover-20260108,UBNA_024,Carp Pond
HF,47040.0,5.516511791629108,182.6795,182.6849,45234.0,57953.0,Echolocation,Pipistrellus pipistrellus,0.292,0.362,-1,192000.0,/mnt/ubna_data_07/recover-20260108/UBNA_024/20260105_021000.WAV,recover-20260108,UBNA_024,Carp Pond
HF,48000.0,10.943104095677402,182.9375,182.9425,45234.0,55430.0,Echolocation,Pipistrellus pipistrellus,0.505,0.545,-1,192000.0,/mnt/ubna_data_07/recover-20260108/UBNA_024/20260105_021000.WAV,recover-20260108,UBNA_024,Carp Pond
HF,47040.0,13.507873583079329,183.0745,183.079,42656.0,66849.0,Echolocation,Myotis alcathoe,0.118,0.362,-1,192000.0,/mnt/ubna_data_07/recover-20260108/UBNA_024/20260105_021000.WAV,recover-20260108,UBNA_024,Carp Pond
HF,48000.0,15.189266383705299,183.1415,183.1471,45234.0,58689.0,Echolocation,Pipistrellus pipistrellus,0.382,0.445,-1,192000.0,/mnt/ubna_data_07/recover-20260108/UBNA_024/20260105_021000.WAV,recover-20260108,UBNA_024,Carp Pond
HF,46080.0,6.999552023224185,183.1995,183.20420000000001,44375.0,62049.0,Echolocation,Pipistrellus pipistrellus,0.2,0.318,-1,192000.0,/mnt/ubna_data_07/recover-20260108/UBNA_024/20260105_021000.WAV,recover-20260108,UBNA_024,Carp Pond
HF,47040.0,6.860862072604505,206.7145,206.7206,46093.0,52720.0,Echolocation,Pipistrellus pipistrellus,0.513,0.537,-1,192000.0,/mnt/ubna_data_07/recover-20260108/UBNA_024/20260105_021000.WAV,recover-20260108,UBNA_024,Carp Pond
HF,46080.0,6.76793993764762,206.7865,206.792,43515.0,54463.0,Echolocation,Pipistrellus pipistrellus,0.215,0.301,-1,192000.0,/mnt/ubna_data_07/recover-20260108/UBNA_024/20260105_021000.WAV,recover-20260108,UBNA_024,Carp Pond
HF,47040.0,6.0768566501317025,206.8695,206.8743,44375.0,53697.0,Echolocation,Pipistrellus pipistrellus,0.42,0.455,-1,192000.0,/mnt/ubna_data_07/recover-20260108/UBNA_024/20260105_021000.WAV,recover-20260108,UBNA_024,Carp Pond
HF,49920.0,4.248166436385515,207.0425,207.0479,43515.0,54255.0,Echolocation,Pipistrellus pipistrellus,0.315,0.39,-1,192000.0,/mnt/ubna_data_07/recover-20260108/UBNA_024/20260105_021000.WAV,recover-20260108,UBNA_024,Carp Pond
HF,48960.0,4.389429585463348,207.2275,207.2328,46953.0,56714.0,Echolocation,Pipistrellus pipistrellus,0.398,0.421,-1,192000.0,/mnt/ubna_data_07/recover-20260108/UBNA_024/20260105_021000.WAV,recover-20260108,UBNA_024,Carp Pond
HF,46080.0,7.1587863289931235,207.3235,207.3287,43515.0,58022.0,Echolocation,Pipistrellus pipistrellus,0.407,0.508,-1,192000.0,/mnt/ubna_data_07/recover-20260108/UBNA_024/20260105_021000.WAV,recover-20260108,UBNA_024,Carp Pond
HF,46080.0,5.762459086428836,207.4105,207.4155,43515.0,58721.0,Echolocation,Pipistrellus pipistrellus,0.18,0.376,-1,192000.0,/mnt/ubna_data_07/recover-20260108/UBNA_024/20260105_021000.WAV,recover-20260108,UBNA_024,Carp Pond
HF,47040.0,4.523924081707915,207.5965,207.6023,46093.0,54540.0,Echolocation,Pipistrellus pipistrellus,0.465,0.48,-1,192000.0,/mnt/ubna_data_07/recover-20260108/UBNA_024/20260105_021000.WAV,recover-20260108,UBNA_024,Carp Pond
HF,47040.0,5.232677335376843,207.6855,207.6908,45234.0,57369.0,Echolocation,Pipistrellus pipistrellus,0.425,0.474,-1,192000.0,/mnt/ubna_data_07/recover-20260108/UBNA_024/20260105_021000.WAV,recover-20260108,UBNA_024,Carp Pond
HF,51840.0,7.565979013801995,207.8585,207.8632,44375.0,57875.0,Echolocation,Pipistrellus pipistrellus,0.304,0.38,-1,192000.0,/mnt/ubna_data_07/recover-20260108/UBNA_024/20260105_021000.WAV,recover-20260108,UBNA_024,Carp Pond
HF,47040.0,9.854499423419307,207.94650000000001,207.951,40937.0,61969.0,Echolocation,Myotis alcathoe,0.17,0.44,-1,192000.0,/mnt/ubna_data_07/recover-20260108/UBNA_024/20260105_021000.WAV,recover-20260108,UBNA_024,Carp Pond
HF,47040.0,8.025038465476692,208.0605,208.064,44375.0,58607.0,Echolocation,Myotis mystacinus,0.164,0.408,-1,192000.0,/mnt/ubna_data_07/recover-20260108/UBNA_024/20260105_021000.WAV,recover-20260108,UBNA_024,Carp Pond
HF,47040.0,7.0058677592237695,208.6755,208.6823,43515.0,48520.0,Echolocation,Pipistrellus nathusii,0.133,0.306,-1,192000.0,/mnt/ubna_data_07/recover-20260108/UBNA_024/20260105_021000.WAV,recover-20260108,UBNA_024,Carp Pond
HF,47040.0,5.186260418211313,219.9085,219.9151,43515.0,51588.0,Echolocation,Pipistrellus nathusii,0.12,0.397,-1,192000.0,/mnt/ubna_data_07/recover-20260108/UBNA_024/20260105_021000.WAV,recover-20260108,UBNA_024,Carp Pond
HF,48000.0,3.361897439230044,220.1775,220.1816,43515.0,53194.0,Echolocation,Pipistrellus pipistrellus,0.126,0.37,-1,192000.0,/mnt/ubna_data_07/recover-20260108/UBNA_024/20260105_021000.WAV,recover-20260108,UBNA_024,Carp Pond
HF,47040.0,6.116845938999861,220.3315,220.3353,43515.0,61629.0,Echolocation,Myotis alcathoe,0.175,0.404,-1,192000.0,/mnt/ubna_data_07/recover-20260108/UBNA_024/20260105_021000.WAV,recover-20260108,UBNA_024,Carp Pond
HF,46080.0,8.535680220426418,220.4095,220.413,43515.0,67505.0,Echolocation,Myotis alcathoe,0.185,0.413,-1,192000.0,/mnt/ubna_data_07/recover-20260108/UBNA_024/20260105_021000.WAV,recover-20260108,UBNA_024,Carp Pond
HF,47040.0,8.51011286570027,220.4735,220.4773,43515.0,62014.0,Echolocation,Myotis alcathoe,0.199,0.473,-1,192000.0,/mnt/ubna_data_07/recover-20260108/UBNA_024/20260105_021000.WAV,recover-20260108,UBNA_024,Carp Pond
HF,47040.0,9.291424425020576,220.5455,220.5494,45234.0,59931.0,Echolocation,Pipistrellus pipistrellus,0.161,0.458,-1,192000.0,/mnt/ubna_data_07/recover-20260108/UBNA_024/20260105_021000.WAV,recover-20260108,UBNA_024,Carp Pond
HF,47040.0,5.411263208727202,220.7595,220.7627,41796.0,64385.0,Echolocation,Myotis mystacinus,0.198,0.341,-1,192000.0,/mnt/ubna_data_07/recover-20260108/UBNA_024/20260105_021000.WAV,recover-20260108,UBNA_024,Carp Pond
HF,47040.0,7.306707229541002,220.8325,220.8371,44375.0,58226.0,Echolocation,Pipistrellus pipistrellus,0.14,0.358,-1,192000.0,/mnt/ubna_data_07/recover-20260108/UBNA_024/20260105_021000.WAV,recover-20260108,UBNA_024,Carp Pond
HF,54720.0,4.892486177248844,220.9675,220.9712,45234.0,63547.0,Echolocation,Myotis alcathoe,0.108,0.319,-1,192000.0,/mnt/ubna_data_07/recover-20260108/UBNA_024/20260105_021000.WAV,recover-20260108,UBNA_024,Carp Pond
HF,46080.0,3.2297442417768214,221.1345,221.1381,44375.0,64305.0,Echolocation,Myotis mystacinus,0.143,0.439,-1,192000.0,/mnt/ubna_data_07/recover-20260108/UBNA_024/20260105_021000.WAV,recover-20260108,UBNA_024,Carp Pond
HF,47040.0,3.507631450486976,221.2025,221.2078,46093.0,56039.0,Echolocation,Pipistrellus pipistrellus,0.248,0.353,-1,192000.0,/mnt/ubna_data_07/recover-20260108/UBNA_024/20260105_021000.WAV,recover-20260108,UBNA_024,Carp Pond
HF,46080.0,6.466155361957165,243.6245,243.6315,41796.0,56509.0,Echolocation,Pipistrellus pipistrellus,0.15,0.447,-1,192000.0,/mnt/ubna_data_07/recover-20260108/UBNA_024/20260105_021000.WAV,recover-20260108,UBNA_024,Carp Pond
HF,46080.0,4.633074631403438,243.6995,243.7038,40937.0,59796.0,Echolocation,Myotis mystacinus,0.101,0.345,-1,192000.0,/mnt/ubna_data_07/recover-20260108/UBNA_024/20260105_021000.WAV,recover-20260108,UBNA_024,Carp Pond
HF,45120.0,2.8824187122036986,253.7555,253.7598,40937.0,56070.0,Echolocation,Myotis daubentonii,0.135,0.316,-1,192000.0,/mnt/ubna_data_07/recover-20260108/UBNA_024/20260105_021000.WAV,recover-20260108,UBNA_024,Carp Pond
HF,48000.0,8.207161657881665,253.8365,253.8416,44375.0,58112.0,Echolocation,Pipistrellus pipistrellus,0.129,0.319,-1,192000.0,/mnt/ubna_data_07/recover-20260108/UBNA_024/20260105_021000.WAV,recover-20260108,UBNA_024,Carp Pond
HF,46080.0,5.641977139016064,254.1535,254.1578,43515.0,64011.0,Echolocation,Myotis mystacinus,0.134,0.358,-1,192000.0,/mnt/ubna_data_07/recover-20260108/UBNA_024/20260105_021000.WAV,recover-20260108,UBNA_024,Carp Pond
HF,48000.0,9.163360911220053,254.2285,254.2327,44375.0,66858.0,Echolocation,Myotis mystacinus,0.137,0.357,-1,192000.0,/mnt/ubna_data_07/recover-20260108/UBNA_024/20260105_021000.WAV,recover-20260108,UBNA_024,Carp Pond
HF,48000.0,6.758246261362675,254.3025,254.3062,41796.0,61161.0,Echolocation,Myotis alcathoe,0.098,0.309,-1,192000.0,/mnt/ubna_data_07/recover-20260108/UBNA_024/20260105_021000.WAV,recover-20260108,UBNA_024,Carp Pond
HF,49920.0,5.800588457350645,254.4325,254.4358,42656.0,65252.0,Echolocation,Myotis mystacinus,0.309,0.464,-1,192000.0,/mnt/ubna_data_07/recover-20260108/UBNA_024/20260105_021000.WAV,recover-20260108,UBNA_024,Carp Pond
HF,48960.0,3.378022874924416,254.5975,254.6015,46093.0,61056.0,Echolocation,Pipistrellus pipistrellus,0.113,0.352,-1,192000.0,/mnt/ubna_data_07/recover-20260108/UBNA_024/20260105_021000.WAV,recover-20260108,UBNA_024,Carp Pond
HF,46080.0,3.0166022881331704,254.7265,254.7311,43515.0,54908.0,Echolocation,Pipistrellus pipistrellus,0.196,0.421,-1,192000.0,/mnt/ubna_data_07/recover-20260108/UBNA_024/20260105_021000.WAV,recover-20260108,UBNA_024,Carp Pond
HF,48000.0,6.610918974352674,4.7985,4.8039,46093.0,56197.0,Echolocation,Pipistrellus pipistrellus,0.372,0.395,-1,192000.0,/mnt/ubna_data_07/recover-20260108/UBNA_024/20260105_030000.WAV,recover-20260108,UBNA_024,Carp Pond
HF,47040.0,7.03411051610424,5.0035,5.0088,44375.0,56423.0,Echolocation,Pipistrellus pipistrellus,0.483,0.529,-1,192000.0,/mnt/ubna_data_07/recover-20260108/UBNA_024/20260105_030000.WAV,recover-20260108,UBNA_024,Carp Pond
HF,48960.0,5.0453020788567935,5.2505,5.2561,46093.0,56967.0,Echolocation,Pipistrellus pipistrellus,0.424,0.451,-1,192000.0,/mnt/ubna_data_07/recover-20260108/UBNA_024/20260105_030000.WAV,recover-20260108,UBNA_024,Carp Pond
HF,48960.0,6.710540047828879,5.4485,5.454,46953.0,57062.0,Echolocation,Pipistrellus pipistrellus,0.405,0.443,-1,192000.0,/mnt/ubna_data_07/recover-20260108/UBNA_024/20260105_030000.WAV,recover-20260108,UBNA_024,Carp Pond
HF,47040.0,11.059865200197958,5.5515,5.5582,46953.0,57828.0,Echolocation,Pipistrellus pipistrellus,0.457,0.491,-1,192000.0,/mnt/ubna_data_07/recover-20260108/UBNA_024/20260105_030000.WAV,recover-20260108,UBNA_024,Carp Pond
HF,47040.0,5.912211182143232,5.6495,5.6561,45234.0,51490.0,Echolocation,Pipistrellus pipistrellus,0.409,0.437,-1,192000.0,/mnt/ubna_data_07/recover-20260108/UBNA_024/20260105_030000.WAV,recover-20260108,UBNA_024,Carp Pond
HF,46080.0,8.030580160359298,5.7445,5.7509,46093.0,53556.0,Echolocation,Pipistrellus pipistrellus,0.392,0.415,-1,192000.0,/mnt/ubna_data_07/recover-20260108/UBNA_024/20260105_030000.WAV,recover-20260108,UBNA_024,Carp Pond
HF,52800.0,7.67203440423284,5.8815,5.8874,47812.0,56245.0,Echolocation,Pipistrellus pipistrellus,0.537,0.554,-1,192000.0,/mnt/ubna_data_07/recover-20260108/UBNA_024/20260105_030000.WAV,recover-20260108,UBNA_024,Carp Pond
HF,47040.0,2.524543106384216,5.9755,5.9824,46953.0,55440.0,Echolocation,Pipistrellus pipistrellus,0.361,0.375,-1,192000.0,/mnt/ubna_data_07/recover-20260108/UBNA_024/20260105_030000.WAV,recover-20260108,UBNA_024,Carp Pond
HF,48000.0,4.709030926173462,6.0665,6.0726,46093.0,51698.0,Echolocation,Pipistrellus pipistrellus,0.313,0.325,-1,192000.0,/mnt/ubna_data_07/recover-20260108/UBNA_024/20260105_030000.WAV,recover-20260108,UBNA_024,Carp Pond
HF,47040.0,5.854448560107005,6.1435,6.1482,45234.0,56489.0,Echolocation,Pipistrellus pipistrellus,0.312,0.363,-1,192000.0,/mnt/ubna_data_07/recover-20260108/UBNA_024/20260105_030000.WAV,recover-20260108,UBNA_024,Carp Pond
HF,52800.0,4.589543312552304,17.6625,17.6668,47812.0,60962.0,Echolocation,Pipistrellus pipistrellus,0.3,0.375,-1,192000.0,/mnt/ubna_data_07/recover-20260108/UBNA_024/20260105_030000.WAV,recover-20260108,UBNA_024,Carp Pond
HF,55680.0,6.3356555874441876,18.1895,18.1939,45234.0,61656.0,Echolocation,Pipistrellus pipistrellus,0.256,0.365,-1,192000.0,/mnt/ubna_data_07/recover-20260108/UBNA_024/20260105_030000.WAV,recover-20260108,UBNA_024,Carp Pond
HF,48960.0,4.19837505661465,18.2735,18.2795,47812.0,59486.0,Echolocation,Pipistrellus pipistrellus,0.361,0.405,-1,192000.0,/mnt/ubna_data_07/recover-20260108/UBNA_024/20260105_030000.WAV,recover-20260108,UBNA_024,Carp Pond
HF,52800.0,8.172986028872154,18.3545,18.3585,49531.0,67905.0,Echolocation,Pipistrellus pipistrellus,0.197,0.386,-1,192000.0,/mnt/ubna_data_07/recover-20260108/UBNA_024/20260105_030000.WAV,recover-20260108,UBNA_024,Carp Pond
HF,48960.0,3.3817992438204394,18.6155,18.6212,47812.0,59583.0,Echolocation,Pipistrellus pipistrellus,0.345,0.402,-1,192000.0,/mnt/ubna_data_07/recover-20260108/UBNA_024/20260105_030000.WAV,recover-20260108,UBNA_024,Carp Pond
HF,48960.0,4.327849862714173,21.4035,21.4088,46093.0,53925.0,Echolocation,Pipistrellus pipistrellus,0.39,0.407,-1,192000.0,/mnt/ubna_data_07/recover-20260108/UBNA_024/20260105_030000.WAV,recover-20260108,UBNA_024,Carp Pond
HF,52800.0,3.626721254107802,45.4895,45.4962,52109.0,61207.0,Echolocation,Pipistrellus pipistrellus,0.223,0.388,-1,192000.0,/mnt/ubna_data_07/recover-20260108/UBNA_024/20260105_030000.WAV,recover-20260108,UBNA_024,Carp Pond
HF,52800.0,2.867685636208991,49.314499999999995,49.3223,49531.0,55318.0,Echolocation,Pipistrellus pipistrellus,0.275,0.359,-1,192000.0,/mnt/ubna_data_07/recover-20260108/UBNA_024/20260105_030000.WAV,recover-20260108,UBNA_024,Carp Pond
HF,48000.0,4.699271653271111,62.4175,62.4228,45234.0,53296.0,Echolocation,Pipistrellus pipistrellus,0.453,0.481,-1,192000.0,/mnt/ubna_data_07/recover-20260108/UBNA_024/20260105_030000.WAV,recover-20260108,UBNA_024,Carp Pond
HF,53760.0,4.50666940580421,62.7775,62.7827,47812.0,59717.0,Echolocation,Pipistrellus pipistrellus,0.286,0.324,-1,192000.0,/mnt/ubna_data_07/recover-20260108/UBNA_024/20260105_030000.WAV,recover-20260108,UBNA_024,Carp Pond
HF,47040.0,2.247446464820941,62.9675,62.972,46953.0,57563.0,Echolocation,Pipistrellus pipistrellus,0.402,0.421,-1,192000.0,/mnt/ubna_data_07/recover-20260108/UBNA_024/20260105_030000.WAV,recover-20260108,UBNA_024,Carp Pond
HF,54720.0,3.263931873373353,63.0505,63.0553,47812.0,57424.0,Echolocation,Pipistrellus pipistrellus,0.354,0.374,-1,192000.0,/mnt/ubna_data_07/recover-20260108/UBNA_024/20260105_030000.WAV,recover-20260108,UBNA_024,Carp Pond
HF,48000.0,3.226488017238906,63.1195,63.1241,45234.0,62471.0,Echolocation,Pipistrellus pipistrellus,0.179,0.312,-1,192000.0,/mnt/ubna_data_07/recover-20260108/UBNA_024/20260105_030000.WAV,recover-20260108,UBNA_024,Carp Pond
HF,46080.0,5.110496964888245,63.1765,63.1824,45234.0,59817.0,Echolocation,Pipistrellus pipistrellus,0.396,0.531,-1,192000.0,/mnt/ubna_data_07/recover-20260108/UBNA_024/20260105_030000.WAV,recover-20260108,UBNA_024,Carp Pond
HF,46080.0,3.796995990864116,63.2955,63.3005,45234.0,58076.0,Echolocation,Pipistrellus pipistrellus,0.405,0.469,-1,192000.0,/mnt/ubna_data_07/recover-20260108/UBNA_024/20260105_030000.WAV,recover-20260108,UBNA_024,Carp Pond
HF,47040.0,3.553088899464614,63.4265,63.431,46093.0,64983.0,Echolocation,Pipistrellus pipistrellus,0.183,0.471,-1,192000.0,/mnt/ubna_data_07/recover-20260108/UBNA_024/20260105_030000.WAV,recover-20260108,UBNA_024,Carp Pond
HF,50880.0,4.046979918092197,63.5935,63.598,49531.0,61455.0,Echolocation,Pipistrellus pipistrellus,0.344,0.38,-1,192000.0,/mnt/ubna_data_07/recover-20260108/UBNA_024/20260105_030000.WAV,recover-20260108,UBNA_024,Carp Pond
HF,50880.0,10.342379601016724,63.6695,63.6738,46093.0,63459.0,Echolocation,Pipistrellus pipistrellus,0.265,0.37,-1,192000.0,/mnt/ubna_data_07/recover-20260108/UBNA_024/20260105_030000.WAV,recover-20260108,UBNA_024,Carp Pond
HF,50880.0,2.225353392272921,63.8565,63.8615,46093.0,60789.0,Echolocation,Pipistrellus pipistrellus,0.199,0.332,-1,192000.0,/mnt/ubna_data_07/recover-20260108/UBNA_024/20260105_030000.WAV,recover-20260108,UBNA_024,Carp Pond
HF,52800.0,8.87958664724205,63.9195,63.9242,46093.0,66002.0,Echolocation,Pipistrellus pipistrellus,0.344,0.508,-1,192000.0,/mnt/ubna_data_07/recover-20260108/UBNA_024/20260105_030000.WAV,recover-20260108,UBNA_024,Carp Pond
HF,46080.0,6.981644280926603,63.9915,63.9962,44375.0,63890.0,Echolocation,Pipistrellus pipistrellus,0.213,0.413,-1,192000.0,/mnt/ubna_data_07/recover-20260108/UBNA_024/20260105_030000.WAV,recover-20260108,UBNA_024,Carp Pond
HF,46080.0,5.889205925194253,96.0225,96.0311,45234.0,57863.0,Echolocation,Pipistrellus pipistrellus,0.304,0.504,-1,192000.0,/mnt/ubna_data_07/recover-20260108/UBNA_024/20260105_030000.WAV,recover-20260108,UBNA_024,Carp Pond
HF,46080.0,5.931133215715295,96.2635,96.26820000000001,44375.0,58720.0,Echolocation,Pipistrellus pipistrellus,0.42,0.499,-1,192000.0,/mnt/ubna_data_07/recover-20260108/UBNA_024/20260105_030000.WAV,recover-20260108,UBNA_024,Carp Pond
HF,48000.0,4.121369729405034,96.3605,96.3677,46953.0,53331.0,Echolocation,Pipistrellus pipistrellus,0.385,0.407,-1,192000.0,/mnt/ubna_data_07/recover-20260108/UBNA_024/20260105_030000.WAV,recover-20260108,UBNA_024,Carp Pond
HF,47040.0,7.518388630896757,96.6165,96.6227,46093.0,59375.0,Echolocation,Pipistrellus pipistrellus,0.444,0.524,-1,192000.0,/mnt/ubna_data_07/recover-20260108/UBNA_024/20260105_030000.WAV,recover-20260108,UBNA_024,Carp Pond
HF,48000.0,5.777723668982432,96.7075,96.7143,44375.0,59638.0,Echolocation,Pipistrellus pipistrellus,0.412,0.543,-1,192000.0,/mnt/ubna_data_07/recover-20260108/UBNA_024/20260105_030000.WAV,recover-20260108,UBNA_024,Carp Pond
HF,47040.0,7.895924053347963,96.7935,96.7989,44375.0,58817.0,Echolocation,Pipistrellus pipistrellus,0.272,0.44,-1,192000.0,/mnt/ubna_data_07/recover-20260108/UBNA_024/20260105_030000.WAV,recover-20260108,UBNA_024,Carp Pond
HF,48000.0,7.235425229702535,97.1565,97.1634,46953.0,53914.0,Echolocation,Pipistrellus pipistrellus,0.418,0.511,-1,192000.0,/mnt/ubna_data_07/recover-20260108/UBNA_024/20260105_030000.WAV,recover-20260108,UBNA_024,Carp Pond
HF,47040.0,2.0872672930843774,130.1315,130.1375,46093.0,57564.0,Echolocation,Pipistrellus pipistrellus,0.266,0.301,-1,192000.0,/mnt/ubna_data_07/recover-20260108/UBNA_024/20260105_030000.WAV,recover-20260108,UBNA_024,Carp Pond
HF,48960.0,4.4735147041428585,130.6425,130.6479,47812.0,58579.0,Echolocation,Pipistrellus pipistrellus,0.363,0.4,-1,192000.0,/mnt/ubna_data_07/recover-20260108/UBNA_024/20260105_030000.WAV,recover-20260108,UBNA_024,Carp Pond
HF,48000.0,4.286997818367727,130.8925,130.8981,46953.0,57800.0,Echolocation,Pipistrellus pipistrellus,0.356,0.392,-1,192000.0,/mnt/ubna_data_07/recover-20260108/UBNA_024/20260105_030000.WAV,recover-20260108,UBNA_024,Carp Pond
HF,47040.0,4.641593157047428,131.7215,131.7268,45234.0,57645.0,Echolocation,Pipistrellus pipistrellus,0.466,0.502,-1,192000.0,/mnt/ubna_data_07/recover-20260108/UBNA_024/20260105_030000.WAV,recover-20260108,UBNA_024,Carp Pond
HF,52800.0,6.690409130514486,174.2565,174.2615,46953.0,56709.0,Echolocation,Pipistrellus pipistrellus,0.332,0.369,-1,192000.0,/mnt/ubna_data_07/recover-20260108/UBNA_024/20260105_030000.WAV,recover-20260108,UBNA_024,Carp Pond
HF,48000.0,2.0461728571798017,178.0905,178.0972,46953.0,51885.0,Echolocation,Pipistrellus pipistrellus,0.276,0.329,-1,192000.0,/mnt/ubna_data_07/recover-20260108/UBNA_024/20260105_030000.WAV,recover-20260108,UBNA_024,Carp Pond
HF,47040.0,3.758807515136181,190.1455,190.1509,46953.0,55264.0,Echolocation,Pipistrellus pipistrellus,0.322,0.336,-1,192000.0,/mnt/ubna_data_07/recover-20260108/UBNA_024/20260105_030000.WAV,recover-20260108,UBNA_024,Carp Pond
HF,48000.0,2.6028810083217158,190.3375,190.3426,47812.0,55588.0,Echolocation,Pipistrellus pipistrellus,0.425,0.476,-1,192000.0,/mnt/ubna_data_07/recover-20260108/UBNA_024/20260105_030000.WAV,recover-20260108,UBNA_024,Carp Pond
HF,51840.0,4.445234996496309,190.6025,190.6087,50390.0,57205.0,Echolocation,Pipistrellus pipistrellus,0.237,0.303,-1,192000.0,/mnt/ubna_data_07/recover-20260108/UBNA_024/20260105_030000.WAV,recover-20260108,UBNA_024,Carp Pond
HF,48000.0,4.234247568099319,190.7815,190.7869,44375.0,58636.0,Echolocation,Pipistrellus pipistrellus,0.17,0.359,-1,192000.0,/mnt/ubna_data_07/recover-20260108/UBNA_024/20260105_030000.WAV,recover-20260108,UBNA_024,Carp Pond
HF,48000.0,4.241352225776574,191.2255,191.2299,45234.0,58679.0,Echolocation,Pipistrellus pipistrellus,0.308,0.42,-1,192000.0,/mnt/ubna_data_07/recover-20260108/UBNA_024/20260105_030000.WAV,recover-20260108,UBNA_024,Carp Pond
HF,46080.0,1.508412947650173,191.3185,191.3244,44375.0,52761.0,Echolocation,Pipistrellus pipistrellus,0.318,0.347,-1,192000.0,/mnt/ubna_data_07/recover-20260108/UBNA_024/20260105_030000.WAV,recover-20260108,UBNA_024,Carp Pond
HF,48000.0,3.6504127651935407,191.58350000000002,191.5878,43515.0,60309.0,Echolocation,Myotis alcathoe,0.086,0.309,-1,192000.0,/mnt/ubna_data_07/recover-20260108/UBNA_024/20260105_030000.WAV,recover-20260108,UBNA_024,Carp Pond
HF,53760.0,11.308458500549747,191.6635,191.6681,43515.0,71172.0,Echolocation,Myotis alcathoe,0.254,0.406,-1,192000.0,/mnt/ubna_data_07/recover-20260108/UBNA_024/20260105_030000.WAV,recover-20260108,UBNA_024,Carp Pond
HF,51840.0,5.5613391633277125,191.9915,191.9967,46953.0,62771.0,Echolocation,Pipistrellus pipistrellus,0.328,0.464,-1,192000.0,/mnt/ubna_data_07/recover-20260108/UBNA_024/20260105_030000.WAV,recover-20260108,UBNA_024,Carp Pond
HF,51840.0,8.552806953250876,192.0555,192.06,44375.0,64778.0,Echolocation,Myotis alcathoe,0.172,0.383,-1,192000.0,/mnt/ubna_data_07/recover-20260108/UBNA_024/20260105_030000.WAV,recover-20260108,UBNA_024,Carp Pond
HF,51840.0,8.754018069082717,192.1245,192.1295,46093.0,63817.0,Echolocation,Pipistrellus pipistrellus,0.512,0.623,-1,192000.0,/mnt/ubna_data_07/recover-20260108/UBNA_024/20260105_030000.WAV,recover-20260108,UBNA_024,Carp Pond
HF,47040.0,9.331369345967978,192.2055,192.21,46093.0,58357.0,Echolocation,Pipistrellus pipistrellus,0.397,0.433,-1,192000.0,/mnt/ubna_data_07/recover-20260108/UBNA_024/20260105_030000.WAV,recover-20260108,UBNA_024,Carp Pond
HF,52800.0,8.694614190309702,192.2845,192.29,44375.0,63855.0,Echolocation,Pipistrellus pipistrellus,0.207,0.442,-1,192000.0,/mnt/ubna_data_07/recover-20260108/UBNA_024/20260105_030000.WAV,recover-20260108,UBNA_024,Carp Pond
HF,52800.0,8.748310515861876,192.3715,192.3764,46953.0,60880.0,Echolocation,Pipistrellus pipistrellus,0.385,0.453,-1,192000.0,/mnt/ubna_data_07/recover-20260108/UBNA_024/20260105_030000.WAV,recover-20260108,UBNA_024,Carp Pond
HF,51840.0,6.876063662589403,192.4565,192.4617,46953.0,62340.0,Echolocation,Pipistrellus pipistrellus,0.36,0.415,-1,192000.0,/mnt/ubna_data_07/recover-20260108/UBNA_024/20260105_030000.WAV,recover-20260108,UBNA_024,Carp Pond
HF,51840.0,9.608520015522199,192.5425,192.5477,45234.0,62396.0,Echolocation,Pipistrellus pipistrellus,0.213,0.442,-1,192000.0,/mnt/ubna_data_07/recover-20260108/UBNA_024/20260105_030000.WAV,recover-20260108,UBNA_024,Carp Pond
HF,51840.0,6.181974641952048,192.6055,192.6099,47812.0,60862.0,Echolocation,Pipistrellus pipistrellus,0.395,0.444,-1,192000.0,/mnt/ubna_data_07/recover-20260108/UBNA_024/20260105_030000.WAV,recover-20260108,UBNA_024,Carp Pond
HF,48000.0,7.740111191083018,192.7305,192.7355,45234.0,64610.0,Echolocation,Pipistrellus pipistrellus,0.144,0.326,-1,192000.0,/mnt/ubna_data_07/recover-20260108/UBNA_024/20260105_030000.WAV,recover-20260108,UBNA_024,Carp Pond
HF,53760.0,4.433520732818589,192.7895,192.7948,45234.0,62700.0,Echolocation,Pipistrellus pipistrellus,0.184,0.398,-1,192000.0,/mnt/ubna_data_07/recover-20260108/UBNA_024/20260105_030000.WAV,recover-20260108,UBNA_024,Carp Pond
HF,48000.0,4.880422888748034,193.8075,193.8135,46953.0,56688.0,Echolocation,Pipistrellus pipistrellus,0.518,0.575,-1,192000.0,/mnt/ubna_data_07/recover-20260108/UBNA_024/20260105_030000.WAV,recover-20260108,UBNA_024,Carp Pond
HF,47040.0,3.8110520557840473,193.8975,193.9031,42656.0,57045.0,Echolocation,Pipistrellus pipistrellus,0.259,0.397,-1,192000.0,/mnt/ubna_data_07/recover-20260108/UBNA_024/20260105_030000.WAV,recover-20260108,UBNA_024,Carp Pond
HF,46080.0,6.061963730799025,194.2645,194.2709,45234.0,54905.0,Echolocation,Pipistrellus pipistrellus,0.357,0.396,-1,192000.0,/mnt/ubna_data_07/recover-20260108/UBNA_024/20260105_030000.WAV,recover-20260108,UBNA_024,Carp Pond
HF,47040.0,6.582743031713254,194.4245,194.4308,46093.0,55394.0,Echolocation,Pipistrellus pipistrellus,0.346,0.405,-1,192000.0,/mnt/ubna_data_07/recover-20260108/UBNA_024/20260105_030000.WAV,recover-20260108,UBNA_024,Carp Pond
HF,49920.0,5.274995360545443,205.4265,205.4326,47812.0,60551.0,Echolocation,Pipistrellus pipistrellus,0.38,0.499,-1,192000.0,/mnt/ubna_data_07/recover-20260108/UBNA_024/20260105_030000.WAV,recover-20260108,UBNA_024,Carp Pond
HF,47040.0,3.28310259495932,220.9695,220.9741,45234.0,58897.0,Echolocation,Pipistrellus pipistrellus,0.282,0.399,-1,192000.0,/mnt/ubna_data_07/recover-20260108/UBNA_024/20260105_030000.WAV,recover-20260108,UBNA_024,Carp Pond
HF,46080.0,6.627573302306223,221.8245,221.8316,45234.0,57171.0,Echolocation,Pipistrellus pipistrellus,0.407,0.538,-1,192000.0,/mnt/ubna_data_07/recover-20260108/UBNA_024/20260105_030000.WAV,recover-20260108,UBNA_024,Carp Pond
HF,47040.0,5.08282445323093,221.9115,221.9172,46093.0,55463.0,Echolocation,Pipistrellus pipistrellus,0.351,0.378,-1,192000.0,/mnt/ubna_data_07/recover-20260108/UBNA_024/20260105_030000.WAV,recover-20260108,UBNA_024,Carp Pond
HF,47040.0,5.007645279438938,233.3525,233.358,46093.0,60512.0,Echolocation,Pipistrellus pipistrellus,0.309,0.521,-1,192000.0,/mnt/ubna_data_07/recover-20260108/UBNA_024/20260105_030000.WAV,recover-20260108,UBNA_024,Carp Pond
HF,47040.0,3.414053753341986,233.57150000000001,233.57659999999998,46093.0,58891.0,Echolocation,Pipistrellus pipistrellus,0.412,0.463,-1,192000.0,/mnt/ubna_data_07/recover-20260108/UBNA_024/20260105_030000.WAV,recover-20260108,UBNA_024,Carp Pond
LF,25920.0,2.662304813750075,1.8455,1.8547,24609.0,30629.0,Echolocation,Eptesicus serotinus,0.137,0.31,-1,192000.0,/mnt/ubna_data_07/recover-20260108/UBNA_024/20260105_031000.WAV,recover-20260108,UBNA_024,Carp Pond
HF,46080.0,3.970355923783692,104.8325,104.8397,45234.0,53459.0,Echolocation,Pipistrellus pipistrellus,0.503,0.57,-1,192000.0,/mnt/ubna_data_07/recover-20260108/UBNA_024/20260105_031000.WAV,recover-20260108,UBNA_024,Carp Pond
HF,47040.0,4.793829662637092,105.1185,105.1264,45234.0,57166.0,Echolocation,Pipistrellus pipistrellus,0.356,0.52,-1,192000.0,/mnt/ubna_data_07/recover-20260108/UBNA_024/20260105_031000.WAV,recover-20260108,UBNA_024,Carp Pond
HF,47040.0,4.141676522900489,105.3505,105.3563,46093.0,58546.0,Echolocation,Pipistrellus pipistrellus,0.358,0.421,-1,192000.0,/mnt/ubna_data_07/recover-20260108/UBNA_024/20260105_031000.WAV,recover-20260108,UBNA_024,Carp Pond
HF,48960.0,8.291905208679207,105.5445,105.5502,45234.0,56917.0,Echolocation,Pipistrellus pipistrellus,0.349,0.413,-1,192000.0,/mnt/ubna_data_07/recover-20260108/UBNA_024/20260105_031000.WAV,recover-20260108,UBNA_024,Carp Pond
HF,50880.0,4.446034116381364,105.7875,105.79390000000001,47812.0,60697.0,Echolocation,Pipistrellus pipistrellus,0.392,0.432,-1,192000.0,/mnt/ubna_data_07/recover-20260108/UBNA_024/20260105_031000.WAV,recover-20260108,UBNA_024,Carp Pond
HF,46080.0,3.0805883413573083,135.7455,135.7503,43515.0,63700.0,Echolocation,Myotis alcathoe,0.094,0.378,-1,192000.0,/mnt/ubna_data_07/recover-20260108/UBNA_024/20260105_031000.WAV,recover-20260108,UBNA_024,Carp Pond
HF,48000.0,5.111909938858764,143.1675,143.1719,46953.0,59003.0,Echolocation,Pipistrellus pipistrellus,0.295,0.336,-1,192000.0,/mnt/ubna_data_07/recover-20260108/UBNA_024/20260105_031000.WAV,recover-20260108,UBNA_024,Carp Pond
HF,48000.0,2.8750850777171735,143.2545,143.2601,47812.0,59659.0,Echolocation,Pipistrellus pipistrellus,0.292,0.359,-1,192000.0,/mnt/ubna_data_07/recover-20260108/UBNA_024/20260105_031000.WAV,recover-20260108,UBNA_024,Carp Pond
HF,51840.0,5.01158607623519,146.5485,146.5536,50390.0,60930.0,Echolocation,Pipistrellus pipistrellus,0.297,0.392,-1,192000.0,/mnt/ubna_data_07/recover-20260108/UBNA_024/20260105_031000.WAV,recover-20260108,UBNA_024,Carp Pond
HF,48000.0,7.260422007485961,146.6365,146.6403,45234.0,63390.0,Echolocation,Pipistrellus pipistrellus,0.148,0.326,-1,192000.0,/mnt/ubna_data_07/recover-20260108/UBNA_024/20260105_031000.WAV,recover-20260108,UBNA_024,Carp Pond
HF,46080.0,5.7098441581234844,146.8175,146.8218,43515.0,60814.0,Echolocation,Myotis alcathoe,0.143,0.369,-1,192000.0,/mnt/ubna_data_07/recover-20260108/UBNA_024/20260105_031000.WAV,recover-20260108,UBNA_024,Carp Pond
HF,47040.0,3.7464980422976764,196.2585,196.2636,46093.0,54433.0,Echolocation,Pipistrellus pipistrellus,0.376,0.388,-1,192000.0,/mnt/ubna_data_07/recover-20260108/UBNA_024/20260105_031000.WAV,recover-20260108,UBNA_024,Carp Pond
HF,48000.0,8.605189788031776,196.6095,196.614,46093.0,58352.0,Echolocation,Pipistrellus pipistrellus,0.436,0.474,-1,192000.0,/mnt/ubna_data_07/recover-20260108/UBNA_024/20260105_031000.WAV,recover-20260108,UBNA_024,Carp Pond
HF,51840.0,5.531377139407797,197.8535,197.8576,42656.0,59880.0,Echolocation,Myotis mystacinus,0.096,0.325,-1,192000.0,/mnt/ubna_data_07/recover-20260108/UBNA_024/20260105_031000.WAV,recover-20260108,UBNA_024,Carp Pond
HF,51840.0,7.604373642545564,199.02949999999998,199.0342,47812.0,58402.0,Echolocation,Pipistrellus pipistrellus,0.384,0.413,-1,192000.0,/mnt/ubna_data_07/recover-20260108/UBNA_024/20260105_031000.WAV,recover-20260108,UBNA_024,Carp Pond
HF,48000.0,6.250891284639476,200.6655,200.6704,45234.0,60454.0,Echolocation,Pipistrellus pipistrellus,0.184,0.41,-1,192000.0,/mnt/ubna_data_07/recover-20260108/UBNA_024/20260105_031000.WAV,recover-20260108,UBNA_024,Carp Pond
HF,48000.0,8.911611720708759,201.0555,201.0609,46953.0,54373.0,Echolocation,Pipistrellus pipistrellus,0.293,0.309,-1,192000.0,/mnt/ubna_data_07/recover-20260108/UBNA_024/20260105_031000.WAV,recover-20260108,UBNA_024,Carp Pond
HF,46080.0,4.184334752619703,214.7525,214.7594,44375.0,56725.0,Echolocation,Pipistrellus pipistrellus,0.29,0.535,-1,192000.0,/mnt/ubna_data_07/recover-20260108/UBNA_024/20260105_031000.WAV,recover-20260108,UBNA_024,Carp Pond
HF,51840.0,4.4559708021263935,221.0375,221.0422,47812.0,60935.0,Echolocation,Pipistrellus pipistrellus,0.348,0.372,-1,192000.0,/mnt/ubna_data_07/recover-20260108/UBNA_024/20260105_031000.WAV,recover-20260108,UBNA_024,Carp Pond
HF,52800.0,4.053672380345345,221.29149999999998,221.2969,47812.0,61745.0,Echolocation,Pipistrellus pipistrellus,0.277,0.36,-1,192000.0,/mnt/ubna_data_07/recover-20260108/UBNA_024/20260105_031000.WAV,recover-20260108,UBNA_024,Carp Pond
HF,48000.0,4.033655282001342,242.3355,242.3403,46953.0,56656.0,Echolocation,Pipistrellus pipistrellus,0.372,0.398,-1,192000.0,/mnt/ubna_data_07/recover-20260108/UBNA_024/20260105_031000.WAV,recover-20260108,UBNA_024,Carp Pond
HF,48000.0,5.612819366931809,242.5895,242.5946,46093.0,58296.0,Echolocation,Pipistrellus pipistrellus,0.437,0.543,-1,192000.0,/mnt/ubna_data_07/recover-20260108/UBNA_024/20260105_031000.WAV,recover-20260108,UBNA_024,Carp Pond
HF,47040.0,2.4188426919847954,242.8685,242.8735,46093.0,57656.0,Echolocation,Pipistrellus pipistrellus,0.338,0.405,-1,192000.0,/mnt/ubna_data_07/recover-20260108/UBNA_024/20260105_031000.WAV,recover-20260108,UBNA_024,Carp Pond
HF,51840.0,5.4911601020831755,242.9605,242.9654,46093.0,61754.0,Echolocation,Pipistrellus pipistrellus,0.279,0.417,-1,192000.0,/mnt/ubna_data_07/recover-20260108/UBNA_024/20260105_031000.WAV,recover-20260108,UBNA_024,Carp Pond
HF,48000.0,3.785071853096497,243.2155,243.2203,46093.0,56179.0,Echolocation,Pipistrellus pipistrellus,0.305,0.338,-1,192000.0,/mnt/ubna_data_07/recover-20260108/UBNA_024/20260105_031000.WAV,recover-20260108,UBNA_024,Carp Pond
HF,46080.0,2.837944913261545,243.2995,243.3044,44375.0,57469.0,Echolocation,Pipistrellus pipistrellus,0.221,0.413,-1,192000.0,/mnt/ubna_data_07/recover-20260108/UBNA_024/20260105_031000.WAV,recover-20260108,UBNA_024,Carp Pond
HF,49920.0,1.110926677636823,243.4775,243.4824,47812.0,56600.0,Echolocation,Pipistrellus pipistrellus,0.314,0.325,-1,192000.0,/mnt/ubna_data_07/recover-20260108/UBNA_024/20260105_031000.WAV,recover-20260108,UBNA_024,Carp Pond
HF,45120.0,5.079790432152409,243.7235,243.7282,44375.0,60005.0,Echolocation,Pipistrellus pipistrellus,0.125,0.364,-1,192000.0,/mnt/ubna_data_07/recover-20260108/UBNA_024/20260105_031000.WAV,recover-20260108,UBNA_024,Carp Pond
HF,46080.0,3.8605812676066726,244.0705,244.075,45234.0,57018.0,Echolocation,Pipistrellus pipistrellus,0.222,0.34,-1,192000.0,/mnt/ubna_data_07/recover-20260108/UBNA_024/20260105_031000.WAV,recover-20260108,UBNA_024,Carp Pond
HF,47040.0,4.993936861002053,244.6105,244.6159,46093.0,57433.0,Echolocation,Pipistrellus pipistrellus,0.328,0.378,-1,192000.0,/mnt/ubna_data_07/recover-20260108/UBNA_024/20260105_031000.WAV,recover-20260108,UBNA_024,Carp Pond
HF,46080.0,5.4570676015772355,245.0945,245.0994,45234.0,59595.0,Echolocation,Pipistrellus pipistrellus,0.218,0.474,-1,192000.0,/mnt/ubna_data_07/recover-20260108/UBNA_024/20260105_031000.WAV,recover-20260108,UBNA_024,Carp Pond
HF,48000.0,5.8807325121288745,245.3575,245.3626,46953.0,53322.0,Echolocation,Pipistrellus pipistrellus,0.51,0.539,-1,192000.0,/mnt/ubna_data_07/recover-20260108/UBNA_024/20260105_031000.WAV,recover-20260108,UBNA_024,Carp Pond
HF,48960.0,6.042776975940453,255.3975,255.402,46953.0,55964.0,Echolocation,Pipistrellus pipistrellus,0.43,0.454,-1,192000.0,/mnt/ubna_data_07/recover-20260108/UBNA_024/20260105_031000.WAV,recover-20260108,UBNA_024,Carp Pond
HF,48000.0,2.8653355728728416,280.1025,280.1073,47812.0,58564.0,Echolocation,Pipistrellus pipistrellus,0.384,0.405,-1,192000.0,/mnt/ubna_data_07/recover-20260108/UBNA_024/20260105_031000.WAV,recover-20260108,UBNA_024,Carp Pond
HF,51840.0,6.240370929574083,280.1895,280.1938,44375.0,57893.0,Echolocation,Pipistrellus pipistrellus,0.192,0.332,-1,192000.0,/mnt/ubna_data_07/recover-20260108/UBNA_024/20260105_031000.WAV,recover-20260108,UBNA_024,Carp Pond
HF,47040.0,7.4801402018220084,280.4465,280.4519,46093.0,53119.0,Echolocation,Pipistrellus pipistrellus,0.365,0.384,-1,192000.0,/mnt/ubna_data_07/recover-20260108/UBNA_024/20260105_031000.WAV,recover-20260108,UBNA_024,Carp Pond
HF,48000.0,2.6431011817182326,288.0455,288.0509,46953.0,57604.0,Echolocation,Pipistrellus pipistrellus,0.322,0.368,-1,192000.0,/mnt/ubna_data_07/recover-20260108/UBNA_024/20260105_031000.WAV,recover-20260108,UBNA_024,Carp Pond
HF,55680.0,5.459031071928978,288.1125,288.1176,46953.0,60615.0,Echolocation,Pipistrellus pipistrellus,0.252,0.413,-1,192000.0,/mnt/ubna_data_07/recover-20260108/UBNA_024/20260105_031000.WAV,recover-20260108,UBNA_024,Carp Pond
HF,50880.0,6.250292844956682,288.1885,288.1931,46093.0,60096.0,Echolocation,Pipistrellus pipistrellus,0.375,0.483,-1,192000.0,/mnt/ubna_data_07/recover-20260108/UBNA_024/20260105_031000.WAV,recover-20260108,UBNA_024,Carp Pond
HF,53760.0,5.714833369776481,288.2605,288.2654,47812.0,63124.0,Echolocation,Pipistrellus pipistrellus,0.27,0.362,-1,192000.0,/mnt/ubna_data_07/recover-20260108/UBNA_024/20260105_031000.WAV,recover-20260108,UBNA_024,Carp Pond
HF,54720.0,8.157276492197367,288.3695,288.3737,48671.0,58889.0,Echolocation,Pipistrellus pipistrellus,0.34,0.387,-1,192000.0,/mnt/ubna_data_07/recover-20260108/UBNA_024/20260105_031000.WAV,recover-20260108,UBNA_024,Carp Pond
HF,47040.0,4.842801961237765,288.4335,288.4386,46093.0,61543.0,Echolocation,Pipistrellus pipistrellus,0.286,0.472,-1,192000.0,/mnt/ubna_data_07/recover-20260108/UBNA_024/20260105_031000.WAV,recover-20260108,UBNA_024,Carp Pond
HF,49920.0,5.95616033654376,288.5085,288.5135,45234.0,58979.0,Echolocation,Pipistrellus pipistrellus,0.383,0.459,-1,192000.0,/mnt/ubna_data_07/recover-20260108/UBNA_024/20260105_031000.WAV,recover-20260108,UBNA_024,Carp Pond
HF,51840.0,3.7647309049734137,288.6755,288.6808,49531.0,58263.0,Echolocation,Pipistrellus pipistrellus,0.286,0.34,-1,192000.0,/mnt/ubna_data_07/recover-20260108/UBNA_024/20260105_031000.WAV,recover-20260108,UBNA_024,Carp Pond
HF,48000.0,1.4959629674975683,289.4625,289.4681,46953.0,54184.0,Echolocation,Pipistrellus pipistrellus,0.393,0.406,-1,192000.0,/mnt/ubna_data_07/recover-20260108/UBNA_024/20260105_031000.WAV,recover-20260108,UBNA_024,Carp Pond
HF,47040.0,3.7664196609237632,290.2515,290.2566,44375.0,57995.0,Echolocation,Pipistrellus pipistrellus,0.366,0.43,-1,192000.0,/mnt/ubna_data_07/recover-20260108/UBNA_024/20260105_031000.WAV,recover-20260108,UBNA_024,Carp Pond
HF,48960.0,2.271415258088208,290.3405,290.3466,48671.0,58061.0,Echolocation,Pipistrellus pipistrellus,0.305,0.321,-1,192000.0,/mnt/ubna_data_07/recover-20260108/UBNA_024/20260105_031000.WAV,recover-20260108,UBNA_024,Carp Pond
HF,46080.0,2.240343336884955,290.4315,290.4366,44375.0,60746.0,Echolocation,Pipistrellus pipistrellus,0.194,0.33,-1,192000.0,/mnt/ubna_data_07/recover-20260108/UBNA_024/20260105_031000.WAV,recover-20260108,UBNA_024,Carp Pond
HF,50880.0,4.248107617357602,290.5155,290.5208,49531.0,60242.0,Echolocation,Pipistrellus pipistrellus,0.37,0.415,-1,192000.0,/mnt/ubna_data_07/recover-20260108/UBNA_024/20260105_031000.WAV,recover-20260108,UBNA_024,Carp Pond
HF,51840.0,5.296409324990062,290.6105,290.616,45234.0,60430.0,Echolocation,Pipistrellus pipistrellus,0.356,0.496,-1,192000.0,/mnt/ubna_data_07/recover-20260108/UBNA_024/20260105_031000.WAV,recover-20260108,UBNA_024,Carp Pond
HF,47040.0,2.8255446835128217,290.7595,290.7655,45234.0,56256.0,Echolocation,Pipistrellus pipistrellus,0.363,0.397,-1,192000.0,/mnt/ubna_data_07/recover-20260108/UBNA_024/20260105_031000.WAV,recover-20260108,UBNA_024,Carp Pond
HF,46080.0,4.033081608527911,290.8425,290.8495,45234.0,63575.0,Echolocation,Pipistrellus pipistrellus,0.266,0.456,-1,192000.0,/mnt/ubna_data_07/recover-20260108/UBNA_024/20260105_031000.WAV,recover-20260108,UBNA_024,Carp Pond
HF,46080.0,5.578017372686399,290.9355,290.9403,44375.0,61356.0,Echolocation,Pipistrellus pipistrellus,0.339,0.465,-1,192000.0,/mnt/ubna_data_07/recover-20260108/UBNA_024/20260105_031000.WAV,recover-20260108,UBNA_024,Carp Pond
HF,47040.0,5.244640542419504,291.1345,291.1395,43515.0,60420.0,Echolocation,Pipistrellus pipistrellus,0.213,0.456,-1,192000.0,/mnt/ubna_data_07/recover-20260108/UBNA_024/20260105_031000.WAV,recover-20260108,UBNA_024,Carp Pond
HF,47040.0,2.108002161553916,291.2325,291.239,46093.0,59282.0,Echolocation,Pipistrellus pipistrellus,0.261,0.302,-1,192000.0,/mnt/ubna_data_07/recover-20260108/UBNA_024/20260105_031000.WAV,recover-20260108,UBNA_024,Carp Pond
HF,46080.0,2.771100284448123,291.3145,291.3216,45234.0,58881.0,Echolocation,Pipistrellus pipistrellus,0.258,0.348,-1,192000.0,/mnt/ubna_data_07/recover-20260108/UBNA_024/20260105_031000.WAV,recover-20260108,UBNA_024,Carp Pond
HF,48000.0,3.389737114532276,291.4935,291.499,45234.0,58086.0,Echolocation,Pipistrellus pipistrellus,0.322,0.37,-1,192000.0,/mnt/ubna_data_07/recover-20260108/UBNA_024/20260105_031000.WAV,recover-20260108,UBNA_024,Carp Pond
HF,47040.0,2.6988686580522914,291.5775,291.5828,46953.0,60008.0,Echolocation,Pipistrellus pipistrellus,0.414,0.45,-1,192000.0,/mnt/ubna_data_07/recover-20260108/UBNA_024/20260105_031000.WAV,recover-20260108,UBNA_024,Carp Pond
HF,47040.0,5.194831592480826,291.6625,291.668,45234.0,57141.0,Echolocation,Pipistrellus pipistrellus,0.349,0.408,-1,192000.0,/mnt/ubna_data_07/recover-20260108/UBNA_024/20260105_031000.WAV,recover-20260108,UBNA_024,Carp Pond
HF,51840.0,5.077888318872245,291.9205,291.9261,48671.0,58920.0,Echolocation,Pipistrellus pipistrellus,0.323,0.356,-1,192000.0,/mnt/ubna_data_07/recover-20260108/UBNA_024/20260105_031000.WAV,recover-20260108,UBNA_024,Carp Pond
HF,48960.0,2.310956927348014,236.2415,236.24869999999999,46953.0,53279.0,Echolocation,Pipistrellus pipistrellus,0.366,0.408,-1,192000.0,/mnt/ubna_data_07/recover-20260108/UBNA_024/20260105_032000.WAV,recover-20260108,UBNA_024,Carp Pond
HF,51840.0,4.37823680775436,252.7385,252.7431,46953.0,58452.0,Echolocation,Pipistrellus pipistrellus,0.367,0.429,-1,192000.0,/mnt/ubna_data_07/recover-20260108/UBNA_024/20260105_032000.WAV,recover-20260108,UBNA_024,Carp Pond
HF,52800.0,4.341823640215863,252.8075,252.8125,48671.0,55158.0,Echolocation,Pipistrellus pipistrellus,0.29,0.321,-1,192000.0,/mnt/ubna_data_07/recover-20260108/UBNA_024/20260105_032000.WAV,recover-20260108,UBNA_024,Carp Pond
HF,47040.0,3.9560770115396466,253.2795,253.2845,43515.0,54310.0,Echolocation,Pipistrellus pipistrellus,0.354,0.412,-1,192000.0,/mnt/ubna_data_07/recover-20260108/UBNA_024/20260105_032000.WAV,recover-20260108,UBNA_024,Carp Pond
HF,48000.0,2.251072870733839,253.4685,253.4733,45234.0,58065.0,Echolocation,Pipistrellus pipistrellus,0.346,0.379,-1,192000.0,/mnt/ubna_data_07/recover-20260108/UBNA_024/20260105_032000.WAV,recover-20260108,UBNA_024,Carp Pond
HF,52800.0,2.41445283261687,261.6545,261.6589,45234.0,59741.0,Echolocation,Pipistrellus pipistrellus,0.174,0.333,-1,192000.0,/mnt/ubna_data_07/recover-20260108/UBNA_024/20260105_034000.WAV,recover-20260108,UBNA_024,Carp Pond
HF,48000.0,2.911375536490526,262.9175,262.9241,46093.0,55190.0,Echolocation,Pipistrellus pipistrellus,0.328,0.412,-1,192000.0,/mnt/ubna_data_07/recover-20260108/UBNA_024/20260105_034000.WAV,recover-20260108,UBNA_024,Carp Pond
HF,46080.0,5.386736896180011,82.7775,82.78450000000001,45234.0,50808.0,Echolocation,Pipistrellus pipistrellus,0.353,0.407,-1,192000.0,/mnt/ubna_data_07/recover-20260108/UBNA_024/20260105_050000.WAV,recover-20260108,UBNA_024,Carp Pond
HF,47040.0,5.646627139161825,82.8615,82.8671,45234.0,59950.0,Echolocation,Pipistrellus pipistrellus,0.312,0.393,-1,192000.0,/mnt/ubna_data_07/recover-20260108/UBNA_024/20260105_050000.WAV,recover-20260108,UBNA_024,Carp Pond
HF,47040.0,3.8389492033304244,83.2975,83.3036,44375.0,49844.0,Echolocation,Pipistrellus pipistrellus,0.303,0.323,-1,192000.0,/mnt/ubna_data_07/recover-20260108/UBNA_024/20260105_050000.WAV,recover-20260108,UBNA_024,Carp Pond
HF,47040.0,6.422766599234572,251.9765,251.9819,44375.0,51523.0,Echolocation,Pipistrellus pipistrellus,0.349,0.405,-1,192000.0,/mnt/ubna_data_07/recover-20260108/UBNA_024/20260105_050000.WAV,recover-20260108,UBNA_024,Carp Pond
HF,47040.0,3.122002615977329,256.8415,256.8469,45234.0,55682.0,Echolocation,Pipistrellus pipistrellus,0.28,0.347,-1,192000.0,/mnt/ubna_data_07/recover-20260108/UBNA_024/20260105_050000.WAV,recover-20260108,UBNA_024,Carp Pond
HF,46080.0,4.5675180890826645,258.5925,258.5985,44375.0,52954.0,Echolocation,Pipistrellus pipistrellus,0.163,0.372,-1,192000.0,/mnt/ubna_data_07/recover-20260108/UBNA_024/20260105_050000.WAV,recover-20260108,UBNA_024,Carp Pond
HF,43200.0,4.993860742714635,278.5235,278.5274,40078.0,53345.0,Echolocation,Myotis daubentonii,0.339,0.424,-1,192000.0,/mnt/ubna_data_07/recover-20260108/UBNA_024/20260105_050000.WAV,recover-20260108,UBNA_024,Carp Pond
HF,46080.0,9.826243326644132,280.6495,280.6552,46093.0,54891.0,Echolocation,Pipistrellus pipistrellus,0.507,0.553,-1,192000.0,/mnt/ubna_data_07/recover-20260108/UBNA_024/20260105_050000.WAV,recover-20260108,UBNA_024,Carp Pond
HF,48000.0,5.311014653748826,280.7075,280.7131,45234.0,57106.0,Echolocation,Pipistrellus pipistrellus,0.169,0.324,-1,192000.0,/mnt/ubna_data_07/recover-20260108/UBNA_024/20260105_050000.WAV,recover-20260108,UBNA_024,Carp Pond
HF,47040.0,5.775906548206812,280.8695,280.8753,46093.0,53690.0,Echolocation,Pipistrellus pipistrellus,0.403,0.434,-1,192000.0,/mnt/ubna_data_07/recover-20260108/UBNA_024/20260105_050000.WAV,recover-20260108,UBNA_024,Carp Pond
HF,47040.0,5.375341922216829,280.95550000000003,280.9598,42656.0,59719.0,Echolocation,Myotis alcathoe,0.106,0.351,-1,192000.0,/mnt/ubna_data_07/recover-20260108/UBNA_024/20260105_050000.WAV,recover-20260108,UBNA_024,Carp Pond
HF,48000.0,5.878548035964003,281.1555,281.1613,46953.0,55542.0,Echolocation,Pipistrellus pipistrellus,0.358,0.397,-1,192000.0,/mnt/ubna_data_07/recover-20260108/UBNA_024/20260105_050000.WAV,recover-20260108,UBNA_024,Carp Pond
HF,49920.0,5.893742389587348,281.4045,281.4091,43515.0,54359.0,Echolocation,Pipistrellus pipistrellus,0.408,0.496,-1,192000.0,/mnt/ubna_data_07/recover-20260108/UBNA_024/20260105_050000.WAV,recover-20260108,UBNA_024,Carp Pond
HF,46080.0,5.622478401276939,281.7175,281.7235,45234.0,52453.0,Echolocation,Pipistrellus pipistrellus,0.368,0.391,-1,192000.0,/mnt/ubna_data_07/recover-20260108/UBNA_024/20260105_050000.WAV,recover-20260108,UBNA_024,Carp Pond
LF,21120.0,2.548320937510491,78.3835,78.3939,16015.0,25460.0,Echolocation,Nyctalus noctula,0.2,0.306,-1,192000.0,/mnt/ubna_data_07/recover-20260108/UBNA_024/20260105_072000.WAV,recover-20260108,UBNA_024,Carp Pond
LF,29760.0,2.37027645022192,183.9265,183.9358,28906.0,35414.0,Echolocation,Eptesicus serotinus,0.227,0.352,-1,192000.0,/mnt/ubna_data_07/recover-20260108/UBNA_024/20260105_074000.WAV,recover-20260108,UBNA_024,Carp Pond
LF,22080.0,5.887133123486255,216.3675,216.3725,18593.0,39162.0,Echolocation,Plecotus auritus,0.218,0.328,-1,192000.0,/mnt/ubna_data_07/recover-20260108/UBNA_024/20260105_074000.WAV,recover-20260108,UBNA_024,Carp Pond
LF,27840.0,1.723594836267681,241.2115,241.2207,27187.0,34294.0,Echolocation,Eptesicus serotinus,0.213,0.327,-1,192000.0,/mnt/ubna_data_07/recover-20260108/UBNA_024/20260105_081000.WAV,recover-20260108,UBNA_024,Carp Pond
LF,24000.0,1.9556571231199138,151.9045,151.9173,23750.0,28220.0,Echolocation,Nyctalus leisleri,0.175,0.323,-1,192000.0,/mnt/ubna_data_07/recover-20260108/UBNA_024/20260105_085000.WAV,recover-20260108,UBNA_024,Carp Pond
LF,25920.0,1.1452148620556266,85.22149999999999,85.2334,25468.0,31463.0,Echolocation,Nyctalus leisleri,0.181,0.379,-1,192000.0,/mnt/ubna_data_07/recover-20260108/UBNA_024/20260105_090000.WAV,recover-20260108,UBNA_024,Carp Pond
HF,48960.0,2.462161721084831,215.3195,215.324,46093.0,57316.0,Echolocation,Pipistrellus pipistrellus,0.289,0.323,-1,192000.0,/mnt/ubna_data_07/recover-20260108/UBNA_024/20260105_091000.WAV,recover-20260108,UBNA_024,Carp Pond
HF,48960.0,4.421845125971983,215.9775,215.9827,46953.0,55998.0,Echolocation,Pipistrellus pipistrellus,0.395,0.422,-1,192000.0,/mnt/ubna_data_07/recover-20260108/UBNA_024/20260105_091000.WAV,recover-20260108,UBNA_024,Carp Pond
HF,51840.0,5.9295063554356915,218.0955,218.1001,49531.0,57596.0,Echolocation,Pipistrellus pipistrellus,0.378,0.4,-1,192000.0,/mnt/ubna_data_07/recover-20260108/UBNA_024/20260105_091000.WAV,recover-20260108,UBNA_024,Carp Pond
HF,51840.0,7.165467773103293,218.2535,218.2585,46953.0,57668.0,Echolocation,Pipistrellus pipistrellus,0.303,0.358,-1,192000.0,/mnt/ubna_data_07/recover-20260108/UBNA_024/20260105_091000.WAV,recover-20260108,UBNA_024,Carp Pond
HF,52800.0,8.961876989343837,218.3365,218.3405,46953.0,56565.0,Echolocation,Pipistrellus pipistrellus,0.452,0.488,-1,192000.0,/mnt/ubna_data_07/recover-20260108/UBNA_024/20260105_091000.WAV,recover-20260108,UBNA_024,Carp Pond
HF,48000.0,1.2734946810233554,218.6195,218.624,46953.0,55507.0,Echolocation,Pipistrellus pipistrellus,0.31,0.329,-1,192000.0,/mnt/ubna_data_07/recover-20260108/UBNA_024/20260105_091000.WAV,recover-20260108,UBNA_024,Carp Pond
HF,48960.0,4.624175415936155,218.8085,218.813,46953.0,55159.0,Echolocation,Pipistrellus pipistrellus,0.329,0.34,-1,192000.0,/mnt/ubna_data_07/recover-20260108/UBNA_024/20260105_091000.WAV,recover-20260108,UBNA_024,Carp Pond
LF,25920.0,1.547494624880038,3.7355,3.742,23750.0,34438.0,Echolocation,Plecotus auritus,0.129,0.303,-1,192000.0,/mnt/ubna_data_07/recover-20260108/UBNA_024/20260105_094000.WAV,recover-20260108,UBNA_024,Carp Pond
LF,22080.0,-0.5107609797756963,208.7025,208.7216,21171.0,24926.0,Echolocation,Nyctalus noctula,0.184,0.301,-1,192000.0,/mnt/ubna_data_07/recover-20260108/UBNA_024/20260105_135000.WAV,recover-20260108,UBNA_024,Carp Pond
LF,23040.0,1.7880120096626881,296.1645,296.1751,24609.0,30049.0,Echolocation,Eptesicus serotinus,0.162,0.364,-1,192000.0,/mnt/ubna_data_07/recover-20260108/UBNA_024/20260105_151000.WAV,recover-20260108,UBNA_024,Carp Pond
LF,25920.0,5.298891215032726,3.6125,3.6168,22031.0,36479.0,Echolocation,Plecotus austriacus,0.281,0.346,-1,192000.0,/mnt/ubna_data_07/recover-20260108/UBNA_024/20260105_184000.WAV,recover-20260108,UBNA_024,Carp Pond
LF,24000.0,1.6311634263979644,7.7875,7.8008,23750.0,28237.0,Echolocation,Nyctalus leisleri,0.166,0.333,-1,192000.0,/mnt/ubna_data_07/recover-20260108/UBNA_024/20260105_193000.WAV,recover-20260108,UBNA_024,Carp Pond
LF,17280.0,3.4359357791999177,36.0495,36.0557,15156.0,28480.0,Echolocation,Plecotus auritus,0.295,0.344,-1,192000.0,/mnt/ubna_data_07/recover-20260108/UBNA_024/20260105_221000.WAV,recover-20260108,UBNA_024,Carp Pond
HF,46080.0,4.961587448254844,106.2775,106.2822,45234.0,51148.0,Echolocation,Pipistrellus pipistrellus,0.287,0.302,-1,192000.0,/mnt/ubna_data_07/recover-20260108/UBNA_024/20260106_014000.WAV,recover-20260108,UBNA_024,Carp Pond
HF,52800.0,5.030008689530368,132.5215,132.5283,51250.0,57683.0,Echolocation,Pipistrellus pipistrellus,0.208,0.329,-1,192000.0,/mnt/ubna_data_07/recover-20260108/UBNA_024/20260106_014000.WAV,recover-20260108,UBNA_024,Carp Pond
HF,51840.0,3.413511549030492,148.2645,148.27,46093.0,59337.0,Echolocation,Pipistrellus pipistrellus,0.307,0.337,-1,192000.0,/mnt/ubna_data_07/recover-20260108/UBNA_024/20260106_014000.WAV,recover-20260108,UBNA_024,Carp Pond
HF,49920.0,3.3123515196416204,148.3415,148.3479,48671.0,57491.0,Echolocation,Pipistrellus pipistrellus,0.34,0.37,-1,192000.0,/mnt/ubna_data_07/recover-20260108/UBNA_024/20260106_014000.WAV,recover-20260108,UBNA_024,Carp Pond
HF,46080.0,3.057762638623301,148.4175,148.42340000000002,44375.0,54281.0,Echolocation,Pipistrellus pipistrellus,0.329,0.363,-1,192000.0,/mnt/ubna_data_07/recover-20260108/UBNA_024/20260106_014000.WAV,recover-20260108,UBNA_024,Carp Pond
HF,48960.0,4.4731617806976285,148.5795,148.5854,46093.0,58582.0,Echolocation,Pipistrellus pipistrellus,0.456,0.494,-1,192000.0,/mnt/ubna_data_07/recover-20260108/UBNA_024/20260106_014000.WAV,recover-20260108,UBNA_024,Carp Pond
HF,48960.0,3.030674340325878,148.7465,148.753,47812.0,54389.0,Echolocation,Pipistrellus pipistrellus,0.482,0.492,-1,192000.0,/mnt/ubna_data_07/recover-20260108/UBNA_024/20260106_014000.WAV,recover-20260108,UBNA_024,Carp Pond
HF,48000.0,4.692389078570013,148.9885,148.995,46953.0,55230.0,Echolocation,Pipistrellus pipistrellus,0.409,0.426,-1,192000.0,/mnt/ubna_data_07/recover-20260108/UBNA_024/20260106_014000.WAV,recover-20260108,UBNA_024,Carp Pond
HF,47040.0,1.9212572389716052,162.9215,162.9288,46953.0,52406.0,Echolocation,Pipistrellus pipistrellus,0.271,0.317,-1,192000.0,/mnt/ubna_data_07/recover-20260108/UBNA_024/20260106_014000.WAV,recover-20260108,UBNA_024,Carp Pond
HF,48000.0,4.3304178296892335,222.5795,222.5844,44375.0,58222.0,Echolocation,Pipistrellus pipistrellus,0.222,0.302,-1,192000.0,/mnt/ubna_data_07/recover-20260108/UBNA_024/20260106_014000.WAV,recover-20260108,UBNA_024,Carp Pond
HF,46080.0,6.001705037649638,223.1395,223.1453,44375.0,54905.0,Echolocation,Pipistrellus pipistrellus,0.356,0.406,-1,192000.0,/mnt/ubna_data_07/recover-20260108/UBNA_024/20260106_014000.WAV,recover-20260108,UBNA_024,Carp Pond
HF,51840.0,4.024227011447376,232.4275,232.4326,48671.0,55821.0,Echolocation,Pipistrellus pipistrellus,0.356,0.364,-1,192000.0,/mnt/ubna_data_07/recover-20260108/UBNA_024/20260106_014000.WAV,recover-20260108,UBNA_024,Carp Pond
HF,48960.0,2.364158724599579,232.6005,232.6056,47812.0,60036.0,Echolocation,Pipistrellus pipistrellus,0.384,0.404,-1,192000.0,/mnt/ubna_data_07/recover-20260108/UBNA_024/20260106_014000.WAV,recover-20260108,UBNA_024,Carp Pond
HF,48000.0,1.9982550758089306,232.6895,232.694,46953.0,55741.0,Echolocation,Pipistrellus pipistrellus,0.329,0.342,-1,192000.0,/mnt/ubna_data_07/recover-20260108/UBNA_024/20260106_014000.WAV,recover-20260108,UBNA_024,Carp Pond
HF,49920.0,3.333364959039686,232.7735,232.77870000000001,46953.0,57553.0,Echolocation,Pipistrellus pipistrellus,0.294,0.31,-1,192000.0,/mnt/ubna_data_07/recover-20260108/UBNA_024/20260106_014000.WAV,recover-20260108,UBNA_024,Carp Pond
HF,47040.0,4.2690386869486305,232.8665,232.8717,46093.0,55354.0,Echolocation,Pipistrellus pipistrellus,0.448,0.462,-1,192000.0,/mnt/ubna_data_07/recover-20260108/UBNA_024/20260106_014000.WAV,recover-20260108,UBNA_024,Carp Pond
HF,47040.0,4.637356738593777,233.0605,233.0647,41796.0,58370.0,Echolocation,Pipistrellus pipistrellus,0.213,0.329,-1,192000.0,/mnt/ubna_data_07/recover-20260108/UBNA_024/20260106_014000.WAV,recover-20260108,UBNA_024,Carp Pond
HF,48000.0,4.507299813780693,233.2385,233.2449,46953.0,58936.0,Echolocation,Pipistrellus pipistrellus,0.382,0.438,-1,192000.0,/mnt/ubna_data_07/recover-20260108/UBNA_024/20260106_014000.WAV,recover-20260108,UBNA_024,Carp Pond
HF,46080.0,3.060380069131437,233.3295,233.3351,44375.0,52918.0,Echolocation,Pipistrellus pipistrellus,0.458,0.495,-1,192000.0,/mnt/ubna_data_07/recover-20260108/UBNA_024/20260106_014000.WAV,recover-20260108,UBNA_024,Carp Pond
HF,51840.0,3.550465428692701,233.4095,233.41570000000002,49531.0,58907.0,Echolocation,Pipistrellus pipistrellus,0.375,0.41,-1,192000.0,/mnt/ubna_data_07/recover-20260108/UBNA_024/20260106_014000.WAV,recover-20260108,UBNA_024,Carp Pond
HF,49920.0,4.489409500881313,237.3005,237.3085,48671.0,56572.0,Echolocation,Pipistrellus pipistrellus,0.255,0.303,-1,192000.0,/mnt/ubna_data_07/recover-20260108/UBNA_024/20260106_014000.WAV,recover-20260108,UBNA_024,Carp Pond
HF,46080.0,3.102965894203428,273.7655,273.77,44375.0,55845.0,Echolocation,Pipistrellus pipistrellus,0.294,0.349,-1,192000.0,/mnt/ubna_data_07/recover-20260108/UBNA_024/20260106_014000.WAV,recover-20260108,UBNA_024,Carp Pond
HF,47040.0,6.0477861652069675,273.9765,273.9818,46093.0,61164.0,Echolocation,Pipistrellus pipistrellus,0.359,0.492,-1,192000.0,/mnt/ubna_data_07/recover-20260108/UBNA_024/20260106_014000.WAV,recover-20260108,UBNA_024,Carp Pond
HF,49920.0,5.441255340616422,274.2695,274.2745,47812.0,54325.0,Echolocation,Pipistrellus pipistrellus,0.317,0.336,-1,192000.0,/mnt/ubna_data_07/recover-20260108/UBNA_024/20260106_014000.WAV,recover-20260108,UBNA_024,Carp Pond
HF,48000.0,2.7540893924924563,21.2745,21.2803,46953.0,58035.0,Echolocation,Pipistrellus pipistrellus,0.339,0.377,-1,192000.0,/mnt/ubna_data_07/recover-20260108/UBNA_024/20260106_015000.WAV,recover-20260108,UBNA_024,Carp Pond
HF,48000.0,3.738935186408237,42.3445,42.3494,46093.0,57864.0,Echolocation,Pipistrellus pipistrellus,0.353,0.407,-1,192000.0,/mnt/ubna_data_07/recover-20260108/UBNA_024/20260106_015000.WAV,recover-20260108,UBNA_024,Carp Pond
HF,47040.0,3.49299357878637,42.4805,42.4857,45234.0,58232.0,Echolocation,Pipistrellus pipistrellus,0.235,0.321,-1,192000.0,/mnt/ubna_data_07/recover-20260108/UBNA_024/20260106_015000.WAV,recover-20260108,UBNA_024,Carp Pond
HF,46080.0,5.43803643303958,42.7205,42.7249,44375.0,54860.0,Echolocation,Pipistrellus pipistrellus,0.235,0.321,-1,192000.0,/mnt/ubna_data_07/recover-20260108/UBNA_024/20260106_015000.WAV,recover-20260108,UBNA_024,Carp Pond
HF,51840.0,9.135299722635992,43.9425,43.9463,45234.0,64275.0,Echolocation,Myotis alcathoe,0.196,0.383,-1,192000.0,/mnt/ubna_data_07/recover-20260108/UBNA_024/20260106_015000.WAV,recover-20260108,UBNA_024,Carp Pond
HF,46080.0,5.808110088623023,61.3185,61.3226,44375.0,61790.0,Echolocation,Myotis alcathoe,0.166,0.397,-1,192000.0,/mnt/ubna_data_07/recover-20260108/UBNA_024/20260106_015000.WAV,recover-20260108,UBNA_024,Carp Pond
HF,48000.0,4.737967993767361,62.0165,62.0214,46093.0,57322.0,Echolocation,Pipistrellus pipistrellus,0.374,0.396,-1,192000.0,/mnt/ubna_data_07/recover-20260108/UBNA_024/20260106_015000.WAV,recover-20260108,UBNA_024,Carp Pond
HF,48000.0,5.733484729709693,62.1695,62.1744,47812.0,59244.0,Echolocation,Pipistrellus pipistrellus,0.48,0.508,-1,192000.0,/mnt/ubna_data_07/recover-20260108/UBNA_024/20260106_015000.WAV,recover-20260108,UBNA_024,Carp Pond
HF,49920.0,4.416687513533317,62.2505,62.2558,45234.0,56606.0,Echolocation,Pipistrellus pipistrellus,0.329,0.408,-1,192000.0,/mnt/ubna_data_07/recover-20260108/UBNA_024/20260106_015000.WAV,recover-20260108,UBNA_024,Carp Pond
HF,51840.0,8.19262881430404,62.4825,62.4877,49531.0,57505.0,Echolocation,Pipistrellus pipistrellus,0.366,0.383,-1,192000.0,/mnt/ubna_data_07/recover-20260108/UBNA_024/20260106_015000.WAV,recover-20260108,UBNA_024,Carp Pond
HF,50880.0,4.064575656477298,62.5625,62.5681,50390.0,58615.0,Echolocation,Pipistrellus pipistrellus,0.288,0.329,-1,192000.0,/mnt/ubna_data_07/recover-20260108/UBNA_024/20260106_015000.WAV,recover-20260108,UBNA_024,Carp Pond
HF,46080.0,2.705551779567161,62.9015,62.9071,45234.0,56860.0,Echolocation,Pipistrellus pipistrellus,0.387,0.454,-1,192000.0,/mnt/ubna_data_07/recover-20260108/UBNA_024/20260106_015000.WAV,recover-20260108,UBNA_024,Carp Pond
HF,50880.0,3.4671694837607365,63.0735,63.0782,48671.0,58653.0,Echolocation,Pipistrellus pipistrellus,0.397,0.444,-1,192000.0,/mnt/ubna_data_07/recover-20260108/UBNA_024/20260106_015000.WAV,recover-20260108,UBNA_024,Carp Pond
HF,48000.0,5.922842951207326,63.1465,63.1522,46953.0,60425.0,Echolocation,Pipistrellus pipistrellus,0.384,0.484,-1,192000.0,/mnt/ubna_data_07/recover-20260108/UBNA_024/20260106_015000.WAV,recover-20260108,UBNA_024,Carp Pond
HF,50880.0,4.214307270502254,63.6105,63.615899999999996,46953.0,60267.0,Echolocation,Pipistrellus pipistrellus,0.447,0.529,-1,192000.0,/mnt/ubna_data_07/recover-20260108/UBNA_024/20260106_015000.WAV,recover-20260108,UBNA_024,Carp Pond
HF,51840.0,3.008962412617139,63.7775,63.7823,47812.0,58850.0,Echolocation,Pipistrellus pipistrellus,0.277,0.319,-1,192000.0,/mnt/ubna_data_07/recover-20260108/UBNA_024/20260106_015000.WAV,recover-20260108,UBNA_024,Carp Pond
HF,51840.0,3.2636924066169444,63.9495,63.9544,51250.0,59351.0,Echolocation,Pipistrellus pygmaeus,0.189,0.34,-1,192000.0,/mnt/ubna_data_07/recover-20260108/UBNA_024/20260106_015000.WAV,recover-20260108,UBNA_024,Carp Pond
HF,46080.0,3.8163452660638955,75.2405,75.24549999999999,45234.0,57751.0,Echolocation,Pipistrellus pipistrellus,0.28,0.326,-1,192000.0,/mnt/ubna_data_07/recover-20260108/UBNA_024/20260106_015000.WAV,recover-20260108,UBNA_024,Carp Pond
HF,52800.0,4.06997888538519,180.2095,180.2141,50390.0,60623.0,Echolocation,Pipistrellus pipistrellus,0.354,0.391,-1,192000.0,/mnt/ubna_data_07/recover-20260108/UBNA_024/20260106_015000.WAV,recover-20260108,UBNA_024,Carp Pond
HF,48000.0,4.631581573953143,180.4635,180.4676,46953.0,58585.0,Echolocation,Pipistrellus pipistrellus,0.457,0.476,-1,192000.0,/mnt/ubna_data_07/recover-20260108/UBNA_024/20260106_015000.WAV,recover-20260108,UBNA_024,Carp Pond
HF,48000.0,3.6095838985268975,180.5885,180.5937,46953.0,61761.0,Echolocation,Pipistrellus pipistrellus,0.389,0.427,-1,192000.0,/mnt/ubna_data_07/recover-20260108/UBNA_024/20260106_015000.WAV,recover-20260108,UBNA_024,Carp Pond
HF,55680.0,3.2204381893288248,180.6495,180.6536,46093.0,62679.0,Echolocation,Pipistrellus pipistrellus,0.191,0.428,-1,192000.0,/mnt/ubna_data_07/recover-20260108/UBNA_024/20260106_015000.WAV,recover-20260108,UBNA_024,Carp Pond
HF,51840.0,2.9200605689681107,180.7145,180.7196,46953.0,60112.0,Echolocation,Pipistrellus pipistrellus,0.36,0.383,-1,192000.0,/mnt/ubna_data_07/recover-20260108/UBNA_024/20260106_015000.WAV,recover-20260108,UBNA_024,Carp Pond
HF,49920.0,1.9244040996359615,180.7775,180.7817,48671.0,62102.0,Echolocation,Pipistrellus pipistrellus,0.41,0.448,-1,192000.0,/mnt/ubna_data_07/recover-20260108/UBNA_024/20260106_015000.WAV,recover-20260108,UBNA_024,Carp Pond
HF,52800.0,3.7031602481957533,180.8415,180.846,47812.0,59682.0,Echolocation,Pipistrellus pipistrellus,0.41,0.463,-1,192000.0,/mnt/ubna_data_07/recover-20260108/UBNA_024/20260106_015000.WAV,recover-20260108,UBNA_024,Carp Pond
HF,47040.0,6.276674002791468,180.8945,180.8989,45234.0,60764.0,Echolocation,Pipistrellus pipistrellus,0.237,0.344,-1,192000.0,/mnt/ubna_data_07/recover-20260108/UBNA_024/20260106_015000.WAV,recover-20260108,UBNA_024,Carp Pond
HF,49920.0,1.874014476561693,193.0145,193.0189,47812.0,58807.0,Echolocation,Pipistrellus pipistrellus,0.31,0.348,-1,192000.0,/mnt/ubna_data_07/recover-20260108/UBNA_024/20260106_015000.WAV,recover-20260108,UBNA_024,Carp Pond
HF,48960.0,5.783225723002522,258.5735,258.579,46953.0,62230.0,Echolocation,Pipistrellus pipistrellus,0.214,0.315,-1,192000.0,/mnt/ubna_data_07/recover-20260108/UBNA_024/20260106_015000.WAV,recover-20260108,UBNA_024,Carp Pond
HF,51840.0,9.391112424102419,261.8705,261.8767,49531.0,60351.0,Echolocation,Pipistrellus pipistrellus,0.346,0.466,-1,192000.0,/mnt/ubna_data_07/recover-20260108/UBNA_024/20260106_015000.WAV,recover-20260108,UBNA_024,Carp Pond
HF,51840.0,7.557520361916572,261.95550000000003,261.9626,51250.0,59191.0,Echolocation,Pipistrellus pipistrellus,0.375,0.507,-1,192000.0,/mnt/ubna_data_07/recover-20260108/UBNA_024/20260106_015000.WAV,recover-20260108,UBNA_024,Carp Pond
HF,51840.0,5.150843266423472,262.0435,262.0483,44375.0,62727.0,Echolocation,Myotis alcathoe,0.167,0.384,-1,192000.0,/mnt/ubna_data_07/recover-20260108/UBNA_024/20260106_015000.WAV,recover-20260108,UBNA_024,Carp Pond
HF,51840.0,7.998500741520975,262.2215,262.2258,50390.0,61185.0,Echolocation,Pipistrellus pipistrellus,0.32,0.389,-1,192000.0,/mnt/ubna_data_07/recover-20260108/UBNA_024/20260106_015000.WAV,recover-20260108,UBNA_024,Carp Pond
HF,50880.0,2.291783267973589,262.5665,262.5717,50390.0,58834.0,Echolocation,Pipistrellus pipistrellus,0.366,0.407,-1,192000.0,/mnt/ubna_data_07/recover-20260108/UBNA_024/20260106_015000.WAV,recover-20260108,UBNA_024,Carp Pond
HF,48000.0,6.022733831562272,262.7355,262.7424,46953.0,52019.0,Echolocation,Pipistrellus pipistrellus,0.448,0.49,-1,192000.0,/mnt/ubna_data_07/recover-20260108/UBNA_024/20260106_015000.WAV,recover-20260108,UBNA_024,Carp Pond
HF,48000.0,4.3033378563540206,263.0095,263.0151,46953.0,53091.0,Echolocation,Pipistrellus pipistrellus,0.411,0.424,-1,192000.0,/mnt/ubna_data_07/recover-20260108/UBNA_024/20260106_015000.WAV,recover-20260108,UBNA_024,Carp Pond
HF,48000.0,3.4947784346627935,66.6765,66.682,46093.0,59179.0,Echolocation,Pipistrellus pipistrellus,0.417,0.492,-1,192000.0,/mnt/ubna_data_07/recover-20260108/UBNA_024/20260106_020000.WAV,recover-20260108,UBNA_024,Carp Pond
HF,48000.0,4.927011683398963,66.73949999999999,66.745,46953.0,56274.0,Echolocation,Pipistrellus pipistrellus,0.382,0.401,-1,192000.0,/mnt/ubna_data_07/recover-20260108/UBNA_024/20260106_020000.WAV,recover-20260108,UBNA_024,Carp Pond
HF,46080.0,3.301328560517059,67.1095,67.1139,43515.0,60747.0,Echolocation,Myotis alcathoe,0.131,0.348,-1,192000.0,/mnt/ubna_data_07/recover-20260108/UBNA_024/20260106_020000.WAV,recover-20260108,UBNA_024,Carp Pond
HF,48000.0,7.044854683581935,67.3085,67.3138,46093.0,60526.0,Echolocation,Pipistrellus pipistrellus,0.327,0.429,-1,192000.0,/mnt/ubna_data_07/recover-20260108/UBNA_024/20260106_020000.WAV,recover-20260108,UBNA_024,Carp Pond
HF,50880.0,7.865100455150289,67.3575,67.3634,46093.0,59726.0,Echolocation,Pipistrellus pipistrellus,0.277,0.356,-1,192000.0,/mnt/ubna_data_07/recover-20260108/UBNA_024/20260106_020000.WAV,recover-20260108,UBNA_024,Carp Pond
HF,49920.0,7.2978218584149985,67.4185,67.423,42656.0,58634.0,Echolocation,Pipistrellus pipistrellus,0.196,0.34,-1,192000.0,/mnt/ubna_data_07/recover-20260108/UBNA_024/20260106_020000.WAV,recover-20260108,UBNA_024,Carp Pond
HF,50880.0,7.145867571124381,67.4675,67.4727,47812.0,56720.0,Echolocation,Pipistrellus pipistrellus,0.429,0.447,-1,192000.0,/mnt/ubna_data_07/recover-20260108/UBNA_024/20260106_020000.WAV,recover-20260108,UBNA_024,Carp Pond
HF,50880.0,6.52114255968523,67.51050000000001,67.5152,45234.0,58509.0,Echolocation,Pipistrellus pipistrellus,0.31,0.39,-1,192000.0,/mnt/ubna_data_07/recover-20260108/UBNA_024/20260106_020000.WAV,recover-20260108,UBNA_024,Carp Pond
HF,49920.0,9.534759027327876,67.6435,67.6488,46953.0,57579.0,Echolocation,Pipistrellus pipistrellus,0.489,0.514,-1,192000.0,/mnt/ubna_data_07/recover-20260108/UBNA_024/20260106_020000.WAV,recover-20260108,UBNA_024,Carp Pond
HF,48000.0,13.219282634541646,67.7135,67.7188,46093.0,61635.0,Echolocation,Pipistrellus pipistrellus,0.361,0.524,-1,192000.0,/mnt/ubna_data_07/recover-20260108/UBNA_024/20260106_020000.WAV,recover-20260108,UBNA_024,Carp Pond
HF,51840.0,12.96979574420454,67.7885,67.7931,46093.0,60766.0,Echolocation,Pipistrellus pipistrellus,0.43,0.485,-1,192000.0,/mnt/ubna_data_07/recover-20260108/UBNA_024/20260106_020000.WAV,recover-20260108,UBNA_024,Carp Pond
HF,51840.0,14.422334833639628,67.8585,67.8624,41796.0,69671.0,Echolocation,Myotis alcathoe,0.201,0.373,-1,192000.0,/mnt/ubna_data_07/recover-20260108/UBNA_024/20260106_020000.WAV,recover-20260108,UBNA_024,Carp Pond
HF,51840.0,13.672561015028055,67.9315,67.9361,46093.0,60737.0,Echolocation,Pipistrellus pipistrellus,0.392,0.461,-1,192000.0,/mnt/ubna_data_07/recover-20260108/UBNA_024/20260106_020000.WAV,recover-20260108,UBNA_024,Carp Pond
HF,52800.0,6.218577893339691,68.0965,68.1017,46953.0,57375.0,Echolocation,Pipistrellus pipistrellus,0.403,0.469,-1,192000.0,/mnt/ubna_data_07/recover-20260108/UBNA_024/20260106_020000.WAV,recover-20260108,UBNA_024,Carp Pond
HF,46080.0,7.064218275571328,68.2495,68.2551,41796.0,60749.0,Echolocation,Pipistrellus nathusii,0.107,0.319,-1,192000.0,/mnt/ubna_data_07/recover-20260108/UBNA_024/20260106_020000.WAV,recover-20260108,UBNA_024,Carp Pond
HF,48960.0,7.3367324996762,68.6935,68.6988,46093.0,56362.0,Echolocation,Pipistrellus pipistrellus,0.405,0.471,-1,192000.0,/mnt/ubna_data_07/recover-20260108/UBNA_024/20260106_020000.WAV,recover-20260108,UBNA_024,Carp Pond
HF,48000.0,3.806265145612897,71.23349999999999,71.2377,42656.0,57085.0,Echolocation,Myotis daubentonii,0.1,0.368,-1,192000.0,/mnt/ubna_data_07/recover-20260108/UBNA_024/20260106_020000.WAV,recover-20260108,UBNA_024,Carp Pond
HF,48000.0,8.073728373346379,71.3935,71.399,46953.0,56367.0,Echolocation,Pipistrellus pipistrellus,0.526,0.566,-1,192000.0,/mnt/ubna_data_07/recover-20260108/UBNA_024/20260106_020000.WAV,recover-20260108,UBNA_024,Carp Pond
HF,48000.0,5.218502152655168,71.5755,71.5809,46953.0,54991.0,Echolocation,Pipistrellus pipistrellus,0.304,0.316,-1,192000.0,/mnt/ubna_data_07/recover-20260108/UBNA_024/20260106_020000.WAV,recover-20260108,UBNA_024,Carp Pond
HF,48000.0,12.205939318600896,71.6605,71.6656,46953.0,55914.0,Echolocation,Pipistrellus pipistrellus,0.522,0.554,-1,192000.0,/mnt/ubna_data_07/recover-20260108/UBNA_024/20260106_020000.WAV,recover-20260108,UBNA_024,Carp Pond
HF,47040.0,13.25880527650143,71.7815,71.7872,46093.0,53188.0,Echolocation,Pipistrellus pipistrellus,0.458,0.555,-1,192000.0,/mnt/ubna_data_07/recover-20260108/UBNA_024/20260106_020000.WAV,recover-20260108,UBNA_024,Carp Pond
HF,51840.0,3.755166781426711,72.1255,72.1302,45234.0,59411.0,Echolocation,Pipistrellus pipistrellus,0.325,0.364,-1,192000.0,/mnt/ubna_data_07/recover-20260108/UBNA_024/20260106_020000.WAV,recover-20260108,UBNA_024,Carp Pond
HF,51840.0,6.133778352193085,72.3075,72.3127,46953.0,58155.0,Echolocation,Pipistrellus pipistrellus,0.352,0.396,-1,192000.0,/mnt/ubna_data_07/recover-20260108/UBNA_024/20260106_020000.WAV,recover-20260108,UBNA_024,Carp Pond
HF,45120.0,2.8243824825028803,72.6455,72.6504,43515.0,55385.0,Echolocation,Pipistrellus pipistrellus,0.323,0.353,-1,192000.0,/mnt/ubna_data_07/recover-20260108/UBNA_024/20260106_020000.WAV,recover-20260108,UBNA_024,Carp Pond
HF,55680.0,5.3464391065918875,73.2955,73.2996,50390.0,60012.0,Echolocation,Pipistrellus pipistrellus,0.455,0.493,-1,192000.0,/mnt/ubna_data_07/recover-20260108/UBNA_024/20260106_020000.WAV,recover-20260108,UBNA_024,Carp Pond
HF,47040.0,4.070219324277366,73.5255,73.5315,46953.0,62278.0,Echolocation,Pipistrellus pipistrellus,0.256,0.328,-1,192000.0,/mnt/ubna_data_07/recover-20260108/UBNA_024/20260106_020000.WAV,recover-20260108,UBNA_024,Carp Pond
HF,48960.0,4.163109720752537,73.8595,73.8643,46953.0,57984.0,Echolocation,Pipistrellus pipistrellus,0.345,0.366,-1,192000.0,/mnt/ubna_data_07/recover-20260108/UBNA_024/20260106_020000.WAV,recover-20260108,UBNA_024,Carp Pond
HF,53760.0,2.1614649209532937,74.6545,74.6596,48671.0,61080.0,Echolocation,Pipistrellus pipistrellus,0.277,0.322,-1,192000.0,/mnt/ubna_data_07/recover-20260108/UBNA_024/20260106_020000.WAV,recover-20260108,UBNA_024,Carp Pond
HF,47040.0,2.306533031103703,74.8785,74.8839,46093.0,54144.0,Echolocation,Pipistrellus pipistrellus,0.29,0.308,-1,192000.0,/mnt/ubna_data_07/recover-20260108/UBNA_024/20260106_020000.WAV,recover-20260108,UBNA_024,Carp Pond
HF,46080.0,5.62216458535035,74.9285,74.9352,45234.0,52561.0,Echolocation,Pipistrellus pipistrellus,0.302,0.337,-1,192000.0,/mnt/ubna_data_07/recover-20260108/UBNA_024/20260106_020000.WAV,recover-20260108,UBNA_024,Carp Pond
HF,46080.0,4.0552035887990385,74.9975,75.0039,45234.0,51346.0,Echolocation,Pipistrellus pipistrellus,0.405,0.442,-1,192000.0,/mnt/ubna_data_07/recover-20260108/UBNA_024/20260106_020000.WAV,recover-20260108,UBNA_024,Carp Pond
HF,47040.0,5.506401591619876,75.0655,75.07130000000001,44375.0,56833.0,Echolocation,Pipistrellus pipistrellus,0.253,0.383,-1,192000.0,/mnt/ubna_data_07/recover-20260108/UBNA_024/20260106_020000.WAV,recover-20260108,UBNA_024,Carp Pond
HF,46080.0,2.646429593501915,75.2085,75.2137,44375.0,54142.0,Echolocation,Pipistrellus pipistrellus,0.302,0.357,-1,192000.0,/mnt/ubna_data_07/recover-20260108/UBNA_024/20260106_020000.WAV,recover-20260108,UBNA_024,Carp Pond
HF,47040.0,4.7178927107630315,75.77250000000001,75.7792,44375.0,51908.0,Echolocation,Pipistrellus pipistrellus,0.279,0.433,-1,192000.0,/mnt/ubna_data_07/recover-20260108/UBNA_024/20260106_020000.WAV,recover-20260108,UBNA_024,Carp Pond
HF,48000.0,4.84896460552823,196.7565,196.7623,47812.0,55874.0,Echolocation,Pipistrellus pipistrellus,0.5,0.554,-1,192000.0,/mnt/ubna_data_07/recover-20260108/UBNA_024/20260106_025000.WAV,recover-20260108,UBNA_024,Carp Pond
HF,48000.0,2.742534104435757,196.83350000000002,196.8385,47812.0,59014.0,Echolocation,Pipistrellus pipistrellus,0.439,0.455,-1,192000.0,/mnt/ubna_data_07/recover-20260108/UBNA_024/20260106_025000.WAV,recover-20260108,UBNA_024,Carp Pond
HF,52800.0,6.931710008608816,196.9135,196.9188,47812.0,55433.0,Echolocation,Pipistrellus pipistrellus,0.569,0.592,-1,192000.0,/mnt/ubna_data_07/recover-20260108/UBNA_024/20260106_025000.WAV,recover-20260108,UBNA_024,Carp Pond
HF,48000.0,6.689781163483486,197.0765,197.0824,47812.0,56602.0,Echolocation,Pipistrellus pipistrellus,0.54,0.585,-1,192000.0,/mnt/ubna_data_07/recover-20260108/UBNA_024/20260106_025000.WAV,recover-20260108,UBNA_024,Carp Pond
HF,48000.0,5.324827404843015,197.1595,197.1656,46953.0,61209.0,Echolocation,Pipistrellus pipistrellus,0.414,0.456,-1,192000.0,/mnt/ubna_data_07/recover-20260108/UBNA_024/20260106_025000.WAV,recover-20260108,UBNA_024,Carp Pond
HF,50880.0,10.301311576134417,197.2645,197.27,46953.0,55797.0,Echolocation,Pipistrellus pipistrellus,0.55,0.586,-1,192000.0,/mnt/ubna_data_07/recover-20260108/UBNA_024/20260106_025000.WAV,recover-20260108,UBNA_024,Carp Pond
HF,50880.0,7.542141929037857,197.3425,197.3469,46953.0,61546.0,Echolocation,Pipistrellus pipistrellus,0.3,0.372,-1,192000.0,/mnt/ubna_data_07/recover-20260108/UBNA_024/20260106_025000.WAV,recover-20260108,UBNA_024,Carp Pond
HF,47040.0,14.174010321397859,197.4695,197.4746,44375.0,55766.0,Echolocation,Pipistrellus pipistrellus,0.298,0.365,-1,192000.0,/mnt/ubna_data_07/recover-20260108/UBNA_024/20260106_025000.WAV,recover-20260108,UBNA_024,Carp Pond
HF,48960.0,8.656613003280787,197.54149999999998,197.5461,41796.0,59713.0,Echolocation,Pipistrellus pipistrellus,0.2,0.37,-1,192000.0,/mnt/ubna_data_07/recover-20260108/UBNA_024/20260106_025000.WAV,recover-20260108,UBNA_024,Carp Pond
HF,47040.0,10.453134305318375,197.7335,197.7388,46093.0,52150.0,Echolocation,Pipistrellus pipistrellus,0.352,0.367,-1,192000.0,/mnt/ubna_data_07/recover-20260108/UBNA_024/20260106_025000.WAV,recover-20260108,UBNA_024,Carp Pond
HF,45120.0,8.639599523971501,197.8795,197.8851,43515.0,58050.0,Echolocation,Pipistrellus pipistrellus,0.395,0.532,-1,192000.0,/mnt/ubna_data_07/recover-20260108/UBNA_024/20260106_025000.WAV,recover-20260108,UBNA_024,Carp Pond
HF,47040.0,8.427051304754677,200.0165,200.0217,45234.0,50328.0,Echolocation,Pipistrellus pipistrellus,0.408,0.461,-1,192000.0,/mnt/ubna_data_07/recover-20260108/UBNA_024/20260106_025000.WAV,recover-20260108,UBNA_024,Carp Pond
HF,48000.0,10.329422428566328,200.0815,200.0873,41796.0,56648.0,Echolocation,Myotis daubentonii,0.085,0.35,-1,192000.0,/mnt/ubna_data_07/recover-20260108/UBNA_024/20260106_025000.WAV,recover-20260108,UBNA_024,Carp Pond
HF,45120.0,9.676684682913722,200.3405,200.3467,43515.0,52408.0,Echolocation,Pipistrellus pipistrellus,0.302,0.509,-1,192000.0,/mnt/ubna_data_07/recover-20260108/UBNA_024/20260106_025000.WAV,recover-20260108,UBNA_024,Carp Pond
HF,46080.0,8.652067037039004,200.4235,200.4284,44375.0,61638.0,Echolocation,Pipistrellus pipistrellus,0.299,0.444,-1,192000.0,/mnt/ubna_data_07/recover-20260108/UBNA_024/20260106_025000.WAV,recover-20260108,UBNA_024,Carp Pond
HF,48960.0,11.173116479948032,200.5825,200.5883,45234.0,57895.0,Echolocation,Pipistrellus pipistrellus,0.291,0.403,-1,192000.0,/mnt/ubna_data_07/recover-20260108/UBNA_024/20260106_025000.WAV,recover-20260108,UBNA_024,Carp Pond
HF,47040.0,17.6427102022493,200.69650000000001,200.7013,43515.0,56278.0,Echolocation,Pipistrellus pipistrellus,0.222,0.317,-1,192000.0,/mnt/ubna_data_07/recover-20260108/UBNA_024/20260106_025000.WAV,recover-20260108,UBNA_024,Carp Pond
HF,47040.0,11.006684085281208,200.8755,200.8801,43515.0,59423.0,Echolocation,Pipistrellus pipistrellus,0.252,0.401,-1,192000.0,/mnt/ubna_data_07/recover-20260108/UBNA_024/20260106_025000.WAV,recover-20260108,UBNA_024,Carp Pond
HF,47040.0,6.741535416250692,201.0405,201.0466,43515.0,50817.0,Echolocation,Pipistrellus pipistrellus,0.188,0.319,-1,192000.0,/mnt/ubna_data_07/recover-20260108/UBNA_024/20260106_025000.WAV,recover-20260108,UBNA_024,Carp Pond
HF,46080.0,10.358081838536283,202.3165,202.3234,44375.0,50051.0,Echolocation,Pipistrellus pipistrellus,0.211,0.469,-1,192000.0,/mnt/ubna_data_07/recover-20260108/UBNA_024/20260106_025000.WAV,recover-20260108,UBNA_024,Carp Pond
HF,46080.0,4.886207677626311,202.4005,202.4063,44375.0,50555.0,Echolocation,Pipistrellus pipistrellus,0.273,0.302,-1,192000.0,/mnt/ubna_data_07/recover-20260108/UBNA_024/20260106_025000.WAV,recover-20260108,UBNA_024,Carp Pond
HF,46080.0,4.770421759585363,202.5385,202.5453,44375.0,50112.0,Echolocation,Pipistrellus pipistrellus,0.329,0.382,-1,192000.0,/mnt/ubna_data_07/recover-20260108/UBNA_024/20260106_025000.WAV,recover-20260108,UBNA_024,Carp Pond
HF,47040.0,6.920451585756181,203.4125,203.4188,45234.0,50438.0,Echolocation,Pipistrellus pipistrellus,0.429,0.564,-1,192000.0,/mnt/ubna_data_07/recover-20260108/UBNA_024/20260106_025000.WAV,recover-20260108,UBNA_024,Carp Pond
HF,47040.0,4.765268886590907,203.6035,203.6103,46953.0,51511.0,Echolocation,Pipistrellus pipistrellus,0.314,0.354,-1,192000.0,/mnt/ubna_data_07/recover-20260108/UBNA_024/20260106_025000.WAV,recover-20260108,UBNA_024,Carp Pond
HF,47040.0,5.704086196517696,219.4795,219.4865,45234.0,49958.0,Echolocation,Pipistrellus pipistrellus,0.338,0.416,-1,192000.0,/mnt/ubna_data_07/recover-20260108/UBNA_024/20260106_025000.WAV,recover-20260108,UBNA_024,Carp Pond
HF,47040.0,5.11786482263772,235.2865,235.2911,44375.0,56657.0,Echolocation,Pipistrellus pipistrellus,0.353,0.399,-1,192000.0,/mnt/ubna_data_07/recover-20260108/UBNA_024/20260106_025000.WAV,recover-20260108,UBNA_024,Carp Pond
HF,45120.0,3.0150505012614786,235.3715,235.3774,43515.0,54265.0,Echolocation,Pipistrellus pipistrellus,0.303,0.408,-1,192000.0,/mnt/ubna_data_07/recover-20260108/UBNA_024/20260106_025000.WAV,recover-20260108,UBNA_024,Carp Pond
HF,45120.0,3.5163487054571823,235.5365,235.5423,45234.0,52974.0,Echolocation,Pipistrellus pipistrellus,0.468,0.496,-1,192000.0,/mnt/ubna_data_07/recover-20260108/UBNA_024/20260106_025000.WAV,recover-20260108,UBNA_024,Carp Pond
HF,46080.0,7.4713611679966725,238.9835,238.9897,45234.0,53121.0,Echolocation,Pipistrellus pipistrellus,0.481,0.533,-1,192000.0,/mnt/ubna_data_07/recover-20260108/UBNA_024/20260106_025000.WAV,recover-20260108,UBNA_024,Carp Pond
HF,47040.0,6.265882023062983,239.0305,239.0359,44375.0,59643.0,Echolocation,Pipistrellus pipistrellus,0.277,0.413,-1,192000.0,/mnt/ubna_data_07/recover-20260108/UBNA_024/20260106_025000.WAV,recover-20260108,UBNA_024,Carp Pond
HF,46080.0,7.270494325004583,239.1515,239.1579,44375.0,52377.0,Echolocation,Pipistrellus pipistrellus,0.461,0.563,-1,192000.0,/mnt/ubna_data_07/recover-20260108/UBNA_024/20260106_025000.WAV,recover-20260108,UBNA_024,Carp Pond
HF,46080.0,7.865128483600975,239.2225,239.2272,43515.0,59315.0,Echolocation,Pipistrellus pipistrellus,0.148,0.356,-1,192000.0,/mnt/ubna_data_07/recover-20260108/UBNA_024/20260106_025000.WAV,recover-20260108,UBNA_024,Carp Pond
HF,46080.0,11.474976194007205,239.3005,239.3062,44375.0,54646.0,Echolocation,Pipistrellus pipistrellus,0.458,0.488,-1,192000.0,/mnt/ubna_data_07/recover-20260108/UBNA_024/20260106_025000.WAV,recover-20260108,UBNA_024,Carp Pond
HF,46080.0,7.236920684257443,239.3745,239.3799,44375.0,54698.0,Echolocation,Pipistrellus pipistrellus,0.289,0.372,-1,192000.0,/mnt/ubna_data_07/recover-20260108/UBNA_024/20260106_025000.WAV,recover-20260108,UBNA_024,Carp Pond
HF,47040.0,8.798186116955048,239.4525,239.4576,45234.0,54648.0,Echolocation,Pipistrellus pipistrellus,0.507,0.543,-1,192000.0,/mnt/ubna_data_07/recover-20260108/UBNA_024/20260106_025000.WAV,recover-20260108,UBNA_024,Carp Pond
HF,47040.0,10.239006978008192,239.6185,239.6238,45234.0,52362.0,Echolocation,Pipistrellus pipistrellus,0.451,0.477,-1,192000.0,/mnt/ubna_data_07/recover-20260108/UBNA_024/20260106_025000.WAV,recover-20260108,UBNA_024,Carp Pond
HF,46080.0,6.758171716590061,244.05349999999999,244.0599,43515.0,48896.0,Echolocation,Pipistrellus pipistrellus,0.103,0.335,-1,192000.0,/mnt/ubna_data_07/recover-20260108/UBNA_024/20260106_025000.WAV,recover-20260108,UBNA_024,Carp Pond
HF,47040.0,4.378961294444201,244.3155,244.321,45234.0,51743.0,Echolocation,Pipistrellus pipistrellus,0.38,0.395,-1,192000.0,/mnt/ubna_data_07/recover-20260108/UBNA_024/20260106_025000.WAV,recover-20260108,UBNA_024,Carp Pond
HF,46080.0,1.9674339593838903,244.44650000000001,244.4521,45234.0,52313.0,Echolocation,Pipistrellus pipistrellus,0.424,0.445,-1,192000.0,/mnt/ubna_data_07/recover-20260108/UBNA_024/20260106_025000.WAV,recover-20260108,UBNA_024,Carp Pond
HF,46080.0,6.1403664994909155,244.5805,244.5861,45234.0,54493.0,Echolocation,Pipistrellus pipistrellus,0.404,0.426,-1,192000.0,/mnt/ubna_data_07/recover-20260108/UBNA_024/20260106_025000.WAV,recover-20260108,UBNA_024,Carp Pond
HF,46080.0,5.896155197271953,244.6645,244.67,44375.0,51958.0,Echolocation,Pipistrellus pipistrellus,0.45,0.486,-1,192000.0,/mnt/ubna_data_07/recover-20260108/UBNA_024/20260106_025000.WAV,recover-20260108,UBNA_024,Carp Pond
HF,46080.0,6.940984622730026,244.7225,244.7277,44375.0,54502.0,Echolocation,Pipistrellus pipistrellus,0.411,0.462,-1,192000.0,/mnt/ubna_data_07/recover-20260108/UBNA_024/20260106_025000.WAV,recover-20260108,UBNA_024,Carp Pond
HF,47040.0,5.403406552607826,245.1255,245.1311,41796.0,56871.0,Echolocation,Myotis daubentonii,0.134,0.448,-1,192000.0,/mnt/ubna_data_07/recover-20260108/UBNA_024/20260106_025000.WAV,recover-20260108,UBNA_024,Carp Pond
HF,47040.0,2.8013365573478763,245.2155,245.2217,42656.0,53337.0,Echolocation,Pipistrellus pipistrellus,0.112,0.307,-1,192000.0,/mnt/ubna_data_07/recover-20260108/UBNA_024/20260106_025000.WAV,recover-20260108,UBNA_024,Carp Pond
HF,46080.0,3.52323920449017,245.4005,245.4055,41796.0,57727.0,Echolocation,Pipistrellus pipistrellus,0.097,0.366,-1,192000.0,/mnt/ubna_data_07/recover-20260108/UBNA_024/20260106_025000.WAV,recover-20260108,UBNA_024,Carp Pond
HF,47040.0,4.284032636178604,245.6415,245.6472,43515.0,57659.0,Echolocation,Pipistrellus pipistrellus,0.186,0.389,-1,192000.0,/mnt/ubna_data_07/recover-20260108/UBNA_024/20260106_025000.WAV,recover-20260108,UBNA_024,Carp Pond
HF,47040.0,8.940961766980678,245.8975,245.9026,43515.0,53479.0,Echolocation,Pipistrellus pipistrellus,0.391,0.488,-1,192000.0,/mnt/ubna_data_07/recover-20260108/UBNA_024/20260106_025000.WAV,recover-20260108,UBNA_024,Carp Pond
HF,48000.0,8.09616730730853,245.9745,245.9793,40937.0,60287.0,Echolocation,Myotis mystacinus,0.087,0.377,-1,192000.0,/mnt/ubna_data_07/recover-20260108/UBNA_024/20260106_025000.WAV,recover-20260108,UBNA_024,Carp Pond
HF,48000.0,9.10259131621897,246.0495,246.0541,40937.0,62405.0,Echolocation,Myotis alcathoe,0.126,0.424,-1,192000.0,/mnt/ubna_data_07/recover-20260108/UBNA_024/20260106_025000.WAV,recover-20260108,UBNA_024,Carp Pond
HF,48000.0,7.619557470691667,246.1195,246.1249,41796.0,55803.0,Echolocation,Pipistrellus nathusii,0.107,0.362,-1,192000.0,/mnt/ubna_data_07/recover-20260108/UBNA_024/20260106_025000.WAV,recover-20260108,UBNA_024,Carp Pond
HF,46080.0,9.511678144392748,246.3325,246.336,42656.0,68495.0,Echolocation,Myotis mystacinus,0.221,0.414,-1,192000.0,/mnt/ubna_data_07/recover-20260108/UBNA_024/20260106_025000.WAV,recover-20260108,UBNA_024,Carp Pond
HF,45120.0,6.6715642940935584,246.5455,246.55,43515.0,62100.0,Echolocation,Myotis mystacinus,0.149,0.483,-1,192000.0,/mnt/ubna_data_07/recover-20260108/UBNA_024/20260106_025000.WAV,recover-20260108,UBNA_024,Carp Pond
HF,46080.0,5.849609192558576,246.6955,246.6992,43515.0,62444.0,Echolocation,Myotis mystacinus,0.156,0.358,-1,192000.0,/mnt/ubna_data_07/recover-20260108/UBNA_024/20260106_025000.WAV,recover-20260108,UBNA_024,Carp Pond
HF,47040.0,4.372897678561197,246.7815,246.7859,41796.0,54350.0,Echolocation,Myotis mystacinus,0.096,0.353,-1,192000.0,/mnt/ubna_data_07/recover-20260108/UBNA_024/20260106_025000.WAV,recover-20260108,UBNA_024,Carp Pond
HF,46080.0,7.446113286028017,248.1765,248.1822,44375.0,50998.0,Echolocation,Pipistrellus pipistrellus,0.455,0.49,-1,192000.0,/mnt/ubna_data_07/recover-20260108/UBNA_024/20260106_025000.WAV,recover-20260108,UBNA_024,Carp Pond
HF,47040.0,2.319205706258787,249.0645,249.072,45234.0,51735.0,Echolocation,Pipistrellus pipistrellus,0.313,0.342,-1,192000.0,/mnt/ubna_data_07/recover-20260108/UBNA_024/20260106_025000.WAV,recover-20260108,UBNA_024,Carp Pond
HF,48000.0,5.14401073829549,249.2485,249.2562,43515.0,50408.0,Echolocation,Pipistrellus pipistrellus,0.224,0.416,-1,192000.0,/mnt/ubna_data_07/recover-20260108/UBNA_024/20260106_025000.WAV,recover-20260108,UBNA_024,Carp Pond
HF,45120.0,4.12398611551497,258.8495,258.8562,43515.0,48954.0,Echolocation,Pipistrellus pipistrellus,0.28,0.382,-1,192000.0,/mnt/ubna_data_07/recover-20260108/UBNA_024/20260106_025000.WAV,recover-20260108,UBNA_024,Carp Pond
HF,46080.0,3.821089369882482,259.6155,259.6217,45234.0,50506.0,Echolocation,Pipistrellus pipistrellus,0.334,0.353,-1,192000.0,/mnt/ubna_data_07/recover-20260108/UBNA_024/20260106_025000.WAV,recover-20260108,UBNA_024,Carp Pond
HF,46080.0,3.251866966991648,260.0855,260.0928,45234.0,50841.0,Echolocation,Pipistrellus pipistrellus,0.367,0.383,-1,192000.0,/mnt/ubna_data_07/recover-20260108/UBNA_024/20260106_025000.WAV,recover-20260108,UBNA_024,Carp Pond
HF,45120.0,4.2658870282604315,260.1505,260.1558,43515.0,54268.0,Echolocation,Pipistrellus pipistrellus,0.452,0.478,-1,192000.0,/mnt/ubna_data_07/recover-20260108/UBNA_024/20260106_025000.WAV,recover-20260108,UBNA_024,Carp Pond
HF,46080.0,11.48944643345708,260.2515,260.2572,44375.0,51895.0,Echolocation,Pipistrellus pipistrellus,0.561,0.593,-1,192000.0,/mnt/ubna_data_07/recover-20260108/UBNA_024/20260106_025000.WAV,recover-20260108,UBNA_024,Carp Pond
HF,46080.0,5.793486070490213,260.3045,260.30989999999997,43515.0,54115.0,Echolocation,Pipistrellus pipistrellus,0.503,0.563,-1,192000.0,/mnt/ubna_data_07/recover-20260108/UBNA_024/20260106_025000.WAV,recover-20260108,UBNA_024,Carp Pond
HF,46080.0,4.84623990702635,260.4405,260.447,45234.0,51453.0,Echolocation,Pipistrellus pipistrellus,0.437,0.459,-1,192000.0,/mnt/ubna_data_07/recover-20260108/UBNA_024/20260106_025000.WAV,recover-20260108,UBNA_024,Carp Pond
HF,46080.0,6.953049158723431,260.5955,260.602,45234.0,52012.0,Echolocation,Pipistrellus pipistrellus,0.5,0.528,-1,192000.0,/mnt/ubna_data_07/recover-20260108/UBNA_024/20260106_025000.WAV,recover-20260108,UBNA_024,Carp Pond
HF,46080.0,6.288412465533641,260.6705,260.6765,44375.0,51777.0,Echolocation,Pipistrellus pipistrellus,0.527,0.56,-1,192000.0,/mnt/ubna_data_07/recover-20260108/UBNA_024/20260106_025000.WAV,recover-20260108,UBNA_024,Carp Pond
HF,45120.0,9.629958103533436,260.8255,260.8325,44375.0,51593.0,Echolocation,Pipistrellus pipistrellus,0.53,0.563,-1,192000.0,/mnt/ubna_data_07/recover-20260108/UBNA_024/20260106_025000.WAV,recover-20260108,UBNA_024,Carp Pond
HF,45120.0,6.270052429682736,260.9055,260.9113,43515.0,55416.0,Echolocation,Pipistrellus pipistrellus,0.476,0.512,-1,192000.0,/mnt/ubna_data_07/recover-20260108/UBNA_024/20260106_025000.WAV,recover-20260108,UBNA_024,Carp Pond
HF,46080.0,6.328902390634412,260.9935,261.0006,45234.0,51871.0,Echolocation,Pipistrellus pipistrellus,0.467,0.504,-1,192000.0,/mnt/ubna_data_07/recover-20260108/UBNA_024/20260106_025000.WAV,recover-20260108,UBNA_024,Carp Pond
HF,46080.0,12.99966982185837,261.1755,261.1811,44375.0,54386.0,Echolocation,Pipistrellus pipistrellus,0.468,0.505,-1,192000.0,/mnt/ubna_data_07/recover-20260108/UBNA_024/20260106_025000.WAV,recover-20260108,UBNA_024,Carp Pond
HF,46080.0,12.219377526263525,261.3385,261.3447,44375.0,53142.0,Echolocation,Pipistrellus pipistrellus,0.57,0.607,-1,192000.0,/mnt/ubna_data_07/recover-20260108/UBNA_024/20260106_025000.WAV,recover-20260108,UBNA_024,Carp Pond
HF,46080.0,2.499925943020151,261.4255,261.4306,43515.0,54845.0,Echolocation,Pipistrellus pipistrellus,0.46,0.488,-1,192000.0,/mnt/ubna_data_07/recover-20260108/UBNA_024/20260106_025000.WAV,recover-20260108,UBNA_024,Carp Pond
HF,47040.0,4.015957245897534,261.5105,261.5169,42656.0,55152.0,Echolocation,Pipistrellus pipistrellus,0.184,0.384,-1,192000.0,/mnt/ubna_data_07/recover-20260108/UBNA_024/20260106_025000.WAV,recover-20260108,UBNA_024,Carp Pond
HF,47040.0,2.3835262181783925,261.6165,261.6231,45234.0,52016.0,Echolocation,Pipistrellus pipistrellus,0.459,0.499,-1,192000.0,/mnt/ubna_data_07/recover-20260108/UBNA_024/20260106_025000.WAV,recover-20260108,UBNA_024,Carp Pond
HF,46080.0,6.091378731210472,261.6915,261.6977,44375.0,52385.0,Echolocation,Pipistrellus pipistrellus,0.571,0.602,-1,192000.0,/mnt/ubna_data_07/recover-20260108/UBNA_024/20260106_025000.WAV,recover-20260108,UBNA_024,Carp Pond
HF,47040.0,2.230342574306334,261.7725,261.7778,41796.0,52616.0,Echolocation,Pipistrellus pipistrellus,0.376,0.433,-1,192000.0,/mnt/ubna_data_07/recover-20260108/UBNA_024/20260106_025000.WAV,recover-20260108,UBNA_024,Carp Pond
HF,46080.0,5.327524907980434,261.8615,261.8682,46093.0,52917.0,Echolocation,Pipistrellus pipistrellus,0.557,0.572,-1,192000.0,/mnt/ubna_data_07/recover-20260108/UBNA_024/20260106_025000.WAV,recover-20260108,UBNA_024,Carp Pond
HF,46080.0,6.168317137742704,262.0315,262.0389,44375.0,49646.0,Echolocation,Pipistrellus pipistrellus,0.24,0.384,-1,192000.0,/mnt/ubna_data_07/recover-20260108/UBNA_024/20260106_025000.WAV,recover-20260108,UBNA_024,Carp Pond
HF,47040.0,3.2494830161144166,277.7445,277.7538,46093.0,49863.0,Echolocation,Pipistrellus pipistrellus,0.274,0.344,-1,192000.0,/mnt/ubna_data_07/recover-20260108/UBNA_024/20260106_025000.WAV,recover-20260108,UBNA_024,Carp Pond
HF,48000.0,2.1891454131013357,278.3265,278.3324,42656.0,55659.0,Echolocation,Myotis daubentonii,0.119,0.379,-1,192000.0,/mnt/ubna_data_07/recover-20260108/UBNA_024/20260106_025000.WAV,recover-20260108,UBNA_024,Carp Pond
HF,46080.0,3.962966098009722,278.6895,278.6959,45234.0,50783.0,Echolocation,Pipistrellus pipistrellus,0.292,0.374,-1,192000.0,/mnt/ubna_data_07/recover-20260108/UBNA_024/20260106_025000.WAV,recover-20260108,UBNA_024,Carp Pond
HF,47040.0,3.711145218475846,278.7575,278.7634,45234.0,52801.0,Echolocation,Pipistrellus pipistrellus,0.33,0.369,-1,192000.0,/mnt/ubna_data_07/recover-20260108/UBNA_024/20260106_025000.WAV,recover-20260108,UBNA_024,Carp Pond
HF,43200.0,3.688947121125797,279.2605,279.2669,41796.0,54520.0,Echolocation,Pipistrellus pipistrellus,0.106,0.397,-1,192000.0,/mnt/ubna_data_07/recover-20260108/UBNA_024/20260106_025000.WAV,recover-20260108,UBNA_024,Carp Pond
HF,46080.0,7.063348358083267,279.3465,279.3518,43515.0,49648.0,Echolocation,Pipistrellus pipistrellus,0.327,0.446,-1,192000.0,/mnt/ubna_data_07/recover-20260108/UBNA_024/20260106_025000.WAV,recover-20260108,UBNA_024,Carp Pond
HF,45120.0,7.066562543887685,279.4305,279.4379,42656.0,52726.0,Echolocation,Pipistrellus nathusii,0.153,0.429,-1,192000.0,/mnt/ubna_data_07/recover-20260108/UBNA_024/20260106_025000.WAV,recover-20260108,UBNA_024,Carp Pond
HF,45120.0,5.5102214212694625,283.9795,283.9869,45234.0,49700.0,Echolocation,Pipistrellus pipistrellus,0.347,0.445,-1,192000.0,/mnt/ubna_data_07/recover-20260108/UBNA_024/20260106_025000.WAV,recover-20260108,UBNA_024,Carp Pond
HF,46080.0,3.490581704014456,298.0665,298.0724,44375.0,53188.0,Echolocation,Pipistrellus pipistrellus,0.281,0.3,-1,192000.0,/mnt/ubna_data_07/recover-20260108/UBNA_024/20260106_025000.WAV,recover-20260108,UBNA_024,Carp Pond
HF,46080.0,3.1752241790875715,298.1735,298.18,44375.0,52983.0,Echolocation,Pipistrellus pipistrellus,0.394,0.477,-1,192000.0,/mnt/ubna_data_07/recover-20260108/UBNA_024/20260106_025000.WAV,recover-20260108,UBNA_024,Carp Pond
HF,47040.0,2.451021866134536,298.3025,298.30740000000003,45234.0,57015.0,Echolocation,Pipistrellus pipistrellus,0.264,0.303,-1,192000.0,/mnt/ubna_data_07/recover-20260108/UBNA_024/20260106_025000.WAV,recover-20260108,UBNA_024,Carp Pond
HF,46080.0,3.1825340730146854,298.3705,298.3771,45234.0,54112.0,Echolocation,Pipistrellus pipistrellus,0.374,0.406,-1,192000.0,/mnt/ubna_data_07/recover-20260108/UBNA_024/20260106_025000.WAV,recover-20260108,UBNA_024,Carp Pond
HF,46080.0,2.711044402342581,298.52049999999997,298.5264,44375.0,54169.0,Echolocation,Pipistrellus pipistrellus,0.289,0.322,-1,192000.0,/mnt/ubna_data_07/recover-20260108/UBNA_024/20260106_025000.WAV,recover-20260108,UBNA_024,Carp Pond
HF,46080.0,11.839950742837841,298.6805,298.6863,44375.0,54717.0,Echolocation,Pipistrellus pipistrellus,0.543,0.585,-1,192000.0,/mnt/ubna_data_07/recover-20260108/UBNA_024/20260106_025000.WAV,recover-20260108,UBNA_024,Carp Pond
HF,46080.0,3.6717059270001657,298.7625,298.7681,44375.0,55591.0,Echolocation,Pipistrellus pipistrellus,0.278,0.322,-1,192000.0,/mnt/ubna_data_07/recover-20260108/UBNA_024/20260106_025000.WAV,recover-20260108,UBNA_024,Carp Pond
HF,48000.0,4.035555061720067,298.8505,298.8563,43515.0,54986.0,Echolocation,Pipistrellus pipistrellus,0.369,0.482,-1,192000.0,/mnt/ubna_data_07/recover-20260108/UBNA_024/20260106_025000.WAV,recover-20260108,UBNA_024,Carp Pond
HF,45120.0,9.33523276216672,299.02049999999997,299.0272,43515.0,50600.0,Echolocation,Pipistrellus pipistrellus,0.544,0.587,-1,192000.0,/mnt/ubna_data_07/recover-20260108/UBNA_024/20260106_025000.WAV,recover-20260108,UBNA_024,Carp Pond
HF,46080.0,11.343969510385836,299.1945,299.20029999999997,44375.0,51785.0,Echolocation,Pipistrellus pipistrellus,0.527,0.59,-1,192000.0,/mnt/ubna_data_07/recover-20260108/UBNA_024/20260106_025000.WAV,recover-20260108,UBNA_024,Carp Pond
HF,47040.0,4.87991187997255,299.3195,299.3249,45234.0,50728.0,Echolocation,Pipistrellus pipistrellus,0.331,0.343,-1,192000.0,/mnt/ubna_data_07/recover-20260108/UBNA_024/20260106_025000.WAV,recover-20260108,UBNA_024,Carp Pond
HF,46080.0,3.7238231253368523,299.3935,299.4001,44375.0,51541.0,Echolocation,Pipistrellus pipistrellus,0.507,0.578,-1,192000.0,/mnt/ubna_data_07/recover-20260108/UBNA_024/20260106_025000.WAV,recover-20260108,UBNA_024,Carp Pond
HF,47040.0,3.8201906301179527,299.8435,299.8502,46093.0,51810.0,Echolocation,Pipistrellus pipistrellus,0.359,0.367,-1,192000.0,/mnt/ubna_data_07/recover-20260108/UBNA_024/20260106_025000.WAV,recover-20260108,UBNA_024,Carp Pond
HF,49920.0,1.8014250534615566,299.91949999999997,299.9257,42656.0,57547.0,Echolocation,Pipistrellus pipistrellus,0.226,0.51,-1,192000.0,/mnt/ubna_data_07/recover-20260108/UBNA_024/20260106_025000.WAV,recover-20260108,UBNA_024,Carp Pond
HF,46080.0,3.4211400534253373,16.7115,16.7192,42656.0,52210.0,Echolocation,Pipistrellus nathusii,0.097,0.348,-1,192000.0,/mnt/ubna_data_07/recover-20260108/UBNA_024/20260106_030000.WAV,recover-20260108,UBNA_024,Carp Pond
HF,46080.0,6.9268382319531465,233.6165,233.622,46093.0,52744.0,Echolocation,Pipistrellus pipistrellus,0.344,0.39,-1,192000.0,/mnt/ubna_data_07/recover-20260108/UBNA_024/20260106_030000.WAV,recover-20260108,UBNA_024,Carp Pond
HF,45120.0,4.1765330667100615,234.1275,234.1342,43515.0,49917.0,Echolocation,Pipistrellus pipistrellus,0.248,0.39,-1,192000.0,/mnt/ubna_data_07/recover-20260108/UBNA_024/20260106_030000.WAV,recover-20260108,UBNA_024,Carp Pond
HF,46080.0,7.058657187126277,234.3075,234.3143,43515.0,50135.0,Echolocation,Pipistrellus pipistrellus,0.221,0.409,-1,192000.0,/mnt/ubna_data_07/recover-20260108/UBNA_024/20260106_030000.WAV,recover-20260108,UBNA_024,Carp Pond
HF,50880.0,7.754183830144924,243.8805,243.8851,49531.0,57637.0,Echolocation,Pipistrellus pipistrellus,0.264,0.307,-1,192000.0,/mnt/ubna_data_07/recover-20260108/UBNA_024/20260106_040000.WAV,recover-20260108,UBNA_024,Carp Pond
HF,50880.0,8.108655478241497,244.0725,244.0773,50390.0,58091.0,Echolocation,Pipistrellus pipistrellus,0.283,0.34,-1,192000.0,/mnt/ubna_data_07/recover-20260108/UBNA_024/20260106_040000.WAV,recover-20260108,UBNA_024,Carp Pond
HF,52800.0,7.863320076547563,244.1465,244.1531,46093.0,61326.0,Echolocation,Pipistrellus pipistrellus,0.177,0.324,-1,192000.0,/mnt/ubna_data_07/recover-20260108/UBNA_024/20260106_040000.WAV,recover-20260108,UBNA_024,Carp Pond
HF,51840.0,13.840667540026296,244.30349999999999,244.3082,48671.0,59853.0,Echolocation,Pipistrellus pipistrellus,0.347,0.416,-1,192000.0,/mnt/ubna_data_07/recover-20260108/UBNA_024/20260106_040000.WAV,recover-20260108,UBNA_024,Carp Pond
HF,52800.0,19.347696288034697,244.3935,244.3974,46093.0,62864.0,Echolocation,Pipistrellus pipistrellus,0.337,0.416,-1,192000.0,/mnt/ubna_data_07/recover-20260108/UBNA_024/20260106_040000.WAV,recover-20260108,UBNA_024,Carp Pond
HF,51840.0,11.00168494311621,244.4945,244.5005,47812.0,59051.0,Echolocation,Pipistrellus pipistrellus,0.341,0.431,-1,192000.0,/mnt/ubna_data_07/recover-20260108/UBNA_024/20260106_040000.WAV,recover-20260108,UBNA_024,Carp Pond
HF,48000.0,16.588927670714273,244.5885,244.5947,46953.0,62383.0,Echolocation,Pipistrellus pipistrellus,0.473,0.63,-1,192000.0,/mnt/ubna_data_07/recover-20260108/UBNA_024/20260106_040000.WAV,recover-20260108,UBNA_024,Carp Pond
HF,51840.0,18.726425455573676,244.6825,244.6885,46953.0,61908.0,Echolocation,Pipistrellus pipistrellus,0.466,0.545,-1,192000.0,/mnt/ubna_data_07/recover-20260108/UBNA_024/20260106_040000.WAV,recover-20260108,UBNA_024,Carp Pond
HF,51840.0,17.59339641288975,244.7615,244.7669,46953.0,60895.0,Echolocation,Pipistrellus pipistrellus,0.426,0.496,-1,192000.0,/mnt/ubna_data_07/recover-20260108/UBNA_024/20260106_040000.WAV,recover-20260108,UBNA_024,Carp Pond
HF,51840.0,17.378368245711936,244.8535,244.8612,46953.0,61722.0,Echolocation,Pipistrellus pipistrellus,0.484,0.628,-1,192000.0,/mnt/ubna_data_07/recover-20260108/UBNA_024/20260106_040000.WAV,recover-20260108,UBNA_024,Carp Pond
HF,51840.0,14.85748844029586,244.9415,244.948,46953.0,60983.0,Echolocation,Pipistrellus pipistrellus,0.469,0.582,-1,192000.0,/mnt/ubna_data_07/recover-20260108/UBNA_024/20260106_040000.WAV,recover-20260108,UBNA_024,Carp Pond
HF,50880.0,12.949519868419587,245.0395,245.0449,48671.0,62076.0,Echolocation,Pipistrellus pipistrellus,0.351,0.427,-1,192000.0,/mnt/ubna_data_07/recover-20260108/UBNA_024/20260106_040000.WAV,recover-20260108,UBNA_024,Carp Pond
HF,51840.0,16.872602733922502,245.1255,245.1322,47812.0,63742.0,Echolocation,Pipistrellus pipistrellus,0.368,0.478,-1,192000.0,/mnt/ubna_data_07/recover-20260108/UBNA_024/20260106_040000.WAV,recover-20260108,UBNA_024,Carp Pond
HF,51840.0,16.294776464579115,245.2095,245.2149,45234.0,65649.0,Echolocation,Pipistrellus pipistrellus,0.229,0.491,-1,192000.0,/mnt/ubna_data_07/recover-20260108/UBNA_024/20260106_040000.WAV,recover-20260108,UBNA_024,Carp Pond
HF,51840.0,23.8930929866913,245.3645,245.3721,45234.0,65821.0,Echolocation,Pipistrellus pipistrellus,0.371,0.518,-1,192000.0,/mnt/ubna_data_07/recover-20260108/UBNA_024/20260106_040000.WAV,recover-20260108,UBNA_024,Carp Pond
HF,49920.0,18.456387894398095,245.4445,245.4497,43515.0,72464.0,Echolocation,Pipistrellus pipistrellus,0.232,0.461,-1,192000.0,/mnt/ubna_data_07/recover-20260108/UBNA_024/20260106_040000.WAV,recover-20260108,UBNA_024,Carp Pond
HF,50880.0,26.860614648463095,245.5485,245.5556,45234.0,65898.0,Echolocation,Pipistrellus pipistrellus,0.427,0.604,-1,192000.0,/mnt/ubna_data_07/recover-20260108/UBNA_024/20260106_040000.WAV,recover-20260108,UBNA_024,Carp Pond
HF,51840.0,20.415821309295715,245.6405,245.6458,45234.0,65623.0,Echolocation,Pipistrellus pipistrellus,0.393,0.575,-1,192000.0,/mnt/ubna_data_07/recover-20260108/UBNA_024/20260106_040000.WAV,recover-20260108,UBNA_024,Carp Pond
HF,50880.0,21.582268636521206,245.7375,245.7441,45234.0,65573.0,Echolocation,Pipistrellus pipistrellus,0.47,0.623,-1,192000.0,/mnt/ubna_data_07/recover-20260108/UBNA_024/20260106_040000.WAV,recover-20260108,UBNA_024,Carp Pond
HF,48000.0,15.676937444232145,245.8335,245.8388,45234.0,59128.0,Echolocation,Pipistrellus pipistrellus,0.339,0.52,-1,192000.0,/mnt/ubna_data_07/recover-20260108/UBNA_024/20260106_040000.WAV,recover-20260108,UBNA_024,Carp Pond
HF,51840.0,17.780489981682766,245.9275,245.9346,46953.0,61439.0,Echolocation,Pipistrellus pipistrellus,0.449,0.566,-1,192000.0,/mnt/ubna_data_07/recover-20260108/UBNA_024/20260106_040000.WAV,recover-20260108,UBNA_024,Carp Pond
HF,48000.0,14.574075768083484,246.0095,246.0149,45234.0,59893.0,Echolocation,Pipistrellus pipistrellus,0.231,0.351,-1,192000.0,/mnt/ubna_data_07/recover-20260108/UBNA_024/20260106_040000.WAV,recover-20260108,UBNA_024,Carp Pond
HF,52800.0,15.595486631916478,246.1025,246.1074,45234.0,66319.0,Echolocation,Pipistrellus pipistrellus,0.157,0.402,-1,192000.0,/mnt/ubna_data_07/recover-20260108/UBNA_024/20260106_040000.WAV,recover-20260108,UBNA_024,Carp Pond
HF,51840.0,14.706380100837407,246.1955,246.2023,46093.0,59430.0,Echolocation,Pipistrellus pipistrellus,0.416,0.587,-1,192000.0,/mnt/ubna_data_07/recover-20260108/UBNA_024/20260106_040000.WAV,recover-20260108,UBNA_024,Carp Pond
HF,51840.0,14.410196499737978,246.2895,246.2961,44375.0,59132.0,Echolocation,Pipistrellus pipistrellus,0.325,0.517,-1,192000.0,/mnt/ubna_data_07/recover-20260108/UBNA_024/20260106_040000.WAV,recover-20260108,UBNA_024,Carp Pond
HF,50880.0,16.40214679182185,246.3925,246.399,46953.0,59067.0,Echolocation,Pipistrellus pipistrellus,0.408,0.51,-1,192000.0,/mnt/ubna_data_07/recover-20260108/UBNA_024/20260106_040000.WAV,recover-20260108,UBNA_024,Carp Pond
HF,48000.0,6.791858503736728,246.4625,246.469,45234.0,59360.0,Echolocation,Pipistrellus pipistrellus,0.348,0.459,-1,192000.0,/mnt/ubna_data_07/recover-20260108/UBNA_024/20260106_040000.WAV,recover-20260108,UBNA_024,Carp Pond
HF,48000.0,13.93473341465409,246.6165,246.6232,46093.0,64517.0,Echolocation,Pipistrellus pipistrellus,0.35,0.568,-1,192000.0,/mnt/ubna_data_07/recover-20260108/UBNA_024/20260106_040000.WAV,recover-20260108,UBNA_024,Carp Pond
HF,47040.0,10.4559582067978,246.7015,246.7063,44375.0,58446.0,Echolocation,Pipistrellus pipistrellus,0.272,0.418,-1,192000.0,/mnt/ubna_data_07/recover-20260108/UBNA_024/20260106_040000.WAV,recover-20260108,UBNA_024,Carp Pond
HF,48000.0,13.954569025620621,246.7905,246.7969,46093.0,62942.0,Echolocation,Pipistrellus pipistrellus,0.489,0.637,-1,192000.0,/mnt/ubna_data_07/recover-20260108/UBNA_024/20260106_040000.WAV,recover-20260108,UBNA_024,Carp Pond
HF,48960.0,5.6390252459540555,246.8715,246.878,47812.0,57003.0,Echolocation,Pipistrellus pipistrellus,0.398,0.454,-1,192000.0,/mnt/ubna_data_07/recover-20260108/UBNA_024/20260106_040000.WAV,recover-20260108,UBNA_024,Carp Pond
HF,48960.0,9.679823684711435,246.9735,246.979,46953.0,57311.0,Echolocation,Pipistrellus pipistrellus,0.53,0.587,-1,192000.0,/mnt/ubna_data_07/recover-20260108/UBNA_024/20260106_040000.WAV,recover-20260108,UBNA_024,Carp Pond
HF,47040.0,8.222882316073608,247.1675,247.1732,46093.0,57993.0,Echolocation,Pipistrellus pipistrellus,0.452,0.54,-1,192000.0,/mnt/ubna_data_07/recover-20260108/UBNA_024/20260106_040000.WAV,recover-20260108,UBNA_024,Carp Pond
HF,51840.0,5.817301036714339,247.5265,247.5334,49531.0,58278.0,Echolocation,Pipistrellus pipistrellus,0.281,0.324,-1,192000.0,/mnt/ubna_data_07/recover-20260108/UBNA_024/20260106_040000.WAV,recover-20260108,UBNA_024,Carp Pond
HF,46080.0,6.549738144014849,19.6435,19.6481,41796.0,59722.0,Echolocation,Myotis daubentonii,0.083,0.334,-1,192000.0,/mnt/ubna_data_07/recover-20260108/UBNA_024/20260106_053000.WAV,recover-20260108,UBNA_024,Carp Pond
HF,46080.0,9.893981589439967,19.8945,19.9001,43515.0,58094.0,Echolocation,Pipistrellus pipistrellus,0.247,0.49,-1,192000.0,/mnt/ubna_data_07/recover-20260108/UBNA_024/20260106_053000.WAV,recover-20260108,UBNA_024,Carp Pond
HF,46080.0,3.972534798236639,19.9655,19.9711,44375.0,57784.0,Echolocation,Pipistrellus pipistrellus,0.151,0.309,-1,192000.0,/mnt/ubna_data_07/recover-20260108/UBNA_024/20260106_053000.WAV,recover-20260108,UBNA_024,Carp Pond
HF,47040.0,5.125588246639082,20.0485,20.0538,44375.0,52228.0,Echolocation,Pipistrellus pipistrellus,0.31,0.338,-1,192000.0,/mnt/ubna_data_07/recover-20260108/UBNA_024/20260106_053000.WAV,recover-20260108,UBNA_024,Carp Pond
HF,46080.0,11.104705684377015,20.3125,20.3193,43515.0,53695.0,Echolocation,Pipistrellus pipistrellus,0.322,0.408,-1,192000.0,/mnt/ubna_data_07/recover-20260108/UBNA_024/20260106_053000.WAV,recover-20260108,UBNA_024,Carp Pond
HF,46080.0,7.35779474638905,20.7495,20.7555,44375.0,49713.0,Echolocation,Pipistrellus pipistrellus,0.389,0.43,-1,192000.0,/mnt/ubna_data_07/recover-20260108/UBNA_024/20260106_053000.WAV,recover-20260108,UBNA_024,Carp Pond
HF,46080.0,6.348138536971824,20.8395,20.8451,44375.0,49706.0,Echolocation,Pipistrellus pipistrellus,0.383,0.446,-1,192000.0,/mnt/ubna_data_07/recover-20260108/UBNA_024/20260106_053000.WAV,recover-20260108,UBNA_024,Carp Pond
HF,46080.0,9.995257850746931,176.9505,176.9566,45234.0,50772.0,Echolocation,Pipistrellus pipistrellus,0.277,0.305,-1,192000.0,/mnt/ubna_data_07/recover-20260108/UBNA_024/20260106_053000.WAV,recover-20260108,UBNA_024,Carp Pond
HF,46080.0,9.307056223912957,177.0325,177.0391,44375.0,51911.0,Echolocation,Pipistrellus pipistrellus,0.415,0.489,-1,192000.0,/mnt/ubna_data_07/recover-20260108/UBNA_024/20260106_053000.WAV,recover-20260108,UBNA_024,Carp Pond
HF,46080.0,4.341887797777245,177.2985,177.3039,43515.0,52729.0,Echolocation,Pipistrellus pipistrellus,0.369,0.449,-1,192000.0,/mnt/ubna_data_07/recover-20260108/UBNA_024/20260106_053000.WAV,recover-20260108,UBNA_024,Carp Pond
HF,44160.0,3.4009088153627416,177.3895,177.3963,41796.0,55658.0,Echolocation,Pipistrellus pipistrellus,0.141,0.359,-1,192000.0,/mnt/ubna_data_07/recover-20260108/UBNA_024/20260106_053000.WAV,recover-20260108,UBNA_024,Carp Pond
HF,47040.0,8.003655827818758,177.66649999999998,177.6719,44375.0,53171.0,Echolocation,Pipistrellus pipistrellus,0.298,0.321,-1,192000.0,/mnt/ubna_data_07/recover-20260108/UBNA_024/20260106_053000.WAV,recover-20260108,UBNA_024,Carp Pond
HF,47040.0,7.041201724202285,177.7575,177.7632,44375.0,50235.0,Echolocation,Pipistrellus pipistrellus,0.258,0.322,-1,192000.0,/mnt/ubna_data_07/recover-20260108/UBNA_024/20260106_053000.WAV,recover-20260108,UBNA_024,Carp Pond
HF,47040.0,8.868918034301485,177.9265,177.9332,45234.0,53430.0,Echolocation,Pipistrellus pipistrellus,0.374,0.438,-1,192000.0,/mnt/ubna_data_07/recover-20260108/UBNA_024/20260106_053000.WAV,recover-20260108,UBNA_024,Carp Pond
HF,46080.0,3.3541410308115758,223.9635,223.9694,45234.0,50270.0,Echolocation,Pipistrellus pipistrellus,0.332,0.343,-1,192000.0,/mnt/ubna_data_07/recover-20260108/UBNA_024/20260106_053000.WAV,recover-20260108,UBNA_024,Carp Pond
HF,46080.0,4.589013336960509,225.1735,225.1791,44375.0,50537.0,Echolocation,Pipistrellus pipistrellus,0.454,0.527,-1,192000.0,/mnt/ubna_data_07/recover-20260108/UBNA_024/20260106_053000.WAV,recover-20260108,UBNA_024,Carp Pond
HF,48960.0,3.8086611652588322,226.5615,226.5683,44375.0,54635.0,Echolocation,Pipistrellus pipistrellus,0.22,0.343,-1,192000.0,/mnt/ubna_data_07/recover-20260108/UBNA_024/20260106_053000.WAV,recover-20260108,UBNA_024,Carp Pond
LF,22080.0,0.7708923001363095,172.5575,172.5759,21171.0,24612.0,Echolocation,Nyctalus noctula,0.22,0.351,-1,192000.0,/mnt/ubna_data_07/recover-20260108/UBNA_024/20260106_103000.WAV,recover-20260108,UBNA_024,Carp Pond
LF,23040.0,-0.3709377587410868,80.5755,80.5872,23750.0,29826.0,Echolocation,Nyctalus leisleri,0.115,0.312,-1,192000.0,/mnt/ubna_data_07/recover-20260108/UBNA_024/20260106_110000.WAV,recover-20260108,UBNA_024,Carp Pond
LF,25920.0,2.9848571017883723,0.4845,0.4927,24609.0,31873.0,Echolocation,Eptesicus serotinus,0.167,0.327,-1,192000.0,/mnt/ubna_data_07/recover-20260108/UBNA_024/20260106_111000.WAV,recover-20260108,UBNA_024,Carp Pond
LF,24960.0,0.9619290475874616,54.2435,54.2549,23750.0,29262.0,Echolocation,Nyctalus leisleri,0.183,0.41,-1,192000.0,/mnt/ubna_data_07/recover-20260108/UBNA_024/20260106_113000.WAV,recover-20260108,UBNA_024,Carp Pond
LF,23040.0,3.306447011212285,135.1715,135.188,22031.0,26237.0,Echolocation,Nyctalus leisleri,0.208,0.328,-1,192000.0,/mnt/ubna_data_07/recover-20260108/UBNA_024/20260106_150000.WAV,recover-20260108,UBNA_024,Carp Pond
LF,16320.0,2.1517729211949095,94.8265,94.8333,13437.0,26356.0,Echolocation,Plecotus auritus,0.233,0.35,-1,192000.0,/mnt/ubna_data_07/recover-20260108/UBNA_024/20260106_152000.WAV,recover-20260108,UBNA_024,Carp Pond
LF,21120.0,0.795514905722758,108.3045,108.31,16875.0,29917.0,Echolocation,Plecotus auritus,0.219,0.308,-1,192000.0,/mnt/ubna_data_07/recover-20260108/UBNA_024/20260106_153000.WAV,recover-20260108,UBNA_024,Carp Pond
LF,22080.0,11.332217234106174,21.0425,21.0477,18593.0,30944.0,Echolocation,Plecotus austriacus,0.232,0.335,-1,192000.0,/mnt/ubna_data_07/recover-20260108/UBNA_024/20260106_172000.WAV,recover-20260108,UBNA_024,Carp Pond
LF,21120.0,-8.1203348142163,168.7105,168.7303,19453.0,23921.0,Echolocation,Nyctalus noctula,0.244,0.331,-1,192000.0,/mnt/ubna_data_07/recover-20260108/UBNA_024/20260106_195000.WAV,recover-20260108,UBNA_024,Carp Pond
LF,25920.0,1.5803981545816967,177.4075,177.4112,23750.0,44569.0,Echolocation,Plecotus austriacus,0.244,0.35,-1,192000.0,/mnt/ubna_data_07/recover-20260108/UBNA_024/20260106_211000.WAV,recover-20260108,UBNA_024,Carp Pond
LF,23040.0,-17.79449289694439,82.5235,82.5336,23750.0,30160.0,Echolocation,Eptesicus serotinus,0.134,0.33,-1,192000.0,/mnt/ubna_data_07/recover-20260108/UBNA_024/20260106_214000.WAV,recover-20260108,UBNA_024,Carp Pond
LF,22080.0,-0.608171793549904,279.5685,279.5868,22031.0,25787.0,Echolocation,Nyctalus leisleri,0.164,0.315,-1,192000.0,/mnt/ubna_data_07/recover-20260108/UBNA_024/20260107_010000.WAV,recover-20260108,UBNA_024,Carp Pond
HF,52800.0,3.860496497409818,10.4565,10.4633,51250.0,58477.0,Echolocation,Pipistrellus pipistrellus,0.262,0.361,-1,192000.0,/mnt/ubna_data_07/recover-20260108/UBNA_024/20260107_031000.WAV,recover-20260108,UBNA_024,Carp Pond
HF,51840.0,7.963067601985053,10.5965,10.6038,50390.0,56377.0,Echolocation,Pipistrellus pipistrellus,0.264,0.345,-1,192000.0,/mnt/ubna_data_07/recover-20260108/UBNA_024/20260107_031000.WAV,recover-20260108,UBNA_024,Carp Pond
HF,48000.0,7.09281724931342,12.1935,12.1992,46953.0,57167.0,Echolocation,Pipistrellus pipistrellus,0.53,0.558,-1,192000.0,/mnt/ubna_data_07/recover-20260108/UBNA_024/20260107_031000.WAV,recover-20260108,UBNA_024,Carp Pond
HF,48000.0,6.780596780311155,12.3475,12.3522,46953.0,59464.0,Echolocation,Pipistrellus pipistrellus,0.384,0.473,-1,192000.0,/mnt/ubna_data_07/recover-20260108/UBNA_024/20260107_031000.WAV,recover-20260108,UBNA_024,Carp Pond
HF,48000.0,2.7747951011915744,12.4135,12.4196,46953.0,52827.0,Echolocation,Pipistrellus pipistrellus,0.424,0.444,-1,192000.0,/mnt/ubna_data_07/recover-20260108/UBNA_024/20260107_031000.WAV,recover-20260108,UBNA_024,Carp Pond
HF,48960.0,3.0366268348078824,12.5625,12.5664,41796.0,63317.0,Echolocation,Myotis mystacinus,0.154,0.312,-1,192000.0,/mnt/ubna_data_07/recover-20260108/UBNA_024/20260107_031000.WAV,recover-20260108,UBNA_024,Carp Pond
HF,51840.0,6.580113487205477,12.6355,12.6395,47812.0,64967.0,Echolocation,Pipistrellus pipistrellus,0.136,0.313,-1,192000.0,/mnt/ubna_data_07/recover-20260108/UBNA_024/20260107_031000.WAV,recover-20260108,UBNA_024,Carp Pond
HF,48960.0,6.4315581524557155,12.6865,12.6912,47812.0,57353.0,Echolocation,Pipistrellus pipistrellus,0.501,0.544,-1,192000.0,/mnt/ubna_data_07/recover-20260108/UBNA_024/20260107_031000.WAV,recover-20260108,UBNA_024,Carp Pond
HF,48000.0,5.875590908343096,12.8065,12.8103,43515.0,60707.0,Echolocation,Myotis mystacinus,0.108,0.319,-1,192000.0,/mnt/ubna_data_07/recover-20260108/UBNA_024/20260107_031000.WAV,recover-20260108,UBNA_024,Carp Pond
HF,48000.0,5.5428517479131365,13.1095,13.1138,42656.0,62274.0,Echolocation,Myotis mystacinus,0.096,0.308,-1,192000.0,/mnt/ubna_data_07/recover-20260108/UBNA_024/20260107_031000.WAV,recover-20260108,UBNA_024,Carp Pond
HF,48000.0,5.56599524890741,13.1835,13.1887,47812.0,57019.0,Echolocation,Pipistrellus pipistrellus,0.532,0.58,-1,192000.0,/mnt/ubna_data_07/recover-20260108/UBNA_024/20260107_031000.WAV,recover-20260108,UBNA_024,Carp Pond
HF,51840.0,2.8545520493049885,13.7185,13.7226,46093.0,59989.0,Echolocation,Pipistrellus pipistrellus,0.165,0.376,-1,192000.0,/mnt/ubna_data_07/recover-20260108/UBNA_024/20260107_031000.WAV,recover-20260108,UBNA_024,Carp Pond
HF,52800.0,2.943034804024996,54.8575,54.8647,51250.0,57829.0,Echolocation,Pipistrellus pipistrellus,0.274,0.364,-1,192000.0,/mnt/ubna_data_07/recover-20260108/UBNA_024/20260107_031000.WAV,recover-20260108,UBNA_024,Carp Pond
HF,51840.0,9.6140985567823,54.9645,54.9692,49531.0,64263.0,Echolocation,Pipistrellus pipistrellus,0.461,0.534,-1,192000.0,/mnt/ubna_data_07/recover-20260108/UBNA_024/20260107_031000.WAV,recover-20260108,UBNA_024,Carp Pond
HF,51840.0,3.2215387057450515,55.036500000000004,55.0411,50390.0,60779.0,Echolocation,Pipistrellus pipistrellus,0.292,0.343,-1,192000.0,/mnt/ubna_data_07/recover-20260108/UBNA_024/20260107_031000.WAV,recover-20260108,UBNA_024,Carp Pond
HF,51840.0,5.913858354632532,55.1105,55.1156,50390.0,56280.0,Echolocation,Pipistrellus pipistrellus,0.352,0.408,-1,192000.0,/mnt/ubna_data_07/recover-20260108/UBNA_024/20260107_031000.WAV,recover-20260108,UBNA_024,Carp Pond
HF,51840.0,9.26997206529437,55.183499999999995,55.188199999999995,51250.0,68640.0,Echolocation,Pipistrellus pipistrellus,0.354,0.503,-1,192000.0,/mnt/ubna_data_07/recover-20260108/UBNA_024/20260107_031000.WAV,recover-20260108,UBNA_024,Carp Pond
HF,51840.0,4.3246818383693455,55.2645,55.2705,51250.0,62287.0,Echolocation,Pipistrellus pipistrellus,0.264,0.398,-1,192000.0,/mnt/ubna_data_07/recover-20260108/UBNA_024/20260107_031000.WAV,recover-20260108,UBNA_024,Carp Pond
HF,51840.0,2.4398057249621137,55.698499999999996,55.702799999999996,49531.0,59758.0,Echolocation,Pipistrellus pipistrellus,0.275,0.317,-1,192000.0,/mnt/ubna_data_07/recover-20260108/UBNA_024/20260107_031000.WAV,recover-20260108,UBNA_024,Carp Pond
LF,23040.0,0.29076110795098603,294.9185,294.931,23750.0,28390.0,Echolocation,Nyctalus leisleri,0.19,0.329,-1,192000.0,/mnt/ubna_data_07/recover-20260108/UBNA_024/20260107_061000.WAV,recover-20260108,UBNA_024,Carp Pond
LF,17280.0,1.5832561978611601,182.5605,182.581,16015.0,19623.0,Echolocation,Nyctalus noctula,0.213,0.329,-1,192000.0,/mnt/ubna_data_07/recover-20260108/UBNA_024/20260107_085000.WAV,recover-20260108,UBNA_024,Carp Pond
LF,20160.0,0.6405990229016538,189.3805,189.4004,18593.0,22371.0,Echolocation,Nyctalus noctula,0.24,0.314,-1,192000.0,/mnt/ubna_data_07/recover-20260108/UBNA_024/20260107_110000.WAV,recover-20260108,UBNA_024,Carp Pond
LF,23040.0,0.1845052773810476,75.3135,75.3241,23750.0,29554.0,Echolocation,Eptesicus serotinus,0.108,0.304,-1,192000.0,/mnt/ubna_data_07/recover-20260108/UBNA_024/20260107_154000.WAV,recover-20260108,UBNA_024,Carp Pond
LF,21120.0,2.966640852602789,180.7405,180.7453,16015.0,30433.0,Echolocation,Plecotus auritus,0.303,0.357,-1,192000.0,/mnt/ubna_data_07/recover-20260108/UBNA_024/20260107_194000.WAV,recover-20260108,UBNA_024,Carp Pond
LF,26880.0,-6.365895848358834,288.6465,288.6557,24609.0,31215.0,Echolocation,Eptesicus serotinus,0.169,0.31,-1,192000.0,/mnt/ubna_data_07/recover-20260108/UBNA_024/20260107_194000.WAV,recover-20260108,UBNA_024,Carp Pond
LF,24000.0,-0.27471151384459647,122.1285,122.1435,22890.0,28072.0,Echolocation,Nyctalus leisleri,0.142,0.334,-1,192000.0,/mnt/ubna_data_07/recover-20260108/UBNA_024/20260107_221000.WAV,recover-20260108,UBNA_024,Carp Pond
LF,23040.0,0.4002565463771767,201.6645,201.6802,22890.0,27003.0,Echolocation,Nyctalus leisleri,0.187,0.318,-1,192000.0,/mnt/ubna_data_07/recover-20260108/UBNA_024/20260108_004000.WAV,recover-20260108,UBNA_024,Carp Pond
LF,23040.0,0.9475484903930708,262.85450000000003,262.8697,22890.0,26856.0,Echolocation,Nyctalus leisleri,0.154,0.308,-1,192000.0,/mnt/ubna_data_07/recover-20260108/UBNA_024/20260108_004000.WAV,recover-20260108,UBNA_024,Carp Pond
LF,22080.0,1.4118811818968402,228.0555,228.0718,22031.0,27074.0,Echolocation,Nyctalus noctula,0.194,0.327,-1,192000.0,/mnt/ubna_data_07/recover-20260108/UBNA_024/20260108_035000.WAV,recover-20260108,UBNA_024,Carp Pond
