KMEANS_CLASSES,peak_frequency,SNR,start_time,end_time,low_freq,high_freq,event,class,class_prob,det_prob,individual,sampling_rate,input_file,Recover Folder,SD Card,Site name
HF,65280.0,1.5785970782746066,93.4765,93.4924,65000.0,69848.0,Echolocation,Pipistrellus pygmaeus,0.34,0.343,-1,192000.0,/mnt/ubna_data_07/recover-20260219/UBNA_028/20260212_201000.WAV,recover-20260219,UBNA_028,E18 Bridge
HF,65280.0,0.23719718331338444,116.1515,116.1703,63281.0,67627.0,Echolocation,Pipistrellus pygmaeus,0.262,0.325,-1,192000.0,/mnt/ubna_data_07/recover-20260219/UBNA_028/20260212_201000.WAV,recover-20260219,UBNA_028,E18 Bridge
HF,65280.0,-0.49708125624816046,118.22749999999999,118.24340000000001,63281.0,67421.0,Echolocation,Pipistrellus pygmaeus,0.378,0.396,-1,192000.0,/mnt/ubna_data_07/recover-20260219/UBNA_028/20260212_201000.WAV,recover-20260219,UBNA_028,E18 Bridge
HF,65280.0,5.1254393969823555,153.1145,153.135,65000.0,69812.0,Echolocation,Pipistrellus pygmaeus,0.332,0.343,-1,192000.0,/mnt/ubna_data_07/recover-20260219/UBNA_028/20260212_201000.WAV,recover-20260219,UBNA_028,E18 Bridge
HF,47040.0,10.398693134573007,169.1145,169.1261,46953.0,50011.0,Echolocation,Pipistrellus pipistrellus,0.318,0.355,-1,192000.0,/mnt/ubna_data_07/recover-20260219/UBNA_028/20260212_201000.WAV,recover-20260219,UBNA_028,E18 Bridge
HF,65280.0,5.715034407243542,185.3505,185.3694,65000.0,68963.0,Echolocation,Pipistrellus pygmaeus,0.296,0.304,-1,192000.0,/mnt/ubna_data_07/recover-20260219/UBNA_028/20260212_201000.WAV,recover-20260219,UBNA_028,E18 Bridge
HF,68160.0,5.032930618099151,57.576499999999996,57.5908,64140.0,68772.0,Echolocation,Pipistrellus pygmaeus,0.446,0.454,-1,192000.0,/mnt/ubna_data_07/recover-20260219/UBNA_028/20260212_203000.WAV,recover-20260219,UBNA_028,E18 Bridge
LF,25920.0,-18.701026143616346,249.2415,249.2531,22890.0,30256.0,Echolocation,Nyctalus leisleri,0.147,0.322,-1,192000.0,/mnt/ubna_data_07/recover-20260219/UBNA_028/20260212_204000.WAV,recover-20260219,UBNA_028,E18 Bridge
LF,23040.0,2.9144928373383006,115.82849999999999,115.8501,22031.0,25592.0,Echolocation,Nyctalus noctula,0.18,0.3,-1,192000.0,/mnt/ubna_data_07/recover-20260219/UBNA_028/20260212_205000.WAV,recover-20260219,UBNA_028,E18 Bridge
LF,18240.0,5.607563198319786,35.5625,35.5809,17734.0,20329.0,Echolocation,Nyctalus noctula,0.198,0.336,-1,192000.0,/mnt/ubna_data_07/recover-20260219/UBNA_028/20260212_211000.WAV,recover-20260219,UBNA_028,E18 Bridge
LF,24000.0,7.881777286581816,16.5965,16.6078,23750.0,29362.0,Echolocation,Nyctalus leisleri,0.108,0.325,-1,192000.0,/mnt/ubna_data_07/recover-20260219/UBNA_028/20260212_214000.WAV,recover-20260219,UBNA_028,E18 Bridge
LF,20160.0,9.065118681071905,158.0105,158.0352,19453.0,22387.0,Echolocation,Nyctalus noctula,0.298,0.375,-1,192000.0,/mnt/ubna_data_07/recover-20260219/UBNA_028/20260212_215000.WAV,recover-20260219,UBNA_028,E18 Bridge
LF,23040.0,2.144351237881313,183.6335,183.6436,22890.0,32004.0,Echolocation,Eptesicus serotinus,0.146,0.339,-1,192000.0,/mnt/ubna_data_07/recover-20260219/UBNA_028/20260212_215000.WAV,recover-20260219,UBNA_028,E18 Bridge
LF,16320.0,9.210537172714933,153.5835,153.5975,12578.0,17764.0,Echolocation,Nyctalus leisleri,0.212,0.301,-1,192000.0,/mnt/ubna_data_07/recover-20260219/UBNA_028/20260212_222000.WAV,recover-20260219,UBNA_028,E18 Bridge
LF,23040.0,1.8504865659968508,262.0615,262.0715,24609.0,30889.0,Echolocation,Eptesicus serotinus,0.148,0.319,-1,192000.0,/mnt/ubna_data_07/recover-20260219/UBNA_028/20260212_234000.WAV,recover-20260219,UBNA_028,E18 Bridge
LF,24960.0,1.194407499832395,34.0795,34.0936,23750.0,29085.0,Echolocation,Nyctalus leisleri,0.134,0.308,-1,192000.0,/mnt/ubna_data_07/recover-20260219/UBNA_028/20260213_001000.WAV,recover-20260219,UBNA_028,E18 Bridge
LF,27840.0,1.4726064278403261,3.7455,3.7544,27187.0,33777.0,Echolocation,Eptesicus serotinus,0.275,0.44,-1,192000.0,/mnt/ubna_data_07/recover-20260219/UBNA_028/20260213_005000.WAV,recover-20260219,UBNA_028,E18 Bridge
LF,22080.0,2.211858551281077,202.6945,202.711,21171.0,24770.0,Echolocation,Nyctalus leisleri,0.382,0.414,-1,192000.0,/mnt/ubna_data_07/recover-20260219/UBNA_028/20260213_010000.WAV,recover-20260219,UBNA_028,E18 Bridge
LF,23040.0,-1.5359296839076362,253.1615,253.173,22890.0,28663.0,Echolocation,Eptesicus serotinus,0.132,0.374,-1,192000.0,/mnt/ubna_data_07/recover-20260219/UBNA_028/20260213_010000.WAV,recover-20260219,UBNA_028,E18 Bridge
HF,47040.0,2.2957866066250494,253.5655,253.5733,46953.0,51099.0,Echolocation,Pipistrellus pipistrellus,0.296,0.337,-1,192000.0,/mnt/ubna_data_07/recover-20260219/UBNA_028/20260213_010000.WAV,recover-20260219,UBNA_028,E18 Bridge
LF,23040.0,5.470339765816781,262.77049999999997,262.7824,22890.0,27650.0,Echolocation,Nyctalus leisleri,0.108,0.305,-1,192000.0,/mnt/ubna_data_07/recover-20260219/UBNA_028/20260213_010000.WAV,recover-20260219,UBNA_028,E18 Bridge
LF,23040.0,3.951546523151308,235.6845,235.695,22031.0,28692.0,Echolocation,Nyctalus noctula,0.133,0.332,-1,192000.0,/mnt/ubna_data_07/recover-20260219/UBNA_028/20260213_011000.WAV,recover-20260219,UBNA_028,E18 Bridge
HF,45120.0,19.06918583411339,0.0285,0.0342,35781.0,72078.0,Echolocation,Myotis daubentonii,0.281,0.427,-1,192000.0,/mnt/ubna_data_07/recover-20260219/UBNA_028/20260213_030000.WAV,recover-20260219,UBNA_028,E18 Bridge
HF,45120.0,17.651178077241532,0.0875,0.0933,36640.0,71457.0,Echolocation,Myotis daubentonii,0.372,0.478,-1,192000.0,/mnt/ubna_data_07/recover-20260219/UBNA_028/20260213_030000.WAV,recover-20260219,UBNA_028,E18 Bridge
HF,45120.0,15.4671415117623,0.1495,0.1549,34062.0,73649.0,Echolocation,Myotis daubentonii,0.389,0.498,-1,192000.0,/mnt/ubna_data_07/recover-20260219/UBNA_028/20260213_030000.WAV,recover-20260219,UBNA_028,E18 Bridge
HF,45120.0,13.369972096113168,0.2245,0.2296,36640.0,65110.0,Echolocation,Myotis daubentonii,0.421,0.483,-1,192000.0,/mnt/ubna_data_07/recover-20260219/UBNA_028/20260213_030000.WAV,recover-20260219,UBNA_028,E18 Bridge
HF,47040.0,20.7679675253733,0.3905,0.3968,34921.0,79431.0,Echolocation,Myotis daubentonii,0.379,0.432,-1,192000.0,/mnt/ubna_data_07/recover-20260219/UBNA_028/20260213_030000.WAV,recover-20260219,UBNA_028,E18 Bridge
HF,47040.0,16.770313793497934,0.4725,0.4776,34921.0,69617.0,Echolocation,Myotis daubentonii,0.376,0.5,-1,192000.0,/mnt/ubna_data_07/recover-20260219/UBNA_028/20260213_030000.WAV,recover-20260219,UBNA_028,E18 Bridge
HF,48000.0,6.554296664562987,1.0355,1.0398,36640.0,55754.0,Echolocation,Myotis daubentonii,0.308,0.381,-1,192000.0,/mnt/ubna_data_07/recover-20260219/UBNA_028/20260213_030000.WAV,recover-20260219,UBNA_028,E18 Bridge
HF,45120.0,13.71371913458665,1.4385,1.4433,38359.0,55233.0,Echolocation,Myotis daubentonii,0.432,0.512,-1,192000.0,/mnt/ubna_data_07/recover-20260219/UBNA_028/20260213_030000.WAV,recover-20260219,UBNA_028,E18 Bridge
HF,46080.0,11.595490687208068,1.5185,1.5234,39218.0,55726.0,Echolocation,Myotis daubentonii,0.405,0.499,-1,192000.0,/mnt/ubna_data_07/recover-20260219/UBNA_028/20260213_030000.WAV,recover-20260219,UBNA_028,E18 Bridge
HF,45120.0,16.244785759362664,1.6725,1.6776,37500.0,62841.0,Echolocation,Myotis daubentonii,0.405,0.478,-1,192000.0,/mnt/ubna_data_07/recover-20260219/UBNA_028/20260213_030000.WAV,recover-20260219,UBNA_028,E18 Bridge
HF,45120.0,17.24582261843299,1.7515,1.7561,37500.0,65497.0,Echolocation,Myotis daubentonii,0.344,0.431,-1,192000.0,/mnt/ubna_data_07/recover-20260219/UBNA_028/20260213_030000.WAV,recover-20260219,UBNA_028,E18 Bridge
HF,45120.0,17.128905543916016,2.0025,2.008,36640.0,77981.0,Echolocation,Myotis daubentonii,0.347,0.43,-1,192000.0,/mnt/ubna_data_07/recover-20260219/UBNA_028/20260213_030000.WAV,recover-20260219,UBNA_028,E18 Bridge
HF,45120.0,16.79413570928909,2.2565,2.2629,34921.0,77168.0,Echolocation,Myotis daubentonii,0.439,0.476,-1,192000.0,/mnt/ubna_data_07/recover-20260219/UBNA_028/20260213_030000.WAV,recover-20260219,UBNA_028,E18 Bridge
HF,45120.0,14.324908562065309,2.3455,2.3516,36640.0,68655.0,Echolocation,Myotis daubentonii,0.437,0.507,-1,192000.0,/mnt/ubna_data_07/recover-20260219/UBNA_028/20260213_030000.WAV,recover-20260219,UBNA_028,E18 Bridge
HF,46080.0,17.15574985274501,2.4185,2.4249,37500.0,73768.0,Echolocation,Myotis daubentonii,0.418,0.497,-1,192000.0,/mnt/ubna_data_07/recover-20260219/UBNA_028/20260213_030000.WAV,recover-20260219,UBNA_028,E18 Bridge
HF,48960.0,23.17492678637823,2.4975,2.5037,34921.0,76364.0,Echolocation,Myotis daubentonii,0.41,0.511,-1,192000.0,/mnt/ubna_data_07/recover-20260219/UBNA_028/20260213_030000.WAV,recover-20260219,UBNA_028,E18 Bridge
HF,47040.0,22.176640573897707,2.5565,2.5625,34921.0,77669.0,Echolocation,Myotis daubentonii,0.347,0.415,-1,192000.0,/mnt/ubna_data_07/recover-20260219/UBNA_028/20260213_030000.WAV,recover-20260219,UBNA_028,E18 Bridge
HF,48000.0,20.183099678815925,2.6085,2.6149,34921.0,74470.0,Echolocation,Myotis daubentonii,0.435,0.511,-1,192000.0,/mnt/ubna_data_07/recover-20260219/UBNA_028/20260213_030000.WAV,recover-20260219,UBNA_028,E18 Bridge
HF,45120.0,22.658625150549124,2.6715,2.6777,34921.0,78769.0,Echolocation,Myotis daubentonii,0.435,0.488,-1,192000.0,/mnt/ubna_data_07/recover-20260219/UBNA_028/20260213_030000.WAV,recover-20260219,UBNA_028,E18 Bridge
HF,48960.0,17.681114052153866,2.7435,2.7501,34921.0,81987.0,Echolocation,Myotis daubentonii,0.403,0.454,-1,192000.0,/mnt/ubna_data_07/recover-20260219/UBNA_028/20260213_030000.WAV,recover-20260219,UBNA_028,E18 Bridge
HF,48000.0,22.12931697968716,2.8375,2.8432,33203.0,77789.0,Echolocation,Myotis daubentonii,0.366,0.475,-1,192000.0,/mnt/ubna_data_07/recover-20260219/UBNA_028/20260213_030000.WAV,recover-20260219,UBNA_028,E18 Bridge
HF,48960.0,23.94656326290675,2.9945,3.0012,33203.0,81252.0,Echolocation,Myotis daubentonii,0.383,0.492,-1,192000.0,/mnt/ubna_data_07/recover-20260219/UBNA_028/20260213_030000.WAV,recover-20260219,UBNA_028,E18 Bridge
HF,45120.0,25.55781941709839,3.0755,3.0818,33203.0,81945.0,Echolocation,Myotis daubentonii,0.408,0.478,-1,192000.0,/mnt/ubna_data_07/recover-20260219/UBNA_028/20260213_030000.WAV,recover-20260219,UBNA_028,E18 Bridge
HF,45120.0,25.71716902301131,3.1575,3.1639,32343.0,80509.0,Echolocation,Myotis daubentonii,0.423,0.522,-1,192000.0,/mnt/ubna_data_07/recover-20260219/UBNA_028/20260213_030000.WAV,recover-20260219,UBNA_028,E18 Bridge
HF,48960.0,27.056830846917066,3.2375,3.2442,34921.0,81588.0,Echolocation,Myotis daubentonii,0.411,0.476,-1,192000.0,/mnt/ubna_data_07/recover-20260219/UBNA_028/20260213_030000.WAV,recover-20260219,UBNA_028,E18 Bridge
HF,45120.0,28.211212721969574,3.3185,3.3252,33203.0,82084.0,Echolocation,Myotis daubentonii,0.444,0.53,-1,192000.0,/mnt/ubna_data_07/recover-20260219/UBNA_028/20260213_030000.WAV,recover-20260219,UBNA_028,E18 Bridge
HF,48000.0,16.93302620980482,3.5615,3.5678,33203.0,74104.0,Echolocation,Myotis daubentonii,0.431,0.535,-1,192000.0,/mnt/ubna_data_07/recover-20260219/UBNA_028/20260213_030000.WAV,recover-20260219,UBNA_028,E18 Bridge
HF,47040.0,6.491052598291478,3.6425,3.6475,39218.0,63103.0,Echolocation,Myotis daubentonii,0.305,0.399,-1,192000.0,/mnt/ubna_data_07/recover-20260219/UBNA_028/20260213_030000.WAV,recover-20260219,UBNA_028,E18 Bridge
HF,45120.0,4.751456080363984,4.0775,4.0811,36640.0,55273.0,Echolocation,Myotis daubentonii,0.159,0.423,-1,192000.0,/mnt/ubna_data_07/recover-20260219/UBNA_028/20260213_030000.WAV,recover-20260219,UBNA_028,E18 Bridge
HF,45120.0,6.8987450769763345,4.3255,4.3295,37500.0,52730.0,Echolocation,Myotis daubentonii,0.211,0.401,-1,192000.0,/mnt/ubna_data_07/recover-20260219/UBNA_028/20260213_030000.WAV,recover-20260219,UBNA_028,E18 Bridge
HF,45120.0,10.75588654840779,4.5785,4.5833,37500.0,55486.0,Echolocation,Myotis daubentonii,0.218,0.388,-1,192000.0,/mnt/ubna_data_07/recover-20260219/UBNA_028/20260213_030000.WAV,recover-20260219,UBNA_028,E18 Bridge
HF,45120.0,6.443103514900704,4.7515,4.7572,39218.0,56079.0,Echolocation,Myotis daubentonii,0.15,0.403,-1,192000.0,/mnt/ubna_data_07/recover-20260219/UBNA_028/20260213_030000.WAV,recover-20260219,UBNA_028,E18 Bridge
HF,45120.0,7.84809832884898,4.8385,4.8428,36640.0,56893.0,Echolocation,Myotis brandtii,0.154,0.347,-1,192000.0,/mnt/ubna_data_07/recover-20260219/UBNA_028/20260213_030000.WAV,recover-20260219,UBNA_028,E18 Bridge
HF,45120.0,4.0117243280648465,33.5305,33.5352,40937.0,55033.0,Echolocation,Myotis daubentonii,0.197,0.32,-1,192000.0,/mnt/ubna_data_07/recover-20260219/UBNA_028/20260213_030000.WAV,recover-20260219,UBNA_028,E18 Bridge
HF,45120.0,4.241853849577929,34.9515,34.9555,37500.0,56462.0,Echolocation,Myotis daubentonii,0.243,0.333,-1,192000.0,/mnt/ubna_data_07/recover-20260219/UBNA_028/20260213_030000.WAV,recover-20260219,UBNA_028,E18 Bridge
HF,45120.0,9.067155679961708,35.4705,35.4756,40078.0,53449.0,Echolocation,Myotis daubentonii,0.343,0.5,-1,192000.0,/mnt/ubna_data_07/recover-20260219/UBNA_028/20260213_030000.WAV,recover-20260219,UBNA_028,E18 Bridge
HF,47040.0,13.861104370615262,35.6345,35.6393,38359.0,62858.0,Echolocation,Myotis daubentonii,0.279,0.457,-1,192000.0,/mnt/ubna_data_07/recover-20260219/UBNA_028/20260213_030000.WAV,recover-20260219,UBNA_028,E18 Bridge
HF,48960.0,19.05725787016793,35.8005,35.8066,38359.0,65378.0,Echolocation,Myotis daubentonii,0.373,0.488,-1,192000.0,/mnt/ubna_data_07/recover-20260219/UBNA_028/20260213_030000.WAV,recover-20260219,UBNA_028,E18 Bridge
HF,47040.0,20.886889384239883,35.9675,35.9731,34921.0,77072.0,Echolocation,Myotis daubentonii,0.219,0.471,-1,192000.0,/mnt/ubna_data_07/recover-20260219/UBNA_028/20260213_030000.WAV,recover-20260219,UBNA_028,E18 Bridge
HF,48000.0,22.95465785611572,36.0465,36.0524,33203.0,72734.0,Echolocation,Myotis daubentonii,0.302,0.367,-1,192000.0,/mnt/ubna_data_07/recover-20260219/UBNA_028/20260213_030000.WAV,recover-20260219,UBNA_028,E18 Bridge
HF,48000.0,23.476667596242123,36.1305,36.1366,34062.0,71121.0,Echolocation,Myotis daubentonii,0.351,0.469,-1,192000.0,/mnt/ubna_data_07/recover-20260219/UBNA_028/20260213_030000.WAV,recover-20260219,UBNA_028,E18 Bridge
HF,45120.0,30.235893321072655,36.2055,36.212,34062.0,72868.0,Echolocation,Myotis daubentonii,0.475,0.541,-1,192000.0,/mnt/ubna_data_07/recover-20260219/UBNA_028/20260213_030000.WAV,recover-20260219,UBNA_028,E18 Bridge
HF,45120.0,18.02506309108835,36.286500000000004,36.2916,34921.0,63939.0,Echolocation,Myotis daubentonii,0.39,0.481,-1,192000.0,/mnt/ubna_data_07/recover-20260219/UBNA_028/20260213_030000.WAV,recover-20260219,UBNA_028,E18 Bridge
HF,45120.0,21.729975055995794,36.4535,36.4588,34921.0,69651.0,Echolocation,Myotis daubentonii,0.352,0.441,-1,192000.0,/mnt/ubna_data_07/recover-20260219/UBNA_028/20260213_030000.WAV,recover-20260219,UBNA_028,E18 Bridge
HF,45120.0,11.952160028085842,36.8075,36.8122,34062.0,56482.0,Echolocation,Myotis daubentonii,0.326,0.368,-1,192000.0,/mnt/ubna_data_07/recover-20260219/UBNA_028/20260213_030000.WAV,recover-20260219,UBNA_028,E18 Bridge
HF,45120.0,10.164176694279107,36.8895,36.8944,39218.0,51960.0,Echolocation,Myotis daubentonii,0.372,0.448,-1,192000.0,/mnt/ubna_data_07/recover-20260219/UBNA_028/20260213_030000.WAV,recover-20260219,UBNA_028,E18 Bridge
HF,45120.0,14.900757239539196,37.5705,37.576,34921.0,62287.0,Echolocation,Myotis daubentonii,0.302,0.386,-1,192000.0,/mnt/ubna_data_07/recover-20260219/UBNA_028/20260213_030000.WAV,recover-20260219,UBNA_028,E18 Bridge
HF,48000.0,13.597463526979396,37.6245,37.629400000000004,39218.0,56471.0,Echolocation,Myotis daubentonii,0.344,0.397,-1,192000.0,/mnt/ubna_data_07/recover-20260219/UBNA_028/20260213_030000.WAV,recover-20260219,UBNA_028,E18 Bridge
HF,45120.0,7.808593467360623,37.6635,37.6684,39218.0,56655.0,Echolocation,Myotis daubentonii,0.353,0.41,-1,192000.0,/mnt/ubna_data_07/recover-20260219/UBNA_028/20260213_030000.WAV,recover-20260219,UBNA_028,E18 Bridge
HF,46080.0,5.0751206909778706,38.3315,38.3365,35781.0,54603.0,Echolocation,Myotis daubentonii,0.187,0.372,-1,192000.0,/mnt/ubna_data_07/recover-20260219/UBNA_028/20260213_030000.WAV,recover-20260219,UBNA_028,E18 Bridge
HF,46080.0,2.358742616724355,40.5675,40.571600000000004,42656.0,57638.0,Echolocation,Myotis daubentonii,0.243,0.343,-1,192000.0,/mnt/ubna_data_07/recover-20260219/UBNA_028/20260213_030000.WAV,recover-20260219,UBNA_028,E18 Bridge
HF,46080.0,8.043566518900338,40.7285,40.7327,40078.0,58774.0,Echolocation,Myotis daubentonii,0.281,0.361,-1,192000.0,/mnt/ubna_data_07/recover-20260219/UBNA_028/20260213_030000.WAV,recover-20260219,UBNA_028,E18 Bridge
HF,45120.0,6.654341667938106,40.804500000000004,40.8087,36640.0,57299.0,Echolocation,Myotis daubentonii,0.294,0.363,-1,192000.0,/mnt/ubna_data_07/recover-20260219/UBNA_028/20260213_030000.WAV,recover-20260219,UBNA_028,E18 Bridge
HF,46080.0,11.301006662374737,40.8845,40.8892,38359.0,61908.0,Echolocation,Myotis daubentonii,0.32,0.402,-1,192000.0,/mnt/ubna_data_07/recover-20260219/UBNA_028/20260213_030000.WAV,recover-20260219,UBNA_028,E18 Bridge
HF,47040.0,10.248513679325917,40.9695,40.9747,40078.0,55598.0,Echolocation,Myotis daubentonii,0.352,0.437,-1,192000.0,/mnt/ubna_data_07/recover-20260219/UBNA_028/20260213_030000.WAV,recover-20260219,UBNA_028,E18 Bridge
HF,46080.0,11.622852268890085,41.0595,41.0637,35781.0,55090.0,Echolocation,Myotis daubentonii,0.352,0.415,-1,192000.0,/mnt/ubna_data_07/recover-20260219/UBNA_028/20260213_030000.WAV,recover-20260219,UBNA_028,E18 Bridge
HF,45120.0,14.584399120559251,41.1455,41.1506,37500.0,61736.0,Echolocation,Myotis daubentonii,0.376,0.468,-1,192000.0,/mnt/ubna_data_07/recover-20260219/UBNA_028/20260213_030000.WAV,recover-20260219,UBNA_028,E18 Bridge
HF,45120.0,8.198694725514326,41.2395,41.2436,35781.0,59813.0,Echolocation,Myotis daubentonii,0.27,0.386,-1,192000.0,/mnt/ubna_data_07/recover-20260219/UBNA_028/20260213_030000.WAV,recover-20260219,UBNA_028,E18 Bridge
HF,45120.0,5.857076871764196,41.3155,41.319,37500.0,54452.0,Echolocation,Myotis daubentonii,0.317,0.381,-1,192000.0,/mnt/ubna_data_07/recover-20260219/UBNA_028/20260213_030000.WAV,recover-20260219,UBNA_028,E18 Bridge
HF,46080.0,7.545546331715194,41.3725,41.3768,37500.0,56290.0,Echolocation,Myotis daubentonii,0.363,0.447,-1,192000.0,/mnt/ubna_data_07/recover-20260219/UBNA_028/20260213_030000.WAV,recover-20260219,UBNA_028,E18 Bridge
HF,47040.0,4.495351472414104,41.4935,41.4977,35781.0,55243.0,Echolocation,Myotis daubentonii,0.332,0.396,-1,192000.0,/mnt/ubna_data_07/recover-20260219/UBNA_028/20260213_030000.WAV,recover-20260219,UBNA_028,E18 Bridge
HF,48000.0,2.0027865225796724,41.6195,41.6232,38359.0,57365.0,Echolocation,Myotis daubentonii,0.229,0.3,-1,192000.0,/mnt/ubna_data_07/recover-20260219/UBNA_028/20260213_030000.WAV,recover-20260219,UBNA_028,E18 Bridge
HF,46080.0,14.039439715189497,42.1065,42.1115,40937.0,52692.0,Echolocation,Myotis daubentonii,0.367,0.474,-1,192000.0,/mnt/ubna_data_07/recover-20260219/UBNA_028/20260213_030000.WAV,recover-20260219,UBNA_028,E18 Bridge
HF,46080.0,11.50727638313758,42.1745,42.180099999999996,40078.0,55512.0,Echolocation,Myotis daubentonii,0.215,0.45,-1,192000.0,/mnt/ubna_data_07/recover-20260219/UBNA_028/20260213_030000.WAV,recover-20260219,UBNA_028,E18 Bridge
HF,46080.0,15.381546317565151,42.2465,42.2513,37500.0,55123.0,Echolocation,Myotis daubentonii,0.227,0.39,-1,192000.0,/mnt/ubna_data_07/recover-20260219/UBNA_028/20260213_030000.WAV,recover-20260219,UBNA_028,E18 Bridge
HF,46080.0,15.745489031542055,42.3225,42.327600000000004,40078.0,56348.0,Echolocation,Myotis daubentonii,0.277,0.461,-1,192000.0,/mnt/ubna_data_07/recover-20260219/UBNA_028/20260213_030000.WAV,recover-20260219,UBNA_028,E18 Bridge
HF,45120.0,7.543082982778136,42.3895,42.3942,40078.0,54472.0,Echolocation,Myotis daubentonii,0.229,0.335,-1,192000.0,/mnt/ubna_data_07/recover-20260219/UBNA_028/20260213_030000.WAV,recover-20260219,UBNA_028,E18 Bridge
HF,45120.0,2.8569648990231364,42.429500000000004,42.4346,40937.0,53154.0,Echolocation,Myotis daubentonii,0.26,0.35,-1,192000.0,/mnt/ubna_data_07/recover-20260219/UBNA_028/20260213_030000.WAV,recover-20260219,UBNA_028,E18 Bridge
HF,45120.0,13.868003623657824,43.4355,43.440200000000004,37500.0,57978.0,Echolocation,Myotis daubentonii,0.327,0.438,-1,192000.0,/mnt/ubna_data_07/recover-20260219/UBNA_028/20260213_030000.WAV,recover-20260219,UBNA_028,E18 Bridge
HF,45120.0,16.963135583993495,44.3655,44.371,35781.0,71034.0,Echolocation,Myotis daubentonii,0.347,0.445,-1,192000.0,/mnt/ubna_data_07/recover-20260219/UBNA_028/20260213_030000.WAV,recover-20260219,UBNA_028,E18 Bridge
HF,45120.0,16.91060146696327,44.4495,44.4548,35781.0,69145.0,Echolocation,Myotis daubentonii,0.398,0.468,-1,192000.0,/mnt/ubna_data_07/recover-20260219/UBNA_028/20260213_030000.WAV,recover-20260219,UBNA_028,E18 Bridge
HF,48960.0,17.970683469121017,44.5305,44.5361,35781.0,76602.0,Echolocation,Myotis daubentonii,0.443,0.501,-1,192000.0,/mnt/ubna_data_07/recover-20260219/UBNA_028/20260213_030000.WAV,recover-20260219,UBNA_028,E18 Bridge
HF,45120.0,17.8400006161079,44.6305,44.6366,36640.0,76588.0,Echolocation,Myotis daubentonii,0.382,0.449,-1,192000.0,/mnt/ubna_data_07/recover-20260219/UBNA_028/20260213_030000.WAV,recover-20260219,UBNA_028,E18 Bridge
HF,48000.0,15.425242636895561,44.6805,44.6858,37500.0,70184.0,Echolocation,Myotis daubentonii,0.394,0.447,-1,192000.0,/mnt/ubna_data_07/recover-20260219/UBNA_028/20260213_030000.WAV,recover-20260219,UBNA_028,E18 Bridge
HF,45120.0,16.915266889751727,44.7255,44.7311,35781.0,74983.0,Echolocation,Myotis daubentonii,0.306,0.355,-1,192000.0,/mnt/ubna_data_07/recover-20260219/UBNA_028/20260213_030000.WAV,recover-20260219,UBNA_028,E18 Bridge
HF,45120.0,14.600092452214085,44.7915,44.7962,37500.0,66911.0,Echolocation,Myotis daubentonii,0.334,0.394,-1,192000.0,/mnt/ubna_data_07/recover-20260219/UBNA_028/20260213_030000.WAV,recover-20260219,UBNA_028,E18 Bridge
HF,45120.0,12.380660770676625,44.8735,44.8781,38359.0,63611.0,Echolocation,Myotis daubentonii,0.353,0.413,-1,192000.0,/mnt/ubna_data_07/recover-20260219/UBNA_028/20260213_030000.WAV,recover-20260219,UBNA_028,E18 Bridge
HF,45120.0,16.48432504914747,45.0285,45.0339,35781.0,71590.0,Echolocation,Myotis daubentonii,0.357,0.419,-1,192000.0,/mnt/ubna_data_07/recover-20260219/UBNA_028/20260213_030000.WAV,recover-20260219,UBNA_028,E18 Bridge
HF,45120.0,19.18536432174958,45.1105,45.1158,35781.0,73466.0,Echolocation,Myotis daubentonii,0.396,0.454,-1,192000.0,/mnt/ubna_data_07/recover-20260219/UBNA_028/20260213_030000.WAV,recover-20260219,UBNA_028,E18 Bridge
HF,47040.0,21.81392646542558,45.1915,45.1978,37500.0,80262.0,Echolocation,Myotis daubentonii,0.367,0.454,-1,192000.0,/mnt/ubna_data_07/recover-20260219/UBNA_028/20260213_030000.WAV,recover-20260219,UBNA_028,E18 Bridge
HF,45120.0,22.747813048868622,45.2685,45.274699999999996,35781.0,78883.0,Echolocation,Myotis daubentonii,0.333,0.409,-1,192000.0,/mnt/ubna_data_07/recover-20260219/UBNA_028/20260213_030000.WAV,recover-20260219,UBNA_028,E18 Bridge
HF,45120.0,19.25554342567045,45.3525,45.3578,39218.0,69175.0,Echolocation,Myotis daubentonii,0.343,0.385,-1,192000.0,/mnt/ubna_data_07/recover-20260219/UBNA_028/20260213_030000.WAV,recover-20260219,UBNA_028,E18 Bridge
HF,48000.0,24.307337061006173,45.4375,45.443799999999996,34062.0,81516.0,Echolocation,Myotis daubentonii,0.396,0.499,-1,192000.0,/mnt/ubna_data_07/recover-20260219/UBNA_028/20260213_030000.WAV,recover-20260219,UBNA_028,E18 Bridge
HF,48000.0,22.7230039295716,45.5235,45.5303,40078.0,69854.0,Echolocation,Myotis daubentonii,0.3,0.407,-1,192000.0,/mnt/ubna_data_07/recover-20260219/UBNA_028/20260213_030000.WAV,recover-20260219,UBNA_028,E18 Bridge
HF,48000.0,22.060120721113275,45.6135,45.6193,34921.0,79441.0,Echolocation,Myotis daubentonii,0.293,0.37,-1,192000.0,/mnt/ubna_data_07/recover-20260219/UBNA_028/20260213_030000.WAV,recover-20260219,UBNA_028,E18 Bridge
HF,45120.0,17.35712616868234,45.7065,45.7118,36640.0,73693.0,Echolocation,Myotis daubentonii,0.349,0.429,-1,192000.0,/mnt/ubna_data_07/recover-20260219/UBNA_028/20260213_030000.WAV,recover-20260219,UBNA_028,E18 Bridge
HF,45120.0,22.240903170084056,45.7885,45.7946,39218.0,73666.0,Echolocation,Myotis daubentonii,0.326,0.385,-1,192000.0,/mnt/ubna_data_07/recover-20260219/UBNA_028/20260213_030000.WAV,recover-20260219,UBNA_028,E18 Bridge
HF,48000.0,23.3238592777127,45.8785,45.8842,38359.0,74001.0,Echolocation,Myotis daubentonii,0.363,0.437,-1,192000.0,/mnt/ubna_data_07/recover-20260219/UBNA_028/20260213_030000.WAV,recover-20260219,UBNA_028,E18 Bridge
HF,48000.0,20.76024487687603,45.929500000000004,45.9356,37500.0,77324.0,Echolocation,Myotis daubentonii,0.349,0.426,-1,192000.0,/mnt/ubna_data_07/recover-20260219/UBNA_028/20260213_030000.WAV,recover-20260219,UBNA_028,E18 Bridge
HF,47040.0,21.000490799020053,46.0015,46.0064,34921.0,70902.0,Echolocation,Myotis daubentonii,0.19,0.346,-1,192000.0,/mnt/ubna_data_07/recover-20260219/UBNA_028/20260213_030000.WAV,recover-20260219,UBNA_028,E18 Bridge
HF,48000.0,16.66176010460181,46.057500000000005,46.062799999999996,34921.0,71756.0,Echolocation,Myotis daubentonii,0.274,0.423,-1,192000.0,/mnt/ubna_data_07/recover-20260219/UBNA_028/20260213_030000.WAV,recover-20260219,UBNA_028,E18 Bridge
HF,45120.0,17.549882018536252,46.1025,46.1071,39218.0,66631.0,Echolocation,Myotis daubentonii,0.285,0.382,-1,192000.0,/mnt/ubna_data_07/recover-20260219/UBNA_028/20260213_030000.WAV,recover-20260219,UBNA_028,E18 Bridge
HF,48000.0,17.91812385457468,46.1545,46.1595,35781.0,65636.0,Echolocation,Myotis daubentonii,0.39,0.51,-1,192000.0,/mnt/ubna_data_07/recover-20260219/UBNA_028/20260213_030000.WAV,recover-20260219,UBNA_028,E18 Bridge
HF,48000.0,21.728292726995228,46.207499999999996,46.213300000000004,35781.0,75651.0,Echolocation,Myotis daubentonii,0.235,0.364,-1,192000.0,/mnt/ubna_data_07/recover-20260219/UBNA_028/20260213_030000.WAV,recover-20260219,UBNA_028,E18 Bridge
HF,48000.0,19.532112385756896,46.2605,46.266400000000004,34921.0,74220.0,Echolocation,Myotis daubentonii,0.362,0.47,-1,192000.0,/mnt/ubna_data_07/recover-20260219/UBNA_028/20260213_030000.WAV,recover-20260219,UBNA_028,E18 Bridge
HF,47040.0,15.800130212376367,46.322500000000005,46.3274,33203.0,70048.0,Echolocation,Myotis daubentonii,0.32,0.384,-1,192000.0,/mnt/ubna_data_07/recover-20260219/UBNA_028/20260213_030000.WAV,recover-20260219,UBNA_028,E18 Bridge
HF,47040.0,15.4269655334572,46.3945,46.3998,37500.0,67766.0,Echolocation,Myotis daubentonii,0.209,0.333,-1,192000.0,/mnt/ubna_data_07/recover-20260219/UBNA_028/20260213_030000.WAV,recover-20260219,UBNA_028,E18 Bridge
HF,48000.0,13.508132028294701,46.4625,46.4673,35781.0,67035.0,Echolocation,Myotis daubentonii,0.319,0.456,-1,192000.0,/mnt/ubna_data_07/recover-20260219/UBNA_028/20260213_030000.WAV,recover-20260219,UBNA_028,E18 Bridge
HF,48000.0,11.70497186154471,46.5105,46.515100000000004,36640.0,65351.0,Echolocation,Myotis daubentonii,0.336,0.434,-1,192000.0,/mnt/ubna_data_07/recover-20260219/UBNA_028/20260213_030000.WAV,recover-20260219,UBNA_028,E18 Bridge
HF,48000.0,8.787211192103424,46.554500000000004,46.558800000000005,39218.0,60578.0,Echolocation,Myotis daubentonii,0.311,0.407,-1,192000.0,/mnt/ubna_data_07/recover-20260219/UBNA_028/20260213_030000.WAV,recover-20260219,UBNA_028,E18 Bridge
HF,47040.0,9.909819609764245,46.5955,46.600300000000004,39218.0,60266.0,Echolocation,Myotis daubentonii,0.352,0.481,-1,192000.0,/mnt/ubna_data_07/recover-20260219/UBNA_028/20260213_030000.WAV,recover-20260219,UBNA_028,E18 Bridge
HF,47040.0,5.4491253015817955,47.0475,47.052099999999996,39218.0,55800.0,Echolocation,Myotis daubentonii,0.353,0.417,-1,192000.0,/mnt/ubna_data_07/recover-20260219/UBNA_028/20260213_030000.WAV,recover-20260219,UBNA_028,E18 Bridge
HF,45120.0,9.740362851773368,151.8555,151.8609,38359.0,68264.0,Echolocation,Myotis brandtii,0.169,0.303,-1,192000.0,/mnt/ubna_data_07/recover-20260219/UBNA_028/20260213_030000.WAV,recover-20260219,UBNA_028,E18 Bridge
HF,46080.0,11.451411743459083,152.0835,152.089,39218.0,54978.0,Echolocation,Myotis daubentonii,0.223,0.428,-1,192000.0,/mnt/ubna_data_07/recover-20260219/UBNA_028/20260213_030000.WAV,recover-20260219,UBNA_028,E18 Bridge
HF,47040.0,11.369297750403195,152.2595,152.2646,38359.0,60608.0,Echolocation,Myotis daubentonii,0.296,0.399,-1,192000.0,/mnt/ubna_data_07/recover-20260219/UBNA_028/20260213_030000.WAV,recover-20260219,UBNA_028,E18 Bridge
HF,47040.0,4.8597674297747115,152.5975,152.6016,39218.0,56940.0,Echolocation,Myotis daubentonii,0.3,0.417,-1,192000.0,/mnt/ubna_data_07/recover-20260219/UBNA_028/20260213_030000.WAV,recover-20260219,UBNA_028,E18 Bridge
HF,45120.0,13.498827613381327,153.0095,153.015,37500.0,55211.0,Echolocation,Myotis daubentonii,0.272,0.427,-1,192000.0,/mnt/ubna_data_07/recover-20260219/UBNA_028/20260213_030000.WAV,recover-20260219,UBNA_028,E18 Bridge
HF,45120.0,3.848261150415907,153.0975,153.1024,40078.0,55884.0,Echolocation,Myotis daubentonii,0.315,0.449,-1,192000.0,/mnt/ubna_data_07/recover-20260219/UBNA_028/20260213_030000.WAV,recover-20260219,UBNA_028,E18 Bridge
HF,45120.0,17.386363622573064,153.2785,153.2831,37500.0,54300.0,Echolocation,Myotis daubentonii,0.278,0.403,-1,192000.0,/mnt/ubna_data_07/recover-20260219/UBNA_028/20260213_030000.WAV,recover-20260219,UBNA_028,E18 Bridge
HF,45120.0,17.7352108463022,153.3555,153.3606,38359.0,57496.0,Echolocation,Myotis daubentonii,0.253,0.399,-1,192000.0,/mnt/ubna_data_07/recover-20260219/UBNA_028/20260213_030000.WAV,recover-20260219,UBNA_028,E18 Bridge
HF,45120.0,8.326000128000153,153.4375,153.4423,39218.0,56236.0,Echolocation,Myotis daubentonii,0.337,0.408,-1,192000.0,/mnt/ubna_data_07/recover-20260219/UBNA_028/20260213_030000.WAV,recover-20260219,UBNA_028,E18 Bridge
HF,46080.0,7.1265902698840815,154.3245,154.3304,40937.0,56200.0,Echolocation,Myotis daubentonii,0.14,0.41,-1,192000.0,/mnt/ubna_data_07/recover-20260219/UBNA_028/20260213_030000.WAV,recover-20260219,UBNA_028,E18 Bridge
HF,47040.0,3.910801527456506,167.3675,167.3714,36640.0,55845.0,Echolocation,Myotis daubentonii,0.23,0.348,-1,192000.0,/mnt/ubna_data_07/recover-20260219/UBNA_028/20260213_030000.WAV,recover-20260219,UBNA_028,E18 Bridge
HF,47040.0,2.9864685407835094,167.4455,167.4496,38359.0,55281.0,Echolocation,Myotis daubentonii,0.218,0.324,-1,192000.0,/mnt/ubna_data_07/recover-20260219/UBNA_028/20260213_030000.WAV,recover-20260219,UBNA_028,E18 Bridge
HF,46080.0,5.754545917702954,167.9805,167.9857,41796.0,51520.0,Echolocation,Myotis daubentonii,0.184,0.393,-1,192000.0,/mnt/ubna_data_07/recover-20260219/UBNA_028/20260213_030000.WAV,recover-20260219,UBNA_028,E18 Bridge
HF,46080.0,12.035136032665083,168.1435,168.1464,40937.0,58718.0,Echolocation,Myotis daubentonii,0.137,0.4,-1,192000.0,/mnt/ubna_data_07/recover-20260219/UBNA_028/20260213_030000.WAV,recover-20260219,UBNA_028,E18 Bridge
HF,46080.0,6.419082823042949,168.2045,168.2087,40078.0,52924.0,Echolocation,Myotis daubentonii,0.235,0.377,-1,192000.0,/mnt/ubna_data_07/recover-20260219/UBNA_028/20260213_030000.WAV,recover-20260219,UBNA_028,E18 Bridge
HF,45120.0,6.669366593696263,168.2585,168.2624,41796.0,54709.0,Echolocation,Myotis daubentonii,0.301,0.504,-1,192000.0,/mnt/ubna_data_07/recover-20260219/UBNA_028/20260213_030000.WAV,recover-20260219,UBNA_028,E18 Bridge
HF,46080.0,6.648957100943246,168.3015,168.3047,40078.0,55751.0,Echolocation,Myotis daubentonii,0.142,0.317,-1,192000.0,/mnt/ubna_data_07/recover-20260219/UBNA_028/20260213_030000.WAV,recover-20260219,UBNA_028,E18 Bridge
HF,46080.0,4.54329494049621,168.3425,168.3459,40937.0,52562.0,Echolocation,Myotis daubentonii,0.206,0.423,-1,192000.0,/mnt/ubna_data_07/recover-20260219/UBNA_028/20260213_030000.WAV,recover-20260219,UBNA_028,E18 Bridge
HF,48000.0,4.27063641071857,168.4315,168.4353,40937.0,53160.0,Echolocation,Myotis daubentonii,0.265,0.425,-1,192000.0,/mnt/ubna_data_07/recover-20260219/UBNA_028/20260213_030000.WAV,recover-20260219,UBNA_028,E18 Bridge
HF,47040.0,13.301405420756925,169.3725,169.3778,40078.0,55374.0,Echolocation,Myotis daubentonii,0.263,0.482,-1,192000.0,/mnt/ubna_data_07/recover-20260219/UBNA_028/20260213_030000.WAV,recover-20260219,UBNA_028,E18 Bridge
HF,47040.0,9.823776314492576,169.4395,169.4444,39218.0,56036.0,Echolocation,Myotis daubentonii,0.244,0.41,-1,192000.0,/mnt/ubna_data_07/recover-20260219/UBNA_028/20260213_030000.WAV,recover-20260219,UBNA_028,E18 Bridge
HF,46080.0,3.3517607869098494,169.5435,169.5472,40078.0,56151.0,Echolocation,Myotis daubentonii,0.201,0.342,-1,192000.0,/mnt/ubna_data_07/recover-20260219/UBNA_028/20260213_030000.WAV,recover-20260219,UBNA_028,E18 Bridge
HF,48000.0,5.687719135236499,169.5975,169.6008,40937.0,54263.0,Echolocation,Myotis daubentonii,0.181,0.367,-1,192000.0,/mnt/ubna_data_07/recover-20260219/UBNA_028/20260213_030000.WAV,recover-20260219,UBNA_028,E18 Bridge
HF,45120.0,12.357598248606571,170.08350000000002,170.0879,39218.0,56682.0,Echolocation,Myotis daubentonii,0.358,0.437,-1,192000.0,/mnt/ubna_data_07/recover-20260219/UBNA_028/20260213_030000.WAV,recover-20260219,UBNA_028,E18 Bridge
HF,46080.0,9.896370729333091,170.1615,170.1655,37500.0,60368.0,Echolocation,Myotis daubentonii,0.287,0.436,-1,192000.0,/mnt/ubna_data_07/recover-20260219/UBNA_028/20260213_030000.WAV,recover-20260219,UBNA_028,E18 Bridge
HF,45120.0,7.663575180401798,170.22050000000002,170.2245,38359.0,56617.0,Echolocation,Myotis daubentonii,0.309,0.408,-1,192000.0,/mnt/ubna_data_07/recover-20260219/UBNA_028/20260213_030000.WAV,recover-20260219,UBNA_028,E18 Bridge
HF,45120.0,8.749862777532341,170.5845,170.589,39218.0,59955.0,Echolocation,Myotis daubentonii,0.329,0.406,-1,192000.0,/mnt/ubna_data_07/recover-20260219/UBNA_028/20260213_030000.WAV,recover-20260219,UBNA_028,E18 Bridge
HF,48960.0,5.347531406523547,170.9405,170.9456,40078.0,59421.0,Echolocation,Myotis daubentonii,0.311,0.396,-1,192000.0,/mnt/ubna_data_07/recover-20260219/UBNA_028/20260213_030000.WAV,recover-20260219,UBNA_028,E18 Bridge
HF,46080.0,6.71284590579036,171.1045,171.1092,40078.0,57955.0,Echolocation,Myotis daubentonii,0.31,0.394,-1,192000.0,/mnt/ubna_data_07/recover-20260219/UBNA_028/20260213_030000.WAV,recover-20260219,UBNA_028,E18 Bridge
HF,48960.0,8.885591710388264,171.2595,171.264,39218.0,64448.0,Echolocation,Myotis daubentonii,0.302,0.406,-1,192000.0,/mnt/ubna_data_07/recover-20260219/UBNA_028/20260213_030000.WAV,recover-20260219,UBNA_028,E18 Bridge
HF,45120.0,8.08027231915055,171.3285,171.3326,40078.0,60625.0,Echolocation,Myotis daubentonii,0.312,0.481,-1,192000.0,/mnt/ubna_data_07/recover-20260219/UBNA_028/20260213_030000.WAV,recover-20260219,UBNA_028,E18 Bridge
HF,48960.0,19.01952249804418,171.4875,171.4935,35781.0,74062.0,Echolocation,Myotis daubentonii,0.328,0.429,-1,192000.0,/mnt/ubna_data_07/recover-20260219/UBNA_028/20260213_030000.WAV,recover-20260219,UBNA_028,E18 Bridge
HF,45120.0,15.391135414064651,171.5735,171.5783,38359.0,61481.0,Echolocation,Myotis daubentonii,0.286,0.406,-1,192000.0,/mnt/ubna_data_07/recover-20260219/UBNA_028/20260213_030000.WAV,recover-20260219,UBNA_028,E18 Bridge
HF,45120.0,11.98697247950131,171.6315,171.6354,40078.0,60987.0,Echolocation,Myotis daubentonii,0.312,0.416,-1,192000.0,/mnt/ubna_data_07/recover-20260219/UBNA_028/20260213_030000.WAV,recover-20260219,UBNA_028,E18 Bridge
HF,45120.0,10.372020743422116,171.6855,171.6897,39218.0,62376.0,Echolocation,Myotis daubentonii,0.267,0.448,-1,192000.0,/mnt/ubna_data_07/recover-20260219/UBNA_028/20260213_030000.WAV,recover-20260219,UBNA_028,E18 Bridge
HF,45120.0,18.823743103885686,171.7555,171.7612,37500.0,69375.0,Echolocation,Myotis daubentonii,0.304,0.414,-1,192000.0,/mnt/ubna_data_07/recover-20260219/UBNA_028/20260213_030000.WAV,recover-20260219,UBNA_028,E18 Bridge
HF,45120.0,16.845143107786438,171.8375,171.8433,37500.0,64883.0,Echolocation,Myotis daubentonii,0.253,0.387,-1,192000.0,/mnt/ubna_data_07/recover-20260219/UBNA_028/20260213_030000.WAV,recover-20260219,UBNA_028,E18 Bridge
HF,45120.0,17.428665801553898,171.9215,171.9269,37500.0,62854.0,Echolocation,Myotis daubentonii,0.326,0.428,-1,192000.0,/mnt/ubna_data_07/recover-20260219/UBNA_028/20260213_030000.WAV,recover-20260219,UBNA_028,E18 Bridge
HF,45120.0,19.025682492110114,172.0065,172.0123,37500.0,69258.0,Echolocation,Myotis daubentonii,0.465,0.552,-1,192000.0,/mnt/ubna_data_07/recover-20260219/UBNA_028/20260213_030000.WAV,recover-20260219,UBNA_028,E18 Bridge
HF,45120.0,19.227473180054577,172.0815,172.0872,37500.0,72566.0,Echolocation,Myotis daubentonii,0.398,0.482,-1,192000.0,/mnt/ubna_data_07/recover-20260219/UBNA_028/20260213_030000.WAV,recover-20260219,UBNA_028,E18 Bridge
HF,48000.0,15.190455634744293,172.1255,172.1301,39218.0,69904.0,Echolocation,Myotis daubentonii,0.254,0.412,-1,192000.0,/mnt/ubna_data_07/recover-20260219/UBNA_028/20260213_030000.WAV,recover-20260219,UBNA_028,E18 Bridge
HF,48000.0,13.830638360835081,172.1765,172.18189999999998,38359.0,65412.0,Echolocation,Myotis daubentonii,0.358,0.428,-1,192000.0,/mnt/ubna_data_07/recover-20260219/UBNA_028/20260213_030000.WAV,recover-20260219,UBNA_028,E18 Bridge
HF,48000.0,20.372610595023268,172.2535,172.2589,37500.0,74661.0,Echolocation,Myotis daubentonii,0.383,0.484,-1,192000.0,/mnt/ubna_data_07/recover-20260219/UBNA_028/20260213_030000.WAV,recover-20260219,UBNA_028,E18 Bridge
HF,46080.0,23.33762986494394,172.3355,172.3414,35781.0,80666.0,Echolocation,Myotis daubentonii,0.299,0.409,-1,192000.0,/mnt/ubna_data_07/recover-20260219/UBNA_028/20260213_030000.WAV,recover-20260219,UBNA_028,E18 Bridge
HF,48960.0,29.391334057682165,172.4195,172.4257,33203.0,80102.0,Echolocation,Myotis daubentonii,0.32,0.427,-1,192000.0,/mnt/ubna_data_07/recover-20260219/UBNA_028/20260213_030000.WAV,recover-20260219,UBNA_028,E18 Bridge
HF,48000.0,28.68444064351406,172.4935,172.5002,34062.0,80659.0,Echolocation,Myotis daubentonii,0.351,0.454,-1,192000.0,/mnt/ubna_data_07/recover-20260219/UBNA_028/20260213_030000.WAV,recover-20260219,UBNA_028,E18 Bridge
HF,48000.0,22.62910404461989,172.5455,172.55180000000001,34921.0,78533.0,Echolocation,Myotis daubentonii,0.365,0.481,-1,192000.0,/mnt/ubna_data_07/recover-20260219/UBNA_028/20260213_030000.WAV,recover-20260219,UBNA_028,E18 Bridge
HF,45120.0,23.55286990157878,172.6195,172.6259,34921.0,79356.0,Echolocation,Myotis daubentonii,0.403,0.493,-1,192000.0,/mnt/ubna_data_07/recover-20260219/UBNA_028/20260213_030000.WAV,recover-20260219,UBNA_028,E18 Bridge
HF,45120.0,30.700619137658173,172.7025,172.7088,34062.0,80421.0,Echolocation,Myotis daubentonii,0.43,0.553,-1,192000.0,/mnt/ubna_data_07/recover-20260219/UBNA_028/20260213_030000.WAV,recover-20260219,UBNA_028,E18 Bridge
HF,48000.0,25.41821653874255,172.7845,172.79149999999998,32343.0,81282.0,Echolocation,Myotis daubentonii,0.36,0.499,-1,192000.0,/mnt/ubna_data_07/recover-20260219/UBNA_028/20260213_030000.WAV,recover-20260219,UBNA_028,E18 Bridge
HF,45120.0,25.695406700508183,172.8475,172.8546,34062.0,85997.0,Echolocation,Myotis daubentonii,0.404,0.494,-1,192000.0,/mnt/ubna_data_07/recover-20260219/UBNA_028/20260213_030000.WAV,recover-20260219,UBNA_028,E18 Bridge
HF,48000.0,23.432653956025415,172.8955,172.9023,34921.0,80075.0,Echolocation,Myotis daubentonii,0.366,0.469,-1,192000.0,/mnt/ubna_data_07/recover-20260219/UBNA_028/20260213_030000.WAV,recover-20260219,UBNA_028,E18 Bridge
HF,48000.0,22.561523932176343,172.9515,172.9574,34921.0,76235.0,Echolocation,Myotis daubentonii,0.475,0.562,-1,192000.0,/mnt/ubna_data_07/recover-20260219/UBNA_028/20260213_030000.WAV,recover-20260219,UBNA_028,E18 Bridge
HF,48000.0,16.933429122958902,173.0145,173.0193,34921.0,71565.0,Echolocation,Myotis daubentonii,0.356,0.488,-1,192000.0,/mnt/ubna_data_07/recover-20260219/UBNA_028/20260213_030000.WAV,recover-20260219,UBNA_028,E18 Bridge
HF,45120.0,13.024646070429583,173.0575,173.0626,35781.0,70058.0,Echolocation,Myotis daubentonii,0.342,0.424,-1,192000.0,/mnt/ubna_data_07/recover-20260219/UBNA_028/20260213_030000.WAV,recover-20260219,UBNA_028,E18 Bridge
HF,48000.0,10.719390229812507,173.1055,173.11,38359.0,66503.0,Echolocation,Myotis daubentonii,0.287,0.434,-1,192000.0,/mnt/ubna_data_07/recover-20260219/UBNA_028/20260213_030000.WAV,recover-20260219,UBNA_028,E18 Bridge
HF,45120.0,15.354401528798272,173.1385,173.143,36640.0,69579.0,Echolocation,Myotis daubentonii,0.287,0.367,-1,192000.0,/mnt/ubna_data_07/recover-20260219/UBNA_028/20260213_030000.WAV,recover-20260219,UBNA_028,E18 Bridge
HF,48000.0,10.469090437569463,173.1755,173.1803,40078.0,59936.0,Echolocation,Myotis daubentonii,0.396,0.5,-1,192000.0,/mnt/ubna_data_07/recover-20260219/UBNA_028/20260213_030000.WAV,recover-20260219,UBNA_028,E18 Bridge
HF,47040.0,10.279564155170636,173.2045,173.2089,40078.0,59548.0,Echolocation,Myotis daubentonii,0.27,0.332,-1,192000.0,/mnt/ubna_data_07/recover-20260219/UBNA_028/20260213_030000.WAV,recover-20260219,UBNA_028,E18 Bridge
HF,48000.0,16.608041034359367,173.6295,173.6347,36640.0,68016.0,Echolocation,Myotis daubentonii,0.399,0.488,-1,192000.0,/mnt/ubna_data_07/recover-20260219/UBNA_028/20260213_030000.WAV,recover-20260219,UBNA_028,E18 Bridge
HF,45120.0,18.824704048216034,173.6815,173.6865,36640.0,73290.0,Echolocation,Myotis daubentonii,0.358,0.473,-1,192000.0,/mnt/ubna_data_07/recover-20260219/UBNA_028/20260213_030000.WAV,recover-20260219,UBNA_028,E18 Bridge
HF,52800.0,7.945154006418916,173.7215,173.7307,51250.0,56049.0,Echolocation,Pipistrellus pipistrellus,0.184,0.335,-1,192000.0,/mnt/ubna_data_07/recover-20260219/UBNA_028/20260213_030000.WAV,recover-20260219,UBNA_028,E18 Bridge
HF,48000.0,10.939638689728149,173.7505,173.7561,40937.0,59763.0,Echolocation,Myotis daubentonii,0.322,0.492,-1,192000.0,/mnt/ubna_data_07/recover-20260219/UBNA_028/20260213_030000.WAV,recover-20260219,UBNA_028,E18 Bridge
HF,52800.0,10.200508994300712,173.8045,173.8108,46953.0,64005.0,Echolocation,Pipistrellus pipistrellus,0.114,0.317,-1,192000.0,/mnt/ubna_data_07/recover-20260219/UBNA_028/20260213_030000.WAV,recover-20260219,UBNA_028,E18 Bridge
HF,48000.0,11.995227538096858,173.8235,173.8291,38359.0,67183.0,Echolocation,Myotis daubentonii,0.272,0.341,-1,192000.0,/mnt/ubna_data_07/recover-20260219/UBNA_028/20260213_030000.WAV,recover-20260219,UBNA_028,E18 Bridge
HF,48000.0,14.6166014876577,173.9775,173.9828,40078.0,65303.0,Echolocation,Myotis daubentonii,0.294,0.417,-1,192000.0,/mnt/ubna_data_07/recover-20260219/UBNA_028/20260213_030000.WAV,recover-20260219,UBNA_028,E18 Bridge
HF,51840.0,16.6885586047239,174.1195,174.1224,46093.0,62880.0,Echolocation,Myotis alcathoe,0.153,0.402,-1,192000.0,/mnt/ubna_data_07/recover-20260219/UBNA_028/20260213_030000.WAV,recover-20260219,UBNA_028,E18 Bridge
HF,47040.0,15.863858404265923,174.2025,174.206,42656.0,67743.0,Echolocation,Myotis brandtii,0.13,0.369,-1,192000.0,/mnt/ubna_data_07/recover-20260219/UBNA_028/20260213_030000.WAV,recover-20260219,UBNA_028,E18 Bridge
HF,52800.0,20.155366713906613,174.2905,174.2936,46093.0,74077.0,Echolocation,Myotis alcathoe,0.413,0.557,-1,192000.0,/mnt/ubna_data_07/recover-20260219/UBNA_028/20260213_030000.WAV,recover-20260219,UBNA_028,E18 Bridge
HF,51840.0,19.8489215213407,174.3805,174.3842,44375.0,76846.0,Echolocation,Myotis alcathoe,0.32,0.607,-1,192000.0,/mnt/ubna_data_07/recover-20260219/UBNA_028/20260213_030000.WAV,recover-20260219,UBNA_028,E18 Bridge
HF,51840.0,20.555205042243813,174.4655,174.4693,43515.0,81797.0,Echolocation,Myotis alcathoe,0.387,0.611,-1,192000.0,/mnt/ubna_data_07/recover-20260219/UBNA_028/20260213_030000.WAV,recover-20260219,UBNA_028,E18 Bridge
HF,51840.0,24.312223889423397,174.5545,174.5583,43515.0,85336.0,Echolocation,Myotis alcathoe,0.506,0.644,-1,192000.0,/mnt/ubna_data_07/recover-20260219/UBNA_028/20260213_030000.WAV,recover-20260219,UBNA_028,E18 Bridge
HF,48960.0,27.031750767895527,174.64249999999998,174.6467,41796.0,86201.0,Echolocation,Myotis alcathoe,0.347,0.592,-1,192000.0,/mnt/ubna_data_07/recover-20260219/UBNA_028/20260213_030000.WAV,recover-20260219,UBNA_028,E18 Bridge
HF,46080.0,5.990307169243696,174.7045,174.711,42656.0,54686.0,Echolocation,Pipistrellus pipistrellus,0.121,0.317,-1,192000.0,/mnt/ubna_data_07/recover-20260219/UBNA_028/20260213_030000.WAV,recover-20260219,UBNA_028,E18 Bridge
HF,48960.0,29.6587305094168,174.7285,174.73239999999998,43515.0,83741.0,Echolocation,Myotis alcathoe,0.457,0.6,-1,192000.0,/mnt/ubna_data_07/recover-20260219/UBNA_028/20260213_030000.WAV,recover-20260219,UBNA_028,E18 Bridge
HF,46080.0,24.519323814723887,174.8075,174.81119999999999,40078.0,87119.0,Echolocation,Myotis brandtii,0.229,0.635,-1,192000.0,/mnt/ubna_data_07/recover-20260219/UBNA_028/20260213_030000.WAV,recover-20260219,UBNA_028,E18 Bridge
HF,48000.0,36.178518115542005,174.8875,174.89170000000001,39218.0,89509.0,Echolocation,Myotis alcathoe,0.404,0.608,-1,192000.0,/mnt/ubna_data_07/recover-20260219/UBNA_028/20260213_030000.WAV,recover-20260219,UBNA_028,E18 Bridge
HF,48960.0,25.702130546371002,174.9715,174.9749,40078.0,76135.0,Echolocation,Myotis alcathoe,0.243,0.561,-1,192000.0,/mnt/ubna_data_07/recover-20260219/UBNA_028/20260213_030000.WAV,recover-20260219,UBNA_028,E18 Bridge
HF,47040.0,38.09324706981717,175.05349999999999,175.0575,38359.0,91339.0,Echolocation,Myotis alcathoe,0.471,0.643,-1,192000.0,/mnt/ubna_data_07/recover-20260219/UBNA_028/20260213_030000.WAV,recover-20260219,UBNA_028,E18 Bridge
HF,51840.0,32.75396281978174,175.1245,175.1292,40937.0,92395.0,Echolocation,Myotis alcathoe,0.416,0.594,-1,192000.0,/mnt/ubna_data_07/recover-20260219/UBNA_028/20260213_030000.WAV,recover-20260219,UBNA_028,E18 Bridge
HF,48960.0,32.80664544307744,175.2145,175.2181,40937.0,86906.0,Echolocation,Myotis alcathoe,0.437,0.631,-1,192000.0,/mnt/ubna_data_07/recover-20260219/UBNA_028/20260213_030000.WAV,recover-20260219,UBNA_028,E18 Bridge
HF,52800.0,19.55263242101595,175.2645,175.2686,44375.0,87262.0,Echolocation,Myotis alcathoe,0.152,0.422,-1,192000.0,/mnt/ubna_data_07/recover-20260219/UBNA_028/20260213_030000.WAV,recover-20260219,UBNA_028,E18 Bridge
HF,52800.0,8.782909215487933,175.2985,175.302,46953.0,78361.0,Echolocation,Myotis alcathoe,0.293,0.511,-1,192000.0,/mnt/ubna_data_07/recover-20260219/UBNA_028/20260213_030000.WAV,recover-20260219,UBNA_028,E18 Bridge
HF,55680.0,14.945645623142084,175.3445,175.3485,44375.0,83402.0,Echolocation,Myotis alcathoe,0.317,0.63,-1,192000.0,/mnt/ubna_data_07/recover-20260219/UBNA_028/20260213_030000.WAV,recover-20260219,UBNA_028,E18 Bridge
HF,55680.0,19.004839094453388,175.3955,175.3993,45234.0,87726.0,Echolocation,Myotis alcathoe,0.329,0.639,-1,192000.0,/mnt/ubna_data_07/recover-20260219/UBNA_028/20260213_030000.WAV,recover-20260219,UBNA_028,E18 Bridge
HF,53760.0,22.444228800836953,175.4535,175.4577,44375.0,92471.0,Echolocation,Myotis alcathoe,0.425,0.676,-1,192000.0,/mnt/ubna_data_07/recover-20260219/UBNA_028/20260213_030000.WAV,recover-20260219,UBNA_028,E18 Bridge
HF,53760.0,26.90788143862229,175.52949999999998,175.5336,41796.0,94795.0,Echolocation,Myotis alcathoe,0.319,0.688,-1,192000.0,/mnt/ubna_data_07/recover-20260219/UBNA_028/20260213_030000.WAV,recover-20260219,UBNA_028,E18 Bridge
HF,52800.0,26.749054485609832,175.6025,175.6065,44375.0,83235.0,Echolocation,Myotis alcathoe,0.406,0.602,-1,192000.0,/mnt/ubna_data_07/recover-20260219/UBNA_028/20260213_030000.WAV,recover-20260219,UBNA_028,E18 Bridge
HF,51840.0,31.469659066294987,175.6865,175.6902,41796.0,90814.0,Echolocation,Myotis alcathoe,0.316,0.604,-1,192000.0,/mnt/ubna_data_07/recover-20260219/UBNA_028/20260213_030000.WAV,recover-20260219,UBNA_028,E18 Bridge
HF,51840.0,19.812493425257493,175.8025,175.8073,40078.0,86570.0,Echolocation,Myotis brandtii,0.311,0.637,-1,192000.0,/mnt/ubna_data_07/recover-20260219/UBNA_028/20260213_030000.WAV,recover-20260219,UBNA_028,E18 Bridge
HF,48960.0,36.34532073596427,175.8825,175.8874,38359.0,95987.0,Echolocation,Myotis alcathoe,0.245,0.539,-1,192000.0,/mnt/ubna_data_07/recover-20260219/UBNA_028/20260213_030000.WAV,recover-20260219,UBNA_028,E18 Bridge
HF,52800.0,34.5093428519929,175.9475,175.9515,39218.0,91861.0,Echolocation,Myotis alcathoe,0.267,0.576,-1,192000.0,/mnt/ubna_data_07/recover-20260219/UBNA_028/20260213_030000.WAV,recover-20260219,UBNA_028,E18 Bridge
HF,51840.0,20.395002177595984,176.0075,176.0126,38359.0,86191.0,Echolocation,Myotis mystacinus,0.3,0.512,-1,192000.0,/mnt/ubna_data_07/recover-20260219/UBNA_028/20260213_030000.WAV,recover-20260219,UBNA_028,E18 Bridge
HF,52800.0,30.189526063166845,176.0825,176.0882,39218.0,92712.0,Echolocation,Myotis alcathoe,0.242,0.508,-1,192000.0,/mnt/ubna_data_07/recover-20260219/UBNA_028/20260213_030000.WAV,recover-20260219,UBNA_028,E18 Bridge
HF,50880.0,20.553580035983213,176.1735,176.1771,42656.0,71345.0,Echolocation,Myotis mystacinus,0.151,0.357,-1,192000.0,/mnt/ubna_data_07/recover-20260219/UBNA_028/20260213_030000.WAV,recover-20260219,UBNA_028,E18 Bridge
HF,51840.0,35.70263283638117,176.2535,176.2587,44375.0,73897.0,Echolocation,Pipistrellus pipistrellus,0.412,0.44,-1,192000.0,/mnt/ubna_data_07/recover-20260219/UBNA_028/20260213_030000.WAV,recover-20260219,UBNA_028,E18 Bridge
HF,51840.0,21.179030192970774,176.3325,176.3374,40937.0,87930.0,Echolocation,Myotis alcathoe,0.14,0.393,-1,192000.0,/mnt/ubna_data_07/recover-20260219/UBNA_028/20260213_030000.WAV,recover-20260219,UBNA_028,E18 Bridge
HF,48000.0,24.68118172286929,176.4355,176.4403,40937.0,78424.0,Echolocation,Myotis alcathoe,0.147,0.307,-1,192000.0,/mnt/ubna_data_07/recover-20260219/UBNA_028/20260213_030000.WAV,recover-20260219,UBNA_028,E18 Bridge
HF,48000.0,21.868437926192136,176.5215,176.5266,40078.0,80953.0,Echolocation,Myotis alcathoe,0.263,0.518,-1,192000.0,/mnt/ubna_data_07/recover-20260219/UBNA_028/20260213_030000.WAV,recover-20260219,UBNA_028,E18 Bridge
HF,48000.0,35.83052376008879,176.6125,176.6189,36640.0,85543.0,Echolocation,Myotis alcathoe,0.202,0.506,-1,192000.0,/mnt/ubna_data_07/recover-20260219/UBNA_028/20260213_030000.WAV,recover-20260219,UBNA_028,E18 Bridge
HF,47040.0,28.950367721571773,176.7105,176.7155,43515.0,63659.0,Echolocation,Pipistrellus pipistrellus,0.355,0.382,-1,192000.0,/mnt/ubna_data_07/recover-20260219/UBNA_028/20260213_030000.WAV,recover-20260219,UBNA_028,E18 Bridge
HF,48000.0,23.318965458558463,176.8025,176.8075,40078.0,79672.0,Echolocation,Myotis alcathoe,0.175,0.364,-1,192000.0,/mnt/ubna_data_07/recover-20260219/UBNA_028/20260213_030000.WAV,recover-20260219,UBNA_028,E18 Bridge
HF,47040.0,30.354531214417563,176.8965,176.9027,39218.0,84464.0,Echolocation,Myotis alcathoe,0.163,0.445,-1,192000.0,/mnt/ubna_data_07/recover-20260219/UBNA_028/20260213_030000.WAV,recover-20260219,UBNA_028,E18 Bridge
HF,48960.0,14.096670951110239,176.9845,176.9892,42656.0,68383.0,Echolocation,Myotis mystacinus,0.128,0.421,-1,192000.0,/mnt/ubna_data_07/recover-20260219/UBNA_028/20260213_030000.WAV,recover-20260219,UBNA_028,E18 Bridge
HF,52800.0,10.519238434555598,177.0495,177.0541,46953.0,60300.0,Echolocation,Pipistrellus pipistrellus,0.224,0.376,-1,192000.0,/mnt/ubna_data_07/recover-20260219/UBNA_028/20260213_030000.WAV,recover-20260219,UBNA_028,E18 Bridge
HF,52800.0,21.900038829694143,177.1605,177.1652,41796.0,74352.0,Echolocation,Myotis alcathoe,0.176,0.55,-1,192000.0,/mnt/ubna_data_07/recover-20260219/UBNA_028/20260213_030000.WAV,recover-20260219,UBNA_028,E18 Bridge
HF,52800.0,18.772519535281592,177.2225,177.2278,42656.0,72432.0,Echolocation,Myotis alcathoe,0.145,0.518,-1,192000.0,/mnt/ubna_data_07/recover-20260219/UBNA_028/20260213_030000.WAV,recover-20260219,UBNA_028,E18 Bridge
HF,47040.0,25.03498797557681,177.30349999999999,177.3092,41796.0,80518.0,Echolocation,Pipistrellus pipistrellus,0.153,0.477,-1,192000.0,/mnt/ubna_data_07/recover-20260219/UBNA_028/20260213_030000.WAV,recover-20260219,UBNA_028,E18 Bridge
HF,47040.0,14.934283410067552,177.39249999999998,177.3966,42656.0,64090.0,Echolocation,Myotis mystacinus,0.095,0.328,-1,192000.0,/mnt/ubna_data_07/recover-20260219/UBNA_028/20260213_030000.WAV,recover-20260219,UBNA_028,E18 Bridge
HF,47040.0,15.57382273595666,177.4645,177.4691,43515.0,60959.0,Echolocation,Pipistrellus pipistrellus,0.162,0.463,-1,192000.0,/mnt/ubna_data_07/recover-20260219/UBNA_028/20260213_030000.WAV,recover-20260219,UBNA_028,E18 Bridge
HF,46080.0,21.206719325002386,177.5435,177.548,43515.0,62674.0,Echolocation,Pipistrellus pipistrellus,0.579,0.674,-1,192000.0,/mnt/ubna_data_07/recover-20260219/UBNA_028/20260213_030000.WAV,recover-20260219,UBNA_028,E18 Bridge
HF,46080.0,7.271180902617175,177.6345,177.63830000000002,45234.0,55905.0,Echolocation,Pipistrellus pipistrellus,0.421,0.453,-1,192000.0,/mnt/ubna_data_07/recover-20260219/UBNA_028/20260213_030000.WAV,recover-20260219,UBNA_028,E18 Bridge
HF,47040.0,16.81965385801235,177.72050000000002,177.7277,43515.0,59535.0,Echolocation,Pipistrellus pipistrellus,0.151,0.441,-1,192000.0,/mnt/ubna_data_07/recover-20260219/UBNA_028/20260213_030000.WAV,recover-20260219,UBNA_028,E18 Bridge
HF,47040.0,4.303525412719672,177.8045,177.8136,46953.0,57622.0,Echolocation,Pipistrellus pipistrellus,0.283,0.33,-1,192000.0,/mnt/ubna_data_07/recover-20260219/UBNA_028/20260213_030000.WAV,recover-20260219,UBNA_028,E18 Bridge
HF,48000.0,7.547749189412817,177.9325,177.9384,45234.0,58945.0,Echolocation,Pipistrellus pipistrellus,0.423,0.548,-1,192000.0,/mnt/ubna_data_07/recover-20260219/UBNA_028/20260213_030000.WAV,recover-20260219,UBNA_028,E18 Bridge
HF,47040.0,3.1893237294897587,178.0775,178.0861,46953.0,51475.0,Echolocation,Pipistrellus pipistrellus,0.315,0.323,-1,192000.0,/mnt/ubna_data_07/recover-20260219/UBNA_028/20260213_030000.WAV,recover-20260219,UBNA_028,E18 Bridge
HF,48000.0,8.803889231906243,178.1655,178.1725,43515.0,58205.0,Echolocation,Pipistrellus pipistrellus,0.25,0.565,-1,192000.0,/mnt/ubna_data_07/recover-20260219/UBNA_028/20260213_030000.WAV,recover-20260219,UBNA_028,E18 Bridge
HF,47040.0,6.85778685574858,178.3395,178.3465,44375.0,59300.0,Echolocation,Pipistrellus pipistrellus,0.325,0.455,-1,192000.0,/mnt/ubna_data_07/recover-20260219/UBNA_028/20260213_030000.WAV,recover-20260219,UBNA_028,E18 Bridge
HF,48000.0,6.2821459555486605,178.5135,178.5221,46953.0,55207.0,Echolocation,Pipistrellus pipistrellus,0.393,0.413,-1,192000.0,/mnt/ubna_data_07/recover-20260219/UBNA_028/20260213_030000.WAV,recover-20260219,UBNA_028,E18 Bridge
HF,48000.0,9.026098728482538,178.6985,178.7036,43515.0,56822.0,Echolocation,Pipistrellus pipistrellus,0.284,0.548,-1,192000.0,/mnt/ubna_data_07/recover-20260219/UBNA_028/20260213_030000.WAV,recover-20260219,UBNA_028,E18 Bridge
HF,47040.0,10.529666022989648,178.8835,178.8902,43515.0,59228.0,Echolocation,Pipistrellus pipistrellus,0.254,0.487,-1,192000.0,/mnt/ubna_data_07/recover-20260219/UBNA_028/20260213_030000.WAV,recover-20260219,UBNA_028,E18 Bridge
HF,48000.0,5.864337675823984,179.0625,179.0704,45234.0,58861.0,Echolocation,Pipistrellus pipistrellus,0.369,0.477,-1,192000.0,/mnt/ubna_data_07/recover-20260219/UBNA_028/20260213_030000.WAV,recover-20260219,UBNA_028,E18 Bridge
HF,48000.0,4.125923170552451,179.3135,179.3192,46953.0,57959.0,Echolocation,Pipistrellus pipistrellus,0.416,0.442,-1,192000.0,/mnt/ubna_data_07/recover-20260219/UBNA_028/20260213_030000.WAV,recover-20260219,UBNA_028,E18 Bridge
HF,46080.0,9.40774822678415,190.5935,190.5987,40937.0,57416.0,Echolocation,Myotis daubentonii,0.243,0.488,-1,192000.0,/mnt/ubna_data_07/recover-20260219/UBNA_028/20260213_030000.WAV,recover-20260219,UBNA_028,E18 Bridge
HF,47040.0,6.623047140527585,190.7805,190.7857,40078.0,63203.0,Echolocation,Myotis daubentonii,0.172,0.348,-1,192000.0,/mnt/ubna_data_07/recover-20260219/UBNA_028/20260213_030000.WAV,recover-20260219,UBNA_028,E18 Bridge
HF,45120.0,9.903321841280892,190.8675,190.874,41796.0,61595.0,Echolocation,Myotis daubentonii,0.109,0.323,-1,192000.0,/mnt/ubna_data_07/recover-20260219/UBNA_028/20260213_030000.WAV,recover-20260219,UBNA_028,E18 Bridge
HF,48000.0,12.647392244366563,191.2495,191.2547,38359.0,66790.0,Echolocation,Myotis daubentonii,0.145,0.317,-1,192000.0,/mnt/ubna_data_07/recover-20260219/UBNA_028/20260213_030000.WAV,recover-20260219,UBNA_028,E18 Bridge
HF,46080.0,13.153840809202016,191.2985,191.3044,38359.0,63734.0,Echolocation,Myotis daubentonii,0.188,0.37,-1,192000.0,/mnt/ubna_data_07/recover-20260219/UBNA_028/20260213_030000.WAV,recover-20260219,UBNA_028,E18 Bridge
HF,46080.0,9.874931458848069,191.3475,191.3514,38359.0,64203.0,Echolocation,Myotis daubentonii,0.175,0.403,-1,192000.0,/mnt/ubna_data_07/recover-20260219/UBNA_028/20260213_030000.WAV,recover-20260219,UBNA_028,E18 Bridge
HF,46080.0,12.009549535650347,191.4775,191.4826,38359.0,65867.0,Echolocation,Myotis brandtii,0.206,0.391,-1,192000.0,/mnt/ubna_data_07/recover-20260219/UBNA_028/20260213_030000.WAV,recover-20260219,UBNA_028,E18 Bridge
HF,46080.0,8.129059750306132,194.2135,194.2228,41796.0,57409.0,Echolocation,Pipistrellus pipistrellus,0.139,0.382,-1,192000.0,/mnt/ubna_data_07/recover-20260219/UBNA_028/20260213_030000.WAV,recover-20260219,UBNA_028,E18 Bridge
HF,48000.0,4.093779383466321,255.1975,255.20589999999999,41796.0,54570.0,Echolocation,Pipistrellus nathusii,0.17,0.307,-1,192000.0,/mnt/ubna_data_07/recover-20260219/UBNA_028/20260213_030000.WAV,recover-20260219,UBNA_028,E18 Bridge
HF,45120.0,8.445535011776244,255.5795,255.5854,40078.0,58570.0,Echolocation,Pipistrellus nathusii,0.114,0.319,-1,192000.0,/mnt/ubna_data_07/recover-20260219/UBNA_028/20260213_030000.WAV,recover-20260219,UBNA_028,E18 Bridge
HF,47040.0,8.506092608527673,255.6695,255.678,41796.0,58244.0,Echolocation,Pipistrellus nathusii,0.232,0.436,-1,192000.0,/mnt/ubna_data_07/recover-20260219/UBNA_028/20260213_030000.WAV,recover-20260219,UBNA_028,E18 Bridge
HF,46080.0,8.498510684010796,255.7505,255.7591,40937.0,60671.0,Echolocation,Pipistrellus pipistrellus,0.142,0.468,-1,192000.0,/mnt/ubna_data_07/recover-20260219/UBNA_028/20260213_030000.WAV,recover-20260219,UBNA_028,E18 Bridge
HF,45120.0,11.243491503643192,256.0115,256.0167,40937.0,57413.0,Echolocation,Myotis daubentonii,0.233,0.352,-1,192000.0,/mnt/ubna_data_07/recover-20260219/UBNA_028/20260213_030000.WAV,recover-20260219,UBNA_028,E18 Bridge
HF,47040.0,9.734290876689052,256.0955,256.1003,37500.0,65049.0,Echolocation,Myotis daubentonii,0.27,0.338,-1,192000.0,/mnt/ubna_data_07/recover-20260219/UBNA_028/20260213_030000.WAV,recover-20260219,UBNA_028,E18 Bridge
HF,46080.0,8.701471362902202,256.1875,256.1938,41796.0,61816.0,Echolocation,Myotis daubentonii,0.232,0.339,-1,192000.0,/mnt/ubna_data_07/recover-20260219/UBNA_028/20260213_030000.WAV,recover-20260219,UBNA_028,E18 Bridge
HF,47040.0,14.020623184158762,256.2645,256.271,40937.0,64559.0,Echolocation,Myotis daubentonii,0.291,0.397,-1,192000.0,/mnt/ubna_data_07/recover-20260219/UBNA_028/20260213_030000.WAV,recover-20260219,UBNA_028,E18 Bridge
HF,45120.0,15.18769330719441,256.3365,256.3425,40078.0,66681.0,Echolocation,Myotis daubentonii,0.321,0.41,-1,192000.0,/mnt/ubna_data_07/recover-20260219/UBNA_028/20260213_030000.WAV,recover-20260219,UBNA_028,E18 Bridge
HF,46080.0,12.156733642327248,256.3965,256.4021,39218.0,67442.0,Echolocation,Myotis daubentonii,0.184,0.314,-1,192000.0,/mnt/ubna_data_07/recover-20260219/UBNA_028/20260213_030000.WAV,recover-20260219,UBNA_028,E18 Bridge
HF,47040.0,19.98797668992757,256.8015,256.80740000000003,38359.0,68756.0,Echolocation,Myotis daubentonii,0.244,0.344,-1,192000.0,/mnt/ubna_data_07/recover-20260219/UBNA_028/20260213_030000.WAV,recover-20260219,UBNA_028,E18 Bridge
HF,45120.0,19.021657570096025,256.9395,256.9451,37500.0,72190.0,Echolocation,Myotis daubentonii,0.234,0.348,-1,192000.0,/mnt/ubna_data_07/recover-20260219/UBNA_028/20260213_030000.WAV,recover-20260219,UBNA_028,E18 Bridge
HF,48000.0,21.165029918995756,257.0035,257.0089,34062.0,76254.0,Echolocation,Myotis daubentonii,0.206,0.357,-1,192000.0,/mnt/ubna_data_07/recover-20260219/UBNA_028/20260213_030000.WAV,recover-20260219,UBNA_028,E18 Bridge
HF,48000.0,22.518180368210157,257.0575,257.0633,37500.0,74705.0,Echolocation,Myotis daubentonii,0.337,0.391,-1,192000.0,/mnt/ubna_data_07/recover-20260219/UBNA_028/20260213_030000.WAV,recover-20260219,UBNA_028,E18 Bridge
HF,48000.0,22.2010023957337,257.1215,257.12760000000003,35781.0,76948.0,Echolocation,Myotis daubentonii,0.434,0.537,-1,192000.0,/mnt/ubna_data_07/recover-20260219/UBNA_028/20260213_030000.WAV,recover-20260219,UBNA_028,E18 Bridge
HF,47040.0,19.44054281314623,257.1675,257.173,34921.0,76182.0,Echolocation,Myotis daubentonii,0.371,0.487,-1,192000.0,/mnt/ubna_data_07/recover-20260219/UBNA_028/20260213_030000.WAV,recover-20260219,UBNA_028,E18 Bridge
HF,48000.0,18.953294480373593,257.2105,257.2158,34062.0,74299.0,Echolocation,Myotis daubentonii,0.4,0.521,-1,192000.0,/mnt/ubna_data_07/recover-20260219/UBNA_028/20260213_030000.WAV,recover-20260219,UBNA_028,E18 Bridge
HF,47040.0,23.71535493624532,257.2925,257.2988,35781.0,75452.0,Echolocation,Myotis daubentonii,0.43,0.535,-1,192000.0,/mnt/ubna_data_07/recover-20260219/UBNA_028/20260213_030000.WAV,recover-20260219,UBNA_028,E18 Bridge
HF,48000.0,25.29820126444614,257.3635,257.3703,34062.0,76867.0,Echolocation,Myotis daubentonii,0.349,0.509,-1,192000.0,/mnt/ubna_data_07/recover-20260219/UBNA_028/20260213_030000.WAV,recover-20260219,UBNA_028,E18 Bridge
HF,47040.0,23.726014889252212,257.4445,257.4504,35781.0,63563.0,Echolocation,Myotis daubentonii,0.355,0.484,-1,192000.0,/mnt/ubna_data_07/recover-20260219/UBNA_028/20260213_030000.WAV,recover-20260219,UBNA_028,E18 Bridge
HF,45120.0,27.987846205462795,257.5235,257.5299,34062.0,77251.0,Echolocation,Myotis daubentonii,0.358,0.523,-1,192000.0,/mnt/ubna_data_07/recover-20260219/UBNA_028/20260213_030000.WAV,recover-20260219,UBNA_028,E18 Bridge
HF,45120.0,26.38839525587492,257.6075,257.6135,31484.0,75454.0,Echolocation,Myotis daubentonii,0.387,0.502,-1,192000.0,/mnt/ubna_data_07/recover-20260219/UBNA_028/20260213_030000.WAV,recover-20260219,UBNA_028,E18 Bridge
HF,48000.0,16.617177886722573,257.70550000000003,257.7111,37500.0,61473.0,Echolocation,Myotis daubentonii,0.305,0.418,-1,192000.0,/mnt/ubna_data_07/recover-20260219/UBNA_028/20260213_030000.WAV,recover-20260219,UBNA_028,E18 Bridge
HF,45120.0,9.826567581904891,257.7715,257.777,37500.0,63715.0,Echolocation,Myotis daubentonii,0.386,0.459,-1,192000.0,/mnt/ubna_data_07/recover-20260219/UBNA_028/20260213_030000.WAV,recover-20260219,UBNA_028,E18 Bridge
HF,46080.0,2.95104939043505,262.2355,262.2415,43515.0,56104.0,Echolocation,Pipistrellus pipistrellus,0.153,0.385,-1,192000.0,/mnt/ubna_data_07/recover-20260219/UBNA_028/20260213_030000.WAV,recover-20260219,UBNA_028,E18 Bridge
HF,46080.0,6.341433508324417,262.3855,262.3896,41796.0,61226.0,Echolocation,Myotis daubentonii,0.155,0.388,-1,192000.0,/mnt/ubna_data_07/recover-20260219/UBNA_028/20260213_030000.WAV,recover-20260219,UBNA_028,E18 Bridge
HF,46080.0,2.13144903522781,262.4955,262.4991,40937.0,60012.0,Echolocation,Myotis mystacinus,0.133,0.315,-1,192000.0,/mnt/ubna_data_07/recover-20260219/UBNA_028/20260213_030000.WAV,recover-20260219,UBNA_028,E18 Bridge
HF,47040.0,8.919450984454816,262.6375,262.6412,38359.0,54411.0,Echolocation,Myotis daubentonii,0.244,0.437,-1,192000.0,/mnt/ubna_data_07/recover-20260219/UBNA_028/20260213_030000.WAV,recover-20260219,UBNA_028,E18 Bridge
HF,46080.0,7.2266869336650394,262.7015,262.7058,40078.0,60718.0,Echolocation,Myotis daubentonii,0.144,0.346,-1,192000.0,/mnt/ubna_data_07/recover-20260219/UBNA_028/20260213_030000.WAV,recover-20260219,UBNA_028,E18 Bridge
HF,45120.0,9.882713073236362,262.9345,262.939,37500.0,61608.0,Echolocation,Myotis daubentonii,0.195,0.366,-1,192000.0,/mnt/ubna_data_07/recover-20260219/UBNA_028/20260213_030000.WAV,recover-20260219,UBNA_028,E18 Bridge
HF,45120.0,10.660336634075467,263.0315,263.0357,36640.0,59328.0,Echolocation,Myotis daubentonii,0.267,0.417,-1,192000.0,/mnt/ubna_data_07/recover-20260219/UBNA_028/20260213_030000.WAV,recover-20260219,UBNA_028,E18 Bridge
HF,45120.0,7.64667456216797,263.0955,263.0997,39218.0,59758.0,Echolocation,Myotis daubentonii,0.198,0.359,-1,192000.0,/mnt/ubna_data_07/recover-20260219/UBNA_028/20260213_030000.WAV,recover-20260219,UBNA_028,E18 Bridge
HF,45120.0,4.737654781430428,263.1475,263.1511,39218.0,56505.0,Echolocation,Myotis daubentonii,0.271,0.437,-1,192000.0,/mnt/ubna_data_07/recover-20260219/UBNA_028/20260213_030000.WAV,recover-20260219,UBNA_028,E18 Bridge
HF,45120.0,8.928717533225674,263.2075,263.2111,38359.0,55698.0,Echolocation,Myotis daubentonii,0.326,0.482,-1,192000.0,/mnt/ubna_data_07/recover-20260219/UBNA_028/20260213_030000.WAV,recover-20260219,UBNA_028,E18 Bridge
HF,48000.0,6.685153739212942,263.2585,263.2629,37500.0,59065.0,Echolocation,Myotis daubentonii,0.266,0.485,-1,192000.0,/mnt/ubna_data_07/recover-20260219/UBNA_028/20260213_030000.WAV,recover-20260219,UBNA_028,E18 Bridge
HF,48000.0,3.454042124120513,263.3485,263.3527,38359.0,55810.0,Echolocation,Myotis daubentonii,0.156,0.315,-1,192000.0,/mnt/ubna_data_07/recover-20260219/UBNA_028/20260213_030000.WAV,recover-20260219,UBNA_028,E18 Bridge
HF,48000.0,8.715150407914747,263.9835,263.9871,38359.0,56052.0,Echolocation,Myotis daubentonii,0.236,0.374,-1,192000.0,/mnt/ubna_data_07/recover-20260219/UBNA_028/20260213_030000.WAV,recover-20260219,UBNA_028,E18 Bridge
HF,48960.0,6.610945569086297,264.0575,264.0622,36640.0,58101.0,Echolocation,Myotis daubentonii,0.328,0.353,-1,192000.0,/mnt/ubna_data_07/recover-20260219/UBNA_028/20260213_030000.WAV,recover-20260219,UBNA_028,E18 Bridge
HF,48000.0,5.23863885972533,264.1305,264.13530000000003,39218.0,56287.0,Echolocation,Myotis daubentonii,0.338,0.375,-1,192000.0,/mnt/ubna_data_07/recover-20260219/UBNA_028/20260213_030000.WAV,recover-20260219,UBNA_028,E18 Bridge
HF,46080.0,12.875505323244425,264.5695,264.5746,39218.0,62234.0,Echolocation,Myotis daubentonii,0.419,0.452,-1,192000.0,/mnt/ubna_data_07/recover-20260219/UBNA_028/20260213_030000.WAV,recover-20260219,UBNA_028,E18 Bridge
HF,45120.0,10.268909215676118,264.7345,264.7395,36640.0,57571.0,Echolocation,Myotis daubentonii,0.435,0.486,-1,192000.0,/mnt/ubna_data_07/recover-20260219/UBNA_028/20260213_030000.WAV,recover-20260219,UBNA_028,E18 Bridge
HF,45120.0,16.837039046250943,264.8185,264.8243,37500.0,67970.0,Echolocation,Myotis daubentonii,0.417,0.45,-1,192000.0,/mnt/ubna_data_07/recover-20260219/UBNA_028/20260213_030000.WAV,recover-20260219,UBNA_028,E18 Bridge
HF,45120.0,17.177007638499013,264.8995,264.905,36640.0,68836.0,Echolocation,Myotis daubentonii,0.399,0.447,-1,192000.0,/mnt/ubna_data_07/recover-20260219/UBNA_028/20260213_030000.WAV,recover-20260219,UBNA_028,E18 Bridge
HF,45120.0,21.108954793398,264.97950000000003,264.9857,33203.0,76211.0,Echolocation,Myotis daubentonii,0.409,0.465,-1,192000.0,/mnt/ubna_data_07/recover-20260219/UBNA_028/20260213_030000.WAV,recover-20260219,UBNA_028,E18 Bridge
HF,45120.0,18.44165603783613,265.1445,265.1504,34921.0,76511.0,Echolocation,Myotis daubentonii,0.403,0.431,-1,192000.0,/mnt/ubna_data_07/recover-20260219/UBNA_028/20260213_030000.WAV,recover-20260219,UBNA_028,E18 Bridge
HF,45120.0,21.142933467938043,265.2305,265.2374,36640.0,78655.0,Echolocation,Myotis daubentonii,0.361,0.399,-1,192000.0,/mnt/ubna_data_07/recover-20260219/UBNA_028/20260213_030000.WAV,recover-20260219,UBNA_028,E18 Bridge
HF,45120.0,20.690738452618834,265.3205,265.3268,33203.0,81175.0,Echolocation,Myotis daubentonii,0.362,0.387,-1,192000.0,/mnt/ubna_data_07/recover-20260219/UBNA_028/20260213_030000.WAV,recover-20260219,UBNA_028,E18 Bridge
HF,45120.0,23.342262366489535,265.5675,265.5742,34921.0,78237.0,Echolocation,Myotis daubentonii,0.425,0.462,-1,192000.0,/mnt/ubna_data_07/recover-20260219/UBNA_028/20260213_030000.WAV,recover-20260219,UBNA_028,E18 Bridge
HF,48960.0,24.39053260077158,265.6595,265.6666,35781.0,78053.0,Echolocation,Myotis daubentonii,0.396,0.434,-1,192000.0,/mnt/ubna_data_07/recover-20260219/UBNA_028/20260213_030000.WAV,recover-20260219,UBNA_028,E18 Bridge
HF,48000.0,25.401000020935697,265.9185,265.9257,34921.0,80996.0,Echolocation,Myotis daubentonii,0.4,0.449,-1,192000.0,/mnt/ubna_data_07/recover-20260219/UBNA_028/20260213_030000.WAV,recover-20260219,UBNA_028,E18 Bridge
HF,45120.0,35.1381212513893,266.0045,266.011,33203.0,79413.0,Echolocation,Myotis daubentonii,0.312,0.526,-1,192000.0,/mnt/ubna_data_07/recover-20260219/UBNA_028/20260213_030000.WAV,recover-20260219,UBNA_028,E18 Bridge
HF,45120.0,33.569559401147,266.1705,266.177,33203.0,82426.0,Echolocation,Myotis daubentonii,0.33,0.448,-1,192000.0,/mnt/ubna_data_07/recover-20260219/UBNA_028/20260213_030000.WAV,recover-20260219,UBNA_028,E18 Bridge
HF,45120.0,32.39879472247901,266.2565,266.2631,32343.0,80260.0,Echolocation,Myotis daubentonii,0.44,0.547,-1,192000.0,/mnt/ubna_data_07/recover-20260219/UBNA_028/20260213_030000.WAV,recover-20260219,UBNA_028,E18 Bridge
HF,48000.0,30.246974442073537,266.3415,266.3475,34921.0,75831.0,Echolocation,Myotis daubentonii,0.407,0.486,-1,192000.0,/mnt/ubna_data_07/recover-20260219/UBNA_028/20260213_030000.WAV,recover-20260219,UBNA_028,E18 Bridge
HF,47040.0,27.049889194528504,266.4285,266.4353,34062.0,76214.0,Echolocation,Myotis daubentonii,0.402,0.511,-1,192000.0,/mnt/ubna_data_07/recover-20260219/UBNA_028/20260213_030000.WAV,recover-20260219,UBNA_028,E18 Bridge
HF,48000.0,20.279437963691382,266.4915,266.4979,34921.0,74724.0,Echolocation,Myotis daubentonii,0.382,0.502,-1,192000.0,/mnt/ubna_data_07/recover-20260219/UBNA_028/20260213_030000.WAV,recover-20260219,UBNA_028,E18 Bridge
HF,48000.0,15.075799264691012,266.5405,266.546,34921.0,71491.0,Echolocation,Myotis daubentonii,0.261,0.366,-1,192000.0,/mnt/ubna_data_07/recover-20260219/UBNA_028/20260213_030000.WAV,recover-20260219,UBNA_028,E18 Bridge
HF,47040.0,14.585605524606722,266.5925,266.5974,34921.0,69718.0,Echolocation,Myotis daubentonii,0.315,0.39,-1,192000.0,/mnt/ubna_data_07/recover-20260219/UBNA_028/20260213_030000.WAV,recover-20260219,UBNA_028,E18 Bridge
HF,47040.0,8.784316984707214,266.6425,266.6474,40078.0,62161.0,Echolocation,Myotis daubentonii,0.384,0.493,-1,192000.0,/mnt/ubna_data_07/recover-20260219/UBNA_028/20260213_030000.WAV,recover-20260219,UBNA_028,E18 Bridge
HF,47040.0,12.821378924971732,266.7905,266.7955,36640.0,62301.0,Echolocation,Myotis daubentonii,0.388,0.447,-1,192000.0,/mnt/ubna_data_07/recover-20260219/UBNA_028/20260213_030000.WAV,recover-20260219,UBNA_028,E18 Bridge
HF,47040.0,7.6861810478954204,266.8715,266.876,39218.0,59322.0,Echolocation,Myotis daubentonii,0.308,0.38,-1,192000.0,/mnt/ubna_data_07/recover-20260219/UBNA_028/20260213_030000.WAV,recover-20260219,UBNA_028,E18 Bridge
HF,45120.0,8.472474868938116,130.3555,130.3625,41796.0,57076.0,Echolocation,Myotis daubentonii,0.162,0.342,-1,192000.0,/mnt/ubna_data_07/recover-20260219/UBNA_028/20260213_032000.WAV,recover-20260219,UBNA_028,E18 Bridge
HF,46080.0,8.854052865882378,130.4355,130.4407,37500.0,64182.0,Echolocation,Myotis daubentonii,0.245,0.404,-1,192000.0,/mnt/ubna_data_07/recover-20260219/UBNA_028/20260213_032000.WAV,recover-20260219,UBNA_028,E18 Bridge
HF,47040.0,6.148943517336763,130.5425,130.5477,40937.0,63571.0,Echolocation,Myotis daubentonii,0.148,0.329,-1,192000.0,/mnt/ubna_data_07/recover-20260219/UBNA_028/20260213_032000.WAV,recover-20260219,UBNA_028,E18 Bridge
HF,47040.0,9.254219899254572,130.6995,130.7044,40937.0,61570.0,Echolocation,Myotis daubentonii,0.295,0.445,-1,192000.0,/mnt/ubna_data_07/recover-20260219/UBNA_028/20260213_032000.WAV,recover-20260219,UBNA_028,E18 Bridge
HF,46080.0,13.736254449707149,130.7835,130.7895,40078.0,65629.0,Echolocation,Myotis daubentonii,0.361,0.474,-1,192000.0,/mnt/ubna_data_07/recover-20260219/UBNA_028/20260213_032000.WAV,recover-20260219,UBNA_028,E18 Bridge
HF,48000.0,12.18064015001481,130.8465,130.8516,40078.0,63466.0,Echolocation,Myotis daubentonii,0.248,0.387,-1,192000.0,/mnt/ubna_data_07/recover-20260219/UBNA_028/20260213_032000.WAV,recover-20260219,UBNA_028,E18 Bridge
HF,48000.0,9.932763292867495,130.8965,130.9019,40937.0,63859.0,Echolocation,Myotis daubentonii,0.266,0.417,-1,192000.0,/mnt/ubna_data_07/recover-20260219/UBNA_028/20260213_032000.WAV,recover-20260219,UBNA_028,E18 Bridge
HF,46080.0,8.677185231790274,130.9655,130.9706,36640.0,64129.0,Echolocation,Myotis daubentonii,0.208,0.394,-1,192000.0,/mnt/ubna_data_07/recover-20260219/UBNA_028/20260213_032000.WAV,recover-20260219,UBNA_028,E18 Bridge
HF,46080.0,12.105457273881619,131.1225,131.1284,37500.0,68501.0,Echolocation,Myotis daubentonii,0.295,0.443,-1,192000.0,/mnt/ubna_data_07/recover-20260219/UBNA_028/20260213_032000.WAV,recover-20260219,UBNA_028,E18 Bridge
HF,48000.0,14.422523501467857,131.2905,131.2959,38359.0,65287.0,Echolocation,Myotis daubentonii,0.276,0.419,-1,192000.0,/mnt/ubna_data_07/recover-20260219/UBNA_028/20260213_032000.WAV,recover-20260219,UBNA_028,E18 Bridge
HF,48000.0,18.527140531063697,131.4935,131.4996,38359.0,69450.0,Echolocation,Myotis daubentonii,0.358,0.509,-1,192000.0,/mnt/ubna_data_07/recover-20260219/UBNA_028/20260213_032000.WAV,recover-20260219,UBNA_028,E18 Bridge
HF,48000.0,17.562197722478928,131.6605,131.66649999999998,37500.0,71495.0,Echolocation,Myotis daubentonii,0.297,0.456,-1,192000.0,/mnt/ubna_data_07/recover-20260219/UBNA_028/20260213_032000.WAV,recover-20260219,UBNA_028,E18 Bridge
HF,47040.0,17.965506342162133,131.7385,131.7441,37500.0,69449.0,Echolocation,Myotis daubentonii,0.212,0.416,-1,192000.0,/mnt/ubna_data_07/recover-20260219/UBNA_028/20260213_032000.WAV,recover-20260219,UBNA_028,E18 Bridge
HF,48000.0,23.612007682877373,131.8995,131.9058,35781.0,75263.0,Echolocation,Myotis daubentonii,0.258,0.481,-1,192000.0,/mnt/ubna_data_07/recover-20260219/UBNA_028/20260213_032000.WAV,recover-20260219,UBNA_028,E18 Bridge
HF,48000.0,27.177327473330646,131.9855,131.9922,34921.0,75896.0,Echolocation,Myotis brandtii,0.252,0.429,-1,192000.0,/mnt/ubna_data_07/recover-20260219/UBNA_028/20260213_032000.WAV,recover-20260219,UBNA_028,E18 Bridge
HF,48000.0,26.65472250874042,132.0705,132.0765,34062.0,69771.0,Echolocation,Myotis daubentonii,0.32,0.438,-1,192000.0,/mnt/ubna_data_07/recover-20260219/UBNA_028/20260213_032000.WAV,recover-20260219,UBNA_028,E18 Bridge
HF,45120.0,21.19675074907102,132.2025,132.20850000000002,34062.0,71012.0,Echolocation,Myotis daubentonii,0.231,0.366,-1,192000.0,/mnt/ubna_data_07/recover-20260219/UBNA_028/20260213_032000.WAV,recover-20260219,UBNA_028,E18 Bridge
HF,45120.0,15.053847638502607,132.2805,132.2859,36640.0,58127.0,Echolocation,Myotis daubentonii,0.335,0.457,-1,192000.0,/mnt/ubna_data_07/recover-20260219/UBNA_028/20260213_032000.WAV,recover-20260219,UBNA_028,E18 Bridge
HF,48000.0,14.814226833733793,132.3585,132.3639,35781.0,63145.0,Echolocation,Myotis daubentonii,0.275,0.415,-1,192000.0,/mnt/ubna_data_07/recover-20260219/UBNA_028/20260213_032000.WAV,recover-20260219,UBNA_028,E18 Bridge
HF,48000.0,3.4965790096702882,133.1235,133.1285,39218.0,52652.0,Echolocation,Myotis daubentonii,0.254,0.354,-1,192000.0,/mnt/ubna_data_07/recover-20260219/UBNA_028/20260213_032000.WAV,recover-20260219,UBNA_028,E18 Bridge
HF,45120.0,6.689850418945267,133.2805,133.2856,37500.0,53109.0,Echolocation,Myotis daubentonii,0.297,0.418,-1,192000.0,/mnt/ubna_data_07/recover-20260219/UBNA_028/20260213_032000.WAV,recover-20260219,UBNA_028,E18 Bridge
HF,46080.0,8.696426698397763,133.3605,133.3659,36640.0,54306.0,Echolocation,Myotis daubentonii,0.398,0.498,-1,192000.0,/mnt/ubna_data_07/recover-20260219/UBNA_028/20260213_032000.WAV,recover-20260219,UBNA_028,E18 Bridge
HF,46080.0,14.786462127396371,133.4495,133.45420000000001,40078.0,55491.0,Echolocation,Myotis daubentonii,0.313,0.399,-1,192000.0,/mnt/ubna_data_07/recover-20260219/UBNA_028/20260213_032000.WAV,recover-20260219,UBNA_028,E18 Bridge
HF,46080.0,6.204559436831165,133.5335,133.5385,40937.0,51463.0,Echolocation,Myotis daubentonii,0.295,0.407,-1,192000.0,/mnt/ubna_data_07/recover-20260219/UBNA_028/20260213_032000.WAV,recover-20260219,UBNA_028,E18 Bridge
HF,46080.0,9.247509080283397,133.6905,133.6955,40078.0,52823.0,Echolocation,Myotis daubentonii,0.32,0.4,-1,192000.0,/mnt/ubna_data_07/recover-20260219/UBNA_028/20260213_032000.WAV,recover-20260219,UBNA_028,E18 Bridge
HF,46080.0,5.569034573567727,134.1525,134.1584,45234.0,57505.0,Echolocation,Pipistrellus pipistrellus,0.549,0.63,-1,192000.0,/mnt/ubna_data_07/recover-20260219/UBNA_028/20260213_032000.WAV,recover-20260219,UBNA_028,E18 Bridge
HF,46080.0,8.302267257750962,134.4245,134.4303,46093.0,58511.0,Echolocation,Pipistrellus pipistrellus,0.59,0.654,-1,192000.0,/mnt/ubna_data_07/recover-20260219/UBNA_028/20260213_032000.WAV,recover-20260219,UBNA_028,E18 Bridge
HF,47040.0,11.989366730398991,134.5185,134.52609999999999,44375.0,62022.0,Echolocation,Pipistrellus pipistrellus,0.277,0.585,-1,192000.0,/mnt/ubna_data_07/recover-20260219/UBNA_028/20260213_032000.WAV,recover-20260219,UBNA_028,E18 Bridge
HF,46080.0,17.54355301462633,134.6095,134.6154,42656.0,61577.0,Echolocation,Pipistrellus pipistrellus,0.335,0.618,-1,192000.0,/mnt/ubna_data_07/recover-20260219/UBNA_028/20260213_032000.WAV,recover-20260219,UBNA_028,E18 Bridge
HF,47040.0,12.411327111382635,134.6775,134.684,45234.0,59479.0,Echolocation,Pipistrellus pipistrellus,0.373,0.658,-1,192000.0,/mnt/ubna_data_07/recover-20260219/UBNA_028/20260213_032000.WAV,recover-20260219,UBNA_028,E18 Bridge
HF,46080.0,9.052401720865273,134.7795,134.7855,45234.0,52551.0,Echolocation,Pipistrellus pipistrellus,0.413,0.423,-1,192000.0,/mnt/ubna_data_07/recover-20260219/UBNA_028/20260213_032000.WAV,recover-20260219,UBNA_028,E18 Bridge
HF,46080.0,11.83157369728434,134.8805,134.8868,43515.0,59692.0,Echolocation,Pipistrellus pipistrellus,0.276,0.555,-1,192000.0,/mnt/ubna_data_07/recover-20260219/UBNA_028/20260213_032000.WAV,recover-20260219,UBNA_028,E18 Bridge
HF,47040.0,13.916941755968367,135.0025,135.0076,46093.0,55032.0,Echolocation,Pipistrellus pipistrellus,0.556,0.579,-1,192000.0,/mnt/ubna_data_07/recover-20260219/UBNA_028/20260213_032000.WAV,recover-20260219,UBNA_028,E18 Bridge
HF,46080.0,7.278603352053706,135.0515,135.0566,40078.0,52915.0,Echolocation,Myotis daubentonii,0.27,0.351,-1,192000.0,/mnt/ubna_data_07/recover-20260219/UBNA_028/20260213_032000.WAV,recover-20260219,UBNA_028,E18 Bridge
HF,48000.0,20.85217721194106,135.1145,135.1194,45234.0,60820.0,Echolocation,Pipistrellus pipistrellus,0.574,0.634,-1,192000.0,/mnt/ubna_data_07/recover-20260219/UBNA_028/20260213_032000.WAV,recover-20260219,UBNA_028,E18 Bridge
HF,48000.0,5.772022814393156,135.2095,135.2154,41796.0,53953.0,Echolocation,Myotis daubentonii,0.177,0.302,-1,192000.0,/mnt/ubna_data_07/recover-20260219/UBNA_028/20260213_032000.WAV,recover-20260219,UBNA_028,E18 Bridge
HF,46080.0,19.220543512420065,135.3085,135.3159,44375.0,63254.0,Echolocation,Pipistrellus pipistrellus,0.382,0.527,-1,192000.0,/mnt/ubna_data_07/recover-20260219/UBNA_028/20260213_032000.WAV,recover-20260219,UBNA_028,E18 Bridge
HF,48000.0,8.321664477451979,135.3605,135.3654,40078.0,53656.0,Echolocation,Myotis daubentonii,0.256,0.329,-1,192000.0,/mnt/ubna_data_07/recover-20260219/UBNA_028/20260213_032000.WAV,recover-20260219,UBNA_028,E18 Bridge
HF,48960.0,4.992513279267362,135.4375,135.4419,40078.0,54106.0,Echolocation,Myotis daubentonii,0.258,0.41,-1,192000.0,/mnt/ubna_data_07/recover-20260219/UBNA_028/20260213_032000.WAV,recover-20260219,UBNA_028,E18 Bridge
HF,53760.0,16.079676970156395,135.5015,135.5065,45234.0,59442.0,Echolocation,Pipistrellus pipistrellus,0.436,0.6,-1,192000.0,/mnt/ubna_data_07/recover-20260219/UBNA_028/20260213_032000.WAV,recover-20260219,UBNA_028,E18 Bridge
HF,45120.0,2.6393820588248977,135.6185,135.6224,38359.0,55944.0,Echolocation,Myotis daubentonii,0.229,0.311,-1,192000.0,/mnt/ubna_data_07/recover-20260219/UBNA_028/20260213_032000.WAV,recover-20260219,UBNA_028,E18 Bridge
HF,47040.0,16.266238116486893,135.8705,135.875,46093.0,56390.0,Echolocation,Pipistrellus pipistrellus,0.549,0.576,-1,192000.0,/mnt/ubna_data_07/recover-20260219/UBNA_028/20260213_032000.WAV,recover-20260219,UBNA_028,E18 Bridge
HF,48000.0,12.07816113379312,136.0115,136.0163,46093.0,57278.0,Echolocation,Pipistrellus pipistrellus,0.571,0.657,-1,192000.0,/mnt/ubna_data_07/recover-20260219/UBNA_028/20260213_032000.WAV,recover-20260219,UBNA_028,E18 Bridge
HF,47040.0,5.354634466981406,136.0895,136.0947,46093.0,54409.0,Echolocation,Pipistrellus pipistrellus,0.474,0.493,-1,192000.0,/mnt/ubna_data_07/recover-20260219/UBNA_028/20260213_032000.WAV,recover-20260219,UBNA_028,E18 Bridge
HF,45120.0,8.290639220646428,136.1255,136.1297,37500.0,57589.0,Echolocation,Myotis daubentonii,0.383,0.498,-1,192000.0,/mnt/ubna_data_07/recover-20260219/UBNA_028/20260213_032000.WAV,recover-20260219,UBNA_028,E18 Bridge
HF,48000.0,14.267284671979162,136.1885,136.1938,39218.0,57998.0,Echolocation,Myotis daubentonii,0.255,0.371,-1,192000.0,/mnt/ubna_data_07/recover-20260219/UBNA_028/20260213_032000.WAV,recover-20260219,UBNA_028,E18 Bridge
HF,45120.0,4.339297789128346,136.4985,136.5025,38359.0,59204.0,Echolocation,Myotis daubentonii,0.286,0.366,-1,192000.0,/mnt/ubna_data_07/recover-20260219/UBNA_028/20260213_032000.WAV,recover-20260219,UBNA_028,E18 Bridge
HF,46080.0,5.7947930536315955,136.5495,136.5559,43515.0,53610.0,Echolocation,Pipistrellus pipistrellus,0.317,0.428,-1,192000.0,/mnt/ubna_data_07/recover-20260219/UBNA_028/20260213_032000.WAV,recover-20260219,UBNA_028,E18 Bridge
HF,45120.0,3.522309992176029,136.65449999999998,136.65879999999999,39218.0,59204.0,Echolocation,Myotis daubentonii,0.327,0.487,-1,192000.0,/mnt/ubna_data_07/recover-20260219/UBNA_028/20260213_032000.WAV,recover-20260219,UBNA_028,E18 Bridge
HF,45120.0,7.908436791565732,137.0635,137.06810000000002,39218.0,57085.0,Echolocation,Myotis daubentonii,0.306,0.406,-1,192000.0,/mnt/ubna_data_07/recover-20260219/UBNA_028/20260213_032000.WAV,recover-20260219,UBNA_028,E18 Bridge
HF,48000.0,13.496670144064938,137.2295,137.2345,36640.0,63540.0,Echolocation,Myotis daubentonii,0.403,0.505,-1,192000.0,/mnt/ubna_data_07/recover-20260219/UBNA_028/20260213_032000.WAV,recover-20260219,UBNA_028,E18 Bridge
HF,48000.0,16.8567025485497,137.3145,137.3203,37500.0,64285.0,Echolocation,Myotis daubentonii,0.406,0.519,-1,192000.0,/mnt/ubna_data_07/recover-20260219/UBNA_028/20260213_032000.WAV,recover-20260219,UBNA_028,E18 Bridge
HF,45120.0,16.832035526405825,137.39249999999998,137.3986,37500.0,67259.0,Echolocation,Myotis daubentonii,0.45,0.521,-1,192000.0,/mnt/ubna_data_07/recover-20260219/UBNA_028/20260213_032000.WAV,recover-20260219,UBNA_028,E18 Bridge
HF,46080.0,6.998921473012842,137.4475,137.4535,45234.0,52001.0,Echolocation,Pipistrellus pipistrellus,0.406,0.436,-1,192000.0,/mnt/ubna_data_07/recover-20260219/UBNA_028/20260213_032000.WAV,recover-20260219,UBNA_028,E18 Bridge
HF,45120.0,22.110213019803293,137.55349999999999,137.5593,34921.0,74507.0,Echolocation,Myotis daubentonii,0.351,0.474,-1,192000.0,/mnt/ubna_data_07/recover-20260219/UBNA_028/20260213_032000.WAV,recover-20260219,UBNA_028,E18 Bridge
HF,48960.0,15.331618053990812,137.6305,137.6355,35781.0,68398.0,Echolocation,Myotis daubentonii,0.393,0.519,-1,192000.0,/mnt/ubna_data_07/recover-20260219/UBNA_028/20260213_032000.WAV,recover-20260219,UBNA_028,E18 Bridge
HF,46080.0,-6.318598359510067,137.7035,137.7094,45234.0,54359.0,Echolocation,Pipistrellus pipistrellus,0.309,0.318,-1,192000.0,/mnt/ubna_data_07/recover-20260219/UBNA_028/20260213_032000.WAV,recover-20260219,UBNA_028,E18 Bridge
HF,45120.0,15.87797934981332,137.7505,137.7553,39218.0,66648.0,Echolocation,Myotis daubentonii,0.344,0.439,-1,192000.0,/mnt/ubna_data_07/recover-20260219/UBNA_028/20260213_032000.WAV,recover-20260219,UBNA_028,E18 Bridge
HF,47040.0,7.819982904882465,137.7935,137.8013,46093.0,52185.0,Echolocation,Pipistrellus pipistrellus,0.43,0.459,-1,192000.0,/mnt/ubna_data_07/recover-20260219/UBNA_028/20260213_032000.WAV,recover-20260219,UBNA_028,E18 Bridge
HF,45120.0,17.38492279243983,137.8195,137.8245,37500.0,70343.0,Echolocation,Myotis daubentonii,0.356,0.499,-1,192000.0,/mnt/ubna_data_07/recover-20260219/UBNA_028/20260213_032000.WAV,recover-20260219,UBNA_028,E18 Bridge
HF,47040.0,7.874834510444339,137.8815,137.8877,46953.0,56660.0,Echolocation,Pipistrellus pipistrellus,0.552,0.597,-1,192000.0,/mnt/ubna_data_07/recover-20260219/UBNA_028/20260213_032000.WAV,recover-20260219,UBNA_028,E18 Bridge
HF,45120.0,21.01457720957436,137.9185,137.9243,38359.0,66185.0,Echolocation,Myotis daubentonii,0.423,0.509,-1,192000.0,/mnt/ubna_data_07/recover-20260219/UBNA_028/20260213_032000.WAV,recover-20260219,UBNA_028,E18 Bridge
HF,48000.0,6.541512661563069,137.9715,137.97899999999998,46093.0,57523.0,Echolocation,Pipistrellus pipistrellus,0.289,0.352,-1,192000.0,/mnt/ubna_data_07/recover-20260219/UBNA_028/20260213_032000.WAV,recover-20260219,UBNA_028,E18 Bridge
HF,45120.0,24.357158007273934,138.0895,138.0954,35781.0,79330.0,Echolocation,Myotis daubentonii,0.365,0.453,-1,192000.0,/mnt/ubna_data_07/recover-20260219/UBNA_028/20260213_032000.WAV,recover-20260219,UBNA_028,E18 Bridge
HF,48000.0,8.342263819531215,138.1705,138.1751,46093.0,61653.0,Echolocation,Pipistrellus pipistrellus,0.435,0.493,-1,192000.0,/mnt/ubna_data_07/recover-20260219/UBNA_028/20260213_032000.WAV,recover-20260219,UBNA_028,E18 Bridge
HF,48960.0,5.122633315650979,138.2485,138.2546,47812.0,55950.0,Echolocation,Pipistrellus pipistrellus,0.453,0.482,-1,192000.0,/mnt/ubna_data_07/recover-20260219/UBNA_028/20260213_032000.WAV,recover-20260219,UBNA_028,E18 Bridge
HF,48000.0,21.436368045052525,138.2595,138.2654,38359.0,74804.0,Echolocation,Myotis daubentonii,0.407,0.495,-1,192000.0,/mnt/ubna_data_07/recover-20260219/UBNA_028/20260213_032000.WAV,recover-20260219,UBNA_028,E18 Bridge
HF,45120.0,20.18979548564446,138.3135,138.32,40078.0,69922.0,Echolocation,Myotis daubentonii,0.47,0.553,-1,192000.0,/mnt/ubna_data_07/recover-20260219/UBNA_028/20260213_032000.WAV,recover-20260219,UBNA_028,E18 Bridge
HF,48000.0,19.451583376598936,138.3615,138.3675,38359.0,74490.0,Echolocation,Myotis daubentonii,0.417,0.512,-1,192000.0,/mnt/ubna_data_07/recover-20260219/UBNA_028/20260213_032000.WAV,recover-20260219,UBNA_028,E18 Bridge
HF,48000.0,22.582409946399416,138.4425,138.4494,38359.0,80481.0,Echolocation,Myotis daubentonii,0.322,0.413,-1,192000.0,/mnt/ubna_data_07/recover-20260219/UBNA_028/20260213_032000.WAV,recover-20260219,UBNA_028,E18 Bridge
HF,48960.0,25.942061374414195,138.5225,138.5288,34921.0,78882.0,Echolocation,Myotis daubentonii,0.309,0.437,-1,192000.0,/mnt/ubna_data_07/recover-20260219/UBNA_028/20260213_032000.WAV,recover-20260219,UBNA_028,E18 Bridge
HF,48000.0,29.174124765706605,138.5855,138.5918,32343.0,84617.0,Echolocation,Myotis daubentonii,0.338,0.424,-1,192000.0,/mnt/ubna_data_07/recover-20260219/UBNA_028/20260213_032000.WAV,recover-20260219,UBNA_028,E18 Bridge
HF,48000.0,21.143633672048804,138.6305,138.6363,34921.0,78432.0,Echolocation,Myotis daubentonii,0.382,0.527,-1,192000.0,/mnt/ubna_data_07/recover-20260219/UBNA_028/20260213_032000.WAV,recover-20260219,UBNA_028,E18 Bridge
HF,48000.0,19.274938346287485,138.7105,138.71620000000001,37500.0,70205.0,Echolocation,Myotis daubentonii,0.475,0.556,-1,192000.0,/mnt/ubna_data_07/recover-20260219/UBNA_028/20260213_032000.WAV,recover-20260219,UBNA_028,E18 Bridge
HF,47040.0,6.185361172538379,138.8065,138.8108,45234.0,58837.0,Echolocation,Pipistrellus pipistrellus,0.459,0.542,-1,192000.0,/mnt/ubna_data_07/recover-20260219/UBNA_028/20260213_032000.WAV,recover-20260219,UBNA_028,E18 Bridge
HF,47040.0,13.826645670488674,138.8675,138.8728,38359.0,60973.0,Echolocation,Myotis daubentonii,0.387,0.514,-1,192000.0,/mnt/ubna_data_07/recover-20260219/UBNA_028/20260213_032000.WAV,recover-20260219,UBNA_028,E18 Bridge
HF,48000.0,6.932359987372903,138.8955,138.9004,46093.0,57410.0,Echolocation,Pipistrellus pipistrellus,0.574,0.589,-1,192000.0,/mnt/ubna_data_07/recover-20260219/UBNA_028/20260213_032000.WAV,recover-20260219,UBNA_028,E18 Bridge
HF,47040.0,13.79016732736941,138.9565,138.9617,39218.0,60283.0,Echolocation,Myotis daubentonii,0.383,0.54,-1,192000.0,/mnt/ubna_data_07/recover-20260219/UBNA_028/20260213_032000.WAV,recover-20260219,UBNA_028,E18 Bridge
HF,48000.0,10.952146929368784,138.9845,138.9897,46093.0,60119.0,Echolocation,Pipistrellus pipistrellus,0.559,0.631,-1,192000.0,/mnt/ubna_data_07/recover-20260219/UBNA_028/20260213_032000.WAV,recover-20260219,UBNA_028,E18 Bridge
HF,45120.0,13.21341255774082,139.0445,139.0501,39218.0,55258.0,Echolocation,Myotis daubentonii,0.224,0.354,-1,192000.0,/mnt/ubna_data_07/recover-20260219/UBNA_028/20260213_032000.WAV,recover-20260219,UBNA_028,E18 Bridge
HF,47040.0,10.401314454816266,139.0765,139.0812,46093.0,61305.0,Echolocation,Pipistrellus pipistrellus,0.572,0.619,-1,192000.0,/mnt/ubna_data_07/recover-20260219/UBNA_028/20260213_032000.WAV,recover-20260219,UBNA_028,E18 Bridge
HF,47040.0,11.889693486164251,139.1635,139.1688,46093.0,58329.0,Echolocation,Pipistrellus pipistrellus,0.549,0.617,-1,192000.0,/mnt/ubna_data_07/recover-20260219/UBNA_028/20260213_032000.WAV,recover-20260219,UBNA_028,E18 Bridge
HF,47040.0,15.078068288327515,139.2495,139.2543,46093.0,61108.0,Echolocation,Pipistrellus pipistrellus,0.562,0.576,-1,192000.0,/mnt/ubna_data_07/recover-20260219/UBNA_028/20260213_032000.WAV,recover-20260219,UBNA_028,E18 Bridge
HF,45120.0,8.822634012907887,139.3045,139.3097,40937.0,62736.0,Echolocation,Myotis daubentonii,0.316,0.429,-1,192000.0,/mnt/ubna_data_07/recover-20260219/UBNA_028/20260213_032000.WAV,recover-20260219,UBNA_028,E18 Bridge
HF,46080.0,3.931531403873343,139.4225,139.4295,46093.0,55287.0,Echolocation,Pipistrellus pipistrellus,0.41,0.419,-1,192000.0,/mnt/ubna_data_07/recover-20260219/UBNA_028/20260213_032000.WAV,recover-20260219,UBNA_028,E18 Bridge
HF,46080.0,3.450279810371684,139.5935,139.6012,44375.0,56310.0,Echolocation,Pipistrellus pipistrellus,0.274,0.342,-1,192000.0,/mnt/ubna_data_07/recover-20260219/UBNA_028/20260213_032000.WAV,recover-20260219,UBNA_028,E18 Bridge
HF,47040.0,5.536273671737194,139.7615,139.769,46093.0,59919.0,Echolocation,Pipistrellus pipistrellus,0.335,0.405,-1,192000.0,/mnt/ubna_data_07/recover-20260219/UBNA_028/20260213_032000.WAV,recover-20260219,UBNA_028,E18 Bridge
HF,46080.0,5.364692568597171,139.8415,139.8498,45234.0,53330.0,Echolocation,Pipistrellus pipistrellus,0.555,0.591,-1,192000.0,/mnt/ubna_data_07/recover-20260219/UBNA_028/20260213_032000.WAV,recover-20260219,UBNA_028,E18 Bridge
HF,47040.0,12.531880605407334,139.9275,139.9322,45234.0,54343.0,Echolocation,Pipistrellus pipistrellus,0.568,0.58,-1,192000.0,/mnt/ubna_data_07/recover-20260219/UBNA_028/20260213_032000.WAV,recover-20260219,UBNA_028,E18 Bridge
HF,46080.0,12.176935300192689,140.0135,140.019,44375.0,57037.0,Echolocation,Pipistrellus pipistrellus,0.653,0.673,-1,192000.0,/mnt/ubna_data_07/recover-20260219/UBNA_028/20260213_032000.WAV,recover-20260219,UBNA_028,E18 Bridge
HF,48000.0,11.931731735067373,140.0905,140.0956,43515.0,66629.0,Echolocation,Pipistrellus pipistrellus,0.247,0.362,-1,192000.0,/mnt/ubna_data_07/recover-20260219/UBNA_028/20260213_032000.WAV,recover-20260219,UBNA_028,E18 Bridge
HF,47040.0,10.311586813202364,140.1775,140.1833,44375.0,56062.0,Echolocation,Pipistrellus pipistrellus,0.381,0.434,-1,192000.0,/mnt/ubna_data_07/recover-20260219/UBNA_028/20260213_032000.WAV,recover-20260219,UBNA_028,E18 Bridge
HF,46080.0,12.852142893314419,140.2655,140.2712,43515.0,69409.0,Echolocation,Pipistrellus pipistrellus,0.567,0.658,-1,192000.0,/mnt/ubna_data_07/recover-20260219/UBNA_028/20260213_032000.WAV,recover-20260219,UBNA_028,E18 Bridge
HF,46080.0,8.407597975431152,140.3505,140.3561,44375.0,56293.0,Echolocation,Pipistrellus pipistrellus,0.477,0.53,-1,192000.0,/mnt/ubna_data_07/recover-20260219/UBNA_028/20260213_032000.WAV,recover-20260219,UBNA_028,E18 Bridge
HF,47040.0,16.753396485902158,140.4375,140.4421,44375.0,63976.0,Echolocation,Pipistrellus pipistrellus,0.617,0.66,-1,192000.0,/mnt/ubna_data_07/recover-20260219/UBNA_028/20260213_032000.WAV,recover-20260219,UBNA_028,E18 Bridge
HF,47040.0,13.34280301092103,140.5215,140.5266,46093.0,58204.0,Echolocation,Pipistrellus pipistrellus,0.589,0.62,-1,192000.0,/mnt/ubna_data_07/recover-20260219/UBNA_028/20260213_032000.WAV,recover-20260219,UBNA_028,E18 Bridge
HF,47040.0,12.577468270698889,140.6105,140.6158,43515.0,64520.0,Echolocation,Pipistrellus pipistrellus,0.211,0.338,-1,192000.0,/mnt/ubna_data_07/recover-20260219/UBNA_028/20260213_032000.WAV,recover-20260219,UBNA_028,E18 Bridge
HF,48000.0,13.842606309467806,140.6955,140.7006,46953.0,61553.0,Echolocation,Pipistrellus pipistrellus,0.632,0.663,-1,192000.0,/mnt/ubna_data_07/recover-20260219/UBNA_028/20260213_032000.WAV,recover-20260219,UBNA_028,E18 Bridge
HF,48000.0,11.944695393449214,140.7825,140.7888,45234.0,67306.0,Echolocation,Pipistrellus pipistrellus,0.431,0.53,-1,192000.0,/mnt/ubna_data_07/recover-20260219/UBNA_028/20260213_032000.WAV,recover-20260219,UBNA_028,E18 Bridge
HF,48000.0,11.276335508194158,140.8705,140.8766,46093.0,60053.0,Echolocation,Pipistrellus pipistrellus,0.438,0.488,-1,192000.0,/mnt/ubna_data_07/recover-20260219/UBNA_028/20260213_032000.WAV,recover-20260219,UBNA_028,E18 Bridge
HF,47040.0,13.317351305898695,140.9565,140.9627,45234.0,75690.0,Echolocation,Pipistrellus pipistrellus,0.473,0.579,-1,192000.0,/mnt/ubna_data_07/recover-20260219/UBNA_028/20260213_032000.WAV,recover-20260219,UBNA_028,E18 Bridge
HF,48960.0,8.039157982465843,141.0395,141.04500000000002,46953.0,61067.0,Echolocation,Pipistrellus pipistrellus,0.362,0.39,-1,192000.0,/mnt/ubna_data_07/recover-20260219/UBNA_028/20260213_032000.WAV,recover-20260219,UBNA_028,E18 Bridge
HF,48960.0,16.255316273887217,141.1245,141.1309,46953.0,71658.0,Echolocation,Pipistrellus pipistrellus,0.631,0.709,-1,192000.0,/mnt/ubna_data_07/recover-20260219/UBNA_028/20260213_032000.WAV,recover-20260219,UBNA_028,E18 Bridge
HF,48960.0,14.468005121706478,141.2075,141.2127,46953.0,62074.0,Echolocation,Pipistrellus pipistrellus,0.491,0.505,-1,192000.0,/mnt/ubna_data_07/recover-20260219/UBNA_028/20260213_032000.WAV,recover-20260219,UBNA_028,E18 Bridge
HF,48000.0,16.34813969062103,141.2935,141.2991,41796.0,83255.0,Echolocation,Myotis alcathoe,0.259,0.438,-1,192000.0,/mnt/ubna_data_07/recover-20260219/UBNA_028/20260213_032000.WAV,recover-20260219,UBNA_028,E18 Bridge
HF,48000.0,20.639315264727106,141.3795,141.385,42656.0,75740.0,Echolocation,Myotis alcathoe,0.253,0.41,-1,192000.0,/mnt/ubna_data_07/recover-20260219/UBNA_028/20260213_032000.WAV,recover-20260219,UBNA_028,E18 Bridge
HF,47040.0,24.38822480823148,141.4715,141.4776,41796.0,83279.0,Echolocation,Pipistrellus pipistrellus,0.246,0.519,-1,192000.0,/mnt/ubna_data_07/recover-20260219/UBNA_028/20260213_032000.WAV,recover-20260219,UBNA_028,E18 Bridge
HF,48000.0,25.646366049988334,141.5435,141.5485,42656.0,74942.0,Echolocation,Pipistrellus pipistrellus,0.32,0.469,-1,192000.0,/mnt/ubna_data_07/recover-20260219/UBNA_028/20260213_032000.WAV,recover-20260219,UBNA_028,E18 Bridge
HF,48000.0,20.75280684199803,141.6345,141.6402,43515.0,80348.0,Echolocation,Pipistrellus pipistrellus,0.368,0.515,-1,192000.0,/mnt/ubna_data_07/recover-20260219/UBNA_028/20260213_032000.WAV,recover-20260219,UBNA_028,E18 Bridge
HF,48000.0,25.005641862462674,141.7235,141.7293,44375.0,78355.0,Echolocation,Pipistrellus pipistrellus,0.53,0.607,-1,192000.0,/mnt/ubna_data_07/recover-20260219/UBNA_028/20260213_032000.WAV,recover-20260219,UBNA_028,E18 Bridge
HF,48000.0,26.48528068046064,141.8195,141.8245,45234.0,73300.0,Echolocation,Pipistrellus pipistrellus,0.506,0.544,-1,192000.0,/mnt/ubna_data_07/recover-20260219/UBNA_028/20260213_032000.WAV,recover-20260219,UBNA_028,E18 Bridge
HF,47040.0,22.13645399009345,141.8975,141.9026,43515.0,73696.0,Echolocation,Pipistrellus pipistrellus,0.499,0.548,-1,192000.0,/mnt/ubna_data_07/recover-20260219/UBNA_028/20260213_032000.WAV,recover-20260219,UBNA_028,E18 Bridge
HF,47040.0,21.11495150533053,141.9595,141.9644,45234.0,75954.0,Echolocation,Pipistrellus pipistrellus,0.449,0.512,-1,192000.0,/mnt/ubna_data_07/recover-20260219/UBNA_028/20260213_032000.WAV,recover-20260219,UBNA_028,E18 Bridge
HF,48000.0,26.251950289377017,142.0185,142.0221,45234.0,65983.0,Echolocation,Pipistrellus pipistrellus,0.218,0.58,-1,192000.0,/mnt/ubna_data_07/recover-20260219/UBNA_028/20260213_032000.WAV,recover-20260219,UBNA_028,E18 Bridge
HF,48960.0,22.400629337520527,142.1085,142.113,45234.0,75509.0,Echolocation,Pipistrellus pipistrellus,0.326,0.475,-1,192000.0,/mnt/ubna_data_07/recover-20260219/UBNA_028/20260213_032000.WAV,recover-20260219,UBNA_028,E18 Bridge
HF,52800.0,23.199342933293224,142.1905,142.19389999999999,46953.0,56601.0,Echolocation,Pipistrellus pipistrellus,0.31,0.415,-1,192000.0,/mnt/ubna_data_07/recover-20260219/UBNA_028/20260213_032000.WAV,recover-20260219,UBNA_028,E18 Bridge
HF,48960.0,27.359400798624925,142.2785,142.2827,43515.0,78141.0,Echolocation,Myotis alcathoe,0.225,0.425,-1,192000.0,/mnt/ubna_data_07/recover-20260219/UBNA_028/20260213_032000.WAV,recover-20260219,UBNA_028,E18 Bridge
HF,52800.0,24.335656048286193,142.3395,142.3441,41796.0,78198.0,Echolocation,Myotis alcathoe,0.185,0.505,-1,192000.0,/mnt/ubna_data_07/recover-20260219/UBNA_028/20260213_032000.WAV,recover-20260219,UBNA_028,E18 Bridge
HF,48000.0,29.123957017768525,142.4145,142.4201,40937.0,85455.0,Echolocation,Myotis alcathoe,0.306,0.539,-1,192000.0,/mnt/ubna_data_07/recover-20260219/UBNA_028/20260213_032000.WAV,recover-20260219,UBNA_028,E18 Bridge
HF,51840.0,35.91854824777293,142.4795,142.4845,40078.0,85459.0,Echolocation,Myotis alcathoe,0.266,0.531,-1,192000.0,/mnt/ubna_data_07/recover-20260219/UBNA_028/20260213_032000.WAV,recover-20260219,UBNA_028,E18 Bridge
HF,48960.0,27.180184391168424,142.5445,142.5481,43515.0,67360.0,Echolocation,Myotis alcathoe,0.183,0.447,-1,192000.0,/mnt/ubna_data_07/recover-20260219/UBNA_028/20260213_032000.WAV,recover-20260219,UBNA_028,E18 Bridge
HF,49920.0,33.285203249735986,142.6105,142.6153,40078.0,80003.0,Echolocation,Myotis alcathoe,0.198,0.5,-1,192000.0,/mnt/ubna_data_07/recover-20260219/UBNA_028/20260213_032000.WAV,recover-20260219,UBNA_028,E18 Bridge
HF,51840.0,28.62181810517349,142.6805,142.6843,40937.0,72415.0,Echolocation,Myotis alcathoe,0.214,0.583,-1,192000.0,/mnt/ubna_data_07/recover-20260219/UBNA_028/20260213_032000.WAV,recover-20260219,UBNA_028,E18 Bridge
HF,48000.0,18.475488672731018,142.7305,142.7347,43515.0,68747.0,Echolocation,Myotis mystacinus,0.186,0.626,-1,192000.0,/mnt/ubna_data_07/recover-20260219/UBNA_028/20260213_032000.WAV,recover-20260219,UBNA_028,E18 Bridge
HF,51840.0,18.824816435737084,142.8075,142.81040000000002,44375.0,67412.0,Echolocation,Myotis mystacinus,0.208,0.616,-1,192000.0,/mnt/ubna_data_07/recover-20260219/UBNA_028/20260213_032000.WAV,recover-20260219,UBNA_028,E18 Bridge
HF,51840.0,18.10654949438365,142.8685,142.872,45234.0,65139.0,Echolocation,Myotis mystacinus,0.178,0.571,-1,192000.0,/mnt/ubna_data_07/recover-20260219/UBNA_028/20260213_032000.WAV,recover-20260219,UBNA_028,E18 Bridge
HF,51840.0,17.952027140649026,142.9505,142.9534,46953.0,61750.0,Echolocation,Myotis alcathoe,0.255,0.582,-1,192000.0,/mnt/ubna_data_07/recover-20260219/UBNA_028/20260213_032000.WAV,recover-20260219,UBNA_028,E18 Bridge
HF,54720.0,9.38382193722311,143.0085,143.012,48671.0,58917.0,Echolocation,Pipistrellus pipistrellus,0.128,0.466,-1,192000.0,/mnt/ubna_data_07/recover-20260219/UBNA_028/20260213_032000.WAV,recover-20260219,UBNA_028,E18 Bridge
HF,54720.0,24.837723947753545,143.1115,143.11430000000001,42656.0,66910.0,Echolocation,Myotis alcathoe,0.211,0.44,-1,192000.0,/mnt/ubna_data_07/recover-20260219/UBNA_028/20260213_032000.WAV,recover-20260219,UBNA_028,E18 Bridge
HF,48000.0,16.31302646284493,143.2765,143.2804,42656.0,65939.0,Echolocation,Myotis mystacinus,0.172,0.437,-1,192000.0,/mnt/ubna_data_07/recover-20260219/UBNA_028/20260213_032000.WAV,recover-20260219,UBNA_028,E18 Bridge
HF,51840.0,9.570367238825426,143.4095,143.4129,45234.0,54915.0,Echolocation,Myotis mystacinus,0.149,0.424,-1,192000.0,/mnt/ubna_data_07/recover-20260219/UBNA_028/20260213_032000.WAV,recover-20260219,UBNA_028,E18 Bridge
HF,48000.0,5.5786435351924455,143.4895,143.4954,48671.0,54014.0,Echolocation,Pipistrellus pipistrellus,0.421,0.444,-1,192000.0,/mnt/ubna_data_07/recover-20260219/UBNA_028/20260213_032000.WAV,recover-20260219,UBNA_028,E18 Bridge
HF,51840.0,10.743896823267988,143.5725,143.5786,45234.0,56766.0,Echolocation,Pipistrellus pipistrellus,0.144,0.347,-1,192000.0,/mnt/ubna_data_07/recover-20260219/UBNA_028/20260213_032000.WAV,recover-20260219,UBNA_028,E18 Bridge
HF,47040.0,8.262937537759168,143.6645,143.6704,46093.0,53876.0,Echolocation,Pipistrellus pipistrellus,0.489,0.597,-1,192000.0,/mnt/ubna_data_07/recover-20260219/UBNA_028/20260213_032000.WAV,recover-20260219,UBNA_028,E18 Bridge
HF,47040.0,6.259410136950557,143.9185,143.922,44375.0,57012.0,Echolocation,Myotis mystacinus,0.081,0.334,-1,192000.0,/mnt/ubna_data_07/recover-20260219/UBNA_028/20260213_032000.WAV,recover-20260219,UBNA_028,E18 Bridge
HF,47040.0,10.480901533202047,144.3655,144.3715,45234.0,57525.0,Echolocation,Pipistrellus pipistrellus,0.446,0.579,-1,192000.0,/mnt/ubna_data_07/recover-20260219/UBNA_028/20260213_032000.WAV,recover-20260219,UBNA_028,E18 Bridge
HF,47040.0,8.200215703789958,144.5425,144.5498,44375.0,56570.0,Echolocation,Pipistrellus pipistrellus,0.401,0.549,-1,192000.0,/mnt/ubna_data_07/recover-20260219/UBNA_028/20260213_032000.WAV,recover-20260219,UBNA_028,E18 Bridge
HF,46080.0,6.1673427713331765,144.7215,144.7368,44375.0,49708.0,Echolocation,Pipistrellus pipistrellus,0.353,0.403,-1,192000.0,/mnt/ubna_data_07/recover-20260219/UBNA_028/20260213_032000.WAV,recover-20260219,UBNA_028,E18 Bridge
HF,48000.0,4.045124109117847,75.9015,75.90690000000001,46953.0,53772.0,Echolocation,Pipistrellus pipistrellus,0.302,0.312,-1,192000.0,/mnt/ubna_data_07/recover-20260219/UBNA_028/20260213_033000.WAV,recover-20260219,UBNA_028,E18 Bridge
HF,48960.0,2.7147072347257426,76.07849999999999,76.0839,47812.0,56801.0,Echolocation,Pipistrellus pipistrellus,0.313,0.323,-1,192000.0,/mnt/ubna_data_07/recover-20260219/UBNA_028/20260213_033000.WAV,recover-20260219,UBNA_028,E18 Bridge
HF,46080.0,11.164544579834317,76.2635,76.2685,45234.0,59954.0,Echolocation,Pipistrellus pipistrellus,0.627,0.695,-1,192000.0,/mnt/ubna_data_07/recover-20260219/UBNA_028/20260213_033000.WAV,recover-20260219,UBNA_028,E18 Bridge
HF,46080.0,9.339833656554225,76.3535,76.3587,45234.0,58254.0,Echolocation,Pipistrellus pipistrellus,0.601,0.63,-1,192000.0,/mnt/ubna_data_07/recover-20260219/UBNA_028/20260213_033000.WAV,recover-20260219,UBNA_028,E18 Bridge
HF,47040.0,16.227723805618595,76.4445,76.45,45234.0,59755.0,Echolocation,Pipistrellus pipistrellus,0.518,0.595,-1,192000.0,/mnt/ubna_data_07/recover-20260219/UBNA_028/20260213_033000.WAV,recover-20260219,UBNA_028,E18 Bridge
HF,46080.0,10.89000570580592,76.5435,76.5484,45234.0,57478.0,Echolocation,Pipistrellus pipistrellus,0.555,0.58,-1,192000.0,/mnt/ubna_data_07/recover-20260219/UBNA_028/20260213_033000.WAV,recover-20260219,UBNA_028,E18 Bridge
HF,46080.0,10.085589494705335,76.62950000000001,76.6351,44375.0,57416.0,Echolocation,Pipistrellus pipistrellus,0.493,0.55,-1,192000.0,/mnt/ubna_data_07/recover-20260219/UBNA_028/20260213_033000.WAV,recover-20260219,UBNA_028,E18 Bridge
HF,47040.0,22.486332097629965,76.7175,76.7233,44375.0,58274.0,Echolocation,Pipistrellus pipistrellus,0.503,0.546,-1,192000.0,/mnt/ubna_data_07/recover-20260219/UBNA_028/20260213_033000.WAV,recover-20260219,UBNA_028,E18 Bridge
HF,46080.0,14.941769129547641,76.8085,76.8139,45234.0,59881.0,Echolocation,Pipistrellus pipistrellus,0.548,0.627,-1,192000.0,/mnt/ubna_data_07/recover-20260219/UBNA_028/20260213_033000.WAV,recover-20260219,UBNA_028,E18 Bridge
HF,48000.0,15.430220787874546,76.8835,76.8884,46093.0,60743.0,Echolocation,Pipistrellus pipistrellus,0.49,0.542,-1,192000.0,/mnt/ubna_data_07/recover-20260219/UBNA_028/20260213_033000.WAV,recover-20260219,UBNA_028,E18 Bridge
HF,46080.0,17.359709126436332,77.0015,77.0065,44375.0,57939.0,Echolocation,Pipistrellus pipistrellus,0.609,0.641,-1,192000.0,/mnt/ubna_data_07/recover-20260219/UBNA_028/20260213_033000.WAV,recover-20260219,UBNA_028,E18 Bridge
HF,46080.0,16.001138479926148,77.09049999999999,77.0957,45234.0,57030.0,Echolocation,Pipistrellus pipistrellus,0.558,0.582,-1,192000.0,/mnt/ubna_data_07/recover-20260219/UBNA_028/20260213_033000.WAV,recover-20260219,UBNA_028,E18 Bridge
HF,46080.0,20.977822102626902,77.1805,77.1871,44375.0,58445.0,Echolocation,Pipistrellus pipistrellus,0.48,0.632,-1,192000.0,/mnt/ubna_data_07/recover-20260219/UBNA_028/20260213_033000.WAV,recover-20260219,UBNA_028,E18 Bridge
HF,47040.0,17.534699989634554,77.2755,77.2807,45234.0,58829.0,Echolocation,Pipistrellus pipistrellus,0.542,0.572,-1,192000.0,/mnt/ubna_data_07/recover-20260219/UBNA_028/20260213_033000.WAV,recover-20260219,UBNA_028,E18 Bridge
HF,46080.0,18.922255269163358,77.3625,77.368,44375.0,59309.0,Echolocation,Pipistrellus pipistrellus,0.53,0.61,-1,192000.0,/mnt/ubna_data_07/recover-20260219/UBNA_028/20260213_033000.WAV,recover-20260219,UBNA_028,E18 Bridge
HF,47040.0,15.858760432340508,77.4505,77.4558,46093.0,58069.0,Echolocation,Pipistrellus pipistrellus,0.572,0.589,-1,192000.0,/mnt/ubna_data_07/recover-20260219/UBNA_028/20260213_033000.WAV,recover-20260219,UBNA_028,E18 Bridge
HF,48000.0,13.183018439717479,77.5415,77.5466,45234.0,58247.0,Echolocation,Pipistrellus pipistrellus,0.53,0.581,-1,192000.0,/mnt/ubna_data_07/recover-20260219/UBNA_028/20260213_033000.WAV,recover-20260219,UBNA_028,E18 Bridge
HF,52800.0,15.045042129790138,77.6325,77.6374,46093.0,60278.0,Echolocation,Pipistrellus pipistrellus,0.59,0.634,-1,192000.0,/mnt/ubna_data_07/recover-20260219/UBNA_028/20260213_033000.WAV,recover-20260219,UBNA_028,E18 Bridge
HF,46080.0,10.130070833561739,77.72149999999999,77.7267,46093.0,59657.0,Echolocation,Pipistrellus pipistrellus,0.625,0.654,-1,192000.0,/mnt/ubna_data_07/recover-20260219/UBNA_028/20260213_033000.WAV,recover-20260219,UBNA_028,E18 Bridge
HF,48000.0,15.047937005763448,77.8085,77.8144,46953.0,59778.0,Echolocation,Pipistrellus pipistrellus,0.508,0.549,-1,192000.0,/mnt/ubna_data_07/recover-20260219/UBNA_028/20260213_033000.WAV,recover-20260219,UBNA_028,E18 Bridge
HF,48000.0,13.012947984074415,77.8925,77.8974,45234.0,59574.0,Echolocation,Pipistrellus pipistrellus,0.482,0.511,-1,192000.0,/mnt/ubna_data_07/recover-20260219/UBNA_028/20260213_033000.WAV,recover-20260219,UBNA_028,E18 Bridge
HF,47040.0,17.33788453719701,78.0425,78.0469,46093.0,62802.0,Echolocation,Pipistrellus pipistrellus,0.559,0.606,-1,192000.0,/mnt/ubna_data_07/recover-20260219/UBNA_028/20260213_033000.WAV,recover-20260219,UBNA_028,E18 Bridge
HF,46080.0,15.068712380030831,78.1285,78.1334,44375.0,66404.0,Echolocation,Pipistrellus pipistrellus,0.426,0.514,-1,192000.0,/mnt/ubna_data_07/recover-20260219/UBNA_028/20260213_033000.WAV,recover-20260219,UBNA_028,E18 Bridge
HF,48000.0,17.232162337938064,78.21549999999999,78.2202,45234.0,66584.0,Echolocation,Pipistrellus pipistrellus,0.176,0.355,-1,192000.0,/mnt/ubna_data_07/recover-20260219/UBNA_028/20260213_033000.WAV,recover-20260219,UBNA_028,E18 Bridge
HF,48000.0,18.461244280910137,78.3075,78.3124,46093.0,59465.0,Echolocation,Pipistrellus pipistrellus,0.488,0.515,-1,192000.0,/mnt/ubna_data_07/recover-20260219/UBNA_028/20260213_033000.WAV,recover-20260219,UBNA_028,E18 Bridge
HF,48000.0,14.661638841348136,78.3865,78.3911,45234.0,61931.0,Echolocation,Pipistrellus pipistrellus,0.604,0.702,-1,192000.0,/mnt/ubna_data_07/recover-20260219/UBNA_028/20260213_033000.WAV,recover-20260219,UBNA_028,E18 Bridge
HF,48000.0,20.011495688267146,78.47749999999999,78.4819,45234.0,67873.0,Echolocation,Pipistrellus pipistrellus,0.597,0.642,-1,192000.0,/mnt/ubna_data_07/recover-20260219/UBNA_028/20260213_033000.WAV,recover-20260219,UBNA_028,E18 Bridge
HF,50880.0,17.80884985687448,78.5615,78.5661,46093.0,62682.0,Echolocation,Pipistrellus pipistrellus,0.57,0.615,-1,192000.0,/mnt/ubna_data_07/recover-20260219/UBNA_028/20260213_033000.WAV,recover-20260219,UBNA_028,E18 Bridge
HF,48960.0,20.070847748393113,78.6435,78.6486,44375.0,80559.0,Echolocation,Myotis alcathoe,0.28,0.371,-1,192000.0,/mnt/ubna_data_07/recover-20260219/UBNA_028/20260213_033000.WAV,recover-20260219,UBNA_028,E18 Bridge
HF,48960.0,24.341888843387082,78.72749999999999,78.7323,46953.0,74976.0,Echolocation,Pipistrellus pipistrellus,0.385,0.431,-1,192000.0,/mnt/ubna_data_07/recover-20260219/UBNA_028/20260213_033000.WAV,recover-20260219,UBNA_028,E18 Bridge
HF,51840.0,23.300116864014754,78.8085,78.813,45234.0,70154.0,Echolocation,Pipistrellus pipistrellus,0.507,0.554,-1,192000.0,/mnt/ubna_data_07/recover-20260219/UBNA_028/20260213_033000.WAV,recover-20260219,UBNA_028,E18 Bridge
HF,47040.0,23.481995451571755,78.8885,78.89320000000001,44375.0,65880.0,Echolocation,Pipistrellus pipistrellus,0.541,0.617,-1,192000.0,/mnt/ubna_data_07/recover-20260219/UBNA_028/20260213_033000.WAV,recover-20260219,UBNA_028,E18 Bridge
HF,46080.0,35.507020766711705,78.9695,78.9739,44375.0,71355.0,Echolocation,Pipistrellus pipistrellus,0.527,0.559,-1,192000.0,/mnt/ubna_data_07/recover-20260219/UBNA_028/20260213_033000.WAV,recover-20260219,UBNA_028,E18 Bridge
HF,48000.0,30.359945005942976,79.0475,79.0529,42656.0,85373.0,Echolocation,Myotis alcathoe,0.297,0.429,-1,192000.0,/mnt/ubna_data_07/recover-20260219/UBNA_028/20260213_033000.WAV,recover-20260219,UBNA_028,E18 Bridge
HF,47040.0,28.818605356203054,79.1855,79.1899,41796.0,76340.0,Echolocation,Myotis alcathoe,0.217,0.404,-1,192000.0,/mnt/ubna_data_07/recover-20260219/UBNA_028/20260213_033000.WAV,recover-20260219,UBNA_028,E18 Bridge
HF,51840.0,25.97142206274625,79.2675,79.2727,41796.0,80460.0,Echolocation,Myotis alcathoe,0.25,0.375,-1,192000.0,/mnt/ubna_data_07/recover-20260219/UBNA_028/20260213_033000.WAV,recover-20260219,UBNA_028,E18 Bridge
HF,47040.0,35.20919766256899,79.3495,79.3549,41796.0,81117.0,Echolocation,Pipistrellus pipistrellus,0.208,0.316,-1,192000.0,/mnt/ubna_data_07/recover-20260219/UBNA_028/20260213_033000.WAV,recover-20260219,UBNA_028,E18 Bridge
HF,48000.0,33.85890000284625,79.4355,79.4408,40937.0,84672.0,Echolocation,Myotis alcathoe,0.273,0.342,-1,192000.0,/mnt/ubna_data_07/recover-20260219/UBNA_028/20260213_033000.WAV,recover-20260219,UBNA_028,E18 Bridge
HF,47040.0,31.74604645408863,79.51650000000001,79.52199999999999,40937.0,88779.0,Echolocation,Myotis alcathoe,0.376,0.484,-1,192000.0,/mnt/ubna_data_07/recover-20260219/UBNA_028/20260213_033000.WAV,recover-20260219,UBNA_028,E18 Bridge
HF,52800.0,29.200053374590826,79.5975,79.6026,42656.0,90815.0,Echolocation,Myotis alcathoe,0.354,0.479,-1,192000.0,/mnt/ubna_data_07/recover-20260219/UBNA_028/20260213_033000.WAV,recover-20260219,UBNA_028,E18 Bridge
HF,48960.0,30.97924693340502,79.6605,79.6657,41796.0,92559.0,Echolocation,Myotis alcathoe,0.293,0.343,-1,192000.0,/mnt/ubna_data_07/recover-20260219/UBNA_028/20260213_033000.WAV,recover-20260219,UBNA_028,E18 Bridge
HF,46080.0,30.20753571880658,79.73349999999999,79.7386,39218.0,84012.0,Echolocation,Myotis alcathoe,0.288,0.373,-1,192000.0,/mnt/ubna_data_07/recover-20260219/UBNA_028/20260213_033000.WAV,recover-20260219,UBNA_028,E18 Bridge
HF,48960.0,33.21541306550782,79.8035,79.8087,40078.0,91907.0,Echolocation,Myotis alcathoe,0.335,0.413,-1,192000.0,/mnt/ubna_data_07/recover-20260219/UBNA_028/20260213_033000.WAV,recover-20260219,UBNA_028,E18 Bridge
HF,52800.0,34.105492450400035,79.8765,79.8819,40937.0,93545.0,Echolocation,Myotis alcathoe,0.352,0.418,-1,192000.0,/mnt/ubna_data_07/recover-20260219/UBNA_028/20260213_033000.WAV,recover-20260219,UBNA_028,E18 Bridge
HF,52800.0,21.958073697069025,79.92150000000001,79.9258,43515.0,92817.0,Echolocation,Myotis alcathoe,0.417,0.55,-1,192000.0,/mnt/ubna_data_07/recover-20260219/UBNA_028/20260213_033000.WAV,recover-20260219,UBNA_028,E18 Bridge
HF,52800.0,20.877446349247148,79.9645,79.9689,43515.0,90428.0,Echolocation,Myotis alcathoe,0.325,0.495,-1,192000.0,/mnt/ubna_data_07/recover-20260219/UBNA_028/20260213_033000.WAV,recover-20260219,UBNA_028,E18 Bridge
HF,52800.0,20.291755660144403,80.0375,80.04220000000001,44375.0,77802.0,Echolocation,Myotis mystacinus,0.168,0.565,-1,192000.0,/mnt/ubna_data_07/recover-20260219/UBNA_028/20260213_033000.WAV,recover-20260219,UBNA_028,E18 Bridge
HF,48000.0,30.433644021447336,80.1805,80.18639999999999,42656.0,91495.0,Echolocation,Pipistrellus pipistrellus,0.331,0.672,-1,192000.0,/mnt/ubna_data_07/recover-20260219/UBNA_028/20260213_033000.WAV,recover-20260219,UBNA_028,E18 Bridge
HF,48960.0,20.11188653351769,80.2555,80.26089999999999,41796.0,87619.0,Echolocation,Myotis mystacinus,0.217,0.631,-1,192000.0,/mnt/ubna_data_07/recover-20260219/UBNA_028/20260213_033000.WAV,recover-20260219,UBNA_028,E18 Bridge
HF,51840.0,26.472988101804425,80.3295,80.3361,38359.0,91952.0,Echolocation,Myotis daubentonii,0.141,0.314,-1,192000.0,/mnt/ubna_data_07/recover-20260219/UBNA_028/20260213_033000.WAV,recover-20260219,UBNA_028,E18 Bridge
HF,51840.0,28.792237964613392,80.3295,80.3364,46953.0,68726.0,Echolocation,Pipistrellus pipistrellus,0.441,0.45,-1,192000.0,/mnt/ubna_data_07/recover-20260219/UBNA_028/20260213_033000.WAV,recover-20260219,UBNA_028,E18 Bridge
HF,48960.0,20.44675327361424,80.3905,80.39529999999999,44375.0,80446.0,Echolocation,Pipistrellus pipistrellus,0.318,0.594,-1,192000.0,/mnt/ubna_data_07/recover-20260219/UBNA_028/20260213_033000.WAV,recover-20260219,UBNA_028,E18 Bridge
HF,48000.0,30.413787857671636,80.4565,80.4626,46093.0,74048.0,Echolocation,Pipistrellus pipistrellus,0.351,0.362,-1,192000.0,/mnt/ubna_data_07/recover-20260219/UBNA_028/20260213_033000.WAV,recover-20260219,UBNA_028,E18 Bridge
HF,48000.0,29.14063887309565,80.4575,80.4635,40937.0,83228.0,Echolocation,Myotis daubentonii,0.164,0.417,-1,192000.0,/mnt/ubna_data_07/recover-20260219/UBNA_028/20260213_033000.WAV,recover-20260219,UBNA_028,E18 Bridge
HF,48960.0,26.77947336496977,80.5235,80.5286,45234.0,80610.0,Echolocation,Pipistrellus pipistrellus,0.257,0.305,-1,192000.0,/mnt/ubna_data_07/recover-20260219/UBNA_028/20260213_033000.WAV,recover-20260219,UBNA_028,E18 Bridge
HF,48960.0,25.491982892725783,80.5235,80.5291,40078.0,87514.0,Echolocation,Myotis daubentonii,0.09,0.322,-1,192000.0,/mnt/ubna_data_07/recover-20260219/UBNA_028/20260213_033000.WAV,recover-20260219,UBNA_028,E18 Bridge
HF,46080.0,27.493566879069885,80.5955,80.60210000000001,41796.0,83751.0,Echolocation,Pipistrellus pipistrellus,0.173,0.381,-1,192000.0,/mnt/ubna_data_07/recover-20260219/UBNA_028/20260213_033000.WAV,recover-20260219,UBNA_028,E18 Bridge
HF,52800.0,26.296260728727837,80.6735,80.6793,46953.0,62374.0,Echolocation,Pipistrellus pipistrellus,0.409,0.422,-1,192000.0,/mnt/ubna_data_07/recover-20260219/UBNA_028/20260213_033000.WAV,recover-20260219,UBNA_028,E18 Bridge
HF,48000.0,37.24782928810442,80.7525,80.7582,44375.0,79786.0,Echolocation,Pipistrellus pipistrellus,0.476,0.491,-1,192000.0,/mnt/ubna_data_07/recover-20260219/UBNA_028/20260213_033000.WAV,recover-20260219,UBNA_028,E18 Bridge
HF,52800.0,25.724814603141347,80.8355,80.8413,47812.0,64581.0,Echolocation,Pipistrellus pipistrellus,0.389,0.402,-1,192000.0,/mnt/ubna_data_07/recover-20260219/UBNA_028/20260213_033000.WAV,recover-20260219,UBNA_028,E18 Bridge
HF,48000.0,38.58492712654389,80.9175,80.9235,46953.0,67304.0,Echolocation,Pipistrellus pipistrellus,0.573,0.575,-1,192000.0,/mnt/ubna_data_07/recover-20260219/UBNA_028/20260213_033000.WAV,recover-20260219,UBNA_028,E18 Bridge
HF,48000.0,30.158780486528613,81.0035,81.0086,45234.0,75146.0,Echolocation,Pipistrellus pipistrellus,0.589,0.603,-1,192000.0,/mnt/ubna_data_07/recover-20260219/UBNA_028/20260213_033000.WAV,recover-20260219,UBNA_028,E18 Bridge
HF,47040.0,30.71526572472546,81.07849999999999,81.0837,46953.0,74673.0,Echolocation,Pipistrellus pipistrellus,0.522,0.529,-1,192000.0,/mnt/ubna_data_07/recover-20260219/UBNA_028/20260213_033000.WAV,recover-20260219,UBNA_028,E18 Bridge
HF,48960.0,29.792585141204157,81.1495,81.1541,46953.0,73530.0,Echolocation,Pipistrellus pipistrellus,0.74,0.75,-1,192000.0,/mnt/ubna_data_07/recover-20260219/UBNA_028/20260213_033000.WAV,recover-20260219,UBNA_028,E18 Bridge
HF,48000.0,26.953228700252986,81.2255,81.2301,45234.0,71344.0,Echolocation,Pipistrellus pipistrellus,0.485,0.529,-1,192000.0,/mnt/ubna_data_07/recover-20260219/UBNA_028/20260213_033000.WAV,recover-20260219,UBNA_028,E18 Bridge
HF,53760.0,34.3109078729757,81.3055,81.3103,45234.0,72768.0,Echolocation,Pipistrellus pipistrellus,0.534,0.54,-1,192000.0,/mnt/ubna_data_07/recover-20260219/UBNA_028/20260213_033000.WAV,recover-20260219,UBNA_028,E18 Bridge
HF,48000.0,36.16983199565745,81.3885,81.3942,46093.0,70574.0,Echolocation,Pipistrellus pipistrellus,0.407,0.429,-1,192000.0,/mnt/ubna_data_07/recover-20260219/UBNA_028/20260213_033000.WAV,recover-20260219,UBNA_028,E18 Bridge
HF,48000.0,30.768750821853807,81.4765,81.4825,41796.0,79554.0,Echolocation,Pipistrellus pipistrellus,0.409,0.485,-1,192000.0,/mnt/ubna_data_07/recover-20260219/UBNA_028/20260213_033000.WAV,recover-20260219,UBNA_028,E18 Bridge
HF,48000.0,20.767392586534076,81.5635,81.5689,45234.0,66255.0,Echolocation,Pipistrellus pipistrellus,0.378,0.473,-1,192000.0,/mnt/ubna_data_07/recover-20260219/UBNA_028/20260213_033000.WAV,recover-20260219,UBNA_028,E18 Bridge
HF,48000.0,34.392730056893306,81.6505,81.65559999999999,46093.0,69619.0,Echolocation,Pipistrellus pipistrellus,0.444,0.454,-1,192000.0,/mnt/ubna_data_07/recover-20260219/UBNA_028/20260213_033000.WAV,recover-20260219,UBNA_028,E18 Bridge
HF,47040.0,20.903332407874757,81.7465,81.7514,46093.0,64696.0,Echolocation,Pipistrellus pipistrellus,0.362,0.418,-1,192000.0,/mnt/ubna_data_07/recover-20260219/UBNA_028/20260213_033000.WAV,recover-20260219,UBNA_028,E18 Bridge
HF,53760.0,36.07777076066601,81.8325,81.8375,44375.0,73506.0,Echolocation,Pipistrellus pipistrellus,0.509,0.544,-1,192000.0,/mnt/ubna_data_07/recover-20260219/UBNA_028/20260213_033000.WAV,recover-20260219,UBNA_028,E18 Bridge
HF,48000.0,17.474287323304,81.9255,81.9306,42656.0,72556.0,Echolocation,Pipistrellus pipistrellus,0.179,0.51,-1,192000.0,/mnt/ubna_data_07/recover-20260219/UBNA_028/20260213_033000.WAV,recover-20260219,UBNA_028,E18 Bridge
HF,47040.0,29.926099288819053,82.01650000000001,82.02250000000001,41796.0,71737.0,Echolocation,Pipistrellus pipistrellus,0.557,0.609,-1,192000.0,/mnt/ubna_data_07/recover-20260219/UBNA_028/20260213_033000.WAV,recover-20260219,UBNA_028,E18 Bridge
HF,48000.0,13.89509747747056,82.1105,82.1176,46093.0,61692.0,Echolocation,Pipistrellus pipistrellus,0.508,0.554,-1,192000.0,/mnt/ubna_data_07/recover-20260219/UBNA_028/20260213_033000.WAV,recover-20260219,UBNA_028,E18 Bridge
HF,47040.0,24.885735269168826,82.1975,82.20400000000001,40937.0,72731.0,Echolocation,Pipistrellus pipistrellus,0.321,0.547,-1,192000.0,/mnt/ubna_data_07/recover-20260219/UBNA_028/20260213_033000.WAV,recover-20260219,UBNA_028,E18 Bridge
HF,47040.0,8.179153261813163,82.2885,82.2957,46093.0,59933.0,Echolocation,Pipistrellus pipistrellus,0.542,0.584,-1,192000.0,/mnt/ubna_data_07/recover-20260219/UBNA_028/20260213_033000.WAV,recover-20260219,UBNA_028,E18 Bridge
HF,47040.0,20.96892769017895,82.3755,82.38159999999999,44375.0,63893.0,Echolocation,Pipistrellus pipistrellus,0.533,0.607,-1,192000.0,/mnt/ubna_data_07/recover-20260219/UBNA_028/20260213_033000.WAV,recover-20260219,UBNA_028,E18 Bridge
HF,47040.0,5.393482354317717,82.4985,82.5048,46093.0,57592.0,Echolocation,Pipistrellus pipistrellus,0.534,0.558,-1,192000.0,/mnt/ubna_data_07/recover-20260219/UBNA_028/20260213_033000.WAV,recover-20260219,UBNA_028,E18 Bridge
HF,46080.0,17.388199307718843,82.5795,82.5848,45234.0,57826.0,Echolocation,Pipistrellus pipistrellus,0.561,0.612,-1,192000.0,/mnt/ubna_data_07/recover-20260219/UBNA_028/20260213_033000.WAV,recover-20260219,UBNA_028,E18 Bridge
HF,48000.0,10.197785973635574,82.7635,82.7731,46093.0,60577.0,Echolocation,Pipistrellus pipistrellus,0.467,0.554,-1,192000.0,/mnt/ubna_data_07/recover-20260219/UBNA_028/20260213_033000.WAV,recover-20260219,UBNA_028,E18 Bridge
HF,48000.0,8.133342597161716,82.99549999999999,83.0051,46953.0,57164.0,Echolocation,Pipistrellus pipistrellus,0.478,0.532,-1,192000.0,/mnt/ubna_data_07/recover-20260219/UBNA_028/20260213_033000.WAV,recover-20260219,UBNA_028,E18 Bridge
HF,48000.0,4.430438111222425,83.0855,83.095,47812.0,52901.0,Echolocation,Pipistrellus pipistrellus,0.413,0.421,-1,192000.0,/mnt/ubna_data_07/recover-20260219/UBNA_028/20260213_033000.WAV,recover-20260219,UBNA_028,E18 Bridge
HF,47040.0,6.29146850150825,83.2305,83.239,45234.0,60148.0,Echolocation,Pipistrellus pipistrellus,0.413,0.487,-1,192000.0,/mnt/ubna_data_07/recover-20260219/UBNA_028/20260213_033000.WAV,recover-20260219,UBNA_028,E18 Bridge
HF,47040.0,5.6530535458218445,83.3185,83.3245,45234.0,57150.0,Echolocation,Pipistrellus pipistrellus,0.568,0.6,-1,192000.0,/mnt/ubna_data_07/recover-20260219/UBNA_028/20260213_033000.WAV,recover-20260219,UBNA_028,E18 Bridge
HF,47040.0,5.38611991862986,83.4145,83.422,45234.0,57380.0,Echolocation,Pipistrellus pipistrellus,0.412,0.468,-1,192000.0,/mnt/ubna_data_07/recover-20260219/UBNA_028/20260213_033000.WAV,recover-20260219,UBNA_028,E18 Bridge
HF,47040.0,7.068618509023185,83.5985,83.60679999999999,45234.0,59540.0,Echolocation,Pipistrellus pipistrellus,0.385,0.458,-1,192000.0,/mnt/ubna_data_07/recover-20260219/UBNA_028/20260213_033000.WAV,recover-20260219,UBNA_028,E18 Bridge
HF,46080.0,5.8174936744415735,83.76650000000001,83.777,45234.0,62177.0,Echolocation,Pipistrellus pipistrellus,0.267,0.339,-1,192000.0,/mnt/ubna_data_07/recover-20260219/UBNA_028/20260213_033000.WAV,recover-20260219,UBNA_028,E18 Bridge
HF,46080.0,4.291328468561002,83.9385,83.94839999999999,45234.0,54735.0,Echolocation,Pipistrellus pipistrellus,0.277,0.316,-1,192000.0,/mnt/ubna_data_07/recover-20260219/UBNA_028/20260213_033000.WAV,recover-20260219,UBNA_028,E18 Bridge
HF,52800.0,6.753445895006739,121.7335,121.739,50390.0,59857.0,Echolocation,Pipistrellus pipistrellus,0.319,0.364,-1,192000.0,/mnt/ubna_data_07/recover-20260219/UBNA_028/20260213_045000.WAV,recover-20260219,UBNA_028,E18 Bridge
HF,52800.0,7.477202899225102,121.8335,121.8391,46953.0,65453.0,Echolocation,Pipistrellus pipistrellus,0.141,0.316,-1,192000.0,/mnt/ubna_data_07/recover-20260219/UBNA_028/20260213_045000.WAV,recover-20260219,UBNA_028,E18 Bridge
HF,53760.0,8.695813359899159,121.8885,121.8949,49531.0,62489.0,Echolocation,Pipistrellus pipistrellus,0.221,0.306,-1,192000.0,/mnt/ubna_data_07/recover-20260219/UBNA_028/20260213_045000.WAV,recover-20260219,UBNA_028,E18 Bridge
HF,52800.0,7.6774037350370445,122.1965,122.201,46953.0,66940.0,Echolocation,Myotis alcathoe,0.205,0.338,-1,192000.0,/mnt/ubna_data_07/recover-20260219/UBNA_028/20260213_045000.WAV,recover-20260219,UBNA_028,E18 Bridge
HF,51840.0,9.946195729317587,122.25450000000001,122.2578,46093.0,63898.0,Echolocation,Myotis alcathoe,0.214,0.315,-1,192000.0,/mnt/ubna_data_07/recover-20260219/UBNA_028/20260213_045000.WAV,recover-20260219,UBNA_028,E18 Bridge
HF,55680.0,9.725803294085578,122.2935,122.2973,47812.0,65249.0,Echolocation,Myotis alcathoe,0.188,0.34,-1,192000.0,/mnt/ubna_data_07/recover-20260219/UBNA_028/20260213_045000.WAV,recover-20260219,UBNA_028,E18 Bridge
HF,54720.0,13.272429715706577,122.3385,122.345,47812.0,67116.0,Echolocation,Myotis alcathoe,0.131,0.331,-1,192000.0,/mnt/ubna_data_07/recover-20260219/UBNA_028/20260213_045000.WAV,recover-20260219,UBNA_028,E18 Bridge
HF,52800.0,14.216285301035605,122.4065,122.4103,45234.0,76511.0,Echolocation,Myotis alcathoe,0.301,0.493,-1,192000.0,/mnt/ubna_data_07/recover-20260219/UBNA_028/20260213_045000.WAV,recover-20260219,UBNA_028,E18 Bridge
HF,52800.0,17.111238557868532,122.4535,122.4574,46093.0,73301.0,Echolocation,Myotis alcathoe,0.349,0.479,-1,192000.0,/mnt/ubna_data_07/recover-20260219/UBNA_028/20260213_045000.WAV,recover-20260219,UBNA_028,E18 Bridge
HF,52800.0,18.925776035364915,122.50450000000001,122.5089,44375.0,79856.0,Echolocation,Myotis alcathoe,0.376,0.542,-1,192000.0,/mnt/ubna_data_07/recover-20260219/UBNA_028/20260213_045000.WAV,recover-20260219,UBNA_028,E18 Bridge
HF,51840.0,14.924808429738711,122.5515,122.5556,46093.0,76400.0,Echolocation,Myotis alcathoe,0.336,0.458,-1,192000.0,/mnt/ubna_data_07/recover-20260219/UBNA_028/20260213_045000.WAV,recover-20260219,UBNA_028,E18 Bridge
HF,51840.0,18.21934630291952,122.5965,122.6002,43515.0,82378.0,Echolocation,Myotis alcathoe,0.329,0.521,-1,192000.0,/mnt/ubna_data_07/recover-20260219/UBNA_028/20260213_045000.WAV,recover-20260219,UBNA_028,E18 Bridge
HF,52800.0,19.936831480546164,122.6395,122.6439,45234.0,76541.0,Echolocation,Myotis alcathoe,0.381,0.502,-1,192000.0,/mnt/ubna_data_07/recover-20260219/UBNA_028/20260213_045000.WAV,recover-20260219,UBNA_028,E18 Bridge
HF,52800.0,17.306678707246284,122.6855,122.6896,44375.0,81157.0,Echolocation,Myotis alcathoe,0.344,0.555,-1,192000.0,/mnt/ubna_data_07/recover-20260219/UBNA_028/20260213_045000.WAV,recover-20260219,UBNA_028,E18 Bridge
HF,52800.0,15.573423685491548,122.7295,122.7334,46093.0,74107.0,Echolocation,Myotis alcathoe,0.363,0.552,-1,192000.0,/mnt/ubna_data_07/recover-20260219/UBNA_028/20260213_045000.WAV,recover-20260219,UBNA_028,E18 Bridge
HF,55680.0,11.836004530054616,122.7685,122.7727,44375.0,73968.0,Echolocation,Myotis alcathoe,0.257,0.408,-1,192000.0,/mnt/ubna_data_07/recover-20260219/UBNA_028/20260213_045000.WAV,recover-20260219,UBNA_028,E18 Bridge
HF,48000.0,11.76429450805978,122.8055,122.8087,45234.0,79290.0,Echolocation,Myotis alcathoe,0.229,0.331,-1,192000.0,/mnt/ubna_data_07/recover-20260219/UBNA_028/20260213_045000.WAV,recover-20260219,UBNA_028,E18 Bridge
HF,47040.0,13.882379043294604,122.8385,122.8423,40937.0,77250.0,Echolocation,Myotis mystacinus,0.256,0.401,-1,192000.0,/mnt/ubna_data_07/recover-20260219/UBNA_028/20260213_045000.WAV,recover-20260219,UBNA_028,E18 Bridge
HF,48000.0,10.662871723386056,122.8565,122.8599,43515.0,77735.0,Echolocation,Myotis mystacinus,0.28,0.461,-1,192000.0,/mnt/ubna_data_07/recover-20260219/UBNA_028/20260213_045000.WAV,recover-20260219,UBNA_028,E18 Bridge
HF,47040.0,14.008008184152565,122.8835,122.8869,40937.0,73140.0,Echolocation,Myotis mystacinus,0.233,0.397,-1,192000.0,/mnt/ubna_data_07/recover-20260219/UBNA_028/20260213_045000.WAV,recover-20260219,UBNA_028,E18 Bridge
HF,51840.0,18.275771106247607,123.0675,123.07169999999999,45234.0,74313.0,Echolocation,Myotis alcathoe,0.409,0.577,-1,192000.0,/mnt/ubna_data_07/recover-20260219/UBNA_028/20260213_045000.WAV,recover-20260219,UBNA_028,E18 Bridge
HF,51840.0,23.40499602854012,123.1195,123.1242,44375.0,84829.0,Echolocation,Myotis alcathoe,0.453,0.582,-1,192000.0,/mnt/ubna_data_07/recover-20260219/UBNA_028/20260213_045000.WAV,recover-20260219,UBNA_028,E18 Bridge
HF,51840.0,18.534879232862277,123.1815,123.1855,43515.0,79285.0,Echolocation,Myotis alcathoe,0.342,0.567,-1,192000.0,/mnt/ubna_data_07/recover-20260219/UBNA_028/20260213_045000.WAV,recover-20260219,UBNA_028,E18 Bridge
HF,48000.0,15.747023317317154,123.2285,123.2322,41796.0,76719.0,Echolocation,Myotis alcathoe,0.323,0.621,-1,192000.0,/mnt/ubna_data_07/recover-20260219/UBNA_028/20260213_045000.WAV,recover-20260219,UBNA_028,E18 Bridge
HF,48000.0,7.77521201384463,123.2565,123.2598,46093.0,72655.0,Echolocation,Myotis alcathoe,0.321,0.491,-1,192000.0,/mnt/ubna_data_07/recover-20260219/UBNA_028/20260213_045000.WAV,recover-20260219,UBNA_028,E18 Bridge
HF,48000.0,2.359486951644333,123.2865,123.2895,42656.0,67561.0,Echolocation,Myotis mystacinus,0.209,0.423,-1,192000.0,/mnt/ubna_data_07/recover-20260219/UBNA_028/20260213_045000.WAV,recover-20260219,UBNA_028,E18 Bridge
HF,52800.0,6.0861452895740715,123.3315,123.3335,48671.0,62415.0,Echolocation,Myotis alcathoe,0.18,0.339,-1,192000.0,/mnt/ubna_data_07/recover-20260219/UBNA_028/20260213_045000.WAV,recover-20260219,UBNA_028,E18 Bridge
HF,52800.0,2.240527348622054,123.3785,123.3812,46953.0,67471.0,Echolocation,Myotis alcathoe,0.209,0.386,-1,192000.0,/mnt/ubna_data_07/recover-20260219/UBNA_028/20260213_045000.WAV,recover-20260219,UBNA_028,E18 Bridge
HF,53760.0,9.884276658599054,123.4415,123.4441,52109.0,67727.0,Echolocation,Myotis alcathoe,0.283,0.436,-1,192000.0,/mnt/ubna_data_07/recover-20260219/UBNA_028/20260213_045000.WAV,recover-20260219,UBNA_028,E18 Bridge
HF,47040.0,6.018426849838417,123.5035,123.5063,46953.0,63330.0,Echolocation,Myotis alcathoe,0.184,0.359,-1,192000.0,/mnt/ubna_data_07/recover-20260219/UBNA_028/20260213_045000.WAV,recover-20260219,UBNA_028,E18 Bridge
HF,46080.0,7.768121318606662,123.5625,123.5658,45234.0,66592.0,Echolocation,Myotis alcathoe,0.226,0.46,-1,192000.0,/mnt/ubna_data_07/recover-20260219/UBNA_028/20260213_045000.WAV,recover-20260219,UBNA_028,E18 Bridge
HF,50880.0,13.465548179672442,123.6415,123.6454,46093.0,72385.0,Echolocation,Myotis alcathoe,0.379,0.511,-1,192000.0,/mnt/ubna_data_07/recover-20260219/UBNA_028/20260213_045000.WAV,recover-20260219,UBNA_028,E18 Bridge
HF,51840.0,10.495856057735672,123.6885,123.6918,46953.0,73735.0,Echolocation,Myotis alcathoe,0.32,0.48,-1,192000.0,/mnt/ubna_data_07/recover-20260219/UBNA_028/20260213_045000.WAV,recover-20260219,UBNA_028,E18 Bridge
HF,48000.0,8.032745799938795,123.7365,123.74,45234.0,74036.0,Echolocation,Myotis alcathoe,0.283,0.452,-1,192000.0,/mnt/ubna_data_07/recover-20260219/UBNA_028/20260213_045000.WAV,recover-20260219,UBNA_028,E18 Bridge
HF,55680.0,6.975356018397805,123.8085,123.8111,47812.0,63913.0,Echolocation,Myotis alcathoe,0.266,0.42,-1,192000.0,/mnt/ubna_data_07/recover-20260219/UBNA_028/20260213_045000.WAV,recover-20260219,UBNA_028,E18 Bridge
HF,51840.0,13.9397590514611,123.8885,123.8924,44375.0,73158.0,Echolocation,Myotis alcathoe,0.399,0.56,-1,192000.0,/mnt/ubna_data_07/recover-20260219/UBNA_028/20260213_045000.WAV,recover-20260219,UBNA_028,E18 Bridge
HF,48000.0,6.227188876590782,123.9605,123.9639,46093.0,69673.0,Echolocation,Myotis alcathoe,0.212,0.312,-1,192000.0,/mnt/ubna_data_07/recover-20260219/UBNA_028/20260213_045000.WAV,recover-20260219,UBNA_028,E18 Bridge
HF,51840.0,8.906802410629833,124.1725,124.1771,44375.0,64558.0,Echolocation,Myotis alcathoe,0.12,0.321,-1,192000.0,/mnt/ubna_data_07/recover-20260219/UBNA_028/20260213_045000.WAV,recover-20260219,UBNA_028,E18 Bridge
HF,54720.0,11.028214022868585,124.2315,124.2354,45234.0,61179.0,Echolocation,Myotis alcathoe,0.153,0.413,-1,192000.0,/mnt/ubna_data_07/recover-20260219/UBNA_028/20260213_045000.WAV,recover-20260219,UBNA_028,E18 Bridge
HF,51840.0,6.7819383787716045,124.2805,124.2848,49531.0,61084.0,Echolocation,Pipistrellus pipistrellus,0.468,0.544,-1,192000.0,/mnt/ubna_data_07/recover-20260219/UBNA_028/20260213_045000.WAV,recover-20260219,UBNA_028,E18 Bridge
HF,51840.0,2.769033279483967,124.4125,124.4167,46953.0,58436.0,Echolocation,Pipistrellus pipistrellus,0.202,0.329,-1,192000.0,/mnt/ubna_data_07/recover-20260219/UBNA_028/20260213_045000.WAV,recover-20260219,UBNA_028,E18 Bridge
HF,50880.0,2.708810870868827,124.4575,124.46170000000001,46953.0,61554.0,Echolocation,Pipistrellus pipistrellus,0.146,0.379,-1,192000.0,/mnt/ubna_data_07/recover-20260219/UBNA_028/20260213_045000.WAV,recover-20260219,UBNA_028,E18 Bridge
HF,50880.0,4.868893129300279,124.5215,124.5253,48671.0,58709.0,Echolocation,Pipistrellus pipistrellus,0.456,0.48,-1,192000.0,/mnt/ubna_data_07/recover-20260219/UBNA_028/20260213_045000.WAV,recover-20260219,UBNA_028,E18 Bridge
HF,53760.0,6.274299984491511,124.6135,124.6171,48671.0,58565.0,Echolocation,Pipistrellus pipistrellus,0.463,0.532,-1,192000.0,/mnt/ubna_data_07/recover-20260219/UBNA_028/20260213_045000.WAV,recover-20260219,UBNA_028,E18 Bridge
HF,52800.0,7.555529567366904,124.7695,124.7734,47812.0,58286.0,Echolocation,Pipistrellus pipistrellus,0.471,0.52,-1,192000.0,/mnt/ubna_data_07/recover-20260219/UBNA_028/20260213_045000.WAV,recover-20260219,UBNA_028,E18 Bridge
HF,53760.0,5.262499618127022,124.9675,124.9707,46953.0,56708.0,Echolocation,Pipistrellus pipistrellus,0.26,0.361,-1,192000.0,/mnt/ubna_data_07/recover-20260219/UBNA_028/20260213_045000.WAV,recover-20260219,UBNA_028,E18 Bridge
HF,52800.0,5.974692588852545,125.0725,125.0769,51250.0,58738.0,Echolocation,Pipistrellus pipistrellus,0.299,0.358,-1,192000.0,/mnt/ubna_data_07/recover-20260219/UBNA_028/20260213_045000.WAV,recover-20260219,UBNA_028,E18 Bridge
HF,54720.0,5.5037880243988475,125.5455,125.5498,48671.0,60545.0,Echolocation,Pipistrellus pipistrellus,0.312,0.363,-1,192000.0,/mnt/ubna_data_07/recover-20260219/UBNA_028/20260213_045000.WAV,recover-20260219,UBNA_028,E18 Bridge
HF,51840.0,7.348164534784585,125.8285,125.8331,50390.0,60071.0,Echolocation,Pipistrellus pipistrellus,0.344,0.373,-1,192000.0,/mnt/ubna_data_07/recover-20260219/UBNA_028/20260213_045000.WAV,recover-20260219,UBNA_028,E18 Bridge
HF,46080.0,4.659051255136627,126.2335,126.2383,45234.0,59772.0,Echolocation,Pipistrellus pipistrellus,0.214,0.425,-1,192000.0,/mnt/ubna_data_07/recover-20260219/UBNA_028/20260213_045000.WAV,recover-20260219,UBNA_028,E18 Bridge
HF,52800.0,4.673876587503586,135.2565,135.2596,46953.0,66131.0,Echolocation,Myotis alcathoe,0.171,0.316,-1,192000.0,/mnt/ubna_data_07/recover-20260219/UBNA_028/20260213_045000.WAV,recover-20260219,UBNA_028,E18 Bridge
HF,52800.0,3.0490956122316932,135.3295,135.3328,46953.0,67842.0,Echolocation,Myotis alcathoe,0.176,0.301,-1,192000.0,/mnt/ubna_data_07/recover-20260219/UBNA_028/20260213_045000.WAV,recover-20260219,UBNA_028,E18 Bridge
HF,52800.0,8.651639803247331,135.4685,135.4716,46953.0,66626.0,Echolocation,Myotis alcathoe,0.195,0.412,-1,192000.0,/mnt/ubna_data_07/recover-20260219/UBNA_028/20260213_045000.WAV,recover-20260219,UBNA_028,E18 Bridge
HF,53760.0,6.664212676199534,135.6885,135.6919,46093.0,70439.0,Echolocation,Myotis alcathoe,0.236,0.403,-1,192000.0,/mnt/ubna_data_07/recover-20260219/UBNA_028/20260213_045000.WAV,recover-20260219,UBNA_028,E18 Bridge
HF,53760.0,8.870041869201794,135.8485,135.852,46093.0,67840.0,Echolocation,Myotis alcathoe,0.218,0.493,-1,192000.0,/mnt/ubna_data_07/recover-20260219/UBNA_028/20260213_045000.WAV,recover-20260219,UBNA_028,E18 Bridge
HF,52800.0,13.698317371302544,135.9055,135.9095,46093.0,68598.0,Echolocation,Myotis alcathoe,0.32,0.496,-1,192000.0,/mnt/ubna_data_07/recover-20260219/UBNA_028/20260213_045000.WAV,recover-20260219,UBNA_028,E18 Bridge
HF,52800.0,14.900337560162598,135.9645,135.9681,44375.0,71907.0,Echolocation,Myotis alcathoe,0.246,0.418,-1,192000.0,/mnt/ubna_data_07/recover-20260219/UBNA_028/20260213_045000.WAV,recover-20260219,UBNA_028,E18 Bridge
HF,48000.0,10.660536832501034,136.0115,136.0154,46953.0,76869.0,Echolocation,Myotis alcathoe,0.432,0.506,-1,192000.0,/mnt/ubna_data_07/recover-20260219/UBNA_028/20260213_045000.WAV,recover-20260219,UBNA_028,E18 Bridge
HF,53760.0,9.967932268035023,136.0585,136.0621,46953.0,72075.0,Echolocation,Myotis alcathoe,0.343,0.421,-1,192000.0,/mnt/ubna_data_07/recover-20260219/UBNA_028/20260213_045000.WAV,recover-20260219,UBNA_028,E18 Bridge
HF,47040.0,9.37021212776672,136.1045,136.10750000000002,46093.0,75022.0,Echolocation,Myotis alcathoe,0.343,0.457,-1,192000.0,/mnt/ubna_data_07/recover-20260219/UBNA_028/20260213_045000.WAV,recover-20260219,UBNA_028,E18 Bridge
HF,53760.0,9.252565372700662,136.1795,136.1829,46093.0,74893.0,Echolocation,Myotis alcathoe,0.322,0.377,-1,192000.0,/mnt/ubna_data_07/recover-20260219/UBNA_028/20260213_045000.WAV,recover-20260219,UBNA_028,E18 Bridge
HF,53760.0,6.184809122446695,136.2115,136.2147,47812.0,72441.0,Echolocation,Myotis alcathoe,0.282,0.35,-1,192000.0,/mnt/ubna_data_07/recover-20260219/UBNA_028/20260213_045000.WAV,recover-20260219,UBNA_028,E18 Bridge
HF,53760.0,8.09394791937778,136.2565,136.2603,46093.0,78352.0,Echolocation,Myotis alcathoe,0.37,0.422,-1,192000.0,/mnt/ubna_data_07/recover-20260219/UBNA_028/20260213_045000.WAV,recover-20260219,UBNA_028,E18 Bridge
HF,53760.0,9.339088720017957,136.3005,136.3043,47812.0,75995.0,Echolocation,Myotis alcathoe,0.253,0.301,-1,192000.0,/mnt/ubna_data_07/recover-20260219/UBNA_028/20260213_045000.WAV,recover-20260219,UBNA_028,E18 Bridge
HF,53760.0,8.209438362291577,136.3385,136.3421,46093.0,72962.0,Echolocation,Myotis alcathoe,0.315,0.39,-1,192000.0,/mnt/ubna_data_07/recover-20260219/UBNA_028/20260213_045000.WAV,recover-20260219,UBNA_028,E18 Bridge
HF,48000.0,7.378588143254556,136.3715,136.3753,46953.0,74853.0,Echolocation,Myotis alcathoe,0.313,0.397,-1,192000.0,/mnt/ubna_data_07/recover-20260219/UBNA_028/20260213_045000.WAV,recover-20260219,UBNA_028,E18 Bridge
HF,52800.0,9.336257160384417,136.4615,136.4652,46953.0,72357.0,Echolocation,Myotis alcathoe,0.301,0.401,-1,192000.0,/mnt/ubna_data_07/recover-20260219/UBNA_028/20260213_045000.WAV,recover-20260219,UBNA_028,E18 Bridge
HF,52800.0,13.477014472505779,136.4955,136.4988,51250.0,72866.0,Echolocation,Myotis alcathoe,0.351,0.424,-1,192000.0,/mnt/ubna_data_07/recover-20260219/UBNA_028/20260213_045000.WAV,recover-20260219,UBNA_028,E18 Bridge
HF,52800.0,12.021771965412269,136.5455,136.5495,47812.0,74267.0,Echolocation,Myotis alcathoe,0.309,0.404,-1,192000.0,/mnt/ubna_data_07/recover-20260219/UBNA_028/20260213_045000.WAV,recover-20260219,UBNA_028,E18 Bridge
HF,52800.0,12.192488124341875,136.5885,136.5944,46953.0,73574.0,Echolocation,Myotis alcathoe,0.318,0.49,-1,192000.0,/mnt/ubna_data_07/recover-20260219/UBNA_028/20260213_045000.WAV,recover-20260219,UBNA_028,E18 Bridge
HF,53760.0,15.17811001457115,136.6395,136.6445,46953.0,76928.0,Echolocation,Myotis alcathoe,0.423,0.496,-1,192000.0,/mnt/ubna_data_07/recover-20260219/UBNA_028/20260213_045000.WAV,recover-20260219,UBNA_028,E18 Bridge
HF,52800.0,16.62871287720764,136.7095,136.7148,46953.0,75325.0,Echolocation,Myotis alcathoe,0.398,0.512,-1,192000.0,/mnt/ubna_data_07/recover-20260219/UBNA_028/20260213_045000.WAV,recover-20260219,UBNA_028,E18 Bridge
HF,53760.0,14.067832836086492,136.7695,136.7734,46953.0,75863.0,Echolocation,Myotis alcathoe,0.382,0.465,-1,192000.0,/mnt/ubna_data_07/recover-20260219/UBNA_028/20260213_045000.WAV,recover-20260219,UBNA_028,E18 Bridge
HF,52800.0,14.838664427266067,136.8245,136.8297,45234.0,88593.0,Echolocation,Myotis alcathoe,0.495,0.551,-1,192000.0,/mnt/ubna_data_07/recover-20260219/UBNA_028/20260213_045000.WAV,recover-20260219,UBNA_028,E18 Bridge
HF,52800.0,10.626553779843547,136.9055,136.9095,46093.0,76797.0,Echolocation,Myotis alcathoe,0.398,0.466,-1,192000.0,/mnt/ubna_data_07/recover-20260219/UBNA_028/20260213_045000.WAV,recover-20260219,UBNA_028,E18 Bridge
HF,51840.0,14.431874544120735,136.9535,136.9579,46093.0,82762.0,Echolocation,Myotis alcathoe,0.443,0.53,-1,192000.0,/mnt/ubna_data_07/recover-20260219/UBNA_028/20260213_045000.WAV,recover-20260219,UBNA_028,E18 Bridge
HF,48960.0,16.03677270252185,137.0085,137.0131,43515.0,87594.0,Echolocation,Myotis alcathoe,0.452,0.526,-1,192000.0,/mnt/ubna_data_07/recover-20260219/UBNA_028/20260213_045000.WAV,recover-20260219,UBNA_028,E18 Bridge
HF,50880.0,15.28789532800971,137.0855,137.0895,45234.0,81343.0,Echolocation,Myotis alcathoe,0.455,0.522,-1,192000.0,/mnt/ubna_data_07/recover-20260219/UBNA_028/20260213_045000.WAV,recover-20260219,UBNA_028,E18 Bridge
HF,55680.0,12.21843328590426,137.1315,137.1359,46093.0,76742.0,Echolocation,Myotis alcathoe,0.361,0.413,-1,192000.0,/mnt/ubna_data_07/recover-20260219/UBNA_028/20260213_045000.WAV,recover-20260219,UBNA_028,E18 Bridge
HF,52800.0,15.956437447022633,137.1845,137.1891,46953.0,77165.0,Echolocation,Myotis alcathoe,0.384,0.49,-1,192000.0,/mnt/ubna_data_07/recover-20260219/UBNA_028/20260213_045000.WAV,recover-20260219,UBNA_028,E18 Bridge
HF,52800.0,15.155697924318217,137.2235,137.2268,48671.0,74008.0,Echolocation,Myotis alcathoe,0.366,0.441,-1,192000.0,/mnt/ubna_data_07/recover-20260219/UBNA_028/20260213_045000.WAV,recover-20260219,UBNA_028,E18 Bridge
HF,52800.0,14.133958032500908,137.2715,137.2767,48671.0,81771.0,Echolocation,Myotis alcathoe,0.348,0.447,-1,192000.0,/mnt/ubna_data_07/recover-20260219/UBNA_028/20260213_045000.WAV,recover-20260219,UBNA_028,E18 Bridge
HF,52800.0,16.499379463816734,137.3375,137.3426,46953.0,89162.0,Echolocation,Myotis alcathoe,0.457,0.513,-1,192000.0,/mnt/ubna_data_07/recover-20260219/UBNA_028/20260213_045000.WAV,recover-20260219,UBNA_028,E18 Bridge
HF,52800.0,17.733002813458125,137.4115,137.4163,43515.0,86931.0,Echolocation,Myotis alcathoe,0.427,0.479,-1,192000.0,/mnt/ubna_data_07/recover-20260219/UBNA_028/20260213_045000.WAV,recover-20260219,UBNA_028,E18 Bridge
HF,52800.0,19.527628055847565,137.4995,137.5041,45234.0,86370.0,Echolocation,Myotis alcathoe,0.496,0.551,-1,192000.0,/mnt/ubna_data_07/recover-20260219/UBNA_028/20260213_045000.WAV,recover-20260219,UBNA_028,E18 Bridge
HF,51840.0,19.05907341599916,137.5465,137.5509,46093.0,79269.0,Echolocation,Myotis alcathoe,0.454,0.533,-1,192000.0,/mnt/ubna_data_07/recover-20260219/UBNA_028/20260213_045000.WAV,recover-20260219,UBNA_028,E18 Bridge
HF,48960.0,17.06123421985392,137.5995,137.6039,42656.0,90342.0,Echolocation,Myotis alcathoe,0.45,0.514,-1,192000.0,/mnt/ubna_data_07/recover-20260219/UBNA_028/20260213_045000.WAV,recover-20260219,UBNA_028,E18 Bridge
HF,51840.0,16.678925478322842,137.6505,137.655,42656.0,86164.0,Echolocation,Myotis alcathoe,0.441,0.49,-1,192000.0,/mnt/ubna_data_07/recover-20260219/UBNA_028/20260213_045000.WAV,recover-20260219,UBNA_028,E18 Bridge
HF,48000.0,16.010389000776502,137.6925,137.69729999999998,40078.0,87601.0,Echolocation,Myotis alcathoe,0.432,0.492,-1,192000.0,/mnt/ubna_data_07/recover-20260219/UBNA_028/20260213_045000.WAV,recover-20260219,UBNA_028,E18 Bridge
HF,48000.0,11.998293288510581,137.7275,137.7315,41796.0,79708.0,Echolocation,Myotis alcathoe,0.352,0.489,-1,192000.0,/mnt/ubna_data_07/recover-20260219/UBNA_028/20260213_045000.WAV,recover-20260219,UBNA_028,E18 Bridge
HF,47040.0,12.980360951011807,137.7555,137.7583,41796.0,77093.0,Echolocation,Myotis alcathoe,0.318,0.482,-1,192000.0,/mnt/ubna_data_07/recover-20260219/UBNA_028/20260213_045000.WAV,recover-20260219,UBNA_028,E18 Bridge
HF,47040.0,8.475500453636183,137.8355,137.8395,43515.0,72437.0,Echolocation,Myotis alcathoe,0.228,0.366,-1,192000.0,/mnt/ubna_data_07/recover-20260219/UBNA_028/20260213_045000.WAV,recover-20260219,UBNA_028,E18 Bridge
HF,48960.0,20.382781541311033,138.0575,138.0628,45234.0,74372.0,Echolocation,Myotis alcathoe,0.239,0.527,-1,192000.0,/mnt/ubna_data_07/recover-20260219/UBNA_028/20260213_045000.WAV,recover-20260219,UBNA_028,E18 Bridge
HF,53760.0,10.984660328384875,138.1055,138.1102,46953.0,64818.0,Echolocation,Pipistrellus pipistrellus,0.241,0.514,-1,192000.0,/mnt/ubna_data_07/recover-20260219/UBNA_028/20260213_045000.WAV,recover-20260219,UBNA_028,E18 Bridge
HF,49920.0,16.675794029197984,138.1675,138.1723,45234.0,70837.0,Echolocation,Myotis alcathoe,0.281,0.505,-1,192000.0,/mnt/ubna_data_07/recover-20260219/UBNA_028/20260213_045000.WAV,recover-20260219,UBNA_028,E18 Bridge
HF,53760.0,18.647931555770327,138.2425,138.2474,46093.0,66128.0,Echolocation,Pipistrellus pipistrellus,0.374,0.544,-1,192000.0,/mnt/ubna_data_07/recover-20260219/UBNA_028/20260213_045000.WAV,recover-20260219,UBNA_028,E18 Bridge
HF,52800.0,18.12813149806502,138.2895,138.2946,45234.0,69617.0,Echolocation,Myotis alcathoe,0.223,0.436,-1,192000.0,/mnt/ubna_data_07/recover-20260219/UBNA_028/20260213_045000.WAV,recover-20260219,UBNA_028,E18 Bridge
HF,48000.0,13.050229928942708,138.3405,138.3456,46093.0,63963.0,Echolocation,Pipistrellus pipistrellus,0.204,0.453,-1,192000.0,/mnt/ubna_data_07/recover-20260219/UBNA_028/20260213_045000.WAV,recover-20260219,UBNA_028,E18 Bridge
HF,51840.0,10.401073743006028,138.4055,138.4102,46953.0,63717.0,Echolocation,Myotis alcathoe,0.213,0.464,-1,192000.0,/mnt/ubna_data_07/recover-20260219/UBNA_028/20260213_045000.WAV,recover-20260219,UBNA_028,E18 Bridge
HF,52800.0,13.008541401142825,138.4525,138.4572,46093.0,67096.0,Echolocation,Myotis alcathoe,0.197,0.393,-1,192000.0,/mnt/ubna_data_07/recover-20260219/UBNA_028/20260213_045000.WAV,recover-20260219,UBNA_028,E18 Bridge
HF,51840.0,8.64842913827355,138.4965,138.501,46093.0,64307.0,Echolocation,Myotis alcathoe,0.174,0.385,-1,192000.0,/mnt/ubna_data_07/recover-20260219/UBNA_028/20260213_045000.WAV,recover-20260219,UBNA_028,E18 Bridge
HF,51840.0,3.382954568412797,138.5305,138.5349,48671.0,61954.0,Echolocation,Pipistrellus pipistrellus,0.182,0.305,-1,192000.0,/mnt/ubna_data_07/recover-20260219/UBNA_028/20260213_045000.WAV,recover-20260219,UBNA_028,E18 Bridge
HF,51840.0,11.051312125735748,139.0385,139.0438,47812.0,65283.0,Echolocation,Pipistrellus pipistrellus,0.205,0.483,-1,192000.0,/mnt/ubna_data_07/recover-20260219/UBNA_028/20260213_045000.WAV,recover-20260219,UBNA_028,E18 Bridge
HF,52800.0,3.8834189424251497,139.0855,139.0904,51250.0,61441.0,Echolocation,Pipistrellus pipistrellus,0.3,0.347,-1,192000.0,/mnt/ubna_data_07/recover-20260219/UBNA_028/20260213_045000.WAV,recover-20260219,UBNA_028,E18 Bridge
HF,55680.0,2.552606357861787,139.1345,139.1389,47812.0,61802.0,Echolocation,Pipistrellus pipistrellus,0.152,0.355,-1,192000.0,/mnt/ubna_data_07/recover-20260219/UBNA_028/20260213_045000.WAV,recover-20260219,UBNA_028,E18 Bridge
HF,52800.0,6.53094720550377,139.1945,139.2012,51250.0,61582.0,Echolocation,Pipistrellus pipistrellus,0.382,0.427,-1,192000.0,/mnt/ubna_data_07/recover-20260219/UBNA_028/20260213_045000.WAV,recover-20260219,UBNA_028,E18 Bridge
HF,52800.0,3.7772502486719306,139.35750000000002,139.3656,52109.0,58361.0,Echolocation,Pipistrellus pygmaeus,0.231,0.322,-1,192000.0,/mnt/ubna_data_07/recover-20260219/UBNA_028/20260213_045000.WAV,recover-20260219,UBNA_028,E18 Bridge
HF,52800.0,6.787697694720953,139.4065,139.4111,48671.0,63703.0,Echolocation,Pipistrellus pipistrellus,0.207,0.367,-1,192000.0,/mnt/ubna_data_07/recover-20260219/UBNA_028/20260213_045000.WAV,recover-20260219,UBNA_028,E18 Bridge
HF,51840.0,7.395989283847584,139.7385,139.7457,50390.0,61885.0,Echolocation,Pipistrellus pipistrellus,0.268,0.311,-1,192000.0,/mnt/ubna_data_07/recover-20260219/UBNA_028/20260213_045000.WAV,recover-20260219,UBNA_028,E18 Bridge
HF,45120.0,3.2877168533377574,59.1535,59.1614,41796.0,50570.0,Echolocation,Pipistrellus nathusii,0.225,0.317,-1,192000.0,/mnt/ubna_data_07/recover-20260219/UBNA_028/20260213_050000.WAV,recover-20260219,UBNA_028,E18 Bridge
HF,47040.0,26.87300901483557,62.7345,62.7434,37500.0,62672.0,Echolocation,Pipistrellus nathusii,0.645,0.683,-1,192000.0,/mnt/ubna_data_07/recover-20260219/UBNA_028/20260213_050000.WAV,recover-20260219,UBNA_028,E18 Bridge
HF,47040.0,20.158144496802407,62.8275,62.8362,36640.0,60193.0,Echolocation,Pipistrellus nathusii,0.463,0.51,-1,192000.0,/mnt/ubna_data_07/recover-20260219/UBNA_028/20260213_050000.WAV,recover-20260219,UBNA_028,E18 Bridge
LF,29760.0,7.003904372635416,64.4665,64.4756,28046.0,36228.0,Echolocation,Eptesicus serotinus,0.366,0.527,-1,192000.0,/mnt/ubna_data_07/recover-20260219/UBNA_028/20260213_050000.WAV,recover-20260219,UBNA_028,E18 Bridge
LF,29760.0,6.6770564534366095,64.5655,64.5748,28046.0,36865.0,Echolocation,Eptesicus serotinus,0.383,0.518,-1,192000.0,/mnt/ubna_data_07/recover-20260219/UBNA_028/20260213_050000.WAV,recover-20260219,UBNA_028,E18 Bridge
LF,28800.0,4.449320367438283,64.6945,64.7059,28046.0,35974.0,Echolocation,Eptesicus serotinus,0.302,0.495,-1,192000.0,/mnt/ubna_data_07/recover-20260219/UBNA_028/20260213_050000.WAV,recover-20260219,UBNA_028,E18 Bridge
LF,28800.0,6.781991260855453,64.8165,64.8254,28046.0,37407.0,Echolocation,Eptesicus serotinus,0.375,0.64,-1,192000.0,/mnt/ubna_data_07/recover-20260219/UBNA_028/20260213_050000.WAV,recover-20260219,UBNA_028,E18 Bridge
HF,46080.0,2.804410939808801,64.8625,64.872,37500.0,49237.0,Echolocation,Pipistrellus nathusii,0.447,0.526,-1,192000.0,/mnt/ubna_data_07/recover-20260219/UBNA_028/20260213_050000.WAV,recover-20260219,UBNA_028,E18 Bridge
LF,28800.0,7.619381927262587,64.9375,64.946,27187.0,36266.0,Echolocation,Eptesicus serotinus,0.317,0.626,-1,192000.0,/mnt/ubna_data_07/recover-20260219/UBNA_028/20260213_050000.WAV,recover-20260219,UBNA_028,E18 Bridge
LF,29760.0,9.151431283567403,65.0635,65.0724,27187.0,41039.0,Echolocation,Nyctalus leisleri,0.34,0.697,-1,192000.0,/mnt/ubna_data_07/recover-20260219/UBNA_028/20260213_050000.WAV,recover-20260219,UBNA_028,E18 Bridge
LF,29760.0,13.040521176513327,65.1895,65.1979,28046.0,40415.0,Echolocation,Eptesicus serotinus,0.338,0.701,-1,192000.0,/mnt/ubna_data_07/recover-20260219/UBNA_028/20260213_050000.WAV,recover-20260219,UBNA_028,E18 Bridge
LF,28800.0,13.136039766497838,65.5865,65.5957,28046.0,39871.0,Echolocation,Eptesicus serotinus,0.395,0.677,-1,192000.0,/mnt/ubna_data_07/recover-20260219/UBNA_028/20260213_050000.WAV,recover-20260219,UBNA_028,E18 Bridge
LF,29760.0,13.953870768756802,65.7325,65.7413,27187.0,46387.0,Echolocation,Eptesicus serotinus,0.375,0.658,-1,192000.0,/mnt/ubna_data_07/recover-20260219/UBNA_028/20260213_050000.WAV,recover-20260219,UBNA_028,E18 Bridge
LF,28800.0,15.045471648247302,65.8735,65.8818,27187.0,44041.0,Echolocation,Eptesicus serotinus,0.363,0.657,-1,192000.0,/mnt/ubna_data_07/recover-20260219/UBNA_028/20260213_050000.WAV,recover-20260219,UBNA_028,E18 Bridge
LF,27840.0,15.141803881077449,66.0085,66.018,27187.0,38368.0,Echolocation,Eptesicus serotinus,0.403,0.715,-1,192000.0,/mnt/ubna_data_07/recover-20260219/UBNA_028/20260213_050000.WAV,recover-20260219,UBNA_028,E18 Bridge
LF,27840.0,16.937386438904404,66.1655,66.1759,27187.0,37928.0,Echolocation,Nyctalus leisleri,0.432,0.687,-1,192000.0,/mnt/ubna_data_07/recover-20260219/UBNA_028/20260213_050000.WAV,recover-20260219,UBNA_028,E18 Bridge
LF,26880.0,17.569949401266985,66.3675,66.3788,26328.0,40159.0,Echolocation,Nyctalus leisleri,0.401,0.715,-1,192000.0,/mnt/ubna_data_07/recover-20260219/UBNA_028/20260213_050000.WAV,recover-20260219,UBNA_028,E18 Bridge
LF,28800.0,15.60545928487784,66.5265,66.535,28046.0,41975.0,Echolocation,Eptesicus serotinus,0.316,0.614,-1,192000.0,/mnt/ubna_data_07/recover-20260219/UBNA_028/20260213_050000.WAV,recover-20260219,UBNA_028,E18 Bridge
LF,26880.0,13.277696674156552,66.6855,66.6952,26328.0,36217.0,Echolocation,Eptesicus serotinus,0.386,0.6,-1,192000.0,/mnt/ubna_data_07/recover-20260219/UBNA_028/20260213_050000.WAV,recover-20260219,UBNA_028,E18 Bridge
LF,27840.0,15.186868082914595,66.8515,66.8601,27187.0,45663.0,Echolocation,Eptesicus serotinus,0.311,0.644,-1,192000.0,/mnt/ubna_data_07/recover-20260219/UBNA_028/20260213_050000.WAV,recover-20260219,UBNA_028,E18 Bridge
HF,45120.0,3.522165473738546,66.9355,66.9441,40078.0,49716.0,Echolocation,Pipistrellus nathusii,0.391,0.445,-1,192000.0,/mnt/ubna_data_07/recover-20260219/UBNA_028/20260213_050000.WAV,recover-20260219,UBNA_028,E18 Bridge
LF,26880.0,17.854659063141977,67.0365,67.0464,26328.0,38391.0,Echolocation,Nyctalus leisleri,0.475,0.739,-1,192000.0,/mnt/ubna_data_07/recover-20260219/UBNA_028/20260213_050000.WAV,recover-20260219,UBNA_028,E18 Bridge
LF,26880.0,18.931089589250647,67.1735,67.1808,27187.0,41849.0,Echolocation,Eptesicus serotinus,0.452,0.626,-1,192000.0,/mnt/ubna_data_07/recover-20260219/UBNA_028/20260213_050000.WAV,recover-20260219,UBNA_028,E18 Bridge
HF,45120.0,4.638146842926845,67.2625,67.2684,40078.0,51325.0,Echolocation,Pipistrellus nathusii,0.192,0.405,-1,192000.0,/mnt/ubna_data_07/recover-20260219/UBNA_028/20260213_050000.WAV,recover-20260219,UBNA_028,E18 Bridge
LF,26880.0,9.7887394946482,67.3195,67.3298,26328.0,34700.0,Echolocation,Eptesicus serotinus,0.331,0.555,-1,192000.0,/mnt/ubna_data_07/recover-20260219/UBNA_028/20260213_050000.WAV,recover-20260219,UBNA_028,E18 Bridge
LF,27840.0,9.324983163280375,67.4685,67.4765,27187.0,35466.0,Echolocation,Nyctalus leisleri,0.313,0.649,-1,192000.0,/mnt/ubna_data_07/recover-20260219/UBNA_028/20260213_050000.WAV,recover-20260219,UBNA_028,E18 Bridge
LF,28800.0,3.3900988972364354,67.7945,67.805,28046.0,34460.0,Echolocation,Eptesicus serotinus,0.254,0.5,-1,192000.0,/mnt/ubna_data_07/recover-20260219/UBNA_028/20260213_050000.WAV,recover-20260219,UBNA_028,E18 Bridge
HF,45120.0,9.561826060437777,67.8365,67.8436,39218.0,53142.0,Echolocation,Pipistrellus nathusii,0.363,0.498,-1,192000.0,/mnt/ubna_data_07/recover-20260219/UBNA_028/20260213_050000.WAV,recover-20260219,UBNA_028,E18 Bridge
LF,29760.0,3.1489092176417293,75.3715,75.3809,28906.0,35395.0,Echolocation,Eptesicus serotinus,0.289,0.462,-1,192000.0,/mnt/ubna_data_07/recover-20260219/UBNA_028/20260213_050000.WAV,recover-20260219,UBNA_028,E18 Bridge
LF,29760.0,4.607850434363864,79.0195,79.03,28906.0,35408.0,Echolocation,Eptesicus serotinus,0.224,0.42,-1,192000.0,/mnt/ubna_data_07/recover-20260219/UBNA_028/20260213_050000.WAV,recover-20260219,UBNA_028,E18 Bridge
LF,29760.0,6.993971044354846,79.7485,79.7559,28046.0,37585.0,Echolocation,Eptesicus serotinus,0.383,0.568,-1,192000.0,/mnt/ubna_data_07/recover-20260219/UBNA_028/20260213_050000.WAV,recover-20260219,UBNA_028,E18 Bridge
LF,29760.0,5.656634082447879,79.8815,79.8889,28906.0,39663.0,Echolocation,Eptesicus serotinus,0.442,0.606,-1,192000.0,/mnt/ubna_data_07/recover-20260219/UBNA_028/20260213_050000.WAV,recover-20260219,UBNA_028,E18 Bridge
LF,29760.0,8.150612313478206,80.1245,80.1317,28046.0,41368.0,Echolocation,Eptesicus serotinus,0.468,0.637,-1,192000.0,/mnt/ubna_data_07/recover-20260219/UBNA_028/20260213_050000.WAV,recover-20260219,UBNA_028,E18 Bridge
LF,29760.0,10.418668434856642,80.2375,80.2439,28906.0,41774.0,Echolocation,Eptesicus serotinus,0.503,0.641,-1,192000.0,/mnt/ubna_data_07/recover-20260219/UBNA_028/20260213_050000.WAV,recover-20260219,UBNA_028,E18 Bridge
LF,29760.0,5.226551870505514,80.35249999999999,80.3579,28046.0,41390.0,Echolocation,Eptesicus serotinus,0.526,0.639,-1,192000.0,/mnt/ubna_data_07/recover-20260219/UBNA_028/20260213_050000.WAV,recover-20260219,UBNA_028,E18 Bridge
LF,29760.0,7.033065422616156,80.46549999999999,80.4736,28046.0,40094.0,Echolocation,Eptesicus serotinus,0.345,0.624,-1,192000.0,/mnt/ubna_data_07/recover-20260219/UBNA_028/20260213_050000.WAV,recover-20260219,UBNA_028,E18 Bridge
LF,29760.0,4.71456909391624,80.60849999999999,80.6165,28046.0,37114.0,Echolocation,Eptesicus serotinus,0.38,0.535,-1,192000.0,/mnt/ubna_data_07/recover-20260219/UBNA_028/20260213_050000.WAV,recover-20260219,UBNA_028,E18 Bridge
LF,29760.0,7.9421555043459975,80.7655,80.7724,28906.0,43190.0,Echolocation,Eptesicus serotinus,0.393,0.635,-1,192000.0,/mnt/ubna_data_07/recover-20260219/UBNA_028/20260213_050000.WAV,recover-20260219,UBNA_028,E18 Bridge
LF,29760.0,5.739160789082337,81.0055,81.0133,28906.0,44061.0,Echolocation,Eptesicus serotinus,0.342,0.613,-1,192000.0,/mnt/ubna_data_07/recover-20260219/UBNA_028/20260213_050000.WAV,recover-20260219,UBNA_028,E18 Bridge
LF,29760.0,7.239384130081953,81.2005,81.2076,28906.0,39991.0,Echolocation,Eptesicus serotinus,0.446,0.595,-1,192000.0,/mnt/ubna_data_07/recover-20260219/UBNA_028/20260213_050000.WAV,recover-20260219,UBNA_028,E18 Bridge
LF,29760.0,3.00429661287073,90.5805,90.5909,28906.0,39946.0,Echolocation,Eptesicus serotinus,0.316,0.449,-1,192000.0,/mnt/ubna_data_07/recover-20260219/UBNA_028/20260213_050000.WAV,recover-20260219,UBNA_028,E18 Bridge
LF,28800.0,3.591211368789971,90.6995,90.7098,28906.0,35758.0,Echolocation,Eptesicus serotinus,0.223,0.437,-1,192000.0,/mnt/ubna_data_07/recover-20260219/UBNA_028/20260213_050000.WAV,recover-20260219,UBNA_028,E18 Bridge
LF,28800.0,2.9376863183613127,90.8275,90.8365,28046.0,34796.0,Echolocation,Eptesicus serotinus,0.251,0.472,-1,192000.0,/mnt/ubna_data_07/recover-20260219/UBNA_028/20260213_050000.WAV,recover-20260219,UBNA_028,E18 Bridge
LF,27840.0,5.768918279134391,91.1195,91.1287,27187.0,36857.0,Echolocation,Eptesicus serotinus,0.368,0.573,-1,192000.0,/mnt/ubna_data_07/recover-20260219/UBNA_028/20260213_050000.WAV,recover-20260219,UBNA_028,E18 Bridge
LF,28800.0,4.4659298531063385,91.2565,91.2673,28046.0,34796.0,Echolocation,Eptesicus serotinus,0.275,0.415,-1,192000.0,/mnt/ubna_data_07/recover-20260219/UBNA_028/20260213_050000.WAV,recover-20260219,UBNA_028,E18 Bridge
LF,28800.0,7.300343313226618,91.5045,91.5129,28046.0,35590.0,Echolocation,Nyctalus leisleri,0.315,0.623,-1,192000.0,/mnt/ubna_data_07/recover-20260219/UBNA_028/20260213_050000.WAV,recover-20260219,UBNA_028,E18 Bridge
LF,29760.0,11.004830982790075,91.6365,91.6453,28046.0,35790.0,Echolocation,Nyctalus leisleri,0.623,0.749,-1,192000.0,/mnt/ubna_data_07/recover-20260219/UBNA_028/20260213_050000.WAV,recover-20260219,UBNA_028,E18 Bridge
LF,29760.0,9.68257447634906,91.8745,91.8826,28046.0,37316.0,Echolocation,Eptesicus serotinus,0.337,0.663,-1,192000.0,/mnt/ubna_data_07/recover-20260219/UBNA_028/20260213_050000.WAV,recover-20260219,UBNA_028,E18 Bridge
LF,29760.0,9.152316280604662,92.0145,92.0242,28046.0,34820.0,Echolocation,Eptesicus serotinus,0.277,0.553,-1,192000.0,/mnt/ubna_data_07/recover-20260219/UBNA_028/20260213_050000.WAV,recover-20260219,UBNA_028,E18 Bridge
LF,27840.0,4.394709815210701,92.2125,92.2219,26328.0,35270.0,Echolocation,Eptesicus serotinus,0.365,0.501,-1,192000.0,/mnt/ubna_data_07/recover-20260219/UBNA_028/20260213_050000.WAV,recover-20260219,UBNA_028,E18 Bridge
LF,29760.0,3.4297318046066527,92.37950000000001,92.3913,28046.0,34267.0,Echolocation,Eptesicus serotinus,0.165,0.331,-1,192000.0,/mnt/ubna_data_07/recover-20260219/UBNA_028/20260213_050000.WAV,recover-20260219,UBNA_028,E18 Bridge
LF,29760.0,7.326066812529093,92.5345,92.543,27187.0,34975.0,Echolocation,Nyctalus leisleri,0.299,0.582,-1,192000.0,/mnt/ubna_data_07/recover-20260219/UBNA_028/20260213_050000.WAV,recover-20260219,UBNA_028,E18 Bridge
LF,28800.0,2.7555206193677866,92.6765,92.686,27187.0,34166.0,Echolocation,Nyctalus leisleri,0.204,0.45,-1,192000.0,/mnt/ubna_data_07/recover-20260219/UBNA_028/20260213_050000.WAV,recover-20260219,UBNA_028,E18 Bridge
LF,28800.0,6.373607490784572,92.8845,92.8939,27187.0,34558.0,Echolocation,Eptesicus serotinus,0.317,0.581,-1,192000.0,/mnt/ubna_data_07/recover-20260219/UBNA_028/20260213_050000.WAV,recover-20260219,UBNA_028,E18 Bridge
LF,29760.0,4.595096432834201,93.0175,93.0265,28046.0,35647.0,Echolocation,Eptesicus serotinus,0.262,0.362,-1,192000.0,/mnt/ubna_data_07/recover-20260219/UBNA_028/20260213_050000.WAV,recover-20260219,UBNA_028,E18 Bridge
LF,29760.0,4.644160031555387,96.2955,96.3065,28906.0,38347.0,Echolocation,Eptesicus serotinus,0.32,0.402,-1,192000.0,/mnt/ubna_data_07/recover-20260219/UBNA_028/20260213_050000.WAV,recover-20260219,UBNA_028,E18 Bridge
LF,29760.0,9.338000845034726,97.4155,97.4256,28906.0,40444.0,Echolocation,Eptesicus serotinus,0.413,0.556,-1,192000.0,/mnt/ubna_data_07/recover-20260219/UBNA_028/20260213_050000.WAV,recover-20260219,UBNA_028,E18 Bridge
LF,29760.0,10.505970357031007,97.5525,97.5601,28906.0,43191.0,Echolocation,Eptesicus serotinus,0.586,0.684,-1,192000.0,/mnt/ubna_data_07/recover-20260219/UBNA_028/20260213_050000.WAV,recover-20260219,UBNA_028,E18 Bridge
LF,29760.0,11.580321532014546,97.7025,97.7099,28046.0,40777.0,Echolocation,Eptesicus serotinus,0.492,0.603,-1,192000.0,/mnt/ubna_data_07/recover-20260219/UBNA_028/20260213_050000.WAV,recover-20260219,UBNA_028,E18 Bridge
LF,29760.0,12.166797114515667,97.9035,97.9107,28906.0,43982.0,Echolocation,Eptesicus serotinus,0.428,0.626,-1,192000.0,/mnt/ubna_data_07/recover-20260219/UBNA_028/20260213_050000.WAV,recover-20260219,UBNA_028,E18 Bridge
LF,29760.0,12.226213274972398,98.0935,98.0997,28906.0,44586.0,Echolocation,Eptesicus serotinus,0.456,0.592,-1,192000.0,/mnt/ubna_data_07/recover-20260219/UBNA_028/20260213_050000.WAV,recover-20260219,UBNA_028,E18 Bridge
LF,29760.0,14.171986540484651,98.3385,98.3463,28046.0,38213.0,Echolocation,Eptesicus serotinus,0.446,0.622,-1,192000.0,/mnt/ubna_data_07/recover-20260219/UBNA_028/20260213_050000.WAV,recover-20260219,UBNA_028,E18 Bridge
LF,29760.0,8.956498991348724,98.4515,98.4609,28906.0,38249.0,Echolocation,Eptesicus serotinus,0.348,0.434,-1,192000.0,/mnt/ubna_data_07/recover-20260219/UBNA_028/20260213_050000.WAV,recover-20260219,UBNA_028,E18 Bridge
LF,29760.0,11.61888758741168,98.5855,98.5929,28046.0,42413.0,Echolocation,Eptesicus serotinus,0.414,0.612,-1,192000.0,/mnt/ubna_data_07/recover-20260219/UBNA_028/20260213_050000.WAV,recover-20260219,UBNA_028,E18 Bridge
LF,29760.0,13.955927180553012,98.8545,98.8615,28046.0,43797.0,Echolocation,Eptesicus serotinus,0.443,0.604,-1,192000.0,/mnt/ubna_data_07/recover-20260219/UBNA_028/20260213_050000.WAV,recover-20260219,UBNA_028,E18 Bridge
LF,29760.0,9.07775639956493,98.9865,98.9947,28046.0,40127.0,Echolocation,Eptesicus serotinus,0.521,0.621,-1,192000.0,/mnt/ubna_data_07/recover-20260219/UBNA_028/20260213_050000.WAV,recover-20260219,UBNA_028,E18 Bridge
LF,28800.0,9.910839660374084,99.1385,99.1491,28046.0,39049.0,Echolocation,Eptesicus serotinus,0.354,0.474,-1,192000.0,/mnt/ubna_data_07/recover-20260219/UBNA_028/20260213_050000.WAV,recover-20260219,UBNA_028,E18 Bridge
LF,29760.0,3.105778143941511,116.2775,116.2863,28906.0,36912.0,Echolocation,Eptesicus serotinus,0.25,0.471,-1,192000.0,/mnt/ubna_data_07/recover-20260219/UBNA_028/20260213_050000.WAV,recover-20260219,UBNA_028,E18 Bridge
LF,29760.0,4.090052204244024,116.40350000000001,116.4154,28906.0,34940.0,Echolocation,Nyctalus leisleri,0.401,0.562,-1,192000.0,/mnt/ubna_data_07/recover-20260219/UBNA_028/20260213_050000.WAV,recover-20260219,UBNA_028,E18 Bridge
LF,29760.0,4.671741342337562,116.7755,116.7846,28046.0,37264.0,Echolocation,Nyctalus leisleri,0.423,0.565,-1,192000.0,/mnt/ubna_data_07/recover-20260219/UBNA_028/20260213_050000.WAV,recover-20260219,UBNA_028,E18 Bridge
LF,28800.0,9.450823667540021,116.9995,117.0077,27187.0,43940.0,Echolocation,Nyctalus leisleri,0.605,0.761,-1,192000.0,/mnt/ubna_data_07/recover-20260219/UBNA_028/20260213_050000.WAV,recover-20260219,UBNA_028,E18 Bridge
LF,29760.0,12.61654796213877,117.2565,117.2647,28046.0,40955.0,Echolocation,Nyctalus leisleri,0.342,0.652,-1,192000.0,/mnt/ubna_data_07/recover-20260219/UBNA_028/20260213_050000.WAV,recover-20260219,UBNA_028,E18 Bridge
LF,29760.0,11.30536371981843,117.3845,117.3942,28046.0,42994.0,Echolocation,Nyctalus leisleri,0.328,0.654,-1,192000.0,/mnt/ubna_data_07/recover-20260219/UBNA_028/20260213_050000.WAV,recover-20260219,UBNA_028,E18 Bridge
LF,28800.0,11.358806362462065,117.52250000000001,117.5332,27187.0,41617.0,Echolocation,Nyctalus leisleri,0.343,0.602,-1,192000.0,/mnt/ubna_data_07/recover-20260219/UBNA_028/20260213_050000.WAV,recover-20260219,UBNA_028,E18 Bridge
LF,28800.0,17.394042036342235,117.75450000000001,117.7638,27187.0,44130.0,Echolocation,Nyctalus leisleri,0.457,0.687,-1,192000.0,/mnt/ubna_data_07/recover-20260219/UBNA_028/20260213_050000.WAV,recover-20260219,UBNA_028,E18 Bridge
LF,26880.0,13.579070125683877,118.0015,118.01480000000001,26328.0,33052.0,Echolocation,Nyctalus leisleri,0.314,0.518,-1,192000.0,/mnt/ubna_data_07/recover-20260219/UBNA_028/20260213_050000.WAV,recover-20260219,UBNA_028,E18 Bridge
LF,28800.0,15.973020029811595,118.1495,118.1588,27187.0,37399.0,Echolocation,Nyctalus leisleri,0.411,0.703,-1,192000.0,/mnt/ubna_data_07/recover-20260219/UBNA_028/20260213_050000.WAV,recover-20260219,UBNA_028,E18 Bridge
LF,26880.0,17.663540157297348,118.39750000000001,118.4074,27187.0,40235.0,Echolocation,Eptesicus serotinus,0.378,0.606,-1,192000.0,/mnt/ubna_data_07/recover-20260219/UBNA_028/20260213_050000.WAV,recover-20260219,UBNA_028,E18 Bridge
LF,27840.0,10.217823794548266,118.5435,118.5536,27187.0,43255.0,Echolocation,Nyctalus leisleri,0.312,0.621,-1,192000.0,/mnt/ubna_data_07/recover-20260219/UBNA_028/20260213_050000.WAV,recover-20260219,UBNA_028,E18 Bridge
LF,26880.0,14.94766198349161,118.7755,118.78569999999999,26328.0,39694.0,Echolocation,Eptesicus serotinus,0.363,0.567,-1,192000.0,/mnt/ubna_data_07/recover-20260219/UBNA_028/20260213_050000.WAV,recover-20260219,UBNA_028,E18 Bridge
LF,27840.0,10.07750910651535,119.0725,119.08330000000001,27187.0,39810.0,Echolocation,Eptesicus serotinus,0.359,0.574,-1,192000.0,/mnt/ubna_data_07/recover-20260219/UBNA_028/20260213_050000.WAV,recover-20260219,UBNA_028,E18 Bridge
LF,26880.0,12.90289534953567,119.4585,119.4678,27187.0,35482.0,Echolocation,Eptesicus serotinus,0.287,0.555,-1,192000.0,/mnt/ubna_data_07/recover-20260219/UBNA_028/20260213_050000.WAV,recover-20260219,UBNA_028,E18 Bridge
LF,29760.0,3.3857694261448485,119.7485,119.759,28046.0,38664.0,Echolocation,Eptesicus serotinus,0.305,0.532,-1,192000.0,/mnt/ubna_data_07/recover-20260219/UBNA_028/20260213_050000.WAV,recover-20260219,UBNA_028,E18 Bridge
LF,28800.0,2.871726523883134,120.1515,120.1608,27187.0,36406.0,Echolocation,Eptesicus serotinus,0.363,0.51,-1,192000.0,/mnt/ubna_data_07/recover-20260219/UBNA_028/20260213_050000.WAV,recover-20260219,UBNA_028,E18 Bridge
LF,28800.0,6.029986694968561,120.3785,120.3865,27187.0,36418.0,Echolocation,Eptesicus serotinus,0.381,0.604,-1,192000.0,/mnt/ubna_data_07/recover-20260219/UBNA_028/20260213_050000.WAV,recover-20260219,UBNA_028,E18 Bridge
LF,28800.0,3.8969350645515037,121.1295,121.1378,28046.0,35712.0,Echolocation,Eptesicus serotinus,0.321,0.524,-1,192000.0,/mnt/ubna_data_07/recover-20260219/UBNA_028/20260213_050000.WAV,recover-20260219,UBNA_028,E18 Bridge
LF,28800.0,2.1725673743644496,121.5505,121.5579,28046.0,36725.0,Echolocation,Eptesicus serotinus,0.384,0.517,-1,192000.0,/mnt/ubna_data_07/recover-20260219/UBNA_028/20260213_050000.WAV,recover-20260219,UBNA_028,E18 Bridge
LF,29760.0,2.300494134722716,128.2115,128.2191,28046.0,36521.0,Echolocation,Eptesicus serotinus,0.304,0.424,-1,192000.0,/mnt/ubna_data_07/recover-20260219/UBNA_028/20260213_050000.WAV,recover-20260219,UBNA_028,E18 Bridge
LF,29760.0,3.463231212177612,128.9365,128.9484,28046.0,35257.0,Echolocation,Eptesicus serotinus,0.302,0.432,-1,192000.0,/mnt/ubna_data_07/recover-20260219/UBNA_028/20260213_050000.WAV,recover-20260219,UBNA_028,E18 Bridge
LF,29760.0,3.4551039061155135,129.1915,129.203,28046.0,35174.0,Echolocation,Eptesicus serotinus,0.237,0.355,-1,192000.0,/mnt/ubna_data_07/recover-20260219/UBNA_028/20260213_050000.WAV,recover-20260219,UBNA_028,E18 Bridge
LF,29760.0,7.818618867158287,129.3195,129.3286,28046.0,38883.0,Echolocation,Eptesicus serotinus,0.354,0.585,-1,192000.0,/mnt/ubna_data_07/recover-20260219/UBNA_028/20260213_050000.WAV,recover-20260219,UBNA_028,E18 Bridge
LF,29760.0,8.516531221604852,129.4685,129.4761,28046.0,37047.0,Echolocation,Eptesicus serotinus,0.369,0.648,-1,192000.0,/mnt/ubna_data_07/recover-20260219/UBNA_028/20260213_050000.WAV,recover-20260219,UBNA_028,E18 Bridge
LF,29760.0,7.791813234722353,129.6805,129.6884,27187.0,36827.0,Echolocation,Eptesicus serotinus,0.372,0.581,-1,192000.0,/mnt/ubna_data_07/recover-20260219/UBNA_028/20260213_050000.WAV,recover-20260219,UBNA_028,E18 Bridge
LF,29760.0,6.535332337917742,129.8465,129.8564,27187.0,37154.0,Echolocation,Eptesicus serotinus,0.388,0.594,-1,192000.0,/mnt/ubna_data_07/recover-20260219/UBNA_028/20260213_050000.WAV,recover-20260219,UBNA_028,E18 Bridge
LF,28800.0,7.229868739299732,130.0255,130.0339,28046.0,36077.0,Echolocation,Nyctalus leisleri,0.287,0.64,-1,192000.0,/mnt/ubna_data_07/recover-20260219/UBNA_028/20260213_050000.WAV,recover-20260219,UBNA_028,E18 Bridge
LF,29760.0,2.0725340565695074,133.1605,133.1694,28046.0,35900.0,Echolocation,Eptesicus serotinus,0.335,0.48,-1,192000.0,/mnt/ubna_data_07/recover-20260219/UBNA_028/20260213_050000.WAV,recover-20260219,UBNA_028,E18 Bridge
LF,29760.0,4.97630073060084,133.4235,133.4325,28046.0,36733.0,Echolocation,Eptesicus serotinus,0.343,0.524,-1,192000.0,/mnt/ubna_data_07/recover-20260219/UBNA_028/20260213_050000.WAV,recover-20260219,UBNA_028,E18 Bridge
LF,29760.0,3.8916766129034275,133.6745,133.6852,28906.0,36209.0,Echolocation,Eptesicus serotinus,0.27,0.514,-1,192000.0,/mnt/ubna_data_07/recover-20260219/UBNA_028/20260213_050000.WAV,recover-20260219,UBNA_028,E18 Bridge
LF,29760.0,6.710568377009682,133.7985,133.81119999999999,28906.0,36332.0,Echolocation,Eptesicus serotinus,0.264,0.413,-1,192000.0,/mnt/ubna_data_07/recover-20260219/UBNA_028/20260213_050000.WAV,recover-20260219,UBNA_028,E18 Bridge
LF,29760.0,7.049399236578245,133.9395,133.9497,28906.0,38081.0,Echolocation,Eptesicus serotinus,0.355,0.571,-1,192000.0,/mnt/ubna_data_07/recover-20260219/UBNA_028/20260213_050000.WAV,recover-20260219,UBNA_028,E18 Bridge
LF,29760.0,12.314819236157552,134.0705,134.0793,28906.0,38480.0,Echolocation,Nyctalus leisleri,0.575,0.659,-1,192000.0,/mnt/ubna_data_07/recover-20260219/UBNA_028/20260213_050000.WAV,recover-20260219,UBNA_028,E18 Bridge
LF,29760.0,12.694996024932308,134.2065,134.2149,28906.0,42514.0,Echolocation,Nyctalus leisleri,0.552,0.706,-1,192000.0,/mnt/ubna_data_07/recover-20260219/UBNA_028/20260213_050000.WAV,recover-20260219,UBNA_028,E18 Bridge
LF,29760.0,11.387428140412803,134.4245,134.4335,28906.0,45668.0,Echolocation,Nyctalus leisleri,0.5,0.648,-1,192000.0,/mnt/ubna_data_07/recover-20260219/UBNA_028/20260213_050000.WAV,recover-20260219,UBNA_028,E18 Bridge
LF,29760.0,11.250470906940627,134.5605,134.5687,28906.0,44287.0,Echolocation,Nyctalus leisleri,0.537,0.694,-1,192000.0,/mnt/ubna_data_07/recover-20260219/UBNA_028/20260213_050000.WAV,recover-20260219,UBNA_028,E18 Bridge
LF,29760.0,12.877327152401135,134.6895,134.698,28906.0,43057.0,Echolocation,Nyctalus leisleri,0.567,0.716,-1,192000.0,/mnt/ubna_data_07/recover-20260219/UBNA_028/20260213_050000.WAV,recover-20260219,UBNA_028,E18 Bridge
LF,28800.0,17.75496309937655,134.9335,134.942,28046.0,47866.0,Echolocation,Nyctalus leisleri,0.597,0.775,-1,192000.0,/mnt/ubna_data_07/recover-20260219/UBNA_028/20260213_050000.WAV,recover-20260219,UBNA_028,E18 Bridge
LF,29760.0,19.187337971988704,135.0595,135.0679,28046.0,47574.0,Echolocation,Nyctalus leisleri,0.547,0.741,-1,192000.0,/mnt/ubna_data_07/recover-20260219/UBNA_028/20260213_050000.WAV,recover-20260219,UBNA_028,E18 Bridge
LF,28800.0,26.17931763033734,135.3625,135.3712,28046.0,47928.0,Echolocation,Nyctalus leisleri,0.651,0.777,-1,192000.0,/mnt/ubna_data_07/recover-20260219/UBNA_028/20260213_050000.WAV,recover-20260219,UBNA_028,E18 Bridge
LF,29760.0,25.22100097944586,135.8735,135.8813,28046.0,49132.0,Echolocation,Nyctalus leisleri,0.625,0.766,-1,192000.0,/mnt/ubna_data_07/recover-20260219/UBNA_028/20260213_050000.WAV,recover-20260219,UBNA_028,E18 Bridge
LF,29760.0,18.67623659552196,136.1205,136.1287,28046.0,46180.0,Echolocation,Nyctalus leisleri,0.379,0.74,-1,192000.0,/mnt/ubna_data_07/recover-20260219/UBNA_028/20260213_050000.WAV,recover-20260219,UBNA_028,E18 Bridge
LF,28800.0,13.491963132528804,136.5055,136.5146,28046.0,40343.0,Echolocation,Nyctalus leisleri,0.336,0.62,-1,192000.0,/mnt/ubna_data_07/recover-20260219/UBNA_028/20260213_050000.WAV,recover-20260219,UBNA_028,E18 Bridge
LF,28800.0,11.329808561663821,136.6305,136.6404,28046.0,38060.0,Echolocation,Eptesicus serotinus,0.339,0.531,-1,192000.0,/mnt/ubna_data_07/recover-20260219/UBNA_028/20260213_050000.WAV,recover-20260219,UBNA_028,E18 Bridge
LF,28800.0,11.090941385735034,136.7605,136.7692,27187.0,40342.0,Echolocation,Eptesicus serotinus,0.448,0.606,-1,192000.0,/mnt/ubna_data_07/recover-20260219/UBNA_028/20260213_050000.WAV,recover-20260219,UBNA_028,E18 Bridge
LF,29760.0,9.084738375348891,136.8915,136.9019,28046.0,35534.0,Echolocation,Nyctalus leisleri,0.289,0.602,-1,192000.0,/mnt/ubna_data_07/recover-20260219/UBNA_028/20260213_050000.WAV,recover-20260219,UBNA_028,E18 Bridge
LF,28800.0,9.210293169951932,137.0325,137.0425,27187.0,40277.0,Echolocation,Eptesicus serotinus,0.309,0.52,-1,192000.0,/mnt/ubna_data_07/recover-20260219/UBNA_028/20260213_050000.WAV,recover-20260219,UBNA_028,E18 Bridge
LF,28800.0,6.49333037577371,137.3675,137.376,28046.0,37909.0,Echolocation,Nyctalus leisleri,0.32,0.627,-1,192000.0,/mnt/ubna_data_07/recover-20260219/UBNA_028/20260213_050000.WAV,recover-20260219,UBNA_028,E18 Bridge
LF,28800.0,10.668039747418172,137.73250000000002,137.7413,27187.0,35290.0,Echolocation,Nyctalus leisleri,0.463,0.65,-1,192000.0,/mnt/ubna_data_07/recover-20260219/UBNA_028/20260213_050000.WAV,recover-20260219,UBNA_028,E18 Bridge
LF,29760.0,8.70258809571104,138.2665,138.274,28046.0,36446.0,Echolocation,Nyctalus leisleri,0.39,0.691,-1,192000.0,/mnt/ubna_data_07/recover-20260219/UBNA_028/20260213_050000.WAV,recover-20260219,UBNA_028,E18 Bridge
LF,27840.0,6.458251490976561,138.4785,138.4899,27187.0,35617.0,Echolocation,Eptesicus serotinus,0.341,0.562,-1,192000.0,/mnt/ubna_data_07/recover-20260219/UBNA_028/20260213_050000.WAV,recover-20260219,UBNA_028,E18 Bridge
LF,27840.0,8.744110009104501,138.7565,138.7682,27187.0,34534.0,Echolocation,Eptesicus serotinus,0.326,0.485,-1,192000.0,/mnt/ubna_data_07/recover-20260219/UBNA_028/20260213_050000.WAV,recover-20260219,UBNA_028,E18 Bridge
LF,29760.0,5.507287332595632,138.8945,138.9032,27187.0,34513.0,Echolocation,Nyctalus leisleri,0.262,0.545,-1,192000.0,/mnt/ubna_data_07/recover-20260219/UBNA_028/20260213_050000.WAV,recover-20260219,UBNA_028,E18 Bridge
LF,27840.0,4.271161579222841,139.22050000000002,139.2312,27187.0,32717.0,Echolocation,Eptesicus serotinus,0.165,0.336,-1,192000.0,/mnt/ubna_data_07/recover-20260219/UBNA_028/20260213_050000.WAV,recover-20260219,UBNA_028,E18 Bridge
LF,29760.0,7.078291616036697,139.3485,139.3568,27187.0,36944.0,Echolocation,Eptesicus serotinus,0.413,0.633,-1,192000.0,/mnt/ubna_data_07/recover-20260219/UBNA_028/20260213_050000.WAV,recover-20260219,UBNA_028,E18 Bridge
LF,28800.0,3.2830244131116686,139.4915,139.5005,27187.0,33871.0,Echolocation,Nyctalus leisleri,0.283,0.558,-1,192000.0,/mnt/ubna_data_07/recover-20260219/UBNA_028/20260213_050000.WAV,recover-20260219,UBNA_028,E18 Bridge
LF,29760.0,5.244231480912932,139.6535,139.6621,28046.0,36129.0,Echolocation,Eptesicus serotinus,0.266,0.537,-1,192000.0,/mnt/ubna_data_07/recover-20260219/UBNA_028/20260213_050000.WAV,recover-20260219,UBNA_028,E18 Bridge
LF,27840.0,4.39815484321934,139.9755,139.9855,28046.0,35827.0,Echolocation,Eptesicus serotinus,0.258,0.493,-1,192000.0,/mnt/ubna_data_07/recover-20260219/UBNA_028/20260213_050000.WAV,recover-20260219,UBNA_028,E18 Bridge
LF,28800.0,5.661921195944401,151.6285,151.6386,28046.0,35976.0,Echolocation,Eptesicus serotinus,0.307,0.443,-1,192000.0,/mnt/ubna_data_07/recover-20260219/UBNA_028/20260213_050000.WAV,recover-20260219,UBNA_028,E18 Bridge
LF,28800.0,7.945124137913545,151.7735,151.7811,28046.0,37914.0,Echolocation,Eptesicus serotinus,0.408,0.602,-1,192000.0,/mnt/ubna_data_07/recover-20260219/UBNA_028/20260213_050000.WAV,recover-20260219,UBNA_028,E18 Bridge
LF,28800.0,9.216795450602156,151.9185,151.9259,28046.0,37703.0,Echolocation,Eptesicus serotinus,0.361,0.664,-1,192000.0,/mnt/ubna_data_07/recover-20260219/UBNA_028/20260213_050000.WAV,recover-20260219,UBNA_028,E18 Bridge
LF,29760.0,8.240807276977183,152.0775,152.0854,28906.0,37998.0,Echolocation,Eptesicus serotinus,0.31,0.643,-1,192000.0,/mnt/ubna_data_07/recover-20260219/UBNA_028/20260213_050000.WAV,recover-20260219,UBNA_028,E18 Bridge
LF,28800.0,9.686249285417308,152.2285,152.237,28046.0,38313.0,Echolocation,Eptesicus serotinus,0.403,0.635,-1,192000.0,/mnt/ubna_data_07/recover-20260219/UBNA_028/20260213_050000.WAV,recover-20260219,UBNA_028,E18 Bridge
LF,29760.0,14.03239662538395,152.3805,152.3876,28906.0,43435.0,Echolocation,Eptesicus serotinus,0.379,0.712,-1,192000.0,/mnt/ubna_data_07/recover-20260219/UBNA_028/20260213_050000.WAV,recover-20260219,UBNA_028,E18 Bridge
LF,29760.0,12.490394238922313,152.5165,152.524,28906.0,43217.0,Echolocation,Nyctalus leisleri,0.353,0.685,-1,192000.0,/mnt/ubna_data_07/recover-20260219/UBNA_028/20260213_050000.WAV,recover-20260219,UBNA_028,E18 Bridge
LF,28800.0,10.370837138052941,152.7585,152.7705,28046.0,43756.0,Echolocation,Eptesicus serotinus,0.355,0.557,-1,192000.0,/mnt/ubna_data_07/recover-20260219/UBNA_028/20260213_050000.WAV,recover-20260219,UBNA_028,E18 Bridge
LF,29760.0,20.80113180033928,153.2825,153.2901,28046.0,47788.0,Echolocation,Eptesicus serotinus,0.418,0.701,-1,192000.0,/mnt/ubna_data_07/recover-20260219/UBNA_028/20260213_050000.WAV,recover-20260219,UBNA_028,E18 Bridge
LF,28800.0,16.955345978659366,153.4215,153.43,28046.0,45738.0,Echolocation,Eptesicus serotinus,0.381,0.583,-1,192000.0,/mnt/ubna_data_07/recover-20260219/UBNA_028/20260213_050000.WAV,recover-20260219,UBNA_028,E18 Bridge
LF,29760.0,17.71311733807423,153.5555,153.5648,27187.0,44439.0,Echolocation,Nyctalus leisleri,0.357,0.656,-1,192000.0,/mnt/ubna_data_07/recover-20260219/UBNA_028/20260213_050000.WAV,recover-20260219,UBNA_028,E18 Bridge
LF,28800.0,21.18128560996943,153.9265,153.935,27187.0,47622.0,Echolocation,Nyctalus leisleri,0.437,0.736,-1,192000.0,/mnt/ubna_data_07/recover-20260219/UBNA_028/20260213_050000.WAV,recover-20260219,UBNA_028,E18 Bridge
LF,28800.0,21.402721240700956,154.0565,154.065,27187.0,46413.0,Echolocation,Nyctalus leisleri,0.589,0.74,-1,192000.0,/mnt/ubna_data_07/recover-20260219/UBNA_028/20260213_050000.WAV,recover-20260219,UBNA_028,E18 Bridge
LF,27840.0,24.919981412901315,154.1815,154.1898,27187.0,47585.0,Echolocation,Nyctalus leisleri,0.653,0.739,-1,192000.0,/mnt/ubna_data_07/recover-20260219/UBNA_028/20260213_050000.WAV,recover-20260219,UBNA_028,E18 Bridge
LF,29760.0,21.355679210133275,154.3105,154.3178,27187.0,49461.0,Echolocation,Nyctalus leisleri,0.561,0.708,-1,192000.0,/mnt/ubna_data_07/recover-20260219/UBNA_028/20260213_050000.WAV,recover-20260219,UBNA_028,E18 Bridge
LF,28800.0,19.95303391503655,154.5875,154.5966,27187.0,42462.0,Echolocation,Nyctalus leisleri,0.55,0.659,-1,192000.0,/mnt/ubna_data_07/recover-20260219/UBNA_028/20260213_050000.WAV,recover-20260219,UBNA_028,E18 Bridge
LF,27840.0,25.519314587188063,154.7245,154.7326,27187.0,47976.0,Echolocation,Nyctalus leisleri,0.551,0.687,-1,192000.0,/mnt/ubna_data_07/recover-20260219/UBNA_028/20260213_050000.WAV,recover-20260219,UBNA_028,E18 Bridge
LF,27840.0,14.534692045294266,154.9325,154.941,27187.0,41155.0,Echolocation,Nyctalus leisleri,0.606,0.717,-1,192000.0,/mnt/ubna_data_07/recover-20260219/UBNA_028/20260213_050000.WAV,recover-20260219,UBNA_028,E18 Bridge
LF,28800.0,13.259475976583559,155.0775,155.0847,27187.0,44505.0,Echolocation,Nyctalus leisleri,0.535,0.713,-1,192000.0,/mnt/ubna_data_07/recover-20260219/UBNA_028/20260213_050000.WAV,recover-20260219,UBNA_028,E18 Bridge
LF,29760.0,11.746102393556628,155.19650000000001,155.205,28046.0,43050.0,Echolocation,Nyctalus leisleri,0.661,0.761,-1,192000.0,/mnt/ubna_data_07/recover-20260219/UBNA_028/20260213_050000.WAV,recover-20260219,UBNA_028,E18 Bridge
LF,29760.0,2.6521410689949536,157.7165,157.7251,28906.0,36140.0,Echolocation,Eptesicus serotinus,0.246,0.333,-1,192000.0,/mnt/ubna_data_07/recover-20260219/UBNA_028/20260213_050000.WAV,recover-20260219,UBNA_028,E18 Bridge
LF,28800.0,4.581405084786799,178.0135,178.0226,27187.0,34252.0,Echolocation,Nyctalus leisleri,0.179,0.371,-1,192000.0,/mnt/ubna_data_07/recover-20260219/UBNA_028/20260213_050000.WAV,recover-20260219,UBNA_028,E18 Bridge
LF,29760.0,5.682858250234139,178.1485,178.1596,28906.0,34089.0,Echolocation,Nyctalus leisleri,0.218,0.423,-1,192000.0,/mnt/ubna_data_07/recover-20260219/UBNA_028/20260213_050000.WAV,recover-20260219,UBNA_028,E18 Bridge
LF,27840.0,4.820062065732706,178.2855,178.296,27187.0,33165.0,Echolocation,Nyctalus leisleri,0.313,0.536,-1,192000.0,/mnt/ubna_data_07/recover-20260219/UBNA_028/20260213_050000.WAV,recover-20260219,UBNA_028,E18 Bridge
LF,29760.0,10.440960067749941,178.64249999999998,178.653,27187.0,36025.0,Echolocation,Nyctalus leisleri,0.392,0.66,-1,192000.0,/mnt/ubna_data_07/recover-20260219/UBNA_028/20260213_050000.WAV,recover-20260219,UBNA_028,E18 Bridge
LF,29760.0,12.08829878282984,178.7815,178.7906,28906.0,37372.0,Echolocation,Nyctalus leisleri,0.308,0.597,-1,192000.0,/mnt/ubna_data_07/recover-20260219/UBNA_028/20260213_050000.WAV,recover-20260219,UBNA_028,E18 Bridge
LF,28800.0,12.914453164795962,179.0115,179.0231,26328.0,36056.0,Echolocation,Nyctalus leisleri,0.379,0.591,-1,192000.0,/mnt/ubna_data_07/recover-20260219/UBNA_028/20260213_050000.WAV,recover-20260219,UBNA_028,E18 Bridge
LF,29760.0,17.736460584005066,179.4175,179.4261,28046.0,42510.0,Echolocation,Eptesicus serotinus,0.353,0.673,-1,192000.0,/mnt/ubna_data_07/recover-20260219/UBNA_028/20260213_050000.WAV,recover-20260219,UBNA_028,E18 Bridge
LF,26880.0,22.82031247649991,179.6705,179.6813,26328.0,43054.0,Echolocation,Nyctalus leisleri,0.446,0.69,-1,192000.0,/mnt/ubna_data_07/recover-20260219/UBNA_028/20260213_050000.WAV,recover-20260219,UBNA_028,E18 Bridge
LF,28800.0,22.212521293467024,179.8265,179.8364,27187.0,43913.0,Echolocation,Nyctalus leisleri,0.587,0.763,-1,192000.0,/mnt/ubna_data_07/recover-20260219/UBNA_028/20260213_050000.WAV,recover-20260219,UBNA_028,E18 Bridge
LF,26880.0,23.21405946953055,180.0595,180.07,27187.0,43727.0,Echolocation,Nyctalus leisleri,0.41,0.637,-1,192000.0,/mnt/ubna_data_07/recover-20260219/UBNA_028/20260213_050000.WAV,recover-20260219,UBNA_028,E18 Bridge
LF,28800.0,21.545084949213308,180.2025,180.2124,27187.0,45051.0,Echolocation,Nyctalus leisleri,0.588,0.766,-1,192000.0,/mnt/ubna_data_07/recover-20260219/UBNA_028/20260213_050000.WAV,recover-20260219,UBNA_028,E18 Bridge
LF,26880.0,28.55304931693383,180.6535,180.6631,27187.0,45399.0,Echolocation,Nyctalus leisleri,0.38,0.55,-1,192000.0,/mnt/ubna_data_07/recover-20260219/UBNA_028/20260213_050000.WAV,recover-20260219,UBNA_028,E18 Bridge
LF,29760.0,22.5067084990331,180.7845,180.7928,28046.0,47200.0,Echolocation,Nyctalus leisleri,0.481,0.648,-1,192000.0,/mnt/ubna_data_07/recover-20260219/UBNA_028/20260213_050000.WAV,recover-20260219,UBNA_028,E18 Bridge
LF,26880.0,26.150617401600353,181.4295,181.4401,26328.0,45501.0,Echolocation,Nyctalus leisleri,0.424,0.702,-1,192000.0,/mnt/ubna_data_07/recover-20260219/UBNA_028/20260213_050000.WAV,recover-20260219,UBNA_028,E18 Bridge
LF,26880.0,30.292193798479165,181.5565,181.5663,26328.0,48788.0,Echolocation,Nyctalus leisleri,0.473,0.672,-1,192000.0,/mnt/ubna_data_07/recover-20260219/UBNA_028/20260213_050000.WAV,recover-20260219,UBNA_028,E18 Bridge
LF,26880.0,33.0928641811776,181.7975,181.8092,25468.0,40561.0,Echolocation,Nyctalus leisleri,0.63,0.749,-1,192000.0,/mnt/ubna_data_07/recover-20260219/UBNA_028/20260213_050000.WAV,recover-20260219,UBNA_028,E18 Bridge
LF,26880.0,34.037467531821434,181.9365,181.9473,25468.0,47374.0,Echolocation,Nyctalus leisleri,0.445,0.676,-1,192000.0,/mnt/ubna_data_07/recover-20260219/UBNA_028/20260213_050000.WAV,recover-20260219,UBNA_028,E18 Bridge
LF,25920.0,29.815296690047866,182.1965,182.2089,25468.0,40374.0,Echolocation,Nyctalus leisleri,0.647,0.715,-1,192000.0,/mnt/ubna_data_07/recover-20260219/UBNA_028/20260213_050000.WAV,recover-20260219,UBNA_028,E18 Bridge
LF,26880.0,31.912903418755782,182.3495,182.3607,26328.0,44741.0,Echolocation,Nyctalus leisleri,0.572,0.709,-1,192000.0,/mnt/ubna_data_07/recover-20260219/UBNA_028/20260213_050000.WAV,recover-20260219,UBNA_028,E18 Bridge
LF,26880.0,25.339313752328884,182.6115,182.6249,25468.0,39797.0,Echolocation,Nyctalus leisleri,0.576,0.727,-1,192000.0,/mnt/ubna_data_07/recover-20260219/UBNA_028/20260213_050000.WAV,recover-20260219,UBNA_028,E18 Bridge
LF,26880.0,28.59066019670861,182.7525,182.7641,25468.0,42195.0,Echolocation,Nyctalus leisleri,0.468,0.643,-1,192000.0,/mnt/ubna_data_07/recover-20260219/UBNA_028/20260213_050000.WAV,recover-20260219,UBNA_028,E18 Bridge
LF,26880.0,20.061046784256323,182.8955,182.9051,26328.0,36923.0,Echolocation,Nyctalus leisleri,0.634,0.721,-1,192000.0,/mnt/ubna_data_07/recover-20260219/UBNA_028/20260213_050000.WAV,recover-20260219,UBNA_028,E18 Bridge
LF,26880.0,30.911855711635447,183.1515,183.1626,26328.0,44667.0,Echolocation,Nyctalus leisleri,0.626,0.724,-1,192000.0,/mnt/ubna_data_07/recover-20260219/UBNA_028/20260213_050000.WAV,recover-20260219,UBNA_028,E18 Bridge
LF,27840.0,17.73909045856863,183.2875,183.2976,26328.0,39886.0,Echolocation,Nyctalus leisleri,0.524,0.714,-1,192000.0,/mnt/ubna_data_07/recover-20260219/UBNA_028/20260213_050000.WAV,recover-20260219,UBNA_028,E18 Bridge
LF,25920.0,27.34293468774454,183.5525,183.5643,25468.0,43251.0,Echolocation,Nyctalus leisleri,0.518,0.704,-1,192000.0,/mnt/ubna_data_07/recover-20260219/UBNA_028/20260213_050000.WAV,recover-20260219,UBNA_028,E18 Bridge
LF,26880.0,27.16102996058458,183.6645,183.6774,25468.0,43475.0,Echolocation,Nyctalus leisleri,0.448,0.665,-1,192000.0,/mnt/ubna_data_07/recover-20260219/UBNA_028/20260213_050000.WAV,recover-20260219,UBNA_028,E18 Bridge
LF,29760.0,15.526086456785,183.7625,183.7729,26328.0,33478.0,Echolocation,Nyctalus leisleri,0.463,0.645,-1,192000.0,/mnt/ubna_data_07/recover-20260219/UBNA_028/20260213_050000.WAV,recover-20260219,UBNA_028,E18 Bridge
LF,26880.0,15.715145969976598,183.8565,183.8661,26328.0,33073.0,Echolocation,Nyctalus leisleri,0.499,0.649,-1,192000.0,/mnt/ubna_data_07/recover-20260219/UBNA_028/20260213_050000.WAV,recover-20260219,UBNA_028,E18 Bridge
LF,28800.0,17.218585313160645,183.9535,183.9613,27187.0,40865.0,Echolocation,Nyctalus leisleri,0.586,0.721,-1,192000.0,/mnt/ubna_data_07/recover-20260219/UBNA_028/20260213_050000.WAV,recover-20260219,UBNA_028,E18 Bridge
LF,28800.0,17.116510776833053,184.0885,184.0974,27187.0,42610.0,Echolocation,Nyctalus leisleri,0.613,0.721,-1,192000.0,/mnt/ubna_data_07/recover-20260219/UBNA_028/20260213_050000.WAV,recover-20260219,UBNA_028,E18 Bridge
LF,28800.0,20.659425461583503,184.2375,184.2466,27187.0,45758.0,Echolocation,Nyctalus leisleri,0.652,0.762,-1,192000.0,/mnt/ubna_data_07/recover-20260219/UBNA_028/20260213_050000.WAV,recover-20260219,UBNA_028,E18 Bridge
LF,28800.0,18.45822411835841,184.3775,184.3866,27187.0,41381.0,Echolocation,Nyctalus leisleri,0.669,0.752,-1,192000.0,/mnt/ubna_data_07/recover-20260219/UBNA_028/20260213_050000.WAV,recover-20260219,UBNA_028,E18 Bridge
LF,28800.0,21.346577923087864,184.5225,184.5319,27187.0,45994.0,Echolocation,Nyctalus leisleri,0.697,0.798,-1,192000.0,/mnt/ubna_data_07/recover-20260219/UBNA_028/20260213_050000.WAV,recover-20260219,UBNA_028,E18 Bridge
LF,28800.0,20.16227904848069,184.6695,184.6782,28046.0,45415.0,Echolocation,Nyctalus leisleri,0.664,0.764,-1,192000.0,/mnt/ubna_data_07/recover-20260219/UBNA_028/20260213_050000.WAV,recover-20260219,UBNA_028,E18 Bridge
LF,28800.0,21.938051024298083,184.8895,184.8961,28046.0,48099.0,Echolocation,Nyctalus leisleri,0.753,0.808,-1,192000.0,/mnt/ubna_data_07/recover-20260219/UBNA_028/20260213_050000.WAV,recover-20260219,UBNA_028,E18 Bridge
LF,27840.0,15.117426196475549,187.1765,187.1839,27187.0,45288.0,Echolocation,Nyctalus leisleri,0.523,0.709,-1,192000.0,/mnt/ubna_data_07/recover-20260219/UBNA_028/20260213_050000.WAV,recover-20260219,UBNA_028,E18 Bridge
LF,28800.0,17.543785100975484,187.80349999999999,187.8129,28046.0,40515.0,Echolocation,Nyctalus leisleri,0.459,0.621,-1,192000.0,/mnt/ubna_data_07/recover-20260219/UBNA_028/20260213_050000.WAV,recover-20260219,UBNA_028,E18 Bridge
LF,26880.0,22.57256716735857,188.0465,188.0552,26328.0,45094.0,Echolocation,Nyctalus leisleri,0.547,0.693,-1,192000.0,/mnt/ubna_data_07/recover-20260219/UBNA_028/20260213_050000.WAV,recover-20260219,UBNA_028,E18 Bridge
LF,28800.0,13.132973657317049,188.1875,188.19650000000001,28046.0,39728.0,Echolocation,Nyctalus leisleri,0.309,0.626,-1,192000.0,/mnt/ubna_data_07/recover-20260219/UBNA_028/20260213_050000.WAV,recover-20260219,UBNA_028,E18 Bridge
LF,28800.0,17.850689993744666,188.3285,188.337,27187.0,46267.0,Echolocation,Nyctalus leisleri,0.453,0.72,-1,192000.0,/mnt/ubna_data_07/recover-20260219/UBNA_028/20260213_050000.WAV,recover-20260219,UBNA_028,E18 Bridge
LF,28800.0,13.352695767803173,188.4715,188.4808,28046.0,37112.0,Echolocation,Eptesicus serotinus,0.333,0.616,-1,192000.0,/mnt/ubna_data_07/recover-20260219/UBNA_028/20260213_050000.WAV,recover-20260219,UBNA_028,E18 Bridge
LF,27840.0,13.918871500272834,188.6145,188.623,27187.0,48110.0,Echolocation,Eptesicus serotinus,0.44,0.678,-1,192000.0,/mnt/ubna_data_07/recover-20260219/UBNA_028/20260213_050000.WAV,recover-20260219,UBNA_028,E18 Bridge
LF,26880.0,10.756798111602423,188.7745,188.7871,27187.0,33896.0,Echolocation,Nyctalus leisleri,0.205,0.373,-1,192000.0,/mnt/ubna_data_07/recover-20260219/UBNA_028/20260213_050000.WAV,recover-20260219,UBNA_028,E18 Bridge
LF,26880.0,12.024601095960287,189.0145,189.0253,26328.0,42997.0,Echolocation,Eptesicus serotinus,0.447,0.62,-1,192000.0,/mnt/ubna_data_07/recover-20260219/UBNA_028/20260213_050000.WAV,recover-20260219,UBNA_028,E18 Bridge
LF,28800.0,9.940644549311346,189.1535,189.1627,27187.0,36368.0,Echolocation,Eptesicus serotinus,0.302,0.572,-1,192000.0,/mnt/ubna_data_07/recover-20260219/UBNA_028/20260213_050000.WAV,recover-20260219,UBNA_028,E18 Bridge
LF,28800.0,14.23873357860986,189.2865,189.2943,27187.0,42115.0,Echolocation,Nyctalus leisleri,0.462,0.736,-1,192000.0,/mnt/ubna_data_07/recover-20260219/UBNA_028/20260213_050000.WAV,recover-20260219,UBNA_028,E18 Bridge
LF,28800.0,10.76151521713479,189.4485,189.457,27187.0,38424.0,Echolocation,Eptesicus serotinus,0.475,0.66,-1,192000.0,/mnt/ubna_data_07/recover-20260219/UBNA_028/20260213_050000.WAV,recover-20260219,UBNA_028,E18 Bridge
LF,29760.0,8.63854657776323,189.6185,189.6256,27187.0,37000.0,Echolocation,Eptesicus serotinus,0.395,0.649,-1,192000.0,/mnt/ubna_data_07/recover-20260219/UBNA_028/20260213_050000.WAV,recover-20260219,UBNA_028,E18 Bridge
LF,28800.0,6.777882680445879,189.7925,189.8006,28046.0,37187.0,Echolocation,Eptesicus serotinus,0.368,0.593,-1,192000.0,/mnt/ubna_data_07/recover-20260219/UBNA_028/20260213_050000.WAV,recover-20260219,UBNA_028,E18 Bridge
LF,29760.0,3.470766937828393,207.8445,207.8544,28046.0,35004.0,Echolocation,Eptesicus serotinus,0.294,0.431,-1,192000.0,/mnt/ubna_data_07/recover-20260219/UBNA_028/20260213_050000.WAV,recover-20260219,UBNA_028,E18 Bridge
LF,29760.0,3.073519626077953,207.98250000000002,207.9934,28046.0,34033.0,Echolocation,Nyctalus leisleri,0.203,0.392,-1,192000.0,/mnt/ubna_data_07/recover-20260219/UBNA_028/20260213_050000.WAV,recover-20260219,UBNA_028,E18 Bridge
LF,29760.0,7.112540370783722,208.1195,208.1291,28906.0,36025.0,Echolocation,Nyctalus leisleri,0.316,0.591,-1,192000.0,/mnt/ubna_data_07/recover-20260219/UBNA_028/20260213_050000.WAV,recover-20260219,UBNA_028,E18 Bridge
LF,28800.0,6.77183147812819,208.2615,208.2709,28046.0,34301.0,Echolocation,Nyctalus leisleri,0.369,0.569,-1,192000.0,/mnt/ubna_data_07/recover-20260219/UBNA_028/20260213_050000.WAV,recover-20260219,UBNA_028,E18 Bridge
LF,29760.0,7.187064338362887,208.6275,208.6367,28046.0,37510.0,Echolocation,Eptesicus serotinus,0.341,0.636,-1,192000.0,/mnt/ubna_data_07/recover-20260219/UBNA_028/20260213_050000.WAV,recover-20260219,UBNA_028,E18 Bridge
LF,26880.0,16.118119779443564,208.8705,208.8813,26328.0,42852.0,Echolocation,Eptesicus serotinus,0.391,0.694,-1,192000.0,/mnt/ubna_data_07/recover-20260219/UBNA_028/20260213_050000.WAV,recover-20260219,UBNA_028,E18 Bridge
LF,26880.0,18.58479940499208,209.1195,209.1292,26328.0,44384.0,Echolocation,Nyctalus leisleri,0.425,0.72,-1,192000.0,/mnt/ubna_data_07/recover-20260219/UBNA_028/20260213_050000.WAV,recover-20260219,UBNA_028,E18 Bridge
LF,29760.0,13.658493380112214,209.2745,209.2841,27187.0,43570.0,Echolocation,Nyctalus leisleri,0.356,0.687,-1,192000.0,/mnt/ubna_data_07/recover-20260219/UBNA_028/20260213_050000.WAV,recover-20260219,UBNA_028,E18 Bridge
LF,26880.0,16.402843323585806,209.4105,209.4207,26328.0,44820.0,Echolocation,Eptesicus serotinus,0.398,0.694,-1,192000.0,/mnt/ubna_data_07/recover-20260219/UBNA_028/20260213_050000.WAV,recover-20260219,UBNA_028,E18 Bridge
LF,26880.0,21.225340429207208,209.6535,209.6643,26328.0,41037.0,Echolocation,Nyctalus leisleri,0.51,0.701,-1,192000.0,/mnt/ubna_data_07/recover-20260219/UBNA_028/20260213_050000.WAV,recover-20260219,UBNA_028,E18 Bridge
LF,26880.0,20.961520090581338,209.8855,209.8971,26328.0,40601.0,Echolocation,Eptesicus serotinus,0.482,0.665,-1,192000.0,/mnt/ubna_data_07/recover-20260219/UBNA_028/20260213_050000.WAV,recover-20260219,UBNA_028,E18 Bridge
LF,27840.0,22.9313135939533,210.0275,210.0382,26328.0,39994.0,Echolocation,Nyctalus leisleri,0.61,0.737,-1,192000.0,/mnt/ubna_data_07/recover-20260219/UBNA_028/20260213_050000.WAV,recover-20260219,UBNA_028,E18 Bridge
LF,27840.0,19.280837676578603,210.1695,210.1786,27187.0,42987.0,Echolocation,Nyctalus leisleri,0.526,0.715,-1,192000.0,/mnt/ubna_data_07/recover-20260219/UBNA_028/20260213_050000.WAV,recover-20260219,UBNA_028,E18 Bridge
LF,26880.0,17.20437866192086,210.3945,210.4046,26328.0,41105.0,Echolocation,Nyctalus leisleri,0.683,0.74,-1,192000.0,/mnt/ubna_data_07/recover-20260219/UBNA_028/20260213_050000.WAV,recover-20260219,UBNA_028,E18 Bridge
LF,26880.0,18.150678904370164,210.5445,210.5551,26328.0,43782.0,Echolocation,Nyctalus leisleri,0.5,0.711,-1,192000.0,/mnt/ubna_data_07/recover-20260219/UBNA_028/20260213_050000.WAV,recover-20260219,UBNA_028,E18 Bridge
LF,26880.0,25.823703058915495,210.7785,210.7887,26328.0,41608.0,Echolocation,Nyctalus leisleri,0.513,0.636,-1,192000.0,/mnt/ubna_data_07/recover-20260219/UBNA_028/20260213_050000.WAV,recover-20260219,UBNA_028,E18 Bridge
LF,28800.0,21.925005919577902,210.9165,210.9259,27187.0,46449.0,Echolocation,Nyctalus leisleri,0.559,0.743,-1,192000.0,/mnt/ubna_data_07/recover-20260219/UBNA_028/20260213_050000.WAV,recover-20260219,UBNA_028,E18 Bridge
LF,26880.0,29.522341648885373,211.3275,211.3399,25468.0,44014.0,Echolocation,Nyctalus leisleri,0.559,0.732,-1,192000.0,/mnt/ubna_data_07/recover-20260219/UBNA_028/20260213_050000.WAV,recover-20260219,UBNA_028,E18 Bridge
LF,26880.0,34.809308897536184,211.5805,211.5922,25468.0,44246.0,Echolocation,Nyctalus leisleri,0.596,0.741,-1,192000.0,/mnt/ubna_data_07/recover-20260219/UBNA_028/20260213_050000.WAV,recover-20260219,UBNA_028,E18 Bridge
LF,26880.0,31.797944624446547,211.7205,211.7324,25468.0,46721.0,Echolocation,Nyctalus leisleri,0.428,0.682,-1,192000.0,/mnt/ubna_data_07/recover-20260219/UBNA_028/20260213_050000.WAV,recover-20260219,UBNA_028,E18 Bridge
LF,26880.0,21.66333923597626,211.8615,211.8721,26328.0,43864.0,Echolocation,Nyctalus leisleri,0.486,0.681,-1,192000.0,/mnt/ubna_data_07/recover-20260219/UBNA_028/20260213_050000.WAV,recover-20260219,UBNA_028,E18 Bridge
LF,26880.0,34.41190114689415,212.1275,212.138,26328.0,44913.0,Echolocation,Nyctalus leisleri,0.599,0.708,-1,192000.0,/mnt/ubna_data_07/recover-20260219/UBNA_028/20260213_050000.WAV,recover-20260219,UBNA_028,E18 Bridge
LF,26880.0,22.740664605707458,212.2775,212.2884,26328.0,40258.0,Echolocation,Nyctalus leisleri,0.509,0.716,-1,192000.0,/mnt/ubna_data_07/recover-20260219/UBNA_028/20260213_050000.WAV,recover-20260219,UBNA_028,E18 Bridge
LF,26880.0,30.638799499733032,212.5035,212.5152,25468.0,44001.0,Echolocation,Nyctalus leisleri,0.595,0.723,-1,192000.0,/mnt/ubna_data_07/recover-20260219/UBNA_028/20260213_050000.WAV,recover-20260219,UBNA_028,E18 Bridge
LF,25920.0,23.987337627592346,212.7605,212.7721,25468.0,38352.0,Echolocation,Nyctalus leisleri,0.625,0.718,-1,192000.0,/mnt/ubna_data_07/recover-20260219/UBNA_028/20260213_050000.WAV,recover-20260219,UBNA_028,E18 Bridge
LF,26880.0,27.166226482392126,212.9065,212.9189,26328.0,42794.0,Echolocation,Nyctalus leisleri,0.436,0.644,-1,192000.0,/mnt/ubna_data_07/recover-20260219/UBNA_028/20260213_050000.WAV,recover-20260219,UBNA_028,E18 Bridge
LF,25920.0,21.179709666875745,213.1865,213.1993,25468.0,34275.0,Echolocation,Nyctalus leisleri,0.344,0.66,-1,192000.0,/mnt/ubna_data_07/recover-20260219/UBNA_028/20260213_050000.WAV,recover-20260219,UBNA_028,E18 Bridge
LF,27840.0,23.398599036914778,213.4495,213.462,25468.0,40497.0,Echolocation,Nyctalus leisleri,0.524,0.693,-1,192000.0,/mnt/ubna_data_07/recover-20260219/UBNA_028/20260213_050000.WAV,recover-20260219,UBNA_028,E18 Bridge
LF,25920.0,24.342307538073445,213.7005,213.7125,25468.0,38971.0,Echolocation,Nyctalus leisleri,0.451,0.716,-1,192000.0,/mnt/ubna_data_07/recover-20260219/UBNA_028/20260213_050000.WAV,recover-20260219,UBNA_028,E18 Bridge
LF,27840.0,21.182067555400174,213.9365,213.9475,26328.0,40105.0,Echolocation,Nyctalus leisleri,0.408,0.684,-1,192000.0,/mnt/ubna_data_07/recover-20260219/UBNA_028/20260213_050000.WAV,recover-20260219,UBNA_028,E18 Bridge
LF,26880.0,26.7173018522087,214.1545,214.1651,26328.0,44657.0,Echolocation,Nyctalus leisleri,0.662,0.767,-1,192000.0,/mnt/ubna_data_07/recover-20260219/UBNA_028/20260213_050000.WAV,recover-20260219,UBNA_028,E18 Bridge
LF,29760.0,25.678001425821137,214.2915,214.3009,27187.0,47055.0,Echolocation,Nyctalus leisleri,0.648,0.764,-1,192000.0,/mnt/ubna_data_07/recover-20260219/UBNA_028/20260213_050000.WAV,recover-20260219,UBNA_028,E18 Bridge
LF,29760.0,23.0763245844137,214.5015,214.5117,27187.0,44684.0,Echolocation,Nyctalus leisleri,0.591,0.753,-1,192000.0,/mnt/ubna_data_07/recover-20260219/UBNA_028/20260213_050000.WAV,recover-20260219,UBNA_028,E18 Bridge
LF,29760.0,24.07562648270034,214.6415,214.6503,27187.0,45035.0,Echolocation,Nyctalus leisleri,0.615,0.726,-1,192000.0,/mnt/ubna_data_07/recover-20260219/UBNA_028/20260213_050000.WAV,recover-20260219,UBNA_028,E18 Bridge
LF,28800.0,20.456898840918896,214.7665,214.7754,27187.0,45438.0,Echolocation,Nyctalus leisleri,0.611,0.726,-1,192000.0,/mnt/ubna_data_07/recover-20260219/UBNA_028/20260213_050000.WAV,recover-20260219,UBNA_028,E18 Bridge
LF,29760.0,23.74190827092196,215.0525,215.0619,27187.0,47794.0,Echolocation,Nyctalus leisleri,0.571,0.755,-1,192000.0,/mnt/ubna_data_07/recover-20260219/UBNA_028/20260213_050000.WAV,recover-20260219,UBNA_028,E18 Bridge
LF,29760.0,26.376552073190492,215.1845,215.1928,28046.0,47826.0,Echolocation,Nyctalus leisleri,0.566,0.713,-1,192000.0,/mnt/ubna_data_07/recover-20260219/UBNA_028/20260213_050000.WAV,recover-20260219,UBNA_028,E18 Bridge
LF,28800.0,29.35019610987036,215.3225,215.3311,27187.0,47568.0,Echolocation,Nyctalus leisleri,0.635,0.757,-1,192000.0,/mnt/ubna_data_07/recover-20260219/UBNA_028/20260213_050000.WAV,recover-20260219,UBNA_028,E18 Bridge
LF,28800.0,24.943498838011532,215.6225,215.6317,27187.0,48795.0,Echolocation,Nyctalus leisleri,0.56,0.714,-1,192000.0,/mnt/ubna_data_07/recover-20260219/UBNA_028/20260213_050000.WAV,recover-20260219,UBNA_028,E18 Bridge
LF,28800.0,29.636557254145004,215.7705,215.78,27187.0,46569.0,Echolocation,Nyctalus leisleri,0.632,0.736,-1,192000.0,/mnt/ubna_data_07/recover-20260219/UBNA_028/20260213_050000.WAV,recover-20260219,UBNA_028,E18 Bridge
LF,27840.0,31.926869683571706,216.0415,216.0523,26328.0,47892.0,Echolocation,Nyctalus leisleri,0.574,0.707,-1,192000.0,/mnt/ubna_data_07/recover-20260219/UBNA_028/20260213_050000.WAV,recover-20260219,UBNA_028,E18 Bridge
LF,29760.0,31.154134748713936,216.3285,216.338,26328.0,47809.0,Echolocation,Nyctalus leisleri,0.703,0.766,-1,192000.0,/mnt/ubna_data_07/recover-20260219/UBNA_028/20260213_050000.WAV,recover-20260219,UBNA_028,E18 Bridge
LF,26880.0,28.306509159759877,216.5875,216.5971,26328.0,47034.0,Echolocation,Nyctalus leisleri,0.654,0.742,-1,192000.0,/mnt/ubna_data_07/recover-20260219/UBNA_028/20260213_050000.WAV,recover-20260219,UBNA_028,E18 Bridge
LF,26880.0,27.93361006238748,216.7355,216.7451,26328.0,46088.0,Echolocation,Nyctalus leisleri,0.547,0.72,-1,192000.0,/mnt/ubna_data_07/recover-20260219/UBNA_028/20260213_050000.WAV,recover-20260219,UBNA_028,E18 Bridge
LF,29760.0,32.571951665122384,216.8805,216.8905,26328.0,47868.0,Echolocation,Nyctalus leisleri,0.644,0.746,-1,192000.0,/mnt/ubna_data_07/recover-20260219/UBNA_028/20260213_050000.WAV,recover-20260219,UBNA_028,E18 Bridge
LF,26880.0,25.438189097935936,217.0245,217.0348,26328.0,45640.0,Echolocation,Nyctalus leisleri,0.602,0.708,-1,192000.0,/mnt/ubna_data_07/recover-20260219/UBNA_028/20260213_050000.WAV,recover-20260219,UBNA_028,E18 Bridge
LF,29760.0,26.15817654543349,217.2695,217.2791,26328.0,46082.0,Echolocation,Nyctalus leisleri,0.544,0.671,-1,192000.0,/mnt/ubna_data_07/recover-20260219/UBNA_028/20260213_050000.WAV,recover-20260219,UBNA_028,E18 Bridge
LF,28800.0,11.014240438438145,217.4995,217.5095,27187.0,41206.0,Echolocation,Nyctalus leisleri,0.389,0.666,-1,192000.0,/mnt/ubna_data_07/recover-20260219/UBNA_028/20260213_050000.WAV,recover-20260219,UBNA_028,E18 Bridge
LF,26880.0,22.427546577348757,217.6495,217.6591,26328.0,41663.0,Echolocation,Nyctalus leisleri,0.675,0.74,-1,192000.0,/mnt/ubna_data_07/recover-20260219/UBNA_028/20260213_050000.WAV,recover-20260219,UBNA_028,E18 Bridge
LF,28800.0,15.587536907768417,217.8045,217.8144,28046.0,40365.0,Echolocation,Nyctalus leisleri,0.521,0.633,-1,192000.0,/mnt/ubna_data_07/recover-20260219/UBNA_028/20260213_050000.WAV,recover-20260219,UBNA_028,E18 Bridge
LF,26880.0,20.34553372019936,217.9745,217.9848,27187.0,40877.0,Echolocation,Nyctalus leisleri,0.629,0.714,-1,192000.0,/mnt/ubna_data_07/recover-20260219/UBNA_028/20260213_050000.WAV,recover-20260219,UBNA_028,E18 Bridge
LF,26880.0,15.309534848831978,218.17849999999999,218.1885,26328.0,39158.0,Echolocation,Nyctalus leisleri,0.325,0.641,-1,192000.0,/mnt/ubna_data_07/recover-20260219/UBNA_028/20260213_050000.WAV,recover-20260219,UBNA_028,E18 Bridge
LF,27840.0,17.72454237780401,218.3535,218.3626,26328.0,45460.0,Echolocation,Eptesicus serotinus,0.47,0.644,-1,192000.0,/mnt/ubna_data_07/recover-20260219/UBNA_028/20260213_050000.WAV,recover-20260219,UBNA_028,E18 Bridge
LF,28800.0,9.648680001861363,218.5035,218.5126,28046.0,37149.0,Echolocation,Nyctalus leisleri,0.337,0.664,-1,192000.0,/mnt/ubna_data_07/recover-20260219/UBNA_028/20260213_050000.WAV,recover-20260219,UBNA_028,E18 Bridge
LF,28800.0,13.919560837606856,218.6525,218.6606,27187.0,36763.0,Echolocation,Nyctalus leisleri,0.376,0.678,-1,192000.0,/mnt/ubna_data_07/recover-20260219/UBNA_028/20260213_050000.WAV,recover-20260219,UBNA_028,E18 Bridge
LF,29760.0,6.956446011803294,218.8115,218.8182,28046.0,38166.0,Echolocation,Eptesicus serotinus,0.469,0.598,-1,192000.0,/mnt/ubna_data_07/recover-20260219/UBNA_028/20260213_050000.WAV,recover-20260219,UBNA_028,E18 Bridge
LF,29760.0,2.449883224333054,218.9445,218.9532,26328.0,36946.0,Echolocation,Eptesicus serotinus,0.369,0.488,-1,192000.0,/mnt/ubna_data_07/recover-20260219/UBNA_028/20260213_050000.WAV,recover-20260219,UBNA_028,E18 Bridge
LF,28800.0,2.3388616717664568,219.0925,219.1028,27187.0,34042.0,Echolocation,Eptesicus serotinus,0.236,0.365,-1,192000.0,/mnt/ubna_data_07/recover-20260219/UBNA_028/20260213_050000.WAV,recover-20260219,UBNA_028,E18 Bridge
LF,28800.0,2.4539301914468448,219.2345,219.2423,27187.0,35373.0,Echolocation,Eptesicus serotinus,0.296,0.487,-1,192000.0,/mnt/ubna_data_07/recover-20260219/UBNA_028/20260213_050000.WAV,recover-20260219,UBNA_028,E18 Bridge
LF,28800.0,3.9356561767123024,219.8075,219.8156,27187.0,35806.0,Echolocation,Eptesicus serotinus,0.335,0.587,-1,192000.0,/mnt/ubna_data_07/recover-20260219/UBNA_028/20260213_050000.WAV,recover-20260219,UBNA_028,E18 Bridge
LF,29760.0,3.0031034846628026,230.3195,230.33089999999999,28046.0,34503.0,Echolocation,Eptesicus serotinus,0.193,0.371,-1,192000.0,/mnt/ubna_data_07/recover-20260219/UBNA_028/20260213_050000.WAV,recover-20260219,UBNA_028,E18 Bridge
LF,28800.0,7.105532534725544,230.6535,230.6645,27187.0,34381.0,Echolocation,Nyctalus leisleri,0.226,0.467,-1,192000.0,/mnt/ubna_data_07/recover-20260219/UBNA_028/20260213_050000.WAV,recover-20260219,UBNA_028,E18 Bridge
LF,27840.0,6.757938059188659,231.0045,231.01330000000002,27187.0,39273.0,Echolocation,Eptesicus serotinus,0.427,0.608,-1,192000.0,/mnt/ubna_data_07/recover-20260219/UBNA_028/20260213_050000.WAV,recover-20260219,UBNA_028,E18 Bridge
LF,28800.0,8.603989242257985,231.3585,231.3674,27187.0,35628.0,Echolocation,Nyctalus leisleri,0.362,0.683,-1,192000.0,/mnt/ubna_data_07/recover-20260219/UBNA_028/20260213_050000.WAV,recover-20260219,UBNA_028,E18 Bridge
LF,26880.0,10.501032245293281,231.5765,231.5849,27187.0,41943.0,Echolocation,Eptesicus serotinus,0.427,0.578,-1,192000.0,/mnt/ubna_data_07/recover-20260219/UBNA_028/20260213_050000.WAV,recover-20260219,UBNA_028,E18 Bridge
LF,28800.0,9.26971402013676,231.73250000000002,231.7406,28046.0,37852.0,Echolocation,Eptesicus serotinus,0.386,0.63,-1,192000.0,/mnt/ubna_data_07/recover-20260219/UBNA_028/20260213_050000.WAV,recover-20260219,UBNA_028,E18 Bridge
LF,27840.0,12.566318520508542,232.0765,232.0848,27187.0,40282.0,Echolocation,Nyctalus leisleri,0.433,0.686,-1,192000.0,/mnt/ubna_data_07/recover-20260219/UBNA_028/20260213_050000.WAV,recover-20260219,UBNA_028,E18 Bridge
LF,29760.0,13.90321908794753,232.20850000000002,232.2168,28046.0,42117.0,Echolocation,Nyctalus leisleri,0.487,0.706,-1,192000.0,/mnt/ubna_data_07/recover-20260219/UBNA_028/20260213_050000.WAV,recover-20260219,UBNA_028,E18 Bridge
LF,28800.0,14.85260993161761,232.4275,232.4367,27187.0,41262.0,Echolocation,Nyctalus leisleri,0.527,0.623,-1,192000.0,/mnt/ubna_data_07/recover-20260219/UBNA_028/20260213_050000.WAV,recover-20260219,UBNA_028,E18 Bridge
LF,29760.0,18.57607154978428,232.5685,232.5769,28046.0,42572.0,Echolocation,Nyctalus leisleri,0.618,0.747,-1,192000.0,/mnt/ubna_data_07/recover-20260219/UBNA_028/20260213_050000.WAV,recover-20260219,UBNA_028,E18 Bridge
LF,28800.0,16.756326033373256,232.6975,232.70589999999999,27187.0,44491.0,Echolocation,Nyctalus leisleri,0.501,0.692,-1,192000.0,/mnt/ubna_data_07/recover-20260219/UBNA_028/20260213_050000.WAV,recover-20260219,UBNA_028,E18 Bridge
LF,27840.0,18.00612990939104,232.9445,232.9554,26328.0,39903.0,Echolocation,Nyctalus leisleri,0.578,0.671,-1,192000.0,/mnt/ubna_data_07/recover-20260219/UBNA_028/20260213_050000.WAV,recover-20260219,UBNA_028,E18 Bridge
LF,28800.0,20.0858043622002,233.0855,233.09550000000002,27187.0,37233.0,Echolocation,Nyctalus leisleri,0.625,0.709,-1,192000.0,/mnt/ubna_data_07/recover-20260219/UBNA_028/20260213_050000.WAV,recover-20260219,UBNA_028,E18 Bridge
LF,28800.0,23.17394697706531,233.2985,233.3082,27187.0,45683.0,Echolocation,Nyctalus leisleri,0.642,0.709,-1,192000.0,/mnt/ubna_data_07/recover-20260219/UBNA_028/20260213_050000.WAV,recover-20260219,UBNA_028,E18 Bridge
LF,28800.0,28.043044292725853,233.5355,233.54489999999998,27187.0,45714.0,Echolocation,Nyctalus leisleri,0.6,0.69,-1,192000.0,/mnt/ubna_data_07/recover-20260219/UBNA_028/20260213_050000.WAV,recover-20260219,UBNA_028,E18 Bridge
LF,29760.0,27.256462124351163,233.7865,233.79579999999999,27187.0,45817.0,Echolocation,Nyctalus leisleri,0.63,0.713,-1,192000.0,/mnt/ubna_data_07/recover-20260219/UBNA_028/20260213_050000.WAV,recover-20260219,UBNA_028,E18 Bridge
LF,29760.0,20.559517423262463,234.1725,234.1767,24609.0,42880.0,Echolocation,Plecotus auritus,0.197,0.416,-1,192000.0,/mnt/ubna_data_07/recover-20260219/UBNA_028/20260213_050000.WAV,recover-20260219,UBNA_028,E18 Bridge
LF,27840.0,19.544023324196548,234.3315,234.3413,27187.0,43405.0,Echolocation,Nyctalus leisleri,0.628,0.727,-1,192000.0,/mnt/ubna_data_07/recover-20260219/UBNA_028/20260213_050000.WAV,recover-20260219,UBNA_028,E18 Bridge
LF,26880.0,28.469835242521576,234.4735,234.4835,26328.0,43718.0,Echolocation,Nyctalus leisleri,0.723,0.789,-1,192000.0,/mnt/ubna_data_07/recover-20260219/UBNA_028/20260213_050000.WAV,recover-20260219,UBNA_028,E18 Bridge
LF,27840.0,26.08802756986217,234.60750000000002,234.6173,26328.0,48728.0,Echolocation,Nyctalus leisleri,0.764,0.836,-1,192000.0,/mnt/ubna_data_07/recover-20260219/UBNA_028/20260213_050000.WAV,recover-20260219,UBNA_028,E18 Bridge
LF,26880.0,20.148569669782535,234.8435,234.8539,26328.0,41510.0,Echolocation,Nyctalus leisleri,0.722,0.774,-1,192000.0,/mnt/ubna_data_07/recover-20260219/UBNA_028/20260213_050000.WAV,recover-20260219,UBNA_028,E18 Bridge
LF,26880.0,20.326344256722845,235.1035,235.1139,26328.0,37643.0,Echolocation,Nyctalus leisleri,0.505,0.633,-1,192000.0,/mnt/ubna_data_07/recover-20260219/UBNA_028/20260213_050000.WAV,recover-20260219,UBNA_028,E18 Bridge
LF,26880.0,26.537438217967335,235.2415,235.2509,26328.0,42603.0,Echolocation,Nyctalus leisleri,0.576,0.714,-1,192000.0,/mnt/ubna_data_07/recover-20260219/UBNA_028/20260213_050000.WAV,recover-20260219,UBNA_028,E18 Bridge
LF,26880.0,22.67927378950329,235.4895,235.5007,26328.0,38179.0,Echolocation,Nyctalus leisleri,0.571,0.712,-1,192000.0,/mnt/ubna_data_07/recover-20260219/UBNA_028/20260213_050000.WAV,recover-20260219,UBNA_028,E18 Bridge
LF,26880.0,27.77692227909643,235.7415,235.7534,26328.0,40365.0,Echolocation,Nyctalus leisleri,0.472,0.654,-1,192000.0,/mnt/ubna_data_07/recover-20260219/UBNA_028/20260213_050000.WAV,recover-20260219,UBNA_028,E18 Bridge
LF,27840.0,17.242505035066593,235.8855,235.8965,26328.0,34729.0,Echolocation,Nyctalus leisleri,0.621,0.717,-1,192000.0,/mnt/ubna_data_07/recover-20260219/UBNA_028/20260213_050000.WAV,recover-20260219,UBNA_028,E18 Bridge
LF,26880.0,24.162228007309675,236.1495,236.16140000000001,25468.0,41657.0,Echolocation,Nyctalus leisleri,0.35,0.666,-1,192000.0,/mnt/ubna_data_07/recover-20260219/UBNA_028/20260213_050000.WAV,recover-20260219,UBNA_028,E18 Bridge
LF,28800.0,18.12007696347629,236.2905,236.30180000000001,26328.0,42826.0,Echolocation,Nyctalus leisleri,0.417,0.719,-1,192000.0,/mnt/ubna_data_07/recover-20260219/UBNA_028/20260213_050000.WAV,recover-20260219,UBNA_028,E18 Bridge
LF,28800.0,12.126955088747412,236.4365,236.4464,27187.0,39915.0,Echolocation,Nyctalus leisleri,0.538,0.729,-1,192000.0,/mnt/ubna_data_07/recover-20260219/UBNA_028/20260213_050000.WAV,recover-20260219,UBNA_028,E18 Bridge
LF,26880.0,22.370767761618037,236.66649999999998,236.6784,25468.0,40889.0,Echolocation,Nyctalus leisleri,0.427,0.655,-1,192000.0,/mnt/ubna_data_07/recover-20260219/UBNA_028/20260213_050000.WAV,recover-20260219,UBNA_028,E18 Bridge
LF,25920.0,17.386206660085772,236.9335,236.9446,25468.0,34306.0,Echolocation,Nyctalus leisleri,0.421,0.66,-1,192000.0,/mnt/ubna_data_07/recover-20260219/UBNA_028/20260213_050000.WAV,recover-20260219,UBNA_028,E18 Bridge
LF,25920.0,19.39266091714475,237.1805,237.1907,25468.0,33704.0,Echolocation,Nyctalus leisleri,0.5,0.643,-1,192000.0,/mnt/ubna_data_07/recover-20260219/UBNA_028/20260213_050000.WAV,recover-20260219,UBNA_028,E18 Bridge
LF,27840.0,6.581681075594011,237.3175,237.3277,27187.0,35161.0,Echolocation,Nyctalus leisleri,0.326,0.654,-1,192000.0,/mnt/ubna_data_07/recover-20260219/UBNA_028/20260213_050000.WAV,recover-20260219,UBNA_028,E18 Bridge
LF,25920.0,5.375375095889799,237.6675,237.6795,25468.0,31670.0,Echolocation,Nyctalus leisleri,0.301,0.501,-1,192000.0,/mnt/ubna_data_07/recover-20260219/UBNA_028/20260213_050000.WAV,recover-20260219,UBNA_028,E18 Bridge
LF,28800.0,11.604111854044103,237.9115,237.9217,26328.0,32745.0,Echolocation,Nyctalus leisleri,0.569,0.701,-1,192000.0,/mnt/ubna_data_07/recover-20260219/UBNA_028/20260213_050000.WAV,recover-20260219,UBNA_028,E18 Bridge
LF,26880.0,12.716644808592894,238.1405,238.1507,26328.0,36777.0,Echolocation,Nyctalus leisleri,0.528,0.719,-1,192000.0,/mnt/ubna_data_07/recover-20260219/UBNA_028/20260213_050000.WAV,recover-20260219,UBNA_028,E18 Bridge
LF,26880.0,15.113517724664632,238.29149999999998,238.302,26328.0,38500.0,Echolocation,Nyctalus leisleri,0.528,0.713,-1,192000.0,/mnt/ubna_data_07/recover-20260219/UBNA_028/20260213_050000.WAV,recover-20260219,UBNA_028,E18 Bridge
LF,26880.0,18.347178987072997,238.5395,238.5494,26328.0,38047.0,Echolocation,Nyctalus leisleri,0.535,0.71,-1,192000.0,/mnt/ubna_data_07/recover-20260219/UBNA_028/20260213_050000.WAV,recover-20260219,UBNA_028,E18 Bridge
LF,26880.0,15.33034840625277,238.6855,238.6948,26328.0,35302.0,Echolocation,Nyctalus leisleri,0.618,0.728,-1,192000.0,/mnt/ubna_data_07/recover-20260219/UBNA_028/20260213_050000.WAV,recover-20260219,UBNA_028,E18 Bridge
LF,26880.0,18.24976896559766,238.8295,238.8395,26328.0,39468.0,Echolocation,Nyctalus leisleri,0.656,0.762,-1,192000.0,/mnt/ubna_data_07/recover-20260219/UBNA_028/20260213_050000.WAV,recover-20260219,UBNA_028,E18 Bridge
LF,26880.0,21.0569211516494,239.0975,239.1084,26328.0,39301.0,Echolocation,Nyctalus leisleri,0.552,0.702,-1,192000.0,/mnt/ubna_data_07/recover-20260219/UBNA_028/20260213_050000.WAV,recover-20260219,UBNA_028,E18 Bridge
LF,26880.0,16.814129740931836,239.2455,239.2552,27187.0,39828.0,Echolocation,Nyctalus leisleri,0.641,0.74,-1,192000.0,/mnt/ubna_data_07/recover-20260219/UBNA_028/20260213_050000.WAV,recover-20260219,UBNA_028,E18 Bridge
LF,26880.0,20.1694806364584,239.4955,239.5065,26328.0,41021.0,Echolocation,Nyctalus leisleri,0.403,0.715,-1,192000.0,/mnt/ubna_data_07/recover-20260219/UBNA_028/20260213_050000.WAV,recover-20260219,UBNA_028,E18 Bridge
LF,26880.0,21.716471535875314,239.8855,239.8959,26328.0,42462.0,Echolocation,Nyctalus leisleri,0.603,0.735,-1,192000.0,/mnt/ubna_data_07/recover-20260219/UBNA_028/20260213_050000.WAV,recover-20260219,UBNA_028,E18 Bridge
LF,27840.0,22.90694614114002,240.0265,240.0365,27187.0,44829.0,Echolocation,Nyctalus leisleri,0.693,0.783,-1,192000.0,/mnt/ubna_data_07/recover-20260219/UBNA_028/20260213_050000.WAV,recover-20260219,UBNA_028,E18 Bridge
LF,26880.0,19.341149636968005,240.2875,240.299,26328.0,42514.0,Echolocation,Nyctalus leisleri,0.585,0.725,-1,192000.0,/mnt/ubna_data_07/recover-20260219/UBNA_028/20260213_050000.WAV,recover-20260219,UBNA_028,E18 Bridge
LF,27840.0,19.16548685013786,240.4075,240.4174,27187.0,43374.0,Echolocation,Nyctalus leisleri,0.647,0.753,-1,192000.0,/mnt/ubna_data_07/recover-20260219/UBNA_028/20260213_050000.WAV,recover-20260219,UBNA_028,E18 Bridge
LF,28800.0,15.610495515242967,240.5525,240.5621,27187.0,41452.0,Echolocation,Nyctalus leisleri,0.629,0.719,-1,192000.0,/mnt/ubna_data_07/recover-20260219/UBNA_028/20260213_050000.WAV,recover-20260219,UBNA_028,E18 Bridge
LF,27840.0,22.127585870786525,240.6975,240.7076,27187.0,44304.0,Echolocation,Nyctalus leisleri,0.636,0.739,-1,192000.0,/mnt/ubna_data_07/recover-20260219/UBNA_028/20260213_050000.WAV,recover-20260219,UBNA_028,E18 Bridge
LF,27840.0,21.071431564401067,240.8495,240.8589,27187.0,44070.0,Echolocation,Nyctalus leisleri,0.649,0.744,-1,192000.0,/mnt/ubna_data_07/recover-20260219/UBNA_028/20260213_050000.WAV,recover-20260219,UBNA_028,E18 Bridge
LF,27840.0,24.388261157977006,240.9965,241.0066,27187.0,40720.0,Echolocation,Nyctalus leisleri,0.648,0.719,-1,192000.0,/mnt/ubna_data_07/recover-20260219/UBNA_028/20260213_050000.WAV,recover-20260219,UBNA_028,E18 Bridge
LF,26880.0,26.288884840089718,241.2565,241.2686,26328.0,42191.0,Echolocation,Nyctalus leisleri,0.643,0.719,-1,192000.0,/mnt/ubna_data_07/recover-20260219/UBNA_028/20260213_050000.WAV,recover-20260219,UBNA_028,E18 Bridge
LF,28800.0,18.26908198882886,241.4765,241.4858,27187.0,43263.0,Echolocation,Nyctalus leisleri,0.537,0.693,-1,192000.0,/mnt/ubna_data_07/recover-20260219/UBNA_028/20260213_050000.WAV,recover-20260219,UBNA_028,E18 Bridge
LF,28800.0,20.268797070542583,241.6025,241.6116,27187.0,43494.0,Echolocation,Nyctalus leisleri,0.626,0.743,-1,192000.0,/mnt/ubna_data_07/recover-20260219/UBNA_028/20260213_050000.WAV,recover-20260219,UBNA_028,E18 Bridge
LF,27840.0,29.353519052317818,241.8215,241.8325,26328.0,46026.0,Echolocation,Nyctalus leisleri,0.636,0.736,-1,192000.0,/mnt/ubna_data_07/recover-20260219/UBNA_028/20260213_050000.WAV,recover-20260219,UBNA_028,E18 Bridge
LF,26880.0,29.6289191282185,242.0875,242.0999,26328.0,44457.0,Echolocation,Nyctalus leisleri,0.591,0.739,-1,192000.0,/mnt/ubna_data_07/recover-20260219/UBNA_028/20260213_050000.WAV,recover-20260219,UBNA_028,E18 Bridge
LF,27840.0,29.95724352717218,242.2345,242.2454,27187.0,44291.0,Echolocation,Nyctalus leisleri,0.568,0.713,-1,192000.0,/mnt/ubna_data_07/recover-20260219/UBNA_028/20260213_050000.WAV,recover-20260219,UBNA_028,E18 Bridge
LF,26880.0,32.512249331300914,242.4525,242.4647,26328.0,43548.0,Echolocation,Nyctalus leisleri,0.651,0.75,-1,192000.0,/mnt/ubna_data_07/recover-20260219/UBNA_028/20260213_050000.WAV,recover-20260219,UBNA_028,E18 Bridge
LF,26880.0,30.780129003805555,242.6195,242.6318,26328.0,44930.0,Echolocation,Nyctalus leisleri,0.615,0.742,-1,192000.0,/mnt/ubna_data_07/recover-20260219/UBNA_028/20260213_050000.WAV,recover-20260219,UBNA_028,E18 Bridge
LF,26880.0,34.81960156728916,242.8715,242.8842,26328.0,44172.0,Echolocation,Nyctalus leisleri,0.647,0.758,-1,192000.0,/mnt/ubna_data_07/recover-20260219/UBNA_028/20260213_050000.WAV,recover-20260219,UBNA_028,E18 Bridge
LF,27840.0,30.10356771592539,243.0275,243.039,26328.0,42582.0,Echolocation,Nyctalus leisleri,0.631,0.726,-1,192000.0,/mnt/ubna_data_07/recover-20260219/UBNA_028/20260213_050000.WAV,recover-20260219,UBNA_028,E18 Bridge
LF,26880.0,34.31736550808801,243.2795,243.2915,26328.0,43403.0,Echolocation,Nyctalus leisleri,0.552,0.697,-1,192000.0,/mnt/ubna_data_07/recover-20260219/UBNA_028/20260213_050000.WAV,recover-20260219,UBNA_028,E18 Bridge
LF,26880.0,29.78863022767279,243.4175,243.4294,26328.0,45645.0,Echolocation,Nyctalus leisleri,0.56,0.718,-1,192000.0,/mnt/ubna_data_07/recover-20260219/UBNA_028/20260213_050000.WAV,recover-20260219,UBNA_028,E18 Bridge
LF,27840.0,25.692144395874884,243.6075,243.6159,26328.0,48812.0,Echolocation,Nyctalus leisleri,0.57,0.706,-1,192000.0,/mnt/ubna_data_07/recover-20260219/UBNA_028/20260213_050000.WAV,recover-20260219,UBNA_028,E18 Bridge
LF,26880.0,26.156881216642862,243.7635,243.7753,26328.0,43492.0,Echolocation,Nyctalus leisleri,0.459,0.658,-1,192000.0,/mnt/ubna_data_07/recover-20260219/UBNA_028/20260213_050000.WAV,recover-20260219,UBNA_028,E18 Bridge
LF,26880.0,28.422978033910073,243.9165,243.9283,26328.0,47266.0,Echolocation,Nyctalus leisleri,0.529,0.7,-1,192000.0,/mnt/ubna_data_07/recover-20260219/UBNA_028/20260213_050000.WAV,recover-20260219,UBNA_028,E18 Bridge
LF,26880.0,23.569142867966786,244.1015,244.1138,26328.0,44687.0,Echolocation,Nyctalus leisleri,0.375,0.664,-1,192000.0,/mnt/ubna_data_07/recover-20260219/UBNA_028/20260213_050000.WAV,recover-20260219,UBNA_028,E18 Bridge
LF,26880.0,26.964434410789213,244.3575,244.3697,26328.0,43106.0,Echolocation,Nyctalus leisleri,0.437,0.632,-1,192000.0,/mnt/ubna_data_07/recover-20260219/UBNA_028/20260213_050000.WAV,recover-20260219,UBNA_028,E18 Bridge
LF,25920.0,21.111582778603434,244.6085,244.6216,25468.0,42588.0,Echolocation,Nyctalus leisleri,0.377,0.657,-1,192000.0,/mnt/ubna_data_07/recover-20260219/UBNA_028/20260213_050000.WAV,recover-20260219,UBNA_028,E18 Bridge
LF,26880.0,23.012729869585876,244.7695,244.7809,26328.0,41221.0,Echolocation,Nyctalus leisleri,0.491,0.633,-1,192000.0,/mnt/ubna_data_07/recover-20260219/UBNA_028/20260213_050000.WAV,recover-20260219,UBNA_028,E18 Bridge
LF,26880.0,20.280169821293278,245.0485,245.0608,26328.0,37461.0,Echolocation,Nyctalus leisleri,0.32,0.538,-1,192000.0,/mnt/ubna_data_07/recover-20260219/UBNA_028/20260213_050000.WAV,recover-20260219,UBNA_028,E18 Bridge
LF,26880.0,16.846068483701064,245.2015,245.2125,26328.0,41349.0,Echolocation,Nyctalus leisleri,0.395,0.632,-1,192000.0,/mnt/ubna_data_07/recover-20260219/UBNA_028/20260213_050000.WAV,recover-20260219,UBNA_028,E18 Bridge
LF,26880.0,16.701469493912324,245.4325,245.4462,25468.0,35548.0,Echolocation,Nyctalus leisleri,0.33,0.598,-1,192000.0,/mnt/ubna_data_07/recover-20260219/UBNA_028/20260213_050000.WAV,recover-20260219,UBNA_028,E18 Bridge
LF,26880.0,14.787333709995544,245.6845,245.6967,25468.0,37856.0,Echolocation,Eptesicus serotinus,0.346,0.619,-1,192000.0,/mnt/ubna_data_07/recover-20260219/UBNA_028/20260213_050000.WAV,recover-20260219,UBNA_028,E18 Bridge
LF,25920.0,15.129462696111077,245.9555,245.9681,25468.0,31877.0,Echolocation,Nyctalus leisleri,0.565,0.642,-1,192000.0,/mnt/ubna_data_07/recover-20260219/UBNA_028/20260213_050000.WAV,recover-20260219,UBNA_028,E18 Bridge
LF,26880.0,18.449471615888708,246.1515,246.1635,25468.0,39831.0,Echolocation,Eptesicus serotinus,0.5,0.687,-1,192000.0,/mnt/ubna_data_07/recover-20260219/UBNA_028/20260213_050000.WAV,recover-20260219,UBNA_028,E18 Bridge
LF,26880.0,9.628197370406678,246.3495,246.3612,26328.0,33862.0,Echolocation,Eptesicus serotinus,0.25,0.53,-1,192000.0,/mnt/ubna_data_07/recover-20260219/UBNA_028/20260213_050000.WAV,recover-20260219,UBNA_028,E18 Bridge
LF,26880.0,12.019034949466674,246.5735,246.5844,26328.0,36051.0,Echolocation,Eptesicus serotinus,0.361,0.612,-1,192000.0,/mnt/ubna_data_07/recover-20260219/UBNA_028/20260213_050000.WAV,recover-20260219,UBNA_028,E18 Bridge
LF,26880.0,10.401439320829182,246.7625,246.776,25468.0,32789.0,Echolocation,Nyctalus leisleri,0.244,0.517,-1,192000.0,/mnt/ubna_data_07/recover-20260219/UBNA_028/20260213_050000.WAV,recover-20260219,UBNA_028,E18 Bridge
LF,26880.0,17.428733518278307,246.9215,246.9329,26328.0,40090.0,Echolocation,Nyctalus leisleri,0.317,0.638,-1,192000.0,/mnt/ubna_data_07/recover-20260219/UBNA_028/20260213_050000.WAV,recover-20260219,UBNA_028,E18 Bridge
LF,25920.0,9.065226383384594,247.1495,247.163,25468.0,32457.0,Echolocation,Nyctalus leisleri,0.24,0.511,-1,192000.0,/mnt/ubna_data_07/recover-20260219/UBNA_028/20260213_050000.WAV,recover-20260219,UBNA_028,E18 Bridge
LF,26880.0,11.399581164652048,247.3135,247.324,26328.0,36057.0,Echolocation,Eptesicus serotinus,0.301,0.631,-1,192000.0,/mnt/ubna_data_07/recover-20260219/UBNA_028/20260213_050000.WAV,recover-20260219,UBNA_028,E18 Bridge
LF,26880.0,12.770123799472746,247.4655,247.4757,26328.0,34978.0,Echolocation,Nyctalus leisleri,0.325,0.656,-1,192000.0,/mnt/ubna_data_07/recover-20260219/UBNA_028/20260213_050000.WAV,recover-20260219,UBNA_028,E18 Bridge
LF,26880.0,2.270361292427703,247.6165,247.6267,25468.0,33172.0,Echolocation,Eptesicus serotinus,0.187,0.338,-1,192000.0,/mnt/ubna_data_07/recover-20260219/UBNA_028/20260213_050000.WAV,recover-20260219,UBNA_028,E18 Bridge
LF,26880.0,9.061541214155394,247.8585,247.8696,26328.0,34248.0,Echolocation,Eptesicus serotinus,0.28,0.582,-1,192000.0,/mnt/ubna_data_07/recover-20260219/UBNA_028/20260213_050000.WAV,recover-20260219,UBNA_028,E18 Bridge
LF,26880.0,5.380535139311389,248.2155,248.2291,25468.0,31446.0,Echolocation,Eptesicus serotinus,0.18,0.381,-1,192000.0,/mnt/ubna_data_07/recover-20260219/UBNA_028/20260213_050000.WAV,recover-20260219,UBNA_028,E18 Bridge
LF,29760.0,2.375649573677631,249.1995,249.2074,27187.0,34837.0,Echolocation,Eptesicus serotinus,0.308,0.452,-1,192000.0,/mnt/ubna_data_07/recover-20260219/UBNA_028/20260213_050000.WAV,recover-20260219,UBNA_028,E18 Bridge
LF,29760.0,3.1684146031400022,249.3305,249.3401,28906.0,36267.0,Echolocation,Eptesicus serotinus,0.285,0.446,-1,192000.0,/mnt/ubna_data_07/recover-20260219/UBNA_028/20260213_050000.WAV,recover-20260219,UBNA_028,E18 Bridge
LF,29760.0,9.125421941591235,249.4405,249.4488,28046.0,35959.0,Echolocation,Nyctalus leisleri,0.303,0.625,-1,192000.0,/mnt/ubna_data_07/recover-20260219/UBNA_028/20260213_050000.WAV,recover-20260219,UBNA_028,E18 Bridge
LF,29760.0,9.228391263884232,249.5795,249.588,28906.0,37451.0,Echolocation,Eptesicus serotinus,0.349,0.589,-1,192000.0,/mnt/ubna_data_07/recover-20260219/UBNA_028/20260213_050000.WAV,recover-20260219,UBNA_028,E18 Bridge
LF,28800.0,7.129075349639428,249.7295,249.7381,28046.0,36084.0,Echolocation,Eptesicus serotinus,0.331,0.569,-1,192000.0,/mnt/ubna_data_07/recover-20260219/UBNA_028/20260213_050000.WAV,recover-20260219,UBNA_028,E18 Bridge
LF,28800.0,8.550826898892819,249.8845,249.8947,28046.0,41362.0,Echolocation,Eptesicus serotinus,0.367,0.651,-1,192000.0,/mnt/ubna_data_07/recover-20260219/UBNA_028/20260213_050000.WAV,recover-20260219,UBNA_028,E18 Bridge
LF,27840.0,8.306129219647357,250.1025,250.113,27187.0,40564.0,Echolocation,Nyctalus leisleri,0.394,0.682,-1,192000.0,/mnt/ubna_data_07/recover-20260219/UBNA_028/20260213_050000.WAV,recover-20260219,UBNA_028,E18 Bridge
LF,28800.0,11.209522194238225,250.2455,250.2578,28046.0,41452.0,Echolocation,Nyctalus leisleri,0.357,0.609,-1,192000.0,/mnt/ubna_data_07/recover-20260219/UBNA_028/20260213_050000.WAV,recover-20260219,UBNA_028,E18 Bridge
LF,29760.0,11.77027567284477,250.4255,250.4366,28046.0,42882.0,Echolocation,Nyctalus leisleri,0.372,0.621,-1,192000.0,/mnt/ubna_data_07/recover-20260219/UBNA_028/20260213_050000.WAV,recover-20260219,UBNA_028,E18 Bridge
LF,29760.0,13.859869081221671,250.5605,250.5691,28046.0,43749.0,Echolocation,Eptesicus serotinus,0.443,0.693,-1,192000.0,/mnt/ubna_data_07/recover-20260219/UBNA_028/20260213_050000.WAV,recover-20260219,UBNA_028,E18 Bridge
LF,28800.0,14.136287792118942,250.7215,250.7312,28046.0,40627.0,Echolocation,Nyctalus leisleri,0.354,0.652,-1,192000.0,/mnt/ubna_data_07/recover-20260219/UBNA_028/20260213_050000.WAV,recover-20260219,UBNA_028,E18 Bridge
LF,28800.0,21.32223191047938,250.8665,250.8755,27187.0,42209.0,Echolocation,Nyctalus leisleri,0.496,0.681,-1,192000.0,/mnt/ubna_data_07/recover-20260219/UBNA_028/20260213_050000.WAV,recover-20260219,UBNA_028,E18 Bridge
LF,27840.0,18.737822692842308,251.0765,251.0862,27187.0,41992.0,Echolocation,Nyctalus leisleri,0.626,0.736,-1,192000.0,/mnt/ubna_data_07/recover-20260219/UBNA_028/20260213_050000.WAV,recover-20260219,UBNA_028,E18 Bridge
LF,27840.0,21.088529388655537,251.2725,251.2833,27187.0,47439.0,Echolocation,Nyctalus leisleri,0.356,0.649,-1,192000.0,/mnt/ubna_data_07/recover-20260219/UBNA_028/20260213_050000.WAV,recover-20260219,UBNA_028,E18 Bridge
LF,29760.0,23.49908210411766,251.4245,251.4351,27187.0,44978.0,Echolocation,Nyctalus leisleri,0.519,0.675,-1,192000.0,/mnt/ubna_data_07/recover-20260219/UBNA_028/20260213_050000.WAV,recover-20260219,UBNA_028,E18 Bridge
LF,29760.0,25.182735137821947,251.5695,251.5806,27187.0,42405.0,Echolocation,Nyctalus leisleri,0.601,0.723,-1,192000.0,/mnt/ubna_data_07/recover-20260219/UBNA_028/20260213_050000.WAV,recover-20260219,UBNA_028,E18 Bridge
LF,26880.0,26.871123216935363,251.7025,251.7148,26328.0,47212.0,Echolocation,Nyctalus leisleri,0.431,0.711,-1,192000.0,/mnt/ubna_data_07/recover-20260219/UBNA_028/20260213_050000.WAV,recover-20260219,UBNA_028,E18 Bridge
LF,27840.0,25.215183361432068,252.0065,252.0155,27187.0,44072.0,Echolocation,Nyctalus leisleri,0.399,0.656,-1,192000.0,/mnt/ubna_data_07/recover-20260219/UBNA_028/20260213_050000.WAV,recover-20260219,UBNA_028,E18 Bridge
LF,26880.0,23.05462953976984,252.2345,252.2471,26328.0,41740.0,Echolocation,Eptesicus serotinus,0.296,0.603,-1,192000.0,/mnt/ubna_data_07/recover-20260219/UBNA_028/20260213_050000.WAV,recover-20260219,UBNA_028,E18 Bridge
LF,28800.0,18.1549972865334,252.3665,252.3762,27187.0,37547.0,Echolocation,Eptesicus serotinus,0.352,0.708,-1,192000.0,/mnt/ubna_data_07/recover-20260219/UBNA_028/20260213_050000.WAV,recover-20260219,UBNA_028,E18 Bridge
LF,29760.0,17.114664900688958,252.5525,252.561,27187.0,42331.0,Echolocation,Nyctalus leisleri,0.414,0.734,-1,192000.0,/mnt/ubna_data_07/recover-20260219/UBNA_028/20260213_050000.WAV,recover-20260219,UBNA_028,E18 Bridge
LF,28800.0,12.925593375638325,252.7025,252.7121,27187.0,39850.0,Echolocation,Nyctalus leisleri,0.326,0.673,-1,192000.0,/mnt/ubna_data_07/recover-20260219/UBNA_028/20260213_050000.WAV,recover-20260219,UBNA_028,E18 Bridge
LF,27840.0,17.239828248943567,252.9025,252.9116,27187.0,44802.0,Echolocation,Eptesicus serotinus,0.34,0.64,-1,192000.0,/mnt/ubna_data_07/recover-20260219/UBNA_028/20260213_050000.WAV,recover-20260219,UBNA_028,E18 Bridge
LF,28800.0,11.327082087135711,253.05349999999999,253.064,27187.0,34522.0,Echolocation,Nyctalus leisleri,0.233,0.448,-1,192000.0,/mnt/ubna_data_07/recover-20260219/UBNA_028/20260213_050000.WAV,recover-20260219,UBNA_028,E18 Bridge
LF,28800.0,13.3244569713038,253.2075,253.216,27187.0,43365.0,Echolocation,Eptesicus serotinus,0.391,0.718,-1,192000.0,/mnt/ubna_data_07/recover-20260219/UBNA_028/20260213_050000.WAV,recover-20260219,UBNA_028,E18 Bridge
LF,27840.0,10.660286690110478,253.3595,253.3677,28046.0,34887.0,Echolocation,Nyctalus leisleri,0.578,0.721,-1,192000.0,/mnt/ubna_data_07/recover-20260219/UBNA_028/20260213_050000.WAV,recover-20260219,UBNA_028,E18 Bridge
LF,26880.0,10.528519235733587,253.4965,253.5057,27187.0,36928.0,Echolocation,Eptesicus serotinus,0.316,0.617,-1,192000.0,/mnt/ubna_data_07/recover-20260219/UBNA_028/20260213_050000.WAV,recover-20260219,UBNA_028,E18 Bridge
LF,26880.0,9.776494832169401,253.7535,253.7606,27187.0,36759.0,Echolocation,Eptesicus serotinus,0.316,0.604,-1,192000.0,/mnt/ubna_data_07/recover-20260219/UBNA_028/20260213_050000.WAV,recover-20260219,UBNA_028,E18 Bridge
LF,29760.0,3.8426948262315443,274.1255,274.1344,28046.0,36384.0,Echolocation,Eptesicus serotinus,0.333,0.427,-1,192000.0,/mnt/ubna_data_07/recover-20260219/UBNA_028/20260213_050000.WAV,recover-20260219,UBNA_028,E18 Bridge
LF,29760.0,4.248407076879804,293.0215,293.0309,27187.0,35545.0,Echolocation,Eptesicus serotinus,0.316,0.503,-1,192000.0,/mnt/ubna_data_07/recover-20260219/UBNA_028/20260213_050000.WAV,recover-20260219,UBNA_028,E18 Bridge
LF,29760.0,4.453271597231381,293.16949999999997,293.18,28046.0,33728.0,Echolocation,Nyctalus leisleri,0.297,0.531,-1,192000.0,/mnt/ubna_data_07/recover-20260219/UBNA_028/20260213_050000.WAV,recover-20260219,UBNA_028,E18 Bridge
LF,29760.0,11.001453356354826,293.3135,293.3222,28046.0,37978.0,Echolocation,Nyctalus leisleri,0.412,0.662,-1,192000.0,/mnt/ubna_data_07/recover-20260219/UBNA_028/20260213_050000.WAV,recover-20260219,UBNA_028,E18 Bridge
LF,27840.0,8.132432485118365,293.5325,293.5424,27187.0,34546.0,Echolocation,Nyctalus leisleri,0.408,0.649,-1,192000.0,/mnt/ubna_data_07/recover-20260219/UBNA_028/20260213_050000.WAV,recover-20260219,UBNA_028,E18 Bridge
LF,27840.0,10.820823508497224,293.8005,293.8103,27187.0,37824.0,Echolocation,Nyctalus leisleri,0.403,0.69,-1,192000.0,/mnt/ubna_data_07/recover-20260219/UBNA_028/20260213_050000.WAV,recover-20260219,UBNA_028,E18 Bridge
LF,26880.0,13.572889685376152,293.9405,293.9505,26328.0,36063.0,Echolocation,Nyctalus leisleri,0.295,0.635,-1,192000.0,/mnt/ubna_data_07/recover-20260219/UBNA_028/20260213_050000.WAV,recover-20260219,UBNA_028,E18 Bridge
LF,26880.0,15.786972444913644,294.0925,294.1024,26328.0,38014.0,Echolocation,Nyctalus leisleri,0.429,0.686,-1,192000.0,/mnt/ubna_data_07/recover-20260219/UBNA_028/20260213_050000.WAV,recover-20260219,UBNA_028,E18 Bridge
LF,26880.0,18.31871106602387,294.3485,294.3599,26328.0,39451.0,Echolocation,Eptesicus serotinus,0.325,0.661,-1,192000.0,/mnt/ubna_data_07/recover-20260219/UBNA_028/20260213_050000.WAV,recover-20260219,UBNA_028,E18 Bridge
LF,26880.0,21.609459552178638,294.6275,294.6397,26328.0,39097.0,Echolocation,Eptesicus serotinus,0.289,0.599,-1,192000.0,/mnt/ubna_data_07/recover-20260219/UBNA_028/20260213_050000.WAV,recover-20260219,UBNA_028,E18 Bridge
LF,26880.0,16.451794881703524,294.7975,294.80989999999997,27187.0,40116.0,Echolocation,Nyctalus leisleri,0.273,0.541,-1,192000.0,/mnt/ubna_data_07/recover-20260219/UBNA_028/20260213_050000.WAV,recover-20260219,UBNA_028,E18 Bridge
LF,26880.0,24.45443105963665,295.0505,295.0627,26328.0,41063.0,Echolocation,Eptesicus serotinus,0.379,0.693,-1,192000.0,/mnt/ubna_data_07/recover-20260219/UBNA_028/20260213_050000.WAV,recover-20260219,UBNA_028,E18 Bridge
LF,26880.0,21.156916289611736,295.2745,295.2871,26328.0,41275.0,Echolocation,Nyctalus leisleri,0.29,0.62,-1,192000.0,/mnt/ubna_data_07/recover-20260219/UBNA_028/20260213_050000.WAV,recover-20260219,UBNA_028,E18 Bridge
LF,26880.0,21.715286658691838,295.5045,295.5179,25468.0,41437.0,Echolocation,Nyctalus leisleri,0.424,0.695,-1,192000.0,/mnt/ubna_data_07/recover-20260219/UBNA_028/20260213_050000.WAV,recover-20260219,UBNA_028,E18 Bridge
LF,27840.0,17.342497545543633,295.6515,295.6607,27187.0,45027.0,Echolocation,Eptesicus serotinus,0.46,0.689,-1,192000.0,/mnt/ubna_data_07/recover-20260219/UBNA_028/20260213_050000.WAV,recover-20260219,UBNA_028,E18 Bridge
LF,26880.0,21.018478717351968,295.9045,295.9174,25468.0,38011.0,Echolocation,Eptesicus serotinus,0.327,0.578,-1,192000.0,/mnt/ubna_data_07/recover-20260219/UBNA_028/20260213_050000.WAV,recover-20260219,UBNA_028,E18 Bridge
LF,27840.0,21.03603126336032,296.0615,296.0721,27187.0,43547.0,Echolocation,Nyctalus leisleri,0.283,0.616,-1,192000.0,/mnt/ubna_data_07/recover-20260219/UBNA_028/20260213_050000.WAV,recover-20260219,UBNA_028,E18 Bridge
LF,29760.0,22.68983449503898,296.2845,296.2942,27187.0,46731.0,Echolocation,Nyctalus leisleri,0.529,0.693,-1,192000.0,/mnt/ubna_data_07/recover-20260219/UBNA_028/20260213_050000.WAV,recover-20260219,UBNA_028,E18 Bridge
LF,26880.0,23.049246535794378,296.7835,296.7933,26328.0,43718.0,Echolocation,Nyctalus leisleri,0.358,0.625,-1,192000.0,/mnt/ubna_data_07/recover-20260219/UBNA_028/20260213_050000.WAV,recover-20260219,UBNA_028,E18 Bridge
LF,26880.0,33.15767342688762,297.02049999999997,297.032,26328.0,42009.0,Echolocation,Nyctalus leisleri,0.552,0.7,-1,192000.0,/mnt/ubna_data_07/recover-20260219/UBNA_028/20260213_050000.WAV,recover-20260219,UBNA_028,E18 Bridge
LF,26880.0,22.6651369596974,297.1535,297.1646,26328.0,43752.0,Echolocation,Nyctalus leisleri,0.441,0.668,-1,192000.0,/mnt/ubna_data_07/recover-20260219/UBNA_028/20260213_050000.WAV,recover-20260219,UBNA_028,E18 Bridge
LF,26880.0,33.258563853603505,297.3855,297.3979,25468.0,42517.0,Echolocation,Nyctalus leisleri,0.518,0.715,-1,192000.0,/mnt/ubna_data_07/recover-20260219/UBNA_028/20260213_050000.WAV,recover-20260219,UBNA_028,E18 Bridge
LF,27840.0,19.872273425163772,297.5195,297.5297,26328.0,44789.0,Echolocation,Nyctalus leisleri,0.53,0.696,-1,192000.0,/mnt/ubna_data_07/recover-20260219/UBNA_028/20260213_050000.WAV,recover-20260219,UBNA_028,E18 Bridge
LF,26880.0,33.02465342047353,297.7565,297.7687,25468.0,42227.0,Echolocation,Nyctalus leisleri,0.727,0.787,-1,192000.0,/mnt/ubna_data_07/recover-20260219/UBNA_028/20260213_050000.WAV,recover-20260219,UBNA_028,E18 Bridge
LF,26880.0,25.933617622500353,298.0085,298.0186,25468.0,38703.0,Echolocation,Nyctalus leisleri,0.651,0.744,-1,192000.0,/mnt/ubna_data_07/recover-20260219/UBNA_028/20260213_050000.WAV,recover-20260219,UBNA_028,E18 Bridge
LF,26880.0,29.460734661031456,298.1565,298.1683,26328.0,41928.0,Echolocation,Nyctalus leisleri,0.648,0.737,-1,192000.0,/mnt/ubna_data_07/recover-20260219/UBNA_028/20260213_050000.WAV,recover-20260219,UBNA_028,E18 Bridge
LF,25920.0,29.190642315933914,298.4235,298.4364,25468.0,33977.0,Echolocation,Nyctalus leisleri,0.412,0.627,-1,192000.0,/mnt/ubna_data_07/recover-20260219/UBNA_028/20260213_050000.WAV,recover-20260219,UBNA_028,E18 Bridge
LF,26880.0,15.832308857354246,298.5705,298.5828,26328.0,35508.0,Echolocation,Nyctalus leisleri,0.294,0.624,-1,192000.0,/mnt/ubna_data_07/recover-20260219/UBNA_028/20260213_050000.WAV,recover-20260219,UBNA_028,E18 Bridge
LF,26880.0,17.050383743976244,298.7085,298.72180000000003,25468.0,37217.0,Echolocation,Eptesicus serotinus,0.296,0.643,-1,192000.0,/mnt/ubna_data_07/recover-20260219/UBNA_028/20260213_050000.WAV,recover-20260219,UBNA_028,E18 Bridge
LF,26880.0,28.096178480419326,298.8445,298.8554,26328.0,41388.0,Echolocation,Nyctalus leisleri,0.512,0.704,-1,192000.0,/mnt/ubna_data_07/recover-20260219/UBNA_028/20260213_050000.WAV,recover-20260219,UBNA_028,E18 Bridge
LF,27840.0,20.63671752111393,299.0715,299.0846,26328.0,39513.0,Echolocation,Nyctalus leisleri,0.276,0.659,-1,192000.0,/mnt/ubna_data_07/recover-20260219/UBNA_028/20260213_050000.WAV,recover-20260219,UBNA_028,E18 Bridge
LF,27840.0,25.055225348952064,299.2995,299.3122,25468.0,40882.0,Echolocation,Nyctalus leisleri,0.453,0.705,-1,192000.0,/mnt/ubna_data_07/recover-20260219/UBNA_028/20260213_050000.WAV,recover-20260219,UBNA_028,E18 Bridge
LF,28800.0,28.98059779036454,299.5145,299.5269,26328.0,42801.0,Echolocation,Nyctalus leisleri,0.472,0.715,-1,192000.0,/mnt/ubna_data_07/recover-20260219/UBNA_028/20260213_050000.WAV,recover-20260219,UBNA_028,E18 Bridge
LF,28800.0,27.45776741136109,299.7465,299.7584,26328.0,45359.0,Echolocation,Nyctalus leisleri,0.524,0.741,-1,192000.0,/mnt/ubna_data_07/recover-20260219/UBNA_028/20260213_050000.WAV,recover-20260219,UBNA_028,E18 Bridge
LF,29760.0,28.561102505211046,299.9775,299.9883,27187.0,44868.0,Echolocation,Nyctalus leisleri,0.493,0.758,-1,192000.0,/mnt/ubna_data_07/recover-20260219/UBNA_028/20260213_050000.WAV,recover-20260219,UBNA_028,E18 Bridge
LF,27840.0,0.6353765133156588,296.5915,296.6024,27187.0,33355.0,Echolocation,Eptesicus serotinus,0.144,0.305,-1,192000.0,/mnt/ubna_data_07/recover-20260219/UBNA_028/20260213_052000.WAV,recover-20260219,UBNA_028,E18 Bridge
HF,52800.0,5.413773325909005,206.0345,206.0409,52109.0,64975.0,Echolocation,Pipistrellus pipistrellus,0.216,0.347,-1,192000.0,/mnt/ubna_data_07/recover-20260219/UBNA_028/20260213_053000.WAV,recover-20260219,UBNA_028,E18 Bridge
HF,51840.0,8.98986492775297,206.1065,206.1128,51250.0,66143.0,Echolocation,Pipistrellus pipistrellus,0.18,0.388,-1,192000.0,/mnt/ubna_data_07/recover-20260219/UBNA_028/20260213_053000.WAV,recover-20260219,UBNA_028,E18 Bridge
HF,52800.0,8.688936890536374,206.1815,206.1878,48671.0,64282.0,Echolocation,Myotis alcathoe,0.147,0.341,-1,192000.0,/mnt/ubna_data_07/recover-20260219/UBNA_028/20260213_053000.WAV,recover-20260219,UBNA_028,E18 Bridge
HF,52800.0,11.310984307887932,206.3365,206.3406,49531.0,68934.0,Echolocation,Myotis alcathoe,0.214,0.334,-1,192000.0,/mnt/ubna_data_07/recover-20260219/UBNA_028/20260213_053000.WAV,recover-20260219,UBNA_028,E18 Bridge
HF,52800.0,10.111845006228135,206.4105,206.4146,49531.0,67298.0,Echolocation,Myotis alcathoe,0.244,0.39,-1,192000.0,/mnt/ubna_data_07/recover-20260219/UBNA_028/20260213_053000.WAV,recover-20260219,UBNA_028,E18 Bridge
HF,51840.0,8.84968293776762,206.48250000000002,206.4885,49531.0,68357.0,Echolocation,Myotis alcathoe,0.154,0.338,-1,192000.0,/mnt/ubna_data_07/recover-20260219/UBNA_028/20260213_053000.WAV,recover-20260219,UBNA_028,E18 Bridge
HF,51840.0,6.540093827249906,206.6415,206.6472,51250.0,65476.0,Echolocation,Pipistrellus pipistrellus,0.241,0.492,-1,192000.0,/mnt/ubna_data_07/recover-20260219/UBNA_028/20260213_053000.WAV,recover-20260219,UBNA_028,E18 Bridge
HF,52800.0,4.639935947060573,206.9995,207.0039,50390.0,66405.0,Echolocation,Myotis alcathoe,0.205,0.372,-1,192000.0,/mnt/ubna_data_07/recover-20260219/UBNA_028/20260213_053000.WAV,recover-20260219,UBNA_028,E18 Bridge
HF,55680.0,12.804588082972426,207.0585,207.063,48671.0,69774.0,Echolocation,Myotis alcathoe,0.292,0.396,-1,192000.0,/mnt/ubna_data_07/recover-20260219/UBNA_028/20260213_053000.WAV,recover-20260219,UBNA_028,E18 Bridge
HF,52800.0,13.699367775030591,207.1045,207.1101,47812.0,66703.0,Echolocation,Myotis alcathoe,0.241,0.487,-1,192000.0,/mnt/ubna_data_07/recover-20260219/UBNA_028/20260213_053000.WAV,recover-20260219,UBNA_028,E18 Bridge
HF,52800.0,14.218484282361786,207.1515,207.1549,46953.0,73059.0,Echolocation,Myotis alcathoe,0.399,0.54,-1,192000.0,/mnt/ubna_data_07/recover-20260219/UBNA_028/20260213_053000.WAV,recover-20260219,UBNA_028,E18 Bridge
HF,55680.0,15.356202682939063,207.1875,207.1904,46093.0,72675.0,Echolocation,Myotis alcathoe,0.323,0.511,-1,192000.0,/mnt/ubna_data_07/recover-20260219/UBNA_028/20260213_053000.WAV,recover-20260219,UBNA_028,E18 Bridge
HF,52800.0,14.762007277157387,207.2165,207.2202,46093.0,78199.0,Echolocation,Myotis alcathoe,0.391,0.506,-1,192000.0,/mnt/ubna_data_07/recover-20260219/UBNA_028/20260213_053000.WAV,recover-20260219,UBNA_028,E18 Bridge
HF,55680.0,11.429402659806033,207.2345,207.238,46953.0,74452.0,Echolocation,Myotis alcathoe,0.221,0.308,-1,192000.0,/mnt/ubna_data_07/recover-20260219/UBNA_028/20260213_053000.WAV,recover-20260219,UBNA_028,E18 Bridge
HF,51840.0,27.49533470703038,207.2785,207.2836,45234.0,82376.0,Echolocation,Myotis alcathoe,0.491,0.56,-1,192000.0,/mnt/ubna_data_07/recover-20260219/UBNA_028/20260213_053000.WAV,recover-20260219,UBNA_028,E18 Bridge
HF,54720.0,23.78761728631398,207.3365,207.3415,46093.0,76442.0,Echolocation,Myotis alcathoe,0.434,0.529,-1,192000.0,/mnt/ubna_data_07/recover-20260219/UBNA_028/20260213_053000.WAV,recover-20260219,UBNA_028,E18 Bridge
HF,54720.0,17.799599658611992,207.3965,207.40109999999999,46093.0,82932.0,Echolocation,Myotis alcathoe,0.476,0.536,-1,192000.0,/mnt/ubna_data_07/recover-20260219/UBNA_028/20260213_053000.WAV,recover-20260219,UBNA_028,E18 Bridge
HF,54720.0,14.236362931872126,207.4335,207.4371,45234.0,75672.0,Echolocation,Myotis alcathoe,0.426,0.543,-1,192000.0,/mnt/ubna_data_07/recover-20260219/UBNA_028/20260213_053000.WAV,recover-20260219,UBNA_028,E18 Bridge
HF,50880.0,13.13003381518848,207.4665,207.47,46953.0,72086.0,Echolocation,Myotis alcathoe,0.33,0.456,-1,192000.0,/mnt/ubna_data_07/recover-20260219/UBNA_028/20260213_053000.WAV,recover-20260219,UBNA_028,E18 Bridge
HF,51840.0,11.946788392787242,207.4935,207.4976,46093.0,74611.0,Echolocation,Myotis alcathoe,0.324,0.417,-1,192000.0,/mnt/ubna_data_07/recover-20260219/UBNA_028/20260213_053000.WAV,recover-20260219,UBNA_028,E18 Bridge
HF,51840.0,6.648511001047696,207.6375,207.6409,46093.0,70274.0,Echolocation,Myotis alcathoe,0.251,0.342,-1,192000.0,/mnt/ubna_data_07/recover-20260219/UBNA_028/20260213_053000.WAV,recover-20260219,UBNA_028,E18 Bridge
HF,48000.0,24.27226723008053,207.6915,207.6966,45234.0,76195.0,Echolocation,Myotis alcathoe,0.394,0.505,-1,192000.0,/mnt/ubna_data_07/recover-20260219/UBNA_028/20260213_053000.WAV,recover-20260219,UBNA_028,E18 Bridge
HF,48000.0,26.064594544007097,207.7355,207.7406,46093.0,76222.0,Echolocation,Myotis alcathoe,0.355,0.544,-1,192000.0,/mnt/ubna_data_07/recover-20260219/UBNA_028/20260213_053000.WAV,recover-20260219,UBNA_028,E18 Bridge
HF,52800.0,18.67639493444283,207.7995,207.8037,46953.0,69680.0,Echolocation,Myotis alcathoe,0.378,0.526,-1,192000.0,/mnt/ubna_data_07/recover-20260219/UBNA_028/20260213_053000.WAV,recover-20260219,UBNA_028,E18 Bridge
HF,52800.0,8.923509746817235,207.84550000000002,207.84890000000001,47812.0,68677.0,Echolocation,Myotis alcathoe,0.237,0.34,-1,192000.0,/mnt/ubna_data_07/recover-20260219/UBNA_028/20260213_053000.WAV,recover-20260219,UBNA_028,E18 Bridge
HF,51840.0,17.52704845230758,208.3005,208.3056,43515.0,71219.0,Echolocation,Pipistrellus pipistrellus,0.367,0.634,-1,192000.0,/mnt/ubna_data_07/recover-20260219/UBNA_028/20260213_053000.WAV,recover-20260219,UBNA_028,E18 Bridge
HF,52800.0,16.115357075335,209.0255,209.0296,48671.0,70437.0,Echolocation,Pipistrellus pipistrellus,0.462,0.588,-1,192000.0,/mnt/ubna_data_07/recover-20260219/UBNA_028/20260213_053000.WAV,recover-20260219,UBNA_028,E18 Bridge
HF,54720.0,13.98560423274919,209.0795,209.0839,46093.0,71616.0,Echolocation,Myotis alcathoe,0.239,0.559,-1,192000.0,/mnt/ubna_data_07/recover-20260219/UBNA_028/20260213_053000.WAV,recover-20260219,UBNA_028,E18 Bridge
HF,48960.0,22.090860132213905,209.1415,209.1461,46953.0,68865.0,Echolocation,Pipistrellus pipistrellus,0.458,0.579,-1,192000.0,/mnt/ubna_data_07/recover-20260219/UBNA_028/20260213_053000.WAV,recover-20260219,UBNA_028,E18 Bridge
HF,55680.0,17.658771085453612,209.2095,209.2142,46093.0,71979.0,Echolocation,Myotis alcathoe,0.24,0.489,-1,192000.0,/mnt/ubna_data_07/recover-20260219/UBNA_028/20260213_053000.WAV,recover-20260219,UBNA_028,E18 Bridge
HF,49920.0,18.071903795413597,209.2885,209.2938,44375.0,74103.0,Echolocation,Pipistrellus pipistrellus,0.277,0.602,-1,192000.0,/mnt/ubna_data_07/recover-20260219/UBNA_028/20260213_053000.WAV,recover-20260219,UBNA_028,E18 Bridge
HF,50880.0,4.637573479521511,209.3565,209.3599,48671.0,64693.0,Echolocation,Pipistrellus pipistrellus,0.163,0.459,-1,192000.0,/mnt/ubna_data_07/recover-20260219/UBNA_028/20260213_053000.WAV,recover-20260219,UBNA_028,E18 Bridge
HF,53760.0,14.732605900045703,209.4325,209.437,46093.0,64756.0,Echolocation,Pipistrellus pipistrellus,0.376,0.525,-1,192000.0,/mnt/ubna_data_07/recover-20260219/UBNA_028/20260213_053000.WAV,recover-20260219,UBNA_028,E18 Bridge
HF,51840.0,4.09926024092776,209.5045,209.508,46953.0,64485.0,Echolocation,Myotis mystacinus,0.104,0.336,-1,192000.0,/mnt/ubna_data_07/recover-20260219/UBNA_028/20260213_053000.WAV,recover-20260219,UBNA_028,E18 Bridge
HF,53760.0,13.12183562617137,209.6495,209.6546,47812.0,62154.0,Echolocation,Pipistrellus pipistrellus,0.355,0.486,-1,192000.0,/mnt/ubna_data_07/recover-20260219/UBNA_028/20260213_053000.WAV,recover-20260219,UBNA_028,E18 Bridge
HF,48960.0,1.3954224882254023,209.6915,209.6952,47812.0,62685.0,Echolocation,Pipistrellus pipistrellus,0.238,0.339,-1,192000.0,/mnt/ubna_data_07/recover-20260219/UBNA_028/20260213_053000.WAV,recover-20260219,UBNA_028,E18 Bridge
HF,52800.0,5.680488892380266,209.9685,209.9736,52109.0,60809.0,Echolocation,Pipistrellus pipistrellus,0.292,0.382,-1,192000.0,/mnt/ubna_data_07/recover-20260219/UBNA_028/20260213_053000.WAV,recover-20260219,UBNA_028,E18 Bridge
HF,52800.0,6.852516247300021,210.0125,210.0184,52109.0,59217.0,Echolocation,Pipistrellus pipistrellus,0.232,0.372,-1,192000.0,/mnt/ubna_data_07/recover-20260219/UBNA_028/20260213_053000.WAV,recover-20260219,UBNA_028,E18 Bridge
HF,52800.0,4.40428969652311,210.2065,210.2113,47812.0,55951.0,Echolocation,Pipistrellus pipistrellus,0.315,0.34,-1,192000.0,/mnt/ubna_data_07/recover-20260219/UBNA_028/20260213_053000.WAV,recover-20260219,UBNA_028,E18 Bridge
HF,52800.0,6.722002329836973,210.3775,210.3824,50390.0,58393.0,Echolocation,Pipistrellus pipistrellus,0.281,0.321,-1,192000.0,/mnt/ubna_data_07/recover-20260219/UBNA_028/20260213_053000.WAV,recover-20260219,UBNA_028,E18 Bridge
HF,52800.0,9.465255306044165,210.5335,210.5379,47812.0,58938.0,Echolocation,Pipistrellus pipistrellus,0.383,0.446,-1,192000.0,/mnt/ubna_data_07/recover-20260219/UBNA_028/20260213_053000.WAV,recover-20260219,UBNA_028,E18 Bridge
HF,48000.0,2.444759123923993,210.5855,210.5902,46953.0,59779.0,Echolocation,Pipistrellus pipistrellus,0.308,0.38,-1,192000.0,/mnt/ubna_data_07/recover-20260219/UBNA_028/20260213_053000.WAV,recover-20260219,UBNA_028,E18 Bridge
HF,51840.0,4.557449977482701,210.7125,210.7173,45234.0,61611.0,Echolocation,Pipistrellus pipistrellus,0.199,0.429,-1,192000.0,/mnt/ubna_data_07/recover-20260219/UBNA_028/20260213_053000.WAV,recover-20260219,UBNA_028,E18 Bridge
HF,48960.0,6.382036192693315,211.0745,211.0793,47812.0,57969.0,Echolocation,Pipistrellus pipistrellus,0.525,0.544,-1,192000.0,/mnt/ubna_data_07/recover-20260219/UBNA_028/20260213_053000.WAV,recover-20260219,UBNA_028,E18 Bridge
HF,48960.0,3.4158314373552208,211.2475,211.2527,46953.0,61964.0,Echolocation,Pipistrellus pipistrellus,0.183,0.341,-1,192000.0,/mnt/ubna_data_07/recover-20260219/UBNA_028/20260213_053000.WAV,recover-20260219,UBNA_028,E18 Bridge
HF,52800.0,9.928912165731287,219.29149999999998,219.2961,52109.0,59785.0,Echolocation,Pipistrellus pygmaeus,0.338,0.353,-1,192000.0,/mnt/ubna_data_07/recover-20260219/UBNA_028/20260213_053000.WAV,recover-20260219,UBNA_028,E18 Bridge
HF,53760.0,8.468062481599066,219.4315,219.4358,52109.0,60895.0,Echolocation,Pipistrellus pygmaeus,0.296,0.307,-1,192000.0,/mnt/ubna_data_07/recover-20260219/UBNA_028/20260213_053000.WAV,recover-20260219,UBNA_028,E18 Bridge
HF,52800.0,6.9663456510679875,219.7995,219.8041,52109.0,59951.0,Echolocation,Pipistrellus pygmaeus,0.402,0.446,-1,192000.0,/mnt/ubna_data_07/recover-20260219/UBNA_028/20260213_053000.WAV,recover-20260219,UBNA_028,E18 Bridge
HF,53760.0,9.97827121209449,219.9295,219.9342,51250.0,56897.0,Echolocation,Pipistrellus pygmaeus,0.428,0.47,-1,192000.0,/mnt/ubna_data_07/recover-20260219/UBNA_028/20260213_053000.WAV,recover-20260219,UBNA_028,E18 Bridge
HF,54720.0,1.9920636928073423,220.0455,220.0491,46953.0,66510.0,Echolocation,Myotis alcathoe,0.194,0.334,-1,192000.0,/mnt/ubna_data_07/recover-20260219/UBNA_028/20260213_053000.WAV,recover-20260219,UBNA_028,E18 Bridge
HF,52800.0,4.257839401071211,220.0885,220.0925,52109.0,63822.0,Echolocation,Pipistrellus pipistrellus,0.275,0.375,-1,192000.0,/mnt/ubna_data_07/recover-20260219/UBNA_028/20260213_053000.WAV,recover-20260219,UBNA_028,E18 Bridge
HF,53760.0,9.411176459707555,220.54149999999998,220.5452,51250.0,63049.0,Echolocation,Pipistrellus pipistrellus,0.318,0.471,-1,192000.0,/mnt/ubna_data_07/recover-20260219/UBNA_028/20260213_053000.WAV,recover-20260219,UBNA_028,E18 Bridge
HF,54720.0,7.614320131791784,220.6125,220.6165,50390.0,67692.0,Echolocation,Myotis alcathoe,0.202,0.4,-1,192000.0,/mnt/ubna_data_07/recover-20260219/UBNA_028/20260213_053000.WAV,recover-20260219,UBNA_028,E18 Bridge
HF,52800.0,11.10921904079262,220.6915,220.6953,47812.0,65782.0,Echolocation,Myotis alcathoe,0.232,0.405,-1,192000.0,/mnt/ubna_data_07/recover-20260219/UBNA_028/20260213_053000.WAV,recover-20260219,UBNA_028,E18 Bridge
HF,53760.0,5.5115500130561905,220.7425,220.7473,52109.0,62173.0,Echolocation,Pipistrellus pipistrellus,0.24,0.337,-1,192000.0,/mnt/ubna_data_07/recover-20260219/UBNA_028/20260213_053000.WAV,recover-20260219,UBNA_028,E18 Bridge
HF,52800.0,7.051236379222871,220.7965,220.8,48671.0,65664.0,Echolocation,Myotis alcathoe,0.18,0.416,-1,192000.0,/mnt/ubna_data_07/recover-20260219/UBNA_028/20260213_053000.WAV,recover-20260219,UBNA_028,E18 Bridge
HF,52800.0,10.532084467453661,220.8665,220.8703,48671.0,61206.0,Echolocation,Pipistrellus pipistrellus,0.378,0.483,-1,192000.0,/mnt/ubna_data_07/recover-20260219/UBNA_028/20260213_053000.WAV,recover-20260219,UBNA_028,E18 Bridge
HF,53760.0,11.818870818365648,220.9355,220.9396,46953.0,66179.0,Echolocation,Myotis alcathoe,0.228,0.39,-1,192000.0,/mnt/ubna_data_07/recover-20260219/UBNA_028/20260213_053000.WAV,recover-20260219,UBNA_028,E18 Bridge
HF,52800.0,13.164353752666484,220.9915,220.9953,46093.0,64858.0,Echolocation,Myotis alcathoe,0.199,0.332,-1,192000.0,/mnt/ubna_data_07/recover-20260219/UBNA_028/20260213_053000.WAV,recover-20260219,UBNA_028,E18 Bridge
HF,52800.0,11.816251668016925,221.0625,221.0671,46953.0,63449.0,Echolocation,Myotis alcathoe,0.193,0.38,-1,192000.0,/mnt/ubna_data_07/recover-20260219/UBNA_028/20260213_053000.WAV,recover-20260219,UBNA_028,E18 Bridge
HF,53760.0,10.05196653370654,221.1215,221.1254,46953.0,68955.0,Echolocation,Myotis alcathoe,0.235,0.421,-1,192000.0,/mnt/ubna_data_07/recover-20260219/UBNA_028/20260213_053000.WAV,recover-20260219,UBNA_028,E18 Bridge
HF,52800.0,10.691319196746129,221.1955,221.1997,46953.0,69059.0,Echolocation,Myotis alcathoe,0.205,0.436,-1,192000.0,/mnt/ubna_data_07/recover-20260219/UBNA_028/20260213_053000.WAV,recover-20260219,UBNA_028,E18 Bridge
HF,51840.0,14.177311579489489,221.2765,221.2811,45234.0,63889.0,Echolocation,Pipistrellus pipistrellus,0.424,0.576,-1,192000.0,/mnt/ubna_data_07/recover-20260219/UBNA_028/20260213_053000.WAV,recover-20260219,UBNA_028,E18 Bridge
HF,56640.0,11.741714963938286,221.3275,221.3323,46093.0,68761.0,Echolocation,Myotis alcathoe,0.241,0.494,-1,192000.0,/mnt/ubna_data_07/recover-20260219/UBNA_028/20260213_053000.WAV,recover-20260219,UBNA_028,E18 Bridge
HF,55680.0,18.068389756865407,221.3875,221.3929,46953.0,77179.0,Echolocation,Myotis alcathoe,0.296,0.48,-1,192000.0,/mnt/ubna_data_07/recover-20260219/UBNA_028/20260213_053000.WAV,recover-20260219,UBNA_028,E18 Bridge
HF,55680.0,13.03817573471067,221.4355,221.4401,46093.0,74081.0,Echolocation,Myotis alcathoe,0.298,0.459,-1,192000.0,/mnt/ubna_data_07/recover-20260219/UBNA_028/20260213_053000.WAV,recover-20260219,UBNA_028,E18 Bridge
HF,55680.0,13.818918986977343,221.4805,221.48590000000002,47812.0,68782.0,Echolocation,Pipistrellus pipistrellus,0.218,0.545,-1,192000.0,/mnt/ubna_data_07/recover-20260219/UBNA_028/20260213_053000.WAV,recover-20260219,UBNA_028,E18 Bridge
HF,54720.0,18.318072539664747,221.5465,221.5506,46953.0,72634.0,Echolocation,Myotis alcathoe,0.263,0.443,-1,192000.0,/mnt/ubna_data_07/recover-20260219/UBNA_028/20260213_053000.WAV,recover-20260219,UBNA_028,E18 Bridge
HF,51840.0,9.294610090988542,221.5855,221.5902,47812.0,73968.0,Echolocation,Myotis alcathoe,0.266,0.465,-1,192000.0,/mnt/ubna_data_07/recover-20260219/UBNA_028/20260213_053000.WAV,recover-20260219,UBNA_028,E18 Bridge
HF,48960.0,10.392745492239461,221.6245,221.6287,47812.0,75448.0,Echolocation,Myotis alcathoe,0.24,0.438,-1,192000.0,/mnt/ubna_data_07/recover-20260219/UBNA_028/20260213_053000.WAV,recover-20260219,UBNA_028,E18 Bridge
HF,51840.0,8.572671338604454,221.6585,221.662,46953.0,74051.0,Echolocation,Myotis alcathoe,0.208,0.367,-1,192000.0,/mnt/ubna_data_07/recover-20260219/UBNA_028/20260213_053000.WAV,recover-20260219,UBNA_028,E18 Bridge
HF,48960.0,6.831357701096669,221.6915,221.6956,47812.0,67015.0,Echolocation,Myotis alcathoe,0.142,0.367,-1,192000.0,/mnt/ubna_data_07/recover-20260219/UBNA_028/20260213_053000.WAV,recover-20260219,UBNA_028,E18 Bridge
HF,52800.0,10.477496289632494,221.7155,221.7193,46093.0,73537.0,Echolocation,Myotis alcathoe,0.148,0.304,-1,192000.0,/mnt/ubna_data_07/recover-20260219/UBNA_028/20260213_053000.WAV,recover-20260219,UBNA_028,E18 Bridge
HF,48960.0,6.80012880106826,221.7495,221.7536,47812.0,67613.0,Echolocation,Pipistrellus pipistrellus,0.212,0.384,-1,192000.0,/mnt/ubna_data_07/recover-20260219/UBNA_028/20260213_053000.WAV,recover-20260219,UBNA_028,E18 Bridge
HF,48960.0,9.854583500853384,221.7695,221.773,46953.0,70152.0,Echolocation,Myotis alcathoe,0.153,0.325,-1,192000.0,/mnt/ubna_data_07/recover-20260219/UBNA_028/20260213_053000.WAV,recover-20260219,UBNA_028,E18 Bridge
HF,52800.0,7.285397941792309,221.8155,221.8193,46953.0,73922.0,Echolocation,Myotis alcathoe,0.148,0.301,-1,192000.0,/mnt/ubna_data_07/recover-20260219/UBNA_028/20260213_053000.WAV,recover-20260219,UBNA_028,E18 Bridge
HF,51840.0,4.515566842100499,221.8305,221.8344,47812.0,68220.0,Echolocation,Myotis alcathoe,0.145,0.332,-1,192000.0,/mnt/ubna_data_07/recover-20260219/UBNA_028/20260213_053000.WAV,recover-20260219,UBNA_028,E18 Bridge
HF,55680.0,16.960195235408094,222.1505,222.1539,45234.0,77989.0,Echolocation,Myotis alcathoe,0.463,0.633,-1,192000.0,/mnt/ubna_data_07/recover-20260219/UBNA_028/20260213_053000.WAV,recover-20260219,UBNA_028,E18 Bridge
HF,56640.0,15.140245479095856,222.2295,222.2329,46093.0,77375.0,Echolocation,Myotis alcathoe,0.486,0.578,-1,192000.0,/mnt/ubna_data_07/recover-20260219/UBNA_028/20260213_053000.WAV,recover-20260219,UBNA_028,E18 Bridge
HF,56640.0,13.187294501293682,222.2945,222.2985,45234.0,76732.0,Echolocation,Myotis alcathoe,0.442,0.506,-1,192000.0,/mnt/ubna_data_07/recover-20260219/UBNA_028/20260213_053000.WAV,recover-20260219,UBNA_028,E18 Bridge
HF,55680.0,17.06351290075842,222.3665,222.3702,46953.0,81130.0,Echolocation,Myotis alcathoe,0.458,0.544,-1,192000.0,/mnt/ubna_data_07/recover-20260219/UBNA_028/20260213_053000.WAV,recover-20260219,UBNA_028,E18 Bridge
HF,49920.0,18.765231885975528,222.4385,222.4428,44375.0,84783.0,Echolocation,Myotis alcathoe,0.531,0.627,-1,192000.0,/mnt/ubna_data_07/recover-20260219/UBNA_028/20260213_053000.WAV,recover-20260219,UBNA_028,E18 Bridge
HF,48960.0,18.8514081124283,222.5105,222.515,44375.0,85690.0,Echolocation,Myotis alcathoe,0.521,0.596,-1,192000.0,/mnt/ubna_data_07/recover-20260219/UBNA_028/20260213_053000.WAV,recover-20260219,UBNA_028,E18 Bridge
HF,52800.0,19.607513773114956,222.5685,222.573,46093.0,85956.0,Echolocation,Myotis alcathoe,0.545,0.608,-1,192000.0,/mnt/ubna_data_07/recover-20260219/UBNA_028/20260213_053000.WAV,recover-20260219,UBNA_028,E18 Bridge
HF,52800.0,22.084167863039234,222.6145,222.6183,46093.0,80702.0,Echolocation,Myotis alcathoe,0.441,0.512,-1,192000.0,/mnt/ubna_data_07/recover-20260219/UBNA_028/20260213_053000.WAV,recover-20260219,UBNA_028,E18 Bridge
HF,55680.0,18.81163353822892,222.67849999999999,222.6832,45234.0,77736.0,Echolocation,Myotis alcathoe,0.508,0.58,-1,192000.0,/mnt/ubna_data_07/recover-20260219/UBNA_028/20260213_053000.WAV,recover-20260219,UBNA_028,E18 Bridge
HF,51840.0,14.644924147986524,222.7585,222.7613,48671.0,71648.0,Echolocation,Myotis alcathoe,0.385,0.547,-1,192000.0,/mnt/ubna_data_07/recover-20260219/UBNA_028/20260213_053000.WAV,recover-20260219,UBNA_028,E18 Bridge
HF,51840.0,11.348225918827701,222.8285,222.8319,47812.0,75382.0,Echolocation,Myotis alcathoe,0.401,0.483,-1,192000.0,/mnt/ubna_data_07/recover-20260219/UBNA_028/20260213_053000.WAV,recover-20260219,UBNA_028,E18 Bridge
HF,51840.0,11.727530668441997,222.8875,222.8912,45234.0,73972.0,Echolocation,Myotis alcathoe,0.413,0.553,-1,192000.0,/mnt/ubna_data_07/recover-20260219/UBNA_028/20260213_053000.WAV,recover-20260219,UBNA_028,E18 Bridge
HF,55680.0,7.389957931430356,222.9245,222.928,45234.0,76935.0,Echolocation,Myotis alcathoe,0.374,0.477,-1,192000.0,/mnt/ubna_data_07/recover-20260219/UBNA_028/20260213_053000.WAV,recover-20260219,UBNA_028,E18 Bridge
HF,46080.0,7.3870361574150625,222.95850000000002,222.9621,42656.0,72788.0,Echolocation,Myotis mystacinus,0.307,0.542,-1,192000.0,/mnt/ubna_data_07/recover-20260219/UBNA_028/20260213_053000.WAV,recover-20260219,UBNA_028,E18 Bridge
HF,48000.0,7.762749842214717,222.9835,222.9871,42656.0,74230.0,Echolocation,Myotis alcathoe,0.249,0.509,-1,192000.0,/mnt/ubna_data_07/recover-20260219/UBNA_028/20260213_053000.WAV,recover-20260219,UBNA_028,E18 Bridge
HF,45120.0,8.052435676158096,223.0155,223.0188,44375.0,71037.0,Echolocation,Myotis alcathoe,0.358,0.514,-1,192000.0,/mnt/ubna_data_07/recover-20260219/UBNA_028/20260213_053000.WAV,recover-20260219,UBNA_028,E18 Bridge
HF,48000.0,7.087899592210951,223.0435,223.0466,46093.0,73799.0,Echolocation,Myotis alcathoe,0.248,0.41,-1,192000.0,/mnt/ubna_data_07/recover-20260219/UBNA_028/20260213_053000.WAV,recover-20260219,UBNA_028,E18 Bridge
HF,55680.0,8.871535058869728,223.0605,223.06380000000001,47812.0,68818.0,Echolocation,Myotis alcathoe,0.246,0.393,-1,192000.0,/mnt/ubna_data_07/recover-20260219/UBNA_028/20260213_053000.WAV,recover-20260219,UBNA_028,E18 Bridge
HF,55680.0,8.272434099869578,223.0775,223.0808,45234.0,71925.0,Echolocation,Myotis alcathoe,0.194,0.405,-1,192000.0,/mnt/ubna_data_07/recover-20260219/UBNA_028/20260213_053000.WAV,recover-20260219,UBNA_028,E18 Bridge
HF,55680.0,4.730744412829419,223.1055,223.109,46093.0,77431.0,Echolocation,Myotis alcathoe,0.273,0.362,-1,192000.0,/mnt/ubna_data_07/recover-20260219/UBNA_028/20260213_053000.WAV,recover-20260219,UBNA_028,E18 Bridge
HF,54720.0,6.871647455438846,223.1205,223.1239,43515.0,74461.0,Echolocation,Myotis alcathoe,0.191,0.362,-1,192000.0,/mnt/ubna_data_07/recover-20260219/UBNA_028/20260213_053000.WAV,recover-20260219,UBNA_028,E18 Bridge
HF,53760.0,24.201823436407466,223.2285,223.2337,44375.0,77546.0,Echolocation,Myotis alcathoe,0.462,0.542,-1,192000.0,/mnt/ubna_data_07/recover-20260219/UBNA_028/20260213_053000.WAV,recover-20260219,UBNA_028,E18 Bridge
HF,53760.0,24.51788594077833,223.2845,223.2886,46093.0,78790.0,Echolocation,Myotis alcathoe,0.431,0.502,-1,192000.0,/mnt/ubna_data_07/recover-20260219/UBNA_028/20260213_053000.WAV,recover-20260219,UBNA_028,E18 Bridge
HF,53760.0,17.986804930565174,223.3545,223.3578,46093.0,74708.0,Echolocation,Myotis alcathoe,0.462,0.559,-1,192000.0,/mnt/ubna_data_07/recover-20260219/UBNA_028/20260213_053000.WAV,recover-20260219,UBNA_028,E18 Bridge
HF,51840.0,22.290068230347654,223.4315,223.4356,43515.0,82181.0,Echolocation,Myotis alcathoe,0.525,0.617,-1,192000.0,/mnt/ubna_data_07/recover-20260219/UBNA_028/20260213_053000.WAV,recover-20260219,UBNA_028,E18 Bridge
HF,52800.0,31.256382532971024,223.5145,223.5194,44375.0,73579.0,Echolocation,Pipistrellus pipistrellus,0.428,0.621,-1,192000.0,/mnt/ubna_data_07/recover-20260219/UBNA_028/20260213_053000.WAV,recover-20260219,UBNA_028,E18 Bridge
HF,52800.0,15.802850233369231,223.5995,223.603,46093.0,72769.0,Echolocation,Myotis alcathoe,0.423,0.544,-1,192000.0,/mnt/ubna_data_07/recover-20260219/UBNA_028/20260213_053000.WAV,recover-20260219,UBNA_028,E18 Bridge
HF,52800.0,13.947235353201862,223.7065,223.7105,45234.0,75838.0,Echolocation,Myotis alcathoe,0.36,0.447,-1,192000.0,/mnt/ubna_data_07/recover-20260219/UBNA_028/20260213_053000.WAV,recover-20260219,UBNA_028,E18 Bridge
HF,52800.0,13.066772757720514,223.7755,223.7789,44375.0,72091.0,Echolocation,Myotis alcathoe,0.376,0.542,-1,192000.0,/mnt/ubna_data_07/recover-20260219/UBNA_028/20260213_053000.WAV,recover-20260219,UBNA_028,E18 Bridge
HF,50880.0,9.146223115654271,223.8225,223.8254,47812.0,66413.0,Echolocation,Myotis alcathoe,0.305,0.457,-1,192000.0,/mnt/ubna_data_07/recover-20260219/UBNA_028/20260213_053000.WAV,recover-20260219,UBNA_028,E18 Bridge
HF,51840.0,7.660373565579775,223.8655,223.8685,46953.0,69131.0,Echolocation,Myotis alcathoe,0.275,0.376,-1,192000.0,/mnt/ubna_data_07/recover-20260219/UBNA_028/20260213_053000.WAV,recover-20260219,UBNA_028,E18 Bridge
HF,52800.0,4.714628223785209,223.9065,223.9096,46093.0,70787.0,Echolocation,Myotis alcathoe,0.244,0.358,-1,192000.0,/mnt/ubna_data_07/recover-20260219/UBNA_028/20260213_053000.WAV,recover-20260219,UBNA_028,E18 Bridge
HF,55680.0,27.618690707531925,223.9735,223.9784,44375.0,79096.0,Echolocation,Myotis alcathoe,0.374,0.528,-1,192000.0,/mnt/ubna_data_07/recover-20260219/UBNA_028/20260213_053000.WAV,recover-20260219,UBNA_028,E18 Bridge
HF,51840.0,17.675072094633144,224.0425,224.0474,46093.0,70320.0,Echolocation,Myotis alcathoe,0.284,0.438,-1,192000.0,/mnt/ubna_data_07/recover-20260219/UBNA_028/20260213_053000.WAV,recover-20260219,UBNA_028,E18 Bridge
HF,55680.0,8.658569143570006,224.1215,224.1255,47812.0,63717.0,Echolocation,Pipistrellus pipistrellus,0.167,0.391,-1,192000.0,/mnt/ubna_data_07/recover-20260219/UBNA_028/20260213_053000.WAV,recover-20260219,UBNA_028,E18 Bridge
HF,51840.0,14.61819552764458,224.1955,224.2,46953.0,63367.0,Echolocation,Pipistrellus pipistrellus,0.199,0.393,-1,192000.0,/mnt/ubna_data_07/recover-20260219/UBNA_028/20260213_053000.WAV,recover-20260219,UBNA_028,E18 Bridge
HF,51840.0,13.445413947217473,224.2825,224.2879,46953.0,65309.0,Echolocation,Pipistrellus pipistrellus,0.417,0.621,-1,192000.0,/mnt/ubna_data_07/recover-20260219/UBNA_028/20260213_053000.WAV,recover-20260219,UBNA_028,E18 Bridge
HF,52800.0,6.113908525517172,224.5205,224.5254,47812.0,60672.0,Echolocation,Pipistrellus pipistrellus,0.294,0.424,-1,192000.0,/mnt/ubna_data_07/recover-20260219/UBNA_028/20260213_053000.WAV,recover-20260219,UBNA_028,E18 Bridge
LF,24000.0,-0.5471551938203871,199.8805,199.8911,25468.0,31276.0,Echolocation,Eptesicus serotinus,0.166,0.325,-1,192000.0,/mnt/ubna_data_07/recover-20260219/UBNA_028/20260213_084000.WAV,recover-20260219,UBNA_028,E18 Bridge
LF,20160.0,3.873441977314326,193.7975,193.8188,19453.0,23512.0,Echolocation,Nyctalus noctula,0.226,0.316,-1,192000.0,/mnt/ubna_data_07/recover-20260219/UBNA_028/20260213_100000.WAV,recover-20260219,UBNA_028,E18 Bridge
LF,24000.0,2.844636912417739,229.7355,229.7461,23750.0,29613.0,Echolocation,Eptesicus serotinus,0.156,0.334,-1,192000.0,/mnt/ubna_data_07/recover-20260219/UBNA_028/20260213_110000.WAV,recover-20260219,UBNA_028,E18 Bridge
LF,19200.0,6.039306610498384,88.0745,88.0958,18593.0,21477.0,Echolocation,Nyctalus noctula,0.254,0.361,-1,192000.0,/mnt/ubna_data_07/recover-20260219/UBNA_028/20260213_143000.WAV,recover-20260219,UBNA_028,E18 Bridge
LF,17280.0,11.057348938648648,91.7535,91.7707,17734.0,22372.0,Echolocation,Nyctalus noctula,0.224,0.303,-1,192000.0,/mnt/ubna_data_07/recover-20260219/UBNA_028/20260213_143000.WAV,recover-20260219,UBNA_028,E18 Bridge
LF,20160.0,9.82856775710469,94.4055,94.4251,17734.0,21366.0,Echolocation,Nyctalus noctula,0.395,0.481,-1,192000.0,/mnt/ubna_data_07/recover-20260219/UBNA_028/20260213_143000.WAV,recover-20260219,UBNA_028,E18 Bridge
LF,22080.0,0.9281987078090302,37.3275,37.3482,21171.0,24958.0,Echolocation,Nyctalus noctula,0.158,0.305,-1,192000.0,/mnt/ubna_data_07/recover-20260219/UBNA_028/20260213_145000.WAV,recover-20260219,UBNA_028,E18 Bridge
LF,18240.0,8.547731113702465,53.563500000000005,53.5851,17734.0,21184.0,Echolocation,Nyctalus noctula,0.244,0.307,-1,192000.0,/mnt/ubna_data_07/recover-20260219/UBNA_028/20260213_145000.WAV,recover-20260219,UBNA_028,E18 Bridge
LF,18240.0,9.157383397531515,54.4725,54.492000000000004,18593.0,22380.0,Echolocation,Nyctalus noctula,0.259,0.345,-1,192000.0,/mnt/ubna_data_07/recover-20260219/UBNA_028/20260213_145000.WAV,recover-20260219,UBNA_028,E18 Bridge
LF,19200.0,4.088484724864434,79.7685,79.7966,17734.0,20658.0,Echolocation,Nyctalus noctula,0.256,0.325,-1,192000.0,/mnt/ubna_data_07/recover-20260219/UBNA_028/20260213_151000.WAV,recover-20260219,UBNA_028,E18 Bridge
LF,20160.0,8.575045791819276,80.0065,80.0261,19453.0,21874.0,Echolocation,Nyctalus noctula,0.22,0.369,-1,192000.0,/mnt/ubna_data_07/recover-20260219/UBNA_028/20260213_151000.WAV,recover-20260219,UBNA_028,E18 Bridge
LF,16320.0,5.012469291878712,193.0205,193.0398,15156.0,18460.0,Echolocation,Nyctalus leisleri,0.173,0.327,-1,192000.0,/mnt/ubna_data_07/recover-20260219/UBNA_028/20260213_152000.WAV,recover-20260219,UBNA_028,E18 Bridge
LF,17280.0,4.930386056172645,193.2705,193.2912,15156.0,20116.0,Echolocation,Nyctalus leisleri,0.209,0.386,-1,192000.0,/mnt/ubna_data_07/recover-20260219/UBNA_028/20260213_152000.WAV,recover-20260219,UBNA_028,E18 Bridge
LF,16320.0,4.973099841028486,60.4585,60.4761,15156.0,19575.0,Echolocation,Nyctalus noctula,0.226,0.411,-1,192000.0,/mnt/ubna_data_07/recover-20260219/UBNA_028/20260213_153000.WAV,recover-20260219,UBNA_028,E18 Bridge
LF,16320.0,5.464950269700295,60.6215,60.6404,15156.0,18962.0,Echolocation,Nyctalus leisleri,0.208,0.346,-1,192000.0,/mnt/ubna_data_07/recover-20260219/UBNA_028/20260213_153000.WAV,recover-20260219,UBNA_028,E18 Bridge
LF,17280.0,3.9968627015362173,60.7065,60.7262,16015.0,19407.0,Echolocation,Nyctalus noctula,0.237,0.347,-1,192000.0,/mnt/ubna_data_07/recover-20260219/UBNA_028/20260213_153000.WAV,recover-20260219,UBNA_028,E18 Bridge
LF,17280.0,27.61991937137399,258.3065,258.3184,13437.0,21741.0,Echolocation,Nyctalus noctula,0.337,0.483,-1,192000.0,/mnt/ubna_data_07/recover-20260219/UBNA_028/20260213_153000.WAV,recover-20260219,UBNA_028,E18 Bridge
LF,20160.0,30.77170884314802,258.4055,258.4145,14296.0,28082.0,Echolocation,Nyctalus noctula,0.104,0.33,-1,192000.0,/mnt/ubna_data_07/recover-20260219/UBNA_028/20260213_153000.WAV,recover-20260219,UBNA_028,E18 Bridge
LF,17280.0,28.058655578350628,258.5035,258.516,12578.0,21270.0,Echolocation,Nyctalus noctula,0.169,0.459,-1,192000.0,/mnt/ubna_data_07/recover-20260219/UBNA_028/20260213_153000.WAV,recover-20260219,UBNA_028,E18 Bridge
LF,18240.0,27.606765793346945,270.2185,270.2333,11718.0,20905.0,Echolocation,Nyctalus leisleri,0.226,0.438,-1,192000.0,/mnt/ubna_data_07/recover-20260219/UBNA_028/20260213_153000.WAV,recover-20260219,UBNA_028,E18 Bridge
LF,23040.0,32.146679049664755,270.3625,270.3711,13437.0,28121.0,Echolocation,Plecotus auritus,0.096,0.314,-1,192000.0,/mnt/ubna_data_07/recover-20260219/UBNA_028/20260213_153000.WAV,recover-20260219,UBNA_028,E18 Bridge
LF,19200.0,30.98697142101477,271.0445,271.0614,15156.0,20107.0,Echolocation,Nyctalus noctula,0.296,0.382,-1,192000.0,/mnt/ubna_data_07/recover-20260219/UBNA_028/20260213_153000.WAV,recover-20260219,UBNA_028,E18 Bridge
LF,18240.0,20.14512553204709,277.9555,277.9684,13437.0,19947.0,Echolocation,Nyctalus noctula,0.152,0.34,-1,192000.0,/mnt/ubna_data_07/recover-20260219/UBNA_028/20260213_153000.WAV,recover-20260219,UBNA_028,E18 Bridge
LF,17280.0,16.623354884914786,0.2115,0.23,16875.0,21164.0,Echolocation,Nyctalus noctula,0.38,0.459,-1,192000.0,/mnt/ubna_data_07/recover-20260219/UBNA_028/20260213_154000.WAV,recover-20260219,UBNA_028,E18 Bridge
LF,18240.0,10.556552217885864,8.4325,8.4565,17734.0,20162.0,Echolocation,Nyctalus noctula,0.284,0.363,-1,192000.0,/mnt/ubna_data_07/recover-20260219/UBNA_028/20260213_154000.WAV,recover-20260219,UBNA_028,E18 Bridge
LF,18240.0,16.061005992966464,9.2905,9.3045,16875.0,23274.0,Echolocation,Nyctalus noctula,0.275,0.381,-1,192000.0,/mnt/ubna_data_07/recover-20260219/UBNA_028/20260213_154000.WAV,recover-20260219,UBNA_028,E18 Bridge
LF,17280.0,16.40914230563117,12.8685,12.8849,17734.0,21736.0,Echolocation,Nyctalus noctula,0.277,0.372,-1,192000.0,/mnt/ubna_data_07/recover-20260219/UBNA_028/20260213_154000.WAV,recover-20260219,UBNA_028,E18 Bridge
LF,19200.0,13.945051951370228,24.7165,24.7385,17734.0,20643.0,Echolocation,Nyctalus noctula,0.355,0.447,-1,192000.0,/mnt/ubna_data_07/recover-20260219/UBNA_028/20260213_154000.WAV,recover-20260219,UBNA_028,E18 Bridge
LF,23040.0,0.3906966944630936,161.80349999999999,161.819,22890.0,26451.0,Echolocation,Nyctalus leisleri,0.214,0.343,-1,192000.0,/mnt/ubna_data_07/recover-20260219/UBNA_028/20260213_160000.WAV,recover-20260219,UBNA_028,E18 Bridge
LF,20160.0,23.452024092499983,173.7825,173.80689999999998,16875.0,21075.0,Echolocation,Nyctalus noctula,0.228,0.302,-1,192000.0,/mnt/ubna_data_07/recover-20260219/UBNA_028/20260213_163000.WAV,recover-20260219,UBNA_028,E18 Bridge
LF,20160.0,1.4684103396803885,152.3275,152.3467,18593.0,22815.0,Echolocation,Nyctalus noctula,0.24,0.312,-1,192000.0,/mnt/ubna_data_07/recover-20260219/UBNA_028/20260213_165000.WAV,recover-20260219,UBNA_028,E18 Bridge
LF,16320.0,23.613492618349486,228.4975,228.5078,11718.0,26489.0,Echolocation,Eptesicus serotinus,0.251,0.376,-1,192000.0,/mnt/ubna_data_07/recover-20260219/UBNA_028/20260213_172000.WAV,recover-20260219,UBNA_028,E18 Bridge
LF,18240.0,17.75650849121366,229.16649999999998,229.1809,11718.0,22129.0,Echolocation,Eptesicus serotinus,0.208,0.359,-1,192000.0,/mnt/ubna_data_07/recover-20260219/UBNA_028/20260213_172000.WAV,recover-20260219,UBNA_028,E18 Bridge
LF,18240.0,24.659270826799027,229.2665,229.2813,11718.0,20680.0,Echolocation,Eptesicus serotinus,0.231,0.477,-1,192000.0,/mnt/ubna_data_07/recover-20260219/UBNA_028/20260213_172000.WAV,recover-20260219,UBNA_028,E18 Bridge
LF,17280.0,22.700852245755726,229.4135,229.4275,11718.0,20610.0,Echolocation,Eptesicus serotinus,0.177,0.339,-1,192000.0,/mnt/ubna_data_07/recover-20260219/UBNA_028/20260213_172000.WAV,recover-20260219,UBNA_028,E18 Bridge
LF,16320.0,27.158260082335243,229.8495,229.8638,11718.0,19796.0,Echolocation,Nyctalus leisleri,0.228,0.356,-1,192000.0,/mnt/ubna_data_07/recover-20260219/UBNA_028/20260213_172000.WAV,recover-20260219,UBNA_028,E18 Bridge
LF,17280.0,24.215975378139227,229.9795,229.99099999999999,11718.0,22724.0,Echolocation,Eptesicus serotinus,0.272,0.44,-1,192000.0,/mnt/ubna_data_07/recover-20260219/UBNA_028/20260213_172000.WAV,recover-20260219,UBNA_028,E18 Bridge
LF,16320.0,22.758885847818977,230.1455,230.1572,11718.0,24530.0,Echolocation,Eptesicus serotinus,0.164,0.304,-1,192000.0,/mnt/ubna_data_07/recover-20260219/UBNA_028/20260213_172000.WAV,recover-20260219,UBNA_028,E18 Bridge
LF,19200.0,21.312191555142892,293.6795,293.6955,11718.0,19907.0,Echolocation,Nyctalus leisleri,0.212,0.455,-1,192000.0,/mnt/ubna_data_07/recover-20260219/UBNA_028/20260213_173000.WAV,recover-20260219,UBNA_028,E18 Bridge
LF,19200.0,27.39356961654671,293.95550000000003,293.9691,16875.0,21293.0,Echolocation,Nyctalus noctula,0.235,0.306,-1,192000.0,/mnt/ubna_data_07/recover-20260219/UBNA_028/20260213_173000.WAV,recover-20260219,UBNA_028,E18 Bridge
LF,19200.0,21.34550407472596,294.1185,294.1441,16875.0,20848.0,Echolocation,Nyctalus noctula,0.359,0.415,-1,192000.0,/mnt/ubna_data_07/recover-20260219/UBNA_028/20260213_173000.WAV,recover-20260219,UBNA_028,E18 Bridge
LF,20160.0,20.770600570373638,299.7315,299.7492,16875.0,20062.0,Echolocation,Nyctalus noctula,0.341,0.453,-1,192000.0,/mnt/ubna_data_07/recover-20260219/UBNA_028/20260213_173000.WAV,recover-20260219,UBNA_028,E18 Bridge
LF,19200.0,6.5485003048662,3.2095,3.2374,17734.0,20070.0,Echolocation,Nyctalus noctula,0.235,0.326,-1,192000.0,/mnt/ubna_data_07/recover-20260219/UBNA_028/20260213_175000.WAV,recover-20260219,UBNA_028,E18 Bridge
LF,24960.0,0.6319077696306169,220.8995,220.9115,24609.0,30400.0,Echolocation,Nyctalus leisleri,0.148,0.309,-1,192000.0,/mnt/ubna_data_07/recover-20260219/UBNA_028/20260213_183000.WAV,recover-20260219,UBNA_028,E18 Bridge
LF,21120.0,3.5087752613907277,280.8405,280.8479,18593.0,28623.0,Echolocation,Plecotus auritus,0.114,0.331,-1,192000.0,/mnt/ubna_data_07/recover-20260219/UBNA_028/20260213_214000.WAV,recover-20260219,UBNA_028,E18 Bridge
LF,22080.0,13.929921595539165,21.2945,21.3205,21171.0,23260.0,Echolocation,Nyctalus leisleri,0.286,0.312,-1,192000.0,/mnt/ubna_data_07/recover-20260219/UBNA_028/20260213_222000.WAV,recover-20260219,UBNA_028,E18 Bridge
LF,18240.0,7.884480519848615,115.8205,115.8428,17734.0,20871.0,Echolocation,Nyctalus noctula,0.247,0.327,-1,192000.0,/mnt/ubna_data_07/recover-20260219/UBNA_028/20260213_222000.WAV,recover-20260219,UBNA_028,E18 Bridge
LF,23040.0,2.4378052225569498,6.0405,6.0525,22890.0,28010.0,Echolocation,Eptesicus serotinus,0.133,0.312,-1,192000.0,/mnt/ubna_data_07/recover-20260219/UBNA_028/20260213_232000.WAV,recover-20260219,UBNA_028,E18 Bridge
LF,23040.0,6.285608079029963,173.1105,173.1166,16875.0,30176.0,Echolocation,Plecotus auritus,0.222,0.319,-1,192000.0,/mnt/ubna_data_07/recover-20260219/UBNA_028/20260214_015000.WAV,recover-20260219,UBNA_028,E18 Bridge
LF,23040.0,1.525909069223815,265.4135,265.424,21171.0,28862.0,Echolocation,Nyctalus noctula,0.205,0.373,-1,192000.0,/mnt/ubna_data_07/recover-20260219/UBNA_028/20260214_043000.WAV,recover-20260219,UBNA_028,E18 Bridge
LF,23040.0,1.035267314468527,0.6805,0.6903,23750.0,30965.0,Echolocation,Eptesicus serotinus,0.158,0.381,-1,192000.0,/mnt/ubna_data_07/recover-20260219/UBNA_028/20260214_065000.WAV,recover-20260219,UBNA_028,E18 Bridge
LF,25920.0,0.1801282055896242,262.5825,262.5951,25468.0,31771.0,Echolocation,Eptesicus serotinus,0.187,0.349,-1,192000.0,/mnt/ubna_data_07/recover-20260219/UBNA_028/20260214_085000.WAV,recover-20260219,UBNA_028,E18 Bridge
LF,29760.0,-0.15300752405031992,80.5725,80.5849,28906.0,34265.0,Echolocation,Eptesicus serotinus,0.194,0.351,-1,192000.0,/mnt/ubna_data_07/recover-20260219/UBNA_028/20260214_093000.WAV,recover-20260219,UBNA_028,E18 Bridge
LF,23040.0,1.4191825227668136,196.7905,196.8011,23750.0,30191.0,Echolocation,Eptesicus serotinus,0.12,0.307,-1,192000.0,/mnt/ubna_data_07/recover-20260219/UBNA_028/20260214_140000.WAV,recover-20260219,UBNA_028,E18 Bridge
LF,18240.0,2.3244959495225137,210.0375,210.0654,17734.0,20979.0,Echolocation,Nyctalus noctula,0.274,0.351,-1,192000.0,/mnt/ubna_data_07/recover-20260219/UBNA_028/20260214_144000.WAV,recover-20260219,UBNA_028,E18 Bridge
LF,16320.0,3.9912027291670404,213.0875,213.104,11718.0,17915.0,Echolocation,Nyctalus leisleri,0.206,0.304,-1,192000.0,/mnt/ubna_data_07/recover-20260219/UBNA_028/20260214_153000.WAV,recover-20260219,UBNA_028,E18 Bridge
LF,23040.0,2.672592475737559,262.4605,262.4777,22890.0,27095.0,Echolocation,Nyctalus leisleri,0.238,0.318,-1,192000.0,/mnt/ubna_data_07/recover-20260219/UBNA_028/20260214_154000.WAV,recover-20260219,UBNA_028,E18 Bridge
LF,16320.0,5.539181260504212,130.3715,130.3965,16015.0,18563.0,Echolocation,Nyctalus leisleri,0.175,0.355,-1,192000.0,/mnt/ubna_data_07/recover-20260219/UBNA_028/20260214_155000.WAV,recover-20260219,UBNA_028,E18 Bridge
HF,49920.0,0.9821896709597504,195.4865,195.5038,48671.0,52116.0,Echolocation,Pipistrellus pipistrellus,0.225,0.314,-1,192000.0,/mnt/ubna_data_07/recover-20260219/UBNA_028/20260214_163000.WAV,recover-20260219,UBNA_028,E18 Bridge
LF,18240.0,7.089285232148538,9.4585,9.478,16875.0,21072.0,Echolocation,Nyctalus noctula,0.318,0.407,-1,192000.0,/mnt/ubna_data_07/recover-20260219/UBNA_028/20260214_172000.WAV,recover-20260219,UBNA_028,E18 Bridge
LF,17280.0,9.719059477568386,12.4185,12.4367,17734.0,20682.0,Echolocation,Nyctalus noctula,0.203,0.322,-1,192000.0,/mnt/ubna_data_07/recover-20260219/UBNA_028/20260214_172000.WAV,recover-20260219,UBNA_028,E18 Bridge
LF,18240.0,6.918253299381716,15.3665,15.3862,16875.0,19968.0,Echolocation,Nyctalus noctula,0.173,0.306,-1,192000.0,/mnt/ubna_data_07/recover-20260219/UBNA_028/20260214_172000.WAV,recover-20260219,UBNA_028,E18 Bridge
LF,19200.0,4.2455188264243935,34.7205,34.7446,17734.0,20211.0,Echolocation,Nyctalus noctula,0.268,0.367,-1,192000.0,/mnt/ubna_data_07/recover-20260219/UBNA_028/20260214_172000.WAV,recover-20260219,UBNA_028,E18 Bridge
LF,26880.0,1.3778178945558746,195.4695,195.4806,26328.0,31874.0,Echolocation,Nyctalus leisleri,0.173,0.377,-1,192000.0,/mnt/ubna_data_07/recover-20260219/UBNA_028/20260214_172000.WAV,recover-20260219,UBNA_028,E18 Bridge
LF,16320.0,9.379032631047401,256.7405,256.7559,15156.0,21479.0,Echolocation,Nyctalus noctula,0.194,0.309,-1,192000.0,/mnt/ubna_data_07/recover-20260219/UBNA_028/20260214_185000.WAV,recover-20260219,UBNA_028,E18 Bridge
LF,23040.0,2.7403385889754177,151.4775,151.4886,22031.0,28637.0,Echolocation,Nyctalus noctula,0.147,0.336,-1,192000.0,/mnt/ubna_data_07/recover-20260219/UBNA_028/20260214_195000.WAV,recover-20260219,UBNA_028,E18 Bridge
LF,17280.0,4.3148417225897076,137.83350000000002,137.8573,16875.0,19800.0,Echolocation,Nyctalus noctula,0.277,0.37,-1,192000.0,/mnt/ubna_data_07/recover-20260219/UBNA_028/20260214_201000.WAV,recover-20260219,UBNA_028,E18 Bridge
LF,18240.0,6.2394708862057975,144.2435,144.26,16875.0,21393.0,Echolocation,Nyctalus noctula,0.261,0.379,-1,192000.0,/mnt/ubna_data_07/recover-20260219/UBNA_028/20260214_201000.WAV,recover-20260219,UBNA_028,E18 Bridge
LF,18240.0,3.5511074308406636,150.0945,150.1131,16875.0,21317.0,Echolocation,Nyctalus noctula,0.272,0.352,-1,192000.0,/mnt/ubna_data_07/recover-20260219/UBNA_028/20260214_201000.WAV,recover-20260219,UBNA_028,E18 Bridge
LF,26880.0,-0.6228818488909178,40.0405,40.0533,25468.0,29660.0,Echolocation,Nyctalus leisleri,0.263,0.391,-1,192000.0,/mnt/ubna_data_07/recover-20260219/UBNA_028/20260214_213000.WAV,recover-20260219,UBNA_028,E18 Bridge
LF,20160.0,2.2695522628671743,95.3575,95.3779,18593.0,22831.0,Echolocation,Nyctalus noctula,0.266,0.375,-1,192000.0,/mnt/ubna_data_07/recover-20260219/UBNA_028/20260214_215000.WAV,recover-20260219,UBNA_028,E18 Bridge
LF,20160.0,2.4090054861191135,198.2645,198.2836,19453.0,22677.0,Echolocation,Nyctalus noctula,0.182,0.319,-1,192000.0,/mnt/ubna_data_07/recover-20260219/UBNA_028/20260214_223000.WAV,recover-20260219,UBNA_028,E18 Bridge
LF,17280.0,15.6187311956946,24.8495,24.8686,16875.0,19737.0,Echolocation,Nyctalus noctula,0.215,0.423,-1,192000.0,/mnt/ubna_data_07/recover-20260219/UBNA_028/20260214_225000.WAV,recover-20260219,UBNA_028,E18 Bridge
HF,45120.0,6.424496143234556,285.5035,285.5222,44375.0,47892.0,Echolocation,Pipistrellus pipistrellus,0.273,0.321,-1,192000.0,/mnt/ubna_data_07/recover-20260219/UBNA_028/20260214_225000.WAV,recover-20260219,UBNA_028,E18 Bridge
LF,23040.0,0.7571664028982451,71.0085,71.0233,23750.0,27850.0,Echolocation,Nyctalus leisleri,0.223,0.302,-1,192000.0,/mnt/ubna_data_07/recover-20260219/UBNA_028/20260214_233000.WAV,recover-20260219,UBNA_028,E18 Bridge
LF,26880.0,2.2221472602447796,155.5025,155.5123,25468.0,31594.0,Echolocation,Eptesicus serotinus,0.176,0.311,-1,192000.0,/mnt/ubna_data_07/recover-20260219/UBNA_028/20260214_234000.WAV,recover-20260219,UBNA_028,E18 Bridge
LF,24000.0,1.8086323751151743,45.2305,45.243700000000004,23750.0,28682.0,Echolocation,Eptesicus serotinus,0.13,0.307,-1,192000.0,/mnt/ubna_data_07/recover-20260219/UBNA_028/20260215_000000.WAV,recover-20260219,UBNA_028,E18 Bridge
HF,46080.0,5.835599583696563,227.0765,227.0947,45234.0,48735.0,Echolocation,Pipistrellus pipistrellus,0.382,0.427,-1,192000.0,/mnt/ubna_data_07/recover-20260219/UBNA_028/20260215_003000.WAV,recover-20260219,UBNA_028,E18 Bridge
LF,23040.0,1.5189426975341405,144.2495,144.2644,22890.0,27304.0,Echolocation,Nyctalus leisleri,0.138,0.306,-1,192000.0,/mnt/ubna_data_07/recover-20260219/UBNA_028/20260215_013000.WAV,recover-20260219,UBNA_028,E18 Bridge
LF,20160.0,3.580633335855622,260.7665,260.7903,18593.0,21945.0,Echolocation,Nyctalus noctula,0.263,0.339,-1,192000.0,/mnt/ubna_data_07/recover-20260219/UBNA_028/20260215_013000.WAV,recover-20260219,UBNA_028,E18 Bridge
LF,20160.0,3.556853061340897,260.9855,261.0096,18593.0,21107.0,Echolocation,Nyctalus noctula,0.238,0.323,-1,192000.0,/mnt/ubna_data_07/recover-20260219/UBNA_028/20260215_013000.WAV,recover-20260219,UBNA_028,E18 Bridge
HF,46080.0,5.83019592478602,41.9785,41.9848,40937.0,61389.0,Echolocation,Pipistrellus nathusii,0.255,0.466,-1,192000.0,/mnt/ubna_data_07/recover-20260219/UBNA_028/20260215_025000.WAV,recover-20260219,UBNA_028,E18 Bridge
HF,45120.0,12.222613415311622,42.298500000000004,42.3048,38359.0,65665.0,Echolocation,Myotis daubentonii,0.222,0.389,-1,192000.0,/mnt/ubna_data_07/recover-20260219/UBNA_028/20260215_025000.WAV,recover-20260219,UBNA_028,E18 Bridge
HF,45120.0,10.487767631697382,42.542500000000004,42.5492,40937.0,63184.0,Echolocation,Myotis daubentonii,0.19,0.354,-1,192000.0,/mnt/ubna_data_07/recover-20260219/UBNA_028/20260215_025000.WAV,recover-20260219,UBNA_028,E18 Bridge
HF,47040.0,10.141611789804664,42.8795,42.8856,39218.0,67745.0,Echolocation,Myotis daubentonii,0.223,0.369,-1,192000.0,/mnt/ubna_data_07/recover-20260219/UBNA_028/20260215_025000.WAV,recover-20260219,UBNA_028,E18 Bridge
HF,45120.0,12.782145839912765,42.9645,42.9708,40078.0,61886.0,Echolocation,Myotis daubentonii,0.244,0.382,-1,192000.0,/mnt/ubna_data_07/recover-20260219/UBNA_028/20260215_025000.WAV,recover-20260219,UBNA_028,E18 Bridge
HF,46080.0,6.706674666875667,43.2745,43.28,36640.0,69387.0,Echolocation,Myotis daubentonii,0.256,0.429,-1,192000.0,/mnt/ubna_data_07/recover-20260219/UBNA_028/20260215_025000.WAV,recover-20260219,UBNA_028,E18 Bridge
HF,47040.0,6.605898778798398,43.3345,43.3398,40078.0,59895.0,Echolocation,Myotis daubentonii,0.286,0.394,-1,192000.0,/mnt/ubna_data_07/recover-20260219/UBNA_028/20260215_025000.WAV,recover-20260219,UBNA_028,E18 Bridge
HF,46080.0,18.57875719245215,43.4225,43.428200000000004,39218.0,62818.0,Echolocation,Myotis daubentonii,0.312,0.505,-1,192000.0,/mnt/ubna_data_07/recover-20260219/UBNA_028/20260215_025000.WAV,recover-20260219,UBNA_028,E18 Bridge
HF,47040.0,10.355347978010682,43.4925,43.4978,38359.0,65678.0,Echolocation,Myotis daubentonii,0.213,0.356,-1,192000.0,/mnt/ubna_data_07/recover-20260219/UBNA_028/20260215_025000.WAV,recover-20260219,UBNA_028,E18 Bridge
HF,45120.0,15.791614316736949,43.5725,43.578900000000004,39218.0,65795.0,Echolocation,Myotis daubentonii,0.25,0.391,-1,192000.0,/mnt/ubna_data_07/recover-20260219/UBNA_028/20260215_025000.WAV,recover-20260219,UBNA_028,E18 Bridge
HF,46080.0,17.04979064693099,43.7365,43.742599999999996,38359.0,67172.0,Echolocation,Myotis daubentonii,0.265,0.398,-1,192000.0,/mnt/ubna_data_07/recover-20260219/UBNA_028/20260215_025000.WAV,recover-20260219,UBNA_028,E18 Bridge
HF,45120.0,13.60994945827982,43.8175,43.823,37500.0,66090.0,Echolocation,Myotis daubentonii,0.263,0.422,-1,192000.0,/mnt/ubna_data_07/recover-20260219/UBNA_028/20260215_025000.WAV,recover-20260219,UBNA_028,E18 Bridge
HF,47040.0,25.30036496182083,43.9745,43.9806,34921.0,75283.0,Echolocation,Myotis brandtii,0.254,0.478,-1,192000.0,/mnt/ubna_data_07/recover-20260219/UBNA_028/20260215_025000.WAV,recover-20260219,UBNA_028,E18 Bridge
HF,47040.0,17.063213179799625,44.0445,44.0501,33203.0,68910.0,Echolocation,Myotis daubentonii,0.348,0.406,-1,192000.0,/mnt/ubna_data_07/recover-20260219/UBNA_028/20260215_025000.WAV,recover-20260219,UBNA_028,E18 Bridge
HF,47040.0,28.566171009158072,44.1505,44.1569,33203.0,81562.0,Echolocation,Myotis daubentonii,0.399,0.487,-1,192000.0,/mnt/ubna_data_07/recover-20260219/UBNA_028/20260215_025000.WAV,recover-20260219,UBNA_028,E18 Bridge
HF,45120.0,20.39129192519949,44.3195,44.3257,39218.0,68187.0,Echolocation,Myotis daubentonii,0.335,0.438,-1,192000.0,/mnt/ubna_data_07/recover-20260219/UBNA_028/20260215_025000.WAV,recover-20260219,UBNA_028,E18 Bridge
HF,47040.0,26.388183501925006,44.4065,44.4137,33203.0,82278.0,Echolocation,Myotis daubentonii,0.415,0.499,-1,192000.0,/mnt/ubna_data_07/recover-20260219/UBNA_028/20260215_025000.WAV,recover-20260219,UBNA_028,E18 Bridge
HF,47040.0,22.89744086580237,44.5585,44.5649,34921.0,71927.0,Echolocation,Myotis daubentonii,0.401,0.5,-1,192000.0,/mnt/ubna_data_07/recover-20260219/UBNA_028/20260215_025000.WAV,recover-20260219,UBNA_028,E18 Bridge
HF,48000.0,13.486815770655657,44.7265,44.7321,36640.0,68095.0,Echolocation,Myotis daubentonii,0.447,0.514,-1,192000.0,/mnt/ubna_data_07/recover-20260219/UBNA_028/20260215_025000.WAV,recover-20260219,UBNA_028,E18 Bridge
HF,45120.0,19.526501695327422,44.8035,44.8096,34062.0,75229.0,Echolocation,Myotis daubentonii,0.256,0.417,-1,192000.0,/mnt/ubna_data_07/recover-20260219/UBNA_028/20260215_025000.WAV,recover-20260219,UBNA_028,E18 Bridge
HF,45120.0,5.507833595829368,45.051500000000004,45.056200000000004,39218.0,56347.0,Echolocation,Myotis daubentonii,0.318,0.387,-1,192000.0,/mnt/ubna_data_07/recover-20260219/UBNA_028/20260215_025000.WAV,recover-20260219,UBNA_028,E18 Bridge
HF,48000.0,5.195005564420253,45.195499999999996,45.1994,38359.0,54908.0,Echolocation,Myotis daubentonii,0.337,0.379,-1,192000.0,/mnt/ubna_data_07/recover-20260219/UBNA_028/20260215_025000.WAV,recover-20260219,UBNA_028,E18 Bridge
HF,48000.0,5.817229091552005,45.3455,45.35,40078.0,56900.0,Echolocation,Myotis daubentonii,0.371,0.436,-1,192000.0,/mnt/ubna_data_07/recover-20260219/UBNA_028/20260215_025000.WAV,recover-20260219,UBNA_028,E18 Bridge
HF,48000.0,15.759326601327903,45.7315,45.7375,37500.0,68464.0,Echolocation,Myotis daubentonii,0.294,0.398,-1,192000.0,/mnt/ubna_data_07/recover-20260219/UBNA_028/20260215_025000.WAV,recover-20260219,UBNA_028,E18 Bridge
HF,48000.0,16.675913650035426,45.9745,45.9792,34921.0,68427.0,Echolocation,Myotis daubentonii,0.375,0.447,-1,192000.0,/mnt/ubna_data_07/recover-20260219/UBNA_028/20260215_025000.WAV,recover-20260219,UBNA_028,E18 Bridge
LF,22080.0,0.7954539336548692,293.0335,293.0541,21171.0,25361.0,Echolocation,Nyctalus noctula,0.169,0.352,-1,192000.0,/mnt/ubna_data_07/recover-20260219/UBNA_028/20260215_031000.WAV,recover-20260219,UBNA_028,E18 Bridge
LF,23040.0,0.04641583031508614,128.8365,128.8472,23750.0,30589.0,Echolocation,Eptesicus serotinus,0.208,0.404,-1,192000.0,/mnt/ubna_data_07/recover-20260219/UBNA_028/20260215_064000.WAV,recover-20260219,UBNA_028,E18 Bridge
HF,46080.0,2.5888358519128425,249.4555,249.4615,45234.0,51414.0,Echolocation,Pipistrellus pipistrellus,0.352,0.381,-1,192000.0,/mnt/ubna_data_07/recover-20260219/UBNA_028/20260215_070000.WAV,recover-20260219,UBNA_028,E18 Bridge
LF,23040.0,2.2369222145907646,262.1875,262.2024,22890.0,26837.0,Echolocation,Nyctalus leisleri,0.191,0.351,-1,192000.0,/mnt/ubna_data_07/recover-20260219/UBNA_028/20260215_085000.WAV,recover-20260219,UBNA_028,E18 Bridge
HF,45120.0,3.4093607739985803,15.5035,15.5154,43515.0,46846.0,Echolocation,Pipistrellus pipistrellus,0.256,0.345,-1,192000.0,/mnt/ubna_data_07/recover-20260219/UBNA_028/20260215_091000.WAV,recover-20260219,UBNA_028,E18 Bridge
LF,24960.0,0.7689986467384995,241.7965,241.8058,24609.0,32632.0,Echolocation,Eptesicus serotinus,0.169,0.336,-1,192000.0,/mnt/ubna_data_07/recover-20260219/UBNA_028/20260215_094000.WAV,recover-20260219,UBNA_028,E18 Bridge
HF,52800.0,8.36473947974167,25.1035,25.1091,50390.0,60287.0,Echolocation,Pipistrellus pipistrellus,0.312,0.351,-1,192000.0,/mnt/ubna_data_07/recover-20260219/UBNA_028/20260215_102000.WAV,recover-20260219,UBNA_028,E18 Bridge
HF,52800.0,4.729774525753092,25.2335,25.241,48671.0,64184.0,Echolocation,Pipistrellus pipistrellus,0.236,0.366,-1,192000.0,/mnt/ubna_data_07/recover-20260219/UBNA_028/20260215_102000.WAV,recover-20260219,UBNA_028,E18 Bridge
HF,51840.0,10.261516277877352,25.6845,25.6902,46953.0,60891.0,Echolocation,Pipistrellus pipistrellus,0.348,0.442,-1,192000.0,/mnt/ubna_data_07/recover-20260219/UBNA_028/20260215_102000.WAV,recover-20260219,UBNA_028,E18 Bridge
HF,51840.0,10.908649228099678,25.7695,25.7789,49531.0,55831.0,Echolocation,Pipistrellus pipistrellus,0.273,0.301,-1,192000.0,/mnt/ubna_data_07/recover-20260219/UBNA_028/20260215_102000.WAV,recover-20260219,UBNA_028,E18 Bridge
HF,52800.0,10.36411505162597,25.8495,25.855,48671.0,63107.0,Echolocation,Pipistrellus pipistrellus,0.326,0.434,-1,192000.0,/mnt/ubna_data_07/recover-20260219/UBNA_028/20260215_102000.WAV,recover-20260219,UBNA_028,E18 Bridge
HF,51840.0,8.848640482123779,25.9645,25.9734,46953.0,60698.0,Echolocation,Pipistrellus pipistrellus,0.235,0.386,-1,192000.0,/mnt/ubna_data_07/recover-20260219/UBNA_028/20260215_102000.WAV,recover-20260219,UBNA_028,E18 Bridge
HF,51840.0,12.455339607402305,26.0495,26.0551,46093.0,68076.0,Echolocation,Pipistrellus pipistrellus,0.198,0.425,-1,192000.0,/mnt/ubna_data_07/recover-20260219/UBNA_028/20260215_102000.WAV,recover-20260219,UBNA_028,E18 Bridge
HF,54720.0,16.8512303552061,26.1425,26.1472,45234.0,70397.0,Echolocation,Myotis alcathoe,0.203,0.44,-1,192000.0,/mnt/ubna_data_07/recover-20260219/UBNA_028/20260215_102000.WAV,recover-20260219,UBNA_028,E18 Bridge
HF,51840.0,19.357268201198565,26.2255,26.2301,46093.0,74374.0,Echolocation,Myotis alcathoe,0.192,0.404,-1,192000.0,/mnt/ubna_data_07/recover-20260219/UBNA_028/20260215_102000.WAV,recover-20260219,UBNA_028,E18 Bridge
HF,52800.0,22.869713278042827,26.3865,26.392,46093.0,83715.0,Echolocation,Myotis alcathoe,0.275,0.505,-1,192000.0,/mnt/ubna_data_07/recover-20260219/UBNA_028/20260215_102000.WAV,recover-20260219,UBNA_028,E18 Bridge
HF,51840.0,22.322704848107918,26.4715,26.4765,45234.0,78606.0,Echolocation,Myotis alcathoe,0.259,0.493,-1,192000.0,/mnt/ubna_data_07/recover-20260219/UBNA_028/20260215_102000.WAV,recover-20260219,UBNA_028,E18 Bridge
HF,51840.0,28.654691022785403,26.5525,26.5575,45234.0,78757.0,Echolocation,Pipistrellus pipistrellus,0.297,0.532,-1,192000.0,/mnt/ubna_data_07/recover-20260219/UBNA_028/20260215_102000.WAV,recover-20260219,UBNA_028,E18 Bridge
HF,54720.0,29.240452179482148,26.6375,26.6438,42656.0,91572.0,Echolocation,Myotis alcathoe,0.284,0.499,-1,192000.0,/mnt/ubna_data_07/recover-20260219/UBNA_028/20260215_102000.WAV,recover-20260219,UBNA_028,E18 Bridge
HF,54720.0,29.42831094312063,26.7315,26.7373,44375.0,83752.0,Echolocation,Pipistrellus pipistrellus,0.323,0.517,-1,192000.0,/mnt/ubna_data_07/recover-20260219/UBNA_028/20260215_102000.WAV,recover-20260219,UBNA_028,E18 Bridge
HF,54720.0,28.556545079413542,26.8175,26.8227,44375.0,83342.0,Echolocation,Myotis alcathoe,0.272,0.575,-1,192000.0,/mnt/ubna_data_07/recover-20260219/UBNA_028/20260215_102000.WAV,recover-20260219,UBNA_028,E18 Bridge
HF,51840.0,32.79169681323702,26.9035,26.9091,42656.0,84208.0,Echolocation,Myotis alcathoe,0.248,0.455,-1,192000.0,/mnt/ubna_data_07/recover-20260219/UBNA_028/20260215_102000.WAV,recover-20260219,UBNA_028,E18 Bridge
HF,51840.0,32.740188193790175,26.9935,26.9983,44375.0,74014.0,Echolocation,Pipistrellus pipistrellus,0.472,0.573,-1,192000.0,/mnt/ubna_data_07/recover-20260219/UBNA_028/20260215_102000.WAV,recover-20260219,UBNA_028,E18 Bridge
HF,52800.0,23.407121453823713,27.0715,27.0771,44375.0,79039.0,Echolocation,Myotis alcathoe,0.273,0.485,-1,192000.0,/mnt/ubna_data_07/recover-20260219/UBNA_028/20260215_102000.WAV,recover-20260219,UBNA_028,E18 Bridge
HF,52800.0,25.07784645404837,27.1555,27.1608,45234.0,72018.0,Echolocation,Pipistrellus pipistrellus,0.466,0.613,-1,192000.0,/mnt/ubna_data_07/recover-20260219/UBNA_028/20260215_102000.WAV,recover-20260219,UBNA_028,E18 Bridge
HF,52800.0,25.93115325123456,27.2385,27.2445,43515.0,86019.0,Echolocation,Myotis alcathoe,0.274,0.582,-1,192000.0,/mnt/ubna_data_07/recover-20260219/UBNA_028/20260215_102000.WAV,recover-20260219,UBNA_028,E18 Bridge
HF,52800.0,23.221261663608345,27.3025,27.3081,43515.0,88366.0,Echolocation,Myotis alcathoe,0.256,0.511,-1,192000.0,/mnt/ubna_data_07/recover-20260219/UBNA_028/20260215_102000.WAV,recover-20260219,UBNA_028,E18 Bridge
HF,53760.0,25.486797165062516,27.3615,27.3671,44375.0,82016.0,Echolocation,Pipistrellus pipistrellus,0.237,0.577,-1,192000.0,/mnt/ubna_data_07/recover-20260219/UBNA_028/20260215_102000.WAV,recover-20260219,UBNA_028,E18 Bridge
HF,54720.0,10.363969736921426,27.4535,27.4564,48671.0,66750.0,Echolocation,Myotis alcathoe,0.138,0.358,-1,192000.0,/mnt/ubna_data_07/recover-20260219/UBNA_028/20260215_102000.WAV,recover-20260219,UBNA_028,E18 Bridge
HF,48000.0,17.9362301472843,27.5395,27.5451,44375.0,68435.0,Echolocation,Pipistrellus pipistrellus,0.499,0.683,-1,192000.0,/mnt/ubna_data_07/recover-20260219/UBNA_028/20260215_102000.WAV,recover-20260219,UBNA_028,E18 Bridge
HF,48000.0,4.52177861054029,27.6215,27.6253,43515.0,65004.0,Echolocation,Myotis alcathoe,0.155,0.439,-1,192000.0,/mnt/ubna_data_07/recover-20260219/UBNA_028/20260215_102000.WAV,recover-20260219,UBNA_028,E18 Bridge
HF,45120.0,7.691536612454373,27.7025,27.7066,43515.0,66586.0,Echolocation,Myotis alcathoe,0.202,0.475,-1,192000.0,/mnt/ubna_data_07/recover-20260219/UBNA_028/20260215_102000.WAV,recover-20260219,UBNA_028,E18 Bridge
HF,48960.0,16.23653282980723,27.7825,27.787,45234.0,67762.0,Echolocation,Pipistrellus pipistrellus,0.212,0.511,-1,192000.0,/mnt/ubna_data_07/recover-20260219/UBNA_028/20260215_102000.WAV,recover-20260219,UBNA_028,E18 Bridge
HF,51840.0,10.510525665748895,27.9605,27.9648,46953.0,61649.0,Echolocation,Pipistrellus pipistrellus,0.497,0.545,-1,192000.0,/mnt/ubna_data_07/recover-20260219/UBNA_028/20260215_102000.WAV,recover-20260219,UBNA_028,E18 Bridge
HF,51840.0,8.868841849283767,28.0495,28.0549,45234.0,56717.0,Echolocation,Pipistrellus pipistrellus,0.406,0.518,-1,192000.0,/mnt/ubna_data_07/recover-20260219/UBNA_028/20260215_102000.WAV,recover-20260219,UBNA_028,E18 Bridge
HF,48960.0,2.814642235608042,28.1435,28.1499,47812.0,59787.0,Echolocation,Pipistrellus pipistrellus,0.346,0.386,-1,192000.0,/mnt/ubna_data_07/recover-20260219/UBNA_028/20260215_102000.WAV,recover-20260219,UBNA_028,E18 Bridge
HF,48960.0,7.9320541275740535,28.2755,28.2804,45234.0,58592.0,Echolocation,Pipistrellus pipistrellus,0.419,0.533,-1,192000.0,/mnt/ubna_data_07/recover-20260219/UBNA_028/20260215_102000.WAV,recover-20260219,UBNA_028,E18 Bridge
HF,48000.0,5.794130983776872,28.3505,28.3569,46093.0,57996.0,Echolocation,Pipistrellus pipistrellus,0.268,0.351,-1,192000.0,/mnt/ubna_data_07/recover-20260219/UBNA_028/20260215_102000.WAV,recover-20260219,UBNA_028,E18 Bridge
HF,48960.0,14.381487584676979,28.4335,28.4387,46093.0,60256.0,Echolocation,Pipistrellus pipistrellus,0.568,0.676,-1,192000.0,/mnt/ubna_data_07/recover-20260219/UBNA_028/20260215_102000.WAV,recover-20260219,UBNA_028,E18 Bridge
HF,47040.0,1.884997020235451,28.5115,28.5169,45234.0,57370.0,Echolocation,Pipistrellus pipistrellus,0.288,0.378,-1,192000.0,/mnt/ubna_data_07/recover-20260219/UBNA_028/20260215_102000.WAV,recover-20260219,UBNA_028,E18 Bridge
HF,48000.0,8.542933759371344,28.6915,28.6976,46953.0,58469.0,Echolocation,Pipistrellus pipistrellus,0.432,0.65,-1,192000.0,/mnt/ubna_data_07/recover-20260219/UBNA_028/20260215_102000.WAV,recover-20260219,UBNA_028,E18 Bridge
HF,48960.0,5.786148249873668,28.8645,28.8702,46953.0,59680.0,Echolocation,Pipistrellus pipistrellus,0.47,0.53,-1,192000.0,/mnt/ubna_data_07/recover-20260219/UBNA_028/20260215_102000.WAV,recover-20260219,UBNA_028,E18 Bridge
HF,50880.0,9.44112738400207,29.0325,29.0395,46953.0,58430.0,Echolocation,Pipistrellus pipistrellus,0.454,0.606,-1,192000.0,/mnt/ubna_data_07/recover-20260219/UBNA_028/20260215_102000.WAV,recover-20260219,UBNA_028,E18 Bridge
HF,47040.0,9.929304565230202,29.1215,29.1258,46093.0,59508.0,Echolocation,Pipistrellus pipistrellus,0.446,0.511,-1,192000.0,/mnt/ubna_data_07/recover-20260219/UBNA_028/20260215_102000.WAV,recover-20260219,UBNA_028,E18 Bridge
HF,51840.0,10.880308606130583,29.2195,29.2248,45234.0,62132.0,Echolocation,Pipistrellus pipistrellus,0.419,0.506,-1,192000.0,/mnt/ubna_data_07/recover-20260219/UBNA_028/20260215_102000.WAV,recover-20260219,UBNA_028,E18 Bridge
HF,47040.0,14.687832068522571,29.3045,29.311,44375.0,60411.0,Echolocation,Pipistrellus pipistrellus,0.326,0.651,-1,192000.0,/mnt/ubna_data_07/recover-20260219/UBNA_028/20260215_102000.WAV,recover-20260219,UBNA_028,E18 Bridge
HF,47040.0,13.236751920901927,29.3935,29.3978,46953.0,60968.0,Echolocation,Pipistrellus pipistrellus,0.468,0.546,-1,192000.0,/mnt/ubna_data_07/recover-20260219/UBNA_028/20260215_102000.WAV,recover-20260219,UBNA_028,E18 Bridge
HF,52800.0,13.285672818604457,29.4815,29.4862,45234.0,59607.0,Echolocation,Pipistrellus pipistrellus,0.421,0.548,-1,192000.0,/mnt/ubna_data_07/recover-20260219/UBNA_028/20260215_102000.WAV,recover-20260219,UBNA_028,E18 Bridge
HF,53760.0,5.746722391939625,29.5745,29.579,46953.0,60575.0,Echolocation,Pipistrellus pipistrellus,0.339,0.447,-1,192000.0,/mnt/ubna_data_07/recover-20260219/UBNA_028/20260215_102000.WAV,recover-20260219,UBNA_028,E18 Bridge
HF,50880.0,5.416929283994023,29.6665,29.6716,47812.0,60015.0,Echolocation,Pipistrellus pipistrellus,0.326,0.375,-1,192000.0,/mnt/ubna_data_07/recover-20260219/UBNA_028/20260215_102000.WAV,recover-20260219,UBNA_028,E18 Bridge
HF,51840.0,4.099296677539618,35.0175,35.0241,50390.0,59006.0,Echolocation,Pipistrellus pipistrellus,0.292,0.409,-1,192000.0,/mnt/ubna_data_07/recover-20260219/UBNA_028/20260215_102000.WAV,recover-20260219,UBNA_028,E18 Bridge
HF,52800.0,10.800257107169063,35.3575,35.3619,44375.0,64719.0,Echolocation,Pipistrellus pipistrellus,0.199,0.391,-1,192000.0,/mnt/ubna_data_07/recover-20260219/UBNA_028/20260215_102000.WAV,recover-20260219,UBNA_028,E18 Bridge
HF,50880.0,6.862882502354437,35.4555,35.4602,49531.0,58473.0,Echolocation,Pipistrellus pipistrellus,0.366,0.445,-1,192000.0,/mnt/ubna_data_07/recover-20260219/UBNA_028/20260215_102000.WAV,recover-20260219,UBNA_028,E18 Bridge
HF,50880.0,5.859486418881158,35.5385,35.5428,47812.0,62191.0,Echolocation,Pipistrellus pipistrellus,0.341,0.421,-1,192000.0,/mnt/ubna_data_07/recover-20260219/UBNA_028/20260215_102000.WAV,recover-20260219,UBNA_028,E18 Bridge
HF,53760.0,7.388118994191134,35.6265,35.6309,48671.0,60924.0,Echolocation,Pipistrellus pipistrellus,0.318,0.415,-1,192000.0,/mnt/ubna_data_07/recover-20260219/UBNA_028/20260215_102000.WAV,recover-20260219,UBNA_028,E18 Bridge
HF,53760.0,6.513069397794521,35.7055,35.7097,47812.0,59410.0,Echolocation,Pipistrellus pipistrellus,0.437,0.517,-1,192000.0,/mnt/ubna_data_07/recover-20260219/UBNA_028/20260215_102000.WAV,recover-20260219,UBNA_028,E18 Bridge
HF,53760.0,12.65225095121476,35.8635,35.8668,46093.0,66713.0,Echolocation,Myotis alcathoe,0.242,0.425,-1,192000.0,/mnt/ubna_data_07/recover-20260219/UBNA_028/20260215_102000.WAV,recover-20260219,UBNA_028,E18 Bridge
HF,51840.0,7.557106488887737,35.9535,35.959,50390.0,60115.0,Echolocation,Pipistrellus pipistrellus,0.297,0.426,-1,192000.0,/mnt/ubna_data_07/recover-20260219/UBNA_028/20260215_102000.WAV,recover-20260219,UBNA_028,E18 Bridge
HF,52800.0,16.630101812491457,36.0525,36.058,45234.0,67069.0,Echolocation,Pipistrellus pipistrellus,0.344,0.545,-1,192000.0,/mnt/ubna_data_07/recover-20260219/UBNA_028/20260215_102000.WAV,recover-20260219,UBNA_028,E18 Bridge
HF,52800.0,15.093722274926488,36.1315,36.1362,46093.0,72597.0,Echolocation,Myotis alcathoe,0.259,0.431,-1,192000.0,/mnt/ubna_data_07/recover-20260219/UBNA_028/20260215_102000.WAV,recover-20260219,UBNA_028,E18 Bridge
HF,51840.0,17.216457476210167,36.2885,36.2937,46093.0,65479.0,Echolocation,Pipistrellus pipistrellus,0.429,0.574,-1,192000.0,/mnt/ubna_data_07/recover-20260219/UBNA_028/20260215_102000.WAV,recover-20260219,UBNA_028,E18 Bridge
HF,46080.0,17.257973779234778,36.3765,36.3819,44375.0,74632.0,Echolocation,Pipistrellus pipistrellus,0.494,0.597,-1,192000.0,/mnt/ubna_data_07/recover-20260219/UBNA_028/20260215_102000.WAV,recover-20260219,UBNA_028,E18 Bridge
HF,50880.0,19.43163825208357,36.4655,36.471000000000004,45234.0,73653.0,Echolocation,Pipistrellus pipistrellus,0.241,0.486,-1,192000.0,/mnt/ubna_data_07/recover-20260219/UBNA_028/20260215_102000.WAV,recover-20260219,UBNA_028,E18 Bridge
HF,48960.0,14.634142777870451,36.5605,36.5649,46953.0,63620.0,Echolocation,Pipistrellus pipistrellus,0.417,0.532,-1,192000.0,/mnt/ubna_data_07/recover-20260219/UBNA_028/20260215_102000.WAV,recover-20260219,UBNA_028,E18 Bridge
HF,49920.0,18.08103970545844,36.6475,36.6532,45234.0,78028.0,Echolocation,Myotis alcathoe,0.238,0.519,-1,192000.0,/mnt/ubna_data_07/recover-20260219/UBNA_028/20260215_102000.WAV,recover-20260219,UBNA_028,E18 Bridge
HF,48000.0,8.035336940075798,36.7615,36.7657,43515.0,60338.0,Echolocation,Pipistrellus pipistrellus,0.167,0.424,-1,192000.0,/mnt/ubna_data_07/recover-20260219/UBNA_028/20260215_102000.WAV,recover-20260219,UBNA_028,E18 Bridge
HF,52800.0,13.637068357020382,36.9095,36.9149,42656.0,76967.0,Echolocation,Myotis alcathoe,0.247,0.499,-1,192000.0,/mnt/ubna_data_07/recover-20260219/UBNA_028/20260215_102000.WAV,recover-20260219,UBNA_028,E18 Bridge
HF,52800.0,15.307345305110582,36.9985,37.0032,44375.0,61456.0,Echolocation,Pipistrellus pipistrellus,0.464,0.612,-1,192000.0,/mnt/ubna_data_07/recover-20260219/UBNA_028/20260215_102000.WAV,recover-20260219,UBNA_028,E18 Bridge
HF,49920.0,11.94730432355315,37.167500000000004,37.1733,44375.0,70794.0,Echolocation,Myotis alcathoe,0.194,0.426,-1,192000.0,/mnt/ubna_data_07/recover-20260219/UBNA_028/20260215_102000.WAV,recover-20260219,UBNA_028,E18 Bridge
HF,54720.0,10.634281125242499,37.2565,37.2607,47812.0,62729.0,Echolocation,Pipistrellus pipistrellus,0.404,0.502,-1,192000.0,/mnt/ubna_data_07/recover-20260219/UBNA_028/20260215_102000.WAV,recover-20260219,UBNA_028,E18 Bridge
HF,49920.0,20.37354412026945,37.3425,37.3489,46093.0,67280.0,Echolocation,Pipistrellus pipistrellus,0.475,0.653,-1,192000.0,/mnt/ubna_data_07/recover-20260219/UBNA_028/20260215_102000.WAV,recover-20260219,UBNA_028,E18 Bridge
HF,52800.0,20.319439510874307,37.4335,37.4388,45234.0,70677.0,Echolocation,Pipistrellus pipistrellus,0.376,0.573,-1,192000.0,/mnt/ubna_data_07/recover-20260219/UBNA_028/20260215_102000.WAV,recover-20260219,UBNA_028,E18 Bridge
HF,52800.0,14.204183324047325,37.5165,37.5211,44375.0,72164.0,Echolocation,Myotis alcathoe,0.264,0.466,-1,192000.0,/mnt/ubna_data_07/recover-20260219/UBNA_028/20260215_102000.WAV,recover-20260219,UBNA_028,E18 Bridge
HF,52800.0,11.433299578796131,37.5845,37.5888,45234.0,69572.0,Echolocation,Myotis alcathoe,0.188,0.331,-1,192000.0,/mnt/ubna_data_07/recover-20260219/UBNA_028/20260215_102000.WAV,recover-20260219,UBNA_028,E18 Bridge
HF,52800.0,23.132383001043078,37.6465,37.6514,43515.0,80938.0,Echolocation,Myotis alcathoe,0.37,0.513,-1,192000.0,/mnt/ubna_data_07/recover-20260219/UBNA_028/20260215_102000.WAV,recover-20260219,UBNA_028,E18 Bridge
HF,51840.0,21.5303210637856,37.7185,37.7234,44375.0,62593.0,Echolocation,Pipistrellus pipistrellus,0.469,0.589,-1,192000.0,/mnt/ubna_data_07/recover-20260219/UBNA_028/20260215_102000.WAV,recover-20260219,UBNA_028,E18 Bridge
HF,52800.0,12.838970858344371,37.7945,37.7989,46953.0,60701.0,Echolocation,Pipistrellus pipistrellus,0.498,0.592,-1,192000.0,/mnt/ubna_data_07/recover-20260219/UBNA_028/20260215_102000.WAV,recover-20260219,UBNA_028,E18 Bridge
HF,54720.0,3.7533674962215176,37.8785,37.8828,51250.0,61038.0,Echolocation,Pipistrellus pipistrellus,0.311,0.36,-1,192000.0,/mnt/ubna_data_07/recover-20260219/UBNA_028/20260215_102000.WAV,recover-20260219,UBNA_028,E18 Bridge
HF,51840.0,16.33527247955038,37.9675,37.9726,45234.0,68411.0,Echolocation,Pipistrellus pipistrellus,0.331,0.541,-1,192000.0,/mnt/ubna_data_07/recover-20260219/UBNA_028/20260215_102000.WAV,recover-20260219,UBNA_028,E18 Bridge
HF,54720.0,18.57748221390053,38.1185,38.124,43515.0,65587.0,Echolocation,Pipistrellus pipistrellus,0.26,0.605,-1,192000.0,/mnt/ubna_data_07/recover-20260219/UBNA_028/20260215_102000.WAV,recover-20260219,UBNA_028,E18 Bridge
HF,52800.0,11.346146912624295,38.201499999999996,38.2053,46093.0,60284.0,Echolocation,Myotis alcathoe,0.137,0.31,-1,192000.0,/mnt/ubna_data_07/recover-20260219/UBNA_028/20260215_102000.WAV,recover-20260219,UBNA_028,E18 Bridge
HF,47040.0,8.2992203836085,38.2915,38.2997,46093.0,64104.0,Echolocation,Pipistrellus pipistrellus,0.24,0.54,-1,192000.0,/mnt/ubna_data_07/recover-20260219/UBNA_028/20260215_102000.WAV,recover-20260219,UBNA_028,E18 Bridge
HF,51840.0,7.500981879682809,38.4855,38.491,50390.0,58573.0,Echolocation,Pipistrellus pipistrellus,0.28,0.381,-1,192000.0,/mnt/ubna_data_07/recover-20260219/UBNA_028/20260215_102000.WAV,recover-20260219,UBNA_028,E18 Bridge
LF,23040.0,0.7840036283710745,189.0945,189.11,22031.0,27260.0,Echolocation,Nyctalus noctula,0.138,0.323,-1,192000.0,/mnt/ubna_data_07/recover-20260219/UBNA_028/20260215_122000.WAV,recover-20260219,UBNA_028,E18 Bridge
HF,46080.0,6.621752517343537,7.5935,7.6157,45234.0,48051.0,Echolocation,Pipistrellus pipistrellus,0.302,0.35,-1,192000.0,/mnt/ubna_data_07/recover-20260219/UBNA_028/20260215_132000.WAV,recover-20260219,UBNA_028,E18 Bridge
LF,24960.0,4.197622712001409,164.0465,164.0571,22890.0,30005.0,Echolocation,Eptesicus serotinus,0.127,0.301,-1,192000.0,/mnt/ubna_data_07/recover-20260219/UBNA_028/20260215_135000.WAV,recover-20260219,UBNA_028,E18 Bridge
LF,23040.0,2.5064494879747756,261.1255,261.14300000000003,22890.0,26700.0,Echolocation,Nyctalus leisleri,0.216,0.328,-1,192000.0,/mnt/ubna_data_07/recover-20260219/UBNA_028/20260215_140000.WAV,recover-20260219,UBNA_028,E18 Bridge
LF,17280.0,10.322594096726238,168.8365,168.8556,16875.0,20994.0,Echolocation,Nyctalus noctula,0.341,0.465,-1,192000.0,/mnt/ubna_data_07/recover-20260219/UBNA_028/20260215_144000.WAV,recover-20260219,UBNA_028,E18 Bridge
LF,17280.0,12.57218319596319,172.26749999999998,172.2895,16875.0,19838.0,Echolocation,Nyctalus noctula,0.268,0.372,-1,192000.0,/mnt/ubna_data_07/recover-20260219/UBNA_028/20260215_144000.WAV,recover-20260219,UBNA_028,E18 Bridge
LF,19200.0,7.646675347753504,174.2965,174.3157,16875.0,21400.0,Echolocation,Nyctalus noctula,0.419,0.513,-1,192000.0,/mnt/ubna_data_07/recover-20260219/UBNA_028/20260215_144000.WAV,recover-20260219,UBNA_028,E18 Bridge
LF,19200.0,8.159515425930024,186.7085,186.73,16015.0,19869.0,Echolocation,Nyctalus noctula,0.224,0.309,-1,192000.0,/mnt/ubna_data_07/recover-20260219/UBNA_028/20260215_144000.WAV,recover-20260219,UBNA_028,E18 Bridge
LF,17280.0,9.517022920044774,188.3955,188.416,16875.0,20445.0,Echolocation,Nyctalus noctula,0.28,0.391,-1,192000.0,/mnt/ubna_data_07/recover-20260219/UBNA_028/20260215_144000.WAV,recover-20260219,UBNA_028,E18 Bridge
LF,17280.0,9.856278716800713,189.8905,189.9075,16875.0,21657.0,Echolocation,Nyctalus noctula,0.29,0.407,-1,192000.0,/mnt/ubna_data_07/recover-20260219/UBNA_028/20260215_144000.WAV,recover-20260219,UBNA_028,E18 Bridge
LF,17280.0,8.878308233735149,191.7525,191.7709,16875.0,20758.0,Echolocation,Nyctalus noctula,0.306,0.417,-1,192000.0,/mnt/ubna_data_07/recover-20260219/UBNA_028/20260215_144000.WAV,recover-20260219,UBNA_028,E18 Bridge
LF,18240.0,12.875671528299552,197.5055,197.5256,16875.0,20896.0,Echolocation,Nyctalus noctula,0.32,0.418,-1,192000.0,/mnt/ubna_data_07/recover-20260219/UBNA_028/20260215_144000.WAV,recover-20260219,UBNA_028,E18 Bridge
LF,17280.0,10.680746842750203,200.70850000000002,200.7293,16875.0,21229.0,Echolocation,Nyctalus noctula,0.494,0.617,-1,192000.0,/mnt/ubna_data_07/recover-20260219/UBNA_028/20260215_144000.WAV,recover-20260219,UBNA_028,E18 Bridge
LF,20160.0,5.324215341348815,202.3735,202.3969,17734.0,21270.0,Echolocation,Nyctalus noctula,0.265,0.328,-1,192000.0,/mnt/ubna_data_07/recover-20260219/UBNA_028/20260215_144000.WAV,recover-20260219,UBNA_028,E18 Bridge
LF,17280.0,9.26027435522337,203.4805,203.4985,16015.0,21264.0,Echolocation,Nyctalus noctula,0.263,0.367,-1,192000.0,/mnt/ubna_data_07/recover-20260219/UBNA_028/20260215_144000.WAV,recover-20260219,UBNA_028,E18 Bridge
LF,17280.0,8.805622318252784,206.7295,206.7494,16875.0,20841.0,Echolocation,Nyctalus noctula,0.272,0.368,-1,192000.0,/mnt/ubna_data_07/recover-20260219/UBNA_028/20260215_144000.WAV,recover-20260219,UBNA_028,E18 Bridge
LF,19200.0,7.624674956310602,207.9525,207.975,16875.0,20413.0,Echolocation,Nyctalus noctula,0.251,0.323,-1,192000.0,/mnt/ubna_data_07/recover-20260219/UBNA_028/20260215_144000.WAV,recover-20260219,UBNA_028,E18 Bridge
LF,18240.0,11.358266670178523,210.7755,210.7969,17734.0,21161.0,Echolocation,Nyctalus noctula,0.277,0.35,-1,192000.0,/mnt/ubna_data_07/recover-20260219/UBNA_028/20260215_144000.WAV,recover-20260219,UBNA_028,E18 Bridge
LF,17280.0,9.8023080642156,215.8985,215.9202,16875.0,20535.0,Echolocation,Nyctalus noctula,0.294,0.391,-1,192000.0,/mnt/ubna_data_07/recover-20260219/UBNA_028/20260215_144000.WAV,recover-20260219,UBNA_028,E18 Bridge
LF,19200.0,8.816385393976828,222.0745,222.0936,16875.0,21254.0,Echolocation,Nyctalus noctula,0.222,0.309,-1,192000.0,/mnt/ubna_data_07/recover-20260219/UBNA_028/20260215_144000.WAV,recover-20260219,UBNA_028,E18 Bridge
LF,19200.0,11.255085820255914,223.3365,223.3602,17734.0,20381.0,Echolocation,Nyctalus noctula,0.25,0.332,-1,192000.0,/mnt/ubna_data_07/recover-20260219/UBNA_028/20260215_144000.WAV,recover-20260219,UBNA_028,E18 Bridge
LF,18240.0,10.67281065055474,224.8545,224.8751,16875.0,20628.0,Echolocation,Nyctalus noctula,0.287,0.359,-1,192000.0,/mnt/ubna_data_07/recover-20260219/UBNA_028/20260215_144000.WAV,recover-20260219,UBNA_028,E18 Bridge
LF,17280.0,7.42329233074819,227.8125,227.83089999999999,16875.0,21575.0,Echolocation,Nyctalus noctula,0.236,0.307,-1,192000.0,/mnt/ubna_data_07/recover-20260219/UBNA_028/20260215_144000.WAV,recover-20260219,UBNA_028,E18 Bridge
LF,17280.0,11.409515815798159,230.0425,230.0621,16875.0,21007.0,Echolocation,Nyctalus noctula,0.359,0.477,-1,192000.0,/mnt/ubna_data_07/recover-20260219/UBNA_028/20260215_144000.WAV,recover-20260219,UBNA_028,E18 Bridge
LF,19200.0,8.801488664394503,233.0025,233.0209,17734.0,21415.0,Echolocation,Nyctalus noctula,0.393,0.486,-1,192000.0,/mnt/ubna_data_07/recover-20260219/UBNA_028/20260215_144000.WAV,recover-20260219,UBNA_028,E18 Bridge
LF,20160.0,8.539820829149129,238.2035,238.22,16875.0,22099.0,Echolocation,Nyctalus noctula,0.247,0.352,-1,192000.0,/mnt/ubna_data_07/recover-20260219/UBNA_028/20260215_144000.WAV,recover-20260219,UBNA_028,E18 Bridge
LF,19200.0,10.702626906589936,239.5695,239.5864,16875.0,21931.0,Echolocation,Nyctalus noctula,0.262,0.342,-1,192000.0,/mnt/ubna_data_07/recover-20260219/UBNA_028/20260215_144000.WAV,recover-20260219,UBNA_028,E18 Bridge
LF,20160.0,10.034627037453024,243.3465,243.3654,17734.0,21241.0,Echolocation,Nyctalus noctula,0.308,0.396,-1,192000.0,/mnt/ubna_data_07/recover-20260219/UBNA_028/20260215_144000.WAV,recover-20260219,UBNA_028,E18 Bridge
LF,18240.0,12.442243698036437,245.0025,245.022,17734.0,21645.0,Echolocation,Nyctalus noctula,0.234,0.315,-1,192000.0,/mnt/ubna_data_07/recover-20260219/UBNA_028/20260215_144000.WAV,recover-20260219,UBNA_028,E18 Bridge
LF,18240.0,12.066663223507476,246.3255,246.3454,16875.0,21709.0,Echolocation,Nyctalus noctula,0.444,0.545,-1,192000.0,/mnt/ubna_data_07/recover-20260219/UBNA_028/20260215_144000.WAV,recover-20260219,UBNA_028,E18 Bridge
LF,19200.0,6.551615563470881,247.2855,247.3055,17734.0,21126.0,Echolocation,Nyctalus noctula,0.27,0.35,-1,192000.0,/mnt/ubna_data_07/recover-20260219/UBNA_028/20260215_144000.WAV,recover-20260219,UBNA_028,E18 Bridge
LF,18240.0,11.526043052736465,248.3945,248.4142,17734.0,20669.0,Echolocation,Nyctalus noctula,0.297,0.376,-1,192000.0,/mnt/ubna_data_07/recover-20260219/UBNA_028/20260215_144000.WAV,recover-20260219,UBNA_028,E18 Bridge
LF,19200.0,10.588720840033407,249.5375,249.5623,17734.0,20068.0,Echolocation,Nyctalus noctula,0.246,0.325,-1,192000.0,/mnt/ubna_data_07/recover-20260219/UBNA_028/20260215_144000.WAV,recover-20260219,UBNA_028,E18 Bridge
LF,19200.0,8.529123878229214,251.0945,251.114,17734.0,21215.0,Echolocation,Nyctalus noctula,0.249,0.334,-1,192000.0,/mnt/ubna_data_07/recover-20260219/UBNA_028/20260215_144000.WAV,recover-20260219,UBNA_028,E18 Bridge
LF,17280.0,11.219433827540907,258.9785,258.9956,16875.0,20438.0,Echolocation,Nyctalus noctula,0.306,0.449,-1,192000.0,/mnt/ubna_data_07/recover-20260219/UBNA_028/20260215_144000.WAV,recover-20260219,UBNA_028,E18 Bridge
LF,19200.0,10.90656855338219,265.0895,265.112,17734.0,21305.0,Echolocation,Nyctalus noctula,0.369,0.459,-1,192000.0,/mnt/ubna_data_07/recover-20260219/UBNA_028/20260215_144000.WAV,recover-20260219,UBNA_028,E18 Bridge
LF,19200.0,6.635102692583224,270.0165,270.0366,16875.0,21222.0,Echolocation,Nyctalus noctula,0.315,0.4,-1,192000.0,/mnt/ubna_data_07/recover-20260219/UBNA_028/20260215_144000.WAV,recover-20260219,UBNA_028,E18 Bridge
LF,19200.0,7.4086327675347246,273.0185,273.0401,16875.0,20152.0,Echolocation,Nyctalus noctula,0.244,0.324,-1,192000.0,/mnt/ubna_data_07/recover-20260219/UBNA_028/20260215_144000.WAV,recover-20260219,UBNA_028,E18 Bridge
LF,18240.0,9.740805742587824,274.4105,274.4345,16875.0,20779.0,Echolocation,Nyctalus noctula,0.315,0.405,-1,192000.0,/mnt/ubna_data_07/recover-20260219/UBNA_028/20260215_144000.WAV,recover-20260219,UBNA_028,E18 Bridge
LF,20160.0,9.562111813566588,277.6245,277.6445,17734.0,21501.0,Echolocation,Nyctalus noctula,0.273,0.395,-1,192000.0,/mnt/ubna_data_07/recover-20260219/UBNA_028/20260215_144000.WAV,recover-20260219,UBNA_028,E18 Bridge
LF,17280.0,10.97777536497457,279.1725,279.1903,16875.0,21257.0,Echolocation,Nyctalus noctula,0.25,0.352,-1,192000.0,/mnt/ubna_data_07/recover-20260219/UBNA_028/20260215_144000.WAV,recover-20260219,UBNA_028,E18 Bridge
LF,19200.0,5.642914681539807,282.2355,282.2564,16875.0,21067.0,Echolocation,Nyctalus noctula,0.35,0.444,-1,192000.0,/mnt/ubna_data_07/recover-20260219/UBNA_028/20260215_144000.WAV,recover-20260219,UBNA_028,E18 Bridge
LF,20160.0,10.05600125955773,293.1065,293.1261,17734.0,21214.0,Echolocation,Nyctalus noctula,0.239,0.35,-1,192000.0,/mnt/ubna_data_07/recover-20260219/UBNA_028/20260215_144000.WAV,recover-20260219,UBNA_028,E18 Bridge
LF,17280.0,7.22147404390979,294.7515,294.7641,16875.0,22543.0,Echolocation,Nyctalus noctula,0.288,0.418,-1,192000.0,/mnt/ubna_data_07/recover-20260219/UBNA_028/20260215_144000.WAV,recover-20260219,UBNA_028,E18 Bridge
LF,17280.0,10.206191765811766,296.1345,296.1553,16875.0,20981.0,Echolocation,Nyctalus noctula,0.281,0.363,-1,192000.0,/mnt/ubna_data_07/recover-20260219/UBNA_028/20260215_144000.WAV,recover-20260219,UBNA_028,E18 Bridge
LF,20160.0,7.7902735299594426,299.14549999999997,299.1658,16875.0,20804.0,Echolocation,Nyctalus noctula,0.352,0.436,-1,192000.0,/mnt/ubna_data_07/recover-20260219/UBNA_028/20260215_144000.WAV,recover-20260219,UBNA_028,E18 Bridge
LF,19200.0,10.938038076075145,36.3795,36.3966,16015.0,21536.0,Echolocation,Nyctalus noctula,0.434,0.564,-1,192000.0,/mnt/ubna_data_07/recover-20260219/UBNA_028/20260215_152000.WAV,recover-20260219,UBNA_028,E18 Bridge
LF,19200.0,6.257865096029956,38.3895,38.4106,18593.0,21455.0,Echolocation,Nyctalus noctula,0.287,0.363,-1,192000.0,/mnt/ubna_data_07/recover-20260219/UBNA_028/20260215_152000.WAV,recover-20260219,UBNA_028,E18 Bridge
LF,19200.0,7.127425980907484,41.1565,41.1776,17734.0,21053.0,Echolocation,Nyctalus noctula,0.315,0.394,-1,192000.0,/mnt/ubna_data_07/recover-20260219/UBNA_028/20260215_152000.WAV,recover-20260219,UBNA_028,E18 Bridge
LF,20160.0,3.3062221287115308,99.7205,99.7471,18593.0,22171.0,Echolocation,Nyctalus noctula,0.21,0.307,-1,192000.0,/mnt/ubna_data_07/recover-20260219/UBNA_028/20260215_152000.WAV,recover-20260219,UBNA_028,E18 Bridge
LF,17280.0,11.04560540784583,52.2325,52.258700000000005,16875.0,20610.0,Echolocation,Nyctalus noctula,0.24,0.305,-1,192000.0,/mnt/ubna_data_07/recover-20260219/UBNA_028/20260215_161000.WAV,recover-20260219,UBNA_028,E18 Bridge
LF,16320.0,9.372922562234594,113.0525,113.0774,16015.0,19541.0,Echolocation,Nyctalus noctula,0.233,0.336,-1,192000.0,/mnt/ubna_data_07/recover-20260219/UBNA_028/20260215_161000.WAV,recover-20260219,UBNA_028,E18 Bridge
LF,19200.0,4.0448761484123015,166.7275,166.7549,18593.0,21486.0,Echolocation,Nyctalus noctula,0.26,0.335,-1,192000.0,/mnt/ubna_data_07/recover-20260219/UBNA_028/20260215_162000.WAV,recover-20260219,UBNA_028,E18 Bridge
LF,24960.0,1.4001554282083981,16.7645,16.774,24609.0,33457.0,Echolocation,Eptesicus serotinus,0.1,0.315,-1,192000.0,/mnt/ubna_data_07/recover-20260219/UBNA_028/20260215_163000.WAV,recover-20260219,UBNA_028,E18 Bridge
LF,19200.0,15.696331390724144,206.7295,206.7546,16875.0,19927.0,Echolocation,Nyctalus noctula,0.215,0.307,-1,192000.0,/mnt/ubna_data_07/recover-20260219/UBNA_028/20260215_164000.WAV,recover-20260219,UBNA_028,E18 Bridge
LF,19200.0,15.400214822534547,206.8985,206.91,14296.0,21669.0,Echolocation,Nyctalus noctula,0.18,0.301,-1,192000.0,/mnt/ubna_data_07/recover-20260219/UBNA_028/20260215_164000.WAV,recover-20260219,UBNA_028,E18 Bridge
LF,16320.0,1.968665826855223,163.7925,163.8119,15156.0,19385.0,Echolocation,Nyctalus leisleri,0.162,0.304,-1,192000.0,/mnt/ubna_data_07/recover-20260219/UBNA_028/20260215_180000.WAV,recover-20260219,UBNA_028,E18 Bridge
LF,16320.0,4.650763169152975,164.1245,164.1402,15156.0,19375.0,Echolocation,Nyctalus leisleri,0.277,0.427,-1,192000.0,/mnt/ubna_data_07/recover-20260219/UBNA_028/20260215_180000.WAV,recover-20260219,UBNA_028,E18 Bridge
LF,27840.0,3.6817086824042224,88.0885,88.0975,27187.0,35132.0,Echolocation,Eptesicus serotinus,0.289,0.383,-1,192000.0,/mnt/ubna_data_07/recover-20260219/UBNA_028/20260215_182000.WAV,recover-20260219,UBNA_028,E18 Bridge
LF,20160.0,3.0512945176543265,229.6055,229.6294,18593.0,22528.0,Echolocation,Nyctalus noctula,0.281,0.351,-1,192000.0,/mnt/ubna_data_07/recover-20260219/UBNA_028/20260215_182000.WAV,recover-20260219,UBNA_028,E18 Bridge
LF,25920.0,1.8019836757483825,188.9225,188.9368,25468.0,29760.0,Echolocation,Nyctalus leisleri,0.242,0.378,-1,192000.0,/mnt/ubna_data_07/recover-20260219/UBNA_028/20260215_185000.WAV,recover-20260219,UBNA_028,E18 Bridge
HF,48000.0,4.090023226384896,265.1885,265.1966,46953.0,51024.0,Echolocation,Pipistrellus pipistrellus,0.255,0.31,-1,192000.0,/mnt/ubna_data_07/recover-20260219/UBNA_028/20260215_190000.WAV,recover-20260219,UBNA_028,E18 Bridge
LF,22080.0,0.5287535970892718,55.9765,55.9934,21171.0,26165.0,Echolocation,Nyctalus noctula,0.169,0.305,-1,192000.0,/mnt/ubna_data_07/recover-20260219/UBNA_028/20260215_193000.WAV,recover-20260219,UBNA_028,E18 Bridge
LF,22080.0,0.1207678743311734,42.5945,42.613,21171.0,25006.0,Echolocation,Nyctalus leisleri,0.22,0.33,-1,192000.0,/mnt/ubna_data_07/recover-20260219/UBNA_028/20260215_194000.WAV,recover-20260219,UBNA_028,E18 Bridge
LF,23040.0,1.9303107790049316,6.4695,6.4808,24609.0,30948.0,Echolocation,Eptesicus serotinus,0.147,0.337,-1,192000.0,/mnt/ubna_data_07/recover-20260219/UBNA_028/20260215_201000.WAV,recover-20260219,UBNA_028,E18 Bridge
HF,46080.0,2.7107289760981845,253.5525,253.563,44375.0,50761.0,Echolocation,Pipistrellus pipistrellus,0.247,0.311,-1,192000.0,/mnt/ubna_data_07/recover-20260219/UBNA_028/20260215_203000.WAV,recover-20260219,UBNA_028,E18 Bridge
LF,26880.0,1.7651615662339637,143.4815,143.4916,26328.0,31066.0,Echolocation,Eptesicus serotinus,0.156,0.322,-1,192000.0,/mnt/ubna_data_07/recover-20260219/UBNA_028/20260215_204000.WAV,recover-20260219,UBNA_028,E18 Bridge
LF,23040.0,9.248766340416385,19.8725,19.8815,21171.0,27684.0,Echolocation,Nyctalus leisleri,0.12,0.332,-1,192000.0,/mnt/ubna_data_07/recover-20260219/UBNA_028/20260215_215000.WAV,recover-20260219,UBNA_028,E18 Bridge
LF,22080.0,7.2598439088143145,39.2335,39.239599999999996,20312.0,36568.0,Echolocation,Plecotus austriacus,0.271,0.345,-1,192000.0,/mnt/ubna_data_07/recover-20260219/UBNA_028/20260215_221000.WAV,recover-20260219,UBNA_028,E18 Bridge
LF,17280.0,9.816337250160817,88.64150000000001,88.66669999999999,16015.0,18529.0,Echolocation,Nyctalus noctula,0.251,0.338,-1,192000.0,/mnt/ubna_data_07/recover-20260219/UBNA_028/20260215_222000.WAV,recover-20260219,UBNA_028,E18 Bridge
LF,28800.0,1.0891440082503787,274.9055,274.9183,27187.0,32279.0,Echolocation,Nyctalus leisleri,0.174,0.339,-1,192000.0,/mnt/ubna_data_07/recover-20260219/UBNA_028/20260215_232000.WAV,recover-20260219,UBNA_028,E18 Bridge
LF,22080.0,21.23655568097485,5.6165,5.6402,21171.0,23818.0,Echolocation,Nyctalus leisleri,0.352,0.372,-1,192000.0,/mnt/ubna_data_07/recover-20260219/UBNA_028/20260215_235000.WAV,recover-20260219,UBNA_028,E18 Bridge
LF,22080.0,16.679353259524127,6.3235,6.3485,21171.0,23723.0,Echolocation,Nyctalus leisleri,0.348,0.363,-1,192000.0,/mnt/ubna_data_07/recover-20260219/UBNA_028/20260215_235000.WAV,recover-20260219,UBNA_028,E18 Bridge
LF,22080.0,10.878054418057255,28.6205,28.6409,22031.0,24459.0,Echolocation,Nyctalus leisleri,0.28,0.305,-1,192000.0,/mnt/ubna_data_07/recover-20260219/UBNA_028/20260215_235000.WAV,recover-20260219,UBNA_028,E18 Bridge
LF,23040.0,0.03445396603676295,126.87950000000001,126.8952,22031.0,27978.0,Echolocation,Nyctalus noctula,0.155,0.317,-1,192000.0,/mnt/ubna_data_07/recover-20260219/UBNA_028/20260216_004000.WAV,recover-20260219,UBNA_028,E18 Bridge
LF,25920.0,0.9795770851754011,13.9605,13.9728,25468.0,29412.0,Echolocation,Nyctalus leisleri,0.153,0.308,-1,192000.0,/mnt/ubna_data_07/recover-20260219/UBNA_028/20260216_011000.WAV,recover-20260219,UBNA_028,E18 Bridge
LF,19200.0,3.204163839105844,169.3045,169.3277,16875.0,20674.0,Echolocation,Nyctalus noctula,0.31,0.402,-1,192000.0,/mnt/ubna_data_07/recover-20260219/UBNA_028/20260216_011000.WAV,recover-20260219,UBNA_028,E18 Bridge
LF,22080.0,0.8599852694534929,200.6575,200.6715,22890.0,27163.0,Echolocation,Nyctalus leisleri,0.157,0.312,-1,192000.0,/mnt/ubna_data_07/recover-20260219/UBNA_028/20260216_014000.WAV,recover-20260219,UBNA_028,E18 Bridge
LF,17280.0,9.621740070899467,67.6615,67.6766,16875.0,20121.0,Echolocation,Nyctalus leisleri,0.181,0.384,-1,192000.0,/mnt/ubna_data_07/recover-20260219/UBNA_028/20260216_015000.WAV,recover-20260219,UBNA_028,E18 Bridge
LF,17280.0,13.35128695681906,73.9635,73.9777,16015.0,21079.0,Echolocation,Nyctalus noctula,0.267,0.432,-1,192000.0,/mnt/ubna_data_07/recover-20260219/UBNA_028/20260216_015000.WAV,recover-20260219,UBNA_028,E18 Bridge
LF,16320.0,17.712358824419898,75.87950000000001,75.8928,16015.0,20469.0,Echolocation,Nyctalus noctula,0.312,0.498,-1,192000.0,/mnt/ubna_data_07/recover-20260219/UBNA_028/20260216_015000.WAV,recover-20260219,UBNA_028,E18 Bridge
LF,18240.0,13.38751203226012,79.7835,79.797,16875.0,22296.0,Echolocation,Nyctalus noctula,0.313,0.486,-1,192000.0,/mnt/ubna_data_07/recover-20260219/UBNA_028/20260216_015000.WAV,recover-20260219,UBNA_028,E18 Bridge
LF,17280.0,18.159449093114127,82.5235,82.5399,16015.0,20934.0,Echolocation,Nyctalus noctula,0.349,0.5,-1,192000.0,/mnt/ubna_data_07/recover-20260219/UBNA_028/20260216_015000.WAV,recover-20260219,UBNA_028,E18 Bridge
LF,18240.0,9.568978895518228,84.1605,84.1728,16875.0,22799.0,Echolocation,Nyctalus noctula,0.272,0.4,-1,192000.0,/mnt/ubna_data_07/recover-20260219/UBNA_028/20260216_015000.WAV,recover-20260219,UBNA_028,E18 Bridge
LF,17280.0,6.467426344837585,86.48349999999999,86.5016,16015.0,19656.0,Echolocation,Nyctalus noctula,0.328,0.425,-1,192000.0,/mnt/ubna_data_07/recover-20260219/UBNA_028/20260216_015000.WAV,recover-20260219,UBNA_028,E18 Bridge
LF,17280.0,8.480803630670533,91.2285,91.2455,16875.0,20652.0,Echolocation,Nyctalus noctula,0.303,0.442,-1,192000.0,/mnt/ubna_data_07/recover-20260219/UBNA_028/20260216_015000.WAV,recover-20260219,UBNA_028,E18 Bridge
LF,16320.0,7.731405824678315,96.3325,96.35210000000001,16015.0,20072.0,Echolocation,Nyctalus noctula,0.316,0.45,-1,192000.0,/mnt/ubna_data_07/recover-20260219/UBNA_028/20260216_015000.WAV,recover-20260219,UBNA_028,E18 Bridge
LF,18240.0,9.368325077199069,99.1215,99.1322,16015.0,23665.0,Echolocation,Nyctalus noctula,0.186,0.324,-1,192000.0,/mnt/ubna_data_07/recover-20260219/UBNA_028/20260216_015000.WAV,recover-20260219,UBNA_028,E18 Bridge
LF,17280.0,5.115286318024294,109.4055,109.4185,16015.0,21989.0,Echolocation,Nyctalus noctula,0.231,0.369,-1,192000.0,/mnt/ubna_data_07/recover-20260219/UBNA_028/20260216_015000.WAV,recover-20260219,UBNA_028,E18 Bridge
LF,17280.0,15.680004905984198,266.8645,266.8774,16875.0,22345.0,Echolocation,Nyctalus noctula,0.357,0.534,-1,192000.0,/mnt/ubna_data_07/recover-20260219/UBNA_028/20260216_015000.WAV,recover-20260219,UBNA_028,E18 Bridge
LF,17280.0,9.17310969587,285.6875,285.7035,16875.0,21547.0,Echolocation,Nyctalus noctula,0.215,0.333,-1,192000.0,/mnt/ubna_data_07/recover-20260219/UBNA_028/20260216_015000.WAV,recover-20260219,UBNA_028,E18 Bridge
LF,18240.0,3.5045784037002727,295.6105,295.6335,17734.0,20465.0,Echolocation,Nyctalus noctula,0.239,0.318,-1,192000.0,/mnt/ubna_data_07/recover-20260219/UBNA_028/20260216_015000.WAV,recover-20260219,UBNA_028,E18 Bridge
LF,23040.0,-0.016673839837158554,116.9145,116.9289,22031.0,27598.0,Echolocation,Nyctalus noctula,0.178,0.304,-1,192000.0,/mnt/ubna_data_07/recover-20260219/UBNA_028/20260216_033000.WAV,recover-20260219,UBNA_028,E18 Bridge
HF,46080.0,2.6726609252477096,260.29449999999997,260.3036,44375.0,49015.0,Echolocation,Pipistrellus pipistrellus,0.248,0.304,-1,192000.0,/mnt/ubna_data_07/recover-20260219/UBNA_028/20260216_033000.WAV,recover-20260219,UBNA_028,E18 Bridge
LF,26880.0,1.1230201223711653,175.5265,175.5347,25468.0,33925.0,Echolocation,Eptesicus serotinus,0.207,0.342,-1,192000.0,/mnt/ubna_data_07/recover-20260219/UBNA_028/20260216_093000.WAV,recover-20260219,UBNA_028,E18 Bridge
LF,26880.0,1.78952701849148,177.3165,177.3264,27187.0,34108.0,Echolocation,Eptesicus serotinus,0.192,0.339,-1,192000.0,/mnt/ubna_data_07/recover-20260219/UBNA_028/20260216_105000.WAV,recover-20260219,UBNA_028,E18 Bridge
LF,16320.0,5.545267700440359,201.7105,201.7303,16015.0,18556.0,Echolocation,Nyctalus leisleri,0.165,0.305,-1,192000.0,/mnt/ubna_data_07/recover-20260219/UBNA_028/20260216_135000.WAV,recover-20260219,UBNA_028,E18 Bridge
LF,19200.0,2.585366096062978,218.8705,218.88569999999999,16875.0,21468.0,Echolocation,Nyctalus noctula,0.243,0.341,-1,192000.0,/mnt/ubna_data_07/recover-20260219/UBNA_028/20260216_142000.WAV,recover-20260219,UBNA_028,E18 Bridge
LF,19200.0,2.130782867101884,187.0545,187.076,17734.0,20927.0,Echolocation,Nyctalus noctula,0.256,0.32,-1,192000.0,/mnt/ubna_data_07/recover-20260219/UBNA_028/20260216_143000.WAV,recover-20260219,UBNA_028,E18 Bridge
LF,19200.0,7.486122751692051,82.38550000000001,82.4066,17734.0,20476.0,Echolocation,Nyctalus noctula,0.276,0.389,-1,192000.0,/mnt/ubna_data_07/recover-20260219/UBNA_028/20260216_144000.WAV,recover-20260219,UBNA_028,E18 Bridge
LF,19200.0,8.517654197314348,84.1105,84.1273,17734.0,22875.0,Echolocation,Nyctalus noctula,0.384,0.521,-1,192000.0,/mnt/ubna_data_07/recover-20260219/UBNA_028/20260216_144000.WAV,recover-20260219,UBNA_028,E18 Bridge
LF,19200.0,8.626210113084753,84.9605,84.9826,17734.0,20859.0,Echolocation,Nyctalus noctula,0.25,0.313,-1,192000.0,/mnt/ubna_data_07/recover-20260219/UBNA_028/20260216_144000.WAV,recover-20260219,UBNA_028,E18 Bridge
LF,19200.0,10.086789027236403,86.10849999999999,86.1268,17734.0,22147.0,Echolocation,Nyctalus noctula,0.377,0.469,-1,192000.0,/mnt/ubna_data_07/recover-20260219/UBNA_028/20260216_144000.WAV,recover-20260219,UBNA_028,E18 Bridge
LF,19200.0,10.284411822382198,87.6545,87.6691,16875.0,23062.0,Echolocation,Nyctalus noctula,0.299,0.4,-1,192000.0,/mnt/ubna_data_07/recover-20260219/UBNA_028/20260216_144000.WAV,recover-20260219,UBNA_028,E18 Bridge
LF,19200.0,16.2362646298188,88.65950000000001,88.6782,17734.0,21815.0,Echolocation,Nyctalus noctula,0.501,0.59,-1,192000.0,/mnt/ubna_data_07/recover-20260219/UBNA_028/20260216_144000.WAV,recover-20260219,UBNA_028,E18 Bridge
LF,19200.0,14.506527976316763,89.3155,89.3317,17734.0,22203.0,Echolocation,Nyctalus noctula,0.239,0.331,-1,192000.0,/mnt/ubna_data_07/recover-20260219/UBNA_028/20260216_144000.WAV,recover-20260219,UBNA_028,E18 Bridge
LF,19200.0,13.676015004729493,90.0395,90.0578,18593.0,22053.0,Echolocation,Nyctalus noctula,0.252,0.367,-1,192000.0,/mnt/ubna_data_07/recover-20260219/UBNA_028/20260216_144000.WAV,recover-20260219,UBNA_028,E18 Bridge
LF,19200.0,13.367706252506654,90.5065,90.5251,18593.0,22973.0,Echolocation,Nyctalus noctula,0.238,0.316,-1,192000.0,/mnt/ubna_data_07/recover-20260219/UBNA_028/20260216_144000.WAV,recover-20260219,UBNA_028,E18 Bridge
LF,19200.0,15.242983479219369,91.0125,91.0318,17734.0,22492.0,Echolocation,Nyctalus noctula,0.389,0.478,-1,192000.0,/mnt/ubna_data_07/recover-20260219/UBNA_028/20260216_144000.WAV,recover-20260219,UBNA_028,E18 Bridge
LF,19200.0,10.242926802770494,91.9175,91.939,17734.0,21391.0,Echolocation,Nyctalus noctula,0.374,0.456,-1,192000.0,/mnt/ubna_data_07/recover-20260219/UBNA_028/20260216_144000.WAV,recover-20260219,UBNA_028,E18 Bridge
LF,19200.0,11.649932798624715,94.3585,94.3731,18593.0,23275.0,Echolocation,Nyctalus noctula,0.3,0.429,-1,192000.0,/mnt/ubna_data_07/recover-20260219/UBNA_028/20260216_144000.WAV,recover-20260219,UBNA_028,E18 Bridge
LF,19200.0,6.743563315436569,95.3305,95.3552,17734.0,20193.0,Echolocation,Nyctalus noctula,0.307,0.385,-1,192000.0,/mnt/ubna_data_07/recover-20260219/UBNA_028/20260216_144000.WAV,recover-20260219,UBNA_028,E18 Bridge
LF,19200.0,11.099380470191553,96.37950000000001,96.3988,17734.0,21232.0,Echolocation,Nyctalus noctula,0.289,0.376,-1,192000.0,/mnt/ubna_data_07/recover-20260219/UBNA_028/20260216_144000.WAV,recover-20260219,UBNA_028,E18 Bridge
LF,19200.0,9.269431304122408,97.2185,97.2359,18593.0,22870.0,Echolocation,Nyctalus noctula,0.37,0.456,-1,192000.0,/mnt/ubna_data_07/recover-20260219/UBNA_028/20260216_144000.WAV,recover-20260219,UBNA_028,E18 Bridge
LF,19200.0,18.653793183371793,98.3575,98.3746,18593.0,22606.0,Echolocation,Nyctalus noctula,0.229,0.34,-1,192000.0,/mnt/ubna_data_07/recover-20260219/UBNA_028/20260216_144000.WAV,recover-20260219,UBNA_028,E18 Bridge
LF,19200.0,8.383002116467743,100.8145,100.83500000000001,17734.0,21300.0,Echolocation,Nyctalus noctula,0.444,0.525,-1,192000.0,/mnt/ubna_data_07/recover-20260219/UBNA_028/20260216_144000.WAV,recover-20260219,UBNA_028,E18 Bridge
LF,19200.0,8.737806492543058,102.5745,102.597,17734.0,21354.0,Echolocation,Nyctalus noctula,0.395,0.452,-1,192000.0,/mnt/ubna_data_07/recover-20260219/UBNA_028/20260216_144000.WAV,recover-20260219,UBNA_028,E18 Bridge
LF,19200.0,4.093560605213323,103.6335,103.6549,17734.0,21528.0,Echolocation,Nyctalus noctula,0.352,0.431,-1,192000.0,/mnt/ubna_data_07/recover-20260219/UBNA_028/20260216_144000.WAV,recover-20260219,UBNA_028,E18 Bridge
HF,46080.0,7.317426101964459,153.6005,153.617,45234.0,47708.0,Echolocation,Pipistrellus pipistrellus,0.275,0.342,-1,192000.0,/mnt/ubna_data_07/recover-20260219/UBNA_028/20260216_145000.WAV,recover-20260219,UBNA_028,E18 Bridge
LF,16320.0,5.694945198343486,161.3775,161.39600000000002,13437.0,17905.0,Echolocation,Nyctalus leisleri,0.167,0.363,-1,192000.0,/mnt/ubna_data_07/recover-20260219/UBNA_028/20260216_145000.WAV,recover-20260219,UBNA_028,E18 Bridge
LF,16320.0,11.490779946244682,229.5725,229.5869,12578.0,16900.0,Echolocation,Nyctalus leisleri,0.209,0.31,-1,192000.0,/mnt/ubna_data_07/recover-20260219/UBNA_028/20260216_151000.WAV,recover-20260219,UBNA_028,E18 Bridge
LF,16320.0,2.7299162060380837,119.7805,119.797,13437.0,17161.0,Echolocation,Nyctalus leisleri,0.127,0.305,-1,192000.0,/mnt/ubna_data_07/recover-20260219/UBNA_028/20260216_152000.WAV,recover-20260219,UBNA_028,E18 Bridge
LF,16320.0,12.525175313646649,233.3905,233.4049,12578.0,18262.0,Echolocation,Nyctalus leisleri,0.205,0.331,-1,192000.0,/mnt/ubna_data_07/recover-20260219/UBNA_028/20260216_155000.WAV,recover-20260219,UBNA_028,E18 Bridge
LF,21120.0,12.627442344499764,17.8975,17.9172,19453.0,22441.0,Echolocation,Nyctalus leisleri,0.288,0.379,-1,192000.0,/mnt/ubna_data_07/recover-20260219/UBNA_028/20260216_160000.WAV,recover-20260219,UBNA_028,E18 Bridge
LF,16320.0,10.23704965402386,261.6595,261.6734,13437.0,18135.0,Echolocation,Nyctalus leisleri,0.238,0.398,-1,192000.0,/mnt/ubna_data_07/recover-20260219/UBNA_028/20260216_164000.WAV,recover-20260219,UBNA_028,E18 Bridge
LF,16320.0,13.881073572118833,261.7905,261.8058,14296.0,18335.0,Echolocation,Nyctalus noctula,0.237,0.414,-1,192000.0,/mnt/ubna_data_07/recover-20260219/UBNA_028/20260216_164000.WAV,recover-20260219,UBNA_028,E18 Bridge
LF,16320.0,12.186086898350544,261.9205,261.9347,14296.0,18339.0,Echolocation,Nyctalus noctula,0.192,0.34,-1,192000.0,/mnt/ubna_data_07/recover-20260219/UBNA_028/20260216_164000.WAV,recover-20260219,UBNA_028,E18 Bridge
LF,16320.0,9.472816976391726,262.04449999999997,262.05740000000003,14296.0,18648.0,Echolocation,Nyctalus noctula,0.209,0.453,-1,192000.0,/mnt/ubna_data_07/recover-20260219/UBNA_028/20260216_164000.WAV,recover-20260219,UBNA_028,E18 Bridge
LF,16320.0,3.740689635098075,267.1815,267.1989,15156.0,18759.0,Echolocation,Nyctalus noctula,0.194,0.369,-1,192000.0,/mnt/ubna_data_07/recover-20260219/UBNA_028/20260216_164000.WAV,recover-20260219,UBNA_028,E18 Bridge
LF,23040.0,0.4717244967195079,109.4455,109.4625,22031.0,25902.0,Echolocation,Nyctalus leisleri,0.263,0.434,-1,192000.0,/mnt/ubna_data_07/recover-20260219/UBNA_028/20260216_173000.WAV,recover-20260219,UBNA_028,E18 Bridge
LF,19200.0,4.163723214905492,109.9345,109.962,18593.0,20872.0,Echolocation,Nyctalus noctula,0.249,0.354,-1,192000.0,/mnt/ubna_data_07/recover-20260219/UBNA_028/20260216_173000.WAV,recover-20260219,UBNA_028,E18 Bridge
LF,19200.0,10.264766260403348,110.3105,110.3394,18593.0,21211.0,Echolocation,Nyctalus noctula,0.233,0.306,-1,192000.0,/mnt/ubna_data_07/recover-20260219/UBNA_028/20260216_173000.WAV,recover-20260219,UBNA_028,E18 Bridge
LF,16320.0,14.327270860008042,184.8915,184.9081,14296.0,18452.0,Echolocation,Nyctalus leisleri,0.169,0.34,-1,192000.0,/mnt/ubna_data_07/recover-20260219/UBNA_028/20260216_173000.WAV,recover-20260219,UBNA_028,E18 Bridge
LF,16320.0,14.573020735974506,185.0305,185.0505,15156.0,18641.0,Echolocation,Nyctalus leisleri,0.167,0.306,-1,192000.0,/mnt/ubna_data_07/recover-20260219/UBNA_028/20260216_173000.WAV,recover-20260219,UBNA_028,E18 Bridge
LF,20160.0,2.229813147481299,261.5975,261.6209,18593.0,22008.0,Echolocation,Nyctalus noctula,0.345,0.441,-1,192000.0,/mnt/ubna_data_07/recover-20260219/UBNA_028/20260216_174000.WAV,recover-20260219,UBNA_028,E18 Bridge
LF,22080.0,1.760905516111456,133.8865,133.906,21171.0,25546.0,Echolocation,Nyctalus noctula,0.193,0.31,-1,192000.0,/mnt/ubna_data_07/recover-20260219/UBNA_028/20260216_180000.WAV,recover-20260219,UBNA_028,E18 Bridge
LF,23040.0,2.0893017407953836,14.2605,14.2712,22031.0,29002.0,Echolocation,Nyctalus noctula,0.101,0.308,-1,192000.0,/mnt/ubna_data_07/recover-20260219/UBNA_028/20260216_183000.WAV,recover-20260219,UBNA_028,E18 Bridge
LF,29760.0,0.30117288849534896,49.4885,49.501000000000005,28906.0,33570.0,Echolocation,Eptesicus serotinus,0.181,0.319,-1,192000.0,/mnt/ubna_data_07/recover-20260219/UBNA_028/20260216_190000.WAV,recover-20260219,UBNA_028,E18 Bridge
LF,26880.0,4.620708714760309,155.7985,155.8102,26328.0,31332.0,Echolocation,Nyctalus leisleri,0.15,0.307,-1,192000.0,/mnt/ubna_data_07/recover-20260219/UBNA_028/20260216_193000.WAV,recover-20260219,UBNA_028,E18 Bridge
LF,24000.0,12.367128668883895,270.6215,270.6374,23750.0,28101.0,Echolocation,Nyctalus leisleri,0.501,0.568,-1,192000.0,/mnt/ubna_data_07/recover-20260219/UBNA_028/20260216_201000.WAV,recover-20260219,UBNA_028,E18 Bridge
LF,23040.0,4.680474800868925,192.6025,192.6176,22890.0,27602.0,Echolocation,Nyctalus leisleri,0.125,0.311,-1,192000.0,/mnt/ubna_data_07/recover-20260219/UBNA_028/20260216_213000.WAV,recover-20260219,UBNA_028,E18 Bridge
LF,23040.0,2.370724622422555,293.3485,293.3608,23750.0,28650.0,Echolocation,Nyctalus leisleri,0.154,0.36,-1,192000.0,/mnt/ubna_data_07/recover-20260219/UBNA_028/20260216_213000.WAV,recover-20260219,UBNA_028,E18 Bridge
LF,23040.0,-9.451296562431356,165.0695,165.0801,22031.0,28614.0,Echolocation,Nyctalus noctula,0.106,0.328,-1,192000.0,/mnt/ubna_data_07/recover-20260219/UBNA_028/20260216_215000.WAV,recover-20260219,UBNA_028,E18 Bridge
LF,23040.0,2.7613133327365382,239.0455,239.0571,22031.0,29300.0,Echolocation,Nyctalus noctula,0.164,0.358,-1,192000.0,/mnt/ubna_data_07/recover-20260219/UBNA_028/20260216_221000.WAV,recover-20260219,UBNA_028,E18 Bridge
LF,25920.0,-0.2364914509576828,244.0075,244.0199,25468.0,29781.0,Echolocation,Nyctalus leisleri,0.216,0.32,-1,192000.0,/mnt/ubna_data_07/recover-20260219/UBNA_028/20260216_230000.WAV,recover-20260219,UBNA_028,E18 Bridge
LF,23040.0,0.6771214371634224,260.1865,260.1984,22031.0,29042.0,Echolocation,Nyctalus noctula,0.168,0.351,-1,192000.0,/mnt/ubna_data_07/recover-20260219/UBNA_028/20260216_235000.WAV,recover-20260219,UBNA_028,E18 Bridge
LF,23040.0,1.8078923905723694,197.9235,197.9373,22031.0,28470.0,Echolocation,Nyctalus noctula,0.17,0.319,-1,192000.0,/mnt/ubna_data_07/recover-20260219/UBNA_028/20260217_003000.WAV,recover-20260219,UBNA_028,E18 Bridge
LF,27840.0,1.0515099245910233,192.7245,192.7335,26328.0,33639.0,Echolocation,Eptesicus serotinus,0.151,0.315,-1,192000.0,/mnt/ubna_data_07/recover-20260219/UBNA_028/20260217_010000.WAV,recover-20260219,UBNA_028,E18 Bridge
LF,23040.0,1.9916663037967994,296.6425,296.6558,23750.0,28246.0,Echolocation,Nyctalus leisleri,0.171,0.301,-1,192000.0,/mnt/ubna_data_07/recover-20260219/UBNA_028/20260217_011000.WAV,recover-20260219,UBNA_028,E18 Bridge
LF,23040.0,1.1938978167522136,181.0795,181.089,23750.0,30299.0,Echolocation,Eptesicus serotinus,0.103,0.33,-1,192000.0,/mnt/ubna_data_07/recover-20260219/UBNA_028/20260217_012000.WAV,recover-20260219,UBNA_028,E18 Bridge
LF,25920.0,0.6356540281736258,207.5225,207.5383,24609.0,29096.0,Echolocation,Nyctalus leisleri,0.165,0.303,-1,192000.0,/mnt/ubna_data_07/recover-20260219/UBNA_028/20260217_012000.WAV,recover-20260219,UBNA_028,E18 Bridge
LF,17280.0,16.368205634726205,79.1305,79.1431,11718.0,20720.0,Echolocation,Eptesicus serotinus,0.203,0.414,-1,192000.0,/mnt/ubna_data_07/recover-20260219/UBNA_028/20260217_014000.WAV,recover-20260219,UBNA_028,E18 Bridge
LF,17280.0,12.997064824554803,140.7985,140.8118,12578.0,18357.0,Echolocation,Nyctalus leisleri,0.151,0.32,-1,192000.0,/mnt/ubna_data_07/recover-20260219/UBNA_028/20260217_015000.WAV,recover-20260219,UBNA_028,E18 Bridge
LF,23040.0,0.5393005130906686,231.3295,231.3482,22031.0,26922.0,Echolocation,Nyctalus noctula,0.169,0.34,-1,192000.0,/mnt/ubna_data_07/recover-20260219/UBNA_028/20260217_015000.WAV,recover-20260219,UBNA_028,E18 Bridge
LF,23040.0,1.6068885415251315,121.2365,121.2532,22890.0,26849.0,Echolocation,Nyctalus leisleri,0.309,0.421,-1,192000.0,/mnt/ubna_data_07/recover-20260219/UBNA_028/20260217_043000.WAV,recover-20260219,UBNA_028,E18 Bridge
LF,28800.0,0.5559675344442346,70.8205,70.8313,27187.0,33390.0,Echolocation,Eptesicus serotinus,0.207,0.424,-1,192000.0,/mnt/ubna_data_07/recover-20260219/UBNA_028/20260217_065000.WAV,recover-20260219,UBNA_028,E18 Bridge
LF,24000.0,2.0202567974758043,160.9825,160.9926,23750.0,31348.0,Echolocation,Eptesicus serotinus,0.169,0.385,-1,192000.0,/mnt/ubna_data_07/recover-20260219/UBNA_028/20260217_071000.WAV,recover-20260219,UBNA_028,E18 Bridge
LF,24960.0,0.11881961529268206,107.45949999999999,107.4697,23750.0,30779.0,Echolocation,Eptesicus serotinus,0.163,0.41,-1,192000.0,/mnt/ubna_data_07/recover-20260219/UBNA_028/20260217_085000.WAV,recover-20260219,UBNA_028,E18 Bridge
HF,45120.0,0.7622928422069453,284.6145,284.6236,42656.0,50728.0,Echolocation,Pipistrellus pipistrellus,0.203,0.379,-1,192000.0,/mnt/ubna_data_07/recover-20260219/UBNA_028/20260217_090000.WAV,recover-20260219,UBNA_028,E18 Bridge
LF,23040.0,0.07440578694654683,143.9685,143.9831,22890.0,27555.0,Echolocation,Nyctalus leisleri,0.173,0.349,-1,192000.0,/mnt/ubna_data_07/recover-20260219/UBNA_028/20260217_091000.WAV,recover-20260219,UBNA_028,E18 Bridge
LF,23040.0,1.256734244979043,295.0685,295.0861,22890.0,26397.0,Echolocation,Nyctalus leisleri,0.286,0.352,-1,192000.0,/mnt/ubna_data_07/recover-20260219/UBNA_028/20260217_092000.WAV,recover-20260219,UBNA_028,E18 Bridge
LF,23040.0,0.21059291479591807,215.0485,215.0621,22031.0,27830.0,Echolocation,Nyctalus noctula,0.171,0.36,-1,192000.0,/mnt/ubna_data_07/recover-20260219/UBNA_028/20260217_094000.WAV,recover-20260219,UBNA_028,E18 Bridge
LF,25920.0,0.8461332129049983,157.0085,157.0182,24609.0,31222.0,Echolocation,Eptesicus serotinus,0.193,0.337,-1,192000.0,/mnt/ubna_data_07/recover-20260219/UBNA_028/20260217_104000.WAV,recover-20260219,UBNA_028,E18 Bridge
LF,23040.0,0.5127920158208492,260.0065,260.0198,22031.0,28034.0,Echolocation,Nyctalus leisleri,0.173,0.382,-1,192000.0,/mnt/ubna_data_07/recover-20260219/UBNA_028/20260217_133000.WAV,recover-20260219,UBNA_028,E18 Bridge
LF,22080.0,2.299939127631762,275.9555,275.9773,21171.0,24017.0,Echolocation,Nyctalus leisleri,0.338,0.346,-1,192000.0,/mnt/ubna_data_07/recover-20260219/UBNA_028/20260217_142000.WAV,recover-20260219,UBNA_028,E18 Bridge
LF,23040.0,-1.4656730494486692,281.0135,281.0321,23750.0,28277.0,Echolocation,Nyctalus leisleri,0.188,0.333,-1,192000.0,/mnt/ubna_data_07/recover-20260219/UBNA_028/20260217_142000.WAV,recover-20260219,UBNA_028,E18 Bridge
LF,17280.0,5.463125447103917,43.0585,43.08,16875.0,19620.0,Echolocation,Nyctalus noctula,0.24,0.338,-1,192000.0,/mnt/ubna_data_07/recover-20260219/UBNA_028/20260217_144000.WAV,recover-20260219,UBNA_028,E18 Bridge
LF,17280.0,6.793277369219587,293.3295,293.3444,11718.0,18271.0,Echolocation,Nyctalus leisleri,0.237,0.378,-1,192000.0,/mnt/ubna_data_07/recover-20260219/UBNA_028/20260217_145000.WAV,recover-20260219,UBNA_028,E18 Bridge
LF,16320.0,8.68574003531084,45.2875,45.3067,15156.0,19706.0,Echolocation,Nyctalus noctula,0.194,0.392,-1,192000.0,/mnt/ubna_data_07/recover-20260219/UBNA_028/20260217_155000.WAV,recover-20260219,UBNA_028,E18 Bridge
LF,16320.0,5.5046494409612565,45.5305,45.5483,15156.0,20971.0,Echolocation,Nyctalus noctula,0.404,0.561,-1,192000.0,/mnt/ubna_data_07/recover-20260219/UBNA_028/20260217_155000.WAV,recover-20260219,UBNA_028,E18 Bridge
LF,17280.0,5.811565341815777,45.6125,45.63,16015.0,19954.0,Echolocation,Nyctalus noctula,0.198,0.342,-1,192000.0,/mnt/ubna_data_07/recover-20260219/UBNA_028/20260217_155000.WAV,recover-20260219,UBNA_028,E18 Bridge
LF,23040.0,4.332090148593429,275.2435,275.2642,22031.0,25873.0,Echolocation,Nyctalus leisleri,0.204,0.3,-1,192000.0,/mnt/ubna_data_07/recover-20260219/UBNA_028/20260217_163000.WAV,recover-20260219,UBNA_028,E18 Bridge
LF,19200.0,5.168397884442423,215.9075,215.9283,17734.0,20605.0,Echolocation,Nyctalus noctula,0.2,0.309,-1,192000.0,/mnt/ubna_data_07/recover-20260219/UBNA_028/20260217_164000.WAV,recover-20260219,UBNA_028,E18 Bridge
LF,19200.0,10.761377211357978,276.0505,276.0618,15156.0,23138.0,Echolocation,Nyctalus noctula,0.204,0.359,-1,192000.0,/mnt/ubna_data_07/recover-20260219/UBNA_028/20260217_164000.WAV,recover-20260219,UBNA_028,E18 Bridge
LF,23040.0,0.9082983789486996,54.570499999999996,54.5852,22890.0,27596.0,Echolocation,Nyctalus leisleri,0.145,0.3,-1,192000.0,/mnt/ubna_data_07/recover-20260219/UBNA_028/20260217_170000.WAV,recover-20260219,UBNA_028,E18 Bridge
LF,20160.0,12.960531894906044,291.4425,291.463,20312.0,23039.0,Echolocation,Nyctalus leisleri,0.267,0.405,-1,192000.0,/mnt/ubna_data_07/recover-20260219/UBNA_028/20260217_173000.WAV,recover-20260219,UBNA_028,E18 Bridge
LF,16320.0,5.66889160817022,23.4855,23.5018,13437.0,17533.0,Echolocation,Nyctalus leisleri,0.169,0.321,-1,192000.0,/mnt/ubna_data_07/recover-20260219/UBNA_028/20260217_175000.WAV,recover-20260219,UBNA_028,E18 Bridge
LF,16320.0,4.7847297826505795,23.6325,23.6484,13437.0,17825.0,Echolocation,Nyctalus leisleri,0.203,0.411,-1,192000.0,/mnt/ubna_data_07/recover-20260219/UBNA_028/20260217_175000.WAV,recover-20260219,UBNA_028,E18 Bridge
LF,16320.0,2.9092339348257394,23.7785,23.7965,13437.0,17295.0,Echolocation,Nyctalus leisleri,0.157,0.363,-1,192000.0,/mnt/ubna_data_07/recover-20260219/UBNA_028/20260217_175000.WAV,recover-20260219,UBNA_028,E18 Bridge
LF,16320.0,6.965093842159543,184.5615,184.58,15156.0,19840.0,Echolocation,Nyctalus noctula,0.243,0.397,-1,192000.0,/mnt/ubna_data_07/recover-20260219/UBNA_028/20260217_181000.WAV,recover-20260219,UBNA_028,E18 Bridge
LF,20160.0,2.3165275191376313,243.5635,243.5859,17734.0,21135.0,Echolocation,Nyctalus noctula,0.267,0.342,-1,192000.0,/mnt/ubna_data_07/recover-20260219/UBNA_028/20260217_181000.WAV,recover-20260219,UBNA_028,E18 Bridge
LF,24000.0,-0.18877212602372848,0.8505,0.8612,24609.0,29843.0,Echolocation,Nyctalus leisleri,0.153,0.352,-1,192000.0,/mnt/ubna_data_07/recover-20260219/UBNA_028/20260217_191000.WAV,recover-20260219,UBNA_028,E18 Bridge
LF,27840.0,1.035681973151279,19.8785,19.8891,26328.0,31887.0,Echolocation,Eptesicus serotinus,0.133,0.314,-1,192000.0,/mnt/ubna_data_07/recover-20260219/UBNA_028/20260217_191000.WAV,recover-20260219,UBNA_028,E18 Bridge
LF,26880.0,5.422774156895933,135.2805,135.289,24609.0,31411.0,Echolocation,Eptesicus serotinus,0.132,0.328,-1,192000.0,/mnt/ubna_data_07/recover-20260219/UBNA_028/20260217_194000.WAV,recover-20260219,UBNA_028,E18 Bridge
LF,21120.0,17.574628054422643,102.6585,102.6718,20312.0,22441.0,Echolocation,Nyctalus leisleri,0.24,0.311,-1,192000.0,/mnt/ubna_data_07/recover-20260219/UBNA_028/20260217_195000.WAV,recover-20260219,UBNA_028,E18 Bridge
HF,47040.0,2.705040929106504,111.7295,111.7384,45234.0,49732.0,Echolocation,Pipistrellus pipistrellus,0.324,0.377,-1,192000.0,/mnt/ubna_data_07/recover-20260219/UBNA_028/20260217_195000.WAV,recover-20260219,UBNA_028,E18 Bridge
LF,23040.0,1.5842335298948438,68.6555,68.6655,24609.0,32062.0,Echolocation,Eptesicus serotinus,0.16,0.32,-1,192000.0,/mnt/ubna_data_07/recover-20260219/UBNA_028/20260217_203000.WAV,recover-20260219,UBNA_028,E18 Bridge
LF,26880.0,3.9423395753351356,240.8475,240.8613,25468.0,29649.0,Echolocation,Nyctalus leisleri,0.231,0.37,-1,192000.0,/mnt/ubna_data_07/recover-20260219/UBNA_028/20260217_210000.WAV,recover-20260219,UBNA_028,E18 Bridge
LF,28800.0,2.328308221237242,159.3275,159.3362,27187.0,34590.0,Echolocation,Eptesicus serotinus,0.154,0.301,-1,192000.0,/mnt/ubna_data_07/recover-20260219/UBNA_028/20260217_212000.WAV,recover-20260219,UBNA_028,E18 Bridge
LF,24000.0,1.3622826335886637,172.8475,172.85739999999998,23750.0,29787.0,Echolocation,Eptesicus serotinus,0.164,0.338,-1,192000.0,/mnt/ubna_data_07/recover-20260219/UBNA_028/20260217_220000.WAV,recover-20260219,UBNA_028,E18 Bridge
LF,20160.0,2.489845736637256,214.5895,214.6107,19453.0,22041.0,Echolocation,Nyctalus noctula,0.221,0.31,-1,192000.0,/mnt/ubna_data_07/recover-20260219/UBNA_028/20260217_222000.WAV,recover-20260219,UBNA_028,E18 Bridge
LF,23040.0,5.537544421201911,139.7975,139.81889999999999,22031.0,25325.0,Echolocation,Nyctalus leisleri,0.273,0.343,-1,192000.0,/mnt/ubna_data_07/recover-20260219/UBNA_028/20260217_224000.WAV,recover-20260219,UBNA_028,E18 Bridge
LF,26880.0,1.6412921710782493,165.2525,165.2642,26328.0,30096.0,Echolocation,Nyctalus leisleri,0.176,0.313,-1,192000.0,/mnt/ubna_data_07/recover-20260219/UBNA_028/20260217_225000.WAV,recover-20260219,UBNA_028,E18 Bridge
LF,16320.0,10.24102782945187,285.9845,285.998,15156.0,20404.0,Echolocation,Nyctalus noctula,0.157,0.32,-1,192000.0,/mnt/ubna_data_07/recover-20260219/UBNA_028/20260217_235000.WAV,recover-20260219,UBNA_028,E18 Bridge
LF,26880.0,3.8680774951056596,15.6105,15.6194,25468.0,31911.0,Echolocation,Eptesicus serotinus,0.18,0.36,-1,192000.0,/mnt/ubna_data_07/recover-20260219/UBNA_028/20260218_001000.WAV,recover-20260219,UBNA_028,E18 Bridge
LF,20160.0,10.76187049310385,232.4845,232.5028,19453.0,22552.0,Echolocation,Nyctalus noctula,0.191,0.318,-1,192000.0,/mnt/ubna_data_07/recover-20260219/UBNA_028/20260218_003000.WAV,recover-20260219,UBNA_028,E18 Bridge
LF,23040.0,-0.7179696943659517,41.0435,41.058099999999996,22890.0,26975.0,Echolocation,Nyctalus leisleri,0.192,0.307,-1,192000.0,/mnt/ubna_data_07/recover-20260219/UBNA_028/20260218_024000.WAV,recover-20260219,UBNA_028,E18 Bridge
LF,21120.0,0.40123039925175874,213.3475,213.3692,20312.0,23486.0,Echolocation,Nyctalus noctula,0.221,0.322,-1,192000.0,/mnt/ubna_data_07/recover-20260219/UBNA_028/20260218_031000.WAV,recover-20260219,UBNA_028,E18 Bridge
HF,46080.0,5.317342483996072,57.3435,57.363,44375.0,47847.0,Echolocation,Pipistrellus pipistrellus,0.199,0.386,-1,192000.0,/mnt/ubna_data_07/recover-20260219/UBNA_028/20260218_051000.WAV,recover-20260219,UBNA_028,E18 Bridge
HF,50880.0,5.922647788880483,0.0615,0.0656,44375.0,71371.0,Echolocation,Myotis alcathoe,0.196,0.352,-1,192000.0,/mnt/ubna_data_07/recover-20260219/UBNA_028/20260218_062000.WAV,recover-20260219,UBNA_028,E18 Bridge
HF,50880.0,14.529940569375857,0.3275,0.3324,49531.0,67193.0,Echolocation,Pipistrellus pipistrellus,0.491,0.635,-1,192000.0,/mnt/ubna_data_07/recover-20260219/UBNA_028/20260218_062000.WAV,recover-20260219,UBNA_028,E18 Bridge
HF,48000.0,23.053692057007144,0.4445,0.4495,44375.0,70262.0,Echolocation,Pipistrellus pipistrellus,0.436,0.588,-1,192000.0,/mnt/ubna_data_07/recover-20260219/UBNA_028/20260218_062000.WAV,recover-20260219,UBNA_028,E18 Bridge
HF,52800.0,15.904101631662332,0.5415,0.547,46093.0,65376.0,Echolocation,Pipistrellus pipistrellus,0.294,0.529,-1,192000.0,/mnt/ubna_data_07/recover-20260219/UBNA_028/20260218_062000.WAV,recover-20260219,UBNA_028,E18 Bridge
HF,48000.0,26.102889163203802,0.6565,0.6624,44375.0,68087.0,Echolocation,Pipistrellus pipistrellus,0.366,0.621,-1,192000.0,/mnt/ubna_data_07/recover-20260219/UBNA_028/20260218_062000.WAV,recover-20260219,UBNA_028,E18 Bridge
HF,48000.0,21.045243792751446,0.7455,0.7513,45234.0,72955.0,Echolocation,Myotis alcathoe,0.267,0.586,-1,192000.0,/mnt/ubna_data_07/recover-20260219/UBNA_028/20260218_062000.WAV,recover-20260219,UBNA_028,E18 Bridge
HF,52800.0,16.386987594359734,0.8365,0.8413,44375.0,76500.0,Echolocation,Myotis alcathoe,0.298,0.48,-1,192000.0,/mnt/ubna_data_07/recover-20260219/UBNA_028/20260218_062000.WAV,recover-20260219,UBNA_028,E18 Bridge
HF,52800.0,22.46787868824888,0.9335,0.9391,44375.0,72635.0,Echolocation,Pipistrellus pipistrellus,0.392,0.583,-1,192000.0,/mnt/ubna_data_07/recover-20260219/UBNA_028/20260218_062000.WAV,recover-20260219,UBNA_028,E18 Bridge
HF,48000.0,15.026225723047794,1.0305,1.0356,44375.0,73638.0,Echolocation,Myotis alcathoe,0.224,0.434,-1,192000.0,/mnt/ubna_data_07/recover-20260219/UBNA_028/20260218_062000.WAV,recover-20260219,UBNA_028,E18 Bridge
HF,51840.0,14.868354675987117,1.1185,1.1226,43515.0,79822.0,Echolocation,Myotis alcathoe,0.3,0.436,-1,192000.0,/mnt/ubna_data_07/recover-20260219/UBNA_028/20260218_062000.WAV,recover-20260219,UBNA_028,E18 Bridge
HF,48000.0,22.97654260474186,1.2295,1.2346,43515.0,71881.0,Echolocation,Pipistrellus pipistrellus,0.329,0.511,-1,192000.0,/mnt/ubna_data_07/recover-20260219/UBNA_028/20260218_062000.WAV,recover-20260219,UBNA_028,E18 Bridge
HF,47040.0,22.59536182924211,1.3175,1.3227,43515.0,68859.0,Echolocation,Pipistrellus pipistrellus,0.415,0.617,-1,192000.0,/mnt/ubna_data_07/recover-20260219/UBNA_028/20260218_062000.WAV,recover-20260219,UBNA_028,E18 Bridge
HF,54720.0,9.978862414587304,1.4235,1.4275,46953.0,63482.0,Echolocation,Pipistrellus pipistrellus,0.235,0.444,-1,192000.0,/mnt/ubna_data_07/recover-20260219/UBNA_028/20260218_062000.WAV,recover-20260219,UBNA_028,E18 Bridge
HF,52800.0,6.9878758478530365,1.5265,1.5308,44375.0,63026.0,Echolocation,Myotis alcathoe,0.21,0.369,-1,192000.0,/mnt/ubna_data_07/recover-20260219/UBNA_028/20260218_062000.WAV,recover-20260219,UBNA_028,E18 Bridge
HF,51840.0,11.419980152365882,1.6165,1.6209,45234.0,63463.0,Echolocation,Myotis alcathoe,0.188,0.364,-1,192000.0,/mnt/ubna_data_07/recover-20260219/UBNA_028/20260218_062000.WAV,recover-20260219,UBNA_028,E18 Bridge
HF,48000.0,18.658634256608956,1.7345,1.7397,41796.0,65507.0,Echolocation,Pipistrellus pipistrellus,0.25,0.59,-1,192000.0,/mnt/ubna_data_07/recover-20260219/UBNA_028/20260218_062000.WAV,recover-20260219,UBNA_028,E18 Bridge
HF,54720.0,5.77271446706675,1.9755,1.9787,48671.0,68041.0,Echolocation,Myotis alcathoe,0.178,0.356,-1,192000.0,/mnt/ubna_data_07/recover-20260219/UBNA_028/20260218_062000.WAV,recover-20260219,UBNA_028,E18 Bridge
HF,52800.0,7.738047476080897,2.0725,2.0784,47812.0,66936.0,Echolocation,Pipistrellus pipistrellus,0.164,0.364,-1,192000.0,/mnt/ubna_data_07/recover-20260219/UBNA_028/20260218_062000.WAV,recover-20260219,UBNA_028,E18 Bridge
HF,51840.0,10.222763086490856,2.1705,2.176,47812.0,77019.0,Echolocation,Myotis alcathoe,0.277,0.43,-1,192000.0,/mnt/ubna_data_07/recover-20260219/UBNA_028/20260218_062000.WAV,recover-20260219,UBNA_028,E18 Bridge
HF,54720.0,8.907833672550398,2.2565,2.2628,47812.0,65147.0,Echolocation,Pipistrellus pipistrellus,0.365,0.497,-1,192000.0,/mnt/ubna_data_07/recover-20260219/UBNA_028/20260218_062000.WAV,recover-20260219,UBNA_028,E18 Bridge
HF,51840.0,8.032856220075642,2.3475,2.3574,51250.0,58671.0,Echolocation,Pipistrellus pipistrellus,0.391,0.455,-1,192000.0,/mnt/ubna_data_07/recover-20260219/UBNA_028/20260218_062000.WAV,recover-20260219,UBNA_028,E18 Bridge
HF,55680.0,5.7907832071497545,2.4605,2.4667,47812.0,64023.0,Echolocation,Pipistrellus pipistrellus,0.184,0.355,-1,192000.0,/mnt/ubna_data_07/recover-20260219/UBNA_028/20260218_062000.WAV,recover-20260219,UBNA_028,E18 Bridge
HF,51840.0,5.637802093819878,2.5095,2.5139,49531.0,67600.0,Echolocation,Pipistrellus pipistrellus,0.283,0.391,-1,192000.0,/mnt/ubna_data_07/recover-20260219/UBNA_028/20260218_062000.WAV,recover-20260219,UBNA_028,E18 Bridge
HF,51840.0,15.494690349978967,2.9325,2.94,46953.0,65355.0,Echolocation,Pipistrellus pipistrellus,0.325,0.484,-1,192000.0,/mnt/ubna_data_07/recover-20260219/UBNA_028/20260218_062000.WAV,recover-20260219,UBNA_028,E18 Bridge
HF,54720.0,13.362076604465287,3.0195,3.0258,48671.0,69243.0,Echolocation,Pipistrellus pipistrellus,0.225,0.392,-1,192000.0,/mnt/ubna_data_07/recover-20260219/UBNA_028/20260218_062000.WAV,recover-20260219,UBNA_028,E18 Bridge
HF,51840.0,11.933428725077594,3.1075,3.1118,47812.0,73919.0,Echolocation,Myotis alcathoe,0.278,0.39,-1,192000.0,/mnt/ubna_data_07/recover-20260219/UBNA_028/20260218_062000.WAV,recover-20260219,UBNA_028,E18 Bridge
HF,54720.0,13.401130233313749,3.1845,3.1903,51250.0,68808.0,Echolocation,Pipistrellus pipistrellus,0.325,0.391,-1,192000.0,/mnt/ubna_data_07/recover-20260219/UBNA_028/20260218_062000.WAV,recover-20260219,UBNA_028,E18 Bridge
HF,54720.0,10.283095360362147,3.2645,3.2695,47812.0,72626.0,Echolocation,Myotis alcathoe,0.233,0.382,-1,192000.0,/mnt/ubna_data_07/recover-20260219/UBNA_028/20260218_062000.WAV,recover-20260219,UBNA_028,E18 Bridge
HF,50880.0,11.202349467948727,3.3495,3.3556,46953.0,64946.0,Echolocation,Pipistrellus pipistrellus,0.134,0.311,-1,192000.0,/mnt/ubna_data_07/recover-20260219/UBNA_028/20260218_062000.WAV,recover-20260219,UBNA_028,E18 Bridge
HF,47040.0,15.679223838803305,3.4695,3.4749,44375.0,74741.0,Echolocation,Myotis alcathoe,0.351,0.495,-1,192000.0,/mnt/ubna_data_07/recover-20260219/UBNA_028/20260218_062000.WAV,recover-20260219,UBNA_028,E18 Bridge
HF,48000.0,24.451598306647337,3.5665,3.5718,44375.0,75467.0,Echolocation,Pipistrellus pipistrellus,0.385,0.586,-1,192000.0,/mnt/ubna_data_07/recover-20260219/UBNA_028/20260218_062000.WAV,recover-20260219,UBNA_028,E18 Bridge
HF,47040.0,17.187208061767674,3.6425,3.6471,44375.0,72069.0,Echolocation,Myotis alcathoe,0.291,0.451,-1,192000.0,/mnt/ubna_data_07/recover-20260219/UBNA_028/20260218_062000.WAV,recover-20260219,UBNA_028,E18 Bridge
HF,48000.0,16.49423013322375,3.7075,3.7127,46093.0,83870.0,Echolocation,Myotis alcathoe,0.368,0.469,-1,192000.0,/mnt/ubna_data_07/recover-20260219/UBNA_028/20260218_062000.WAV,recover-20260219,UBNA_028,E18 Bridge
HF,53760.0,19.814465405725784,3.8035,3.8093,46093.0,80855.0,Echolocation,Myotis alcathoe,0.322,0.503,-1,192000.0,/mnt/ubna_data_07/recover-20260219/UBNA_028/20260218_062000.WAV,recover-20260219,UBNA_028,E18 Bridge
HF,48000.0,16.33773028358363,3.8885,3.894,46093.0,69997.0,Echolocation,Pipistrellus pipistrellus,0.536,0.653,-1,192000.0,/mnt/ubna_data_07/recover-20260219/UBNA_028/20260218_062000.WAV,recover-20260219,UBNA_028,E18 Bridge
HF,48000.0,23.89254585056499,4.0125,4.0187,43515.0,69004.0,Echolocation,Pipistrellus pipistrellus,0.259,0.599,-1,192000.0,/mnt/ubna_data_07/recover-20260219/UBNA_028/20260218_062000.WAV,recover-20260219,UBNA_028,E18 Bridge
HF,48000.0,12.564534054631677,4.0975,4.1033,45234.0,58795.0,Echolocation,Pipistrellus pipistrellus,0.227,0.346,-1,192000.0,/mnt/ubna_data_07/recover-20260219/UBNA_028/20260218_062000.WAV,recover-20260219,UBNA_028,E18 Bridge
HF,48000.0,5.7367405591259315,4.3065,4.3115,46093.0,58313.0,Echolocation,Pipistrellus pipistrellus,0.321,0.35,-1,192000.0,/mnt/ubna_data_07/recover-20260219/UBNA_028/20260218_062000.WAV,recover-20260219,UBNA_028,E18 Bridge
HF,51840.0,13.111899833219187,4.8105,4.8163,51250.0,60969.0,Echolocation,Pipistrellus pipistrellus,0.207,0.336,-1,192000.0,/mnt/ubna_data_07/recover-20260219/UBNA_028/20260218_062000.WAV,recover-20260219,UBNA_028,E18 Bridge
HF,51840.0,16.041440601427226,4.8795,4.8866,46093.0,59034.0,Echolocation,Pipistrellus pipistrellus,0.231,0.514,-1,192000.0,/mnt/ubna_data_07/recover-20260219/UBNA_028/20260218_062000.WAV,recover-20260219,UBNA_028,E18 Bridge
HF,48000.0,14.913885103641677,4.9375,4.9427,46953.0,65275.0,Echolocation,Pipistrellus pipistrellus,0.396,0.534,-1,192000.0,/mnt/ubna_data_07/recover-20260219/UBNA_028/20260218_062000.WAV,recover-20260219,UBNA_028,E18 Bridge
HF,47040.0,7.963835792463632,5.0585,5.0644,45234.0,60904.0,Echolocation,Pipistrellus pipistrellus,0.254,0.428,-1,192000.0,/mnt/ubna_data_07/recover-20260219/UBNA_028/20260218_062000.WAV,recover-20260219,UBNA_028,E18 Bridge
HF,51840.0,14.368021201917498,5.1425,5.1477,47812.0,63024.0,Echolocation,Pipistrellus pipistrellus,0.303,0.477,-1,192000.0,/mnt/ubna_data_07/recover-20260219/UBNA_028/20260218_062000.WAV,recover-20260219,UBNA_028,E18 Bridge
HF,51840.0,12.413444391373913,5.3985,5.4046,46093.0,63754.0,Echolocation,Pipistrellus pipistrellus,0.232,0.577,-1,192000.0,/mnt/ubna_data_07/recover-20260219/UBNA_028/20260218_062000.WAV,recover-20260219,UBNA_028,E18 Bridge
HF,48000.0,4.208140158773488,5.4805,5.4855,46093.0,61032.0,Echolocation,Pipistrellus pipistrellus,0.185,0.302,-1,192000.0,/mnt/ubna_data_07/recover-20260219/UBNA_028/20260218_062000.WAV,recover-20260219,UBNA_028,E18 Bridge
HF,51840.0,7.750917814841568,7.0975,7.1067,49531.0,60085.0,Echolocation,Pipistrellus pipistrellus,0.272,0.319,-1,192000.0,/mnt/ubna_data_07/recover-20260219/UBNA_028/20260218_062000.WAV,recover-20260219,UBNA_028,E18 Bridge
HF,47040.0,10.022095667810973,7.6255,7.6346,46953.0,63689.0,Echolocation,Pipistrellus pipistrellus,0.381,0.489,-1,192000.0,/mnt/ubna_data_07/recover-20260219/UBNA_028/20260218_062000.WAV,recover-20260219,UBNA_028,E18 Bridge
HF,47040.0,5.394429768695047,7.7185,7.7241,46093.0,57592.0,Echolocation,Pipistrellus pipistrellus,0.351,0.421,-1,192000.0,/mnt/ubna_data_07/recover-20260219/UBNA_028/20260218_062000.WAV,recover-20260219,UBNA_028,E18 Bridge
HF,51840.0,6.425923546067146,10.2445,10.2511,51250.0,69879.0,Echolocation,Pipistrellus pipistrellus,0.33,0.495,-1,192000.0,/mnt/ubna_data_07/recover-20260219/UBNA_028/20260218_062000.WAV,recover-20260219,UBNA_028,E18 Bridge
HF,52800.0,9.21382335261853,10.3825,10.389,51250.0,68115.0,Echolocation,Pipistrellus pipistrellus,0.283,0.452,-1,192000.0,/mnt/ubna_data_07/recover-20260219/UBNA_028/20260218_062000.WAV,recover-20260219,UBNA_028,E18 Bridge
HF,51840.0,7.36106335079612,10.4495,10.4578,50390.0,64872.0,Echolocation,Pipistrellus pipistrellus,0.298,0.402,-1,192000.0,/mnt/ubna_data_07/recover-20260219/UBNA_028/20260218_062000.WAV,recover-20260219,UBNA_028,E18 Bridge
HF,51840.0,12.683670863645533,10.5075,10.5125,47812.0,69969.0,Echolocation,Myotis alcathoe,0.173,0.326,-1,192000.0,/mnt/ubna_data_07/recover-20260219/UBNA_028/20260218_062000.WAV,recover-20260219,UBNA_028,E18 Bridge
HF,51840.0,17.307514959837775,11.2165,11.2223,47812.0,68463.0,Echolocation,Pipistrellus pipistrellus,0.233,0.562,-1,192000.0,/mnt/ubna_data_07/recover-20260219/UBNA_028/20260218_062000.WAV,recover-20260219,UBNA_028,E18 Bridge
HF,53760.0,10.178677175378175,11.2915,11.2981,52109.0,70989.0,Echolocation,Pipistrellus pipistrellus,0.32,0.486,-1,192000.0,/mnt/ubna_data_07/recover-20260219/UBNA_028/20260218_062000.WAV,recover-20260219,UBNA_028,E18 Bridge
HF,52800.0,11.53486672559572,11.3635,11.3696,47812.0,70486.0,Echolocation,Myotis alcathoe,0.179,0.425,-1,192000.0,/mnt/ubna_data_07/recover-20260219/UBNA_028/20260218_062000.WAV,recover-20260219,UBNA_028,E18 Bridge
HF,52800.0,8.378769282005425,11.4435,11.451,48671.0,74429.0,Echolocation,Pipistrellus pipistrellus,0.257,0.459,-1,192000.0,/mnt/ubna_data_07/recover-20260219/UBNA_028/20260218_062000.WAV,recover-20260219,UBNA_028,E18 Bridge
HF,54720.0,10.698563298500243,11.5255,11.5336,50390.0,66924.0,Echolocation,Pipistrellus pipistrellus,0.276,0.471,-1,192000.0,/mnt/ubna_data_07/recover-20260219/UBNA_028/20260218_062000.WAV,recover-20260219,UBNA_028,E18 Bridge
HF,54720.0,11.744427295603916,11.6095,11.618,48671.0,69333.0,Echolocation,Pipistrellus pipistrellus,0.2,0.375,-1,192000.0,/mnt/ubna_data_07/recover-20260219/UBNA_028/20260218_062000.WAV,recover-20260219,UBNA_028,E18 Bridge
HF,47040.0,12.588482374199007,11.6885,11.6963,45234.0,68689.0,Echolocation,Pipistrellus pipistrellus,0.225,0.475,-1,192000.0,/mnt/ubna_data_07/recover-20260219/UBNA_028/20260218_062000.WAV,recover-20260219,UBNA_028,E18 Bridge
HF,48000.0,16.471869316026485,11.7665,11.7744,46953.0,68723.0,Echolocation,Pipistrellus pipistrellus,0.302,0.595,-1,192000.0,/mnt/ubna_data_07/recover-20260219/UBNA_028/20260218_062000.WAV,recover-20260219,UBNA_028,E18 Bridge
HF,50880.0,19.050908608884253,11.8475,11.8539,46093.0,69631.0,Echolocation,Pipistrellus pipistrellus,0.4,0.58,-1,192000.0,/mnt/ubna_data_07/recover-20260219/UBNA_028/20260218_062000.WAV,recover-20260219,UBNA_028,E18 Bridge
HF,51840.0,9.10891419956155,11.9435,11.9488,46953.0,68032.0,Echolocation,Myotis alcathoe,0.204,0.481,-1,192000.0,/mnt/ubna_data_07/recover-20260219/UBNA_028/20260218_062000.WAV,recover-20260219,UBNA_028,E18 Bridge
HF,52800.0,20.200715100659167,12.0535,12.058,45234.0,62080.0,Echolocation,Pipistrellus pipistrellus,0.567,0.627,-1,192000.0,/mnt/ubna_data_07/recover-20260219/UBNA_028/20260218_062000.WAV,recover-20260219,UBNA_028,E18 Bridge
HF,48000.0,12.552165221578914,12.1395,12.1444,46093.0,59893.0,Echolocation,Pipistrellus pipistrellus,0.494,0.551,-1,192000.0,/mnt/ubna_data_07/recover-20260219/UBNA_028/20260218_062000.WAV,recover-20260219,UBNA_028,E18 Bridge
HF,48000.0,11.268388040830683,12.2255,12.2309,45234.0,62964.0,Echolocation,Pipistrellus pipistrellus,0.481,0.653,-1,192000.0,/mnt/ubna_data_07/recover-20260219/UBNA_028/20260218_062000.WAV,recover-20260219,UBNA_028,E18 Bridge
HF,48000.0,20.904383558400195,12.3175,12.3228,44375.0,66347.0,Echolocation,Pipistrellus pipistrellus,0.341,0.57,-1,192000.0,/mnt/ubna_data_07/recover-20260219/UBNA_028/20260218_062000.WAV,recover-20260219,UBNA_028,E18 Bridge
HF,48000.0,11.900721811480093,12.4125,12.4176,46093.0,60672.0,Echolocation,Pipistrellus pipistrellus,0.437,0.464,-1,192000.0,/mnt/ubna_data_07/recover-20260219/UBNA_028/20260218_062000.WAV,recover-20260219,UBNA_028,E18 Bridge
HF,48960.0,3.601055926308127,12.4965,12.502,45234.0,58108.0,Echolocation,Pipistrellus pipistrellus,0.404,0.467,-1,192000.0,/mnt/ubna_data_07/recover-20260219/UBNA_028/20260218_062000.WAV,recover-20260219,UBNA_028,E18 Bridge
HF,52800.0,12.754652926079013,12.5765,12.5815,45234.0,65755.0,Echolocation,Pipistrellus pipistrellus,0.291,0.553,-1,192000.0,/mnt/ubna_data_07/recover-20260219/UBNA_028/20260218_062000.WAV,recover-20260219,UBNA_028,E18 Bridge
HF,52800.0,5.591302424357112,12.6585,12.6638,46093.0,61764.0,Echolocation,Pipistrellus pipistrellus,0.247,0.336,-1,192000.0,/mnt/ubna_data_07/recover-20260219/UBNA_028/20260218_062000.WAV,recover-20260219,UBNA_028,E18 Bridge
HF,52800.0,19.08766937811616,12.8875,12.8927,45234.0,62745.0,Echolocation,Pipistrellus pipistrellus,0.474,0.572,-1,192000.0,/mnt/ubna_data_07/recover-20260219/UBNA_028/20260218_062000.WAV,recover-20260219,UBNA_028,E18 Bridge
HF,48000.0,1.8435115045497827,12.9735,12.9792,46953.0,56863.0,Echolocation,Pipistrellus pipistrellus,0.332,0.351,-1,192000.0,/mnt/ubna_data_07/recover-20260219/UBNA_028/20260218_062000.WAV,recover-20260219,UBNA_028,E18 Bridge
HF,48000.0,4.506827453248259,13.0595,13.0646,47812.0,61293.0,Echolocation,Pipistrellus pipistrellus,0.379,0.423,-1,192000.0,/mnt/ubna_data_07/recover-20260219/UBNA_028/20260218_062000.WAV,recover-20260219,UBNA_028,E18 Bridge
HF,48960.0,14.983241412828896,13.1545,13.1604,46093.0,59901.0,Echolocation,Pipistrellus pipistrellus,0.42,0.588,-1,192000.0,/mnt/ubna_data_07/recover-20260219/UBNA_028/20260218_062000.WAV,recover-20260219,UBNA_028,E18 Bridge
HF,50880.0,8.04596323181205,13.9865,13.9914,49531.0,59753.0,Echolocation,Pipistrellus pipistrellus,0.387,0.419,-1,192000.0,/mnt/ubna_data_07/recover-20260219/UBNA_028/20260218_062000.WAV,recover-20260219,UBNA_028,E18 Bridge
HF,50880.0,6.519025890535326,14.2295,14.2329,47812.0,63573.0,Echolocation,Myotis alcathoe,0.144,0.306,-1,192000.0,/mnt/ubna_data_07/recover-20260219/UBNA_028/20260218_062000.WAV,recover-20260219,UBNA_028,E18 Bridge
HF,49920.0,10.563869668739368,14.8195,14.8241,46953.0,58787.0,Echolocation,Pipistrellus pipistrellus,0.474,0.528,-1,192000.0,/mnt/ubna_data_07/recover-20260219/UBNA_028/20260218_062000.WAV,recover-20260219,UBNA_028,E18 Bridge
HF,48000.0,11.108320139453237,14.9035,14.9085,45234.0,59827.0,Echolocation,Pipistrellus pipistrellus,0.336,0.525,-1,192000.0,/mnt/ubna_data_07/recover-20260219/UBNA_028/20260218_062000.WAV,recover-20260219,UBNA_028,E18 Bridge
HF,48000.0,18.532086051395385,14.9825,14.9874,46093.0,65438.0,Echolocation,Pipistrellus pipistrellus,0.551,0.693,-1,192000.0,/mnt/ubna_data_07/recover-20260219/UBNA_028/20260218_062000.WAV,recover-20260219,UBNA_028,E18 Bridge
HF,46080.0,9.45947782993284,15.0645,15.0689,46093.0,63417.0,Echolocation,Pipistrellus pipistrellus,0.467,0.554,-1,192000.0,/mnt/ubna_data_07/recover-20260219/UBNA_028/20260218_062000.WAV,recover-20260219,UBNA_028,E18 Bridge
HF,47040.0,12.257973265115945,15.1435,15.1479,45234.0,71646.0,Echolocation,Myotis alcathoe,0.26,0.496,-1,192000.0,/mnt/ubna_data_07/recover-20260219/UBNA_028/20260218_062000.WAV,recover-20260219,UBNA_028,E18 Bridge
HF,52800.0,12.636795438768061,15.2275,15.2319,46953.0,73869.0,Echolocation,Myotis alcathoe,0.299,0.492,-1,192000.0,/mnt/ubna_data_07/recover-20260219/UBNA_028/20260218_062000.WAV,recover-20260219,UBNA_028,E18 Bridge
HF,52800.0,11.706719197488521,15.3145,15.3188,46093.0,74711.0,Echolocation,Myotis alcathoe,0.298,0.43,-1,192000.0,/mnt/ubna_data_07/recover-20260219/UBNA_028/20260218_062000.WAV,recover-20260219,UBNA_028,E18 Bridge
HF,51840.0,13.137289704442896,15.4015,15.4068,46953.0,66288.0,Echolocation,Pipistrellus pipistrellus,0.22,0.484,-1,192000.0,/mnt/ubna_data_07/recover-20260219/UBNA_028/20260218_062000.WAV,recover-20260219,UBNA_028,E18 Bridge
HF,53760.0,9.928112768277305,15.4795,15.4834,45234.0,70956.0,Echolocation,Myotis alcathoe,0.293,0.403,-1,192000.0,/mnt/ubna_data_07/recover-20260219/UBNA_028/20260218_062000.WAV,recover-20260219,UBNA_028,E18 Bridge
HF,52800.0,6.871548331231118,15.5915,15.596,52109.0,65334.0,Echolocation,Pipistrellus pipistrellus,0.324,0.436,-1,192000.0,/mnt/ubna_data_07/recover-20260219/UBNA_028/20260218_062000.WAV,recover-20260219,UBNA_028,E18 Bridge
HF,53760.0,4.517225910958612,15.6555,15.6592,46093.0,72742.0,Echolocation,Myotis alcathoe,0.205,0.361,-1,192000.0,/mnt/ubna_data_07/recover-20260219/UBNA_028/20260218_062000.WAV,recover-20260219,UBNA_028,E18 Bridge
HF,54720.0,7.845098798564867,15.7355,15.7389,52109.0,65012.0,Echolocation,Pipistrellus pipistrellus,0.261,0.359,-1,192000.0,/mnt/ubna_data_07/recover-20260219/UBNA_028/20260218_062000.WAV,recover-20260219,UBNA_028,E18 Bridge
HF,51840.0,8.638016527936369,15.8915,15.8949,48671.0,68965.0,Echolocation,Myotis alcathoe,0.162,0.374,-1,192000.0,/mnt/ubna_data_07/recover-20260219/UBNA_028/20260218_062000.WAV,recover-20260219,UBNA_028,E18 Bridge
HF,54720.0,7.732219906534019,15.9775,15.9815,50390.0,70833.0,Echolocation,Myotis alcathoe,0.215,0.479,-1,192000.0,/mnt/ubna_data_07/recover-20260219/UBNA_028/20260218_062000.WAV,recover-20260219,UBNA_028,E18 Bridge
HF,53760.0,9.133797619821522,16.0615,16.0655,48671.0,62890.0,Echolocation,Pipistrellus pipistrellus,0.256,0.352,-1,192000.0,/mnt/ubna_data_07/recover-20260219/UBNA_028/20260218_062000.WAV,recover-20260219,UBNA_028,E18 Bridge
HF,51840.0,8.368380463218962,16.1265,16.1311,51250.0,61313.0,Echolocation,Pipistrellus pipistrellus,0.345,0.452,-1,192000.0,/mnt/ubna_data_07/recover-20260219/UBNA_028/20260218_062000.WAV,recover-20260219,UBNA_028,E18 Bridge
HF,51840.0,7.522000497786045,16.7935,16.7981,46093.0,62235.0,Echolocation,Pipistrellus pipistrellus,0.186,0.335,-1,192000.0,/mnt/ubna_data_07/recover-20260219/UBNA_028/20260218_062000.WAV,recover-20260219,UBNA_028,E18 Bridge
HF,48000.0,7.921849292167048,17.2565,17.2617,46953.0,58279.0,Echolocation,Pipistrellus pipistrellus,0.464,0.546,-1,192000.0,/mnt/ubna_data_07/recover-20260219/UBNA_028/20260218_062000.WAV,recover-20260219,UBNA_028,E18 Bridge
HF,48000.0,3.762608745916796,17.4435,17.4483,46093.0,60320.0,Echolocation,Pipistrellus pipistrellus,0.246,0.316,-1,192000.0,/mnt/ubna_data_07/recover-20260219/UBNA_028/20260218_062000.WAV,recover-20260219,UBNA_028,E18 Bridge
HF,47040.0,8.903152835715444,17.5295,17.535,46093.0,58301.0,Echolocation,Pipistrellus pipistrellus,0.48,0.626,-1,192000.0,/mnt/ubna_data_07/recover-20260219/UBNA_028/20260218_062000.WAV,recover-20260219,UBNA_028,E18 Bridge
HF,47040.0,7.558918192712224,17.6255,17.6299,45234.0,56110.0,Echolocation,Pipistrellus pipistrellus,0.332,0.38,-1,192000.0,/mnt/ubna_data_07/recover-20260219/UBNA_028/20260218_062000.WAV,recover-20260219,UBNA_028,E18 Bridge
HF,51840.0,10.008511319984388,17.7205,17.7249,45234.0,60311.0,Echolocation,Pipistrellus pipistrellus,0.317,0.49,-1,192000.0,/mnt/ubna_data_07/recover-20260219/UBNA_028/20260218_062000.WAV,recover-20260219,UBNA_028,E18 Bridge
HF,52800.0,7.83206920170092,17.8425,17.8465,42656.0,65427.0,Echolocation,Myotis mystacinus,0.178,0.364,-1,192000.0,/mnt/ubna_data_07/recover-20260219/UBNA_028/20260218_062000.WAV,recover-20260219,UBNA_028,E18 Bridge
HF,52800.0,8.51306137181732,17.9275,17.931,45234.0,64246.0,Echolocation,Myotis alcathoe,0.178,0.454,-1,192000.0,/mnt/ubna_data_07/recover-20260219/UBNA_028/20260218_062000.WAV,recover-20260219,UBNA_028,E18 Bridge
HF,49920.0,6.799510430504587,18.3265,18.3306,48671.0,60229.0,Echolocation,Pipistrellus pipistrellus,0.29,0.311,-1,192000.0,/mnt/ubna_data_07/recover-20260219/UBNA_028/20260218_062000.WAV,recover-20260219,UBNA_028,E18 Bridge
HF,48960.0,14.648608540881082,18.3905,18.3951,46953.0,62446.0,Echolocation,Pipistrellus pipistrellus,0.459,0.496,-1,192000.0,/mnt/ubna_data_07/recover-20260219/UBNA_028/20260218_062000.WAV,recover-20260219,UBNA_028,E18 Bridge
HF,53760.0,11.919689132675956,18.4645,18.4685,48671.0,73665.0,Echolocation,Myotis alcathoe,0.233,0.383,-1,192000.0,/mnt/ubna_data_07/recover-20260219/UBNA_028/20260218_062000.WAV,recover-20260219,UBNA_028,E18 Bridge
HF,53760.0,17.845587145866947,18.5405,18.5447,46093.0,75397.0,Echolocation,Myotis alcathoe,0.285,0.417,-1,192000.0,/mnt/ubna_data_07/recover-20260219/UBNA_028/20260218_062000.WAV,recover-20260219,UBNA_028,E18 Bridge
HF,52800.0,14.170131284347818,18.6185,18.6225,51250.0,65584.0,Echolocation,Pipistrellus pipistrellus,0.332,0.44,-1,192000.0,/mnt/ubna_data_07/recover-20260219/UBNA_028/20260218_062000.WAV,recover-20260219,UBNA_028,E18 Bridge
HF,53760.0,16.004114674266617,18.7015,18.7063,46093.0,70520.0,Echolocation,Pipistrellus pipistrellus,0.237,0.5,-1,192000.0,/mnt/ubna_data_07/recover-20260219/UBNA_028/20260218_062000.WAV,recover-20260219,UBNA_028,E18 Bridge
HF,52800.0,21.72229028750953,18.7905,18.7953,45234.0,78345.0,Echolocation,Myotis alcathoe,0.296,0.525,-1,192000.0,/mnt/ubna_data_07/recover-20260219/UBNA_028/20260218_062000.WAV,recover-20260219,UBNA_028,E18 Bridge
HF,52800.0,16.717723304299973,18.8815,18.8866,46093.0,67568.0,Echolocation,Myotis alcathoe,0.198,0.397,-1,192000.0,/mnt/ubna_data_07/recover-20260219/UBNA_028/20260218_062000.WAV,recover-20260219,UBNA_028,E18 Bridge
HF,52800.0,17.912092021318276,18.9665,18.9708,45234.0,68582.0,Echolocation,Pipistrellus pipistrellus,0.304,0.464,-1,192000.0,/mnt/ubna_data_07/recover-20260219/UBNA_028/20260218_062000.WAV,recover-20260219,UBNA_028,E18 Bridge
HF,52800.0,16.331699719016758,19.0815,19.0855,45234.0,77552.0,Echolocation,Myotis alcathoe,0.362,0.517,-1,192000.0,/mnt/ubna_data_07/recover-20260219/UBNA_028/20260218_062000.WAV,recover-20260219,UBNA_028,E18 Bridge
HF,51840.0,15.829254611708022,19.1655,19.1701,46093.0,70604.0,Echolocation,Myotis alcathoe,0.238,0.401,-1,192000.0,/mnt/ubna_data_07/recover-20260219/UBNA_028/20260218_062000.WAV,recover-20260219,UBNA_028,E18 Bridge
HF,52800.0,20.608056666863092,19.2475,19.2528,46093.0,78503.0,Echolocation,Myotis alcathoe,0.319,0.51,-1,192000.0,/mnt/ubna_data_07/recover-20260219/UBNA_028/20260218_062000.WAV,recover-20260219,UBNA_028,E18 Bridge
HF,51840.0,14.779869234041385,19.3115,19.3162,44375.0,78018.0,Echolocation,Myotis alcathoe,0.312,0.469,-1,192000.0,/mnt/ubna_data_07/recover-20260219/UBNA_028/20260218_062000.WAV,recover-20260219,UBNA_028,E18 Bridge
HF,53760.0,14.537593228993956,19.3855,19.3901,47812.0,78736.0,Echolocation,Myotis alcathoe,0.309,0.465,-1,192000.0,/mnt/ubna_data_07/recover-20260219/UBNA_028/20260218_062000.WAV,recover-20260219,UBNA_028,E18 Bridge
HF,52800.0,11.970876751139821,19.4335,19.4379,48671.0,67419.0,Echolocation,Pipistrellus pipistrellus,0.21,0.406,-1,192000.0,/mnt/ubna_data_07/recover-20260219/UBNA_028/20260218_062000.WAV,recover-20260219,UBNA_028,E18 Bridge
HF,53760.0,8.375209549550318,19.4835,19.4879,47812.0,65609.0,Echolocation,Pipistrellus pipistrellus,0.218,0.462,-1,192000.0,/mnt/ubna_data_07/recover-20260219/UBNA_028/20260218_062000.WAV,recover-20260219,UBNA_028,E18 Bridge
HF,57600.0,6.937295597074376,19.5115,19.5156,47812.0,69539.0,Echolocation,Myotis alcathoe,0.159,0.427,-1,192000.0,/mnt/ubna_data_07/recover-20260219/UBNA_028/20260218_062000.WAV,recover-20260219,UBNA_028,E18 Bridge
HF,50880.0,13.117489659608939,19.7025,19.7079,49531.0,64105.0,Echolocation,Pipistrellus pipistrellus,0.53,0.618,-1,192000.0,/mnt/ubna_data_07/recover-20260219/UBNA_028/20260218_062000.WAV,recover-20260219,UBNA_028,E18 Bridge
HF,50880.0,15.903630155118815,19.7755,19.7792,47812.0,64178.0,Echolocation,Pipistrellus pipistrellus,0.488,0.54,-1,192000.0,/mnt/ubna_data_07/recover-20260219/UBNA_028/20260218_062000.WAV,recover-20260219,UBNA_028,E18 Bridge
HF,51840.0,21.101939846914238,19.8855,19.891,43515.0,68784.0,Echolocation,Pipistrellus pipistrellus,0.586,0.679,-1,192000.0,/mnt/ubna_data_07/recover-20260219/UBNA_028/20260218_062000.WAV,recover-20260219,UBNA_028,E18 Bridge
HF,47040.0,7.780843411544911,20.0115,20.0177,43515.0,65361.0,Echolocation,Pipistrellus pipistrellus,0.254,0.475,-1,192000.0,/mnt/ubna_data_07/recover-20260219/UBNA_028/20260218_062000.WAV,recover-20260219,UBNA_028,E18 Bridge
HF,50880.0,18.85391546493371,20.1005,20.1061,43515.0,67679.0,Echolocation,Pipistrellus pipistrellus,0.447,0.544,-1,192000.0,/mnt/ubna_data_07/recover-20260219/UBNA_028/20260218_062000.WAV,recover-20260219,UBNA_028,E18 Bridge
HF,48000.0,6.482746098760992,20.1965,20.2013,46093.0,60495.0,Echolocation,Pipistrellus pipistrellus,0.544,0.594,-1,192000.0,/mnt/ubna_data_07/recover-20260219/UBNA_028/20260218_062000.WAV,recover-20260219,UBNA_028,E18 Bridge
HF,47040.0,15.661864174347983,20.3025,20.3075,46093.0,66960.0,Echolocation,Pipistrellus pipistrellus,0.525,0.626,-1,192000.0,/mnt/ubna_data_07/recover-20260219/UBNA_028/20260218_062000.WAV,recover-20260219,UBNA_028,E18 Bridge
HF,48000.0,3.5207996860493345,20.3945,20.4009,45234.0,55357.0,Echolocation,Pipistrellus pipistrellus,0.366,0.386,-1,192000.0,/mnt/ubna_data_07/recover-20260219/UBNA_028/20260218_062000.WAV,recover-20260219,UBNA_028,E18 Bridge
HF,46080.0,12.000671070127332,20.4895,20.4954,44375.0,59465.0,Echolocation,Pipistrellus pipistrellus,0.481,0.574,-1,192000.0,/mnt/ubna_data_07/recover-20260219/UBNA_028/20260218_062000.WAV,recover-20260219,UBNA_028,E18 Bridge
HF,46080.0,13.587757055163593,20.6205,20.626,44375.0,59816.0,Echolocation,Pipistrellus pipistrellus,0.562,0.589,-1,192000.0,/mnt/ubna_data_07/recover-20260219/UBNA_028/20260218_062000.WAV,recover-20260219,UBNA_028,E18 Bridge
HF,46080.0,6.66192816688845,20.8105,20.8159,45234.0,56882.0,Echolocation,Pipistrellus pipistrellus,0.474,0.508,-1,192000.0,/mnt/ubna_data_07/recover-20260219/UBNA_028/20260218_062000.WAV,recover-20260219,UBNA_028,E18 Bridge
HF,46080.0,13.912307418175637,21.0995,21.1052,45234.0,61644.0,Echolocation,Pipistrellus pipistrellus,0.52,0.603,-1,192000.0,/mnt/ubna_data_07/recover-20260219/UBNA_028/20260218_062000.WAV,recover-20260219,UBNA_028,E18 Bridge
HF,45120.0,4.166187136860317,21.3225,21.3279,45234.0,58137.0,Echolocation,Pipistrellus pipistrellus,0.423,0.469,-1,192000.0,/mnt/ubna_data_07/recover-20260219/UBNA_028/20260218_062000.WAV,recover-20260219,UBNA_028,E18 Bridge
HF,46080.0,1.8149932138300238,21.4075,21.4131,45234.0,55562.0,Echolocation,Pipistrellus pipistrellus,0.352,0.374,-1,192000.0,/mnt/ubna_data_07/recover-20260219/UBNA_028/20260218_062000.WAV,recover-20260219,UBNA_028,E18 Bridge
HF,49920.0,8.172776723368765,21.4855,21.4902,45234.0,58430.0,Echolocation,Pipistrellus pipistrellus,0.419,0.455,-1,192000.0,/mnt/ubna_data_07/recover-20260219/UBNA_028/20260218_062000.WAV,recover-20260219,UBNA_028,E18 Bridge
HF,49920.0,7.643684870418594,21.5655,21.5707,45234.0,60941.0,Echolocation,Pipistrellus pipistrellus,0.304,0.416,-1,192000.0,/mnt/ubna_data_07/recover-20260219/UBNA_028/20260218_062000.WAV,recover-20260219,UBNA_028,E18 Bridge
HF,48000.0,8.05489540486105,21.6645,21.6695,45234.0,61823.0,Echolocation,Pipistrellus pipistrellus,0.374,0.48,-1,192000.0,/mnt/ubna_data_07/recover-20260219/UBNA_028/20260218_062000.WAV,recover-20260219,UBNA_028,E18 Bridge
HF,46080.0,6.097169145262001,21.7515,21.756,45234.0,58862.0,Echolocation,Pipistrellus pipistrellus,0.432,0.473,-1,192000.0,/mnt/ubna_data_07/recover-20260219/UBNA_028/20260218_062000.WAV,recover-20260219,UBNA_028,E18 Bridge
HF,51840.0,1.5334368809363244,21.8925,21.8972,50390.0,59019.0,Echolocation,Pipistrellus pipistrellus,0.317,0.329,-1,192000.0,/mnt/ubna_data_07/recover-20260219/UBNA_028/20260218_062000.WAV,recover-20260219,UBNA_028,E18 Bridge
HF,50880.0,8.475530217315354,22.4145,22.4191,44375.0,56611.0,Echolocation,Pipistrellus pipistrellus,0.236,0.336,-1,192000.0,/mnt/ubna_data_07/recover-20260219/UBNA_028/20260218_062000.WAV,recover-20260219,UBNA_028,E18 Bridge
HF,50880.0,11.708085598134888,22.6295,22.6338,46953.0,67836.0,Echolocation,Pipistrellus pipistrellus,0.199,0.414,-1,192000.0,/mnt/ubna_data_07/recover-20260219/UBNA_028/20260218_062000.WAV,recover-20260219,UBNA_028,E18 Bridge
HF,54720.0,15.464288774853758,22.7155,22.7191,47812.0,67375.0,Echolocation,Pipistrellus pipistrellus,0.208,0.447,-1,192000.0,/mnt/ubna_data_07/recover-20260219/UBNA_028/20260218_062000.WAV,recover-20260219,UBNA_028,E18 Bridge
HF,54720.0,14.079790230615718,22.7935,22.7991,47812.0,70914.0,Echolocation,Myotis alcathoe,0.243,0.462,-1,192000.0,/mnt/ubna_data_07/recover-20260219/UBNA_028/20260218_062000.WAV,recover-20260219,UBNA_028,E18 Bridge
HF,53760.0,10.56994501806178,22.8855,22.8905,46093.0,66796.0,Echolocation,Pipistrellus pipistrellus,0.196,0.435,-1,192000.0,/mnt/ubna_data_07/recover-20260219/UBNA_028/20260218_062000.WAV,recover-20260219,UBNA_028,E18 Bridge
HF,53760.0,15.981579871774008,22.9755,22.9801,45234.0,77220.0,Echolocation,Myotis alcathoe,0.352,0.482,-1,192000.0,/mnt/ubna_data_07/recover-20260219/UBNA_028/20260218_062000.WAV,recover-20260219,UBNA_028,E18 Bridge
HF,52800.0,16.18467101278148,23.0565,23.062,46093.0,76572.0,Echolocation,Myotis alcathoe,0.272,0.498,-1,192000.0,/mnt/ubna_data_07/recover-20260219/UBNA_028/20260218_062000.WAV,recover-20260219,UBNA_028,E18 Bridge
HF,52800.0,14.341538993168388,23.1435,23.1487,46093.0,77473.0,Echolocation,Myotis alcathoe,0.28,0.476,-1,192000.0,/mnt/ubna_data_07/recover-20260219/UBNA_028/20260218_062000.WAV,recover-20260219,UBNA_028,E18 Bridge
HF,52800.0,15.033088621157995,23.2285,23.2331,46953.0,68211.0,Echolocation,Pipistrellus pipistrellus,0.34,0.418,-1,192000.0,/mnt/ubna_data_07/recover-20260219/UBNA_028/20260218_062000.WAV,recover-20260219,UBNA_028,E18 Bridge
HF,49920.0,16.1357585288795,23.3395,23.3454,46953.0,78679.0,Echolocation,Myotis alcathoe,0.243,0.468,-1,192000.0,/mnt/ubna_data_07/recover-20260219/UBNA_028/20260218_062000.WAV,recover-20260219,UBNA_028,E18 Bridge
HF,49920.0,17.14825936555018,23.4285,23.4332,46093.0,69880.0,Echolocation,Pipistrellus pipistrellus,0.373,0.487,-1,192000.0,/mnt/ubna_data_07/recover-20260219/UBNA_028/20260218_062000.WAV,recover-20260219,UBNA_028,E18 Bridge
HF,52800.0,18.16168779116236,23.5085,23.5139,46953.0,74158.0,Echolocation,Myotis alcathoe,0.262,0.453,-1,192000.0,/mnt/ubna_data_07/recover-20260219/UBNA_028/20260218_062000.WAV,recover-20260219,UBNA_028,E18 Bridge
HF,52800.0,22.917625893316025,23.5925,23.5977,44375.0,85420.0,Echolocation,Myotis alcathoe,0.342,0.432,-1,192000.0,/mnt/ubna_data_07/recover-20260219/UBNA_028/20260218_062000.WAV,recover-20260219,UBNA_028,E18 Bridge
HF,52800.0,19.132208375572837,23.7045,23.7099,47812.0,73868.0,Echolocation,Myotis alcathoe,0.276,0.419,-1,192000.0,/mnt/ubna_data_07/recover-20260219/UBNA_028/20260218_062000.WAV,recover-20260219,UBNA_028,E18 Bridge
HF,48000.0,18.552152269584905,23.7875,23.7929,45234.0,71811.0,Echolocation,Pipistrellus pipistrellus,0.469,0.604,-1,192000.0,/mnt/ubna_data_07/recover-20260219/UBNA_028/20260218_062000.WAV,recover-20260219,UBNA_028,E18 Bridge
HF,48960.0,17.011616430605102,23.8625,23.8673,46093.0,66731.0,Echolocation,Pipistrellus pipistrellus,0.505,0.616,-1,192000.0,/mnt/ubna_data_07/recover-20260219/UBNA_028/20260218_062000.WAV,recover-20260219,UBNA_028,E18 Bridge
HF,52800.0,25.242021529314744,23.9345,23.9402,44375.0,85455.0,Echolocation,Myotis alcathoe,0.307,0.543,-1,192000.0,/mnt/ubna_data_07/recover-20260219/UBNA_028/20260218_062000.WAV,recover-20260219,UBNA_028,E18 Bridge
HF,52800.0,25.63470852463879,24.0435,24.0475,46093.0,73823.0,Echolocation,Pipistrellus pipistrellus,0.241,0.495,-1,192000.0,/mnt/ubna_data_07/recover-20260219/UBNA_028/20260218_062000.WAV,recover-20260219,UBNA_028,E18 Bridge
HF,51840.0,15.663820343809833,24.1395,24.1432,46953.0,70354.0,Echolocation,Pipistrellus pipistrellus,0.339,0.517,-1,192000.0,/mnt/ubna_data_07/recover-20260219/UBNA_028/20260218_062000.WAV,recover-20260219,UBNA_028,E18 Bridge
HF,52800.0,26.92208395907178,24.2225,24.2285,45234.0,76359.0,Echolocation,Myotis alcathoe,0.295,0.589,-1,192000.0,/mnt/ubna_data_07/recover-20260219/UBNA_028/20260218_062000.WAV,recover-20260219,UBNA_028,E18 Bridge
HF,52800.0,20.113381641586386,24.3175,24.322,45234.0,79121.0,Echolocation,Myotis alcathoe,0.341,0.568,-1,192000.0,/mnt/ubna_data_07/recover-20260219/UBNA_028/20260218_062000.WAV,recover-20260219,UBNA_028,E18 Bridge
HF,52800.0,28.13677751810044,24.4015,24.4066,45234.0,83154.0,Echolocation,Myotis alcathoe,0.32,0.538,-1,192000.0,/mnt/ubna_data_07/recover-20260219/UBNA_028/20260218_062000.WAV,recover-20260219,UBNA_028,E18 Bridge
HF,51840.0,24.81867692341897,24.4895,24.4944,45234.0,78586.0,Echolocation,Pipistrellus pipistrellus,0.293,0.564,-1,192000.0,/mnt/ubna_data_07/recover-20260219/UBNA_028/20260218_062000.WAV,recover-20260219,UBNA_028,E18 Bridge
HF,50880.0,27.14114477717281,24.6045,24.6093,45234.0,74069.0,Echolocation,Pipistrellus pipistrellus,0.319,0.435,-1,192000.0,/mnt/ubna_data_07/recover-20260219/UBNA_028/20260218_062000.WAV,recover-20260219,UBNA_028,E18 Bridge
HF,54720.0,22.395142140808325,24.6695,24.6738,46093.0,77808.0,Echolocation,Myotis alcathoe,0.356,0.481,-1,192000.0,/mnt/ubna_data_07/recover-20260219/UBNA_028/20260218_062000.WAV,recover-20260219,UBNA_028,E18 Bridge
HF,52800.0,11.698415687641166,24.7785,24.7826,46953.0,65628.0,Echolocation,Myotis alcathoe,0.218,0.484,-1,192000.0,/mnt/ubna_data_07/recover-20260219/UBNA_028/20260218_062000.WAV,recover-20260219,UBNA_028,E18 Bridge
HF,54720.0,15.98662126959264,24.8515,24.8566,46953.0,67849.0,Echolocation,Pipistrellus pipistrellus,0.255,0.516,-1,192000.0,/mnt/ubna_data_07/recover-20260219/UBNA_028/20260218_062000.WAV,recover-20260219,UBNA_028,E18 Bridge
HF,52800.0,9.290270682007895,24.9265,24.9302,46953.0,68116.0,Echolocation,Myotis alcathoe,0.246,0.39,-1,192000.0,/mnt/ubna_data_07/recover-20260219/UBNA_028/20260218_062000.WAV,recover-20260219,UBNA_028,E18 Bridge
HF,48000.0,8.168210895606117,26.3745,26.3787,46953.0,61101.0,Echolocation,Pipistrellus pipistrellus,0.437,0.51,-1,192000.0,/mnt/ubna_data_07/recover-20260219/UBNA_028/20260218_062000.WAV,recover-20260219,UBNA_028,E18 Bridge
HF,51840.0,11.599683665035013,26.5435,26.5475,46953.0,66378.0,Echolocation,Myotis alcathoe,0.259,0.424,-1,192000.0,/mnt/ubna_data_07/recover-20260219/UBNA_028/20260218_062000.WAV,recover-20260219,UBNA_028,E18 Bridge
HF,55680.0,12.810655229240517,26.6195,26.6238,45234.0,67388.0,Echolocation,Myotis alcathoe,0.265,0.481,-1,192000.0,/mnt/ubna_data_07/recover-20260219/UBNA_028/20260218_062000.WAV,recover-20260219,UBNA_028,E18 Bridge
HF,52800.0,11.208210009944812,26.6885,26.6942,47812.0,57864.0,Echolocation,Pipistrellus pipistrellus,0.196,0.317,-1,192000.0,/mnt/ubna_data_07/recover-20260219/UBNA_028/20260218_062000.WAV,recover-20260219,UBNA_028,E18 Bridge
HF,52800.0,10.722358465771439,26.7735,26.7788,47812.0,63120.0,Echolocation,Myotis alcathoe,0.171,0.417,-1,192000.0,/mnt/ubna_data_07/recover-20260219/UBNA_028/20260218_062000.WAV,recover-20260219,UBNA_028,E18 Bridge
HF,48000.0,15.793156478865189,26.8575,26.8628,45234.0,64652.0,Echolocation,Pipistrellus pipistrellus,0.355,0.584,-1,192000.0,/mnt/ubna_data_07/recover-20260219/UBNA_028/20260218_062000.WAV,recover-20260219,UBNA_028,E18 Bridge
HF,52800.0,13.507883829484035,26.9315,26.9361,45234.0,73305.0,Echolocation,Myotis alcathoe,0.353,0.484,-1,192000.0,/mnt/ubna_data_07/recover-20260219/UBNA_028/20260218_062000.WAV,recover-20260219,UBNA_028,E18 Bridge
HF,52800.0,15.793779589005009,26.9975,27.0021,45234.0,72118.0,Echolocation,Myotis alcathoe,0.303,0.464,-1,192000.0,/mnt/ubna_data_07/recover-20260219/UBNA_028/20260218_062000.WAV,recover-20260219,UBNA_028,E18 Bridge
HF,52800.0,17.71135342893541,27.0705,27.0749,45234.0,65595.0,Echolocation,Pipistrellus pipistrellus,0.235,0.518,-1,192000.0,/mnt/ubna_data_07/recover-20260219/UBNA_028/20260218_062000.WAV,recover-20260219,UBNA_028,E18 Bridge
HF,52800.0,13.758878533459464,27.1405,27.1444,46093.0,71336.0,Echolocation,Myotis alcathoe,0.252,0.374,-1,192000.0,/mnt/ubna_data_07/recover-20260219/UBNA_028/20260218_062000.WAV,recover-20260219,UBNA_028,E18 Bridge
HF,52800.0,9.654369965153082,27.1905,27.1946,46953.0,67445.0,Echolocation,Myotis alcathoe,0.215,0.419,-1,192000.0,/mnt/ubna_data_07/recover-20260219/UBNA_028/20260218_062000.WAV,recover-20260219,UBNA_028,E18 Bridge
HF,52800.0,18.55436313598421,27.3145,27.3187,46953.0,64968.0,Echolocation,Pipistrellus pipistrellus,0.505,0.607,-1,192000.0,/mnt/ubna_data_07/recover-20260219/UBNA_028/20260218_062000.WAV,recover-20260219,UBNA_028,E18 Bridge
HF,52800.0,7.291903998153878,27.3915,27.396,50390.0,62393.0,Echolocation,Pipistrellus pipistrellus,0.306,0.41,-1,192000.0,/mnt/ubna_data_07/recover-20260219/UBNA_028/20260218_062000.WAV,recover-20260219,UBNA_028,E18 Bridge
HF,50880.0,2.025620177282744,27.4725,27.4771,50390.0,59430.0,Echolocation,Pipistrellus pipistrellus,0.272,0.302,-1,192000.0,/mnt/ubna_data_07/recover-20260219/UBNA_028/20260218_062000.WAV,recover-20260219,UBNA_028,E18 Bridge
HF,50880.0,13.226210646847479,27.5485,27.5536,45234.0,67066.0,Echolocation,Pipistrellus pipistrellus,0.188,0.42,-1,192000.0,/mnt/ubna_data_07/recover-20260219/UBNA_028/20260218_062000.WAV,recover-20260219,UBNA_028,E18 Bridge
HF,51840.0,12.765907499605213,27.6275,27.6312,44375.0,69840.0,Echolocation,Myotis alcathoe,0.265,0.417,-1,192000.0,/mnt/ubna_data_07/recover-20260219/UBNA_028/20260218_062000.WAV,recover-20260219,UBNA_028,E18 Bridge
HF,51840.0,13.135970563784849,27.7265,27.7316,43515.0,64655.0,Echolocation,Myotis alcathoe,0.211,0.496,-1,192000.0,/mnt/ubna_data_07/recover-20260219/UBNA_028/20260218_062000.WAV,recover-20260219,UBNA_028,E18 Bridge
HF,52800.0,14.084361943433954,27.8155,27.8204,46093.0,67701.0,Echolocation,Pipistrellus pipistrellus,0.257,0.478,-1,192000.0,/mnt/ubna_data_07/recover-20260219/UBNA_028/20260218_062000.WAV,recover-20260219,UBNA_028,E18 Bridge
HF,50880.0,13.826356055271392,27.8985,27.903,45234.0,74065.0,Echolocation,Myotis alcathoe,0.26,0.386,-1,192000.0,/mnt/ubna_data_07/recover-20260219/UBNA_028/20260218_062000.WAV,recover-20260219,UBNA_028,E18 Bridge
HF,46080.0,9.184855419356907,27.9805,27.9845,45234.0,69327.0,Echolocation,Myotis alcathoe,0.162,0.354,-1,192000.0,/mnt/ubna_data_07/recover-20260219/UBNA_028/20260218_062000.WAV,recover-20260219,UBNA_028,E18 Bridge
HF,48000.0,12.859175607771359,28.0665,28.0715,45234.0,72587.0,Echolocation,Myotis alcathoe,0.25,0.397,-1,192000.0,/mnt/ubna_data_07/recover-20260219/UBNA_028/20260218_062000.WAV,recover-20260219,UBNA_028,E18 Bridge
HF,49920.0,15.213236872774164,28.1525,28.1578,45234.0,73518.0,Echolocation,Pipistrellus pipistrellus,0.289,0.542,-1,192000.0,/mnt/ubna_data_07/recover-20260219/UBNA_028/20260218_062000.WAV,recover-20260219,UBNA_028,E18 Bridge
HF,49920.0,14.166524738365725,28.2275,28.232,44375.0,73664.0,Echolocation,Myotis alcathoe,0.236,0.461,-1,192000.0,/mnt/ubna_data_07/recover-20260219/UBNA_028/20260218_062000.WAV,recover-20260219,UBNA_028,E18 Bridge
HF,51840.0,13.152774452732508,28.3045,28.3088,46953.0,64988.0,Echolocation,Pipistrellus pipistrellus,0.473,0.537,-1,192000.0,/mnt/ubna_data_07/recover-20260219/UBNA_028/20260218_062000.WAV,recover-20260219,UBNA_028,E18 Bridge
HF,52800.0,9.475842823756464,28.3725,28.3765,46093.0,56407.0,Echolocation,Pipistrellus pipistrellus,0.384,0.441,-1,192000.0,/mnt/ubna_data_07/recover-20260219/UBNA_028/20260218_062000.WAV,recover-20260219,UBNA_028,E18 Bridge
HF,49920.0,8.69704165008011,28.6615,28.666,48671.0,58181.0,Echolocation,Pipistrellus pipistrellus,0.426,0.475,-1,192000.0,/mnt/ubna_data_07/recover-20260219/UBNA_028/20260218_062000.WAV,recover-20260219,UBNA_028,E18 Bridge
HF,48000.0,3.0668278126125443,29.4095,29.4141,47812.0,57618.0,Echolocation,Pipistrellus pipistrellus,0.442,0.457,-1,192000.0,/mnt/ubna_data_07/recover-20260219/UBNA_028/20260218_062000.WAV,recover-20260219,UBNA_028,E18 Bridge
HF,51840.0,4.128129425164793,30.1095,30.1181,50390.0,56430.0,Echolocation,Pipistrellus pipistrellus,0.169,0.301,-1,192000.0,/mnt/ubna_data_07/recover-20260219/UBNA_028/20260218_062000.WAV,recover-20260219,UBNA_028,E18 Bridge
HF,52800.0,4.826862564859655,30.6315,30.634900000000002,46093.0,67424.0,Echolocation,Myotis alcathoe,0.125,0.321,-1,192000.0,/mnt/ubna_data_07/recover-20260219/UBNA_028/20260218_062000.WAV,recover-20260219,UBNA_028,E18 Bridge
HF,52800.0,10.662442396641902,30.7135,30.7176,51250.0,64688.0,Echolocation,Pipistrellus pipistrellus,0.363,0.454,-1,192000.0,/mnt/ubna_data_07/recover-20260219/UBNA_028/20260218_062000.WAV,recover-20260219,UBNA_028,E18 Bridge
HF,54720.0,9.477922709787682,30.8005,30.804,47812.0,68090.0,Echolocation,Myotis alcathoe,0.251,0.446,-1,192000.0,/mnt/ubna_data_07/recover-20260219/UBNA_028/20260218_062000.WAV,recover-20260219,UBNA_028,E18 Bridge
HF,51840.0,8.59122912768333,30.8955,30.8998,46953.0,64900.0,Echolocation,Myotis alcathoe,0.236,0.497,-1,192000.0,/mnt/ubna_data_07/recover-20260219/UBNA_028/20260218_062000.WAV,recover-20260219,UBNA_028,E18 Bridge
HF,54720.0,7.095973916796725,30.9865,30.9903,47812.0,65591.0,Echolocation,Myotis alcathoe,0.227,0.465,-1,192000.0,/mnt/ubna_data_07/recover-20260219/UBNA_028/20260218_062000.WAV,recover-20260219,UBNA_028,E18 Bridge
HF,48000.0,8.405684902254203,31.0745,31.0798,46093.0,63969.0,Echolocation,Pipistrellus pipistrellus,0.275,0.504,-1,192000.0,/mnt/ubna_data_07/recover-20260219/UBNA_028/20260218_062000.WAV,recover-20260219,UBNA_028,E18 Bridge
HF,53760.0,10.665918378837901,31.1575,31.1614,46093.0,69089.0,Echolocation,Myotis alcathoe,0.282,0.481,-1,192000.0,/mnt/ubna_data_07/recover-20260219/UBNA_028/20260218_062000.WAV,recover-20260219,UBNA_028,E18 Bridge
HF,48960.0,10.988440182762393,31.2455,31.2506,46093.0,65546.0,Echolocation,Pipistrellus pipistrellus,0.2,0.449,-1,192000.0,/mnt/ubna_data_07/recover-20260219/UBNA_028/20260218_062000.WAV,recover-20260219,UBNA_028,E18 Bridge
HF,51840.0,6.860481122306281,31.3175,31.3211,46953.0,63863.0,Echolocation,Myotis alcathoe,0.15,0.342,-1,192000.0,/mnt/ubna_data_07/recover-20260219/UBNA_028/20260218_062000.WAV,recover-20260219,UBNA_028,E18 Bridge
HF,46080.0,2.659027035551543,31.3985,31.403,46953.0,64995.0,Echolocation,Myotis alcathoe,0.204,0.368,-1,192000.0,/mnt/ubna_data_07/recover-20260219/UBNA_028/20260218_062000.WAV,recover-20260219,UBNA_028,E18 Bridge
HF,46080.0,6.212058904096862,31.4785,31.4826,44375.0,65994.0,Echolocation,Myotis alcathoe,0.225,0.439,-1,192000.0,/mnt/ubna_data_07/recover-20260219/UBNA_028/20260218_062000.WAV,recover-20260219,UBNA_028,E18 Bridge
HF,47040.0,17.497384965400656,31.5565,31.5613,45234.0,73954.0,Echolocation,Myotis alcathoe,0.251,0.536,-1,192000.0,/mnt/ubna_data_07/recover-20260219/UBNA_028/20260218_062000.WAV,recover-20260219,UBNA_028,E18 Bridge
HF,46080.0,9.111479411341637,31.6405,31.6451,45234.0,60874.0,Echolocation,Pipistrellus pipistrellus,0.407,0.55,-1,192000.0,/mnt/ubna_data_07/recover-20260219/UBNA_028/20260218_062000.WAV,recover-20260219,UBNA_028,E18 Bridge
HF,53760.0,7.580825171765141,31.7205,31.7249,45234.0,61917.0,Echolocation,Myotis alcathoe,0.168,0.396,-1,192000.0,/mnt/ubna_data_07/recover-20260219/UBNA_028/20260218_062000.WAV,recover-20260219,UBNA_028,E18 Bridge
HF,53760.0,15.475489259904887,31.8335,31.8381,45234.0,70090.0,Echolocation,Myotis alcathoe,0.241,0.493,-1,192000.0,/mnt/ubna_data_07/recover-20260219/UBNA_028/20260218_062000.WAV,recover-20260219,UBNA_028,E18 Bridge
HF,50880.0,12.094828194055038,31.9155,31.9199,46953.0,76623.0,Echolocation,Myotis alcathoe,0.176,0.324,-1,192000.0,/mnt/ubna_data_07/recover-20260219/UBNA_028/20260218_062000.WAV,recover-20260219,UBNA_028,E18 Bridge
HF,52800.0,10.79352712961835,32.0095,32.0139,46953.0,67902.0,Echolocation,Pipistrellus pipistrellus,0.283,0.491,-1,192000.0,/mnt/ubna_data_07/recover-20260219/UBNA_028/20260218_062000.WAV,recover-20260219,UBNA_028,E18 Bridge
HF,52800.0,8.106439615603097,32.0955,32.0994,45234.0,75599.0,Echolocation,Myotis alcathoe,0.208,0.338,-1,192000.0,/mnt/ubna_data_07/recover-20260219/UBNA_028/20260218_062000.WAV,recover-20260219,UBNA_028,E18 Bridge
HF,52800.0,7.922915832156622,32.1625,32.166,45234.0,70009.0,Echolocation,Myotis alcathoe,0.196,0.308,-1,192000.0,/mnt/ubna_data_07/recover-20260219/UBNA_028/20260218_062000.WAV,recover-20260219,UBNA_028,E18 Bridge
HF,51840.0,7.713150646909284,32.2575,32.2631,50390.0,61128.0,Echolocation,Pipistrellus pipistrellus,0.262,0.303,-1,192000.0,/mnt/ubna_data_07/recover-20260219/UBNA_028/20260218_062000.WAV,recover-20260219,UBNA_028,E18 Bridge
HF,51840.0,16.54388210625665,32.3355,32.3394,44375.0,69487.0,Echolocation,Myotis alcathoe,0.22,0.439,-1,192000.0,/mnt/ubna_data_07/recover-20260219/UBNA_028/20260218_062000.WAV,recover-20260219,UBNA_028,E18 Bridge
HF,51840.0,15.60188316692805,32.4055,32.4109,44375.0,80200.0,Echolocation,Myotis alcathoe,0.267,0.584,-1,192000.0,/mnt/ubna_data_07/recover-20260219/UBNA_028/20260218_062000.WAV,recover-20260219,UBNA_028,E18 Bridge
HF,50880.0,21.236595540969603,32.4815,32.4868,44375.0,88682.0,Echolocation,Myotis alcathoe,0.376,0.504,-1,192000.0,/mnt/ubna_data_07/recover-20260219/UBNA_028/20260218_062000.WAV,recover-20260219,UBNA_028,E18 Bridge
HF,55680.0,19.693823835825903,32.5905,32.5952,45234.0,82357.0,Echolocation,Myotis alcathoe,0.298,0.424,-1,192000.0,/mnt/ubna_data_07/recover-20260219/UBNA_028/20260218_062000.WAV,recover-20260219,UBNA_028,E18 Bridge
HF,50880.0,18.055434859529207,32.6635,32.6682,47812.0,71019.0,Echolocation,Pipistrellus pipistrellus,0.487,0.584,-1,192000.0,/mnt/ubna_data_07/recover-20260219/UBNA_028/20260218_062000.WAV,recover-20260219,UBNA_028,E18 Bridge
HF,54720.0,21.522627581534945,32.7435,32.7483,46953.0,83285.0,Echolocation,Myotis alcathoe,0.341,0.473,-1,192000.0,/mnt/ubna_data_07/recover-20260219/UBNA_028/20260218_062000.WAV,recover-20260219,UBNA_028,E18 Bridge
HF,52800.0,22.733443224797153,32.8235,32.8287,46093.0,82449.0,Echolocation,Myotis alcathoe,0.235,0.495,-1,192000.0,/mnt/ubna_data_07/recover-20260219/UBNA_028/20260218_062000.WAV,recover-20260219,UBNA_028,E18 Bridge
HF,53760.0,18.765121489386466,32.9045,32.9094,45234.0,81072.0,Echolocation,Myotis alcathoe,0.296,0.483,-1,192000.0,/mnt/ubna_data_07/recover-20260219/UBNA_028/20260218_062000.WAV,recover-20260219,UBNA_028,E18 Bridge
HF,52800.0,21.42511500074375,32.9835,32.9891,45234.0,86637.0,Echolocation,Myotis alcathoe,0.337,0.477,-1,192000.0,/mnt/ubna_data_07/recover-20260219/UBNA_028/20260218_062000.WAV,recover-20260219,UBNA_028,E18 Bridge
HF,52800.0,22.36272727750887,33.0825,33.0877,46093.0,82724.0,Echolocation,Myotis alcathoe,0.293,0.446,-1,192000.0,/mnt/ubna_data_07/recover-20260219/UBNA_028/20260218_062000.WAV,recover-20260219,UBNA_028,E18 Bridge
HF,52800.0,22.73349292910284,33.1855,33.1914,45234.0,85903.0,Echolocation,Myotis alcathoe,0.306,0.54,-1,192000.0,/mnt/ubna_data_07/recover-20260219/UBNA_028/20260218_062000.WAV,recover-20260219,UBNA_028,E18 Bridge
HF,52800.0,26.37334680676993,33.2655,33.2703,45234.0,92420.0,Echolocation,Myotis alcathoe,0.415,0.563,-1,192000.0,/mnt/ubna_data_07/recover-20260219/UBNA_028/20260218_062000.WAV,recover-20260219,UBNA_028,E18 Bridge
HF,51840.0,22.662414854594836,33.3465,33.3515,45234.0,84979.0,Echolocation,Myotis alcathoe,0.324,0.59,-1,192000.0,/mnt/ubna_data_07/recover-20260219/UBNA_028/20260218_062000.WAV,recover-20260219,UBNA_028,E18 Bridge
HF,52800.0,28.280894105312075,33.4235,33.4281,45234.0,76236.0,Echolocation,Pipistrellus pipistrellus,0.313,0.578,-1,192000.0,/mnt/ubna_data_07/recover-20260219/UBNA_028/20260218_062000.WAV,recover-20260219,UBNA_028,E18 Bridge
HF,52800.0,30.94159951298736,33.4985,33.5037,45234.0,85849.0,Echolocation,Myotis alcathoe,0.335,0.558,-1,192000.0,/mnt/ubna_data_07/recover-20260219/UBNA_028/20260218_062000.WAV,recover-20260219,UBNA_028,E18 Bridge
HF,52800.0,26.701736790145056,33.5815,33.5874,45234.0,88674.0,Echolocation,Myotis alcathoe,0.256,0.505,-1,192000.0,/mnt/ubna_data_07/recover-20260219/UBNA_028/20260218_062000.WAV,recover-20260219,UBNA_028,E18 Bridge
HF,51840.0,22.533508960217105,33.6855,33.6903,45234.0,83736.0,Echolocation,Myotis alcathoe,0.332,0.584,-1,192000.0,/mnt/ubna_data_07/recover-20260219/UBNA_028/20260218_062000.WAV,recover-20260219,UBNA_028,E18 Bridge
HF,51840.0,31.076367870890568,33.7645,33.7696,45234.0,74871.0,Echolocation,Pipistrellus pipistrellus,0.435,0.588,-1,192000.0,/mnt/ubna_data_07/recover-20260219/UBNA_028/20260218_062000.WAV,recover-20260219,UBNA_028,E18 Bridge
HF,51840.0,27.527107149216864,33.8495,33.8548,45234.0,74004.0,Echolocation,Pipistrellus pipistrellus,0.57,0.707,-1,192000.0,/mnt/ubna_data_07/recover-20260219/UBNA_028/20260218_062000.WAV,recover-20260219,UBNA_028,E18 Bridge
HF,54720.0,17.749740823889898,33.9245,33.9286,46093.0,73587.0,Echolocation,Myotis alcathoe,0.339,0.528,-1,192000.0,/mnt/ubna_data_07/recover-20260219/UBNA_028/20260218_062000.WAV,recover-20260219,UBNA_028,E18 Bridge
HF,53760.0,7.618809614060675,34.0045,34.0096,51250.0,57834.0,Echolocation,Pipistrellus pipistrellus,0.246,0.417,-1,192000.0,/mnt/ubna_data_07/recover-20260219/UBNA_028/20260218_062000.WAV,recover-20260219,UBNA_028,E18 Bridge
HF,51840.0,8.411045073362265,34.158500000000004,34.1642,46093.0,63949.0,Echolocation,Myotis alcathoe,0.136,0.409,-1,192000.0,/mnt/ubna_data_07/recover-20260219/UBNA_028/20260218_062000.WAV,recover-20260219,UBNA_028,E18 Bridge
HF,51840.0,7.425726244759511,35.716499999999996,35.7205,46953.0,63586.0,Echolocation,Pipistrellus pipistrellus,0.327,0.463,-1,192000.0,/mnt/ubna_data_07/recover-20260219/UBNA_028/20260218_062000.WAV,recover-20260219,UBNA_028,E18 Bridge
HF,52800.0,8.042362870957266,36.0665,36.0712,49531.0,59512.0,Echolocation,Pipistrellus pipistrellus,0.173,0.331,-1,192000.0,/mnt/ubna_data_07/recover-20260219/UBNA_028/20260218_062000.WAV,recover-20260219,UBNA_028,E18 Bridge
HF,52800.0,7.881427213520923,36.1395,36.1434,48671.0,57753.0,Echolocation,Pipistrellus pipistrellus,0.349,0.4,-1,192000.0,/mnt/ubna_data_07/recover-20260219/UBNA_028/20260218_062000.WAV,recover-20260219,UBNA_028,E18 Bridge
HF,52800.0,6.689936656414611,36.2635,36.2682,47812.0,58536.0,Echolocation,Pipistrellus pipistrellus,0.278,0.366,-1,192000.0,/mnt/ubna_data_07/recover-20260219/UBNA_028/20260218_062000.WAV,recover-20260219,UBNA_028,E18 Bridge
HF,51840.0,7.198644770047782,36.3855,36.3907,47812.0,62085.0,Echolocation,Pipistrellus pipistrellus,0.432,0.504,-1,192000.0,/mnt/ubna_data_07/recover-20260219/UBNA_028/20260218_062000.WAV,recover-20260219,UBNA_028,E18 Bridge
HF,52800.0,8.105231777165905,36.4935,36.4983,52109.0,62557.0,Echolocation,Pipistrellus pygmaeus,0.32,0.36,-1,192000.0,/mnt/ubna_data_07/recover-20260219/UBNA_028/20260218_062000.WAV,recover-20260219,UBNA_028,E18 Bridge
HF,48960.0,13.654709377888734,36.6655,36.6711,45234.0,57122.0,Echolocation,Pipistrellus pipistrellus,0.497,0.533,-1,192000.0,/mnt/ubna_data_07/recover-20260219/UBNA_028/20260218_062000.WAV,recover-20260219,UBNA_028,E18 Bridge
HF,48000.0,9.062308821376018,36.7385,36.7438,46093.0,56167.0,Echolocation,Pipistrellus pipistrellus,0.397,0.422,-1,192000.0,/mnt/ubna_data_07/recover-20260219/UBNA_028/20260218_062000.WAV,recover-20260219,UBNA_028,E18 Bridge
HF,52800.0,8.70562992047417,36.8475,36.8517,48671.0,61866.0,Echolocation,Pipistrellus pipistrellus,0.424,0.486,-1,192000.0,/mnt/ubna_data_07/recover-20260219/UBNA_028/20260218_062000.WAV,recover-20260219,UBNA_028,E18 Bridge
HF,49920.0,11.885406875132393,36.9365,36.9413,47812.0,59298.0,Echolocation,Pipistrellus pipistrellus,0.463,0.543,-1,192000.0,/mnt/ubna_data_07/recover-20260219/UBNA_028/20260218_062000.WAV,recover-20260219,UBNA_028,E18 Bridge
HF,49920.0,15.274405700558367,37.0305,37.0346,46953.0,59511.0,Echolocation,Pipistrellus pipistrellus,0.472,0.517,-1,192000.0,/mnt/ubna_data_07/recover-20260219/UBNA_028/20260218_062000.WAV,recover-20260219,UBNA_028,E18 Bridge
HF,51840.0,11.754874127029815,37.2235,37.229,44375.0,60117.0,Echolocation,Pipistrellus pipistrellus,0.489,0.621,-1,192000.0,/mnt/ubna_data_07/recover-20260219/UBNA_028/20260218_062000.WAV,recover-20260219,UBNA_028,E18 Bridge
HF,47040.0,9.120851553819298,37.3185,37.3235,43515.0,56647.0,Echolocation,Pipistrellus pipistrellus,0.462,0.547,-1,192000.0,/mnt/ubna_data_07/recover-20260219/UBNA_028/20260218_062000.WAV,recover-20260219,UBNA_028,E18 Bridge
HF,51840.0,8.307978211246919,37.4095,37.4151,46093.0,59893.0,Echolocation,Pipistrellus pipistrellus,0.449,0.529,-1,192000.0,/mnt/ubna_data_07/recover-20260219/UBNA_028/20260218_062000.WAV,recover-20260219,UBNA_028,E18 Bridge
HF,46080.0,12.147282609260767,37.4975,37.5027,44375.0,58523.0,Echolocation,Pipistrellus pipistrellus,0.459,0.502,-1,192000.0,/mnt/ubna_data_07/recover-20260219/UBNA_028/20260218_062000.WAV,recover-20260219,UBNA_028,E18 Bridge
HF,46080.0,12.54442419367093,37.6095,37.6142,46093.0,61957.0,Echolocation,Pipistrellus pipistrellus,0.569,0.65,-1,192000.0,/mnt/ubna_data_07/recover-20260219/UBNA_028/20260218_062000.WAV,recover-20260219,UBNA_028,E18 Bridge
HF,49920.0,12.65415700809604,37.7095,37.7141,46093.0,56422.0,Echolocation,Pipistrellus pipistrellus,0.491,0.508,-1,192000.0,/mnt/ubna_data_07/recover-20260219/UBNA_028/20260218_062000.WAV,recover-20260219,UBNA_028,E18 Bridge
HF,48000.0,2.1448894605934035,37.8035,37.8088,45234.0,53799.0,Echolocation,Pipistrellus pipistrellus,0.314,0.333,-1,192000.0,/mnt/ubna_data_07/recover-20260219/UBNA_028/20260218_062000.WAV,recover-20260219,UBNA_028,E18 Bridge
HF,48000.0,9.192254420656914,37.9015,37.9067,45234.0,57864.0,Echolocation,Pipistrellus pipistrellus,0.417,0.48,-1,192000.0,/mnt/ubna_data_07/recover-20260219/UBNA_028/20260218_062000.WAV,recover-20260219,UBNA_028,E18 Bridge
HF,47040.0,8.369867058231081,39.0445,39.0492,45234.0,54365.0,Echolocation,Pipistrellus pipistrellus,0.415,0.45,-1,192000.0,/mnt/ubna_data_07/recover-20260219/UBNA_028/20260218_062000.WAV,recover-20260219,UBNA_028,E18 Bridge
HF,51840.0,7.281689319486363,39.3455,39.350899999999996,51250.0,57476.0,Echolocation,Pipistrellus pygmaeus,0.263,0.339,-1,192000.0,/mnt/ubna_data_07/recover-20260219/UBNA_028/20260218_062000.WAV,recover-20260219,UBNA_028,E18 Bridge
HF,51840.0,5.605880013021358,39.4305,39.4356,50390.0,57329.0,Echolocation,Pipistrellus pipistrellus,0.311,0.423,-1,192000.0,/mnt/ubna_data_07/recover-20260219/UBNA_028/20260218_062000.WAV,recover-20260219,UBNA_028,E18 Bridge
HF,52800.0,10.657145326952215,39.5175,39.522,51250.0,62147.0,Echolocation,Pipistrellus pygmaeus,0.183,0.399,-1,192000.0,/mnt/ubna_data_07/recover-20260219/UBNA_028/20260218_062000.WAV,recover-20260219,UBNA_028,E18 Bridge
HF,51840.0,6.728433096921056,39.5975,39.6013,43515.0,66020.0,Echolocation,Myotis alcathoe,0.134,0.309,-1,192000.0,/mnt/ubna_data_07/recover-20260219/UBNA_028/20260218_062000.WAV,recover-20260219,UBNA_028,E18 Bridge
HF,52800.0,8.946786363879774,39.673500000000004,39.6759,49531.0,66167.0,Echolocation,Myotis alcathoe,0.17,0.337,-1,192000.0,/mnt/ubna_data_07/recover-20260219/UBNA_028/20260218_062000.WAV,recover-20260219,UBNA_028,E18 Bridge
HF,51840.0,10.122993654273513,39.7585,39.7613,50390.0,68744.0,Echolocation,Pipistrellus pipistrellus,0.297,0.481,-1,192000.0,/mnt/ubna_data_07/recover-20260219/UBNA_028/20260218_062000.WAV,recover-20260219,UBNA_028,E18 Bridge
HF,52800.0,9.261732763403806,39.8455,39.8505,44375.0,64297.0,Echolocation,Myotis alcathoe,0.228,0.456,-1,192000.0,/mnt/ubna_data_07/recover-20260219/UBNA_028/20260218_062000.WAV,recover-20260219,UBNA_028,E18 Bridge
HF,51840.0,14.146892363383001,39.9715,39.9758,50390.0,63878.0,Echolocation,Pipistrellus pipistrellus,0.207,0.354,-1,192000.0,/mnt/ubna_data_07/recover-20260219/UBNA_028/20260218_062000.WAV,recover-20260219,UBNA_028,E18 Bridge
HF,51840.0,11.691501583940918,39.9715,39.9756,43515.0,68851.0,Echolocation,Myotis alcathoe,0.158,0.335,-1,192000.0,/mnt/ubna_data_07/recover-20260219/UBNA_028/20260218_062000.WAV,recover-20260219,UBNA_028,E18 Bridge
HF,46080.0,7.988119103817095,40.0585,40.0629,45234.0,65916.0,Echolocation,Pipistrellus pipistrellus,0.41,0.485,-1,192000.0,/mnt/ubna_data_07/recover-20260219/UBNA_028/20260218_062000.WAV,recover-20260219,UBNA_028,E18 Bridge
HF,46080.0,10.505644561686516,40.1445,40.1492,44375.0,82306.0,Echolocation,Myotis alcathoe,0.302,0.523,-1,192000.0,/mnt/ubna_data_07/recover-20260219/UBNA_028/20260218_062000.WAV,recover-20260219,UBNA_028,E18 Bridge
HF,55680.0,11.520131931490898,40.2315,40.2356,45234.0,78828.0,Echolocation,Myotis alcathoe,0.328,0.485,-1,192000.0,/mnt/ubna_data_07/recover-20260219/UBNA_028/20260218_062000.WAV,recover-20260219,UBNA_028,E18 Bridge
HF,50880.0,8.62352971323568,40.3275,40.3317,50390.0,62362.0,Echolocation,Pipistrellus pipistrellus,0.319,0.351,-1,192000.0,/mnt/ubna_data_07/recover-20260219/UBNA_028/20260218_062000.WAV,recover-20260219,UBNA_028,E18 Bridge
HF,50880.0,17.056716801715947,40.4095,40.4141,50390.0,70000.0,Echolocation,Pipistrellus pipistrellus,0.505,0.558,-1,192000.0,/mnt/ubna_data_07/recover-20260219/UBNA_028/20260218_062000.WAV,recover-20260219,UBNA_028,E18 Bridge
HF,51840.0,7.869329289535009,40.4765,40.481899999999996,49531.0,71419.0,Echolocation,Pipistrellus pipistrellus,0.209,0.369,-1,192000.0,/mnt/ubna_data_07/recover-20260219/UBNA_028/20260218_062000.WAV,recover-20260219,UBNA_028,E18 Bridge
HF,51840.0,15.033809890773151,40.5865,40.5909,50390.0,64824.0,Echolocation,Pipistrellus pipistrellus,0.499,0.546,-1,192000.0,/mnt/ubna_data_07/recover-20260219/UBNA_028/20260218_062000.WAV,recover-20260219,UBNA_028,E18 Bridge
HF,50880.0,13.876059538118641,40.6695,40.6744,47812.0,77838.0,Echolocation,Myotis alcathoe,0.224,0.353,-1,192000.0,/mnt/ubna_data_07/recover-20260219/UBNA_028/20260218_062000.WAV,recover-20260219,UBNA_028,E18 Bridge
HF,52800.0,16.4143325459932,40.783500000000004,40.7882,46953.0,68368.0,Echolocation,Pipistrellus pipistrellus,0.403,0.508,-1,192000.0,/mnt/ubna_data_07/recover-20260219/UBNA_028/20260218_062000.WAV,recover-20260219,UBNA_028,E18 Bridge
HF,54720.0,21.37610171389494,40.8695,40.8739,46093.0,69615.0,Echolocation,Pipistrellus pipistrellus,0.52,0.589,-1,192000.0,/mnt/ubna_data_07/recover-20260219/UBNA_028/20260218_062000.WAV,recover-20260219,UBNA_028,E18 Bridge
HF,53760.0,16.510905041589332,40.9535,40.9581,47812.0,80448.0,Echolocation,Pipistrellus pipistrellus,0.316,0.487,-1,192000.0,/mnt/ubna_data_07/recover-20260219/UBNA_028/20260218_062000.WAV,recover-20260219,UBNA_028,E18 Bridge
HF,52800.0,13.004033787861225,41.0405,41.0448,48671.0,68991.0,Echolocation,Pipistrellus pipistrellus,0.57,0.626,-1,192000.0,/mnt/ubna_data_07/recover-20260219/UBNA_028/20260218_062000.WAV,recover-20260219,UBNA_028,E18 Bridge
HF,54720.0,24.90579400133141,41.1545,41.1593,46093.0,75240.0,Echolocation,Pipistrellus pipistrellus,0.462,0.525,-1,192000.0,/mnt/ubna_data_07/recover-20260219/UBNA_028/20260218_062000.WAV,recover-20260219,UBNA_028,E18 Bridge
HF,53760.0,22.500205024148944,41.2365,41.2418,45234.0,85643.0,Echolocation,Myotis alcathoe,0.31,0.437,-1,192000.0,/mnt/ubna_data_07/recover-20260219/UBNA_028/20260218_062000.WAV,recover-20260219,UBNA_028,E18 Bridge
HF,55680.0,19.757655567772417,41.326499999999996,41.3309,46093.0,69530.0,Echolocation,Pipistrellus pipistrellus,0.432,0.512,-1,192000.0,/mnt/ubna_data_07/recover-20260219/UBNA_028/20260218_062000.WAV,recover-20260219,UBNA_028,E18 Bridge
HF,53760.0,25.64661692435159,41.4075,41.4124,46093.0,78808.0,Echolocation,Pipistrellus pipistrellus,0.383,0.475,-1,192000.0,/mnt/ubna_data_07/recover-20260219/UBNA_028/20260218_062000.WAV,recover-20260219,UBNA_028,E18 Bridge
HF,55680.0,24.371752800007922,41.4865,41.4918,46093.0,80719.0,Echolocation,Pipistrellus pipistrellus,0.36,0.509,-1,192000.0,/mnt/ubna_data_07/recover-20260219/UBNA_028/20260218_062000.WAV,recover-20260219,UBNA_028,E18 Bridge
HF,48960.0,24.695300048530342,41.6305,41.635999999999996,46093.0,74427.0,Echolocation,Pipistrellus pipistrellus,0.474,0.584,-1,192000.0,/mnt/ubna_data_07/recover-20260219/UBNA_028/20260218_062000.WAV,recover-20260219,UBNA_028,E18 Bridge
HF,53760.0,22.99992711323278,41.7375,41.7433,45234.0,81364.0,Echolocation,Pipistrellus pipistrellus,0.29,0.538,-1,192000.0,/mnt/ubna_data_07/recover-20260219/UBNA_028/20260218_062000.WAV,recover-20260219,UBNA_028,E18 Bridge
HF,52800.0,23.107116706101387,41.8275,41.8322,46953.0,72213.0,Echolocation,Pipistrellus pipistrellus,0.508,0.584,-1,192000.0,/mnt/ubna_data_07/recover-20260219/UBNA_028/20260218_062000.WAV,recover-20260219,UBNA_028,E18 Bridge
HF,52800.0,30.808552788929827,41.960499999999996,41.966,45234.0,74099.0,Echolocation,Pipistrellus pipistrellus,0.575,0.69,-1,192000.0,/mnt/ubna_data_07/recover-20260219/UBNA_028/20260218_062000.WAV,recover-20260219,UBNA_028,E18 Bridge
HF,48000.0,24.849086948031616,42.0495,42.0554,43515.0,74205.0,Echolocation,Pipistrellus pipistrellus,0.371,0.645,-1,192000.0,/mnt/ubna_data_07/recover-20260219/UBNA_028/20260218_062000.WAV,recover-20260219,UBNA_028,E18 Bridge
HF,51840.0,30.230524176163087,42.1355,42.1405,43515.0,79398.0,Echolocation,Myotis alcathoe,0.286,0.546,-1,192000.0,/mnt/ubna_data_07/recover-20260219/UBNA_028/20260218_062000.WAV,recover-20260219,UBNA_028,E18 Bridge
HF,52800.0,30.71898125818727,42.2255,42.2313,45234.0,70712.0,Echolocation,Pipistrellus pipistrellus,0.413,0.647,-1,192000.0,/mnt/ubna_data_07/recover-20260219/UBNA_028/20260218_062000.WAV,recover-20260219,UBNA_028,E18 Bridge
HF,54720.0,15.404610409306244,42.3075,42.3121,47812.0,65977.0,Echolocation,Pipistrellus pipistrellus,0.396,0.514,-1,192000.0,/mnt/ubna_data_07/recover-20260219/UBNA_028/20260218_062000.WAV,recover-20260219,UBNA_028,E18 Bridge
HF,54720.0,15.631255577513203,42.3775,42.3821,46093.0,61391.0,Echolocation,Pipistrellus pipistrellus,0.619,0.689,-1,192000.0,/mnt/ubna_data_07/recover-20260219/UBNA_028/20260218_062000.WAV,recover-20260219,UBNA_028,E18 Bridge
HF,48000.0,6.3165844648628315,42.4725,42.477000000000004,46953.0,60199.0,Echolocation,Pipistrellus pipistrellus,0.505,0.557,-1,192000.0,/mnt/ubna_data_07/recover-20260219/UBNA_028/20260218_062000.WAV,recover-20260219,UBNA_028,E18 Bridge
HF,53760.0,7.946349353338907,42.5245,42.5283,46093.0,63568.0,Echolocation,Pipistrellus pipistrellus,0.137,0.456,-1,192000.0,/mnt/ubna_data_07/recover-20260219/UBNA_028/20260218_062000.WAV,recover-20260219,UBNA_028,E18 Bridge
HF,51840.0,16.076297529019037,42.6045,42.6092,46093.0,61484.0,Echolocation,Pipistrellus pipistrellus,0.357,0.566,-1,192000.0,/mnt/ubna_data_07/recover-20260219/UBNA_028/20260218_062000.WAV,recover-20260219,UBNA_028,E18 Bridge
HF,48000.0,6.151606379238139,42.6855,42.6897,46953.0,56810.0,Echolocation,Pipistrellus pipistrellus,0.477,0.554,-1,192000.0,/mnt/ubna_data_07/recover-20260219/UBNA_028/20260218_062000.WAV,recover-20260219,UBNA_028,E18 Bridge
HF,51840.0,4.356841853291949,42.7665,42.7706,47812.0,57053.0,Echolocation,Pipistrellus pipistrellus,0.367,0.402,-1,192000.0,/mnt/ubna_data_07/recover-20260219/UBNA_028/20260218_062000.WAV,recover-20260219,UBNA_028,E18 Bridge
HF,51840.0,11.161001901432456,42.9895,42.9935,45234.0,60469.0,Echolocation,Pipistrellus pipistrellus,0.232,0.483,-1,192000.0,/mnt/ubna_data_07/recover-20260219/UBNA_028/20260218_062000.WAV,recover-20260219,UBNA_028,E18 Bridge
HF,46080.0,3.5757007973815442,43.548500000000004,43.552099999999996,45234.0,60365.0,Echolocation,Pipistrellus pipistrellus,0.156,0.383,-1,192000.0,/mnt/ubna_data_07/recover-20260219/UBNA_028/20260218_062000.WAV,recover-20260219,UBNA_028,E18 Bridge
HF,54720.0,4.620338219517524,43.7765,43.7802,46953.0,60476.0,Echolocation,Pipistrellus pipistrellus,0.211,0.38,-1,192000.0,/mnt/ubna_data_07/recover-20260219/UBNA_028/20260218_062000.WAV,recover-20260219,UBNA_028,E18 Bridge
HF,55680.0,5.48497578944108,43.8275,43.8318,54687.0,61387.0,Echolocation,Pipistrellus pygmaeus,0.416,0.431,-1,192000.0,/mnt/ubna_data_07/recover-20260219/UBNA_028/20260218_062000.WAV,recover-20260219,UBNA_028,E18 Bridge
HF,55680.0,7.5186034576082585,43.8905,43.894,45234.0,62810.0,Echolocation,Myotis alcathoe,0.141,0.383,-1,192000.0,/mnt/ubna_data_07/recover-20260219/UBNA_028/20260218_062000.WAV,recover-20260219,UBNA_028,E18 Bridge
HF,51840.0,4.223691564014793,43.9535,43.9566,47812.0,61191.0,Echolocation,Myotis alcathoe,0.177,0.375,-1,192000.0,/mnt/ubna_data_07/recover-20260219/UBNA_028/20260218_062000.WAV,recover-20260219,UBNA_028,E18 Bridge
HF,52800.0,13.678728572512036,44.0305,44.0351,46093.0,63287.0,Echolocation,Pipistrellus pipistrellus,0.228,0.477,-1,192000.0,/mnt/ubna_data_07/recover-20260219/UBNA_028/20260218_062000.WAV,recover-20260219,UBNA_028,E18 Bridge
HF,52800.0,12.647164114429337,44.1745,44.1788,44375.0,59914.0,Echolocation,Pipistrellus pipistrellus,0.248,0.466,-1,192000.0,/mnt/ubna_data_07/recover-20260219/UBNA_028/20260218_062000.WAV,recover-20260219,UBNA_028,E18 Bridge
HF,52800.0,8.62659713185473,44.2455,44.2495,44375.0,65842.0,Echolocation,Myotis alcathoe,0.159,0.32,-1,192000.0,/mnt/ubna_data_07/recover-20260219/UBNA_028/20260218_062000.WAV,recover-20260219,UBNA_028,E18 Bridge
HF,52800.0,7.6106348691717285,44.2995,44.3038,47812.0,60979.0,Echolocation,Pipistrellus pipistrellus,0.283,0.397,-1,192000.0,/mnt/ubna_data_07/recover-20260219/UBNA_028/20260218_062000.WAV,recover-20260219,UBNA_028,E18 Bridge
HF,49920.0,9.810267561394506,44.7915,44.7949,48671.0,58308.0,Echolocation,Pipistrellus pipistrellus,0.46,0.516,-1,192000.0,/mnt/ubna_data_07/recover-20260219/UBNA_028/20260218_062000.WAV,recover-20260219,UBNA_028,E18 Bridge
HF,50880.0,4.270722814882018,44.8815,44.887,49531.0,57341.0,Echolocation,Pipistrellus pipistrellus,0.406,0.449,-1,192000.0,/mnt/ubna_data_07/recover-20260219/UBNA_028/20260218_062000.WAV,recover-20260219,UBNA_028,E18 Bridge
HF,52800.0,11.096017971082714,45.1145,45.119,46093.0,60870.0,Echolocation,Pipistrellus pipistrellus,0.441,0.563,-1,192000.0,/mnt/ubna_data_07/recover-20260219/UBNA_028/20260218_062000.WAV,recover-20260219,UBNA_028,E18 Bridge
HF,52800.0,6.64631042599615,45.1935,45.1971,45234.0,64104.0,Echolocation,Myotis alcathoe,0.188,0.345,-1,192000.0,/mnt/ubna_data_07/recover-20260219/UBNA_028/20260218_062000.WAV,recover-20260219,UBNA_028,E18 Bridge
HF,52800.0,11.073941029151195,45.2755,45.2804,44375.0,60580.0,Echolocation,Pipistrellus pipistrellus,0.339,0.554,-1,192000.0,/mnt/ubna_data_07/recover-20260219/UBNA_028/20260218_062000.WAV,recover-20260219,UBNA_028,E18 Bridge
HF,51840.0,15.614113999566568,45.4395,45.4432,45234.0,60835.0,Echolocation,Pipistrellus pipistrellus,0.199,0.396,-1,192000.0,/mnt/ubna_data_07/recover-20260219/UBNA_028/20260218_062000.WAV,recover-20260219,UBNA_028,E18 Bridge
HF,47040.0,13.385953847143151,45.5265,45.530699999999996,46953.0,59217.0,Echolocation,Pipistrellus pipistrellus,0.55,0.615,-1,192000.0,/mnt/ubna_data_07/recover-20260219/UBNA_028/20260218_062000.WAV,recover-20260219,UBNA_028,E18 Bridge
HF,49920.0,9.801773486514907,45.6095,45.6143,46953.0,61205.0,Echolocation,Pipistrellus pipistrellus,0.375,0.497,-1,192000.0,/mnt/ubna_data_07/recover-20260219/UBNA_028/20260218_062000.WAV,recover-20260219,UBNA_028,E18 Bridge
HF,51840.0,16.31692053893375,45.7725,45.777100000000004,45234.0,63519.0,Echolocation,Pipistrellus pipistrellus,0.324,0.517,-1,192000.0,/mnt/ubna_data_07/recover-20260219/UBNA_028/20260218_062000.WAV,recover-20260219,UBNA_028,E18 Bridge
HF,51840.0,7.577487735328241,45.8535,45.8576,45234.0,61387.0,Echolocation,Pipistrellus pipistrellus,0.145,0.432,-1,192000.0,/mnt/ubna_data_07/recover-20260219/UBNA_028/20260218_062000.WAV,recover-20260219,UBNA_028,E18 Bridge
HF,51840.0,11.94607098215025,45.9385,45.9433,46093.0,61807.0,Echolocation,Pipistrellus pipistrellus,0.337,0.545,-1,192000.0,/mnt/ubna_data_07/recover-20260219/UBNA_028/20260218_062000.WAV,recover-20260219,UBNA_028,E18 Bridge
HF,51840.0,17.918992982085523,46.0175,46.0226,45234.0,74333.0,Echolocation,Myotis alcathoe,0.309,0.499,-1,192000.0,/mnt/ubna_data_07/recover-20260219/UBNA_028/20260218_062000.WAV,recover-20260219,UBNA_028,E18 Bridge
HF,47040.0,9.302821358836862,46.0875,46.091899999999995,46093.0,66904.0,Echolocation,Myotis alcathoe,0.217,0.43,-1,192000.0,/mnt/ubna_data_07/recover-20260219/UBNA_028/20260218_062000.WAV,recover-20260219,UBNA_028,E18 Bridge
HF,52800.0,9.185490842808498,46.1655,46.1689,46953.0,66168.0,Echolocation,Myotis alcathoe,0.276,0.461,-1,192000.0,/mnt/ubna_data_07/recover-20260219/UBNA_028/20260218_062000.WAV,recover-20260219,UBNA_028,E18 Bridge
HF,52800.0,14.000365004892323,46.2415,46.2461,46093.0,63882.0,Echolocation,Pipistrellus pipistrellus,0.196,0.428,-1,192000.0,/mnt/ubna_data_07/recover-20260219/UBNA_028/20260218_062000.WAV,recover-20260219,UBNA_028,E18 Bridge
HF,52800.0,6.534439884233791,46.316500000000005,46.3202,46953.0,65109.0,Echolocation,Myotis alcathoe,0.186,0.426,-1,192000.0,/mnt/ubna_data_07/recover-20260219/UBNA_028/20260218_062000.WAV,recover-20260219,UBNA_028,E18 Bridge
HF,51840.0,9.66763044377882,46.5375,46.5417,46953.0,69478.0,Echolocation,Myotis alcathoe,0.235,0.366,-1,192000.0,/mnt/ubna_data_07/recover-20260219/UBNA_028/20260218_062000.WAV,recover-20260219,UBNA_028,E18 Bridge
HF,53760.0,13.350876861050944,46.6015,46.6048,52109.0,69440.0,Echolocation,Pipistrellus pipistrellus,0.403,0.57,-1,192000.0,/mnt/ubna_data_07/recover-20260219/UBNA_028/20260218_062000.WAV,recover-20260219,UBNA_028,E18 Bridge
HF,53760.0,12.415337582292503,46.6605,46.664500000000004,48671.0,76447.0,Echolocation,Myotis alcathoe,0.248,0.361,-1,192000.0,/mnt/ubna_data_07/recover-20260219/UBNA_028/20260218_062000.WAV,recover-20260219,UBNA_028,E18 Bridge
HF,55680.0,8.736211797667647,46.7535,46.7569,51250.0,69047.0,Echolocation,Myotis alcathoe,0.23,0.491,-1,192000.0,/mnt/ubna_data_07/recover-20260219/UBNA_028/20260218_062000.WAV,recover-20260219,UBNA_028,E18 Bridge
HF,54720.0,5.08039537938898,46.7935,46.7962,51250.0,67806.0,Echolocation,Myotis alcathoe,0.131,0.305,-1,192000.0,/mnt/ubna_data_07/recover-20260219/UBNA_028/20260218_062000.WAV,recover-20260219,UBNA_028,E18 Bridge
HF,54720.0,8.35570386426565,46.826499999999996,46.829499999999996,51250.0,69404.0,Echolocation,Myotis alcathoe,0.2,0.409,-1,192000.0,/mnt/ubna_data_07/recover-20260219/UBNA_028/20260218_062000.WAV,recover-20260219,UBNA_028,E18 Bridge
HF,51840.0,5.716800775944341,46.8595,46.8638,51250.0,64516.0,Echolocation,Pipistrellus pipistrellus,0.205,0.349,-1,192000.0,/mnt/ubna_data_07/recover-20260219/UBNA_028/20260218_062000.WAV,recover-20260219,UBNA_028,E18 Bridge
HF,53760.0,9.335608781820197,47.2375,47.2411,50390.0,63546.0,Echolocation,Pipistrellus pipistrellus,0.254,0.336,-1,192000.0,/mnt/ubna_data_07/recover-20260219/UBNA_028/20260218_062000.WAV,recover-20260219,UBNA_028,E18 Bridge
HF,49920.0,9.143936415556524,47.320499999999996,47.324,47812.0,69867.0,Echolocation,Myotis alcathoe,0.268,0.441,-1,192000.0,/mnt/ubna_data_07/recover-20260219/UBNA_028/20260218_062000.WAV,recover-20260219,UBNA_028,E18 Bridge
HF,52800.0,11.770443667730506,47.4315,47.435199999999995,46953.0,64626.0,Echolocation,Pipistrellus pipistrellus,0.234,0.424,-1,192000.0,/mnt/ubna_data_07/recover-20260219/UBNA_028/20260218_062000.WAV,recover-20260219,UBNA_028,E18 Bridge
HF,47040.0,16.18433681507508,47.5285,47.5322,46093.0,60809.0,Echolocation,Pipistrellus pipistrellus,0.288,0.433,-1,192000.0,/mnt/ubna_data_07/recover-20260219/UBNA_028/20260218_062000.WAV,recover-20260219,UBNA_028,E18 Bridge
HF,47040.0,12.843022099182758,47.6175,47.6214,45234.0,70289.0,Echolocation,Myotis alcathoe,0.224,0.397,-1,192000.0,/mnt/ubna_data_07/recover-20260219/UBNA_028/20260218_062000.WAV,recover-20260219,UBNA_028,E18 Bridge
HF,46080.0,18.853548678267092,47.7025,47.707300000000004,45234.0,65899.0,Echolocation,Pipistrellus pipistrellus,0.499,0.641,-1,192000.0,/mnt/ubna_data_07/recover-20260219/UBNA_028/20260218_062000.WAV,recover-20260219,UBNA_028,E18 Bridge
HF,49920.0,15.97770241578332,47.7795,47.7847,45234.0,70747.0,Echolocation,Myotis alcathoe,0.275,0.482,-1,192000.0,/mnt/ubna_data_07/recover-20260219/UBNA_028/20260218_062000.WAV,recover-20260219,UBNA_028,E18 Bridge
HF,49920.0,17.013993283557713,47.8705,47.8746,46953.0,67016.0,Echolocation,Pipistrellus pipistrellus,0.475,0.576,-1,192000.0,/mnt/ubna_data_07/recover-20260219/UBNA_028/20260218_062000.WAV,recover-20260219,UBNA_028,E18 Bridge
HF,48000.0,9.196516940279242,47.951499999999996,47.9561,45234.0,63657.0,Echolocation,Pipistrellus pipistrellus,0.202,0.437,-1,192000.0,/mnt/ubna_data_07/recover-20260219/UBNA_028/20260218_062000.WAV,recover-20260219,UBNA_028,E18 Bridge
HF,51840.0,17.512830167570502,48.0625,48.066900000000004,46953.0,66590.0,Echolocation,Pipistrellus pipistrellus,0.322,0.46,-1,192000.0,/mnt/ubna_data_07/recover-20260219/UBNA_028/20260218_062000.WAV,recover-20260219,UBNA_028,E18 Bridge
HF,46080.0,15.902978768275588,48.1515,48.1563,43515.0,66146.0,Echolocation,Myotis alcathoe,0.242,0.49,-1,192000.0,/mnt/ubna_data_07/recover-20260219/UBNA_028/20260218_062000.WAV,recover-20260219,UBNA_028,E18 Bridge
HF,50880.0,16.37092250559182,48.2365,48.2411,45234.0,65070.0,Echolocation,Pipistrellus pipistrellus,0.427,0.598,-1,192000.0,/mnt/ubna_data_07/recover-20260219/UBNA_028/20260218_062000.WAV,recover-20260219,UBNA_028,E18 Bridge
HF,45120.0,9.196229616368049,48.323499999999996,48.3279,44375.0,61699.0,Echolocation,Pipistrellus pipistrellus,0.392,0.519,-1,192000.0,/mnt/ubna_data_07/recover-20260219/UBNA_028/20260218_062000.WAV,recover-20260219,UBNA_028,E18 Bridge
HF,51840.0,11.835625756968351,48.5025,48.5065,45234.0,66848.0,Echolocation,Myotis alcathoe,0.294,0.415,-1,192000.0,/mnt/ubna_data_07/recover-20260219/UBNA_028/20260218_062000.WAV,recover-20260219,UBNA_028,E18 Bridge
HF,50880.0,12.453410630602392,48.591499999999996,48.5959,46953.0,67296.0,Echolocation,Myotis alcathoe,0.205,0.332,-1,192000.0,/mnt/ubna_data_07/recover-20260219/UBNA_028/20260218_062000.WAV,recover-20260219,UBNA_028,E18 Bridge
HF,49920.0,11.00711097436254,48.7085,48.7127,46093.0,69500.0,Echolocation,Myotis alcathoe,0.258,0.395,-1,192000.0,/mnt/ubna_data_07/recover-20260219/UBNA_028/20260218_062000.WAV,recover-20260219,UBNA_028,E18 Bridge
HF,53760.0,9.929436751995599,48.792500000000004,48.7959,45234.0,71640.0,Echolocation,Myotis alcathoe,0.322,0.411,-1,192000.0,/mnt/ubna_data_07/recover-20260219/UBNA_028/20260218_062000.WAV,recover-20260219,UBNA_028,E18 Bridge
HF,48000.0,18.516716361002846,48.8835,48.887699999999995,46093.0,65845.0,Echolocation,Pipistrellus pipistrellus,0.343,0.471,-1,192000.0,/mnt/ubna_data_07/recover-20260219/UBNA_028/20260218_062000.WAV,recover-20260219,UBNA_028,E18 Bridge
HF,52800.0,8.677884252994563,48.9735,48.977199999999996,46093.0,71291.0,Echolocation,Myotis alcathoe,0.314,0.455,-1,192000.0,/mnt/ubna_data_07/recover-20260219/UBNA_028/20260218_062000.WAV,recover-20260219,UBNA_028,E18 Bridge
HF,52800.0,12.023418148388881,49.0565,49.0606,46093.0,71169.0,Echolocation,Myotis alcathoe,0.247,0.341,-1,192000.0,/mnt/ubna_data_07/recover-20260219/UBNA_028/20260218_062000.WAV,recover-20260219,UBNA_028,E18 Bridge
HF,52800.0,18.322747850446582,49.1335,49.1375,45234.0,68717.0,Echolocation,Myotis alcathoe,0.275,0.565,-1,192000.0,/mnt/ubna_data_07/recover-20260219/UBNA_028/20260218_062000.WAV,recover-20260219,UBNA_028,E18 Bridge
HF,51840.0,12.3398652124245,49.210499999999996,49.213899999999995,46093.0,71678.0,Echolocation,Myotis alcathoe,0.311,0.411,-1,192000.0,/mnt/ubna_data_07/recover-20260219/UBNA_028/20260218_062000.WAV,recover-20260219,UBNA_028,E18 Bridge
HF,48000.0,15.817502225708871,49.2935,49.2976,45234.0,73764.0,Echolocation,Myotis alcathoe,0.401,0.537,-1,192000.0,/mnt/ubna_data_07/recover-20260219/UBNA_028/20260218_062000.WAV,recover-20260219,UBNA_028,E18 Bridge
HF,52800.0,16.66187932529637,49.3815,49.3858,46093.0,73359.0,Echolocation,Myotis alcathoe,0.319,0.54,-1,192000.0,/mnt/ubna_data_07/recover-20260219/UBNA_028/20260218_062000.WAV,recover-20260219,UBNA_028,E18 Bridge
HF,51840.0,16.869130777305422,49.4935,49.4982,45234.0,80063.0,Echolocation,Myotis alcathoe,0.403,0.481,-1,192000.0,/mnt/ubna_data_07/recover-20260219/UBNA_028/20260218_062000.WAV,recover-20260219,UBNA_028,E18 Bridge
HF,51840.0,18.641537046897632,49.5775,49.581900000000005,46093.0,74360.0,Echolocation,Myotis alcathoe,0.362,0.537,-1,192000.0,/mnt/ubna_data_07/recover-20260219/UBNA_028/20260218_062000.WAV,recover-20260219,UBNA_028,E18 Bridge
HF,52800.0,20.761882402540024,49.6555,49.659099999999995,46093.0,79871.0,Echolocation,Myotis alcathoe,0.45,0.529,-1,192000.0,/mnt/ubna_data_07/recover-20260219/UBNA_028/20260218_062000.WAV,recover-20260219,UBNA_028,E18 Bridge
HF,54720.0,19.496234203741462,49.7275,49.731700000000004,47812.0,77848.0,Echolocation,Myotis alcathoe,0.445,0.523,-1,192000.0,/mnt/ubna_data_07/recover-20260219/UBNA_028/20260218_062000.WAV,recover-20260219,UBNA_028,E18 Bridge
HF,54720.0,19.229248244499182,49.7945,49.7989,46953.0,81518.0,Echolocation,Myotis alcathoe,0.432,0.514,-1,192000.0,/mnt/ubna_data_07/recover-20260219/UBNA_028/20260218_062000.WAV,recover-20260219,UBNA_028,E18 Bridge
HF,51840.0,22.802852656658516,49.8675,49.8718,46953.0,80897.0,Echolocation,Myotis alcathoe,0.531,0.588,-1,192000.0,/mnt/ubna_data_07/recover-20260219/UBNA_028/20260218_062000.WAV,recover-20260219,UBNA_028,E18 Bridge
HF,51840.0,18.992344632776494,49.9215,49.9256,47812.0,77311.0,Echolocation,Myotis alcathoe,0.439,0.504,-1,192000.0,/mnt/ubna_data_07/recover-20260219/UBNA_028/20260218_062000.WAV,recover-20260219,UBNA_028,E18 Bridge
HF,51840.0,23.92760821207929,49.9815,49.9852,44375.0,83134.0,Echolocation,Myotis alcathoe,0.473,0.584,-1,192000.0,/mnt/ubna_data_07/recover-20260219/UBNA_028/20260218_062000.WAV,recover-20260219,UBNA_028,E18 Bridge
HF,51840.0,20.496828655491235,50.0285,50.0322,46953.0,79712.0,Echolocation,Myotis alcathoe,0.453,0.547,-1,192000.0,/mnt/ubna_data_07/recover-20260219/UBNA_028/20260218_062000.WAV,recover-20260219,UBNA_028,E18 Bridge
HF,52800.0,15.908789841770476,50.076499999999996,50.0801,46093.0,79630.0,Echolocation,Myotis alcathoe,0.405,0.487,-1,192000.0,/mnt/ubna_data_07/recover-20260219/UBNA_028/20260218_062000.WAV,recover-20260219,UBNA_028,E18 Bridge
HF,55680.0,16.508572651494763,50.1245,50.128299999999996,46953.0,77668.0,Echolocation,Myotis alcathoe,0.356,0.463,-1,192000.0,/mnt/ubna_data_07/recover-20260219/UBNA_028/20260218_062000.WAV,recover-20260219,UBNA_028,E18 Bridge
HF,54720.0,12.270538392729344,50.164500000000004,50.168099999999995,46953.0,77399.0,Echolocation,Myotis alcathoe,0.347,0.458,-1,192000.0,/mnt/ubna_data_07/recover-20260219/UBNA_028/20260218_062000.WAV,recover-20260219,UBNA_028,E18 Bridge
HF,51840.0,11.876112053614495,50.1965,50.2001,46953.0,73570.0,Echolocation,Myotis alcathoe,0.206,0.35,-1,192000.0,/mnt/ubna_data_07/recover-20260219/UBNA_028/20260218_062000.WAV,recover-20260219,UBNA_028,E18 Bridge
HF,52800.0,7.428341139422535,50.2115,50.2153,46953.0,66181.0,Echolocation,Pipistrellus pipistrellus,0.291,0.44,-1,192000.0,/mnt/ubna_data_07/recover-20260219/UBNA_028/20260218_062000.WAV,recover-20260219,UBNA_028,E18 Bridge
HF,52800.0,19.718745773770515,50.411500000000004,50.4152,47812.0,67723.0,Echolocation,Pipistrellus pipistrellus,0.273,0.44,-1,192000.0,/mnt/ubna_data_07/recover-20260219/UBNA_028/20260218_062000.WAV,recover-20260219,UBNA_028,E18 Bridge
HF,52800.0,12.185509249233322,50.4825,50.4868,48671.0,68991.0,Echolocation,Myotis alcathoe,0.197,0.371,-1,192000.0,/mnt/ubna_data_07/recover-20260219/UBNA_028/20260218_062000.WAV,recover-20260219,UBNA_028,E18 Bridge
HF,48960.0,25.030478553166475,50.582499999999996,50.5875,45234.0,67158.0,Echolocation,Pipistrellus pipistrellus,0.447,0.725,-1,192000.0,/mnt/ubna_data_07/recover-20260219/UBNA_028/20260218_062000.WAV,recover-20260219,UBNA_028,E18 Bridge
HF,48000.0,16.097548928894216,50.6635,50.6687,45234.0,76160.0,Echolocation,Pipistrellus pipistrellus,0.225,0.497,-1,192000.0,/mnt/ubna_data_07/recover-20260219/UBNA_028/20260218_062000.WAV,recover-20260219,UBNA_028,E18 Bridge
HF,48000.0,20.613308272964495,50.7455,50.751000000000005,44375.0,73248.0,Echolocation,Pipistrellus pipistrellus,0.309,0.538,-1,192000.0,/mnt/ubna_data_07/recover-20260219/UBNA_028/20260218_062000.WAV,recover-20260219,UBNA_028,E18 Bridge
HF,54720.0,13.567480415747236,50.832499999999996,50.835899999999995,47812.0,69879.0,Echolocation,Myotis alcathoe,0.282,0.531,-1,192000.0,/mnt/ubna_data_07/recover-20260219/UBNA_028/20260218_062000.WAV,recover-20260219,UBNA_028,E18 Bridge
HF,55680.0,17.66351865751091,50.914500000000004,50.919200000000004,43515.0,66441.0,Echolocation,Pipistrellus pipistrellus,0.317,0.633,-1,192000.0,/mnt/ubna_data_07/recover-20260219/UBNA_028/20260218_062000.WAV,recover-20260219,UBNA_028,E18 Bridge
HF,48000.0,8.296210385333264,50.9965,51.000699999999995,44375.0,71819.0,Echolocation,Myotis alcathoe,0.239,0.468,-1,192000.0,/mnt/ubna_data_07/recover-20260219/UBNA_028/20260218_062000.WAV,recover-20260219,UBNA_028,E18 Bridge
HF,48000.0,4.287791915753486,51.0775,51.0815,45234.0,62946.0,Echolocation,Pipistrellus pipistrellus,0.15,0.358,-1,192000.0,/mnt/ubna_data_07/recover-20260219/UBNA_028/20260218_062000.WAV,recover-20260219,UBNA_028,E18 Bridge
HF,50880.0,13.963919819603577,51.1525,51.1575,45234.0,64573.0,Echolocation,Pipistrellus pipistrellus,0.3,0.527,-1,192000.0,/mnt/ubna_data_07/recover-20260219/UBNA_028/20260218_062000.WAV,recover-20260219,UBNA_028,E18 Bridge
HF,47040.0,4.500578054756535,51.3065,51.3116,46953.0,57936.0,Echolocation,Pipistrellus pipistrellus,0.265,0.31,-1,192000.0,/mnt/ubna_data_07/recover-20260219/UBNA_028/20260218_062000.WAV,recover-20260219,UBNA_028,E18 Bridge
HF,47040.0,3.239814971580845,51.447500000000005,51.451,45234.0,67587.0,Echolocation,Myotis alcathoe,0.172,0.333,-1,192000.0,/mnt/ubna_data_07/recover-20260219/UBNA_028/20260218_062000.WAV,recover-20260219,UBNA_028,E18 Bridge
HF,51840.0,4.299045084054145,51.5005,51.5036,47812.0,64302.0,Echolocation,Myotis alcathoe,0.165,0.342,-1,192000.0,/mnt/ubna_data_07/recover-20260219/UBNA_028/20260218_062000.WAV,recover-20260219,UBNA_028,E18 Bridge
HF,51840.0,6.785097960778749,51.558499999999995,51.5619,46953.0,62406.0,Echolocation,Myotis alcathoe,0.222,0.403,-1,192000.0,/mnt/ubna_data_07/recover-20260219/UBNA_028/20260218_062000.WAV,recover-20260219,UBNA_028,E18 Bridge
HF,51840.0,5.208251035755951,51.6255,51.6299,50390.0,58660.0,Echolocation,Pipistrellus pipistrellus,0.36,0.412,-1,192000.0,/mnt/ubna_data_07/recover-20260219/UBNA_028/20260218_062000.WAV,recover-20260219,UBNA_028,E18 Bridge
HF,50880.0,11.393800715629645,51.8995,51.903999999999996,45234.0,64841.0,Echolocation,Myotis alcathoe,0.207,0.395,-1,192000.0,/mnt/ubna_data_07/recover-20260219/UBNA_028/20260218_062000.WAV,recover-20260219,UBNA_028,E18 Bridge
HF,50880.0,7.194682693728321,51.9585,51.964200000000005,50390.0,57149.0,Echolocation,Pipistrellus pipistrellus,0.415,0.508,-1,192000.0,/mnt/ubna_data_07/recover-20260219/UBNA_028/20260218_062000.WAV,recover-20260219,UBNA_028,E18 Bridge
HF,50880.0,3.5352115627102947,52.0375,52.0416,49531.0,61625.0,Echolocation,Pipistrellus pipistrellus,0.324,0.365,-1,192000.0,/mnt/ubna_data_07/recover-20260219/UBNA_028/20260218_062000.WAV,recover-20260219,UBNA_028,E18 Bridge
HF,49920.0,6.092397743342498,52.1215,52.1256,48671.0,61749.0,Echolocation,Pipistrellus pipistrellus,0.522,0.594,-1,192000.0,/mnt/ubna_data_07/recover-20260219/UBNA_028/20260218_062000.WAV,recover-20260219,UBNA_028,E18 Bridge
HF,53760.0,2.628592979783856,52.4165,52.4215,47812.0,59528.0,Echolocation,Pipistrellus pipistrellus,0.299,0.325,-1,192000.0,/mnt/ubna_data_07/recover-20260219/UBNA_028/20260218_062000.WAV,recover-20260219,UBNA_028,E18 Bridge
HF,51840.0,1.6683990304775076,53.1325,53.1368,50390.0,63844.0,Echolocation,Pipistrellus pipistrellus,0.273,0.314,-1,192000.0,/mnt/ubna_data_07/recover-20260219/UBNA_028/20260218_062000.WAV,recover-20260219,UBNA_028,E18 Bridge
HF,52800.0,7.780172032677676,53.2665,53.2708,44375.0,68290.0,Echolocation,Myotis alcathoe,0.265,0.439,-1,192000.0,/mnt/ubna_data_07/recover-20260219/UBNA_028/20260218_062000.WAV,recover-20260219,UBNA_028,E18 Bridge
HF,52800.0,7.9659838526869295,53.3425,53.3467,44375.0,61229.0,Echolocation,Pipistrellus pipistrellus,0.221,0.448,-1,192000.0,/mnt/ubna_data_07/recover-20260219/UBNA_028/20260218_062000.WAV,recover-20260219,UBNA_028,E18 Bridge
HF,51840.0,9.84726250755136,53.4215,53.4256,45234.0,65835.0,Echolocation,Myotis alcathoe,0.189,0.461,-1,192000.0,/mnt/ubna_data_07/recover-20260219/UBNA_028/20260218_062000.WAV,recover-20260219,UBNA_028,E18 Bridge
HF,51840.0,10.586529859448373,53.4905,53.4952,46953.0,64132.0,Echolocation,Pipistrellus pipistrellus,0.19,0.417,-1,192000.0,/mnt/ubna_data_07/recover-20260219/UBNA_028/20260218_062000.WAV,recover-20260219,UBNA_028,E18 Bridge
HF,54720.0,9.212919002031484,53.6125,53.6174,46953.0,63378.0,Echolocation,Pipistrellus pipistrellus,0.257,0.429,-1,192000.0,/mnt/ubna_data_07/recover-20260219/UBNA_028/20260218_062000.WAV,recover-20260219,UBNA_028,E18 Bridge
HF,47040.0,12.830308200313858,53.674499999999995,53.679500000000004,46093.0,67505.0,Echolocation,Pipistrellus pipistrellus,0.496,0.621,-1,192000.0,/mnt/ubna_data_07/recover-20260219/UBNA_028/20260218_062000.WAV,recover-20260219,UBNA_028,E18 Bridge
HF,52800.0,9.004417088748468,53.7405,53.7448,46093.0,69802.0,Echolocation,Myotis alcathoe,0.283,0.416,-1,192000.0,/mnt/ubna_data_07/recover-20260219/UBNA_028/20260218_062000.WAV,recover-20260219,UBNA_028,E18 Bridge
HF,49920.0,10.132664541620219,53.823499999999996,53.827799999999996,45234.0,66127.0,Echolocation,Pipistrellus pipistrellus,0.198,0.46,-1,192000.0,/mnt/ubna_data_07/recover-20260219/UBNA_028/20260218_062000.WAV,recover-20260219,UBNA_028,E18 Bridge
HF,49920.0,10.474622454477736,53.9185,53.923,46093.0,58921.0,Echolocation,Pipistrellus pipistrellus,0.472,0.597,-1,192000.0,/mnt/ubna_data_07/recover-20260219/UBNA_028/20260218_062000.WAV,recover-20260219,UBNA_028,E18 Bridge
HF,49920.0,11.661743950148395,54.0035,54.0065,46093.0,69532.0,Echolocation,Myotis alcathoe,0.274,0.441,-1,192000.0,/mnt/ubna_data_07/recover-20260219/UBNA_028/20260218_062000.WAV,recover-20260219,UBNA_028,E18 Bridge
HF,56640.0,14.398044687702916,54.085499999999996,54.0907,45234.0,81303.0,Echolocation,Myotis alcathoe,0.392,0.506,-1,192000.0,/mnt/ubna_data_07/recover-20260219/UBNA_028/20260218_062000.WAV,recover-20260219,UBNA_028,E18 Bridge
HF,48960.0,13.374269052349154,54.170500000000004,54.1757,45234.0,69109.0,Echolocation,Pipistrellus pipistrellus,0.315,0.531,-1,192000.0,/mnt/ubna_data_07/recover-20260219/UBNA_028/20260218_062000.WAV,recover-20260219,UBNA_028,E18 Bridge
HF,51840.0,11.973951582601625,54.2465,54.2505,44375.0,78911.0,Echolocation,Myotis alcathoe,0.36,0.502,-1,192000.0,/mnt/ubna_data_07/recover-20260219/UBNA_028/20260218_062000.WAV,recover-20260219,UBNA_028,E18 Bridge
HF,51840.0,13.815475790869598,54.320499999999996,54.3249,45234.0,80787.0,Echolocation,Myotis alcathoe,0.365,0.489,-1,192000.0,/mnt/ubna_data_07/recover-20260219/UBNA_028/20260218_062000.WAV,recover-20260219,UBNA_028,E18 Bridge
HF,51840.0,13.933191061480205,54.3975,54.4028,46953.0,72374.0,Echolocation,Myotis alcathoe,0.294,0.493,-1,192000.0,/mnt/ubna_data_07/recover-20260219/UBNA_028/20260218_062000.WAV,recover-20260219,UBNA_028,E18 Bridge
HF,52800.0,12.864274249299532,54.4725,54.477000000000004,45234.0,84644.0,Echolocation,Myotis alcathoe,0.347,0.467,-1,192000.0,/mnt/ubna_data_07/recover-20260219/UBNA_028/20260218_062000.WAV,recover-20260219,UBNA_028,E18 Bridge
HF,51840.0,16.141279575124884,54.5465,54.5512,45234.0,81200.0,Echolocation,Myotis alcathoe,0.416,0.539,-1,192000.0,/mnt/ubna_data_07/recover-20260219/UBNA_028/20260218_062000.WAV,recover-20260219,UBNA_028,E18 Bridge
HF,50880.0,16.334786626406395,54.6305,54.6351,46093.0,69475.0,Echolocation,Pipistrellus pipistrellus,0.248,0.484,-1,192000.0,/mnt/ubna_data_07/recover-20260219/UBNA_028/20260218_062000.WAV,recover-20260219,UBNA_028,E18 Bridge
HF,51840.0,15.931188458875072,54.7035,54.7078,45234.0,78473.0,Echolocation,Myotis alcathoe,0.346,0.462,-1,192000.0,/mnt/ubna_data_07/recover-20260219/UBNA_028/20260218_062000.WAV,recover-20260219,UBNA_028,E18 Bridge
HF,49920.0,10.673373032327753,54.7775,54.7825,46093.0,65452.0,Echolocation,Myotis alcathoe,0.241,0.494,-1,192000.0,/mnt/ubna_data_07/recover-20260219/UBNA_028/20260218_062000.WAV,recover-20260219,UBNA_028,E18 Bridge
HF,48960.0,14.16916028001176,54.8535,54.857600000000005,45234.0,68781.0,Echolocation,Myotis alcathoe,0.322,0.535,-1,192000.0,/mnt/ubna_data_07/recover-20260219/UBNA_028/20260218_062000.WAV,recover-20260219,UBNA_028,E18 Bridge
HF,48960.0,16.221866472563345,54.938500000000005,54.9426,46093.0,65189.0,Echolocation,Pipistrellus pipistrellus,0.387,0.511,-1,192000.0,/mnt/ubna_data_07/recover-20260219/UBNA_028/20260218_062000.WAV,recover-20260219,UBNA_028,E18 Bridge
HF,52800.0,11.153427878226976,55.0245,55.028999999999996,46093.0,78073.0,Echolocation,Myotis alcathoe,0.367,0.482,-1,192000.0,/mnt/ubna_data_07/recover-20260219/UBNA_028/20260218_062000.WAV,recover-20260219,UBNA_028,E18 Bridge
HF,52800.0,9.432030971642185,55.0895,55.093199999999996,46093.0,72882.0,Echolocation,Myotis alcathoe,0.224,0.319,-1,192000.0,/mnt/ubna_data_07/recover-20260219/UBNA_028/20260218_062000.WAV,recover-20260219,UBNA_028,E18 Bridge
HF,50880.0,17.02343075727994,55.2205,55.2252,44375.0,77169.0,Echolocation,Myotis alcathoe,0.319,0.459,-1,192000.0,/mnt/ubna_data_07/recover-20260219/UBNA_028/20260218_062000.WAV,recover-20260219,UBNA_028,E18 Bridge
HF,51840.0,15.78804106758292,55.2905,55.2952,43515.0,81778.0,Echolocation,Myotis alcathoe,0.397,0.514,-1,192000.0,/mnt/ubna_data_07/recover-20260219/UBNA_028/20260218_062000.WAV,recover-20260219,UBNA_028,E18 Bridge
HF,52800.0,14.311123570609205,55.3675,55.3719,43515.0,80796.0,Echolocation,Myotis alcathoe,0.345,0.498,-1,192000.0,/mnt/ubna_data_07/recover-20260219/UBNA_028/20260218_062000.WAV,recover-20260219,UBNA_028,E18 Bridge
HF,50880.0,17.83084381754284,55.439499999999995,55.4447,46093.0,88099.0,Echolocation,Myotis alcathoe,0.353,0.411,-1,192000.0,/mnt/ubna_data_07/recover-20260219/UBNA_028/20260218_062000.WAV,recover-20260219,UBNA_028,E18 Bridge
HF,50880.0,19.956171858937157,55.5265,55.531800000000004,45234.0,75374.0,Echolocation,Myotis alcathoe,0.28,0.494,-1,192000.0,/mnt/ubna_data_07/recover-20260219/UBNA_028/20260218_062000.WAV,recover-20260219,UBNA_028,E18 Bridge
HF,50880.0,16.03558365513875,55.5995,55.605000000000004,46093.0,80830.0,Echolocation,Myotis alcathoe,0.299,0.37,-1,192000.0,/mnt/ubna_data_07/recover-20260219/UBNA_028/20260218_062000.WAV,recover-20260219,UBNA_028,E18 Bridge
HF,50880.0,13.184379713017183,55.6625,55.667,47812.0,83260.0,Echolocation,Myotis alcathoe,0.314,0.448,-1,192000.0,/mnt/ubna_data_07/recover-20260219/UBNA_028/20260218_062000.WAV,recover-20260219,UBNA_028,E18 Bridge
HF,53760.0,15.758670037934744,55.7325,55.7365,49531.0,80913.0,Echolocation,Myotis alcathoe,0.279,0.477,-1,192000.0,/mnt/ubna_data_07/recover-20260219/UBNA_028/20260218_062000.WAV,recover-20260219,UBNA_028,E18 Bridge
HF,54720.0,16.867395603457993,55.807500000000005,55.8119,45234.0,79256.0,Echolocation,Myotis alcathoe,0.359,0.478,-1,192000.0,/mnt/ubna_data_07/recover-20260219/UBNA_028/20260218_062000.WAV,recover-20260219,UBNA_028,E18 Bridge
HF,53760.0,12.06873449328668,55.8545,55.858000000000004,47812.0,73472.0,Echolocation,Myotis alcathoe,0.235,0.36,-1,192000.0,/mnt/ubna_data_07/recover-20260219/UBNA_028/20260218_062000.WAV,recover-20260219,UBNA_028,E18 Bridge
HF,53760.0,13.317001616218409,55.8885,55.891999999999996,45234.0,82599.0,Echolocation,Myotis alcathoe,0.254,0.37,-1,192000.0,/mnt/ubna_data_07/recover-20260219/UBNA_028/20260218_062000.WAV,recover-20260219,UBNA_028,E18 Bridge
HF,52800.0,20.128460848614903,56.0995,56.1034,47812.0,67731.0,Echolocation,Myotis alcathoe,0.223,0.34,-1,192000.0,/mnt/ubna_data_07/recover-20260219/UBNA_028/20260218_062000.WAV,recover-20260219,UBNA_028,E18 Bridge
HF,55680.0,9.848155209872063,56.1715,56.1744,52109.0,66872.0,Echolocation,Pipistrellus pipistrellus,0.263,0.438,-1,192000.0,/mnt/ubna_data_07/recover-20260219/UBNA_028/20260218_062000.WAV,recover-20260219,UBNA_028,E18 Bridge
HF,52800.0,28.827249287323696,56.2465,56.2509,46093.0,69210.0,Echolocation,Pipistrellus pipistrellus,0.505,0.65,-1,192000.0,/mnt/ubna_data_07/recover-20260219/UBNA_028/20260218_062000.WAV,recover-20260219,UBNA_028,E18 Bridge
HF,52800.0,30.517302262918857,56.3305,56.3352,44375.0,82521.0,Echolocation,Myotis alcathoe,0.375,0.541,-1,192000.0,/mnt/ubna_data_07/recover-20260219/UBNA_028/20260218_062000.WAV,recover-20260219,UBNA_028,E18 Bridge
HF,52800.0,32.54967017922284,56.423500000000004,56.4286,45234.0,78682.0,Echolocation,Pipistrellus pipistrellus,0.298,0.544,-1,192000.0,/mnt/ubna_data_07/recover-20260219/UBNA_028/20260218_062000.WAV,recover-20260219,UBNA_028,E18 Bridge
HF,52800.0,31.039501514654102,56.5075,56.511700000000005,44375.0,79713.0,Echolocation,Myotis alcathoe,0.44,0.575,-1,192000.0,/mnt/ubna_data_07/recover-20260219/UBNA_028/20260218_062000.WAV,recover-20260219,UBNA_028,E18 Bridge
HF,52800.0,22.7689676449534,56.5925,56.596599999999995,46093.0,75653.0,Echolocation,Myotis alcathoe,0.412,0.548,-1,192000.0,/mnt/ubna_data_07/recover-20260219/UBNA_028/20260218_062000.WAV,recover-20260219,UBNA_028,E18 Bridge
HF,52800.0,30.317023003773397,56.676500000000004,56.6813,45234.0,82212.0,Echolocation,Myotis alcathoe,0.325,0.461,-1,192000.0,/mnt/ubna_data_07/recover-20260219/UBNA_028/20260218_062000.WAV,recover-20260219,UBNA_028,E18 Bridge
HF,51840.0,24.97594910115861,56.7595,56.7637,45234.0,81987.0,Echolocation,Myotis alcathoe,0.488,0.59,-1,192000.0,/mnt/ubna_data_07/recover-20260219/UBNA_028/20260218_062000.WAV,recover-20260219,UBNA_028,E18 Bridge
HF,51840.0,18.17525736851614,56.8465,56.851,46093.0,74463.0,Echolocation,Myotis alcathoe,0.366,0.576,-1,192000.0,/mnt/ubna_data_07/recover-20260219/UBNA_028/20260218_062000.WAV,recover-20260219,UBNA_028,E18 Bridge
HF,54720.0,23.146417779186727,56.930499999999995,56.934200000000004,46093.0,72472.0,Echolocation,Myotis alcathoe,0.338,0.644,-1,192000.0,/mnt/ubna_data_07/recover-20260219/UBNA_028/20260218_062000.WAV,recover-20260219,UBNA_028,E18 Bridge
HF,54720.0,21.72640726785268,56.9895,56.993700000000004,45234.0,81774.0,Echolocation,Myotis alcathoe,0.469,0.609,-1,192000.0,/mnt/ubna_data_07/recover-20260219/UBNA_028/20260218_062000.WAV,recover-20260219,UBNA_028,E18 Bridge
HF,55680.0,19.069222714086283,57.0405,57.0445,46093.0,74614.0,Echolocation,Myotis alcathoe,0.435,0.597,-1,192000.0,/mnt/ubna_data_07/recover-20260219/UBNA_028/20260218_062000.WAV,recover-20260219,UBNA_028,E18 Bridge
HF,54720.0,21.953857617492147,57.0905,57.0946,46953.0,76538.0,Echolocation,Myotis alcathoe,0.422,0.606,-1,192000.0,/mnt/ubna_data_07/recover-20260219/UBNA_028/20260218_062000.WAV,recover-20260219,UBNA_028,E18 Bridge
HF,51840.0,6.5074116032484195,57.1395,57.1428,48671.0,66371.0,Echolocation,Myotis alcathoe,0.274,0.4,-1,192000.0,/mnt/ubna_data_07/recover-20260219/UBNA_028/20260218_062000.WAV,recover-20260219,UBNA_028,E18 Bridge
HF,48000.0,4.602205897578143,57.1905,57.194199999999995,46953.0,66686.0,Echolocation,Myotis alcathoe,0.226,0.393,-1,192000.0,/mnt/ubna_data_07/recover-20260219/UBNA_028/20260218_062000.WAV,recover-20260219,UBNA_028,E18 Bridge
HF,51840.0,12.907158392103057,58.7915,58.7966,45234.0,60714.0,Echolocation,Myotis alcathoe,0.163,0.434,-1,192000.0,/mnt/ubna_data_07/recover-20260219/UBNA_028/20260218_062000.WAV,recover-20260219,UBNA_028,E18 Bridge
HF,51840.0,8.625019949998094,58.9805,58.985299999999995,50390.0,59687.0,Echolocation,Pipistrellus pipistrellus,0.347,0.429,-1,192000.0,/mnt/ubna_data_07/recover-20260219/UBNA_028/20260218_062000.WAV,recover-20260219,UBNA_028,E18 Bridge
HF,51840.0,5.751804557658184,59.557500000000005,59.562,50390.0,58801.0,Echolocation,Pipistrellus pipistrellus,0.292,0.331,-1,192000.0,/mnt/ubna_data_07/recover-20260219/UBNA_028/20260218_062000.WAV,recover-20260219,UBNA_028,E18 Bridge
HF,52800.0,7.938775218475529,59.7655,59.7689,44375.0,64557.0,Echolocation,Myotis alcathoe,0.191,0.39,-1,192000.0,/mnt/ubna_data_07/recover-20260219/UBNA_028/20260218_062000.WAV,recover-20260219,UBNA_028,E18 Bridge
HF,51840.0,8.256996397740428,59.8485,59.852199999999996,46093.0,66926.0,Echolocation,Myotis alcathoe,0.217,0.417,-1,192000.0,/mnt/ubna_data_07/recover-20260219/UBNA_028/20260218_062000.WAV,recover-20260219,UBNA_028,E18 Bridge
HF,52800.0,11.259851843128468,59.9345,59.9388,45234.0,61873.0,Echolocation,Myotis alcathoe,0.195,0.364,-1,192000.0,/mnt/ubna_data_07/recover-20260219/UBNA_028/20260218_062000.WAV,recover-20260219,UBNA_028,E18 Bridge
HF,52800.0,10.593165978322423,60.0195,60.0223,46093.0,69491.0,Echolocation,Myotis alcathoe,0.286,0.389,-1,192000.0,/mnt/ubna_data_07/recover-20260219/UBNA_028/20260218_062000.WAV,recover-20260219,UBNA_028,E18 Bridge
HF,52800.0,14.470307377775669,60.1015,60.1063,46953.0,62572.0,Echolocation,Pipistrellus pipistrellus,0.35,0.508,-1,192000.0,/mnt/ubna_data_07/recover-20260219/UBNA_028/20260218_062000.WAV,recover-20260219,UBNA_028,E18 Bridge
HF,52800.0,6.401458412121021,60.1685,60.172,47812.0,61122.0,Echolocation,Pipistrellus pipistrellus,0.258,0.338,-1,192000.0,/mnt/ubna_data_07/recover-20260219/UBNA_028/20260218_062000.WAV,recover-20260219,UBNA_028,E18 Bridge
HF,48960.0,7.830362073725317,60.2325,60.2381,46953.0,61042.0,Echolocation,Pipistrellus pipistrellus,0.155,0.355,-1,192000.0,/mnt/ubna_data_07/recover-20260219/UBNA_028/20260218_062000.WAV,recover-20260219,UBNA_028,E18 Bridge
HF,51840.0,13.493488271052826,60.2835,60.2879,46093.0,67315.0,Echolocation,Myotis alcathoe,0.258,0.37,-1,192000.0,/mnt/ubna_data_07/recover-20260219/UBNA_028/20260218_062000.WAV,recover-20260219,UBNA_028,E18 Bridge
HF,49920.0,8.179398305619642,60.3385,60.344,47812.0,67812.0,Echolocation,Pipistrellus pipistrellus,0.23,0.502,-1,192000.0,/mnt/ubna_data_07/recover-20260219/UBNA_028/20260218_062000.WAV,recover-20260219,UBNA_028,E18 Bridge
HF,55680.0,11.363968167379802,60.4115,60.4165,47812.0,70474.0,Echolocation,Myotis alcathoe,0.205,0.446,-1,192000.0,/mnt/ubna_data_07/recover-20260219/UBNA_028/20260218_062000.WAV,recover-20260219,UBNA_028,E18 Bridge
HF,53760.0,11.481551271440736,60.4885,60.4928,46953.0,66381.0,Echolocation,Myotis alcathoe,0.224,0.395,-1,192000.0,/mnt/ubna_data_07/recover-20260219/UBNA_028/20260218_062000.WAV,recover-20260219,UBNA_028,E18 Bridge
HF,51840.0,14.438198272073212,60.7435,60.7481,45234.0,64234.0,Echolocation,Pipistrellus pipistrellus,0.247,0.428,-1,192000.0,/mnt/ubna_data_07/recover-20260219/UBNA_028/20260218_062000.WAV,recover-20260219,UBNA_028,E18 Bridge
HF,50880.0,9.545856236408499,60.8275,60.8317,44375.0,68048.0,Echolocation,Myotis alcathoe,0.232,0.401,-1,192000.0,/mnt/ubna_data_07/recover-20260219/UBNA_028/20260218_062000.WAV,recover-20260219,UBNA_028,E18 Bridge
HF,51840.0,13.460372521077327,60.9195,60.924,45234.0,71799.0,Echolocation,Myotis alcathoe,0.394,0.481,-1,192000.0,/mnt/ubna_data_07/recover-20260219/UBNA_028/20260218_062000.WAV,recover-20260219,UBNA_028,E18 Bridge
HF,51840.0,14.12377486871752,61.0235,61.0288,46093.0,66123.0,Echolocation,Myotis alcathoe,0.214,0.472,-1,192000.0,/mnt/ubna_data_07/recover-20260219/UBNA_028/20260218_062000.WAV,recover-20260219,UBNA_028,E18 Bridge
HF,48000.0,12.268981898442448,61.1135,61.1198,46953.0,64812.0,Echolocation,Pipistrellus pipistrellus,0.214,0.41,-1,192000.0,/mnt/ubna_data_07/recover-20260219/UBNA_028/20260218_062000.WAV,recover-20260219,UBNA_028,E18 Bridge
HF,48000.0,14.439543938941723,61.2035,61.207,46953.0,68118.0,Echolocation,Myotis alcathoe,0.289,0.455,-1,192000.0,/mnt/ubna_data_07/recover-20260219/UBNA_028/20260218_062000.WAV,recover-20260219,UBNA_028,E18 Bridge
HF,48960.0,13.778409405440307,61.2855,61.2904,45234.0,70966.0,Echolocation,Pipistrellus pipistrellus,0.244,0.547,-1,192000.0,/mnt/ubna_data_07/recover-20260219/UBNA_028/20260218_062000.WAV,recover-20260219,UBNA_028,E18 Bridge
HF,50880.0,13.090355257758759,61.3945,61.3987,44375.0,79710.0,Echolocation,Myotis alcathoe,0.404,0.526,-1,192000.0,/mnt/ubna_data_07/recover-20260219/UBNA_028/20260218_062000.WAV,recover-20260219,UBNA_028,E18 Bridge
HF,52800.0,14.17065410531407,61.4545,61.4595,44375.0,79529.0,Echolocation,Myotis alcathoe,0.344,0.491,-1,192000.0,/mnt/ubna_data_07/recover-20260219/UBNA_028/20260218_062000.WAV,recover-20260219,UBNA_028,E18 Bridge
HF,52800.0,13.57630474094,61.5255,61.5304,45234.0,75088.0,Echolocation,Myotis alcathoe,0.352,0.466,-1,192000.0,/mnt/ubna_data_07/recover-20260219/UBNA_028/20260218_062000.WAV,recover-20260219,UBNA_028,E18 Bridge
HF,52800.0,15.905212855426583,61.6055,61.6096,45234.0,78340.0,Echolocation,Myotis alcathoe,0.311,0.447,-1,192000.0,/mnt/ubna_data_07/recover-20260219/UBNA_028/20260218_062000.WAV,recover-20260219,UBNA_028,E18 Bridge
HF,51840.0,12.7417951190014,61.6805,61.6842,46093.0,77425.0,Echolocation,Myotis alcathoe,0.378,0.478,-1,192000.0,/mnt/ubna_data_07/recover-20260219/UBNA_028/20260218_062000.WAV,recover-20260219,UBNA_028,E18 Bridge
HF,52800.0,9.51324631701951,61.7495,61.7529,50390.0,74054.0,Echolocation,Myotis alcathoe,0.244,0.304,-1,192000.0,/mnt/ubna_data_07/recover-20260219/UBNA_028/20260218_062000.WAV,recover-20260219,UBNA_028,E18 Bridge
HF,52800.0,8.632379301170134,61.7495,61.7527,46093.0,77336.0,Echolocation,Myotis alcathoe,0.259,0.303,-1,192000.0,/mnt/ubna_data_07/recover-20260219/UBNA_028/20260218_062000.WAV,recover-20260219,UBNA_028,E18 Bridge
HF,53760.0,10.169686146856659,61.8095,61.813,47812.0,75152.0,Echolocation,Myotis alcathoe,0.277,0.344,-1,192000.0,/mnt/ubna_data_07/recover-20260219/UBNA_028/20260218_062000.WAV,recover-20260219,UBNA_028,E18 Bridge
HF,52800.0,12.159693985812364,61.8675,61.8712,50390.0,71450.0,Echolocation,Myotis alcathoe,0.26,0.39,-1,192000.0,/mnt/ubna_data_07/recover-20260219/UBNA_028/20260218_062000.WAV,recover-20260219,UBNA_028,E18 Bridge
HF,63360.0,8.22405113559575,61.9185,61.9219,48671.0,78187.0,Echolocation,Myotis alcathoe,0.292,0.458,-1,192000.0,/mnt/ubna_data_07/recover-20260219/UBNA_028/20260218_062000.WAV,recover-20260219,UBNA_028,E18 Bridge
HF,54720.0,6.3680931619470105,61.9595,61.963,48671.0,75863.0,Echolocation,Myotis alcathoe,0.251,0.37,-1,192000.0,/mnt/ubna_data_07/recover-20260219/UBNA_028/20260218_062000.WAV,recover-20260219,UBNA_028,E18 Bridge
HF,50880.0,6.410423629351839,62.0735,62.0771,48671.0,68455.0,Echolocation,Myotis alcathoe,0.156,0.36,-1,192000.0,/mnt/ubna_data_07/recover-20260219/UBNA_028/20260218_062000.WAV,recover-20260219,UBNA_028,E18 Bridge
HF,55680.0,10.950459709857284,62.2355,62.2387,52109.0,71454.0,Echolocation,Myotis alcathoe,0.202,0.372,-1,192000.0,/mnt/ubna_data_07/recover-20260219/UBNA_028/20260218_062000.WAV,recover-20260219,UBNA_028,E18 Bridge
HF,54720.0,15.297113626558541,62.2945,62.2984,50390.0,73183.0,Echolocation,Pipistrellus pipistrellus,0.414,0.574,-1,192000.0,/mnt/ubna_data_07/recover-20260219/UBNA_028/20260218_062000.WAV,recover-20260219,UBNA_028,E18 Bridge
HF,51840.0,9.924452928487268,62.3625,62.3669,51250.0,68653.0,Echolocation,Pipistrellus pipistrellus,0.306,0.555,-1,192000.0,/mnt/ubna_data_07/recover-20260219/UBNA_028/20260218_062000.WAV,recover-20260219,UBNA_028,E18 Bridge
HF,51840.0,9.270656595507848,62.4315,62.4352,50390.0,67066.0,Echolocation,Pipistrellus pipistrellus,0.234,0.466,-1,192000.0,/mnt/ubna_data_07/recover-20260219/UBNA_028/20260218_062000.WAV,recover-20260219,UBNA_028,E18 Bridge
HF,53760.0,6.215112756390923,62.4955,62.4992,50390.0,69311.0,Echolocation,Myotis alcathoe,0.235,0.404,-1,192000.0,/mnt/ubna_data_07/recover-20260219/UBNA_028/20260218_062000.WAV,recover-20260219,UBNA_028,E18 Bridge
HF,51840.0,8.191064381777212,62.5475,62.5519,51250.0,59115.0,Echolocation,Pipistrellus pipistrellus,0.343,0.428,-1,192000.0,/mnt/ubna_data_07/recover-20260219/UBNA_028/20260218_062000.WAV,recover-20260219,UBNA_028,E18 Bridge
HF,52800.0,8.647667557829294,62.5905,62.5944,51250.0,59675.0,Echolocation,Pipistrellus pipistrellus,0.352,0.422,-1,192000.0,/mnt/ubna_data_07/recover-20260219/UBNA_028/20260218_062000.WAV,recover-20260219,UBNA_028,E18 Bridge
HF,52800.0,4.328087978554337,62.6305,62.6338,48671.0,64570.0,Echolocation,Myotis alcathoe,0.172,0.395,-1,192000.0,/mnt/ubna_data_07/recover-20260219/UBNA_028/20260218_062000.WAV,recover-20260219,UBNA_028,E18 Bridge
HF,53760.0,3.189470417123342,62.6715,62.6765,50390.0,64336.0,Echolocation,Myotis alcathoe,0.135,0.312,-1,192000.0,/mnt/ubna_data_07/recover-20260219/UBNA_028/20260218_062000.WAV,recover-20260219,UBNA_028,E18 Bridge
HF,53760.0,15.88369039377648,62.7385,62.7419,48671.0,66180.0,Echolocation,Myotis alcathoe,0.279,0.464,-1,192000.0,/mnt/ubna_data_07/recover-20260219/UBNA_028/20260218_062000.WAV,recover-20260219,UBNA_028,E18 Bridge
HF,53760.0,13.100676985157044,62.8025,62.8064,47812.0,69383.0,Echolocation,Myotis alcathoe,0.264,0.366,-1,192000.0,/mnt/ubna_data_07/recover-20260219/UBNA_028/20260218_062000.WAV,recover-20260219,UBNA_028,E18 Bridge
HF,51840.0,17.73201280283412,62.8735,62.8778,46093.0,75471.0,Echolocation,Myotis alcathoe,0.323,0.538,-1,192000.0,/mnt/ubna_data_07/recover-20260219/UBNA_028/20260218_062000.WAV,recover-20260219,UBNA_028,E18 Bridge
HF,51840.0,18.875520738881285,62.9465,62.9512,44375.0,77271.0,Echolocation,Myotis alcathoe,0.309,0.519,-1,192000.0,/mnt/ubna_data_07/recover-20260219/UBNA_028/20260218_062000.WAV,recover-20260219,UBNA_028,E18 Bridge
HF,51840.0,15.15679978623047,63.0295,63.0334,45234.0,75073.0,Echolocation,Myotis alcathoe,0.337,0.504,-1,192000.0,/mnt/ubna_data_07/recover-20260219/UBNA_028/20260218_062000.WAV,recover-20260219,UBNA_028,E18 Bridge
HF,50880.0,15.015673151672623,63.1185,63.1231,45234.0,71899.0,Echolocation,Myotis alcathoe,0.325,0.504,-1,192000.0,/mnt/ubna_data_07/recover-20260219/UBNA_028/20260218_062000.WAV,recover-20260219,UBNA_028,E18 Bridge
HF,55680.0,13.276914439681125,63.1705,63.175399999999996,46953.0,69109.0,Echolocation,Myotis alcathoe,0.265,0.513,-1,192000.0,/mnt/ubna_data_07/recover-20260219/UBNA_028/20260218_062000.WAV,recover-20260219,UBNA_028,E18 Bridge
HF,51840.0,8.554751589427372,63.2175,63.2213,47812.0,65646.0,Echolocation,Myotis alcathoe,0.22,0.476,-1,192000.0,/mnt/ubna_data_07/recover-20260219/UBNA_028/20260218_062000.WAV,recover-20260219,UBNA_028,E18 Bridge
HF,51840.0,4.776074160443056,63.3035,63.3067,50390.0,58904.0,Echolocation,Pipistrellus pipistrellus,0.217,0.304,-1,192000.0,/mnt/ubna_data_07/recover-20260219/UBNA_028/20260218_062000.WAV,recover-20260219,UBNA_028,E18 Bridge
HF,55680.0,21.34364899120056,63.4025,63.4079,45234.0,71358.0,Echolocation,Myotis alcathoe,0.246,0.555,-1,192000.0,/mnt/ubna_data_07/recover-20260219/UBNA_028/20260218_062000.WAV,recover-20260219,UBNA_028,E18 Bridge
HF,47040.0,17.074152090245722,63.4715,63.4768,42656.0,76826.0,Echolocation,Myotis alcathoe,0.337,0.492,-1,192000.0,/mnt/ubna_data_07/recover-20260219/UBNA_028/20260218_062000.WAV,recover-20260219,UBNA_028,E18 Bridge
HF,50880.0,11.973122283268513,63.5485,63.553399999999996,47812.0,62637.0,Echolocation,Pipistrellus pipistrellus,0.254,0.429,-1,192000.0,/mnt/ubna_data_07/recover-20260219/UBNA_028/20260218_062000.WAV,recover-20260219,UBNA_028,E18 Bridge
HF,49920.0,9.95895842073171,63.6265,63.6309,47812.0,64104.0,Echolocation,Pipistrellus pipistrellus,0.208,0.411,-1,192000.0,/mnt/ubna_data_07/recover-20260219/UBNA_028/20260218_062000.WAV,recover-20260219,UBNA_028,E18 Bridge
HF,53760.0,3.641173665290322,63.7055,63.7105,48671.0,62711.0,Echolocation,Pipistrellus pipistrellus,0.195,0.371,-1,192000.0,/mnt/ubna_data_07/recover-20260219/UBNA_028/20260218_062000.WAV,recover-20260219,UBNA_028,E18 Bridge
HF,52800.0,18.84584378391668,63.7965,63.8015,45234.0,66897.0,Echolocation,Pipistrellus pipistrellus,0.347,0.544,-1,192000.0,/mnt/ubna_data_07/recover-20260219/UBNA_028/20260218_062000.WAV,recover-20260219,UBNA_028,E18 Bridge
HF,52800.0,23.16195715792379,63.8845,63.8906,45234.0,71947.0,Echolocation,Pipistrellus pipistrellus,0.318,0.618,-1,192000.0,/mnt/ubna_data_07/recover-20260219/UBNA_028/20260218_062000.WAV,recover-20260219,UBNA_028,E18 Bridge
HF,52800.0,10.464850682583148,63.9655,63.9695,45234.0,67550.0,Echolocation,Myotis alcathoe,0.244,0.419,-1,192000.0,/mnt/ubna_data_07/recover-20260219/UBNA_028/20260218_062000.WAV,recover-20260219,UBNA_028,E18 Bridge
HF,52800.0,15.828716675181244,64.0425,64.0478,46093.0,64095.0,Echolocation,Myotis alcathoe,0.188,0.411,-1,192000.0,/mnt/ubna_data_07/recover-20260219/UBNA_028/20260218_062000.WAV,recover-20260219,UBNA_028,E18 Bridge
HF,52800.0,15.142922555029548,64.1795,64.1847,45234.0,71109.0,Echolocation,Myotis alcathoe,0.256,0.425,-1,192000.0,/mnt/ubna_data_07/recover-20260219/UBNA_028/20260218_062000.WAV,recover-20260219,UBNA_028,E18 Bridge
HF,51840.0,21.74681902339682,64.2465,64.2526,45234.0,69048.0,Echolocation,Pipistrellus pipistrellus,0.409,0.615,-1,192000.0,/mnt/ubna_data_07/recover-20260219/UBNA_028/20260218_062000.WAV,recover-20260219,UBNA_028,E18 Bridge
HF,52800.0,18.044100282644308,64.3125,64.318,44375.0,73749.0,Echolocation,Myotis alcathoe,0.285,0.48,-1,192000.0,/mnt/ubna_data_07/recover-20260219/UBNA_028/20260218_062000.WAV,recover-20260219,UBNA_028,E18 Bridge
HF,51840.0,10.05349008177843,64.7695,64.7739,50390.0,60127.0,Echolocation,Pipistrellus pipistrellus,0.318,0.499,-1,192000.0,/mnt/ubna_data_07/recover-20260219/UBNA_028/20260218_062000.WAV,recover-20260219,UBNA_028,E18 Bridge
HF,51840.0,13.646086064795895,64.8265,64.8315,45234.0,64272.0,Echolocation,Pipistrellus pipistrellus,0.183,0.424,-1,192000.0,/mnt/ubna_data_07/recover-20260219/UBNA_028/20260218_062000.WAV,recover-20260219,UBNA_028,E18 Bridge
HF,54720.0,10.160693807257395,64.8885,64.8937,46953.0,65655.0,Echolocation,Pipistrellus pipistrellus,0.258,0.563,-1,192000.0,/mnt/ubna_data_07/recover-20260219/UBNA_028/20260218_062000.WAV,recover-20260219,UBNA_028,E18 Bridge
HF,51840.0,13.289129279503433,65.0365,65.0421,46093.0,63998.0,Echolocation,Myotis alcathoe,0.174,0.419,-1,192000.0,/mnt/ubna_data_07/recover-20260219/UBNA_028/20260218_062000.WAV,recover-20260219,UBNA_028,E18 Bridge
HF,51840.0,6.264687740345421,65.1095,65.1135,44375.0,63746.0,Echolocation,Myotis alcathoe,0.139,0.303,-1,192000.0,/mnt/ubna_data_07/recover-20260219/UBNA_028/20260218_062000.WAV,recover-20260219,UBNA_028,E18 Bridge
HF,52800.0,5.416766354577155,65.1925,65.1991,47812.0,60817.0,Echolocation,Pipistrellus pipistrellus,0.152,0.302,-1,192000.0,/mnt/ubna_data_07/recover-20260219/UBNA_028/20260218_062000.WAV,recover-20260219,UBNA_028,E18 Bridge
HF,51840.0,10.114817343230913,65.2745,65.2793,46093.0,66314.0,Echolocation,Myotis alcathoe,0.206,0.342,-1,192000.0,/mnt/ubna_data_07/recover-20260219/UBNA_028/20260218_062000.WAV,recover-20260219,UBNA_028,E18 Bridge
HF,51840.0,9.224618927912333,65.4425,65.4485,47812.0,66128.0,Echolocation,Pipistrellus pipistrellus,0.154,0.333,-1,192000.0,/mnt/ubna_data_07/recover-20260219/UBNA_028/20260218_062000.WAV,recover-20260219,UBNA_028,E18 Bridge
HF,55680.0,10.017193462373896,65.5095,65.5165,50390.0,67532.0,Echolocation,Pipistrellus pipistrellus,0.249,0.49,-1,192000.0,/mnt/ubna_data_07/recover-20260219/UBNA_028/20260218_062000.WAV,recover-20260219,UBNA_028,E18 Bridge
HF,52800.0,9.401414973133482,65.5695,65.5784,49531.0,66392.0,Echolocation,Pipistrellus pipistrellus,0.321,0.443,-1,192000.0,/mnt/ubna_data_07/recover-20260219/UBNA_028/20260218_062000.WAV,recover-20260219,UBNA_028,E18 Bridge
HF,53760.0,7.272121213394564,65.6715,65.6789,52109.0,65460.0,Echolocation,Pipistrellus pipistrellus,0.208,0.386,-1,192000.0,/mnt/ubna_data_07/recover-20260219/UBNA_028/20260218_062000.WAV,recover-20260219,UBNA_028,E18 Bridge
HF,52800.0,8.22722557459882,65.7315,65.7422,50390.0,64196.0,Echolocation,Pipistrellus pipistrellus,0.176,0.343,-1,192000.0,/mnt/ubna_data_07/recover-20260219/UBNA_028/20260218_062000.WAV,recover-20260219,UBNA_028,E18 Bridge
HF,52800.0,10.754309627612354,65.8025,65.8084,48671.0,68964.0,Echolocation,Pipistrellus pipistrellus,0.153,0.343,-1,192000.0,/mnt/ubna_data_07/recover-20260219/UBNA_028/20260218_062000.WAV,recover-20260219,UBNA_028,E18 Bridge
HF,51840.0,3.9882454022933085,66.2345,66.239,50390.0,60614.0,Echolocation,Pipistrellus pipistrellus,0.36,0.408,-1,192000.0,/mnt/ubna_data_07/recover-20260219/UBNA_028/20260218_062000.WAV,recover-20260219,UBNA_028,E18 Bridge
HF,48000.0,28.26865791720415,66.3475,66.3539,45234.0,74145.0,Echolocation,Pipistrellus pipistrellus,0.399,0.58,-1,192000.0,/mnt/ubna_data_07/recover-20260219/UBNA_028/20260218_062000.WAV,recover-20260219,UBNA_028,E18 Bridge
HF,51840.0,19.57885030260918,66.4265,66.4318,46953.0,69072.0,Echolocation,Pipistrellus pipistrellus,0.512,0.606,-1,192000.0,/mnt/ubna_data_07/recover-20260219/UBNA_028/20260218_062000.WAV,recover-20260219,UBNA_028,E18 Bridge
HF,51840.0,26.105017461278585,66.5145,66.5211,45234.0,79578.0,Echolocation,Pipistrellus pipistrellus,0.291,0.581,-1,192000.0,/mnt/ubna_data_07/recover-20260219/UBNA_028/20260218_062000.WAV,recover-20260219,UBNA_028,E18 Bridge
HF,54720.0,11.186008608657477,66.61449999999999,66.6196,46093.0,69759.0,Echolocation,Myotis alcathoe,0.214,0.462,-1,192000.0,/mnt/ubna_data_07/recover-20260219/UBNA_028/20260218_062000.WAV,recover-20260219,UBNA_028,E18 Bridge
HF,51840.0,26.4625517925368,66.7145,66.7198,45234.0,72413.0,Echolocation,Pipistrellus pipistrellus,0.311,0.483,-1,192000.0,/mnt/ubna_data_07/recover-20260219/UBNA_028/20260218_062000.WAV,recover-20260219,UBNA_028,E18 Bridge
HF,52800.0,13.572453781141752,66.8055,66.8094,47812.0,72518.0,Echolocation,Myotis alcathoe,0.248,0.419,-1,192000.0,/mnt/ubna_data_07/recover-20260219/UBNA_028/20260218_062000.WAV,recover-20260219,UBNA_028,E18 Bridge
HF,52800.0,22.485444226859048,66.8915,66.8975,45234.0,74851.0,Echolocation,Pipistrellus pipistrellus,0.417,0.618,-1,192000.0,/mnt/ubna_data_07/recover-20260219/UBNA_028/20260218_062000.WAV,recover-20260219,UBNA_028,E18 Bridge
HF,52800.0,10.438343115441487,66.9855,66.9892,46953.0,70353.0,Echolocation,Myotis alcathoe,0.214,0.412,-1,192000.0,/mnt/ubna_data_07/recover-20260219/UBNA_028/20260218_062000.WAV,recover-20260219,UBNA_028,E18 Bridge
HF,48000.0,14.061190132174598,67.0785,67.0835,45234.0,65066.0,Echolocation,Pipistrellus pipistrellus,0.449,0.615,-1,192000.0,/mnt/ubna_data_07/recover-20260219/UBNA_028/20260218_062000.WAV,recover-20260219,UBNA_028,E18 Bridge
HF,48000.0,8.015230920433561,67.1735,67.1787,45234.0,60919.0,Echolocation,Pipistrellus pipistrellus,0.272,0.419,-1,192000.0,/mnt/ubna_data_07/recover-20260219/UBNA_028/20260218_062000.WAV,recover-20260219,UBNA_028,E18 Bridge
HF,53760.0,5.315992647413051,67.2645,67.2691,46953.0,60015.0,Echolocation,Pipistrellus pipistrellus,0.364,0.446,-1,192000.0,/mnt/ubna_data_07/recover-20260219/UBNA_028/20260218_062000.WAV,recover-20260219,UBNA_028,E18 Bridge
HF,49920.0,9.237673468355219,67.3535,67.3587,45234.0,59183.0,Echolocation,Pipistrellus pipistrellus,0.208,0.361,-1,192000.0,/mnt/ubna_data_07/recover-20260219/UBNA_028/20260218_062000.WAV,recover-20260219,UBNA_028,E18 Bridge
HF,49920.0,2.8021152752270324,67.62950000000001,67.6347,45234.0,65834.0,Echolocation,Pipistrellus pipistrellus,0.166,0.362,-1,192000.0,/mnt/ubna_data_07/recover-20260219/UBNA_028/20260218_062000.WAV,recover-20260219,UBNA_028,E18 Bridge
HF,54720.0,5.576264308963012,67.8185,67.8229,48671.0,59447.0,Echolocation,Pipistrellus pipistrellus,0.386,0.45,-1,192000.0,/mnt/ubna_data_07/recover-20260219/UBNA_028/20260218_062000.WAV,recover-20260219,UBNA_028,E18 Bridge
HF,46080.0,10.395189609208039,68.0845,68.091,43515.0,59168.0,Echolocation,Pipistrellus pipistrellus,0.227,0.58,-1,192000.0,/mnt/ubna_data_07/recover-20260219/UBNA_028/20260218_062000.WAV,recover-20260219,UBNA_028,E18 Bridge
HF,52800.0,6.286878260503351,68.3135,68.3194,44375.0,57004.0,Echolocation,Pipistrellus pipistrellus,0.323,0.565,-1,192000.0,/mnt/ubna_data_07/recover-20260219/UBNA_028/20260218_062000.WAV,recover-20260219,UBNA_028,E18 Bridge
HF,46080.0,3.406489114145104,68.6375,68.643,45234.0,58072.0,Echolocation,Pipistrellus pipistrellus,0.192,0.342,-1,192000.0,/mnt/ubna_data_07/recover-20260219/UBNA_028/20260218_062000.WAV,recover-20260219,UBNA_028,E18 Bridge
HF,51840.0,5.340104046615121,69.49549999999999,69.5,46953.0,61456.0,Echolocation,Pipistrellus pipistrellus,0.196,0.321,-1,192000.0,/mnt/ubna_data_07/recover-20260219/UBNA_028/20260218_062000.WAV,recover-20260219,UBNA_028,E18 Bridge
HF,52800.0,3.435773366998529,69.5785,69.5841,45234.0,57789.0,Echolocation,Pipistrellus pipistrellus,0.207,0.364,-1,192000.0,/mnt/ubna_data_07/recover-20260219/UBNA_028/20260218_062000.WAV,recover-20260219,UBNA_028,E18 Bridge
HF,52800.0,8.056402767746423,69.7535,69.7583,51250.0,58758.0,Echolocation,Pipistrellus pipistrellus,0.309,0.412,-1,192000.0,/mnt/ubna_data_07/recover-20260219/UBNA_028/20260218_062000.WAV,recover-20260219,UBNA_028,E18 Bridge
HF,52800.0,12.642578186949358,70.36449999999999,70.3684,49531.0,63461.0,Echolocation,Pipistrellus pipistrellus,0.162,0.31,-1,192000.0,/mnt/ubna_data_07/recover-20260219/UBNA_028/20260218_062000.WAV,recover-20260219,UBNA_028,E18 Bridge
HF,52800.0,14.610907558416848,70.4445,70.4473,49531.0,64516.0,Echolocation,Pipistrellus pipistrellus,0.182,0.372,-1,192000.0,/mnt/ubna_data_07/recover-20260219/UBNA_028/20260218_062000.WAV,recover-20260219,UBNA_028,E18 Bridge
HF,54720.0,11.058514116791983,70.5195,70.523,49531.0,69495.0,Echolocation,Myotis alcathoe,0.233,0.343,-1,192000.0,/mnt/ubna_data_07/recover-20260219/UBNA_028/20260218_062000.WAV,recover-20260219,UBNA_028,E18 Bridge
HF,53760.0,7.211827540372978,70.5945,70.5987,50390.0,62957.0,Echolocation,Pipistrellus pipistrellus,0.141,0.308,-1,192000.0,/mnt/ubna_data_07/recover-20260219/UBNA_028/20260218_062000.WAV,recover-20260219,UBNA_028,E18 Bridge
HF,53760.0,8.933775938539268,70.7595,70.7645,51250.0,62878.0,Echolocation,Pipistrellus pygmaeus,0.148,0.365,-1,192000.0,/mnt/ubna_data_07/recover-20260219/UBNA_028/20260218_062000.WAV,recover-20260219,UBNA_028,E18 Bridge
HF,53760.0,5.436556431305225,70.8405,70.8446,51250.0,63760.0,Echolocation,Pipistrellus pipistrellus,0.214,0.403,-1,192000.0,/mnt/ubna_data_07/recover-20260219/UBNA_028/20260218_062000.WAV,recover-20260219,UBNA_028,E18 Bridge
HF,51840.0,8.589322273584845,70.9205,70.9245,50390.0,66061.0,Echolocation,Pipistrellus pipistrellus,0.276,0.419,-1,192000.0,/mnt/ubna_data_07/recover-20260219/UBNA_028/20260218_062000.WAV,recover-20260219,UBNA_028,E18 Bridge
HF,50880.0,9.514508512762584,70.9995,71.0041,49531.0,60965.0,Echolocation,Pipistrellus pipistrellus,0.274,0.362,-1,192000.0,/mnt/ubna_data_07/recover-20260219/UBNA_028/20260218_062000.WAV,recover-20260219,UBNA_028,E18 Bridge
HF,50880.0,4.432139694053033,71.1835,71.1884,50390.0,61182.0,Echolocation,Pipistrellus pipistrellus,0.187,0.31,-1,192000.0,/mnt/ubna_data_07/recover-20260219/UBNA_028/20260218_062000.WAV,recover-20260219,UBNA_028,E18 Bridge
HF,52800.0,13.428179470760767,71.2685,71.2728,46953.0,64424.0,Echolocation,Myotis alcathoe,0.173,0.374,-1,192000.0,/mnt/ubna_data_07/recover-20260219/UBNA_028/20260218_062000.WAV,recover-20260219,UBNA_028,E18 Bridge
HF,52800.0,8.410531979975795,71.35249999999999,71.35640000000001,45234.0,63281.0,Echolocation,Myotis alcathoe,0.231,0.375,-1,192000.0,/mnt/ubna_data_07/recover-20260219/UBNA_028/20260218_062000.WAV,recover-20260219,UBNA_028,E18 Bridge
HF,48000.0,14.491803365759658,71.4345,71.4391,45234.0,62797.0,Echolocation,Myotis alcathoe,0.213,0.423,-1,192000.0,/mnt/ubna_data_07/recover-20260219/UBNA_028/20260218_062000.WAV,recover-20260219,UBNA_028,E18 Bridge
HF,52800.0,10.584599936200012,71.5155,71.5198,44375.0,69916.0,Echolocation,Myotis alcathoe,0.258,0.433,-1,192000.0,/mnt/ubna_data_07/recover-20260219/UBNA_028/20260218_062000.WAV,recover-20260219,UBNA_028,E18 Bridge
HF,51840.0,11.064933432533815,71.5975,71.6011,46093.0,66075.0,Echolocation,Myotis alcathoe,0.205,0.396,-1,192000.0,/mnt/ubna_data_07/recover-20260219/UBNA_028/20260218_062000.WAV,recover-20260219,UBNA_028,E18 Bridge
HF,47040.0,17.410673490623026,71.6705,71.6757,45234.0,65819.0,Echolocation,Myotis alcathoe,0.21,0.49,-1,192000.0,/mnt/ubna_data_07/recover-20260219/UBNA_028/20260218_062000.WAV,recover-20260219,UBNA_028,E18 Bridge
HF,56640.0,6.122197580654801,71.7255,71.7294,46953.0,63889.0,Echolocation,Myotis alcathoe,0.172,0.402,-1,192000.0,/mnt/ubna_data_07/recover-20260219/UBNA_028/20260218_062000.WAV,recover-20260219,UBNA_028,E18 Bridge
HF,51840.0,13.553259758532722,71.9885,71.9929,48671.0,63653.0,Echolocation,Pipistrellus pipistrellus,0.292,0.565,-1,192000.0,/mnt/ubna_data_07/recover-20260219/UBNA_028/20260218_062000.WAV,recover-20260219,UBNA_028,E18 Bridge
HF,45120.0,9.72154512569894,72.1685,72.1738,43515.0,57185.0,Echolocation,Pipistrellus pipistrellus,0.415,0.591,-1,192000.0,/mnt/ubna_data_07/recover-20260219/UBNA_028/20260218_062000.WAV,recover-20260219,UBNA_028,E18 Bridge
HF,45120.0,10.744049253736964,72.2505,72.2554,43515.0,63553.0,Echolocation,Pipistrellus pipistrellus,0.473,0.611,-1,192000.0,/mnt/ubna_data_07/recover-20260219/UBNA_028/20260218_062000.WAV,recover-20260219,UBNA_028,E18 Bridge
HF,50880.0,12.025374512874937,72.3355,72.3401,45234.0,60680.0,Echolocation,Pipistrellus pipistrellus,0.329,0.487,-1,192000.0,/mnt/ubna_data_07/recover-20260219/UBNA_028/20260218_062000.WAV,recover-20260219,UBNA_028,E18 Bridge
HF,49920.0,10.516905914234513,72.4235,72.42830000000001,45234.0,73168.0,Echolocation,Myotis alcathoe,0.259,0.413,-1,192000.0,/mnt/ubna_data_07/recover-20260219/UBNA_028/20260218_062000.WAV,recover-20260219,UBNA_028,E18 Bridge
HF,50880.0,14.920294006665815,72.5295,72.5333,50390.0,76985.0,Echolocation,Myotis alcathoe,0.372,0.535,-1,192000.0,/mnt/ubna_data_07/recover-20260219/UBNA_028/20260218_062000.WAV,recover-20260219,UBNA_028,E18 Bridge
HF,54720.0,16.766630504330664,72.6075,72.612,47812.0,69892.0,Echolocation,Pipistrellus pipistrellus,0.338,0.493,-1,192000.0,/mnt/ubna_data_07/recover-20260219/UBNA_028/20260218_062000.WAV,recover-20260219,UBNA_028,E18 Bridge
HF,49920.0,15.95372459139951,72.6675,72.6712,45234.0,67310.0,Echolocation,Myotis alcathoe,0.201,0.319,-1,192000.0,/mnt/ubna_data_07/recover-20260219/UBNA_028/20260218_062000.WAV,recover-20260219,UBNA_028,E18 Bridge
HF,50880.0,7.592431394942243,72.7125,72.7168,49531.0,64634.0,Echolocation,Pipistrellus pipistrellus,0.444,0.544,-1,192000.0,/mnt/ubna_data_07/recover-20260219/UBNA_028/20260218_062000.WAV,recover-20260219,UBNA_028,E18 Bridge
HF,52800.0,16.31300253255911,72.7785,72.7835,46953.0,66019.0,Echolocation,Myotis alcathoe,0.251,0.509,-1,192000.0,/mnt/ubna_data_07/recover-20260219/UBNA_028/20260218_062000.WAV,recover-20260219,UBNA_028,E18 Bridge
HF,48960.0,7.730325627125081,72.8575,72.8622,47812.0,61964.0,Echolocation,Pipistrellus pipistrellus,0.253,0.34,-1,192000.0,/mnt/ubna_data_07/recover-20260219/UBNA_028/20260218_062000.WAV,recover-20260219,UBNA_028,E18 Bridge
HF,52800.0,4.2753503584440296,72.9375,72.9408,47812.0,66755.0,Echolocation,Myotis alcathoe,0.189,0.346,-1,192000.0,/mnt/ubna_data_07/recover-20260219/UBNA_028/20260218_062000.WAV,recover-20260219,UBNA_028,E18 Bridge
HF,52800.0,15.759095169241995,73.0115,73.017,46953.0,66208.0,Echolocation,Myotis alcathoe,0.228,0.453,-1,192000.0,/mnt/ubna_data_07/recover-20260219/UBNA_028/20260218_062000.WAV,recover-20260219,UBNA_028,E18 Bridge
HF,52800.0,7.622820563948465,73.0895,73.0945,46953.0,58997.0,Echolocation,Pipistrellus pipistrellus,0.41,0.482,-1,192000.0,/mnt/ubna_data_07/recover-20260219/UBNA_028/20260218_062000.WAV,recover-20260219,UBNA_028,E18 Bridge
HF,52800.0,9.903611707025064,73.1775,73.1813,46093.0,69200.0,Echolocation,Myotis alcathoe,0.317,0.499,-1,192000.0,/mnt/ubna_data_07/recover-20260219/UBNA_028/20260218_062000.WAV,recover-20260219,UBNA_028,E18 Bridge
HF,52800.0,12.604288101256522,73.2635,73.2672,46093.0,67656.0,Echolocation,Myotis alcathoe,0.209,0.411,-1,192000.0,/mnt/ubna_data_07/recover-20260219/UBNA_028/20260218_062000.WAV,recover-20260219,UBNA_028,E18 Bridge
HF,52800.0,12.078719699241805,73.3475,73.352,46093.0,69321.0,Echolocation,Myotis alcathoe,0.289,0.5,-1,192000.0,/mnt/ubna_data_07/recover-20260219/UBNA_028/20260218_062000.WAV,recover-20260219,UBNA_028,E18 Bridge
HF,52800.0,8.57641908734447,73.4195,73.4232,50390.0,62117.0,Echolocation,Pipistrellus pipistrellus,0.27,0.366,-1,192000.0,/mnt/ubna_data_07/recover-20260219/UBNA_028/20260218_062000.WAV,recover-20260219,UBNA_028,E18 Bridge
HF,51840.0,5.36914420209028,73.47749999999999,73.482,51250.0,62960.0,Echolocation,Pipistrellus pipistrellus,0.288,0.376,-1,192000.0,/mnt/ubna_data_07/recover-20260219/UBNA_028/20260218_062000.WAV,recover-20260219,UBNA_028,E18 Bridge
HF,51840.0,18.8539413525272,73.6065,73.6113,45234.0,72468.0,Echolocation,Myotis alcathoe,0.305,0.533,-1,192000.0,/mnt/ubna_data_07/recover-20260219/UBNA_028/20260218_062000.WAV,recover-20260219,UBNA_028,E18 Bridge
HF,54720.0,17.91751114984134,73.6805,73.68469999999999,46953.0,74858.0,Echolocation,Myotis alcathoe,0.333,0.439,-1,192000.0,/mnt/ubna_data_07/recover-20260219/UBNA_028/20260218_062000.WAV,recover-20260219,UBNA_028,E18 Bridge
HF,53760.0,6.797097417118398,73.7375,73.7425,51250.0,61279.0,Echolocation,Pipistrellus pipistrellus,0.213,0.363,-1,192000.0,/mnt/ubna_data_07/recover-20260219/UBNA_028/20260218_062000.WAV,recover-20260219,UBNA_028,E18 Bridge
HF,54720.0,3.8936384840716283,73.8355,73.8391,52968.0,63338.0,Echolocation,Pipistrellus pipistrellus,0.303,0.377,-1,192000.0,/mnt/ubna_data_07/recover-20260219/UBNA_028/20260218_062000.WAV,recover-20260219,UBNA_028,E18 Bridge
HF,55680.0,5.316181351692296,73.8735,73.87780000000001,52109.0,65012.0,Echolocation,Pipistrellus pipistrellus,0.237,0.408,-1,192000.0,/mnt/ubna_data_07/recover-20260219/UBNA_028/20260218_062000.WAV,recover-20260219,UBNA_028,E18 Bridge
HF,53760.0,13.177002844026601,73.9515,73.9548,50390.0,72235.0,Echolocation,Myotis alcathoe,0.224,0.324,-1,192000.0,/mnt/ubna_data_07/recover-20260219/UBNA_028/20260218_062000.WAV,recover-20260219,UBNA_028,E18 Bridge
HF,52800.0,14.735468130196686,74.01050000000001,74.0142,50390.0,74084.0,Echolocation,Pipistrellus pipistrellus,0.35,0.557,-1,192000.0,/mnt/ubna_data_07/recover-20260219/UBNA_028/20260218_062000.WAV,recover-20260219,UBNA_028,E18 Bridge
HF,52800.0,13.217774206533552,74.0695,74.0729,50390.0,79137.0,Echolocation,Myotis alcathoe,0.346,0.405,-1,192000.0,/mnt/ubna_data_07/recover-20260219/UBNA_028/20260218_062000.WAV,recover-20260219,UBNA_028,E18 Bridge
HF,54720.0,6.041639815214772,74.1115,74.1149,49531.0,74282.0,Echolocation,Myotis alcathoe,0.294,0.329,-1,192000.0,/mnt/ubna_data_07/recover-20260219/UBNA_028/20260218_062000.WAV,recover-20260219,UBNA_028,E18 Bridge
HF,51840.0,5.070773184175954,74.1435,74.1477,49531.0,77537.0,Echolocation,Myotis alcathoe,0.26,0.384,-1,192000.0,/mnt/ubna_data_07/recover-20260219/UBNA_028/20260218_062000.WAV,recover-20260219,UBNA_028,E18 Bridge
HF,54720.0,5.0396488089340625,74.1755,74.1791,52109.0,71469.0,Echolocation,Myotis alcathoe,0.199,0.369,-1,192000.0,/mnt/ubna_data_07/recover-20260219/UBNA_028/20260218_062000.WAV,recover-20260219,UBNA_028,E18 Bridge
HF,52800.0,5.074579673092287,74.2035,74.207,50390.0,69173.0,Echolocation,Myotis alcathoe,0.216,0.384,-1,192000.0,/mnt/ubna_data_07/recover-20260219/UBNA_028/20260218_062000.WAV,recover-20260219,UBNA_028,E18 Bridge
HF,51840.0,2.4173863234774204,74.4065,74.4123,51250.0,64821.0,Echolocation,Pipistrellus pipistrellus,0.259,0.324,-1,192000.0,/mnt/ubna_data_07/recover-20260219/UBNA_028/20260218_062000.WAV,recover-20260219,UBNA_028,E18 Bridge
HF,51840.0,20.10929750368231,74.5215,74.5271,45234.0,70800.0,Echolocation,Pipistrellus pipistrellus,0.573,0.707,-1,192000.0,/mnt/ubna_data_07/recover-20260219/UBNA_028/20260218_062000.WAV,recover-20260219,UBNA_028,E18 Bridge
HF,48000.0,17.974275773388484,74.6015,74.6072,46093.0,69443.0,Echolocation,Pipistrellus pipistrellus,0.251,0.513,-1,192000.0,/mnt/ubna_data_07/recover-20260219/UBNA_028/20260218_062000.WAV,recover-20260219,UBNA_028,E18 Bridge
HF,51840.0,17.311333145717416,74.7065,74.7116,46093.0,74931.0,Echolocation,Myotis alcathoe,0.276,0.45,-1,192000.0,/mnt/ubna_data_07/recover-20260219/UBNA_028/20260218_062000.WAV,recover-20260219,UBNA_028,E18 Bridge
HF,48000.0,15.41220572352072,74.7975,74.80330000000001,46093.0,69457.0,Echolocation,Myotis alcathoe,0.257,0.512,-1,192000.0,/mnt/ubna_data_07/recover-20260219/UBNA_028/20260218_062000.WAV,recover-20260219,UBNA_028,E18 Bridge
HF,51840.0,14.053838318493494,74.88550000000001,74.8905,46953.0,66439.0,Echolocation,Myotis alcathoe,0.194,0.447,-1,192000.0,/mnt/ubna_data_07/recover-20260219/UBNA_028/20260218_062000.WAV,recover-20260219,UBNA_028,E18 Bridge
HF,55680.0,17.66239418242541,74.9665,74.9714,51250.0,72662.0,Echolocation,Pipistrellus pipistrellus,0.219,0.466,-1,192000.0,/mnt/ubna_data_07/recover-20260219/UBNA_028/20260218_062000.WAV,recover-20260219,UBNA_028,E18 Bridge
HF,51840.0,21.248590154414394,75.0515,75.0571,46953.0,87397.0,Echolocation,Myotis alcathoe,0.374,0.467,-1,192000.0,/mnt/ubna_data_07/recover-20260219/UBNA_028/20260218_062000.WAV,recover-20260219,UBNA_028,E18 Bridge
HF,54720.0,20.79969201828787,75.1385,75.1431,46093.0,70744.0,Echolocation,Pipistrellus pipistrellus,0.509,0.609,-1,192000.0,/mnt/ubna_data_07/recover-20260219/UBNA_028/20260218_062000.WAV,recover-20260219,UBNA_028,E18 Bridge
HF,48000.0,23.43475326222382,75.2265,75.2325,46093.0,76611.0,Echolocation,Pipistrellus pipistrellus,0.228,0.489,-1,192000.0,/mnt/ubna_data_07/recover-20260219/UBNA_028/20260218_062000.WAV,recover-20260219,UBNA_028,E18 Bridge
HF,54720.0,24.647703134733227,75.3485,75.3539,44375.0,87650.0,Echolocation,Myotis alcathoe,0.462,0.554,-1,192000.0,/mnt/ubna_data_07/recover-20260219/UBNA_028/20260218_062000.WAV,recover-20260219,UBNA_028,E18 Bridge
HF,55680.0,27.4203165551272,75.4305,75.4356,44375.0,77800.0,Echolocation,Pipistrellus pipistrellus,0.418,0.648,-1,192000.0,/mnt/ubna_data_07/recover-20260219/UBNA_028/20260218_062000.WAV,recover-20260219,UBNA_028,E18 Bridge
HF,48000.0,17.956715747916597,75.5115,75.5175,45234.0,84197.0,Echolocation,Myotis alcathoe,0.342,0.466,-1,192000.0,/mnt/ubna_data_07/recover-20260219/UBNA_028/20260218_062000.WAV,recover-20260219,UBNA_028,E18 Bridge
HF,48000.0,21.338556702937673,75.5975,75.60249999999999,44375.0,82042.0,Echolocation,Myotis alcathoe,0.307,0.491,-1,192000.0,/mnt/ubna_data_07/recover-20260219/UBNA_028/20260218_062000.WAV,recover-20260219,UBNA_028,E18 Bridge
HF,48960.0,16.159237098058846,75.6715,75.6758,44375.0,81492.0,Echolocation,Myotis alcathoe,0.357,0.435,-1,192000.0,/mnt/ubna_data_07/recover-20260219/UBNA_028/20260218_062000.WAV,recover-20260219,UBNA_028,E18 Bridge
HF,48000.0,23.646193483333615,75.7835,75.7887,43515.0,71836.0,Echolocation,Pipistrellus pipistrellus,0.576,0.733,-1,192000.0,/mnt/ubna_data_07/recover-20260219/UBNA_028/20260218_062000.WAV,recover-20260219,UBNA_028,E18 Bridge
HF,48000.0,13.102347796567958,75.8725,75.8772,44375.0,73963.0,Echolocation,Myotis alcathoe,0.296,0.38,-1,192000.0,/mnt/ubna_data_07/recover-20260219/UBNA_028/20260218_062000.WAV,recover-20260219,UBNA_028,E18 Bridge
HF,53760.0,15.296114018491947,75.9605,75.9656,45234.0,75423.0,Echolocation,Myotis alcathoe,0.328,0.528,-1,192000.0,/mnt/ubna_data_07/recover-20260219/UBNA_028/20260218_062000.WAV,recover-20260219,UBNA_028,E18 Bridge
HF,49920.0,7.506396125856575,76.0475,76.05199999999999,45234.0,60638.0,Echolocation,Pipistrellus pipistrellus,0.458,0.544,-1,192000.0,/mnt/ubna_data_07/recover-20260219/UBNA_028/20260218_062000.WAV,recover-20260219,UBNA_028,E18 Bridge
HF,45120.0,3.906287108158563,76.1265,76.1312,44375.0,56666.0,Echolocation,Pipistrellus pipistrellus,0.427,0.462,-1,192000.0,/mnt/ubna_data_07/recover-20260219/UBNA_028/20260218_062000.WAV,recover-20260219,UBNA_028,E18 Bridge
HF,50880.0,13.56302259997703,76.6675,76.6722,47812.0,62567.0,Echolocation,Pipistrellus pipistrellus,0.466,0.55,-1,192000.0,/mnt/ubna_data_07/recover-20260219/UBNA_028/20260218_062000.WAV,recover-20260219,UBNA_028,E18 Bridge
HF,49920.0,2.0561798982523922,76.7315,76.7375,49531.0,55997.0,Echolocation,Pipistrellus pipistrellus,0.356,0.37,-1,192000.0,/mnt/ubna_data_07/recover-20260219/UBNA_028/20260218_062000.WAV,recover-20260219,UBNA_028,E18 Bridge
HF,50880.0,5.188935087152455,77.0885,77.0936,49531.0,61266.0,Echolocation,Pipistrellus pipistrellus,0.527,0.604,-1,192000.0,/mnt/ubna_data_07/recover-20260219/UBNA_028/20260218_062000.WAV,recover-20260219,UBNA_028,E18 Bridge
HF,52800.0,6.817039484253922,77.1515,77.1565,48671.0,58114.0,Echolocation,Pipistrellus pipistrellus,0.342,0.36,-1,192000.0,/mnt/ubna_data_07/recover-20260219/UBNA_028/20260218_062000.WAV,recover-20260219,UBNA_028,E18 Bridge
HF,48960.0,4.29535771922144,77.5375,77.5432,47812.0,56202.0,Echolocation,Pipistrellus pipistrellus,0.468,0.48,-1,192000.0,/mnt/ubna_data_07/recover-20260219/UBNA_028/20260218_062000.WAV,recover-20260219,UBNA_028,E18 Bridge
HF,50880.0,2.3272298677646956,77.7285,77.7367,50390.0,55203.0,Echolocation,Pipistrellus pipistrellus,0.281,0.318,-1,192000.0,/mnt/ubna_data_07/recover-20260219/UBNA_028/20260218_062000.WAV,recover-20260219,UBNA_028,E18 Bridge
HF,50880.0,2.0984125406681295,77.8075,77.8144,49531.0,54208.0,Echolocation,Pipistrellus pipistrellus,0.327,0.361,-1,192000.0,/mnt/ubna_data_07/recover-20260219/UBNA_028/20260218_062000.WAV,recover-20260219,UBNA_028,E18 Bridge
HF,49920.0,5.863324832829051,77.88550000000001,77.8895,47812.0,61129.0,Echolocation,Pipistrellus pipistrellus,0.442,0.505,-1,192000.0,/mnt/ubna_data_07/recover-20260219/UBNA_028/20260218_062000.WAV,recover-20260219,UBNA_028,E18 Bridge
HF,46080.0,8.954410624186991,78.0865,78.0911,44375.0,66071.0,Echolocation,Myotis alcathoe,0.265,0.478,-1,192000.0,/mnt/ubna_data_07/recover-20260219/UBNA_028/20260218_062000.WAV,recover-20260219,UBNA_028,E18 Bridge
HF,51840.0,6.193670140166376,78.2675,78.2734,50390.0,56450.0,Echolocation,Pipistrellus pipistrellus,0.37,0.413,-1,192000.0,/mnt/ubna_data_07/recover-20260219/UBNA_028/20260218_062000.WAV,recover-20260219,UBNA_028,E18 Bridge
HF,47040.0,9.359424914859007,78.35249999999999,78.3576,46093.0,61725.0,Echolocation,Pipistrellus pipistrellus,0.381,0.578,-1,192000.0,/mnt/ubna_data_07/recover-20260219/UBNA_028/20260218_062000.WAV,recover-20260219,UBNA_028,E18 Bridge
HF,54720.0,6.749853451502361,78.4355,78.4397,46093.0,68057.0,Echolocation,Myotis alcathoe,0.246,0.346,-1,192000.0,/mnt/ubna_data_07/recover-20260219/UBNA_028/20260218_062000.WAV,recover-20260219,UBNA_028,E18 Bridge
HF,46080.0,7.745888711648733,78.5435,78.5487,45234.0,62682.0,Echolocation,Myotis alcathoe,0.188,0.412,-1,192000.0,/mnt/ubna_data_07/recover-20260219/UBNA_028/20260218_062000.WAV,recover-20260219,UBNA_028,E18 Bridge
HF,48000.0,13.054775482849674,78.6225,78.6274,45234.0,70463.0,Echolocation,Myotis alcathoe,0.266,0.473,-1,192000.0,/mnt/ubna_data_07/recover-20260219/UBNA_028/20260218_062000.WAV,recover-20260219,UBNA_028,E18 Bridge
HF,47040.0,14.179659936503153,78.7025,78.7071,44375.0,69535.0,Echolocation,Myotis alcathoe,0.233,0.412,-1,192000.0,/mnt/ubna_data_07/recover-20260219/UBNA_028/20260218_062000.WAV,recover-20260219,UBNA_028,E18 Bridge
HF,48960.0,7.710536707039913,78.7815,78.7858,45234.0,69189.0,Echolocation,Myotis alcathoe,0.23,0.382,-1,192000.0,/mnt/ubna_data_07/recover-20260219/UBNA_028/20260218_062000.WAV,recover-20260219,UBNA_028,E18 Bridge
HF,56640.0,9.123448039410464,78.8555,78.86019999999999,44375.0,74135.0,Echolocation,Myotis alcathoe,0.268,0.459,-1,192000.0,/mnt/ubna_data_07/recover-20260219/UBNA_028/20260218_062000.WAV,recover-20260219,UBNA_028,E18 Bridge
HF,56640.0,4.3117267648259885,79.0195,79.02289999999999,46953.0,72529.0,Echolocation,Myotis alcathoe,0.219,0.356,-1,192000.0,/mnt/ubna_data_07/recover-20260219/UBNA_028/20260218_062000.WAV,recover-20260219,UBNA_028,E18 Bridge
HF,56640.0,3.556129939923169,79.0715,79.0754,47812.0,72114.0,Echolocation,Myotis alcathoe,0.194,0.335,-1,192000.0,/mnt/ubna_data_07/recover-20260219/UBNA_028/20260218_062000.WAV,recover-20260219,UBNA_028,E18 Bridge
HF,51840.0,2.5555153370390418,79.1095,79.1133,49531.0,69166.0,Echolocation,Myotis alcathoe,0.183,0.35,-1,192000.0,/mnt/ubna_data_07/recover-20260219/UBNA_028/20260218_062000.WAV,recover-20260219,UBNA_028,E18 Bridge
HF,51840.0,8.637338269353867,79.3495,79.3572,52109.0,56470.0,Echolocation,Pipistrellus pipistrellus,0.243,0.422,-1,192000.0,/mnt/ubna_data_07/recover-20260219/UBNA_028/20260218_062000.WAV,recover-20260219,UBNA_028,E18 Bridge
HF,51840.0,7.075080642913564,79.4885,79.4931,47812.0,59586.0,Echolocation,Pipistrellus pipistrellus,0.439,0.483,-1,192000.0,/mnt/ubna_data_07/recover-20260219/UBNA_028/20260218_062000.WAV,recover-20260219,UBNA_028,E18 Bridge
HF,47040.0,19.655775829248952,79.59049999999999,79.5954,45234.0,73387.0,Echolocation,Myotis alcathoe,0.259,0.472,-1,192000.0,/mnt/ubna_data_07/recover-20260219/UBNA_028/20260218_062000.WAV,recover-20260219,UBNA_028,E18 Bridge
HF,52800.0,23.52046113165086,79.6825,79.6882,44375.0,80636.0,Echolocation,Myotis alcathoe,0.365,0.527,-1,192000.0,/mnt/ubna_data_07/recover-20260219/UBNA_028/20260218_062000.WAV,recover-20260219,UBNA_028,E18 Bridge
HF,52800.0,20.776590992383515,79.7805,79.785,44375.0,79314.0,Echolocation,Myotis alcathoe,0.271,0.367,-1,192000.0,/mnt/ubna_data_07/recover-20260219/UBNA_028/20260218_062000.WAV,recover-20260219,UBNA_028,E18 Bridge
HF,53760.0,19.434185837669197,79.8895,79.8946,45234.0,73200.0,Echolocation,Myotis alcathoe,0.25,0.47,-1,192000.0,/mnt/ubna_data_07/recover-20260219/UBNA_028/20260218_062000.WAV,recover-20260219,UBNA_028,E18 Bridge
HF,52800.0,16.81711930128997,79.9785,79.9834,46093.0,79767.0,Echolocation,Myotis alcathoe,0.29,0.385,-1,192000.0,/mnt/ubna_data_07/recover-20260219/UBNA_028/20260218_062000.WAV,recover-20260219,UBNA_028,E18 Bridge
HF,52800.0,22.65914252223294,80.0555,80.0609,45234.0,76051.0,Echolocation,Myotis alcathoe,0.276,0.546,-1,192000.0,/mnt/ubna_data_07/recover-20260219/UBNA_028/20260218_062000.WAV,recover-20260219,UBNA_028,E18 Bridge
HF,52800.0,17.72580861696078,80.12950000000001,80.13419999999999,44375.0,76510.0,Echolocation,Myotis alcathoe,0.251,0.51,-1,192000.0,/mnt/ubna_data_07/recover-20260219/UBNA_028/20260218_062000.WAV,recover-20260219,UBNA_028,E18 Bridge
HF,52800.0,15.724455756275484,80.2105,80.2161,46093.0,70272.0,Echolocation,Pipistrellus pipistrellus,0.353,0.587,-1,192000.0,/mnt/ubna_data_07/recover-20260219/UBNA_028/20260218_062000.WAV,recover-20260219,UBNA_028,E18 Bridge
HF,51840.0,17.20945623292742,80.2915,80.297,44375.0,70987.0,Echolocation,Pipistrellus pipistrellus,0.326,0.531,-1,192000.0,/mnt/ubna_data_07/recover-20260219/UBNA_028/20260218_062000.WAV,recover-20260219,UBNA_028,E18 Bridge
HF,46080.0,12.233217004255756,80.3785,80.384,45234.0,59935.0,Echolocation,Pipistrellus pipistrellus,0.276,0.485,-1,192000.0,/mnt/ubna_data_07/recover-20260219/UBNA_028/20260218_062000.WAV,recover-20260219,UBNA_028,E18 Bridge
HF,47040.0,22.977725692997417,80.5085,80.5139,46093.0,69445.0,Echolocation,Pipistrellus pipistrellus,0.359,0.58,-1,192000.0,/mnt/ubna_data_07/recover-20260219/UBNA_028/20260218_062000.WAV,recover-20260219,UBNA_028,E18 Bridge
HF,48000.0,12.599841402610243,80.5925,80.5984,47812.0,64462.0,Echolocation,Pipistrellus pipistrellus,0.336,0.587,-1,192000.0,/mnt/ubna_data_07/recover-20260219/UBNA_028/20260218_062000.WAV,recover-20260219,UBNA_028,E18 Bridge
HF,51840.0,13.604420289619341,80.6805,80.6845,45234.0,69796.0,Echolocation,Myotis alcathoe,0.213,0.325,-1,192000.0,/mnt/ubna_data_07/recover-20260219/UBNA_028/20260218_062000.WAV,recover-20260219,UBNA_028,E18 Bridge
HF,52800.0,11.45834297197499,80.7645,80.7687,42656.0,70619.0,Echolocation,Myotis alcathoe,0.172,0.322,-1,192000.0,/mnt/ubna_data_07/recover-20260219/UBNA_028/20260218_062000.WAV,recover-20260219,UBNA_028,E18 Bridge
HF,51840.0,8.719268541621432,80.8265,80.8302,44375.0,68723.0,Echolocation,Myotis mystacinus,0.183,0.363,-1,192000.0,/mnt/ubna_data_07/recover-20260219/UBNA_028/20260218_062000.WAV,recover-20260219,UBNA_028,E18 Bridge
HF,55680.0,13.451957799414856,80.8945,80.8994,45234.0,68243.0,Echolocation,Myotis alcathoe,0.244,0.512,-1,192000.0,/mnt/ubna_data_07/recover-20260219/UBNA_028/20260218_062000.WAV,recover-20260219,UBNA_028,E18 Bridge
HF,50880.0,7.763687504240649,80.9505,80.9548,45234.0,67341.0,Echolocation,Myotis alcathoe,0.184,0.364,-1,192000.0,/mnt/ubna_data_07/recover-20260219/UBNA_028/20260218_062000.WAV,recover-20260219,UBNA_028,E18 Bridge
HF,54720.0,14.166778798051523,81.1675,81.1724,47812.0,59732.0,Echolocation,Pipistrellus pipistrellus,0.544,0.613,-1,192000.0,/mnt/ubna_data_07/recover-20260219/UBNA_028/20260218_062000.WAV,recover-20260219,UBNA_028,E18 Bridge
HF,48000.0,10.181923995695318,81.24549999999999,81.2499,45234.0,59620.0,Echolocation,Pipistrellus pipistrellus,0.335,0.511,-1,192000.0,/mnt/ubna_data_07/recover-20260219/UBNA_028/20260218_062000.WAV,recover-20260219,UBNA_028,E18 Bridge
HF,48000.0,6.82853630360445,81.3745,81.3794,46953.0,57029.0,Echolocation,Pipistrellus pipistrellus,0.388,0.431,-1,192000.0,/mnt/ubna_data_07/recover-20260219/UBNA_028/20260218_062000.WAV,recover-20260219,UBNA_028,E18 Bridge
HF,52800.0,5.692166448329261,81.4605,81.4654,45234.0,60736.0,Echolocation,Pipistrellus pipistrellus,0.186,0.384,-1,192000.0,/mnt/ubna_data_07/recover-20260219/UBNA_028/20260218_062000.WAV,recover-20260219,UBNA_028,E18 Bridge
HF,52800.0,7.394629507082345,81.5475,81.5522,46093.0,63509.0,Echolocation,Pipistrellus pipistrellus,0.144,0.348,-1,192000.0,/mnt/ubna_data_07/recover-20260219/UBNA_028/20260218_062000.WAV,recover-20260219,UBNA_028,E18 Bridge
HF,52800.0,9.244724641534948,81.6375,81.6422,46953.0,60102.0,Echolocation,Pipistrellus pipistrellus,0.286,0.436,-1,192000.0,/mnt/ubna_data_07/recover-20260219/UBNA_028/20260218_062000.WAV,recover-20260219,UBNA_028,E18 Bridge
HF,47040.0,15.905657280635555,81.7265,81.73140000000001,45234.0,64944.0,Echolocation,Pipistrellus pipistrellus,0.321,0.529,-1,192000.0,/mnt/ubna_data_07/recover-20260219/UBNA_028/20260218_062000.WAV,recover-20260219,UBNA_028,E18 Bridge
HF,52800.0,5.815632568856617,81.9335,81.9388,46093.0,60812.0,Echolocation,Pipistrellus pipistrellus,0.167,0.332,-1,192000.0,/mnt/ubna_data_07/recover-20260219/UBNA_028/20260218_062000.WAV,recover-20260219,UBNA_028,E18 Bridge
HF,54720.0,17.138451700610766,82.0135,82.0177,45234.0,68153.0,Echolocation,Pipistrellus pipistrellus,0.376,0.576,-1,192000.0,/mnt/ubna_data_07/recover-20260219/UBNA_028/20260218_062000.WAV,recover-20260219,UBNA_028,E18 Bridge
HF,51840.0,8.56063219929747,82.08449999999999,82.0875,46953.0,64232.0,Echolocation,Myotis alcathoe,0.189,0.386,-1,192000.0,/mnt/ubna_data_07/recover-20260219/UBNA_028/20260218_062000.WAV,recover-20260219,UBNA_028,E18 Bridge
HF,51840.0,12.379097160858093,82.15950000000001,82.16329999999999,46953.0,64131.0,Echolocation,Myotis alcathoe,0.243,0.457,-1,192000.0,/mnt/ubna_data_07/recover-20260219/UBNA_028/20260218_062000.WAV,recover-20260219,UBNA_028,E18 Bridge
HF,51840.0,12.09618062905437,82.2325,82.2363,46093.0,73244.0,Echolocation,Myotis alcathoe,0.3,0.465,-1,192000.0,/mnt/ubna_data_07/recover-20260219/UBNA_028/20260218_062000.WAV,recover-20260219,UBNA_028,E18 Bridge
HF,52800.0,12.90512744793978,82.3125,82.3166,46953.0,74768.0,Echolocation,Myotis alcathoe,0.288,0.407,-1,192000.0,/mnt/ubna_data_07/recover-20260219/UBNA_028/20260218_062000.WAV,recover-20260219,UBNA_028,E18 Bridge
HF,52800.0,16.850138571313668,82.4125,82.4174,46093.0,76190.0,Echolocation,Myotis alcathoe,0.244,0.489,-1,192000.0,/mnt/ubna_data_07/recover-20260219/UBNA_028/20260218_062000.WAV,recover-20260219,UBNA_028,E18 Bridge
HF,54720.0,7.529436418702219,82.4665,82.47149999999999,51250.0,67890.0,Echolocation,Myotis alcathoe,0.135,0.364,-1,192000.0,/mnt/ubna_data_07/recover-20260219/UBNA_028/20260218_062000.WAV,recover-20260219,UBNA_028,E18 Bridge
HF,52800.0,7.299248045632489,82.5865,82.5903,52109.0,61110.0,Echolocation,Pipistrellus pipistrellus,0.321,0.422,-1,192000.0,/mnt/ubna_data_07/recover-20260219/UBNA_028/20260218_062000.WAV,recover-20260219,UBNA_028,E18 Bridge
HF,54720.0,8.340651848043738,82.95949999999999,82.9636,50390.0,61115.0,Echolocation,Pipistrellus pipistrellus,0.39,0.5,-1,192000.0,/mnt/ubna_data_07/recover-20260219/UBNA_028/20260218_062000.WAV,recover-20260219,UBNA_028,E18 Bridge
HF,54720.0,12.143339751476043,83.0755,83.0824,45234.0,66627.0,Echolocation,Pipistrellus pipistrellus,0.285,0.552,-1,192000.0,/mnt/ubna_data_07/recover-20260219/UBNA_028/20260218_062000.WAV,recover-20260219,UBNA_028,E18 Bridge
HF,51840.0,9.357147358214197,83.1575,83.163,46953.0,63221.0,Echolocation,Pipistrellus pipistrellus,0.206,0.374,-1,192000.0,/mnt/ubna_data_07/recover-20260219/UBNA_028/20260218_062000.WAV,recover-20260219,UBNA_028,E18 Bridge
HF,52800.0,12.406957268410736,83.2505,83.2561,49531.0,69073.0,Echolocation,Pipistrellus pipistrellus,0.158,0.356,-1,192000.0,/mnt/ubna_data_07/recover-20260219/UBNA_028/20260218_062000.WAV,recover-20260219,UBNA_028,E18 Bridge
HF,51840.0,11.15159192276267,83.3395,83.3446,47812.0,73054.0,Echolocation,Myotis alcathoe,0.209,0.448,-1,192000.0,/mnt/ubna_data_07/recover-20260219/UBNA_028/20260218_062000.WAV,recover-20260219,UBNA_028,E18 Bridge
HF,51840.0,16.797823368908766,83.4355,83.4396,46953.0,70843.0,Echolocation,Myotis alcathoe,0.282,0.447,-1,192000.0,/mnt/ubna_data_07/recover-20260219/UBNA_028/20260218_062000.WAV,recover-20260219,UBNA_028,E18 Bridge
HF,51840.0,15.906972836586743,83.5665,83.571,47812.0,64891.0,Echolocation,Pipistrellus pipistrellus,0.211,0.466,-1,192000.0,/mnt/ubna_data_07/recover-20260219/UBNA_028/20260218_062000.WAV,recover-20260219,UBNA_028,E18 Bridge
HF,54720.0,15.495974154453531,83.6395,83.6443,47812.0,66829.0,Echolocation,Pipistrellus pipistrellus,0.409,0.6,-1,192000.0,/mnt/ubna_data_07/recover-20260219/UBNA_028/20260218_062000.WAV,recover-20260219,UBNA_028,E18 Bridge
HF,51840.0,12.901213982151313,83.7355,83.7402,47812.0,66044.0,Echolocation,Pipistrellus pipistrellus,0.216,0.44,-1,192000.0,/mnt/ubna_data_07/recover-20260219/UBNA_028/20260218_062000.WAV,recover-20260219,UBNA_028,E18 Bridge
HF,52800.0,11.08669658512886,83.8175,83.8238,47812.0,65748.0,Echolocation,Pipistrellus pipistrellus,0.393,0.549,-1,192000.0,/mnt/ubna_data_07/recover-20260219/UBNA_028/20260218_062000.WAV,recover-20260219,UBNA_028,E18 Bridge
HF,54720.0,18.77446357011275,83.9045,83.9092,47812.0,73483.0,Echolocation,Myotis alcathoe,0.254,0.507,-1,192000.0,/mnt/ubna_data_07/recover-20260219/UBNA_028/20260218_062000.WAV,recover-20260219,UBNA_028,E18 Bridge
HF,51840.0,14.21381157526378,84.01650000000001,84.0212,46953.0,75336.0,Echolocation,Myotis alcathoe,0.214,0.364,-1,192000.0,/mnt/ubna_data_07/recover-20260219/UBNA_028/20260218_062000.WAV,recover-20260219,UBNA_028,E18 Bridge
HF,48000.0,21.567172165354826,84.0995,84.1053,45234.0,82094.0,Echolocation,Myotis alcathoe,0.328,0.49,-1,192000.0,/mnt/ubna_data_07/recover-20260219/UBNA_028/20260218_062000.WAV,recover-20260219,UBNA_028,E18 Bridge
HF,47040.0,22.035329729159976,84.1875,84.1926,45234.0,79453.0,Echolocation,Myotis alcathoe,0.308,0.476,-1,192000.0,/mnt/ubna_data_07/recover-20260219/UBNA_028/20260218_062000.WAV,recover-20260219,UBNA_028,E18 Bridge
HF,53760.0,27.409625329784582,84.3185,84.3243,45234.0,75540.0,Echolocation,Pipistrellus pipistrellus,0.27,0.556,-1,192000.0,/mnt/ubna_data_07/recover-20260219/UBNA_028/20260218_062000.WAV,recover-20260219,UBNA_028,E18 Bridge
HF,51840.0,24.625349465705312,84.4105,84.4156,44375.0,78945.0,Echolocation,Myotis alcathoe,0.355,0.496,-1,192000.0,/mnt/ubna_data_07/recover-20260219/UBNA_028/20260218_062000.WAV,recover-20260219,UBNA_028,E18 Bridge
HF,51840.0,23.317994176972732,84.52850000000001,84.53399999999999,44375.0,65929.0,Echolocation,Pipistrellus pipistrellus,0.329,0.586,-1,192000.0,/mnt/ubna_data_07/recover-20260219/UBNA_028/20260218_062000.WAV,recover-20260219,UBNA_028,E18 Bridge
HF,52800.0,14.521674757475038,84.6095,84.6129,46953.0,69359.0,Echolocation,Myotis alcathoe,0.245,0.354,-1,192000.0,/mnt/ubna_data_07/recover-20260219/UBNA_028/20260218_062000.WAV,recover-20260219,UBNA_028,E18 Bridge
HF,52800.0,13.624148117595125,84.7015,84.7051,46953.0,73406.0,Echolocation,Myotis alcathoe,0.258,0.392,-1,192000.0,/mnt/ubna_data_07/recover-20260219/UBNA_028/20260218_062000.WAV,recover-20260219,UBNA_028,E18 Bridge
HF,52800.0,16.621811914808884,84.79050000000001,84.7952,45234.0,72700.0,Echolocation,Myotis alcathoe,0.288,0.435,-1,192000.0,/mnt/ubna_data_07/recover-20260219/UBNA_028/20260218_062000.WAV,recover-20260219,UBNA_028,E18 Bridge
HF,49920.0,9.794147553577309,84.8725,84.8775,46953.0,65297.0,Echolocation,Myotis alcathoe,0.18,0.399,-1,192000.0,/mnt/ubna_data_07/recover-20260219/UBNA_028/20260218_062000.WAV,recover-20260219,UBNA_028,E18 Bridge
HF,50880.0,5.126354073903656,84.9565,84.9605,44375.0,66032.0,Echolocation,Myotis alcathoe,0.207,0.353,-1,192000.0,/mnt/ubna_data_07/recover-20260219/UBNA_028/20260218_062000.WAV,recover-20260219,UBNA_028,E18 Bridge
HF,50880.0,13.183838495645881,85.0355,85.03999999999999,44375.0,68799.0,Echolocation,Myotis alcathoe,0.222,0.539,-1,192000.0,/mnt/ubna_data_07/recover-20260219/UBNA_028/20260218_062000.WAV,recover-20260219,UBNA_028,E18 Bridge
HF,51840.0,17.448430795061356,85.3225,85.328,44375.0,68928.0,Echolocation,Pipistrellus pipistrellus,0.349,0.634,-1,192000.0,/mnt/ubna_data_07/recover-20260219/UBNA_028/20260218_062000.WAV,recover-20260219,UBNA_028,E18 Bridge
HF,50880.0,4.67927906573285,85.40950000000001,85.4124,44375.0,65938.0,Echolocation,Myotis alcathoe,0.134,0.312,-1,192000.0,/mnt/ubna_data_07/recover-20260219/UBNA_028/20260218_062000.WAV,recover-20260219,UBNA_028,E18 Bridge
HF,50880.0,2.55430259608032,85.49549999999999,85.5001,49531.0,59066.0,Echolocation,Pipistrellus pipistrellus,0.346,0.387,-1,192000.0,/mnt/ubna_data_07/recover-20260219/UBNA_028/20260218_062000.WAV,recover-20260219,UBNA_028,E18 Bridge
HF,50880.0,13.718372136019244,85.57849999999999,85.5829,45234.0,63859.0,Echolocation,Myotis alcathoe,0.171,0.363,-1,192000.0,/mnt/ubna_data_07/recover-20260219/UBNA_028/20260218_062000.WAV,recover-20260219,UBNA_028,E18 Bridge
HF,51840.0,6.625017470424776,88.6845,88.6896,50390.0,60358.0,Echolocation,Pipistrellus pipistrellus,0.208,0.373,-1,192000.0,/mnt/ubna_data_07/recover-20260219/UBNA_028/20260218_062000.WAV,recover-20260219,UBNA_028,E18 Bridge
HF,54720.0,7.469394489892869,88.8335,88.8392,53828.0,60572.0,Echolocation,Pipistrellus pygmaeus,0.316,0.348,-1,192000.0,/mnt/ubna_data_07/recover-20260219/UBNA_028/20260218_062000.WAV,recover-20260219,UBNA_028,E18 Bridge
HF,54720.0,2.395220078217662,88.9065,88.9114,50390.0,63434.0,Echolocation,Pipistrellus pipistrellus,0.162,0.346,-1,192000.0,/mnt/ubna_data_07/recover-20260219/UBNA_028/20260218_062000.WAV,recover-20260219,UBNA_028,E18 Bridge
HF,51840.0,3.8088800921416692,88.99549999999999,89.0003,49531.0,60473.0,Echolocation,Pipistrellus pipistrellus,0.258,0.335,-1,192000.0,/mnt/ubna_data_07/recover-20260219/UBNA_028/20260218_062000.WAV,recover-20260219,UBNA_028,E18 Bridge
HF,55680.0,2.34691708325795,89.1315,89.1368,54687.0,64009.0,Echolocation,Pipistrellus pygmaeus,0.297,0.304,-1,192000.0,/mnt/ubna_data_07/recover-20260219/UBNA_028/20260218_062000.WAV,recover-20260219,UBNA_028,E18 Bridge
HF,54720.0,2.3488021303057343,89.2535,89.2603,53828.0,58744.0,Echolocation,Pipistrellus pygmaeus,0.305,0.318,-1,192000.0,/mnt/ubna_data_07/recover-20260219/UBNA_028/20260218_062000.WAV,recover-20260219,UBNA_028,E18 Bridge
HF,54720.0,4.667176474917877,89.4065,89.4103,48671.0,59334.0,Echolocation,Pipistrellus pipistrellus,0.269,0.301,-1,192000.0,/mnt/ubna_data_07/recover-20260219/UBNA_028/20260218_062000.WAV,recover-20260219,UBNA_028,E18 Bridge
HF,51840.0,9.81832857445082,89.5715,89.576,44375.0,58869.0,Echolocation,Pipistrellus pipistrellus,0.332,0.453,-1,192000.0,/mnt/ubna_data_07/recover-20260219/UBNA_028/20260218_062000.WAV,recover-20260219,UBNA_028,E18 Bridge
HF,53760.0,10.096332319723832,89.7475,89.7515,48671.0,59162.0,Echolocation,Pipistrellus pipistrellus,0.428,0.502,-1,192000.0,/mnt/ubna_data_07/recover-20260219/UBNA_028/20260218_062000.WAV,recover-20260219,UBNA_028,E18 Bridge
HF,52800.0,8.728365922568733,89.8265,89.8318,46093.0,61410.0,Echolocation,Pipistrellus pipistrellus,0.151,0.32,-1,192000.0,/mnt/ubna_data_07/recover-20260219/UBNA_028/20260218_062000.WAV,recover-20260219,UBNA_028,E18 Bridge
HF,48000.0,7.774417480062806,90.5145,90.5192,46953.0,61371.0,Echolocation,Pipistrellus pipistrellus,0.482,0.591,-1,192000.0,/mnt/ubna_data_07/recover-20260219/UBNA_028/20260218_062000.WAV,recover-20260219,UBNA_028,E18 Bridge
HF,51840.0,3.3341422297490637,90.5855,90.5894,51250.0,61212.0,Echolocation,Pipistrellus pipistrellus,0.341,0.401,-1,192000.0,/mnt/ubna_data_07/recover-20260219/UBNA_028/20260218_062000.WAV,recover-20260219,UBNA_028,E18 Bridge
HF,53760.0,4.5438969998719765,90.6545,90.6593,46953.0,61941.0,Echolocation,Pipistrellus pipistrellus,0.162,0.324,-1,192000.0,/mnt/ubna_data_07/recover-20260219/UBNA_028/20260218_062000.WAV,recover-20260219,UBNA_028,E18 Bridge
HF,51840.0,1.6029928126190465,90.7245,90.728,51250.0,63837.0,Echolocation,Pipistrellus pipistrellus,0.301,0.372,-1,192000.0,/mnt/ubna_data_07/recover-20260219/UBNA_028/20260218_062000.WAV,recover-20260219,UBNA_028,E18 Bridge
HF,52800.0,5.737984910232297,90.7995,90.8034,47812.0,65540.0,Echolocation,Myotis alcathoe,0.158,0.303,-1,192000.0,/mnt/ubna_data_07/recover-20260219/UBNA_028/20260218_062000.WAV,recover-20260219,UBNA_028,E18 Bridge
HF,50880.0,6.9143415167680455,90.8645,90.8688,44375.0,77517.0,Echolocation,Myotis alcathoe,0.248,0.405,-1,192000.0,/mnt/ubna_data_07/recover-20260219/UBNA_028/20260218_062000.WAV,recover-20260219,UBNA_028,E18 Bridge
HF,51840.0,6.944558978601557,90.9345,90.94,49531.0,65493.0,Echolocation,Pipistrellus pipistrellus,0.264,0.464,-1,192000.0,/mnt/ubna_data_07/recover-20260219/UBNA_028/20260218_062000.WAV,recover-20260219,UBNA_028,E18 Bridge
HF,50880.0,9.213278230135115,91.0145,91.0189,44375.0,73444.0,Echolocation,Myotis alcathoe,0.267,0.452,-1,192000.0,/mnt/ubna_data_07/recover-20260219/UBNA_028/20260218_062000.WAV,recover-20260219,UBNA_028,E18 Bridge
HF,51840.0,7.667554033335522,91.0775,91.0815,51250.0,65231.0,Echolocation,Pipistrellus pipistrellus,0.403,0.51,-1,192000.0,/mnt/ubna_data_07/recover-20260219/UBNA_028/20260218_062000.WAV,recover-20260219,UBNA_028,E18 Bridge
HF,51840.0,6.422501393356138,91.1265,91.1297,49531.0,66953.0,Echolocation,Myotis alcathoe,0.142,0.318,-1,192000.0,/mnt/ubna_data_07/recover-20260219/UBNA_028/20260218_062000.WAV,recover-20260219,UBNA_028,E18 Bridge
HF,50880.0,3.280354409294714,91.1775,91.1816,49531.0,65086.0,Echolocation,Pipistrellus pipistrellus,0.31,0.429,-1,192000.0,/mnt/ubna_data_07/recover-20260219/UBNA_028/20260218_062000.WAV,recover-20260219,UBNA_028,E18 Bridge
HF,50880.0,1.8171459953687854,91.2195,91.2242,50390.0,65914.0,Echolocation,Pipistrellus pipistrellus,0.256,0.346,-1,192000.0,/mnt/ubna_data_07/recover-20260219/UBNA_028/20260218_062000.WAV,recover-20260219,UBNA_028,E18 Bridge
HF,55680.0,4.082039613966776,91.2585,91.2615,50390.0,68056.0,Echolocation,Myotis alcathoe,0.181,0.347,-1,192000.0,/mnt/ubna_data_07/recover-20260219/UBNA_028/20260218_062000.WAV,recover-20260219,UBNA_028,E18 Bridge
HF,50880.0,16.477539003180546,91.3695,91.3732,49531.0,63705.0,Echolocation,Pipistrellus pipistrellus,0.518,0.618,-1,192000.0,/mnt/ubna_data_07/recover-20260219/UBNA_028/20260218_062000.WAV,recover-20260219,UBNA_028,E18 Bridge
HF,54720.0,12.078150703742851,91.4345,91.4387,51250.0,66052.0,Echolocation,Pipistrellus pipistrellus,0.195,0.312,-1,192000.0,/mnt/ubna_data_07/recover-20260219/UBNA_028/20260218_062000.WAV,recover-20260219,UBNA_028,E18 Bridge
HF,54720.0,15.36014554756747,91.5065,91.5107,46953.0,66260.0,Echolocation,Pipistrellus pipistrellus,0.501,0.607,-1,192000.0,/mnt/ubna_data_07/recover-20260219/UBNA_028/20260218_062000.WAV,recover-20260219,UBNA_028,E18 Bridge
HF,50880.0,16.44322197857696,91.5825,91.5877,46093.0,68747.0,Echolocation,Pipistrellus pipistrellus,0.224,0.503,-1,192000.0,/mnt/ubna_data_07/recover-20260219/UBNA_028/20260218_062000.WAV,recover-20260219,UBNA_028,E18 Bridge
HF,53760.0,9.993121785663853,91.6595,91.6637,48671.0,75943.0,Echolocation,Myotis alcathoe,0.261,0.436,-1,192000.0,/mnt/ubna_data_07/recover-20260219/UBNA_028/20260218_062000.WAV,recover-20260219,UBNA_028,E18 Bridge
HF,51840.0,14.813641258607353,91.7665,91.7725,46953.0,68170.0,Echolocation,Pipistrellus pipistrellus,0.398,0.528,-1,192000.0,/mnt/ubna_data_07/recover-20260219/UBNA_028/20260218_062000.WAV,recover-20260219,UBNA_028,E18 Bridge
HF,53760.0,18.645981266773756,91.8485,91.854,46093.0,82718.0,Echolocation,Myotis alcathoe,0.29,0.499,-1,192000.0,/mnt/ubna_data_07/recover-20260219/UBNA_028/20260218_062000.WAV,recover-20260219,UBNA_028,E18 Bridge
HF,52800.0,20.705993592112783,91.9375,91.9431,45234.0,85117.0,Echolocation,Myotis alcathoe,0.357,0.537,-1,192000.0,/mnt/ubna_data_07/recover-20260219/UBNA_028/20260218_062000.WAV,recover-20260219,UBNA_028,E18 Bridge
HF,51840.0,18.124063686177433,92.0305,92.034,47812.0,70367.0,Echolocation,Pipistrellus pipistrellus,0.359,0.524,-1,192000.0,/mnt/ubna_data_07/recover-20260219/UBNA_028/20260218_062000.WAV,recover-20260219,UBNA_028,E18 Bridge
HF,53760.0,22.13173153745207,92.1065,92.1106,46093.0,82476.0,Echolocation,Myotis alcathoe,0.525,0.63,-1,192000.0,/mnt/ubna_data_07/recover-20260219/UBNA_028/20260218_062000.WAV,recover-20260219,UBNA_028,E18 Bridge
HF,52800.0,23.079508607179157,92.1855,92.1895,45234.0,83382.0,Echolocation,Myotis alcathoe,0.522,0.621,-1,192000.0,/mnt/ubna_data_07/recover-20260219/UBNA_028/20260218_062000.WAV,recover-20260219,UBNA_028,E18 Bridge
HF,52800.0,21.153088655809352,92.2635,92.2679,46953.0,79494.0,Echolocation,Myotis alcathoe,0.494,0.578,-1,192000.0,/mnt/ubna_data_07/recover-20260219/UBNA_028/20260218_062000.WAV,recover-20260219,UBNA_028,E18 Bridge
HF,52800.0,23.51541467479912,92.3455,92.3493,44375.0,85456.0,Echolocation,Myotis alcathoe,0.586,0.638,-1,192000.0,/mnt/ubna_data_07/recover-20260219/UBNA_028/20260218_062000.WAV,recover-20260219,UBNA_028,E18 Bridge
HF,52800.0,25.123405294278513,92.4285,92.4329,45234.0,87849.0,Echolocation,Myotis alcathoe,0.594,0.643,-1,192000.0,/mnt/ubna_data_07/recover-20260219/UBNA_028/20260218_062000.WAV,recover-20260219,UBNA_028,E18 Bridge
HF,52800.0,26.98696407726086,92.5225,92.5267,46093.0,71019.0,Echolocation,Pipistrellus pipistrellus,0.281,0.437,-1,192000.0,/mnt/ubna_data_07/recover-20260219/UBNA_028/20260218_062000.WAV,recover-20260219,UBNA_028,E18 Bridge
HF,52800.0,26.27732353391112,92.5995,92.6034,45234.0,84752.0,Echolocation,Myotis alcathoe,0.523,0.619,-1,192000.0,/mnt/ubna_data_07/recover-20260219/UBNA_028/20260218_062000.WAV,recover-20260219,UBNA_028,E18 Bridge
HF,52800.0,19.55742593516565,92.6615,92.6657,46953.0,86877.0,Echolocation,Myotis alcathoe,0.595,0.634,-1,192000.0,/mnt/ubna_data_07/recover-20260219/UBNA_028/20260218_062000.WAV,recover-20260219,UBNA_028,E18 Bridge
HF,52800.0,20.68329927532643,92.7095,92.7138,46093.0,89545.0,Echolocation,Myotis alcathoe,0.552,0.601,-1,192000.0,/mnt/ubna_data_07/recover-20260219/UBNA_028/20260218_062000.WAV,recover-20260219,UBNA_028,E18 Bridge
HF,52800.0,20.97801753892594,92.7555,92.759,45234.0,81871.0,Echolocation,Myotis alcathoe,0.58,0.637,-1,192000.0,/mnt/ubna_data_07/recover-20260219/UBNA_028/20260218_062000.WAV,recover-20260219,UBNA_028,E18 Bridge
HF,53760.0,16.280567879413404,92.7915,92.7957,46093.0,83619.0,Echolocation,Myotis alcathoe,0.518,0.576,-1,192000.0,/mnt/ubna_data_07/recover-20260219/UBNA_028/20260218_062000.WAV,recover-20260219,UBNA_028,E18 Bridge
HF,53760.0,15.320394557329525,92.8295,92.8336,45234.0,84863.0,Echolocation,Myotis alcathoe,0.49,0.544,-1,192000.0,/mnt/ubna_data_07/recover-20260219/UBNA_028/20260218_062000.WAV,recover-20260219,UBNA_028,E18 Bridge
HF,52800.0,15.078376684472637,92.8515,92.8551,46093.0,76013.0,Echolocation,Myotis alcathoe,0.394,0.446,-1,192000.0,/mnt/ubna_data_07/recover-20260219/UBNA_028/20260218_062000.WAV,recover-20260219,UBNA_028,E18 Bridge
HF,52800.0,17.149018177261105,92.8835,92.8874,46093.0,82575.0,Echolocation,Myotis alcathoe,0.484,0.549,-1,192000.0,/mnt/ubna_data_07/recover-20260219/UBNA_028/20260218_062000.WAV,recover-20260219,UBNA_028,E18 Bridge
HF,48960.0,15.363161933929899,92.9095,92.9136,42656.0,76015.0,Echolocation,Myotis alcathoe,0.24,0.411,-1,192000.0,/mnt/ubna_data_07/recover-20260219/UBNA_028/20260218_062000.WAV,recover-20260219,UBNA_028,E18 Bridge
HF,52800.0,34.466625086674874,93.0735,93.078,45234.0,76948.0,Echolocation,Pipistrellus pipistrellus,0.297,0.561,-1,192000.0,/mnt/ubna_data_07/recover-20260219/UBNA_028/20260218_062000.WAV,recover-20260219,UBNA_028,E18 Bridge
HF,52800.0,29.287661353803486,93.1305,93.1351,44375.0,88923.0,Echolocation,Myotis alcathoe,0.545,0.612,-1,192000.0,/mnt/ubna_data_07/recover-20260219/UBNA_028/20260218_062000.WAV,recover-20260219,UBNA_028,E18 Bridge
HF,52800.0,31.36289393353004,93.1925,93.198,45234.0,94880.0,Echolocation,Myotis alcathoe,0.556,0.633,-1,192000.0,/mnt/ubna_data_07/recover-20260219/UBNA_028/20260218_062000.WAV,recover-20260219,UBNA_028,E18 Bridge
HF,52800.0,31.63040089077708,93.2655,93.2704,46093.0,85987.0,Echolocation,Myotis alcathoe,0.429,0.625,-1,192000.0,/mnt/ubna_data_07/recover-20260219/UBNA_028/20260218_062000.WAV,recover-20260219,UBNA_028,E18 Bridge
HF,52800.0,27.126064782063757,93.3335,93.338,46093.0,91696.0,Echolocation,Myotis alcathoe,0.586,0.647,-1,192000.0,/mnt/ubna_data_07/recover-20260219/UBNA_028/20260218_062000.WAV,recover-20260219,UBNA_028,E18 Bridge
HF,52800.0,22.565772628911787,93.4025,93.407,46953.0,83950.0,Echolocation,Myotis alcathoe,0.446,0.595,-1,192000.0,/mnt/ubna_data_07/recover-20260219/UBNA_028/20260218_062000.WAV,recover-20260219,UBNA_028,E18 Bridge
HF,52800.0,27.82162924863604,93.4865,93.4909,46093.0,72657.0,Echolocation,Pipistrellus pipistrellus,0.488,0.635,-1,192000.0,/mnt/ubna_data_07/recover-20260219/UBNA_028/20260218_062000.WAV,recover-20260219,UBNA_028,E18 Bridge
HF,52800.0,22.43416765297728,93.5575,93.5611,46953.0,78270.0,Echolocation,Myotis alcathoe,0.45,0.545,-1,192000.0,/mnt/ubna_data_07/recover-20260219/UBNA_028/20260218_062000.WAV,recover-20260219,UBNA_028,E18 Bridge
HF,51840.0,16.83895413478164,93.62950000000001,93.6331,47812.0,76890.0,Echolocation,Myotis alcathoe,0.469,0.532,-1,192000.0,/mnt/ubna_data_07/recover-20260219/UBNA_028/20260218_062000.WAV,recover-20260219,UBNA_028,E18 Bridge
HF,52800.0,12.296948282435432,93.7055,93.7087,47812.0,68659.0,Echolocation,Myotis alcathoe,0.371,0.483,-1,192000.0,/mnt/ubna_data_07/recover-20260219/UBNA_028/20260218_062000.WAV,recover-20260219,UBNA_028,E18 Bridge
HF,51840.0,6.771723555371128,93.7855,93.7886,47812.0,68956.0,Echolocation,Myotis alcathoe,0.289,0.399,-1,192000.0,/mnt/ubna_data_07/recover-20260219/UBNA_028/20260218_062000.WAV,recover-20260219,UBNA_028,E18 Bridge
HF,54720.0,9.255467869341109,93.87049999999999,93.8737,46953.0,67607.0,Echolocation,Myotis alcathoe,0.327,0.432,-1,192000.0,/mnt/ubna_data_07/recover-20260219/UBNA_028/20260218_062000.WAV,recover-20260219,UBNA_028,E18 Bridge
HF,53760.0,5.831600328089578,105.7315,105.741,52968.0,60634.0,Echolocation,Pipistrellus pygmaeus,0.281,0.345,-1,192000.0,/mnt/ubna_data_07/recover-20260219/UBNA_028/20260218_062000.WAV,recover-20260219,UBNA_028,E18 Bridge
LF,26880.0,0.6956595341708893,92.2415,92.2522,26328.0,32335.0,Echolocation,Eptesicus serotinus,0.192,0.387,-1,192000.0,/mnt/ubna_data_07/recover-20260219/UBNA_028/20260218_070000.WAV,recover-20260219,UBNA_028,E18 Bridge
LF,23040.0,1.624358360245691,216.8225,216.8411,22890.0,26686.0,Echolocation,Nyctalus leisleri,0.291,0.376,-1,192000.0,/mnt/ubna_data_07/recover-20260219/UBNA_028/20260218_090000.WAV,recover-20260219,UBNA_028,E18 Bridge
LF,23040.0,0.803700542190662,115.0035,115.0155,23750.0,27928.0,Echolocation,Nyctalus leisleri,0.2,0.316,-1,192000.0,/mnt/ubna_data_07/recover-20260219/UBNA_028/20260218_093000.WAV,recover-20260219,UBNA_028,E18 Bridge
HF,50880.0,4.545312406480043,6.7465,6.7509,47812.0,60942.0,Echolocation,Pipistrellus pipistrellus,0.33,0.38,-1,192000.0,/mnt/ubna_data_07/recover-20260219/UBNA_028/20260218_095000.WAV,recover-20260219,UBNA_028,E18 Bridge
HF,53760.0,5.211062210050642,6.8095,6.8142,44375.0,60982.0,Echolocation,Pipistrellus pipistrellus,0.148,0.355,-1,192000.0,/mnt/ubna_data_07/recover-20260219/UBNA_028/20260218_095000.WAV,recover-20260219,UBNA_028,E18 Bridge
HF,51840.0,4.367724468698973,7.0375,7.0422,49531.0,60236.0,Echolocation,Pipistrellus pipistrellus,0.381,0.42,-1,192000.0,/mnt/ubna_data_07/recover-20260219/UBNA_028/20260218_095000.WAV,recover-20260219,UBNA_028,E18 Bridge
HF,51840.0,2.355887399864012,7.2935,7.2985,49531.0,59842.0,Echolocation,Pipistrellus pipistrellus,0.273,0.3,-1,192000.0,/mnt/ubna_data_07/recover-20260219/UBNA_028/20260218_095000.WAV,recover-20260219,UBNA_028,E18 Bridge
HF,51840.0,3.628832517098069,7.8475,7.8536,47812.0,63082.0,Echolocation,Pipistrellus pipistrellus,0.209,0.319,-1,192000.0,/mnt/ubna_data_07/recover-20260219/UBNA_028/20260218_095000.WAV,recover-20260219,UBNA_028,E18 Bridge
HF,51840.0,7.144579657135509,8.0255,8.0298,50390.0,63964.0,Echolocation,Pipistrellus pipistrellus,0.357,0.464,-1,192000.0,/mnt/ubna_data_07/recover-20260219/UBNA_028/20260218_095000.WAV,recover-20260219,UBNA_028,E18 Bridge
HF,52800.0,2.9115278866358003,8.0715,8.075,47812.0,64429.0,Echolocation,Myotis alcathoe,0.192,0.425,-1,192000.0,/mnt/ubna_data_07/recover-20260219/UBNA_028/20260218_095000.WAV,recover-20260219,UBNA_028,E18 Bridge
HF,52800.0,6.415519308971436,8.5915,8.5955,50390.0,60711.0,Echolocation,Pipistrellus pipistrellus,0.245,0.362,-1,192000.0,/mnt/ubna_data_07/recover-20260219/UBNA_028/20260218_095000.WAV,recover-20260219,UBNA_028,E18 Bridge
HF,51840.0,7.568871893954051,8.6525,8.6563,48671.0,58771.0,Echolocation,Pipistrellus pipistrellus,0.396,0.484,-1,192000.0,/mnt/ubna_data_07/recover-20260219/UBNA_028/20260218_095000.WAV,recover-20260219,UBNA_028,E18 Bridge
HF,52800.0,5.872736026802974,8.6965,8.7008,49531.0,62428.0,Echolocation,Pipistrellus pipistrellus,0.268,0.389,-1,192000.0,/mnt/ubna_data_07/recover-20260219/UBNA_028/20260218_095000.WAV,recover-20260219,UBNA_028,E18 Bridge
HF,52800.0,3.939934496937875,8.7465,8.7498,45234.0,64510.0,Echolocation,Myotis alcathoe,0.238,0.361,-1,192000.0,/mnt/ubna_data_07/recover-20260219/UBNA_028/20260218_095000.WAV,recover-20260219,UBNA_028,E18 Bridge
HF,51840.0,4.253533593057072,8.8025,8.8059,48671.0,65743.0,Echolocation,Pipistrellus pipistrellus,0.228,0.414,-1,192000.0,/mnt/ubna_data_07/recover-20260219/UBNA_028/20260218_095000.WAV,recover-20260219,UBNA_028,E18 Bridge
HF,56640.0,5.796991123025857,8.8535,8.8569,44375.0,72179.0,Echolocation,Myotis alcathoe,0.203,0.314,-1,192000.0,/mnt/ubna_data_07/recover-20260219/UBNA_028/20260218_095000.WAV,recover-20260219,UBNA_028,E18 Bridge
HF,51840.0,4.533045101482119,8.9425,8.9461,48671.0,67314.0,Echolocation,Myotis alcathoe,0.207,0.341,-1,192000.0,/mnt/ubna_data_07/recover-20260219/UBNA_028/20260218_095000.WAV,recover-20260219,UBNA_028,E18 Bridge
HF,51840.0,4.030619554470071,8.9945,8.9989,50390.0,67476.0,Echolocation,Pipistrellus pipistrellus,0.324,0.505,-1,192000.0,/mnt/ubna_data_07/recover-20260219/UBNA_028/20260218_095000.WAV,recover-20260219,UBNA_028,E18 Bridge
HF,56640.0,6.982857389737964,9.1295,9.1323,49531.0,65950.0,Echolocation,Myotis alcathoe,0.242,0.425,-1,192000.0,/mnt/ubna_data_07/recover-20260219/UBNA_028/20260218_095000.WAV,recover-20260219,UBNA_028,E18 Bridge
HF,50880.0,7.417535095654669,9.2355,9.2394,47812.0,58972.0,Echolocation,Pipistrellus pipistrellus,0.482,0.53,-1,192000.0,/mnt/ubna_data_07/recover-20260219/UBNA_028/20260218_095000.WAV,recover-20260219,UBNA_028,E18 Bridge
HF,50880.0,8.094852742756565,9.3015,9.3051,48671.0,65698.0,Echolocation,Myotis alcathoe,0.229,0.454,-1,192000.0,/mnt/ubna_data_07/recover-20260219/UBNA_028/20260218_095000.WAV,recover-20260219,UBNA_028,E18 Bridge
HF,50880.0,5.3559415489400966,9.3675,9.3706,48671.0,63630.0,Echolocation,Myotis alcathoe,0.171,0.38,-1,192000.0,/mnt/ubna_data_07/recover-20260219/UBNA_028/20260218_095000.WAV,recover-20260219,UBNA_028,E18 Bridge
HF,55680.0,7.71872739176636,9.4255,9.4292,47812.0,64451.0,Echolocation,Myotis alcathoe,0.254,0.485,-1,192000.0,/mnt/ubna_data_07/recover-20260219/UBNA_028/20260218_095000.WAV,recover-20260219,UBNA_028,E18 Bridge
HF,55680.0,8.44066789709989,9.4755,9.4792,47812.0,67548.0,Echolocation,Myotis alcathoe,0.286,0.472,-1,192000.0,/mnt/ubna_data_07/recover-20260219/UBNA_028/20260218_095000.WAV,recover-20260219,UBNA_028,E18 Bridge
HF,52800.0,3.8212305467919094,9.5715,9.5748,48671.0,68054.0,Echolocation,Myotis alcathoe,0.275,0.412,-1,192000.0,/mnt/ubna_data_07/recover-20260219/UBNA_028/20260218_095000.WAV,recover-20260219,UBNA_028,E18 Bridge
HF,52800.0,4.652505290481236,9.6115,9.6154,46093.0,66499.0,Echolocation,Myotis alcathoe,0.188,0.357,-1,192000.0,/mnt/ubna_data_07/recover-20260219/UBNA_028/20260218_095000.WAV,recover-20260219,UBNA_028,E18 Bridge
HF,51840.0,10.30797338299429,9.7925,9.796,46953.0,65904.0,Echolocation,Myotis alcathoe,0.268,0.449,-1,192000.0,/mnt/ubna_data_07/recover-20260219/UBNA_028/20260218_095000.WAV,recover-20260219,UBNA_028,E18 Bridge
HF,51840.0,14.655529569123662,9.8485,9.8513,47812.0,61522.0,Echolocation,Myotis alcathoe,0.243,0.463,-1,192000.0,/mnt/ubna_data_07/recover-20260219/UBNA_028/20260218_095000.WAV,recover-20260219,UBNA_028,E18 Bridge
HF,54720.0,4.385669722013386,9.8935,9.8964,50390.0,65235.0,Echolocation,Pipistrellus pipistrellus,0.194,0.383,-1,192000.0,/mnt/ubna_data_07/recover-20260219/UBNA_028/20260218_095000.WAV,recover-20260219,UBNA_028,E18 Bridge
HF,53760.0,5.331015959620718,9.9195,9.9228,46093.0,70022.0,Echolocation,Myotis alcathoe,0.197,0.323,-1,192000.0,/mnt/ubna_data_07/recover-20260219/UBNA_028/20260218_095000.WAV,recover-20260219,UBNA_028,E18 Bridge
HF,51840.0,10.10169192712166,10.0785,10.0817,45234.0,65931.0,Echolocation,Myotis alcathoe,0.237,0.385,-1,192000.0,/mnt/ubna_data_07/recover-20260219/UBNA_028/20260218_095000.WAV,recover-20260219,UBNA_028,E18 Bridge
HF,52800.0,8.17873245309195,10.1465,10.1494,46093.0,72053.0,Echolocation,Myotis alcathoe,0.332,0.428,-1,192000.0,/mnt/ubna_data_07/recover-20260219/UBNA_028/20260218_095000.WAV,recover-20260219,UBNA_028,E18 Bridge
HF,51840.0,5.826777125801364,10.2305,10.2349,51250.0,62034.0,Echolocation,Pipistrellus pipistrellus,0.458,0.545,-1,192000.0,/mnt/ubna_data_07/recover-20260219/UBNA_028/20260218_095000.WAV,recover-20260219,UBNA_028,E18 Bridge
HF,51840.0,5.512006025115918,10.3005,10.3044,50390.0,62239.0,Echolocation,Pipistrellus pipistrellus,0.296,0.404,-1,192000.0,/mnt/ubna_data_07/recover-20260219/UBNA_028/20260218_095000.WAV,recover-20260219,UBNA_028,E18 Bridge
HF,55680.0,7.8911527704482545,10.3475,10.3511,52109.0,64567.0,Echolocation,Pipistrellus pipistrellus,0.252,0.404,-1,192000.0,/mnt/ubna_data_07/recover-20260219/UBNA_028/20260218_095000.WAV,recover-20260219,UBNA_028,E18 Bridge
HF,55680.0,5.388871741996621,10.3905,10.3932,51250.0,62549.0,Echolocation,Pipistrellus pipistrellus,0.232,0.332,-1,192000.0,/mnt/ubna_data_07/recover-20260219/UBNA_028/20260218_095000.WAV,recover-20260219,UBNA_028,E18 Bridge
HF,51840.0,5.345415851474047,10.4595,10.4641,51250.0,61302.0,Echolocation,Pipistrellus pipistrellus,0.29,0.373,-1,192000.0,/mnt/ubna_data_07/recover-20260219/UBNA_028/20260218_095000.WAV,recover-20260219,UBNA_028,E18 Bridge
HF,50880.0,5.679769046011524,10.4885,10.4929,49531.0,58646.0,Echolocation,Pipistrellus pipistrellus,0.307,0.331,-1,192000.0,/mnt/ubna_data_07/recover-20260219/UBNA_028/20260218_095000.WAV,recover-20260219,UBNA_028,E18 Bridge
HF,55680.0,7.637596048478957,10.6945,10.698,52109.0,70460.0,Echolocation,Pipistrellus pipistrellus,0.287,0.471,-1,192000.0,/mnt/ubna_data_07/recover-20260219/UBNA_028/20260218_095000.WAV,recover-20260219,UBNA_028,E18 Bridge
HF,50880.0,18.595513859045294,10.7465,10.7494,47812.0,65905.0,Echolocation,Myotis alcathoe,0.248,0.476,-1,192000.0,/mnt/ubna_data_07/recover-20260219/UBNA_028/20260218_095000.WAV,recover-20260219,UBNA_028,E18 Bridge
HF,53760.0,6.481024564217836,10.8075,10.8118,52109.0,61498.0,Echolocation,Pipistrellus pipistrellus,0.257,0.409,-1,192000.0,/mnt/ubna_data_07/recover-20260219/UBNA_028/20260218_095000.WAV,recover-20260219,UBNA_028,E18 Bridge
HF,52800.0,8.082940450899954,10.8585,10.8616,49531.0,69415.0,Echolocation,Myotis alcathoe,0.248,0.412,-1,192000.0,/mnt/ubna_data_07/recover-20260219/UBNA_028/20260218_095000.WAV,recover-20260219,UBNA_028,E18 Bridge
HF,52800.0,4.786949516853901,10.9035,10.9073,52109.0,61111.0,Echolocation,Pipistrellus pipistrellus,0.286,0.403,-1,192000.0,/mnt/ubna_data_07/recover-20260219/UBNA_028/20260218_095000.WAV,recover-20260219,UBNA_028,E18 Bridge
HF,52800.0,2.9849664420273934,10.9545,10.9576,49531.0,59649.0,Echolocation,Pipistrellus pipistrellus,0.128,0.306,-1,192000.0,/mnt/ubna_data_07/recover-20260219/UBNA_028/20260218_095000.WAV,recover-20260219,UBNA_028,E18 Bridge
HF,52800.0,6.5937829674233654,11.0035,11.0074,51250.0,57910.0,Echolocation,Pipistrellus pipistrellus,0.255,0.373,-1,192000.0,/mnt/ubna_data_07/recover-20260219/UBNA_028/20260218_095000.WAV,recover-20260219,UBNA_028,E18 Bridge
HF,52800.0,4.646509853883857,11.4855,11.4891,48671.0,62120.0,Echolocation,Pipistrellus pipistrellus,0.359,0.441,-1,192000.0,/mnt/ubna_data_07/recover-20260219/UBNA_028/20260218_095000.WAV,recover-20260219,UBNA_028,E18 Bridge
HF,51840.0,13.28135273929086,11.5745,11.578,47812.0,59451.0,Echolocation,Pipistrellus pipistrellus,0.398,0.463,-1,192000.0,/mnt/ubna_data_07/recover-20260219/UBNA_028/20260218_095000.WAV,recover-20260219,UBNA_028,E18 Bridge
HF,51840.0,9.620232042669537,11.6565,11.6599,48671.0,68974.0,Echolocation,Myotis alcathoe,0.261,0.445,-1,192000.0,/mnt/ubna_data_07/recover-20260219/UBNA_028/20260218_095000.WAV,recover-20260219,UBNA_028,E18 Bridge
HF,52800.0,19.099845318671274,11.7425,11.7464,46953.0,70290.0,Echolocation,Myotis alcathoe,0.355,0.499,-1,192000.0,/mnt/ubna_data_07/recover-20260219/UBNA_028/20260218_095000.WAV,recover-20260219,UBNA_028,E18 Bridge
HF,52800.0,14.953526239416647,11.8195,11.8234,46093.0,75596.0,Echolocation,Myotis alcathoe,0.335,0.468,-1,192000.0,/mnt/ubna_data_07/recover-20260219/UBNA_028/20260218_095000.WAV,recover-20260219,UBNA_028,E18 Bridge
HF,48000.0,16.578648493495336,11.9055,11.9102,46093.0,69496.0,Echolocation,Pipistrellus pipistrellus,0.448,0.585,-1,192000.0,/mnt/ubna_data_07/recover-20260219/UBNA_028/20260218_095000.WAV,recover-20260219,UBNA_028,E18 Bridge
HF,55680.0,13.906097001892569,11.9845,11.9887,46953.0,76292.0,Echolocation,Myotis alcathoe,0.373,0.513,-1,192000.0,/mnt/ubna_data_07/recover-20260219/UBNA_028/20260218_095000.WAV,recover-20260219,UBNA_028,E18 Bridge
HF,55680.0,17.749733057150987,12.0605,12.0638,48671.0,72380.0,Echolocation,Myotis alcathoe,0.355,0.545,-1,192000.0,/mnt/ubna_data_07/recover-20260219/UBNA_028/20260218_095000.WAV,recover-20260219,UBNA_028,E18 Bridge
HF,53760.0,16.37043603437958,12.1265,12.1299,49531.0,78351.0,Echolocation,Myotis alcathoe,0.362,0.479,-1,192000.0,/mnt/ubna_data_07/recover-20260219/UBNA_028/20260218_095000.WAV,recover-20260219,UBNA_028,E18 Bridge
HF,54720.0,16.217903721358336,12.1855,12.189,47812.0,80111.0,Echolocation,Myotis alcathoe,0.471,0.54,-1,192000.0,/mnt/ubna_data_07/recover-20260219/UBNA_028/20260218_095000.WAV,recover-20260219,UBNA_028,E18 Bridge
HF,54720.0,17.293598420207964,12.2315,12.2346,51250.0,76117.0,Echolocation,Myotis alcathoe,0.29,0.417,-1,192000.0,/mnt/ubna_data_07/recover-20260219/UBNA_028/20260218_095000.WAV,recover-20260219,UBNA_028,E18 Bridge
HF,51840.0,18.852651736265457,12.2805,12.2842,46953.0,81464.0,Echolocation,Myotis alcathoe,0.478,0.571,-1,192000.0,/mnt/ubna_data_07/recover-20260219/UBNA_028/20260218_095000.WAV,recover-20260219,UBNA_028,E18 Bridge
HF,58560.0,12.737379888156672,12.3325,12.3361,51250.0,78295.0,Echolocation,Myotis alcathoe,0.35,0.449,-1,192000.0,/mnt/ubna_data_07/recover-20260219/UBNA_028/20260218_095000.WAV,recover-20260219,UBNA_028,E18 Bridge
HF,52800.0,14.291359230473528,12.3745,12.3777,51250.0,75977.0,Echolocation,Myotis alcathoe,0.417,0.512,-1,192000.0,/mnt/ubna_data_07/recover-20260219/UBNA_028/20260218_095000.WAV,recover-20260219,UBNA_028,E18 Bridge
HF,51840.0,14.657167500337238,12.4075,12.4104,47812.0,73893.0,Echolocation,Myotis alcathoe,0.309,0.413,-1,192000.0,/mnt/ubna_data_07/recover-20260219/UBNA_028/20260218_095000.WAV,recover-20260219,UBNA_028,E18 Bridge
HF,54720.0,8.073273889652233,12.4235,12.4266,52109.0,75258.0,Echolocation,Myotis alcathoe,0.233,0.304,-1,192000.0,/mnt/ubna_data_07/recover-20260219/UBNA_028/20260218_095000.WAV,recover-20260219,UBNA_028,E18 Bridge
HF,54720.0,11.290471378090064,12.4505,12.4541,52109.0,82840.0,Echolocation,Myotis alcathoe,0.296,0.385,-1,192000.0,/mnt/ubna_data_07/recover-20260219/UBNA_028/20260218_095000.WAV,recover-20260219,UBNA_028,E18 Bridge
HF,47040.0,7.575775853401839,12.4645,12.4676,46093.0,76788.0,Echolocation,Myotis alcathoe,0.231,0.32,-1,192000.0,/mnt/ubna_data_07/recover-20260219/UBNA_028/20260218_095000.WAV,recover-20260219,UBNA_028,E18 Bridge
HF,53760.0,7.7176149664991165,12.6575,12.6619,52968.0,61832.0,Echolocation,Pipistrellus pygmaeus,0.359,0.444,-1,192000.0,/mnt/ubna_data_07/recover-20260219/UBNA_028/20260218_095000.WAV,recover-20260219,UBNA_028,E18 Bridge
HF,51840.0,15.278968935633424,12.7295,12.7333,50390.0,66536.0,Echolocation,Pipistrellus pipistrellus,0.353,0.493,-1,192000.0,/mnt/ubna_data_07/recover-20260219/UBNA_028/20260218_095000.WAV,recover-20260219,UBNA_028,E18 Bridge
HF,54720.0,25.89796666111099,12.8125,12.8172,44375.0,79753.0,Echolocation,Myotis alcathoe,0.432,0.529,-1,192000.0,/mnt/ubna_data_07/recover-20260219/UBNA_028/20260218_095000.WAV,recover-20260219,UBNA_028,E18 Bridge
HF,52800.0,21.328335861543295,12.9085,12.9122,46953.0,76637.0,Echolocation,Myotis alcathoe,0.421,0.551,-1,192000.0,/mnt/ubna_data_07/recover-20260219/UBNA_028/20260218_095000.WAV,recover-20260219,UBNA_028,E18 Bridge
HF,52800.0,25.432312603729777,12.9915,12.9963,46953.0,82114.0,Echolocation,Myotis alcathoe,0.461,0.611,-1,192000.0,/mnt/ubna_data_07/recover-20260219/UBNA_028/20260218_095000.WAV,recover-20260219,UBNA_028,E18 Bridge
HF,54720.0,21.2226267531237,13.0655,13.0697,48671.0,77659.0,Echolocation,Myotis alcathoe,0.412,0.538,-1,192000.0,/mnt/ubna_data_07/recover-20260219/UBNA_028/20260218_095000.WAV,recover-20260219,UBNA_028,E18 Bridge
HF,54720.0,17.509877208814917,13.1425,13.1464,46953.0,81926.0,Echolocation,Myotis alcathoe,0.45,0.593,-1,192000.0,/mnt/ubna_data_07/recover-20260219/UBNA_028/20260218_095000.WAV,recover-20260219,UBNA_028,E18 Bridge
HF,53760.0,15.343959408151452,13.2175,13.2209,47812.0,75588.0,Echolocation,Myotis alcathoe,0.429,0.545,-1,192000.0,/mnt/ubna_data_07/recover-20260219/UBNA_028/20260218_095000.WAV,recover-20260219,UBNA_028,E18 Bridge
HF,55680.0,19.843726889346588,13.3025,13.3071,46093.0,79280.0,Echolocation,Myotis alcathoe,0.308,0.584,-1,192000.0,/mnt/ubna_data_07/recover-20260219/UBNA_028/20260218_095000.WAV,recover-20260219,UBNA_028,E18 Bridge
HF,51840.0,14.022366685517413,13.3795,13.3821,46953.0,69144.0,Echolocation,Myotis alcathoe,0.326,0.427,-1,192000.0,/mnt/ubna_data_07/recover-20260219/UBNA_028/20260218_095000.WAV,recover-20260219,UBNA_028,E18 Bridge
HF,51840.0,17.68900467052408,13.4485,13.4524,47812.0,74114.0,Echolocation,Myotis alcathoe,0.37,0.544,-1,192000.0,/mnt/ubna_data_07/recover-20260219/UBNA_028/20260218_095000.WAV,recover-20260219,UBNA_028,E18 Bridge
HF,48000.0,23.650203930992532,13.5245,13.5288,46093.0,78049.0,Echolocation,Myotis alcathoe,0.283,0.335,-1,192000.0,/mnt/ubna_data_07/recover-20260219/UBNA_028/20260218_095000.WAV,recover-20260219,UBNA_028,E18 Bridge
HF,52800.0,21.997169270439677,13.6005,13.6048,44375.0,84388.0,Echolocation,Myotis alcathoe,0.448,0.601,-1,192000.0,/mnt/ubna_data_07/recover-20260219/UBNA_028/20260218_095000.WAV,recover-20260219,UBNA_028,E18 Bridge
HF,52800.0,11.23853251097053,13.7085,13.7117,46953.0,70122.0,Echolocation,Myotis alcathoe,0.348,0.475,-1,192000.0,/mnt/ubna_data_07/recover-20260219/UBNA_028/20260218_095000.WAV,recover-20260219,UBNA_028,E18 Bridge
HF,54720.0,10.620684816177812,13.8765,13.8802,46093.0,73797.0,Echolocation,Myotis alcathoe,0.341,0.431,-1,192000.0,/mnt/ubna_data_07/recover-20260219/UBNA_028/20260218_095000.WAV,recover-20260219,UBNA_028,E18 Bridge
HF,55680.0,10.86481987791168,14.0775,14.0836,43515.0,66265.0,Echolocation,Pipistrellus pipistrellus,0.344,0.668,-1,192000.0,/mnt/ubna_data_07/recover-20260219/UBNA_028/20260218_095000.WAV,recover-20260219,UBNA_028,E18 Bridge
HF,55680.0,10.82238373352039,14.1385,14.1438,44375.0,68643.0,Echolocation,Myotis alcathoe,0.178,0.497,-1,192000.0,/mnt/ubna_data_07/recover-20260219/UBNA_028/20260218_095000.WAV,recover-20260219,UBNA_028,E18 Bridge
HF,51840.0,7.505056535514168,14.3895,14.3943,43515.0,62130.0,Echolocation,Pipistrellus pipistrellus,0.147,0.482,-1,192000.0,/mnt/ubna_data_07/recover-20260219/UBNA_028/20260218_095000.WAV,recover-20260219,UBNA_028,E18 Bridge
HF,48000.0,2.582327000580322,16.5965,16.6007,47812.0,62607.0,Echolocation,Pipistrellus pipistrellus,0.279,0.308,-1,192000.0,/mnt/ubna_data_07/recover-20260219/UBNA_028/20260218_095000.WAV,recover-20260219,UBNA_028,E18 Bridge
HF,48000.0,4.648032339802437,16.7525,16.757,46953.0,61659.0,Echolocation,Pipistrellus pipistrellus,0.323,0.418,-1,192000.0,/mnt/ubna_data_07/recover-20260219/UBNA_028/20260218_095000.WAV,recover-20260219,UBNA_028,E18 Bridge
HF,47040.0,9.770347274638084,16.9205,16.9253,46093.0,62758.0,Echolocation,Pipistrellus pipistrellus,0.544,0.613,-1,192000.0,/mnt/ubna_data_07/recover-20260219/UBNA_028/20260218_095000.WAV,recover-20260219,UBNA_028,E18 Bridge
HF,51840.0,4.7533281479264105,16.9985,17.0031,47812.0,63323.0,Echolocation,Pipistrellus pipistrellus,0.168,0.336,-1,192000.0,/mnt/ubna_data_07/recover-20260219/UBNA_028/20260218_095000.WAV,recover-20260219,UBNA_028,E18 Bridge
HF,51840.0,6.35376881462788,17.0815,17.0855,48671.0,68063.0,Echolocation,Pipistrellus pipistrellus,0.29,0.435,-1,192000.0,/mnt/ubna_data_07/recover-20260219/UBNA_028/20260218_095000.WAV,recover-20260219,UBNA_028,E18 Bridge
HF,51840.0,6.7022704462117915,17.2595,17.2649,47812.0,65049.0,Echolocation,Pipistrellus pipistrellus,0.179,0.322,-1,192000.0,/mnt/ubna_data_07/recover-20260219/UBNA_028/20260218_095000.WAV,recover-20260219,UBNA_028,E18 Bridge
HF,52800.0,8.310946266730323,17.3775,17.3817,51250.0,63262.0,Echolocation,Pipistrellus pipistrellus,0.491,0.593,-1,192000.0,/mnt/ubna_data_07/recover-20260219/UBNA_028/20260218_095000.WAV,recover-20260219,UBNA_028,E18 Bridge
HF,52800.0,11.21742263797739,17.4585,17.4638,46953.0,66733.0,Echolocation,Myotis alcathoe,0.204,0.432,-1,192000.0,/mnt/ubna_data_07/recover-20260219/UBNA_028/20260218_095000.WAV,recover-20260219,UBNA_028,E18 Bridge
HF,52800.0,8.244853368321596,17.5635,17.5681,46953.0,69730.0,Echolocation,Myotis alcathoe,0.242,0.386,-1,192000.0,/mnt/ubna_data_07/recover-20260219/UBNA_028/20260218_095000.WAV,recover-20260219,UBNA_028,E18 Bridge
HF,48000.0,5.141620371774903,17.6435,17.6474,46953.0,61246.0,Echolocation,Pipistrellus pipistrellus,0.45,0.516,-1,192000.0,/mnt/ubna_data_07/recover-20260219/UBNA_028/20260218_095000.WAV,recover-20260219,UBNA_028,E18 Bridge
HF,54720.0,8.45589195770036,17.7285,17.7326,46953.0,71590.0,Echolocation,Myotis alcathoe,0.246,0.425,-1,192000.0,/mnt/ubna_data_07/recover-20260219/UBNA_028/20260218_095000.WAV,recover-20260219,UBNA_028,E18 Bridge
HF,47040.0,4.8190033017566245,17.9255,17.9306,46093.0,64593.0,Echolocation,Pipistrellus pipistrellus,0.192,0.446,-1,192000.0,/mnt/ubna_data_07/recover-20260219/UBNA_028/20260218_095000.WAV,recover-20260219,UBNA_028,E18 Bridge
HF,51840.0,12.891137922759619,18.0095,18.0128,46093.0,72426.0,Echolocation,Myotis alcathoe,0.338,0.518,-1,192000.0,/mnt/ubna_data_07/recover-20260219/UBNA_028/20260218_095000.WAV,recover-20260219,UBNA_028,E18 Bridge
HF,55680.0,12.373517039661785,18.0895,18.0939,46093.0,75021.0,Echolocation,Myotis alcathoe,0.33,0.463,-1,192000.0,/mnt/ubna_data_07/recover-20260219/UBNA_028/20260218_095000.WAV,recover-20260219,UBNA_028,E18 Bridge
HF,51840.0,13.873367073690533,18.2015,18.2057,46093.0,68548.0,Echolocation,Myotis alcathoe,0.265,0.46,-1,192000.0,/mnt/ubna_data_07/recover-20260219/UBNA_028/20260218_095000.WAV,recover-20260219,UBNA_028,E18 Bridge
HF,51840.0,13.246371228723866,18.2855,18.2892,45234.0,75874.0,Echolocation,Myotis alcathoe,0.248,0.454,-1,192000.0,/mnt/ubna_data_07/recover-20260219/UBNA_028/20260218_095000.WAV,recover-20260219,UBNA_028,E18 Bridge
HF,50880.0,7.0988509628379015,18.3695,18.3737,46093.0,64004.0,Echolocation,Myotis alcathoe,0.187,0.406,-1,192000.0,/mnt/ubna_data_07/recover-20260219/UBNA_028/20260218_095000.WAV,recover-20260219,UBNA_028,E18 Bridge
HF,52800.0,4.756605612023267,18.4415,18.4475,46093.0,60437.0,Echolocation,Pipistrellus pipistrellus,0.246,0.374,-1,192000.0,/mnt/ubna_data_07/recover-20260219/UBNA_028/20260218_095000.WAV,recover-20260219,UBNA_028,E18 Bridge
HF,49920.0,9.629673240332334,18.5425,18.547,45234.0,67864.0,Echolocation,Myotis alcathoe,0.23,0.448,-1,192000.0,/mnt/ubna_data_07/recover-20260219/UBNA_028/20260218_095000.WAV,recover-20260219,UBNA_028,E18 Bridge
HF,54720.0,7.826350717303803,18.6325,18.637,46093.0,64113.0,Echolocation,Myotis alcathoe,0.236,0.439,-1,192000.0,/mnt/ubna_data_07/recover-20260219/UBNA_028/20260218_095000.WAV,recover-20260219,UBNA_028,E18 Bridge
HF,51840.0,9.950863937087032,18.7095,18.7134,42656.0,66736.0,Echolocation,Myotis alcathoe,0.169,0.365,-1,192000.0,/mnt/ubna_data_07/recover-20260219/UBNA_028/20260218_095000.WAV,recover-20260219,UBNA_028,E18 Bridge
HF,53760.0,4.212253283559349,18.9745,18.9788,50390.0,60501.0,Echolocation,Pipistrellus pipistrellus,0.436,0.514,-1,192000.0,/mnt/ubna_data_07/recover-20260219/UBNA_028/20260218_095000.WAV,recover-20260219,UBNA_028,E18 Bridge
HF,50880.0,7.231582949800784,19.4355,19.4404,48671.0,56571.0,Echolocation,Pipistrellus pipistrellus,0.396,0.441,-1,192000.0,/mnt/ubna_data_07/recover-20260219/UBNA_028/20260218_095000.WAV,recover-20260219,UBNA_028,E18 Bridge
HF,52800.0,4.776549204700143,20.1225,20.1278,52109.0,60738.0,Echolocation,Pipistrellus pipistrellus,0.304,0.5,-1,192000.0,/mnt/ubna_data_07/recover-20260219/UBNA_028/20260218_095000.WAV,recover-20260219,UBNA_028,E18 Bridge
HF,52800.0,5.258087448566266,20.3505,20.3549,51250.0,64294.0,Echolocation,Pipistrellus pipistrellus,0.169,0.366,-1,192000.0,/mnt/ubna_data_07/recover-20260219/UBNA_028/20260218_095000.WAV,recover-20260219,UBNA_028,E18 Bridge
HF,55680.0,10.81754526041924,20.4075,20.4105,52109.0,66381.0,Echolocation,Pipistrellus pipistrellus,0.257,0.419,-1,192000.0,/mnt/ubna_data_07/recover-20260219/UBNA_028/20260218_095000.WAV,recover-20260219,UBNA_028,E18 Bridge
HF,52800.0,8.898178820230644,20.4655,20.4692,52109.0,66552.0,Echolocation,Pipistrellus pipistrellus,0.24,0.48,-1,192000.0,/mnt/ubna_data_07/recover-20260219/UBNA_028/20260218_095000.WAV,recover-20260219,UBNA_028,E18 Bridge
HF,55680.0,5.1415264617167535,20.5235,20.5272,53828.0,65505.0,Echolocation,Pipistrellus pygmaeus,0.391,0.418,-1,192000.0,/mnt/ubna_data_07/recover-20260219/UBNA_028/20260218_095000.WAV,recover-20260219,UBNA_028,E18 Bridge
HF,51840.0,0.5115473723364427,20.5875,20.5915,47812.0,68087.0,Echolocation,Myotis alcathoe,0.179,0.311,-1,192000.0,/mnt/ubna_data_07/recover-20260219/UBNA_028/20260218_095000.WAV,recover-20260219,UBNA_028,E18 Bridge
HF,48000.0,4.97651769859479,20.6825,20.6867,46093.0,69124.0,Echolocation,Myotis alcathoe,0.23,0.322,-1,192000.0,/mnt/ubna_data_07/recover-20260219/UBNA_028/20260218_095000.WAV,recover-20260219,UBNA_028,E18 Bridge
HF,55680.0,5.704174486441432,21.0835,21.0877,47812.0,70315.0,Echolocation,Myotis alcathoe,0.308,0.466,-1,192000.0,/mnt/ubna_data_07/recover-20260219/UBNA_028/20260218_095000.WAV,recover-20260219,UBNA_028,E18 Bridge
HF,55680.0,12.902738727614189,21.2125,21.216,51250.0,70302.0,Echolocation,Pipistrellus pygmaeus,0.195,0.394,-1,192000.0,/mnt/ubna_data_07/recover-20260219/UBNA_028/20260218_095000.WAV,recover-20260219,UBNA_028,E18 Bridge
HF,51840.0,10.633369165253782,21.2625,21.2665,46953.0,70120.0,Echolocation,Myotis alcathoe,0.277,0.4,-1,192000.0,/mnt/ubna_data_07/recover-20260219/UBNA_028/20260218_095000.WAV,recover-20260219,UBNA_028,E18 Bridge
HF,52800.0,6.707524468479643,21.3215,21.3247,51250.0,68880.0,Echolocation,Pipistrellus pipistrellus,0.222,0.405,-1,192000.0,/mnt/ubna_data_07/recover-20260219/UBNA_028/20260218_095000.WAV,recover-20260219,UBNA_028,E18 Bridge
HF,54720.0,4.725369913203272,21.4175,21.4209,50390.0,65725.0,Echolocation,Myotis alcathoe,0.234,0.401,-1,192000.0,/mnt/ubna_data_07/recover-20260219/UBNA_028/20260218_095000.WAV,recover-20260219,UBNA_028,E18 Bridge
HF,52800.0,7.525295615151379,21.4785,21.4827,52109.0,64388.0,Echolocation,Pipistrellus pygmaeus,0.175,0.392,-1,192000.0,/mnt/ubna_data_07/recover-20260219/UBNA_028/20260218_095000.WAV,recover-20260219,UBNA_028,E18 Bridge
HF,52800.0,8.293222192429411,21.5365,21.5396,50390.0,67423.0,Echolocation,Myotis alcathoe,0.225,0.473,-1,192000.0,/mnt/ubna_data_07/recover-20260219/UBNA_028/20260218_095000.WAV,recover-20260219,UBNA_028,E18 Bridge
HF,54720.0,4.278522960657247,21.5695,21.573,52109.0,67256.0,Echolocation,Pipistrellus pipistrellus,0.262,0.447,-1,192000.0,/mnt/ubna_data_07/recover-20260219/UBNA_028/20260218_095000.WAV,recover-20260219,UBNA_028,E18 Bridge
HF,52800.0,4.984990481696149,21.6225,21.6294,52109.0,70304.0,Echolocation,Pipistrellus pipistrellus,0.199,0.443,-1,192000.0,/mnt/ubna_data_07/recover-20260219/UBNA_028/20260218_095000.WAV,recover-20260219,UBNA_028,E18 Bridge
HF,51840.0,11.191004873124557,21.6705,21.6749,46953.0,72535.0,Echolocation,Myotis alcathoe,0.292,0.472,-1,192000.0,/mnt/ubna_data_07/recover-20260219/UBNA_028/20260218_095000.WAV,recover-20260219,UBNA_028,E18 Bridge
HF,54720.0,12.40093052988392,21.7245,21.7286,46093.0,74253.0,Echolocation,Myotis alcathoe,0.298,0.376,-1,192000.0,/mnt/ubna_data_07/recover-20260219/UBNA_028/20260218_095000.WAV,recover-20260219,UBNA_028,E18 Bridge
HF,53760.0,11.726997650926796,21.7755,21.7791,50390.0,69950.0,Echolocation,Myotis alcathoe,0.195,0.42,-1,192000.0,/mnt/ubna_data_07/recover-20260219/UBNA_028/20260218_095000.WAV,recover-20260219,UBNA_028,E18 Bridge
HF,52800.0,11.8347136513992,21.8495,21.8536,47812.0,69644.0,Echolocation,Myotis alcathoe,0.279,0.376,-1,192000.0,/mnt/ubna_data_07/recover-20260219/UBNA_028/20260218_095000.WAV,recover-20260219,UBNA_028,E18 Bridge
HF,51840.0,11.783585144258664,21.9305,21.9344,46953.0,73960.0,Echolocation,Myotis alcathoe,0.344,0.499,-1,192000.0,/mnt/ubna_data_07/recover-20260219/UBNA_028/20260218_095000.WAV,recover-20260219,UBNA_028,E18 Bridge
HF,51840.0,16.945596663350326,22.0225,22.0255,47812.0,72680.0,Echolocation,Myotis alcathoe,0.342,0.435,-1,192000.0,/mnt/ubna_data_07/recover-20260219/UBNA_028/20260218_095000.WAV,recover-20260219,UBNA_028,E18 Bridge
HF,54720.0,15.026464563243266,22.0815,22.0853,46953.0,74609.0,Echolocation,Myotis alcathoe,0.407,0.497,-1,192000.0,/mnt/ubna_data_07/recover-20260219/UBNA_028/20260218_095000.WAV,recover-20260219,UBNA_028,E18 Bridge
HF,54720.0,13.00617378572812,22.1395,22.144,50390.0,79703.0,Echolocation,Myotis alcathoe,0.319,0.395,-1,192000.0,/mnt/ubna_data_07/recover-20260219/UBNA_028/20260218_095000.WAV,recover-20260219,UBNA_028,E18 Bridge
HF,52800.0,9.815386272588977,22.2015,22.206,49531.0,69272.0,Echolocation,Myotis alcathoe,0.238,0.376,-1,192000.0,/mnt/ubna_data_07/recover-20260219/UBNA_028/20260218_095000.WAV,recover-20260219,UBNA_028,E18 Bridge
HF,57600.0,12.330298607954724,22.2445,22.2493,48671.0,73816.0,Echolocation,Myotis alcathoe,0.284,0.501,-1,192000.0,/mnt/ubna_data_07/recover-20260219/UBNA_028/20260218_095000.WAV,recover-20260219,UBNA_028,E18 Bridge
HF,51840.0,8.146059177975198,22.2895,22.2936,52109.0,70434.0,Echolocation,Myotis alcathoe,0.257,0.469,-1,192000.0,/mnt/ubna_data_07/recover-20260219/UBNA_028/20260218_095000.WAV,recover-20260219,UBNA_028,E18 Bridge
HF,52800.0,10.22701112317831,22.3475,22.3524,51250.0,72302.0,Echolocation,Myotis alcathoe,0.232,0.353,-1,192000.0,/mnt/ubna_data_07/recover-20260219/UBNA_028/20260218_095000.WAV,recover-20260219,UBNA_028,E18 Bridge
HF,55680.0,9.96456745882919,22.3965,22.4049,51250.0,67752.0,Echolocation,Pipistrellus pipistrellus,0.191,0.398,-1,192000.0,/mnt/ubna_data_07/recover-20260219/UBNA_028/20260218_095000.WAV,recover-20260219,UBNA_028,E18 Bridge
HF,51840.0,10.144842059214005,22.4505,22.4552,48671.0,74072.0,Echolocation,Myotis alcathoe,0.286,0.389,-1,192000.0,/mnt/ubna_data_07/recover-20260219/UBNA_028/20260218_095000.WAV,recover-20260219,UBNA_028,E18 Bridge
HF,55680.0,7.820937439715477,22.5015,22.5051,49531.0,74067.0,Echolocation,Myotis alcathoe,0.279,0.332,-1,192000.0,/mnt/ubna_data_07/recover-20260219/UBNA_028/20260218_095000.WAV,recover-20260219,UBNA_028,E18 Bridge
HF,54720.0,13.847397261604923,22.5535,22.5575,52968.0,67507.0,Echolocation,Pipistrellus pipistrellus,0.269,0.408,-1,192000.0,/mnt/ubna_data_07/recover-20260219/UBNA_028/20260218_095000.WAV,recover-20260219,UBNA_028,E18 Bridge
HF,51840.0,14.261515782485354,22.6085,22.6135,49531.0,69998.0,Echolocation,Pipistrellus pipistrellus,0.229,0.437,-1,192000.0,/mnt/ubna_data_07/recover-20260219/UBNA_028/20260218_095000.WAV,recover-20260219,UBNA_028,E18 Bridge
HF,52800.0,16.655370356597953,22.6595,22.6631,47812.0,74520.0,Echolocation,Myotis alcathoe,0.322,0.386,-1,192000.0,/mnt/ubna_data_07/recover-20260219/UBNA_028/20260218_095000.WAV,recover-20260219,UBNA_028,E18 Bridge
HF,52800.0,13.267406962694775,22.7395,22.7431,52109.0,71078.0,Echolocation,Pipistrellus pipistrellus,0.339,0.531,-1,192000.0,/mnt/ubna_data_07/recover-20260219/UBNA_028/20260218_095000.WAV,recover-20260219,UBNA_028,E18 Bridge
HF,54720.0,11.633922102724693,22.8075,22.8112,52109.0,70218.0,Echolocation,Myotis alcathoe,0.318,0.511,-1,192000.0,/mnt/ubna_data_07/recover-20260219/UBNA_028/20260218_095000.WAV,recover-20260219,UBNA_028,E18 Bridge
HF,55680.0,11.760040654252306,22.8905,22.8946,51250.0,69964.0,Echolocation,Myotis alcathoe,0.287,0.48,-1,192000.0,/mnt/ubna_data_07/recover-20260219/UBNA_028/20260218_095000.WAV,recover-20260219,UBNA_028,E18 Bridge
HF,54720.0,14.065578229695195,22.9535,22.9575,51250.0,70992.0,Echolocation,Myotis alcathoe,0.267,0.444,-1,192000.0,/mnt/ubna_data_07/recover-20260219/UBNA_028/20260218_095000.WAV,recover-20260219,UBNA_028,E18 Bridge
HF,55680.0,18.961766856345854,23.0195,23.0237,49531.0,81889.0,Echolocation,Myotis alcathoe,0.391,0.475,-1,192000.0,/mnt/ubna_data_07/recover-20260219/UBNA_028/20260218_095000.WAV,recover-20260219,UBNA_028,E18 Bridge
HF,54720.0,16.975127356369057,23.0875,23.0919,47812.0,74609.0,Echolocation,Myotis alcathoe,0.356,0.53,-1,192000.0,/mnt/ubna_data_07/recover-20260219/UBNA_028/20260218_095000.WAV,recover-20260219,UBNA_028,E18 Bridge
HF,53760.0,15.355642772367947,23.1645,23.1684,46953.0,74905.0,Echolocation,Myotis alcathoe,0.363,0.474,-1,192000.0,/mnt/ubna_data_07/recover-20260219/UBNA_028/20260218_095000.WAV,recover-20260219,UBNA_028,E18 Bridge
HF,51840.0,25.27112885836925,23.2435,23.2482,46093.0,78876.0,Echolocation,Myotis alcathoe,0.4,0.543,-1,192000.0,/mnt/ubna_data_07/recover-20260219/UBNA_028/20260218_095000.WAV,recover-20260219,UBNA_028,E18 Bridge
HF,54720.0,22.193440328617207,23.3255,23.3292,47812.0,75424.0,Echolocation,Myotis alcathoe,0.479,0.584,-1,192000.0,/mnt/ubna_data_07/recover-20260219/UBNA_028/20260218_095000.WAV,recover-20260219,UBNA_028,E18 Bridge
HF,54720.0,10.813031403235179,23.3925,23.3951,48671.0,70377.0,Echolocation,Myotis alcathoe,0.287,0.384,-1,192000.0,/mnt/ubna_data_07/recover-20260219/UBNA_028/20260218_095000.WAV,recover-20260219,UBNA_028,E18 Bridge
HF,52800.0,24.350612090361032,23.4675,23.4728,46093.0,74659.0,Echolocation,Myotis alcathoe,0.315,0.557,-1,192000.0,/mnt/ubna_data_07/recover-20260219/UBNA_028/20260218_095000.WAV,recover-20260219,UBNA_028,E18 Bridge
HF,51840.0,16.6166702076437,23.5535,23.5573,46953.0,77588.0,Echolocation,Myotis alcathoe,0.482,0.537,-1,192000.0,/mnt/ubna_data_07/recover-20260219/UBNA_028/20260218_095000.WAV,recover-20260219,UBNA_028,E18 Bridge
HF,52800.0,11.74644508279934,23.6615,23.67,52109.0,63525.0,Echolocation,Pipistrellus pipistrellus,0.21,0.316,-1,192000.0,/mnt/ubna_data_07/recover-20260219/UBNA_028/20260218_095000.WAV,recover-20260219,UBNA_028,E18 Bridge
HF,51840.0,12.645645135478922,23.6625,23.6654,46093.0,69655.0,Echolocation,Myotis alcathoe,0.242,0.316,-1,192000.0,/mnt/ubna_data_07/recover-20260219/UBNA_028/20260218_095000.WAV,recover-20260219,UBNA_028,E18 Bridge
HF,52800.0,10.393190943285893,23.7355,23.7397,47812.0,66902.0,Echolocation,Myotis alcathoe,0.259,0.412,-1,192000.0,/mnt/ubna_data_07/recover-20260219/UBNA_028/20260218_095000.WAV,recover-20260219,UBNA_028,E18 Bridge
HF,48000.0,7.947214214527039,23.8045,23.8087,46953.0,70583.0,Echolocation,Myotis alcathoe,0.228,0.405,-1,192000.0,/mnt/ubna_data_07/recover-20260219/UBNA_028/20260218_095000.WAV,recover-20260219,UBNA_028,E18 Bridge
HF,54720.0,14.67842562307953,24.0045,24.0089,44375.0,64730.0,Echolocation,Pipistrellus pipistrellus,0.171,0.419,-1,192000.0,/mnt/ubna_data_07/recover-20260219/UBNA_028/20260218_095000.WAV,recover-20260219,UBNA_028,E18 Bridge
HF,55680.0,8.504056163912335,24.4475,24.4525,45234.0,64108.0,Echolocation,Myotis alcathoe,0.166,0.39,-1,192000.0,/mnt/ubna_data_07/recover-20260219/UBNA_028/20260218_095000.WAV,recover-20260219,UBNA_028,E18 Bridge
HF,50880.0,12.357052958257466,24.7495,24.7564,45234.0,64943.0,Echolocation,Pipistrellus pipistrellus,0.16,0.507,-1,192000.0,/mnt/ubna_data_07/recover-20260219/UBNA_028/20260218_095000.WAV,recover-20260219,UBNA_028,E18 Bridge
HF,53760.0,3.806008711697511,25.5835,25.5887,46953.0,60159.0,Echolocation,Pipistrellus pipistrellus,0.294,0.346,-1,192000.0,/mnt/ubna_data_07/recover-20260219/UBNA_028/20260218_095000.WAV,recover-20260219,UBNA_028,E18 Bridge
HF,55680.0,3.809046708029581,28.2195,28.224,50390.0,62264.0,Echolocation,Pipistrellus pipistrellus,0.282,0.392,-1,192000.0,/mnt/ubna_data_07/recover-20260219/UBNA_028/20260218_095000.WAV,recover-20260219,UBNA_028,E18 Bridge
HF,52800.0,3.4652791490494566,28.6465,28.651,50390.0,58629.0,Echolocation,Pipistrellus pipistrellus,0.323,0.363,-1,192000.0,/mnt/ubna_data_07/recover-20260219/UBNA_028/20260218_095000.WAV,recover-20260219,UBNA_028,E18 Bridge
HF,51840.0,1.2454775634609472,29.0455,29.049,50390.0,60113.0,Echolocation,Pipistrellus pipistrellus,0.266,0.302,-1,192000.0,/mnt/ubna_data_07/recover-20260219/UBNA_028/20260218_095000.WAV,recover-20260219,UBNA_028,E18 Bridge
HF,51840.0,5.930449896328149,29.1255,29.1305,46953.0,63929.0,Echolocation,Pipistrellus pipistrellus,0.16,0.389,-1,192000.0,/mnt/ubna_data_07/recover-20260219/UBNA_028/20260218_095000.WAV,recover-20260219,UBNA_028,E18 Bridge
HF,53760.0,4.014262717223956,29.3005,29.3055,51250.0,62241.0,Echolocation,Pipistrellus pipistrellus,0.247,0.39,-1,192000.0,/mnt/ubna_data_07/recover-20260219/UBNA_028/20260218_095000.WAV,recover-20260219,UBNA_028,E18 Bridge
HF,51840.0,2.2933599504495588,29.5075,29.5127,50390.0,57899.0,Echolocation,Pipistrellus pipistrellus,0.269,0.351,-1,192000.0,/mnt/ubna_data_07/recover-20260219/UBNA_028/20260218_095000.WAV,recover-20260219,UBNA_028,E18 Bridge
HF,51840.0,4.4266063004251865,29.5735,29.5779,50390.0,60162.0,Echolocation,Pipistrellus pipistrellus,0.296,0.372,-1,192000.0,/mnt/ubna_data_07/recover-20260219/UBNA_028/20260218_095000.WAV,recover-20260219,UBNA_028,E18 Bridge
HF,51840.0,6.830793736260759,31.0575,31.0621,50390.0,60031.0,Echolocation,Pipistrellus pipistrellus,0.369,0.428,-1,192000.0,/mnt/ubna_data_07/recover-20260219/UBNA_028/20260218_095000.WAV,recover-20260219,UBNA_028,E18 Bridge
HF,51840.0,6.887881157805672,31.1625,31.1673,50390.0,58522.0,Echolocation,Pipistrellus pipistrellus,0.394,0.442,-1,192000.0,/mnt/ubna_data_07/recover-20260219/UBNA_028/20260218_095000.WAV,recover-20260219,UBNA_028,E18 Bridge
HF,54720.0,5.235769970652208,31.2915,31.2946,50390.0,60051.0,Echolocation,Pipistrellus pipistrellus,0.273,0.319,-1,192000.0,/mnt/ubna_data_07/recover-20260219/UBNA_028/20260218_095000.WAV,recover-20260219,UBNA_028,E18 Bridge
HF,51840.0,14.599860745983676,32.0075,32.011,48671.0,63186.0,Echolocation,Pipistrellus pipistrellus,0.255,0.396,-1,192000.0,/mnt/ubna_data_07/recover-20260219/UBNA_028/20260218_095000.WAV,recover-20260219,UBNA_028,E18 Bridge
HF,54720.0,8.779927549591829,32.1035,32.1069,47812.0,70951.0,Echolocation,Myotis alcathoe,0.319,0.458,-1,192000.0,/mnt/ubna_data_07/recover-20260219/UBNA_028/20260218_095000.WAV,recover-20260219,UBNA_028,E18 Bridge
HF,53760.0,5.105309410950221,32.1925,32.1957,52109.0,68365.0,Echolocation,Myotis alcathoe,0.254,0.432,-1,192000.0,/mnt/ubna_data_07/recover-20260219/UBNA_028/20260218_095000.WAV,recover-20260219,UBNA_028,E18 Bridge
HF,54720.0,6.584127257448812,32.2735,32.2762,48671.0,65720.0,Echolocation,Myotis alcathoe,0.201,0.313,-1,192000.0,/mnt/ubna_data_07/recover-20260219/UBNA_028/20260218_095000.WAV,recover-20260219,UBNA_028,E18 Bridge
HF,51840.0,5.131857079323145,32.3495,32.3535,51250.0,63650.0,Echolocation,Pipistrellus pipistrellus,0.333,0.446,-1,192000.0,/mnt/ubna_data_07/recover-20260219/UBNA_028/20260218_095000.WAV,recover-20260219,UBNA_028,E18 Bridge
HF,52800.0,11.730206780321646,32.4355,32.4392,47812.0,66649.0,Echolocation,Myotis alcathoe,0.23,0.41,-1,192000.0,/mnt/ubna_data_07/recover-20260219/UBNA_028/20260218_095000.WAV,recover-20260219,UBNA_028,E18 Bridge
HF,52800.0,10.433838512865563,32.5155,32.5196,47812.0,69054.0,Echolocation,Myotis alcathoe,0.244,0.342,-1,192000.0,/mnt/ubna_data_07/recover-20260219/UBNA_028/20260218_095000.WAV,recover-20260219,UBNA_028,E18 Bridge
HF,50880.0,7.2881558301671845,32.6085,32.6114,46093.0,64783.0,Echolocation,Myotis alcathoe,0.253,0.425,-1,192000.0,/mnt/ubna_data_07/recover-20260219/UBNA_028/20260218_095000.WAV,recover-20260219,UBNA_028,E18 Bridge
HF,52800.0,8.130326224303015,32.6935,32.6974,45234.0,66682.0,Echolocation,Myotis alcathoe,0.224,0.384,-1,192000.0,/mnt/ubna_data_07/recover-20260219/UBNA_028/20260218_095000.WAV,recover-20260219,UBNA_028,E18 Bridge
HF,50880.0,8.1247470692399,32.7805,32.783500000000004,48671.0,65371.0,Echolocation,Myotis alcathoe,0.173,0.372,-1,192000.0,/mnt/ubna_data_07/recover-20260219/UBNA_028/20260218_095000.WAV,recover-20260219,UBNA_028,E18 Bridge
HF,51840.0,7.632922901705134,32.8645,32.8679,50390.0,71616.0,Echolocation,Myotis alcathoe,0.288,0.46,-1,192000.0,/mnt/ubna_data_07/recover-20260219/UBNA_028/20260218_095000.WAV,recover-20260219,UBNA_028,E18 Bridge
HF,50880.0,5.8635399553223735,32.9365,32.9398,49531.0,63732.0,Echolocation,Pipistrellus pipistrellus,0.313,0.463,-1,192000.0,/mnt/ubna_data_07/recover-20260219/UBNA_028/20260218_095000.WAV,recover-20260219,UBNA_028,E18 Bridge
HF,50880.0,4.406228511066572,33.1065,33.1094,49531.0,67363.0,Echolocation,Myotis alcathoe,0.212,0.323,-1,192000.0,/mnt/ubna_data_07/recover-20260219/UBNA_028/20260218_095000.WAV,recover-20260219,UBNA_028,E18 Bridge
HF,52800.0,5.306117784302441,33.2255,33.2295,50390.0,64028.0,Echolocation,Pipistrellus pipistrellus,0.214,0.464,-1,192000.0,/mnt/ubna_data_07/recover-20260219/UBNA_028/20260218_095000.WAV,recover-20260219,UBNA_028,E18 Bridge
HF,52800.0,9.868015024277144,33.3735,33.377,51250.0,65048.0,Echolocation,Pipistrellus pipistrellus,0.322,0.487,-1,192000.0,/mnt/ubna_data_07/recover-20260219/UBNA_028/20260218_095000.WAV,recover-20260219,UBNA_028,E18 Bridge
HF,52800.0,16.154517933828995,33.5645,33.5704,46953.0,66296.0,Echolocation,Myotis alcathoe,0.225,0.473,-1,192000.0,/mnt/ubna_data_07/recover-20260219/UBNA_028/20260218_095000.WAV,recover-20260219,UBNA_028,E18 Bridge
HF,53760.0,9.700027792475934,33.6455,33.649,46953.0,70798.0,Echolocation,Myotis alcathoe,0.285,0.41,-1,192000.0,/mnt/ubna_data_07/recover-20260219/UBNA_028/20260218_095000.WAV,recover-20260219,UBNA_028,E18 Bridge
HF,52800.0,10.833998528218896,33.716499999999996,33.7198,47812.0,73153.0,Echolocation,Myotis alcathoe,0.246,0.335,-1,192000.0,/mnt/ubna_data_07/recover-20260219/UBNA_028/20260218_095000.WAV,recover-20260219,UBNA_028,E18 Bridge
HF,55680.0,12.197991453963661,33.7965,33.8008,47812.0,75200.0,Echolocation,Myotis alcathoe,0.254,0.367,-1,192000.0,/mnt/ubna_data_07/recover-20260219/UBNA_028/20260218_095000.WAV,recover-20260219,UBNA_028,E18 Bridge
HF,52800.0,13.118722688579755,33.8695,33.8732,47812.0,76031.0,Echolocation,Myotis alcathoe,0.366,0.458,-1,192000.0,/mnt/ubna_data_07/recover-20260219/UBNA_028/20260218_095000.WAV,recover-20260219,UBNA_028,E18 Bridge
HF,55680.0,11.396557542668308,33.9175,33.9206,51250.0,72915.0,Echolocation,Myotis alcathoe,0.29,0.379,-1,192000.0,/mnt/ubna_data_07/recover-20260219/UBNA_028/20260218_095000.WAV,recover-20260219,UBNA_028,E18 Bridge
HF,52800.0,12.346372906096192,33.9715,33.9758,51250.0,63744.0,Echolocation,Pipistrellus pipistrellus,0.255,0.341,-1,192000.0,/mnt/ubna_data_07/recover-20260219/UBNA_028/20260218_095000.WAV,recover-20260219,UBNA_028,E18 Bridge
HF,52800.0,7.23429640509425,34.1005,34.1038,51250.0,68525.0,Echolocation,Pipistrellus pipistrellus,0.159,0.335,-1,192000.0,/mnt/ubna_data_07/recover-20260219/UBNA_028/20260218_095000.WAV,recover-20260219,UBNA_028,E18 Bridge
HF,52800.0,7.59088933159569,34.3135,34.3186,52109.0,63359.0,Echolocation,Pipistrellus pipistrellus,0.212,0.343,-1,192000.0,/mnt/ubna_data_07/recover-20260219/UBNA_028/20260218_095000.WAV,recover-20260219,UBNA_028,E18 Bridge
HF,52800.0,4.1262137474169815,34.3865,34.3912,52109.0,62164.0,Echolocation,Pipistrellus pipistrellus,0.335,0.478,-1,192000.0,/mnt/ubna_data_07/recover-20260219/UBNA_028/20260218_095000.WAV,recover-20260219,UBNA_028,E18 Bridge
HF,55680.0,20.874639294606524,34.5005,34.5053,45234.0,82642.0,Echolocation,Myotis alcathoe,0.444,0.608,-1,192000.0,/mnt/ubna_data_07/recover-20260219/UBNA_028/20260218_095000.WAV,recover-20260219,UBNA_028,E18 Bridge
HF,51840.0,18.82467458280528,34.585499999999996,34.5897,46953.0,76748.0,Echolocation,Pipistrellus pipistrellus,0.242,0.506,-1,192000.0,/mnt/ubna_data_07/recover-20260219/UBNA_028/20260218_095000.WAV,recover-20260219,UBNA_028,E18 Bridge
HF,54720.0,19.927420905063617,34.7085,34.7128,45234.0,80486.0,Echolocation,Myotis alcathoe,0.385,0.524,-1,192000.0,/mnt/ubna_data_07/recover-20260219/UBNA_028/20260218_095000.WAV,recover-20260219,UBNA_028,E18 Bridge
HF,51840.0,23.45357685734351,34.7905,34.7953,46953.0,71815.0,Echolocation,Pipistrellus pipistrellus,0.443,0.584,-1,192000.0,/mnt/ubna_data_07/recover-20260219/UBNA_028/20260218_095000.WAV,recover-20260219,UBNA_028,E18 Bridge
HF,51840.0,22.842098066114943,34.8735,34.8776,46953.0,72318.0,Echolocation,Pipistrellus pipistrellus,0.323,0.526,-1,192000.0,/mnt/ubna_data_07/recover-20260219/UBNA_028/20260218_095000.WAV,recover-20260219,UBNA_028,E18 Bridge
HF,51840.0,19.660259082801883,34.9615,34.9656,46953.0,78690.0,Echolocation,Myotis alcathoe,0.361,0.542,-1,192000.0,/mnt/ubna_data_07/recover-20260219/UBNA_028/20260218_095000.WAV,recover-20260219,UBNA_028,E18 Bridge
HF,52800.0,16.312991757095176,35.0495,35.0533,47812.0,77010.0,Echolocation,Myotis alcathoe,0.391,0.502,-1,192000.0,/mnt/ubna_data_07/recover-20260219/UBNA_028/20260218_095000.WAV,recover-20260219,UBNA_028,E18 Bridge
HF,55680.0,19.388808867359653,35.1285,35.1323,46953.0,78026.0,Echolocation,Myotis alcathoe,0.528,0.609,-1,192000.0,/mnt/ubna_data_07/recover-20260219/UBNA_028/20260218_095000.WAV,recover-20260219,UBNA_028,E18 Bridge
HF,54720.0,18.226079017098844,35.2045,35.2089,46953.0,77224.0,Echolocation,Myotis alcathoe,0.419,0.537,-1,192000.0,/mnt/ubna_data_07/recover-20260219/UBNA_028/20260218_095000.WAV,recover-20260219,UBNA_028,E18 Bridge
HF,53760.0,22.053825224958636,35.2935,35.2976,46093.0,78075.0,Echolocation,Myotis alcathoe,0.341,0.53,-1,192000.0,/mnt/ubna_data_07/recover-20260219/UBNA_028/20260218_095000.WAV,recover-20260219,UBNA_028,E18 Bridge
HF,53760.0,10.424635001130794,35.414500000000004,35.4181,46093.0,72231.0,Echolocation,Myotis alcathoe,0.331,0.433,-1,192000.0,/mnt/ubna_data_07/recover-20260219/UBNA_028/20260218_095000.WAV,recover-20260219,UBNA_028,E18 Bridge
HF,47040.0,16.297447036935225,35.5035,35.5071,46093.0,70969.0,Echolocation,Myotis alcathoe,0.282,0.439,-1,192000.0,/mnt/ubna_data_07/recover-20260219/UBNA_028/20260218_095000.WAV,recover-20260219,UBNA_028,E18 Bridge
HF,47040.0,14.340804394077738,35.585499999999996,35.5903,46953.0,65931.0,Echolocation,Myotis alcathoe,0.237,0.453,-1,192000.0,/mnt/ubna_data_07/recover-20260219/UBNA_028/20260218_095000.WAV,recover-20260219,UBNA_028,E18 Bridge
HF,52800.0,5.458398064712423,38.323499999999996,38.330600000000004,49531.0,61612.0,Echolocation,Pipistrellus pipistrellus,0.25,0.323,-1,192000.0,/mnt/ubna_data_07/recover-20260219/UBNA_028/20260218_095000.WAV,recover-20260219,UBNA_028,E18 Bridge
HF,52800.0,7.125026402028088,38.3825,38.3887,51250.0,61475.0,Echolocation,Pipistrellus pygmaeus,0.279,0.395,-1,192000.0,/mnt/ubna_data_07/recover-20260219/UBNA_028/20260218_095000.WAV,recover-20260219,UBNA_028,E18 Bridge
HF,52800.0,8.970153275948132,38.5275,38.5333,49531.0,66682.0,Echolocation,Pipistrellus pipistrellus,0.238,0.448,-1,192000.0,/mnt/ubna_data_07/recover-20260219/UBNA_028/20260218_095000.WAV,recover-20260219,UBNA_028,E18 Bridge
HF,54720.0,9.508941908680757,38.5985,38.603899999999996,47812.0,65415.0,Echolocation,Myotis alcathoe,0.174,0.411,-1,192000.0,/mnt/ubna_data_07/recover-20260219/UBNA_028/20260218_095000.WAV,recover-20260219,UBNA_028,E18 Bridge
HF,54720.0,7.1879134117189425,38.8645,38.8733,51250.0,63132.0,Echolocation,Pipistrellus pipistrellus,0.235,0.379,-1,192000.0,/mnt/ubna_data_07/recover-20260219/UBNA_028/20260218_095000.WAV,recover-20260219,UBNA_028,E18 Bridge
HF,54720.0,7.863930652912727,38.9215,38.9289,51250.0,64356.0,Echolocation,Pipistrellus pipistrellus,0.268,0.356,-1,192000.0,/mnt/ubna_data_07/recover-20260219/UBNA_028/20260218_095000.WAV,recover-20260219,UBNA_028,E18 Bridge
HF,52800.0,6.636568277449014,38.966499999999996,38.9754,52109.0,60064.0,Echolocation,Pipistrellus pipistrellus,0.254,0.387,-1,192000.0,/mnt/ubna_data_07/recover-20260219/UBNA_028/20260218_095000.WAV,recover-20260219,UBNA_028,E18 Bridge
HF,52800.0,5.116409779529697,39.176500000000004,39.1875,52109.0,57776.0,Echolocation,Pipistrellus pygmaeus,0.247,0.301,-1,192000.0,/mnt/ubna_data_07/recover-20260219/UBNA_028/20260218_095000.WAV,recover-20260219,UBNA_028,E18 Bridge
HF,51840.0,7.385625280593102,39.2525,39.260999999999996,51250.0,58002.0,Echolocation,Pipistrellus pipistrellus,0.292,0.372,-1,192000.0,/mnt/ubna_data_07/recover-20260219/UBNA_028/20260218_095000.WAV,recover-20260219,UBNA_028,E18 Bridge
HF,54720.0,10.141451163124312,39.9015,39.9075,50390.0,61539.0,Echolocation,Pipistrellus pygmaeus,0.163,0.346,-1,192000.0,/mnt/ubna_data_07/recover-20260219/UBNA_028/20260218_095000.WAV,recover-20260219,UBNA_028,E18 Bridge
HF,48000.0,9.430879833692668,39.9905,39.9972,46953.0,59557.0,Echolocation,Pipistrellus pipistrellus,0.316,0.446,-1,192000.0,/mnt/ubna_data_07/recover-20260219/UBNA_028/20260218_095000.WAV,recover-20260219,UBNA_028,E18 Bridge
HF,51840.0,3.6155635872912724,40.085499999999996,40.0899,50390.0,61014.0,Echolocation,Pipistrellus pipistrellus,0.345,0.397,-1,192000.0,/mnt/ubna_data_07/recover-20260219/UBNA_028/20260218_095000.WAV,recover-20260219,UBNA_028,E18 Bridge
HF,51840.0,11.257663409130899,40.2555,40.2601,46093.0,63917.0,Echolocation,Pipistrellus pipistrellus,0.17,0.377,-1,192000.0,/mnt/ubna_data_07/recover-20260219/UBNA_028/20260218_095000.WAV,recover-20260219,UBNA_028,E18 Bridge
HF,47040.0,4.360553050426316,40.5275,40.533,46953.0,58230.0,Echolocation,Pipistrellus pipistrellus,0.334,0.366,-1,192000.0,/mnt/ubna_data_07/recover-20260219/UBNA_028/20260218_095000.WAV,recover-20260219,UBNA_028,E18 Bridge
HF,51840.0,5.11295699444879,40.7705,40.774699999999996,48671.0,61261.0,Echolocation,Pipistrellus pipistrellus,0.277,0.377,-1,192000.0,/mnt/ubna_data_07/recover-20260219/UBNA_028/20260218_095000.WAV,recover-20260219,UBNA_028,E18 Bridge
HF,55680.0,3.79110664312111,41.1085,41.113,47812.0,61318.0,Echolocation,Pipistrellus pipistrellus,0.241,0.387,-1,192000.0,/mnt/ubna_data_07/recover-20260219/UBNA_028/20260218_095000.WAV,recover-20260219,UBNA_028,E18 Bridge
HF,52800.0,14.4789165197794,41.161500000000004,41.165800000000004,44375.0,67760.0,Echolocation,Myotis alcathoe,0.206,0.346,-1,192000.0,/mnt/ubna_data_07/recover-20260219/UBNA_028/20260218_095000.WAV,recover-20260219,UBNA_028,E18 Bridge
HF,51840.0,2.722563528210349,41.2215,41.225300000000004,47812.0,63188.0,Echolocation,Myotis alcathoe,0.117,0.319,-1,192000.0,/mnt/ubna_data_07/recover-20260219/UBNA_028/20260218_095000.WAV,recover-20260219,UBNA_028,E18 Bridge
HF,48000.0,16.59987333199084,41.3895,41.3947,46093.0,63084.0,Echolocation,Pipistrellus pipistrellus,0.488,0.635,-1,192000.0,/mnt/ubna_data_07/recover-20260219/UBNA_028/20260218_095000.WAV,recover-20260219,UBNA_028,E18 Bridge
HF,48000.0,3.8827566112184932,41.4975,41.5021,45234.0,59617.0,Echolocation,Pipistrellus pipistrellus,0.178,0.372,-1,192000.0,/mnt/ubna_data_07/recover-20260219/UBNA_028/20260218_095000.WAV,recover-20260219,UBNA_028,E18 Bridge
HF,53760.0,5.91606554826427,41.5565,41.5617,46953.0,61787.0,Echolocation,Pipistrellus pipistrellus,0.202,0.429,-1,192000.0,/mnt/ubna_data_07/recover-20260219/UBNA_028/20260218_095000.WAV,recover-20260219,UBNA_028,E18 Bridge
HF,52800.0,4.905835635176613,41.6105,41.6158,50390.0,60161.0,Echolocation,Pipistrellus pipistrellus,0.271,0.322,-1,192000.0,/mnt/ubna_data_07/recover-20260219/UBNA_028/20260218_095000.WAV,recover-20260219,UBNA_028,E18 Bridge
HF,54720.0,4.017325925399648,42.0655,42.0681,50390.0,64327.0,Echolocation,Myotis alcathoe,0.207,0.451,-1,192000.0,/mnt/ubna_data_07/recover-20260219/UBNA_028/20260218_095000.WAV,recover-20260219,UBNA_028,E18 Bridge
HF,51840.0,10.73829925312301,42.1755,42.1785,49531.0,62418.0,Echolocation,Myotis alcathoe,0.191,0.396,-1,192000.0,/mnt/ubna_data_07/recover-20260219/UBNA_028/20260218_095000.WAV,recover-20260219,UBNA_028,E18 Bridge
HF,50880.0,18.152913563547617,42.2565,42.260999999999996,44375.0,74755.0,Echolocation,Myotis alcathoe,0.257,0.515,-1,192000.0,/mnt/ubna_data_07/recover-20260219/UBNA_028/20260218_095000.WAV,recover-20260219,UBNA_028,E18 Bridge
HF,50880.0,5.146977802223386,42.3405,42.3441,45234.0,74317.0,Echolocation,Myotis alcathoe,0.29,0.38,-1,192000.0,/mnt/ubna_data_07/recover-20260219/UBNA_028/20260218_095000.WAV,recover-20260219,UBNA_028,E18 Bridge
HF,50880.0,14.825700276294555,42.4285,42.4326,49531.0,80757.0,Echolocation,Myotis alcathoe,0.296,0.386,-1,192000.0,/mnt/ubna_data_07/recover-20260219/UBNA_028/20260218_095000.WAV,recover-20260219,UBNA_028,E18 Bridge
HF,52800.0,12.20069526672071,42.5175,42.521699999999996,46093.0,78233.0,Echolocation,Myotis alcathoe,0.413,0.53,-1,192000.0,/mnt/ubna_data_07/recover-20260219/UBNA_028/20260218_095000.WAV,recover-20260219,UBNA_028,E18 Bridge
HF,51840.0,14.036868807437614,42.6165,42.620400000000004,51250.0,82947.0,Echolocation,Myotis alcathoe,0.358,0.481,-1,192000.0,/mnt/ubna_data_07/recover-20260219/UBNA_028/20260218_095000.WAV,recover-20260219,UBNA_028,E18 Bridge
HF,55680.0,17.424057686125533,42.710499999999996,42.714,47812.0,72745.0,Echolocation,Myotis alcathoe,0.288,0.534,-1,192000.0,/mnt/ubna_data_07/recover-20260219/UBNA_028/20260218_095000.WAV,recover-20260219,UBNA_028,E18 Bridge
HF,54720.0,16.049564243435363,42.7975,42.8018,46093.0,80507.0,Echolocation,Myotis alcathoe,0.445,0.522,-1,192000.0,/mnt/ubna_data_07/recover-20260219/UBNA_028/20260218_095000.WAV,recover-20260219,UBNA_028,E18 Bridge
HF,55680.0,14.314926723922719,42.8855,42.8904,46953.0,80932.0,Echolocation,Myotis alcathoe,0.391,0.493,-1,192000.0,/mnt/ubna_data_07/recover-20260219/UBNA_028/20260218_095000.WAV,recover-20260219,UBNA_028,E18 Bridge
HF,55680.0,16.53403257723042,42.9725,42.9765,46953.0,83682.0,Echolocation,Myotis alcathoe,0.414,0.514,-1,192000.0,/mnt/ubna_data_07/recover-20260219/UBNA_028/20260218_095000.WAV,recover-20260219,UBNA_028,E18 Bridge
HF,51840.0,8.73480631445949,43.0925,43.096199999999996,46953.0,80823.0,Echolocation,Myotis alcathoe,0.29,0.408,-1,192000.0,/mnt/ubna_data_07/recover-20260219/UBNA_028/20260218_095000.WAV,recover-20260219,UBNA_028,E18 Bridge
HF,51840.0,23.38221916926608,43.1755,43.1805,45234.0,74109.0,Echolocation,Pipistrellus pipistrellus,0.403,0.597,-1,192000.0,/mnt/ubna_data_07/recover-20260219/UBNA_028/20260218_095000.WAV,recover-20260219,UBNA_028,E18 Bridge
HF,51840.0,17.43315540017035,43.2665,43.2707,50390.0,71664.0,Echolocation,Pipistrellus pipistrellus,0.3,0.41,-1,192000.0,/mnt/ubna_data_07/recover-20260219/UBNA_028/20260218_095000.WAV,recover-20260219,UBNA_028,E18 Bridge
HF,56640.0,16.104144487408238,43.3715,43.3757,46093.0,82744.0,Echolocation,Myotis alcathoe,0.373,0.414,-1,192000.0,/mnt/ubna_data_07/recover-20260219/UBNA_028/20260218_095000.WAV,recover-20260219,UBNA_028,E18 Bridge
HF,55680.0,16.87626724278145,43.4315,43.4357,46093.0,86685.0,Echolocation,Myotis alcathoe,0.411,0.462,-1,192000.0,/mnt/ubna_data_07/recover-20260219/UBNA_028/20260218_095000.WAV,recover-20260219,UBNA_028,E18 Bridge
HF,55680.0,19.928923455084405,43.4625,43.4666,52109.0,77377.0,Echolocation,Pipistrellus pipistrellus,0.218,0.463,-1,192000.0,/mnt/ubna_data_07/recover-20260219/UBNA_028/20260218_095000.WAV,recover-20260219,UBNA_028,E18 Bridge
HF,55680.0,18.555301759094995,43.5135,43.518,45234.0,86283.0,Echolocation,Myotis alcathoe,0.444,0.508,-1,192000.0,/mnt/ubna_data_07/recover-20260219/UBNA_028/20260218_095000.WAV,recover-20260219,UBNA_028,E18 Bridge
HF,50880.0,19.487813633857186,43.5655,43.5689,50390.0,77270.0,Echolocation,Myotis alcathoe,0.241,0.403,-1,192000.0,/mnt/ubna_data_07/recover-20260219/UBNA_028/20260218_095000.WAV,recover-20260219,UBNA_028,E18 Bridge
HF,54720.0,17.907867818177614,43.6225,43.6269,46953.0,80095.0,Echolocation,Myotis alcathoe,0.376,0.466,-1,192000.0,/mnt/ubna_data_07/recover-20260219/UBNA_028/20260218_095000.WAV,recover-20260219,UBNA_028,E18 Bridge
HF,54720.0,16.580320206833104,43.6825,43.6865,47812.0,79300.0,Echolocation,Myotis alcathoe,0.394,0.484,-1,192000.0,/mnt/ubna_data_07/recover-20260219/UBNA_028/20260218_095000.WAV,recover-20260219,UBNA_028,E18 Bridge
HF,54720.0,15.601131039974947,43.7295,43.7334,47812.0,79820.0,Echolocation,Myotis alcathoe,0.358,0.5,-1,192000.0,/mnt/ubna_data_07/recover-20260219/UBNA_028/20260218_095000.WAV,recover-20260219,UBNA_028,E18 Bridge
HF,53760.0,10.673840936061358,43.7755,43.7791,48671.0,75731.0,Echolocation,Myotis alcathoe,0.359,0.514,-1,192000.0,/mnt/ubna_data_07/recover-20260219/UBNA_028/20260218_095000.WAV,recover-20260219,UBNA_028,E18 Bridge
HF,54720.0,9.804012721587457,43.7945,43.7975,48671.0,75356.0,Echolocation,Myotis alcathoe,0.339,0.432,-1,192000.0,/mnt/ubna_data_07/recover-20260219/UBNA_028/20260218_095000.WAV,recover-20260219,UBNA_028,E18 Bridge
HF,52800.0,14.426787185986411,43.8285,43.8315,47812.0,67522.0,Echolocation,Myotis alcathoe,0.312,0.483,-1,192000.0,/mnt/ubna_data_07/recover-20260219/UBNA_028/20260218_095000.WAV,recover-20260219,UBNA_028,E18 Bridge
HF,53760.0,20.072761061085718,43.8765,43.8809,45234.0,85310.0,Echolocation,Myotis alcathoe,0.436,0.545,-1,192000.0,/mnt/ubna_data_07/recover-20260219/UBNA_028/20260218_095000.WAV,recover-20260219,UBNA_028,E18 Bridge
HF,53760.0,23.588047027922112,43.9155,43.9191,48671.0,79171.0,Echolocation,Myotis alcathoe,0.335,0.508,-1,192000.0,/mnt/ubna_data_07/recover-20260219/UBNA_028/20260218_095000.WAV,recover-20260219,UBNA_028,E18 Bridge
HF,56640.0,13.221609900944774,43.9595,43.9631,50390.0,77959.0,Echolocation,Myotis alcathoe,0.388,0.574,-1,192000.0,/mnt/ubna_data_07/recover-20260219/UBNA_028/20260218_095000.WAV,recover-20260219,UBNA_028,E18 Bridge
HF,55680.0,19.802212646894706,44.0195,44.0239,48671.0,81682.0,Echolocation,Myotis alcathoe,0.451,0.548,-1,192000.0,/mnt/ubna_data_07/recover-20260219/UBNA_028/20260218_095000.WAV,recover-20260219,UBNA_028,E18 Bridge
HF,52800.0,30.278135899018892,44.1015,44.1059,46953.0,77528.0,Echolocation,Pipistrellus pipistrellus,0.233,0.515,-1,192000.0,/mnt/ubna_data_07/recover-20260219/UBNA_028/20260218_095000.WAV,recover-20260219,UBNA_028,E18 Bridge
HF,52800.0,33.67642866746507,44.1875,44.191900000000004,46093.0,80733.0,Echolocation,Myotis alcathoe,0.258,0.476,-1,192000.0,/mnt/ubna_data_07/recover-20260219/UBNA_028/20260218_095000.WAV,recover-20260219,UBNA_028,E18 Bridge
HF,54720.0,20.074730150485433,44.2595,44.2636,49531.0,78765.0,Echolocation,Myotis alcathoe,0.423,0.521,-1,192000.0,/mnt/ubna_data_07/recover-20260219/UBNA_028/20260218_095000.WAV,recover-20260219,UBNA_028,E18 Bridge
HF,54720.0,25.41615255120029,44.4215,44.426,47812.0,78596.0,Echolocation,Pipistrellus pipistrellus,0.304,0.543,-1,192000.0,/mnt/ubna_data_07/recover-20260219/UBNA_028/20260218_095000.WAV,recover-20260219,UBNA_028,E18 Bridge
HF,53760.0,20.127147757343124,44.5055,44.5097,48671.0,82305.0,Echolocation,Myotis alcathoe,0.375,0.575,-1,192000.0,/mnt/ubna_data_07/recover-20260219/UBNA_028/20260218_095000.WAV,recover-20260219,UBNA_028,E18 Bridge
HF,55680.0,25.37660045811127,44.591499999999996,44.5958,46953.0,81802.0,Echolocation,Myotis alcathoe,0.384,0.568,-1,192000.0,/mnt/ubna_data_07/recover-20260219/UBNA_028/20260218_095000.WAV,recover-20260219,UBNA_028,E18 Bridge
HF,54720.0,20.29616092438492,44.6505,44.6558,48671.0,82147.0,Echolocation,Myotis alcathoe,0.346,0.531,-1,192000.0,/mnt/ubna_data_07/recover-20260219/UBNA_028/20260218_095000.WAV,recover-20260219,UBNA_028,E18 Bridge
HF,54720.0,19.76928459802853,44.7155,44.7197,48671.0,83290.0,Echolocation,Myotis alcathoe,0.441,0.545,-1,192000.0,/mnt/ubna_data_07/recover-20260219/UBNA_028/20260218_095000.WAV,recover-20260219,UBNA_028,E18 Bridge
HF,54720.0,14.679663836085428,44.7655,44.7696,49531.0,80261.0,Echolocation,Myotis alcathoe,0.4,0.505,-1,192000.0,/mnt/ubna_data_07/recover-20260219/UBNA_028/20260218_095000.WAV,recover-20260219,UBNA_028,E18 Bridge
HF,54720.0,21.97304257412422,44.8305,44.8358,48671.0,86597.0,Echolocation,Myotis alcathoe,0.429,0.53,-1,192000.0,/mnt/ubna_data_07/recover-20260219/UBNA_028/20260218_095000.WAV,recover-20260219,UBNA_028,E18 Bridge
HF,55680.0,18.318835076033757,44.8855,44.890100000000004,47812.0,84783.0,Echolocation,Myotis alcathoe,0.464,0.521,-1,192000.0,/mnt/ubna_data_07/recover-20260219/UBNA_028/20260218_095000.WAV,recover-20260219,UBNA_028,E18 Bridge
HF,54720.0,19.831114710345368,44.9465,44.9516,46953.0,84434.0,Echolocation,Myotis alcathoe,0.42,0.508,-1,192000.0,/mnt/ubna_data_07/recover-20260219/UBNA_028/20260218_095000.WAV,recover-20260219,UBNA_028,E18 Bridge
HF,54720.0,21.771750888010498,45.0075,45.0113,47812.0,82147.0,Echolocation,Myotis alcathoe,0.481,0.556,-1,192000.0,/mnt/ubna_data_07/recover-20260219/UBNA_028/20260218_095000.WAV,recover-20260219,UBNA_028,E18 Bridge
HF,52800.0,17.84649304055792,45.0935,45.0981,47812.0,73617.0,Echolocation,Myotis alcathoe,0.295,0.443,-1,192000.0,/mnt/ubna_data_07/recover-20260219/UBNA_028/20260218_095000.WAV,recover-20260219,UBNA_028,E18 Bridge
HF,52800.0,8.44551948262886,45.1785,45.184200000000004,48671.0,70522.0,Echolocation,Myotis alcathoe,0.178,0.339,-1,192000.0,/mnt/ubna_data_07/recover-20260219/UBNA_028/20260218_095000.WAV,recover-20260219,UBNA_028,E18 Bridge
HF,55680.0,9.686076285813677,45.3495,45.3532,45234.0,74867.0,Echolocation,Myotis alcathoe,0.483,0.554,-1,192000.0,/mnt/ubna_data_07/recover-20260219/UBNA_028/20260218_095000.WAV,recover-20260219,UBNA_028,E18 Bridge
HF,47040.0,7.313836983588802,45.4305,45.434,45234.0,69449.0,Echolocation,Myotis alcathoe,0.295,0.377,-1,192000.0,/mnt/ubna_data_07/recover-20260219/UBNA_028/20260218_095000.WAV,recover-20260219,UBNA_028,E18 Bridge
HF,48000.0,10.158557308679976,45.5145,45.519,46093.0,65174.0,Echolocation,Pipistrellus pipistrellus,0.261,0.405,-1,192000.0,/mnt/ubna_data_07/recover-20260219/UBNA_028/20260218_095000.WAV,recover-20260219,UBNA_028,E18 Bridge
HF,51840.0,6.624237275085684,45.6275,45.6317,49531.0,70201.0,Echolocation,Myotis alcathoe,0.254,0.353,-1,192000.0,/mnt/ubna_data_07/recover-20260219/UBNA_028/20260218_095000.WAV,recover-20260219,UBNA_028,E18 Bridge
HF,51840.0,13.530141063734774,45.7155,45.719,45234.0,67147.0,Echolocation,Myotis alcathoe,0.214,0.437,-1,192000.0,/mnt/ubna_data_07/recover-20260219/UBNA_028/20260218_095000.WAV,recover-20260219,UBNA_028,E18 Bridge
HF,51840.0,9.382028267529275,45.914500000000004,45.9187,45234.0,71241.0,Echolocation,Myotis alcathoe,0.347,0.508,-1,192000.0,/mnt/ubna_data_07/recover-20260219/UBNA_028/20260218_095000.WAV,recover-20260219,UBNA_028,E18 Bridge
HF,51840.0,4.9053781100597105,46.192499999999995,46.196799999999996,44375.0,62643.0,Echolocation,Pipistrellus pipistrellus,0.168,0.393,-1,192000.0,/mnt/ubna_data_07/recover-20260219/UBNA_028/20260218_095000.WAV,recover-20260219,UBNA_028,E18 Bridge
HF,50880.0,2.344757212627433,46.5945,46.599900000000005,50390.0,57016.0,Echolocation,Pipistrellus pipistrellus,0.325,0.36,-1,192000.0,/mnt/ubna_data_07/recover-20260219/UBNA_028/20260218_095000.WAV,recover-20260219,UBNA_028,E18 Bridge
HF,49920.0,4.8548590687758,46.6535,46.6572,48671.0,64712.0,Echolocation,Myotis alcathoe,0.146,0.457,-1,192000.0,/mnt/ubna_data_07/recover-20260219/UBNA_028/20260218_095000.WAV,recover-20260219,UBNA_028,E18 Bridge
HF,52800.0,5.176615440850184,46.9405,46.944500000000005,50390.0,58707.0,Echolocation,Pipistrellus pipistrellus,0.284,0.348,-1,192000.0,/mnt/ubna_data_07/recover-20260219/UBNA_028/20260218_095000.WAV,recover-20260219,UBNA_028,E18 Bridge
HF,51840.0,6.556169641357304,47.6145,47.6179,47812.0,63405.0,Echolocation,Myotis alcathoe,0.196,0.432,-1,192000.0,/mnt/ubna_data_07/recover-20260219/UBNA_028/20260218_095000.WAV,recover-20260219,UBNA_028,E18 Bridge
HF,52800.0,11.931293437449202,47.695499999999996,47.7006,51250.0,60519.0,Echolocation,Pipistrellus pipistrellus,0.208,0.36,-1,192000.0,/mnt/ubna_data_07/recover-20260219/UBNA_028/20260218_095000.WAV,recover-20260219,UBNA_028,E18 Bridge
HF,52800.0,14.342759579176187,47.7715,47.775400000000005,47812.0,71241.0,Echolocation,Myotis alcathoe,0.231,0.365,-1,192000.0,/mnt/ubna_data_07/recover-20260219/UBNA_028/20260218_095000.WAV,recover-20260219,UBNA_028,E18 Bridge
HF,52800.0,13.487320267455898,47.8475,47.8507,46093.0,72105.0,Echolocation,Myotis alcathoe,0.257,0.407,-1,192000.0,/mnt/ubna_data_07/recover-20260219/UBNA_028/20260218_095000.WAV,recover-20260219,UBNA_028,E18 Bridge
HF,52800.0,18.48578861935732,48.0035,48.0065,47812.0,68877.0,Echolocation,Myotis alcathoe,0.357,0.496,-1,192000.0,/mnt/ubna_data_07/recover-20260219/UBNA_028/20260218_095000.WAV,recover-20260219,UBNA_028,E18 Bridge
HF,54720.0,14.560728830304466,48.0815,48.084900000000005,48671.0,75003.0,Echolocation,Myotis alcathoe,0.366,0.5,-1,192000.0,/mnt/ubna_data_07/recover-20260219/UBNA_028/20260218_095000.WAV,recover-20260219,UBNA_028,E18 Bridge
HF,51840.0,15.9995074373076,48.164500000000004,48.168,50390.0,73922.0,Echolocation,Myotis alcathoe,0.228,0.517,-1,192000.0,/mnt/ubna_data_07/recover-20260219/UBNA_028/20260218_095000.WAV,recover-20260219,UBNA_028,E18 Bridge
HF,51840.0,11.339552260281511,48.2465,48.25,47812.0,68707.0,Echolocation,Myotis alcathoe,0.305,0.459,-1,192000.0,/mnt/ubna_data_07/recover-20260219/UBNA_028/20260218_095000.WAV,recover-20260219,UBNA_028,E18 Bridge
HF,54720.0,16.297067106054367,48.325500000000005,48.3294,47812.0,77248.0,Echolocation,Myotis alcathoe,0.412,0.575,-1,192000.0,/mnt/ubna_data_07/recover-20260219/UBNA_028/20260218_095000.WAV,recover-20260219,UBNA_028,E18 Bridge
HF,54720.0,20.40850982422033,48.4095,48.414100000000005,46953.0,78203.0,Echolocation,Myotis alcathoe,0.39,0.602,-1,192000.0,/mnt/ubna_data_07/recover-20260219/UBNA_028/20260218_095000.WAV,recover-20260219,UBNA_028,E18 Bridge
HF,52800.0,15.484517971813087,48.4885,48.4928,46093.0,79593.0,Echolocation,Myotis alcathoe,0.437,0.563,-1,192000.0,/mnt/ubna_data_07/recover-20260219/UBNA_028/20260218_095000.WAV,recover-20260219,UBNA_028,E18 Bridge
HF,53760.0,17.168154634575842,48.5715,48.575,47812.0,75952.0,Echolocation,Myotis alcathoe,0.406,0.53,-1,192000.0,/mnt/ubna_data_07/recover-20260219/UBNA_028/20260218_095000.WAV,recover-20260219,UBNA_028,E18 Bridge
HF,53760.0,12.28792950085361,48.676500000000004,48.6806,50390.0,76963.0,Echolocation,Myotis alcathoe,0.313,0.439,-1,192000.0,/mnt/ubna_data_07/recover-20260219/UBNA_028/20260218_095000.WAV,recover-20260219,UBNA_028,E18 Bridge
HF,53760.0,15.22050074391365,48.7565,48.7605,49531.0,77097.0,Echolocation,Myotis alcathoe,0.221,0.349,-1,192000.0,/mnt/ubna_data_07/recover-20260219/UBNA_028/20260218_095000.WAV,recover-20260219,UBNA_028,E18 Bridge
HF,54720.0,12.123287383993466,48.8125,48.816,46953.0,74662.0,Echolocation,Myotis alcathoe,0.323,0.423,-1,192000.0,/mnt/ubna_data_07/recover-20260219/UBNA_028/20260218_095000.WAV,recover-20260219,UBNA_028,E18 Bridge
HF,57600.0,11.107870298136472,48.8405,48.844,50390.0,72893.0,Echolocation,Myotis alcathoe,0.255,0.373,-1,192000.0,/mnt/ubna_data_07/recover-20260219/UBNA_028/20260218_095000.WAV,recover-20260219,UBNA_028,E18 Bridge
HF,55680.0,8.639573317628253,48.8755,48.8785,50390.0,73185.0,Echolocation,Myotis alcathoe,0.32,0.496,-1,192000.0,/mnt/ubna_data_07/recover-20260219/UBNA_028/20260218_095000.WAV,recover-20260219,UBNA_028,E18 Bridge
HF,54720.0,5.912274771747218,48.8955,48.899100000000004,50390.0,72568.0,Echolocation,Myotis alcathoe,0.172,0.314,-1,192000.0,/mnt/ubna_data_07/recover-20260219/UBNA_028/20260218_095000.WAV,recover-20260219,UBNA_028,E18 Bridge
HF,53760.0,8.83067497702272,48.9165,48.919399999999996,51250.0,67717.0,Echolocation,Myotis alcathoe,0.275,0.502,-1,192000.0,/mnt/ubna_data_07/recover-20260219/UBNA_028/20260218_095000.WAV,recover-20260219,UBNA_028,E18 Bridge
HF,52800.0,8.142552497829428,48.944500000000005,48.9473,51250.0,69974.0,Echolocation,Myotis alcathoe,0.323,0.383,-1,192000.0,/mnt/ubna_data_07/recover-20260219/UBNA_028/20260218_095000.WAV,recover-20260219,UBNA_028,E18 Bridge
HF,52800.0,3.6489831122970684,49.1175,49.1222,51250.0,62842.0,Echolocation,Pipistrellus pipistrellus,0.175,0.306,-1,192000.0,/mnt/ubna_data_07/recover-20260219/UBNA_028/20260218_095000.WAV,recover-20260219,UBNA_028,E18 Bridge
HF,51840.0,26.00739539692343,49.2065,49.2119,45234.0,75711.0,Echolocation,Pipistrellus pipistrellus,0.354,0.622,-1,192000.0,/mnt/ubna_data_07/recover-20260219/UBNA_028/20260218_095000.WAV,recover-20260219,UBNA_028,E18 Bridge
HF,51840.0,25.80568937427995,49.2715,49.2762,46093.0,73528.0,Echolocation,Pipistrellus pipistrellus,0.273,0.505,-1,192000.0,/mnt/ubna_data_07/recover-20260219/UBNA_028/20260218_095000.WAV,recover-20260219,UBNA_028,E18 Bridge
HF,51840.0,31.463211173587737,49.317499999999995,49.322199999999995,46953.0,73895.0,Echolocation,Pipistrellus pipistrellus,0.446,0.572,-1,192000.0,/mnt/ubna_data_07/recover-20260219/UBNA_028/20260218_095000.WAV,recover-20260219,UBNA_028,E18 Bridge
HF,52800.0,18.357925931093177,49.3885,49.3935,46953.0,73757.0,Echolocation,Pipistrellus pipistrellus,0.432,0.62,-1,192000.0,/mnt/ubna_data_07/recover-20260219/UBNA_028/20260218_095000.WAV,recover-20260219,UBNA_028,E18 Bridge
HF,52800.0,7.9197125648115785,49.4785,49.4822,52968.0,66559.0,Echolocation,Pipistrellus pipistrellus,0.332,0.451,-1,192000.0,/mnt/ubna_data_07/recover-20260219/UBNA_028/20260218_095000.WAV,recover-20260219,UBNA_028,E18 Bridge
HF,57600.0,2.2644950055023774,49.5815,49.585,51250.0,65322.0,Echolocation,Myotis alcathoe,0.215,0.353,-1,192000.0,/mnt/ubna_data_07/recover-20260219/UBNA_028/20260218_095000.WAV,recover-20260219,UBNA_028,E18 Bridge
HF,53760.0,9.127804486831362,51.8635,51.8684,48671.0,68540.0,Echolocation,Pipistrellus pipistrellus,0.183,0.415,-1,192000.0,/mnt/ubna_data_07/recover-20260219/UBNA_028/20260218_095000.WAV,recover-20260219,UBNA_028,E18 Bridge
HF,53760.0,11.278403310355056,51.948499999999996,51.953199999999995,44375.0,76963.0,Echolocation,Myotis alcathoe,0.256,0.412,-1,192000.0,/mnt/ubna_data_07/recover-20260219/UBNA_028/20260218_095000.WAV,recover-20260219,UBNA_028,E18 Bridge
HF,54720.0,16.38150316489974,52.0165,52.0201,47812.0,76006.0,Echolocation,Myotis alcathoe,0.471,0.551,-1,192000.0,/mnt/ubna_data_07/recover-20260219/UBNA_028/20260218_095000.WAV,recover-20260219,UBNA_028,E18 Bridge
HF,52800.0,15.4742774590732,52.0835,52.086600000000004,46953.0,72691.0,Echolocation,Myotis alcathoe,0.372,0.472,-1,192000.0,/mnt/ubna_data_07/recover-20260219/UBNA_028/20260218_095000.WAV,recover-20260219,UBNA_028,E18 Bridge
HF,54720.0,12.577052826942714,52.182500000000005,52.186499999999995,45234.0,79169.0,Echolocation,Myotis alcathoe,0.484,0.547,-1,192000.0,/mnt/ubna_data_07/recover-20260219/UBNA_028/20260218_095000.WAV,recover-20260219,UBNA_028,E18 Bridge
HF,54720.0,15.431449401021926,52.2395,52.2435,46953.0,80680.0,Echolocation,Myotis alcathoe,0.479,0.563,-1,192000.0,/mnt/ubna_data_07/recover-20260219/UBNA_028/20260218_095000.WAV,recover-20260219,UBNA_028,E18 Bridge
HF,54720.0,14.307819794747598,52.307500000000005,52.310900000000004,47812.0,74748.0,Echolocation,Myotis alcathoe,0.338,0.371,-1,192000.0,/mnt/ubna_data_07/recover-20260219/UBNA_028/20260218_095000.WAV,recover-20260219,UBNA_028,E18 Bridge
HF,54720.0,15.448527565791537,52.308499999999995,52.312,52109.0,69941.0,Echolocation,Pipistrellus pipistrellus,0.177,0.376,-1,192000.0,/mnt/ubna_data_07/recover-20260219/UBNA_028/20260218_095000.WAV,recover-20260219,UBNA_028,E18 Bridge
HF,55680.0,15.984815477314317,52.3855,52.3896,46953.0,80213.0,Echolocation,Myotis alcathoe,0.469,0.566,-1,192000.0,/mnt/ubna_data_07/recover-20260219/UBNA_028/20260218_095000.WAV,recover-20260219,UBNA_028,E18 Bridge
HF,51840.0,15.138309250955299,52.4595,52.4636,46953.0,78553.0,Echolocation,Myotis alcathoe,0.545,0.628,-1,192000.0,/mnt/ubna_data_07/recover-20260219/UBNA_028/20260218_095000.WAV,recover-20260219,UBNA_028,E18 Bridge
HF,52800.0,15.458719775654224,52.552499999999995,52.556799999999996,46093.0,76830.0,Echolocation,Myotis alcathoe,0.454,0.553,-1,192000.0,/mnt/ubna_data_07/recover-20260219/UBNA_028/20260218_095000.WAV,recover-20260219,UBNA_028,E18 Bridge
HF,55680.0,16.45849909819411,52.6395,52.6432,46953.0,77311.0,Echolocation,Myotis alcathoe,0.502,0.59,-1,192000.0,/mnt/ubna_data_07/recover-20260219/UBNA_028/20260218_095000.WAV,recover-20260219,UBNA_028,E18 Bridge
HF,51840.0,18.347769216770622,52.7335,52.7371,46953.0,80310.0,Echolocation,Myotis alcathoe,0.499,0.582,-1,192000.0,/mnt/ubna_data_07/recover-20260219/UBNA_028/20260218_095000.WAV,recover-20260219,UBNA_028,E18 Bridge
HF,52800.0,23.25790673089071,52.819500000000005,52.823499999999996,46093.0,75983.0,Echolocation,Myotis alcathoe,0.453,0.559,-1,192000.0,/mnt/ubna_data_07/recover-20260219/UBNA_028/20260218_095000.WAV,recover-20260219,UBNA_028,E18 Bridge
HF,55680.0,19.979668430334414,52.9005,52.9045,46093.0,83686.0,Echolocation,Myotis alcathoe,0.524,0.626,-1,192000.0,/mnt/ubna_data_07/recover-20260219/UBNA_028/20260218_095000.WAV,recover-20260219,UBNA_028,E18 Bridge
HF,52800.0,22.440736879827973,52.9835,52.987300000000005,46093.0,73930.0,Echolocation,Myotis alcathoe,0.434,0.564,-1,192000.0,/mnt/ubna_data_07/recover-20260219/UBNA_028/20260218_095000.WAV,recover-20260219,UBNA_028,E18 Bridge
HF,51840.0,10.88076046889092,53.1135,53.116299999999995,46953.0,65788.0,Echolocation,Myotis alcathoe,0.247,0.358,-1,192000.0,/mnt/ubna_data_07/recover-20260219/UBNA_028/20260218_095000.WAV,recover-20260219,UBNA_028,E18 Bridge
HF,52800.0,15.933751047208219,53.207499999999996,53.210899999999995,46093.0,66360.0,Echolocation,Myotis alcathoe,0.217,0.467,-1,192000.0,/mnt/ubna_data_07/recover-20260219/UBNA_028/20260218_095000.WAV,recover-20260219,UBNA_028,E18 Bridge
HF,52800.0,5.408652224951345,53.2855,53.2885,48671.0,68225.0,Echolocation,Myotis alcathoe,0.261,0.349,-1,192000.0,/mnt/ubna_data_07/recover-20260219/UBNA_028/20260218_095000.WAV,recover-20260219,UBNA_028,E18 Bridge
HF,53760.0,5.830287419492491,55.4075,55.410799999999995,46093.0,61922.0,Echolocation,Pipistrellus pipistrellus,0.189,0.43,-1,192000.0,/mnt/ubna_data_07/recover-20260219/UBNA_028/20260218_095000.WAV,recover-20260219,UBNA_028,E18 Bridge
HF,52800.0,1.3402373786876054,55.4655,55.4698,51250.0,58294.0,Echolocation,Pipistrellus pipistrellus,0.234,0.324,-1,192000.0,/mnt/ubna_data_07/recover-20260219/UBNA_028/20260218_095000.WAV,recover-20260219,UBNA_028,E18 Bridge
HF,51840.0,3.539111889073811,55.5415,55.544799999999995,46093.0,70685.0,Echolocation,Myotis alcathoe,0.194,0.305,-1,192000.0,/mnt/ubna_data_07/recover-20260219/UBNA_028/20260218_095000.WAV,recover-20260219,UBNA_028,E18 Bridge
HF,54720.0,7.655498705987737,55.6075,55.6104,46093.0,67773.0,Echolocation,Myotis alcathoe,0.301,0.446,-1,192000.0,/mnt/ubna_data_07/recover-20260219/UBNA_028/20260218_095000.WAV,recover-20260219,UBNA_028,E18 Bridge
HF,52800.0,4.695057058534477,55.6625,55.6655,47812.0,66295.0,Echolocation,Myotis alcathoe,0.192,0.301,-1,192000.0,/mnt/ubna_data_07/recover-20260219/UBNA_028/20260218_095000.WAV,recover-20260219,UBNA_028,E18 Bridge
HF,55680.0,6.8411606617183836,55.7195,55.7237,46093.0,66119.0,Echolocation,Myotis alcathoe,0.286,0.45,-1,192000.0,/mnt/ubna_data_07/recover-20260219/UBNA_028/20260218_095000.WAV,recover-20260219,UBNA_028,E18 Bridge
HF,55680.0,8.058650199164425,55.7815,55.7851,46953.0,71901.0,Echolocation,Myotis alcathoe,0.253,0.369,-1,192000.0,/mnt/ubna_data_07/recover-20260219/UBNA_028/20260218_095000.WAV,recover-20260219,UBNA_028,E18 Bridge
HF,55680.0,4.674754930321264,55.9015,55.9055,54687.0,64717.0,Echolocation,Pipistrellus pygmaeus,0.445,0.455,-1,192000.0,/mnt/ubna_data_07/recover-20260219/UBNA_028/20260218_095000.WAV,recover-20260219,UBNA_028,E18 Bridge
HF,48000.0,0.6985790125697678,56.1355,56.1396,45234.0,62168.0,Echolocation,Myotis alcathoe,0.143,0.305,-1,192000.0,/mnt/ubna_data_07/recover-20260219/UBNA_028/20260218_095000.WAV,recover-20260219,UBNA_028,E18 Bridge
HF,51840.0,12.648182312175287,56.1905,56.194500000000005,46093.0,64743.0,Echolocation,Pipistrellus pipistrellus,0.258,0.496,-1,192000.0,/mnt/ubna_data_07/recover-20260219/UBNA_028/20260218_095000.WAV,recover-20260219,UBNA_028,E18 Bridge
HF,55680.0,5.407532851082575,56.2505,56.2541,45234.0,68302.0,Echolocation,Myotis alcathoe,0.247,0.405,-1,192000.0,/mnt/ubna_data_07/recover-20260219/UBNA_028/20260218_095000.WAV,recover-20260219,UBNA_028,E18 Bridge
HF,51840.0,11.045906342057972,56.323499999999996,56.3264,46953.0,66722.0,Echolocation,Myotis alcathoe,0.263,0.405,-1,192000.0,/mnt/ubna_data_07/recover-20260219/UBNA_028/20260218_095000.WAV,recover-20260219,UBNA_028,E18 Bridge
HF,54720.0,3.905298549001197,56.4015,56.4049,47812.0,64059.0,Echolocation,Myotis alcathoe,0.236,0.399,-1,192000.0,/mnt/ubna_data_07/recover-20260219/UBNA_028/20260218_095000.WAV,recover-20260219,UBNA_028,E18 Bridge
HF,50880.0,11.620480316505425,56.5025,56.5061,47812.0,60297.0,Echolocation,Pipistrellus pipistrellus,0.262,0.351,-1,192000.0,/mnt/ubna_data_07/recover-20260219/UBNA_028/20260218_095000.WAV,recover-20260219,UBNA_028,E18 Bridge
HF,52800.0,7.200688186724637,56.5595,56.563,51250.0,58478.0,Echolocation,Pipistrellus pipistrellus,0.229,0.309,-1,192000.0,/mnt/ubna_data_07/recover-20260219/UBNA_028/20260218_095000.WAV,recover-20260219,UBNA_028,E18 Bridge
HF,51840.0,7.698890735737982,56.7255,56.730000000000004,50390.0,64552.0,Echolocation,Pipistrellus pipistrellus,0.28,0.365,-1,192000.0,/mnt/ubna_data_07/recover-20260219/UBNA_028/20260218_095000.WAV,recover-20260219,UBNA_028,E18 Bridge
HF,51840.0,13.359427374237733,56.7905,56.794799999999995,50390.0,60346.0,Echolocation,Pipistrellus pipistrellus,0.361,0.53,-1,192000.0,/mnt/ubna_data_07/recover-20260219/UBNA_028/20260218_095000.WAV,recover-20260219,UBNA_028,E18 Bridge
HF,50880.0,8.376070465102723,56.8405,56.8453,50390.0,61055.0,Echolocation,Pipistrellus pipistrellus,0.42,0.521,-1,192000.0,/mnt/ubna_data_07/recover-20260219/UBNA_028/20260218_095000.WAV,recover-20260219,UBNA_028,E18 Bridge
HF,55680.0,5.110003844419849,56.8815,56.885999999999996,55546.0,66275.0,Echolocation,Pipistrellus pygmaeus,0.521,0.542,-1,192000.0,/mnt/ubna_data_07/recover-20260219/UBNA_028/20260218_095000.WAV,recover-20260219,UBNA_028,E18 Bridge
HF,50880.0,5.293553432893539,56.933499999999995,56.937,48671.0,62461.0,Echolocation,Pipistrellus pipistrellus,0.247,0.381,-1,192000.0,/mnt/ubna_data_07/recover-20260219/UBNA_028/20260218_095000.WAV,recover-20260219,UBNA_028,E18 Bridge
HF,50880.0,9.761760024161074,57.0065,57.010400000000004,46093.0,67632.0,Echolocation,Myotis alcathoe,0.21,0.364,-1,192000.0,/mnt/ubna_data_07/recover-20260219/UBNA_028/20260218_095000.WAV,recover-20260219,UBNA_028,E18 Bridge
HF,54720.0,2.870222352301764,57.066500000000005,57.070499999999996,50390.0,61680.0,Echolocation,Pipistrellus pipistrellus,0.201,0.309,-1,192000.0,/mnt/ubna_data_07/recover-20260219/UBNA_028/20260218_095000.WAV,recover-20260219,UBNA_028,E18 Bridge
HF,52800.0,3.174619357214938,57.3125,57.3153,50390.0,60900.0,Echolocation,Pipistrellus pipistrellus,0.233,0.34,-1,192000.0,/mnt/ubna_data_07/recover-20260219/UBNA_028/20260218_095000.WAV,recover-20260219,UBNA_028,E18 Bridge
HF,52800.0,5.581252582781716,57.6845,57.6904,52109.0,59506.0,Echolocation,Pipistrellus pygmaeus,0.244,0.36,-1,192000.0,/mnt/ubna_data_07/recover-20260219/UBNA_028/20260218_095000.WAV,recover-20260219,UBNA_028,E18 Bridge
HF,52800.0,14.27972430584623,57.7275,57.731700000000004,47812.0,69477.0,Echolocation,Pipistrellus pipistrellus,0.284,0.494,-1,192000.0,/mnt/ubna_data_07/recover-20260219/UBNA_028/20260218_095000.WAV,recover-20260219,UBNA_028,E18 Bridge
HF,52800.0,12.487496076396615,57.783500000000004,57.7864,47812.0,64768.0,Echolocation,Myotis alcathoe,0.262,0.443,-1,192000.0,/mnt/ubna_data_07/recover-20260219/UBNA_028/20260218_095000.WAV,recover-20260219,UBNA_028,E18 Bridge
HF,52800.0,7.514470839222613,57.835499999999996,57.8399,51250.0,61977.0,Echolocation,Pipistrellus pipistrellus,0.282,0.446,-1,192000.0,/mnt/ubna_data_07/recover-20260219/UBNA_028/20260218_095000.WAV,recover-20260219,UBNA_028,E18 Bridge
HF,55680.0,8.361723773905132,57.9065,57.9102,50390.0,61947.0,Echolocation,Pipistrellus pipistrellus,0.263,0.431,-1,192000.0,/mnt/ubna_data_07/recover-20260219/UBNA_028/20260218_095000.WAV,recover-20260219,UBNA_028,E18 Bridge
HF,52800.0,10.850546971391674,58.0405,58.0433,49531.0,66901.0,Echolocation,Myotis alcathoe,0.274,0.369,-1,192000.0,/mnt/ubna_data_07/recover-20260219/UBNA_028/20260218_095000.WAV,recover-20260219,UBNA_028,E18 Bridge
HF,52800.0,11.910416952052259,58.2185,58.2214,47812.0,66957.0,Echolocation,Myotis alcathoe,0.332,0.397,-1,192000.0,/mnt/ubna_data_07/recover-20260219/UBNA_028/20260218_095000.WAV,recover-20260219,UBNA_028,E18 Bridge
HF,52800.0,7.980301538800312,58.2815,58.284099999999995,51250.0,66375.0,Echolocation,Myotis alcathoe,0.3,0.356,-1,192000.0,/mnt/ubna_data_07/recover-20260219/UBNA_028/20260218_095000.WAV,recover-20260219,UBNA_028,E18 Bridge
HF,51840.0,9.717456466620641,58.3345,58.3374,50390.0,74868.0,Echolocation,Myotis alcathoe,0.474,0.516,-1,192000.0,/mnt/ubna_data_07/recover-20260219/UBNA_028/20260218_095000.WAV,recover-20260219,UBNA_028,E18 Bridge
HF,55680.0,8.603151595202416,58.3745,58.3774,49531.0,75286.0,Echolocation,Myotis alcathoe,0.397,0.433,-1,192000.0,/mnt/ubna_data_07/recover-20260219/UBNA_028/20260218_095000.WAV,recover-20260219,UBNA_028,E18 Bridge
HF,52800.0,8.86116934889853,58.4135,58.4169,51250.0,73357.0,Echolocation,Myotis alcathoe,0.337,0.47,-1,192000.0,/mnt/ubna_data_07/recover-20260219/UBNA_028/20260218_095000.WAV,recover-20260219,UBNA_028,E18 Bridge
HF,54720.0,9.289516658165105,58.4555,58.4591,52109.0,76519.0,Echolocation,Myotis alcathoe,0.362,0.419,-1,192000.0,/mnt/ubna_data_07/recover-20260219/UBNA_028/20260218_095000.WAV,recover-20260219,UBNA_028,E18 Bridge
HF,55680.0,6.949595469275822,58.4915,58.4946,53828.0,75649.0,Echolocation,Pipistrellus pygmaeus,0.153,0.361,-1,192000.0,/mnt/ubna_data_07/recover-20260219/UBNA_028/20260218_095000.WAV,recover-20260219,UBNA_028,E18 Bridge
HF,54720.0,7.599272311037076,58.548500000000004,58.5517,51250.0,75461.0,Echolocation,Myotis alcathoe,0.425,0.48,-1,192000.0,/mnt/ubna_data_07/recover-20260219/UBNA_028/20260218_095000.WAV,recover-20260219,UBNA_028,E18 Bridge
HF,55680.0,5.98722788879895,58.582499999999996,58.5856,54687.0,80635.0,Echolocation,Myotis alcathoe,0.377,0.437,-1,192000.0,/mnt/ubna_data_07/recover-20260219/UBNA_028/20260218_095000.WAV,recover-20260219,UBNA_028,E18 Bridge
HF,54720.0,4.277444551576442,58.6025,58.6057,52109.0,75050.0,Echolocation,Myotis alcathoe,0.391,0.442,-1,192000.0,/mnt/ubna_data_07/recover-20260219/UBNA_028/20260218_095000.WAV,recover-20260219,UBNA_028,E18 Bridge
HF,55680.0,18.429748632539443,58.6785,58.6823,45234.0,77638.0,Echolocation,Myotis alcathoe,0.503,0.566,-1,192000.0,/mnt/ubna_data_07/recover-20260219/UBNA_028/20260218_095000.WAV,recover-20260219,UBNA_028,E18 Bridge
HF,54720.0,19.110675655488368,58.7365,58.7408,45234.0,79872.0,Echolocation,Myotis alcathoe,0.559,0.605,-1,192000.0,/mnt/ubna_data_07/recover-20260219/UBNA_028/20260218_095000.WAV,recover-20260219,UBNA_028,E18 Bridge
HF,54720.0,17.029978734007468,58.8095,58.8134,47812.0,76739.0,Echolocation,Myotis alcathoe,0.414,0.57,-1,192000.0,/mnt/ubna_data_07/recover-20260219/UBNA_028/20260218_095000.WAV,recover-20260219,UBNA_028,E18 Bridge
HF,54720.0,17.905664419761308,58.8735,58.8772,46953.0,82731.0,Echolocation,Myotis alcathoe,0.587,0.627,-1,192000.0,/mnt/ubna_data_07/recover-20260219/UBNA_028/20260218_095000.WAV,recover-20260219,UBNA_028,E18 Bridge
HF,52800.0,15.371909359349214,58.924499999999995,58.9279,47812.0,77188.0,Echolocation,Myotis alcathoe,0.473,0.523,-1,192000.0,/mnt/ubna_data_07/recover-20260219/UBNA_028/20260218_095000.WAV,recover-20260219,UBNA_028,E18 Bridge
HF,54720.0,14.527215922151907,58.9675,58.970600000000005,47812.0,74702.0,Echolocation,Myotis alcathoe,0.479,0.543,-1,192000.0,/mnt/ubna_data_07/recover-20260219/UBNA_028/20260218_095000.WAV,recover-20260219,UBNA_028,E18 Bridge
HF,52800.0,13.26584194925134,59.0035,59.006,50390.0,71503.0,Echolocation,Myotis alcathoe,0.417,0.466,-1,192000.0,/mnt/ubna_data_07/recover-20260219/UBNA_028/20260218_095000.WAV,recover-20260219,UBNA_028,E18 Bridge
HF,53760.0,11.453608009082465,59.048500000000004,59.052,52109.0,75114.0,Echolocation,Myotis alcathoe,0.32,0.54,-1,192000.0,/mnt/ubna_data_07/recover-20260219/UBNA_028/20260218_095000.WAV,recover-20260219,UBNA_028,E18 Bridge
HF,52800.0,12.655582146208136,59.0845,59.0886,46953.0,80573.0,Echolocation,Myotis alcathoe,0.53,0.572,-1,192000.0,/mnt/ubna_data_07/recover-20260219/UBNA_028/20260218_095000.WAV,recover-20260219,UBNA_028,E18 Bridge
HF,54720.0,12.583420457796809,59.1215,59.1242,48671.0,77073.0,Echolocation,Myotis alcathoe,0.485,0.544,-1,192000.0,/mnt/ubna_data_07/recover-20260219/UBNA_028/20260218_095000.WAV,recover-20260219,UBNA_028,E18 Bridge
HF,52800.0,10.384361336904684,59.1505,59.1542,49531.0,80429.0,Echolocation,Myotis alcathoe,0.423,0.461,-1,192000.0,/mnt/ubna_data_07/recover-20260219/UBNA_028/20260218_095000.WAV,recover-20260219,UBNA_028,E18 Bridge
HF,54720.0,11.382377712668394,59.176500000000004,59.1796,47812.0,75619.0,Echolocation,Myotis alcathoe,0.368,0.416,-1,192000.0,/mnt/ubna_data_07/recover-20260219/UBNA_028/20260218_095000.WAV,recover-20260219,UBNA_028,E18 Bridge
HF,57600.0,15.202577091364729,59.2305,59.2341,46953.0,81264.0,Echolocation,Myotis alcathoe,0.519,0.594,-1,192000.0,/mnt/ubna_data_07/recover-20260219/UBNA_028/20260218_095000.WAV,recover-20260219,UBNA_028,E18 Bridge
HF,51840.0,21.46142042331239,59.2875,59.291799999999995,46953.0,77483.0,Echolocation,Myotis alcathoe,0.439,0.602,-1,192000.0,/mnt/ubna_data_07/recover-20260219/UBNA_028/20260218_095000.WAV,recover-20260219,UBNA_028,E18 Bridge
HF,51840.0,23.63267096973439,59.3495,59.354299999999995,45234.0,86608.0,Echolocation,Myotis alcathoe,0.505,0.552,-1,192000.0,/mnt/ubna_data_07/recover-20260219/UBNA_028/20260218_095000.WAV,recover-20260219,UBNA_028,E18 Bridge
HF,54720.0,18.89880467885041,59.430499999999995,59.4349,47812.0,78815.0,Echolocation,Myotis alcathoe,0.509,0.586,-1,192000.0,/mnt/ubna_data_07/recover-20260219/UBNA_028/20260218_095000.WAV,recover-20260219,UBNA_028,E18 Bridge
HF,55680.0,22.73015929140967,59.5045,59.5084,46953.0,81386.0,Echolocation,Myotis alcathoe,0.633,0.701,-1,192000.0,/mnt/ubna_data_07/recover-20260219/UBNA_028/20260218_095000.WAV,recover-20260219,UBNA_028,E18 Bridge
HF,53760.0,18.904969019365822,59.5835,59.5877,47812.0,80507.0,Echolocation,Myotis alcathoe,0.568,0.627,-1,192000.0,/mnt/ubna_data_07/recover-20260219/UBNA_028/20260218_095000.WAV,recover-20260219,UBNA_028,E18 Bridge
HF,52800.0,11.962388760093512,59.6425,59.6456,47812.0,70588.0,Echolocation,Myotis alcathoe,0.42,0.472,-1,192000.0,/mnt/ubna_data_07/recover-20260219/UBNA_028/20260218_095000.WAV,recover-20260219,UBNA_028,E18 Bridge
HF,52800.0,9.64352753587878,59.701499999999996,59.7048,51250.0,69461.0,Echolocation,Myotis alcathoe,0.371,0.491,-1,192000.0,/mnt/ubna_data_07/recover-20260219/UBNA_028/20260218_095000.WAV,recover-20260219,UBNA_028,E18 Bridge
HF,54720.0,10.449829582856518,106.5665,106.57339999999999,50390.0,66931.0,Echolocation,Pipistrellus pipistrellus,0.281,0.435,-1,192000.0,/mnt/ubna_data_07/recover-20260219/UBNA_028/20260218_095000.WAV,recover-20260219,UBNA_028,E18 Bridge
HF,51840.0,11.245309162397326,106.62950000000001,106.6374,49531.0,63435.0,Echolocation,Pipistrellus pipistrellus,0.29,0.39,-1,192000.0,/mnt/ubna_data_07/recover-20260219/UBNA_028/20260218_095000.WAV,recover-20260219,UBNA_028,E18 Bridge
HF,52800.0,6.1641518701172116,107.3325,107.33840000000001,51250.0,58649.0,Echolocation,Pipistrellus pygmaeus,0.192,0.355,-1,192000.0,/mnt/ubna_data_07/recover-20260219/UBNA_028/20260218_095000.WAV,recover-20260219,UBNA_028,E18 Bridge
HF,51840.0,9.207603226357,107.5145,107.5184,50390.0,57731.0,Echolocation,Pipistrellus pipistrellus,0.332,0.41,-1,192000.0,/mnt/ubna_data_07/recover-20260219/UBNA_028/20260218_095000.WAV,recover-20260219,UBNA_028,E18 Bridge
HF,51840.0,12.312473151168412,107.5725,107.5767,50390.0,62511.0,Echolocation,Pipistrellus pipistrellus,0.317,0.461,-1,192000.0,/mnt/ubna_data_07/recover-20260219/UBNA_028/20260218_095000.WAV,recover-20260219,UBNA_028,E18 Bridge
HF,54720.0,7.778078807845671,107.6325,107.6371,46953.0,62043.0,Echolocation,Pipistrellus pipistrellus,0.21,0.452,-1,192000.0,/mnt/ubna_data_07/recover-20260219/UBNA_028/20260218_095000.WAV,recover-20260219,UBNA_028,E18 Bridge
HF,51840.0,20.546497729467795,107.6955,107.7013,46093.0,66129.0,Echolocation,Pipistrellus pipistrellus,0.255,0.638,-1,192000.0,/mnt/ubna_data_07/recover-20260219/UBNA_028/20260218_095000.WAV,recover-20260219,UBNA_028,E18 Bridge
HF,52800.0,15.136287928803362,107.7515,107.7547,46953.0,60791.0,Echolocation,Pipistrellus pipistrellus,0.285,0.449,-1,192000.0,/mnt/ubna_data_07/recover-20260219/UBNA_028/20260218_095000.WAV,recover-20260219,UBNA_028,E18 Bridge
HF,52800.0,6.236184009325207,107.8045,107.8101,52968.0,62969.0,Echolocation,Pipistrellus pygmaeus,0.183,0.325,-1,192000.0,/mnt/ubna_data_07/recover-20260219/UBNA_028/20260218_095000.WAV,recover-20260219,UBNA_028,E18 Bridge
HF,52800.0,5.908302542254012,108.3115,108.3149,52109.0,61416.0,Echolocation,Pipistrellus pipistrellus,0.227,0.388,-1,192000.0,/mnt/ubna_data_07/recover-20260219/UBNA_028/20260218_095000.WAV,recover-20260219,UBNA_028,E18 Bridge
HF,52800.0,6.102416062243088,108.3815,108.3844,46953.0,63562.0,Echolocation,Myotis alcathoe,0.18,0.397,-1,192000.0,/mnt/ubna_data_07/recover-20260219/UBNA_028/20260218_095000.WAV,recover-20260219,UBNA_028,E18 Bridge
HF,52800.0,10.231686576274956,108.4415,108.4444,51250.0,62162.0,Echolocation,Pipistrellus pipistrellus,0.273,0.395,-1,192000.0,/mnt/ubna_data_07/recover-20260219/UBNA_028/20260218_095000.WAV,recover-20260219,UBNA_028,E18 Bridge
HF,52800.0,12.937944939270196,108.4995,108.5024,48671.0,61142.0,Echolocation,Myotis alcathoe,0.196,0.482,-1,192000.0,/mnt/ubna_data_07/recover-20260219/UBNA_028/20260218_095000.WAV,recover-20260219,UBNA_028,E18 Bridge
HF,52800.0,9.27973047443345,108.5485,108.5518,49531.0,68391.0,Echolocation,Myotis alcathoe,0.266,0.462,-1,192000.0,/mnt/ubna_data_07/recover-20260219/UBNA_028/20260218_095000.WAV,recover-20260219,UBNA_028,E18 Bridge
HF,55680.0,7.007998180498651,108.5985,108.6016,47812.0,62290.0,Echolocation,Myotis alcathoe,0.263,0.42,-1,192000.0,/mnt/ubna_data_07/recover-20260219/UBNA_028/20260218_095000.WAV,recover-20260219,UBNA_028,E18 Bridge
HF,51840.0,6.993963364298654,108.6495,108.6526,46953.0,64391.0,Echolocation,Myotis alcathoe,0.181,0.352,-1,192000.0,/mnt/ubna_data_07/recover-20260219/UBNA_028/20260218_095000.WAV,recover-20260219,UBNA_028,E18 Bridge
HF,52800.0,8.466693104661312,108.6935,108.6964,47812.0,68963.0,Echolocation,Myotis alcathoe,0.207,0.369,-1,192000.0,/mnt/ubna_data_07/recover-20260219/UBNA_028/20260218_095000.WAV,recover-20260219,UBNA_028,E18 Bridge
HF,55680.0,10.501461671010103,108.7225,108.72579999999999,46953.0,70295.0,Echolocation,Myotis alcathoe,0.285,0.442,-1,192000.0,/mnt/ubna_data_07/recover-20260219/UBNA_028/20260218_095000.WAV,recover-20260219,UBNA_028,E18 Bridge
HF,51840.0,9.256771823492052,108.7625,108.7657,50390.0,68973.0,Echolocation,Myotis alcathoe,0.203,0.409,-1,192000.0,/mnt/ubna_data_07/recover-20260219/UBNA_028/20260218_095000.WAV,recover-20260219,UBNA_028,E18 Bridge
HF,54720.0,6.8297475976055235,108.78450000000001,108.7869,52109.0,72759.0,Echolocation,Myotis alcathoe,0.223,0.352,-1,192000.0,/mnt/ubna_data_07/recover-20260219/UBNA_028/20260218_095000.WAV,recover-20260219,UBNA_028,E18 Bridge
HF,54720.0,6.650502037892315,108.8165,108.8197,52109.0,64538.0,Echolocation,Pipistrellus pipistrellus,0.218,0.332,-1,192000.0,/mnt/ubna_data_07/recover-20260219/UBNA_028/20260218_095000.WAV,recover-20260219,UBNA_028,E18 Bridge
HF,52800.0,4.549420442022447,108.83449999999999,108.8383,52109.0,65955.0,Echolocation,Pipistrellus pipistrellus,0.275,0.391,-1,192000.0,/mnt/ubna_data_07/recover-20260219/UBNA_028/20260218_095000.WAV,recover-20260219,UBNA_028,E18 Bridge
HF,52800.0,6.195722668703915,108.87049999999999,108.8735,47812.0,69102.0,Echolocation,Myotis alcathoe,0.201,0.362,-1,192000.0,/mnt/ubna_data_07/recover-20260219/UBNA_028/20260218_095000.WAV,recover-20260219,UBNA_028,E18 Bridge
HF,52800.0,9.732080193025297,108.89150000000001,108.8951,51250.0,64515.0,Echolocation,Pipistrellus pipistrellus,0.296,0.404,-1,192000.0,/mnt/ubna_data_07/recover-20260219/UBNA_028/20260218_095000.WAV,recover-20260219,UBNA_028,E18 Bridge
HF,52800.0,11.961762017216808,109.2235,109.2281,52109.0,58493.0,Echolocation,Pipistrellus pygmaeus,0.253,0.479,-1,192000.0,/mnt/ubna_data_07/recover-20260219/UBNA_028/20260218_095000.WAV,recover-20260219,UBNA_028,E18 Bridge
HF,52800.0,33.50973223074509,109.3225,109.326,48671.0,69761.0,Echolocation,Pipistrellus pipistrellus,0.302,0.407,-1,192000.0,/mnt/ubna_data_07/recover-20260219/UBNA_028/20260218_095000.WAV,recover-20260219,UBNA_028,E18 Bridge
HF,55680.0,21.26053636208205,109.4025,109.4068,46953.0,75259.0,Echolocation,Myotis alcathoe,0.326,0.565,-1,192000.0,/mnt/ubna_data_07/recover-20260219/UBNA_028/20260218_095000.WAV,recover-20260219,UBNA_028,E18 Bridge
HF,55680.0,21.83549219688057,109.4825,109.4872,46093.0,75396.0,Echolocation,Myotis alcathoe,0.371,0.57,-1,192000.0,/mnt/ubna_data_07/recover-20260219/UBNA_028/20260218_095000.WAV,recover-20260219,UBNA_028,E18 Bridge
HF,52800.0,19.569996227467115,109.5635,109.5681,48671.0,77465.0,Echolocation,Myotis alcathoe,0.356,0.525,-1,192000.0,/mnt/ubna_data_07/recover-20260219/UBNA_028/20260218_095000.WAV,recover-20260219,UBNA_028,E18 Bridge
HF,55680.0,15.280638143683214,109.6445,109.6486,48671.0,73545.0,Echolocation,Myotis alcathoe,0.301,0.481,-1,192000.0,/mnt/ubna_data_07/recover-20260219/UBNA_028/20260218_095000.WAV,recover-20260219,UBNA_028,E18 Bridge
HF,52800.0,16.275347948567493,109.7145,109.718,46953.0,76305.0,Echolocation,Myotis alcathoe,0.297,0.395,-1,192000.0,/mnt/ubna_data_07/recover-20260219/UBNA_028/20260218_095000.WAV,recover-20260219,UBNA_028,E18 Bridge
HF,52800.0,17.94666227622916,109.7595,109.7639,46093.0,77258.0,Echolocation,Myotis alcathoe,0.311,0.516,-1,192000.0,/mnt/ubna_data_07/recover-20260219/UBNA_028/20260218_095000.WAV,recover-20260219,UBNA_028,E18 Bridge
HF,52800.0,14.791683504293847,109.8035,109.8068,47812.0,71275.0,Echolocation,Myotis alcathoe,0.268,0.465,-1,192000.0,/mnt/ubna_data_07/recover-20260219/UBNA_028/20260218_095000.WAV,recover-20260219,UBNA_028,E18 Bridge
HF,52800.0,9.851122836924421,109.8375,109.8407,47812.0,66242.0,Echolocation,Myotis alcathoe,0.174,0.41,-1,192000.0,/mnt/ubna_data_07/recover-20260219/UBNA_028/20260218_095000.WAV,recover-20260219,UBNA_028,E18 Bridge
HF,48000.0,9.345438363133656,109.8935,109.8966,47812.0,65969.0,Echolocation,Myotis alcathoe,0.229,0.54,-1,192000.0,/mnt/ubna_data_07/recover-20260219/UBNA_028/20260218_095000.WAV,recover-20260219,UBNA_028,E18 Bridge
HF,52800.0,6.899312133854627,110.1035,110.1094,52109.0,61858.0,Echolocation,Pipistrellus pipistrellus,0.27,0.459,-1,192000.0,/mnt/ubna_data_07/recover-20260219/UBNA_028/20260218_095000.WAV,recover-20260219,UBNA_028,E18 Bridge
HF,54720.0,10.505457846100699,110.1745,110.179,47812.0,63789.0,Echolocation,Pipistrellus pipistrellus,0.45,0.582,-1,192000.0,/mnt/ubna_data_07/recover-20260219/UBNA_028/20260218_095000.WAV,recover-20260219,UBNA_028,E18 Bridge
HF,49920.0,22.492376743036576,110.2825,110.2876,45234.0,75762.0,Echolocation,Myotis alcathoe,0.243,0.486,-1,192000.0,/mnt/ubna_data_07/recover-20260219/UBNA_028/20260218_095000.WAV,recover-20260219,UBNA_028,E18 Bridge
HF,54720.0,14.296048828825757,110.3595,110.3639,45234.0,73566.0,Echolocation,Myotis alcathoe,0.273,0.493,-1,192000.0,/mnt/ubna_data_07/recover-20260219/UBNA_028/20260218_095000.WAV,recover-20260219,UBNA_028,E18 Bridge
HF,50880.0,19.04455122022767,110.4325,110.4375,45234.0,68678.0,Echolocation,Pipistrellus pipistrellus,0.22,0.511,-1,192000.0,/mnt/ubna_data_07/recover-20260219/UBNA_028/20260218_095000.WAV,recover-20260219,UBNA_028,E18 Bridge
HF,55680.0,20.164661451909893,110.5055,110.511,44375.0,81879.0,Echolocation,Myotis alcathoe,0.374,0.573,-1,192000.0,/mnt/ubna_data_07/recover-20260219/UBNA_028/20260218_095000.WAV,recover-20260219,UBNA_028,E18 Bridge
HF,51840.0,4.597652667331582,110.58449999999999,110.589,46953.0,61474.0,Echolocation,Pipistrellus pipistrellus,0.145,0.328,-1,192000.0,/mnt/ubna_data_07/recover-20260219/UBNA_028/20260218_095000.WAV,recover-20260219,UBNA_028,E18 Bridge
HF,51840.0,11.016458921017405,110.6645,110.6696,46953.0,67081.0,Echolocation,Myotis alcathoe,0.19,0.436,-1,192000.0,/mnt/ubna_data_07/recover-20260219/UBNA_028/20260218_095000.WAV,recover-20260219,UBNA_028,E18 Bridge
HF,55680.0,5.278134785198601,110.9945,110.999,47812.0,63572.0,Echolocation,Pipistrellus pipistrellus,0.387,0.484,-1,192000.0,/mnt/ubna_data_07/recover-20260219/UBNA_028/20260218_095000.WAV,recover-20260219,UBNA_028,E18 Bridge
HF,48000.0,6.024188346247121,111.21549999999999,111.21940000000001,46093.0,66007.0,Echolocation,Pipistrellus pipistrellus,0.129,0.335,-1,192000.0,/mnt/ubna_data_07/recover-20260219/UBNA_028/20260218_095000.WAV,recover-20260219,UBNA_028,E18 Bridge
HF,48000.0,4.911753506227888,111.3955,111.3997,47812.0,61779.0,Echolocation,Pipistrellus pipistrellus,0.515,0.566,-1,192000.0,/mnt/ubna_data_07/recover-20260219/UBNA_028/20260218_095000.WAV,recover-20260219,UBNA_028,E18 Bridge
HF,55680.0,5.067164753246058,113.4305,113.43469999999999,46093.0,57303.0,Echolocation,Pipistrellus pipistrellus,0.45,0.503,-1,192000.0,/mnt/ubna_data_07/recover-20260219/UBNA_028/20260218_095000.WAV,recover-20260219,UBNA_028,E18 Bridge
HF,54720.0,5.195101840748507,116.2245,116.2295,53828.0,61618.0,Echolocation,Pipistrellus pygmaeus,0.31,0.316,-1,192000.0,/mnt/ubna_data_07/recover-20260219/UBNA_028/20260218_095000.WAV,recover-20260219,UBNA_028,E18 Bridge
HF,54720.0,4.9730958704140145,116.3075,116.3134,52968.0,61322.0,Echolocation,Pipistrellus pygmaeus,0.302,0.321,-1,192000.0,/mnt/ubna_data_07/recover-20260219/UBNA_028/20260218_095000.WAV,recover-20260219,UBNA_028,E18 Bridge
HF,54720.0,2.544297852462712,116.3865,116.3909,52109.0,59415.0,Echolocation,Pipistrellus pygmaeus,0.277,0.339,-1,192000.0,/mnt/ubna_data_07/recover-20260219/UBNA_028/20260218_095000.WAV,recover-20260219,UBNA_028,E18 Bridge
HF,51840.0,3.149315001328541,116.4635,116.4678,50390.0,62853.0,Echolocation,Pipistrellus pipistrellus,0.203,0.343,-1,192000.0,/mnt/ubna_data_07/recover-20260219/UBNA_028/20260218_095000.WAV,recover-20260219,UBNA_028,E18 Bridge
HF,55680.0,3.216526782897299,116.5525,116.5589,52968.0,61719.0,Echolocation,Pipistrellus pipistrellus,0.208,0.437,-1,192000.0,/mnt/ubna_data_07/recover-20260219/UBNA_028/20260218_095000.WAV,recover-20260219,UBNA_028,E18 Bridge
HF,54720.0,4.6378917714069585,116.6635,116.6683,54687.0,63732.0,Echolocation,Pipistrellus pygmaeus,0.423,0.429,-1,192000.0,/mnt/ubna_data_07/recover-20260219/UBNA_028/20260218_095000.WAV,recover-20260219,UBNA_028,E18 Bridge
HF,55680.0,4.31294042904564,116.7265,116.7304,51250.0,60917.0,Echolocation,Pipistrellus pipistrellus,0.187,0.328,-1,192000.0,/mnt/ubna_data_07/recover-20260219/UBNA_028/20260218_095000.WAV,recover-20260219,UBNA_028,E18 Bridge
HF,52800.0,2.7131329957498043,116.8595,116.8626,50390.0,58229.0,Echolocation,Pipistrellus pipistrellus,0.242,0.32,-1,192000.0,/mnt/ubna_data_07/recover-20260219/UBNA_028/20260218_095000.WAV,recover-20260219,UBNA_028,E18 Bridge
HF,54720.0,7.685090891823368,117.1505,117.1529,50390.0,58380.0,Echolocation,Pipistrellus pipistrellus,0.206,0.302,-1,192000.0,/mnt/ubna_data_07/recover-20260219/UBNA_028/20260218_095000.WAV,recover-20260219,UBNA_028,E18 Bridge
HF,52800.0,5.1567614018341175,117.34649999999999,117.3511,52968.0,66122.0,Echolocation,Pipistrellus pygmaeus,0.401,0.43,-1,192000.0,/mnt/ubna_data_07/recover-20260219/UBNA_028/20260218_095000.WAV,recover-20260219,UBNA_028,E18 Bridge
HF,55680.0,6.134506403148898,117.4025,117.4072,46953.0,63609.0,Echolocation,Myotis alcathoe,0.143,0.31,-1,192000.0,/mnt/ubna_data_07/recover-20260219/UBNA_028/20260218_095000.WAV,recover-20260219,UBNA_028,E18 Bridge
HF,53760.0,8.32197656216322,117.4755,117.4796,49531.0,62867.0,Echolocation,Pipistrellus pygmaeus,0.134,0.315,-1,192000.0,/mnt/ubna_data_07/recover-20260219/UBNA_028/20260218_095000.WAV,recover-20260219,UBNA_028,E18 Bridge
HF,53760.0,6.995071920112723,117.5485,117.5521,52968.0,63902.0,Echolocation,Pipistrellus pygmaeus,0.361,0.377,-1,192000.0,/mnt/ubna_data_07/recover-20260219/UBNA_028/20260218_095000.WAV,recover-20260219,UBNA_028,E18 Bridge
HF,51840.0,6.2744144296118485,117.6445,117.6505,50390.0,60514.0,Echolocation,Pipistrellus pipistrellus,0.287,0.479,-1,192000.0,/mnt/ubna_data_07/recover-20260219/UBNA_028/20260218_095000.WAV,recover-20260219,UBNA_028,E18 Bridge
HF,50880.0,4.689879499492552,117.7285,117.7326,47812.0,58109.0,Echolocation,Pipistrellus pipistrellus,0.281,0.347,-1,192000.0,/mnt/ubna_data_07/recover-20260219/UBNA_028/20260218_095000.WAV,recover-20260219,UBNA_028,E18 Bridge
HF,53760.0,5.900453917460684,117.7975,117.8009,46953.0,61585.0,Echolocation,Myotis alcathoe,0.205,0.39,-1,192000.0,/mnt/ubna_data_07/recover-20260219/UBNA_028/20260218_095000.WAV,recover-20260219,UBNA_028,E18 Bridge
HF,53760.0,6.639422599878869,117.95949999999999,117.9625,52109.0,61856.0,Echolocation,Pipistrellus pygmaeus,0.39,0.402,-1,192000.0,/mnt/ubna_data_07/recover-20260219/UBNA_028/20260218_095000.WAV,recover-20260219,UBNA_028,E18 Bridge
HF,53760.0,7.937018750629364,118.0385,118.0442,51250.0,60245.0,Echolocation,Pipistrellus pipistrellus,0.25,0.468,-1,192000.0,/mnt/ubna_data_07/recover-20260219/UBNA_028/20260218_095000.WAV,recover-20260219,UBNA_028,E18 Bridge
HF,52800.0,3.7038300491119447,118.10849999999999,118.114,51250.0,59083.0,Echolocation,Pipistrellus pipistrellus,0.251,0.357,-1,192000.0,/mnt/ubna_data_07/recover-20260219/UBNA_028/20260218_095000.WAV,recover-20260219,UBNA_028,E18 Bridge
HF,55680.0,4.536422144334548,118.7695,118.7731,46953.0,66086.0,Echolocation,Myotis alcathoe,0.184,0.312,-1,192000.0,/mnt/ubna_data_07/recover-20260219/UBNA_028/20260218_095000.WAV,recover-20260219,UBNA_028,E18 Bridge
HF,51840.0,3.028965801537053,118.8255,118.8298,47812.0,61757.0,Echolocation,Pipistrellus pipistrellus,0.235,0.415,-1,192000.0,/mnt/ubna_data_07/recover-20260219/UBNA_028/20260218_095000.WAV,recover-20260219,UBNA_028,E18 Bridge
HF,52800.0,2.4299330668573553,119.0805,119.0846,51250.0,60483.0,Echolocation,Pipistrellus pipistrellus,0.28,0.368,-1,192000.0,/mnt/ubna_data_07/recover-20260219/UBNA_028/20260218_095000.WAV,recover-20260219,UBNA_028,E18 Bridge
HF,51840.0,3.4728677572711635,119.1385,119.1442,50390.0,60505.0,Echolocation,Pipistrellus pipistrellus,0.377,0.46,-1,192000.0,/mnt/ubna_data_07/recover-20260219/UBNA_028/20260218_095000.WAV,recover-20260219,UBNA_028,E18 Bridge
HF,51840.0,6.02130849998983,119.1915,119.195,50390.0,60435.0,Echolocation,Pipistrellus pipistrellus,0.329,0.41,-1,192000.0,/mnt/ubna_data_07/recover-20260219/UBNA_028/20260218_095000.WAV,recover-20260219,UBNA_028,E18 Bridge
HF,55680.0,2.8129177756155412,119.2415,119.2456,50390.0,64015.0,Echolocation,Myotis alcathoe,0.132,0.311,-1,192000.0,/mnt/ubna_data_07/recover-20260219/UBNA_028/20260218_095000.WAV,recover-20260219,UBNA_028,E18 Bridge
HF,54720.0,3.850605250633572,119.28450000000001,119.2882,47812.0,67531.0,Echolocation,Myotis alcathoe,0.188,0.338,-1,192000.0,/mnt/ubna_data_07/recover-20260219/UBNA_028/20260218_095000.WAV,recover-20260219,UBNA_028,E18 Bridge
HF,52800.0,7.235214993475817,119.4115,119.4157,44375.0,71186.0,Echolocation,Myotis alcathoe,0.235,0.397,-1,192000.0,/mnt/ubna_data_07/recover-20260219/UBNA_028/20260218_095000.WAV,recover-20260219,UBNA_028,E18 Bridge
HF,52800.0,7.853231834113625,119.4735,119.47710000000001,49531.0,71129.0,Echolocation,Myotis alcathoe,0.258,0.455,-1,192000.0,/mnt/ubna_data_07/recover-20260219/UBNA_028/20260218_095000.WAV,recover-20260219,UBNA_028,E18 Bridge
HF,51840.0,4.677052036566939,119.51650000000001,119.5204,49531.0,66051.0,Echolocation,Myotis alcathoe,0.165,0.383,-1,192000.0,/mnt/ubna_data_07/recover-20260219/UBNA_028/20260218_095000.WAV,recover-20260219,UBNA_028,E18 Bridge
HF,55680.0,5.373895824008885,119.5535,119.5566,52109.0,62429.0,Echolocation,Pipistrellus pipistrellus,0.244,0.32,-1,192000.0,/mnt/ubna_data_07/recover-20260219/UBNA_028/20260218_095000.WAV,recover-20260219,UBNA_028,E18 Bridge
HF,52800.0,4.1114966199375,119.5825,119.5875,50390.0,63672.0,Echolocation,Pipistrellus pipistrellus,0.143,0.343,-1,192000.0,/mnt/ubna_data_07/recover-20260219/UBNA_028/20260218_095000.WAV,recover-20260219,UBNA_028,E18 Bridge
HF,55680.0,2.86967056487587,119.6955,119.6977,52109.0,67194.0,Echolocation,Myotis alcathoe,0.137,0.311,-1,192000.0,/mnt/ubna_data_07/recover-20260219/UBNA_028/20260218_095000.WAV,recover-20260219,UBNA_028,E18 Bridge
HF,50880.0,4.30578039813851,119.7415,119.7457,50390.0,63901.0,Echolocation,Pipistrellus pipistrellus,0.222,0.316,-1,192000.0,/mnt/ubna_data_07/recover-20260219/UBNA_028/20260218_095000.WAV,recover-20260219,UBNA_028,E18 Bridge
HF,50880.0,2.2540190722259617,119.9135,119.918,50390.0,58656.0,Echolocation,Pipistrellus pipistrellus,0.432,0.504,-1,192000.0,/mnt/ubna_data_07/recover-20260219/UBNA_028/20260218_095000.WAV,recover-20260219,UBNA_028,E18 Bridge
HF,50880.0,2.737739847499723,119.9865,119.993,49531.0,64274.0,Echolocation,Pipistrellus pipistrellus,0.187,0.304,-1,192000.0,/mnt/ubna_data_07/recover-20260219/UBNA_028/20260218_095000.WAV,recover-20260219,UBNA_028,E18 Bridge
HF,50880.0,17.18557887685413,120.0365,120.0407,47812.0,73209.0,Echolocation,Myotis alcathoe,0.205,0.469,-1,192000.0,/mnt/ubna_data_07/recover-20260219/UBNA_028/20260218_095000.WAV,recover-20260219,UBNA_028,E18 Bridge
HF,50880.0,12.644821029236034,120.0945,120.0989,50390.0,67671.0,Echolocation,Pipistrellus pipistrellus,0.354,0.496,-1,192000.0,/mnt/ubna_data_07/recover-20260219/UBNA_028/20260218_095000.WAV,recover-20260219,UBNA_028,E18 Bridge
HF,50880.0,13.88520111141773,120.1675,120.1715,49531.0,67224.0,Echolocation,Pipistrellus pipistrellus,0.54,0.64,-1,192000.0,/mnt/ubna_data_07/recover-20260219/UBNA_028/20260218_095000.WAV,recover-20260219,UBNA_028,E18 Bridge
HF,50880.0,7.5417666514948145,120.2155,120.2203,50390.0,61128.0,Echolocation,Pipistrellus pipistrellus,0.16,0.304,-1,192000.0,/mnt/ubna_data_07/recover-20260219/UBNA_028/20260218_095000.WAV,recover-20260219,UBNA_028,E18 Bridge
HF,55680.0,5.840283551038262,120.3305,120.3342,50390.0,65410.0,Echolocation,Myotis alcathoe,0.216,0.456,-1,192000.0,/mnt/ubna_data_07/recover-20260219/UBNA_028/20260218_095000.WAV,recover-20260219,UBNA_028,E18 Bridge
HF,54720.0,4.580879837232165,120.4425,120.4454,50390.0,63287.0,Echolocation,Myotis alcathoe,0.151,0.315,-1,192000.0,/mnt/ubna_data_07/recover-20260219/UBNA_028/20260218_095000.WAV,recover-20260219,UBNA_028,E18 Bridge
HF,54720.0,8.706982704284343,120.5065,120.5101,49531.0,63856.0,Echolocation,Myotis alcathoe,0.199,0.43,-1,192000.0,/mnt/ubna_data_07/recover-20260219/UBNA_028/20260218_095000.WAV,recover-20260219,UBNA_028,E18 Bridge
HF,52800.0,6.765949283607318,120.5595,120.5633,49531.0,67612.0,Echolocation,Myotis alcathoe,0.269,0.454,-1,192000.0,/mnt/ubna_data_07/recover-20260219/UBNA_028/20260218_095000.WAV,recover-20260219,UBNA_028,E18 Bridge
HF,51840.0,9.375150948063338,120.6215,120.6253,49531.0,62435.0,Echolocation,Myotis alcathoe,0.176,0.497,-1,192000.0,/mnt/ubna_data_07/recover-20260219/UBNA_028/20260218_095000.WAV,recover-20260219,UBNA_028,E18 Bridge
HF,52800.0,7.312675196473906,120.6765,120.6798,47812.0,64720.0,Echolocation,Myotis alcathoe,0.201,0.471,-1,192000.0,/mnt/ubna_data_07/recover-20260219/UBNA_028/20260218_095000.WAV,recover-20260219,UBNA_028,E18 Bridge
HF,53760.0,6.392014996331837,120.7285,120.732,46953.0,66776.0,Echolocation,Myotis alcathoe,0.25,0.48,-1,192000.0,/mnt/ubna_data_07/recover-20260219/UBNA_028/20260218_095000.WAV,recover-20260219,UBNA_028,E18 Bridge
HF,53760.0,7.331314860751869,120.7865,120.7902,47812.0,66839.0,Echolocation,Myotis alcathoe,0.258,0.488,-1,192000.0,/mnt/ubna_data_07/recover-20260219/UBNA_028/20260218_095000.WAV,recover-20260219,UBNA_028,E18 Bridge
HF,56640.0,4.931006807832141,120.8405,120.8438,47812.0,68123.0,Echolocation,Myotis alcathoe,0.286,0.501,-1,192000.0,/mnt/ubna_data_07/recover-20260219/UBNA_028/20260218_095000.WAV,recover-20260219,UBNA_028,E18 Bridge
HF,52800.0,6.386916162130024,120.8765,120.8796,46093.0,66483.0,Echolocation,Myotis mystacinus,0.194,0.371,-1,192000.0,/mnt/ubna_data_07/recover-20260219/UBNA_028/20260218_095000.WAV,recover-20260219,UBNA_028,E18 Bridge
HF,52800.0,7.066922545707652,120.9025,120.9057,52109.0,60742.0,Echolocation,Pipistrellus pipistrellus,0.308,0.413,-1,192000.0,/mnt/ubna_data_07/recover-20260219/UBNA_028/20260218_095000.WAV,recover-20260219,UBNA_028,E18 Bridge
HF,52800.0,18.41223392576046,121.1345,121.1376,52109.0,66105.0,Echolocation,Pipistrellus pipistrellus,0.213,0.423,-1,192000.0,/mnt/ubna_data_07/recover-20260219/UBNA_028/20260218_095000.WAV,recover-20260219,UBNA_028,E18 Bridge
HF,52800.0,25.15296834636263,121.2005,121.2051,46953.0,66301.0,Echolocation,Pipistrellus pipistrellus,0.415,0.712,-1,192000.0,/mnt/ubna_data_07/recover-20260219/UBNA_028/20260218_095000.WAV,recover-20260219,UBNA_028,E18 Bridge
HF,52800.0,16.433052451716378,121.2535,121.2568,46953.0,71236.0,Echolocation,Myotis alcathoe,0.355,0.473,-1,192000.0,/mnt/ubna_data_07/recover-20260219/UBNA_028/20260218_095000.WAV,recover-20260219,UBNA_028,E18 Bridge
HF,55680.0,10.735103407314096,121.3165,121.3199,48671.0,69860.0,Echolocation,Myotis alcathoe,0.3,0.519,-1,192000.0,/mnt/ubna_data_07/recover-20260219/UBNA_028/20260218_095000.WAV,recover-20260219,UBNA_028,E18 Bridge
HF,51840.0,7.8008134101934345,121.3845,121.3879,46953.0,64970.0,Echolocation,Myotis alcathoe,0.188,0.36,-1,192000.0,/mnt/ubna_data_07/recover-20260219/UBNA_028/20260218_095000.WAV,recover-20260219,UBNA_028,E18 Bridge
HF,52800.0,8.181087665700463,121.4595,121.4627,47812.0,61094.0,Echolocation,Myotis alcathoe,0.207,0.432,-1,192000.0,/mnt/ubna_data_07/recover-20260219/UBNA_028/20260218_095000.WAV,recover-20260219,UBNA_028,E18 Bridge
HF,53760.0,3.8546601751373637,121.5385,121.5427,52109.0,58839.0,Echolocation,Pipistrellus pipistrellus,0.254,0.364,-1,192000.0,/mnt/ubna_data_07/recover-20260219/UBNA_028/20260218_095000.WAV,recover-20260219,UBNA_028,E18 Bridge
HF,51840.0,10.827408862689223,121.7005,121.7044,46953.0,63423.0,Echolocation,Pipistrellus pipistrellus,0.273,0.491,-1,192000.0,/mnt/ubna_data_07/recover-20260219/UBNA_028/20260218_095000.WAV,recover-20260219,UBNA_028,E18 Bridge
HF,55680.0,3.567512973667318,121.7675,121.7712,52968.0,61270.0,Echolocation,Pipistrellus pipistrellus,0.287,0.408,-1,192000.0,/mnt/ubna_data_07/recover-20260219/UBNA_028/20260218_095000.WAV,recover-20260219,UBNA_028,E18 Bridge
HF,51840.0,3.952848504411548,121.8375,121.8405,50390.0,66425.0,Echolocation,Myotis alcathoe,0.172,0.377,-1,192000.0,/mnt/ubna_data_07/recover-20260219/UBNA_028/20260218_095000.WAV,recover-20260219,UBNA_028,E18 Bridge
HF,53760.0,13.45081892878337,121.9025,121.9063,46093.0,69053.0,Echolocation,Myotis alcathoe,0.339,0.515,-1,192000.0,/mnt/ubna_data_07/recover-20260219/UBNA_028/20260218_095000.WAV,recover-20260219,UBNA_028,E18 Bridge
HF,51840.0,11.773973697592997,121.9685,121.9711,51250.0,65245.0,Echolocation,Pipistrellus pipistrellus,0.236,0.494,-1,192000.0,/mnt/ubna_data_07/recover-20260219/UBNA_028/20260218_095000.WAV,recover-20260219,UBNA_028,E18 Bridge
HF,51840.0,13.924285255597983,122.0525,122.057,46093.0,73923.0,Echolocation,Myotis alcathoe,0.313,0.491,-1,192000.0,/mnt/ubna_data_07/recover-20260219/UBNA_028/20260218_095000.WAV,recover-20260219,UBNA_028,E18 Bridge
HF,51840.0,6.4072596629792,123.1985,123.2049,49531.0,61205.0,Echolocation,Pipistrellus pipistrellus,0.258,0.334,-1,192000.0,/mnt/ubna_data_07/recover-20260219/UBNA_028/20260218_095000.WAV,recover-20260219,UBNA_028,E18 Bridge
HF,51840.0,6.23362054550701,123.2575,123.2664,51250.0,58114.0,Echolocation,Pipistrellus pipistrellus,0.225,0.393,-1,192000.0,/mnt/ubna_data_07/recover-20260219/UBNA_028/20260218_095000.WAV,recover-20260219,UBNA_028,E18 Bridge
LF,26880.0,0.8638084546827209,74.4905,74.5004,26328.0,32088.0,Echolocation,Eptesicus serotinus,0.178,0.344,-1,192000.0,/mnt/ubna_data_07/recover-20260219/UBNA_028/20260218_102000.WAV,recover-20260219,UBNA_028,E18 Bridge
LF,22080.0,0.10716561493213836,51.9055,51.9244,22031.0,26413.0,Echolocation,Nyctalus leisleri,0.199,0.344,-1,192000.0,/mnt/ubna_data_07/recover-20260219/UBNA_028/20260218_105000.WAV,recover-20260219,UBNA_028,E18 Bridge
LF,25920.0,2.747881579118964,37.3495,37.3637,24609.0,29099.0,Echolocation,Nyctalus leisleri,0.161,0.31,-1,192000.0,/mnt/ubna_data_07/recover-20260219/UBNA_028/20260218_144000.WAV,recover-20260219,UBNA_028,E18 Bridge
LF,25920.0,2.150105767751536,279.9725,279.9844,25468.0,30306.0,Echolocation,Nyctalus leisleri,0.215,0.388,-1,192000.0,/mnt/ubna_data_07/recover-20260219/UBNA_028/20260218_151000.WAV,recover-20260219,UBNA_028,E18 Bridge
LF,22080.0,2.7992234401855365,263.3645,263.3847,21171.0,25120.0,Echolocation,Nyctalus leisleri,0.186,0.338,-1,192000.0,/mnt/ubna_data_07/recover-20260219/UBNA_028/20260218_152000.WAV,recover-20260219,UBNA_028,E18 Bridge
LF,23040.0,4.2598826639747,77.8925,77.9145,22890.0,26549.0,Echolocation,Nyctalus leisleri,0.254,0.327,-1,192000.0,/mnt/ubna_data_07/recover-20260219/UBNA_028/20260218_160000.WAV,recover-20260219,UBNA_028,E18 Bridge
LF,16320.0,6.8889274608361175,104.6665,104.6828,15156.0,18826.0,Echolocation,Nyctalus leisleri,0.198,0.35,-1,192000.0,/mnt/ubna_data_07/recover-20260219/UBNA_028/20260218_160000.WAV,recover-20260219,UBNA_028,E18 Bridge
LF,16320.0,11.987739566792346,104.9165,104.9325,14296.0,18136.0,Echolocation,Nyctalus leisleri,0.169,0.356,-1,192000.0,/mnt/ubna_data_07/recover-20260219/UBNA_028/20260218_160000.WAV,recover-20260219,UBNA_028,E18 Bridge
LF,23040.0,10.859206050341863,117.6795,117.6942,22031.0,26746.0,Echolocation,Nyctalus noctula,0.225,0.338,-1,192000.0,/mnt/ubna_data_07/recover-20260219/UBNA_028/20260218_163000.WAV,recover-20260219,UBNA_028,E18 Bridge
LF,23040.0,0.6492489955343284,203.6465,203.661,22031.0,26183.0,Echolocation,Nyctalus leisleri,0.187,0.301,-1,192000.0,/mnt/ubna_data_07/recover-20260219/UBNA_028/20260218_164000.WAV,recover-20260219,UBNA_028,E18 Bridge
LF,23040.0,2.142795090084913,259.4425,259.4566,22890.0,27432.0,Echolocation,Nyctalus leisleri,0.207,0.361,-1,192000.0,/mnt/ubna_data_07/recover-20260219/UBNA_028/20260218_164000.WAV,recover-20260219,UBNA_028,E18 Bridge
LF,21120.0,19.147439604356496,156.7305,156.7506,20312.0,23183.0,Echolocation,Nyctalus leisleri,0.218,0.332,-1,192000.0,/mnt/ubna_data_07/recover-20260219/UBNA_028/20260218_171000.WAV,recover-20260219,UBNA_028,E18 Bridge
LF,21120.0,11.203344912813176,157.4785,157.4987,20312.0,23514.0,Echolocation,Nyctalus leisleri,0.299,0.342,-1,192000.0,/mnt/ubna_data_07/recover-20260219/UBNA_028/20260218_171000.WAV,recover-20260219,UBNA_028,E18 Bridge
LF,22080.0,16.038414259067885,158.3755,158.4002,21171.0,24260.0,Echolocation,Nyctalus leisleri,0.354,0.374,-1,192000.0,/mnt/ubna_data_07/recover-20260219/UBNA_028/20260218_171000.WAV,recover-20260219,UBNA_028,E18 Bridge
LF,22080.0,16.389950374159657,158.7495,158.7769,21171.0,24260.0,Echolocation,Nyctalus leisleri,0.308,0.334,-1,192000.0,/mnt/ubna_data_07/recover-20260219/UBNA_028/20260218_171000.WAV,recover-20260219,UBNA_028,E18 Bridge
LF,22080.0,22.609375840108328,159.1185,159.1483,20312.0,22767.0,Echolocation,Nyctalus leisleri,0.331,0.35,-1,192000.0,/mnt/ubna_data_07/recover-20260219/UBNA_028/20260218_171000.WAV,recover-20260219,UBNA_028,E18 Bridge
LF,21120.0,9.282374273933009,161.1895,161.209,20312.0,23627.0,Echolocation,Nyctalus leisleri,0.351,0.403,-1,192000.0,/mnt/ubna_data_07/recover-20260219/UBNA_028/20260218_171000.WAV,recover-20260219,UBNA_028,E18 Bridge
LF,22080.0,23.647344546718216,161.7225,161.7517,21171.0,23840.0,Echolocation,Nyctalus leisleri,0.387,0.41,-1,192000.0,/mnt/ubna_data_07/recover-20260219/UBNA_028/20260218_171000.WAV,recover-20260219,UBNA_028,E18 Bridge
LF,22080.0,14.961453736819594,162.8545,162.8788,21171.0,24415.0,Echolocation,Nyctalus leisleri,0.4,0.416,-1,192000.0,/mnt/ubna_data_07/recover-20260219/UBNA_028/20260218_171000.WAV,recover-20260219,UBNA_028,E18 Bridge
LF,20160.0,15.490507627750965,163.8325,163.8536,20312.0,22811.0,Echolocation,Nyctalus leisleri,0.251,0.302,-1,192000.0,/mnt/ubna_data_07/recover-20260219/UBNA_028/20260218_171000.WAV,recover-20260219,UBNA_028,E18 Bridge
LF,21120.0,-0.04543552370483933,79.6095,79.62389999999999,22031.0,28681.0,Echolocation,Nyctalus noctula,0.182,0.312,-1,192000.0,/mnt/ubna_data_07/recover-20260219/UBNA_028/20260218_210000.WAV,recover-20260219,UBNA_028,E18 Bridge
LF,20160.0,1.3741075262341953,60.0865,60.1065,19453.0,23224.0,Echolocation,Nyctalus noctula,0.227,0.367,-1,192000.0,/mnt/ubna_data_07/recover-20260219/UBNA_028/20260218_224000.WAV,recover-20260219,UBNA_028,E18 Bridge
LF,23040.0,1.8031960327231402,144.1925,144.2045,22031.0,28582.0,Echolocation,Nyctalus noctula,0.135,0.357,-1,192000.0,/mnt/ubna_data_07/recover-20260219/UBNA_028/20260218_224000.WAV,recover-20260219,UBNA_028,E18 Bridge
LF,18240.0,7.072975434929219,283.5695,283.5919,17734.0,20515.0,Echolocation,Nyctalus noctula,0.354,0.445,-1,192000.0,/mnt/ubna_data_07/recover-20260219/UBNA_028/20260219_001000.WAV,recover-20260219,UBNA_028,E18 Bridge
LF,27840.0,0.5493917848140989,26.7465,26.7563,27187.0,34149.0,Echolocation,Eptesicus serotinus,0.185,0.301,-1,192000.0,/mnt/ubna_data_07/recover-20260219/UBNA_028/20260219_054000.WAV,recover-20260219,UBNA_028,E18 Bridge
LF,23040.0,4.043782510811591,104.5765,104.5919,23750.0,27289.0,Echolocation,Nyctalus leisleri,0.338,0.438,-1,192000.0,/mnt/ubna_data_07/recover-20260219/UBNA_028/20260219_060000.WAV,recover-20260219,UBNA_028,E18 Bridge
HF,46080.0,6.005244607799382,191.4065,191.425,45234.0,47633.0,Echolocation,Pipistrellus pipistrellus,0.357,0.408,-1,192000.0,/mnt/ubna_data_07/recover-20260219/UBNA_028/20260219_064000.WAV,recover-20260219,UBNA_028,E18 Bridge
LF,23040.0,0.15774119118182026,120.7705,120.7841,22890.0,27291.0,Echolocation,Nyctalus leisleri,0.147,0.312,-1,192000.0,/mnt/ubna_data_07/recover-20260219/UBNA_028/20260219_094000.WAV,recover-20260219,UBNA_028,E18 Bridge
LF,22080.0,-0.053518106758297414,261.2875,261.3065,21171.0,25703.0,Echolocation,Nyctalus leisleri,0.145,0.31,-1,192000.0,/mnt/ubna_data_07/recover-20260219/UBNA_028/20260219_100000.WAV,recover-20260219,UBNA_028,E18 Bridge
LF,23040.0,0.292450269722218,261.6705,261.6899,22031.0,26427.0,Echolocation,Nyctalus leisleri,0.166,0.332,-1,192000.0,/mnt/ubna_data_07/recover-20260219/UBNA_028/20260219_101000.WAV,recover-20260219,UBNA_028,E18 Bridge
LF,23040.0,0.7361723370524152,183.0155,183.0344,22890.0,26370.0,Echolocation,Nyctalus leisleri,0.239,0.316,-1,192000.0,/mnt/ubna_data_07/recover-20260219/UBNA_028/20260219_115000.WAV,recover-20260219,UBNA_028,E18 Bridge
LF,27840.0,1.1874302735779017,33.9515,33.9622,26328.0,32808.0,Echolocation,Eptesicus serotinus,0.234,0.39,-1,192000.0,/mnt/ubna_data_07/recover-20260219/UBNA_028/20260219_122000.WAV,recover-20260219,UBNA_028,E18 Bridge
LF,22080.0,1.4383257062991315,290.2135,290.2308,22031.0,27155.0,Echolocation,Nyctalus noctula,0.157,0.315,-1,192000.0,/mnt/ubna_data_07/recover-20260219/UBNA_028/20260219_124000.WAV,recover-20260219,UBNA_028,E18 Bridge
LF,29760.0,0.3718812936565885,106.7715,106.7818,28906.0,34841.0,Echolocation,Eptesicus serotinus,0.19,0.304,-1,192000.0,/mnt/ubna_data_07/recover-20260219/UBNA_028/20260219_133000.WAV,recover-20260219,UBNA_028,E18 Bridge
LF,23040.0,10.278197272925333,2.8455,2.875,22031.0,25107.0,Echolocation,Nyctalus leisleri,0.308,0.334,-1,192000.0,/mnt/ubna_data_07/recover-20260219/UBNA_028/20260219_134000.WAV,recover-20260219,UBNA_028,E18 Bridge
LF,24000.0,0.9525358729454508,100.3265,100.3377,23750.0,29044.0,Echolocation,Nyctalus leisleri,0.121,0.31,-1,192000.0,/mnt/ubna_data_07/recover-20260219/UBNA_028/20260219_141000.WAV,recover-20260219,UBNA_028,E18 Bridge
LF,16320.0,8.14454380249251,277.4965,277.5134,14296.0,18608.0,Echolocation,Nyctalus leisleri,0.311,0.383,-1,192000.0,/mnt/ubna_data_07/recover-20260219/UBNA_028/20260219_144000.WAV,recover-20260219,UBNA_028,E18 Bridge
LF,16320.0,9.40584098275704,281.9385,281.9513,13437.0,17504.0,Echolocation,Nyctalus leisleri,0.204,0.355,-1,192000.0,/mnt/ubna_data_07/recover-20260219/UBNA_028/20260219_144000.WAV,recover-20260219,UBNA_028,E18 Bridge
LF,16320.0,6.630095661047703,282.2065,282.2231,14296.0,17542.0,Echolocation,Nyctalus leisleri,0.206,0.343,-1,192000.0,/mnt/ubna_data_07/recover-20260219/UBNA_028/20260219_144000.WAV,recover-20260219,UBNA_028,E18 Bridge
LF,16320.0,6.533771289736769,71.0305,71.0487,14296.0,18399.0,Echolocation,Nyctalus leisleri,0.165,0.313,-1,192000.0,/mnt/ubna_data_07/recover-20260219/UBNA_028/20260219_145000.WAV,recover-20260219,UBNA_028,E18 Bridge
LF,16320.0,3.410457149595576,13.1915,13.2129,16015.0,18727.0,Echolocation,Nyctalus noctula,0.145,0.306,-1,192000.0,/mnt/ubna_data_07/recover-20260219/UBNA_028/20260219_152000.WAV,recover-20260219,UBNA_028,E18 Bridge
LF,16320.0,17.41032013504946,202.3195,202.3406,15156.0,17786.0,Echolocation,Nyctalus noctula,0.201,0.301,-1,192000.0,/mnt/ubna_data_07/recover-20260219/UBNA_028/20260219_152000.WAV,recover-20260219,UBNA_028,E18 Bridge
LF,23040.0,0.47341136010993073,254.0605,254.0721,22890.0,28524.0,Echolocation,Nyctalus noctula,0.112,0.312,-1,192000.0,/mnt/ubna_data_07/recover-20260219/UBNA_028/20260219_161000.WAV,recover-20260219,UBNA_028,E18 Bridge
LF,21120.0,12.095688365403404,295.5215,295.5372,20312.0,23204.0,Echolocation,Nyctalus leisleri,0.304,0.339,-1,192000.0,/mnt/ubna_data_07/recover-20260219/UBNA_028/20260219_175000.WAV,recover-20260219,UBNA_028,E18 Bridge
LF,25920.0,2.62201638150064,125.8475,125.8567,24609.0,31358.0,Echolocation,Eptesicus serotinus,0.17,0.315,-1,192000.0,/mnt/ubna_data_07/recover-20260219/UBNA_028/20260219_184000.WAV,recover-20260219,UBNA_028,E18 Bridge
LF,24000.0,16.313080504722905,49.3805,49.3946,22890.0,26417.0,Echolocation,Nyctalus leisleri,0.274,0.356,-1,192000.0,/mnt/ubna_data_07/recover-20260219/UBNA_028/20260219_185000.WAV,recover-20260219,UBNA_028,E18 Bridge
LF,25920.0,0.5278816070614853,77.8205,77.8298,25468.0,32495.0,Echolocation,Eptesicus serotinus,0.185,0.302,-1,192000.0,/mnt/ubna_data_07/recover-20260219/UBNA_028/20260219_185000.WAV,recover-20260219,UBNA_028,E18 Bridge
LF,23040.0,0.030654659086168757,143.8465,143.8589,24609.0,30098.0,Echolocation,Nyctalus leisleri,0.157,0.325,-1,192000.0,/mnt/ubna_data_07/recover-20260219/UBNA_028/20260219_194000.WAV,recover-20260219,UBNA_028,E18 Bridge
LF,24960.0,3.511451253287694,185.5455,185.5557,23750.0,30210.0,Echolocation,Eptesicus serotinus,0.187,0.399,-1,192000.0,/mnt/ubna_data_07/recover-20260219/UBNA_028/20260219_194000.WAV,recover-20260219,UBNA_028,E18 Bridge
LF,24000.0,0.855074261311086,244.9245,244.9362,24609.0,29788.0,Echolocation,Eptesicus serotinus,0.152,0.315,-1,192000.0,/mnt/ubna_data_07/recover-20260219/UBNA_028/20260219_194000.WAV,recover-20260219,UBNA_028,E18 Bridge
LF,28800.0,5.525586532537698,158.1095,158.119,27187.0,33911.0,Echolocation,Eptesicus serotinus,0.213,0.33,-1,192000.0,/mnt/ubna_data_07/recover-20260219/UBNA_028/20260219_195000.WAV,recover-20260219,UBNA_028,E18 Bridge
LF,23040.0,2.644038054163151,0.7075,0.7221,23750.0,27962.0,Echolocation,Nyctalus leisleri,0.188,0.326,-1,192000.0,/mnt/ubna_data_07/recover-20260219/UBNA_028/20260219_200000.WAV,recover-20260219,UBNA_028,E18 Bridge
LF,23040.0,5.948398069002413,173.9525,173.9678,22890.0,28228.0,Echolocation,Nyctalus leisleri,0.184,0.367,-1,192000.0,/mnt/ubna_data_07/recover-20260219/UBNA_028/20260219_200000.WAV,recover-20260219,UBNA_028,E18 Bridge
LF,23040.0,1.980822968858321,164.7555,164.7703,24609.0,29237.0,Echolocation,Nyctalus leisleri,0.176,0.328,-1,192000.0,/mnt/ubna_data_07/recover-20260219/UBNA_028/20260219_201000.WAV,recover-20260219,UBNA_028,E18 Bridge
LF,23040.0,1.766526469957511,134.3115,134.3237,24609.0,30294.0,Echolocation,Nyctalus leisleri,0.141,0.306,-1,192000.0,/mnt/ubna_data_07/recover-20260219/UBNA_028/20260219_204000.WAV,recover-20260219,UBNA_028,E18 Bridge
