,KMEANS_CLASSES,peak_frequency,SNR,start_time,end_time,low_freq,high_freq,class,class_prob,det_prob,individual,event,sampling_rate,input_file
0,LF,95040.0,0.12206596260629242,0.0735,0.1056,93359,110673,Rhinolophus hipposideros,0.082,0.082,-1,Echolocation,250000,/home/adkris/Documents/mila-human-wav-txt/20220727_083000.WAV
1,LF,24960.0,1.1356594713947699,1.5675,1.5816,23750,28170,Nyctalus leisleri,0.074,0.149,-1,Echolocation,250000,/home/adkris/Documents/mila-human-wav-txt/20220727_083000.WAV
2,LF,35520.0,1.3896606157371232,9.7745,9.7817,28046,38529,Eptesicus serotinus,0.044,0.093,-1,Echolocation,250000,/home/adkris/Documents/mila-human-wav-txt/20220727_083000.WAV
3,HF,47040.0,0.7485002259057407,10.8075,10.8158,46953,50528,Pipistrellus pipistrellus,0.159,0.173,-1,Echolocation,250000,/home/adkris/Documents/mila-human-wav-txt/20220727_083000.WAV
4,LF,94080.0,0.25076552387207346,11.4805,11.5128,93359,110584,Rhinolophus hipposideros,0.094,0.094,-1,Echolocation,250000,/home/adkris/Documents/mila-human-wav-txt/20220727_083000.WAV
5,LF,22080.0,1.9088093802264967,13.0705,13.0797,21171,29815,Plecotus austriacus,0.051,0.151,-1,Echolocation,250000,/home/adkris/Documents/mila-human-wav-txt/20220727_083000.WAV
6,LF,26880.0,0.7905695836586503,13.8455,13.8572,25468,31956,Eptesicus serotinus,0.038,0.085,-1,Echolocation,250000,/home/adkris/Documents/mila-human-wav-txt/20220727_083000.WAV
7,LF,24000.0,1.4802793991635634,14.7385,14.7505,23750,28618,Nyctalus leisleri,0.038,0.081,-1,Echolocation,250000,/home/adkris/Documents/mila-human-wav-txt/20220727_083000.WAV
8,LF,23040.0,0.8836996447582991,15.1345,15.148,22890,28727,Eptesicus serotinus,0.035,0.102,-1,Echolocation,250000,/home/adkris/Documents/mila-human-wav-txt/20220727_083000.WAV
9,HF,46080.0,1.0767270178190254,15.8685,15.8797,44375,47505,Pipistrellus pipistrellus,0.096,0.112,-1,Echolocation,250000,/home/adkris/Documents/mila-human-wav-txt/20220727_083000.WAV
10,LF,37440.0,1.6244267338731988,21.4405,21.4534,36640,40021,Pipistrellus nathusii,0.073,0.108,-1,Echolocation,250000,/home/adkris/Documents/mila-human-wav-txt/20220727_083000.WAV
11,LF,36480.0,2.1029718055528837,23.8015,23.8074,29765,37811,Plecotus auritus,0.034,0.094,-1,Echolocation,250000,/home/adkris/Documents/mila-human-wav-txt/20220727_083000.WAV
12,LF,24960.0,0.40909736711232847,24.1225,24.1391,22890,27143,Nyctalus leisleri,0.06,0.128,-1,Echolocation,250000,/home/adkris/Documents/mila-human-wav-txt/20220727_083000.WAV
13,LF,26880.0,0.7386857219196843,25.6865,25.7022,26328,30912,Eptesicus serotinus,0.058,0.099,-1,Echolocation,250000,/home/adkris/Documents/mila-human-wav-txt/20220727_083000.WAV
14,LF,24960.0,0.24647936636225448,31.4945,31.5064,24609,30043,Nyctalus leisleri,0.07,0.186,-1,Echolocation,250000,/home/adkris/Documents/mila-human-wav-txt/20220727_083000.WAV
15,LF,18240.0,0.578222697113772,34.1795,34.1984,16015,18172,Nyctalus noctula,0.054,0.084,-1,Echolocation,250000,/home/adkris/Documents/mila-human-wav-txt/20220727_083000.WAV
16,HF,54720.0,2.1635329567404584,37.7085,37.7169,54687,59472,Pipistrellus pygmaeus,0.149,0.16,-1,Echolocation,250000,/home/adkris/Documents/mila-human-wav-txt/20220727_083000.WAV
17,LF,24000.0,0.6717251407741653,39.0905,39.103899999999996,23750,28267,Nyctalus leisleri,0.05,0.095,-1,Echolocation,250000,/home/adkris/Documents/mila-human-wav-txt/20220727_083000.WAV
18,LF,31680.0,0.3806686451293866,40.1315,40.1405,28046,35557,Eptesicus serotinus,0.045,0.085,-1,Echolocation,250000,/home/adkris/Documents/mila-human-wav-txt/20220727_083000.WAV
19,LF,23040.0,1.2041922124270594,42.2435,42.2588,22890,26437,Nyctalus leisleri,0.094,0.197,-1,Echolocation,250000,/home/adkris/Documents/mila-human-wav-txt/20220727_083000.WAV
20,HF,47040.0,3.1283598491626896,44.5995,44.6073,40937,53098,Pipistrellus nathusii,0.045,0.118,-1,Echolocation,250000,/home/adkris/Documents/mila-human-wav-txt/20220727_083000.WAV
21,LF,38400.0,0.46034085561437565,46.4645,46.4778,36640,39914,Pipistrellus nathusii,0.152,0.176,-1,Echolocation,250000,/home/adkris/Documents/mila-human-wav-txt/20220727_083000.WAV
22,LF,24000.0,0.9787439268906091,47.5135,47.5285,22890,27358,Nyctalus leisleri,0.048,0.095,-1,Echolocation,250000,/home/adkris/Documents/mila-human-wav-txt/20220727_083000.WAV
23,LF,34560.0,1.1777139963383765,50.311499999999995,50.321600000000004,32343,36228,Barbastellus barbastellus,0.062,0.158,-1,Echolocation,250000,/home/adkris/Documents/mila-human-wav-txt/20220727_083000.WAV
24,LF,24000.0,0.5677723530180188,53.0875,53.1034,22031,26956,Nyctalus noctula,0.107,0.241,-1,Echolocation,250000,/home/adkris/Documents/mila-human-wav-txt/20220727_083000.WAV
25,LF,24000.0,0.8668821292181461,53.7065,53.7155,23750,32067,Plecotus austriacus,0.023,0.095,-1,Echolocation,250000,/home/adkris/Documents/mila-human-wav-txt/20220727_083000.WAV
26,LF,26880.0,0.901398316479623,56.966499999999996,56.972899999999996,26328,36402,Plecotus auritus,0.04,0.087,-1,Echolocation,250000,/home/adkris/Documents/mila-human-wav-txt/20220727_083000.WAV
27,LF,24000.0,1.5105389742694653,57.0155,57.0325,22890,26570,Nyctalus leisleri,0.042,0.081,-1,Echolocation,250000,/home/adkris/Documents/mila-human-wav-txt/20220727_083000.WAV
28,LF,32640.0,1.8151568499102417,59.8905,59.896699999999996,29765,39090,Plecotus auritus,0.047,0.118,-1,Echolocation,250000,/home/adkris/Documents/mila-human-wav-txt/20220727_083000.WAV
29,LF,24000.0,1.3524232219926982,60.6015,60.6069,23750,38122,Plecotus auritus,0.047,0.092,-1,Echolocation,250000,/home/adkris/Documents/mila-human-wav-txt/20220727_083000.WAV
30,LF,32640.0,2.9922469646179084,60.9495,60.9547,30625,38826,Barbastellus barbastellus,0.03,0.088,-1,Echolocation,250000,/home/adkris/Documents/mila-human-wav-txt/20220727_083000.WAV
31,HF,36480.0,2.5415696029183774,61.5575,61.5615,33203,45554,Plecotus auritus,0.04,0.092,-1,Echolocation,250000,/home/adkris/Documents/mila-human-wav-txt/20220727_083000.WAV
32,HF,36480.0,2.246714230954354,61.5585,61.5625,28906,45847,Plecotus auritus,0.037,0.092,-1,Echolocation,250000,/home/adkris/Documents/mila-human-wav-txt/20220727_083000.WAV
33,HF,52800.0,2.6729557006755185,62.3685,62.3823,50390,59121,Pipistrellus pipistrellus,0.094,0.135,-1,Echolocation,250000,/home/adkris/Documents/mila-human-wav-txt/20220727_083000.WAV
34,LF,30720.0,0.5913063443541349,65.2495,65.2542,28906,39995,Plecotus auritus,0.044,0.084,-1,Echolocation,250000,/home/adkris/Documents/mila-human-wav-txt/20220727_083000.WAV
35,LF,24960.0,0.5073297310739828,66.9305,66.9395,24609,32593,Eptesicus serotinus,0.157,0.316,-1,Echolocation,250000,/home/adkris/Documents/mila-human-wav-txt/20220727_083000.WAV
36,LF,24000.0,0.24085923049733335,67.7145,67.73179999999999,23750,27697,Nyctalus leisleri,0.057,0.126,-1,Echolocation,250000,/home/adkris/Documents/mila-human-wav-txt/20220727_083000.WAV
37,HF,40320.0,0.5272510109587962,69.5515,69.5605,39218,43333,Pipistrellus nathusii,0.111,0.147,-1,Echolocation,250000,/home/adkris/Documents/mila-human-wav-txt/20220727_083000.WAV
38,LF,93120.0,0.4446709976740564,69.9905,70.0274,93359,110789,Rhinolophus hipposideros,0.092,0.092,-1,Echolocation,250000,/home/adkris/Documents/mila-human-wav-txt/20220727_083000.WAV
39,HF,38400.0,0.23927192089228377,76.0645,76.0762,37500,41788,Pipistrellus nathusii,0.063,0.082,-1,Echolocation,250000,/home/adkris/Documents/mila-human-wav-txt/20220727_083000.WAV
40,LF,24000.0,0.7249616349885453,78.2995,78.31530000000001,23750,27558,Nyctalus leisleri,0.047,0.084,-1,Echolocation,250000,/home/adkris/Documents/mila-human-wav-txt/20220727_083000.WAV
41,LF,26880.0,1.6398064433575321,78.7475,78.7548,26328,37266,Eptesicus serotinus,0.042,0.161,-1,Echolocation,250000,/home/adkris/Documents/mila-human-wav-txt/20220727_083000.WAV
42,LF,20160.0,1.7566755432058025,83.4235,83.43,16015,27311,Plecotus auritus,0.121,0.155,-1,Echolocation,250000,/home/adkris/Documents/mila-human-wav-txt/20220727_083000.WAV
43,LF,30720.0,1.900319704247202,85.2115,85.2214,28906,34400,Nyctalus leisleri,0.126,0.244,-1,Echolocation,250000,/home/adkris/Documents/mila-human-wav-txt/20220727_083000.WAV
44,LF,23040.0,1.150139389752931,87.4245,87.43860000000001,22890,27506,Nyctalus leisleri,0.035,0.081,-1,Echolocation,250000,/home/adkris/Documents/mila-human-wav-txt/20220727_083000.WAV
45,LF,20160.0,0.8403804441641738,89.5085,89.5287,18593,22555,Nyctalus noctula,0.061,0.098,-1,Echolocation,250000,/home/adkris/Documents/mila-human-wav-txt/20220727_083000.WAV
46,LF,28800.0,0.5800274074525748,93.6065,93.6184,26328,32136,Eptesicus serotinus,0.052,0.087,-1,Echolocation,250000,/home/adkris/Documents/mila-human-wav-txt/20220727_083000.WAV
47,LF,20160.0,0.5210086772944458,94.1715,94.1776,15156,29690,Plecotus auritus,0.071,0.09,-1,Echolocation,250000,/home/adkris/Documents/mila-human-wav-txt/20220727_083000.WAV
48,LF,23040.0,1.9685642891327788,94.3305,94.3378,22890,32126,Plecotus austriacus,0.039,0.09,-1,Echolocation,250000,/home/adkris/Documents/mila-human-wav-txt/20220727_083000.WAV
49,LF,32640.0,0.3376513498835536,95.7845,95.7909,29765,37020,Eptesicus serotinus,0.045,0.118,-1,Echolocation,250000,/home/adkris/Documents/mila-human-wav-txt/20220727_083000.WAV
50,LF,95040.0,0.3292990524412021,96.0755,96.1055,93359,110020,Rhinolophus hipposideros,0.082,0.082,-1,Echolocation,250000,/home/adkris/Documents/mila-human-wav-txt/20220727_083000.WAV
51,LF,29760.0,1.33703097705167,100.1965,100.2024,28906,39275,Plecotus auritus,0.031,0.084,-1,Echolocation,250000,/home/adkris/Documents/mila-human-wav-txt/20220727_083000.WAV
52,LF,31680.0,1.1289146628723417,100.9225,100.9331,27187,33241,Eptesicus serotinus,0.055,0.091,-1,Echolocation,250000,/home/adkris/Documents/mila-human-wav-txt/20220727_083000.WAV
53,LF,21120.0,1.5522646239316091,101.2515,101.2572,15156,27318,Plecotus auritus,0.066,0.085,-1,Echolocation,250000,/home/adkris/Documents/mila-human-wav-txt/20220727_083000.WAV
54,HF,45120.0,2.127635865382977,102.4335,102.4378,34921,51123,Barbastellus barbastellus,0.032,0.109,-1,Echolocation,250000,/home/adkris/Documents/mila-human-wav-txt/20220727_083000.WAV
55,LF,26880.0,1.027082256290768,103.3825,103.3927,27187,32636,Eptesicus serotinus,0.043,0.107,-1,Echolocation,250000,/home/adkris/Documents/mila-human-wav-txt/20220727_083000.WAV
56,HF,32640.0,2.5354423560145327,105.7265,105.73140000000001,28906,47114,Plecotus auritus,0.045,0.11,-1,Echolocation,250000,/home/adkris/Documents/mila-human-wav-txt/20220727_083000.WAV
57,LF,22080.0,1.488091392969424,108.3635,108.3823,18593,22591,Nyctalus noctula,0.053,0.085,-1,Echolocation,250000,/home/adkris/Documents/mila-human-wav-txt/20220727_083000.WAV
58,LF,28800.0,1.5016867556086175,109.65950000000001,109.6712,26328,31980,Eptesicus serotinus,0.064,0.148,-1,Echolocation,250000,/home/adkris/Documents/mila-human-wav-txt/20220727_083000.WAV
59,LF,25920.0,0.4426788961707157,111.5675,111.5787,25468,31323,Nyctalus leisleri,0.04,0.09,-1,Echolocation,250000,/home/adkris/Documents/mila-human-wav-txt/20220727_083000.WAV
60,HF,42240.0,1.0083148376801225,112.1885,112.1998,40078,43234,Pipistrellus nathusii,0.065,0.086,-1,Echolocation,250000,/home/adkris/Documents/mila-human-wav-txt/20220727_083000.WAV
61,LF,22080.0,0.38404202289861167,117.1915,117.205,19453,24164,Nyctalus noctula,0.046,0.09,-1,Echolocation,250000,/home/adkris/Documents/mila-human-wav-txt/20220727_083000.WAV
62,LF,27840.0,2.2745937018281315,120.2395,120.2477,26328,32997,Eptesicus serotinus,0.026,0.088,-1,Echolocation,250000,/home/adkris/Documents/mila-human-wav-txt/20220727_083000.WAV
63,LF,23040.0,0.8180990005559965,122.4115,122.429,22890,28048,Nyctalus leisleri,0.034,0.081,-1,Echolocation,250000,/home/adkris/Documents/mila-human-wav-txt/20220727_083000.WAV
64,LF,24960.0,1.3894506565693565,123.7225,123.7339,24609,30403,Nyctalus leisleri,0.043,0.091,-1,Echolocation,250000,/home/adkris/Documents/mila-human-wav-txt/20220727_083000.WAV
65,HF,43200.0,1.876130520949647,125.0715,125.0828,42656,45251,Pipistrellus pipistrellus,0.107,0.13,-1,Echolocation,250000,/home/adkris/Documents/mila-human-wav-txt/20220727_083000.WAV
66,LF,24000.0,0.8739258357655937,131.0735,131.0898,22890,27456,Nyctalus leisleri,0.036,0.081,-1,Echolocation,250000,/home/adkris/Documents/mila-human-wav-txt/20220727_083000.WAV
67,HF,48000.0,1.3096303074403677,137.0725,137.0821,46093,49602,Pipistrellus pipistrellus,0.102,0.11,-1,Echolocation,250000,/home/adkris/Documents/mila-human-wav-txt/20220727_083000.WAV
68,HF,37440.0,0.8401741247773973,140.3835,140.397,37500,41665,Pipistrellus nathusii,0.07,0.12,-1,Echolocation,250000,/home/adkris/Documents/mila-human-wav-txt/20220727_083000.WAV
69,LF,95040.0,0.324370683286347,145.2845,145.3158,93359,110770,Rhinolophus hipposideros,0.082,0.082,-1,Echolocation,250000,/home/adkris/Documents/mila-human-wav-txt/20220727_083000.WAV
70,LF,37440.0,1.3337834143085725,145.4715,145.4852,35781,40535,Pipistrellus nathusii,0.045,0.099,-1,Echolocation,250000,/home/adkris/Documents/mila-human-wav-txt/20220727_083000.WAV
71,LF,24000.0,0.8097407338911498,151.4495,151.4677,22890,26636,Nyctalus leisleri,0.105,0.188,-1,Echolocation,250000,/home/adkris/Documents/mila-human-wav-txt/20220727_083000.WAV
72,LF,23040.0,1.817118531964633,158.4005,158.412,22890,27800,Nyctalus leisleri,0.063,0.166,-1,Echolocation,250000,/home/adkris/Documents/mila-human-wav-txt/20220727_083000.WAV
73,LF,31680.0,1.9602544387938667,159.4945,159.5059,28906,35616,Eptesicus serotinus,0.078,0.11,-1,Echolocation,250000,/home/adkris/Documents/mila-human-wav-txt/20220727_083000.WAV
74,LF,24000.0,1.4340306626075883,163.7025,163.7203,22890,27070,Nyctalus leisleri,0.078,0.155,-1,Echolocation,250000,/home/adkris/Documents/mila-human-wav-txt/20220727_083000.WAV
75,LF,20160.0,0.1025726040204116,167.7215,167.7429,18593,21614,Nyctalus noctula,0.101,0.152,-1,Echolocation,250000,/home/adkris/Documents/mila-human-wav-txt/20220727_083000.WAV
76,HF,45120.0,2.053882261588771,174.5125,174.51839999999999,36640,45983,Barbastellus barbastellus,0.076,0.098,-1,Echolocation,250000,/home/adkris/Documents/mila-human-wav-txt/20220727_083000.WAV
77,LF,29760.0,1.0904377216863868,180.3095,180.3252,28046,33039,Eptesicus serotinus,0.06,0.093,-1,Echolocation,250000,/home/adkris/Documents/mila-human-wav-txt/20220727_083000.WAV
78,LF,23040.0,2.7971108433737806,196.1755,196.1806,14296,35046,Plecotus auritus,0.072,0.088,-1,Echolocation,250000,/home/adkris/Documents/mila-human-wav-txt/20220727_083000.WAV
79,LF,37440.0,0.282724567189678,197.1585,197.1719,35781,39916,Pipistrellus nathusii,0.094,0.157,-1,Echolocation,250000,/home/adkris/Documents/mila-human-wav-txt/20220727_083000.WAV
80,LF,23040.0,0.1681603877263391,197.7985,197.808,20312,26521,Plecotus austriacus,0.024,0.084,-1,Echolocation,250000,/home/adkris/Documents/mila-human-wav-txt/20220727_083000.WAV
81,LF,34560.0,1.2846512908611893,202.26749999999998,202.2803,28906,35939,Eptesicus serotinus,0.056,0.08,-1,Echolocation,250000,/home/adkris/Documents/mila-human-wav-txt/20220727_083000.WAV
82,LF,32640.0,1.3626883660666271,203.3355,203.3445,29765,38786,Eptesicus serotinus,0.075,0.109,-1,Echolocation,250000,/home/adkris/Documents/mila-human-wav-txt/20220727_083000.WAV
83,HF,41280.0,1.9171942669189335,204.9715,204.9845,38359,41391,Pipistrellus nathusii,0.063,0.106,-1,Echolocation,250000,/home/adkris/Documents/mila-human-wav-txt/20220727_083000.WAV
84,LF,23040.0,0.11329506756705703,205.0005,205.0201,21171,24790,Nyctalus noctula,0.058,0.116,-1,Echolocation,250000,/home/adkris/Documents/mila-human-wav-txt/20220727_083000.WAV
85,HF,41280.0,0.3231003587693083,207.5015,207.5134,37500,40740,Pipistrellus nathusii,0.061,0.086,-1,Echolocation,250000,/home/adkris/Documents/mila-human-wav-txt/20220727_083000.WAV
86,HF,37440.0,1.9202919828777851,207.5925,207.59890000000001,34921,41343,Barbastellus barbastellus,0.066,0.088,-1,Echolocation,250000,/home/adkris/Documents/mila-human-wav-txt/20220727_083000.WAV
87,LF,15360.0,0.7091522184738129,208.1635,208.1796,14296,17617,Nyctalus noctula,0.07,0.099,-1,Echolocation,250000,/home/adkris/Documents/mila-human-wav-txt/20220727_083000.WAV
88,HF,40320.0,1.8338333222836098,213.1125,213.1268,37500,41643,Pipistrellus nathusii,0.071,0.088,-1,Echolocation,250000,/home/adkris/Documents/mila-human-wav-txt/20220727_083000.WAV
89,HF,73920.0,0.6046058590315209,214.0015,214.0329,69296,80840,Rhinolophus ferrumequinum,0.089,0.089,-1,Echolocation,250000,/home/adkris/Documents/mila-human-wav-txt/20220727_083000.WAV
90,LF,20160.0,0.9065653102035786,214.1705,214.1766,14296,28506,Plecotus auritus,0.076,0.09,-1,Echolocation,250000,/home/adkris/Documents/mila-human-wav-txt/20220727_083000.WAV
91,LF,20160.0,2.7534122129299163,214.5615,214.5712,15156,20133,Nyctalus noctula,0.046,0.082,-1,Echolocation,250000,/home/adkris/Documents/mila-human-wav-txt/20220727_083000.WAV
92,LF,27840.0,0.5428671241595948,216.2955,216.306,26328,31134,Nyctalus leisleri,0.045,0.11,-1,Echolocation,250000,/home/adkris/Documents/mila-human-wav-txt/20220727_083000.WAV
93,LF,32640.0,0.029776967967710396,219.1015,219.1195,30625,35309,Eptesicus serotinus,0.048,0.083,-1,Echolocation,250000,/home/adkris/Documents/mila-human-wav-txt/20220727_083000.WAV
94,HF,38400.0,1.1203353663102347,223.7275,223.7339,35781,45590,Barbastellus barbastellus,0.08,0.119,-1,Echolocation,250000,/home/adkris/Documents/mila-human-wav-txt/20220727_083000.WAV
95,LF,23040.0,0.7511311713125685,224.3555,224.3692,22031,25990,Nyctalus leisleri,0.05,0.102,-1,Echolocation,250000,/home/adkris/Documents/mila-human-wav-txt/20220727_083000.WAV
96,LF,94080.0,0.5572069690319363,225.1265,225.1624,93359,110989,Rhinolophus hipposideros,0.081,0.081,-1,Echolocation,250000,/home/adkris/Documents/mila-human-wav-txt/20220727_083000.WAV
97,LF,22080.0,0.6301642677889264,228.4905,228.5104,18593,23108,Nyctalus noctula,0.078,0.114,-1,Echolocation,250000,/home/adkris/Documents/mila-human-wav-txt/20220727_083000.WAV
98,LF,30720.0,1.9230414187172613,232.4695,232.477,28046,36478,Eptesicus serotinus,0.064,0.134,-1,Echolocation,250000,/home/adkris/Documents/mila-human-wav-txt/20220727_083000.WAV
99,LF,21120.0,0.43212760052997756,240.2055,240.2244,17734,21767,Nyctalus noctula,0.062,0.093,-1,Echolocation,250000,/home/adkris/Documents/mila-human-wav-txt/20220727_083000.WAV
100,LF,26880.0,0.9992350575437868,248.3345,248.3437,27187,34325,Eptesicus serotinus,0.047,0.091,-1,Echolocation,250000,/home/adkris/Documents/mila-human-wav-txt/20220727_083000.WAV
101,LF,30720.0,1.523864266191464,249.7285,249.74,28906,33293,Eptesicus serotinus,0.08,0.15,-1,Echolocation,250000,/home/adkris/Documents/mila-human-wav-txt/20220727_083000.WAV
102,LF,30720.0,1.474855960903389,254.1715,254.1818,28906,37169,Eptesicus serotinus,0.07,0.102,-1,Echolocation,250000,/home/adkris/Documents/mila-human-wav-txt/20220727_083000.WAV
103,LF,23040.0,0.034638257217680546,256.8975,256.9105,22031,27877,Nyctalus noctula,0.12,0.263,-1,Echolocation,250000,/home/adkris/Documents/mila-human-wav-txt/20220727_083000.WAV
104,LF,24000.0,0.678950398274266,257.9065,257.9199,24609,29237,Nyctalus leisleri,0.045,0.104,-1,Echolocation,250000,/home/adkris/Documents/mila-human-wav-txt/20220727_083000.WAV
105,LF,21120.0,0.874838886285051,258.2105,258.2155,14296,34635,Plecotus auritus,0.071,0.09,-1,Echolocation,250000,/home/adkris/Documents/mila-human-wav-txt/20220727_083000.WAV
106,LF,32640.0,0.16757468536596665,263.5535,263.5606,28906,36808,Eptesicus serotinus,0.06,0.127,-1,Echolocation,250000,/home/adkris/Documents/mila-human-wav-txt/20220727_083000.WAV
107,LF,21120.0,2.4432212278161805,264.3055,264.3108,15156,34076,Plecotus auritus,0.066,0.088,-1,Echolocation,250000,/home/adkris/Documents/mila-human-wav-txt/20220727_083000.WAV
108,HF,50880.0,2.277699367579419,265.2815,265.2967,49531,56417,Pipistrellus pipistrellus,0.086,0.1,-1,Echolocation,250000,/home/adkris/Documents/mila-human-wav-txt/20220727_083000.WAV
109,HF,39360.0,0.8900030997430273,265.5965,265.6092,38359,41492,Pipistrellus nathusii,0.166,0.202,-1,Echolocation,250000,/home/adkris/Documents/mila-human-wav-txt/20220727_083000.WAV
110,LF,33600.0,1.060424770136846,268.1275,268.1401,32343,37184,Pipistrellus nathusii,0.093,0.181,-1,Echolocation,250000,/home/adkris/Documents/mila-human-wav-txt/20220727_083000.WAV
111,LF,24000.0,1.0340071933181816,268.2205,268.2375,22890,27143,Nyctalus leisleri,0.062,0.129,-1,Echolocation,250000,/home/adkris/Documents/mila-human-wav-txt/20220727_083000.WAV
112,LF,24000.0,0.7651022474469437,268.7195,268.7325,23750,29095,Nyctalus leisleri,0.083,0.23,-1,Echolocation,250000,/home/adkris/Documents/mila-human-wav-txt/20220727_083000.WAV
113,LF,23040.0,1.405807683320612,270.3615,270.3777,22890,27661,Nyctalus leisleri,0.066,0.155,-1,Echolocation,250000,/home/adkris/Documents/mila-human-wav-txt/20220727_083000.WAV
114,LF,94080.0,0.9722191640245632,273.6075,273.6392,93359,110624,Rhinolophus hipposideros,0.081,0.081,-1,Echolocation,250000,/home/adkris/Documents/mila-human-wav-txt/20220727_083000.WAV
115,LF,31680.0,0.7880973785750355,274.0195,274.0298,29765,35742,Eptesicus serotinus,0.062,0.104,-1,Echolocation,250000,/home/adkris/Documents/mila-human-wav-txt/20220727_083000.WAV
116,LF,26880.0,1.156001530294631,276.1665,276.1791,26328,31201,Eptesicus serotinus,0.136,0.25,-1,Echolocation,250000,/home/adkris/Documents/mila-human-wav-txt/20220727_083000.WAV
117,LF,23040.0,0.27404876964377944,276.5735,276.5902,20312,24039,Nyctalus noctula,0.048,0.101,-1,Echolocation,250000,/home/adkris/Documents/mila-human-wav-txt/20220727_083000.WAV
118,HF,36480.0,2.528196409534418,277.2355,277.2444,34921,44533,Pipistrellus nathusii,0.034,0.093,-1,Echolocation,250000,/home/adkris/Documents/mila-human-wav-txt/20220727_083000.WAV
119,HF,56640.0,1.7644958968788251,280.6085,280.6214,56406,61420,Pipistrellus pygmaeus,0.141,0.153,-1,Echolocation,250000,/home/adkris/Documents/mila-human-wav-txt/20220727_083000.WAV
120,HF,39360.0,0.8645420223265976,283.5045,283.5127,38359,43327,Barbastellus barbastellus,0.056,0.091,-1,Echolocation,250000,/home/adkris/Documents/mila-human-wav-txt/20220727_083000.WAV
121,LF,19200.0,0.5009762020322976,283.6125,283.6326,16015,19078,Nyctalus noctula,0.12,0.158,-1,Echolocation,250000,/home/adkris/Documents/mila-human-wav-txt/20220727_083000.WAV
122,HF,47040.0,2.998780340650891,284.9215,284.9341,45234,51053,Pipistrellus pipistrellus,0.081,0.095,-1,Echolocation,250000,/home/adkris/Documents/mila-human-wav-txt/20220727_083000.WAV
123,LF,36480.0,0.34464658534311643,286.9955,287.0083,34921,40104,Pipistrellus nathusii,0.055,0.093,-1,Echolocation,250000,/home/adkris/Documents/mila-human-wav-txt/20220727_083000.WAV
124,HF,36480.0,2.8698957184439164,289.2985,289.3042,33203,44182,Barbastellus barbastellus,0.08,0.118,-1,Echolocation,250000,/home/adkris/Documents/mila-human-wav-txt/20220727_083000.WAV
125,HF,46080.0,3.0948189618704665,293.1005,293.1104,44375,52984,Pipistrellus pipistrellus,0.065,0.085,-1,Echolocation,250000,/home/adkris/Documents/mila-human-wav-txt/20220727_083000.WAV
126,LF,29760.0,0.7560856401793771,293.4205,293.4291,28906,36088,Eptesicus serotinus,0.097,0.168,-1,Echolocation,250000,/home/adkris/Documents/mila-human-wav-txt/20220727_083000.WAV
127,LF,22080.0,1.0449351665504398,294.3175,294.3338,22031,26588,Nyctalus noctula,0.043,0.102,-1,Echolocation,250000,/home/adkris/Documents/mila-human-wav-txt/20220727_083000.WAV
128,LF,20160.0,0.6095143289697192,296.4165,296.4235,16015,25917,Plecotus auritus,0.064,0.082,-1,Echolocation,250000,/home/adkris/Documents/mila-human-wav-txt/20220727_083000.WAV
129,HF,37440.0,3.0492511653351624,297.1655,297.1759,35781,43519,Pipistrellus nathusii,0.048,0.08,-1,Echolocation,250000,/home/adkris/Documents/mila-human-wav-txt/20220727_083000.WAV
130,LF,21120.0,1.7619151295369502,298.2245,298.2337,15156,20404,Nyctalus noctula,0.037,0.087,-1,Echolocation,250000,/home/adkris/Documents/mila-human-wav-txt/20220727_083000.WAV
131,HF,73920.0,2.5820352350738225,300.0015,300.0328,68437,79281,Rhinolophus ferrumequinum,0.083,0.084,-1,Echolocation,250000,/home/adkris/Documents/mila-human-wav-txt/20220727_083000.WAV
132,HF,46080.0,2.368504243571953,303.7395,303.7502,44375,49102,Pipistrellus pipistrellus,0.1,0.11,-1,Echolocation,250000,/home/adkris/Documents/mila-human-wav-txt/20220727_083000.WAV
133,LF,22080.0,1.1166627825426914,307.1655,307.1709,14296,33787,Plecotus auritus,0.114,0.133,-1,Echolocation,250000,/home/adkris/Documents/mila-human-wav-txt/20220727_083000.WAV
134,LF,29760.0,1.5040891047731633,308.7645,308.7787,28906,33083,Nyctalus leisleri,0.113,0.217,-1,Echolocation,250000,/home/adkris/Documents/mila-human-wav-txt/20220727_083000.WAV
135,LF,30720.0,0.706857958825487,313.8095,313.8199,28906,33744,Nyctalus leisleri,0.036,0.081,-1,Echolocation,250000,/home/adkris/Documents/mila-human-wav-txt/20220727_083000.WAV
136,LF,23040.0,0.2970546574719425,314.8445,314.8545,22031,28821,Nyctalus noctula,0.028,0.091,-1,Echolocation,250000,/home/adkris/Documents/mila-human-wav-txt/20220727_083000.WAV
137,HF,38400.0,0.3722880963783198,316.5725,316.5818,36640,41276,Barbastellus barbastellus,0.037,0.091,-1,Echolocation,250000,/home/adkris/Documents/mila-human-wav-txt/20220727_083000.WAV
138,LF,20160.0,1.1054183531613406,318.2265,318.251,18593,21729,Nyctalus noctula,0.058,0.087,-1,Echolocation,250000,/home/adkris/Documents/mila-human-wav-txt/20220727_083000.WAV
139,LF,23040.0,0.028152582134312185,322.0125,322.0273,22890,27489,Nyctalus leisleri,0.066,0.133,-1,Echolocation,250000,/home/adkris/Documents/mila-human-wav-txt/20220727_083000.WAV
140,HF,60480.0,2.7322234147621876,323.0525,323.0604,58984,64489,Pipistrellus pygmaeus,0.102,0.105,-1,Echolocation,250000,/home/adkris/Documents/mila-human-wav-txt/20220727_083000.WAV
141,HF,47040.0,1.8157670236624879,328.6005,328.6084,46953,51365,Pipistrellus pipistrellus,0.078,0.082,-1,Echolocation,250000,/home/adkris/Documents/mila-human-wav-txt/20220727_083000.WAV
142,LF,35520.0,0.8324757382405262,334.5005,334.509,33203,40219,Barbastellus barbastellus,0.077,0.131,-1,Echolocation,250000,/home/adkris/Documents/mila-human-wav-txt/20220727_083000.WAV
143,LF,22080.0,1.9143504237364437,336.6235,336.6308,22031,30929,Plecotus auritus,0.04,0.104,-1,Echolocation,250000,/home/adkris/Documents/mila-human-wav-txt/20220727_083000.WAV
144,LF,21120.0,0.31733514350348135,337.9325,337.956,18593,21423,Nyctalus noctula,0.085,0.13,-1,Echolocation,250000,/home/adkris/Documents/mila-human-wav-txt/20220727_083000.WAV
145,HF,47040.0,2.35692580636816,341.9115,341.9196,44375,49136,Pipistrellus pipistrellus,0.142,0.18,-1,Echolocation,250000,/home/adkris/Documents/mila-human-wav-txt/20220727_083000.WAV
146,LF,26880.0,0.9389933635612184,342.5185,342.527,25468,34629,Eptesicus serotinus,0.045,0.131,-1,Echolocation,250000,/home/adkris/Documents/mila-human-wav-txt/20220727_083000.WAV
147,HF,40320.0,1.859774479001417,342.9615,342.9661,34062,43946,Plecotus auritus,0.037,0.083,-1,Echolocation,250000,/home/adkris/Documents/mila-human-wav-txt/20220727_083000.WAV
148,LF,94080.0,0.613920091782839,345.7145,345.7492,93359,111204,Rhinolophus hipposideros,0.082,0.082,-1,Echolocation,250000,/home/adkris/Documents/mila-human-wav-txt/20220727_083000.WAV
149,LF,20160.0,1.6815867437804102,347.0095,347.0173,15156,24966,Plecotus auritus,0.064,0.089,-1,Echolocation,250000,/home/adkris/Documents/mila-human-wav-txt/20220727_083000.WAV
150,LF,26880.0,0.9481738525721878,348.6895,348.7019,26328,31700,Nyctalus leisleri,0.087,0.194,-1,Echolocation,250000,/home/adkris/Documents/mila-human-wav-txt/20220727_083000.WAV
151,LF,32640.0,2.3673915652341777,350.3415,350.349,29765,38744,Eptesicus serotinus,0.039,0.08,-1,Echolocation,250000,/home/adkris/Documents/mila-human-wav-txt/20220727_083000.WAV
152,LF,22080.0,0.9810074344213049,356.2115,356.23199999999997,20312,23342,Nyctalus leisleri,0.041,0.084,-1,Echolocation,250000,/home/adkris/Documents/mila-human-wav-txt/20220727_083000.WAV
153,LF,33600.0,2.540707662193629,359.3675,359.3744,28906,38111,Eptesicus serotinus,0.127,0.194,-1,Echolocation,250000,/home/adkris/Documents/mila-human-wav-txt/20220727_083000.WAV
154,LF,33600.0,1.0910830327382255,360.0015,360.0147,33203,38006,Pipistrellus nathusii,0.035,0.104,-1,Echolocation,250000,/home/adkris/Documents/mila-human-wav-txt/20220727_083000.WAV
155,HF,40320.0,2.588101001646142,361.5825,361.5911,39218,46768,Pipistrellus nathusii,0.068,0.09,-1,Echolocation,250000,/home/adkris/Documents/mila-human-wav-txt/20220727_083000.WAV
156,LF,29760.0,1.2407984642487875,363.0925,363.1006,28046,35062,Eptesicus serotinus,0.063,0.112,-1,Echolocation,250000,/home/adkris/Documents/mila-human-wav-txt/20220727_083000.WAV
157,LF,27840.0,0.6933491392297432,367.6905,367.6961,26328,39909,Plecotus auritus,0.04,0.084,-1,Echolocation,250000,/home/adkris/Documents/mila-human-wav-txt/20220727_083000.WAV
158,LF,21120.0,0.6220917480635101,368.2855,368.3047,18593,22528,Nyctalus noctula,0.061,0.093,-1,Echolocation,250000,/home/adkris/Documents/mila-human-wav-txt/20220727_083000.WAV
159,HF,76800.0,0.211989287251038,370.1515,370.1961,68437,83514,Rhinolophus ferrumequinum,0.083,0.083,-1,Echolocation,250000,/home/adkris/Documents/mila-human-wav-txt/20220727_083000.WAV
160,LF,24000.0,0.7562900819163445,372.4965,372.5037,23750,35629,Plecotus austriacus,0.047,0.093,-1,Echolocation,250000,/home/adkris/Documents/mila-human-wav-txt/20220727_083000.WAV
161,LF,24000.0,0.616788489694752,374.8105,374.8195,24609,32682,Nyctalus leisleri,0.029,0.104,-1,Echolocation,250000,/home/adkris/Documents/mila-human-wav-txt/20220727_083000.WAV
162,LF,93120.0,0.6022465442541916,375.6445,375.67719999999997,93359,110881,Rhinolophus hipposideros,0.096,0.096,-1,Echolocation,250000,/home/adkris/Documents/mila-human-wav-txt/20220727_083000.WAV
163,LF,24960.0,0.06546325922598548,376.4425,376.4577,23750,28178,Nyctalus leisleri,0.048,0.107,-1,Echolocation,250000,/home/adkris/Documents/mila-human-wav-txt/20220727_083000.WAV
164,LF,22080.0,0.9954756087022993,378.1745,378.1925,19453,23712,Nyctalus noctula,0.059,0.092,-1,Echolocation,250000,/home/adkris/Documents/mila-human-wav-txt/20220727_083000.WAV
165,HF,41280.0,1.3097087384733597,379.1555,379.1664,40078,43306,Pipistrellus nathusii,0.134,0.153,-1,Echolocation,250000,/home/adkris/Documents/mila-human-wav-txt/20220727_083000.WAV
166,LF,22080.0,1.3494649804587877,392.8255,392.8445,22031,26614,Nyctalus noctula,0.071,0.148,-1,Echolocation,250000,/home/adkris/Documents/mila-human-wav-txt/20220727_083000.WAV
167,LF,95040.0,0.07215089013507323,395.8945,395.9273,93359,110766,Rhinolophus hipposideros,0.088,0.088,-1,Echolocation,250000,/home/adkris/Documents/mila-human-wav-txt/20220727_083000.WAV
168,LF,33600.0,1.0471145430766684,400.0015,400.0169,33203,38681,Eptesicus serotinus,0.041,0.118,-1,Echolocation,250000,/home/adkris/Documents/mila-human-wav-txt/20220727_083000.WAV
169,HF,39360.0,1.1455135703360062,404.9615,404.9735,37500,40978,Pipistrellus nathusii,0.067,0.095,-1,Echolocation,250000,/home/adkris/Documents/mila-human-wav-txt/20220727_083000.WAV
170,LF,25920.0,1.8076004925194886,412.58050000000003,412.5849,24609,38564,Plecotus austriacus,0.036,0.08,-1,Echolocation,250000,/home/adkris/Documents/mila-human-wav-txt/20220727_083000.WAV
171,LF,31680.0,1.1841499090220156,413.3525,413.3584,28906,39865,Plecotus auritus,0.038,0.091,-1,Echolocation,250000,/home/adkris/Documents/mila-human-wav-txt/20220727_083000.WAV
172,LF,26880.0,1.043373153610437,416.1825,416.1916,25468,33164,Eptesicus serotinus,0.054,0.106,-1,Echolocation,250000,/home/adkris/Documents/mila-human-wav-txt/20220727_083000.WAV
173,LF,27840.0,2.556701548301719,420.2625,420.2729,27187,36430,Eptesicus serotinus,0.055,0.083,-1,Echolocation,250000,/home/adkris/Documents/mila-human-wav-txt/20220727_083000.WAV
174,HF,45120.0,2.247457532727628,420.3575,420.3656,43515,51495,Pipistrellus nathusii,0.065,0.136,-1,Echolocation,250000,/home/adkris/Documents/mila-human-wav-txt/20220727_083000.WAV
175,LF,27840.0,0.20671139154145163,425.1695,425.184,27187,31985,Eptesicus serotinus,0.081,0.151,-1,Echolocation,250000,/home/adkris/Documents/mila-human-wav-txt/20220727_083000.WAV
176,LF,28800.0,0.6724806128415439,426.6165,426.6295,26328,31316,Eptesicus serotinus,0.045,0.105,-1,Echolocation,250000,/home/adkris/Documents/mila-human-wav-txt/20220727_083000.WAV
177,HF,40320.0,1.8860313172360057,429.6165,429.6286,39218,43411,Pipistrellus nathusii,0.152,0.171,-1,Echolocation,250000,/home/adkris/Documents/mila-human-wav-txt/20220727_083000.WAV
178,HF,45120.0,1.8092546127220588,430.1655,430.1734,44375,49133,Pipistrellus pipistrellus,0.087,0.095,-1,Echolocation,250000,/home/adkris/Documents/mila-human-wav-txt/20220727_083000.WAV
179,LF,30720.0,1.2239035323387166,436.1275,436.1348,28906,40075,Eptesicus serotinus,0.047,0.113,-1,Echolocation,250000,/home/adkris/Documents/mila-human-wav-txt/20220727_083000.WAV
180,LF,24000.0,2.3649697615641014,437.7685,437.7758,23750,33071,Plecotus austriacus,0.037,0.085,-1,Echolocation,250000,/home/adkris/Documents/mila-human-wav-txt/20220727_083000.WAV
181,LF,22080.0,1.285474943105308,439.6575,439.6657,21171,30591,Plecotus austriacus,0.053,0.084,-1,Echolocation,250000,/home/adkris/Documents/mila-human-wav-txt/20220727_083000.WAV
182,HF,44160.0,1.1985473124785604,444.4615,444.47090000000003,43515,49741,Pipistrellus pipistrellus,0.071,0.086,-1,Echolocation,250000,/home/adkris/Documents/mila-human-wav-txt/20220727_083000.WAV
183,LF,24960.0,0.43976395466700635,446.3125,446.3256,23750,29161,Eptesicus serotinus,0.047,0.133,-1,Echolocation,250000,/home/adkris/Documents/mila-human-wav-txt/20220727_083000.WAV
184,LF,24000.0,1.5360482028091678,454.6105,454.6212,22890,29284,Nyctalus leisleri,0.031,0.093,-1,Echolocation,250000,/home/adkris/Documents/mila-human-wav-txt/20220727_083000.WAV
185,LF,21120.0,0.9435397595738813,454.6875,454.693,15156,29249,Plecotus auritus,0.094,0.117,-1,Echolocation,250000,/home/adkris/Documents/mila-human-wav-txt/20220727_083000.WAV
186,LF,32640.0,1.1951779865640575,454.6985,454.7086,28906,37404,Eptesicus serotinus,0.125,0.17,-1,Echolocation,250000,/home/adkris/Documents/mila-human-wav-txt/20220727_083000.WAV
187,LF,23040.0,0.5758641572372936,455.0615,455.0781,20312,25511,Nyctalus noctula,0.085,0.138,-1,Echolocation,250000,/home/adkris/Documents/mila-human-wav-txt/20220727_083000.WAV
188,HF,42240.0,3.2245784901956713,464.6645,464.6754,40937,45665,Pipistrellus nathusii,0.089,0.117,-1,Echolocation,250000,/home/adkris/Documents/mila-human-wav-txt/20220727_083000.WAV
189,LF,24000.0,1.4867310466534724,464.6745,464.6885,23750,29397,Nyctalus leisleri,0.052,0.119,-1,Echolocation,250000,/home/adkris/Documents/mila-human-wav-txt/20220727_083000.WAV
190,LF,21120.0,0.19025527415429216,470.6915,470.706,16015,20762,Nyctalus noctula,0.06,0.081,-1,Echolocation,250000,/home/adkris/Documents/mila-human-wav-txt/20220727_083000.WAV
191,LF,95040.0,0.8771260093896243,474.6065,474.6385,93359,109909,Rhinolophus hipposideros,0.115,0.115,-1,Echolocation,250000,/home/adkris/Documents/mila-human-wav-txt/20220727_083000.WAV
192,LF,22080.0,0.4293174308367132,474.9635,474.9839,17734,21806,Nyctalus noctula,0.076,0.097,-1,Echolocation,250000,/home/adkris/Documents/mila-human-wav-txt/20220727_083000.WAV
193,LF,22080.0,0.784697148524348,475.0285,475.0448,22031,25472,Nyctalus leisleri,0.088,0.157,-1,Echolocation,250000,/home/adkris/Documents/mila-human-wav-txt/20220727_083000.WAV
194,HF,51840.0,2.0401972124848404,475.6585,475.6657,48671,56333,Pipistrellus pipistrellus,0.148,0.186,-1,Echolocation,250000,/home/adkris/Documents/mila-human-wav-txt/20220727_083000.WAV
195,LF,29760.0,0.47984674321189325,477.2555,477.2677,28046,33125,Eptesicus serotinus,0.143,0.26,-1,Echolocation,250000,/home/adkris/Documents/mila-human-wav-txt/20220727_083000.WAV
196,LF,24000.0,0.6036482709884583,477.7645,477.7825,22031,25821,Nyctalus noctula,0.054,0.122,-1,Echolocation,250000,/home/adkris/Documents/mila-human-wav-txt/20220727_083000.WAV
197,HF,46080.0,2.57587023560287,478.4365,478.4422,40937,57115,Myotis bechsteinii,0.025,0.095,-1,Echolocation,250000,/home/adkris/Documents/mila-human-wav-txt/20220727_083000.WAV
198,LF,94080.0,0.18479475770234136,480.0835,480.12,93359,111349,Rhinolophus hipposideros,0.08,0.08,-1,Echolocation,250000,/home/adkris/Documents/mila-human-wav-txt/20220727_083000.WAV
199,LF,37440.0,1.177903389977,486.9315,486.9425,34921,39668,Pipistrellus nathusii,0.049,0.099,-1,Echolocation,250000,/home/adkris/Documents/mila-human-wav-txt/20220727_083000.WAV
200,LF,35520.0,1.0027968696382754,488.8765,488.888,34062,38903,Pipistrellus nathusii,0.13,0.237,-1,Echolocation,250000,/home/adkris/Documents/mila-human-wav-txt/20220727_083000.WAV
201,LF,27840.0,0.5607988893744669,489.4395,489.4459,27187,38405,Plecotus auritus,0.04,0.091,-1,Echolocation,250000,/home/adkris/Documents/mila-human-wav-txt/20220727_083000.WAV
202,HF,39360.0,2.035314619341258,491.3625,491.373,36640,42458,Barbastellus barbastellus,0.038,0.111,-1,Echolocation,250000,/home/adkris/Documents/mila-human-wav-txt/20220727_083000.WAV
203,LF,30720.0,1.36075037258998,491.8705,491.8822,28906,34436,Eptesicus serotinus,0.05,0.083,-1,Echolocation,250000,/home/adkris/Documents/mila-human-wav-txt/20220727_083000.WAV
204,LF,28800.0,0.8920766728407891,499.0395,499.0438,28046,39752,Plecotus auritus,0.087,0.128,-1,Echolocation,250000,/home/adkris/Documents/mila-human-wav-txt/20220727_083000.WAV
205,HF,46080.0,1.8115158087410008,503.0535,503.0617,45234,52126,Pipistrellus pipistrellus,0.076,0.086,-1,Echolocation,250000,/home/adkris/Documents/mila-human-wav-txt/20220727_083000.WAV
206,LF,25920.0,0.6656441180820482,504.0015,504.012,25468,32300,Nyctalus leisleri,0.035,0.082,-1,Echolocation,250000,/home/adkris/Documents/mila-human-wav-txt/20220727_083000.WAV
207,HF,39360.0,0.6268141275311107,511.9595,511.9763,37500,40671,Pipistrellus nathusii,0.092,0.105,-1,Echolocation,250000,/home/adkris/Documents/mila-human-wav-txt/20220727_083000.WAV
208,LF,95040.0,0.15112092042323766,515.4455,515.4832,93359,111475,Rhinolophus hipposideros,0.083,0.083,-1,Echolocation,250000,/home/adkris/Documents/mila-human-wav-txt/20220727_083000.WAV
209,LF,23040.0,0.29066033376182143,515.6465,515.6649,21171,24057,Nyctalus leisleri,0.051,0.091,-1,Echolocation,250000,/home/adkris/Documents/mila-human-wav-txt/20220727_083000.WAV
210,LF,24000.0,1.8944933764194005,518.5595,518.5644,24609,36580,Plecotus auritus,0.052,0.092,-1,Echolocation,250000,/home/adkris/Documents/mila-human-wav-txt/20220727_083000.WAV
211,HF,40320.0,2.8745351848709118,520.8865,520.9029,36640,40877,Pipistrellus nathusii,0.066,0.089,-1,Echolocation,250000,/home/adkris/Documents/mila-human-wav-txt/20220727_083000.WAV
212,LF,37440.0,1.6326122601734467,524.4855,524.4977,34921,39231,Pipistrellus nathusii,0.04,0.106,-1,Echolocation,250000,/home/adkris/Documents/mila-human-wav-txt/20220727_083000.WAV
213,LF,22080.0,0.3438225810482394,525.4745,525.4925,21171,25524,Nyctalus noctula,0.063,0.123,-1,Echolocation,250000,/home/adkris/Documents/mila-human-wav-txt/20220727_083000.WAV
214,LF,95040.0,0.800708294906012,528.1825,528.2171,93359,111314,Rhinolophus hipposideros,0.096,0.096,-1,Echolocation,250000,/home/adkris/Documents/mila-human-wav-txt/20220727_083000.WAV
215,LF,35520.0,0.7245404490872258,529.3135,529.3255,32343,36692,Pipistrellus nathusii,0.064,0.181,-1,Echolocation,250000,/home/adkris/Documents/mila-human-wav-txt/20220727_083000.WAV
216,LF,25920.0,0.055248990643793135,529.8485000000001,529.8543999999999,26328,38433,Plecotus auritus,0.029,0.083,-1,Echolocation,250000,/home/adkris/Documents/mila-human-wav-txt/20220727_083000.WAV
217,LF,24960.0,0.9805719548772258,537.3075,537.3174,24609,32428,Eptesicus serotinus,0.033,0.092,-1,Echolocation,250000,/home/adkris/Documents/mila-human-wav-txt/20220727_083000.WAV
218,LF,27840.0,0.2512157656040251,540.2585,540.2656,26328,35984,Plecotus auritus,0.116,0.304,-1,Echolocation,250000,/home/adkris/Documents/mila-human-wav-txt/20220727_083000.WAV
219,LF,40320.0,1.2931940540359794,548.6005,548.6124,36640,40517,Pipistrellus nathusii,0.075,0.108,-1,Echolocation,250000,/home/adkris/Documents/mila-human-wav-txt/20220727_083000.WAV
220,LF,31680.0,1.3489636182801668,551.0635,551.0761,29765,35987,Eptesicus serotinus,0.063,0.096,-1,Echolocation,250000,/home/adkris/Documents/mila-human-wav-txt/20220727_083000.WAV
221,HF,45120.0,1.551991711478204,551.8725,551.8804,40937,48401,Pipistrellus nathusii,0.06,0.083,-1,Echolocation,250000,/home/adkris/Documents/mila-human-wav-txt/20220727_083000.WAV
222,HF,46080.0,1.0989836565258948,552.3195,552.3316,44375,51348,Pipistrellus pipistrellus,0.06,0.091,-1,Echolocation,250000,/home/adkris/Documents/mila-human-wav-txt/20220727_083000.WAV
223,HF,49920.0,0.9364285541606915,552.7555,552.7689,48671,52203,Pipistrellus pipistrellus,0.099,0.119,-1,Echolocation,250000,/home/adkris/Documents/mila-human-wav-txt/20220727_083000.WAV
224,LF,95040.0,0.13934659824161022,554.0225,554.0516,93359,110724,Rhinolophus hipposideros,0.083,0.083,-1,Echolocation,250000,/home/adkris/Documents/mila-human-wav-txt/20220727_083000.WAV
225,HF,39360.0,1.477411155928827,556.9365,556.9456,36640,45051,Pipistrellus nathusii,0.049,0.087,-1,Echolocation,250000,/home/adkris/Documents/mila-human-wav-txt/20220727_083000.WAV
226,HF,39360.0,0.14349550535910838,558.3915,558.3993,37500,43946,Barbastellus barbastellus,0.059,0.106,-1,Echolocation,250000,/home/adkris/Documents/mila-human-wav-txt/20220727_083000.WAV
227,LF,28800.0,2.2046639822515415,560.1095,560.1176,28906,36851,Eptesicus serotinus,0.145,0.226,-1,Echolocation,250000,/home/adkris/Documents/mila-human-wav-txt/20220727_083000.WAV
228,LF,23040.0,1.604312569509231,562.0425,562.0609,21171,26063,Nyctalus noctula,0.042,0.081,-1,Echolocation,250000,/home/adkris/Documents/mila-human-wav-txt/20220727_083000.WAV
229,LF,26880.0,1.7412646001687657,567.3325,567.3409,26328,34272,Eptesicus serotinus,0.038,0.082,-1,Echolocation,250000,/home/adkris/Documents/mila-human-wav-txt/20220727_083000.WAV
230,LF,23040.0,0.3971356692290411,574.4605,574.4757,22890,26206,Nyctalus leisleri,0.103,0.16,-1,Echolocation,250000,/home/adkris/Documents/mila-human-wav-txt/20220727_083000.WAV
231,LF,30720.0,0.24061255211105967,574.7955,574.8015,28046,42689,Plecotus auritus,0.037,0.09,-1,Echolocation,250000,/home/adkris/Documents/mila-human-wav-txt/20220727_083000.WAV
232,LF,32640.0,1.103732559244615,575.8805,575.8905,28906,36618,Eptesicus serotinus,0.068,0.101,-1,Echolocation,250000,/home/adkris/Documents/mila-human-wav-txt/20220727_083000.WAV
233,LF,24000.0,1.6209169471901337,576.7265,576.7397,22031,26341,Nyctalus leisleri,0.047,0.083,-1,Echolocation,250000,/home/adkris/Documents/mila-human-wav-txt/20220727_083000.WAV
234,LF,37440.0,2.218171610120863,579.8365,579.8494,35781,40108,Pipistrellus nathusii,0.072,0.129,-1,Echolocation,250000,/home/adkris/Documents/mila-human-wav-txt/20220727_083000.WAV
235,LF,30720.0,1.7814898530830914,580.4875,580.4948,28906,36682,Eptesicus serotinus,0.045,0.088,-1,Echolocation,250000,/home/adkris/Documents/mila-human-wav-txt/20220727_083000.WAV
236,LF,33600.0,1.99642274095602,581.2065,581.2136,31484,38537,Barbastellus barbastellus,0.066,0.1,-1,Echolocation,250000,/home/adkris/Documents/mila-human-wav-txt/20220727_083000.WAV
237,LF,31680.0,0.9278319568677789,584.5265,584.5325,28046,38128,Plecotus auritus,0.033,0.083,-1,Echolocation,250000,/home/adkris/Documents/mila-human-wav-txt/20220727_083000.WAV
238,LF,36480.0,0.35235351592141223,589.5975,589.6061,34062,40300,Barbastellus barbastellus,0.052,0.09,-1,Echolocation,250000,/home/adkris/Documents/mila-human-wav-txt/20220727_083000.WAV
239,HF,39360.0,0.18740075101093778,590.9005,590.9114,37500,41288,Pipistrellus nathusii,0.058,0.085,-1,Echolocation,250000,/home/adkris/Documents/mila-human-wav-txt/20220727_083000.WAV
240,LF,30720.0,0.16364466246882325,591.7525,591.7642,28906,35456,Eptesicus serotinus,0.061,0.092,-1,Echolocation,250000,/home/adkris/Documents/mila-human-wav-txt/20220727_083000.WAV
241,HF,70080.0,0.19536847442878133,592.0015,592.0348,68437,79004,Rhinolophus ferrumequinum,0.089,0.09,-1,Echolocation,250000,/home/adkris/Documents/mila-human-wav-txt/20220727_083000.WAV
242,LF,35520.0,1.46483371003939,592.5805,592.5891,32343,38514,Barbastellus barbastellus,0.046,0.083,-1,Echolocation,250000,/home/adkris/Documents/mila-human-wav-txt/20220727_083000.WAV
243,HF,35520.0,2.2335980406835008,593.0135,593.0202,34062,42255,Barbastellus barbastellus,0.066,0.098,-1,Echolocation,250000,/home/adkris/Documents/mila-human-wav-txt/20220727_083000.WAV
244,HF,45120.0,2.853387077023373,594.5305,594.5381,44375,52201,Pipistrellus pipistrellus,0.07,0.081,-1,Echolocation,250000,/home/adkris/Documents/mila-human-wav-txt/20220727_083000.WAV
245,HF,45120.0,2.040372852359498,601.0745,601.0827,40937,48087,Pipistrellus nathusii,0.059,0.102,-1,Echolocation,250000,/home/adkris/Documents/mila-human-wav-txt/20220727_083000.WAV
246,HF,45120.0,1.2545544628132888,601.5495,601.5635,44375,46872,Pipistrellus pipistrellus,0.077,0.094,-1,Echolocation,250000,/home/adkris/Documents/mila-human-wav-txt/20220727_083000.WAV
247,LF,24000.0,1.532951540754477,603.4885,603.4927,24609,39451,Plecotus auritus,0.048,0.093,-1,Echolocation,250000,/home/adkris/Documents/mila-human-wav-txt/20220727_083000.WAV
248,HF,74880.0,0.4669966246255899,605.3095,605.3526,68437,83549,Rhinolophus ferrumequinum,0.089,0.089,-1,Echolocation,250000,/home/adkris/Documents/mila-human-wav-txt/20220727_083000.WAV
249,LF,25920.0,1.1082172766322465,610.1085,610.1141,24609,35788,Plecotus austriacus,0.054,0.099,-1,Echolocation,250000,/home/adkris/Documents/mila-human-wav-txt/20220727_083000.WAV
250,LF,24960.0,0.06824496988031978,614.7115,614.7163,24609,40217,Plecotus auritus,0.064,0.102,-1,Echolocation,250000,/home/adkris/Documents/mila-human-wav-txt/20220727_083000.WAV
251,LF,23040.0,0.656658295893966,616.1255,616.1354,22031,29670,Plecotus austriacus,0.034,0.099,-1,Echolocation,250000,/home/adkris/Documents/mila-human-wav-txt/20220727_083000.WAV
252,LF,23040.0,0.1388745640106113,627.6575,627.6691,23750,29142,Nyctalus leisleri,0.035,0.097,-1,Echolocation,250000,/home/adkris/Documents/mila-human-wav-txt/20220727_083000.WAV
253,LF,22080.0,0.525076351018888,629.9475,629.9702,19453,22216,Nyctalus leisleri,0.039,0.083,-1,Echolocation,250000,/home/adkris/Documents/mila-human-wav-txt/20220727_083000.WAV
254,LF,25920.0,1.6218362545018508,631.5475,631.5522,25468,39107,Plecotus austriacus,0.047,0.088,-1,Echolocation,250000,/home/adkris/Documents/mila-human-wav-txt/20220727_083000.WAV
255,HF,45120.0,1.1597475699944784,631.8735,631.8886,44375,46794,Pipistrellus pipistrellus,0.126,0.15,-1,Echolocation,250000,/home/adkris/Documents/mila-human-wav-txt/20220727_083000.WAV
256,HF,41280.0,2.464071379622999,639.1435,639.1552,37500,43379,Pipistrellus nathusii,0.064,0.084,-1,Echolocation,250000,/home/adkris/Documents/mila-human-wav-txt/20220727_083000.WAV
257,LF,24960.0,1.1742831098519104,641.6215,641.6312,25468,31539,Eptesicus serotinus,0.037,0.092,-1,Echolocation,250000,/home/adkris/Documents/mila-human-wav-txt/20220727_083000.WAV
258,HF,46080.0,2.1344885192883676,643.5665,643.5802,45234,48656,Pipistrellus pipistrellus,0.083,0.092,-1,Echolocation,250000,/home/adkris/Documents/mila-human-wav-txt/20220727_083000.WAV
259,HF,47040.0,1.6223855596267864,643.7155,643.7259,42656,46860,Pipistrellus pipistrellus,0.058,0.089,-1,Echolocation,250000,/home/adkris/Documents/mila-human-wav-txt/20220727_083000.WAV
260,HF,60480.0,0.4405579958635534,644.0765,644.087,59843,64857,Pipistrellus pipistrellus,0.041,0.084,-1,Echolocation,250000,/home/adkris/Documents/mila-human-wav-txt/20220727_083000.WAV
261,LF,22080.0,0.682947254109132,647.3485000000001,647.371,20312,23017,Nyctalus noctula,0.076,0.15,-1,Echolocation,250000,/home/adkris/Documents/mila-human-wav-txt/20220727_083000.WAV
262,HF,42240.0,0.5092616218526738,647.8075,647.8197,40937,43928,Pipistrellus nathusii,0.064,0.094,-1,Echolocation,250000,/home/adkris/Documents/mila-human-wav-txt/20220727_083000.WAV
263,LF,32640.0,1.9165247910208851,651.2965,651.3015,28046,40843,Plecotus auritus,0.059,0.091,-1,Echolocation,250000,/home/adkris/Documents/mila-human-wav-txt/20220727_083000.WAV
264,LF,34560.0,1.6951872547710536,653.9605,653.9747,33203,36972,Pipistrellus nathusii,0.075,0.112,-1,Echolocation,250000,/home/adkris/Documents/mila-human-wav-txt/20220727_083000.WAV
265,LF,31680.0,1.3116624669114498,654.3835,654.3898,29765,39760,Eptesicus serotinus,0.027,0.082,-1,Echolocation,250000,/home/adkris/Documents/mila-human-wav-txt/20220727_083000.WAV
266,HF,50880.0,1.2420959321338885,658.5235,658.5303,50390,55517,Pipistrellus pipistrellus,0.12,0.13,-1,Echolocation,250000,/home/adkris/Documents/mila-human-wav-txt/20220727_083000.WAV
267,LF,29760.0,1.364891080938095,659.8005,659.8117,28906,35218,Eptesicus serotinus,0.063,0.107,-1,Echolocation,250000,/home/adkris/Documents/mila-human-wav-txt/20220727_083000.WAV
268,HF,38400.0,1.3127659810725012,661.4155,661.422,34921,42253,Barbastellus barbastellus,0.059,0.08,-1,Echolocation,250000,/home/adkris/Documents/mila-human-wav-txt/20220727_083000.WAV
269,LF,22080.0,1.249820419385438,661.9265,661.9404,22031,27207,Nyctalus leisleri,0.04,0.09,-1,Echolocation,250000,/home/adkris/Documents/mila-human-wav-txt/20220727_083000.WAV
270,LF,33600.0,2.535228361818065,664.6965,664.7048,31484,38598,Eptesicus serotinus,0.053,0.107,-1,Echolocation,250000,/home/adkris/Documents/mila-human-wav-txt/20220727_083000.WAV
271,LF,37440.0,1.5238107848576572,664.9045,664.9169,35781,40798,Pipistrellus nathusii,0.04,0.082,-1,Echolocation,250000,/home/adkris/Documents/mila-human-wav-txt/20220727_083000.WAV
272,HF,43200.0,2.1003677484035963,667.2065,667.2156,40937,44779,Pipistrellus nathusii,0.104,0.127,-1,Echolocation,250000,/home/adkris/Documents/mila-human-wav-txt/20220727_083000.WAV
273,LF,94080.0,0.0524680720618204,669.5225,669.5544,93359,110840,Rhinolophus hipposideros,0.087,0.087,-1,Echolocation,250000,/home/adkris/Documents/mila-human-wav-txt/20220727_083000.WAV
274,HF,39360.0,2.175642387781529,670.6615,670.6727,37500,41748,Pipistrellus nathusii,0.061,0.083,-1,Echolocation,250000,/home/adkris/Documents/mila-human-wav-txt/20220727_083000.WAV
275,HF,42240.0,2.599997926693777,684.3765,684.3854,39218,43728,Pipistrellus nathusii,0.11,0.162,-1,Echolocation,250000,/home/adkris/Documents/mila-human-wav-txt/20220727_083000.WAV
276,LF,24000.0,0.33683589941711894,684.5555,684.5728,23750,27583,Nyctalus leisleri,0.052,0.087,-1,Echolocation,250000,/home/adkris/Documents/mila-human-wav-txt/20220727_083000.WAV
277,LF,33600.0,1.3267726468768455,688.1115,688.1203,29765,36349,Eptesicus serotinus,0.067,0.106,-1,Echolocation,250000,/home/adkris/Documents/mila-human-wav-txt/20220727_083000.WAV
278,LF,24000.0,0.2967244494934954,688.2685,688.2837,22890,26448,Nyctalus leisleri,0.053,0.094,-1,Echolocation,250000,/home/adkris/Documents/mila-human-wav-txt/20220727_083000.WAV
279,LF,30720.0,2.533230772579201,688.8915,688.8974,28906,38991,Plecotus auritus,0.058,0.125,-1,Echolocation,250000,/home/adkris/Documents/mila-human-wav-txt/20220727_083000.WAV
280,HF,45120.0,0.6038575594642493,695.5695,695.5793,43515,46101,Pipistrellus pipistrellus,0.086,0.095,-1,Echolocation,250000,/home/adkris/Documents/mila-human-wav-txt/20220727_083000.WAV
281,LF,24000.0,2.1568312939036822,698.2845,698.2898,14296,34140,Plecotus auritus,0.067,0.086,-1,Echolocation,250000,/home/adkris/Documents/mila-human-wav-txt/20220727_083000.WAV
282,LF,23040.0,1.4598217038697305,701.4275,701.4467,21171,24789,Nyctalus noctula,0.075,0.151,-1,Echolocation,250000,/home/adkris/Documents/mila-human-wav-txt/20220727_083000.WAV
283,LF,36480.0,2.7158511377284515,704.5545,704.5651,34062,40894,Barbastellus barbastellus,0.035,0.11,-1,Echolocation,250000,/home/adkris/Documents/mila-human-wav-txt/20220727_083000.WAV
284,LF,23040.0,0.06391315332880514,706.1575,706.1728,22031,27091,Nyctalus leisleri,0.044,0.102,-1,Echolocation,250000,/home/adkris/Documents/mila-human-wav-txt/20220727_083000.WAV
285,LF,23040.0,1.1981595126024693,707.7065,707.7138,23750,33599,Plecotus austriacus,0.049,0.12,-1,Echolocation,250000,/home/adkris/Documents/mila-human-wav-txt/20220727_083000.WAV
286,LF,29760.0,1.956974198417016,711.0935,711.1032,28046,35335,Eptesicus serotinus,0.079,0.118,-1,Echolocation,250000,/home/adkris/Documents/mila-human-wav-txt/20220727_083000.WAV
287,HF,47040.0,2.1493987709415947,712.6275,712.6383,45234,52967,Pipistrellus pipistrellus,0.126,0.163,-1,Echolocation,250000,/home/adkris/Documents/mila-human-wav-txt/20220727_083000.WAV
288,LF,24000.0,1.3056342139965404,715.7695,715.7812,22890,28572,Nyctalus leisleri,0.072,0.177,-1,Echolocation,250000,/home/adkris/Documents/mila-human-wav-txt/20220727_083000.WAV
289,LF,95040.0,0.2125550620505861,716.7525,716.791,93359,111371,Rhinolophus hipposideros,0.105,0.105,-1,Echolocation,250000,/home/adkris/Documents/mila-human-wav-txt/20220727_083000.WAV
290,LF,23040.0,1.216720040608291,718.4695,718.4739,14296,35258,Plecotus auritus,0.076,0.097,-1,Echolocation,250000,/home/adkris/Documents/mila-human-wav-txt/20220727_083000.WAV
291,LF,24960.0,1.1177264535883853,718.8595,718.8731,23750,28856,Nyctalus leisleri,0.048,0.112,-1,Echolocation,250000,/home/adkris/Documents/mila-human-wav-txt/20220727_083000.WAV
292,LF,24000.0,0.15900289471689844,721.0595,721.0712,22890,28832,Nyctalus leisleri,0.038,0.096,-1,Echolocation,250000,/home/adkris/Documents/mila-human-wav-txt/20220727_083000.WAV
293,LF,26880.0,1.3816987238252176,727.4665,727.4749,25468,33952,Eptesicus serotinus,0.111,0.272,-1,Echolocation,250000,/home/adkris/Documents/mila-human-wav-txt/20220727_083000.WAV
294,HF,72000.0,0.07970610677062248,730.0015,730.0371,68437,80013,Rhinolophus ferrumequinum,0.095,0.095,-1,Echolocation,250000,/home/adkris/Documents/mila-human-wav-txt/20220727_083000.WAV
295,LF,23040.0,1.8750518419034432,731.8365,731.8524,21171,26601,Nyctalus noctula,0.043,0.082,-1,Echolocation,250000,/home/adkris/Documents/mila-human-wav-txt/20220727_083000.WAV
296,LF,22080.0,2.232384992829377,733.7375,733.7438,15156,27764,Plecotus auritus,0.071,0.088,-1,Echolocation,250000,/home/adkris/Documents/mila-human-wav-txt/20220727_083000.WAV
297,LF,22080.0,0.42386568452788714,736.4595,736.4774,19453,23132,Nyctalus noctula,0.052,0.093,-1,Echolocation,250000,/home/adkris/Documents/mila-human-wav-txt/20220727_083000.WAV
298,HF,41280.0,1.389927531451153,740.0395,740.0464,38359,50863,Barbastellus barbastellus,0.044,0.141,-1,Echolocation,250000,/home/adkris/Documents/mila-human-wav-txt/20220727_083000.WAV
299,LF,24960.0,0.8374594436742261,741.9455,741.9551,23750,31677,Eptesicus serotinus,0.067,0.177,-1,Echolocation,250000,/home/adkris/Documents/mila-human-wav-txt/20220727_083000.WAV
300,HF,46080.0,1.7932848142897926,744.5785,744.583,35781,49498,Barbastellus barbastellus,0.024,0.082,-1,Echolocation,250000,/home/adkris/Documents/mila-human-wav-txt/20220727_083000.WAV
301,LF,29760.0,2.224950887324097,748.9565,748.9668,28046,34071,Eptesicus serotinus,0.058,0.088,-1,Echolocation,250000,/home/adkris/Documents/mila-human-wav-txt/20220727_083000.WAV
302,LF,22080.0,0.5904114187518007,753.9625,753.9839,18593,22225,Nyctalus noctula,0.062,0.088,-1,Echolocation,250000,/home/adkris/Documents/mila-human-wav-txt/20220727_083000.WAV
303,HF,46080.0,1.6011910903600188,759.1365,759.1508,44375,48168,Pipistrellus pipistrellus,0.073,0.085,-1,Echolocation,250000,/home/adkris/Documents/mila-human-wav-txt/20220727_083000.WAV
304,HF,41280.0,1.5615380488424608,761.6925,761.7074,40078,42241,Pipistrellus nathusii,0.108,0.133,-1,Echolocation,250000,/home/adkris/Documents/mila-human-wav-txt/20220727_083000.WAV
305,LF,27840.0,1.7093161085522577,761.9705,761.9798,27187,33607,Eptesicus serotinus,0.039,0.092,-1,Echolocation,250000,/home/adkris/Documents/mila-human-wav-txt/20220727_083000.WAV
306,HF,44160.0,1.0067610057402372,764.6775,764.6864,42656,46232,Pipistrellus pipistrellus,0.054,0.105,-1,Echolocation,250000,/home/adkris/Documents/mila-human-wav-txt/20220727_083000.WAV
307,LF,23040.0,0.5409938966888799,766.0025,766.0221,22890,26307,Nyctalus leisleri,0.06,0.121,-1,Echolocation,250000,/home/adkris/Documents/mila-human-wav-txt/20220727_083000.WAV
308,HF,31680.0,0.5008768995552557,768.2655,768.2705,29765,44797,Plecotus auritus,0.042,0.091,-1,Echolocation,250000,/home/adkris/Documents/mila-human-wav-txt/20220727_083000.WAV
309,LF,27840.0,2.09028910055763,769.9035,769.9103,25468,37041,Plecotus auritus,0.037,0.085,-1,Echolocation,250000,/home/adkris/Documents/mila-human-wav-txt/20220727_083000.WAV
310,LF,23040.0,0.8692735600791228,771.9125,771.9273,22031,25826,Nyctalus leisleri,0.056,0.115,-1,Echolocation,250000,/home/adkris/Documents/mila-human-wav-txt/20220727_083000.WAV
311,LF,24000.0,0.7924227301173581,772.3035,772.3159,23750,27719,Nyctalus leisleri,0.057,0.083,-1,Echolocation,250000,/home/adkris/Documents/mila-human-wav-txt/20220727_083000.WAV
312,HF,46080.0,0.19562232798793436,772.6935,772.7046,45234,48300,Pipistrellus pipistrellus,0.107,0.126,-1,Echolocation,250000,/home/adkris/Documents/mila-human-wav-txt/20220727_083000.WAV
313,HF,39360.0,2.4020959235871793,775.0005,775.0051,34921,45698,Barbastellus barbastellus,0.11,0.232,-1,Echolocation,250000,/home/adkris/Documents/mila-human-wav-txt/20220727_083000.WAV
314,LF,24960.0,0.21857528063717002,775.7935,775.8083,23750,28303,Nyctalus leisleri,0.043,0.09,-1,Echolocation,250000,/home/adkris/Documents/mila-human-wav-txt/20220727_083000.WAV
315,LF,24000.0,1.3862011217137993,775.8705,775.8877,23750,28030,Nyctalus leisleri,0.116,0.2,-1,Echolocation,250000,/home/adkris/Documents/mila-human-wav-txt/20220727_083000.WAV
316,LF,29760.0,2.007829251459704,780.7515,780.7583,28046,38601,Eptesicus serotinus,0.043,0.093,-1,Echolocation,250000,/home/adkris/Documents/mila-human-wav-txt/20220727_083000.WAV
317,LF,95040.0,0.280337697718382,781.7775,781.8099,93359,110397,Rhinolophus hipposideros,0.102,0.102,-1,Echolocation,250000,/home/adkris/Documents/mila-human-wav-txt/20220727_083000.WAV
318,LF,33600.0,0.09350343775784312,785.7945,785.8031,28906,35506,Eptesicus serotinus,0.095,0.155,-1,Echolocation,250000,/home/adkris/Documents/mila-human-wav-txt/20220727_083000.WAV
319,LF,24000.0,0.8514294953350287,787.9745,787.9799,23750,35965,Plecotus austriacus,0.081,0.156,-1,Echolocation,250000,/home/adkris/Documents/mila-human-wav-txt/20220727_083000.WAV
320,HF,37440.0,0.960611545205297,789.6265,789.6374,36640,40760,Pipistrellus nathusii,0.079,0.105,-1,Echolocation,250000,/home/adkris/Documents/mila-human-wav-txt/20220727_083000.WAV
321,LF,93120.0,0.4203832077943608,790.9265,790.9596,93359,110973,Rhinolophus hipposideros,0.095,0.095,-1,Echolocation,250000,/home/adkris/Documents/mila-human-wav-txt/20220727_083000.WAV
322,LF,25920.0,0.13118964726145543,791.3965,791.4059,25468,33067,Nyctalus leisleri,0.044,0.128,-1,Echolocation,250000,/home/adkris/Documents/mila-human-wav-txt/20220727_083000.WAV
323,LF,22080.0,1.1992240466109312,793.2255,793.2491,17734,20754,Nyctalus noctula,0.088,0.124,-1,Echolocation,250000,/home/adkris/Documents/mila-human-wav-txt/20220727_083000.WAV
324,LF,95040.0,0.29826643702471956,793.3665,793.3996,93359,110668,Rhinolophus hipposideros,0.115,0.115,-1,Echolocation,250000,/home/adkris/Documents/mila-human-wav-txt/20220727_083000.WAV
325,LF,24000.0,0.11765951960217538,793.6455,793.6558,23750,29700,Eptesicus serotinus,0.042,0.101,-1,Echolocation,250000,/home/adkris/Documents/mila-human-wav-txt/20220727_083000.WAV
326,LF,23040.0,0.7814898887162834,793.6995,793.7165,22031,25699,Nyctalus leisleri,0.061,0.116,-1,Echolocation,250000,/home/adkris/Documents/mila-human-wav-txt/20220727_083000.WAV
327,LF,24960.0,1.8113211057624006,806.4095,806.4232,23750,28424,Nyctalus leisleri,0.045,0.106,-1,Echolocation,250000,/home/adkris/Documents/mila-human-wav-txt/20220727_083000.WAV
328,LF,28800.0,0.26377940011237644,808.9095,808.9231,28906,33366,Eptesicus serotinus,0.044,0.082,-1,Echolocation,250000,/home/adkris/Documents/mila-human-wav-txt/20220727_083000.WAV
329,HF,39360.0,1.4193620117066095,809.7735,809.7891,37500,41143,Pipistrellus nathusii,0.071,0.091,-1,Echolocation,250000,/home/adkris/Documents/mila-human-wav-txt/20220727_083000.WAV
330,HF,44160.0,2.3991953558031573,820.8725,820.8781,39218,48353,Barbastellus barbastellus,0.068,0.096,-1,Echolocation,250000,/home/adkris/Documents/mila-human-wav-txt/20220727_083000.WAV
331,LF,28800.0,1.0355851925312634,821.4015,821.4088,27187,35097,Eptesicus serotinus,0.039,0.094,-1,Echolocation,250000,/home/adkris/Documents/mila-human-wav-txt/20220727_083000.WAV
332,LF,22080.0,0.2471721349282169,824.2785,824.3022,20312,24336,Nyctalus noctula,0.164,0.244,-1,Echolocation,250000,/home/adkris/Documents/mila-human-wav-txt/20220727_083000.WAV
333,LF,24000.0,2.5426636570720107,827.5225,827.5367,22890,27338,Nyctalus leisleri,0.05,0.111,-1,Echolocation,250000,/home/adkris/Documents/mila-human-wav-txt/20220727_083000.WAV
334,LF,21120.0,0.8220072771125098,829.4355,829.4566,16875,19530,Nyctalus noctula,0.065,0.095,-1,Echolocation,250000,/home/adkris/Documents/mila-human-wav-txt/20220727_083000.WAV
335,LF,30720.0,0.9987897392373274,831.1355,831.1412,28046,37858,Plecotus auritus,0.047,0.09,-1,Echolocation,250000,/home/adkris/Documents/mila-human-wav-txt/20220727_083000.WAV
336,LF,24000.0,1.0126544561178106,832.5465,832.56,23750,28527,Nyctalus leisleri,0.043,0.083,-1,Echolocation,250000,/home/adkris/Documents/mila-human-wav-txt/20220727_083000.WAV
337,LF,95040.0,0.0036615349732921614,837.8145,837.8487,93359,110816,Rhinolophus hipposideros,0.087,0.087,-1,Echolocation,250000,/home/adkris/Documents/mila-human-wav-txt/20220727_083000.WAV
338,LF,94080.0,0.5751153289045505,841.7115,841.7431,93359,111100,Rhinolophus hipposideros,0.082,0.082,-1,Echolocation,250000,/home/adkris/Documents/mila-human-wav-txt/20220727_083000.WAV
339,LF,94080.0,0.3029143836358122,842.4035,842.4394,93359,111587,Rhinolophus hipposideros,0.083,0.083,-1,Echolocation,250000,/home/adkris/Documents/mila-human-wav-txt/20220727_083000.WAV
340,LF,23040.0,1.1668646886838483,842.8955,842.9062,22031,28965,Nyctalus leisleri,0.022,0.085,-1,Echolocation,250000,/home/adkris/Documents/mila-human-wav-txt/20220727_083000.WAV
341,LF,23040.0,0.3502858465622304,843.6185,843.6352,22890,27347,Nyctalus leisleri,0.05,0.097,-1,Echolocation,250000,/home/adkris/Documents/mila-human-wav-txt/20220727_083000.WAV
342,LF,30720.0,0.2574270029913289,846.4565,846.4624,28906,41159,Plecotus auritus,0.037,0.095,-1,Echolocation,250000,/home/adkris/Documents/mila-human-wav-txt/20220727_083000.WAV
343,HF,43200.0,2.547023494630865,846.8345,846.8434,37500,43589,Pipistrellus nathusii,0.154,0.204,-1,Echolocation,250000,/home/adkris/Documents/mila-human-wav-txt/20220727_083000.WAV
344,LF,24000.0,2.0086197020786023,847.5115,847.5252,22890,27543,Nyctalus leisleri,0.043,0.089,-1,Echolocation,250000,/home/adkris/Documents/mila-human-wav-txt/20220727_083000.WAV
345,HF,34560.0,0.9769439880139437,847.7995,847.8034,28046,44821,Plecotus auritus,0.055,0.107,-1,Echolocation,250000,/home/adkris/Documents/mila-human-wav-txt/20220727_083000.WAV
346,LF,28800.0,2.1235149331710717,848.3825,848.3876,28046,39432,Plecotus auritus,0.061,0.105,-1,Echolocation,250000,/home/adkris/Documents/mila-human-wav-txt/20220727_083000.WAV
347,LF,24000.0,0.35764136901195426,849.7175,849.7333,22890,27191,Nyctalus leisleri,0.045,0.092,-1,Echolocation,250000,/home/adkris/Documents/mila-human-wav-txt/20220727_083000.WAV
348,HF,56640.0,2.442430992072011,850.5915,850.6008,55546,60498,Pipistrellus pygmaeus,0.079,0.085,-1,Echolocation,250000,/home/adkris/Documents/mila-human-wav-txt/20220727_083000.WAV
349,LF,30720.0,1.8430769253031696,851.1935,851.2043,28046,34628,Eptesicus serotinus,0.058,0.09,-1,Echolocation,250000,/home/adkris/Documents/mila-human-wav-txt/20220727_083000.WAV
350,HF,52800.0,1.5995623107713888,856.3965,856.4076,50390,56696,Pipistrellus pipistrellus,0.075,0.1,-1,Echolocation,250000,/home/adkris/Documents/mila-human-wav-txt/20220727_083000.WAV
351,LF,22080.0,0.03460557229136659,856.8265,856.8503,18593,21535,Nyctalus noctula,0.06,0.098,-1,Echolocation,250000,/home/adkris/Documents/mila-human-wav-txt/20220727_083000.WAV
352,HF,45120.0,3.203798113284707,856.9035,856.9074,28906,46421,Plecotus auritus,0.097,0.15,-1,Echolocation,250000,/home/adkris/Documents/mila-human-wav-txt/20220727_083000.WAV
353,LF,24960.0,4.261492795954181,858.0225,858.0404,23750,27540,Nyctalus leisleri,0.394,0.476,-1,Echolocation,250000,/home/adkris/Documents/mila-human-wav-txt/20220727_083000.WAV
354,LF,24960.0,1.1846250135292007,858.6765,858.6955,23750,27450,Nyctalus leisleri,0.148,0.218,-1,Echolocation,250000,/home/adkris/Documents/mila-human-wav-txt/20220727_083000.WAV
355,LF,24960.0,6.006927636242006,859.2105,859.2255,23750,28120,Nyctalus leisleri,0.545,0.638,-1,Echolocation,250000,/home/adkris/Documents/mila-human-wav-txt/20220727_083000.WAV
356,LF,24960.0,2.6023389414270977,859.4765,859.4905,23750,28820,Nyctalus leisleri,0.252,0.418,-1,Echolocation,250000,/home/adkris/Documents/mila-human-wav-txt/20220727_083000.WAV
357,LF,25920.0,1.7898019724969858,859.7425,859.7594,24609,28167,Nyctalus leisleri,0.093,0.183,-1,Echolocation,250000,/home/adkris/Documents/mila-human-wav-txt/20220727_083000.WAV
358,HF,45120.0,1.8405026720044453,860.0025,860.0153,44375,47769,Pipistrellus pipistrellus,0.061,0.087,-1,Echolocation,250000,/home/adkris/Documents/mila-human-wav-txt/20220727_083000.WAV
359,LF,24960.0,3.5962226946486253,860.2575,860.2741,23750,28730,Nyctalus leisleri,0.215,0.357,-1,Echolocation,250000,/home/adkris/Documents/mila-human-wav-txt/20220727_083000.WAV
360,LF,24960.0,1.3885515112714344,860.5285,860.543,23750,28782,Nyctalus leisleri,0.049,0.124,-1,Echolocation,250000,/home/adkris/Documents/mila-human-wav-txt/20220727_083000.WAV
361,LF,24960.0,1.9910289077272076,860.7985,860.8108,24609,29226,Nyctalus leisleri,0.049,0.091,-1,Echolocation,250000,/home/adkris/Documents/mila-human-wav-txt/20220727_083000.WAV
362,LF,24960.0,3.7317244385242354,861.0665,861.0797,23750,27861,Nyctalus leisleri,0.299,0.423,-1,Echolocation,250000,/home/adkris/Documents/mila-human-wav-txt/20220727_083000.WAV
363,LF,24960.0,2.267873386638865,861.3305,861.3493,23750,27449,Nyctalus leisleri,0.117,0.168,-1,Echolocation,250000,/home/adkris/Documents/mila-human-wav-txt/20220727_083000.WAV
364,LF,24960.0,4.425663864143388,861.8675,861.883,22890,27158,Nyctalus leisleri,0.403,0.545,-1,Echolocation,250000,/home/adkris/Documents/mila-human-wav-txt/20220727_083000.WAV
365,LF,24960.0,1.7494056931078872,862.1405,862.1571,23750,27930,Nyctalus leisleri,0.354,0.434,-1,Echolocation,250000,/home/adkris/Documents/mila-human-wav-txt/20220727_083000.WAV
366,LF,24960.0,1.520341250373063,862.4025,862.4202,23750,28457,Nyctalus leisleri,0.057,0.132,-1,Echolocation,250000,/home/adkris/Documents/mila-human-wav-txt/20220727_083000.WAV
367,HF,38400.0,0.7878760091911486,864.8675,864.8778,35781,44656,Pipistrellus nathusii,0.051,0.127,-1,Echolocation,250000,/home/adkris/Documents/mila-human-wav-txt/20220727_083000.WAV
368,LF,24960.0,2.36064400640008,868.3445,868.3625,22031,24875,Nyctalus leisleri,0.055,0.093,-1,Echolocation,250000,/home/adkris/Documents/mila-human-wav-txt/20220727_083000.WAV
369,LF,25920.0,2.701123805489709,869.0125,869.028,24609,29073,Nyctalus leisleri,0.225,0.41,-1,Echolocation,250000,/home/adkris/Documents/mila-human-wav-txt/20220727_083000.WAV
370,LF,24000.0,1.2471651956119985,869.2745,869.2899,22890,28223,Nyctalus leisleri,0.047,0.11,-1,Echolocation,250000,/home/adkris/Documents/mila-human-wav-txt/20220727_083000.WAV
371,LF,24960.0,2.7245339663533525,869.5455,869.5594,24609,28575,Nyctalus leisleri,0.187,0.325,-1,Echolocation,250000,/home/adkris/Documents/mila-human-wav-txt/20220727_083000.WAV
372,LF,22080.0,0.446818517209459,870.2795,870.2954,22031,25031,Nyctalus leisleri,0.046,0.081,-1,Echolocation,250000,/home/adkris/Documents/mila-human-wav-txt/20220727_083000.WAV
373,HF,48000.0,3.0468461088908216,875.8345,875.8408,47812,59415,Pipistrellus pipistrellus,0.083,0.093,-1,Echolocation,250000,/home/adkris/Documents/mila-human-wav-txt/20220727_083000.WAV
374,LF,32640.0,0.9605233673130724,876.9075,876.917,31484,39003,Eptesicus serotinus,0.073,0.136,-1,Echolocation,250000,/home/adkris/Documents/mila-human-wav-txt/20220727_083000.WAV
375,HF,44160.0,0.6167576556858326,879.2045,879.2143,41796,45679,Pipistrellus nathusii,0.081,0.103,-1,Echolocation,250000,/home/adkris/Documents/mila-human-wav-txt/20220727_083000.WAV
376,LF,24960.0,1.4446566264036187,879.4875,879.5007,23750,27979,Nyctalus leisleri,0.064,0.14,-1,Echolocation,250000,/home/adkris/Documents/mila-human-wav-txt/20220727_083000.WAV
377,HF,39360.0,1.3613553305267725,881.2715,881.2841,36640,41623,Pipistrellus nathusii,0.07,0.115,-1,Echolocation,250000,/home/adkris/Documents/mila-human-wav-txt/20220727_083000.WAV
378,LF,28800.0,1.6370450713177025,881.8065,881.821,27187,31859,Eptesicus serotinus,0.044,0.093,-1,Echolocation,250000,/home/adkris/Documents/mila-human-wav-txt/20220727_083000.WAV
379,HF,44160.0,0.39838183517001585,882.4895,882.4949,37500,44943,Barbastellus barbastellus,0.053,0.092,-1,Echolocation,250000,/home/adkris/Documents/mila-human-wav-txt/20220727_083000.WAV
380,HF,45120.0,3.650051268613878,883.1965,883.2059,43515,50547,Pipistrellus pipistrellus,0.085,0.114,-1,Echolocation,250000,/home/adkris/Documents/mila-human-wav-txt/20220727_083000.WAV
381,LF,95040.0,0.6406670250614905,887.7295,887.7623,93359,111159,Rhinolophus hipposideros,0.082,0.082,-1,Echolocation,250000,/home/adkris/Documents/mila-human-wav-txt/20220727_083000.WAV
382,HF,44160.0,0.22904101298821508,890.1095,890.1252,43515,46423,Pipistrellus pipistrellus,0.064,0.081,-1,Echolocation,250000,/home/adkris/Documents/mila-human-wav-txt/20220727_083000.WAV
383,LF,95040.0,0.45542729976968627,892.6055,892.6388,93359,111205,Rhinolophus hipposideros,0.08,0.08,-1,Echolocation,250000,/home/adkris/Documents/mila-human-wav-txt/20220727_083000.WAV
384,LF,30720.0,0.634628862260789,894.7585,894.7672,28046,34125,Eptesicus serotinus,0.051,0.091,-1,Echolocation,250000,/home/adkris/Documents/mila-human-wav-txt/20220727_083000.WAV
385,LF,23040.0,0.92002442242284,896.0015,896.0196,20312,24727,Nyctalus noctula,0.051,0.099,-1,Echolocation,250000,/home/adkris/Documents/mila-human-wav-txt/20220727_083000.WAV
386,HF,43200.0,2.4084925436508016,896.9325,896.9361,39218,53701,Plecotus auritus,0.022,0.084,-1,Echolocation,250000,/home/adkris/Documents/mila-human-wav-txt/20220727_083000.WAV
387,LF,23040.0,1.7314206026281884,897.6225,897.6325,23750,31599,Nyctalus leisleri,0.027,0.097,-1,Echolocation,250000,/home/adkris/Documents/mila-human-wav-txt/20220727_083000.WAV
388,LF,36480.0,1.0291530861718157,898.2875,898.3009,35781,39821,Pipistrellus nathusii,0.057,0.102,-1,Echolocation,250000,/home/adkris/Documents/mila-human-wav-txt/20220727_083000.WAV
389,LF,95040.0,0.6962437966343935,902.8005,902.8327,93359,110412,Rhinolophus hipposideros,0.103,0.103,-1,Echolocation,250000,/home/adkris/Documents/mila-human-wav-txt/20220727_083000.WAV
390,LF,21120.0,1.756910264478121,903.2805,903.2869,15156,28088,Plecotus auritus,0.139,0.177,-1,Echolocation,250000,/home/adkris/Documents/mila-human-wav-txt/20220727_083000.WAV
391,LF,24000.0,0.45847829287690467,904.5785,904.5966,22890,26717,Nyctalus leisleri,0.044,0.081,-1,Echolocation,250000,/home/adkris/Documents/mila-human-wav-txt/20220727_083000.WAV
392,LF,27840.0,1.6865031285138166,905.5995,905.6043,24609,42536,Plecotus austriacus,0.06,0.106,-1,Echolocation,250000,/home/adkris/Documents/mila-human-wav-txt/20220727_083000.WAV
393,HF,71040.0,0.7079871684753702,911.4185,911.4618,68437,83079,Rhinolophus ferrumequinum,0.091,0.091,-1,Echolocation,250000,/home/adkris/Documents/mila-human-wav-txt/20220727_083000.WAV
394,LF,38400.0,1.0763703150490187,923.3135,923.322,33203,40047,Barbastellus barbastellus,0.048,0.093,-1,Echolocation,250000,/home/adkris/Documents/mila-human-wav-txt/20220727_083000.WAV
395,LF,23040.0,2.2851274085021576,926.8745,926.8802,14296,33078,Plecotus auritus,0.098,0.113,-1,Echolocation,250000,/home/adkris/Documents/mila-human-wav-txt/20220727_083000.WAV
396,HF,45120.0,2.074720004451491,929.1585,929.1667,43515,50060,Pipistrellus pipistrellus,0.069,0.094,-1,Echolocation,250000,/home/adkris/Documents/mila-human-wav-txt/20220727_083000.WAV
397,LF,21120.0,0.45156067764051594,932.0015,932.0182,20312,24151,Nyctalus leisleri,0.062,0.108,-1,Echolocation,250000,/home/adkris/Documents/mila-human-wav-txt/20220727_083000.WAV
398,LF,23040.0,0.7305528649090969,937.6905,937.7001,23750,31792,Eptesicus serotinus,0.025,0.081,-1,Echolocation,250000,/home/adkris/Documents/mila-human-wav-txt/20220727_083000.WAV
399,LF,22080.0,1.4261093694278282,941.2655,941.2875,20312,22980,Nyctalus noctula,0.044,0.087,-1,Echolocation,250000,/home/adkris/Documents/mila-human-wav-txt/20220727_083000.WAV
400,HF,82560.0,5.058667190611491,943.0795,943.0833,51250,89376,Myotis bechsteinii,0.055,0.088,-1,Echolocation,250000,/home/adkris/Documents/mila-human-wav-txt/20220727_083000.WAV
401,HF,61440.0,2.6020140080679655,943.1955,943.2029,60703,72144,Pipistrellus pygmaeus,0.104,0.106,-1,Echolocation,250000,/home/adkris/Documents/mila-human-wav-txt/20220727_083000.WAV
402,HF,82560.0,2.067126826872163,943.3585,943.3635,25468,87579,Myotis bechsteinii,0.043,0.09,-1,Echolocation,250000,/home/adkris/Documents/mila-human-wav-txt/20220727_083000.WAV
403,HF,59520.0,3.3612778437710054,943.4365,943.4419,40937,86498,Myotis bechsteinii,0.121,0.152,-1,Echolocation,250000,/home/adkris/Documents/mila-human-wav-txt/20220727_083000.WAV
404,HF,59520.0,5.018935594812225,943.4375,943.4418000000001,52968,90818,Myotis bechsteinii,0.072,0.192,-1,Echolocation,250000,/home/adkris/Documents/mila-human-wav-txt/20220727_083000.WAV
405,HF,81600.0,10.691881985388816,943.5305,943.5345,53828,98115,Myotis alcathoe,0.088,0.211,-1,Echolocation,250000,/home/adkris/Documents/mila-human-wav-txt/20220727_083000.WAV
406,HF,81600.0,7.265919136730816,943.5315,943.5369,41796,94994,Myotis bechsteinii,0.093,0.111,-1,Echolocation,250000,/home/adkris/Documents/mila-human-wav-txt/20220727_083000.WAV
407,HF,56640.0,6.904227406700535,943.6135,943.6176,48671,87941,Myotis bechsteinii,0.144,0.24,-1,Echolocation,250000,/home/adkris/Documents/mila-human-wav-txt/20220727_083000.WAV
408,LF,24000.0,0.6935821051997025,944.1705,944.1816,24609,31354,Nyctalus leisleri,0.033,0.082,-1,Echolocation,250000,/home/adkris/Documents/mila-human-wav-txt/20220727_083000.WAV
409,LF,23040.0,0.4583213462033598,950.0385,950.0536,22890,27071,Nyctalus leisleri,0.044,0.081,-1,Echolocation,250000,/home/adkris/Documents/mila-human-wav-txt/20220727_083000.WAV
410,LF,30720.0,3.03044131974708,950.2385,950.2434,27187,42341,Plecotus austriacus,0.042,0.11,-1,Echolocation,250000,/home/adkris/Documents/mila-human-wav-txt/20220727_083000.WAV
411,LF,25920.0,0.009922728277717383,951.2275,951.2402,25468,30153,Nyctalus leisleri,0.044,0.105,-1,Echolocation,250000,/home/adkris/Documents/mila-human-wav-txt/20220727_083000.WAV
412,LF,36480.0,2.2168118813283066,951.7435,951.7521,32343,38002,Barbastellus barbastellus,0.071,0.141,-1,Echolocation,250000,/home/adkris/Documents/mila-human-wav-txt/20220727_083000.WAV
413,LF,24000.0,1.2476648032352773,952.3735,952.3863,22890,29303,Nyctalus noctula,0.092,0.24,-1,Echolocation,250000,/home/adkris/Documents/mila-human-wav-txt/20220727_083000.WAV
414,LF,95040.0,0.9448455812296214,953.9665,954.0007,93359,110696,Rhinolophus hipposideros,0.097,0.097,-1,Echolocation,250000,/home/adkris/Documents/mila-human-wav-txt/20220727_083000.WAV
415,LF,32640.0,2.0214516584997897,963.7315,963.7435,29765,35658,Eptesicus serotinus,0.064,0.103,-1,Echolocation,250000,/home/adkris/Documents/mila-human-wav-txt/20220727_083000.WAV
416,HF,46080.0,2.9947290296881506,965.5545,965.5608,34062,45417,Barbastellus barbastellus,0.048,0.085,-1,Echolocation,250000,/home/adkris/Documents/mila-human-wav-txt/20220727_083000.WAV
417,LF,23040.0,2.2092480981782763,968.8135,968.8244,22031,28961,Nyctalus noctula,0.025,0.09,-1,Echolocation,250000,/home/adkris/Documents/mila-human-wav-txt/20220727_083000.WAV
418,HF,45120.0,2.316166629609306,973.0425,973.0535,38359,45635,Pipistrellus nathusii,0.038,0.102,-1,Echolocation,250000,/home/adkris/Documents/mila-human-wav-txt/20220727_083000.WAV
419,LF,34560.0,1.1464026819166215,973.1205,973.1308,34062,38784,Barbastellus barbastellus,0.068,0.196,-1,Echolocation,250000,/home/adkris/Documents/mila-human-wav-txt/20220727_083000.WAV
420,HF,44160.0,0.44781007838428766,973.6165,973.6297,40078,44643,Pipistrellus nathusii,0.075,0.085,-1,Echolocation,250000,/home/adkris/Documents/mila-human-wav-txt/20220727_083000.WAV
421,LF,29760.0,1.2701008835010896,977.8005,977.8123,28046,32690,Eptesicus serotinus,0.052,0.105,-1,Echolocation,250000,/home/adkris/Documents/mila-human-wav-txt/20220727_083000.WAV
422,LF,29760.0,1.2193710266525475,987.6545,987.6617,28046,42065,Plecotus auritus,0.038,0.089,-1,Echolocation,250000,/home/adkris/Documents/mila-human-wav-txt/20220727_083000.WAV
423,LF,23040.0,0.3116264886976438,988.5175,988.5376,22031,25880,Nyctalus noctula,0.068,0.153,-1,Echolocation,250000,/home/adkris/Documents/mila-human-wav-txt/20220727_083000.WAV
424,HF,47040.0,2.2543699660926326,990.9865,991.0,46093,50475,Pipistrellus pipistrellus,0.09,0.113,-1,Echolocation,250000,/home/adkris/Documents/mila-human-wav-txt/20220727_083000.WAV
425,LF,32640.0,0.047432494118932675,992.9235,992.9289,29765,39349,Plecotus auritus,0.054,0.104,-1,Echolocation,250000,/home/adkris/Documents/mila-human-wav-txt/20220727_083000.WAV
426,HF,41280.0,1.9969373590238644,995.4015,995.4129,38359,42271,Pipistrellus nathusii,0.062,0.087,-1,Echolocation,250000,/home/adkris/Documents/mila-human-wav-txt/20220727_083000.WAV
427,LF,22080.0,0.945176076325589,997.0545,997.0712,20312,23857,Nyctalus noctula,0.05,0.097,-1,Echolocation,250000,/home/adkris/Documents/mila-human-wav-txt/20220727_083000.WAV
428,HF,44160.0,1.8674467823795207,1001.5225,1001.5319,42656,48936,Pipistrellus nathusii,0.073,0.125,-1,Echolocation,250000,/home/adkris/Documents/mila-human-wav-txt/20220727_083000.WAV
429,LF,32640.0,1.895881622169742,1002.8095,1002.8181,30625,38776,Eptesicus serotinus,0.053,0.119,-1,Echolocation,250000,/home/adkris/Documents/mila-human-wav-txt/20220727_083000.WAV
430,LF,22080.0,0.2981369039713423,1006.0025,1006.0216,20312,24008,Nyctalus noctula,0.066,0.107,-1,Echolocation,250000,/home/adkris/Documents/mila-human-wav-txt/20220727_083000.WAV
431,LF,23040.0,0.5697108431975326,1012.5275,1012.5477,22031,24929,Nyctalus leisleri,0.058,0.107,-1,Echolocation,250000,/home/adkris/Documents/mila-human-wav-txt/20220727_083000.WAV
432,LF,24000.0,1.077520018795238,1014.4325,1014.4451,22890,26373,Nyctalus leisleri,0.048,0.089,-1,Echolocation,250000,/home/adkris/Documents/mila-human-wav-txt/20220727_083000.WAV
433,LF,95040.0,0.19333412610420625,1015.5345,1015.5677,93359,110329,Rhinolophus hipposideros,0.088,0.088,-1,Echolocation,250000,/home/adkris/Documents/mila-human-wav-txt/20220727_083000.WAV
434,LF,21120.0,0.0012631729509299887,1016.0015,1016.0203,21171,25656,Nyctalus leisleri,0.051,0.121,-1,Echolocation,250000,/home/adkris/Documents/mila-human-wav-txt/20220727_083000.WAV
435,HF,45120.0,5.8661143274150165,1018.9115,1018.9218,43515,46612,Pipistrellus pipistrellus,0.076,0.106,-1,Echolocation,250000,/home/adkris/Documents/mila-human-wav-txt/20220727_083000.WAV
436,HF,42240.0,0.7176956670114811,1024.4165,1024.4265,38359,42505,Pipistrellus nathusii,0.074,0.105,-1,Echolocation,250000,/home/adkris/Documents/mila-human-wav-txt/20220727_083000.WAV
437,LF,22080.0,0.08300222157696739,1026.0015,1026.0153,21171,25785,Nyctalus leisleri,0.049,0.087,-1,Echolocation,250000,/home/adkris/Documents/mila-human-wav-txt/20220727_083000.WAV
438,LF,23040.0,1.2997874808769234,1027.3385,1027.3555,22890,26814,Nyctalus leisleri,0.038,0.083,-1,Echolocation,250000,/home/adkris/Documents/mila-human-wav-txt/20220727_083000.WAV
439,LF,24000.0,0.16347737528459746,1027.6235,1027.6303,23750,33148,Plecotus austriacus,0.042,0.09,-1,Echolocation,250000,/home/adkris/Documents/mila-human-wav-txt/20220727_083000.WAV
440,LF,28800.0,0.515831251593198,1028.8105,1028.8211,27187,34647,Eptesicus serotinus,0.083,0.118,-1,Echolocation,250000,/home/adkris/Documents/mila-human-wav-txt/20220727_083000.WAV
441,LF,21120.0,0.34098939321890853,1028.8665,1028.8878,19453,22232,Nyctalus noctula,0.051,0.093,-1,Echolocation,250000,/home/adkris/Documents/mila-human-wav-txt/20220727_083000.WAV
442,HF,51840.0,1.363603267356446,1031.8545,1031.8674,50390,55296,Pipistrellus pipistrellus,0.085,0.152,-1,Echolocation,250000,/home/adkris/Documents/mila-human-wav-txt/20220727_083000.WAV
443,LF,95040.0,0.5130411280875521,1032.1425,1032.1749,93359,110906,Rhinolophus hipposideros,0.096,0.096,-1,Echolocation,250000,/home/adkris/Documents/mila-human-wav-txt/20220727_083000.WAV
444,HF,78720.0,0.391505476748946,1034.0015,1034.0342,68437,79566,Rhinolophus ferrumequinum,0.088,0.089,-1,Echolocation,250000,/home/adkris/Documents/mila-human-wav-txt/20220727_083000.WAV
445,HF,44160.0,2.666912345194702,1035.3195,1035.3282,43515,53958,Pipistrellus nathusii,0.042,0.082,-1,Echolocation,250000,/home/adkris/Documents/mila-human-wav-txt/20220727_083000.WAV
446,LF,21120.0,0.8186178618172836,1040.9495,1040.969,19453,22846,Nyctalus noctula,0.087,0.144,-1,Echolocation,250000,/home/adkris/Documents/mila-human-wav-txt/20220727_083000.WAV
447,LF,94080.0,0.6695474675693316,1042.8935,1042.928,93359,111727,Rhinolophus hipposideros,0.082,0.082,-1,Echolocation,250000,/home/adkris/Documents/mila-human-wav-txt/20220727_083000.WAV
448,LF,23040.0,0.5334983287725069,1044.4495,1044.4645,22031,27245,Nyctalus leisleri,0.047,0.112,-1,Echolocation,250000,/home/adkris/Documents/mila-human-wav-txt/20220727_083000.WAV
449,HF,46080.0,2.7153802056184926,1044.6425,1044.6528,42656,50360,Pipistrellus pipistrellus,0.041,0.08,-1,Echolocation,250000,/home/adkris/Documents/mila-human-wav-txt/20220727_083000.WAV
450,LF,20160.0,0.44830346354228534,1044.8375,1044.8446,15156,25644,Plecotus auritus,0.075,0.096,-1,Echolocation,250000,/home/adkris/Documents/mila-human-wav-txt/20220727_083000.WAV
451,HF,47040.0,1.2665886875231858,1045.4415,1045.4503,47812,56574,Pipistrellus pipistrellus,0.092,0.116,-1,Echolocation,250000,/home/adkris/Documents/mila-human-wav-txt/20220727_083000.WAV
452,LF,31680.0,1.4679555399423017,1047.5345,1047.5427,28046,36848,Eptesicus serotinus,0.044,0.096,-1,Echolocation,250000,/home/adkris/Documents/mila-human-wav-txt/20220727_083000.WAV
453,LF,31680.0,0.4203081490324167,1050.6025,1050.6108,28046,37330,Eptesicus serotinus,0.045,0.082,-1,Echolocation,250000,/home/adkris/Documents/mila-human-wav-txt/20220727_083000.WAV
454,HF,45120.0,1.9628915273902303,1051.2195,1051.232,44375,47140,Pipistrellus pipistrellus,0.099,0.114,-1,Echolocation,250000,/home/adkris/Documents/mila-human-wav-txt/20220727_083000.WAV
455,LF,33600.0,1.7968109169784516,1058.7545,1058.7674,30625,37403,Eptesicus serotinus,0.051,0.091,-1,Echolocation,250000,/home/adkris/Documents/mila-human-wav-txt/20220727_083000.WAV
456,HF,48960.0,1.3920899911449014,1059.5135,1059.5208,46953,52279,Pipistrellus pipistrellus,0.096,0.103,-1,Echolocation,250000,/home/adkris/Documents/mila-human-wav-txt/20220727_083000.WAV
457,LF,28800.0,0.3434308583912202,1060.1355,1060.147,28046,33463,Eptesicus serotinus,0.057,0.097,-1,Echolocation,250000,/home/adkris/Documents/mila-human-wav-txt/20220727_083000.WAV
458,LF,24000.0,3.3495314439269808,1060.6235,1060.6405,22890,27913,Nyctalus leisleri,0.139,0.275,-1,Echolocation,250000,/home/adkris/Documents/mila-human-wav-txt/20220727_083000.WAV
459,LF,24000.0,3.2193949111416416,1060.9235,1060.9392,23750,28408,Nyctalus leisleri,0.211,0.329,-1,Echolocation,250000,/home/adkris/Documents/mila-human-wav-txt/20220727_083000.WAV
460,LF,23040.0,0.48482642527148945,1062.0015,1062.0181,22031,27578,Nyctalus leisleri,0.047,0.117,-1,Echolocation,250000,/home/adkris/Documents/mila-human-wav-txt/20220727_083000.WAV
461,LF,31680.0,1.130672740487231,1064.9605,1064.9756,29765,35791,Eptesicus serotinus,0.066,0.089,-1,Echolocation,250000,/home/adkris/Documents/mila-human-wav-txt/20220727_083000.WAV
462,HF,49920.0,1.727262726998372,1065.0415,1065.0526,48671,52814,Pipistrellus pipistrellus,0.073,0.083,-1,Echolocation,250000,/home/adkris/Documents/mila-human-wav-txt/20220727_083000.WAV
463,LF,24000.0,2.6091560483274288,1066.0235,1066.0409,22890,27323,Nyctalus leisleri,0.059,0.119,-1,Echolocation,250000,/home/adkris/Documents/mila-human-wav-txt/20220727_083000.WAV
464,LF,23040.0,5.303832602569615,1066.7165,1066.7316,22031,25849,Nyctalus leisleri,0.324,0.499,-1,Echolocation,250000,/home/adkris/Documents/mila-human-wav-txt/20220727_083000.WAV
465,LF,23040.0,8.495384823308946,1067.0045,1067.0235,22031,26344,Nyctalus leisleri,0.397,0.501,-1,Echolocation,250000,/home/adkris/Documents/mila-human-wav-txt/20220727_083000.WAV
466,LF,23040.0,0.4175707226053182,1067.3965,1067.4112,22890,27129,Nyctalus leisleri,0.07,0.155,-1,Echolocation,250000,/home/adkris/Documents/mila-human-wav-txt/20220727_083000.WAV
467,LF,24000.0,2.8029070474960416,1067.7315,1067.752,22890,26433,Nyctalus leisleri,0.224,0.298,-1,Echolocation,250000,/home/adkris/Documents/mila-human-wav-txt/20220727_083000.WAV
468,LF,31680.0,2.730020572336013,1067.8725,1067.8775,28046,40410,Plecotus auritus,0.03,0.088,-1,Echolocation,250000,/home/adkris/Documents/mila-human-wav-txt/20220727_083000.WAV
469,LF,23040.0,2.6425759506215645,1068.0135,1068.0355,22031,25896,Nyctalus noctula,0.163,0.288,-1,Echolocation,250000,/home/adkris/Documents/mila-human-wav-txt/20220727_083000.WAV
470,LF,24000.0,3.0676906431000326,1068.2405,1068.2575,22890,26277,Nyctalus leisleri,0.309,0.38,-1,Echolocation,250000,/home/adkris/Documents/mila-human-wav-txt/20220727_083000.WAV
471,LF,24960.0,1.5286433431506579,1068.4515,1068.4644,23750,28902,Nyctalus leisleri,0.389,0.586,-1,Echolocation,250000,/home/adkris/Documents/mila-human-wav-txt/20220727_083000.WAV
472,LF,23040.0,3.9427228165226995,1069.3565,1069.3721,22031,26149,Nyctalus leisleri,0.297,0.474,-1,Echolocation,250000,/home/adkris/Documents/mila-human-wav-txt/20220727_083000.WAV
473,LF,24000.0,0.7987597273543885,1070.9735,1070.9854,24609,29178,Nyctalus leisleri,0.067,0.173,-1,Echolocation,250000,/home/adkris/Documents/mila-human-wav-txt/20220727_083000.WAV
474,LF,31680.0,1.047032563973105,1074.6665,1074.676,28046,34689,Eptesicus serotinus,0.066,0.109,-1,Echolocation,250000,/home/adkris/Documents/mila-human-wav-txt/20220727_083000.WAV
475,LF,23040.0,0.6715931717188734,1075.4445,1075.4599,22890,27161,Nyctalus leisleri,0.057,0.122,-1,Echolocation,250000,/home/adkris/Documents/mila-human-wav-txt/20220727_083000.WAV
476,LF,23040.0,3.3045002541359474,1077.8445,1077.8651,22031,25228,Nyctalus leisleri,0.251,0.309,-1,Echolocation,250000,/home/adkris/Documents/mila-human-wav-txt/20220727_083000.WAV
477,LF,24000.0,0.8281450418071437,1078.0015,1078.0167,22031,25863,Nyctalus leisleri,0.094,0.12,-1,Echolocation,250000,/home/adkris/Documents/mila-human-wav-txt/20220727_083000.WAV
478,HF,73920.0,0.6471313939411778,1078.0015,1078.0387,68437,80457,Rhinolophus ferrumequinum,0.105,0.106,-1,Echolocation,250000,/home/adkris/Documents/mila-human-wav-txt/20220727_083000.WAV
479,HF,46080.0,2.695225219170771,1078.5405,1078.553,43515,48472,Pipistrellus pipistrellus,0.067,0.081,-1,Echolocation,250000,/home/adkris/Documents/mila-human-wav-txt/20220727_083000.WAV
480,LF,24000.0,4.362648570163134,1078.5425,1078.5616,22890,27240,Nyctalus leisleri,0.184,0.324,-1,Echolocation,250000,/home/adkris/Documents/mila-human-wav-txt/20220727_083000.WAV
481,LF,27840.0,0.6487695057229764,1078.7955,1078.8111,26328,29934,Nyctalus leisleri,0.08,0.143,-1,Echolocation,250000,/home/adkris/Documents/mila-human-wav-txt/20220727_083000.WAV
482,LF,36480.0,1.1107947142676584,1078.8705,1078.8804,31484,38116,Eptesicus serotinus,0.031,0.081,-1,Echolocation,250000,/home/adkris/Documents/mila-human-wav-txt/20220727_083000.WAV
483,HF,45120.0,2.0632680185392775,1079.8695,1079.8805,43515,45476,Pipistrellus pipistrellus,0.082,0.098,-1,Echolocation,250000,/home/adkris/Documents/mila-human-wav-txt/20220727_083000.WAV
484,LF,24000.0,2.4718802629570744,1080.3885,1080.4121,23750,27569,Nyctalus leisleri,0.048,0.101,-1,Echolocation,250000,/home/adkris/Documents/mila-human-wav-txt/20220727_083000.WAV
485,LF,24960.0,1.4973896472496881,1082.2945,1082.3088,23750,28156,Nyctalus leisleri,0.416,0.545,-1,Echolocation,250000,/home/adkris/Documents/mila-human-wav-txt/20220727_083000.WAV
486,HF,41280.0,2.356695774769233,1085.3385,1085.3475,39218,45226,Pipistrellus nathusii,0.356,0.481,-1,Echolocation,250000,/home/adkris/Documents/mila-human-wav-txt/20220727_083000.WAV
487,HF,44160.0,4.470327920878884,1085.4375,1085.4443,40937,49440,Pipistrellus nathusii,0.443,0.508,-1,Echolocation,250000,/home/adkris/Documents/mila-human-wav-txt/20220727_083000.WAV
488,LF,24960.0,2.334611226862454,1088.7515,1088.7658,22890,29060,Nyctalus leisleri,0.221,0.527,-1,Echolocation,250000,/home/adkris/Documents/mila-human-wav-txt/20220727_083000.WAV
489,LF,24960.0,1.0773064894885582,1089.0505,1089.0631,24609,30445,Nyctalus leisleri,0.074,0.151,-1,Echolocation,250000,/home/adkris/Documents/mila-human-wav-txt/20220727_083000.WAV
490,LF,24000.0,1.9311179145834199,1089.0625,1089.0835,22890,24989,Nyctalus leisleri,0.089,0.114,-1,Echolocation,250000,/home/adkris/Documents/mila-human-wav-txt/20220727_083000.WAV
491,LF,24000.0,7.464084909238979,1089.3525,1089.3686,22031,26996,Nyctalus leisleri,0.489,0.599,-1,Echolocation,250000,/home/adkris/Documents/mila-human-wav-txt/20220727_083000.WAV
492,LF,24000.0,7.255839455113737,1089.6455,1089.6655,22031,28025,Nyctalus leisleri,0.146,0.421,-1,Echolocation,250000,/home/adkris/Documents/mila-human-wav-txt/20220727_083000.WAV
493,LF,24000.0,6.062670362347716,1090.3485,1090.3684,22031,27480,Nyctalus leisleri,0.184,0.443,-1,Echolocation,250000,/home/adkris/Documents/mila-human-wav-txt/20220727_083000.WAV
494,LF,94080.0,0.5451758755911553,1091.4275,1091.4579,93359,110659,Rhinolophus hipposideros,0.081,0.081,-1,Echolocation,250000,/home/adkris/Documents/mila-human-wav-txt/20220727_083000.WAV
495,HF,76800.0,0.15523657674793984,1098.4065,1098.4416,68437,81223,Rhinolophus ferrumequinum,0.085,0.085,-1,Echolocation,250000,/home/adkris/Documents/mila-human-wav-txt/20220727_083000.WAV
496,LF,24000.0,4.0913002430160175,1099.9605,1099.9743,23750,28932,Nyctalus leisleri,0.436,0.603,-1,Echolocation,250000,/home/adkris/Documents/mila-human-wav-txt/20220727_083000.WAV
497,LF,24000.0,3.2075733047452197,1100.2455,1100.2606,22890,28277,Nyctalus leisleri,0.329,0.524,-1,Echolocation,250000,/home/adkris/Documents/mila-human-wav-txt/20220727_083000.WAV
498,HF,39360.0,2.7215771067343946,1100.8385,1100.8443,34921,42611,Barbastellus barbastellus,0.062,0.086,-1,Echolocation,250000,/home/adkris/Documents/mila-human-wav-txt/20220727_083000.WAV
499,LF,22080.0,1.1324710202870838,1102.9045,1102.9247,21171,25102,Nyctalus noctula,0.101,0.159,-1,Echolocation,250000,/home/adkris/Documents/mila-human-wav-txt/20220727_083000.WAV
500,HF,56640.0,3.0886778555576204,1106.0215,1106.0289,56406,61580,Pipistrellus pygmaeus,0.092,0.093,-1,Echolocation,250000,/home/adkris/Documents/mila-human-wav-txt/20220727_083000.WAV
501,LF,24000.0,1.8287773618193603,1106.5205,1106.5362,22890,26369,Nyctalus leisleri,0.046,0.083,-1,Echolocation,250000,/home/adkris/Documents/mila-human-wav-txt/20220727_083000.WAV
502,LF,25920.0,0.6831765922529784,1109.6435,1109.6535,26328,32779,Eptesicus serotinus,0.049,0.102,-1,Echolocation,250000,/home/adkris/Documents/mila-human-wav-txt/20220727_083000.WAV
503,LF,26880.0,0.8785823657583351,1110.2665,1110.2777,26328,31581,Nyctalus leisleri,0.046,0.089,-1,Echolocation,250000,/home/adkris/Documents/mila-human-wav-txt/20220727_083000.WAV
504,LF,22080.0,0.13587689298881234,1112.3805,1112.3923,22031,28283,Nyctalus noctula,0.026,0.081,-1,Echolocation,250000,/home/adkris/Documents/mila-human-wav-txt/20220727_083000.WAV
505,LF,30720.0,1.4420594328729432,1112.5605,1112.5707,30625,36995,Eptesicus serotinus,0.049,0.081,-1,Echolocation,250000,/home/adkris/Documents/mila-human-wav-txt/20220727_083000.WAV
506,LF,32640.0,1.8937871082731195,1113.0905,1113.096,28046,41077,Plecotus auritus,0.037,0.092,-1,Echolocation,250000,/home/adkris/Documents/mila-human-wav-txt/20220727_083000.WAV
507,LF,34560.0,1.9212047987719414,1115.7325,1115.7422,32343,37676,Barbastellus barbastellus,0.039,0.092,-1,Echolocation,250000,/home/adkris/Documents/mila-human-wav-txt/20220727_083000.WAV
508,LF,24000.0,1.8367206205192534,1118.2955,1118.3146,22890,25684,Nyctalus leisleri,0.072,0.106,-1,Echolocation,250000,/home/adkris/Documents/mila-human-wav-txt/20220727_083000.WAV
509,LF,23040.0,0.910218287013,1118.4405,1118.4539,22890,29606,Nyctalus noctula,0.053,0.144,-1,Echolocation,250000,/home/adkris/Documents/mila-human-wav-txt/20220727_083000.WAV
510,LF,24000.0,1.6494671954029096,1120.1825,1120.2017,22890,27146,Nyctalus leisleri,0.145,0.257,-1,Echolocation,250000,/home/adkris/Documents/mila-human-wav-txt/20220727_083000.WAV
511,LF,24000.0,0.8382897536690463,1121.1215,1121.129,22890,32816,Plecotus austriacus,0.032,0.097,-1,Echolocation,250000,/home/adkris/Documents/mila-human-wav-txt/20220727_083000.WAV
512,LF,24960.0,1.3973527496746692,1123.7285,1123.7395,24609,29276,Nyctalus leisleri,0.036,0.081,-1,Echolocation,250000,/home/adkris/Documents/mila-human-wav-txt/20220727_083000.WAV
513,LF,23040.0,0.059503075567566496,1127.3935,1127.414,22890,26291,Nyctalus leisleri,0.068,0.12,-1,Echolocation,250000,/home/adkris/Documents/mila-human-wav-txt/20220727_083000.WAV
514,LF,29760.0,0.6661932500128437,1133.0935,1133.1033,28046,35700,Eptesicus serotinus,0.071,0.102,-1,Echolocation,250000,/home/adkris/Documents/mila-human-wav-txt/20220727_083000.WAV
515,LF,24000.0,1.2577692285209363,1133.1065,1133.121,22890,27797,Nyctalus leisleri,0.18,0.364,-1,Echolocation,250000,/home/adkris/Documents/mila-human-wav-txt/20220727_083000.WAV
516,LF,24000.0,6.164649211754392,1134.1085,1134.1287,22890,27105,Nyctalus leisleri,0.205,0.319,-1,Echolocation,250000,/home/adkris/Documents/mila-human-wav-txt/20220727_083000.WAV
517,LF,24960.0,2.6135501684412503,1134.6305,1134.6496,23750,28523,Nyctalus noctula,0.05,0.132,-1,Echolocation,250000,/home/adkris/Documents/mila-human-wav-txt/20220727_083000.WAV
518,LF,95040.0,0.4873967836807925,1135.8795,1135.913,93359,110994,Rhinolophus hipposideros,0.089,0.089,-1,Echolocation,250000,/home/adkris/Documents/mila-human-wav-txt/20220727_083000.WAV
519,HF,50880.0,0.35503050688404936,1137.6165,1137.6314,49531,53397,Pipistrellus pipistrellus,0.06,0.097,-1,Echolocation,250000,/home/adkris/Documents/mila-human-wav-txt/20220727_083000.WAV
520,LF,23040.0,0.417010125922479,1137.9635,1137.9803,22890,26214,Nyctalus leisleri,0.052,0.094,-1,Echolocation,250000,/home/adkris/Documents/mila-human-wav-txt/20220727_083000.WAV
521,LF,24000.0,2.876073572543759,1138.3165,1138.33,23750,28871,Nyctalus leisleri,0.329,0.518,-1,Echolocation,250000,/home/adkris/Documents/mila-human-wav-txt/20220727_083000.WAV
522,LF,24960.0,2.5388546745802723,1138.8535,1138.8707,22890,26682,Nyctalus leisleri,0.071,0.128,-1,Echolocation,250000,/home/adkris/Documents/mila-human-wav-txt/20220727_083000.WAV
523,LF,28800.0,2.3467077247820063,1139.8015,1139.8108,27187,36620,Eptesicus serotinus,0.065,0.102,-1,Echolocation,250000,/home/adkris/Documents/mila-human-wav-txt/20220727_083000.WAV
524,HF,52800.0,1.8861294474764734,1142.3475,1142.3573,52109,56192,Pipistrellus pygmaeus,0.099,0.119,-1,Echolocation,250000,/home/adkris/Documents/mila-human-wav-txt/20220727_083000.WAV
525,HF,41280.0,0.11228847244833068,1143.7415,1143.7584,40937,43791,Pipistrellus nathusii,0.063,0.085,-1,Echolocation,250000,/home/adkris/Documents/mila-human-wav-txt/20220727_083000.WAV
526,HF,46080.0,2.5196207538280375,1145.8675,1145.8741,45234,50665,Pipistrellus pipistrellus,0.166,0.175,-1,Echolocation,250000,/home/adkris/Documents/mila-human-wav-txt/20220727_083000.WAV
527,LF,24000.0,1.2680414602709147,1149.2815,1149.2969,23750,28310,Nyctalus leisleri,0.047,0.086,-1,Echolocation,250000,/home/adkris/Documents/mila-human-wav-txt/20220727_083000.WAV
528,LF,26880.0,0.625093386785263,1150.3145,1150.3281,26328,31637,Eptesicus serotinus,0.056,0.11,-1,Echolocation,250000,/home/adkris/Documents/mila-human-wav-txt/20220727_083000.WAV
529,HF,62400.0,2.283624898023711,1155.7085,1155.7157,59843,65171,Pipistrellus pygmaeus,0.107,0.108,-1,Echolocation,250000,/home/adkris/Documents/mila-human-wav-txt/20220727_083000.WAV
530,HF,52800.0,1.2790453655178924,1160.3015,1160.308,50390,57316,Pipistrellus pipistrellus,0.104,0.114,-1,Echolocation,250000,/home/adkris/Documents/mila-human-wav-txt/20220727_083000.WAV
531,LF,24000.0,2.609663422323927,1160.3785,1160.3951,22890,27117,Nyctalus leisleri,0.084,0.172,-1,Echolocation,250000,/home/adkris/Documents/mila-human-wav-txt/20220727_083000.WAV
532,LF,24000.0,2.750378051748882,1164.3045,1164.3224,22890,26766,Nyctalus leisleri,0.251,0.349,-1,Echolocation,250000,/home/adkris/Documents/mila-human-wav-txt/20220727_083000.WAV
533,LF,24000.0,1.2565652595736452,1164.5795,1164.5905,23750,29585,Nyctalus leisleri,0.036,0.097,-1,Echolocation,250000,/home/adkris/Documents/mila-human-wav-txt/20220727_083000.WAV
534,LF,23040.0,0.10263859089331667,1167.6625,1167.6836,21171,24067,Nyctalus noctula,0.046,0.098,-1,Echolocation,250000,/home/adkris/Documents/mila-human-wav-txt/20220727_083000.WAV
535,LF,25920.0,2.0143875111165768,1169.7415,1169.7566,23750,28920,Nyctalus leisleri,0.065,0.16,-1,Echolocation,250000,/home/adkris/Documents/mila-human-wav-txt/20220727_083000.WAV
536,LF,25920.0,3.2808296731780615,1170.2795,1170.2914,23750,27721,Eptesicus serotinus,0.087,0.213,-1,Echolocation,250000,/home/adkris/Documents/mila-human-wav-txt/20220727_083000.WAV
537,LF,24000.0,1.7113412986126317,1173.0295,1173.0466,22031,26414,Nyctalus noctula,0.1,0.216,-1,Echolocation,250000,/home/adkris/Documents/mila-human-wav-txt/20220727_083000.WAV
538,LF,95040.0,0.23481960801441326,1178.0015,1178.0313,93359,112539,Rhinolophus hipposideros,0.116,0.116,-1,Echolocation,250000,/home/adkris/Documents/mila-human-wav-txt/20220727_083000.WAV
539,LF,24000.0,1.3136907783845742,1178.2615,1178.2768,23750,28417,Nyctalus leisleri,0.043,0.089,-1,Echolocation,250000,/home/adkris/Documents/mila-human-wav-txt/20220727_083000.WAV
540,LF,30720.0,0.6686653157207622,1194.0895,1194.0961,28046,36465,Plecotus auritus,0.039,0.122,-1,Echolocation,250000,/home/adkris/Documents/mila-human-wav-txt/20220727_083000.WAV
541,HF,75840.0,0.018498451811959464,1198.0015,1198.0355,68437,80569,Rhinolophus ferrumequinum,0.08,0.081,-1,Echolocation,250000,/home/adkris/Documents/mila-human-wav-txt/20220727_083000.WAV
542,LF,24000.0,1.4167440481453142,1198.2975,1198.3116,22890,26613,Nyctalus leisleri,0.053,0.095,-1,Echolocation,250000,/home/adkris/Documents/mila-human-wav-txt/20220727_083000.WAV
543,HF,32640.0,1.4317490599702885,1198.5035,1198.509,28906,51136,Plecotus auritus,0.028,0.113,-1,Echolocation,250000,/home/adkris/Documents/mila-human-wav-txt/20220727_083000.WAV
544,LF,24960.0,0.7392377936028411,1199.0865,1199.0911,23750,38059,Plecotus austriacus,0.058,0.107,-1,Echolocation,250000,/home/adkris/Documents/mila-human-wav-txt/20220727_083000.WAV
545,HF,45120.0,1.0650344868144708,1199.2865,1199.2964,39218,45177,Pipistrellus nathusii,0.07,0.084,-1,Echolocation,250000,/home/adkris/Documents/mila-human-wav-txt/20220727_083000.WAV
546,LF,28800.0,0.9631345935332182,1200.1135,1200.127,28046,33199,Eptesicus serotinus,0.084,0.166,-1,Echolocation,250000,/home/adkris/Documents/mila-human-wav-txt/20220727_083000.WAV
547,LF,36480.0,1.612452098571307,1202.7605,1202.772,34062,39218,Pipistrellus nathusii,0.073,0.144,-1,Echolocation,250000,/home/adkris/Documents/mila-human-wav-txt/20220727_083000.WAV
548,LF,95040.0,0.747975240397035,1203.0185,1203.0533,93359,110309,Rhinolophus hipposideros,0.082,0.082,-1,Echolocation,250000,/home/adkris/Documents/mila-human-wav-txt/20220727_083000.WAV
549,LF,26880.0,1.045246283368876,1205.9775,1205.9861,27187,35675,Eptesicus serotinus,0.085,0.141,-1,Echolocation,250000,/home/adkris/Documents/mila-human-wav-txt/20220727_083000.WAV
550,LF,20160.0,1.4603852872435947,1212.2725,1212.2945,16875,19767,Nyctalus noctula,0.096,0.128,-1,Echolocation,250000,/home/adkris/Documents/mila-human-wav-txt/20220727_083000.WAV
551,LF,95040.0,0.1274234619300344,1217.3765,1217.408,93359,110063,Rhinolophus hipposideros,0.082,0.082,-1,Echolocation,250000,/home/adkris/Documents/mila-human-wav-txt/20220727_083000.WAV
552,LF,27840.0,0.6495110893867779,1218.9865,1218.9919,25468,39780,Plecotus auritus,0.041,0.082,-1,Echolocation,250000,/home/adkris/Documents/mila-human-wav-txt/20220727_083000.WAV
553,HF,45120.0,1.697600609505153,1221.9445,1221.9527,43515,49230,Pipistrellus pipistrellus,0.089,0.098,-1,Echolocation,250000,/home/adkris/Documents/mila-human-wav-txt/20220727_083000.WAV
554,HF,28800.0,2.0249051403858855,1222.9275,1222.9325,28906,43847,Plecotus auritus,0.102,0.228,-1,Echolocation,250000,/home/adkris/Documents/mila-human-wav-txt/20220727_083000.WAV
555,LF,94080.0,0.07379289563374371,1223.2905,1223.3219,93359,110265,Rhinolophus hipposideros,0.084,0.084,-1,Echolocation,250000,/home/adkris/Documents/mila-human-wav-txt/20220727_083000.WAV
556,LF,22080.0,1.6249871052998832,1223.5295,1223.547,20312,23969,Nyctalus noctula,0.066,0.125,-1,Echolocation,250000,/home/adkris/Documents/mila-human-wav-txt/20220727_083000.WAV
557,LF,95040.0,0.45744048708455215,1224.9175,1224.9498,93359,109857,Rhinolophus hipposideros,0.101,0.101,-1,Echolocation,250000,/home/adkris/Documents/mila-human-wav-txt/20220727_083000.WAV
558,LF,24000.0,1.695104366320018,1226.6115,1226.6224,24609,31254,Nyctalus leisleri,0.033,0.091,-1,Echolocation,250000,/home/adkris/Documents/mila-human-wav-txt/20220727_083000.WAV
559,HF,42240.0,1.2064591695296285,1229.2975,1229.3037,38359,45766,Barbastellus barbastellus,0.076,0.093,-1,Echolocation,250000,/home/adkris/Documents/mila-human-wav-txt/20220727_083000.WAV
560,LF,27840.0,1.9086982452246675,1233.9685,1233.9774,27187,34309,Eptesicus serotinus,0.049,0.096,-1,Echolocation,250000,/home/adkris/Documents/mila-human-wav-txt/20220727_083000.WAV
561,HF,51840.0,1.0686430189367937,1234.8455,1234.8556,50390,54988,Pipistrellus pipistrellus,0.165,0.201,-1,Echolocation,250000,/home/adkris/Documents/mila-human-wav-txt/20220727_083000.WAV
562,LF,24960.0,2.100365699671414,1236.0565,1236.0608,25468,42823,Plecotus austriacus,0.033,0.081,-1,Echolocation,250000,/home/adkris/Documents/mila-human-wav-txt/20220727_083000.WAV
563,HF,48000.0,2.741939727636924,1238.0625,1238.0688,47812,55298,Pipistrellus pipistrellus,0.102,0.109,-1,Echolocation,250000,/home/adkris/Documents/mila-human-wav-txt/20220727_083000.WAV
564,HF,44160.0,1.6568003819804296,1244.0735,1244.0905,42656,46687,Pipistrellus nathusii,0.056,0.11,-1,Echolocation,250000,/home/adkris/Documents/mila-human-wav-txt/20220727_083000.WAV
565,LF,27840.0,2.2714447622127603,1244.1005,1244.1091,26328,32905,Eptesicus serotinus,0.094,0.184,-1,Echolocation,250000,/home/adkris/Documents/mila-human-wav-txt/20220727_083000.WAV
566,LF,95040.0,0.14440379964084635,1244.3245,1244.3601,93359,111509,Rhinolophus hipposideros,0.094,0.094,-1,Echolocation,250000,/home/adkris/Documents/mila-human-wav-txt/20220727_083000.WAV
567,HF,42240.0,2.8062464205026383,1244.8885,1244.8979,40078,46257,Barbastellus barbastellus,0.043,0.112,-1,Echolocation,250000,/home/adkris/Documents/mila-human-wav-txt/20220727_083000.WAV
568,LF,20160.0,0.805484925335064,1248.6785,1248.6892,14296,19549,Nyctalus noctula,0.052,0.088,-1,Echolocation,250000,/home/adkris/Documents/mila-human-wav-txt/20220727_083000.WAV
569,HF,72960.0,0.20366314806168181,1249.0245,1249.0638,68437,81725,Rhinolophus ferrumequinum,0.082,0.082,-1,Echolocation,250000,/home/adkris/Documents/mila-human-wav-txt/20220727_083000.WAV
570,LF,24000.0,2.9909238217502883,1250.3055,1250.3197,23750,28858,Nyctalus leisleri,0.132,0.283,-1,Echolocation,250000,/home/adkris/Documents/mila-human-wav-txt/20220727_083000.WAV
571,LF,30720.0,1.782035262428849,1252.0255,1252.0355,28046,33298,Eptesicus serotinus,0.047,0.09,-1,Echolocation,250000,/home/adkris/Documents/mila-human-wav-txt/20220727_083000.WAV
572,LF,23040.0,1.252376518429815,1253.3785,1253.3957,22031,24792,Nyctalus leisleri,0.054,0.098,-1,Echolocation,250000,/home/adkris/Documents/mila-human-wav-txt/20220727_083000.WAV
573,LF,20160.0,1.5786370180653622,1255.3415,1255.3458,14296,34225,Plecotus auritus,0.063,0.085,-1,Echolocation,250000,/home/adkris/Documents/mila-human-wav-txt/20220727_083000.WAV
574,LF,26880.0,1.0337859412468589,1257.3175,1257.3302,25468,30700,Nyctalus leisleri,0.126,0.265,-1,Echolocation,250000,/home/adkris/Documents/mila-human-wav-txt/20220727_083000.WAV
575,LF,35520.0,0.03861840856588194,1257.7805,1257.7929,34062,37590,Pipistrellus nathusii,0.106,0.208,-1,Echolocation,250000,/home/adkris/Documents/mila-human-wav-txt/20220727_083000.WAV
576,HF,40320.0,0.23490267886458038,1259.3595,1259.3704,38359,42323,Pipistrellus nathusii,0.103,0.128,-1,Echolocation,250000,/home/adkris/Documents/mila-human-wav-txt/20220727_083000.WAV
577,LF,35520.0,1.9935431195354876,1263.4005,1263.4133,35781,39494,Pipistrellus nathusii,0.056,0.101,-1,Echolocation,250000,/home/adkris/Documents/mila-human-wav-txt/20220727_083000.WAV
578,LF,27840.0,0.8899500682025039,1263.7245,1263.7402,27187,31740,Eptesicus serotinus,0.071,0.132,-1,Echolocation,250000,/home/adkris/Documents/mila-human-wav-txt/20220727_083000.WAV
579,LF,24000.0,0.4065731294051142,1267.7575,1267.7782,22890,26024,Nyctalus leisleri,0.115,0.171,-1,Echolocation,250000,/home/adkris/Documents/mila-human-wav-txt/20220727_083000.WAV
580,HF,48000.0,1.1379803620081244,1270.9135,1270.9197,47812,60331,Pipistrellus pipistrellus,0.089,0.104,-1,Echolocation,250000,/home/adkris/Documents/mila-human-wav-txt/20220727_083000.WAV
581,HF,44160.0,2.531854732045726,1271.1795,1271.1898,42656,50190,Pipistrellus pipistrellus,0.042,0.08,-1,Echolocation,250000,/home/adkris/Documents/mila-human-wav-txt/20220727_083000.WAV
582,HF,42240.0,3.114338024436049,1273.0065,1273.0179,36640,41717,Pipistrellus nathusii,0.062,0.111,-1,Echolocation,250000,/home/adkris/Documents/mila-human-wav-txt/20220727_083000.WAV
583,HF,39360.0,3.0113723382137687,1274.4455,1274.4562,37500,40862,Pipistrellus nathusii,0.084,0.109,-1,Echolocation,250000,/home/adkris/Documents/mila-human-wav-txt/20220727_083000.WAV
584,LF,27840.0,0.3280622155310919,1274.7555,1274.7683,27187,32230,Eptesicus serotinus,0.058,0.102,-1,Echolocation,250000,/home/adkris/Documents/mila-human-wav-txt/20220727_083000.WAV
585,LF,24000.0,0.21721869407403355,1275.5855,1275.5985,22890,27743,Nyctalus leisleri,0.074,0.16,-1,Echolocation,250000,/home/adkris/Documents/mila-human-wav-txt/20220727_083000.WAV
586,LF,28800.0,1.765658159581056,1275.6985,1275.7053,28046,37225,Eptesicus serotinus,0.033,0.096,-1,Echolocation,250000,/home/adkris/Documents/mila-human-wav-txt/20220727_083000.WAV
587,LF,95040.0,0.6624725483291148,1276.5395,1276.575,93359,111445,Rhinolophus hipposideros,0.099,0.099,-1,Echolocation,250000,/home/adkris/Documents/mila-human-wav-txt/20220727_083000.WAV
588,HF,24960.0,0.0835567061624491,1278.6995,1278.7038,24609,46473,Plecotus austriacus,0.059,0.125,-1,Echolocation,250000,/home/adkris/Documents/mila-human-wav-txt/20220727_083000.WAV
589,LF,26880.0,0.48445865829228,1279.0765,1279.0817,24609,42221,Plecotus austriacus,0.043,0.086,-1,Echolocation,250000,/home/adkris/Documents/mila-human-wav-txt/20220727_083000.WAV
590,HF,49920.0,0.5675800118664052,1279.5145,1279.5257,48671,52982,Pipistrellus pipistrellus,0.083,0.097,-1,Echolocation,250000,/home/adkris/Documents/mila-human-wav-txt/20220727_083000.WAV
591,LF,24000.0,1.2904842860560044,1279.5975,1279.6117,22890,26112,Nyctalus leisleri,0.081,0.131,-1,Echolocation,250000,/home/adkris/Documents/mila-human-wav-txt/20220727_083000.WAV
592,LF,26880.0,1.5685890456411453,1280.6185,1280.6305,26328,30408,Nyctalus leisleri,0.047,0.101,-1,Echolocation,250000,/home/adkris/Documents/mila-human-wav-txt/20220727_083000.WAV
593,HF,72960.0,0.15785566623256156,1282.0015,1282.0367,68437,79333,Rhinolophus ferrumequinum,0.08,0.081,-1,Echolocation,250000,/home/adkris/Documents/mila-human-wav-txt/20220727_083000.WAV
594,LF,25920.0,0.8459414008608517,1282.9165,1282.9297,25468,30398,Eptesicus serotinus,0.039,0.094,-1,Echolocation,250000,/home/adkris/Documents/mila-human-wav-txt/20220727_083000.WAV
595,LF,30720.0,2.4471234594654154,1287.8215,1287.8305,27187,34897,Eptesicus serotinus,0.052,0.094,-1,Echolocation,250000,/home/adkris/Documents/mila-human-wav-txt/20220727_083000.WAV
596,HF,47040.0,1.6806198901033274,1288.3605,1288.3715,46093,49042,Pipistrellus pipistrellus,0.075,0.089,-1,Echolocation,250000,/home/adkris/Documents/mila-human-wav-txt/20220727_083000.WAV
597,HF,72960.0,0.3374784804353882,1290.4845,1290.523,68437,82513,Rhinolophus ferrumequinum,0.1,0.1,-1,Echolocation,250000,/home/adkris/Documents/mila-human-wav-txt/20220727_083000.WAV
598,LF,24000.0,2.026704429460224,1291.5615,1291.5751,22890,27405,Nyctalus leisleri,0.051,0.1,-1,Echolocation,250000,/home/adkris/Documents/mila-human-wav-txt/20220727_083000.WAV
599,LF,95040.0,0.43191745659109554,1293.4515,1293.4856,93359,111312,Rhinolophus hipposideros,0.1,0.1,-1,Echolocation,250000,/home/adkris/Documents/mila-human-wav-txt/20220727_083000.WAV
600,LF,30720.0,1.602721823143238,1296.2745,1296.2865,28906,34951,Eptesicus serotinus,0.061,0.101,-1,Echolocation,250000,/home/adkris/Documents/mila-human-wav-txt/20220727_083000.WAV
601,HF,51840.0,1.9313810373072915,1296.5135,1296.5226,48671,56006,Pipistrellus pipistrellus,0.07,0.083,-1,Echolocation,250000,/home/adkris/Documents/mila-human-wav-txt/20220727_083000.WAV
602,LF,31680.0,0.38552084225708905,1296.6025,1296.6153,29765,35527,Eptesicus serotinus,0.08,0.131,-1,Echolocation,250000,/home/adkris/Documents/mila-human-wav-txt/20220727_083000.WAV
603,HF,48960.0,1.720252487399353,1301.1125,1301.12,47812,51977,Pipistrellus pipistrellus,0.183,0.2,-1,Echolocation,250000,/home/adkris/Documents/mila-human-wav-txt/20220727_083000.WAV
604,HF,45120.0,0.24350018060599327,1303.2875,1303.2926,27187,48503,Plecotus auritus,0.04,0.083,-1,Echolocation,250000,/home/adkris/Documents/mila-human-wav-txt/20220727_083000.WAV
605,HF,39360.0,1.1243179858803538,1306.9755,1306.9871,37500,41501,Pipistrellus nathusii,0.177,0.224,-1,Echolocation,250000,/home/adkris/Documents/mila-human-wav-txt/20220727_083000.WAV
606,LF,94080.0,0.3661891837664136,1308.7385,1308.7726,93359,110968,Rhinolophus hipposideros,0.087,0.087,-1,Echolocation,250000,/home/adkris/Documents/mila-human-wav-txt/20220727_083000.WAV
607,LF,94080.0,0.5756034220095329,1311.4055,1311.4383,93359,111044,Rhinolophus hipposideros,0.099,0.099,-1,Echolocation,250000,/home/adkris/Documents/mila-human-wav-txt/20220727_083000.WAV
608,LF,22080.0,1.1658011188584327,1313.6435,1313.6608,19453,23580,Nyctalus noctula,0.049,0.083,-1,Echolocation,250000,/home/adkris/Documents/mila-human-wav-txt/20220727_083000.WAV
609,LF,25920.0,1.2569920512856165,1315.1565,1315.1617,26328,37050,Plecotus auritus,0.042,0.082,-1,Echolocation,250000,/home/adkris/Documents/mila-human-wav-txt/20220727_083000.WAV
610,LF,32640.0,0.907606323484347,1315.7125,1315.7213,28046,36907,Eptesicus serotinus,0.059,0.093,-1,Echolocation,250000,/home/adkris/Documents/mila-human-wav-txt/20220727_083000.WAV
611,HF,40320.0,1.0765462476120398,1316.1355,1316.1475,39218,42205,Pipistrellus nathusii,0.083,0.09,-1,Echolocation,250000,/home/adkris/Documents/mila-human-wav-txt/20220727_083000.WAV
612,LF,23040.0,1.2279302977189814,1316.3515,1316.37,22890,27365,Nyctalus leisleri,0.066,0.155,-1,Echolocation,250000,/home/adkris/Documents/mila-human-wav-txt/20220727_083000.WAV
613,LF,23040.0,0.9205792406373005,1322.0015,1322.0186,21171,25856,Nyctalus leisleri,0.072,0.155,-1,Echolocation,250000,/home/adkris/Documents/mila-human-wav-txt/20220727_083000.WAV
614,HF,44160.0,1.1599631864320057,1322.8905,1322.899,40937,44150,Pipistrellus nathusii,0.114,0.14,-1,Echolocation,250000,/home/adkris/Documents/mila-human-wav-txt/20220727_083000.WAV
615,HF,46080.0,3.7460865736624553,1329.5375,1329.5466,43515,47619,Pipistrellus pipistrellus,0.099,0.127,-1,Echolocation,250000,/home/adkris/Documents/mila-human-wav-txt/20220727_083000.WAV
616,HF,45120.0,11.481113732397867,1329.9035,1329.9091,39218,51105,Myotis daubentonii,0.097,0.203,-1,Echolocation,250000,/home/adkris/Documents/mila-human-wav-txt/20220727_083000.WAV
617,HF,44160.0,3.435483007547252,1330.0065,1330.0112,38359,46221,Barbastellus barbastellus,0.178,0.203,-1,Echolocation,250000,/home/adkris/Documents/mila-human-wav-txt/20220727_083000.WAV
618,HF,45120.0,1.5924134087389465,1330.2825,1330.2902,42656,47709,Pipistrellus nathusii,0.026,0.095,-1,Echolocation,250000,/home/adkris/Documents/mila-human-wav-txt/20220727_083000.WAV
619,HF,43200.0,3.81294095911421,1330.5585,1330.5642,40078,51253,Pipistrellus nathusii,0.133,0.3,-1,Echolocation,250000,/home/adkris/Documents/mila-human-wav-txt/20220727_083000.WAV
620,HF,44160.0,2.6821876477042017,1330.7485,1330.7543,35781,47886,Barbastellus barbastellus,0.17,0.322,-1,Echolocation,250000,/home/adkris/Documents/mila-human-wav-txt/20220727_083000.WAV
621,HF,38400.0,2.612466732819512,1331.7945,1331.8031,34921,42954,Pipistrellus nathusii,0.209,0.385,-1,Echolocation,250000,/home/adkris/Documents/mila-human-wav-txt/20220727_083000.WAV
622,HF,38400.0,1.4574350345628337,1332.0775,1332.0866,35781,41437,Barbastellus barbastellus,0.075,0.178,-1,Echolocation,250000,/home/adkris/Documents/mila-human-wav-txt/20220727_083000.WAV
623,HF,39360.0,3.3451064359761733,1332.3745,1332.383,38359,45297,Pipistrellus nathusii,0.221,0.399,-1,Echolocation,250000,/home/adkris/Documents/mila-human-wav-txt/20220727_083000.WAV
624,HF,47040.0,1.731620024667775,1332.8655,1332.8736,38359,48868,Pipistrellus nathusii,0.038,0.081,-1,Echolocation,250000,/home/adkris/Documents/mila-human-wav-txt/20220727_083000.WAV
625,LF,26880.0,1.6178118289336338,1333.6205,1333.6292,25468,33764,Eptesicus serotinus,0.107,0.187,-1,Echolocation,250000,/home/adkris/Documents/mila-human-wav-txt/20220727_083000.WAV
626,LF,24000.0,2.656036652984555,1335.7435,1335.7651,23750,26871,Nyctalus leisleri,0.107,0.165,-1,Echolocation,250000,/home/adkris/Documents/mila-human-wav-txt/20220727_083000.WAV
627,LF,24000.0,4.738667256964753,1336.2685,1336.2844,22890,28444,Nyctalus leisleri,0.185,0.412,-1,Echolocation,250000,/home/adkris/Documents/mila-human-wav-txt/20220727_083000.WAV
628,LF,36480.0,0.21602111335473811,1336.3505,1336.364,35781,39400,Pipistrellus nathusii,0.06,0.081,-1,Echolocation,250000,/home/adkris/Documents/mila-human-wav-txt/20220727_083000.WAV
629,LF,24960.0,3.3528415676626215,1336.9305,1336.9445,23750,28520,Nyctalus leisleri,0.204,0.45,-1,Echolocation,250000,/home/adkris/Documents/mila-human-wav-txt/20220727_083000.WAV
630,HF,47040.0,2.6730164390801865,1337.0475,1337.059,46093,54103,Pipistrellus pipistrellus,0.095,0.108,-1,Echolocation,250000,/home/adkris/Documents/mila-human-wav-txt/20220727_083000.WAV
631,LF,24000.0,2.9084596537683707,1337.1315,1337.1464,22031,25838,Nyctalus leisleri,0.054,0.109,-1,Echolocation,250000,/home/adkris/Documents/mila-human-wav-txt/20220727_083000.WAV
632,LF,24960.0,3.5172469223873195,1337.1935,1337.2144,23750,26764,Nyctalus leisleri,0.132,0.205,-1,Echolocation,250000,/home/adkris/Documents/mila-human-wav-txt/20220727_083000.WAV
633,LF,20160.0,2.3895556224071988,1337.9815,1337.9862,14296,36026,Plecotus auritus,0.063,0.083,-1,Echolocation,250000,/home/adkris/Documents/mila-human-wav-txt/20220727_083000.WAV
634,LF,24960.0,5.821562703407467,1339.4585,1339.4717,23750,28646,Nyctalus leisleri,0.266,0.481,-1,Echolocation,250000,/home/adkris/Documents/mila-human-wav-txt/20220727_083000.WAV
635,LF,24960.0,4.64876900475944,1339.9925,1340.0049,23750,28514,Nyctalus leisleri,0.208,0.378,-1,Echolocation,250000,/home/adkris/Documents/mila-human-wav-txt/20220727_083000.WAV
636,LF,24000.0,3.535976162734038,1340.5255,1340.5477,22890,25888,Nyctalus leisleri,0.06,0.13,-1,Echolocation,250000,/home/adkris/Documents/mila-human-wav-txt/20220727_083000.WAV
637,LF,24960.0,0.34391980332084177,1342.7395,1342.7539,23750,28519,Nyctalus leisleri,0.037,0.087,-1,Echolocation,250000,/home/adkris/Documents/mila-human-wav-txt/20220727_083000.WAV
638,LF,27840.0,0.5374418343777128,1343.7065,1343.7165,27187,33494,Eptesicus serotinus,0.103,0.207,-1,Echolocation,250000,/home/adkris/Documents/mila-human-wav-txt/20220727_083000.WAV
639,LF,24960.0,1.418667596556853,1345.7685,1345.7804,23750,29324,Nyctalus leisleri,0.279,0.522,-1,Echolocation,250000,/home/adkris/Documents/mila-human-wav-txt/20220727_083000.WAV
640,LF,26880.0,1.4602938836491757,1345.9045,1345.9158,24609,30335,Eptesicus serotinus,0.062,0.154,-1,Echolocation,250000,/home/adkris/Documents/mila-human-wav-txt/20220727_083000.WAV
641,LF,26880.0,1.173706413499009,1346.9515,1346.9595,24609,37578,Plecotus austriacus,0.033,0.09,-1,Echolocation,250000,/home/adkris/Documents/mila-human-wav-txt/20220727_083000.WAV
642,LF,26880.0,1.937787004332203,1346.9775,1346.9887,25468,31317,Nyctalus leisleri,0.255,0.499,-1,Echolocation,250000,/home/adkris/Documents/mila-human-wav-txt/20220727_083000.WAV
643,LF,26880.0,1.1481980257907962,1347.4905,1347.5054,24609,29192,Eptesicus serotinus,0.048,0.123,-1,Echolocation,250000,/home/adkris/Documents/mila-human-wav-txt/20220727_083000.WAV
644,LF,26880.0,1.7197753322703688,1348.1265,1348.1367,25468,31058,Nyctalus leisleri,0.033,0.088,-1,Echolocation,250000,/home/adkris/Documents/mila-human-wav-txt/20220727_083000.WAV
645,LF,24000.0,3.023175789076835,1349.0375,1349.0587,22031,25267,Nyctalus leisleri,0.073,0.165,-1,Echolocation,250000,/home/adkris/Documents/mila-human-wav-txt/20220727_083000.WAV
646,LF,21120.0,0.6310929209502286,1349.1235,1349.1299,14296,23713,Plecotus auritus,0.094,0.117,-1,Echolocation,250000,/home/adkris/Documents/mila-human-wav-txt/20220727_083000.WAV
647,LF,23040.0,2.867522282284591,1349.5595,1349.5768,22031,27057,Nyctalus leisleri,0.229,0.383,-1,Echolocation,250000,/home/adkris/Documents/mila-human-wav-txt/20220727_083000.WAV
648,LF,24000.0,0.31137149965836985,1349.7895,1349.8049,23750,27593,Nyctalus leisleri,0.047,0.086,-1,Echolocation,250000,/home/adkris/Documents/mila-human-wav-txt/20220727_083000.WAV
649,LF,23040.0,2.335538494037002,1349.8405,1349.8601,22890,26166,Nyctalus leisleri,0.104,0.186,-1,Echolocation,250000,/home/adkris/Documents/mila-human-wav-txt/20220727_083000.WAV
650,LF,24000.0,2.6436046468995795,1350.7645,1350.7851,22031,25655,Nyctalus leisleri,0.118,0.2,-1,Echolocation,250000,/home/adkris/Documents/mila-human-wav-txt/20220727_083000.WAV
651,LF,31680.0,2.9113741920502747,1350.9765,1350.986,29765,37284,Eptesicus serotinus,0.114,0.166,-1,Echolocation,250000,/home/adkris/Documents/mila-human-wav-txt/20220727_083000.WAV
652,LF,24000.0,1.1271973582903345,1360.3925,1360.4071,22890,26458,Nyctalus leisleri,0.05,0.094,-1,Echolocation,250000,/home/adkris/Documents/mila-human-wav-txt/20220727_083000.WAV
653,LF,24000.0,0.31455072504124404,1360.9775,1360.9934,23750,27387,Nyctalus leisleri,0.046,0.08,-1,Echolocation,250000,/home/adkris/Documents/mila-human-wav-txt/20220727_083000.WAV
654,LF,24000.0,3.0382291080676502,1361.0605,1361.0744,22890,28340,Nyctalus leisleri,0.414,0.607,-1,Echolocation,250000,/home/adkris/Documents/mila-human-wav-txt/20220727_083000.WAV
655,LF,24000.0,2.189240137937585,1361.3285,1361.3435,22890,27724,Nyctalus leisleri,0.062,0.144,-1,Echolocation,250000,/home/adkris/Documents/mila-human-wav-txt/20220727_083000.WAV
656,HF,51840.0,0.4976602774668101,1362.0015,1362.0169,49531,53483,Pipistrellus pipistrellus,0.062,0.08,-1,Echolocation,250000,/home/adkris/Documents/mila-human-wav-txt/20220727_083000.WAV
657,LF,24000.0,3.435134601823308,1362.8175,1362.8365,22890,26744,Nyctalus leisleri,0.084,0.169,-1,Echolocation,250000,/home/adkris/Documents/mila-human-wav-txt/20220727_083000.WAV
658,HF,42240.0,1.1067224601875554,1363.3505,1363.3603,39218,43773,Pipistrellus nathusii,0.052,0.092,-1,Echolocation,250000,/home/adkris/Documents/mila-human-wav-txt/20220727_083000.WAV
659,LF,24000.0,3.876338953032354,1363.3695,1363.3836,22031,27072,Nyctalus leisleri,0.396,0.557,-1,Echolocation,250000,/home/adkris/Documents/mila-human-wav-txt/20220727_083000.WAV
660,LF,24000.0,3.613935716758585,1364.1675,1364.1818,22890,28207,Nyctalus leisleri,0.368,0.635,-1,Echolocation,250000,/home/adkris/Documents/mila-human-wav-txt/20220727_083000.WAV
661,LF,24000.0,2.7323789515353565,1364.7195,1364.7372,22890,26122,Nyctalus leisleri,0.044,0.091,-1,Echolocation,250000,/home/adkris/Documents/mila-human-wav-txt/20220727_083000.WAV
662,LF,24000.0,0.4852089003135843,1365.1905,1365.2033,22031,27483,Nyctalus noctula,0.045,0.137,-1,Echolocation,250000,/home/adkris/Documents/mila-human-wav-txt/20220727_083000.WAV
663,LF,23040.0,2.9089174293054283,1365.4155,1365.4382,21171,24633,Nyctalus noctula,0.056,0.11,-1,Echolocation,250000,/home/adkris/Documents/mila-human-wav-txt/20220727_083000.WAV
664,HF,45120.0,2.2933753314027387,1366.3975,1366.4068,44375,48856,Pipistrellus pipistrellus,0.089,0.097,-1,Echolocation,250000,/home/adkris/Documents/mila-human-wav-txt/20220727_083000.WAV
665,LF,23040.0,3.0669710209665797,1366.5975,1366.6214,22031,25676,Nyctalus leisleri,0.133,0.212,-1,Echolocation,250000,/home/adkris/Documents/mila-human-wav-txt/20220727_083000.WAV
666,LF,24000.0,1.7436734396909217,1366.7355,1366.7433,23750,32770,Plecotus austriacus,0.039,0.08,-1,Echolocation,250000,/home/adkris/Documents/mila-human-wav-txt/20220727_083000.WAV
667,LF,33600.0,0.59145186223347,1367.4285,1367.4391,29765,34839,Eptesicus serotinus,0.054,0.091,-1,Echolocation,250000,/home/adkris/Documents/mila-human-wav-txt/20220727_083000.WAV
668,HF,47040.0,1.0400335251897987,1368.5675,1368.5752,45234,51824,Pipistrellus pipistrellus,0.114,0.125,-1,Echolocation,250000,/home/adkris/Documents/mila-human-wav-txt/20220727_083000.WAV
669,HF,40320.0,0.7891922698747945,1370.3675,1370.3801,39218,42068,Pipistrellus nathusii,0.069,0.089,-1,Echolocation,250000,/home/adkris/Documents/mila-human-wav-txt/20220727_083000.WAV
670,LF,35520.0,1.5930075458070734,1372.3325,1372.3477,34062,38171,Pipistrellus nathusii,0.063,0.102,-1,Echolocation,250000,/home/adkris/Documents/mila-human-wav-txt/20220727_083000.WAV
671,LF,22080.0,0.5732280440869371,1372.7245,1372.7403,22031,26888,Nyctalus noctula,0.077,0.181,-1,Echolocation,250000,/home/adkris/Documents/mila-human-wav-txt/20220727_083000.WAV
672,LF,39360.0,1.7196816701050845,1373.3315,1373.3389,34921,40350,Barbastellus barbastellus,0.045,0.087,-1,Echolocation,250000,/home/adkris/Documents/mila-human-wav-txt/20220727_083000.WAV
673,LF,38400.0,0.5349393068132456,1376.6585,1376.6698,36640,40314,Pipistrellus nathusii,0.055,0.094,-1,Echolocation,250000,/home/adkris/Documents/mila-human-wav-txt/20220727_083000.WAV
674,HF,32640.0,1.8436255900830425,1380.1675,1380.1725,30625,43102,Barbastellus barbastellus,0.04,0.108,-1,Echolocation,250000,/home/adkris/Documents/mila-human-wav-txt/20220727_083000.WAV
675,LF,95040.0,1.1064884311763294,1380.5365,1380.5654,93359,110269,Rhinolophus hipposideros,0.087,0.087,-1,Echolocation,250000,/home/adkris/Documents/mila-human-wav-txt/20220727_083000.WAV
676,LF,29760.0,0.17603892344254035,1382.6955,1382.7093,28906,32892,Eptesicus serotinus,0.082,0.168,-1,Echolocation,250000,/home/adkris/Documents/mila-human-wav-txt/20220727_083000.WAV
677,LF,33600.0,1.3988951122111577,1382.8305,1382.8443,33203,37294,Pipistrellus nathusii,0.045,0.117,-1,Echolocation,250000,/home/adkris/Documents/mila-human-wav-txt/20220727_083000.WAV
678,LF,24960.0,0.997932292930539,1384.7155,1384.7236,24609,33929,Eptesicus serotinus,0.062,0.159,-1,Echolocation,250000,/home/adkris/Documents/mila-human-wav-txt/20220727_083000.WAV
679,LF,31680.0,2.094873929616854,1385.4835,1385.4908,28046,37412,Eptesicus serotinus,0.038,0.08,-1,Echolocation,250000,/home/adkris/Documents/mila-human-wav-txt/20220727_083000.WAV
680,HF,45120.0,2.0395735572673805,1385.9225,1385.9294,36640,47534,Barbastellus barbastellus,0.04,0.091,-1,Echolocation,250000,/home/adkris/Documents/mila-human-wav-txt/20220727_083000.WAV
681,LF,26880.0,1.19140165940982,1386.8295,1386.8458,25468,29968,Nyctalus leisleri,0.035,0.083,-1,Echolocation,250000,/home/adkris/Documents/mila-human-wav-txt/20220727_083000.WAV
682,LF,26880.0,4.131434350930335,1388.1295,1388.1469,26328,29480,Nyctalus leisleri,0.315,0.394,-1,Echolocation,250000,/home/adkris/Documents/mila-human-wav-txt/20220727_083000.WAV
683,LF,23040.0,1.1667287371755317,1392.0475,1392.0531,15156,32896,Plecotus auritus,0.096,0.116,-1,Echolocation,250000,/home/adkris/Documents/mila-human-wav-txt/20220727_083000.WAV
684,LF,21120.0,1.1835500385499922,1395.7245,1395.7459,20312,22991,Nyctalus leisleri,0.062,0.109,-1,Echolocation,250000,/home/adkris/Documents/mila-human-wav-txt/20220727_083000.WAV
685,LF,36480.0,0.1756694471923767,1396.1445,1396.1599,35781,38981,Pipistrellus nathusii,0.144,0.204,-1,Echolocation,250000,/home/adkris/Documents/mila-human-wav-txt/20220727_083000.WAV
686,LF,32640.0,2.0784798491904968,1398.5035,1398.5136,31484,38955,Eptesicus serotinus,0.05,0.108,-1,Echolocation,250000,/home/adkris/Documents/mila-human-wav-txt/20220727_083000.WAV
687,HF,45120.0,1.9762344517533734,1400.8175,1400.828,44375,46790,Pipistrellus pipistrellus,0.072,0.083,-1,Echolocation,250000,/home/adkris/Documents/mila-human-wav-txt/20220727_083000.WAV
688,LF,95040.0,0.7383280351781484,1403.0555,1403.0902,93359,111181,Rhinolophus hipposideros,0.081,0.081,-1,Echolocation,250000,/home/adkris/Documents/mila-human-wav-txt/20220727_083000.WAV
689,LF,23040.0,0.9912770102140822,1404.6805,1404.7035,20312,23594,Nyctalus noctula,0.106,0.173,-1,Echolocation,250000,/home/adkris/Documents/mila-human-wav-txt/20220727_083000.WAV
690,LF,27840.0,0.21345179695261574,1406.2575,1406.2686,26328,31153,Nyctalus leisleri,0.033,0.085,-1,Echolocation,250000,/home/adkris/Documents/mila-human-wav-txt/20220727_083000.WAV
691,HF,48000.0,1.40662496281848,1408.0065,1408.0245,47812,50396,Pipistrellus pipistrellus,0.082,0.097,-1,Echolocation,250000,/home/adkris/Documents/mila-human-wav-txt/20220727_083000.WAV
692,LF,21120.0,0.9360124627871227,1408.7595,1408.7674,15156,22316,Plecotus auritus,0.053,0.085,-1,Echolocation,250000,/home/adkris/Documents/mila-human-wav-txt/20220727_083000.WAV
693,LF,29760.0,0.8660108726538494,1409.6285,1409.6381,29765,36880,Eptesicus serotinus,0.048,0.086,-1,Echolocation,250000,/home/adkris/Documents/mila-human-wav-txt/20220727_083000.WAV
694,HF,81600.0,5.12339875137754,1409.9865,1410.0335,68437,84265,Rhinolophus ferrumequinum,0.098,0.098,-1,Echolocation,250000,/home/adkris/Documents/mila-human-wav-txt/20220727_083000.WAV
695,HF,41280.0,0.7240500503891321,1410.8965,1410.9023,34921,47008,Barbastellus barbastellus,0.049,0.089,-1,Echolocation,250000,/home/adkris/Documents/mila-human-wav-txt/20220727_083000.WAV
696,LF,39360.0,1.6420424427701477,1412.7265,1412.7388,36640,40447,Pipistrellus nathusii,0.059,0.082,-1,Echolocation,250000,/home/adkris/Documents/mila-human-wav-txt/20220727_083000.WAV
697,LF,28800.0,1.6319487141495257,1413.2365,1413.2445,26328,34595,Eptesicus serotinus,0.054,0.117,-1,Echolocation,250000,/home/adkris/Documents/mila-human-wav-txt/20220727_083000.WAV
698,LF,31680.0,1.211117193670625,1413.4975,1413.5126,30625,35842,Eptesicus serotinus,0.049,0.097,-1,Echolocation,250000,/home/adkris/Documents/mila-human-wav-txt/20220727_083000.WAV
699,LF,22080.0,1.418689419220255,1417.9645,1417.9744,19453,26213,Nyctalus noctula,0.042,0.117,-1,Echolocation,250000,/home/adkris/Documents/mila-human-wav-txt/20220727_083000.WAV
700,LF,95040.0,0.374222093219001,1420.0755,1420.1121,93359,111019,Rhinolophus hipposideros,0.092,0.092,-1,Echolocation,250000,/home/adkris/Documents/mila-human-wav-txt/20220727_083000.WAV
701,HF,40320.0,1.6007899436836424,1421.6025,1421.6167,39218,41992,Pipistrellus nathusii,0.081,0.095,-1,Echolocation,250000,/home/adkris/Documents/mila-human-wav-txt/20220727_083000.WAV
702,HF,52800.0,1.6739411295813573,1422.0065,1422.0167,50390,53407,Pipistrellus pipistrellus,0.076,0.088,-1,Echolocation,250000,/home/adkris/Documents/mila-human-wav-txt/20220727_083000.WAV
703,LF,34560.0,1.308154516035502,1423.5025,1423.5139,31484,36825,Eptesicus serotinus,0.035,0.081,-1,Echolocation,250000,/home/adkris/Documents/mila-human-wav-txt/20220727_083000.WAV
704,LF,20160.0,3.333282684968749,1427.2975,1427.3183,18593,21260,Nyctalus noctula,0.1,0.139,-1,Echolocation,250000,/home/adkris/Documents/mila-human-wav-txt/20220727_083000.WAV
705,LF,25920.0,1.3840736701208731,1427.6335,1427.6478,24609,29050,Nyctalus leisleri,0.074,0.179,-1,Echolocation,250000,/home/adkris/Documents/mila-human-wav-txt/20220727_083000.WAV
706,LF,24960.0,2.266671595759883,1428.4485,1428.4707,23750,27704,Nyctalus leisleri,0.144,0.238,-1,Echolocation,250000,/home/adkris/Documents/mila-human-wav-txt/20220727_083000.WAV
707,LF,24960.0,2.221590498902578,1430.0505,1430.065,23750,28315,Nyctalus leisleri,0.198,0.326,-1,Echolocation,250000,/home/adkris/Documents/mila-human-wav-txt/20220727_083000.WAV
708,LF,24960.0,7.129715068143302,1430.4345,1430.454,23750,28094,Nyctalus leisleri,0.378,0.467,-1,Echolocation,250000,/home/adkris/Documents/mila-human-wav-txt/20220727_083000.WAV
709,LF,24960.0,4.1337161369296505,1431.1145,1431.1372,23750,27417,Nyctalus leisleri,0.084,0.184,-1,Echolocation,250000,/home/adkris/Documents/mila-human-wav-txt/20220727_083000.WAV
710,LF,24960.0,3.012689551770041,1431.3795,1431.4019,23750,27488,Nyctalus leisleri,0.106,0.185,-1,Echolocation,250000,/home/adkris/Documents/mila-human-wav-txt/20220727_083000.WAV
711,LF,24000.0,4.150041481427305,1432.0595,1432.081,23750,28189,Nyctalus leisleri,0.161,0.25,-1,Echolocation,250000,/home/adkris/Documents/mila-human-wav-txt/20220727_083000.WAV
712,LF,24960.0,3.520237198461684,1432.0735,1432.0944,22890,26711,Nyctalus leisleri,0.071,0.132,-1,Echolocation,250000,/home/adkris/Documents/mila-human-wav-txt/20220727_083000.WAV
713,HF,44160.0,1.2427631620492885,1432.9585,1432.9686,42656,45699,Pipistrellus pipistrellus,0.073,0.102,-1,Echolocation,250000,/home/adkris/Documents/mila-human-wav-txt/20220727_083000.WAV
714,HF,41280.0,0.8578654736053725,1433.1845,1433.1981,37500,41033,Pipistrellus nathusii,0.06,0.088,-1,Echolocation,250000,/home/adkris/Documents/mila-human-wav-txt/20220727_083000.WAV
715,LF,24960.0,1.3728467295114932,1433.5535,1433.5725,22890,26191,Nyctalus leisleri,0.099,0.176,-1,Echolocation,250000,/home/adkris/Documents/mila-human-wav-txt/20220727_083000.WAV
716,LF,27840.0,0.45387991270450906,1435.2945,1435.3036,25468,33492,Eptesicus serotinus,0.083,0.207,-1,Echolocation,250000,/home/adkris/Documents/mila-human-wav-txt/20220727_083000.WAV
717,LF,95040.0,0.015624626739286978,1438.6935,1438.7305,93359,111316,Rhinolophus hipposideros,0.09,0.09,-1,Echolocation,250000,/home/adkris/Documents/mila-human-wav-txt/20220727_083000.WAV
718,HF,39360.0,1.7869930783571208,1438.9175,1438.9306,36640,40925,Pipistrellus nathusii,0.047,0.089,-1,Echolocation,250000,/home/adkris/Documents/mila-human-wav-txt/20220727_083000.WAV
719,LF,95040.0,0.23091778769605928,1441.4295,1441.4634,93359,111155,Rhinolophus hipposideros,0.085,0.085,-1,Echolocation,250000,/home/adkris/Documents/mila-human-wav-txt/20220727_083000.WAV
720,LF,22080.0,0.9161442768150508,1445.0265,1445.0476,18593,22163,Nyctalus noctula,0.073,0.103,-1,Echolocation,250000,/home/adkris/Documents/mila-human-wav-txt/20220727_083000.WAV
721,LF,24000.0,0.43409390749660226,1447.1875,1447.2047,22890,27312,Nyctalus leisleri,0.062,0.141,-1,Echolocation,250000,/home/adkris/Documents/mila-human-wav-txt/20220727_083000.WAV
722,LF,32640.0,1.66416267586464,1447.6325,1447.639,29765,41545,Eptesicus serotinus,0.031,0.086,-1,Echolocation,250000,/home/adkris/Documents/mila-human-wav-txt/20220727_083000.WAV
723,LF,22080.0,0.5165188824536552,1449.4575,1449.4627,14296,36560,Plecotus auritus,0.087,0.105,-1,Echolocation,250000,/home/adkris/Documents/mila-human-wav-txt/20220727_083000.WAV
724,LF,24000.0,0.4083130345502388,1455.7125,1455.722,22890,29415,Nyctalus leisleri,0.024,0.1,-1,Echolocation,250000,/home/adkris/Documents/mila-human-wav-txt/20220727_083000.WAV
725,LF,24000.0,3.1874250990253863,1455.7585,1455.7743,22031,26627,Nyctalus leisleri,0.038,0.105,-1,Echolocation,250000,/home/adkris/Documents/mila-human-wav-txt/20220727_083000.WAV
726,LF,20160.0,2.8490097948371345,1456.2735,1456.2787,13437,34299,Plecotus auritus,0.101,0.106,-1,Echolocation,250000,/home/adkris/Documents/mila-human-wav-txt/20220727_083000.WAV
727,LF,35520.0,0.1466158630250627,1456.4945,1456.5039,34062,39451,Pipistrellus nathusii,0.103,0.265,-1,Echolocation,250000,/home/adkris/Documents/mila-human-wav-txt/20220727_083000.WAV
728,LF,31680.0,1.0094704677007045,1456.7375,1456.7486,29765,37185,Eptesicus serotinus,0.064,0.106,-1,Echolocation,250000,/home/adkris/Documents/mila-human-wav-txt/20220727_083000.WAV
729,LF,38400.0,0.1128361469873839,1458.5145,1458.5249,35781,40599,Pipistrellus nathusii,0.039,0.121,-1,Echolocation,250000,/home/adkris/Documents/mila-human-wav-txt/20220727_083000.WAV
730,LF,27840.0,0.6487518084697518,1458.6515,1458.6611,28046,34588,Eptesicus serotinus,0.055,0.103,-1,Echolocation,250000,/home/adkris/Documents/mila-human-wav-txt/20220727_083000.WAV
731,LF,24000.0,1.627097901845722,1460.8715,1460.8827,23750,29883,Nyctalus leisleri,0.029,0.085,-1,Echolocation,250000,/home/adkris/Documents/mila-human-wav-txt/20220727_083000.WAV
732,LF,30720.0,1.6140014003236383,1462.1615,1462.1757,28906,34572,Eptesicus serotinus,0.074,0.139,-1,Echolocation,250000,/home/adkris/Documents/mila-human-wav-txt/20220727_083000.WAV
733,LF,24000.0,0.13402787444232664,1463.6915,1463.6994,23750,32354,Plecotus auritus,0.025,0.083,-1,Echolocation,250000,/home/adkris/Documents/mila-human-wav-txt/20220727_083000.WAV
734,LF,39360.0,1.986458873791665,1468.3215,1468.3313,34062,39042,Barbastellus barbastellus,0.038,0.096,-1,Echolocation,250000,/home/adkris/Documents/mila-human-wav-txt/20220727_083000.WAV
735,LF,40320.0,2.0263777998240986,1471.1875,1471.1946,33203,40561,Barbastellus barbastellus,0.079,0.158,-1,Echolocation,250000,/home/adkris/Documents/mila-human-wav-txt/20220727_083000.WAV
736,LF,24000.0,0.3289675055700809,1478.0945,1478.114,22031,25576,Nyctalus leisleri,0.137,0.235,-1,Echolocation,250000,/home/adkris/Documents/mila-human-wav-txt/20220727_083000.WAV
737,LF,23040.0,0.5551890294261951,1481.3015,1481.3147,21171,25451,Nyctalus leisleri,0.04,0.091,-1,Echolocation,250000,/home/adkris/Documents/mila-human-wav-txt/20220727_083000.WAV
738,LF,25920.0,0.07856874204779526,1481.4995,1481.51,25468,31816,Eptesicus serotinus,0.039,0.092,-1,Echolocation,250000,/home/adkris/Documents/mila-human-wav-txt/20220727_083000.WAV
739,HF,69120.0,0.07149240528484634,1482.3835,1482.4235,68437,82381,Rhinolophus ferrumequinum,0.094,0.094,-1,Echolocation,250000,/home/adkris/Documents/mila-human-wav-txt/20220727_083000.WAV
740,LF,21120.0,0.2787715097165663,1484.1255,1484.1321,14296,30034,Plecotus auritus,0.071,0.084,-1,Echolocation,250000,/home/adkris/Documents/mila-human-wav-txt/20220727_083000.WAV
741,LF,21120.0,0.6125615737761364,1491.0725,1491.0787,14296,32286,Plecotus auritus,0.085,0.089,-1,Echolocation,250000,/home/adkris/Documents/mila-human-wav-txt/20220727_083000.WAV
742,LF,23040.0,0.2090240470079355,1492.2505,1492.2649,22890,26806,Nyctalus leisleri,0.05,0.092,-1,Echolocation,250000,/home/adkris/Documents/mila-human-wav-txt/20220727_083000.WAV
743,LF,30720.0,1.762604742756093,1493.3275,1493.3331,28906,38575,Plecotus auritus,0.037,0.092,-1,Echolocation,250000,/home/adkris/Documents/mila-human-wav-txt/20220727_083000.WAV
744,LF,30720.0,1.278466805119517,1493.4735,1493.4799,28906,40270,Plecotus auritus,0.033,0.08,-1,Echolocation,250000,/home/adkris/Documents/mila-human-wav-txt/20220727_083000.WAV
745,LF,22080.0,0.13035637147297596,1494.0015,1494.0165,20312,23955,Nyctalus leisleri,0.064,0.099,-1,Echolocation,250000,/home/adkris/Documents/mila-human-wav-txt/20220727_083000.WAV
746,LF,95040.0,0.43272519800667425,1494.7815,1494.8127,93359,111130,Rhinolophus hipposideros,0.081,0.081,-1,Echolocation,250000,/home/adkris/Documents/mila-human-wav-txt/20220727_083000.WAV
747,LF,24960.0,0.4768219171354388,1498.9995,1499.0086000000001,24609,31733,Eptesicus serotinus,0.048,0.109,-1,Echolocation,250000,/home/adkris/Documents/mila-human-wav-txt/20220727_083000.WAV
748,LF,95040.0,0.49405080390923733,1501.0305,1501.0641,93359,110368,Rhinolophus hipposideros,0.092,0.092,-1,Echolocation,250000,/home/adkris/Documents/mila-human-wav-txt/20220727_083000.WAV
749,LF,24960.0,2.5970382663534837,1502.5515,1502.565,23750,27650,Nyctalus leisleri,0.279,0.39,-1,Echolocation,250000,/home/adkris/Documents/mila-human-wav-txt/20220727_083000.WAV
750,LF,28800.0,2.451409706153274,1503.1045,1503.1172,27187,32384,Eptesicus serotinus,0.049,0.09,-1,Echolocation,250000,/home/adkris/Documents/mila-human-wav-txt/20220727_083000.WAV
751,LF,23040.0,0.3689819112725803,1507.1265,1507.1449,22890,26693,Nyctalus leisleri,0.044,0.09,-1,Echolocation,250000,/home/adkris/Documents/mila-human-wav-txt/20220727_083000.WAV
752,LF,32640.0,1.1008707491967795,1507.6565,1507.6715,30625,35234,Eptesicus serotinus,0.066,0.113,-1,Echolocation,250000,/home/adkris/Documents/mila-human-wav-txt/20220727_083000.WAV
753,LF,24960.0,0.33295180082249654,1507.8125,1507.8257,24609,29230,Nyctalus leisleri,0.042,0.1,-1,Echolocation,250000,/home/adkris/Documents/mila-human-wav-txt/20220727_083000.WAV
754,LF,23040.0,0.34857435339209264,1511.8145,1511.8299,22890,26656,Nyctalus leisleri,0.057,0.104,-1,Echolocation,250000,/home/adkris/Documents/mila-human-wav-txt/20220727_083000.WAV
755,LF,27840.0,2.4406710685902784,1512.4425,1512.4496,27187,35791,Eptesicus serotinus,0.035,0.082,-1,Echolocation,250000,/home/adkris/Documents/mila-human-wav-txt/20220727_083000.WAV
756,LF,22080.0,1.2893722893243467,1524.0015,1524.0159,20312,24464,Nyctalus leisleri,0.065,0.123,-1,Echolocation,250000,/home/adkris/Documents/mila-human-wav-txt/20220727_083000.WAV
757,LF,95040.0,0.6731223042468701,1524.2425,1524.2787,93359,111674,Rhinolophus hipposideros,0.086,0.086,-1,Echolocation,250000,/home/adkris/Documents/mila-human-wav-txt/20220727_083000.WAV
758,LF,22080.0,1.8459171414556779,1532.8855,1532.891,14296,29311,Plecotus auritus,0.088,0.104,-1,Echolocation,250000,/home/adkris/Documents/mila-human-wav-txt/20220727_083000.WAV
759,LF,22080.0,1.1062042228153497,1534.6325,1534.6493,19453,24203,Nyctalus noctula,0.052,0.081,-1,Echolocation,250000,/home/adkris/Documents/mila-human-wav-txt/20220727_083000.WAV
760,HF,46080.0,1.3068040884944279,1536.6835,1536.694,44375,49668,Pipistrellus pipistrellus,0.054,0.081,-1,Echolocation,250000,/home/adkris/Documents/mila-human-wav-txt/20220727_083000.WAV
761,LF,24000.0,0.42036751342756695,1544.5805,1544.5918,22890,28244,Nyctalus leisleri,0.049,0.128,-1,Echolocation,250000,/home/adkris/Documents/mila-human-wav-txt/20220727_083000.WAV
762,LF,37440.0,1.1176092909521218,1551.8125,1551.8268,35781,39603,Pipistrellus nathusii,0.083,0.111,-1,Echolocation,250000,/home/adkris/Documents/mila-human-wav-txt/20220727_083000.WAV
763,LF,24000.0,1.0816090766634128,1556.2315,1556.2531,22031,25546,Nyctalus leisleri,0.177,0.231,-1,Echolocation,250000,/home/adkris/Documents/mila-human-wav-txt/20220727_083000.WAV
764,LF,24000.0,3.3858481153896456,1556.7435,1556.7637,22890,26388,Nyctalus leisleri,0.186,0.278,-1,Echolocation,250000,/home/adkris/Documents/mila-human-wav-txt/20220727_083000.WAV
765,LF,24000.0,2.8321576378350706,1557.0095,1557.0253,22890,27344,Nyctalus leisleri,0.373,0.487,-1,Echolocation,250000,/home/adkris/Documents/mila-human-wav-txt/20220727_083000.WAV
766,LF,24000.0,4.911267325093382,1557.2595,1557.2759,22890,27378,Nyctalus leisleri,0.291,0.439,-1,Echolocation,250000,/home/adkris/Documents/mila-human-wav-txt/20220727_083000.WAV
767,LF,24000.0,2.5092949742988173,1557.5245,1557.5411,22890,27283,Nyctalus leisleri,0.274,0.391,-1,Echolocation,250000,/home/adkris/Documents/mila-human-wav-txt/20220727_083000.WAV
768,LF,33600.0,0.7359970356164582,1557.5795,1557.5882,31484,37422,Eptesicus serotinus,0.042,0.096,-1,Echolocation,250000,/home/adkris/Documents/mila-human-wav-txt/20220727_083000.WAV
769,LF,24000.0,2.030694659028407,1557.7965,1557.8135,23750,27977,Nyctalus leisleri,0.257,0.362,-1,Echolocation,250000,/home/adkris/Documents/mila-human-wav-txt/20220727_083000.WAV
770,LF,24000.0,2.5604431723414596,1558.0755,1558.0932,22890,27016,Nyctalus leisleri,0.117,0.24,-1,Echolocation,250000,/home/adkris/Documents/mila-human-wav-txt/20220727_083000.WAV
771,LF,24000.0,2.968777097282804,1558.4805,1558.5004,22890,27766,Nyctalus leisleri,0.15,0.311,-1,Echolocation,250000,/home/adkris/Documents/mila-human-wav-txt/20220727_083000.WAV
772,LF,24960.0,2.174947767427718,1561.2455,1561.2617,23750,28890,Nyctalus leisleri,0.038,0.088,-1,Echolocation,250000,/home/adkris/Documents/mila-human-wav-txt/20220727_083000.WAV
773,LF,24960.0,4.137435552311024,1561.7325,1561.7523,23750,27472,Nyctalus leisleri,0.266,0.338,-1,Echolocation,250000,/home/adkris/Documents/mila-human-wav-txt/20220727_083000.WAV
774,LF,24000.0,5.033712103717725,1561.9555,1561.9778,22890,28260,Nyctalus leisleri,0.166,0.347,-1,Echolocation,250000,/home/adkris/Documents/mila-human-wav-txt/20220727_083000.WAV
775,LF,24960.0,5.4037916005103215,1562.1825,1562.2067,23750,28030,Nyctalus leisleri,0.133,0.255,-1,Echolocation,250000,/home/adkris/Documents/mila-human-wav-txt/20220727_083000.WAV
776,LF,25920.0,3.2163777004956566,1562.3915,1562.4077,23750,28445,Nyctalus leisleri,0.135,0.308,-1,Echolocation,250000,/home/adkris/Documents/mila-human-wav-txt/20220727_083000.WAV
777,LF,26880.0,2.280416801063931,1563.0605,1563.0736,25468,29376,Nyctalus leisleri,0.217,0.352,-1,Echolocation,250000,/home/adkris/Documents/mila-human-wav-txt/20220727_083000.WAV
778,LF,25920.0,4.552099872498622,1563.2785,1563.2926,23750,28818,Nyctalus leisleri,0.264,0.44,-1,Echolocation,250000,/home/adkris/Documents/mila-human-wav-txt/20220727_083000.WAV
779,LF,25920.0,4.339954446276698,1565.4965,1565.5084,24609,28998,Nyctalus leisleri,0.185,0.357,-1,Echolocation,250000,/home/adkris/Documents/mila-human-wav-txt/20220727_083000.WAV
780,LF,25920.0,2.492196804241814,1565.9215,1565.9403,23750,27987,Nyctalus leisleri,0.043,0.095,-1,Echolocation,250000,/home/adkris/Documents/mila-human-wav-txt/20220727_083000.WAV
781,LF,25920.0,0.9678686779771632,1567.9875,1568.0,24609,30282,Eptesicus serotinus,0.071,0.157,-1,Echolocation,250000,/home/adkris/Documents/mila-human-wav-txt/20220727_083000.WAV
782,LF,25920.0,3.5871003497615215,1568.3705,1568.3852,24609,29826,Nyctalus leisleri,0.053,0.112,-1,Echolocation,250000,/home/adkris/Documents/mila-human-wav-txt/20220727_083000.WAV
783,LF,26880.0,3.066663653509407,1569.2985,1569.3156,25468,29761,Nyctalus leisleri,0.099,0.19,-1,Echolocation,250000,/home/adkris/Documents/mila-human-wav-txt/20220727_083000.WAV
784,LF,26880.0,2.4442641351394747,1569.6485,1569.6648,25468,29602,Nyctalus leisleri,0.045,0.1,-1,Echolocation,250000,/home/adkris/Documents/mila-human-wav-txt/20220727_083000.WAV
785,LF,25920.0,4.58097115149969,1571.2955,1571.314,25468,29686,Nyctalus leisleri,0.048,0.114,-1,Echolocation,250000,/home/adkris/Documents/mila-human-wav-txt/20220727_083000.WAV
786,LF,24960.0,7.255687318130343,1571.5315,1571.5487,24609,29934,Nyctalus leisleri,0.252,0.409,-1,Echolocation,250000,/home/adkris/Documents/mila-human-wav-txt/20220727_083000.WAV
787,LF,24960.0,5.0600790140678855,1571.9745,1571.9987,23750,27830,Nyctalus leisleri,0.087,0.169,-1,Echolocation,250000,/home/adkris/Documents/mila-human-wav-txt/20220727_083000.WAV
788,LF,24960.0,2.2650188924975763,1572.1435,1572.1607,23750,27953,Nyctalus leisleri,0.043,0.086,-1,Echolocation,250000,/home/adkris/Documents/mila-human-wav-txt/20220727_083000.WAV
789,LF,24000.0,8.14209015157523,1572.6145,1572.6344,22890,26988,Nyctalus leisleri,0.227,0.301,-1,Echolocation,250000,/home/adkris/Documents/mila-human-wav-txt/20220727_083000.WAV
790,LF,24000.0,6.397683983610365,1573.5305,1573.5489,22031,27651,Nyctalus noctula,0.233,0.459,-1,Echolocation,250000,/home/adkris/Documents/mila-human-wav-txt/20220727_083000.WAV
791,HF,69120.0,0.128140478739081,1574.0015,1574.0393,68437,79552,Rhinolophus ferrumequinum,0.083,0.083,-1,Echolocation,250000,/home/adkris/Documents/mila-human-wav-txt/20220727_083000.WAV
792,LF,24000.0,4.4043230537039655,1574.1305,1574.1545,22890,26169,Nyctalus leisleri,0.079,0.169,-1,Echolocation,250000,/home/adkris/Documents/mila-human-wav-txt/20220727_083000.WAV
793,LF,24960.0,7.708304599057502,1574.3625,1574.3856,22890,28339,Nyctalus leisleri,0.205,0.375,-1,Echolocation,250000,/home/adkris/Documents/mila-human-wav-txt/20220727_083000.WAV
794,LF,24000.0,3.957021342175117,1575.0225,1575.0376,23750,27848,Nyctalus leisleri,0.047,0.087,-1,Echolocation,250000,/home/adkris/Documents/mila-human-wav-txt/20220727_083000.WAV
795,LF,24000.0,4.386087282854522,1575.6605,1575.6755,22890,27962,Nyctalus leisleri,0.283,0.471,-1,Echolocation,250000,/home/adkris/Documents/mila-human-wav-txt/20220727_083000.WAV
796,LF,24000.0,1.18152589459739,1575.9265,1575.9413,22890,27279,Nyctalus leisleri,0.079,0.169,-1,Echolocation,250000,/home/adkris/Documents/mila-human-wav-txt/20220727_083000.WAV
797,LF,24000.0,5.790992657782962,1576.3055,1576.3284,22031,26835,Nyctalus leisleri,0.151,0.322,-1,Echolocation,250000,/home/adkris/Documents/mila-human-wav-txt/20220727_083000.WAV
798,LF,24000.0,4.409291557082129,1576.9465,1576.9681,23750,27426,Nyctalus leisleri,0.085,0.152,-1,Echolocation,250000,/home/adkris/Documents/mila-human-wav-txt/20220727_083000.WAV
799,LF,24960.0,2.425746889001725,1577.7325,1577.7495,23750,27739,Nyctalus leisleri,0.055,0.102,-1,Echolocation,250000,/home/adkris/Documents/mila-human-wav-txt/20220727_083000.WAV
800,LF,24960.0,1.9360194086795341,1578.2405,1578.2578,23750,28401,Nyctalus leisleri,0.058,0.136,-1,Echolocation,250000,/home/adkris/Documents/mila-human-wav-txt/20220727_083000.WAV
801,LF,24000.0,1.0437956844973937,1583.7375,1583.7556,22031,24947,Nyctalus leisleri,0.128,0.227,-1,Echolocation,250000,/home/adkris/Documents/mila-human-wav-txt/20220727_083000.WAV
802,HF,38400.0,2.1913507167390107,1589.3975,1589.4093,36640,42104,Pipistrellus nathusii,0.064,0.093,-1,Echolocation,250000,/home/adkris/Documents/mila-human-wav-txt/20220727_083000.WAV
803,HF,95040.0,2.3051720609828488,1592.0015,1592.0309,93359,113961,Rhinolophus hipposideros,0.085,0.086,-1,Echolocation,250000,/home/adkris/Documents/mila-human-wav-txt/20220727_083000.WAV
804,LF,36480.0,1.1663144858762726,1593.7335,1593.7468,34062,38086,Pipistrellus nathusii,0.078,0.146,-1,Echolocation,250000,/home/adkris/Documents/mila-human-wav-txt/20220727_083000.WAV
805,LF,24000.0,1.520249386284329,1595.0395,1595.0555,23750,28668,Nyctalus leisleri,0.053,0.11,-1,Echolocation,250000,/home/adkris/Documents/mila-human-wav-txt/20220727_083000.WAV
806,LF,29760.0,0.1445013243119144,1595.0605,1595.0746,28906,33942,Eptesicus serotinus,0.062,0.128,-1,Echolocation,250000,/home/adkris/Documents/mila-human-wav-txt/20220727_083000.WAV
807,LF,23040.0,5.350935918684167,1597.2785,1597.2909,22031,25965,Nyctalus leisleri,0.276,0.347,-1,Echolocation,250000,/home/adkris/Documents/mila-human-wav-txt/20220727_083000.WAV
808,HF,72000.0,0.06023580487148197,1599.1525,1599.1971,68437,83514,Rhinolophus ferrumequinum,0.087,0.087,-1,Echolocation,250000,/home/adkris/Documents/mila-human-wav-txt/20220727_083000.WAV
809,LF,19200.0,1.9480334426199708,1600.3875,1600.3932,14296,24419,Plecotus auritus,0.112,0.137,-1,Echolocation,250000,/home/adkris/Documents/mila-human-wav-txt/20220727_083000.WAV
810,LF,24000.0,1.353278957550337,1606.2335,1606.2446,22890,26866,Nyctalus leisleri,0.056,0.111,-1,Echolocation,250000,/home/adkris/Documents/mila-human-wav-txt/20220727_083000.WAV
811,LF,95040.0,0.7832087967599171,1606.3515,1606.3797,93359,111085,Rhinolophus hipposideros,0.081,0.081,-1,Echolocation,250000,/home/adkris/Documents/mila-human-wav-txt/20220727_083000.WAV
812,LF,29760.0,1.4337531625048974,1608.7415,1608.7537,29765,35418,Eptesicus serotinus,0.049,0.082,-1,Echolocation,250000,/home/adkris/Documents/mila-human-wav-txt/20220727_083000.WAV
813,HF,46080.0,0.7500675915819592,1619.0205,1619.0257,37500,47073,Barbastellus barbastellus,0.076,0.099,-1,Echolocation,250000,/home/adkris/Documents/mila-human-wav-txt/20220727_083000.WAV
814,LF,25920.0,0.6510551728559905,1620.8525,1620.8647,25468,30085,Eptesicus serotinus,0.059,0.135,-1,Echolocation,250000,/home/adkris/Documents/mila-human-wav-txt/20220727_083000.WAV
815,LF,21120.0,0.7151817313199826,1627.0605,1627.0669,14296,31420,Plecotus auritus,0.07,0.086,-1,Echolocation,250000,/home/adkris/Documents/mila-human-wav-txt/20220727_083000.WAV
816,HF,37440.0,0.34626492058932057,1633.6255,1633.636,37500,41150,Pipistrellus nathusii,0.066,0.103,-1,Echolocation,250000,/home/adkris/Documents/mila-human-wav-txt/20220727_083000.WAV
817,LF,24960.0,0.2843098022429253,1634.0015,1634.0142,22890,28591,Nyctalus leisleri,0.044,0.099,-1,Echolocation,250000,/home/adkris/Documents/mila-human-wav-txt/20220727_083000.WAV
818,HF,39360.0,0.6562605441251373,1634.2985,1634.3097,38359,41617,Pipistrellus nathusii,0.208,0.23,-1,Echolocation,250000,/home/adkris/Documents/mila-human-wav-txt/20220727_083000.WAV
819,HF,41280.0,1.490099773574988,1636.1205,1636.1294,36640,46720,Pipistrellus nathusii,0.073,0.132,-1,Echolocation,250000,/home/adkris/Documents/mila-human-wav-txt/20220727_083000.WAV
820,LF,21120.0,2.120772891106656,1640.1675,1640.1756,14296,23788,Plecotus auritus,0.043,0.101,-1,Echolocation,250000,/home/adkris/Documents/mila-human-wav-txt/20220727_083000.WAV
821,LF,24000.0,1.621305036105465,1643.2575,1643.2717,23750,29090,Nyctalus leisleri,0.044,0.092,-1,Echolocation,250000,/home/adkris/Documents/mila-human-wav-txt/20220727_083000.WAV
822,LF,24960.0,4.550382493484301,1643.7745,1643.794,22890,26684,Nyctalus leisleri,0.454,0.506,-1,Echolocation,250000,/home/adkris/Documents/mila-human-wav-txt/20220727_083000.WAV
823,LF,24960.0,2.017444581799243,1644.0395,1644.0552,23750,27171,Nyctalus leisleri,0.314,0.402,-1,Echolocation,250000,/home/adkris/Documents/mila-human-wav-txt/20220727_083000.WAV
824,LF,24000.0,2.729390242657623,1644.2965,1644.3164,22890,26847,Nyctalus leisleri,0.275,0.341,-1,Echolocation,250000,/home/adkris/Documents/mila-human-wav-txt/20220727_083000.WAV
825,LF,24000.0,4.049203743687164,1644.6785,1644.6987,23750,27282,Nyctalus leisleri,0.301,0.369,-1,Echolocation,250000,/home/adkris/Documents/mila-human-wav-txt/20220727_083000.WAV
826,LF,24000.0,2.55999989724687,1644.9415,1644.9596,22890,26205,Nyctalus leisleri,0.375,0.411,-1,Echolocation,250000,/home/adkris/Documents/mila-human-wav-txt/20220727_083000.WAV
827,LF,24960.0,6.049727886931622,1645.4615,1645.4811,22890,26086,Nyctalus leisleri,0.577,0.622,-1,Echolocation,250000,/home/adkris/Documents/mila-human-wav-txt/20220727_083000.WAV
828,LF,23040.0,0.5163792960673499,1645.7325,1645.7519,22890,26435,Nyctalus leisleri,0.136,0.19,-1,Echolocation,250000,/home/adkris/Documents/mila-human-wav-txt/20220727_083000.WAV
829,LF,24000.0,5.301114829138842,1645.8445,1645.8638,22890,25898,Nyctalus leisleri,0.531,0.571,-1,Echolocation,250000,/home/adkris/Documents/mila-human-wav-txt/20220727_083000.WAV
830,LF,24960.0,9.031901896006069,1646.3545,1646.3735,22890,26307,Nyctalus leisleri,0.588,0.642,-1,Echolocation,250000,/home/adkris/Documents/mila-human-wav-txt/20220727_083000.WAV
831,LF,24000.0,7.178868371337359,1646.7435,1646.7614,22890,25679,Nyctalus leisleri,0.672,0.697,-1,Echolocation,250000,/home/adkris/Documents/mila-human-wav-txt/20220727_083000.WAV
832,LF,24000.0,11.841744929745307,1647.1335,1647.1533,22890,25886,Nyctalus leisleri,0.639,0.669,-1,Echolocation,250000,/home/adkris/Documents/mila-human-wav-txt/20220727_083000.WAV
833,LF,24000.0,4.425373664578745,1647.5245,1647.5441,22890,26443,Nyctalus leisleri,0.521,0.566,-1,Echolocation,250000,/home/adkris/Documents/mila-human-wav-txt/20220727_083000.WAV
834,LF,24000.0,3.5256042179263685,1648.0505,1648.0705,22890,26521,Nyctalus leisleri,0.474,0.515,-1,Echolocation,250000,/home/adkris/Documents/mila-human-wav-txt/20220727_083000.WAV
835,LF,27840.0,0.15072364054368706,1648.1085,1648.1171,27187,34922,Eptesicus serotinus,0.046,0.086,-1,Echolocation,250000,/home/adkris/Documents/mila-human-wav-txt/20220727_083000.WAV
836,LF,20160.0,2.777387426965316,1648.1645,1648.1698,14296,29254,Plecotus auritus,0.08,0.101,-1,Echolocation,250000,/home/adkris/Documents/mila-human-wav-txt/20220727_083000.WAV
837,LF,19200.0,0.3797645386656866,1652.3195,1652.336,15156,17918,Nyctalus noctula,0.048,0.086,-1,Echolocation,250000,/home/adkris/Documents/mila-human-wav-txt/20220727_083000.WAV
838,LF,24000.0,1.0945947821617636,1654.2045,1654.2227,22031,25960,Nyctalus leisleri,0.052,0.114,-1,Echolocation,250000,/home/adkris/Documents/mila-human-wav-txt/20220727_083000.WAV
839,HF,40320.0,0.3399925199648027,1656.4955,1656.5064,37500,40728,Pipistrellus nathusii,0.061,0.085,-1,Echolocation,250000,/home/adkris/Documents/mila-human-wav-txt/20220727_083000.WAV
840,LF,21120.0,1.2797169971356777,1658.8455,1658.8506,13437,32162,Plecotus auritus,0.08,0.088,-1,Echolocation,250000,/home/adkris/Documents/mila-human-wav-txt/20220727_083000.WAV
841,LF,35520.0,0.9741090009343043,1661.3565,1661.3637,32343,37913,Barbastellus barbastellus,0.06,0.08,-1,Echolocation,250000,/home/adkris/Documents/mila-human-wav-txt/20220727_083000.WAV
842,LF,24000.0,0.5457428319464093,1665.4615,1665.4775,23750,28120,Nyctalus leisleri,0.037,0.085,-1,Echolocation,250000,/home/adkris/Documents/mila-human-wav-txt/20220727_083000.WAV
843,LF,24000.0,0.9036533990358422,1669.5605,1669.5716,22031,29636,Nyctalus noctula,0.062,0.188,-1,Echolocation,250000,/home/adkris/Documents/mila-human-wav-txt/20220727_083000.WAV
844,LF,28800.0,0.7235087346284951,1675.2035,1675.214,28906,34807,Eptesicus serotinus,0.049,0.08,-1,Echolocation,250000,/home/adkris/Documents/mila-human-wav-txt/20220727_083000.WAV
845,LF,29760.0,0.8516193411562438,1676.7625,1676.7761,28906,33125,Eptesicus serotinus,0.048,0.098,-1,Echolocation,250000,/home/adkris/Documents/mila-human-wav-txt/20220727_083000.WAV
846,LF,28800.0,1.1182463421810782,1677.8725,1677.8813,28046,35045,Eptesicus serotinus,0.045,0.08,-1,Echolocation,250000,/home/adkris/Documents/mila-human-wav-txt/20220727_083000.WAV
847,LF,24000.0,3.170894633079564,1680.1395,1680.1512,22031,27690,Nyctalus leisleri,0.028,0.083,-1,Echolocation,250000,/home/adkris/Documents/mila-human-wav-txt/20220727_083000.WAV
848,LF,23040.0,0.25085154141710736,1683.3615,1683.3723,19453,25910,Nyctalus noctula,0.038,0.085,-1,Echolocation,250000,/home/adkris/Documents/mila-human-wav-txt/20220727_083000.WAV
849,LF,23040.0,0.26259629477762764,1683.6815,1683.6969,22031,25529,Nyctalus leisleri,0.057,0.104,-1,Echolocation,250000,/home/adkris/Documents/mila-human-wav-txt/20220727_083000.WAV
850,LF,25920.0,0.2887862915049386,1684.0875,1684.1005,25468,30258,Nyctalus leisleri,0.111,0.254,-1,Echolocation,250000,/home/adkris/Documents/mila-human-wav-txt/20220727_083000.WAV
851,HF,46080.0,1.562821620787205,1687.5365,1687.5496,44375,47526,Pipistrellus pipistrellus,0.07,0.083,-1,Echolocation,250000,/home/adkris/Documents/mila-human-wav-txt/20220727_083000.WAV
852,HF,47040.0,2.7309920611570915,1692.5775,1692.5866,44375,48339,Pipistrellus pipistrellus,0.081,0.089,-1,Echolocation,250000,/home/adkris/Documents/mila-human-wav-txt/20220727_083000.WAV
853,LF,23040.0,2.264225872964039,1692.8725,1692.8828,21171,26587,Nyctalus noctula,0.026,0.088,-1,Echolocation,250000,/home/adkris/Documents/mila-human-wav-txt/20220727_083000.WAV
854,LF,25920.0,0.9244978395476247,1694.6325,1694.6493,25468,29536,Nyctalus leisleri,0.042,0.082,-1,Echolocation,250000,/home/adkris/Documents/mila-human-wav-txt/20220727_083000.WAV
855,LF,21120.0,1.4567654331851465,1695.0205,1695.027,14296,30934,Plecotus auritus,0.071,0.08,-1,Echolocation,250000,/home/adkris/Documents/mila-human-wav-txt/20220727_083000.WAV
856,LF,34560.0,0.3671910144324847,1695.2715,1695.2815,28906,38211,Eptesicus serotinus,0.085,0.11,-1,Echolocation,250000,/home/adkris/Documents/mila-human-wav-txt/20220727_083000.WAV
857,LF,26880.0,1.6815977368232025,1700.4175,1700.4352,26328,29871,Nyctalus leisleri,0.102,0.195,-1,Echolocation,250000,/home/adkris/Documents/mila-human-wav-txt/20220727_083000.WAV
858,HF,38400.0,1.5750303206933334,1700.6695,1700.6762,35781,41809,Barbastellus barbastellus,0.062,0.084,-1,Echolocation,250000,/home/adkris/Documents/mila-human-wav-txt/20220727_083000.WAV
859,LF,24000.0,0.8448817893140417,1703.3005,1703.3111,22031,27712,Nyctalus leisleri,0.033,0.111,-1,Echolocation,250000,/home/adkris/Documents/mila-human-wav-txt/20220727_083000.WAV
860,HF,38400.0,2.150905154581902,1704.8885,1704.894,34921,43223,Barbastellus barbastellus,0.132,0.173,-1,Echolocation,250000,/home/adkris/Documents/mila-human-wav-txt/20220727_083000.WAV
861,LF,28800.0,1.7401170405013606,1706.2505,1706.261,28906,35664,Eptesicus serotinus,0.058,0.084,-1,Echolocation,250000,/home/adkris/Documents/mila-human-wav-txt/20220727_083000.WAV
862,LF,28800.0,1.5990111344291353,1707.0465,1707.0557,27187,33522,Eptesicus serotinus,0.049,0.097,-1,Echolocation,250000,/home/adkris/Documents/mila-human-wav-txt/20220727_083000.WAV
863,LF,21120.0,1.6090979489443775,1712.5185,1712.5249,15156,29515,Plecotus auritus,0.102,0.127,-1,Echolocation,250000,/home/adkris/Documents/mila-human-wav-txt/20220727_083000.WAV
864,LF,24000.0,0.285568676138168,1717.5105,1717.524,22890,28687,Nyctalus leisleri,0.032,0.094,-1,Echolocation,250000,/home/adkris/Documents/mila-human-wav-txt/20220727_083000.WAV
865,HF,48000.0,1.2599085060592712,1717.5385,1717.5468,46953,50797,Pipistrellus pipistrellus,0.183,0.211,-1,Echolocation,250000,/home/adkris/Documents/mila-human-wav-txt/20220727_083000.WAV
866,LF,22080.0,1.3695854239494558,1728.0015,1728.0139,22031,26471,Nyctalus leisleri,0.069,0.103,-1,Echolocation,250000,/home/adkris/Documents/mila-human-wav-txt/20220727_083000.WAV
867,HF,41280.0,0.8779548728030184,1730.7525,1730.7662,40078,42914,Pipistrellus nathusii,0.07,0.083,-1,Echolocation,250000,/home/adkris/Documents/mila-human-wav-txt/20220727_083000.WAV
868,LF,36480.0,0.4276160722516792,1738.0875,1738.0961,35781,40681,Barbastellus barbastellus,0.059,0.124,-1,Echolocation,250000,/home/adkris/Documents/mila-human-wav-txt/20220727_083000.WAV
869,HF,40320.0,0.9065403848601805,1741.8935,1741.9042,39218,42815,Pipistrellus nathusii,0.078,0.091,-1,Echolocation,250000,/home/adkris/Documents/mila-human-wav-txt/20220727_083000.WAV
870,LF,22080.0,0.7372653287329317,1743.1935,1743.2104,22031,25618,Nyctalus leisleri,0.039,0.083,-1,Echolocation,250000,/home/adkris/Documents/mila-human-wav-txt/20220727_083000.WAV
871,LF,25920.0,1.341333112991083,1747.7605,1747.7667,24609,35327,Plecotus auritus,0.057,0.11,-1,Echolocation,250000,/home/adkris/Documents/mila-human-wav-txt/20220727_083000.WAV
872,LF,24000.0,0.9535703612959292,1759.7015,1759.7181,22890,27602,Nyctalus leisleri,0.036,0.086,-1,Echolocation,250000,/home/adkris/Documents/mila-human-wav-txt/20220727_083000.WAV
873,LF,24960.0,1.2069470864770537,1762.6955,1762.706,24609,31401,Eptesicus serotinus,0.064,0.145,-1,Echolocation,250000,/home/adkris/Documents/mila-human-wav-txt/20220727_083000.WAV
874,LF,23040.0,1.0393721747298033,1768.2415,1768.2533,22890,29293,Nyctalus leisleri,0.04,0.112,-1,Echolocation,250000,/home/adkris/Documents/mila-human-wav-txt/20220727_083000.WAV
875,LF,21120.0,1.1181061420267442,1771.3845,1771.4055,21171,24431,Nyctalus noctula,0.074,0.141,-1,Echolocation,250000,/home/adkris/Documents/mila-human-wav-txt/20220727_083000.WAV
876,LF,27840.0,0.15974823163191876,1772.0345,1772.0499,27187,31700,Eptesicus serotinus,0.064,0.14,-1,Echolocation,250000,/home/adkris/Documents/mila-human-wav-txt/20220727_083000.WAV
877,LF,27840.0,2.4779857353658343,1772.7315,1772.752,26328,30205,Nyctalus leisleri,0.13,0.227,-1,Echolocation,250000,/home/adkris/Documents/mila-human-wav-txt/20220727_083000.WAV
878,LF,26880.0,2.545275503505846,1773.4555,1773.4698,25468,30314,Nyctalus leisleri,0.057,0.112,-1,Echolocation,250000,/home/adkris/Documents/mila-human-wav-txt/20220727_083000.WAV
879,LF,26880.0,0.14869048059755077,1773.4805,1773.4922,22031,28004,Nyctalus noctula,0.026,0.081,-1,Echolocation,250000,/home/adkris/Documents/mila-human-wav-txt/20220727_083000.WAV
880,LF,27840.0,0.9953775769272535,1775.3945,1775.4011,27187,36754,Plecotus auritus,0.03,0.082,-1,Echolocation,250000,/home/adkris/Documents/mila-human-wav-txt/20220727_083000.WAV
881,LF,22080.0,0.5224972981634756,1784.1015,1784.123,20312,23118,Nyctalus noctula,0.128,0.216,-1,Echolocation,250000,/home/adkris/Documents/mila-human-wav-txt/20220727_083000.WAV
