,SNR_threshold,detection_threshold,num_bd2_detections,num_human_annotations,true_positives,false_positives,false_negatives,true_negatives,precision,recall,input_file_name,site_name
0,0.0,0.01,17146,110,106,17040,4,0,0.006182199930012831,0.9636363636363636,20220730_053000.WAV,Carp Pond
1,0.0,0.02,16922,110,106,16816,4,0,0.00626403498404444,0.9636363636363636,20220730_053000.WAV,Carp Pond
2,0.0,0.03,3147,110,106,3041,4,0,0.033682872577057515,0.9636363636363636,20220730_053000.WAV,Carp Pond
3,0.0,0.04,1142,110,106,1036,4,0,0.09281961471103327,0.9636363636363636,20220730_053000.WAV,Carp Pond
4,0.0,0.05,606,110,106,500,4,0,0.17491749174917492,0.9636363636363636,20220730_053000.WAV,Carp Pond
5,0.0,0.06,421,110,106,315,4,0,0.2517814726840855,0.9636363636363636,20220730_053000.WAV,Carp Pond
6,0.0,0.07,323,110,106,217,4,0,0.3281733746130031,0.9636363636363636,20220730_053000.WAV,Carp Pond
7,0.0,0.08,262,110,106,156,4,0,0.40458015267175573,0.9636363636363636,20220730_053000.WAV,Carp Pond
8,0.0,0.09,222,110,106,116,4,0,0.4774774774774775,0.9636363636363636,20220730_053000.WAV,Carp Pond
9,0.0,0.1,201,110,106,95,4,0,0.527363184079602,0.9636363636363636,20220730_053000.WAV,Carp Pond
10,0.0,0.11,190,110,106,84,4,0,0.5578947368421052,0.9636363636363636,20220730_053000.WAV,Carp Pond
11,0.0,0.12,178,110,104,74,6,0,0.5842696629213483,0.9454545454545454,20220730_053000.WAV,Carp Pond
12,0.0,0.13,167,110,103,64,7,0,0.6167664670658682,0.9363636363636364,20220730_053000.WAV,Carp Pond
13,0.0,0.14,156,110,103,53,7,0,0.6602564102564102,0.9363636363636364,20220730_053000.WAV,Carp Pond
14,0.0,0.15,152,110,103,49,7,0,0.6776315789473685,0.9363636363636364,20220730_053000.WAV,Carp Pond
15,0.0,0.16,149,110,103,46,7,0,0.6912751677852349,0.9363636363636364,20220730_053000.WAV,Carp Pond
16,0.0,0.17,144,110,101,43,9,0,0.7013888888888888,0.9181818181818182,20220730_053000.WAV,Carp Pond
17,0.0,0.18,142,110,101,41,9,0,0.7112676056338029,0.9181818181818182,20220730_053000.WAV,Carp Pond
18,0.0,0.19,138,110,101,37,9,0,0.7318840579710145,0.9181818181818182,20220730_053000.WAV,Carp Pond
19,0.0,0.2,134,110,101,33,9,0,0.753731343283582,0.9181818181818182,20220730_053000.WAV,Carp Pond
20,0.0,0.21,130,110,101,29,9,0,0.7769230769230769,0.9181818181818182,20220730_053000.WAV,Carp Pond
21,0.0,0.22,125,110,101,24,9,0,0.808,0.9181818181818182,20220730_053000.WAV,Carp Pond
22,0.0,0.23,123,110,101,22,9,0,0.8211382113821138,0.9181818181818182,20220730_053000.WAV,Carp Pond
23,0.0,0.24,121,110,100,21,10,0,0.8264462809917356,0.9090909090909091,20220730_053000.WAV,Carp Pond
24,0.0,0.25,120,110,100,20,10,0,0.8333333333333334,0.9090909090909091,20220730_053000.WAV,Carp Pond
25,0.0,0.26,117,110,98,19,12,0,0.8376068376068376,0.8909090909090909,20220730_053000.WAV,Carp Pond
26,0.0,0.27,116,110,97,19,13,0,0.8362068965517241,0.8818181818181818,20220730_053000.WAV,Carp Pond
27,0.0,0.28,115,110,97,18,13,0,0.8434782608695652,0.8818181818181818,20220730_053000.WAV,Carp Pond
28,0.0,0.29,114,110,97,17,13,0,0.8508771929824561,0.8818181818181818,20220730_053000.WAV,Carp Pond
29,0.0,0.3,113,110,96,17,14,0,0.8495575221238938,0.8727272727272727,20220730_053000.WAV,Carp Pond
30,0.0,0.31,111,110,96,15,14,0,0.8648648648648649,0.8727272727272727,20220730_053000.WAV,Carp Pond
31,0.0,0.32,108,110,93,15,17,0,0.8611111111111112,0.8454545454545455,20220730_053000.WAV,Carp Pond
32,0.0,0.33,106,110,93,13,17,0,0.8773584905660378,0.8454545454545455,20220730_053000.WAV,Carp Pond
33,0.0,0.34,104,110,91,13,19,0,0.875,0.8272727272727273,20220730_053000.WAV,Carp Pond
34,0.0,0.35,103,110,90,13,20,0,0.8737864077669902,0.8181818181818182,20220730_053000.WAV,Carp Pond
35,0.0,0.36,101,110,90,11,20,0,0.8910891089108911,0.8181818181818182,20220730_053000.WAV,Carp Pond
36,0.0,0.37,99,110,89,10,21,0,0.898989898989899,0.8090909090909091,20220730_053000.WAV,Carp Pond
37,0.0,0.38,96,110,86,10,24,0,0.8958333333333334,0.7818181818181819,20220730_053000.WAV,Carp Pond
38,0.0,0.39,94,110,85,9,25,0,0.9042553191489362,0.7727272727272727,20220730_053000.WAV,Carp Pond
39,0.0,0.4,91,110,84,7,26,0,0.9230769230769231,0.7636363636363637,20220730_053000.WAV,Carp Pond
40,0.0,0.41,89,110,82,7,28,0,0.9213483146067416,0.7454545454545455,20220730_053000.WAV,Carp Pond
41,0.0,0.42,89,110,82,7,28,0,0.9213483146067416,0.7454545454545455,20220730_053000.WAV,Carp Pond
42,0.0,0.43,89,110,82,7,28,0,0.9213483146067416,0.7454545454545455,20220730_053000.WAV,Carp Pond
43,0.0,0.44,84,110,78,6,32,0,0.9285714285714286,0.7090909090909091,20220730_053000.WAV,Carp Pond
44,0.0,0.45,81,110,75,6,35,0,0.9259259259259259,0.6818181818181818,20220730_053000.WAV,Carp Pond
45,0.0,0.46,80,110,75,5,35,0,0.9375,0.6818181818181818,20220730_053000.WAV,Carp Pond
46,0.0,0.47,79,110,74,5,36,0,0.9367088607594937,0.6727272727272727,20220730_053000.WAV,Carp Pond
47,0.0,0.48,73,110,69,4,41,0,0.9452054794520548,0.6272727272727273,20220730_053000.WAV,Carp Pond
48,0.0,0.49,67,110,65,2,45,0,0.9701492537313433,0.5909090909090909,20220730_053000.WAV,Carp Pond
49,0.0,0.5,65,110,63,2,47,0,0.9692307692307692,0.5727272727272728,20220730_053000.WAV,Carp Pond
50,0.0,0.51,60,110,58,2,52,0,0.9666666666666667,0.5272727272727272,20220730_053000.WAV,Carp Pond
51,0.0,0.52,55,110,53,2,57,0,0.9636363636363636,0.4818181818181818,20220730_053000.WAV,Carp Pond
52,0.0,0.53,54,110,52,2,58,0,0.9629629629629629,0.4727272727272727,20220730_053000.WAV,Carp Pond
53,0.0,0.54,50,110,48,2,62,0,0.96,0.43636363636363634,20220730_053000.WAV,Carp Pond
54,0.0,0.55,47,110,45,2,65,0,0.9574468085106383,0.4090909090909091,20220730_053000.WAV,Carp Pond
55,0.0,0.56,40,110,38,2,72,0,0.95,0.34545454545454546,20220730_053000.WAV,Carp Pond
56,0.0,0.57,34,110,32,2,78,0,0.9411764705882353,0.2909090909090909,20220730_053000.WAV,Carp Pond
57,0.0,0.58,32,110,30,2,80,0,0.9375,0.2727272727272727,20220730_053000.WAV,Carp Pond
58,0.0,0.59,28,110,28,0,82,0,1.0,0.2545454545454545,20220730_053000.WAV,Carp Pond
59,0.0,0.6,22,110,22,0,88,0,1.0,0.2,20220730_053000.WAV,Carp Pond
60,1.0,0.01,5113,110,106,5007,4,0,0.020731468805006845,0.9636363636363636,20220730_053000.WAV,Carp Pond
61,1.0,0.02,5059,110,106,4953,4,0,0.020952757461949002,0.9636363636363636,20220730_053000.WAV,Carp Pond
62,1.0,0.03,1184,110,106,1078,4,0,0.08952702702702703,0.9636363636363636,20220730_053000.WAV,Carp Pond
63,1.0,0.04,518,110,106,412,4,0,0.20463320463320464,0.9636363636363636,20220730_053000.WAV,Carp Pond
64,1.0,0.05,316,110,106,210,4,0,0.33544303797468356,0.9636363636363636,20220730_053000.WAV,Carp Pond
65,1.0,0.06,249,110,106,143,4,0,0.42570281124497994,0.9636363636363636,20220730_053000.WAV,Carp Pond
66,1.0,0.07,219,110,106,113,4,0,0.4840182648401826,0.9636363636363636,20220730_053000.WAV,Carp Pond
67,1.0,0.08,193,110,106,87,4,0,0.5492227979274611,0.9636363636363636,20220730_053000.WAV,Carp Pond
68,1.0,0.09,176,110,106,70,4,0,0.6022727272727273,0.9636363636363636,20220730_053000.WAV,Carp Pond
69,1.0,0.1,164,110,106,58,4,0,0.6463414634146342,0.9636363636363636,20220730_053000.WAV,Carp Pond
70,1.0,0.11,158,110,106,52,4,0,0.6708860759493671,0.9636363636363636,20220730_053000.WAV,Carp Pond
71,1.0,0.12,153,110,104,49,6,0,0.6797385620915033,0.9454545454545454,20220730_053000.WAV,Carp Pond
72,1.0,0.13,148,110,103,45,7,0,0.6959459459459459,0.9363636363636364,20220730_053000.WAV,Carp Pond
73,1.0,0.14,143,110,103,40,7,0,0.7202797202797203,0.9363636363636364,20220730_053000.WAV,Carp Pond
74,1.0,0.15,140,110,103,37,7,0,0.7357142857142858,0.9363636363636364,20220730_053000.WAV,Carp Pond
75,1.0,0.16,138,110,103,35,7,0,0.7463768115942029,0.9363636363636364,20220730_053000.WAV,Carp Pond
76,1.0,0.17,135,110,101,34,9,0,0.7481481481481481,0.9181818181818182,20220730_053000.WAV,Carp Pond
77,1.0,0.18,133,110,101,32,9,0,0.7593984962406015,0.9181818181818182,20220730_053000.WAV,Carp Pond
78,1.0,0.19,130,110,101,29,9,0,0.7769230769230769,0.9181818181818182,20220730_053000.WAV,Carp Pond
79,1.0,0.2,128,110,101,27,9,0,0.7890625,0.9181818181818182,20220730_053000.WAV,Carp Pond
80,1.0,0.21,125,110,101,24,9,0,0.808,0.9181818181818182,20220730_053000.WAV,Carp Pond
81,1.0,0.22,123,110,101,22,9,0,0.8211382113821138,0.9181818181818182,20220730_053000.WAV,Carp Pond
82,1.0,0.23,121,110,101,20,9,0,0.8347107438016529,0.9181818181818182,20220730_053000.WAV,Carp Pond
83,1.0,0.24,119,110,100,19,10,0,0.8403361344537815,0.9090909090909091,20220730_053000.WAV,Carp Pond
84,1.0,0.25,119,110,100,19,10,0,0.8403361344537815,0.9090909090909091,20220730_053000.WAV,Carp Pond
85,1.0,0.26,116,110,98,18,12,0,0.8448275862068966,0.8909090909090909,20220730_053000.WAV,Carp Pond
86,1.0,0.27,115,110,97,18,13,0,0.8434782608695652,0.8818181818181818,20220730_053000.WAV,Carp Pond
87,1.0,0.28,114,110,97,17,13,0,0.8508771929824561,0.8818181818181818,20220730_053000.WAV,Carp Pond
88,1.0,0.29,114,110,97,17,13,0,0.8508771929824561,0.8818181818181818,20220730_053000.WAV,Carp Pond
89,1.0,0.3,113,110,96,17,14,0,0.8495575221238938,0.8727272727272727,20220730_053000.WAV,Carp Pond
90,1.0,0.31,111,110,96,15,14,0,0.8648648648648649,0.8727272727272727,20220730_053000.WAV,Carp Pond
91,1.0,0.32,108,110,93,15,17,0,0.8611111111111112,0.8454545454545455,20220730_053000.WAV,Carp Pond
92,1.0,0.33,106,110,93,13,17,0,0.8773584905660378,0.8454545454545455,20220730_053000.WAV,Carp Pond
93,1.0,0.34,104,110,91,13,19,0,0.875,0.8272727272727273,20220730_053000.WAV,Carp Pond
94,1.0,0.35,103,110,90,13,20,0,0.8737864077669902,0.8181818181818182,20220730_053000.WAV,Carp Pond
95,1.0,0.36,101,110,90,11,20,0,0.8910891089108911,0.8181818181818182,20220730_053000.WAV,Carp Pond
96,1.0,0.37,99,110,89,10,21,0,0.898989898989899,0.8090909090909091,20220730_053000.WAV,Carp Pond
97,1.0,0.38,96,110,86,10,24,0,0.8958333333333334,0.7818181818181819,20220730_053000.WAV,Carp Pond
98,1.0,0.39,94,110,85,9,25,0,0.9042553191489362,0.7727272727272727,20220730_053000.WAV,Carp Pond
99,1.0,0.4,91,110,84,7,26,0,0.9230769230769231,0.7636363636363637,20220730_053000.WAV,Carp Pond
100,1.0,0.41,89,110,82,7,28,0,0.9213483146067416,0.7454545454545455,20220730_053000.WAV,Carp Pond
101,1.0,0.42,89,110,82,7,28,0,0.9213483146067416,0.7454545454545455,20220730_053000.WAV,Carp Pond
102,1.0,0.43,89,110,82,7,28,0,0.9213483146067416,0.7454545454545455,20220730_053000.WAV,Carp Pond
103,1.0,0.44,84,110,78,6,32,0,0.9285714285714286,0.7090909090909091,20220730_053000.WAV,Carp Pond
104,1.0,0.45,81,110,75,6,35,0,0.9259259259259259,0.6818181818181818,20220730_053000.WAV,Carp Pond
105,1.0,0.46,80,110,75,5,35,0,0.9375,0.6818181818181818,20220730_053000.WAV,Carp Pond
106,1.0,0.47,79,110,74,5,36,0,0.9367088607594937,0.6727272727272727,20220730_053000.WAV,Carp Pond
107,1.0,0.48,73,110,69,4,41,0,0.9452054794520548,0.6272727272727273,20220730_053000.WAV,Carp Pond
108,1.0,0.49,67,110,65,2,45,0,0.9701492537313433,0.5909090909090909,20220730_053000.WAV,Carp Pond
109,1.0,0.5,65,110,63,2,47,0,0.9692307692307692,0.5727272727272728,20220730_053000.WAV,Carp Pond
110,1.0,0.51,60,110,58,2,52,0,0.9666666666666667,0.5272727272727272,20220730_053000.WAV,Carp Pond
111,1.0,0.52,55,110,53,2,57,0,0.9636363636363636,0.4818181818181818,20220730_053000.WAV,Carp Pond
112,1.0,0.53,54,110,52,2,58,0,0.9629629629629629,0.4727272727272727,20220730_053000.WAV,Carp Pond
113,1.0,0.54,50,110,48,2,62,0,0.96,0.43636363636363634,20220730_053000.WAV,Carp Pond
114,1.0,0.55,47,110,45,2,65,0,0.9574468085106383,0.4090909090909091,20220730_053000.WAV,Carp Pond
115,1.0,0.56,40,110,38,2,72,0,0.95,0.34545454545454546,20220730_053000.WAV,Carp Pond
116,1.0,0.57,34,110,32,2,78,0,0.9411764705882353,0.2909090909090909,20220730_053000.WAV,Carp Pond
117,1.0,0.58,32,110,30,2,80,0,0.9375,0.2727272727272727,20220730_053000.WAV,Carp Pond
118,1.0,0.59,28,110,28,0,82,0,1.0,0.2545454545454545,20220730_053000.WAV,Carp Pond
119,1.0,0.6,22,110,22,0,88,0,1.0,0.2,20220730_053000.WAV,Carp Pond
120,2.0,0.01,592,110,106,486,4,0,0.17905405405405406,0.9636363636363636,20220730_053000.WAV,Carp Pond
121,2.0,0.02,592,110,106,486,4,0,0.17905405405405406,0.9636363636363636,20220730_053000.WAV,Carp Pond
122,2.0,0.03,340,110,106,234,4,0,0.31176470588235294,0.9636363636363636,20220730_053000.WAV,Carp Pond
123,2.0,0.04,239,110,106,133,4,0,0.4435146443514644,0.9636363636363636,20220730_053000.WAV,Carp Pond
124,2.0,0.05,188,110,106,82,4,0,0.5638297872340425,0.9636363636363636,20220730_053000.WAV,Carp Pond
125,2.0,0.06,177,110,106,71,4,0,0.5988700564971752,0.9636363636363636,20220730_053000.WAV,Carp Pond
126,2.0,0.07,164,110,106,58,4,0,0.6463414634146342,0.9636363636363636,20220730_053000.WAV,Carp Pond
127,2.0,0.08,155,110,106,49,4,0,0.6838709677419355,0.9636363636363636,20220730_053000.WAV,Carp Pond
128,2.0,0.09,149,110,106,43,4,0,0.7114093959731543,0.9636363636363636,20220730_053000.WAV,Carp Pond
129,2.0,0.1,146,110,106,40,4,0,0.726027397260274,0.9636363636363636,20220730_053000.WAV,Carp Pond
130,2.0,0.11,145,110,106,39,4,0,0.7310344827586207,0.9636363636363636,20220730_053000.WAV,Carp Pond
131,2.0,0.12,143,110,104,39,6,0,0.7272727272727273,0.9454545454545454,20220730_053000.WAV,Carp Pond
132,2.0,0.13,138,110,103,35,7,0,0.7463768115942029,0.9363636363636364,20220730_053000.WAV,Carp Pond
133,2.0,0.14,135,110,103,32,7,0,0.762962962962963,0.9363636363636364,20220730_053000.WAV,Carp Pond
134,2.0,0.15,134,110,103,31,7,0,0.7686567164179104,0.9363636363636364,20220730_053000.WAV,Carp Pond
135,2.0,0.16,133,110,103,30,7,0,0.7744360902255639,0.9363636363636364,20220730_053000.WAV,Carp Pond
136,2.0,0.17,130,110,101,29,9,0,0.7769230769230769,0.9181818181818182,20220730_053000.WAV,Carp Pond
137,2.0,0.18,130,110,101,29,9,0,0.7769230769230769,0.9181818181818182,20220730_053000.WAV,Carp Pond
138,2.0,0.19,127,110,101,26,9,0,0.7952755905511811,0.9181818181818182,20220730_053000.WAV,Carp Pond
139,2.0,0.2,126,110,101,25,9,0,0.8015873015873016,0.9181818181818182,20220730_053000.WAV,Carp Pond
140,2.0,0.21,124,110,101,23,9,0,0.8145161290322581,0.9181818181818182,20220730_053000.WAV,Carp Pond
141,2.0,0.22,122,110,101,21,9,0,0.8278688524590164,0.9181818181818182,20220730_053000.WAV,Carp Pond
142,2.0,0.23,121,110,101,20,9,0,0.8347107438016529,0.9181818181818182,20220730_053000.WAV,Carp Pond
143,2.0,0.24,119,110,100,19,10,0,0.8403361344537815,0.9090909090909091,20220730_053000.WAV,Carp Pond
144,2.0,0.25,119,110,100,19,10,0,0.8403361344537815,0.9090909090909091,20220730_053000.WAV,Carp Pond
145,2.0,0.26,116,110,98,18,12,0,0.8448275862068966,0.8909090909090909,20220730_053000.WAV,Carp Pond
146,2.0,0.27,115,110,97,18,13,0,0.8434782608695652,0.8818181818181818,20220730_053000.WAV,Carp Pond
147,2.0,0.28,114,110,97,17,13,0,0.8508771929824561,0.8818181818181818,20220730_053000.WAV,Carp Pond
148,2.0,0.29,114,110,97,17,13,0,0.8508771929824561,0.8818181818181818,20220730_053000.WAV,Carp Pond
149,2.0,0.3,113,110,96,17,14,0,0.8495575221238938,0.8727272727272727,20220730_053000.WAV,Carp Pond
150,2.0,0.31,111,110,96,15,14,0,0.8648648648648649,0.8727272727272727,20220730_053000.WAV,Carp Pond
151,2.0,0.32,108,110,93,15,17,0,0.8611111111111112,0.8454545454545455,20220730_053000.WAV,Carp Pond
152,2.0,0.33,106,110,93,13,17,0,0.8773584905660378,0.8454545454545455,20220730_053000.WAV,Carp Pond
153,2.0,0.34,104,110,91,13,19,0,0.875,0.8272727272727273,20220730_053000.WAV,Carp Pond
154,2.0,0.35,103,110,90,13,20,0,0.8737864077669902,0.8181818181818182,20220730_053000.WAV,Carp Pond
155,2.0,0.36,101,110,90,11,20,0,0.8910891089108911,0.8181818181818182,20220730_053000.WAV,Carp Pond
156,2.0,0.37,99,110,89,10,21,0,0.898989898989899,0.8090909090909091,20220730_053000.WAV,Carp Pond
157,2.0,0.38,96,110,86,10,24,0,0.8958333333333334,0.7818181818181819,20220730_053000.WAV,Carp Pond
158,2.0,0.39,94,110,85,9,25,0,0.9042553191489362,0.7727272727272727,20220730_053000.WAV,Carp Pond
159,2.0,0.4,91,110,84,7,26,0,0.9230769230769231,0.7636363636363637,20220730_053000.WAV,Carp Pond
160,2.0,0.41,89,110,82,7,28,0,0.9213483146067416,0.7454545454545455,20220730_053000.WAV,Carp Pond
161,2.0,0.42,89,110,82,7,28,0,0.9213483146067416,0.7454545454545455,20220730_053000.WAV,Carp Pond
162,2.0,0.43,89,110,82,7,28,0,0.9213483146067416,0.7454545454545455,20220730_053000.WAV,Carp Pond
163,2.0,0.44,84,110,78,6,32,0,0.9285714285714286,0.7090909090909091,20220730_053000.WAV,Carp Pond
164,2.0,0.45,81,110,75,6,35,0,0.9259259259259259,0.6818181818181818,20220730_053000.WAV,Carp Pond
165,2.0,0.46,80,110,75,5,35,0,0.9375,0.6818181818181818,20220730_053000.WAV,Carp Pond
166,2.0,0.47,79,110,74,5,36,0,0.9367088607594937,0.6727272727272727,20220730_053000.WAV,Carp Pond
167,2.0,0.48,73,110,69,4,41,0,0.9452054794520548,0.6272727272727273,20220730_053000.WAV,Carp Pond
168,2.0,0.49,67,110,65,2,45,0,0.9701492537313433,0.5909090909090909,20220730_053000.WAV,Carp Pond
169,2.0,0.5,65,110,63,2,47,0,0.9692307692307692,0.5727272727272728,20220730_053000.WAV,Carp Pond
170,2.0,0.51,60,110,58,2,52,0,0.9666666666666667,0.5272727272727272,20220730_053000.WAV,Carp Pond
171,2.0,0.52,55,110,53,2,57,0,0.9636363636363636,0.4818181818181818,20220730_053000.WAV,Carp Pond
172,2.0,0.53,54,110,52,2,58,0,0.9629629629629629,0.4727272727272727,20220730_053000.WAV,Carp Pond
173,2.0,0.54,50,110,48,2,62,0,0.96,0.43636363636363634,20220730_053000.WAV,Carp Pond
174,2.0,0.55,47,110,45,2,65,0,0.9574468085106383,0.4090909090909091,20220730_053000.WAV,Carp Pond
175,2.0,0.56,40,110,38,2,72,0,0.95,0.34545454545454546,20220730_053000.WAV,Carp Pond
176,2.0,0.57,34,110,32,2,78,0,0.9411764705882353,0.2909090909090909,20220730_053000.WAV,Carp Pond
177,2.0,0.58,32,110,30,2,80,0,0.9375,0.2727272727272727,20220730_053000.WAV,Carp Pond
178,2.0,0.59,28,110,28,0,82,0,1.0,0.2545454545454545,20220730_053000.WAV,Carp Pond
179,2.0,0.6,22,110,22,0,88,0,1.0,0.2,20220730_053000.WAV,Carp Pond
180,3.0,0.01,259,110,105,154,5,0,0.40540540540540543,0.9545454545454546,20220730_053000.WAV,Carp Pond
181,3.0,0.02,259,110,105,154,5,0,0.40540540540540543,0.9545454545454546,20220730_053000.WAV,Carp Pond
182,3.0,0.03,209,110,105,104,5,0,0.5023923444976076,0.9545454545454546,20220730_053000.WAV,Carp Pond
183,3.0,0.04,180,110,105,75,5,0,0.5833333333333334,0.9545454545454546,20220730_053000.WAV,Carp Pond
184,3.0,0.05,154,110,105,49,5,0,0.6818181818181818,0.9545454545454546,20220730_053000.WAV,Carp Pond
185,3.0,0.06,149,110,105,44,5,0,0.7046979865771812,0.9545454545454546,20220730_053000.WAV,Carp Pond
186,3.0,0.07,141,110,105,36,5,0,0.7446808510638298,0.9545454545454546,20220730_053000.WAV,Carp Pond
187,3.0,0.08,134,110,105,29,5,0,0.7835820895522388,0.9545454545454546,20220730_053000.WAV,Carp Pond
188,3.0,0.09,133,110,105,28,5,0,0.7894736842105263,0.9545454545454546,20220730_053000.WAV,Carp Pond
189,3.0,0.1,131,110,105,26,5,0,0.8015267175572519,0.9545454545454546,20220730_053000.WAV,Carp Pond
190,3.0,0.11,131,110,105,26,5,0,0.8015267175572519,0.9545454545454546,20220730_053000.WAV,Carp Pond
191,3.0,0.12,129,110,103,26,7,0,0.7984496124031008,0.9363636363636364,20220730_053000.WAV,Carp Pond
192,3.0,0.13,126,110,102,24,8,0,0.8095238095238095,0.9272727272727272,20220730_053000.WAV,Carp Pond
193,3.0,0.14,125,110,102,23,8,0,0.816,0.9272727272727272,20220730_053000.WAV,Carp Pond
194,3.0,0.15,125,110,102,23,8,0,0.816,0.9272727272727272,20220730_053000.WAV,Carp Pond
195,3.0,0.16,124,110,102,22,8,0,0.8225806451612904,0.9272727272727272,20220730_053000.WAV,Carp Pond
196,3.0,0.17,122,110,100,22,10,0,0.819672131147541,0.9090909090909091,20220730_053000.WAV,Carp Pond
197,3.0,0.18,122,110,100,22,10,0,0.819672131147541,0.9090909090909091,20220730_053000.WAV,Carp Pond
198,3.0,0.19,120,110,100,20,10,0,0.8333333333333334,0.9090909090909091,20220730_053000.WAV,Carp Pond
199,3.0,0.2,120,110,100,20,10,0,0.8333333333333334,0.9090909090909091,20220730_053000.WAV,Carp Pond
200,3.0,0.21,118,110,100,18,10,0,0.847457627118644,0.9090909090909091,20220730_053000.WAV,Carp Pond
201,3.0,0.22,117,110,100,17,10,0,0.8547008547008547,0.9090909090909091,20220730_053000.WAV,Carp Pond
202,3.0,0.23,116,110,100,16,10,0,0.8620689655172413,0.9090909090909091,20220730_053000.WAV,Carp Pond
203,3.0,0.24,114,110,99,15,11,0,0.868421052631579,0.9,20220730_053000.WAV,Carp Pond
204,3.0,0.25,114,110,99,15,11,0,0.868421052631579,0.9,20220730_053000.WAV,Carp Pond
205,3.0,0.26,111,110,97,14,13,0,0.8738738738738738,0.8818181818181818,20220730_053000.WAV,Carp Pond
206,3.0,0.27,110,110,96,14,14,0,0.8727272727272727,0.8727272727272727,20220730_053000.WAV,Carp Pond
207,3.0,0.28,109,110,96,13,14,0,0.8807339449541285,0.8727272727272727,20220730_053000.WAV,Carp Pond
208,3.0,0.29,109,110,96,13,14,0,0.8807339449541285,0.8727272727272727,20220730_053000.WAV,Carp Pond
209,3.0,0.3,109,110,96,13,14,0,0.8807339449541285,0.8727272727272727,20220730_053000.WAV,Carp Pond
210,3.0,0.31,107,110,96,11,14,0,0.897196261682243,0.8727272727272727,20220730_053000.WAV,Carp Pond
211,3.0,0.32,104,110,93,11,17,0,0.8942307692307693,0.8454545454545455,20220730_053000.WAV,Carp Pond
212,3.0,0.33,103,110,93,10,17,0,0.9029126213592233,0.8454545454545455,20220730_053000.WAV,Carp Pond
213,3.0,0.34,101,110,91,10,19,0,0.900990099009901,0.8272727272727273,20220730_053000.WAV,Carp Pond
214,3.0,0.35,100,110,90,10,20,0,0.9,0.8181818181818182,20220730_053000.WAV,Carp Pond
215,3.0,0.36,99,110,90,9,20,0,0.9090909090909091,0.8181818181818182,20220730_053000.WAV,Carp Pond
216,3.0,0.37,97,110,89,8,21,0,0.9175257731958762,0.8090909090909091,20220730_053000.WAV,Carp Pond
217,3.0,0.38,94,110,86,8,24,0,0.9148936170212766,0.7818181818181819,20220730_053000.WAV,Carp Pond
218,3.0,0.39,92,110,85,7,25,0,0.9239130434782609,0.7727272727272727,20220730_053000.WAV,Carp Pond
219,3.0,0.4,90,110,84,6,26,0,0.9333333333333333,0.7636363636363637,20220730_053000.WAV,Carp Pond
220,3.0,0.41,88,110,82,6,28,0,0.9318181818181818,0.7454545454545455,20220730_053000.WAV,Carp Pond
221,3.0,0.42,88,110,82,6,28,0,0.9318181818181818,0.7454545454545455,20220730_053000.WAV,Carp Pond
222,3.0,0.43,88,110,82,6,28,0,0.9318181818181818,0.7454545454545455,20220730_053000.WAV,Carp Pond
223,3.0,0.44,83,110,78,5,32,0,0.9397590361445783,0.7090909090909091,20220730_053000.WAV,Carp Pond
224,3.0,0.45,80,110,75,5,35,0,0.9375,0.6818181818181818,20220730_053000.WAV,Carp Pond
225,3.0,0.46,79,110,75,4,35,0,0.9493670886075949,0.6818181818181818,20220730_053000.WAV,Carp Pond
226,3.0,0.47,78,110,74,4,36,0,0.9487179487179487,0.6727272727272727,20220730_053000.WAV,Carp Pond
227,3.0,0.48,72,110,69,3,41,0,0.9583333333333334,0.6272727272727273,20220730_053000.WAV,Carp Pond
228,3.0,0.49,66,110,65,1,45,0,0.9848484848484849,0.5909090909090909,20220730_053000.WAV,Carp Pond
229,3.0,0.5,64,110,63,1,47,0,0.984375,0.5727272727272728,20220730_053000.WAV,Carp Pond
230,3.0,0.51,59,110,58,1,52,0,0.9830508474576272,0.5272727272727272,20220730_053000.WAV,Carp Pond
231,3.0,0.52,54,110,53,1,57,0,0.9814814814814815,0.4818181818181818,20220730_053000.WAV,Carp Pond
232,3.0,0.53,53,110,52,1,58,0,0.9811320754716981,0.4727272727272727,20220730_053000.WAV,Carp Pond
233,3.0,0.54,49,110,48,1,62,0,0.9795918367346939,0.43636363636363634,20220730_053000.WAV,Carp Pond
234,3.0,0.55,46,110,45,1,65,0,0.9782608695652174,0.4090909090909091,20220730_053000.WAV,Carp Pond
235,3.0,0.56,39,110,38,1,72,0,0.9743589743589743,0.34545454545454546,20220730_053000.WAV,Carp Pond
236,3.0,0.57,33,110,32,1,78,0,0.9696969696969697,0.2909090909090909,20220730_053000.WAV,Carp Pond
237,3.0,0.58,31,110,30,1,80,0,0.967741935483871,0.2727272727272727,20220730_053000.WAV,Carp Pond
238,3.0,0.59,28,110,28,0,82,0,1.0,0.2545454545454545,20220730_053000.WAV,Carp Pond
239,3.0,0.6,22,110,22,0,88,0,1.0,0.2,20220730_053000.WAV,Carp Pond
240,4.0,0.01,189,100,96,93,4,0,0.5079365079365079,0.96,20220730_053000.WAV,Carp Pond
241,4.0,0.02,189,100,96,93,4,0,0.5079365079365079,0.96,20220730_053000.WAV,Carp Pond
242,4.0,0.03,165,100,96,69,4,0,0.5818181818181818,0.96,20220730_053000.WAV,Carp Pond
243,4.0,0.04,149,100,96,53,4,0,0.6442953020134228,0.96,20220730_053000.WAV,Carp Pond
244,4.0,0.05,130,100,96,34,4,0,0.7384615384615385,0.96,20220730_053000.WAV,Carp Pond
245,4.0,0.06,126,100,96,30,4,0,0.7619047619047619,0.96,20220730_053000.WAV,Carp Pond
246,4.0,0.07,120,100,96,24,4,0,0.8,0.96,20220730_053000.WAV,Carp Pond
247,4.0,0.08,116,100,96,20,4,0,0.8275862068965517,0.96,20220730_053000.WAV,Carp Pond
248,4.0,0.09,116,100,96,20,4,0,0.8275862068965517,0.96,20220730_053000.WAV,Carp Pond
249,4.0,0.1,116,100,96,20,4,0,0.8275862068965517,0.96,20220730_053000.WAV,Carp Pond
250,4.0,0.11,116,100,96,20,4,0,0.8275862068965517,0.96,20220730_053000.WAV,Carp Pond
251,4.0,0.12,114,100,95,19,5,0,0.8333333333333334,0.95,20220730_053000.WAV,Carp Pond
252,4.0,0.13,112,100,95,17,5,0,0.8482142857142857,0.95,20220730_053000.WAV,Carp Pond
253,4.0,0.14,111,100,95,16,5,0,0.8558558558558559,0.95,20220730_053000.WAV,Carp Pond
254,4.0,0.15,111,100,95,16,5,0,0.8558558558558559,0.95,20220730_053000.WAV,Carp Pond
255,4.0,0.16,110,100,95,15,5,0,0.8636363636363636,0.95,20220730_053000.WAV,Carp Pond
256,4.0,0.17,108,100,93,15,7,0,0.8611111111111112,0.93,20220730_053000.WAV,Carp Pond
257,4.0,0.18,108,100,93,15,7,0,0.8611111111111112,0.93,20220730_053000.WAV,Carp Pond
258,4.0,0.19,108,100,93,15,7,0,0.8611111111111112,0.93,20220730_053000.WAV,Carp Pond
259,4.0,0.2,108,100,93,15,7,0,0.8611111111111112,0.93,20220730_053000.WAV,Carp Pond
260,4.0,0.21,108,100,93,15,7,0,0.8611111111111112,0.93,20220730_053000.WAV,Carp Pond
261,4.0,0.22,107,100,93,14,7,0,0.8691588785046729,0.93,20220730_053000.WAV,Carp Pond
262,4.0,0.23,106,100,93,13,7,0,0.8773584905660378,0.93,20220730_053000.WAV,Carp Pond
263,4.0,0.24,105,100,92,13,8,0,0.8761904761904762,0.92,20220730_053000.WAV,Carp Pond
264,4.0,0.25,105,100,92,13,8,0,0.8761904761904762,0.92,20220730_053000.WAV,Carp Pond
265,4.0,0.26,103,100,91,12,9,0,0.883495145631068,0.91,20220730_053000.WAV,Carp Pond
266,4.0,0.27,103,100,91,12,9,0,0.883495145631068,0.91,20220730_053000.WAV,Carp Pond
267,4.0,0.28,102,100,91,11,9,0,0.8921568627450981,0.91,20220730_053000.WAV,Carp Pond
268,4.0,0.29,102,100,91,11,9,0,0.8921568627450981,0.91,20220730_053000.WAV,Carp Pond
269,4.0,0.3,102,100,91,11,9,0,0.8921568627450981,0.91,20220730_053000.WAV,Carp Pond
270,4.0,0.31,101,100,91,10,9,0,0.900990099009901,0.91,20220730_053000.WAV,Carp Pond
271,4.0,0.32,98,100,90,8,10,0,0.9183673469387755,0.9,20220730_053000.WAV,Carp Pond
272,4.0,0.33,98,100,90,8,10,0,0.9183673469387755,0.9,20220730_053000.WAV,Carp Pond
273,4.0,0.34,96,100,88,8,12,0,0.9166666666666666,0.88,20220730_053000.WAV,Carp Pond
274,4.0,0.35,95,100,87,8,13,0,0.9157894736842105,0.87,20220730_053000.WAV,Carp Pond
275,4.0,0.36,95,100,87,8,13,0,0.9157894736842105,0.87,20220730_053000.WAV,Carp Pond
276,4.0,0.37,93,100,86,7,14,0,0.9247311827956989,0.86,20220730_053000.WAV,Carp Pond
277,4.0,0.38,90,100,83,7,17,0,0.9222222222222223,0.83,20220730_053000.WAV,Carp Pond
278,4.0,0.39,89,100,82,7,18,0,0.9213483146067416,0.82,20220730_053000.WAV,Carp Pond
279,4.0,0.4,88,100,81,7,19,0,0.9204545454545454,0.81,20220730_053000.WAV,Carp Pond
280,4.0,0.41,86,100,80,6,20,0,0.9302325581395349,0.8,20220730_053000.WAV,Carp Pond
281,4.0,0.42,86,100,80,6,20,0,0.9302325581395349,0.8,20220730_053000.WAV,Carp Pond
282,4.0,0.43,86,100,80,6,20,0,0.9302325581395349,0.8,20220730_053000.WAV,Carp Pond
283,4.0,0.44,81,100,76,5,24,0,0.9382716049382716,0.76,20220730_053000.WAV,Carp Pond
284,4.0,0.45,78,100,74,4,26,0,0.9487179487179487,0.74,20220730_053000.WAV,Carp Pond
285,4.0,0.46,77,100,74,3,26,0,0.961038961038961,0.74,20220730_053000.WAV,Carp Pond
286,4.0,0.47,76,100,73,3,27,0,0.9605263157894737,0.73,20220730_053000.WAV,Carp Pond
287,4.0,0.48,71,100,68,3,32,0,0.9577464788732394,0.68,20220730_053000.WAV,Carp Pond
288,4.0,0.49,65,100,64,1,36,0,0.9846153846153847,0.64,20220730_053000.WAV,Carp Pond
289,4.0,0.5,63,100,62,1,38,0,0.9841269841269841,0.62,20220730_053000.WAV,Carp Pond
290,4.0,0.51,58,100,57,1,43,0,0.9827586206896551,0.57,20220730_053000.WAV,Carp Pond
291,4.0,0.52,53,100,52,1,48,0,0.9811320754716981,0.52,20220730_053000.WAV,Carp Pond
292,4.0,0.53,53,100,52,1,48,0,0.9811320754716981,0.52,20220730_053000.WAV,Carp Pond
293,4.0,0.54,49,100,48,1,52,0,0.9795918367346939,0.48,20220730_053000.WAV,Carp Pond
294,4.0,0.55,46,100,45,1,55,0,0.9782608695652174,0.45,20220730_053000.WAV,Carp Pond
295,4.0,0.56,39,100,38,1,62,0,0.9743589743589743,0.38,20220730_053000.WAV,Carp Pond
296,4.0,0.57,33,100,32,1,68,0,0.9696969696969697,0.32,20220730_053000.WAV,Carp Pond
297,4.0,0.58,31,100,30,1,70,0,0.967741935483871,0.3,20220730_053000.WAV,Carp Pond
298,4.0,0.59,28,100,28,0,72,0,1.0,0.28,20220730_053000.WAV,Carp Pond
299,4.0,0.6,22,100,22,0,78,0,1.0,0.22,20220730_053000.WAV,Carp Pond
300,5.0,0.01,162,94,90,72,4,0,0.5555555555555556,0.9574468085106383,20220730_053000.WAV,Carp Pond
301,5.0,0.02,162,94,90,72,4,0,0.5555555555555556,0.9574468085106383,20220730_053000.WAV,Carp Pond
302,5.0,0.03,145,94,90,55,4,0,0.6206896551724138,0.9574468085106383,20220730_053000.WAV,Carp Pond
303,5.0,0.04,132,94,90,42,4,0,0.6818181818181818,0.9574468085106383,20220730_053000.WAV,Carp Pond
304,5.0,0.05,116,94,90,26,4,0,0.7758620689655172,0.9574468085106383,20220730_053000.WAV,Carp Pond
305,5.0,0.06,113,94,90,23,4,0,0.7964601769911505,0.9574468085106383,20220730_053000.WAV,Carp Pond
306,5.0,0.07,110,94,90,20,4,0,0.8181818181818182,0.9574468085106383,20220730_053000.WAV,Carp Pond
307,5.0,0.08,106,94,90,16,4,0,0.8490566037735849,0.9574468085106383,20220730_053000.WAV,Carp Pond
308,5.0,0.09,106,94,90,16,4,0,0.8490566037735849,0.9574468085106383,20220730_053000.WAV,Carp Pond
309,5.0,0.1,106,94,90,16,4,0,0.8490566037735849,0.9574468085106383,20220730_053000.WAV,Carp Pond
310,5.0,0.11,106,94,90,16,4,0,0.8490566037735849,0.9574468085106383,20220730_053000.WAV,Carp Pond
311,5.0,0.12,105,94,90,15,4,0,0.8571428571428571,0.9574468085106383,20220730_053000.WAV,Carp Pond
312,5.0,0.13,104,94,90,14,4,0,0.8653846153846154,0.9574468085106383,20220730_053000.WAV,Carp Pond
313,5.0,0.14,103,94,90,13,4,0,0.8737864077669902,0.9574468085106383,20220730_053000.WAV,Carp Pond
314,5.0,0.15,103,94,90,13,4,0,0.8737864077669902,0.9574468085106383,20220730_053000.WAV,Carp Pond
315,5.0,0.16,102,94,90,12,4,0,0.8823529411764706,0.9574468085106383,20220730_053000.WAV,Carp Pond
316,5.0,0.17,100,94,89,11,5,0,0.89,0.9468085106382979,20220730_053000.WAV,Carp Pond
317,5.0,0.18,100,94,89,11,5,0,0.89,0.9468085106382979,20220730_053000.WAV,Carp Pond
318,5.0,0.19,100,94,89,11,5,0,0.89,0.9468085106382979,20220730_053000.WAV,Carp Pond
319,5.0,0.2,100,94,89,11,5,0,0.89,0.9468085106382979,20220730_053000.WAV,Carp Pond
320,5.0,0.21,100,94,89,11,5,0,0.89,0.9468085106382979,20220730_053000.WAV,Carp Pond
321,5.0,0.22,100,94,89,11,5,0,0.89,0.9468085106382979,20220730_053000.WAV,Carp Pond
322,5.0,0.23,99,94,89,10,5,0,0.898989898989899,0.9468085106382979,20220730_053000.WAV,Carp Pond
323,5.0,0.24,98,94,88,10,6,0,0.8979591836734694,0.9361702127659575,20220730_053000.WAV,Carp Pond
324,5.0,0.25,98,94,88,10,6,0,0.8979591836734694,0.9361702127659575,20220730_053000.WAV,Carp Pond
325,5.0,0.26,96,94,87,9,7,0,0.90625,0.925531914893617,20220730_053000.WAV,Carp Pond
326,5.0,0.27,96,94,87,9,7,0,0.90625,0.925531914893617,20220730_053000.WAV,Carp Pond
327,5.0,0.28,96,94,87,9,7,0,0.90625,0.925531914893617,20220730_053000.WAV,Carp Pond
328,5.0,0.29,96,94,87,9,7,0,0.90625,0.925531914893617,20220730_053000.WAV,Carp Pond
329,5.0,0.3,96,94,87,9,7,0,0.90625,0.925531914893617,20220730_053000.WAV,Carp Pond
330,5.0,0.31,95,94,87,8,7,0,0.9157894736842105,0.925531914893617,20220730_053000.WAV,Carp Pond
331,5.0,0.32,93,94,87,6,7,0,0.9354838709677419,0.925531914893617,20220730_053000.WAV,Carp Pond
332,5.0,0.33,93,94,87,6,7,0,0.9354838709677419,0.925531914893617,20220730_053000.WAV,Carp Pond
333,5.0,0.34,91,94,85,6,9,0,0.9340659340659341,0.9042553191489362,20220730_053000.WAV,Carp Pond
334,5.0,0.35,90,94,84,6,10,0,0.9333333333333333,0.8936170212765957,20220730_053000.WAV,Carp Pond
335,5.0,0.36,90,94,84,6,10,0,0.9333333333333333,0.8936170212765957,20220730_053000.WAV,Carp Pond
336,5.0,0.37,89,94,83,6,11,0,0.9325842696629213,0.8829787234042553,20220730_053000.WAV,Carp Pond
337,5.0,0.38,86,94,80,6,14,0,0.9302325581395349,0.851063829787234,20220730_053000.WAV,Carp Pond
338,5.0,0.39,85,94,79,6,15,0,0.9294117647058824,0.8404255319148937,20220730_053000.WAV,Carp Pond
339,5.0,0.4,84,94,78,6,16,0,0.9285714285714286,0.8297872340425532,20220730_053000.WAV,Carp Pond
340,5.0,0.41,82,94,77,5,17,0,0.9390243902439024,0.8191489361702128,20220730_053000.WAV,Carp Pond
341,5.0,0.42,82,94,77,5,17,0,0.9390243902439024,0.8191489361702128,20220730_053000.WAV,Carp Pond
342,5.0,0.43,82,94,77,5,17,0,0.9390243902439024,0.8191489361702128,20220730_053000.WAV,Carp Pond
343,5.0,0.44,77,94,73,4,21,0,0.948051948051948,0.776595744680851,20220730_053000.WAV,Carp Pond
344,5.0,0.45,75,94,71,4,23,0,0.9466666666666667,0.7553191489361702,20220730_053000.WAV,Carp Pond
345,5.0,0.46,74,94,71,3,23,0,0.9594594594594594,0.7553191489361702,20220730_053000.WAV,Carp Pond
346,5.0,0.47,73,94,70,3,24,0,0.958904109589041,0.7446808510638298,20220730_053000.WAV,Carp Pond
347,5.0,0.48,68,94,65,3,29,0,0.9558823529411765,0.6914893617021277,20220730_053000.WAV,Carp Pond
348,5.0,0.49,63,94,61,2,33,0,0.9682539682539683,0.648936170212766,20220730_053000.WAV,Carp Pond
349,5.0,0.5,61,94,60,1,34,0,0.9836065573770492,0.6382978723404256,20220730_053000.WAV,Carp Pond
350,5.0,0.51,56,94,55,1,39,0,0.9821428571428571,0.5851063829787234,20220730_053000.WAV,Carp Pond
351,5.0,0.52,51,94,50,1,44,0,0.9803921568627451,0.5319148936170213,20220730_053000.WAV,Carp Pond
352,5.0,0.53,51,94,50,1,44,0,0.9803921568627451,0.5319148936170213,20220730_053000.WAV,Carp Pond
353,5.0,0.54,47,94,46,1,48,0,0.9787234042553191,0.48936170212765956,20220730_053000.WAV,Carp Pond
354,5.0,0.55,45,94,44,1,50,0,0.9777777777777777,0.46808510638297873,20220730_053000.WAV,Carp Pond
355,5.0,0.56,38,94,37,1,57,0,0.9736842105263158,0.39361702127659576,20220730_053000.WAV,Carp Pond
356,5.0,0.57,32,94,31,1,63,0,0.96875,0.32978723404255317,20220730_053000.WAV,Carp Pond
357,5.0,0.58,30,94,29,1,65,0,0.9666666666666667,0.30851063829787234,20220730_053000.WAV,Carp Pond
358,5.0,0.59,27,94,27,0,67,0,1.0,0.2872340425531915,20220730_053000.WAV,Carp Pond
359,5.0,0.6,22,94,22,0,72,0,1.0,0.23404255319148937,20220730_053000.WAV,Carp Pond
360,6.0,0.01,139,85,81,58,4,0,0.5827338129496403,0.9529411764705882,20220730_053000.WAV,Carp Pond
361,6.0,0.02,139,85,81,58,4,0,0.5827338129496403,0.9529411764705882,20220730_053000.WAV,Carp Pond
362,6.0,0.03,129,85,81,48,4,0,0.627906976744186,0.9529411764705882,20220730_053000.WAV,Carp Pond
363,6.0,0.04,120,85,81,39,4,0,0.675,0.9529411764705882,20220730_053000.WAV,Carp Pond
364,6.0,0.05,106,85,81,25,4,0,0.7641509433962265,0.9529411764705882,20220730_053000.WAV,Carp Pond
365,6.0,0.06,105,85,81,24,4,0,0.7714285714285715,0.9529411764705882,20220730_053000.WAV,Carp Pond
366,6.0,0.07,103,85,81,22,4,0,0.7864077669902912,0.9529411764705882,20220730_053000.WAV,Carp Pond
367,6.0,0.08,100,85,81,19,4,0,0.81,0.9529411764705882,20220730_053000.WAV,Carp Pond
368,6.0,0.09,100,85,81,19,4,0,0.81,0.9529411764705882,20220730_053000.WAV,Carp Pond
369,6.0,0.1,100,85,81,19,4,0,0.81,0.9529411764705882,20220730_053000.WAV,Carp Pond
370,6.0,0.11,100,85,81,19,4,0,0.81,0.9529411764705882,20220730_053000.WAV,Carp Pond
371,6.0,0.12,99,85,81,18,4,0,0.8181818181818182,0.9529411764705882,20220730_053000.WAV,Carp Pond
372,6.0,0.13,98,85,81,17,4,0,0.826530612244898,0.9529411764705882,20220730_053000.WAV,Carp Pond
373,6.0,0.14,97,85,81,16,4,0,0.8350515463917526,0.9529411764705882,20220730_053000.WAV,Carp Pond
374,6.0,0.15,97,85,81,16,4,0,0.8350515463917526,0.9529411764705882,20220730_053000.WAV,Carp Pond
375,6.0,0.16,96,85,81,15,4,0,0.84375,0.9529411764705882,20220730_053000.WAV,Carp Pond
376,6.0,0.17,95,85,81,14,4,0,0.8526315789473684,0.9529411764705882,20220730_053000.WAV,Carp Pond
377,6.0,0.18,95,85,81,14,4,0,0.8526315789473684,0.9529411764705882,20220730_053000.WAV,Carp Pond
378,6.0,0.19,95,85,81,14,4,0,0.8526315789473684,0.9529411764705882,20220730_053000.WAV,Carp Pond
379,6.0,0.2,95,85,81,14,4,0,0.8526315789473684,0.9529411764705882,20220730_053000.WAV,Carp Pond
380,6.0,0.21,95,85,81,14,4,0,0.8526315789473684,0.9529411764705882,20220730_053000.WAV,Carp Pond
381,6.0,0.22,95,85,81,14,4,0,0.8526315789473684,0.9529411764705882,20220730_053000.WAV,Carp Pond
382,6.0,0.23,95,85,81,14,4,0,0.8526315789473684,0.9529411764705882,20220730_053000.WAV,Carp Pond
383,6.0,0.24,94,85,80,14,5,0,0.851063829787234,0.9411764705882353,20220730_053000.WAV,Carp Pond
384,6.0,0.25,94,85,80,14,5,0,0.851063829787234,0.9411764705882353,20220730_053000.WAV,Carp Pond
385,6.0,0.26,92,85,79,13,6,0,0.8586956521739131,0.9294117647058824,20220730_053000.WAV,Carp Pond
386,6.0,0.27,92,85,79,13,6,0,0.8586956521739131,0.9294117647058824,20220730_053000.WAV,Carp Pond
387,6.0,0.28,92,85,79,13,6,0,0.8586956521739131,0.9294117647058824,20220730_053000.WAV,Carp Pond
388,6.0,0.29,92,85,79,13,6,0,0.8586956521739131,0.9294117647058824,20220730_053000.WAV,Carp Pond
389,6.0,0.3,92,85,79,13,6,0,0.8586956521739131,0.9294117647058824,20220730_053000.WAV,Carp Pond
390,6.0,0.31,91,85,79,12,6,0,0.8681318681318682,0.9294117647058824,20220730_053000.WAV,Carp Pond
391,6.0,0.32,90,85,79,11,6,0,0.8777777777777778,0.9294117647058824,20220730_053000.WAV,Carp Pond
392,6.0,0.33,90,85,79,11,6,0,0.8777777777777778,0.9294117647058824,20220730_053000.WAV,Carp Pond
393,6.0,0.34,88,85,77,11,8,0,0.875,0.9058823529411765,20220730_053000.WAV,Carp Pond
394,6.0,0.35,87,85,77,10,8,0,0.8850574712643678,0.9058823529411765,20220730_053000.WAV,Carp Pond
395,6.0,0.36,87,85,77,10,8,0,0.8850574712643678,0.9058823529411765,20220730_053000.WAV,Carp Pond
396,6.0,0.37,86,85,76,10,9,0,0.8837209302325582,0.8941176470588236,20220730_053000.WAV,Carp Pond
397,6.0,0.38,83,85,74,9,11,0,0.891566265060241,0.8705882352941177,20220730_053000.WAV,Carp Pond
398,6.0,0.39,82,85,74,8,11,0,0.9024390243902439,0.8705882352941177,20220730_053000.WAV,Carp Pond
399,6.0,0.4,81,85,73,8,12,0,0.9012345679012346,0.8588235294117647,20220730_053000.WAV,Carp Pond
400,6.0,0.41,79,85,72,7,13,0,0.9113924050632911,0.8470588235294118,20220730_053000.WAV,Carp Pond
401,6.0,0.42,79,85,72,7,13,0,0.9113924050632911,0.8470588235294118,20220730_053000.WAV,Carp Pond
402,6.0,0.43,79,85,72,7,13,0,0.9113924050632911,0.8470588235294118,20220730_053000.WAV,Carp Pond
403,6.0,0.44,75,85,68,7,17,0,0.9066666666666666,0.8,20220730_053000.WAV,Carp Pond
404,6.0,0.45,73,85,67,6,18,0,0.9178082191780822,0.788235294117647,20220730_053000.WAV,Carp Pond
405,6.0,0.46,72,85,67,5,18,0,0.9305555555555556,0.788235294117647,20220730_053000.WAV,Carp Pond
406,6.0,0.47,71,85,66,5,19,0,0.9295774647887324,0.7764705882352941,20220730_053000.WAV,Carp Pond
407,6.0,0.48,66,85,61,5,24,0,0.9242424242424242,0.7176470588235294,20220730_053000.WAV,Carp Pond
408,6.0,0.49,61,85,58,3,27,0,0.9508196721311475,0.6823529411764706,20220730_053000.WAV,Carp Pond
409,6.0,0.5,59,85,58,1,27,0,0.9830508474576272,0.6823529411764706,20220730_053000.WAV,Carp Pond
410,6.0,0.51,54,85,53,1,32,0,0.9814814814814815,0.6235294117647059,20220730_053000.WAV,Carp Pond
411,6.0,0.52,49,85,48,1,37,0,0.9795918367346939,0.5647058823529412,20220730_053000.WAV,Carp Pond
412,6.0,0.53,49,85,48,1,37,0,0.9795918367346939,0.5647058823529412,20220730_053000.WAV,Carp Pond
413,6.0,0.54,45,85,44,1,41,0,0.9777777777777777,0.5176470588235295,20220730_053000.WAV,Carp Pond
414,6.0,0.55,43,85,42,1,43,0,0.9767441860465116,0.49411764705882355,20220730_053000.WAV,Carp Pond
415,6.0,0.56,36,85,35,1,50,0,0.9722222222222222,0.4117647058823529,20220730_053000.WAV,Carp Pond
416,6.0,0.57,31,85,30,1,55,0,0.967741935483871,0.35294117647058826,20220730_053000.WAV,Carp Pond
417,6.0,0.58,29,85,28,1,57,0,0.9655172413793104,0.32941176470588235,20220730_053000.WAV,Carp Pond
418,6.0,0.59,27,85,27,0,58,0,1.0,0.3176470588235294,20220730_053000.WAV,Carp Pond
419,6.0,0.6,22,85,22,0,63,0,1.0,0.25882352941176473,20220730_053000.WAV,Carp Pond
420,7.0,0.01,119,73,70,49,3,0,0.5882352941176471,0.958904109589041,20220730_053000.WAV,Carp Pond
421,7.0,0.02,119,73,70,49,3,0,0.5882352941176471,0.958904109589041,20220730_053000.WAV,Carp Pond
422,7.0,0.03,112,73,70,42,3,0,0.625,0.958904109589041,20220730_053000.WAV,Carp Pond
423,7.0,0.04,106,73,70,36,3,0,0.660377358490566,0.958904109589041,20220730_053000.WAV,Carp Pond
424,7.0,0.05,95,73,70,25,3,0,0.7368421052631579,0.958904109589041,20220730_053000.WAV,Carp Pond
425,7.0,0.06,94,73,70,24,3,0,0.7446808510638298,0.958904109589041,20220730_053000.WAV,Carp Pond
426,7.0,0.07,92,73,70,22,3,0,0.7608695652173914,0.958904109589041,20220730_053000.WAV,Carp Pond
427,7.0,0.08,90,73,70,20,3,0,0.7777777777777778,0.958904109589041,20220730_053000.WAV,Carp Pond
428,7.0,0.09,90,73,70,20,3,0,0.7777777777777778,0.958904109589041,20220730_053000.WAV,Carp Pond
429,7.0,0.1,90,73,70,20,3,0,0.7777777777777778,0.958904109589041,20220730_053000.WAV,Carp Pond
430,7.0,0.11,90,73,70,20,3,0,0.7777777777777778,0.958904109589041,20220730_053000.WAV,Carp Pond
431,7.0,0.12,90,73,70,20,3,0,0.7777777777777778,0.958904109589041,20220730_053000.WAV,Carp Pond
432,7.0,0.13,89,73,70,19,3,0,0.7865168539325843,0.958904109589041,20220730_053000.WAV,Carp Pond
433,7.0,0.14,88,73,70,18,3,0,0.7954545454545454,0.958904109589041,20220730_053000.WAV,Carp Pond
434,7.0,0.15,88,73,70,18,3,0,0.7954545454545454,0.958904109589041,20220730_053000.WAV,Carp Pond
435,7.0,0.16,87,73,70,17,3,0,0.8045977011494253,0.958904109589041,20220730_053000.WAV,Carp Pond
436,7.0,0.17,86,73,70,16,3,0,0.813953488372093,0.958904109589041,20220730_053000.WAV,Carp Pond
437,7.0,0.18,86,73,70,16,3,0,0.813953488372093,0.958904109589041,20220730_053000.WAV,Carp Pond
438,7.0,0.19,86,73,70,16,3,0,0.813953488372093,0.958904109589041,20220730_053000.WAV,Carp Pond
439,7.0,0.2,86,73,70,16,3,0,0.813953488372093,0.958904109589041,20220730_053000.WAV,Carp Pond
440,7.0,0.21,86,73,70,16,3,0,0.813953488372093,0.958904109589041,20220730_053000.WAV,Carp Pond
441,7.0,0.22,86,73,70,16,3,0,0.813953488372093,0.958904109589041,20220730_053000.WAV,Carp Pond
442,7.0,0.23,86,73,70,16,3,0,0.813953488372093,0.958904109589041,20220730_053000.WAV,Carp Pond
443,7.0,0.24,85,73,69,16,4,0,0.8117647058823529,0.9452054794520548,20220730_053000.WAV,Carp Pond
444,7.0,0.25,85,73,69,16,4,0,0.8117647058823529,0.9452054794520548,20220730_053000.WAV,Carp Pond
445,7.0,0.26,84,73,68,16,5,0,0.8095238095238095,0.9315068493150684,20220730_053000.WAV,Carp Pond
446,7.0,0.27,84,73,68,16,5,0,0.8095238095238095,0.9315068493150684,20220730_053000.WAV,Carp Pond
447,7.0,0.28,84,73,68,16,5,0,0.8095238095238095,0.9315068493150684,20220730_053000.WAV,Carp Pond
448,7.0,0.29,84,73,68,16,5,0,0.8095238095238095,0.9315068493150684,20220730_053000.WAV,Carp Pond
449,7.0,0.3,84,73,68,16,5,0,0.8095238095238095,0.9315068493150684,20220730_053000.WAV,Carp Pond
450,7.0,0.31,83,73,68,15,5,0,0.8192771084337349,0.9315068493150684,20220730_053000.WAV,Carp Pond
451,7.0,0.32,82,73,68,14,5,0,0.8292682926829268,0.9315068493150684,20220730_053000.WAV,Carp Pond
452,7.0,0.33,82,73,68,14,5,0,0.8292682926829268,0.9315068493150684,20220730_053000.WAV,Carp Pond
453,7.0,0.34,80,73,66,14,7,0,0.825,0.9041095890410958,20220730_053000.WAV,Carp Pond
454,7.0,0.35,79,73,66,13,7,0,0.8354430379746836,0.9041095890410958,20220730_053000.WAV,Carp Pond
455,7.0,0.36,79,73,66,13,7,0,0.8354430379746836,0.9041095890410958,20220730_053000.WAV,Carp Pond
456,7.0,0.37,78,73,65,13,8,0,0.8333333333333334,0.8904109589041096,20220730_053000.WAV,Carp Pond
457,7.0,0.38,75,73,63,12,10,0,0.84,0.863013698630137,20220730_053000.WAV,Carp Pond
458,7.0,0.39,74,73,63,11,10,0,0.8513513513513513,0.863013698630137,20220730_053000.WAV,Carp Pond
459,7.0,0.4,73,73,62,11,11,0,0.8493150684931506,0.8493150684931506,20220730_053000.WAV,Carp Pond
460,7.0,0.41,71,73,61,10,12,0,0.8591549295774648,0.8356164383561644,20220730_053000.WAV,Carp Pond
461,7.0,0.42,71,73,61,10,12,0,0.8591549295774648,0.8356164383561644,20220730_053000.WAV,Carp Pond
462,7.0,0.43,71,73,61,10,12,0,0.8591549295774648,0.8356164383561644,20220730_053000.WAV,Carp Pond
463,7.0,0.44,67,73,58,9,15,0,0.8656716417910447,0.7945205479452054,20220730_053000.WAV,Carp Pond
464,7.0,0.45,65,73,57,8,16,0,0.8769230769230769,0.7808219178082192,20220730_053000.WAV,Carp Pond
465,7.0,0.46,64,73,57,7,16,0,0.890625,0.7808219178082192,20220730_053000.WAV,Carp Pond
466,7.0,0.47,63,73,56,7,17,0,0.8888888888888888,0.7671232876712328,20220730_053000.WAV,Carp Pond
467,7.0,0.48,58,73,52,6,21,0,0.896551724137931,0.7123287671232876,20220730_053000.WAV,Carp Pond
468,7.0,0.49,53,73,51,2,22,0,0.9622641509433962,0.6986301369863014,20220730_053000.WAV,Carp Pond
469,7.0,0.5,52,73,51,1,22,0,0.9807692307692307,0.6986301369863014,20220730_053000.WAV,Carp Pond
470,7.0,0.51,48,73,47,1,26,0,0.9791666666666666,0.6438356164383562,20220730_053000.WAV,Carp Pond
471,7.0,0.52,43,73,42,1,31,0,0.9767441860465116,0.5753424657534246,20220730_053000.WAV,Carp Pond
472,7.0,0.53,43,73,42,1,31,0,0.9767441860465116,0.5753424657534246,20220730_053000.WAV,Carp Pond
473,7.0,0.54,39,73,38,1,35,0,0.9743589743589743,0.5205479452054794,20220730_053000.WAV,Carp Pond
474,7.0,0.55,37,73,36,1,37,0,0.972972972972973,0.4931506849315068,20220730_053000.WAV,Carp Pond
475,7.0,0.56,30,73,29,1,44,0,0.9666666666666667,0.3972602739726027,20220730_053000.WAV,Carp Pond
476,7.0,0.57,26,73,25,1,48,0,0.9615384615384616,0.3424657534246575,20220730_053000.WAV,Carp Pond
477,7.0,0.58,24,73,23,1,50,0,0.9583333333333334,0.3150684931506849,20220730_053000.WAV,Carp Pond
478,7.0,0.59,22,73,22,0,51,0,1.0,0.3013698630136986,20220730_053000.WAV,Carp Pond
479,7.0,0.6,20,73,20,0,53,0,1.0,0.273972602739726,20220730_053000.WAV,Carp Pond
480,8.0,0.01,96,65,63,33,2,0,0.65625,0.9692307692307692,20220730_053000.WAV,Carp Pond
481,8.0,0.02,96,65,63,33,2,0,0.65625,0.9692307692307692,20220730_053000.WAV,Carp Pond
482,8.0,0.03,92,65,63,29,2,0,0.6847826086956522,0.9692307692307692,20220730_053000.WAV,Carp Pond
483,8.0,0.04,88,65,63,25,2,0,0.7159090909090909,0.9692307692307692,20220730_053000.WAV,Carp Pond
484,8.0,0.05,81,65,63,18,2,0,0.7777777777777778,0.9692307692307692,20220730_053000.WAV,Carp Pond
485,8.0,0.06,80,65,63,17,2,0,0.7875,0.9692307692307692,20220730_053000.WAV,Carp Pond
486,8.0,0.07,79,65,63,16,2,0,0.7974683544303798,0.9692307692307692,20220730_053000.WAV,Carp Pond
487,8.0,0.08,78,65,63,15,2,0,0.8076923076923077,0.9692307692307692,20220730_053000.WAV,Carp Pond
488,8.0,0.09,78,65,63,15,2,0,0.8076923076923077,0.9692307692307692,20220730_053000.WAV,Carp Pond
489,8.0,0.1,78,65,63,15,2,0,0.8076923076923077,0.9692307692307692,20220730_053000.WAV,Carp Pond
490,8.0,0.11,78,65,63,15,2,0,0.8076923076923077,0.9692307692307692,20220730_053000.WAV,Carp Pond
491,8.0,0.12,78,65,63,15,2,0,0.8076923076923077,0.9692307692307692,20220730_053000.WAV,Carp Pond
492,8.0,0.13,77,65,63,14,2,0,0.8181818181818182,0.9692307692307692,20220730_053000.WAV,Carp Pond
493,8.0,0.14,76,65,63,13,2,0,0.8289473684210527,0.9692307692307692,20220730_053000.WAV,Carp Pond
494,8.0,0.15,76,65,63,13,2,0,0.8289473684210527,0.9692307692307692,20220730_053000.WAV,Carp Pond
495,8.0,0.16,75,65,63,12,2,0,0.84,0.9692307692307692,20220730_053000.WAV,Carp Pond
496,8.0,0.17,75,65,63,12,2,0,0.84,0.9692307692307692,20220730_053000.WAV,Carp Pond
497,8.0,0.18,75,65,63,12,2,0,0.84,0.9692307692307692,20220730_053000.WAV,Carp Pond
498,8.0,0.19,75,65,63,12,2,0,0.84,0.9692307692307692,20220730_053000.WAV,Carp Pond
499,8.0,0.2,75,65,63,12,2,0,0.84,0.9692307692307692,20220730_053000.WAV,Carp Pond
500,8.0,0.21,75,65,63,12,2,0,0.84,0.9692307692307692,20220730_053000.WAV,Carp Pond
501,8.0,0.22,75,65,63,12,2,0,0.84,0.9692307692307692,20220730_053000.WAV,Carp Pond
502,8.0,0.23,75,65,63,12,2,0,0.84,0.9692307692307692,20220730_053000.WAV,Carp Pond
503,8.0,0.24,74,65,63,11,2,0,0.8513513513513513,0.9692307692307692,20220730_053000.WAV,Carp Pond
504,8.0,0.25,74,65,63,11,2,0,0.8513513513513513,0.9692307692307692,20220730_053000.WAV,Carp Pond
505,8.0,0.26,74,65,63,11,2,0,0.8513513513513513,0.9692307692307692,20220730_053000.WAV,Carp Pond
506,8.0,0.27,74,65,63,11,2,0,0.8513513513513513,0.9692307692307692,20220730_053000.WAV,Carp Pond
507,8.0,0.28,74,65,63,11,2,0,0.8513513513513513,0.9692307692307692,20220730_053000.WAV,Carp Pond
508,8.0,0.29,74,65,63,11,2,0,0.8513513513513513,0.9692307692307692,20220730_053000.WAV,Carp Pond
509,8.0,0.3,74,65,63,11,2,0,0.8513513513513513,0.9692307692307692,20220730_053000.WAV,Carp Pond
510,8.0,0.31,73,65,63,10,2,0,0.863013698630137,0.9692307692307692,20220730_053000.WAV,Carp Pond
511,8.0,0.32,73,65,63,10,2,0,0.863013698630137,0.9692307692307692,20220730_053000.WAV,Carp Pond
512,8.0,0.33,73,65,63,10,2,0,0.863013698630137,0.9692307692307692,20220730_053000.WAV,Carp Pond
513,8.0,0.34,71,65,61,10,4,0,0.8591549295774648,0.9384615384615385,20220730_053000.WAV,Carp Pond
514,8.0,0.35,71,65,61,10,4,0,0.8591549295774648,0.9384615384615385,20220730_053000.WAV,Carp Pond
515,8.0,0.36,71,65,61,10,4,0,0.8591549295774648,0.9384615384615385,20220730_053000.WAV,Carp Pond
516,8.0,0.37,70,65,60,10,5,0,0.8571428571428571,0.9230769230769231,20220730_053000.WAV,Carp Pond
517,8.0,0.38,68,65,60,8,5,0,0.8823529411764706,0.9230769230769231,20220730_053000.WAV,Carp Pond
518,8.0,0.39,67,65,60,7,5,0,0.8955223880597015,0.9230769230769231,20220730_053000.WAV,Carp Pond
519,8.0,0.4,66,65,59,7,6,0,0.8939393939393939,0.9076923076923077,20220730_053000.WAV,Carp Pond
520,8.0,0.41,65,65,58,7,7,0,0.8923076923076924,0.8923076923076924,20220730_053000.WAV,Carp Pond
521,8.0,0.42,65,65,58,7,7,0,0.8923076923076924,0.8923076923076924,20220730_053000.WAV,Carp Pond
522,8.0,0.43,65,65,58,7,7,0,0.8923076923076924,0.8923076923076924,20220730_053000.WAV,Carp Pond
523,8.0,0.44,62,65,56,6,9,0,0.9032258064516129,0.8615384615384616,20220730_053000.WAV,Carp Pond
524,8.0,0.45,60,65,55,5,10,0,0.9166666666666666,0.8461538461538461,20220730_053000.WAV,Carp Pond
525,8.0,0.46,60,65,55,5,10,0,0.9166666666666666,0.8461538461538461,20220730_053000.WAV,Carp Pond
526,8.0,0.47,59,65,54,5,11,0,0.9152542372881356,0.8307692307692308,20220730_053000.WAV,Carp Pond
527,8.0,0.48,55,65,50,5,15,0,0.9090909090909091,0.7692307692307693,20220730_053000.WAV,Carp Pond
528,8.0,0.49,50,65,49,1,16,0,0.98,0.7538461538461538,20220730_053000.WAV,Carp Pond
529,8.0,0.5,50,65,49,1,16,0,0.98,0.7538461538461538,20220730_053000.WAV,Carp Pond
530,8.0,0.51,46,65,45,1,20,0,0.9782608695652174,0.6923076923076923,20220730_053000.WAV,Carp Pond
531,8.0,0.52,41,65,40,1,25,0,0.975609756097561,0.6153846153846154,20220730_053000.WAV,Carp Pond
532,8.0,0.53,41,65,40,1,25,0,0.975609756097561,0.6153846153846154,20220730_053000.WAV,Carp Pond
533,8.0,0.54,37,65,36,1,29,0,0.972972972972973,0.5538461538461539,20220730_053000.WAV,Carp Pond
534,8.0,0.55,35,65,34,1,31,0,0.9714285714285714,0.5230769230769231,20220730_053000.WAV,Carp Pond
535,8.0,0.56,28,65,27,1,38,0,0.9642857142857143,0.4153846153846154,20220730_053000.WAV,Carp Pond
536,8.0,0.57,25,65,24,1,41,0,0.96,0.36923076923076925,20220730_053000.WAV,Carp Pond
537,8.0,0.58,23,65,22,1,43,0,0.9565217391304348,0.3384615384615385,20220730_053000.WAV,Carp Pond
538,8.0,0.59,21,65,21,0,44,0,1.0,0.3230769230769231,20220730_053000.WAV,Carp Pond
539,8.0,0.6,19,65,19,0,46,0,1.0,0.2923076923076923,20220730_053000.WAV,Carp Pond
540,9.0,0.01,86,62,60,26,2,0,0.6976744186046512,0.967741935483871,20220730_053000.WAV,Carp Pond
541,9.0,0.02,86,62,60,26,2,0,0.6976744186046512,0.967741935483871,20220730_053000.WAV,Carp Pond
542,9.0,0.03,85,62,60,25,2,0,0.7058823529411765,0.967741935483871,20220730_053000.WAV,Carp Pond
543,9.0,0.04,81,62,60,21,2,0,0.7407407407407407,0.967741935483871,20220730_053000.WAV,Carp Pond
544,9.0,0.05,74,62,60,14,2,0,0.8108108108108109,0.967741935483871,20220730_053000.WAV,Carp Pond
545,9.0,0.06,73,62,60,13,2,0,0.821917808219178,0.967741935483871,20220730_053000.WAV,Carp Pond
546,9.0,0.07,72,62,60,12,2,0,0.8333333333333334,0.967741935483871,20220730_053000.WAV,Carp Pond
547,9.0,0.08,71,62,60,11,2,0,0.8450704225352113,0.967741935483871,20220730_053000.WAV,Carp Pond
548,9.0,0.09,71,62,60,11,2,0,0.8450704225352113,0.967741935483871,20220730_053000.WAV,Carp Pond
549,9.0,0.1,71,62,60,11,2,0,0.8450704225352113,0.967741935483871,20220730_053000.WAV,Carp Pond
550,9.0,0.11,71,62,60,11,2,0,0.8450704225352113,0.967741935483871,20220730_053000.WAV,Carp Pond
551,9.0,0.12,71,62,60,11,2,0,0.8450704225352113,0.967741935483871,20220730_053000.WAV,Carp Pond
552,9.0,0.13,71,62,60,11,2,0,0.8450704225352113,0.967741935483871,20220730_053000.WAV,Carp Pond
553,9.0,0.14,70,62,60,10,2,0,0.8571428571428571,0.967741935483871,20220730_053000.WAV,Carp Pond
554,9.0,0.15,70,62,60,10,2,0,0.8571428571428571,0.967741935483871,20220730_053000.WAV,Carp Pond
555,9.0,0.16,69,62,60,9,2,0,0.8695652173913043,0.967741935483871,20220730_053000.WAV,Carp Pond
556,9.0,0.17,69,62,60,9,2,0,0.8695652173913043,0.967741935483871,20220730_053000.WAV,Carp Pond
557,9.0,0.18,69,62,60,9,2,0,0.8695652173913043,0.967741935483871,20220730_053000.WAV,Carp Pond
558,9.0,0.19,69,62,60,9,2,0,0.8695652173913043,0.967741935483871,20220730_053000.WAV,Carp Pond
559,9.0,0.2,69,62,60,9,2,0,0.8695652173913043,0.967741935483871,20220730_053000.WAV,Carp Pond
560,9.0,0.21,69,62,60,9,2,0,0.8695652173913043,0.967741935483871,20220730_053000.WAV,Carp Pond
561,9.0,0.22,69,62,60,9,2,0,0.8695652173913043,0.967741935483871,20220730_053000.WAV,Carp Pond
562,9.0,0.23,69,62,60,9,2,0,0.8695652173913043,0.967741935483871,20220730_053000.WAV,Carp Pond
563,9.0,0.24,69,62,60,9,2,0,0.8695652173913043,0.967741935483871,20220730_053000.WAV,Carp Pond
564,9.0,0.25,69,62,60,9,2,0,0.8695652173913043,0.967741935483871,20220730_053000.WAV,Carp Pond
565,9.0,0.26,69,62,60,9,2,0,0.8695652173913043,0.967741935483871,20220730_053000.WAV,Carp Pond
566,9.0,0.27,69,62,60,9,2,0,0.8695652173913043,0.967741935483871,20220730_053000.WAV,Carp Pond
567,9.0,0.28,69,62,60,9,2,0,0.8695652173913043,0.967741935483871,20220730_053000.WAV,Carp Pond
568,9.0,0.29,69,62,60,9,2,0,0.8695652173913043,0.967741935483871,20220730_053000.WAV,Carp Pond
569,9.0,0.3,69,62,60,9,2,0,0.8695652173913043,0.967741935483871,20220730_053000.WAV,Carp Pond
570,9.0,0.31,68,62,60,8,2,0,0.8823529411764706,0.967741935483871,20220730_053000.WAV,Carp Pond
571,9.0,0.32,68,62,60,8,2,0,0.8823529411764706,0.967741935483871,20220730_053000.WAV,Carp Pond
572,9.0,0.33,68,62,60,8,2,0,0.8823529411764706,0.967741935483871,20220730_053000.WAV,Carp Pond
573,9.0,0.34,66,62,58,8,4,0,0.8787878787878788,0.9354838709677419,20220730_053000.WAV,Carp Pond
574,9.0,0.35,66,62,58,8,4,0,0.8787878787878788,0.9354838709677419,20220730_053000.WAV,Carp Pond
575,9.0,0.36,66,62,58,8,4,0,0.8787878787878788,0.9354838709677419,20220730_053000.WAV,Carp Pond
576,9.0,0.37,65,62,57,8,5,0,0.8769230769230769,0.9193548387096774,20220730_053000.WAV,Carp Pond
577,9.0,0.38,63,62,57,6,5,0,0.9047619047619048,0.9193548387096774,20220730_053000.WAV,Carp Pond
578,9.0,0.39,63,62,57,6,5,0,0.9047619047619048,0.9193548387096774,20220730_053000.WAV,Carp Pond
579,9.0,0.4,62,62,56,6,6,0,0.9032258064516129,0.9032258064516129,20220730_053000.WAV,Carp Pond
580,9.0,0.41,61,62,55,6,7,0,0.9016393442622951,0.8870967741935484,20220730_053000.WAV,Carp Pond
581,9.0,0.42,61,62,55,6,7,0,0.9016393442622951,0.8870967741935484,20220730_053000.WAV,Carp Pond
582,9.0,0.43,61,62,55,6,7,0,0.9016393442622951,0.8870967741935484,20220730_053000.WAV,Carp Pond
583,9.0,0.44,58,62,53,5,9,0,0.9137931034482759,0.8548387096774194,20220730_053000.WAV,Carp Pond
584,9.0,0.45,57,62,52,5,10,0,0.9122807017543859,0.8387096774193549,20220730_053000.WAV,Carp Pond
585,9.0,0.46,57,62,52,5,10,0,0.9122807017543859,0.8387096774193549,20220730_053000.WAV,Carp Pond
586,9.0,0.47,56,62,51,5,11,0,0.9107142857142857,0.8225806451612904,20220730_053000.WAV,Carp Pond
587,9.0,0.48,52,62,47,5,15,0,0.9038461538461539,0.7580645161290323,20220730_053000.WAV,Carp Pond
588,9.0,0.49,47,62,46,1,16,0,0.9787234042553191,0.7419354838709677,20220730_053000.WAV,Carp Pond
589,9.0,0.5,47,62,46,1,16,0,0.9787234042553191,0.7419354838709677,20220730_053000.WAV,Carp Pond
590,9.0,0.51,43,62,42,1,20,0,0.9767441860465116,0.6774193548387096,20220730_053000.WAV,Carp Pond
591,9.0,0.52,38,62,37,1,25,0,0.9736842105263158,0.5967741935483871,20220730_053000.WAV,Carp Pond
592,9.0,0.53,38,62,37,1,25,0,0.9736842105263158,0.5967741935483871,20220730_053000.WAV,Carp Pond
593,9.0,0.54,34,62,33,1,29,0,0.9705882352941176,0.532258064516129,20220730_053000.WAV,Carp Pond
594,9.0,0.55,32,62,31,1,31,0,0.96875,0.5,20220730_053000.WAV,Carp Pond
595,9.0,0.56,25,62,24,1,38,0,0.96,0.3870967741935484,20220730_053000.WAV,Carp Pond
596,9.0,0.57,22,62,21,1,41,0,0.9545454545454546,0.3387096774193548,20220730_053000.WAV,Carp Pond
597,9.0,0.58,20,62,19,1,43,0,0.95,0.3064516129032258,20220730_053000.WAV,Carp Pond
598,9.0,0.59,18,62,18,0,44,0,1.0,0.2903225806451613,20220730_053000.WAV,Carp Pond
599,9.0,0.6,16,62,16,0,46,0,1.0,0.25806451612903225,20220730_053000.WAV,Carp Pond
600,10.0,0.01,75,55,53,22,2,0,0.7066666666666667,0.9636363636363636,20220730_053000.WAV,Carp Pond
601,10.0,0.02,75,55,53,22,2,0,0.7066666666666667,0.9636363636363636,20220730_053000.WAV,Carp Pond
602,10.0,0.03,74,55,53,21,2,0,0.7162162162162162,0.9636363636363636,20220730_053000.WAV,Carp Pond
603,10.0,0.04,71,55,53,18,2,0,0.7464788732394366,0.9636363636363636,20220730_053000.WAV,Carp Pond
604,10.0,0.05,66,55,53,13,2,0,0.803030303030303,0.9636363636363636,20220730_053000.WAV,Carp Pond
605,10.0,0.06,65,55,53,12,2,0,0.8153846153846154,0.9636363636363636,20220730_053000.WAV,Carp Pond
606,10.0,0.07,64,55,53,11,2,0,0.828125,0.9636363636363636,20220730_053000.WAV,Carp Pond
607,10.0,0.08,63,55,53,10,2,0,0.8412698412698413,0.9636363636363636,20220730_053000.WAV,Carp Pond
608,10.0,0.09,63,55,53,10,2,0,0.8412698412698413,0.9636363636363636,20220730_053000.WAV,Carp Pond
609,10.0,0.1,63,55,53,10,2,0,0.8412698412698413,0.9636363636363636,20220730_053000.WAV,Carp Pond
610,10.0,0.11,63,55,53,10,2,0,0.8412698412698413,0.9636363636363636,20220730_053000.WAV,Carp Pond
611,10.0,0.12,63,55,53,10,2,0,0.8412698412698413,0.9636363636363636,20220730_053000.WAV,Carp Pond
612,10.0,0.13,63,55,53,10,2,0,0.8412698412698413,0.9636363636363636,20220730_053000.WAV,Carp Pond
613,10.0,0.14,62,55,53,9,2,0,0.8548387096774194,0.9636363636363636,20220730_053000.WAV,Carp Pond
614,10.0,0.15,62,55,53,9,2,0,0.8548387096774194,0.9636363636363636,20220730_053000.WAV,Carp Pond
615,10.0,0.16,61,55,53,8,2,0,0.8688524590163934,0.9636363636363636,20220730_053000.WAV,Carp Pond
616,10.0,0.17,61,55,53,8,2,0,0.8688524590163934,0.9636363636363636,20220730_053000.WAV,Carp Pond
617,10.0,0.18,61,55,53,8,2,0,0.8688524590163934,0.9636363636363636,20220730_053000.WAV,Carp Pond
618,10.0,0.19,61,55,53,8,2,0,0.8688524590163934,0.9636363636363636,20220730_053000.WAV,Carp Pond
619,10.0,0.2,61,55,53,8,2,0,0.8688524590163934,0.9636363636363636,20220730_053000.WAV,Carp Pond
620,10.0,0.21,61,55,53,8,2,0,0.8688524590163934,0.9636363636363636,20220730_053000.WAV,Carp Pond
621,10.0,0.22,61,55,53,8,2,0,0.8688524590163934,0.9636363636363636,20220730_053000.WAV,Carp Pond
622,10.0,0.23,61,55,53,8,2,0,0.8688524590163934,0.9636363636363636,20220730_053000.WAV,Carp Pond
623,10.0,0.24,61,55,53,8,2,0,0.8688524590163934,0.9636363636363636,20220730_053000.WAV,Carp Pond
624,10.0,0.25,61,55,53,8,2,0,0.8688524590163934,0.9636363636363636,20220730_053000.WAV,Carp Pond
625,10.0,0.26,61,55,53,8,2,0,0.8688524590163934,0.9636363636363636,20220730_053000.WAV,Carp Pond
626,10.0,0.27,61,55,53,8,2,0,0.8688524590163934,0.9636363636363636,20220730_053000.WAV,Carp Pond
627,10.0,0.28,61,55,53,8,2,0,0.8688524590163934,0.9636363636363636,20220730_053000.WAV,Carp Pond
628,10.0,0.29,61,55,53,8,2,0,0.8688524590163934,0.9636363636363636,20220730_053000.WAV,Carp Pond
629,10.0,0.3,61,55,53,8,2,0,0.8688524590163934,0.9636363636363636,20220730_053000.WAV,Carp Pond
630,10.0,0.31,61,55,53,8,2,0,0.8688524590163934,0.9636363636363636,20220730_053000.WAV,Carp Pond
631,10.0,0.32,61,55,53,8,2,0,0.8688524590163934,0.9636363636363636,20220730_053000.WAV,Carp Pond
632,10.0,0.33,61,55,53,8,2,0,0.8688524590163934,0.9636363636363636,20220730_053000.WAV,Carp Pond
633,10.0,0.34,59,55,51,8,4,0,0.864406779661017,0.9272727272727272,20220730_053000.WAV,Carp Pond
634,10.0,0.35,59,55,51,8,4,0,0.864406779661017,0.9272727272727272,20220730_053000.WAV,Carp Pond
635,10.0,0.36,59,55,51,8,4,0,0.864406779661017,0.9272727272727272,20220730_053000.WAV,Carp Pond
636,10.0,0.37,58,55,50,8,5,0,0.8620689655172413,0.9090909090909091,20220730_053000.WAV,Carp Pond
637,10.0,0.38,56,55,50,6,5,0,0.8928571428571429,0.9090909090909091,20220730_053000.WAV,Carp Pond
638,10.0,0.39,56,55,50,6,5,0,0.8928571428571429,0.9090909090909091,20220730_053000.WAV,Carp Pond
639,10.0,0.4,55,55,50,5,5,0,0.9090909090909091,0.9090909090909091,20220730_053000.WAV,Carp Pond
640,10.0,0.41,54,55,49,5,6,0,0.9074074074074074,0.8909090909090909,20220730_053000.WAV,Carp Pond
641,10.0,0.42,54,55,49,5,6,0,0.9074074074074074,0.8909090909090909,20220730_053000.WAV,Carp Pond
642,10.0,0.43,54,55,49,5,6,0,0.9074074074074074,0.8909090909090909,20220730_053000.WAV,Carp Pond
643,10.0,0.44,51,55,47,4,8,0,0.9215686274509803,0.8545454545454545,20220730_053000.WAV,Carp Pond
644,10.0,0.45,50,55,46,4,9,0,0.92,0.8363636363636363,20220730_053000.WAV,Carp Pond
645,10.0,0.46,50,55,46,4,9,0,0.92,0.8363636363636363,20220730_053000.WAV,Carp Pond
646,10.0,0.47,49,55,45,4,10,0,0.9183673469387755,0.8181818181818182,20220730_053000.WAV,Carp Pond
647,10.0,0.48,45,55,41,4,14,0,0.9111111111111111,0.7454545454545455,20220730_053000.WAV,Carp Pond
648,10.0,0.49,41,55,40,1,15,0,0.975609756097561,0.7272727272727273,20220730_053000.WAV,Carp Pond
649,10.0,0.5,41,55,40,1,15,0,0.975609756097561,0.7272727272727273,20220730_053000.WAV,Carp Pond
650,10.0,0.51,39,55,38,1,17,0,0.9743589743589743,0.6909090909090909,20220730_053000.WAV,Carp Pond
651,10.0,0.52,34,55,33,1,22,0,0.9705882352941176,0.6,20220730_053000.WAV,Carp Pond
652,10.0,0.53,34,55,33,1,22,0,0.9705882352941176,0.6,20220730_053000.WAV,Carp Pond
653,10.0,0.54,31,55,30,1,25,0,0.967741935483871,0.5454545454545454,20220730_053000.WAV,Carp Pond
654,10.0,0.55,30,55,29,1,26,0,0.9666666666666667,0.5272727272727272,20220730_053000.WAV,Carp Pond
655,10.0,0.56,23,55,22,1,33,0,0.9565217391304348,0.4,20220730_053000.WAV,Carp Pond
656,10.0,0.57,21,55,20,1,35,0,0.9523809523809523,0.36363636363636365,20220730_053000.WAV,Carp Pond
657,10.0,0.58,19,55,18,1,37,0,0.9473684210526315,0.32727272727272727,20220730_053000.WAV,Carp Pond
658,10.0,0.59,17,55,17,0,38,0,1.0,0.3090909090909091,20220730_053000.WAV,Carp Pond
659,10.0,0.6,15,55,15,0,40,0,1.0,0.2727272727272727,20220730_053000.WAV,Carp Pond
660,11.0,0.01,65,50,48,17,2,0,0.7384615384615385,0.96,20220730_053000.WAV,Carp Pond
661,11.0,0.02,65,50,48,17,2,0,0.7384615384615385,0.96,20220730_053000.WAV,Carp Pond
662,11.0,0.03,64,50,48,16,2,0,0.75,0.96,20220730_053000.WAV,Carp Pond
663,11.0,0.04,61,50,48,13,2,0,0.7868852459016393,0.96,20220730_053000.WAV,Carp Pond
664,11.0,0.05,57,50,48,9,2,0,0.8421052631578947,0.96,20220730_053000.WAV,Carp Pond
665,11.0,0.06,56,50,48,8,2,0,0.8571428571428571,0.96,20220730_053000.WAV,Carp Pond
666,11.0,0.07,55,50,48,7,2,0,0.8727272727272727,0.96,20220730_053000.WAV,Carp Pond
667,11.0,0.08,54,50,48,6,2,0,0.8888888888888888,0.96,20220730_053000.WAV,Carp Pond
668,11.0,0.09,54,50,48,6,2,0,0.8888888888888888,0.96,20220730_053000.WAV,Carp Pond
669,11.0,0.1,54,50,48,6,2,0,0.8888888888888888,0.96,20220730_053000.WAV,Carp Pond
670,11.0,0.11,54,50,48,6,2,0,0.8888888888888888,0.96,20220730_053000.WAV,Carp Pond
671,11.0,0.12,54,50,48,6,2,0,0.8888888888888888,0.96,20220730_053000.WAV,Carp Pond
672,11.0,0.13,54,50,48,6,2,0,0.8888888888888888,0.96,20220730_053000.WAV,Carp Pond
673,11.0,0.14,54,50,48,6,2,0,0.8888888888888888,0.96,20220730_053000.WAV,Carp Pond
674,11.0,0.15,54,50,48,6,2,0,0.8888888888888888,0.96,20220730_053000.WAV,Carp Pond
675,11.0,0.16,53,50,48,5,2,0,0.9056603773584906,0.96,20220730_053000.WAV,Carp Pond
676,11.0,0.17,53,50,48,5,2,0,0.9056603773584906,0.96,20220730_053000.WAV,Carp Pond
677,11.0,0.18,53,50,48,5,2,0,0.9056603773584906,0.96,20220730_053000.WAV,Carp Pond
678,11.0,0.19,53,50,48,5,2,0,0.9056603773584906,0.96,20220730_053000.WAV,Carp Pond
679,11.0,0.2,53,50,48,5,2,0,0.9056603773584906,0.96,20220730_053000.WAV,Carp Pond
680,11.0,0.21,53,50,48,5,2,0,0.9056603773584906,0.96,20220730_053000.WAV,Carp Pond
681,11.0,0.22,53,50,48,5,2,0,0.9056603773584906,0.96,20220730_053000.WAV,Carp Pond
682,11.0,0.23,53,50,48,5,2,0,0.9056603773584906,0.96,20220730_053000.WAV,Carp Pond
683,11.0,0.24,53,50,48,5,2,0,0.9056603773584906,0.96,20220730_053000.WAV,Carp Pond
684,11.0,0.25,53,50,48,5,2,0,0.9056603773584906,0.96,20220730_053000.WAV,Carp Pond
685,11.0,0.26,53,50,48,5,2,0,0.9056603773584906,0.96,20220730_053000.WAV,Carp Pond
686,11.0,0.27,53,50,48,5,2,0,0.9056603773584906,0.96,20220730_053000.WAV,Carp Pond
687,11.0,0.28,53,50,48,5,2,0,0.9056603773584906,0.96,20220730_053000.WAV,Carp Pond
688,11.0,0.29,53,50,48,5,2,0,0.9056603773584906,0.96,20220730_053000.WAV,Carp Pond
689,11.0,0.3,53,50,48,5,2,0,0.9056603773584906,0.96,20220730_053000.WAV,Carp Pond
690,11.0,0.31,53,50,48,5,2,0,0.9056603773584906,0.96,20220730_053000.WAV,Carp Pond
691,11.0,0.32,53,50,48,5,2,0,0.9056603773584906,0.96,20220730_053000.WAV,Carp Pond
692,11.0,0.33,53,50,48,5,2,0,0.9056603773584906,0.96,20220730_053000.WAV,Carp Pond
693,11.0,0.34,51,50,46,5,4,0,0.9019607843137255,0.92,20220730_053000.WAV,Carp Pond
694,11.0,0.35,51,50,46,5,4,0,0.9019607843137255,0.92,20220730_053000.WAV,Carp Pond
695,11.0,0.36,51,50,46,5,4,0,0.9019607843137255,0.92,20220730_053000.WAV,Carp Pond
696,11.0,0.37,50,50,45,5,5,0,0.9,0.9,20220730_053000.WAV,Carp Pond
697,11.0,0.38,49,50,45,4,5,0,0.9183673469387755,0.9,20220730_053000.WAV,Carp Pond
698,11.0,0.39,49,50,45,4,5,0,0.9183673469387755,0.9,20220730_053000.WAV,Carp Pond
699,11.0,0.4,48,50,45,3,5,0,0.9375,0.9,20220730_053000.WAV,Carp Pond
700,11.0,0.41,47,50,44,3,6,0,0.9361702127659575,0.88,20220730_053000.WAV,Carp Pond
701,11.0,0.42,47,50,44,3,6,0,0.9361702127659575,0.88,20220730_053000.WAV,Carp Pond
702,11.0,0.43,47,50,44,3,6,0,0.9361702127659575,0.88,20220730_053000.WAV,Carp Pond
703,11.0,0.44,45,50,43,2,7,0,0.9555555555555556,0.86,20220730_053000.WAV,Carp Pond
704,11.0,0.45,44,50,42,2,8,0,0.9545454545454546,0.84,20220730_053000.WAV,Carp Pond
705,11.0,0.46,44,50,42,2,8,0,0.9545454545454546,0.84,20220730_053000.WAV,Carp Pond
706,11.0,0.47,43,50,41,2,9,0,0.9534883720930233,0.82,20220730_053000.WAV,Carp Pond
707,11.0,0.48,39,50,37,2,13,0,0.9487179487179487,0.74,20220730_053000.WAV,Carp Pond
708,11.0,0.49,37,50,36,1,14,0,0.972972972972973,0.72,20220730_053000.WAV,Carp Pond
709,11.0,0.5,37,50,36,1,14,0,0.972972972972973,0.72,20220730_053000.WAV,Carp Pond
710,11.0,0.51,35,50,34,1,16,0,0.9714285714285714,0.68,20220730_053000.WAV,Carp Pond
711,11.0,0.52,30,50,29,1,21,0,0.9666666666666667,0.58,20220730_053000.WAV,Carp Pond
712,11.0,0.53,30,50,29,1,21,0,0.9666666666666667,0.58,20220730_053000.WAV,Carp Pond
713,11.0,0.54,27,50,26,1,24,0,0.9629629629629629,0.52,20220730_053000.WAV,Carp Pond
714,11.0,0.55,27,50,26,1,24,0,0.9629629629629629,0.52,20220730_053000.WAV,Carp Pond
715,11.0,0.56,21,50,20,1,30,0,0.9523809523809523,0.4,20220730_053000.WAV,Carp Pond
716,11.0,0.57,19,50,18,1,32,0,0.9473684210526315,0.36,20220730_053000.WAV,Carp Pond
717,11.0,0.58,17,50,16,1,34,0,0.9411764705882353,0.32,20220730_053000.WAV,Carp Pond
718,11.0,0.59,16,50,16,0,34,0,1.0,0.32,20220730_053000.WAV,Carp Pond
719,11.0,0.6,15,50,15,0,35,0,1.0,0.3,20220730_053000.WAV,Carp Pond
720,12.0,0.01,52,44,42,10,2,0,0.8076923076923077,0.9545454545454546,20220730_053000.WAV,Carp Pond
721,12.0,0.02,52,44,42,10,2,0,0.8076923076923077,0.9545454545454546,20220730_053000.WAV,Carp Pond
722,12.0,0.03,51,44,42,9,2,0,0.8235294117647058,0.9545454545454546,20220730_053000.WAV,Carp Pond
723,12.0,0.04,49,44,42,7,2,0,0.8571428571428571,0.9545454545454546,20220730_053000.WAV,Carp Pond
724,12.0,0.05,47,44,42,5,2,0,0.8936170212765957,0.9545454545454546,20220730_053000.WAV,Carp Pond
725,12.0,0.06,46,44,42,4,2,0,0.9130434782608695,0.9545454545454546,20220730_053000.WAV,Carp Pond
726,12.0,0.07,46,44,42,4,2,0,0.9130434782608695,0.9545454545454546,20220730_053000.WAV,Carp Pond
727,12.0,0.08,45,44,42,3,2,0,0.9333333333333333,0.9545454545454546,20220730_053000.WAV,Carp Pond
728,12.0,0.09,45,44,42,3,2,0,0.9333333333333333,0.9545454545454546,20220730_053000.WAV,Carp Pond
729,12.0,0.1,45,44,42,3,2,0,0.9333333333333333,0.9545454545454546,20220730_053000.WAV,Carp Pond
730,12.0,0.11,45,44,42,3,2,0,0.9333333333333333,0.9545454545454546,20220730_053000.WAV,Carp Pond
731,12.0,0.12,45,44,42,3,2,0,0.9333333333333333,0.9545454545454546,20220730_053000.WAV,Carp Pond
732,12.0,0.13,45,44,42,3,2,0,0.9333333333333333,0.9545454545454546,20220730_053000.WAV,Carp Pond
733,12.0,0.14,45,44,42,3,2,0,0.9333333333333333,0.9545454545454546,20220730_053000.WAV,Carp Pond
734,12.0,0.15,45,44,42,3,2,0,0.9333333333333333,0.9545454545454546,20220730_053000.WAV,Carp Pond
735,12.0,0.16,45,44,42,3,2,0,0.9333333333333333,0.9545454545454546,20220730_053000.WAV,Carp Pond
736,12.0,0.17,45,44,42,3,2,0,0.9333333333333333,0.9545454545454546,20220730_053000.WAV,Carp Pond
737,12.0,0.18,45,44,42,3,2,0,0.9333333333333333,0.9545454545454546,20220730_053000.WAV,Carp Pond
738,12.0,0.19,45,44,42,3,2,0,0.9333333333333333,0.9545454545454546,20220730_053000.WAV,Carp Pond
739,12.0,0.2,45,44,42,3,2,0,0.9333333333333333,0.9545454545454546,20220730_053000.WAV,Carp Pond
740,12.0,0.21,45,44,42,3,2,0,0.9333333333333333,0.9545454545454546,20220730_053000.WAV,Carp Pond
741,12.0,0.22,45,44,42,3,2,0,0.9333333333333333,0.9545454545454546,20220730_053000.WAV,Carp Pond
742,12.0,0.23,45,44,42,3,2,0,0.9333333333333333,0.9545454545454546,20220730_053000.WAV,Carp Pond
743,12.0,0.24,45,44,42,3,2,0,0.9333333333333333,0.9545454545454546,20220730_053000.WAV,Carp Pond
744,12.0,0.25,45,44,42,3,2,0,0.9333333333333333,0.9545454545454546,20220730_053000.WAV,Carp Pond
745,12.0,0.26,45,44,42,3,2,0,0.9333333333333333,0.9545454545454546,20220730_053000.WAV,Carp Pond
746,12.0,0.27,45,44,42,3,2,0,0.9333333333333333,0.9545454545454546,20220730_053000.WAV,Carp Pond
747,12.0,0.28,45,44,42,3,2,0,0.9333333333333333,0.9545454545454546,20220730_053000.WAV,Carp Pond
748,12.0,0.29,45,44,42,3,2,0,0.9333333333333333,0.9545454545454546,20220730_053000.WAV,Carp Pond
749,12.0,0.3,45,44,42,3,2,0,0.9333333333333333,0.9545454545454546,20220730_053000.WAV,Carp Pond
750,12.0,0.31,45,44,42,3,2,0,0.9333333333333333,0.9545454545454546,20220730_053000.WAV,Carp Pond
751,12.0,0.32,45,44,42,3,2,0,0.9333333333333333,0.9545454545454546,20220730_053000.WAV,Carp Pond
752,12.0,0.33,45,44,42,3,2,0,0.9333333333333333,0.9545454545454546,20220730_053000.WAV,Carp Pond
753,12.0,0.34,43,44,40,3,4,0,0.9302325581395349,0.9090909090909091,20220730_053000.WAV,Carp Pond
754,12.0,0.35,43,44,40,3,4,0,0.9302325581395349,0.9090909090909091,20220730_053000.WAV,Carp Pond
755,12.0,0.36,43,44,40,3,4,0,0.9302325581395349,0.9090909090909091,20220730_053000.WAV,Carp Pond
756,12.0,0.37,42,44,39,3,5,0,0.9285714285714286,0.8863636363636364,20220730_053000.WAV,Carp Pond
757,12.0,0.38,42,44,39,3,5,0,0.9285714285714286,0.8863636363636364,20220730_053000.WAV,Carp Pond
758,12.0,0.39,42,44,39,3,5,0,0.9285714285714286,0.8863636363636364,20220730_053000.WAV,Carp Pond
759,12.0,0.4,42,44,39,3,5,0,0.9285714285714286,0.8863636363636364,20220730_053000.WAV,Carp Pond
760,12.0,0.41,41,44,38,3,6,0,0.926829268292683,0.8636363636363636,20220730_053000.WAV,Carp Pond
761,12.0,0.42,41,44,38,3,6,0,0.926829268292683,0.8636363636363636,20220730_053000.WAV,Carp Pond
762,12.0,0.43,41,44,38,3,6,0,0.926829268292683,0.8636363636363636,20220730_053000.WAV,Carp Pond
763,12.0,0.44,39,44,37,2,7,0,0.9487179487179487,0.8409090909090909,20220730_053000.WAV,Carp Pond
764,12.0,0.45,38,44,36,2,8,0,0.9473684210526315,0.8181818181818182,20220730_053000.WAV,Carp Pond
765,12.0,0.46,38,44,36,2,8,0,0.9473684210526315,0.8181818181818182,20220730_053000.WAV,Carp Pond
766,12.0,0.47,37,44,35,2,9,0,0.9459459459459459,0.7954545454545454,20220730_053000.WAV,Carp Pond
767,12.0,0.48,33,44,31,2,13,0,0.9393939393939394,0.7045454545454546,20220730_053000.WAV,Carp Pond
768,12.0,0.49,31,44,30,1,14,0,0.967741935483871,0.6818181818181818,20220730_053000.WAV,Carp Pond
769,12.0,0.5,31,44,30,1,14,0,0.967741935483871,0.6818181818181818,20220730_053000.WAV,Carp Pond
770,12.0,0.51,29,44,28,1,16,0,0.9655172413793104,0.6363636363636364,20220730_053000.WAV,Carp Pond
771,12.0,0.52,25,44,24,1,20,0,0.96,0.5454545454545454,20220730_053000.WAV,Carp Pond
772,12.0,0.53,25,44,24,1,20,0,0.96,0.5454545454545454,20220730_053000.WAV,Carp Pond
773,12.0,0.54,22,44,21,1,23,0,0.9545454545454546,0.4772727272727273,20220730_053000.WAV,Carp Pond
774,12.0,0.55,22,44,21,1,23,0,0.9545454545454546,0.4772727272727273,20220730_053000.WAV,Carp Pond
775,12.0,0.56,17,44,16,1,28,0,0.9411764705882353,0.36363636363636365,20220730_053000.WAV,Carp Pond
776,12.0,0.57,15,44,14,1,30,0,0.9333333333333333,0.3181818181818182,20220730_053000.WAV,Carp Pond
777,12.0,0.58,14,44,13,1,31,0,0.9285714285714286,0.29545454545454547,20220730_053000.WAV,Carp Pond
778,12.0,0.59,13,44,13,0,31,0,1.0,0.29545454545454547,20220730_053000.WAV,Carp Pond
779,12.0,0.6,13,44,13,0,31,0,1.0,0.29545454545454547,20220730_053000.WAV,Carp Pond
780,13.0,0.01,45,39,37,8,2,0,0.8222222222222222,0.9487179487179487,20220730_053000.WAV,Carp Pond
781,13.0,0.02,45,39,37,8,2,0,0.8222222222222222,0.9487179487179487,20220730_053000.WAV,Carp Pond
782,13.0,0.03,45,39,37,8,2,0,0.8222222222222222,0.9487179487179487,20220730_053000.WAV,Carp Pond
783,13.0,0.04,44,39,37,7,2,0,0.8409090909090909,0.9487179487179487,20220730_053000.WAV,Carp Pond
784,13.0,0.05,42,39,37,5,2,0,0.8809523809523809,0.9487179487179487,20220730_053000.WAV,Carp Pond
785,13.0,0.06,42,39,37,5,2,0,0.8809523809523809,0.9487179487179487,20220730_053000.WAV,Carp Pond
786,13.0,0.07,42,39,37,5,2,0,0.8809523809523809,0.9487179487179487,20220730_053000.WAV,Carp Pond
787,13.0,0.08,41,39,37,4,2,0,0.9024390243902439,0.9487179487179487,20220730_053000.WAV,Carp Pond
788,13.0,0.09,41,39,37,4,2,0,0.9024390243902439,0.9487179487179487,20220730_053000.WAV,Carp Pond
789,13.0,0.1,41,39,37,4,2,0,0.9024390243902439,0.9487179487179487,20220730_053000.WAV,Carp Pond
790,13.0,0.11,41,39,37,4,2,0,0.9024390243902439,0.9487179487179487,20220730_053000.WAV,Carp Pond
791,13.0,0.12,41,39,37,4,2,0,0.9024390243902439,0.9487179487179487,20220730_053000.WAV,Carp Pond
792,13.0,0.13,41,39,37,4,2,0,0.9024390243902439,0.9487179487179487,20220730_053000.WAV,Carp Pond
793,13.0,0.14,41,39,37,4,2,0,0.9024390243902439,0.9487179487179487,20220730_053000.WAV,Carp Pond
794,13.0,0.15,41,39,37,4,2,0,0.9024390243902439,0.9487179487179487,20220730_053000.WAV,Carp Pond
795,13.0,0.16,41,39,37,4,2,0,0.9024390243902439,0.9487179487179487,20220730_053000.WAV,Carp Pond
796,13.0,0.17,41,39,37,4,2,0,0.9024390243902439,0.9487179487179487,20220730_053000.WAV,Carp Pond
797,13.0,0.18,41,39,37,4,2,0,0.9024390243902439,0.9487179487179487,20220730_053000.WAV,Carp Pond
798,13.0,0.19,41,39,37,4,2,0,0.9024390243902439,0.9487179487179487,20220730_053000.WAV,Carp Pond
799,13.0,0.2,41,39,37,4,2,0,0.9024390243902439,0.9487179487179487,20220730_053000.WAV,Carp Pond
800,13.0,0.21,41,39,37,4,2,0,0.9024390243902439,0.9487179487179487,20220730_053000.WAV,Carp Pond
801,13.0,0.22,41,39,37,4,2,0,0.9024390243902439,0.9487179487179487,20220730_053000.WAV,Carp Pond
802,13.0,0.23,41,39,37,4,2,0,0.9024390243902439,0.9487179487179487,20220730_053000.WAV,Carp Pond
803,13.0,0.24,41,39,37,4,2,0,0.9024390243902439,0.9487179487179487,20220730_053000.WAV,Carp Pond
804,13.0,0.25,41,39,37,4,2,0,0.9024390243902439,0.9487179487179487,20220730_053000.WAV,Carp Pond
805,13.0,0.26,41,39,37,4,2,0,0.9024390243902439,0.9487179487179487,20220730_053000.WAV,Carp Pond
806,13.0,0.27,41,39,37,4,2,0,0.9024390243902439,0.9487179487179487,20220730_053000.WAV,Carp Pond
807,13.0,0.28,41,39,37,4,2,0,0.9024390243902439,0.9487179487179487,20220730_053000.WAV,Carp Pond
808,13.0,0.29,41,39,37,4,2,0,0.9024390243902439,0.9487179487179487,20220730_053000.WAV,Carp Pond
809,13.0,0.3,41,39,37,4,2,0,0.9024390243902439,0.9487179487179487,20220730_053000.WAV,Carp Pond
810,13.0,0.31,41,39,37,4,2,0,0.9024390243902439,0.9487179487179487,20220730_053000.WAV,Carp Pond
811,13.0,0.32,41,39,37,4,2,0,0.9024390243902439,0.9487179487179487,20220730_053000.WAV,Carp Pond
812,13.0,0.33,41,39,37,4,2,0,0.9024390243902439,0.9487179487179487,20220730_053000.WAV,Carp Pond
813,13.0,0.34,39,39,35,4,4,0,0.8974358974358975,0.8974358974358975,20220730_053000.WAV,Carp Pond
814,13.0,0.35,39,39,35,4,4,0,0.8974358974358975,0.8974358974358975,20220730_053000.WAV,Carp Pond
815,13.0,0.36,39,39,35,4,4,0,0.8974358974358975,0.8974358974358975,20220730_053000.WAV,Carp Pond
816,13.0,0.37,38,39,34,4,5,0,0.8947368421052632,0.8717948717948718,20220730_053000.WAV,Carp Pond
817,13.0,0.38,38,39,34,4,5,0,0.8947368421052632,0.8717948717948718,20220730_053000.WAV,Carp Pond
818,13.0,0.39,38,39,34,4,5,0,0.8947368421052632,0.8717948717948718,20220730_053000.WAV,Carp Pond
819,13.0,0.4,38,39,34,4,5,0,0.8947368421052632,0.8717948717948718,20220730_053000.WAV,Carp Pond
820,13.0,0.41,37,39,33,4,6,0,0.8918918918918919,0.8461538461538461,20220730_053000.WAV,Carp Pond
821,13.0,0.42,37,39,33,4,6,0,0.8918918918918919,0.8461538461538461,20220730_053000.WAV,Carp Pond
822,13.0,0.43,37,39,33,4,6,0,0.8918918918918919,0.8461538461538461,20220730_053000.WAV,Carp Pond
823,13.0,0.44,35,39,32,3,7,0,0.9142857142857143,0.8205128205128205,20220730_053000.WAV,Carp Pond
824,13.0,0.45,34,39,31,3,8,0,0.9117647058823529,0.7948717948717948,20220730_053000.WAV,Carp Pond
825,13.0,0.46,34,39,31,3,8,0,0.9117647058823529,0.7948717948717948,20220730_053000.WAV,Carp Pond
826,13.0,0.47,33,39,30,3,9,0,0.9090909090909091,0.7692307692307693,20220730_053000.WAV,Carp Pond
827,13.0,0.48,29,39,27,2,12,0,0.9310344827586207,0.6923076923076923,20220730_053000.WAV,Carp Pond
828,13.0,0.49,27,39,26,1,13,0,0.9629629629629629,0.6666666666666666,20220730_053000.WAV,Carp Pond
829,13.0,0.5,27,39,26,1,13,0,0.9629629629629629,0.6666666666666666,20220730_053000.WAV,Carp Pond
830,13.0,0.51,27,39,26,1,13,0,0.9629629629629629,0.6666666666666666,20220730_053000.WAV,Carp Pond
831,13.0,0.52,23,39,22,1,17,0,0.9565217391304348,0.5641025641025641,20220730_053000.WAV,Carp Pond
832,13.0,0.53,23,39,22,1,17,0,0.9565217391304348,0.5641025641025641,20220730_053000.WAV,Carp Pond
833,13.0,0.54,21,39,20,1,19,0,0.9523809523809523,0.5128205128205128,20220730_053000.WAV,Carp Pond
834,13.0,0.55,21,39,20,1,19,0,0.9523809523809523,0.5128205128205128,20220730_053000.WAV,Carp Pond
835,13.0,0.56,17,39,16,1,23,0,0.9411764705882353,0.41025641025641024,20220730_053000.WAV,Carp Pond
836,13.0,0.57,15,39,14,1,25,0,0.9333333333333333,0.358974358974359,20220730_053000.WAV,Carp Pond
837,13.0,0.58,14,39,13,1,26,0,0.9285714285714286,0.3333333333333333,20220730_053000.WAV,Carp Pond
838,13.0,0.59,13,39,13,0,26,0,1.0,0.3333333333333333,20220730_053000.WAV,Carp Pond
839,13.0,0.6,13,39,13,0,26,0,1.0,0.3333333333333333,20220730_053000.WAV,Carp Pond
840,14.0,0.01,42,36,34,8,2,0,0.8095238095238095,0.9444444444444444,20220730_053000.WAV,Carp Pond
841,14.0,0.02,42,36,34,8,2,0,0.8095238095238095,0.9444444444444444,20220730_053000.WAV,Carp Pond
842,14.0,0.03,42,36,34,8,2,0,0.8095238095238095,0.9444444444444444,20220730_053000.WAV,Carp Pond
843,14.0,0.04,41,36,34,7,2,0,0.8292682926829268,0.9444444444444444,20220730_053000.WAV,Carp Pond
844,14.0,0.05,40,36,34,6,2,0,0.85,0.9444444444444444,20220730_053000.WAV,Carp Pond
845,14.0,0.06,40,36,34,6,2,0,0.85,0.9444444444444444,20220730_053000.WAV,Carp Pond
846,14.0,0.07,40,36,34,6,2,0,0.85,0.9444444444444444,20220730_053000.WAV,Carp Pond
847,14.0,0.08,39,36,34,5,2,0,0.8717948717948718,0.9444444444444444,20220730_053000.WAV,Carp Pond
848,14.0,0.09,39,36,34,5,2,0,0.8717948717948718,0.9444444444444444,20220730_053000.WAV,Carp Pond
849,14.0,0.1,39,36,34,5,2,0,0.8717948717948718,0.9444444444444444,20220730_053000.WAV,Carp Pond
850,14.0,0.11,39,36,34,5,2,0,0.8717948717948718,0.9444444444444444,20220730_053000.WAV,Carp Pond
851,14.0,0.12,39,36,34,5,2,0,0.8717948717948718,0.9444444444444444,20220730_053000.WAV,Carp Pond
852,14.0,0.13,39,36,34,5,2,0,0.8717948717948718,0.9444444444444444,20220730_053000.WAV,Carp Pond
853,14.0,0.14,39,36,34,5,2,0,0.8717948717948718,0.9444444444444444,20220730_053000.WAV,Carp Pond
854,14.0,0.15,39,36,34,5,2,0,0.8717948717948718,0.9444444444444444,20220730_053000.WAV,Carp Pond
855,14.0,0.16,39,36,34,5,2,0,0.8717948717948718,0.9444444444444444,20220730_053000.WAV,Carp Pond
856,14.0,0.17,39,36,34,5,2,0,0.8717948717948718,0.9444444444444444,20220730_053000.WAV,Carp Pond
857,14.0,0.18,39,36,34,5,2,0,0.8717948717948718,0.9444444444444444,20220730_053000.WAV,Carp Pond
858,14.0,0.19,39,36,34,5,2,0,0.8717948717948718,0.9444444444444444,20220730_053000.WAV,Carp Pond
859,14.0,0.2,39,36,34,5,2,0,0.8717948717948718,0.9444444444444444,20220730_053000.WAV,Carp Pond
860,14.0,0.21,39,36,34,5,2,0,0.8717948717948718,0.9444444444444444,20220730_053000.WAV,Carp Pond
861,14.0,0.22,39,36,34,5,2,0,0.8717948717948718,0.9444444444444444,20220730_053000.WAV,Carp Pond
862,14.0,0.23,39,36,34,5,2,0,0.8717948717948718,0.9444444444444444,20220730_053000.WAV,Carp Pond
863,14.0,0.24,39,36,34,5,2,0,0.8717948717948718,0.9444444444444444,20220730_053000.WAV,Carp Pond
864,14.0,0.25,39,36,34,5,2,0,0.8717948717948718,0.9444444444444444,20220730_053000.WAV,Carp Pond
865,14.0,0.26,39,36,34,5,2,0,0.8717948717948718,0.9444444444444444,20220730_053000.WAV,Carp Pond
866,14.0,0.27,39,36,34,5,2,0,0.8717948717948718,0.9444444444444444,20220730_053000.WAV,Carp Pond
867,14.0,0.28,39,36,34,5,2,0,0.8717948717948718,0.9444444444444444,20220730_053000.WAV,Carp Pond
868,14.0,0.29,39,36,34,5,2,0,0.8717948717948718,0.9444444444444444,20220730_053000.WAV,Carp Pond
869,14.0,0.3,39,36,34,5,2,0,0.8717948717948718,0.9444444444444444,20220730_053000.WAV,Carp Pond
870,14.0,0.31,39,36,34,5,2,0,0.8717948717948718,0.9444444444444444,20220730_053000.WAV,Carp Pond
871,14.0,0.32,39,36,34,5,2,0,0.8717948717948718,0.9444444444444444,20220730_053000.WAV,Carp Pond
872,14.0,0.33,39,36,34,5,2,0,0.8717948717948718,0.9444444444444444,20220730_053000.WAV,Carp Pond
873,14.0,0.34,37,36,32,5,4,0,0.8648648648648649,0.8888888888888888,20220730_053000.WAV,Carp Pond
874,14.0,0.35,37,36,32,5,4,0,0.8648648648648649,0.8888888888888888,20220730_053000.WAV,Carp Pond
875,14.0,0.36,37,36,32,5,4,0,0.8648648648648649,0.8888888888888888,20220730_053000.WAV,Carp Pond
876,14.0,0.37,36,36,31,5,5,0,0.8611111111111112,0.8611111111111112,20220730_053000.WAV,Carp Pond
877,14.0,0.38,36,36,31,5,5,0,0.8611111111111112,0.8611111111111112,20220730_053000.WAV,Carp Pond
878,14.0,0.39,36,36,31,5,5,0,0.8611111111111112,0.8611111111111112,20220730_053000.WAV,Carp Pond
879,14.0,0.4,36,36,31,5,5,0,0.8611111111111112,0.8611111111111112,20220730_053000.WAV,Carp Pond
880,14.0,0.41,35,36,30,5,6,0,0.8571428571428571,0.8333333333333334,20220730_053000.WAV,Carp Pond
881,14.0,0.42,35,36,30,5,6,0,0.8571428571428571,0.8333333333333334,20220730_053000.WAV,Carp Pond
882,14.0,0.43,35,36,30,5,6,0,0.8571428571428571,0.8333333333333334,20220730_053000.WAV,Carp Pond
883,14.0,0.44,33,36,29,4,7,0,0.8787878787878788,0.8055555555555556,20220730_053000.WAV,Carp Pond
884,14.0,0.45,32,36,28,4,8,0,0.875,0.7777777777777778,20220730_053000.WAV,Carp Pond
885,14.0,0.46,32,36,28,4,8,0,0.875,0.7777777777777778,20220730_053000.WAV,Carp Pond
886,14.0,0.47,31,36,28,3,8,0,0.9032258064516129,0.7777777777777778,20220730_053000.WAV,Carp Pond
887,14.0,0.48,27,36,25,2,11,0,0.9259259259259259,0.6944444444444444,20220730_053000.WAV,Carp Pond
888,14.0,0.49,25,36,24,1,12,0,0.96,0.6666666666666666,20220730_053000.WAV,Carp Pond
889,14.0,0.5,25,36,24,1,12,0,0.96,0.6666666666666666,20220730_053000.WAV,Carp Pond
890,14.0,0.51,25,36,24,1,12,0,0.96,0.6666666666666666,20220730_053000.WAV,Carp Pond
891,14.0,0.52,21,36,20,1,16,0,0.9523809523809523,0.5555555555555556,20220730_053000.WAV,Carp Pond
892,14.0,0.53,21,36,20,1,16,0,0.9523809523809523,0.5555555555555556,20220730_053000.WAV,Carp Pond
893,14.0,0.54,19,36,18,1,18,0,0.9473684210526315,0.5,20220730_053000.WAV,Carp Pond
894,14.0,0.55,19,36,18,1,18,0,0.9473684210526315,0.5,20220730_053000.WAV,Carp Pond
895,14.0,0.56,15,36,14,1,22,0,0.9333333333333333,0.3888888888888889,20220730_053000.WAV,Carp Pond
896,14.0,0.57,14,36,13,1,23,0,0.9285714285714286,0.3611111111111111,20220730_053000.WAV,Carp Pond
897,14.0,0.58,13,36,12,1,24,0,0.9230769230769231,0.3333333333333333,20220730_053000.WAV,Carp Pond
898,14.0,0.59,12,36,12,0,24,0,1.0,0.3333333333333333,20220730_053000.WAV,Carp Pond
899,14.0,0.6,12,36,12,0,24,0,1.0,0.3333333333333333,20220730_053000.WAV,Carp Pond
900,15.0,0.01,34,27,25,9,2,0,0.7352941176470589,0.9259259259259259,20220730_053000.WAV,Carp Pond
901,15.0,0.02,34,27,25,9,2,0,0.7352941176470589,0.9259259259259259,20220730_053000.WAV,Carp Pond
902,15.0,0.03,34,27,25,9,2,0,0.7352941176470589,0.9259259259259259,20220730_053000.WAV,Carp Pond
903,15.0,0.04,33,27,25,8,2,0,0.7575757575757576,0.9259259259259259,20220730_053000.WAV,Carp Pond
904,15.0,0.05,32,27,25,7,2,0,0.78125,0.9259259259259259,20220730_053000.WAV,Carp Pond
905,15.0,0.06,32,27,25,7,2,0,0.78125,0.9259259259259259,20220730_053000.WAV,Carp Pond
906,15.0,0.07,32,27,25,7,2,0,0.78125,0.9259259259259259,20220730_053000.WAV,Carp Pond
907,15.0,0.08,31,27,25,6,2,0,0.8064516129032258,0.9259259259259259,20220730_053000.WAV,Carp Pond
908,15.0,0.09,31,27,25,6,2,0,0.8064516129032258,0.9259259259259259,20220730_053000.WAV,Carp Pond
909,15.0,0.1,31,27,25,6,2,0,0.8064516129032258,0.9259259259259259,20220730_053000.WAV,Carp Pond
910,15.0,0.11,31,27,25,6,2,0,0.8064516129032258,0.9259259259259259,20220730_053000.WAV,Carp Pond
911,15.0,0.12,31,27,25,6,2,0,0.8064516129032258,0.9259259259259259,20220730_053000.WAV,Carp Pond
912,15.0,0.13,31,27,25,6,2,0,0.8064516129032258,0.9259259259259259,20220730_053000.WAV,Carp Pond
913,15.0,0.14,31,27,25,6,2,0,0.8064516129032258,0.9259259259259259,20220730_053000.WAV,Carp Pond
914,15.0,0.15,31,27,25,6,2,0,0.8064516129032258,0.9259259259259259,20220730_053000.WAV,Carp Pond
915,15.0,0.16,31,27,25,6,2,0,0.8064516129032258,0.9259259259259259,20220730_053000.WAV,Carp Pond
916,15.0,0.17,31,27,25,6,2,0,0.8064516129032258,0.9259259259259259,20220730_053000.WAV,Carp Pond
917,15.0,0.18,31,27,25,6,2,0,0.8064516129032258,0.9259259259259259,20220730_053000.WAV,Carp Pond
918,15.0,0.19,31,27,25,6,2,0,0.8064516129032258,0.9259259259259259,20220730_053000.WAV,Carp Pond
919,15.0,0.2,31,27,25,6,2,0,0.8064516129032258,0.9259259259259259,20220730_053000.WAV,Carp Pond
920,15.0,0.21,31,27,25,6,2,0,0.8064516129032258,0.9259259259259259,20220730_053000.WAV,Carp Pond
921,15.0,0.22,31,27,25,6,2,0,0.8064516129032258,0.9259259259259259,20220730_053000.WAV,Carp Pond
922,15.0,0.23,31,27,25,6,2,0,0.8064516129032258,0.9259259259259259,20220730_053000.WAV,Carp Pond
923,15.0,0.24,31,27,25,6,2,0,0.8064516129032258,0.9259259259259259,20220730_053000.WAV,Carp Pond
924,15.0,0.25,31,27,25,6,2,0,0.8064516129032258,0.9259259259259259,20220730_053000.WAV,Carp Pond
925,15.0,0.26,31,27,25,6,2,0,0.8064516129032258,0.9259259259259259,20220730_053000.WAV,Carp Pond
926,15.0,0.27,31,27,25,6,2,0,0.8064516129032258,0.9259259259259259,20220730_053000.WAV,Carp Pond
927,15.0,0.28,31,27,25,6,2,0,0.8064516129032258,0.9259259259259259,20220730_053000.WAV,Carp Pond
928,15.0,0.29,31,27,25,6,2,0,0.8064516129032258,0.9259259259259259,20220730_053000.WAV,Carp Pond
929,15.0,0.3,31,27,25,6,2,0,0.8064516129032258,0.9259259259259259,20220730_053000.WAV,Carp Pond
930,15.0,0.31,31,27,25,6,2,0,0.8064516129032258,0.9259259259259259,20220730_053000.WAV,Carp Pond
931,15.0,0.32,31,27,25,6,2,0,0.8064516129032258,0.9259259259259259,20220730_053000.WAV,Carp Pond
932,15.0,0.33,31,27,25,6,2,0,0.8064516129032258,0.9259259259259259,20220730_053000.WAV,Carp Pond
933,15.0,0.34,29,27,23,6,4,0,0.7931034482758621,0.8518518518518519,20220730_053000.WAV,Carp Pond
934,15.0,0.35,29,27,23,6,4,0,0.7931034482758621,0.8518518518518519,20220730_053000.WAV,Carp Pond
935,15.0,0.36,29,27,23,6,4,0,0.7931034482758621,0.8518518518518519,20220730_053000.WAV,Carp Pond
936,15.0,0.37,28,27,23,5,4,0,0.8214285714285714,0.8518518518518519,20220730_053000.WAV,Carp Pond
937,15.0,0.38,28,27,23,5,4,0,0.8214285714285714,0.8518518518518519,20220730_053000.WAV,Carp Pond
938,15.0,0.39,28,27,23,5,4,0,0.8214285714285714,0.8518518518518519,20220730_053000.WAV,Carp Pond
939,15.0,0.4,28,27,23,5,4,0,0.8214285714285714,0.8518518518518519,20220730_053000.WAV,Carp Pond
940,15.0,0.41,27,27,22,5,5,0,0.8148148148148148,0.8148148148148148,20220730_053000.WAV,Carp Pond
941,15.0,0.42,27,27,22,5,5,0,0.8148148148148148,0.8148148148148148,20220730_053000.WAV,Carp Pond
942,15.0,0.43,27,27,22,5,5,0,0.8148148148148148,0.8148148148148148,20220730_053000.WAV,Carp Pond
943,15.0,0.44,26,27,21,5,6,0,0.8076923076923077,0.7777777777777778,20220730_053000.WAV,Carp Pond
944,15.0,0.45,25,27,21,4,6,0,0.84,0.7777777777777778,20220730_053000.WAV,Carp Pond
945,15.0,0.46,25,27,21,4,6,0,0.84,0.7777777777777778,20220730_053000.WAV,Carp Pond
946,15.0,0.47,25,27,21,4,6,0,0.84,0.7777777777777778,20220730_053000.WAV,Carp Pond
947,15.0,0.48,22,27,20,2,7,0,0.9090909090909091,0.7407407407407407,20220730_053000.WAV,Carp Pond
948,15.0,0.49,20,27,19,1,8,0,0.95,0.7037037037037037,20220730_053000.WAV,Carp Pond
949,15.0,0.5,20,27,19,1,8,0,0.95,0.7037037037037037,20220730_053000.WAV,Carp Pond
950,15.0,0.51,20,27,19,1,8,0,0.95,0.7037037037037037,20220730_053000.WAV,Carp Pond
951,15.0,0.52,16,27,15,1,12,0,0.9375,0.5555555555555556,20220730_053000.WAV,Carp Pond
952,15.0,0.53,16,27,15,1,12,0,0.9375,0.5555555555555556,20220730_053000.WAV,Carp Pond
953,15.0,0.54,14,27,13,1,14,0,0.9285714285714286,0.48148148148148145,20220730_053000.WAV,Carp Pond
954,15.0,0.55,14,27,13,1,14,0,0.9285714285714286,0.48148148148148145,20220730_053000.WAV,Carp Pond
955,15.0,0.56,10,27,9,1,18,0,0.9,0.3333333333333333,20220730_053000.WAV,Carp Pond
956,15.0,0.57,10,27,9,1,18,0,0.9,0.3333333333333333,20220730_053000.WAV,Carp Pond
957,15.0,0.58,10,27,9,1,18,0,0.9,0.3333333333333333,20220730_053000.WAV,Carp Pond
958,15.0,0.59,9,27,9,0,18,0,1.0,0.3333333333333333,20220730_053000.WAV,Carp Pond
959,15.0,0.6,9,27,9,0,18,0,1.0,0.3333333333333333,20220730_053000.WAV,Carp Pond
960,16.0,0.01,30,24,22,8,2,0,0.7333333333333333,0.9166666666666666,20220730_053000.WAV,Carp Pond
961,16.0,0.02,30,24,22,8,2,0,0.7333333333333333,0.9166666666666666,20220730_053000.WAV,Carp Pond
962,16.0,0.03,30,24,22,8,2,0,0.7333333333333333,0.9166666666666666,20220730_053000.WAV,Carp Pond
963,16.0,0.04,30,24,22,8,2,0,0.7333333333333333,0.9166666666666666,20220730_053000.WAV,Carp Pond
964,16.0,0.05,29,24,22,7,2,0,0.7586206896551724,0.9166666666666666,20220730_053000.WAV,Carp Pond
965,16.0,0.06,29,24,22,7,2,0,0.7586206896551724,0.9166666666666666,20220730_053000.WAV,Carp Pond
966,16.0,0.07,29,24,22,7,2,0,0.7586206896551724,0.9166666666666666,20220730_053000.WAV,Carp Pond
967,16.0,0.08,29,24,22,7,2,0,0.7586206896551724,0.9166666666666666,20220730_053000.WAV,Carp Pond
968,16.0,0.09,29,24,22,7,2,0,0.7586206896551724,0.9166666666666666,20220730_053000.WAV,Carp Pond
969,16.0,0.1,29,24,22,7,2,0,0.7586206896551724,0.9166666666666666,20220730_053000.WAV,Carp Pond
970,16.0,0.11,29,24,22,7,2,0,0.7586206896551724,0.9166666666666666,20220730_053000.WAV,Carp Pond
971,16.0,0.12,29,24,22,7,2,0,0.7586206896551724,0.9166666666666666,20220730_053000.WAV,Carp Pond
972,16.0,0.13,29,24,22,7,2,0,0.7586206896551724,0.9166666666666666,20220730_053000.WAV,Carp Pond
973,16.0,0.14,29,24,22,7,2,0,0.7586206896551724,0.9166666666666666,20220730_053000.WAV,Carp Pond
974,16.0,0.15,29,24,22,7,2,0,0.7586206896551724,0.9166666666666666,20220730_053000.WAV,Carp Pond
975,16.0,0.16,29,24,22,7,2,0,0.7586206896551724,0.9166666666666666,20220730_053000.WAV,Carp Pond
976,16.0,0.17,29,24,22,7,2,0,0.7586206896551724,0.9166666666666666,20220730_053000.WAV,Carp Pond
977,16.0,0.18,29,24,22,7,2,0,0.7586206896551724,0.9166666666666666,20220730_053000.WAV,Carp Pond
978,16.0,0.19,29,24,22,7,2,0,0.7586206896551724,0.9166666666666666,20220730_053000.WAV,Carp Pond
979,16.0,0.2,29,24,22,7,2,0,0.7586206896551724,0.9166666666666666,20220730_053000.WAV,Carp Pond
980,16.0,0.21,29,24,22,7,2,0,0.7586206896551724,0.9166666666666666,20220730_053000.WAV,Carp Pond
981,16.0,0.22,29,24,22,7,2,0,0.7586206896551724,0.9166666666666666,20220730_053000.WAV,Carp Pond
982,16.0,0.23,29,24,22,7,2,0,0.7586206896551724,0.9166666666666666,20220730_053000.WAV,Carp Pond
983,16.0,0.24,29,24,22,7,2,0,0.7586206896551724,0.9166666666666666,20220730_053000.WAV,Carp Pond
984,16.0,0.25,29,24,22,7,2,0,0.7586206896551724,0.9166666666666666,20220730_053000.WAV,Carp Pond
985,16.0,0.26,29,24,22,7,2,0,0.7586206896551724,0.9166666666666666,20220730_053000.WAV,Carp Pond
986,16.0,0.27,29,24,22,7,2,0,0.7586206896551724,0.9166666666666666,20220730_053000.WAV,Carp Pond
987,16.0,0.28,29,24,22,7,2,0,0.7586206896551724,0.9166666666666666,20220730_053000.WAV,Carp Pond
988,16.0,0.29,29,24,22,7,2,0,0.7586206896551724,0.9166666666666666,20220730_053000.WAV,Carp Pond
989,16.0,0.3,29,24,22,7,2,0,0.7586206896551724,0.9166666666666666,20220730_053000.WAV,Carp Pond
990,16.0,0.31,29,24,22,7,2,0,0.7586206896551724,0.9166666666666666,20220730_053000.WAV,Carp Pond
991,16.0,0.32,29,24,22,7,2,0,0.7586206896551724,0.9166666666666666,20220730_053000.WAV,Carp Pond
992,16.0,0.33,29,24,22,7,2,0,0.7586206896551724,0.9166666666666666,20220730_053000.WAV,Carp Pond
993,16.0,0.34,27,24,21,6,3,0,0.7777777777777778,0.875,20220730_053000.WAV,Carp Pond
994,16.0,0.35,27,24,21,6,3,0,0.7777777777777778,0.875,20220730_053000.WAV,Carp Pond
995,16.0,0.36,27,24,21,6,3,0,0.7777777777777778,0.875,20220730_053000.WAV,Carp Pond
996,16.0,0.37,26,24,21,5,3,0,0.8076923076923077,0.875,20220730_053000.WAV,Carp Pond
997,16.0,0.38,26,24,21,5,3,0,0.8076923076923077,0.875,20220730_053000.WAV,Carp Pond
998,16.0,0.39,26,24,21,5,3,0,0.8076923076923077,0.875,20220730_053000.WAV,Carp Pond
999,16.0,0.4,26,24,21,5,3,0,0.8076923076923077,0.875,20220730_053000.WAV,Carp Pond
1000,16.0,0.41,25,24,20,5,4,0,0.8,0.8333333333333334,20220730_053000.WAV,Carp Pond
1001,16.0,0.42,25,24,20,5,4,0,0.8,0.8333333333333334,20220730_053000.WAV,Carp Pond
1002,16.0,0.43,25,24,20,5,4,0,0.8,0.8333333333333334,20220730_053000.WAV,Carp Pond
1003,16.0,0.44,24,24,19,5,5,0,0.7916666666666666,0.7916666666666666,20220730_053000.WAV,Carp Pond
1004,16.0,0.45,23,24,19,4,5,0,0.8260869565217391,0.7916666666666666,20220730_053000.WAV,Carp Pond
1005,16.0,0.46,23,24,19,4,5,0,0.8260869565217391,0.7916666666666666,20220730_053000.WAV,Carp Pond
1006,16.0,0.47,23,24,19,4,5,0,0.8260869565217391,0.7916666666666666,20220730_053000.WAV,Carp Pond
1007,16.0,0.48,20,24,18,2,6,0,0.9,0.75,20220730_053000.WAV,Carp Pond
1008,16.0,0.49,18,24,17,1,7,0,0.9444444444444444,0.7083333333333334,20220730_053000.WAV,Carp Pond
1009,16.0,0.5,18,24,17,1,7,0,0.9444444444444444,0.7083333333333334,20220730_053000.WAV,Carp Pond
1010,16.0,0.51,18,24,17,1,7,0,0.9444444444444444,0.7083333333333334,20220730_053000.WAV,Carp Pond
1011,16.0,0.52,14,24,13,1,11,0,0.9285714285714286,0.5416666666666666,20220730_053000.WAV,Carp Pond
1012,16.0,0.53,14,24,13,1,11,0,0.9285714285714286,0.5416666666666666,20220730_053000.WAV,Carp Pond
1013,16.0,0.54,13,24,12,1,12,0,0.9230769230769231,0.5,20220730_053000.WAV,Carp Pond
1014,16.0,0.55,13,24,12,1,12,0,0.9230769230769231,0.5,20220730_053000.WAV,Carp Pond
1015,16.0,0.56,9,24,8,1,16,0,0.8888888888888888,0.3333333333333333,20220730_053000.WAV,Carp Pond
1016,16.0,0.57,9,24,8,1,16,0,0.8888888888888888,0.3333333333333333,20220730_053000.WAV,Carp Pond
1017,16.0,0.58,9,24,8,1,16,0,0.8888888888888888,0.3333333333333333,20220730_053000.WAV,Carp Pond
1018,16.0,0.59,8,24,8,0,16,0,1.0,0.3333333333333333,20220730_053000.WAV,Carp Pond
1019,16.0,0.6,8,24,8,0,16,0,1.0,0.3333333333333333,20220730_053000.WAV,Carp Pond
1020,17.0,0.01,24,17,16,8,1,0,0.6666666666666666,0.9411764705882353,20220730_053000.WAV,Carp Pond
1021,17.0,0.02,24,17,16,8,1,0,0.6666666666666666,0.9411764705882353,20220730_053000.WAV,Carp Pond
1022,17.0,0.03,24,17,16,8,1,0,0.6666666666666666,0.9411764705882353,20220730_053000.WAV,Carp Pond
1023,17.0,0.04,24,17,16,8,1,0,0.6666666666666666,0.9411764705882353,20220730_053000.WAV,Carp Pond
1024,17.0,0.05,23,17,16,7,1,0,0.6956521739130435,0.9411764705882353,20220730_053000.WAV,Carp Pond
1025,17.0,0.06,23,17,16,7,1,0,0.6956521739130435,0.9411764705882353,20220730_053000.WAV,Carp Pond
1026,17.0,0.07,23,17,16,7,1,0,0.6956521739130435,0.9411764705882353,20220730_053000.WAV,Carp Pond
1027,17.0,0.08,23,17,16,7,1,0,0.6956521739130435,0.9411764705882353,20220730_053000.WAV,Carp Pond
1028,17.0,0.09,23,17,16,7,1,0,0.6956521739130435,0.9411764705882353,20220730_053000.WAV,Carp Pond
1029,17.0,0.1,23,17,16,7,1,0,0.6956521739130435,0.9411764705882353,20220730_053000.WAV,Carp Pond
1030,17.0,0.11,23,17,16,7,1,0,0.6956521739130435,0.9411764705882353,20220730_053000.WAV,Carp Pond
1031,17.0,0.12,23,17,16,7,1,0,0.6956521739130435,0.9411764705882353,20220730_053000.WAV,Carp Pond
1032,17.0,0.13,23,17,16,7,1,0,0.6956521739130435,0.9411764705882353,20220730_053000.WAV,Carp Pond
1033,17.0,0.14,23,17,16,7,1,0,0.6956521739130435,0.9411764705882353,20220730_053000.WAV,Carp Pond
1034,17.0,0.15,23,17,16,7,1,0,0.6956521739130435,0.9411764705882353,20220730_053000.WAV,Carp Pond
1035,17.0,0.16,23,17,16,7,1,0,0.6956521739130435,0.9411764705882353,20220730_053000.WAV,Carp Pond
1036,17.0,0.17,23,17,16,7,1,0,0.6956521739130435,0.9411764705882353,20220730_053000.WAV,Carp Pond
1037,17.0,0.18,23,17,16,7,1,0,0.6956521739130435,0.9411764705882353,20220730_053000.WAV,Carp Pond
1038,17.0,0.19,23,17,16,7,1,0,0.6956521739130435,0.9411764705882353,20220730_053000.WAV,Carp Pond
1039,17.0,0.2,23,17,16,7,1,0,0.6956521739130435,0.9411764705882353,20220730_053000.WAV,Carp Pond
1040,17.0,0.21,23,17,16,7,1,0,0.6956521739130435,0.9411764705882353,20220730_053000.WAV,Carp Pond
1041,17.0,0.22,23,17,16,7,1,0,0.6956521739130435,0.9411764705882353,20220730_053000.WAV,Carp Pond
1042,17.0,0.23,23,17,16,7,1,0,0.6956521739130435,0.9411764705882353,20220730_053000.WAV,Carp Pond
1043,17.0,0.24,23,17,16,7,1,0,0.6956521739130435,0.9411764705882353,20220730_053000.WAV,Carp Pond
1044,17.0,0.25,23,17,16,7,1,0,0.6956521739130435,0.9411764705882353,20220730_053000.WAV,Carp Pond
1045,17.0,0.26,23,17,16,7,1,0,0.6956521739130435,0.9411764705882353,20220730_053000.WAV,Carp Pond
1046,17.0,0.27,23,17,16,7,1,0,0.6956521739130435,0.9411764705882353,20220730_053000.WAV,Carp Pond
1047,17.0,0.28,23,17,16,7,1,0,0.6956521739130435,0.9411764705882353,20220730_053000.WAV,Carp Pond
1048,17.0,0.29,23,17,16,7,1,0,0.6956521739130435,0.9411764705882353,20220730_053000.WAV,Carp Pond
1049,17.0,0.3,23,17,16,7,1,0,0.6956521739130435,0.9411764705882353,20220730_053000.WAV,Carp Pond
1050,17.0,0.31,23,17,16,7,1,0,0.6956521739130435,0.9411764705882353,20220730_053000.WAV,Carp Pond
1051,17.0,0.32,23,17,16,7,1,0,0.6956521739130435,0.9411764705882353,20220730_053000.WAV,Carp Pond
1052,17.0,0.33,23,17,16,7,1,0,0.6956521739130435,0.9411764705882353,20220730_053000.WAV,Carp Pond
1053,17.0,0.34,21,17,16,5,1,0,0.7619047619047619,0.9411764705882353,20220730_053000.WAV,Carp Pond
1054,17.0,0.35,21,17,16,5,1,0,0.7619047619047619,0.9411764705882353,20220730_053000.WAV,Carp Pond
1055,17.0,0.36,21,17,16,5,1,0,0.7619047619047619,0.9411764705882353,20220730_053000.WAV,Carp Pond
1056,17.0,0.37,20,17,16,4,1,0,0.8,0.9411764705882353,20220730_053000.WAV,Carp Pond
1057,17.0,0.38,20,17,16,4,1,0,0.8,0.9411764705882353,20220730_053000.WAV,Carp Pond
1058,17.0,0.39,20,17,16,4,1,0,0.8,0.9411764705882353,20220730_053000.WAV,Carp Pond
1059,17.0,0.4,20,17,16,4,1,0,0.8,0.9411764705882353,20220730_053000.WAV,Carp Pond
1060,17.0,0.41,19,17,15,4,2,0,0.7894736842105263,0.8823529411764706,20220730_053000.WAV,Carp Pond
1061,17.0,0.42,19,17,15,4,2,0,0.7894736842105263,0.8823529411764706,20220730_053000.WAV,Carp Pond
1062,17.0,0.43,19,17,15,4,2,0,0.7894736842105263,0.8823529411764706,20220730_053000.WAV,Carp Pond
1063,17.0,0.44,18,17,14,4,3,0,0.7777777777777778,0.8235294117647058,20220730_053000.WAV,Carp Pond
1064,17.0,0.45,17,17,14,3,3,0,0.8235294117647058,0.8235294117647058,20220730_053000.WAV,Carp Pond
1065,17.0,0.46,17,17,14,3,3,0,0.8235294117647058,0.8235294117647058,20220730_053000.WAV,Carp Pond
1066,17.0,0.47,17,17,14,3,3,0,0.8235294117647058,0.8235294117647058,20220730_053000.WAV,Carp Pond
1067,17.0,0.48,15,17,13,2,4,0,0.8666666666666667,0.7647058823529411,20220730_053000.WAV,Carp Pond
1068,17.0,0.49,13,17,12,1,5,0,0.9230769230769231,0.7058823529411765,20220730_053000.WAV,Carp Pond
1069,17.0,0.5,13,17,12,1,5,0,0.9230769230769231,0.7058823529411765,20220730_053000.WAV,Carp Pond
1070,17.0,0.51,13,17,12,1,5,0,0.9230769230769231,0.7058823529411765,20220730_053000.WAV,Carp Pond
1071,17.0,0.52,10,17,9,1,8,0,0.9,0.5294117647058824,20220730_053000.WAV,Carp Pond
1072,17.0,0.53,10,17,9,1,8,0,0.9,0.5294117647058824,20220730_053000.WAV,Carp Pond
1073,17.0,0.54,9,17,8,1,9,0,0.8888888888888888,0.47058823529411764,20220730_053000.WAV,Carp Pond
1074,17.0,0.55,9,17,8,1,9,0,0.8888888888888888,0.47058823529411764,20220730_053000.WAV,Carp Pond
1075,17.0,0.56,8,17,7,1,10,0,0.875,0.4117647058823529,20220730_053000.WAV,Carp Pond
1076,17.0,0.57,8,17,7,1,10,0,0.875,0.4117647058823529,20220730_053000.WAV,Carp Pond
1077,17.0,0.58,8,17,7,1,10,0,0.875,0.4117647058823529,20220730_053000.WAV,Carp Pond
1078,17.0,0.59,7,17,7,0,10,0,1.0,0.4117647058823529,20220730_053000.WAV,Carp Pond
1079,17.0,0.6,7,17,7,0,10,0,1.0,0.4117647058823529,20220730_053000.WAV,Carp Pond
1080,18.0,0.01,20,16,15,5,1,0,0.75,0.9375,20220730_053000.WAV,Carp Pond
1081,18.0,0.02,20,16,15,5,1,0,0.75,0.9375,20220730_053000.WAV,Carp Pond
1082,18.0,0.03,20,16,15,5,1,0,0.75,0.9375,20220730_053000.WAV,Carp Pond
1083,18.0,0.04,20,16,15,5,1,0,0.75,0.9375,20220730_053000.WAV,Carp Pond
1084,18.0,0.05,19,16,15,4,1,0,0.7894736842105263,0.9375,20220730_053000.WAV,Carp Pond
1085,18.0,0.06,19,16,15,4,1,0,0.7894736842105263,0.9375,20220730_053000.WAV,Carp Pond
1086,18.0,0.07,19,16,15,4,1,0,0.7894736842105263,0.9375,20220730_053000.WAV,Carp Pond
1087,18.0,0.08,19,16,15,4,1,0,0.7894736842105263,0.9375,20220730_053000.WAV,Carp Pond
1088,18.0,0.09,19,16,15,4,1,0,0.7894736842105263,0.9375,20220730_053000.WAV,Carp Pond
1089,18.0,0.1,19,16,15,4,1,0,0.7894736842105263,0.9375,20220730_053000.WAV,Carp Pond
1090,18.0,0.11,19,16,15,4,1,0,0.7894736842105263,0.9375,20220730_053000.WAV,Carp Pond
1091,18.0,0.12,19,16,15,4,1,0,0.7894736842105263,0.9375,20220730_053000.WAV,Carp Pond
1092,18.0,0.13,19,16,15,4,1,0,0.7894736842105263,0.9375,20220730_053000.WAV,Carp Pond
1093,18.0,0.14,19,16,15,4,1,0,0.7894736842105263,0.9375,20220730_053000.WAV,Carp Pond
1094,18.0,0.15,19,16,15,4,1,0,0.7894736842105263,0.9375,20220730_053000.WAV,Carp Pond
1095,18.0,0.16,19,16,15,4,1,0,0.7894736842105263,0.9375,20220730_053000.WAV,Carp Pond
1096,18.0,0.17,19,16,15,4,1,0,0.7894736842105263,0.9375,20220730_053000.WAV,Carp Pond
1097,18.0,0.18,19,16,15,4,1,0,0.7894736842105263,0.9375,20220730_053000.WAV,Carp Pond
1098,18.0,0.19,19,16,15,4,1,0,0.7894736842105263,0.9375,20220730_053000.WAV,Carp Pond
1099,18.0,0.2,19,16,15,4,1,0,0.7894736842105263,0.9375,20220730_053000.WAV,Carp Pond
1100,18.0,0.21,19,16,15,4,1,0,0.7894736842105263,0.9375,20220730_053000.WAV,Carp Pond
1101,18.0,0.22,19,16,15,4,1,0,0.7894736842105263,0.9375,20220730_053000.WAV,Carp Pond
1102,18.0,0.23,19,16,15,4,1,0,0.7894736842105263,0.9375,20220730_053000.WAV,Carp Pond
1103,18.0,0.24,19,16,15,4,1,0,0.7894736842105263,0.9375,20220730_053000.WAV,Carp Pond
1104,18.0,0.25,19,16,15,4,1,0,0.7894736842105263,0.9375,20220730_053000.WAV,Carp Pond
1105,18.0,0.26,19,16,15,4,1,0,0.7894736842105263,0.9375,20220730_053000.WAV,Carp Pond
1106,18.0,0.27,19,16,15,4,1,0,0.7894736842105263,0.9375,20220730_053000.WAV,Carp Pond
1107,18.0,0.28,19,16,15,4,1,0,0.7894736842105263,0.9375,20220730_053000.WAV,Carp Pond
1108,18.0,0.29,19,16,15,4,1,0,0.7894736842105263,0.9375,20220730_053000.WAV,Carp Pond
1109,18.0,0.3,19,16,15,4,1,0,0.7894736842105263,0.9375,20220730_053000.WAV,Carp Pond
1110,18.0,0.31,19,16,15,4,1,0,0.7894736842105263,0.9375,20220730_053000.WAV,Carp Pond
1111,18.0,0.32,19,16,15,4,1,0,0.7894736842105263,0.9375,20220730_053000.WAV,Carp Pond
1112,18.0,0.33,19,16,15,4,1,0,0.7894736842105263,0.9375,20220730_053000.WAV,Carp Pond
1113,18.0,0.34,18,16,15,3,1,0,0.8333333333333334,0.9375,20220730_053000.WAV,Carp Pond
1114,18.0,0.35,18,16,15,3,1,0,0.8333333333333334,0.9375,20220730_053000.WAV,Carp Pond
1115,18.0,0.36,18,16,15,3,1,0,0.8333333333333334,0.9375,20220730_053000.WAV,Carp Pond
1116,18.0,0.37,17,16,15,2,1,0,0.8823529411764706,0.9375,20220730_053000.WAV,Carp Pond
1117,18.0,0.38,17,16,15,2,1,0,0.8823529411764706,0.9375,20220730_053000.WAV,Carp Pond
1118,18.0,0.39,17,16,15,2,1,0,0.8823529411764706,0.9375,20220730_053000.WAV,Carp Pond
1119,18.0,0.4,17,16,15,2,1,0,0.8823529411764706,0.9375,20220730_053000.WAV,Carp Pond
1120,18.0,0.41,16,16,14,2,2,0,0.875,0.875,20220730_053000.WAV,Carp Pond
1121,18.0,0.42,16,16,14,2,2,0,0.875,0.875,20220730_053000.WAV,Carp Pond
1122,18.0,0.43,16,16,14,2,2,0,0.875,0.875,20220730_053000.WAV,Carp Pond
1123,18.0,0.44,15,16,13,2,3,0,0.8666666666666667,0.8125,20220730_053000.WAV,Carp Pond
1124,18.0,0.45,15,16,13,2,3,0,0.8666666666666667,0.8125,20220730_053000.WAV,Carp Pond
1125,18.0,0.46,15,16,13,2,3,0,0.8666666666666667,0.8125,20220730_053000.WAV,Carp Pond
1126,18.0,0.47,15,16,13,2,3,0,0.8666666666666667,0.8125,20220730_053000.WAV,Carp Pond
1127,18.0,0.48,14,16,12,2,4,0,0.8571428571428571,0.75,20220730_053000.WAV,Carp Pond
1128,18.0,0.49,12,16,11,1,5,0,0.9166666666666666,0.6875,20220730_053000.WAV,Carp Pond
1129,18.0,0.5,12,16,11,1,5,0,0.9166666666666666,0.6875,20220730_053000.WAV,Carp Pond
1130,18.0,0.51,12,16,11,1,5,0,0.9166666666666666,0.6875,20220730_053000.WAV,Carp Pond
1131,18.0,0.52,9,16,8,1,8,0,0.8888888888888888,0.5,20220730_053000.WAV,Carp Pond
1132,18.0,0.53,9,16,8,1,8,0,0.8888888888888888,0.5,20220730_053000.WAV,Carp Pond
1133,18.0,0.54,8,16,7,1,9,0,0.875,0.4375,20220730_053000.WAV,Carp Pond
1134,18.0,0.55,8,16,7,1,9,0,0.875,0.4375,20220730_053000.WAV,Carp Pond
1135,18.0,0.56,7,16,6,1,10,0,0.8571428571428571,0.375,20220730_053000.WAV,Carp Pond
1136,18.0,0.57,7,16,6,1,10,0,0.8571428571428571,0.375,20220730_053000.WAV,Carp Pond
1137,18.0,0.58,7,16,6,1,10,0,0.8571428571428571,0.375,20220730_053000.WAV,Carp Pond
1138,18.0,0.59,6,16,6,0,10,0,1.0,0.375,20220730_053000.WAV,Carp Pond
1139,18.0,0.6,6,16,6,0,10,0,1.0,0.375,20220730_053000.WAV,Carp Pond
1140,19.0,0.01,19,15,14,5,1,0,0.7368421052631579,0.9333333333333333,20220730_053000.WAV,Carp Pond
1141,19.0,0.02,19,15,14,5,1,0,0.7368421052631579,0.9333333333333333,20220730_053000.WAV,Carp Pond
1142,19.0,0.03,19,15,14,5,1,0,0.7368421052631579,0.9333333333333333,20220730_053000.WAV,Carp Pond
1143,19.0,0.04,19,15,14,5,1,0,0.7368421052631579,0.9333333333333333,20220730_053000.WAV,Carp Pond
1144,19.0,0.05,18,15,14,4,1,0,0.7777777777777778,0.9333333333333333,20220730_053000.WAV,Carp Pond
1145,19.0,0.06,18,15,14,4,1,0,0.7777777777777778,0.9333333333333333,20220730_053000.WAV,Carp Pond
1146,19.0,0.07,18,15,14,4,1,0,0.7777777777777778,0.9333333333333333,20220730_053000.WAV,Carp Pond
1147,19.0,0.08,18,15,14,4,1,0,0.7777777777777778,0.9333333333333333,20220730_053000.WAV,Carp Pond
1148,19.0,0.09,18,15,14,4,1,0,0.7777777777777778,0.9333333333333333,20220730_053000.WAV,Carp Pond
1149,19.0,0.1,18,15,14,4,1,0,0.7777777777777778,0.9333333333333333,20220730_053000.WAV,Carp Pond
1150,19.0,0.11,18,15,14,4,1,0,0.7777777777777778,0.9333333333333333,20220730_053000.WAV,Carp Pond
1151,19.0,0.12,18,15,14,4,1,0,0.7777777777777778,0.9333333333333333,20220730_053000.WAV,Carp Pond
1152,19.0,0.13,18,15,14,4,1,0,0.7777777777777778,0.9333333333333333,20220730_053000.WAV,Carp Pond
1153,19.0,0.14,18,15,14,4,1,0,0.7777777777777778,0.9333333333333333,20220730_053000.WAV,Carp Pond
1154,19.0,0.15,18,15,14,4,1,0,0.7777777777777778,0.9333333333333333,20220730_053000.WAV,Carp Pond
1155,19.0,0.16,18,15,14,4,1,0,0.7777777777777778,0.9333333333333333,20220730_053000.WAV,Carp Pond
1156,19.0,0.17,18,15,14,4,1,0,0.7777777777777778,0.9333333333333333,20220730_053000.WAV,Carp Pond
1157,19.0,0.18,18,15,14,4,1,0,0.7777777777777778,0.9333333333333333,20220730_053000.WAV,Carp Pond
1158,19.0,0.19,18,15,14,4,1,0,0.7777777777777778,0.9333333333333333,20220730_053000.WAV,Carp Pond
1159,19.0,0.2,18,15,14,4,1,0,0.7777777777777778,0.9333333333333333,20220730_053000.WAV,Carp Pond
1160,19.0,0.21,18,15,14,4,1,0,0.7777777777777778,0.9333333333333333,20220730_053000.WAV,Carp Pond
1161,19.0,0.22,18,15,14,4,1,0,0.7777777777777778,0.9333333333333333,20220730_053000.WAV,Carp Pond
1162,19.0,0.23,18,15,14,4,1,0,0.7777777777777778,0.9333333333333333,20220730_053000.WAV,Carp Pond
1163,19.0,0.24,18,15,14,4,1,0,0.7777777777777778,0.9333333333333333,20220730_053000.WAV,Carp Pond
1164,19.0,0.25,18,15,14,4,1,0,0.7777777777777778,0.9333333333333333,20220730_053000.WAV,Carp Pond
1165,19.0,0.26,18,15,14,4,1,0,0.7777777777777778,0.9333333333333333,20220730_053000.WAV,Carp Pond
1166,19.0,0.27,18,15,14,4,1,0,0.7777777777777778,0.9333333333333333,20220730_053000.WAV,Carp Pond
1167,19.0,0.28,18,15,14,4,1,0,0.7777777777777778,0.9333333333333333,20220730_053000.WAV,Carp Pond
1168,19.0,0.29,18,15,14,4,1,0,0.7777777777777778,0.9333333333333333,20220730_053000.WAV,Carp Pond
1169,19.0,0.3,18,15,14,4,1,0,0.7777777777777778,0.9333333333333333,20220730_053000.WAV,Carp Pond
1170,19.0,0.31,18,15,14,4,1,0,0.7777777777777778,0.9333333333333333,20220730_053000.WAV,Carp Pond
1171,19.0,0.32,18,15,14,4,1,0,0.7777777777777778,0.9333333333333333,20220730_053000.WAV,Carp Pond
1172,19.0,0.33,18,15,14,4,1,0,0.7777777777777778,0.9333333333333333,20220730_053000.WAV,Carp Pond
1173,19.0,0.34,17,15,14,3,1,0,0.8235294117647058,0.9333333333333333,20220730_053000.WAV,Carp Pond
1174,19.0,0.35,17,15,14,3,1,0,0.8235294117647058,0.9333333333333333,20220730_053000.WAV,Carp Pond
1175,19.0,0.36,17,15,14,3,1,0,0.8235294117647058,0.9333333333333333,20220730_053000.WAV,Carp Pond
1176,19.0,0.37,17,15,14,3,1,0,0.8235294117647058,0.9333333333333333,20220730_053000.WAV,Carp Pond
1177,19.0,0.38,17,15,14,3,1,0,0.8235294117647058,0.9333333333333333,20220730_053000.WAV,Carp Pond
1178,19.0,0.39,17,15,14,3,1,0,0.8235294117647058,0.9333333333333333,20220730_053000.WAV,Carp Pond
1179,19.0,0.4,17,15,14,3,1,0,0.8235294117647058,0.9333333333333333,20220730_053000.WAV,Carp Pond
1180,19.0,0.41,16,15,13,3,2,0,0.8125,0.8666666666666667,20220730_053000.WAV,Carp Pond
1181,19.0,0.42,16,15,13,3,2,0,0.8125,0.8666666666666667,20220730_053000.WAV,Carp Pond
1182,19.0,0.43,16,15,13,3,2,0,0.8125,0.8666666666666667,20220730_053000.WAV,Carp Pond
1183,19.0,0.44,15,15,12,3,3,0,0.8,0.8,20220730_053000.WAV,Carp Pond
1184,19.0,0.45,15,15,12,3,3,0,0.8,0.8,20220730_053000.WAV,Carp Pond
1185,19.0,0.46,15,15,12,3,3,0,0.8,0.8,20220730_053000.WAV,Carp Pond
1186,19.0,0.47,15,15,12,3,3,0,0.8,0.8,20220730_053000.WAV,Carp Pond
1187,19.0,0.48,14,15,12,2,3,0,0.8571428571428571,0.8,20220730_053000.WAV,Carp Pond
1188,19.0,0.49,12,15,11,1,4,0,0.9166666666666666,0.7333333333333333,20220730_053000.WAV,Carp Pond
1189,19.0,0.5,12,15,11,1,4,0,0.9166666666666666,0.7333333333333333,20220730_053000.WAV,Carp Pond
1190,19.0,0.51,12,15,11,1,4,0,0.9166666666666666,0.7333333333333333,20220730_053000.WAV,Carp Pond
1191,19.0,0.52,9,15,8,1,7,0,0.8888888888888888,0.5333333333333333,20220730_053000.WAV,Carp Pond
1192,19.0,0.53,9,15,8,1,7,0,0.8888888888888888,0.5333333333333333,20220730_053000.WAV,Carp Pond
1193,19.0,0.54,8,15,7,1,8,0,0.875,0.4666666666666667,20220730_053000.WAV,Carp Pond
1194,19.0,0.55,8,15,7,1,8,0,0.875,0.4666666666666667,20220730_053000.WAV,Carp Pond
1195,19.0,0.56,7,15,6,1,9,0,0.8571428571428571,0.4,20220730_053000.WAV,Carp Pond
1196,19.0,0.57,7,15,6,1,9,0,0.8571428571428571,0.4,20220730_053000.WAV,Carp Pond
1197,19.0,0.58,7,15,6,1,9,0,0.8571428571428571,0.4,20220730_053000.WAV,Carp Pond
1198,19.0,0.59,6,15,6,0,9,0,1.0,0.4,20220730_053000.WAV,Carp Pond
1199,19.0,0.6,6,15,6,0,9,0,1.0,0.4,20220730_053000.WAV,Carp Pond
0,0.0,0.01,24556,715,691,23865,26,0,0.028139762176250204,0.9637377963737797,20220826_070000.WAV,Central Pond
1,0.0,0.02,24542,715,691,23851,26,0,0.028155814522043843,0.9637377963737797,20220826_070000.WAV,Central Pond
2,0.0,0.03,8081,715,688,7393,27,0,0.08513797797302314,0.9622377622377623,20220826_070000.WAV,Central Pond
3,0.0,0.04,3916,715,685,3231,30,0,0.17492339121552605,0.958041958041958,20220826_070000.WAV,Central Pond
4,0.0,0.05,2673,715,683,1990,32,0,0.2555181444070333,0.9552447552447553,20220826_070000.WAV,Central Pond
5,0.0,0.06,2096,715,681,1415,34,0,0.32490458015267176,0.9524475524475524,20220826_070000.WAV,Central Pond
6,0.0,0.07,1779,715,680,1099,35,0,0.3822372119168072,0.951048951048951,20220826_070000.WAV,Central Pond
7,0.0,0.08,1535,715,680,855,35,0,0.44299674267100975,0.951048951048951,20220826_070000.WAV,Central Pond
8,0.0,0.09,1380,715,680,700,35,0,0.4927536231884058,0.951048951048951,20220826_070000.WAV,Central Pond
9,0.0,0.1,1267,715,679,588,36,0,0.5359116022099447,0.9496503496503497,20220826_070000.WAV,Central Pond
10,0.0,0.11,1194,715,678,516,37,0,0.5678391959798995,0.9482517482517483,20220826_070000.WAV,Central Pond
11,0.0,0.12,1145,715,677,468,38,0,0.5912663755458515,0.9468531468531468,20220826_070000.WAV,Central Pond
12,0.0,0.13,1101,715,677,424,38,0,0.6148955495004541,0.9468531468531468,20220826_070000.WAV,Central Pond
13,0.0,0.14,1072,715,671,401,44,0,0.6259328358208955,0.9384615384615385,20220826_070000.WAV,Central Pond
14,0.0,0.15,1046,715,668,378,47,0,0.638623326959847,0.9342657342657342,20220826_070000.WAV,Central Pond
15,0.0,0.16,1027,715,666,361,49,0,0.6484907497565725,0.9314685314685315,20220826_070000.WAV,Central Pond
16,0.0,0.17,998,715,661,337,54,0,0.6623246492985972,0.9244755244755245,20220826_070000.WAV,Central Pond
17,0.0,0.18,972,715,660,312,55,0,0.6790123456790124,0.9230769230769231,20220826_070000.WAV,Central Pond
18,0.0,0.19,951,715,657,294,58,0,0.6908517350157729,0.9188811188811189,20220826_070000.WAV,Central Pond
19,0.0,0.2,931,715,654,277,61,0,0.7024704618689581,0.9146853146853147,20220826_070000.WAV,Central Pond
20,0.0,0.21,910,715,650,260,65,0,0.7142857142857143,0.9090909090909091,20220826_070000.WAV,Central Pond
21,0.0,0.22,882,715,638,244,77,0,0.7233560090702947,0.8923076923076924,20220826_070000.WAV,Central Pond
22,0.0,0.23,858,715,629,229,86,0,0.7331002331002331,0.8797202797202798,20220826_070000.WAV,Central Pond
23,0.0,0.24,834,715,619,215,96,0,0.7422062350119905,0.8657342657342657,20220826_070000.WAV,Central Pond
24,0.0,0.25,808,715,614,194,101,0,0.7599009900990099,0.8587412587412587,20220826_070000.WAV,Central Pond
25,0.0,0.26,792,715,605,187,110,0,0.7638888888888888,0.8461538461538461,20220826_070000.WAV,Central Pond
26,0.0,0.27,774,715,596,178,119,0,0.7700258397932817,0.8335664335664336,20220826_070000.WAV,Central Pond
27,0.0,0.28,751,715,582,169,133,0,0.7749667110519307,0.813986013986014,20220826_070000.WAV,Central Pond
28,0.0,0.29,735,715,573,162,142,0,0.7795918367346939,0.8013986013986014,20220826_070000.WAV,Central Pond
29,0.0,0.3,716,715,562,154,153,0,0.7849162011173184,0.786013986013986,20220826_070000.WAV,Central Pond
30,0.0,0.31,703,715,556,147,159,0,0.7908961593172119,0.7776223776223776,20220826_070000.WAV,Central Pond
31,0.0,0.32,682,715,545,137,170,0,0.7991202346041055,0.7622377622377622,20220826_070000.WAV,Central Pond
32,0.0,0.33,653,715,527,126,188,0,0.8070444104134763,0.737062937062937,20220826_070000.WAV,Central Pond
33,0.0,0.34,619,715,506,113,209,0,0.8174474959612278,0.7076923076923077,20220826_070000.WAV,Central Pond
34,0.0,0.35,590,715,489,101,226,0,0.8288135593220339,0.6839160839160839,20220826_070000.WAV,Central Pond
35,0.0,0.36,571,715,479,92,236,0,0.8388791593695272,0.66993006993007,20220826_070000.WAV,Central Pond
36,0.0,0.37,559,715,469,90,246,0,0.8389982110912343,0.6559440559440559,20220826_070000.WAV,Central Pond
37,0.0,0.38,539,715,456,83,259,0,0.8460111317254174,0.6377622377622377,20220826_070000.WAV,Central Pond
38,0.0,0.39,520,715,442,78,273,0,0.85,0.6181818181818182,20220826_070000.WAV,Central Pond
39,0.0,0.4,491,715,424,67,291,0,0.8635437881873728,0.593006993006993,20220826_070000.WAV,Central Pond
40,0.0,0.41,469,715,410,59,305,0,0.8742004264392325,0.5734265734265734,20220826_070000.WAV,Central Pond
41,0.0,0.42,442,715,392,50,323,0,0.8868778280542986,0.5482517482517483,20220826_070000.WAV,Central Pond
42,0.0,0.43,418,715,375,43,340,0,0.8971291866028708,0.5244755244755245,20220826_070000.WAV,Central Pond
43,0.0,0.44,400,715,363,37,352,0,0.9075,0.5076923076923077,20220826_070000.WAV,Central Pond
44,0.0,0.45,375,715,345,30,370,0,0.92,0.4825174825174825,20220826_070000.WAV,Central Pond
45,0.0,0.46,354,715,331,23,384,0,0.9350282485875706,0.46293706293706294,20220826_070000.WAV,Central Pond
46,0.0,0.47,333,715,314,19,401,0,0.9429429429429429,0.43916083916083914,20220826_070000.WAV,Central Pond
47,0.0,0.48,313,715,298,15,417,0,0.952076677316294,0.4167832167832168,20220826_070000.WAV,Central Pond
48,0.0,0.49,293,715,284,9,431,0,0.9692832764505119,0.3972027972027972,20220826_070000.WAV,Central Pond
49,0.0,0.5,272,715,267,5,448,0,0.9816176470588235,0.3734265734265734,20220826_070000.WAV,Central Pond
50,0.0,0.51,255,715,252,3,463,0,0.9882352941176471,0.35244755244755244,20220826_070000.WAV,Central Pond
51,0.0,0.52,236,715,233,3,482,0,0.9872881355932204,0.3258741258741259,20220826_070000.WAV,Central Pond
52,0.0,0.53,217,715,216,1,499,0,0.9953917050691244,0.3020979020979021,20220826_070000.WAV,Central Pond
53,0.0,0.54,189,715,189,0,526,0,1.0,0.26433566433566436,20220826_070000.WAV,Central Pond
54,0.0,0.55,171,715,171,0,544,0,1.0,0.23916083916083916,20220826_070000.WAV,Central Pond
55,0.0,0.56,157,715,157,0,558,0,1.0,0.21958041958041957,20220826_070000.WAV,Central Pond
56,0.0,0.57,137,715,137,0,578,0,1.0,0.1916083916083916,20220826_070000.WAV,Central Pond
57,0.0,0.58,123,715,123,0,592,0,1.0,0.17202797202797201,20220826_070000.WAV,Central Pond
58,0.0,0.59,103,715,103,0,612,0,1.0,0.14405594405594405,20220826_070000.WAV,Central Pond
59,0.0,0.6,91,715,91,0,624,0,1.0,0.12727272727272726,20220826_070000.WAV,Central Pond
60,1.0,0.01,13610,715,689,12921,28,0,0.050624540778839086,0.9609483960948396,20220826_070000.WAV,Central Pond
61,1.0,0.02,13608,715,689,12919,28,0,0.05063198118753674,0.9609483960948396,20220826_070000.WAV,Central Pond
62,1.0,0.03,5626,715,687,4939,28,0,0.12211162460007109,0.9608391608391609,20220826_070000.WAV,Central Pond
63,1.0,0.04,3195,715,685,2510,30,0,0.21439749608763695,0.958041958041958,20220826_070000.WAV,Central Pond
64,1.0,0.05,2363,715,683,1680,32,0,0.2890393567498942,0.9552447552447553,20220826_070000.WAV,Central Pond
65,1.0,0.06,1925,715,681,1244,34,0,0.3537662337662338,0.9524475524475524,20220826_070000.WAV,Central Pond
66,1.0,0.07,1681,715,680,1001,35,0,0.4045211183819155,0.951048951048951,20220826_070000.WAV,Central Pond
67,1.0,0.08,1469,715,680,789,35,0,0.4628999319264806,0.951048951048951,20220826_070000.WAV,Central Pond
68,1.0,0.09,1327,715,680,647,35,0,0.5124340617935192,0.951048951048951,20220826_070000.WAV,Central Pond
69,1.0,0.1,1220,715,679,541,36,0,0.5565573770491803,0.9496503496503497,20220826_070000.WAV,Central Pond
70,1.0,0.11,1155,715,678,477,37,0,0.587012987012987,0.9482517482517483,20220826_070000.WAV,Central Pond
71,1.0,0.12,1113,715,677,436,38,0,0.6082659478885895,0.9468531468531468,20220826_070000.WAV,Central Pond
72,1.0,0.13,1072,715,677,395,38,0,0.6315298507462687,0.9468531468531468,20220826_070000.WAV,Central Pond
73,1.0,0.14,1047,715,671,376,44,0,0.6408787010506208,0.9384615384615385,20220826_070000.WAV,Central Pond
74,1.0,0.15,1024,715,668,356,47,0,0.65234375,0.9342657342657342,20220826_070000.WAV,Central Pond
75,1.0,0.16,1006,715,666,340,49,0,0.6620278330019881,0.9314685314685315,20220826_070000.WAV,Central Pond
76,1.0,0.17,978,715,661,317,54,0,0.6758691206543967,0.9244755244755245,20220826_070000.WAV,Central Pond
77,1.0,0.18,956,715,660,296,55,0,0.6903765690376569,0.9230769230769231,20220826_070000.WAV,Central Pond
78,1.0,0.19,938,715,657,281,58,0,0.7004264392324094,0.9188811188811189,20220826_070000.WAV,Central Pond
79,1.0,0.2,919,715,654,265,61,0,0.7116430903155604,0.9146853146853147,20220826_070000.WAV,Central Pond
80,1.0,0.21,901,715,650,251,65,0,0.7214206437291898,0.9090909090909091,20220826_070000.WAV,Central Pond
81,1.0,0.22,873,715,638,235,77,0,0.7308132875143184,0.8923076923076924,20220826_070000.WAV,Central Pond
82,1.0,0.23,850,715,629,221,86,0,0.74,0.8797202797202798,20220826_070000.WAV,Central Pond
83,1.0,0.24,829,715,619,210,96,0,0.7466827503015682,0.8657342657342657,20220826_070000.WAV,Central Pond
84,1.0,0.25,803,715,614,189,101,0,0.7646326276463262,0.8587412587412587,20220826_070000.WAV,Central Pond
85,1.0,0.26,787,715,605,182,110,0,0.7687420584498094,0.8461538461538461,20220826_070000.WAV,Central Pond
86,1.0,0.27,769,715,596,173,119,0,0.7750325097529259,0.8335664335664336,20220826_070000.WAV,Central Pond
87,1.0,0.28,747,715,582,165,133,0,0.7791164658634538,0.813986013986014,20220826_070000.WAV,Central Pond
88,1.0,0.29,731,715,573,158,142,0,0.7838577291381669,0.8013986013986014,20220826_070000.WAV,Central Pond
89,1.0,0.3,712,715,562,150,153,0,0.7893258426966292,0.786013986013986,20220826_070000.WAV,Central Pond
90,1.0,0.31,699,715,556,143,159,0,0.7954220314735336,0.7776223776223776,20220826_070000.WAV,Central Pond
91,1.0,0.32,678,715,545,133,170,0,0.803834808259587,0.7622377622377622,20220826_070000.WAV,Central Pond
92,1.0,0.33,649,715,527,122,188,0,0.8120184899845917,0.737062937062937,20220826_070000.WAV,Central Pond
93,1.0,0.34,616,715,506,110,209,0,0.8214285714285714,0.7076923076923077,20220826_070000.WAV,Central Pond
94,1.0,0.35,588,715,489,99,226,0,0.8316326530612245,0.6839160839160839,20220826_070000.WAV,Central Pond
95,1.0,0.36,569,715,479,90,236,0,0.8418277680140598,0.66993006993007,20220826_070000.WAV,Central Pond
96,1.0,0.37,557,715,469,88,246,0,0.8420107719928187,0.6559440559440559,20220826_070000.WAV,Central Pond
97,1.0,0.38,537,715,456,81,259,0,0.8491620111731844,0.6377622377622377,20220826_070000.WAV,Central Pond
98,1.0,0.39,519,715,442,77,273,0,0.8516377649325626,0.6181818181818182,20220826_070000.WAV,Central Pond
99,1.0,0.4,490,715,424,66,291,0,0.8653061224489796,0.593006993006993,20220826_070000.WAV,Central Pond
100,1.0,0.41,468,715,410,58,305,0,0.8760683760683761,0.5734265734265734,20220826_070000.WAV,Central Pond
101,1.0,0.42,442,715,392,50,323,0,0.8868778280542986,0.5482517482517483,20220826_070000.WAV,Central Pond
102,1.0,0.43,418,715,375,43,340,0,0.8971291866028708,0.5244755244755245,20220826_070000.WAV,Central Pond
103,1.0,0.44,400,715,363,37,352,0,0.9075,0.5076923076923077,20220826_070000.WAV,Central Pond
104,1.0,0.45,375,715,345,30,370,0,0.92,0.4825174825174825,20220826_070000.WAV,Central Pond
105,1.0,0.46,354,715,331,23,384,0,0.9350282485875706,0.46293706293706294,20220826_070000.WAV,Central Pond
106,1.0,0.47,333,715,314,19,401,0,0.9429429429429429,0.43916083916083914,20220826_070000.WAV,Central Pond
107,1.0,0.48,313,715,298,15,417,0,0.952076677316294,0.4167832167832168,20220826_070000.WAV,Central Pond
108,1.0,0.49,293,715,284,9,431,0,0.9692832764505119,0.3972027972027972,20220826_070000.WAV,Central Pond
109,1.0,0.5,272,715,267,5,448,0,0.9816176470588235,0.3734265734265734,20220826_070000.WAV,Central Pond
110,1.0,0.51,255,715,252,3,463,0,0.9882352941176471,0.35244755244755244,20220826_070000.WAV,Central Pond
111,1.0,0.52,236,715,233,3,482,0,0.9872881355932204,0.3258741258741259,20220826_070000.WAV,Central Pond
112,1.0,0.53,217,715,216,1,499,0,0.9953917050691244,0.3020979020979021,20220826_070000.WAV,Central Pond
113,1.0,0.54,189,715,189,0,526,0,1.0,0.26433566433566436,20220826_070000.WAV,Central Pond
114,1.0,0.55,171,715,171,0,544,0,1.0,0.23916083916083916,20220826_070000.WAV,Central Pond
115,1.0,0.56,157,715,157,0,558,0,1.0,0.21958041958041957,20220826_070000.WAV,Central Pond
116,1.0,0.57,137,715,137,0,578,0,1.0,0.1916083916083916,20220826_070000.WAV,Central Pond
117,1.0,0.58,123,715,123,0,592,0,1.0,0.17202797202797201,20220826_070000.WAV,Central Pond
118,1.0,0.59,103,715,103,0,612,0,1.0,0.14405594405594405,20220826_070000.WAV,Central Pond
119,1.0,0.6,91,715,91,0,624,0,1.0,0.12727272727272726,20220826_070000.WAV,Central Pond
120,2.0,0.01,5290,715,687,4603,30,0,0.12986767485822306,0.9581589958158996,20220826_070000.WAV,Central Pond
121,2.0,0.02,5290,715,687,4603,30,0,0.12986767485822306,0.9581589958158996,20220826_070000.WAV,Central Pond
122,2.0,0.03,3422,715,685,2737,30,0,0.20017533606078317,0.958041958041958,20220826_070000.WAV,Central Pond
123,2.0,0.04,2449,715,684,1765,31,0,0.2792976725193957,0.9566433566433566,20220826_070000.WAV,Central Pond
124,2.0,0.05,1981,715,682,1299,33,0,0.3442705704189803,0.9538461538461539,20220826_070000.WAV,Central Pond
125,2.0,0.06,1679,715,680,999,35,0,0.4050029779630733,0.951048951048951,20220826_070000.WAV,Central Pond
126,2.0,0.07,1503,715,679,824,36,0,0.4517631403858949,0.9496503496503497,20220826_070000.WAV,Central Pond
127,2.0,0.08,1334,715,679,655,36,0,0.5089955022488756,0.9496503496503497,20220826_070000.WAV,Central Pond
128,2.0,0.09,1207,715,679,528,36,0,0.5625517812758907,0.9496503496503497,20220826_070000.WAV,Central Pond
129,2.0,0.1,1118,715,678,440,37,0,0.6064400715563506,0.9482517482517483,20220826_070000.WAV,Central Pond
130,2.0,0.11,1068,715,678,390,37,0,0.6348314606741573,0.9482517482517483,20220826_070000.WAV,Central Pond
131,2.0,0.12,1031,715,677,354,38,0,0.6566440349175557,0.9468531468531468,20220826_070000.WAV,Central Pond
132,2.0,0.13,993,715,677,316,38,0,0.6817724068479355,0.9468531468531468,20220826_070000.WAV,Central Pond
133,2.0,0.14,973,715,671,302,44,0,0.6896197327852004,0.9384615384615385,20220826_070000.WAV,Central Pond
134,2.0,0.15,953,715,668,285,47,0,0.7009443861490031,0.9342657342657342,20220826_070000.WAV,Central Pond
135,2.0,0.16,937,715,666,271,49,0,0.7107790821771611,0.9314685314685315,20220826_070000.WAV,Central Pond
136,2.0,0.17,913,715,661,252,54,0,0.723986856516977,0.9244755244755245,20220826_070000.WAV,Central Pond
137,2.0,0.18,894,715,660,234,55,0,0.738255033557047,0.9230769230769231,20220826_070000.WAV,Central Pond
138,2.0,0.19,881,715,657,224,58,0,0.7457434733257662,0.9188811188811189,20220826_070000.WAV,Central Pond
139,2.0,0.2,866,715,654,212,61,0,0.7551963048498845,0.9146853146853147,20220826_070000.WAV,Central Pond
140,2.0,0.21,851,715,650,201,65,0,0.763807285546416,0.9090909090909091,20220826_070000.WAV,Central Pond
141,2.0,0.22,828,715,638,190,77,0,0.7705314009661836,0.8923076923076924,20220826_070000.WAV,Central Pond
142,2.0,0.23,808,715,629,179,86,0,0.7784653465346535,0.8797202797202798,20220826_070000.WAV,Central Pond
143,2.0,0.24,790,715,619,171,96,0,0.7835443037974683,0.8657342657342657,20220826_070000.WAV,Central Pond
144,2.0,0.25,770,715,614,156,101,0,0.7974025974025974,0.8587412587412587,20220826_070000.WAV,Central Pond
145,2.0,0.26,757,715,605,152,110,0,0.7992073976221928,0.8461538461538461,20220826_070000.WAV,Central Pond
146,2.0,0.27,742,715,596,146,119,0,0.8032345013477089,0.8335664335664336,20220826_070000.WAV,Central Pond
147,2.0,0.28,722,715,582,140,133,0,0.8060941828254847,0.813986013986014,20220826_070000.WAV,Central Pond
148,2.0,0.29,707,715,573,134,142,0,0.8104667609618105,0.8013986013986014,20220826_070000.WAV,Central Pond
149,2.0,0.3,690,715,562,128,153,0,0.8144927536231884,0.786013986013986,20220826_070000.WAV,Central Pond
150,2.0,0.31,678,715,556,122,159,0,0.8200589970501475,0.7776223776223776,20220826_070000.WAV,Central Pond
151,2.0,0.32,661,715,545,116,170,0,0.8245083207261724,0.7622377622377622,20220826_070000.WAV,Central Pond
152,2.0,0.33,634,715,527,107,188,0,0.831230283911672,0.737062937062937,20220826_070000.WAV,Central Pond
153,2.0,0.34,605,715,506,99,209,0,0.8363636363636363,0.7076923076923077,20220826_070000.WAV,Central Pond
154,2.0,0.35,580,715,489,91,226,0,0.843103448275862,0.6839160839160839,20220826_070000.WAV,Central Pond
155,2.0,0.36,562,715,479,83,236,0,0.8523131672597865,0.66993006993007,20220826_070000.WAV,Central Pond
156,2.0,0.37,551,715,469,82,246,0,0.8511796733212341,0.6559440559440559,20220826_070000.WAV,Central Pond
157,2.0,0.38,532,715,456,76,259,0,0.8571428571428571,0.6377622377622377,20220826_070000.WAV,Central Pond
158,2.0,0.39,514,715,442,72,273,0,0.8599221789883269,0.6181818181818182,20220826_070000.WAV,Central Pond
159,2.0,0.4,485,715,424,61,291,0,0.8742268041237113,0.593006993006993,20220826_070000.WAV,Central Pond
160,2.0,0.41,464,715,410,54,305,0,0.8836206896551724,0.5734265734265734,20220826_070000.WAV,Central Pond
161,2.0,0.42,439,715,392,47,323,0,0.8929384965831435,0.5482517482517483,20220826_070000.WAV,Central Pond
162,2.0,0.43,416,715,375,41,340,0,0.9014423076923077,0.5244755244755245,20220826_070000.WAV,Central Pond
163,2.0,0.44,399,715,363,36,352,0,0.9097744360902256,0.5076923076923077,20220826_070000.WAV,Central Pond
164,2.0,0.45,374,715,345,29,370,0,0.9224598930481284,0.4825174825174825,20220826_070000.WAV,Central Pond
165,2.0,0.46,353,715,331,22,384,0,0.9376770538243626,0.46293706293706294,20220826_070000.WAV,Central Pond
166,2.0,0.47,332,715,314,18,401,0,0.9457831325301205,0.43916083916083914,20220826_070000.WAV,Central Pond
167,2.0,0.48,312,715,298,14,417,0,0.9551282051282052,0.4167832167832168,20220826_070000.WAV,Central Pond
168,2.0,0.49,292,715,284,8,431,0,0.9726027397260274,0.3972027972027972,20220826_070000.WAV,Central Pond
169,2.0,0.5,271,715,267,4,448,0,0.985239852398524,0.3734265734265734,20220826_070000.WAV,Central Pond
170,2.0,0.51,255,715,252,3,463,0,0.9882352941176471,0.35244755244755244,20220826_070000.WAV,Central Pond
171,2.0,0.52,236,715,233,3,482,0,0.9872881355932204,0.3258741258741259,20220826_070000.WAV,Central Pond
172,2.0,0.53,217,715,216,1,499,0,0.9953917050691244,0.3020979020979021,20220826_070000.WAV,Central Pond
173,2.0,0.54,189,715,189,0,526,0,1.0,0.26433566433566436,20220826_070000.WAV,Central Pond
174,2.0,0.55,171,715,171,0,544,0,1.0,0.23916083916083916,20220826_070000.WAV,Central Pond
175,2.0,0.56,157,715,157,0,558,0,1.0,0.21958041958041957,20220826_070000.WAV,Central Pond
176,2.0,0.57,137,715,137,0,578,0,1.0,0.1916083916083916,20220826_070000.WAV,Central Pond
177,2.0,0.58,123,715,123,0,592,0,1.0,0.17202797202797201,20220826_070000.WAV,Central Pond
178,2.0,0.59,103,715,103,0,612,0,1.0,0.14405594405594405,20220826_070000.WAV,Central Pond
179,2.0,0.6,91,715,91,0,624,0,1.0,0.12727272727272726,20220826_070000.WAV,Central Pond
180,3.0,0.01,2968,715,685,2283,31,0,0.23079514824797845,0.9567039106145251,20220826_070000.WAV,Central Pond
181,3.0,0.02,2968,715,685,2283,31,0,0.23079514824797845,0.9567039106145251,20220826_070000.WAV,Central Pond
182,3.0,0.03,2498,715,684,1814,31,0,0.27381905524419536,0.9566433566433566,20220826_070000.WAV,Central Pond
183,3.0,0.04,1996,715,683,1313,32,0,0.34218436873747493,0.9552447552447553,20220826_070000.WAV,Central Pond
184,3.0,0.05,1680,715,681,999,34,0,0.40535714285714286,0.9524475524475524,20220826_070000.WAV,Central Pond
185,3.0,0.06,1455,715,679,776,36,0,0.4666666666666667,0.9496503496503497,20220826_070000.WAV,Central Pond
186,3.0,0.07,1306,715,678,628,37,0,0.5191424196018377,0.9482517482517483,20220826_070000.WAV,Central Pond
187,3.0,0.08,1170,715,678,492,37,0,0.5794871794871795,0.9482517482517483,20220826_070000.WAV,Central Pond
188,3.0,0.09,1060,715,678,382,37,0,0.6396226415094339,0.9482517482517483,20220826_070000.WAV,Central Pond
189,3.0,0.1,983,715,677,306,38,0,0.688708036622584,0.9468531468531468,20220826_070000.WAV,Central Pond
190,3.0,0.11,941,715,677,264,38,0,0.7194473963868225,0.9468531468531468,20220826_070000.WAV,Central Pond
191,3.0,0.12,916,715,676,240,39,0,0.7379912663755459,0.9454545454545454,20220826_070000.WAV,Central Pond
192,3.0,0.13,887,715,676,211,39,0,0.762119503945885,0.9454545454545454,20220826_070000.WAV,Central Pond
193,3.0,0.14,870,715,670,200,45,0,0.7701149425287356,0.9370629370629371,20220826_070000.WAV,Central Pond
194,3.0,0.15,853,715,667,186,48,0,0.7819460726846424,0.9328671328671329,20220826_070000.WAV,Central Pond
195,3.0,0.16,842,715,665,177,50,0,0.7897862232779097,0.9300699300699301,20220826_070000.WAV,Central Pond
196,3.0,0.17,824,715,660,164,55,0,0.8009708737864077,0.9230769230769231,20220826_070000.WAV,Central Pond
197,3.0,0.18,810,715,660,150,55,0,0.8148148148148148,0.9230769230769231,20220826_070000.WAV,Central Pond
198,3.0,0.19,800,715,657,143,58,0,0.82125,0.9188811188811189,20220826_070000.WAV,Central Pond
199,3.0,0.2,790,715,654,136,61,0,0.8278481012658228,0.9146853146853147,20220826_070000.WAV,Central Pond
200,3.0,0.21,781,715,650,131,65,0,0.8322663252240717,0.9090909090909091,20220826_070000.WAV,Central Pond
201,3.0,0.22,762,715,638,124,77,0,0.8372703412073491,0.8923076923076924,20220826_070000.WAV,Central Pond
202,3.0,0.23,748,715,629,119,86,0,0.8409090909090909,0.8797202797202798,20220826_070000.WAV,Central Pond
203,3.0,0.24,736,715,619,117,96,0,0.8410326086956522,0.8657342657342657,20220826_070000.WAV,Central Pond
204,3.0,0.25,721,715,614,107,101,0,0.8515950069348127,0.8587412587412587,20220826_070000.WAV,Central Pond
205,3.0,0.26,709,715,605,104,110,0,0.8533145275035261,0.8461538461538461,20220826_070000.WAV,Central Pond
206,3.0,0.27,694,715,596,98,119,0,0.8587896253602305,0.8335664335664336,20220826_070000.WAV,Central Pond
207,3.0,0.28,678,715,582,96,133,0,0.8584070796460177,0.813986013986014,20220826_070000.WAV,Central Pond
208,3.0,0.29,664,715,573,91,142,0,0.8629518072289156,0.8013986013986014,20220826_070000.WAV,Central Pond
209,3.0,0.3,652,715,562,90,153,0,0.8619631901840491,0.786013986013986,20220826_070000.WAV,Central Pond
210,3.0,0.31,642,715,556,86,159,0,0.8660436137071651,0.7776223776223776,20220826_070000.WAV,Central Pond
211,3.0,0.32,627,715,545,82,170,0,0.8692185007974481,0.7622377622377622,20220826_070000.WAV,Central Pond
212,3.0,0.33,602,715,527,75,188,0,0.8754152823920266,0.737062937062937,20220826_070000.WAV,Central Pond
213,3.0,0.34,576,715,506,70,209,0,0.8784722222222222,0.7076923076923077,20220826_070000.WAV,Central Pond
214,3.0,0.35,552,715,489,63,226,0,0.8858695652173914,0.6839160839160839,20220826_070000.WAV,Central Pond
215,3.0,0.36,535,715,479,56,236,0,0.8953271028037383,0.66993006993007,20220826_070000.WAV,Central Pond
216,3.0,0.37,525,715,469,56,246,0,0.8933333333333333,0.6559440559440559,20220826_070000.WAV,Central Pond
217,3.0,0.38,506,715,456,50,259,0,0.9011857707509882,0.6377622377622377,20220826_070000.WAV,Central Pond
218,3.0,0.39,489,715,442,47,273,0,0.9038854805725971,0.6181818181818182,20220826_070000.WAV,Central Pond
219,3.0,0.4,464,715,424,40,291,0,0.9137931034482759,0.593006993006993,20220826_070000.WAV,Central Pond
220,3.0,0.41,445,715,410,35,305,0,0.9213483146067416,0.5734265734265734,20220826_070000.WAV,Central Pond
221,3.0,0.42,425,715,392,33,323,0,0.9223529411764706,0.5482517482517483,20220826_070000.WAV,Central Pond
222,3.0,0.43,403,715,375,28,340,0,0.9305210918114144,0.5244755244755245,20220826_070000.WAV,Central Pond
223,3.0,0.44,387,715,363,24,352,0,0.937984496124031,0.5076923076923077,20220826_070000.WAV,Central Pond
224,3.0,0.45,363,715,345,18,370,0,0.9504132231404959,0.4825174825174825,20220826_070000.WAV,Central Pond
225,3.0,0.46,343,715,331,12,384,0,0.9650145772594753,0.46293706293706294,20220826_070000.WAV,Central Pond
226,3.0,0.47,323,715,314,9,401,0,0.9721362229102167,0.43916083916083914,20220826_070000.WAV,Central Pond
227,3.0,0.48,305,715,298,7,417,0,0.9770491803278688,0.4167832167832168,20220826_070000.WAV,Central Pond
228,3.0,0.49,287,715,284,3,431,0,0.9895470383275261,0.3972027972027972,20220826_070000.WAV,Central Pond
229,3.0,0.5,269,715,267,2,448,0,0.9925650557620818,0.3734265734265734,20220826_070000.WAV,Central Pond
230,3.0,0.51,253,715,252,1,463,0,0.9960474308300395,0.35244755244755244,20220826_070000.WAV,Central Pond
231,3.0,0.52,234,715,233,1,482,0,0.9957264957264957,0.3258741258741259,20220826_070000.WAV,Central Pond
232,3.0,0.53,217,715,216,1,499,0,0.9953917050691244,0.3020979020979021,20220826_070000.WAV,Central Pond
233,3.0,0.54,189,715,189,0,526,0,1.0,0.26433566433566436,20220826_070000.WAV,Central Pond
234,3.0,0.55,171,715,171,0,544,0,1.0,0.23916083916083916,20220826_070000.WAV,Central Pond
235,3.0,0.56,157,715,157,0,558,0,1.0,0.21958041958041957,20220826_070000.WAV,Central Pond
236,3.0,0.57,137,715,137,0,578,0,1.0,0.1916083916083916,20220826_070000.WAV,Central Pond
237,3.0,0.58,123,715,123,0,592,0,1.0,0.17202797202797201,20220826_070000.WAV,Central Pond
238,3.0,0.59,103,715,103,0,612,0,1.0,0.14405594405594405,20220826_070000.WAV,Central Pond
239,3.0,0.6,91,715,91,0,624,0,1.0,0.12727272727272726,20220826_070000.WAV,Central Pond
240,4.0,0.01,2263,591,572,1691,20,0,0.2527618205921343,0.9662162162162162,20220826_070000.WAV,Central Pond
241,4.0,0.02,2263,591,572,1691,20,0,0.2527618205921343,0.9662162162162162,20220826_070000.WAV,Central Pond
242,4.0,0.03,2012,591,571,1441,20,0,0.2837972166998012,0.9661590524534687,20220826_070000.WAV,Central Pond
243,4.0,0.04,1690,591,570,1120,21,0,0.33727810650887574,0.9644670050761421,20220826_070000.WAV,Central Pond
244,4.0,0.05,1456,591,569,887,22,0,0.3907967032967033,0.9627749576988156,20220826_070000.WAV,Central Pond
245,4.0,0.06,1271,591,568,703,23,0,0.44689221085759245,0.961082910321489,20220826_070000.WAV,Central Pond
246,4.0,0.07,1151,591,568,583,23,0,0.4934839270199826,0.961082910321489,20220826_070000.WAV,Central Pond
247,4.0,0.08,1040,591,568,472,23,0,0.5461538461538461,0.961082910321489,20220826_070000.WAV,Central Pond
248,4.0,0.09,945,591,568,377,23,0,0.6010582010582011,0.961082910321489,20220826_070000.WAV,Central Pond
249,4.0,0.1,873,591,567,306,24,0,0.6494845360824743,0.9593908629441624,20220826_070000.WAV,Central Pond
250,4.0,0.11,832,591,567,265,24,0,0.6814903846153846,0.9593908629441624,20220826_070000.WAV,Central Pond
251,4.0,0.12,809,591,567,242,24,0,0.7008652657601978,0.9593908629441624,20220826_070000.WAV,Central Pond
252,4.0,0.13,783,591,567,216,24,0,0.7241379310344828,0.9593908629441624,20220826_070000.WAV,Central Pond
253,4.0,0.14,770,591,562,208,29,0,0.7298701298701299,0.9509306260575296,20220826_070000.WAV,Central Pond
254,4.0,0.15,760,591,561,199,30,0,0.7381578947368421,0.949238578680203,20220826_070000.WAV,Central Pond
255,4.0,0.16,752,591,560,192,31,0,0.7446808510638298,0.9475465313028765,20220826_070000.WAV,Central Pond
256,4.0,0.17,739,591,559,180,32,0,0.7564276048714479,0.9458544839255499,20220826_070000.WAV,Central Pond
257,4.0,0.18,731,591,559,172,32,0,0.7647058823529411,0.9458544839255499,20220826_070000.WAV,Central Pond
258,4.0,0.19,723,591,558,165,33,0,0.7717842323651453,0.9441624365482234,20220826_070000.WAV,Central Pond
259,4.0,0.2,716,591,557,159,34,0,0.7779329608938548,0.9424703891708968,20220826_070000.WAV,Central Pond
260,4.0,0.21,711,591,554,157,37,0,0.7791842475386779,0.937394247038917,20220826_070000.WAV,Central Pond
261,4.0,0.22,695,591,548,147,43,0,0.7884892086330936,0.9272419627749577,20220826_070000.WAV,Central Pond
262,4.0,0.23,684,591,545,139,46,0,0.7967836257309941,0.922165820642978,20220826_070000.WAV,Central Pond
263,4.0,0.24,674,591,538,136,53,0,0.798219584569733,0.9103214890016921,20220826_070000.WAV,Central Pond
264,4.0,0.25,663,591,536,127,55,0,0.808446455505279,0.9069373942470389,20220826_070000.WAV,Central Pond
265,4.0,0.26,654,591,531,123,60,0,0.8119266055045872,0.8984771573604061,20220826_070000.WAV,Central Pond
266,4.0,0.27,642,591,523,119,68,0,0.8146417445482866,0.8849407783417935,20220826_070000.WAV,Central Pond
267,4.0,0.28,627,591,514,113,77,0,0.8197767145135566,0.8697123519458545,20220826_070000.WAV,Central Pond
268,4.0,0.29,616,591,508,108,83,0,0.8246753246753247,0.8595600676818951,20220826_070000.WAV,Central Pond
269,4.0,0.3,605,591,498,107,93,0,0.8231404958677686,0.8426395939086294,20220826_070000.WAV,Central Pond
270,4.0,0.31,595,591,493,102,98,0,0.8285714285714286,0.8341793570219966,20220826_070000.WAV,Central Pond
271,4.0,0.32,583,591,483,100,108,0,0.8284734133790738,0.817258883248731,20220826_070000.WAV,Central Pond
272,4.0,0.33,561,591,470,91,121,0,0.8377896613190731,0.7952622673434856,20220826_070000.WAV,Central Pond
273,4.0,0.34,540,591,453,87,138,0,0.8388888888888889,0.766497461928934,20220826_070000.WAV,Central Pond
274,4.0,0.35,518,591,441,77,150,0,0.8513513513513513,0.7461928934010152,20220826_070000.WAV,Central Pond
275,4.0,0.36,503,591,432,71,159,0,0.8588469184890656,0.7309644670050761,20220826_070000.WAV,Central Pond
276,4.0,0.37,493,591,424,69,167,0,0.8600405679513184,0.7174280879864636,20220826_070000.WAV,Central Pond
277,4.0,0.38,478,591,411,67,180,0,0.8598326359832636,0.6954314720812182,20220826_070000.WAV,Central Pond
278,4.0,0.39,462,591,401,61,190,0,0.8679653679653679,0.6785109983079526,20220826_070000.WAV,Central Pond
279,4.0,0.4,440,591,385,55,206,0,0.875,0.6514382402707276,20220826_070000.WAV,Central Pond
280,4.0,0.41,424,591,373,51,218,0,0.8797169811320755,0.6311336717428088,20220826_070000.WAV,Central Pond
281,4.0,0.42,404,591,360,44,231,0,0.8910891089108911,0.6091370558375635,20220826_070000.WAV,Central Pond
282,4.0,0.43,383,591,345,38,246,0,0.9007832898172323,0.583756345177665,20220826_070000.WAV,Central Pond
283,4.0,0.44,369,591,337,32,254,0,0.9132791327913279,0.5702199661590525,20220826_070000.WAV,Central Pond
284,4.0,0.45,349,591,321,28,270,0,0.9197707736389685,0.5431472081218274,20220826_070000.WAV,Central Pond
285,4.0,0.46,330,591,308,22,283,0,0.9333333333333333,0.5211505922165821,20220826_070000.WAV,Central Pond
286,4.0,0.47,310,591,293,17,298,0,0.9451612903225807,0.4957698815566836,20220826_070000.WAV,Central Pond
287,4.0,0.48,293,591,280,13,311,0,0.9556313993174061,0.47377326565143824,20220826_070000.WAV,Central Pond
288,4.0,0.49,276,591,268,8,323,0,0.9710144927536232,0.45346869712351945,20220826_070000.WAV,Central Pond
289,4.0,0.5,259,591,257,2,334,0,0.9922779922779923,0.43485617597292725,20220826_070000.WAV,Central Pond
290,4.0,0.51,245,591,244,1,347,0,0.9959183673469387,0.4128595600676819,20220826_070000.WAV,Central Pond
291,4.0,0.52,227,591,226,1,365,0,0.9955947136563876,0.3824027072758037,20220826_070000.WAV,Central Pond
292,4.0,0.53,212,591,211,1,380,0,0.9952830188679245,0.3570219966159052,20220826_070000.WAV,Central Pond
293,4.0,0.54,186,591,186,0,405,0,1.0,0.3147208121827411,20220826_070000.WAV,Central Pond
294,4.0,0.55,169,591,169,0,422,0,1.0,0.2859560067681895,20220826_070000.WAV,Central Pond
295,4.0,0.56,155,591,155,0,436,0,1.0,0.2622673434856176,20220826_070000.WAV,Central Pond
296,4.0,0.57,135,591,135,0,456,0,1.0,0.22842639593908629,20220826_070000.WAV,Central Pond
297,4.0,0.58,122,591,122,0,469,0,1.0,0.20642978003384094,20220826_070000.WAV,Central Pond
298,4.0,0.59,102,591,102,0,489,0,1.0,0.17258883248730963,20220826_070000.WAV,Central Pond
299,4.0,0.6,90,591,90,0,501,0,1.0,0.15228426395939088,20220826_070000.WAV,Central Pond
300,5.0,0.01,1771,511,498,1273,14,0,0.2811970638057595,0.97265625,20220826_070000.WAV,Central Pond
301,5.0,0.02,1771,511,498,1273,14,0,0.2811970638057595,0.97265625,20220826_070000.WAV,Central Pond
302,5.0,0.03,1621,511,497,1124,14,0,0.3066008636644047,0.9726027397260274,20220826_070000.WAV,Central Pond
303,5.0,0.04,1421,511,497,924,14,0,0.3497536945812808,0.9726027397260274,20220826_070000.WAV,Central Pond
304,5.0,0.05,1254,511,496,758,15,0,0.39553429027113235,0.9706457925636007,20220826_070000.WAV,Central Pond
305,5.0,0.06,1102,511,496,606,15,0,0.4500907441016334,0.9706457925636007,20220826_070000.WAV,Central Pond
306,5.0,0.07,1001,511,496,505,15,0,0.4955044955044955,0.9706457925636007,20220826_070000.WAV,Central Pond
307,5.0,0.08,908,511,496,412,15,0,0.5462555066079295,0.9706457925636007,20220826_070000.WAV,Central Pond
308,5.0,0.09,822,511,496,326,15,0,0.6034063260340633,0.9706457925636007,20220826_070000.WAV,Central Pond
309,5.0,0.1,753,511,495,258,16,0,0.6573705179282868,0.9686888454011742,20220826_070000.WAV,Central Pond
310,5.0,0.11,713,511,495,218,16,0,0.6942496493688639,0.9686888454011742,20220826_070000.WAV,Central Pond
311,5.0,0.12,693,511,495,198,16,0,0.7142857142857143,0.9686888454011742,20220826_070000.WAV,Central Pond
312,5.0,0.13,669,511,495,174,16,0,0.7399103139013453,0.9686888454011742,20220826_070000.WAV,Central Pond
313,5.0,0.14,658,511,492,166,19,0,0.7477203647416414,0.9628180039138943,20220826_070000.WAV,Central Pond
314,5.0,0.15,651,511,492,159,19,0,0.7557603686635944,0.9628180039138943,20220826_070000.WAV,Central Pond
315,5.0,0.16,644,511,492,152,19,0,0.7639751552795031,0.9628180039138943,20220826_070000.WAV,Central Pond
316,5.0,0.17,638,511,492,146,19,0,0.7711598746081505,0.9628180039138943,20220826_070000.WAV,Central Pond
317,5.0,0.18,631,511,492,139,19,0,0.7797147385103012,0.9628180039138943,20220826_070000.WAV,Central Pond
318,5.0,0.19,626,511,492,134,19,0,0.7859424920127795,0.9628180039138943,20220826_070000.WAV,Central Pond
319,5.0,0.2,623,511,491,132,20,0,0.7881219903691814,0.9608610567514677,20220826_070000.WAV,Central Pond
320,5.0,0.21,620,511,489,131,22,0,0.7887096774193548,0.9569471624266145,20220826_070000.WAV,Central Pond
321,5.0,0.22,609,511,486,123,25,0,0.7980295566502463,0.9510763209393346,20220826_070000.WAV,Central Pond
322,5.0,0.23,601,511,484,117,27,0,0.8053244592346089,0.9471624266144814,20220826_070000.WAV,Central Pond
323,5.0,0.24,594,511,479,115,32,0,0.8063973063973064,0.9373776908023483,20220826_070000.WAV,Central Pond
324,5.0,0.25,590,511,477,113,34,0,0.8084745762711865,0.9334637964774951,20220826_070000.WAV,Central Pond
325,5.0,0.26,584,511,475,109,36,0,0.8133561643835616,0.9295499021526419,20220826_070000.WAV,Central Pond
326,5.0,0.27,575,511,468,107,43,0,0.8139130434782609,0.9158512720156555,20220826_070000.WAV,Central Pond
327,5.0,0.28,563,511,464,99,47,0,0.8241563055062167,0.9080234833659491,20220826_070000.WAV,Central Pond
328,5.0,0.29,555,511,460,95,51,0,0.8288288288288288,0.9001956947162426,20220826_070000.WAV,Central Pond
329,5.0,0.3,544,511,454,90,57,0,0.8345588235294118,0.8884540117416829,20220826_070000.WAV,Central Pond
330,5.0,0.31,537,511,450,87,61,0,0.8379888268156425,0.8806262230919765,20220826_070000.WAV,Central Pond
331,5.0,0.32,526,511,441,85,70,0,0.8384030418250951,0.863013698630137,20220826_070000.WAV,Central Pond
332,5.0,0.33,509,511,428,81,83,0,0.8408644400785854,0.837573385518591,20220826_070000.WAV,Central Pond
333,5.0,0.34,491,511,416,75,95,0,0.8472505091649695,0.8140900195694716,20220826_070000.WAV,Central Pond
334,5.0,0.35,474,511,408,66,103,0,0.8607594936708861,0.7984344422700587,20220826_070000.WAV,Central Pond
335,5.0,0.36,461,511,400,61,111,0,0.8676789587852495,0.7827788649706457,20220826_070000.WAV,Central Pond
336,5.0,0.37,452,511,393,59,118,0,0.8694690265486725,0.7690802348336595,20220826_070000.WAV,Central Pond
337,5.0,0.38,438,511,383,55,128,0,0.8744292237442922,0.7495107632093934,20220826_070000.WAV,Central Pond
338,5.0,0.39,424,511,373,51,138,0,0.8797169811320755,0.7299412915851272,20220826_070000.WAV,Central Pond
339,5.0,0.4,405,511,359,46,152,0,0.8864197530864197,0.7025440313111546,20220826_070000.WAV,Central Pond
340,5.0,0.41,391,511,349,42,162,0,0.8925831202046036,0.6829745596868885,20220826_070000.WAV,Central Pond
341,5.0,0.42,374,511,338,36,173,0,0.9037433155080213,0.6614481409001957,20220826_070000.WAV,Central Pond
342,5.0,0.43,358,511,323,35,188,0,0.9022346368715084,0.6320939334637965,20220826_070000.WAV,Central Pond
343,5.0,0.44,346,511,316,30,195,0,0.9132947976878613,0.6183953033268101,20220826_070000.WAV,Central Pond
344,5.0,0.45,327,511,302,25,209,0,0.9235474006116208,0.5909980430528375,20220826_070000.WAV,Central Pond
345,5.0,0.46,310,511,291,19,220,0,0.9387096774193548,0.5694716242661448,20220826_070000.WAV,Central Pond
346,5.0,0.47,292,511,279,13,232,0,0.9554794520547946,0.5459882583170255,20220826_070000.WAV,Central Pond
347,5.0,0.48,278,511,266,12,245,0,0.9568345323741008,0.5205479452054794,20220826_070000.WAV,Central Pond
348,5.0,0.49,263,511,256,7,255,0,0.973384030418251,0.5009784735812133,20220826_070000.WAV,Central Pond
349,5.0,0.5,246,511,245,1,266,0,0.9959349593495935,0.4794520547945205,20220826_070000.WAV,Central Pond
350,5.0,0.51,233,511,233,0,278,0,1.0,0.45596868884540115,20220826_070000.WAV,Central Pond
351,5.0,0.52,216,511,216,0,295,0,1.0,0.4227005870841487,20220826_070000.WAV,Central Pond
352,5.0,0.53,202,511,202,0,309,0,1.0,0.3953033268101761,20220826_070000.WAV,Central Pond
353,5.0,0.54,177,511,177,0,334,0,1.0,0.34637964774951074,20220826_070000.WAV,Central Pond
354,5.0,0.55,163,511,163,0,348,0,1.0,0.31898238747553814,20220826_070000.WAV,Central Pond
355,5.0,0.56,150,511,150,0,361,0,1.0,0.29354207436399216,20220826_070000.WAV,Central Pond
356,5.0,0.57,132,511,132,0,379,0,1.0,0.2583170254403131,20220826_070000.WAV,Central Pond
357,5.0,0.58,120,511,120,0,391,0,1.0,0.23483365949119372,20220826_070000.WAV,Central Pond
358,5.0,0.59,101,511,101,0,410,0,1.0,0.19765166340508805,20220826_070000.WAV,Central Pond
359,5.0,0.6,89,511,89,0,422,0,1.0,0.17416829745596868,20220826_070000.WAV,Central Pond
360,6.0,0.01,1436,455,447,989,9,0,0.3112813370473538,0.9802631578947368,20220826_070000.WAV,Central Pond
361,6.0,0.02,1436,455,447,989,9,0,0.3112813370473538,0.9802631578947368,20220826_070000.WAV,Central Pond
362,6.0,0.03,1342,455,446,896,9,0,0.3323397913561848,0.9802197802197802,20220826_070000.WAV,Central Pond
363,6.0,0.04,1209,455,446,763,9,0,0.36889991728701405,0.9802197802197802,20220826_070000.WAV,Central Pond
364,6.0,0.05,1079,455,445,634,10,0,0.41241890639481,0.978021978021978,20220826_070000.WAV,Central Pond
365,6.0,0.06,958,455,445,513,10,0,0.46450939457202506,0.978021978021978,20220826_070000.WAV,Central Pond
366,6.0,0.07,880,455,445,435,10,0,0.5056818181818182,0.978021978021978,20220826_070000.WAV,Central Pond
367,6.0,0.08,808,455,445,363,10,0,0.5507425742574258,0.978021978021978,20220826_070000.WAV,Central Pond
368,6.0,0.09,731,455,445,286,10,0,0.6087551299589603,0.978021978021978,20220826_070000.WAV,Central Pond
369,6.0,0.1,667,455,444,223,11,0,0.6656671664167916,0.9758241758241758,20220826_070000.WAV,Central Pond
370,6.0,0.11,629,455,444,185,11,0,0.7058823529411765,0.9758241758241758,20220826_070000.WAV,Central Pond
371,6.0,0.12,611,455,444,167,11,0,0.7266775777414075,0.9758241758241758,20220826_070000.WAV,Central Pond
372,6.0,0.13,587,455,444,143,11,0,0.7563884156729132,0.9758241758241758,20220826_070000.WAV,Central Pond
373,6.0,0.14,578,455,441,137,14,0,0.7629757785467128,0.9692307692307692,20220826_070000.WAV,Central Pond
374,6.0,0.15,571,455,441,130,14,0,0.7723292469352014,0.9692307692307692,20220826_070000.WAV,Central Pond
375,6.0,0.16,564,455,441,123,14,0,0.7819148936170213,0.9692307692307692,20220826_070000.WAV,Central Pond
376,6.0,0.17,559,455,441,118,14,0,0.7889087656529516,0.9692307692307692,20220826_070000.WAV,Central Pond
377,6.0,0.18,552,455,441,111,14,0,0.7989130434782609,0.9692307692307692,20220826_070000.WAV,Central Pond
378,6.0,0.19,549,455,441,108,14,0,0.8032786885245902,0.9692307692307692,20220826_070000.WAV,Central Pond
379,6.0,0.2,546,455,441,105,14,0,0.8076923076923077,0.9692307692307692,20220826_070000.WAV,Central Pond
380,6.0,0.21,544,455,439,105,16,0,0.8069852941176471,0.9648351648351648,20220826_070000.WAV,Central Pond
381,6.0,0.22,537,455,438,99,17,0,0.8156424581005587,0.9626373626373627,20220826_070000.WAV,Central Pond
382,6.0,0.23,533,455,436,97,19,0,0.8180112570356473,0.9582417582417583,20220826_070000.WAV,Central Pond
383,6.0,0.24,527,455,433,94,22,0,0.8216318785578748,0.9516483516483516,20220826_070000.WAV,Central Pond
384,6.0,0.25,523,455,432,91,23,0,0.8260038240917782,0.9494505494505494,20220826_070000.WAV,Central Pond
385,6.0,0.26,519,455,431,88,24,0,0.8304431599229287,0.9472527472527472,20220826_070000.WAV,Central Pond
386,6.0,0.27,512,455,426,86,29,0,0.83203125,0.9362637362637363,20220826_070000.WAV,Central Pond
387,6.0,0.28,504,455,423,81,32,0,0.8392857142857143,0.9296703296703297,20220826_070000.WAV,Central Pond
388,6.0,0.29,498,455,419,79,36,0,0.8413654618473896,0.9208791208791208,20220826_070000.WAV,Central Pond
389,6.0,0.3,491,455,416,75,39,0,0.8472505091649695,0.9142857142857143,20220826_070000.WAV,Central Pond
390,6.0,0.31,485,455,412,73,43,0,0.8494845360824742,0.9054945054945055,20220826_070000.WAV,Central Pond
391,6.0,0.32,474,455,404,70,51,0,0.8523206751054853,0.8879120879120879,20220826_070000.WAV,Central Pond
392,6.0,0.33,461,455,391,70,64,0,0.8481561822125814,0.8593406593406593,20220826_070000.WAV,Central Pond
393,6.0,0.34,445,455,381,64,74,0,0.8561797752808988,0.8373626373626374,20220826_070000.WAV,Central Pond
394,6.0,0.35,432,455,374,58,81,0,0.8657407407407407,0.8219780219780219,20220826_070000.WAV,Central Pond
395,6.0,0.36,420,455,366,54,89,0,0.8714285714285714,0.8043956043956044,20220826_070000.WAV,Central Pond
396,6.0,0.37,412,455,361,51,94,0,0.8762135922330098,0.7934065934065934,20220826_070000.WAV,Central Pond
397,6.0,0.38,399,455,353,46,102,0,0.8847117794486216,0.7758241758241758,20220826_070000.WAV,Central Pond
398,6.0,0.39,388,455,343,45,112,0,0.884020618556701,0.7538461538461538,20220826_070000.WAV,Central Pond
399,6.0,0.4,371,455,332,39,123,0,0.894878706199461,0.7296703296703296,20220826_070000.WAV,Central Pond
400,6.0,0.41,358,455,323,35,132,0,0.9022346368715084,0.7098901098901099,20220826_070000.WAV,Central Pond
401,6.0,0.42,344,455,313,31,142,0,0.9098837209302325,0.6879120879120879,20220826_070000.WAV,Central Pond
402,6.0,0.43,330,455,301,29,154,0,0.9121212121212121,0.6615384615384615,20220826_070000.WAV,Central Pond
403,6.0,0.44,321,455,295,26,160,0,0.9190031152647975,0.6483516483516484,20220826_070000.WAV,Central Pond
404,6.0,0.45,302,455,281,21,174,0,0.9304635761589404,0.6175824175824176,20220826_070000.WAV,Central Pond
405,6.0,0.46,288,455,270,18,185,0,0.9375,0.5934065934065934,20220826_070000.WAV,Central Pond
406,6.0,0.47,271,455,259,12,196,0,0.955719557195572,0.5692307692307692,20220826_070000.WAV,Central Pond
407,6.0,0.48,258,455,247,11,208,0,0.9573643410852714,0.5428571428571428,20220826_070000.WAV,Central Pond
408,6.0,0.49,244,455,237,7,218,0,0.9713114754098361,0.5208791208791209,20220826_070000.WAV,Central Pond
409,6.0,0.5,230,455,229,1,226,0,0.9956521739130435,0.5032967032967033,20220826_070000.WAV,Central Pond
410,6.0,0.51,217,455,217,0,238,0,1.0,0.47692307692307695,20220826_070000.WAV,Central Pond
411,6.0,0.52,204,455,204,0,251,0,1.0,0.44835164835164837,20220826_070000.WAV,Central Pond
412,6.0,0.53,190,455,190,0,265,0,1.0,0.4175824175824176,20220826_070000.WAV,Central Pond
413,6.0,0.54,169,455,169,0,286,0,1.0,0.37142857142857144,20220826_070000.WAV,Central Pond
414,6.0,0.55,155,455,155,0,300,0,1.0,0.34065934065934067,20220826_070000.WAV,Central Pond
415,6.0,0.56,143,455,143,0,312,0,1.0,0.3142857142857143,20220826_070000.WAV,Central Pond
416,6.0,0.57,126,455,126,0,329,0,1.0,0.27692307692307694,20220826_070000.WAV,Central Pond
417,6.0,0.58,116,455,116,0,339,0,1.0,0.2549450549450549,20220826_070000.WAV,Central Pond
418,6.0,0.59,98,455,98,0,357,0,1.0,0.2153846153846154,20220826_070000.WAV,Central Pond
419,6.0,0.6,86,455,86,0,369,0,1.0,0.189010989010989,20220826_070000.WAV,Central Pond
420,7.0,0.01,1165,405,397,768,9,0,0.3407725321888412,0.9778325123152709,20220826_070000.WAV,Central Pond
421,7.0,0.02,1165,405,397,768,9,0,0.3407725321888412,0.9778325123152709,20220826_070000.WAV,Central Pond
422,7.0,0.03,1107,405,396,711,9,0,0.35772357723577236,0.9777777777777777,20220826_070000.WAV,Central Pond
423,7.0,0.04,1018,405,396,622,9,0,0.3889980353634578,0.9777777777777777,20220826_070000.WAV,Central Pond
424,7.0,0.05,922,405,395,527,10,0,0.4284164859002169,0.9753086419753086,20220826_070000.WAV,Central Pond
425,7.0,0.06,826,405,395,431,10,0,0.4782082324455206,0.9753086419753086,20220826_070000.WAV,Central Pond
426,7.0,0.07,769,405,395,374,10,0,0.5136540962288687,0.9753086419753086,20220826_070000.WAV,Central Pond
427,7.0,0.08,710,405,395,315,10,0,0.5563380281690141,0.9753086419753086,20220826_070000.WAV,Central Pond
428,7.0,0.09,641,405,395,246,10,0,0.6162246489859594,0.9753086419753086,20220826_070000.WAV,Central Pond
429,7.0,0.1,585,405,394,191,11,0,0.6735042735042736,0.9728395061728395,20220826_070000.WAV,Central Pond
430,7.0,0.11,554,405,394,160,11,0,0.7111913357400722,0.9728395061728395,20220826_070000.WAV,Central Pond
431,7.0,0.12,537,405,394,143,11,0,0.7337057728119181,0.9728395061728395,20220826_070000.WAV,Central Pond
432,7.0,0.13,515,405,394,121,11,0,0.7650485436893204,0.9728395061728395,20220826_070000.WAV,Central Pond
433,7.0,0.14,507,405,394,113,11,0,0.777120315581854,0.9728395061728395,20220826_070000.WAV,Central Pond
434,7.0,0.15,500,405,394,106,11,0,0.788,0.9728395061728395,20220826_070000.WAV,Central Pond
435,7.0,0.16,496,405,394,102,11,0,0.7943548387096774,0.9728395061728395,20220826_070000.WAV,Central Pond
436,7.0,0.17,493,405,394,99,11,0,0.7991886409736308,0.9728395061728395,20220826_070000.WAV,Central Pond
437,7.0,0.18,486,405,394,92,11,0,0.8106995884773662,0.9728395061728395,20220826_070000.WAV,Central Pond
438,7.0,0.19,484,405,394,90,11,0,0.8140495867768595,0.9728395061728395,20220826_070000.WAV,Central Pond
439,7.0,0.2,483,405,394,89,11,0,0.8157349896480331,0.9728395061728395,20220826_070000.WAV,Central Pond
440,7.0,0.21,481,405,392,89,13,0,0.814968814968815,0.9679012345679012,20220826_070000.WAV,Central Pond
441,7.0,0.22,477,405,392,85,13,0,0.8218029350104822,0.9679012345679012,20220826_070000.WAV,Central Pond
442,7.0,0.23,474,405,390,84,15,0,0.8227848101265823,0.9629629629629629,20220826_070000.WAV,Central Pond
443,7.0,0.24,469,405,387,82,18,0,0.8251599147121536,0.9555555555555556,20220826_070000.WAV,Central Pond
444,7.0,0.25,467,405,386,81,19,0,0.8265524625267666,0.9530864197530864,20220826_070000.WAV,Central Pond
445,7.0,0.26,464,405,385,79,20,0,0.8297413793103449,0.9506172839506173,20220826_070000.WAV,Central Pond
446,7.0,0.27,460,405,382,78,23,0,0.8304347826086956,0.9432098765432099,20220826_070000.WAV,Central Pond
447,7.0,0.28,455,405,380,75,25,0,0.8351648351648352,0.9382716049382716,20220826_070000.WAV,Central Pond
448,7.0,0.29,451,405,376,75,29,0,0.8337028824833703,0.928395061728395,20220826_070000.WAV,Central Pond
449,7.0,0.3,444,405,373,71,32,0,0.8400900900900901,0.9209876543209876,20220826_070000.WAV,Central Pond
450,7.0,0.31,438,405,370,68,35,0,0.8447488584474886,0.9135802469135802,20220826_070000.WAV,Central Pond
451,7.0,0.32,431,405,365,66,40,0,0.8468677494199536,0.9012345679012346,20220826_070000.WAV,Central Pond
452,7.0,0.33,418,405,353,65,52,0,0.8444976076555024,0.8716049382716049,20220826_070000.WAV,Central Pond
453,7.0,0.34,404,405,343,61,62,0,0.849009900990099,0.8469135802469135,20220826_070000.WAV,Central Pond
454,7.0,0.35,394,405,337,57,68,0,0.8553299492385786,0.8320987654320988,20220826_070000.WAV,Central Pond
455,7.0,0.36,384,405,329,55,76,0,0.8567708333333334,0.8123456790123457,20220826_070000.WAV,Central Pond
456,7.0,0.37,376,405,324,52,81,0,0.8617021276595744,0.8,20220826_070000.WAV,Central Pond
457,7.0,0.38,363,405,318,45,87,0,0.8760330578512396,0.7851851851851852,20220826_070000.WAV,Central Pond
458,7.0,0.39,353,405,311,42,94,0,0.8810198300283286,0.7679012345679013,20220826_070000.WAV,Central Pond
459,7.0,0.4,337,405,301,36,104,0,0.8931750741839762,0.7432098765432099,20220826_070000.WAV,Central Pond
460,7.0,0.41,324,405,294,30,111,0,0.9074074074074074,0.725925925925926,20220826_070000.WAV,Central Pond
461,7.0,0.42,314,405,286,28,119,0,0.910828025477707,0.7061728395061728,20220826_070000.WAV,Central Pond
462,7.0,0.43,300,405,276,24,129,0,0.92,0.6814814814814815,20220826_070000.WAV,Central Pond
463,7.0,0.44,292,405,270,22,135,0,0.9246575342465754,0.6666666666666666,20220826_070000.WAV,Central Pond
464,7.0,0.45,275,405,256,19,149,0,0.9309090909090909,0.6320987654320988,20220826_070000.WAV,Central Pond
465,7.0,0.46,261,405,245,16,160,0,0.9386973180076629,0.6049382716049383,20220826_070000.WAV,Central Pond
466,7.0,0.47,245,405,236,9,169,0,0.963265306122449,0.582716049382716,20220826_070000.WAV,Central Pond
467,7.0,0.48,233,405,226,7,179,0,0.9699570815450643,0.5580246913580247,20220826_070000.WAV,Central Pond
468,7.0,0.49,221,405,216,5,189,0,0.9773755656108597,0.5333333333333333,20220826_070000.WAV,Central Pond
469,7.0,0.5,209,405,209,0,196,0,1.0,0.5160493827160494,20220826_070000.WAV,Central Pond
470,7.0,0.51,201,405,201,0,204,0,1.0,0.4962962962962963,20220826_070000.WAV,Central Pond
471,7.0,0.52,190,405,190,0,215,0,1.0,0.4691358024691358,20220826_070000.WAV,Central Pond
472,7.0,0.53,176,405,176,0,229,0,1.0,0.4345679012345679,20220826_070000.WAV,Central Pond
473,7.0,0.54,155,405,155,0,250,0,1.0,0.38271604938271603,20220826_070000.WAV,Central Pond
474,7.0,0.55,144,405,144,0,261,0,1.0,0.35555555555555557,20220826_070000.WAV,Central Pond
475,7.0,0.56,133,405,133,0,272,0,1.0,0.32839506172839505,20220826_070000.WAV,Central Pond
476,7.0,0.57,116,405,116,0,289,0,1.0,0.28641975308641976,20220826_070000.WAV,Central Pond
477,7.0,0.58,108,405,108,0,297,0,1.0,0.26666666666666666,20220826_070000.WAV,Central Pond
478,7.0,0.59,93,405,93,0,312,0,1.0,0.22962962962962963,20220826_070000.WAV,Central Pond
479,7.0,0.6,82,405,82,0,323,0,1.0,0.20246913580246914,20220826_070000.WAV,Central Pond
480,8.0,0.01,962,357,349,613,9,0,0.3627858627858628,0.9748603351955307,20220826_070000.WAV,Central Pond
481,8.0,0.02,962,357,349,613,9,0,0.3627858627858628,0.9748603351955307,20220826_070000.WAV,Central Pond
482,8.0,0.03,925,357,348,577,9,0,0.3762162162162162,0.9747899159663865,20220826_070000.WAV,Central Pond
483,8.0,0.04,864,357,348,516,9,0,0.4027777777777778,0.9747899159663865,20220826_070000.WAV,Central Pond
484,8.0,0.05,797,357,348,449,9,0,0.4366373902132999,0.9747899159663865,20220826_070000.WAV,Central Pond
485,8.0,0.06,733,357,348,385,9,0,0.4747612551159618,0.9747899159663865,20220826_070000.WAV,Central Pond
486,8.0,0.07,685,357,348,337,9,0,0.5080291970802919,0.9747899159663865,20220826_070000.WAV,Central Pond
487,8.0,0.08,639,357,348,291,9,0,0.5446009389671361,0.9747899159663865,20220826_070000.WAV,Central Pond
488,8.0,0.09,577,357,348,229,9,0,0.6031195840554593,0.9747899159663865,20220826_070000.WAV,Central Pond
489,8.0,0.1,528,357,347,181,10,0,0.6571969696969697,0.9719887955182073,20220826_070000.WAV,Central Pond
490,8.0,0.11,500,357,347,153,10,0,0.694,0.9719887955182073,20220826_070000.WAV,Central Pond
491,8.0,0.12,485,357,347,138,10,0,0.7154639175257732,0.9719887955182073,20220826_070000.WAV,Central Pond
492,8.0,0.13,463,357,347,116,10,0,0.7494600431965442,0.9719887955182073,20220826_070000.WAV,Central Pond
493,8.0,0.14,458,357,347,111,10,0,0.75764192139738,0.9719887955182073,20220826_070000.WAV,Central Pond
494,8.0,0.15,451,357,347,104,10,0,0.7694013303769401,0.9719887955182073,20220826_070000.WAV,Central Pond
495,8.0,0.16,448,357,347,101,10,0,0.7745535714285714,0.9719887955182073,20220826_070000.WAV,Central Pond
496,8.0,0.17,446,357,347,99,10,0,0.7780269058295964,0.9719887955182073,20220826_070000.WAV,Central Pond
497,8.0,0.18,440,357,347,93,10,0,0.7886363636363637,0.9719887955182073,20220826_070000.WAV,Central Pond
498,8.0,0.19,438,357,347,91,10,0,0.7922374429223744,0.9719887955182073,20220826_070000.WAV,Central Pond
499,8.0,0.2,437,357,347,90,10,0,0.7940503432494279,0.9719887955182073,20220826_070000.WAV,Central Pond
500,8.0,0.21,435,357,346,89,11,0,0.7954022988505747,0.969187675070028,20220826_070000.WAV,Central Pond
501,8.0,0.22,431,357,346,85,11,0,0.802784222737819,0.969187675070028,20220826_070000.WAV,Central Pond
502,8.0,0.23,428,357,345,83,12,0,0.8060747663551402,0.9663865546218487,20220826_070000.WAV,Central Pond
503,8.0,0.24,425,357,343,82,14,0,0.8070588235294117,0.9607843137254902,20220826_070000.WAV,Central Pond
504,8.0,0.25,423,357,343,80,14,0,0.8108747044917257,0.9607843137254902,20220826_070000.WAV,Central Pond
505,8.0,0.26,420,357,343,77,14,0,0.8166666666666667,0.9607843137254902,20220826_070000.WAV,Central Pond
506,8.0,0.27,416,357,341,75,16,0,0.8197115384615384,0.9551820728291317,20220826_070000.WAV,Central Pond
507,8.0,0.28,412,357,339,73,18,0,0.8228155339805825,0.9495798319327731,20220826_070000.WAV,Central Pond
508,8.0,0.29,408,357,336,72,21,0,0.8235294117647058,0.9411764705882353,20220826_070000.WAV,Central Pond
509,8.0,0.3,403,357,334,69,23,0,0.8287841191066998,0.9355742296918768,20220826_070000.WAV,Central Pond
510,8.0,0.31,399,357,332,67,25,0,0.8320802005012531,0.9299719887955182,20220826_070000.WAV,Central Pond
511,8.0,0.32,393,357,329,64,28,0,0.8371501272264631,0.9215686274509803,20220826_070000.WAV,Central Pond
512,8.0,0.33,382,357,318,64,39,0,0.8324607329842932,0.8907563025210085,20220826_070000.WAV,Central Pond
513,8.0,0.34,369,357,309,60,48,0,0.8373983739837398,0.865546218487395,20220826_070000.WAV,Central Pond
514,8.0,0.35,362,357,304,58,53,0,0.8397790055248618,0.8515406162464986,20220826_070000.WAV,Central Pond
515,8.0,0.36,353,357,297,56,60,0,0.8413597733711048,0.8319327731092437,20220826_070000.WAV,Central Pond
516,8.0,0.37,346,357,293,53,64,0,0.846820809248555,0.8207282913165266,20220826_070000.WAV,Central Pond
517,8.0,0.38,334,357,288,46,69,0,0.8622754491017964,0.8067226890756303,20220826_070000.WAV,Central Pond
518,8.0,0.39,326,357,282,44,75,0,0.8650306748466258,0.7899159663865546,20220826_070000.WAV,Central Pond
519,8.0,0.4,312,357,272,40,85,0,0.8717948717948718,0.7619047619047619,20220826_070000.WAV,Central Pond
520,8.0,0.41,301,357,266,35,91,0,0.8837209302325582,0.7450980392156863,20220826_070000.WAV,Central Pond
521,8.0,0.42,291,357,259,32,98,0,0.8900343642611683,0.7254901960784313,20220826_070000.WAV,Central Pond
522,8.0,0.43,277,357,251,26,106,0,0.9061371841155235,0.7030812324929971,20220826_070000.WAV,Central Pond
523,8.0,0.44,270,357,246,24,111,0,0.9111111111111111,0.6890756302521008,20220826_070000.WAV,Central Pond
524,8.0,0.45,255,357,234,21,123,0,0.9176470588235294,0.6554621848739496,20220826_070000.WAV,Central Pond
525,8.0,0.46,241,357,225,16,132,0,0.9336099585062241,0.6302521008403361,20220826_070000.WAV,Central Pond
526,8.0,0.47,229,357,221,8,136,0,0.9650655021834061,0.6190476190476191,20220826_070000.WAV,Central Pond
527,8.0,0.48,217,357,213,4,144,0,0.9815668202764977,0.5966386554621849,20220826_070000.WAV,Central Pond
528,8.0,0.49,207,357,204,3,153,0,0.9855072463768116,0.5714285714285714,20220826_070000.WAV,Central Pond
529,8.0,0.5,198,357,198,0,159,0,1.0,0.5546218487394958,20220826_070000.WAV,Central Pond
530,8.0,0.51,190,357,190,0,167,0,1.0,0.5322128851540616,20220826_070000.WAV,Central Pond
531,8.0,0.52,180,357,180,0,177,0,1.0,0.5042016806722689,20220826_070000.WAV,Central Pond
532,8.0,0.53,167,357,167,0,190,0,1.0,0.4677871148459384,20220826_070000.WAV,Central Pond
533,8.0,0.54,147,357,147,0,210,0,1.0,0.4117647058823529,20220826_070000.WAV,Central Pond
534,8.0,0.55,137,357,137,0,220,0,1.0,0.38375350140056025,20220826_070000.WAV,Central Pond
535,8.0,0.56,126,357,126,0,231,0,1.0,0.35294117647058826,20220826_070000.WAV,Central Pond
536,8.0,0.57,110,357,110,0,247,0,1.0,0.3081232492997199,20220826_070000.WAV,Central Pond
537,8.0,0.58,103,357,103,0,254,0,1.0,0.28851540616246496,20220826_070000.WAV,Central Pond
538,8.0,0.59,88,357,88,0,269,0,1.0,0.24649859943977592,20220826_070000.WAV,Central Pond
539,8.0,0.6,78,357,78,0,279,0,1.0,0.2184873949579832,20220826_070000.WAV,Central Pond
540,9.0,0.01,788,309,301,487,9,0,0.3819796954314721,0.9709677419354839,20220826_070000.WAV,Central Pond
541,9.0,0.02,788,309,301,487,9,0,0.3819796954314721,0.9709677419354839,20220826_070000.WAV,Central Pond
542,9.0,0.03,763,309,300,463,9,0,0.3931847968545216,0.970873786407767,20220826_070000.WAV,Central Pond
543,9.0,0.04,717,309,300,417,9,0,0.41841004184100417,0.970873786407767,20220826_070000.WAV,Central Pond
544,9.0,0.05,669,309,300,369,9,0,0.4484304932735426,0.970873786407767,20220826_070000.WAV,Central Pond
545,9.0,0.06,625,309,300,325,9,0,0.48,0.970873786407767,20220826_070000.WAV,Central Pond
546,9.0,0.07,593,309,300,293,9,0,0.5059021922428331,0.970873786407767,20220826_070000.WAV,Central Pond
547,9.0,0.08,554,309,300,254,9,0,0.5415162454873647,0.970873786407767,20220826_070000.WAV,Central Pond
548,9.0,0.09,503,309,300,203,9,0,0.5964214711729622,0.970873786407767,20220826_070000.WAV,Central Pond
549,9.0,0.1,459,309,300,159,9,0,0.6535947712418301,0.970873786407767,20220826_070000.WAV,Central Pond
550,9.0,0.11,437,309,300,137,9,0,0.6864988558352403,0.970873786407767,20220826_070000.WAV,Central Pond
551,9.0,0.12,424,309,300,124,9,0,0.7075471698113207,0.970873786407767,20220826_070000.WAV,Central Pond
552,9.0,0.13,402,309,300,102,9,0,0.746268656716418,0.970873786407767,20220826_070000.WAV,Central Pond
553,9.0,0.14,399,309,300,99,9,0,0.7518796992481203,0.970873786407767,20220826_070000.WAV,Central Pond
554,9.0,0.15,394,309,300,94,9,0,0.7614213197969543,0.970873786407767,20220826_070000.WAV,Central Pond
555,9.0,0.16,391,309,300,91,9,0,0.7672634271099744,0.970873786407767,20220826_070000.WAV,Central Pond
556,9.0,0.17,389,309,300,89,9,0,0.7712082262210797,0.970873786407767,20220826_070000.WAV,Central Pond
557,9.0,0.18,384,309,300,84,9,0,0.78125,0.970873786407767,20220826_070000.WAV,Central Pond
558,9.0,0.19,382,309,300,82,9,0,0.7853403141361257,0.970873786407767,20220826_070000.WAV,Central Pond
559,9.0,0.2,381,309,300,81,9,0,0.7874015748031497,0.970873786407767,20220826_070000.WAV,Central Pond
560,9.0,0.21,379,309,299,80,10,0,0.7889182058047494,0.9676375404530745,20220826_070000.WAV,Central Pond
561,9.0,0.22,378,309,299,79,10,0,0.791005291005291,0.9676375404530745,20220826_070000.WAV,Central Pond
562,9.0,0.23,376,309,298,78,11,0,0.7925531914893617,0.9644012944983819,20220826_070000.WAV,Central Pond
563,9.0,0.24,375,309,297,78,12,0,0.792,0.9611650485436893,20220826_070000.WAV,Central Pond
564,9.0,0.25,374,309,297,77,12,0,0.7941176470588235,0.9611650485436893,20220826_070000.WAV,Central Pond
565,9.0,0.26,372,309,297,75,12,0,0.7983870967741935,0.9611650485436893,20220826_070000.WAV,Central Pond
566,9.0,0.27,370,309,296,74,13,0,0.8,0.9579288025889967,20220826_070000.WAV,Central Pond
567,9.0,0.28,367,309,294,73,15,0,0.8010899182561307,0.9514563106796117,20220826_070000.WAV,Central Pond
568,9.0,0.29,363,309,292,71,17,0,0.8044077134986226,0.9449838187702265,20220826_070000.WAV,Central Pond
569,9.0,0.3,360,309,290,70,19,0,0.8055555555555556,0.9385113268608414,20220826_070000.WAV,Central Pond
570,9.0,0.31,357,309,289,68,20,0,0.8095238095238095,0.9352750809061489,20220826_070000.WAV,Central Pond
571,9.0,0.32,351,309,287,64,22,0,0.8176638176638177,0.9288025889967637,20220826_070000.WAV,Central Pond
572,9.0,0.33,340,309,277,63,32,0,0.8147058823529412,0.8964401294498382,20220826_070000.WAV,Central Pond
573,9.0,0.34,329,309,271,58,38,0,0.8237082066869301,0.8770226537216829,20220826_070000.WAV,Central Pond
574,9.0,0.35,322,309,266,56,43,0,0.8260869565217391,0.86084142394822,20220826_070000.WAV,Central Pond
575,9.0,0.36,313,309,260,53,49,0,0.8306709265175719,0.8414239482200647,20220826_070000.WAV,Central Pond
576,9.0,0.37,307,309,256,51,53,0,0.8338762214983714,0.8284789644012945,20220826_070000.WAV,Central Pond
577,9.0,0.38,299,309,252,47,57,0,0.842809364548495,0.8155339805825242,20220826_070000.WAV,Central Pond
578,9.0,0.39,292,309,247,45,62,0,0.8458904109589042,0.7993527508090615,20220826_070000.WAV,Central Pond
579,9.0,0.4,278,309,238,40,71,0,0.8561151079136691,0.7702265372168284,20220826_070000.WAV,Central Pond
580,9.0,0.41,269,309,234,35,75,0,0.8698884758364313,0.7572815533980582,20220826_070000.WAV,Central Pond
581,9.0,0.42,259,309,228,31,81,0,0.8803088803088803,0.7378640776699029,20220826_070000.WAV,Central Pond
582,9.0,0.43,245,309,222,23,87,0,0.9061224489795918,0.7184466019417476,20220826_070000.WAV,Central Pond
583,9.0,0.44,238,309,217,21,92,0,0.9117647058823529,0.7022653721682848,20220826_070000.WAV,Central Pond
584,9.0,0.45,224,309,206,18,103,0,0.9196428571428571,0.6666666666666666,20220826_070000.WAV,Central Pond
585,9.0,0.46,212,309,198,14,111,0,0.9339622641509434,0.6407766990291263,20220826_070000.WAV,Central Pond
586,9.0,0.47,201,309,195,6,114,0,0.9701492537313433,0.6310679611650486,20220826_070000.WAV,Central Pond
587,9.0,0.48,191,309,189,2,120,0,0.9895287958115183,0.6116504854368932,20220826_070000.WAV,Central Pond
588,9.0,0.49,182,309,181,1,128,0,0.9945054945054945,0.5857605177993528,20220826_070000.WAV,Central Pond
589,9.0,0.5,175,309,175,0,134,0,1.0,0.5663430420711975,20220826_070000.WAV,Central Pond
590,9.0,0.51,168,309,168,0,141,0,1.0,0.5436893203883495,20220826_070000.WAV,Central Pond
591,9.0,0.52,159,309,159,0,150,0,1.0,0.5145631067961165,20220826_070000.WAV,Central Pond
592,9.0,0.53,148,309,148,0,161,0,1.0,0.47896440129449835,20220826_070000.WAV,Central Pond
593,9.0,0.54,133,309,133,0,176,0,1.0,0.43042071197411,20220826_070000.WAV,Central Pond
594,9.0,0.55,126,309,126,0,183,0,1.0,0.4077669902912621,20220826_070000.WAV,Central Pond
595,9.0,0.56,117,309,117,0,192,0,1.0,0.3786407766990291,20220826_070000.WAV,Central Pond
596,9.0,0.57,103,309,103,0,206,0,1.0,0.3333333333333333,20220826_070000.WAV,Central Pond
597,9.0,0.58,96,309,96,0,213,0,1.0,0.3106796116504854,20220826_070000.WAV,Central Pond
598,9.0,0.59,82,309,82,0,227,0,1.0,0.26537216828478966,20220826_070000.WAV,Central Pond
599,9.0,0.6,73,309,73,0,236,0,1.0,0.23624595469255663,20220826_070000.WAV,Central Pond
600,10.0,0.01,640,266,259,381,8,0,0.4046875,0.9700374531835206,20220826_070000.WAV,Central Pond
601,10.0,0.02,640,266,259,381,8,0,0.4046875,0.9700374531835206,20220826_070000.WAV,Central Pond
602,10.0,0.03,624,266,258,366,8,0,0.41346153846153844,0.9699248120300752,20220826_070000.WAV,Central Pond
603,10.0,0.04,596,266,258,338,8,0,0.43288590604026844,0.9699248120300752,20220826_070000.WAV,Central Pond
604,10.0,0.05,560,266,258,302,8,0,0.4607142857142857,0.9699248120300752,20220826_070000.WAV,Central Pond
605,10.0,0.06,531,266,258,273,8,0,0.4858757062146893,0.9699248120300752,20220826_070000.WAV,Central Pond
606,10.0,0.07,503,266,258,245,8,0,0.5129224652087475,0.9699248120300752,20220826_070000.WAV,Central Pond
607,10.0,0.08,473,266,258,215,8,0,0.5454545454545454,0.9699248120300752,20220826_070000.WAV,Central Pond
608,10.0,0.09,431,266,258,173,8,0,0.5986078886310905,0.9699248120300752,20220826_070000.WAV,Central Pond
609,10.0,0.1,393,266,258,135,8,0,0.6564885496183206,0.9699248120300752,20220826_070000.WAV,Central Pond
610,10.0,0.11,373,266,258,115,8,0,0.6916890080428955,0.9699248120300752,20220826_070000.WAV,Central Pond
611,10.0,0.12,363,266,258,105,8,0,0.7107438016528925,0.9699248120300752,20220826_070000.WAV,Central Pond
612,10.0,0.13,345,266,258,87,8,0,0.7478260869565218,0.9699248120300752,20220826_070000.WAV,Central Pond
613,10.0,0.14,343,266,258,85,8,0,0.7521865889212828,0.9699248120300752,20220826_070000.WAV,Central Pond
614,10.0,0.15,338,266,258,80,8,0,0.7633136094674556,0.9699248120300752,20220826_070000.WAV,Central Pond
615,10.0,0.16,335,266,258,77,8,0,0.7701492537313432,0.9699248120300752,20220826_070000.WAV,Central Pond
616,10.0,0.17,333,266,258,75,8,0,0.7747747747747747,0.9699248120300752,20220826_070000.WAV,Central Pond
617,10.0,0.18,329,266,258,71,8,0,0.78419452887538,0.9699248120300752,20220826_070000.WAV,Central Pond
618,10.0,0.19,327,266,258,69,8,0,0.7889908256880734,0.9699248120300752,20220826_070000.WAV,Central Pond
619,10.0,0.2,326,266,258,68,8,0,0.7914110429447853,0.9699248120300752,20220826_070000.WAV,Central Pond
620,10.0,0.21,325,266,258,67,8,0,0.7938461538461539,0.9699248120300752,20220826_070000.WAV,Central Pond
621,10.0,0.22,324,266,258,66,8,0,0.7962962962962963,0.9699248120300752,20220826_070000.WAV,Central Pond
622,10.0,0.23,323,266,257,66,9,0,0.7956656346749226,0.9661654135338346,20220826_070000.WAV,Central Pond
623,10.0,0.24,322,266,256,66,10,0,0.7950310559006211,0.9624060150375939,20220826_070000.WAV,Central Pond
624,10.0,0.25,322,266,256,66,10,0,0.7950310559006211,0.9624060150375939,20220826_070000.WAV,Central Pond
625,10.0,0.26,320,266,256,64,10,0,0.8,0.9624060150375939,20220826_070000.WAV,Central Pond
626,10.0,0.27,318,266,256,62,10,0,0.8050314465408805,0.9624060150375939,20220826_070000.WAV,Central Pond
627,10.0,0.28,316,266,254,62,12,0,0.8037974683544303,0.9548872180451128,20220826_070000.WAV,Central Pond
628,10.0,0.29,313,266,254,59,12,0,0.8115015974440895,0.9548872180451128,20220826_070000.WAV,Central Pond
629,10.0,0.3,311,266,252,59,14,0,0.8102893890675241,0.9473684210526315,20220826_070000.WAV,Central Pond
630,10.0,0.31,309,266,251,58,15,0,0.8122977346278317,0.943609022556391,20220826_070000.WAV,Central Pond
631,10.0,0.32,305,266,249,56,17,0,0.8163934426229508,0.9360902255639098,20220826_070000.WAV,Central Pond
632,10.0,0.33,294,266,241,53,25,0,0.8197278911564626,0.9060150375939849,20220826_070000.WAV,Central Pond
633,10.0,0.34,284,266,236,48,30,0,0.8309859154929577,0.8872180451127819,20220826_070000.WAV,Central Pond
634,10.0,0.35,278,266,233,45,33,0,0.8381294964028777,0.8759398496240601,20220826_070000.WAV,Central Pond
635,10.0,0.36,270,266,227,43,39,0,0.8407407407407408,0.8533834586466166,20220826_070000.WAV,Central Pond
636,10.0,0.37,265,266,223,42,43,0,0.8415094339622642,0.8383458646616542,20220826_070000.WAV,Central Pond
637,10.0,0.38,260,266,221,39,45,0,0.85,0.8308270676691729,20220826_070000.WAV,Central Pond
638,10.0,0.39,255,266,216,39,50,0,0.8470588235294118,0.8120300751879699,20220826_070000.WAV,Central Pond
639,10.0,0.4,243,266,208,35,58,0,0.8559670781893004,0.7819548872180451,20220826_070000.WAV,Central Pond
640,10.0,0.41,236,266,204,32,62,0,0.864406779661017,0.7669172932330827,20220826_070000.WAV,Central Pond
641,10.0,0.42,227,266,199,28,67,0,0.8766519823788547,0.7481203007518797,20220826_070000.WAV,Central Pond
642,10.0,0.43,216,266,194,22,72,0,0.8981481481481481,0.7293233082706767,20220826_070000.WAV,Central Pond
643,10.0,0.44,211,266,190,21,76,0,0.9004739336492891,0.7142857142857143,20220826_070000.WAV,Central Pond
644,10.0,0.45,197,266,180,17,86,0,0.9137055837563451,0.6766917293233082,20220826_070000.WAV,Central Pond
645,10.0,0.46,188,266,173,15,93,0,0.9202127659574468,0.650375939849624,20220826_070000.WAV,Central Pond
646,10.0,0.47,182,266,170,12,96,0,0.9340659340659341,0.6390977443609023,20220826_070000.WAV,Central Pond
647,10.0,0.48,173,266,167,6,99,0,0.9653179190751445,0.6278195488721805,20220826_070000.WAV,Central Pond
648,10.0,0.49,164,266,161,3,105,0,0.9817073170731707,0.6052631578947368,20220826_070000.WAV,Central Pond
649,10.0,0.5,157,266,157,0,109,0,1.0,0.5902255639097744,20220826_070000.WAV,Central Pond
650,10.0,0.51,150,266,150,0,116,0,1.0,0.5639097744360902,20220826_070000.WAV,Central Pond
651,10.0,0.52,142,266,142,0,124,0,1.0,0.5338345864661654,20220826_070000.WAV,Central Pond
652,10.0,0.53,133,266,133,0,133,0,1.0,0.5,20220826_070000.WAV,Central Pond
653,10.0,0.54,120,266,120,0,146,0,1.0,0.45112781954887216,20220826_070000.WAV,Central Pond
654,10.0,0.55,113,266,113,0,153,0,1.0,0.424812030075188,20220826_070000.WAV,Central Pond
655,10.0,0.56,105,266,105,0,161,0,1.0,0.39473684210526316,20220826_070000.WAV,Central Pond
656,10.0,0.57,92,266,92,0,174,0,1.0,0.3458646616541353,20220826_070000.WAV,Central Pond
657,10.0,0.58,87,266,87,0,179,0,1.0,0.32706766917293234,20220826_070000.WAV,Central Pond
658,10.0,0.59,74,266,74,0,192,0,1.0,0.2781954887218045,20220826_070000.WAV,Central Pond
659,10.0,0.6,69,266,69,0,197,0,1.0,0.2593984962406015,20220826_070000.WAV,Central Pond
660,11.0,0.01,545,239,234,311,6,0,0.42935779816513764,0.975,20220826_070000.WAV,Central Pond
661,11.0,0.02,545,239,234,311,6,0,0.42935779816513764,0.975,20220826_070000.WAV,Central Pond
662,11.0,0.03,534,239,233,301,6,0,0.4363295880149813,0.9748953974895398,20220826_070000.WAV,Central Pond
663,11.0,0.04,511,239,233,278,6,0,0.45596868884540115,0.9748953974895398,20220826_070000.WAV,Central Pond
664,11.0,0.05,488,239,233,255,6,0,0.4774590163934426,0.9748953974895398,20220826_070000.WAV,Central Pond
665,11.0,0.06,465,239,233,232,6,0,0.5010752688172043,0.9748953974895398,20220826_070000.WAV,Central Pond
666,11.0,0.07,439,239,233,206,6,0,0.530751708428246,0.9748953974895398,20220826_070000.WAV,Central Pond
667,11.0,0.08,413,239,233,180,6,0,0.5641646489104116,0.9748953974895398,20220826_070000.WAV,Central Pond
668,11.0,0.09,379,239,233,146,6,0,0.6147757255936676,0.9748953974895398,20220826_070000.WAV,Central Pond
669,11.0,0.1,348,239,233,115,6,0,0.6695402298850575,0.9748953974895398,20220826_070000.WAV,Central Pond
670,11.0,0.11,330,239,233,97,6,0,0.706060606060606,0.9748953974895398,20220826_070000.WAV,Central Pond
671,11.0,0.12,321,239,233,88,6,0,0.7258566978193146,0.9748953974895398,20220826_070000.WAV,Central Pond
672,11.0,0.13,305,239,233,72,6,0,0.7639344262295082,0.9748953974895398,20220826_070000.WAV,Central Pond
673,11.0,0.14,303,239,233,70,6,0,0.768976897689769,0.9748953974895398,20220826_070000.WAV,Central Pond
674,11.0,0.15,298,239,233,65,6,0,0.7818791946308725,0.9748953974895398,20220826_070000.WAV,Central Pond
675,11.0,0.16,295,239,233,62,6,0,0.7898305084745763,0.9748953974895398,20220826_070000.WAV,Central Pond
676,11.0,0.17,293,239,233,60,6,0,0.7952218430034129,0.9748953974895398,20220826_070000.WAV,Central Pond
677,11.0,0.18,289,239,233,56,6,0,0.8062283737024222,0.9748953974895398,20220826_070000.WAV,Central Pond
678,11.0,0.19,287,239,233,54,6,0,0.8118466898954704,0.9748953974895398,20220826_070000.WAV,Central Pond
679,11.0,0.2,286,239,233,53,6,0,0.8146853146853147,0.9748953974895398,20220826_070000.WAV,Central Pond
680,11.0,0.21,286,239,233,53,6,0,0.8146853146853147,0.9748953974895398,20220826_070000.WAV,Central Pond
681,11.0,0.22,285,239,233,52,6,0,0.8175438596491228,0.9748953974895398,20220826_070000.WAV,Central Pond
682,11.0,0.23,285,239,233,52,6,0,0.8175438596491228,0.9748953974895398,20220826_070000.WAV,Central Pond
683,11.0,0.24,284,239,232,52,7,0,0.8169014084507042,0.9707112970711297,20220826_070000.WAV,Central Pond
684,11.0,0.25,284,239,232,52,7,0,0.8169014084507042,0.9707112970711297,20220826_070000.WAV,Central Pond
685,11.0,0.26,282,239,232,50,7,0,0.8226950354609929,0.9707112970711297,20220826_070000.WAV,Central Pond
686,11.0,0.27,280,239,232,48,7,0,0.8285714285714286,0.9707112970711297,20220826_070000.WAV,Central Pond
687,11.0,0.28,278,239,230,48,9,0,0.8273381294964028,0.9623430962343096,20220826_070000.WAV,Central Pond
688,11.0,0.29,277,239,230,47,9,0,0.8303249097472925,0.9623430962343096,20220826_070000.WAV,Central Pond
689,11.0,0.3,275,239,228,47,11,0,0.8290909090909091,0.9539748953974896,20220826_070000.WAV,Central Pond
690,11.0,0.31,274,239,227,47,12,0,0.8284671532846716,0.9497907949790795,20220826_070000.WAV,Central Pond
691,11.0,0.32,271,239,225,46,14,0,0.8302583025830258,0.9414225941422594,20220826_070000.WAV,Central Pond
692,11.0,0.33,260,239,217,43,22,0,0.8346153846153846,0.9079497907949791,20220826_070000.WAV,Central Pond
693,11.0,0.34,253,239,212,41,27,0,0.8379446640316206,0.8870292887029289,20220826_070000.WAV,Central Pond
694,11.0,0.35,248,239,209,39,30,0,0.842741935483871,0.8744769874476988,20220826_070000.WAV,Central Pond
695,11.0,0.36,241,239,204,37,35,0,0.8464730290456431,0.8535564853556485,20220826_070000.WAV,Central Pond
696,11.0,0.37,236,239,201,35,38,0,0.8516949152542372,0.8410041841004184,20220826_070000.WAV,Central Pond
697,11.0,0.38,232,239,200,32,39,0,0.8620689655172413,0.8368200836820083,20220826_070000.WAV,Central Pond
698,11.0,0.39,227,239,196,31,43,0,0.8634361233480177,0.8200836820083682,20220826_070000.WAV,Central Pond
699,11.0,0.4,217,239,188,29,51,0,0.8663594470046083,0.7866108786610879,20220826_070000.WAV,Central Pond
700,11.0,0.41,211,239,184,27,55,0,0.8720379146919431,0.7698744769874477,20220826_070000.WAV,Central Pond
701,11.0,0.42,205,239,180,25,59,0,0.8780487804878049,0.7531380753138075,20220826_070000.WAV,Central Pond
702,11.0,0.43,197,239,175,22,64,0,0.8883248730964467,0.7322175732217573,20220826_070000.WAV,Central Pond
703,11.0,0.44,192,239,171,21,68,0,0.890625,0.7154811715481172,20220826_070000.WAV,Central Pond
704,11.0,0.45,178,239,163,15,76,0,0.9157303370786517,0.6820083682008368,20220826_070000.WAV,Central Pond
705,11.0,0.46,169,239,156,13,83,0,0.9230769230769231,0.6527196652719666,20220826_070000.WAV,Central Pond
706,11.0,0.47,163,239,153,10,86,0,0.9386503067484663,0.6401673640167364,20220826_070000.WAV,Central Pond
707,11.0,0.48,156,239,150,6,89,0,0.9615384615384616,0.6276150627615062,20220826_070000.WAV,Central Pond
708,11.0,0.49,147,239,146,1,93,0,0.9931972789115646,0.6108786610878661,20220826_070000.WAV,Central Pond
709,11.0,0.5,142,239,142,0,97,0,1.0,0.5941422594142259,20220826_070000.WAV,Central Pond
710,11.0,0.51,138,239,138,0,101,0,1.0,0.5774058577405857,20220826_070000.WAV,Central Pond
711,11.0,0.52,130,239,130,0,109,0,1.0,0.5439330543933054,20220826_070000.WAV,Central Pond
712,11.0,0.53,122,239,122,0,117,0,1.0,0.5104602510460251,20220826_070000.WAV,Central Pond
713,11.0,0.54,111,239,111,0,128,0,1.0,0.46443514644351463,20220826_070000.WAV,Central Pond
714,11.0,0.55,104,239,104,0,135,0,1.0,0.4351464435146444,20220826_070000.WAV,Central Pond
715,11.0,0.56,96,239,96,0,143,0,1.0,0.401673640167364,20220826_070000.WAV,Central Pond
716,11.0,0.57,85,239,85,0,154,0,1.0,0.35564853556485354,20220826_070000.WAV,Central Pond
717,11.0,0.58,80,239,80,0,159,0,1.0,0.33472803347280333,20220826_070000.WAV,Central Pond
718,11.0,0.59,70,239,70,0,169,0,1.0,0.2928870292887029,20220826_070000.WAV,Central Pond
719,11.0,0.6,65,239,65,0,174,0,1.0,0.2719665271966527,20220826_070000.WAV,Central Pond
720,12.0,0.01,447,212,207,240,6,0,0.46308724832214765,0.971830985915493,20220826_070000.WAV,Central Pond
721,12.0,0.02,447,212,207,240,6,0,0.46308724832214765,0.971830985915493,20220826_070000.WAV,Central Pond
722,12.0,0.03,440,212,206,234,6,0,0.4681818181818182,0.9716981132075472,20220826_070000.WAV,Central Pond
723,12.0,0.04,426,212,206,220,6,0,0.4835680751173709,0.9716981132075472,20220826_070000.WAV,Central Pond
724,12.0,0.05,412,212,206,206,6,0,0.5,0.9716981132075472,20220826_070000.WAV,Central Pond
725,12.0,0.06,396,212,206,190,6,0,0.5202020202020202,0.9716981132075472,20220826_070000.WAV,Central Pond
726,12.0,0.07,382,212,206,176,6,0,0.5392670157068062,0.9716981132075472,20220826_070000.WAV,Central Pond
727,12.0,0.08,362,212,206,156,6,0,0.569060773480663,0.9716981132075472,20220826_070000.WAV,Central Pond
728,12.0,0.09,335,212,206,129,6,0,0.6149253731343284,0.9716981132075472,20220826_070000.WAV,Central Pond
729,12.0,0.1,309,212,206,103,6,0,0.6666666666666666,0.9716981132075472,20220826_070000.WAV,Central Pond
730,12.0,0.11,293,212,206,87,6,0,0.7030716723549488,0.9716981132075472,20220826_070000.WAV,Central Pond
731,12.0,0.12,287,212,206,81,6,0,0.7177700348432056,0.9716981132075472,20220826_070000.WAV,Central Pond
732,12.0,0.13,276,212,206,70,6,0,0.7463768115942029,0.9716981132075472,20220826_070000.WAV,Central Pond
733,12.0,0.14,274,212,206,68,6,0,0.7518248175182481,0.9716981132075472,20220826_070000.WAV,Central Pond
734,12.0,0.15,270,212,206,64,6,0,0.762962962962963,0.9716981132075472,20220826_070000.WAV,Central Pond
735,12.0,0.16,268,212,206,62,6,0,0.7686567164179104,0.9716981132075472,20220826_070000.WAV,Central Pond
736,12.0,0.17,266,212,206,60,6,0,0.7744360902255639,0.9716981132075472,20220826_070000.WAV,Central Pond
737,12.0,0.18,263,212,206,57,6,0,0.7832699619771863,0.9716981132075472,20220826_070000.WAV,Central Pond
738,12.0,0.19,261,212,206,55,6,0,0.789272030651341,0.9716981132075472,20220826_070000.WAV,Central Pond
739,12.0,0.2,260,212,206,54,6,0,0.7923076923076923,0.9716981132075472,20220826_070000.WAV,Central Pond
740,12.0,0.21,260,212,206,54,6,0,0.7923076923076923,0.9716981132075472,20220826_070000.WAV,Central Pond
741,12.0,0.22,259,212,206,53,6,0,0.7953667953667953,0.9716981132075472,20220826_070000.WAV,Central Pond
742,12.0,0.23,259,212,206,53,6,0,0.7953667953667953,0.9716981132075472,20220826_070000.WAV,Central Pond
743,12.0,0.24,258,212,205,53,7,0,0.7945736434108527,0.9669811320754716,20220826_070000.WAV,Central Pond
744,12.0,0.25,258,212,205,53,7,0,0.7945736434108527,0.9669811320754716,20220826_070000.WAV,Central Pond
745,12.0,0.26,256,212,205,51,7,0,0.80078125,0.9669811320754716,20220826_070000.WAV,Central Pond
746,12.0,0.27,255,212,205,50,7,0,0.803921568627451,0.9669811320754716,20220826_070000.WAV,Central Pond
747,12.0,0.28,253,212,204,49,8,0,0.8063241106719368,0.9622641509433962,20220826_070000.WAV,Central Pond
748,12.0,0.29,252,212,204,48,8,0,0.8095238095238095,0.9622641509433962,20220826_070000.WAV,Central Pond
749,12.0,0.3,250,212,202,48,10,0,0.808,0.9528301886792453,20220826_070000.WAV,Central Pond
750,12.0,0.31,249,212,201,48,11,0,0.8072289156626506,0.9481132075471698,20220826_070000.WAV,Central Pond
751,12.0,0.32,246,212,199,47,13,0,0.8089430894308943,0.9386792452830188,20220826_070000.WAV,Central Pond
752,12.0,0.33,238,212,192,46,20,0,0.8067226890756303,0.9056603773584906,20220826_070000.WAV,Central Pond
753,12.0,0.34,231,212,187,44,25,0,0.8095238095238095,0.8820754716981132,20220826_070000.WAV,Central Pond
754,12.0,0.35,227,212,185,42,27,0,0.8149779735682819,0.8726415094339622,20220826_070000.WAV,Central Pond
755,12.0,0.36,222,212,181,41,31,0,0.8153153153153153,0.8537735849056604,20220826_070000.WAV,Central Pond
756,12.0,0.37,217,212,179,38,33,0,0.8248847926267281,0.8443396226415094,20220826_070000.WAV,Central Pond
757,12.0,0.38,213,212,178,35,34,0,0.8356807511737089,0.839622641509434,20220826_070000.WAV,Central Pond
758,12.0,0.39,208,212,174,34,38,0,0.8365384615384616,0.8207547169811321,20220826_070000.WAV,Central Pond
759,12.0,0.4,198,212,169,29,43,0,0.8535353535353535,0.7971698113207547,20220826_070000.WAV,Central Pond
760,12.0,0.41,192,212,166,26,46,0,0.8645833333333334,0.7830188679245284,20220826_070000.WAV,Central Pond
761,12.0,0.42,186,212,162,24,50,0,0.8709677419354839,0.7641509433962265,20220826_070000.WAV,Central Pond
762,12.0,0.43,179,212,157,22,55,0,0.8770949720670391,0.7405660377358491,20220826_070000.WAV,Central Pond
763,12.0,0.44,175,212,154,21,58,0,0.88,0.7264150943396226,20220826_070000.WAV,Central Pond
764,12.0,0.45,161,212,147,14,65,0,0.9130434782608695,0.6933962264150944,20220826_070000.WAV,Central Pond
765,12.0,0.46,153,212,143,10,69,0,0.934640522875817,0.6745283018867925,20220826_070000.WAV,Central Pond
766,12.0,0.47,148,212,140,8,72,0,0.9459459459459459,0.660377358490566,20220826_070000.WAV,Central Pond
767,12.0,0.48,143,212,138,5,74,0,0.965034965034965,0.6509433962264151,20220826_070000.WAV,Central Pond
768,12.0,0.49,135,212,134,1,78,0,0.9925925925925926,0.6320754716981132,20220826_070000.WAV,Central Pond
769,12.0,0.5,130,212,130,0,82,0,1.0,0.6132075471698113,20220826_070000.WAV,Central Pond
770,12.0,0.51,127,212,127,0,85,0,1.0,0.5990566037735849,20220826_070000.WAV,Central Pond
771,12.0,0.52,120,212,120,0,92,0,1.0,0.5660377358490566,20220826_070000.WAV,Central Pond
772,12.0,0.53,113,212,113,0,99,0,1.0,0.5330188679245284,20220826_070000.WAV,Central Pond
773,12.0,0.54,102,212,102,0,110,0,1.0,0.4811320754716981,20220826_070000.WAV,Central Pond
774,12.0,0.55,95,212,95,0,117,0,1.0,0.4481132075471698,20220826_070000.WAV,Central Pond
775,12.0,0.56,89,212,89,0,123,0,1.0,0.419811320754717,20220826_070000.WAV,Central Pond
776,12.0,0.57,79,212,79,0,133,0,1.0,0.37264150943396224,20220826_070000.WAV,Central Pond
777,12.0,0.58,74,212,74,0,138,0,1.0,0.3490566037735849,20220826_070000.WAV,Central Pond
778,12.0,0.59,65,212,65,0,147,0,1.0,0.30660377358490565,20220826_070000.WAV,Central Pond
779,12.0,0.6,63,212,63,0,149,0,1.0,0.2971698113207547,20220826_070000.WAV,Central Pond
780,13.0,0.01,371,185,183,188,2,0,0.49326145552560646,0.9891891891891892,20220826_070000.WAV,Central Pond
781,13.0,0.02,371,185,183,188,2,0,0.49326145552560646,0.9891891891891892,20220826_070000.WAV,Central Pond
782,13.0,0.03,368,185,183,185,2,0,0.49728260869565216,0.9891891891891892,20220826_070000.WAV,Central Pond
783,13.0,0.04,358,185,183,175,2,0,0.5111731843575419,0.9891891891891892,20220826_070000.WAV,Central Pond
784,13.0,0.05,348,185,183,165,2,0,0.5258620689655172,0.9891891891891892,20220826_070000.WAV,Central Pond
785,13.0,0.06,337,185,183,154,2,0,0.543026706231454,0.9891891891891892,20220826_070000.WAV,Central Pond
786,13.0,0.07,326,185,183,143,2,0,0.5613496932515337,0.9891891891891892,20220826_070000.WAV,Central Pond
787,13.0,0.08,310,185,183,127,2,0,0.5903225806451613,0.9891891891891892,20220826_070000.WAV,Central Pond
788,13.0,0.09,288,185,183,105,2,0,0.6354166666666666,0.9891891891891892,20220826_070000.WAV,Central Pond
789,13.0,0.1,266,185,183,83,2,0,0.6879699248120301,0.9891891891891892,20220826_070000.WAV,Central Pond
790,13.0,0.11,254,185,183,71,2,0,0.7204724409448819,0.9891891891891892,20220826_070000.WAV,Central Pond
791,13.0,0.12,249,185,183,66,2,0,0.7349397590361446,0.9891891891891892,20220826_070000.WAV,Central Pond
792,13.0,0.13,241,185,183,58,2,0,0.7593360995850622,0.9891891891891892,20220826_070000.WAV,Central Pond
793,13.0,0.14,239,185,183,56,2,0,0.7656903765690377,0.9891891891891892,20220826_070000.WAV,Central Pond
794,13.0,0.15,235,185,183,52,2,0,0.7787234042553192,0.9891891891891892,20220826_070000.WAV,Central Pond
795,13.0,0.16,233,185,183,50,2,0,0.7854077253218884,0.9891891891891892,20220826_070000.WAV,Central Pond
796,13.0,0.17,231,185,183,48,2,0,0.7922077922077922,0.9891891891891892,20220826_070000.WAV,Central Pond
797,13.0,0.18,228,185,183,45,2,0,0.8026315789473685,0.9891891891891892,20220826_070000.WAV,Central Pond
798,13.0,0.19,226,185,183,43,2,0,0.8097345132743363,0.9891891891891892,20220826_070000.WAV,Central Pond
799,13.0,0.2,225,185,183,42,2,0,0.8133333333333334,0.9891891891891892,20220826_070000.WAV,Central Pond
800,13.0,0.21,225,185,183,42,2,0,0.8133333333333334,0.9891891891891892,20220826_070000.WAV,Central Pond
801,13.0,0.22,224,185,183,41,2,0,0.8169642857142857,0.9891891891891892,20220826_070000.WAV,Central Pond
802,13.0,0.23,224,185,183,41,2,0,0.8169642857142857,0.9891891891891892,20220826_070000.WAV,Central Pond
803,13.0,0.24,223,185,182,41,3,0,0.8161434977578476,0.9837837837837838,20220826_070000.WAV,Central Pond
804,13.0,0.25,223,185,182,41,3,0,0.8161434977578476,0.9837837837837838,20220826_070000.WAV,Central Pond
805,13.0,0.26,221,185,182,39,3,0,0.8235294117647058,0.9837837837837838,20220826_070000.WAV,Central Pond
806,13.0,0.27,220,185,182,38,3,0,0.8272727272727273,0.9837837837837838,20220826_070000.WAV,Central Pond
807,13.0,0.28,218,185,181,37,4,0,0.8302752293577982,0.9783783783783784,20220826_070000.WAV,Central Pond
808,13.0,0.29,218,185,181,37,4,0,0.8302752293577982,0.9783783783783784,20220826_070000.WAV,Central Pond
809,13.0,0.3,216,185,179,37,6,0,0.8287037037037037,0.9675675675675676,20220826_070000.WAV,Central Pond
810,13.0,0.31,215,185,178,37,7,0,0.827906976744186,0.9621621621621622,20220826_070000.WAV,Central Pond
811,13.0,0.32,213,185,176,37,9,0,0.8262910798122066,0.9513513513513514,20220826_070000.WAV,Central Pond
812,13.0,0.33,205,185,170,35,15,0,0.8292682926829268,0.918918918918919,20220826_070000.WAV,Central Pond
813,13.0,0.34,200,185,167,33,18,0,0.835,0.9027027027027027,20220826_070000.WAV,Central Pond
814,13.0,0.35,197,185,165,32,20,0,0.8375634517766497,0.8918918918918919,20220826_070000.WAV,Central Pond
815,13.0,0.36,192,185,162,30,23,0,0.84375,0.8756756756756757,20220826_070000.WAV,Central Pond
816,13.0,0.37,189,185,161,28,24,0,0.8518518518518519,0.8702702702702703,20220826_070000.WAV,Central Pond
817,13.0,0.38,185,185,160,25,25,0,0.8648648648648649,0.8648648648648649,20220826_070000.WAV,Central Pond
818,13.0,0.39,180,185,156,24,29,0,0.8666666666666667,0.8432432432432433,20220826_070000.WAV,Central Pond
819,13.0,0.4,173,185,152,21,33,0,0.8786127167630058,0.8216216216216217,20220826_070000.WAV,Central Pond
820,13.0,0.41,169,185,151,18,34,0,0.893491124260355,0.8162162162162162,20220826_070000.WAV,Central Pond
821,13.0,0.42,165,185,148,17,37,0,0.896969696969697,0.8,20220826_070000.WAV,Central Pond
822,13.0,0.43,159,185,143,16,42,0,0.89937106918239,0.772972972972973,20220826_070000.WAV,Central Pond
823,13.0,0.44,155,185,140,15,45,0,0.9032258064516129,0.7567567567567568,20220826_070000.WAV,Central Pond
824,13.0,0.45,142,185,133,9,52,0,0.9366197183098591,0.7189189189189189,20220826_070000.WAV,Central Pond
825,13.0,0.46,136,185,130,6,55,0,0.9558823529411765,0.7027027027027027,20220826_070000.WAV,Central Pond
826,13.0,0.47,133,185,127,6,58,0,0.9548872180451128,0.6864864864864865,20220826_070000.WAV,Central Pond
827,13.0,0.48,129,185,125,4,60,0,0.9689922480620154,0.6756756756756757,20220826_070000.WAV,Central Pond
828,13.0,0.49,123,185,121,2,64,0,0.983739837398374,0.654054054054054,20220826_070000.WAV,Central Pond
829,13.0,0.5,118,185,118,0,67,0,1.0,0.6378378378378379,20220826_070000.WAV,Central Pond
830,13.0,0.51,116,185,116,0,69,0,1.0,0.6270270270270271,20220826_070000.WAV,Central Pond
831,13.0,0.52,110,185,110,0,75,0,1.0,0.5945945945945946,20220826_070000.WAV,Central Pond
832,13.0,0.53,103,185,103,0,82,0,1.0,0.5567567567567567,20220826_070000.WAV,Central Pond
833,13.0,0.54,94,185,94,0,91,0,1.0,0.5081081081081081,20220826_070000.WAV,Central Pond
834,13.0,0.55,87,185,87,0,98,0,1.0,0.4702702702702703,20220826_070000.WAV,Central Pond
835,13.0,0.56,82,185,82,0,103,0,1.0,0.44324324324324327,20220826_070000.WAV,Central Pond
836,13.0,0.57,74,185,74,0,111,0,1.0,0.4,20220826_070000.WAV,Central Pond
837,13.0,0.58,70,185,70,0,115,0,1.0,0.3783783783783784,20220826_070000.WAV,Central Pond
838,13.0,0.59,61,185,61,0,124,0,1.0,0.32972972972972975,20220826_070000.WAV,Central Pond
839,13.0,0.6,59,185,59,0,126,0,1.0,0.31891891891891894,20220826_070000.WAV,Central Pond
840,14.0,0.01,305,161,159,146,2,0,0.521311475409836,0.9875776397515528,20220826_070000.WAV,Central Pond
841,14.0,0.02,305,161,159,146,2,0,0.521311475409836,0.9875776397515528,20220826_070000.WAV,Central Pond
842,14.0,0.03,304,161,159,145,2,0,0.5230263157894737,0.9875776397515528,20220826_070000.WAV,Central Pond
843,14.0,0.04,295,161,159,136,2,0,0.5389830508474577,0.9875776397515528,20220826_070000.WAV,Central Pond
844,14.0,0.05,287,161,159,128,2,0,0.554006968641115,0.9875776397515528,20220826_070000.WAV,Central Pond
845,14.0,0.06,280,161,159,121,2,0,0.5678571428571428,0.9875776397515528,20220826_070000.WAV,Central Pond
846,14.0,0.07,271,161,159,112,2,0,0.5867158671586716,0.9875776397515528,20220826_070000.WAV,Central Pond
847,14.0,0.08,259,161,159,100,2,0,0.6138996138996139,0.9875776397515528,20220826_070000.WAV,Central Pond
848,14.0,0.09,248,161,159,89,2,0,0.6411290322580645,0.9875776397515528,20220826_070000.WAV,Central Pond
849,14.0,0.1,232,161,159,73,2,0,0.6853448275862069,0.9875776397515528,20220826_070000.WAV,Central Pond
850,14.0,0.11,225,161,159,66,2,0,0.7066666666666667,0.9875776397515528,20220826_070000.WAV,Central Pond
851,14.0,0.12,222,161,159,63,2,0,0.7162162162162162,0.9875776397515528,20220826_070000.WAV,Central Pond
852,14.0,0.13,215,161,159,56,2,0,0.7395348837209302,0.9875776397515528,20220826_070000.WAV,Central Pond
853,14.0,0.14,214,161,159,55,2,0,0.7429906542056075,0.9875776397515528,20220826_070000.WAV,Central Pond
854,14.0,0.15,211,161,159,52,2,0,0.7535545023696683,0.9875776397515528,20220826_070000.WAV,Central Pond
855,14.0,0.16,209,161,159,50,2,0,0.7607655502392344,0.9875776397515528,20220826_070000.WAV,Central Pond
856,14.0,0.17,207,161,159,48,2,0,0.7681159420289855,0.9875776397515528,20220826_070000.WAV,Central Pond
857,14.0,0.18,204,161,159,45,2,0,0.7794117647058824,0.9875776397515528,20220826_070000.WAV,Central Pond
858,14.0,0.19,203,161,159,44,2,0,0.7832512315270936,0.9875776397515528,20220826_070000.WAV,Central Pond
859,14.0,0.2,202,161,159,43,2,0,0.7871287128712872,0.9875776397515528,20220826_070000.WAV,Central Pond
860,14.0,0.21,202,161,159,43,2,0,0.7871287128712872,0.9875776397515528,20220826_070000.WAV,Central Pond
861,14.0,0.22,201,161,159,42,2,0,0.7910447761194029,0.9875776397515528,20220826_070000.WAV,Central Pond
862,14.0,0.23,201,161,159,42,2,0,0.7910447761194029,0.9875776397515528,20220826_070000.WAV,Central Pond
863,14.0,0.24,200,161,158,42,3,0,0.79,0.9813664596273292,20220826_070000.WAV,Central Pond
864,14.0,0.25,200,161,158,42,3,0,0.79,0.9813664596273292,20220826_070000.WAV,Central Pond
865,14.0,0.26,199,161,158,41,3,0,0.7939698492462312,0.9813664596273292,20220826_070000.WAV,Central Pond
866,14.0,0.27,199,161,158,41,3,0,0.7939698492462312,0.9813664596273292,20220826_070000.WAV,Central Pond
867,14.0,0.28,197,161,157,40,4,0,0.7969543147208121,0.9751552795031055,20220826_070000.WAV,Central Pond
868,14.0,0.29,197,161,157,40,4,0,0.7969543147208121,0.9751552795031055,20220826_070000.WAV,Central Pond
869,14.0,0.3,195,161,155,40,6,0,0.7948717948717948,0.9627329192546584,20220826_070000.WAV,Central Pond
870,14.0,0.31,194,161,154,40,7,0,0.7938144329896907,0.9565217391304348,20220826_070000.WAV,Central Pond
871,14.0,0.32,192,161,153,39,8,0,0.796875,0.9503105590062112,20220826_070000.WAV,Central Pond
872,14.0,0.33,184,161,148,36,13,0,0.8043478260869565,0.9192546583850931,20220826_070000.WAV,Central Pond
873,14.0,0.34,179,161,146,33,15,0,0.8156424581005587,0.906832298136646,20220826_070000.WAV,Central Pond
874,14.0,0.35,176,161,144,32,17,0,0.8181818181818182,0.8944099378881988,20220826_070000.WAV,Central Pond
875,14.0,0.36,172,161,142,30,19,0,0.8255813953488372,0.8819875776397516,20220826_070000.WAV,Central Pond
876,14.0,0.37,169,161,141,28,20,0,0.834319526627219,0.8757763975155279,20220826_070000.WAV,Central Pond
877,14.0,0.38,166,161,140,26,21,0,0.8433734939759037,0.8695652173913043,20220826_070000.WAV,Central Pond
878,14.0,0.39,162,161,136,26,25,0,0.8395061728395061,0.84472049689441,20220826_070000.WAV,Central Pond
879,14.0,0.4,155,161,132,23,29,0,0.8516129032258064,0.8198757763975155,20220826_070000.WAV,Central Pond
880,14.0,0.41,151,161,131,20,30,0,0.8675496688741722,0.8136645962732919,20220826_070000.WAV,Central Pond
881,14.0,0.42,148,161,129,19,32,0,0.8716216216216216,0.8012422360248447,20220826_070000.WAV,Central Pond
882,14.0,0.43,143,161,124,19,37,0,0.8671328671328671,0.7701863354037267,20220826_070000.WAV,Central Pond
883,14.0,0.44,139,161,121,18,40,0,0.8705035971223022,0.7515527950310559,20220826_070000.WAV,Central Pond
884,14.0,0.45,127,161,118,9,43,0,0.9291338582677166,0.7329192546583851,20220826_070000.WAV,Central Pond
885,14.0,0.46,122,161,116,6,45,0,0.9508196721311475,0.7204968944099379,20220826_070000.WAV,Central Pond
886,14.0,0.47,119,161,113,6,48,0,0.9495798319327731,0.7018633540372671,20220826_070000.WAV,Central Pond
887,14.0,0.48,116,161,112,4,49,0,0.9655172413793104,0.6956521739130435,20220826_070000.WAV,Central Pond
888,14.0,0.49,111,161,108,3,53,0,0.972972972972973,0.6708074534161491,20220826_070000.WAV,Central Pond
889,14.0,0.5,107,161,107,0,54,0,1.0,0.6645962732919255,20220826_070000.WAV,Central Pond
890,14.0,0.51,105,161,105,0,56,0,1.0,0.6521739130434783,20220826_070000.WAV,Central Pond
891,14.0,0.52,100,161,100,0,61,0,1.0,0.6211180124223602,20220826_070000.WAV,Central Pond
892,14.0,0.53,94,161,94,0,67,0,1.0,0.5838509316770186,20220826_070000.WAV,Central Pond
893,14.0,0.54,86,161,86,0,75,0,1.0,0.5341614906832298,20220826_070000.WAV,Central Pond
894,14.0,0.55,80,161,80,0,81,0,1.0,0.4968944099378882,20220826_070000.WAV,Central Pond
895,14.0,0.56,75,161,75,0,86,0,1.0,0.4658385093167702,20220826_070000.WAV,Central Pond
896,14.0,0.57,68,161,68,0,93,0,1.0,0.422360248447205,20220826_070000.WAV,Central Pond
897,14.0,0.58,65,161,65,0,96,0,1.0,0.40372670807453415,20220826_070000.WAV,Central Pond
898,14.0,0.59,56,161,56,0,105,0,1.0,0.34782608695652173,20220826_070000.WAV,Central Pond
899,14.0,0.6,55,161,55,0,106,0,1.0,0.3416149068322981,20220826_070000.WAV,Central Pond
900,15.0,0.01,250,140,138,112,2,0,0.552,0.9857142857142858,20220826_070000.WAV,Central Pond
901,15.0,0.02,250,140,138,112,2,0,0.552,0.9857142857142858,20220826_070000.WAV,Central Pond
902,15.0,0.03,249,140,138,111,2,0,0.5542168674698795,0.9857142857142858,20220826_070000.WAV,Central Pond
903,15.0,0.04,242,140,138,104,2,0,0.5702479338842975,0.9857142857142858,20220826_070000.WAV,Central Pond
904,15.0,0.05,237,140,138,99,2,0,0.5822784810126582,0.9857142857142858,20220826_070000.WAV,Central Pond
905,15.0,0.06,233,140,138,95,2,0,0.592274678111588,0.9857142857142858,20220826_070000.WAV,Central Pond
906,15.0,0.07,225,140,138,87,2,0,0.6133333333333333,0.9857142857142858,20220826_070000.WAV,Central Pond
907,15.0,0.08,218,140,138,80,2,0,0.6330275229357798,0.9857142857142858,20220826_070000.WAV,Central Pond
908,15.0,0.09,209,140,138,71,2,0,0.6602870813397129,0.9857142857142858,20220826_070000.WAV,Central Pond
909,15.0,0.1,199,140,138,61,2,0,0.6934673366834171,0.9857142857142858,20220826_070000.WAV,Central Pond
910,15.0,0.11,193,140,138,55,2,0,0.7150259067357513,0.9857142857142858,20220826_070000.WAV,Central Pond
911,15.0,0.12,190,140,138,52,2,0,0.7263157894736842,0.9857142857142858,20220826_070000.WAV,Central Pond
912,15.0,0.13,185,140,138,47,2,0,0.745945945945946,0.9857142857142858,20220826_070000.WAV,Central Pond
913,15.0,0.14,184,140,138,46,2,0,0.75,0.9857142857142858,20220826_070000.WAV,Central Pond
914,15.0,0.15,183,140,138,45,2,0,0.7540983606557377,0.9857142857142858,20220826_070000.WAV,Central Pond
915,15.0,0.16,182,140,138,44,2,0,0.7582417582417582,0.9857142857142858,20220826_070000.WAV,Central Pond
916,15.0,0.17,180,140,138,42,2,0,0.7666666666666667,0.9857142857142858,20220826_070000.WAV,Central Pond
917,15.0,0.18,179,140,138,41,2,0,0.770949720670391,0.9857142857142858,20220826_070000.WAV,Central Pond
918,15.0,0.19,178,140,138,40,2,0,0.7752808988764045,0.9857142857142858,20220826_070000.WAV,Central Pond
919,15.0,0.2,177,140,138,39,2,0,0.7796610169491526,0.9857142857142858,20220826_070000.WAV,Central Pond
920,15.0,0.21,177,140,138,39,2,0,0.7796610169491526,0.9857142857142858,20220826_070000.WAV,Central Pond
921,15.0,0.22,176,140,138,38,2,0,0.7840909090909091,0.9857142857142858,20220826_070000.WAV,Central Pond
922,15.0,0.23,176,140,138,38,2,0,0.7840909090909091,0.9857142857142858,20220826_070000.WAV,Central Pond
923,15.0,0.24,175,140,137,38,3,0,0.7828571428571428,0.9785714285714285,20220826_070000.WAV,Central Pond
924,15.0,0.25,175,140,137,38,3,0,0.7828571428571428,0.9785714285714285,20220826_070000.WAV,Central Pond
925,15.0,0.26,174,140,137,37,3,0,0.7873563218390804,0.9785714285714285,20220826_070000.WAV,Central Pond
926,15.0,0.27,174,140,137,37,3,0,0.7873563218390804,0.9785714285714285,20220826_070000.WAV,Central Pond
927,15.0,0.28,173,140,136,37,4,0,0.7861271676300579,0.9714285714285714,20220826_070000.WAV,Central Pond
928,15.0,0.29,173,140,136,37,4,0,0.7861271676300579,0.9714285714285714,20220826_070000.WAV,Central Pond
929,15.0,0.3,171,140,134,37,6,0,0.783625730994152,0.9571428571428572,20220826_070000.WAV,Central Pond
930,15.0,0.31,170,140,134,36,6,0,0.788235294117647,0.9571428571428572,20220826_070000.WAV,Central Pond
931,15.0,0.32,168,140,133,35,7,0,0.7916666666666666,0.95,20220826_070000.WAV,Central Pond
932,15.0,0.33,161,140,132,29,8,0,0.8198757763975155,0.9428571428571428,20220826_070000.WAV,Central Pond
933,15.0,0.34,157,140,131,26,9,0,0.8343949044585988,0.9357142857142857,20220826_070000.WAV,Central Pond
934,15.0,0.35,155,140,130,25,10,0,0.8387096774193549,0.9285714285714286,20220826_070000.WAV,Central Pond
935,15.0,0.36,152,140,128,24,12,0,0.8421052631578947,0.9142857142857143,20220826_070000.WAV,Central Pond
936,15.0,0.37,150,140,127,23,13,0,0.8466666666666667,0.9071428571428571,20220826_070000.WAV,Central Pond
937,15.0,0.38,148,140,127,21,13,0,0.8581081081081081,0.9071428571428571,20220826_070000.WAV,Central Pond
938,15.0,0.39,144,140,123,21,17,0,0.8541666666666666,0.8785714285714286,20220826_070000.WAV,Central Pond
939,15.0,0.4,138,140,120,18,20,0,0.8695652173913043,0.8571428571428571,20220826_070000.WAV,Central Pond
940,15.0,0.41,135,140,119,16,21,0,0.8814814814814815,0.85,20220826_070000.WAV,Central Pond
941,15.0,0.42,132,140,117,15,23,0,0.8863636363636364,0.8357142857142857,20220826_070000.WAV,Central Pond
942,15.0,0.43,127,140,112,15,28,0,0.8818897637795275,0.8,20220826_070000.WAV,Central Pond
943,15.0,0.44,123,140,109,14,31,0,0.8861788617886179,0.7785714285714286,20220826_070000.WAV,Central Pond
944,15.0,0.45,113,140,106,7,34,0,0.9380530973451328,0.7571428571428571,20220826_070000.WAV,Central Pond
945,15.0,0.46,109,140,105,4,35,0,0.963302752293578,0.75,20220826_070000.WAV,Central Pond
946,15.0,0.47,106,140,102,4,38,0,0.9622641509433962,0.7285714285714285,20220826_070000.WAV,Central Pond
947,15.0,0.48,103,140,101,2,39,0,0.9805825242718447,0.7214285714285714,20220826_070000.WAV,Central Pond
948,15.0,0.49,99,140,97,2,43,0,0.9797979797979798,0.6928571428571428,20220826_070000.WAV,Central Pond
949,15.0,0.5,96,140,96,0,44,0,1.0,0.6857142857142857,20220826_070000.WAV,Central Pond
950,15.0,0.51,94,140,94,0,46,0,1.0,0.6714285714285714,20220826_070000.WAV,Central Pond
951,15.0,0.52,89,140,89,0,51,0,1.0,0.6357142857142857,20220826_070000.WAV,Central Pond
952,15.0,0.53,84,140,84,0,56,0,1.0,0.6,20220826_070000.WAV,Central Pond
953,15.0,0.54,77,140,77,0,63,0,1.0,0.55,20220826_070000.WAV,Central Pond
954,15.0,0.55,71,140,71,0,69,0,1.0,0.5071428571428571,20220826_070000.WAV,Central Pond
955,15.0,0.56,68,140,68,0,72,0,1.0,0.4857142857142857,20220826_070000.WAV,Central Pond
956,15.0,0.57,62,140,62,0,78,0,1.0,0.44285714285714284,20220826_070000.WAV,Central Pond
957,15.0,0.58,59,140,59,0,81,0,1.0,0.42142857142857143,20220826_070000.WAV,Central Pond
958,15.0,0.59,51,140,51,0,89,0,1.0,0.36428571428571427,20220826_070000.WAV,Central Pond
959,15.0,0.6,50,140,50,0,90,0,1.0,0.35714285714285715,20220826_070000.WAV,Central Pond
960,16.0,0.01,213,129,127,86,2,0,0.596244131455399,0.9844961240310077,20220826_070000.WAV,Central Pond
961,16.0,0.02,213,129,127,86,2,0,0.596244131455399,0.9844961240310077,20220826_070000.WAV,Central Pond
962,16.0,0.03,213,129,127,86,2,0,0.596244131455399,0.9844961240310077,20220826_070000.WAV,Central Pond
963,16.0,0.04,209,129,127,82,2,0,0.6076555023923444,0.9844961240310077,20220826_070000.WAV,Central Pond
964,16.0,0.05,205,129,127,78,2,0,0.6195121951219512,0.9844961240310077,20220826_070000.WAV,Central Pond
965,16.0,0.06,201,129,127,74,2,0,0.6318407960199005,0.9844961240310077,20220826_070000.WAV,Central Pond
966,16.0,0.07,195,129,127,68,2,0,0.6512820512820513,0.9844961240310077,20220826_070000.WAV,Central Pond
967,16.0,0.08,190,129,127,63,2,0,0.6684210526315789,0.9844961240310077,20220826_070000.WAV,Central Pond
968,16.0,0.09,183,129,127,56,2,0,0.6939890710382514,0.9844961240310077,20220826_070000.WAV,Central Pond
969,16.0,0.1,177,129,127,50,2,0,0.7175141242937854,0.9844961240310077,20220826_070000.WAV,Central Pond
970,16.0,0.11,173,129,127,46,2,0,0.7341040462427746,0.9844961240310077,20220826_070000.WAV,Central Pond
971,16.0,0.12,170,129,127,43,2,0,0.7470588235294118,0.9844961240310077,20220826_070000.WAV,Central Pond
972,16.0,0.13,167,129,127,40,2,0,0.7604790419161677,0.9844961240310077,20220826_070000.WAV,Central Pond
973,16.0,0.14,166,129,127,39,2,0,0.7650602409638554,0.9844961240310077,20220826_070000.WAV,Central Pond
974,16.0,0.15,165,129,127,38,2,0,0.7696969696969697,0.9844961240310077,20220826_070000.WAV,Central Pond
975,16.0,0.16,164,129,127,37,2,0,0.774390243902439,0.9844961240310077,20220826_070000.WAV,Central Pond
976,16.0,0.17,162,129,127,35,2,0,0.7839506172839507,0.9844961240310077,20220826_070000.WAV,Central Pond
977,16.0,0.18,161,129,127,34,2,0,0.7888198757763976,0.9844961240310077,20220826_070000.WAV,Central Pond
978,16.0,0.19,160,129,127,33,2,0,0.79375,0.9844961240310077,20220826_070000.WAV,Central Pond
979,16.0,0.2,159,129,127,32,2,0,0.7987421383647799,0.9844961240310077,20220826_070000.WAV,Central Pond
980,16.0,0.21,159,129,127,32,2,0,0.7987421383647799,0.9844961240310077,20220826_070000.WAV,Central Pond
981,16.0,0.22,158,129,127,31,2,0,0.8037974683544303,0.9844961240310077,20220826_070000.WAV,Central Pond
982,16.0,0.23,158,129,127,31,2,0,0.8037974683544303,0.9844961240310077,20220826_070000.WAV,Central Pond
983,16.0,0.24,157,129,126,31,3,0,0.802547770700637,0.9767441860465116,20220826_070000.WAV,Central Pond
984,16.0,0.25,157,129,126,31,3,0,0.802547770700637,0.9767441860465116,20220826_070000.WAV,Central Pond
985,16.0,0.26,156,129,126,30,3,0,0.8076923076923077,0.9767441860465116,20220826_070000.WAV,Central Pond
986,16.0,0.27,156,129,126,30,3,0,0.8076923076923077,0.9767441860465116,20220826_070000.WAV,Central Pond
987,16.0,0.28,155,129,125,30,4,0,0.8064516129032258,0.9689922480620154,20220826_070000.WAV,Central Pond
988,16.0,0.29,155,129,125,30,4,0,0.8064516129032258,0.9689922480620154,20220826_070000.WAV,Central Pond
989,16.0,0.3,153,129,123,30,6,0,0.803921568627451,0.9534883720930233,20220826_070000.WAV,Central Pond
990,16.0,0.31,152,129,123,29,6,0,0.8092105263157895,0.9534883720930233,20220826_070000.WAV,Central Pond
991,16.0,0.32,151,129,122,29,7,0,0.8079470198675497,0.9457364341085271,20220826_070000.WAV,Central Pond
992,16.0,0.33,145,129,121,24,8,0,0.8344827586206897,0.937984496124031,20220826_070000.WAV,Central Pond
993,16.0,0.34,143,129,120,23,9,0,0.8391608391608392,0.9302325581395349,20220826_070000.WAV,Central Pond
994,16.0,0.35,142,129,119,23,10,0,0.8380281690140845,0.9224806201550387,20220826_070000.WAV,Central Pond
995,16.0,0.36,139,129,117,22,12,0,0.841726618705036,0.9069767441860465,20220826_070000.WAV,Central Pond
996,16.0,0.37,137,129,116,21,13,0,0.8467153284671532,0.8992248062015504,20220826_070000.WAV,Central Pond
997,16.0,0.38,135,129,116,19,13,0,0.8592592592592593,0.8992248062015504,20220826_070000.WAV,Central Pond
998,16.0,0.39,131,129,112,19,17,0,0.8549618320610687,0.8682170542635659,20220826_070000.WAV,Central Pond
999,16.0,0.4,126,129,110,16,19,0,0.873015873015873,0.8527131782945736,20220826_070000.WAV,Central Pond
1000,16.0,0.41,124,129,109,15,20,0,0.8790322580645161,0.8449612403100775,20220826_070000.WAV,Central Pond
1001,16.0,0.42,121,129,107,14,22,0,0.8842975206611571,0.8294573643410853,20220826_070000.WAV,Central Pond
1002,16.0,0.43,116,129,105,11,24,0,0.9051724137931034,0.813953488372093,20220826_070000.WAV,Central Pond
1003,16.0,0.44,112,129,102,10,27,0,0.9107142857142857,0.7906976744186046,20220826_070000.WAV,Central Pond
1004,16.0,0.45,104,129,99,5,30,0,0.9519230769230769,0.7674418604651163,20220826_070000.WAV,Central Pond
1005,16.0,0.46,102,129,98,4,31,0,0.9607843137254902,0.7596899224806202,20220826_070000.WAV,Central Pond
1006,16.0,0.47,99,129,96,3,33,0,0.9696969696969697,0.7441860465116279,20220826_070000.WAV,Central Pond
1007,16.0,0.48,97,129,95,2,34,0,0.979381443298969,0.7364341085271318,20220826_070000.WAV,Central Pond
1008,16.0,0.49,93,129,92,1,37,0,0.989247311827957,0.7131782945736435,20220826_070000.WAV,Central Pond
1009,16.0,0.5,91,129,91,0,38,0,1.0,0.7054263565891473,20220826_070000.WAV,Central Pond
1010,16.0,0.51,90,129,90,0,39,0,1.0,0.6976744186046512,20220826_070000.WAV,Central Pond
1011,16.0,0.52,85,129,85,0,44,0,1.0,0.6589147286821705,20220826_070000.WAV,Central Pond
1012,16.0,0.53,80,129,80,0,49,0,1.0,0.6201550387596899,20220826_070000.WAV,Central Pond
1013,16.0,0.54,73,129,73,0,56,0,1.0,0.5658914728682171,20220826_070000.WAV,Central Pond
1014,16.0,0.55,68,129,68,0,61,0,1.0,0.5271317829457365,20220826_070000.WAV,Central Pond
1015,16.0,0.56,65,129,65,0,64,0,1.0,0.5038759689922481,20220826_070000.WAV,Central Pond
1016,16.0,0.57,59,129,59,0,70,0,1.0,0.4573643410852713,20220826_070000.WAV,Central Pond
1017,16.0,0.58,57,129,57,0,72,0,1.0,0.4418604651162791,20220826_070000.WAV,Central Pond
1018,16.0,0.59,49,129,49,0,80,0,1.0,0.3798449612403101,20220826_070000.WAV,Central Pond
1019,16.0,0.6,48,129,48,0,81,0,1.0,0.37209302325581395,20220826_070000.WAV,Central Pond
1020,17.0,0.01,175,109,107,68,2,0,0.6114285714285714,0.981651376146789,20220826_070000.WAV,Central Pond
1021,17.0,0.02,175,109,107,68,2,0,0.6114285714285714,0.981651376146789,20220826_070000.WAV,Central Pond
1022,17.0,0.03,175,109,107,68,2,0,0.6114285714285714,0.981651376146789,20220826_070000.WAV,Central Pond
1023,17.0,0.04,171,109,107,64,2,0,0.6257309941520468,0.981651376146789,20220826_070000.WAV,Central Pond
1024,17.0,0.05,167,109,107,60,2,0,0.6407185628742516,0.981651376146789,20220826_070000.WAV,Central Pond
1025,17.0,0.06,166,109,107,59,2,0,0.6445783132530121,0.981651376146789,20220826_070000.WAV,Central Pond
1026,17.0,0.07,161,109,107,54,2,0,0.6645962732919255,0.981651376146789,20220826_070000.WAV,Central Pond
1027,17.0,0.08,158,109,107,51,2,0,0.6772151898734177,0.981651376146789,20220826_070000.WAV,Central Pond
1028,17.0,0.09,153,109,107,46,2,0,0.6993464052287581,0.981651376146789,20220826_070000.WAV,Central Pond
1029,17.0,0.1,149,109,107,42,2,0,0.7181208053691275,0.981651376146789,20220826_070000.WAV,Central Pond
1030,17.0,0.11,145,109,107,38,2,0,0.7379310344827587,0.981651376146789,20220826_070000.WAV,Central Pond
1031,17.0,0.12,143,109,107,36,2,0,0.7482517482517482,0.981651376146789,20220826_070000.WAV,Central Pond
1032,17.0,0.13,141,109,107,34,2,0,0.7588652482269503,0.981651376146789,20220826_070000.WAV,Central Pond
1033,17.0,0.14,140,109,107,33,2,0,0.7642857142857142,0.981651376146789,20220826_070000.WAV,Central Pond
1034,17.0,0.15,140,109,107,33,2,0,0.7642857142857142,0.981651376146789,20220826_070000.WAV,Central Pond
1035,17.0,0.16,140,109,107,33,2,0,0.7642857142857142,0.981651376146789,20220826_070000.WAV,Central Pond
1036,17.0,0.17,139,109,107,32,2,0,0.7697841726618705,0.981651376146789,20220826_070000.WAV,Central Pond
1037,17.0,0.18,138,109,107,31,2,0,0.7753623188405797,0.981651376146789,20220826_070000.WAV,Central Pond
1038,17.0,0.19,137,109,107,30,2,0,0.781021897810219,0.981651376146789,20220826_070000.WAV,Central Pond
1039,17.0,0.2,137,109,107,30,2,0,0.781021897810219,0.981651376146789,20220826_070000.WAV,Central Pond
1040,17.0,0.21,137,109,107,30,2,0,0.781021897810219,0.981651376146789,20220826_070000.WAV,Central Pond
1041,17.0,0.22,136,109,107,29,2,0,0.7867647058823529,0.981651376146789,20220826_070000.WAV,Central Pond
1042,17.0,0.23,136,109,107,29,2,0,0.7867647058823529,0.981651376146789,20220826_070000.WAV,Central Pond
1043,17.0,0.24,135,109,106,29,3,0,0.7851851851851852,0.9724770642201835,20220826_070000.WAV,Central Pond
1044,17.0,0.25,135,109,106,29,3,0,0.7851851851851852,0.9724770642201835,20220826_070000.WAV,Central Pond
1045,17.0,0.26,134,109,106,28,3,0,0.7910447761194029,0.9724770642201835,20220826_070000.WAV,Central Pond
1046,17.0,0.27,134,109,106,28,3,0,0.7910447761194029,0.9724770642201835,20220826_070000.WAV,Central Pond
1047,17.0,0.28,133,109,105,28,4,0,0.7894736842105263,0.963302752293578,20220826_070000.WAV,Central Pond
1048,17.0,0.29,133,109,105,28,4,0,0.7894736842105263,0.963302752293578,20220826_070000.WAV,Central Pond
1049,17.0,0.3,131,109,103,28,6,0,0.7862595419847328,0.944954128440367,20220826_070000.WAV,Central Pond
1050,17.0,0.31,130,109,103,27,6,0,0.7923076923076923,0.944954128440367,20220826_070000.WAV,Central Pond
1051,17.0,0.32,129,109,102,27,7,0,0.7906976744186046,0.9357798165137615,20220826_070000.WAV,Central Pond
1052,17.0,0.33,124,109,101,23,8,0,0.8145161290322581,0.926605504587156,20220826_070000.WAV,Central Pond
1053,17.0,0.34,122,109,100,22,9,0,0.819672131147541,0.9174311926605505,20220826_070000.WAV,Central Pond
1054,17.0,0.35,121,109,100,21,9,0,0.8264462809917356,0.9174311926605505,20220826_070000.WAV,Central Pond
1055,17.0,0.36,118,109,99,19,10,0,0.8389830508474576,0.908256880733945,20220826_070000.WAV,Central Pond
1056,17.0,0.37,117,109,99,18,10,0,0.8461538461538461,0.908256880733945,20220826_070000.WAV,Central Pond
1057,17.0,0.38,116,109,99,17,10,0,0.853448275862069,0.908256880733945,20220826_070000.WAV,Central Pond
1058,17.0,0.39,112,109,95,17,14,0,0.8482142857142857,0.8715596330275229,20220826_070000.WAV,Central Pond
1059,17.0,0.4,108,109,94,14,15,0,0.8703703703703703,0.8623853211009175,20220826_070000.WAV,Central Pond
1060,17.0,0.41,106,109,93,13,16,0,0.8773584905660378,0.8532110091743119,20220826_070000.WAV,Central Pond
1061,17.0,0.42,104,109,91,13,18,0,0.875,0.8348623853211009,20220826_070000.WAV,Central Pond
1062,17.0,0.43,99,109,89,10,20,0,0.898989898989899,0.8165137614678899,20220826_070000.WAV,Central Pond
1063,17.0,0.44,95,109,86,9,23,0,0.9052631578947369,0.7889908256880734,20220826_070000.WAV,Central Pond
1064,17.0,0.45,90,109,83,7,26,0,0.9222222222222223,0.7614678899082569,20220826_070000.WAV,Central Pond
1065,17.0,0.46,88,109,83,5,26,0,0.9431818181818182,0.7614678899082569,20220826_070000.WAV,Central Pond
1066,17.0,0.47,85,109,82,3,27,0,0.9647058823529412,0.7522935779816514,20220826_070000.WAV,Central Pond
1067,17.0,0.48,83,109,81,2,28,0,0.9759036144578314,0.7431192660550459,20220826_070000.WAV,Central Pond
1068,17.0,0.49,79,109,79,0,30,0,1.0,0.7247706422018348,20220826_070000.WAV,Central Pond
1069,17.0,0.5,78,109,78,0,31,0,1.0,0.7155963302752294,20220826_070000.WAV,Central Pond
1070,17.0,0.51,78,109,78,0,31,0,1.0,0.7155963302752294,20220826_070000.WAV,Central Pond
1071,17.0,0.52,73,109,73,0,36,0,1.0,0.6697247706422018,20220826_070000.WAV,Central Pond
1072,17.0,0.53,69,109,69,0,40,0,1.0,0.6330275229357798,20220826_070000.WAV,Central Pond
1073,17.0,0.54,63,109,63,0,46,0,1.0,0.5779816513761468,20220826_070000.WAV,Central Pond
1074,17.0,0.55,59,109,59,0,50,0,1.0,0.5412844036697247,20220826_070000.WAV,Central Pond
1075,17.0,0.56,56,109,56,0,53,0,1.0,0.5137614678899083,20220826_070000.WAV,Central Pond
1076,17.0,0.57,51,109,51,0,58,0,1.0,0.46788990825688076,20220826_070000.WAV,Central Pond
1077,17.0,0.58,50,109,50,0,59,0,1.0,0.45871559633027525,20220826_070000.WAV,Central Pond
1078,17.0,0.59,43,109,43,0,66,0,1.0,0.3944954128440367,20220826_070000.WAV,Central Pond
1079,17.0,0.6,42,109,42,0,67,0,1.0,0.3853211009174312,20220826_070000.WAV,Central Pond
1080,18.0,0.01,140,92,91,49,1,0,0.65,0.9891304347826086,20220826_070000.WAV,Central Pond
1081,18.0,0.02,140,92,91,49,1,0,0.65,0.9891304347826086,20220826_070000.WAV,Central Pond
1082,18.0,0.03,140,92,91,49,1,0,0.65,0.9891304347826086,20220826_070000.WAV,Central Pond
1083,18.0,0.04,137,92,91,46,1,0,0.6642335766423357,0.9891304347826086,20220826_070000.WAV,Central Pond
1084,18.0,0.05,134,92,91,43,1,0,0.6791044776119403,0.9891304347826086,20220826_070000.WAV,Central Pond
1085,18.0,0.06,133,92,91,42,1,0,0.6842105263157895,0.9891304347826086,20220826_070000.WAV,Central Pond
1086,18.0,0.07,130,92,91,39,1,0,0.7,0.9891304347826086,20220826_070000.WAV,Central Pond
1087,18.0,0.08,128,92,91,37,1,0,0.7109375,0.9891304347826086,20220826_070000.WAV,Central Pond
1088,18.0,0.09,126,92,91,35,1,0,0.7222222222222222,0.9891304347826086,20220826_070000.WAV,Central Pond
1089,18.0,0.1,123,92,91,32,1,0,0.7398373983739838,0.9891304347826086,20220826_070000.WAV,Central Pond
1090,18.0,0.11,120,92,91,29,1,0,0.7583333333333333,0.9891304347826086,20220826_070000.WAV,Central Pond
1091,18.0,0.12,119,92,91,28,1,0,0.7647058823529411,0.9891304347826086,20220826_070000.WAV,Central Pond
1092,18.0,0.13,118,92,91,27,1,0,0.7711864406779662,0.9891304347826086,20220826_070000.WAV,Central Pond
1093,18.0,0.14,117,92,91,26,1,0,0.7777777777777778,0.9891304347826086,20220826_070000.WAV,Central Pond
1094,18.0,0.15,117,92,91,26,1,0,0.7777777777777778,0.9891304347826086,20220826_070000.WAV,Central Pond
1095,18.0,0.16,117,92,91,26,1,0,0.7777777777777778,0.9891304347826086,20220826_070000.WAV,Central Pond
1096,18.0,0.17,117,92,91,26,1,0,0.7777777777777778,0.9891304347826086,20220826_070000.WAV,Central Pond
1097,18.0,0.18,116,92,91,25,1,0,0.7844827586206896,0.9891304347826086,20220826_070000.WAV,Central Pond
1098,18.0,0.19,115,92,91,24,1,0,0.7913043478260869,0.9891304347826086,20220826_070000.WAV,Central Pond
1099,18.0,0.2,115,92,91,24,1,0,0.7913043478260869,0.9891304347826086,20220826_070000.WAV,Central Pond
1100,18.0,0.21,115,92,91,24,1,0,0.7913043478260869,0.9891304347826086,20220826_070000.WAV,Central Pond
1101,18.0,0.22,115,92,91,24,1,0,0.7913043478260869,0.9891304347826086,20220826_070000.WAV,Central Pond
1102,18.0,0.23,115,92,91,24,1,0,0.7913043478260869,0.9891304347826086,20220826_070000.WAV,Central Pond
1103,18.0,0.24,114,92,90,24,2,0,0.7894736842105263,0.9782608695652174,20220826_070000.WAV,Central Pond
1104,18.0,0.25,114,92,90,24,2,0,0.7894736842105263,0.9782608695652174,20220826_070000.WAV,Central Pond
1105,18.0,0.26,113,92,90,23,2,0,0.7964601769911505,0.9782608695652174,20220826_070000.WAV,Central Pond
1106,18.0,0.27,113,92,90,23,2,0,0.7964601769911505,0.9782608695652174,20220826_070000.WAV,Central Pond
1107,18.0,0.28,112,92,90,22,2,0,0.8035714285714286,0.9782608695652174,20220826_070000.WAV,Central Pond
1108,18.0,0.29,112,92,90,22,2,0,0.8035714285714286,0.9782608695652174,20220826_070000.WAV,Central Pond
1109,18.0,0.3,110,92,88,22,4,0,0.8,0.9565217391304348,20220826_070000.WAV,Central Pond
1110,18.0,0.31,109,92,88,21,4,0,0.8073394495412844,0.9565217391304348,20220826_070000.WAV,Central Pond
1111,18.0,0.32,108,92,87,21,5,0,0.8055555555555556,0.9456521739130435,20220826_070000.WAV,Central Pond
1112,18.0,0.33,104,92,86,18,6,0,0.8269230769230769,0.9347826086956522,20220826_070000.WAV,Central Pond
1113,18.0,0.34,102,92,85,17,7,0,0.8333333333333334,0.9239130434782609,20220826_070000.WAV,Central Pond
1114,18.0,0.35,102,92,85,17,7,0,0.8333333333333334,0.9239130434782609,20220826_070000.WAV,Central Pond
1115,18.0,0.36,100,92,84,16,8,0,0.84,0.9130434782608695,20220826_070000.WAV,Central Pond
1116,18.0,0.37,99,92,84,15,8,0,0.8484848484848485,0.9130434782608695,20220826_070000.WAV,Central Pond
1117,18.0,0.38,98,92,84,14,8,0,0.8571428571428571,0.9130434782608695,20220826_070000.WAV,Central Pond
1118,18.0,0.39,94,92,82,12,10,0,0.8723404255319149,0.8913043478260869,20220826_070000.WAV,Central Pond
1119,18.0,0.4,91,92,82,9,10,0,0.9010989010989011,0.8913043478260869,20220826_070000.WAV,Central Pond
1120,18.0,0.41,89,92,81,8,11,0,0.9101123595505618,0.8804347826086957,20220826_070000.WAV,Central Pond
1121,18.0,0.42,87,92,79,8,13,0,0.9080459770114943,0.8586956521739131,20220826_070000.WAV,Central Pond
1122,18.0,0.43,83,92,77,6,15,0,0.927710843373494,0.8369565217391305,20220826_070000.WAV,Central Pond
1123,18.0,0.44,79,92,74,5,18,0,0.9367088607594937,0.8043478260869565,20220826_070000.WAV,Central Pond
1124,18.0,0.45,76,92,72,4,20,0,0.9473684210526315,0.782608695652174,20220826_070000.WAV,Central Pond
1125,18.0,0.46,75,92,72,3,20,0,0.96,0.782608695652174,20220826_070000.WAV,Central Pond
1126,18.0,0.47,72,92,71,1,21,0,0.9861111111111112,0.7717391304347826,20220826_070000.WAV,Central Pond
1127,18.0,0.48,71,92,70,1,22,0,0.9859154929577465,0.7608695652173914,20220826_070000.WAV,Central Pond
1128,18.0,0.49,68,92,68,0,24,0,1.0,0.7391304347826086,20220826_070000.WAV,Central Pond
1129,18.0,0.5,67,92,67,0,25,0,1.0,0.7282608695652174,20220826_070000.WAV,Central Pond
1130,18.0,0.51,67,92,67,0,25,0,1.0,0.7282608695652174,20220826_070000.WAV,Central Pond
1131,18.0,0.52,63,92,63,0,29,0,1.0,0.6847826086956522,20220826_070000.WAV,Central Pond
1132,18.0,0.53,61,92,61,0,31,0,1.0,0.6630434782608695,20220826_070000.WAV,Central Pond
1133,18.0,0.54,57,92,57,0,35,0,1.0,0.6195652173913043,20220826_070000.WAV,Central Pond
1134,18.0,0.55,53,92,53,0,39,0,1.0,0.5760869565217391,20220826_070000.WAV,Central Pond
1135,18.0,0.56,51,92,51,0,41,0,1.0,0.5543478260869565,20220826_070000.WAV,Central Pond
1136,18.0,0.57,47,92,47,0,45,0,1.0,0.5108695652173914,20220826_070000.WAV,Central Pond
1137,18.0,0.58,46,92,46,0,46,0,1.0,0.5,20220826_070000.WAV,Central Pond
1138,18.0,0.59,40,92,40,0,52,0,1.0,0.43478260869565216,20220826_070000.WAV,Central Pond
1139,18.0,0.6,39,92,39,0,53,0,1.0,0.42391304347826086,20220826_070000.WAV,Central Pond
1140,19.0,0.01,113,76,76,37,0,0,0.672566371681416,1.0,20220826_070000.WAV,Central Pond
1141,19.0,0.02,113,76,76,37,0,0,0.672566371681416,1.0,20220826_070000.WAV,Central Pond
1142,19.0,0.03,113,76,76,37,0,0,0.672566371681416,1.0,20220826_070000.WAV,Central Pond
1143,19.0,0.04,110,76,76,34,0,0,0.6909090909090909,1.0,20220826_070000.WAV,Central Pond
1144,19.0,0.05,108,76,76,32,0,0,0.7037037037037037,1.0,20220826_070000.WAV,Central Pond
1145,19.0,0.06,107,76,76,31,0,0,0.7102803738317757,1.0,20220826_070000.WAV,Central Pond
1146,19.0,0.07,105,76,76,29,0,0,0.7238095238095238,1.0,20220826_070000.WAV,Central Pond
1147,19.0,0.08,104,76,76,28,0,0,0.7307692307692307,1.0,20220826_070000.WAV,Central Pond
1148,19.0,0.09,102,76,76,26,0,0,0.7450980392156863,1.0,20220826_070000.WAV,Central Pond
1149,19.0,0.1,101,76,76,25,0,0,0.7524752475247525,1.0,20220826_070000.WAV,Central Pond
1150,19.0,0.11,98,76,76,22,0,0,0.7755102040816326,1.0,20220826_070000.WAV,Central Pond
1151,19.0,0.12,98,76,76,22,0,0,0.7755102040816326,1.0,20220826_070000.WAV,Central Pond
1152,19.0,0.13,98,76,76,22,0,0,0.7755102040816326,1.0,20220826_070000.WAV,Central Pond
1153,19.0,0.14,97,76,76,21,0,0,0.7835051546391752,1.0,20220826_070000.WAV,Central Pond
1154,19.0,0.15,97,76,76,21,0,0,0.7835051546391752,1.0,20220826_070000.WAV,Central Pond
1155,19.0,0.16,97,76,76,21,0,0,0.7835051546391752,1.0,20220826_070000.WAV,Central Pond
1156,19.0,0.17,97,76,76,21,0,0,0.7835051546391752,1.0,20220826_070000.WAV,Central Pond
1157,19.0,0.18,97,76,76,21,0,0,0.7835051546391752,1.0,20220826_070000.WAV,Central Pond
1158,19.0,0.19,96,76,76,20,0,0,0.7916666666666666,1.0,20220826_070000.WAV,Central Pond
1159,19.0,0.2,96,76,76,20,0,0,0.7916666666666666,1.0,20220826_070000.WAV,Central Pond
1160,19.0,0.21,96,76,76,20,0,0,0.7916666666666666,1.0,20220826_070000.WAV,Central Pond
1161,19.0,0.22,96,76,76,20,0,0,0.7916666666666666,1.0,20220826_070000.WAV,Central Pond
1162,19.0,0.23,96,76,76,20,0,0,0.7916666666666666,1.0,20220826_070000.WAV,Central Pond
1163,19.0,0.24,95,76,76,19,0,0,0.8,1.0,20220826_070000.WAV,Central Pond
1164,19.0,0.25,95,76,76,19,0,0,0.8,1.0,20220826_070000.WAV,Central Pond
1165,19.0,0.26,95,76,76,19,0,0,0.8,1.0,20220826_070000.WAV,Central Pond
1166,19.0,0.27,95,76,76,19,0,0,0.8,1.0,20220826_070000.WAV,Central Pond
1167,19.0,0.28,94,76,76,18,0,0,0.8085106382978723,1.0,20220826_070000.WAV,Central Pond
1168,19.0,0.29,94,76,76,18,0,0,0.8085106382978723,1.0,20220826_070000.WAV,Central Pond
1169,19.0,0.3,92,76,74,18,2,0,0.8043478260869565,0.9736842105263158,20220826_070000.WAV,Central Pond
1170,19.0,0.31,91,76,74,17,2,0,0.8131868131868132,0.9736842105263158,20220826_070000.WAV,Central Pond
1171,19.0,0.32,90,76,73,17,3,0,0.8111111111111111,0.9605263157894737,20220826_070000.WAV,Central Pond
1172,19.0,0.33,88,76,73,15,3,0,0.8295454545454546,0.9605263157894737,20220826_070000.WAV,Central Pond
1173,19.0,0.34,87,76,72,15,4,0,0.8275862068965517,0.9473684210526315,20220826_070000.WAV,Central Pond
1174,19.0,0.35,87,76,72,15,4,0,0.8275862068965517,0.9473684210526315,20220826_070000.WAV,Central Pond
1175,19.0,0.36,85,76,71,14,5,0,0.8352941176470589,0.9342105263157895,20220826_070000.WAV,Central Pond
1176,19.0,0.37,84,76,71,13,5,0,0.8452380952380952,0.9342105263157895,20220826_070000.WAV,Central Pond
1177,19.0,0.38,84,76,71,13,5,0,0.8452380952380952,0.9342105263157895,20220826_070000.WAV,Central Pond
1178,19.0,0.39,81,76,69,12,7,0,0.8518518518518519,0.9078947368421053,20220826_070000.WAV,Central Pond
1179,19.0,0.4,79,76,69,10,7,0,0.8734177215189873,0.9078947368421053,20220826_070000.WAV,Central Pond
1180,19.0,0.41,78,76,69,9,7,0,0.8846153846153846,0.9078947368421053,20220826_070000.WAV,Central Pond
1181,19.0,0.42,76,76,68,8,8,0,0.8947368421052632,0.8947368421052632,20220826_070000.WAV,Central Pond
1182,19.0,0.43,72,76,67,5,9,0,0.9305555555555556,0.881578947368421,20220826_070000.WAV,Central Pond
1183,19.0,0.44,69,76,65,4,11,0,0.9420289855072463,0.8552631578947368,20220826_070000.WAV,Central Pond
1184,19.0,0.45,66,76,63,3,13,0,0.9545454545454546,0.8289473684210527,20220826_070000.WAV,Central Pond
1185,19.0,0.46,66,76,63,3,13,0,0.9545454545454546,0.8289473684210527,20220826_070000.WAV,Central Pond
1186,19.0,0.47,64,76,62,2,14,0,0.96875,0.8157894736842105,20220826_070000.WAV,Central Pond
1187,19.0,0.48,63,76,61,2,15,0,0.9682539682539683,0.8026315789473685,20220826_070000.WAV,Central Pond
1188,19.0,0.49,60,76,59,1,17,0,0.9833333333333333,0.7763157894736842,20220826_070000.WAV,Central Pond
1189,19.0,0.5,59,76,59,0,17,0,1.0,0.7763157894736842,20220826_070000.WAV,Central Pond
1190,19.0,0.51,59,76,59,0,17,0,1.0,0.7763157894736842,20220826_070000.WAV,Central Pond
1191,19.0,0.52,55,76,55,0,21,0,1.0,0.7236842105263158,20220826_070000.WAV,Central Pond
1192,19.0,0.53,53,76,53,0,23,0,1.0,0.6973684210526315,20220826_070000.WAV,Central Pond
1193,19.0,0.54,51,76,51,0,25,0,1.0,0.6710526315789473,20220826_070000.WAV,Central Pond
1194,19.0,0.55,48,76,48,0,28,0,1.0,0.631578947368421,20220826_070000.WAV,Central Pond
1195,19.0,0.56,47,76,47,0,29,0,1.0,0.618421052631579,20220826_070000.WAV,Central Pond
1196,19.0,0.57,44,76,44,0,32,0,1.0,0.5789473684210527,20220826_070000.WAV,Central Pond
1197,19.0,0.58,43,76,43,0,33,0,1.0,0.5657894736842105,20220826_070000.WAV,Central Pond
1198,19.0,0.59,37,76,37,0,39,0,1.0,0.4868421052631579,20220826_070000.WAV,Central Pond
1199,19.0,0.6,37,76,37,0,39,0,1.0,0.4868421052631579,20220826_070000.WAV,Central Pond
0,0.0,0.01,33864,44,42,33822,2,0,0.0012402551381998582,0.9545454545454546,20220727_083000.WAV,Foliage
1,0.0,0.02,33863,44,42,33821,2,0,0.0012402917638720727,0.9545454545454546,20220727_083000.WAV,Foliage
2,0.0,0.03,22595,44,42,22553,2,0,0.0018588183226377517,0.9545454545454546,20220727_083000.WAV,Foliage
3,0.0,0.04,8123,44,41,8082,3,0,0.005047396282161763,0.9318181818181818,20220727_083000.WAV,Foliage
4,0.0,0.05,3089,44,40,3049,4,0,0.012949174490126255,0.9090909090909091,20220727_083000.WAV,Foliage
5,0.0,0.06,1442,44,40,1402,4,0,0.027739251040221916,0.9090909090909091,20220727_083000.WAV,Foliage
6,0.0,0.07,871,44,40,831,4,0,0.045924225028702644,0.9090909090909091,20220727_083000.WAV,Foliage
7,0.0,0.08,594,44,39,555,5,0,0.06565656565656566,0.8863636363636364,20220727_083000.WAV,Foliage
8,0.0,0.09,448,44,39,409,5,0,0.08705357142857142,0.8863636363636364,20220727_083000.WAV,Foliage
9,0.0,0.1,336,44,39,297,5,0,0.11607142857142858,0.8863636363636364,20220727_083000.WAV,Foliage
10,0.0,0.11,273,44,39,234,5,0,0.14285714285714285,0.8863636363636364,20220727_083000.WAV,Foliage
11,0.0,0.12,232,44,38,194,6,0,0.16379310344827586,0.8636363636363636,20220727_083000.WAV,Foliage
12,0.0,0.13,210,44,38,172,6,0,0.18095238095238095,0.8636363636363636,20220727_083000.WAV,Foliage
13,0.0,0.14,191,44,37,154,7,0,0.193717277486911,0.8409090909090909,20220727_083000.WAV,Foliage
14,0.0,0.15,176,44,37,139,7,0,0.21022727272727273,0.8409090909090909,20220727_083000.WAV,Foliage
15,0.0,0.16,154,44,37,117,7,0,0.24025974025974026,0.8409090909090909,20220727_083000.WAV,Foliage
16,0.0,0.17,139,44,36,103,8,0,0.2589928057553957,0.8181818181818182,20220727_083000.WAV,Foliage
17,0.0,0.18,128,44,36,92,8,0,0.28125,0.8181818181818182,20220727_083000.WAV,Foliage
18,0.0,0.19,116,44,36,80,8,0,0.3103448275862069,0.8181818181818182,20220727_083000.WAV,Foliage
19,0.0,0.2,109,44,36,73,8,0,0.3302752293577982,0.8181818181818182,20220727_083000.WAV,Foliage
20,0.0,0.21,102,44,35,67,9,0,0.3431372549019608,0.7954545454545454,20220727_083000.WAV,Foliage
21,0.0,0.22,97,44,35,62,9,0,0.36082474226804123,0.7954545454545454,20220727_083000.WAV,Foliage
22,0.0,0.23,94,44,35,59,9,0,0.3723404255319149,0.7954545454545454,20220727_083000.WAV,Foliage
23,0.0,0.24,89,44,35,54,9,0,0.39325842696629215,0.7954545454545454,20220727_083000.WAV,Foliage
24,0.0,0.25,85,44,34,51,10,0,0.4,0.7727272727272727,20220727_083000.WAV,Foliage
25,0.0,0.26,81,44,33,48,11,0,0.4074074074074074,0.75,20220727_083000.WAV,Foliage
26,0.0,0.27,78,44,33,45,11,0,0.4230769230769231,0.75,20220727_083000.WAV,Foliage
27,0.0,0.28,75,44,33,42,11,0,0.44,0.75,20220727_083000.WAV,Foliage
28,0.0,0.29,73,44,33,40,11,0,0.4520547945205479,0.75,20220727_083000.WAV,Foliage
29,0.0,0.3,72,44,33,39,11,0,0.4583333333333333,0.75,20220727_083000.WAV,Foliage
30,0.0,0.31,69,44,31,38,13,0,0.4492753623188406,0.7045454545454546,20220727_083000.WAV,Foliage
31,0.0,0.32,66,44,30,36,14,0,0.45454545454545453,0.6818181818181818,20220727_083000.WAV,Foliage
32,0.0,0.33,61,44,29,32,15,0,0.47540983606557374,0.6590909090909091,20220727_083000.WAV,Foliage
33,0.0,0.34,60,44,28,32,16,0,0.4666666666666667,0.6363636363636364,20220727_083000.WAV,Foliage
34,0.0,0.35,56,44,27,29,17,0,0.48214285714285715,0.6136363636363636,20220727_083000.WAV,Foliage
35,0.0,0.36,53,44,25,28,19,0,0.4716981132075472,0.5681818181818182,20220727_083000.WAV,Foliage
36,0.0,0.37,50,44,25,25,19,0,0.5,0.5681818181818182,20220727_083000.WAV,Foliage
37,0.0,0.38,49,44,24,25,20,0,0.4897959183673469,0.5454545454545454,20220727_083000.WAV,Foliage
38,0.0,0.39,47,44,24,23,20,0,0.5106382978723404,0.5454545454545454,20220727_083000.WAV,Foliage
39,0.0,0.4,44,44,24,20,20,0,0.5454545454545454,0.5454545454545454,20220727_083000.WAV,Foliage
40,0.0,0.41,42,44,24,18,20,0,0.5714285714285714,0.5454545454545454,20220727_083000.WAV,Foliage
41,0.0,0.42,38,44,24,14,20,0,0.631578947368421,0.5454545454545454,20220727_083000.WAV,Foliage
42,0.0,0.43,36,44,23,13,21,0,0.6388888888888888,0.5227272727272727,20220727_083000.WAV,Foliage
43,0.0,0.44,34,44,23,11,21,0,0.6764705882352942,0.5227272727272727,20220727_083000.WAV,Foliage
44,0.0,0.45,32,44,22,10,22,0,0.6875,0.5,20220727_083000.WAV,Foliage
45,0.0,0.46,30,44,21,9,23,0,0.7,0.4772727272727273,20220727_083000.WAV,Foliage
46,0.0,0.47,29,44,20,9,24,0,0.6896551724137931,0.45454545454545453,20220727_083000.WAV,Foliage
47,0.0,0.48,26,44,19,7,25,0,0.7307692307692307,0.4318181818181818,20220727_083000.WAV,Foliage
48,0.0,0.49,24,44,18,6,26,0,0.75,0.4090909090909091,20220727_083000.WAV,Foliage
49,0.0,0.5,22,44,17,5,27,0,0.7727272727272727,0.38636363636363635,20220727_083000.WAV,Foliage
50,0.0,0.51,20,44,15,5,29,0,0.75,0.3409090909090909,20220727_083000.WAV,Foliage
51,0.0,0.52,18,44,14,4,30,0,0.7777777777777778,0.3181818181818182,20220727_083000.WAV,Foliage
52,0.0,0.53,15,44,13,2,31,0,0.8666666666666667,0.29545454545454547,20220727_083000.WAV,Foliage
53,0.0,0.54,15,44,13,2,31,0,0.8666666666666667,0.29545454545454547,20220727_083000.WAV,Foliage
54,0.0,0.55,13,44,12,1,32,0,0.9230769230769231,0.2727272727272727,20220727_083000.WAV,Foliage
55,0.0,0.56,12,44,11,1,33,0,0.9166666666666666,0.25,20220727_083000.WAV,Foliage
56,0.0,0.57,11,44,10,1,34,0,0.9090909090909091,0.22727272727272727,20220727_083000.WAV,Foliage
57,0.0,0.58,10,44,9,1,35,0,0.9,0.20454545454545456,20220727_083000.WAV,Foliage
58,0.0,0.59,9,44,9,0,35,0,1.0,0.20454545454545456,20220727_083000.WAV,Foliage
59,0.0,0.6,8,44,8,0,36,0,1.0,0.18181818181818182,20220727_083000.WAV,Foliage
60,1.0,0.01,9171,44,41,9130,3,0,0.004470613891614873,0.9318181818181818,20220727_083000.WAV,Foliage
61,1.0,0.02,9170,44,41,9129,3,0,0.004471101417666303,0.9318181818181818,20220727_083000.WAV,Foliage
62,1.0,0.03,6092,44,41,6051,3,0,0.006730137885751806,0.9318181818181818,20220727_083000.WAV,Foliage
63,1.0,0.04,2690,44,41,2649,3,0,0.015241635687732341,0.9318181818181818,20220727_083000.WAV,Foliage
64,1.0,0.05,1317,44,40,1277,4,0,0.030372057706909643,0.9090909090909091,20220727_083000.WAV,Foliage
65,1.0,0.06,734,44,40,694,4,0,0.05449591280653951,0.9090909090909091,20220727_083000.WAV,Foliage
66,1.0,0.07,500,44,40,460,4,0,0.08,0.9090909090909091,20220727_083000.WAV,Foliage
67,1.0,0.08,368,44,39,329,5,0,0.10597826086956522,0.8863636363636364,20220727_083000.WAV,Foliage
68,1.0,0.09,291,44,39,252,5,0,0.13402061855670103,0.8863636363636364,20220727_083000.WAV,Foliage
69,1.0,0.1,242,44,39,203,5,0,0.16115702479338842,0.8863636363636364,20220727_083000.WAV,Foliage
70,1.0,0.11,203,44,39,164,5,0,0.1921182266009852,0.8863636363636364,20220727_083000.WAV,Foliage
71,1.0,0.12,172,44,38,134,6,0,0.22093023255813954,0.8636363636363636,20220727_083000.WAV,Foliage
72,1.0,0.13,161,44,38,123,6,0,0.2360248447204969,0.8636363636363636,20220727_083000.WAV,Foliage
73,1.0,0.14,151,44,37,114,7,0,0.24503311258278146,0.8409090909090909,20220727_083000.WAV,Foliage
74,1.0,0.15,140,44,37,103,7,0,0.2642857142857143,0.8409090909090909,20220727_083000.WAV,Foliage
75,1.0,0.16,128,44,37,91,7,0,0.2890625,0.8409090909090909,20220727_083000.WAV,Foliage
76,1.0,0.17,117,44,36,81,8,0,0.3076923076923077,0.8181818181818182,20220727_083000.WAV,Foliage
77,1.0,0.18,111,44,36,75,8,0,0.32432432432432434,0.8181818181818182,20220727_083000.WAV,Foliage
78,1.0,0.19,104,44,36,68,8,0,0.34615384615384615,0.8181818181818182,20220727_083000.WAV,Foliage
79,1.0,0.2,99,44,36,63,8,0,0.36363636363636365,0.8181818181818182,20220727_083000.WAV,Foliage
80,1.0,0.21,96,44,35,61,9,0,0.3645833333333333,0.7954545454545454,20220727_083000.WAV,Foliage
81,1.0,0.22,91,44,35,56,9,0,0.38461538461538464,0.7954545454545454,20220727_083000.WAV,Foliage
82,1.0,0.23,88,44,35,53,9,0,0.3977272727272727,0.7954545454545454,20220727_083000.WAV,Foliage
83,1.0,0.24,85,44,35,50,9,0,0.4117647058823529,0.7954545454545454,20220727_083000.WAV,Foliage
84,1.0,0.25,82,44,34,48,10,0,0.4146341463414634,0.7727272727272727,20220727_083000.WAV,Foliage
85,1.0,0.26,78,44,33,45,11,0,0.4230769230769231,0.75,20220727_083000.WAV,Foliage
86,1.0,0.27,77,44,33,44,11,0,0.42857142857142855,0.75,20220727_083000.WAV,Foliage
87,1.0,0.28,74,44,33,41,11,0,0.44594594594594594,0.75,20220727_083000.WAV,Foliage
88,1.0,0.29,72,44,33,39,11,0,0.4583333333333333,0.75,20220727_083000.WAV,Foliage
89,1.0,0.3,71,44,33,38,11,0,0.4647887323943662,0.75,20220727_083000.WAV,Foliage
90,1.0,0.31,68,44,31,37,13,0,0.45588235294117646,0.7045454545454546,20220727_083000.WAV,Foliage
91,1.0,0.32,66,44,30,36,14,0,0.45454545454545453,0.6818181818181818,20220727_083000.WAV,Foliage
92,1.0,0.33,61,44,29,32,15,0,0.47540983606557374,0.6590909090909091,20220727_083000.WAV,Foliage
93,1.0,0.34,60,44,28,32,16,0,0.4666666666666667,0.6363636363636364,20220727_083000.WAV,Foliage
94,1.0,0.35,56,44,27,29,17,0,0.48214285714285715,0.6136363636363636,20220727_083000.WAV,Foliage
95,1.0,0.36,53,44,25,28,19,0,0.4716981132075472,0.5681818181818182,20220727_083000.WAV,Foliage
96,1.0,0.37,50,44,25,25,19,0,0.5,0.5681818181818182,20220727_083000.WAV,Foliage
97,1.0,0.38,49,44,24,25,20,0,0.4897959183673469,0.5454545454545454,20220727_083000.WAV,Foliage
98,1.0,0.39,47,44,24,23,20,0,0.5106382978723404,0.5454545454545454,20220727_083000.WAV,Foliage
99,1.0,0.4,44,44,24,20,20,0,0.5454545454545454,0.5454545454545454,20220727_083000.WAV,Foliage
100,1.0,0.41,42,44,24,18,20,0,0.5714285714285714,0.5454545454545454,20220727_083000.WAV,Foliage
101,1.0,0.42,38,44,24,14,20,0,0.631578947368421,0.5454545454545454,20220727_083000.WAV,Foliage
102,1.0,0.43,36,44,23,13,21,0,0.6388888888888888,0.5227272727272727,20220727_083000.WAV,Foliage
103,1.0,0.44,34,44,23,11,21,0,0.6764705882352942,0.5227272727272727,20220727_083000.WAV,Foliage
104,1.0,0.45,32,44,22,10,22,0,0.6875,0.5,20220727_083000.WAV,Foliage
105,1.0,0.46,30,44,21,9,23,0,0.7,0.4772727272727273,20220727_083000.WAV,Foliage
106,1.0,0.47,29,44,20,9,24,0,0.6896551724137931,0.45454545454545453,20220727_083000.WAV,Foliage
107,1.0,0.48,26,44,19,7,25,0,0.7307692307692307,0.4318181818181818,20220727_083000.WAV,Foliage
108,1.0,0.49,24,44,18,6,26,0,0.75,0.4090909090909091,20220727_083000.WAV,Foliage
109,1.0,0.5,22,44,17,5,27,0,0.7727272727272727,0.38636363636363635,20220727_083000.WAV,Foliage
110,1.0,0.51,20,44,15,5,29,0,0.75,0.3409090909090909,20220727_083000.WAV,Foliage
111,1.0,0.52,18,44,14,4,30,0,0.7777777777777778,0.3181818181818182,20220727_083000.WAV,Foliage
112,1.0,0.53,15,44,13,2,31,0,0.8666666666666667,0.29545454545454547,20220727_083000.WAV,Foliage
113,1.0,0.54,15,44,13,2,31,0,0.8666666666666667,0.29545454545454547,20220727_083000.WAV,Foliage
114,1.0,0.55,13,44,12,1,32,0,0.9230769230769231,0.2727272727272727,20220727_083000.WAV,Foliage
115,1.0,0.56,12,44,11,1,33,0,0.9166666666666666,0.25,20220727_083000.WAV,Foliage
116,1.0,0.57,11,44,10,1,34,0,0.9090909090909091,0.22727272727272727,20220727_083000.WAV,Foliage
117,1.0,0.58,10,44,9,1,35,0,0.9,0.20454545454545456,20220727_083000.WAV,Foliage
118,1.0,0.59,9,44,9,0,35,0,1.0,0.20454545454545456,20220727_083000.WAV,Foliage
119,1.0,0.6,8,44,8,0,36,0,1.0,0.18181818181818182,20220727_083000.WAV,Foliage
120,2.0,0.01,1811,44,41,1770,3,0,0.02263942573163998,0.9318181818181818,20220727_083000.WAV,Foliage
121,2.0,0.02,1811,44,41,1770,3,0,0.02263942573163998,0.9318181818181818,20220727_083000.WAV,Foliage
122,2.0,0.03,1264,44,41,1223,3,0,0.03243670886075949,0.9318181818181818,20220727_083000.WAV,Foliage
123,2.0,0.04,638,44,41,597,3,0,0.06426332288401254,0.9318181818181818,20220727_083000.WAV,Foliage
124,2.0,0.05,384,44,40,344,4,0,0.10416666666666667,0.9090909090909091,20220727_083000.WAV,Foliage
125,2.0,0.06,245,44,40,205,4,0,0.16326530612244897,0.9090909090909091,20220727_083000.WAV,Foliage
126,2.0,0.07,192,44,40,152,4,0,0.20833333333333334,0.9090909090909091,20220727_083000.WAV,Foliage
127,2.0,0.08,159,44,39,120,5,0,0.24528301886792453,0.8863636363636364,20220727_083000.WAV,Foliage
128,2.0,0.09,136,44,39,97,5,0,0.2867647058823529,0.8863636363636364,20220727_083000.WAV,Foliage
129,2.0,0.1,128,44,39,89,5,0,0.3046875,0.8863636363636364,20220727_083000.WAV,Foliage
130,2.0,0.11,114,44,39,75,5,0,0.34210526315789475,0.8863636363636364,20220727_083000.WAV,Foliage
131,2.0,0.12,105,44,38,67,6,0,0.3619047619047619,0.8636363636363636,20220727_083000.WAV,Foliage
132,2.0,0.13,102,44,38,64,6,0,0.37254901960784315,0.8636363636363636,20220727_083000.WAV,Foliage
133,2.0,0.14,99,44,37,62,7,0,0.37373737373737376,0.8409090909090909,20220727_083000.WAV,Foliage
134,2.0,0.15,97,44,37,60,7,0,0.38144329896907214,0.8409090909090909,20220727_083000.WAV,Foliage
135,2.0,0.16,95,44,37,58,7,0,0.3894736842105263,0.8409090909090909,20220727_083000.WAV,Foliage
136,2.0,0.17,87,44,36,51,8,0,0.41379310344827586,0.8181818181818182,20220727_083000.WAV,Foliage
137,2.0,0.18,86,44,36,50,8,0,0.4186046511627907,0.8181818181818182,20220727_083000.WAV,Foliage
138,2.0,0.19,82,44,36,46,8,0,0.43902439024390244,0.8181818181818182,20220727_083000.WAV,Foliage
139,2.0,0.2,80,44,36,44,8,0,0.45,0.8181818181818182,20220727_083000.WAV,Foliage
140,2.0,0.21,78,44,35,43,9,0,0.44871794871794873,0.7954545454545454,20220727_083000.WAV,Foliage
141,2.0,0.22,76,44,35,41,9,0,0.4605263157894737,0.7954545454545454,20220727_083000.WAV,Foliage
142,2.0,0.23,74,44,35,39,9,0,0.47297297297297297,0.7954545454545454,20220727_083000.WAV,Foliage
143,2.0,0.24,73,44,35,38,9,0,0.4794520547945205,0.7954545454545454,20220727_083000.WAV,Foliage
144,2.0,0.25,72,44,34,38,10,0,0.4722222222222222,0.7727272727272727,20220727_083000.WAV,Foliage
145,2.0,0.26,70,44,33,37,11,0,0.4714285714285714,0.75,20220727_083000.WAV,Foliage
146,2.0,0.27,70,44,33,37,11,0,0.4714285714285714,0.75,20220727_083000.WAV,Foliage
147,2.0,0.28,68,44,33,35,11,0,0.4852941176470588,0.75,20220727_083000.WAV,Foliage
148,2.0,0.29,66,44,33,33,11,0,0.5,0.75,20220727_083000.WAV,Foliage
149,2.0,0.3,65,44,33,32,11,0,0.5076923076923077,0.75,20220727_083000.WAV,Foliage
150,2.0,0.31,62,44,31,31,13,0,0.5,0.7045454545454546,20220727_083000.WAV,Foliage
151,2.0,0.32,60,44,30,30,14,0,0.5,0.6818181818181818,20220727_083000.WAV,Foliage
152,2.0,0.33,55,44,29,26,15,0,0.5272727272727272,0.6590909090909091,20220727_083000.WAV,Foliage
153,2.0,0.34,54,44,28,26,16,0,0.5185185185185185,0.6363636363636364,20220727_083000.WAV,Foliage
154,2.0,0.35,50,44,27,23,17,0,0.54,0.6136363636363636,20220727_083000.WAV,Foliage
155,2.0,0.36,47,44,25,22,19,0,0.5319148936170213,0.5681818181818182,20220727_083000.WAV,Foliage
156,2.0,0.37,45,44,25,20,19,0,0.5555555555555556,0.5681818181818182,20220727_083000.WAV,Foliage
157,2.0,0.38,44,44,24,20,20,0,0.5454545454545454,0.5454545454545454,20220727_083000.WAV,Foliage
158,2.0,0.39,42,44,24,18,20,0,0.5714285714285714,0.5454545454545454,20220727_083000.WAV,Foliage
159,2.0,0.4,39,44,24,15,20,0,0.6153846153846154,0.5454545454545454,20220727_083000.WAV,Foliage
160,2.0,0.41,37,44,24,13,20,0,0.6486486486486487,0.5454545454545454,20220727_083000.WAV,Foliage
161,2.0,0.42,33,44,24,9,20,0,0.7272727272727273,0.5454545454545454,20220727_083000.WAV,Foliage
162,2.0,0.43,31,44,23,8,21,0,0.7419354838709677,0.5227272727272727,20220727_083000.WAV,Foliage
163,2.0,0.44,30,44,23,7,21,0,0.7666666666666667,0.5227272727272727,20220727_083000.WAV,Foliage
164,2.0,0.45,28,44,22,6,22,0,0.7857142857142857,0.5,20220727_083000.WAV,Foliage
165,2.0,0.46,26,44,21,5,23,0,0.8076923076923077,0.4772727272727273,20220727_083000.WAV,Foliage
166,2.0,0.47,25,44,20,5,24,0,0.8,0.45454545454545453,20220727_083000.WAV,Foliage
167,2.0,0.48,22,44,19,3,25,0,0.8636363636363636,0.4318181818181818,20220727_083000.WAV,Foliage
168,2.0,0.49,20,44,18,2,26,0,0.9,0.4090909090909091,20220727_083000.WAV,Foliage
169,2.0,0.5,19,44,17,2,27,0,0.8947368421052632,0.38636363636363635,20220727_083000.WAV,Foliage
170,2.0,0.51,17,44,15,2,29,0,0.8823529411764706,0.3409090909090909,20220727_083000.WAV,Foliage
171,2.0,0.52,15,44,14,1,30,0,0.9333333333333333,0.3181818181818182,20220727_083000.WAV,Foliage
172,2.0,0.53,13,44,13,0,31,0,1.0,0.29545454545454547,20220727_083000.WAV,Foliage
173,2.0,0.54,13,44,13,0,31,0,1.0,0.29545454545454547,20220727_083000.WAV,Foliage
174,2.0,0.55,12,44,12,0,32,0,1.0,0.2727272727272727,20220727_083000.WAV,Foliage
175,2.0,0.56,11,44,11,0,33,0,1.0,0.25,20220727_083000.WAV,Foliage
176,2.0,0.57,10,44,10,0,34,0,1.0,0.22727272727272727,20220727_083000.WAV,Foliage
177,2.0,0.58,9,44,9,0,35,0,1.0,0.20454545454545456,20220727_083000.WAV,Foliage
178,2.0,0.59,9,44,9,0,35,0,1.0,0.20454545454545456,20220727_083000.WAV,Foliage
179,2.0,0.6,8,44,8,0,36,0,1.0,0.18181818181818182,20220727_083000.WAV,Foliage
180,3.0,0.01,171,44,39,132,5,0,0.22807017543859648,0.8863636363636364,20220727_083000.WAV,Foliage
181,3.0,0.02,171,44,39,132,5,0,0.22807017543859648,0.8863636363636364,20220727_083000.WAV,Foliage
182,3.0,0.03,147,44,39,108,5,0,0.2653061224489796,0.8863636363636364,20220727_083000.WAV,Foliage
183,3.0,0.04,111,44,39,72,5,0,0.35135135135135137,0.8863636363636364,20220727_083000.WAV,Foliage
184,3.0,0.05,87,44,38,49,6,0,0.4367816091954023,0.8636363636363636,20220727_083000.WAV,Foliage
185,3.0,0.06,76,44,38,38,6,0,0.5,0.8636363636363636,20220727_083000.WAV,Foliage
186,3.0,0.07,73,44,38,35,6,0,0.5205479452054794,0.8636363636363636,20220727_083000.WAV,Foliage
187,3.0,0.08,71,44,38,33,6,0,0.5352112676056338,0.8636363636363636,20220727_083000.WAV,Foliage
188,3.0,0.09,69,44,38,31,6,0,0.5507246376811594,0.8636363636363636,20220727_083000.WAV,Foliage
189,3.0,0.1,69,44,38,31,6,0,0.5507246376811594,0.8636363636363636,20220727_083000.WAV,Foliage
190,3.0,0.11,68,44,38,30,6,0,0.5588235294117647,0.8636363636363636,20220727_083000.WAV,Foliage
191,3.0,0.12,65,44,37,28,7,0,0.5692307692307692,0.8409090909090909,20220727_083000.WAV,Foliage
192,3.0,0.13,65,44,37,28,7,0,0.5692307692307692,0.8409090909090909,20220727_083000.WAV,Foliage
193,3.0,0.14,63,44,36,27,8,0,0.5714285714285714,0.8181818181818182,20220727_083000.WAV,Foliage
194,3.0,0.15,63,44,36,27,8,0,0.5714285714285714,0.8181818181818182,20220727_083000.WAV,Foliage
195,3.0,0.16,62,44,36,26,8,0,0.5806451612903226,0.8181818181818182,20220727_083000.WAV,Foliage
196,3.0,0.17,58,44,35,23,9,0,0.603448275862069,0.7954545454545454,20220727_083000.WAV,Foliage
197,3.0,0.18,58,44,35,23,9,0,0.603448275862069,0.7954545454545454,20220727_083000.WAV,Foliage
198,3.0,0.19,56,44,35,21,9,0,0.625,0.7954545454545454,20220727_083000.WAV,Foliage
199,3.0,0.2,55,44,35,20,9,0,0.6363636363636364,0.7954545454545454,20220727_083000.WAV,Foliage
200,3.0,0.21,54,44,34,20,10,0,0.6296296296296297,0.7727272727272727,20220727_083000.WAV,Foliage
201,3.0,0.22,52,44,34,18,10,0,0.6538461538461539,0.7727272727272727,20220727_083000.WAV,Foliage
202,3.0,0.23,52,44,34,18,10,0,0.6538461538461539,0.7727272727272727,20220727_083000.WAV,Foliage
203,3.0,0.24,52,44,34,18,10,0,0.6538461538461539,0.7727272727272727,20220727_083000.WAV,Foliage
204,3.0,0.25,52,44,34,18,10,0,0.6538461538461539,0.7727272727272727,20220727_083000.WAV,Foliage
205,3.0,0.26,50,44,33,17,11,0,0.66,0.75,20220727_083000.WAV,Foliage
206,3.0,0.27,50,44,33,17,11,0,0.66,0.75,20220727_083000.WAV,Foliage
207,3.0,0.28,48,44,33,15,11,0,0.6875,0.75,20220727_083000.WAV,Foliage
208,3.0,0.29,48,44,33,15,11,0,0.6875,0.75,20220727_083000.WAV,Foliage
209,3.0,0.3,48,44,33,15,11,0,0.6875,0.75,20220727_083000.WAV,Foliage
210,3.0,0.31,45,44,31,14,13,0,0.6888888888888889,0.7045454545454546,20220727_083000.WAV,Foliage
211,3.0,0.32,44,44,30,14,14,0,0.6818181818181818,0.6818181818181818,20220727_083000.WAV,Foliage
212,3.0,0.33,41,44,29,12,15,0,0.7073170731707317,0.6590909090909091,20220727_083000.WAV,Foliage
213,3.0,0.34,40,44,28,12,16,0,0.7,0.6363636363636364,20220727_083000.WAV,Foliage
214,3.0,0.35,38,44,27,11,17,0,0.7105263157894737,0.6136363636363636,20220727_083000.WAV,Foliage
215,3.0,0.36,36,44,25,11,19,0,0.6944444444444444,0.5681818181818182,20220727_083000.WAV,Foliage
216,3.0,0.37,35,44,25,10,19,0,0.7142857142857143,0.5681818181818182,20220727_083000.WAV,Foliage
217,3.0,0.38,34,44,24,10,20,0,0.7058823529411765,0.5454545454545454,20220727_083000.WAV,Foliage
218,3.0,0.39,33,44,24,9,20,0,0.7272727272727273,0.5454545454545454,20220727_083000.WAV,Foliage
219,3.0,0.4,32,44,24,8,20,0,0.75,0.5454545454545454,20220727_083000.WAV,Foliage
220,3.0,0.41,31,44,24,7,20,0,0.7741935483870968,0.5454545454545454,20220727_083000.WAV,Foliage
221,3.0,0.42,30,44,24,6,20,0,0.8,0.5454545454545454,20220727_083000.WAV,Foliage
222,3.0,0.43,28,44,23,5,21,0,0.8214285714285714,0.5227272727272727,20220727_083000.WAV,Foliage
223,3.0,0.44,27,44,23,4,21,0,0.8518518518518519,0.5227272727272727,20220727_083000.WAV,Foliage
224,3.0,0.45,25,44,22,3,22,0,0.88,0.5,20220727_083000.WAV,Foliage
225,3.0,0.46,23,44,21,2,23,0,0.9130434782608695,0.4772727272727273,20220727_083000.WAV,Foliage
226,3.0,0.47,22,44,20,2,24,0,0.9090909090909091,0.45454545454545453,20220727_083000.WAV,Foliage
227,3.0,0.48,19,44,19,0,25,0,1.0,0.4318181818181818,20220727_083000.WAV,Foliage
228,3.0,0.49,18,44,18,0,26,0,1.0,0.4090909090909091,20220727_083000.WAV,Foliage
229,3.0,0.5,17,44,17,0,27,0,1.0,0.38636363636363635,20220727_083000.WAV,Foliage
230,3.0,0.51,15,44,15,0,29,0,1.0,0.3409090909090909,20220727_083000.WAV,Foliage
231,3.0,0.52,14,44,14,0,30,0,1.0,0.3181818181818182,20220727_083000.WAV,Foliage
232,3.0,0.53,13,44,13,0,31,0,1.0,0.29545454545454547,20220727_083000.WAV,Foliage
233,3.0,0.54,13,44,13,0,31,0,1.0,0.29545454545454547,20220727_083000.WAV,Foliage
234,3.0,0.55,12,44,12,0,32,0,1.0,0.2727272727272727,20220727_083000.WAV,Foliage
235,3.0,0.56,11,44,11,0,33,0,1.0,0.25,20220727_083000.WAV,Foliage
236,3.0,0.57,10,44,10,0,34,0,1.0,0.22727272727272727,20220727_083000.WAV,Foliage
237,3.0,0.58,9,44,9,0,35,0,1.0,0.20454545454545456,20220727_083000.WAV,Foliage
238,3.0,0.59,9,44,9,0,35,0,1.0,0.20454545454545456,20220727_083000.WAV,Foliage
239,3.0,0.6,8,44,8,0,36,0,1.0,0.18181818181818182,20220727_083000.WAV,Foliage
240,4.0,0.01,52,26,23,29,3,0,0.4423076923076923,0.8846153846153846,20220727_083000.WAV,Foliage
241,4.0,0.02,52,26,23,29,3,0,0.4423076923076923,0.8846153846153846,20220727_083000.WAV,Foliage
242,4.0,0.03,50,26,23,27,3,0,0.46,0.8846153846153846,20220727_083000.WAV,Foliage
243,4.0,0.04,47,26,23,24,3,0,0.48936170212765956,0.8846153846153846,20220727_083000.WAV,Foliage
244,4.0,0.05,44,26,23,21,3,0,0.5227272727272727,0.8846153846153846,20220727_083000.WAV,Foliage
245,4.0,0.06,44,26,23,21,3,0,0.5227272727272727,0.8846153846153846,20220727_083000.WAV,Foliage
246,4.0,0.07,43,26,23,20,3,0,0.5348837209302325,0.8846153846153846,20220727_083000.WAV,Foliage
247,4.0,0.08,42,26,23,19,3,0,0.5476190476190477,0.8846153846153846,20220727_083000.WAV,Foliage
248,4.0,0.09,42,26,23,19,3,0,0.5476190476190477,0.8846153846153846,20220727_083000.WAV,Foliage
249,4.0,0.1,42,26,23,19,3,0,0.5476190476190477,0.8846153846153846,20220727_083000.WAV,Foliage
250,4.0,0.11,42,26,23,19,3,0,0.5476190476190477,0.8846153846153846,20220727_083000.WAV,Foliage
251,4.0,0.12,41,26,23,18,3,0,0.5609756097560976,0.8846153846153846,20220727_083000.WAV,Foliage
252,4.0,0.13,41,26,23,18,3,0,0.5609756097560976,0.8846153846153846,20220727_083000.WAV,Foliage
253,4.0,0.14,41,26,23,18,3,0,0.5609756097560976,0.8846153846153846,20220727_083000.WAV,Foliage
254,4.0,0.15,41,26,23,18,3,0,0.5609756097560976,0.8846153846153846,20220727_083000.WAV,Foliage
255,4.0,0.16,40,26,23,17,3,0,0.575,0.8846153846153846,20220727_083000.WAV,Foliage
256,4.0,0.17,38,26,22,16,4,0,0.5789473684210527,0.8461538461538461,20220727_083000.WAV,Foliage
257,4.0,0.18,38,26,22,16,4,0,0.5789473684210527,0.8461538461538461,20220727_083000.WAV,Foliage
258,4.0,0.19,37,26,22,15,4,0,0.5945945945945946,0.8461538461538461,20220727_083000.WAV,Foliage
259,4.0,0.2,37,26,22,15,4,0,0.5945945945945946,0.8461538461538461,20220727_083000.WAV,Foliage
260,4.0,0.21,37,26,22,15,4,0,0.5945945945945946,0.8461538461538461,20220727_083000.WAV,Foliage
261,4.0,0.22,37,26,22,15,4,0,0.5945945945945946,0.8461538461538461,20220727_083000.WAV,Foliage
262,4.0,0.23,37,26,22,15,4,0,0.5945945945945946,0.8461538461538461,20220727_083000.WAV,Foliage
263,4.0,0.24,37,26,22,15,4,0,0.5945945945945946,0.8461538461538461,20220727_083000.WAV,Foliage
264,4.0,0.25,37,26,22,15,4,0,0.5945945945945946,0.8461538461538461,20220727_083000.WAV,Foliage
265,4.0,0.26,35,26,21,14,5,0,0.6,0.8076923076923077,20220727_083000.WAV,Foliage
266,4.0,0.27,35,26,21,14,5,0,0.6,0.8076923076923077,20220727_083000.WAV,Foliage
267,4.0,0.28,35,26,21,14,5,0,0.6,0.8076923076923077,20220727_083000.WAV,Foliage
268,4.0,0.29,35,26,21,14,5,0,0.6,0.8076923076923077,20220727_083000.WAV,Foliage
269,4.0,0.3,35,26,21,14,5,0,0.6,0.8076923076923077,20220727_083000.WAV,Foliage
270,4.0,0.31,34,26,20,14,6,0,0.5882352941176471,0.7692307692307693,20220727_083000.WAV,Foliage
271,4.0,0.32,33,26,19,14,7,0,0.5757575757575758,0.7307692307692307,20220727_083000.WAV,Foliage
272,4.0,0.33,31,26,19,12,7,0,0.6129032258064516,0.7307692307692307,20220727_083000.WAV,Foliage
273,4.0,0.34,30,26,19,11,7,0,0.6333333333333333,0.7307692307692307,20220727_083000.WAV,Foliage
274,4.0,0.35,28,26,18,10,8,0,0.6428571428571429,0.6923076923076923,20220727_083000.WAV,Foliage
275,4.0,0.36,27,26,17,10,9,0,0.6296296296296297,0.6538461538461539,20220727_083000.WAV,Foliage
276,4.0,0.37,26,26,17,9,9,0,0.6538461538461539,0.6538461538461539,20220727_083000.WAV,Foliage
277,4.0,0.38,25,26,16,9,10,0,0.64,0.6153846153846154,20220727_083000.WAV,Foliage
278,4.0,0.39,25,26,16,9,10,0,0.64,0.6153846153846154,20220727_083000.WAV,Foliage
279,4.0,0.4,24,26,16,8,10,0,0.6666666666666666,0.6153846153846154,20220727_083000.WAV,Foliage
280,4.0,0.41,23,26,16,7,10,0,0.6956521739130435,0.6153846153846154,20220727_083000.WAV,Foliage
281,4.0,0.42,22,26,16,6,10,0,0.7272727272727273,0.6153846153846154,20220727_083000.WAV,Foliage
282,4.0,0.43,21,26,15,6,11,0,0.7142857142857143,0.5769230769230769,20220727_083000.WAV,Foliage
283,4.0,0.44,20,26,15,5,11,0,0.75,0.5769230769230769,20220727_083000.WAV,Foliage
284,4.0,0.45,18,26,15,3,11,0,0.8333333333333334,0.5769230769230769,20220727_083000.WAV,Foliage
285,4.0,0.46,17,26,14,3,12,0,0.8235294117647058,0.5384615384615384,20220727_083000.WAV,Foliage
286,4.0,0.47,16,26,13,3,13,0,0.8125,0.5,20220727_083000.WAV,Foliage
287,4.0,0.48,14,26,13,1,13,0,0.9285714285714286,0.5,20220727_083000.WAV,Foliage
288,4.0,0.49,13,26,12,1,14,0,0.9230769230769231,0.46153846153846156,20220727_083000.WAV,Foliage
289,4.0,0.5,12,26,12,0,14,0,1.0,0.46153846153846156,20220727_083000.WAV,Foliage
290,4.0,0.51,10,26,10,0,16,0,1.0,0.38461538461538464,20220727_083000.WAV,Foliage
291,4.0,0.52,10,26,10,0,16,0,1.0,0.38461538461538464,20220727_083000.WAV,Foliage
292,4.0,0.53,10,26,10,0,16,0,1.0,0.38461538461538464,20220727_083000.WAV,Foliage
293,4.0,0.54,10,26,10,0,16,0,1.0,0.38461538461538464,20220727_083000.WAV,Foliage
294,4.0,0.55,9,26,9,0,17,0,1.0,0.34615384615384615,20220727_083000.WAV,Foliage
295,4.0,0.56,9,26,9,0,17,0,1.0,0.34615384615384615,20220727_083000.WAV,Foliage
296,4.0,0.57,8,26,8,0,18,0,1.0,0.3076923076923077,20220727_083000.WAV,Foliage
297,4.0,0.58,7,26,7,0,19,0,1.0,0.2692307692307692,20220727_083000.WAV,Foliage
298,4.0,0.59,7,26,7,0,19,0,1.0,0.2692307692307692,20220727_083000.WAV,Foliage
299,4.0,0.6,6,26,6,0,20,0,1.0,0.23076923076923078,20220727_083000.WAV,Foliage
300,5.0,0.01,29,14,13,16,1,0,0.4482758620689655,0.9285714285714286,20220727_083000.WAV,Foliage
301,5.0,0.02,29,14,13,16,1,0,0.4482758620689655,0.9285714285714286,20220727_083000.WAV,Foliage
302,5.0,0.03,29,14,13,16,1,0,0.4482758620689655,0.9285714285714286,20220727_083000.WAV,Foliage
303,5.0,0.04,26,14,13,13,1,0,0.5,0.9285714285714286,20220727_083000.WAV,Foliage
304,5.0,0.05,24,14,13,11,1,0,0.5416666666666666,0.9285714285714286,20220727_083000.WAV,Foliage
305,5.0,0.06,24,14,13,11,1,0,0.5416666666666666,0.9285714285714286,20220727_083000.WAV,Foliage
306,5.0,0.07,24,14,13,11,1,0,0.5416666666666666,0.9285714285714286,20220727_083000.WAV,Foliage
307,5.0,0.08,23,14,13,10,1,0,0.5652173913043478,0.9285714285714286,20220727_083000.WAV,Foliage
308,5.0,0.09,23,14,13,10,1,0,0.5652173913043478,0.9285714285714286,20220727_083000.WAV,Foliage
309,5.0,0.1,23,14,13,10,1,0,0.5652173913043478,0.9285714285714286,20220727_083000.WAV,Foliage
310,5.0,0.11,23,14,13,10,1,0,0.5652173913043478,0.9285714285714286,20220727_083000.WAV,Foliage
311,5.0,0.12,23,14,13,10,1,0,0.5652173913043478,0.9285714285714286,20220727_083000.WAV,Foliage
312,5.0,0.13,23,14,13,10,1,0,0.5652173913043478,0.9285714285714286,20220727_083000.WAV,Foliage
313,5.0,0.14,23,14,13,10,1,0,0.5652173913043478,0.9285714285714286,20220727_083000.WAV,Foliage
314,5.0,0.15,23,14,13,10,1,0,0.5652173913043478,0.9285714285714286,20220727_083000.WAV,Foliage
315,5.0,0.16,23,14,13,10,1,0,0.5652173913043478,0.9285714285714286,20220727_083000.WAV,Foliage
316,5.0,0.17,22,14,13,9,1,0,0.5909090909090909,0.9285714285714286,20220727_083000.WAV,Foliage
317,5.0,0.18,22,14,13,9,1,0,0.5909090909090909,0.9285714285714286,20220727_083000.WAV,Foliage
318,5.0,0.19,22,14,13,9,1,0,0.5909090909090909,0.9285714285714286,20220727_083000.WAV,Foliage
319,5.0,0.2,22,14,13,9,1,0,0.5909090909090909,0.9285714285714286,20220727_083000.WAV,Foliage
320,5.0,0.21,22,14,13,9,1,0,0.5909090909090909,0.9285714285714286,20220727_083000.WAV,Foliage
321,5.0,0.22,22,14,13,9,1,0,0.5909090909090909,0.9285714285714286,20220727_083000.WAV,Foliage
322,5.0,0.23,22,14,13,9,1,0,0.5909090909090909,0.9285714285714286,20220727_083000.WAV,Foliage
323,5.0,0.24,22,14,13,9,1,0,0.5909090909090909,0.9285714285714286,20220727_083000.WAV,Foliage
324,5.0,0.25,22,14,13,9,1,0,0.5909090909090909,0.9285714285714286,20220727_083000.WAV,Foliage
325,5.0,0.26,21,14,13,8,1,0,0.6190476190476191,0.9285714285714286,20220727_083000.WAV,Foliage
326,5.0,0.27,21,14,13,8,1,0,0.6190476190476191,0.9285714285714286,20220727_083000.WAV,Foliage
327,5.0,0.28,21,14,13,8,1,0,0.6190476190476191,0.9285714285714286,20220727_083000.WAV,Foliage
328,5.0,0.29,21,14,13,8,1,0,0.6190476190476191,0.9285714285714286,20220727_083000.WAV,Foliage
329,5.0,0.3,21,14,13,8,1,0,0.6190476190476191,0.9285714285714286,20220727_083000.WAV,Foliage
330,5.0,0.31,20,14,12,8,2,0,0.6,0.8571428571428571,20220727_083000.WAV,Foliage
331,5.0,0.32,19,14,12,7,2,0,0.631578947368421,0.8571428571428571,20220727_083000.WAV,Foliage
332,5.0,0.33,18,14,12,6,2,0,0.6666666666666666,0.8571428571428571,20220727_083000.WAV,Foliage
333,5.0,0.34,18,14,12,6,2,0,0.6666666666666666,0.8571428571428571,20220727_083000.WAV,Foliage
334,5.0,0.35,16,14,11,5,3,0,0.6875,0.7857142857142857,20220727_083000.WAV,Foliage
335,5.0,0.36,16,14,11,5,3,0,0.6875,0.7857142857142857,20220727_083000.WAV,Foliage
336,5.0,0.37,16,14,11,5,3,0,0.6875,0.7857142857142857,20220727_083000.WAV,Foliage
337,5.0,0.38,15,14,10,5,4,0,0.6666666666666666,0.7142857142857143,20220727_083000.WAV,Foliage
338,5.0,0.39,15,14,10,5,4,0,0.6666666666666666,0.7142857142857143,20220727_083000.WAV,Foliage
339,5.0,0.4,15,14,10,5,4,0,0.6666666666666666,0.7142857142857143,20220727_083000.WAV,Foliage
340,5.0,0.41,14,14,10,4,4,0,0.7142857142857143,0.7142857142857143,20220727_083000.WAV,Foliage
341,5.0,0.42,14,14,10,4,4,0,0.7142857142857143,0.7142857142857143,20220727_083000.WAV,Foliage
342,5.0,0.43,13,14,9,4,5,0,0.6923076923076923,0.6428571428571429,20220727_083000.WAV,Foliage
343,5.0,0.44,13,14,9,4,5,0,0.6923076923076923,0.6428571428571429,20220727_083000.WAV,Foliage
344,5.0,0.45,12,14,9,3,5,0,0.75,0.6428571428571429,20220727_083000.WAV,Foliage
345,5.0,0.46,11,14,9,2,5,0,0.8181818181818182,0.6428571428571429,20220727_083000.WAV,Foliage
346,5.0,0.47,10,14,9,1,5,0,0.9,0.6428571428571429,20220727_083000.WAV,Foliage
347,5.0,0.48,10,14,9,1,5,0,0.9,0.6428571428571429,20220727_083000.WAV,Foliage
348,5.0,0.49,9,14,8,1,6,0,0.8888888888888888,0.5714285714285714,20220727_083000.WAV,Foliage
349,5.0,0.5,8,14,8,0,6,0,1.0,0.5714285714285714,20220727_083000.WAV,Foliage
350,5.0,0.51,7,14,7,0,7,0,1.0,0.5,20220727_083000.WAV,Foliage
351,5.0,0.52,7,14,7,0,7,0,1.0,0.5,20220727_083000.WAV,Foliage
352,5.0,0.53,7,14,7,0,7,0,1.0,0.5,20220727_083000.WAV,Foliage
353,5.0,0.54,7,14,7,0,7,0,1.0,0.5,20220727_083000.WAV,Foliage
354,5.0,0.55,7,14,7,0,7,0,1.0,0.5,20220727_083000.WAV,Foliage
355,5.0,0.56,7,14,7,0,7,0,1.0,0.5,20220727_083000.WAV,Foliage
356,5.0,0.57,7,14,7,0,7,0,1.0,0.5,20220727_083000.WAV,Foliage
357,5.0,0.58,6,14,6,0,8,0,1.0,0.42857142857142855,20220727_083000.WAV,Foliage
358,5.0,0.59,6,14,6,0,8,0,1.0,0.42857142857142855,20220727_083000.WAV,Foliage
359,5.0,0.6,5,14,5,0,9,0,1.0,0.35714285714285715,20220727_083000.WAV,Foliage
360,6.0,0.01,19,10,8,11,2,0,0.42105263157894735,0.8,20220727_083000.WAV,Foliage
361,6.0,0.02,19,10,8,11,2,0,0.42105263157894735,0.8,20220727_083000.WAV,Foliage
362,6.0,0.03,19,10,8,11,2,0,0.42105263157894735,0.8,20220727_083000.WAV,Foliage
363,6.0,0.04,18,10,8,10,2,0,0.4444444444444444,0.8,20220727_083000.WAV,Foliage
364,6.0,0.05,16,10,8,8,2,0,0.5,0.8,20220727_083000.WAV,Foliage
365,6.0,0.06,16,10,8,8,2,0,0.5,0.8,20220727_083000.WAV,Foliage
366,6.0,0.07,16,10,8,8,2,0,0.5,0.8,20220727_083000.WAV,Foliage
367,6.0,0.08,15,10,8,7,2,0,0.5333333333333333,0.8,20220727_083000.WAV,Foliage
368,6.0,0.09,15,10,8,7,2,0,0.5333333333333333,0.8,20220727_083000.WAV,Foliage
369,6.0,0.1,15,10,8,7,2,0,0.5333333333333333,0.8,20220727_083000.WAV,Foliage
370,6.0,0.11,15,10,8,7,2,0,0.5333333333333333,0.8,20220727_083000.WAV,Foliage
371,6.0,0.12,15,10,8,7,2,0,0.5333333333333333,0.8,20220727_083000.WAV,Foliage
372,6.0,0.13,15,10,8,7,2,0,0.5333333333333333,0.8,20220727_083000.WAV,Foliage
373,6.0,0.14,15,10,8,7,2,0,0.5333333333333333,0.8,20220727_083000.WAV,Foliage
374,6.0,0.15,15,10,8,7,2,0,0.5333333333333333,0.8,20220727_083000.WAV,Foliage
375,6.0,0.16,15,10,8,7,2,0,0.5333333333333333,0.8,20220727_083000.WAV,Foliage
376,6.0,0.17,15,10,8,7,2,0,0.5333333333333333,0.8,20220727_083000.WAV,Foliage
377,6.0,0.18,15,10,8,7,2,0,0.5333333333333333,0.8,20220727_083000.WAV,Foliage
378,6.0,0.19,15,10,8,7,2,0,0.5333333333333333,0.8,20220727_083000.WAV,Foliage
379,6.0,0.2,15,10,8,7,2,0,0.5333333333333333,0.8,20220727_083000.WAV,Foliage
380,6.0,0.21,15,10,8,7,2,0,0.5333333333333333,0.8,20220727_083000.WAV,Foliage
381,6.0,0.22,15,10,8,7,2,0,0.5333333333333333,0.8,20220727_083000.WAV,Foliage
382,6.0,0.23,15,10,8,7,2,0,0.5333333333333333,0.8,20220727_083000.WAV,Foliage
383,6.0,0.24,15,10,8,7,2,0,0.5333333333333333,0.8,20220727_083000.WAV,Foliage
384,6.0,0.25,15,10,8,7,2,0,0.5333333333333333,0.8,20220727_083000.WAV,Foliage
385,6.0,0.26,15,10,8,7,2,0,0.5333333333333333,0.8,20220727_083000.WAV,Foliage
386,6.0,0.27,15,10,8,7,2,0,0.5333333333333333,0.8,20220727_083000.WAV,Foliage
387,6.0,0.28,15,10,8,7,2,0,0.5333333333333333,0.8,20220727_083000.WAV,Foliage
388,6.0,0.29,15,10,8,7,2,0,0.5333333333333333,0.8,20220727_083000.WAV,Foliage
389,6.0,0.3,15,10,8,7,2,0,0.5333333333333333,0.8,20220727_083000.WAV,Foliage
390,6.0,0.31,14,10,8,6,2,0,0.5714285714285714,0.8,20220727_083000.WAV,Foliage
391,6.0,0.32,13,10,8,5,2,0,0.6153846153846154,0.8,20220727_083000.WAV,Foliage
392,6.0,0.33,13,10,8,5,2,0,0.6153846153846154,0.8,20220727_083000.WAV,Foliage
393,6.0,0.34,13,10,8,5,2,0,0.6153846153846154,0.8,20220727_083000.WAV,Foliage
394,6.0,0.35,13,10,8,5,2,0,0.6153846153846154,0.8,20220727_083000.WAV,Foliage
395,6.0,0.36,13,10,8,5,2,0,0.6153846153846154,0.8,20220727_083000.WAV,Foliage
396,6.0,0.37,13,10,8,5,2,0,0.6153846153846154,0.8,20220727_083000.WAV,Foliage
397,6.0,0.38,12,10,8,4,2,0,0.6666666666666666,0.8,20220727_083000.WAV,Foliage
398,6.0,0.39,12,10,8,4,2,0,0.6666666666666666,0.8,20220727_083000.WAV,Foliage
399,6.0,0.4,12,10,8,4,2,0,0.6666666666666666,0.8,20220727_083000.WAV,Foliage
400,6.0,0.41,11,10,8,3,2,0,0.7272727272727273,0.8,20220727_083000.WAV,Foliage
401,6.0,0.42,11,10,8,3,2,0,0.7272727272727273,0.8,20220727_083000.WAV,Foliage
402,6.0,0.43,10,10,7,3,3,0,0.7,0.7,20220727_083000.WAV,Foliage
403,6.0,0.44,10,10,7,3,3,0,0.7,0.7,20220727_083000.WAV,Foliage
404,6.0,0.45,9,10,7,2,3,0,0.7777777777777778,0.7,20220727_083000.WAV,Foliage
405,6.0,0.46,8,10,7,1,3,0,0.875,0.7,20220727_083000.WAV,Foliage
406,6.0,0.47,7,10,7,0,3,0,1.0,0.7,20220727_083000.WAV,Foliage
407,6.0,0.48,7,10,7,0,3,0,1.0,0.7,20220727_083000.WAV,Foliage
408,6.0,0.49,7,10,7,0,3,0,1.0,0.7,20220727_083000.WAV,Foliage
409,6.0,0.5,7,10,7,0,3,0,1.0,0.7,20220727_083000.WAV,Foliage
410,6.0,0.51,6,10,6,0,4,0,1.0,0.6,20220727_083000.WAV,Foliage
411,6.0,0.52,6,10,6,0,4,0,1.0,0.6,20220727_083000.WAV,Foliage
412,6.0,0.53,6,10,6,0,4,0,1.0,0.6,20220727_083000.WAV,Foliage
413,6.0,0.54,6,10,6,0,4,0,1.0,0.6,20220727_083000.WAV,Foliage
414,6.0,0.55,6,10,6,0,4,0,1.0,0.6,20220727_083000.WAV,Foliage
415,6.0,0.56,6,10,6,0,4,0,1.0,0.6,20220727_083000.WAV,Foliage
416,6.0,0.57,6,10,6,0,4,0,1.0,0.6,20220727_083000.WAV,Foliage
417,6.0,0.58,6,10,6,0,4,0,1.0,0.6,20220727_083000.WAV,Foliage
418,6.0,0.59,6,10,6,0,4,0,1.0,0.6,20220727_083000.WAV,Foliage
419,6.0,0.6,5,10,5,0,5,0,1.0,0.5,20220727_083000.WAV,Foliage
420,7.0,0.01,11,5,5,6,0,0,0.45454545454545453,1.0,20220727_083000.WAV,Foliage
421,7.0,0.02,11,5,5,6,0,0,0.45454545454545453,1.0,20220727_083000.WAV,Foliage
422,7.0,0.03,11,5,5,6,0,0,0.45454545454545453,1.0,20220727_083000.WAV,Foliage
423,7.0,0.04,10,5,5,5,0,0,0.5,1.0,20220727_083000.WAV,Foliage
424,7.0,0.05,10,5,5,5,0,0,0.5,1.0,20220727_083000.WAV,Foliage
425,7.0,0.06,10,5,5,5,0,0,0.5,1.0,20220727_083000.WAV,Foliage
426,7.0,0.07,10,5,5,5,0,0,0.5,1.0,20220727_083000.WAV,Foliage
427,7.0,0.08,10,5,5,5,0,0,0.5,1.0,20220727_083000.WAV,Foliage
428,7.0,0.09,10,5,5,5,0,0,0.5,1.0,20220727_083000.WAV,Foliage
429,7.0,0.1,10,5,5,5,0,0,0.5,1.0,20220727_083000.WAV,Foliage
430,7.0,0.11,10,5,5,5,0,0,0.5,1.0,20220727_083000.WAV,Foliage
431,7.0,0.12,10,5,5,5,0,0,0.5,1.0,20220727_083000.WAV,Foliage
432,7.0,0.13,10,5,5,5,0,0,0.5,1.0,20220727_083000.WAV,Foliage
433,7.0,0.14,10,5,5,5,0,0,0.5,1.0,20220727_083000.WAV,Foliage
434,7.0,0.15,10,5,5,5,0,0,0.5,1.0,20220727_083000.WAV,Foliage
435,7.0,0.16,10,5,5,5,0,0,0.5,1.0,20220727_083000.WAV,Foliage
436,7.0,0.17,10,5,5,5,0,0,0.5,1.0,20220727_083000.WAV,Foliage
437,7.0,0.18,10,5,5,5,0,0,0.5,1.0,20220727_083000.WAV,Foliage
438,7.0,0.19,10,5,5,5,0,0,0.5,1.0,20220727_083000.WAV,Foliage
439,7.0,0.2,10,5,5,5,0,0,0.5,1.0,20220727_083000.WAV,Foliage
440,7.0,0.21,10,5,5,5,0,0,0.5,1.0,20220727_083000.WAV,Foliage
441,7.0,0.22,10,5,5,5,0,0,0.5,1.0,20220727_083000.WAV,Foliage
442,7.0,0.23,10,5,5,5,0,0,0.5,1.0,20220727_083000.WAV,Foliage
443,7.0,0.24,10,5,5,5,0,0,0.5,1.0,20220727_083000.WAV,Foliage
444,7.0,0.25,10,5,5,5,0,0,0.5,1.0,20220727_083000.WAV,Foliage
445,7.0,0.26,10,5,5,5,0,0,0.5,1.0,20220727_083000.WAV,Foliage
446,7.0,0.27,10,5,5,5,0,0,0.5,1.0,20220727_083000.WAV,Foliage
447,7.0,0.28,10,5,5,5,0,0,0.5,1.0,20220727_083000.WAV,Foliage
448,7.0,0.29,10,5,5,5,0,0,0.5,1.0,20220727_083000.WAV,Foliage
449,7.0,0.3,10,5,5,5,0,0,0.5,1.0,20220727_083000.WAV,Foliage
450,7.0,0.31,9,5,5,4,0,0,0.5555555555555556,1.0,20220727_083000.WAV,Foliage
451,7.0,0.32,9,5,5,4,0,0,0.5555555555555556,1.0,20220727_083000.WAV,Foliage
452,7.0,0.33,9,5,5,4,0,0,0.5555555555555556,1.0,20220727_083000.WAV,Foliage
453,7.0,0.34,9,5,5,4,0,0,0.5555555555555556,1.0,20220727_083000.WAV,Foliage
454,7.0,0.35,9,5,5,4,0,0,0.5555555555555556,1.0,20220727_083000.WAV,Foliage
455,7.0,0.36,9,5,5,4,0,0,0.5555555555555556,1.0,20220727_083000.WAV,Foliage
456,7.0,0.37,9,5,5,4,0,0,0.5555555555555556,1.0,20220727_083000.WAV,Foliage
457,7.0,0.38,8,5,5,3,0,0,0.625,1.0,20220727_083000.WAV,Foliage
458,7.0,0.39,8,5,5,3,0,0,0.625,1.0,20220727_083000.WAV,Foliage
459,7.0,0.4,8,5,5,3,0,0,0.625,1.0,20220727_083000.WAV,Foliage
460,7.0,0.41,7,5,5,2,0,0,0.7142857142857143,1.0,20220727_083000.WAV,Foliage
461,7.0,0.42,7,5,5,2,0,0,0.7142857142857143,1.0,20220727_083000.WAV,Foliage
462,7.0,0.43,6,5,5,1,0,0,0.8333333333333334,1.0,20220727_083000.WAV,Foliage
463,7.0,0.44,6,5,5,1,0,0,0.8333333333333334,1.0,20220727_083000.WAV,Foliage
464,7.0,0.45,6,5,5,1,0,0,0.8333333333333334,1.0,20220727_083000.WAV,Foliage
465,7.0,0.46,6,5,5,1,0,0,0.8333333333333334,1.0,20220727_083000.WAV,Foliage
466,7.0,0.47,5,5,5,0,0,0,1.0,1.0,20220727_083000.WAV,Foliage
467,7.0,0.48,5,5,5,0,0,0,1.0,1.0,20220727_083000.WAV,Foliage
468,7.0,0.49,5,5,5,0,0,0,1.0,1.0,20220727_083000.WAV,Foliage
469,7.0,0.5,5,5,5,0,0,0,1.0,1.0,20220727_083000.WAV,Foliage
470,7.0,0.51,4,5,4,0,1,0,1.0,0.8,20220727_083000.WAV,Foliage
471,7.0,0.52,4,5,4,0,1,0,1.0,0.8,20220727_083000.WAV,Foliage
472,7.0,0.53,4,5,4,0,1,0,1.0,0.8,20220727_083000.WAV,Foliage
473,7.0,0.54,4,5,4,0,1,0,1.0,0.8,20220727_083000.WAV,Foliage
474,7.0,0.55,4,5,4,0,1,0,1.0,0.8,20220727_083000.WAV,Foliage
475,7.0,0.56,4,5,4,0,1,0,1.0,0.8,20220727_083000.WAV,Foliage
476,7.0,0.57,4,5,4,0,1,0,1.0,0.8,20220727_083000.WAV,Foliage
477,7.0,0.58,4,5,4,0,1,0,1.0,0.8,20220727_083000.WAV,Foliage
478,7.0,0.59,4,5,4,0,1,0,1.0,0.8,20220727_083000.WAV,Foliage
479,7.0,0.6,3,5,3,0,2,0,1.0,0.6,20220727_083000.WAV,Foliage
480,8.0,0.01,4,3,3,1,0,0,0.75,1.0,20220727_083000.WAV,Foliage
481,8.0,0.02,4,3,3,1,0,0,0.75,1.0,20220727_083000.WAV,Foliage
482,8.0,0.03,4,3,3,1,0,0,0.75,1.0,20220727_083000.WAV,Foliage
483,8.0,0.04,4,3,3,1,0,0,0.75,1.0,20220727_083000.WAV,Foliage
484,8.0,0.05,4,3,3,1,0,0,0.75,1.0,20220727_083000.WAV,Foliage
485,8.0,0.06,4,3,3,1,0,0,0.75,1.0,20220727_083000.WAV,Foliage
486,8.0,0.07,4,3,3,1,0,0,0.75,1.0,20220727_083000.WAV,Foliage
487,8.0,0.08,4,3,3,1,0,0,0.75,1.0,20220727_083000.WAV,Foliage
488,8.0,0.09,4,3,3,1,0,0,0.75,1.0,20220727_083000.WAV,Foliage
489,8.0,0.1,4,3,3,1,0,0,0.75,1.0,20220727_083000.WAV,Foliage
490,8.0,0.11,4,3,3,1,0,0,0.75,1.0,20220727_083000.WAV,Foliage
491,8.0,0.12,4,3,3,1,0,0,0.75,1.0,20220727_083000.WAV,Foliage
492,8.0,0.13,4,3,3,1,0,0,0.75,1.0,20220727_083000.WAV,Foliage
493,8.0,0.14,4,3,3,1,0,0,0.75,1.0,20220727_083000.WAV,Foliage
494,8.0,0.15,4,3,3,1,0,0,0.75,1.0,20220727_083000.WAV,Foliage
495,8.0,0.16,4,3,3,1,0,0,0.75,1.0,20220727_083000.WAV,Foliage
496,8.0,0.17,4,3,3,1,0,0,0.75,1.0,20220727_083000.WAV,Foliage
497,8.0,0.18,4,3,3,1,0,0,0.75,1.0,20220727_083000.WAV,Foliage
498,8.0,0.19,4,3,3,1,0,0,0.75,1.0,20220727_083000.WAV,Foliage
499,8.0,0.2,4,3,3,1,0,0,0.75,1.0,20220727_083000.WAV,Foliage
500,8.0,0.21,4,3,3,1,0,0,0.75,1.0,20220727_083000.WAV,Foliage
501,8.0,0.22,4,3,3,1,0,0,0.75,1.0,20220727_083000.WAV,Foliage
502,8.0,0.23,4,3,3,1,0,0,0.75,1.0,20220727_083000.WAV,Foliage
503,8.0,0.24,4,3,3,1,0,0,0.75,1.0,20220727_083000.WAV,Foliage
504,8.0,0.25,4,3,3,1,0,0,0.75,1.0,20220727_083000.WAV,Foliage
505,8.0,0.26,4,3,3,1,0,0,0.75,1.0,20220727_083000.WAV,Foliage
506,8.0,0.27,4,3,3,1,0,0,0.75,1.0,20220727_083000.WAV,Foliage
507,8.0,0.28,4,3,3,1,0,0,0.75,1.0,20220727_083000.WAV,Foliage
508,8.0,0.29,4,3,3,1,0,0,0.75,1.0,20220727_083000.WAV,Foliage
509,8.0,0.3,4,3,3,1,0,0,0.75,1.0,20220727_083000.WAV,Foliage
510,8.0,0.31,3,3,3,0,0,0,1.0,1.0,20220727_083000.WAV,Foliage
511,8.0,0.32,3,3,3,0,0,0,1.0,1.0,20220727_083000.WAV,Foliage
512,8.0,0.33,3,3,3,0,0,0,1.0,1.0,20220727_083000.WAV,Foliage
513,8.0,0.34,3,3,3,0,0,0,1.0,1.0,20220727_083000.WAV,Foliage
514,8.0,0.35,3,3,3,0,0,0,1.0,1.0,20220727_083000.WAV,Foliage
515,8.0,0.36,3,3,3,0,0,0,1.0,1.0,20220727_083000.WAV,Foliage
516,8.0,0.37,3,3,3,0,0,0,1.0,1.0,20220727_083000.WAV,Foliage
517,8.0,0.38,3,3,3,0,0,0,1.0,1.0,20220727_083000.WAV,Foliage
518,8.0,0.39,3,3,3,0,0,0,1.0,1.0,20220727_083000.WAV,Foliage
519,8.0,0.4,3,3,3,0,0,0,1.0,1.0,20220727_083000.WAV,Foliage
520,8.0,0.41,3,3,3,0,0,0,1.0,1.0,20220727_083000.WAV,Foliage
521,8.0,0.42,3,3,3,0,0,0,1.0,1.0,20220727_083000.WAV,Foliage
522,8.0,0.43,3,3,3,0,0,0,1.0,1.0,20220727_083000.WAV,Foliage
523,8.0,0.44,3,3,3,0,0,0,1.0,1.0,20220727_083000.WAV,Foliage
524,8.0,0.45,3,3,3,0,0,0,1.0,1.0,20220727_083000.WAV,Foliage
525,8.0,0.46,3,3,3,0,0,0,1.0,1.0,20220727_083000.WAV,Foliage
526,8.0,0.47,3,3,3,0,0,0,1.0,1.0,20220727_083000.WAV,Foliage
527,8.0,0.48,3,3,3,0,0,0,1.0,1.0,20220727_083000.WAV,Foliage
528,8.0,0.49,3,3,3,0,0,0,1.0,1.0,20220727_083000.WAV,Foliage
529,8.0,0.5,3,3,3,0,0,0,1.0,1.0,20220727_083000.WAV,Foliage
530,8.0,0.51,2,3,2,0,1,0,1.0,0.6666666666666666,20220727_083000.WAV,Foliage
531,8.0,0.52,2,3,2,0,1,0,1.0,0.6666666666666666,20220727_083000.WAV,Foliage
532,8.0,0.53,2,3,2,0,1,0,1.0,0.6666666666666666,20220727_083000.WAV,Foliage
533,8.0,0.54,2,3,2,0,1,0,1.0,0.6666666666666666,20220727_083000.WAV,Foliage
534,8.0,0.55,2,3,2,0,1,0,1.0,0.6666666666666666,20220727_083000.WAV,Foliage
535,8.0,0.56,2,3,2,0,1,0,1.0,0.6666666666666666,20220727_083000.WAV,Foliage
536,8.0,0.57,2,3,2,0,1,0,1.0,0.6666666666666666,20220727_083000.WAV,Foliage
537,8.0,0.58,2,3,2,0,1,0,1.0,0.6666666666666666,20220727_083000.WAV,Foliage
538,8.0,0.59,2,3,2,0,1,0,1.0,0.6666666666666666,20220727_083000.WAV,Foliage
539,8.0,0.6,2,3,2,0,1,0,1.0,0.6666666666666666,20220727_083000.WAV,Foliage
540,9.0,0.01,2,2,2,0,0,0,1.0,1.0,20220727_083000.WAV,Foliage
541,9.0,0.02,2,2,2,0,0,0,1.0,1.0,20220727_083000.WAV,Foliage
542,9.0,0.03,2,2,2,0,0,0,1.0,1.0,20220727_083000.WAV,Foliage
543,9.0,0.04,2,2,2,0,0,0,1.0,1.0,20220727_083000.WAV,Foliage
544,9.0,0.05,2,2,2,0,0,0,1.0,1.0,20220727_083000.WAV,Foliage
545,9.0,0.06,2,2,2,0,0,0,1.0,1.0,20220727_083000.WAV,Foliage
546,9.0,0.07,2,2,2,0,0,0,1.0,1.0,20220727_083000.WAV,Foliage
547,9.0,0.08,2,2,2,0,0,0,1.0,1.0,20220727_083000.WAV,Foliage
548,9.0,0.09,2,2,2,0,0,0,1.0,1.0,20220727_083000.WAV,Foliage
549,9.0,0.1,2,2,2,0,0,0,1.0,1.0,20220727_083000.WAV,Foliage
550,9.0,0.11,2,2,2,0,0,0,1.0,1.0,20220727_083000.WAV,Foliage
551,9.0,0.12,2,2,2,0,0,0,1.0,1.0,20220727_083000.WAV,Foliage
552,9.0,0.13,2,2,2,0,0,0,1.0,1.0,20220727_083000.WAV,Foliage
553,9.0,0.14,2,2,2,0,0,0,1.0,1.0,20220727_083000.WAV,Foliage
554,9.0,0.15,2,2,2,0,0,0,1.0,1.0,20220727_083000.WAV,Foliage
555,9.0,0.16,2,2,2,0,0,0,1.0,1.0,20220727_083000.WAV,Foliage
556,9.0,0.17,2,2,2,0,0,0,1.0,1.0,20220727_083000.WAV,Foliage
557,9.0,0.18,2,2,2,0,0,0,1.0,1.0,20220727_083000.WAV,Foliage
558,9.0,0.19,2,2,2,0,0,0,1.0,1.0,20220727_083000.WAV,Foliage
559,9.0,0.2,2,2,2,0,0,0,1.0,1.0,20220727_083000.WAV,Foliage
560,9.0,0.21,2,2,2,0,0,0,1.0,1.0,20220727_083000.WAV,Foliage
561,9.0,0.22,2,2,2,0,0,0,1.0,1.0,20220727_083000.WAV,Foliage
562,9.0,0.23,2,2,2,0,0,0,1.0,1.0,20220727_083000.WAV,Foliage
563,9.0,0.24,2,2,2,0,0,0,1.0,1.0,20220727_083000.WAV,Foliage
564,9.0,0.25,2,2,2,0,0,0,1.0,1.0,20220727_083000.WAV,Foliage
565,9.0,0.26,2,2,2,0,0,0,1.0,1.0,20220727_083000.WAV,Foliage
566,9.0,0.27,2,2,2,0,0,0,1.0,1.0,20220727_083000.WAV,Foliage
567,9.0,0.28,2,2,2,0,0,0,1.0,1.0,20220727_083000.WAV,Foliage
568,9.0,0.29,2,2,2,0,0,0,1.0,1.0,20220727_083000.WAV,Foliage
569,9.0,0.3,2,2,2,0,0,0,1.0,1.0,20220727_083000.WAV,Foliage
570,9.0,0.31,2,2,2,0,0,0,1.0,1.0,20220727_083000.WAV,Foliage
571,9.0,0.32,2,2,2,0,0,0,1.0,1.0,20220727_083000.WAV,Foliage
572,9.0,0.33,2,2,2,0,0,0,1.0,1.0,20220727_083000.WAV,Foliage
573,9.0,0.34,2,2,2,0,0,0,1.0,1.0,20220727_083000.WAV,Foliage
574,9.0,0.35,2,2,2,0,0,0,1.0,1.0,20220727_083000.WAV,Foliage
575,9.0,0.36,2,2,2,0,0,0,1.0,1.0,20220727_083000.WAV,Foliage
576,9.0,0.37,2,2,2,0,0,0,1.0,1.0,20220727_083000.WAV,Foliage
577,9.0,0.38,2,2,2,0,0,0,1.0,1.0,20220727_083000.WAV,Foliage
578,9.0,0.39,2,2,2,0,0,0,1.0,1.0,20220727_083000.WAV,Foliage
579,9.0,0.4,2,2,2,0,0,0,1.0,1.0,20220727_083000.WAV,Foliage
580,9.0,0.41,2,2,2,0,0,0,1.0,1.0,20220727_083000.WAV,Foliage
581,9.0,0.42,2,2,2,0,0,0,1.0,1.0,20220727_083000.WAV,Foliage
582,9.0,0.43,2,2,2,0,0,0,1.0,1.0,20220727_083000.WAV,Foliage
583,9.0,0.44,2,2,2,0,0,0,1.0,1.0,20220727_083000.WAV,Foliage
584,9.0,0.45,2,2,2,0,0,0,1.0,1.0,20220727_083000.WAV,Foliage
585,9.0,0.46,2,2,2,0,0,0,1.0,1.0,20220727_083000.WAV,Foliage
586,9.0,0.47,2,2,2,0,0,0,1.0,1.0,20220727_083000.WAV,Foliage
587,9.0,0.48,2,2,2,0,0,0,1.0,1.0,20220727_083000.WAV,Foliage
588,9.0,0.49,2,2,2,0,0,0,1.0,1.0,20220727_083000.WAV,Foliage
589,9.0,0.5,2,2,2,0,0,0,1.0,1.0,20220727_083000.WAV,Foliage
590,9.0,0.51,2,2,2,0,0,0,1.0,1.0,20220727_083000.WAV,Foliage
591,9.0,0.52,2,2,2,0,0,0,1.0,1.0,20220727_083000.WAV,Foliage
592,9.0,0.53,2,2,2,0,0,0,1.0,1.0,20220727_083000.WAV,Foliage
593,9.0,0.54,2,2,2,0,0,0,1.0,1.0,20220727_083000.WAV,Foliage
594,9.0,0.55,2,2,2,0,0,0,1.0,1.0,20220727_083000.WAV,Foliage
595,9.0,0.56,2,2,2,0,0,0,1.0,1.0,20220727_083000.WAV,Foliage
596,9.0,0.57,2,2,2,0,0,0,1.0,1.0,20220727_083000.WAV,Foliage
597,9.0,0.58,2,2,2,0,0,0,1.0,1.0,20220727_083000.WAV,Foliage
598,9.0,0.59,2,2,2,0,0,0,1.0,1.0,20220727_083000.WAV,Foliage
599,9.0,0.6,2,2,2,0,0,0,1.0,1.0,20220727_083000.WAV,Foliage
600,10.0,0.01,1,1,1,0,0,0,1.0,1.0,20220727_083000.WAV,Foliage
601,10.0,0.02,1,1,1,0,0,0,1.0,1.0,20220727_083000.WAV,Foliage
602,10.0,0.03,1,1,1,0,0,0,1.0,1.0,20220727_083000.WAV,Foliage
603,10.0,0.04,1,1,1,0,0,0,1.0,1.0,20220727_083000.WAV,Foliage
604,10.0,0.05,1,1,1,0,0,0,1.0,1.0,20220727_083000.WAV,Foliage
605,10.0,0.06,1,1,1,0,0,0,1.0,1.0,20220727_083000.WAV,Foliage
606,10.0,0.07,1,1,1,0,0,0,1.0,1.0,20220727_083000.WAV,Foliage
607,10.0,0.08,1,1,1,0,0,0,1.0,1.0,20220727_083000.WAV,Foliage
608,10.0,0.09,1,1,1,0,0,0,1.0,1.0,20220727_083000.WAV,Foliage
609,10.0,0.1,1,1,1,0,0,0,1.0,1.0,20220727_083000.WAV,Foliage
610,10.0,0.11,1,1,1,0,0,0,1.0,1.0,20220727_083000.WAV,Foliage
611,10.0,0.12,1,1,1,0,0,0,1.0,1.0,20220727_083000.WAV,Foliage
612,10.0,0.13,1,1,1,0,0,0,1.0,1.0,20220727_083000.WAV,Foliage
613,10.0,0.14,1,1,1,0,0,0,1.0,1.0,20220727_083000.WAV,Foliage
614,10.0,0.15,1,1,1,0,0,0,1.0,1.0,20220727_083000.WAV,Foliage
615,10.0,0.16,1,1,1,0,0,0,1.0,1.0,20220727_083000.WAV,Foliage
616,10.0,0.17,1,1,1,0,0,0,1.0,1.0,20220727_083000.WAV,Foliage
617,10.0,0.18,1,1,1,0,0,0,1.0,1.0,20220727_083000.WAV,Foliage
618,10.0,0.19,1,1,1,0,0,0,1.0,1.0,20220727_083000.WAV,Foliage
619,10.0,0.2,1,1,1,0,0,0,1.0,1.0,20220727_083000.WAV,Foliage
620,10.0,0.21,1,1,1,0,0,0,1.0,1.0,20220727_083000.WAV,Foliage
621,10.0,0.22,1,1,1,0,0,0,1.0,1.0,20220727_083000.WAV,Foliage
622,10.0,0.23,1,1,1,0,0,0,1.0,1.0,20220727_083000.WAV,Foliage
623,10.0,0.24,1,1,1,0,0,0,1.0,1.0,20220727_083000.WAV,Foliage
624,10.0,0.25,1,1,1,0,0,0,1.0,1.0,20220727_083000.WAV,Foliage
625,10.0,0.26,1,1,1,0,0,0,1.0,1.0,20220727_083000.WAV,Foliage
626,10.0,0.27,1,1,1,0,0,0,1.0,1.0,20220727_083000.WAV,Foliage
627,10.0,0.28,1,1,1,0,0,0,1.0,1.0,20220727_083000.WAV,Foliage
628,10.0,0.29,1,1,1,0,0,0,1.0,1.0,20220727_083000.WAV,Foliage
629,10.0,0.3,1,1,1,0,0,0,1.0,1.0,20220727_083000.WAV,Foliage
630,10.0,0.31,1,1,1,0,0,0,1.0,1.0,20220727_083000.WAV,Foliage
631,10.0,0.32,1,1,1,0,0,0,1.0,1.0,20220727_083000.WAV,Foliage
632,10.0,0.33,1,1,1,0,0,0,1.0,1.0,20220727_083000.WAV,Foliage
633,10.0,0.34,1,1,1,0,0,0,1.0,1.0,20220727_083000.WAV,Foliage
634,10.0,0.35,1,1,1,0,0,0,1.0,1.0,20220727_083000.WAV,Foliage
635,10.0,0.36,1,1,1,0,0,0,1.0,1.0,20220727_083000.WAV,Foliage
636,10.0,0.37,1,1,1,0,0,0,1.0,1.0,20220727_083000.WAV,Foliage
637,10.0,0.38,1,1,1,0,0,0,1.0,1.0,20220727_083000.WAV,Foliage
638,10.0,0.39,1,1,1,0,0,0,1.0,1.0,20220727_083000.WAV,Foliage
639,10.0,0.4,1,1,1,0,0,0,1.0,1.0,20220727_083000.WAV,Foliage
640,10.0,0.41,1,1,1,0,0,0,1.0,1.0,20220727_083000.WAV,Foliage
641,10.0,0.42,1,1,1,0,0,0,1.0,1.0,20220727_083000.WAV,Foliage
642,10.0,0.43,1,1,1,0,0,0,1.0,1.0,20220727_083000.WAV,Foliage
643,10.0,0.44,1,1,1,0,0,0,1.0,1.0,20220727_083000.WAV,Foliage
644,10.0,0.45,1,1,1,0,0,0,1.0,1.0,20220727_083000.WAV,Foliage
645,10.0,0.46,1,1,1,0,0,0,1.0,1.0,20220727_083000.WAV,Foliage
646,10.0,0.47,1,1,1,0,0,0,1.0,1.0,20220727_083000.WAV,Foliage
647,10.0,0.48,1,1,1,0,0,0,1.0,1.0,20220727_083000.WAV,Foliage
648,10.0,0.49,1,1,1,0,0,0,1.0,1.0,20220727_083000.WAV,Foliage
649,10.0,0.5,1,1,1,0,0,0,1.0,1.0,20220727_083000.WAV,Foliage
650,10.0,0.51,1,1,1,0,0,0,1.0,1.0,20220727_083000.WAV,Foliage
651,10.0,0.52,1,1,1,0,0,0,1.0,1.0,20220727_083000.WAV,Foliage
652,10.0,0.53,1,1,1,0,0,0,1.0,1.0,20220727_083000.WAV,Foliage
653,10.0,0.54,1,1,1,0,0,0,1.0,1.0,20220727_083000.WAV,Foliage
654,10.0,0.55,1,1,1,0,0,0,1.0,1.0,20220727_083000.WAV,Foliage
655,10.0,0.56,1,1,1,0,0,0,1.0,1.0,20220727_083000.WAV,Foliage
656,10.0,0.57,1,1,1,0,0,0,1.0,1.0,20220727_083000.WAV,Foliage
657,10.0,0.58,1,1,1,0,0,0,1.0,1.0,20220727_083000.WAV,Foliage
658,10.0,0.59,1,1,1,0,0,0,1.0,1.0,20220727_083000.WAV,Foliage
659,10.0,0.6,1,1,1,0,0,0,1.0,1.0,20220727_083000.WAV,Foliage
660,11.0,0.01,1,1,1,0,0,0,1.0,1.0,20220727_083000.WAV,Foliage
661,11.0,0.02,1,1,1,0,0,0,1.0,1.0,20220727_083000.WAV,Foliage
662,11.0,0.03,1,1,1,0,0,0,1.0,1.0,20220727_083000.WAV,Foliage
663,11.0,0.04,1,1,1,0,0,0,1.0,1.0,20220727_083000.WAV,Foliage
664,11.0,0.05,1,1,1,0,0,0,1.0,1.0,20220727_083000.WAV,Foliage
665,11.0,0.06,1,1,1,0,0,0,1.0,1.0,20220727_083000.WAV,Foliage
666,11.0,0.07,1,1,1,0,0,0,1.0,1.0,20220727_083000.WAV,Foliage
667,11.0,0.08,1,1,1,0,0,0,1.0,1.0,20220727_083000.WAV,Foliage
668,11.0,0.09,1,1,1,0,0,0,1.0,1.0,20220727_083000.WAV,Foliage
669,11.0,0.1,1,1,1,0,0,0,1.0,1.0,20220727_083000.WAV,Foliage
670,11.0,0.11,1,1,1,0,0,0,1.0,1.0,20220727_083000.WAV,Foliage
671,11.0,0.12,1,1,1,0,0,0,1.0,1.0,20220727_083000.WAV,Foliage
672,11.0,0.13,1,1,1,0,0,0,1.0,1.0,20220727_083000.WAV,Foliage
673,11.0,0.14,1,1,1,0,0,0,1.0,1.0,20220727_083000.WAV,Foliage
674,11.0,0.15,1,1,1,0,0,0,1.0,1.0,20220727_083000.WAV,Foliage
675,11.0,0.16,1,1,1,0,0,0,1.0,1.0,20220727_083000.WAV,Foliage
676,11.0,0.17,1,1,1,0,0,0,1.0,1.0,20220727_083000.WAV,Foliage
677,11.0,0.18,1,1,1,0,0,0,1.0,1.0,20220727_083000.WAV,Foliage
678,11.0,0.19,1,1,1,0,0,0,1.0,1.0,20220727_083000.WAV,Foliage
679,11.0,0.2,1,1,1,0,0,0,1.0,1.0,20220727_083000.WAV,Foliage
680,11.0,0.21,1,1,1,0,0,0,1.0,1.0,20220727_083000.WAV,Foliage
681,11.0,0.22,1,1,1,0,0,0,1.0,1.0,20220727_083000.WAV,Foliage
682,11.0,0.23,1,1,1,0,0,0,1.0,1.0,20220727_083000.WAV,Foliage
683,11.0,0.24,1,1,1,0,0,0,1.0,1.0,20220727_083000.WAV,Foliage
684,11.0,0.25,1,1,1,0,0,0,1.0,1.0,20220727_083000.WAV,Foliage
685,11.0,0.26,1,1,1,0,0,0,1.0,1.0,20220727_083000.WAV,Foliage
686,11.0,0.27,1,1,1,0,0,0,1.0,1.0,20220727_083000.WAV,Foliage
687,11.0,0.28,1,1,1,0,0,0,1.0,1.0,20220727_083000.WAV,Foliage
688,11.0,0.29,1,1,1,0,0,0,1.0,1.0,20220727_083000.WAV,Foliage
689,11.0,0.3,1,1,1,0,0,0,1.0,1.0,20220727_083000.WAV,Foliage
690,11.0,0.31,1,1,1,0,0,0,1.0,1.0,20220727_083000.WAV,Foliage
691,11.0,0.32,1,1,1,0,0,0,1.0,1.0,20220727_083000.WAV,Foliage
692,11.0,0.33,1,1,1,0,0,0,1.0,1.0,20220727_083000.WAV,Foliage
693,11.0,0.34,1,1,1,0,0,0,1.0,1.0,20220727_083000.WAV,Foliage
694,11.0,0.35,1,1,1,0,0,0,1.0,1.0,20220727_083000.WAV,Foliage
695,11.0,0.36,1,1,1,0,0,0,1.0,1.0,20220727_083000.WAV,Foliage
696,11.0,0.37,1,1,1,0,0,0,1.0,1.0,20220727_083000.WAV,Foliage
697,11.0,0.38,1,1,1,0,0,0,1.0,1.0,20220727_083000.WAV,Foliage
698,11.0,0.39,1,1,1,0,0,0,1.0,1.0,20220727_083000.WAV,Foliage
699,11.0,0.4,1,1,1,0,0,0,1.0,1.0,20220727_083000.WAV,Foliage
700,11.0,0.41,1,1,1,0,0,0,1.0,1.0,20220727_083000.WAV,Foliage
701,11.0,0.42,1,1,1,0,0,0,1.0,1.0,20220727_083000.WAV,Foliage
702,11.0,0.43,1,1,1,0,0,0,1.0,1.0,20220727_083000.WAV,Foliage
703,11.0,0.44,1,1,1,0,0,0,1.0,1.0,20220727_083000.WAV,Foliage
704,11.0,0.45,1,1,1,0,0,0,1.0,1.0,20220727_083000.WAV,Foliage
705,11.0,0.46,1,1,1,0,0,0,1.0,1.0,20220727_083000.WAV,Foliage
706,11.0,0.47,1,1,1,0,0,0,1.0,1.0,20220727_083000.WAV,Foliage
707,11.0,0.48,1,1,1,0,0,0,1.0,1.0,20220727_083000.WAV,Foliage
708,11.0,0.49,1,1,1,0,0,0,1.0,1.0,20220727_083000.WAV,Foliage
709,11.0,0.5,1,1,1,0,0,0,1.0,1.0,20220727_083000.WAV,Foliage
710,11.0,0.51,1,1,1,0,0,0,1.0,1.0,20220727_083000.WAV,Foliage
711,11.0,0.52,1,1,1,0,0,0,1.0,1.0,20220727_083000.WAV,Foliage
712,11.0,0.53,1,1,1,0,0,0,1.0,1.0,20220727_083000.WAV,Foliage
713,11.0,0.54,1,1,1,0,0,0,1.0,1.0,20220727_083000.WAV,Foliage
714,11.0,0.55,1,1,1,0,0,0,1.0,1.0,20220727_083000.WAV,Foliage
715,11.0,0.56,1,1,1,0,0,0,1.0,1.0,20220727_083000.WAV,Foliage
716,11.0,0.57,1,1,1,0,0,0,1.0,1.0,20220727_083000.WAV,Foliage
717,11.0,0.58,1,1,1,0,0,0,1.0,1.0,20220727_083000.WAV,Foliage
718,11.0,0.59,1,1,1,0,0,0,1.0,1.0,20220727_083000.WAV,Foliage
719,11.0,0.6,1,1,1,0,0,0,1.0,1.0,20220727_083000.WAV,Foliage
720,12.0,0.01,0,0,0,0,0,0,,,20220727_083000.WAV,Foliage
721,12.0,0.02,0,0,0,0,0,0,,,20220727_083000.WAV,Foliage
722,12.0,0.03,0,0,0,0,0,0,,,20220727_083000.WAV,Foliage
723,12.0,0.04,0,0,0,0,0,0,,,20220727_083000.WAV,Foliage
724,12.0,0.05,0,0,0,0,0,0,,,20220727_083000.WAV,Foliage
725,12.0,0.06,0,0,0,0,0,0,,,20220727_083000.WAV,Foliage
726,12.0,0.07,0,0,0,0,0,0,,,20220727_083000.WAV,Foliage
727,12.0,0.08,0,0,0,0,0,0,,,20220727_083000.WAV,Foliage
728,12.0,0.09,0,0,0,0,0,0,,,20220727_083000.WAV,Foliage
729,12.0,0.1,0,0,0,0,0,0,,,20220727_083000.WAV,Foliage
730,12.0,0.11,0,0,0,0,0,0,,,20220727_083000.WAV,Foliage
731,12.0,0.12,0,0,0,0,0,0,,,20220727_083000.WAV,Foliage
732,12.0,0.13,0,0,0,0,0,0,,,20220727_083000.WAV,Foliage
733,12.0,0.14,0,0,0,0,0,0,,,20220727_083000.WAV,Foliage
734,12.0,0.15,0,0,0,0,0,0,,,20220727_083000.WAV,Foliage
735,12.0,0.16,0,0,0,0,0,0,,,20220727_083000.WAV,Foliage
736,12.0,0.17,0,0,0,0,0,0,,,20220727_083000.WAV,Foliage
737,12.0,0.18,0,0,0,0,0,0,,,20220727_083000.WAV,Foliage
738,12.0,0.19,0,0,0,0,0,0,,,20220727_083000.WAV,Foliage
739,12.0,0.2,0,0,0,0,0,0,,,20220727_083000.WAV,Foliage
740,12.0,0.21,0,0,0,0,0,0,,,20220727_083000.WAV,Foliage
741,12.0,0.22,0,0,0,0,0,0,,,20220727_083000.WAV,Foliage
742,12.0,0.23,0,0,0,0,0,0,,,20220727_083000.WAV,Foliage
743,12.0,0.24,0,0,0,0,0,0,,,20220727_083000.WAV,Foliage
744,12.0,0.25,0,0,0,0,0,0,,,20220727_083000.WAV,Foliage
745,12.0,0.26,0,0,0,0,0,0,,,20220727_083000.WAV,Foliage
746,12.0,0.27,0,0,0,0,0,0,,,20220727_083000.WAV,Foliage
747,12.0,0.28,0,0,0,0,0,0,,,20220727_083000.WAV,Foliage
748,12.0,0.29,0,0,0,0,0,0,,,20220727_083000.WAV,Foliage
749,12.0,0.3,0,0,0,0,0,0,,,20220727_083000.WAV,Foliage
750,12.0,0.31,0,0,0,0,0,0,,,20220727_083000.WAV,Foliage
751,12.0,0.32,0,0,0,0,0,0,,,20220727_083000.WAV,Foliage
752,12.0,0.33,0,0,0,0,0,0,,,20220727_083000.WAV,Foliage
753,12.0,0.34,0,0,0,0,0,0,,,20220727_083000.WAV,Foliage
754,12.0,0.35,0,0,0,0,0,0,,,20220727_083000.WAV,Foliage
755,12.0,0.36,0,0,0,0,0,0,,,20220727_083000.WAV,Foliage
756,12.0,0.37,0,0,0,0,0,0,,,20220727_083000.WAV,Foliage
757,12.0,0.38,0,0,0,0,0,0,,,20220727_083000.WAV,Foliage
758,12.0,0.39,0,0,0,0,0,0,,,20220727_083000.WAV,Foliage
759,12.0,0.4,0,0,0,0,0,0,,,20220727_083000.WAV,Foliage
760,12.0,0.41,0,0,0,0,0,0,,,20220727_083000.WAV,Foliage
761,12.0,0.42,0,0,0,0,0,0,,,20220727_083000.WAV,Foliage
762,12.0,0.43,0,0,0,0,0,0,,,20220727_083000.WAV,Foliage
763,12.0,0.44,0,0,0,0,0,0,,,20220727_083000.WAV,Foliage
764,12.0,0.45,0,0,0,0,0,0,,,20220727_083000.WAV,Foliage
765,12.0,0.46,0,0,0,0,0,0,,,20220727_083000.WAV,Foliage
766,12.0,0.47,0,0,0,0,0,0,,,20220727_083000.WAV,Foliage
767,12.0,0.48,0,0,0,0,0,0,,,20220727_083000.WAV,Foliage
768,12.0,0.49,0,0,0,0,0,0,,,20220727_083000.WAV,Foliage
769,12.0,0.5,0,0,0,0,0,0,,,20220727_083000.WAV,Foliage
770,12.0,0.51,0,0,0,0,0,0,,,20220727_083000.WAV,Foliage
771,12.0,0.52,0,0,0,0,0,0,,,20220727_083000.WAV,Foliage
772,12.0,0.53,0,0,0,0,0,0,,,20220727_083000.WAV,Foliage
773,12.0,0.54,0,0,0,0,0,0,,,20220727_083000.WAV,Foliage
774,12.0,0.55,0,0,0,0,0,0,,,20220727_083000.WAV,Foliage
775,12.0,0.56,0,0,0,0,0,0,,,20220727_083000.WAV,Foliage
776,12.0,0.57,0,0,0,0,0,0,,,20220727_083000.WAV,Foliage
777,12.0,0.58,0,0,0,0,0,0,,,20220727_083000.WAV,Foliage
778,12.0,0.59,0,0,0,0,0,0,,,20220727_083000.WAV,Foliage
779,12.0,0.6,0,0,0,0,0,0,,,20220727_083000.WAV,Foliage
780,13.0,0.01,0,0,0,0,0,0,,,20220727_083000.WAV,Foliage
781,13.0,0.02,0,0,0,0,0,0,,,20220727_083000.WAV,Foliage
782,13.0,0.03,0,0,0,0,0,0,,,20220727_083000.WAV,Foliage
783,13.0,0.04,0,0,0,0,0,0,,,20220727_083000.WAV,Foliage
784,13.0,0.05,0,0,0,0,0,0,,,20220727_083000.WAV,Foliage
785,13.0,0.06,0,0,0,0,0,0,,,20220727_083000.WAV,Foliage
786,13.0,0.07,0,0,0,0,0,0,,,20220727_083000.WAV,Foliage
787,13.0,0.08,0,0,0,0,0,0,,,20220727_083000.WAV,Foliage
788,13.0,0.09,0,0,0,0,0,0,,,20220727_083000.WAV,Foliage
789,13.0,0.1,0,0,0,0,0,0,,,20220727_083000.WAV,Foliage
790,13.0,0.11,0,0,0,0,0,0,,,20220727_083000.WAV,Foliage
791,13.0,0.12,0,0,0,0,0,0,,,20220727_083000.WAV,Foliage
792,13.0,0.13,0,0,0,0,0,0,,,20220727_083000.WAV,Foliage
793,13.0,0.14,0,0,0,0,0,0,,,20220727_083000.WAV,Foliage
794,13.0,0.15,0,0,0,0,0,0,,,20220727_083000.WAV,Foliage
795,13.0,0.16,0,0,0,0,0,0,,,20220727_083000.WAV,Foliage
796,13.0,0.17,0,0,0,0,0,0,,,20220727_083000.WAV,Foliage
797,13.0,0.18,0,0,0,0,0,0,,,20220727_083000.WAV,Foliage
798,13.0,0.19,0,0,0,0,0,0,,,20220727_083000.WAV,Foliage
799,13.0,0.2,0,0,0,0,0,0,,,20220727_083000.WAV,Foliage
800,13.0,0.21,0,0,0,0,0,0,,,20220727_083000.WAV,Foliage
801,13.0,0.22,0,0,0,0,0,0,,,20220727_083000.WAV,Foliage
802,13.0,0.23,0,0,0,0,0,0,,,20220727_083000.WAV,Foliage
803,13.0,0.24,0,0,0,0,0,0,,,20220727_083000.WAV,Foliage
804,13.0,0.25,0,0,0,0,0,0,,,20220727_083000.WAV,Foliage
805,13.0,0.26,0,0,0,0,0,0,,,20220727_083000.WAV,Foliage
806,13.0,0.27,0,0,0,0,0,0,,,20220727_083000.WAV,Foliage
807,13.0,0.28,0,0,0,0,0,0,,,20220727_083000.WAV,Foliage
808,13.0,0.29,0,0,0,0,0,0,,,20220727_083000.WAV,Foliage
809,13.0,0.3,0,0,0,0,0,0,,,20220727_083000.WAV,Foliage
810,13.0,0.31,0,0,0,0,0,0,,,20220727_083000.WAV,Foliage
811,13.0,0.32,0,0,0,0,0,0,,,20220727_083000.WAV,Foliage
812,13.0,0.33,0,0,0,0,0,0,,,20220727_083000.WAV,Foliage
813,13.0,0.34,0,0,0,0,0,0,,,20220727_083000.WAV,Foliage
814,13.0,0.35,0,0,0,0,0,0,,,20220727_083000.WAV,Foliage
815,13.0,0.36,0,0,0,0,0,0,,,20220727_083000.WAV,Foliage
816,13.0,0.37,0,0,0,0,0,0,,,20220727_083000.WAV,Foliage
817,13.0,0.38,0,0,0,0,0,0,,,20220727_083000.WAV,Foliage
818,13.0,0.39,0,0,0,0,0,0,,,20220727_083000.WAV,Foliage
819,13.0,0.4,0,0,0,0,0,0,,,20220727_083000.WAV,Foliage
820,13.0,0.41,0,0,0,0,0,0,,,20220727_083000.WAV,Foliage
821,13.0,0.42,0,0,0,0,0,0,,,20220727_083000.WAV,Foliage
822,13.0,0.43,0,0,0,0,0,0,,,20220727_083000.WAV,Foliage
823,13.0,0.44,0,0,0,0,0,0,,,20220727_083000.WAV,Foliage
824,13.0,0.45,0,0,0,0,0,0,,,20220727_083000.WAV,Foliage
825,13.0,0.46,0,0,0,0,0,0,,,20220727_083000.WAV,Foliage
826,13.0,0.47,0,0,0,0,0,0,,,20220727_083000.WAV,Foliage
827,13.0,0.48,0,0,0,0,0,0,,,20220727_083000.WAV,Foliage
828,13.0,0.49,0,0,0,0,0,0,,,20220727_083000.WAV,Foliage
829,13.0,0.5,0,0,0,0,0,0,,,20220727_083000.WAV,Foliage
830,13.0,0.51,0,0,0,0,0,0,,,20220727_083000.WAV,Foliage
831,13.0,0.52,0,0,0,0,0,0,,,20220727_083000.WAV,Foliage
832,13.0,0.53,0,0,0,0,0,0,,,20220727_083000.WAV,Foliage
833,13.0,0.54,0,0,0,0,0,0,,,20220727_083000.WAV,Foliage
834,13.0,0.55,0,0,0,0,0,0,,,20220727_083000.WAV,Foliage
835,13.0,0.56,0,0,0,0,0,0,,,20220727_083000.WAV,Foliage
836,13.0,0.57,0,0,0,0,0,0,,,20220727_083000.WAV,Foliage
837,13.0,0.58,0,0,0,0,0,0,,,20220727_083000.WAV,Foliage
838,13.0,0.59,0,0,0,0,0,0,,,20220727_083000.WAV,Foliage
839,13.0,0.6,0,0,0,0,0,0,,,20220727_083000.WAV,Foliage
840,14.0,0.01,0,0,0,0,0,0,,,20220727_083000.WAV,Foliage
841,14.0,0.02,0,0,0,0,0,0,,,20220727_083000.WAV,Foliage
842,14.0,0.03,0,0,0,0,0,0,,,20220727_083000.WAV,Foliage
843,14.0,0.04,0,0,0,0,0,0,,,20220727_083000.WAV,Foliage
844,14.0,0.05,0,0,0,0,0,0,,,20220727_083000.WAV,Foliage
845,14.0,0.06,0,0,0,0,0,0,,,20220727_083000.WAV,Foliage
846,14.0,0.07,0,0,0,0,0,0,,,20220727_083000.WAV,Foliage
847,14.0,0.08,0,0,0,0,0,0,,,20220727_083000.WAV,Foliage
848,14.0,0.09,0,0,0,0,0,0,,,20220727_083000.WAV,Foliage
849,14.0,0.1,0,0,0,0,0,0,,,20220727_083000.WAV,Foliage
850,14.0,0.11,0,0,0,0,0,0,,,20220727_083000.WAV,Foliage
851,14.0,0.12,0,0,0,0,0,0,,,20220727_083000.WAV,Foliage
852,14.0,0.13,0,0,0,0,0,0,,,20220727_083000.WAV,Foliage
853,14.0,0.14,0,0,0,0,0,0,,,20220727_083000.WAV,Foliage
854,14.0,0.15,0,0,0,0,0,0,,,20220727_083000.WAV,Foliage
855,14.0,0.16,0,0,0,0,0,0,,,20220727_083000.WAV,Foliage
856,14.0,0.17,0,0,0,0,0,0,,,20220727_083000.WAV,Foliage
857,14.0,0.18,0,0,0,0,0,0,,,20220727_083000.WAV,Foliage
858,14.0,0.19,0,0,0,0,0,0,,,20220727_083000.WAV,Foliage
859,14.0,0.2,0,0,0,0,0,0,,,20220727_083000.WAV,Foliage
860,14.0,0.21,0,0,0,0,0,0,,,20220727_083000.WAV,Foliage
861,14.0,0.22,0,0,0,0,0,0,,,20220727_083000.WAV,Foliage
862,14.0,0.23,0,0,0,0,0,0,,,20220727_083000.WAV,Foliage
863,14.0,0.24,0,0,0,0,0,0,,,20220727_083000.WAV,Foliage
864,14.0,0.25,0,0,0,0,0,0,,,20220727_083000.WAV,Foliage
865,14.0,0.26,0,0,0,0,0,0,,,20220727_083000.WAV,Foliage
866,14.0,0.27,0,0,0,0,0,0,,,20220727_083000.WAV,Foliage
867,14.0,0.28,0,0,0,0,0,0,,,20220727_083000.WAV,Foliage
868,14.0,0.29,0,0,0,0,0,0,,,20220727_083000.WAV,Foliage
869,14.0,0.3,0,0,0,0,0,0,,,20220727_083000.WAV,Foliage
870,14.0,0.31,0,0,0,0,0,0,,,20220727_083000.WAV,Foliage
871,14.0,0.32,0,0,0,0,0,0,,,20220727_083000.WAV,Foliage
872,14.0,0.33,0,0,0,0,0,0,,,20220727_083000.WAV,Foliage
873,14.0,0.34,0,0,0,0,0,0,,,20220727_083000.WAV,Foliage
874,14.0,0.35,0,0,0,0,0,0,,,20220727_083000.WAV,Foliage
875,14.0,0.36,0,0,0,0,0,0,,,20220727_083000.WAV,Foliage
876,14.0,0.37,0,0,0,0,0,0,,,20220727_083000.WAV,Foliage
877,14.0,0.38,0,0,0,0,0,0,,,20220727_083000.WAV,Foliage
878,14.0,0.39,0,0,0,0,0,0,,,20220727_083000.WAV,Foliage
879,14.0,0.4,0,0,0,0,0,0,,,20220727_083000.WAV,Foliage
880,14.0,0.41,0,0,0,0,0,0,,,20220727_083000.WAV,Foliage
881,14.0,0.42,0,0,0,0,0,0,,,20220727_083000.WAV,Foliage
882,14.0,0.43,0,0,0,0,0,0,,,20220727_083000.WAV,Foliage
883,14.0,0.44,0,0,0,0,0,0,,,20220727_083000.WAV,Foliage
884,14.0,0.45,0,0,0,0,0,0,,,20220727_083000.WAV,Foliage
885,14.0,0.46,0,0,0,0,0,0,,,20220727_083000.WAV,Foliage
886,14.0,0.47,0,0,0,0,0,0,,,20220727_083000.WAV,Foliage
887,14.0,0.48,0,0,0,0,0,0,,,20220727_083000.WAV,Foliage
888,14.0,0.49,0,0,0,0,0,0,,,20220727_083000.WAV,Foliage
889,14.0,0.5,0,0,0,0,0,0,,,20220727_083000.WAV,Foliage
890,14.0,0.51,0,0,0,0,0,0,,,20220727_083000.WAV,Foliage
891,14.0,0.52,0,0,0,0,0,0,,,20220727_083000.WAV,Foliage
892,14.0,0.53,0,0,0,0,0,0,,,20220727_083000.WAV,Foliage
893,14.0,0.54,0,0,0,0,0,0,,,20220727_083000.WAV,Foliage
894,14.0,0.55,0,0,0,0,0,0,,,20220727_083000.WAV,Foliage
895,14.0,0.56,0,0,0,0,0,0,,,20220727_083000.WAV,Foliage
896,14.0,0.57,0,0,0,0,0,0,,,20220727_083000.WAV,Foliage
897,14.0,0.58,0,0,0,0,0,0,,,20220727_083000.WAV,Foliage
898,14.0,0.59,0,0,0,0,0,0,,,20220727_083000.WAV,Foliage
899,14.0,0.6,0,0,0,0,0,0,,,20220727_083000.WAV,Foliage
900,15.0,0.01,0,0,0,0,0,0,,,20220727_083000.WAV,Foliage
901,15.0,0.02,0,0,0,0,0,0,,,20220727_083000.WAV,Foliage
902,15.0,0.03,0,0,0,0,0,0,,,20220727_083000.WAV,Foliage
903,15.0,0.04,0,0,0,0,0,0,,,20220727_083000.WAV,Foliage
904,15.0,0.05,0,0,0,0,0,0,,,20220727_083000.WAV,Foliage
905,15.0,0.06,0,0,0,0,0,0,,,20220727_083000.WAV,Foliage
906,15.0,0.07,0,0,0,0,0,0,,,20220727_083000.WAV,Foliage
907,15.0,0.08,0,0,0,0,0,0,,,20220727_083000.WAV,Foliage
908,15.0,0.09,0,0,0,0,0,0,,,20220727_083000.WAV,Foliage
909,15.0,0.1,0,0,0,0,0,0,,,20220727_083000.WAV,Foliage
910,15.0,0.11,0,0,0,0,0,0,,,20220727_083000.WAV,Foliage
911,15.0,0.12,0,0,0,0,0,0,,,20220727_083000.WAV,Foliage
912,15.0,0.13,0,0,0,0,0,0,,,20220727_083000.WAV,Foliage
913,15.0,0.14,0,0,0,0,0,0,,,20220727_083000.WAV,Foliage
914,15.0,0.15,0,0,0,0,0,0,,,20220727_083000.WAV,Foliage
915,15.0,0.16,0,0,0,0,0,0,,,20220727_083000.WAV,Foliage
916,15.0,0.17,0,0,0,0,0,0,,,20220727_083000.WAV,Foliage
917,15.0,0.18,0,0,0,0,0,0,,,20220727_083000.WAV,Foliage
918,15.0,0.19,0,0,0,0,0,0,,,20220727_083000.WAV,Foliage
919,15.0,0.2,0,0,0,0,0,0,,,20220727_083000.WAV,Foliage
920,15.0,0.21,0,0,0,0,0,0,,,20220727_083000.WAV,Foliage
921,15.0,0.22,0,0,0,0,0,0,,,20220727_083000.WAV,Foliage
922,15.0,0.23,0,0,0,0,0,0,,,20220727_083000.WAV,Foliage
923,15.0,0.24,0,0,0,0,0,0,,,20220727_083000.WAV,Foliage
924,15.0,0.25,0,0,0,0,0,0,,,20220727_083000.WAV,Foliage
925,15.0,0.26,0,0,0,0,0,0,,,20220727_083000.WAV,Foliage
926,15.0,0.27,0,0,0,0,0,0,,,20220727_083000.WAV,Foliage
927,15.0,0.28,0,0,0,0,0,0,,,20220727_083000.WAV,Foliage
928,15.0,0.29,0,0,0,0,0,0,,,20220727_083000.WAV,Foliage
929,15.0,0.3,0,0,0,0,0,0,,,20220727_083000.WAV,Foliage
930,15.0,0.31,0,0,0,0,0,0,,,20220727_083000.WAV,Foliage
931,15.0,0.32,0,0,0,0,0,0,,,20220727_083000.WAV,Foliage
932,15.0,0.33,0,0,0,0,0,0,,,20220727_083000.WAV,Foliage
933,15.0,0.34,0,0,0,0,0,0,,,20220727_083000.WAV,Foliage
934,15.0,0.35,0,0,0,0,0,0,,,20220727_083000.WAV,Foliage
935,15.0,0.36,0,0,0,0,0,0,,,20220727_083000.WAV,Foliage
936,15.0,0.37,0,0,0,0,0,0,,,20220727_083000.WAV,Foliage
937,15.0,0.38,0,0,0,0,0,0,,,20220727_083000.WAV,Foliage
938,15.0,0.39,0,0,0,0,0,0,,,20220727_083000.WAV,Foliage
939,15.0,0.4,0,0,0,0,0,0,,,20220727_083000.WAV,Foliage
940,15.0,0.41,0,0,0,0,0,0,,,20220727_083000.WAV,Foliage
941,15.0,0.42,0,0,0,0,0,0,,,20220727_083000.WAV,Foliage
942,15.0,0.43,0,0,0,0,0,0,,,20220727_083000.WAV,Foliage
943,15.0,0.44,0,0,0,0,0,0,,,20220727_083000.WAV,Foliage
944,15.0,0.45,0,0,0,0,0,0,,,20220727_083000.WAV,Foliage
945,15.0,0.46,0,0,0,0,0,0,,,20220727_083000.WAV,Foliage
946,15.0,0.47,0,0,0,0,0,0,,,20220727_083000.WAV,Foliage
947,15.0,0.48,0,0,0,0,0,0,,,20220727_083000.WAV,Foliage
948,15.0,0.49,0,0,0,0,0,0,,,20220727_083000.WAV,Foliage
949,15.0,0.5,0,0,0,0,0,0,,,20220727_083000.WAV,Foliage
950,15.0,0.51,0,0,0,0,0,0,,,20220727_083000.WAV,Foliage
951,15.0,0.52,0,0,0,0,0,0,,,20220727_083000.WAV,Foliage
952,15.0,0.53,0,0,0,0,0,0,,,20220727_083000.WAV,Foliage
953,15.0,0.54,0,0,0,0,0,0,,,20220727_083000.WAV,Foliage
954,15.0,0.55,0,0,0,0,0,0,,,20220727_083000.WAV,Foliage
955,15.0,0.56,0,0,0,0,0,0,,,20220727_083000.WAV,Foliage
956,15.0,0.57,0,0,0,0,0,0,,,20220727_083000.WAV,Foliage
957,15.0,0.58,0,0,0,0,0,0,,,20220727_083000.WAV,Foliage
958,15.0,0.59,0,0,0,0,0,0,,,20220727_083000.WAV,Foliage
959,15.0,0.6,0,0,0,0,0,0,,,20220727_083000.WAV,Foliage
960,16.0,0.01,0,0,0,0,0,0,,,20220727_083000.WAV,Foliage
961,16.0,0.02,0,0,0,0,0,0,,,20220727_083000.WAV,Foliage
962,16.0,0.03,0,0,0,0,0,0,,,20220727_083000.WAV,Foliage
963,16.0,0.04,0,0,0,0,0,0,,,20220727_083000.WAV,Foliage
964,16.0,0.05,0,0,0,0,0,0,,,20220727_083000.WAV,Foliage
965,16.0,0.06,0,0,0,0,0,0,,,20220727_083000.WAV,Foliage
966,16.0,0.07,0,0,0,0,0,0,,,20220727_083000.WAV,Foliage
967,16.0,0.08,0,0,0,0,0,0,,,20220727_083000.WAV,Foliage
968,16.0,0.09,0,0,0,0,0,0,,,20220727_083000.WAV,Foliage
969,16.0,0.1,0,0,0,0,0,0,,,20220727_083000.WAV,Foliage
970,16.0,0.11,0,0,0,0,0,0,,,20220727_083000.WAV,Foliage
971,16.0,0.12,0,0,0,0,0,0,,,20220727_083000.WAV,Foliage
972,16.0,0.13,0,0,0,0,0,0,,,20220727_083000.WAV,Foliage
973,16.0,0.14,0,0,0,0,0,0,,,20220727_083000.WAV,Foliage
974,16.0,0.15,0,0,0,0,0,0,,,20220727_083000.WAV,Foliage
975,16.0,0.16,0,0,0,0,0,0,,,20220727_083000.WAV,Foliage
976,16.0,0.17,0,0,0,0,0,0,,,20220727_083000.WAV,Foliage
977,16.0,0.18,0,0,0,0,0,0,,,20220727_083000.WAV,Foliage
978,16.0,0.19,0,0,0,0,0,0,,,20220727_083000.WAV,Foliage
979,16.0,0.2,0,0,0,0,0,0,,,20220727_083000.WAV,Foliage
980,16.0,0.21,0,0,0,0,0,0,,,20220727_083000.WAV,Foliage
981,16.0,0.22,0,0,0,0,0,0,,,20220727_083000.WAV,Foliage
982,16.0,0.23,0,0,0,0,0,0,,,20220727_083000.WAV,Foliage
983,16.0,0.24,0,0,0,0,0,0,,,20220727_083000.WAV,Foliage
984,16.0,0.25,0,0,0,0,0,0,,,20220727_083000.WAV,Foliage
985,16.0,0.26,0,0,0,0,0,0,,,20220727_083000.WAV,Foliage
986,16.0,0.27,0,0,0,0,0,0,,,20220727_083000.WAV,Foliage
987,16.0,0.28,0,0,0,0,0,0,,,20220727_083000.WAV,Foliage
988,16.0,0.29,0,0,0,0,0,0,,,20220727_083000.WAV,Foliage
989,16.0,0.3,0,0,0,0,0,0,,,20220727_083000.WAV,Foliage
990,16.0,0.31,0,0,0,0,0,0,,,20220727_083000.WAV,Foliage
991,16.0,0.32,0,0,0,0,0,0,,,20220727_083000.WAV,Foliage
992,16.0,0.33,0,0,0,0,0,0,,,20220727_083000.WAV,Foliage
993,16.0,0.34,0,0,0,0,0,0,,,20220727_083000.WAV,Foliage
994,16.0,0.35,0,0,0,0,0,0,,,20220727_083000.WAV,Foliage
995,16.0,0.36,0,0,0,0,0,0,,,20220727_083000.WAV,Foliage
996,16.0,0.37,0,0,0,0,0,0,,,20220727_083000.WAV,Foliage
997,16.0,0.38,0,0,0,0,0,0,,,20220727_083000.WAV,Foliage
998,16.0,0.39,0,0,0,0,0,0,,,20220727_083000.WAV,Foliage
999,16.0,0.4,0,0,0,0,0,0,,,20220727_083000.WAV,Foliage
1000,16.0,0.41,0,0,0,0,0,0,,,20220727_083000.WAV,Foliage
1001,16.0,0.42,0,0,0,0,0,0,,,20220727_083000.WAV,Foliage
1002,16.0,0.43,0,0,0,0,0,0,,,20220727_083000.WAV,Foliage
1003,16.0,0.44,0,0,0,0,0,0,,,20220727_083000.WAV,Foliage
1004,16.0,0.45,0,0,0,0,0,0,,,20220727_083000.WAV,Foliage
1005,16.0,0.46,0,0,0,0,0,0,,,20220727_083000.WAV,Foliage
1006,16.0,0.47,0,0,0,0,0,0,,,20220727_083000.WAV,Foliage
1007,16.0,0.48,0,0,0,0,0,0,,,20220727_083000.WAV,Foliage
1008,16.0,0.49,0,0,0,0,0,0,,,20220727_083000.WAV,Foliage
1009,16.0,0.5,0,0,0,0,0,0,,,20220727_083000.WAV,Foliage
1010,16.0,0.51,0,0,0,0,0,0,,,20220727_083000.WAV,Foliage
1011,16.0,0.52,0,0,0,0,0,0,,,20220727_083000.WAV,Foliage
1012,16.0,0.53,0,0,0,0,0,0,,,20220727_083000.WAV,Foliage
1013,16.0,0.54,0,0,0,0,0,0,,,20220727_083000.WAV,Foliage
1014,16.0,0.55,0,0,0,0,0,0,,,20220727_083000.WAV,Foliage
1015,16.0,0.56,0,0,0,0,0,0,,,20220727_083000.WAV,Foliage
1016,16.0,0.57,0,0,0,0,0,0,,,20220727_083000.WAV,Foliage
1017,16.0,0.58,0,0,0,0,0,0,,,20220727_083000.WAV,Foliage
1018,16.0,0.59,0,0,0,0,0,0,,,20220727_083000.WAV,Foliage
1019,16.0,0.6,0,0,0,0,0,0,,,20220727_083000.WAV,Foliage
1020,17.0,0.01,0,0,0,0,0,0,,,20220727_083000.WAV,Foliage
1021,17.0,0.02,0,0,0,0,0,0,,,20220727_083000.WAV,Foliage
1022,17.0,0.03,0,0,0,0,0,0,,,20220727_083000.WAV,Foliage
1023,17.0,0.04,0,0,0,0,0,0,,,20220727_083000.WAV,Foliage
1024,17.0,0.05,0,0,0,0,0,0,,,20220727_083000.WAV,Foliage
1025,17.0,0.06,0,0,0,0,0,0,,,20220727_083000.WAV,Foliage
1026,17.0,0.07,0,0,0,0,0,0,,,20220727_083000.WAV,Foliage
1027,17.0,0.08,0,0,0,0,0,0,,,20220727_083000.WAV,Foliage
1028,17.0,0.09,0,0,0,0,0,0,,,20220727_083000.WAV,Foliage
1029,17.0,0.1,0,0,0,0,0,0,,,20220727_083000.WAV,Foliage
1030,17.0,0.11,0,0,0,0,0,0,,,20220727_083000.WAV,Foliage
1031,17.0,0.12,0,0,0,0,0,0,,,20220727_083000.WAV,Foliage
1032,17.0,0.13,0,0,0,0,0,0,,,20220727_083000.WAV,Foliage
1033,17.0,0.14,0,0,0,0,0,0,,,20220727_083000.WAV,Foliage
1034,17.0,0.15,0,0,0,0,0,0,,,20220727_083000.WAV,Foliage
1035,17.0,0.16,0,0,0,0,0,0,,,20220727_083000.WAV,Foliage
1036,17.0,0.17,0,0,0,0,0,0,,,20220727_083000.WAV,Foliage
1037,17.0,0.18,0,0,0,0,0,0,,,20220727_083000.WAV,Foliage
1038,17.0,0.19,0,0,0,0,0,0,,,20220727_083000.WAV,Foliage
1039,17.0,0.2,0,0,0,0,0,0,,,20220727_083000.WAV,Foliage
1040,17.0,0.21,0,0,0,0,0,0,,,20220727_083000.WAV,Foliage
1041,17.0,0.22,0,0,0,0,0,0,,,20220727_083000.WAV,Foliage
1042,17.0,0.23,0,0,0,0,0,0,,,20220727_083000.WAV,Foliage
1043,17.0,0.24,0,0,0,0,0,0,,,20220727_083000.WAV,Foliage
1044,17.0,0.25,0,0,0,0,0,0,,,20220727_083000.WAV,Foliage
1045,17.0,0.26,0,0,0,0,0,0,,,20220727_083000.WAV,Foliage
1046,17.0,0.27,0,0,0,0,0,0,,,20220727_083000.WAV,Foliage
1047,17.0,0.28,0,0,0,0,0,0,,,20220727_083000.WAV,Foliage
1048,17.0,0.29,0,0,0,0,0,0,,,20220727_083000.WAV,Foliage
1049,17.0,0.3,0,0,0,0,0,0,,,20220727_083000.WAV,Foliage
1050,17.0,0.31,0,0,0,0,0,0,,,20220727_083000.WAV,Foliage
1051,17.0,0.32,0,0,0,0,0,0,,,20220727_083000.WAV,Foliage
1052,17.0,0.33,0,0,0,0,0,0,,,20220727_083000.WAV,Foliage
1053,17.0,0.34,0,0,0,0,0,0,,,20220727_083000.WAV,Foliage
1054,17.0,0.35,0,0,0,0,0,0,,,20220727_083000.WAV,Foliage
1055,17.0,0.36,0,0,0,0,0,0,,,20220727_083000.WAV,Foliage
1056,17.0,0.37,0,0,0,0,0,0,,,20220727_083000.WAV,Foliage
1057,17.0,0.38,0,0,0,0,0,0,,,20220727_083000.WAV,Foliage
1058,17.0,0.39,0,0,0,0,0,0,,,20220727_083000.WAV,Foliage
1059,17.0,0.4,0,0,0,0,0,0,,,20220727_083000.WAV,Foliage
1060,17.0,0.41,0,0,0,0,0,0,,,20220727_083000.WAV,Foliage
1061,17.0,0.42,0,0,0,0,0,0,,,20220727_083000.WAV,Foliage
1062,17.0,0.43,0,0,0,0,0,0,,,20220727_083000.WAV,Foliage
1063,17.0,0.44,0,0,0,0,0,0,,,20220727_083000.WAV,Foliage
1064,17.0,0.45,0,0,0,0,0,0,,,20220727_083000.WAV,Foliage
1065,17.0,0.46,0,0,0,0,0,0,,,20220727_083000.WAV,Foliage
1066,17.0,0.47,0,0,0,0,0,0,,,20220727_083000.WAV,Foliage
1067,17.0,0.48,0,0,0,0,0,0,,,20220727_083000.WAV,Foliage
1068,17.0,0.49,0,0,0,0,0,0,,,20220727_083000.WAV,Foliage
1069,17.0,0.5,0,0,0,0,0,0,,,20220727_083000.WAV,Foliage
1070,17.0,0.51,0,0,0,0,0,0,,,20220727_083000.WAV,Foliage
1071,17.0,0.52,0,0,0,0,0,0,,,20220727_083000.WAV,Foliage
1072,17.0,0.53,0,0,0,0,0,0,,,20220727_083000.WAV,Foliage
1073,17.0,0.54,0,0,0,0,0,0,,,20220727_083000.WAV,Foliage
1074,17.0,0.55,0,0,0,0,0,0,,,20220727_083000.WAV,Foliage
1075,17.0,0.56,0,0,0,0,0,0,,,20220727_083000.WAV,Foliage
1076,17.0,0.57,0,0,0,0,0,0,,,20220727_083000.WAV,Foliage
1077,17.0,0.58,0,0,0,0,0,0,,,20220727_083000.WAV,Foliage
1078,17.0,0.59,0,0,0,0,0,0,,,20220727_083000.WAV,Foliage
1079,17.0,0.6,0,0,0,0,0,0,,,20220727_083000.WAV,Foliage
1080,18.0,0.01,0,0,0,0,0,0,,,20220727_083000.WAV,Foliage
1081,18.0,0.02,0,0,0,0,0,0,,,20220727_083000.WAV,Foliage
1082,18.0,0.03,0,0,0,0,0,0,,,20220727_083000.WAV,Foliage
1083,18.0,0.04,0,0,0,0,0,0,,,20220727_083000.WAV,Foliage
1084,18.0,0.05,0,0,0,0,0,0,,,20220727_083000.WAV,Foliage
1085,18.0,0.06,0,0,0,0,0,0,,,20220727_083000.WAV,Foliage
1086,18.0,0.07,0,0,0,0,0,0,,,20220727_083000.WAV,Foliage
1087,18.0,0.08,0,0,0,0,0,0,,,20220727_083000.WAV,Foliage
1088,18.0,0.09,0,0,0,0,0,0,,,20220727_083000.WAV,Foliage
1089,18.0,0.1,0,0,0,0,0,0,,,20220727_083000.WAV,Foliage
1090,18.0,0.11,0,0,0,0,0,0,,,20220727_083000.WAV,Foliage
1091,18.0,0.12,0,0,0,0,0,0,,,20220727_083000.WAV,Foliage
1092,18.0,0.13,0,0,0,0,0,0,,,20220727_083000.WAV,Foliage
1093,18.0,0.14,0,0,0,0,0,0,,,20220727_083000.WAV,Foliage
1094,18.0,0.15,0,0,0,0,0,0,,,20220727_083000.WAV,Foliage
1095,18.0,0.16,0,0,0,0,0,0,,,20220727_083000.WAV,Foliage
1096,18.0,0.17,0,0,0,0,0,0,,,20220727_083000.WAV,Foliage
1097,18.0,0.18,0,0,0,0,0,0,,,20220727_083000.WAV,Foliage
1098,18.0,0.19,0,0,0,0,0,0,,,20220727_083000.WAV,Foliage
1099,18.0,0.2,0,0,0,0,0,0,,,20220727_083000.WAV,Foliage
1100,18.0,0.21,0,0,0,0,0,0,,,20220727_083000.WAV,Foliage
1101,18.0,0.22,0,0,0,0,0,0,,,20220727_083000.WAV,Foliage
1102,18.0,0.23,0,0,0,0,0,0,,,20220727_083000.WAV,Foliage
1103,18.0,0.24,0,0,0,0,0,0,,,20220727_083000.WAV,Foliage
1104,18.0,0.25,0,0,0,0,0,0,,,20220727_083000.WAV,Foliage
1105,18.0,0.26,0,0,0,0,0,0,,,20220727_083000.WAV,Foliage
1106,18.0,0.27,0,0,0,0,0,0,,,20220727_083000.WAV,Foliage
1107,18.0,0.28,0,0,0,0,0,0,,,20220727_083000.WAV,Foliage
1108,18.0,0.29,0,0,0,0,0,0,,,20220727_083000.WAV,Foliage
1109,18.0,0.3,0,0,0,0,0,0,,,20220727_083000.WAV,Foliage
1110,18.0,0.31,0,0,0,0,0,0,,,20220727_083000.WAV,Foliage
1111,18.0,0.32,0,0,0,0,0,0,,,20220727_083000.WAV,Foliage
1112,18.0,0.33,0,0,0,0,0,0,,,20220727_083000.WAV,Foliage
1113,18.0,0.34,0,0,0,0,0,0,,,20220727_083000.WAV,Foliage
1114,18.0,0.35,0,0,0,0,0,0,,,20220727_083000.WAV,Foliage
1115,18.0,0.36,0,0,0,0,0,0,,,20220727_083000.WAV,Foliage
1116,18.0,0.37,0,0,0,0,0,0,,,20220727_083000.WAV,Foliage
1117,18.0,0.38,0,0,0,0,0,0,,,20220727_083000.WAV,Foliage
1118,18.0,0.39,0,0,0,0,0,0,,,20220727_083000.WAV,Foliage
1119,18.0,0.4,0,0,0,0,0,0,,,20220727_083000.WAV,Foliage
1120,18.0,0.41,0,0,0,0,0,0,,,20220727_083000.WAV,Foliage
1121,18.0,0.42,0,0,0,0,0,0,,,20220727_083000.WAV,Foliage
1122,18.0,0.43,0,0,0,0,0,0,,,20220727_083000.WAV,Foliage
1123,18.0,0.44,0,0,0,0,0,0,,,20220727_083000.WAV,Foliage
1124,18.0,0.45,0,0,0,0,0,0,,,20220727_083000.WAV,Foliage
1125,18.0,0.46,0,0,0,0,0,0,,,20220727_083000.WAV,Foliage
1126,18.0,0.47,0,0,0,0,0,0,,,20220727_083000.WAV,Foliage
1127,18.0,0.48,0,0,0,0,0,0,,,20220727_083000.WAV,Foliage
1128,18.0,0.49,0,0,0,0,0,0,,,20220727_083000.WAV,Foliage
1129,18.0,0.5,0,0,0,0,0,0,,,20220727_083000.WAV,Foliage
1130,18.0,0.51,0,0,0,0,0,0,,,20220727_083000.WAV,Foliage
1131,18.0,0.52,0,0,0,0,0,0,,,20220727_083000.WAV,Foliage
1132,18.0,0.53,0,0,0,0,0,0,,,20220727_083000.WAV,Foliage
1133,18.0,0.54,0,0,0,0,0,0,,,20220727_083000.WAV,Foliage
1134,18.0,0.55,0,0,0,0,0,0,,,20220727_083000.WAV,Foliage
1135,18.0,0.56,0,0,0,0,0,0,,,20220727_083000.WAV,Foliage
1136,18.0,0.57,0,0,0,0,0,0,,,20220727_083000.WAV,Foliage
1137,18.0,0.58,0,0,0,0,0,0,,,20220727_083000.WAV,Foliage
1138,18.0,0.59,0,0,0,0,0,0,,,20220727_083000.WAV,Foliage
1139,18.0,0.6,0,0,0,0,0,0,,,20220727_083000.WAV,Foliage
1140,19.0,0.01,0,0,0,0,0,0,,,20220727_083000.WAV,Foliage
1141,19.0,0.02,0,0,0,0,0,0,,,20220727_083000.WAV,Foliage
1142,19.0,0.03,0,0,0,0,0,0,,,20220727_083000.WAV,Foliage
1143,19.0,0.04,0,0,0,0,0,0,,,20220727_083000.WAV,Foliage
1144,19.0,0.05,0,0,0,0,0,0,,,20220727_083000.WAV,Foliage
1145,19.0,0.06,0,0,0,0,0,0,,,20220727_083000.WAV,Foliage
1146,19.0,0.07,0,0,0,0,0,0,,,20220727_083000.WAV,Foliage
1147,19.0,0.08,0,0,0,0,0,0,,,20220727_083000.WAV,Foliage
1148,19.0,0.09,0,0,0,0,0,0,,,20220727_083000.WAV,Foliage
1149,19.0,0.1,0,0,0,0,0,0,,,20220727_083000.WAV,Foliage
1150,19.0,0.11,0,0,0,0,0,0,,,20220727_083000.WAV,Foliage
1151,19.0,0.12,0,0,0,0,0,0,,,20220727_083000.WAV,Foliage
1152,19.0,0.13,0,0,0,0,0,0,,,20220727_083000.WAV,Foliage
1153,19.0,0.14,0,0,0,0,0,0,,,20220727_083000.WAV,Foliage
1154,19.0,0.15,0,0,0,0,0,0,,,20220727_083000.WAV,Foliage
1155,19.0,0.16,0,0,0,0,0,0,,,20220727_083000.WAV,Foliage
1156,19.0,0.17,0,0,0,0,0,0,,,20220727_083000.WAV,Foliage
1157,19.0,0.18,0,0,0,0,0,0,,,20220727_083000.WAV,Foliage
1158,19.0,0.19,0,0,0,0,0,0,,,20220727_083000.WAV,Foliage
1159,19.0,0.2,0,0,0,0,0,0,,,20220727_083000.WAV,Foliage
1160,19.0,0.21,0,0,0,0,0,0,,,20220727_083000.WAV,Foliage
1161,19.0,0.22,0,0,0,0,0,0,,,20220727_083000.WAV,Foliage
1162,19.0,0.23,0,0,0,0,0,0,,,20220727_083000.WAV,Foliage
1163,19.0,0.24,0,0,0,0,0,0,,,20220727_083000.WAV,Foliage
1164,19.0,0.25,0,0,0,0,0,0,,,20220727_083000.WAV,Foliage
1165,19.0,0.26,0,0,0,0,0,0,,,20220727_083000.WAV,Foliage
1166,19.0,0.27,0,0,0,0,0,0,,,20220727_083000.WAV,Foliage
1167,19.0,0.28,0,0,0,0,0,0,,,20220727_083000.WAV,Foliage
1168,19.0,0.29,0,0,0,0,0,0,,,20220727_083000.WAV,Foliage
1169,19.0,0.3,0,0,0,0,0,0,,,20220727_083000.WAV,Foliage
1170,19.0,0.31,0,0,0,0,0,0,,,20220727_083000.WAV,Foliage
1171,19.0,0.32,0,0,0,0,0,0,,,20220727_083000.WAV,Foliage
1172,19.0,0.33,0,0,0,0,0,0,,,20220727_083000.WAV,Foliage
1173,19.0,0.34,0,0,0,0,0,0,,,20220727_083000.WAV,Foliage
1174,19.0,0.35,0,0,0,0,0,0,,,20220727_083000.WAV,Foliage
1175,19.0,0.36,0,0,0,0,0,0,,,20220727_083000.WAV,Foliage
1176,19.0,0.37,0,0,0,0,0,0,,,20220727_083000.WAV,Foliage
1177,19.0,0.38,0,0,0,0,0,0,,,20220727_083000.WAV,Foliage
1178,19.0,0.39,0,0,0,0,0,0,,,20220727_083000.WAV,Foliage
1179,19.0,0.4,0,0,0,0,0,0,,,20220727_083000.WAV,Foliage
1180,19.0,0.41,0,0,0,0,0,0,,,20220727_083000.WAV,Foliage
1181,19.0,0.42,0,0,0,0,0,0,,,20220727_083000.WAV,Foliage
1182,19.0,0.43,0,0,0,0,0,0,,,20220727_083000.WAV,Foliage
1183,19.0,0.44,0,0,0,0,0,0,,,20220727_083000.WAV,Foliage
1184,19.0,0.45,0,0,0,0,0,0,,,20220727_083000.WAV,Foliage
1185,19.0,0.46,0,0,0,0,0,0,,,20220727_083000.WAV,Foliage
1186,19.0,0.47,0,0,0,0,0,0,,,20220727_083000.WAV,Foliage
1187,19.0,0.48,0,0,0,0,0,0,,,20220727_083000.WAV,Foliage
1188,19.0,0.49,0,0,0,0,0,0,,,20220727_083000.WAV,Foliage
1189,19.0,0.5,0,0,0,0,0,0,,,20220727_083000.WAV,Foliage
1190,19.0,0.51,0,0,0,0,0,0,,,20220727_083000.WAV,Foliage
1191,19.0,0.52,0,0,0,0,0,0,,,20220727_083000.WAV,Foliage
1192,19.0,0.53,0,0,0,0,0,0,,,20220727_083000.WAV,Foliage
1193,19.0,0.54,0,0,0,0,0,0,,,20220727_083000.WAV,Foliage
1194,19.0,0.55,0,0,0,0,0,0,,,20220727_083000.WAV,Foliage
1195,19.0,0.56,0,0,0,0,0,0,,,20220727_083000.WAV,Foliage
1196,19.0,0.57,0,0,0,0,0,0,,,20220727_083000.WAV,Foliage
1197,19.0,0.58,0,0,0,0,0,0,,,20220727_083000.WAV,Foliage
1198,19.0,0.59,0,0,0,0,0,0,,,20220727_083000.WAV,Foliage
1199,19.0,0.6,0,0,0,0,0,0,,,20220727_083000.WAV,Foliage
0,0.0,0.01,21655,1,1,21654,0,0,4.617871161394597e-05,1.0,20220829_090000.WAV,Foliage
1,0.0,0.02,21626,1,1,21625,0,0,4.624063627115509e-05,1.0,20220829_090000.WAV,Foliage
2,0.0,0.03,6029,1,1,6028,0,0,0.0001658649859014762,1.0,20220829_090000.WAV,Foliage
3,0.0,0.04,1805,1,1,1804,0,0,0.000554016620498615,1.0,20220829_090000.WAV,Foliage
4,0.0,0.05,760,1,1,759,0,0,0.0013157894736842105,1.0,20220829_090000.WAV,Foliage
5,0.0,0.06,387,1,1,386,0,0,0.002583979328165375,1.0,20220829_090000.WAV,Foliage
6,0.0,0.07,209,1,1,208,0,0,0.004784688995215311,1.0,20220829_090000.WAV,Foliage
7,0.0,0.08,124,1,1,123,0,0,0.008064516129032258,1.0,20220829_090000.WAV,Foliage
8,0.0,0.09,80,1,1,79,0,0,0.0125,1.0,20220829_090000.WAV,Foliage
9,0.0,0.1,55,1,1,54,0,0,0.01818181818181818,1.0,20220829_090000.WAV,Foliage
10,0.0,0.11,39,1,1,38,0,0,0.02564102564102564,1.0,20220829_090000.WAV,Foliage
11,0.0,0.12,31,1,1,30,0,0,0.03225806451612903,1.0,20220829_090000.WAV,Foliage
12,0.0,0.13,22,1,1,21,0,0,0.045454545454545456,1.0,20220829_090000.WAV,Foliage
13,0.0,0.14,14,1,1,13,0,0,0.07142857142857142,1.0,20220829_090000.WAV,Foliage
14,0.0,0.15,8,1,1,7,0,0,0.125,1.0,20220829_090000.WAV,Foliage
15,0.0,0.16,8,1,1,7,0,0,0.125,1.0,20220829_090000.WAV,Foliage
16,0.0,0.17,4,1,1,3,0,0,0.25,1.0,20220829_090000.WAV,Foliage
17,0.0,0.18,4,1,1,3,0,0,0.25,1.0,20220829_090000.WAV,Foliage
18,0.0,0.19,4,1,1,3,0,0,0.25,1.0,20220829_090000.WAV,Foliage
19,0.0,0.2,4,1,1,3,0,0,0.25,1.0,20220829_090000.WAV,Foliage
20,0.0,0.21,3,1,1,2,0,0,0.3333333333333333,1.0,20220829_090000.WAV,Foliage
21,0.0,0.22,2,1,1,1,0,0,0.5,1.0,20220829_090000.WAV,Foliage
22,0.0,0.23,1,1,1,0,0,0,1.0,1.0,20220829_090000.WAV,Foliage
23,0.0,0.24,1,1,1,0,0,0,1.0,1.0,20220829_090000.WAV,Foliage
24,0.0,0.25,1,1,1,0,0,0,1.0,1.0,20220829_090000.WAV,Foliage
25,0.0,0.26,1,1,1,0,0,0,1.0,1.0,20220829_090000.WAV,Foliage
26,0.0,0.27,1,1,1,0,0,0,1.0,1.0,20220829_090000.WAV,Foliage
27,0.0,0.28,1,1,1,0,0,0,1.0,1.0,20220829_090000.WAV,Foliage
28,0.0,0.29,1,1,1,0,0,0,1.0,1.0,20220829_090000.WAV,Foliage
29,0.0,0.3,1,1,1,0,0,0,1.0,1.0,20220829_090000.WAV,Foliage
30,0.0,0.31,1,1,1,0,0,0,1.0,1.0,20220829_090000.WAV,Foliage
31,0.0,0.32,1,1,1,0,0,0,1.0,1.0,20220829_090000.WAV,Foliage
32,0.0,0.33,1,1,1,0,0,0,1.0,1.0,20220829_090000.WAV,Foliage
33,0.0,0.34,1,1,1,0,0,0,1.0,1.0,20220829_090000.WAV,Foliage
34,0.0,0.35,1,1,1,0,0,0,1.0,1.0,20220829_090000.WAV,Foliage
35,0.0,0.36,1,1,1,0,0,0,1.0,1.0,20220829_090000.WAV,Foliage
36,0.0,0.37,1,1,1,0,0,0,1.0,1.0,20220829_090000.WAV,Foliage
37,0.0,0.38,1,1,1,0,0,0,1.0,1.0,20220829_090000.WAV,Foliage
38,0.0,0.39,0,1,0,0,1,0,,0.0,20220829_090000.WAV,Foliage
39,0.0,0.4,0,1,0,0,1,0,,0.0,20220829_090000.WAV,Foliage
40,0.0,0.41,0,1,0,0,1,0,,0.0,20220829_090000.WAV,Foliage
41,0.0,0.42,0,1,0,0,1,0,,0.0,20220829_090000.WAV,Foliage
42,0.0,0.43,0,1,0,0,1,0,,0.0,20220829_090000.WAV,Foliage
43,0.0,0.44,0,1,0,0,1,0,,0.0,20220829_090000.WAV,Foliage
44,0.0,0.45,0,1,0,0,1,0,,0.0,20220829_090000.WAV,Foliage
45,0.0,0.46,0,1,0,0,1,0,,0.0,20220829_090000.WAV,Foliage
46,0.0,0.47,0,1,0,0,1,0,,0.0,20220829_090000.WAV,Foliage
47,0.0,0.48,0,1,0,0,1,0,,0.0,20220829_090000.WAV,Foliage
48,0.0,0.49,0,1,0,0,1,0,,0.0,20220829_090000.WAV,Foliage
49,0.0,0.5,0,1,0,0,1,0,,0.0,20220829_090000.WAV,Foliage
50,0.0,0.51,0,1,0,0,1,0,,0.0,20220829_090000.WAV,Foliage
51,0.0,0.52,0,1,0,0,1,0,,0.0,20220829_090000.WAV,Foliage
52,0.0,0.53,0,1,0,0,1,0,,0.0,20220829_090000.WAV,Foliage
53,0.0,0.54,0,1,0,0,1,0,,0.0,20220829_090000.WAV,Foliage
54,0.0,0.55,0,1,0,0,1,0,,0.0,20220829_090000.WAV,Foliage
55,0.0,0.56,0,1,0,0,1,0,,0.0,20220829_090000.WAV,Foliage
56,0.0,0.57,0,1,0,0,1,0,,0.0,20220829_090000.WAV,Foliage
57,0.0,0.58,0,1,0,0,1,0,,0.0,20220829_090000.WAV,Foliage
58,0.0,0.59,0,1,0,0,1,0,,0.0,20220829_090000.WAV,Foliage
59,0.0,0.6,0,1,0,0,1,0,,0.0,20220829_090000.WAV,Foliage
60,1.0,0.01,9160,1,1,9159,0,0,0.0001091703056768559,1.0,20220829_090000.WAV,Foliage
61,1.0,0.02,9149,1,1,9148,0,0,0.00010930156301235107,1.0,20220829_090000.WAV,Foliage
62,1.0,0.03,2780,1,1,2779,0,0,0.00035971223021582735,1.0,20220829_090000.WAV,Foliage
63,1.0,0.04,867,1,1,866,0,0,0.0011534025374855825,1.0,20220829_090000.WAV,Foliage
64,1.0,0.05,359,1,1,358,0,0,0.002785515320334262,1.0,20220829_090000.WAV,Foliage
65,1.0,0.06,190,1,1,189,0,0,0.005263157894736842,1.0,20220829_090000.WAV,Foliage
66,1.0,0.07,112,1,1,111,0,0,0.008928571428571428,1.0,20220829_090000.WAV,Foliage
67,1.0,0.08,70,1,1,69,0,0,0.014285714285714285,1.0,20220829_090000.WAV,Foliage
68,1.0,0.09,48,1,1,47,0,0,0.020833333333333332,1.0,20220829_090000.WAV,Foliage
69,1.0,0.1,33,1,1,32,0,0,0.030303030303030304,1.0,20220829_090000.WAV,Foliage
70,1.0,0.11,21,1,1,20,0,0,0.047619047619047616,1.0,20220829_090000.WAV,Foliage
71,1.0,0.12,17,1,1,16,0,0,0.058823529411764705,1.0,20220829_090000.WAV,Foliage
72,1.0,0.13,12,1,1,11,0,0,0.08333333333333333,1.0,20220829_090000.WAV,Foliage
73,1.0,0.14,8,1,1,7,0,0,0.125,1.0,20220829_090000.WAV,Foliage
74,1.0,0.15,4,1,1,3,0,0,0.25,1.0,20220829_090000.WAV,Foliage
75,1.0,0.16,4,1,1,3,0,0,0.25,1.0,20220829_090000.WAV,Foliage
76,1.0,0.17,1,1,1,0,0,0,1.0,1.0,20220829_090000.WAV,Foliage
77,1.0,0.18,1,1,1,0,0,0,1.0,1.0,20220829_090000.WAV,Foliage
78,1.0,0.19,1,1,1,0,0,0,1.0,1.0,20220829_090000.WAV,Foliage
79,1.0,0.2,1,1,1,0,0,0,1.0,1.0,20220829_090000.WAV,Foliage
80,1.0,0.21,1,1,1,0,0,0,1.0,1.0,20220829_090000.WAV,Foliage
81,1.0,0.22,1,1,1,0,0,0,1.0,1.0,20220829_090000.WAV,Foliage
82,1.0,0.23,1,1,1,0,0,0,1.0,1.0,20220829_090000.WAV,Foliage
83,1.0,0.24,1,1,1,0,0,0,1.0,1.0,20220829_090000.WAV,Foliage
84,1.0,0.25,1,1,1,0,0,0,1.0,1.0,20220829_090000.WAV,Foliage
85,1.0,0.26,1,1,1,0,0,0,1.0,1.0,20220829_090000.WAV,Foliage
86,1.0,0.27,1,1,1,0,0,0,1.0,1.0,20220829_090000.WAV,Foliage
87,1.0,0.28,1,1,1,0,0,0,1.0,1.0,20220829_090000.WAV,Foliage
88,1.0,0.29,1,1,1,0,0,0,1.0,1.0,20220829_090000.WAV,Foliage
89,1.0,0.3,1,1,1,0,0,0,1.0,1.0,20220829_090000.WAV,Foliage
90,1.0,0.31,1,1,1,0,0,0,1.0,1.0,20220829_090000.WAV,Foliage
91,1.0,0.32,1,1,1,0,0,0,1.0,1.0,20220829_090000.WAV,Foliage
92,1.0,0.33,1,1,1,0,0,0,1.0,1.0,20220829_090000.WAV,Foliage
93,1.0,0.34,1,1,1,0,0,0,1.0,1.0,20220829_090000.WAV,Foliage
94,1.0,0.35,1,1,1,0,0,0,1.0,1.0,20220829_090000.WAV,Foliage
95,1.0,0.36,1,1,1,0,0,0,1.0,1.0,20220829_090000.WAV,Foliage
96,1.0,0.37,1,1,1,0,0,0,1.0,1.0,20220829_090000.WAV,Foliage
97,1.0,0.38,1,1,1,0,0,0,1.0,1.0,20220829_090000.WAV,Foliage
98,1.0,0.39,0,1,0,0,1,0,,0.0,20220829_090000.WAV,Foliage
99,1.0,0.4,0,1,0,0,1,0,,0.0,20220829_090000.WAV,Foliage
100,1.0,0.41,0,1,0,0,1,0,,0.0,20220829_090000.WAV,Foliage
101,1.0,0.42,0,1,0,0,1,0,,0.0,20220829_090000.WAV,Foliage
102,1.0,0.43,0,1,0,0,1,0,,0.0,20220829_090000.WAV,Foliage
103,1.0,0.44,0,1,0,0,1,0,,0.0,20220829_090000.WAV,Foliage
104,1.0,0.45,0,1,0,0,1,0,,0.0,20220829_090000.WAV,Foliage
105,1.0,0.46,0,1,0,0,1,0,,0.0,20220829_090000.WAV,Foliage
106,1.0,0.47,0,1,0,0,1,0,,0.0,20220829_090000.WAV,Foliage
107,1.0,0.48,0,1,0,0,1,0,,0.0,20220829_090000.WAV,Foliage
108,1.0,0.49,0,1,0,0,1,0,,0.0,20220829_090000.WAV,Foliage
109,1.0,0.5,0,1,0,0,1,0,,0.0,20220829_090000.WAV,Foliage
110,1.0,0.51,0,1,0,0,1,0,,0.0,20220829_090000.WAV,Foliage
111,1.0,0.52,0,1,0,0,1,0,,0.0,20220829_090000.WAV,Foliage
112,1.0,0.53,0,1,0,0,1,0,,0.0,20220829_090000.WAV,Foliage
113,1.0,0.54,0,1,0,0,1,0,,0.0,20220829_090000.WAV,Foliage
114,1.0,0.55,0,1,0,0,1,0,,0.0,20220829_090000.WAV,Foliage
115,1.0,0.56,0,1,0,0,1,0,,0.0,20220829_090000.WAV,Foliage
116,1.0,0.57,0,1,0,0,1,0,,0.0,20220829_090000.WAV,Foliage
117,1.0,0.58,0,1,0,0,1,0,,0.0,20220829_090000.WAV,Foliage
118,1.0,0.59,0,1,0,0,1,0,,0.0,20220829_090000.WAV,Foliage
119,1.0,0.6,0,1,0,0,1,0,,0.0,20220829_090000.WAV,Foliage
120,2.0,0.01,1002,1,1,1001,0,0,0.000998003992015968,1.0,20220829_090000.WAV,Foliage
121,2.0,0.02,1002,1,1,1001,0,0,0.000998003992015968,1.0,20220829_090000.WAV,Foliage
122,2.0,0.03,329,1,1,328,0,0,0.00303951367781155,1.0,20220829_090000.WAV,Foliage
123,2.0,0.04,111,1,1,110,0,0,0.009009009009009009,1.0,20220829_090000.WAV,Foliage
124,2.0,0.05,52,1,1,51,0,0,0.019230769230769232,1.0,20220829_090000.WAV,Foliage
125,2.0,0.06,30,1,1,29,0,0,0.03333333333333333,1.0,20220829_090000.WAV,Foliage
126,2.0,0.07,22,1,1,21,0,0,0.045454545454545456,1.0,20220829_090000.WAV,Foliage
127,2.0,0.08,17,1,1,16,0,0,0.058823529411764705,1.0,20220829_090000.WAV,Foliage
128,2.0,0.09,12,1,1,11,0,0,0.08333333333333333,1.0,20220829_090000.WAV,Foliage
129,2.0,0.1,8,1,1,7,0,0,0.125,1.0,20220829_090000.WAV,Foliage
130,2.0,0.11,6,1,1,5,0,0,0.16666666666666666,1.0,20220829_090000.WAV,Foliage
131,2.0,0.12,6,1,1,5,0,0,0.16666666666666666,1.0,20220829_090000.WAV,Foliage
132,2.0,0.13,4,1,1,3,0,0,0.25,1.0,20220829_090000.WAV,Foliage
133,2.0,0.14,3,1,1,2,0,0,0.3333333333333333,1.0,20220829_090000.WAV,Foliage
134,2.0,0.15,1,1,1,0,0,0,1.0,1.0,20220829_090000.WAV,Foliage
135,2.0,0.16,1,1,1,0,0,0,1.0,1.0,20220829_090000.WAV,Foliage
136,2.0,0.17,1,1,1,0,0,0,1.0,1.0,20220829_090000.WAV,Foliage
137,2.0,0.18,1,1,1,0,0,0,1.0,1.0,20220829_090000.WAV,Foliage
138,2.0,0.19,1,1,1,0,0,0,1.0,1.0,20220829_090000.WAV,Foliage
139,2.0,0.2,1,1,1,0,0,0,1.0,1.0,20220829_090000.WAV,Foliage
140,2.0,0.21,1,1,1,0,0,0,1.0,1.0,20220829_090000.WAV,Foliage
141,2.0,0.22,1,1,1,0,0,0,1.0,1.0,20220829_090000.WAV,Foliage
142,2.0,0.23,1,1,1,0,0,0,1.0,1.0,20220829_090000.WAV,Foliage
143,2.0,0.24,1,1,1,0,0,0,1.0,1.0,20220829_090000.WAV,Foliage
144,2.0,0.25,1,1,1,0,0,0,1.0,1.0,20220829_090000.WAV,Foliage
145,2.0,0.26,1,1,1,0,0,0,1.0,1.0,20220829_090000.WAV,Foliage
146,2.0,0.27,1,1,1,0,0,0,1.0,1.0,20220829_090000.WAV,Foliage
147,2.0,0.28,1,1,1,0,0,0,1.0,1.0,20220829_090000.WAV,Foliage
148,2.0,0.29,1,1,1,0,0,0,1.0,1.0,20220829_090000.WAV,Foliage
149,2.0,0.3,1,1,1,0,0,0,1.0,1.0,20220829_090000.WAV,Foliage
150,2.0,0.31,1,1,1,0,0,0,1.0,1.0,20220829_090000.WAV,Foliage
151,2.0,0.32,1,1,1,0,0,0,1.0,1.0,20220829_090000.WAV,Foliage
152,2.0,0.33,1,1,1,0,0,0,1.0,1.0,20220829_090000.WAV,Foliage
153,2.0,0.34,1,1,1,0,0,0,1.0,1.0,20220829_090000.WAV,Foliage
154,2.0,0.35,1,1,1,0,0,0,1.0,1.0,20220829_090000.WAV,Foliage
155,2.0,0.36,1,1,1,0,0,0,1.0,1.0,20220829_090000.WAV,Foliage
156,2.0,0.37,1,1,1,0,0,0,1.0,1.0,20220829_090000.WAV,Foliage
157,2.0,0.38,1,1,1,0,0,0,1.0,1.0,20220829_090000.WAV,Foliage
158,2.0,0.39,0,1,0,0,1,0,,0.0,20220829_090000.WAV,Foliage
159,2.0,0.4,0,1,0,0,1,0,,0.0,20220829_090000.WAV,Foliage
160,2.0,0.41,0,1,0,0,1,0,,0.0,20220829_090000.WAV,Foliage
161,2.0,0.42,0,1,0,0,1,0,,0.0,20220829_090000.WAV,Foliage
162,2.0,0.43,0,1,0,0,1,0,,0.0,20220829_090000.WAV,Foliage
163,2.0,0.44,0,1,0,0,1,0,,0.0,20220829_090000.WAV,Foliage
164,2.0,0.45,0,1,0,0,1,0,,0.0,20220829_090000.WAV,Foliage
165,2.0,0.46,0,1,0,0,1,0,,0.0,20220829_090000.WAV,Foliage
166,2.0,0.47,0,1,0,0,1,0,,0.0,20220829_090000.WAV,Foliage
167,2.0,0.48,0,1,0,0,1,0,,0.0,20220829_090000.WAV,Foliage
168,2.0,0.49,0,1,0,0,1,0,,0.0,20220829_090000.WAV,Foliage
169,2.0,0.5,0,1,0,0,1,0,,0.0,20220829_090000.WAV,Foliage
170,2.0,0.51,0,1,0,0,1,0,,0.0,20220829_090000.WAV,Foliage
171,2.0,0.52,0,1,0,0,1,0,,0.0,20220829_090000.WAV,Foliage
172,2.0,0.53,0,1,0,0,1,0,,0.0,20220829_090000.WAV,Foliage
173,2.0,0.54,0,1,0,0,1,0,,0.0,20220829_090000.WAV,Foliage
174,2.0,0.55,0,1,0,0,1,0,,0.0,20220829_090000.WAV,Foliage
175,2.0,0.56,0,1,0,0,1,0,,0.0,20220829_090000.WAV,Foliage
176,2.0,0.57,0,1,0,0,1,0,,0.0,20220829_090000.WAV,Foliage
177,2.0,0.58,0,1,0,0,1,0,,0.0,20220829_090000.WAV,Foliage
178,2.0,0.59,0,1,0,0,1,0,,0.0,20220829_090000.WAV,Foliage
179,2.0,0.6,0,1,0,0,1,0,,0.0,20220829_090000.WAV,Foliage
180,3.0,0.01,25,1,1,24,0,0,0.04,1.0,20220829_090000.WAV,Foliage
181,3.0,0.02,25,1,1,24,0,0,0.04,1.0,20220829_090000.WAV,Foliage
182,3.0,0.03,14,1,1,13,0,0,0.07142857142857142,1.0,20220829_090000.WAV,Foliage
183,3.0,0.04,6,1,1,5,0,0,0.16666666666666666,1.0,20220829_090000.WAV,Foliage
184,3.0,0.05,4,1,1,3,0,0,0.25,1.0,20220829_090000.WAV,Foliage
185,3.0,0.06,3,1,1,2,0,0,0.3333333333333333,1.0,20220829_090000.WAV,Foliage
186,3.0,0.07,3,1,1,2,0,0,0.3333333333333333,1.0,20220829_090000.WAV,Foliage
187,3.0,0.08,2,1,1,1,0,0,0.5,1.0,20220829_090000.WAV,Foliage
188,3.0,0.09,2,1,1,1,0,0,0.5,1.0,20220829_090000.WAV,Foliage
189,3.0,0.1,2,1,1,1,0,0,0.5,1.0,20220829_090000.WAV,Foliage
190,3.0,0.11,2,1,1,1,0,0,0.5,1.0,20220829_090000.WAV,Foliage
191,3.0,0.12,2,1,1,1,0,0,0.5,1.0,20220829_090000.WAV,Foliage
192,3.0,0.13,2,1,1,1,0,0,0.5,1.0,20220829_090000.WAV,Foliage
193,3.0,0.14,2,1,1,1,0,0,0.5,1.0,20220829_090000.WAV,Foliage
194,3.0,0.15,1,1,1,0,0,0,1.0,1.0,20220829_090000.WAV,Foliage
195,3.0,0.16,1,1,1,0,0,0,1.0,1.0,20220829_090000.WAV,Foliage
196,3.0,0.17,1,1,1,0,0,0,1.0,1.0,20220829_090000.WAV,Foliage
197,3.0,0.18,1,1,1,0,0,0,1.0,1.0,20220829_090000.WAV,Foliage
198,3.0,0.19,1,1,1,0,0,0,1.0,1.0,20220829_090000.WAV,Foliage
199,3.0,0.2,1,1,1,0,0,0,1.0,1.0,20220829_090000.WAV,Foliage
200,3.0,0.21,1,1,1,0,0,0,1.0,1.0,20220829_090000.WAV,Foliage
201,3.0,0.22,1,1,1,0,0,0,1.0,1.0,20220829_090000.WAV,Foliage
202,3.0,0.23,1,1,1,0,0,0,1.0,1.0,20220829_090000.WAV,Foliage
203,3.0,0.24,1,1,1,0,0,0,1.0,1.0,20220829_090000.WAV,Foliage
204,3.0,0.25,1,1,1,0,0,0,1.0,1.0,20220829_090000.WAV,Foliage
205,3.0,0.26,1,1,1,0,0,0,1.0,1.0,20220829_090000.WAV,Foliage
206,3.0,0.27,1,1,1,0,0,0,1.0,1.0,20220829_090000.WAV,Foliage
207,3.0,0.28,1,1,1,0,0,0,1.0,1.0,20220829_090000.WAV,Foliage
208,3.0,0.29,1,1,1,0,0,0,1.0,1.0,20220829_090000.WAV,Foliage
209,3.0,0.3,1,1,1,0,0,0,1.0,1.0,20220829_090000.WAV,Foliage
210,3.0,0.31,1,1,1,0,0,0,1.0,1.0,20220829_090000.WAV,Foliage
211,3.0,0.32,1,1,1,0,0,0,1.0,1.0,20220829_090000.WAV,Foliage
212,3.0,0.33,1,1,1,0,0,0,1.0,1.0,20220829_090000.WAV,Foliage
213,3.0,0.34,1,1,1,0,0,0,1.0,1.0,20220829_090000.WAV,Foliage
214,3.0,0.35,1,1,1,0,0,0,1.0,1.0,20220829_090000.WAV,Foliage
215,3.0,0.36,1,1,1,0,0,0,1.0,1.0,20220829_090000.WAV,Foliage
216,3.0,0.37,1,1,1,0,0,0,1.0,1.0,20220829_090000.WAV,Foliage
217,3.0,0.38,1,1,1,0,0,0,1.0,1.0,20220829_090000.WAV,Foliage
218,3.0,0.39,0,1,0,0,1,0,,0.0,20220829_090000.WAV,Foliage
219,3.0,0.4,0,1,0,0,1,0,,0.0,20220829_090000.WAV,Foliage
220,3.0,0.41,0,1,0,0,1,0,,0.0,20220829_090000.WAV,Foliage
221,3.0,0.42,0,1,0,0,1,0,,0.0,20220829_090000.WAV,Foliage
222,3.0,0.43,0,1,0,0,1,0,,0.0,20220829_090000.WAV,Foliage
223,3.0,0.44,0,1,0,0,1,0,,0.0,20220829_090000.WAV,Foliage
224,3.0,0.45,0,1,0,0,1,0,,0.0,20220829_090000.WAV,Foliage
225,3.0,0.46,0,1,0,0,1,0,,0.0,20220829_090000.WAV,Foliage
226,3.0,0.47,0,1,0,0,1,0,,0.0,20220829_090000.WAV,Foliage
227,3.0,0.48,0,1,0,0,1,0,,0.0,20220829_090000.WAV,Foliage
228,3.0,0.49,0,1,0,0,1,0,,0.0,20220829_090000.WAV,Foliage
229,3.0,0.5,0,1,0,0,1,0,,0.0,20220829_090000.WAV,Foliage
230,3.0,0.51,0,1,0,0,1,0,,0.0,20220829_090000.WAV,Foliage
231,3.0,0.52,0,1,0,0,1,0,,0.0,20220829_090000.WAV,Foliage
232,3.0,0.53,0,1,0,0,1,0,,0.0,20220829_090000.WAV,Foliage
233,3.0,0.54,0,1,0,0,1,0,,0.0,20220829_090000.WAV,Foliage
234,3.0,0.55,0,1,0,0,1,0,,0.0,20220829_090000.WAV,Foliage
235,3.0,0.56,0,1,0,0,1,0,,0.0,20220829_090000.WAV,Foliage
236,3.0,0.57,0,1,0,0,1,0,,0.0,20220829_090000.WAV,Foliage
237,3.0,0.58,0,1,0,0,1,0,,0.0,20220829_090000.WAV,Foliage
238,3.0,0.59,0,1,0,0,1,0,,0.0,20220829_090000.WAV,Foliage
239,3.0,0.6,0,1,0,0,1,0,,0.0,20220829_090000.WAV,Foliage
240,4.0,0.01,1,1,1,0,0,0,1.0,1.0,20220829_090000.WAV,Foliage
241,4.0,0.02,1,1,1,0,0,0,1.0,1.0,20220829_090000.WAV,Foliage
242,4.0,0.03,1,1,1,0,0,0,1.0,1.0,20220829_090000.WAV,Foliage
243,4.0,0.04,1,1,1,0,0,0,1.0,1.0,20220829_090000.WAV,Foliage
244,4.0,0.05,1,1,1,0,0,0,1.0,1.0,20220829_090000.WAV,Foliage
245,4.0,0.06,1,1,1,0,0,0,1.0,1.0,20220829_090000.WAV,Foliage
246,4.0,0.07,1,1,1,0,0,0,1.0,1.0,20220829_090000.WAV,Foliage
247,4.0,0.08,1,1,1,0,0,0,1.0,1.0,20220829_090000.WAV,Foliage
248,4.0,0.09,1,1,1,0,0,0,1.0,1.0,20220829_090000.WAV,Foliage
249,4.0,0.1,1,1,1,0,0,0,1.0,1.0,20220829_090000.WAV,Foliage
250,4.0,0.11,1,1,1,0,0,0,1.0,1.0,20220829_090000.WAV,Foliage
251,4.0,0.12,1,1,1,0,0,0,1.0,1.0,20220829_090000.WAV,Foliage
252,4.0,0.13,1,1,1,0,0,0,1.0,1.0,20220829_090000.WAV,Foliage
253,4.0,0.14,1,1,1,0,0,0,1.0,1.0,20220829_090000.WAV,Foliage
254,4.0,0.15,1,1,1,0,0,0,1.0,1.0,20220829_090000.WAV,Foliage
255,4.0,0.16,1,1,1,0,0,0,1.0,1.0,20220829_090000.WAV,Foliage
256,4.0,0.17,1,1,1,0,0,0,1.0,1.0,20220829_090000.WAV,Foliage
257,4.0,0.18,1,1,1,0,0,0,1.0,1.0,20220829_090000.WAV,Foliage
258,4.0,0.19,1,1,1,0,0,0,1.0,1.0,20220829_090000.WAV,Foliage
259,4.0,0.2,1,1,1,0,0,0,1.0,1.0,20220829_090000.WAV,Foliage
260,4.0,0.21,1,1,1,0,0,0,1.0,1.0,20220829_090000.WAV,Foliage
261,4.0,0.22,1,1,1,0,0,0,1.0,1.0,20220829_090000.WAV,Foliage
262,4.0,0.23,1,1,1,0,0,0,1.0,1.0,20220829_090000.WAV,Foliage
263,4.0,0.24,1,1,1,0,0,0,1.0,1.0,20220829_090000.WAV,Foliage
264,4.0,0.25,1,1,1,0,0,0,1.0,1.0,20220829_090000.WAV,Foliage
265,4.0,0.26,1,1,1,0,0,0,1.0,1.0,20220829_090000.WAV,Foliage
266,4.0,0.27,1,1,1,0,0,0,1.0,1.0,20220829_090000.WAV,Foliage
267,4.0,0.28,1,1,1,0,0,0,1.0,1.0,20220829_090000.WAV,Foliage
268,4.0,0.29,1,1,1,0,0,0,1.0,1.0,20220829_090000.WAV,Foliage
269,4.0,0.3,1,1,1,0,0,0,1.0,1.0,20220829_090000.WAV,Foliage
270,4.0,0.31,1,1,1,0,0,0,1.0,1.0,20220829_090000.WAV,Foliage
271,4.0,0.32,1,1,1,0,0,0,1.0,1.0,20220829_090000.WAV,Foliage
272,4.0,0.33,1,1,1,0,0,0,1.0,1.0,20220829_090000.WAV,Foliage
273,4.0,0.34,1,1,1,0,0,0,1.0,1.0,20220829_090000.WAV,Foliage
274,4.0,0.35,1,1,1,0,0,0,1.0,1.0,20220829_090000.WAV,Foliage
275,4.0,0.36,1,1,1,0,0,0,1.0,1.0,20220829_090000.WAV,Foliage
276,4.0,0.37,1,1,1,0,0,0,1.0,1.0,20220829_090000.WAV,Foliage
277,4.0,0.38,1,1,1,0,0,0,1.0,1.0,20220829_090000.WAV,Foliage
278,4.0,0.39,0,1,0,0,1,0,,0.0,20220829_090000.WAV,Foliage
279,4.0,0.4,0,1,0,0,1,0,,0.0,20220829_090000.WAV,Foliage
280,4.0,0.41,0,1,0,0,1,0,,0.0,20220829_090000.WAV,Foliage
281,4.0,0.42,0,1,0,0,1,0,,0.0,20220829_090000.WAV,Foliage
282,4.0,0.43,0,1,0,0,1,0,,0.0,20220829_090000.WAV,Foliage
283,4.0,0.44,0,1,0,0,1,0,,0.0,20220829_090000.WAV,Foliage
284,4.0,0.45,0,1,0,0,1,0,,0.0,20220829_090000.WAV,Foliage
285,4.0,0.46,0,1,0,0,1,0,,0.0,20220829_090000.WAV,Foliage
286,4.0,0.47,0,1,0,0,1,0,,0.0,20220829_090000.WAV,Foliage
287,4.0,0.48,0,1,0,0,1,0,,0.0,20220829_090000.WAV,Foliage
288,4.0,0.49,0,1,0,0,1,0,,0.0,20220829_090000.WAV,Foliage
289,4.0,0.5,0,1,0,0,1,0,,0.0,20220829_090000.WAV,Foliage
290,4.0,0.51,0,1,0,0,1,0,,0.0,20220829_090000.WAV,Foliage
291,4.0,0.52,0,1,0,0,1,0,,0.0,20220829_090000.WAV,Foliage
292,4.0,0.53,0,1,0,0,1,0,,0.0,20220829_090000.WAV,Foliage
293,4.0,0.54,0,1,0,0,1,0,,0.0,20220829_090000.WAV,Foliage
294,4.0,0.55,0,1,0,0,1,0,,0.0,20220829_090000.WAV,Foliage
295,4.0,0.56,0,1,0,0,1,0,,0.0,20220829_090000.WAV,Foliage
296,4.0,0.57,0,1,0,0,1,0,,0.0,20220829_090000.WAV,Foliage
297,4.0,0.58,0,1,0,0,1,0,,0.0,20220829_090000.WAV,Foliage
298,4.0,0.59,0,1,0,0,1,0,,0.0,20220829_090000.WAV,Foliage
299,4.0,0.6,0,1,0,0,1,0,,0.0,20220829_090000.WAV,Foliage
300,5.0,0.01,1,0,0,1,0,0,0.0,,20220829_090000.WAV,Foliage
301,5.0,0.02,1,0,0,1,0,0,0.0,,20220829_090000.WAV,Foliage
302,5.0,0.03,1,0,0,1,0,0,0.0,,20220829_090000.WAV,Foliage
303,5.0,0.04,1,0,0,1,0,0,0.0,,20220829_090000.WAV,Foliage
304,5.0,0.05,1,0,0,1,0,0,0.0,,20220829_090000.WAV,Foliage
305,5.0,0.06,1,0,0,1,0,0,0.0,,20220829_090000.WAV,Foliage
306,5.0,0.07,1,0,0,1,0,0,0.0,,20220829_090000.WAV,Foliage
307,5.0,0.08,1,0,0,1,0,0,0.0,,20220829_090000.WAV,Foliage
308,5.0,0.09,1,0,0,1,0,0,0.0,,20220829_090000.WAV,Foliage
309,5.0,0.1,1,0,0,1,0,0,0.0,,20220829_090000.WAV,Foliage
310,5.0,0.11,1,0,0,1,0,0,0.0,,20220829_090000.WAV,Foliage
311,5.0,0.12,1,0,0,1,0,0,0.0,,20220829_090000.WAV,Foliage
312,5.0,0.13,1,0,0,1,0,0,0.0,,20220829_090000.WAV,Foliage
313,5.0,0.14,1,0,0,1,0,0,0.0,,20220829_090000.WAV,Foliage
314,5.0,0.15,1,0,0,1,0,0,0.0,,20220829_090000.WAV,Foliage
315,5.0,0.16,1,0,0,1,0,0,0.0,,20220829_090000.WAV,Foliage
316,5.0,0.17,1,0,0,1,0,0,0.0,,20220829_090000.WAV,Foliage
317,5.0,0.18,1,0,0,1,0,0,0.0,,20220829_090000.WAV,Foliage
318,5.0,0.19,1,0,0,1,0,0,0.0,,20220829_090000.WAV,Foliage
319,5.0,0.2,1,0,0,1,0,0,0.0,,20220829_090000.WAV,Foliage
320,5.0,0.21,1,0,0,1,0,0,0.0,,20220829_090000.WAV,Foliage
321,5.0,0.22,1,0,0,1,0,0,0.0,,20220829_090000.WAV,Foliage
322,5.0,0.23,1,0,0,1,0,0,0.0,,20220829_090000.WAV,Foliage
323,5.0,0.24,1,0,0,1,0,0,0.0,,20220829_090000.WAV,Foliage
324,5.0,0.25,1,0,0,1,0,0,0.0,,20220829_090000.WAV,Foliage
325,5.0,0.26,1,0,0,1,0,0,0.0,,20220829_090000.WAV,Foliage
326,5.0,0.27,1,0,0,1,0,0,0.0,,20220829_090000.WAV,Foliage
327,5.0,0.28,1,0,0,1,0,0,0.0,,20220829_090000.WAV,Foliage
328,5.0,0.29,1,0,0,1,0,0,0.0,,20220829_090000.WAV,Foliage
329,5.0,0.3,1,0,0,1,0,0,0.0,,20220829_090000.WAV,Foliage
330,5.0,0.31,1,0,0,1,0,0,0.0,,20220829_090000.WAV,Foliage
331,5.0,0.32,1,0,0,1,0,0,0.0,,20220829_090000.WAV,Foliage
332,5.0,0.33,1,0,0,1,0,0,0.0,,20220829_090000.WAV,Foliage
333,5.0,0.34,1,0,0,1,0,0,0.0,,20220829_090000.WAV,Foliage
334,5.0,0.35,1,0,0,1,0,0,0.0,,20220829_090000.WAV,Foliage
335,5.0,0.36,1,0,0,1,0,0,0.0,,20220829_090000.WAV,Foliage
336,5.0,0.37,1,0,0,1,0,0,0.0,,20220829_090000.WAV,Foliage
337,5.0,0.38,1,0,0,1,0,0,0.0,,20220829_090000.WAV,Foliage
338,5.0,0.39,0,0,0,0,0,0,,,20220829_090000.WAV,Foliage
339,5.0,0.4,0,0,0,0,0,0,,,20220829_090000.WAV,Foliage
340,5.0,0.41,0,0,0,0,0,0,,,20220829_090000.WAV,Foliage
341,5.0,0.42,0,0,0,0,0,0,,,20220829_090000.WAV,Foliage
342,5.0,0.43,0,0,0,0,0,0,,,20220829_090000.WAV,Foliage
343,5.0,0.44,0,0,0,0,0,0,,,20220829_090000.WAV,Foliage
344,5.0,0.45,0,0,0,0,0,0,,,20220829_090000.WAV,Foliage
345,5.0,0.46,0,0,0,0,0,0,,,20220829_090000.WAV,Foliage
346,5.0,0.47,0,0,0,0,0,0,,,20220829_090000.WAV,Foliage
347,5.0,0.48,0,0,0,0,0,0,,,20220829_090000.WAV,Foliage
348,5.0,0.49,0,0,0,0,0,0,,,20220829_090000.WAV,Foliage
349,5.0,0.5,0,0,0,0,0,0,,,20220829_090000.WAV,Foliage
350,5.0,0.51,0,0,0,0,0,0,,,20220829_090000.WAV,Foliage
351,5.0,0.52,0,0,0,0,0,0,,,20220829_090000.WAV,Foliage
352,5.0,0.53,0,0,0,0,0,0,,,20220829_090000.WAV,Foliage
353,5.0,0.54,0,0,0,0,0,0,,,20220829_090000.WAV,Foliage
354,5.0,0.55,0,0,0,0,0,0,,,20220829_090000.WAV,Foliage
355,5.0,0.56,0,0,0,0,0,0,,,20220829_090000.WAV,Foliage
356,5.0,0.57,0,0,0,0,0,0,,,20220829_090000.WAV,Foliage
357,5.0,0.58,0,0,0,0,0,0,,,20220829_090000.WAV,Foliage
358,5.0,0.59,0,0,0,0,0,0,,,20220829_090000.WAV,Foliage
359,5.0,0.6,0,0,0,0,0,0,,,20220829_090000.WAV,Foliage
360,6.0,0.01,1,0,0,1,0,0,0.0,,20220829_090000.WAV,Foliage
361,6.0,0.02,1,0,0,1,0,0,0.0,,20220829_090000.WAV,Foliage
362,6.0,0.03,1,0,0,1,0,0,0.0,,20220829_090000.WAV,Foliage
363,6.0,0.04,1,0,0,1,0,0,0.0,,20220829_090000.WAV,Foliage
364,6.0,0.05,1,0,0,1,0,0,0.0,,20220829_090000.WAV,Foliage
365,6.0,0.06,1,0,0,1,0,0,0.0,,20220829_090000.WAV,Foliage
366,6.0,0.07,1,0,0,1,0,0,0.0,,20220829_090000.WAV,Foliage
367,6.0,0.08,1,0,0,1,0,0,0.0,,20220829_090000.WAV,Foliage
368,6.0,0.09,1,0,0,1,0,0,0.0,,20220829_090000.WAV,Foliage
369,6.0,0.1,1,0,0,1,0,0,0.0,,20220829_090000.WAV,Foliage
370,6.0,0.11,1,0,0,1,0,0,0.0,,20220829_090000.WAV,Foliage
371,6.0,0.12,1,0,0,1,0,0,0.0,,20220829_090000.WAV,Foliage
372,6.0,0.13,1,0,0,1,0,0,0.0,,20220829_090000.WAV,Foliage
373,6.0,0.14,1,0,0,1,0,0,0.0,,20220829_090000.WAV,Foliage
374,6.0,0.15,1,0,0,1,0,0,0.0,,20220829_090000.WAV,Foliage
375,6.0,0.16,1,0,0,1,0,0,0.0,,20220829_090000.WAV,Foliage
376,6.0,0.17,1,0,0,1,0,0,0.0,,20220829_090000.WAV,Foliage
377,6.0,0.18,1,0,0,1,0,0,0.0,,20220829_090000.WAV,Foliage
378,6.0,0.19,1,0,0,1,0,0,0.0,,20220829_090000.WAV,Foliage
379,6.0,0.2,1,0,0,1,0,0,0.0,,20220829_090000.WAV,Foliage
380,6.0,0.21,1,0,0,1,0,0,0.0,,20220829_090000.WAV,Foliage
381,6.0,0.22,1,0,0,1,0,0,0.0,,20220829_090000.WAV,Foliage
382,6.0,0.23,1,0,0,1,0,0,0.0,,20220829_090000.WAV,Foliage
383,6.0,0.24,1,0,0,1,0,0,0.0,,20220829_090000.WAV,Foliage
384,6.0,0.25,1,0,0,1,0,0,0.0,,20220829_090000.WAV,Foliage
385,6.0,0.26,1,0,0,1,0,0,0.0,,20220829_090000.WAV,Foliage
386,6.0,0.27,1,0,0,1,0,0,0.0,,20220829_090000.WAV,Foliage
387,6.0,0.28,1,0,0,1,0,0,0.0,,20220829_090000.WAV,Foliage
388,6.0,0.29,1,0,0,1,0,0,0.0,,20220829_090000.WAV,Foliage
389,6.0,0.3,1,0,0,1,0,0,0.0,,20220829_090000.WAV,Foliage
390,6.0,0.31,1,0,0,1,0,0,0.0,,20220829_090000.WAV,Foliage
391,6.0,0.32,1,0,0,1,0,0,0.0,,20220829_090000.WAV,Foliage
392,6.0,0.33,1,0,0,1,0,0,0.0,,20220829_090000.WAV,Foliage
393,6.0,0.34,1,0,0,1,0,0,0.0,,20220829_090000.WAV,Foliage
394,6.0,0.35,1,0,0,1,0,0,0.0,,20220829_090000.WAV,Foliage
395,6.0,0.36,1,0,0,1,0,0,0.0,,20220829_090000.WAV,Foliage
396,6.0,0.37,1,0,0,1,0,0,0.0,,20220829_090000.WAV,Foliage
397,6.0,0.38,1,0,0,1,0,0,0.0,,20220829_090000.WAV,Foliage
398,6.0,0.39,0,0,0,0,0,0,,,20220829_090000.WAV,Foliage
399,6.0,0.4,0,0,0,0,0,0,,,20220829_090000.WAV,Foliage
400,6.0,0.41,0,0,0,0,0,0,,,20220829_090000.WAV,Foliage
401,6.0,0.42,0,0,0,0,0,0,,,20220829_090000.WAV,Foliage
402,6.0,0.43,0,0,0,0,0,0,,,20220829_090000.WAV,Foliage
403,6.0,0.44,0,0,0,0,0,0,,,20220829_090000.WAV,Foliage
404,6.0,0.45,0,0,0,0,0,0,,,20220829_090000.WAV,Foliage
405,6.0,0.46,0,0,0,0,0,0,,,20220829_090000.WAV,Foliage
406,6.0,0.47,0,0,0,0,0,0,,,20220829_090000.WAV,Foliage
407,6.0,0.48,0,0,0,0,0,0,,,20220829_090000.WAV,Foliage
408,6.0,0.49,0,0,0,0,0,0,,,20220829_090000.WAV,Foliage
409,6.0,0.5,0,0,0,0,0,0,,,20220829_090000.WAV,Foliage
410,6.0,0.51,0,0,0,0,0,0,,,20220829_090000.WAV,Foliage
411,6.0,0.52,0,0,0,0,0,0,,,20220829_090000.WAV,Foliage
412,6.0,0.53,0,0,0,0,0,0,,,20220829_090000.WAV,Foliage
413,6.0,0.54,0,0,0,0,0,0,,,20220829_090000.WAV,Foliage
414,6.0,0.55,0,0,0,0,0,0,,,20220829_090000.WAV,Foliage
415,6.0,0.56,0,0,0,0,0,0,,,20220829_090000.WAV,Foliage
416,6.0,0.57,0,0,0,0,0,0,,,20220829_090000.WAV,Foliage
417,6.0,0.58,0,0,0,0,0,0,,,20220829_090000.WAV,Foliage
418,6.0,0.59,0,0,0,0,0,0,,,20220829_090000.WAV,Foliage
419,6.0,0.6,0,0,0,0,0,0,,,20220829_090000.WAV,Foliage
420,7.0,0.01,0,0,0,0,0,0,,,20220829_090000.WAV,Foliage
421,7.0,0.02,0,0,0,0,0,0,,,20220829_090000.WAV,Foliage
422,7.0,0.03,0,0,0,0,0,0,,,20220829_090000.WAV,Foliage
423,7.0,0.04,0,0,0,0,0,0,,,20220829_090000.WAV,Foliage
424,7.0,0.05,0,0,0,0,0,0,,,20220829_090000.WAV,Foliage
425,7.0,0.06,0,0,0,0,0,0,,,20220829_090000.WAV,Foliage
426,7.0,0.07,0,0,0,0,0,0,,,20220829_090000.WAV,Foliage
427,7.0,0.08,0,0,0,0,0,0,,,20220829_090000.WAV,Foliage
428,7.0,0.09,0,0,0,0,0,0,,,20220829_090000.WAV,Foliage
429,7.0,0.1,0,0,0,0,0,0,,,20220829_090000.WAV,Foliage
430,7.0,0.11,0,0,0,0,0,0,,,20220829_090000.WAV,Foliage
431,7.0,0.12,0,0,0,0,0,0,,,20220829_090000.WAV,Foliage
432,7.0,0.13,0,0,0,0,0,0,,,20220829_090000.WAV,Foliage
433,7.0,0.14,0,0,0,0,0,0,,,20220829_090000.WAV,Foliage
434,7.0,0.15,0,0,0,0,0,0,,,20220829_090000.WAV,Foliage
435,7.0,0.16,0,0,0,0,0,0,,,20220829_090000.WAV,Foliage
436,7.0,0.17,0,0,0,0,0,0,,,20220829_090000.WAV,Foliage
437,7.0,0.18,0,0,0,0,0,0,,,20220829_090000.WAV,Foliage
438,7.0,0.19,0,0,0,0,0,0,,,20220829_090000.WAV,Foliage
439,7.0,0.2,0,0,0,0,0,0,,,20220829_090000.WAV,Foliage
440,7.0,0.21,0,0,0,0,0,0,,,20220829_090000.WAV,Foliage
441,7.0,0.22,0,0,0,0,0,0,,,20220829_090000.WAV,Foliage
442,7.0,0.23,0,0,0,0,0,0,,,20220829_090000.WAV,Foliage
443,7.0,0.24,0,0,0,0,0,0,,,20220829_090000.WAV,Foliage
444,7.0,0.25,0,0,0,0,0,0,,,20220829_090000.WAV,Foliage
445,7.0,0.26,0,0,0,0,0,0,,,20220829_090000.WAV,Foliage
446,7.0,0.27,0,0,0,0,0,0,,,20220829_090000.WAV,Foliage
447,7.0,0.28,0,0,0,0,0,0,,,20220829_090000.WAV,Foliage
448,7.0,0.29,0,0,0,0,0,0,,,20220829_090000.WAV,Foliage
449,7.0,0.3,0,0,0,0,0,0,,,20220829_090000.WAV,Foliage
450,7.0,0.31,0,0,0,0,0,0,,,20220829_090000.WAV,Foliage
451,7.0,0.32,0,0,0,0,0,0,,,20220829_090000.WAV,Foliage
452,7.0,0.33,0,0,0,0,0,0,,,20220829_090000.WAV,Foliage
453,7.0,0.34,0,0,0,0,0,0,,,20220829_090000.WAV,Foliage
454,7.0,0.35,0,0,0,0,0,0,,,20220829_090000.WAV,Foliage
455,7.0,0.36,0,0,0,0,0,0,,,20220829_090000.WAV,Foliage
456,7.0,0.37,0,0,0,0,0,0,,,20220829_090000.WAV,Foliage
457,7.0,0.38,0,0,0,0,0,0,,,20220829_090000.WAV,Foliage
458,7.0,0.39,0,0,0,0,0,0,,,20220829_090000.WAV,Foliage
459,7.0,0.4,0,0,0,0,0,0,,,20220829_090000.WAV,Foliage
460,7.0,0.41,0,0,0,0,0,0,,,20220829_090000.WAV,Foliage
461,7.0,0.42,0,0,0,0,0,0,,,20220829_090000.WAV,Foliage
462,7.0,0.43,0,0,0,0,0,0,,,20220829_090000.WAV,Foliage
463,7.0,0.44,0,0,0,0,0,0,,,20220829_090000.WAV,Foliage
464,7.0,0.45,0,0,0,0,0,0,,,20220829_090000.WAV,Foliage
465,7.0,0.46,0,0,0,0,0,0,,,20220829_090000.WAV,Foliage
466,7.0,0.47,0,0,0,0,0,0,,,20220829_090000.WAV,Foliage
467,7.0,0.48,0,0,0,0,0,0,,,20220829_090000.WAV,Foliage
468,7.0,0.49,0,0,0,0,0,0,,,20220829_090000.WAV,Foliage
469,7.0,0.5,0,0,0,0,0,0,,,20220829_090000.WAV,Foliage
470,7.0,0.51,0,0,0,0,0,0,,,20220829_090000.WAV,Foliage
471,7.0,0.52,0,0,0,0,0,0,,,20220829_090000.WAV,Foliage
472,7.0,0.53,0,0,0,0,0,0,,,20220829_090000.WAV,Foliage
473,7.0,0.54,0,0,0,0,0,0,,,20220829_090000.WAV,Foliage
474,7.0,0.55,0,0,0,0,0,0,,,20220829_090000.WAV,Foliage
475,7.0,0.56,0,0,0,0,0,0,,,20220829_090000.WAV,Foliage
476,7.0,0.57,0,0,0,0,0,0,,,20220829_090000.WAV,Foliage
477,7.0,0.58,0,0,0,0,0,0,,,20220829_090000.WAV,Foliage
478,7.0,0.59,0,0,0,0,0,0,,,20220829_090000.WAV,Foliage
479,7.0,0.6,0,0,0,0,0,0,,,20220829_090000.WAV,Foliage
480,8.0,0.01,0,0,0,0,0,0,,,20220829_090000.WAV,Foliage
481,8.0,0.02,0,0,0,0,0,0,,,20220829_090000.WAV,Foliage
482,8.0,0.03,0,0,0,0,0,0,,,20220829_090000.WAV,Foliage
483,8.0,0.04,0,0,0,0,0,0,,,20220829_090000.WAV,Foliage
484,8.0,0.05,0,0,0,0,0,0,,,20220829_090000.WAV,Foliage
485,8.0,0.06,0,0,0,0,0,0,,,20220829_090000.WAV,Foliage
486,8.0,0.07,0,0,0,0,0,0,,,20220829_090000.WAV,Foliage
487,8.0,0.08,0,0,0,0,0,0,,,20220829_090000.WAV,Foliage
488,8.0,0.09,0,0,0,0,0,0,,,20220829_090000.WAV,Foliage
489,8.0,0.1,0,0,0,0,0,0,,,20220829_090000.WAV,Foliage
490,8.0,0.11,0,0,0,0,0,0,,,20220829_090000.WAV,Foliage
491,8.0,0.12,0,0,0,0,0,0,,,20220829_090000.WAV,Foliage
492,8.0,0.13,0,0,0,0,0,0,,,20220829_090000.WAV,Foliage
493,8.0,0.14,0,0,0,0,0,0,,,20220829_090000.WAV,Foliage
494,8.0,0.15,0,0,0,0,0,0,,,20220829_090000.WAV,Foliage
495,8.0,0.16,0,0,0,0,0,0,,,20220829_090000.WAV,Foliage
496,8.0,0.17,0,0,0,0,0,0,,,20220829_090000.WAV,Foliage
497,8.0,0.18,0,0,0,0,0,0,,,20220829_090000.WAV,Foliage
498,8.0,0.19,0,0,0,0,0,0,,,20220829_090000.WAV,Foliage
499,8.0,0.2,0,0,0,0,0,0,,,20220829_090000.WAV,Foliage
500,8.0,0.21,0,0,0,0,0,0,,,20220829_090000.WAV,Foliage
501,8.0,0.22,0,0,0,0,0,0,,,20220829_090000.WAV,Foliage
502,8.0,0.23,0,0,0,0,0,0,,,20220829_090000.WAV,Foliage
503,8.0,0.24,0,0,0,0,0,0,,,20220829_090000.WAV,Foliage
504,8.0,0.25,0,0,0,0,0,0,,,20220829_090000.WAV,Foliage
505,8.0,0.26,0,0,0,0,0,0,,,20220829_090000.WAV,Foliage
506,8.0,0.27,0,0,0,0,0,0,,,20220829_090000.WAV,Foliage
507,8.0,0.28,0,0,0,0,0,0,,,20220829_090000.WAV,Foliage
508,8.0,0.29,0,0,0,0,0,0,,,20220829_090000.WAV,Foliage
509,8.0,0.3,0,0,0,0,0,0,,,20220829_090000.WAV,Foliage
510,8.0,0.31,0,0,0,0,0,0,,,20220829_090000.WAV,Foliage
511,8.0,0.32,0,0,0,0,0,0,,,20220829_090000.WAV,Foliage
512,8.0,0.33,0,0,0,0,0,0,,,20220829_090000.WAV,Foliage
513,8.0,0.34,0,0,0,0,0,0,,,20220829_090000.WAV,Foliage
514,8.0,0.35,0,0,0,0,0,0,,,20220829_090000.WAV,Foliage
515,8.0,0.36,0,0,0,0,0,0,,,20220829_090000.WAV,Foliage
516,8.0,0.37,0,0,0,0,0,0,,,20220829_090000.WAV,Foliage
517,8.0,0.38,0,0,0,0,0,0,,,20220829_090000.WAV,Foliage
518,8.0,0.39,0,0,0,0,0,0,,,20220829_090000.WAV,Foliage
519,8.0,0.4,0,0,0,0,0,0,,,20220829_090000.WAV,Foliage
520,8.0,0.41,0,0,0,0,0,0,,,20220829_090000.WAV,Foliage
521,8.0,0.42,0,0,0,0,0,0,,,20220829_090000.WAV,Foliage
522,8.0,0.43,0,0,0,0,0,0,,,20220829_090000.WAV,Foliage
523,8.0,0.44,0,0,0,0,0,0,,,20220829_090000.WAV,Foliage
524,8.0,0.45,0,0,0,0,0,0,,,20220829_090000.WAV,Foliage
525,8.0,0.46,0,0,0,0,0,0,,,20220829_090000.WAV,Foliage
526,8.0,0.47,0,0,0,0,0,0,,,20220829_090000.WAV,Foliage
527,8.0,0.48,0,0,0,0,0,0,,,20220829_090000.WAV,Foliage
528,8.0,0.49,0,0,0,0,0,0,,,20220829_090000.WAV,Foliage
529,8.0,0.5,0,0,0,0,0,0,,,20220829_090000.WAV,Foliage
530,8.0,0.51,0,0,0,0,0,0,,,20220829_090000.WAV,Foliage
531,8.0,0.52,0,0,0,0,0,0,,,20220829_090000.WAV,Foliage
532,8.0,0.53,0,0,0,0,0,0,,,20220829_090000.WAV,Foliage
533,8.0,0.54,0,0,0,0,0,0,,,20220829_090000.WAV,Foliage
534,8.0,0.55,0,0,0,0,0,0,,,20220829_090000.WAV,Foliage
535,8.0,0.56,0,0,0,0,0,0,,,20220829_090000.WAV,Foliage
536,8.0,0.57,0,0,0,0,0,0,,,20220829_090000.WAV,Foliage
537,8.0,0.58,0,0,0,0,0,0,,,20220829_090000.WAV,Foliage
538,8.0,0.59,0,0,0,0,0,0,,,20220829_090000.WAV,Foliage
539,8.0,0.6,0,0,0,0,0,0,,,20220829_090000.WAV,Foliage
540,9.0,0.01,0,0,0,0,0,0,,,20220829_090000.WAV,Foliage
541,9.0,0.02,0,0,0,0,0,0,,,20220829_090000.WAV,Foliage
542,9.0,0.03,0,0,0,0,0,0,,,20220829_090000.WAV,Foliage
543,9.0,0.04,0,0,0,0,0,0,,,20220829_090000.WAV,Foliage
544,9.0,0.05,0,0,0,0,0,0,,,20220829_090000.WAV,Foliage
545,9.0,0.06,0,0,0,0,0,0,,,20220829_090000.WAV,Foliage
546,9.0,0.07,0,0,0,0,0,0,,,20220829_090000.WAV,Foliage
547,9.0,0.08,0,0,0,0,0,0,,,20220829_090000.WAV,Foliage
548,9.0,0.09,0,0,0,0,0,0,,,20220829_090000.WAV,Foliage
549,9.0,0.1,0,0,0,0,0,0,,,20220829_090000.WAV,Foliage
550,9.0,0.11,0,0,0,0,0,0,,,20220829_090000.WAV,Foliage
551,9.0,0.12,0,0,0,0,0,0,,,20220829_090000.WAV,Foliage
552,9.0,0.13,0,0,0,0,0,0,,,20220829_090000.WAV,Foliage
553,9.0,0.14,0,0,0,0,0,0,,,20220829_090000.WAV,Foliage
554,9.0,0.15,0,0,0,0,0,0,,,20220829_090000.WAV,Foliage
555,9.0,0.16,0,0,0,0,0,0,,,20220829_090000.WAV,Foliage
556,9.0,0.17,0,0,0,0,0,0,,,20220829_090000.WAV,Foliage
557,9.0,0.18,0,0,0,0,0,0,,,20220829_090000.WAV,Foliage
558,9.0,0.19,0,0,0,0,0,0,,,20220829_090000.WAV,Foliage
559,9.0,0.2,0,0,0,0,0,0,,,20220829_090000.WAV,Foliage
560,9.0,0.21,0,0,0,0,0,0,,,20220829_090000.WAV,Foliage
561,9.0,0.22,0,0,0,0,0,0,,,20220829_090000.WAV,Foliage
562,9.0,0.23,0,0,0,0,0,0,,,20220829_090000.WAV,Foliage
563,9.0,0.24,0,0,0,0,0,0,,,20220829_090000.WAV,Foliage
564,9.0,0.25,0,0,0,0,0,0,,,20220829_090000.WAV,Foliage
565,9.0,0.26,0,0,0,0,0,0,,,20220829_090000.WAV,Foliage
566,9.0,0.27,0,0,0,0,0,0,,,20220829_090000.WAV,Foliage
567,9.0,0.28,0,0,0,0,0,0,,,20220829_090000.WAV,Foliage
568,9.0,0.29,0,0,0,0,0,0,,,20220829_090000.WAV,Foliage
569,9.0,0.3,0,0,0,0,0,0,,,20220829_090000.WAV,Foliage
570,9.0,0.31,0,0,0,0,0,0,,,20220829_090000.WAV,Foliage
571,9.0,0.32,0,0,0,0,0,0,,,20220829_090000.WAV,Foliage
572,9.0,0.33,0,0,0,0,0,0,,,20220829_090000.WAV,Foliage
573,9.0,0.34,0,0,0,0,0,0,,,20220829_090000.WAV,Foliage
574,9.0,0.35,0,0,0,0,0,0,,,20220829_090000.WAV,Foliage
575,9.0,0.36,0,0,0,0,0,0,,,20220829_090000.WAV,Foliage
576,9.0,0.37,0,0,0,0,0,0,,,20220829_090000.WAV,Foliage
577,9.0,0.38,0,0,0,0,0,0,,,20220829_090000.WAV,Foliage
578,9.0,0.39,0,0,0,0,0,0,,,20220829_090000.WAV,Foliage
579,9.0,0.4,0,0,0,0,0,0,,,20220829_090000.WAV,Foliage
580,9.0,0.41,0,0,0,0,0,0,,,20220829_090000.WAV,Foliage
581,9.0,0.42,0,0,0,0,0,0,,,20220829_090000.WAV,Foliage
582,9.0,0.43,0,0,0,0,0,0,,,20220829_090000.WAV,Foliage
583,9.0,0.44,0,0,0,0,0,0,,,20220829_090000.WAV,Foliage
584,9.0,0.45,0,0,0,0,0,0,,,20220829_090000.WAV,Foliage
585,9.0,0.46,0,0,0,0,0,0,,,20220829_090000.WAV,Foliage
586,9.0,0.47,0,0,0,0,0,0,,,20220829_090000.WAV,Foliage
587,9.0,0.48,0,0,0,0,0,0,,,20220829_090000.WAV,Foliage
588,9.0,0.49,0,0,0,0,0,0,,,20220829_090000.WAV,Foliage
589,9.0,0.5,0,0,0,0,0,0,,,20220829_090000.WAV,Foliage
590,9.0,0.51,0,0,0,0,0,0,,,20220829_090000.WAV,Foliage
591,9.0,0.52,0,0,0,0,0,0,,,20220829_090000.WAV,Foliage
592,9.0,0.53,0,0,0,0,0,0,,,20220829_090000.WAV,Foliage
593,9.0,0.54,0,0,0,0,0,0,,,20220829_090000.WAV,Foliage
594,9.0,0.55,0,0,0,0,0,0,,,20220829_090000.WAV,Foliage
595,9.0,0.56,0,0,0,0,0,0,,,20220829_090000.WAV,Foliage
596,9.0,0.57,0,0,0,0,0,0,,,20220829_090000.WAV,Foliage
597,9.0,0.58,0,0,0,0,0,0,,,20220829_090000.WAV,Foliage
598,9.0,0.59,0,0,0,0,0,0,,,20220829_090000.WAV,Foliage
599,9.0,0.6,0,0,0,0,0,0,,,20220829_090000.WAV,Foliage
600,10.0,0.01,0,0,0,0,0,0,,,20220829_090000.WAV,Foliage
601,10.0,0.02,0,0,0,0,0,0,,,20220829_090000.WAV,Foliage
602,10.0,0.03,0,0,0,0,0,0,,,20220829_090000.WAV,Foliage
603,10.0,0.04,0,0,0,0,0,0,,,20220829_090000.WAV,Foliage
604,10.0,0.05,0,0,0,0,0,0,,,20220829_090000.WAV,Foliage
605,10.0,0.06,0,0,0,0,0,0,,,20220829_090000.WAV,Foliage
606,10.0,0.07,0,0,0,0,0,0,,,20220829_090000.WAV,Foliage
607,10.0,0.08,0,0,0,0,0,0,,,20220829_090000.WAV,Foliage
608,10.0,0.09,0,0,0,0,0,0,,,20220829_090000.WAV,Foliage
609,10.0,0.1,0,0,0,0,0,0,,,20220829_090000.WAV,Foliage
610,10.0,0.11,0,0,0,0,0,0,,,20220829_090000.WAV,Foliage
611,10.0,0.12,0,0,0,0,0,0,,,20220829_090000.WAV,Foliage
612,10.0,0.13,0,0,0,0,0,0,,,20220829_090000.WAV,Foliage
613,10.0,0.14,0,0,0,0,0,0,,,20220829_090000.WAV,Foliage
614,10.0,0.15,0,0,0,0,0,0,,,20220829_090000.WAV,Foliage
615,10.0,0.16,0,0,0,0,0,0,,,20220829_090000.WAV,Foliage
616,10.0,0.17,0,0,0,0,0,0,,,20220829_090000.WAV,Foliage
617,10.0,0.18,0,0,0,0,0,0,,,20220829_090000.WAV,Foliage
618,10.0,0.19,0,0,0,0,0,0,,,20220829_090000.WAV,Foliage
619,10.0,0.2,0,0,0,0,0,0,,,20220829_090000.WAV,Foliage
620,10.0,0.21,0,0,0,0,0,0,,,20220829_090000.WAV,Foliage
621,10.0,0.22,0,0,0,0,0,0,,,20220829_090000.WAV,Foliage
622,10.0,0.23,0,0,0,0,0,0,,,20220829_090000.WAV,Foliage
623,10.0,0.24,0,0,0,0,0,0,,,20220829_090000.WAV,Foliage
624,10.0,0.25,0,0,0,0,0,0,,,20220829_090000.WAV,Foliage
625,10.0,0.26,0,0,0,0,0,0,,,20220829_090000.WAV,Foliage
626,10.0,0.27,0,0,0,0,0,0,,,20220829_090000.WAV,Foliage
627,10.0,0.28,0,0,0,0,0,0,,,20220829_090000.WAV,Foliage
628,10.0,0.29,0,0,0,0,0,0,,,20220829_090000.WAV,Foliage
629,10.0,0.3,0,0,0,0,0,0,,,20220829_090000.WAV,Foliage
630,10.0,0.31,0,0,0,0,0,0,,,20220829_090000.WAV,Foliage
631,10.0,0.32,0,0,0,0,0,0,,,20220829_090000.WAV,Foliage
632,10.0,0.33,0,0,0,0,0,0,,,20220829_090000.WAV,Foliage
633,10.0,0.34,0,0,0,0,0,0,,,20220829_090000.WAV,Foliage
634,10.0,0.35,0,0,0,0,0,0,,,20220829_090000.WAV,Foliage
635,10.0,0.36,0,0,0,0,0,0,,,20220829_090000.WAV,Foliage
636,10.0,0.37,0,0,0,0,0,0,,,20220829_090000.WAV,Foliage
637,10.0,0.38,0,0,0,0,0,0,,,20220829_090000.WAV,Foliage
638,10.0,0.39,0,0,0,0,0,0,,,20220829_090000.WAV,Foliage
639,10.0,0.4,0,0,0,0,0,0,,,20220829_090000.WAV,Foliage
640,10.0,0.41,0,0,0,0,0,0,,,20220829_090000.WAV,Foliage
641,10.0,0.42,0,0,0,0,0,0,,,20220829_090000.WAV,Foliage
642,10.0,0.43,0,0,0,0,0,0,,,20220829_090000.WAV,Foliage
643,10.0,0.44,0,0,0,0,0,0,,,20220829_090000.WAV,Foliage
644,10.0,0.45,0,0,0,0,0,0,,,20220829_090000.WAV,Foliage
645,10.0,0.46,0,0,0,0,0,0,,,20220829_090000.WAV,Foliage
646,10.0,0.47,0,0,0,0,0,0,,,20220829_090000.WAV,Foliage
647,10.0,0.48,0,0,0,0,0,0,,,20220829_090000.WAV,Foliage
648,10.0,0.49,0,0,0,0,0,0,,,20220829_090000.WAV,Foliage
649,10.0,0.5,0,0,0,0,0,0,,,20220829_090000.WAV,Foliage
650,10.0,0.51,0,0,0,0,0,0,,,20220829_090000.WAV,Foliage
651,10.0,0.52,0,0,0,0,0,0,,,20220829_090000.WAV,Foliage
652,10.0,0.53,0,0,0,0,0,0,,,20220829_090000.WAV,Foliage
653,10.0,0.54,0,0,0,0,0,0,,,20220829_090000.WAV,Foliage
654,10.0,0.55,0,0,0,0,0,0,,,20220829_090000.WAV,Foliage
655,10.0,0.56,0,0,0,0,0,0,,,20220829_090000.WAV,Foliage
656,10.0,0.57,0,0,0,0,0,0,,,20220829_090000.WAV,Foliage
657,10.0,0.58,0,0,0,0,0,0,,,20220829_090000.WAV,Foliage
658,10.0,0.59,0,0,0,0,0,0,,,20220829_090000.WAV,Foliage
659,10.0,0.6,0,0,0,0,0,0,,,20220829_090000.WAV,Foliage
660,11.0,0.01,0,0,0,0,0,0,,,20220829_090000.WAV,Foliage
661,11.0,0.02,0,0,0,0,0,0,,,20220829_090000.WAV,Foliage
662,11.0,0.03,0,0,0,0,0,0,,,20220829_090000.WAV,Foliage
663,11.0,0.04,0,0,0,0,0,0,,,20220829_090000.WAV,Foliage
664,11.0,0.05,0,0,0,0,0,0,,,20220829_090000.WAV,Foliage
665,11.0,0.06,0,0,0,0,0,0,,,20220829_090000.WAV,Foliage
666,11.0,0.07,0,0,0,0,0,0,,,20220829_090000.WAV,Foliage
667,11.0,0.08,0,0,0,0,0,0,,,20220829_090000.WAV,Foliage
668,11.0,0.09,0,0,0,0,0,0,,,20220829_090000.WAV,Foliage
669,11.0,0.1,0,0,0,0,0,0,,,20220829_090000.WAV,Foliage
670,11.0,0.11,0,0,0,0,0,0,,,20220829_090000.WAV,Foliage
671,11.0,0.12,0,0,0,0,0,0,,,20220829_090000.WAV,Foliage
672,11.0,0.13,0,0,0,0,0,0,,,20220829_090000.WAV,Foliage
673,11.0,0.14,0,0,0,0,0,0,,,20220829_090000.WAV,Foliage
674,11.0,0.15,0,0,0,0,0,0,,,20220829_090000.WAV,Foliage
675,11.0,0.16,0,0,0,0,0,0,,,20220829_090000.WAV,Foliage
676,11.0,0.17,0,0,0,0,0,0,,,20220829_090000.WAV,Foliage
677,11.0,0.18,0,0,0,0,0,0,,,20220829_090000.WAV,Foliage
678,11.0,0.19,0,0,0,0,0,0,,,20220829_090000.WAV,Foliage
679,11.0,0.2,0,0,0,0,0,0,,,20220829_090000.WAV,Foliage
680,11.0,0.21,0,0,0,0,0,0,,,20220829_090000.WAV,Foliage
681,11.0,0.22,0,0,0,0,0,0,,,20220829_090000.WAV,Foliage
682,11.0,0.23,0,0,0,0,0,0,,,20220829_090000.WAV,Foliage
683,11.0,0.24,0,0,0,0,0,0,,,20220829_090000.WAV,Foliage
684,11.0,0.25,0,0,0,0,0,0,,,20220829_090000.WAV,Foliage
685,11.0,0.26,0,0,0,0,0,0,,,20220829_090000.WAV,Foliage
686,11.0,0.27,0,0,0,0,0,0,,,20220829_090000.WAV,Foliage
687,11.0,0.28,0,0,0,0,0,0,,,20220829_090000.WAV,Foliage
688,11.0,0.29,0,0,0,0,0,0,,,20220829_090000.WAV,Foliage
689,11.0,0.3,0,0,0,0,0,0,,,20220829_090000.WAV,Foliage
690,11.0,0.31,0,0,0,0,0,0,,,20220829_090000.WAV,Foliage
691,11.0,0.32,0,0,0,0,0,0,,,20220829_090000.WAV,Foliage
692,11.0,0.33,0,0,0,0,0,0,,,20220829_090000.WAV,Foliage
693,11.0,0.34,0,0,0,0,0,0,,,20220829_090000.WAV,Foliage
694,11.0,0.35,0,0,0,0,0,0,,,20220829_090000.WAV,Foliage
695,11.0,0.36,0,0,0,0,0,0,,,20220829_090000.WAV,Foliage
696,11.0,0.37,0,0,0,0,0,0,,,20220829_090000.WAV,Foliage
697,11.0,0.38,0,0,0,0,0,0,,,20220829_090000.WAV,Foliage
698,11.0,0.39,0,0,0,0,0,0,,,20220829_090000.WAV,Foliage
699,11.0,0.4,0,0,0,0,0,0,,,20220829_090000.WAV,Foliage
700,11.0,0.41,0,0,0,0,0,0,,,20220829_090000.WAV,Foliage
701,11.0,0.42,0,0,0,0,0,0,,,20220829_090000.WAV,Foliage
702,11.0,0.43,0,0,0,0,0,0,,,20220829_090000.WAV,Foliage
703,11.0,0.44,0,0,0,0,0,0,,,20220829_090000.WAV,Foliage
704,11.0,0.45,0,0,0,0,0,0,,,20220829_090000.WAV,Foliage
705,11.0,0.46,0,0,0,0,0,0,,,20220829_090000.WAV,Foliage
706,11.0,0.47,0,0,0,0,0,0,,,20220829_090000.WAV,Foliage
707,11.0,0.48,0,0,0,0,0,0,,,20220829_090000.WAV,Foliage
708,11.0,0.49,0,0,0,0,0,0,,,20220829_090000.WAV,Foliage
709,11.0,0.5,0,0,0,0,0,0,,,20220829_090000.WAV,Foliage
710,11.0,0.51,0,0,0,0,0,0,,,20220829_090000.WAV,Foliage
711,11.0,0.52,0,0,0,0,0,0,,,20220829_090000.WAV,Foliage
712,11.0,0.53,0,0,0,0,0,0,,,20220829_090000.WAV,Foliage
713,11.0,0.54,0,0,0,0,0,0,,,20220829_090000.WAV,Foliage
714,11.0,0.55,0,0,0,0,0,0,,,20220829_090000.WAV,Foliage
715,11.0,0.56,0,0,0,0,0,0,,,20220829_090000.WAV,Foliage
716,11.0,0.57,0,0,0,0,0,0,,,20220829_090000.WAV,Foliage
717,11.0,0.58,0,0,0,0,0,0,,,20220829_090000.WAV,Foliage
718,11.0,0.59,0,0,0,0,0,0,,,20220829_090000.WAV,Foliage
719,11.0,0.6,0,0,0,0,0,0,,,20220829_090000.WAV,Foliage
720,12.0,0.01,0,0,0,0,0,0,,,20220829_090000.WAV,Foliage
721,12.0,0.02,0,0,0,0,0,0,,,20220829_090000.WAV,Foliage
722,12.0,0.03,0,0,0,0,0,0,,,20220829_090000.WAV,Foliage
723,12.0,0.04,0,0,0,0,0,0,,,20220829_090000.WAV,Foliage
724,12.0,0.05,0,0,0,0,0,0,,,20220829_090000.WAV,Foliage
725,12.0,0.06,0,0,0,0,0,0,,,20220829_090000.WAV,Foliage
726,12.0,0.07,0,0,0,0,0,0,,,20220829_090000.WAV,Foliage
727,12.0,0.08,0,0,0,0,0,0,,,20220829_090000.WAV,Foliage
728,12.0,0.09,0,0,0,0,0,0,,,20220829_090000.WAV,Foliage
729,12.0,0.1,0,0,0,0,0,0,,,20220829_090000.WAV,Foliage
730,12.0,0.11,0,0,0,0,0,0,,,20220829_090000.WAV,Foliage
731,12.0,0.12,0,0,0,0,0,0,,,20220829_090000.WAV,Foliage
732,12.0,0.13,0,0,0,0,0,0,,,20220829_090000.WAV,Foliage
733,12.0,0.14,0,0,0,0,0,0,,,20220829_090000.WAV,Foliage
734,12.0,0.15,0,0,0,0,0,0,,,20220829_090000.WAV,Foliage
735,12.0,0.16,0,0,0,0,0,0,,,20220829_090000.WAV,Foliage
736,12.0,0.17,0,0,0,0,0,0,,,20220829_090000.WAV,Foliage
737,12.0,0.18,0,0,0,0,0,0,,,20220829_090000.WAV,Foliage
738,12.0,0.19,0,0,0,0,0,0,,,20220829_090000.WAV,Foliage
739,12.0,0.2,0,0,0,0,0,0,,,20220829_090000.WAV,Foliage
740,12.0,0.21,0,0,0,0,0,0,,,20220829_090000.WAV,Foliage
741,12.0,0.22,0,0,0,0,0,0,,,20220829_090000.WAV,Foliage
742,12.0,0.23,0,0,0,0,0,0,,,20220829_090000.WAV,Foliage
743,12.0,0.24,0,0,0,0,0,0,,,20220829_090000.WAV,Foliage
744,12.0,0.25,0,0,0,0,0,0,,,20220829_090000.WAV,Foliage
745,12.0,0.26,0,0,0,0,0,0,,,20220829_090000.WAV,Foliage
746,12.0,0.27,0,0,0,0,0,0,,,20220829_090000.WAV,Foliage
747,12.0,0.28,0,0,0,0,0,0,,,20220829_090000.WAV,Foliage
748,12.0,0.29,0,0,0,0,0,0,,,20220829_090000.WAV,Foliage
749,12.0,0.3,0,0,0,0,0,0,,,20220829_090000.WAV,Foliage
750,12.0,0.31,0,0,0,0,0,0,,,20220829_090000.WAV,Foliage
751,12.0,0.32,0,0,0,0,0,0,,,20220829_090000.WAV,Foliage
752,12.0,0.33,0,0,0,0,0,0,,,20220829_090000.WAV,Foliage
753,12.0,0.34,0,0,0,0,0,0,,,20220829_090000.WAV,Foliage
754,12.0,0.35,0,0,0,0,0,0,,,20220829_090000.WAV,Foliage
755,12.0,0.36,0,0,0,0,0,0,,,20220829_090000.WAV,Foliage
756,12.0,0.37,0,0,0,0,0,0,,,20220829_090000.WAV,Foliage
757,12.0,0.38,0,0,0,0,0,0,,,20220829_090000.WAV,Foliage
758,12.0,0.39,0,0,0,0,0,0,,,20220829_090000.WAV,Foliage
759,12.0,0.4,0,0,0,0,0,0,,,20220829_090000.WAV,Foliage
760,12.0,0.41,0,0,0,0,0,0,,,20220829_090000.WAV,Foliage
761,12.0,0.42,0,0,0,0,0,0,,,20220829_090000.WAV,Foliage
762,12.0,0.43,0,0,0,0,0,0,,,20220829_090000.WAV,Foliage
763,12.0,0.44,0,0,0,0,0,0,,,20220829_090000.WAV,Foliage
764,12.0,0.45,0,0,0,0,0,0,,,20220829_090000.WAV,Foliage
765,12.0,0.46,0,0,0,0,0,0,,,20220829_090000.WAV,Foliage
766,12.0,0.47,0,0,0,0,0,0,,,20220829_090000.WAV,Foliage
767,12.0,0.48,0,0,0,0,0,0,,,20220829_090000.WAV,Foliage
768,12.0,0.49,0,0,0,0,0,0,,,20220829_090000.WAV,Foliage
769,12.0,0.5,0,0,0,0,0,0,,,20220829_090000.WAV,Foliage
770,12.0,0.51,0,0,0,0,0,0,,,20220829_090000.WAV,Foliage
771,12.0,0.52,0,0,0,0,0,0,,,20220829_090000.WAV,Foliage
772,12.0,0.53,0,0,0,0,0,0,,,20220829_090000.WAV,Foliage
773,12.0,0.54,0,0,0,0,0,0,,,20220829_090000.WAV,Foliage
774,12.0,0.55,0,0,0,0,0,0,,,20220829_090000.WAV,Foliage
775,12.0,0.56,0,0,0,0,0,0,,,20220829_090000.WAV,Foliage
776,12.0,0.57,0,0,0,0,0,0,,,20220829_090000.WAV,Foliage
777,12.0,0.58,0,0,0,0,0,0,,,20220829_090000.WAV,Foliage
778,12.0,0.59,0,0,0,0,0,0,,,20220829_090000.WAV,Foliage
779,12.0,0.6,0,0,0,0,0,0,,,20220829_090000.WAV,Foliage
780,13.0,0.01,0,0,0,0,0,0,,,20220829_090000.WAV,Foliage
781,13.0,0.02,0,0,0,0,0,0,,,20220829_090000.WAV,Foliage
782,13.0,0.03,0,0,0,0,0,0,,,20220829_090000.WAV,Foliage
783,13.0,0.04,0,0,0,0,0,0,,,20220829_090000.WAV,Foliage
784,13.0,0.05,0,0,0,0,0,0,,,20220829_090000.WAV,Foliage
785,13.0,0.06,0,0,0,0,0,0,,,20220829_090000.WAV,Foliage
786,13.0,0.07,0,0,0,0,0,0,,,20220829_090000.WAV,Foliage
787,13.0,0.08,0,0,0,0,0,0,,,20220829_090000.WAV,Foliage
788,13.0,0.09,0,0,0,0,0,0,,,20220829_090000.WAV,Foliage
789,13.0,0.1,0,0,0,0,0,0,,,20220829_090000.WAV,Foliage
790,13.0,0.11,0,0,0,0,0,0,,,20220829_090000.WAV,Foliage
791,13.0,0.12,0,0,0,0,0,0,,,20220829_090000.WAV,Foliage
792,13.0,0.13,0,0,0,0,0,0,,,20220829_090000.WAV,Foliage
793,13.0,0.14,0,0,0,0,0,0,,,20220829_090000.WAV,Foliage
794,13.0,0.15,0,0,0,0,0,0,,,20220829_090000.WAV,Foliage
795,13.0,0.16,0,0,0,0,0,0,,,20220829_090000.WAV,Foliage
796,13.0,0.17,0,0,0,0,0,0,,,20220829_090000.WAV,Foliage
797,13.0,0.18,0,0,0,0,0,0,,,20220829_090000.WAV,Foliage
798,13.0,0.19,0,0,0,0,0,0,,,20220829_090000.WAV,Foliage
799,13.0,0.2,0,0,0,0,0,0,,,20220829_090000.WAV,Foliage
800,13.0,0.21,0,0,0,0,0,0,,,20220829_090000.WAV,Foliage
801,13.0,0.22,0,0,0,0,0,0,,,20220829_090000.WAV,Foliage
802,13.0,0.23,0,0,0,0,0,0,,,20220829_090000.WAV,Foliage
803,13.0,0.24,0,0,0,0,0,0,,,20220829_090000.WAV,Foliage
804,13.0,0.25,0,0,0,0,0,0,,,20220829_090000.WAV,Foliage
805,13.0,0.26,0,0,0,0,0,0,,,20220829_090000.WAV,Foliage
806,13.0,0.27,0,0,0,0,0,0,,,20220829_090000.WAV,Foliage
807,13.0,0.28,0,0,0,0,0,0,,,20220829_090000.WAV,Foliage
808,13.0,0.29,0,0,0,0,0,0,,,20220829_090000.WAV,Foliage
809,13.0,0.3,0,0,0,0,0,0,,,20220829_090000.WAV,Foliage
810,13.0,0.31,0,0,0,0,0,0,,,20220829_090000.WAV,Foliage
811,13.0,0.32,0,0,0,0,0,0,,,20220829_090000.WAV,Foliage
812,13.0,0.33,0,0,0,0,0,0,,,20220829_090000.WAV,Foliage
813,13.0,0.34,0,0,0,0,0,0,,,20220829_090000.WAV,Foliage
814,13.0,0.35,0,0,0,0,0,0,,,20220829_090000.WAV,Foliage
815,13.0,0.36,0,0,0,0,0,0,,,20220829_090000.WAV,Foliage
816,13.0,0.37,0,0,0,0,0,0,,,20220829_090000.WAV,Foliage
817,13.0,0.38,0,0,0,0,0,0,,,20220829_090000.WAV,Foliage
818,13.0,0.39,0,0,0,0,0,0,,,20220829_090000.WAV,Foliage
819,13.0,0.4,0,0,0,0,0,0,,,20220829_090000.WAV,Foliage
820,13.0,0.41,0,0,0,0,0,0,,,20220829_090000.WAV,Foliage
821,13.0,0.42,0,0,0,0,0,0,,,20220829_090000.WAV,Foliage
822,13.0,0.43,0,0,0,0,0,0,,,20220829_090000.WAV,Foliage
823,13.0,0.44,0,0,0,0,0,0,,,20220829_090000.WAV,Foliage
824,13.0,0.45,0,0,0,0,0,0,,,20220829_090000.WAV,Foliage
825,13.0,0.46,0,0,0,0,0,0,,,20220829_090000.WAV,Foliage
826,13.0,0.47,0,0,0,0,0,0,,,20220829_090000.WAV,Foliage
827,13.0,0.48,0,0,0,0,0,0,,,20220829_090000.WAV,Foliage
828,13.0,0.49,0,0,0,0,0,0,,,20220829_090000.WAV,Foliage
829,13.0,0.5,0,0,0,0,0,0,,,20220829_090000.WAV,Foliage
830,13.0,0.51,0,0,0,0,0,0,,,20220829_090000.WAV,Foliage
831,13.0,0.52,0,0,0,0,0,0,,,20220829_090000.WAV,Foliage
832,13.0,0.53,0,0,0,0,0,0,,,20220829_090000.WAV,Foliage
833,13.0,0.54,0,0,0,0,0,0,,,20220829_090000.WAV,Foliage
834,13.0,0.55,0,0,0,0,0,0,,,20220829_090000.WAV,Foliage
835,13.0,0.56,0,0,0,0,0,0,,,20220829_090000.WAV,Foliage
836,13.0,0.57,0,0,0,0,0,0,,,20220829_090000.WAV,Foliage
837,13.0,0.58,0,0,0,0,0,0,,,20220829_090000.WAV,Foliage
838,13.0,0.59,0,0,0,0,0,0,,,20220829_090000.WAV,Foliage
839,13.0,0.6,0,0,0,0,0,0,,,20220829_090000.WAV,Foliage
840,14.0,0.01,0,0,0,0,0,0,,,20220829_090000.WAV,Foliage
841,14.0,0.02,0,0,0,0,0,0,,,20220829_090000.WAV,Foliage
842,14.0,0.03,0,0,0,0,0,0,,,20220829_090000.WAV,Foliage
843,14.0,0.04,0,0,0,0,0,0,,,20220829_090000.WAV,Foliage
844,14.0,0.05,0,0,0,0,0,0,,,20220829_090000.WAV,Foliage
845,14.0,0.06,0,0,0,0,0,0,,,20220829_090000.WAV,Foliage
846,14.0,0.07,0,0,0,0,0,0,,,20220829_090000.WAV,Foliage
847,14.0,0.08,0,0,0,0,0,0,,,20220829_090000.WAV,Foliage
848,14.0,0.09,0,0,0,0,0,0,,,20220829_090000.WAV,Foliage
849,14.0,0.1,0,0,0,0,0,0,,,20220829_090000.WAV,Foliage
850,14.0,0.11,0,0,0,0,0,0,,,20220829_090000.WAV,Foliage
851,14.0,0.12,0,0,0,0,0,0,,,20220829_090000.WAV,Foliage
852,14.0,0.13,0,0,0,0,0,0,,,20220829_090000.WAV,Foliage
853,14.0,0.14,0,0,0,0,0,0,,,20220829_090000.WAV,Foliage
854,14.0,0.15,0,0,0,0,0,0,,,20220829_090000.WAV,Foliage
855,14.0,0.16,0,0,0,0,0,0,,,20220829_090000.WAV,Foliage
856,14.0,0.17,0,0,0,0,0,0,,,20220829_090000.WAV,Foliage
857,14.0,0.18,0,0,0,0,0,0,,,20220829_090000.WAV,Foliage
858,14.0,0.19,0,0,0,0,0,0,,,20220829_090000.WAV,Foliage
859,14.0,0.2,0,0,0,0,0,0,,,20220829_090000.WAV,Foliage
860,14.0,0.21,0,0,0,0,0,0,,,20220829_090000.WAV,Foliage
861,14.0,0.22,0,0,0,0,0,0,,,20220829_090000.WAV,Foliage
862,14.0,0.23,0,0,0,0,0,0,,,20220829_090000.WAV,Foliage
863,14.0,0.24,0,0,0,0,0,0,,,20220829_090000.WAV,Foliage
864,14.0,0.25,0,0,0,0,0,0,,,20220829_090000.WAV,Foliage
865,14.0,0.26,0,0,0,0,0,0,,,20220829_090000.WAV,Foliage
866,14.0,0.27,0,0,0,0,0,0,,,20220829_090000.WAV,Foliage
867,14.0,0.28,0,0,0,0,0,0,,,20220829_090000.WAV,Foliage
868,14.0,0.29,0,0,0,0,0,0,,,20220829_090000.WAV,Foliage
869,14.0,0.3,0,0,0,0,0,0,,,20220829_090000.WAV,Foliage
870,14.0,0.31,0,0,0,0,0,0,,,20220829_090000.WAV,Foliage
871,14.0,0.32,0,0,0,0,0,0,,,20220829_090000.WAV,Foliage
872,14.0,0.33,0,0,0,0,0,0,,,20220829_090000.WAV,Foliage
873,14.0,0.34,0,0,0,0,0,0,,,20220829_090000.WAV,Foliage
874,14.0,0.35,0,0,0,0,0,0,,,20220829_090000.WAV,Foliage
875,14.0,0.36,0,0,0,0,0,0,,,20220829_090000.WAV,Foliage
876,14.0,0.37,0,0,0,0,0,0,,,20220829_090000.WAV,Foliage
877,14.0,0.38,0,0,0,0,0,0,,,20220829_090000.WAV,Foliage
878,14.0,0.39,0,0,0,0,0,0,,,20220829_090000.WAV,Foliage
879,14.0,0.4,0,0,0,0,0,0,,,20220829_090000.WAV,Foliage
880,14.0,0.41,0,0,0,0,0,0,,,20220829_090000.WAV,Foliage
881,14.0,0.42,0,0,0,0,0,0,,,20220829_090000.WAV,Foliage
882,14.0,0.43,0,0,0,0,0,0,,,20220829_090000.WAV,Foliage
883,14.0,0.44,0,0,0,0,0,0,,,20220829_090000.WAV,Foliage
884,14.0,0.45,0,0,0,0,0,0,,,20220829_090000.WAV,Foliage
885,14.0,0.46,0,0,0,0,0,0,,,20220829_090000.WAV,Foliage
886,14.0,0.47,0,0,0,0,0,0,,,20220829_090000.WAV,Foliage
887,14.0,0.48,0,0,0,0,0,0,,,20220829_090000.WAV,Foliage
888,14.0,0.49,0,0,0,0,0,0,,,20220829_090000.WAV,Foliage
889,14.0,0.5,0,0,0,0,0,0,,,20220829_090000.WAV,Foliage
890,14.0,0.51,0,0,0,0,0,0,,,20220829_090000.WAV,Foliage
891,14.0,0.52,0,0,0,0,0,0,,,20220829_090000.WAV,Foliage
892,14.0,0.53,0,0,0,0,0,0,,,20220829_090000.WAV,Foliage
893,14.0,0.54,0,0,0,0,0,0,,,20220829_090000.WAV,Foliage
894,14.0,0.55,0,0,0,0,0,0,,,20220829_090000.WAV,Foliage
895,14.0,0.56,0,0,0,0,0,0,,,20220829_090000.WAV,Foliage
896,14.0,0.57,0,0,0,0,0,0,,,20220829_090000.WAV,Foliage
897,14.0,0.58,0,0,0,0,0,0,,,20220829_090000.WAV,Foliage
898,14.0,0.59,0,0,0,0,0,0,,,20220829_090000.WAV,Foliage
899,14.0,0.6,0,0,0,0,0,0,,,20220829_090000.WAV,Foliage
900,15.0,0.01,0,0,0,0,0,0,,,20220829_090000.WAV,Foliage
901,15.0,0.02,0,0,0,0,0,0,,,20220829_090000.WAV,Foliage
902,15.0,0.03,0,0,0,0,0,0,,,20220829_090000.WAV,Foliage
903,15.0,0.04,0,0,0,0,0,0,,,20220829_090000.WAV,Foliage
904,15.0,0.05,0,0,0,0,0,0,,,20220829_090000.WAV,Foliage
905,15.0,0.06,0,0,0,0,0,0,,,20220829_090000.WAV,Foliage
906,15.0,0.07,0,0,0,0,0,0,,,20220829_090000.WAV,Foliage
907,15.0,0.08,0,0,0,0,0,0,,,20220829_090000.WAV,Foliage
908,15.0,0.09,0,0,0,0,0,0,,,20220829_090000.WAV,Foliage
909,15.0,0.1,0,0,0,0,0,0,,,20220829_090000.WAV,Foliage
910,15.0,0.11,0,0,0,0,0,0,,,20220829_090000.WAV,Foliage
911,15.0,0.12,0,0,0,0,0,0,,,20220829_090000.WAV,Foliage
912,15.0,0.13,0,0,0,0,0,0,,,20220829_090000.WAV,Foliage
913,15.0,0.14,0,0,0,0,0,0,,,20220829_090000.WAV,Foliage
914,15.0,0.15,0,0,0,0,0,0,,,20220829_090000.WAV,Foliage
915,15.0,0.16,0,0,0,0,0,0,,,20220829_090000.WAV,Foliage
916,15.0,0.17,0,0,0,0,0,0,,,20220829_090000.WAV,Foliage
917,15.0,0.18,0,0,0,0,0,0,,,20220829_090000.WAV,Foliage
918,15.0,0.19,0,0,0,0,0,0,,,20220829_090000.WAV,Foliage
919,15.0,0.2,0,0,0,0,0,0,,,20220829_090000.WAV,Foliage
920,15.0,0.21,0,0,0,0,0,0,,,20220829_090000.WAV,Foliage
921,15.0,0.22,0,0,0,0,0,0,,,20220829_090000.WAV,Foliage
922,15.0,0.23,0,0,0,0,0,0,,,20220829_090000.WAV,Foliage
923,15.0,0.24,0,0,0,0,0,0,,,20220829_090000.WAV,Foliage
924,15.0,0.25,0,0,0,0,0,0,,,20220829_090000.WAV,Foliage
925,15.0,0.26,0,0,0,0,0,0,,,20220829_090000.WAV,Foliage
926,15.0,0.27,0,0,0,0,0,0,,,20220829_090000.WAV,Foliage
927,15.0,0.28,0,0,0,0,0,0,,,20220829_090000.WAV,Foliage
928,15.0,0.29,0,0,0,0,0,0,,,20220829_090000.WAV,Foliage
929,15.0,0.3,0,0,0,0,0,0,,,20220829_090000.WAV,Foliage
930,15.0,0.31,0,0,0,0,0,0,,,20220829_090000.WAV,Foliage
931,15.0,0.32,0,0,0,0,0,0,,,20220829_090000.WAV,Foliage
932,15.0,0.33,0,0,0,0,0,0,,,20220829_090000.WAV,Foliage
933,15.0,0.34,0,0,0,0,0,0,,,20220829_090000.WAV,Foliage
934,15.0,0.35,0,0,0,0,0,0,,,20220829_090000.WAV,Foliage
935,15.0,0.36,0,0,0,0,0,0,,,20220829_090000.WAV,Foliage
936,15.0,0.37,0,0,0,0,0,0,,,20220829_090000.WAV,Foliage
937,15.0,0.38,0,0,0,0,0,0,,,20220829_090000.WAV,Foliage
938,15.0,0.39,0,0,0,0,0,0,,,20220829_090000.WAV,Foliage
939,15.0,0.4,0,0,0,0,0,0,,,20220829_090000.WAV,Foliage
940,15.0,0.41,0,0,0,0,0,0,,,20220829_090000.WAV,Foliage
941,15.0,0.42,0,0,0,0,0,0,,,20220829_090000.WAV,Foliage
942,15.0,0.43,0,0,0,0,0,0,,,20220829_090000.WAV,Foliage
943,15.0,0.44,0,0,0,0,0,0,,,20220829_090000.WAV,Foliage
944,15.0,0.45,0,0,0,0,0,0,,,20220829_090000.WAV,Foliage
945,15.0,0.46,0,0,0,0,0,0,,,20220829_090000.WAV,Foliage
946,15.0,0.47,0,0,0,0,0,0,,,20220829_090000.WAV,Foliage
947,15.0,0.48,0,0,0,0,0,0,,,20220829_090000.WAV,Foliage
948,15.0,0.49,0,0,0,0,0,0,,,20220829_090000.WAV,Foliage
949,15.0,0.5,0,0,0,0,0,0,,,20220829_090000.WAV,Foliage
950,15.0,0.51,0,0,0,0,0,0,,,20220829_090000.WAV,Foliage
951,15.0,0.52,0,0,0,0,0,0,,,20220829_090000.WAV,Foliage
952,15.0,0.53,0,0,0,0,0,0,,,20220829_090000.WAV,Foliage
953,15.0,0.54,0,0,0,0,0,0,,,20220829_090000.WAV,Foliage
954,15.0,0.55,0,0,0,0,0,0,,,20220829_090000.WAV,Foliage
955,15.0,0.56,0,0,0,0,0,0,,,20220829_090000.WAV,Foliage
956,15.0,0.57,0,0,0,0,0,0,,,20220829_090000.WAV,Foliage
957,15.0,0.58,0,0,0,0,0,0,,,20220829_090000.WAV,Foliage
958,15.0,0.59,0,0,0,0,0,0,,,20220829_090000.WAV,Foliage
959,15.0,0.6,0,0,0,0,0,0,,,20220829_090000.WAV,Foliage
960,16.0,0.01,0,0,0,0,0,0,,,20220829_090000.WAV,Foliage
961,16.0,0.02,0,0,0,0,0,0,,,20220829_090000.WAV,Foliage
962,16.0,0.03,0,0,0,0,0,0,,,20220829_090000.WAV,Foliage
963,16.0,0.04,0,0,0,0,0,0,,,20220829_090000.WAV,Foliage
964,16.0,0.05,0,0,0,0,0,0,,,20220829_090000.WAV,Foliage
965,16.0,0.06,0,0,0,0,0,0,,,20220829_090000.WAV,Foliage
966,16.0,0.07,0,0,0,0,0,0,,,20220829_090000.WAV,Foliage
967,16.0,0.08,0,0,0,0,0,0,,,20220829_090000.WAV,Foliage
968,16.0,0.09,0,0,0,0,0,0,,,20220829_090000.WAV,Foliage
969,16.0,0.1,0,0,0,0,0,0,,,20220829_090000.WAV,Foliage
970,16.0,0.11,0,0,0,0,0,0,,,20220829_090000.WAV,Foliage
971,16.0,0.12,0,0,0,0,0,0,,,20220829_090000.WAV,Foliage
972,16.0,0.13,0,0,0,0,0,0,,,20220829_090000.WAV,Foliage
973,16.0,0.14,0,0,0,0,0,0,,,20220829_090000.WAV,Foliage
974,16.0,0.15,0,0,0,0,0,0,,,20220829_090000.WAV,Foliage
975,16.0,0.16,0,0,0,0,0,0,,,20220829_090000.WAV,Foliage
976,16.0,0.17,0,0,0,0,0,0,,,20220829_090000.WAV,Foliage
977,16.0,0.18,0,0,0,0,0,0,,,20220829_090000.WAV,Foliage
978,16.0,0.19,0,0,0,0,0,0,,,20220829_090000.WAV,Foliage
979,16.0,0.2,0,0,0,0,0,0,,,20220829_090000.WAV,Foliage
980,16.0,0.21,0,0,0,0,0,0,,,20220829_090000.WAV,Foliage
981,16.0,0.22,0,0,0,0,0,0,,,20220829_090000.WAV,Foliage
982,16.0,0.23,0,0,0,0,0,0,,,20220829_090000.WAV,Foliage
983,16.0,0.24,0,0,0,0,0,0,,,20220829_090000.WAV,Foliage
984,16.0,0.25,0,0,0,0,0,0,,,20220829_090000.WAV,Foliage
985,16.0,0.26,0,0,0,0,0,0,,,20220829_090000.WAV,Foliage
986,16.0,0.27,0,0,0,0,0,0,,,20220829_090000.WAV,Foliage
987,16.0,0.28,0,0,0,0,0,0,,,20220829_090000.WAV,Foliage
988,16.0,0.29,0,0,0,0,0,0,,,20220829_090000.WAV,Foliage
989,16.0,0.3,0,0,0,0,0,0,,,20220829_090000.WAV,Foliage
990,16.0,0.31,0,0,0,0,0,0,,,20220829_090000.WAV,Foliage
991,16.0,0.32,0,0,0,0,0,0,,,20220829_090000.WAV,Foliage
992,16.0,0.33,0,0,0,0,0,0,,,20220829_090000.WAV,Foliage
993,16.0,0.34,0,0,0,0,0,0,,,20220829_090000.WAV,Foliage
994,16.0,0.35,0,0,0,0,0,0,,,20220829_090000.WAV,Foliage
995,16.0,0.36,0,0,0,0,0,0,,,20220829_090000.WAV,Foliage
996,16.0,0.37,0,0,0,0,0,0,,,20220829_090000.WAV,Foliage
997,16.0,0.38,0,0,0,0,0,0,,,20220829_090000.WAV,Foliage
998,16.0,0.39,0,0,0,0,0,0,,,20220829_090000.WAV,Foliage
999,16.0,0.4,0,0,0,0,0,0,,,20220829_090000.WAV,Foliage
1000,16.0,0.41,0,0,0,0,0,0,,,20220829_090000.WAV,Foliage
1001,16.0,0.42,0,0,0,0,0,0,,,20220829_090000.WAV,Foliage
1002,16.0,0.43,0,0,0,0,0,0,,,20220829_090000.WAV,Foliage
1003,16.0,0.44,0,0,0,0,0,0,,,20220829_090000.WAV,Foliage
1004,16.0,0.45,0,0,0,0,0,0,,,20220829_090000.WAV,Foliage
1005,16.0,0.46,0,0,0,0,0,0,,,20220829_090000.WAV,Foliage
1006,16.0,0.47,0,0,0,0,0,0,,,20220829_090000.WAV,Foliage
1007,16.0,0.48,0,0,0,0,0,0,,,20220829_090000.WAV,Foliage
1008,16.0,0.49,0,0,0,0,0,0,,,20220829_090000.WAV,Foliage
1009,16.0,0.5,0,0,0,0,0,0,,,20220829_090000.WAV,Foliage
1010,16.0,0.51,0,0,0,0,0,0,,,20220829_090000.WAV,Foliage
1011,16.0,0.52,0,0,0,0,0,0,,,20220829_090000.WAV,Foliage
1012,16.0,0.53,0,0,0,0,0,0,,,20220829_090000.WAV,Foliage
1013,16.0,0.54,0,0,0,0,0,0,,,20220829_090000.WAV,Foliage
1014,16.0,0.55,0,0,0,0,0,0,,,20220829_090000.WAV,Foliage
1015,16.0,0.56,0,0,0,0,0,0,,,20220829_090000.WAV,Foliage
1016,16.0,0.57,0,0,0,0,0,0,,,20220829_090000.WAV,Foliage
1017,16.0,0.58,0,0,0,0,0,0,,,20220829_090000.WAV,Foliage
1018,16.0,0.59,0,0,0,0,0,0,,,20220829_090000.WAV,Foliage
1019,16.0,0.6,0,0,0,0,0,0,,,20220829_090000.WAV,Foliage
1020,17.0,0.01,0,0,0,0,0,0,,,20220829_090000.WAV,Foliage
1021,17.0,0.02,0,0,0,0,0,0,,,20220829_090000.WAV,Foliage
1022,17.0,0.03,0,0,0,0,0,0,,,20220829_090000.WAV,Foliage
1023,17.0,0.04,0,0,0,0,0,0,,,20220829_090000.WAV,Foliage
1024,17.0,0.05,0,0,0,0,0,0,,,20220829_090000.WAV,Foliage
1025,17.0,0.06,0,0,0,0,0,0,,,20220829_090000.WAV,Foliage
1026,17.0,0.07,0,0,0,0,0,0,,,20220829_090000.WAV,Foliage
1027,17.0,0.08,0,0,0,0,0,0,,,20220829_090000.WAV,Foliage
1028,17.0,0.09,0,0,0,0,0,0,,,20220829_090000.WAV,Foliage
1029,17.0,0.1,0,0,0,0,0,0,,,20220829_090000.WAV,Foliage
1030,17.0,0.11,0,0,0,0,0,0,,,20220829_090000.WAV,Foliage
1031,17.0,0.12,0,0,0,0,0,0,,,20220829_090000.WAV,Foliage
1032,17.0,0.13,0,0,0,0,0,0,,,20220829_090000.WAV,Foliage
1033,17.0,0.14,0,0,0,0,0,0,,,20220829_090000.WAV,Foliage
1034,17.0,0.15,0,0,0,0,0,0,,,20220829_090000.WAV,Foliage
1035,17.0,0.16,0,0,0,0,0,0,,,20220829_090000.WAV,Foliage
1036,17.0,0.17,0,0,0,0,0,0,,,20220829_090000.WAV,Foliage
1037,17.0,0.18,0,0,0,0,0,0,,,20220829_090000.WAV,Foliage
1038,17.0,0.19,0,0,0,0,0,0,,,20220829_090000.WAV,Foliage
1039,17.0,0.2,0,0,0,0,0,0,,,20220829_090000.WAV,Foliage
1040,17.0,0.21,0,0,0,0,0,0,,,20220829_090000.WAV,Foliage
1041,17.0,0.22,0,0,0,0,0,0,,,20220829_090000.WAV,Foliage
1042,17.0,0.23,0,0,0,0,0,0,,,20220829_090000.WAV,Foliage
1043,17.0,0.24,0,0,0,0,0,0,,,20220829_090000.WAV,Foliage
1044,17.0,0.25,0,0,0,0,0,0,,,20220829_090000.WAV,Foliage
1045,17.0,0.26,0,0,0,0,0,0,,,20220829_090000.WAV,Foliage
1046,17.0,0.27,0,0,0,0,0,0,,,20220829_090000.WAV,Foliage
1047,17.0,0.28,0,0,0,0,0,0,,,20220829_090000.WAV,Foliage
1048,17.0,0.29,0,0,0,0,0,0,,,20220829_090000.WAV,Foliage
1049,17.0,0.3,0,0,0,0,0,0,,,20220829_090000.WAV,Foliage
1050,17.0,0.31,0,0,0,0,0,0,,,20220829_090000.WAV,Foliage
1051,17.0,0.32,0,0,0,0,0,0,,,20220829_090000.WAV,Foliage
1052,17.0,0.33,0,0,0,0,0,0,,,20220829_090000.WAV,Foliage
1053,17.0,0.34,0,0,0,0,0,0,,,20220829_090000.WAV,Foliage
1054,17.0,0.35,0,0,0,0,0,0,,,20220829_090000.WAV,Foliage
1055,17.0,0.36,0,0,0,0,0,0,,,20220829_090000.WAV,Foliage
1056,17.0,0.37,0,0,0,0,0,0,,,20220829_090000.WAV,Foliage
1057,17.0,0.38,0,0,0,0,0,0,,,20220829_090000.WAV,Foliage
1058,17.0,0.39,0,0,0,0,0,0,,,20220829_090000.WAV,Foliage
1059,17.0,0.4,0,0,0,0,0,0,,,20220829_090000.WAV,Foliage
1060,17.0,0.41,0,0,0,0,0,0,,,20220829_090000.WAV,Foliage
1061,17.0,0.42,0,0,0,0,0,0,,,20220829_090000.WAV,Foliage
1062,17.0,0.43,0,0,0,0,0,0,,,20220829_090000.WAV,Foliage
1063,17.0,0.44,0,0,0,0,0,0,,,20220829_090000.WAV,Foliage
1064,17.0,0.45,0,0,0,0,0,0,,,20220829_090000.WAV,Foliage
1065,17.0,0.46,0,0,0,0,0,0,,,20220829_090000.WAV,Foliage
1066,17.0,0.47,0,0,0,0,0,0,,,20220829_090000.WAV,Foliage
1067,17.0,0.48,0,0,0,0,0,0,,,20220829_090000.WAV,Foliage
1068,17.0,0.49,0,0,0,0,0,0,,,20220829_090000.WAV,Foliage
1069,17.0,0.5,0,0,0,0,0,0,,,20220829_090000.WAV,Foliage
1070,17.0,0.51,0,0,0,0,0,0,,,20220829_090000.WAV,Foliage
1071,17.0,0.52,0,0,0,0,0,0,,,20220829_090000.WAV,Foliage
1072,17.0,0.53,0,0,0,0,0,0,,,20220829_090000.WAV,Foliage
1073,17.0,0.54,0,0,0,0,0,0,,,20220829_090000.WAV,Foliage
1074,17.0,0.55,0,0,0,0,0,0,,,20220829_090000.WAV,Foliage
1075,17.0,0.56,0,0,0,0,0,0,,,20220829_090000.WAV,Foliage
1076,17.0,0.57,0,0,0,0,0,0,,,20220829_090000.WAV,Foliage
1077,17.0,0.58,0,0,0,0,0,0,,,20220829_090000.WAV,Foliage
1078,17.0,0.59,0,0,0,0,0,0,,,20220829_090000.WAV,Foliage
1079,17.0,0.6,0,0,0,0,0,0,,,20220829_090000.WAV,Foliage
1080,18.0,0.01,0,0,0,0,0,0,,,20220829_090000.WAV,Foliage
1081,18.0,0.02,0,0,0,0,0,0,,,20220829_090000.WAV,Foliage
1082,18.0,0.03,0,0,0,0,0,0,,,20220829_090000.WAV,Foliage
1083,18.0,0.04,0,0,0,0,0,0,,,20220829_090000.WAV,Foliage
1084,18.0,0.05,0,0,0,0,0,0,,,20220829_090000.WAV,Foliage
1085,18.0,0.06,0,0,0,0,0,0,,,20220829_090000.WAV,Foliage
1086,18.0,0.07,0,0,0,0,0,0,,,20220829_090000.WAV,Foliage
1087,18.0,0.08,0,0,0,0,0,0,,,20220829_090000.WAV,Foliage
1088,18.0,0.09,0,0,0,0,0,0,,,20220829_090000.WAV,Foliage
1089,18.0,0.1,0,0,0,0,0,0,,,20220829_090000.WAV,Foliage
1090,18.0,0.11,0,0,0,0,0,0,,,20220829_090000.WAV,Foliage
1091,18.0,0.12,0,0,0,0,0,0,,,20220829_090000.WAV,Foliage
1092,18.0,0.13,0,0,0,0,0,0,,,20220829_090000.WAV,Foliage
1093,18.0,0.14,0,0,0,0,0,0,,,20220829_090000.WAV,Foliage
1094,18.0,0.15,0,0,0,0,0,0,,,20220829_090000.WAV,Foliage
1095,18.0,0.16,0,0,0,0,0,0,,,20220829_090000.WAV,Foliage
1096,18.0,0.17,0,0,0,0,0,0,,,20220829_090000.WAV,Foliage
1097,18.0,0.18,0,0,0,0,0,0,,,20220829_090000.WAV,Foliage
1098,18.0,0.19,0,0,0,0,0,0,,,20220829_090000.WAV,Foliage
1099,18.0,0.2,0,0,0,0,0,0,,,20220829_090000.WAV,Foliage
1100,18.0,0.21,0,0,0,0,0,0,,,20220829_090000.WAV,Foliage
1101,18.0,0.22,0,0,0,0,0,0,,,20220829_090000.WAV,Foliage
1102,18.0,0.23,0,0,0,0,0,0,,,20220829_090000.WAV,Foliage
1103,18.0,0.24,0,0,0,0,0,0,,,20220829_090000.WAV,Foliage
1104,18.0,0.25,0,0,0,0,0,0,,,20220829_090000.WAV,Foliage
1105,18.0,0.26,0,0,0,0,0,0,,,20220829_090000.WAV,Foliage
1106,18.0,0.27,0,0,0,0,0,0,,,20220829_090000.WAV,Foliage
1107,18.0,0.28,0,0,0,0,0,0,,,20220829_090000.WAV,Foliage
1108,18.0,0.29,0,0,0,0,0,0,,,20220829_090000.WAV,Foliage
1109,18.0,0.3,0,0,0,0,0,0,,,20220829_090000.WAV,Foliage
1110,18.0,0.31,0,0,0,0,0,0,,,20220829_090000.WAV,Foliage
1111,18.0,0.32,0,0,0,0,0,0,,,20220829_090000.WAV,Foliage
1112,18.0,0.33,0,0,0,0,0,0,,,20220829_090000.WAV,Foliage
1113,18.0,0.34,0,0,0,0,0,0,,,20220829_090000.WAV,Foliage
1114,18.0,0.35,0,0,0,0,0,0,,,20220829_090000.WAV,Foliage
1115,18.0,0.36,0,0,0,0,0,0,,,20220829_090000.WAV,Foliage
1116,18.0,0.37,0,0,0,0,0,0,,,20220829_090000.WAV,Foliage
1117,18.0,0.38,0,0,0,0,0,0,,,20220829_090000.WAV,Foliage
1118,18.0,0.39,0,0,0,0,0,0,,,20220829_090000.WAV,Foliage
1119,18.0,0.4,0,0,0,0,0,0,,,20220829_090000.WAV,Foliage
1120,18.0,0.41,0,0,0,0,0,0,,,20220829_090000.WAV,Foliage
1121,18.0,0.42,0,0,0,0,0,0,,,20220829_090000.WAV,Foliage
1122,18.0,0.43,0,0,0,0,0,0,,,20220829_090000.WAV,Foliage
1123,18.0,0.44,0,0,0,0,0,0,,,20220829_090000.WAV,Foliage
1124,18.0,0.45,0,0,0,0,0,0,,,20220829_090000.WAV,Foliage
1125,18.0,0.46,0,0,0,0,0,0,,,20220829_090000.WAV,Foliage
1126,18.0,0.47,0,0,0,0,0,0,,,20220829_090000.WAV,Foliage
1127,18.0,0.48,0,0,0,0,0,0,,,20220829_090000.WAV,Foliage
1128,18.0,0.49,0,0,0,0,0,0,,,20220829_090000.WAV,Foliage
1129,18.0,0.5,0,0,0,0,0,0,,,20220829_090000.WAV,Foliage
1130,18.0,0.51,0,0,0,0,0,0,,,20220829_090000.WAV,Foliage
1131,18.0,0.52,0,0,0,0,0,0,,,20220829_090000.WAV,Foliage
1132,18.0,0.53,0,0,0,0,0,0,,,20220829_090000.WAV,Foliage
1133,18.0,0.54,0,0,0,0,0,0,,,20220829_090000.WAV,Foliage
1134,18.0,0.55,0,0,0,0,0,0,,,20220829_090000.WAV,Foliage
1135,18.0,0.56,0,0,0,0,0,0,,,20220829_090000.WAV,Foliage
1136,18.0,0.57,0,0,0,0,0,0,,,20220829_090000.WAV,Foliage
1137,18.0,0.58,0,0,0,0,0,0,,,20220829_090000.WAV,Foliage
1138,18.0,0.59,0,0,0,0,0,0,,,20220829_090000.WAV,Foliage
1139,18.0,0.6,0,0,0,0,0,0,,,20220829_090000.WAV,Foliage
1140,19.0,0.01,0,0,0,0,0,0,,,20220829_090000.WAV,Foliage
1141,19.0,0.02,0,0,0,0,0,0,,,20220829_090000.WAV,Foliage
1142,19.0,0.03,0,0,0,0,0,0,,,20220829_090000.WAV,Foliage
1143,19.0,0.04,0,0,0,0,0,0,,,20220829_090000.WAV,Foliage
1144,19.0,0.05,0,0,0,0,0,0,,,20220829_090000.WAV,Foliage
1145,19.0,0.06,0,0,0,0,0,0,,,20220829_090000.WAV,Foliage
1146,19.0,0.07,0,0,0,0,0,0,,,20220829_090000.WAV,Foliage
1147,19.0,0.08,0,0,0,0,0,0,,,20220829_090000.WAV,Foliage
1148,19.0,0.09,0,0,0,0,0,0,,,20220829_090000.WAV,Foliage
1149,19.0,0.1,0,0,0,0,0,0,,,20220829_090000.WAV,Foliage
1150,19.0,0.11,0,0,0,0,0,0,,,20220829_090000.WAV,Foliage
1151,19.0,0.12,0,0,0,0,0,0,,,20220829_090000.WAV,Foliage
1152,19.0,0.13,0,0,0,0,0,0,,,20220829_090000.WAV,Foliage
1153,19.0,0.14,0,0,0,0,0,0,,,20220829_090000.WAV,Foliage
1154,19.0,0.15,0,0,0,0,0,0,,,20220829_090000.WAV,Foliage
1155,19.0,0.16,0,0,0,0,0,0,,,20220829_090000.WAV,Foliage
1156,19.0,0.17,0,0,0,0,0,0,,,20220829_090000.WAV,Foliage
1157,19.0,0.18,0,0,0,0,0,0,,,20220829_090000.WAV,Foliage
1158,19.0,0.19,0,0,0,0,0,0,,,20220829_090000.WAV,Foliage
1159,19.0,0.2,0,0,0,0,0,0,,,20220829_090000.WAV,Foliage
1160,19.0,0.21,0,0,0,0,0,0,,,20220829_090000.WAV,Foliage
1161,19.0,0.22,0,0,0,0,0,0,,,20220829_090000.WAV,Foliage
1162,19.0,0.23,0,0,0,0,0,0,,,20220829_090000.WAV,Foliage
1163,19.0,0.24,0,0,0,0,0,0,,,20220829_090000.WAV,Foliage
1164,19.0,0.25,0,0,0,0,0,0,,,20220829_090000.WAV,Foliage
1165,19.0,0.26,0,0,0,0,0,0,,,20220829_090000.WAV,Foliage
1166,19.0,0.27,0,0,0,0,0,0,,,20220829_090000.WAV,Foliage
1167,19.0,0.28,0,0,0,0,0,0,,,20220829_090000.WAV,Foliage
1168,19.0,0.29,0,0,0,0,0,0,,,20220829_090000.WAV,Foliage
1169,19.0,0.3,0,0,0,0,0,0,,,20220829_090000.WAV,Foliage
1170,19.0,0.31,0,0,0,0,0,0,,,20220829_090000.WAV,Foliage
1171,19.0,0.32,0,0,0,0,0,0,,,20220829_090000.WAV,Foliage
1172,19.0,0.33,0,0,0,0,0,0,,,20220829_090000.WAV,Foliage
1173,19.0,0.34,0,0,0,0,0,0,,,20220829_090000.WAV,Foliage
1174,19.0,0.35,0,0,0,0,0,0,,,20220829_090000.WAV,Foliage
1175,19.0,0.36,0,0,0,0,0,0,,,20220829_090000.WAV,Foliage
1176,19.0,0.37,0,0,0,0,0,0,,,20220829_090000.WAV,Foliage
1177,19.0,0.38,0,0,0,0,0,0,,,20220829_090000.WAV,Foliage
1178,19.0,0.39,0,0,0,0,0,0,,,20220829_090000.WAV,Foliage
1179,19.0,0.4,0,0,0,0,0,0,,,20220829_090000.WAV,Foliage
1180,19.0,0.41,0,0,0,0,0,0,,,20220829_090000.WAV,Foliage
1181,19.0,0.42,0,0,0,0,0,0,,,20220829_090000.WAV,Foliage
1182,19.0,0.43,0,0,0,0,0,0,,,20220829_090000.WAV,Foliage
1183,19.0,0.44,0,0,0,0,0,0,,,20220829_090000.WAV,Foliage
1184,19.0,0.45,0,0,0,0,0,0,,,20220829_090000.WAV,Foliage
1185,19.0,0.46,0,0,0,0,0,0,,,20220829_090000.WAV,Foliage
1186,19.0,0.47,0,0,0,0,0,0,,,20220829_090000.WAV,Foliage
1187,19.0,0.48,0,0,0,0,0,0,,,20220829_090000.WAV,Foliage
1188,19.0,0.49,0,0,0,0,0,0,,,20220829_090000.WAV,Foliage
1189,19.0,0.5,0,0,0,0,0,0,,,20220829_090000.WAV,Foliage
1190,19.0,0.51,0,0,0,0,0,0,,,20220829_090000.WAV,Foliage
1191,19.0,0.52,0,0,0,0,0,0,,,20220829_090000.WAV,Foliage
1192,19.0,0.53,0,0,0,0,0,0,,,20220829_090000.WAV,Foliage
1193,19.0,0.54,0,0,0,0,0,0,,,20220829_090000.WAV,Foliage
1194,19.0,0.55,0,0,0,0,0,0,,,20220829_090000.WAV,Foliage
1195,19.0,0.56,0,0,0,0,0,0,,,20220829_090000.WAV,Foliage
1196,19.0,0.57,0,0,0,0,0,0,,,20220829_090000.WAV,Foliage
1197,19.0,0.58,0,0,0,0,0,0,,,20220829_090000.WAV,Foliage
1198,19.0,0.59,0,0,0,0,0,0,,,20220829_090000.WAV,Foliage
1199,19.0,0.6,0,0,0,0,0,0,,,20220829_090000.WAV,Foliage
